"Census_date","Site","Transect_plot","Quad","Phenology","Xcoord","Ycoord","Stem_diam_mm","Height_cm","Num_total_branches","Longest_leaf_cm","Num_flowers","Num_fruits","Longest_fruit_cm","Num_repro_branches","Notes","Census_year","Year_marked","Collected_by","Entered_by","Date_entered","Band","Band_num","Band_color","Pick_color","Sword_color","Tag","2018tag","2019tag","Buds","Herbivory","Category_herbivory","Leaf_thickness_mm","Num_leaves","Canopy_width_cm","Stem_diam_mm_UFA"
2018-06-11,"BH","1.0","10.5","V",37,42,"2.68","4.6",1,"3.2",NA,NA,NA,NA,"H=herbivory",2018,NA,NA,NA,NA,NA,NA,NA,NA,NA,NA,NA,NA,NA,NA,NA,NA,NA,NA,2.68
2018-06-11,"BH","1.0","10.5","V",37,42,"1.27","1.9",1,"1.2",NA,NA,NA,NA,NA,2018,NA,NA,NA,NA,NA,NA,NA,NA,NA,NA,NA,NA,NA,NA,NA,NA,NA,NA,1.27
2018-06-11,"BH","1.0","10.5","V",37,42,"<1","1.5",1,"1.4",NA,NA,NA,NA,NA,2018,NA,NA,NA,NA,NA,NA,NA,NA,NA,NA,NA,NA,NA,NA,NA,NA,NA,NA,0.5
2018-06-11,"BH","1.0","10","V",37,42,"1.56","7.8",1,"4.3",NA,NA,NA,NA,NA,2018,NA,NA,NA,NA,NA,NA,NA,NA,NA,NA,NA,NA,NA,NA,NA,NA,NA,NA,1.56
2018-06-11,"BH","1.0","9.5","V",37,42,"<1","0.6",1,"1.2",NA,NA,NA,NA,"entering note: entered 0.6 for height but could be 1.6",2018,NA,NA,NA,NA,NA,NA,NA,NA,NA,NA,NA,NA,NA,NA,NA,NA,NA,NA,0.5
2018-06-11,"BH","1.0","9.5","V",37,42,"<1","1.2",1,"0.9",NA,NA,NA,NA,NA,2018,NA,NA,NA,NA,NA,NA,NA,NA,NA,NA,NA,NA,NA,NA,NA,NA,NA,NA,0.5
2018-06-11,"BH","1.0","9.5","V",37,42,"<1","2.1",1,"1.6",NA,NA,NA,NA,NA,2018,NA,NA,NA,NA,NA,NA,NA,NA,NA,NA,NA,NA,NA,NA,NA,NA,NA,NA,0.5
2018-06-11,"BH","1.0","9.5","V",37,42,"<1","5.3",1,"1.1",NA,NA,NA,NA,NA,2018,NA,NA,NA,NA,NA,NA,NA,NA,NA,NA,NA,NA,NA,NA,NA,NA,NA,NA,0.5
2018-06-11,"BH","1.0","9.5","V",37,42,"1.33","3.0",1,"1.5",NA,NA,NA,NA,NA,2018,NA,NA,NA,NA,NA,NA,NA,NA,NA,NA,NA,NA,NA,NA,NA,NA,NA,NA,1.33
2018-06-11,"BH","1.0","9.5","V",21,16,"2.22","10.9",1,"3.6",NA,NA,NA,NA,NA,2018,NA,NA,NA,NA,NA,NA,NA,NA,NA,NA,NA,NA,NA,NA,NA,NA,NA,NA,2.22
2018-06-11,"BH","1.0","9.5","V",21,16,"1.0","3.3",1,"1.7",NA,NA,NA,NA,NA,2018,NA,NA,NA,NA,NA,NA,NA,NA,NA,NA,NA,NA,NA,NA,NA,NA,NA,NA,1
2018-06-11,"BH","1.0","9.5","V",21,16,"1.43","4.7",1,"2.1",NA,NA,NA,NA,NA,2018,NA,NA,NA,NA,NA,NA,NA,NA,NA,NA,NA,NA,NA,NA,NA,NA,NA,NA,1.43
2018-06-11,"BH","1.0","9.5","V",21,16,"1.25","6.1",1,"1.9",NA,NA,NA,NA,NA,2018,NA,NA,NA,NA,NA,NA,NA,NA,NA,NA,NA,NA,NA,NA,NA,NA,NA,NA,1.25
2018-06-11,"BH","1.0","9.5","V",21,16,"1.56","6.9",1,"2.5",NA,NA,NA,NA,NA,2018,NA,NA,NA,NA,NA,NA,NA,NA,NA,NA,NA,NA,NA,NA,NA,NA,NA,NA,1.56
2018-06-11,"BH","1.0","9.5","V",21,16,"1.0","2.4",1,"1.8",NA,NA,NA,NA,NA,2018,NA,NA,NA,NA,NA,NA,NA,NA,NA,NA,NA,NA,NA,NA,NA,NA,NA,NA,1
2018-06-11,"BH","1.0","9.5","V",21,16,"<1","2.3",1,"1.2",NA,NA,NA,NA,NA,2018,NA,NA,NA,NA,NA,NA,NA,NA,NA,NA,NA,NA,NA,NA,NA,NA,NA,NA,0.5
2018-06-11,"BH","1.0","9.5","V",21,16,"<1","2.3",1,"0.8",NA,NA,NA,NA,NA,2018,NA,NA,NA,NA,NA,NA,NA,NA,NA,NA,NA,NA,NA,NA,NA,NA,NA,NA,0.5
2018-06-11,"BH","1.0","9.5","V",21,16,"<1","2.8",1,"1.0",NA,NA,NA,NA,NA,2018,NA,NA,NA,NA,NA,NA,NA,NA,NA,NA,NA,NA,NA,NA,NA,NA,NA,NA,0.5
2018-06-11,"BH","1.0","9.5","V",21,16,"<1","1.1",1,"1.4",NA,NA,NA,NA,NA,2018,NA,NA,NA,NA,NA,NA,NA,NA,NA,NA,NA,NA,NA,NA,NA,NA,NA,NA,0.5
2018-06-11,"BH","1.0","9.5","V",21,16,"1.0","2.2",1,"1.7",NA,NA,NA,NA,"H",2018,NA,NA,NA,NA,NA,NA,NA,NA,NA,NA,NA,NA,NA,NA,NA,NA,NA,NA,1
2018-06-11,"BH","1.0","9.5","V",21,16,"1.25","4.3",1,"2.1",NA,NA,NA,NA,"H",2018,NA,NA,NA,NA,NA,NA,NA,NA,NA,NA,NA,NA,NA,NA,NA,NA,NA,NA,1.25
2018-06-11,"BH","1.0","9.5","V",21,16,"<1","3.1",1,"1.5",NA,NA,NA,NA,NA,2018,NA,NA,NA,NA,NA,NA,NA,NA,NA,NA,NA,NA,NA,NA,NA,NA,NA,NA,0.5
2018-06-11,"BH","1.0","9.5","V",21,16,"1.16","4.7",1,"1.7",NA,NA,NA,NA,NA,2018,NA,NA,NA,NA,NA,NA,NA,NA,NA,NA,NA,NA,NA,NA,NA,NA,NA,NA,1.16
2018-06-11,"BH","1.0","9.5","V",21,16,"1.11","2.8",1,"1.9",NA,NA,NA,NA,NA,2018,NA,NA,NA,NA,NA,NA,NA,NA,NA,NA,NA,NA,NA,NA,NA,NA,NA,NA,1.11
2018-06-11,"BH","1.0","9","P",47,24,"1.76","108.0",4,NA,"6B","38.0",11.7,2,"1 branch newly B, 1 senesced, 1V",2018,NA,NA,NA,NA,NA,NA,NA,NA,NA,NA,NA,NA,NA,NA,NA,NA,NA,NA,1.76
2018-06-11,"BH","1.0","9","V",47,24,"<1","2.9",1,"0.4",NA,NA,NA,NA,NA,2018,NA,NA,NA,NA,NA,NA,NA,NA,NA,NA,NA,NA,NA,NA,NA,NA,NA,NA,0.5
2018-06-11,"BH","1.0","9","V",47,24,"<1","2.8",1,"1.1",NA,NA,NA,NA,"H",2018,NA,NA,NA,NA,NA,NA,NA,NA,NA,NA,NA,NA,NA,NA,NA,NA,NA,NA,0.5
2018-06-11,"BH","1.0","9","V",47,24,"<1","4.0",1,"0.9",NA,NA,NA,NA,NA,2018,NA,NA,NA,NA,NA,NA,NA,NA,NA,NA,NA,NA,NA,NA,NA,NA,NA,NA,0.5
2018-06-11,"BH","1.0","9","V",47,24,"<1","5.3",1,"1.3",NA,NA,NA,NA,NA,2018,NA,NA,NA,NA,NA,NA,NA,NA,NA,NA,NA,NA,NA,NA,NA,NA,NA,NA,0.5
2018-06-11,"BH","1.0","9","V",47,24,"<1","2.9",1,"1.2",NA,NA,NA,NA,NA,2018,NA,NA,NA,NA,NA,NA,NA,NA,NA,NA,NA,NA,NA,NA,NA,NA,NA,NA,0.5
2018-06-11,"BH","1.0","9","V",47,24,"1.0","4.4",1,"1.9",NA,NA,NA,NA,NA,2018,NA,NA,NA,NA,NA,NA,NA,NA,NA,NA,NA,NA,NA,NA,NA,NA,NA,NA,1
2018-06-11,"BH","1.0","9","V",47,24,"1.32","7.2",1,"2.7",NA,NA,NA,NA,NA,2018,NA,NA,NA,NA,NA,NA,NA,NA,NA,NA,NA,NA,NA,NA,NA,NA,NA,NA,1.32
2018-06-11,"BH","1.0","9","V",47,24,"<1","4.4",1,"1.7",NA,NA,NA,NA,NA,2018,NA,NA,NA,NA,NA,NA,NA,NA,NA,NA,NA,NA,NA,NA,NA,NA,NA,NA,0.5
2018-06-11,"BH","1.0","9","V",47,24,"1.0","7.4",1,"1.3",NA,NA,NA,NA,NA,2018,NA,NA,NA,NA,NA,NA,NA,NA,NA,NA,NA,NA,NA,NA,NA,NA,NA,NA,1
2018-06-11,"BH","1.0","9","V",47,24,"<1","4.8",1,"1.1",NA,NA,NA,NA,NA,2018,NA,NA,NA,NA,NA,NA,NA,NA,NA,NA,NA,NA,NA,NA,NA,NA,NA,NA,0.5
2018-06-11,"BH","1.0","9","V",47,24,"<1","6.4",1,"1.1",NA,NA,NA,NA,NA,2018,NA,NA,NA,NA,NA,NA,NA,NA,NA,NA,NA,NA,NA,NA,NA,NA,NA,NA,0.5
2018-06-11,"BH","1.0","9","V",47,24,"<1","7.4",1,"1.6",NA,NA,NA,NA,NA,2018,NA,NA,NA,NA,NA,NA,NA,NA,NA,NA,NA,NA,NA,NA,NA,NA,NA,NA,0.5
2018-06-11,"BH","1.0","9","V",47,24,"<1","7.3",1,"1.2",NA,NA,NA,NA,NA,2018,NA,NA,NA,NA,NA,NA,NA,NA,NA,NA,NA,NA,NA,NA,NA,NA,NA,NA,0.5
2018-06-11,"BH","1.0","9","V",47,24,"<1","7.7",1,"1.5",NA,NA,NA,NA,NA,2018,NA,NA,NA,NA,NA,NA,NA,NA,NA,NA,NA,NA,NA,NA,NA,NA,NA,NA,0.5
2018-06-11,"BH","1.0","9","V",2,39,"1.97","11.1",1,"2.4",NA,NA,NA,NA,"G band",2018,NA,NA,NA,NA,NA,NA,NA,NA,NA,NA,NA,NA,NA,NA,NA,NA,NA,NA,1.97
2018-06-11,"BH","1.0","9","V",2,39,"1.16","9.4",1,"2.6",NA,NA,NA,NA,NA,2018,NA,NA,NA,NA,NA,NA,NA,NA,NA,NA,NA,NA,NA,NA,NA,NA,NA,NA,1.16
2018-06-11,"BH","1.0","9","V",2,39,"1.77","9.3",1,"3.3",NA,NA,NA,NA,NA,2018,NA,NA,NA,NA,NA,NA,NA,NA,NA,NA,NA,NA,NA,NA,NA,NA,NA,NA,1.77
2018-06-11,"BH","1.0","9","V",1,26,"2.14","9.0",1,"2.8",NA,NA,NA,NA,"band lower < band of neighbor",2018,NA,NA,NA,NA,NA,NA,NA,NA,NA,NA,NA,NA,NA,NA,NA,NA,NA,NA,2.14
2018-06-11,"BH","1.0","9","V",1,26,"<1","1.6",1,"0.4",NA,NA,NA,NA,NA,2018,NA,NA,NA,NA,NA,NA,NA,NA,NA,NA,NA,NA,NA,NA,NA,NA,NA,NA,0.5
2018-06-11,"BH","1.0","9","P",1,28,"5.53","98.0",1,NA,"0.0","22.0",9.4,1,"entering note: can't read note",2018,NA,NA,NA,NA,NA,NA,NA,NA,NA,NA,NA,NA,NA,NA,NA,NA,NA,NA,5.53
2018-06-11,"BH","1.0","9","V",1,28,"1.93","6.9",1,"3.4",NA,NA,NA,NA,NA,2018,NA,NA,NA,NA,NA,NA,NA,NA,NA,NA,NA,NA,NA,NA,NA,NA,NA,NA,1.93
2018-06-11,"BH","1.0","9","V",1,28,"<1","5.1",1,"1.3",NA,NA,NA,NA,NA,2018,NA,NA,NA,NA,NA,NA,NA,NA,NA,NA,NA,NA,NA,NA,NA,NA,NA,NA,0.5
2018-06-11,"BH","1.0","9","V",1,28,"<1","5.4",1,"0.9",NA,NA,NA,NA,"H",2018,NA,NA,NA,NA,NA,NA,NA,NA,NA,NA,NA,NA,NA,NA,NA,NA,NA,NA,0.5
2018-06-11,"BH","1.0","9","V",1,28,"<1","6.8",1,"1.3",NA,NA,NA,NA,NA,2018,NA,NA,NA,NA,NA,NA,NA,NA,NA,NA,NA,NA,NA,NA,NA,NA,NA,NA,0.5
2018-06-11,"BH","1.0","9","V",1,28,"<1","3.2",1,"1.9",NA,NA,NA,NA,NA,2018,NA,NA,NA,NA,NA,NA,NA,NA,NA,NA,NA,NA,NA,NA,NA,NA,NA,NA,0.5
2018-06-11,"BH","1.0","9","V",1,28,"<1","1.4",1,"0.4",NA,NA,NA,NA,NA,2018,NA,NA,NA,NA,NA,NA,NA,NA,NA,NA,NA,NA,NA,NA,NA,NA,NA,NA,0.5
2018-06-11,"BH","1.0","9","V",1,28,"1.31","4.9",1,"2.3",NA,NA,NA,NA,"H",2018,NA,NA,NA,NA,NA,NA,NA,NA,NA,NA,NA,NA,NA,NA,NA,NA,NA,NA,1.31
2018-06-11,"BH","1.0","9","V",1,28,"1.0","4.2",1,"2.7",NA,NA,NA,NA,NA,2018,NA,NA,NA,NA,NA,NA,NA,NA,NA,NA,NA,NA,NA,NA,NA,NA,NA,NA,1
2018-06-11,"BH","1.0","9","V",1,28,"<1","3.4",1,"1.9",NA,NA,NA,NA,"H",2018,NA,NA,NA,NA,NA,NA,NA,NA,NA,NA,NA,NA,NA,NA,NA,NA,NA,NA,0.5
2018-06-11,"BH","1.0","9","V",1,28,"<1","2.4",1,"1.6",NA,NA,NA,NA,"H",2018,NA,NA,NA,NA,NA,NA,NA,NA,NA,NA,NA,NA,NA,NA,NA,NA,NA,NA,0.5
2018-06-11,"BH","1.0","9","V",1,28,"<1","1.6",1,"1.6",NA,NA,NA,NA,NA,2018,NA,NA,NA,NA,NA,NA,NA,NA,NA,NA,NA,NA,NA,NA,NA,NA,NA,NA,0.5
2018-06-11,"BH","1.0","9","V",1,28,"1.0","3.4",1,"1.4",NA,NA,NA,NA,NA,2018,NA,NA,NA,NA,NA,NA,NA,NA,NA,NA,NA,NA,NA,NA,NA,NA,NA,NA,1
2018-06-11,"BH","1.0","9","V",1,28,"<1","2.2",1,"0.8",NA,NA,NA,NA,NA,2018,NA,NA,NA,NA,NA,NA,NA,NA,NA,NA,NA,NA,NA,NA,NA,NA,NA,NA,0.5
2018-06-11,"BH","1.0","9","V",1,28,"<1","0.9",1,"1.6",NA,NA,NA,NA,NA,2018,NA,NA,NA,NA,NA,NA,NA,NA,NA,NA,NA,NA,NA,NA,NA,NA,NA,NA,0.5
2018-06-11,"BH","1.0","9","V",1,28,"<1","1.3",1,"1.4",NA,NA,NA,NA,NA,2018,NA,NA,NA,NA,NA,NA,NA,NA,NA,NA,NA,NA,NA,NA,NA,NA,NA,NA,0.5
2018-06-11,"BH","1.0","7.5","V",NA,NA,"~1","3.5",1,"1.2",NA,NA,NA,NA,NA,2018,NA,NA,NA,NA,NA,NA,NA,NA,NA,NA,NA,NA,NA,NA,NA,NA,NA,NA,0.5
2018-06-11,"BH","1.0","7.5","V",NA,NA,"~1","2.2",1,"1.0",NA,NA,NA,NA,NA,2018,NA,NA,NA,NA,NA,NA,NA,NA,NA,NA,NA,NA,NA,NA,NA,NA,NA,NA,0.5
2018-06-11,"BH","1.0","7.5","V",NA,NA,"~1","4.1",1,"1.1",NA,NA,NA,NA,NA,2018,NA,NA,NA,NA,NA,NA,NA,NA,NA,NA,NA,NA,NA,NA,NA,NA,NA,NA,0.5
2018-06-11,"BH","1.0","7.5","V",NA,NA,"1.4","5.9",1,"1.4",NA,NA,NA,NA,NA,2018,NA,NA,NA,NA,NA,NA,NA,NA,NA,NA,NA,NA,NA,NA,NA,NA,NA,NA,1.4
2018-06-11,"BH","1.0","7.5","V",NA,NA,"1.3","5.9",1,"2.4",NA,NA,NA,NA,NA,2018,NA,NA,NA,NA,NA,NA,NA,NA,NA,NA,NA,NA,NA,NA,NA,NA,NA,NA,1.3
2018-06-11,"BH","1.0","7.5","V",NA,NA,"~1","5.5",1,"1.1",NA,NA,NA,NA,NA,2018,NA,NA,NA,NA,NA,NA,NA,NA,NA,NA,NA,NA,NA,NA,NA,NA,NA,NA,0.5
2018-06-11,"BH","1.0","7.5","V",NA,NA,"~1","6.9",1,"1.9",NA,NA,NA,NA,NA,2018,NA,NA,NA,NA,NA,NA,NA,NA,NA,NA,NA,NA,NA,NA,NA,NA,NA,NA,0.5
2018-06-11,"BH","1.0","8","F",0,29,"9.0","89.4",6,NA,"5.0","8.0",4.6,2,"herbivory/still has buds",2018,NA,NA,NA,NA,NA,NA,NA,NA,NA,NA,NA,NA,NA,NA,NA,NA,NA,NA,9
2018-06-11,"BH","1.0","8","V",NA,NA,"~1","3.9",1,"1.6",NA,NA,NA,NA,NA,2018,NA,NA,NA,NA,NA,NA,NA,NA,NA,NA,NA,NA,NA,NA,NA,NA,NA,NA,0.5
2018-06-11,"BH","1.0","8","V",NA,NA,"~1","6.2",1,"1.3",NA,NA,NA,NA,NA,2018,NA,NA,NA,NA,NA,NA,NA,NA,NA,NA,NA,NA,NA,NA,NA,NA,NA,NA,0.5
2018-06-11,"BH","1.0","8","V",NA,NA,"<1","5.0",1,"0.9",NA,NA,NA,NA,NA,2018,NA,NA,NA,NA,NA,NA,NA,NA,NA,NA,NA,NA,NA,NA,NA,NA,NA,NA,0.5
2018-06-11,"BH","1.0","8","V",NA,NA,"<1","3.7",1,"1.2",NA,NA,NA,NA,NA,2018,NA,NA,NA,NA,NA,NA,NA,NA,NA,NA,NA,NA,NA,NA,NA,NA,NA,NA,0.5
2018-06-11,"BH","1.0","8","V",NA,NA,"1.4","4.6",1,"2.2",NA,NA,NA,NA,NA,2018,NA,NA,NA,NA,NA,NA,NA,NA,NA,NA,NA,NA,NA,NA,NA,NA,NA,NA,1.4
2018-06-11,"BH","1.0","8","V",NA,NA,"<1","2.2",1,"1.0",NA,NA,NA,NA,NA,2018,NA,NA,NA,NA,NA,NA,NA,NA,NA,NA,NA,NA,NA,NA,NA,NA,NA,NA,0.5
2018-06-11,"BH","1.0","8.5","V",NA,NA,"~1","4.6",1,"1.7",NA,NA,NA,NA,NA,2018,NA,NA,NA,NA,NA,NA,NA,NA,NA,NA,NA,NA,NA,NA,NA,NA,NA,NA,0.5
2018-06-11,"BH","1.0","8.5","V",NA,NA,"~1","2.9",1,"1.3",NA,NA,NA,NA,NA,2018,NA,NA,NA,NA,NA,NA,NA,NA,NA,NA,NA,NA,NA,NA,NA,NA,NA,NA,0.5
2018-06-11,"BH","1.0","8.5","V",NA,NA,"1.5","4.1",1,"2.1",NA,NA,NA,NA,NA,2018,NA,NA,NA,NA,NA,NA,NA,NA,NA,NA,NA,NA,NA,NA,NA,NA,NA,NA,1.5
2018-06-11,"BH","1.0","8.5","V",NA,NA,"~1","1.9",1,"1.0",NA,NA,NA,NA,NA,2018,NA,NA,NA,NA,NA,NA,NA,NA,NA,NA,NA,NA,NA,NA,NA,NA,NA,NA,0.5
2018-06-11,"BH","1.0","8.5","V",NA,NA,"1.4","3.9",1,"2.1",NA,NA,NA,NA,NA,2018,NA,NA,NA,NA,NA,NA,NA,NA,NA,NA,NA,NA,NA,NA,NA,NA,NA,NA,1.4
2018-06-11,"BH","1.0","8.5","V",NA,NA,"1.8","9.1",1,"2.9",NA,NA,NA,NA,NA,2018,NA,NA,NA,NA,NA,NA,NA,NA,NA,NA,NA,NA,NA,NA,NA,NA,NA,NA,1.8
2018-06-11,"BH","1.0","8.5","V",NA,NA,"<1","4.6",1,"1.5",NA,NA,NA,NA,NA,2018,NA,NA,NA,NA,NA,NA,NA,NA,NA,NA,NA,NA,NA,NA,NA,NA,NA,NA,0.5
2018-06-11,"BH","1.0","8.5","V",NA,NA,"1.7","10.4",1,"2.9",NA,NA,NA,NA,NA,2018,NA,NA,NA,NA,NA,NA,NA,NA,NA,NA,NA,NA,NA,NA,NA,NA,NA,NA,1.7
2018-06-11,"BH","1.0","8.5","V",NA,NA,"~1","4.1",1,"1.3",NA,NA,NA,NA,NA,2018,NA,NA,NA,NA,NA,NA,NA,NA,NA,NA,NA,NA,NA,NA,NA,NA,NA,NA,0.5
2018-06-11,"BH","1.0","8.5","V",NA,NA,"<1","3.3",1,"1.1",NA,NA,NA,NA,NA,2018,NA,NA,NA,NA,NA,NA,NA,NA,NA,NA,NA,NA,NA,NA,NA,NA,NA,NA,0.5
2018-06-11,"BH","1.0","8.5","V",NA,NA,"<1","2.7",1,"0.6",NA,NA,NA,NA,NA,2018,NA,NA,NA,NA,NA,NA,NA,NA,NA,NA,NA,NA,NA,NA,NA,NA,NA,NA,0.5
2018-06-11,"BH","1.0","8.5","V",NA,NA,"~1","4.2",1,"1.4",NA,NA,NA,NA,NA,2018,NA,NA,NA,NA,NA,NA,NA,NA,NA,NA,NA,NA,NA,NA,NA,NA,NA,NA,0.5
2018-06-11,"BH","1.0","8.5","V",NA,NA,"<1","2.6",1,"0.7",NA,NA,NA,NA,NA,2018,NA,NA,NA,NA,NA,NA,NA,NA,NA,NA,NA,NA,NA,NA,NA,NA,NA,NA,0.5
2018-06-11,"BH","1.0","8.5","V",NA,NA,"~1","4.5",1,"1.1",NA,NA,NA,NA,NA,2018,NA,NA,NA,NA,NA,NA,NA,NA,NA,NA,NA,NA,NA,NA,NA,NA,NA,NA,0.5
2018-06-11,"BH","1.0","8.5","V",NA,NA,"~1","2.9",1,"1.1",NA,NA,NA,NA,NA,2018,NA,NA,NA,NA,NA,NA,NA,NA,NA,NA,NA,NA,NA,NA,NA,NA,NA,NA,0.5
2018-06-11,"BH","DP","901","F",NA,NA,"10.44","91.3",5,NA,"4.0","79.0",9.2,5,NA,2018,NA,NA,NA,NA,NA,NA,NA,NA,NA,NA,NA,NA,NA,NA,NA,NA,NA,NA,10.44
2018-06-11,"BH","DP","902","P",NA,NA,"4.2","73.5",1,NA,NA,"13.0",10.5,1,NA,2018,NA,NA,NA,NA,NA,NA,NA,NA,NA,NA,NA,NA,NA,NA,NA,NA,NA,NA,4.2
2018-06-11,"BH","DP","903","F",NA,NA,"4.44","20.0",2,NA,"2.0","0.0",NA,1,"5 buds",2018,NA,NA,NA,NA,NA,NA,NA,NA,NA,NA,NA,NA,NA,NA,NA,NA,NA,NA,4.44
2018-06-11,"BH","DP","904","F",NA,NA,"10.4","87.8",2,NA,"3.0","53.0",12,2,"herbivory 16 buds",2018,NA,NA,NA,NA,NA,NA,NA,NA,NA,NA,NA,NA,NA,NA,NA,NA,NA,NA,10.4
2018-06-11,"BH","DP","905","P",NA,NA,"15.37","110.5",5,NA,NA,"130.0",12.5,5,NA,2018,NA,NA,NA,NA,NA,NA,NA,NA,NA,NA,NA,NA,NA,NA,NA,NA,NA,NA,15.37
2018-06-11,"BH","DP","906","F",NA,NA,"10.03","100.0",1,NA,"6B 2F","43.0",11.5,1,"3 veg branches, 2 dying",2018,NA,NA,NA,NA,NA,NA,NA,NA,NA,NA,NA,NA,NA,NA,NA,NA,NA,NA,10.03
2018-06-11,"BH","DP","907","F",NA,NA,"7.79","111.0",2,NA,"4F F/B","73.0",10.7,2,"apical shoot missing, 4 fertile siliques …",2018,NA,NA,NA,NA,NA,NA,NA,NA,NA,NA,NA,NA,NA,NA,NA,NA,NA,NA,7.79
2018-06-11,"BH","DP","908","V",NA,NA,"6.94","17.5",4,"5.8",NA,NA,NA,0,"1 branch budding so P/B",2018,NA,NA,NA,NA,NA,NA,NA,NA,NA,NA,NA,NA,NA,NA,NA,NA,NA,NA,6.94
2018-06-11,"BH","DP","909","P",NA,NA,"7.45","112.7",4,NA,"8B","40.0",10.5,2,NA,2018,NA,NA,NA,NA,NA,NA,NA,NA,NA,NA,NA,NA,NA,NA,NA,NA,NA,NA,7.45
2018-06-11,"BH","DP","910","P",NA,NA,"6.42","60.5",1,NA,NA,"16.0",9,1,"apical shoot missing",2018,NA,NA,NA,NA,NA,NA,NA,NA,NA,NA,NA,NA,NA,NA,NA,NA,NA,NA,6.42
2018-06-11,"BH","DP","911","V",NA,NA,"2.77","10.5",1,"5.5",NA,NA,NA,0,NA,2018,NA,NA,NA,NA,NA,NA,NA,NA,NA,NA,NA,NA,NA,NA,NA,NA,NA,NA,2.77
2018-06-11,"BH","1.0","8.5","V",NA,NA,"<1","3.4",1,"3.6",NA,NA,NA,NA,NA,2018,NA,NA,NA,NA,NA,NA,NA,NA,NA,NA,NA,NA,NA,NA,NA,NA,NA,NA,0.5
2018-06-11,"BH","2.0","0","V",NA,NA,"~1","3.9",1,"1.7",NA,NA,NA,NA,NA,2018,NA,NA,NA,NA,NA,NA,NA,NA,NA,NA,NA,NA,NA,NA,NA,NA,NA,NA,0.5
2018-06-11,"BH","2.0","0.5","V",20,34,"2.07","6.6",1,"3.2",NA,NA,NA,NA,NA,2018,NA,NA,NA,NA,NA,NA,NA,NA,NA,NA,NA,NA,NA,NA,NA,NA,NA,NA,2.07
2018-06-11,"BH","2.0","0.5","V",20,34,"~1","3.9",1,"1.8",NA,NA,NA,NA,NA,2018,NA,NA,NA,NA,NA,NA,NA,NA,NA,NA,NA,NA,NA,NA,NA,NA,NA,NA,0.5
2018-06-11,"BH","2.0","0.5","V",20,34,"<1","3.4",1,"1.1",NA,NA,NA,NA,NA,2018,NA,NA,NA,NA,NA,NA,NA,NA,NA,NA,NA,NA,NA,NA,NA,NA,NA,NA,0.5
2018-06-11,"BH","2.0","0.5","F",46,46,"10.6","104.5",3,NA,"1.0","95.0",11.7,2,"more viable flower, branched really high, stem, not counted in branches, total lots of insects and webs",2018,NA,NA,NA,NA,NA,NA,NA,NA,NA,NA,NA,NA,NA,NA,NA,NA,NA,NA,10.6
2018-06-11,"BH","2.0","1","V",46,46,"1.1","6.6",1,"2.8",NA,NA,NA,NA,NA,2018,NA,NA,NA,NA,NA,NA,NA,NA,NA,NA,NA,NA,NA,NA,NA,NA,NA,NA,1.1
2018-06-11,"BH","2.0","1","V",46,46,"1.1","2.7",1,"1.9",NA,NA,NA,NA,NA,2018,NA,NA,NA,NA,NA,NA,NA,NA,NA,NA,NA,NA,NA,NA,NA,NA,NA,NA,1.1
2018-06-11,"BH","2.0","1","V",46,46,"1.4","3.8",1,"3.1",NA,NA,NA,NA,NA,2018,NA,NA,NA,NA,NA,NA,NA,NA,NA,NA,NA,NA,NA,NA,NA,NA,NA,NA,1.4
2018-06-11,"BH","2.0","1","V",46,46,"~1","6.2",1,"2.8",NA,NA,NA,NA,NA,2018,NA,NA,NA,NA,NA,NA,NA,NA,NA,NA,NA,NA,NA,NA,NA,NA,NA,NA,0.5
2018-06-11,"BH","2.0","1","V",46,46,"~1","4.7",1,"2.1",NA,NA,NA,NA,NA,2018,NA,NA,NA,NA,NA,NA,NA,NA,NA,NA,NA,NA,NA,NA,NA,NA,NA,NA,0.5
2018-06-11,"BH","2.0","1","V",46,46,"<1","2.1",1,"0.9",NA,NA,NA,NA,NA,2018,NA,NA,NA,NA,NA,NA,NA,NA,NA,NA,NA,NA,NA,NA,NA,NA,NA,NA,0.5
2018-06-11,"BH","2.0","1","V",46,46,"<1","2.4",1,"0.8",NA,NA,NA,NA,NA,2018,NA,NA,NA,NA,NA,NA,NA,NA,NA,NA,NA,NA,NA,NA,NA,NA,NA,NA,0.5
2018-06-11,"BH","2.0","1","V",46,46,"~1","3.3",2,"1.4",NA,NA,NA,NA,NA,2018,NA,NA,NA,NA,NA,NA,NA,NA,NA,NA,NA,NA,NA,NA,NA,NA,NA,NA,0.5
2018-06-11,"BH","2.0","1","V",46,46,"<1","1.4",1,"0.4",NA,NA,NA,NA,"looks like 2 branches, one is very short",2018,NA,NA,NA,NA,NA,NA,NA,NA,NA,NA,NA,NA,NA,NA,NA,NA,NA,NA,0.5
2018-06-11,"BH","2.0","1","V",46,46,"~1","2.9",1,"1.3",NA,NA,NA,NA,NA,2018,NA,NA,NA,NA,NA,NA,NA,NA,NA,NA,NA,NA,NA,NA,NA,NA,NA,NA,0.5
2018-06-11,"BH","2.0","1","V",46,46,"1.3","3.9",1,"1.7",NA,NA,NA,NA,NA,2018,NA,NA,NA,NA,NA,NA,NA,NA,NA,NA,NA,NA,NA,NA,NA,NA,NA,NA,1.3
2018-06-11,"BH","2.0","1","V",46,46,"1.6","8.2",1,"2.8",NA,NA,NA,NA,NA,2018,NA,NA,NA,NA,NA,NA,NA,NA,NA,NA,NA,NA,NA,NA,NA,NA,NA,NA,1.6
2018-06-11,"BH","2.0","1","V",46,46,"<1","2.2",1,"0.6",NA,NA,NA,NA,"herbivory",2018,NA,NA,NA,NA,NA,NA,NA,NA,NA,NA,NA,NA,NA,NA,NA,NA,NA,NA,0.5
2018-06-11,"BH","2.0","1","V",46,46,"~1","3.9",1,"1.6",NA,NA,NA,NA,NA,2018,NA,NA,NA,NA,NA,NA,NA,NA,NA,NA,NA,NA,NA,NA,NA,NA,NA,NA,0.5
2018-06-11,"BH","2.0","1","V",29,36,"1.75","8.6",1,"3.8",NA,NA,NA,NA,NA,2018,NA,NA,NA,NA,NA,NA,NA,NA,NA,NA,NA,NA,NA,NA,NA,NA,NA,NA,1.75
2018-06-11,"BH","2.0","1","V",29,36,"1.2","6.1",1,"2.9",NA,NA,NA,NA,"growing out of rock, height estimated",2018,NA,NA,NA,NA,NA,NA,NA,NA,NA,NA,NA,NA,NA,NA,NA,NA,NA,NA,1.2
2018-06-11,"BH","2.0","1.5","V",5,10,"1.8","7.9",1,"3.5",NA,NA,NA,NA,NA,2018,NA,NA,NA,NA,NA,NA,NA,NA,NA,NA,NA,NA,NA,NA,NA,NA,NA,NA,1.8
2018-06-11,"BH","2.0","1.5","V",5,10,"1.2","5.3",1,"2.1",NA,NA,NA,NA,NA,2018,NA,NA,NA,NA,NA,NA,NA,NA,NA,NA,NA,NA,NA,NA,NA,NA,NA,NA,1.2
2018-06-11,"BH","2.0","1.5","V",5,10,"<1","1.9",1,"0.8",NA,NA,NA,NA,NA,2018,NA,NA,NA,NA,NA,NA,NA,NA,NA,NA,NA,NA,NA,NA,NA,NA,NA,NA,0.5
2018-06-11,"BH","2.0","1.5","V",5,10,"<1","3.4",1,"0.9",NA,NA,NA,NA,NA,2018,NA,NA,NA,NA,NA,NA,NA,NA,NA,NA,NA,NA,NA,NA,NA,NA,NA,NA,0.5
2018-06-11,"BH","2.0","1.5","V",5,10,"~1","3.9",1,"1.8",NA,NA,NA,NA,"herbivory",2018,NA,NA,NA,NA,NA,NA,NA,NA,NA,NA,NA,NA,NA,NA,NA,NA,NA,NA,0.5
2018-06-11,"BH","2.0","1.5","V",15,35,"1.9","7.9",1,"3.8",NA,NA,NA,NA,NA,2018,NA,NA,NA,NA,NA,NA,NA,NA,NA,NA,NA,NA,NA,NA,NA,NA,NA,NA,1.9
2018-06-11,"BH","2.0","1.5","V",15,35,"<1","4.4",1,"2.1",NA,NA,NA,NA,"lanky",2018,NA,NA,NA,NA,NA,NA,NA,NA,NA,NA,NA,NA,NA,NA,NA,NA,NA,NA,0.5
2018-06-11,"BH","2.0","9","V",NA,NA,"<1","2.4",1,"1.2",NA,NA,NA,NA,NA,2018,NA,NA,NA,NA,NA,NA,NA,NA,NA,NA,NA,NA,NA,NA,NA,NA,NA,NA,0.5
2018-06-11,"BH","2.0","9","V",NA,NA,"<1","1.3",1,"1.2",NA,NA,NA,NA,NA,2018,NA,NA,NA,NA,NA,NA,NA,NA,NA,NA,NA,NA,NA,NA,NA,NA,NA,NA,0.5
2018-06-11,"BH","2.0","9","V",NA,NA,"<1","1.9",1,"1.6",NA,NA,NA,NA,NA,2018,NA,NA,NA,NA,NA,NA,NA,NA,NA,NA,NA,NA,NA,NA,NA,NA,NA,NA,0.5
2018-06-11,"BH","2.0","9","V",NA,NA,"<1","1.8",1,"0.9",NA,NA,NA,NA,NA,2018,NA,NA,NA,NA,NA,NA,NA,NA,NA,NA,NA,NA,NA,NA,NA,NA,NA,NA,0.5
2018-06-11,"BH","2.0","9","V",NA,NA,"<1","1.9",1,"0.9",NA,NA,NA,NA,NA,2018,NA,NA,NA,NA,NA,NA,NA,NA,NA,NA,NA,NA,NA,NA,NA,NA,NA,NA,0.5
2018-06-11,"BH","2.0","8.5","V",NA,NA,"~1","2.6",1,"1.9",NA,NA,NA,NA,NA,2018,NA,NA,NA,NA,NA,NA,NA,NA,NA,NA,NA,NA,NA,NA,NA,NA,NA,NA,0.5
2018-06-11,"BH","2.0","8.5","V",NA,NA,"<1","2.6",1,"1.5",NA,NA,NA,NA,NA,2018,NA,NA,NA,NA,NA,NA,NA,NA,NA,NA,NA,NA,NA,NA,NA,NA,NA,NA,0.5
2018-06-11,"BH","2.0","8.5","V",NA,NA,"~1","3.5",1,"2.9",NA,NA,NA,NA,NA,2018,NA,NA,NA,NA,NA,NA,NA,NA,NA,NA,NA,NA,NA,NA,NA,NA,NA,NA,0.5
2018-06-11,"BH","2.0","8.5","V",NA,NA,"~1","4.2",1,"2.2",NA,NA,NA,NA,NA,2018,NA,NA,NA,NA,NA,NA,NA,NA,NA,NA,NA,NA,NA,NA,NA,NA,NA,NA,0.5
2018-06-11,"BH","2.0","8.5","V",NA,NA,"1.67","6.3",1,"2.9",NA,NA,NA,NA,NA,2018,NA,NA,NA,NA,NA,NA,NA,NA,NA,NA,NA,NA,NA,NA,NA,NA,NA,NA,1.67
2018-06-11,"BH","2.0","8.5","V",NA,NA,"~1","4.3",1,"2.1",NA,NA,NA,NA,NA,2018,NA,NA,NA,NA,NA,NA,NA,NA,NA,NA,NA,NA,NA,NA,NA,NA,NA,NA,0.5
2018-06-11,"BH","2.0","8.5","V",45,11,"2.15","7.5",1,"2.3",NA,NA,NA,NA,NA,2018,NA,NA,NA,NA,NA,NA,NA,NA,NA,NA,NA,NA,NA,NA,NA,NA,NA,NA,2.15
2018-06-11,"BH","2.0","8.5","V",45,11,"<1","4.4",1,"1.4",NA,NA,NA,NA,NA,2018,NA,NA,NA,NA,NA,NA,NA,NA,NA,NA,NA,NA,NA,NA,NA,NA,NA,NA,0.5
2018-06-11,"BH","2.0","8.5","V",45,11,"<1","3.0",1,"0.5",NA,NA,NA,NA,NA,2018,NA,NA,NA,NA,NA,NA,NA,NA,NA,NA,NA,NA,NA,NA,NA,NA,NA,NA,0.5
2018-06-11,"BH","2.0","8.5","V",45,11,"<1","2.5",1,"1.0",NA,NA,NA,NA,NA,2018,NA,NA,NA,NA,NA,NA,NA,NA,NA,NA,NA,NA,NA,NA,NA,NA,NA,NA,0.5
2018-06-11,"BH","2.0","8.5","V",45,11,"<1","6.2",1,"1.4",NA,NA,NA,NA,NA,2018,NA,NA,NA,NA,NA,NA,NA,NA,NA,NA,NA,NA,NA,NA,NA,NA,NA,NA,0.5
2018-06-11,"BH","2.0","8.5","V",49,25,"2.22","6.2",1,"2.4",NA,NA,NA,NA,NA,2018,NA,NA,NA,NA,NA,NA,NA,NA,NA,NA,NA,NA,NA,NA,NA,NA,NA,NA,2.22
2018-06-11,"BH","2.0","8.5","V",48,10,"3.03","79.2",1,NA,"0.0","15.0",10.3,1,"side branch after herbivory",2018,NA,NA,NA,NA,NA,NA,NA,NA,NA,NA,NA,NA,NA,NA,NA,NA,NA,NA,3.03
2018-06-11,"BH","2.0","8.5","P",48,10,"<1","1.7",1,"1.2",NA,NA,NA,NA,NA,2018,NA,NA,NA,NA,NA,NA,NA,NA,NA,NA,NA,NA,NA,NA,NA,NA,NA,NA,0.5
2018-06-11,"BH","2.0","8.5","V",37,11,"2.44","5.7",1,"3.8",NA,NA,NA,NA,NA,2018,NA,NA,NA,NA,NA,NA,NA,NA,NA,NA,NA,NA,NA,NA,NA,NA,NA,NA,2.44
2018-06-11,"BH","2.0","8.5","V",37,11,"1.43","3.2",1,"2.1",NA,NA,NA,NA,NA,2018,NA,NA,NA,NA,NA,NA,NA,NA,NA,NA,NA,NA,NA,NA,NA,NA,NA,NA,1.43
2018-06-11,"BH","2.0","8.5","V",37,11,"~1","4.4",1,"2.2",NA,NA,NA,NA,NA,2018,NA,NA,NA,NA,NA,NA,NA,NA,NA,NA,NA,NA,NA,NA,NA,NA,NA,NA,0.5
2018-06-11,"BH","2.0","8.5","V",37,11,"<1","3.9",1,"1.6",NA,NA,NA,NA,NA,2018,NA,NA,NA,NA,NA,NA,NA,NA,NA,NA,NA,NA,NA,NA,NA,NA,NA,NA,0.5
2018-06-11,"BH","2.0","8.5","V",37,11,"1.89","3.1",1,"2.9",NA,NA,NA,NA,NA,2018,NA,NA,NA,NA,NA,NA,NA,NA,NA,NA,NA,NA,NA,NA,NA,NA,NA,NA,1.89
2018-06-11,"BH","2.0","8.5","V",25,12,"2.32","4.1",1,"3.0",NA,NA,NA,NA,NA,2018,NA,NA,NA,NA,NA,NA,NA,NA,NA,NA,NA,NA,NA,NA,NA,NA,NA,NA,2.32
2018-06-11,"BH","2.0","8.5","V",25,12,"1.54","5.0",1,"2.3",NA,NA,NA,NA,NA,2018,NA,NA,NA,NA,NA,NA,NA,NA,NA,NA,NA,NA,NA,NA,NA,NA,NA,NA,1.54
2018-06-11,"BH","2.0","8.5","V",25,12,"~1","3.5",1,"2.7",NA,NA,NA,NA,NA,2018,NA,NA,NA,NA,NA,NA,NA,NA,NA,NA,NA,NA,NA,NA,NA,NA,NA,NA,0.5
2018-06-11,"BH","2.0","8.5","V",25,12,"<1","1.2",1,"2.0",NA,NA,NA,NA,NA,2018,NA,NA,NA,NA,NA,NA,NA,NA,NA,NA,NA,NA,NA,NA,NA,NA,NA,NA,0.5
2018-06-11,"BH","2.0","8.5","V",25,12,"1.19","4.5",1,"2.1",NA,NA,NA,NA,"dying w/broken stem",2018,NA,NA,NA,NA,NA,NA,NA,NA,NA,NA,NA,NA,NA,NA,NA,NA,NA,NA,1.19
2018-06-11,"BH","2.0","8.5","V",25,12,"~1","6.2",1,"2.2",NA,NA,NA,NA,"dying w/broken stem",2018,NA,NA,NA,NA,NA,NA,NA,NA,NA,NA,NA,NA,NA,NA,NA,NA,NA,NA,0.5
2018-06-11,"BH","1.0","3.5","V",NA,NA,"<1","13.5",1,"1.8",NA,NA,NA,NA,NA,2018,NA,NA,NA,NA,NA,NA,NA,NA,NA,NA,NA,NA,NA,NA,NA,NA,NA,NA,0.5
2018-06-11,"BH","1.0","4","V",NA,NA,"~1","10.2",1,"2.0",NA,NA,NA,NA,NA,2018,NA,NA,NA,NA,NA,NA,NA,NA,NA,NA,NA,NA,NA,NA,NA,NA,NA,NA,0.5
2018-06-11,"BH","1.0","4","V",10,27,"2.3","13.0",1,"4.5",NA,NA,NA,NA,NA,2018,NA,NA,NA,NA,NA,NA,NA,NA,NA,NA,NA,NA,NA,NA,NA,NA,NA,NA,2.3
2018-06-11,"BH","1.0","4","V",NA,NA,"~1","12.0",1,"4.0",NA,NA,NA,NA,NA,2018,NA,NA,NA,NA,NA,NA,NA,NA,NA,NA,NA,NA,NA,NA,NA,NA,NA,NA,0.5
2018-06-11,"BH","1.0","4","V",NA,NA,"~1","12.2",1,"3.9",NA,NA,NA,NA,NA,2018,NA,NA,NA,NA,NA,NA,NA,NA,NA,NA,NA,NA,NA,NA,NA,NA,NA,NA,0.5
2018-06-11,"BH","1.0","4","V",NA,NA,"~1","10.5",1,"0.4",NA,NA,NA,NA,NA,2018,NA,NA,NA,NA,NA,NA,NA,NA,NA,NA,NA,NA,NA,NA,NA,NA,NA,NA,0.5
2018-06-11,"BH","1.0","4","V",NA,NA,"~1","10.0",1,"2.5",NA,NA,NA,NA,NA,2018,NA,NA,NA,NA,NA,NA,NA,NA,NA,NA,NA,NA,NA,NA,NA,NA,NA,NA,0.5
2018-06-11,"BH","1.0","4","V",NA,NA,"<1","7.0",1,"1.8",NA,NA,NA,NA,NA,2018,NA,NA,NA,NA,NA,NA,NA,NA,NA,NA,NA,NA,NA,NA,NA,NA,NA,NA,0.5
2018-06-11,"BH","1.0","4","V",NA,NA,"~1","5.8",1,"2.1",NA,NA,NA,NA,NA,2018,NA,NA,NA,NA,NA,NA,NA,NA,NA,NA,NA,NA,NA,NA,NA,NA,NA,NA,0.5
2018-06-11,"BH","1.0","4.5","V",NA,NA,"~1","7.5",1,"3.1",NA,NA,NA,NA,NA,2018,NA,NA,NA,NA,NA,NA,NA,NA,NA,NA,NA,NA,NA,NA,NA,NA,NA,NA,0.5
2018-06-11,"BH","1.0","4.5","V",NA,NA,"~1","14.5",1,"3.6",NA,NA,NA,NA,NA,2018,NA,NA,NA,NA,NA,NA,NA,NA,NA,NA,NA,NA,NA,NA,NA,NA,NA,NA,0.5
2018-06-11,"BH","1.0","4.5","V",7,19,"2.05","10.0",1,"4.5",NA,NA,NA,NA,NA,2018,NA,NA,NA,NA,NA,NA,NA,NA,NA,NA,NA,NA,NA,NA,NA,NA,NA,NA,2.05
2018-06-11,"BH","1.0","4.5","V",7,15,"2.04","10.3",1,"4.0",NA,NA,NA,NA,NA,2018,NA,NA,NA,NA,NA,NA,NA,NA,NA,NA,NA,NA,NA,NA,NA,NA,NA,NA,2.04
2018-06-11,"BH","1.0","4.5","V",NA,NA,"<1","4.4",1,"2.2",NA,NA,NA,NA,NA,2018,NA,NA,NA,NA,NA,NA,NA,NA,NA,NA,NA,NA,NA,NA,NA,NA,NA,NA,0.5
2018-06-11,"BH","1.0","4.5","V",NA,NA,"<1","5.8",1,"2.1",NA,NA,NA,NA,NA,2018,NA,NA,NA,NA,NA,NA,NA,NA,NA,NA,NA,NA,NA,NA,NA,NA,NA,NA,0.5
2018-06-11,"BH","1.0","5",NA,NA,NA,NA,NA,NA,NA,NA,NA,NA,NA,"entering note: no plants in this quadrat, entered NA in all cells for consistency",2018,NA,NA,NA,NA,NA,NA,NA,NA,NA,NA,NA,NA,NA,NA,NA,NA,NA,NA,NA
2018-06-11,"BH","1.0","5.5","P",30,50,"14.22","139.0",8,NA,"0.0","394.0",7.5,7,"I: iteroparous, has 1 old branch",2018,NA,NA,NA,NA,NA,NA,NA,NA,NA,NA,NA,NA,NA,NA,NA,NA,NA,NA,14.22
2018-06-11,"BH","1.0","5.5","V",NA,NA,"<1","10.0",1,"2.2",NA,NA,NA,NA,NA,2018,NA,NA,NA,NA,NA,NA,NA,NA,NA,NA,NA,NA,NA,NA,NA,NA,NA,NA,0.5
2018-06-11,"BH","1.0","5.5","V",NA,NA,"<1","6.0",1,"2.0",NA,NA,NA,NA,NA,2018,NA,NA,NA,NA,NA,NA,NA,NA,NA,NA,NA,NA,NA,NA,NA,NA,NA,NA,0.5
2018-06-11,"BH","1.0","6","V",NA,NA,"~1","2.9",1,"1.1",NA,NA,NA,NA,NA,2018,NA,NA,NA,NA,NA,NA,NA,NA,NA,NA,NA,NA,NA,NA,NA,NA,NA,NA,0.5
2018-06-11,"BH","1.0","6.5","V",NA,NA,"~1","6.5",1,"2.2",NA,NA,NA,NA,NA,2018,NA,NA,NA,NA,NA,NA,NA,NA,NA,NA,NA,NA,NA,NA,NA,NA,NA,NA,0.5
2018-06-11,"BH","1.0","6.5","V",NA,NA,"~1","6.1",1,"1.4",NA,NA,NA,NA,NA,2018,NA,NA,NA,NA,NA,NA,NA,NA,NA,NA,NA,NA,NA,NA,NA,NA,NA,NA,0.5
2018-06-11,"BH","1.0","6.5","V",NA,NA,"~1","5.2",1,"1.2",NA,NA,NA,NA,NA,2018,NA,NA,NA,NA,NA,NA,NA,NA,NA,NA,NA,NA,NA,NA,NA,NA,NA,NA,0.5
2018-06-11,"BH","1.0","7","V",NA,NA,"~1","5.6",1,"1.6",NA,NA,NA,NA,NA,2018,NA,NA,NA,NA,NA,NA,NA,NA,NA,NA,NA,NA,NA,NA,NA,NA,NA,NA,0.5
2018-06-11,"BH","1.0","7","V",NA,NA,"1.6","7.4",1,"2.8",NA,NA,NA,NA,NA,2018,NA,NA,NA,NA,NA,NA,NA,NA,NA,NA,NA,NA,NA,NA,NA,NA,NA,NA,1.6
2018-06-11,"BH","1.0","7","V",22,35,"2.1","11.1",1,"3.6",NA,NA,NA,NA,NA,2018,NA,NA,NA,NA,NA,NA,NA,NA,NA,NA,NA,NA,NA,NA,NA,NA,NA,NA,2.1
2018-06-11,"BH","1.0","7","V",NA,NA,"<1","2.5",1,"1.4",NA,NA,NA,NA,NA,2018,NA,NA,NA,NA,NA,NA,NA,NA,NA,NA,NA,NA,NA,NA,NA,NA,NA,NA,0.5
2018-06-11,"BH","1.0","7","V",NA,NA,"~1","4.2",1,"1.4",NA,NA,NA,NA,NA,2018,NA,NA,NA,NA,NA,NA,NA,NA,NA,NA,NA,NA,NA,NA,NA,NA,NA,NA,0.5
2018-06-11,"BH","1.0","7","V",NA,NA,"<1","3.5",1,"1.0",NA,NA,NA,NA,NA,2018,NA,NA,NA,NA,NA,NA,NA,NA,NA,NA,NA,NA,NA,NA,NA,NA,NA,NA,0.5
2018-06-11,"BH","1.0","7","V",NA,NA,"1.2","3.4",1,"1.5",NA,NA,NA,NA,NA,2018,NA,NA,NA,NA,NA,NA,NA,NA,NA,NA,NA,NA,NA,NA,NA,NA,NA,NA,1.2
2018-06-11,"BH","1.0","0","V",NA,NA,"~1","3.3",1,"1.3",NA,NA,NA,NA,NA,2018,NA,NA,NA,NA,NA,NA,NA,NA,NA,NA,NA,NA,NA,NA,NA,NA,NA,NA,0.5
2018-06-11,"BH","1.0","0","V",NA,NA,"<1","3.2",1,"1.1",NA,NA,NA,NA,NA,2018,NA,NA,NA,NA,NA,NA,NA,NA,NA,NA,NA,NA,NA,NA,NA,NA,NA,NA,0.5
2018-06-11,"BH","1.0","0.5",NA,NA,NA,NA,NA,NA,NA,NA,NA,NA,NA,"entering note: no plants in this quadrat, entered NA in all cells for consistency",2018,NA,NA,NA,NA,NA,NA,NA,NA,NA,NA,NA,NA,NA,NA,NA,NA,NA,NA,NA
2018-06-11,"BH","1.0","1","V",NA,NA,"<1","6.5",1,"1.5",NA,NA,NA,NA,NA,2018,NA,NA,NA,NA,NA,NA,NA,NA,NA,NA,NA,NA,NA,NA,NA,NA,NA,NA,0.5
2018-06-11,"BH","1.0","1.5","V",46,50,"2.12","8.6",1,"3.8",NA,NA,NA,NA,NA,2018,NA,NA,NA,NA,NA,NA,NA,NA,NA,NA,NA,NA,NA,NA,NA,NA,NA,NA,2.12
2018-06-11,"BH","1.0","2","V",NA,NA,"1.5","7.4",3,"2.3",NA,NA,NA,NA,NA,2018,NA,NA,NA,NA,NA,NA,NA,NA,NA,NA,NA,NA,NA,NA,NA,NA,NA,NA,1.5
2018-06-11,"BH","1.0","2","V",NA,NA,"<1","5.3",1,"2.1",NA,NA,NA,NA,NA,2018,NA,NA,NA,NA,NA,NA,NA,NA,NA,NA,NA,NA,NA,NA,NA,NA,NA,NA,0.5
2018-06-11,"BH","1.0","2","V",NA,NA,"~1","5.0",1,"2.0",NA,NA,NA,NA,"not true height b/c in rock",2018,NA,NA,NA,NA,NA,NA,NA,NA,NA,NA,NA,NA,NA,NA,NA,NA,NA,NA,0.5
2018-06-11,"BH","1.0","2","V",NA,NA,"~1","6.0",1,"2.2",NA,NA,NA,NA,NA,2018,NA,NA,NA,NA,NA,NA,NA,NA,NA,NA,NA,NA,NA,NA,NA,NA,NA,NA,0.5
2018-06-11,"BH","1.0","2","V",NA,NA,"<1","4.5",1,"0.5",NA,NA,NA,NA,NA,2018,NA,NA,NA,NA,NA,NA,NA,NA,NA,NA,NA,NA,NA,NA,NA,NA,NA,NA,0.5
2018-06-11,"BH","1.0","2","V",NA,NA,"<1","4.6",1,"1.0",NA,NA,NA,NA,NA,2018,NA,NA,NA,NA,NA,NA,NA,NA,NA,NA,NA,NA,NA,NA,NA,NA,NA,NA,0.5
2018-06-11,"BH","1.0","2","V",NA,NA,"~1","4.6",1,"2.0",NA,NA,NA,NA,NA,2018,NA,NA,NA,NA,NA,NA,NA,NA,NA,NA,NA,NA,NA,NA,NA,NA,NA,NA,0.5
2018-06-11,"BH","1.0","2","P",42,34,"7.84","107.0",5,NA,"0.0","82.0",11.7,3,NA,2018,NA,NA,NA,NA,NA,NA,NA,NA,NA,NA,NA,NA,NA,NA,NA,NA,NA,NA,7.84
2018-06-11,"BH","1.0","2","V",NA,NA,"~1","13.5",1,"4.5",NA,NA,NA,NA,NA,2018,NA,NA,NA,NA,NA,NA,NA,NA,NA,NA,NA,NA,NA,NA,NA,NA,NA,NA,0.5
2018-06-11,"BH","1.0","2.5","P",0,40,"6.92","105.2",4,NA,"0.0","59.0",9.2,3,NA,2018,NA,NA,NA,NA,NA,NA,NA,NA,NA,NA,NA,NA,NA,NA,NA,NA,NA,NA,6.92
2018-06-11,"BH","1.0","2.5","V",NA,NA,"<1","2.3",1,"1.0",NA,NA,NA,NA,NA,2018,NA,NA,NA,NA,NA,NA,NA,NA,NA,NA,NA,NA,NA,NA,NA,NA,NA,NA,0.5
2018-06-11,"BH","1.0","2.5","V",NA,NA,"<1","3.0",1,"0.9",NA,NA,NA,NA,NA,2018,NA,NA,NA,NA,NA,NA,NA,NA,NA,NA,NA,NA,NA,NA,NA,NA,NA,NA,0.5
2018-06-11,"BH","1.0","2.5","V",NA,NA,"<1","4.2",1,"1.3",NA,NA,NA,NA,NA,2018,NA,NA,NA,NA,NA,NA,NA,NA,NA,NA,NA,NA,NA,NA,NA,NA,NA,NA,0.5
2018-06-11,"BH","1.0","2.5","V",NA,NA,"~1","7.5",2,"3.0",NA,NA,NA,NA,"not true height b/c of rock",2018,NA,NA,NA,NA,NA,NA,NA,NA,NA,NA,NA,NA,NA,NA,NA,NA,NA,NA,0.5
2018-06-11,"BH","1.0","2.5","V",NA,NA,"<1","4.3",1,"1.2",NA,NA,NA,NA,NA,2018,NA,NA,NA,NA,NA,NA,NA,NA,NA,NA,NA,NA,NA,NA,NA,NA,NA,NA,0.5
2018-06-11,"BH","1.0","2.5","V",NA,NA,"<1","3.2",1,"1.1",NA,NA,NA,NA,NA,2018,NA,NA,NA,NA,NA,NA,NA,NA,NA,NA,NA,NA,NA,NA,NA,NA,NA,NA,0.5
2018-06-11,"BH","1.0","2.5","V",NA,NA,"<1","5.8",1,"1.6",NA,NA,NA,NA,NA,2018,NA,NA,NA,NA,NA,NA,NA,NA,NA,NA,NA,NA,NA,NA,NA,NA,NA,NA,0.5
2018-06-11,"BH","1.0","3","V",NA,NA,"<1","7.4",1,"2.3",NA,NA,NA,NA,NA,2018,NA,NA,NA,NA,NA,NA,NA,NA,NA,NA,NA,NA,NA,NA,NA,NA,NA,NA,0.5
2018-06-11,"BH","1.0","3","V",NA,NA,"<1","5.0",1,"1.0",NA,NA,NA,NA,NA,2018,NA,NA,NA,NA,NA,NA,NA,NA,NA,NA,NA,NA,NA,NA,NA,NA,NA,NA,0.5
2018-06-11,"BH","1.0","3","V",NA,NA,"<1","5.0",1,"1.8",NA,NA,NA,NA,NA,2018,NA,NA,NA,NA,NA,NA,NA,NA,NA,NA,NA,NA,NA,NA,NA,NA,NA,NA,0.5
2018-06-11,"BH","1.0","3","V",NA,NA,"<1","5.0",1,"1.5",NA,NA,NA,NA,NA,2018,NA,NA,NA,NA,NA,NA,NA,NA,NA,NA,NA,NA,NA,NA,NA,NA,NA,NA,0.5
2018-06-11,"BH","1.0","3.5","V",NA,NA,"<1","4.0",1,"1.8",NA,NA,NA,NA,NA,2018,NA,NA,NA,NA,NA,NA,NA,NA,NA,NA,NA,NA,NA,NA,NA,NA,NA,NA,0.5
2018-06-11,"BH","1.0","3.5","V",NA,NA,"~1","13.0",1,"2.8",NA,NA,NA,NA,NA,2018,NA,NA,NA,NA,NA,NA,NA,NA,NA,NA,NA,NA,NA,NA,NA,NA,NA,NA,0.5
2018-06-11,"BH","1.0","3.5","V",NA,NA,"1.0","12.7",1,"2.2",NA,NA,NA,NA,NA,2018,NA,NA,NA,NA,NA,NA,NA,NA,NA,NA,NA,NA,NA,NA,NA,NA,NA,NA,1
2018-06-11,"BH","1.0","3.5","V",NA,NA,"~1","16.0",1,"2.5",NA,NA,NA,NA,NA,2018,NA,NA,NA,NA,NA,NA,NA,NA,NA,NA,NA,NA,NA,NA,NA,NA,NA,NA,0.5
2018-06-11,"BH","2.0","3","V",0,38,"2.26","7.2",1,"4.0",NA,NA,NA,NA,NA,2018,NA,NA,NA,NA,NA,NA,NA,NA,NA,NA,NA,NA,NA,NA,NA,NA,NA,NA,2.26
2018-06-11,"BH","2.0","3","V",0,38,"<1","2.2",1,"1.5",NA,NA,NA,NA,NA,2018,NA,NA,NA,NA,NA,NA,NA,NA,NA,NA,NA,NA,NA,NA,NA,NA,NA,NA,0.5
2018-06-11,"BH","2.0","3","V",0,38,"<1","5.2",1,"2.0",NA,NA,NA,NA,NA,2018,NA,NA,NA,NA,NA,NA,NA,NA,NA,NA,NA,NA,NA,NA,NA,NA,NA,NA,0.5
2018-06-11,"BH","2.0","3","V",7,37,"2.28","8.0",1,"3.5",NA,NA,NA,NA,NA,2018,NA,NA,NA,NA,NA,NA,NA,NA,NA,NA,NA,NA,NA,NA,NA,NA,NA,NA,2.28
2018-06-11,"BH","2.0","3","V",7,37,"<1","2.5",1,"1.2",NA,NA,NA,NA,NA,2018,NA,NA,NA,NA,NA,NA,NA,NA,NA,NA,NA,NA,NA,NA,NA,NA,NA,NA,0.5
2018-06-11,"BH","2.0","3","V",7,37,"<1","4.0",1,"1.9",NA,NA,NA,NA,NA,2018,NA,NA,NA,NA,NA,NA,NA,NA,NA,NA,NA,NA,NA,NA,NA,NA,NA,NA,0.5
2018-06-11,"BH","2.0","3","V",15,36,"1.65","7.5",1,"2.0",NA,NA,NA,NA,NA,2018,NA,NA,NA,NA,NA,NA,NA,NA,NA,NA,NA,NA,NA,NA,NA,NA,NA,NA,1.65
2018-06-11,"BH","2.0","3","V",15,35,"2.21","7.5",1,"4.5",NA,NA,NA,NA,NA,2018,NA,NA,NA,NA,NA,NA,NA,NA,NA,NA,NA,NA,NA,NA,NA,NA,NA,NA,2.21
2018-06-11,"BH","2.0","3","V",16,35,"2.31","10.5",1,"4.8",NA,NA,NA,NA,NA,2018,NA,NA,NA,NA,NA,NA,NA,NA,NA,NA,NA,NA,NA,NA,NA,NA,NA,NA,2.31
2018-06-11,"BH","2.0","3","V",16,35,"1.0","5.5",1,"2.6",NA,NA,NA,NA,NA,2018,NA,NA,NA,NA,NA,NA,NA,NA,NA,NA,NA,NA,NA,NA,NA,NA,NA,NA,1
2018-06-11,"BH","2.0","3","V",16,32,"1.82","6.5",1,"3.2",NA,NA,NA,NA,"H",2018,NA,NA,NA,NA,NA,NA,NA,NA,NA,NA,NA,NA,NA,NA,NA,NA,NA,NA,1.82
2018-06-11,"BH","2.0","3","V",15,30,"2.21","9.5",1,"4.2",NA,NA,NA,NA,NA,2018,NA,NA,NA,NA,NA,NA,NA,NA,NA,NA,NA,NA,NA,NA,NA,NA,NA,NA,2.21
2018-06-11,"BH","2.0","3","V",15,30,"<1","3.5",1,"1.5",NA,NA,NA,NA,NA,2018,NA,NA,NA,NA,NA,NA,NA,NA,NA,NA,NA,NA,NA,NA,NA,NA,NA,NA,0.5
2018-06-11,"BH","2.0","3","V",15,30,"<1","3.7",1,"1.4",NA,NA,NA,NA,NA,2018,NA,NA,NA,NA,NA,NA,NA,NA,NA,NA,NA,NA,NA,NA,NA,NA,NA,NA,0.5
2018-06-11,"BH","2.0","3","V",18,29,"1.72","9.3",1,"3.5",NA,NA,NA,NA,"H",2018,NA,NA,NA,NA,NA,NA,NA,NA,NA,NA,NA,NA,NA,NA,NA,NA,NA,NA,1.72
2018-06-11,"BH","2.0","3","V",18,29,"1.0","7.5",1,"2.8",NA,NA,NA,NA,NA,2018,NA,NA,NA,NA,NA,NA,NA,NA,NA,NA,NA,NA,NA,NA,NA,NA,NA,NA,1
2018-06-11,"BH","2.0","3","V",18,29,"<1","3.0",1,"1.2",NA,NA,NA,NA,NA,2018,NA,NA,NA,NA,NA,NA,NA,NA,NA,NA,NA,NA,NA,NA,NA,NA,NA,NA,0.5
2018-06-11,"BH","2.0","3","V",18,29,"<1","4.2",1,"1.6",NA,NA,NA,NA,NA,2018,NA,NA,NA,NA,NA,NA,NA,NA,NA,NA,NA,NA,NA,NA,NA,NA,NA,NA,0.5
2018-06-11,"BH","2.0","3","V",18,29,"<1","5.2",1,"2.0",NA,NA,NA,NA,NA,2018,NA,NA,NA,NA,NA,NA,NA,NA,NA,NA,NA,NA,NA,NA,NA,NA,NA,NA,0.5
2018-06-11,"BH","2.0","3","V",23,29,"2.1","11.5",1,"5.5",NA,NA,NA,NA,"H",2018,NA,NA,NA,NA,NA,NA,NA,NA,NA,NA,NA,NA,NA,NA,NA,NA,NA,NA,2.1
2018-06-11,"BH","2.0","3","V",23,29,"<1","3.2",1,"1.2",NA,NA,NA,NA,NA,2018,NA,NA,NA,NA,NA,NA,NA,NA,NA,NA,NA,NA,NA,NA,NA,NA,NA,NA,0.5
2018-06-11,"BH","2.0","3","V",25,29,"1.64","9.1",1,"3.3",NA,NA,NA,NA,NA,2018,NA,NA,NA,NA,NA,NA,NA,NA,NA,NA,NA,NA,NA,NA,NA,NA,NA,NA,1.64
2018-06-11,"BH","2.0","3","V",25,29,"<1","2.5",1,"1.1",NA,NA,NA,NA,"dying",2018,NA,NA,NA,NA,NA,NA,NA,NA,NA,NA,NA,NA,NA,NA,NA,NA,NA,NA,0.5
2018-06-11,"BH","2.0","3","V",25,29,"<1","2.5",1,"1.1",NA,NA,NA,NA,"dying",2018,NA,NA,NA,NA,NA,NA,NA,NA,NA,NA,NA,NA,NA,NA,NA,NA,NA,NA,0.5
2018-06-11,"BH","2.0","3","V",25,29,"1.0","4.5",1,"2.0",NA,NA,NA,NA,NA,2018,NA,NA,NA,NA,NA,NA,NA,NA,NA,NA,NA,NA,NA,NA,NA,NA,NA,NA,1
2018-06-11,"BH","2.0","3","V",25,29,"<1","2.5",1,"1.2",NA,NA,NA,NA,NA,2018,NA,NA,NA,NA,NA,NA,NA,NA,NA,NA,NA,NA,NA,NA,NA,NA,NA,NA,0.5
2018-06-11,"BH","2.0","3","V",25,29,"<1","3.8",1,"1.0",NA,NA,NA,NA,NA,2018,NA,NA,NA,NA,NA,NA,NA,NA,NA,NA,NA,NA,NA,NA,NA,NA,NA,NA,0.5
2018-06-11,"BH","2.0","3","V",25,29,"1.0","7.2",1,"1.8",NA,NA,NA,NA,NA,2018,NA,NA,NA,NA,NA,NA,NA,NA,NA,NA,NA,NA,NA,NA,NA,NA,NA,NA,1
2018-06-11,"BH","2.0","3","V",30,43,"2.5","17.0",1,"6.0",NA,NA,NA,NA,NA,2018,NA,NA,NA,NA,NA,NA,NA,NA,NA,NA,NA,NA,NA,NA,NA,NA,NA,NA,2.5
2018-06-11,"BH","2.0","3","V",30,43,"1.0","4.9",1,"2.4",NA,NA,NA,NA,NA,2018,NA,NA,NA,NA,NA,NA,NA,NA,NA,NA,NA,NA,NA,NA,NA,NA,NA,NA,1
2018-06-11,"BH","2.0","3","V",30,43,"1.0","4.0",1,"1.9",NA,NA,NA,NA,NA,2018,NA,NA,NA,NA,NA,NA,NA,NA,NA,NA,NA,NA,NA,NA,NA,NA,NA,NA,1
2018-06-11,"BH","2.0","3","V",30,43,"1.0","3.0",1,"2.0",NA,NA,NA,NA,"dying",2018,NA,NA,NA,NA,NA,NA,NA,NA,NA,NA,NA,NA,NA,NA,NA,NA,NA,NA,1
2018-06-11,"BH","2.0","3","V",30,43,"<1","2.7",1,"1.4",NA,NA,NA,NA,NA,2018,NA,NA,NA,NA,NA,NA,NA,NA,NA,NA,NA,NA,NA,NA,NA,NA,NA,NA,0.5
2018-06-11,"BH","2.0","3","V",40,20,"1.71","8.2",1,"3.0",NA,NA,NA,NA,NA,2018,NA,NA,NA,NA,NA,NA,NA,NA,NA,NA,NA,NA,NA,NA,NA,NA,NA,NA,1.71
2018-06-11,"BH","2.0","3","V",40,20,"1.0","6.8",1,"2.6",NA,NA,NA,NA,"H",2018,NA,NA,NA,NA,NA,NA,NA,NA,NA,NA,NA,NA,NA,NA,NA,NA,NA,NA,1
2018-06-11,"BH","2.0","3","V",40,20,"1.0","8.5",1,"3.2",NA,NA,NA,NA,NA,2018,NA,NA,NA,NA,NA,NA,NA,NA,NA,NA,NA,NA,NA,NA,NA,NA,NA,NA,1
2018-06-11,"BH","2.0","3","V",40,20,"<1","3.0",1,"1.0",NA,NA,NA,NA,"H",2018,NA,NA,NA,NA,NA,NA,NA,NA,NA,NA,NA,NA,NA,NA,NA,NA,NA,NA,0.5
2018-06-11,"BH","2.0","3","V",40,20,"1.0","5.5",1,"2.5",NA,NA,NA,NA,NA,2018,NA,NA,NA,NA,NA,NA,NA,NA,NA,NA,NA,NA,NA,NA,NA,NA,NA,NA,1
2018-06-11,"BH","2.0","3","V",40,20,"1.0","10.5",1,"2.3",NA,NA,NA,NA,NA,2018,NA,NA,NA,NA,NA,NA,NA,NA,NA,NA,NA,NA,NA,NA,NA,NA,NA,NA,1
2018-06-11,"BH","2.0","3","V",40,20,"1.0","9.5",1,"2.6",NA,NA,NA,NA,NA,2018,NA,NA,NA,NA,NA,NA,NA,NA,NA,NA,NA,NA,NA,NA,NA,NA,NA,NA,1
2018-06-11,"BH","2.0","3","V",50,11,"1.7","15.0",1,"3.6",NA,NA,NA,NA,NA,2018,NA,NA,NA,NA,NA,NA,NA,NA,NA,NA,NA,NA,NA,NA,NA,NA,NA,NA,1.7
2018-06-11,"BH","2.0","3.5","V",50,11,"1.0","4.5",1,"2.3",NA,NA,NA,NA,NA,2018,NA,NA,NA,NA,NA,NA,NA,NA,NA,NA,NA,NA,NA,NA,NA,NA,NA,NA,1
2018-06-11,"BH","2.0","3.5","V",5,45,"1.84","11.8",1,"6.8",NA,NA,NA,NA,NA,2018,NA,NA,NA,NA,NA,NA,NA,NA,NA,NA,NA,NA,NA,NA,NA,NA,NA,NA,1.84
2018-06-11,"BH","2.0","3.5","V",6,45,"2.14","10.5",1,"5.5",NA,NA,NA,NA,NA,2018,NA,NA,NA,NA,NA,NA,NA,NA,NA,NA,NA,NA,NA,NA,NA,NA,NA,NA,2.14
2018-06-11,"BH","2.0","3.5","V",6,45,"1.0","9.1",1,"3.5",NA,NA,NA,NA,NA,2018,NA,NA,NA,NA,NA,NA,NA,NA,NA,NA,NA,NA,NA,NA,NA,NA,NA,NA,1
2018-06-11,"BH","2.0","3.5","V",6,45,"1.0","6.5",1,"2.5",NA,NA,NA,NA,NA,2018,NA,NA,NA,NA,NA,NA,NA,NA,NA,NA,NA,NA,NA,NA,NA,NA,NA,NA,1
2018-06-11,"BH","2.0","3.5","V",6,45,"<1","5.0",1,"1.6",NA,NA,NA,NA,"dying",2018,NA,NA,NA,NA,NA,NA,NA,NA,NA,NA,NA,NA,NA,NA,NA,NA,NA,NA,0.5
2018-06-11,"BH","2.0","3.5","V",6,45,"<1","5.0",1,"1.3",NA,NA,NA,NA,"wilting",2018,NA,NA,NA,NA,NA,NA,NA,NA,NA,NA,NA,NA,NA,NA,NA,NA,NA,NA,0.5
2018-06-11,"BH","2.0","3.5","V",6,45,"<1","4.0",1,"0.5",NA,NA,NA,NA,"wilting",2018,NA,NA,NA,NA,NA,NA,NA,NA,NA,NA,NA,NA,NA,NA,NA,NA,NA,NA,0.5
2018-06-11,"BH","2.0","3.5","V",6,45,"1.0","6.1",1,"3.0",NA,NA,NA,NA,NA,2018,NA,NA,NA,NA,NA,NA,NA,NA,NA,NA,NA,NA,NA,NA,NA,NA,NA,NA,1
2018-06-11,"BH","2.0","3.5","V",6,45,"<1","3.0",1,"1.4",NA,NA,NA,NA,NA,2018,NA,NA,NA,NA,NA,NA,NA,NA,NA,NA,NA,NA,NA,NA,NA,NA,NA,NA,0.5
2018-06-11,"BH","2.0","3.5","V",6,45,"1.0","6.2",1,"2.9",NA,NA,NA,NA,NA,2018,NA,NA,NA,NA,NA,NA,NA,NA,NA,NA,NA,NA,NA,NA,NA,NA,NA,NA,1
2018-06-11,"BH","2.0","3.5","V",6,45,"<1","6.0",1,"1.6",NA,NA,NA,NA,NA,2018,NA,NA,NA,NA,NA,NA,NA,NA,NA,NA,NA,NA,NA,NA,NA,NA,NA,NA,0.5
2018-06-11,"BH","2.0","3.5","V",6,45,"<1","5.1",1,"2.0",NA,NA,NA,NA,NA,2018,NA,NA,NA,NA,NA,NA,NA,NA,NA,NA,NA,NA,NA,NA,NA,NA,NA,NA,0.5
2018-06-11,"BH","2.0","3.5","V",13,14,"1.99","9.5",1,"3.8",NA,NA,NA,NA,NA,2018,NA,NA,NA,NA,NA,NA,NA,NA,NA,NA,NA,NA,NA,NA,NA,NA,NA,NA,1.99
2018-06-11,"BH","2.0","3.5","V",13,14,"1.0","5.0",1,"2.1",NA,NA,NA,NA,NA,2018,NA,NA,NA,NA,NA,NA,NA,NA,NA,NA,NA,NA,NA,NA,NA,NA,NA,NA,1
2018-06-11,"BH","2.0","3.5","V",13,14,"1.0","9.6",1,"3.0",NA,NA,NA,NA,NA,2018,NA,NA,NA,NA,NA,NA,NA,NA,NA,NA,NA,NA,NA,NA,NA,NA,NA,NA,1
2018-06-11,"BH","2.0","3.5","V",13,14,"<1","6.6",1,"2.5",NA,NA,NA,NA,NA,2018,NA,NA,NA,NA,NA,NA,NA,NA,NA,NA,NA,NA,NA,NA,NA,NA,NA,NA,0.5
2018-06-11,"BH","2.0","3.5","V",13,14,"1.0","4.8",1,"2.4",NA,NA,NA,NA,NA,2018,NA,NA,NA,NA,NA,NA,NA,NA,NA,NA,NA,NA,NA,NA,NA,NA,NA,NA,1
2018-06-11,"BH","2.0","4","V",0,90,"3.71","41.8",1,"6.3",NA,NA,NA,NA,"out of plot huge reg plant",2018,NA,NA,NA,NA,NA,NA,NA,NA,NA,NA,NA,NA,NA,NA,NA,NA,NA,NA,3.71
2018-06-11,"BH","2.0","3.5","V",NA,NA,"~1","3.0",1,"2.2",NA,NA,NA,NA,NA,2018,NA,NA,NA,NA,NA,NA,NA,NA,NA,NA,NA,NA,NA,NA,NA,NA,NA,NA,0.5
2018-06-11,"BH","2.0","3.5","V",37,40,"3.1","8.2",1,"4.1",NA,NA,NA,NA,NA,2018,NA,NA,NA,NA,NA,NA,NA,NA,NA,NA,NA,NA,NA,NA,NA,NA,NA,NA,3.1
2018-06-11,"BH","2.0","3.5","V",37,43,"1.5","6.0",1,"3.2",NA,NA,NA,NA,NA,2018,NA,NA,NA,NA,NA,NA,NA,NA,NA,NA,NA,NA,NA,NA,NA,NA,NA,NA,1.5
2018-06-11,"BH","2.0","3.5","V",NA,NA,"~1","4.3",1,"2.2",NA,NA,NA,NA,NA,2018,NA,NA,NA,NA,NA,NA,NA,NA,NA,NA,NA,NA,NA,NA,NA,NA,NA,NA,0.5
2018-06-11,"BH","2.0","3.5","V",NA,NA,"~1","3.7",2,"2.1",NA,NA,NA,NA,"herbivory",2018,NA,NA,NA,NA,NA,NA,NA,NA,NA,NA,NA,NA,NA,NA,NA,NA,NA,NA,0.5
2018-06-11,"BH","2.0","3.5","V",NA,NA,"~1","3.4",1,"1.7",NA,NA,NA,NA,NA,2018,NA,NA,NA,NA,NA,NA,NA,NA,NA,NA,NA,NA,NA,NA,NA,NA,NA,NA,0.5
2018-06-11,"BH","2.0","3.5","V",NA,NA,"<1","2.4",1,"1.3",NA,NA,NA,NA,NA,2018,NA,NA,NA,NA,NA,NA,NA,NA,NA,NA,NA,NA,NA,NA,NA,NA,NA,NA,0.5
2018-06-11,"BH","2.0","3.5","V",NA,NA,"<1","2.6",1,"1.3",NA,NA,NA,NA,NA,2018,NA,NA,NA,NA,NA,NA,NA,NA,NA,NA,NA,NA,NA,NA,NA,NA,NA,NA,0.5
2018-06-11,"BH","2.0","3.5","V",NA,NA,"1.4","5.2",1,"3.2",NA,NA,NA,NA,NA,2018,NA,NA,NA,NA,NA,NA,NA,NA,NA,NA,NA,NA,NA,NA,NA,NA,NA,NA,1.4
2018-06-11,"BH","2.0","3.5","V",NA,NA,"<1","1.8",1,"0.7",NA,NA,NA,NA,NA,2018,NA,NA,NA,NA,NA,NA,NA,NA,NA,NA,NA,NA,NA,NA,NA,NA,NA,NA,0.5
2018-06-11,"BH","2.0","2.5","V",NA,NA,"~1","2.4",1,"2.0",NA,NA,NA,NA,NA,2018,NA,NA,NA,NA,NA,NA,NA,NA,NA,NA,NA,NA,NA,NA,NA,NA,NA,NA,0.5
2018-06-11,"BH","2.0","2.5","V",NA,NA,"<1","1.4",1,"0.5",NA,NA,NA,NA,NA,2018,NA,NA,NA,NA,NA,NA,NA,NA,NA,NA,NA,NA,NA,NA,NA,NA,NA,NA,0.5
2018-06-11,"BH","2.0","2.5","V",NA,NA,"<1","3.2",1,"0.9",NA,NA,NA,NA,NA,2018,NA,NA,NA,NA,NA,NA,NA,NA,NA,NA,NA,NA,NA,NA,NA,NA,NA,NA,0.5
2018-06-11,"BH","2.0","2.5","V",NA,NA,"<1","1.6",1,"1.4",NA,NA,NA,NA,NA,2018,NA,NA,NA,NA,NA,NA,NA,NA,NA,NA,NA,NA,NA,NA,NA,NA,NA,NA,0.5
2018-06-11,"BH","2.0","2.5","V",NA,NA,"<1","1.3",1,"1.0",NA,NA,NA,NA,NA,2018,NA,NA,NA,NA,NA,NA,NA,NA,NA,NA,NA,NA,NA,NA,NA,NA,NA,NA,0.5
2018-06-11,"BH","2.0","2.5","V",NA,NA,"<1","1.1",1,"1.6",NA,NA,NA,NA,NA,2018,NA,NA,NA,NA,NA,NA,NA,NA,NA,NA,NA,NA,NA,NA,NA,NA,NA,NA,0.5
2018-06-11,"BH","2.0","2.5","V",33,10,"1.6","4.1",1,"2.2",NA,NA,NA,NA,NA,2018,NA,NA,NA,NA,NA,NA,NA,NA,NA,NA,NA,NA,NA,NA,NA,NA,NA,NA,1.6
2018-06-11,"BH","2.0","2.5","V",NA,NA,"1.32","2.7",1,"2.4",NA,NA,NA,NA,NA,2018,NA,NA,NA,NA,NA,NA,NA,NA,NA,NA,NA,NA,NA,NA,NA,NA,NA,NA,1.32
2018-06-11,"BH","2.0","2.5","V",NA,NA,"~1","3.7",1,"1.6",NA,NA,NA,NA,NA,2018,NA,NA,NA,NA,NA,NA,NA,NA,NA,NA,NA,NA,NA,NA,NA,NA,NA,NA,0.5
2018-06-11,"BH","2.0","2.5","V",NA,NA,"<1","2.5",1,"0.5",NA,NA,NA,NA,NA,2018,NA,NA,NA,NA,NA,NA,NA,NA,NA,NA,NA,NA,NA,NA,NA,NA,NA,NA,0.5
2018-06-11,"BH","2.0","2.5","V",NA,NA,"<1","3.1",1,"1.1",NA,NA,NA,NA,NA,2018,NA,NA,NA,NA,NA,NA,NA,NA,NA,NA,NA,NA,NA,NA,NA,NA,NA,NA,0.5
2018-06-11,"BH","2.0","2.5","V",NA,NA,"1.1","4.0",1,"2.4",NA,NA,NA,NA,NA,2018,NA,NA,NA,NA,NA,NA,NA,NA,NA,NA,NA,NA,NA,NA,NA,NA,NA,NA,1.1
2018-06-11,"BH","2.0","2.5","V",NA,NA,"<1","3.6",1,"0.5",NA,NA,NA,NA,NA,2018,NA,NA,NA,NA,NA,NA,NA,NA,NA,NA,NA,NA,NA,NA,NA,NA,NA,NA,0.5
2018-06-11,"BH","2.0","2.5","V",NA,NA,"<1","2.9",1,"1.2",NA,NA,NA,NA,NA,2018,NA,NA,NA,NA,NA,NA,NA,NA,NA,NA,NA,NA,NA,NA,NA,NA,NA,NA,0.5
2018-06-11,"BH","2.0","2.5","V",NA,NA,"<1","3.2",1,"0.8",NA,NA,NA,NA,NA,2018,NA,NA,NA,NA,NA,NA,NA,NA,NA,NA,NA,NA,NA,NA,NA,NA,NA,NA,0.5
2018-06-11,"BH","2.0","2.5","V",NA,NA,"<1","3.5",1,"0.9",NA,NA,NA,NA,NA,2018,NA,NA,NA,NA,NA,NA,NA,NA,NA,NA,NA,NA,NA,NA,NA,NA,NA,NA,0.5
2018-06-11,"BH","2.0","2.5","V",NA,NA,"<1","3.1",1,"1.2",NA,NA,NA,NA,NA,2018,NA,NA,NA,NA,NA,NA,NA,NA,NA,NA,NA,NA,NA,NA,NA,NA,NA,NA,0.5
2018-06-11,"BH","2.0","2.5","V",NA,NA,"<1","3.4",1,"1.1",NA,NA,NA,NA,NA,2018,NA,NA,NA,NA,NA,NA,NA,NA,NA,NA,NA,NA,NA,NA,NA,NA,NA,NA,0.5
2018-06-11,"BH","2.0","2.5","V",NA,NA,"<1","3.4",1,"1.4",NA,NA,NA,NA,NA,2018,NA,NA,NA,NA,NA,NA,NA,NA,NA,NA,NA,NA,NA,NA,NA,NA,NA,NA,0.5
2018-06-11,"BH","2.0","2.5","V",NA,NA,"<1","2.8",1,"1.5",NA,NA,NA,NA,NA,2018,NA,NA,NA,NA,NA,NA,NA,NA,NA,NA,NA,NA,NA,NA,NA,NA,NA,NA,0.5
2018-06-11,"BH","2.0","3.5","V",49,7,"2.24","4.6",2,"2.7",NA,NA,NA,NA,NA,2018,NA,NA,NA,NA,NA,NA,NA,NA,NA,NA,NA,NA,NA,NA,NA,NA,NA,NA,2.24
2018-06-11,"BH","2.0","3.5","V",50,21,"1.95","4.8",1,"1.9",NA,NA,NA,NA,NA,2018,NA,NA,NA,NA,NA,NA,NA,NA,NA,NA,NA,NA,NA,NA,NA,NA,NA,NA,1.95
2018-06-11,"BH","2.0","3.5","V",50,23,"1.49","7.1",1,"1.8",NA,NA,NA,NA,NA,2018,NA,NA,NA,NA,NA,NA,NA,NA,NA,NA,NA,NA,NA,NA,NA,NA,NA,NA,1.49
2018-06-11,"BH","2.0","3.5","V",NA,NA,"~1","7.1",1,"3.2",NA,NA,NA,NA,"entering note: entered 3.2 for longest leaf, I think the decimal was rubbed off",2018,NA,NA,NA,NA,NA,NA,NA,NA,NA,NA,NA,NA,NA,NA,NA,NA,NA,NA,0.5
2018-06-11,"BH","2.0","3.5","V",NA,NA,"~1","8.0",1,"2.6",NA,NA,NA,NA,NA,2018,NA,NA,NA,NA,NA,NA,NA,NA,NA,NA,NA,NA,NA,NA,NA,NA,NA,NA,0.5
2018-06-11,"BH","2.0","3.5","V",48,32,"2.7","9.8",1,"5.4",NA,NA,NA,NA,NA,2018,NA,NA,NA,NA,NA,NA,NA,NA,NA,NA,NA,NA,NA,NA,NA,NA,NA,NA,2.7
2018-06-11,"BH","2.0","3.5","V",NA,NA,"~1","7.0",1,"2.1",NA,NA,NA,NA,NA,2018,NA,NA,NA,NA,NA,NA,NA,NA,NA,NA,NA,NA,NA,NA,NA,NA,NA,NA,0.5
2018-06-11,"BH","2.0","3.5","V",NA,NA,"<1","7.4",1,"1.9",NA,NA,NA,NA,NA,2018,NA,NA,NA,NA,NA,NA,NA,NA,NA,NA,NA,NA,NA,NA,NA,NA,NA,NA,0.5
2018-06-11,"BH","2.0","3.5","V",NA,NA,"1.4","11.2",1,"3.1",NA,NA,NA,NA,NA,2018,NA,NA,NA,NA,NA,NA,NA,NA,NA,NA,NA,NA,NA,NA,NA,NA,NA,NA,1.4
2018-06-11,"BH","2.0","3.5","V",NA,NA,"~1","8.2",1,"2.1",NA,NA,NA,NA,NA,2018,NA,NA,NA,NA,NA,NA,NA,NA,NA,NA,NA,NA,NA,NA,NA,NA,NA,NA,0.5
2018-06-11,"BH","2.0","1.5","V",19,44,"1.8","12.6",1,"3.2",NA,NA,NA,NA,"growing out of rock, height estimated",2018,NA,NA,NA,NA,NA,NA,NA,NA,NA,NA,NA,NA,NA,NA,NA,NA,NA,NA,1.8
2018-06-11,"BH","2.0","1.5","V",0,54,"2.1","13.9",1,"4.8",NA,NA,NA,NA,"can't get calipers in, estimated, diameter, slightly out of plot",2018,NA,NA,NA,NA,NA,NA,NA,NA,NA,NA,NA,NA,NA,NA,NA,NA,NA,NA,2.1
2018-06-11,"BH","2.0","1.5","V",NA,NA,"<1","1.5",1,"0.7",NA,NA,NA,NA,NA,2018,NA,NA,NA,NA,NA,NA,NA,NA,NA,NA,NA,NA,NA,NA,NA,NA,NA,NA,0.5
2018-06-11,"BH","2.0","1.5","V",NA,NA,"1.1","4.0",1,"2.4",NA,NA,NA,NA,"herbivory",2018,NA,NA,NA,NA,NA,NA,NA,NA,NA,NA,NA,NA,NA,NA,NA,NA,NA,NA,1.1
2018-06-11,"BH","2.0","1.5","V",NA,NA,"~1","5.9",1,"1.9",NA,NA,NA,NA,"lots of herbivory",2018,NA,NA,NA,NA,NA,NA,NA,NA,NA,NA,NA,NA,NA,NA,NA,NA,NA,NA,0.5
2018-06-11,"BH","2.0","1.5","V",35,25,"1.5","7.9",1,"3.4",NA,NA,NA,NA,NA,2018,NA,NA,NA,NA,NA,NA,NA,NA,NA,NA,NA,NA,NA,NA,NA,NA,NA,NA,1.5
2018-06-11,"BH","2.0","1.5","V",35,18,"1.7","5.2",1,"3.1",NA,NA,NA,NA,NA,2018,NA,NA,NA,NA,NA,NA,NA,NA,NA,NA,NA,NA,NA,NA,NA,NA,NA,NA,1.7
2018-06-11,"BH","2.0","1.5","V",NA,NA,"<1","2.7",1,"1.5",NA,NA,NA,NA,NA,2018,NA,NA,NA,NA,NA,NA,NA,NA,NA,NA,NA,NA,NA,NA,NA,NA,NA,NA,0.5
2018-06-11,"BH","2.0","1.5","V",30,13,"1.8","4.6",1,"2.8",NA,NA,NA,NA,NA,2018,NA,NA,NA,NA,NA,NA,NA,NA,NA,NA,NA,NA,NA,NA,NA,NA,NA,NA,1.8
2018-06-11,"BH","2.0","1.5","V",NA,NA,"<1","2.5",1,"1.1",NA,NA,NA,NA,NA,2018,NA,NA,NA,NA,NA,NA,NA,NA,NA,NA,NA,NA,NA,NA,NA,NA,NA,NA,0.5
2018-06-11,"BH","2.0","1.5","V",NA,NA,"<1","3.4",1,"1.0",NA,NA,NA,NA,NA,2018,NA,NA,NA,NA,NA,NA,NA,NA,NA,NA,NA,NA,NA,NA,NA,NA,NA,NA,0.5
2018-06-11,"BH","2.0","1.5","V",NA,NA,"<1","3.6",1,"1.5",NA,NA,NA,NA,NA,2018,NA,NA,NA,NA,NA,NA,NA,NA,NA,NA,NA,NA,NA,NA,NA,NA,NA,NA,0.5
2018-06-11,"BH","2.0","1.5","V",NA,NA,"~1","3.7",1,"1.6",NA,NA,NA,NA,NA,2018,NA,NA,NA,NA,NA,NA,NA,NA,NA,NA,NA,NA,NA,NA,NA,NA,NA,NA,0.5
2018-06-11,"BH","2.0","1.5","V",NA,NA,"<1","3.3",1,"1.1",NA,NA,NA,NA,NA,2018,NA,NA,NA,NA,NA,NA,NA,NA,NA,NA,NA,NA,NA,NA,NA,NA,NA,NA,0.5
2018-06-11,"BH","2.0","2","V",NA,NA,"<1","2.6",1,"0.7",NA,NA,NA,NA,NA,2018,NA,NA,NA,NA,NA,NA,NA,NA,NA,NA,NA,NA,NA,NA,NA,NA,NA,NA,0.5
2018-06-11,"BH","2.0","2","V",NA,NA,"<1","2.3",1,"0.7",NA,NA,NA,NA,NA,2018,NA,NA,NA,NA,NA,NA,NA,NA,NA,NA,NA,NA,NA,NA,NA,NA,NA,NA,0.5
2018-06-11,"BH","2.0","2","V",NA,NA,"<1","2.8",1,"1.0",NA,NA,NA,NA,NA,2018,NA,NA,NA,NA,NA,NA,NA,NA,NA,NA,NA,NA,NA,NA,NA,NA,NA,NA,0.5
2018-06-11,"BH","2.0","2","V",NA,NA,"<1","1.7",1,"0.6",NA,NA,NA,NA,NA,2018,NA,NA,NA,NA,NA,NA,NA,NA,NA,NA,NA,NA,NA,NA,NA,NA,NA,NA,0.5
2018-06-11,"BH","2.0","2","V",NA,NA,"<1","1.6",1,"0.4",NA,NA,NA,NA,NA,2018,NA,NA,NA,NA,NA,NA,NA,NA,NA,NA,NA,NA,NA,NA,NA,NA,NA,NA,0.5
2018-06-11,"BH","2.0","2","V",NA,NA,"<1","2.9",1,"1.1",NA,NA,NA,NA,NA,2018,NA,NA,NA,NA,NA,NA,NA,NA,NA,NA,NA,NA,NA,NA,NA,NA,NA,NA,0.5
2018-06-11,"BH","2.0","2","V",NA,NA,"<1","2.1",1,"0.7",NA,NA,NA,NA,NA,2018,NA,NA,NA,NA,NA,NA,NA,NA,NA,NA,NA,NA,NA,NA,NA,NA,NA,NA,0.5
2018-06-11,"BH","2.0","2","V",NA,NA,"<1","1.9",1,"1.0",NA,NA,NA,NA,NA,2018,NA,NA,NA,NA,NA,NA,NA,NA,NA,NA,NA,NA,NA,NA,NA,NA,NA,NA,0.5
2018-06-11,"BH","2.0","2","V",NA,NA,"<1","1.8",1,"0.8",NA,NA,NA,NA,NA,2018,NA,NA,NA,NA,NA,NA,NA,NA,NA,NA,NA,NA,NA,NA,NA,NA,NA,NA,0.5
2018-06-11,"BH","2.0","2","V",NA,NA,"<1","2.1",1,"0.6",NA,NA,NA,NA,NA,2018,NA,NA,NA,NA,NA,NA,NA,NA,NA,NA,NA,NA,NA,NA,NA,NA,NA,NA,0.5
2018-06-11,"BH","2.0","2","V",NA,NA,"<1","2.2",1,"0.8",NA,NA,NA,NA,"herbivory",2018,NA,NA,NA,NA,NA,NA,NA,NA,NA,NA,NA,NA,NA,NA,NA,NA,NA,NA,0.5
2018-06-11,"BH","2.0","2","V",NA,NA,"<1","1.8",1,"0.6",NA,NA,NA,NA,NA,2018,NA,NA,NA,NA,NA,NA,NA,NA,NA,NA,NA,NA,NA,NA,NA,NA,NA,NA,0.5
2018-06-11,"BH","2.0","2","V",NA,NA,"<1","1.8",1,"0.6",NA,NA,NA,NA,NA,2018,NA,NA,NA,NA,NA,NA,NA,NA,NA,NA,NA,NA,NA,NA,NA,NA,NA,NA,0.5
2018-06-11,"BH","2.0","2","V",NA,NA,"<1","4.4",1,"1.3",NA,NA,NA,NA,"herbivory",2018,NA,NA,NA,NA,NA,NA,NA,NA,NA,NA,NA,NA,NA,NA,NA,NA,NA,NA,0.5
2018-06-11,"BH","2.0","2","V",NA,NA,"<1","2.7",1,"0.8",NA,NA,NA,NA,NA,2018,NA,NA,NA,NA,NA,NA,NA,NA,NA,NA,NA,NA,NA,NA,NA,NA,NA,NA,0.5
2018-06-11,"BH","2.0","2","V",NA,NA,"<1","3.1",1,"1.9",NA,NA,NA,NA,NA,2018,NA,NA,NA,NA,NA,NA,NA,NA,NA,NA,NA,NA,NA,NA,NA,NA,NA,NA,0.5
2018-06-11,"BH","2.0","2","V",NA,NA,"<1","2.3",1,"1.2",NA,NA,NA,NA,NA,2018,NA,NA,NA,NA,NA,NA,NA,NA,NA,NA,NA,NA,NA,NA,NA,NA,NA,NA,0.5
2018-06-11,"BH","2.0","2","V",NA,NA,"<1","1.8",1,"1.1",NA,NA,NA,NA,NA,2018,NA,NA,NA,NA,NA,NA,NA,NA,NA,NA,NA,NA,NA,NA,NA,NA,NA,NA,0.5
2018-06-11,"BH","2.0","2","V",NA,NA,"<1","1.1",1,"0.6",NA,NA,NA,NA,NA,2018,NA,NA,NA,NA,NA,NA,NA,NA,NA,NA,NA,NA,NA,NA,NA,NA,NA,NA,0.5
2018-06-11,"BH","2.0","2","V",NA,NA,"<1","1.4",1,"1.0",NA,NA,NA,NA,NA,2018,NA,NA,NA,NA,NA,NA,NA,NA,NA,NA,NA,NA,NA,NA,NA,NA,NA,NA,0.5
2018-06-11,"BH","2.0","2","V",NA,NA,"<1","2.7",1,"1.7",NA,NA,NA,NA,NA,2018,NA,NA,NA,NA,NA,NA,NA,NA,NA,NA,NA,NA,NA,NA,NA,NA,NA,NA,0.5
2018-06-11,"BH","2.0","2","V",NA,NA,"<1","1.5",1,"0.9",NA,NA,NA,NA,NA,2018,NA,NA,NA,NA,NA,NA,NA,NA,NA,NA,NA,NA,NA,NA,NA,NA,NA,NA,0.5
2018-06-11,"BH","2.0","2","V",15,37,"8.77","23.6",4,"4.6",NA,NA,NA,NA,"really wilted",2018,NA,NA,NA,NA,NA,NA,NA,NA,NA,NA,NA,NA,NA,NA,NA,NA,NA,NA,8.77
2018-06-11,"BH","2.0","2","V",NA,NA,"<1","4.1",1,"0.8",NA,NA,NA,NA,NA,2018,NA,NA,NA,NA,NA,NA,NA,NA,NA,NA,NA,NA,NA,NA,NA,NA,NA,NA,0.5
2018-06-11,"BH","2.0","2","V",15,43,"2.46","13.4",1,"5.7",NA,NA,NA,NA,NA,2018,NA,NA,NA,NA,NA,NA,NA,NA,NA,NA,NA,NA,NA,NA,NA,NA,NA,NA,2.46
2018-06-11,"BH","2.0","2","V",NA,NA,"1.11","6.5",1,"2.1",NA,NA,NA,NA,NA,2018,NA,NA,NA,NA,NA,NA,NA,NA,NA,NA,NA,NA,NA,NA,NA,NA,NA,NA,1.11
2018-06-11,"BH","2.0","2","V",NA,NA,"<1","3.1",1,"1.5",NA,NA,NA,NA,NA,2018,NA,NA,NA,NA,NA,NA,NA,NA,NA,NA,NA,NA,NA,NA,NA,NA,NA,NA,0.5
2018-06-11,"BH","2.0","2","V",NA,NA,"~1","3.0",1,"1.7",NA,NA,NA,NA,NA,2018,NA,NA,NA,NA,NA,NA,NA,NA,NA,NA,NA,NA,NA,NA,NA,NA,NA,NA,0.5
2018-06-11,"BH","2.0","2","V",NA,NA,"~1","5.1",1,"1.6",NA,NA,NA,NA,NA,2018,NA,NA,NA,NA,NA,NA,NA,NA,NA,NA,NA,NA,NA,NA,NA,NA,NA,NA,0.5
2018-06-11,"BH","2.0","2","V",NA,NA,"~1","6.1",1,"2.6",NA,NA,NA,NA,NA,2018,NA,NA,NA,NA,NA,NA,NA,NA,NA,NA,NA,NA,NA,NA,NA,NA,NA,NA,0.5
2018-06-11,"BH","2.0","2","V",NA,NA,"<1","3.6",1,"1.1",NA,NA,NA,NA,NA,2018,NA,NA,NA,NA,NA,NA,NA,NA,NA,NA,NA,NA,NA,NA,NA,NA,NA,NA,0.5
2018-06-11,"BH","2.0","2","V",NA,NA,"<1","2.4",1,"1.1",NA,NA,NA,NA,NA,2018,NA,NA,NA,NA,NA,NA,NA,NA,NA,NA,NA,NA,NA,NA,NA,NA,NA,NA,0.5
2018-06-11,"BH","2.0","2","V",NA,NA,"~1","3.3",1,"1.1",NA,NA,NA,NA,NA,2018,NA,NA,NA,NA,NA,NA,NA,NA,NA,NA,NA,NA,NA,NA,NA,NA,NA,NA,0.5
2018-06-11,"BH","2.0","2","V",NA,NA,"1.4","3.3",1,"2.2",NA,NA,NA,NA,NA,2018,NA,NA,NA,NA,NA,NA,NA,NA,NA,NA,NA,NA,NA,NA,NA,NA,NA,NA,1.4
2018-06-11,"BH","2.0","2","V",NA,NA,"<1","1.4",1,"2.2",NA,NA,NA,NA,NA,2018,NA,NA,NA,NA,NA,NA,NA,NA,NA,NA,NA,NA,NA,NA,NA,NA,NA,NA,0.5
2018-06-11,"BH","2.0","2","V",NA,NA,"1.25","2.9",1,"2.2",NA,NA,NA,NA,NA,2018,NA,NA,NA,NA,NA,NA,NA,NA,NA,NA,NA,NA,NA,NA,NA,NA,NA,NA,1.25
2018-06-11,"BH","2.0","2.5","V",5,31,"3.05","7.5",3,"2.5",NA,NA,NA,NA,NA,2018,NA,NA,NA,NA,NA,NA,NA,NA,NA,NA,NA,NA,NA,NA,NA,NA,NA,NA,3.05
2018-06-11,"BH","2.0","2.5","V",NA,NA,"<1","1.7",1,"0.6",NA,NA,NA,NA,NA,2018,NA,NA,NA,NA,NA,NA,NA,NA,NA,NA,NA,NA,NA,NA,NA,NA,NA,NA,0.5
2018-06-11,"BH","2.0","2.5","V",NA,NA,"<1","1.5",1,"1.3",NA,NA,NA,NA,NA,2018,NA,NA,NA,NA,NA,NA,NA,NA,NA,NA,NA,NA,NA,NA,NA,NA,NA,NA,0.5
2018-06-11,"BH","2.0","2.5","V",18,10,"1.94","3.2",1,"2.7",NA,NA,NA,NA,NA,2018,NA,NA,NA,NA,NA,NA,NA,NA,NA,NA,NA,NA,NA,NA,NA,NA,NA,NA,1.94
2018-06-11,"BH","2.0","2.5","V",NA,NA,"~1","3.3",1,"1.4",NA,NA,NA,NA,NA,2018,NA,NA,NA,NA,NA,NA,NA,NA,NA,NA,NA,NA,NA,NA,NA,NA,NA,NA,0.5
2018-06-11,"BH","2.0","2.5","V",NA,NA,"1.4","2.6",1,"2.0",NA,NA,NA,NA,NA,2018,NA,NA,NA,NA,NA,NA,NA,NA,NA,NA,NA,NA,NA,NA,NA,NA,NA,NA,1.4
2018-06-11,"BH","2.0","2.5","V",NA,NA,"<1","2.4",1,"0.7",NA,NA,NA,NA,NA,2018,NA,NA,NA,NA,NA,NA,NA,NA,NA,NA,NA,NA,NA,NA,NA,NA,NA,NA,0.5
2018-06-11,"BH","2.0","2.5","V",NA,NA,"~1","2.9",1,"1.7",NA,NA,NA,NA,NA,2018,NA,NA,NA,NA,NA,NA,NA,NA,NA,NA,NA,NA,NA,NA,NA,NA,NA,NA,0.5
2018-06-11,"BH","2.0","2.5","V",NA,NA,"~1","1.7",1,"1.4",NA,NA,NA,NA,"height estimate b/c of rocks",2018,NA,NA,NA,NA,NA,NA,NA,NA,NA,NA,NA,NA,NA,NA,NA,NA,NA,NA,0.5
2018-06-11,"BH","2.0","2.5","V",NA,NA,"~1","2.4",1,"1.6",NA,NA,NA,NA,NA,2018,NA,NA,NA,NA,NA,NA,NA,NA,NA,NA,NA,NA,NA,NA,NA,NA,NA,NA,0.5
2019-06-17,"BH","1.0","1.5","X",46,50,NA,NA,NA,NA,NA,NA,NA,NA,NA,2019,NA,"Eva, Maca, Elizabeth, & Laura",NA,NA,NA,NA,NA,NA,NA,NA,"grn",NA,NA,NA,NA,NA,NA,NA,NA
2019-06-17,"BH","1.0","2.0","X",42,34,NA,NA,NA,NA,NA,NA,NA,NA,NA,2019,NA,"Eva, Maca, Elizabeth, & Laura",NA,NA,NA,NA,NA,NA,NA,NA,"red",NA,NA,NA,NA,NA,NA,NA,NA
2019-06-17,"BH","1.0","2.5","X",0,40,NA,NA,NA,NA,NA,NA,NA,NA,NA,2019,NA,"Eva, Maca, Elizabeth, & Laura",NA,NA,NA,NA,NA,NA,NA,NA,"red",NA,NA,NA,NA,NA,NA,NA,NA
2019-06-17,"BH","1.0","4.0","X",10,27,NA,NA,NA,NA,NA,NA,NA,NA,NA,2019,NA,"Eva, Maca, Elizabeth, & Laura",NA,NA,NA,NA,NA,NA,NA,NA,"grn",NA,NA,NA,NA,NA,NA,NA,NA
2019-06-17,"BH","1.0","4.5","X",7,19,NA,NA,NA,NA,NA,NA,NA,NA,NA,2019,NA,"Eva, Maca, Elizabeth, & Laura",NA,NA,NA,NA,NA,NA,NA,NA,"grn",NA,NA,NA,NA,NA,NA,NA,NA
2019-06-17,"BH","1.0","4.5","X",7,15,NA,NA,NA,NA,NA,NA,NA,NA,NA,2019,NA,"Eva, Maca, Elizabeth, & Laura",NA,NA,NA,NA,NA,NA,NA,NA,"grn",NA,NA,NA,NA,NA,NA,NA,NA
2019-06-17,"BH","1.0","5.5","X",30,50,NA,NA,NA,NA,NA,NA,NA,NA,NA,2019,NA,"Eva, Maca, Elizabeth, & Laura",NA,NA,NA,NA,NA,NA,NA,NA,"red",NA,NA,NA,NA,NA,NA,NA,NA
2019-06-17,"BH","1.0","7.0","P",22,35,"7.5","105.7",5,NA,"0.0","61.0",9.2,3,"red tag added #103",2019,NA,"Eva, Maca, Elizabeth, & Laura",NA,NA,NA,NA,NA,NA,NA,NA,"grn",NA,NA,"Y",NA,NA,NA,NA,7.5
2019-06-17,"BH","1.0","8.0","X",0,29,NA,NA,NA,NA,NA,NA,NA,NA,NA,2019,NA,"Eva, Maca, Elizabeth, & Laura",NA,NA,NA,NA,NA,NA,NA,NA,"red",NA,NA,NA,NA,NA,NA,NA,NA
2019-06-17,"BH","1.0","9.0","V",2,39,"6.63","21.0",3,"5.3",NA,NA,NA,NA,"added number tag ""9""",2019,NA,"Eva, Maca, Elizabeth, & Laura",NA,NA,NA,NA,NA,NA,NA,NA,"grn","9.0",NA,"Y",NA,NA,NA,NA,6.63
2019-06-17,"BH","1.0","9.0","P",1,26,"6.27","110.0",5,NA,"3.0","45.0",10.5,5,"we think transect shifted, hard time figuring out if these were in 8.5 or 9, added number tag #80",2019,NA,"Eva, Maca, Elizabeth, & Laura",NA,NA,NA,NA,NA,NA,NA,NA,"grn","80.0",NA,"Y",NA,NA,NA,NA,6.27
2019-06-17,"BH","1.0","9.0","X",1,28,NA,NA,NA,NA,NA,NA,NA,NA,NA,2019,NA,"Eva, Maca, Elizabeth, & Laura",NA,NA,NA,NA,NA,NA,NA,NA,"red",NA,NA,NA,NA,NA,NA,NA,NA
2019-06-17,"BH","1.0","9.0","X",47,24,NA,NA,NA,NA,NA,NA,NA,NA,NA,2019,NA,"Eva, Maca, Elizabeth, & Laura",NA,NA,NA,NA,NA,NA,NA,NA,"red",NA,NA,NA,NA,NA,NA,NA,NA
2019-06-17,"BH","1.0","9.5","X",21,16,NA,NA,NA,NA,NA,NA,NA,NA,NA,2019,NA,"Eva, Maca, Elizabeth, & Laura",NA,NA,NA,NA,NA,NA,NA,NA,"grn",NA,NA,NA,NA,NA,NA,NA,NA
2019-06-17,"BH","1.0","10.5","P",37,42,"7.9","114.0",4,NA,"0.0","65.0",11.6,4,"new red tag #133",2019,NA,"Eva, Maca, Elizabeth, & Laura",NA,NA,NA,NA,NA,NA,NA,NA,"grn",NA,NA,"Y",NA,NA,NA,NA,7.9
2019-06-17,"BH","2.0","0.5","X",20,34,NA,NA,NA,NA,NA,NA,NA,NA,NA,2019,NA,"Eva, Maca, Elizabeth, & Laura",NA,NA,NA,NA,NA,NA,NA,NA,"grn",NA,NA,NA,NA,NA,NA,NA,NA
2019-06-17,"BH","2.0","0.5","X",46,46,NA,NA,NA,NA,NA,NA,NA,NA,NA,2019,NA,"Eva, Maca, Elizabeth, & Laura",NA,NA,NA,NA,NA,NA,NA,NA,"red",NA,NA,NA,NA,NA,NA,NA,NA
2019-06-17,"BH","2.0","1.0","X",29,36,NA,NA,NA,NA,NA,NA,NA,NA,NA,2019,NA,"Eva, Maca, Elizabeth, & Laura",NA,NA,NA,NA,NA,NA,NA,NA,"grn",NA,NA,NA,NA,NA,NA,NA,NA
2019-06-17,"BH","2.0","1.5","X",5,10,NA,NA,NA,NA,NA,NA,NA,NA,NA,2019,NA,"Eva, Maca, Elizabeth, & Laura",NA,NA,NA,NA,NA,NA,NA,NA,"grn",NA,NA,NA,NA,NA,NA,NA,NA
2019-06-17,"BH","2.0","1.5","X",15,35,NA,NA,NA,NA,NA,NA,NA,NA,NA,2019,NA,"Eva, Maca, Elizabeth, & Laura",NA,NA,NA,NA,NA,NA,NA,NA,"grn",NA,NA,NA,NA,NA,NA,NA,NA
2019-06-17,"BH","2.0","1.5","X",19,44,NA,NA,NA,NA,NA,NA,NA,NA,NA,2019,NA,"Eva, Maca, Elizabeth, & Laura",NA,NA,NA,NA,NA,NA,NA,NA,"grn",NA,NA,NA,NA,NA,NA,NA,NA
2019-06-17,"BH","2.0","1.5","P",0,54,"8.7","128.0",5,NA,"10.0","125.0",12.5,5,"added number tag ""2""",2019,NA,"Eva, Maca, Elizabeth, & Laura",NA,NA,NA,NA,NA,NA,NA,NA,"grn","2.0",NA,"Y",NA,NA,NA,NA,8.7
2019-06-17,"BH","2.0","1.5","P",35,25,"7.26","103.0",3,NA,"12.0","68.0",10.4,1,"only 1 branch alive/added number tag ""70""",2019,NA,"Eva, Maca, Elizabeth, & Laura",NA,NA,NA,NA,NA,NA,NA,NA,"grn","70.0",NA,"Y",NA,NA,NA,NA,7.26
2019-06-17,"BH","2.0","1.5","X",35,18,NA,NA,NA,NA,NA,NA,NA,NA,NA,2019,NA,"Eva, Maca, Elizabeth, & Laura",NA,NA,NA,NA,NA,NA,NA,NA,"grn",NA,NA,NA,NA,NA,NA,NA,NA
2019-06-17,"BH","2.0","1.5","X",30,13,NA,NA,NA,NA,NA,NA,NA,NA,NA,2019,NA,"Eva, Maca, Elizabeth, & Laura",NA,NA,NA,NA,NA,NA,NA,NA,"grn",NA,NA,NA,NA,NA,NA,NA,NA
2019-06-17,"BH","2.0","2.0","X",15,37,NA,NA,NA,NA,NA,NA,NA,NA,NA,2019,NA,"Eva, Maca, Elizabeth, & Laura",NA,NA,NA,NA,NA,NA,NA,NA,"grn",NA,NA,NA,NA,NA,NA,NA,NA
2019-06-17,"BH","2.0","2.0","P",15,43,"9.23","133.0",4,NA,"8.0","103.0",13.7,3,"added number tag ""13""",2019,NA,"Eva, Maca, Elizabeth, & Laura",NA,NA,NA,NA,NA,NA,NA,NA,"grn","13.0",NA,"Y",NA,NA,NA,NA,9.23
2019-06-17,"BH","2.0","2.5","X",5,31,NA,NA,NA,NA,NA,NA,NA,NA,NA,2019,NA,"Eva, Maca, Elizabeth, & Laura",NA,NA,NA,NA,NA,NA,NA,NA,"grn",NA,NA,NA,NA,NA,NA,NA,NA
2019-06-17,"BH","2.0","2.5","X",18,10,NA,NA,NA,NA,NA,NA,NA,NA,NA,2019,NA,"Eva, Maca, Elizabeth, & Laura",NA,NA,NA,NA,NA,NA,NA,NA,"grn",NA,NA,NA,NA,NA,NA,NA,NA
2019-06-17,"BH","2.0","2.5","X",33,10,NA,NA,NA,NA,NA,NA,NA,NA,NA,2019,NA,"Eva, Maca, Elizabeth, & Laura",NA,NA,NA,NA,NA,NA,NA,NA,"grn",NA,NA,NA,NA,NA,NA,NA,NA
2019-06-17,"BH","2.0","3.0","X",40,20,NA,NA,NA,NA,NA,NA,NA,NA,NA,2019,NA,"Elizabeth & Laura",NA,NA,NA,NA,NA,NA,NA,NA,"grn",NA,NA,NA,NA,NA,NA,NA,NA
2019-06-17,"BH","2.0","3.0","X",50,11,NA,NA,NA,NA,NA,NA,NA,NA,NA,2019,NA,"Elizabeth & Laura",NA,NA,NA,NA,NA,NA,NA,NA,"grn",NA,NA,NA,NA,NA,NA,NA,NA
2019-06-17,"BH","2.0","3.5","X",49,7,NA,NA,NA,NA,NA,NA,NA,NA,NA,2019,NA,"Elizabeth & Laura",NA,NA,NA,NA,NA,NA,NA,NA,"grn",NA,NA,NA,NA,NA,NA,NA,NA
2019-06-17,"BH","2.0","3.5","X",50,21,NA,NA,NA,NA,NA,NA,NA,NA,NA,2019,NA,"Elizabeth & Laura",NA,NA,NA,NA,NA,NA,NA,NA,"grn",NA,NA,NA,NA,NA,NA,NA,NA
2019-06-17,"BH","2.0","3.5","X",50,23,NA,NA,NA,NA,NA,NA,NA,NA,NA,2019,NA,"Elizabeth & Laura",NA,NA,NA,NA,NA,NA,NA,NA,"grn",NA,NA,NA,NA,NA,NA,NA,NA
2019-06-17,"BH","2.0","3.5","X",48,32,NA,NA,NA,NA,NA,NA,NA,NA,NA,2019,NA,"Elizabeth & Laura",NA,NA,NA,NA,NA,NA,NA,NA,"grn",NA,NA,NA,NA,NA,NA,NA,NA
2019-06-17,"BH","2.0","3.5","V",37,40,"<1","2.6",1,"2.6",NA,NA,NA,NA,"red tag #34 added, same coord.",2019,NA,"Elizabeth & Laura",NA,NA,NA,NA,NA,NA,NA,NA,"grn","34.0",NA,"none",NA,NA,NA,NA,0.5
2019-06-17,"BH","2.0","3.5","X",37,43,NA,NA,NA,NA,NA,NA,NA,NA,NA,2019,NA,"Elizabeth & Laura",NA,NA,NA,NA,NA,NA,NA,NA,"grn",NA,NA,NA,NA,NA,NA,NA,NA
2019-06-17,"BH","2.0","3.5","X",5,45,NA,NA,NA,NA,NA,NA,NA,NA,NA,2019,NA,"Elizabeth & Laura",NA,NA,NA,NA,NA,NA,NA,NA,"grn",NA,NA,NA,NA,NA,NA,NA,NA
2019-06-17,"BH","2.0","3.5","X",6,45,NA,NA,NA,NA,NA,NA,NA,NA,NA,2019,NA,"Elizabeth & Laura",NA,NA,NA,NA,NA,NA,NA,NA,"grn",NA,NA,NA,NA,NA,NA,NA,NA
2019-06-17,"BH","2.0","3.5","V",13,14,"4.52","17.5",2,"5.9",NA,NA,NA,NA,"red tag #29 added, same coord.",2019,NA,"Elizabeth & Laura",NA,NA,NA,NA,NA,NA,NA,NA,"grn","29.0",NA,"foliar",NA,NA,NA,NA,4.52
2019-06-17,"BH","2.0","4.0","X",0,40,NA,NA,NA,NA,NA,NA,NA,NA,NA,2019,NA,"Elizabeth & Laura",NA,NA,NA,NA,NA,NA,NA,NA,"grn",NA,NA,NA,NA,NA,NA,NA,NA
2019-06-17,"BH","1.0","8.5","V",50,10,"5.16","16.0",1,"6.0",NA,NA,NA,NA,"red tag #149 added",2019,NA,"Elizabeth & Laura",NA,NA,NA,NA,NA,NA,NA,NA,"grn","149.0",NA,"Y",NA,NA,NA,NA,5.16
2019-06-17,"BH","DP",NA,"X",NA,NA,NA,NA,NA,NA,NA,NA,NA,NA,NA,2019,NA,"Elizabeth & Laura",NA,NA,NA,NA,NA,NA,NA,NA,"901.0",NA,NA,NA,NA,NA,NA,NA,NA
2019-06-17,"BH","DP",NA,"X",NA,NA,NA,NA,NA,NA,NA,NA,NA,NA,NA,2019,NA,"Elizabeth & Laura",NA,NA,NA,NA,NA,NA,NA,NA,"902.0",NA,NA,NA,NA,NA,NA,NA,NA
2019-06-17,"BH","DP",NA,"X",NA,NA,NA,NA,NA,NA,NA,NA,NA,NA,NA,2019,NA,"Elizabeth & Laura",NA,NA,NA,NA,NA,NA,NA,NA,"903.0",NA,NA,NA,NA,NA,NA,NA,NA
2019-06-17,"BH","DP",NA,"X",NA,NA,NA,NA,NA,NA,NA,NA,NA,NA,NA,2019,NA,"Elizabeth & Laura",NA,NA,NA,NA,NA,NA,NA,NA,"904.0",NA,NA,NA,NA,NA,NA,NA,NA
2019-06-17,"BH","DP",NA,"X",NA,NA,NA,NA,NA,NA,NA,NA,NA,NA,NA,2019,NA,"Elizabeth & Laura",NA,NA,NA,NA,NA,NA,NA,NA,"905.0",NA,NA,NA,NA,NA,NA,NA,NA
2019-06-17,"BH","DP",NA,"X",NA,NA,NA,NA,NA,NA,NA,NA,NA,NA,NA,2019,NA,"Elizabeth & Laura",NA,NA,NA,NA,NA,NA,NA,NA,"906.0",NA,NA,NA,NA,NA,NA,NA,NA
2019-06-17,"BH","DP",NA,"X",NA,NA,NA,NA,NA,NA,NA,NA,NA,NA,NA,2019,NA,"Elizabeth & Laura",NA,NA,NA,NA,NA,NA,NA,NA,"907.0",NA,NA,NA,NA,NA,NA,NA,NA
2019-06-17,"BH","DP",NA,"X",NA,NA,NA,NA,NA,NA,NA,NA,NA,NA,NA,2019,NA,"Elizabeth & Laura",NA,NA,NA,NA,NA,NA,NA,NA,"908.0",NA,NA,NA,NA,NA,NA,NA,NA
2019-06-17,"BH","DP",NA,"X",NA,NA,NA,NA,NA,NA,NA,NA,NA,NA,NA,2019,NA,"Elizabeth & Laura",NA,NA,NA,NA,NA,NA,NA,NA,"909.0",NA,NA,NA,NA,NA,NA,NA,NA
2019-06-17,"BH","DP",NA,"X",NA,NA,NA,NA,NA,NA,NA,NA,NA,NA,NA,2019,NA,"Elizabeth & Laura",NA,NA,NA,NA,NA,NA,NA,NA,"910.0",NA,NA,NA,NA,NA,NA,NA,NA
2019-06-17,"BH","DP",NA,"X",NA,NA,NA,NA,NA,NA,NA,NA,NA,NA,NA,2019,NA,"Elizabeth & Laura",NA,NA,NA,NA,NA,NA,NA,NA,"911.0",NA,NA,NA,NA,NA,NA,NA,NA
2019-06-17,"BH","DP",NA,"V",NA,NA,"4.72","9.1",1,"6.7",NA,NA,NA,NA,"new DP",2019,NA,"Elizabeth & Eva",NA,NA,NA,NA,NA,NA,NA,NA,NA,"81.0",NA,"none",NA,NA,NA,NA,4.72
2019-06-17,"BH","DP",NA,"F",NA,NA,"5.59","56.9",5,NA,"3.0","0.0",0,3,"new DP, lots of herbivory damage, 1 broken branch",2019,NA,"Elizabeth & Eva",NA,NA,NA,NA,NA,NA,NA,NA,NA,"145.0",NA,"foliar",NA,NA,NA,NA,5.59
2019-06-17,"BH","DP",NA,"P",NA,NA,"7.01","80.2",8,NA,"12.0","25.0",6.1,4,"new DP",2019,NA,"Elizabeth & Eva",NA,NA,NA,NA,NA,NA,NA,NA,NA,"14.0",NA,"foliar",NA,NA,NA,NA,7.01
2019-06-17,"BH","1.0","0.0",NA,NA,NA,NA,NA,NA,NA,NA,NA,NA,NA,NA,2019,NA,"Eva & Maca",NA,NA,NA,NA,NA,NA,NA,NA,NA,NA,NA,NA,NA,NA,NA,NA,NA
2019-06-17,"BH","1.0","0.5",NA,NA,NA,NA,NA,NA,NA,NA,NA,NA,NA,NA,2019,NA,"Eva & Maca",NA,NA,NA,NA,NA,NA,NA,NA,NA,NA,NA,NA,NA,NA,NA,NA,NA
2019-06-17,"BH","1.0","1.0",NA,NA,NA,NA,NA,NA,NA,NA,NA,NA,NA,NA,2019,NA,"Eva & Maca",NA,NA,NA,NA,NA,NA,NA,NA,NA,NA,NA,NA,NA,NA,NA,NA,NA
2019-06-17,"BH","1.0","1.5",NA,NA,NA,NA,NA,NA,NA,NA,NA,NA,NA,NA,2019,NA,"Eva & Maca",NA,NA,NA,NA,NA,NA,NA,NA,NA,NA,NA,NA,NA,NA,NA,NA,NA
2019-06-17,"BH","1.0","2.0",NA,NA,NA,NA,NA,NA,NA,NA,NA,NA,NA,NA,2019,NA,"Eva & Maca",NA,NA,NA,NA,NA,NA,NA,NA,NA,NA,NA,NA,NA,NA,NA,NA,NA
2019-06-17,"BH","1.0","2.5","V",NA,NA,"1.41","3.0",1,"1.6",NA,NA,NA,NA,NA,2019,NA,"Eva & Maca",NA,NA,NA,NA,NA,NA,NA,NA,NA,NA,NA,"N",NA,NA,NA,NA,1.41
2019-06-17,"BH","1.0","3.0",NA,NA,NA,NA,NA,NA,NA,NA,NA,NA,NA,NA,2019,NA,"Eva & Maca",NA,NA,NA,NA,NA,NA,NA,NA,NA,NA,NA,NA,NA,NA,NA,NA,NA
2019-06-17,"BH","1.0","3.5",NA,NA,NA,NA,NA,NA,NA,NA,NA,NA,NA,NA,2019,NA,"Eva & Maca",NA,NA,NA,NA,NA,NA,NA,NA,NA,NA,NA,NA,NA,NA,NA,NA,NA
2019-06-17,"BH","1.0","4.0",NA,NA,NA,NA,NA,NA,NA,NA,NA,NA,NA,NA,2019,NA,"Eva & Maca",NA,NA,NA,NA,NA,NA,NA,NA,NA,NA,NA,NA,NA,NA,NA,NA,NA
2019-06-17,"BH","1.0","4.5",NA,NA,NA,NA,NA,NA,NA,NA,NA,NA,NA,NA,2019,NA,"Eva & Maca",NA,NA,NA,NA,NA,NA,NA,NA,NA,NA,NA,NA,NA,NA,NA,NA,NA
2019-06-17,"BH","1.0","8.5","V",5,22,"8.14","20.5",4,"7.2",NA,NA,NA,NA,NA,2019,NA,"Eva & Maca",NA,NA,NA,NA,NA,NA,NA,NA,NA,"71.0",NA,"Y",NA,NA,NA,NA,8.14
2019-06-17,"BH","1.0","8.5","V",NA,NA,"<1","1.0",1,"2.5",NA,NA,NA,NA,NA,2019,NA,"Eva & Maca",NA,NA,NA,NA,NA,NA,NA,NA,NA,NA,NA,"N",NA,NA,NA,NA,0.5
2019-06-17,"BH","1.0","8.5","V",NA,NA,"<1","0.5",1,"0.5",NA,NA,NA,NA,NA,2019,NA,"Eva & Maca",NA,NA,NA,NA,NA,NA,NA,NA,NA,NA,NA,"Y",NA,NA,NA,NA,0.5
2019-06-17,"BH","1.0","8.5","V",NA,NA,"~1","3.0",1,"2.4",NA,NA,NA,NA,NA,2019,NA,"Eva & Maca",NA,NA,NA,NA,NA,NA,NA,NA,NA,NA,NA,"N",NA,NA,NA,NA,0.5
2019-06-17,"BH","1.0","8.5","V",NA,NA,"~1","5.5",1,"2.2",NA,NA,NA,NA,NA,2019,NA,"Eva & Maca",NA,NA,NA,NA,NA,NA,NA,NA,NA,NA,NA,"N",NA,NA,NA,NA,0.5
2019-06-17,"BH","1.0","8.5","V",25,35,"1.73","5.0",1,"4.5",NA,NA,NA,NA,NA,2019,NA,"Eva & Maca",NA,NA,NA,NA,NA,NA,NA,NA,NA,"10.0",NA,"Y",NA,NA,NA,NA,1.73
2019-06-17,"BH","1.0","8.5","V",NA,NA,"~1","2.5",1,"2.0",NA,NA,NA,NA,NA,2019,NA,"Eva & Maca",NA,NA,NA,NA,NA,NA,NA,NA,NA,NA,NA,"N",NA,NA,NA,NA,0.5
2019-06-17,"BH","1.0","9.0","V",0,30,"3.88","10.7",4,"4.0",NA,NA,NA,NA,NA,2019,NA,"Eva & Maca",NA,NA,NA,NA,NA,NA,NA,NA,NA,"8.0",NA,"Y",NA,NA,NA,NA,3.88
2019-06-17,"BH","1.0","9.0","V",NA,NA,"~1","4.5",1,"1.9",NA,NA,NA,NA,NA,2019,NA,"Eva & Maca",NA,NA,NA,NA,NA,NA,NA,NA,NA,NA,NA,"N",NA,NA,NA,NA,0.5
2019-06-17,"BH","1.0","9.0","V",NA,NA,"<1","3.0",1,"2.2",NA,NA,NA,NA,NA,2019,NA,"Eva & Maca",NA,NA,NA,NA,NA,NA,NA,NA,NA,NA,NA,"Y",NA,NA,NA,NA,0.5
2019-06-17,"BH","2.0","0.0","V",NA,NA,"1.0","4.6",1,"4.9",NA,NA,NA,NA,NA,2019,NA,"Eva & Maca",NA,NA,NA,NA,NA,NA,NA,NA,NA,NA,NA,"N",NA,NA,NA,NA,1
2019-06-17,"BH","2.0","0.5","V",NA,NA,"1.0","2.5",1,"1.4",NA,NA,NA,NA,NA,2019,NA,"Eva & Maca",NA,NA,NA,NA,NA,NA,NA,NA,NA,NA,NA,"N",NA,NA,NA,NA,1
2019-06-17,"BH","2.0","0.5","V",5,50,"2.54","4.8",1,"4.1",NA,NA,NA,NA,NA,2019,NA,"Eva & Maca",NA,NA,NA,NA,NA,NA,NA,NA,NA,"172.0",NA,"Y",NA,NA,NA,NA,2.54
2019-06-17,"BH","2.0","0.5","V",NA,NA,"<1","2.6",1,"1.1",NA,NA,NA,NA,NA,2019,NA,"Eva & Maca",NA,NA,NA,NA,NA,NA,NA,NA,NA,NA,NA,"N",NA,NA,NA,NA,0.5
2019-06-17,"BH","2.0","0.5","V",NA,NA,"<1","1.0",1,"0.5",NA,NA,NA,NA,NA,2019,NA,"Eva & Maca",NA,NA,NA,NA,NA,NA,NA,NA,NA,NA,NA,"N",NA,NA,NA,NA,0.5
2019-06-17,"BH","2.0","0.5","V",NA,NA,"1.0","3.6",1,"1.1",NA,NA,NA,NA,NA,2019,NA,"Eva & Maca",NA,NA,NA,NA,NA,NA,NA,NA,NA,NA,NA,"N",NA,NA,NA,NA,1
2019-06-17,"BH","2.0","0.5","V",NA,NA,"1.0","3.2",1,"1.1",NA,NA,NA,NA,NA,2019,NA,"Eva & Maca",NA,NA,NA,NA,NA,NA,NA,NA,NA,NA,NA,"N",NA,NA,NA,NA,1
2019-06-17,"BH","2.0","0.5","V",NA,NA,"<1","1.3",1,"0.9",NA,NA,NA,NA,NA,2019,NA,"Eva & Maca",NA,NA,NA,NA,NA,NA,NA,NA,NA,NA,NA,"N",NA,NA,NA,NA,0.5
2019-06-17,"BH","2.0","0.5","V",35,33,"3.0","2.4",1,"3.0",NA,NA,NA,NA,NA,2019,NA,"Eva & Maca",NA,NA,NA,NA,NA,NA,NA,NA,NA,"5.0",NA,"N",NA,NA,NA,NA,3
2019-06-17,"BH","2.0","0.5","V",NA,NA,NA,NA,NA,NA,NA,NA,NA,NA,NA,2019,NA,"Eva & Maca",NA,NA,NA,NA,NA,NA,NA,NA,NA,NA,NA,"N",NA,NA,NA,NA,NA
2019-06-17,"BH","2.0","0.5","V",NA,NA,"1.0","3.3",1,"2.6",NA,NA,NA,NA,NA,2019,NA,"Eva & Maca",NA,NA,NA,NA,NA,NA,NA,NA,NA,NA,NA,"Y",NA,NA,NA,NA,1
2019-06-17,"BH","2.0","0.5","V",NA,NA,"<1","2.9",1,"1.0",NA,NA,NA,NA,NA,2019,NA,"Eva & Maca",NA,NA,NA,NA,NA,NA,NA,NA,NA,NA,NA,"N",NA,NA,NA,NA,0.5
2019-06-17,"BH","2.0","0.5","V",50,31,"1.96","2.5",1,"3.6",NA,NA,NA,NA,NA,2019,NA,"Eva & Maca",NA,NA,NA,NA,NA,NA,NA,NA,NA,"65.0",NA,"N",NA,NA,NA,NA,1.96
2019-06-17,"BH","2.0","0.5","V",NA,NA,"<1","2.4",1,"1.6",NA,NA,NA,NA,NA,2019,NA,"Eva & Maca",NA,NA,NA,NA,NA,NA,NA,NA,NA,NA,NA,"Y",NA,NA,NA,NA,0.5
2019-06-17,"BH","2.0","0.5","V",40,3,"1.95","5.6",1,"3.7",NA,NA,NA,NA,NA,2019,NA,"Eva & Maca",NA,NA,NA,NA,NA,NA,NA,NA,NA,"16.0",NA,"N",NA,NA,NA,NA,1.95
2019-06-17,"BH","2.0","0.5","V",40,0,"4.13","11.2",1,"7.3",NA,NA,NA,NA,NA,2019,NA,"Eva & Maca",NA,NA,NA,NA,NA,NA,NA,NA,NA,"86.0",NA,"Y",NA,NA,NA,NA,4.13
2019-06-17,"BH","2.0","1.0","V",3,3,"2.03","5.1",1,"4.3",NA,NA,NA,NA,NA,2019,NA,"Eva & Maca",NA,NA,NA,NA,NA,NA,NA,NA,NA,"4.0",NA,"Y",NA,NA,NA,NA,2.03
2019-06-17,"BH","2.0","1.0","V",5,3,"3.37","6.5",5,"4.4",NA,NA,NA,NA,NA,2019,NA,"Eva & Maca",NA,NA,NA,NA,NA,NA,NA,NA,NA,"148.0",NA,"Y",NA,NA,NA,NA,3.37
2019-06-17,"BH","2.0","1.0","V",NA,NA,"1.0","3.4",1,"2.8",NA,NA,NA,NA,NA,2019,NA,"Eva & Maca",NA,NA,NA,NA,NA,NA,NA,NA,NA,NA,NA,"N",NA,NA,NA,NA,1
2019-06-17,"BH","2.0","1.0","V",20,7,"6.8","16.0",3,"5.4",NA,NA,NA,NA,NA,2019,NA,"Eva & Maca",NA,NA,NA,NA,NA,NA,NA,NA,NA,"67.0",NA,"Y",NA,NA,NA,NA,6.8
2019-06-17,"BH","2.0","1.0","V",NA,NA,"1.0","3.0",2,"2.5",NA,NA,NA,NA,NA,2019,NA,"Eva & Maca",NA,NA,NA,NA,NA,NA,NA,NA,NA,NA,NA,"N",NA,NA,NA,NA,1
2019-06-17,"BH","2.0","1.0","V",NA,NA,"<1","1.2",1,"1.0",NA,NA,NA,NA,NA,2019,NA,"Eva & Maca",NA,NA,NA,NA,NA,NA,NA,NA,NA,NA,NA,"Y",NA,NA,NA,NA,0.5
2019-06-17,"BH","2.0","1.0","V",NA,NA,"<1","1.0",1,"0.9",NA,NA,NA,NA,NA,2019,NA,"Eva & Maca",NA,NA,NA,NA,NA,NA,NA,NA,NA,NA,NA,"Y",NA,NA,NA,NA,0.5
2019-06-17,"BH","2.0","1.0","V",NA,NA,"1.0","5.0",1,"3.5",NA,NA,NA,NA,NA,2019,NA,"Eva & Maca",NA,NA,NA,NA,NA,NA,NA,NA,NA,NA,NA,"N",NA,NA,NA,NA,1
2019-06-17,"BH","2.0","1.0","V",NA,NA,"<1","2.7",1,"1.9",NA,NA,NA,NA,NA,2019,NA,"Eva & Maca",NA,NA,NA,NA,NA,NA,NA,NA,NA,NA,NA,"Y",NA,NA,NA,NA,0.5
2019-06-17,"BH","2.0","1.0","V",25,31,"1.5","4.7",1,"3.5",NA,NA,NA,NA,NA,2019,NA,"Eva & Maca",NA,NA,NA,NA,NA,NA,NA,NA,NA,"72.0",NA,"Y",NA,NA,NA,NA,1.5
2019-06-17,"BH","2.0","1.0","V",NA,NA,"<1","1.8",1,"1.2",NA,NA,NA,NA,NA,2019,NA,"Eva & Maca",NA,NA,NA,NA,NA,NA,NA,NA,NA,NA,NA,"N",NA,NA,NA,NA,0.5
2019-06-17,"BH","2.0","1.0","V",NA,NA,"1.0","3.4",1,"2.5",NA,NA,NA,NA,NA,2019,NA,"Eva & Maca",NA,NA,NA,NA,NA,NA,NA,NA,NA,NA,NA,"Y",NA,NA,NA,NA,1
2019-06-17,"BH","2.0","1.0","V",NA,NA,"<1","2.1",1,"1.5",NA,NA,NA,NA,NA,2019,NA,"Eva & Maca",NA,NA,NA,NA,NA,NA,NA,NA,NA,NA,NA,"N",NA,NA,NA,NA,0.5
2019-06-17,"BH","2.0","1.0","V",40,21,"1.58","3.2",1,"3.4",NA,NA,NA,NA,NA,2019,NA,"Eva & Maca",NA,NA,NA,NA,NA,NA,NA,NA,NA,"144.0",NA,"N",NA,NA,NA,NA,1.58
2019-06-17,"BH","2.0","1.5","V",12,34,"1.6","3.3",1,"3.6",NA,NA,NA,NA,NA,2019,NA,"Eva & Maca",NA,NA,NA,NA,NA,NA,NA,NA,NA,"82.0",NA,"N",NA,NA,NA,NA,1.6
2019-06-17,"BH","2.0","1.5","V",NA,NA,"<1","2.6",1,"2.4",NA,NA,NA,NA,NA,2019,NA,"Eva & Maca",NA,NA,NA,NA,NA,NA,NA,NA,NA,NA,NA,"N",NA,NA,NA,NA,0.5
2019-06-17,"BH","2.0","1.5","P",20,45,"7.4","98.0",2,NA,"11.0","70.0",9.3,1,NA,2019,NA,"Eva & Maca",NA,NA,NA,NA,NA,NA,NA,NA,NA,"63.0",NA,"Y",NA,NA,NA,NA,7.4
2019-06-17,"BH","2.0","1.5","V",33,20,"2.74","11.5",3,"4.9",NA,NA,NA,NA,NA,2019,NA,"Eva & Maca",NA,NA,NA,NA,NA,NA,NA,NA,NA,"90.0",NA,"Y",NA,NA,NA,NA,2.74
2019-06-17,"BH","2.0","1.5","V",NA,NA,"<1","1.5",1,"0.7",NA,NA,NA,NA,NA,2019,NA,"Eva & Maca",NA,NA,NA,NA,NA,NA,NA,NA,NA,NA,NA,"N",NA,NA,NA,NA,0.5
2019-06-17,"BH","2.0","1.5","V",NA,NA,"1.3","2.6",1,"3.3",NA,NA,NA,NA,NA,2019,NA,"Eva & Maca",NA,NA,NA,NA,NA,NA,NA,NA,NA,NA,NA,"Y",NA,NA,NA,NA,1.3
2019-06-17,"BH","2.0","1.5","V",NA,NA,"1.4","2.0",1,"3.5",NA,NA,NA,NA,NA,2019,NA,"Eva & Maca",NA,NA,NA,NA,NA,NA,NA,NA,NA,NA,NA,"Y",NA,NA,NA,NA,1.4
2019-06-17,"BH","2.0","1.5","V",NA,NA,"1.0","1.8",1,"1.7",NA,NA,NA,NA,NA,2019,NA,"Eva & Maca",NA,NA,NA,NA,NA,NA,NA,NA,NA,NA,NA,"N",NA,NA,NA,NA,1
2019-06-17,"BH","2.0","1.5","V",NA,NA,"1.2","1.7",1,"2.4",NA,NA,NA,NA,NA,2019,NA,"Eva & Maca",NA,NA,NA,NA,NA,NA,NA,NA,NA,NA,NA,"Y",NA,NA,NA,NA,1.2
2019-06-17,"BH","2.0","2.0","V",NA,NA,"<1","4.1",1,"1.6",NA,NA,NA,NA,NA,2019,NA,"Eva & Maca",NA,NA,NA,NA,NA,NA,NA,NA,NA,NA,NA,"Y",NA,NA,NA,NA,0.5
2019-06-17,"BH","2.0","2.0","V",NA,NA,"<1","2.2",1,"1.5",NA,NA,NA,NA,NA,2019,NA,"Eva & Maca",NA,NA,NA,NA,NA,NA,NA,NA,NA,NA,NA,"Y",NA,NA,NA,NA,0.5
2019-06-17,"BH","2.0","2.0","V",NA,NA,"1.0","5.2",2.9,"2.5",NA,NA,NA,NA,NA,2019,NA,"Eva & Maca",NA,NA,NA,NA,NA,NA,NA,NA,NA,NA,NA,"Y",NA,NA,NA,NA,1
2019-06-17,"BH","2.0","2.0","V",40,42,"1.7","5.4",1,"4.3",NA,NA,NA,NA,NA,2019,NA,"Eva & Maca",NA,NA,NA,NA,NA,NA,NA,NA,NA,"85.0",NA,"Y",NA,NA,NA,NA,1.7
2019-06-17,"BH","2.0","2.0","V",NA,NA,"1.2","2.3",1,"3.2",NA,NA,NA,NA,NA,2019,NA,"Eva & Maca",NA,NA,NA,NA,NA,NA,NA,NA,NA,NA,NA,"Y",NA,NA,NA,NA,1.2
2019-06-17,"BH","2.0","2.0","V",50,30,"4.87","15.7",4,"5.1",NA,NA,NA,NA,NA,2019,NA,"Eva & Maca",NA,NA,NA,NA,NA,NA,NA,NA,NA,"95.0",NA,"Y",NA,NA,NA,NA,4.87
2019-06-17,"BH","DP",NA,"P",NA,NA,"8.5","124.0",4,NA,"0.0","57.0",9.8,4,"downhill from pine tree",2019,NA,"Maca & Laura",NA,NA,NA,NA,NA,NA,NA,NA,"909.0","17.0",NA,"N",NA,NA,NA,NA,8.5
2019-06-17,"BH","DP",NA,"V",NA,NA,"7.78","68.0",14,"7.3",NA,NA,NA,NA,NA,2019,NA,"Maca & Laura",NA,NA,NA,NA,NA,NA,NA,NA,NA,"11.0",NA,"Y",NA,NA,NA,NA,7.78
2019-06-17,"BH","DP",NA,"V",NA,NA,"2.59","22.0",1,"5.9",NA,NA,NA,NA,NA,2019,NA,"Maca & Laura",NA,NA,NA,NA,NA,NA,NA,NA,NA,"7.0",NA,"Y",NA,NA,NA,NA,2.59
2019-06-17,"BH","DP",NA,"V",NA,NA,"4.97","30.0",1,"6.5",NA,NA,NA,NA,NA,2019,NA,"Maca & Laura",NA,NA,NA,NA,NA,NA,NA,NA,NA,"87.0",NA,"N",NA,NA,NA,NA,4.97
2019-06-17,"BH","DP",NA,"V",NA,NA,"3.48","22.0",1,"7.2",NA,NA,NA,NA,NA,2019,NA,"Maca & Laura",NA,NA,NA,NA,NA,NA,NA,NA,NA,"91.0",NA,"Y",NA,NA,NA,NA,3.48
2019-06-17,"BH","DP",NA,"V",NA,NA,"5.27","28.0",1,"9.0",NA,NA,NA,NA,NA,2019,NA,"Maca & Laura",NA,NA,NA,NA,NA,NA,NA,NA,NA,"18.0",NA,"Y",NA,NA,NA,NA,5.27
2019-06-17,"BH","DP",NA,"V",NA,NA,"8.94","37.0",8,"10.0",NA,NA,NA,NA,NA,2019,NA,"Maca & Laura",NA,NA,NA,NA,NA,NA,NA,NA,NA,"92.0",NA,"N",NA,NA,NA,NA,8.94
2019-06-17,"BH","DP",NA,"V",NA,NA,"7.54","28.0",7,"5.4",NA,NA,NA,NA,NA,2019,NA,"Maca & Laura",NA,NA,NA,NA,NA,NA,NA,NA,NA,"142.0",NA,"Y",NA,NA,NA,NA,7.54
2019-06-17,"BH","1.0","8.5","X",NA,NA,NA,NA,NA,NA,NA,NA,NA,NA,NA,2019,NA,"Eva & Maca",NA,NA,NA,NA,NA,NA,NA,NA,"grn",NA,NA,NA,NA,NA,NA,NA,NA
2019-06-17,"BH","1.0","8.5","X",NA,NA,NA,NA,NA,NA,NA,NA,NA,NA,NA,2019,NA,"Eva & Maca",NA,NA,NA,NA,NA,NA,NA,NA,"grn",NA,NA,NA,NA,NA,NA,NA,NA
2019-06-17,"BH","1.0","8.5","X",NA,NA,NA,NA,NA,NA,NA,NA,NA,NA,NA,2019,NA,"Eva & Maca",NA,NA,NA,NA,NA,NA,NA,NA,"grn",NA,NA,NA,NA,NA,NA,NA,NA
2019-06-17,"BH","1.0","5.5","V",37,50,"4.62","34.6",1,"6.6",NA,NA,NA,NA,NA,2019,NA,"Elizabeth & Laura",NA,NA,NA,NA,NA,NA,NA,NA,NA,"111.0",NA,"foliar",NA,NA,NA,NA,4.62
2019-06-17,"BH","1.0","5.5","V",NA,NA,"1.05","7.2",1,"3.7",NA,NA,NA,NA,NA,2019,NA,"Elizabeth & Laura",NA,NA,NA,NA,NA,NA,NA,NA,NA,NA,NA,"foliar",NA,NA,NA,NA,1.05
2019-06-17,"BH","1.0","6.0","V",10,10,"2.67","10.2",1,"5.1",NA,NA,NA,NA,NA,2019,NA,"Elizabeth & Laura",NA,NA,NA,NA,NA,NA,NA,NA,NA,"22.0",NA,"N",NA,NA,NA,NA,2.67
2019-06-17,"BH","1.0","6.0","V",NA,NA,"1.11","2.4",1,"3.6",NA,NA,NA,NA,NA,2019,NA,"Elizabeth & Laura",NA,NA,NA,NA,NA,NA,NA,NA,NA,NA,NA,"N",NA,NA,NA,NA,1.11
2019-06-17,"BH","1.0","6.0","V",NA,NA,"1.18","6.8",1,"3.1",NA,NA,NA,NA,NA,2019,NA,"Elizabeth & Laura",NA,NA,NA,NA,NA,NA,NA,NA,NA,NA,NA,"foliar",NA,NA,NA,NA,1.18
2019-06-17,"BH","1.0","6.0","V",NA,NA,"1.38","6.1",1,"3.2",NA,NA,NA,NA,NA,2019,NA,"Elizabeth & Laura",NA,NA,NA,NA,NA,NA,NA,NA,NA,NA,NA,"N",NA,NA,NA,NA,1.38
2019-06-17,"BH","1.0","6.5","V",NA,NA,"<1","1.4",1,"1.4",NA,NA,NA,NA,NA,2019,NA,"Elizabeth & Laura",NA,NA,NA,NA,NA,NA,NA,NA,NA,NA,NA,"foliar",NA,NA,NA,NA,0.5
2019-06-17,"BH","1.0","7.0","V",NA,NA,"1.3","8.9",1,"3.3",NA,NA,NA,NA,NA,2019,NA,"Elizabeth & Laura",NA,NA,NA,NA,NA,NA,NA,NA,NA,NA,NA,"foliar",NA,NA,NA,NA,1.3
2019-06-17,"BH","1.0","7.0","V",NA,NA,"<1","2.9",1,"2.4",NA,NA,NA,NA,NA,2019,NA,"Elizabeth & Laura",NA,NA,NA,NA,NA,NA,NA,NA,NA,NA,NA,"foliar",NA,NA,NA,NA,0.5
2019-06-17,"BH","1.0","7.0","V",NA,NA,"<1","2.3",1,"1.5",NA,NA,NA,NA,NA,2019,NA,"Elizabeth & Laura",NA,NA,NA,NA,NA,NA,NA,NA,NA,NA,NA,"foliar",NA,NA,NA,NA,0.5
2019-06-17,"BH","1.0","7.0","V",NA,NA,"<1","1.8",1,"1.2",NA,NA,NA,NA,NA,2019,NA,"Elizabeth & Laura",NA,NA,NA,NA,NA,NA,NA,NA,NA,NA,NA,"N",NA,NA,NA,NA,0.5
2019-06-17,"BH","1.0","7.5","V",20,13,"2.13","7.1",1,"3.9",NA,NA,NA,NA,NA,2019,NA,"Elizabeth & Laura",NA,NA,NA,NA,NA,NA,NA,NA,NA,"139.0",NA,"foliar",NA,NA,NA,NA,2.13
2019-06-17,"BH","1.0","7.5","V",23,25,"2.21","11.1",1,"4.1",NA,NA,NA,NA,NA,2019,NA,"Elizabeth & Laura",NA,NA,NA,NA,NA,NA,NA,NA,NA,"28.0",NA,"foliar",NA,NA,NA,NA,2.21
2019-06-17,"BH","1.0","7.5","V",NA,NA,"1.23","3.1",1,"3.6",NA,NA,NA,NA,NA,2019,NA,"Elizabeth & Laura",NA,NA,NA,NA,NA,NA,NA,NA,NA,NA,NA,"N",NA,NA,NA,NA,1.23
2019-06-17,"BH","1.0","7.5","V",43,16,"1.67","5.8",1,"3.5",NA,NA,NA,NA,NA,2019,NA,"Elizabeth & Laura",NA,NA,NA,NA,NA,NA,NA,NA,NA,"1.0",NA,"N",NA,NA,NA,NA,1.67
2019-06-17,"BH","1.0","7.5","V",NA,NA,"1.32","5.5",1,"2.0",NA,NA,NA,NA,NA,2019,NA,"Elizabeth & Laura",NA,NA,NA,NA,NA,NA,NA,NA,NA,NA,NA,"foliar",NA,NA,NA,NA,1.32
2019-06-17,"BH","1.0","7.5","V",NA,NA,"<1","2.7",1,"1.9",NA,NA,NA,NA,NA,2019,NA,"Elizabeth & Laura",NA,NA,NA,NA,NA,NA,NA,NA,NA,NA,NA,"N",NA,NA,NA,NA,0.5
2019-06-17,"BH","1.0","8.0","V",NA,NA,"<1","4.1",1,"2.7",NA,NA,NA,NA,NA,2019,NA,"Elizabeth & Laura",NA,NA,NA,NA,NA,NA,NA,NA,NA,NA,NA,"N",NA,NA,NA,NA,0.5
2019-06-17,"BH","1.0","8.0","V",NA,NA,"<1","2.7",1,"1.9",NA,NA,NA,NA,NA,2019,NA,"Elizabeth & Laura",NA,NA,NA,NA,NA,NA,NA,NA,NA,NA,NA,"foliar",NA,NA,NA,NA,0.5
2019-06-17,"BH","1.0","8.0","V",NA,NA,"<1","2.7",1,"2.5",NA,NA,NA,NA,NA,2019,NA,"Elizabeth & Laura",NA,NA,NA,NA,NA,NA,NA,NA,NA,NA,NA,"foliar",NA,NA,NA,NA,0.5
2019-06-17,"BH","1.0","9.5","V",NA,NA,"<1","3.7",1,"1.7",NA,NA,NA,NA,NA,2019,NA,"Elizabeth & Laura",NA,NA,NA,NA,NA,NA,NA,NA,NA,NA,NA,"foliar",NA,NA,NA,NA,0.5
2019-06-17,"BH","1.0","9.5","V",NA,NA,"1.12","3.4",1,"2.2",NA,NA,NA,NA,NA,2019,NA,"Elizabeth & Laura",NA,NA,NA,NA,NA,NA,NA,NA,NA,NA,NA,"N",NA,NA,NA,NA,1.12
2019-06-17,"BH","1.0","9.5","V",NA,NA,"1.38","9.2",1,"4.0",NA,NA,NA,NA,NA,2019,NA,"Elizabeth & Laura",NA,NA,NA,NA,NA,NA,NA,NA,NA,NA,NA,"foliar",NA,NA,NA,NA,1.38
2019-06-17,"BH","1.0","9.5","V",NA,NA,"1.18","8.7",1,"3.6",NA,NA,NA,NA,NA,2019,NA,"Elizabeth & Laura",NA,NA,NA,NA,NA,NA,NA,NA,NA,NA,NA,"N",NA,NA,NA,NA,1.18
2019-06-17,"BH","1.0","10.0","V",NA,NA,"1.66","4.3",1,"3.4",NA,NA,NA,NA,NA,2019,NA,"Elizabeth & Laura",NA,NA,NA,NA,NA,NA,NA,NA,NA,"152.0",NA,"N",NA,NA,NA,NA,1.66
2019-06-17,"BH","1.0","10.0","V",NA,NA,"<1","1.1",1,"0.9",NA,NA,NA,NA,NA,2019,NA,"Elizabeth & Laura",NA,NA,NA,NA,NA,NA,NA,NA,NA,NA,NA,"N",NA,NA,NA,NA,0.5
2019-06-17,"BH","1.0","10.0","V",NA,NA,"1.11","3.3",1,"2.3",NA,NA,NA,NA,NA,2019,NA,"Elizabeth & Laura",NA,NA,NA,NA,NA,NA,NA,NA,NA,NA,NA,"foliar",NA,NA,NA,NA,1.11
2019-06-17,"BH","1.0","10.0","V",NA,NA,"1.14","7.8",1,"2.6",NA,NA,NA,NA,NA,2019,NA,"Elizabeth & Laura",NA,NA,NA,NA,NA,NA,NA,NA,NA,NA,NA,"N",NA,NA,NA,NA,1.14
2019-06-17,"BH","1.0","10.0","P",46,5,"7.38","123.5",5,NA,"9.0","71.0",10.9,5,NA,2019,NA,"Elizabeth & Laura",NA,NA,NA,NA,NA,NA,NA,NA,NA,"134.0",NA,"N",NA,NA,NA,NA,7.38
2019-06-17,"BH","1.0","10.0","V",NA,NA,"1.43","1.9",1,"2.2",NA,NA,NA,NA,NA,2019,NA,"Elizabeth & Laura",NA,NA,NA,NA,NA,NA,NA,NA,NA,NA,NA,"foliar",NA,NA,NA,NA,1.43
2019-06-17,"BH","2.0","2.5","V",47,7,"1.7","4.3",1,"4.6",NA,NA,NA,NA,NA,2019,NA,"Elizabeth & Laura",NA,NA,NA,NA,NA,NA,NA,NA,NA,"132.0",NA,"foliar",NA,NA,NA,NA,1.7
2019-06-17,"BH","2.0","2.5","V",NA,NA,"<1","0.6",1,"1.2",NA,NA,NA,NA,NA,2019,NA,"Elizabeth & Laura",NA,NA,NA,NA,NA,NA,NA,NA,NA,NA,NA,"none",NA,NA,NA,NA,0.5
2019-06-17,"BH","2.0","2.5","V",NA,NA,"<1","1.4",1,"2.5",NA,NA,NA,NA,NA,2019,NA,"Elizabeth & Laura",NA,NA,NA,NA,NA,NA,NA,NA,NA,NA,NA,"none",NA,NA,NA,NA,0.5
2019-06-17,"BH","2.0","2.5","V",20,34,"1.65","2.4",1,"3.9",NA,NA,NA,NA,NA,2019,NA,"Elizabeth & Laura",NA,NA,NA,NA,NA,NA,NA,NA,NA,"131.0",NA,"none",NA,NA,NA,NA,1.65
2019-06-17,"BH","2.0","2.5","V",NA,NA,"<1","0.5",1,"1.2",NA,NA,NA,NA,NA,2019,NA,"Elizabeth & Laura",NA,NA,NA,NA,NA,NA,NA,NA,NA,NA,NA,"none",NA,NA,NA,NA,0.5
2019-06-17,"BH","2.0","2.5","V",14,39,"2.71","9.5",5,"7.1",NA,NA,NA,NA,NA,2019,NA,"Elizabeth & Laura",NA,NA,NA,NA,NA,NA,NA,NA,NA,"40.0",NA,"foliar",NA,NA,NA,NA,2.71
2019-06-17,"BH","2.0","2.5","V",NA,NA,"<1","1.5",1,"1.6",NA,NA,NA,NA,NA,2019,NA,"Elizabeth & Laura",NA,NA,NA,NA,NA,NA,NA,NA,NA,NA,NA,"none",NA,NA,NA,NA,0.5
2019-06-17,"BH","2.0","3.0","V",15,46,"1.75","8.0",1,"5.5",NA,NA,NA,NA,NA,2019,NA,"Elizabeth & Laura",NA,NA,NA,NA,NA,NA,NA,NA,NA,"126.0",NA,"foliar",NA,NA,NA,NA,1.75
2019-06-17,"BH","2.0","3.0","V",NA,NA,"<1","3.5",1,"3.0",NA,NA,NA,NA,NA,2019,NA,"Elizabeth & Laura",NA,NA,NA,NA,NA,NA,NA,NA,NA,NA,NA,"none",NA,NA,NA,NA,0.5
2019-06-17,"BH","2.0","3.0","V",NA,NA,"<1","2.0",1,"2.4",NA,NA,NA,NA,NA,2019,NA,"Elizabeth & Laura",NA,NA,NA,NA,NA,NA,NA,NA,NA,NA,NA,"foliar",NA,NA,NA,NA,0.5
2019-06-17,"BH","2.0","3.0","V",NA,NA,"<1","1.6",1,"3.6",NA,NA,NA,NA,NA,2019,NA,"Elizabeth & Laura",NA,NA,NA,NA,NA,NA,NA,NA,NA,NA,NA,"none",NA,NA,NA,NA,0.5
2019-06-17,"BH","2.0","3.0","V",NA,NA,"1.2","3.6",1,"3.5",NA,NA,NA,NA,NA,2019,NA,"Elizabeth & Laura",NA,NA,NA,NA,NA,NA,NA,NA,NA,NA,NA,"none",NA,NA,NA,NA,1.2
2019-06-17,"BH","2.0","3.0","V",NA,NA,"<1","3.5",1,"2.0",NA,NA,NA,NA,NA,2019,NA,"Elizabeth & Laura",NA,NA,NA,NA,NA,NA,NA,NA,NA,NA,NA,"none",NA,NA,NA,NA,0.5
2019-06-17,"BH","2.0","3.0","V",NA,NA,"1.27","3.1",1,"2.9",NA,NA,NA,NA,NA,2019,NA,"Elizabeth & Laura",NA,NA,NA,NA,NA,NA,NA,NA,NA,NA,NA,"foliar",NA,NA,NA,NA,1.27
2019-06-17,"BH","2.0","3.0","V",NA,NA,"<1","3.7",1,"4.1",NA,NA,NA,NA,NA,2019,NA,"Elizabeth & Laura",NA,NA,NA,NA,NA,NA,NA,NA,NA,NA,NA,"none",NA,NA,NA,NA,0.5
2019-06-17,"BH","2.0","3.5","V",NA,NA,"<1","1.6",1,"1.5",NA,NA,NA,NA,NA,2019,NA,"Elizabeth & Laura",NA,NA,NA,NA,NA,NA,NA,NA,NA,NA,NA,"none",NA,NA,NA,NA,0.5
2019-06-17,"BH","2.0","3.5","V",NA,NA,"<1","1.4",1,"1.5",NA,NA,NA,NA,NA,2019,NA,"Elizabeth & Laura",NA,NA,NA,NA,NA,NA,NA,NA,NA,NA,NA,"none",NA,NA,NA,NA,0.5
2019-06-17,"BH","2.0","3.5","P",11,3,"4.65","95.0",4,NA,"0.0","45.0",10.4,4,NA,2019,NA,"Elizabeth & Laura",NA,NA,NA,NA,NA,NA,NA,NA,NA,"50.0",NA,"foliar",NA,NA,NA,NA,4.65
2019-06-17,"BH","2.0","3.5","P",13,0,"6.98","98.0",2,NA,"0.0","48.0",10.3,2,NA,2019,NA,"Elizabeth & Laura",NA,NA,NA,NA,NA,NA,NA,NA,NA,"38.0",NA,"foliar",NA,NA,NA,NA,6.98
2019-06-17,"BH","2.0","3.5","V",34,15,"1.56","5.5",1,"3.1",NA,NA,NA,NA,NA,2019,NA,"Elizabeth & Laura",NA,NA,NA,NA,NA,NA,NA,NA,NA,"24.0",NA,"foliar",NA,NA,NA,NA,1.56
2019-06-17,"BH","2.0","3.5","V",NA,NA,"<1","2.0",1,"2.3",NA,NA,NA,NA,NA,2019,NA,"Elizabeth & Laura",NA,NA,NA,NA,NA,NA,NA,NA,NA,NA,NA,"foliar",NA,NA,NA,NA,0.5
2019-06-17,"BH","2.0","3.5","V",NA,NA,"<1","2.4",1,"1.2",NA,NA,NA,NA,NA,2019,NA,"Elizabeth & Laura",NA,NA,NA,NA,NA,NA,NA,NA,NA,NA,NA,"none",NA,NA,NA,NA,0.5
2019-06-17,"BH","2.0","3.5","V",NA,NA,"<1","2.0",1,"2.5",NA,NA,NA,NA,NA,2019,NA,"Elizabeth & Laura",NA,NA,NA,NA,NA,NA,NA,NA,NA,NA,NA,"none",NA,NA,NA,NA,0.5
2019-06-17,"BH","2.0","3.5","V",NA,NA,"<1","2.2",1,"1.0",NA,NA,NA,NA,NA,2019,NA,"Elizabeth & Laura",NA,NA,NA,NA,NA,NA,NA,NA,NA,NA,NA,"none",NA,NA,NA,NA,0.5
2019-06-17,"BH","2.0","3.5","V",NA,NA,"<1","2.4",1,"2.6",NA,NA,NA,NA,NA,2019,NA,"Elizabeth & Laura",NA,NA,NA,NA,NA,NA,NA,NA,NA,NA,NA,"foliar",NA,NA,NA,NA,0.5
2019-06-17,"BH","2.0","3.5","V",NA,NA,"<1","3.2",1,"1.2",NA,NA,NA,NA,NA,2019,NA,"Elizabeth & Laura",NA,NA,NA,NA,NA,NA,NA,NA,NA,NA,NA,"foliar",NA,NA,NA,NA,0.5
2019-06-17,"BH","2.0","3.5","V",NA,NA,"<1","0.9",1,"0.8",NA,NA,NA,NA,NA,2019,NA,"Elizabeth & Laura",NA,NA,NA,NA,NA,NA,NA,NA,NA,NA,NA,"foliar",NA,NA,NA,NA,0.5
2019-06-17,"BH","2.0","3.5","V",NA,NA,"<1","5.0",1,"1.4",NA,NA,NA,NA,NA,2019,NA,"Elizabeth & Laura",NA,NA,NA,NA,NA,NA,NA,NA,NA,NA,NA,"foliar",NA,NA,NA,NA,0.5
2019-06-17,"BH","2.0","3.5","V",NA,NA,"<1","5.2",1,"2.7",NA,NA,NA,NA,NA,2019,NA,"Elizabeth & Laura",NA,NA,NA,NA,NA,NA,NA,NA,NA,NA,NA,"none",NA,NA,NA,NA,0.5
2019-06-17,"BH","2.0","3.5","V",NA,NA,"<1","5.1",1,"2.7",NA,NA,NA,NA,NA,2019,NA,"Elizabeth & Laura",NA,NA,NA,NA,NA,NA,NA,NA,NA,NA,NA,"foliar",NA,NA,NA,NA,0.5
2019-06-17,"BH","2.0","3.5","V",NA,NA,"<1","5.0",1,"1.5",NA,NA,NA,NA,NA,2019,NA,"Elizabeth & Laura",NA,NA,NA,NA,NA,NA,NA,NA,NA,NA,NA,"none",NA,NA,NA,NA,0.5
2019-06-17,"BH","2.0","3.5","V",NA,NA,"<1","2.1",1,"1.6",NA,NA,NA,NA,NA,2019,NA,"Elizabeth & Laura",NA,NA,NA,NA,NA,NA,NA,NA,NA,NA,NA,"none",NA,NA,NA,NA,0.5
2019-06-17,"BH","2.0","3.5","V",NA,NA,"<1","2.4",1,"1.2",NA,NA,NA,NA,NA,2019,NA,"Elizabeth & Laura",NA,NA,NA,NA,NA,NA,NA,NA,NA,NA,NA,"foliar",NA,NA,NA,NA,0.5
2019-06-17,"BH","2.0","3.5","V",NA,NA,"<1","2.2",1,"3.0",NA,NA,NA,NA,NA,2019,NA,"Elizabeth & Laura",NA,NA,NA,NA,NA,NA,NA,NA,NA,NA,NA,"none",NA,NA,NA,NA,0.5
2019-06-17,"BH","2.0","3.5","V",NA,NA,"1.02","5.6",1,"2.9",NA,NA,NA,NA,NA,2019,NA,"Elizabeth & Laura",NA,NA,NA,NA,NA,NA,NA,NA,NA,NA,NA,"none",NA,NA,NA,NA,1.02
2019-06-17,"BH","2.0","3.5","V",38,49,"2.0","8.0",1,"3.2",NA,NA,NA,NA,NA,2019,NA,"Elizabeth & Laura",NA,NA,NA,NA,NA,NA,NA,NA,NA,"143.0",NA,"none",NA,NA,NA,NA,2
2019-06-17,"BH","2.0","3.5","V",NA,NA,"<1","5.0",1,"2.8",NA,NA,NA,NA,NA,2019,NA,"Elizabeth & Laura",NA,NA,NA,NA,NA,NA,NA,NA,NA,NA,NA,"none",NA,NA,NA,NA,0.5
2019-06-17,"BH","2.0","3.5","V",NA,NA,"<1","3.5",1,"1.7",NA,NA,NA,NA,NA,2019,NA,"Elizabeth & Laura",NA,NA,NA,NA,NA,NA,NA,NA,NA,NA,NA,"none",NA,NA,NA,NA,0.5
2019-06-17,"BH","2.0","3.5","V",NA,NA,"<1","2.5",1,"1.5",NA,NA,NA,NA,NA,2019,NA,"Elizabeth & Laura",NA,NA,NA,NA,NA,NA,NA,NA,NA,NA,NA,"none",NA,NA,NA,NA,0.5
2019-06-17,"BH","2.0","3.5","V",38,48,"1.9","3.5",1,"3.6",NA,NA,NA,NA,NA,2019,NA,"Elizabeth & Laura",NA,NA,NA,NA,NA,NA,NA,NA,NA,"88.0",NA,"foliar",NA,NA,NA,NA,1.9
2019-06-17,"BH","2.0","3.5","V",NA,NA,"<1","2.4",1,"2.8",NA,NA,NA,NA,NA,2019,NA,"Elizabeth & Laura",NA,NA,NA,NA,NA,NA,NA,NA,NA,NA,NA,"none",NA,NA,NA,NA,0.5
2019-06-17,"BH","2.0","3.5","V",NA,NA,"<1","2.4",1,"2.1",NA,NA,NA,NA,NA,2019,NA,"Elizabeth & Laura",NA,NA,NA,NA,NA,NA,NA,NA,NA,NA,NA,"none",NA,NA,NA,NA,0.5
2019-06-17,"BH","2.0","3.5","V",NA,NA,"<1","0.8",1,"0.5",NA,NA,NA,NA,NA,2019,NA,"Elizabeth & Laura",NA,NA,NA,NA,NA,NA,NA,NA,NA,NA,NA,"none",NA,NA,NA,NA,0.5
2019-06-17,"BH","2.0","3.5","V",NA,NA,"<1","1.4",1,"1.6",NA,NA,NA,NA,NA,2019,NA,"Elizabeth & Laura",NA,NA,NA,NA,NA,NA,NA,NA,NA,NA,NA,"none",NA,NA,NA,NA,0.5
2019-06-17,"BH","2.0","3.5","V",NA,NA,"<1","1.9",1,"2.4",NA,NA,NA,NA,NA,2019,NA,"Elizabeth & Laura",NA,NA,NA,NA,NA,NA,NA,NA,NA,NA,NA,"none",NA,NA,NA,NA,0.5
2019-06-17,"BH","2.0","3.5","V",NA,NA,"<1","1.0",1,"1.5",NA,NA,NA,NA,NA,2019,NA,"Elizabeth & Laura",NA,NA,NA,NA,NA,NA,NA,NA,NA,NA,NA,"foliar",NA,NA,NA,NA,0.5
2019-06-17,"BH","2.0","3.5","V",NA,NA,"<1","2.4",1,"2.5",NA,NA,NA,NA,NA,2019,NA,"Elizabeth & Laura",NA,NA,NA,NA,NA,NA,NA,NA,NA,NA,NA,"foliar",NA,NA,NA,NA,0.5
2019-06-17,"BH","2.0","3.5","V",NA,NA,"<1","2.9",1,"2.5",NA,NA,NA,NA,NA,2019,NA,"Elizabeth & Laura",NA,NA,NA,NA,NA,NA,NA,NA,NA,NA,NA,"none",NA,NA,NA,NA,0.5
2019-06-17,"BH","2.0","3.5","V",18,50,"2.25","3.6",1,"3.0",NA,NA,NA,NA,NA,2019,NA,"Elizabeth & Laura",NA,NA,NA,NA,NA,NA,NA,NA,NA,"141.0",NA,"foliar",NA,NA,NA,NA,2.25
2019-06-17,"BH","2.0","3.5","V",NA,NA,"<1","2.6",1,"1.7",NA,NA,NA,NA,NA,2019,NA,"Elizabeth & Laura",NA,NA,NA,NA,NA,NA,NA,NA,NA,NA,NA,"none",NA,NA,NA,NA,0.5
2019-06-17,"BH","2.0","3.5","V",NA,NA,"1.23","2.4",1,"2.6",NA,NA,NA,NA,NA,2019,NA,"Elizabeth & Laura",NA,NA,NA,NA,NA,NA,NA,NA,NA,NA,NA,"foliar",NA,NA,NA,NA,1.23
2019-06-17,"BH","2.0","4.0","V",NA,NA,"<1","2.5",1,"1.6",NA,NA,NA,NA,NA,2019,NA,"Elizabeth & Laura",NA,NA,NA,NA,NA,NA,NA,NA,NA,NA,NA,"none",NA,NA,NA,NA,0.5
2019-06-17,"BH","2.0","4.0","V",NA,NA,"<1","2.0",1,"1.5",NA,NA,NA,NA,NA,2019,NA,"Elizabeth & Laura",NA,NA,NA,NA,NA,NA,NA,NA,NA,NA,NA,"none",NA,NA,NA,NA,0.5
2019-06-17,"BH","2.0","4.0","P",13,22,"7.43","111.7",8,NA,"8.0","56.0",11.6,7,NA,2019,NA,"Elizabeth & Laura",NA,NA,NA,NA,NA,NA,NA,NA,NA,"100.0",NA,"foliar",NA,NA,NA,NA,7.43
2019-06-17,"BH","2.0","4.0","P",21,8,"4.82","61.0",2,NA,"0.0","17.0",9.6,2,NA,2019,NA,"Elizabeth & Laura",NA,NA,NA,NA,NA,NA,NA,NA,NA,"146.0",NA,"none",NA,NA,NA,NA,4.82
2019-06-17,"BH","2.0","4.0","V",24,1,"3.56","18.9",3,"4.2",NA,NA,NA,NA,NA,2019,NA,"Elizabeth & Laura",NA,NA,NA,NA,NA,NA,NA,NA,NA,"61.0",NA,"foliar",NA,NA,NA,NA,3.56
2019-06-17,"BH","2.0","4.0","P",24,4,"7.72","98.0",4,NA,"0.0","32.0",8.6,4,NA,2019,NA,"Elizabeth & Laura",NA,NA,NA,NA,NA,NA,NA,NA,NA,"77.0",NA,"none",NA,NA,NA,NA,7.72
2019-06-17,"BH","2.0","4.0","V",NA,NA,"<1","3.7",1,"0.8",NA,NA,NA,NA,NA,2019,NA,"Elizabeth & Laura",NA,NA,NA,NA,NA,NA,NA,NA,NA,NA,NA,"none",NA,NA,NA,NA,0.5
2019-06-17,"BH","2.0","4.0","V",NA,NA,"<1","4.0",1,"0.4",NA,NA,NA,NA,NA,2019,NA,"Elizabeth & Laura",NA,NA,NA,NA,NA,NA,NA,NA,NA,NA,NA,"none",NA,NA,NA,NA,0.5
2019-06-17,"BH","2.0","4.0","V",NA,NA,"1.13","9.1",1,"2.6",NA,NA,NA,NA,NA,2019,NA,"Elizabeth & Laura",NA,NA,NA,NA,NA,NA,NA,NA,NA,NA,NA,"foliar",NA,NA,NA,NA,1.13
2019-06-17,"BH","2.0","4.0","V",NA,NA,"<1","2.5",1,"0.4",NA,NA,NA,NA,NA,2019,NA,"Elizabeth & Laura",NA,NA,NA,NA,NA,NA,NA,NA,NA,NA,NA,"none",NA,NA,NA,NA,0.5
2019-06-17,"BH","2.0","4.0","V",NA,NA,"<1","3.9",1,"1.9",NA,NA,NA,NA,NA,2019,NA,"Elizabeth & Laura",NA,NA,NA,NA,NA,NA,NA,NA,NA,NA,NA,"none",NA,NA,NA,NA,0.5
2019-06-17,"BH","2.0","4.0","V",NA,NA,"<1","4.4",1,"1.5",NA,NA,NA,NA,NA,2019,NA,"Elizabeth & Laura",NA,NA,NA,NA,NA,NA,NA,NA,NA,NA,NA,"none",NA,NA,NA,NA,0.5
2019-06-17,"BH","2.0","4.5","V",NA,NA,"<1","2.2",1,"1.7",NA,NA,NA,NA,NA,2019,NA,"Elizabeth & Laura",NA,NA,NA,NA,NA,NA,NA,NA,NA,NA,NA,"none",NA,NA,NA,NA,0.5
2019-06-17,"BH","2.0","4.5","V",NA,NA,"<1","3.9",1,"2.5",NA,NA,NA,NA,NA,2019,NA,"Elizabeth & Laura",NA,NA,NA,NA,NA,NA,NA,NA,NA,NA,NA,"none",NA,NA,NA,NA,0.5
2019-06-17,"BH","2.0","4.5","V",NA,NA,"<1","7.5",1,"4.0",NA,NA,NA,NA,NA,2019,NA,"Elizabeth & Laura",NA,NA,NA,NA,NA,NA,NA,NA,NA,NA,NA,"none",NA,NA,NA,NA,0.5
2020-06-25,"BH","1.0","5.5",NA,37,50,NA,NA,NA,NA,NA,NA,NA,NA,"rattlesnake on this transcet not surveying",2020,NA,NA,"EC",2021-11-08,NA,111,"red",NA,NA,NA,NA,NA,NA,NA,NA,NA,NA,NA,NA
2020-06-25,"BH","1.0","6.0",NA,10,10,NA,NA,NA,NA,NA,NA,NA,NA,"rattlesnake on this transcet not surveying",2020,NA,NA,"EC",2021-11-09,NA,22,"red",NA,NA,NA,NA,NA,NA,NA,NA,NA,NA,NA,NA
2020-06-25,"BH","1.0","7.0",NA,22,35,NA,NA,NA,NA,NA,NA,NA,NA,"rattlesnake on this transcet not surveying",2020,NA,NA,"EC",2021-11-09,NA,103,"red",NA,NA,NA,NA,NA,NA,NA,NA,NA,NA,NA,NA
2020-06-25,"BH","1.0","7.5",NA,20,13,NA,NA,NA,NA,NA,NA,NA,NA,"rattlesnake on this transcet not surveying",2020,NA,NA,"EC",2021-11-09,NA,139,"red",NA,NA,NA,NA,NA,NA,NA,NA,NA,NA,NA,NA
2020-06-25,"BH","1.0","7.5",NA,23,25,NA,NA,NA,NA,NA,NA,NA,NA,"rattlesnake on this transcet not surveying",2020,NA,NA,"EC",2021-11-09,NA,28,"red",NA,NA,NA,NA,NA,NA,NA,NA,NA,NA,NA,NA
2020-06-25,"BH","1.0","7.5",NA,43,16,NA,NA,NA,NA,NA,NA,NA,NA,"rattlesnake on this transcet not surveying",2020,NA,NA,"EC",2021-11-09,NA,1,"red",NA,NA,NA,NA,NA,NA,NA,NA,NA,NA,NA,NA
2020-06-25,"BH","1.0","8.5",NA,50,10,NA,NA,NA,NA,NA,NA,NA,NA,"rattlesnake on this transcet not surveying",2020,NA,NA,"EC",2021-11-09,NA,149,"red",NA,NA,NA,NA,NA,NA,NA,NA,NA,NA,NA,NA
2020-06-25,"BH","1.0","8.5",NA,25,35,NA,NA,NA,NA,NA,NA,NA,NA,"rattlesnake on this transcet not surveying",2020,NA,NA,"EC",2021-11-09,NA,10,"red",NA,NA,NA,NA,NA,NA,NA,NA,NA,NA,NA,NA
2020-06-25,"BH","1.0","8.5",NA,5,22,NA,NA,NA,NA,NA,NA,NA,NA,"rattlesnake on this transcet not surveying",2020,NA,NA,"EC",2021-11-09,NA,71,"red",NA,NA,NA,NA,NA,NA,NA,NA,NA,NA,NA,NA
2020-06-25,"BH","1.0","9.0",NA,2,39,NA,NA,NA,NA,NA,NA,NA,NA,"rattlesnake on this transcet not surveying",2020,NA,NA,"EC",2021-11-09,NA,9,"red",NA,NA,NA,NA,NA,NA,NA,NA,NA,NA,NA,NA
2020-06-25,"BH","1.0","9.0",NA,0,30,NA,NA,NA,NA,NA,NA,NA,NA,"rattlesnake on this transcet not surveying",2020,NA,NA,"EC",2021-11-09,NA,8,"red",NA,NA,NA,NA,NA,NA,NA,NA,NA,NA,NA,NA
2020-06-25,"BH","1.0","9.0",NA,1,26,NA,NA,NA,NA,NA,NA,NA,NA,"rattlesnake on this transcet not surveying",2020,NA,NA,"EC",2021-11-09,NA,80,"red",NA,NA,NA,NA,NA,NA,NA,NA,NA,NA,NA,NA
2020-06-25,"BH","1.0","10.0",NA,NA,NA,NA,NA,NA,NA,NA,NA,NA,NA,"rattlesnake on this transcet not surveying",2020,NA,NA,"EC",2021-11-09,NA,152,"red",NA,NA,NA,NA,NA,NA,NA,NA,NA,NA,NA,NA
2020-06-25,"BH","1.0","10.0",NA,46,5,NA,NA,NA,NA,NA,NA,NA,NA,"rattlesnake on this transcet not surveying",2020,NA,NA,"EC",2021-11-09,NA,134,"red",NA,NA,NA,NA,NA,NA,NA,NA,NA,NA,NA,NA
2020-06-25,"BH","1.0","10.5",NA,37,42,NA,NA,NA,NA,NA,NA,NA,NA,"rattlesnake on this transcet not surveying",2020,NA,NA,"EC",2021-11-09,NA,133,"red",NA,NA,NA,NA,NA,NA,NA,NA,NA,NA,NA,NA
2020-06-25,"BH","2.0","0.5","X",35,33,NA,NA,NA,NA,NA,NA,NA,NA,NA,2020,NA,NA,"EC",2021-11-09,NA,5,"red",NA,NA,NA,NA,NA,NA,NA,NA,NA,NA,NA,NA
2020-06-25,"BH","2.0","0.5","X",50,31,NA,NA,NA,NA,NA,NA,NA,NA,NA,2020,NA,NA,"EC",2021-11-09,NA,65,"red",NA,NA,NA,NA,NA,NA,NA,NA,NA,NA,NA,NA
2020-06-25,"BH","2.0","0.5","X",5,50,NA,NA,NA,NA,NA,NA,NA,NA,NA,2020,NA,NA,"EC",2021-11-09,NA,172,"red",NA,NA,NA,NA,NA,NA,NA,NA,NA,NA,NA,NA
2020-06-25,"BH","2.0","0.5","X",40,3,NA,NA,NA,NA,NA,NA,NA,NA,NA,2020,NA,NA,"EC",2021-11-09,NA,16,"red",NA,NA,NA,NA,NA,NA,NA,NA,NA,NA,NA,NA
2020-06-25,"BH","2.0","0.5","X",40,0,NA,NA,NA,NA,NA,NA,NA,NA,NA,2020,NA,NA,"EC",2021-11-09,NA,86,"red",NA,NA,NA,NA,NA,NA,NA,NA,NA,NA,NA,NA
2020-06-25,"BH","2.0","1.0","X",3,3,NA,NA,NA,NA,NA,NA,NA,NA,NA,2020,NA,NA,"EC",2021-11-09,NA,4,"red",NA,NA,NA,NA,NA,NA,NA,NA,NA,NA,NA,NA
2020-06-25,"BH","2.0","1.0","X",5,3,NA,NA,NA,NA,NA,NA,NA,NA,NA,2020,NA,NA,"EC",2021-11-09,NA,148,"red",NA,NA,NA,NA,NA,NA,NA,NA,NA,NA,NA,NA
2020-06-25,"BH","2.0","1.0","X",20,7,NA,NA,NA,NA,NA,NA,NA,NA,NA,2020,NA,NA,"EC",2021-11-09,NA,67,"red",NA,NA,NA,NA,NA,NA,NA,NA,NA,NA,NA,NA
2020-06-25,"BH","2.0","1.0","X",25,31,NA,NA,NA,NA,NA,NA,NA,NA,NA,2020,NA,NA,"EC",2021-11-09,NA,72,"red",NA,NA,NA,NA,NA,NA,NA,NA,NA,NA,NA,NA
2020-06-25,"BH","2.0","1.0","X",40,21,NA,NA,NA,NA,NA,NA,NA,NA,NA,2020,NA,NA,"EC",2021-11-09,NA,144,"red",NA,NA,NA,NA,NA,NA,NA,NA,NA,NA,NA,NA
2020-06-25,"BH","2.0","1.5","P",12,34,"10.88","48.5",4,"4.0","0.0","4.0",7.2,1,NA,2020,NA,NA,"EC",2021-11-09,NA,82,"red",NA,NA,NA,NA,NA,NA,"yes",NA,NA,NA,NA,10.88
2020-06-25,"BH","2.0","1.5","X",20,45,NA,NA,NA,NA,NA,NA,NA,NA,NA,2020,NA,NA,"EC",2021-11-09,NA,63,"red",NA,NA,NA,NA,NA,NA,NA,NA,NA,NA,NA,NA
2020-06-25,"BH","2.0","1.5","X",33,20,NA,NA,NA,NA,NA,NA,NA,NA,NA,2020,NA,NA,"EC",2021-11-09,NA,90,"red",NA,NA,NA,NA,NA,NA,NA,NA,NA,NA,NA,NA
2020-06-25,"BH","2.0","1.5","X",0,54,NA,NA,NA,NA,NA,NA,NA,NA,NA,2020,NA,NA,"EC",2021-11-09,NA,2,"red",NA,NA,NA,NA,NA,NA,NA,NA,NA,NA,NA,NA
2020-06-25,"BH","2.0","1.5","X",35,25,NA,NA,NA,NA,NA,NA,NA,NA,NA,2020,NA,NA,"EC",2021-11-09,NA,70,"red",NA,NA,NA,NA,NA,NA,NA,NA,NA,NA,NA,NA
2020-06-25,"BH","2.0","2.0","P",40,42,"6.58","40.0",4,NA,"0.0","9.0",3.4,1,"2 branches are dead from last year",2020,NA,NA,"EC",2021-11-09,NA,85,"red",NA,NA,NA,NA,NA,NA,"yes",NA,NA,NA,NA,6.58
2020-06-25,"BH","2.0","2.0","X",50,30,NA,NA,NA,NA,NA,NA,NA,NA,NA,2020,NA,NA,"EC",2021-11-09,NA,95,"red",NA,NA,NA,NA,NA,NA,NA,NA,NA,NA,NA,NA
2020-06-25,"BH","2.0","2.0","X",15,43,NA,NA,NA,NA,NA,NA,NA,NA,NA,2020,NA,NA,"EC",2021-11-09,NA,13,"red",NA,NA,NA,NA,NA,NA,NA,NA,NA,NA,NA,NA
2020-06-25,"BH","2.0","2.5","P",47,7,"5.29","76.5",2,NA,"3.0","44.0",10.9,2,"131.0",2020,NA,NA,"EC",2021-11-09,NA,132,"red",NA,NA,NA,NA,NA,NA,"50.0",NA,NA,NA,NA,5.29
2020-06-25,"BH","2.0","2.5","X",20,34,NA,NA,NA,NA,NA,NA,NA,NA,"132.0",2020,NA,NA,"EC",2021-11-09,NA,131,"red",NA,NA,NA,NA,NA,NA,NA,NA,NA,NA,NA,NA
2020-06-25,"BH","2.0","2.5","X",14,39,NA,NA,NA,NA,NA,NA,NA,NA,NA,2020,NA,NA,"EC",2021-11-09,NA,40,"red",NA,NA,NA,NA,NA,NA,NA,NA,NA,NA,NA,NA
2020-06-25,"BH","2.0","3.0",NA,15,46,NA,NA,NA,NA,NA,NA,NA,NA,NA,2020,NA,NA,"EC",2021-11-09,NA,126,"red",NA,NA,NA,NA,NA,NA,NA,NA,NA,NA,NA,NA
2020-06-25,"BH","2.0","3.5",NA,37,40,NA,NA,NA,NA,NA,NA,NA,NA,NA,2020,NA,NA,"EC",2021-11-09,NA,34,"red",NA,NA,NA,NA,NA,NA,NA,NA,NA,NA,NA,NA
2020-06-25,"BH","2.0","3.5",NA,13,14,NA,NA,NA,NA,NA,NA,NA,NA,NA,2020,NA,NA,"EC",2021-11-09,NA,29,"red",NA,NA,NA,NA,NA,NA,NA,NA,NA,NA,NA,NA
2020-06-25,"BH","2.0","3.5",NA,11,3,NA,NA,NA,NA,NA,NA,NA,NA,NA,2020,NA,NA,"EC",2021-11-09,NA,50,"red",NA,NA,NA,NA,NA,NA,NA,NA,NA,NA,NA,NA
2020-06-25,"BH","2.0","3.5",NA,13,0,NA,NA,NA,NA,NA,NA,NA,NA,NA,2020,NA,NA,"EC",2021-11-09,NA,38,"red",NA,NA,NA,NA,NA,NA,NA,NA,NA,NA,NA,NA
2020-06-25,"BH","2.0","3.5",NA,34,15,NA,NA,NA,NA,NA,NA,NA,NA,NA,2020,NA,NA,"EC",2021-11-09,NA,24,"red",NA,NA,NA,NA,NA,NA,NA,NA,NA,NA,NA,NA
2020-06-25,"BH","2.0","3.5",NA,38,49,NA,NA,NA,NA,NA,NA,NA,NA,NA,2020,NA,NA,"EC",2021-11-09,NA,143,"red",NA,NA,NA,NA,NA,NA,NA,NA,NA,NA,NA,NA
2020-06-25,"BH","2.0","3.5",NA,38,48,NA,NA,NA,NA,NA,NA,NA,NA,NA,2020,NA,NA,"EC",2021-11-09,NA,88,"red",NA,NA,NA,NA,NA,NA,NA,NA,NA,NA,NA,NA
2020-06-25,"BH","2.0","3.5",NA,18,50,NA,NA,NA,NA,NA,NA,NA,NA,NA,2020,NA,NA,"EC",2021-11-09,NA,141,"red",NA,NA,NA,NA,NA,NA,NA,NA,NA,NA,NA,NA
2020-06-25,"BH","2.0","4.0",NA,13,22,NA,NA,NA,NA,NA,NA,NA,NA,NA,2020,NA,NA,"EC",2021-11-09,NA,100,"red",NA,NA,NA,NA,NA,NA,NA,NA,NA,NA,NA,NA
2020-06-25,"BH","2.0","4.0",NA,21,8,NA,NA,NA,NA,NA,NA,NA,NA,NA,2020,NA,NA,"EC",2021-11-09,NA,146,"red",NA,NA,NA,NA,NA,NA,NA,NA,NA,NA,NA,NA
2020-06-25,"BH","2.0","4.0",NA,24,1,NA,NA,NA,NA,NA,NA,NA,NA,NA,2020,NA,NA,"EC",2021-11-09,NA,61,"red",NA,NA,NA,NA,NA,NA,NA,NA,NA,NA,NA,NA
2020-06-25,"BH","2.0","4.0",NA,24,4,NA,NA,NA,NA,NA,NA,NA,NA,NA,2020,NA,NA,"EC",2021-11-09,NA,77,"red",NA,NA,NA,NA,NA,NA,NA,NA,NA,NA,NA,NA
2020-06-25,"BH","DP",NA,"X",NA,NA,NA,NA,NA,NA,NA,NA,NA,NA,NA,2020,NA,NA,"EC",2021-11-09,NA,81,"red",NA,NA,NA,NA,NA,NA,NA,NA,NA,NA,NA,NA
2020-06-25,"BH","DP",NA,"X",NA,NA,NA,NA,NA,NA,NA,NA,NA,NA,NA,2020,NA,NA,"EC",2021-11-09,NA,145,"red",NA,NA,NA,NA,NA,NA,NA,NA,NA,NA,NA,NA
2020-06-25,"BH","DP",NA,NA,NA,NA,NA,NA,NA,NA,NA,NA,NA,NA,NA,2020,NA,NA,"EC",2021-11-09,NA,14,"red",NA,NA,NA,NA,NA,NA,NA,NA,NA,NA,NA,NA
2020-06-25,"BH","DP",NA,"X",NA,NA,NA,NA,NA,NA,NA,NA,NA,NA,NA,2020,NA,NA,"EC",2021-11-09,NA,17,"red",NA,NA,NA,NA,NA,NA,NA,NA,NA,NA,NA,NA
2020-06-25,"BH","DP",NA,"P",NA,NA,"12.17","182.0",6,NA,"3.0","211.0",10.2,3,"under tree",2020,NA,NA,"EC",2021-11-09,NA,11,"red",NA,NA,NA,NA,NA,NA,NA,NA,NA,NA,NA,12.17
2020-06-25,"BH","DP",NA,"X",NA,NA,NA,NA,NA,NA,NA,NA,NA,NA,NA,2020,NA,NA,"EC",2021-11-09,NA,7,"red",NA,NA,NA,NA,NA,NA,NA,NA,NA,NA,NA,NA
2020-06-25,"BH","DP",NA,"X",NA,NA,NA,NA,NA,NA,NA,NA,NA,NA,NA,2020,NA,NA,"EC",2021-11-09,NA,87,"red",NA,NA,NA,NA,NA,NA,NA,NA,NA,NA,NA,NA
2020-06-25,"BH","DP",NA,"P",NA,NA,"8.08","149.0",2,NA,"0.0","249.0",8.9,2,"under tree",2020,NA,NA,"EC",2021-11-09,NA,91,"red",NA,NA,NA,NA,NA,NA,"no",NA,NA,NA,NA,8.08
2020-06-25,"BH","DP",NA,"X",NA,NA,NA,NA,NA,NA,NA,NA,NA,NA,NA,2020,NA,NA,"EC",2021-11-09,NA,18,"red",NA,NA,NA,NA,NA,NA,NA,NA,NA,NA,NA,NA
2020-06-25,"BH","DP",NA,"P",NA,NA,"12.83","128.0",4,NA,"0.0","95.0",8.6,4,"3 dead branches:under tree",2020,NA,NA,"EC",2021-11-09,NA,92,"red",NA,NA,NA,NA,NA,NA,"yes",NA,NA,NA,NA,12.83
2020-06-25,"BH","DP",NA,"P",NA,NA,"9.54","92.0",7,NA,"0.0","61.0",9.6,6,"main stem is stom(?) I could not read the note",2020,NA,NA,"EC",2021-11-09,NA,142,"red",NA,NA,NA,NA,NA,NA,"no",NA,NA,NA,NA,9.54
2020-06-25,"BH","2.0","0.0","V",10,7,"1.54","7.2",1,"2.1",NA,NA,NA,NA,NA,2020,NA,NA,"EC",2021-11-09,NA,98,"blue",NA,NA,NA,NA,NA,NA,"no",NA,NA,NA,NA,1.54
2020-06-25,"BH","2.0","0.0","V",NA,NA,"<1","4.4",1,"1.1",NA,NA,NA,NA,NA,2020,NA,NA,"EC",2021-11-09,NA,NA,NA,NA,NA,NA,NA,NA,NA,"no",NA,NA,NA,NA,0.5
2020-06-25,"BH","2.0","0.0","V",NA,NA,"<1","4.1",1,"0.9",NA,NA,NA,NA,NA,2020,NA,NA,"EC",2021-11-09,NA,NA,NA,NA,NA,NA,NA,NA,NA,"no",NA,NA,NA,NA,0.5
2020-06-25,"BH","2.0","0.0","V",15,5,"1.93","12.2",1,"2.3",NA,NA,NA,NA,NA,2020,NA,NA,"EC",2021-11-09,NA,85,"blue",NA,NA,NA,NA,NA,NA,"no",NA,NA,NA,NA,1.93
2020-06-25,"BH","2.0","0.0","V",7,16,"1.58","7.2",1,"1.6",NA,NA,NA,NA,NA,2020,NA,NA,"EC",2021-11-09,NA,1,"blue",NA,NA,NA,NA,NA,NA,"no",NA,NA,NA,NA,1.58
2020-06-25,"BH","2.0","0.0","V",NA,NA,"<1","5.0",1,"1.2",NA,NA,NA,NA,NA,2020,NA,NA,"EC",2021-11-09,NA,NA,NA,NA,NA,NA,NA,NA,NA,"no",NA,NA,NA,NA,0.5
2020-06-25,"BH","2.0","0.0","V",NA,NA,"<1","5.2",1,"1.0",NA,NA,NA,NA,NA,2020,NA,NA,"EC",2021-11-09,NA,NA,NA,NA,NA,NA,NA,NA,NA,"no",NA,NA,NA,NA,0.5
2020-06-25,"BH","2.0","0.0","V",44,50,"1.7","4.3",1,"1.2",NA,NA,NA,NA,NA,2020,NA,NA,"EC",2021-11-09,NA,36,"blue",NA,NA,NA,NA,NA,NA,"no",NA,NA,NA,NA,1.7
2020-06-25,"BH","2.0","0.5","V",NA,NA,"<1","3.9",1,"1.0",NA,NA,NA,NA,NA,2020,NA,NA,"EC",2021-11-09,NA,NA,NA,NA,NA,NA,NA,NA,NA,"no",NA,NA,NA,NA,0.5
2020-06-25,"BH","2.0","0.5","V",NA,NA,"<1","3.8",1,"1.1",NA,NA,NA,NA,NA,2020,NA,NA,"EC",2021-11-09,NA,NA,NA,NA,NA,NA,NA,NA,NA,"no",NA,NA,NA,NA,0.5
2020-06-25,"BH","2.0","0.5","V",NA,NA,"<1","3.9",1,"1.1",NA,NA,NA,NA,NA,2020,NA,NA,"EC",2021-11-09,NA,NA,NA,NA,NA,NA,NA,NA,NA,"no",NA,NA,NA,NA,0.5
2020-06-25,"BH","2.0","0.5","V",NA,NA,"<1","4.1",1,"1.0",NA,NA,NA,NA,NA,2020,NA,NA,"EC",2021-11-09,NA,NA,NA,NA,NA,NA,NA,NA,NA,"no",NA,NA,NA,NA,0.5
2020-06-25,"BH","2.0","0.5","V",10,46,"1.5","5.7",1,"1.5",NA,NA,NA,NA,NA,2020,NA,NA,"EC",2021-11-09,NA,84,"blue",NA,NA,NA,NA,NA,NA,"yes",NA,NA,NA,NA,1.5
2020-06-25,"BH","2.0","0.5","V",NA,NA,"<1","3.1",1,"0.9",NA,NA,NA,NA,NA,2020,NA,NA,"EC",2021-11-09,NA,NA,NA,NA,NA,NA,NA,NA,NA,"yes",NA,NA,NA,NA,0.5
2020-06-25,"BH","2.0","0.5","V",30,25,"1.9","6.9",1,"1.6",NA,NA,NA,NA,NA,2020,NA,NA,"EC",2021-11-09,NA,23,"blue",NA,NA,NA,NA,NA,NA,"no",NA,NA,NA,NA,1.9
2020-06-25,"BH","2.0","0.5","P",40,29,"5.36","6.9",2,NA,"12.0","31.0",7.4,1,NA,2020,NA,NA,"EC",2021-11-09,NA,25,"blue",NA,NA,NA,NA,NA,NA,"no",NA,NA,NA,NA,5.36
2020-06-25,"BH","2.0","0.5","V",NA,NA,"<1","4.3",1,"1.0",NA,NA,NA,NA,NA,2020,NA,NA,"EC",2021-11-09,NA,NA,NA,NA,NA,NA,NA,NA,NA,"no",NA,NA,NA,NA,0.5
2020-06-25,"BH","2.0","0.5","V",NA,NA,"<1","3.5",1,"0.8",NA,NA,NA,NA,NA,2020,NA,NA,"EC",2021-11-09,NA,NA,NA,NA,NA,NA,NA,NA,NA,"no",NA,NA,NA,NA,0.5
2020-06-25,"BH","2.0","0.5","V",NA,NA,"<1","4.3",1,"0.6",NA,NA,NA,NA,NA,2020,NA,NA,"EC",2021-11-09,NA,NA,NA,NA,NA,NA,NA,NA,NA,"no",NA,NA,NA,NA,0.5
2020-06-25,"BH","2.0","0.5","V",NA,NA,"<1","2.0",1,"0.8",NA,NA,NA,NA,NA,2020,NA,NA,"EC",2021-11-09,NA,NA,NA,NA,NA,NA,NA,NA,NA,"no",NA,NA,NA,NA,0.5
2020-06-25,"BH","2.0","0.5","V",NA,NA,"<1","2.1",1,"0.9",NA,NA,NA,NA,NA,2020,NA,NA,"EC",2021-11-09,NA,NA,NA,NA,NA,NA,NA,NA,NA,"no",NA,NA,NA,NA,0.5
2020-06-25,"BH","2.0","0.5","V",50,38,"4.8","12.8",1,"3.5",NA,NA,NA,NA,NA,2020,NA,NA,"EC",2021-11-09,NA,81,"blue",NA,NA,NA,NA,NA,NA,"no",NA,NA,NA,NA,4.8
2020-06-25,"BH","2.0","0.5","V",48,45,"3.3","11.0",3,"2.1",NA,NA,NA,NA,NA,2020,NA,NA,"EC",2021-11-09,NA,54,"blue",NA,NA,NA,NA,NA,NA,"no",NA,NA,NA,NA,3.3
2020-06-25,"BH","2.0","0.5","V",NA,NA,"<1","7.1",1,"1.6",NA,NA,NA,NA,NA,2020,NA,NA,"EC",2021-11-09,NA,NA,NA,NA,NA,NA,NA,NA,NA,"no",NA,NA,NA,NA,0.5
2020-06-25,"BH","2.0","0.5","V",40,45,"1.76","7.5",1,"2.1",NA,NA,NA,NA,NA,2020,NA,NA,"EC",2021-11-09,NA,83,"blue",NA,NA,NA,NA,NA,NA,"no",NA,NA,NA,NA,1.76
2020-06-25,"BH","2.0","0.5","V",NA,NA,"<1","3.4",1,"0.8",NA,NA,NA,NA,NA,2020,NA,NA,"EC",2021-11-09,NA,NA,NA,NA,NA,NA,NA,NA,NA,"no",NA,NA,NA,NA,0.5
2020-06-25,"BH","2.0","0.5","V",NA,NA,"<1","3.8",1,"1.0",NA,NA,NA,NA,NA,2020,NA,NA,"EC",2021-11-09,NA,NA,NA,NA,NA,NA,NA,NA,NA,"no",NA,NA,NA,NA,0.5
2020-06-25,"BH","2.0","0.5","V",NA,NA,"<1","4.7",1,"0.6",NA,NA,NA,NA,NA,2020,NA,NA,"EC",2021-11-09,NA,NA,NA,NA,NA,NA,NA,NA,NA,"no",NA,NA,NA,NA,0.5
2020-06-25,"BH","2.0","0.5","V",NA,NA,"<1","5.5",1,"1.0",NA,NA,NA,NA,NA,2020,NA,NA,"EC",2021-11-09,NA,NA,NA,NA,NA,NA,NA,NA,NA,"no",NA,NA,NA,NA,0.5
2020-06-25,"BH","2.0","1.0","V",NA,NA,"<1","2.2",1,"1.2",NA,NA,NA,NA,NA,2020,NA,NA,"EC",2021-11-09,NA,NA,NA,NA,NA,NA,NA,NA,NA,"no",NA,NA,NA,NA,0.5
2020-06-25,"BH","2.0","1.0","V",NA,NA,"<1","10.0",1,"2.0",NA,NA,NA,NA,NA,2020,NA,NA,"EC",2021-11-09,NA,NA,NA,NA,NA,NA,NA,NA,NA,"no",NA,NA,NA,NA,0.5
2020-06-25,"BH","2.0","1.0","V",15,25,"1.46","8.1",1,"1.6",NA,NA,NA,NA,NA,2020,NA,NA,"EC",2021-11-09,NA,32,"blue",NA,NA,NA,NA,NA,NA,"no",NA,NA,NA,NA,1.46
2020-06-25,"BH","2.0","1.0","V",25,25,"3.43","33.5",2,"3.4",NA,NA,NA,NA,NA,2020,NA,NA,"EC",2021-11-09,NA,39,"blue",NA,NA,NA,NA,NA,NA,"yes",NA,NA,NA,NA,3.43
2020-06-25,"BH","2.0","1.0","V",NA,NA,"<1","7.0",1,"1.5",NA,NA,NA,NA,NA,2020,NA,NA,"EC",2021-11-09,NA,NA,NA,NA,NA,NA,NA,NA,NA,"no",NA,NA,NA,NA,0.5
2020-06-25,"BH","2.0","1.0","V",NA,NA,"<1","5.2",1,"2.0",NA,NA,NA,NA,NA,2020,NA,NA,"EC",2021-11-09,NA,NA,NA,NA,NA,NA,NA,NA,NA,"no",NA,NA,NA,NA,0.5
2020-06-25,"BH","2.0","1.0","V",NA,NA,"<1","5.6",1,"0.8",NA,NA,NA,NA,NA,2020,NA,NA,"EC",2021-11-09,NA,NA,NA,NA,NA,NA,NA,NA,NA,"no",NA,NA,NA,NA,0.5
2020-06-25,"BH","2.0","1.0","V",NA,NA,"<1","3.3",1,"0.9",NA,NA,NA,NA,NA,2020,NA,NA,"EC",2021-11-09,NA,NA,NA,NA,NA,NA,NA,NA,NA,"no",NA,NA,NA,NA,0.5
2020-06-25,"BH","2.0","1.0","V",NA,NA,"<1","0.5",1,"1.3",NA,NA,NA,NA,NA,2020,NA,NA,"EC",2021-11-09,NA,NA,NA,NA,NA,NA,NA,NA,NA,"no",NA,NA,NA,NA,0.5
2020-06-25,"BH","2.0","1.0","V",NA,NA,"<1","11.5",1,"1.1",NA,NA,NA,NA,NA,2020,NA,NA,"EC",2021-11-09,NA,NA,NA,NA,NA,NA,NA,NA,NA,"no",NA,NA,NA,NA,0.5
2020-06-25,"BH","2.0","1.0","V",NA,NA,"<1","4.2",1,"1.0",NA,NA,NA,NA,NA,2020,NA,NA,"EC",2021-11-09,NA,NA,NA,NA,NA,NA,NA,NA,NA,"no",NA,NA,NA,NA,0.5
2020-06-25,"BH","2.0","1.0","V",NA,NA,"<1","4.3",1,"1.6",NA,NA,NA,NA,NA,2020,NA,NA,"EC",2021-11-09,NA,NA,NA,NA,NA,NA,NA,NA,NA,"no",NA,NA,NA,NA,0.5
2020-06-25,"BH","2.0","1.0","V",NA,NA,"<1","3.2",1,"0.8",NA,NA,NA,NA,NA,2020,NA,NA,"EC",2021-11-09,NA,NA,NA,NA,NA,NA,NA,NA,NA,"no",NA,NA,NA,NA,0.5
2020-06-25,"BH","2.0","1.0","V",NA,NA,"<1","4.1",1,"1.1",NA,NA,NA,NA,NA,2020,NA,NA,"EC",2021-11-09,NA,NA,NA,NA,NA,NA,NA,NA,NA,"no",NA,NA,NA,NA,0.5
2020-06-25,"BH","2.0","1.5","V",NA,NA,"<1","3.5",1,"1.0",NA,NA,NA,NA,NA,2020,NA,NA,"EC",2021-11-09,NA,NA,NA,NA,NA,NA,NA,NA,NA,"no",NA,NA,NA,NA,0.5
2020-06-25,"BH","2.0","1.5","V",NA,NA,"<1","3.8",1,"0.6",NA,NA,NA,NA,NA,2020,NA,NA,"EC",2021-11-09,NA,NA,NA,NA,NA,NA,NA,NA,NA,"no",NA,NA,NA,NA,0.5
2020-06-25,"BH","2.0","1.5","V",NA,NA,"<1","7.5",1,"1.5",NA,NA,NA,NA,NA,2020,NA,NA,"EC",2021-11-09,NA,NA,NA,NA,NA,NA,NA,NA,NA,"no",NA,NA,NA,NA,0.5
2020-06-25,"BH","2.0","1.5","V",20,26,"4.57","24.0",2,"4.1",NA,NA,NA,NA,NA,2020,NA,NA,"EC",2021-11-09,NA,31,"blue",NA,NA,NA,NA,NA,NA,"yes",NA,NA,NA,NA,4.57
2020-06-25,"BH","2.0","1.5","V",NA,NA,"<1","11.1",1,"2.0",NA,NA,NA,NA,NA,2020,NA,NA,"EC",2021-11-09,NA,NA,NA,NA,NA,NA,NA,NA,NA,"no",NA,NA,NA,NA,0.5
2020-06-25,"BH","2.0","1.5","V",19,35,"2.17","18.4",1,"3.1",NA,NA,NA,NA,NA,2020,NA,NA,"EC",2021-11-09,NA,12,"blue",NA,NA,NA,NA,NA,NA,"yes",NA,NA,NA,NA,2.17
2020-06-25,"BH","2.0","1.5","V",NA,NA,"<1","9.3",1,"0.8",NA,NA,NA,NA,NA,2020,NA,NA,"EC",2021-11-09,NA,NA,NA,NA,NA,NA,NA,NA,NA,"no",NA,NA,NA,NA,0.5
2020-06-25,"BH","2.0","1.5","V",NA,NA,"<1","4.5",1,"0.6",NA,NA,NA,NA,NA,2020,NA,NA,"EC",2021-11-09,NA,NA,NA,NA,NA,NA,NA,NA,NA,"no",NA,NA,NA,NA,0.5
2020-06-25,"BH","2.0","1.5","V",NA,NA,"<1","5.1",1,"1.1",NA,NA,NA,NA,NA,2020,NA,NA,"EC",2021-11-09,NA,NA,NA,NA,NA,NA,NA,NA,NA,"no",NA,NA,NA,NA,0.5
2020-06-25,"BH","2.0","1.5","V",NA,NA,"<1","8.1",1,"1.0",NA,NA,NA,NA,NA,2020,NA,NA,"EC",2021-11-09,NA,NA,NA,NA,NA,NA,NA,NA,NA,"no",NA,NA,NA,NA,0.5
2020-06-25,"BH","2.0","1.5","V",NA,NA,"<1","4.4",1,"1.4",NA,NA,NA,NA,NA,2020,NA,NA,"EC",2021-11-09,NA,NA,NA,NA,NA,NA,NA,NA,NA,"yes",NA,NA,NA,NA,0.5
2020-06-25,"BH","2.0","1.5","V",NA,NA,"<1","3.5",1,"1.1",NA,NA,NA,NA,NA,2020,NA,NA,"EC",2021-11-09,NA,NA,NA,NA,NA,NA,NA,NA,NA,"no",NA,NA,NA,NA,0.5
2020-06-25,"BH","2.0","1.5","V",NA,NA,"<1","5.0",1,"1.4",NA,NA,NA,NA,NA,2020,NA,NA,"EC",2021-11-09,NA,NA,NA,NA,NA,NA,NA,NA,NA,"no",NA,NA,NA,NA,0.5
2020-06-25,"BH","2.0","1.5","V",NA,NA,"<1","5.9",1,"1.7",NA,NA,NA,NA,NA,2020,NA,NA,"EC",2021-11-09,NA,NA,NA,NA,NA,NA,NA,NA,NA,"no",NA,NA,NA,NA,0.5
2020-06-25,"BH","2.0","1.5","V",10,12,"1.62","8.5",1,"1.6",NA,NA,NA,NA,NA,2020,NA,NA,"EC",2021-11-09,NA,37,"blue",NA,NA,NA,NA,NA,NA,"no",NA,NA,NA,NA,1.62
2020-06-25,"BH","2.0","1.5","V",NA,NA,"<1","3.5",1,"0.9",NA,NA,NA,NA,NA,2020,NA,NA,"EC",2021-11-09,NA,NA,NA,NA,NA,NA,NA,NA,NA,"no",NA,NA,NA,NA,0.5
2020-06-25,"BH","2.0","1.5","V",NA,NA,"<1","4.3",1,"1.1",NA,NA,NA,NA,NA,2020,NA,NA,"EC",2021-11-09,NA,NA,NA,NA,NA,NA,NA,NA,NA,"no",NA,NA,NA,NA,0.5
2020-06-25,"BH","2.0","1.5","V",NA,NA,"<1","3.9",1,"1.1",NA,NA,NA,NA,NA,2020,NA,NA,"EC",2021-11-11,NA,NA,NA,NA,NA,NA,NA,NA,NA,"no",NA,NA,NA,NA,0.5
2020-06-25,"BH","2.0","1.5","V",NA,NA,"<1","2.6",1,"1.1",NA,NA,NA,NA,NA,2020,NA,NA,"EC",2021-11-11,NA,NA,NA,NA,NA,NA,NA,NA,NA,"no",NA,NA,NA,NA,0.5
2020-06-25,"BH","2.0","1.5","V",NA,NA,"<1","8.6",1,"1.2",NA,NA,NA,NA,NA,2020,NA,NA,"EC",2021-11-11,NA,NA,NA,NA,NA,NA,NA,NA,NA,"no",NA,NA,NA,NA,0.5
2020-06-25,"BH","2.0","1.5","P",40,10,"2.96","6.8",2,NA,"0.0","17.0",9.2,1,NA,2020,NA,NA,"EC",2021-11-11,NA,8,"blue",NA,NA,NA,NA,NA,"not sure if the height is 68 or 6.8","no",NA,NA,NA,NA,2.96
2020-06-25,"BH","2.0","1.5","V",49,8,"1.41","5.5",1,"1.5",NA,NA,NA,NA,NA,2020,NA,NA,"EC",2021-11-11,NA,30,"blue",NA,NA,NA,NA,NA,NA,"no",NA,NA,NA,NA,1.41
2020-06-25,"BH","2.0","1.5","V",NA,NA,"<1","4.0",1,"1.0",NA,NA,NA,NA,NA,2020,NA,NA,"EC",2021-11-11,NA,NA,NA,NA,NA,NA,NA,NA,NA,"no",NA,NA,NA,NA,0.5
2020-06-25,"BH","2.0","1.5","V",NA,NA,"<1","3.5",1,"1.0",NA,NA,NA,NA,NA,2020,NA,NA,"EC",2021-11-11,NA,NA,NA,NA,NA,NA,NA,NA,NA,"no",NA,NA,NA,NA,0.5
2020-06-25,"BH","2.0","1.5","V",NA,NA,"<1","3.2",1,"0.9",NA,NA,NA,NA,NA,2020,NA,NA,"EC",2021-11-11,NA,NA,NA,NA,NA,NA,NA,NA,NA,"no",NA,NA,NA,NA,0.5
2020-06-25,"BH","2.0","2.0","V",NA,NA,"<1","4.2",1,"1.4",NA,NA,NA,NA,NA,2020,NA,NA,"EC",2021-11-11,NA,NA,NA,NA,NA,NA,NA,NA,NA,"no",NA,NA,NA,NA,0.5
2020-06-25,"BH","2.0","2.0","V",NA,NA,"<1","4.1",1,"0.8",NA,NA,NA,NA,NA,2020,NA,NA,"EC",2021-11-11,NA,NA,NA,NA,NA,NA,NA,NA,NA,"no",NA,NA,NA,NA,0.5
2020-06-25,"BH","2.0","2.0","V",NA,NA,"<1","2.2",1,"1.0",NA,NA,NA,NA,NA,2020,NA,NA,"EC",2021-11-11,NA,NA,NA,NA,NA,NA,NA,NA,NA,"no",NA,NA,NA,NA,0.5
2020-06-25,"BH","2.0","2.0","V",NA,NA,"<1","2.5",1,"1.1",NA,NA,NA,NA,NA,2020,NA,NA,"EC",2021-11-11,NA,NA,NA,NA,NA,NA,NA,NA,NA,"no",NA,NA,NA,NA,0.5
2020-06-25,"BH","2.0","2.0","V",NA,NA,"<1","4.1",1,"1.0",NA,NA,NA,NA,NA,2020,NA,NA,"EC",2021-11-11,NA,NA,NA,NA,NA,NA,NA,NA,NA,"no",NA,NA,NA,NA,0.5
2020-06-25,"BH","2.0","2.0","V",NA,NA,"<1","2.8",1,"0.9",NA,NA,NA,NA,NA,2020,NA,NA,"EC",2021-11-11,NA,NA,NA,NA,NA,NA,NA,NA,NA,"no",NA,NA,NA,NA,0.5
2020-06-25,"BH","2.0","2.0","V",NA,NA,"<1","3.9",1,"1.1",NA,NA,NA,NA,NA,2020,NA,NA,"EC",2021-11-11,NA,NA,NA,NA,NA,NA,NA,NA,NA,"no",NA,NA,NA,NA,0.5
2020-06-25,"BH","2.0","2.0","V",NA,NA,"<1","4.2",1,"1.2",NA,NA,NA,NA,NA,2020,NA,NA,"EC",2021-11-11,NA,NA,NA,NA,NA,NA,NA,NA,NA,"no",NA,NA,NA,NA,0.5
2020-06-25,"BH","2.0","2.0","V",NA,NA,"<1","3.5",1,"1.0",NA,NA,NA,NA,NA,2020,NA,NA,"EC",2021-11-11,NA,NA,NA,NA,NA,NA,NA,NA,NA,"no",NA,NA,NA,NA,0.5
2020-06-25,"BH","2.0","2.0","V",NA,NA,"<1","2.5",1,"0.8",NA,NA,NA,NA,NA,2020,NA,NA,"EC",2021-11-11,NA,NA,NA,NA,NA,NA,NA,NA,NA,"no",NA,NA,NA,NA,0.5
2020-06-25,"BH","2.0","2.0","V",NA,NA,"<1","2.6",1,"1.5",NA,NA,NA,NA,NA,2020,NA,NA,"EC",2021-11-11,NA,NA,NA,NA,NA,NA,NA,NA,NA,"no",NA,NA,NA,NA,0.5
2020-06-25,"BH","2.0","2.0","V",NA,NA,"<1","2.0",1,"0.9",NA,NA,NA,NA,NA,2020,NA,NA,"EC",2021-11-11,NA,NA,NA,NA,NA,NA,NA,NA,NA,"no",NA,NA,NA,NA,0.5
2020-06-25,"BH","2.0","2.5","V",NA,NA,"<1","4.5",1,"1.2",NA,NA,NA,NA,NA,2020,NA,NA,"EC",2021-11-11,NA,NA,NA,NA,NA,NA,NA,NA,NA,"no",NA,NA,NA,NA,0.5
2020-06-25,"BH","2.0","2.5","V",NA,NA,"<1","1.5",1,"0.6",NA,NA,NA,NA,NA,2020,NA,NA,"EC",2021-11-11,NA,NA,NA,NA,NA,NA,NA,NA,NA,"no",NA,NA,NA,NA,0.5
2020-06-25,"BH","2.0","2.5","V",NA,NA,"<1","2.5",1,"0.7",NA,NA,NA,NA,NA,2020,NA,NA,"EC",2021-11-11,NA,NA,NA,NA,NA,NA,NA,NA,NA,"no",NA,NA,NA,NA,0.5
2020-06-25,"BH","2.0","2.5","V",NA,NA,"<1","4.0",1,"10.0",NA,NA,NA,NA,NA,2020,NA,NA,"EC",2021-11-11,NA,NA,NA,NA,NA,NA,NA,NA,NA,"no",NA,NA,NA,NA,0.5
2020-06-25,"BH","2.0","2.5","V",NA,NA,"<1","4.3",1,"0.9",NA,NA,NA,NA,NA,2020,NA,NA,"EC",2021-11-11,NA,NA,NA,NA,NA,NA,NA,NA,NA,"no",NA,NA,NA,NA,0.5
2020-06-25,"BH","2.0","2.5","V",25,5,"1.45","4.5",1,"1.5",NA,NA,NA,NA,NA,2020,NA,NA,"EC",2021-11-11,NA,55,"blue",NA,NA,NA,NA,NA,NA,"no",NA,NA,NA,NA,1.45
2020-06-25,"BH","2.0","2.5","V",20,40,"2.41","11.8",3,"2.3",NA,NA,NA,NA,NA,2020,NA,NA,"EC",2021-11-11,NA,26,"blue",NA,NA,NA,NA,NA,NA,"no",NA,NA,NA,NA,2.41
2020-06-25,"BH","2.0","2.5","V",NA,NA,"<1","4.0",1,"1.1",NA,NA,NA,NA,NA,2020,NA,NA,"EC",2021-11-11,NA,NA,NA,NA,NA,NA,NA,NA,NA,"no",NA,NA,NA,NA,0.5
2020-06-25,"BH","2.0","2.5","V",NA,NA,"<1","4.0",1,"0.7",NA,NA,NA,NA,NA,2020,NA,NA,"EC",2021-11-11,NA,NA,NA,NA,NA,NA,NA,NA,NA,"no",NA,NA,NA,NA,0.5
2020-06-25,"BH","2.0","2.5","V",NA,NA,"<1","4.8",1,"0.8",NA,NA,NA,NA,NA,2020,NA,NA,"EC",2021-11-11,NA,NA,NA,NA,NA,NA,NA,NA,NA,"no",NA,NA,NA,NA,0.5
2020-06-25,"BH","2.0","2.5","V",25,4,"1.11","3.2",1,"1.1",NA,NA,NA,NA,NA,2020,NA,NA,"EC",2021-11-11,NA,51,"blue",NA,NA,NA,NA,NA,NA,"no",NA,NA,NA,NA,1.11
2020-06-25,"BH","2.0","2.5","V",NA,NA,"<1","3.0",1,"1.0",NA,NA,NA,NA,NA,2020,NA,NA,"EC",2021-11-11,NA,NA,NA,NA,NA,NA,NA,NA,NA,"no",NA,NA,NA,NA,0.5
2020-06-25,"BH","2.0","2.5","V",NA,NA,"<1","2.8",1,"0.6",NA,NA,NA,NA,NA,2020,NA,NA,"EC",2021-11-11,NA,NA,NA,NA,NA,NA,NA,NA,NA,"no",NA,NA,NA,NA,0.5
2020-06-25,"BH","2.0","2.5","V",NA,NA,"<1","2.5",1,"1.1",NA,NA,NA,NA,NA,2020,NA,NA,"EC",2021-11-11,NA,NA,NA,NA,NA,NA,NA,NA,NA,"no",NA,NA,NA,NA,0.5
2020-06-25,"BH","2.0","2.5","V",NA,NA,"<1","1.6",1,"0.8",NA,NA,NA,NA,NA,2020,NA,NA,"EC",2021-11-11,NA,NA,NA,NA,NA,NA,NA,NA,NA,"no",NA,NA,NA,NA,0.5
2020-06-25,"BH","2.0","2.5","V",NA,NA,"<1","3.0",1,"0.8",NA,NA,NA,NA,NA,2020,NA,NA,"EC",2021-11-11,NA,NA,NA,NA,NA,NA,NA,NA,NA,"no",NA,NA,NA,NA,0.5
2020-06-25,"BH","2.0","2.5","V",NA,NA,"<1","3.3",1,"1.0",NA,NA,NA,NA,NA,2020,NA,NA,"EC",2021-11-11,NA,NA,NA,NA,NA,NA,NA,NA,NA,"no",NA,NA,NA,NA,0.5
2020-06-25,"BH","2.0","2.5","V",NA,NA,"<1","4.8",1,"1.0",NA,NA,NA,NA,NA,2020,NA,NA,"EC",2021-11-11,NA,NA,NA,NA,NA,NA,NA,NA,NA,"no",NA,NA,NA,NA,0.5
2020-06-25,"BH","2.0","2.5","V",NA,NA,"<1","4.0",1,"1.0",NA,NA,NA,NA,NA,2020,NA,NA,"EC",2021-11-11,NA,NA,NA,NA,NA,NA,NA,NA,NA,"no",NA,NA,NA,NA,0.5
2020-06-25,"BH","DP",NA,"P",NA,NA,"3.85","49.0",5,NA,"1.0","3.0",2.5,1,NA,2020,NA,NA,"EC",2021-11-11,NA,13,"blue",NA,NA,NA,NA,NA,NA,"no",NA,NA,NA,NA,3.85
2020-06-25,"BH","DP",NA,"V",NA,NA,"3.17","32.0",1,"2.8",NA,NA,NA,NA,NA,2020,NA,NA,"EC",2021-11-11,NA,59,"blue",NA,NA,NA,NA,NA,NA,"yes",NA,NA,NA,NA,3.17
2020-06-25,"BH","DP",NA,"V",NA,NA,"1.97","10.5",1,"2.7",NA,NA,NA,NA,NA,2020,NA,NA,"EC",2021-11-11,NA,3,"blue",NA,NA,NA,NA,NA,NA,"yes",NA,NA,NA,NA,1.97
2020-06-25,"BH","DP",NA,"V",NA,NA,"4.07","27.0",1,"3.2",NA,NA,NA,NA,NA,2020,NA,NA,"EC",2021-11-11,NA,2,"blue",NA,NA,NA,NA,NA,NA,"yes",NA,NA,NA,NA,4.07
2020-06-25,"BH","2.0","2.0",NA,40,42,NA,NA,NA,NA,NA,NA,NA,NA,NA,2020,NA,NA,"EC",2021-11-11,NA,85,"red",NA,NA,NA,NA,NA,NA,NA,NA,NA,NA,NA,NA
2020-06-25,"BH","2.0","2.0",NA,50,30,NA,NA,NA,NA,NA,NA,NA,NA,NA,2020,NA,NA,"EC",2021-11-11,NA,95,"red",NA,NA,NA,NA,NA,NA,NA,NA,NA,NA,NA,NA
2020-06-25,"BH","2.0","2.0",NA,15,43,NA,NA,NA,NA,NA,NA,NA,NA,NA,2020,NA,NA,"EC",2021-11-11,NA,13,"red",NA,NA,NA,NA,NA,NA,NA,NA,NA,NA,NA,NA
2020-06-25,"BH","2.0","2.5",NA,47,7,NA,NA,NA,NA,NA,NA,NA,NA,NA,2020,NA,NA,"EC",2021-11-11,NA,132,"red",NA,NA,NA,NA,NA,NA,NA,NA,NA,NA,NA,NA
2020-06-25,"BH","2.0","2.5",NA,20,34,NA,NA,NA,NA,NA,NA,NA,NA,NA,2020,NA,NA,"EC",2021-11-11,NA,131,"red",NA,NA,NA,NA,NA,NA,NA,NA,NA,NA,NA,NA
2020-06-25,"BH","2.0","2.5",NA,14,39,NA,NA,NA,NA,NA,NA,NA,NA,NA,2020,NA,NA,"EC",2021-11-11,NA,40,"red",NA,NA,NA,NA,NA,NA,NA,NA,NA,NA,NA,NA
2020-06-25,"BH","2.0","3.0","X",15,46,NA,NA,NA,NA,NA,NA,NA,NA,NA,2020,NA,NA,"EC",2021-11-11,NA,126,"red",NA,NA,NA,NA,NA,NA,NA,NA,NA,NA,NA,NA
2020-06-25,"BH","2.0","3.5","X",37,40,NA,NA,NA,NA,NA,NA,NA,NA,NA,2020,NA,NA,"EC",2021-11-11,NA,34,"red",NA,NA,NA,NA,NA,NA,NA,NA,NA,NA,NA,NA
2020-06-25,"BH","2.0","3.5","X",13,14,"1.04","3.0",1,"1.5",NA,NA,NA,NA,NA,2020,NA,NA,"EC",2021-11-11,NA,29,"red",NA,NA,NA,NA,NA,"band was 35","no",NA,NA,NA,NA,1.04
2020-06-25,"BH","2.0","3.5","X",11,3,NA,NA,NA,NA,NA,NA,NA,NA,NA,2020,NA,NA,"EC",2021-11-11,NA,50,"red",NA,NA,NA,NA,NA,NA,NA,NA,NA,NA,NA,NA
2020-06-25,"BH","2.0","3.5","V",13,0,NA,NA,NA,NA,NA,NA,NA,NA,NA,2020,NA,NA,"EC",2021-11-11,NA,38,"red",NA,NA,NA,NA,NA,NA,NA,NA,NA,NA,NA,NA
2020-06-25,"BH","2.0","3.5","X",34,15,NA,NA,NA,NA,NA,NA,NA,NA,NA,2020,NA,NA,"EC",2021-11-11,NA,24,"red",NA,NA,NA,NA,NA,NA,NA,NA,NA,NA,NA,NA
2020-06-25,"BH","2.0","3.5","X",38,49,NA,NA,NA,NA,NA,NA,NA,NA,NA,2020,NA,NA,"EC",2021-11-11,NA,143,"red",NA,NA,NA,NA,NA,NA,NA,NA,NA,NA,NA,NA
2020-06-25,"BH","2.0","3.5","X",38,48,NA,NA,NA,NA,NA,NA,NA,NA,NA,2020,NA,NA,"EC",2021-11-11,NA,88,"red",NA,NA,NA,NA,NA,NA,NA,NA,NA,NA,NA,NA
2020-06-25,"BH","2.0","3.5","X",18,50,NA,NA,NA,NA,NA,NA,NA,NA,NA,2020,NA,NA,"EC",2021-11-11,NA,141,"red",NA,NA,NA,NA,NA,NA,NA,NA,NA,NA,NA,NA
2020-06-25,"BH","2.0","4.0","X",13,22,NA,NA,NA,NA,NA,NA,NA,NA,NA,2020,NA,NA,"EC",2021-11-11,NA,100,"red",NA,NA,NA,NA,NA,NA,NA,NA,NA,NA,NA,NA
2020-06-25,"BH","2.0","4.0","X",21,8,NA,NA,NA,NA,NA,NA,NA,NA,NA,2020,NA,NA,"EC",2021-11-11,NA,146,"red",NA,NA,NA,NA,NA,NA,NA,NA,NA,NA,NA,NA
2020-06-25,"BH","2.0","4.0","X",24,1,NA,NA,NA,NA,NA,NA,NA,NA,NA,2020,NA,NA,"EC",2021-11-11,NA,61,"red",NA,NA,NA,NA,NA,NA,NA,NA,NA,NA,NA,NA
2020-06-25,"BH","2.0","4.0","X",24,4,NA,NA,NA,NA,NA,NA,NA,NA,NA,2020,NA,NA,"EC",2021-11-11,NA,77,"red",NA,NA,NA,NA,NA,NA,NA,NA,NA,NA,NA,NA
2020-06-25,"BH","DP",NA,NA,NA,NA,NA,NA,NA,NA,NA,NA,NA,NA,NA,2020,NA,NA,"EC",2021-11-15,NA,81,"red",NA,NA,NA,NA,NA,NA,NA,NA,NA,NA,NA,NA
2020-06-25,"BH","DP",NA,NA,NA,NA,NA,NA,NA,NA,NA,NA,NA,NA,NA,2020,NA,NA,"EC",2021-11-15,NA,145,"red",NA,NA,NA,NA,NA,NA,NA,NA,NA,NA,NA,NA
2020-06-25,"BH","DP",NA,"P",NA,NA,"11.2","79.0",4,NA,"59.0","0.0",8,4,NA,2020,NA,NA,"EC",2021-11-15,NA,14,"red",NA,NA,NA,NA,NA,NA,"yes",NA,NA,NA,NA,11.2
2020-06-25,"BH","DP",NA,NA,NA,NA,NA,NA,NA,NA,NA,NA,NA,NA,NA,2020,NA,NA,"EC",2021-11-15,NA,17,"red",NA,NA,NA,NA,NA,NA,NA,NA,NA,NA,NA,NA
2020-06-25,"BH","DP",NA,NA,NA,NA,NA,NA,NA,NA,NA,NA,NA,NA,NA,2020,NA,NA,"EC",2021-11-15,NA,11,"red",NA,NA,NA,NA,NA,NA,NA,NA,NA,NA,NA,NA
2020-06-25,"BH","DP",NA,"X",NA,NA,NA,NA,NA,NA,NA,NA,NA,NA,NA,2020,NA,NA,"EC",2021-11-15,NA,7,"red",NA,NA,NA,NA,NA,NA,NA,NA,NA,NA,NA,NA
2020-06-25,"BH","DP",NA,NA,NA,NA,NA,NA,NA,NA,NA,NA,NA,NA,NA,2020,NA,NA,"EC",2021-11-15,NA,87,"red",NA,NA,NA,NA,NA,NA,NA,NA,NA,NA,NA,NA
2020-06-25,"BH","DP",NA,NA,NA,NA,NA,NA,NA,NA,NA,NA,NA,NA,NA,2020,NA,NA,"EC",2021-11-15,NA,91,"red",NA,NA,NA,NA,NA,NA,NA,NA,NA,NA,NA,NA
2020-06-25,"BH","DP",NA,NA,NA,NA,NA,NA,NA,NA,NA,NA,NA,NA,NA,2020,NA,NA,"EC",2021-11-15,NA,18,"red",NA,NA,NA,NA,NA,NA,NA,NA,NA,NA,NA,NA
2020-06-25,"BH","DP",NA,NA,NA,NA,NA,NA,NA,NA,NA,NA,NA,NA,NA,2020,NA,NA,"EC",2021-11-15,NA,92,"red",NA,NA,NA,NA,NA,NA,NA,NA,NA,NA,NA,NA
2020-06-25,"BH","DP",NA,NA,NA,NA,NA,NA,NA,NA,NA,NA,NA,NA,NA,2020,NA,NA,"EC",2021-11-15,NA,142,"red",NA,NA,NA,NA,NA,NA,NA,NA,NA,NA,NA,NA
2020-06-25,"BH","2.0","4.5","V",50,10,"2.12","13.0",1,"2.5",NA,NA,NA,NA,NA,2020,NA,NA,"EC",2021-11-15,NA,758,"blue",NA,NA,NA,NA,NA,NA,"no",NA,NA,NA,NA,2.12
2020-06-25,"BH","2.0","4.5","V",40,8,"1.23","10.0",1,"2.5",NA,NA,NA,NA,NA,2020,NA,NA,"EC",2021-11-15,NA,1,"blue",NA,NA,NA,NA,NA,NA,"no",NA,NA,NA,NA,1.23
2020-06-25,"BH","2.0","4.5","V",NA,NA,"<1","9.0",1,"2.0",NA,NA,NA,NA,NA,2020,NA,NA,"EC",2021-11-15,NA,NA,NA,NA,NA,NA,NA,NA,NA,"no",NA,NA,NA,NA,0.5
2020-06-25,"BH","2.0","4.5","V",28,2,"1.31","12.0",1,"2.3",NA,NA,NA,NA,NA,2020,NA,NA,"EC",2021-11-15,NA,44,"blue",NA,NA,NA,NA,NA,"little bite on one leaf","yes",NA,NA,NA,NA,1.31
2020-06-25,"BH","2.0","4.5","V",NA,NA,"<1","4.0",1,"1.0",NA,NA,NA,NA,NA,2020,NA,NA,"EC",2021-11-15,NA,NA,NA,NA,NA,NA,NA,NA,NA,"no",NA,NA,NA,NA,0.5
2020-06-25,"BH","2.0","4.5","V",NA,NA,"<1","4.5",1,"0.9",NA,NA,NA,NA,NA,2020,NA,NA,"EC",2021-11-15,NA,NA,NA,NA,NA,NA,NA,NA,NA,"no",NA,NA,NA,NA,0.5
2020-06-25,"BH","2.0","4.5","V",NA,NA,"<1","6.0",1,"1.3",NA,NA,NA,NA,NA,2020,NA,NA,"EC",2021-11-15,NA,NA,NA,NA,NA,NA,NA,NA,NA,"no",NA,NA,NA,NA,0.5
2020-06-25,"BH","2.0","4.5","V",NA,NA,"<1","7.0",1,"1.7",NA,NA,NA,NA,NA,2020,NA,NA,"EC",2021-11-15,NA,NA,NA,NA,NA,NA,NA,NA,NA,"no",NA,NA,NA,NA,0.5
2020-06-25,"BH","2.0","4.5","V",NA,NA,"<1","8.0",1,"1.7",NA,NA,NA,NA,NA,2020,NA,NA,"EC",2021-11-15,NA,NA,NA,NA,NA,NA,NA,NA,NA,"no",NA,NA,NA,NA,0.5
2020-06-25,"BH","2.0","4.5","V",20,2,"1.18","8.0",1,"1.4",NA,NA,NA,NA,NA,2020,NA,NA,"EC",2021-11-15,NA,700,"blue",NA,NA,NA,NA,NA,NA,"no",NA,NA,NA,NA,1.18
2020-06-25,"BH","2.0","4.5","V",9,28,"1.8","5.0",1,"2.4",NA,NA,NA,NA,NA,2020,NA,NA,"EC",2021-11-15,NA,27,"blue",NA,NA,NA,NA,NA,NA,"no",NA,NA,NA,NA,1.8
2020-06-25,"BH","2.0","4.5","V",NA,NA,"<1","2.0",1,"0.9",NA,NA,NA,NA,NA,2020,NA,NA,"EC",2021-11-15,NA,NA,NA,NA,NA,NA,NA,NA,NA,"no",NA,NA,NA,NA,0.5
2020-06-25,"BH","2.0","4.0","V",NA,NA,"<1","4.0",1,"1.7",NA,NA,NA,NA,NA,2020,NA,NA,"EC",2021-11-15,NA,NA,NA,NA,NA,NA,NA,NA,NA,"no",NA,NA,NA,NA,0.5
2020-06-25,"BH","2.0","4.0","V",NA,NA,"<1","4.0",1,"1.5",NA,NA,NA,NA,NA,2020,NA,NA,"EC",2021-11-15,NA,NA,NA,NA,NA,NA,NA,NA,NA,"no",NA,NA,NA,NA,0.5
2020-06-25,"BH","2.0","4.0","V",NA,NA,"<1","6.0",1,"1.6",NA,NA,NA,NA,NA,2020,NA,NA,"EC",2021-11-15,NA,NA,NA,NA,NA,NA,NA,NA,NA,"no",NA,NA,NA,NA,0.5
2020-06-25,"BH","2.0","4.0","V",NA,NA,"<1","6.5",1,"1.3",NA,NA,NA,NA,NA,2020,NA,NA,"EC",2021-11-15,NA,NA,NA,NA,NA,NA,NA,NA,NA,"no",NA,NA,NA,NA,0.5
2020-06-25,"BH","2.0","4.0","V",NA,NA,"<1","7.0",1,"1.3",NA,NA,NA,NA,NA,2020,NA,NA,"EC",2021-11-15,NA,NA,NA,NA,NA,NA,NA,NA,NA,"no",NA,NA,NA,NA,0.5
2020-06-25,"BH","2.0","4.0","V",NA,NA,"<1","4.0",1,"1.0",NA,NA,NA,NA,NA,2020,NA,NA,"EC",2021-11-15,NA,NA,NA,NA,NA,NA,NA,NA,NA,"no",NA,NA,NA,NA,0.5
2020-06-25,"BH","2.0","4.0","V",NA,NA,"<1","4.0",1,"1.2",NA,NA,NA,NA,NA,2020,NA,NA,"EC",2021-11-15,NA,NA,NA,NA,NA,NA,NA,NA,NA,"no",NA,NA,NA,NA,0.5
2020-06-25,"BH","2.0","4.0","V",NA,NA,"<1","4.0",1,"1.5",NA,NA,NA,NA,NA,2020,NA,NA,"EC",2021-11-15,NA,NA,NA,NA,NA,NA,NA,NA,NA,"no",NA,NA,NA,NA,0.5
2020-06-25,"BH","2.0","4.0","V",NA,NA,"<1","4.5",1,"1.5",NA,NA,NA,NA,NA,2020,NA,NA,"EC",2021-11-15,NA,NA,NA,NA,NA,NA,NA,NA,NA,"no",NA,NA,NA,NA,0.5
2020-06-25,"BH","2.0","4.0","V",NA,NA,"<1","3.5",1,"1.3",NA,NA,NA,NA,NA,2020,NA,NA,"EC",2021-11-15,NA,NA,NA,NA,NA,NA,NA,NA,NA,"no",NA,NA,NA,NA,0.5
2020-06-25,"BH","2.0","4.0","V",NA,NA,"<1","6.5",1,"2.0",NA,NA,NA,NA,NA,2020,NA,NA,"EC",2021-11-15,NA,NA,NA,NA,NA,NA,NA,NA,NA,"no",NA,NA,NA,NA,0.5
2020-06-25,"BH","2.0","4.0","V",NA,NA,"<1","6.5",1,"1.4",NA,NA,NA,NA,NA,2020,NA,NA,"EC",2021-11-15,NA,NA,NA,NA,NA,NA,NA,NA,NA,"no",NA,NA,NA,NA,0.5
2020-06-25,"BH","2.0","4.0","V",10,33,"1.62","11.0",1,"2.5",NA,NA,NA,NA,NA,2020,NA,NA,"EC",2021-11-15,NA,3,"blue",NA,NA,NA,NA,NA,NA,"no",NA,NA,NA,NA,1.62
2020-06-25,"BH","2.0","4.0","V",NA,NA,"<1","8.0",1,"2.0",NA,NA,NA,NA,NA,2020,NA,NA,"EC",2021-11-15,NA,NA,NA,NA,NA,NA,NA,NA,NA,"no",NA,NA,NA,NA,0.5
2020-06-25,"BH","2.0","4.0","V",NA,NA,"<1","10.5",1,"1.5",NA,NA,NA,NA,NA,2020,NA,NA,"EC",2021-11-15,NA,NA,NA,NA,NA,NA,NA,NA,NA,"yes",NA,NA,NA,NA,0.5
2020-06-25,"BH","2.0","4.0","V",9,31,"1.75","11.0",1,"2.0",NA,NA,NA,NA,NA,2020,NA,NA,"EC",2021-11-15,NA,22,"blue",NA,NA,NA,NA,NA,NA,"no",NA,NA,NA,NA,1.75
2020-06-25,"BH","2.0","4.0","V",NA,NA,"<1","5.0",1,"1.0",NA,NA,NA,NA,NA,2020,NA,NA,"EC",2021-11-15,NA,NA,NA,NA,NA,NA,NA,NA,NA,"no",NA,NA,NA,NA,0.5
2020-06-25,"BH","2.0","4.0","V",NA,NA,"<1","4.0",1,"1.5",NA,NA,NA,NA,NA,2020,NA,NA,"EC",2021-11-15,NA,NA,NA,NA,NA,NA,NA,NA,NA,"no",NA,NA,NA,NA,0.5
2020-06-25,"BH","2.0","4.0","V",NA,NA,"<1","4.0",1,"1.2",NA,NA,NA,NA,NA,2020,NA,NA,"EC",2021-11-15,NA,NA,NA,NA,NA,NA,NA,NA,NA,"no",NA,NA,NA,NA,0.5
2020-06-25,"BH","2.0","4.0","V",2,50,"1.68","9.0",1,"2.0",NA,NA,NA,NA,NA,2020,NA,NA,"EC",2021-11-15,NA,68,"blue",NA,NA,NA,NA,NA,NA,"no",NA,NA,NA,NA,1.68
2020-06-25,"BH","2.0",NA,NA,NA,NA,NA,NA,NA,NA,NA,NA,NA,NA,NA,2020,NA,NA,"EC",2021-11-15,NA,NA,NA,NA,NA,NA,NA,NA,NA,"no",NA,NA,NA,NA,NA
2020-06-25,"BH","2.0","3.5","V",2,2,"1.4","5.9",1,"1.5",NA,NA,NA,NA,NA,2020,NA,NA,"EC",2021-11-15,NA,2,"blue",NA,NA,NA,NA,NA,NA,"no",NA,NA,NA,NA,1.4
2020-06-25,"BH","2.0","3.5","V",NA,NA,"<1","4.0",1,"1.3",NA,NA,NA,NA,NA,2020,NA,NA,"EC",2021-11-15,NA,NA,NA,NA,NA,NA,NA,NA,NA,"no",NA,NA,NA,NA,0.5
2020-06-25,"BH","2.0","3.5","V",NA,NA,"<1","3.4",1,"1.2",NA,NA,NA,NA,NA,2020,NA,NA,"EC",2021-11-15,NA,NA,NA,NA,NA,NA,NA,NA,NA,"no",NA,NA,NA,NA,0.5
2020-06-25,"BH","2.0","3.5","V",9,3,"1.53","4.8",1,"1.6",NA,NA,NA,NA,NA,2020,NA,NA,"EC",2021-11-15,NA,786,"blue",NA,NA,NA,NA,NA,NA,"no",NA,NA,NA,NA,1.53
2020-06-25,"BH","2.0","3.5","V",10,4,"1.25","3.9",1,"1.8",NA,NA,NA,NA,NA,2020,NA,NA,"EC",2021-11-15,NA,709,"blue",NA,NA,NA,NA,NA,NA,"no",NA,NA,NA,NA,1.25
2020-06-25,"BH","2.0","3.5","V",NA,NA,"<1","3.2",1,"1.2",NA,NA,NA,NA,NA,2020,NA,NA,"EC",2021-11-15,NA,NA,NA,NA,NA,NA,NA,NA,NA,"no",NA,NA,NA,NA,0.5
2020-06-25,"BH","2.0","3.5","V",23,2,"1.47","4.9",1,"2.0",NA,NA,NA,NA,NA,2020,NA,NA,"EC",2021-11-15,NA,86,"blue",NA,NA,NA,NA,NA,NA,"no",NA,NA,NA,NA,1.47
2020-06-25,"BH","2.0","3.5","V",27,3,"1.16","5.7",1,"0.9",NA,NA,NA,NA,NA,2020,NA,NA,"EC",2021-11-15,NA,82,"blue",NA,NA,NA,NA,NA,NA,"no",NA,NA,NA,NA,1.16
2020-06-25,"BH","2.0","3.5","V",32,1,"1.0","4.3",1,"1.3",NA,NA,NA,NA,NA,2020,NA,NA,"EC",2021-11-15,NA,705,"blue",NA,NA,NA,NA,NA,NA,"no",NA,NA,NA,NA,1
2020-06-25,"BH","2.0","3.5","V",NA,NA,"<1","9.9",1,"1.5",NA,NA,NA,NA,NA,2020,NA,NA,"EC",2021-11-15,NA,NA,NA,NA,NA,NA,NA,NA,NA,"no",NA,NA,NA,NA,0.5
2020-06-25,"BH","2.0","3.5","V",35,3,"1.01","2.8",1,"1.0",NA,NA,NA,NA,NA,2020,NA,NA,"EC",2021-11-15,NA,730,"blue",NA,NA,NA,NA,NA,NA,"no",NA,NA,NA,NA,1.01
2020-06-25,"BH","2.0","3.5","V",40,2,"1.33","4.1",1,"2.0",NA,NA,NA,NA,NA,2020,NA,NA,"EC",2021-11-15,NA,750,"blue",NA,NA,NA,NA,NA,NA,"no",NA,NA,NA,NA,1.33
2020-06-25,"BH","2.0","3.5","V",NA,NA,"<1","2.7",1,"0.9",NA,NA,NA,NA,NA,2020,NA,NA,"EC",2021-11-15,NA,NA,NA,NA,NA,NA,NA,NA,NA,"no",NA,NA,NA,NA,0.5
2020-06-25,"BH","2.0","3.5","V",NA,NA,"<1","4.0",1,"1.6",NA,NA,NA,NA,NA,2020,NA,NA,"EC",2021-11-15,NA,NA,NA,NA,NA,NA,NA,NA,NA,"no",NA,NA,NA,NA,0.5
2020-06-25,"BH","2.0","3.5","V",NA,NA,"<1","2.6",1,"0.7",NA,NA,NA,NA,NA,2020,NA,NA,"EC",2021-11-15,NA,NA,NA,NA,NA,NA,NA,NA,NA,"no",NA,NA,NA,NA,0.5
2020-06-25,"BH","2.0","3.5","V",NA,NA,"<1","1.5",1,"0.5",NA,NA,NA,NA,NA,2020,NA,NA,"EC",2021-11-15,NA,NA,NA,NA,NA,NA,NA,NA,NA,"no",NA,NA,NA,NA,0.5
2020-06-25,"BH","2.0","3.5","V",NA,NA,"<1","2.2",1,"0.6",NA,NA,NA,NA,NA,2020,NA,NA,"EC",2021-11-15,NA,NA,NA,NA,NA,NA,NA,NA,NA,"no",NA,NA,NA,NA,0.5
2020-06-25,"BH","2.0","3.5","V",NA,NA,"<1","0.8",1,"0.6",NA,NA,NA,NA,NA,2020,NA,NA,"EC",2021-11-15,NA,NA,NA,NA,NA,NA,NA,NA,NA,"no",NA,NA,NA,NA,0.5
2020-06-25,"BH","2.0","3.5","V",45,35,"1.27","4.0",1,"1.0",NA,NA,NA,NA,NA,2020,NA,NA,"EC",2021-11-15,NA,74,"blue",NA,NA,NA,NA,NA,NA,"no",NA,NA,NA,NA,1.27
2020-06-25,"BH","2.0","3.5","V",NA,NA,"<1","2.0",1,"0.9",NA,NA,NA,NA,NA,2020,NA,NA,"EC",2021-11-15,NA,NA,NA,NA,NA,NA,NA,NA,NA,"no",NA,NA,NA,NA,0.5
2020-06-25,"BH","2.0","3.5","V",NA,NA,"<1","2.2",1,"0.7",NA,NA,NA,NA,NA,2020,NA,NA,"EC",2021-11-15,NA,NA,NA,NA,NA,NA,NA,NA,NA,"no",NA,NA,NA,NA,0.5
2020-06-25,"BH","2.0","3.5","V",NA,NA,"<1","3.5",1,"0.9",NA,NA,NA,NA,NA,2020,NA,NA,"EC",2021-11-15,NA,NA,NA,NA,NA,NA,NA,NA,NA,"no",NA,NA,NA,NA,0.5
2020-06-25,"BH","2.0","3.5","V",NA,NA,"<1","4.7",1,"1.2",NA,NA,NA,NA,NA,2020,NA,NA,"EC",2021-11-15,NA,NA,NA,NA,NA,NA,NA,NA,NA,"no",NA,NA,NA,NA,0.5
2020-06-25,"BH","2.0","3.5","V",NA,NA,"<1","4.7",1,"1.1",NA,NA,NA,NA,NA,2020,NA,NA,"EC",2021-11-15,NA,NA,NA,NA,NA,NA,NA,NA,NA,"no",NA,NA,NA,NA,0.5
2020-06-25,"BH","2.0","3.5","V",48,45,"1.21","4.8",1,"1.4",NA,NA,NA,NA,NA,2020,NA,NA,"EC",2021-11-15,NA,735,"blue",NA,NA,NA,NA,NA,NA,"no",NA,NA,NA,NA,1.21
2020-06-25,"BH","2.0","3.5","V",NA,NA,"<1","3.2",1,"1.1",NA,NA,NA,NA,NA,2020,NA,NA,"EC",2021-11-15,NA,NA,NA,NA,NA,NA,NA,NA,NA,"no",NA,NA,NA,NA,0.5
2020-06-25,"BH","2.0","3.5","V",49,50,"1.22","6.5",1,"2.2",NA,NA,NA,NA,NA,2020,NA,NA,"EC",2021-11-15,NA,49,"blue",NA,NA,NA,NA,NA,NA,"no",NA,NA,NA,NA,1.22
2020-06-25,"BH","2.0","3.5","V",20,8,"1.23","4.2",1,"0.8",NA,NA,NA,NA,NA,2020,NA,NA,"EC",2021-11-18,NA,88,"blue",NA,NA,NA,NA,NA,NA,"no",NA,NA,NA,NA,1.23
2020-06-25,"BH","2.0","3.5","V",NA,NA,"<1","1.7",1,"0.3",NA,NA,NA,NA,NA,2020,NA,NA,"EC",2021-11-18,NA,NA,NA,NA,NA,NA,NA,NA,NA,"no",NA,NA,NA,NA,0.5
2020-06-25,"BH","2.0","3.5","V",NA,NA,"<1","3.6",1,"0.7",NA,NA,NA,NA,NA,2020,NA,NA,"EC",2021-11-18,NA,NA,NA,NA,NA,NA,NA,NA,NA,"no",NA,NA,NA,NA,0.5
2020-06-25,"BH","2.0","3.0","P",32,42,"5.83","37.0",3,NA,"1.0","2.0",2.8,1,NA,2020,NA,NA,"EC",2021-11-18,NA,755,"blue",NA,NA,NA,NA,NA,NA,"yes",NA,NA,NA,NA,5.83
2020-06-25,"BH","2.0","3.0","V",45,10,"1.32","4.5",1,"1.3",NA,NA,NA,NA,NA,2020,NA,NA,"EC",2021-11-18,NA,24,"blue",NA,NA,NA,NA,NA,NA,"no",NA,NA,NA,NA,1.32
2020-06-25,"BH","2.0","3.0","V",NA,NA,"<1","3.2",1,"0.9",NA,NA,NA,NA,NA,2020,NA,NA,"EC",2021-11-18,NA,NA,NA,NA,NA,NA,NA,NA,NA,"no",NA,NA,NA,NA,0.5
2020-06-25,"BH","2.0","3.0","V",NA,NA,"<1","2.0",1,"0.6",NA,NA,NA,NA,NA,2020,NA,NA,"EC",2021-11-18,NA,NA,NA,NA,NA,NA,NA,NA,NA,"no",NA,NA,NA,NA,0.5
2020-06-25,"BH","2.0","3.0","V",NA,NA,"<1","4.1",1,"0.9",NA,NA,NA,NA,NA,2020,NA,NA,"EC",2021-11-18,NA,NA,NA,NA,NA,NA,NA,NA,NA,"no",NA,NA,NA,NA,0.5
2020-06-25,"BH","2.0","3.0","V",NA,NA,"<1","4.1",1,"0.7",NA,NA,NA,NA,NA,2020,NA,NA,"EC",2021-11-18,NA,NA,NA,NA,NA,NA,NA,NA,NA,"no",NA,NA,NA,NA,0.5
2020-06-25,"BH","2.0","3.0","V",NA,NA,"<1","3.0",1,"0.9",NA,NA,NA,NA,NA,2020,NA,NA,"EC",2021-11-18,NA,NA,NA,NA,NA,NA,NA,NA,NA,"no",NA,NA,NA,NA,0.5
2020-06-25,"BH","2.0","3.0","V",NA,NA,"<1","2.6",1,"0.8",NA,NA,NA,NA,NA,2020,NA,NA,"EC",2021-11-18,NA,NA,NA,NA,NA,NA,NA,NA,NA,"no",NA,NA,NA,NA,0.5
2020-06-25,"BH","2.0","3.0","V",25,8,"2.21","6.5",1,"1.9",NA,NA,NA,NA,NA,2020,NA,NA,"EC",2021-11-18,NA,708,"blue",NA,NA,NA,NA,NA,NA,"no",NA,NA,NA,NA,2.21
2020-06-25,"BH","2.0","3.0","V",22,15,"1.67","5.5",1,"1.6",NA,NA,NA,NA,NA,2020,NA,NA,"EC",2021-11-18,NA,60,"blue",NA,NA,NA,NA,NA,NA,"no",NA,NA,NA,NA,1.67
2020-06-25,"BH","2.0","3.0","V",21,18,"1.13","5.2",1,"1.3",NA,NA,NA,NA,NA,2020,NA,NA,"EC",2021-11-18,NA,702,"blue",NA,NA,NA,NA,NA,NA,"no",NA,NA,NA,NA,1.13
2020-06-25,"BH","2.0","3.0","V",16,15,"1.31","3.4",1,"1.4",NA,NA,NA,NA,NA,2020,NA,NA,"EC",2021-11-18,NA,41,"blue",NA,NA,NA,NA,NA,NA,"no",NA,NA,NA,NA,1.31
2020-06-25,"BH","2.0","3.0","V",15,11,"1.11","5.2",1,"1.3",NA,NA,NA,NA,NA,2020,NA,NA,"EC",2021-11-18,NA,23,"blue",NA,NA,NA,NA,NA,NA,"no",NA,NA,NA,NA,1.11
2020-06-25,"BH","2.0","3.0","V",3,7,"2.5","6.2",1,"2.0",NA,NA,NA,NA,NA,2020,NA,NA,"EC",2021-11-18,NA,84,"blue",NA,NA,NA,NA,NA,NA,"no",NA,NA,NA,NA,2.5
2020-06-25,"BH","2.0","3.0","V",NA,NA,"<1","3.8",1,"1.3",NA,NA,NA,NA,NA,2020,NA,NA,"EC",2021-11-18,NA,NA,NA,NA,NA,NA,NA,NA,NA,"no",NA,NA,NA,NA,0.5
2020-06-25,"BH","2.0","3.0","V",NA,NA,"<1","3.4",1,"1.0",NA,NA,NA,NA,NA,2020,NA,NA,"EC",2021-11-18,NA,NA,NA,NA,NA,NA,NA,NA,NA,"no",NA,NA,NA,NA,0.5
2020-06-25,"BH","2.0","3.0","V",3,9,"1.01","3.1",1,"1.1",NA,NA,NA,NA,NA,2020,NA,NA,"EC",2021-11-18,NA,70,"blue",NA,NA,NA,NA,NA,NA,"no",NA,NA,NA,NA,1.01
2020-06-25,"BH","2.0","3.0","V",14,13,"2.04","4.8",2,"1.5",NA,NA,NA,NA,NA,2020,NA,NA,"EC",2021-11-18,NA,26,"blue",NA,NA,NA,NA,NA,"one bite","yes",NA,NA,NA,NA,2.04
2020-06-25,"BH","2.0","3.0","V",5,26,"1.45","6.0",1,"1.1",NA,NA,NA,NA,NA,2020,NA,NA,"EC",2021-11-18,NA,734,"blue",NA,NA,NA,NA,NA,NA,"no",NA,NA,NA,NA,1.45
2020-06-25,"BH","2.0","3.0","V",NA,NA,"<1","3.0",1,"1.3",NA,NA,NA,NA,NA,2020,NA,NA,"EC",2021-11-18,NA,NA,NA,NA,NA,NA,NA,NA,NA,"no",NA,NA,NA,NA,0.5
2020-06-25,"BH","2.0","3.0",NA,NA,NA,NA,NA,NA,NA,NA,NA,NA,NA,NA,2020,NA,NA,"EC",2021-11-18,NA,NA,NA,NA,NA,NA,NA,NA,NA,NA,NA,NA,NA,NA,NA
2020-06-25,"BH","2.0","3.0","V",30,34,"1.03","5.5",1,"1.3",NA,NA,NA,NA,NA,2020,NA,NA,"EC",2021-11-18,NA,756,"blue",NA,NA,NA,NA,NA,NA,"no",NA,NA,NA,NA,1.03
2020-06-25,"BH","2.0","3.0","V",28,26,"1.16","7.9",1,"1.3",NA,NA,NA,NA,NA,2020,NA,NA,"EC",2021-11-18,NA,707,"blue",NA,NA,NA,NA,NA,NA,"no",NA,NA,NA,NA,1.16
2020-06-25,"BH","2.0","3.0","V",NA,NA,"<1","5.5",1,"1.5",NA,NA,NA,NA,NA,2020,NA,NA,"EC",2021-11-18,NA,NA,NA,NA,NA,NA,NA,NA,NA,"no",NA,NA,NA,NA,0.5
2020-06-25,"BH","2.0","3.0","V",NA,NA,"<1","5.9",1,"2.2",NA,NA,NA,NA,NA,2020,NA,NA,"EC",2021-11-18,NA,NA,NA,NA,NA,NA,NA,NA,NA,"no",NA,NA,NA,NA,0.5
2020-06-25,"BH","2.0","3.0","V",NA,NA,"<1","3.0",1,"0.3",NA,NA,NA,NA,NA,2020,NA,NA,"EC",2021-11-18,NA,NA,NA,NA,NA,NA,NA,NA,NA,"no",NA,NA,NA,NA,0.5
2020-06-25,"BH","2.0","3.0","V",NA,NA,"<1","3.5",1,"0.6",NA,NA,NA,NA,NA,2020,NA,NA,"EC",2021-11-18,NA,NA,NA,NA,NA,NA,NA,NA,NA,"no",NA,NA,NA,NA,0.5
2020-06-25,"BH","2.0","3.0","V",28,29,"1.22","5.0",1,"1.5",NA,NA,NA,NA,NA,2020,NA,NA,"EC",2021-11-18,NA,706,"blue",NA,NA,NA,NA,NA,NA,"no",NA,NA,NA,NA,1.22
2020-06-25,"BH","2.0","3.0","V",30,35,"1.05","5.5",1,"1.5",NA,NA,NA,NA,NA,2020,NA,NA,"EC",2021-11-18,NA,47,"blue",NA,NA,NA,NA,NA,NA,"no",NA,NA,NA,NA,1.05
2020-06-25,"BH","2.0","3.0","V",NA,NA,"<1","4.5",1,"1.3",NA,NA,NA,NA,NA,2020,NA,NA,"EC",2021-11-18,NA,NA,NA,NA,NA,NA,NA,NA,NA,"no",NA,NA,NA,NA,0.5
2020-06-25,"BH","DP",NA,"V",NA,NA,"2.53","11.0",1,"3.1",NA,NA,NA,NA,NA,2020,NA,NA,"EC",2021-11-18,NA,56,"blue",NA,NA,NA,NA,NA,NA,"no",NA,NA,NA,NA,2.53
2020-06-25,"BH","DP",NA,"V",NA,NA,"2.6","13.5",1,"3.2",NA,NA,NA,NA,NA,2020,NA,NA,"EC",2021-11-18,NA,14,"blue",NA,NA,NA,NA,NA,NA,"no",NA,NA,NA,NA,2.6
2020-06-25,"BH","DP",NA,"V",NA,NA,"2.97","28.5",1,"5.0",NA,NA,NA,NA,NA,2020,NA,NA,"EC",2021-11-18,NA,58,"blue",NA,NA,NA,NA,NA,"has many aphids","yes",NA,NA,NA,NA,2.97
2020-06-25,"BH","DP",NA,"V",NA,NA,"3.09","10.4",1,"4.3",NA,NA,NA,NA,NA,2020,NA,NA,"EC",2021-11-18,NA,5,"blue",NA,NA,NA,NA,NA,"top of plant eaten off","yes",NA,NA,NA,NA,3.09
2020-06-25,"BH","DP",NA,"V",NA,NA,"2.91","10.8",1,"2.9",NA,NA,NA,NA,NA,2020,NA,NA,"EC",2021-11-18,NA,80,"blue",NA,NA,NA,NA,NA,"lots of branching","no",NA,NA,NA,NA,2.91
2020-06-25,"BH","DP",NA,"V",NA,NA,"2.24","9.3",1,"3.3",NA,NA,NA,NA,NA,2020,NA,NA,"EC",2021-11-18,NA,30,"blue",NA,NA,NA,NA,NA,NA,"no",NA,NA,NA,NA,2.24
2021-06-15,"BH","1.0","5.5","X",37,50,NA,NA,NA,NA,NA,NA,NA,NA,"dead, but was large and flowering",2021,NA,NA,"ER",2021-10-29,NA,111,"red",NA,NA,NA,NA,NA,NA,NA,NA,NA,NA,NA,NA
2021-06-15,"BH","1.0","6.0",NA,10,10,NA,NA,NA,NA,NA,NA,NA,NA,"missing",2021,NA,NA,"ER",2021-10-29,NA,22,"red",NA,NA,NA,NA,NA,NA,NA,NA,NA,NA,NA,NA
2021-06-15,"BH","1.0","7.0","X",22,35,NA,NA,NA,NA,NA,NA,NA,NA,"dead but fruited",2021,NA,NA,"ER",2021-10-29,NA,103,"red",NA,NA,NA,NA,NA,NA,NA,NA,NA,NA,NA,NA
2021-06-15,"BH","1.0","7.5","X",20,13,NA,NA,NA,NA,NA,NA,NA,NA,"dead but fruited",2021,NA,NA,"ER",2021-10-29,NA,139,"red",NA,NA,NA,NA,NA,NA,NA,NA,NA,NA,NA,NA
2021-06-15,"BH","1.0","7.5","X",23,25,NA,NA,NA,NA,NA,NA,NA,NA,NA,2021,NA,NA,"ER",2021-10-29,NA,28,"red",NA,NA,NA,NA,NA,NA,NA,NA,NA,NA,NA,NA
2021-06-15,"BH","1.0","7.5","X",43,16,NA,NA,NA,NA,NA,NA,NA,NA,NA,2021,NA,NA,"ER",2021-10-29,NA,1,"red",NA,NA,NA,NA,NA,NA,NA,NA,NA,NA,NA,NA
2021-06-15,"BH","1.0","8.5","X",50,10,NA,NA,NA,NA,NA,NA,NA,NA,"dead but was large and flowering",2021,NA,NA,"ER",2021-10-29,NA,149,"red",NA,NA,NA,NA,NA,NA,NA,NA,NA,NA,NA,NA
2021-06-15,"BH","1.0","8.5","X",25,35,NA,NA,NA,NA,NA,NA,NA,NA,NA,2021,NA,NA,"ER",2021-10-29,NA,10,"red",NA,NA,NA,NA,NA,NA,NA,NA,NA,NA,NA,NA
2021-06-15,"BH","1.0","8.5","X",5,22,NA,NA,NA,NA,NA,NA,NA,NA,"dead but was large and flowering",2021,NA,NA,"ER",2021-10-29,NA,71,"red",NA,NA,NA,NA,NA,NA,NA,NA,NA,NA,NA,NA
2021-06-15,"BH","1.0","9.0","X",2,39,NA,NA,NA,NA,NA,NA,NA,NA,"dead but was large and flowering",2021,NA,NA,"ER",2021-10-29,NA,9,"red",NA,NA,NA,NA,NA,NA,NA,NA,NA,NA,NA,NA
2021-06-15,"BH","1.0","9.0","X",0,30,NA,NA,NA,NA,NA,NA,NA,NA,"dead but was flowering",2021,NA,NA,"ER",2021-10-29,NA,8,"red",NA,NA,NA,NA,NA,NA,NA,NA,NA,NA,NA,NA
2021-06-15,"BH","1.0","9.0","X",1,26,NA,NA,NA,NA,NA,NA,NA,NA,NA,2021,NA,NA,"ER",2021-10-29,NA,80,"red",NA,NA,NA,NA,NA,NA,NA,NA,NA,NA,NA,NA
2021-06-15,"BH","1.0","10.0","X",NA,NA,NA,NA,NA,NA,NA,NA,NA,NA,"dead but was fruiting",2021,NA,NA,"ER",2021-10-29,NA,152,"red",NA,NA,NA,NA,NA,NA,NA,NA,NA,NA,NA,NA
2021-06-15,"BH","1.0","10.0","X",46,5,NA,NA,NA,NA,NA,NA,NA,NA,"dead but was fruiting",2021,NA,NA,"ER",2021-10-29,NA,134,"red",NA,NA,NA,NA,NA,NA,NA,NA,NA,NA,NA,NA
2021-06-15,"BH","1.0","10.5","X",37,42,NA,NA,NA,NA,NA,NA,NA,NA,NA,2021,NA,NA,"ER",2021-10-29,NA,133,"red",NA,NA,NA,NA,NA,NA,NA,NA,NA,NA,NA,NA
2021-06-15,"BH","1.0","2.5","V",3,46,"0.79","5.5",1,"1.5","0.0",NA,NA,NA,NA,2021,NA,NA,"ER",2021-10-29,NA,44,"purple",NA,NA,NA,NA,NA,NA,"N",NA,NA,NA,NA,0.5
2021-06-15,"BH","1.0","2.5","P",35,0,"4.89","72.0",3,NA,"0.0","43.0",8.5,2,"dead side stem; perennial",2021,NA,NA,"ER",2021-10-29,NA,49,"purple",NA,NA,NA,NA,NA,NA,"Y",NA,NA,NA,NA,4.89
2021-06-15,"BH","1.0","4.0","P",33,18,"5.51","92.0",4,NA,"0.0","36.0",10,1,"top broke off; perennial",2021,NA,NA,"ER",2021-10-29,NA,33,"purple",NA,NA,NA,NA,NA,NA,"Y",NA,NA,NA,NA,5.51
2021-06-15,"BH","1.0","9.0","V",1,9,"4.97","24.0",2,"4.9","0.0",NA,NA,0,NA,2021,NA,NA,"ER",2021-10-29,NA,78,"purple",NA,NA,NA,NA,NA,NA,"Y",NA,NA,NA,NA,4.97
2021-06-15,"BH","1.0","9.0","P",48,16,"8.53","118.0",5,NA,"0.0","85.0",9.5,4,NA,2021,NA,NA,"ER",2021-10-29,NA,52,"purple",NA,NA,NA,NA,NA,NA,"Y",NA,NA,NA,NA,8.53
2021-06-15,"BH","1.0","9.0","V",45,15,"3.71","37.5",1,"5.0","0.0",NA,NA,NA,NA,2021,NA,NA,"ER",2021-10-29,NA,96,"purple",NA,NA,NA,NA,NA,NA,"Y",NA,NA,NA,NA,3.71
2021-06-15,"BH","1.0","9.5","V",48,28,"1.98","12.5",1,"2.3","0.0",NA,NA,NA,NA,2021,NA,NA,"ER",2021-10-29,NA,28,"purple",NA,NA,NA,NA,NA,NA,"N",NA,NA,NA,NA,1.98
2021-06-15,"BH","2.0","3.5","X",NA,NA,NA,NA,NA,NA,NA,NA,NA,NA,NA,2021,NA,NA,"ER",2021-10-29,NA,74,"blue",NA,NA,NA,NA,NA,NA,NA,NA,NA,NA,NA,NA
2021-06-15,"BH","2.0","3.5","X",NA,NA,NA,NA,NA,NA,NA,NA,NA,NA,"band number could be 89",2021,NA,NA,"ER",2021-10-29,NA,49,"blue",NA,NA,NA,NA,NA,NA,NA,NA,NA,NA,NA,NA
2021-06-15,"BH","2.0","3.5","X",NA,NA,NA,NA,NA,NA,NA,NA,NA,NA,NA,2021,NA,NA,"ER",2021-10-29,NA,68,"blue",NA,NA,NA,NA,NA,NA,NA,NA,NA,NA,NA,NA
2021-06-15,"BH","2.0","3.5","X",NA,NA,NA,NA,NA,NA,NA,NA,NA,NA,NA,2021,NA,NA,"ER",2021-10-29,NA,507,"blue",NA,NA,NA,NA,NA,NA,NA,NA,NA,NA,NA,NA
2021-06-15,"BH","2.0","3.5","X",NA,NA,NA,NA,NA,NA,NA,NA,NA,NA,NA,2021,NA,NA,"ER",2021-10-29,NA,730,"blue",NA,NA,NA,NA,NA,NA,NA,NA,NA,NA,NA,NA
2021-06-15,"BH","2.0","3.5","X",NA,NA,NA,NA,NA,NA,NA,NA,NA,NA,NA,2021,NA,NA,"ER",2021-10-29,NA,705,"blue",NA,NA,NA,NA,NA,NA,NA,NA,NA,NA,NA,NA
2021-06-15,"BH","2.0","3.5","X",NA,NA,NA,NA,NA,NA,NA,NA,NA,NA,NA,2021,NA,NA,"ER",2021-10-29,NA,82,"blue",NA,NA,NA,NA,NA,NA,NA,NA,NA,NA,NA,NA
2021-06-15,"BH","2.0","3.5","X",NA,NA,NA,NA,NA,NA,NA,NA,NA,NA,NA,2021,NA,NA,"ER",2021-10-29,NA,98,"blue",NA,NA,NA,NA,NA,NA,NA,NA,NA,NA,NA,NA
2021-06-15,"BH","2.0","3.5","X",NA,NA,NA,NA,NA,NA,NA,NA,NA,NA,NA,2021,NA,NA,"ER",2021-10-29,NA,88,"blue",NA,NA,NA,NA,NA,NA,NA,NA,NA,NA,NA,NA
2021-06-15,"BH","2.0","3.5","X",NA,NA,NA,NA,NA,NA,NA,NA,NA,NA,NA,2021,NA,NA,"ER",2021-10-29,NA,709,"blue",NA,NA,NA,NA,NA,NA,NA,NA,NA,NA,NA,NA
2021-06-15,"BH","2.0","3.5","X",NA,NA,NA,NA,NA,NA,NA,NA,NA,NA,NA,2021,NA,NA,"ER",2021-10-29,NA,786,"blue",NA,NA,NA,NA,NA,NA,NA,NA,NA,NA,NA,NA
2021-06-15,"BH","2.0","3.5","X",NA,NA,NA,NA,NA,NA,NA,NA,NA,NA,NA,2021,NA,NA,"ER",2021-10-29,NA,2,"blue",NA,NA,NA,NA,NA,NA,NA,NA,NA,NA,NA,NA
2021-06-15,"BH","2.0","3.5","V",14,11,"1.21","1.9",1,"1.5",NA,NA,NA,NA,NA,2021,NA,NA,"ER",2021-10-29,NA,74,"purple",NA,NA,NA,NA,NA,NA,"Y",NA,NA,NA,NA,1.21
2021-06-15,"BH","2.0","3.5","V",32,1,"1.14","1.9",1,"1.2",NA,NA,NA,NA,NA,2021,NA,NA,"ER",2021-10-29,NA,39,"purple",NA,NA,NA,NA,NA,NA,"N",NA,NA,NA,NA,1.14
2021-06-15,"BH","2.0","3.0","X",NA,NA,NA,NA,NA,NA,NA,NA,NA,NA,NA,2021,NA,NA,"ER",2021-10-29,NA,84,"blue",NA,NA,NA,NA,NA,NA,NA,NA,NA,NA,NA,NA
2021-06-15,"BH","2.0","3.0","X",NA,NA,NA,NA,NA,NA,NA,NA,NA,NA,NA,2021,NA,NA,"ER",2021-10-29,NA,70,"blue",NA,NA,NA,NA,NA,NA,NA,NA,NA,NA,NA,NA
2021-06-15,"BH","2.0","3.0","X",NA,NA,NA,NA,NA,NA,NA,NA,NA,NA,NA,2021,NA,NA,"ER",2021-10-29,NA,134,"blue",NA,NA,NA,NA,NA,NA,NA,NA,NA,NA,NA,NA
2021-06-15,"BH","2.0","3.0","X",NA,NA,NA,NA,NA,NA,NA,NA,NA,NA,NA,2021,NA,NA,"ER",2021-10-29,NA,23,"blue",NA,NA,NA,NA,NA,NA,NA,NA,NA,NA,NA,NA
2021-06-15,"BH","2.0","3.0","X",NA,NA,NA,NA,NA,NA,NA,NA,NA,NA,NA,2021,NA,NA,"ER",2021-10-29,NA,41,"blue",NA,NA,NA,NA,NA,NA,NA,NA,NA,NA,NA,NA
2021-06-15,"BH","2.0","3.0","X",NA,NA,NA,NA,NA,NA,NA,NA,NA,NA,NA,2021,NA,NA,"ER",2021-10-29,NA,60,"blue",NA,NA,NA,NA,NA,NA,NA,NA,NA,NA,NA,NA
2021-06-15,"BH","2.0","3.0","X",NA,NA,NA,NA,NA,NA,NA,NA,NA,NA,NA,2021,NA,NA,"ER",2021-10-29,NA,702,"blue",NA,NA,NA,NA,NA,NA,NA,NA,NA,NA,NA,NA
2021-06-15,"BH","2.0","3.0","X",NA,NA,NA,NA,NA,NA,NA,NA,NA,NA,NA,2021,NA,NA,"ER",2021-10-29,NA,708,"blue",NA,NA,NA,NA,NA,NA,NA,NA,NA,NA,NA,NA
2021-06-15,"BH","2.0","3.0","X",NA,NA,NA,NA,NA,NA,NA,NA,NA,NA,NA,2021,NA,NA,"ER",2021-10-29,NA,24,"blue",NA,NA,NA,NA,NA,NA,NA,NA,NA,NA,NA,NA
2021-06-15,"BH","2.0","3.0","X",NA,NA,NA,NA,NA,NA,NA,NA,NA,NA,NA,2021,NA,NA,"ER",2021-10-29,NA,47,"blue",NA,NA,NA,NA,NA,NA,NA,NA,NA,NA,NA,NA
2021-06-15,"BH","2.0","3.0","X",NA,NA,NA,NA,NA,NA,NA,NA,NA,NA,NA,2021,NA,NA,"ER",2021-10-29,NA,706,"blue",NA,NA,NA,NA,NA,NA,NA,NA,NA,NA,NA,NA
2021-06-15,"BH","2.0","3.0","X",NA,NA,NA,NA,NA,NA,NA,NA,NA,NA,NA,2021,NA,NA,"ER",2021-10-29,NA,756,"blue",NA,NA,NA,NA,NA,NA,NA,NA,NA,NA,NA,NA
2021-06-15,"BH","2.0","3.0","X",NA,NA,NA,NA,NA,NA,NA,NA,NA,NA,NA,2021,NA,NA,"ER",2021-10-29,NA,707,"blue",NA,NA,NA,NA,NA,NA,NA,NA,NA,NA,NA,NA
2021-06-15,"BH","2.0","3.0","X",NA,NA,NA,NA,NA,NA,NA,NA,NA,NA,NA,2021,NA,NA,"ER",2021-10-29,NA,755,"blue",NA,NA,NA,NA,NA,NA,NA,NA,NA,NA,NA,NA
2021-06-15,"BH","2.0","3.0","V",NA,NA,"0.43","1.9",1,"0.7",NA,NA,NA,NA,NA,2021,NA,NA,"ER",2021-10-29,NA,NA,NA,NA,NA,NA,NA,NA,NA,"N",NA,NA,NA,NA,0.5
2021-06-15,"BH","2.0","3.0","V",NA,NA,"0.61","1.8",1,"0.7",NA,NA,NA,NA,NA,2021,NA,NA,"ER",2021-10-29,NA,NA,NA,NA,NA,NA,NA,NA,NA,"N",NA,NA,NA,NA,0.5
2021-06-15,"BH","2.0","3.0","V",13,24,"1.35","4.1",2,"1.6",NA,NA,NA,NA,NA,2021,NA,NA,"ER",2021-10-29,NA,26,"blue",NA,NA,NA,NA,NA,NA,"N",NA,NA,NA,NA,1.35
2021-06-15,"BH","2.0","3.0","V",15,24,"1.72","2.5",1,"1.8",NA,NA,NA,NA,NA,2021,NA,NA,"ER",2021-10-29,NA,50,"purple",NA,NA,NA,NA,NA,NA,"N",NA,NA,NA,NA,1.72
2021-06-15,"BH","2.0","3.0","V",NA,NA,"0.33","6.0",1,"2.5",NA,NA,NA,NA,NA,2021,NA,NA,"ER",2021-10-29,NA,NA,NA,NA,NA,NA,NA,NA,NA,"N",NA,NA,NA,NA,0.5
2021-06-15,"BH","2.0","3.0","V",NA,NA,"0.61","1.0",1,"1.5",NA,NA,NA,NA,NA,2021,NA,NA,"ER",2021-10-29,NA,NA,NA,NA,NA,NA,NA,NA,NA,"N",NA,NA,NA,NA,0.5
2021-06-15,"BH","2.0","3.0","V",17,22,"1.16","2.5",1,"2.2",NA,NA,NA,NA,NA,2021,NA,NA,"ER",2021-10-29,NA,30,"purple",NA,NA,NA,NA,NA,NA,"N",NA,NA,NA,NA,1.16
2021-06-15,"BH","2.0","3.0","V",23,23,"1.32","5.5",1,"2.0",NA,NA,NA,NA,NA,2021,NA,NA,"ER",2021-10-29,NA,59,"purple",NA,NA,NA,NA,NA,NA,"N",NA,NA,NA,NA,1.32
2021-06-15,"BH","2.0","3.0","V",NA,NA,"0.54","3.0",1,"1.5",NA,NA,NA,NA,NA,2021,NA,NA,"ER",2021-10-29,NA,NA,NA,NA,NA,NA,NA,NA,NA,"N",NA,NA,NA,NA,0.5
2021-06-15,"BH","2.0","3.0","V",NA,NA,"0.88","2.0",1,"1.4",NA,NA,NA,NA,NA,2021,NA,NA,"ER",2021-10-29,NA,NA,NA,NA,NA,NA,NA,NA,NA,"N",NA,NA,NA,NA,0.5
2021-06-15,"BH","2.0","3.0","V",NA,NA,"0.96","4.5",1,"2.0",NA,NA,NA,NA,NA,2021,NA,NA,"ER",2021-10-29,NA,NA,NA,NA,NA,NA,NA,NA,NA,"N",NA,NA,NA,NA,0.5
2021-06-15,"BH","2.0","3.0","V",NA,NA,"0.82","2.5",1,"1.0",NA,NA,NA,NA,NA,2021,NA,NA,"ER",2021-10-29,NA,NA,NA,NA,NA,NA,NA,NA,NA,"N",NA,NA,NA,NA,0.5
2021-06-15,"BH","2.0","3.0","V",26,21,"1.4","6.5",1,"3.0",NA,NA,NA,NA,NA,2021,NA,NA,"ER",2021-10-29,NA,107,"purple",NA,NA,NA,NA,NA,NA,"N",NA,NA,NA,NA,1.4
2021-06-15,"BH","2.0","3.0","V",34,17,"1.55","6.5",1,"3.5",NA,NA,NA,NA,NA,2021,NA,NA,"ER",2021-10-29,NA,79,"purple",NA,NA,NA,NA,NA,NA,"Y",NA,NA,NA,NA,1.55
2021-06-15,"BH","2.0","3.0","V",NA,NA,"0.93","4.5",1,"1.5",NA,NA,NA,NA,NA,2021,NA,NA,"ER",2021-10-29,NA,NA,NA,NA,NA,NA,NA,NA,NA,"N",NA,NA,NA,NA,0.5
2021-06-15,"BH","2.0","2.5","V",5,32,"1.28","3.5",1,"2.0",NA,NA,NA,NA,NA,2021,NA,NA,"ER",2021-10-29,NA,20,"purple",NA,NA,NA,NA,NA,NA,"N",NA,NA,NA,NA,1.28
2021-06-15,"BH","2.0","2.5","X",NA,NA,NA,NA,NA,NA,NA,NA,NA,NA,NA,2021,NA,NA,"ER",2021-10-29,NA,131,"red",NA,NA,NA,NA,NA,NA,NA,NA,NA,NA,NA,NA
2021-06-15,"BH","2.0","2.5","P",28,45,"4.12","41.0",4,NA,"0.0","13.0",6.5,2,NA,2021,NA,NA,"ER",2021-10-29,NA,26,"blue",NA,NA,NA,NA,NA,NA,"Y",NA,NA,NA,NA,4.12
2021-06-15,"BH","2.0","2.5","V",23,7,"4.68","12.0",1,"6.0",NA,NA,NA,NA,NA,2021,NA,NA,"ER",2021-10-29,NA,55,"blue",NA,NA,NA,NA,NA,NA,"N",NA,NA,NA,NA,4.68
2021-06-15,"BH","2.0","2.5","X",NA,NA,NA,NA,NA,NA,NA,NA,NA,NA,"not bobby pinned to ground",2021,NA,NA,"ER",2021-10-29,NA,51,"blue",NA,NA,NA,NA,NA,NA,NA,NA,NA,NA,NA,NA
2021-06-15,"BH","2.0","2.5","V",36,2,"1.23","2.0",1,"1.5",NA,NA,NA,NA,NA,2021,NA,NA,"ER",2021-11-01,NA,98,"purple",NA,NA,NA,NA,NA,NA,"Y",NA,NA,NA,NA,1.23
2021-06-15,"BH","2.0","2.5","V",46,4,"1.73","4.0",1,"3.0",NA,NA,NA,NA,NA,2021,NA,NA,"ER",2021-11-01,NA,790,"purple",NA,NA,NA,NA,NA,NA,"N",NA,NA,NA,NA,1.73
2021-06-15,"BH","2.0","2.5","V",NA,NA,"0.97","2.5",1,"1.5",NA,NA,NA,NA,NA,2021,NA,NA,"ER",2021-11-01,NA,NA,NA,NA,NA,NA,NA,NA,NA,"N",NA,NA,NA,NA,0.5
2021-06-15,"BH","2.0","2.5","V",NA,NA,"0.7","3.0",1,"1.5",NA,NA,NA,NA,NA,2021,NA,NA,"ER",2021-11-01,NA,NA,NA,NA,NA,NA,NA,NA,NA,"N",NA,NA,NA,NA,0.5
2021-06-15,"BH","2.0","1.5","X",12,34,NA,NA,NA,NA,NA,NA,NA,NA,NA,2021,NA,NA,"ER",2021-11-01,NA,82,"red",NA,NA,NA,NA,NA,NA,NA,NA,NA,NA,NA,NA
2021-06-15,"BH","2.0","2.0","X",40,42,NA,NA,NA,NA,NA,NA,NA,NA,NA,2021,NA,NA,"ER",2021-11-01,NA,85,"red",NA,NA,NA,NA,NA,NA,NA,NA,NA,NA,NA,NA
2021-06-15,"BH","2.0","2.5","X",20,34,NA,NA,NA,NA,NA,NA,NA,NA,NA,2021,NA,NA,"ER",2021-11-01,NA,131,"red",NA,NA,NA,NA,NA,NA,NA,NA,NA,NA,NA,NA
2021-06-15,"BH","2.0","3.0",NA,15,46,NA,NA,NA,NA,NA,NA,NA,NA,"Not found",2021,NA,NA,"ER",2021-11-01,NA,126,"red",NA,NA,NA,NA,NA,NA,NA,NA,NA,NA,NA,NA
2021-06-15,"BH","2.0","3.5",NA,37,40,NA,NA,NA,NA,NA,NA,NA,NA,"Not found",2021,NA,NA,"ER",2021-11-01,NA,34,"red",NA,NA,NA,NA,NA,NA,NA,NA,NA,NA,NA,NA
2021-06-15,"BH","2.0","3.5",NA,13,14,NA,NA,NA,NA,NA,NA,NA,NA,"Not found",2021,NA,NA,"ER",2021-11-01,NA,29,"red",NA,NA,NA,NA,NA,NA,NA,NA,NA,NA,NA,NA
2021-06-15,"BH","2.0","3.5",NA,11,3,NA,NA,NA,NA,NA,NA,NA,NA,"Not found",2021,NA,NA,"ER",2021-11-01,NA,50,"red",NA,NA,NA,NA,NA,NA,NA,NA,NA,NA,NA,NA
2021-06-15,"BH","2.0","3.5",NA,13,0,NA,NA,NA,NA,NA,NA,NA,NA,"Not found",2021,NA,NA,"ER",2021-11-01,NA,38,"red",NA,NA,NA,NA,NA,NA,NA,NA,NA,NA,NA,NA
2021-06-15,"BH","2.0","3.5",NA,34,15,NA,NA,NA,NA,NA,NA,NA,NA,"Not found",2021,NA,NA,"ER",2021-11-01,NA,24,"red",NA,NA,NA,NA,NA,NA,NA,NA,NA,NA,NA,NA
2021-06-15,"BH","2.0","3.5",NA,38,49,NA,NA,NA,NA,NA,NA,NA,NA,"Not found",2021,NA,NA,"ER",2021-11-01,NA,143,"red",NA,NA,NA,NA,NA,NA,NA,NA,NA,NA,NA,NA
2021-06-15,"BH","2.0","3.5",NA,38,48,NA,NA,NA,NA,NA,NA,NA,NA,"Not found",2021,NA,NA,"ER",2021-11-01,NA,88,"red",NA,NA,NA,NA,NA,NA,NA,NA,NA,NA,NA,NA
2021-06-15,"BH","2.0","3.5",NA,18,50,NA,NA,NA,NA,NA,NA,NA,NA,"Not found",2021,NA,NA,"ER",2021-11-01,NA,141,"red",NA,NA,NA,NA,NA,NA,NA,NA,NA,NA,NA,NA
2021-06-15,"BH","2.0","4.0",NA,13,22,NA,NA,NA,NA,NA,NA,NA,NA,"Not found",2021,NA,NA,"ER",2021-11-01,NA,100,"red",NA,NA,NA,NA,NA,NA,NA,NA,NA,NA,NA,NA
2021-06-15,"BH","2.0","4.0",NA,21,8,NA,NA,NA,NA,NA,NA,NA,NA,"Not found",2021,NA,NA,"ER",2021-11-01,NA,146,"red",NA,NA,NA,NA,NA,NA,NA,NA,NA,NA,NA,NA
2021-06-15,"BH","2.0","4.0",NA,24,1,NA,NA,NA,NA,NA,NA,NA,NA,"Not found",2021,NA,NA,"ER",2021-11-01,NA,61,"red",NA,NA,NA,NA,NA,NA,NA,NA,NA,NA,NA,NA
2021-06-15,"BH","2.0","4.0",NA,24,4,NA,NA,NA,NA,NA,NA,NA,NA,"Not found",2021,NA,NA,"ER",2021-11-01,NA,77,"red",NA,NA,NA,NA,NA,NA,NA,NA,NA,NA,NA,NA
2021-06-15,"BH","2.0","2.0","V",25,14,"1.79","3.7",1,"2.5",NA,NA,NA,NA,NA,2021,NA,NA,"ER",2021-11-01,NA,103,"purple",NA,NA,NA,NA,NA,NA,"N",NA,NA,NA,NA,1.79
2021-06-15,"BH","2.0","2.0","V",17,50,"1.67","7.3",1,"2.0",NA,NA,NA,NA,NA,2021,NA,NA,"ER",2021-11-01,NA,83,"purple",NA,NA,NA,NA,NA,NA,"N",NA,NA,NA,NA,1.67
2021-06-15,"BH","2.0","2.0","V",NA,NA,"<1","1.2",1,"0.5",NA,NA,NA,NA,NA,2021,NA,NA,"ER",2021-11-01,NA,NA,NA,NA,NA,NA,NA,NA,NA,"N",NA,NA,NA,NA,0.5
2021-06-15,"BH","2.0","1.5","X",NA,NA,NA,NA,NA,NA,NA,NA,NA,NA,NA,2021,NA,NA,"ER",2021-11-01,NA,37,"blue",NA,NA,NA,NA,NA,NA,NA,NA,NA,NA,NA,NA
2021-06-15,"BH","2.0","1.5","V",16,50,"1.37","6.5",1,"3.0",NA,NA,NA,NA,NA,2021,NA,NA,"ER",2021-11-01,NA,81,"purple",NA,NA,NA,NA,NA,NA,"N",NA,NA,NA,NA,1.37
2021-06-15,"BH","2.0","1.5","V",NA,NA,"<1","2.0",1,"0.4",NA,NA,NA,NA,NA,2021,NA,NA,"ER",2021-11-01,NA,NA,NA,NA,NA,NA,NA,NA,NA,"Y",NA,NA,NA,NA,0.5
2021-06-15,"BH","2.0","1.5","V",20,41,"1.67","5.0",1,"3.1",NA,NA,NA,NA,NA,2021,NA,NA,"ER",2021-11-01,NA,105,"purple",NA,NA,NA,NA,NA,NA,"Y",NA,NA,NA,NA,1.67
2021-06-15,"BH","2.0","1.5","V",21,38,"3.36","9.8",1,"9.9",NA,NA,NA,NA,NA,2021,NA,NA,"ER",2021-11-01,NA,88,"purple",NA,NA,NA,NA,NA,NA,"Y",NA,NA,NA,NA,3.36
2021-06-15,"BH","2.0","1.5","V",NA,NA,"<1","2.2",1,"2.1",NA,NA,NA,NA,NA,2021,NA,NA,"ER",2021-11-01,NA,NA,NA,NA,NA,NA,NA,NA,NA,"N",NA,NA,NA,NA,0.5
2021-06-15,"BH","2.0","1.5","V",NA,NA,"<1","5.5",1,"1.9",NA,NA,NA,NA,NA,2021,NA,NA,"ER",2021-11-01,NA,NA,NA,NA,NA,NA,NA,NA,NA,"N",NA,NA,NA,NA,0.5
2021-06-15,"BH","2.0","1.5","V",NA,NA,"<1","2.3",1,"1.0",NA,NA,NA,NA,NA,2021,NA,NA,"ER",2021-11-01,NA,NA,NA,NA,NA,NA,NA,NA,NA,"N",NA,NA,NA,NA,0.5
2021-06-15,"BH","2.0","1.5","V",35,22,"1.18","5.5",1,"2.5",NA,NA,NA,NA,NA,2021,NA,NA,"ER",2021-11-01,NA,704,"purple",NA,NA,NA,NA,NA,NA,"N",NA,NA,NA,NA,1.18
2021-06-15,"BH","2.0","1.5","X",NA,NA,NA,NA,NA,NA,NA,NA,NA,NA,NA,2021,NA,NA,"ER",2021-11-01,NA,8,"blue",NA,NA,NA,NA,NA,NA,NA,NA,NA,NA,NA,NA
2021-06-15,"BH","2.0","1.5","V",NA,NA,"<1","1.9",1,"1.2",NA,NA,NA,NA,NA,2021,NA,NA,"ER",2021-11-01,NA,NA,NA,NA,NA,NA,NA,NA,NA,"N",NA,NA,NA,NA,0.5
2021-06-15,"BH","2.0","1.5","V",NA,NA,"<1","2.0",1,"0.7",NA,NA,NA,NA,NA,2021,NA,NA,"ER",2021-11-01,NA,NA,NA,NA,NA,NA,NA,NA,NA,"N",NA,NA,NA,NA,0.5
2021-06-15,"BH","2.0","1.5","X",NA,NA,NA,NA,NA,NA,NA,NA,NA,NA,NA,2021,NA,NA,"ER",2021-11-01,NA,30,"blue",NA,NA,NA,NA,NA,NA,NA,NA,NA,NA,NA,NA
2021-06-15,"BH","2.0","1.5","V",NA,NA,"<1","1.9",1,"0.7",NA,NA,NA,NA,NA,2021,NA,NA,"ER",2021-11-01,NA,NA,NA,NA,NA,NA,NA,NA,NA,"N",NA,NA,NA,NA,0.5
2021-06-15,"BH","2.0","1.5","V",NA,NA,"<1","2.2",1,"1.2",NA,NA,NA,NA,NA,2021,NA,NA,"ER",2021-11-01,NA,NA,NA,NA,NA,NA,NA,NA,NA,"N",NA,NA,NA,NA,0.5
2021-06-15,"BH","2.0","1.5","V",40,13,"1.02","2.6",1,"1.2",NA,NA,NA,NA,NA,2021,NA,NA,"ER",2021-11-01,NA,56,"purple",NA,NA,NA,NA,NA,NA,"N",NA,NA,NA,NA,1.02
2021-06-15,"BH","2.0","1.5","V",NA,NA,"<1","2.7",1,"1.2",NA,NA,NA,NA,NA,2021,NA,NA,"ER",2021-11-01,NA,NA,NA,NA,NA,NA,NA,NA,NA,"N",NA,NA,NA,NA,0.5
2021-06-15,"BH","2.0","1.5","V",NA,NA,"<1","2.2",1,"0.6",NA,NA,NA,NA,NA,2021,NA,NA,"ER",2021-11-01,NA,NA,NA,NA,NA,NA,NA,NA,NA,"N",NA,NA,NA,NA,0.5
2021-06-15,"BH","2.0","1.5","V",NA,NA,"<1","1.8",1,"0.7",NA,NA,NA,NA,NA,2021,NA,NA,"ER",2021-11-01,NA,NA,NA,NA,NA,NA,NA,NA,NA,"N",NA,NA,NA,NA,0.5
2021-06-15,"BH","2.0","1.5","V",NA,NA,"<1","2.1",1,"1.4",NA,NA,NA,NA,NA,2021,NA,NA,"ER",2021-11-01,NA,NA,NA,NA,NA,NA,NA,NA,NA,"N",NA,NA,NA,NA,0.5
2021-06-15,"BH","2.0","1.5","P",40,9,"3.77","57.0",1,NA,"0.0","25.0",6.5,1,NA,2021,NA,NA,"ER",2021-11-01,NA,104,"purple",NA,NA,NA,NA,NA,NA,"N",NA,NA,NA,NA,3.77
2021-06-15,"BH","2.0","1.0","X",NA,NA,NA,NA,NA,NA,NA,NA,NA,NA,NA,2021,NA,NA,"ER",2021-11-01,NA,23,"blue",NA,NA,NA,NA,NA,NA,NA,NA,NA,NA,NA,NA
2021-06-15,"BH","2.0","1.0","X",NA,NA,NA,NA,NA,NA,NA,NA,NA,NA,NA,2021,NA,NA,"ER",2021-11-01,NA,39,"blue",NA,NA,NA,NA,NA,NA,NA,NA,NA,NA,NA,NA
2021-06-15,"BH","2.0","1.0","V",10,42,"1.77","8.0",1,"3.7",NA,NA,NA,NA,NA,2021,NA,NA,"ER",2021-11-01,NA,102,"purple",NA,NA,NA,NA,NA,NA,"N",NA,NA,NA,NA,1.77
2021-06-15,"BH","2.0","1.0","V",NA,NA,"<1","2.6",1,"0.8",NA,NA,NA,NA,NA,2021,NA,NA,"ER",2021-11-01,NA,NA,NA,NA,NA,NA,NA,NA,NA,"Y",NA,NA,NA,NA,0.5
2021-06-15,"BH","2.0","1.0","V",NA,NA,"<1","2.8",1,"2.4",NA,NA,NA,NA,NA,2021,NA,NA,"ER",2021-11-01,NA,NA,NA,NA,NA,NA,NA,NA,NA,"Y",NA,NA,NA,NA,0.5
2021-06-15,"BH","2.0","1.0","V",40,28,"1.95","8.7",1,"3.1",NA,NA,NA,NA,NA,2021,NA,NA,"ER",2021-11-01,NA,61,"purple",NA,NA,NA,NA,NA,NA,"N",NA,NA,NA,NA,1.95
2021-06-15,"BH","2.0","1.0","V",20,12,"1.68","4.6",1,"2.4",NA,NA,NA,NA,NA,2021,NA,NA,"ER",2021-11-01,NA,707,"purple",NA,NA,NA,NA,NA,NA,"Y",NA,NA,NA,NA,1.68
2021-06-15,"BH","2.0","1.0","V",20,16,"2.3","5.4",1,"1.8",NA,NA,NA,NA,NA,2021,NA,NA,"ER",2021-11-01,NA,23,"purple",NA,NA,NA,NA,NA,NA,"N",NA,NA,NA,NA,2.3
2021-06-15,"BH","2.0","1.0","V",NA,NA,"<1","2.7",1,"2.2",NA,NA,NA,NA,NA,2021,NA,NA,"ER",2021-11-01,NA,NA,NA,NA,NA,NA,NA,NA,NA,"N",NA,NA,NA,NA,0.5
2021-06-15,"BH","2.0","1.0","V",NA,NA,"<1","2.1",1,"0.4",NA,NA,NA,NA,NA,2021,NA,NA,"ER",2021-11-01,NA,NA,NA,NA,NA,NA,NA,NA,NA,"N",NA,NA,NA,NA,0.5
2021-06-15,"BH","2.0","1.0","V",NA,NA,"<1","1.8",1,"0.9",NA,NA,NA,NA,NA,2021,NA,NA,"ER",2021-11-01,NA,NA,NA,NA,NA,NA,NA,NA,NA,"N",NA,NA,NA,NA,0.5
2021-06-15,"BH","2.0","1.0","V",NA,NA,"<1","3.3",1,"1.5",NA,NA,NA,NA,NA,2021,NA,NA,"ER",2021-11-01,NA,NA,NA,NA,NA,NA,NA,NA,NA,"Y",NA,NA,NA,NA,0.5
2021-06-15,"BH","2.0","1.0","V",NA,NA,"<1","1.8",1,"0.6",NA,NA,NA,NA,NA,2021,NA,NA,"ER",2021-11-01,NA,NA,NA,NA,NA,NA,NA,NA,NA,"N",NA,NA,NA,NA,0.5
2021-06-15,"BH","2.0","1.0","V",NA,NA,"<1","2.1",1,"2.9",NA,NA,NA,NA,NA,2021,NA,NA,"ER",2021-11-01,NA,NA,NA,NA,NA,NA,NA,NA,NA,"N",NA,NA,NA,NA,0.5
2021-06-15,"BH","2.0","1.0","V",NA,NA,"<1","1.3",1,"0.7",NA,NA,NA,NA,NA,2021,NA,NA,"ER",2021-11-01,NA,NA,NA,NA,NA,NA,NA,NA,NA,"N",NA,NA,NA,NA,0.5
2021-06-15,"BH","2.0","1.0","V",NA,NA,"<1","4.6",1,"1.9",NA,NA,NA,NA,NA,2021,NA,NA,"ER",2021-11-01,NA,NA,NA,NA,NA,NA,NA,NA,NA,"Y",NA,NA,NA,NA,0.5
2021-06-15,"BH","2.0","1.0","V",NA,NA,"<1","4.6",1,"1.1",NA,NA,NA,NA,NA,2021,NA,NA,"ER",2021-11-01,NA,NA,NA,NA,NA,NA,NA,NA,NA,"N",NA,NA,NA,NA,0.5
2021-06-15,"BH","2.0","1.0","V",NA,NA,"<1","4.6",1,"2.1",NA,NA,NA,NA,NA,2021,NA,NA,"ER",2021-11-01,NA,NA,NA,NA,NA,NA,NA,NA,NA,"Y",NA,NA,NA,NA,0.5
2021-06-15,"BH","2.0","1.0","V",NA,NA,"<1","3.4",1,"1.4",NA,NA,NA,NA,NA,2021,NA,NA,"ER",2021-11-01,NA,NA,NA,NA,NA,NA,NA,NA,NA,"Y",NA,NA,NA,NA,0.5
2021-06-15,"BH","2.0","1.0","V",NA,NA,"<1","3.1",1,"1.8",NA,NA,NA,NA,NA,2021,NA,NA,"ER",2021-11-01,NA,NA,NA,NA,NA,NA,NA,NA,NA,"N",NA,NA,NA,NA,0.5
2021-06-15,"BH","2.0","1.0","V",NA,NA,"<1","2.6",1,"1.8",NA,NA,NA,NA,NA,2021,NA,NA,"ER",2021-11-01,NA,NA,NA,NA,NA,NA,NA,NA,NA,"Y",NA,NA,NA,NA,0.5
2021-06-15,"BH","2.0","1.0","V",NA,NA,"<1","3.2",1,"1.4",NA,NA,NA,NA,NA,2021,NA,NA,"ER",2021-11-01,NA,NA,NA,NA,NA,NA,NA,NA,NA,"Y",NA,NA,NA,NA,0.5
2021-06-15,"BH","2.0","1.0","V",NA,NA,"<1","8.2",1,"1.6",NA,NA,NA,NA,NA,2021,NA,NA,"ER",2021-11-01,NA,NA,NA,NA,NA,NA,NA,NA,NA,"Y",NA,NA,NA,NA,0.5
2021-06-15,"BH","2.0","0.0","X",NA,NA,NA,NA,NA,NA,NA,NA,NA,NA,NA,2021,NA,NA,"ER",2021-11-01,NA,36,"blue",NA,NA,NA,NA,NA,NA,NA,NA,NA,NA,NA,NA
2021-06-15,"BH","2.0","0.0","X",NA,NA,NA,NA,NA,NA,NA,NA,NA,NA,"could be 86",2021,NA,NA,"ER",2021-11-01,NA,98,"blue",NA,NA,NA,NA,NA,NA,NA,NA,NA,NA,NA,NA
2021-06-15,"BH","2.0","0.5","X",NA,NA,NA,NA,NA,NA,NA,NA,NA,NA,NA,2021,NA,NA,"ER",2021-11-01,NA,84,"blue",NA,NA,NA,NA,NA,NA,NA,NA,NA,NA,NA,NA
2021-06-15,"BH","2.0",NA,"X",NA,NA,NA,NA,NA,NA,NA,NA,NA,NA,"found off trans",2021,NA,NA,"ER",2021-11-01,NA,85,"blue",NA,NA,NA,NA,NA,NA,NA,NA,NA,NA,NA,NA
2021-06-15,"BH","DP",NA,"X",NA,NA,NA,NA,NA,NA,NA,NA,NA,NA,"purple = new this year",2021,NA,NA,"ER",2021-11-01,NA,14,"red",NA,NA,NA,NA,NA,NA,NA,NA,NA,NA,NA,NA
2021-06-15,"BH","DP",NA,"X",12,182,NA,NA,NA,NA,NA,NA,NA,NA,"dead; large flowering",2021,NA,NA,"ER",2021-11-01,NA,11,"red",NA,NA,NA,NA,NA,NA,NA,NA,NA,NA,NA,NA
2021-06-15,"BH","DP",NA,"X",NA,NA,NA,NA,NA,NA,NA,NA,NA,NA,NA,2021,NA,NA,"ER",2021-11-01,NA,91,"red",NA,NA,NA,NA,NA,NA,NA,NA,NA,NA,NA,NA
2021-06-15,"BH","DP",NA,NA,NA,NA,NA,NA,NA,NA,NA,NA,NA,NA,"not found",2021,NA,NA,"ER",2021-11-01,NA,92,"red",NA,NA,NA,NA,NA,NA,NA,NA,NA,NA,NA,NA
2021-06-15,"BH","DP",NA,"X",NA,NA,NA,NA,NA,NA,NA,NA,NA,NA,NA,2021,NA,NA,"ER",2021-11-01,NA,142,"red",NA,NA,NA,NA,NA,NA,NA,NA,NA,NA,NA,NA
2021-06-15,"BH","DP",NA,"X",NA,NA,NA,NA,NA,NA,NA,NA,NA,NA,NA,2021,NA,NA,"ER",2021-11-01,NA,80,"blue",NA,NA,NA,NA,NA,NA,NA,NA,NA,NA,NA,NA
2021-06-15,"BH","DP",NA,"X",NA,NA,NA,NA,NA,NA,NA,NA,NA,NA,NA,2021,NA,NA,"ER",2021-11-01,NA,14,"blue",NA,NA,NA,NA,NA,NA,NA,NA,NA,NA,NA,NA
2021-06-15,"BH","DP",NA,"P",NA,NA,"6.09","66.0",3,NA,"0.0","96.0",8.5,2,"24+72=96",2021,NA,NA,"ER",2021-11-01,NA,56,"blue",NA,NA,NA,NA,NA,NA,"Y",NA,NA,NA,NA,6.09
2021-06-15,"BH","DP",NA,"X",NA,NA,NA,NA,NA,NA,NA,NA,NA,NA,NA,2021,NA,NA,"ER",2021-11-01,NA,2,"blue",NA,NA,NA,NA,NA,NA,NA,NA,NA,NA,NA,NA
2021-06-15,"BH","DP",NA,"X",NA,NA,NA,NA,NA,NA,NA,NA,NA,NA,NA,2021,NA,NA,"ER",2021-11-01,NA,17,"red",NA,NA,NA,NA,NA,NA,NA,NA,NA,NA,NA,NA
2021-06-15,"BH","DP",NA,"V",NA,NA,"4.65","32.5",3,"4.6",NA,NA,NA,0,NA,2021,NA,NA,"ER",2021-11-01,NA,59,"blue",NA,NA,NA,NA,NA,NA,"Y",NA,NA,NA,NA,4.65
2021-06-15,"BH","DP",NA,"V",NA,NA,"3.35","10.2",3,"5.3",NA,NA,NA,0,NA,2021,NA,NA,"ER",2021-11-01,NA,25,"purple",NA,NA,NA,NA,NA,NA,"Y",NA,NA,NA,NA,3.35
2021-06-15,"BH","DP",NA,NA,NA,NA,NA,NA,NA,NA,NA,NA,NA,NA,"not found",2021,NA,NA,"ER",2021-11-01,NA,15,"blue",NA,NA,NA,NA,NA,NA,NA,NA,NA,NA,NA,NA
2021-06-15,"BH","DP",NA,NA,NA,NA,NA,NA,NA,NA,NA,NA,NA,NA,"not found",2021,NA,NA,"ER",2021-11-01,NA,3,"blue",NA,NA,NA,NA,NA,NA,NA,NA,NA,NA,NA,NA
2021-06-15,"BH","DP",NA,NA,NA,NA,NA,NA,NA,NA,NA,NA,NA,NA,"not found",2021,NA,NA,"ER",2021-11-01,NA,58,"blue",NA,NA,NA,NA,NA,NA,NA,NA,NA,NA,NA,NA
2021-06-15,"BH","DP",NA,NA,NA,NA,NA,NA,NA,NA,NA,NA,NA,NA,"not found",2021,NA,NA,"ER",2021-11-01,NA,30,"blue",NA,NA,NA,NA,NA,NA,NA,NA,NA,NA,NA,NA
2021-06-15,"BH","DP",NA,"V",NA,NA,"7.02","24.9",7,"4.7",NA,NA,NA,0,NA,2021,NA,NA,"ER",2021-11-01,NA,37,"purple",NA,NA,NA,NA,NA,NA,"Y",NA,NA,NA,NA,7.02
2021-06-15,"BH","DP",NA,"P",NA,NA,"6.92","72.0",6,NA,"0.0","13.0",7.5,3,"2 broken branches",2021,NA,NA,"ER",2021-11-01,NA,75,"purple",NA,NA,NA,NA,NA,NA,"Y",NA,NA,NA,NA,6.92
2021-06-15,"BH","DP",NA,"V",NA,NA,"3.32","18.5",2,"3.6",NA,NA,NA,0,NA,2021,NA,NA,"ER",2021-11-01,NA,55,"purple",NA,NA,NA,NA,NA,NA,"Y",NA,NA,NA,NA,3.32
2021-06-15,"BH","DP",NA,"V",NA,NA,"3.34","9.5",3,"3.3",NA,NA,NA,0,"1 dead branch",2021,NA,NA,"ER",2021-11-01,NA,65,"purple",NA,NA,NA,NA,NA,NA,"Y",NA,NA,NA,NA,3.34
2021-06-15,"BH","DP",NA,"P",NA,NA,"4.24","96.4",1,NA,"0.0","32.0",8,1,NA,2021,NA,NA,"ER",2021-11-01,NA,97,"purple",NA,NA,NA,NA,NA,NA,"N",NA,NA,NA,NA,4.24
2021-06-15,"BH","DP",NA,"P",NA,NA,"3.84","52.9",4,NA,"0.0","13.0",7.2,1,"1 dead branch",2021,NA,NA,"ER",2021-11-01,NA,110,"purple",NA,NA,NA,NA,NA,NA,"Y",NA,NA,NA,NA,3.84
2021-06-15,"BH","DP",NA,"P",NA,NA,"4.41","83.9",2,NA,"0.0","17.0",9,1,NA,2021,NA,NA,"ER",2021-11-01,NA,26,"purple",NA,NA,NA,NA,NA,NA,"Y",NA,NA,NA,NA,4.41
2021-06-15,"BH","DP",NA,"P",NA,NA,"4.91","66.0",2,"5.2",NA,NA,NA,0,NA,2021,NA,NA,"ER",2021-11-01,NA,41,"purple",NA,NA,NA,NA,NA,NA,"N",NA,NA,NA,NA,4.91
2021-06-15,"BH","DP",NA,"V",NA,NA,"3.73","13.5",4,"4.1",NA,NA,NA,0,"1 dead branch",2021,NA,NA,"ER",2021-11-01,NA,57,"purple",NA,NA,NA,NA,NA,NA,"Y",NA,NA,NA,NA,3.73
2021-06-15,"BH","DP",NA,"V",NA,NA,"4.5","17.5",5,"3.9",NA,NA,NA,0,"1 broken branch",2021,NA,NA,"ER",2021-11-01,NA,100,"purple",NA,NA,NA,NA,NA,NA,"Y",NA,NA,NA,NA,4.5
2021-06-15,"BH","DP",NA,"V",NA,NA,"2.85","12.3",1,"5.5",NA,NA,NA,0,NA,2021,NA,NA,"ER",2021-11-01,NA,47,"purple",NA,NA,NA,NA,NA,NA,"Y",NA,NA,NA,NA,2.85
2021-06-15,"BH",NA,NA,"B",NA,NA,"5.01","48.0",4,NA,NA,NA,NA,2,NA,2021,NA,NA,"ER",2021-11-01,NA,73,"purple",NA,NA,NA,NA,NA,NA,"Y",NA,NA,NA,NA,5.01
2021-06-15,"BH",NA,NA,"P",NA,NA,"4.0","30.6",1,NA,NA,"14.0",9.5,1,NA,2021,NA,NA,"ER",2021-11-01,NA,18,"purple",NA,NA,NA,NA,NA,NA,"N",NA,NA,NA,NA,4
2021-06-15,"BH",NA,NA,"P",NA,NA,"7.37","124.5",1,NA,NA,"91.0",10,1,NA,2021,NA,NA,"ER",2021-11-01,NA,702,"purple",NA,NA,NA,NA,NA,NA,"N",NA,NA,NA,NA,7.37
2021-06-15,"BH",NA,NA,"F",NA,NA,"1.92","17.5",1,NA,"5.0",NA,NA,1,NA,2021,NA,NA,"ER",2021-11-01,NA,89,"purple",NA,NA,NA,NA,NA,NA,"Y",NA,NA,NA,NA,1.92
2021-06-15,"BH",NA,NA,"P",NA,NA,"3.68","37.7",2,NA,"0.0","2.0",4.5,1,"super dry",2021,NA,NA,"ER",2021-11-01,NA,2,"purple",NA,NA,NA,NA,NA,NA,"N",NA,NA,NA,NA,3.68
2021-06-15,"BH",NA,NA,"P",NA,NA,"3.25","34.0",5,NA,NA,"17.0",9,1,"4 broken",2021,NA,NA,"ER",2021-11-01,NA,42,"purple",NA,NA,NA,NA,NA,NA,"N",NA,NA,NA,NA,3.25
2021-06-15,"BH",NA,NA,"P",NA,NA,"4.07","78.5",6,NA,NA,"15.0",9.3,1,"1 broken",2021,NA,NA,"ER",2021-11-01,NA,77,"purple",NA,NA,NA,NA,NA,NA,"N",NA,NA,NA,NA,4.07
2021-06-15,"BH","DP",NA,"V",NA,NA,"7.71","44.0",5,"6.5",NA,NA,NA,NA,NA,2021,NA,NA,"ER",2021-11-01,NA,71,"purple",NA,NA,NA,NA,NA,NA,NA,NA,NA,NA,NA,7.71
2021-06-15,"BH","DP",NA,"V",NA,NA,"7.9","44.0",1,"6.5",NA,NA,NA,NA,NA,2021,NA,NA,"ER",2021-11-01,NA,NA,NA,NA,NA,NA,NA,NA,NA,NA,NA,NA,NA,NA,7.9
2022-06-13,"BH","2.0","0.0","V",8,5,"1.23","1.2",1,"1.6",NA,NA,NA,NA,NA,2022,NA,NA,"YHW",2022-10-14,NA,14,"white",NA,NA,NA,NA,NA,NA,"N",NA,NA,NA,NA,1.23
2022-06-13,"BH","2.0","0.0","V",21,10,"2.11","8.9",1,"2.1",NA,NA,NA,NA,NA,2022,NA,NA,"YHW",2022-10-14,NA,12,"white",NA,NA,NA,NA,NA,NA,"N",NA,NA,NA,NA,2.11
2022-06-13,"BH","2.0","0.0","V",14,9,"1.34","2.7",1,"1.6",NA,NA,NA,NA,NA,2022,NA,NA,"YHW",2022-10-14,NA,23,"white",NA,NA,NA,NA,NA,NA,"N",NA,NA,NA,NA,1.34
2022-06-13,"BH","2.0","0.0","V",NA,NA,"0.95","5.1",1,"0.9",NA,NA,NA,NA,NA,2022,NA,NA,"YHW",2022-10-14,NA,NA,"white",NA,NA,NA,NA,NA,NA,"N",NA,NA,NA,NA,0.5
2022-06-13,"BH","2.0","0.0","V",7,23,"1.62","6.4",1,"2.0",NA,NA,NA,NA,NA,2022,NA,NA,"YHW",2022-10-14,NA,81,"white",NA,NA,NA,NA,NA,NA,"N",NA,NA,NA,NA,1.62
2022-06-13,"BH","2.0","0.5","V",25,3,"1.42","9.9",1,"3.1",NA,NA,NA,NA,NA,2022,NA,NA,"YHW",2022-10-14,NA,25,"white",NA,NA,NA,NA,NA,NA,"N",NA,NA,NA,NA,1.42
2022-06-13,"BH","2.0","0.5","V",31,2,"2.02","9.1",1,"2.6",NA,NA,NA,NA,NA,2022,NA,NA,"YHW",2022-10-14,NA,17,"white",NA,NA,NA,NA,NA,NA,"N",NA,NA,NA,NA,2.02
2022-06-13,"BH","2.0","0.5","V",31,3,"1.62","13.4",1,"2.1",NA,NA,NA,NA,NA,2022,NA,NA,"YHW",2022-10-14,NA,11,"white",NA,NA,NA,NA,NA,NA,"N",NA,NA,NA,NA,1.62
2022-06-13,"BH","2.0","0.5","V",32,8,"1.25","6.7",1,"2.5",NA,NA,NA,NA,NA,2022,NA,NA,"YHW",2022-10-14,NA,8,"white",NA,NA,NA,NA,NA,NA,"N",NA,NA,NA,NA,1.25
2022-06-13,"BH","2.0","0.5","V",38,19,"3.06","8.8",1,"3.2",NA,NA,NA,NA,NA,2022,NA,NA,"YHW",2022-10-14,NA,13,"white",NA,NA,NA,NA,NA,NA,"N",NA,NA,NA,NA,3.06
2022-06-13,"BH","2.0","0.5","V",36,19,"2.5","7.8",1,"2.7",NA,NA,NA,NA,NA,2022,NA,NA,"YHW",2022-10-14,NA,10,"white",NA,NA,NA,NA,NA,NA,"N",NA,NA,NA,NA,2.5
2022-06-13,"BH","2.0","0.5","V",46,15,"3.05","4.4",1,"3.0",NA,NA,NA,NA,NA,2022,NA,NA,"YHW",2022-10-14,NA,80,"white",NA,NA,NA,NA,NA,NA,"N",NA,NA,NA,NA,3.05
2022-06-13,"BH","2.0","1.0","V",NA,NA,"0.99","3.8",1,"1.8",NA,NA,NA,NA,NA,2022,NA,NA,"YHW",2022-10-14,NA,NA,"white",NA,NA,NA,NA,NA,NA,"N",NA,NA,NA,NA,0.5
2022-06-13,"BH","2.0","1.0","V",17,15,"4.22","13.9",1,"3.6",NA,NA,NA,NA,NA,2022,NA,NA,"YHW",2022-10-14,NA,84,"white",NA,NA,NA,NA,NA,NA,"N",NA,NA,NA,NA,4.22
2022-06-13,"BH","2.0","1.0","V",25,20,"1.47","18.4",1,"2.0",NA,NA,NA,NA,NA,2022,NA,NA,"YHW",2022-10-14,NA,19,"white",NA,NA,NA,NA,NA,NA,"N",NA,NA,NA,NA,1.47
2022-06-13,"BH","2.0","1.0","V",26,20,"1.43","6.4",1,"1.5",NA,NA,NA,NA,NA,2022,NA,NA,"YHW",2022-10-14,NA,3,"white",NA,NA,NA,NA,NA,NA,"N",NA,NA,NA,NA,1.43
2022-06-13,"BH","2.0","1.0","V",38,24,"1.07","5.2",1,"0.9",NA,NA,NA,NA,NA,2022,NA,NA,"YHW",2022-10-14,NA,83,"white",NA,NA,NA,NA,NA,NA,"N",NA,NA,NA,NA,1.07
2022-06-13,"BH","2.0","1.0","V",NA,NA,"0.62","2.9",1,"0.8",NA,NA,NA,NA,NA,2022,NA,NA,"YHW",2022-10-14,NA,NA,"white",NA,NA,NA,NA,NA,NA,"N",NA,NA,NA,NA,0.5
2022-06-13,"BH","2.0","1.0","V",23,41,"1.94","5.8",1,"1.7",NA,NA,NA,NA,NA,2022,NA,NA,"YHW",2022-10-14,NA,20,"white",NA,NA,NA,NA,NA,NA,"N",NA,NA,NA,NA,1.94
2022-06-13,"BH","2.0","1.0","V",NA,NA,"0.92","7.8",1,"1.6",NA,NA,NA,NA,NA,2022,NA,NA,"YHW",2022-10-14,NA,NA,"white",NA,NA,NA,NA,NA,NA,"N",NA,NA,NA,NA,0.5
2022-06-13,"BH","2.0","1.0","V",29,48,"1.09","7.3",1,"1.3",NA,NA,NA,NA,NA,2022,NA,NA,"YHW",2022-10-14,NA,18,"white",NA,NA,NA,NA,NA,NA,"N",NA,NA,NA,NA,1.09
2022-06-13,"BH","2.0","1.5","V",12,6,"1.18","2.3",1,"1.0",NA,NA,NA,NA,NA,2022,NA,NA,"YHW",2022-10-14,NA,82,"white",NA,NA,NA,NA,NA,NA,"N",NA,NA,NA,NA,1.18
2022-06-13,"BH","2.0","1.5","V",NA,NA,"0.78","1.3",1,"1.5",NA,NA,NA,NA,NA,2022,NA,NA,"YHW",2022-10-14,NA,NA,"white",NA,NA,NA,NA,NA,NA,"N",NA,NA,NA,NA,0.5
2022-06-13,"BH","2.0","1.5","V",10,7,"1.17","1.7",1,"1.3",NA,NA,NA,NA,NA,2022,NA,NA,"YHW",2022-10-14,NA,22,"white",NA,NA,NA,NA,NA,NA,"N",NA,NA,NA,NA,1.17
2022-06-13,"BH","2.0","1.5","V",NA,NA,"0.67","0.7",1,"1.2",NA,NA,NA,NA,NA,2022,NA,NA,"YHW",2022-10-14,NA,NA,"white",NA,NA,NA,NA,NA,NA,"N",NA,NA,NA,NA,0.5
2022-06-13,"BH","2.0","1.5","V",9,11,"1.19","1.2",1,"1.4",NA,NA,NA,NA,NA,2022,NA,NA,"YHW",2022-10-14,NA,7,"white",NA,NA,NA,NA,NA,NA,"N",NA,NA,NA,NA,1.19
2022-06-13,"BH","2.0","1.5","V",5,14,"1.66","2.7",1,"2.2",NA,NA,NA,NA,NA,2022,NA,NA,"YHW",2022-10-14,NA,15,"white",NA,NA,NA,NA,NA,NA,"N",NA,NA,NA,NA,1.66
2022-06-13,"BH","2.0","1.5","V",2,13,"1.03","3.6",1,"1.7",NA,NA,NA,NA,NA,2022,NA,NA,"YHW",2022-10-14,NA,5,"white",NA,NA,NA,NA,NA,NA,"N",NA,NA,NA,NA,1.03
2022-06-13,"BH","2.0","1.5","V",NA,NA,"0.98","4.5",1,"2.1",NA,NA,NA,NA,NA,2022,NA,NA,"YHW",2022-10-14,NA,NA,NA,NA,NA,NA,NA,NA,NA,"N",NA,NA,NA,NA,0.5
2022-06-13,"BH","2.0","1.5","V",1,14,"1.15","2.7",1,"1.8",NA,NA,NA,NA,NA,2022,NA,NA,"YHW",2022-10-14,NA,78,"white",NA,NA,NA,NA,NA,NA,"N",NA,NA,NA,NA,1.15
2022-06-13,"BH","2.0","1.5","V",2,15,"1.51","3.6",1,"2.7",NA,NA,NA,NA,NA,2022,NA,NA,"YHW",2022-10-14,NA,24,"white",NA,NA,NA,NA,NA,NA,"N",NA,NA,NA,NA,1.51
2022-06-13,"BH","2.0","1.5","V",NA,NA,"0.98","4.7",1,"2.4",NA,NA,NA,NA,NA,2022,NA,NA,"YHW",2022-10-14,NA,NA,"white",NA,NA,NA,NA,NA,NA,"N",NA,NA,NA,NA,0.5
2022-06-13,"BH","2.0","1.5","V",NA,NA,"0.73","1.6",1,"1.1",NA,NA,NA,NA,NA,2022,NA,NA,"YHW",2022-10-14,NA,NA,"white",NA,NA,NA,NA,NA,NA,"N",NA,NA,NA,NA,0.5
2022-06-13,"BH","2.0","1.5","V",NA,NA,"0.95","1.2",1,"1.2",NA,NA,NA,NA,NA,2022,NA,NA,"YHW",2022-10-14,NA,NA,"white",NA,NA,NA,NA,NA,NA,"N",NA,NA,NA,NA,0.5
2022-06-13,"BH","2.0","1.5","V",NA,NA,"0.73","3.6",1,"1.5",NA,NA,NA,NA,NA,2022,NA,NA,"YHW",2022-10-14,NA,NA,"white",NA,NA,NA,NA,NA,NA,"N",NA,NA,NA,NA,0.5
2022-06-13,"BH","2.0","1.5","V",NA,NA,"0.95","2.7",1,"1.6",NA,NA,NA,NA,NA,2022,NA,NA,"YHW",2022-10-14,NA,NA,"white",NA,NA,NA,NA,NA,NA,"N",NA,NA,NA,NA,0.5
2022-06-13,"BH","2.0","1.5","V",25,34,"1.84","4.7",1,"1.8",NA,NA,NA,NA,NA,2022,NA,NA,"YHW",2022-10-14,NA,2,"white",NA,NA,NA,NA,NA,NA,"N",NA,NA,NA,NA,1.84
2022-06-13,"BH","2.0","1.5","V",26,40,"1.41","2.3",1,"2.3",NA,NA,NA,NA,NA,2022,NA,NA,"YHW",2022-10-14,NA,76,"white",NA,NA,NA,NA,NA,NA,"N",NA,NA,NA,NA,1.41
2022-06-13,"BH","2.0","1.5","V",26,41,"1.43","5.3",1,"3.1",NA,NA,NA,NA,NA,2022,NA,NA,"YHW",2022-10-14,NA,16,"white",NA,NA,NA,NA,NA,NA,"N",NA,NA,NA,NA,1.43
2022-06-13,"BH","2.0","1.5","V",NA,NA,"0.94","4.2",1,"2.4",NA,NA,NA,NA,NA,2022,NA,NA,"YHW",2022-10-14,NA,NA,"white",NA,NA,NA,NA,NA,NA,"N",NA,NA,NA,NA,0.5
2022-06-13,"BH","2.0","1.5","V",20,45,"2.18","7.9",1,"3.2",NA,NA,NA,NA,NA,2022,NA,NA,"YHW",2022-10-14,NA,75,"white",NA,NA,NA,NA,NA,NA,"N",NA,NA,NA,NA,2.18
2022-06-13,"BH","2.0","1.5","V",19,45,"1.14","4.7",1,"2.1",NA,NA,NA,NA,NA,2022,NA,NA,"YHW",2022-10-14,NA,47,"white",NA,NA,NA,NA,NA,NA,"N",NA,NA,NA,NA,1.14
2022-06-13,"BH","2.0","1.5","V",NA,NA,"0.89","4.3",1,"1.9",NA,NA,NA,NA,NA,2022,NA,NA,"YHW",2022-10-14,NA,NA,"white",NA,NA,NA,NA,NA,NA,"N",NA,NA,NA,NA,0.5
2022-06-13,"BH","2.0","1.5","V",NA,NA,"0.6","0.7",1,"1.2",NA,NA,NA,NA,NA,2022,NA,NA,"YHW",2022-10-14,NA,NA,"white",NA,NA,NA,NA,NA,NA,"N",NA,NA,NA,NA,0.5
2022-06-13,"BH","2.0","1.5","V",NA,NA,"0.87","3.9",1,"1.2",NA,NA,NA,NA,NA,2022,NA,NA,"YHW",2022-10-14,NA,NA,"white",NA,NA,NA,NA,NA,NA,"N",NA,NA,NA,NA,0.5
2022-06-13,"BH","2.0","1.5","V",30,17,"1.07","1.3",1,"1.4",NA,NA,NA,NA,NA,2022,NA,NA,"YHW",2022-10-14,NA,71,"white",NA,NA,NA,NA,NA,NA,"N",NA,NA,NA,NA,1.07
2022-06-13,"BH","2.0","1.5","V",35,22,"1.04","3.7",1,"1.9",NA,NA,NA,NA,NA,2022,NA,NA,"YHW",2022-10-14,NA,70,"white",NA,NA,NA,NA,NA,NA,"N",NA,NA,NA,NA,1.04
2022-06-13,"BH","2.0","1.5","V",NA,NA,"0.99","2.6",1,"1.8",NA,NA,NA,NA,NA,2022,NA,NA,"YHW",2022-10-14,NA,NA,"white",NA,NA,NA,NA,NA,NA,"N",NA,NA,NA,NA,0.5
2022-06-13,"BH","2.0","1.5","V",41,26,"1.78","2.4",1,"1.3",NA,NA,NA,NA,NA,2022,NA,NA,"YHW",2022-10-14,NA,58,"white",NA,NA,NA,NA,NA,NA,"N",NA,NA,NA,NA,1.78
2022-06-13,"BH","2.0","2.0","V",26,13,"1.38","2.2",1,"1.1",NA,NA,NA,NA,NA,2022,NA,NA,"YHW",2022-10-14,NA,743,"white",NA,NA,NA,NA,NA,NA,"N",NA,NA,NA,NA,1.38
2022-06-13,"BH","2.0","2.0","V",28,12,"1.58","1.9",1,"1.5",NA,NA,NA,NA,NA,2022,NA,NA,"YHW",2022-10-14,NA,733,"white",NA,NA,NA,NA,NA,NA,"N",NA,NA,NA,NA,1.58
2022-06-13,"BH","2.0","2.0","V",36,19,"2.16","4.2",1,"1.9",NA,NA,NA,NA,NA,2022,NA,NA,"YHW",2022-10-14,NA,710,"white",NA,NA,NA,NA,NA,NA,"N",NA,NA,NA,NA,2.16
2022-06-13,"BH","2.0","2.0","V",38,22,"2.03","4.6",1,"2.8",NA,NA,NA,NA,NA,2022,NA,NA,"YHW",2022-10-14,NA,712,"white",NA,NA,NA,NA,NA,NA,"N",NA,NA,NA,NA,2.03
2022-06-13,"BH","2.0","2.0","V",37,22,"1.32","2.2",1,"1.1",NA,NA,NA,NA,NA,2022,NA,NA,"YHW",2022-10-14,NA,707,"white",NA,NA,NA,NA,NA,NA,"N",NA,NA,NA,NA,1.32
2022-06-13,"BH","2.0","2.0","V",36,24,"1.47","3.1",1,"2.0",NA,NA,NA,NA,NA,2022,NA,NA,"YHW",2022-10-14,NA,740,"white",NA,NA,NA,NA,NA,NA,"N",NA,NA,NA,NA,1.47
2022-06-13,"BH","2.0","2.0","V",21,47,"1.31","3.2",1,"1.8",NA,NA,NA,NA,NA,2022,NA,NA,"YHW",2022-10-14,NA,749,"white",NA,NA,NA,NA,NA,NA,"N",NA,NA,NA,NA,1.31
2022-06-13,"BH","2.0","2.0","V",NA,NA,"0.61","1.8",1,"0.8",NA,NA,NA,NA,NA,2022,NA,NA,"YHW",2022-10-14,NA,NA,"white",NA,NA,NA,NA,NA,NA,"N",NA,NA,NA,NA,0.5
2022-06-13,"BH","2.0","2.0","V",29,19,"1.58","2.2",1,"0.6",NA,NA,NA,NA,NA,2022,NA,NA,"YHW",2022-10-14,NA,747,"white",NA,NA,NA,NA,NA,NA,"N",NA,NA,NA,NA,1.58
2022-06-13,"BH","2.0","2.0","V",29,20,"1.48","1.1",1,"0.9",NA,NA,NA,NA,NA,2022,NA,NA,"YHW",2022-10-14,NA,700,"white",NA,NA,NA,NA,NA,NA,"N",NA,NA,NA,NA,1.48
2022-06-13,"BH","2.0","2.5","V",36,22,"1.68","1.9",1,"2.1",NA,NA,NA,NA,NA,2022,NA,NA,"YHW",2022-10-14,NA,738,"white",NA,NA,NA,NA,NA,NA,"N",NA,NA,NA,NA,1.68
2022-06-13,"BH","2.0","2.5","V",NA,NA,"0.99","0.9",1,"0.6",NA,NA,NA,NA,NA,2022,NA,NA,"YHW",2022-10-14,NA,NA,"white",NA,NA,NA,NA,NA,NA,"N",NA,NA,NA,NA,0.5
2022-06-13,"BH","2.0","2.5","V",NA,NA,"0.9","0.9",1,"0.5",NA,NA,NA,NA,NA,2022,NA,NA,"YHW",2022-10-14,NA,NA,"white",NA,NA,NA,NA,NA,NA,"N",NA,NA,NA,NA,0.5
2022-06-13,"BH","2.0","2.5","V",24,26,"1.16","1.4",1,"1.9",NA,NA,NA,NA,NA,2022,NA,NA,"YHW",2022-10-14,NA,714,"white",NA,NA,NA,NA,NA,NA,"N",NA,NA,NA,NA,1.16
2022-06-13,"BH","2.0","2.5","V",23,22,"1.4","1.6",1,"1.4",NA,NA,NA,NA,NA,2022,NA,NA,"YHW",2022-10-14,NA,708,"white",NA,NA,NA,NA,NA,NA,"N",NA,NA,NA,NA,1.4
2022-06-13,"BH","2.0","2.5","V",15,22,"1.38","0.7",1,"0.4",NA,NA,NA,NA,NA,2022,NA,NA,"YHW",2022-10-14,NA,704,"white",NA,NA,NA,NA,NA,NA,"N",NA,NA,NA,NA,1.38
2022-06-13,"BH","2.0","2.5","V",41,15,"1.35","2.8",1,"1.2",NA,NA,NA,NA,NA,2022,NA,NA,"YHW",2022-10-14,NA,715,"white",NA,NA,NA,NA,NA,NA,"N",NA,NA,NA,NA,1.35
2022-06-13,"BH","2.0","2.5","V",43,14,"1.98","1.0",1,"1.8",NA,NA,NA,NA,NA,2022,NA,NA,"YHW",2022-10-14,NA,703,"white",NA,NA,NA,NA,NA,NA,"N",NA,NA,NA,NA,1.98
2022-06-13,"BH","2.0","2.5","V",NA,NA,"0.72","1.2",1,"0.6",NA,NA,NA,NA,NA,2022,NA,NA,"YHW",2022-10-14,NA,NA,"white",NA,NA,NA,NA,NA,NA,"N",NA,NA,NA,NA,0.5
2022-06-13,"BH","2.0","2.5","V",42,12,"1.67","1.1",1,"1.4",NA,NA,NA,NA,NA,2022,NA,NA,"YHW",2022-10-14,NA,713,"white",NA,NA,NA,NA,NA,NA,"N",NA,NA,NA,NA,1.67
2022-06-13,"BH","2.0","3.0","V",29,11,"1.28","0.9",1,"1.4",NA,NA,NA,NA,NA,2022,NA,NA,"YHW",2022-10-14,NA,732,"white",NA,NA,NA,NA,NA,NA,"N",NA,NA,NA,NA,1.28
2022-06-13,"BH","2.0","3.0","V",35,11,"1.68","1.3",1,"1.9",NA,NA,NA,NA,NA,2022,NA,NA,"YHW",2022-10-14,NA,744,"white",NA,NA,NA,NA,NA,NA,"N",NA,NA,NA,NA,1.68
2022-06-13,"BH","2.0","3.0","V",1,10,"1.7","2.8",1,"2.1",NA,NA,NA,NA,NA,2022,NA,NA,"YHW",2022-10-14,NA,748,"white",NA,NA,NA,NA,NA,NA,"N",NA,NA,NA,NA,1.7
2022-06-13,"BH","2.0","3.0","V",9,21,"1.39","1.9",1,"1.3",NA,NA,NA,NA,NA,2022,NA,NA,"YHW",2022-10-14,NA,701,"white",NA,NA,NA,NA,NA,NA,"N",NA,NA,NA,NA,1.39
2022-06-13,"BH","2.0","3.0","V",9,27,"1.21","2.0",1,"1.6",NA,NA,NA,NA,NA,2022,NA,NA,"YHW",2022-10-14,NA,706,"white",NA,NA,NA,NA,NA,NA,"N",NA,NA,NA,NA,1.21
2022-06-13,"BH","2.0","3.0","V",9,28,"1.3","1.6",1,"1.1",NA,NA,NA,NA,NA,2022,NA,NA,"YHW",2022-10-14,NA,745,"white",NA,NA,NA,NA,NA,NA,"N",NA,NA,NA,NA,1.3
2022-06-13,"BH","2.0","3.0","V",3,23,"1.46","1.9",1,"1.1",NA,NA,NA,NA,NA,2022,NA,NA,"YHW",2022-10-14,NA,737,"white",NA,NA,NA,NA,NA,NA,"N",NA,NA,NA,NA,1.46
2022-06-13,"BH","2.0","3.0","V",2,24,"1.13","2.5",1,"1.3",NA,NA,NA,NA,NA,2022,NA,NA,"YHW",2022-10-14,NA,730,"white",NA,NA,NA,NA,NA,NA,"N",NA,NA,NA,NA,1.13
2022-06-13,"BH","2.0","3.0","V",NA,NA,"0.94","1.2",1,"1.1",NA,NA,NA,NA,NA,2022,NA,NA,"YHW",2022-10-14,NA,NA,"white",NA,NA,NA,NA,NA,NA,"N",NA,NA,NA,NA,0.5
2022-06-13,"BH","2.0","3.0","V",1,7,"1.79","1.8",1,"1.1",NA,NA,NA,NA,NA,2022,NA,NA,"YHW",2022-10-14,NA,705,"white",NA,NA,NA,NA,NA,NA,"N",NA,NA,NA,NA,1.79
2022-06-13,"BH","2.0","3.5","V",2,12,"1.03","1.1",1,"1.7",NA,NA,NA,NA,NA,2022,NA,NA,"YHW",2022-10-14,NA,741,"white",NA,NA,NA,NA,NA,NA,"N",NA,NA,NA,NA,1.03
2022-06-13,"BH","2.0","3.5","V",NA,NA,"0.92","0.9",1,"0.7",NA,NA,NA,NA,NA,2022,NA,NA,"YHW",2022-10-14,NA,NA,"white",NA,NA,NA,NA,NA,NA,"N",NA,NA,NA,NA,0.5
2022-06-13,"BH","2.0","3.5","V",NA,NA,"0.87","2.1",1,"1.3",NA,NA,NA,NA,NA,2022,NA,NA,"YHW",2022-10-14,NA,NA,"white",NA,NA,NA,NA,NA,NA,"N",NA,NA,NA,NA,0.5
2022-06-13,"BH","2.0","3.5","V",NA,NA,"0.86","2.9",1,"1.9",NA,NA,NA,NA,NA,2022,NA,NA,"YHW",2022-10-14,NA,NA,"white",NA,NA,NA,NA,NA,NA,"N",NA,NA,NA,NA,0.5
2022-06-13,"BH","2.0","3.5","V",NA,NA,"0.72","1.6",1,"0.8",NA,NA,NA,NA,NA,2022,NA,NA,"YHW",2022-10-14,NA,NA,"white",NA,NA,NA,NA,NA,NA,"N",NA,NA,NA,NA,0.5
2022-06-13,"BH","2.0","4.5","V",8,2,"1.27","2.7",1,"2.0",NA,NA,NA,NA,NA,2022,NA,NA,"YHW",2022-10-14,NA,48,"white",NA,NA,NA,NA,NA,NA,"N",NA,NA,NA,NA,1.27
2022-06-13,"BH","2.0","4.5","V",NA,NA,"0.46","4.2",1,"1.5",NA,NA,NA,NA,NA,2022,NA,NA,"YHW",2022-10-14,NA,NA,NA,NA,NA,NA,NA,NA,NA,"N",NA,NA,NA,NA,0.5
2022-06-13,"BH","2.0","4.0","V",2,13,"1.29","3.8",1,"2.0",NA,NA,NA,NA,NA,2022,NA,NA,"YHW",2022-10-14,NA,4,"white",NA,NA,NA,NA,NA,NA,"N",NA,NA,NA,NA,1.29
2022-06-13,"BH","2.0","4.0","V",NA,NA,"0.71","7.0",2,"3.0",NA,NA,NA,NA,NA,2022,NA,NA,"YHW",2022-10-14,NA,NA,NA,NA,NA,NA,NA,NA,NA,"N",NA,NA,NA,NA,0.5
2022-06-13,"BH","2.0","4.0","V",NA,NA,"0.81","1.0",1,"2.0",NA,NA,NA,NA,NA,2022,NA,NA,"YHW",2022-10-14,NA,NA,NA,NA,NA,NA,NA,NA,NA,"N",NA,NA,NA,NA,0.5
2022-06-13,"BH","2.0","4.0","V",NA,NA,"0.89","1.5",1,"2.5",NA,NA,NA,NA,NA,2022,NA,NA,"YHW",2022-10-14,NA,NA,NA,NA,NA,NA,NA,NA,NA,"N",NA,NA,NA,NA,0.5
2022-06-13,"BH","2.0","4.0","V",26,14,"1.32","8.5",1,"3.6",NA,NA,NA,NA,NA,2022,NA,NA,"YHW",2022-10-14,NA,100,"white",NA,NA,NA,NA,NA,NA,"N",NA,NA,NA,NA,1.32
2022-06-13,"BH","2.0","4.0","V",NA,NA,"0.92","6.9",1,"1.9",NA,NA,NA,NA,NA,2022,NA,NA,"YHW",2022-10-14,NA,NA,NA,NA,NA,NA,NA,NA,NA,"N",NA,NA,NA,NA,0.5
2022-06-13,"BH","2.0","4.0","V",8,22,"1.31","2.4",1,"2.1",NA,NA,NA,NA,NA,2022,NA,NA,"YHW",2022-10-14,NA,735,"white",NA,NA,NA,NA,NA,NA,"Y",NA,NA,NA,NA,1.31
2022-06-13,"BH","2.0","4.0","V",30,12,"1.86","4.8",1,"1.9",NA,NA,NA,NA,NA,2022,NA,NA,"YHW",2022-10-14,NA,711,"white",NA,NA,NA,NA,NA,NA,"N",NA,NA,NA,NA,1.86
2022-06-13,"BH","2.0","4.0","V",NA,NA,"0.86","1.2",1,"0.4",NA,NA,NA,NA,NA,2022,NA,NA,"YHW",2022-10-14,NA,NA,NA,NA,NA,NA,NA,NA,NA,"N",NA,NA,NA,NA,0.5
2022-06-13,"BH","2.0","4.0","V",NA,NA,"0.84","1.1",1,"1.2",NA,NA,NA,NA,NA,2022,NA,NA,"YHW",2022-10-14,NA,NA,NA,NA,NA,NA,NA,NA,NA,"N",NA,NA,NA,NA,0.5
2022-06-13,"BH","2.0","1.0","P",10,42,"11.93","132.0",2,NA,"0.0","56.0",10.1,2,NA,2022,NA,NA,"YHW",2022-10-16,NA,102,"purple",NA,NA,NA,NA,NA,NA,"N",NA,NA,NA,NA,11.93
2022-06-13,"BH","2.0","1.0","X",40,28,NA,NA,NA,NA,NA,NA,NA,NA,NA,2022,NA,NA,"YHW",2022-10-16,NA,61,"purple",NA,NA,NA,NA,NA,NA,NA,NA,NA,NA,NA,NA
2022-06-13,"BH","2.0","1.0","X",20,12,NA,NA,NA,NA,NA,NA,NA,NA,"plant missing",2022,NA,NA,"YHW",2022-10-16,NA,707,"purple",NA,NA,NA,NA,NA,NA,NA,NA,NA,NA,NA,NA
2022-06-13,"BH","2.0","1.0","X",20,16,NA,NA,NA,NA,NA,NA,NA,NA,"plant missing",2022,NA,NA,"YHW",2022-10-16,NA,23,"purple",NA,NA,NA,NA,NA,NA,NA,NA,NA,NA,NA,NA
2022-06-13,"BH","2.0","1.5","X",16,50,NA,NA,NA,NA,NA,NA,NA,NA,"plant missing",2022,NA,NA,"YHW",2022-10-16,NA,81,"purple",NA,NA,NA,NA,NA,NA,NA,NA,NA,NA,NA,NA
2022-06-13,"BH","2.0","1.5","X",20,41,NA,NA,NA,NA,NA,NA,NA,NA,"plant missing",2022,NA,NA,"YHW",2022-10-16,NA,105,"purple",NA,NA,NA,NA,NA,NA,NA,NA,NA,NA,NA,NA
2022-06-13,"BH","2.0","1.5","P",21,38,"7.51","88.0",3,NA,"0.0","32.0",8.2,2,NA,2022,NA,NA,"YHW",2022-10-16,NA,88,"purple",NA,NA,NA,NA,NA,NA,"Y",NA,NA,NA,NA,7.51
2022-06-13,"BH","2.0","1.5","X",35,22,NA,NA,NA,NA,NA,NA,NA,NA,"plant missing",2022,NA,NA,"YHW",2022-10-16,NA,704,"purple",NA,NA,NA,NA,NA,NA,NA,NA,NA,NA,NA,NA
2022-06-13,"BH","2.0","1.5","X",40,13,NA,NA,NA,NA,NA,NA,NA,NA,"plant missing, band missing",2022,NA,NA,"YHW",2022-10-16,NA,56,"purple",NA,NA,NA,NA,NA,NA,NA,NA,NA,NA,NA,NA
2022-06-13,"BH","2.0","1.5","X",40,9,NA,NA,NA,NA,NA,NA,NA,NA,"plant missing",2022,NA,NA,"YHW",2022-10-16,NA,104,"purple",NA,NA,NA,NA,NA,NA,NA,NA,NA,NA,NA,NA
2022-06-13,"BH","2.0","2.0","X",25,14,NA,NA,NA,NA,NA,NA,NA,NA,"plant missing",2022,NA,NA,"YHW",2022-10-16,NA,103,"purple",NA,NA,NA,NA,NA,NA,NA,NA,NA,NA,NA,NA
2022-06-13,"BH","2.0","2.0","X",17,50,NA,NA,NA,NA,NA,NA,NA,NA,"dead",2022,NA,NA,"YHW",2022-10-16,NA,83,"purple",NA,NA,NA,NA,NA,NA,NA,NA,NA,NA,NA,NA
2022-06-13,"BH","2.0","2.5","X",5,32,NA,NA,NA,NA,NA,NA,NA,NA,"dead",2022,NA,NA,"YHW",2022-10-16,NA,20,"purple",NA,NA,NA,NA,NA,NA,NA,NA,NA,NA,NA,NA
2022-06-13,"BH","2.0","2.5","X",28,45,NA,NA,NA,NA,NA,NA,NA,NA,"dead",2022,NA,NA,"YHW",2022-10-16,NA,26,"blue",NA,NA,NA,NA,NA,NA,NA,NA,NA,NA,NA,NA
2022-06-13,"BH","2.0","2.5","X",23,7,NA,NA,NA,NA,NA,NA,NA,NA,"plant missing",2022,NA,NA,"YHW",2022-10-16,NA,55,"blue",NA,NA,NA,NA,NA,NA,NA,NA,NA,NA,NA,NA
2022-06-13,"BH","2.0","2.5","X",36,2,NA,NA,NA,NA,NA,NA,NA,NA,"plant missing",2022,NA,NA,"YHW",2022-10-16,NA,98,"purple",NA,NA,NA,NA,NA,NA,NA,NA,NA,NA,NA,NA
2022-06-13,"BH","2.0","2.5","X",46,4,NA,NA,NA,NA,NA,NA,NA,NA,"plant missing",2022,NA,NA,"YHW",2022-10-16,NA,790,"purple",NA,NA,NA,NA,NA,NA,NA,NA,NA,NA,NA,NA
2022-06-13,"BH","2.0","3.0","X",13,24,NA,NA,NA,NA,NA,NA,NA,NA,"plant missing",2022,NA,NA,"YHW",2022-10-16,NA,26,"blue",NA,NA,NA,NA,NA,NA,NA,NA,NA,NA,NA,NA
2022-06-13,"BH","2.0","3.0","X",15,24,NA,NA,NA,NA,NA,NA,NA,NA,"plant missing",2022,NA,NA,"YHW",2022-10-16,NA,50,"purple",NA,NA,NA,NA,NA,NA,NA,NA,NA,NA,NA,NA
2022-06-13,"BH","2.0","3.0","X",17,22,NA,NA,NA,NA,NA,NA,NA,NA,"plant missing",2022,NA,NA,"YHW",2022-10-16,NA,30,"purple",NA,NA,NA,NA,NA,NA,NA,NA,NA,NA,NA,NA
2022-06-13,"BH","2.0","3.0","X",23,23,NA,NA,NA,NA,NA,NA,NA,NA,"plant missing",2022,NA,NA,"YHW",2022-10-16,NA,59,"purple",NA,NA,NA,NA,NA,NA,NA,NA,NA,NA,NA,NA
2022-06-13,"BH","2.0","3.0","X",26,21,NA,NA,NA,NA,NA,NA,NA,NA,"plant missing",2022,NA,NA,"YHW",2022-10-16,NA,107,"purple",NA,NA,NA,NA,NA,NA,NA,NA,NA,NA,NA,NA
2022-06-13,"BH","2.0","3.0","X",34,17,NA,NA,NA,NA,NA,NA,NA,NA,"plant missing",2022,NA,NA,"YHW",2022-10-16,NA,79,"purple",NA,NA,NA,NA,NA,NA,NA,NA,NA,NA,NA,NA
2022-06-13,"BH","2.0","3.5","X",14,11,NA,NA,NA,NA,NA,NA,NA,NA,"plant missing",2022,NA,NA,"YHW",2022-10-16,NA,74,"purple",NA,NA,NA,NA,NA,NA,NA,NA,NA,NA,NA,NA
2022-06-13,"BH","2.0","3.5","X",32,1,NA,NA,NA,NA,NA,NA,NA,NA,"plant missing, band moved",2022,NA,NA,"YHW",2022-10-16,NA,39,"purple",NA,NA,NA,NA,NA,NA,NA,NA,NA,NA,NA,NA
2022-06-13,"BH","2.0","4.0","X",NA,NA,NA,NA,NA,NA,NA,NA,NA,NA,"dead",2022,NA,NA,"YHW",2022-10-16,NA,NA,"purple",NA,NA,NA,NA,NA,NA,NA,NA,NA,NA,NA,NA
2022-06-13,"BH","2.0","1.5","X",15,38,NA,NA,NA,NA,NA,NA,NA,NA,"band found, plant missing",2022,NA,NA,"YHW",2022-10-16,NA,28,"red",NA,NA,NA,NA,NA,NA,NA,NA,NA,NA,NA,NA
2022-06-13,"BH","2.0","2.0","X",40,60,NA,NA,NA,NA,NA,NA,NA,NA,"dead",2022,NA,NA,"YHW",2022-10-16,NA,85,"red",NA,NA,NA,NA,NA,NA,NA,NA,NA,NA,NA,NA
2022-06-13,"BH","1.0","2.5","X",3,46,NA,NA,NA,NA,NA,NA,NA,NA,NA,2022,NA,NA,"YHW",2022-10-16,NA,44,"purple",NA,NA,NA,NA,NA,NA,NA,NA,NA,NA,NA,NA
2022-06-13,"BH","1.0","2.5","X",35,0,NA,NA,NA,NA,NA,NA,NA,NA,NA,2022,NA,NA,"YHW",2022-10-16,NA,49,"purple",NA,NA,NA,NA,NA,NA,NA,NA,NA,NA,NA,NA
2022-06-13,"BH","1.0","4.0","X",33,18,NA,NA,NA,NA,NA,NA,NA,NA,NA,2022,NA,NA,"YHW",2022-10-16,NA,33,"purple",NA,NA,NA,NA,NA,NA,NA,NA,NA,NA,NA,NA
2022-06-13,"BH","1.0","9.0","X",1,9,NA,NA,NA,NA,NA,NA,NA,NA,NA,2022,NA,NA,"YHW",2022-10-16,NA,78,"purple",NA,NA,NA,NA,NA,NA,NA,NA,NA,NA,NA,NA
2022-06-13,"BH","1.0","9.0","X",48,16,NA,NA,NA,NA,NA,NA,NA,NA,"no plant or band found",2022,NA,NA,"YHW",2022-10-16,NA,52,"purple",NA,NA,NA,NA,NA,NA,NA,NA,NA,NA,NA,NA
2022-06-13,"BH","1.0","9.0","X",45,15,NA,NA,NA,NA,NA,NA,NA,NA,NA,2022,NA,NA,"YHW",2022-10-16,NA,96,"purple",NA,NA,NA,NA,NA,NA,NA,NA,NA,NA,NA,NA
2022-06-13,"BH","1.0","9.5","B",48,28,"5.95","41.0",1,NA,"0.0","0.0",NA,1,NA,2022,NA,NA,"YHW",2022-10-16,NA,28,"purple",NA,NA,NA,NA,NA,NA,"Y",NA,NA,NA,NA,5.95
2022-06-13,"BH","1.0","0.0","V",NA,NA,"0.86","3.6",1,"1.6",NA,NA,NA,NA,NA,2022,NA,NA,"YHW",2022-10-16,NA,NA,NA,NA,NA,NA,NA,NA,NA,"N",NA,NA,NA,NA,0.5
2022-06-13,"BH","1.0","0.0","V",NA,NA,"0.91","2.5",1,"1.6",NA,NA,NA,NA,NA,2022,NA,NA,"YHW",2022-10-16,NA,NA,NA,NA,NA,NA,NA,NA,NA,"N",NA,NA,NA,NA,0.5
2022-06-13,"BH","1.0","0.0","V",28,39,"1.91","5.4",1,"2.9",NA,NA,NA,NA,NA,2022,NA,NA,"YHW",2022-10-16,NA,28,"white",NA,NA,NA,NA,NA,NA,"N",NA,NA,NA,NA,1.91
2022-06-13,"BH","1.0","0.0","V",28,42,"1.41","5.9",1,"2.2",NA,NA,NA,NA,NA,2022,NA,NA,"YHW",2022-10-16,NA,41,"white",NA,NA,NA,NA,NA,NA,"Y",NA,NA,NA,NA,1.41
2022-06-13,"BH","1.0","0.0","V",NA,NA,"0.9","1.8",1,"0.8",NA,NA,NA,NA,"wilted",2022,NA,NA,"YHW",2022-10-16,NA,NA,NA,NA,NA,NA,NA,NA,NA,"N",NA,NA,NA,NA,0.5
2022-06-13,"BH","1.0","0.5","V",NA,NA,"0.83","2.8",1,"1.3",NA,NA,NA,NA,"wilted",2022,NA,NA,"YHW",2022-10-16,NA,NA,NA,NA,NA,NA,NA,NA,NA,"N",NA,NA,NA,NA,0.5
2022-06-13,"BH","1.0","1.0","V",NA,NA,"0.67","1.9",1,"1.2",NA,NA,NA,NA,NA,2022,NA,NA,"YHW",2022-10-16,NA,NA,NA,NA,NA,NA,NA,NA,NA,"N",NA,NA,NA,NA,0.5
2022-06-13,"BH","1.0","1.0","X",NA,NA,NA,NA,NA,NA,NA,NA,NA,NA,"senescing v",2022,NA,NA,"YHW",2022-10-16,NA,NA,NA,NA,NA,NA,NA,NA,NA,NA,NA,NA,NA,NA,NA
2022-06-13,"BH","1.0","1.0","X",NA,NA,NA,NA,NA,NA,NA,NA,NA,NA,"senescing v",2022,NA,NA,"YHW",2022-10-16,NA,NA,NA,NA,NA,NA,NA,NA,NA,NA,NA,NA,NA,NA,NA
2022-06-13,"BH","1.0","1.5","V",18,0,"1.05","3.0",1,"1.3",NA,NA,NA,NA,NA,2022,NA,NA,"YHW",2022-10-16,NA,31,"white",NA,NA,NA,NA,NA,NA,"Y",NA,NA,NA,NA,1.05
2022-06-13,"BH","1.0","1.5","V",20,0,"1.87","5.8",1,"2.0",NA,NA,NA,NA,NA,2022,NA,NA,"YHW",2022-10-16,NA,36,"white",NA,NA,NA,NA,NA,NA,"Y",NA,NA,NA,NA,1.87
2022-06-13,"BH","1.0","1.5","V",30,1,"1.24","6.0",1,"2.4",NA,NA,NA,NA,NA,2022,NA,NA,"YHW",2022-10-16,NA,27,"white",NA,NA,NA,NA,NA,NA,"Y",NA,NA,NA,NA,1.24
2022-06-13,"BH","1.0","2.0","V",NA,NA,"0.66","2.7",1,"1.4",NA,NA,NA,NA,NA,2022,NA,NA,"YHW",2022-10-16,NA,NA,NA,NA,NA,NA,NA,NA,NA,"N",NA,NA,NA,NA,0.5
2022-06-13,"BH","1.0","2.0","V",NA,NA,"0.59","5.8",1,"1.1",NA,NA,NA,NA,NA,2022,NA,NA,"YHW",2022-10-16,NA,NA,NA,NA,NA,NA,NA,NA,NA,"Y",NA,NA,NA,NA,0.5
2022-06-13,"BH","1.0","2.0","V",28,20,"1.26","6.8",1,"2.3",NA,NA,NA,NA,NA,2022,NA,NA,"YHW",2022-10-16,NA,37,"white",NA,NA,NA,NA,NA,NA,"Y",NA,NA,NA,NA,1.26
2022-06-13,"BH","1.0","2.0","V",30,16,"1.26","3.4",1,"2.0",NA,NA,NA,NA,NA,2022,NA,NA,"YHW",2022-10-16,NA,26,"white",NA,NA,NA,NA,NA,NA,"N",NA,NA,NA,NA,1.26
2022-06-13,"BH","1.0","2.0","V",32,18,"1.43","6.2",1,"2.8",NA,NA,NA,NA,NA,2022,NA,NA,"YHW",2022-10-16,NA,39,"white",NA,NA,NA,NA,NA,NA,"N",NA,NA,NA,NA,1.43
2022-06-13,"BH","1.0","1.0","X",NA,NA,NA,NA,NA,NA,NA,NA,NA,NA,NA,2022,NA,NA,"YHW",2022-10-16,NA,NA,NA,NA,NA,NA,NA,NA,NA,NA,NA,NA,NA,NA,NA
2022-06-13,"BH","1.0","2.5","V",1,41,"1.18","2.8",1,"1.2",NA,NA,NA,NA,NA,2022,NA,NA,"YHW",2022-10-16,NA,32,"white",NA,NA,NA,NA,NA,NA,"Y",NA,NA,NA,NA,1.18
2022-06-13,"BH","1.0","2.5","V",NA,NA,"0.58","1.3",1,"0.4",NA,NA,NA,NA,NA,2022,NA,NA,"YHW",2022-10-16,NA,NA,NA,NA,NA,NA,NA,NA,NA,"N",NA,NA,NA,NA,0.5
2022-06-13,"BH","1.0","2.5","V",20,43,"2.0","8.7",1,"3.4",NA,NA,NA,NA,NA,2022,NA,NA,"YHW",2022-10-16,NA,34,"white",NA,NA,NA,NA,NA,NA,"Y",NA,NA,NA,NA,2
2022-06-13,"BH","1.0","2.5","V",28,44,"1.72","5.4",1,"3.0",NA,NA,NA,NA,NA,2022,NA,NA,"YHW",2022-10-20,NA,45,"white",NA,NA,NA,NA,NA,NA,"Y",NA,NA,NA,NA,1.72
2022-06-13,"BH","1.0","2.5","V",NA,NA,"0.49","1.9",1,"0.9",NA,NA,NA,NA,NA,2022,NA,NA,"YHW",2022-10-20,NA,NA,NA,NA,NA,NA,NA,NA,NA,"Y",NA,NA,NA,NA,0.5
2022-06-13,"BH","1.0","2.5","V",NA,NA,"0.82","3.1",1,"1.3",NA,NA,NA,NA,NA,2022,NA,NA,"YHW",2022-10-20,NA,NA,NA,NA,NA,NA,NA,NA,NA,"N",NA,NA,NA,NA,0.5
2022-06-13,"BH","1.0","2.5","V",NA,NA,"0.35","2.0",1,"0.6",NA,NA,NA,NA,NA,2022,NA,NA,"YHW",2022-10-20,NA,NA,NA,NA,NA,NA,NA,NA,NA,"N",NA,NA,NA,NA,0.5
2022-06-13,"BH","1.0","2.5","X",NA,NA,NA,NA,NA,NA,NA,NA,NA,NA,NA,2022,NA,NA,"YHW",2022-10-20,NA,NA,NA,NA,NA,NA,NA,NA,NA,NA,NA,NA,NA,NA,NA
2022-06-13,"BH","1.0","2.5","V",NA,NA,"0.97","2.9",1,"1.6",NA,NA,NA,NA,NA,2022,NA,NA,"YHW",2022-10-20,NA,NA,NA,NA,NA,NA,NA,NA,NA,"Y",NA,NA,NA,NA,0.5
2022-06-13,"BH","1.0","2.5","V",42,48,"1.65","7.1",1,"2.6",NA,NA,NA,NA,NA,2022,NA,NA,"YHW",2022-10-20,NA,43,"white",NA,NA,NA,NA,NA,NA,"Y",NA,NA,NA,NA,1.65
2022-06-13,"BH","1.0","2.5","V",40,50,"1.64","9.4",1,"2.8",NA,NA,NA,NA,NA,2022,NA,NA,"YHW",2022-10-20,NA,44,"white",NA,NA,NA,NA,NA,NA,"N",NA,NA,NA,NA,1.64
2022-06-13,"BH","1.0","2.5","V",NA,NA,"0.8","1.6",1,"1.3",NA,NA,NA,NA,NA,2022,NA,NA,"YHW",2022-10-20,NA,NA,NA,NA,NA,NA,NA,NA,NA,"N",NA,NA,NA,NA,0.5
2022-06-13,"BH","1.0","2.5","X",NA,NA,NA,NA,NA,NA,NA,NA,NA,NA,NA,2022,NA,NA,"YHW",2022-10-20,NA,NA,NA,NA,NA,NA,NA,NA,NA,NA,NA,NA,NA,NA,NA
2022-06-13,"BH","1.0","3.0","V",NA,NA,"0.83","2.2",1,"1.3",NA,NA,NA,NA,NA,2022,NA,NA,"YHW",2022-10-20,NA,NA,NA,NA,NA,NA,NA,NA,NA,"N",NA,NA,NA,NA,0.5
2022-06-13,"BH","1.0","3.0","V",NA,NA,"0.87","1.2",1,"1.4",NA,NA,NA,NA,NA,2022,NA,NA,"YHW",2022-10-20,NA,NA,NA,NA,NA,NA,NA,NA,NA,"N",NA,NA,NA,NA,0.5
2022-06-13,"BH","1.0","3.0","V",NA,NA,"0.73","1.4",1,"1.1",NA,NA,NA,NA,NA,2022,NA,NA,"YHW",2022-10-20,NA,NA,NA,NA,NA,NA,NA,NA,NA,"N",NA,NA,NA,NA,0.5
2022-06-13,"BH","1.0","3.0","X",NA,NA,NA,NA,NA,NA,NA,NA,NA,NA,NA,2022,NA,NA,"YHW",2022-10-20,NA,NA,NA,NA,NA,NA,NA,NA,NA,NA,NA,NA,NA,NA,NA
2022-06-13,"BH","1.0","3.0","V",NA,NA,"0.93","3.4",1,"2.4",NA,NA,NA,NA,NA,2022,NA,NA,"YHW",2022-10-20,NA,NA,NA,NA,NA,NA,NA,NA,NA,"Y",NA,NA,NA,NA,0.5
2022-06-13,"BH","1.0","3.0","X",NA,NA,NA,NA,NA,NA,NA,NA,NA,NA,NA,2022,NA,NA,"YHW",2022-10-20,NA,NA,NA,NA,NA,NA,NA,NA,NA,NA,NA,NA,NA,NA,NA
2022-06-13,"BH","1.0","3.0","X",NA,NA,NA,NA,NA,NA,NA,NA,NA,NA,NA,2022,NA,NA,"YHW",2022-10-20,NA,NA,NA,NA,NA,NA,NA,NA,NA,NA,NA,NA,NA,NA,NA
2022-06-13,"BH","1.0","3.0","X",NA,NA,NA,NA,NA,NA,NA,NA,NA,NA,NA,2022,NA,NA,"YHW",2022-10-20,NA,NA,NA,NA,NA,NA,NA,NA,NA,NA,NA,NA,NA,NA,NA
2022-06-13,"BH","1.0","3.0","X",NA,NA,NA,NA,NA,NA,NA,NA,NA,NA,NA,2022,NA,NA,"YHW",2022-10-20,NA,NA,NA,NA,NA,NA,NA,NA,NA,NA,NA,NA,NA,NA,NA
2022-06-13,"BH","1.0","3.0","V",NA,NA,"0.93","3.1",1,"1.6",NA,NA,NA,NA,NA,2022,NA,NA,"YHW",2022-10-20,NA,NA,NA,NA,NA,NA,NA,NA,NA,"Y",NA,NA,NA,NA,0.5
2022-06-13,"BH","1.0","3.0","V",NA,NA,"0.67","2.2",1,"1.3",NA,NA,NA,NA,NA,2022,NA,NA,"YHW",2022-10-20,NA,NA,NA,NA,NA,NA,NA,NA,NA,"Y",NA,NA,NA,NA,0.5
2022-06-13,"BH","1.0","3.0","V",NA,NA,"0.88","3.3",1,"2.2",NA,NA,NA,NA,NA,2022,NA,NA,"YHW",2022-10-20,NA,NA,NA,NA,NA,NA,NA,NA,NA,"N",NA,NA,NA,NA,0.5
2022-06-13,"BH","1.0","3.0","V",NA,NA,"0.45","3.1",1,"1.7",NA,NA,NA,NA,NA,2022,NA,NA,"YHW",2022-10-20,NA,NA,NA,NA,NA,NA,NA,NA,NA,"Y",NA,NA,NA,NA,0.5
2022-06-13,"BH","1.0","3.0","V",29,28,"1.03","2.6",1,"1.8",NA,NA,NA,NA,NA,2022,NA,NA,"YHW",2022-10-20,NA,42,"white",NA,NA,NA,NA,NA,NA,"Y",NA,NA,NA,NA,1.03
2022-06-13,"BH","1.0","3.0","V",NA,NA,"0.63","2.9",1,"1.1",NA,NA,NA,NA,NA,2022,NA,NA,"YHW",2022-10-20,NA,NA,NA,NA,NA,NA,NA,NA,NA,"Y",NA,NA,NA,NA,0.5
2022-06-13,"BH","1.0","3.0","V",NA,NA,"0.67","5.2",1,"1.3",NA,NA,NA,NA,NA,2022,NA,NA,"YHW",2022-10-20,NA,NA,NA,NA,NA,NA,NA,NA,NA,"N",NA,NA,NA,NA,0.5
2022-06-13,"BH","1.0","3.0","X",NA,NA,NA,NA,NA,NA,NA,NA,NA,NA,NA,2022,NA,NA,"YHW",2022-10-20,NA,NA,NA,NA,NA,NA,NA,NA,NA,NA,NA,NA,NA,NA,NA
2022-06-13,"BH","1.0","3.0","X",NA,NA,NA,NA,NA,NA,NA,NA,NA,NA,NA,2022,NA,NA,"YHW",2022-10-20,NA,NA,NA,NA,NA,NA,NA,NA,NA,NA,NA,NA,NA,NA,NA
2022-06-13,"BH","1.0","3.0","V",NA,NA,"0.64","4.3",1,"1.4",NA,NA,NA,NA,NA,2022,NA,NA,"YHW",2022-10-20,NA,NA,NA,NA,NA,NA,NA,NA,NA,"Y",NA,NA,NA,NA,0.5
2022-06-13,"BH","1.0","3.0","V",NA,NA,"0.48","4.1",1,"1.2",NA,NA,NA,NA,NA,2022,NA,NA,"YHW",2022-10-20,NA,NA,NA,NA,NA,NA,NA,NA,NA,"Y",NA,NA,NA,NA,0.5
2022-06-13,"BH","1.0","3.0","V",NA,NA,"<1","4.8",1,"0.8",NA,NA,NA,NA,NA,2022,NA,NA,"YHW",2022-10-20,NA,NA,NA,NA,NA,NA,NA,NA,NA,"N",NA,NA,NA,NA,0.5
2022-06-13,"BH","1.0","3.0","V",NA,NA,"<1","6.9",1,"0.6",NA,NA,NA,NA,NA,2022,NA,NA,"YHW",2022-10-20,NA,NA,NA,NA,NA,NA,NA,NA,NA,"N",NA,NA,NA,NA,0.5
2022-06-13,"BH","1.0","3.0","V",NA,NA,"<1","8.9",1,"1.1",NA,NA,NA,NA,NA,2022,NA,NA,"YHW",2022-10-20,NA,NA,NA,NA,NA,NA,NA,NA,NA,"N",NA,NA,NA,NA,0.5
2022-06-13,"BH","1.0","3.0","V",NA,NA,"<1","8.6",1,"1.2",NA,NA,NA,NA,NA,2022,NA,NA,"YHW",2022-10-20,NA,NA,NA,NA,NA,NA,NA,NA,NA,"N",NA,NA,NA,NA,0.5
2022-06-13,"BH","1.0","3.0","X",NA,NA,NA,NA,NA,NA,NA,NA,NA,NA,NA,2022,NA,NA,"YHW",2022-10-20,NA,NA,NA,NA,NA,NA,NA,NA,NA,NA,NA,NA,NA,NA,NA
2022-06-13,"BH","1.0","3.0","X",NA,NA,NA,NA,NA,NA,NA,NA,NA,NA,NA,2022,NA,NA,"YHW",2022-10-20,NA,NA,NA,NA,NA,NA,NA,NA,NA,NA,NA,NA,NA,NA,NA
2022-06-13,"BH","1.0","3.0","V",NA,NA,"<1","6.3",1,"1.1",NA,NA,NA,NA,NA,2022,NA,NA,"YHW",2022-10-20,NA,NA,NA,NA,NA,NA,NA,NA,NA,"N",NA,NA,NA,NA,0.5
2022-06-13,"BH","1.0","3.0","V",48,49,"1.58","11.4",1,"2.6",NA,NA,NA,NA,NA,2022,NA,NA,"YHW",2022-10-20,NA,38,"white",NA,NA,NA,NA,NA,NA,"Y",NA,NA,NA,NA,1.58
2022-06-13,"BH","1.0","3.0","V",47,48,"1.31","11.3",1,"2.4",NA,NA,NA,NA,NA,2022,NA,NA,"YHW",2022-10-20,NA,29,"white",NA,NA,NA,NA,NA,NA,"N",NA,NA,NA,NA,1.31
2022-06-13,"BH","1.0","3.0","V",48,51,"1.55","9.2",1,"1.9",NA,NA,NA,NA,NA,2022,NA,NA,"YHW",2022-10-20,NA,46,"white",NA,NA,NA,NA,NA,NA,"Y",NA,NA,NA,NA,1.55
2022-06-13,"BH","1.0","3.0","V",48,50,"1.23","10.3",1,"2.7",NA,NA,NA,NA,NA,2022,NA,NA,"YHW",2022-10-20,NA,40,"white",NA,NA,NA,NA,NA,NA,"Y",NA,NA,NA,NA,1.23
2022-06-13,"BH","1.0","3.5","V",NA,NA,"<1","2.6",1,"1.9",NA,NA,NA,NA,NA,2022,NA,NA,"YHW",2022-10-20,NA,NA,NA,NA,NA,NA,NA,NA,NA,"N",NA,NA,NA,NA,0.5
2022-06-13,"BH","1.0","3.5","V",NA,NA,"<1","3.8",1,"1.2",NA,NA,NA,NA,NA,2022,NA,NA,"YHW",2022-10-20,NA,NA,NA,NA,NA,NA,NA,NA,NA,"Y",NA,NA,NA,NA,0.5
2022-06-13,"BH","1.0","3.5","V",33,16,"3.23","12.5",1,"3.6",NA,NA,NA,NA,NA,2022,NA,NA,"YHW",2022-10-20,NA,30,"white",NA,NA,NA,NA,NA,NA,"Y",NA,NA,NA,NA,3.23
2022-06-13,"BH","1.0","4.0","V",NA,NA,"<1","4.5",1,"1.4",NA,NA,NA,NA,NA,2022,NA,NA,"YHW",2022-10-20,NA,NA,NA,NA,NA,NA,NA,NA,NA,"N",NA,NA,NA,NA,0.5
2022-06-13,"BH","1.0","4.0","V",NA,NA,"<1","4.1",1,"1.7",NA,NA,NA,NA,NA,2022,NA,NA,"YHW",2022-10-20,NA,NA,NA,NA,NA,NA,NA,NA,NA,"Y",NA,NA,NA,NA,0.5
2022-06-13,"BH","1.0","4.0","X",NA,NA,NA,NA,NA,NA,NA,NA,NA,NA,NA,2022,NA,NA,"YHW",2022-10-20,NA,NA,NA,NA,NA,NA,NA,NA,NA,NA,NA,NA,NA,NA,NA
2022-06-13,"BH","1.0","4.0","X",NA,NA,NA,NA,NA,NA,NA,NA,NA,NA,NA,2022,NA,NA,"YHW",2022-10-20,NA,NA,NA,NA,NA,NA,NA,NA,NA,NA,NA,NA,NA,NA,NA
2022-06-13,"BH","1.0","4.0","X",NA,NA,NA,NA,NA,NA,NA,NA,NA,NA,NA,2022,NA,NA,"YHW",2022-10-20,NA,NA,NA,NA,NA,NA,NA,NA,NA,NA,NA,NA,NA,NA,NA
2022-06-13,"BH","1.0","4.0","X",NA,NA,NA,NA,NA,NA,NA,NA,NA,NA,NA,2022,NA,NA,"YHW",2022-10-20,NA,NA,NA,NA,NA,NA,NA,NA,NA,NA,NA,NA,NA,NA,NA
2022-06-13,"BH","1.0","4.0","V",NA,NA,"<1","4.1",1,"0.9",NA,NA,NA,NA,NA,2022,NA,NA,"YHW",2022-10-20,NA,NA,NA,NA,NA,NA,NA,NA,NA,"Y",NA,NA,NA,NA,0.5
2022-06-13,"BH","1.0","4.0","V",21,24,"1.18","8.1",1,"2.8",NA,NA,NA,NA,NA,2022,NA,NA,"YHW",2022-10-20,NA,35,"white",NA,NA,NA,NA,NA,NA,"Y",NA,NA,NA,NA,1.18
2022-06-13,"BH","1.0","4.0","V",NA,NA,"<1","4.2",1,"1.0",NA,NA,NA,NA,NA,2022,NA,NA,"YHW",2022-10-20,NA,NA,NA,NA,NA,NA,NA,NA,NA,"N",NA,NA,NA,NA,0.5
2022-06-13,"BH","1.0","4.0","X",NA,NA,NA,NA,NA,NA,NA,NA,NA,NA,NA,2022,NA,NA,"YHW",2022-10-20,NA,NA,NA,NA,NA,NA,NA,NA,NA,NA,NA,NA,NA,NA,NA
2022-06-13,"BH","1.0","4.5","V",6,29,"1.14","5.9",1,"2.2",NA,NA,NA,NA,NA,2022,NA,NA,"YHW",2022-10-20,NA,33,"white",NA,NA,NA,NA,NA,NA,"N",NA,NA,NA,NA,1.14
2022-06-13,"BH","1.0","4.5","V",23,16,"1.08","4.7",1,"1.4",NA,NA,NA,NA,NA,2022,NA,NA,"YHW",2022-10-20,NA,53,"white",NA,NA,NA,NA,NA,NA,NA,NA,NA,NA,NA,1.08
2022-06-13,"BH","1.0","4.5","X",NA,NA,NA,NA,NA,NA,NA,NA,NA,NA,NA,2022,NA,NA,"YHW",2022-10-20,NA,NA,NA,NA,NA,NA,NA,NA,NA,NA,NA,NA,NA,NA,NA
2022-06-13,"BH","1.0","4.5","V",NA,NA,"<1","4.2",1,"2.8",NA,NA,NA,NA,NA,2022,NA,NA,"YHW",2022-10-20,NA,NA,NA,NA,NA,NA,NA,NA,NA,"Y",NA,NA,NA,NA,0.5
2022-06-13,"BH","1.0","4.5","V",NA,NA,"<1","2.9",1,"1.7",NA,NA,NA,NA,NA,2022,NA,NA,"YHW",2022-10-20,NA,NA,NA,NA,NA,NA,NA,NA,NA,"Y",NA,NA,NA,NA,0.5
2022-06-13,"BH","1.0","5.0",NA,NA,NA,NA,NA,NA,NA,NA,NA,NA,NA,"no plant",2022,NA,NA,"YHW",2022-10-20,NA,NA,NA,NA,NA,NA,NA,NA,NA,NA,NA,NA,NA,NA,NA
2022-06-13,"BH","1.0","5.5","V",NA,NA,"<1","3.5",1,"1.6",NA,NA,NA,NA,NA,2022,NA,NA,"YHW",2022-10-20,NA,NA,NA,NA,NA,NA,NA,NA,NA,"N",NA,NA,NA,NA,0.5
2022-06-13,"BH","1.0","5.5","V",49,45,"1.38","4.6",1,"2.9",NA,NA,NA,NA,NA,2022,NA,NA,"YHW",2022-10-20,NA,67,"white",NA,NA,NA,NA,NA,NA,"Y",NA,NA,NA,NA,1.38
2022-06-13,"BH","1.0","6.0","V",6,3,"2.04","9.5",1,"3.5",NA,NA,NA,NA,NA,2022,NA,NA,"YHW",2022-10-20,NA,97,"white",NA,NA,NA,NA,NA,NA,"Y",NA,NA,NA,NA,2.04
2022-06-13,"BH","1.0","6.0","F",5,6,"3.83","35.0",1,NA,"4.0","0.0",NA,1,NA,2022,NA,NA,"YHW",2022-10-20,NA,55,"white",NA,NA,NA,NA,NA,NA,"Y",NA,NA,NA,NA,3.83
2022-06-13,"BH","1.0","6.0","V",8,10,"2.6","16.0",1,"4.8",NA,NA,NA,NA,NA,2022,NA,NA,"YHW",2022-10-20,NA,64,"white",NA,NA,NA,NA,NA,NA,"Y",NA,NA,NA,NA,2.6
2022-06-13,"BH","1.0","6.0","V",10,11,"4.48","21.0",1,"6.7",NA,NA,NA,NA,NA,2022,NA,NA,"YHW",2022-10-20,NA,54,"white",NA,NA,NA,NA,NA,NA,"Y",NA,NA,NA,NA,4.48
2022-06-13,"BH","1.0","6.0","V",4,2,"1.99","7.5",1,"2.7",NA,NA,NA,NA,NA,2022,NA,NA,"YHW",2022-10-20,NA,52,"white",NA,NA,NA,NA,NA,NA,"Y",NA,NA,NA,NA,1.99
2022-06-13,"BH","1.0","6.0","X",NA,NA,NA,NA,NA,NA,NA,NA,NA,NA,NA,2022,NA,NA,"YHW",2022-10-20,NA,NA,NA,NA,NA,NA,NA,NA,NA,NA,NA,NA,NA,NA,NA
2022-06-13,"BH","1.0","6.0","V",14,16,"1.67","5.6",1,"3.2",NA,NA,NA,NA,NA,2022,NA,NA,"YHW",2022-10-20,NA,63,"white",NA,NA,NA,NA,NA,NA,"Y",NA,NA,NA,NA,1.67
2022-06-13,"BH","1.0","6.0","X",NA,NA,NA,NA,NA,NA,NA,NA,NA,NA,NA,2022,NA,NA,"YHW",2022-10-20,NA,NA,NA,NA,NA,NA,NA,NA,NA,NA,NA,NA,NA,NA,NA
2022-06-13,"BH","1.0","6.0","X",NA,NA,NA,NA,NA,NA,NA,NA,NA,NA,NA,2022,NA,NA,"YHW",2022-10-20,NA,NA,NA,NA,NA,NA,NA,NA,NA,NA,NA,NA,NA,NA,NA
2022-06-13,"BH","1.0","6.0","X",NA,NA,NA,NA,NA,NA,NA,NA,NA,NA,NA,2022,NA,NA,"YHW",2022-10-20,NA,NA,NA,NA,NA,NA,NA,NA,NA,NA,NA,NA,NA,NA,NA
2022-06-13,"BH","1.0","6.0","X",NA,NA,NA,NA,NA,NA,NA,NA,NA,NA,NA,2022,NA,NA,"YHW",2022-10-20,NA,NA,NA,NA,NA,NA,NA,NA,NA,NA,NA,NA,NA,NA,NA
2022-06-13,"BH","1.0","6.0","X",NA,NA,NA,NA,NA,NA,NA,NA,NA,NA,NA,2022,NA,NA,"YHW",2022-10-20,NA,NA,NA,NA,NA,NA,NA,NA,NA,NA,NA,NA,NA,NA,NA
2022-06-13,"BH","1.0","6.0","V",31,42,"2.59","10.2",1,"4.1",NA,NA,NA,NA,NA,2022,NA,NA,"YHW",2022-10-20,NA,96,"white",NA,NA,NA,NA,NA,NA,"Y",NA,NA,NA,NA,2.59
2022-06-13,"BH","1.0","6.0","X",NA,NA,NA,NA,NA,NA,NA,NA,NA,NA,NA,2022,NA,NA,"YHW",2022-10-20,NA,NA,NA,NA,NA,NA,NA,NA,NA,NA,NA,NA,NA,NA,NA
2022-06-13,"BH","1.0","6.0","X",NA,NA,NA,NA,NA,NA,NA,NA,NA,NA,NA,2022,NA,NA,"YHW",2022-10-20,NA,NA,NA,NA,NA,NA,NA,NA,NA,NA,NA,NA,NA,NA,NA
2022-06-13,"BH","1.0","6.5","V",3,42,"1.17","2.7",1,"2.0",NA,NA,NA,NA,NA,2022,NA,NA,"YHW",2022-10-20,NA,200,"white",NA,NA,NA,NA,NA,NA,"Y",NA,NA,NA,NA,1.17
2022-06-13,"BH","1.0","6.5","V",NA,NA,"<1","3.5",1,"1.1",NA,NA,NA,NA,NA,2022,NA,NA,"YHW",2022-10-20,NA,NA,NA,NA,NA,NA,NA,NA,NA,"N",NA,NA,NA,NA,0.5
2022-06-13,"BH","1.0","7.0","V",13,28,"1.41","8.7",1,"2.3",NA,NA,NA,NA,NA,2022,NA,NA,"YHW",2022-10-20,NA,300,"white",NA,NA,NA,NA,NA,NA,"Y",NA,NA,NA,NA,1.41
2022-06-13,"BH","1.0","7.0","V",NA,NA,"<1","3.5",1,"2.2",NA,NA,NA,NA,NA,2022,NA,NA,"YHW",2022-10-20,NA,NA,NA,NA,NA,NA,NA,NA,NA,"N",NA,NA,NA,NA,0.5
2022-06-13,"BH","1.0","7.0","V",28,29,"1.91","7.5",1,"3.3",NA,NA,NA,NA,NA,2022,NA,NA,"YHW",2022-10-20,NA,212,"white",NA,NA,NA,NA,NA,NA,"N",NA,NA,NA,NA,1.91
2022-06-13,"BH","1.0","7.0","V",NA,NA,"<1","8.1",1,"2.2",NA,NA,NA,NA,NA,2022,NA,NA,"YHW",2022-10-20,NA,NA,NA,NA,NA,NA,NA,NA,NA,"Y",NA,NA,NA,NA,0.5
2022-06-13,"BH","1.0","7.0","V",37,40,"1.47","5.4",1,"3.1",NA,NA,NA,NA,NA,2022,NA,NA,"YHW",2022-10-20,NA,213,"white",NA,NA,NA,NA,NA,NA,"Y",NA,NA,NA,NA,1.47
2022-06-13,"BH","1.0","7.0","V",49,39,"1.16","2.7",1,"1.4",NA,NA,NA,NA,NA,2022,NA,NA,"YHW",2022-10-20,NA,203,"white",NA,NA,NA,NA,NA,NA,"Y",NA,NA,NA,NA,1.16
2022-06-13,"BH","1.0","7.5","V",9,24,"1.47","4.6",1,"2.6",NA,NA,NA,NA,NA,2022,NA,NA,"YHW",2022-10-20,NA,202,"white",NA,NA,NA,NA,NA,NA,"N",NA,NA,NA,NA,1.47
2022-06-13,"BH","1.0","7.5","V",12,23,"2.51","7.2",1,"3.9",NA,NA,NA,NA,NA,2022,NA,NA,"YHW",2022-11-03,NA,205,"white",NA,NA,NA,NA,NA,NA,"Y",NA,NA,NA,NA,2.51
2022-06-13,"BH","1.0","7.5","V",15,22,"1.63","6.2",1,"2.7",NA,NA,NA,NA,NA,2022,NA,NA,"YHW",2022-11-03,NA,206,"white",NA,NA,NA,NA,NA,NA,"Y",NA,NA,NA,NA,1.63
2022-06-13,"BH","1.0","7.5","V",NA,NA,"<1","2.7",1,"1.0",NA,NA,NA,NA,NA,2022,NA,NA,"YHW",2022-11-03,NA,NA,NA,NA,NA,NA,NA,NA,NA,"N",NA,NA,NA,NA,0.5
2022-06-13,"BH","1.0","7.5","V",NA,NA,"<1","1.8",1,"1.2",NA,NA,NA,NA,NA,2022,NA,NA,"YHW",2022-11-03,NA,NA,NA,NA,NA,NA,NA,NA,NA,"Y",NA,NA,NA,NA,0.5
2022-06-13,"BH","1.0","7.5","V",NA,NA,"<1","5.2",1,"1.4",NA,NA,NA,NA,NA,2022,NA,NA,"YHW",2022-11-03,NA,NA,NA,NA,NA,NA,NA,NA,NA,"N",NA,NA,NA,NA,0.5
2022-06-13,"BH","1.0","7.5","X",NA,NA,NA,NA,NA,NA,NA,NA,NA,NA,NA,2022,NA,NA,"YHW",2022-11-03,NA,NA,NA,NA,NA,NA,NA,NA,NA,NA,NA,NA,NA,NA,NA
2022-06-13,"BH","1.0","7.5","V",NA,NA,"<1","2.9",1,"1.2",NA,NA,NA,NA,NA,2022,NA,NA,"YHW",2022-11-03,NA,NA,NA,NA,NA,NA,NA,NA,NA,"Y",NA,NA,NA,NA,0.5
2022-06-13,"BH","1.0","7.5","V",NA,NA,"<1","5.3",1,"1.4",NA,NA,NA,NA,NA,2022,NA,NA,"YHW",2022-11-03,NA,NA,NA,NA,NA,NA,NA,NA,NA,"Y",NA,NA,NA,NA,0.5
2022-06-13,"BH","1.0","7.5","V",23,24,"1.6","8.3",1,"2.2",NA,NA,NA,NA,NA,2022,NA,NA,"YHW",2022-11-03,NA,211,"white",NA,NA,NA,NA,NA,NA,"N",NA,NA,NA,NA,1.6
2022-06-13,"BH","1.0","7.5","V",49,20,"1.43","5.4",1,"2.9",NA,NA,NA,NA,NA,2022,NA,NA,"YHW",2022-11-03,NA,217,"white",NA,NA,NA,NA,NA,NA,"Y",NA,NA,NA,NA,1.43
2022-06-13,"BH","1.0","7.5","V",50,33,"2.27","9.3",1,"4.1",NA,NA,NA,NA,NA,2022,NA,NA,"YHW",2022-11-03,NA,214,"white",NA,NA,NA,NA,NA,NA,"N",NA,NA,NA,NA,2.27
2022-06-13,"BH","1.0","7.5","V",49,34,"1.21","8.4",1,"2.7",NA,NA,NA,NA,NA,2022,NA,NA,"YHW",2022-11-03,NA,216,"white",NA,NA,NA,NA,NA,NA,"Y",NA,NA,NA,NA,1.21
2022-06-13,"BH","1.0","7.5","V",NA,NA,"<1","5.6",1,"1.1",NA,NA,NA,NA,NA,2022,NA,NA,"YHW",2022-11-03,NA,NA,NA,NA,NA,NA,NA,NA,NA,"N",NA,NA,NA,NA,0.5
2022-06-13,"BH","1.0","8.0","V",NA,NA,"1.01","1.9",1,"1.9",NA,NA,NA,NA,NA,2022,NA,NA,"YHW",2022-11-03,NA,218,"white",NA,NA,NA,NA,NA,NA,"Y",NA,NA,NA,NA,1.01
2022-06-13,"BH","1.0","8.0","V",NA,NA,"<1","5.3",1,"0.8",NA,NA,NA,NA,NA,2022,NA,NA,"YHW",2022-11-03,NA,NA,NA,NA,NA,NA,NA,NA,NA,"N",NA,NA,NA,NA,0.5
2022-06-13,"BH","1.0","8.0","V",NA,NA,"<1","3.8",1,"1.2",NA,NA,NA,NA,NA,2022,NA,NA,"YHW",2022-11-03,NA,NA,NA,NA,NA,NA,NA,NA,NA,"N",NA,NA,NA,NA,0.5
2022-06-13,"BH","1.0","8.0","V",NA,NA,"<1","2.8",1,"0.9",NA,NA,NA,NA,NA,2022,NA,NA,"YHW",2022-11-03,NA,NA,NA,NA,NA,NA,NA,NA,NA,"N",NA,NA,NA,NA,0.5
2022-06-13,"BH","1.0","5.5","X",NA,NA,NA,NA,NA,NA,NA,NA,NA,NA,NA,2022,NA,NA,"YHW",2022-11-03,NA,111,"red",NA,NA,NA,NA,NA,NA,NA,NA,NA,NA,NA,NA
2022-06-13,"BH","1.0","8.5","V",NA,NA,"0.87","1.7",1,"1.8",NA,NA,NA,NA,NA,2022,NA,NA,"YHW",2022-11-03,NA,NA,"white",NA,NA,NA,NA,NA,NA,"N",NA,NA,NA,NA,0.5
2022-06-13,"BH","1.0","8.5","V",19,11,"1.37","3.6",1,"3.3",NA,NA,NA,NA,NA,2022,NA,NA,"YHW",2022-11-07,NA,314,"white",NA,NA,NA,NA,NA,NA,"N",NA,NA,NA,NA,1.37
2022-06-13,"BH","1.0","8.5","V",NA,NA,"<1","1.6",1,"1.6",NA,NA,NA,NA,NA,2022,NA,NA,"YHW",2022-11-07,NA,NA,NA,NA,NA,NA,NA,NA,NA,"N",NA,NA,NA,NA,0.5
2022-06-13,"BH","1.0","8.5","V",NA,NA,"<1","2.0",1,"1.7",NA,NA,NA,NA,NA,2022,NA,NA,"YHW",2022-11-07,NA,NA,NA,NA,NA,NA,NA,NA,NA,"Y",NA,NA,NA,NA,0.5
2022-06-13,"BH","1.0","8.5","V",NA,NA,"<1","1.9",1,"1.3",NA,NA,NA,NA,NA,2022,NA,NA,"YHW",2022-11-07,NA,NA,NA,NA,NA,NA,NA,NA,NA,"N",NA,NA,NA,NA,0.5
2022-06-13,"BH","1.0","8.5","V",NA,NA,"<1","2.3",1,"0.8",NA,NA,NA,NA,NA,2022,NA,NA,"YHW",2022-11-07,NA,NA,NA,NA,NA,NA,NA,NA,NA,"N",NA,NA,NA,NA,0.5
2022-06-13,"BH","1.0","8.5","V",NA,NA,"<1","5.5",1,"2.1",NA,NA,NA,NA,NA,2022,NA,NA,"YHW",2022-11-07,NA,NA,NA,NA,NA,NA,NA,NA,NA,"N",NA,NA,NA,NA,0.5
2022-06-13,"BH","1.0","8.5","V",NA,NA,"<1","4.7",1,"1.2",NA,NA,NA,NA,NA,2022,NA,NA,"YHW",2022-11-07,NA,NA,NA,NA,NA,NA,NA,NA,NA,"N",NA,NA,NA,NA,0.5
2022-06-13,"BH","1.0","8.5","V",30,40,"1.58","8.7",1,"2.8",NA,NA,NA,NA,NA,2022,NA,NA,"YHW",2022-11-07,NA,310,"white",NA,NA,NA,NA,NA,NA,"N",NA,NA,NA,NA,1.58
2022-06-13,"BH","1.0","8.5","V",29,40,"1.7","5.9",1,"1.8",NA,NA,NA,NA,NA,2022,NA,NA,"YHW",2022-11-07,NA,305,"white",NA,NA,NA,NA,NA,NA,"N",NA,NA,NA,NA,1.7
2022-06-13,"BH","1.0","9.0","V",NA,NA,"<1","1.9",1,"1.2",NA,NA,NA,NA,NA,2022,NA,NA,"YHW",2022-11-07,NA,NA,NA,NA,NA,NA,NA,NA,NA,"N",NA,NA,NA,NA,0.5
2022-06-13,"BH","1.0","9.0","V",NA,NA,"<1","2.7",1,"2.2",NA,NA,NA,NA,NA,2022,NA,NA,"YHW",2022-11-07,NA,NA,NA,NA,NA,NA,NA,NA,NA,"Y",NA,NA,NA,NA,0.5
2022-06-13,"BH","1.0","9.0","V",NA,NA,"<1","3.6",1,"1.4",NA,NA,NA,NA,NA,2022,NA,NA,"YHW",2022-11-07,NA,NA,NA,NA,NA,NA,NA,NA,NA,"Y",NA,NA,NA,NA,0.5
2022-06-13,"BH","1.0","9.0","V",1,1,"1.96","9.3",1,"3.9",NA,NA,NA,NA,NA,2022,NA,NA,"YHW",2022-11-07,NA,306,"white",NA,NA,NA,NA,NA,NA,"Y",NA,NA,NA,NA,1.96
2022-06-13,"BH","1.0","9.0","V",1,2,"1.75","10.3",1,"3.3",NA,NA,NA,NA,NA,2022,NA,NA,"YHW",2022-11-07,NA,303,"white",NA,NA,NA,NA,NA,NA,"N",NA,NA,NA,NA,1.75
2022-06-13,"BH","1.0","9.0","V",NA,NA,"<1","5.6",1,"1.2",NA,NA,NA,NA,NA,2022,NA,NA,"YHW",2022-11-07,NA,NA,NA,NA,NA,NA,NA,NA,NA,"N",NA,NA,NA,NA,0.5
2022-06-13,"BH","1.0","9.0","V",NA,NA,"<1","3.0",1,"0.4",NA,NA,NA,NA,NA,2022,NA,NA,"YHW",2022-11-07,NA,NA,NA,NA,NA,NA,NA,NA,NA,"N",NA,NA,NA,NA,0.5
2022-06-13,"BH","1.0","9.0","V",5,21,"1.27","9.3",1,"2.3",NA,NA,NA,NA,NA,2022,NA,NA,"YHW",2022-11-07,NA,309,"white",NA,NA,NA,NA,NA,NA,"N",NA,NA,NA,NA,1.27
2022-06-13,"BH","1.0","9.0","V",NA,NA,"<1","5.6",1,"1.3",NA,NA,NA,NA,NA,2022,NA,NA,"YHW",2022-11-07,NA,NA,NA,NA,NA,NA,NA,NA,NA,"N",NA,NA,NA,NA,0.5
2022-06-13,"BH","1.0","9.0","V",12,33,"1.26","6.3",1,"2.5",NA,NA,NA,NA,NA,2022,NA,NA,"YHW",2022-11-07,NA,308,"white",NA,NA,NA,NA,NA,NA,"Y",NA,NA,NA,NA,1.26
2022-06-13,"BH","1.0","10.5","V",16,20,"1.92","3.9",1,"1.9",NA,NA,NA,NA,NA,2022,NA,NA,"YHW",2022-11-07,NA,702,"white",NA,NA,NA,NA,NA,NA,"N",NA,NA,NA,NA,1.92
2022-06-13,"BH","1.0","10.5","V",33,6,"1.65","2.2",1,"2.0",NA,NA,NA,NA,NA,2022,NA,NA,"YHW",2022-11-07,NA,746,"white",NA,NA,NA,NA,NA,NA,"Y",NA,NA,NA,NA,1.65
2022-06-13,"BH","1.0","10.5","V",NA,NA,"0.99","1.1",1,"0.9",NA,NA,NA,NA,NA,2022,NA,NA,"YHW",2022-11-07,NA,NA,NA,NA,NA,NA,NA,NA,NA,"Y",NA,NA,NA,NA,0.5
2022-06-13,"BH","1.0","10.5","V",NA,NA,"0.82","1.8",1,"1.7",NA,NA,NA,NA,NA,2022,NA,NA,"YHW",2022-11-07,NA,NA,NA,NA,NA,NA,NA,NA,NA,"N",NA,NA,NA,NA,0.5
2022-06-13,"BH","1.0","10.5","V",NA,NA,"0.76","0.8",1,"0.4",NA,NA,NA,NA,NA,2022,NA,NA,"YHW",2022-11-07,NA,NA,NA,NA,NA,NA,NA,NA,NA,"Y",NA,NA,NA,NA,0.5
2022-06-13,"BH","1.0","10.5","V",35,24,"1.15","4.6",1,"1.4",NA,NA,NA,NA,NA,2022,NA,NA,"YHW",2022-11-07,NA,731,"white",NA,NA,NA,NA,NA,NA,"N",NA,NA,NA,NA,1.15
2022-06-13,"BH","1.0","9.5","V",1,16,"1.68","9.2",1,"1.4",NA,NA,NA,NA,NA,2022,NA,NA,"YHW",2022-11-07,NA,734,"white",NA,NA,NA,NA,NA,NA,"N",NA,NA,NA,NA,1.68
2022-06-13,"BH","1.0","9.5","V",NA,NA,"0.82","6.6",1,"0.9",NA,NA,NA,NA,NA,2022,NA,NA,"YHW",2022-11-07,NA,NA,NA,NA,NA,NA,NA,NA,NA,"Y",NA,NA,NA,NA,0.5
2022-06-13,"BH","1.0","9.5","V",NA,NA,"0.96","8.2",1,"0.7",NA,NA,NA,NA,NA,2022,NA,NA,"YHW",2022-11-07,NA,NA,NA,NA,NA,NA,NA,NA,NA,"N",NA,NA,NA,NA,0.5
2022-06-13,"BH","1.0","9.5","V",2,23,"2.52","14.2",1,"3.5",NA,NA,NA,NA,NA,2022,NA,NA,"YHW",2022-11-07,NA,742,"white",NA,NA,NA,NA,NA,NA,"N",NA,NA,NA,NA,2.52
2022-06-13,"BH","1.0","9.5","V",1,26,"1.17","5.4",1,"0.8",NA,NA,NA,NA,NA,2022,NA,NA,"YHW",2022-11-07,NA,716,"white",NA,NA,NA,NA,NA,NA,"N",NA,NA,NA,NA,1.17
2022-06-13,"BH","1.0","9.5","V",41,30,"1.89","7.1",1,"1.7",NA,NA,NA,NA,NA,2022,NA,NA,"YHW",2022-11-07,NA,736,"white",NA,NA,NA,NA,NA,NA,"Y",NA,NA,NA,NA,1.89
2022-06-13,"BH","1.0","9.5","V",NA,NA,"0.75","2.1",1,"0.6",NA,NA,NA,NA,NA,2022,NA,NA,"YHW",2022-11-07,NA,NA,NA,NA,NA,NA,NA,NA,NA,"Y",NA,NA,NA,NA,0.5
2022-06-13,"BH","1.0","9.5","V",49,25,"1.3","9.9",1,"1.9",NA,NA,NA,NA,"starts under rock on edge",2022,NA,NA,"YHW",2022-11-07,NA,50,"white",NA,NA,NA,NA,NA,NA,"N",NA,NA,NA,NA,1.3
2022-06-13,"BH","1.0","9.5","V",NA,NA,"0.79","5.4",1,"1.7",NA,NA,NA,NA,NA,2022,NA,NA,"YHW",2022-11-07,NA,NA,NA,NA,NA,NA,NA,NA,NA,"Y",NA,NA,NA,NA,0.5
2022-06-13,"BH","1.0","9.5","V",NA,NA,"0.8","2.0",1,"0.9",NA,NA,NA,NA,NA,2022,NA,NA,"YHW",2022-11-07,NA,NA,NA,NA,NA,NA,NA,NA,NA,"N",NA,NA,NA,NA,0.5
2022-06-13,"BH","DP",NA,NA,NA,NA,NA,NA,NA,NA,NA,NA,NA,NA,NA,2022,NA,NA,"YHW",2022-11-07,NA,56,"blue",NA,NA,NA,NA,NA,NA,NA,NA,NA,NA,NA,NA
2022-06-13,"BH","DP",NA,"P",NA,NA,"5.57","88.0",3,NA,"2.0","40.0",8.5,2,"under pine 16, 2, 22",2022,NA,NA,"YHW",2022-11-07,NA,59,"blue",NA,NA,NA,NA,NA,NA,"Y",NA,NA,NA,NA,5.57
2022-06-13,"BH","DP",NA,"P",NA,NA,"6.37","88.0",3,NA,"0.0","59.0",8.5,3,"under pine",2022,NA,NA,"YHW",2022-11-07,NA,25,"purple",NA,NA,NA,NA,NA,NA,"Y",NA,NA,NA,NA,6.37
2022-06-13,"BH","DP",NA,"P",NA,NA,"5.67","82.5",3,NA,"0.0","26.0",8.5,2,"under pine",2022,NA,NA,"YHW",2022-11-07,NA,37,"purple",NA,NA,NA,NA,NA,NA,"Y",NA,NA,NA,NA,5.67
2022-06-13,"BH","DP",NA,"X",NA,NA,NA,NA,NA,NA,NA,NA,NA,NA,"under pine",2022,NA,NA,"YHW",2022-11-07,NA,75,"purple",NA,NA,NA,NA,NA,NA,NA,NA,NA,NA,NA,NA
2022-06-13,"BH","DP",NA,"F",NA,NA,"3.52","35.0",3,NA,"2.0",NA,NA,1,"under pine",2022,NA,NA,"YHW",2022-11-07,NA,55,"purple",NA,NA,NA,NA,NA,NA,"Y",NA,NA,NA,NA,3.52
2022-06-13,"BH","DP",NA,"V",NA,NA,"4.8","12.2",2,"4.5",NA,NA,NA,0,"under pine",2022,NA,NA,"YHW",2022-11-07,NA,65,"purple",NA,NA,NA,NA,NA,NA,"Y",NA,NA,NA,NA,4.8
2022-06-13,"BH","DP",NA,"X",NA,NA,"4.27",NA,NA,NA,NA,NA,NA,NA,"under pine",2022,NA,NA,"YHW",2022-11-07,NA,97,"purple",NA,NA,NA,NA,NA,NA,NA,NA,NA,NA,NA,4.27
2022-06-13,"BH","DP",NA,"X",NA,NA,NA,NA,NA,NA,NA,NA,NA,NA,"under pine",2022,NA,NA,"YHW",2022-11-07,NA,110,"purple",NA,NA,NA,NA,NA,NA,NA,NA,NA,NA,NA,NA
2022-06-13,"BH","DP",NA,NA,NA,NA,NA,NA,NA,NA,NA,NA,NA,NA,NA,2022,NA,NA,"YHW",2022-11-07,NA,26,"purple",NA,NA,NA,NA,NA,NA,NA,NA,NA,NA,NA,NA
2022-06-13,"BH","DP",NA,"P",NA,NA,"7.32","73.5",3,NA,"6.0","35.0",7,3,"11, 13, 11 under pine",2022,NA,NA,"YHW",2022-11-07,NA,41,"purple",NA,NA,NA,NA,NA,NA,"Y",NA,NA,NA,NA,7.32
2022-06-13,"BH","DP",NA,"P",NA,NA,"10.74","101.0",2,NA,"2.0","65.0",9,2,"under pine",2022,NA,NA,"YHW",2022-11-07,NA,57,"purple",NA,NA,NA,NA,NA,NA,"Y",NA,NA,NA,NA,10.74
2022-06-13,"BH","DP",NA,"P",NA,NA,"6.38","102.5",3,NA,"0.0","45.0",8.1,3,NA,2022,NA,NA,"YHW",2022-11-07,NA,100,"purple",NA,NA,NA,NA,NA,NA,"Y",NA,NA,NA,NA,6.38
2022-06-13,"BH","DP",NA,"X",NA,NA,NA,NA,NA,NA,NA,NA,NA,NA,NA,2022,NA,NA,"YHW",2022-11-07,NA,47,"purple",NA,NA,NA,NA,NA,NA,NA,NA,NA,NA,NA,NA
2022-06-13,"BH","DP",NA,"X",NA,NA,NA,NA,NA,NA,NA,NA,NA,NA,NA,2022,NA,NA,"YHW",2022-11-07,NA,71,"purple",NA,NA,NA,NA,NA,NA,NA,NA,NA,NA,NA,NA
2022-06-13,"BH","DP",NA,"X",NA,NA,NA,NA,NA,NA,NA,NA,NA,NA,NA,2022,NA,NA,"YHW",2022-11-07,NA,73,"purple",NA,NA,NA,NA,NA,NA,NA,NA,NA,NA,NA,NA
2022-06-13,"BH","DP",NA,"X",NA,NA,NA,NA,NA,NA,NA,NA,NA,NA,NA,2022,NA,NA,"YHW",2022-11-07,NA,18,"purple",NA,NA,NA,NA,NA,NA,NA,NA,NA,NA,NA,NA
2022-06-13,"BH","DP",NA,"X",NA,NA,NA,NA,NA,NA,NA,NA,NA,NA,NA,2022,NA,NA,"YHW",2022-11-07,NA,702,"purple",NA,NA,NA,NA,NA,NA,NA,NA,NA,NA,NA,NA
2022-06-13,"BH","DP",NA,"X",NA,NA,NA,NA,NA,NA,NA,NA,NA,NA,NA,2022,NA,NA,"YHW",2022-11-07,NA,89,"purple",NA,NA,NA,NA,NA,NA,NA,NA,NA,NA,NA,NA
2022-06-13,"BH","DP",NA,"X",NA,NA,NA,NA,NA,NA,NA,NA,NA,NA,"found band, no plant",2022,NA,NA,"YHW",2022-11-07,NA,2,"purple",NA,NA,NA,NA,NA,NA,NA,NA,NA,NA,NA,NA
2022-06-13,"BH","DP",NA,"X",NA,NA,NA,NA,NA,NA,NA,NA,NA,NA,NA,2022,NA,NA,"YHW",2022-11-07,NA,42,"purple",NA,NA,NA,NA,NA,NA,NA,NA,NA,NA,NA,NA
2022-06-13,"BH","DP",NA,"X",NA,NA,NA,NA,NA,NA,NA,NA,NA,NA,"found band, no plant",2022,NA,NA,"YHW",2022-11-07,NA,77,"purple",NA,NA,NA,NA,NA,NA,NA,NA,NA,NA,NA,NA
2022-06-13,"BH","DP",NA,"V",NA,NA,"3.54","17.0",3,"3.5",NA,NA,NA,NA,"under pine",2022,NA,NA,"YHW",2022-11-07,NA,1,"white",NA,NA,NA,NA,NA,NA,"Y",NA,NA,NA,NA,3.54
2022-06-13,"BH","DP",NA,"P",NA,NA,"9.58","136.0",3,NA,"3.0","61.0",7.5,3,"under pine",2022,NA,NA,"YHW",2022-11-07,NA,79,"white",NA,NA,NA,NA,NA,NA,"Y",NA,NA,NA,NA,9.58
2022-06-13,"BH","DP",NA,"V",NA,NA,"2.23","14.5",2,"3.9",NA,NA,NA,NA,"under pine",2022,NA,NA,"YHW",2022-11-07,NA,69,"white",NA,NA,NA,NA,NA,NA,"Y",NA,NA,NA,NA,2.23
2022-06-13,"BH","DP",NA,"V",NA,NA,"2.79","9.0",2,"3.8",NA,NA,NA,NA,NA,2022,NA,NA,"YHW",2022-11-07,NA,95,"white",NA,NA,NA,NA,NA,NA,"Y",NA,NA,NA,NA,2.79
2022-06-13,"BH","DP",NA,"P",NA,NA,"7.65","135.5",4,NA,"0.0","55.0",8.4,2,NA,2022,NA,NA,"YHW",2022-11-07,NA,91,"white",NA,NA,NA,NA,NA,NA,"Y",NA,NA,NA,NA,7.65
2022-06-13,"BH","DP",NA,"V",NA,NA,"4.52","12.8",1,"6.4",NA,NA,NA,NA,NA,2022,NA,NA,"YHW",2022-11-07,NA,80,"white",NA,NA,NA,NA,NA,NA,"Y",NA,NA,NA,NA,4.52
2022-06-13,"BH","DP",NA,"V",NA,NA,"3.19","10.0",1,"5.2",NA,NA,NA,NA,NA,2022,NA,NA,"YHW",2022-11-07,NA,92,"white",NA,NA,NA,NA,NA,NA,"Y",NA,NA,NA,NA,3.19
2022-06-13,"BH","DP",NA,"V",NA,NA,"2.05","3.7",1,"3.6",NA,NA,NA,NA,NA,2022,NA,NA,"YHW",2022-11-07,NA,72,"white",NA,NA,NA,NA,NA,NA,"N",NA,NA,NA,NA,2.05
2022-06-13,"BH","DP",NA,"X",NA,NA,NA,NA,NA,NA,NA,NA,NA,NA,NA,2022,NA,NA,"YHW",2022-11-07,NA,14,"blue",NA,NA,NA,NA,NA,NA,NA,NA,NA,NA,NA,NA
2022-06-13,"BH","DP",NA,"V",NA,NA,"2.14","7.0",1,"5.2",NA,NA,NA,NA,NA,2022,NA,NA,"YHW",2022-11-07,NA,62,"white",NA,NA,NA,NA,NA,NA,"Y",NA,NA,NA,NA,2.14
2022-06-13,"BH","DP",NA,"V",NA,NA,"3.9","8.5",1,"6.4",NA,NA,NA,NA,NA,2022,NA,NA,"YHW",2022-11-07,NA,56,"white",NA,NA,NA,NA,NA,NA,"Y",NA,NA,NA,NA,3.9
2022-06-13,"BH","DP",NA,"X",NA,NA,NA,NA,NA,NA,NA,NA,NA,NA,NA,2022,NA,NA,"YHW",2022-11-07,NA,35,"blue",NA,NA,NA,NA,NA,NA,NA,NA,NA,NA,NA,NA
2022-06-13,"BH","DP",NA,"P",NA,NA,"11.82","103.0",3,NA,"0.0","190.0",8.2,3,NA,2022,NA,NA,"YHW",2022-11-07,NA,12,"purple",NA,NA,NA,NA,NA,NA,"Y",NA,NA,NA,NA,11.82
2022-06-13,"BH","DP",NA,"P",NA,NA,"6.42","81.5",1,NA,"1.0","32.0",9.3,1,NA,2022,NA,NA,"YHW",2022-11-07,NA,108,"purple",NA,NA,NA,NA,NA,NA,"Y",NA,NA,NA,NA,6.42
2022-06-13,"BH","DP",NA,"X",NA,NA,NA,NA,NA,NA,NA,NA,NA,NA,"band loose, no stem",2022,NA,NA,"YHW",2022-11-07,NA,5,"blue",NA,NA,NA,NA,NA,NA,NA,NA,NA,NA,NA,NA
2022-06-13,"BH","DP",NA,"P",NA,NA,"12.22","121.0",5,NA,"0.0","160.0",8.5,5,NA,2022,NA,NA,"YHW",2022-11-07,NA,101,"purple",NA,NA,NA,NA,NA,NA,"Y",NA,NA,NA,NA,12.22
2022-06-13,"BH","DP",NA,"X",NA,NA,NA,NA,NA,NA,NA,NA,NA,NA,NA,2022,NA,NA,"YHW",2022-11-07,NA,111,"purple",NA,NA,NA,NA,NA,NA,NA,NA,NA,NA,NA,NA
2022-06-13,"BH","DP",NA,"X",NA,NA,NA,NA,NA,NA,NA,NA,NA,NA,"band loose, no stem",2022,NA,NA,"YHW",2022-11-07,NA,10,"purple",NA,NA,NA,NA,NA,NA,NA,NA,NA,NA,NA,NA
2022-06-13,"BH","DP",NA,"V",NA,NA,"2.21","7.5",1,"5.0",NA,NA,NA,NA,NA,2022,NA,NA,"YHW",2022-11-07,NA,21,"white",NA,NA,NA,NA,NA,NA,"N",NA,NA,NA,NA,2.21
2022-06-13,"BH","DP",NA,"V",NA,NA,"2.47","8.5",1,"4.5",NA,NA,NA,NA,NA,2022,NA,NA,"YHW",2022-11-07,NA,61,"white",NA,NA,NA,NA,NA,NA,"N",NA,NA,NA,NA,2.47
2022-06-13,"BH","DP",NA,"V",NA,NA,"2.84","4.8",1,"3.4",NA,NA,NA,NA,NA,2022,NA,NA,"YHW",2022-11-07,NA,51,"white",NA,NA,NA,NA,NA,NA,"N",NA,NA,NA,NA,2.84
2022-06-13,"BH","DP",NA,"V",NA,NA,"3.13","5.5",1,"3.8",NA,NA,NA,NA,NA,2022,NA,NA,"YHW",2022-11-07,NA,65,"white",NA,NA,NA,NA,NA,NA,"N",NA,NA,NA,NA,3.13
2022-06-13,"BH","DP",NA,"V",NA,NA,"2.15","9.0",1,"5.0",NA,NA,NA,NA,"spider on plant",2022,NA,NA,"YHW",2022-11-07,NA,94,"white",NA,NA,NA,NA,NA,NA,"Y",NA,NA,NA,NA,2.15
2022-06-13,"BH","DP",NA,"V",NA,NA,"3.36","4.5",1,"5.0",NA,NA,NA,NA,NA,2022,NA,NA,"YHW",2022-11-07,NA,59,"white",NA,NA,NA,NA,NA,NA,"Y",NA,NA,NA,NA,3.36
2022-06-13,"BH","DP",NA,"V",NA,NA,"1.81","2.7",1,"4.3",NA,NA,NA,NA,NA,2022,NA,NA,"YHW",2022-11-07,NA,87,"white",NA,NA,NA,NA,NA,NA,"Y",NA,NA,NA,NA,1.81
2022-06-13,"BH","DP",NA,"V",NA,NA,"2.06","5.0",1,"3.7",NA,NA,NA,NA,NA,2022,NA,NA,"YHW",2022-11-07,NA,49,"white",NA,NA,NA,NA,NA,NA,"Y",NA,NA,NA,NA,2.06
2022-06-13,"BH","DP",NA,"V",NA,NA,"2.36","5.0",1,"3.0",NA,NA,NA,NA,NA,2022,NA,NA,"YHW",2022-11-07,NA,73,"white",NA,NA,NA,NA,NA,NA,"Y",NA,NA,NA,NA,2.36
2022-06-13,"BH","DP",NA,"V",NA,NA,"4.16","4.0",1,"5.5",NA,NA,NA,NA,NA,2022,NA,NA,"YHW",2022-11-07,NA,57,"white",NA,NA,NA,NA,NA,NA,"N",NA,NA,NA,NA,4.16
2023-06-20,"BH","1.0","0.0","X",28,39,NA,NA,NA,NA,NA,NA,NA,NA,NA,2023,NA,NA,"MW",2024-01-17,NA,28,"white",NA,NA,NA,NA,NA,NA,NA,NA,NA,NA,NA,NA
2023-06-20,"BH","1.0","0.0","X",28,42,NA,NA,NA,NA,NA,NA,NA,NA,NA,2023,NA,NA,"MW",2024-01-17,NA,41,"white",NA,NA,NA,NA,NA,NA,NA,NA,NA,NA,NA,NA
2023-06-20,"BH","1.0","1.5","X",18,0,NA,NA,NA,NA,NA,NA,NA,NA,NA,2023,NA,NA,"MW",2024-01-17,NA,31,"white",NA,NA,NA,NA,NA,NA,NA,NA,NA,NA,NA,NA
2023-06-20,"BH","1.0","1.5",NA,20,0,NA,NA,NA,NA,NA,NA,NA,NA,"band missing",2023,NA,NA,"MW",2024-01-17,NA,36,"white",NA,NA,NA,NA,NA,NA,NA,NA,NA,NA,NA,NA
2023-06-20,"BH","1.0","1.5","X",30,1,NA,NA,NA,NA,NA,NA,NA,NA,NA,2023,NA,NA,"MW",2024-01-17,NA,27,"white",NA,NA,NA,NA,NA,NA,NA,NA,NA,NA,NA,NA
2023-06-20,"BH","1.0","2","X",28,20,NA,NA,NA,NA,NA,NA,NA,NA,NA,2023,NA,NA,"MW",2024-01-17,NA,37,"white",NA,NA,NA,NA,NA,NA,NA,NA,NA,NA,NA,NA
2023-06-20,"BH","1.0","2","X",30,16,NA,NA,NA,NA,NA,NA,NA,NA,NA,2023,NA,NA,"MW",2024-01-17,NA,26,"white",NA,NA,NA,NA,NA,NA,NA,NA,NA,NA,NA,NA
2023-06-20,"BH","1.0","2","X",32,18,NA,NA,NA,NA,NA,NA,NA,NA,NA,2023,NA,NA,"MW",2024-01-17,NA,39,"white",NA,NA,NA,NA,NA,NA,NA,NA,NA,NA,NA,NA
2023-06-20,"BH","1.0","2.5","X",1,41,NA,NA,NA,NA,NA,NA,NA,NA,NA,2023,NA,NA,"MW",2024-01-17,NA,32,"white",NA,NA,NA,NA,NA,NA,NA,NA,NA,NA,NA,NA
2023-06-20,"BH","1.0","2.5","X",20,43,NA,NA,NA,NA,NA,NA,NA,NA,NA,2023,NA,NA,"MW",2024-01-17,NA,34,"white",NA,NA,NA,NA,NA,NA,NA,NA,NA,NA,NA,NA
2023-06-20,"BH","1.0","2.5","X",28,44,NA,NA,NA,NA,NA,NA,NA,NA,NA,2023,NA,NA,"MW",2024-01-17,NA,45,"white",NA,NA,NA,NA,NA,NA,NA,NA,NA,NA,NA,NA
2023-06-20,"BH","1.0","2.5","X",42,48,NA,NA,NA,NA,NA,NA,NA,NA,NA,2023,NA,NA,"MW",2024-01-17,NA,43,"white",NA,NA,NA,NA,NA,NA,NA,NA,NA,NA,NA,NA
2023-06-20,"BH","1.0","2.5","X",40,50,NA,NA,NA,NA,NA,NA,NA,NA,NA,2023,NA,NA,"MW",2024-01-17,NA,44,"white",NA,NA,NA,NA,NA,NA,NA,NA,NA,NA,NA,NA
2023-06-20,"BH","1.0","3","X",29,28,NA,NA,NA,NA,NA,NA,NA,NA,NA,2023,NA,NA,"MW",2024-01-17,NA,42,"white",NA,NA,NA,NA,NA,NA,NA,NA,NA,NA,NA,NA
2023-06-20,"BH","1.0","3","X",48,49,NA,NA,NA,NA,NA,NA,NA,NA,NA,2023,NA,NA,"MW",2024-01-17,NA,38,"white",NA,NA,NA,NA,NA,NA,NA,NA,NA,NA,NA,NA
2023-06-20,"BH","1.0","3","X",47,48,NA,NA,NA,NA,NA,NA,NA,NA,NA,2023,NA,NA,"MW",2024-01-17,NA,29,"white",NA,NA,NA,NA,NA,NA,NA,NA,NA,NA,NA,NA
2023-06-20,"BH","1.0","3","X",48,51,NA,NA,NA,NA,NA,NA,NA,NA,NA,2023,NA,NA,"MW",2024-01-17,NA,46,"white",NA,NA,NA,NA,NA,NA,NA,NA,NA,NA,NA,NA
2023-06-20,"BH","1.0","3","X",48,50,NA,NA,NA,NA,NA,NA,NA,NA,NA,2023,NA,NA,"MW",2024-01-17,NA,40,"white",NA,NA,NA,NA,NA,NA,NA,NA,NA,NA,NA,NA
2023-06-20,"BH","1.0","3.5","P",33,16,"9.32","92.0",1,NA,"0.0","70.0",8.6,1,NA,2023,NA,NA,"MW",2024-01-17,NA,30,"white",NA,NA,NA,NA,NA,NA,"N",NA,NA,NA,NA,9.32
2023-06-20,"BH","1.0","4","X",21,24,NA,NA,NA,NA,NA,NA,NA,NA,NA,2023,NA,NA,"MW",2024-01-17,NA,35,"white",NA,NA,NA,NA,NA,NA,NA,NA,NA,NA,NA,NA
2023-06-20,"BH","1.0","4.5","X",6,29,NA,NA,NA,NA,NA,NA,NA,NA,NA,2023,NA,NA,"MW",2024-01-17,NA,33,"white",NA,NA,NA,NA,NA,NA,NA,NA,NA,NA,NA,NA
2023-06-20,"BH","1.0","4.5","X",23,16,NA,NA,NA,NA,NA,NA,NA,NA,NA,2023,NA,NA,"MW",2024-01-17,NA,53,"white",NA,NA,NA,NA,NA,NA,NA,NA,NA,NA,NA,NA
2023-06-20,"BH","1.0","5.5","X",49,45,NA,NA,NA,NA,NA,NA,NA,NA,NA,2023,NA,NA,"MW",2024-01-17,NA,67,"white",NA,NA,NA,NA,NA,NA,NA,NA,NA,NA,NA,NA
2023-06-20,"BH","1.0","6","X",6,3,NA,NA,NA,NA,NA,NA,NA,NA,NA,2023,NA,NA,"MW",2024-01-17,NA,97,"white",NA,NA,NA,NA,NA,NA,NA,NA,NA,NA,NA,NA
2023-06-20,"BH","1.0","6","P",5,6,"7.68","106.8",1,NA,"0.0","88.0",7.5,1,NA,2023,NA,NA,"MW",2024-01-17,NA,55,"white",NA,NA,NA,NA,NA,NA,"Y",NA,NA,NA,NA,7.68
2023-06-20,"BH","1.0","6","X",8,10,NA,NA,NA,NA,NA,NA,NA,NA,NA,2023,NA,NA,"MW",2024-01-17,NA,64,"white",NA,NA,NA,NA,NA,NA,NA,NA,NA,NA,NA,NA
2023-06-20,"BH","1.0","6","X",10,11,NA,NA,NA,NA,NA,NA,NA,NA,NA,2023,NA,NA,"MW",2024-01-17,NA,54,"white",NA,NA,NA,NA,NA,NA,NA,NA,NA,NA,NA,NA
2023-06-20,"BH","1.0","6","X",4,2,NA,NA,NA,NA,NA,NA,NA,NA,NA,2023,NA,NA,"MW",2024-01-17,NA,52,"white",NA,NA,NA,NA,NA,NA,NA,NA,NA,NA,NA,NA
2023-06-20,"BH","1.0","6","X",14,16,NA,NA,NA,NA,NA,NA,NA,NA,NA,2023,NA,NA,"MW",2024-01-17,NA,63,"white",NA,NA,NA,NA,NA,NA,NA,NA,NA,NA,NA,NA
2023-06-20,"BH","1.0","6",NA,31,42,NA,NA,NA,NA,NA,NA,NA,NA,"missing band",2023,NA,NA,"MW",2024-01-17,NA,96,"white",NA,NA,NA,NA,NA,NA,NA,NA,NA,NA,NA,NA
2023-06-20,"BH","1.0","0","V",NA,NA,"0.83","3.2",1,"1.1","0.0","0.0",NA,0,NA,2023,NA,NA,"MW",2024-01-17,NA,NA,NA,NA,NA,NA,NA,NA,NA,"N",NA,NA,NA,NA,0.5
2023-06-20,"BH","1.0","1","V",NA,NA,"0.68","2.1",1,"0.9","0","0",NA,0,NA,2023,NA,NA,"MW",2024-01-17,NA,NA,NA,NA,NA,NA,NA,NA,NA,"N",NA,NA,NA,NA,0.5
2023-06-20,"BH","1.0","1.5","V",20,0,"2.36","7.9",1,"3.7","0","0",NA,0,NA,2023,NA,NA,"MW",2024-01-17,NA,670,"pink",NA,NA,NA,NA,NA,NA,"Y",NA,NA,NA,NA,2.36
2023-06-20,"BH","1.0","2","V",NA,NA,"0.78","1.9",1,"0.6","0","0",NA,0,NA,2023,NA,NA,"MW",2024-01-17,NA,NA,NA,NA,NA,NA,NA,NA,NA,"N",NA,NA,NA,NA,0.5
2023-06-20,"BH","1.0","2.0","V",29,36,"1.05","1.6",1,"2.7","0","0",NA,0,NA,2023,NA,NA,"MW",2024-01-17,NA,578,"pink",NA,NA,NA,NA,NA,NA,"N",NA,NA,NA,NA,1.05
2023-06-20,"BH","1.0","5","V",20,28,"3.29","9.8",1,"4","0","0",NA,0,NA,2023,NA,NA,"MW",2024-01-17,NA,273,"pink",NA,NA,NA,NA,NA,NA,"N",NA,NA,NA,NA,3.29
2023-06-20,"BH","1.0","5","V",19,28,"1.69","7.2",1,"2.2","0","0",NA,0,NA,2023,NA,NA,"MW",2024-01-17,NA,68,"pink",NA,NA,NA,NA,NA,NA,"N",NA,NA,NA,NA,1.69
2023-06-20,"BH","1.0","5","V",39,48,"3.25","3.9",1,"3.7","0","0",NA,0,NA,2023,NA,NA,"MW",2024-01-17,NA,35,"pink",NA,NA,NA,NA,NA,NA,"N",NA,NA,NA,NA,3.25
2023-06-20,"BH","1.0","5","V",NA,NA,"0.96","3.10",1,"1.4","0","0",NA,0,NA,2023,NA,NA,"MW",2024-01-17,NA,NA,NA,NA,NA,NA,NA,NA,NA,"N",NA,NA,NA,NA,0.5
2023-06-20,"BH","1.0","5","V",35,50,"2","3.11",1,"1.9","0","0",NA,0,NA,2023,NA,NA,"MW",2024-01-17,NA,60,"pink",NA,NA,NA,NA,NA,NA,"Y",NA,NA,NA,NA,2
2023-06-20,"BH","1.0","5.5","P",0,50,"4.36","3.12",1,NA,"0","28",NA,1,NA,2023,NA,NA,"MW",2024-01-17,NA,101,"pink",NA,NA,NA,NA,NA,NA,"N",NA,NA,NA,NA,4.36
2023-06-20,"BH","1.0","6","V",2,49,"1.36","3.13",1,"1.4","0","0",NA,0,NA,2023,NA,NA,"MW",2024-01-17,NA,222,"pink",NA,NA,NA,NA,NA,NA,"N",NA,NA,NA,NA,1.36
2023-06-20,"BH","1.0","6","V",NA,NA,"0.83","4.3",1,"1.4","0","0",NA,0,NA,2023,NA,NA,"MW",2024-01-17,NA,NA,NA,NA,NA,NA,NA,NA,NA,"Y",NA,NA,NA,NA,0.5
2023-06-20,"BH","2.0","3.5","X",40,30,NA,NA,NA,NA,NA,NA,NA,NA,NA,2023,NA,NA,"MW",2024-01-17,NA,735,"blue",NA,NA,NA,NA,NA,NA,NA,NA,NA,NA,NA,NA
2023-06-20,"BH","2.0","3.5","X",45,30,NA,NA,NA,NA,NA,NA,NA,NA,NA,2023,NA,NA,"MW",2024-01-17,NA,45,"purple",NA,NA,NA,NA,NA,NA,NA,NA,NA,NA,NA,NA
2023-06-20,"BH","1","6.5","X",3,42,NA,NA,NA,NA,NA,NA,NA,NA,"dead",2023,NA,NA,"MW",2024-01-17,NA,200,"white",NA,NA,NA,NA,NA,NA,NA,NA,NA,NA,NA,NA
2023-06-20,"BH","1","7","X",13,28,NA,NA,NA,NA,NA,NA,NA,NA,"dead",2023,NA,NA,"MW",2024-01-17,NA,300,"white",NA,NA,NA,NA,NA,NA,NA,NA,NA,NA,NA,NA
2023-06-20,"BH","1","7",NA,28,29,NA,NA,NA,NA,NA,NA,NA,NA,"band missing",2023,NA,NA,"MW",2024-01-17,NA,212,"white",NA,NA,NA,NA,NA,NA,NA,NA,NA,NA,NA,NA
2023-06-20,"BH","1","7",NA,37,40,NA,NA,NA,NA,NA,NA,NA,NA,"band missing",2023,NA,NA,"MW",2024-01-17,NA,213,"white",NA,NA,NA,NA,NA,NA,NA,NA,NA,NA,NA,NA
2023-06-20,"BH","1","7","X",49,39,NA,NA,NA,NA,NA,NA,NA,NA,"dead",2023,NA,NA,"MW",2024-01-17,NA,203,"white",NA,NA,NA,NA,NA,NA,NA,NA,NA,NA,NA,NA
2023-06-20,"BH","1","7.5",NA,9,24,NA,NA,NA,NA,NA,NA,NA,NA,"band missing",2023,NA,NA,"MW",2024-01-17,NA,202,"white",NA,NA,NA,NA,NA,NA,NA,NA,NA,NA,NA,NA
2023-06-20,"BH","1","7.5",NA,12,23,NA,NA,NA,NA,NA,NA,NA,NA,"band missing",2023,NA,NA,"MW",2024-01-17,NA,205,"white",NA,NA,NA,NA,NA,NA,NA,NA,NA,NA,NA,NA
2023-06-20,"BH","1","7.5","X",15,22,NA,NA,NA,NA,NA,NA,NA,NA,"band missing",2023,NA,NA,"MW",2024-01-17,NA,206,"white",NA,NA,NA,NA,NA,NA,NA,NA,NA,NA,NA,NA
2023-06-20,"BH","1","7.5",NA,23,24,NA,NA,NA,NA,NA,NA,NA,NA,"band missing",2023,NA,NA,"MW",2024-01-17,NA,211,"white",NA,NA,NA,NA,NA,NA,NA,NA,NA,NA,NA,NA
2023-06-20,"BH","1","7.5","X",49,20,NA,NA,NA,NA,NA,NA,NA,NA,"dead",2023,NA,NA,"MW",2024-01-17,NA,217,"white",NA,NA,NA,NA,NA,NA,NA,NA,NA,NA,NA,NA
2023-06-20,"BH","1","7.5",NA,50,33,NA,NA,NA,NA,NA,NA,NA,NA,"band missing",2023,NA,NA,"MW",2024-01-17,NA,214,"white",NA,NA,NA,NA,NA,NA,NA,NA,NA,NA,NA,NA
2023-06-20,"BH","1","7.5",NA,49,34,NA,NA,NA,NA,NA,NA,NA,NA,"band missing",2023,NA,NA,"MW",2024-01-17,NA,216,"white",NA,NA,NA,NA,NA,NA,NA,NA,NA,NA,NA,NA
2023-06-20,"BH","1","8","X",NA,NA,NA,NA,NA,NA,NA,NA,NA,NA,"dead",2023,NA,NA,"MW",2024-01-17,NA,218,"white",NA,NA,NA,NA,NA,NA,NA,NA,NA,NA,NA,NA
2023-06-20,"BH","1","8.5","X",19,11,NA,NA,NA,NA,NA,NA,NA,NA,"dead",2023,NA,NA,"MW",2024-01-17,NA,314,"white",NA,NA,NA,NA,NA,NA,NA,NA,NA,NA,NA,NA
2023-06-20,"BH","1","8.5","X",30,40,NA,NA,NA,NA,NA,NA,NA,NA,"dead",2023,NA,NA,"MW",2024-01-17,NA,310,"white",NA,NA,NA,NA,NA,NA,NA,NA,NA,NA,NA,NA
2023-06-20,"BH","1","8.5","X",29,40,NA,NA,NA,NA,NA,NA,NA,NA,"dead",2023,NA,NA,"MW",2024-01-17,NA,305,"white",NA,NA,NA,NA,NA,NA,NA,NA,NA,NA,NA,NA
2023-06-20,"BH","1","9","V",1,1,"6.28","24.6",2,"5.9","0","0",NA,0,"band fell off, put back on",2023,NA,NA,"MW",2024-01-17,NA,306,"white",NA,NA,NA,NA,NA,NA,"N",NA,NA,NA,NA,6.28
2023-06-20,"BH","1","9","V",1,2,"4","15.8",1,"4.1","0","0",NA,0,NA,2023,NA,NA,"MW",2024-01-17,NA,303,"white",NA,NA,NA,NA,NA,NA,"N",NA,NA,NA,NA,4
2023-06-20,"BH","1","9","X",5,21,NA,NA,NA,NA,NA,NA,NA,NA,"dead",2023,NA,NA,"MW",2024-01-17,NA,309,"white",NA,NA,NA,NA,NA,NA,NA,NA,NA,NA,NA,NA
2023-06-20,"BH","1","9","X",12,33,NA,NA,NA,NA,NA,NA,NA,NA,"dead",2023,NA,NA,"MW",2024-01-17,NA,308,"white",NA,NA,NA,NA,NA,NA,NA,NA,NA,NA,NA,NA
2023-06-20,"BH","1","9.5","P",48,28,"8.64","61.6",1,NA,"0","54",7.6,1,NA,2023,NA,NA,"MW",2024-01-17,NA,28,"purple",NA,NA,NA,NA,NA,NA,"Y",NA,NA,NA,NA,8.64
2023-06-20,"BH","1","9.5","X",1,16,NA,NA,NA,NA,NA,NA,NA,NA,"dead",2023,NA,NA,"MW",2024-01-17,NA,734,"white",NA,NA,NA,NA,NA,NA,NA,NA,NA,NA,NA,NA
2023-06-20,"BH","1","9.5","V",2,23,"8.3","22.1",1,"3.7","0","0",NA,0,NA,2023,NA,NA,"MW",2024-01-17,NA,742,"white",NA,NA,NA,NA,NA,NA,"Y",NA,NA,NA,NA,8.3
2023-06-20,"BH","1","9.5","X",1,26,NA,NA,NA,NA,NA,NA,NA,NA,"dead",2023,NA,NA,"MW",2024-01-17,NA,716,"white",NA,NA,NA,NA,NA,NA,NA,NA,NA,NA,NA,NA
2023-06-20,"BH","1","9.5",NA,41,30,NA,NA,NA,NA,NA,NA,NA,NA,"band missing",2023,NA,NA,"MW",2024-01-17,NA,736,"white",NA,NA,NA,NA,NA,NA,NA,NA,NA,NA,NA,NA
2023-06-20,"BH","1","9.5","X",49,25,NA,NA,NA,NA,NA,NA,NA,NA,"dead",2023,NA,NA,"MW",2024-01-17,NA,50,"white",NA,NA,NA,NA,NA,NA,NA,NA,NA,NA,NA,NA
2023-06-20,"BH","1","10.5","X",16,20,NA,NA,NA,NA,NA,NA,NA,NA,"dead",2023,NA,NA,"MW",2024-01-17,NA,702,"white",NA,NA,NA,NA,NA,NA,NA,NA,NA,NA,NA,NA
2023-06-20,"BH","1","10.5","V",33,6,"3.28","4.9",1,"2.4","0.0","0.0",NA,0,"band fell off, put back",2023,NA,NA,"MW",2024-01-17,NA,746,"white",NA,NA,NA,NA,NA,NA,"Y",NA,NA,NA,NA,3.28
2023-06-20,"BH","1","10.5","X",35,24,NA,NA,NA,NA,NA,NA,NA,NA,"dead",2023,NA,NA,"MW",2024-01-17,NA,731,"white",NA,NA,NA,NA,NA,NA,NA,NA,NA,NA,NA,NA
2023-06-20,"BH","1","6.5","V",23,42,"1.38","5.1",1,"1.3","0.0","0.0",NA,0,NA,2023,NA,NA,"MW",2024-01-17,NA,254,"pink",NA,NA,NA,NA,NA,NA,"N",NA,NA,NA,NA,1.38
2023-06-20,"BH","1","6.5","V",NA,NA,"0.68","2.4",1,"1.1","0.0","0.0",NA,0,NA,2023,NA,NA,"MW",2024-01-17,NA,NA,NA,NA,NA,NA,NA,NA,NA,"N",NA,NA,NA,NA,0.5
2023-06-20,"BH","1","7","V",18,45,"1.81","3.2",1,"1.7","0.0","0.0",NA,0,NA,2023,NA,NA,"MW",2024-01-17,NA,738,"pink",NA,NA,NA,NA,NA,NA,"N",NA,NA,NA,NA,1.81
2023-06-20,"BH","1","7","V",NA,NA,"0.73","3.2",1,"1.1","0.0","0.0",NA,0,NA,2023,NA,NA,"MW",2024-01-17,NA,NA,NA,NA,NA,NA,NA,NA,NA,"N",NA,NA,NA,NA,0.5
2023-06-20,"BH","1","7","V",NA,NA,"0.78","1.3",1,"0.7","0.0","0.0",NA,0,NA,2023,NA,NA,"MW",2024-01-17,NA,NA,NA,NA,NA,NA,NA,NA,NA,"N",NA,NA,NA,NA,0.5
2023-06-20,"BH","1","7.5","V",NA,NA,"0.76","3.3",1,"1.7","0.0","0.0",NA,0,NA,2023,NA,NA,"MW",2024-01-17,NA,NA,NA,NA,NA,NA,NA,NA,NA,"N",NA,NA,NA,NA,0.5
2023-06-20,"BH","1","8.5","V",24,49,"2.37","9.3",1,"3.2","0.0","0.0",NA,0,NA,2023,NA,NA,"MW",2024-01-17,NA,594,"pink",NA,NA,NA,NA,NA,NA,"N",NA,NA,NA,NA,2.37
2023-06-20,"BH","1","9","V",20,40,"1.13","6.9",1,"1.9","0.0","0.0",NA,0,NA,2023,NA,NA,"MW",2024-01-17,NA,112,"pink",NA,NA,NA,NA,NA,NA,"Y",NA,NA,NA,NA,1.13
2023-06-20,"BH","1","9","V",22,42,"1.1","9.9",1,"2.2","0.0","0.0",NA,0,NA,2023,NA,NA,"MW",2024-01-17,NA,233,"pink",NA,NA,NA,NA,NA,NA,"N",NA,NA,NA,NA,1.1
2023-06-20,"BH","1","9.5","V",NA,NA,"0.56","1.8",1,"1.2","0.0","0.0",NA,0,NA,2023,NA,NA,"MW",2024-01-17,NA,NA,NA,NA,NA,NA,NA,NA,NA,"N",NA,NA,NA,NA,0.5
2023-06-20,"BH","1","9.5","V",NA,NA,"0.6","1.6",1,"0.5","0.0","0.0",NA,0,NA,2023,NA,NA,"MW",2024-01-17,NA,NA,NA,NA,NA,NA,NA,NA,NA,"N",NA,NA,NA,NA,0.5
2023-06-20,"BH","1","10.5","V",31,41,"2.07","5.5",1,"3.2","0.0","0.0",NA,0,NA,2023,NA,NA,"MW",2024-01-17,NA,706,"pink",NA,NA,NA,NA,NA,NA,"Y",NA,NA,NA,NA,2.07
2023-06-20,"BH","1","10.5","V",13,39,"1.02","1.7",1,"2.1","0.0","0.0",NA,0,NA,2023,NA,NA,"MW",2024-01-17,NA,131,"pink",NA,NA,NA,NA,NA,NA,"N",NA,NA,NA,NA,1.02
2023-06-20,"BH","2","0","X",8,5,NA,NA,NA,NA,NA,NA,NA,NA,NA,2023,NA,NA,"MW",2024-01-17,NA,14,"white",NA,NA,NA,NA,NA,NA,NA,NA,NA,NA,NA,NA
2023-06-20,"BH","2","0","V",21,10,"8.17","22.5",1,"6.3","0","0",NA,0,NA,2023,NA,NA,"MW",2024-01-17,NA,12,"white",NA,NA,NA,NA,NA,NA,"Y",NA,NA,NA,NA,8.17
2023-06-20,"BH","2","0","X",14,9,NA,NA,NA,NA,NA,NA,NA,NA,NA,2023,NA,NA,"MW",2024-01-17,NA,23,"white",NA,NA,NA,NA,NA,NA,NA,NA,NA,NA,NA,NA
2023-06-20,"BH","2","0","X",7,23,NA,NA,NA,NA,NA,NA,NA,NA,NA,2023,NA,NA,"MW",2024-01-17,NA,81,"white",NA,NA,NA,NA,NA,NA,NA,NA,NA,NA,NA,NA
2023-06-20,"BH","2","0.5","X",25,3,NA,NA,NA,NA,NA,NA,NA,NA,NA,2023,NA,NA,"MW",2024-01-17,NA,25,"white",NA,NA,NA,NA,NA,NA,NA,NA,NA,NA,NA,NA
2023-06-20,"BH","2","0.5","X",31,2,NA,NA,NA,NA,NA,NA,NA,NA,NA,2023,NA,NA,"MW",2024-01-17,NA,17,"white",NA,NA,NA,NA,NA,NA,NA,NA,NA,NA,NA,NA
2023-06-20,"BH","2","0.5","X",31,3,NA,NA,NA,NA,NA,NA,NA,NA,NA,2023,NA,NA,"MW",2024-01-17,NA,11,"white",NA,NA,NA,NA,NA,NA,NA,NA,NA,NA,NA,NA
2023-06-20,"BH","2","0.5","X",32,8,NA,NA,NA,NA,NA,NA,NA,NA,NA,2023,NA,NA,"MW",2024-01-17,NA,8,"white",NA,NA,NA,NA,NA,NA,NA,NA,NA,NA,NA,NA
2023-06-20,"BH","2","0.5","X",38,19,NA,NA,NA,NA,NA,NA,NA,NA,NA,2023,NA,NA,"MW",2024-01-17,NA,13,"white",NA,NA,NA,NA,NA,NA,NA,NA,NA,NA,NA,NA
2023-06-20,"BH","2","0.5","X",36,19,NA,NA,NA,NA,NA,NA,NA,NA,NA,2023,NA,NA,"MW",2024-01-17,NA,10,"white",NA,NA,NA,NA,NA,NA,NA,NA,NA,NA,NA,NA
2023-06-20,"BH","2","0.5","X",46,15,NA,NA,NA,NA,NA,NA,NA,NA,NA,2023,NA,NA,"MW",2024-01-17,NA,80,"white",NA,NA,NA,NA,NA,NA,NA,NA,NA,NA,NA,NA
2023-06-20,"BH","2","1","X",17,15,NA,NA,NA,NA,NA,NA,NA,NA,NA,2023,NA,NA,"MW",2024-01-17,NA,84,"white",NA,NA,NA,NA,NA,NA,NA,NA,NA,NA,NA,NA
2023-06-20,"BH","2","1","X",25,20,NA,NA,NA,NA,NA,NA,NA,NA,NA,2023,NA,NA,"MW",2024-01-17,NA,19,"white",NA,NA,NA,NA,NA,NA,NA,NA,NA,NA,NA,NA
2023-06-20,"BH","2","1","X",26,20,NA,NA,NA,NA,NA,NA,NA,NA,NA,2023,NA,NA,"MW",2024-01-17,NA,3,"white",NA,NA,NA,NA,NA,NA,NA,NA,NA,NA,NA,NA
2023-06-20,"BH","2","1","X",38,24,NA,NA,NA,NA,NA,NA,NA,NA,NA,2023,NA,NA,"MW",2024-01-17,NA,83,"white",NA,NA,NA,NA,NA,NA,NA,NA,NA,NA,NA,NA
2023-06-20,"BH","2","1","X",23,41,NA,NA,NA,NA,NA,NA,NA,NA,NA,2023,NA,NA,"MW",2024-01-17,NA,20,"white",NA,NA,NA,NA,NA,NA,NA,NA,NA,NA,NA,NA
2023-06-20,"BH","2","1","X",29,48,NA,NA,NA,NA,NA,NA,NA,NA,NA,2023,NA,NA,"MW",2024-01-17,NA,18,"white",NA,NA,NA,NA,NA,NA,NA,NA,NA,NA,NA,NA
2023-06-20,"BH","2","1","X",10,42,NA,NA,NA,NA,NA,NA,NA,NA,NA,2023,NA,NA,"MW",2024-01-17,NA,102,"purple",NA,NA,NA,NA,NA,NA,NA,NA,NA,NA,NA,NA
2023-06-20,"BH","2","1.5","X",12,6,NA,NA,NA,NA,NA,NA,NA,NA,NA,2023,NA,NA,"MW",2024-01-17,NA,82,"white",NA,NA,NA,NA,NA,NA,NA,NA,NA,NA,NA,NA
2023-06-20,"BH","2","1.5","X",10,7,NA,NA,NA,NA,NA,NA,NA,NA,NA,2023,NA,NA,"MW",2024-01-17,NA,22,"white",NA,NA,NA,NA,NA,NA,NA,NA,NA,NA,NA,NA
2023-06-20,"BH","2","1.5","X",9,11,NA,NA,NA,NA,NA,NA,NA,NA,NA,2023,NA,NA,"MW",2024-01-17,NA,7,"white",NA,NA,NA,NA,NA,NA,NA,NA,NA,NA,NA,NA
2023-06-20,"BH","2","1.5","X",5,14,NA,NA,NA,NA,NA,NA,NA,NA,NA,2023,NA,NA,"MW",2024-01-17,NA,15,"white",NA,NA,NA,NA,NA,NA,NA,NA,NA,NA,NA,NA
2023-06-20,"BH","2","1.5","X",2,13,NA,NA,NA,NA,NA,NA,NA,NA,NA,2023,NA,NA,"MW",2024-01-17,NA,5,"white",NA,NA,NA,NA,NA,NA,NA,NA,NA,NA,NA,NA
2023-06-20,"BH","2","1.5","X",1,14,NA,NA,NA,NA,NA,NA,NA,NA,NA,2023,NA,NA,"MW",2024-01-17,NA,78,"white",NA,NA,NA,NA,NA,NA,NA,NA,NA,NA,NA,NA
2023-06-20,"BH","2","1.5","X",2,15,NA,NA,NA,NA,NA,NA,NA,NA,NA,2023,NA,NA,"MW",2024-01-17,NA,24,"white",NA,NA,NA,NA,NA,NA,NA,NA,NA,NA,NA,NA
2023-06-20,"BH","2","1.5","X",25,34,NA,NA,NA,NA,NA,NA,NA,NA,NA,2023,NA,NA,"MW",2024-01-17,NA,2,"white",NA,NA,NA,NA,NA,NA,NA,NA,NA,NA,NA,NA
2023-06-20,"BH","2","1.5","X",26,40,NA,NA,NA,NA,NA,NA,NA,NA,NA,2023,NA,NA,"MW",2024-01-17,NA,76,"white",NA,NA,NA,NA,NA,NA,NA,NA,NA,NA,NA,NA
2023-06-20,"BH","2","1.5","X",26,41,NA,NA,NA,NA,NA,NA,NA,NA,NA,2023,NA,NA,"MW",2024-01-17,NA,16,"white",NA,NA,NA,NA,NA,NA,NA,NA,NA,NA,NA,NA
2023-06-20,"BH","2","1.5","X",20,45,NA,NA,NA,NA,NA,NA,NA,NA,NA,2023,NA,NA,"MW",2024-01-17,NA,75,"white",NA,NA,NA,NA,NA,NA,NA,NA,NA,NA,NA,NA
2023-06-20,"BH","2","1.5","X",19,45,NA,NA,NA,NA,NA,NA,NA,NA,NA,2023,NA,NA,"MW",2024-01-17,NA,47,"white",NA,NA,NA,NA,NA,NA,NA,NA,NA,NA,NA,NA
2023-06-20,"BH","2","1.5","X",30,17,NA,NA,NA,NA,NA,NA,NA,NA,NA,2023,NA,NA,"MW",2024-01-17,NA,71,"white",NA,NA,NA,NA,NA,NA,NA,NA,NA,NA,NA,NA
2023-06-20,"BH","2","1.5","X",35,22,NA,NA,NA,NA,NA,NA,NA,NA,NA,2023,NA,NA,"MW",2024-01-17,NA,70,"white",NA,NA,NA,NA,NA,NA,NA,NA,NA,NA,NA,NA
2023-06-20,"BH","2","1.5","X",41,26,NA,NA,NA,NA,NA,NA,NA,NA,NA,2023,NA,NA,"MW",2024-01-17,NA,58,"white",NA,NA,NA,NA,NA,NA,NA,NA,NA,NA,NA,NA
2023-06-20,"BH","2","1.5","X",21,38,NA,NA,NA,NA,NA,NA,NA,NA,NA,2023,NA,NA,"MW",2024-01-17,NA,88,"purple",NA,NA,NA,NA,NA,NA,NA,NA,NA,NA,NA,NA
2023-06-20,"BH","2","2","X",26,13,NA,NA,NA,NA,NA,NA,NA,NA,NA,2023,NA,NA,"MW",2024-01-17,NA,743,"white",NA,NA,NA,NA,NA,NA,NA,NA,NA,NA,NA,NA
2023-06-20,"BH","2","2","X",28,12,NA,NA,NA,NA,NA,NA,NA,NA,NA,2023,NA,NA,"MW",2024-01-17,NA,733,"white",NA,NA,NA,NA,NA,NA,NA,NA,NA,NA,NA,NA
2023-06-20,"BH","2","2","X",36,19,NA,NA,NA,NA,NA,NA,NA,NA,NA,2023,NA,NA,"MW",2024-01-17,NA,710,"white",NA,NA,NA,NA,NA,NA,NA,NA,NA,NA,NA,NA
2023-06-20,"BH","2","2","X",38,22,NA,NA,NA,NA,NA,NA,NA,NA,NA,2023,NA,NA,"MW",2024-01-17,NA,712,"white",NA,NA,NA,NA,NA,NA,NA,NA,NA,NA,NA,NA
2023-06-20,"BH","2","2","X",37,22,NA,NA,NA,NA,NA,NA,NA,NA,NA,2023,NA,NA,"MW",2024-01-17,NA,707,"white",NA,NA,NA,NA,NA,NA,NA,NA,NA,NA,NA,NA
2023-06-20,"BH","2","2","X",36,24,NA,NA,NA,NA,NA,NA,NA,NA,NA,2023,NA,NA,"MW",2024-01-17,NA,740,"white",NA,NA,NA,NA,NA,NA,NA,NA,NA,NA,NA,NA
2023-06-20,"BH","2","2","X",21,47,NA,NA,NA,NA,NA,NA,NA,NA,NA,2023,NA,NA,"MW",2024-01-17,NA,749,"white",NA,NA,NA,NA,NA,NA,NA,NA,NA,NA,NA,NA
2023-06-20,"BH","2","2","X",29,19,NA,NA,NA,NA,NA,NA,NA,NA,NA,2023,NA,NA,"MW",2024-01-17,NA,747,"white",NA,NA,NA,NA,NA,NA,NA,NA,NA,NA,NA,NA
2023-06-20,"BH","2","2","X",29,20,NA,NA,NA,NA,NA,NA,NA,NA,NA,2023,NA,NA,"MW",2024-01-17,NA,700,"white",NA,NA,NA,NA,NA,NA,NA,NA,NA,NA,NA,NA
2023-06-20,"BH","2","2.5","X",36,22,NA,NA,NA,NA,NA,NA,NA,NA,NA,2023,NA,NA,"MW",2024-01-17,NA,738,"white",NA,NA,NA,NA,NA,NA,NA,NA,NA,NA,NA,NA
2023-06-20,"BH","2","2.5","X",24,26,NA,NA,NA,NA,NA,NA,NA,NA,NA,2023,NA,NA,"MW",2024-01-17,NA,714,"white",NA,NA,NA,NA,NA,NA,NA,NA,NA,NA,NA,NA
2023-06-20,"BH","2","2.5","X",23,22,NA,NA,NA,NA,NA,NA,NA,NA,NA,2023,NA,NA,"MW",2024-01-17,NA,708,"white",NA,NA,NA,NA,NA,NA,NA,NA,NA,NA,NA,NA
2023-06-20,"BH","2","2.5","X",15,22,NA,NA,NA,NA,NA,NA,NA,NA,NA,2023,NA,NA,"MW",2024-01-17,NA,704,"white",NA,NA,NA,NA,NA,NA,NA,NA,NA,NA,NA,NA
2023-06-20,"BH","2","2.5","X",41,15,NA,NA,NA,NA,NA,NA,NA,NA,NA,2023,NA,NA,"MW",2024-01-17,NA,715,"white",NA,NA,NA,NA,NA,NA,NA,NA,NA,NA,NA,NA
2023-06-20,"BH","2","2.5","X",43,14,NA,NA,NA,NA,NA,NA,NA,NA,NA,2023,NA,NA,"MW",2024-01-17,NA,703,"white",NA,NA,NA,NA,NA,NA,NA,NA,NA,NA,NA,NA
2023-06-20,"BH","2","2.5","X",42,12,NA,NA,NA,NA,NA,NA,NA,NA,NA,2023,NA,NA,"MW",2024-01-17,NA,713,"white",NA,NA,NA,NA,NA,NA,NA,NA,NA,NA,NA,NA
2023-06-20,"BH","2","3","X",29,11,NA,NA,NA,NA,NA,NA,NA,NA,NA,2023,NA,NA,"MW",2024-01-17,NA,732,"white",NA,NA,NA,NA,NA,NA,NA,NA,NA,NA,NA,NA
2023-06-20,"BH","2","3","X",35,11,NA,NA,NA,NA,NA,NA,NA,NA,NA,2023,NA,NA,"MW",2024-01-17,NA,744,"white",NA,NA,NA,NA,NA,NA,NA,NA,NA,NA,NA,NA
2023-06-20,"BH","2","3","X",1,10,NA,NA,NA,NA,NA,NA,NA,NA,NA,2023,NA,NA,"MW",2024-01-17,NA,748,"white",NA,NA,NA,NA,NA,NA,NA,NA,NA,NA,NA,NA
2023-06-20,"BH","2","3","X",9,21,NA,NA,NA,NA,NA,NA,NA,NA,NA,2023,NA,NA,"MW",2024-01-17,NA,701,"white",NA,NA,NA,NA,NA,NA,NA,NA,NA,NA,NA,NA
2023-06-20,"BH","2","3","X",9,27,NA,NA,NA,NA,NA,NA,NA,NA,NA,2023,NA,NA,"MW",2024-01-17,NA,706,"white",NA,NA,NA,NA,NA,NA,NA,NA,NA,NA,NA,NA
2023-06-20,"BH","2","3","X",9,28,NA,NA,NA,NA,NA,NA,NA,NA,NA,2023,NA,NA,"MW",2024-01-17,NA,745,"white",NA,NA,NA,NA,NA,NA,NA,NA,NA,NA,NA,NA
2023-06-20,"BH","2","3","X",3,23,NA,NA,NA,NA,NA,NA,NA,NA,NA,2023,NA,NA,"MW",2024-01-17,NA,737,"white",NA,NA,NA,NA,NA,NA,NA,NA,NA,NA,NA,NA
2023-06-20,"BH","2","3","X",2,24,NA,NA,NA,NA,NA,NA,NA,NA,NA,2023,NA,NA,"MW",2024-01-17,NA,730,"white",NA,NA,NA,NA,NA,NA,NA,NA,NA,NA,NA,NA
2023-06-20,"BH","2","3","X",1,7,NA,NA,NA,NA,NA,NA,NA,NA,NA,2023,NA,NA,"MW",2024-01-17,NA,705,"white",NA,NA,NA,NA,NA,NA,NA,NA,NA,NA,NA,NA
2023-06-20,"BH","2","3.5","X",2,12,NA,NA,NA,NA,NA,NA,NA,NA,NA,2023,NA,NA,"MW",2024-01-17,NA,741,"white",NA,NA,NA,NA,NA,NA,NA,NA,NA,NA,NA,NA
2023-06-20,"BH","2","4","X",2,13,NA,NA,NA,NA,NA,NA,NA,NA,NA,2023,NA,NA,"MW",2024-01-17,NA,4,"white",NA,NA,NA,NA,NA,NA,NA,NA,NA,NA,NA,NA
2023-06-20,"BH","2","4","X",26,14,NA,NA,NA,NA,NA,NA,NA,NA,NA,2023,NA,NA,"MW",2024-01-17,NA,100,"white",NA,NA,NA,NA,NA,NA,NA,NA,NA,NA,NA,NA
2023-06-20,"BH","2","4","X",8,22,NA,NA,NA,NA,NA,NA,NA,NA,NA,2023,NA,NA,"MW",2024-01-17,NA,735,"white",NA,NA,NA,NA,NA,NA,NA,NA,NA,NA,NA,NA
2023-06-20,"BH","2","4","X",30,12,NA,NA,NA,NA,NA,NA,NA,NA,NA,2023,NA,NA,"MW",2024-01-17,NA,711,"white",NA,NA,NA,NA,NA,NA,NA,NA,NA,NA,NA,NA
2023-06-20,"BH","2","4.5","X",8,2,NA,NA,NA,NA,NA,NA,NA,NA,NA,2023,NA,NA,"MW",2024-01-17,NA,48,"white",NA,NA,NA,NA,NA,NA,NA,NA,NA,NA,NA,NA
2023-06-20,"BH","2","0","V",NA,NA,"0.85","2.7",1,"1.1","0.0","0.0",NA,0,NA,2023,NA,NA,"MW",2024-01-17,NA,NA,NA,NA,NA,NA,NA,NA,NA,"N",NA,NA,NA,NA,0.5
2023-06-20,"BH","2","0.5","X",NA,NA,NA,NA,NA,NA,NA,NA,NA,NA,NA,2023,NA,NA,"MW",2024-01-17,NA,83,"blue",NA,NA,NA,NA,NA,NA,NA,NA,NA,NA,NA,NA
2023-06-20,"BH","2","0.5","X",NA,NA,NA,NA,NA,NA,NA,NA,NA,NA,"left under rock",2023,NA,NA,"MW",2024-01-17,NA,54,"blue",NA,NA,NA,NA,NA,NA,NA,NA,NA,NA,NA,NA
2023-06-20,"BH","2","0.5","X",NA,NA,NA,NA,NA,NA,NA,NA,NA,NA,NA,2023,NA,NA,"MW",2024-01-17,NA,81,"blue",NA,NA,NA,NA,NA,NA,NA,NA,NA,NA,NA,NA
2023-06-20,"BH","2","0.5","V",NA,NA,"0.9","1.5",1,"0.8",NA,NA,NA,NA,NA,2023,NA,NA,"MW",2024-01-17,NA,NA,NA,NA,NA,NA,NA,NA,NA,"N",NA,NA,NA,NA,0.5
2023-06-20,"BH","2","0.5","V",NA,NA,"0.84","2.6",1,"1.2",NA,NA,NA,NA,NA,2023,NA,NA,"MW",2024-01-17,NA,NA,NA,NA,NA,NA,NA,NA,NA,"N",NA,NA,NA,NA,0.5
2023-06-20,"BH","2","0.5","V",20,25,"1.74","10.4",1,"3",NA,NA,NA,NA,NA,2023,NA,NA,"MW",2024-01-17,NA,57,"pink",NA,NA,NA,NA,NA,NA,"Y",NA,NA,NA,NA,1.74
2023-06-20,"BH","2","0.5","V",NA,NA,"0.67","9.2",1,"1.2",NA,NA,NA,NA,NA,2023,NA,NA,"MW",2024-01-17,NA,NA,NA,NA,NA,NA,NA,NA,NA,"Y",NA,NA,NA,NA,0.5
2023-06-20,"BH","2","0.5","V",NA,NA,"0.8","11.3",1,"1.8",NA,NA,NA,NA,NA,2023,NA,NA,"MW",2024-01-17,NA,NA,NA,NA,NA,NA,NA,NA,NA,"Y",NA,NA,NA,NA,0.5
2023-06-20,"BH","2","0.5","V",NA,NA,"0.95","9.4",1,"1.5",NA,NA,NA,NA,NA,2023,NA,NA,"MW",2024-01-17,NA,NA,NA,NA,NA,NA,NA,NA,NA,"Y",NA,NA,NA,NA,0.5
2023-06-20,"BH","2","0.5","V",28,25,"2.8","15.9",1,"5.1",NA,NA,NA,NA,NA,2023,NA,NA,"MW",2024-01-24,NA,745,"pink",NA,NA,NA,NA,NA,NA,"Y",NA,NA,NA,NA,2.8
2023-06-20,"BH","2","0.5","V",NA,NA,"0.48","9.2",1,"1.8",NA,NA,NA,NA,NA,2023,NA,NA,"MW",2024-01-24,NA,NA,NA,NA,NA,NA,NA,NA,NA,"Y",NA,NA,NA,NA,0.5
2023-06-20,"BH","2","0.5","V",NA,NA,"0.86","10.9",1,"2.5",NA,NA,NA,NA,NA,2023,NA,NA,"MW",2024-01-24,NA,NA,NA,NA,NA,NA,NA,NA,NA,"N",NA,NA,NA,NA,0.5
2023-06-20,"BH","2","0.5","V",30,20,"1.29","8.7",1,"3.3",NA,NA,NA,NA,NA,2023,NA,NA,"MW",2024-01-24,NA,654,"pink",NA,NA,NA,NA,NA,NA,"Y",NA,NA,NA,NA,1.29
2023-06-20,"BH","2","0.5","V",NA,NA,"0.75","1.1",1,"0.9",NA,NA,NA,NA,NA,2023,NA,NA,"MW",2024-01-24,NA,NA,NA,NA,NA,NA,NA,NA,NA,"N",NA,NA,NA,NA,0.5
2023-06-20,"BH","2","1","V",NA,NA,"0.66","4.5",1,"2.1",NA,NA,NA,NA,NA,2023,NA,NA,"MW",2024-01-24,NA,NA,NA,NA,NA,NA,NA,NA,NA,"Y",NA,NA,NA,NA,0.5
2023-06-20,"BH","2","1","V",1,48,"1.2","7.7",1,"3.0",NA,NA,NA,NA,NA,2023,NA,NA,"MW",2024-01-24,NA,609,"pink",NA,NA,NA,NA,NA,NA,"Y",NA,NA,NA,NA,1.2
2023-06-20,"BH","2","1","V",NA,NA,"0.88","2.5",1,"1.9",NA,NA,NA,NA,NA,2023,NA,NA,"MW",2024-01-24,NA,NA,NA,NA,NA,NA,NA,NA,NA,"Y",NA,NA,NA,NA,0.5
2023-06-20,"BH","2","1","V",NA,NA,"0.89","4.8",1,"2.0",NA,NA,NA,NA,NA,2023,NA,NA,"MW",2024-01-24,NA,NA,NA,NA,NA,NA,NA,NA,NA,"Y",NA,NA,NA,NA,0.5
2023-06-20,"BH","2","1","V",3,47,"1.13","7.0",1,"2.6",NA,NA,NA,NA,NA,2023,NA,NA,"MW",2024-01-24,NA,655,"pink",NA,NA,NA,NA,NA,NA,"Y",NA,NA,NA,NA,1.13
2023-06-20,"BH","2","1","V",NA,NA,"0.62","2.8",1,"1.6",NA,NA,NA,NA,NA,2023,NA,NA,"MW",2024-01-24,NA,NA,NA,NA,NA,NA,NA,NA,NA,"Y",NA,NA,NA,NA,0.5
2023-06-20,"BH","2","1","V",NA,NA,"0.79","4.9",1,"1.4",NA,NA,NA,NA,NA,2023,NA,NA,"MW",2024-01-24,NA,NA,NA,NA,NA,NA,NA,NA,NA,"Y",NA,NA,NA,NA,0.5
2023-06-20,"BH","2","1","V",29,40,"2.17","6.9",1,"4.0",NA,NA,NA,NA,NA,2023,NA,NA,"MW",2024-01-24,NA,338,"pink",NA,NA,NA,NA,NA,NA,"N",NA,NA,NA,NA,2.17
2023-06-20,"BH","2","1","V",NA,NA,"0.91","5.1",1,"2.3",NA,NA,NA,NA,NA,2023,NA,NA,"MW",2024-01-24,NA,NA,NA,NA,NA,NA,NA,NA,NA,"Y",NA,NA,NA,NA,0.5
2023-06-20,"BH","2","1","V",NA,NA,"0.44","1.6",1,"0.5",NA,NA,NA,NA,NA,2023,NA,NA,"MW",2024-01-24,NA,NA,NA,NA,NA,NA,NA,NA,NA,"N",NA,NA,NA,NA,0.5
2023-06-20,"BH","2","1","V",NA,NA,"0.79","4.0",1,"1.5",NA,NA,NA,NA,NA,2023,NA,NA,"MW",2024-01-24,NA,NA,NA,NA,NA,NA,NA,NA,NA,"N",NA,NA,NA,NA,0.5
2023-06-20,"BH","2","1","V",NA,NA,"0.78","5.6",1,"2.3",NA,NA,NA,NA,NA,2023,NA,NA,"MW",2024-01-24,NA,NA,NA,NA,NA,NA,NA,NA,NA,"Y",NA,NA,NA,NA,0.5
2023-06-20,"BH","2","1.5","V",NA,NA,"0.88","3.9",1,"1.4",NA,NA,NA,NA,NA,2023,NA,NA,"MW",2024-01-24,NA,NA,NA,NA,NA,NA,NA,NA,NA,"N",NA,NA,NA,NA,0.5
2023-06-20,"BH","2","1.5","V",NA,NA,"0.34","3.1",1,"1.7",NA,NA,NA,NA,NA,2023,NA,NA,"MW",2024-01-24,NA,NA,NA,NA,NA,NA,NA,NA,NA,"N",NA,NA,NA,NA,0.5
2023-06-20,"BH","2","1.5","V",NA,NA,"0.89","6.5",1,"1.9",NA,NA,NA,NA,NA,2023,NA,NA,"MW",2024-01-24,NA,NA,NA,NA,NA,NA,NA,NA,NA,"N",NA,NA,NA,NA,0.5
2023-06-20,"BH","2","1.5","V",NA,NA,"0.86","7.4",1,"2.3",NA,NA,NA,NA,NA,2023,NA,NA,"MW",2024-01-24,NA,NA,NA,NA,NA,NA,NA,NA,NA,"Y",NA,NA,NA,NA,0.5
2023-06-20,"BH","2","1.5","V",NA,NA,"0.52","1.7",1,"0.9",NA,NA,NA,NA,NA,2023,NA,NA,"MW",2024-01-24,NA,NA,NA,NA,NA,NA,NA,NA,NA,"N",NA,NA,NA,NA,0.5
2023-06-20,"BH","2","1.5","V",NA,NA,"0.69","2.2",1,"1.3",NA,NA,NA,NA,NA,2023,NA,NA,"MW",2024-01-24,NA,NA,NA,NA,NA,NA,NA,NA,NA,"N",NA,NA,NA,NA,0.5
2023-06-20,"BH","2","1.5","V",NA,NA,"0.71","2.0",1,"1.4",NA,NA,NA,NA,NA,2023,NA,NA,"MW",2024-01-24,NA,NA,NA,NA,NA,NA,NA,NA,NA,"N",NA,NA,NA,NA,0.5
2023-06-20,"BH","2","1.5","V",NA,NA,"0.43","1.9",1,"0.5",NA,NA,NA,NA,NA,2023,NA,NA,"MW",2024-01-24,NA,NA,NA,NA,NA,NA,NA,NA,NA,"N",NA,NA,NA,NA,0.5
2023-06-20,"BH","2","2.5","V",NA,NA,"0.74","1.5",1,"1.0",NA,NA,NA,NA,NA,2023,NA,NA,"MW",2024-01-24,NA,NA,NA,NA,NA,NA,NA,NA,NA,"Y",NA,NA,NA,NA,0.5
2023-06-20,"BH","2","2.5","V",NA,NA,"0.67","1.8",1,"0.8",NA,NA,NA,NA,NA,2023,NA,NA,"MW",2024-01-24,NA,NA,NA,NA,NA,NA,NA,NA,NA,"Y",NA,NA,NA,NA,0.5
2023-06-20,"BH","2","2.5","V",NA,NA,"0.85","2.4",1,"1.5",NA,NA,NA,NA,NA,2023,NA,NA,"MW",2024-01-24,NA,NA,NA,NA,NA,NA,NA,NA,NA,"N",NA,NA,NA,NA,0.5
2023-06-20,"BH","2","2.5","V",45,9,"1.33","2.7",1,"2.1",NA,NA,NA,NA,NA,2023,NA,NA,"MW",2024-01-24,NA,154,"pink",NA,NA,NA,NA,NA,NA,"Y",NA,NA,NA,NA,1.33
2023-06-20,"BH","2","2.5","V",43,17,"1.09","1.7",1,"1.5",NA,NA,NA,NA,NA,2023,NA,NA,"MW",2024-01-24,NA,667,"pink",NA,NA,NA,NA,NA,NA,"N",NA,NA,NA,NA,1.09
2023-06-20,"BH","2","2.5","V",41,17,"1.15","1.0",1,"1.9",NA,NA,NA,NA,NA,2023,NA,NA,"MW",2024-01-24,NA,592,"pink",NA,NA,NA,NA,NA,NA,"N",NA,NA,NA,NA,1.15
2023-06-20,"BH","2","2.5","V",38,21,"1.09","1.2",1,"1.7",NA,NA,NA,NA,NA,2023,NA,NA,"MW",2024-01-24,NA,649,"pink",NA,NA,NA,NA,NA,NA,"N",NA,NA,NA,NA,1.09
2023-06-20,"BH","2","2.5","V",NA,NA,"0.91","2.5",1,"1.2",NA,NA,NA,NA,NA,2023,NA,NA,"MW",2024-01-24,NA,NA,NA,NA,NA,NA,NA,NA,NA,"N",NA,NA,NA,NA,0.5
2023-06-20,"BH","2","2.5","V",NA,NA,"0.97","3.9",1,"1.7",NA,NA,NA,NA,NA,2023,NA,NA,"MW",2024-01-24,NA,NA,NA,NA,NA,NA,NA,NA,NA,"Y",NA,NA,NA,NA,0.5
2023-06-20,"BH","2","2.5","V",NA,NA,"0.89","1.0",1,"1.5",NA,NA,NA,NA,NA,2023,NA,NA,"MW",2024-01-24,NA,NA,NA,NA,NA,NA,NA,NA,NA,"N",NA,NA,NA,NA,0.5
2023-06-20,"BH","2","2.5","V",NA,NA,"0.43","1.6",1,"1.0",NA,NA,NA,NA,NA,2023,NA,NA,"MW",2024-01-24,NA,NA,NA,NA,NA,NA,NA,NA,NA,"N",NA,NA,NA,NA,0.5
2023-06-20,"BH","2","2.5","V",NA,NA,"0.77","1.1",1,"0.6",NA,NA,NA,NA,NA,2023,NA,NA,"MW",2024-01-24,NA,NA,NA,NA,NA,NA,NA,NA,NA,"N",NA,NA,NA,NA,0.5
2023-06-20,"BH","2","3","V",22,26,"1.71","4.6",1,"2.5",NA,NA,NA,NA,NA,2023,NA,NA,"MW",2024-01-24,NA,61,"pink",NA,NA,NA,NA,NA,NA,"Y",NA,NA,NA,NA,1.71
2023-06-20,"BH","2","3","V",NA,NA,"0.75","2.9",1,"0.5",NA,NA,NA,NA,NA,2023,NA,NA,"MW",2024-01-24,NA,NA,NA,NA,NA,NA,NA,NA,NA,"Y",NA,NA,NA,NA,0.5
2023-06-20,"BH","2","3","V",19,28,"1.33","5.8",1,"1.9",NA,NA,NA,NA,NA,2023,NA,NA,"MW",2024-01-24,NA,605,"pink",NA,NA,NA,NA,NA,NA,"Y",NA,NA,NA,NA,1.33
2023-06-20,"BH","2","3","V",10,35,"1.35","3.6",1,"2.0",NA,NA,NA,NA,NA,2023,NA,NA,"MW",2024-01-24,NA,360,"pink",NA,NA,NA,NA,NA,NA,"N",NA,NA,NA,NA,1.35
2023-06-20,"BH","2","3","V",NA,NA,"0.72","1.4",1,"1.0",NA,NA,NA,NA,NA,2023,NA,NA,"MW",2024-01-24,NA,NA,NA,NA,NA,NA,NA,NA,NA,"N",NA,NA,NA,NA,0.5
2023-06-20,"BH","2","3","V",NA,NA,"0.54","1.6",1,"0.8",NA,NA,NA,NA,NA,2023,NA,NA,"MW",2024-01-24,NA,NA,NA,NA,NA,NA,NA,NA,NA,"N",NA,NA,NA,NA,0.5
2023-06-20,"BH","2","3","V",17,50,"2.09","11.0",1,"3.2",NA,NA,NA,NA,NA,2023,NA,NA,"MW",2024-01-24,NA,302,"pink",NA,NA,NA,NA,NA,NA,"Y",NA,NA,NA,NA,2.09
2023-06-20,"BH","2","3","V",7,50,"4.27","41.0",1,"3.5",NA,NA,NA,NA,NA,2023,NA,NA,"MW",2024-01-24,NA,363,"pink",NA,NA,NA,NA,NA,NA,"N",NA,NA,NA,NA,4.27
2023-06-20,"BH","2","3","V",NA,NA,"0.42","1.3",1,"1.1",NA,NA,NA,NA,NA,2023,NA,NA,"MW",2024-01-24,NA,NA,NA,NA,NA,NA,NA,NA,NA,"Y",NA,NA,NA,NA,0.5
2023-06-20,"BH","2","3.5","V",NA,NA,"0.83","4.7",1,"1.4",NA,NA,NA,NA,NA,2023,NA,NA,"MW",2024-01-24,NA,NA,NA,NA,NA,NA,NA,NA,NA,"N",NA,NA,NA,NA,0.5
2023-06-20,"BH","2","3.5","V",30,20,"1.08","5.7",1,"2.0",NA,NA,NA,NA,NA,2023,NA,NA,"MW",2024-01-24,NA,607,"pink",NA,NA,NA,NA,NA,NA,"N",NA,NA,NA,NA,1.08
2023-06-20,"BH","2","3.5","V",40,27,"1.62","3.6",1,"1.6",NA,NA,NA,NA,NA,2023,NA,NA,"MW",2024-01-24,NA,733,"pink",NA,NA,NA,NA,NA,NA,"N",NA,NA,NA,NA,1.62
2023-06-20,"BH","2","3.5","V",NA,NA,"0.87","2.7",1,"2.1",NA,NA,NA,NA,NA,2023,NA,NA,"MW",2024-01-24,NA,NA,NA,NA,NA,NA,NA,NA,NA,"N",NA,NA,NA,NA,0.5
2023-06-20,"BH","2","1.5","V",40,13,"2.1","4.5",1,"2.9",NA,NA,NA,NA,NA,2023,NA,NA,"MW",2024-01-24,NA,683,"pink",NA,NA,NA,NA,NA,NA,"Y",NA,NA,NA,NA,2.1
2023-06-20,"BH","2","1.5","V",NA,NA,"0.56","0.8",1,"0.7",NA,NA,NA,NA,NA,2023,NA,NA,"MW",2024-01-24,NA,NA,NA,NA,NA,NA,NA,NA,NA,"Y",NA,NA,NA,NA,0.5
2023-06-20,"BH","2","1.5","V",33,20,"1.31","6.1",1,"2.7",NA,NA,NA,NA,NA,2023,NA,NA,"MW",2024-01-24,NA,115,"pink",NA,NA,NA,NA,NA,NA,"N",NA,NA,NA,NA,1.31
2023-06-20,"BH","2","1.5","V",12,47,"2.09","10.5",1,"4.2",NA,NA,NA,NA,NA,2023,NA,NA,"MW",2024-01-24,NA,687,"pink",NA,NA,NA,NA,NA,NA,"Y",NA,NA,NA,NA,2.09
2023-06-20,"BH","2","1.5","V",NA,NA,"0.88","4.3",1,"2.7",NA,NA,NA,NA,NA,2023,NA,NA,"MW",2024-01-24,NA,NA,NA,NA,NA,NA,NA,NA,NA,"Y",NA,NA,NA,NA,0.5
2023-06-20,"BH","2","1.5","V",50,20,"1.06","5.4",1,"2.2",NA,NA,NA,NA,NA,2023,NA,NA,"MW",2024-01-24,NA,120,"pink",NA,NA,NA,NA,NA,NA,"Y",NA,NA,NA,NA,1.06
2023-06-20,"BH","2","1.5","V",50,20,"1.22","5.5",1,"3.2",NA,NA,NA,NA,NA,2023,NA,NA,"MW",2024-01-24,NA,637,"pink",NA,NA,NA,NA,NA,NA,"Y",NA,NA,NA,NA,1.22
2023-06-20,"BH","2","2","V",15,5,"1.51","1.6",1,"1.7",NA,NA,NA,NA,NA,2023,NA,NA,"MW",2024-01-24,NA,648,"pink",NA,NA,NA,NA,NA,NA,"N",NA,NA,NA,NA,1.51
2023-06-20,"BH","2","2","V",NA,NA,"0.31","1.5",1,"0.8",NA,NA,NA,NA,NA,2023,NA,NA,"MW",2024-01-24,NA,NA,NA,NA,NA,NA,NA,NA,NA,"N",NA,NA,NA,NA,0.5
2023-06-20,"BH","2","2","V",NA,NA,"0.52","1.7",1,"0.9",NA,NA,NA,NA,NA,2023,NA,NA,"MW",2024-01-24,NA,NA,NA,NA,NA,NA,NA,NA,NA,"Y",NA,NA,NA,NA,0.5
2023-06-20,"BH","2","2","V",NA,NA,"0.59","1.2",1,"1.0",NA,NA,NA,NA,NA,2023,NA,NA,"MW",2024-01-24,NA,NA,NA,NA,NA,NA,NA,NA,NA,"Y",NA,NA,NA,NA,0.5
2023-06-20,"BH","2","2","V",NA,NA,"0.76","1.6",1,"1.2",NA,NA,NA,NA,NA,2023,NA,NA,"MW",2024-01-24,NA,NA,NA,NA,NA,NA,NA,NA,NA,"Y",NA,NA,NA,NA,0.5
2023-06-20,"BH","2","2","V",20,48,"1.19","7.2",1,"2.6",NA,NA,NA,NA,NA,2023,NA,NA,"MW",2024-01-24,NA,208,"pink",NA,NA,NA,NA,NA,NA,"Y",NA,NA,NA,NA,1.19
2023-06-20,"BH","2","2","V",NA,NA,"0.79","2.5",1,"1.0",NA,NA,NA,NA,NA,2023,NA,NA,"MW",2024-01-24,NA,NA,NA,NA,NA,NA,NA,NA,NA,"Y",NA,NA,NA,NA,0.5
2023-06-20,"BH","2","2","V",NA,NA,"0.71","2.6",1,"0.8",NA,NA,NA,NA,NA,2023,NA,NA,"MW",2024-01-24,NA,NA,NA,NA,NA,NA,NA,NA,NA,"N",NA,NA,NA,NA,0.5
2023-06-20,"BH","2","2","V",NA,NA,"0.58","2.2",1,"1.1",NA,NA,NA,NA,NA,2023,NA,NA,"MW",2024-01-24,NA,NA,NA,NA,NA,NA,NA,NA,NA,"N",NA,NA,NA,NA,0.5
2023-06-20,"BH","2","2","V",NA,NA,"0.88","5.7",1,"1.8",NA,NA,NA,NA,NA,2023,NA,NA,"MW",2024-01-24,NA,NA,NA,NA,NA,NA,NA,NA,NA,"Y",NA,NA,NA,NA,0.5
2023-06-20,"BH","2","2","V",NA,NA,"0.60","1.6",1,"0.8",NA,NA,NA,NA,NA,2023,NA,NA,"MW",2024-01-24,NA,NA,NA,NA,NA,NA,NA,NA,NA,"N",NA,NA,NA,NA,0.5
2023-06-20,"BH","2","2","V",NA,NA,"0.97","1.2",1,"1.2",NA,NA,NA,NA,NA,2023,NA,NA,"MW",2024-01-24,NA,NA,NA,NA,NA,NA,NA,NA,NA,"N",NA,NA,NA,NA,0.5
2023-06-20,"BH","2","2","V",NA,NA,"0.60","0.9",1,"0.7",NA,NA,NA,NA,NA,2023,NA,NA,"MW",2024-01-24,NA,NA,NA,NA,NA,NA,NA,NA,NA,"Y",NA,NA,NA,NA,0.5
2023-06-20,"BH","2","2","V",NA,NA,"0.55","0.6",1,"0.5",NA,NA,NA,NA,NA,2023,NA,NA,"MW",2024-01-24,NA,NA,NA,NA,NA,NA,NA,NA,NA,"N",NA,NA,NA,NA,0.5
2023-06-20,"BH","2","2","V",NA,NA,"0.54","2.4",1,"0.5",NA,NA,NA,NA,NA,2023,NA,NA,"MW",2024-01-24,NA,NA,NA,NA,NA,NA,NA,NA,NA,"Y",NA,NA,NA,NA,0.5
2023-06-20,"BH","2","2.5","V",NA,NA,"0.93","1.9",1,"1.8",NA,NA,NA,NA,NA,2023,NA,NA,"MW",2024-01-24,NA,NA,NA,NA,NA,NA,NA,NA,NA,"N",NA,NA,NA,NA,0.5
2023-06-20,"BH","2","2.5","V",15,20,"1.20","1.5",1,"2.9",NA,NA,NA,NA,NA,2023,NA,NA,"MW",2024-01-24,NA,28,"pink",NA,NA,NA,NA,NA,NA,"N",NA,NA,NA,NA,1.2
2023-06-20,"BH","2","2.5","V",25,20,"1.18","2.7",1,"2.2",NA,NA,NA,NA,NA,2023,NA,NA,"MW",2024-01-24,NA,638,"pink",NA,NA,NA,NA,NA,NA,"N",NA,NA,NA,NA,1.18
2023-06-20,"BH","2","3.5","V",NA,NA,"0.12","1.5",1,"0.5",NA,NA,NA,NA,NA,2023,NA,NA,"MW",2024-01-24,NA,NA,NA,NA,NA,NA,NA,NA,NA,"Y",NA,NA,NA,NA,0.5
2023-06-20,"BH","2","3.5","V",NA,NA,"0.54","1.7",1,"1.0",NA,NA,NA,NA,NA,2023,NA,NA,"MW",2024-01-24,NA,NA,NA,NA,NA,NA,NA,NA,NA,"Y",NA,NA,NA,NA,0.5
2023-06-20,"BH","2","3.5","V",35,42,"1.08","2.4",1,"1.6",NA,NA,NA,NA,NA,2023,NA,NA,"MW",2024-01-24,NA,674,"pink",NA,NA,NA,NA,NA,NA,"N",NA,NA,NA,NA,1.08
2023-06-20,"BH","2","3.5","V",NA,NA,"0.6","2.9",1,"0.9",NA,NA,NA,NA,NA,2023,NA,NA,"MW",2024-01-24,NA,NA,NA,NA,NA,NA,NA,NA,NA,"Y",NA,NA,NA,NA,0.5
2023-06-20,"BH","2","3.5","V",39,44,"1.24","4.0",1,"2.1",NA,NA,NA,NA,NA,2023,NA,NA,"MW",2024-01-24,NA,695,"pink",NA,NA,NA,NA,NA,NA,"Y",NA,NA,NA,NA,1.24
2023-06-20,"BH","2","3.5","V",33,44,"1.94","5.5",1,"2.3",NA,NA,NA,NA,NA,2023,NA,NA,"MW",2024-01-24,NA,694,"pink",NA,NA,NA,NA,NA,NA,"Y",NA,NA,NA,NA,1.94
2023-06-20,"BH","2","3.5","V",NA,NA,"0.45","4.0",1,"1.0",NA,NA,NA,NA,NA,2023,NA,NA,"MW",2024-01-24,NA,NA,NA,NA,NA,NA,NA,NA,NA,"N",NA,NA,NA,NA,0.5
2023-06-20,"BH","2","3.5","V",NA,NA,"0.84","3.8",1,"2.1",NA,NA,NA,NA,NA,2023,NA,NA,"MW",2024-01-24,NA,NA,NA,NA,NA,NA,NA,NA,NA,"N",NA,NA,NA,NA,0.5
2023-06-20,"BH","2","3.5","V",NA,NA,"0.8","3.4",1,"1.1",NA,NA,NA,NA,NA,2023,NA,NA,"MW",2024-01-24,NA,NA,NA,NA,NA,NA,NA,NA,NA,"N",NA,NA,NA,NA,0.5
2023-06-20,"BH","2","3.5","V",NA,NA,"0.56","3.7",1,"1.2",NA,NA,NA,NA,NA,2023,NA,NA,"MW",2024-01-24,NA,NA,NA,NA,NA,NA,NA,NA,NA,"N",NA,NA,NA,NA,0.5
2023-06-20,"BH","2","3.5","V",NA,NA,"0.57","2.6",1,"0.6",NA,NA,NA,NA,NA,2023,NA,NA,"MW",2024-01-24,NA,NA,NA,NA,NA,NA,NA,NA,NA,"Y",NA,NA,NA,NA,0.5
2023-06-20,"BH","2","3.5","V",39,8,"1.16","5.1",1,"1.5",NA,NA,NA,NA,NA,2023,NA,NA,"MW",2024-01-24,NA,143,"pink",NA,NA,NA,NA,NA,NA,"N",NA,NA,NA,NA,1.16
2023-06-20,"BH","2","3.5","V",NA,NA,"0.59","2.6",1,"1.1",NA,NA,NA,NA,NA,2023,NA,NA,"MW",2024-01-24,NA,NA,NA,NA,NA,NA,NA,NA,NA,"N",NA,NA,NA,NA,0.5
2023-06-20,"BH","2","4","V",2,16,"2.06","1.2",1,"1.1",NA,NA,NA,NA,NA,2023,NA,NA,"MW",2024-01-24,NA,708,"pink",NA,NA,NA,NA,NA,NA,"N",NA,NA,NA,NA,2.06
2023-06-20,"BH","2","4","V",NA,NA,"0.97","3.1",1,"1.5",NA,NA,NA,NA,NA,2023,NA,NA,"MW",2024-01-24,NA,NA,NA,NA,NA,NA,NA,NA,NA,"N",NA,NA,NA,NA,0.5
2023-06-20,"BH","2","4","V",NA,NA,"0.91","2.0",1,"0.6",NA,NA,NA,NA,NA,2023,NA,NA,"MW",2024-01-24,NA,NA,NA,NA,NA,NA,NA,NA,NA,"Y",NA,NA,NA,NA,0.5
2023-06-20,"BH","2","4","V",2,25,"1.21","5.7",1,"1.6",NA,NA,NA,NA,NA,2023,NA,NA,"MW",2024-01-24,NA,703,"pink",NA,NA,NA,NA,NA,NA,"N",NA,NA,NA,NA,1.21
2023-06-20,"BH","2","4","V",NA,NA,"0.78","3.1",1,"0.6",NA,NA,NA,NA,NA,2023,NA,NA,"MW",2024-01-24,NA,NA,NA,NA,NA,NA,NA,NA,NA,"Y",NA,NA,NA,NA,0.5
2023-06-20,"BH","2","4","V",NA,NA,"0.83","2.7",1,"1.0",NA,NA,NA,NA,NA,2023,NA,NA,"MW",2024-01-24,NA,NA,NA,NA,NA,NA,NA,NA,NA,"Y",NA,NA,NA,NA,0.5
2023-06-20,"BH","2","4","V",1,25,"1.16","4.1",1,"1.3",NA,NA,NA,NA,NA,2023,NA,NA,"MW",2024-01-24,NA,202,"pink",NA,NA,NA,NA,NA,NA,"Y",NA,NA,NA,NA,1.16
2023-06-20,"BH","2","4","V",10,4,"1.10","3.1",1,"1.1",NA,NA,NA,NA,NA,2023,NA,NA,"MW",2024-01-24,NA,257,"pink",NA,NA,NA,NA,NA,NA,"Y",NA,NA,NA,NA,1.1
2023-06-20,"BH","2","4","V",NA,NA,"0.46","4.1",1,"0.9",NA,NA,NA,NA,NA,2023,NA,NA,"MW",2024-01-24,NA,NA,NA,NA,NA,NA,NA,NA,NA,"N",NA,NA,NA,NA,0.5
2023-06-20,"BH","2","4","V",NA,NA,"0.95","2.3",1,"1.4",NA,NA,NA,NA,NA,2023,NA,NA,"MW",2024-01-24,NA,NA,NA,NA,NA,NA,NA,NA,NA,"N",NA,NA,NA,NA,0.5
2023-06-20,"BH","2","4","V",NA,NA,"0.85","1.5",1,"0.6",NA,NA,NA,NA,NA,2023,NA,NA,"MW",2024-01-24,NA,NA,NA,NA,NA,NA,NA,NA,NA,"N",NA,NA,NA,NA,0.5
2023-06-20,"BH","2","4","V",NA,NA,"0.79","1.7",1,"0.6",NA,NA,NA,NA,NA,2023,NA,NA,"MW",2024-01-24,NA,NA,NA,NA,NA,NA,NA,NA,NA,"N",NA,NA,NA,NA,0.5
2023-06-20,"BH","2","4","V",NA,NA,"0.78","2.2",1,"0.7",NA,NA,NA,NA,NA,2023,NA,NA,"MW",2024-01-24,NA,NA,NA,NA,NA,NA,NA,NA,NA,"Y",NA,NA,NA,NA,0.5
2023-06-20,"BH","2","4","V",NA,NA,"0.89","1.9",1,"1.2",NA,NA,NA,NA,NA,2023,NA,NA,"MW",2024-01-24,NA,NA,NA,NA,NA,NA,NA,NA,NA,"Y",NA,NA,NA,NA,0.5
2023-06-20,"BH","2","4","V",NA,NA,"0.49","2.1",1,"0.7",NA,NA,NA,NA,NA,2023,NA,NA,"MW",2024-01-24,NA,NA,NA,NA,NA,NA,NA,NA,NA,"Y",NA,NA,NA,NA,0.5
2023-06-20,"BH","2","4.5","V",33,9,"1.33","9.3",1,"2.7",NA,NA,NA,NA,NA,2023,NA,NA,"MW",2024-01-24,NA,150,"pink",NA,NA,NA,NA,NA,NA,"Y",NA,NA,NA,NA,1.33
2023-06-20,"BH","2","4.5","V",NA,NA,"0.26","3.5",1,"0.9",NA,NA,NA,NA,NA,2023,NA,NA,"MW",2024-01-24,NA,NA,NA,NA,NA,NA,NA,NA,NA,"N",NA,NA,NA,NA,0.5
2023-06-20,"BH","2","4.5","V",NA,NA,"0.23","0.9",1,"0.7",NA,NA,NA,NA,NA,2023,NA,NA,"MW",2024-01-24,NA,NA,NA,NA,NA,NA,NA,NA,NA,"Y",NA,NA,NA,NA,0.5
2023-06-20,"BH","2","4.5","V",NA,NA,"0.54","3.2",1,"0.8",NA,NA,NA,NA,NA,2023,NA,NA,"MW",2024-01-24,NA,NA,NA,NA,NA,NA,NA,NA,NA,"N",NA,NA,NA,NA,0.5
2023-06-20,"BH","DP",NA,"X",NA,NA,NA,NA,NA,NA,NA,NA,NA,NA,"dead",2023,NA,NA,"MW",2024-01-24,NA,59,"blue",NA,NA,NA,NA,NA,NA,NA,NA,NA,NA,NA,NA
2023-06-20,"BH","DP",NA,NA,NA,NA,NA,NA,NA,NA,NA,NA,NA,NA,"missing",2023,NA,NA,"MW",2024-01-24,NA,25,"purple",NA,NA,NA,NA,NA,NA,NA,NA,NA,NA,NA,NA
2023-06-20,"BH","DP",NA,"X",NA,NA,NA,NA,NA,NA,NA,NA,NA,NA,"dead",2023,NA,NA,"MW",2024-01-24,NA,37,"purple",NA,NA,NA,NA,NA,NA,NA,NA,NA,NA,NA,NA
2023-06-20,"BH","DP",NA,"X",NA,NA,NA,NA,NA,NA,NA,NA,NA,NA,"band missing; plant dead",2023,NA,NA,"MW",2024-01-24,NA,55,"purple",NA,NA,NA,NA,NA,NA,NA,NA,NA,NA,NA,NA
2023-06-20,"BH","DP",NA,"P",NA,NA,"10.83","87.2",3,NA,NA,"137.0",10.3,3,NA,2023,NA,NA,"MW",2024-01-24,NA,65,"purple",NA,NA,NA,NA,NA,NA,"Y",NA,NA,NA,NA,10.83
2023-06-20,"BH","DP",NA,"X",NA,NA,NA,NA,NA,NA,NA,NA,NA,NA,"dead",2023,NA,NA,"MW",2024-01-24,NA,41,"purple",NA,NA,NA,NA,NA,NA,NA,NA,NA,NA,NA,NA
2023-06-20,"BH","DP",NA,"X",NA,NA,NA,NA,NA,NA,NA,NA,NA,NA,"dead",2023,NA,NA,"MW",2024-01-24,NA,57,"purple",NA,NA,NA,NA,NA,NA,NA,NA,NA,NA,NA,NA
2023-06-20,"BH","DP",NA,"X",NA,NA,NA,NA,NA,NA,NA,NA,NA,NA,"dead",2023,NA,NA,"MW",2024-01-24,NA,100,"purple",NA,NA,NA,NA,NA,NA,NA,NA,NA,NA,NA,NA
2023-06-20,"BH","DP",NA,"X",NA,NA,NA,NA,NA,NA,NA,NA,NA,NA,"dead",2023,NA,NA,"MW",2024-01-24,NA,1,"white",NA,NA,NA,NA,NA,NA,NA,NA,NA,NA,NA,NA
2023-06-20,"BH","DP",NA,"X",NA,NA,NA,NA,NA,NA,NA,NA,NA,NA,"dead",2023,NA,NA,"MW",2024-01-24,NA,79,"white",NA,NA,NA,NA,NA,NA,NA,NA,NA,NA,NA,NA
2023-06-20,"BH","DP",NA,"P",NA,NA,"6.24","90.6",2,NA,"5.0","40.0",9.3,2,NA,2023,NA,NA,"MW",2024-01-24,NA,69,"white",NA,NA,NA,NA,NA,NA,"Y",NA,NA,NA,NA,6.24
2023-06-20,"BH","DP",NA,"P",NA,NA,"5.67","84.6",1,NA,"1.0","54.0",7.4,1,NA,2023,NA,NA,"MW",2024-01-24,NA,95,"white",NA,NA,NA,NA,NA,NA,"N",NA,NA,NA,NA,5.67
2023-06-20,"BH","DP",NA,"X",NA,NA,NA,NA,NA,NA,NA,NA,NA,NA,"dead",2023,NA,NA,"MW",2024-01-24,NA,91,"white",NA,NA,NA,NA,NA,NA,NA,NA,NA,NA,NA,NA
2023-06-20,"BH","DP",NA,NA,NA,NA,NA,NA,NA,NA,NA,NA,NA,NA,"missing",2023,NA,NA,"MW",2024-01-24,NA,80,"white",NA,NA,NA,NA,NA,NA,NA,NA,NA,NA,NA,NA
2023-06-20,"BH","DP",NA,"X",NA,NA,NA,NA,NA,NA,NA,NA,NA,NA,"dead",2023,NA,NA,"MW",2024-01-24,NA,92,"white",NA,NA,NA,NA,NA,NA,NA,NA,NA,NA,NA,NA
2023-06-20,"BH","DP",NA,"X",NA,NA,NA,NA,NA,NA,NA,NA,NA,NA,"dead",2023,NA,NA,"MW",2024-01-24,NA,72,"white",NA,NA,NA,NA,NA,NA,NA,NA,NA,NA,NA,NA
2023-06-20,"BH","DP",NA,"X",NA,NA,NA,NA,NA,NA,NA,NA,NA,NA,"dead",2023,NA,NA,"MW",2024-01-24,NA,62,"white",NA,NA,NA,NA,NA,NA,NA,NA,NA,NA,NA,NA
2023-06-20,"BH","DP",NA,"X",NA,NA,NA,NA,NA,NA,NA,NA,NA,NA,"dead",2023,NA,NA,"MW",2024-01-24,NA,56,"white",NA,NA,NA,NA,NA,NA,NA,NA,NA,NA,NA,NA
2023-06-20,"BH","DP",NA,"X",NA,NA,NA,NA,NA,NA,NA,NA,NA,NA,"dead",2023,NA,NA,"MW",2024-01-24,NA,12,"purple",NA,NA,NA,NA,NA,NA,NA,NA,NA,NA,NA,NA
2023-06-20,"BH","DP",NA,"X",NA,NA,NA,NA,NA,NA,NA,NA,NA,NA,"dead",2023,NA,NA,"MW",2024-01-24,NA,108,"purple",NA,NA,NA,NA,NA,NA,NA,NA,NA,NA,NA,NA
2023-06-20,"BH","DP",NA,"X",NA,NA,NA,NA,NA,NA,NA,NA,NA,NA,"dead",2023,NA,NA,"MW",2024-01-24,NA,101,"purple",NA,NA,NA,NA,NA,NA,NA,NA,NA,NA,NA,NA
2023-06-20,"BH","DP",NA,"X",NA,NA,NA,NA,NA,NA,NA,NA,NA,NA,"dead",2023,NA,NA,"MW",2024-01-24,NA,21,"white",NA,NA,NA,NA,NA,NA,NA,NA,NA,NA,NA,NA
2023-06-20,"BH","DP",NA,NA,NA,NA,NA,NA,NA,NA,NA,NA,NA,NA,"missing",2023,NA,NA,"MW",2024-01-24,NA,61,"white",NA,NA,NA,NA,NA,NA,NA,NA,NA,NA,NA,NA
2023-06-20,"BH","DP",NA,"P",NA,NA,"5.18","62.7",2,NA,NA,"16.0",7.6,2,"might be dead",2023,NA,NA,"MW",2024-01-24,NA,51,"white",NA,NA,NA,NA,NA,NA,"N",NA,NA,NA,NA,5.18
2023-06-20,"BH","DP",NA,"P",NA,NA,"5.11","52.4",2,NA,NA,"16.0",7.1,2,NA,2023,NA,NA,"MW",2024-01-24,NA,65,"white",NA,NA,NA,NA,NA,NA,"N",NA,NA,NA,NA,5.11
2023-06-20,"BH","DP",NA,"P",NA,NA,"5.69","83.9",2,NA,"5.0","23",9.5,2,NA,2023,NA,NA,"MW",2024-01-24,NA,94,"white",NA,NA,NA,NA,NA,NA,"Y",NA,NA,NA,NA,5.69
2023-06-20,"BH","DP",NA,NA,NA,NA,NA,NA,NA,NA,NA,NA,NA,NA,"missing",2023,NA,NA,"MW",2024-01-24,NA,59,"white",NA,NA,NA,NA,NA,NA,NA,NA,NA,NA,NA,NA
2023-06-20,"BH","DP",NA,"X",NA,NA,NA,NA,NA,NA,NA,NA,NA,NA,"dead",2023,NA,NA,"MW",2024-01-24,NA,87,"white",NA,NA,NA,NA,NA,NA,NA,NA,NA,NA,NA,NA
2023-06-20,"BH","DP",NA,NA,NA,NA,NA,NA,NA,NA,NA,NA,NA,NA,"missing",2023,NA,NA,"MW",2024-01-24,NA,49,"white",NA,NA,NA,NA,NA,NA,NA,NA,NA,NA,NA,NA
2023-06-20,"BH","DP",NA,NA,NA,NA,NA,NA,NA,NA,NA,NA,NA,NA,"missing",2023,NA,NA,"MW",2024-01-24,NA,73,"white",NA,NA,NA,NA,NA,NA,NA,NA,NA,NA,NA,NA
2023-06-20,"BH","DP",NA,"P",NA,NA,"9.14","103.2",2,NA,NA,"94",8.4,2,NA,2023,NA,NA,"MW",2024-01-24,NA,57,"white",NA,NA,NA,NA,NA,NA,"N",NA,NA,NA,NA,9.14
2023-06-20,"BH","DP",NA,"V",NA,NA,"2.98","4.4",1,"4.2",NA,NA,NA,NA,NA,2023,NA,NA,"MW",2024-01-24,NA,583,"pink",NA,NA,NA,NA,NA,NA,"Y",NA,NA,NA,NA,2.98
2023-06-20,"BH","DP",NA,"V",NA,NA,"4.26","12.8",1,"4.6",NA,NA,NA,NA,NA,2023,NA,NA,"MW",2024-01-24,NA,118,"pink",NA,NA,NA,NA,NA,NA,"Y",NA,NA,NA,NA,4.26
2023-06-20,"BH","DP",NA,"V",NA,NA,"3.91","11.8",3,"3.3",NA,NA,NA,NA,NA,2023,NA,NA,"MW",2024-01-24,NA,588,"pink",NA,NA,NA,NA,NA,NA,"Y",NA,NA,NA,NA,3.91
2023-06-20,"BH","DP",NA,"V",NA,NA,"5.89","26.5",1,"6.9",NA,NA,NA,NA,NA,2023,NA,NA,"MW",2024-01-24,NA,109,"pink",NA,NA,NA,NA,NA,NA,"Y",NA,NA,NA,NA,5.89
2023-06-20,"BH","DP",NA,"V",NA,NA,"3.42","11.4",1,"4.6",NA,NA,NA,NA,NA,2023,NA,NA,"MW",2024-01-24,NA,989,"pink",NA,NA,NA,NA,NA,NA,"Y",NA,NA,NA,NA,3.42
2023-06-20,"BH","DP",NA,"V",NA,NA,"3.84","5.2",1,"4.1",NA,NA,NA,NA,NA,2023,NA,NA,"MW",2024-01-24,NA,252,"pink",NA,NA,NA,NA,NA,NA,"Y",NA,NA,NA,NA,3.84
2023-06-20,"BH","DP",NA,"V",NA,NA,"5.87","18.1",2,"6.1",NA,NA,NA,NA,NA,2023,NA,NA,"MW",2024-01-24,NA,743,"pink",NA,NA,NA,NA,NA,NA,"Y",NA,NA,NA,NA,5.87
2023-06-20,"BH","DP",NA,"V",NA,NA,"1.24","2.6",1,"1.9",NA,NA,NA,NA,NA,2023,NA,NA,"MW",2024-01-24,NA,696,"pink",NA,NA,NA,NA,NA,NA,"Y",NA,NA,NA,NA,1.24
2023-06-20,"BH","DP",NA,"V",NA,NA,"3.24","2.8",1,"2.6",NA,NA,NA,NA,NA,2023,NA,NA,"MW",2024-01-24,NA,168,"pink",NA,NA,NA,NA,NA,NA,"N",NA,NA,NA,NA,3.24
2023-06-20,"BH","DP",NA,"V",NA,NA,"1.2","4.2",1,"2.5",NA,NA,NA,NA,NA,2023,NA,NA,"MW",2024-01-24,NA,700,"pink",NA,NA,NA,NA,NA,NA,"N",NA,NA,NA,NA,1.2
2023-06-20,"BH","DP",NA,"V",NA,NA,"2.17","7.9",1,"2.5",NA,NA,NA,NA,NA,2023,NA,NA,"MW",2024-01-24,NA,276,"pink",NA,NA,NA,NA,NA,NA,"Y",NA,NA,NA,NA,2.17
2023-06-20,"BH","DP",NA,"V",NA,NA,"1.28","3.8",1,"1.5",NA,NA,NA,NA,NA,2023,NA,NA,"MW",2024-01-24,NA,340,"pink",NA,NA,NA,NA,NA,NA,"N",NA,NA,NA,NA,1.28
2023-06-20,"BH","DP",NA,"V",NA,NA,"3.74","10.2",1,"3.1",NA,NA,NA,NA,NA,2023,NA,NA,"MW",2024-01-24,NA,640,"pink",NA,NA,NA,NA,NA,NA,"Y",NA,NA,NA,NA,3.74
2023-06-20,"BH","DP",NA,"V",NA,NA,"2.51","6.8",1,"3.4",NA,NA,NA,NA,NA,2023,NA,NA,"MW",2024-01-24,NA,678,"pink",NA,NA,NA,NA,NA,NA,"N",NA,NA,NA,NA,2.51
2023-06-20,"BH","DP",NA,"V",NA,NA,"2.95","10.7",1,"3.6",NA,NA,NA,NA,NA,2023,NA,NA,"MW",2024-01-24,NA,220,"pink",NA,NA,NA,NA,NA,NA,"Y",NA,NA,NA,NA,2.95
2023-06-20,"BH","DP",NA,"V",NA,NA,"2.68","4.7",1,"2.3",NA,NA,NA,NA,NA,2023,NA,NA,"MW",2024-01-24,NA,255,"pink",NA,NA,NA,NA,NA,NA,"N",NA,NA,NA,NA,2.68
2023-06-20,"BH","DP",NA,"V",NA,NA,"5.44","37.8",1,"7.1",NA,NA,NA,NA,NA,2023,NA,NA,"MW",2024-01-24,NA,206,"pink",NA,NA,NA,NA,NA,NA,"Y",NA,NA,NA,NA,5.44
2023-06-20,"BH","DP",NA,"V",NA,NA,"3.2","3.8",1,"3.9",NA,NA,NA,NA,NA,2023,NA,NA,"MW",2024-01-24,NA,260,"pink",NA,NA,NA,NA,NA,NA,"Y",NA,NA,NA,NA,3.2
2023-06-20,"BH","DP",NA,"V",NA,NA,"5.7","17.5",1,"6.8",NA,NA,NA,NA,NA,2023,NA,NA,"MW",2024-01-24,NA,309,"pink",NA,NA,NA,NA,NA,NA,"Y",NA,NA,NA,NA,5.7
2023-06-20,"BH","DP",NA,"V",NA,NA,"1.96","5.2",1,"2.5",NA,NA,NA,NA,NA,2023,NA,NA,"MW",2024-01-24,NA,673,"pink",NA,NA,NA,NA,NA,NA,"Y",NA,NA,NA,NA,1.96
2024-06-20,"BH","1","1.5",NA,20,0,NA,NA,NA,NA,NA,NA,NA,NA,"plant and band not found",2024,NA,NA,"GAA",2024-06-24,NA,670,"pink",NA,NA,NA,NA,NA,NA,NA,NA,NA,NA,NA,NA
2024-06-20,"BH","1","2","X",29,36,NA,NA,NA,NA,NA,NA,NA,NA,NA,2024,NA,NA,"GAA",2024-06-24,NA,578,"pink",NA,NA,NA,NA,NA,NA,NA,NA,NA,NA,NA,NA
2024-06-20,"BH","1","3.5","X",33,16,NA,NA,NA,NA,NA,NA,NA,NA,NA,2024,NA,NA,"GAA",2024-06-24,NA,30,"white",NA,NA,NA,NA,NA,NA,NA,NA,NA,NA,NA,NA
2024-06-20,"BH","1","5",NA,20,28,NA,NA,NA,NA,NA,NA,NA,NA,"plant and band not found",2024,NA,NA,"GAA",2024-06-24,NA,273,"pink",NA,NA,NA,NA,NA,NA,NA,NA,NA,NA,NA,NA
2024-06-20,"BH","1","5",NA,19,28,NA,NA,NA,NA,NA,NA,NA,NA,"plant and band not found",2024,NA,NA,"GAA",2024-06-24,NA,68,"pink",NA,NA,NA,NA,NA,NA,NA,NA,NA,NA,NA,NA
2024-06-20,"BH","1","5","P",39,48,"6.54","73.6",1,NA,"0","31",9,1,NA,2024,NA,NA,"GAA",2024-06-24,NA,35,"pink",NA,NA,NA,NA,NA,NA,"Y",NA,NA,NA,NA,6.54
2024-06-20,"BH","1","5","V",35,50,NA,NA,1,NA,NA,NA,NA,NA,"vegetative but totally senesced",2024,NA,NA,"GAA",2024-06-24,NA,60,"pink",NA,NA,NA,NA,NA,NA,NA,NA,NA,NA,NA,NA
2024-06-20,"BH","1","5.5","X",0,50,NA,NA,NA,NA,NA,NA,NA,NA,NA,2024,NA,NA,"GAA",2024-06-24,NA,101,"pink",NA,NA,NA,NA,NA,NA,NA,NA,NA,NA,NA,NA
2024-06-20,"BH","1","6","X",5,6,NA,NA,NA,NA,NA,NA,NA,NA,NA,2024,NA,NA,"GAA",2024-06-24,NA,55,"white",NA,NA,NA,NA,NA,NA,NA,NA,NA,NA,NA,NA
2024-06-20,"BH","1","6","X",2,49,NA,NA,NA,NA,NA,NA,NA,NA,NA,2024,NA,NA,"GAA",2024-06-24,NA,222,"pink",NA,NA,NA,NA,NA,NA,NA,NA,NA,NA,NA,NA
2024-06-20,"BH","1","6.5","X",23,42,NA,NA,NA,NA,NA,NA,NA,NA,NA,2024,NA,NA,"GAA",2024-06-24,NA,254,"pink",NA,NA,NA,NA,NA,NA,NA,NA,NA,NA,NA,NA
2024-06-20,"BH","1","7","X",18,45,NA,NA,NA,NA,NA,NA,NA,NA,NA,2024,NA,NA,"GAA",2024-06-24,NA,738,"pink",NA,NA,NA,NA,NA,NA,NA,NA,NA,NA,NA,NA
2024-06-20,"BH","1","8.5",NA,24,49,NA,NA,NA,NA,NA,NA,NA,NA,"plant and band not found",2024,NA,NA,"GAA",2024-06-24,NA,594,"pink",NA,NA,NA,NA,NA,NA,NA,NA,NA,NA,NA,NA
2024-06-20,"BH","1","9","P",1,1,"7.65","86.4",4,NA,"0","48",10.2,2,"drying out",2024,NA,NA,"GAA",2024-06-24,NA,306,"white",NA,NA,NA,NA,NA,NA,"Y",NA,NA,NA,NA,7.65
2024-06-20,"BH","1","9","X",1,2,NA,NA,NA,NA,NA,NA,NA,NA,NA,2024,NA,NA,"GAA",2024-06-24,NA,303,"white",NA,NA,NA,NA,NA,NA,NA,NA,NA,NA,NA,NA
2024-06-20,"BH","1","9","X",20,40,NA,NA,NA,NA,NA,NA,NA,NA,NA,2024,NA,NA,"GAA",2024-06-24,NA,112,"pink",NA,NA,NA,NA,NA,NA,NA,NA,NA,NA,NA,NA
2024-06-20,"BH","1","9","X",22,42,NA,NA,NA,NA,NA,NA,NA,NA,NA,2024,NA,NA,"GAA",2024-06-24,NA,233,"pink",NA,NA,NA,NA,NA,NA,NA,NA,NA,NA,NA,NA
2024-06-20,"BH","1","9.5",NA,48,28,NA,NA,NA,NA,NA,NA,NA,NA,"plant and band not found",2024,NA,NA,"GAA",2024-06-24,NA,28,"purple",NA,NA,NA,NA,NA,NA,NA,NA,NA,NA,NA,NA
2024-06-20,"BH","1","9.5",NA,2,23,NA,NA,NA,NA,NA,NA,NA,NA,NA,2024,NA,NA,"GAA",2024-06-24,NA,742,"white",NA,NA,NA,NA,NA,NA,NA,NA,NA,NA,NA,NA
2024-06-20,"BH","1","10.5","P",33,6,"4.64","42.5",2,NA,"0","17",5.3,2,NA,2024,NA,NA,"GAA",2024-06-24,NA,746,"white",NA,NA,NA,NA,NA,NA,"Y",NA,NA,NA,NA,4.64
2024-06-20,"BH","1","10.5","X",31,41,NA,NA,NA,NA,NA,NA,NA,NA,NA,2024,NA,NA,"GAA",2024-06-24,NA,706,"pink",NA,NA,NA,NA,NA,NA,NA,NA,NA,NA,NA,NA
2024-06-20,"BH","1","10.5","X",13,39,NA,NA,NA,NA,NA,NA,NA,NA,NA,2024,NA,NA,"GAA",2024-06-24,NA,131,"pink",NA,NA,NA,NA,NA,NA,NA,NA,NA,NA,NA,NA
2024-06-20,"BH","2","0","P",21,10,"6.65","68",6,NA,"0","15",7.3,2,"plant is drying",2024,NA,NA,"GAA",2024-06-24,NA,12,"white",NA,NA,NA,NA,NA,NA,"N",NA,NA,NA,NA,6.65
2024-06-20,"BH","2","0.5","V",20,25,"2.27","11.6",1,"2.6","0","0",NA,0,NA,2024,NA,NA,"GAA",2024-06-24,NA,57,"pink",NA,NA,NA,NA,NA,NA,"Y",NA,NA,NA,NA,2.27
2024-06-20,"BH","2","0.5","X",28,25,NA,NA,NA,NA,NA,NA,NA,NA,NA,2024,NA,NA,"GAA",2024-06-24,NA,745,"pink",NA,NA,NA,NA,NA,NA,NA,NA,NA,NA,NA,NA
2024-06-20,"BH","2","0.5","X",30,20,NA,NA,NA,NA,NA,NA,NA,NA,NA,2024,NA,NA,"GAA",2024-06-24,NA,654,"pink",NA,NA,NA,NA,NA,NA,NA,NA,NA,NA,NA,NA
2024-06-20,"BH","2","1","P",1,48,"3.94","25.3",2,NA,"0","3",4.8,1,NA,2024,NA,NA,"GAA",2024-06-24,NA,609,"pink",NA,NA,NA,NA,NA,NA,"N",NA,NA,NA,NA,3.94
2024-06-20,"BH","2","1","X",3,47,NA,NA,NA,NA,NA,NA,NA,NA,NA,2024,NA,NA,"GAA",2024-06-24,NA,655,"pink",NA,NA,NA,NA,NA,NA,NA,NA,NA,NA,NA,NA
2024-06-20,"BH","2","1","X",29,40,NA,NA,NA,NA,NA,NA,NA,NA,NA,2024,NA,NA,"GAA",2024-06-24,NA,338,"pink",NA,NA,NA,NA,NA,NA,NA,NA,NA,NA,NA,NA
2024-06-20,"BH","2","1.5","X",40,13,NA,NA,NA,NA,NA,NA,NA,NA,NA,2024,NA,NA,"GAA",2024-06-24,NA,683,"pink",NA,NA,NA,NA,NA,NA,NA,NA,NA,NA,NA,NA
2024-06-20,"BH","2","1.5","X",33,20,NA,NA,NA,NA,NA,NA,NA,NA,NA,2024,NA,NA,"GAA",2024-06-24,NA,115,"pink",NA,NA,NA,NA,NA,NA,NA,NA,NA,NA,NA,NA
2024-06-20,"BH","2","1.5","X",12,47,NA,NA,NA,NA,NA,NA,NA,NA,NA,2024,NA,NA,"GAA",2024-06-24,NA,687,"pink",NA,NA,NA,NA,NA,NA,NA,NA,NA,NA,NA,NA
2024-06-20,"BH","2","1.5","X",50,20,NA,NA,NA,NA,NA,NA,NA,NA,NA,2024,NA,NA,"GAA",2024-06-24,NA,120,"pink",NA,NA,NA,NA,NA,NA,NA,NA,NA,NA,NA,NA
2024-06-20,"BH","2","1.5","X",50,20,NA,NA,NA,NA,NA,NA,NA,NA,NA,2024,NA,NA,"GAA",2024-06-24,NA,637,"pink",NA,NA,NA,NA,NA,NA,NA,NA,NA,NA,NA,NA
2024-06-20,"BH","2","2","X",15,5,NA,NA,NA,NA,NA,NA,NA,NA,NA,2024,NA,NA,"GAA",2024-06-24,NA,648,"pink",NA,NA,NA,NA,NA,NA,NA,NA,NA,NA,NA,NA
2024-06-20,"BH","2","2","X",20,48,NA,NA,NA,NA,NA,NA,NA,NA,NA,2024,NA,NA,"GAA",2024-06-24,NA,208,"pink",NA,NA,NA,NA,NA,NA,NA,NA,NA,NA,NA,NA
2024-06-20,"BH","2","2.5","X",45,9,NA,NA,NA,NA,NA,NA,NA,NA,NA,2024,NA,NA,"GAA",2024-06-24,NA,154,"pink",NA,NA,NA,NA,NA,NA,NA,NA,NA,NA,NA,NA
2024-06-20,"BH","2","2.5","X",43,17,NA,NA,NA,NA,NA,NA,NA,NA,NA,2024,NA,NA,"GAA",2024-06-24,NA,667,"pink",NA,NA,NA,NA,NA,NA,NA,NA,NA,NA,NA,NA
2024-06-20,"BH","2","2.5","X",41,17,NA,NA,NA,NA,NA,NA,NA,NA,NA,2024,NA,NA,"GAA",2024-06-24,NA,592,"pink",NA,NA,NA,NA,NA,NA,NA,NA,NA,NA,NA,NA
2024-06-20,"BH","2","2.5","X",38,21,NA,NA,NA,NA,NA,NA,NA,NA,NA,2024,NA,NA,"GAA",2024-06-24,NA,649,"pink",NA,NA,NA,NA,NA,NA,NA,NA,NA,NA,NA,NA
2024-06-20,"BH","2","2.5","X",15,20,NA,NA,NA,NA,NA,NA,NA,NA,NA,2024,NA,NA,"GAA",2024-06-24,NA,28,"pink",NA,NA,NA,NA,NA,NA,NA,NA,NA,NA,NA,NA
2024-06-20,"BH","2","2.5",NA,25,20,NA,NA,NA,NA,NA,NA,NA,NA,"plant not found",2024,NA,NA,"GAA",2024-06-24,NA,638,"pink",NA,NA,NA,NA,NA,NA,NA,NA,NA,NA,NA,NA
2024-06-20,"BH","2","3","X",22,26,NA,NA,NA,NA,NA,NA,NA,NA,NA,2024,NA,NA,"GAA",2024-06-24,NA,61,"pink",NA,NA,NA,NA,NA,NA,NA,NA,NA,NA,NA,NA
2024-06-20,"BH","2","3","X",19,28,NA,NA,NA,NA,NA,NA,NA,NA,NA,2024,NA,NA,"GAA",2024-06-24,NA,605,"pink",NA,NA,NA,NA,NA,NA,NA,NA,NA,NA,NA,NA
2024-06-20,"BH","2","3","X",10,35,NA,NA,NA,NA,NA,NA,NA,NA,NA,2024,NA,NA,"GAA",2024-06-24,NA,360,"pink",NA,NA,NA,NA,NA,NA,NA,NA,NA,NA,NA,NA
2024-06-20,"BH","2","3","X",17,50,NA,NA,NA,NA,NA,NA,NA,NA,NA,2024,NA,NA,"GAA",2024-06-24,NA,302,"pink",NA,NA,NA,NA,NA,NA,NA,NA,NA,NA,NA,NA
2024-06-20,"BH","2","3","P",7,50,"6.51","93.0",1,NA,"0","59",8.9,1,NA,2024,NA,NA,"GAA",2024-06-24,NA,363,"pink",NA,NA,NA,NA,NA,NA,"Y",NA,NA,NA,NA,6.51
2024-06-20,"BH","2","3.5","X",30,20,NA,NA,NA,NA,NA,NA,NA,NA,NA,2024,NA,NA,"GAA",2024-06-24,NA,607,"pink",NA,NA,NA,NA,NA,NA,NA,NA,NA,NA,NA,NA
2024-06-20,"BH","2","3.5","P",40,27,"3.05","38.8",1,NA,"3","7",8.6,1,"stem broken",2024,NA,NA,"GAA",2024-06-24,NA,773,"pink",NA,NA,NA,NA,NA,NA,"Y",NA,NA,NA,NA,3.05
2024-06-20,"BH","2","3.5","X",35,42,NA,NA,NA,NA,NA,NA,NA,NA,NA,2024,NA,NA,"GAA",2024-06-24,NA,674,"pink",NA,NA,NA,NA,NA,NA,NA,NA,NA,NA,NA,NA
2024-06-20,"BH","2","3.5","X",39,44,NA,NA,NA,NA,NA,NA,NA,NA,NA,2024,NA,NA,"GAA",2024-06-24,NA,695,"pink",NA,NA,NA,NA,NA,NA,NA,NA,NA,NA,NA,NA
2024-06-20,"BH","2","3.5","X",33,44,NA,NA,NA,NA,NA,NA,NA,NA,NA,2024,NA,NA,"GAA",2024-06-24,NA,694,"pink",NA,NA,NA,NA,NA,NA,NA,NA,NA,NA,NA,NA
2024-06-20,"BH","2","3.5","X",39,8,NA,NA,NA,NA,NA,NA,NA,NA,NA,2024,NA,NA,"GAA",2024-06-24,NA,143,"pink",NA,NA,NA,NA,NA,NA,NA,NA,NA,NA,NA,NA
2024-06-20,"BH","2","4","X",2,16,NA,NA,NA,NA,NA,NA,NA,NA,NA,2024,NA,NA,"GAA",2024-06-24,NA,708,"pink",NA,NA,NA,NA,NA,NA,NA,NA,NA,NA,NA,NA
2024-06-20,"BH","2","4","X",2,25,NA,NA,NA,NA,NA,NA,NA,NA,NA,2024,NA,NA,"GAA",2024-06-24,NA,703,"pink",NA,NA,NA,NA,NA,NA,NA,NA,NA,NA,NA,NA
2024-06-20,"BH","2","4","X",1,25,NA,NA,NA,NA,NA,NA,NA,NA,NA,2024,NA,NA,"GAA",2024-06-24,NA,202,"pink",NA,NA,NA,NA,NA,NA,NA,NA,NA,NA,NA,NA
2024-06-20,"BH","2","4","X",10,4,NA,NA,NA,NA,NA,NA,NA,NA,NA,2024,NA,NA,"GAA",2024-06-24,NA,257,"pink",NA,NA,NA,NA,NA,NA,NA,NA,NA,NA,NA,NA
2024-06-20,"BH","2","4.5","P",33,9,"5.72","19.5",1,NA,"1","1",0.4,1,NA,2024,NA,NA,"GAA",2024-06-24,NA,150,"pink",NA,NA,NA,NA,NA,NA,"Y",NA,NA,NA,NA,5.72
2024-06-20,"BH","DP",NA,"X",NA,NA,NA,NA,NA,NA,NA,NA,NA,NA,"lost band down hole",2024,NA,NA,"GAA",2024-06-24,NA,65,"purple",NA,NA,NA,NA,NA,NA,NA,NA,NA,NA,NA,NA
2024-06-20,"BH","DP",NA,NA,NA,NA,NA,NA,NA,NA,NA,NA,NA,NA,"plant and band not found",2024,NA,NA,"GAA",2024-06-24,NA,69,"white",NA,NA,NA,NA,NA,NA,NA,NA,NA,NA,NA,NA
2024-06-20,"BH","DP",NA,NA,NA,NA,NA,NA,NA,NA,NA,NA,NA,NA,"plant and band not found",2024,NA,NA,"GAA",2024-06-24,NA,95,"white",NA,NA,NA,NA,NA,NA,NA,NA,NA,NA,NA,NA
2024-06-20,"BH","DP",NA,"X",NA,NA,NA,NA,NA,NA,NA,NA,NA,NA,NA,2024,NA,NA,"GAA",2024-06-24,NA,51,"white",NA,NA,NA,NA,NA,NA,NA,NA,NA,NA,NA,NA
2024-06-20,"BH","DP",NA,"X",NA,NA,NA,NA,NA,NA,NA,NA,NA,NA,NA,2024,NA,NA,"GAA",2024-06-24,NA,65,"white",NA,NA,NA,NA,NA,NA,NA,NA,NA,NA,NA,NA
2024-06-20,"BH","DP",NA,"X",NA,NA,NA,NA,NA,NA,NA,NA,NA,NA,NA,2024,NA,NA,"GAA",2024-06-24,NA,94,"white",NA,NA,NA,NA,NA,NA,NA,NA,NA,NA,NA,NA
2024-06-20,"BH","DP",NA,"X",NA,NA,NA,NA,NA,NA,NA,NA,NA,NA,NA,2024,NA,NA,"GAA",2024-06-24,NA,57,"white",NA,NA,NA,NA,NA,NA,NA,NA,NA,NA,NA,NA
2024-06-20,"BH","DP",NA,"X",NA,NA,NA,NA,NA,NA,NA,NA,NA,NA,NA,2024,NA,NA,"GAA",2024-06-24,NA,583,"pink",NA,NA,NA,NA,NA,NA,NA,NA,NA,NA,NA,NA
2024-06-20,"BH","DP",NA,NA,NA,NA,NA,NA,NA,NA,NA,NA,NA,NA,"plant and band not found",2024,NA,NA,"GAA",2024-06-24,NA,118,"pink",NA,NA,NA,NA,NA,NA,NA,NA,NA,NA,NA,NA
2024-06-20,"BH","DP",NA,NA,NA,NA,NA,NA,NA,NA,NA,NA,NA,NA,"plant and band not found",2024,NA,NA,"GAA",2024-06-24,NA,588,"pink",NA,NA,NA,NA,NA,NA,NA,NA,NA,NA,NA,NA
2024-06-20,"BH","DP",NA,NA,NA,NA,NA,NA,NA,NA,NA,NA,NA,NA,"plant and band not found",2024,NA,NA,"GAA",2024-06-24,NA,109,"pink",NA,NA,NA,NA,NA,NA,NA,NA,NA,NA,NA,NA
2024-06-20,"BH","DP",NA,"P",NA,NA,"5.15","39.6",2,NA,"0","26",7.6,2,NA,2024,NA,NA,"GAA",2024-06-24,NA,989,"pink",NA,NA,NA,NA,NA,NA,"Y",NA,NA,NA,NA,5.15
2024-06-20,"BH","DP",NA,NA,NA,NA,NA,NA,NA,NA,NA,NA,NA,NA,"plant and band not found",2024,NA,NA,"GAA",2024-06-24,NA,252,"pink",NA,NA,NA,NA,NA,NA,NA,NA,NA,NA,NA,NA
2024-06-20,"BH","DP",NA,"X",NA,NA,NA,NA,NA,NA,NA,NA,NA,NA,NA,2024,NA,NA,"GAA",2024-06-24,NA,743,"pink",NA,NA,NA,NA,NA,NA,NA,NA,NA,NA,NA,NA
2024-06-20,"BH","DP",NA,NA,NA,NA,NA,NA,NA,NA,NA,NA,NA,NA,"plant and band not found",2024,NA,NA,"GAA",2024-06-24,NA,696,"pink",NA,NA,NA,NA,NA,NA,NA,NA,NA,NA,NA,NA
2024-06-20,"BH","DP",NA,NA,NA,NA,NA,NA,NA,NA,NA,NA,NA,NA,"plant and band not found",2024,NA,NA,"GAA",2024-06-24,NA,168,"pink",NA,NA,NA,NA,NA,NA,NA,NA,NA,NA,NA,NA
2024-06-20,"BH","DP",NA,NA,NA,NA,NA,NA,NA,NA,NA,NA,NA,NA,"plant and band not found",2024,NA,NA,"GAA",2024-06-24,NA,700,"pink",NA,NA,NA,NA,NA,NA,NA,NA,NA,NA,NA,NA
2024-06-20,"BH","DP",NA,"X",NA,NA,NA,NA,NA,NA,NA,NA,NA,NA,NA,2024,NA,NA,"GAA",2024-06-24,NA,276,"pink",NA,NA,NA,NA,NA,NA,NA,NA,NA,NA,NA,NA
2024-06-20,"BH","DP",NA,"X",NA,NA,NA,NA,NA,NA,NA,NA,NA,NA,NA,2024,NA,NA,"GAA",2024-06-24,NA,340,"pink",NA,NA,NA,NA,NA,NA,NA,NA,NA,NA,NA,NA
2024-06-20,"BH","DP",NA,"X",NA,NA,NA,NA,NA,NA,NA,NA,NA,NA,"band had ""4"" only",2024,NA,NA,"GAA",2024-06-24,NA,640,"pink",NA,NA,NA,NA,NA,NA,NA,NA,NA,NA,NA,NA
2024-06-20,"BH","DP",NA,"X",NA,NA,NA,NA,NA,NA,NA,NA,NA,NA,NA,2024,NA,NA,"GAA",2024-06-24,NA,678,"pink",NA,NA,NA,NA,NA,NA,NA,NA,NA,NA,NA,NA
2024-06-20,"BH","DP",NA,NA,NA,NA,NA,NA,NA,NA,NA,NA,NA,NA,"plant and band not found",2024,NA,NA,"GAA",2024-06-24,NA,220,"pink",NA,NA,NA,NA,NA,NA,NA,NA,NA,NA,NA,NA
2024-06-20,"BH","DP",NA,NA,NA,NA,NA,NA,NA,NA,NA,NA,NA,NA,"plant and band not found",2024,NA,NA,"GAA",2024-06-24,NA,255,"pink",NA,NA,NA,NA,NA,NA,NA,NA,NA,NA,NA,NA
2024-06-20,"BH","DP",NA,NA,NA,NA,NA,NA,NA,NA,NA,NA,NA,NA,"plant and band not found",2024,NA,NA,"GAA",2024-06-24,NA,206,"pink",NA,NA,NA,NA,NA,NA,NA,NA,NA,NA,NA,NA
2024-06-20,"BH","DP",NA,"P",NA,NA,NA,NA,NA,NA,NA,NA,NA,NA,"drying out, lost tissue and fruits, could be F",2024,NA,NA,"GAA",2024-06-24,NA,260,"pink",NA,NA,NA,NA,NA,NA,NA,NA,NA,NA,NA,NA
2024-06-20,"BH","DP",NA,"P",NA,NA,"6.2","18.4",1,NA,"0","5",3.8,1,NA,2024,NA,NA,"GAA",2024-06-24,NA,309,"pink",NA,NA,NA,NA,NA,NA,"Y",NA,NA,NA,NA,6.2
2024-06-20,"BH","DP",NA,"X",NA,NA,NA,NA,NA,NA,NA,NA,NA,NA,NA,2024,NA,NA,"GAA",2024-06-24,NA,673,"pink",NA,NA,NA,NA,NA,NA,NA,NA,NA,NA,NA,NA
2024-06-20,"BH","1",NA,"X",NA,NA,NA,NA,NA,NA,NA,NA,NA,NA,NA,2024,NA,NA,"GAA",2024-06-24,NA,87,"purple",NA,NA,NA,NA,NA,NA,NA,NA,NA,NA,NA,NA
2024-06-20,"BH","DP",NA,"X",NA,NA,NA,NA,NA,NA,NA,NA,NA,NA,NA,2024,NA,NA,"GAA",2024-06-24,NA,61,"white",NA,NA,NA,NA,NA,NA,NA,NA,NA,NA,NA,NA
2024-06-20,"BH","DP",NA,"X",NA,NA,NA,NA,NA,NA,NA,NA,NA,NA,NA,2024,NA,NA,"GAA",2024-06-24,NA,73,"white",NA,NA,NA,NA,NA,NA,NA,NA,NA,NA,NA,NA
