"","Date_entered","Entered_by","Census_year","Census_date","Collected_by","Site","Transect_plot","Quad","Tag","2018tag","2019tag","Pick_color","Sword_color","Band","Band_color","Band_num","Xcoord","Ycoord","Stem_diam_mm","Height_cm","Canopy_width_cm","Phenology","Num_flowers","Num_fruits","Longest_fruit_cm","Num_repro_branches","Num_total_branches","Longest_leaf_cm","Herbivory","Category_herbivory","Leaf_thickness_mm","Buds","Year_marked","Num_leaves","Notes","Stem_diam_mm_UFA"
"1",NA,NA,2016,NA,NA,"TM2","lower","0","n",NA,NA,NA,NA,NA,NA,NA,NA,NA,NA,NA,NA,NA,NA,NA,NA,NA,NA,NA,NA,NA,NA,NA,NA,NA,"nothing",NA
"2",NA,NA,2016,NA,NA,"TM2","lower","0.5","n",NA,NA,NA,NA,NA,NA,NA,NA,NA,NA,NA,NA,NA,NA,NA,NA,NA,NA,NA,NA,NA,NA,NA,NA,NA,"nothing",NA
"3",NA,NA,2016,NA,NA,"TM2","lower","1","n",NA,NA,NA,NA,NA,NA,NA,NA,NA,NA,NA,NA,NA,NA,NA,NA,NA,NA,NA,NA,NA,NA,NA,NA,NA,"nothing",NA
"4",NA,NA,2016,NA,NA,"TM2","lower","1.5","n",NA,NA,NA,NA,NA,NA,NA,NA,NA,NA,NA,NA,NA,NA,NA,NA,NA,NA,NA,NA,NA,NA,NA,NA,NA,"nothing",NA
"5",NA,NA,2016,NA,NA,"TM2","lower","2","n",NA,NA,NA,NA,NA,NA,NA,NA,NA,NA,NA,NA,NA,NA,NA,NA,NA,NA,NA,NA,NA,NA,NA,NA,NA,"nothing",NA
"6",NA,NA,2016,NA,NA,"TM2","lower","2.5","n",NA,NA,NA,NA,NA,NA,NA,NA,NA,NA,NA,NA,NA,NA,NA,NA,NA,NA,NA,NA,NA,NA,NA,NA,NA,"nothing",NA
"7",NA,NA,2016,NA,NA,"TM2","lower","3","n",NA,NA,NA,NA,NA,NA,NA,NA,NA,NA,NA,NA,NA,NA,NA,NA,NA,NA,NA,NA,NA,NA,NA,NA,NA,"nothing",NA
"8",NA,NA,2016,NA,NA,"TM2","lower","3.5","n",NA,NA,NA,NA,NA,NA,NA,50,5,"1.9","30.0",6.4,"F","7.0","4.0",6.5,NA,NA,NA,"N",NA,NA,NA,NA,NA,NA,1.9
"9",NA,NA,2016,NA,NA,"TM2","lower","4","n",NA,NA,NA,NA,NA,NA,NA,NA,NA,NA,NA,NA,NA,NA,NA,NA,NA,NA,NA,NA,NA,NA,NA,NA,NA,"nothing",NA
"10",NA,NA,2016,NA,NA,"TM2","lower","4.5","n",NA,NA,NA,NA,NA,NA,NA,15,7,"9.24","40.0",59,"F","47.0","91.0",9,NA,NA,NA,"N",NA,NA,NA,NA,NA,NA,9.24
"11",NA,NA,2016,NA,NA,"TM2","lower","5","n",NA,NA,NA,NA,NA,NA,NA,NA,NA,NA,NA,NA,NA,NA,NA,NA,NA,NA,NA,NA,NA,NA,NA,NA,NA,"nothing",NA
"12",NA,NA,2016,NA,NA,"TM2","lower","5.5","n",NA,NA,NA,NA,NA,NA,NA,26,11,"13.1","51.0",35,"P","17.0","64.0",7.4,NA,NA,NA,"N",NA,NA,NA,NA,NA,NA,13.1
"13",NA,NA,2016,NA,NA,"TM2","lower","6","n",NA,NA,NA,NA,NA,NA,NA,9,13,"2.5","7.5",1.9,"V",NA,NA,NA,NA,NA,NA,"N",NA,NA,NA,NA,NA,NA,2.5
"14",NA,NA,2016,NA,NA,"TM2","lower","6","n",NA,NA,NA,NA,NA,NA,NA,0,0,"7.0","55.0",23,"P","0.0","0.0",0,NA,NA,NA,"N",NA,NA,NA,NA,NA,NA,7
"15",NA,NA,2016,NA,NA,"TM2","lower","6","n",NA,NA,NA,NA,NA,NA,NA,37,10,"1.7","14.4",2.6,"P","0.0","2.0",NA,NA,NA,NA,"N",NA,NA,NA,NA,NA,"no data on longest silique",1.7
"16",NA,NA,2016,NA,NA,"TM2","lower","6.5","n",NA,NA,NA,NA,NA,NA,NA,14,14,"2.2","28.5",10,"P","0.0","7.0",6.5,NA,NA,NA,"N",NA,NA,NA,NA,NA,NA,2.2
"17",NA,NA,2016,NA,NA,"TM2","lower","6.5","n",NA,NA,NA,NA,NA,NA,NA,39,13.5,"0.99","8.5",1.5,"B",NA,NA,NA,NA,NA,NA,"N",NA,NA,NA,NA,NA,"buds are dead",0.5
"18",NA,NA,2016,NA,NA,"TM2","lower","7","n",NA,NA,NA,NA,NA,NA,NA,9,13,"0.86","19.0",4,"P","0.0","2.0",4,NA,NA,NA,"N",NA,NA,NA,NA,NA,NA,0.5
"19",NA,NA,2016,NA,NA,"TM2","lower","7","n",NA,NA,NA,NA,NA,NA,NA,29.5,0,"1.34","17.0",0.75,"P","0.0","0.0",0,NA,NA,NA,"N",NA,NA,NA,NA,NA,NA,1.34
"20",NA,NA,2016,NA,NA,"TM2","lower","7","n",NA,NA,NA,NA,NA,NA,NA,35,0,"1.21","16.0",0.75,"P","0.0","0.0",0,NA,NA,NA,"N",NA,NA,NA,NA,NA,NA,1.21
"21",NA,NA,2016,NA,NA,"TM2","lower","7","n",NA,NA,NA,NA,NA,NA,NA,35,18,"1.35","24.5",7.5,"P","0.0","4.0",6,NA,NA,NA,"N",NA,NA,NA,NA,NA,"broken stem",1.35
"22",NA,NA,2016,NA,NA,"TM2","lower","7.5","n",NA,NA,NA,NA,NA,NA,NA,4,16,"1.63","24.5",5,"X","0.0","3.0",5,NA,NA,NA,"N",NA,NA,NA,NA,NA,NA,1.63
"23",NA,NA,2016,NA,NA,"TM2","lower","7.5","n",NA,NA,NA,NA,NA,NA,NA,15,12,"0.13","5.0",1,"B",NA,NA,NA,NA,NA,NA,"Y",NA,NA,NA,NA,NA,NA,0.5
"24",NA,NA,2016,NA,NA,"TM2","lower","7.5","n",NA,NA,NA,NA,NA,NA,NA,16,6.5,"1.03","3.0",1.5,"V",NA,NA,NA,NA,NA,NA,"Y",NA,NA,NA,NA,NA,NA,1.03
"25",NA,NA,2016,NA,NA,"TM2","lower","8","n",NA,NA,NA,NA,NA,NA,NA,NA,NA,NA,NA,NA,NA,NA,NA,NA,NA,NA,NA,NA,NA,NA,NA,NA,NA,"two that look dead from this year",NA
"26",NA,NA,2016,NA,NA,"TM2","lower","8.5","n",NA,NA,NA,NA,NA,NA,NA,5,13,"1.1","1.5",7.9,"B",NA,NA,NA,NA,NA,NA,"N",NA,NA,NA,NA,NA,"not going to flower",1.1
"27",NA,NA,2016,NA,NA,"TM2","lower","9","n",NA,NA,NA,NA,NA,NA,NA,NA,NA,NA,NA,NA,NA,NA,NA,NA,NA,NA,NA,NA,NA,NA,NA,NA,NA,"nothing",NA
"28",NA,NA,2016,NA,NA,"TM2","lower","9.5","n",NA,NA,NA,NA,NA,NA,NA,NA,NA,NA,NA,NA,NA,NA,NA,NA,NA,NA,NA,NA,NA,NA,NA,NA,NA,"nothing",NA
"29",NA,NA,2016,NA,NA,"TM2","lower","10","n",NA,NA,NA,NA,NA,NA,NA,45,13,"0.33","3.0",0.5,"V",NA,NA,NA,NA,NA,NA,"N",NA,NA,NA,NA,NA,NA,0.5
"30",NA,NA,2016,NA,NA,"TM2","lower","10.5","n",NA,NA,NA,NA,NA,NA,NA,NA,NA,NA,NA,NA,NA,NA,NA,NA,NA,NA,NA,NA,NA,NA,NA,NA,NA,"nothing",NA
"31",NA,NA,2016,NA,NA,"TM2","lower","11","n",NA,NA,NA,NA,NA,NA,NA,NA,NA,NA,NA,NA,NA,NA,NA,NA,NA,NA,NA,NA,NA,NA,NA,NA,NA,"nothing",NA
"32",NA,NA,2016,NA,NA,"TM2","lower","11.5","n",NA,NA,NA,NA,NA,NA,NA,NA,NA,NA,NA,NA,NA,NA,NA,NA,NA,NA,NA,NA,NA,NA,NA,NA,NA,"nothing",NA
"33",NA,NA,2016,NA,NA,"TM2","lower","12","n",NA,NA,NA,NA,NA,NA,NA,NA,NA,NA,NA,NA,NA,NA,NA,NA,NA,NA,NA,NA,NA,NA,NA,NA,NA,"nothing",NA
"34",NA,NA,2016,NA,NA,"TM2","lower","12.5","n",NA,NA,NA,NA,NA,NA,NA,9,0,"1.19","9.0",3.5,"P","0.0","0.0",0,NA,NA,NA,"N",NA,NA,NA,NA,NA,NA,1.19
"35",NA,NA,2016,NA,NA,"TM2","lower","13","n",NA,NA,NA,NA,NA,NA,NA,NA,NA,NA,NA,NA,NA,NA,NA,NA,NA,NA,NA,NA,NA,NA,NA,NA,NA,"nothing",NA
"36",NA,NA,2016,NA,NA,"TM2","lower","13.5","n",NA,NA,NA,NA,NA,NA,NA,9,10,"0.9","13.0",2.3,"S","0.0","2.0",1.8,NA,NA,NA,"N",NA,NA,NA,NA,NA,NA,0.5
"37",NA,NA,2016,NA,NA,"TM2","lower","13.5","n",NA,NA,NA,NA,NA,NA,NA,43,5,"0.9","2.9",0.9,"V",NA,NA,NA,NA,NA,NA,"N",NA,NA,NA,NA,NA,NA,0.5
"38",NA,NA,2016,NA,NA,"TM2","lower","14.5","n",NA,NA,NA,NA,NA,NA,NA,NA,NA,NA,NA,NA,NA,NA,NA,NA,NA,NA,NA,NA,NA,NA,NA,NA,NA,"four dead from this year",NA
"39",NA,NA,2016,NA,NA,"TM2","lower","14.5","n",NA,NA,NA,NA,NA,NA,NA,18,6,"1.11","7.0",0.5,"B",NA,NA,NA,NA,NA,NA,"N",NA,NA,NA,NA,NA,NA,1.11
"40",NA,NA,2016,NA,NA,"TM2","lower","14.5","n",NA,NA,NA,NA,NA,NA,NA,31,8,"1.05","15.5",1,"P","0.0","0.0",0,NA,NA,NA,"N",NA,NA,NA,NA,NA,NA,1.05
"41",NA,NA,2016,NA,NA,"TM2","lower","14.5","n",NA,NA,NA,NA,NA,NA,NA,37,9,"0.96","3.0",1,"V",NA,NA,NA,NA,NA,NA,"N",NA,NA,NA,NA,NA,NA,0.5
"42",NA,NA,2016,NA,NA,"TM2","lower","14.5","n",NA,NA,NA,NA,NA,NA,NA,48,14,"0.8","3.5",0.5,"V",NA,NA,NA,NA,NA,NA,"N",NA,NA,NA,NA,NA,NA,0.5
"43",NA,NA,2016,NA,NA,"TM2","lower","14.5","n",NA,NA,NA,NA,NA,NA,NA,50,14.5,"1.71","4.5",0.9,"V",NA,NA,NA,NA,NA,NA,"N",NA,NA,NA,NA,NA,NA,1.71
"44",NA,NA,2016,NA,NA,"TM2","lower","15","n",NA,NA,NA,NA,NA,NA,NA,0,0,"1.37","17.0",1.5,"P","0.0","0.0",0,NA,NA,NA,"N",NA,NA,NA,NA,NA,"broken stem",1.37
"45",NA,NA,2016,NA,NA,"TM2","lower","15","n",NA,NA,NA,NA,NA,NA,NA,9,16,"1.2","9.5",1.1,"B",NA,NA,NA,NA,NA,NA,"N",NA,NA,NA,NA,NA,NA,1.2
"46",NA,NA,2016,NA,NA,"TM2","lower","15","n",NA,NA,NA,NA,NA,NA,NA,17,18,"1.08","16.5",1.5,"B",NA,NA,NA,NA,NA,NA,"N",NA,NA,NA,NA,NA,NA,1.08
"47",NA,NA,2016,NA,NA,"TM2","lower","15","n",NA,NA,NA,NA,NA,NA,NA,19,19,"0.56","3.5",1,"V",NA,NA,NA,NA,NA,NA,"N",NA,NA,NA,NA,NA,NA,0.5
"48",NA,NA,2016,NA,NA,"TM2","lower","15","n",NA,NA,NA,NA,NA,NA,NA,22,20,"0.49","3.0",0.6,"V",NA,NA,NA,NA,NA,NA,"N",NA,NA,NA,NA,NA,NA,0.5
"49",NA,NA,2016,NA,NA,"TM2","lower","15","n",NA,NA,NA,NA,NA,NA,NA,33,10,"0.69","4.5",0.3,"V",NA,NA,NA,NA,NA,NA,"N",NA,NA,NA,NA,NA,NA,0.5
"50",NA,NA,2016,NA,NA,"TM2","lower","15","n",NA,NA,NA,NA,NA,NA,NA,33.5,9,"1.56","15.5",2.5,"P","0.0","2.0",2.4,NA,NA,NA,"N",NA,NA,NA,NA,NA,NA,1.56
"51",NA,NA,2016,NA,NA,"TM2","lower","15","n",NA,NA,NA,NA,NA,NA,NA,42,4,"0.4","5.0",0.5,"V",NA,NA,NA,NA,NA,NA,"N",NA,NA,NA,NA,NA,NA,0.5
"52",NA,NA,2016,NA,NA,"TM2","lower","15","n",NA,NA,NA,NA,NA,NA,NA,43,7,"0.61","4.5",7,"V",NA,NA,NA,NA,NA,NA,"N",NA,NA,NA,NA,NA,NA,0.5
"53",NA,NA,2016,NA,NA,"TM2","lower","15","n",NA,NA,NA,NA,NA,NA,NA,37,14,"0.42","3.5",0.5,"V",NA,NA,NA,NA,NA,NA,"N",NA,NA,NA,NA,NA,NA,0.5
"54",NA,NA,2016,NA,NA,"TM2","lower","15","n",NA,NA,NA,NA,NA,NA,NA,36,16,"1.21","11.0",1.8,"V",NA,NA,NA,NA,NA,NA,"N",NA,NA,NA,NA,NA,NA,1.21
"55",NA,NA,2016,NA,NA,"TM2","lower","15","n",NA,NA,NA,NA,NA,NA,NA,40,20,"0.97","4.5",1,"V",NA,NA,NA,NA,NA,NA,"N",NA,NA,NA,NA,NA,NA,0.5
"56",NA,NA,2016,NA,NA,"TM2","lower","15","n",NA,NA,NA,NA,NA,NA,NA,44,16.5,"1.26","11.5",2,"B",NA,NA,NA,NA,NA,NA,"N",NA,NA,NA,NA,NA,NA,1.26
"57",NA,NA,2016,NA,NA,"TM2","lower","15","n",NA,NA,NA,NA,NA,NA,NA,43,20,"1.18","16.0",1.3,"P","0.0","0.0",0,NA,NA,NA,"N",NA,NA,NA,NA,NA,NA,1.18
"58",NA,NA,2016,NA,NA,"TM2","lower","15","n",NA,NA,NA,NA,NA,NA,NA,44,9,"0.71","3.5",0.6,"V",NA,NA,NA,NA,NA,NA,"N",NA,NA,NA,NA,NA,NA,0.5
"59",NA,NA,2016,NA,NA,"TM2","lower","15","n",NA,NA,NA,NA,NA,NA,NA,45,12,"0.53","4.2",1,"V",NA,NA,NA,NA,NA,NA,"N",NA,NA,NA,NA,NA,NA,0.5
"60",NA,NA,2016,NA,NA,"TM2","lower","15","n",NA,NA,NA,NA,NA,NA,NA,49,12,"1.12","7.0",0.9,"V",NA,NA,NA,NA,NA,NA,"N",NA,NA,NA,NA,NA,NA,1.12
"61",NA,NA,2016,NA,NA,"TM2","lower","15.5","n",NA,NA,NA,NA,NA,NA,NA,3,4,"1.1","8.5",0.6,"P","0.0","0.0",0,NA,NA,NA,"N",NA,NA,NA,NA,NA,NA,1.1
"62",NA,NA,2016,NA,NA,"TM2","lower","15.5","n",NA,NA,NA,NA,NA,NA,NA,4,14,"1.1","13.2",1.6,"S","0.0","0.0",0,NA,NA,NA,"N",NA,NA,NA,NA,NA,NA,1.1
"63",NA,NA,2016,NA,NA,"TM2","lower","15.5","n",NA,NA,NA,NA,NA,NA,NA,1,17,"0.9","2.4",1,"V",NA,NA,NA,NA,NA,NA,"N",NA,NA,NA,NA,NA,NA,0.5
"64",NA,NA,2016,NA,NA,"TM2","lower","15.5","n",NA,NA,NA,NA,NA,NA,NA,3,18,"0.9","6.5",1.4,"V",NA,NA,NA,NA,NA,NA,"N",NA,NA,NA,NA,NA,NA,0.5
"65",NA,NA,2016,NA,NA,"TM2","lower","15.5","n",NA,NA,NA,NA,NA,NA,NA,6,14,"1.1","13.0",2.4,"B",NA,NA,NA,NA,NA,NA,"N",NA,NA,NA,NA,NA,"buds are dead",1.1
"66",NA,NA,2016,NA,NA,"TM2","lower","15.5","n",NA,NA,NA,NA,NA,NA,NA,8,14,"1.4","17.0",1.3,"P","0.0","1.0",0.4,NA,NA,NA,"N",NA,NA,NA,NA,NA,"pod probably won't have seed",1.4
"67",NA,NA,2016,NA,NA,"TM2","lower","15.5","n",NA,NA,NA,NA,NA,NA,NA,8,14,"0.7","6.5",0.7,"V",NA,NA,NA,NA,NA,NA,"N",NA,NA,NA,NA,NA,NA,0.5
"68",NA,NA,2016,NA,NA,"TM2","lower","15.5","n",NA,NA,NA,NA,NA,NA,NA,50,14.5,"1.71","4.5",0.9,"V",NA,NA,NA,NA,NA,NA,"N",NA,NA,NA,NA,NA,NA,1.71
"69",NA,NA,2016,NA,NA,"TM2","lower","15.5","n",NA,NA,NA,NA,NA,NA,NA,17,15,"0.8","8.4",1.1,"B",NA,NA,NA,NA,NA,NA,"N",NA,NA,NA,NA,NA,"probably won't be anything",0.5
"70",NA,NA,2016,NA,NA,"TM2","lower","15.5","n",NA,NA,NA,NA,NA,NA,NA,23,12,"0.9","4.8",0.7,"B",NA,NA,NA,NA,NA,NA,"N",NA,NA,NA,NA,NA,"1 bud",0.5
"71",NA,NA,2016,NA,NA,"TM2","lower","15.5","n",NA,NA,NA,NA,NA,NA,NA,27,19,"1.3","5.1",1.1,"V",NA,NA,NA,NA,NA,NA,"N",NA,NA,NA,NA,NA,NA,1.3
"72",NA,NA,2016,NA,NA,"TM2","lower","15.5","n",NA,NA,NA,NA,NA,NA,NA,2,34,"0.6","3.4",1,"B",NA,NA,NA,NA,NA,NA,"N",NA,NA,NA,NA,NA,NA,0.5
"73",NA,NA,2016,NA,NA,"TM2","lower","15.5","n",NA,NA,NA,NA,NA,NA,NA,9,16,"1.2","9.5",1.1,"B",NA,NA,NA,NA,NA,NA,"N",NA,NA,NA,NA,NA,NA,1.2
"74",NA,NA,2016,NA,NA,"TM2","lower","15.5","n",NA,NA,NA,NA,NA,NA,NA,12,27,"1.4","13.0",2.5,"P","0.0","1.0",3.2,NA,NA,NA,"N",NA,NA,NA,NA,NA,NA,1.4
"75",NA,NA,2016,NA,NA,"TM2","lower","16","n",NA,NA,NA,NA,NA,NA,NA,6,20,"0.68","11.0",1.5,"F","1.0","1.0",1,NA,NA,NA,"N",NA,NA,NA,NA,NA,NA,0.5
"76",NA,NA,2016,NA,NA,"TM2","lower","16","n",NA,NA,NA,NA,NA,NA,NA,13,7,"1.44","8.0",2.5,"B",NA,NA,NA,NA,NA,NA,"N",NA,NA,NA,NA,NA,NA,1.44
"77",NA,NA,2016,NA,NA,"TM2","lower","16","n",NA,NA,NA,NA,NA,NA,NA,12,15,"0.77","5.5",1.5,"V",NA,NA,NA,NA,NA,NA,"N",NA,NA,NA,NA,NA,NA,0.5
"78",NA,NA,2016,NA,NA,"TM2","lower","16","n",NA,NA,NA,NA,NA,NA,NA,14.5,5,"0.78","10.0",0.5,"P","0.0","0.0",0,NA,NA,NA,"N",NA,NA,NA,NA,NA,NA,0.5
"79",NA,NA,2016,NA,NA,"TM2","lower","16","n",NA,NA,NA,NA,NA,NA,NA,8,4,"1.9","26.0",6.5,"P","0.0","1.0",3,NA,NA,NA,"N",NA,NA,NA,NA,NA,NA,1.9
"80",NA,NA,2016,NA,NA,"TM2","lower","16","n",NA,NA,NA,NA,NA,NA,NA,38,14,"1.16","7.5",0.6,"B",NA,NA,NA,NA,NA,NA,"N",NA,NA,NA,NA,NA,"buds are dead",1.16
"81",NA,NA,2016,NA,NA,"TM2","lower","16","n",NA,NA,NA,NA,NA,NA,NA,44,15,"1.25","17.0",7,"P","0.0","4.0",5.5,NA,NA,NA,"N",NA,NA,NA,NA,NA,NA,1.25
"82",NA,NA,2016,NA,NA,"TM2","lower","16","n",NA,NA,NA,NA,NA,NA,NA,50,11,"1.93","30.0",11,"P","0.0","9.0",7,NA,NA,NA,"N",NA,NA,NA,NA,NA,NA,1.93
"83",NA,NA,2016,NA,NA,"TM2","lower","16","n",NA,NA,NA,NA,NA,NA,NA,20,19.5,"1.24","15.0",4,"P","0.0","1.0",5,NA,NA,NA,"N",NA,NA,NA,NA,NA,NA,1.24
"84",NA,NA,2016,NA,NA,"TM2","lower","16.5","n",NA,NA,NA,NA,NA,NA,NA,1,12,"2.3","29.0",9,"P","0.0","9.0",7,NA,NA,NA,"N",NA,NA,NA,NA,NA,NA,2.3
"85",NA,NA,2016,NA,NA,"TM2","lower","16.5","n",NA,NA,NA,NA,NA,NA,NA,20,12,"0.8","20.0",3,"P","0.0","1.0",3.5,NA,NA,NA,"N",NA,NA,NA,NA,NA,NA,0.5
"86",NA,NA,2016,NA,NA,"TM2","lower","16.5","n",NA,NA,NA,NA,NA,NA,NA,25,21,"1.75","22.0",5,"P","0.0","2.0",4.5,NA,NA,NA,"N",NA,NA,NA,NA,NA,"broken stem",1.75
"87",NA,NA,2016,NA,NA,"TM2","lower","16.5","n",NA,NA,NA,NA,NA,NA,NA,28,16.5,"1.17","13.0",4,"P","0.0","2.0",5,NA,NA,NA,"N",NA,NA,NA,NA,NA,NA,1.17
"88",NA,NA,2016,NA,NA,"TM2","lower","16.5","n",NA,NA,NA,NA,NA,NA,NA,37,12,"1.87","24.0",7,"P","0.0","3.0",4.5,NA,NA,NA,"N",NA,NA,NA,NA,NA,NA,1.87
"89",NA,NA,2016,NA,NA,"TM2","lower","16.5","n",NA,NA,NA,NA,NA,NA,NA,42,12,"1.13","11.0",1.2,"P","0.0","0.0",0,NA,NA,NA,"N",NA,NA,NA,NA,NA,NA,1.13
"90",NA,NA,2016,NA,NA,"TM2","lower","16.5","n",NA,NA,NA,NA,NA,NA,NA,44,11,"1.66","17.5",3.5,"P","0.0","4.0",5.5,NA,NA,NA,"N",NA,NA,NA,NA,NA,"broken stem",1.66
"91",NA,NA,2016,NA,NA,"TM2","lower","17","n",NA,NA,NA,NA,NA,NA,NA,4,15,"1.7","14.0",4.5,"P","0.0","3.0",7.3,NA,NA,NA,"N",NA,NA,NA,NA,NA,NA,1.7
"92",NA,NA,2016,NA,NA,"TM2","lower","17","n",NA,NA,NA,NA,NA,NA,NA,6,19,"1.7","29.0",8,"P","0.0","3.0",5.5,NA,NA,NA,"N",NA,NA,NA,NA,NA,"branched/forked",1.7
"93",NA,NA,2016,NA,NA,"TM2","lower","17.5","n",NA,NA,NA,NA,NA,NA,NA,4,5,"1.4","19.0",3.5,"P","0.0","1.0",3.5,NA,NA,NA,"N",NA,NA,NA,NA,NA,NA,1.4
"94",NA,NA,2016,NA,NA,"TM2","lower","17.5","n",NA,NA,NA,NA,NA,NA,NA,9,8,"3.1","30.0",8.1,"P","0.0","11.0",5.2,NA,NA,NA,"N",NA,NA,NA,NA,NA,NA,3.1
"95",NA,NA,2016,NA,NA,"TM2","lower","17.5","n",NA,NA,NA,NA,NA,NA,NA,11,2,"2.4","24.0",12,"P","0.0","6.0",6.8,NA,NA,NA,"N",NA,NA,NA,NA,NA,"branched/forked",2.4
"96",NA,NA,2016,NA,NA,"TM2","lower","17.5","n",NA,NA,NA,NA,NA,NA,NA,19,7,"2.5","29.5",6,"P","0.0","4.0",7.2,NA,NA,NA,"N",NA,NA,NA,NA,NA,NA,2.5
"97",NA,NA,2016,NA,NA,"TM2","lower","17.5","n",NA,NA,NA,NA,NA,NA,NA,31,6,"2.4","30.2",12,"P","2.0","9.0",7.8,NA,NA,NA,"N",NA,NA,NA,NA,NA,NA,2.4
"98",NA,NA,2016,NA,NA,"TM2","lower","17.5","n",NA,NA,NA,NA,NA,NA,NA,33,8,"1.5","22.0",3,"P","0.0","3.0",5.5,NA,NA,NA,"N",NA,NA,NA,NA,NA,NA,1.5
"99",NA,NA,2016,NA,NA,"TM2","lower","17.5","n",NA,NA,NA,NA,NA,NA,NA,35,2,"1.2","7.4",0.8,"V",NA,NA,NA,NA,NA,NA,"N",NA,NA,NA,NA,NA,NA,1.2
"100",NA,NA,2016,NA,NA,"TM2","lower","17.5","n",NA,NA,NA,NA,NA,NA,NA,33,7,"1.42","12.0",5.9,"P","0.0","2.0",3.5,NA,NA,NA,"N",NA,NA,NA,NA,NA,"2 buds",1.42
"101",NA,NA,2016,NA,NA,"TM2","lower","17.5","n",NA,NA,NA,NA,NA,NA,NA,39,6,"2.2","25.0",2.1,"P","0.0","6.0",5.5,NA,NA,NA,"N",NA,NA,NA,NA,NA,"branched/forked",2.2
"102",NA,NA,2016,NA,NA,"TM2","lower","17.5","n",NA,NA,NA,NA,NA,NA,NA,50,0,"2.5","33.0",11,"P","6.0","7.9",0,NA,NA,NA,"N",NA,NA,NA,NA,NA,NA,2.5
"103",NA,NA,2016,NA,NA,"TM2","lower","17.5","n",NA,NA,NA,NA,NA,NA,NA,45,15,"1.8","26.0",5.4,"P","0.0","2.0",4.9,NA,NA,NA,"N",NA,NA,NA,NA,NA,NA,1.8
"104",NA,NA,2016,NA,NA,"TM2","lower","18","n",NA,NA,NA,NA,NA,NA,NA,3,8.5,"1.16","18.0",3.5,"P","0.0","3.0",4,NA,NA,NA,"N",NA,NA,NA,NA,NA,NA,1.16
"105",NA,NA,2016,NA,NA,"TM2","lower","18.5","n",NA,NA,NA,NA,NA,NA,NA,12,20,"1.2","24.5",6,"P","0.0","3.0",5.5,NA,NA,NA,"N",NA,NA,NA,NA,NA,NA,1.2
"106",NA,NA,2016,NA,NA,"TM2","lower","18.5","n",NA,NA,NA,NA,NA,NA,NA,45,10,"0.97","5.0",1,"B",NA,NA,NA,NA,NA,NA,"N",NA,NA,NA,NA,NA,NA,0.5
"107",NA,NA,2016,NA,NA,"TM2","upper","0","n",NA,NA,NA,NA,NA,NA,NA,18,3,"1.09","16.5",NA,"P","0.0","2.0",5.2,NA,NA,NA,"Y",NA,NA,NA,NA,NA,NA,1.09
"108",NA,NA,2016,NA,NA,"TM2","upper","0.5","n",NA,NA,NA,NA,NA,NA,NA,33,3,"0.91","15.7",NA,"P","0.0","0.0",4,NA,NA,NA,"Y",NA,NA,NA,NA,NA,"slight herbivory",0.5
"109",NA,NA,2016,NA,NA,"TM2","upper","0.5","n",NA,NA,NA,NA,NA,NA,NA,47,15,"0.81","10.1",NA,"V",NA,NA,NA,NA,NA,NA,"Y",NA,NA,NA,NA,NA,NA,0.5
"110",NA,NA,2016,NA,NA,"TM2","upper","0.5","n",NA,NA,NA,NA,NA,NA,NA,48,18,"0.5","6.5",NA,"V",NA,NA,NA,NA,NA,NA,"Y",NA,NA,NA,NA,NA,NA,0.5
"111",NA,NA,2016,NA,NA,"TM2","upper","1","n",NA,NA,NA,NA,NA,NA,NA,31,12,"0.88","5.5",NA,"V",NA,NA,NA,NA,NA,NA,"Y",NA,NA,NA,NA,NA,NA,0.5
"112",NA,NA,2016,NA,NA,"TM2","upper","1","n",NA,NA,NA,NA,NA,NA,NA,36.5,1.5,"1.11","11.0",NA,"V",NA,NA,NA,NA,NA,NA,"Y",NA,NA,NA,NA,NA,NA,1.11
"113",NA,NA,2016,NA,NA,"TM2","upper","1","n",NA,NA,NA,NA,NA,NA,NA,44,16,"0.63","2.5",NA,"V",NA,NA,NA,NA,NA,NA,"Y",NA,NA,NA,NA,NA,NA,0.5
"114",NA,NA,2016,NA,NA,"TM2","upper","1","n",NA,NA,NA,NA,NA,NA,NA,46.5,14,"0.87","8.6",NA,"B",NA,NA,NA,NA,NA,NA,"Y",NA,NA,NA,NA,NA,NA,0.5
"115",NA,NA,2016,NA,NA,"TM2","upper","1","n",NA,NA,NA,NA,NA,NA,NA,43,15,"0.79","2.8",NA,"V",NA,NA,NA,NA,NA,NA,"Y",NA,NA,NA,NA,NA,NA,0.5
"116",NA,NA,2016,NA,NA,"TM2","upper","1","n",NA,NA,NA,NA,NA,NA,NA,46,17,"0.68","8.5",NA,"B",NA,NA,NA,NA,NA,NA,"Y",NA,NA,NA,NA,NA,NA,0.5
"117",NA,NA,2016,NA,NA,"TM2","upper","1.5","n",NA,NA,NA,NA,NA,NA,NA,21,12,"0.74","10.0",NA,"P","0.0","1.0",2.5,NA,NA,NA,"?",NA,NA,NA,NA,NA,NA,0.5
"118",NA,NA,2016,NA,NA,"TM2","upper","1.5","n",NA,NA,NA,NA,NA,NA,NA,31,35,"1.06","18.5",NA,"P","0.0","2.0",5.6,NA,NA,NA,"?",NA,NA,NA,NA,NA,NA,1.06
"119",NA,NA,2016,NA,NA,"TM2","upper","1.5","n",NA,NA,NA,NA,NA,NA,NA,39,15,"0.81","8.4",NA,"V",NA,NA,NA,NA,NA,NA,"Y",NA,NA,NA,NA,NA,NA,0.5
"120",NA,NA,2016,NA,NA,"TM2","upper","1.5","n",NA,NA,NA,NA,NA,NA,NA,32,15,"~1","6.0",1,"V",NA,NA,NA,NA,NA,NA,"Y",NA,NA,NA,NA,NA,NA,0.5
"121",NA,NA,2016,NA,NA,"TM2","upper","1.5","n",NA,NA,NA,NA,NA,NA,NA,NA,NA,"~1","22.5",1,"V",NA,NA,NA,NA,NA,NA,"Y",NA,NA,NA,NA,NA,NA,0.5
"122",NA,NA,2016,NA,NA,"TM2","upper","1.5","n",NA,NA,NA,NA,NA,NA,NA,NA,NA,"~1","4.8",1,"V",NA,NA,NA,NA,NA,NA,"Y",NA,NA,NA,NA,NA,NA,0.5
"123",NA,NA,2016,NA,NA,"TM2","upper","1.5","n",NA,NA,NA,NA,NA,NA,NA,NA,NA,"~1","11.5",1,"P","0.0","2.0",3,NA,NA,NA,"Y",NA,NA,NA,NA,NA,NA,0.5
"124",NA,NA,2016,NA,NA,"TM2","upper","1.5","n",NA,NA,NA,NA,NA,NA,NA,NA,NA,"~1","17.6",1,"P","0.0","1.0",4.5,NA,NA,NA,"?",NA,NA,NA,NA,NA,NA,0.5
"125",NA,NA,2016,NA,NA,"TM2","upper","1.5","n",NA,NA,NA,NA,NA,NA,NA,NA,NA,"~1","4.5",1,"V",NA,NA,NA,NA,NA,NA,"Y",NA,NA,NA,NA,NA,NA,0.5
"126",NA,NA,2016,NA,NA,"TM2","upper","1.5","n",NA,NA,NA,NA,NA,NA,NA,NA,NA,"~1","10.7",1,"P","0.0","1.0",3.9,NA,NA,NA,"?",NA,NA,NA,NA,NA,NA,0.5
"127",NA,NA,2016,NA,NA,"TM2","upper","1.5","n",NA,NA,NA,NA,NA,NA,NA,NA,NA,"~1","8.0",1,"V",NA,NA,NA,NA,NA,NA,"Y",NA,NA,NA,NA,NA,NA,0.5
"128",NA,NA,2016,NA,NA,"TM2","upper","1.5","n",NA,NA,NA,NA,NA,NA,NA,NA,NA,"~1","4.3",1,"P","0.0","2.0",3.2,NA,NA,NA,"?",NA,NA,NA,NA,NA,NA,0.5
"129",NA,NA,2016,NA,NA,"TM2","upper","2","n",NA,NA,NA,NA,NA,NA,NA,NA,NA,"~1","17.2",1,"P","0.0","1.0",4.5,NA,NA,NA,"Y",NA,NA,NA,NA,NA,NA,0.5
"130",NA,NA,2016,NA,NA,"TM2","upper","2","n",NA,NA,NA,NA,NA,NA,NA,NA,NA,"~1","4.2",1,"V",NA,NA,NA,NA,NA,NA,"Y",NA,NA,NA,NA,NA,NA,0.5
"131",NA,NA,2016,NA,NA,"TM2","upper","2","n",NA,NA,NA,NA,NA,NA,NA,NA,NA,"~1","6.2",1,"V",NA,NA,NA,NA,NA,NA,"Y",NA,NA,NA,NA,NA,NA,0.5
"132",NA,NA,2016,NA,NA,"TM2","upper","2","n",NA,NA,NA,NA,NA,NA,NA,NA,NA,"~1","13.3",1,"B",NA,NA,NA,NA,NA,NA,"Y",NA,NA,NA,NA,NA,NA,0.5
"133",NA,NA,2016,NA,NA,"TM2","upper","2","n",NA,NA,NA,NA,NA,NA,NA,NA,NA,"~1","9.0",1,"P","0.0","1.0",3.7,NA,NA,NA,"Y",NA,NA,NA,NA,NA,NA,0.5
"134",NA,NA,2016,NA,NA,"TM2","upper","2","n",NA,NA,NA,NA,NA,NA,NA,NA,NA,"~1","12.5",1,"P","0.0","2.0",4.2,NA,NA,NA,"?",NA,NA,NA,NA,NA,NA,0.5
"135",NA,NA,2016,NA,NA,"TM2","upper","2","n",NA,NA,NA,NA,NA,NA,NA,NA,NA,"~1","14.9",1,"P","0.0","2.0",2.8,NA,NA,NA,"?",NA,NA,NA,NA,NA,NA,0.5
"136",NA,NA,2016,NA,NA,"TM2","upper","2","n",NA,NA,NA,NA,NA,NA,NA,NA,NA,"1.2","23.4",1,"P","0.0","2.0",4.5,NA,NA,NA,"Y",NA,NA,NA,NA,NA,NA,1.2
"137",NA,NA,2016,NA,NA,"TM2","upper","2.5","n",NA,NA,NA,NA,NA,NA,NA,NA,NA,"~1","12.5",1,"P","0.0","1.0",5.1,NA,NA,NA,"?",NA,NA,NA,NA,NA,NA,0.5
"138",NA,NA,2016,NA,NA,"TM2","upper","2.5","n",NA,NA,NA,NA,NA,NA,NA,NA,NA,"~1","12.5",1,"P","0.0","1.0",3.7,NA,NA,NA,"Y",NA,NA,NA,NA,NA,NA,0.5
"139",NA,NA,2016,NA,NA,"TM2","upper","2.5","n",NA,NA,NA,NA,NA,NA,NA,NA,NA,"~1","8.8",1,"P","0.0","2.0",2.3,NA,NA,NA,"Y",NA,NA,NA,NA,NA,NA,0.5
"140",NA,NA,2016,NA,NA,"TM2","upper","2.5","n",NA,NA,NA,NA,NA,NA,NA,NA,NA,"~1","10.5",1,"P","0.0","1.0",3.9,NA,NA,NA,"Y",NA,NA,NA,NA,NA,NA,0.5
"141",NA,NA,2016,NA,NA,"TM2","upper","2.5","n",NA,NA,NA,NA,NA,NA,NA,NA,NA,"~1","11.9",1,"S","0.0","1.0",2.1,NA,NA,NA,"N",NA,NA,NA,NA,NA,NA,0.5
"142",NA,NA,2016,NA,NA,"TM2","upper","2.5","n",NA,NA,NA,NA,NA,NA,NA,NA,NA,"~1","10.5",1,"S","0.0","0.0",0,NA,NA,NA,"N",NA,NA,NA,NA,NA,NA,0.5
"143",NA,NA,2016,NA,NA,"TM2","upper","6","n",NA,NA,NA,NA,NA,NA,NA,NA,NA,"~1","18.3",1,"P","0.0","2.0",5.5,NA,NA,NA,"Y",NA,NA,NA,NA,NA,NA,0.5
"144",NA,NA,2016,NA,NA,"TM2","upper","6","n",NA,NA,NA,NA,NA,NA,NA,NA,NA,"~1","8.5",1,"P","0.0","1.0",2.2,NA,NA,NA,"N",NA,NA,NA,NA,NA,NA,0.5
"145",NA,NA,2016,NA,NA,"TM2","upper","6.5","n",NA,NA,NA,NA,NA,NA,NA,NA,NA,"~1","8.4",1,"P","0.0","1.0",2.5,NA,NA,NA,"Y",NA,NA,NA,NA,NA,NA,0.5
"146",NA,NA,2016,NA,NA,"TM2","upper","6.5","n",NA,NA,NA,NA,NA,NA,NA,NA,NA,"~1","7.2",1,"S","0.0","1.0",1.2,NA,NA,NA,"N",NA,NA,NA,NA,NA,NA,0.5
"147",NA,NA,2016,NA,NA,"TM2","upper","6.5","n",NA,NA,NA,NA,NA,NA,NA,NA,NA,"~1","9.9",1,"P","0.0","1.0",2.9,NA,NA,NA,"N",NA,NA,NA,NA,NA,NA,0.5
"148",NA,NA,2016,NA,NA,"TM2","upper","6.5","n",NA,NA,NA,NA,NA,NA,NA,NA,NA,"~1","15.4",1,"P","0.0","1.0",4.3,NA,NA,NA,"Y",NA,NA,NA,NA,NA,NA,0.5
"149",NA,NA,2016,NA,NA,"TM2","upper","7","y",NA,NA,NA,NA,NA,NA,NA,NA,NA,"~1","6.4",1,"P","0.0","1.0",2.5,NA,NA,NA,"Y",NA,NA,NA,NA,NA,NA,0.5
"150",NA,NA,2016,NA,NA,"TM2","upper","7","y",NA,NA,NA,NA,NA,NA,NA,NA,NA,"1.5","19.5",2,"P","0.0","4.0",6.2,NA,NA,NA,"Y",NA,NA,NA,NA,NA,NA,1.5
"151",NA,NA,2016,NA,NA,"TM2","upper","7","y",NA,NA,NA,NA,NA,NA,NA,NA,NA,"~1","13.5",1,"P","0.0","3.0",3.3,NA,NA,NA,"N",NA,NA,NA,NA,NA,NA,0.5
"152",NA,NA,2016,NA,NA,"TM2","upper","7","y",NA,NA,NA,NA,NA,NA,NA,NA,NA,"~1","10.6",1,"P","0.0","2.0",1.8,NA,NA,NA,"?",NA,NA,NA,NA,NA,NA,0.5
"153",NA,NA,2016,NA,NA,"TM2","upper","7","y",NA,NA,NA,NA,NA,NA,NA,NA,NA,"~1","9.5",1,"B",NA,NA,NA,NA,NA,NA,"Y",NA,NA,NA,NA,NA,NA,0.5
"154",NA,NA,2016,NA,NA,"TM2","upper","7","y",NA,NA,NA,NA,NA,NA,NA,NA,NA,"~1","15.5",1,"S","0.0","1.0",2.9,NA,NA,NA,"N",NA,NA,NA,NA,NA,NA,0.5
"155",NA,NA,2016,NA,NA,"TM2","upper","7","y",NA,NA,NA,NA,NA,NA,NA,NA,NA,"~1","22.8",1,"P","0.0","3.0",6.2,NA,NA,NA,"N",NA,NA,NA,NA,NA,NA,0.5
"156",NA,NA,2016,NA,NA,"TM2","upper","7","y",NA,NA,NA,NA,NA,NA,NA,NA,NA,"~1","17.3",1,"P","0.0","2.0",4.6,NA,NA,NA,"?",NA,NA,NA,NA,NA,NA,0.5
"157",NA,NA,2016,NA,NA,"TM2","upper","7","y",NA,NA,NA,NA,NA,NA,NA,NA,NA,"~1","12.0",1,"P","0.0","2.0",4.5,NA,NA,NA,"?",NA,NA,NA,NA,NA,NA,0.5
"158",NA,NA,2016,NA,NA,"TM2","upper","7","y",NA,NA,NA,NA,NA,NA,NA,NA,NA,"~1","4.5",1,"S","0.0","1.0",2,NA,NA,NA,"Y",NA,NA,NA,NA,NA,NA,0.5
"159",NA,NA,2016,NA,NA,"TM2","upper","7","y",NA,NA,NA,NA,NA,NA,NA,NA,NA,"~1","7.3",1,"V",NA,NA,NA,NA,NA,NA,"Y",NA,NA,NA,NA,NA,NA,0.5
"160",NA,NA,2016,NA,NA,"TM2","upper","7","y",NA,NA,NA,NA,NA,NA,NA,NA,NA,"~1","13.6",1,"P","0.0","2.0",4.1,NA,NA,NA,"N",NA,NA,NA,NA,NA,NA,0.5
"161",NA,NA,2016,NA,NA,"TM2","upper","7.5","n",NA,NA,NA,NA,NA,NA,NA,NA,NA,"~1","24.3",1,"P","0.0","3.0",5.4,NA,NA,NA,"?",NA,NA,NA,NA,NA,NA,0.5
"162",NA,NA,2016,NA,NA,"TM2","upper","7.5","n",NA,NA,NA,NA,NA,NA,NA,NA,NA,"~1","24.1",1,"P","0.0","1.0",5.7,NA,NA,NA,"Y",NA,NA,NA,NA,NA,NA,0.5
"163",NA,NA,2016,NA,NA,"TM2","upper","7.5","n",NA,NA,NA,NA,NA,NA,NA,NA,NA,"~1","15.3",1,"P","0.0","1.0",4.8,NA,NA,NA,"Y",NA,NA,NA,NA,NA,NA,0.5
"164",NA,NA,2016,NA,NA,"TM2","upper","7.5","n",NA,NA,NA,NA,NA,NA,NA,NA,NA,"~1","16.1",2,"P","0.0","4.0",3.9,NA,NA,NA,"Y",NA,NA,NA,NA,NA,NA,0.5
"165",NA,NA,2016,NA,NA,"TM2","upper","7.5","n",NA,NA,NA,NA,NA,NA,NA,NA,NA,"~1","20.2",1,"P","0.0","1.0",4.7,NA,NA,NA,"Y",NA,NA,NA,NA,NA,NA,0.5
"166",NA,NA,2016,NA,NA,"TM2","upper","7.5","n",NA,NA,NA,NA,NA,NA,NA,NA,NA,"<1","9.6",1,"S","0.0","0.0",0,NA,NA,NA,"?",NA,NA,NA,NA,NA,NA,0.5
"167",NA,NA,2016,NA,NA,"TM2","upper","7.5","n",NA,NA,NA,NA,NA,NA,NA,NA,NA,"<1","14.4",1,"P","0.0","2.0",4.6,NA,NA,NA,"Y",NA,NA,NA,NA,NA,NA,0.5
"168",NA,NA,2016,NA,NA,"TM2","upper","7.5","n",NA,NA,NA,NA,NA,NA,NA,NA,NA,"~1","18.1",1,"P","0.0","2.0",4.7,NA,NA,NA,"Y",NA,NA,NA,NA,NA,NA,0.5
"169",NA,NA,2016,NA,NA,"TM2","upper","7.5","n",NA,NA,NA,NA,NA,NA,NA,NA,NA,"~1","12.0",1,"B",NA,NA,NA,NA,NA,NA,"Y",NA,NA,NA,NA,NA,NA,0.5
"170",NA,NA,2016,NA,NA,"TM2","upper","7.5","n",NA,NA,NA,NA,NA,NA,NA,NA,NA,"<1","10.7",1,"P","0.0","1.0",3.2,NA,NA,NA,"Y",NA,NA,NA,NA,NA,NA,0.5
"171",NA,NA,2016,NA,NA,"TM2","upper","7.5","n",NA,NA,NA,NA,NA,NA,NA,NA,NA,"<1","7.5",1,"B",NA,NA,NA,NA,NA,NA,"?",NA,NA,NA,NA,NA,NA,0.5
"172",NA,NA,2016,NA,NA,"TM2","upper","7.5","n",NA,NA,NA,NA,NA,NA,NA,NA,NA,"<1","8.2",1,"B",NA,NA,NA,NA,NA,NA,"Y",NA,NA,NA,NA,NA,NA,0.5
"173",NA,NA,2016,NA,NA,"TM2","upper","7.5","n",NA,NA,NA,NA,NA,NA,NA,NA,NA,"<1","9.6",1,"B",NA,NA,NA,NA,NA,NA,"Y",NA,NA,NA,NA,NA,NA,0.5
"174",NA,NA,2016,NA,NA,"TM2","upper","7.5","n",NA,NA,NA,NA,NA,NA,NA,NA,NA,"<1","6.0",1,"B",NA,NA,NA,NA,NA,NA,"Y",NA,NA,NA,NA,NA,NA,0.5
"175",NA,NA,2016,NA,NA,"TM2","upper","7.5","n",NA,NA,NA,NA,NA,NA,NA,NA,NA,"<1","9.8",1,"P","0.0","1.0",3.9,NA,NA,NA,"?",NA,NA,NA,NA,NA,NA,0.5
"176",NA,NA,2016,NA,NA,"TM2","upper","7.5","n",NA,NA,NA,NA,NA,NA,NA,NA,NA,"<1","7.5",1,"V",NA,NA,NA,NA,NA,NA,"Y",NA,NA,NA,NA,NA,NA,0.5
"177",NA,NA,2016,NA,NA,"TM2","upper","7.5","n",NA,NA,NA,NA,NA,NA,NA,NA,NA,"~1","16.8",1,"P","0.0","2.0",5.4,NA,NA,NA,"?",NA,NA,NA,NA,NA,NA,0.5
"178",NA,NA,2016,NA,NA,"TM2","upper","7.5","n",NA,NA,NA,NA,NA,NA,NA,NA,NA,"<1","7.6",1,"V",NA,NA,NA,NA,NA,NA,"Y",NA,NA,NA,NA,NA,NA,0.5
"179",NA,NA,2016,NA,NA,"TM2","upper","7.5","n",NA,NA,NA,NA,NA,NA,NA,NA,NA,"<1","13.9",1,"P","0.0","1.0",1.1,NA,NA,NA,"Y",NA,NA,NA,NA,NA,NA,0.5
"180",NA,NA,2016,NA,NA,"TM2","upper","7.5","n",NA,NA,NA,NA,NA,NA,NA,NA,NA,"<1","9.5",1,"P","0.0","1.0",2.8,NA,NA,NA,"Y",NA,NA,NA,NA,NA,NA,0.5
"181",NA,NA,2016,NA,NA,"TM2","upper","7.5","n",NA,NA,NA,NA,NA,NA,NA,NA,NA,"<1","6.7",1,"B",NA,NA,NA,NA,NA,NA,"Y",NA,NA,NA,NA,NA,NA,0.5
"182",NA,NA,2016,NA,NA,"TM2","upper","7.5","n",NA,NA,NA,NA,NA,NA,NA,NA,NA,"<1","10.0",1,"S","0.0","1.0",2.8,NA,NA,NA,"N",NA,NA,NA,NA,NA,NA,0.5
"183",NA,NA,2016,NA,NA,"TM2","upper","7.5","n",NA,NA,NA,NA,NA,NA,NA,NA,NA,"<1","8.6",1,"V",NA,NA,NA,NA,NA,NA,"Y",NA,NA,NA,NA,NA,NA,0.5
"184",NA,NA,2016,NA,NA,"TM2","upper","7.5","n",NA,NA,NA,NA,NA,NA,NA,NA,NA,"~1","11.7",1,"P","0.0","2.0",3.6,NA,NA,NA,"?",NA,NA,NA,NA,NA,NA,0.5
"185",NA,NA,2016,NA,NA,"TM2","upper","7.5","n",NA,NA,NA,NA,NA,NA,NA,NA,NA,"<1","8.9",1,"P","0.0","1.0",2.5,NA,NA,NA,"Y",NA,NA,NA,NA,NA,NA,0.5
"186",NA,NA,2016,NA,NA,"TM2","upper","8","n",NA,NA,NA,NA,NA,NA,NA,NA,NA,"<1","7.7",1,"P","0.0","1.0",2.7,NA,NA,NA,"Y",NA,NA,NA,NA,NA,NA,0.5
"187",NA,NA,2016,NA,NA,"TM2","upper","8","n",NA,NA,NA,NA,NA,NA,NA,NA,NA,"~1","11.7",1,"B","0.0","3.0",3.6,NA,NA,NA,"Y",NA,NA,NA,NA,NA,NA,0.5
"188",NA,NA,2016,NA,NA,"TM2","upper","8","n",NA,NA,NA,NA,NA,NA,NA,NA,NA,"~1","9.5",1,"P","0.0","1.0",2.5,NA,NA,NA,"Y",NA,NA,NA,NA,NA,NA,0.5
"189",NA,NA,2016,NA,NA,"TM2","upper","8","n",NA,NA,NA,NA,NA,NA,NA,NA,NA,"<1","8.0",1,"V",NA,NA,NA,NA,NA,NA,"Y",NA,NA,NA,NA,NA,NA,0.5
"190",NA,NA,2016,NA,NA,"TM2","upper","8","n",NA,NA,NA,NA,NA,NA,NA,NA,NA,"<1","10.2",1,"S","0.0","1.0",10.8,NA,NA,NA,"?",NA,NA,NA,NA,NA,NA,0.5
"191",NA,NA,2016,NA,NA,"TM2","upper","8","n",NA,NA,NA,NA,NA,NA,NA,NA,NA,"~1","16.0",1,"P","0.0","2.0",4.5,NA,NA,NA,"Y",NA,NA,NA,NA,NA,NA,0.5
"192",NA,NA,2016,NA,NA,"TM2","upper","8","n",NA,NA,NA,NA,NA,NA,NA,NA,NA,"<1","13.6",1,"S","0.0","1.0",2.9,NA,NA,NA,"?",NA,NA,NA,NA,NA,NA,0.5
"193",NA,NA,2016,NA,NA,"TM2","upper","8","n",NA,NA,NA,NA,NA,NA,NA,NA,NA,"<1","8.8",1,"P","0.0","1.0",1.4,NA,NA,NA,"Y",NA,NA,NA,NA,NA,NA,0.5
"194",NA,NA,2016,NA,NA,"TM2","upper","8","n",NA,NA,NA,NA,NA,NA,NA,NA,NA,"<1","8.8",1,"S","0.0","1.0",1.9,NA,NA,NA,"?",NA,NA,NA,NA,NA,NA,0.5
"195",NA,NA,2016,NA,NA,"TM2","upper","8","n",NA,NA,NA,NA,NA,NA,NA,NA,NA,"<1","3.0",1,"B",NA,NA,NA,NA,NA,NA,"Y",NA,NA,NA,NA,NA,NA,0.5
"196",NA,NA,2016,NA,NA,"TM2","upper","8","n",NA,NA,NA,NA,NA,NA,NA,NA,NA,"<1","9.1",1,"P","0.0","1.0",3.5,NA,NA,NA,"?",NA,NA,NA,NA,NA,NA,0.5
"197",NA,NA,2016,NA,NA,"TM2","upper","8","n",NA,NA,NA,NA,NA,NA,NA,NA,NA,"~1","10.0",1,"P","0.0","2.0",3.2,NA,NA,NA,"Y",NA,NA,NA,NA,NA,NA,0.5
"198",NA,NA,2016,NA,NA,"TM2","upper","8","n",NA,NA,NA,NA,NA,NA,NA,NA,NA,"<1","14.1",1,"S","0.0","2.0",4.1,NA,NA,NA,"Y",NA,NA,NA,NA,NA,NA,0.5
"199",NA,NA,2016,NA,NA,"TM2","upper","8","n",NA,NA,NA,NA,NA,NA,NA,NA,NA,"<1","7.2",1,"V",NA,NA,NA,NA,NA,NA,"Y",NA,NA,NA,NA,NA,NA,0.5
"200",NA,NA,2016,NA,NA,"TM2","upper","8","n",NA,NA,NA,NA,NA,NA,NA,NA,NA,"<1","11.2",1,"P","0.0","1.0",4.6,NA,NA,NA,"?",NA,NA,NA,NA,NA,NA,0.5
"201",NA,NA,2016,NA,NA,"TM2","upper","8","n",NA,NA,NA,NA,NA,NA,NA,NA,NA,"~1","12.5",1,"P","0.0","2.0",3.9,NA,NA,NA,"Y",NA,NA,NA,NA,NA,NA,0.5
"202",NA,NA,2016,NA,NA,"TM2","upper","8","n",NA,NA,NA,NA,NA,NA,NA,NA,NA,"~1","15.1",1,"S","0.0","1.0",3.8,NA,NA,NA,"?",NA,NA,NA,NA,NA,NA,0.5
"203",NA,NA,2016,NA,NA,"TM2","upper","8","n",NA,NA,NA,NA,NA,NA,NA,NA,NA,"<1","6.3",1,"B",NA,NA,NA,NA,NA,NA,"N",NA,NA,NA,NA,NA,NA,0.5
"204",NA,NA,2016,NA,NA,"TM2","upper","8","n",NA,NA,NA,NA,NA,NA,NA,NA,NA,"<1","7.7",1,"S","0.0","0.0",0,NA,NA,NA,"N",NA,NA,NA,NA,NA,NA,0.5
"205",NA,NA,2016,NA,NA,"TM2","upper","8","n",NA,NA,NA,NA,NA,NA,NA,NA,NA,"<1","7.6",1,"P","0.0","1.0",2,NA,NA,NA,"N",NA,NA,NA,NA,NA,NA,0.5
"206",NA,NA,2016,NA,NA,"TM2","upper","8","n",NA,NA,NA,NA,NA,NA,NA,NA,NA,"~1","21.0",1,"P","0.0","2.0",4.5,NA,NA,NA,"Y",NA,NA,NA,NA,NA,NA,0.5
"207",NA,NA,2016,NA,NA,"TM2","upper","8","n",NA,NA,NA,NA,NA,NA,NA,NA,NA,"<1","7.4",1,"P","0.0","1.0",1.9,NA,NA,NA,"N",NA,NA,NA,NA,NA,NA,0.5
"208",NA,NA,2016,NA,NA,"TM2","upper","8","n",NA,NA,NA,NA,NA,NA,NA,NA,NA,"<1","7.0",1,"B",NA,NA,NA,NA,NA,NA,"Y",NA,NA,NA,NA,NA,NA,0.5
"209",NA,NA,2016,NA,NA,"TM2","upper","8.5","n",NA,NA,NA,NA,NA,NA,NA,NA,NA,"<1","15.2",1,"B",NA,NA,NA,NA,NA,NA,"Y",NA,NA,NA,NA,NA,NA,0.5
"210",NA,NA,2016,NA,NA,"TM2","upper","8.5","n",NA,NA,NA,NA,NA,NA,NA,NA,NA,"<1","11.2",1,"P","0.0","1.0",2.9,NA,NA,NA,"N",NA,NA,NA,NA,NA,NA,0.5
"211",NA,NA,2016,NA,NA,"TM2","upper","8.5","n",NA,NA,NA,NA,NA,NA,NA,NA,NA,"<1","3.3",1,"B",NA,NA,NA,NA,NA,NA,"Y",NA,NA,NA,NA,NA,NA,0.5
"212",NA,NA,2016,NA,NA,"TM2","upper","8.5","n",NA,NA,NA,NA,NA,NA,NA,NA,NA,"<1","7.6",1,"S","0.0","1.0",2.6,NA,NA,NA,"Y",NA,NA,NA,NA,NA,NA,0.5
"213",NA,NA,2016,NA,NA,"TM2","upper","8.5","n",NA,NA,NA,NA,NA,NA,NA,NA,NA,"~1","7.5",1,"P","0.0","1.0",2.1,NA,NA,NA,"?",NA,NA,NA,NA,NA,NA,0.5
"214",NA,NA,2016,NA,NA,"TM2","upper","5.5","n",NA,NA,NA,NA,NA,NA,NA,NA,NA,"~1","13.0",1,"P","0.0","1.0",5,NA,NA,NA,"?",NA,NA,NA,NA,NA,NA,0.5
"215",NA,NA,2016,NA,NA,"TM2","upper","5.5","n",NA,NA,NA,NA,NA,NA,NA,NA,NA,"1.2","20.0",1,"P","0.0","3.0",6.5,NA,NA,NA,"?",NA,NA,NA,NA,NA,NA,1.2
"216",NA,NA,2016,NA,NA,"TM2","upper","5.5","n",NA,NA,NA,NA,NA,NA,NA,NA,NA,"1.2","13.5",1,"P","0.0","3.0",5.1,NA,NA,NA,"?",NA,NA,NA,NA,NA,NA,1.2
"217",NA,NA,2016,NA,NA,"TM2","upper","9","y",NA,NA,NA,NA,NA,NA,NA,NA,NA,"<1","4.0",1,"P","0.0","0.0",0,NA,NA,NA,"Y",NA,NA,NA,NA,NA,NA,0.5
"218",NA,NA,2016,NA,NA,"TM2","upper","9","y",NA,NA,NA,NA,NA,NA,NA,NA,NA,"~1","7.8",1,"P","0.0","2.0",2.7,NA,NA,NA,"Y",NA,NA,NA,NA,NA,NA,0.5
"219",NA,NA,2016,NA,NA,"TM2","upper","9","y",NA,NA,NA,NA,NA,NA,NA,NA,NA,"~1","8.8",1,"P","0.0","1.0",2.9,NA,NA,NA,"N",NA,NA,NA,NA,NA,NA,0.5
"220",NA,NA,2016,NA,NA,"TM2","upper","9.5","n",NA,NA,NA,NA,NA,NA,NA,NA,NA,"<1","4.6",1,"V",NA,NA,NA,NA,NA,NA,"Y",NA,NA,NA,NA,NA,NA,0.5
"221",NA,NA,2016,NA,NA,"TM2","upper","9.5","n",NA,NA,NA,NA,NA,NA,NA,NA,NA,"<1","6.0",1,"B",NA,NA,NA,NA,NA,NA,"N",NA,NA,NA,NA,NA,NA,0.5
"222",NA,NA,2016,NA,NA,"TM2","upper","9.5","n",NA,NA,NA,NA,NA,NA,NA,NA,NA,"<1","7.5",1,"P","0.0","1.0",2,NA,NA,NA,"Y",NA,NA,NA,NA,NA,NA,0.5
"223",NA,NA,2016,NA,NA,"TM2","upper","9.5","n",NA,NA,NA,NA,NA,NA,NA,NA,NA,"~1.3","14.0",1,"S","0.0","2.0",5,NA,NA,NA,"Y",NA,NA,NA,NA,NA,NA,0.5
"224",NA,NA,2016,NA,NA,"TM2","upper","9.5","n",NA,NA,NA,NA,NA,NA,NA,NA,NA,"~1","7.5",1,"P","0.0","1.0",2,NA,NA,NA,"Y",NA,NA,NA,NA,NA,NA,0.5
"225",NA,NA,2016,NA,NA,"TM2","upper","10","y",NA,NA,NA,NA,NA,NA,NA,NA,NA,"<1","8.1",1,"P","0.0","1.0",0.9,NA,NA,NA,"Y",NA,NA,NA,NA,NA,NA,0.5
"226",NA,NA,2016,NA,NA,"TM2","upper","10","y",NA,NA,NA,NA,NA,NA,NA,NA,NA,"<1","3.1",1,"V",NA,NA,NA,NA,NA,NA,"Y",NA,NA,NA,NA,NA,NA,0.5
"227",NA,NA,2016,NA,NA,"TM2","upper","10","y",NA,NA,NA,NA,NA,NA,NA,NA,NA,"~1","19.0",1,"S","0.0","1.0",3.8,NA,NA,NA,"N",NA,NA,NA,NA,NA,NA,0.5
"228",NA,NA,2016,NA,NA,"TM2","upper","10","y",NA,NA,NA,NA,NA,NA,NA,NA,NA,"1.2","23.2",1,"S","0.0","2.0",1.4,NA,NA,NA,"N",NA,NA,NA,NA,NA,NA,1.2
"229",NA,NA,2016,NA,NA,"TM2","upper","10","y",NA,NA,NA,NA,NA,NA,NA,NA,NA,"~1","12.0",1,"P","0.0","1.0",3.4,NA,NA,NA,"Y",NA,NA,NA,NA,NA,NA,0.5
"230",NA,NA,2016,NA,NA,"TM2","upper","10","y",NA,NA,NA,NA,NA,NA,NA,NA,NA,"~1","11.5",1,"P","0.0","1.0",4.3,NA,NA,NA,"N",NA,NA,NA,NA,NA,NA,0.5
"231",NA,NA,2016,NA,NA,"TM2","upper","10","y",NA,NA,NA,NA,NA,NA,NA,NA,NA,"~1.2","13.0",1,"P","0.0","1.0",4.6,NA,NA,NA,"Y",NA,NA,NA,NA,NA,NA,0.5
"232",NA,NA,2016,NA,NA,"TM2","upper","8.5","n",NA,NA,NA,NA,NA,NA,NA,NA,NA,"<1","11.2",1,"P","0.0","1.0",2.7,NA,NA,NA,"N",NA,NA,NA,NA,NA,NA,0.5
"233",NA,NA,2016,NA,NA,"TM2","upper","8.5","n",NA,NA,NA,NA,NA,NA,NA,NA,NA,"<1","3.2",1,"V",NA,NA,NA,NA,NA,NA,"Y",NA,NA,NA,NA,NA,NA,0.5
"234",NA,NA,2016,NA,NA,"TM2","upper","8.5","n",NA,NA,NA,NA,NA,NA,NA,NA,NA,"<1","7.1",1,"P","0.0","1.0",2.6,NA,NA,NA,"N",NA,NA,NA,NA,NA,NA,0.5
"235",NA,NA,2016,NA,NA,"TM2","upper","8.5","n",NA,NA,NA,NA,NA,NA,NA,NA,NA,"<1","7.3",1,"P","0.0","1.0",2.2,NA,NA,NA,"N",NA,NA,NA,NA,NA,NA,0.5
"236",NA,NA,2016,NA,NA,"TM2","upper","10.5","n",NA,NA,NA,NA,NA,NA,NA,NA,NA,"~1","17.6",1,"P","0.0","3.0",4.2,NA,NA,NA,"N",NA,NA,NA,NA,NA,NA,0.5
"237",NA,NA,2016,NA,NA,"TM2","upper","10.5","n",NA,NA,NA,NA,NA,NA,NA,NA,NA,"~1","16.8",1,"P","0.0","1.0",3.8,NA,NA,NA,"N",NA,NA,NA,NA,NA,NA,0.5
"238",NA,NA,2016,NA,NA,"TM2","upper","10.5","n",NA,NA,NA,NA,NA,NA,NA,NA,NA,"<1","15.9",2,"P","0.0","2.0",3.6,NA,NA,NA,"N",NA,NA,NA,NA,NA,NA,0.5
"239",NA,NA,2016,NA,NA,"TM2","upper","10.5","n",NA,NA,NA,NA,NA,NA,NA,NA,NA,"<1","17.0",1,"P","0.0","2.0",3.7,NA,NA,NA,"N",NA,NA,NA,NA,NA,NA,0.5
"240",NA,NA,2016,NA,NA,"TM2","upper","10.5","n",NA,NA,NA,NA,NA,NA,NA,NA,NA,"1.2","16.7",1,"P","0.0","2.0",4.2,NA,NA,NA,"Y",NA,NA,NA,NA,NA,NA,1.2
"241",NA,NA,2016,NA,NA,"TM2","upper","10.5","n",NA,NA,NA,NA,NA,NA,NA,NA,NA,"~1","8.5",1,"P","0.0","1.0",2.5,NA,NA,NA,"N",NA,NA,NA,NA,NA,NA,0.5
"242",NA,NA,2016,NA,NA,"TM2","upper","3","y",NA,NA,NA,NA,NA,NA,NA,NA,NA,"1.2","19.5",1,"P","0.0","4.0",6,NA,NA,NA,"Y",NA,NA,NA,NA,NA,NA,1.2
"243",NA,NA,2016,NA,NA,"TM2","upper","3","y",NA,NA,NA,NA,NA,NA,NA,NA,NA,"~1","12.3",1,"P","0.0","2.0",4.8,NA,NA,NA,"Y",NA,NA,NA,NA,NA,NA,0.5
"244",NA,NA,2016,NA,NA,"TM2","upper","3.5","n",NA,NA,NA,NA,NA,NA,NA,NA,NA,"~1","7.0",1,"V",NA,NA,NA,NA,NA,NA,"Y",NA,NA,NA,NA,NA,NA,0.5
"245",NA,NA,2016,NA,NA,"TM2","upper","3.5","n",NA,NA,NA,NA,NA,NA,NA,NA,NA,"~1","15.5",1,"P","0.0","2.0",3.6,NA,NA,NA,"Y",NA,NA,NA,NA,NA,NA,0.5
"246",NA,NA,2016,NA,NA,"TM2","upper","3.5","n",NA,NA,NA,NA,NA,NA,NA,NA,NA,"~1","16.2",1,"P","0.0","2.0",4,NA,NA,NA,"Y",NA,NA,NA,NA,NA,NA,0.5
"247",NA,NA,2016,NA,NA,"TM2","upper","4","n",NA,NA,NA,NA,NA,NA,NA,NA,NA,"~1","8.0",1,"P","0.0","1.0",3.1,NA,NA,NA,"Y",NA,NA,NA,NA,NA,NA,0.5
"248",NA,NA,2016,NA,NA,"TM2","upper","4","n",NA,NA,NA,NA,NA,NA,NA,NA,NA,"~1","10.2",1,"F","1.0","0.0",NA,NA,NA,NA,"N",NA,NA,NA,NA,NA,NA,0.5
"249",NA,NA,2016,NA,NA,"TM2","upper","4","n",NA,NA,NA,NA,NA,NA,NA,NA,NA,"~1","12.2",1,"S","0.0","1.0",4.2,NA,NA,NA,"?",NA,NA,NA,NA,NA,NA,0.5
"250",NA,NA,2016,NA,NA,"TM2","upper","4","n",NA,NA,NA,NA,NA,NA,NA,NA,NA,"~1","19.5",1,"S","0.0","1.0",5.2,NA,NA,NA,"?",NA,NA,NA,NA,NA,NA,0.5
"251",NA,NA,2016,NA,NA,"TM2","upper","4.5","y",NA,NA,NA,NA,NA,NA,NA,NA,NA,"~1","9.5",1,"P","0.0","2.0",2.5,NA,NA,NA,"Y",NA,NA,NA,NA,NA,NA,0.5
"252",NA,NA,2016,NA,NA,"TM2","upper","4.5","y",NA,NA,NA,NA,NA,NA,NA,NA,NA,"1.2","13.0",1,"P","0.0","4.0",4.1,NA,NA,NA,"?",NA,NA,NA,NA,NA,NA,1.2
"253",NA,NA,2016,NA,NA,"TM2","upper","4.5","y",NA,NA,NA,NA,NA,NA,NA,NA,NA,"~1","8.2",1,"B",NA,NA,NA,NA,NA,NA,"Y",NA,NA,NA,NA,NA,NA,0.5
"254",NA,NA,2016,NA,NA,"TM2","upper","4.5","y",NA,NA,NA,NA,NA,NA,NA,NA,NA,"~1","12.0",1,"P","0.0","1.0",4,NA,NA,NA,"N",NA,NA,NA,NA,NA,NA,0.5
"255",NA,NA,2016,NA,NA,"TM2","upper","4.5","y",NA,NA,NA,NA,NA,NA,NA,NA,NA,"~1","19.0",1,"P","0.0","2.0",4.5,NA,NA,NA,"N",NA,NA,NA,NA,NA,NA,0.5
"256",NA,NA,2016,NA,NA,"TM2","upper","5","n",NA,NA,NA,NA,NA,NA,NA,NA,NA,"~2","22.5",1,"P","0.0","4.0",6.5,NA,NA,NA,"Y",NA,NA,NA,NA,NA,NA,0.5
"257",NA,NA,2016,NA,NA,"TM2","upper","5","n",NA,NA,NA,NA,NA,NA,NA,NA,NA,"~1.2","13.3",1,"P","0.0","2.0",5,NA,NA,NA,"Y",NA,NA,NA,NA,NA,NA,0.5
"258",NA,NA,2016,NA,NA,"TM2","upper","5","n",NA,NA,NA,NA,NA,NA,NA,NA,NA,"~1","12.5",1,"P","0.0","1.0",3.4,NA,NA,NA,"?",NA,NA,NA,NA,NA,NA,0.5
"259",NA,NA,2016,NA,NA,"TM2","upper","5","n",NA,NA,NA,NA,NA,NA,NA,NA,NA,"~1","14.5",1,"P","0.0","1.0",5.4,NA,NA,NA,"?",NA,NA,NA,NA,NA,NA,0.5
"260",NA,NA,2016,NA,NA,"TM2","upper","5","n",NA,NA,NA,NA,NA,NA,NA,NA,NA,"~1","15.5",1,"P","0.0","1.0",3.3,NA,NA,NA,"N",NA,NA,NA,NA,NA,NA,0.5
"261",NA,NA,2016,NA,NA,"TM2","upper","5","n",NA,NA,NA,NA,NA,NA,NA,NA,NA,"~1","12.5",1,"P","0.0","1.0",3.2,NA,NA,NA,"Y",NA,NA,NA,NA,NA,NA,0.5
"262",NA,NA,2016,NA,NA,"TM2","upper","5","n",NA,NA,NA,NA,NA,NA,NA,NA,NA,"~1","9.2",1,"S","0.0","1.0",4.5,NA,NA,NA,"N",NA,NA,NA,NA,NA,NA,0.5
"263",NA,NA,2016,NA,NA,"TM2","upper","5","n",NA,NA,NA,NA,NA,NA,NA,NA,NA,"~1","5.5",1,"P","0.0","1.0",1.5,NA,NA,NA,"Y",NA,NA,NA,NA,NA,NA,0.5
"264",NA,NA,2016,NA,NA,"TM2","upper","5.5","n",NA,NA,NA,NA,NA,NA,NA,NA,NA,"~1","8.5",1,"V",NA,NA,NA,NA,NA,NA,"Y",NA,NA,NA,NA,NA,NA,0.5
"265",NA,NA,2016,NA,NA,"TM2","upper","5.5","n",NA,NA,NA,NA,NA,NA,NA,NA,NA,"~1","8.0",1,"V",NA,NA,NA,NA,NA,NA,"Y",NA,NA,NA,NA,NA,NA,0.5
"266",NA,NA,2016,NA,NA,"TM2","upper","5.5","n",NA,NA,NA,NA,NA,NA,NA,NA,NA,"~1","12.5",1,"P","0.0","2.0",3.8,NA,NA,NA,"?",NA,NA,NA,NA,NA,NA,0.5
"267",NA,NA,2016,NA,NA,"TM2","upper","5.5","n",NA,NA,NA,NA,NA,NA,NA,NA,NA,"~1","2.0",1,"V",NA,NA,NA,NA,NA,NA,"Y",NA,NA,NA,NA,NA,NA,0.5
"268",NA,NA,2016,NA,NA,"TM2","upper","12","n",NA,NA,NA,NA,NA,NA,NA,NA,NA,"<1","9.3",1,"P","0.0","2.0",2.8,NA,NA,NA,"Y",NA,NA,NA,NA,NA,NA,0.5
"269",NA,NA,2016,NA,NA,"TM2","upper","12","n",NA,NA,NA,NA,NA,NA,NA,NA,NA,"<1","14.3",1,"B","0.0","1.0",3.5,NA,NA,NA,"Y",NA,NA,NA,NA,NA,NA,0.5
"270",NA,NA,2016,NA,NA,"TM2","upper","12","n",NA,NA,NA,NA,NA,NA,NA,NA,NA,"<1","10.1",1,"F","1.0","0.0",0,NA,NA,NA,"Y",NA,NA,NA,NA,NA,NA,0.5
"271",NA,NA,2016,NA,NA,"TM2","upper","12","n",NA,NA,NA,NA,NA,NA,NA,NA,NA,"~1","14.4",1,"P","0.0","2.0",4.1,NA,NA,NA,"Y",NA,NA,NA,NA,NA,NA,0.5
"272",NA,NA,2016,NA,NA,"TM2","upper","12","n",NA,NA,NA,NA,NA,NA,NA,NA,NA,"<1","3.0",1,"B",NA,NA,NA,NA,NA,NA,"Y",NA,NA,NA,NA,NA,NA,0.5
"273",NA,NA,2016,NA,NA,"TM2","upper","12","n",NA,NA,NA,NA,NA,NA,NA,NA,NA,"<1","6.8",1,"B","0.0","1.0",0.7,NA,NA,NA,"Y",NA,NA,NA,NA,NA,NA,0.5
"274",NA,NA,2016,NA,NA,"TM2","upper","12","n",NA,NA,NA,NA,NA,NA,NA,NA,NA,"~1","11.1",1,"B","1.0","0.0",0,NA,NA,NA,"Y",NA,NA,NA,NA,NA,NA,0.5
"275",NA,NA,2016,NA,NA,"TM2","upper","12","n",NA,NA,NA,NA,NA,NA,NA,NA,NA,"~1","10.1",1,"P","0.0","2.0",2.7,NA,NA,NA,"Y",NA,NA,NA,NA,NA,NA,0.5
"276",NA,NA,2016,NA,NA,"TM2","upper","12","n",NA,NA,NA,NA,NA,NA,NA,NA,NA,"<1","3.2",1,"V",NA,NA,NA,NA,NA,NA,"Y",NA,NA,NA,NA,NA,NA,0.5
"277",NA,NA,2016,NA,NA,"TM2","upper","12","n",NA,NA,NA,NA,NA,NA,NA,NA,NA,"1.1","19.6",1,"P","0.0","3.0",3.1,NA,NA,NA,"Y",NA,NA,NA,NA,NA,NA,1.1
"278",NA,NA,2016,NA,NA,"TM2","upper","12","n",NA,NA,NA,NA,NA,NA,NA,NA,NA,"<1","11.2",1,"B",NA,NA,NA,NA,NA,NA,"Y",NA,NA,NA,NA,NA,NA,0.5
"279",NA,NA,2016,NA,NA,"TM2","upper","12","n",NA,NA,NA,NA,NA,NA,NA,NA,NA,"~1","19.7",1,"P","0.0","2.0",3.7,NA,NA,NA,"Y",NA,NA,NA,NA,NA,NA,0.5
"280",NA,NA,2016,NA,NA,"TM2","upper","12","n",NA,NA,NA,NA,NA,NA,NA,NA,NA,"~1","10.0",1,"B",NA,NA,NA,NA,NA,NA,"Y",NA,NA,NA,NA,NA,NA,0.5
"281",NA,NA,2016,NA,NA,"TM2","upper","12","n",NA,NA,NA,NA,NA,NA,NA,NA,NA,"<1","11.1",1,"F","1.0","1.0",2.1,NA,NA,NA,"Y",NA,NA,NA,NA,NA,NA,0.5
"282",NA,NA,2016,NA,NA,"TM2","upper","12.5","n",NA,NA,NA,NA,NA,NA,NA,NA,NA,"<1","7.0",1,"V",NA,NA,NA,NA,NA,NA,"Y",NA,NA,NA,NA,NA,NA,0.5
"283",NA,NA,2016,NA,NA,"TM2","upper","12.5","n",NA,NA,NA,NA,NA,NA,NA,NA,NA,"<1","6.6",1,"B","0.0","1.0",1.3,NA,NA,NA,"Y",NA,NA,NA,NA,NA,NA,0.5
"284",NA,NA,2016,NA,NA,"TM2","upper","12.5","n",NA,NA,NA,NA,NA,NA,NA,NA,NA,"<1","8.3",1,"P","0.0","1.0",2.2,NA,NA,NA,"Y",NA,NA,NA,NA,NA,NA,0.5
"285",NA,NA,2016,NA,NA,"TM2","upper","12.5","n",NA,NA,NA,NA,NA,NA,NA,NA,NA,"<1","4.2",1,"V",NA,NA,NA,NA,NA,NA,"Y",NA,NA,NA,NA,NA,NA,0.5
"286",NA,NA,2016,NA,NA,"TM2","upper","12.5","n",NA,NA,NA,NA,NA,NA,NA,NA,NA,"<1","3.7",1,"V",NA,NA,NA,NA,NA,NA,"Y",NA,NA,NA,NA,NA,NA,0.5
"287",NA,NA,2016,NA,NA,"TM2","upper","12.5","n",NA,NA,NA,NA,NA,NA,NA,NA,NA,"~1","10.6",1,"B","0.0","1.0",1.7,NA,NA,NA,"Y",NA,NA,NA,NA,NA,NA,0.5
"288",NA,NA,2016,NA,NA,"TM2","upper","12.5","n",NA,NA,NA,NA,NA,NA,NA,NA,NA,"~1","14.3",1,"P","0.0","1.0",4.5,NA,NA,NA,"Y",NA,NA,NA,NA,NA,NA,0.5
"289",NA,NA,2016,NA,NA,"TM2","upper","12.5","n",NA,NA,NA,NA,NA,NA,NA,NA,NA,"~1","11.6",1,"P","0.0","2.0",2.2,NA,NA,NA,"y",NA,NA,NA,NA,NA,NA,0.5
"290",NA,NA,2016,NA,NA,"TM2","upper","12.5","n",NA,NA,NA,NA,NA,NA,NA,NA,NA,"~1","15.2",1,"B","1.0","1.0",2.5,NA,NA,NA,"Y",NA,NA,NA,NA,NA,NA,0.5
"291",NA,NA,2016,NA,NA,"TM2","upper","12.5","n",NA,NA,NA,NA,NA,NA,NA,NA,NA,"~1","4.1",1,"V",NA,NA,NA,NA,NA,NA,"Y",NA,NA,NA,NA,NA,NA,0.5
"292",NA,NA,2016,NA,NA,"TM2","upper","12.5","n",NA,NA,NA,NA,NA,NA,NA,NA,NA,"<1","9.2",1,"P","0.0","1.0",2.3,NA,NA,NA,"Y",NA,NA,NA,NA,NA,NA,0.5
"293",NA,NA,2016,NA,NA,"TM2","upper","13","n",NA,NA,NA,NA,NA,NA,NA,NA,NA,"~1","11.5",1,"P","0.0","2.0",4.7,NA,NA,NA,"Y",NA,NA,NA,NA,NA,NA,0.5
"294",NA,NA,2016,NA,NA,"TM2","upper","13","n",NA,NA,NA,NA,NA,NA,NA,NA,NA,"<1","9.0",1,"P","0.0","2.0",1.5,NA,NA,NA,"N",NA,NA,NA,NA,NA,NA,0.5
"295",NA,NA,2016,NA,NA,"TM2","upper","13","n",NA,NA,NA,NA,NA,NA,NA,NA,NA,"<1","13.1",1,"P","0.0","2.0",3.5,NA,NA,NA,"Y",NA,NA,NA,NA,NA,NA,0.5
"296",NA,NA,2016,NA,NA,"TM2","upper","13","n",NA,NA,NA,NA,NA,NA,NA,NA,NA,"1.1","13.9",1,"B",NA,NA,NA,NA,NA,NA,"Y",NA,NA,NA,NA,NA,NA,1.1
"297",NA,NA,2016,NA,NA,"TM2","upper","13","n",NA,NA,NA,NA,NA,NA,NA,NA,NA,"~1","13.2",2,"B","1.0","1.0",2.1,NA,NA,NA,"Y",NA,NA,NA,NA,NA,NA,0.5
"298",NA,NA,2016,NA,NA,"TM2","upper","13","n",NA,NA,NA,NA,NA,NA,NA,NA,NA,"1.2","10.4",1,"S","0.0","0.0",0,NA,NA,NA,"Y",NA,NA,NA,NA,NA,NA,1.2
"299",NA,NA,2016,NA,NA,"TM2","upper","13","n",NA,NA,NA,NA,NA,NA,NA,NA,NA,"<1","7.1",1,"B",NA,NA,NA,NA,NA,NA,"Y",NA,NA,NA,NA,NA,NA,0.5
"300",NA,NA,2016,NA,NA,"TM2","upper","13","n",NA,NA,NA,NA,NA,NA,NA,NA,NA,"<1","3.4",1,"V",NA,NA,NA,NA,NA,NA,"N",NA,NA,NA,NA,NA,NA,0.5
"301",NA,NA,2016,NA,NA,"TM2","upper","13","n",NA,NA,NA,NA,NA,NA,NA,NA,NA,"1.5","22.2",1,"P","0.0","6.0",5.5,NA,NA,NA,"Y",NA,NA,NA,NA,NA,NA,1.5
"302",NA,NA,2016,NA,NA,"TM2","upper","13","n",NA,NA,NA,NA,NA,NA,NA,NA,NA,"<1","4.4",1,"B","0.0","0.0",0,NA,NA,NA,"Y",NA,NA,NA,NA,NA,NA,0.5
"303",NA,NA,2016,NA,NA,"TM2","upper","13.5","n",NA,NA,NA,NA,NA,NA,NA,NA,NA,"~1","11.1",2,"B","1.0","0.0",0,NA,NA,NA,"Y",NA,NA,NA,NA,NA,NA,0.5
"304",NA,NA,2016,NA,NA,"TM2","upper","13.5","n",NA,NA,NA,NA,NA,NA,NA,NA,NA,"<1","6.1",1,"P","0.0","1.0",1.8,NA,NA,NA,"Y",NA,NA,NA,NA,NA,NA,0.5
"305",NA,NA,2016,NA,NA,"TM2","upper","13.5","n",NA,NA,NA,NA,NA,NA,NA,NA,NA,"<1","2.5",1,"V",NA,NA,NA,NA,NA,NA,"Y",NA,NA,NA,NA,NA,NA,0.5
"306",NA,NA,2016,NA,NA,"TM2","upper","13.5","n",NA,NA,NA,NA,NA,NA,NA,NA,NA,"<1","10.5",1,"P","0.0","1.0",3.5,NA,NA,NA,"N",NA,NA,NA,NA,NA,NA,0.5
"307",NA,NA,2016,NA,NA,"TM2","upper","13.5","n",NA,NA,NA,NA,NA,NA,NA,NA,NA,"~1","10.1",1,"B",NA,NA,NA,NA,NA,NA,"Y",NA,NA,NA,NA,NA,NA,0.5
"308",NA,NA,2016,NA,NA,"TM2","upper","13.5","n",NA,NA,NA,NA,NA,NA,NA,NA,NA,"<1","8.4",1,"F","1.0","1.0",2,NA,NA,NA,"Y",NA,NA,NA,NA,NA,NA,0.5
"309",NA,NA,2016,NA,NA,"TM2","upper","13.5","n",NA,NA,NA,NA,NA,NA,NA,NA,NA,"<1","3.6",1,"V",NA,NA,NA,NA,NA,NA,"Y",NA,NA,NA,NA,NA,NA,0.5
"310",NA,NA,2016,NA,NA,"TM2","upper","13.5","n",NA,NA,NA,NA,NA,NA,NA,NA,NA,"<1","1.6",1,"V",NA,NA,NA,NA,NA,NA,"N",NA,NA,NA,NA,NA,NA,0.5
"311",NA,NA,2016,NA,NA,"TM2","upper","13.5","n",NA,NA,NA,NA,NA,NA,NA,NA,NA,"<1","16.8",1,"P","0.0","2.0",3.3,NA,NA,NA,"Y",NA,NA,NA,NA,NA,NA,0.5
"312",NA,NA,2016,NA,NA,"TM2","upper","13.5","n",NA,NA,NA,NA,NA,NA,NA,NA,NA,"~1","5.5",1,"B",NA,NA,NA,NA,NA,NA,"Y",NA,NA,NA,NA,NA,NA,0.5
"313",NA,NA,2016,NA,NA,"TM2","upper","13.5","n",NA,NA,NA,NA,NA,NA,NA,NA,NA,"<1","2.3",1,"V",NA,NA,NA,NA,NA,NA,"?",NA,NA,NA,NA,NA,NA,0.5
"314",NA,NA,2016,NA,NA,"TM2","upper","13.5","n",NA,NA,NA,NA,NA,NA,NA,NA,NA,"<1","4.6",1,"V",NA,NA,NA,NA,NA,NA,"Y",NA,NA,NA,NA,NA,NA,0.5
"315",NA,NA,2016,NA,NA,"TM2","upper","13.5","n",NA,NA,NA,NA,NA,NA,NA,NA,NA,"~1","12.5",1,"P","0.0","2.0",2.9,NA,NA,NA,"Y",NA,NA,NA,NA,NA,NA,0.5
"316",NA,NA,2016,NA,NA,"TM2","upper","13.5","n",NA,NA,NA,NA,NA,NA,NA,NA,NA,"~1","12.6",1,"B","1.0","0.0",0,NA,NA,NA,"Y",NA,NA,NA,NA,NA,NA,0.5
"317",NA,NA,2016,NA,NA,"TM2","upper","13.5","n",NA,NA,NA,NA,NA,NA,NA,NA,NA,"~1","4.5",1,"B","0.0","1.0",2.5,NA,NA,NA,"Y",NA,NA,NA,NA,NA,NA,0.5
"318",NA,NA,2016,NA,NA,"TM2","upper","13.5","n",NA,NA,NA,NA,NA,NA,NA,NA,NA,"<1","2.7",1,"B",NA,NA,NA,NA,NA,NA,"Y",NA,NA,NA,NA,NA,NA,0.5
"319",NA,NA,2016,NA,NA,"TM2","upper","13.5","n",NA,NA,NA,NA,NA,NA,NA,NA,NA,"~1","6.0",1,"V",NA,NA,NA,NA,NA,NA,"Y",NA,NA,NA,NA,NA,NA,0.5
"320",NA,NA,2016,NA,NA,"TM2","upper","10.5","n",NA,NA,NA,NA,NA,NA,NA,NA,NA,"<1","18.5",1,"P","0.0","1.0",3.6,NA,NA,NA,"Y",NA,NA,NA,NA,NA,NA,0.5
"321",NA,NA,2016,NA,NA,"TM2","upper","10.5","n",NA,NA,NA,NA,NA,NA,NA,NA,NA,"<1","14.0",1,"P","0.0","1.0",5.4,NA,NA,NA,"N",NA,NA,NA,NA,NA,NA,0.5
"322",NA,NA,2016,NA,NA,"TM2","upper","10.5","n",NA,NA,NA,NA,NA,NA,NA,NA,NA,"<1","9.4",1,"P","0.0","1.0",3.7,NA,NA,NA,"Y",NA,NA,NA,NA,NA,NA,0.5
"323",NA,NA,2016,NA,NA,"TM2","upper","10.5","n",NA,NA,NA,NA,NA,NA,NA,NA,NA,"<1","17.7",1,"P","0.0","2.0",4.5,NA,NA,NA,"N",NA,NA,NA,NA,NA,NA,0.5
"324",NA,NA,2016,NA,NA,"TM2","upper","11","n",NA,NA,NA,NA,NA,NA,NA,NA,NA,"<1","13.5",1,"F","3.0","0.0",0,NA,NA,NA,"Y",NA,NA,NA,NA,NA,NA,0.5
"325",NA,NA,2016,NA,NA,"TM2","upper","11","n",NA,NA,NA,NA,NA,NA,NA,NA,NA,"<1","1.7",1,"V",NA,NA,NA,NA,NA,NA,"Y",NA,NA,NA,NA,NA,NA,0.5
"326",NA,NA,2016,NA,NA,"TM2","upper","11","n",NA,NA,NA,NA,NA,NA,NA,NA,NA,"<1","5.7",1,"V",NA,NA,NA,NA,NA,NA,"Y",NA,NA,NA,NA,NA,NA,0.5
"327",NA,NA,2016,NA,NA,"TM2","upper","11","n",NA,NA,NA,NA,NA,NA,NA,NA,NA,"<1","2.0",1,"V",NA,NA,NA,NA,NA,NA,"Y",NA,NA,NA,NA,NA,NA,0.5
"328",NA,NA,2016,NA,NA,"TM2","upper","11","n",NA,NA,NA,NA,NA,NA,NA,NA,NA,"<1","9.6",1,"P","0.0","1.0",3.5,NA,NA,NA,"Y",NA,NA,NA,NA,NA,NA,0.5
"329",NA,NA,2016,NA,NA,"TM2","upper","11","n",NA,NA,NA,NA,NA,NA,NA,NA,NA,"<1","14.2",1,"P","0.0","1.0",3.9,NA,NA,NA,"Y",NA,NA,NA,NA,NA,NA,0.5
"330",NA,NA,2016,NA,NA,"TM2","upper","11","n",NA,NA,NA,NA,NA,NA,NA,NA,NA,"<1","7.9",1,"B",NA,NA,NA,NA,NA,NA,"Y",NA,NA,NA,NA,NA,NA,0.5
"331",NA,NA,2016,NA,NA,"TM2","upper","11.5","y",NA,NA,NA,NA,NA,NA,NA,NA,NA,"<1","11.0",1,"B","0.0","1.0",1.5,NA,NA,NA,"Y",NA,NA,NA,NA,NA,NA,0.5
"332",NA,NA,2016,NA,NA,"TM2","upper","11.5","y",NA,NA,NA,NA,NA,NA,NA,NA,NA,"~1","14.8",1,"P","0.0","1.0",3.9,NA,NA,NA,"Y",NA,NA,NA,NA,NA,NA,0.5
"333",NA,NA,2016,NA,NA,"TM2","upper","11.5","y",NA,NA,NA,NA,NA,NA,NA,NA,NA,"~1","8.2",1,"B",NA,NA,NA,NA,NA,NA,"Y",NA,NA,NA,NA,NA,NA,0.5
"334",NA,NA,2016,NA,NA,"TM2","upper","11.5","y",NA,NA,NA,NA,NA,NA,NA,NA,NA,"<1","8.1",1,"B",NA,NA,NA,NA,NA,NA,"Y",NA,NA,NA,NA,NA,NA,0.5
"335",NA,NA,2016,NA,NA,"TM2","upper","11.5","y",NA,NA,NA,NA,NA,NA,NA,NA,NA,"<1","8.7",1,"S","0.0","0.0",0,NA,NA,NA,"Y",NA,NA,NA,NA,NA,NA,0.5
"336",NA,NA,2016,NA,NA,"TM2","upper","11.5","y",NA,NA,NA,NA,NA,NA,NA,NA,NA,"<1","5.9",1,"B",NA,NA,NA,NA,NA,NA,"Y",NA,NA,NA,NA,NA,NA,0.5
"337",NA,NA,2016,NA,NA,"TM2","upper","11.5","y",NA,NA,NA,NA,NA,NA,NA,NA,NA,"<1","5.4",1,"V",NA,NA,NA,NA,NA,NA,"Y",NA,NA,NA,NA,NA,NA,0.5
"338",NA,NA,2016,NA,NA,"TM2","upper","11.5","y",NA,NA,NA,NA,NA,NA,NA,NA,NA,"<1","8.1",1,"B",NA,NA,NA,NA,NA,NA,"Y",NA,NA,NA,NA,NA,NA,0.5
"339",NA,NA,2016,NA,NA,"TM2","upper","11.5","y",NA,NA,NA,NA,NA,NA,NA,NA,NA,"<1","11.6",1,"P","0.0","1.0",3,NA,NA,NA,"Y",NA,NA,NA,NA,NA,NA,0.5
"340",NA,NA,2016,NA,NA,"TM2","upper","11.5","y",NA,NA,NA,NA,NA,NA,NA,NA,NA,"~1","16.6",1,"P","0.0","1.0",2.4,NA,NA,NA,"Y",NA,NA,NA,NA,NA,NA,0.5
"341",NA,NA,2016,NA,NA,"TM2","upper","11.5","y",NA,NA,NA,NA,NA,NA,NA,NA,NA,"<1","8.5",1,"B",NA,NA,NA,NA,NA,NA,"Y",NA,NA,NA,NA,NA,NA,0.5
"342",NA,NA,2016,NA,NA,"TM2","upper","11.5","y",NA,NA,NA,NA,NA,NA,NA,NA,NA,"<1","6.7",1,"B",NA,NA,NA,NA,NA,NA,"N",NA,NA,NA,NA,NA,NA,0.5
"343",NA,NA,2016,NA,NA,"TM2","upper","11.5","y",NA,NA,NA,NA,NA,NA,NA,NA,NA,"~1","13.7",1,"B","0.0","2.0",3.2,NA,NA,NA,"Y",NA,NA,NA,NA,NA,NA,0.5
"344",NA,NA,2016,NA,NA,"TM2","upper","11.5","y",NA,NA,NA,NA,NA,NA,NA,NA,NA,"1.2","14.1",1,"P","0.0","4.0",4.4,NA,NA,NA,"Y",NA,NA,NA,NA,NA,NA,1.2
"345",NA,NA,2016,NA,NA,"TM2","upper","11.5","y",NA,NA,NA,NA,NA,NA,NA,NA,NA,"1.0","15.3",1,"V",NA,NA,NA,NA,NA,NA,"Y",NA,NA,NA,NA,NA,NA,1
"346",NA,NA,2016,NA,NA,"TM2","upper","11.5","y",NA,NA,NA,NA,NA,NA,NA,NA,NA,"<1","3.8",1,"V",NA,NA,NA,NA,NA,NA,"Y",NA,NA,NA,NA,NA,NA,0.5
"347",NA,NA,2016,NA,NA,"TM2","upper","16","y",NA,NA,NA,NA,NA,NA,NA,NA,NA,"1.8","17.4",2,"P","0.0","4.0",5.7,NA,NA,NA,"Y",NA,NA,NA,NA,NA,NA,1.8
"348",NA,NA,2016,NA,NA,"TM2","upper","16","y",NA,NA,NA,NA,NA,NA,NA,NA,NA,"1.4","17.2",2,"P","0.0","3.0",5.3,NA,NA,NA,"Y",NA,NA,NA,NA,NA,NA,1.4
"349",NA,NA,2016,NA,NA,"TM2","upper","16","y",NA,NA,NA,NA,NA,NA,NA,NA,NA,"~1","11.3",1,"P","0.0","1.0",1.2,NA,NA,NA,"Y",NA,NA,NA,NA,NA,NA,0.5
"350",NA,NA,2016,NA,NA,"TM2","upper","16","y",NA,NA,NA,NA,NA,NA,NA,NA,NA,"~1","10.7",1,"V",NA,NA,NA,NA,NA,NA,"Y",NA,NA,NA,NA,NA,NA,0.5
"351",NA,NA,2016,NA,NA,"TM2","upper","16","y",NA,NA,NA,NA,NA,NA,NA,NA,NA,"1.7","23.8",1,"P","0.0","4.0",7.4,NA,NA,NA,"Y",NA,NA,NA,NA,NA,NA,1.7
"352",NA,NA,2016,NA,NA,"TM2","upper","15.5","n",NA,NA,NA,NA,NA,NA,NA,NA,NA,"~1","5.3",1,"V",NA,NA,NA,NA,NA,NA,"Y",NA,NA,NA,NA,NA,NA,0.5
"353",NA,NA,2016,NA,NA,"TM2","upper","15.5","n",NA,NA,NA,NA,NA,NA,NA,NA,NA,"<1","6.1",1,"B",NA,NA,NA,NA,NA,NA,"N",NA,NA,NA,NA,NA,"buds died",0.5
"354",NA,NA,2016,NA,NA,"TM2","upper","15","y",NA,NA,NA,NA,NA,NA,NA,NA,NA,"~1","10.6",1,"F","1.0","1.0",1,NA,NA,NA,"Y",NA,NA,NA,NA,NA,NA,0.5
"355",NA,NA,2016,NA,NA,"TM2","upper","15","y",NA,NA,NA,NA,NA,NA,NA,NA,NA,"~1","11.0",1,"S",NA,"2.0",2.2,NA,NA,NA,"N",NA,NA,NA,NA,NA,NA,0.5
"356",NA,NA,2016,NA,NA,"TM2","upper","15","y",NA,NA,NA,NA,NA,NA,NA,NA,NA,"~1","8.2",1,"B",NA,NA,NA,NA,NA,NA,"Y",NA,NA,NA,NA,NA,NA,0.5
"357",NA,NA,2016,NA,NA,"TM2","upper","15","y",NA,NA,NA,NA,NA,NA,NA,NA,NA,"~1","13.0",1,"P","0.0","1.0",3,NA,NA,NA,"Y",NA,NA,NA,NA,NA,NA,0.5
"358",NA,NA,2016,NA,NA,"TM2","upper","14.5","y",NA,NA,NA,NA,NA,NA,NA,NA,NA,"1.2","8.2",2,"B",NA,NA,NA,NA,NA,NA,"Y",NA,NA,NA,NA,NA,NA,1.2
"359",NA,NA,2016,NA,NA,"TM2","upper","14.5","y",NA,NA,NA,NA,NA,NA,NA,NA,NA,"~1","10.0",1,"V",NA,NA,NA,NA,NA,NA,"Y",NA,NA,NA,NA,NA,"flowers eaten?",0.5
"360",NA,NA,2016,NA,NA,"TM2","upper","14.5","y",NA,NA,NA,NA,NA,NA,NA,NA,NA,"~1","9.6",1,"B",NA,NA,NA,NA,NA,NA,"Y",NA,NA,NA,NA,NA,NA,0.5
"361",NA,NA,2016,NA,NA,"TM2","upper","14.5","y",NA,NA,NA,NA,NA,NA,NA,NA,NA,"<1","6.6",1,NA,"2.0","0.0",0,NA,NA,NA,"Y",NA,NA,NA,NA,NA,NA,0.5
"362",NA,NA,2016,NA,NA,"TM2","upper","14.5","y",NA,NA,NA,NA,NA,NA,NA,NA,NA,"<1","5.8",1,"B",NA,NA,NA,NA,NA,NA,"Y",NA,NA,NA,NA,NA,"1 bud",0.5
"363",NA,NA,2016,NA,NA,"TM2","upper","14.5","y",NA,NA,NA,NA,NA,NA,NA,NA,NA,"<1","7.9",1,"S","0.0","1.0",3.1,NA,NA,NA,"?",NA,NA,NA,NA,NA,NA,0.5
"364",NA,NA,2016,NA,NA,"TM2","upper","14.5","y",NA,NA,NA,NA,NA,NA,NA,NA,NA,"<1","1.7",1,"V","0.0","0.0",0,NA,NA,NA,"N",NA,NA,NA,NA,NA,NA,0.5
"365",NA,NA,2016,NA,NA,"TM2","upper","14.5","y",NA,NA,NA,NA,NA,NA,NA,NA,NA,"<1","2.4",1,"V",NA,NA,NA,NA,NA,NA,"Y",NA,NA,NA,NA,NA,NA,0.5
"366",NA,NA,2016,NA,NA,"TM2","upper","14.5","y",NA,NA,NA,NA,NA,NA,NA,NA,NA,"1.3","16.7",2,"P","0.0","4.0",4.6,NA,NA,NA,"Y",NA,NA,NA,NA,NA,NA,1.3
"367",NA,NA,2016,NA,NA,"TM2","upper","14.5","y",NA,NA,NA,NA,NA,NA,NA,NA,NA,"<1","1.7",1,"V",NA,NA,NA,NA,NA,NA,"Y",NA,NA,NA,NA,NA,NA,0.5
"368",NA,NA,2016,NA,NA,"TM2","upper","14.5","y",NA,NA,NA,NA,NA,NA,NA,NA,NA,"<1","1.9",1,"V",NA,NA,NA,NA,NA,NA,"Y",NA,NA,NA,NA,NA,NA,0.5
"369",NA,NA,2016,NA,NA,"TM2","upper","14.5","y",NA,NA,NA,NA,NA,NA,NA,NA,NA,"~1","6.0",1,"B",NA,NA,NA,NA,NA,NA,"Y",NA,NA,NA,NA,NA,NA,0.5
"370",NA,NA,2016,NA,NA,"TM2","upper","14.5","y",NA,NA,NA,NA,NA,NA,NA,NA,NA,"~1","9.0",1,"B",NA,NA,NA,NA,NA,NA,"Y",NA,NA,NA,NA,NA,NA,0.5
"371",NA,NA,2016,NA,NA,"TM2","upper","14.5","y",NA,NA,NA,NA,NA,NA,NA,NA,NA,"1.2","12.8",1,"P","0.0","2.0",4.7,NA,NA,NA,"Y",NA,NA,NA,NA,NA,NA,1.2
"372",NA,NA,2016,NA,NA,"TM2","upper","14.5","y",NA,NA,NA,NA,NA,NA,NA,NA,NA,"1.2","18.9",2,"P","0.0","3.0",5.9,NA,NA,NA,"Y",NA,NA,NA,NA,NA,NA,1.2
"373",NA,NA,2016,NA,NA,"TM2","upper","14","n",NA,NA,NA,NA,NA,NA,NA,NA,NA,"~1","8.2",1,"F","1.0","1.0",1,NA,NA,NA,"Y",NA,NA,NA,NA,NA,NA,0.5
"374",NA,NA,2016,NA,NA,"TM2","upper","14","n",NA,NA,NA,NA,NA,NA,NA,NA,NA,"1.1","12.1",1,"P","0.0","1.0",2.7,NA,NA,NA,"Y",NA,NA,NA,NA,NA,NA,1.1
"375",NA,NA,2016,NA,NA,"TM2","upper","14","n",NA,NA,NA,NA,NA,NA,NA,NA,NA,"1.3","16.2",1,"P","0.0","4.0",4,NA,NA,NA,"Y",NA,NA,NA,NA,NA,NA,1.3
"376",NA,NA,2016,NA,NA,"TM2","upper","14","n",NA,NA,NA,NA,NA,NA,NA,NA,NA,"1.3","12.5",2,"F","3.0","0.0",0,NA,NA,NA,"Y",NA,NA,NA,NA,NA,NA,1.3
"377",NA,NA,2016,NA,NA,"TM2","upper","14","n",NA,NA,NA,NA,NA,NA,NA,NA,NA,"<1","1.2",1,"V",NA,NA,NA,NA,NA,NA,"Y",NA,NA,NA,NA,NA,NA,0.5
"378",NA,NA,2016,NA,NA,"TM2","upper","14","n",NA,NA,NA,NA,NA,NA,NA,NA,NA,"<1","2.9",1,"V",NA,NA,NA,NA,NA,NA,"Y",NA,NA,NA,NA,NA,NA,0.5
"379",NA,NA,2016,NA,NA,"TM2","upper","14","n",NA,NA,NA,NA,NA,NA,NA,NA,NA,"~1","7.1",1,"B",NA,NA,NA,NA,NA,NA,"Y",NA,NA,NA,NA,NA,NA,0.5
"380",NA,NA,2016,NA,NA,"TM2","upper","14","n",NA,NA,NA,NA,NA,NA,NA,NA,NA,"~1","2.7",2,"V",NA,NA,NA,NA,NA,NA,"Y",NA,NA,NA,NA,NA,NA,0.5
"381",NA,NA,2016,NA,NA,"TM2","upper","14","n",NA,NA,NA,NA,NA,NA,NA,NA,NA,"~1","9.1",1,"F","2.0","0.0",0,NA,NA,NA,"Y",NA,NA,NA,NA,NA,NA,0.5
"382",NA,NA,2016,NA,NA,"TM2","upper","14","n",NA,NA,NA,NA,NA,NA,NA,NA,NA,"<1","1.3",1,"V",NA,NA,NA,NA,NA,NA,"Y",NA,NA,NA,NA,NA,NA,0.5
"383",NA,NA,2016,NA,NA,"TM2","upper","14","n",NA,NA,NA,NA,NA,NA,NA,NA,NA,"<1","1.9",1,"V",NA,NA,NA,NA,NA,NA,"Y",NA,NA,NA,NA,NA,NA,0.5
"384",NA,NA,2017,2017-05-31,NA,"TM2","lower","0.0",NA,NA,NA,NA,NA,NA,NA,NA,NA,NA,NA,NA,NA,NA,NA,NA,NA,NA,NA,NA,NA,NA,NA,NA,NA,NA,"no plants in quadrats 0-2.5",NA
"385",NA,NA,2017,2017-05-31,NA,"TM2","lower","3.5",NA,NA,NA,"orange","green","Y",NA,NA,7,2,"4.26","33.0",NA,"F","4.0","10+ (one aborted)",2.5,NA,NA,NA,"Y","1a 2b",NA,NA,NA,NA,"*in this transect: where 4.5 should be is 4.48m so 2cm off to the right",4.26
"386",NA,NA,2017,2017-05-31,NA,"TM2","lower","3.0",NA,NA,NA,"yellow","fallen out","Y",NA,NA,12,17,"6.89","47.1",NA,"F","8.0","29.0",7.5,NA,NA,NA,"Y","1a",NA,NA,NA,NA,NA,6.89
"387",NA,NA,2017,2017-05-31,NA,"TM2","lower","3.5",NA,NA,NA,"none","none","Y",NA,NA,15,5,"3.96","23.0",NA,"F","4.0","3.0",5.2,NA,NA,NA,"Y","1a 2b",NA,NA,NA,NA,NA,3.96
"388",NA,NA,2017,2017-05-31,NA,"TM2","lower","3.5",NA,NA,NA,"red","yellow","Y",NA,NA,37,10,"2.69","38.0",NA,"F","4.0","13.0",7.3,NA,NA,NA,"Y","1a",NA,NA,NA,NA,NA,2.69
"389",NA,NA,2017,2017-05-31,NA,"TM2","lower","3.5",NA,NA,NA,"orange","yellow","Y",NA,NA,41,8,"3.66","34.0",NA,"F","1.0","14.0",7.4,NA,NA,NA,"Y","1a",NA,NA,NA,NA,NA,3.66
"390",NA,NA,2017,2017-05-31,NA,"TM2","lower","4.0",NA,NA,NA,"orange","green","N",NA,NA,41,3,"1.67","22.1",NA,"P","0.0","2.0",6,NA,NA,NA,"Y","1a",NA,NA,NA,NA,NA,1.67
"391",NA,NA,2017,2017-05-31,NA,"TM2","lower","5.0",NA,NA,NA,"orange","green","N",NA,NA,5,4,"1.62","7.0",NA,"P","0.0","1.0",1.7,NA,NA,NA,"N","0.0",NA,NA,NA,NA,"likely to abort this silique",1.62
"392",NA,NA,2017,2017-05-31,NA,"TM2","lower","4.5",NA,NA,NA,"yellow","green","N",NA,NA,1,11,"1.03","13.1",NA,"P","0.0","2.0",3.2,NA,NA,NA,"Y","1a",NA,NA,NA,NA,NA,1.03
"393",NA,NA,2017,2017-05-31,NA,"TM2","lower","5.0",NA,NA,NA,"red","yellow","Y",NA,NA,45,4,"2.21","27.4",NA,"P","0.0","6.0",7.3,NA,NA,NA,"N","0.0",NA,NA,NA,NA,NA,2.21
"394",NA,NA,2017,2017-05-31,NA,"TM2","lower","4.5",NA,NA,NA,"orange","white",NA,NA,NA,NA,NA,NA,NA,NA,NA,NA,NA,NA,NA,NA,NA,NA,NA,NA,NA,NA,NA,"dead plant",NA
"395",NA,NA,2017,2017-05-31,NA,"TM2","lower","4.5",NA,NA,NA,"red","yellow","Y",NA,NA,3,9,"3.87","32.5",NA,"F","5.0","17.0",7.5,NA,NA,NA,"Y","2b",NA,NA,NA,NA,NA,3.87
"396",NA,NA,2017,2017-05-31,NA,"TM2","lower","5.0",NA,NA,NA,"red","yellow","Y",NA,NA,46,9,"2.11","30.0",NA,"P","0.0","6.0",5.7,NA,NA,NA,"N","0.0",NA,NA,NA,NA,NA,2.11
"397",NA,NA,2017,2017-05-31,NA,"TM2","lower","5.0",NA,NA,NA,"red","green","N",NA,NA,48,6,"0.7","10.0",NA,"P","0.0","1.0",1.8,NA,NA,NA,"N","0.0",NA,NA,NA,NA,NA,0.5
"398",NA,NA,2017,2017-05-31,NA,"TM2","lower","4.5",NA,NA,NA,"orange","green","N",NA,NA,26,8,"0.69","8.2",NA,NA,NA,NA,NA,NA,NA,NA,"Y","2b",NA,NA,NA,NA,"the top is cut",0.5
"399",NA,NA,2017,2017-05-31,NA,"TM2","lower","5.5",NA,NA,NA,"orange","green","N",NA,NA,50,8,"1.21","17.5",NA,"P","0.0","2.0",5.4,NA,NA,NA,"N","0.0",NA,NA,NA,NA,NA,1.21
"400",NA,NA,2017,2017-05-31,NA,"TM2","lower","5.5",NA,NA,NA,"red","none","N",NA,NA,50,9,"0.55","3.1",NA,"V","0.0","0.0",NA,NA,NA,NA,"N","0.0",NA,NA,NA,NA,NA,0.5
"401",NA,NA,2017,2017-05-31,NA,"TM2","lower","4.5",NA,NA,NA,"orange","green","N",NA,NA,26,12,"0.6","7.2",NA,"P","0.0","1.0",2.3,NA,NA,NA,"N","0.0",NA,NA,NA,NA,NA,0.5
"402",NA,NA,2017,2017-05-31,NA,"TM2","lower","4.5",NA,NA,NA,"orange","green","N",NA,NA,30,19,"0.73","13.5",NA,"P","0.0","1.0",3.3,NA,NA,NA,"N","0.0",NA,NA,NA,NA,NA,0.5
"403",NA,NA,2017,2017-05-31,NA,"TM2","lower","4.5",NA,NA,NA,"orange","green","N",NA,NA,31,19.5,"0.74","11.3",NA,"P","0.0","1.0",2.3,NA,NA,NA,"N","0.0",NA,NA,NA,NA,NA,0.5
"404",NA,NA,2017,2017-05-31,NA,"TM2","lower","4.5",NA,NA,NA,"red","green","N",NA,NA,32,19,"1.27","20.0",NA,"P","0.0","2.0",5.5,NA,NA,NA,"Y","1b",NA,NA,NA,NA,NA,1.27
"405",NA,NA,2017,2017-05-31,NA,"TM2","lower","4.5",NA,NA,NA,"red","green","N",NA,NA,33,1,"1.51","18.7",NA,"F","2.0","0.0",NA,NA,NA,NA,"Y","1a 2a",NA,NA,NA,NA,NA,1.51
"406",NA,NA,2017,2017-05-31,NA,"TM2","lower","5.5",NA,NA,NA,"orange","red","N",NA,NA,2,9,"1.37","18.2",NA,"S","0.0","2.0",5.6,NA,NA,NA,"N","0.0",NA,NA,NA,NA,"the top just broke off",1.37
"407",NA,NA,2017,2017-05-31,NA,"TM2","lower","4.5",NA,NA,NA,"orange","green","N",NA,NA,33,9,"<1mm","11.5",NA,"P","1.0","1.0",2.5,NA,NA,NA,"Y","1b",NA,NA,NA,NA,NA,0.5
"408",NA,NA,2017,2017-05-31,NA,"TM2","lower","5.5",NA,NA,NA,"red","none","N",NA,NA,5,16,"<1mm","2.9",NA,"V","0.0","0.0",NA,NA,NA,NA,"N","0.0",NA,NA,NA,NA,NA,0.5
"409",NA,NA,2017,2017-05-31,NA,"TM2","lower","4.5",NA,NA,NA,"yellow","green","N",NA,NA,31,15.5,"<1mm","10.4",NA,"S","0.0","2.0",2.1,NA,NA,NA,"Y","3a",NA,NA,NA,NA,NA,0.5
"410",NA,NA,2017,2017-05-31,NA,"TM2","lower","5.5",NA,NA,NA,"red","white","N",NA,NA,10,2,"<1mm","6.2",NA,"F","1.0","0.0",NA,NA,NA,NA,"N","0.0",NA,NA,NA,NA,NA,0.5
"411",NA,NA,2017,2017-05-31,NA,"TM2","lower","5.5",NA,NA,NA,"red","yellow","Y",NA,NA,22,10,"2.67","28.1",NA,"P","0.0","11.0",5.6,NA,NA,NA,"N","0.0",NA,NA,NA,NA,NA,2.67
"412",NA,NA,2017,2017-05-31,NA,"TM2","lower","4.5",NA,NA,NA,"red","yellow","N",NA,NA,32,14,"<1mm","10.3",NA,"P","2.0","1.0",3,NA,NA,NA,"N","0.0",NA,NA,NA,NA,"(checking note: #flowers entered as 0 but physical data sheet has 0+2)",0.5
"413",NA,NA,2017,2017-05-31,NA,"TM2","lower","5.5",NA,NA,NA,"none","none","N",NA,NA,31,23,"1.17","12.9",NA,"P","0.0","1.0",3.4,NA,NA,NA,"N","0.0",NA,NA,NA,NA,NA,1.17
"414",NA,NA,2017,2017-05-31,NA,"TM2","lower","4.5",NA,NA,NA,"red","none",NA,NA,NA,NA,NA,NA,NA,NA,NA,NA,NA,NA,NA,NA,NA,NA,NA,NA,NA,NA,NA,NA,NA
"415",NA,NA,2017,2017-05-31,NA,"TM2","lower","4.5",NA,NA,NA,"orange","green","N",NA,NA,33,17,"~1mm","24.1",NA,"P","2.0","4.0",5.1,NA,NA,NA,"Y","1b",NA,NA,NA,NA,NA,0.5
"416",NA,NA,2017,2017-05-31,NA,"TM2","lower","5.5",NA,NA,NA,"none","none","N",NA,NA,30,25,"<1mm","8.3",NA,"V",NA,NA,NA,NA,NA,NA,"N","0.0",NA,NA,NA,NA,NA,0.5
"417",NA,NA,2017,2017-05-31,NA,"TM2","lower","5.5",NA,NA,NA,"red","yellow","N",NA,NA,34,9,"<1mm","15.2",NA,"P","0.0","1.0",4.1,NA,NA,NA,"N","0.0",NA,NA,NA,NA,NA,0.5
"418",NA,NA,2017,2017-05-31,NA,"TM2","lower","5.5",NA,NA,NA,"red","yellow","N",NA,NA,36,10,"1.5","20.1",NA,"P","0.0","5.0",3.8,NA,NA,NA,"N","0.0",NA,NA,NA,NA,NA,1.5
"419",NA,NA,2017,2017-05-31,NA,"TM2","lower","4.5",NA,NA,NA,"red","green","N",NA,NA,33,16,"<1mm","12.7",NA,"P","0.0","2.0",2.9,NA,NA,NA,"Y","3a",NA,NA,NA,NA,NA,0.5
"420",NA,NA,2017,2017-05-31,NA,"TM2","lower","4.5",NA,NA,NA,"red","none","N",NA,NA,34,16,"<1mm","6.6",NA,"P","0.0","1.0",3.1,NA,NA,NA,"N","0.0",NA,NA,NA,NA,NA,0.5
"421",NA,NA,2017,2017-05-31,NA,"TM2","lower","5.5",NA,NA,NA,"red","red","N",NA,NA,36,4,"1.46","21.1",NA,"P","0.0","3.0",5.7,NA,NA,NA,"N","0.0",NA,NA,NA,NA,NA,1.46
"422",NA,NA,2017,2017-05-31,NA,"TM2","lower","4.5",NA,NA,NA,"orange","yellow","N",NA,NA,44,6,"<1mm","16.5",NA,"P","0.0","2.0",4.2,NA,NA,NA,"N","0.0",NA,NA,NA,NA,NA,0.5
"423",NA,NA,2017,2017-05-31,NA,"TM2","lower","4.5",NA,NA,NA,"orange","green","N",NA,NA,48,5,NA,NA,NA,NA,NA,NA,NA,NA,NA,NA,NA,NA,NA,NA,NA,NA,NA,NA
"424",NA,NA,2017,2017-05-31,NA,"TM2","lower","6.5",NA,NA,NA,"none","none","N",NA,NA,5,5,"<1mm","13.2",NA,"P","0.0","1.0",4.2,NA,NA,NA,"N","0.0",NA,NA,NA,NA,NA,0.5
"425",NA,NA,2017,2017-05-31,NA,"TM2","lower","4.5",NA,NA,NA,"red","green","N",NA,NA,48,3,"<1mm","18.1",NA,"P","4.0","1.0",5.7,NA,NA,NA,"Y","1a",NA,NA,NA,NA,"(checking note: #flowers entered as 0 but physical data sheet has 0+4)",0.5
"426",NA,NA,2017,2017-05-31,NA,"TM2","lower","6.5",NA,NA,NA,"none","none","N",NA,NA,3,9,"<1mm","8.7",NA,"P","0.0","1.0",2.1,NA,NA,NA,"N","0.0",NA,NA,NA,NA,NA,0.5
"427",NA,NA,2017,2017-05-31,NA,"TM2","lower","4.5",NA,NA,NA,"orange","green","N",NA,NA,48.5,4,"<1mm","11.5",NA,NA,NA,NA,NA,NA,NA,NA,"Y","2b",NA,NA,NA,NA,"a lot of damage",0.5
"428",NA,NA,2017,2017-05-31,NA,"TM2","lower","6.5",NA,NA,NA,"yellow","yellow","N",NA,NA,12,12,"1.37","22.2",NA,"S","0.0","0.0",NA,NA,NA,NA,"N","0.0",NA,NA,NA,NA,NA,1.37
"429",NA,NA,2017,2017-05-31,NA,"TM2","lower","6.5",NA,NA,NA,"orange","red","N",NA,NA,11,13,"<1mm","10.0",NA,"P","0.0","1.0",3.5,NA,NA,NA,"N","0.0",NA,NA,NA,NA,NA,0.5
"430",NA,NA,2017,2017-05-31,NA,"TM2","lower","4.5",NA,NA,NA,"red","yellow","N",NA,NA,49,3,"~1mm","17.1",NA,"P","0.0","3.0",4.6,NA,NA,NA,"Y","1b",NA,NA,NA,NA,NA,0.5
"431",NA,NA,2017,2017-05-31,NA,"TM2","lower","6.5",NA,NA,NA,"red","yellow","Y",NA,NA,9,17,"2.54","26.4",NA,"P","0.0","8.0",5.2,NA,NA,NA,"N","0.0",NA,NA,NA,NA,NA,2.54
"432",NA,NA,2017,2017-05-31,NA,"TM2","lower","4.5",NA,NA,NA,"orange","white","N",NA,NA,49,1,"<1mm","8.3",NA,NA,NA,NA,NA,NA,NA,NA,"Y","2b",NA,NA,NA,NA,"a lot of damage",0.5
"433",NA,NA,2017,2017-05-31,NA,"TM2","lower","6.5",NA,NA,NA,"red","yellow","N",NA,NA,6,19,"1.37","24.8",NA,"P","0.0","2.0",5.8,NA,NA,NA,"N","0.0",NA,NA,NA,NA,NA,1.37
"434",NA,NA,2017,2017-05-31,NA,"TM2","lower","6.5",NA,NA,NA,"red","green","N",NA,NA,38,24,"<1mm","12.1",NA,"P","0.0","1.0",2.9,NA,NA,NA,"N","0.0",NA,NA,NA,NA,NA,0.5
"435",NA,NA,2017,2017-05-31,NA,"TM2","lower","6.5",NA,NA,NA,"red","yellow","N",NA,NA,44,20,"<1mm","19.3",NA,"P","0.0","1.0",4.7,NA,NA,NA,"N","0.0",NA,NA,NA,NA,NA,0.5
"436",NA,NA,2017,2017-05-31,NA,"TM2","lower","6.0",NA,NA,NA,"red","red","N",NA,NA,1,4,"1.48","23.9",NA,"P","0.0","3.0",4.9,NA,NA,NA,"N","0.0",NA,NA,NA,NA,NA,1.48
"437",NA,NA,2017,2017-05-31,NA,"TM2","lower","7.0",NA,NA,NA,"red","yellow","N",NA,NA,1,20,"1.57","26.6",NA,"P","0.0","4.0",5.9,NA,NA,NA,"N","0.0",NA,NA,NA,NA,NA,1.57
"438",NA,NA,2017,2017-05-31,NA,"TM2","lower","6.0",NA,NA,NA,"orange","yellow","N",NA,NA,2,2,"1.29","21.5",NA,"P","0.0","3.0",5.3,NA,NA,NA,"N","0.0",NA,NA,NA,NA,NA,1.29
"439",NA,NA,2017,2017-05-31,NA,"TM2","lower","6.0",NA,NA,NA,"red","green","N",NA,NA,7,2,"<1mm","15.6",NA,"P","0.0","1.0",3.6,NA,NA,NA,"N","0.0",NA,NA,NA,NA,NA,0.5
"440",NA,NA,2017,2017-05-31,NA,"TM2","lower","7.0",NA,NA,NA,"red","green","N",NA,NA,3,19,"<1mm","10.7",NA,"P","0.0","1.0",2.3,NA,NA,NA,"Y","1a",NA,NA,NA,NA,NA,0.5
"441",NA,NA,2017,2017-05-31,NA,"TM2","lower","6.0",NA,NA,NA,"orange","yellow","Y",NA,NA,4,17,"2.02","30.5",NA,"F","1.0","4.0",6.8,NA,NA,NA,"Y","3a",NA,NA,NA,NA,NA,2.02
"442",NA,NA,2017,2017-05-31,NA,"TM2","lower","7.0",NA,NA,NA,"yellow","green","N",NA,NA,4,9,"<1mm","7.4",NA,"P","0.0","1.0",1.4,NA,NA,NA,"N","0.0",NA,NA,NA,NA,NA,0.5
"443",NA,NA,2017,2017-05-31,NA,"TM2","lower","6.0",NA,NA,NA,"red","red","N",NA,NA,7,19,"1.76","27.9",NA,"P","2.0","2.0",2.5,NA,NA,NA,"N","0.0",NA,NA,NA,NA,"2 aborted flowers",1.76
"444",NA,NA,2017,2017-05-31,NA,"TM2","lower","7.0",NA,NA,NA,"none","none","N",NA,NA,18,5,"<1mm","21.7",NA,"P","0.0","2.0",4.6,NA,NA,NA,"N","0.0",NA,NA,NA,NA,"3 aborted flowers",0.5
"445",NA,NA,2017,2017-05-31,NA,"TM2","lower","6.0",NA,NA,NA,"red","red","N",NA,NA,11,2,"1.57","26.8",NA,"P","0.0","4.0",7.1,NA,NA,NA,"N","0.0",NA,NA,NA,NA,NA,1.57
"446",NA,NA,2017,2017-05-31,NA,"TM2","lower","7.0",NA,NA,NA,"orange","none","N",NA,NA,NA,NA,NA,NA,NA,NA,NA,NA,NA,NA,NA,NA,NA,NA,NA,NA,NA,NA,NA,NA
"447",NA,NA,2017,2017-05-31,NA,"TM2","lower","6.0",NA,NA,NA,"red","green","N",NA,NA,10,8,"<1mm","16.1",NA,"V","0.0","0.0",NA,NA,NA,NA,"Y","1b",NA,NA,NA,NA,NA,0.5
"448",NA,NA,2017,2017-05-31,NA,"TM2","lower","7.0",NA,NA,NA,"red","yellow","N",NA,NA,34,20,"<1mm","12.0",NA,"P","0.0","1.0",3,NA,NA,NA,"N","0.0",NA,NA,NA,NA,"2 aborted flowers",0.5
"449",NA,NA,2017,2017-05-31,NA,"TM2","lower","6.0",NA,NA,NA,"red","yellow","N",NA,NA,15,11,"1.54","22.7",NA,"P","0.0","3.0",4.4,NA,NA,NA,"N","0.0",NA,NA,NA,NA,NA,1.54
"450",NA,NA,2017,2017-05-31,NA,"TM2","lower","7.0",NA,NA,NA,"orange","green","N",NA,NA,33,18,"<1mm","16.9",NA,"B","0.0","0.0",NA,NA,NA,NA,"Y","1a",NA,NA,NA,NA,NA,0.5
"451",NA,NA,2017,2017-05-31,NA,"TM2","lower","6.0",NA,NA,NA,"none","none","N",NA,NA,16,17,"1.13","13.4",NA,"P","0.0","1.0",3.4,NA,NA,NA,"Y","1b",NA,NA,NA,NA,"2 aborted flowers",1.13
"452",NA,NA,2017,2017-05-31,NA,"TM2","lower","7.0",NA,NA,NA,"red","red","N",NA,NA,23,19,"1.56","24.9",NA,"P","0.0","2.0",5.6,NA,NA,NA,"N","0.0",NA,NA,NA,NA,"3 aborted flowers",1.56
"453",NA,NA,2017,2017-05-31,NA,"TM2","lower","6.0",NA,NA,NA,"orange","yellow","N",NA,NA,19,1,"~1mm","16.9",NA,"P","0.0","1.0",3,NA,NA,NA,"Y","3a",NA,NA,NA,NA,NA,0.5
"454",NA,NA,2017,2017-05-31,NA,"TM2","lower","7.0",NA,NA,NA,"orange","red","Y",NA,NA,35,20,"3.09","35.5",NA,"P","0.0","13.0",7.4,NA,NA,NA,"N","0.0",NA,NA,NA,NA,"3 aborted flowers",3.09
"455",NA,NA,2017,2017-05-31,NA,"TM2","lower","6.0",NA,NA,NA,"red","yellow","Y",NA,NA,21,9,"4.17","40.5",NA,"P","0.0","9.0",6.4,NA,NA,NA,"Y","2b",NA,NA,NA,NA,"1 aborted flower",4.17
"456",NA,NA,2017,2017-05-31,NA,"TM2","lower","6.0",NA,NA,NA,"none","none","N",NA,NA,12,19,"1.37","27.4",NA,"P","0.0","3.0",4.8,NA,NA,NA,"N","0.0",NA,NA,NA,NA,NA,1.37
"457",NA,NA,2017,2017-05-31,NA,"TM2","lower","7.0",NA,NA,NA,"red","yellow","N",NA,NA,37,2,"~1mm","18.0",NA,"P","0.0","4.0",5.9,NA,NA,NA,"N","0.0",NA,NA,NA,NA,NA,0.5
"458",NA,NA,2017,2017-05-31,NA,"TM2","lower","7.0",NA,NA,NA,"orange","green","N",NA,NA,44,20,"~1mm","23.4",NA,"P","0.0","2.0",4.4,NA,NA,NA,"Y","1a",NA,NA,NA,NA,"2 aborted flowers",0.5
"459",NA,NA,2017,2017-05-31,NA,"TM2","lower","6.0",NA,NA,NA,"red","yellow","Y",NA,NA,25,6,"2.71","34.5",NA,"P","0.0","13.0",7.4,NA,NA,NA,"N","0.0",NA,NA,NA,NA,NA,2.71
"460",NA,NA,2017,2017-05-31,NA,"TM2","lower","7.0",NA,NA,NA,"orange","yellow","N",NA,NA,49,1,"<1mm","17.1",NA,"P","0.0","1.0",3.2,NA,NA,NA,"N","0.0",NA,NA,NA,NA,"1 aborted flower",0.5
"461",NA,NA,2017,2017-05-31,NA,"TM2","lower","6.0",NA,NA,NA,"orange","red","N",NA,NA,27,9,"1.71","24.7",NA,"P","0.0","4.0",5.7,NA,NA,NA,"N","0.0",NA,NA,NA,NA,NA,1.71
"462",NA,NA,2017,2017-05-31,NA,"TM2","lower","7.0",NA,NA,NA,"orange","yellow","N",NA,NA,1,6,"1.88","28.1",NA,"P","0.0","3.0",6.1,NA,NA,NA,"N","0.0",NA,NA,NA,NA,NA,1.88
"463",NA,NA,2017,2017-05-31,NA,"TM2","lower","6.0",NA,NA,NA,"orange","green","N",NA,NA,28,10,"<1mm","17.3",NA,"P","0.0","1.0",5.6,NA,NA,NA,"N","0.0",NA,NA,NA,NA,NA,0.5
"464",NA,NA,2017,2017-05-31,NA,"TM2","lower","6.0",NA,NA,NA,"orange","red","N",NA,NA,29,13,"1.5","30.9",NA,"P","0.0","4.0",7.5,NA,NA,NA,"N","0.0",NA,NA,NA,NA,NA,1.5
"465",NA,NA,2017,2017-05-31,NA,"TM2","lower","7.0",NA,NA,NA,"red","green","N",NA,NA,4,16,"~1mm","20.9",NA,"P","0.0","2.0",4.1,NA,NA,NA,"Y","3b",NA,NA,NA,NA,NA,0.5
"466",NA,NA,2017,2017-05-31,NA,"TM2","lower","6.0",NA,NA,NA,"orange","green","N",NA,NA,28,14,"<1mm","17.4",NA,"P","0.0","1.0",3.8,NA,NA,NA,"N","0.0",NA,NA,NA,NA,NA,0.5
"467",NA,NA,2017,2017-05-31,NA,"TM2","lower","6.0",NA,NA,NA,"orange","yellow","N",NA,NA,31,13,"1.29","31.4",NA,"P","0.0","3.0",6.1,NA,NA,NA,"N","0.0",NA,NA,NA,NA,NA,1.29
"468",NA,NA,2017,2017-05-31,NA,"TM2","lower","7.0",NA,NA,NA,"yellow","green","N",NA,NA,8,19,"~1mm","16.3",NA,"P","0.0","1.0",3.7,NA,NA,NA,"Y","2b",NA,NA,NA,NA,NA,0.5
"469",NA,NA,2017,2017-05-31,NA,"TM2","lower","6.0",NA,NA,NA,"red","red","Y",NA,NA,30,11,"3.15","35.5",NA,"P","0.0","18.0",6,NA,NA,NA,"N","0.0",NA,NA,NA,NA,NA,3.15
"470",NA,NA,2017,2017-05-31,NA,"TM2","lower","7.0",NA,NA,NA,"red","yellow","Y",NA,NA,14,12,"2.14","26.1",NA,"P","0.0","3.0",5.5,NA,NA,NA,"Y","2b",NA,NA,NA,NA,NA,2.14
"471",NA,NA,2017,2017-05-31,NA,"TM2","lower","6.0",NA,NA,NA,"orange","green","Y",NA,NA,31,9,"2.92","28.1",NA,"P","0.0","17.0",7.7,NA,NA,NA,"Y","2b",NA,NA,NA,NA,NA,2.92
"472",NA,NA,2017,2017-05-31,NA,"TM2","lower","7.0",NA,NA,NA,"red","green","N",NA,NA,15,12,"1.82","19.1",NA,NA,NA,NA,NA,NA,NA,NA,"Y","2b",NA,NA,NA,NA,NA,1.82
"473",NA,NA,2017,2017-05-31,NA,"TM2","lower","7.0",NA,NA,NA,"red","yellow","Y",NA,NA,13,15,"3.2","41.1",NA,"P","0.0","6.0",5.2,NA,NA,NA,"Y","1b",NA,NA,NA,NA,"3 aborted flowers",3.2
"474",NA,NA,2017,2017-05-31,NA,"TM2","lower","6.0",NA,NA,NA,"orange","yellow","Y",NA,NA,32,18,"2.83","36.9",NA,"P","0.0","9.0",7.8,NA,NA,NA,"N","0.0",NA,NA,NA,NA,"1 aborted flower",2.83
"475",NA,NA,2017,2017-05-31,NA,"TM2","lower","7.0",NA,NA,NA,"red","green",NA,NA,NA,NA,NA,NA,NA,NA,NA,NA,NA,NA,NA,NA,NA,NA,NA,NA,NA,NA,NA,"dead",NA
"476",NA,NA,2017,2017-05-31,NA,"TM2","lower","7.0",NA,NA,NA,"red","yellow","N",NA,NA,20,18,"<1mm","22.6",NA,NA,NA,NA,NA,NA,NA,NA,"Y","2b",NA,NA,NA,NA,NA,0.5
"477",NA,NA,2017,2017-05-31,NA,"TM2","lower","6.0",NA,NA,NA,"none","none","N",NA,NA,33,7,"<1mm","16.1",NA,"P","0.0","2.0",3.4,NA,NA,NA,"N","0.0",NA,NA,NA,NA,NA,0.5
"478",NA,NA,2017,2017-05-31,NA,"TM2","lower","6.0",NA,NA,NA,"red","red","Y",NA,NA,35,6,"2.21","31.4",NA,"P","0.0","7.0",6.1,NA,NA,NA,"N","0.0",NA,NA,NA,NA,NA,2.21
"479",NA,NA,2017,2017-05-31,NA,"TM2","lower","7.0",NA,NA,NA,"orange","red","Y",NA,NA,40,2,"2.33","32.1",NA,"P","0.0","4.0",6.3,NA,NA,NA,"Y","2a",NA,NA,NA,NA,NA,2.33
"480",NA,NA,2017,2017-05-31,NA,"TM2","lower","6.0",NA,NA,NA,"orange","yellow","N",NA,NA,40,17,"<1mm","19.8",NA,"P","0.0","2.0",4.9,NA,NA,NA,"N","0.0",NA,NA,NA,NA,NA,0.5
"481",NA,NA,2017,2017-05-31,NA,"TM2","lower","6.0",NA,NA,NA,"red","green","N",NA,NA,38,7,"<1mm","15.3",NA,"P","0.0","1.0",3.5,NA,NA,NA,"N","0.0",NA,NA,NA,NA,NA,0.5
"482",NA,NA,2017,2017-05-31,NA,"TM2","lower","8.0",NA,NA,NA,"orange","red","N",NA,NA,0,12,"1.94","26.7",NA,"P","0.0","2.0",4.3,NA,NA,NA,"Y","1b 2a",NA,NA,NA,NA,NA,1.94
"483",NA,NA,2017,2017-05-31,NA,"TM2","lower","6.0",NA,NA,NA,"orange","red","N",NA,NA,40,8,"1.4","28.4",NA,"P","0.0","4.0",5.2,NA,NA,NA,"Y","3a",NA,NA,NA,NA,NA,1.4
"484",NA,NA,2017,2017-05-31,NA,"TM2","lower","6.0",NA,NA,NA,"red","yellow","N",NA,NA,39,1,"1.5","22.6",NA,"P","0.0","4.0",6.4,NA,NA,NA,"N","0.0",NA,NA,NA,NA,"top broken - ecologist ent",1.5
"485",NA,NA,2017,2017-05-31,NA,"TM2","lower","6.0",NA,NA,NA,"red","red","N",NA,NA,44,2,"~1mm","22.9",NA,"P","0.0","3.0",5.2,NA,NA,NA,"N","0.0",NA,NA,NA,NA,NA,0.5
"486",NA,NA,2017,2017-05-31,NA,"TM2","lower","8.5",NA,NA,NA,NA,NA,NA,NA,NA,NA,NA,NA,NA,NA,NA,NA,NA,NA,NA,NA,NA,NA,NA,NA,NA,NA,NA,"no plants",NA
"487",NA,NA,2017,2017-05-31,NA,"TM2","lower","9.0",NA,NA,NA,NA,NA,NA,NA,NA,NA,NA,NA,NA,NA,NA,NA,NA,NA,NA,NA,NA,NA,NA,NA,NA,NA,NA,"no plants",NA
"488",NA,NA,2017,2017-05-31,NA,"TM2","lower","9.5",NA,NA,NA,NA,NA,NA,NA,NA,NA,NA,NA,NA,NA,NA,NA,NA,NA,NA,NA,NA,NA,NA,NA,NA,NA,NA,"no plants",NA
"489",NA,NA,2017,2017-05-31,NA,"TM2","lower","10.0",NA,NA,NA,"orange","green","N",NA,NA,28,24,"1.35","18.6",NA,"P","0.0","1.0",1.5,NA,NA,NA,"N","0.0",NA,NA,NA,NA,"1 aborted flower",1.35
"490",NA,NA,2017,2017-05-31,NA,"TM2","lower","10.0",NA,NA,NA,"red","red","Y",NA,NA,35,19,"3.53","35.9",NA,"P","0.0","17.0",7,NA,NA,NA,"N","0.0",NA,NA,NA,NA,"3 aborted flowers",3.53
"491",NA,NA,2017,2017-05-31,NA,"TM2","lower","8.0",NA,NA,NA,"yellow","yellow","Y",NA,NA,5,24,"2.24","23.2",NA,"P","0.0","1.0",3.5,NA,NA,NA,"Y","2a",NA,NA,NA,NA,"3 aborted flowers",2.24
"492",NA,NA,2017,2017-05-31,NA,"TM2","lower","10.0",NA,NA,NA,"red","green","N",NA,NA,40,11,"1.94","23.1",NA,"P","0.0","0.0",NA,NA,NA,NA,"N","0.0",NA,NA,NA,NA,"1 aborted fruit; 2 aborted buds",1.94
"493",NA,NA,2017,2017-05-31,NA,"TM2","lower","8.0",NA,NA,NA,"red","blue","N",NA,NA,13,4,"1.56","18.9",NA,"F","0.0","0.0",NA,NA,NA,NA,"Y","1a 2b",NA,NA,NA,NA,"3 aborted flowers",1.56
"494",NA,NA,2017,2017-05-31,NA,"TM2","lower","8.0",NA,NA,NA,"red","red","N",NA,NA,12,17,"1.79","27.5",NA,"P","0.0","8.0",4.1,NA,NA,NA,"N","0.0",NA,NA,NA,NA,NA,1.79
"495",NA,NA,2017,2017-05-31,NA,"TM2","lower","8.0",NA,NA,NA,"red","yellow","Y",NA,NA,12,17,"2.13","36.8",NA,"P","0.0","7.0",6.2,NA,NA,NA,"Y","1b",NA,NA,NA,NA,NA,2.13
"496",NA,NA,2017,2017-05-31,NA,"TM2","lower","8.0",NA,NA,NA,"red","yellow","N",NA,NA,20,17,"1.7","17.6",NA,"P","0.0","2.0",4.7,NA,NA,NA,"Y","1b",NA,NA,NA,NA,NA,1.7
"497",NA,NA,2017,2017-05-31,NA,"TM2","lower","8.0",NA,NA,NA,"red","yellow","N",NA,NA,28,20,"~1mm","15.1",NA,"P","0.0","2.0",3.4,NA,NA,NA,"Y","1a 2a",NA,NA,NA,NA,NA,0.5
"498",NA,NA,2017,2017-05-31,NA,"TM2","lower","8.0",NA,NA,NA,"red","red","Y",NA,NA,31,17,"2.01","21.5",NA,"P","0.0","3.0",6.3,NA,NA,NA,"Y","1a",NA,NA,NA,NA,NA,2.01
"499",NA,NA,2017,2017-05-31,NA,"TM2","lower","10.5",NA,NA,NA,NA,NA,NA,NA,NA,NA,NA,NA,NA,NA,NA,NA,NA,NA,NA,NA,NA,NA,NA,NA,NA,NA,NA,"no plants",NA
"500",NA,NA,2017,2017-05-31,NA,"TM2","lower","11.0",NA,NA,NA,"orange","red","Y",NA,NA,20,9,"2.66","28.5",NA,"P","4.0","6.0",6.7,NA,NA,NA,"Y","1a 2a",NA,NA,NA,NA,"4 aborted flowers",2.66
"501",NA,NA,2017,2017-05-31,NA,"TM2","lower","13.5",NA,NA,NA,"yellow","yellow","Y",NA,NA,9,5,"2.84","30.1",NA,"F","3.0","2.0",8.2,NA,NA,NA,"Y","1a",NA,NA,NA,NA,"1 aborted flower",2.84
"502",NA,NA,2017,2017-05-31,NA,"TM2","lower","11.0",NA,NA,NA,"none","none","N",NA,NA,45,7,"<1mm","8.5",NA,"P","0.0","1.0",2.5,NA,NA,NA,"Y","1a",NA,NA,NA,NA,NA,0.5
"503",NA,NA,2017,2017-05-31,NA,"TM2","lower","14.5",NA,NA,NA,"orange","white","N",NA,NA,2,2,"1.76","13.8",NA,"P","0.0","1.0",5.9,NA,NA,NA,"Y","2b",NA,NA,NA,NA,NA,1.76
"504",NA,NA,2017,2017-05-31,NA,"TM2","lower","11.5",NA,NA,NA,NA,NA,NA,NA,NA,NA,NA,NA,NA,NA,NA,NA,NA,NA,NA,NA,NA,NA,NA,NA,NA,NA,NA,NA,NA
"505",NA,NA,2017,2017-05-31,NA,"TM2","lower","12.0",NA,NA,NA,NA,NA,NA,NA,NA,NA,NA,NA,NA,NA,NA,NA,NA,NA,NA,NA,NA,NA,NA,NA,NA,NA,NA,NA,NA
"506",NA,NA,2017,2017-05-31,NA,"TM2","lower","13.0",NA,NA,NA,NA,NA,NA,NA,NA,NA,NA,NA,NA,NA,NA,NA,NA,NA,NA,NA,NA,NA,NA,NA,NA,NA,NA,NA,NA
"507",NA,NA,2017,2017-05-31,NA,"TM2","lower","14.0",NA,NA,NA,"red","green","N",NA,NA,1,5,"~1mm","18.3",NA,"P","0.0","1.0",4.4,NA,NA,NA,"Y","1b",NA,NA,NA,NA,NA,0.5
"508",NA,NA,2017,2017-05-31,NA,"TM2","lower","14.5",NA,NA,NA,"red","yellow","N",NA,NA,5,9,"1.45",NA,NA,NA,NA,NA,NA,NA,NA,NA,"Y","2b",NA,NA,NA,NA,"top eaten",1.45
"509",NA,NA,2017,2017-05-31,NA,"TM2","lower","14.0",NA,NA,NA,"red","green","N",NA,NA,26,6,"1.62","26.0",NA,"P","0.0","1.0",3,NA,NA,NA,"Y","1a",NA,NA,NA,NA,NA,1.62
"510",NA,NA,2017,2017-05-31,NA,"TM2","lower","14.5",NA,NA,NA,"yellow","green","N",NA,NA,15,4,"<1mm","8.0",NA,"V",NA,NA,NA,NA,NA,NA,"N","0.0",NA,NA,NA,NA,NA,0.5
"511",NA,NA,2017,2017-05-31,NA,"TM2","lower","14.5",NA,NA,NA,"red","red","N",NA,NA,16,13,"1.76","25.7",NA,"P","0.0","2.0",6.8,NA,NA,NA,"N","0.0",NA,NA,NA,NA,NA,1.76
"512",NA,NA,2017,2017-05-31,NA,"TM2","lower","14.0",NA,NA,NA,"red","red","N",NA,NA,37,2,"1.84","31.0",NA,"P","0.0","4.0",4.1,NA,NA,NA,"Y","1a 2a 3a",NA,NA,NA,NA,NA,1.84
"513",NA,NA,2017,2017-05-31,NA,"TM2","lower","14.5",NA,NA,NA,"red","green","N",NA,NA,19,14,"1.78","31.5",NA,"S","0.0","2.0",6.7,NA,NA,NA,"Y","3a",NA,NA,NA,NA,NA,1.78
"514",NA,NA,2017,2017-05-31,NA,"TM2","lower","14.5",NA,NA,NA,"red","red","N",NA,NA,21,13,"1.92","22.5",NA,"S","0.0","2.0",5.7,NA,NA,NA,"Y","3a",NA,NA,NA,NA,NA,1.92
"515",NA,NA,2017,2017-05-31,NA,"TM2","lower","14.0",NA,NA,NA,"red","red","Y",NA,NA,37,3,"2.13","27.2",NA,"P","0.0","3.0",4.2,NA,NA,NA,"Y","1a 3a",NA,NA,NA,NA,NA,2.13
"516",NA,NA,2017,2017-05-31,NA,"TM2","lower","14.5",NA,NA,NA,"orange","yellow","N",NA,NA,26,4,"1.14","21.5",NA,"S","0.0","2.0",4.5,NA,NA,NA,"N","0.0",NA,NA,NA,NA,"2 aborted flowers",1.14
"517",NA,NA,2017,2017-05-31,NA,"TM2","lower","14.0",NA,NA,NA,"red","yellow","Y",NA,NA,42,18,"2.2","31.4",NA,"P","0.0","5.0",5.6,NA,NA,NA,"Y","1b",NA,NA,NA,NA,NA,2.2
"518",NA,NA,2017,2017-05-31,NA,"TM2","lower","14.5",NA,NA,NA,"none","none","Y",NA,NA,18,3,"2.67","27.5",NA,"P","0.0","9.0",5,NA,NA,NA,"Y","3a",NA,NA,NA,NA,NA,2.67
"519",NA,NA,2017,2017-05-31,NA,"TM2","lower","14.0",NA,NA,NA,"none","none","N",NA,NA,45,0,"1.73","28.5",NA,"P","0.0","1.0",4.7,NA,NA,NA,"Y","1b",NA,NA,NA,NA,"2 aborted flowers",1.73
"520",NA,NA,2017,2017-05-31,NA,"TM2","lower","14.0",NA,NA,NA,"none","none","Y",NA,NA,45,0,"2.15","33.0",NA,"P","0.0","2.0",7.3,NA,NA,NA,"Y","3a",NA,NA,NA,NA,NA,2.15
"521",NA,NA,2017,2017-05-31,NA,"TM2","lower","14.5",NA,NA,NA,"none","none","N",NA,NA,27,20,"1.37","16.6",NA,"S","0.0","0.0",NA,NA,NA,NA,"N","0.0",NA,NA,NA,NA,NA,1.37
"522",NA,NA,2017,2017-05-31,NA,"TM2","lower","14.5",NA,NA,NA,"none","none","N",NA,NA,33,9,"<1mm","12.2",NA,"S","0.0","0.0",NA,NA,NA,NA,"N","0.0",NA,NA,NA,NA,"1 aborted flower",0.5
"523",NA,NA,2017,2017-05-31,NA,"TM2","lower","14.5",NA,NA,NA,"red","yellow","N",NA,NA,35,17,"1.33","26.5",NA,"P","0.0","1.0",4.3,NA,NA,NA,"Y","2b",NA,NA,NA,NA,NA,1.33
"524",NA,NA,2017,2017-05-31,NA,"TM2","lower","14.5",NA,NA,NA,"orange","yellow","N",NA,NA,37,6,"~1mm","19.9",NA,"P","0.0","1.0",4.9,NA,NA,NA,"N","0.0",NA,NA,NA,NA,NA,0.5
"525",NA,NA,2017,2017-05-31,NA,"TM2","lower","14.5",NA,NA,NA,"red","yellow","N",NA,NA,41,6,"1.74","28.1",NA,"P","0.0","6.0",5.7,NA,NA,NA,"Y","3a",NA,NA,NA,NA,NA,1.74
"526",NA,NA,2017,2017-05-31,NA,"TM2","lower","14.5",NA,NA,NA,"orange","yellow","N",NA,NA,42,4,"<1mm","24.5",NA,NA,NA,NA,NA,NA,NA,NA,"Y","3b",NA,NA,NA,NA,"top broken off",0.5
"527",NA,NA,2017,2017-05-31,NA,"TM2","lower","14.5",NA,NA,NA,"none","none","Y",NA,NA,45,14,"2.39","29.4",NA,"P","0.0","6.0",6.4,NA,NA,NA,"N","0.0",NA,NA,NA,NA,NA,2.39
"528",NA,NA,2017,2017-05-31,NA,"TM2","lower","15.0",NA,NA,NA,"red","yellow","Y",NA,NA,4,9,"2.26","26.9",NA,"P","0.0","2.0",5.7,NA,NA,NA,"Y","2b",NA,NA,NA,NA,NA,2.26
"529",NA,NA,2017,2017-05-31,NA,"TM2","lower","15.0",NA,NA,NA,"red","yellow","N",NA,NA,11,7,"~1mm","20.9",NA,"P","0.0","3.0",4.8,NA,NA,NA,"Y","3a",NA,NA,NA,NA,NA,0.5
"530",NA,NA,2017,2017-05-31,NA,"TM2","lower","15.0",NA,NA,NA,"red","yellow","N",NA,NA,14,7,"~1mm","23.7",NA,"P","0.0","3.0",5.3,NA,NA,NA,"N","0.0",NA,NA,NA,NA,NA,0.5
"531",NA,NA,2017,2017-05-31,NA,"TM2","lower","15.0",NA,NA,NA,"red","yellow","N",NA,NA,16,2,"~1mm","23.4",NA,"P","0.0","2.0",3.6,NA,NA,NA,"Y","3a",NA,NA,NA,NA,NA,0.5
"532",NA,NA,2017,2017-05-31,NA,"TM2","lower","15.0",NA,NA,NA,"red","yellow","N",NA,NA,32,16,"~1mm","19.5",NA,"P","0.0","1.0",4.6,NA,NA,NA,"Y","2b",NA,NA,NA,NA,NA,0.5
"533",NA,NA,2017,2017-05-31,NA,"TM2","lower","15.0",NA,NA,NA,"red","yellow","N",NA,NA,34,11,"~1mm","26.2",NA,"S","0.0","2.0",3.6,NA,NA,NA,"N","0.0",NA,NA,NA,NA,NA,0.5
"534",NA,NA,2017,2017-05-31,NA,"TM2","lower","15.0",NA,NA,NA,"red","red","Y",NA,NA,45,24,"2.4","34.2",NA,"P","0.0","5.0",4.6,NA,NA,NA,"N","0.0",NA,NA,NA,NA,NA,2.4
"535",NA,NA,2017,2017-05-31,NA,"TM2","lower","15.0",NA,NA,NA,"red","yellow","N",NA,NA,45,23,"<1mm","21.2",NA,"P","0.0","2.0",4.6,NA,NA,NA,"Y","3a",NA,NA,NA,NA,NA,0.5
"536",NA,NA,2017,2017-05-31,NA,"TM2","lower","15.0",NA,NA,NA,"red",NA,NA,NA,NA,NA,NA,NA,NA,NA,NA,NA,NA,NA,NA,NA,NA,NA,NA,NA,NA,NA,NA,NA,NA
"537",NA,NA,2017,2017-05-31,NA,"TM2","lower","15.0",NA,NA,NA,"orange","none","N",NA,NA,44,16,"<1mm","10.6",NA,NA,NA,NA,NA,NA,NA,NA,"Y","2b",NA,NA,NA,NA,NA,0.5
"538",NA,NA,2017,2017-05-31,NA,"TM2","lower","15.0",NA,NA,NA,"none","none","N",NA,NA,45,1,"<1mm","20.4",NA,"P","0.0","2.0",2.7,NA,NA,NA,"N","0.0",NA,NA,NA,NA,NA,0.5
"539",NA,NA,2017,2017-05-31,NA,"TM2","lower","15.0",NA,NA,NA,"red","green","N",NA,NA,49,10,"<1mm","15.0",NA,NA,NA,NA,NA,NA,NA,NA,"Y","2b",NA,NA,NA,NA,NA,0.5
"540",NA,NA,2017,2017-05-31,NA,"TM2","lower","15.0",NA,NA,NA,"orange","yellow","N",NA,NA,49,13,"1.9","24.9",NA,"P","0.0","3.0",3.2,NA,NA,NA,"Y","2b",NA,NA,NA,NA,NA,1.9
"541",NA,NA,2017,2017-05-31,NA,"TM2","lower","18.5",NA,NA,NA,"red","yellow","Y",NA,NA,45,7,"2.67","32.8",NA,"P","0.0","6.0",5.6,NA,NA,NA,"Y","3a",NA,NA,NA,NA,NA,2.67
"542",NA,NA,2017,2017-05-31,NA,"TM2","lower","18.5",NA,NA,NA,"none","none","N",NA,NA,30,6,"<1mm","19.5",NA,"P","0.0","2.0",5.6,NA,NA,NA,"N","0.0",NA,NA,NA,NA,NA,0.5
"543",NA,NA,2017,2017-05-31,NA,"TM2","lower","18.0",NA,NA,NA,"red","none",NA,NA,NA,21,0,NA,NA,NA,NA,NA,NA,NA,NA,NA,NA,NA,NA,NA,NA,NA,NA,NA,NA
"544",NA,NA,2017,2017-05-31,NA,"TM2","lower","18.0",NA,NA,NA,"orange","green",NA,NA,NA,15,15,NA,NA,NA,NA,NA,NA,NA,NA,NA,NA,NA,NA,NA,NA,NA,NA,NA,NA
"545",NA,NA,2017,2017-05-31,NA,"TM2","lower","18.0",NA,NA,NA,"orange","yellow","N",NA,NA,15,10,"<1mm","21.5",NA,"P","0.0","2.0",5.5,NA,NA,NA,"Y","3b",NA,NA,NA,NA,NA,0.5
"546",NA,NA,2017,2017-05-31,NA,"TM2","lower","18.0",NA,NA,NA,"orange","none","N",NA,NA,16,11,"<1mm","2.6",NA,"V",NA,NA,NA,NA,NA,NA,"N","0.0",NA,NA,NA,NA,NA,0.5
"547",NA,NA,2017,2017-05-31,NA,"TM2","lower","18.0",NA,NA,NA,"orange","none","N",NA,NA,23,9,"<1mm","5.6",NA,NA,NA,NA,NA,NA,NA,NA,"Y","2b",NA,NA,NA,NA,NA,0.5
"548",NA,NA,2017,2017-05-31,NA,"TM2","lower","17.5",NA,NA,NA,"orange","yellow","N",NA,NA,NA,NA,"1.94","28.6",NA,"P","0.0","4.0",5.8,NA,NA,NA,"N","0.0",NA,NA,NA,NA,"(not wrapped if <2mm in diameter)",1.94
"549",NA,NA,2017,2017-05-31,NA,"TM2","lower","17.5",NA,NA,NA,"red","yellow","N",NA,NA,NA,NA,"~1mm","24.5",NA,"P","0.0","2.0",4.6,NA,NA,NA,"N","0.0",NA,NA,NA,NA,NA,0.5
"550",NA,NA,2017,2017-05-31,NA,"TM2","lower","17.5",NA,NA,NA,"red",NA,"N",NA,NA,NA,NA,"<1mm","4.3",NA,"V",NA,NA,NA,NA,NA,NA,"N","0.0",NA,NA,NA,NA,NA,0.5
"551",NA,NA,2017,2017-05-31,NA,"TM2","lower","17.5",NA,NA,NA,"orange",NA,"N",NA,NA,NA,NA,"<1mm","2.5",NA,"V",NA,NA,NA,NA,NA,NA,"Y","1a",NA,NA,NA,NA,NA,0.5
"552",NA,NA,2017,2017-05-31,NA,"TM2","lower","17.5",NA,NA,NA,"red",NA,NA,NA,NA,NA,NA,NA,NA,NA,NA,NA,NA,NA,NA,NA,NA,NA,NA,NA,NA,NA,NA,NA,NA
"553",NA,NA,2017,2017-05-31,NA,"TM2","lower","17.5",NA,NA,NA,"red","yellow","N",NA,NA,NA,NA,"<1mm","22.0",NA,"P","0.0","2.0",4.4,NA,NA,NA,"Y","1a",NA,NA,NA,NA,NA,0.5
"554",NA,NA,2017,2017-05-31,NA,"TM2","lower","17.5",NA,NA,NA,"red","yellow","N",NA,NA,NA,NA,"<1mm","16.0",NA,"F","0.0","0.0",NA,NA,NA,NA,"N","0.0",NA,NA,NA,NA,"2 aborted flowers",0.5
"555",NA,NA,2017,2017-05-31,NA,"TM2","lower","17.5",NA,NA,NA,"red","yellow","N",NA,NA,NA,NA,"<1mm","18.2",NA,"P","0.0","2.0",3.9,NA,NA,NA,"N","0.0",NA,NA,NA,NA,NA,0.5
"556",NA,NA,2017,2017-05-31,NA,"TM2","lower","17.5",NA,NA,NA,"orange","green","N",NA,NA,NA,NA,"<1mm","18.2",NA,"F","0.0","0.0",NA,NA,NA,NA,"N","0.0",NA,NA,NA,NA,"1 aborted flower",0.5
"557",NA,NA,2017,2017-05-31,NA,"TM2","lower","17.5",NA,NA,NA,"red","yellow","N",NA,NA,NA,NA,"<1mm","15.5",NA,"F","0.0","0.0",NA,NA,NA,NA,"N","0.0",NA,NA,NA,NA,NA,0.5
"558",NA,NA,2017,2017-05-31,NA,"TM2","lower","17.5",NA,NA,NA,"red","yellow","N",NA,NA,NA,NA,"<1mm","14.1",NA,"P","0.0","1.0",3.1,NA,NA,NA,"N","0.0",NA,NA,NA,NA,NA,0.5
"559",NA,NA,2017,2017-05-31,NA,"TM2","lower","17.5",NA,NA,NA,"red","green","N",NA,NA,NA,NA,"<1mm","14.8",NA,"F","0.0","0.0",NA,NA,NA,NA,"N","0.0",NA,NA,NA,NA,"1 ab flower",0.5
"560",NA,NA,2017,2017-05-31,NA,"TM2","lower","17.5",NA,NA,NA,"orange","green","N",NA,NA,NA,NA,"<1mm","10.5",NA,NA,NA,NA,NA,NA,NA,NA,"Y","2b",NA,NA,NA,NA,NA,0.5
"561",NA,NA,2017,2017-05-31,NA,"TM2","lower","17.5",NA,NA,NA,"red","none","N",NA,NA,NA,NA,"~1mm","4.5",NA,"V",NA,NA,NA,NA,NA,NA,"N","0.0",NA,NA,NA,NA,NA,0.5
"562",NA,NA,2017,2017-05-31,NA,"TM2","lower","17.5",NA,NA,NA,"orange","green","N",NA,NA,NA,NA,"<1mm","10.5",NA,NA,NA,NA,NA,NA,NA,NA,"Y","2b",NA,NA,NA,NA,NA,0.5
"563",NA,NA,2017,2017-05-31,NA,"TM2","lower","17.5",NA,NA,NA,"red","green","N",NA,NA,NA,NA,"<1mm","15.2",NA,"P","0.0","1.0",3.6,NA,NA,NA,"N","0.0",NA,NA,NA,NA,NA,0.5
"564",NA,NA,2017,2017-05-31,NA,"TM2","lower","17.5",NA,NA,NA,"red","green","N",NA,NA,NA,NA,"dead",NA,NA,NA,NA,NA,NA,NA,NA,NA,NA,NA,NA,NA,NA,NA,NA,NA
"565",NA,NA,2017,2017-05-31,NA,"TM2","lower","17.5",NA,NA,NA,"red","none","N",NA,NA,NA,NA,"dead",NA,NA,NA,NA,NA,NA,NA,NA,NA,NA,NA,NA,NA,NA,NA,NA,NA
"566",NA,NA,2017,2017-05-31,NA,"TM2","lower","17.5",NA,NA,NA,"red","white","N",NA,NA,NA,NA,"dead",NA,NA,NA,NA,NA,NA,NA,NA,NA,NA,NA,NA,NA,NA,NA,NA,NA
"567",NA,NA,2017,2017-05-31,NA,"TM2","lower","17.5",NA,NA,NA,"red","yellow","N",NA,NA,NA,NA,"<1mm","17.2",NA,"P","0.0","2.0",5.8,NA,NA,NA,"N","0.0",NA,NA,NA,NA,NA,0.5
"568",NA,NA,2017,2017-05-31,NA,"TM2","lower","17.5",NA,NA,NA,"red","yellow","N",NA,NA,NA,NA,"<1mm","16.3",NA,NA,NA,NA,NA,NA,NA,NA,"Y","2b",NA,NA,NA,NA,NA,0.5
"569",NA,NA,2017,2017-05-31,NA,"TM2","lower","17.5",NA,NA,NA,"red","yellow","N",NA,NA,NA,NA,"~1mm","27.5",NA,"P","0.0","5.0",6.3,NA,NA,NA,"Y","3a",NA,NA,NA,NA,NA,0.5
"570",NA,NA,2017,2017-05-31,NA,"TM2","lower","17.5",NA,NA,NA,"red","red","N",NA,NA,NA,NA,"~1mm","25.4",NA,"P","0.0","3.0",6.1,NA,NA,NA,"Y","3a",NA,NA,NA,NA,NA,0.5
"571",NA,NA,2017,2017-05-31,NA,"TM2","lower","17.5",NA,NA,NA,"orange","none","N",NA,NA,NA,NA,"~1mm","8.2",NA,"B","0.0",NA,NA,NA,NA,NA,"Y","1a",NA,NA,NA,NA,"2 buds",0.5
"572",NA,NA,2017,2017-05-31,NA,"TM2","lower","17.5",NA,NA,NA,"orange","white","N",NA,NA,NA,NA,"<1mm","17.2",NA,"P","0.0","2.0",2.4,NA,NA,NA,"Y","3a",NA,NA,NA,NA,NA,0.5
"573",NA,NA,2017,2017-05-31,NA,"TM2","lower","17.5",NA,NA,NA,"red","red","N",NA,NA,NA,NA,"<1mm","19.3",NA,NA,NA,NA,NA,NA,NA,NA,"Y","2b",NA,NA,NA,NA,NA,0.5
"574",NA,NA,2017,2017-05-31,NA,"TM2","lower","17.5",NA,NA,NA,"red","red","N",NA,NA,NA,NA,"~1mm","28.3",NA,"P","0.0","4.0",4.7,NA,NA,NA,"N","0.0",NA,NA,NA,NA,NA,0.5
"575",NA,NA,2017,2017-05-31,NA,"TM2","lower","17.5",NA,NA,NA,"red","yellow","N",NA,NA,NA,NA,"<1mm","12.2",NA,"P","0.0","2.0",3.3,NA,NA,NA,"N","0.0",NA,NA,NA,NA,NA,0.5
"576",NA,NA,2017,2017-05-31,NA,"TM2","lower","17.5",NA,NA,NA,"red","green","N",NA,NA,NA,NA,"<1mm","14.6",NA,"P","0.0","1.0",2.2,NA,NA,NA,"N","0.0",NA,NA,NA,NA,NA,0.5
"577",NA,NA,2017,2017-05-31,NA,"TM2","lower","17.5",NA,NA,NA,"red","yellow","N",NA,NA,NA,NA,"<1mm","17.2",NA,NA,NA,NA,NA,NA,NA,NA,"Y","2b",NA,NA,NA,NA,NA,0.5
"578",NA,NA,2017,2017-05-31,NA,"TM2","lower","17.5",NA,NA,NA,"red",NA,"N",NA,NA,NA,NA,"~1mm","6.7",NA,"V",NA,NA,NA,NA,NA,NA,"Y","1a",NA,NA,NA,NA,NA,0.5
"579",NA,NA,2017,2017-05-31,NA,"TM2","lower","17.5",NA,NA,NA,"red","green","N",NA,NA,NA,NA,"<1mm","12.7",NA,NA,NA,NA,NA,NA,NA,NA,"Y","2b",NA,NA,NA,NA,NA,0.5
"580",NA,NA,2017,2017-05-31,NA,"TM2","lower","17.5",NA,NA,NA,"red","yellow","N",NA,NA,NA,NA,"<1mm","18.3",NA,"P","0.0","1.0",1.6,NA,NA,NA,"Y","3b",NA,NA,NA,NA,NA,0.5
"581",NA,NA,2017,2017-05-31,NA,"TM2","lower","17.5",NA,NA,NA,"red","green","N",NA,NA,NA,NA,"<1mm","10.1",NA,"P","0.0","1.0",0.6,NA,NA,NA,"N","0.0",NA,NA,NA,NA,NA,0.5
"582",NA,NA,2017,2017-05-31,NA,"TM2","lower","17.5",NA,NA,NA,"red","yellow","N",NA,NA,NA,NA,"<1mm","27.5",NA,"P","0.0","3.0",4.3,NA,NA,NA,"N","0.0",NA,NA,NA,NA,NA,0.5
"583",NA,NA,2017,2017-05-31,NA,"TM2","lower","17.5",NA,NA,NA,"red","yellow","Y",NA,NA,8,20,"2.51","30.3",NA,"P","0.0","5.0",6.7,NA,NA,NA,"N","0.0",NA,NA,NA,NA,NA,2.51
"584",NA,NA,2017,2017-05-31,NA,"TM2","lower","17.5",NA,NA,NA,"red","green","N",NA,NA,NA,NA,"~1mm","20.5",NA,NA,NA,NA,NA,NA,NA,NA,"Y","2b",NA,NA,NA,NA,NA,0.5
"585",NA,NA,2017,2017-05-31,NA,"TM2","lower","17.5",NA,NA,NA,"red","green","N",NA,NA,NA,NA,"1.86","22.1",NA,"P","0.0","4.0",5.5,NA,NA,NA,"Y","2b 3a",NA,NA,NA,NA,NA,1.86
"586",NA,NA,2017,2017-05-31,NA,"TM2","lower","17.5",NA,NA,NA,"red","green","N",NA,NA,NA,NA,"<1mm","17.1",NA,NA,NA,NA,NA,NA,NA,NA,"Y","2b",NA,NA,NA,NA,NA,0.5
"587",NA,NA,2017,2017-05-31,NA,"TM2","lower","17.5",NA,NA,NA,"orange","green","N",NA,NA,NA,NA,"1.75","19.7",NA,"f","0.0","0.0",NA,NA,NA,NA,"Y","2b",NA,NA,NA,NA,"2 ab flowers",1.75
"588",NA,NA,2017,2017-05-31,NA,"TM2","lower","17.0",NA,NA,NA,"red","yellow","Y",NA,NA,44,8,"2.69","33.5",NA,"p","0.0","3.0",3.8,NA,NA,NA,"Y","2b",NA,NA,NA,NA,"3 ab buds",2.69
"589",NA,NA,2017,2017-05-31,NA,"TM2","lower","17.0",NA,NA,NA,"green","white","N",NA,NA,39,7,"<1mm","8.0",NA,"s","0.0","0.0",NA,NA,NA,NA,"N","0.0",NA,NA,NA,NA,NA,0.5
"590",NA,NA,2017,2017-05-31,NA,"TM2","lower","17.0",NA,NA,NA,"red","yellow","Y",NA,NA,42,20,"3.42","31.5",NA,"p","0.0","11.0",6.1,NA,NA,NA,"Y","2b",NA,NA,NA,NA,NA,3.42
"591",NA,NA,2017,2017-05-31,NA,"TM2","lower","17.0",NA,NA,NA,"red","green","N",NA,NA,40,19,"<1mm","13.1",NA,"s","0.0","0.0",NA,NA,NA,NA,"N","0.0",NA,NA,NA,NA,NA,0.5
"592",NA,NA,2017,2017-05-31,NA,"TM2","lower","17.0",NA,NA,NA,"red","red","N",NA,NA,38,21,"1.18","26.4",NA,"s","0.0","4.0",3.7,NA,NA,NA,"Y","3a",NA,NA,NA,NA,NA,1.18
"593",NA,NA,2017,2017-05-31,NA,"TM2","lower","17.0",NA,NA,NA,"red","yellow","Y",NA,NA,38,22,"2.47","30.4",NA,"p","0.0","5.0",5.7,NA,NA,NA,"Y","2b",NA,NA,NA,NA,NA,2.47
"594",NA,NA,2017,2017-05-31,NA,"TM2","lower","17.0",NA,NA,NA,"none","none","N",NA,NA,38,24,"1.84","31.4",NA,"p","0.0","2.0",4.9,NA,NA,NA,"Y","2b",NA,NA,NA,NA,NA,1.84
"595",NA,NA,2017,2017-05-31,NA,"TM2","lower","17.0",NA,NA,NA,"red","yellow","N",NA,NA,27,4,"<1mm","19.1",NA,"p","0.0","2.0",4.3,NA,NA,NA,"N","0.0",NA,NA,NA,NA,NA,0.5
"596",NA,NA,2017,2017-05-31,NA,"TM2","lower","17.0",NA,NA,NA,"orange","green","N",NA,NA,25,9,"1.66","13.5",NA,"f","1.0","0.0",NA,NA,NA,NA,"Y","2b",NA,NA,NA,NA,"1 bud may get aborted",1.66
"597",NA,NA,2017,2017-05-31,NA,"TM2","lower","17.0",NA,NA,NA,"green","white","N",NA,NA,22,17,"<1mm","7.2",NA,"v",NA,NA,NA,NA,NA,NA,"N","0.0",NA,NA,NA,NA,NA,0.5
"598",NA,NA,2017,2017-05-31,NA,"TM2","lower","17.0",NA,NA,NA,"red","red","N",NA,NA,2,14,"1.66","30.0",NA,"p","0.0","3.0",5.9,NA,NA,NA,"Y","2b",NA,NA,NA,NA,NA,1.66
"599",NA,NA,2017,2017-05-31,NA,"TM2","lower","15.5",NA,NA,NA,"red","none",NA,NA,NA,NA,NA,NA,NA,NA,NA,NA,NA,NA,NA,NA,NA,NA,NA,NA,NA,NA,NA,NA,NA
"600",NA,NA,2017,2017-05-31,NA,"TM2","lower","15.5",NA,NA,NA,"red","yellow",NA,NA,NA,NA,NA,"1.69","23.3",NA,"b/s","0.0",NA,NA,NA,NA,NA,"Y","1a",NA,NA,NA,NA,NA,1.69
"601",NA,NA,2017,2017-05-31,NA,"TM2","lower","17.0",NA,NA,NA,"red","yellow","Y",NA,NA,1,16,"2.83","40.5",NA,"p","0.0","9.0",5.2,NA,NA,NA,"Y","3a",NA,NA,NA,NA,NA,2.83
"602",NA,NA,2017,2017-05-31,NA,"TM2","lower","17.0",NA,NA,NA,"orange","yellow","N",NA,NA,2,22,"1.73","35.5",NA,"p","0.0","4.0",4.4,NA,NA,NA,"Y","2b",NA,NA,NA,NA,NA,1.73
"603",NA,NA,2017,2017-05-31,NA,"TM2","lower","16.5",NA,NA,NA,"yellow","yellow","N",NA,NA,15,25,"1.86","22.9",NA,"s",NA,NA,NA,NA,NA,NA,"Y","2b",NA,NA,NA,NA,"top broken not true height",1.86
"604",NA,NA,2017,2017-05-31,NA,"TM2","lower","16.0",NA,NA,NA,"red","yellow","Y",NA,NA,45,16,"4.94","46.2",NA,"f","1.0","29.0",6.4,NA,NA,NA,"Y","1a 2b 2a",NA,NA,NA,NA,NA,4.94
"605",NA,NA,2017,2017-05-31,NA,"TM2","lower","16.0",NA,NA,NA,"red","yellow","Y",NA,NA,31,10,"4.81","39.5",NA,"f","1.0","16.0",5.8,NA,NA,NA,"Y","2b 3a 2a",NA,NA,NA,NA,NA,4.81
"606",NA,NA,2017,2017-05-31,NA,"TM2","lower","16.0",NA,NA,NA,"yellow","green","Y",NA,NA,37,16,"2.4","20.4",NA,"p","0.0","6.0",4.1,NA,NA,NA,"Y","3a 2b",NA,NA,NA,NA,NA,2.4
"607",NA,NA,2017,2017-05-31,NA,"TM2","lower","16.0",NA,NA,NA,"yellow","red","N",NA,NA,31,18,"~1mm","22.4",NA,"p","0.0","2.0",4.7,NA,NA,NA,"N","0.0",NA,NA,NA,NA,NA,0.5
"608",NA,NA,2017,2017-05-31,NA,"TM2","lower","16.0",NA,NA,NA,"orange","green","N",NA,NA,27,22,"<1mm","8.6",NA,"s","0.0","0.0",NA,NA,NA,NA,"N","0.0",NA,NA,NA,NA,NA,0.5
"609",NA,NA,2017,2017-05-31,NA,"TM2","lower","16.0",NA,NA,NA,"red","green","Y",NA,NA,13,1,"2.06","17.8",NA,"p","0.0","2.0",3.9,NA,NA,NA,"Y","2b",NA,NA,NA,NA,NA,2.06
"610",NA,NA,2017,2017-05-31,NA,"TM2","lower","16.0",NA,NA,NA,"red","none (green? One loose sword in the plot)","Y",NA,NA,5,5,"2.87","37.3",NA,"p","0.0","3.0",5.4,NA,NA,NA,"Y","2b",NA,NA,NA,NA,"3 ab flowers",2.87
"611",NA,NA,2017,2017-05-31,NA,"TM2","lower","16.0",NA,NA,NA,"red","yellow","N",NA,NA,0,16,"<1mm","not true height",NA,NA,NA,NA,NA,NA,NA,NA,"Y","2b",NA,NA,NA,NA,"broken top",0.5
"612",NA,NA,2017,2017-05-31,NA,"TM2","lower","15.5",NA,NA,NA,"red","yellow","N",NA,NA,45,5,"<1mm","17.6",NA,"p","0.0","1.0",3.7,NA,NA,NA,"N","0.0",NA,NA,NA,NA,NA,0.5
"613",NA,NA,2017,2017-05-31,NA,"TM2","lower","15.5",NA,NA,NA,"red","yellow","N",NA,NA,46,7,"~1mm","22.4",NA,"p","0.0","1.0",5.4,NA,NA,NA,"Y","2b",NA,NA,NA,NA,NA,0.5
"614",NA,NA,2017,2017-05-31,NA,"TM2","lower","15.5",NA,NA,NA,"red","green","N",NA,NA,29,1,"<1mm","7.5",NA,"s","0.0","0.0",NA,NA,NA,NA,"N","0.0",NA,NA,NA,NA,NA,0.5
"615",NA,NA,2017,2017-05-31,NA,"TM2","lower","15.5",NA,NA,NA,"red","green","N",NA,NA,29,1,"<1mm","6.8",NA,"s","0.0","0.0",NA,NA,NA,NA,"N","0.0",NA,NA,NA,NA,NA,0.5
"616",NA,NA,2017,2017-05-31,NA,"TM2","lower","15.5",NA,NA,NA,"red","green","N",NA,NA,28,7,"<1mm","12.1",NA,"s","0.0","0.0",NA,NA,NA,NA,"N","0.0",NA,NA,NA,NA,NA,0.5
"617",NA,NA,2017,2017-05-31,NA,"TM2","lower","15.5",NA,NA,NA,"red","yellow","N",NA,NA,36,23,"<1mm","12.2",NA,"s","0.0","0.0",NA,NA,NA,NA,"N","0.0",NA,NA,NA,NA,NA,0.5
"618",NA,NA,2017,2017-05-31,NA,"TM2","lower","15.5",NA,NA,NA,"orange","green","N",NA,NA,28,18,"<1mm","14.1",NA,"p","0.0","1.0",4.4,NA,NA,NA,"N","0.0",NA,NA,NA,NA,NA,0.5
"619",NA,NA,2017,2017-05-31,NA,"TM2","lower","15.5",NA,NA,NA,"red","white","N",NA,NA,NA,NA,"1.45","15.0",NA,"p","0.0","1.0",4.1,NA,NA,NA,"N","0.0",NA,NA,NA,NA,NA,1.45
"620",NA,NA,2017,2017-05-31,NA,"TM2","lower","15.5",NA,NA,NA,"orange","green","N",NA,NA,NA,NA,"~1","6.2",NA,"s","0.0","0.0",0,NA,NA,NA,"Y","2b",NA,NA,NA,NA,NA,0.5
"621",NA,NA,2017,2017-05-31,NA,"TM2","lower","15.5",NA,NA,NA,"orange","red","N",NA,NA,NA,NA,"1.35","21.1",NA,"s","0.0","1.0",5.3,NA,NA,NA,"N","0.0",NA,NA,NA,NA,NA,1.35
"622",NA,NA,2017,2017-05-31,NA,"TM2","lower","15.5",NA,NA,NA,"red","green","N",NA,NA,NA,NA,"1.0","12.5",NA,"s","0.0","0.0",0,NA,NA,NA,"N","0.0",NA,NA,NA,NA,NA,1
"623",NA,NA,2017,2017-05-31,NA,"TM2","lower","15.5",NA,NA,NA,"orange","none","N",NA,NA,NA,NA,"0.9","6.5",NA,"s","0.0","0.0",0,NA,NA,NA,"Y","2b",NA,NA,NA,NA,NA,0.5
"624",NA,NA,2017,2017-05-31,NA,"TM2","lower","15.5",NA,NA,NA,"red","yellow","N",NA,NA,NA,NA,"1.93","30.5",NA,"p","0.0","2.0",5.5,NA,NA,NA,"Y","3a",NA,NA,NA,NA,NA,1.93
"625",NA,NA,2017,2017-05-31,NA,"TM2","lower","15.5",NA,NA,NA,"orange","none","N",NA,NA,NA,NA,"0.92","4.1",NA,"s","0.0","0.0",0,NA,NA,NA,"Y","2b",NA,NA,NA,NA,NA,0.5
"626",NA,NA,2017,2017-05-31,NA,"TM2","lower","15.5",NA,NA,NA,"orange","yellow","N",NA,NA,NA,NA,"~1","16.5",NA,"s","0.0","1.0",4.8,NA,NA,NA,"N","0.0",NA,NA,NA,NA,NA,0.5
"627",NA,NA,2017,2017-05-31,NA,"TM2","lower","15.5",NA,NA,NA,"red","yellow","N",NA,NA,NA,NA,"1.52","21.9",NA,"s","0.0","2.0",5.2,NA,NA,NA,"N","0.0",NA,NA,NA,NA,NA,1.52
"628",NA,NA,2017,2017-05-31,NA,"TM2","lower","15.5",NA,NA,NA,"orange","yellow","N",NA,NA,NA,NA,"1.2","18.0",NA,"s","0.0","1.0",3.8,NA,NA,NA,"N","0.0",NA,NA,NA,NA,NA,1.2
"629",NA,NA,2017,2017-05-31,NA,"TM2","lower","15.5",NA,NA,NA,"orange","none","N",NA,NA,NA,NA,"~1","7.7",NA,"b","0.0","0.0",0,NA,NA,NA,"Y","1a",NA,NA,NA,NA,NA,0.5
"630",NA,NA,2017,2017-05-31,NA,"TM2","lower","15.5",NA,NA,NA,"red","yellow","N",NA,NA,NA,NA,"1.48","20.5",NA,"s","0.0","2.0",6.5,NA,NA,NA,"N","0.0",NA,NA,NA,NA,NA,1.48
"631",NA,NA,2017,2017-05-31,NA,"TM2","lower","15.5",NA,NA,NA,"orange","green","N",NA,NA,NA,NA,"1.58","21.3",NA,"p","0.0","2.0",4,NA,NA,NA,"N","0.0",NA,NA,NA,NA,NA,1.58
"632",NA,NA,2017,2017-05-31,NA,"TM2","lower","15.5",NA,NA,NA,"red","yellow","N",NA,NA,NA,NA,"1.19","21.4",NA,"p","0.0","2.0",3.5,NA,NA,NA,"Y","3a",NA,NA,NA,NA,NA,1.19
"633",NA,NA,2017,2017-05-31,NA,"TM2","lower","15.5",NA,NA,NA,"orange","yellow","N",NA,NA,NA,NA,"1.09","20.7",NA,"s","0.0","2.0",4.1,NA,NA,NA,"Y","3a",NA,NA,NA,NA,NA,1.09
"634",NA,NA,2017,2017-05-31,NA,"TM2","lower","15.5",NA,NA,NA,"orange","green","N",NA,NA,NA,NA,"~1","16.1",NA,"s","0.0","0.0",0,NA,NA,NA,"Y","2b",NA,NA,NA,NA,NA,0.5
"635",NA,NA,2017,2017-05-31,NA,"TM2","lower","15.5",NA,NA,NA,"red","green","N",NA,NA,NA,NA,"~1","13.3",NA,"s","0.0","0.0",0,NA,NA,NA,"N","0.0",NA,NA,NA,NA,NA,0.5
"636",NA,NA,2017,2017-05-31,NA,"TM2","lower","15.5",NA,NA,NA,"orange","green","N",NA,NA,NA,NA,"~1",NA,NA,"s","0.0","0.0",0,NA,NA,NA,"N","0.0",NA,NA,NA,NA,"broken (by Elena)",0.5
"637",NA,NA,2017,2017-05-31,NA,"TM2","lower","15.5",NA,NA,NA,"red","none","N",NA,NA,NA,NA,"~1","5.4",NA,"s","0.0","0.0",0,NA,NA,NA,"Y","2b",NA,NA,NA,NA,NA,0.5
"638",NA,NA,2017,2017-05-31,NA,"TM2","lower","15.5",NA,NA,NA,"orange","green","N",NA,NA,NA,NA,"~1","14.7",NA,"s","0.0","1.0",NA,NA,NA,NA,"N","0.0",NA,NA,NA,NA,"aborted sil.",0.5
"639",NA,NA,2017,2017-05-31,NA,"TM2","lower","15.5",NA,NA,NA,"red","green","N",NA,NA,NA,NA,"~1","6.0",NA,"b","0.0","0.0",0,NA,NA,NA,"N","0.0",NA,NA,NA,NA,NA,0.5
"640",NA,NA,2017,2017-05-31,NA,"TM2","lower","15.5",NA,NA,NA,"red","yellow","N",NA,NA,NA,NA,"1.35","17.0",NA,"s","0.0","2.0",4.4,NA,NA,NA,"N","0.0",NA,NA,NA,NA,NA,1.35
"641",NA,NA,2017,2017-05-31,NA,"TM2","lower","15.5",NA,NA,NA,"orange","green","N",NA,NA,NA,NA,"1.27","17.7",NA,"p","0.0","1.0",3.5,NA,NA,NA,"N","0.0",NA,NA,NA,NA,NA,1.27
"642",NA,NA,2017,2017-05-31,NA,"TM2","lower","15.5",NA,NA,NA,"red","none","N",NA,NA,NA,NA,"~1",NA,NA,"s","0.0","0.0",0,NA,NA,NA,"N","0.0",NA,NA,NA,NA,"broken",0.5
"643",NA,NA,2017,2017-05-31,NA,"TM2","lower","9.0",NA,NA,NA,"r",NA,"N",NA,NA,NA,NA,"1.0",NA,NA,"x",NA,NA,NA,NA,NA,NA,NA,NA,NA,NA,NA,NA,NA,1
"644",NA,NA,2017,2017-05-31,NA,"TM2","lower","9.0",NA,NA,NA,"r",NA,"N",NA,NA,NA,NA,NA,NA,NA,"x",NA,NA,NA,NA,NA,NA,NA,NA,NA,NA,NA,NA,"no plant",NA
"645",NA,NA,2017,2017-05-31,NA,"TM2","lower","9.0",NA,NA,NA,"r",NA,"N",NA,NA,NA,NA,"<1",NA,NA,"x",NA,NA,NA,NA,NA,NA,"Y","2b",NA,NA,NA,NA,NA,0.5
"646",NA,NA,2017,2017-05-31,NA,"TM2","lower","9.5",NA,NA,NA,"o",NA,"N",NA,NA,NA,NA,NA,NA,NA,"x",NA,NA,NA,NA,NA,NA,NA,NA,NA,NA,NA,NA,"no plant",NA
"647",NA,NA,2017,2017-05-31,NA,"TM2","lower","9.5",NA,NA,NA,"r",NA,"N",NA,NA,NA,NA,"1.0",NA,NA,"x",NA,NA,NA,NA,NA,NA,"Y","2b",NA,NA,NA,NA,NA,1
"648",NA,NA,2017,2017-05-31,NA,"TM2","lower","9.5",NA,NA,NA,"r",NA,"N",NA,NA,NA,NA,"<1",NA,NA,"x",NA,NA,NA,NA,NA,NA,"Y","2b",NA,NA,NA,NA,NA,0.5
"649",NA,NA,2017,2017-05-31,NA,"TM2","lower","9.5",NA,NA,NA,"r",NA,"N",NA,NA,NA,NA,"<1",NA,NA,"x",NA,NA,NA,NA,NA,NA,"Y","2b",NA,NA,NA,NA,NA,0.5
"650",NA,NA,2017,2017-05-31,NA,"TM2","lower","9.5",NA,NA,NA,"r",NA,"N",NA,NA,NA,NA,"<1",NA,NA,"x",NA,NA,NA,NA,NA,NA,"Y","2b",NA,NA,NA,NA,NA,0.5
"651",NA,NA,2017,2017-05-31,NA,"TM2","lower","9.5",NA,NA,NA,"r",NA,"N",NA,NA,NA,NA,"<1",NA,NA,"x",NA,NA,NA,NA,NA,NA,"Y","2b",NA,NA,NA,NA,NA,0.5
"652",NA,NA,2017,2017-05-31,NA,"TM2","lower","9.5",NA,NA,NA,"r",NA,"N",NA,NA,NA,NA,"<1",NA,NA,"x",NA,NA,NA,NA,NA,NA,"Y","2b",NA,NA,NA,NA,NA,0.5
"653",NA,NA,2017,2017-05-31,NA,"TM2","lower","9.5",NA,NA,NA,"r",NA,"N",NA,NA,NA,NA,"1.0",NA,NA,"x",NA,NA,NA,NA,NA,NA,"Y","2b",NA,NA,NA,NA,NA,1
"654",NA,NA,2017,2017-05-31,NA,"TM2","lower","9.5",NA,NA,NA,"r",NA,"N",NA,NA,NA,NA,"<1",NA,NA,"x",NA,NA,NA,NA,NA,NA,"Y","2b",NA,NA,NA,NA,NA,0.5
"655",NA,NA,2017,2017-05-31,NA,"TM2","lower","9.5",NA,NA,NA,"r",NA,"N",NA,NA,NA,NA,"1.5",NA,NA,"x",NA,NA,NA,NA,NA,NA,"Y","2b",NA,NA,NA,NA,NA,1.5
"656",NA,NA,2017,2017-05-31,NA,"TM2","lower","9.5",NA,NA,NA,"r",NA,"N",NA,NA,NA,NA,"1.0",NA,NA,"x",NA,NA,NA,NA,NA,NA,"Y","2b",NA,NA,NA,NA,NA,1
"657",NA,NA,2017,2017-05-31,NA,"TM2","lower","9.5",NA,NA,NA,"r",NA,"N",NA,NA,NA,NA,"1.0",NA,NA,"x",NA,NA,NA,NA,NA,NA,"Y","3b",NA,NA,NA,NA,"1 eaten",1
"658",NA,NA,2017,2017-05-31,NA,"TM2","lower","10.0",NA,NA,NA,"r",NA,"N",NA,NA,NA,NA,"<1",NA,NA,"x",NA,NA,NA,NA,NA,NA,NA,NA,NA,NA,NA,NA,NA,0.5
"659",NA,NA,2017,2017-05-31,NA,"TM2","lower","10.0",NA,NA,NA,"r",NA,"N",NA,NA,NA,NA,"<1",NA,NA,"x",NA,NA,NA,NA,NA,NA,NA,NA,NA,NA,NA,NA,"1 ab",0.5
"660",NA,NA,2017,2017-05-31,NA,"TM2","lower","10.0",NA,NA,NA,"r",NA,"N",NA,NA,NA,NA,"<1",NA,NA,"x",NA,NA,NA,NA,NA,NA,"Y","2b",NA,NA,NA,NA,NA,0.5
"661",NA,NA,2017,2017-05-31,NA,"TM2","lower","10.0",NA,NA,NA,"r",NA,"N",NA,NA,NA,NA,"1.0","12.0",NA,"x",NA,"1.0",3.5,NA,NA,NA,"Y","3a",NA,NA,NA,NA,"uprooted",1
"662",NA,NA,2017,2017-05-31,NA,"TM2","lower","10.0",NA,NA,NA,"r",NA,"N",NA,NA,NA,NA,"1.0",NA,NA,"x",NA,"1.0",3,NA,NA,NA,"Y","3a",NA,NA,NA,NA,"fallen over",1
"663",NA,NA,2017,2017-05-31,NA,"TM2","lower","10.0",NA,NA,NA,"r",NA,"N",NA,NA,NA,NA,"1.5",NA,NA,"x",NA,NA,NA,NA,NA,NA,"Y","3b",NA,NA,NA,NA,"2 eaten",1.5
"664",NA,NA,2017,2017-05-31,NA,"TM2","lower","10.0",NA,NA,NA,"o",NA,"N",NA,NA,NA,NA,"1.0",NA,NA,"x",NA,NA,NA,NA,NA,NA,"Y","2b",NA,NA,NA,NA,NA,1
"665",NA,NA,2017,2017-05-31,NA,"TM2","lower","10.0",NA,NA,NA,"o",NA,"N",NA,NA,NA,NA,"1.0",NA,NA,"x",NA,NA,NA,NA,NA,NA,"Y","1a 2b",NA,NA,NA,NA,NA,1
"666",NA,NA,2017,2017-05-31,NA,"TM2","lower","10.0",NA,NA,NA,"o",NA,"N",NA,NA,NA,NA,"<1",NA,NA,"x",NA,NA,NA,NA,NA,NA,NA,NA,NA,NA,NA,NA,NA,0.5
"667",NA,NA,2017,2017-05-31,NA,"TM2","lower","10.5",NA,NA,NA,"r",NA,"N",NA,NA,NA,NA,"<1",NA,NA,"x",NA,NA,NA,NA,NA,NA,"Y","2b",NA,NA,NA,NA,NA,0.5
"668",NA,NA,2017,2017-05-31,NA,"TM2","lower","10.5",NA,NA,NA,"r",NA,"N",NA,NA,NA,NA,"<1",NA,NA,"x",NA,NA,NA,NA,NA,NA,"Y","2b",NA,NA,NA,NA,NA,0.5
"669",NA,NA,2017,2017-05-31,NA,"TM2","lower","10.5",NA,NA,NA,"r",NA,"N",NA,NA,NA,NA,"<1",NA,NA,"x",NA,NA,NA,NA,NA,NA,"Y","2b",NA,NA,NA,NA,NA,0.5
"670",NA,NA,2017,2017-05-31,NA,"TM2","lower","10.5",NA,NA,NA,"r",NA,"N",NA,NA,NA,NA,"<1",NA,NA,"x",NA,NA,NA,NA,NA,NA,"Y","2b",NA,NA,NA,NA,NA,0.5
"671",NA,NA,2017,2017-05-31,NA,"TM2","lower","10.5",NA,NA,NA,"r",NA,"N",NA,NA,NA,NA,"<1",NA,NA,"x",NA,NA,NA,NA,NA,NA,"Y","2b",NA,NA,NA,NA,NA,0.5
"672",NA,NA,2017,2017-05-31,NA,"TM2","lower","8.0",NA,NA,NA,"o",NA,"N",NA,NA,NA,NA,"<1",NA,NA,"x",NA,NA,NA,NA,NA,NA,"Y","2b",NA,NA,NA,NA,NA,0.5
"673",NA,NA,2017,2017-05-31,NA,"TM2","lower","8.0",NA,NA,NA,"o",NA,"N",NA,NA,NA,NA,"<1",NA,NA,"x",NA,NA,NA,NA,NA,NA,"Y","2b",NA,NA,NA,NA,NA,0.5
"674",NA,NA,2017,2017-05-31,NA,"TM2","lower","8.0",NA,NA,NA,"o",NA,"N",NA,NA,NA,NA,"1.0",NA,NA,"x",NA,NA,NA,NA,NA,NA,"Y","3b",NA,NA,NA,NA,"1 eaten pod",1
"675",NA,NA,2017,2017-05-31,NA,"TM2","lower","8.0",NA,NA,NA,"r",NA,"N",NA,NA,NA,NA,"<1",NA,NA,"x",NA,NA,NA,NA,NA,NA,"Y","2b",NA,NA,NA,NA,NA,0.5
"676",NA,NA,2017,2017-05-31,NA,"TM2","lower","8.0",NA,NA,NA,"r",NA,"N",NA,NA,NA,NA,"<1",NA,NA,"x",NA,NA,NA,NA,NA,NA,"Y","2b",NA,NA,NA,NA,NA,0.5
"677",NA,NA,2017,2017-05-31,NA,"TM2","lower","8.0",NA,NA,NA,"r",NA,"N",NA,NA,NA,NA,"1.0",NA,NA,"x",NA,NA,NA,NA,NA,NA,"Y","2b 3b",NA,NA,NA,NA,"1 eaten pod",1
"678",NA,NA,2017,2017-05-31,NA,"TM2","lower","8.0",NA,NA,NA,"r",NA,"N",NA,NA,NA,NA,"<1",NA,NA,"x",NA,NA,NA,NA,NA,NA,"Y","2b",NA,NA,NA,NA,NA,0.5
"679",NA,NA,2017,2017-05-31,NA,"TM2","lower","8.0",NA,NA,NA,"r",NA,"N",NA,NA,NA,NA,"<1",NA,NA,"x",NA,NA,NA,NA,NA,NA,"Y","2b",NA,NA,NA,NA,NA,0.5
"680",NA,NA,2017,2017-05-31,NA,"TM2","lower","8.0",NA,NA,NA,"r",NA,"N",NA,NA,NA,NA,"<1",NA,NA,"x",NA,NA,NA,NA,NA,NA,"Y","2b",NA,NA,NA,NA,NA,0.5
"681",NA,NA,2017,2017-05-31,NA,"TM2","lower","8.0",NA,NA,NA,"r",NA,"N",NA,NA,NA,NA,"<1",NA,NA,"x",NA,NA,NA,NA,NA,NA,"Y","2b",NA,NA,NA,NA,NA,0.5
"682",NA,NA,2017,2017-05-31,NA,"TM2","lower","8.0",NA,NA,NA,"r",NA,"N",NA,NA,NA,NA,"<1",NA,NA,"x",NA,NA,NA,NA,NA,NA,"Y","2b",NA,NA,NA,NA,NA,0.5
"683",NA,NA,2017,2017-05-31,NA,"TM2","lower","8.0",NA,NA,NA,"r",NA,"N",NA,NA,NA,NA,"1.0",NA,NA,"x",NA,NA,NA,NA,NA,NA,"Y","2b",NA,NA,NA,NA,NA,1
"684",NA,NA,2017,2017-05-31,NA,"TM2","lower","8.0",NA,NA,NA,"r",NA,"N",NA,NA,NA,NA,"<1",NA,NA,"x",NA,NA,NA,NA,NA,NA,"Y","2b",NA,NA,NA,NA,NA,0.5
"685",NA,NA,2017,2017-05-31,NA,"TM2","lower","8.0",NA,NA,NA,"r",NA,"N",NA,NA,NA,NA,"1.0",NA,NA,"x",NA,NA,NA,NA,NA,NA,NA,NA,NA,NA,NA,NA,NA,1
"686",NA,NA,2017,2017-05-31,NA,"TM2","lower","8.0",NA,NA,NA,"r",NA,"N",NA,NA,NA,NA,"<1",NA,NA,"x",NA,NA,NA,NA,NA,NA,"Y","2b",NA,NA,NA,NA,NA,0.5
"687",NA,NA,2017,2017-05-31,NA,"TM2","lower","8.0",NA,NA,NA,"r",NA,"N",NA,NA,NA,NA,"<1",NA,NA,"x",NA,NA,NA,NA,NA,NA,"Y","2b",NA,NA,NA,NA,NA,0.5
"688",NA,NA,2017,2017-05-31,NA,"TM2","lower","8.0",NA,NA,NA,"r",NA,"N",NA,NA,NA,NA,NA,NA,NA,"x",NA,NA,NA,NA,NA,NA,NA,NA,NA,NA,NA,NA,"no plant",NA
"689",NA,NA,2017,2017-05-31,NA,"TM2","lower","8.0",NA,NA,NA,"r",NA,"N",NA,NA,NA,NA,"<1","11.9",NA,"sx","0.0","1.0",1.9,NA,NA,NA,"Y","3a",NA,NA,NA,NA,NA,0.5
"690",NA,NA,2017,2017-05-31,NA,"TM2","lower","8.0",NA,NA,NA,"r",NA,"N",NA,NA,NA,NA,"1.0","14.9",NA,"sx","0.0","1.0",3.7,NA,NA,NA,"Y","3a",NA,NA,NA,NA,NA,1
"691",NA,NA,2017,2017-05-31,NA,"TM2","lower","8.0",NA,NA,NA,"r",NA,"N",NA,NA,NA,NA,"1.0","21.0",NA,"sx","0.0","2.0",4.3,NA,NA,NA,"Y","3a",NA,NA,NA,NA,NA,1
"692",NA,NA,2017,2017-05-31,NA,"TM2","lower","8.0",NA,NA,NA,"r",NA,"N",NA,NA,NA,NA,"1.0","18.0",NA,"sx","0.0","1.0",4.5,NA,NA,NA,"Y","3b",NA,NA,NA,NA,"1 eaten",1
"693",NA,NA,2017,2017-05-31,NA,"TM2","lower","8.5",NA,NA,NA,"r",NA,"N",NA,NA,NA,NA,"<1",NA,NA,"x",NA,NA,NA,NA,NA,NA,"Y","2b",NA,NA,NA,NA,NA,0.5
"694",NA,NA,2017,2017-05-31,NA,"TM2","lower","8.5",NA,NA,NA,"r",NA,"N",NA,NA,NA,NA,"<1",NA,NA,"x",NA,NA,NA,NA,NA,NA,"Y","2b",NA,NA,NA,NA,NA,0.5
"695",NA,NA,2017,2017-05-31,NA,"TM2","lower","8.5",NA,NA,NA,"r",NA,"N",NA,NA,NA,NA,"<1",NA,NA,"x",NA,NA,NA,NA,NA,NA,"Y","2b",NA,NA,NA,NA,NA,0.5
"696",NA,NA,2017,2017-05-31,NA,"TM2","lower","9.0",NA,NA,NA,"o",NA,"N",NA,NA,NA,NA,"<1",NA,NA,"x",NA,NA,NA,NA,NA,NA,NA,NA,NA,NA,NA,NA,NA,0.5
"697",NA,NA,2017,2017-05-31,NA,"TM2","lower","9.0",NA,NA,NA,"r",NA,"N",NA,NA,NA,NA,"1.0",NA,NA,"x",NA,NA,NA,NA,NA,NA,"Y","2b",NA,NA,NA,NA,NA,1
"698",NA,NA,2017,2017-05-31,NA,"TM2","lower","9.0",NA,NA,NA,"r",NA,"N",NA,NA,NA,NA,"1.0",NA,NA,"x",NA,NA,NA,NA,NA,NA,"Y","2b",NA,NA,NA,NA,NA,1
"699",NA,NA,2017,2017-05-31,NA,"TM2","lower","9.0",NA,NA,NA,"r",NA,"N",NA,NA,NA,NA,"<1",NA,NA,"x",NA,NA,NA,NA,NA,NA,"Y","2b",NA,NA,NA,NA,NA,0.5
"700",NA,NA,2017,2017-05-31,NA,"TM2","lower","9.0",NA,NA,NA,"r",NA,"N",NA,NA,NA,NA,"1.0",NA,NA,"x",NA,NA,NA,NA,NA,NA,NA,NA,NA,NA,NA,NA,NA,1
"701",NA,NA,2017,2017-05-31,NA,"TM2","lower","15.0",NA,NA,NA,"R",NA,"N",NA,NA,NA,NA,"1.0","11.6",NA,"p","0.0","1.0",4.6,NA,NA,NA,NA,NA,NA,NA,NA,NA,NA,1
"702",NA,NA,2017,2017-05-31,NA,"TM2","lower","15.0",NA,NA,NA,"R",NA,"N",NA,NA,NA,NA,"1.0","13.5",NA,"p","0.0","2.0",4.5,NA,NA,NA,"Y","3a",NA,NA,NA,NA,NA,1
"703",NA,NA,2017,2017-05-31,NA,"TM2","lower","15.0",NA,NA,NA,"R",NA,"N",NA,NA,NA,NA,"1.5","17.9",NA,"p","0.0","2.0",6.5,NA,NA,NA,"Y","1a 3a",NA,NA,NA,NA,NA,1.5
"704",NA,NA,2017,2017-05-31,NA,"TM2","lower","15.5",NA,NA,NA,"R",NA,"N",NA,NA,NA,NA,"1.0","10.5",NA,"sx","0.0","1.0",1.3,NA,NA,NA,"Y","3a",NA,NA,NA,NA,NA,1
"705",NA,NA,2017,2017-05-31,NA,"TM2","lower","16.0",NA,NA,NA,"O",NA,"N",NA,NA,NA,NA,"<1",NA,NA,"x",NA,NA,NA,NA,NA,NA,NA,NA,NA,NA,NA,NA,NA,0.5
"706",NA,NA,2017,2017-05-31,NA,"TM2","lower","16.0",NA,NA,NA,"R",NA,"N",NA,NA,NA,NA,"<1",NA,NA,"x",NA,NA,NA,NA,NA,NA,NA,NA,NA,NA,NA,NA,NA,0.5
"707",NA,NA,2017,2017-05-31,NA,"TM2","lower","16.0",NA,NA,NA,"R",NA,"N",NA,NA,NA,NA,"1.0",NA,NA,"x",NA,NA,NA,NA,NA,NA,NA,NA,NA,NA,NA,NA,NA,1
"708",NA,NA,2017,2017-05-31,NA,"TM2","lower","16.0",NA,NA,NA,"R",NA,"N",NA,NA,NA,NA,"1.5","20.5",NA,"p","0.0","2.0",4.1,NA,NA,NA,"Y","1a",NA,NA,NA,NA,NA,1.5
"709",NA,NA,2017,2017-05-31,NA,"TM2","lower","16.0",NA,NA,NA,"R",NA,"N",NA,NA,NA,NA,"1.0","11.0",NA,"sx","0.0","1.0",3,NA,NA,NA,NA,NA,NA,NA,NA,NA,NA,1
"710",NA,NA,2017,2017-05-31,NA,"TM2","lower","16.0",NA,NA,NA,"R",NA,"N",NA,NA,NA,NA,"1.0","12.0",NA,"p","0.0","1.0",3,NA,NA,NA,NA,NA,NA,NA,NA,NA,NA,1
"711",NA,NA,2017,2017-05-31,NA,"TM2","lower","16.0",NA,NA,NA,"R",NA,"Y",NA,NA,NA,NA,"2.09","29.2",NA,"p","0.0","6.0",6.5,NA,NA,NA,"Y","1a 3a",NA,NA,NA,NA,NA,2.09
"712",NA,NA,2017,2017-05-31,NA,"TM2","lower","16.0",NA,NA,NA,NA,NA,"N",NA,NA,29,17,NA,NA,NA,"x",NA,NA,NA,NA,NA,NA,NA,NA,NA,NA,NA,NA,"no plant",NA
"713",NA,NA,2017,2017-05-31,NA,"TM2","lower","13.5",NA,NA,NA,"O",NA,"N",NA,NA,NA,NA,"<1",NA,NA,"x",NA,NA,NA,NA,NA,NA,"Y","2b",NA,NA,NA,NA,NA,0.5
"714",NA,NA,2017,2017-05-31,NA,"TM2","upper","13.5",NA,NA,NA,"R",NA,"N",NA,NA,NA,NA,"1.0",NA,NA,"x",NA,NA,NA,NA,NA,NA,"Y","2b",NA,NA,NA,NA,NA,1
"715",NA,NA,2017,2017-05-31,NA,"TM2","upper","13.5",NA,NA,NA,"R",NA,"N",NA,NA,NA,NA,"<1",NA,NA,"x",NA,NA,NA,NA,NA,NA,"Y","2b",NA,NA,NA,NA,NA,0.5
"716",NA,NA,2017,2017-05-31,NA,"TM2","upper","13.5",NA,NA,NA,"R",NA,"N",NA,NA,NA,NA,"<1","12.4",NA,"sx","0.0","1.0",2.6,NA,NA,NA,"Y","3a",NA,NA,NA,NA,NA,0.5
"717",NA,NA,2017,2017-05-31,NA,"TM2","upper","13.5",NA,NA,NA,"R",NA,"N",NA,NA,NA,NA,"1.0",NA,NA,"x",NA,NA,NA,NA,NA,NA,"Y","3b",NA,NA,NA,NA,"2 eaten pods",1
"718",NA,NA,2017,2017-05-31,NA,"TM2","upper","13.5",NA,NA,NA,"R",NA,"N",NA,NA,NA,NA,"<1",NA,NA,"x",NA,NA,NA,NA,NA,NA,"Y","2b",NA,NA,NA,NA,NA,0.5
"719",NA,NA,2017,2017-05-31,NA,"TM2","upper","13.5",NA,NA,NA,"R",NA,"N",NA,NA,NA,NA,"<1",NA,NA,"x",NA,NA,NA,NA,NA,NA,"Y","2b",NA,NA,NA,NA,NA,0.5
"720",NA,NA,2017,2017-05-31,NA,"TM2","upper","13.5",NA,NA,NA,"R",NA,"N",NA,NA,NA,NA,"<1",NA,NA,"x",NA,NA,NA,NA,NA,NA,"Y","2b",NA,NA,NA,NA,NA,0.5
"721",NA,NA,2017,2017-05-31,NA,"TM2","upper","13.5",NA,NA,NA,"R",NA,"N",NA,NA,NA,NA,"<1",NA,NA,"x",NA,NA,NA,NA,NA,NA,"Y","2b",NA,NA,NA,NA,NA,0.5
"722",NA,NA,2017,2017-05-31,NA,"TM2","upper","14.0",NA,NA,NA,"R",NA,"N",NA,NA,NA,NA,"<1",NA,NA,"x",NA,NA,NA,NA,NA,NA,"Y","2b",NA,NA,NA,NA,NA,0.5
"723",NA,NA,2017,2017-05-31,NA,"TM2","upper","14.0",NA,NA,NA,"R",NA,"N",NA,NA,NA,NA,"<1",NA,NA,"x",NA,NA,NA,NA,NA,NA,"Y","2b",NA,NA,NA,NA,NA,0.5
"724",NA,NA,2017,2017-05-31,NA,"TM2","upper","14.0",NA,NA,NA,"R",NA,"N",NA,NA,NA,NA,"1.0","13.5",NA,"b","0.0","0.0",NA,NA,NA,NA,"Y","1a 2b",NA,NA,NA,NA,NA,1
"725",NA,NA,2017,2017-05-31,NA,"TM2","upper","14.0",NA,NA,NA,"R",NA,"N",NA,NA,NA,NA,"<1",NA,NA,"x",NA,NA,NA,NA,NA,NA,"Y","2b",NA,NA,NA,NA,NA,0.5
"726",NA,NA,2017,2017-05-31,NA,"TM2","upper","14.0",NA,NA,NA,"R",NA,"N",NA,NA,NA,NA,"1.0",NA,NA,"x",NA,NA,NA,NA,NA,NA,"Y","1a 2b",NA,NA,NA,NA,NA,1
"727",NA,NA,2017,2017-05-31,NA,"TM2","upper","14.0",NA,NA,NA,"R",NA,"N",NA,NA,NA,NA,"<1",NA,NA,"x",NA,NA,NA,NA,NA,NA,"Y","2b",NA,NA,NA,NA,NA,0.5
"728",NA,NA,2017,2017-05-31,NA,"TM2","upper","14.0",NA,NA,NA,"R",NA,"N",NA,NA,NA,NA,"<1",NA,NA,"x",NA,NA,NA,NA,NA,NA,"Y","2b",NA,NA,NA,NA,NA,0.5
"729",NA,NA,2017,2017-05-31,NA,"TM2","upper","14.0",NA,NA,NA,"R",NA,"N",NA,NA,NA,NA,NA,NA,NA,"x",NA,NA,NA,NA,NA,NA,NA,NA,NA,NA,NA,NA,"no plant",NA
"730",NA,NA,2017,2017-05-31,NA,"TM2","upper","14.0",NA,NA,NA,"R",NA,"N",NA,NA,NA,NA,"<1","4.2",NA,"b","0.0","0.0",NA,NA,NA,NA,"Y","1a 2b",NA,NA,NA,NA,NA,0.5
"731",NA,NA,2017,2017-05-31,NA,"TM2","upper","14.0",NA,NA,NA,"R",NA,"N",NA,NA,NA,NA,"<1",NA,NA,"x",NA,NA,NA,NA,NA,NA,NA,NA,NA,NA,NA,NA,NA,0.5
"732",NA,NA,2017,2017-05-31,NA,"TM2","upper","14.5",NA,NA,NA,"O",NA,"N",NA,NA,NA,NA,"<1",NA,NA,"x",NA,NA,NA,NA,NA,NA,"Y","2b",NA,NA,NA,NA,NA,0.5
"733",NA,NA,2017,2017-05-31,NA,"TM2","upper","14.5",NA,NA,NA,"O",NA,"N",NA,NA,NA,NA,"<1",NA,NA,"x",NA,NA,NA,NA,NA,NA,"Y","2b",NA,NA,NA,NA,NA,0.5
"734",NA,NA,2017,2017-05-31,NA,"TM2","upper","14.5",NA,NA,NA,"R",NA,"N",NA,NA,NA,NA,"<1",NA,NA,"x",NA,NA,NA,NA,NA,NA,"Y","2b",NA,NA,NA,NA,NA,0.5
"735",NA,NA,2017,2017-05-31,NA,"TM2","upper","14.5",NA,NA,NA,"R",NA,"N",NA,NA,NA,NA,"<1",NA,NA,"x",NA,NA,NA,NA,NA,NA,"Y","2b",NA,NA,NA,NA,NA,0.5
"736",NA,NA,2017,2017-05-31,NA,"TM2","upper","14.5",NA,NA,NA,"R",NA,"N",NA,NA,NA,NA,"<1",NA,NA,"x",NA,NA,NA,NA,NA,NA,"Y","2b",NA,NA,NA,NA,NA,0.5
"737",NA,NA,2017,2017-05-31,NA,"TM2","upper","14.5",NA,NA,NA,"R",NA,"N",NA,NA,NA,NA,"1.0","12.2",NA,"p","0.0","0.0",NA,NA,NA,NA,"Y","1a",NA,NA,NA,NA,"flowered but no siliques",1
"738",NA,NA,2017,2017-05-31,NA,"TM2","upper","15.0",NA,NA,NA,"O",NA,"N",NA,NA,NA,NA,NA,NA,NA,"x",NA,NA,NA,NA,NA,NA,NA,NA,NA,NA,NA,NA,"no plant",NA
"739",NA,NA,2017,2017-05-31,NA,"TM2","upper","15.0",NA,NA,NA,"R",NA,"N",NA,NA,NA,NA,"<1",NA,NA,"x",NA,NA,NA,NA,NA,NA,"Y","2b",NA,NA,NA,NA,NA,0.5
"740",NA,NA,2017,2017-05-31,NA,"TM2","upper","15.0",NA,NA,NA,"R",NA,"N",NA,NA,NA,NA,"<1",NA,NA,"x",NA,NA,NA,NA,NA,NA,NA,NA,NA,NA,NA,NA,NA,0.5
"741",NA,NA,2017,2017-05-31,NA,"TM2","upper","15.0",NA,NA,NA,"R",NA,"N",NA,NA,NA,NA,"<1",NA,NA,"x",NA,NA,NA,NA,NA,NA,NA,NA,NA,NA,NA,NA,NA,0.5
"742",NA,NA,2017,2017-05-31,NA,"TM2","upper","7.5",NA,NA,NA,"R",NA,"N",NA,NA,NA,NA,"<1",NA,NA,"x",NA,NA,NA,NA,NA,NA,"Y","2b",NA,NA,NA,NA,NA,0.5
"743",NA,NA,2017,2017-05-31,NA,"TM2","upper","7.5",NA,NA,NA,"R",NA,"N",NA,NA,NA,NA,"<1",NA,NA,"x",NA,NA,NA,NA,NA,NA,"Y","2b",NA,NA,NA,NA,NA,0.5
"744",NA,NA,2017,2017-05-31,NA,"TM2","upper","7.5",NA,NA,NA,"R",NA,"N",NA,NA,NA,NA,"<1",NA,NA,"x",NA,NA,NA,NA,NA,NA,"Y","2b",NA,NA,NA,NA,NA,0.5
"745",NA,NA,2017,2017-05-31,NA,"TM2","upper","7.5",NA,NA,NA,"R",NA,"N",NA,NA,NA,NA,"<1",NA,NA,"x",NA,NA,NA,NA,NA,NA,"Y","2b",NA,NA,NA,NA,NA,0.5
"746",NA,NA,2017,2017-05-31,NA,"TM2","upper","7.5",NA,NA,NA,"R",NA,"N",NA,NA,NA,NA,"<1",NA,NA,"x",NA,NA,NA,NA,NA,NA,"Y","2b",NA,NA,NA,NA,NA,0.5
"747",NA,NA,2017,2017-05-31,NA,"TM2","upper","7.5",NA,NA,NA,"R",NA,"N",NA,NA,NA,NA,"<1",NA,NA,"x",NA,NA,NA,NA,NA,NA,"Y","2b",NA,NA,NA,NA,NA,0.5
"748",NA,NA,2017,2017-05-31,NA,"TM2","upper","7.5",NA,NA,NA,"R",NA,"N",NA,NA,NA,NA,"<1",NA,NA,"x",NA,NA,NA,NA,NA,NA,"Y","2b",NA,NA,NA,NA,NA,0.5
"749",NA,NA,2017,2017-05-31,NA,"TM2","upper","7.5",NA,NA,NA,"R",NA,"N",NA,NA,NA,NA,"<1",NA,NA,"x",NA,NA,NA,NA,NA,NA,"Y","2b",NA,NA,NA,NA,NA,0.5
"750",NA,NA,2017,2017-05-31,NA,"TM2","upper","7.5",NA,NA,NA,"R",NA,"N",NA,NA,NA,NA,"<1",NA,NA,"x",NA,NA,NA,NA,NA,NA,"Y","2b",NA,NA,NA,NA,NA,0.5
"751",NA,NA,2017,2017-05-31,NA,"TM2","upper","7.5",NA,NA,NA,"R",NA,"N",NA,NA,NA,NA,"<1",NA,NA,"x",NA,NA,NA,NA,NA,NA,"Y","2b",NA,NA,NA,NA,NA,0.5
"752",NA,NA,2017,2017-05-31,NA,"TM2","upper","7.5",NA,NA,NA,"R",NA,"N",NA,NA,NA,NA,"1.0",NA,NA,"x",NA,NA,NA,NA,NA,NA,"Y","2b",NA,NA,NA,NA,NA,1
"753",NA,NA,2017,2017-05-31,NA,"TM2","upper","7.5",NA,NA,NA,"R",NA,"N",NA,NA,NA,NA,"<1",NA,NA,"x",NA,NA,NA,NA,NA,NA,"Y","2b",NA,NA,NA,NA,NA,0.5
"754",NA,NA,2017,2017-05-31,NA,"TM2","upper","7.5",NA,NA,NA,"R",NA,"N",NA,NA,NA,NA,"<1",NA,NA,"x",NA,NA,NA,NA,NA,NA,"Y","2b",NA,NA,NA,NA,NA,0.5
"755",NA,NA,2017,2017-05-31,NA,"TM2","upper","7.5",NA,NA,NA,"R",NA,"N",NA,NA,NA,NA,"1.0",NA,NA,"x",NA,NA,NA,NA,NA,NA,"Y","2b",NA,NA,NA,NA,NA,1
"756",NA,NA,2017,2017-05-31,NA,"TM2","upper","7.5",NA,NA,NA,"R",NA,"N",NA,NA,NA,NA,"1.0",NA,NA,"x",NA,NA,NA,NA,NA,NA,"Y","2b",NA,NA,NA,NA,NA,1
"757",NA,NA,2017,2017-05-31,NA,"TM2","upper","7.5",NA,NA,NA,"R",NA,"N",NA,NA,NA,NA,"1.0",NA,NA,"x",NA,NA,NA,NA,NA,NA,"Y","2b",NA,NA,NA,NA,NA,1
"758",NA,NA,2017,2017-05-31,NA,"TM2","upper","7.5",NA,NA,NA,"R",NA,"N",NA,NA,NA,NA,"<1",NA,NA,"x",NA,NA,NA,NA,NA,NA,"Y","2b",NA,NA,NA,NA,NA,0.5
"759",NA,NA,2017,2017-05-31,NA,"TM2","upper","7.5",NA,NA,NA,"R",NA,"N",NA,NA,NA,NA,"<1",NA,NA,"x",NA,NA,NA,NA,NA,NA,"Y","2b",NA,NA,NA,NA,NA,0.5
"760",NA,NA,2017,2017-05-31,NA,"TM2","upper","7.5",NA,NA,NA,"R",NA,"N",NA,NA,NA,NA,"1.5",NA,NA,"x",NA,NA,NA,NA,NA,NA,NA,NA,NA,NA,NA,NA,NA,1.5
"761",NA,NA,2017,2017-05-31,NA,"TM2","upper","7.5",NA,NA,NA,"R",NA,"N",NA,NA,NA,NA,"1.0","13.2",NA,"sx","0.0","1.0",2.3,NA,NA,NA,"Y","3b",NA,NA,NA,NA,NA,1
"762",NA,NA,2017,2017-05-31,NA,"TM2","upper","7.5",NA,NA,NA,"R",NA,"N",NA,NA,NA,NA,"1.0","15.0",NA,"sx","0.0","1.0",2.8,NA,NA,NA,"Y","3a",NA,NA,NA,NA,NA,1
"763",NA,NA,2017,2017-05-31,NA,"TM2","upper","7.5",NA,NA,NA,"R",NA,"N",NA,NA,NA,NA,"1.5","21.0",NA,"s","0.0","1.0",4.6,NA,NA,NA,NA,NA,NA,NA,NA,NA,NA,1.5
"764",NA,NA,2017,2017-05-31,NA,"TM2","upper","7.5",NA,NA,NA,"R",NA,"N",NA,NA,NA,NA,"<1",NA,NA,"x",NA,NA,NA,NA,NA,NA,"Y","2b",NA,NA,NA,NA,NA,0.5
"765",NA,NA,2017,2017-05-31,NA,"TM2","upper","7.5",NA,NA,NA,"R",NA,"N",NA,NA,NA,NA,"1.0",NA,NA,"x",NA,NA,NA,NA,NA,NA,"Y","3b",NA,NA,NA,NA,"1 eaten silique",1
"766",NA,NA,2017,2017-05-31,NA,"TM2","upper","7.5",NA,NA,NA,"R",NA,"N",NA,NA,NA,NA,"1.0","15.0",NA,"sx","0.0","1.0",1.4,NA,NA,NA,"Y","3a",NA,NA,NA,NA,NA,1
"767",NA,NA,2017,2017-05-31,NA,"TM2","upper","7.5",NA,NA,NA,"R",NA,"N",NA,NA,NA,NA,"<1","14.0",NA,"sx","0.0","1.0",3.1,NA,NA,NA,"Y","3a",NA,NA,NA,NA,NA,0.5
"768",NA,NA,2017,2017-05-31,NA,"TM2","upper","7.5",NA,NA,NA,"R",NA,"N",NA,NA,NA,NA,"1.0",NA,NA,"x",NA,NA,NA,NA,NA,NA,"Y","3b",NA,NA,NA,NA,"1 eaten silique",1
"769",NA,NA,2017,2017-05-31,NA,"TM2","upper","7.0",NA,NA,NA,"R",NA,"N",NA,NA,NA,NA,"1.0","17.0",NA,"x",NA,"1.0",4.2,NA,NA,NA,"Y","3a",NA,NA,NA,NA,"broken stem",1
"770",NA,NA,2017,2017-05-31,NA,"TM2","upper","7.0",NA,NA,NA,"R",NA,"N",NA,NA,NA,NA,"1.0",NA,NA,"x",NA,NA,NA,NA,NA,NA,"Y","3b",NA,NA,NA,NA,"2 ab",1
"771",NA,NA,2017,2017-05-31,NA,"TM2","upper","7.0",NA,NA,NA,"R",NA,"N",NA,NA,NA,NA,"1.5","21.0",NA,"sx","0.0","2.0",5.1,NA,NA,NA,"Y","3a",NA,NA,NA,NA,NA,1.5
"772",NA,NA,2017,2017-05-31,NA,"TM2","upper","7.0",NA,NA,NA,"R",NA,"N",NA,NA,NA,NA,"1.0",NA,NA,"x",NA,NA,NA,NA,NA,NA,"Y","3a",NA,NA,NA,NA,"1 ab",1
"773",NA,NA,2017,2017-05-31,NA,"TM2","upper","7.0",NA,NA,NA,"R",NA,"N",NA,NA,NA,NA,"1.5",NA,NA,"x","0.0","0.0",NA,NA,NA,NA,NA,NA,NA,NA,NA,NA,NA,1.5
"774",NA,NA,2017,2017-05-31,NA,"TM2","upper","7.0",NA,NA,NA,"R",NA,"N",NA,NA,NA,NA,"1.5","18.7",NA,"s","0.0","1.0",5.1,NA,NA,NA,NA,NA,NA,NA,NA,NA,NA,1.5
"775",NA,NA,2017,2017-05-31,NA,"TM2","upper","7.0",NA,NA,NA,"R",NA,"N",NA,NA,NA,NA,"1.0","16.1",NA,"p","0.0","2.0",4.4,NA,NA,NA,"Y","3a",NA,NA,NA,NA,NA,1
"776",NA,NA,2017,2017-05-31,NA,"TM2","upper","7.0",NA,NA,NA,"R",NA,"N",NA,NA,NA,NA,"1.0",NA,NA,"x",NA,NA,NA,NA,NA,NA,"Y","2b",NA,NA,NA,NA,NA,1
"777",NA,NA,2017,2017-05-31,NA,"TM2","upper","7.0",NA,NA,NA,"R",NA,"N",NA,NA,NA,NA,"1.0",NA,NA,"x",NA,NA,NA,NA,NA,NA,"Y","3a",NA,NA,NA,NA,"1 ab",1
"778",NA,NA,2017,2017-05-31,NA,"TM2","upper","7.0",NA,NA,NA,"R",NA,"N",NA,NA,NA,NA,"1.0",NA,NA,"x",NA,NA,NA,NA,NA,NA,"Y","2b",NA,NA,NA,NA,NA,1
"779",NA,NA,2017,2017-05-31,NA,"TM2","upper","7.0",NA,NA,NA,"R",NA,"N",NA,NA,NA,NA,"1.5","20.5",NA,"s","0.0","2.0",4.4,NA,NA,NA,"Y","3a",NA,NA,NA,NA,NA,1.5
"780",NA,NA,2017,2017-05-31,NA,"TM2","upper","7.0",NA,NA,NA,"R",NA,"N",NA,NA,NA,NA,"1.0","18.0",NA,"sx","0.0","2.0",3.3,NA,NA,NA,"Y","3a",NA,NA,NA,NA,NA,1
"781",NA,NA,2017,2017-05-31,NA,"TM2","upper","7.5",NA,NA,NA,"O",NA,"N",NA,NA,NA,NA,"<1",NA,NA,"x",NA,NA,NA,NA,NA,NA,"Y","2b",NA,NA,NA,NA,NA,0.5
"782",NA,NA,2017,2017-05-31,NA,"TM2","upper","7.5",NA,NA,NA,"O",NA,"N",NA,NA,NA,NA,"1.0",NA,NA,"x",NA,NA,NA,NA,NA,NA,"Y","2b",NA,NA,NA,NA,NA,1
"783",NA,NA,2017,2017-05-31,NA,"TM2","upper","7.5",NA,NA,NA,"O",NA,"N",NA,NA,NA,NA,"<1",NA,NA,"x",NA,NA,NA,NA,NA,NA,"Y","2b",NA,NA,NA,NA,NA,0.5
"784",NA,NA,2017,2017-05-31,NA,"TM2","upper","7.5",NA,NA,NA,"O",NA,"N",NA,NA,NA,NA,"1.0",NA,NA,"x",NA,NA,NA,NA,NA,NA,"Y","2b",NA,NA,NA,NA,NA,1
"785",NA,NA,2017,2017-05-31,NA,"TM2","upper","7.5",NA,NA,NA,"O",NA,"N",NA,NA,NA,NA,"1.5","18.0",NA,"s","0.0","2.0",4.5,NA,NA,NA,NA,NA,NA,NA,NA,NA,NA,1.5
"786",NA,NA,2017,2017-05-31,NA,"TM2","upper","7.5",NA,NA,NA,"O",NA,"N",NA,NA,NA,NA,"1.0",NA,NA,"x",NA,NA,NA,NA,NA,NA,"Y","3b",NA,NA,NA,NA,"1 ab",1
"787",NA,NA,2017,2017-05-31,NA,"TM2","upper","7.5",NA,NA,NA,"O",NA,"N",NA,NA,NA,NA,"1.0",NA,NA,"x",NA,NA,NA,NA,NA,NA,"Y","3b",NA,NA,NA,NA,"1 ab",1
"788",NA,NA,2017,2017-05-31,NA,"TM2","upper","7.5",NA,NA,NA,"O",NA,"N",NA,NA,NA,NA,"1.0","19.8",NA,"sx","0.0","2.0",4.3,NA,NA,NA,"Y","3b",NA,NA,NA,NA,NA,1
"789",NA,NA,2017,2017-05-31,NA,"TM2","upper","7.5",NA,NA,NA,"R",NA,"N",NA,NA,NA,NA,"1.0",NA,NA,"x",NA,NA,NA,NA,NA,NA,"Y","2b",NA,NA,NA,NA,NA,1
"790",NA,NA,2017,2017-05-31,NA,"TM2","upper","7.5",NA,NA,NA,"R",NA,"N",NA,NA,NA,NA,"1.0",NA,NA,"x",NA,NA,NA,NA,NA,NA,"Y","2b",NA,NA,NA,NA,NA,1
"791",NA,NA,2017,2017-05-31,NA,"TM2","upper","7.5",NA,NA,NA,"R",NA,"N",NA,NA,NA,NA,"1.0",NA,NA,"x",NA,NA,NA,NA,NA,NA,"Y","2b",NA,NA,NA,NA,NA,1
"792",NA,NA,2017,2017-05-31,NA,"TM2","upper","7.5",NA,NA,NA,"R",NA,"N",NA,NA,NA,NA,"1.0",NA,NA,"x",NA,NA,NA,NA,NA,NA,"Y","2b",NA,NA,NA,NA,NA,1
"793",NA,NA,2017,2017-05-31,NA,"TM2","upper","7.5",NA,NA,NA,"R",NA,"N",NA,NA,NA,NA,"1.0",NA,NA,"x",NA,NA,NA,NA,NA,NA,"Y","3b",NA,NA,NA,NA,"1 ab",1
"794",NA,NA,2017,2017-05-31,NA,"TM2","upper","7.5",NA,NA,NA,"R",NA,"N",NA,NA,NA,NA,"<1",NA,NA,"x",NA,NA,NA,NA,NA,NA,"Y","2b",NA,NA,NA,NA,NA,0.5
"795",NA,NA,2017,2017-05-31,NA,"TM2","upper","7.5",NA,NA,NA,"R",NA,"N",NA,NA,NA,NA,"<1",NA,NA,"x",NA,NA,NA,NA,NA,NA,"Y","3b",NA,NA,NA,NA,"1 silique eaten",0.5
"796",NA,NA,2017,2017-05-31,NA,"TM2","upper","7.5",NA,NA,NA,"R",NA,"N",NA,NA,NA,NA,"<1",NA,NA,"x",NA,NA,NA,NA,NA,NA,"Y","2b",NA,NA,NA,NA,NA,0.5
"797",NA,NA,2017,2017-05-31,NA,"TM2","upper","7.5",NA,NA,NA,"R",NA,"N",NA,NA,NA,NA,"<1",NA,NA,"x",NA,NA,NA,NA,NA,NA,"Y","2b",NA,NA,NA,NA,NA,0.5
"798",NA,NA,2017,2017-05-31,NA,"TM2","upper","6.0",NA,NA,NA,"O",NA,"N",NA,NA,NA,NA,"1.0",NA,NA,"x",NA,NA,NA,NA,NA,NA,"Y","2b",NA,NA,NA,NA,NA,1
"799",NA,NA,2017,2017-05-31,NA,"TM2","upper","6.0",NA,NA,NA,"O",NA,"N",NA,NA,NA,NA,"1.0",NA,NA,"x",NA,NA,NA,NA,NA,NA,"Y","3a",NA,NA,NA,NA,"1 ab",1
"800",NA,NA,2017,2017-05-31,NA,"TM2","upper","6.0",NA,NA,NA,"O",NA,"N",NA,NA,NA,NA,"1.0",NA,NA,"x",NA,NA,NA,NA,NA,NA,"Y","1a 2b",NA,NA,NA,NA,NA,1
"801",NA,NA,2017,2017-05-31,NA,"TM2","upper","6.0",NA,NA,NA,"O",NA,"N",NA,NA,NA,NA,"1.0","12.2",NA,"sx","0.0","2.0",2.1,NA,NA,NA,"Y","3a",NA,NA,NA,NA,NA,1
"802",NA,NA,2017,2017-05-31,NA,"TM2","upper","6.0",NA,NA,NA,"R",NA,"N",NA,NA,NA,NA,"<1",NA,NA,"x",NA,NA,NA,NA,NA,NA,"Y","2b",NA,NA,NA,NA,NA,0.5
"803",NA,NA,2017,2017-05-31,NA,"TM2","upper","6.0",NA,NA,NA,"R",NA,"N",NA,NA,NA,NA,"<1",NA,NA,"x",NA,NA,NA,NA,NA,NA,"Y","2b",NA,NA,NA,NA,NA,0.5
"804",NA,NA,2017,2017-05-31,NA,"TM2","upper","6.0",NA,NA,NA,"R",NA,"N",NA,NA,NA,NA,"<1",NA,NA,"x",NA,NA,NA,NA,NA,NA,NA,NA,NA,NA,NA,NA,NA,0.5
"805",NA,NA,2017,2017-05-31,NA,"TM2","upper","6.0",NA,NA,NA,"R",NA,"N",NA,NA,NA,NA,"1.5","20.5",NA,"sx","0.0","0.0",NA,NA,NA,NA,"Y","3a",NA,NA,NA,NA,"1 ab",1.5
"806",NA,NA,2017,2017-05-31,NA,"TM2","upper","6.0",NA,NA,NA,"R",NA,"N",NA,NA,NA,NA,"1.5","18.6",NA,"s","0.0","1.0",5.1,NA,NA,NA,NA,NA,NA,NA,NA,NA,NA,1.5
"807",NA,NA,2017,2017-05-31,NA,"TM2","upper","6.0",NA,NA,NA,"R",NA,"N",NA,NA,NA,NA,"<1",NA,NA,"x",NA,NA,NA,NA,NA,NA,"Y","2b",NA,NA,NA,NA,NA,0.5
"808",NA,NA,2017,2017-05-31,NA,"TM2","upper","6.0",NA,NA,NA,"R",NA,"N",NA,NA,NA,NA,"1.0",NA,NA,"x",NA,NA,NA,NA,NA,NA,"Y","2b",NA,NA,NA,NA,NA,1
"809",NA,NA,2017,2017-05-31,NA,"TM2","upper","6.0",NA,NA,NA,"R",NA,"N",NA,NA,NA,NA,"1.5","22.6",NA,"s","0.0","1.0",4.5,NA,NA,NA,NA,NA,NA,NA,NA,NA,NA,1.5
"810",NA,NA,2017,2017-05-31,NA,"TM2","upper","6.0",NA,NA,NA,"R",NA,"N",NA,NA,NA,NA,"<1","14.2",NA,"s","0.0","1.0",2.5,NA,NA,NA,NA,NA,NA,NA,NA,NA,NA,0.5
"811",NA,NA,2017,2017-05-31,NA,"TM2","upper","6.0",NA,NA,NA,"R",NA,"N",NA,NA,NA,NA,"1.5","15.5",NA,"sx","0.0","1.0",0.3,NA,NA,NA,"Y","3b",NA,NA,NA,NA,NA,1.5
"812",NA,NA,2017,2017-05-31,NA,"TM2","upper","6.0",NA,NA,NA,"R",NA,"N",NA,NA,NA,NA,"1.0",NA,NA,"x",NA,NA,NA,NA,NA,NA,"Y","1a 2b",NA,NA,NA,NA,NA,1
"813",NA,NA,2017,2017-05-31,NA,"TM2","upper","6.5",NA,NA,NA,"O",NA,"N",NA,NA,NA,NA,"<1","13.9",NA,"p","0.0","1.0",2.6,NA,NA,NA,NA,NA,NA,NA,NA,NA,NA,0.5
"814",NA,NA,2017,2017-05-31,NA,"TM2","upper","6.5",NA,NA,NA,"R",NA,"N",NA,NA,NA,NA,"1.5","15.6",NA,"p","0.0","1.0",5.5,NA,NA,NA,NA,NA,NA,NA,NA,NA,NA,1.5
"815",NA,NA,2017,2017-05-31,NA,"TM2","upper","6.5",NA,NA,NA,"R",NA,"N",NA,NA,NA,NA,"<1",NA,NA,"x",NA,NA,NA,NA,NA,NA,"Y","2b",NA,NA,NA,NA,NA,0.5
"816",NA,NA,2017,2017-05-31,NA,"TM2","upper","6.5",NA,NA,NA,"R",NA,"N",NA,NA,NA,NA,"1.0",NA,NA,"x",NA,NA,NA,NA,NA,NA,"Y","3b",NA,NA,NA,NA,NA,1
"817",NA,NA,2017,2017-05-31,NA,"TM2","upper","6.5",NA,NA,NA,"R",NA,"N",NA,NA,NA,NA,"1.0","18.1",NA,"p","0.0","2.0",4.6,NA,NA,NA,"Y","3b",NA,NA,NA,NA,NA,1
"818",NA,NA,2017,2017-05-31,NA,"TM2","upper","6.5",NA,NA,NA,"R",NA,"N",NA,NA,NA,NA,"1.0","14.4",NA,"s","0.0","1.0",3.2,NA,NA,NA,"Y","3a",NA,NA,NA,NA,NA,1
"819",NA,NA,2017,2017-05-31,NA,"TM2","upper","6.5",NA,NA,NA,"R",NA,"N",NA,NA,NA,NA,"1.0",NA,NA,"x",NA,NA,NA,NA,NA,NA,"Y","2b",NA,NA,NA,NA,NA,1
"820",NA,NA,2017,2017-05-31,NA,"TM2","upper","7.0",NA,NA,NA,"O",NA,"N",NA,NA,NA,NA,"1.0",NA,NA,"x",NA,NA,NA,NA,NA,NA,"Y","2b",NA,NA,NA,NA,NA,1
"821",NA,NA,2017,2017-05-31,NA,"TM2","upper","7.0",NA,NA,NA,"O",NA,"N",NA,NA,NA,NA,"1.0",NA,NA,"x",NA,NA,NA,NA,NA,NA,"Y","2b",NA,NA,NA,NA,NA,1
"822",NA,NA,2017,2017-05-31,NA,"TM2","upper","7.0",NA,NA,NA,"O",NA,"N",NA,NA,NA,NA,"1.0",NA,NA,"x",NA,NA,NA,NA,NA,NA,"Y","2b",NA,NA,NA,NA,NA,1
"823",NA,NA,2017,2017-05-31,NA,"TM2","upper","7.0",NA,NA,NA,"O",NA,"N",NA,NA,NA,NA,"1.0",NA,NA,"x",NA,NA,NA,NA,NA,NA,"Y","2b",NA,NA,NA,NA,NA,1
"824",NA,NA,2017,2017-05-31,NA,"TM2","upper","7.0",NA,NA,NA,"O",NA,"N",NA,NA,NA,NA,"1.0",NA,NA,"x",NA,NA,NA,NA,NA,NA,"Y","2b",NA,NA,NA,NA,NA,1
"825",NA,NA,2017,2017-05-31,NA,"TM2","upper","7.0",NA,NA,NA,"R",NA,"N",NA,NA,NA,NA,"<1",NA,NA,"x",NA,NA,NA,NA,NA,NA,"Y","2b",NA,NA,NA,NA,NA,0.5
"826",NA,NA,2017,2017-05-31,NA,"TM2","upper","7.0",NA,NA,NA,"R",NA,"N",NA,NA,NA,NA,"1.0",NA,NA,"x",NA,NA,NA,NA,NA,NA,"Y","2b",NA,NA,NA,NA,NA,1
"827",NA,NA,2017,2017-05-31,NA,"TM2","upper","4.5",NA,NA,NA,"R",NA,"N",NA,NA,NA,NA,"1.0","20.7",NA,"p","0.0","1.0",6.1,NA,NA,NA,"Y","3a",NA,NA,NA,NA,NA,1
"828",NA,NA,2017,2017-05-31,NA,"TM2","upper","4.5",NA,NA,NA,"R",NA,"N",NA,NA,NA,NA,"<1","12.5",NA,"sx","0.0","1.0",2.4,NA,NA,NA,"Y","3b",NA,NA,NA,NA,NA,0.5
"829",NA,NA,2017,2017-05-31,NA,"TM2","upper","4.5",NA,NA,NA,"R",NA,"N",NA,NA,NA,NA,"1.0","17.2",NA,"sx","0.0","1.0",3.6,NA,NA,NA,"Y","3a",NA,NA,NA,NA,NA,1
"830",NA,NA,2017,2017-05-31,NA,"TM2","upper","4.5",NA,NA,NA,"R",NA,"N",NA,NA,NA,NA,"<1",NA,NA,"x",NA,NA,NA,NA,NA,NA,NA,NA,NA,NA,NA,NA,"1 aborted",0.5
"831",NA,NA,2017,2017-05-31,NA,"TM2","upper","4.5",NA,NA,NA,"R",NA,"N",NA,NA,NA,NA,"1.5",NA,NA,"x",NA,NA,NA,NA,NA,NA,"Y","2b",NA,NA,NA,NA,NA,1.5
"832",NA,NA,2017,2017-05-31,NA,"TM2","upper","5.0",NA,NA,NA,"O",NA,"N",NA,NA,NA,NA,"1.5","17.0",NA,"p","0.0","1.0",3.8,NA,NA,NA,NA,NA,NA,NA,NA,NA,NA,1.5
"833",NA,NA,2017,2017-05-31,NA,"TM2","upper","5.0",NA,NA,NA,"O",NA,"N",NA,NA,NA,NA,NA,NA,NA,"x",NA,NA,NA,NA,NA,NA,NA,NA,NA,NA,NA,NA,"no plant",NA
"834",NA,NA,2017,2017-05-31,NA,"TM2","upper","5.0",NA,NA,NA,"O",NA,"N",NA,NA,NA,NA,"<1",NA,NA,"x",NA,NA,NA,NA,NA,NA,"Y","2b",NA,NA,NA,NA,NA,0.5
"835",NA,NA,2017,2017-05-31,NA,"TM2","upper","5.0",NA,NA,NA,"O",NA,"N",NA,NA,NA,NA,"1.0",NA,NA,"x",NA,NA,NA,NA,NA,NA,"Y","3b",NA,NA,NA,NA,"broken stem",1
"836",NA,NA,2017,2017-05-31,NA,"TM2","upper","5.0",NA,NA,NA,"O",NA,"N",NA,NA,NA,NA,"1.0",NA,NA,"x",NA,NA,NA,NA,NA,NA,NA,NA,NA,NA,NA,NA,NA,1
"837",NA,NA,2017,2017-05-31,NA,"TM2","upper","5.0",NA,NA,NA,"O",NA,"N",NA,NA,NA,NA,"1.0","14.2",NA,"p","0.0","1.0",2.1,NA,NA,NA,"Y","1a",NA,NA,NA,NA,NA,1
"838",NA,NA,2017,2017-05-31,NA,"TM2","upper","5.0",NA,NA,NA,"R",NA,"N",NA,NA,NA,NA,"1.0","14.0",NA,"p","0.0","1.0",2.9,NA,NA,NA,NA,NA,NA,NA,NA,NA,NA,1
"839",NA,NA,2017,2017-05-31,NA,"TM2","upper","5.0",NA,NA,NA,"R",NA,"N",NA,NA,NA,NA,"1.5","21.4",NA,"p","0.0","3.0",3.2,NA,NA,NA,"Y","3a",NA,NA,NA,NA,NA,1.5
"840",NA,NA,2017,2017-05-31,NA,"TM2","upper","5.0",NA,NA,NA,"R",NA,"N",NA,NA,NA,NA,"1.0",NA,NA,"x",NA,NA,NA,NA,NA,NA,"Y","2b",NA,NA,NA,NA,NA,1
"841",NA,NA,2017,2017-05-31,NA,"TM2","upper","5.0",NA,NA,NA,"R",NA,"N",NA,NA,NA,NA,"<1",NA,NA,"x",NA,NA,NA,NA,NA,NA,"Y","2b",NA,NA,NA,NA,NA,0.5
"842",NA,NA,2017,2017-05-31,NA,"TM2","upper","5.0",NA,NA,NA,"R",NA,"N",NA,NA,NA,NA,"1.0","17.4",NA,"s","0.0","1.0",2.3,NA,NA,NA,NA,NA,NA,NA,NA,NA,NA,1
"843",NA,NA,2017,2017-05-31,NA,"TM2","upper","5.0",NA,NA,NA,"R",NA,"N",NA,NA,NA,NA,"<1",NA,NA,"x",NA,NA,NA,NA,NA,NA,"Y","2b",NA,NA,NA,NA,NA,0.5
"844",NA,NA,2017,2017-05-31,NA,"TM2","upper","5.0",NA,NA,NA,"R",NA,"N",NA,NA,NA,NA,"<1",NA,NA,"x",NA,NA,NA,NA,NA,NA,"Y","2b",NA,NA,NA,NA,NA,0.5
"845",NA,NA,2017,2017-05-31,NA,"TM2","upper","5.0",NA,NA,NA,"R",NA,"N",NA,NA,NA,NA,NA,NA,NA,"x",NA,NA,NA,NA,NA,NA,NA,NA,NA,NA,NA,NA,"no plant",NA
"846",NA,NA,2017,2017-05-31,NA,"TM2","upper","5.0",NA,NA,NA,"R",NA,"N",NA,NA,NA,NA,"1.0",NA,NA,"x",NA,NA,NA,NA,NA,NA,NA,NA,NA,NA,NA,NA,"2 aborted pods",1
"847",NA,NA,2017,2017-05-31,NA,"TM2","upper","5.5",NA,NA,NA,"W",NA,"N",NA,NA,NA,NA,NA,NA,NA,NA,NA,NA,NA,NA,NA,NA,NA,NA,NA,NA,NA,NA,"no plant",NA
"848",NA,NA,2017,2017-05-31,NA,"TM2","upper","5.5",NA,NA,NA,"O",NA,"N",NA,NA,NA,NA,"1.0",NA,NA,"x",NA,NA,NA,NA,NA,NA,"Y","2b",NA,NA,NA,NA,NA,1
"849",NA,NA,2017,2017-05-31,NA,"TM2","upper","5.5",NA,NA,NA,"O",NA,"N",NA,NA,NA,NA,"1.0",NA,NA,"x",NA,NA,NA,NA,NA,NA,"Y","2b",NA,NA,NA,NA,NA,1
"850",NA,NA,2017,2017-05-31,NA,"TM2","upper","5.5",NA,NA,NA,"O",NA,"N",NA,NA,NA,NA,"1.0","14.6",NA,"s","0.0","1.0",5.5,NA,NA,NA,"Y","3a",NA,NA,NA,NA,NA,1
"851",NA,NA,2017,2017-05-31,NA,"TM2","upper","5.5",NA,NA,NA,"R",NA,"N",NA,NA,NA,NA,"<1",NA,NA,"x",NA,NA,NA,NA,NA,NA,"Y","2b",NA,NA,NA,NA,NA,0.5
"852",NA,NA,2017,2017-05-31,NA,"TM2","upper","5.5",NA,NA,NA,"R",NA,"N",NA,NA,NA,NA,"1.0",NA,NA,"x",NA,NA,NA,NA,NA,NA,"Y","2b",NA,NA,NA,NA,"1 aborted",1
"853",NA,NA,2017,2017-05-31,NA,"TM2","upper","5.5",NA,NA,NA,"R",NA,"N",NA,NA,NA,NA,"1.5","20.3",NA,"s","0.0","2.0",3.6,NA,NA,NA,NA,NA,NA,NA,NA,NA,NA,1.5
"854",NA,NA,2017,2017-05-31,NA,"TM2","upper","5.5",NA,NA,NA,"R",NA,"N",NA,NA,NA,NA,"1.5","19.0",NA,"s","0.0","1.0",5.5,NA,NA,NA,"Y","3a",NA,NA,NA,NA,NA,1.5
"855",NA,NA,2017,2017-05-31,NA,"TM2","upper","5.5",NA,NA,NA,"R",NA,"N",NA,NA,NA,NA,"1.5","20.2",NA,"s","0.0","1.0",4.4,NA,NA,NA,NA,NA,NA,NA,NA,NA,NA,1.5
"856",NA,NA,2017,2017-05-31,NA,"TM2","upper","12.0",NA,NA,NA,"R",NA,"N",NA,NA,NA,NA,NA,NA,NA,"x",NA,NA,NA,NA,NA,NA,NA,NA,NA,NA,NA,NA,"no plant",NA
"857",NA,NA,2017,2017-05-31,NA,"TM2","upper","12.0",NA,NA,NA,"R",NA,"N",NA,NA,NA,NA,"<1",NA,NA,"x",NA,NA,NA,NA,NA,NA,"Y","2b",NA,NA,NA,NA,NA,0.5
"858",NA,NA,2017,2017-05-31,NA,"TM2","upper","12.5",NA,NA,NA,"O",NA,"N",NA,NA,NA,NA,"<1",NA,NA,"x",NA,NA,NA,NA,NA,NA,"Y","2b",NA,NA,NA,NA,NA,0.5
"859",NA,NA,2017,2017-05-31,NA,"TM2","upper","12.5",NA,NA,NA,"O",NA,"N",NA,NA,NA,NA,"<1",NA,NA,"x",NA,NA,NA,NA,NA,NA,"Y","2b",NA,NA,NA,NA,NA,0.5
"860",NA,NA,2017,2017-05-31,NA,"TM2","upper","12.5",NA,NA,NA,"R",NA,"N",NA,NA,NA,NA,"<1",NA,NA,"x",NA,NA,NA,NA,NA,NA,"Y","2b",NA,NA,NA,NA,NA,0.5
"861",NA,NA,2017,2017-05-31,NA,"TM2","upper","12.5",NA,NA,NA,"R",NA,"N",NA,NA,NA,NA,"<1",NA,NA,"x",NA,NA,NA,NA,NA,NA,"Y","2b",NA,NA,NA,NA,NA,0.5
"862",NA,NA,2017,2017-05-31,NA,"TM2","upper","12.5",NA,NA,NA,"R",NA,"N",NA,NA,NA,NA,"<1",NA,NA,"x",NA,NA,NA,NA,NA,NA,NA,NA,NA,NA,NA,NA,NA,0.5
"863",NA,NA,2017,2017-05-31,NA,"TM2","upper","12.5",NA,NA,NA,"R",NA,"N",NA,NA,NA,NA,"<1",NA,NA,"x",NA,NA,NA,NA,NA,NA,"Y","2b",NA,NA,NA,NA,NA,0.5
"864",NA,NA,2017,2017-05-31,NA,"TM2","upper","12.5",NA,NA,NA,"R",NA,"N",NA,NA,NA,NA,"<1",NA,NA,"x",NA,NA,NA,NA,NA,NA,"Y","2b",NA,NA,NA,NA,NA,0.5
"865",NA,NA,2017,2017-05-31,NA,"TM2","upper","12.5",NA,NA,NA,"R",NA,"N",NA,NA,NA,NA,"<1",NA,NA,"x",NA,NA,NA,NA,NA,NA,"Y","2b",NA,NA,NA,NA,NA,0.5
"866",NA,NA,2017,2017-05-31,NA,"TM2","upper","12.5",NA,NA,NA,"R",NA,"N",NA,NA,NA,NA,"<1",NA,NA,"x",NA,NA,NA,NA,NA,NA,"Y","2b",NA,NA,NA,NA,NA,0.5
"867",NA,NA,2017,2017-05-31,NA,"TM2","upper","12.5",NA,NA,NA,"R",NA,"N",NA,NA,NA,NA,"<1",NA,NA,"x",NA,NA,NA,NA,NA,NA,"Y","2b",NA,NA,NA,NA,NA,0.5
"868",NA,NA,2017,2017-05-31,NA,"TM2","upper","12.5",NA,NA,NA,"R",NA,"N",NA,NA,NA,NA,"<1",NA,NA,"x",NA,NA,NA,NA,NA,NA,"Y","2b",NA,NA,NA,NA,NA,0.5
"869",NA,NA,2017,2017-05-31,NA,"TM2","upper","13.0",NA,NA,NA,"O",NA,"N",NA,NA,NA,NA,"1.0",NA,NA,"x",NA,NA,NA,NA,NA,NA,NA,NA,NA,NA,NA,NA,NA,1
"870",NA,NA,2017,2017-05-31,NA,"TM2","upper","13.0",NA,NA,NA,"R",NA,"N",NA,NA,NA,NA,"1.0",NA,NA,"x",NA,NA,NA,NA,NA,NA,"Y","2b",NA,NA,NA,NA,NA,1
"871",NA,NA,2017,2017-05-31,NA,"TM2","upper","13.0",NA,NA,NA,"R",NA,"N",NA,NA,NA,NA,"1.0",NA,NA,"x",NA,NA,NA,NA,NA,NA,"Y","2b",NA,NA,NA,NA,NA,1
"872",NA,NA,2017,2017-05-31,NA,"TM2","upper","13.0",NA,NA,NA,"R",NA,"N",NA,NA,NA,NA,"<1",NA,NA,"x",NA,NA,NA,NA,NA,NA,"Y","2b",NA,NA,NA,NA,NA,0.5
"873",NA,NA,2017,2017-05-31,NA,"TM2","upper","13.0",NA,NA,NA,"R",NA,"N",NA,NA,NA,NA,"<1",NA,NA,"x",NA,NA,NA,NA,NA,NA,"Y","2b",NA,NA,NA,NA,NA,0.5
"874",NA,NA,2017,2017-05-31,NA,"TM2","upper","13.0",NA,NA,NA,"R",NA,"N",NA,NA,NA,NA,"1.0",NA,NA,"x",NA,NA,NA,NA,NA,NA,"Y","2b",NA,NA,NA,NA,NA,1
"875",NA,NA,2017,2017-05-31,NA,"TM2","upper","13.0",NA,NA,NA,"R",NA,"N",NA,NA,NA,NA,"<1",NA,NA,"x",NA,NA,NA,NA,NA,NA,NA,NA,NA,NA,NA,NA,NA,0.5
"876",NA,NA,2017,2017-05-31,NA,"TM2","upper","13.0",NA,NA,NA,"R",NA,"N",NA,NA,NA,NA,"<1",NA,NA,"x",NA,NA,NA,NA,NA,NA,"Y","2b",NA,NA,NA,NA,NA,0.5
"877",NA,NA,2017,2017-05-31,NA,"TM2","upper","13.0",NA,NA,NA,"R",NA,"N",NA,NA,NA,NA,"1.0",NA,NA,"x",NA,NA,NA,NA,NA,NA,NA,NA,NA,NA,NA,NA,NA,1
"878",NA,NA,2017,2017-05-31,NA,"TM2","upper","13.0",NA,NA,NA,"R",NA,"N",NA,NA,NA,NA,"<1",NA,NA,"x",NA,NA,NA,NA,NA,NA,"Y","2b",NA,NA,NA,NA,NA,0.5
"879",NA,NA,2017,2017-05-31,NA,"TM2","upper","13.0",NA,NA,NA,"R",NA,"N",NA,NA,NA,NA,"<1",NA,NA,"x",NA,NA,NA,NA,NA,NA,"Y","2b",NA,NA,NA,NA,NA,0.5
"880",NA,NA,2017,2017-05-31,NA,"TM2","upper","13.0",NA,NA,NA,"R",NA,"N",NA,NA,NA,NA,"1.0",NA,NA,"p","0.0","1.0",3.6,NA,NA,NA,"Y","3a",NA,NA,NA,NA,NA,1
"881",NA,NA,2017,2017-05-31,NA,"TM2","upper","13.0",NA,NA,NA,"R",NA,"N",NA,NA,NA,NA,"1.5",NA,NA,"p","0.0","2.0",4.6,NA,NA,NA,"Y","3a",NA,NA,NA,NA,NA,1.5
"882",NA,NA,2017,2017-05-31,NA,"TM2","upper","10.5",NA,NA,NA,"R",NA,"N",NA,NA,NA,NA,"<1",NA,NA,"x",NA,NA,NA,NA,NA,NA,"Y","2b",NA,NA,NA,NA,NA,0.5
"883",NA,NA,2017,2017-05-31,NA,"TM2","upper","10.5",NA,NA,NA,"R",NA,"N",NA,NA,NA,NA,"1.0",NA,NA,"x",NA,NA,NA,NA,NA,NA,"Y","2b",NA,NA,NA,NA,NA,1
"884",NA,NA,2017,2017-05-31,NA,"TM2","upper","10.5",NA,NA,NA,"R",NA,"N",NA,NA,NA,NA,"<1",NA,NA,"x",NA,NA,NA,NA,NA,NA,"Y","2b",NA,NA,NA,NA,NA,0.5
"885",NA,NA,2017,2017-05-31,NA,"TM2","upper","10.5",NA,NA,NA,"R",NA,"N",NA,NA,NA,NA,"<1",NA,NA,"x",NA,NA,NA,NA,NA,NA,"Y","2b",NA,NA,NA,NA,NA,0.5
"886",NA,NA,2017,2017-05-31,NA,"TM2","upper","10.5",NA,NA,NA,"R",NA,"N",NA,NA,NA,NA,"<1",NA,NA,"x",NA,NA,NA,NA,NA,NA,"Y","2b",NA,NA,NA,NA,NA,0.5
"887",NA,NA,2017,2017-05-31,NA,"TM2","upper","10.5",NA,NA,NA,"R",NA,"N",NA,NA,NA,NA,"<1",NA,NA,"x",NA,NA,NA,NA,NA,NA,"Y","2b",NA,NA,NA,NA,NA,0.5
"888",NA,NA,2017,2017-05-31,NA,"TM2","upper","10.5",NA,NA,NA,"R",NA,"N",NA,NA,NA,NA,"1.0","12.0",NA,"p","0.0","1.0",2.1,NA,NA,NA,"Y","3a",NA,NA,NA,NA,NA,1
"889",NA,NA,2017,2017-05-31,NA,"TM2","upper","10.5",NA,NA,NA,"R",NA,"N",NA,NA,NA,NA,"<1","11.5",NA,"s","0.0","2.0",2.9,NA,NA,NA,"Y","3a",NA,NA,NA,NA,NA,0.5
"890",NA,NA,2017,2017-05-31,NA,"TM2","upper","11.0",NA,NA,NA,"R",NA,"N",NA,NA,NA,NA,"<1",NA,NA,"x",NA,NA,NA,NA,NA,NA,"Y","2b",NA,NA,NA,NA,NA,0.5
"891",NA,NA,2017,2017-05-31,NA,"TM2","upper","11.0",NA,NA,NA,"R",NA,"N",NA,NA,NA,NA,"<1",NA,NA,"x",NA,NA,NA,NA,NA,NA,NA,NA,NA,NA,NA,NA,NA,0.5
"892",NA,NA,2017,2017-05-31,NA,"TM2","upper","11.5",NA,NA,NA,"G",NA,"N",NA,NA,NA,NA,"<1",NA,NA,"x",NA,NA,NA,NA,NA,NA,"Y","2b",NA,NA,NA,NA,NA,0.5
"893",NA,NA,2017,2017-05-31,NA,"TM2","upper","11.5",NA,NA,NA,"O",NA,"N",NA,NA,NA,NA,"<1",NA,NA,"x",NA,NA,NA,NA,NA,NA,"Y","2b",NA,NA,NA,NA,NA,0.5
"894",NA,NA,2017,2017-05-31,NA,"TM2","upper","11.5",NA,NA,NA,"R",NA,"N",NA,NA,NA,NA,"<1",NA,NA,"x",NA,NA,NA,NA,NA,NA,"Y","2b",NA,NA,NA,NA,NA,0.5
"895",NA,NA,2017,2017-05-31,NA,"TM2","upper","11.5",NA,NA,NA,"R",NA,"N",NA,NA,NA,NA,"<1",NA,NA,"x",NA,NA,NA,NA,NA,NA,"Y","2b",NA,NA,NA,NA,NA,0.5
"896",NA,NA,2017,2017-05-31,NA,"TM2","upper","11.5",NA,NA,NA,"R",NA,"N",NA,NA,NA,NA,"<1",NA,NA,"x",NA,NA,NA,NA,NA,NA,"Y","2b",NA,NA,NA,NA,NA,0.5
"897",NA,NA,2017,2017-05-31,NA,"TM2","upper","11.5",NA,NA,NA,"R",NA,"N",NA,NA,NA,NA,"<1",NA,NA,"x",NA,NA,NA,NA,NA,NA,"Y","2b",NA,NA,NA,NA,NA,0.5
"898",NA,NA,2017,2017-05-31,NA,"TM2","upper","11.5",NA,NA,NA,"R",NA,"N",NA,NA,NA,NA,NA,NA,NA,"x",NA,NA,NA,NA,NA,NA,NA,NA,NA,NA,NA,NA,"no plant",NA
"899",NA,NA,2017,2017-05-31,NA,"TM2","upper","11.5",NA,NA,NA,"R",NA,"N",NA,NA,NA,NA,"<1","11.7",NA,"sx","0.0","1.0",3.3,NA,NA,NA,"Y","3a",NA,NA,NA,NA,NA,0.5
"900",NA,NA,2017,2017-05-31,NA,"TM2","upper","11.5",NA,NA,NA,"R",NA,"N",NA,NA,NA,NA,"<1","10.4",NA,"sx","0.0","1.0",1.7,NA,NA,NA,NA,NA,NA,NA,NA,NA,NA,0.5
"901",NA,NA,2017,2017-05-31,NA,"TM2","upper","12.0",NA,NA,NA,"O",NA,"N",NA,NA,NA,NA,"<1",NA,NA,"x",NA,NA,NA,NA,NA,NA,"Y","2b",NA,NA,NA,NA,NA,0.5
"902",NA,NA,2017,2017-05-31,NA,"TM2","upper","12.0",NA,NA,NA,"O",NA,"N",NA,NA,NA,NA,"1.0",NA,NA,"x",NA,NA,NA,NA,NA,NA,"Y","2b 3b",NA,NA,NA,NA,NA,1
"903",NA,NA,2017,2017-05-31,NA,"TM2","upper","12.0",NA,NA,NA,"O",NA,"N",NA,NA,NA,NA,"<1",NA,NA,"x",NA,NA,NA,NA,NA,NA,"Y","2b",NA,NA,NA,NA,NA,0.5
"904",NA,NA,2017,2017-05-31,NA,"TM2","upper","12.0",NA,NA,NA,"O",NA,"N",NA,NA,NA,NA,"<1",NA,NA,"x",NA,NA,NA,NA,NA,NA,"Y","2b",NA,NA,NA,NA,NA,0.5
"905",NA,NA,2017,2017-05-31,NA,"TM2","upper","12.0",NA,NA,NA,"R",NA,"N",NA,NA,NA,NA,"<1",NA,NA,"x",NA,NA,NA,NA,NA,NA,"Y","2b",NA,NA,NA,NA,NA,0.5
"906",NA,NA,2017,2017-05-31,NA,"TM2","upper","12.0",NA,NA,NA,"R",NA,"N",NA,NA,NA,NA,"1.0",NA,NA,"x",NA,NA,NA,NA,NA,NA,"Y","2b",NA,NA,NA,NA,NA,1
"907",NA,NA,2017,2017-05-31,NA,"TM2","upper","12.0",NA,NA,NA,"R",NA,"N",NA,NA,NA,NA,"<1",NA,NA,"x",NA,NA,NA,NA,NA,NA,"Y","2b",NA,NA,NA,NA,NA,0.5
"908",NA,NA,2017,2017-05-31,NA,"TM2","upper","12.0",NA,NA,NA,"R",NA,"N",NA,NA,NA,NA,"<1",NA,NA,"x",NA,NA,NA,NA,NA,NA,"Y","2b",NA,NA,NA,NA,NA,0.5
"909",NA,NA,2017,2017-05-31,NA,"TM2","upper","12.0",NA,NA,NA,"R",NA,"N",NA,NA,NA,NA,"1.0",NA,NA,"x",NA,NA,NA,NA,NA,NA,"Y","2b",NA,NA,NA,NA,NA,1
"910",NA,NA,2017,2017-05-31,NA,"TM2","upper","12.0",NA,NA,NA,"R",NA,"N",NA,NA,NA,NA,"<1",NA,NA,"x",NA,NA,NA,NA,NA,NA,"Y","2b",NA,NA,NA,NA,NA,0.5
"911",NA,NA,2017,2017-06-12,NA,"TM2","seep",NA,NA,NA,NA,NA,NA,"1.0",NA,NA,NA,NA,"3.7","38.5",NA,"P","0.0","3.0",6.6,NA,NA,NA,"Y","1b 2a 3b",NA,NA,NA,NA,"edge",3.7
"912",NA,NA,2017,2017-06-12,NA,"TM2","seep",NA,NA,NA,NA,NA,NA,NA,NA,NA,NA,NA,"1.53","23.0",NA,"P","0.0","0.0",0,NA,NA,NA,"Y","1b",NA,NA,NA,NA,"veg",1.53
"913",NA,NA,2017,2017-06-12,NA,"TM2","seep",NA,NA,NA,NA,NA,NA,"2.0",NA,NA,NA,NA,"2.5","22.8",NA,"P","0.0","0.0",0,NA,NA,NA,"Y","1b 2b",NA,NA,NA,NA,"edge",2.5
"914",NA,NA,2017,2017-06-12,NA,"TM2","seep",NA,NA,NA,NA,NA,NA,NA,NA,NA,NA,NA,"1.94","15.5",NA,"P","0.0","0.0",0,NA,NA,NA,"Y","1b 2b",NA,NA,NA,NA,"center",1.94
"915",NA,NA,2017,2017-06-12,NA,"TM2","seep",NA,NA,NA,NA,NA,NA,"3.0",NA,NA,NA,NA,"5.56","42.0",NA,"P","0.0","16.0",7.4,NA,NA,NA,"Y","2b 1b 3a",NA,NA,NA,NA,"center",5.56
"916",NA,NA,2017,2017-06-12,NA,"TM2","seep",NA,NA,NA,NA,NA,NA,"4.0",NA,NA,NA,NA,"3.68","29.4",NA,"B","0.0","0.0",0,NA,NA,NA,"Y","2b 1b",NA,NA,NA,NA,"center / looks like unsuccessfully tried to flower",3.68
"917",NA,NA,2017,2017-06-12,NA,"TM2","seep",NA,NA,NA,NA,NA,NA,"5.0",NA,NA,NA,NA,"5.8","36.3",NA,"P","0.0","0.0",0,NA,NA,NA,"Y","2b 1b 3b",NA,NA,NA,NA,"center",5.8
"918",NA,NA,2017,2017-06-12,NA,"TM2","seep",NA,NA,NA,NA,NA,NA,"6.0",NA,NA,NA,NA,"2.82","35.2",NA,"P","0.0","1.0",7,NA,NA,NA,"Y","2a 1b 3a",NA,NA,NA,NA,"center",2.82
"919",NA,NA,2017,2017-06-12,NA,"TM2","seep",NA,NA,NA,NA,NA,NA,"7.0",NA,NA,NA,NA,"5.36","34.5",NA,"P","0.0","2.0",6.4,NA,NA,NA,"Y","1a 2b 3a",NA,NA,NA,NA,"center",5.36
"920",NA,NA,2017,2017-06-12,NA,"TM2","seep",NA,NA,NA,NA,NA,NA,"8.0",NA,NA,NA,NA,"5.42","35.0",NA,"P","0.0","1.0",1.5,NA,NA,NA,"Y","1a 2b 3a",NA,NA,NA,NA,"center / silique shortened  by herbivory",5.42
"921",NA,NA,2017,2017-06-12,NA,"TM2","seep",NA,NA,NA,NA,NA,NA,"9.0",NA,NA,NA,NA,"5.15","34.9",NA,"P","0.0","18.0",8.6,NA,NA,NA,"Y","1b 2a 3b",NA,NA,NA,NA,"center",5.15
"922",NA,NA,2017,2017-06-12,NA,"TM2","seep",NA,NA,NA,NA,NA,NA,"10.0",NA,NA,NA,NA,"4.38","39.4",NA,"P","0.0","3.0",8.1,NA,NA,NA,"Y","1b 2b 3a",NA,NA,NA,NA,"edge",4.38
"923",NA,NA,2017,2017-06-12,NA,"TM2","seep",NA,NA,NA,NA,NA,NA,"11.0",NA,NA,NA,NA,"2.99","26.6",NA,"P","0.0","0.0",0,NA,NA,NA,"Y","2b 1b 3b",NA,NA,NA,NA,"trying to bud again; veg",2.99
"924",NA,NA,2017,2017-06-12,NA,"TM2","seep",NA,NA,NA,NA,NA,NA,"12.0",NA,NA,NA,NA,"2.75","23.2",NA,"P","0.0","7.0",8.2,NA,NA,NA,"Y","1a 2a 3a",NA,NA,NA,NA,"edge",2.75
"925",NA,NA,2017,2017-06-12,NA,"TM2","seep",NA,NA,NA,NA,NA,NA,NA,NA,NA,NA,NA,"1.79","19.5",NA,"P","0.0","1.0",3.8,NA,NA,NA,"Y","1a 2a 3a",NA,NA,NA,NA,"edge",1.79
"926",NA,NA,2017,2017-06-12,NA,"TM2","seep",NA,NA,NA,NA,NA,NA,NA,NA,NA,NA,NA,"1.68","21.4",NA,"S","0.0","4.0",4.7,NA,NA,NA,"Y","2a 3b",NA,NA,NA,NA,"edge",1.68
"927",NA,NA,2017,2017-06-12,NA,"TM2","seep",NA,NA,NA,NA,NA,NA,"13.0",NA,NA,NA,NA,"3.19","24.2",NA,"P","0.0","0.0",0,NA,NA,NA,"Y","1b 2b 3b",NA,NA,NA,NA,"trying to bud again; veg",3.19
"928",NA,NA,2017,2017-06-12,NA,"TM2","seep",NA,NA,NA,NA,NA,NA,"14.0",NA,NA,NA,NA,"2.3","28.2",NA,"S","0.0","7.0",7.4,NA,NA,NA,"Y","2a 3a",NA,NA,NA,NA,"edge",2.3
"929",NA,NA,2017,2017-06-12,NA,"TM2","seep",NA,NA,NA,NA,NA,NA,"15.0",NA,NA,NA,NA,"2.74","34.3",NA,"S","0.0","13.0",8.5,NA,NA,NA,"Y","2a 3a",NA,NA,NA,NA,"edge",2.74
"930",NA,NA,2017,2017-06-12,NA,"TM2","seep",NA,NA,NA,NA,NA,NA,NA,NA,NA,NA,NA,"1.65","29.9",NA,"S","0.0","8.0",7,NA,NA,NA,"Y","2a 3a",NA,NA,NA,NA,"edge",1.65
"931",NA,NA,2017,2017-06-12,NA,"TM2","seep",NA,NA,NA,NA,NA,NA,NA,NA,NA,NA,NA,"1.8","30.7",NA,"S","0.0","7.0",7.1,NA,NA,NA,"Y","2a 3a",NA,NA,NA,NA,"edge",1.8
"932",NA,NA,2017,2017-06-12,NA,"TM2","seep",NA,NA,NA,NA,NA,NA,"16.0",NA,NA,NA,NA,"2.86","45.2",NA,"S","0.0","18.0",8.6,NA,NA,NA,"Y","2a 3a",NA,NA,NA,NA,"edge",2.86
"933",NA,NA,2017,2017-06-12,NA,"TM2","seep",NA,NA,NA,NA,NA,NA,"17.0",NA,NA,NA,NA,"2.34","39.5",NA,"S","0.0","15.0",8.6,NA,NA,NA,"Y","2a 3a",NA,NA,NA,NA,"edge",2.34
"934",NA,NA,2017,2017-06-12,NA,"TM2","seep",NA,NA,NA,NA,NA,NA,"18.0",NA,NA,NA,NA,"4.72","34.3",NA,"P","0.0","46.0",9.2,NA,NA,NA,"Y","2a 1b 3a",NA,NA,NA,NA,"trying to bud again",4.72
"935",NA,NA,2017,2017-06-12,NA,"TM2","seep",NA,NA,NA,NA,NA,NA,"19.0",NA,NA,NA,NA,"4.12","55.1",NA,"P","0.0","27.0",9.3,NA,NA,NA,"Y","1b 2a 3a",NA,NA,NA,NA,"trying to bud again",4.12
"936",NA,NA,2017,2017-06-12,NA,"TM2","seep",NA,NA,NA,NA,NA,NA,"20.0",NA,NA,NA,NA,"4.99","35.2",NA,"P","0.0","32.0",9.1,NA,NA,NA,"Y","1a 3a",NA,NA,NA,NA,"trying to bud again",4.99
"937",NA,NA,2017,2017-06-12,NA,"TM2","seep",NA,NA,NA,NA,NA,NA,"21.0",NA,NA,NA,NA,"5.39","44.2",NA,"P","0.0","44.0",8.7,NA,NA,NA,"Y","1a 3a",NA,NA,NA,NA,"trying to bud again",5.39
"938",NA,NA,2017,2017-06-12,NA,"TM2","seep",NA,NA,NA,NA,NA,NA,"22.0",NA,NA,NA,NA,"3.1","40.1",NA,"P","0.0","8.0",8.6,NA,NA,NA,"Y","1b 2a 3a",NA,NA,NA,NA,"trying to bud again",3.1
"939",NA,NA,2017,2017-06-12,NA,"TM2","seep",NA,NA,NA,NA,NA,NA,"23.0",NA,NA,NA,NA,"5.32","45.0",NA,"P","0.0","56.0",9,NA,NA,NA,"Y","1b 2a 3a",NA,NA,NA,NA,"center",5.32
"940",NA,NA,2017,2017-06-12,NA,"TM2","seep",NA,NA,NA,NA,NA,NA,"24.0",NA,NA,NA,NA,"4.32","30.8",NA,"P","0.0","42.0",9.4,NA,NA,NA,"Y","1a 3a",NA,NA,NA,NA,"center",4.32
"941",NA,NA,2017,2017-06-12,NA,"TM2","seep",NA,NA,NA,NA,NA,NA,NA,NA,NA,NA,NA,"1.08","22.3",NA,"P","0.0","2.0",7.5,NA,NA,NA,"Y","3a",NA,NA,NA,NA,"broken",1.08
"942",NA,NA,2017,2017-06-12,NA,"TM2","seep",NA,NA,NA,NA,NA,NA,"25.0",NA,NA,NA,NA,"2.36","29.5",NA,"S","0.0","12.0",8.4,NA,NA,NA,"Y","1a 3a",NA,NA,NA,NA,"edge",2.36
"943",NA,NA,2017,2017-06-12,NA,"TM2","seep",NA,NA,NA,NA,NA,NA,"26.0",NA,NA,NA,NA,"3.21","35.0",NA,"P","0.0","13.0",8.2,NA,NA,NA,"Y","1a 2b 3a",NA,NA,NA,NA,"edge",3.21
"944",NA,NA,2017,2017-06-12,NA,"TM2","seep",NA,NA,NA,NA,NA,NA,"27.0",NA,NA,NA,NA,"4.06","37.0",NA,"P","0.0","16.0",7.1,NA,NA,NA,"Y","1a 3a",NA,NA,NA,NA,"edge",4.06
"945",NA,NA,2017,2017-06-12,NA,"TM2","seep",NA,NA,NA,NA,NA,NA,"28.0",NA,NA,NA,NA,"2.5","30.1",NA,"S","0.0","7.0",7.5,NA,NA,NA,"Y","3a",NA,NA,NA,NA,"edge",2.5
"946",NA,NA,2017,2017-06-12,NA,"TM2","seep",NA,NA,NA,NA,NA,NA,NA,NA,NA,NA,NA,"1.66","29.1",NA,"S","0.0","4.0",6.6,NA,NA,NA,"Y","2b 3a",NA,NA,NA,NA,"edge",1.66
"947",NA,NA,2017,2017-06-12,NA,"TM2","seep",NA,NA,NA,NA,NA,NA,NA,NA,NA,NA,NA,"0.78","18.3",NA,"S","0.0","2.0",4.2,NA,NA,NA,"N","none",NA,NA,NA,NA,"edge",0.5
"948",NA,NA,2017,2017-06-12,NA,"TM2","seep",NA,NA,NA,NA,NA,NA,NA,NA,NA,NA,NA,"1.96","23.6",NA,"S","0.0","2.0",7.8,NA,NA,NA,"Y","3a",NA,NA,NA,NA,"edge",1.96
"949",NA,NA,2017,2017-06-12,NA,"TM2","seep",NA,NA,NA,NA,NA,NA,"29.0",NA,NA,NA,NA,"2.94","31.5",NA,"S","0.0","5.0",7.6,NA,NA,NA,"Y","3a",NA,NA,NA,NA,"edge",2.94
"950",NA,NA,2017,2017-06-12,NA,"TM2","seep",NA,NA,NA,NA,NA,NA,"30.0",NA,NA,NA,NA,"2.79","29.1",NA,"S","0.0","6.0",7.3,NA,NA,NA,"Y","3a",NA,NA,NA,NA,"center",2.79
"951",NA,NA,2017,2017-06-12,NA,"TM2","seep",NA,NA,NA,NA,NA,NA,NA,NA,NA,NA,NA,"1.19","17.3",NA,"S","0.0","1.0",1.7,NA,NA,NA,"Y","3b",NA,NA,NA,NA,"edge",1.19
"952",NA,NA,2017,2017-06-12,NA,"TM2","seep",NA,NA,NA,NA,NA,NA,"31.0",NA,NA,NA,NA,"3.22","36.5",NA,"S","0.0","15.0",9.8,NA,NA,NA,"Y","3b",NA,NA,NA,NA,"edge",3.22
"953",NA,NA,2017,2017-06-12,NA,"TM2","seep",NA,NA,NA,NA,NA,NA,"32.0",NA,NA,NA,NA,"3.46","33.1",NA,"P","0.0","4.0",8.9,NA,NA,NA,"Y","3b",NA,NA,NA,NA,"edge",3.46
"954",NA,NA,2017,2017-06-12,NA,"TM2","seep",NA,NA,NA,NA,NA,NA,"33.0",NA,NA,NA,NA,"5.68","38.5",NA,"S","0.0","20.0",8.6,NA,NA,NA,"Y","3a",NA,NA,NA,NA,"edge",5.68
"955",NA,NA,2017,2017-06-12,NA,"TM2","seep",NA,NA,NA,NA,NA,NA,"34.0",NA,NA,NA,NA,"3.17","25.5",NA,"P","0.0","0.0",0,NA,NA,NA,"Y","1a 2b",NA,NA,NA,NA,"edge",3.17
"956",NA,NA,2017,2017-06-12,NA,"TM2","seep",NA,NA,NA,NA,NA,NA,"35.0",NA,NA,NA,NA,"3.45","23.5",NA,"P","0.0","3.0",7.1,NA,NA,NA,"Y","1b 2b 3b",NA,NA,NA,NA,"edge",3.45
"957",NA,NA,2017,2017-06-12,NA,"TM2","seep",NA,NA,NA,NA,NA,NA,"36.0",NA,NA,NA,NA,"2.58","14.0",NA,"P","0.0","0.0",0,NA,NA,NA,"Y","1a 2b",NA,NA,NA,NA,"edge",2.58
"958",NA,NA,2017,2017-06-12,NA,"TM2","seep",NA,NA,NA,NA,NA,NA,"37.0",NA,NA,NA,NA,"7.56","52.0",NA,"P","0.0","68.0",10.4,NA,NA,NA,"Y","1a 3a",NA,NA,NA,NA,"center",7.56
"959",NA,NA,2017,2017-06-12,NA,"TM2","seep",NA,NA,NA,NA,NA,NA,"38.0",NA,NA,NA,NA,"5.29","48.0",NA,"P","0.0","39.0",9.6,NA,NA,NA,"Y","1a 3a",NA,NA,NA,NA,"center",5.29
"960",NA,NA,2017,2017-06-12,NA,"TM2","seep",NA,NA,NA,NA,NA,NA,"39.0",NA,NA,NA,NA,"6.27","50.5",NA,"P","0.0","60.0",9.8,NA,NA,NA,"Y","1a 3a",NA,NA,NA,NA,"center",6.27
"961",NA,NA,2017,2017-06-12,NA,"TM2","seep",NA,NA,NA,NA,NA,NA,"40.0",NA,NA,NA,NA,"3.88","32.5",NA,"P","0.0","22.0",8.3,NA,NA,NA,"Y","1a 3a",NA,NA,NA,NA,"center",3.88
"962",NA,NA,2017,2017-06-12,NA,"TM2","seep",NA,NA,NA,NA,NA,NA,"41.0",NA,NA,NA,NA,"2.61","38.5",NA,"P","0.0","11.0",6.5,NA,NA,NA,"Y","3a",NA,NA,NA,NA,"edge",2.61
"963",NA,NA,2017,2017-06-12,NA,"TM2","seep",NA,NA,NA,NA,NA,NA,NA,NA,NA,NA,NA,"1.77","23.3",NA,"S","0.0","2.0",6.1,NA,NA,NA,"Y","3a",NA,NA,NA,NA,"edge",1.77
"964",NA,NA,2017,2017-06-12,NA,"TM2","seep",NA,NA,NA,NA,NA,NA,"42.0",NA,NA,NA,NA,"4.01","36.0",NA,"S","0.0","7.0",8.8,NA,NA,NA,"Y","3b",NA,NA,NA,NA,"edge",4.01
"965",NA,NA,2017,2017-06-12,NA,"TM2","seep",NA,NA,NA,NA,NA,NA,"43.0",NA,NA,NA,NA,"2.94","30.5",NA,"S","0.0","11.0",9,NA,NA,NA,"Y","3a",NA,NA,NA,NA,"edge",2.94
"966",NA,NA,2017,2017-06-12,NA,"TM2","seep",NA,NA,NA,NA,NA,NA,"44.0",NA,NA,NA,NA,"2.42","35.5",NA,"P","0.0","13.0",6.6,NA,NA,NA,"Y","1a 3b",NA,NA,NA,NA,"edge",2.42
"967",NA,NA,2017,2017-06-12,NA,"TM2","seep",NA,NA,NA,NA,NA,NA,NA,NA,NA,NA,NA,"1.77","35.0",NA,"S","0.0","5.0",7.7,NA,NA,NA,"Y","3a",NA,NA,NA,NA,"edge",1.77
"968",NA,NA,2017,2017-06-12,NA,"TM2","seep",NA,NA,NA,NA,NA,NA,NA,NA,NA,NA,NA,"1.99","23.5",NA,"P","0.0","6.0",5.5,NA,NA,NA,"Y","1a 3a",NA,NA,NA,NA,"edge",1.99
"969",NA,NA,2017,2017-06-12,NA,"TM2","seep",NA,NA,NA,NA,NA,NA,NA,NA,NA,NA,NA,"1.87","18.5",NA,"S","0.0","4.0",5.5,NA,NA,NA,"Y","3a 2b",NA,NA,NA,NA,NA,1.87
"970",NA,NA,2017,2017-06-12,NA,"TM2","seep",NA,NA,NA,NA,NA,NA,NA,NA,NA,NA,NA,"0.93","19.5",NA,"S","0.0","3.0",4.1,NA,NA,NA,"N","none",NA,NA,NA,NA,"veg",0.5
"971",NA,NA,2017,2017-06-12,NA,"TM2","seep",NA,NA,NA,NA,NA,NA,"45.0",NA,NA,NA,NA,"4.33","32.5",NA,"P","0.0","27.0",9.7,NA,NA,NA,"Y","1a 2b 3a",NA,NA,NA,NA,"center",4.33
"972",NA,NA,2017,2017-06-12,NA,"TM2","seep",NA,NA,NA,NA,NA,NA,"46.0",NA,NA,NA,NA,"4.36","34.0",NA,"P","0.0","10.0",9.1,NA,NA,NA,"Y","1a 2b 3a",NA,NA,NA,NA,"center",4.36
"973",NA,NA,2017,2017-06-12,NA,"TM2","seep",NA,NA,NA,NA,NA,NA,"47.0",NA,NA,NA,NA,"4.28","49.5",NA,"P","0.0","30.0",8.2,NA,NA,NA,"Y","1a 3a",NA,NA,NA,NA,"center",4.28
"974",NA,NA,2017,2017-06-12,NA,"TM2","seep",NA,NA,NA,NA,NA,NA,NA,NA,NA,NA,NA,"1.95","36.0",NA,"P","0.0","8.0",8.4,NA,NA,NA,"Y","1a 3a",NA,NA,NA,NA,"edge",1.95
"975",NA,NA,2017,2017-06-12,NA,"TM2","seep",NA,NA,NA,NA,NA,NA,NA,NA,NA,NA,NA,"1.91","23.1",NA,"P","0.0","0.0",0,NA,NA,NA,"Y","1a 2b",NA,NA,NA,NA,"edge",1.91
"976",NA,NA,2017,2017-06-12,NA,"TM2","seep",NA,NA,NA,NA,NA,NA,NA,NA,NA,NA,NA,"1.42","22.7",NA,"P","0.0","0.0",0,NA,NA,NA,"Y","1a",NA,NA,NA,NA,"edge",1.42
"977",NA,NA,2017,2017-06-12,NA,"TM2","seep",NA,NA,NA,NA,NA,NA,NA,NA,NA,NA,NA,"1.43","25.5",NA,"P","0.0","1.0",6.7,NA,NA,NA,"Y","1a 3a",NA,NA,NA,NA,"edge",1.43
"978",NA,NA,2017,2017-06-12,NA,"TM2","seep",NA,NA,NA,NA,NA,NA,NA,NA,NA,NA,NA,"1.95","38.5",NA,"S","0.0","12.0",7.9,NA,NA,NA,"Y","3a",NA,NA,NA,NA,"edge",1.95
"979",NA,NA,2017,2017-06-12,NA,"TM2","seep",NA,NA,NA,NA,NA,NA,"48.0",NA,NA,NA,NA,"2.98","37.5",NA,"S","0.0","14.0",9.5,NA,NA,NA,"Y","1a 3a",NA,NA,NA,NA,"edge",2.98
"980",NA,NA,2017,2017-06-12,NA,"TM2","seep",NA,NA,NA,NA,NA,NA,"49.0",NA,NA,NA,NA,"6.81","42.0",NA,"P","0.0","45.0",8.4,NA,NA,NA,"Y","1a 3a",NA,NA,NA,NA,"edge",6.81
"981",NA,NA,2017,2017-06-12,NA,"TM2","seep",NA,NA,NA,NA,NA,NA,NA,NA,NA,NA,NA,"0.99","15.0",NA,"P","0.0","0.0",0,NA,NA,NA,"Y","1a",NA,NA,NA,NA,"edge",0.5
"982",NA,NA,2017,2017-06-12,NA,"TM2","seep",NA,NA,NA,NA,NA,NA,"50.0",NA,NA,NA,NA,"3.38","34.5",NA,"P","0.0","13.0",9.2,NA,NA,NA,"Y","1a 3a",NA,NA,NA,NA,"edge",3.38
"983",NA,NA,2017,2017-06-12,NA,"TM2","seep",NA,NA,NA,NA,NA,NA,"51.0",NA,NA,NA,NA,"2.08","19.5",NA,"P","0.0","5.0",5.6,NA,NA,NA,"Y","1a 3a",NA,NA,NA,NA,"edge",2.08
"984",NA,NA,2017,2017-06-12,NA,"TM2","seep",NA,NA,NA,NA,NA,NA,"52.0",NA,NA,NA,NA,"3.27","28.1",NA,"P","0.0","5.0",7.9,NA,NA,NA,"Y","1a 3a",NA,NA,NA,NA,"edge / trying to bud again",3.27
"985",NA,NA,2017,2017-06-12,NA,"TM2","seep",NA,NA,NA,NA,NA,NA,"53.0",NA,NA,NA,NA,"3.46","35.0",NA,"P","0.0","32.0",9.3,NA,NA,NA,"Y","1a 2a 3a",NA,NA,NA,NA,"edge",3.46
"986",NA,NA,2017,2017-06-12,NA,"TM2","seep",NA,NA,NA,NA,NA,NA,"54.0",NA,NA,NA,NA,"3.96","43.5",NA,"P","0.0","14.0",8.1,NA,NA,NA,"Y","1a 3a",NA,NA,NA,NA,"edge / trying to bud again",3.96
"987",NA,NA,2017,2017-06-12,NA,"TM2","seep",NA,NA,NA,NA,NA,NA,"55.0",NA,NA,NA,NA,"5.12","43.0",NA,"P","0.0","28.0",10.5,NA,NA,NA,"Y","1b 2a 3a",NA,NA,NA,NA,"edge",5.12
"988",NA,NA,2017,2017-06-12,NA,"TM2","seep",NA,NA,NA,NA,NA,NA,"56.0",NA,NA,NA,NA,"3.46","45.5",NA,"P","0.0","9.0",8.9,NA,NA,NA,"Y","1b 3a",NA,NA,NA,NA,"edge",3.46
"989",NA,NA,2017,2017-06-12,NA,"TM2","seep",NA,NA,NA,NA,NA,NA,"57.0",NA,NA,NA,NA,"2.54","28.1",NA,"P","0.0","0.0",0,NA,NA,NA,"Y","2b 1a",NA,NA,NA,NA,"edge / trying to bud again",2.54
"990",NA,NA,2017,2017-06-12,NA,"TM2","seep",NA,NA,NA,NA,NA,NA,NA,NA,NA,NA,NA,"1.33","26.8",NA,"S","0.0","3.0",8.5,NA,NA,NA,"N","none",NA,NA,NA,NA,"edge",1.33
"991",NA,NA,2017,2017-06-12,NA,"TM2","seep",NA,NA,NA,NA,NA,NA,"58.0",NA,NA,NA,NA,"3.84","37.7",NA,"P","0.0","5.0",7.6,NA,NA,NA,"Y","1b 2b 3a",NA,NA,NA,NA,"edge",3.84
"992",NA,NA,2017,2017-06-12,NA,"TM2","seep",NA,NA,NA,NA,NA,NA,"59.0",NA,NA,NA,NA,"4.72","35.6",NA,"P","0.0","0.0",0,NA,NA,NA,"Y","1a 2b",NA,NA,NA,NA,"edge / trying to bud again",4.72
"993",NA,NA,2017,2017-06-12,NA,"TM2","seep",NA,NA,NA,NA,NA,NA,"60.0",NA,NA,NA,NA,"2.48","29.3",NA,"P","0.0","2.0",6.4,NA,NA,NA,"Y","1a 2b 3a",NA,NA,NA,NA,"edge",2.48
"994",NA,NA,2017,2017-06-12,NA,"TM2","seep",NA,NA,NA,NA,NA,NA,"61.0",NA,NA,NA,NA,"2.93","17.0",NA,"P","0.0","0.0",0,NA,NA,NA,"Y","1a 2b",NA,NA,NA,NA,"edge",2.93
"995",NA,NA,2017,2017-06-12,NA,"TM2","seep",NA,NA,NA,NA,NA,NA,"62.0",NA,NA,NA,NA,"2.32","30.5",NA,"P","0.0","3.0",7.8,NA,NA,NA,"Y","1a 3a",NA,NA,NA,NA,"edge",2.32
"996",NA,NA,2017,2017-06-12,NA,"TM2","seep",NA,NA,NA,NA,NA,NA,"63.0",NA,NA,NA,NA,"3.39","40.5",NA,"P","0.0","9.0",9.1,NA,NA,NA,"Y","1a 3a",NA,NA,NA,NA,"edge",3.39
"997",NA,NA,2017,2017-06-12,NA,"TM2","seep",NA,NA,NA,NA,NA,NA,"64.0",NA,NA,NA,NA,"4.59","48.9",NA,"P","0.0","16.0",11.2,NA,NA,NA,"Y","1b 3a",NA,NA,NA,NA,"edge / trying to bud again",4.59
"998",NA,NA,2017,2017-06-12,NA,"TM2","seep",NA,NA,NA,NA,NA,NA,"65.0",NA,NA,NA,NA,"3.97","31.5",NA,"P","0.0","17.0",9,NA,NA,NA,"Y","1b 2a 3a",NA,NA,NA,NA,"edge",3.97
"999",NA,NA,2017,2017-06-12,NA,"TM2","seep",NA,NA,NA,NA,NA,NA,"66.0",NA,NA,NA,NA,"4.8","40.1",NA,"P","0.0","55.0",8.1,NA,NA,NA,"Y","1b 2a 3a",NA,NA,NA,NA,"edge",4.8
"1000",NA,NA,2017,2017-06-12,NA,"TM2","seep",NA,NA,NA,NA,NA,NA,"67.0",NA,NA,NA,NA,"3.15","37.7",NA,"P","0.0","15.0",6.6,NA,NA,NA,"Y","1b 2a 3a",NA,NA,NA,NA,"edge / trying to bud again",3.15
"1001",NA,NA,2017,2017-06-12,NA,"TM2","seep",NA,NA,NA,NA,NA,NA,"68.0",NA,NA,NA,NA,"2.48","33.0",NA,"P","0.0","12.0",7.1,NA,NA,NA,"Y","1a 2b 3a",NA,NA,NA,NA,"edge",2.48
"1002",NA,NA,2017,2017-06-12,NA,"TM2","seep",NA,NA,NA,NA,NA,NA,"69.0",NA,NA,NA,NA,"2.51","41.0",NA,"S","0.0","15.0",7,NA,NA,NA,"Y","3a",NA,NA,NA,NA,"edge",2.51
"1003",NA,NA,2017,2017-06-12,NA,"TM2","seep",NA,NA,NA,NA,NA,NA,NA,NA,NA,NA,NA,"1.48","29.3",NA,"S","0.0","5.0",8,NA,NA,NA,"Y","3a",NA,NA,NA,NA,"edge",1.48
"1004",NA,NA,2017,2017-06-12,NA,"TM2","seep",NA,NA,NA,NA,NA,NA,"70.0",NA,NA,NA,NA,"2.63","41.4",NA,"P","0.0","12.0",7.1,NA,NA,NA,"Y","1a 3a",NA,NA,NA,NA,"edge",2.63
"1005",NA,NA,2017,2017-06-12,NA,"TM2","seep",NA,NA,NA,NA,NA,NA,NA,NA,NA,NA,NA,"1.35","25.0",NA,"P","0.0","3.0",6.4,NA,NA,NA,"Y","1a 3a",NA,NA,NA,NA,"edge",1.35
"1006",NA,NA,2017,2017-06-12,NA,"TM2","seep",NA,NA,NA,NA,NA,NA,"71.0",NA,NA,NA,NA,"2.8","25.7",NA,"P","0.0","3.0",6.3,NA,NA,NA,"Y","1b 2b 3a",NA,NA,NA,NA,"edge",2.8
"1007",NA,NA,2017,2017-06-12,NA,"TM2","seep",NA,NA,NA,NA,NA,NA,NA,NA,NA,NA,NA,"1.62","14.2",NA,"P","0.0","1.0",4.6,NA,NA,NA,"Y","1a 2b",NA,NA,NA,NA,"edge",1.62
"1008",NA,NA,2017,2017-06-12,NA,"TM2","seep",NA,NA,NA,NA,NA,NA,NA,NA,NA,NA,NA,"1.74","27.0",NA,"S","0.0","2.0",5.3,NA,NA,NA,"N","none",NA,NA,NA,NA,"edge",1.74
"1009",NA,NA,2017,2017-06-12,NA,"TM2","seep",NA,NA,NA,NA,NA,NA,NA,NA,NA,NA,NA,"1.65","23.5",NA,"S","0.0","10.0",7.4,NA,NA,NA,"Y","3a",NA,NA,NA,NA,"edge",1.65
"1010",NA,NA,2017,2017-06-12,NA,"TM2","seep",NA,NA,NA,NA,NA,NA,"72.0",NA,NA,NA,NA,"3.2","45.5",NA,"P","0.0","22.0",7.5,NA,NA,NA,"Y","1b 2a 3a",NA,NA,NA,NA,"edge",3.2
"1011",NA,NA,2017,2017-06-12,NA,"TM2","seep",NA,NA,NA,NA,NA,NA,"73.0",NA,NA,NA,NA,"2.84","37.5",NA,"P","0.0","3.0",6.1,NA,NA,NA,"Y","1b 2b 3b",NA,NA,NA,NA,"center / trying to bud again",2.84
"1012",NA,NA,2017,2017-06-12,NA,"TM2","seep",NA,NA,NA,NA,NA,NA,"74.0",NA,NA,NA,NA,"3.73","15.2",NA,"B","0.0","0.0",0,NA,NA,NA,"Y","1b 2a",NA,NA,NA,NA,"center / wilting",3.73
"1013",NA,NA,2017,2017-06-12,NA,"TM2","seep",NA,NA,NA,NA,NA,NA,NA,NA,NA,NA,NA,"1.29","12.5",NA,"P","0.0","1.0",6,NA,NA,NA,"Y","1a 3a",NA,NA,NA,NA,"center",1.29
"1014",NA,NA,2017,2017-06-12,NA,"TM2","seep",NA,NA,NA,NA,NA,NA,"75.0",NA,NA,NA,NA,"1.75","37.5",NA,"S","0.0","9.0",6.8,NA,NA,NA,"Y","3a",NA,NA,NA,NA,"edge",1.75
"1015",NA,NA,2017,2017-06-12,NA,"TM2","seep",NA,NA,NA,NA,NA,NA,NA,NA,NA,NA,NA,"2.16","34.0",NA,"S","0.0","8.0",6,NA,NA,NA,"Y","3a",NA,NA,NA,NA,"edge",2.16
"1016",NA,NA,2017,2017-06-12,NA,"TM2","seep",NA,NA,NA,NA,NA,NA,NA,NA,NA,NA,NA,"1.27","27.1",NA,"S","0.0","6.0",5.9,NA,NA,NA,"Y","3a",NA,NA,NA,NA,"edge",1.27
"1017",NA,NA,2017,2017-06-12,NA,"TM2","seep",NA,NA,NA,NA,NA,NA,NA,NA,NA,NA,NA,"1.72","20.0",NA,"S","0.0","0.0",0,NA,NA,NA,"Y","3b",NA,NA,NA,NA,"edge",1.72
"1018",NA,NA,2017,2017-06-12,NA,"TM2","seep",NA,NA,NA,NA,NA,NA,NA,NA,NA,NA,NA,"0.93","22.0",NA,"S","0.0","3.0",5.1,NA,NA,NA,"Y","3a",NA,NA,NA,NA,"edge",0.5
"1019",NA,NA,2017,2017-06-12,NA,"TM2","seep",NA,NA,NA,NA,NA,NA,NA,NA,NA,NA,NA,"1.57","23.5",NA,"S","0.0","14.0",7.3,NA,NA,NA,"Y","3a",NA,NA,NA,NA,"edge",1.57
"1020",NA,NA,2017,2017-06-12,NA,"TM2","seep",NA,NA,NA,NA,NA,NA,NA,NA,NA,NA,NA,"1.45","30.5",NA,"S","0.0","5.0",4.9,NA,NA,NA,"Y","3a",NA,NA,NA,NA,"edge",1.45
"1021",NA,NA,2017,2017-06-12,NA,"TM2","seep",NA,NA,NA,NA,NA,NA,NA,NA,NA,NA,NA,"1.44","23.0",NA,"S","0.0","3.0",6.5,NA,NA,NA,"Y","2b 3a",NA,NA,NA,NA,"edge",1.44
"1022",NA,NA,2017,2017-06-12,NA,"TM2","seep",NA,NA,NA,NA,NA,NA,NA,NA,NA,NA,NA,"0.87","15.6",NA,"S","0.0","1.0",4.3,NA,NA,NA,"Y","3a",NA,NA,NA,NA,"edge",0.5
"1023",NA,NA,2017,2017-06-12,NA,"TM2","seep",NA,NA,NA,NA,NA,NA,NA,NA,NA,NA,NA,"1.18","31.0",NA,"S","0.0","5.0",4.6,NA,NA,NA,"Y","3a",NA,NA,NA,NA,"edge",1.18
"1024",NA,NA,2017,2017-06-12,NA,"TM2","seep",NA,NA,NA,NA,NA,NA,NA,NA,NA,NA,NA,"1.84","29.0",NA,"S","0.0","6.0",6.2,NA,NA,NA,"Y","3a",NA,NA,NA,NA,"edge",1.84
"1025",NA,NA,2017,2017-06-12,NA,"TM2","seep",NA,NA,NA,NA,NA,NA,NA,NA,NA,NA,NA,"1.76","25.4",NA,"S","0.0","2.0",5.1,NA,NA,NA,"Y","3a",NA,NA,NA,NA,"edge",1.76
"1026",NA,NA,2017,2017-06-12,NA,"TM2","seep",NA,NA,NA,NA,NA,NA,NA,NA,NA,NA,NA,"1.76","25.5",NA,"S","0.0","4.0",20.1,NA,NA,NA,"Y","3a",NA,NA,NA,NA,"edge",1.76
"1027",NA,NA,2017,2017-06-12,NA,"TM2","seep",NA,NA,NA,NA,NA,NA,NA,NA,NA,NA,NA,"1.84","26.8",NA,"S","0.0","4.0",5.4,NA,NA,NA,"Y","3a",NA,NA,NA,NA,"edge",1.84
"1028",NA,NA,2017,2017-06-12,NA,"TM2","seep",NA,NA,NA,NA,NA,NA,"76.0",NA,NA,NA,NA,"2.95","32.0",NA,"S","0.0","10.0",9.1,NA,NA,NA,"Y","3a",NA,NA,NA,NA,"edge",2.95
"1029",NA,NA,2017,2017-06-12,NA,"TM2","seep",NA,NA,NA,NA,NA,NA,NA,NA,NA,NA,NA,"1.87","26.9",NA,"S","0.0","4.0",5.8,NA,NA,NA,"Y","3b",NA,NA,NA,NA,"edge",1.87
"1030",NA,NA,2017,2017-06-12,NA,"TM2","seep",NA,NA,NA,NA,NA,NA,"77.0",NA,NA,NA,NA,"2.59","33.2",NA,"S","0.0","9.0",5.7,NA,NA,NA,"Y","3b 1b",NA,NA,NA,NA,"edge",2.59
"1031",NA,NA,2017,2017-06-12,NA,"TM2","seep",NA,NA,NA,NA,NA,NA,NA,NA,NA,NA,NA,"1.17","19.1",NA,"S","0.0","3.0",6.1,NA,NA,NA,"Y","3a",NA,NA,NA,NA,"edge",1.17
"1032",NA,NA,2017,2017-06-12,NA,"TM2","seep",NA,NA,NA,NA,NA,NA,"78.0",NA,NA,NA,NA,"2.3","30.1",NA,"S","0.0","9.0",7.6,NA,NA,NA,"Y","1b 3b",NA,NA,NA,NA,"edge",2.3
"1033",NA,NA,2017,2017-06-12,NA,"TM2","seep",NA,NA,NA,NA,NA,NA,NA,NA,NA,NA,NA,"1.23","17.4",NA,"P","0.0","1.0",5.2,NA,NA,NA,"Y","1a 3a",NA,NA,NA,NA,"center",1.23
"1034",NA,NA,2017,2017-06-12,NA,"TM2","seep",NA,NA,NA,NA,NA,NA,NA,NA,NA,NA,NA,"1.88","20.4",NA,"S","0.0","5.0",6.1,NA,NA,NA,"Y","3a",NA,NA,NA,NA,"center",1.88
"1035",NA,NA,2017,2017-06-12,NA,"TM2","seep",NA,NA,NA,NA,NA,NA,"79.0",NA,NA,NA,NA,"2.91","37.5",NA,"S","0.0","32.0",7.5,NA,NA,NA,"Y","3b",NA,NA,NA,NA,"edge",2.91
"1036",NA,NA,2017,2017-06-12,NA,"TM2","seep",NA,NA,NA,NA,NA,NA,"80.0",NA,NA,NA,NA,"2.67","26.2",NA,"S","0.0","3.0",6.2,NA,NA,NA,"Y","3b",NA,NA,NA,NA,"center",2.67
"1037",NA,NA,2017,2017-06-12,NA,"TM2","seep",NA,NA,NA,NA,NA,NA,"81.0",NA,NA,NA,NA,"2.78","33.9",NA,"S","0.0","7.0",7.6,NA,NA,NA,"Y","3a",NA,NA,NA,NA,"center",2.78
"1038",NA,NA,2017,2017-06-12,NA,"TM2","seep",NA,NA,NA,NA,NA,NA,NA,NA,NA,NA,NA,"1.56","26.1",NA,"P","0.0","3.0",7.1,NA,NA,NA,"Y","3b 1b",NA,NA,NA,NA,"center",1.56
"1039",NA,NA,2017,2017-06-12,NA,"TM2","seep",NA,NA,NA,NA,NA,NA,"82.0",NA,NA,NA,NA,"5.5","30.0",NA,"P","0.0","1.0",6.5,NA,NA,NA,"Y","1b 2b 3b",NA,NA,NA,NA,"center",5.5
"1040",NA,NA,2017,2017-06-12,NA,"TM2","seep",NA,NA,NA,NA,NA,NA,"83.0",NA,NA,NA,NA,"3.77","20.5",NA,"P","0.0","0.0",0,NA,NA,NA,"Y","1b 2b",NA,NA,NA,NA,"center",3.77
"1041",NA,NA,2017,2017-06-12,NA,"TM2","seep",NA,NA,NA,NA,NA,NA,"84.0",NA,NA,NA,NA,"2.37","36.5",NA,"S","0.0","10.0",8.9,NA,NA,NA,"Y","3a",NA,NA,NA,NA,"edge",2.37
"1042",NA,NA,2017,2017-06-12,NA,"TM2","seep",NA,NA,NA,NA,NA,NA,"85.0",NA,NA,NA,NA,"3.19","23.5",NA,"P","0.0","2.0",7.5,NA,NA,NA,"Y","1b 2b 3b",NA,NA,NA,NA,"center",3.19
"1043",NA,NA,2017,2017-06-12,NA,"TM2","seep",NA,NA,NA,NA,NA,NA,NA,NA,NA,NA,NA,"1.95","16.5",NA,"S","0.0","0.0",0,NA,NA,NA,"Y","1b 2b",NA,NA,NA,NA,"center",1.95
"1044",NA,NA,2017,2017-06-12,NA,"TM2","seep",NA,NA,NA,NA,NA,NA,NA,NA,NA,NA,NA,"1.65","17.5",NA,"P","0.0","0.0",0,NA,NA,NA,"Y","1b 2b",NA,NA,NA,NA,"center",1.65
"1045",NA,NA,2017,2017-06-12,NA,"TM2","seep",NA,NA,NA,NA,NA,NA,NA,NA,NA,NA,NA,"1.64","30.5",NA,"S","0.0","4.0",6.6,NA,NA,NA,"N","none",NA,NA,NA,NA,"edge",1.64
"1046",NA,NA,2017,2017-06-12,NA,"TM2","seep",NA,NA,NA,NA,NA,NA,"86.0",NA,NA,NA,NA,"2.19","30.1",NA,"S","0.0","2.0",8.6,NA,NA,NA,"Y","3a",NA,NA,NA,NA,"edge",2.19
"1047",NA,NA,2017,2017-06-12,NA,"TM2","seep",NA,NA,NA,NA,NA,NA,"87.0",NA,NA,NA,NA,"3.16","27.8",NA,"S","0.0","4.0",7.2,NA,NA,NA,"Y","3a",NA,NA,NA,NA,"edge",3.16
"1048",NA,NA,2017,2017-06-12,NA,"TM2","seep",NA,NA,NA,NA,NA,NA,"88.0",NA,NA,NA,NA,"2.92","10.5",NA,"P","0.0","0.0",0,NA,NA,NA,"Y","1b 2b",NA,NA,NA,NA,"center",2.92
"1049",NA,NA,2017,2017-06-12,NA,"TM2","seep",NA,NA,NA,NA,NA,NA,NA,NA,NA,NA,NA,"1.99","18.5",NA,"P","0.0","0.0",0,NA,NA,NA,"Y","1b 2b",NA,NA,NA,NA,"center",1.99
"1050",NA,NA,2017,2017-06-12,NA,"TM2","seep",NA,NA,NA,NA,NA,NA,"89.0",NA,NA,NA,NA,"5.03","37.0",NA,"S","0.0","3.0",8.1,NA,NA,NA,"Y","1b 2b 3b",NA,NA,NA,NA,"center",5.03
"1051",NA,NA,2017,2017-06-12,NA,"TM2","seep",NA,NA,NA,NA,NA,NA,"90.0",NA,NA,NA,NA,"3.33","24.5",NA,"S","0.0","10.0",8.1,NA,NA,NA,"Y","1b 2b 3b",NA,NA,NA,NA,"center",3.33
"1052",NA,NA,2017,2017-06-12,NA,"TM2","seep",NA,NA,NA,NA,NA,NA,"91.0",NA,NA,NA,NA,"3.62","24.5",NA,"S","0.0","18.0",6.1,NA,NA,NA,"Y","1b 3b",NA,NA,NA,NA,"center",3.62
"1053",NA,NA,2017,2017-06-12,NA,"TM2","seep",NA,NA,NA,NA,NA,NA,NA,NA,NA,NA,NA,"1.45","29.1",NA,"S","0.0","6.0",5.6,NA,NA,NA,"Y","3b",NA,NA,NA,NA,"edge",1.45
"1054",NA,NA,2017,2017-06-12,NA,"TM2","seep",NA,NA,NA,NA,NA,NA,"92.0",NA,NA,NA,NA,"3.72","33.1",NA,"P","0.0","6.0",6.8,NA,NA,NA,"Y","1a 3b",NA,NA,NA,NA,"center",3.72
"1055",NA,NA,2017,2017-06-12,NA,"TM2","seep",NA,NA,NA,NA,NA,NA,"93.0",NA,NA,NA,NA,"3.87","30.5",NA,"S","0.0","0.0",0,NA,NA,NA,"Y","2b",NA,NA,NA,NA,"edge",3.87
"1056",NA,NA,2017,2017-06-12,NA,"TM2","seep",NA,NA,NA,NA,NA,NA,"94.0",NA,NA,NA,NA,"2.19","28.9",NA,"P","0.0","6.0",7.5,NA,NA,NA,"Y","1a 3b",NA,NA,NA,NA,"center",2.19
"1057",NA,NA,2017,2017-06-12,NA,"TM2","seep",NA,NA,NA,NA,NA,NA,"95.0",NA,NA,NA,NA,"2.09","25.0",NA,"P","0.0","2.0",6.1,NA,NA,NA,"Y","1a 3a",NA,NA,NA,NA,"edge",2.09
"1058",NA,NA,2017,2017-06-12,NA,"TM2","seep",NA,NA,NA,NA,NA,NA,"96.0",NA,NA,NA,NA,"3.13","28.5",NA,"P","0.0","2.0",5.1,NA,NA,NA,"Y","1a 3b 2b",NA,NA,NA,NA,"edge",3.13
"1059",NA,NA,2017,2017-06-12,NA,"TM2","seep",NA,NA,NA,NA,NA,NA,"101.0",NA,NA,NA,NA,"2.25","21.2",NA,"P","0.0","2.0",6.6,NA,NA,NA,"Y","1a 3a",NA,NA,NA,NA,"edge",2.25
"1060",NA,NA,2017,2017-06-12,NA,"TM2","seep",NA,NA,NA,NA,NA,NA,"97.0",NA,NA,NA,NA,"3.4","29.5",NA,"P","0.0","3.0",9.6,NA,NA,NA,"Y","1a 2b 3a",NA,NA,NA,NA,"edge",3.4
"1061",NA,NA,2017,2017-06-12,NA,"TM2","seep",NA,NA,NA,NA,NA,NA,"98.0",NA,NA,NA,NA,"2.61","31.5",NA,"P","0.0","4.0",6.4,NA,NA,NA,"Y","1b 3a",NA,NA,NA,NA,"edge",2.61
"1062",NA,NA,2017,2017-06-12,NA,"TM2","seep",NA,NA,NA,NA,NA,NA,"99.0",NA,NA,NA,NA,"3.5","33.5",NA,"P","0.0","6.0",7.2,NA,NA,NA,"Y","1b 3b",NA,NA,NA,NA,"edge",3.5
"1063",NA,NA,2017,2017-06-12,NA,"TM2","seep",NA,NA,NA,NA,NA,NA,"111.0",NA,NA,NA,NA,"2.91","32.5",NA,"S","0.0","7.0",7.1,NA,NA,NA,"Y","3a",NA,NA,NA,NA,"edge",2.91
"1064",NA,NA,2017,2017-06-12,NA,"TM2","seep",NA,NA,NA,NA,NA,NA,NA,NA,NA,NA,NA,"1.94","30.5",NA,"P","0.0","3.0",6.6,NA,NA,NA,"Y","1a 3a",NA,NA,NA,NA,"veg",1.94
"1065",NA,NA,2017,2017-06-12,NA,"TM2","seep",NA,NA,NA,NA,NA,NA,NA,NA,NA,NA,NA,"1.19","17.6",NA,"B","0.0","0.0",0,NA,NA,NA,"Y","1b 2b",NA,NA,NA,NA,"veg",1.19
"1066",NA,NA,2017,2017-06-12,NA,"TM2","seep",NA,NA,NA,NA,NA,NA,"102.0",NA,NA,NA,NA,"5.16","37.5",NA,"P","0.0","23.0",6.2,NA,NA,NA,"Y","1a 2b 3a",NA,NA,NA,NA,"edge",5.16
"1067",NA,NA,2017,2017-06-12,NA,"TM2","seep",NA,NA,NA,NA,NA,NA,"103.0",NA,NA,NA,NA,"2.68","40.0",NA,"P","0.0","5.0",6.1,NA,NA,NA,"Y","1b 3a",NA,NA,NA,NA,"edge",2.68
"1068",NA,NA,2017,2017-06-12,NA,"TM2","seep",NA,NA,NA,NA,NA,NA,"104.0",NA,NA,NA,NA,"4.27","31.5",NA,"S","0.0","16.0",7,NA,NA,NA,"Y","3a",NA,NA,NA,NA,"edge",4.27
"1069",NA,NA,2017,2017-06-12,NA,"TM2","seep",NA,NA,NA,NA,NA,NA,"105.0",NA,NA,NA,NA,"3.25","37.5",NA,"P","0.0","11.0",6.2,NA,NA,NA,"Y","1a 3a",NA,NA,NA,NA,"edge",3.25
"1070",NA,NA,2017,2017-06-12,NA,"TM2","seep",NA,NA,NA,NA,NA,NA,"106.0",NA,NA,NA,NA,"3.87","44.5",NA,"S","0.0","9.0",6.6,NA,NA,NA,"Y","3a",NA,NA,NA,NA,"edge",3.87
"1071",NA,NA,2017,2017-06-12,NA,"TM2","seep",NA,NA,NA,NA,NA,NA,"107.0",NA,NA,NA,NA,"3.74","32.5",NA,"P","0.0","11.0",7.1,NA,NA,NA,"Y","1a 3a",NA,NA,NA,NA,"edge",3.74
"1072",NA,NA,2017,2017-06-12,NA,"TM2","seep",NA,NA,NA,NA,NA,NA,"108.0",NA,NA,NA,NA,"3.96","49.5",NA,"P","0.0","17.0",6.2,NA,NA,NA,"Y","1a",NA,NA,NA,NA,"edge",3.96
"1073",NA,NA,2017,2017-06-12,NA,"TM2","seep",NA,NA,NA,NA,NA,NA,"109.0",NA,NA,NA,NA,"3.05","28.5",NA,"P","0.0","8.0",6.5,NA,NA,NA,"Y","1a",NA,NA,NA,NA,"edge",3.05
"1074",NA,NA,2017,2017-06-12,NA,"TM2","seep",NA,NA,NA,NA,NA,NA,"110.0",NA,NA,NA,NA,"2.63","33.5",NA,"P","0.0","1.0",4.6,NA,NA,NA,"Y","1b 3b",NA,NA,NA,NA,"center",2.63
"1075",NA,NA,2017,2017-06-12,NA,"TM2","seep",NA,NA,NA,NA,NA,NA,"100.0",NA,NA,NA,NA,"8.05","42.5",NA,"P","0.0","135.0",10.2,NA,NA,NA,"Y","1a 2b 3a",NA,NA,NA,NA,"edge",8.05
"1076",NA,NA,2017,2017-06-15,NA,"TM2","outcrop",NA,NA,NA,NA,NA,NA,"1.0",NA,NA,NA,NA,"5.78","57.0",NA,"P","0.0","41.0",7.6,NA,NA,NA,"Y","1a 2a 3a",NA,NA,NA,NA,"trying to bud again",5.78
"1077",NA,NA,2017,2017-06-15,NA,"TM2","outcrop",NA,NA,NA,NA,NA,NA,"2.0",NA,NA,NA,NA,"2.11","33.2",NA,"P","0.0","5.0",6,NA,NA,NA,"Y","1a 3a",NA,NA,NA,NA,"trying to bud again",2.11
"1078",NA,NA,2017,2017-06-15,NA,"TM2","outcrop",NA,NA,NA,NA,NA,NA,"3.0",NA,NA,NA,NA,"2.2","37.6",NA,"S","0.0","6.0",6.6,NA,NA,NA,"N","none",NA,NA,NA,NA,NA,2.2
"1079",NA,NA,2017,2017-06-15,NA,"TM2","outcrop",NA,NA,NA,NA,NA,NA,"4.0",NA,NA,NA,NA,"2.67","25.5",NA,"P","0.0","2.0",3.2,NA,NA,NA,"Y","1a 3a",NA,NA,NA,NA,NA,2.67
"1080",NA,NA,2017,2017-06-15,NA,"TM2","outcrop",NA,NA,NA,NA,NA,NA,"5.0",NA,NA,NA,NA,"2.51","42.0",NA,"S","0.0","7.0",7.1,NA,NA,NA,"Y","3a",NA,NA,NA,NA,NA,2.51
"1081",NA,NA,2017,2017-06-15,NA,"TM2","outcrop",NA,NA,NA,NA,NA,NA,"6.0",NA,NA,NA,NA,"2.35","33.0",NA,"S","0.0","13.0",5.9,NA,NA,NA,"Y","3a",NA,NA,NA,NA,NA,2.35
"1082",NA,NA,2017,2017-06-15,NA,"TM2","outcrop",NA,NA,NA,NA,NA,NA,NA,NA,NA,NA,NA,"1.01","13.9",NA,"SX","0.0","1.0",3.5,NA,NA,NA,"Y","3a",NA,NA,NA,NA,NA,1.01
"1083",NA,NA,2017,2017-06-15,NA,"TM2","outcrop",NA,NA,NA,NA,NA,NA,NA,NA,NA,NA,NA,"0.84","13.1",NA,"S","0.0","1.0",2.2,NA,NA,NA,"Y","3a",NA,NA,NA,NA,NA,0.5
"1084",NA,NA,2017,2017-06-15,NA,"TM2","outcrop",NA,NA,NA,NA,NA,NA,"7.0",NA,NA,NA,NA,"3.43","42.5",NA,"S","0.0","17.0",7.6,NA,NA,NA,"Y","2a 3a",NA,NA,NA,NA,NA,3.43
"1085",NA,NA,2017,2017-06-15,NA,"TM2","outcrop",NA,NA,NA,NA,NA,NA,"8.0",NA,NA,NA,NA,"3.04","37.9",NA,"S","0.0","10.0",8.1,NA,NA,NA,"Y","2a 3a",NA,NA,NA,NA,NA,3.04
"1086",NA,NA,2017,2017-06-15,NA,"TM2","outcrop",NA,NA,NA,NA,NA,NA,"9.0",NA,NA,NA,NA,"4.0","37.3",NA,"P","0.0","12.0",5.1,NA,NA,NA,"Y","2b 1a 3a",NA,NA,NA,NA,NA,4
"1087",NA,NA,2017,2017-06-15,NA,"TM2","outcrop",NA,NA,NA,NA,NA,NA,NA,NA,NA,NA,NA,"1.14","20.1",NA,"S","0.0","0.0",0,NA,NA,NA,"Y","2b",NA,NA,NA,NA,NA,1.14
"1088",NA,NA,2017,2017-06-15,NA,"TM2","outcrop",NA,NA,NA,NA,NA,NA,NA,NA,NA,NA,NA,"1.6","33.0",NA,"S","0.0","4.0",7,NA,NA,NA,"N","none",NA,NA,NA,NA,NA,1.6
"1089",NA,NA,2017,2017-06-15,NA,"TM2","outcrop",NA,NA,NA,NA,NA,NA,NA,NA,NA,NA,NA,"0.99","20.0",NA,"S","0.0","1.0",5.4,NA,NA,NA,"N","none",NA,NA,NA,NA,NA,0.5
"1090",NA,NA,2017,2017-06-15,NA,"TM2","outcrop",NA,NA,NA,NA,NA,NA,NA,NA,NA,NA,NA,"1.47","23.4",NA,"S","0.0","2.0",7,NA,NA,NA,"Y","3a",NA,NA,NA,NA,NA,1.47
"1091",NA,NA,2017,2017-06-15,NA,"TM2","outcrop",NA,NA,NA,NA,NA,NA,"10.0",NA,NA,NA,NA,"3.3","41.0",NA,"S","0.0","9.0",6.5,NA,NA,NA,"Y","2a 3a",NA,NA,NA,NA,NA,3.3
"1092",NA,NA,2017,2017-06-15,NA,"TM2","outcrop",NA,NA,NA,NA,NA,NA,"11.0",NA,NA,NA,NA,"1.84","7.0",NA,"V","0.0","0.0",0,NA,NA,NA,"Y","1a",NA,NA,NA,NA,NA,1.84
"1093",NA,NA,2017,2017-06-15,NA,"TM2","outcrop",NA,NA,NA,NA,NA,NA,"12.0",NA,NA,NA,NA,"1.06","7.0",NA,"V","0.0","0.0",0,NA,NA,NA,"Y","1a",NA,NA,NA,NA,NA,1.06
"1094",NA,NA,2017,2017-06-15,NA,"TM2","outcrop",NA,NA,NA,NA,NA,NA,NA,NA,NA,NA,NA,"1.64","30.7",NA,"S","0.0","1.0",3.4,NA,NA,NA,"Y","3a",NA,NA,NA,NA,NA,1.64
"1095",NA,NA,2017,2017-06-15,NA,"TM2","outcrop",NA,NA,NA,NA,NA,NA,"13.0",NA,NA,NA,NA,"2.3","37.0",NA,"SX","0.0","5.0",7.5,NA,NA,NA,"N","none",NA,NA,NA,NA,NA,2.3
"1096",NA,NA,2017,2017-06-15,NA,"TM2","outcrop",NA,NA,NA,NA,NA,NA,"14.0",NA,NA,NA,NA,"3.42","57.6",NA,"S","0.0","15.0",8.1,NA,NA,NA,"Y","3a",NA,NA,NA,NA,NA,3.42
"1097",NA,NA,2017,2017-06-15,NA,"TM2","outcrop",NA,NA,NA,NA,NA,NA,"15.0",NA,NA,NA,NA,"2.64","38.2",NA,"S","0.0","13.0",5.6,NA,NA,NA,NA,NA,NA,NA,NA,NA,NA,2.64
"1098",NA,NA,2017,2017-06-15,NA,"TM2","outcrop",NA,NA,NA,NA,NA,NA,NA,NA,NA,NA,NA,"1.67","26.7",NA,"S","0.0","3.0",6.9,NA,NA,NA,"N","none",NA,NA,NA,NA,NA,1.67
"1099",NA,NA,2017,2017-06-15,NA,"TM2","outcrop",NA,NA,NA,NA,NA,NA,NA,NA,NA,NA,NA,"1.94","32.5",NA,"S","0.0","1.0",7.9,NA,NA,NA,"Y","3a",NA,NA,NA,NA,NA,1.94
"1100",NA,NA,2017,2017-06-15,NA,"TM2","outcrop",NA,NA,NA,NA,NA,NA,"16.0",NA,NA,NA,NA,"3.09","50.0",NA,"S","0.0","18.0",8.1,NA,NA,NA,"Y","3a",NA,NA,NA,NA,NA,3.09
"1101",NA,NA,2017,2017-06-15,NA,"TM2","outcrop",NA,NA,NA,NA,NA,NA,NA,NA,NA,NA,NA,"1.25","24.5",NA,"S","0.0","3.0",5.7,NA,NA,NA,"N","none",NA,NA,NA,NA,NA,1.25
"1102",NA,NA,2017,2017-06-15,NA,"TM2","outcrop",NA,NA,NA,NA,NA,NA,"17.0",NA,NA,NA,NA,"3.96","58.9",NA,"S","0.0","32.0",7.4,NA,NA,NA,"Y","2a 3a",NA,NA,NA,NA,NA,3.96
"1103",NA,NA,2017,2017-06-15,NA,"TM2","outcrop",NA,NA,NA,NA,NA,NA,"18.0",NA,NA,NA,NA,"2.84","49.6",NA,"S","0.0","15.0",9,NA,NA,NA,"Y","2a 3a",NA,NA,NA,NA,NA,2.84
"1104",NA,NA,2017,2017-06-15,NA,"TM2","outcrop",NA,NA,NA,NA,NA,NA,"19.0",NA,NA,NA,NA,"3.55","52.0",NA,"S","0.0","23.0",8.4,NA,NA,NA,"Y","2a 3a",NA,NA,NA,NA,NA,3.55
"1105",NA,NA,2017,2017-06-15,NA,"TM2","outcrop",NA,NA,NA,NA,NA,NA,"20.0",NA,NA,NA,NA,"3.39","37.5",NA,"S","0.0","13.0",6.6,NA,NA,NA,"Y","3a",NA,NA,NA,NA,NA,3.39
"1106",NA,NA,2017,2017-06-15,NA,"TM2","outcrop",NA,NA,NA,NA,NA,NA,NA,NA,NA,NA,NA,"1.44","25.0",NA,"S","0.0","1.0",6.1,NA,NA,NA,"N","none",NA,NA,NA,NA,NA,1.44
"1107",NA,NA,2017,2017-06-15,NA,"TM2","outcrop",NA,NA,NA,NA,NA,NA,"21.0",NA,NA,NA,NA,"3.55","41.0",NA,"P","0.0","11.0",8.5,NA,NA,NA,"Y","1a",NA,NA,NA,NA,NA,3.55
"1108",NA,NA,2017,2017-06-15,NA,"TM2","outcrop",NA,NA,NA,NA,NA,NA,"22.0",NA,NA,NA,NA,"2.89","36.0",NA,"S","0.0","17.0",7.5,NA,NA,NA,"Y","2a 3a",NA,NA,NA,NA,NA,2.89
"1109",NA,NA,2017,2017-06-15,NA,"TM2","outcrop",NA,NA,NA,NA,NA,NA,"23.0",NA,NA,NA,NA,"2.89","31.7",NA,"S","0.0","19.0",8.3,NA,NA,NA,"Y","2a 3a",NA,NA,NA,NA,NA,2.89
"1110",NA,NA,2017,2017-06-15,NA,"TM2","outcrop",NA,NA,NA,NA,NA,NA,"24.0",NA,NA,NA,NA,"2.44","31.0",NA,"S","0.0","5.0",7.6,NA,NA,NA,"N","none",NA,NA,NA,NA,NA,2.44
"1111",NA,NA,2017,2017-06-15,NA,"TM2","outcrop",NA,NA,NA,NA,NA,NA,"25.0",NA,NA,NA,NA,"2.39","29.9",NA,"S","0.0","9.0",3.8,NA,NA,NA,"Y","3a",NA,NA,NA,NA,NA,2.39
"1112",NA,NA,2017,2017-06-15,NA,"TM2","outcrop",NA,NA,NA,NA,NA,NA,"26.0",NA,NA,NA,NA,"4.12","15.0",NA,"V","0.0","0.0",0,NA,NA,NA,"Y","1a",NA,NA,NA,NA,NA,4.12
"1113",NA,NA,2017,2017-06-15,NA,"TM2","outcrop",NA,NA,NA,NA,NA,NA,"27.0",NA,NA,NA,NA,"3.13","48.5",NA,"P","0.0","10.0",8.2,NA,NA,NA,"Y","3a",NA,NA,NA,NA,NA,3.13
"1114",NA,NA,2017,2017-06-15,NA,"TM2","outcrop",NA,NA,NA,NA,NA,NA,"28.0",NA,NA,NA,NA,"2.97","45.5",NA,"P","0.0","15.0",8.1,NA,NA,NA,"Y","1b 3a",NA,NA,NA,NA,NA,2.97
"1115",NA,NA,2017,2017-06-15,NA,"TM2","outcrop",NA,NA,NA,NA,NA,NA,NA,NA,NA,NA,NA,"0.9","39.5",NA,"P","0.0","0.0",0,NA,NA,NA,"Y","1b 2b",NA,NA,NA,NA,"trying to bud again",0.5
"1116",NA,NA,2017,2017-06-15,NA,"TM2","outcrop",NA,NA,NA,NA,NA,NA,"29.0",NA,NA,NA,NA,"2.01","31.0",NA,"S","0.0","6.0",4.7,NA,NA,NA,"N","none",NA,NA,NA,NA,NA,2.01
"1117",NA,NA,2017,2017-06-15,NA,"TM2","outcrop",NA,NA,NA,NA,NA,NA,"30.0",NA,NA,NA,NA,"3.2","51.0",NA,"S","0.0","14.0",8.5,NA,NA,NA,"Y","2b",NA,NA,NA,NA,NA,3.2
"1118",NA,NA,2017,2017-06-15,NA,"TM2","outcrop",NA,NA,NA,NA,NA,NA,"31.0",NA,NA,NA,NA,"3.56","18.0",NA,"V","0.0","0.0",0,NA,NA,NA,"Y","1a",NA,NA,NA,NA,NA,3.56
"1119",NA,NA,2017,2017-06-15,NA,"TM2","outcrop",NA,NA,NA,NA,NA,NA,"32.0",NA,NA,NA,NA,"3.94","33.5",NA,"S","0.0","29.0",6,NA,NA,NA,"Y","3a",NA,NA,NA,NA,NA,3.94
"1120",NA,NA,2017,2017-06-15,NA,"TM2","outcrop",NA,NA,NA,NA,NA,NA,"33.0",NA,NA,NA,NA,"2.05","36.5",NA,"S","0.0","4.0",6.6,NA,NA,NA,"N","none",NA,NA,NA,NA,NA,2.05
"1121",NA,NA,2017,2017-06-15,NA,"TM2","outcrop",NA,NA,NA,NA,NA,NA,"34.0",NA,NA,NA,NA,"3.47","23.5",NA,"P","0.0","0.0",0,NA,NA,NA,"Y","1b 2b",NA,NA,NA,NA,"trying to bud again",3.47
"1122",NA,NA,2017,2017-06-15,NA,"TM2","outcrop",NA,NA,NA,NA,NA,NA,NA,NA,NA,NA,NA,"1.53","22.5",NA,"P","0.0","0.0",0,NA,NA,NA,"Y","1b 2b",NA,NA,NA,NA,NA,1.53
"1123",NA,NA,2017,2017-06-15,NA,"TM2","outcrop",NA,NA,NA,NA,NA,NA,NA,NA,NA,NA,NA,"1.7","26.5",NA,"P","0.0","5.0",3.7,NA,NA,NA,"Y","1a",NA,NA,NA,NA,NA,1.7
"1124",NA,NA,2017,2017-06-15,NA,"TM2","outcrop",NA,NA,NA,NA,NA,NA,NA,NA,NA,NA,NA,"1.96","22.1",NA,"P","0.0","6.0",5.2,NA,NA,NA,"Y","1a 3a",NA,NA,NA,NA,NA,1.96
"1125",NA,NA,2017,2017-06-15,NA,"TM2","outcrop",NA,NA,NA,NA,NA,NA,"35.0",NA,NA,NA,NA,"4.34","56.1",NA,"P","0.0","30.0",6,NA,NA,NA,"Y","3a",NA,NA,NA,NA,NA,4.34
"1126",NA,NA,2017,2017-06-15,NA,"TM2","outcrop",NA,NA,NA,NA,NA,NA,NA,NA,NA,NA,NA,"1.48","24.5",NA,"S","0.0","5.0",6.1,NA,NA,NA,"N","none",NA,NA,NA,NA,NA,1.48
"1127",NA,NA,2017,2017-06-15,NA,"TM2","outcrop",NA,NA,NA,NA,NA,NA,"36.0",NA,NA,NA,NA,"2.44","37.0",NA,"S","0.0","3.0",6.5,NA,NA,NA,"Y","3a",NA,NA,NA,NA,NA,2.44
"1128",NA,NA,2017,2017-06-15,NA,"TM2","outcrop",NA,NA,NA,NA,NA,NA,"37.0",NA,NA,NA,NA,"2.88","38.0",NA,"S","0.0","14.0",7.1,NA,NA,NA,"Y","3a",NA,NA,NA,NA,NA,2.88
"1129",NA,NA,2017,2017-06-15,NA,"TM2","outcrop",NA,NA,NA,NA,NA,NA,"38.0",NA,NA,NA,NA,"3.13","37.5",NA,"S","0.0","1.0",5.5,NA,NA,NA,"N","none",NA,NA,NA,NA,NA,3.13
"1130",NA,NA,2017,2017-06-15,NA,"TM2","outcrop",NA,NA,NA,NA,NA,NA,NA,NA,NA,NA,NA,"1.09","21.5",NA,"S","0.0","3.0",5.2,NA,NA,NA,"Y","3a",NA,NA,NA,NA,NA,1.09
"1131",NA,NA,2017,2017-06-15,NA,"TM2","outcrop",NA,NA,NA,NA,NA,NA,NA,NA,NA,NA,NA,"2.5","7.0",NA,"S","0.0","0.0",0,NA,NA,NA,"Y","1b 3b",NA,NA,NA,NA,"trying to bud again",2.5
"1132",NA,NA,2017,2017-06-15,NA,"TM2","outcrop",NA,NA,NA,NA,NA,NA,NA,NA,NA,NA,NA,"1.62","27.2",NA,"S","0.0","0.0",0,NA,NA,NA,"Y","2b",NA,NA,NA,NA,NA,1.62
"1133",NA,NA,2017,2017-06-15,NA,"TM2","outcrop",NA,NA,NA,NA,NA,NA,NA,NA,NA,NA,NA,"1.28","26.0",NA,"S","0.0","1.0",5.6,NA,NA,NA,"N","none",NA,NA,NA,NA,NA,1.28
"1134",NA,NA,2017,2017-06-15,NA,"TM2","outcrop",NA,NA,NA,NA,NA,NA,NA,NA,NA,NA,NA,"1.78","28.2",NA,"P","0.0","0.0",0,NA,NA,NA,"N","none",NA,NA,NA,NA,"trying to bud again",1.78
"1135",NA,NA,2017,2017-06-15,NA,"TM2","outcrop",NA,NA,NA,NA,NA,NA,NA,NA,NA,NA,NA,"1.36","33.0",NA,"SX","0.0","4.0",6.1,NA,NA,NA,"N","none",NA,NA,NA,NA,NA,1.36
"1136",NA,NA,2017,2017-06-15,NA,"TM2","outcrop",NA,NA,NA,NA,NA,NA,NA,NA,NA,NA,NA,"1.01","19.3",NA,"S","0.0","2.0",3.9,NA,NA,NA,"N","none",NA,NA,NA,NA,NA,1.01
"1137",NA,NA,2017,2017-06-15,NA,"TM2","outcrop",NA,NA,NA,NA,NA,NA,NA,NA,NA,NA,NA,"1.0","21.1",NA,"S","0.0","2.0",5.1,NA,NA,NA,"Y","3a",NA,NA,NA,NA,NA,1
"1138",NA,NA,2017,2017-06-15,NA,"TM2","outcrop",NA,NA,NA,NA,NA,NA,NA,NA,NA,NA,NA,"0.83","14.4",NA,"S","0.0","1.0",2.7,NA,NA,NA,"N","none",NA,NA,NA,NA,NA,0.5
"1139",NA,NA,2017,2017-06-15,NA,"TM2","outcrop",NA,NA,NA,NA,NA,NA,NA,NA,NA,NA,NA,"1.01","13.6",NA,"S","0.0","0.0",0,NA,NA,NA,"Y","2b",NA,NA,NA,NA,NA,1.01
"1140",NA,NA,2017,2017-06-15,NA,"TM2","outcrop",NA,NA,NA,NA,NA,NA,NA,NA,NA,NA,NA,"1.32","24.6",NA,"S","0.0","0.0",0,NA,NA,NA,"Y","2b",NA,NA,NA,NA,NA,1.32
"1141",NA,NA,2017,2017-06-15,NA,"TM2","outcrop",NA,NA,NA,NA,NA,NA,NA,NA,NA,NA,NA,"1.01","12.1",NA,"S","0.0","0.0",0,NA,NA,NA,"Y","2b",NA,NA,NA,NA,NA,1.01
"1142",NA,NA,2017,2017-06-15,NA,"TM2","outcrop",NA,NA,NA,NA,NA,NA,NA,NA,NA,NA,NA,"1.88","15.6",NA,"S","0.0","0.0",0,NA,NA,NA,"Y","2b",NA,NA,NA,NA,NA,1.88
"1143",NA,NA,2017,2017-06-15,NA,"TM2","outcrop",NA,NA,NA,NA,NA,NA,NA,NA,NA,NA,NA,"1.26","24.9",NA,"S","0.0","3.0",4,NA,NA,NA,"Y","3a",NA,NA,NA,NA,NA,1.26
"1144",NA,NA,2017,2017-06-15,NA,"TM2","outcrop",NA,NA,NA,NA,NA,NA,NA,NA,NA,NA,NA,"1.07","24.1",NA,"S","0.0","2.0",4.2,NA,NA,NA,"Y","3a",NA,NA,NA,NA,NA,1.07
"1145",NA,NA,2017,2017-06-15,NA,"TM2","outcrop",NA,NA,NA,NA,NA,NA,NA,NA,NA,NA,NA,"1.31","21.4",NA,"S","0.0","2.0",4.6,NA,NA,NA,"N","none",NA,NA,NA,NA,NA,1.31
"1146",NA,NA,2017,2017-06-15,NA,"TM2","outcrop",NA,NA,NA,NA,NA,NA,NA,NA,NA,NA,NA,"1.11","17.7",NA,"S","0.0","2.0",3.6,NA,NA,NA,"N","none",NA,NA,NA,NA,NA,1.11
"1147",NA,NA,2017,2017-06-15,NA,"TM2","outcrop",NA,NA,NA,NA,NA,NA,NA,NA,NA,NA,NA,"1.18","18.1",NA,"S","0.0","2.0",2.1,NA,NA,NA,"Y","3a",NA,NA,NA,NA,NA,1.18
"1148",NA,NA,2017,2017-06-15,NA,"TM2","outcrop",NA,NA,NA,NA,NA,NA,NA,NA,NA,NA,NA,"1.54","19.3",NA,"P","0.0","0.0",0,NA,NA,NA,"Y","1b 2b",NA,NA,NA,NA,"trying to bud again",1.54
"1149",NA,NA,2017,2017-06-15,NA,"TM2","outcrop",NA,NA,NA,NA,NA,NA,NA,NA,NA,NA,NA,"1.19","26.4",NA,"SX","0.0","2.0",2.7,NA,NA,NA,"Y","2b",NA,NA,NA,NA,NA,1.19
"1150",NA,NA,2017,2017-06-15,NA,"TM2","outcrop",NA,NA,NA,NA,NA,NA,NA,NA,NA,NA,NA,"0.73","8.1",NA,"S","0.0","0.0",0,NA,NA,NA,"Y","2b",NA,NA,NA,NA,NA,0.5
"1151",NA,NA,2017,2017-06-15,NA,"TM2","outcrop",NA,NA,NA,NA,NA,NA,NA,NA,NA,NA,NA,"0.46","5.4",NA,"S","0.0","0.0",0,NA,NA,NA,"Y","2b",NA,NA,NA,NA,NA,0.5
"1152",NA,NA,2017,2017-06-15,NA,"TM2","outcrop",NA,NA,NA,NA,NA,NA,NA,NA,NA,NA,NA,"1.37","26.6",NA,"S","0.0","3.0",3.7,NA,NA,NA,"N","none",NA,NA,NA,NA,NA,1.37
"1153",NA,NA,2017,2017-06-15,NA,"TM2","outcrop",NA,NA,NA,NA,NA,NA,NA,NA,NA,NA,NA,"0.94","18.3",NA,"S","0.0","2.0",2.7,NA,NA,NA,"Y","3a",NA,NA,NA,NA,NA,0.5
"1154",NA,NA,2017,2017-06-15,NA,"TM2","outcrop",NA,NA,NA,NA,NA,NA,NA,NA,NA,NA,NA,"1.76","25.1",NA,"SX","0.0","3.0",5.3,NA,NA,NA,"N","none",NA,NA,NA,NA,NA,1.76
"1155",NA,NA,2017,2017-06-15,NA,"TM2","outcrop",NA,NA,NA,NA,NA,NA,"39.0",NA,NA,NA,NA,"2.21","49.5",NA,"S","0.0","13.0",6.1,NA,NA,NA,"Y","3a",NA,NA,NA,NA,NA,2.21
"1156",NA,NA,2017,2017-06-15,NA,"TM2","outcrop",NA,NA,NA,NA,NA,NA,"40.0",NA,NA,NA,NA,"2.41","31.5",NA,"S","0.0","1.0",5.2,NA,NA,NA,"Y","2b 3a",NA,NA,NA,NA,NA,2.41
"1157",NA,NA,2017,2017-06-15,NA,"TM2","outcrop",NA,NA,NA,NA,NA,NA,"41.0",NA,NA,NA,NA,"2.13","6.2",NA,"S","0.0","7.0",5.9,NA,NA,NA,"Y","3b",NA,NA,NA,NA,NA,2.13
"1158",NA,NA,2017,2017-06-15,NA,"TM2","outcrop",NA,NA,NA,NA,NA,NA,"42.0",NA,NA,NA,NA,"2.17","34.0",NA,"S","0.0","3.0",5.4,NA,NA,NA,"Y","3a",NA,NA,NA,NA,NA,2.17
"1159",NA,NA,2017,2017-06-15,NA,"TM2","outcrop",NA,NA,NA,NA,NA,NA,"43.0",NA,NA,NA,NA,"1.5","10.2",NA,"V","0.0","0.0",0,NA,NA,NA,"Y","1a",NA,NA,NA,NA,NA,1.5
"1160",NA,NA,2017,2017-06-15,NA,"TM2","outcrop",NA,NA,NA,NA,NA,NA,"44.0",NA,NA,NA,NA,"2.67","36.5",NA,"P","0.0","4.0",3,NA,NA,NA,"Y","1a 3a",NA,NA,NA,NA,NA,2.67
"1161",NA,NA,2017,2017-06-15,NA,"TM2","outcrop",NA,NA,NA,NA,NA,NA,"45.0",NA,NA,NA,NA,"2.15","36.0",NA,"P","0.0","7.0",5.2,NA,NA,NA,"Y","1a 3a",NA,NA,NA,NA,NA,2.15
"1162",NA,NA,2017,2017-06-15,NA,"TM2","outcrop",NA,NA,NA,NA,NA,NA,NA,NA,NA,NA,NA,"1.7","33.4",NA,"S","0.0","7.0",6.6,NA,NA,NA,"Y","3a",NA,NA,NA,NA,NA,1.7
"1163",NA,NA,2017,2017-06-15,NA,"TM2","outcrop",NA,NA,NA,NA,NA,NA,"46.0",NA,NA,NA,NA,"2.58","21.5",NA,"S","0.0","1.0",5.1,NA,NA,NA,"Y","1b 2b 3b",NA,NA,NA,NA,NA,2.58
"1164",NA,NA,2017,2017-06-15,NA,"TM2","outcrop",NA,NA,NA,NA,NA,NA,"47.0",NA,NA,NA,NA,"2.23","10.2",NA,"S","0.0","0.0",0,NA,NA,NA,"Y","2b",NA,NA,NA,NA,NA,2.23
"1165",NA,NA,2017,2017-06-15,NA,"TM2","outcrop",NA,NA,NA,NA,NA,NA,"48.0",NA,NA,NA,NA,"3.6","15.5",NA,"P","0.0","0.0",0,NA,NA,NA,"Y","1b 2b",NA,NA,NA,NA,"trying to bud again",3.6
"1166",NA,NA,2017,2017-06-15,NA,"TM2","outcrop",NA,NA,NA,NA,NA,NA,"49.0",NA,NA,NA,NA,"2.52","9.6",NA,"P","0.0","0.0",0,NA,NA,NA,"Y","1a 2b",NA,NA,NA,NA,"trying to bud again",2.52
"1167",NA,NA,2017,2017-06-15,NA,"TM2","outcrop",NA,NA,NA,NA,NA,NA,NA,NA,NA,NA,NA,"1.5","9.2",NA,"P","0.0","0.0",0,NA,NA,NA,"Y","1a 2b",NA,NA,NA,NA,"trying to bud again",1.5
"1168",NA,NA,2017,2017-06-15,NA,"TM2","outcrop",NA,NA,NA,NA,NA,NA,"50.0",NA,NA,NA,NA,"2.23","21.0",NA,"P","0.0","0.0",0,NA,NA,NA,"Y","2b 1b",NA,NA,NA,NA,"trying to bud again",2.23
"1169",NA,NA,2017,2017-06-15,NA,"TM2","outcrop",NA,NA,NA,NA,NA,NA,NA,NA,NA,NA,NA,"1.84","28.0",NA,"P","0.0","1.0",2.6,NA,NA,NA,"Y","1a",NA,NA,NA,NA,NA,1.84
"1170",NA,NA,2017,2017-06-15,NA,"TM2","outcrop",NA,NA,NA,NA,NA,NA,"51.0",NA,NA,NA,NA,"2.17","12.5",NA,"V","0.0","0.0",0,NA,NA,NA,"Y","1a",NA,NA,NA,NA,NA,2.17
"1171",NA,NA,2017,2017-06-15,NA,"TM2","outcrop",NA,NA,NA,NA,NA,NA,NA,NA,NA,NA,NA,"1.84","28.6",NA,"S","0.0","3.0",6,NA,NA,NA,"Y","3a",NA,NA,NA,NA,NA,1.84
"1172",NA,NA,2017,2017-06-15,NA,"TM2","outcrop",NA,NA,NA,NA,NA,NA,NA,NA,NA,NA,NA,"1.42","17.5",NA,"P","0.0","0.0",0,NA,NA,NA,"Y","2b",NA,NA,NA,NA,"trying to bud again",1.42
"1173",NA,NA,2017,2017-06-15,NA,"TM2","outcrop",NA,NA,NA,NA,NA,NA,NA,NA,NA,NA,NA,"1.88","22.0",NA,"P","0.0","2.0",1.6,NA,NA,NA,"Y","1a 2a 3a",NA,NA,NA,NA,"trying to bud again",1.88
"1174",NA,NA,2017,2017-06-15,NA,"TM2","outcrop",NA,NA,NA,NA,NA,NA,NA,NA,NA,NA,NA,"1.69","23.2",NA,"S","0.0","2.0",6.1,NA,NA,NA,"Y","3a",NA,NA,NA,NA,NA,1.69
"1175",NA,NA,2017,2017-06-15,NA,"TM2","outcrop",NA,NA,NA,NA,NA,NA,NA,NA,NA,NA,NA,"1.55","17.1",NA,"P","0.0","0.0",0,NA,NA,NA,"Y","2b",NA,NA,NA,NA,"trying to bud again",1.55
"1176",NA,NA,2017,2017-06-15,NA,"TM2","outcrop",NA,NA,NA,NA,NA,NA,NA,NA,NA,NA,NA,"1.74","15.0",NA,"S","0.0","3.0",4.6,NA,NA,NA,"Y","3a",NA,NA,NA,NA,NA,1.74
"1177",NA,NA,2017,2017-06-15,NA,"TM2","outcrop",NA,NA,NA,NA,NA,NA,"52.0",NA,NA,NA,NA,"3.57","48.6",NA,"S","0.0","14.0",8.5,NA,NA,NA,"Y","3a",NA,NA,NA,NA,NA,3.57
"1178",NA,NA,2017,2017-06-15,NA,"TM2","outcrop",NA,NA,NA,NA,NA,NA,NA,NA,NA,NA,NA,"1.84","21.5",NA,"P","0.0","1.0",4.1,NA,NA,NA,"Y","3a",NA,NA,NA,NA,"trying to bud again",1.84
"1179",NA,NA,2017,2017-06-15,NA,"TM2","outcrop",NA,NA,NA,NA,NA,NA,"53.0",NA,NA,NA,NA,"2.79","57.3",NA,"S","0.0","13.0",8.3,NA,NA,NA,"Y","3a",NA,NA,NA,NA,NA,2.79
"1180",NA,NA,2017,2017-06-15,NA,"TM2","outcrop",NA,NA,NA,NA,NA,NA,NA,NA,NA,NA,NA,"1.7","33.5",NA,"S","0.0","9.0",7,NA,NA,NA,"Y","3a",NA,NA,NA,NA,NA,1.7
"1181",NA,NA,2017,2017-06-15,NA,"TM2","outcrop",NA,NA,NA,NA,NA,NA,"54.0",NA,NA,NA,NA,"3.0","28.9",NA,"P","0.0","15.0",7.6,NA,NA,NA,"Y","3a",NA,NA,NA,NA,NA,3
"1182",NA,NA,2017,2017-06-15,NA,"TM2","outcrop",NA,NA,NA,NA,NA,NA,"55.0",NA,NA,NA,NA,"4.87","50.5",NA,"P","0.0","41.0",NA,NA,NA,NA,"Y","1a 3a",NA,NA,NA,NA,NA,4.87
"1183",NA,NA,2017,2017-06-15,NA,"TM2","outcrop",NA,NA,NA,NA,NA,NA,NA,NA,NA,NA,NA,"1.99","29.8",NA,"S","0.0","4.0",6.7,NA,NA,NA,"N","none",NA,NA,NA,NA,NA,1.99
"1184",NA,NA,2017,2017-06-15,NA,"TM2","outcrop",NA,NA,NA,NA,NA,NA,NA,NA,NA,NA,NA,"1.78","21.5",NA,"P","0.0","0.0",0,NA,NA,NA,"Y","2b",NA,NA,NA,NA,NA,1.78
"1185",NA,NA,2017,2017-06-15,NA,"TM2","outcrop",NA,NA,NA,NA,NA,NA,NA,NA,NA,NA,NA,"1.19","14.0",NA,"P","0.0","0.0",0,NA,NA,NA,"Y","1a 2b",NA,NA,NA,NA,"trying to bud again",1.19
"1186",NA,NA,2017,2017-06-15,NA,"TM2","outcrop",NA,NA,NA,NA,NA,NA,"56.0",NA,NA,NA,NA,"2.34","27.4",NA,"P","0.0","2.0",1,NA,NA,NA,"Y","2b 3b",NA,NA,NA,NA,"trying to bud again",2.34
"1187",NA,NA,2017,2017-06-15,NA,"TM2","outcrop",NA,NA,NA,NA,NA,NA,NA,NA,NA,NA,NA,"1.8","19.8",NA,"S","0.0","1.0",5.3,NA,NA,NA,"N","none",NA,NA,NA,NA,NA,1.8
"1188",NA,NA,2017,2017-06-15,NA,"TM2","outcrop",NA,NA,NA,NA,NA,NA,NA,NA,NA,NA,NA,"1.45","20.0",NA,"P","0.0","0.0",0,NA,NA,NA,"Y","1a",NA,NA,NA,NA,"trying to bud again",1.45
"1189",NA,NA,2017,2017-06-15,NA,"TM2","outcrop",NA,NA,NA,NA,NA,NA,"57.0",NA,NA,NA,NA,"2.2","33.5",NA,"S","0.0","4.0",5.6,NA,NA,NA,"Y","3a",NA,NA,NA,NA,NA,2.2
"1190",NA,NA,2017,2017-06-15,NA,"TM2","outcrop",NA,NA,NA,NA,NA,NA,"58.0",NA,NA,NA,NA,"2.7","35.5",NA,"P","0.0","0.0",0,NA,NA,NA,"Y","1a 2b",NA,NA,NA,NA,"almost flowering again",2.7
"1191",NA,NA,2017,2017-06-15,NA,"TM2","outcrop",NA,NA,NA,NA,NA,NA,"59.0",NA,NA,NA,NA,"2.47","33.1",NA,"P","0.0","5.0",7,NA,NA,NA,"Y","1b 2b 3a",NA,NA,NA,NA,NA,2.47
"1192",NA,NA,2017,2017-06-15,NA,"TM2","outcrop",NA,NA,NA,NA,NA,NA,"60.0",NA,NA,NA,NA,"2.05","34.5",NA,"S","0.0","12.0",6.5,NA,NA,NA,"Y","3a",NA,NA,NA,NA,NA,2.05
"1193",NA,NA,2017,2017-06-15,NA,"TM2","outcrop",NA,NA,NA,NA,NA,NA,"61.0",NA,NA,NA,NA,"3.24","24.4",NA,"P","0.0","0.0",0,NA,NA,NA,"Y","2b 1a",NA,NA,NA,NA,"trying to bud again",3.24
"1194",NA,NA,2017,2017-06-15,NA,"TM2","outcrop",NA,NA,NA,NA,NA,NA,"62.0",NA,NA,NA,NA,"2.51","13.3",NA,"P","0.0","0.0",0,NA,NA,NA,"Y","1b 2b",NA,NA,NA,NA,"trying to bud again",2.51
"1195",NA,NA,2017,2017-06-15,NA,"TM2","outcrop",NA,NA,NA,NA,NA,NA,NA,NA,NA,NA,NA,"1.99","9.5",NA,"P","0.0","0.0",0,NA,NA,NA,"Y","1b 2b",NA,NA,NA,NA,"trying to bud again",1.99
"1196",NA,NA,2017,2017-06-15,NA,"TM2","outcrop",NA,NA,NA,NA,NA,NA,"63.0",NA,NA,NA,NA,"2.24","28.5",NA,"S","0.0","9.0",7,NA,NA,NA,"N","none",NA,NA,NA,NA,NA,2.24
"1197",NA,NA,2017,2017-06-15,NA,"TM2","outcrop",NA,NA,NA,NA,NA,NA,"64.0",NA,NA,NA,NA,"2.22","36.0",NA,"S","0.0","10.0",5.6,NA,NA,NA,"Y","3a",NA,NA,NA,NA,NA,2.22
"1198",NA,NA,2017,2017-06-15,NA,"TM2","outcrop",NA,NA,NA,NA,NA,NA,NA,NA,NA,NA,NA,"1.79","30.5",NA,"P","0.0","1.0",5.5,NA,NA,NA,"Y","3a",NA,NA,NA,NA,NA,1.79
"1199",NA,NA,2017,2017-06-15,NA,"TM2","outcrop",NA,NA,NA,NA,NA,NA,"65.0",NA,NA,NA,NA,"2.61","34.5",NA,"P","0.0","3.0",10.2,NA,NA,NA,"Y","3a",NA,NA,NA,NA,NA,2.61
"1200",NA,NA,2017,2017-06-15,NA,"TM2","outcrop",NA,NA,NA,NA,NA,NA,"66.0",NA,NA,NA,NA,"2.92","34.0",NA,"P","0.0","1.0",2.7,NA,NA,NA,"Y","2b 3a",NA,NA,NA,NA,NA,2.92
"1201",NA,NA,2017,2017-06-15,NA,"TM2","outcrop",NA,NA,NA,NA,NA,NA,NA,NA,NA,NA,NA,"1.88","32.0",NA,"P","0.0","3.0",6.9,NA,NA,NA,"N","none",NA,NA,NA,NA,NA,1.88
"1202",NA,NA,2017,2017-06-15,NA,"TM2","outcrop",NA,NA,NA,NA,NA,NA,"67.0",NA,NA,NA,NA,"2.33","47.6",NA,"S","0.0","8.0",6.8,NA,NA,NA,"Y","3a",NA,NA,NA,NA,NA,2.33
"1203",NA,NA,2017,2017-06-15,NA,"TM2","outcrop",NA,NA,NA,NA,NA,NA,"69.0",NA,NA,NA,NA,"1.69","10.5",NA,"V","0.0","0.0",0,NA,NA,NA,"Y","1a",NA,NA,NA,NA,NA,1.69
"1204",NA,NA,2017,2017-06-15,NA,"TM2","outcrop",NA,NA,NA,NA,NA,NA,"68.0",NA,NA,NA,NA,"3.21","33.3",NA,"P","0.0","2.0",2.6,NA,NA,NA,"Y","3a",NA,NA,NA,NA,"trying to bud again",3.21
"1205",NA,NA,2017,2017-06-15,NA,"TM2","outcrop",NA,NA,NA,NA,NA,NA,"71.0",NA,NA,NA,NA,"2.51","30.7",NA,"F","2.0","7.0",6.6,NA,NA,NA,"Y","2b 3a",NA,NA,NA,NA,NA,2.51
"1206",NA,NA,2017,2017-06-15,NA,"TM2","outcrop",NA,NA,NA,NA,NA,NA,"70.0",NA,NA,NA,NA,"2.13","27.0",NA,"P","0.0","3.0",3.6,NA,NA,NA,"Y","2b 1a 3a",NA,NA,NA,NA,NA,2.13
"1207",NA,NA,2017,2017-06-15,NA,"TM2","outcrop",NA,NA,NA,NA,NA,NA,"72.0",NA,NA,NA,NA,"2.76","44.0",NA,"S","0.0","18.0",9.3,NA,NA,NA,"Y","3a",NA,NA,NA,NA,NA,2.76
"1208",NA,NA,2017,2017-06-15,NA,"TM2","outcrop",NA,NA,NA,NA,NA,NA,"73.0",NA,NA,NA,NA,"2.29","30.6",NA,"F","1.0","4.0",7.1,NA,NA,NA,"Y","1a 3a",NA,NA,NA,NA,NA,2.29
"1209",NA,NA,2017,2017-06-15,NA,"TM2","outcrop",NA,NA,NA,NA,NA,NA,"74.0",NA,NA,NA,NA,"2.03","27.0",NA,"P","0.0","6.0",6.8,NA,NA,NA,"Y","1a 3a",NA,NA,NA,NA,"trying to bud again",2.03
"1210",NA,NA,2017,2017-06-15,NA,"TM2","outcrop",NA,NA,NA,NA,NA,NA,"75.0",NA,NA,NA,NA,"2.33","29.5",NA,"S","0.0","5.0",8.4,NA,NA,NA,"Y","3a",NA,NA,NA,NA,NA,2.33
"1211",NA,NA,2017,2017-05-31,NA,"TM2","upper","1.0",NA,NA,NA,"red",NA,NA,NA,NA,NA,NA,"1.0","18.0",NA,"SX",NA,"2.0",3.7,NA,NA,NA,"Y","2b",NA,NA,NA,NA,NA,1
"1212",NA,NA,2017,2017-05-31,NA,"TM2","upper","1.0",NA,NA,NA,"red",NA,NA,NA,NA,NA,NA,"<1","4.6",NA,"X",NA,"0.0",NA,NA,NA,NA,"Y",NA,NA,NA,NA,NA,"no plant",0.5
"1213",NA,NA,2017,2017-05-31,NA,"TM2","upper","1.5",NA,NA,NA,"orange",NA,NA,NA,NA,NA,NA,NA,NA,NA,"X",NA,NA,NA,NA,NA,NA,NA,"2b",NA,NA,NA,NA,"budding last time",NA
"1214",NA,NA,2017,2017-05-31,NA,"TM2","upper","1.5",NA,NA,NA,"orange",NA,NA,NA,NA,NA,NA,"<1",NA,NA,"X",NA,NA,NA,NA,NA,NA,"Y","2b",NA,NA,NA,NA,NA,0.5
"1215",NA,NA,2017,2017-05-31,NA,"TM2","upper","1.5",NA,NA,NA,"red",NA,NA,NA,NA,NA,NA,"<1",NA,NA,"X",NA,NA,NA,NA,NA,NA,"Y","2b",NA,NA,NA,NA,NA,0.5
"1216",NA,NA,2017,2017-05-31,NA,"TM2","upper","1.5",NA,NA,NA,"red",NA,NA,NA,NA,NA,NA,"<1",NA,NA,"X",NA,NA,NA,NA,NA,NA,"Y","2b",NA,NA,NA,NA,NA,0.5
"1217",NA,NA,2017,2017-05-31,NA,"TM2","upper","1.5",NA,NA,NA,"red",NA,NA,NA,NA,NA,NA,"<1",NA,NA,"X",NA,NA,NA,NA,NA,NA,"Y","2b",NA,NA,NA,NA,NA,0.5
"1218",NA,NA,2017,2017-05-31,NA,"TM2","upper","1.5",NA,NA,NA,"red",NA,NA,NA,NA,NA,NA,"<1",NA,NA,"X",NA,NA,NA,NA,NA,NA,"Y","2b",NA,NA,NA,NA,NA,0.5
"1219",NA,NA,2017,2017-05-31,NA,"TM2","upper","1.5",NA,NA,NA,"red",NA,NA,NA,NA,NA,NA,"<1",NA,NA,"X",NA,NA,NA,NA,NA,NA,"Y","2b",NA,NA,NA,NA,NA,0.5
"1220",NA,NA,2017,2017-05-31,NA,"TM2","upper","1.5",NA,NA,NA,"red",NA,NA,NA,NA,NA,NA,"<1",NA,NA,"X",NA,NA,NA,NA,NA,NA,"Y","2b",NA,NA,NA,NA,NA,0.5
"1221",NA,NA,2017,2017-05-31,NA,"TM2","upper","1.5",NA,NA,NA,"red",NA,NA,NA,NA,NA,NA,"<1",NA,NA,"X",NA,NA,NA,NA,NA,NA,"Y","2b",NA,NA,NA,NA,NA,0.5
"1222",NA,NA,2017,2017-05-31,NA,"TM2","upper","1.5",NA,NA,NA,"red",NA,NA,NA,NA,NA,NA,"<1",NA,NA,"X",NA,NA,NA,NA,NA,NA,"Y","2b",NA,NA,NA,NA,NA,0.5
"1223",NA,NA,2017,2017-05-31,NA,"TM2","upper","1.5",NA,NA,NA,"red",NA,NA,NA,NA,NA,NA,"<1",NA,NA,"X",NA,NA,NA,NA,NA,NA,"Y","2b",NA,NA,NA,NA,NA,0.5
"1224",NA,NA,2017,2017-05-31,NA,"TM2","upper","1.5",NA,NA,NA,"red",NA,NA,NA,NA,NA,NA,"<1",NA,NA,"X",NA,NA,NA,NA,NA,NA,"Y","2b",NA,NA,NA,NA,NA,0.5
"1225",NA,NA,2017,2017-05-31,NA,"TM2","upper","1.5",NA,NA,NA,"red",NA,NA,NA,NA,NA,NA,"<1",NA,NA,"X",NA,NA,NA,NA,NA,NA,"Y","3a",NA,NA,NA,NA,NA,0.5
"1226",NA,NA,2017,2017-05-31,NA,"TM2","upper","2.0",NA,NA,NA,"red",NA,NA,NA,NA,NA,NA,"1.0","21.3",NA,"P",NA,"2.0",4.5,NA,NA,NA,"Y","3a",NA,NA,NA,NA,NA,1
"1227",NA,NA,2017,2017-05-31,NA,"TM2","upper","2.0",NA,NA,NA,"red",NA,NA,NA,NA,NA,NA,"<1","11.9",NA,"SX",NA,"1.0",2,NA,NA,NA,"Y","3a",NA,NA,NA,NA,NA,0.5
"1228",NA,NA,2017,2017-05-31,NA,"TM2","upper","2.0",NA,NA,NA,"red",NA,NA,NA,NA,NA,NA,"<1","13.0",NA,"SX",NA,"1.0",1.7,NA,NA,NA,"Y","3a",NA,NA,NA,NA,NA,0.5
"1229",NA,NA,2017,2017-05-31,NA,"TM2","upper","2.0",NA,NA,NA,"red",NA,NA,NA,NA,NA,NA,"<1","15.9",NA,"SX",NA,"1.0",2.2,NA,NA,NA,"Y","3b",NA,NA,NA,NA,NA,0.5
"1230",NA,NA,2017,2017-05-31,NA,"TM2","upper","2.0",NA,NA,NA,"red",NA,NA,NA,NA,NA,NA,"1.0","19.6",NA,"SX",NA,"2.0",3,NA,NA,NA,"Y",NA,NA,NA,NA,NA,"p before",1
"1231",NA,NA,2017,2017-05-31,NA,"TM2","upper","2.0",NA,NA,NA,"red",NA,NA,NA,NA,NA,NA,"<1",NA,NA,"X",NA,NA,NA,NA,NA,NA,NA,NA,NA,NA,NA,NA,"b before",0.5
"1232",NA,NA,2017,2017-05-31,NA,"TM2","upper","2.5",NA,NA,NA,"red",NA,NA,NA,NA,NA,NA,"<1",NA,NA,"X",NA,NA,NA,NA,NA,NA,NA,NA,NA,NA,NA,NA,NA,0.5
"1233",NA,NA,2017,2017-05-31,NA,"TM2","upper","2.5",NA,NA,NA,"orange",NA,NA,NA,NA,NA,NA,"1.0",NA,NA,"X",NA,NA,NA,NA,NA,NA,NA,"2b",NA,NA,NA,NA,NA,1
"1234",NA,NA,2017,2017-05-31,NA,"TM2","upper","2.5",NA,NA,NA,"orange",NA,NA,NA,NA,NA,NA,"<1",NA,NA,"X",NA,NA,NA,NA,NA,NA,"Y",NA,NA,NA,NA,NA,NA,0.5
"1235",NA,NA,2017,2017-05-31,NA,"TM2","upper","2.5",NA,NA,NA,"orange",NA,NA,NA,NA,NA,NA,"1.0","17.8",NA,"P",NA,"1.0",3.5,NA,NA,NA,NA,"2b",NA,NA,NA,NA,NA,1
"1236",NA,NA,2017,2017-05-31,NA,"TM2","upper","2.5",NA,NA,NA,"red",NA,NA,NA,NA,NA,NA,"<1",NA,NA,"X",NA,NA,NA,NA,NA,NA,"Y",NA,NA,NA,NA,NA,NA,0.5
"1237",NA,NA,2017,2017-05-31,NA,"TM2","upper","2.5",NA,NA,NA,"red",NA,NA,NA,NA,NA,NA,"<1",NA,NA,"X",NA,NA,NA,NA,NA,NA,NA,"3a",NA,NA,NA,NA,NA,0.5
"1238",NA,NA,2017,2017-05-31,NA,"TM2","upper","2.5",NA,NA,NA,"red",NA,NA,NA,NA,NA,NA,"<1","13.7",NA,"P",NA,"1.0",3.5,NA,NA,NA,"Y",NA,NA,NA,NA,NA,NA,0.5
"1239",NA,NA,2017,2017-05-31,NA,"TM2","upper","2.5",NA,NA,NA,"red",NA,NA,NA,NA,NA,NA,"<1","10.5",NA,"SX","0.0","1.0",3.6,NA,NA,NA,NA,"2b",NA,NA,NA,NA,NA,0.5
"1240",NA,NA,2017,2017-05-31,NA,"TM2","upper","3.0",NA,NA,NA,"orange",NA,NA,NA,NA,NA,NA,"<1",NA,NA,"X",NA,NA,NA,NA,NA,NA,"Y","3b",NA,NA,NA,NA,"1 aborted silique",0.5
"1241",NA,NA,2017,2017-05-31,NA,"TM2","upper","3.0",NA,NA,NA,"orange",NA,NA,NA,NA,NA,NA,"<1","7.6",NA,"X",NA,NA,NA,NA,NA,NA,"Y","2b",NA,NA,NA,NA,NA,0.5
"1242",NA,NA,2017,2017-05-31,NA,"TM2","upper","3.0",NA,NA,NA,"red",NA,NA,NA,NA,NA,NA,"<1",NA,NA,"X",NA,NA,NA,NA,NA,NA,"Y","2b",NA,NA,NA,NA,NA,0.5
"1243",NA,NA,2017,2017-05-31,NA,"TM2","upper","3.0",NA,NA,NA,"red",NA,NA,NA,NA,NA,NA,"<1",NA,NA,"X",NA,NA,NA,NA,NA,NA,"Y","3a",NA,NA,NA,NA,NA,0.5
"1244",NA,NA,2017,2017-05-31,NA,"TM2","upper","3.0",NA,NA,NA,"red",NA,NA,NA,NA,NA,NA,"<1","12.9",NA,"SX","0.0","1.0",1.3,NA,NA,NA,"Y","3a",NA,NA,NA,NA,NA,0.5
"1245",NA,NA,2017,2017-05-31,NA,"TM2","upper","3.5",NA,NA,NA,"red",NA,NA,NA,NA,NA,NA,"1.0","16.0",NA,"SX","0.0","1.0",3.9,NA,NA,NA,"Y","2b",NA,NA,NA,NA,NA,1
"1246",NA,NA,2017,2017-05-31,NA,"TM2","upper","3.5",NA,NA,NA,"red",NA,NA,NA,NA,NA,NA,"1.0",NA,NA,"X",NA,NA,NA,NA,NA,NA,"Y","2b",NA,NA,NA,NA,"bud before",1
"1247",NA,NA,2017,2017-05-31,NA,"TM2","upper","3.5",NA,NA,NA,"red",NA,NA,NA,NA,NA,NA,"1.0",NA,NA,"X",NA,NA,NA,NA,NA,NA,"Y",NA,NA,NA,NA,NA,"missing plant",1
"1248",NA,NA,2017,2017-05-31,NA,"TM2","upper","3.5",NA,NA,NA,"red",NA,NA,NA,NA,NA,NA,NA,NA,NA,"X",NA,NA,NA,NA,NA,NA,NA,"2b",NA,NA,NA,NA,NA,NA
"1249",NA,NA,2017,2017-05-31,NA,"TM2","upper","4.0",NA,NA,NA,"yellow",NA,NA,NA,NA,NA,NA,"<1",NA,NA,"X",NA,NA,NA,NA,NA,NA,"Y","2b",NA,NA,NA,NA,NA,0.5
"1250",NA,NA,2017,2017-05-31,NA,"TM2","upper","4.0",NA,NA,NA,"orange",NA,NA,NA,NA,NA,NA,"<1",NA,NA,"X",NA,NA,NA,NA,NA,NA,"Y","3b",NA,NA,NA,NA,NA,0.5
"1251",NA,NA,2017,2017-05-31,NA,"TM2","upper","4.0",NA,NA,NA,"orange",NA,NA,NA,NA,NA,NA,"<1","9.1",NA,"SX","0.0","1.0",2.5,NA,NA,NA,"Y","2b",NA,NA,NA,NA,NA,0.5
"1252",NA,NA,2017,2017-05-31,NA,"TM2","upper","4.0",NA,NA,NA,"red",NA,NA,NA,NA,NA,NA,"<1",NA,NA,"X",NA,NA,NA,NA,NA,NA,"Y","2b",NA,NA,NA,NA,NA,0.5
"1253",NA,NA,2017,2017-05-31,NA,"TM2","upper","4.0",NA,NA,NA,"red",NA,NA,NA,NA,NA,NA,"<1",NA,NA,"X",NA,NA,NA,NA,NA,NA,"Y","2b",NA,NA,NA,NA,NA,0.5
"1254",NA,NA,2017,2017-05-31,NA,"TM2","upper","4.0",NA,NA,NA,"red",NA,NA,NA,NA,NA,NA,"<1",NA,NA,"X",NA,NA,NA,NA,NA,NA,"Y","2b",NA,NA,NA,NA,NA,0.5
"1255",NA,NA,2017,2017-05-31,NA,"TM2","upper","4.0",NA,NA,NA,"red",NA,NA,NA,NA,NA,NA,"<1",NA,NA,"X",NA,NA,NA,NA,NA,NA,"Y","2b",NA,NA,NA,NA,NA,0.5
"1256",NA,NA,2017,2017-05-31,NA,"TM2","upper","4.0",NA,NA,NA,"red",NA,NA,NA,NA,NA,NA,"1.0",NA,NA,"X",NA,NA,NA,NA,NA,NA,"Y","3a",NA,NA,NA,NA,NA,1
"1257",NA,NA,2017,2017-05-31,NA,"TM2","upper","4.0",NA,NA,NA,"red",NA,NA,NA,NA,NA,NA,"1.5","24.4",NA,"P","0.0","4.0",6,NA,NA,NA,"Y","2b",NA,NA,NA,NA,NA,1.5
"1258",NA,NA,2017,2017-05-31,NA,"TM2","upper","4.5",NA,NA,NA,"orange",NA,NA,NA,NA,NA,NA,"<1",NA,NA,"X",NA,NA,NA,NA,NA,NA,"Y","3b",NA,NA,NA,NA,NA,0.5
"1259",NA,NA,2017,2017-05-31,NA,"TM2","upper","4.5",NA,NA,NA,"orange",NA,NA,NA,NA,NA,NA,"<1","9.2",NA,"SX","0.0","1.0",0.5,NA,NA,NA,"Y","3b",NA,NA,NA,NA,NA,0.5
"1260",NA,NA,2017,2017-05-31,NA,"TM2","upper","4.5",NA,NA,NA,"red",NA,NA,NA,NA,NA,NA,"1.0","11.5",NA,"SX","0.0","1.0",1.1,NA,NA,NA,"Y","3b",NA,NA,NA,NA,NA,1
"1261",NA,NA,2017,2017-05-31,NA,"TM2","upper","4.5",NA,NA,NA,"red",NA,NA,NA,NA,NA,NA,"<1","10.2",NA,"SX","0.0","1.0",2,NA,NA,NA,"Y",NA,NA,NA,NA,NA,"1 aborted silique",0.5
"1262",NA,NA,2017,2017-05-31,NA,"TM2","upper","4.5",NA,NA,NA,"red",NA,NA,NA,NA,NA,NA,"<1",NA,NA,"X",NA,NA,NA,NA,NA,NA,NA,"2b",NA,NA,NA,NA,NA,0.5
"1263",NA,NA,2017,2017-05-31,NA,"TM2","upper","4.5",NA,NA,NA,"red",NA,NA,NA,NA,NA,NA,"<1",NA,NA,"X",NA,NA,NA,NA,NA,NA,"Y",NA,NA,NA,NA,NA,"1 aborted silique",0.5
"1264",NA,NA,2017,2017-05-31,NA,"TM2","upper","4.5",NA,NA,NA,"red",NA,NA,NA,NA,NA,NA,"<1",NA,NA,"X",NA,NA,NA,NA,NA,NA,NA,NA,NA,NA,NA,NA,NA,0.5
"1265",NA,NA,2017,2017-05-31,NA,"TM2","upper","4.5",NA,NA,NA,"red",NA,NA,NA,NA,NA,NA,"<1","9.6",NA,"SX","0.0","1.0",1.4,NA,NA,NA,NA,"2b",NA,NA,NA,NA,NA,0.5
"1266",NA,NA,2017,2017-05-31,NA,"TM2","upper","4.5",NA,NA,NA,"red",NA,NA,NA,NA,NA,NA,"<1",NA,NA,"X",NA,NA,NA,NA,NA,NA,"Y","2b",NA,NA,NA,NA,NA,0.5
"1267",NA,NA,2017,2017-06-01,NA,"TM2","upper","4.5",NA,NA,NA,"red",NA,NA,NA,NA,NA,NA,"<1",NA,NA,"X",NA,NA,NA,NA,NA,NA,"Y",NA,NA,NA,NA,NA,NA,0.5
"1268",NA,NA,2018,2018-05-30,"Annie, Jenny, Eva","TM2","upper","0.5",NA,NA,NA,NA,NA,NA,NA,NA,NA,NA,NA,NA,NA,"X",NA,NA,NA,NA,NA,NA,NA,NA,NA,NA,NA,NA,NA,NA
"1269",NA,NA,2018,2018-05-30,"Annie, Jenny, Eva","TM2","upper","1.0",NA,NA,NA,"red","white",NA,NA,NA,NA,NA,"~1","17.1",NA,"P","0.0","2.0",4.3,NA,NA,NA,"*",NA,NA,NA,NA,NA,"*may have herb damage",0.5
"1270",NA,NA,2018,2018-05-30,"Annie, Jenny, Eva","TM2","upper","1.0",NA,NA,NA,"red",NA,NA,NA,NA,NA,NA,NA,NA,NA,"X",NA,NA,NA,NA,NA,NA,NA,NA,NA,NA,NA,NA,NA,NA
"1271",NA,NA,2018,2018-05-30,"Annie, Jenny, Eva","TM2","upper","1.0",NA,NA,NA,"red",NA,NA,NA,NA,NA,NA,NA,NA,NA,"X",NA,NA,NA,NA,NA,NA,NA,NA,NA,NA,NA,NA,NA,NA
"1272",NA,NA,2018,2018-05-30,"Annie, Jenny, Eva","TM2","upper","1.0",NA,NA,NA,"red","blue",NA,NA,NA,NA,NA,"<1","10.0",NA,"P","0.0","1.0",1.8,NA,NA,NA,"yes",NA,NA,NA,NA,NA,NA,0.5
"1273",NA,NA,2018,2018-05-30,"Annie, Jenny, Eva","TM2","upper","1.0",NA,NA,NA,"red","blue",NA,NA,NA,NA,NA,"<1","6.3",NA,"P","0.0","1.0",0.9,NA,NA,NA,"yes",NA,NA,NA,NA,NA,"silique still developing",0.5
"1274",NA,NA,2018,2018-05-30,"Annie, Jenny, Eva","TM2","upper","1.5",NA,NA,NA,"red",NA,NA,NA,NA,NA,NA,NA,NA,NA,"X",NA,NA,NA,NA,NA,NA,NA,NA,NA,NA,NA,NA,NA,NA
"1275",NA,NA,2018,2018-05-30,"Annie, Jenny, Eva","TM2","upper","1.5",NA,NA,NA,"red",NA,NA,NA,NA,NA,NA,NA,NA,NA,"X",NA,NA,NA,NA,NA,NA,NA,NA,NA,NA,NA,NA,NA,NA
"1276",NA,NA,2018,2018-05-30,"Annie, Jenny, Eva","TM2","upper","1.5",NA,NA,NA,"red",NA,NA,NA,NA,NA,NA,NA,NA,NA,"X",NA,NA,NA,NA,NA,NA,NA,NA,NA,NA,NA,NA,NA,NA
"1277",NA,NA,2018,2018-05-30,"Annie, Jenny, Eva","TM2","upper","1.5",NA,NA,NA,"red","blue",NA,NA,NA,NA,NA,"<1","9.5",NA,"P","0.0","1.0",2.4,NA,NA,NA,"no",NA,NA,NA,NA,NA,NA,0.5
"1278",NA,NA,2018,2018-05-30,"Annie, Jenny, Eva","TM2","upper","1.5",NA,NA,NA,"pink","white",NA,NA,NA,NA,NA,"1.15","15.1",NA,"P","0.0","2.0",4.1,NA,NA,NA,"no",NA,NA,NA,NA,NA,NA,1.15
"1279",NA,NA,2018,2018-05-30,"Annie, Jenny, Eva","TM2","upper","2.0",NA,NA,NA,"red","blue",NA,NA,NA,NA,NA,NA,NA,NA,"X",NA,NA,NA,NA,NA,NA,"no",NA,NA,NA,NA,NA,NA,NA
"1280",NA,NA,2018,2018-05-30,"Annie, Jenny, Eva","TM2","upper","2.0",NA,NA,NA,"red",NA,NA,NA,NA,NA,NA,NA,NA,NA,"X",NA,NA,NA,NA,NA,NA,"no",NA,NA,NA,NA,NA,NA,NA
"1281",NA,NA,2018,2018-05-30,"Annie, Jenny, Eva","TM2","upper","2.5",NA,NA,NA,"ylw","blue",NA,NA,NA,NA,NA,"<1","9.8",NA,"F","1.0","1.0",0.5,NA,NA,NA,"no",NA,NA,NA,NA,NA,"also 1 bud",0.5
"1282",NA,NA,2018,2018-05-30,"Annie, Jenny, Eva","TM2","upper","2.5",NA,NA,NA,"ylw",NA,NA,NA,NA,NA,NA,"<1","1.5",NA,"V",NA,NA,NA,NA,NA,NA,"no",NA,NA,NA,NA,NA,NA,0.5
"1283",NA,NA,2018,2018-05-30,"Annie, Jenny, Eva","TM2","upper","2.0",NA,NA,NA,"ylw","white",NA,NA,NA,NA,NA,"<1","8.1",NA,"F","0.0","1.0",1,NA,NA,NA,"yes",NA,NA,NA,NA,NA,NA,0.5
"1284",NA,NA,2018,2018-05-30,"Annie, Jenny, Eva","TM2","upper","2.0",NA,NA,NA,"blue","white",NA,NA,NA,NA,NA,"<1","10.5",NA,"P","0.0","1.0",3,NA,NA,NA,"no",NA,NA,NA,NA,NA,NA,0.5
"1285",NA,NA,2018,2018-05-30,"Annie, Jenny, Eva","TM2","upper","2.5",NA,NA,NA,"red",NA,NA,NA,NA,NA,NA,"1.5","25.5",NA,"P","0.0","4.0",5.9,NA,NA,NA,"no",NA,NA,NA,NA,NA,NA,1.5
"1286",NA,NA,2018,2018-05-30,"Annie, Jenny, Eva","TM2","upper","2.0",NA,NA,NA,"red",NA,NA,NA,NA,NA,NA,NA,NA,NA,"X",NA,NA,NA,NA,NA,NA,NA,NA,NA,NA,NA,NA,"right on border",NA
"1287",NA,NA,2018,2018-05-30,"Annie, Jenny, Eva","TM2","upper","2.0",NA,NA,NA,"ylw",NA,NA,NA,NA,NA,NA,"<1","3.5",NA,"V","0.0","0.0",NA,NA,NA,NA,"yes",NA,NA,NA,NA,NA,NA,0.5
"1288",NA,NA,2018,2018-05-30,"Annie, Jenny, Eva","TM2","upper","3.0",NA,NA,NA,"red",NA,NA,NA,NA,NA,NA,"<1","4.9",NA,"V*",NA,NA,NA,NA,NA,NA,NA,NA,NA,NA,NA,NA,"*dying",0.5
"1289",NA,NA,2018,2018-05-30,"Annie, Jenny, Eva","TM2","upper","3.5",NA,NA,NA,"red",NA,NA,NA,NA,NA,NA,"<1","14.0",NA,"P","0.0","1.0",2.7,NA,NA,NA,NA,NA,NA,NA,NA,NA,NA,0.5
"1290",NA,NA,2018,2018-05-30,"Annie, Jenny, Eva","TM2","upper","3.5",NA,NA,NA,"red",NA,NA,NA,NA,NA,NA,NA,NA,NA,"X",NA,NA,NA,NA,NA,NA,NA,NA,NA,NA,NA,NA,NA,NA
"1291",NA,NA,2018,2018-05-30,"Annie, Jenny, Eva","TM2","upper","3.5",NA,NA,NA,"ylw",NA,NA,NA,NA,NA,NA,"<1","1.7",NA,"V","0.0","0.0",0,NA,NA,NA,"no",NA,NA,NA,NA,NA,NA,0.5
"1292",NA,NA,2018,2018-05-30,"Annie, Jenny, Eva","TM2","upper","3.5",NA,NA,NA,"red","white",NA,NA,NA,NA,NA,"<1","6.4",NA,"X","0.0","0.0",NA,NA,NA,NA,"no",NA,NA,NA,NA,NA,"must've flowered but nothing left",0.5
"1293",NA,NA,2018,2018-05-30,"Annie, Jenny, Eva","TM2","upper","3.5",NA,NA,NA,"blue",NA,NA,NA,NA,NA,NA,"<1","7.6",NA,"P","0.0","1.0",2.2,NA,NA,NA,"no",NA,NA,NA,NA,NA,NA,0.5
"1294",NA,NA,2018,2018-05-30,"Annie, Jenny, Eva","TM2","upper","4.5",NA,NA,NA,"red",NA,NA,NA,NA,NA,NA,"<1","3.0",NA,"V*",NA,NA,NA,NA,NA,NA,NA,NA,NA,NA,NA,NA,"*dying",0.5
"1295",NA,NA,2018,2018-05-30,"Annie, Jenny, Eva","TM2","upper","5.0",NA,NA,NA,"*","*",NA,NA,NA,NA,NA,"<1","6.5",NA,"P","0.0","1.0",1.7,NA,NA,NA,"no",NA,NA,NA,NA,NA,"*unmarked",0.5
"1296",NA,NA,2018,2018-05-30,"Annie, Jenny, Eva","TM2","upper","5.0",NA,NA,NA,"red","white",NA,NA,NA,NA,NA,"<1","10.5",NA,"P","0.0","1.0",2.4,NA,NA,NA,"yes",NA,NA,NA,NA,NA,"technically ""out""",0.5
"1297",NA,NA,2018,2018-05-30,"Annie, Jenny, Eva","TM2","upper","5.0",NA,NA,NA,"red",NA,NA,NA,NA,NA,NA,"<1","4.6",NA,"V","0.0","0.0",0,NA,NA,NA,"yes",NA,NA,NA,NA,NA,NA,0.5
"1298",NA,NA,2018,2018-05-30,"Annie, Jenny, Eva","TM2","upper","5.0",NA,NA,NA,"red","white",NA,NA,NA,NA,NA,"~1","19.1",NA,"P","0.0","2.0",6.5,NA,NA,NA,"no",NA,NA,NA,NA,NA,"technically ""out""",0.5
"1299",NA,NA,2018,2018-05-30,"Annie, Jenny, Eva","TM2","upper","5.0",NA,NA,NA,"red","blue",NA,NA,NA,NA,NA,NA,NA,NA,"X",NA,NA,NA,NA,NA,NA,NA,NA,NA,NA,NA,NA,NA,NA
"1300",NA,NA,2018,2018-05-30,"Annie, Jenny, Eva","TM2","upper","5.0",NA,NA,NA,"red",NA,NA,NA,NA,NA,NA,"<1","6.7",NA,"F","1*","0.0",NA,NA,NA,NA,"no",NA,NA,NA,NA,NA,"*dried up",0.5
"1301",NA,NA,2018,2018-05-30,"Annie, Jenny, Eva","TM2","upper","5.0",NA,NA,NA,"red",NA,NA,NA,NA,NA,NA,NA,NA,NA,"X",NA,NA,NA,NA,NA,NA,NA,NA,NA,NA,NA,NA,NA,NA
"1302",NA,NA,2018,2018-05-30,"Annie, Jenny, Eva","TM2","upper","5.0",NA,NA,NA,"red",NA,NA,NA,NA,NA,NA,"<1","14.2",NA,"P","0.0","1.0",2.3,NA,NA,NA,"no",NA,NA,NA,NA,NA,NA,0.5
"1303",NA,NA,2018,2018-05-30,"Annie, Jenny, Eva","TM2","upper","5.0",NA,NA,NA,"red",NA,NA,NA,NA,NA,NA,"<1","10.2",NA,"P","0.0","1.0",3.6,NA,NA,NA,"no",NA,NA,NA,NA,NA,NA,0.5
"1304",NA,NA,2018,2018-05-30,"Annie, Jenny, Eva","TM2","upper","5.0",NA,NA,NA,"ylw","white",NA,NA,NA,NA,NA,"<1","15.0",NA,"P","0.0","1.0",3.4,NA,NA,NA,"no",NA,NA,NA,NA,NA,NA,0.5
"1305",NA,NA,2018,2018-05-30,"Annie, Jenny, Eva","TM2","upper","4.0",NA,NA,NA,"red",NA,NA,NA,NA,NA,NA,NA,NA,NA,"X",NA,NA,NA,NA,NA,NA,NA,NA,NA,NA,NA,NA,NA,NA
"1306",NA,NA,2018,2018-05-30,"Annie, Jenny, Eva","TM2","upper","4.0",NA,NA,NA,"red",NA,NA,NA,NA,NA,NA,NA,NA,NA,"X",NA,NA,NA,NA,NA,NA,NA,NA,NA,NA,NA,NA,NA,NA
"1307",NA,NA,2018,2018-05-30,"Annie, Jenny, Eva","TM2","upper","4.0",NA,NA,NA,"red",NA,NA,NA,NA,NA,NA,NA,NA,NA,"X",NA,NA,NA,NA,NA,NA,NA,NA,NA,NA,NA,NA,NA,NA
"1308",NA,NA,2018,2018-05-30,"Annie, Jenny, Eva","TM2","upper","4.0",NA,NA,NA,"blue","no",NA,NA,NA,NA,NA,"<1","6.8",NA,"P","0.0","1.0",1.4,NA,NA,NA,NA,NA,NA,NA,NA,NA,NA,0.5
"1309",NA,NA,2018,2018-05-30,"Annie, Jenny, Eva","TM2","upper","4.0",NA,NA,NA,"blue","no",NA,NA,NA,NA,NA,"<1","1.8",NA,"V","0.0","0.0",NA,NA,NA,NA,NA,NA,NA,NA,NA,NA,NA,0.5
"1310",NA,NA,2018,2018-05-30,"Annie, Jenny, Eva","TM2","upper","5.5",NA,NA,NA,"red",NA,NA,NA,NA,NA,NA,"<1","6.5",NA,"P","0.0","1.0",2.2,NA,NA,NA,"no",NA,NA,NA,NA,NA,NA,0.5
"1311",NA,NA,2018,2018-05-30,"Annie, Jenny, Eva","TM2","upper","5.5",NA,NA,NA,"red","white",NA,NA,NA,NA,NA,"<1","8.0",NA,"P","0.0","1.0",3,NA,NA,NA,"no",NA,NA,NA,NA,NA,NA,0.5
"1312",NA,NA,2018,2018-05-30,"Annie, Jenny, Eva","TM2","upper","5.5",NA,NA,NA,"red",NA,NA,NA,NA,NA,NA,"<1","7.3",NA,"P","0.0","1.0",2.5,NA,NA,NA,"no",NA,NA,NA,NA,NA,"might've broken",0.5
"1313",NA,NA,2018,2018-05-30,"Annie, Jenny, Eva","TM2","upper","5.5",NA,NA,NA,"red",NA,NA,NA,NA,NA,NA,NA,NA,NA,"X",NA,NA,NA,NA,NA,NA,NA,NA,NA,NA,NA,NA,NA,NA
"1314",NA,NA,2018,2018-05-30,"Annie, Jenny, Eva","TM2","upper","5.5",NA,NA,NA,"red",NA,NA,NA,NA,NA,NA,"<1","9.5",NA,"P","0.0","1.0",2.4,NA,NA,NA,"no",NA,NA,NA,NA,NA,NA,0.5
"1315",NA,NA,2018,2018-05-30,"Annie, Jenny, Eva","TM2","upper","5.5",NA,NA,NA,"red",NA,NA,NA,NA,NA,NA,"<1","3.2",NA,"V","0.0","0.0",NA,NA,NA,NA,NA,NA,NA,NA,NA,NA,NA,0.5
"1316",NA,NA,2018,2018-05-30,"Annie, Jenny, Eva","TM2","upper","5.5",NA,NA,NA,"red",NA,NA,NA,NA,NA,NA,"<1","4.5",NA,"P","0.0","1.0",1,NA,NA,NA,"no",NA,NA,NA,NA,NA,NA,0.5
"1317",NA,NA,2018,2018-05-30,"Annie, Jenny, Eva","TM2","upper","5.5",NA,NA,NA,"red","blue",NA,NA,NA,NA,NA,"<1","9.2",NA,"P","0.0","1.0",2.2,NA,NA,NA,"no",NA,NA,NA,NA,NA,NA,0.5
"1318",NA,NA,2018,2018-05-30,"Annie, Jenny, Eva","TM2","upper","5.5",NA,NA,NA,"ylw",NA,NA,NA,NA,NA,NA,"<1","4.0",NA,"F","1.0","0.0",NA,NA,NA,NA,"no",NA,NA,NA,NA,NA,NA,0.5
"1319",NA,NA,2018,2018-05-30,"Annie, Jenny, Eva","TM2","upper","5.5",NA,NA,NA,"ylw",NA,NA,NA,NA,NA,NA,NA,NA,NA,"X",NA,NA,NA,NA,NA,NA,NA,NA,NA,NA,NA,NA,NA,NA
"1320",NA,NA,2018,2018-05-30,"Annie, Jenny, Eva","TM2","upper","5.5",NA,NA,NA,"blue","blue",NA,NA,NA,NA,NA,NA,NA,NA,"X",NA,NA,NA,NA,NA,NA,NA,NA,NA,NA,NA,NA,NA,NA
"1321",NA,NA,2018,2018-05-30,"Annie, Jenny, Eva","TM2","upper","6.0",NA,NA,NA,"red","white",NA,NA,NA,40,9,"5.0","48.6",NA,"P",NA,"44.0",8.9,NA,NA,NA,"yes",NA,NA,NA,NA,NA,NA,5
"1322",NA,NA,2018,2018-05-30,"Annie, Jenny, Eva","TM2","upper","6.0",NA,NA,NA,"blue",NA,NA,NA,NA,NA,NA,NA,NA,NA,"D",NA,NA,NA,NA,NA,NA,NA,NA,NA,NA,NA,NA,NA,NA
"1323",NA,NA,2018,2018-05-30,"Annie, Jenny, Eva","TM2","upper","6.5",NA,NA,NA,"red","white",NA,NA,NA,46,14,"2.2","32.5",NA,"P",NA,"8.0",6.4,NA,NA,NA,"no",NA,NA,NA,NA,NA,NA,2.2
"1324",NA,NA,2018,2018-05-30,"Annie, Jenny, Eva","TM2","upper","6.5",NA,NA,NA,"red","red",NA,NA,NA,NA,NA,"1.8","29.1",NA,"P",NA,"3.0",6.6,NA,NA,NA,"no",NA,NA,NA,NA,NA,NA,1.8
"1325",NA,NA,2018,2018-05-30,"Annie, Jenny, Eva","TM2","upper","6.5",NA,NA,NA,"red",NA,NA,NA,NA,NA,NA,"1.2","13.2",NA,"F","1.0","1.0",3,NA,NA,NA,"no",NA,NA,NA,NA,NA,NA,1.2
"1326",NA,NA,2018,2018-05-30,"Annie, Jenny, Eva","TM2","upper","6.5",NA,NA,NA,"red",NA,NA,NA,NA,NA,NA,"<1","3.1",NA,"V",NA,NA,10.8,NA,NA,NA,"no",NA,NA,NA,NA,NA,NA,0.5
"1327",NA,NA,2018,2018-05-30,"Annie, Jenny, Eva","TM2","upper","6.5",NA,NA,NA,"red","blue",NA,NA,NA,NA,NA,"1.3","17.9",NA,"P",NA,"2.0",5.3,NA,NA,NA,"no",NA,NA,NA,NA,NA,NA,1.3
"1328",NA,NA,2018,2018-05-30,"Annie, Jenny, Eva","TM2","upper","6.5",NA,NA,NA,"grn","blue",NA,NA,NA,NA,NA,"<1","14.4",NA,"P",NA,"1.0",3.2,NA,NA,NA,"yes",NA,NA,NA,NA,NA,NA,0.5
"1329",NA,NA,2018,2018-05-30,"Annie, Jenny, Eva","TM2","upper","6.5",NA,NA,NA,"grn",NA,NA,NA,NA,NA,NA,"<1","5.2",NA,"B",NA,NA,NA,NA,NA,NA,NA,NA,NA,NA,NA,NA,NA,0.5
"1330",NA,NA,2018,2018-05-30,"Annie, Jenny, Eva","TM2","upper","7.0",NA,NA,NA,"red",NA,NA,NA,NA,NA,NA,NA,NA,NA,"D",NA,NA,NA,NA,NA,NA,NA,NA,NA,NA,NA,NA,NA,NA
"1331",NA,NA,2018,2018-05-30,"Annie, Jenny, Eva","TM2","upper","7.0",NA,NA,NA,"red","blue",NA,NA,NA,NA,NA,"1.44","19.6",NA,"P",NA,"4.0",4.9,NA,NA,NA,"no",NA,NA,NA,NA,NA,NA,1.44
"1332",NA,NA,2018,2018-05-30,"Annie, Jenny, Eva","TM2","upper","7.0",NA,NA,NA,"red",NA,NA,NA,NA,NA,NA,"<1","5.5",NA,"F","1.0",NA,NA,NA,NA,NA,"no",NA,NA,NA,NA,NA,NA,0.5
"1333",NA,NA,2018,2018-05-30,"Annie, Jenny, Eva","TM2","upper","7.0",NA,NA,NA,"red","blue",NA,NA,NA,NA,NA,"<1","15.6",NA,"P",NA,"1.0",4,NA,NA,NA,"no",NA,NA,NA,NA,NA,NA,0.5
"1334",NA,NA,2018,2018-05-30,"Annie, Jenny, Eva","TM2","upper","7.0",NA,NA,NA,"red","white",NA,NA,NA,NA,NA,"1.48","24.4",NA,"P",NA,"2.0",5.1,NA,NA,NA,"no",NA,NA,NA,NA,NA,NA,1.48
"1335",NA,NA,2018,2018-05-30,"Annie, Jenny, Eva","TM2","upper","7.0",NA,NA,NA,"red","blue",NA,NA,NA,NA,NA,"1.93","31.6",NA,"P",NA,"6.0",6.8,NA,NA,NA,"no",NA,NA,NA,NA,NA,NA,1.93
"1336",NA,NA,2018,2018-05-30,"Annie, Jenny, Eva","TM2","upper","7.0",NA,NA,NA,"red",NA,NA,NA,NA,NA,NA,"<1","5.1",NA,"B","1 bud",NA,NA,NA,NA,NA,"no",NA,NA,NA,NA,NA,NA,0.5
"1337",NA,NA,2018,2018-05-30,"Annie, Jenny, Eva","TM2","upper","7.0",NA,NA,NA,"red",NA,NA,NA,NA,NA,NA,"<1","5.0",NA,"B","1 bud",NA,NA,NA,NA,NA,"no",NA,NA,NA,NA,NA,NA,0.5
"1338",NA,NA,2018,2018-05-30,"Annie, Jenny, Eva","TM2","upper","7.0",NA,NA,NA,"red",NA,NA,NA,NA,NA,NA,"<1","1.4",NA,"V",NA,NA,NA,NA,NA,NA,"no",NA,NA,NA,NA,NA,NA,0.5
"1339",NA,NA,2018,2018-05-30,"Annie, Jenny, Eva","TM2","upper","7.0",NA,NA,NA,"red",NA,NA,NA,NA,NA,NA,"<1","2.9",NA,"V",NA,NA,NA,NA,NA,NA,"no",NA,NA,NA,NA,NA,NA,0.5
"1340",NA,NA,2018,2018-05-30,"Annie, Jenny, Eva","TM2","upper","7.0",NA,NA,NA,"red",NA,NA,NA,NA,NA,NA,"<1","3.0",NA,"V",NA,NA,NA,NA,NA,NA,"yes",NA,NA,NA,NA,NA,NA,0.5
"1341",NA,NA,2018,2018-05-30,"Annie, Jenny, Eva","TM2","upper","7.0",NA,NA,NA,"red",NA,NA,NA,NA,NA,NA,"<1","6.6",NA,"B","0.0",NA,NA,NA,NA,NA,"yes",NA,NA,NA,NA,NA,"buds eaten",0.5
"1342",NA,NA,2018,2018-05-30,"Annie, Jenny, Eva","TM2","upper","7.0",NA,NA,NA,"red",NA,NA,NA,NA,NA,NA,"<1","2.4",NA,"V",NA,NA,NA,NA,NA,NA,"no",NA,NA,NA,NA,NA,NA,0.5
"1343",NA,NA,2018,2018-05-30,"Annie, Jenny, Eva","TM2","upper","7.0",NA,NA,NA,"red",NA,NA,NA,NA,NA,NA,"<1","2.8",NA,"V",NA,NA,NA,NA,NA,NA,"yes",NA,NA,NA,NA,NA,NA,0.5
"1344",NA,NA,2018,2018-05-30,"Annie, Jenny, Eva","TM2","upper","7.0",NA,NA,NA,"red",NA,NA,NA,NA,NA,NA,"<1","2.3",NA,"V",NA,NA,NA,NA,NA,NA,"yes",NA,NA,NA,NA,NA,NA,0.5
"1345",NA,NA,2018,2018-05-30,"Annie, Jenny, Eva","TM2","upper","7.0",NA,NA,NA,"grn",NA,NA,NA,NA,NA,NA,NA,NA,NA,NA,NA,NA,NA,NA,NA,NA,NA,NA,NA,NA,NA,NA,"missing?",NA
"1346",NA,NA,2018,2018-05-30,"Annie, Jenny, Eva","TM2","upper","7.5",NA,NA,NA,"red",NA,NA,NA,NA,NA,NA,"<1","3.9",NA,"V",NA,NA,NA,NA,NA,NA,"no",NA,NA,NA,NA,NA,NA,0.5
"1347",NA,NA,2018,2018-05-30,"Annie, Jenny, Eva","TM2","upper","7.5",NA,NA,NA,"red","white",NA,NA,NA,0,19,"3.13","44.1",NA,"P",NA,"2.3",7.4,NA,NA,NA,"yes",NA,NA,NA,NA,NA,"AM damage",3.13
"1348",NA,NA,2018,2018-05-30,"Annie, Jenny, Eva","TM2","upper","7.5",NA,NA,NA,"red",NA,NA,NA,NA,NA,NA,NA,NA,NA,NA,NA,NA,NA,NA,NA,NA,NA,NA,NA,NA,NA,NA,NA,NA
"1349",NA,NA,2018,2018-05-30,"Annie, Jenny, Eva","TM2","upper","7.5",NA,NA,NA,"red",NA,NA,NA,NA,NA,NA,"<1","14.9",NA,"P",NA,"1.0",4.5,NA,NA,NA,NA,NA,NA,NA,NA,NA,NA,0.5
"1350",NA,NA,2018,2018-05-30,"Annie, Jenny, Eva","TM2","upper","7.0",NA,NA,NA,"red","blue",NA,NA,NA,NA,NA,"1.0","18.1",NA,NA,NA,"6.0",3.4,NA,NA,NA,NA,NA,NA,NA,NA,NA,NA,1
"1351",NA,NA,2018,2018-05-30,"Annie, Jenny, Eva","TM2","upper","7.5",NA,NA,NA,"red",NA,NA,NA,NA,NA,NA,"<1","2.4",NA,"V",NA,NA,NA,NA,NA,"0.4","yes",NA,NA,NA,NA,NA,"*lngst lf",0.5
"1352",NA,NA,2018,2018-05-30,"Annie, Jenny, Eva","TM2","upper","7.5",NA,NA,NA,"red","red",NA,NA,NA,NA,NA,"<1","2.7",NA,"V",NA,NA,NA,NA,NA,"0.5",NA,NA,NA,NA,NA,NA,"*lngst lf",0.5
"1353",NA,NA,2018,2018-05-30,"Annie, Jenny, Eva","TM2","upper","7.5",NA,NA,NA,"red",NA,NA,NA,NA,NA,NA,"1.0","4.5",NA,"B","1 bud",NA,NA,NA,NA,NA,"yes",NA,NA,NA,NA,NA,NA,1
"1354",NA,NA,2018,2018-05-30,"Annie, Jenny, Eva","TM2","upper","7.5",NA,NA,NA,"red",NA,NA,NA,NA,NA,NA,"1.0","4.3",NA,"B","1 bud",NA,NA,NA,NA,NA,"yes",NA,NA,NA,NA,NA,NA,1
"1355",NA,NA,2018,2018-05-30,"Annie, Jenny, Eva","TM2","upper","7.5",NA,NA,NA,"red",NA,NA,NA,NA,NA,NA,"1.0","8.5",NA,"B","0.0",NA,NA,NA,NA,NA,"yes",NA,NA,NA,NA,NA,"buds gone",1
"1356",NA,NA,2018,2018-05-30,"Annie, Jenny, Eva","TM2","upper","7.5",NA,NA,NA,"red",NA,NA,NA,NA,NA,NA,"1.0","5.2",NA,"B","0.0",NA,NA,NA,NA,NA,"yes",NA,NA,NA,NA,NA,NA,1
"1357",NA,NA,2018,2018-05-30,"Annie, Jenny, Eva","TM2","upper","7.5",NA,NA,NA,"red",NA,NA,NA,NA,27,4,"1.36","7.3",NA,"V",NA,NA,NA,NA,NA,"1.5","no",NA,NA,NA,NA,NA,"*lngst lf; mapped green band",1.36
"1358",NA,NA,2018,2018-05-30,"Annie, Jenny, Eva","TM2","upper","7.5",NA,NA,NA,"red",NA,NA,NA,NA,NA,NA,"1.0","1.9",NA,"V",NA,NA,NA,NA,NA,"1","no",NA,NA,NA,NA,NA,"*lngst lf, 2 veg branches",1
"1359",NA,NA,2018,2018-05-30,"Annie, Jenny, Eva","TM2","upper","7.5",NA,NA,NA,"red","blue",NA,NA,NA,NA,NA,"1.14","17.9",NA,"P",NA,"2.0",4.2,NA,NA,NA,"yes",NA,NA,NA,NA,NA,"AM damage",1.14
"1360",NA,NA,2018,2018-05-30,"Annie, Jenny, Eva","TM2","upper","7.5",NA,NA,NA,"red",NA,NA,NA,NA,NA,NA,"1.49","14.2",NA,"F","1.0","2.0",1.2,NA,NA,NA,"yes",NA,NA,NA,NA,NA,NA,1.49
"1361",NA,NA,2018,2018-05-30,"Annie, Jenny, Eva","TM2","upper","8.0",NA,NA,NA,"red",NA,NA,NA,NA,NA,NA,"1.3","5.8",NA,"B","3 buds",NA,NA,NA,NA,NA,"yes",NA,NA,NA,NA,NA,NA,1.3
"1362",NA,NA,2018,2018-05-30,"Annie, Jenny, Eva","TM2","upper","8.0",NA,NA,NA,"red",NA,NA,NA,NA,NA,NA,"<1","3.5",NA,"B","2 buds",NA,NA,NA,NA,NA,"no",NA,NA,NA,NA,NA,NA,0.5
"1363",NA,NA,2018,2018-05-30,"Annie, Jenny, Eva","TM2","upper","8.0",NA,NA,NA,"red","blue",NA,NA,NA,40,5,"2.3","31.2",NA,"P",NA,"6.0",6.5,NA,NA,NA,"no",NA,NA,NA,NA,NA,NA,2.3
"1364",NA,NA,2018,2018-05-30,"Annie, Jenny, Eva","TM2","upper","8.0",NA,NA,NA,"red",NA,NA,NA,NA,NA,NA,"<1","3.9",NA,"V",NA,NA,NA,NA,NA,"0.8","yes",NA,NA,NA,NA,NA,"*lngst lf",0.5
"1365",NA,NA,2018,2018-05-30,"Annie, Jenny, Eva","TM2","upper","8.0",NA,NA,NA,"red",NA,NA,NA,NA,NA,NA,"<1","3.9",NA,"V",NA,NA,NA,NA,NA,"0.6","yes",NA,NA,NA,NA,NA,"*lngst lf",0.5
"1366",NA,NA,2018,2018-05-30,"Annie, Jenny, Eva","TM2","upper","8.0",NA,NA,NA,"red","blue",NA,NA,NA,5,0,"2.2","34.6",NA,"P",NA,"3.0",8,NA,NA,NA,"blank",NA,NA,NA,NA,NA,NA,2.2
"1367",NA,NA,2018,2018-05-30,"Annie, Jenny, Eva","TM2","upper","8.0",NA,NA,NA,"ylw",NA,NA,NA,NA,NA,NA,"1.2","9.2",NA,"F","0.0","0.0",NA,NA,NA,NA,"yes",NA,NA,NA,NA,NA,NA,1.2
"1368",NA,NA,2018,2018-05-30,"Annie, Jenny, Eva","TM2","upper","7.5",NA,NA,NA,"grn",NA,NA,NA,NA,NA,NA,"<1","2.5",NA,"V",NA,NA,NA,NA,NA,"0.9","yes",NA,NA,NA,NA,NA,"*lngst lf; marked red band",0.5
"1369",NA,NA,2018,2018-05-30,"Annie, Jenny, Eva","TM2","upper","7.5",NA,NA,NA,"blue","blue",NA,NA,NA,10,19,"1.0","11.9",NA,"P",NA,"2.0",4.5,NA,NA,NA,"yes",NA,NA,NA,NA,NA,"marked red band; 1 veg branch broken; AM herb",1
"1370",NA,NA,2018,2018-05-30,"Annie, Jenny, Eva","TM2","upper","7.5",NA,NA,NA,"blue",NA,NA,NA,NA,NA,NA,"<1","4.4",NA,"V",NA,NA,NA,NA,NA,NA,"yes",NA,NA,NA,NA,NA,"marked red band",0.5
"1371",NA,NA,2018,2018-05-30,"Annie, Jenny, Eva","TM2","upper","7.5",NA,NA,NA,"blue",NA,NA,NA,NA,NA,NA,"<1","8.5",NA,"P","0.0","1.0",2.6,NA,NA,NA,NA,NA,NA,NA,NA,NA,NA,0.5
"1372",NA,NA,2018,2018-05-30,"Annie, Jenny, Eva","TM2","upper","8.0",NA,NA,NA,"red","blue",NA,NA,NA,NA,NA,"1.4","16.8",NA,"F","3.0","0.0",NA,NA,NA,NA,"yes",NA,NA,NA,NA,NA,NA,1.4
"1373",NA,NA,2018,2018-05-30,"Annie, Jenny, Eva","TM2","upper","8.0",NA,NA,NA,"red",NA,NA,NA,NA,NA,NA,"1.5","8.2",NA,"F","1.0","0.0",NA,NA,NA,NA,"yes",NA,NA,NA,NA,NA,NA,1.5
"1374",NA,NA,2018,2018-05-30,"Annie, Jenny, Eva","TM2","upper","8.0",NA,NA,NA,"red",NA,NA,NA,NA,NA,NA,"1.2","9.1",NA,"F","0.0","0.0",NA,NA,NA,NA,"yes",NA,NA,NA,NA,NA,NA,1.2
"1375",NA,NA,2018,2018-05-30,"Annie, Jenny, Eva","TM2","upper","8.0",NA,NA,NA,"red",NA,NA,NA,NA,NA,NA,"1.4","6.4",NA,"B","6 buds","0.0",NA,NA,NA,NA,"yes",NA,NA,NA,NA,NA,NA,1.4
"1376",NA,NA,2018,2018-05-30,"Annie, Jenny, Eva","TM2","upper","8.0",NA,NA,NA,"red",NA,NA,NA,NA,NA,NA,"1.2","8.5",NA,"B","1 bud","0.0",NA,NA,NA,NA,"yes",NA,NA,NA,NA,NA,NA,1.2
"1377",NA,NA,2018,2018-05-30,"Annie, Jenny, Eva","TM2","upper","8.0",NA,NA,NA,"red",NA,NA,NA,NA,NA,NA,NA,NA,NA,"D",NA,NA,NA,NA,NA,NA,NA,NA,NA,NA,NA,NA,NA,NA
"1378",NA,NA,2018,2018-05-30,"Annie, Jenny, Eva","TM2","upper","8.0",NA,NA,NA,"red",NA,NA,NA,NA,NA,NA,"<1","4.9",NA,"B","4 buds","0.0",NA,NA,NA,NA,"yes",NA,NA,NA,NA,NA,NA,0.5
"1379",NA,NA,2018,2018-05-30,"Annie, Jenny, Eva","TM2","upper","8.0",NA,NA,NA,"red",NA,NA,NA,NA,NA,NA,"<1","6.1",NA,"F","1.0","0.0",NA,NA,NA,NA,"no",NA,NA,NA,NA,NA,NA,0.5
"1380",NA,NA,2018,2018-05-30,"Annie, Jenny, Eva","TM2","upper","8.0",NA,NA,NA,"red",NA,NA,NA,NA,NA,NA,"<1","3.6",NA,"V","0.0","0.0",NA,NA,NA,"0.7","yes",NA,NA,NA,NA,NA,"*lngst lf",0.5
"1381",NA,NA,2018,2018-05-30,"Annie, Jenny, Eva","TM2","upper","8.0",NA,NA,NA,"red",NA,NA,NA,NA,NA,NA,NA,NA,NA,"D",NA,NA,NA,NA,NA,NA,NA,NA,NA,NA,NA,NA,NA,NA
"1382",NA,NA,2018,2018-05-30,"Annie, Jenny, Eva","TM2","upper","8.0",NA,NA,NA,"red",NA,NA,NA,NA,NA,NA,"1.5","5.1",NA,"F","1.0",NA,NA,NA,NA,NA,"yes",NA,NA,NA,NA,NA,NA,1.5
"1383",NA,NA,2018,2018-05-30,"Annie, Jenny, Eva","TM2","upper","8.0",NA,NA,NA,"red",NA,NA,NA,NA,NA,NA,"1.0","13.1",NA,"P","0.0","1.0",3.6,NA,NA,NA,"yes",NA,NA,NA,NA,NA,"AM damage",1
"1384",NA,NA,2018,2018-05-30,"Annie, Jenny, Eva","TM2","upper","7.5",NA,NA,NA,"red",NA,NA,NA,NA,NA,NA,"<1","3.4",NA,"B","1 bud","0.0",NA,NA,NA,NA,"yes",NA,NA,NA,NA,NA,NA,0.5
"1385",NA,NA,2018,2018-05-30,"Annie, Jenny, Eva","TM2","upper","7.5",NA,NA,NA,"red",NA,NA,NA,NA,NA,NA,"<1","9.3",NA,"F","2.0","0.0",NA,NA,NA,NA,"yes",NA,NA,NA,NA,NA,NA,0.5
"1386",NA,NA,2018,2018-05-30,"Annie, Jenny, Eva","TM2","upper","7.5",NA,NA,NA,"red",NA,NA,NA,NA,NA,NA,"1.38","9.9",NA,"B","6 buds","0.0",NA,NA,NA,NA,"yes",NA,NA,NA,NA,NA,NA,1.38
"1387",NA,NA,2018,2018-05-30,"Annie, Jenny, Eva","TM2","upper","7.5",NA,NA,NA,"red",NA,NA,NA,NA,NA,NA,"1.0","4.5",NA,"V",NA,NA,NA,NA,NA,"0.4","yes",NA,NA,NA,NA,NA,"*lngst lf",1
"1388",NA,NA,2018,2018-05-30,"Annie, Jenny, Eva","TM2","upper","7.5",NA,NA,NA,"red",NA,NA,NA,NA,NA,NA,NA,NA,NA,"D",NA,NA,NA,NA,NA,NA,NA,NA,NA,NA,NA,NA,NA,NA
"1389",NA,NA,2018,2018-05-30,"Annie, Jenny, Eva","TM2","upper","7.5",NA,NA,NA,"red",NA,NA,NA,NA,NA,NA,"1.0","5.7",NA,"V",NA,NA,NA,NA,NA,"1.1","yes",NA,NA,NA,NA,NA,"*lngst lf",1
"1390",NA,NA,2018,2018-05-30,"Annie, Jenny, Eva","TM2","upper","7.5",NA,NA,NA,"ylw","white",NA,NA,NA,NA,NA,"1.35","24.5",NA,"F","1, 1 bud","1.0",2.4,NA,NA,NA,"no",NA,NA,NA,NA,NA,NA,1.35
"1391",NA,NA,2018,2018-05-30,"Annie, Jenny, Eva","TM2","upper","8.0",NA,NA,NA,"blue",NA,NA,NA,NA,NA,NA,"1.0","15.5",NA,"P","0.0","0.0",NA,NA,NA,NA,"yes",NA,NA,NA,NA,NA,NA,1
"1392",NA,NA,2018,2018-05-30,"Annie, Jenny, Eva","TM2","upper","8.0",NA,NA,NA,"blue",NA,NA,NA,NA,NA,NA,"<1","2.8",NA,"V",NA,"0.4*",NA,NA,NA,NA,"yes",NA,NA,NA,NA,NA,"*lngst lf",0.5
"1393",NA,NA,2018,2018-05-30,"Annie, Jenny, Eva","TM2","upper","8.5",NA,NA,NA,"red","blue",NA,NA,NA,NA,NA,"1.8","22.9",NA,"P",NA,"4.0",5.4,NA,NA,NA,"no",NA,NA,NA,NA,NA,NA,1.8
"1394",NA,NA,2018,2018-05-30,"Annie, Jenny, Eva","TM2","upper","8.5",NA,NA,NA,"red","white",NA,NA,NA,7,10,"2.0","35.9",NA,"P",NA,"3.0",7.6,NA,NA,NA,"no",NA,NA,NA,NA,NA,NA,2
"1395",NA,NA,2018,2018-05-30,"Annie, Jenny, Eva","TM2","upper","9.0",NA,NA,NA,"red","blue",NA,NA,NA,30,0,"2.5","36.7",NA,"F","3.0","10.0",7.2,NA,NA,NA,"yes",NA,NA,NA,NA,NA,NA,2.5
"1396",NA,NA,2018,2018-05-30,"Annie, Jenny, Eva","TM2","upper","9.5",NA,NA,NA,"red","white",NA,NA,NA,10,0,"4.3","46.2",NA,"F","5.0","28.0",8.7,NA,NA,NA,"yes",NA,NA,NA,NA,NA,"AM damage",4.3
"1397",NA,NA,2018,2018-05-30,"Annie, Jenny, Eva","TM2","upper","9.5",NA,NA,NA,"ylw","white",NA,NA,NA,0,0,"2.26","36.9",NA,"P","0.0","6.0",6.4,NA,NA,NA,"yes",NA,NA,NA,NA,NA,NA,2.26
"1398",NA,NA,2018,2018-05-30,"Annie, Jenny, Eva","TM2","upper","10.0",NA,NA,NA,"red",NA,NA,NA,NA,NA,NA,NA,NA,NA,"D",NA,NA,NA,NA,NA,NA,NA,NA,NA,NA,NA,NA,NA,NA
"1399",NA,NA,2018,2018-05-30,"Annie, Jenny, Eva","TM2","upper","10.0",NA,NA,NA,"red",NA,NA,NA,NA,NA,NA,NA,NA,NA,"D",NA,NA,NA,NA,NA,NA,NA,NA,NA,NA,NA,NA,NA,NA
"1400",NA,NA,2018,2018-05-30,"Annie, Jenny, Eva","TM2","upper","10.0",NA,NA,NA,"red","white",NA,NA,NA,NA,NA,"1.06","18.8",NA,"P","0.0","1.0",3.3,NA,NA,NA,"no",NA,NA,NA,NA,NA,NA,1.06
"1401",NA,NA,2018,2018-05-30,"Annie, Jenny, Eva","TM2","upper","10.0",NA,NA,NA,"grn",NA,NA,NA,NA,NA,NA,"<1","3.4",NA,"V",NA,NA,NA,NA,NA,"0.6","yes",NA,NA,NA,NA,NA,"*lngst lf",0.5
"1402",NA,NA,2018,2018-05-30,"Annie, Jenny, Eva","TM2","upper","10.5",NA,NA,NA,"red",NA,NA,NA,NA,NA,NA,"1.6","5.7",NA,"V",NA,NA,NA,NA,NA,"1.1","yes",NA,NA,NA,NA,NA,"*lngst lf; AM damage, 2 br",1.6
"1403",NA,NA,2018,2018-05-30,"Annie, Jenny, Eva","TM2","upper","10.5",NA,NA,NA,"red",NA,NA,NA,NA,NA,NA,"<1","2.6",NA,"V",NA,NA,NA,NA,NA,"0.6","no",NA,NA,NA,NA,NA,"*lngst lf",0.5
"1404",NA,NA,2018,2018-05-30,"Annie, Jenny, Eva","TM2","upper","11.0",NA,NA,NA,"ylw",NA,NA,NA,NA,NA,NA,"<1","6.4",NA,"V",NA,NA,NA,NA,NA,"0.9","yes",NA,NA,NA,NA,NA,"*lngst lf",0.5
"1405",NA,NA,2018,2018-05-30,"Annie, Jenny, Eva","TM2","upper","11.5",NA,NA,NA,"red","blue",NA,NA,NA,NA,NA,"1.14","9.5",NA,"P","0.0","2.0",3.4,NA,NA,NA,"yes",NA,NA,NA,NA,NA,NA,1.14
"1406",NA,NA,2018,2018-05-30,"Annie, Jenny, Eva","TM2","upper","11.5",NA,NA,NA,"blue","blue",NA,NA,NA,NA,NA,"1.4","18.3",NA,"F","1.0","4.0",4.6,NA,NA,NA,"no",NA,NA,NA,NA,NA,NA,1.4
"1407",NA,NA,2018,2018-05-30,"Annie, Jenny, Eva","TM2","upper","12-13.5",NA,NA,NA,NA,NA,NA,NA,NA,NA,NA,NA,NA,NA,NA,NA,NA,NA,NA,NA,NA,NA,NA,NA,NA,NA,NA,NA,NA
"1408",NA,NA,2018,2018-05-30,"Annie, Jenny, Eva","TM2","upper","14.0",NA,NA,NA,"red",NA,NA,NA,NA,NA,NA,"1.4","7.8",NA,"V",NA,NA,NA,NA,NA,"1.6","no",NA,NA,NA,NA,NA,"*lngst lf",1.4
"1409",NA,NA,2018,2018-05-30,"Annie, Jenny, Eva","TM2","upper","14.0",NA,NA,NA,"red","white",NA,NA,NA,NA,NA,"<1","14.6",NA,"P",NA,"1.0",2.5,NA,NA,NA,"no",NA,NA,NA,NA,NA,NA,0.5
"1410",NA,NA,2018,2018-05-30,"Annie, Jenny, Eva","TM2","upper","14.0",NA,NA,NA,"blue",NA,NA,NA,NA,NA,NA,"<1","2.9",NA,"V",NA,NA,NA,NA,NA,"0.6","yes",NA,NA,NA,NA,NA,"*lngst lf",0.5
"1411",NA,NA,2018,2018-05-30,"Annie, Jenny, Eva","TM2","upper","14.5",NA,NA,NA,"red",NA,NA,NA,NA,NA,NA,"<1","3.3",NA,"V",NA,NA,NA,NA,NA,"0.9","yes",NA,NA,NA,NA,NA,"*lngst lf",0.5
"1412",NA,NA,2018,2018-05-30,"Annie, Jenny, Eva","TM2","upper","14.5",NA,NA,NA,"red","white",NA,NA,NA,NA,NA,"1.3","18.7",NA,"P",NA,"2.0",3.9,NA,NA,NA,"no",NA,NA,NA,NA,NA,NA,1.3
"1413",NA,NA,2018,2018-05-30,"Annie, Jenny, Eva","TM2","upper","14.5",NA,NA,NA,"red",NA,NA,NA,NA,NA,NA,"1.4","11.8",NA,"F","1.0","3.0",4.1,NA,NA,NA,"yes",NA,NA,NA,NA,NA,NA,1.4
"1414",NA,NA,2018,2018-05-30,"Annie, Jenny, Eva","TM2","upper","14.5",NA,NA,NA,"red",NA,NA,NA,NA,NA,NA,NA,NA,NA,"D",NA,NA,NA,NA,NA,NA,NA,NA,NA,NA,NA,NA,NA,NA
"1415",NA,NA,2018,2018-05-30,"Annie, Jenny, Eva","TM2","upper","14.5",NA,NA,NA,"red",NA,NA,NA,NA,NA,NA,"<1","3.5",NA,"V",NA,NA,NA,NA,NA,"1","yes",NA,NA,NA,NA,NA,"*lngst lf",0.5
"1416",NA,NA,2018,2018-05-30,"Annie, Jenny, Eva","TM2","upper","14.5",NA,NA,NA,"red",NA,NA,NA,NA,NA,NA,"1.0","3.1",NA,"B","4 buds",NA,NA,NA,NA,NA,"no",NA,NA,NA,NA,NA,NA,1
"1417",NA,NA,2018,2018-05-30,"Annie, Jenny, Eva","TM2","upper","14.5",NA,NA,NA,"red","ylw",NA,NA,NA,NA,NA,"1.2","12.8",NA,"P",NA,"2.0",2.3,NA,NA,NA,"no",NA,NA,NA,NA,NA,NA,1.2
"1418",NA,NA,2018,2018-05-30,"Annie, Jenny, Eva","TM2","upper","14.5",NA,NA,NA,"ylw",NA,NA,NA,NA,NA,NA,"1.2","4.8",NA,"B","2 buds",NA,NA,NA,NA,NA,"yes",NA,NA,NA,NA,NA,NA,1.2
"1419",NA,NA,2018,2018-05-30,"Annie, Jenny, Eva","TM2","upper","14.5",NA,NA,NA,"blue",NA,NA,NA,NA,NA,NA,"<1","2.2",NA,"B","2 buds",NA,NA,NA,NA,"0.8","yes",NA,NA,NA,NA,NA,"*lngst lf",0.5
"1420",NA,NA,2018,2018-05-30,"Annie, Jenny, Eva","TM2","upper","15.0",NA,NA,NA,"red",NA,NA,NA,NA,NA,NA,"<1","4.0",NA,"V",NA,NA,NA,NA,NA,"0.8","yes",NA,NA,NA,NA,NA,"*lngst lf",0.5
"1421",NA,NA,2018,2018-05-30,"Annie, Jenny, Eva","TM2","upper","15.0",NA,NA,NA,"red","white",NA,NA,NA,NA,NA,"1.42","26.4",NA,"P",NA,"3.0",4.4,NA,NA,NA,"yes",NA,NA,NA,NA,NA,NA,1.42
"1422",NA,NA,2018,2018-05-30,"Annie, Jenny, Eva","TM2","upper","15.0",NA,NA,NA,"red","white",NA,NA,NA,NA,NA,"1.73","23.7",NA,"P",NA,"2.0",6.3,NA,NA,NA,"yes",NA,NA,NA,NA,NA,NA,1.73
"1423",NA,NA,2018,2018-05-30,"Annie, Jenny, Eva","TM2","upper","15.0",NA,NA,NA,"red","white",NA,NA,NA,NA,NA,"1.32","21.1",NA,"P",NA,"2.0",3.7,NA,NA,NA,"no",NA,NA,NA,NA,NA,NA,1.32
"1424",NA,NA,2018,2018-05-30,"Annie, Jenny, Eva","TM2","upper","15.0",NA,NA,NA,"red","white",NA,NA,NA,NA,NA,"<1","15.4",NA,"P",NA,"2.0",8.1,NA,NA,NA,"no",NA,NA,NA,NA,NA,NA,0.5
"1425",NA,NA,2018,2018-05-30,"Annie, Jenny, Eva","TM2","upper","15.0",NA,NA,NA,"red",NA,NA,NA,NA,NA,NA,"<1","7.2",NA,"F","1.0","0.0",NA,NA,NA,NA,"yes",NA,NA,NA,NA,NA,NA,0.5
"1426",NA,NA,2018,2018-05-30,"Annie, Jenny, Eva","TM2","upper","15.0",NA,NA,NA,"ylw",NA,NA,NA,NA,NA,NA,"1.93","26.6",NA,"P",NA,"1.0",3.9,NA,NA,NA,"yes",NA,NA,NA,NA,NA,NA,1.93
"1427",NA,NA,2018,2018-05-30,"Annie, Jenny, Eva","TM2","upper","15.0",NA,NA,NA,"blue",NA,NA,NA,NA,NA,NA,"<1","6.4",NA,"V",NA,NA,NA,NA,NA,"0.4",NA,NA,NA,NA,NA,NA,"*lngst lf",0.5
"1428",NA,NA,2018,2018-05-30,"Annie, Jenny, Eva","TM2","upper","15.5",NA,NA,NA,"red","blue",NA,NA,NA,NA,NA,"<1","7.4",NA,"P",NA,"1.0",2.2,NA,NA,NA,"no",NA,NA,NA,NA,NA,NA,0.5
"1429",NA,NA,2018,2018-05-30,"Annie, Jenny, Eva","TM2","upper","15.5",NA,NA,NA,"red",NA,NA,NA,NA,NA,NA,NA,NA,NA,"D",NA,NA,NA,NA,NA,NA,NA,NA,NA,NA,NA,NA,NA,NA
"1430",NA,NA,2018,2018-05-30,"Annie, Jenny, Eva","TM2","upper","15.5",NA,NA,NA,"red","white",NA,NA,NA,NA,NA,"<1","12.2",NA,"P",NA,"1.0",3.8,NA,NA,NA,NA,NA,NA,NA,NA,NA,NA,0.5
"1431",NA,NA,2018,2018-05-30,"Annie, Jenny, Eva","TM2","upper","15.5",NA,NA,NA,"red","blue",NA,NA,NA,NA,NA,NA,NA,NA,"D",NA,NA,NA,NA,NA,NA,NA,NA,NA,NA,NA,NA,NA,NA
"1432",NA,NA,2018,2018-05-30,"Annie, Jenny, Eva","TM2","upper","15.5",NA,NA,NA,"red",NA,NA,NA,NA,NA,NA,NA,NA,NA,"D",NA,NA,NA,NA,NA,NA,NA,NA,NA,NA,NA,NA,NA,NA
"1433",NA,NA,2018,2018-05-30,"Annie, Jenny, Eva","TM2","upper","15.5",NA,NA,NA,"red","blue",NA,NA,NA,NA,NA,"<1","5.3",NA,"P",NA,"1.0",1.1,NA,NA,NA,"no",NA,NA,NA,NA,NA,NA,0.5
"1434",NA,NA,2018,2018-05-30,"Annie, Jenny, Eva","TM2","upper","15.5",NA,NA,NA,"red",NA,NA,NA,NA,NA,NA,"<1","3.8",NA,"B","2 buds",NA,NA,NA,NA,NA,"no",NA,NA,NA,NA,NA,NA,0.5
"1435",NA,NA,2018,2018-05-30,"Annie, Jenny, Eva","TM2","upper","15.5",NA,NA,NA,"red",NA,NA,NA,NA,NA,NA,"<1","1.1",NA,"V",NA,NA,NA,NA,NA,"0.4","no",NA,NA,NA,NA,NA,"*lngst lf",0.5
"1436",NA,NA,2018,2018-05-30,"Annie, Jenny, Eva","TM2","upper","15.5",NA,NA,NA,"ylw",NA,NA,NA,NA,NA,NA,"<1","2.7",NA,"V",NA,NA,NA,NA,NA,"0.6","no",NA,NA,NA,NA,NA,"*lngst lf",0.5
"1437",NA,NA,2018,2018-05-30,"Annie, Jenny, Eva","TM2","upper","14.5",NA,NA,NA,"red","blue",NA,NA,NA,NA,NA,"1.54","20.8",NA,"P","0.0","2.0",6.2,NA,NA,NA,"no",NA,NA,NA,NA,NA,NA,1.54
"1438",NA,NA,2018,2018-05-30,"Annie, Jenny, Eva","TM2","upper","14.5",NA,NA,NA,"red","white",NA,NA,NA,NA,NA,"<1","13.1",NA,"P","0.0","1.0",3.1,NA,NA,NA,"yes",NA,NA,NA,NA,NA,NA,0.5
"1439",NA,NA,2018,2018-05-30,"Annie, Jenny, Eva","TM2","upper","15.0",NA,NA,NA,"red",NA,NA,NA,NA,NA,NA,"<1","6.9",NA,"P","0.0","1.0",1.3,NA,NA,NA,"no",NA,NA,NA,NA,NA,NA,0.5
"1440",NA,NA,2018,2018-05-30,"Annie, Jenny, Eva","TM2","upper","15.5",NA,NA,NA,"blue",NA,NA,NA,NA,NA,NA,"<1","1.3",NA,"V",NA,NA,NA,NA,NA,NA,"no",NA,NA,NA,NA,NA,NA,0.5
"1441",NA,NA,2018,2018-05-30,"Annie, Jenny, Eva","TM2","upper","15.5",NA,NA,NA,"red",NA,NA,NA,NA,NA,NA,"<1","2.0",NA,"V",NA,NA,NA,NA,NA,NA,"no",NA,NA,NA,NA,NA,NA,0.5
"1442",NA,NA,2018,2018-05-30,"Annie, Jenny, Eva","TM2","upper","16.0",NA,NA,NA,"red","red",NA,NA,NA,NA,NA,"1.45","25.6",NA,"P","0.0","4.0",6.1,NA,NA,NA,"yes",NA,NA,NA,NA,NA,NA,1.45
"1443",NA,NA,2018,2018-05-30,"Annie, Jenny, Eva","TM2","upper","16.5-19.5",NA,NA,NA,NA,NA,NA,NA,NA,NA,NA,NA,NA,NA,NA,NA,NA,NA,NA,NA,NA,NA,NA,NA,NA,NA,NA,NA,NA
"1444",NA,NA,2018,2018-05-30,"Annie, Jenny, Eva","TM2","upper","16.0",NA,NA,NA,"unmarked","unmarked",NA,NA,NA,NA,NA,"<1","17.9",NA,"P","0.0","1.0",4.4,NA,NA,NA,"no",NA,NA,NA,NA,NA,NA,0.5
"1445",NA,NA,2018,2018-05-30,"Annie, Jenny, Eva","TM2","upper","16.0",NA,NA,NA,"unmarked","unmarked",NA,NA,NA,NA,NA,"<1","7.5",NA,"P","0.0","1.0",0.9,NA,NA,NA,"no",NA,NA,NA,NA,NA,NA,0.5
"1446",NA,NA,2018,2018-05-30,"Annie, Jenny, Eva","TM2","lower","11.0",NA,NA,NA,"red",NA,NA,NA,NA,NA,NA,"<1","1.7",NA,"V","0.0","0.0",0,NA,NA,NA,"yes",NA,NA,NA,NA,NA,NA,0.5
"1447",NA,NA,2018,2018-05-30,"Annie, Jenny, Eva","TM2","lower","11.5",NA,NA,NA,"red","blue",NA,NA,NA,NA,NA,"<1","11.7",NA,"P","0.0","2.0",4.3,NA,NA,NA,"no",NA,NA,NA,NA,NA,NA,0.5
"1448",NA,NA,2018,2018-05-30,"Annie, Jenny, Eva","TM2","lower","11.5",NA,NA,NA,"red",NA,NA,NA,NA,NA,NA,"<1","1.4",NA,"V","0.0","0.0",0,NA,NA,NA,"no",NA,NA,NA,NA,NA,NA,0.5
"1449",NA,NA,2018,2018-05-30,"Annie, Jenny, Eva","TM2","lower","12.0",NA,NA,NA,"red",NA,NA,NA,NA,NA,NA,"<1","7.6",NA,"P","0.0","1.0",2.2,NA,NA,NA,"no",NA,NA,NA,NA,NA,NA,0.5
"1450",NA,NA,2018,2018-05-30,"Annie, Jenny, Eva","TM2","lower","12.0",NA,NA,NA,"red","white",NA,NA,NA,NA,NA,"<1","11.6",NA,"P","0.0","1.0",3.4,NA,NA,NA,"no",NA,NA,NA,NA,NA,NA,0.5
"1451",NA,NA,2018,2018-05-30,"Annie, Jenny, Eva","TM2","lower","12.0",NA,NA,NA,"red","white",NA,NA,NA,NA,NA,"1.0","19.9",NA,"P","0.0","2.0",6.4,NA,NA,NA,"no",NA,NA,NA,NA,NA,NA,1
"1452",NA,NA,2018,2018-05-30,"Annie, Jenny, Eva","TM2","lower","12.0",NA,NA,NA,"red","white",NA,NA,NA,NA,NA,"<1","12.7",NA,"P","0.0","1.0",3.2,NA,NA,NA,"no",NA,NA,NA,NA,NA,NA,0.5
"1453",NA,NA,2018,2018-05-30,"Annie, Jenny, Eva","TM2","lower","12.0",NA,NA,NA,"red",NA,NA,NA,NA,NA,NA,NA,NA,NA,"X",NA,NA,NA,NA,NA,NA,NA,NA,NA,NA,NA,NA,NA,NA
"1454",NA,NA,2018,2018-05-30,"Annie, Jenny, Eva","TM2","lower","12.5",NA,NA,NA,"red","white",NA,NA,NA,NA,NA,"1.4","21.9",NA,"P","0.0","2.0",5.4,NA,NA,NA,"no",NA,NA,NA,NA,NA,NA,1.4
"1455",NA,NA,2018,2018-05-30,"Annie, Jenny, Eva","TM2","lower","12.5",NA,NA,NA,"red",NA,NA,NA,NA,NA,NA,NA,NA,NA,"X",NA,NA,NA,NA,NA,NA,NA,NA,NA,NA,NA,NA,NA,NA
"1456",NA,NA,2018,2018-05-30,"Annie, Jenny, Eva","TM2","lower","12.5",NA,NA,NA,"red","blue",NA,NA,NA,NA,NA,"1.33","21.4",NA,"P","0.0","3.0",7,NA,NA,NA,"no",NA,NA,NA,NA,NA,"apical meristem damage",1.33
"1457",NA,NA,2018,2018-05-30,"Annie, Jenny, Eva","TM2","lower","12.5",NA,NA,NA,"red","white",NA,NA,NA,NA,NA,"<1","13.7",NA,"P","0.0","1.0",4.5,NA,NA,NA,"no",NA,NA,NA,NA,NA,NA,0.5
"1458",NA,NA,2018,2018-05-30,"Annie, Jenny, Eva","TM2","lower","12.5",NA,NA,NA,"ylw","blue",NA,NA,NA,NA,NA,"<1","7.2",NA,"P","0.0","1.0",1.6,NA,NA,NA,"no",NA,NA,NA,NA,NA,NA,0.5
"1459",NA,NA,2018,2018-05-30,"Annie, Jenny, Eva","TM2","lower","12.5",NA,NA,NA,"ylw","blue",NA,NA,NA,NA,NA,"<1","6.4",NA,"P","0.0","1.0",1.5,NA,NA,NA,"no",NA,NA,NA,NA,NA,NA,0.5
"1460",NA,NA,2018,2018-05-30,"Annie, Jenny, Eva","TM2","lower","13.0",NA,NA,NA,"red","white",NA,NA,NA,NA,NA,"1.3","17.9",NA,"P","0.0","2.0",5.3,NA,NA,NA,"no",NA,NA,NA,NA,NA,NA,1.3
"1461",NA,NA,2018,2018-05-30,"Annie, Jenny, Eva","TM2","lower","13.0",NA,NA,NA,"red","blue",NA,NA,NA,NA,NA,NA,NA,NA,"X",NA,NA,NA,NA,NA,NA,NA,NA,NA,NA,NA,NA,NA,NA
"1462",NA,NA,2018,2018-05-30,"Annie, Jenny, Eva","TM2","lower","13.5",NA,NA,NA,"red","blue",NA,NA,NA,NA,NA,NA,NA,NA,"X",NA,NA,NA,NA,NA,NA,NA,NA,NA,NA,NA,NA,NA,NA
"1463",NA,NA,2018,2018-05-30,"Annie, Jenny, Eva","TM2","lower","13.5",NA,NA,NA,"red",NA,NA,NA,NA,NA,NA,"<1","1.0",NA,"V","0.0","0.0",0,NA,NA,NA,NA,NA,NA,NA,NA,NA,NA,0.5
"1464",NA,NA,2018,2018-05-30,"Annie, Jenny, Eva","TM2","lower","14.0",NA,NA,NA,"red",NA,NA,NA,NA,NA,NA,"<1","8.9",NA,"P","0.0","1.0",3,NA,NA,NA,"no",NA,NA,NA,NA,NA,NA,0.5
"1465",NA,NA,2018,2018-05-30,"Annie, Jenny, Eva","TM2","lower","14.0",NA,NA,NA,"red",NA,NA,NA,NA,NA,NA,"<1","9.6",NA,"P","0.0","1.0",1.8,NA,NA,NA,"no",NA,NA,NA,NA,NA,NA,0.5
"1466",NA,NA,2018,2018-05-30,"Annie, Jenny, Eva","TM2","lower","14.0",NA,NA,NA,"red","blue",NA,NA,NA,NA,NA,"<1","7.2",NA,"F","1.0","1.0",1.5,NA,NA,NA,"no",NA,NA,NA,NA,NA,NA,0.5
"1467",NA,NA,2018,2018-05-30,"Annie, Jenny, Eva","TM2","lower","14.0",NA,NA,NA,"red","blue",NA,NA,NA,NA,NA,"<1","6.0",NA,"P","0.0","1.0",2.5,NA,NA,NA,"no",NA,NA,NA,NA,NA,NA,0.5
"1468",NA,NA,2018,2018-05-30,"Annie, Jenny, Eva","TM2","lower","14.0",NA,NA,NA,"blue","blue",NA,NA,NA,NA,NA,"<1","9.0",NA,"P","0.0","1.0",1.4,NA,NA,NA,"no",NA,NA,NA,NA,NA,NA,0.5
"1469",NA,NA,2018,2018-05-30,"Annie, Jenny, Eva","TM2","lower","14.0",NA,NA,NA,"blue",NA,NA,NA,NA,NA,NA,NA,NA,NA,"X",NA,NA,NA,NA,NA,NA,NA,NA,NA,NA,NA,NA,NA,NA
"1470",NA,NA,2018,2018-05-30,"Annie, Jenny, Eva","TM2","lower","0.0",NA,NA,NA,NA,NA,NA,NA,NA,NA,NA,NA,NA,NA,NA,NA,NA,NA,NA,NA,NA,NA,NA,NA,NA,NA,NA,NA,NA
"1471",NA,NA,2018,2018-05-30,"Annie, Jenny, Eva","TM2","lower","0.5",NA,NA,NA,NA,NA,NA,NA,NA,NA,NA,NA,NA,NA,NA,NA,NA,NA,NA,NA,NA,NA,NA,NA,NA,NA,NA,NA,NA
"1472",NA,NA,2018,2018-05-30,"Annie, Jenny, Eva","TM2","lower","1.0",NA,NA,NA,NA,NA,NA,NA,NA,NA,NA,NA,NA,NA,NA,NA,NA,NA,NA,NA,NA,NA,NA,NA,NA,NA,NA,NA,NA
"1473",NA,NA,2018,2018-05-30,"Annie, Jenny, Eva","TM2","lower","1.5",NA,NA,NA,NA,NA,NA,NA,NA,NA,NA,NA,NA,NA,NA,NA,NA,NA,NA,NA,NA,NA,NA,NA,NA,NA,NA,NA,NA
"1474",NA,NA,2018,2018-05-30,"Annie, Jenny, Eva","TM2","lower","2.0",NA,NA,NA,NA,NA,NA,NA,NA,NA,NA,NA,NA,NA,NA,NA,NA,NA,NA,NA,NA,NA,NA,NA,NA,NA,NA,NA,NA
"1475",NA,NA,2018,2018-05-30,"Annie, Jenny, Eva","TM2","lower","2.5",NA,NA,NA,NA,NA,NA,NA,NA,NA,NA,NA,NA,NA,NA,NA,NA,NA,NA,NA,NA,NA,NA,NA,NA,NA,NA,NA,NA
"1476",NA,NA,2018,2018-05-30,"Annie, Jenny, Eva","TM2","lower","3.0",NA,NA,NA,"red","white",NA,NA,NA,NA,NA,"1.56","32.0",NA,"P",NA,"4.0",5.7,NA,NA,NA,"yes",NA,NA,NA,NA,NA,NA,1.56
"1477",NA,NA,2018,2018-05-30,"Annie, Jenny, Eva","TM2","lower","3.0",NA,NA,NA,"red","blue",NA,NA,NA,NA,NA,"1.57","32.8",NA,"P",NA,"4.0",6.7,NA,NA,NA,"yes",NA,NA,NA,NA,NA,NA,1.57
"1478",NA,NA,2018,2018-05-30,"Annie, Jenny, Eva","TM2","lower","3.0",NA,NA,NA,"blue",NA,NA,NA,NA,NA,NA,NA,NA,NA,"X",NA,NA,NA,NA,NA,NA,"N",NA,NA,NA,NA,NA,NA,NA
"1479",NA,NA,2018,2018-05-30,"Annie, Jenny, Eva","TM2","lower","3.0",NA,NA,NA,"blue",NA,NA,NA,NA,NA,NA,"<1","2.7",NA,"V",NA,NA,NA,NA,NA,NA,"no",NA,NA,NA,NA,NA,NA,0.5
"1480",NA,NA,2018,2018-05-30,"Annie, Jenny, Eva","TM2","lower","3.0",NA,NA,NA,"blue","blue",NA,NA,NA,NA,NA,"<1","15.0",NA,"P",NA,"1.0",3.9,NA,NA,NA,"yes",NA,NA,NA,NA,NA,NA,0.5
"1481",NA,NA,2018,2018-05-30,"Annie, Jenny, Eva","TM2","lower","3.0",NA,NA,NA,"ylw",NA,NA,NA,NA,NA,NA,"1.2","14.4",NA,"F","3F, 2 buds","0.0",NA,NA,NA,NA,"no",NA,NA,NA,NA,NA,NA,1.2
"1482",NA,NA,2018,2018-05-30,"Annie, Jenny, Eva","TM2","lower","3.0",NA,NA,NA,"red",NA,NA,NA,NA,NA,NA,"<1","0.9",NA,"V",NA,NA,NA,NA,NA,NA,"no",NA,NA,NA,NA,NA,NA,0.5
"1483",NA,NA,2018,2018-05-30,"Annie, Jenny, Eva","TM2","lower","3.0",NA,NA,NA,"red",NA,NA,NA,NA,NA,NA,"<1","3.9",NA,"V",NA,NA,NA,NA,NA,NA,"no",NA,NA,NA,NA,NA,NA,0.5
"1484",NA,NA,2018,2018-05-30,"Annie, Jenny, Eva","TM2","lower","3.0",NA,NA,NA,"red",NA,NA,NA,NA,NA,NA,"<1","13.4",NA,"P",NA,"1.0",3.6,NA,NA,NA,"no",NA,NA,NA,NA,NA,NA,0.5
"1485",NA,NA,2018,2018-05-30,"Annie, Jenny, Eva","TM2","lower","3.0",NA,NA,NA,"red","blue",NA,NA,NA,NA,NA,"<1","11.6",NA,"P",NA,"1.0",2.4,NA,NA,NA,"no",NA,NA,NA,NA,NA,NA,0.5
"1486",NA,NA,2018,2018-05-30,"Annie, Jenny, Eva","TM2","lower","3.0",NA,NA,NA,"red",NA,NA,NA,NA,NA,NA,"<1","4.1",NA,"V",NA,NA,NA,NA,NA,NA,"no",NA,NA,NA,NA,NA,"1 B missing, 1 extra red",0.5
"1487",NA,NA,2018,2018-05-30,"Annie, Jenny, Eva","TM2","lower","3.5",NA,NA,NA,"red",NA,NA,NA,NA,NA,NA,"<1","6.0",NA,"V",NA,NA,NA,NA,NA,NA,"yes",NA,NA,NA,NA,NA,NA,0.5
"1488",NA,NA,2018,2018-05-30,"Annie, Jenny, Eva","TM2","lower","3.5",NA,NA,NA,"red",NA,NA,NA,NA,NA,NA,"1.46","8.4",NA,"F","1F,2 buds","0.0",NA,NA,NA,NA,"no",NA,NA,NA,NA,NA,NA,1.46
"1489",NA,NA,2018,2018-05-30,"Annie, Jenny, Eva","TM2","lower","4.0",NA,NA,NA,NA,NA,NA,NA,NA,NA,NA,NA,NA,NA,NA,NA,NA,NA,NA,NA,NA,NA,NA,NA,NA,NA,NA,NA,NA
"1490",NA,NA,2018,2018-05-30,"Annie, Jenny, Eva","TM2","lower","4.5",NA,NA,NA,"red",NA,NA,NA,NA,NA,NA,"<1","4.2",NA,"V",NA,NA,NA,NA,NA,NA,"yes",NA,NA,NA,NA,NA,NA,0.5
"1491",NA,NA,2018,2018-05-30,"Annie, Jenny, Eva","TM2","lower","4.5",NA,NA,NA,"red",NA,NA,NA,NA,NA,NA,NA,NA,NA,"X",NA,NA,NA,NA,NA,NA,"no",NA,NA,NA,NA,NA,NA,NA
"1492",NA,NA,2018,2018-05-30,"Annie, Jenny, Eva","TM2","lower","4.5",NA,NA,NA,"red",NA,NA,NA,NA,NA,NA,"<1","2.6",NA,"V",NA,NA,NA,NA,NA,NA,"no",NA,NA,NA,NA,NA,NA,0.5
"1493",NA,NA,2018,2018-05-30,"Annie, Jenny, Eva","TM2","lower","4.5",NA,NA,NA,"red","blue",NA,NA,NA,NA,NA,"1.6","19.1",NA,"F","1.0","4.0",6.1,NA,NA,NA,"yes",NA,NA,NA,NA,NA,NA,1.6
"1494",NA,NA,2018,2018-05-30,"Annie, Jenny, Eva","TM2","lower","4.5",NA,NA,NA,"red",NA,NA,NA,NA,NA,NA,NA,NA,NA,"X",NA,NA,NA,NA,NA,NA,"no",NA,NA,NA,NA,NA,NA,NA
"1495",NA,NA,2018,2018-05-30,"Annie, Jenny, Eva","TM2","lower","4.5",NA,NA,NA,"red","blue",NA,NA,NA,NA,NA,"1.5","17.6",NA,"P",NA,"3.0",4.5,NA,NA,NA,"yes",NA,NA,NA,NA,NA,NA,1.5
"1496",NA,NA,2018,2018-05-30,"Annie, Jenny, Eva","TM2","lower","4.5",NA,NA,NA,"red",NA,NA,NA,NA,NA,NA,"<1","3.3",NA,"V",NA,NA,NA,NA,NA,NA,"no",NA,NA,NA,NA,NA,NA,0.5
"1497",NA,NA,2018,2018-05-30,"Annie, Jenny, Eva","TM2","lower","4.5",NA,NA,NA,"ylw",NA,NA,NA,NA,NA,NA,NA,NA,NA,"X",NA,NA,NA,NA,NA,NA,NA,NA,NA,NA,NA,NA,NA,NA
"1498",NA,NA,2018,2018-05-30,"Annie, Jenny, Eva","TM2","lower","3.0",NA,NA,NA,NA,"blue",NA,NA,NA,NA,NA,"<1","17.9",NA,"P",NA,"2.0",4.2,NA,NA,NA,NA,NA,NA,NA,NA,NA,NA,0.5
"1499",NA,NA,2018,2018-05-30,"Annie, Jenny, Eva","TM2","lower","5.0",NA,NA,NA,"red",NA,NA,NA,NA,NA,NA,NA,NA,NA,"X",NA,NA,NA,NA,NA,NA,NA,NA,NA,NA,NA,NA,NA,NA
"1500",NA,NA,2018,2018-05-30,"Annie, Jenny, Eva","TM2","lower","5.0",NA,NA,NA,"red","white",NA,NA,NA,NA,NA,"<1","15.7",NA,"P",NA,"2.0",3.6,NA,NA,NA,"no",NA,NA,NA,NA,NA,NA,0.5
"1501",NA,NA,2018,2018-05-30,"Annie, Jenny, Eva","TM2","lower","5.0",NA,NA,NA,"red","blue",NA,NA,NA,NA,NA,"1.25","20.7",NA,"P",NA,"2.0",3.7,NA,NA,NA,"yes",NA,NA,NA,NA,NA,NA,1.25
"1502",NA,NA,2018,2018-05-30,"Annie, Jenny, Eva","TM2","lower","5.0",NA,NA,NA,"red","blue",NA,NA,NA,NA,NA,"1.3","27.1",NA,"P",NA,"0.0",NA,NA,NA,NA,"no",NA,NA,NA,NA,NA,NA,1.3
"1503",NA,NA,2018,2018-05-30,"Annie, Jenny, Eva","TM2","lower","5.0",NA,NA,NA,"red","blue",NA,NA,NA,NA,NA,"1.1","17.0",NA,"P",NA,"1.0",4.9,NA,NA,NA,"yes",NA,NA,NA,NA,NA,NA,1.1
"1504",NA,NA,2018,2018-05-30,"Annie, Jenny, Eva","TM2","lower","5.0",NA,NA,NA,"red","white",NA,NA,NA,42,20,"3.3","50.0",NA,"P",NA,"14.0",7,NA,NA,NA,"no",NA,NA,NA,NA,NA,NA,3.3
"1505",NA,NA,2018,2018-05-30,"Annie, Jenny, Eva","TM2","lower","5.0",NA,NA,NA,"red","white",NA,NA,NA,NA,NA,"1.5","25.3",NA,"P",NA,"5.0",5.5,NA,NA,NA,"no",NA,NA,NA,NA,NA,NA,1.5
"1506",NA,NA,2018,2018-05-30,"Annie, Jenny, Eva","TM2","lower","5.0",NA,NA,NA,"red","white",NA,NA,NA,NA,NA,"1.7","31.2",NA,"P",NA,"4.0",5.2,NA,NA,NA,"no",NA,NA,NA,NA,NA,NA,1.7
"1507",NA,NA,2018,2018-05-30,"Annie, Jenny, Eva","TM2","lower","5.0",NA,NA,NA,"red","blue",NA,NA,NA,NA,NA,"1.3","26.8",NA,"P",NA,"0.0",NA,NA,NA,NA,"no",NA,NA,NA,NA,NA,NA,1.3
"1508",NA,NA,2018,2018-05-30,"Annie, Jenny, Eva","TM2","lower","5.0",NA,NA,NA,"ylw",NA,NA,NA,NA,NA,NA,NA,NA,NA,"X",NA,NA,NA,NA,NA,NA,NA,NA,NA,NA,NA,NA,NA,NA
"1509",NA,NA,2018,2018-05-30,"Annie, Jenny, Eva","TM2","lower","5.0",NA,NA,NA,"ylw",NA,NA,NA,NA,NA,NA,NA,NA,NA,"X",NA,NA,NA,NA,NA,NA,NA,NA,NA,NA,NA,NA,NA,NA
"1510",NA,NA,2018,2018-05-30,"Annie, Jenny, Eva","TM2","lower","5.0",NA,NA,NA,"blue",NA,NA,NA,NA,NA,NA,NA,NA,NA,"X",NA,NA,NA,NA,NA,NA,NA,NA,NA,NA,NA,NA,NA,NA
"1511",NA,NA,2018,2018-05-30,"Annie, Jenny, Eva","TM2","lower","5.0",NA,NA,NA,"blue",NA,NA,NA,NA,NA,NA,"<1","6.8",NA,"P",NA,"1.0",0.9,NA,NA,NA,"no",NA,NA,NA,NA,NA,NA,0.5
"1512",NA,NA,2018,2018-05-30,"Annie, Jenny, Eva","TM2","lower","5.5",NA,NA,NA,"red",NA,NA,NA,NA,NA,NA,NA,NA,NA,"X",NA,NA,NA,NA,NA,NA,"no",NA,NA,NA,NA,NA,NA,NA
"1513",NA,NA,2018,2018-05-30,"Annie, Jenny, Eva","TM2","lower","5.5",NA,NA,NA,"red","white",NA,NA,NA,NA,NA,"<1","15.2",NA,"P",NA,"2.0",3.3,NA,NA,NA,"no",NA,NA,NA,NA,NA,NA,0.5
"1514",NA,NA,2018,2018-05-30,"Annie, Jenny, Eva","TM2","lower","5.5",NA,NA,NA,"red","blue",NA,NA,NA,NA,NA,"1.4","22.7",NA,"P",NA,"3.0",5.3,NA,NA,NA,"no",NA,NA,NA,NA,NA,NA,1.4
"1515",NA,NA,2018,2018-05-30,"Annie, Jenny, Eva","TM2","lower","5.5",NA,NA,NA,"red","blue",NA,NA,NA,20,10,"3.7","39.3",NA,"F","2.0","29.0",8.6,NA,NA,NA,"no",NA,NA,NA,NA,NA,NA,3.7
"1516",NA,NA,2018,2018-05-30,"Annie, Jenny, Eva","TM2","lower","5.5",NA,NA,NA,"red","blue",NA,NA,NA,NA,NA,"1.8","26.4",NA,"P",NA,"3.0",6.6,NA,NA,NA,"no",NA,NA,NA,NA,NA,NA,1.8
"1517",NA,NA,2018,2018-05-30,"Annie, Jenny, Eva","TM2","lower","5.5",NA,NA,NA,"red","blue",NA,NA,NA,NA,NA,"<1","13.1",NA,"P",NA,"1.0",3.5,NA,NA,NA,"no",NA,NA,NA,NA,NA,NA,0.5
"1518",NA,NA,2018,2018-05-30,"Annie, Jenny, Eva","TM2","lower","5.5",NA,NA,NA,"ylw",NA,NA,NA,NA,NA,NA,"<1","4.7",NA,"V",NA,NA,NA,NA,NA,NA,"no",NA,NA,NA,NA,NA,NA,0.5
"1519",NA,NA,2018,2018-05-30,"Annie, Jenny, Eva","TM2","lower","5.5",NA,NA,NA,"ylw",NA,NA,NA,NA,NA,NA,"<1","4.1",NA,"V",NA,NA,NA,NA,NA,NA,"no",NA,NA,NA,NA,NA,NA,0.5
"1520",NA,NA,2018,2018-05-30,"Annie, Jenny, Eva","TM2","lower","5.5",NA,NA,NA,"grn",NA,NA,NA,NA,NA,NA,NA,NA,NA,"X",NA,NA,NA,NA,NA,NA,NA,NA,NA,NA,NA,NA,NA,NA
"1521",NA,NA,2018,2018-05-30,"Annie, Jenny, Eva","TM2","lower","6.0",NA,NA,NA,"red","blue",NA,NA,NA,NA,NA,"<1","15.5",NA,"P",NA,"2.0",3.1,NA,NA,NA,"no",NA,NA,NA,NA,NA,NA,0.5
"1522",NA,NA,2018,2018-05-30,"Annie, Jenny, Eva","TM2","lower","6.0",NA,NA,NA,"red",NA,NA,NA,NA,NA,NA,"<1","5.5",NA,"V",NA,NA,NA,NA,NA,NA,"no",NA,NA,NA,NA,NA,NA,0.5
"1523",NA,NA,2018,2018-05-30,"Annie, Jenny, Eva","TM2","lower","6.0",NA,NA,NA,"red",NA,NA,NA,NA,NA,NA,"<1","19.5",NA,"P",NA,"2.0",4.2,NA,NA,NA,"no",NA,NA,NA,NA,NA,NA,0.5
"1524",NA,NA,2018,2018-05-30,"Annie, Jenny, Eva","TM2","lower","6.0",NA,NA,NA,"red",NA,NA,NA,NA,NA,NA,"<1","3.8",NA,"V",NA,NA,NA,NA,NA,NA,"no",NA,NA,NA,NA,NA,NA,0.5
"1525",NA,NA,2018,2018-05-30,"Annie, Jenny, Eva","TM2","lower","6.0",NA,NA,NA,"red",NA,NA,NA,NA,NA,NA,"<1","20.3",NA,"P",NA,"2.0",5.1,NA,NA,NA,"no",NA,NA,NA,NA,NA,NA,0.5
"1526",NA,NA,2018,2018-05-30,"Annie, Jenny, Eva","TM2","lower","6.0",NA,NA,NA,"red",NA,NA,NA,NA,NA,NA,"<1","6.9",NA,"F","1.0","0.0",NA,NA,NA,NA,"no",NA,NA,NA,NA,NA,NA,0.5
"1527",NA,NA,2018,2018-05-30,"Annie, Jenny, Eva","TM2","lower","6.0",NA,NA,NA,"red","blue",NA,NA,NA,NA,NA,"1.6","21.4",NA,"P",NA,"4.0",4.3,NA,NA,NA,"yes",NA,NA,NA,NA,NA,NA,1.6
"1528",NA,NA,2018,2018-05-30,"Annie, Jenny, Eva","TM2","lower","6.0",NA,NA,NA,"red",NA,NA,NA,NA,NA,NA,"<1","2.9",NA,"V",NA,NA,NA,NA,NA,NA,"yes",NA,NA,NA,NA,NA,NA,0.5
"1529",NA,NA,2018,2018-05-30,"Annie, Jenny, Eva","TM2","lower","6.0",NA,NA,NA,"red",NA,NA,NA,NA,NA,NA,NA,NA,NA,"X",NA,NA,NA,NA,NA,NA,NA,NA,NA,NA,NA,NA,NA,NA
"1530",NA,NA,2018,2018-05-30,"Annie, Jenny, Eva","TM2","lower","6.0",NA,NA,NA,"red",NA,NA,NA,NA,NA,NA,NA,NA,NA,"X",NA,NA,NA,NA,NA,NA,NA,NA,NA,NA,NA,NA,NA,NA
"1531",NA,NA,2018,2018-05-30,"Annie, Jenny, Eva","TM2","lower","6.0",NA,NA,NA,"red",NA,NA,NA,NA,NA,NA,NA,NA,NA,"X",NA,NA,NA,NA,NA,NA,NA,NA,NA,NA,NA,NA,NA,NA
"1532",NA,NA,2018,2018-05-30,"Annie, Jenny, Eva","TM2","lower","6.0",NA,NA,NA,"red",NA,NA,NA,NA,NA,NA,"<1","8.2",NA,"P","0.0","1.0",2.2,NA,NA,NA,"no",NA,NA,NA,NA,NA,NA,0.5
"1533",NA,NA,2018,2018-05-30,"Annie, Jenny, Eva","TM2","lower","6.0",NA,NA,NA,"red","blue",NA,NA,NA,NA,NA,NA,NA,NA,"X",NA,NA,NA,NA,NA,NA,NA,NA,NA,NA,NA,NA,"broken plant",NA
"1534",NA,NA,2018,2018-05-30,"Annie, Jenny, Eva","TM2","lower","6.0",NA,NA,NA,"red",NA,NA,NA,NA,NA,NA,"<1","5.7",NA,"P",NA,"0.0",NA,NA,NA,NA,"no",NA,NA,NA,NA,NA,"1 aborted fruit",0.5
"1535",NA,NA,2018,2018-05-30,"Annie, Jenny, Eva","TM2","lower","6.0",NA,NA,NA,"red","white",NA,NA,NA,NA,NA,"~1","19.1",NA,"P","0.0","2.0",5.6,NA,NA,NA,"no",NA,NA,NA,NA,NA,NA,0.5
"1536",NA,NA,2018,2018-05-30,"Annie, Jenny, Eva","TM2","lower","6.0",NA,NA,NA,"red","blue",NA,NA,NA,NA,NA,NA,NA,NA,"X",NA,NA,NA,NA,NA,NA,NA,NA,NA,NA,NA,NA,NA,NA
"1537",NA,NA,2018,2018-05-30,"Annie, Jenny, Eva","TM2","lower","6.0",NA,NA,NA,"red",NA,NA,NA,NA,NA,NA,NA,NA,NA,"X",NA,NA,NA,NA,NA,NA,NA,NA,NA,NA,NA,NA,NA,NA
"1538",NA,NA,2018,2018-05-30,"Annie, Jenny, Eva","TM2","lower","6.0",NA,NA,NA,"red",NA,NA,NA,NA,NA,NA,"<1","8.9",NA,"P","0.0","1.0",1.9,NA,NA,NA,"no",NA,NA,NA,NA,NA,NA,0.5
"1539",NA,NA,2018,2018-05-30,"Annie, Jenny, Eva","TM2","lower","6.0",NA,NA,NA,"red",NA,NA,NA,NA,NA,NA,NA,NA,NA,"X",NA,NA,NA,NA,NA,NA,NA,NA,NA,NA,NA,NA,NA,NA
"1540",NA,NA,2018,2018-05-30,"Annie, Jenny, Eva","TM2","lower","6.0",NA,NA,NA,"red","blue",NA,NA,NA,NA,NA,NA,NA,NA,"X",NA,NA,NA,NA,NA,NA,NA,NA,NA,NA,NA,NA,NA,NA
"1541",NA,NA,2018,2018-05-30,"Annie, Jenny, Eva","TM2","lower","6.0",NA,NA,NA,"red",NA,NA,NA,NA,NA,NA,"<1","8.0",NA,"P","0.0","1.0",2,NA,NA,NA,"no",NA,NA,NA,NA,NA,NA,0.5
"1542",NA,NA,2018,2018-05-30,"Annie, Jenny, Eva","TM2","lower","6.0",NA,NA,NA,"red",NA,NA,NA,NA,NA,NA,"<1","1.7",NA,"V","0.0","0.0",0,NA,NA,NA,"no",NA,NA,NA,NA,NA,NA,0.5
"1543",NA,NA,2018,2018-05-30,"Annie, Jenny, Eva","TM2","lower","6.0",NA,NA,NA,"red",NA,NA,NA,NA,NA,NA,"<1","3.9",NA,"B","0.0","0.0",0,NA,NA,NA,"no",NA,NA,NA,NA,NA,"1 bud, probably not going to flower",0.5
"1544",NA,NA,2018,2018-05-30,"Annie, Jenny, Eva","TM2","lower","6.0",NA,NA,NA,"red",NA,NA,NA,NA,NA,NA,NA,NA,NA,"X",NA,NA,NA,NA,NA,NA,NA,NA,NA,NA,NA,NA,NA,NA
"1545",NA,NA,2018,2018-05-30,"Annie, Jenny, Eva","TM2","lower","6.0",NA,NA,NA,"red","white",NA,NA,NA,NA,NA,"<1","13.4",NA,"P","0.0","1.0",3.4,NA,NA,NA,"no",NA,NA,NA,NA,NA,NA,0.5
"1546",NA,NA,2018,2018-05-30,"Annie, Jenny, Eva","TM2","lower","6.0",NA,NA,NA,"red",NA,NA,NA,NA,NA,NA,"<1","7.3",NA,"P","0.0","1.0",0.4,NA,NA,NA,"no",NA,NA,NA,NA,NA,"silique still developing",0.5
"1547",NA,NA,2018,2018-05-30,"Annie, Jenny, Eva","TM2","lower","6.0",NA,NA,NA,"ylw","white",NA,NA,NA,NA,NA,"<1","10.6",NA,"P","0.0","1.0",2.2,NA,NA,NA,"no",NA,NA,NA,NA,NA,NA,0.5
"1548",NA,NA,2018,2018-05-30,"Annie, Jenny, Eva","TM2","lower","6.0",NA,NA,NA,"ylw*",NA,NA,NA,NA,NA,NA,NA,NA,NA,"X",NA,NA,NA,NA,NA,NA,NA,NA,NA,NA,NA,NA,"*actually orange",NA
"1549",NA,NA,2018,2018-05-30,"Annie, Jenny, Eva","TM2","lower","6.5",NA,NA,NA,"red",NA,NA,NA,NA,NA,NA,NA,NA,NA,"X",NA,NA,NA,NA,NA,NA,NA,NA,NA,NA,NA,NA,NA,NA
"1550",NA,NA,2018,2018-05-30,"Annie, Jenny, Eva","TM2","lower","6.5",NA,NA,NA,"red",NA,NA,NA,NA,NA,NA,NA,NA,NA,"X",NA,NA,NA,NA,NA,NA,NA,NA,NA,NA,NA,NA,NA,NA
"1551",NA,NA,2018,2018-05-30,"Annie, Jenny, Eva","TM2","lower","6.5",NA,NA,NA,"red",NA,NA,NA,NA,NA,NA,"<1","2.7",NA,"V","0.0","0.0",0,NA,NA,NA,"yes",NA,NA,NA,NA,NA,NA,0.5
"1552",NA,NA,2018,2018-05-30,"Annie, Jenny, Eva","TM2","lower","6.5",NA,NA,NA,"red","blue",NA,NA,NA,NA,NA,"<1","11.7",NA,"P","0.0","1.0",2.4,NA,NA,NA,"no",NA,NA,NA,NA,NA,NA,0.5
"1553",NA,NA,2018,2018-05-30,"Annie, Jenny, Eva","TM2","lower","6.5",NA,NA,NA,"red",NA,NA,NA,NA,NA,NA,"<1","4.2",NA,"V","0.0","0.0",0,NA,NA,NA,"no",NA,NA,NA,NA,NA,NA,0.5
"1554",NA,NA,2018,2018-05-30,"Annie, Jenny, Eva","TM2","lower","6.5",NA,NA,NA,"blue","blue",NA,NA,NA,NA,NA,"<1","4.3",NA,"B","0.0","0.0",0,NA,NA,NA,"no",NA,NA,NA,NA,NA,"1 bud, probably not going to flower",0.5
"1555",NA,NA,2018,2018-05-30,"Annie, Jenny, Eva","TM2","lower","6.5",NA,NA,NA,"red",NA,NA,NA,NA,NA,NA,"<1","6.2",NA,"P","0.0","1.0",0.4,NA,NA,NA,"no",NA,NA,NA,NA,NA,"developing",0.5
"1556",NA,NA,2018,2018-05-30,"Annie, Jenny, Eva","TM2","lower","7.0",NA,NA,NA,"red",NA,NA,NA,NA,NA,NA,NA,NA,NA,"X",NA,NA,NA,NA,NA,NA,NA,NA,NA,NA,NA,NA,NA,NA
"1557",NA,NA,2018,2018-05-30,"Annie, Jenny, Eva","TM2","lower","7.0",NA,NA,NA,"red",NA,NA,NA,NA,NA,NA,NA,NA,NA,"X",NA,NA,NA,NA,NA,NA,NA,NA,NA,NA,NA,NA,NA,NA
"1558",NA,NA,2018,2018-05-30,"Annie, Jenny, Eva","TM2","lower","7.0",NA,NA,NA,"red",NA,NA,NA,NA,NA,NA,NA,NA,NA,"X",NA,NA,NA,NA,NA,NA,NA,NA,NA,NA,NA,NA,NA,NA
"1559",NA,NA,2018,2018-05-30,"Annie, Jenny, Eva","TM2","lower","7.0",NA,NA,NA,"red",NA,NA,NA,NA,NA,NA,NA,NA,NA,"X",NA,NA,NA,NA,NA,NA,NA,NA,NA,NA,NA,NA,NA,NA
"1560",NA,NA,2018,2018-05-30,"Annie, Jenny, Eva","TM2","lower","7.0",NA,NA,NA,"red",NA,NA,NA,NA,NA,NA,NA,NA,NA,"X",NA,NA,NA,NA,NA,NA,NA,NA,NA,NA,NA,NA,NA,NA
"1561",NA,NA,2018,2018-05-30,"Annie, Jenny, Eva","TM2","lower","7.0",NA,NA,NA,"red","white",NA,NA,NA,NA,NA,NA,NA,NA,"X",NA,NA,NA,NA,NA,NA,NA,NA,NA,NA,NA,NA,NA,NA
"1562",NA,NA,2018,2018-05-30,"Annie, Jenny, Eva","TM2","lower","7.0",NA,NA,NA,"red","blue",NA,NA,NA,NA,NA,"<1","10.2",NA,"V",NA,NA,NA,NA,NA,NA,"no",NA,NA,NA,NA,NA,NA,0.5
"1563",NA,NA,2018,2018-05-30,"Annie, Jenny, Eva","TM2","lower","7.0",NA,NA,NA,"red","red",NA,NA,NA,NA,NA,"<1","20.5",NA,"P","0.0","2.0",3.5,NA,NA,NA,"no",NA,NA,NA,NA,NA,NA,0.5
"1564",NA,NA,2018,2018-05-30,"Annie, Jenny, Eva","TM2","lower","7.0",NA,NA,NA,"red",NA,NA,NA,NA,NA,NA,NA,NA,NA,"X",NA,NA,NA,NA,NA,NA,NA,NA,NA,NA,NA,NA,NA,NA
"1565",NA,NA,2018,2018-05-30,"Annie, Jenny, Eva","TM2","lower","7.0",NA,NA,NA,"red",NA,NA,NA,NA,NA,NA,NA,NA,NA,"X",NA,NA,NA,NA,NA,NA,NA,NA,NA,NA,NA,NA,NA,NA
"1566",NA,NA,2018,2018-05-30,"Annie, Jenny, Eva","TM2","lower","7.0",NA,NA,NA,"red",NA,NA,NA,NA,NA,NA,NA,NA,NA,"X",NA,NA,NA,NA,NA,NA,NA,NA,NA,NA,NA,NA,NA,NA
"1567",NA,NA,2018,2018-05-30,"Annie, Jenny, Eva","TM2","lower","7.0",NA,NA,NA,"red",NA,NA,NA,NA,NA,NA,"<1","6.9",NA,"P","0.0","1.0",0.8,NA,NA,NA,"no",NA,NA,NA,NA,NA,NA,0.5
"1568",NA,NA,2018,2018-05-30,"Annie, Jenny, Eva","TM2","lower","7.0",NA,NA,NA,"red","blue",NA,NA,NA,NA,NA,NA,NA,NA,"X",NA,NA,NA,NA,NA,NA,"no",NA,NA,NA,NA,NA,NA,NA
"1569",NA,NA,2018,2018-05-30,"Annie, Jenny, Eva","TM2","lower","7.0",NA,NA,NA,"red","white",NA,NA,NA,NA,NA,"<1","10.2",NA,"P","0.0","1.0",2.4,NA,NA,NA,"no",NA,NA,NA,NA,NA,NA,0.5
"1570",NA,NA,2018,2018-05-30,"Annie, Jenny, Eva","TM2","lower","7.0",NA,NA,NA,"red","white",NA,NA,NA,NA,NA,"<1","10.4",NA,"P","0.0","1.0",1.1,NA,NA,NA,"no",NA,NA,NA,NA,NA,NA,0.5
"1571",NA,NA,2018,2018-05-30,"Annie, Jenny, Eva","TM2","lower","7.0",NA,NA,NA,"red","ylw",NA,NA,NA,NA,NA,NA,NA,NA,"X",NA,NA,NA,NA,NA,NA,NA,NA,NA,NA,NA,NA,NA,NA
"1572",NA,NA,2018,2018-05-30,"Annie, Jenny, Eva","TM2","lower","7.0",NA,NA,NA,"ylw","white",NA,NA,NA,NA,NA,NA,NA,NA,"X",NA,NA,NA,NA,NA,NA,"no",NA,NA,NA,NA,NA,NA,NA
"1573",NA,NA,2018,2018-05-30,"Annie, Jenny, Eva","TM2","lower","7.0",NA,NA,NA,"ylw",NA,NA,NA,NA,NA,NA,NA,NA,NA,"X",NA,NA,NA,NA,NA,NA,NA,NA,NA,NA,NA,NA,NA,NA
"1574",NA,NA,2018,2018-05-30,"Annie, Jenny, Eva","TM2","lower","7.0",NA,NA,NA,"blue","white",NA,NA,NA,NA,NA,NA,NA,NA,"X",NA,NA,NA,NA,NA,NA,NA,NA,NA,NA,NA,NA,NA,NA
"1575",NA,NA,2018,2018-05-30,"Annie, Jenny, Eva","TM2","lower","7.5",NA,NA,NA,"red",NA,NA,NA,NA,NA,NA,NA,NA,NA,"X",NA,NA,NA,NA,NA,NA,NA,NA,NA,NA,NA,NA,NA,NA
"1576",NA,NA,2018,2018-05-30,"Annie, Jenny, Eva","TM2","lower","7.5",NA,NA,NA,"red",NA,NA,NA,NA,NA,NA,NA,NA,NA,"X",NA,NA,NA,NA,NA,NA,NA,NA,NA,NA,NA,NA,NA,NA
"1577",NA,NA,2018,2018-05-30,"Annie, Jenny, Eva","TM2","lower","7.5",NA,NA,NA,"red",NA,NA,NA,NA,NA,NA,NA,NA,NA,"X",NA,NA,NA,NA,NA,NA,NA,NA,NA,NA,NA,NA,NA,NA
"1578",NA,NA,2018,2018-05-30,"Annie, Jenny, Eva","TM2","lower","7.5",NA,NA,NA,"red","ylw",NA,NA,NA,NA,NA,"<1","13.2",NA,"P","0.0","1.0",3.4,NA,NA,NA,"no",NA,NA,NA,NA,NA,NA,0.5
"1579",NA,NA,2018,2018-05-30,"Annie, Jenny, Eva","TM2","lower","7.5",NA,NA,NA,"red","white",NA,NA,NA,NA,NA,"<1","9.7",NA,"P","0.0","1.0",0.8,NA,NA,NA,"no",NA,NA,NA,NA,NA,NA,0.5
"1580",NA,NA,2018,2018-05-30,"Annie, Jenny, Eva","TM2","lower","7.5",NA,NA,NA,"red","blue",NA,NA,NA,NA,NA,"<1","4.5",NA,"V","0.0","0.0",0,NA,NA,NA,"no",NA,NA,NA,NA,NA,NA,0.5
"1581",NA,NA,2018,2018-05-30,"Annie, Jenny, Eva","TM2","lower","7.5",NA,NA,NA,"red",NA,NA,NA,NA,NA,NA,"<1","4.2",NA,"V","0.0","0.0",NA,NA,NA,NA,"no",NA,NA,NA,NA,NA,NA,0.5
"1582",NA,NA,2018,2018-05-30,"Annie, Jenny, Eva","TM2","lower","7.5",NA,NA,NA,"red","blue",NA,NA,NA,NA,NA,"<1","5.5",NA,"P","0.0","1.0",2.8,NA,NA,NA,"no",NA,NA,NA,NA,NA,NA,0.5
"1583",NA,NA,2018,2018-05-30,"Annie, Jenny, Eva","TM2","lower","7.5",NA,NA,NA,"red","white",NA,NA,NA,NA,NA,"1.4","25.5",NA,"P","0.0","4.0",7,NA,NA,NA,"no",NA,NA,NA,NA,NA,NA,1.4
"1584",NA,NA,2018,2018-05-30,"Annie, Jenny, Eva","TM2","lower","7.5",NA,NA,NA,"red","white",NA,NA,NA,NA,NA,"<1","11.5",NA,"P","0.0","1.0",3.5,NA,NA,NA,"no",NA,NA,NA,NA,NA,NA,0.5
"1585",NA,NA,2018,2018-05-30,"Annie, Jenny, Eva","TM2","lower","7.5",NA,NA,NA,"red","white",NA,NA,NA,NA,NA,"<1","8.9",NA,"P","0.0","1.0",3,NA,NA,NA,"no",NA,NA,NA,NA,NA,NA,0.5
"1586",NA,NA,2018,2018-05-30,"Annie, Jenny, Eva","TM2","lower","7.5",NA,NA,NA,"red",NA,NA,NA,NA,NA,NA,NA,NA,NA,"X",NA,NA,NA,NA,NA,NA,NA,NA,NA,NA,NA,NA,NA,NA
"1587",NA,NA,2018,2018-05-30,"Annie, Jenny, Eva","TM2","lower","7.5",NA,NA,NA,"red",NA,NA,NA,NA,NA,NA,NA,NA,NA,"X",NA,NA,NA,NA,NA,NA,NA,NA,NA,NA,NA,NA,NA,NA
"1588",NA,NA,2018,2018-05-30,"Annie, Jenny, Eva","TM2","lower","7.5",NA,NA,NA,"red",NA,NA,NA,NA,NA,NA,NA,NA,NA,"X",NA,NA,NA,NA,NA,NA,NA,NA,NA,NA,NA,NA,NA,NA
"1589",NA,NA,2018,2018-05-30,"Annie, Jenny, Eva","TM2","lower","7.5",NA,NA,NA,"red",NA,NA,NA,NA,NA,NA,NA,NA,NA,"X",NA,NA,NA,NA,NA,NA,NA,NA,NA,NA,NA,NA,NA,NA
"1590",NA,NA,2018,2018-05-30,"Annie, Jenny, Eva","TM2","lower","7.5",NA,NA,NA,"red",NA,NA,NA,NA,NA,NA,NA,NA,NA,"X",NA,NA,NA,NA,NA,NA,NA,NA,NA,NA,NA,NA,NA,NA
"1591",NA,NA,2018,2018-05-30,"Annie, Jenny, Eva","TM2","lower","7.5",NA,NA,NA,"red","white",NA,NA,NA,NA,NA,NA,"11.4",NA,"V","0.0","0.0",0,NA,NA,NA,"yes",NA,NA,NA,NA,NA,NA,NA
"1592",NA,NA,2018,2018-05-30,"Annie, Jenny, Eva","TM2","lower","7.5",NA,NA,NA,"red",NA,NA,NA,NA,NA,NA,"<1","5.0",NA,"P","0.0","1.0",0.6,NA,NA,NA,"no",NA,NA,NA,NA,NA,NA,0.5
"1593",NA,NA,2018,2018-05-30,"Annie, Jenny, Eva","TM2","lower","7.5",NA,NA,NA,"red",NA,NA,NA,NA,NA,NA,"<1","2.5",NA,"V","0.0","0.0",0,NA,NA,NA,"no",NA,NA,NA,NA,NA,NA,0.5
"1594",NA,NA,2018,2018-05-30,"Annie, Jenny, Eva","TM2","lower","7.5",NA,NA,NA,"red",NA,NA,NA,NA,NA,NA,"<1","1.8",NA,"V","0.0","0.0",0,NA,NA,NA,"no",NA,NA,NA,NA,NA,NA,0.5
"1595",NA,NA,2018,2018-05-30,"Annie, Jenny, Eva","TM2","lower","7.5",NA,NA,NA,"red","white",NA,NA,NA,NA,NA,NA,NA,NA,"X",NA,NA,NA,NA,NA,NA,NA,NA,NA,NA,NA,NA,NA,NA
"1596",NA,NA,2018,2018-05-30,"Annie, Jenny, Eva","TM2","lower","7.5",NA,NA,NA,"red",NA,NA,NA,NA,NA,NA,NA,NA,NA,"X",NA,NA,NA,NA,NA,NA,NA,NA,NA,NA,NA,NA,NA,NA
"1597",NA,NA,2018,2018-05-30,"Annie, Jenny, Eva","TM2","lower","7.5",NA,NA,NA,"red",NA,NA,NA,NA,NA,NA,NA,NA,NA,"X",NA,NA,NA,NA,NA,NA,NA,NA,NA,NA,NA,NA,NA,NA
"1598",NA,NA,2018,2018-05-30,"Annie, Jenny, Eva","TM2","lower","7.5",NA,NA,NA,"red","white",NA,NA,NA,NA,NA,"<1","7.5",NA,"P","0.0","0.0",NA,NA,NA,NA,"no",NA,NA,NA,NA,NA,NA,0.5
"1599",NA,NA,2018,2018-05-30,"Annie, Jenny, Eva","TM2","lower","7.5",NA,NA,NA,"ylw",NA,NA,NA,NA,NA,NA,"<1","8.7",NA,"P","0.0","1.0",2.5,NA,NA,NA,"no",NA,NA,NA,NA,NA,NA,0.5
"1600",NA,NA,2018,2018-05-30,"Annie, Jenny, Eva","TM2","lower","7.5",NA,NA,NA,"ylw",NA,NA,NA,NA,NA,NA,NA,NA,NA,"X",NA,NA,NA,NA,NA,NA,NA,NA,NA,NA,NA,NA,NA,NA
"1601",NA,NA,2018,2018-05-30,"Annie, Jenny, Eva","TM2","lower","7.5",NA,NA,NA,"blue",NA,NA,NA,NA,NA,NA,"<1","2.5",NA,"V","0.0","0.0",NA,NA,NA,NA,"no",NA,NA,NA,NA,NA,NA,0.5
"1602",NA,NA,2018,2018-05-30,"Annie, Jenny, Eva","TM2","lower","8.0",NA,NA,NA,"red",NA,NA,NA,NA,NA,NA,"1.8","23.0",NA,"F","2.0","3.0",5.2,NA,NA,NA,"yes",NA,NA,NA,NA,NA,NA,1.8
"1603",NA,NA,2018,2018-05-30,"Annie, Jenny, Eva","TM2","lower","8.0",NA,NA,NA,"red",NA,NA,NA,NA,NA,NA,"<1","3.4",NA,"V","0.0","0.0",0,NA,NA,NA,"no",NA,NA,NA,NA,NA,NA,0.5
"1604",NA,NA,2018,2018-05-30,"Annie, Jenny, Eva","TM2","lower","8.0",NA,NA,NA,"red",NA,NA,NA,NA,NA,NA,"<1","5.5",NA,"B","0.0","0.0",0,NA,NA,NA,"no",NA,NA,NA,NA,NA,NA,0.5
"1605",NA,NA,2018,2018-05-30,"Annie, Jenny, Eva","TM2","lower","8.0",NA,NA,NA,"red","blue",NA,NA,NA,NA,NA,"<1","5.1",NA,"P","0.0","1.0",1.1,NA,NA,NA,"no",NA,NA,NA,NA,NA,NA,0.5
"1606",NA,NA,2018,2018-05-30,"Annie, Jenny, Eva","TM2","lower","8.0",NA,NA,NA,"red",NA,NA,NA,NA,NA,NA,NA,NA,NA,"X",NA,NA,NA,NA,NA,NA,NA,NA,NA,NA,NA,NA,NA,NA
"1607",NA,NA,2018,2018-05-30,"Annie, Jenny, Eva","TM2","lower","8.0",NA,NA,NA,"red",NA,NA,NA,NA,NA,NA,NA,NA,NA,"X",NA,NA,NA,NA,NA,NA,NA,NA,NA,NA,NA,NA,NA,NA
"1608",NA,NA,2018,2018-05-30,"Annie, Jenny, Eva","TM2","lower","8.0",NA,NA,NA,"red","blue",NA,NA,NA,NA,NA,"<1","10.1",NA,"P","0.0","1.0",3.1,NA,NA,NA,"no",NA,NA,NA,NA,NA,NA,0.5
"1609",NA,NA,2018,2018-05-30,"Annie, Jenny, Eva","TM2","lower","8.0",NA,NA,NA,"red",NA,NA,NA,NA,NA,NA,NA,NA,NA,"X",NA,NA,NA,NA,NA,NA,NA,NA,NA,NA,NA,NA,NA,NA
"1610",NA,NA,2018,2018-05-30,"Annie, Jenny, Eva","TM2","lower","8.0",NA,NA,NA,"red",NA,NA,NA,NA,NA,NA,NA,NA,NA,"X",NA,NA,NA,NA,NA,NA,NA,NA,NA,NA,NA,NA,NA,NA
"1611",NA,NA,2018,2018-05-30,"Annie, Jenny, Eva","TM2","lower","8.0",NA,NA,NA,"red",NA,NA,NA,NA,NA,NA,NA,NA,NA,"X",NA,NA,NA,NA,NA,NA,NA,NA,NA,NA,NA,NA,NA,NA
"1612",NA,NA,2018,2018-05-30,"Annie, Jenny, Eva","TM2","lower","8.0",NA,NA,NA,"red",NA,NA,NA,NA,NA,NA,NA,NA,NA,"X",NA,NA,NA,NA,NA,NA,NA,NA,NA,NA,NA,NA,NA,NA
"1613",NA,NA,2018,2018-05-30,"Annie, Jenny, Eva","TM2","lower","8.0",NA,NA,NA,"red",NA,NA,NA,NA,NA,NA,NA,NA,NA,"X",NA,NA,NA,NA,NA,NA,NA,NA,NA,NA,NA,NA,NA,NA
"1614",NA,NA,2018,2018-05-30,"Annie, Jenny, Eva","TM2","lower","8.0",NA,NA,NA,"red",NA,NA,NA,NA,NA,NA,"<1","4.5",NA,"B","0.0","0.0",0,NA,NA,NA,"no",NA,NA,NA,NA,NA,NA,0.5
"1615",NA,NA,2018,2018-05-30,"Annie, Jenny, Eva","TM2","lower","8.0",NA,NA,NA,"red",NA,NA,NA,NA,NA,NA,"<1","5.0",NA,"F","1.0","0.0",0,NA,NA,NA,"no",NA,NA,NA,NA,NA,NA,0.5
"1616",NA,NA,2018,2018-05-30,"Annie, Jenny, Eva","TM2","lower","8.0",NA,NA,NA,"red","blue",NA,NA,NA,NA,NA,"<1","7.2",NA,"P","0.0","1.0",2.4,NA,NA,NA,"no",NA,NA,NA,NA,NA,NA,0.5
"1617",NA,NA,2018,2018-05-30,"Annie, Jenny, Eva","TM2","lower","8.0",NA,NA,NA,"red","white",NA,NA,NA,NA,NA,"<1","17.2",NA,"P","0.0","2.0",4.3,NA,NA,NA,"no",NA,NA,NA,NA,NA,NA,0.5
"1618",NA,NA,2018,2018-05-30,"Annie, Jenny, Eva","TM2","lower","8.0",NA,NA,NA,"red",NA,NA,NA,NA,NA,NA,NA,NA,NA,"X",NA,NA,NA,NA,NA,NA,NA,NA,NA,NA,NA,NA,NA,NA
"1619",NA,NA,2018,2018-05-30,"Annie, Jenny, Eva","TM2","lower","8.0",NA,NA,NA,"red",NA,NA,NA,NA,NA,NA,NA,NA,NA,"X",NA,NA,NA,NA,NA,NA,NA,NA,NA,NA,NA,NA,NA,NA
"1620",NA,NA,2018,2018-05-30,"Annie, Jenny, Eva","TM2","lower","8.0",NA,NA,NA,"red",NA,NA,NA,NA,NA,NA,NA,NA,NA,"X",NA,NA,NA,NA,NA,NA,NA,NA,NA,NA,NA,NA,NA,NA
"1621",NA,NA,2018,2018-05-30,"Annie, Jenny, Eva","TM2","lower","8.0",NA,NA,NA,"ylw","white",NA,NA,NA,NA,NA,"<1","18.7",NA,"P","0.0","2.0",4.9,NA,NA,NA,"no",NA,NA,NA,NA,NA,NA,0.5
"1622",NA,NA,2018,2018-05-30,"Annie, Jenny, Eva","TM2","lower","8.5",NA,NA,NA,"red",NA,NA,NA,NA,NA,NA,NA,NA,NA,"X",NA,NA,NA,NA,NA,NA,NA,NA,NA,NA,NA,NA,NA,NA
"1623",NA,NA,2018,2018-05-30,"Annie, Jenny, Eva","TM2","lower","8.5",NA,NA,NA,"red",NA,NA,NA,NA,NA,NA,NA,NA,NA,"X",NA,NA,NA,NA,NA,NA,NA,NA,NA,NA,NA,NA,NA,NA
"1624",NA,NA,2018,2018-05-30,"Annie, Jenny, Eva","TM2","lower","8.5",NA,NA,NA,"red","white",NA,NA,NA,NA,NA,"<1","9.7",NA,"P","0.0","1.0",3.1,NA,NA,NA,"no",NA,NA,NA,NA,NA,NA,0.5
"1625",NA,NA,2018,2018-05-30,"Annie, Jenny, Eva","TM2","lower","8.5",NA,NA,NA,"red","blue",NA,NA,NA,NA,NA,"<1","9.9",NA,"P","0.0","0.0",0,NA,NA,NA,"no",NA,NA,NA,NA,NA,"1 aborted fruit",0.5
"1626",NA,NA,2018,2018-05-30,"Annie, Jenny, Eva","TM2","lower","8.5",NA,NA,NA,"red","blue",NA,NA,NA,NA,NA,"<1","6.2",NA,"P","0.0","1.0",1.3,NA,NA,NA,"no",NA,NA,NA,NA,NA,NA,0.5
"1627",NA,NA,2018,2018-05-30,"Annie, Jenny, Eva","TM2","lower","9.0",NA,NA,NA,"red",NA,NA,NA,NA,NA,NA,NA,NA,NA,"X",NA,NA,NA,NA,NA,NA,NA,NA,NA,NA,NA,NA,NA,NA
"1628",NA,NA,2018,2018-05-30,"Annie, Jenny, Eva","TM2","lower","9.0",NA,NA,NA,"red",NA,NA,NA,NA,NA,NA,NA,NA,NA,"X",NA,NA,NA,NA,NA,NA,NA,NA,NA,NA,NA,NA,NA,NA
"1629",NA,NA,2018,2018-05-30,"Annie, Jenny, Eva","TM2","lower","9.0",NA,NA,NA,"red",NA,NA,NA,NA,NA,NA,NA,NA,NA,"X",NA,NA,NA,NA,NA,NA,NA,NA,NA,NA,NA,NA,NA,NA
"1630",NA,NA,2018,2018-05-30,"Annie, Jenny, Eva","TM2","lower","9.0",NA,NA,NA,"red","blue",NA,NA,NA,NA,NA,"<1","11.3",NA,"P","0.0","3.0",3.5,NA,NA,NA,"no",NA,NA,NA,NA,NA,"*2 of these are developing",0.5
"1631",NA,NA,2018,2018-05-30,"Annie, Jenny, Eva","TM2","lower","9.0",NA,NA,NA,"red","blue",NA,NA,NA,NA,NA,"<1","7.9",NA,"P","0.0","1.0",0.5,NA,NA,NA,"no",NA,NA,NA,NA,NA,NA,0.5
"1632",NA,NA,2018,2018-05-30,"Annie, Jenny, Eva","TM2","lower","9.5",NA,NA,NA,NA,NA,NA,NA,NA,NA,NA,NA,NA,NA,NA,NA,NA,NA,NA,NA,NA,NA,NA,NA,NA,NA,NA,NA,NA
"1633",NA,NA,2018,2018-05-30,"Annie, Jenny, Eva","TM2","lower","10.0",NA,NA,NA,"red",NA,NA,NA,NA,NA,NA,"<1","4.4",NA,"B","0.0","0.0",0,NA,NA,NA,"no",NA,NA,NA,NA,NA,NA,0.5
"1634",NA,NA,2018,2018-05-30,"Annie, Jenny, Eva","TM2","lower","10.0",NA,NA,NA,"blue","blue",NA,NA,NA,NA,NA,"<1","7.7",NA,"P","0.0","1.0",2.5,NA,NA,NA,"no",NA,NA,NA,NA,NA,NA,0.5
"1635",NA,NA,2018,2018-05-30,"Annie, Jenny, Eva","TM2","lower","10.5",NA,NA,NA,"red",NA,NA,NA,NA,NA,NA,NA,NA,NA,"X",NA,NA,NA,NA,NA,NA,NA,NA,NA,NA,NA,NA,NA,NA
"1636",NA,NA,2018,2018-05-30,"Annie, Jenny, Eva","TM2","lower","10.5",NA,NA,NA,"red",NA,NA,NA,NA,NA,NA,NA,NA,NA,"X",NA,NA,NA,NA,NA,NA,NA,NA,NA,NA,NA,NA,NA,NA
"1637",NA,NA,2018,2018-05-30,"Annie, Jenny, Eva","TM2","lower","10.5",NA,NA,NA,"red",NA,NA,NA,NA,NA,NA,"<1","8.5",NA,"P","0.0","1.0",1.1,NA,NA,NA,"no",NA,NA,NA,NA,NA,NA,0.5
"1638",NA,NA,2018,2018-05-30,"Annie, Jenny, Eva","TM2","lower","10.5",NA,NA,NA,"red","blue",NA,NA,NA,NA,NA,"<1","7.6",NA,"P","0.0","1.0",1.9,NA,NA,NA,"no",NA,NA,NA,NA,NA,NA,0.5
"1639",NA,NA,2018,2018-05-30,"Annie, Jenny, Eva","TM2","lower","10.5",NA,NA,NA,"red","blue",NA,NA,NA,NA,NA,"<1","10.5",NA,"P","0.0","0.0",0,NA,NA,NA,"no",NA,NA,NA,NA,NA,"1 aborted fruit",0.5
"1640",NA,NA,2018,2018-05-31,"Eva & Mimi","TM2","lower","15.5",NA,NA,NA,"ylw",NA,NA,NA,NA,NA,NA,NA,NA,NA,NA,NA,NA,NA,NA,NA,NA,NA,NA,NA,NA,NA,NA,"missing-dead last time",NA
"1641",NA,NA,2018,2018-05-31,"Eva & Mimi","TM2","lower","15.5",NA,NA,NA,"ylw","blue",NA,NA,NA,NA,NA,NA,NA,NA,"X",NA,NA,NA,NA,NA,NA,NA,NA,NA,NA,NA,NA,NA,NA
"1642",NA,NA,2018,2018-05-31,"Eva & Mimi","TM2","lower","15.5",NA,NA,NA,"ylw","blue",NA,NA,NA,NA,NA,"<1","9.9",NA,"P",NA,"1.0",2,NA,NA,NA,"no",NA,NA,NA,NA,NA,NA,0.5
"1643",NA,NA,2018,2018-05-31,"Eva & Mimi","TM2","lower","15.5",NA,NA,NA,"ylw",NA,NA,NA,NA,NA,NA,NA,NA,NA,"X",NA,NA,NA,NA,NA,NA,NA,NA,NA,NA,NA,NA,NA,NA
"1644",NA,NA,2018,2018-05-31,"Eva & Mimi","TM2","lower","15.5",NA,NA,NA,"blue",NA,NA,NA,NA,NA,NA,NA,NA,NA,"X",NA,NA,NA,NA,NA,NA,NA,NA,NA,NA,NA,NA,NA,NA
"1645",NA,NA,2018,2018-05-31,"Eva & Mimi","TM2","lower","16.0",NA,NA,NA,"red",NA,NA,NA,NA,NA,NA,"<1","1.0",NA,"V",NA,NA,NA,NA,NA,"3","no",NA,NA,NA,NA,NA,NA,0.5
"1646",NA,NA,2018,2018-05-31,"Eva & Mimi","TM2","lower","16.0",NA,NA,NA,"red","blue",NA,NA,NA,NA,NA,"<1","10.2",NA,"P","0.0","1.0",3,NA,NA,NA,"no",NA,NA,NA,NA,NA,NA,0.5
"1647",NA,NA,2018,2018-05-31,"Eva & Mimi","TM2","lower","16.0",NA,NA,NA,"red",NA,NA,NA,NA,NA,NA,NA,NA,NA,"X",NA,NA,NA,NA,NA,NA,NA,NA,NA,NA,NA,NA,NA,NA
"1648",NA,NA,2018,2018-05-31,"Eva & Mimi","TM2","lower","16.0","Y",NA,NA,"red","white",NA,NA,NA,17,12,"3.73","48.5",NA,"P",NA,"17.0",7.6,NA,NA,NA,"no",NA,NA,NA,NA,NA,NA,3.73
"1649",NA,NA,2018,2018-05-31,"Eva & Mimi","TM2","lower","16.0",NA,NA,NA,"red","blue",NA,NA,NA,NA,NA,"<1","6.5",NA,"B","1 bud",NA,NA,NA,NA,NA,"no",NA,NA,NA,NA,NA,NA,0.5
"1650",NA,NA,2018,2018-05-31,"Eva & Mimi","TM2","lower","16.0",NA,NA,NA,"red",NA,NA,NA,NA,NA,NA,"~1","4.5",NA,"V",NA,NA,NA,NA,NA,"1.5","yes",NA,NA,NA,NA,NA,NA,0.5
"1651",NA,NA,2018,2018-05-31,"Eva & Mimi","TM2","lower","16.0",NA,NA,NA,"red","blue",NA,NA,NA,NA,NA,"<1","7.5",NA,"P",NA,"1.0",3.2,NA,NA,NA,"no",NA,NA,NA,NA,NA,NA,0.5
"1652",NA,NA,2018,2018-05-31,"Eva & Mimi","TM2","lower","16.0",NA,NA,NA,"red",NA,NA,NA,NA,NA,NA,"<1","13.5",NA,"P",NA,"1.0",3.6,NA,NA,NA,"no",NA,NA,NA,NA,NA,NA,0.5
"1653",NA,NA,2018,2018-05-31,"Eva & Mimi","TM2","lower","16.0",NA,NA,NA,"red","white",NA,NA,NA,NA,NA,"~1","18.0",NA,"P",NA,NA,NA,NA,NA,NA,"yes",NA,NA,NA,NA,NA,"2 new buds, lots of herbivory",0.5
"1654",NA,NA,2018,2018-05-31,"Eva & Mimi","TM2","lower","16.0",NA,NA,NA,"red",NA,NA,NA,NA,NA,NA,"<1","14.5",NA,"P","0.0","1.0",4.3,NA,NA,NA,"no",NA,NA,NA,NA,NA,NA,0.5
"1655",NA,NA,2018,2018-05-31,"Eva & Mimi","TM2","lower","16.0",NA,NA,NA,"red","blue",NA,NA,NA,NA,NA,NA,NA,NA,"X",NA,NA,NA,NA,NA,NA,NA,NA,NA,NA,NA,NA,NA,NA
"1656",NA,NA,2018,2018-05-31,"Eva & Mimi","TM2","lower","16.0",NA,NA,NA,"red","white",NA,NA,NA,NA,NA,"<1","15.0",NA,"P",NA,"2.0",3.6,NA,NA,NA,"no",NA,NA,NA,NA,NA,NA,0.5
"1657",NA,NA,2018,2018-05-31,"Eva & Mimi","TM2","lower","16.0",NA,NA,NA,"red",NA,NA,NA,NA,NA,NA,NA,NA,NA,"X",NA,NA,NA,NA,NA,NA,NA,NA,NA,NA,NA,NA,NA,NA
"1658",NA,NA,2018,2018-05-31,"Eva & Mimi","TM2","lower","16.0",NA,NA,NA,"red","white",NA,NA,NA,NA,NA,"<1","15.5",NA,"P",NA,"1.0",4.7,NA,NA,NA,"no",NA,NA,NA,NA,NA,NA,0.5
"1659",NA,NA,2018,2018-05-31,"Eva & Mimi","TM2","lower","16.0",NA,NA,NA,"ylw","blue",NA,NA,NA,NA,NA,"<1","4.8",NA,"B","1 bud",NA,NA,NA,NA,NA,"no",NA,NA,NA,NA,NA,NA,0.5
"1660",NA,NA,2018,2018-05-31,"Eva & Mimi","TM2","lower","16.0",NA,NA,NA,"ylw","white",NA,NA,NA,NA,NA,"~1","35.5",NA,"P",NA,"4.0",6.5,NA,NA,NA,"no",NA,NA,NA,NA,NA,NA,0.5
"1661",NA,NA,2018,2018-05-31,"Eva & Mimi","TM2","lower","16.0",NA,NA,NA,"ylw","white",NA,NA,NA,NA,NA,NA,NA,NA,"X",NA,NA,NA,NA,NA,NA,NA,NA,NA,NA,NA,NA,NA,NA
"1662",NA,NA,2018,2018-05-31,"Eva & Mimi","TM2","lower","16.0",NA,NA,NA,"ylw",NA,NA,NA,NA,NA,NA,NA,NA,NA,"X",NA,NA,NA,NA,NA,NA,NA,NA,NA,NA,NA,NA,NA,NA
"1663",NA,NA,2018,2018-05-31,"Eva & Mimi","TM2","lower","16.5",NA,NA,NA,"red","white",NA,NA,NA,NA,NA,NA,NA,NA,"X",NA,NA,NA,NA,NA,NA,NA,NA,NA,NA,NA,NA,NA,NA
"1664",NA,NA,2018,2018-05-31,"Eva & Mimi","TM2","lower","16.5",NA,NA,NA,"red",NA,NA,NA,NA,NA,NA,NA,NA,NA,"X",NA,NA,NA,NA,NA,NA,NA,NA,NA,NA,NA,NA,NA,NA
"1665",NA,NA,2018,2018-05-31,"Eva & Mimi","TM2","lower","16.5",NA,NA,NA,"red","blue",NA,NA,NA,NA,NA,"~1","29.5",NA,"P","0.0","2.0",6.5,NA,NA,NA,"no",NA,NA,NA,NA,NA,NA,0.5
"1666",NA,NA,2018,2018-05-31,"Eva & Mimi","TM2","lower","16.5",NA,NA,NA,"grn","white",NA,NA,NA,NA,NA,"~1","24.1",NA,"P","0.0","2.0",5.5,NA,NA,NA,"no",NA,NA,NA,NA,NA,NA,0.5
"1667",NA,NA,2018,2018-05-31,"Eva & Mimi","TM2","lower","17.0",NA,NA,NA,"red","blue",NA,NA,NA,NA,NA,"<1","9.0",NA,"P",NA,"1.0",2.4,NA,NA,NA,NA,NA,NA,NA,NA,NA,NA,0.5
"1668",NA,NA,2018,2018-05-31,"Eva & Mimi","TM2","lower","17.0",NA,NA,NA,"red","blue",NA,NA,NA,NA,NA,"~1","20.0",NA,"P",NA,"2.0",4.2,NA,NA,NA,"no",NA,NA,NA,NA,NA,NA,0.5
"1669",NA,NA,2018,2018-05-31,"Eva & Mimi","TM2","lower","17.0","Y",NA,NA,"red","red",NA,NA,NA,0,16,"3.8","38.5",NA,"P","0.0","20.0",8.5,NA,NA,NA,"no",NA,NA,NA,NA,NA,NA,3.8
"1670",NA,NA,2018,2018-05-31,"Eva & Mimi","TM2","lower","17.0",NA,NA,NA,"red",NA,NA,NA,NA,NA,NA,NA,NA,NA,"X",NA,NA,NA,NA,NA,NA,NA,NA,NA,NA,NA,NA,NA,NA
"1671",NA,NA,2018,2018-05-31,"Eva & Mimi","TM2","lower","17.5",NA,NA,NA,"red",NA,NA,NA,NA,NA,NA,"~1","6.0",NA,"V",NA,NA,NA,NA,NA,"2","yes",NA,NA,NA,NA,NA,NA,0.5
"1672",NA,NA,2018,2018-05-31,"Eva & Mimi","TM2","lower","17.5",NA,NA,NA,"red","blue",NA,NA,NA,NA,NA,NA,NA,NA,"X",NA,NA,NA,NA,NA,NA,NA,NA,NA,NA,NA,NA,NA,NA
"1673",NA,NA,2018,2018-05-31,"Eva & Mimi","TM2","lower","17.5",NA,NA,NA,"red","red",NA,NA,NA,NA,NA,"~1","25.0",NA,"P",NA,"4.0",7.5,NA,NA,NA,"no",NA,NA,NA,NA,NA,"broken stem",0.5
"1674",NA,NA,2018,2018-05-31,"Eva & Mimi","TM2","lower","17.5",NA,NA,NA,"red","blue",NA,NA,NA,NA,NA,"~1","26.0",NA,"F","1.0","2.0",5,NA,NA,NA,"no",NA,NA,NA,NA,NA,NA,0.5
"1675",NA,NA,2018,2018-05-31,"Eva & Mimi","TM2","lower","17.5","Y",NA,NA,"red","white",NA,NA,NA,8,20,"3.17","39.0",NA,"P",NA,"12.0",7,NA,NA,NA,"no",NA,NA,NA,NA,NA,"some siliques still forming",3.17
"1676",NA,NA,2018,2018-05-31,"Eva & Mimi","TM2","lower","17.5",NA,NA,NA,"red",NA,NA,NA,NA,NA,NA,NA,NA,NA,"X",NA,NA,NA,NA,NA,NA,NA,NA,NA,NA,NA,NA,NA,NA
"1677",NA,NA,2018,2018-05-31,"Eva & Mimi","TM2","lower","17.5",NA,NA,NA,"red",NA,NA,NA,NA,NA,NA,"~1","6.2",NA,"V",NA,NA,NA,NA,NA,"1.8","no",NA,NA,NA,NA,NA,NA,0.5
"1678",NA,NA,2018,2018-05-31,"Eva & Mimi","TM2","lower","17.5",NA,NA,NA,"red","white",NA,NA,NA,NA,NA,"<1","16.0",NA,"P",NA,"1.0",3,NA,NA,NA,"no",NA,NA,NA,NA,NA,NA,0.5
"1679",NA,NA,2018,2018-05-31,"Eva & Mimi","TM2","lower","17.5",NA,NA,NA,"red","white",NA,NA,NA,NA,NA,"~1","21.5",NA,"P",NA,"3.0",4,NA,NA,NA,"no",NA,NA,NA,NA,NA,NA,0.5
"1680",NA,NA,2018,2018-05-31,"Eva & Mimi","TM2","lower","17.5",NA,NA,NA,"red","blue",NA,NA,NA,NA,NA,"~1","19.0",NA,"P","0.0","1.0",4.5,NA,NA,NA,"no",NA,NA,NA,NA,NA,NA,0.5
"1681",NA,NA,2018,2018-05-31,"Eva & Mimi","TM2","lower","17.5",NA,NA,NA,"red",NA,NA,NA,NA,NA,NA,NA,NA,NA,"X",NA,NA,NA,NA,NA,NA,NA,NA,NA,NA,NA,NA,NA,NA
"1682",NA,NA,2018,2018-05-31,"Eva & Mimi","TM2","lower","17.5",NA,NA,NA,"Ylw","blue",NA,NA,NA,NA,NA,"~1","23.0",NA,"P",NA,"2.0",4.2,NA,NA,NA,NA,NA,NA,NA,NA,NA,NA,0.5
"1683",NA,NA,2018,2018-05-31,"Eva & Mimi","TM2","lower","17.5",NA,NA,NA,"Ylw",NA,NA,NA,NA,NA,NA,"<1","13.0",NA,"P",NA,"1.0",1.5,NA,NA,NA,"no",NA,NA,NA,NA,NA,NA,0.5
"1684",NA,NA,2018,2018-05-31,"Eva & Mimi","TM2","lower","17.5",NA,NA,NA,"blue",NA,NA,NA,NA,NA,NA,NA,NA,NA,"X",NA,NA,NA,NA,NA,NA,NA,NA,NA,NA,NA,NA,NA,NA
"1685",NA,NA,2018,2018-05-31,"Eva & Mimi","TM2","lower","17.5",NA,NA,NA,"blue",NA,NA,NA,NA,NA,NA,"<1","4.0",NA,"V",NA,NA,NA,NA,NA,"1.4","no",NA,NA,NA,NA,NA,NA,0.5
"1686",NA,NA,2018,2018-05-31,"Eva & Mimi","TM2","lower","18.0",NA,NA,NA,"red",NA,NA,NA,NA,NA,NA,NA,NA,NA,"X",NA,NA,NA,NA,NA,NA,NA,NA,NA,NA,NA,NA,NA,NA
"1687",NA,NA,2018,2018-05-31,"Eva & Mimi","TM2","lower","18.0",NA,NA,NA,"red",NA,NA,NA,NA,NA,NA,NA,NA,NA,"X",NA,NA,NA,NA,NA,NA,NA,NA,NA,NA,NA,NA,NA,NA
"1688",NA,NA,2018,2018-05-31,"Eva & Mimi","TM2","lower","18.0",NA,NA,NA,"red",NA,NA,NA,NA,NA,NA,NA,NA,NA,"X",NA,NA,NA,NA,NA,NA,NA,NA,NA,NA,NA,NA,NA,NA
"1689",NA,NA,2018,2018-05-31,"Eva & Mimi","TM2","lower","18.5",NA,NA,NA,"red","white",NA,NA,NA,NA,NA,"~1","26.5",NA,"P","0.0","4.0",7,NA,NA,NA,"no",NA,NA,NA,NA,NA,NA,0.5
"1690",NA,NA,2018,2018-05-31,"Eva & Mimi","TM2","lower","18.5",NA,NA,NA,"red",NA,NA,NA,NA,NA,NA,"<1","4.0",NA,"B","2 buds",NA,NA,NA,NA,NA,"no",NA,NA,NA,NA,NA,NA,0.5
"1691",NA,NA,2018,2018-05-31,"Eva & Mimi","TM2","lower","18.5",NA,NA,NA,"Ylw",NA,NA,NA,NA,NA,NA,NA,NA,NA,"X",NA,NA,NA,NA,NA,NA,NA,NA,NA,NA,NA,NA,NA,NA
"1692",NA,NA,2018,2018-05-31,"Eva & Mimi","TM2","lower","18.5",NA,NA,NA,"Ylw",NA,NA,NA,NA,NA,NA,NA,NA,NA,"X",NA,NA,NA,NA,NA,NA,NA,NA,NA,NA,NA,NA,NA,NA
"1693",NA,NA,2018,2018-05-30,NA,"TM2","upper","6.0",NA,NA,NA,"unmarked","unmarked",NA,NA,NA,NA,NA,"<1","7.2",NA,"P",NA,"1.0",1.6,NA,NA,NA,"no",NA,NA,NA,NA,NA,"dying",0.5
"1694",NA,NA,2018,2018-05-30,NA,"TM2","lower","7.5",NA,NA,NA,"unmarked","unmarked",NA,NA,NA,NA,NA,"1.82","17.7",NA,"P",NA,"2.0",3.2,NA,NA,NA,"no",NA,NA,NA,NA,NA,NA,1.82
"1695",NA,NA,2018,2018-05-30,NA,"TM2","lower","7.5",NA,NA,NA,"unmarked","unmarked",NA,NA,NA,NA,NA,"1.45","9.9",NA,"P",NA,"0.0",NA,NA,NA,NA,"no",NA,NA,NA,NA,NA,NA,1.45
"1696",NA,NA,2018,2018-05-30,NA,"TM2","lower","7.5",NA,NA,NA,"unmarked","unmarked",NA,NA,NA,NA,NA,"<1","2.4",NA,"V",NA,NA,NA,NA,NA,"4","no",NA,NA,NA,NA,NA,NA,0.5
"1697",NA,NA,2018,2018-05-30,NA,"TM2","lower","7.5",NA,NA,NA,"unmarked","unmarked",NA,NA,NA,NA,NA,"1.0","5.6",NA,"B","3 buds",NA,NA,NA,NA,NA,"yes",NA,NA,NA,NA,NA,"AMD",1
"1698",NA,NA,2019,2019-05-31,"Megan & Laura","TM","lower","2.5",NA,NA,NA,"blu",NA,NA,NA,NA,NA,NA,"<1","1.4",NA,"V",NA,NA,NA,NA,NA,"0.3","N",NA,NA,NA,NA,NA,"TP was actually blue. Could not find green. LL=0.3m",0.5
"1699",NA,NA,2019,2019-05-31,"Megan & Laura","TM","lower","3.0",NA,NA,NA,"ylw",NA,NA,NA,NA,NA,NA,NA,NA,NA,"X",NA,NA,NA,NA,NA,NA,NA,NA,NA,NA,NA,NA,NA,NA
"1700",NA,NA,2019,2019-05-31,"Megan & Laura","TM","lower","3.0",NA,NA,NA,"ylw","grn",NA,NA,NA,16,13,"1.17","20.8",NA,"P","0.0","0.0",NA,NA,NA,NA,"Y",NA,NA,NA,NA,NA,"only small failed fruits",1.17
"1701",NA,NA,2019,2019-05-31,"Megan & Laura","TM","lower","3.0",NA,NA,NA,"blk","grn",NA,"red",107,16,21,"3.88","52.8",NA,"P","13.0","16.0",76,NA,NA,NA,"Y",NA,NA,NA,NA,NA,NA,3.88
"1702",NA,NA,2019,2019-05-31,"Megan & Laura","TM","lower","3.0",NA,NA,NA,"ylw",NA,NA,NA,NA,NA,NA,NA,NA,NA,"X",NA,NA,NA,NA,NA,NA,NA,NA,NA,NA,NA,NA,NA,NA
"1703",NA,NA,2019,2019-05-31,"Megan & Laura","TM","lower","3.0",NA,NA,NA,"red","grn",NA,"red",49,36,16,"2.49","41.2",NA,"P","0.0","13.0",63,NA,NA,NA,"N",NA,NA,NA,NA,NA,NA,2.49
"1704",NA,NA,2019,2019-05-31,"Megan & Laura","TM","lower","3.0",NA,NA,NA,"red","grn",NA,"red",104,36,18,"4.01","50.0",NA,"P","0.0","9.0",65,NA,NA,NA,"N",NA,NA,NA,NA,NA,NA,4.01
"1705",NA,NA,2019,2019-05-31,"Megan & Laura","TM","lower","3.0",NA,NA,NA,"blk","grn",NA,"red",109,38,16,"2.03","39.5",NA,"P","2.0","4.0",29,NA,NA,NA,"Y",NA,NA,NA,NA,NA,"aphids",2.03
"1706",NA,NA,2019,2019-05-31,"Megan & Laura","TM","lower","3.0",NA,NA,NA,"orange","ylw",NA,"red",51,12,8,"4.04","29.9",NA,"P","8.0","1.0",16,NA,NA,NA,"Y",NA,NA,NA,NA,NA,"aphids present",4.04
"1707",NA,NA,2019,2019-05-31,"Megan & Laura","TM","lower","3.5",NA,NA,NA,"blu","grn",NA,"red",44,23,13,"2.9","17.4",NA,"P","0.0","0.0",NA,NA,NA,NA,"N",NA,NA,NA,NA,NA,"apical & leaf",2.9
"1708",NA,NA,2019,2019-05-31,"Megan & Laura","TM","lower","3.5",NA,NA,NA,"blu","grn",NA,"red",55,26,13,"2.68","41.7",NA,"P","0.0","3.0",71,NA,NA,NA,"N",NA,NA,NA,NA,NA,NA,2.68
"1709",NA,NA,2019,2019-05-31,"Megan & Laura","TM","lower","3.5",NA,NA,NA,"blu",NA,NA,"red",41,27,12,"2.48","40.0",NA,"P","0.0","4.0",68,NA,NA,NA,"N",NA,NA,NA,NA,NA,"no sword found",2.48
"1710",NA,NA,2019,2019-05-31,"Megan & Laura","TM","lower","3.5",NA,NA,NA,"blu","grn",NA,"red",101,29,11,"2.76","39.1",NA,"P","0.0","6.0",68,NA,NA,NA,"N",NA,NA,NA,NA,NA,NA,2.76
"1711",NA,NA,2019,2019-05-31,"Megan & Laura","TM","lower","3.5",NA,NA,NA,"ylw","grn",NA,NA,NA,NA,NA,NA,NA,NA,"X",NA,NA,NA,NA,NA,NA,NA,NA,NA,NA,NA,NA,NA,NA
"1712",NA,NA,2019,2019-05-31,"Megan & Laura","TM","lower","3.5",NA,NA,NA,"blk","grn",NA,"red",27,24,6,"3.39","34.4",NA,"P","0.0","13.0",62,NA,NA,NA,"Y",NA,NA,NA,NA,NA,"foliar damage",3.39
"1713",NA,NA,2019,2019-05-31,"Megan & Laura","TM","lower","3.5",NA,NA,NA,"orange","grn",NA,NA,NA,NA,NA,"1.43","26.8",NA,"P","0.0","2.0",51,NA,NA,NA,"N",NA,NA,NA,NA,NA,NA,1.43
"1714",NA,NA,2019,2019-05-31,"Megan & Laura","TM","lower","4.0",NA,NA,NA,"blu","ylw",NA,NA,NA,NA,NA,NA,NA,NA,"X",NA,NA,NA,NA,NA,NA,"N",NA,NA,NA,NA,NA,NA,NA
"1715",NA,NA,2019,2019-05-31,"Megan & Laura","TM","lower","4.0",NA,NA,NA,"ylw",NA,NA,NA,NA,NA,NA,"<1","5.1",NA,"F","1.0","0.0",NA,NA,NA,NA,"N",NA,NA,NA,NA,NA,NA,0.5
"1716",NA,NA,2019,2019-05-31,"Megan & Laura","TM","lower","4.5",NA,NA,NA,"blu",NA,NA,NA,NA,NA,NA,NA,NA,NA,"X",NA,NA,NA,NA,NA,NA,NA,NA,NA,NA,NA,NA,NA,NA
"1717",NA,NA,2019,2019-05-31,"Megan & Laura","TM","lower","4.5",NA,NA,NA,"grn","ylw",NA,NA,NA,NA,NA,NA,NA,NA,"X",NA,NA,NA,NA,NA,NA,NA,NA,NA,NA,NA,NA,"bioed w/o reproducing",NA
"1718",NA,NA,2019,2019-05-31,"Megan & Laura","TM","lower","4.5",NA,NA,NA,"ylw",NA,NA,NA,NA,NA,NA,"1.05","13.2",NA,"F","1.0","0.0",NA,NA,NA,NA,"N",NA,NA,NA,NA,NA,NA,1.05
"1719",NA,NA,2019,2019-05-31,"Megan & Laura","TM","lower","4.5",NA,NA,NA,"ylw",NA,NA,NA,NA,NA,NA,"1.32","8.7",NA,"P","1.0","1.0",11,NA,NA,NA,"N",NA,NA,NA,NA,NA,NA,1.32
"1720",NA,NA,2019,2019-05-31,"Megan & Laura","TM","lower","4.5",NA,NA,NA,"red",NA,NA,NA,NA,NA,NA,NA,NA,NA,"X",NA,NA,NA,NA,NA,NA,NA,NA,NA,NA,NA,NA,NA,NA
"1721",NA,NA,2019,2019-05-31,"Megan & Laura","TM","lower","5.0",NA,NA,NA,NA,NA,NA,"red",NA,42,20,NA,NA,NA,"X",NA,NA,NA,NA,NA,NA,NA,NA,NA,NA,NA,NA,"no toothpick",NA
"1722",NA,NA,2019,2019-05-31,"Megan & Laura","TM","lower","5.0",NA,NA,NA,"blu",NA,NA,NA,NA,NA,NA,NA,NA,NA,"X",NA,NA,NA,NA,NA,NA,NA,NA,NA,NA,NA,NA,NA,NA
"1723",NA,NA,2019,2019-05-31,"Megan & Laura","TM","lower","5.0",NA,NA,NA,"blu",NA,NA,NA,NA,NA,NA,NA,NA,NA,"X",NA,NA,NA,NA,NA,NA,NA,NA,NA,NA,NA,NA,NA,NA
"1724",NA,NA,2019,2019-05-31,"Megan & Laura","TM","lower","5.0",NA,NA,NA,"blu",NA,NA,NA,NA,NA,NA,NA,NA,NA,"X",NA,NA,NA,NA,NA,NA,NA,NA,NA,NA,NA,NA,NA,NA
"1725",NA,NA,2019,2019-05-31,"Megan & Laura","TM","lower","5.0",NA,NA,NA,NA,NA,NA,"red",NA,30,10,NA,NA,NA,"X",NA,NA,NA,NA,NA,NA,NA,NA,NA,NA,NA,NA,"no toothpick",NA
"1726",NA,NA,2019,2019-05-31,"Megan & Laura","TM","lower","6.0",NA,NA,NA,"blu","grn",NA,NA,NA,NA,NA,"1.34","20.3",NA,"V",NA,NA,NA,NA,NA,"0.7","Y",NA,NA,NA,NA,NA,"apical, 0.7cm",1.34
"1727",NA,NA,2019,2019-05-31,"Megan & Laura","TM","lower","6.0",NA,NA,NA,"red",NA,NA,NA,NA,NA,NA,NA,NA,NA,"X",NA,NA,NA,NA,NA,NA,NA,NA,NA,NA,NA,NA,NA,NA
"1728",NA,NA,2019,2019-05-31,"Megan & Laura","TM","lower","6.0",NA,NA,NA,"red",NA,NA,NA,NA,NA,NA,"0.74","8.8",NA,"V",NA,NA,NA,NA,NA,"0.9","N",NA,NA,NA,NA,NA,"0.9cm",0.5
"1729",NA,NA,2019,2019-05-31,"Megan & Laura","TM","lower","6.5",NA,NA,NA,"blu",NA,NA,NA,NA,NA,NA,"<1","6.3",NA,"F","1.0","0.0",NA,NA,NA,NA,"N",NA,NA,NA,NA,NA,NA,0.5
"1730",NA,NA,2019,2019-05-31,"Megan & Laura","TM","lower","6.5",NA,NA,NA,"blu",NA,NA,NA,NA,NA,NA,"<1","8.2",NA,"F","1.0","0.0",NA,NA,NA,NA,"N",NA,NA,NA,NA,NA,"0.6cm",0.5
"1731",NA,NA,2019,2019-05-31,"Megan & Laura","TM","lower","6.5",NA,NA,NA,"ylw",NA,NA,NA,NA,NA,NA,NA,NA,NA,"X",NA,NA,NA,NA,NA,NA,"N",NA,NA,NA,NA,NA,NA,NA
"1732",NA,NA,2019,2019-05-31,"Megan & Laura","TM","lower","6.5",NA,NA,NA,"red","grn",NA,NA,NA,NA,NA,"<1","13.6",NA,"P","0.0","1.0",18,NA,NA,NA,"Y",NA,NA,NA,NA,NA,"apical",0.5
"1733",NA,NA,2019,2019-05-31,"Megan & Laura","TM","lower","6.5",NA,NA,NA,"red",NA,NA,NA,NA,NA,NA,NA,NA,NA,"X",NA,NA,NA,NA,NA,NA,"N",NA,NA,NA,NA,NA,NA,NA
"1734",NA,NA,2019,2019-05-31,"Megan & Laura","TM","lower","6.5",NA,NA,NA,"red",NA,NA,NA,NA,NA,NA,NA,NA,NA,"X",NA,NA,NA,NA,NA,NA,"N",NA,NA,NA,NA,NA,NA,NA
"1735",NA,NA,2019,2019-05-31,"Megan & Laura","TM","lower","6.5",NA,NA,NA,"red","N",NA,NA,NA,NA,NA,"<1","6.9",NA,"F","1.0","0.0",NA,NA,NA,NA,"N",NA,NA,NA,NA,NA,NA,0.5
"1736",NA,NA,2019,2019-05-31,"Megan & Laura","TM","lower","7.0",NA,NA,NA,"blu","grn",NA,NA,NA,NA,NA,"1.12","25.5",NA,"P","0.0","3.0",54,NA,NA,NA,"N",NA,NA,NA,NA,NA,NA,1.12
"1737",NA,NA,2019,2019-05-31,"Megan & Laura","TM","lower","7.0",NA,NA,NA,"blu",NA,NA,NA,NA,NA,NA,"0.87","2.2",NA,"V",NA,NA,NA,NA,NA,"0.5","N",NA,NA,NA,NA,NA,"LL=0.5cm",0.5
"1738",NA,NA,2019,2019-05-31,"Megan & Laura","TM","lower","7.0",NA,NA,NA,"ylw","blu",NA,NA,NA,NA,NA,"0.9","18.0",NA,"P","0.0","2.0",31,NA,NA,NA,"N",NA,NA,NA,NA,NA,NA,0.5
"1739",NA,NA,2019,2019-05-31,"Megan & Laura","TM","lower","7.0",NA,NA,NA,"red",NA,NA,NA,NA,NA,NA,NA,NA,NA,"X",NA,NA,NA,NA,NA,NA,NA,NA,NA,NA,NA,NA,NA,NA
"1740",NA,NA,2019,2019-05-31,"Megan & Laura","TM","lower","7.0",NA,NA,NA,"orange",NA,NA,NA,NA,NA,NA,"0.28","7.6",NA,"B",NA,NA,NA,NA,NA,NA,"Y",NA,NA,NA,NA,NA,"apical",0.5
"1741",NA,NA,2019,2019-05-31,"Megan & Laura","TM","lower","7.5",NA,NA,NA,"blu",NA,NA,NA,NA,NA,NA,"0.23","3.3",NA,"V","0.0","0.0",NA,NA,NA,"0.2","N",NA,NA,NA,NA,NA,"LL=0.2cm",0.5
"1742",NA,NA,2019,2019-05-31,"Megan & Laura","TM","lower","7.5",NA,NA,NA,"blu","ylw",NA,NA,NA,NA,NA,"0.42","8.5",NA,"F","1.0","0.0",NA,NA,NA,NA,"Y",NA,NA,NA,NA,NA,"foliar",0.5
"1743",NA,NA,2019,2019-05-31,"Megan & Laura","TM","lower","7.5",NA,NA,NA,"blu","blu",NA,NA,NA,NA,NA,"0.58","7.0",NA,"P","0.0","0.0",NA,NA,NA,NA,"N",NA,NA,NA,NA,NA,"had flower that failed to set",0.5
"1744",NA,NA,2019,2019-05-31,"Megan & Laura","TM","lower","7.5",NA,NA,NA,"blu",NA,NA,NA,NA,NA,NA,"0.32","6.0",NA,"B",NA,NA,NA,NA,NA,NA,"Y",NA,NA,NA,NA,NA,"foliar",0.5
"1745",NA,NA,2019,2019-05-31,"Megan & Laura","TM","lower","7.5",NA,NA,NA,"blu","ylw",NA,NA,NA,NA,NA,"0.52","14.2",NA,"F","2.0","0.0",NA,NA,NA,NA,"Y",NA,NA,NA,NA,NA,"foliar",0.5
"1746",NA,NA,2019,2019-05-31,"Megan & Laura","TM","lower","7.5",NA,NA,NA,"blu",NA,NA,NA,NA,NA,NA,"<1","3.6",NA,"V","0.0","0.0",NA,NA,NA,"0.6","N",NA,NA,NA,NA,NA,"LL=0.6cm",0.5
"1747",NA,NA,2019,2019-05-31,"Megan & Laura","TM","lower","7.5",NA,NA,NA,"blu",NA,NA,NA,NA,NA,NA,"<1","3.2",NA,"V","0.0","0.0",NA,NA,NA,"1.0","N",NA,NA,NA,NA,NA,"LL=1.0cm",0.5
"1748",NA,NA,2019,2019-05-31,"Megan & Laura","TM","lower","7.5",NA,NA,NA,"blu",NA,NA,NA,NA,NA,NA,"<1","2.6",NA,"B",NA,NA,NA,NA,NA,NA,"N",NA,NA,NA,NA,NA,NA,0.5
"1749",NA,NA,2019,2019-05-31,"Megan & Laura","TM","lower","7.5",NA,NA,NA,"blu",NA,NA,NA,NA,NA,NA,NA,NA,NA,"X",NA,NA,NA,NA,NA,NA,NA,NA,NA,NA,NA,NA,NA,NA
"1750",NA,NA,2019,2019-05-31,"Megan & Laura","TM","lower","7.5",NA,NA,NA,"blu",NA,NA,NA,NA,NA,NA,"<1","2.8",NA,"V",NA,NA,NA,NA,NA,"0.6","N",NA,NA,NA,NA,NA,"LL=0.6cm",0.5
"1751",NA,NA,2019,2019-05-31,"Megan & Laura","TM","lower","7.5",NA,NA,NA,"blu",NA,NA,NA,NA,NA,NA,"<1","7.3",NA,"V",NA,NA,NA,NA,NA,"0.4","Y",NA,NA,NA,NA,NA,"foliar, LL=0.4cm",0.5
"1752",NA,NA,2019,2019-05-31,"Megan & Laura","TM","lower","7.5",NA,NA,NA,"blu","blu",NA,NA,NA,NA,NA,"1.07","9.5",NA,"B",NA,NA,NA,NA,NA,NA,"Y",NA,NA,NA,NA,NA,"foliar",1.07
"1753",NA,NA,2019,2019-05-31,"Megan & Laura","TM","lower","7.5",NA,NA,NA,"blu","grn",NA,NA,NA,NA,NA,"<1","10.0",NA,"B",NA,NA,NA,NA,NA,NA,"Y",NA,NA,NA,NA,NA,"foliar",0.5
"1754",NA,NA,2019,2019-05-31,"Megan & Laura","TM","lower","7.5",NA,NA,NA,"blu",NA,NA,NA,NA,NA,NA,"<1","6.5",NA,"B",NA,NA,NA,NA,NA,NA,"N",NA,NA,NA,NA,NA,NA,0.5
"1755",NA,NA,2019,2019-05-31,"Megan & Laura","TM","lower","7.5",NA,NA,NA,"blu",NA,NA,NA,NA,NA,NA,"<1","10.7",NA,"B",NA,NA,NA,NA,NA,NA,"N",NA,NA,NA,NA,NA,NA,0.5
"1756",NA,NA,2019,2019-05-31,"Megan & Laura","TM2","lower","7.5",NA,NA,NA,"blu","blu",NA,NA,NA,NA,NA,"<1","18.5",NA,"P","0.0","1.0",6,NA,NA,NA,"N",NA,NA,NA,NA,NA,NA,0.5
"1757",NA,NA,2019,2019-05-31,"Megan & Laura","TM2","lower","7.5",NA,NA,NA,"blu","blu",NA,NA,NA,NA,NA,NA,NA,NA,"X",NA,NA,NA,NA,NA,NA,NA,NA,NA,NA,NA,NA,NA,NA
"1758",NA,NA,2019,2019-05-31,"Megan & Laura","TM2","lower","7.5",NA,NA,NA,"blu","blu",NA,NA,NA,NA,NA,"1.25","24.5",NA,"B","0.0","0.0",NA,NA,NA,NA,"Y",NA,NA,NA,NA,NA,"foliar",1.25
"1759",NA,NA,2019,2019-05-31,"Megan & Laura","TM2","lower","7.5",NA,NA,NA,"blu",NA,NA,NA,NA,NA,NA,NA,NA,NA,"X",NA,NA,NA,NA,NA,NA,"Y",NA,NA,NA,NA,NA,"apical & leaf",NA
"1760",NA,NA,2019,2019-05-31,"Megan & Laura","TM2","lower","7.5",NA,NA,NA,"blu",NA,NA,NA,NA,NA,NA,"<1","5.0",NA,"V","0.0","0.0",NA,NA,NA,"0.9","Y",NA,NA,NA,NA,NA,"LL=0.9cm",0.5
"1761",NA,NA,2019,2019-05-31,"Megan & Laura","TM2","lower","7.5",NA,NA,NA,"blu","blu",NA,NA,NA,NA,NA,NA,NA,NA,"X",NA,NA,NA,NA,NA,NA,NA,NA,NA,NA,NA,NA,NA,NA
"1762",NA,NA,2019,2019-05-31,"Megan & Laura","TM2","lower","7.5",NA,NA,NA,"blu","blu",NA,NA,NA,NA,NA,"<1","6.5",NA,"P","0.0","0.0",NA,NA,NA,NA,"N",NA,NA,NA,NA,NA,"flowers failed to set",0.5
"1763",NA,NA,2019,2019-05-31,"Megan & Laura","TM2","lower","7.5",NA,NA,NA,"blu",NA,NA,NA,NA,NA,NA,"<1","23.0",NA,"P","3.0","1.0",8,NA,NA,NA,"Y",NA,NA,NA,NA,NA,"foliar",0.5
"1764",NA,NA,2019,2019-05-31,"Megan & Laura","TM2","lower","7.5",NA,NA,NA,"blu","grn",NA,NA,NA,NA,NA,"<1","23.5",NA,"P","0.0","1.0",45,NA,NA,NA,"N",NA,NA,NA,NA,NA,NA,0.5
"1765",NA,NA,2019,2019-05-31,"Megan & Laura","TM2","lower","7.5",NA,NA,NA,"blu","grn",NA,NA,NA,NA,NA,"<1","17.5",NA,"P","0.0","2.0",27,NA,NA,NA,"Y",NA,NA,NA,NA,NA,"foliar",0.5
"1766",NA,NA,2019,2019-05-31,"Megan & Laura","TM2","lower","7.5",NA,NA,NA,"blu","blu",NA,NA,NA,NA,NA,NA,NA,NA,"X",NA,NA,NA,NA,NA,NA,NA,NA,NA,NA,NA,NA,NA,NA
"1767",NA,NA,2019,2019-05-31,"Megan & Laura","TM2","lower","7.5",NA,NA,NA,"blu",NA,NA,NA,NA,NA,NA,"<1","11.5",NA,"P","0.0","1.0",19,NA,NA,NA,"Y",NA,NA,NA,NA,NA,"foliar",0.5
"1768",NA,NA,2019,2019-05-31,"Megan & Laura","TM2","lower","7.5",NA,NA,NA,"blu","blu",NA,NA,NA,NA,NA,NA,NA,NA,"X",NA,NA,NA,NA,NA,NA,NA,NA,NA,NA,NA,NA,NA,NA
"1769",NA,NA,2019,2019-05-31,"Megan & Laura","TM2","lower","7.5",NA,NA,NA,"blu","grn",NA,NA,NA,NA,NA,NA,NA,NA,"X",NA,NA,NA,NA,NA,NA,NA,NA,NA,NA,NA,NA,NA,NA
"1770",NA,NA,2019,2019-05-31,"Megan & Laura","TM2","lower","7.5",NA,NA,NA,"ylw",NA,NA,NA,NA,NA,NA,NA,NA,NA,"X",NA,NA,NA,NA,NA,NA,NA,NA,NA,NA,NA,NA,NA,NA
"1771",NA,NA,2019,2019-05-31,"Megan & Laura","TM2","lower","7.5",NA,NA,NA,"ylw",NA,NA,NA,NA,NA,NA,NA,NA,NA,"X",NA,NA,NA,NA,NA,NA,NA,NA,NA,NA,NA,NA,NA,NA
"1772",NA,NA,2019,2019-05-31,"Megan & Laura","TM2","lower","7.5",NA,NA,NA,"ylw",NA,NA,NA,NA,NA,NA,"<1","0.6",NA,"V",NA,NA,NA,NA,NA,"0.1","N",NA,NA,NA,NA,NA,"LL=0.1cm",0.5
"1773",NA,NA,2019,2019-05-31,"Megan & Laura","TM2","lower","7.5",NA,NA,NA,"ylw",NA,NA,NA,NA,NA,NA,"<1","2.3",NA,"V",NA,NA,NA,NA,NA,"0.4","N",NA,NA,NA,NA,NA,"LL=0.4cm",0.5
"1774",NA,NA,2019,2019-05-31,"Megan & Laura","TM2","lower","7.5",NA,NA,NA,"ylw",NA,NA,NA,NA,NA,NA,"<1","4.0",NA,"V",NA,NA,NA,NA,NA,"0.5","Y",NA,NA,NA,NA,NA,"foliar, LL=0.5cm",0.5
"1775",NA,NA,2019,2019-05-31,"Megan & Laura","TM2","lower","7.5",NA,NA,NA,"blk",NA,NA,NA,NA,NA,NA,"<1","4.5",NA,"B",NA,NA,NA,NA,NA,NA,"N",NA,NA,NA,NA,NA,NA,0.5
"1776",NA,NA,2019,2019-05-31,"Megan & Laura","TM2","lower","7.5",NA,NA,NA,"blk",NA,NA,NA,NA,NA,NA,"<1","3.7",NA,"V",NA,NA,NA,NA,NA,"0.3","N",NA,NA,NA,NA,NA,"LL=0.3cm",0.5
"1777",NA,NA,2019,2019-05-31,"Megan & Laura","TM2","lower","7.5",NA,NA,NA,"blk",NA,NA,NA,NA,NA,NA,NA,NA,NA,"X",NA,NA,NA,NA,NA,NA,NA,NA,NA,NA,NA,NA,NA,NA
"1778",NA,NA,2019,2019-05-31,"Megan & Laura","TM2","lower","7.5",NA,NA,NA,"blk","ylw",NA,NA,NA,NA,NA,"<1","17.5",NA,"P","0.0","0.0",NA,NA,NA,NA,"Y",NA,NA,NA,NA,NA,"foliar, unsuccessful fruit set",0.5
"1779",NA,NA,2019,2019-05-31,"Megan & Laura","TM2","lower","7.5",NA,NA,NA,"red",NA,NA,NA,NA,NA,NA,"<1","9.4",NA,"P","0.0","1.0",18,NA,NA,NA,"N",NA,NA,NA,NA,NA,NA,0.5
"1780",NA,NA,2019,2019-05-31,"Megan & Laura","TM2","lower","7.5",NA,NA,NA,"orange",NA,NA,NA,NA,NA,NA,"<1","7.0",NA,"V","0.0","0.0",NA,NA,NA,"0.3","Y",NA,NA,NA,NA,NA,"foliar, LL=0.3cm",0.5
"1781",NA,NA,2019,2019-05-31,"Megan & Laura","TM2","lower","8.0",NA,NA,NA,"blu",NA,NA,NA,NA,NA,NA,NA,NA,NA,"X",NA,NA,NA,NA,NA,NA,"N",NA,NA,NA,NA,NA,NA,NA
"1782",NA,NA,2019,2019-05-31,"Megan & Laura","TM2","lower","8.0",NA,NA,NA,"blu",NA,NA,NA,NA,NA,NA,"1.3","9.0",NA,"V","0.0","0.0",NA,NA,NA,"0.4","Y",NA,NA,NA,NA,NA,"foliar, LL=0.4cm",1.3
"1783",NA,NA,2019,2019-05-31,"Megan & Laura","TM2","lower","8.0",NA,NA,NA,"blu","ylw",NA,NA,NA,NA,NA,"<1","8.7",NA,"V","0.0","0.0",NA,NA,NA,"0.5","N",NA,NA,NA,NA,NA,"LL=0.5cm",0.5
"1784",NA,NA,2019,2019-05-31,"Megan & Laura","TM2","lower","8.0",NA,NA,NA,"blu","blu",NA,NA,NA,NA,NA,"<1","11.3",NA,"V","0.0","0.0",NA,NA,NA,"0.8","Y",NA,NA,NA,NA,NA,"foliar, LL=0.8cm",0.5
"1785",NA,NA,2019,2019-05-31,"Megan & Laura","TM","lower","8.0",NA,NA,NA,"blu",NA,NA,NA,NA,NA,NA,"<1","7.2",NA,"P","0.0","0.0",NA,NA,NA,NA,"N",NA,NA,NA,NA,NA,"unsucc. repro.",0.5
"1786",NA,NA,2019,2019-05-31,"Megan & Laura","TM","lower","8.0",NA,NA,NA,"blu",NA,NA,NA,NA,NA,NA,"<1","12.0",NA,"P","0.0","0.0",NA,NA,NA,NA,"Y",NA,NA,NA,NA,NA,"unsucc. Repro., foliar herb",0.5
"1787",NA,NA,2019,2019-05-31,"Megan & Laura","TM","lower","8.0",NA,NA,NA,"blu",NA,NA,NA,NA,NA,NA,"<1","3.6",NA,"B",NA,NA,NA,NA,NA,NA,"N",NA,NA,NA,NA,NA,NA,0.5
"1788",NA,NA,2019,2019-05-31,"Megan & Laura","TM","lower","8.0",NA,NA,NA,"ylw",NA,NA,NA,NA,NA,NA,"<1","5.4",NA,"V",NA,NA,NA,NA,NA,"0.3","Y",NA,NA,NA,NA,NA,"foliar, LL=0.3",0.5
"1789",NA,NA,2019,2019-05-31,"Megan & Laura","TM","lower","8.0",NA,NA,NA,"blk",NA,NA,NA,NA,NA,NA,"<1","3.2",NA,"P","0.0","0.0",NA,NA,NA,NA,"N",NA,NA,NA,NA,NA,"unsucc. repro.",0.5
"1790",NA,NA,2019,2019-05-31,"Megan & Laura","TM","lower","8.0",NA,NA,NA,"blk","grn",NA,NA,NA,NA,NA,"<1","11.0",NA,"P","0.0","2.0",15,NA,NA,NA,"Y",NA,NA,NA,NA,NA,"foliar",0.5
"1791",NA,NA,2019,2019-05-31,"Megan & Laura","TM","lower","8.5",NA,NA,NA,"blu",NA,NA,NA,NA,NA,NA,NA,NA,NA,"X",NA,NA,NA,NA,NA,NA,"N",NA,NA,NA,NA,NA,NA,NA
"1792",NA,NA,2019,2019-05-31,"Megan & Laura","TM","lower","8.5",NA,NA,NA,"blu","grn",NA,NA,NA,NA,NA,NA,NA,NA,"X",NA,NA,NA,NA,NA,NA,NA,NA,NA,NA,NA,NA,NA,NA
"1793",NA,NA,2019,2019-05-31,"Megan & Laura","TM","lower","8.5",NA,NA,NA,"ylw",NA,NA,NA,NA,NA,NA,NA,NA,NA,"X",NA,NA,NA,NA,NA,NA,NA,NA,NA,NA,NA,NA,NA,NA
"1794",NA,NA,2019,2019-05-31,"Megan & Laura","TM","lower","8.5",NA,NA,NA,"ylw",NA,NA,NA,NA,NA,NA,"<1","7.0",NA,"V",NA,NA,NA,NA,NA,"1.0","Y",NA,NA,NA,NA,NA,"foliar, LL=1cm",0.5
"1795",NA,NA,2019,2019-05-31,"Megan & Laura","TM","lower","9.0",NA,NA,NA,"blu","blu",NA,NA,NA,NA,NA,NA,NA,NA,"X",NA,NA,NA,NA,NA,NA,NA,NA,NA,NA,NA,NA,NA,NA
"1796",NA,NA,2019,2019-05-31,"Megan & Laura","TM","lower","9.5",NA,NA,NA,"blu",NA,NA,NA,NA,NA,NA,NA,NA,NA,"X",NA,NA,NA,NA,NA,NA,NA,NA,NA,NA,NA,NA,NA,NA
"1797",NA,NA,2019,2019-05-31,"Megan & Laura","TM","lower","9.5",NA,NA,NA,"red","grn",NA,NA,NA,NA,NA,"<1","16.0",NA,"P","0.0","1.0",23,NA,NA,NA,"N",NA,NA,NA,NA,NA,NA,0.5
"1798",NA,NA,2019,2019-05-31,"Megan & Laura","TM","lower","10.0",NA,NA,NA,"blu",NA,NA,NA,NA,NA,NA,NA,NA,NA,"X",NA,NA,NA,NA,NA,NA,NA,NA,NA,NA,NA,NA,NA,NA
"1799",NA,NA,2019,2019-05-31,"Megan & Laura","TM","lower","10.0",NA,NA,NA,"blk","grn",NA,NA,NA,NA,NA,NA,NA,NA,"X",NA,NA,NA,NA,NA,NA,NA,NA,NA,NA,NA,NA,NA,NA
"1800",NA,NA,2019,2019-05-31,"Megan & Laura","TM","lower","10.5",NA,NA,NA,"blu",NA,NA,NA,NA,NA,NA,NA,NA,NA,"X",NA,NA,NA,NA,NA,NA,NA,NA,NA,NA,NA,NA,NA,NA
"1801",NA,NA,2019,2019-05-31,"Megan & Laura","TM","lower","11.0",NA,NA,NA,"blu",NA,NA,NA,NA,NA,NA,NA,NA,NA,"X",NA,NA,NA,NA,NA,NA,NA,NA,NA,NA,NA,NA,NA,NA
"1802",NA,NA,2019,2019-05-31,"Megan & Laura","TM","lower","11.0",NA,NA,NA,"blu","grn",NA,"red",108,15,16,"1.6","23.2",NA,"P","0.0","2.0",35,NA,NA,NA,"N",NA,NA,NA,NA,NA,NA,1.6
"1803",NA,NA,2019,2019-05-31,"Megan & Laura","TM","lower","11.0",NA,NA,NA,"blu","ylw",NA,NA,NA,NA,NA,"<1","6.7",NA,"V",NA,NA,NA,NA,NA,"0.4","N",NA,NA,NA,NA,NA,"LL=0.4cm",0.5
"1804",NA,NA,2019,2019-05-31,"Megan & Laura","TM","lower","11.0",NA,NA,NA,"red",NA,NA,NA,NA,NA,NA,"<1","6.0",NA,"V",NA,NA,NA,NA,NA,"0.2","Y",NA,NA,NA,NA,NA,"foliar, LL=0.2cm",0.5
"1805",NA,NA,2019,2019-05-31,"Jenny & Elizabeth","TM2","lower","13.5",NA,NA,NA,"blu","grn",NA,NA,NA,NA,NA,"<1","18.6",NA,"P","0.0","1.0",3.9,NA,NA,NA,"N",NA,NA,NA,NA,NA,NA,0.5
"1806",NA,NA,2019,2019-05-31,"Jenny & Elizabeth","TM2","lower","13.5",NA,NA,NA,"blk","grn",NA,"red",64,39,5,"1.66","22.4",NA,"P","0.0","2.0",4.1,NA,NA,NA,"N",NA,NA,NA,NA,NA,NA,1.66
"1807",NA,NA,2019,2019-05-31,"Jenny & Elizabeth","TM2","lower","14.0",NA,NA,NA,"blu",NA,NA,NA,NA,NA,NA,NA,NA,NA,"X",NA,NA,NA,NA,NA,NA,NA,NA,NA,NA,NA,NA,NA,NA
"1808",NA,NA,2019,2019-05-31,"Jenny & Elizabeth","TM2","lower","14.0",NA,NA,NA,"blu",NA,NA,NA,NA,NA,NA,NA,NA,NA,"X",NA,NA,NA,NA,NA,NA,NA,NA,NA,NA,NA,NA,NA,NA
"1809",NA,NA,2019,2019-05-31,"Jenny & Elizabeth","TM2","lower","14.0",NA,NA,NA,"blu",NA,NA,NA,NA,NA,NA,NA,NA,NA,"X",NA,NA,NA,NA,NA,NA,NA,NA,NA,NA,NA,NA,NA,NA
"1810",NA,NA,2019,2019-05-31,"Jenny & Elizabeth","TM2","lower","14.0",NA,NA,NA,"blu",NA,NA,NA,NA,NA,NA,NA,NA,NA,"X",NA,NA,NA,NA,NA,NA,NA,NA,NA,NA,NA,NA,NA,NA
"1811",NA,NA,2019,2019-05-31,"Jenny & Elizabeth","TM2","lower","14.0",NA,NA,NA,"blu",NA,NA,NA,NA,NA,NA,NA,NA,NA,"X",NA,NA,NA,NA,NA,NA,NA,NA,NA,NA,NA,NA,NA,NA
"1812",NA,NA,2019,2019-05-31,"Jenny & Elizabeth","TM2","lower","14.0",NA,NA,NA,"ylw","ylw",NA,NA,NA,NA,NA,"1.06","15.9",NA,"F","0.0","0.0",0,NA,NA,NA,"Y",NA,NA,NA,NA,NA,"flowers absent (senesced), stem chomped",1.06
"1813",NA,NA,2019,2019-05-31,"Jenny & Elizabeth","TM2","lower","14.0",NA,NA,NA,"ylw",NA,NA,NA,NA,NA,NA,"1.37","25.9",NA,"F","0.0","0.0",0,NA,NA,NA,"Y",NA,NA,NA,NA,NA,"senesced, no flowers, leaf damage",1.37
"1814",NA,NA,2019,2019-05-31,"Jenny & Elizabeth","TM2","lower","14.5",NA,NA,NA,"blu","red",NA,NA,NA,NA,NA,NA,NA,NA,"X",NA,"1.0",4.9,NA,NA,NA,NA,NA,NA,NA,NA,NA,"senesced",NA
"1815",NA,NA,2019,2019-05-31,"Jenny & Elizabeth","TM2","lower","14.5",NA,NA,NA,"blu","grn",NA,NA,NA,NA,NA,NA,NA,NA,"X",NA,"2.0",4.3,NA,NA,NA,NA,NA,NA,NA,NA,NA,"senesced",NA
"1816",NA,NA,2019,2019-05-31,"Jenny & Elizabeth","TM2","lower","14.5",NA,NA,NA,"blu","red",NA,NA,NA,NA,NA,NA,NA,NA,"X",NA,"1.0",0.6,NA,NA,NA,NA,NA,NA,NA,NA,NA,"senesced",NA
"1817",NA,NA,2019,2019-05-31,"Jenny & Elizabeth","TM2","lower","14.5",NA,NA,NA,"blu","grn",NA,NA,NA,NA,NA,"1.22","24.2",NA,"P",NA,"1.0",0.9,NA,NA,NA,"N",NA,NA,NA,NA,NA,NA,1.22
"1818",NA,NA,2019,2019-05-31,"Jenny & Elizabeth","TM2","lower","14.5",NA,NA,NA,"blu","grn",NA,NA,NA,NA,NA,NA,NA,NA,"X",NA,"1.0",4.6,NA,NA,NA,NA,NA,NA,NA,NA,NA,"senesced",NA
"1819",NA,NA,2019,2019-05-31,"Jenny & Elizabeth","TM2","lower","14.5",NA,NA,NA,"blu","grn",NA,NA,NA,NA,NA,"<1","13.5",NA,"F","0.0","0.0",0,NA,NA,NA,"Y",NA,NA,NA,NA,NA,"flower senesced, no frt, herbivory on upper leaves",0.5
"1820",NA,NA,2019,2019-05-31,"Jenny & Elizabeth","TM2","lower","14.5",NA,NA,NA,"blu","grn",NA,NA,NA,NA,NA,"1.23","26.9",NA,"F","1.0","0.0",0,NA,NA,NA,"Y",NA,NA,NA,NA,NA,"leaf damage",1.23
"1821",NA,NA,2019,2019-05-31,"Jenny & Elizabeth","TM2","lower","14.5",NA,NA,NA,"blu","grn",NA,"red",84,40,12,"1.66","34.2",NA,"P","0.0","2.0",4.4,NA,NA,NA,"N",NA,NA,NA,NA,NA,NA,1.66
"1822",NA,NA,2019,2019-05-31,"Jenny & Elizabeth","TM2","lower","14.5",NA,NA,NA,"blu",NA,NA,NA,NA,NA,NA,"1.1","21.0",NA,"P","0.0","3.0",2.6,NA,NA,NA,"Y",NA,NA,NA,NA,NA,"fr herbivory. maybe grn sword, but many grn swords fell out nearby",1.1
"1823",NA,NA,2019,2019-05-31,"Jenny & Elizabeth","TM2","lower","14.5",NA,NA,NA,"blu","grn",NA,NA,NA,NA,NA,"<1","9.5",NA,"B","0.0","0.0",0,NA,NA,NA,"N",NA,NA,NA,NA,NA,NA,0.5
"1824",NA,NA,2019,2019-05-31,"Jenny & Elizabeth","TM2","lower","14.5",NA,NA,NA,"blu","grn",NA,NA,NA,NA,NA,"1.35","21.5",NA,"F","2.0","0.0",0,NA,NA,NA,"N",NA,NA,NA,NA,NA,NA,1.35
"1825",NA,NA,2019,2019-05-31,"Jenny & Elizabeth","TM2","lower","14.5",NA,NA,NA,"blu",NA,NA,NA,NA,NA,NA,NA,NA,NA,"X",NA,NA,NA,NA,NA,NA,NA,NA,NA,NA,NA,NA,"nothing alive near pick",NA
"1826",NA,NA,2019,2019-05-31,"Jenny & Elizabeth","TM2","lower","14.5",NA,NA,NA,"blu",NA,NA,NA,NA,NA,NA,"<1","10.1",NA,"F","0.0","1.0",2,NA,NA,NA,"N",NA,NA,NA,NA,NA,"blu swd out of ground nearby",0.5
"1827",NA,NA,2019,2019-05-31,"Jenny & Elizabeth","TM2","lower","14.5",NA,NA,NA,"blu","grn",NA,"red",83,17,14,"1.42","20.3",NA,"P","0.0","1.0",5.5,NA,NA,NA,"Y",NA,NA,NA,NA,NA,"leaf damage (herbivory)",1.42
"1828",NA,NA,2019,2019-05-31,"Jenny & Elizabeth","TM2","lower","14.5",NA,NA,NA,"blu","grn",NA,NA,NA,NA,NA,"1.35","27.8",NA,"P","0.0","1.0",3.5,NA,NA,NA,"N",NA,NA,NA,NA,NA,NA,1.35
"1829",NA,NA,2019,2019-05-31,"Jenny & Elizabeth","TM2","lower","14.5",NA,NA,NA,"blu","blu",NA,"red",62,9,20,"1.6","14.4",NA,"P","0.0","4.0",4.4,NA,NA,NA,"Y",NA,NA,NA,NA,NA,"leaf herbivory",1.6
"1830",NA,NA,2019,2019-05-31,"Jenny & Elizabeth","TM2","lower","14.5",NA,NA,NA,"blu",NA,NA,NA,NA,NA,NA,NA,NA,NA,"X",NA,NA,NA,NA,NA,NA,NA,NA,NA,NA,NA,NA,NA,NA
"1831",NA,NA,2019,2019-05-31,"Jenny & Elizabeth","TM2","lower","14.5",NA,NA,NA,"blu",NA,NA,NA,NA,NA,NA,NA,NA,NA,"X",NA,NA,NA,NA,NA,NA,NA,NA,NA,NA,NA,NA,NA,NA
"1832",NA,NA,2019,2019-05-31,"Jenny & Elizabeth","TM2","lower","14.5",NA,NA,NA,"ylw","grn",NA,NA,NA,NA,NA,NA,NA,NA,"X",NA,"1.0",1.7,NA,NA,NA,NA,NA,NA,NA,NA,NA,"senesced",NA
"1833",NA,NA,2019,2019-05-31,"Jenny & Elizabeth","TM2","lower","14.5",NA,NA,NA,"ylw","grn",NA,NA,NA,NA,NA,NA,NA,NA,"X",NA,NA,NA,NA,NA,NA,NA,NA,NA,NA,NA,NA,"senesced",NA
"1834",NA,NA,2019,2019-05-31,"Jenny & Elizabeth","TM2","lower","14.5",NA,NA,NA,"ylw","blu",NA,NA,NA,NA,NA,"<1","15.9",NA,"B","0.0","0.0",0,NA,NA,NA,"N",NA,NA,NA,NA,NA,NA,0.5
"1835",NA,NA,2019,2019-05-31,"Jenny & Elizabeth","TM2","lower","14.5",NA,NA,NA,"ylw","grn",NA,NA,NA,NA,NA,"1.21","20.9",NA,"B","0.0","0.0",0,NA,NA,NA,"Y",NA,NA,NA,NA,NA,"leaf damage, 2 blk hard frt structure",1.21
"1836",NA,NA,2019,2019-05-31,"Jenny & Elizabeth","TM2","lower","14.5",NA,NA,NA,"red","grn",NA,NA,NA,NA,NA,"<1","19.5",NA,"P","0.0","1.0",2.1,NA,NA,NA,"N",NA,NA,NA,NA,NA,NA,0.5
"1837",NA,NA,2019,2019-05-31,"Jenny & Elizabeth","TM2","lower","14.5",NA,NA,NA,"red",NA,NA,NA,NA,NA,NA,NA,NA,NA,"X",NA,NA,NA,NA,NA,NA,NA,NA,NA,NA,NA,NA,"senesced",NA
"1838",NA,NA,2019,2019-05-31,"Jenny & Elizabeth","TM2","lower","14.5",NA,NA,NA,"red",NA,NA,NA,NA,NA,NA,"1.34","16.1",NA,"B",NA,NA,NA,NA,NA,NA,"Y",NA,NA,NA,NA,NA,"lf damage",1.34
"1839",NA,NA,2019,2019-05-31,"Jenny & Elizabeth","TM2","lower","15.0",NA,NA,NA,"blu","grn",NA,NA,NA,NA,NA,"1.26","24.9",NA,"P","0.0","2.0",4.7,NA,NA,NA,NA,NA,NA,NA,NA,NA,NA,1.26
"1840",NA,NA,2019,2019-05-31,"Jenny & Elizabeth","TM2","lower","15.0",NA,NA,NA,"blu","grn",NA,NA,NA,NA,NA,NA,NA,NA,"X",NA,NA,NA,NA,NA,NA,NA,NA,NA,NA,NA,NA,NA,NA
"1841",NA,NA,2019,2019-05-31,"Jenny & Elizabeth","TM2","lower","15.0",NA,NA,NA,"blu","grn",NA,"red",89,12,21,"1.7","30.0",NA,"P","0.0","1.0",1.6,NA,NA,NA,"Y",NA,NA,NA,NA,NA,"mapped throughout, leaf damage",1.7
"1842",NA,NA,2019,2019-05-31,"Jenny & Elizabeth","TM2","lower","15.0",NA,NA,NA,"blu",NA,NA,NA,NA,NA,NA,NA,NA,NA,"X",NA,NA,NA,NA,NA,NA,NA,NA,NA,NA,NA,NA,NA,NA
"1843",NA,NA,2019,2019-05-31,"Jenny & Elizabeth","TM2","lower","15.0",NA,NA,NA,"blu",NA,NA,NA,NA,NA,NA,"1.04","14.2",NA,"F","1.0","0.0",NA,NA,NA,NA,"N",NA,NA,NA,NA,NA,NA,1.04
"1844",NA,NA,2019,2019-05-31,"Jenny & Elizabeth","TM2","lower","15.0",NA,NA,NA,"blu",NA,NA,NA,NA,NA,NA,NA,NA,NA,"X","0.0","0.0",NA,NA,NA,NA,"N",NA,NA,NA,NA,NA,NA,NA
"1845",NA,NA,2019,2019-05-31,"Jenny & Elizabeth","TM2","lower","15.0",NA,NA,NA,"blu",NA,NA,NA,NA,NA,NA,NA,NA,NA,"X",NA,NA,NA,NA,NA,NA,NA,NA,NA,NA,NA,NA,"no plant found, assumed dead",NA
"1846",NA,NA,2019,2019-05-31,"Jenny & Elizabeth","TM2","lower","15.0",NA,NA,NA,"blu","grn",NA,NA,NA,NA,NA,"1.17","22.2",NA,"F","0.0","0.0",NA,NA,NA,NA,"Y",NA,NA,NA,NA,NA,"leaf damage, flowers senesced",1.17
"1847",NA,NA,2019,2019-05-31,"Jenny & Elizabeth","TM2","lower","15.0",NA,NA,NA,"blu",NA,NA,NA,NA,NA,NA,"1.07","13.5",NA,"F","0.0","0.0",NA,NA,NA,NA,"Y",NA,NA,NA,NA,NA,"no swd, leaf damage, flowers senesced",1.07
"1848",NA,NA,2019,2019-05-31,"Jenny & Elizabeth","TM2","lower","15.0",NA,NA,NA,"blu","blu",NA,NA,NA,NA,NA,"<1","10.7",NA,"P","0.0","1.0",2.6,NA,NA,NA,"N",NA,NA,NA,NA,NA,NA,0.5
"1849",NA,NA,2019,2019-05-31,"Jenny & Elizabeth","TM2","lower","15.0",NA,NA,NA,"blu","ylw",NA,NA,NA,NA,NA,NA,NA,NA,"X",NA,"0.0",NA,NA,NA,NA,NA,NA,NA,NA,NA,NA,NA,NA
"1850",NA,NA,2019,2019-05-31,"Jenny & Elizabeth","TM2","lower","15.0",NA,NA,NA,"blu","grn",NA,NA,NA,NA,NA,"1.08","20.5",NA,"P","0.0","1.0",1.1,NA,NA,NA,"N",NA,NA,NA,NA,NA,NA,1.08
"1851",NA,NA,2019,2019-05-31,"Jenny & Elizabeth","TM2","lower","15.0",NA,NA,NA,"ylw","grn",NA,NA,NA,NA,NA,"<1","17.5",NA,"P","0.0","1.0",1.9,NA,NA,NA,"N",NA,NA,NA,NA,NA,NA,0.5
"1852",NA,NA,2019,2019-05-31,"Jenny & Elizabeth","TM2","lower","15.0",NA,NA,NA,"red",NA,NA,NA,NA,NA,NA,NA,NA,NA,NA,NA,NA,NA,NA,NA,NA,NA,NA,NA,NA,NA,NA,"on blank sheet, not missing",NA
"1853",NA,NA,2019,2019-05-31,"Jenny & Elizabeth","TM2","lower","15.5",NA,NA,NA,"blu","blu",NA,NA,NA,NA,NA,"1.13","15.6",NA,"P","0.0","1.0",4.6,NA,NA,NA,"N",NA,NA,NA,NA,NA,"seems like in 15 (15.3m)",1.13
"1854",NA,NA,2019,2019-05-31,"Jenny & Elizabeth","TM2","lower","15.5",NA,NA,NA,"blu","blu",NA,NA,NA,NA,NA,NA,NA,NA,"X","0.0","1.0",2.5,NA,NA,NA,NA,NA,NA,NA,NA,NA,"seems like in 15 (15.3m)",NA
"1855",NA,NA,2019,2019-05-31,"Jenny & Elizabeth","TM2","lower","15.5",NA,NA,NA,"blu","blu",NA,NA,NA,NA,NA,"<1","13.6",NA,"P","0.0","1.0",1.9,NA,NA,NA,"N",NA,NA,NA,NA,NA,NA,0.5
"1856",NA,NA,2019,2019-05-31,"Jenny & Elizabeth","TM2","lower","15.5",NA,NA,NA,"blu","grn",NA,NA,NA,NA,NA,NA,NA,NA,"X","0.0","1.0",2,NA,NA,NA,"N",NA,NA,NA,NA,NA,NA,NA
"1857",NA,NA,2019,2019-05-31,"Jenny & Elizabeth","TM2","lower","15.5",NA,NA,NA,"blk",NA,NA,NA,NA,NA,NA,NA,NA,NA,NA,NA,NA,NA,NA,NA,NA,NA,NA,NA,NA,NA,NA,"not found",NA
"1858",NA,NA,2019,2019-05-31,"Jenny & Elizabeth","TM2","lower","15.5",NA,NA,NA,"blk","grn",NA,NA,NA,NA,NA,"1.0","18.9",NA,"P","0.0","1.0",2.3,NA,NA,NA,"N",NA,NA,NA,NA,NA,NA,1
"1859",NA,NA,2019,2019-05-31,"Jenny & Elizabeth","TM2","lower","16.0",NA,NA,NA,"blu",NA,NA,NA,NA,NA,NA,"<1","2.7",NA,"V",NA,NA,NA,NA,NA,"1.0","Y",NA,NA,NA,NA,NA,"leaf damage, LL=1.0",0.5
"1860",NA,NA,2019,2019-05-31,"Jenny & Elizabeth","TM2","lower","16.0",NA,NA,NA,"blu","blu",NA,NA,NA,NA,NA,"<1","13.6",NA,"P","0.0","2.0",3,NA,NA,NA,"Y",NA,NA,NA,NA,NA,"leaf damage",0.5
"1861",NA,NA,2019,2019-05-31,"Jenny & Elizabeth","TM2","lower","16.0",NA,NA,NA,"blu","ylw",NA,NA,NA,NA,NA,NA,NA,NA,"X","0.0","1.0",1,NA,NA,NA,"N",NA,NA,NA,NA,NA,NA,NA
"1862",NA,NA,2019,2019-05-31,"Jenny & Elizabeth","TM2","lower","16.0",NA,NA,NA,"ylw",NA,NA,NA,NA,NA,NA,"1.1","9.4",NA,"P","0.0","1.0",3.6,NA,NA,NA,"N",NA,NA,NA,NA,NA,"no swd",1.1
"1863",NA,NA,2019,2019-05-31,"Jenny & Elizabeth","TM2","lower","16.0",NA,NA,NA,"ylw","blu",NA,NA,NA,NA,NA,"1.23","20.6",NA,"P","0.0","2.0",6,NA,NA,NA,"Y",NA,NA,NA,NA,NA,"leaf damage",1.23
"1864",NA,NA,2019,2019-05-31,"Jenny & Elizabeth","TM2","lower","16.0",NA,NA,NA,"red",NA,NA,NA,NA,NA,NA,NA,NA,NA,"X",NA,NA,NA,NA,NA,NA,NA,NA,NA,NA,NA,NA,NA,NA
"1865",NA,NA,2019,2019-05-31,"Jenny & Elizabeth","TM2","lower","16.0",NA,NA,NA,"orange","blu",NA,NA,NA,NA,NA,NA,NA,NA,"X",NA,NA,NA,NA,NA,NA,NA,NA,NA,NA,NA,NA,NA,NA
"1866",NA,NA,2019,2019-05-31,"Jenny & Elizabeth","TM2","lower","16.0",NA,NA,NA,NA,NA,NA,"red",NA,17,12,NA,NA,NA,NA,NA,NA,NA,NA,NA,NA,NA,NA,NA,NA,NA,NA,"couldn’t find",NA
"1867",NA,NA,2019,2019-05-31,"Jenny & Elizabeth","TM2","lower","16.5",NA,NA,NA,"blu",NA,NA,NA,NA,NA,NA,NA,NA,NA,"X",NA,NA,NA,NA,NA,NA,NA,NA,NA,NA,NA,NA,"(16.4-16.9) might be in 16.0",NA
"1868",NA,NA,2019,2019-05-31,"Jenny & Elizabeth","TM2","lower","16.5",NA,NA,NA,"blu","grn",NA,NA,NA,NA,NA,NA,NA,NA,"X","0.0","5.0",3.9,NA,NA,NA,"N",NA,NA,NA,NA,NA,"still had grn frts, but plant senesced",NA
"1869",NA,NA,2019,2019-05-31,"Jenny & Elizabeth","TM2","lower","16.5",NA,NA,NA,"ylw",NA,NA,NA,NA,NA,NA,"1.05","14.7",NA,"P","0.0","1.0",2.8,NA,NA,NA,"N",NA,NA,NA,NA,NA,"no swd, senescing",1.05
"1870",NA,NA,2019,2019-05-31,"Jenny & Elizabeth","TM2","lower","16.5",NA,NA,NA,"ylw",NA,NA,NA,NA,NA,NA,NA,NA,NA,"X",NA,NA,NA,NA,NA,NA,NA,NA,NA,NA,NA,NA,NA,NA
"1871",NA,NA,2019,2019-05-31,"Jenny & Elizabeth","TM2","lower","16.5",NA,NA,NA,"orange","ylw",NA,NA,NA,NA,NA,NA,NA,NA,"X",NA,NA,NA,NA,NA,NA,NA,NA,NA,NA,NA,NA,"senesced, no repro.",NA
"1872",NA,NA,2019,2019-05-31,"Jenny & Elizabeth","TM2","lower","17.0",NA,NA,NA,"orange",NA,NA,NA,NA,NA,NA,NA,NA,NA,"X",NA,NA,NA,NA,NA,NA,NA,NA,NA,NA,NA,NA,"(16.9-17.4m) senesced, no repro",NA
"1873",NA,NA,2019,2019-05-31,"Jenny & Elizabeth","TM2","lower","17.0",NA,NA,NA,"blu","blu",NA,NA,NA,NA,NA,NA,NA,NA,"X",NA,NA,NA,NA,NA,NA,NA,NA,NA,NA,NA,NA,"senesced, no repro.",NA
"1874",NA,NA,2019,2019-05-31,"Jenny & Elizabeth","TM2","lower","17.0",NA,NA,NA,"blu","blu",NA,NA,NA,NA,NA,"<1","15.4",NA,"P","0.0","2.0",3.6,NA,NA,NA,"N",NA,NA,NA,NA,NA,NA,0.5
"1875",NA,NA,2019,2019-05-31,"Jenny & Elizabeth","TM2","lower","17.0",NA,NA,NA,"blu","blu",NA,NA,NA,NA,NA,"<1","8.8",NA,"F","1.0","0.0",0,NA,NA,NA,"N",NA,NA,NA,NA,NA,NA,0.5
"1876",NA,NA,2019,2019-05-31,"Jenny & Elizabeth","TM2","lower","17.0",NA,NA,NA,"blu","blu",NA,NA,NA,NA,NA,"<1","8.9",NA,"P","1.0","1.0",1.9,NA,NA,NA,"N",NA,NA,NA,NA,NA,NA,0.5
"1877",NA,NA,2019,2019-05-31,"Jenny & Elizabeth","TM2","lower","17.0",NA,NA,NA,"blu",NA,NA,NA,NA,NA,NA,NA,NA,NA,"X",NA,NA,NA,NA,NA,NA,NA,NA,NA,NA,NA,NA,"senesced",NA
"1878",NA,NA,2019,2019-05-31,"Jenny & Elizabeth","TM2","lower","17.0",NA,NA,NA,"blu",NA,NA,NA,NA,NA,NA,"<1","11.9",NA,"P","0.0","1.0",3.5,NA,NA,NA,"N",NA,NA,NA,NA,NA,NA,0.5
"1879",NA,NA,2019,2019-05-31,"Jenny & Elizabeth","TM2","lower","17.0",NA,NA,NA,"blu",NA,NA,NA,NA,NA,NA,NA,NA,NA,NA,NA,NA,NA,NA,NA,NA,NA,NA,NA,NA,NA,NA,"did not find",NA
"1880",NA,NA,2019,2019-05-31,"Jenny & Elizabeth","TM2","lower","17.0",NA,NA,NA,"ylw","blu",NA,"red",79,18,14,"1.28","21.6",NA,"P","0.0","2.0",4,NA,NA,NA,"N",NA,NA,NA,NA,NA,"(16.9-17.4m)",1.28
"1881",NA,NA,2019,2019-05-31,"Jenny & Elizabeth","TM2","lower","17.0",NA,NA,NA,"ylw","blu",NA,NA,NA,NA,NA,"<1","10.6",NA,"P","0.0","1.0",1.5,NA,NA,NA,"N",NA,NA,NA,NA,NA,NA,0.5
"1882",NA,NA,2019,2019-05-31,"Jenny & Elizabeth","TM2","lower","17.0",NA,NA,NA,NA,NA,NA,"red",NA,8,20,NA,NA,NA,NA,NA,NA,NA,NA,NA,NA,NA,NA,NA,NA,NA,NA,"not found",NA
"1883",NA,NA,2019,2019-05-31,"Jenny & Elizabeth","TM2","lower","17.5",NA,NA,NA,"blu","blu",NA,NA,NA,NA,NA,"1.03","20.4",NA,"P","0.0","2.0",3.9,NA,NA,NA,"N",NA,NA,NA,NA,NA,"(17.4-17.9 meters)",1.03
"1884",NA,NA,2019,2019-05-31,"Jenny & Elizabeth","TM2","lower","17.5",NA,NA,NA,"blu","blu",NA,NA,NA,NA,NA,"<1","13.1",NA,"P","0.0","1.0",2.9,NA,NA,NA,"N",NA,NA,NA,NA,NA,"2 buds may become flowers",0.5
"1885",NA,NA,2019,2019-05-31,"Jenny & Elizabeth","TM2","lower","17.5",NA,NA,NA,"blu","blu",NA,NA,NA,NA,NA,"<1","8.6",NA,"P","0.0","1.0",0.6,NA,NA,NA,"N",NA,NA,NA,NA,NA,NA,0.5
"1886",NA,NA,2019,2019-05-31,"Jenny & Elizabeth","TM2","lower","17.5",NA,NA,NA,"blu",NA,NA,NA,NA,NA,NA,NA,NA,NA,"X",NA,NA,NA,NA,NA,NA,NA,NA,NA,NA,NA,NA,NA,NA
"1887",NA,NA,2019,2019-05-31,"Jenny & Elizabeth","TM2","lower","17.5",NA,NA,NA,"ylw","blu",NA,NA,NA,NA,NA,"<1","18.5",NA,"P","0.0","1.0",3.3,NA,NA,NA,"N",NA,NA,NA,NA,NA,NA,0.5
"1888",NA,NA,2019,2019-05-31,"Jenny & Elizabeth","TM2","lower","17.5",NA,NA,NA,"red","grn",NA,NA,NA,NA,NA,"1.03","17.7",NA,"P","0.0","1.0",3.9,NA,NA,NA,"N",NA,NA,NA,NA,NA,"maybe herbivory (chewing) on frt",1.03
"1889",NA,NA,2019,2019-05-31,"Jenny & Elizabeth","TM2","lower","18.0",NA,NA,NA,"blu",NA,NA,NA,NA,NA,NA,"<1","3.9",NA,"B","0.0","0.0",0,NA,NA,NA,"N",NA,NA,NA,NA,NA,"17.9-18.35 meters transect, plot",0.5
"1890",NA,NA,2019,2019-05-31,"Jenny & Elizabeth","TM2","lower","18.0",NA,NA,NA,"red",NA,NA,NA,NA,NA,NA,NA,NA,NA,"X",NA,NA,NA,NA,NA,NA,NA,NA,NA,NA,NA,NA,NA,NA
"1891",NA,NA,2019,2019-05-31,"Jenny & Elizabeth","TM2","lower","18.5",NA,NA,NA,"blu",NA,NA,NA,NA,NA,NA,"<1","5.8",NA,"B","0.0","0.0",0,NA,NA,NA,"N",NA,NA,NA,NA,NA,"probably wont reproduce, buds tiny",0.5
"1892",NA,NA,2019,2019-05-31,"Jenny & Elizabeth","TM2","lower","18.5",NA,NA,NA,"blu",NA,NA,NA,NA,NA,NA,"<1","4.8",NA,"B","0.0","0.0",0,NA,NA,NA,"N",NA,NA,NA,NA,NA,"probably wont reproduce",0.5
"1893",NA,NA,2019,2019-05-31,"Jenny & Elizabeth","TM2","lower","18.5",NA,NA,NA,"blu","blu",NA,NA,NA,NA,NA,"<1","10.8",NA,"P","0.0","3.0",3.5,NA,NA,NA,"N",NA,NA,NA,NA,NA,NA,0.5
"1894",NA,NA,2019,2019-05-31,"Jenny & Elizabeth","TM2","lower","18.5",NA,NA,NA,"blu",NA,NA,NA,NA,NA,NA,"<1","5.2",NA,"F","1.0","0.0",0,NA,NA,NA,"N",NA,NA,NA,NA,NA,NA,0.5
"1895",NA,NA,2019,2019-05-31,"Jenny & Elizabeth","TM2","lower","18.5",NA,NA,NA,"blu","blu",NA,NA,NA,NA,NA,"<1","10.8",NA,"P","0.0","1.0",3.6,NA,NA,NA,"N",NA,NA,NA,NA,NA,NA,0.5
"1896",NA,NA,2019,2019-05-31,"Jenny & Elizabeth","TM2","lower","18.5",NA,NA,NA,"blu",NA,NA,NA,NA,NA,NA,"<1","3.5",NA,"F","1.0","0.0",0,NA,NA,NA,"N",NA,NA,NA,NA,NA,"no swd",0.5
"1897",NA,NA,2019,2019-05-31,"Jenny & Elizabeth","TM2","lower","18.5",NA,NA,NA,"ylw","ylw",NA,NA,NA,NA,NA,"<1","13.6",NA,"P","0.0","1.0",1,NA,NA,NA,"N",NA,NA,NA,NA,NA,NA,0.5
"1898",NA,NA,2019,2019-05-31,"Jenny & Elizabeth","TM2","lower","18.5",NA,NA,NA,"ylw","blu",NA,NA,NA,NA,NA,"<1","15.1",NA,"P","0.0","1.0",4.2,NA,NA,NA,"N",NA,NA,NA,NA,NA,NA,0.5
"1899",NA,NA,2019,2019-05-31,"Jenny & Elizabeth","TM2","lower","18.5",NA,NA,NA,"ylw",NA,NA,NA,NA,NA,NA,"<1","3.4",NA,"B","0.0","0.0",0,NA,NA,NA,"N",NA,NA,NA,NA,NA,"probably wont reproduce, no swd",0.5
"1900",NA,NA,2019,2019-05-31,"Megan & Laura","TM","lower","3.0",NA,NA,NA,"blk",NA,NA,NA,NA,NA,NA,NA,NA,NA,"X",NA,NA,NA,NA,NA,NA,NA,NA,NA,NA,NA,NA,NA,NA
"1901",NA,NA,2019,2019-05-31,"Megan & Laura","TM","lower","6.5",NA,NA,NA,NA,NA,NA,NA,NA,NA,NA,"<1","6.2",NA,"V",NA,NA,NA,NA,NA,"1.1",NA,NA,NA,NA,NA,NA,"LL=1.1",0.5
"1902",NA,NA,2019,2019-05-31,"Megan & Laura","TM","lower","7.5",NA,NA,NA,NA,NA,NA,NA,NA,NA,NA,"<1","2.0",NA,"V","0.0","0.0",NA,NA,NA,"0.2",NA,NA,NA,NA,NA,NA,"LL=0.2",0.5
"1903",NA,NA,2019,2019-05-31,"Megan & Laura","TM","lower","7.5",NA,NA,NA,NA,NA,NA,NA,NA,NA,NA,"<1","1.9",NA,"V","0.0","0.0",NA,NA,NA,"0.2",NA,NA,NA,NA,NA,NA,"LL=0.2",0.5
"1904",NA,NA,2019,2019-05-31,"Megan & Laura","TM","lower","7.5",NA,NA,NA,NA,NA,NA,NA,NA,NA,NA,"<1","3.0",NA,"V","0.0","0.0",NA,NA,NA,"0.5","Y",NA,NA,NA,NA,NA,"LL=0.5, foliar",0.5
"1905",NA,NA,2019,2019-05-31,"Megan & Laura","TM","lower","7.5",NA,NA,NA,NA,NA,NA,NA,NA,NA,NA,"<1","4.5",NA,"V","0.0","0.0",NA,NA,NA,"0.5","Y",NA,NA,NA,NA,NA,"LL=0.5, foliar",0.5
"1906",NA,NA,2019,2019-05-31,"Megan & Laura","TM","lower","7.5",NA,NA,NA,"blu",NA,NA,NA,NA,NA,NA,NA,NA,NA,"X",NA,NA,NA,NA,NA,NA,NA,NA,NA,NA,NA,NA,NA,NA
"1907",NA,NA,2019,2019-05-31,"Megan & Laura","TM","lower","7.5",NA,NA,NA,"ylw",NA,NA,NA,NA,NA,NA,"<1","1.5",NA,"V","0.0","0.0",NA,NA,NA,"0.5","N",NA,NA,NA,NA,NA,"LL=0.5cm",0.5
"1908",NA,NA,2019,2019-05-31,"Megan & Laura","TM","lower","9.0",NA,NA,NA,NA,NA,NA,NA,NA,NA,NA,"<1","7.0",NA,"V","0.0","0.0",NA,NA,NA,"0.3","Y",NA,NA,NA,NA,NA,"foliar, LL=0.3cm",0.5
"1909",NA,NA,2019,2019-05-31,"Megan & Laura","TM","lower","10.0",NA,NA,NA,"blk","grn",NA,NA,NA,NA,NA,"1.13","18.5",NA,"P","0.0","1.0",43,NA,NA,NA,"Y",NA,NA,NA,NA,NA,"foliar",1.13
"1910",NA,NA,2019,2019-05-31,"Jenny & Elizabeth","TM2","lower","18.5",NA,NA,NA,NA,NA,NA,NA,NA,NA,NA,"<1","10.9",NA,"P","0.0","1.0",1.6,NA,NA,NA,"N",NA,NA,NA,NA,NA,"no pick, no swd",0.5
"1911",NA,NA,2019,2019-05-31,"Jenny & Elizabeth","TM2","lower","18.5",NA,NA,NA,NA,"grn",NA,NA,NA,NA,NA,"1.0","17.4",NA,"P","0.0","1.0",3.4,NA,NA,NA,"N",NA,NA,NA,NA,NA,"18.35 boundary for 18.5m tape off",1
"1912",NA,NA,2019,2019-05-31,"Jenny & Elizabeth","TM2","lower","16.5",NA,NA,NA,"orange","blu",NA,NA,NA,NA,NA,"1.05","13.2",NA,"P","0.0","1.0",4.5,NA,NA,NA,"N",NA,NA,NA,NA,NA,"not in main datasheet?",1.05
"1913",NA,NA,2019,2019-05-31,"Jenny & Elizabeth","TM2","lower","16.5",NA,NA,NA,"orange",NA,NA,"red",178,7,17,"1.65","30.2",NA,"P","0.0","3.0",6.6,NA,NA,NA,"N",NA,NA,NA,NA,NA,"no swd, not in main datasheet",1.65
"1914",NA,NA,2019,2019-05-31,"Jenny & Elizabeth","TM2","lower","16.5",NA,NA,NA,"ylw","grn",NA,"red",19,32,8,"1.61","21.9",NA,"P","0.0","3.0",6.4,NA,NA,NA,"N",NA,NA,NA,NA,NA,"not in datasheet",1.61
"1915",NA,NA,2019,2019-05-31,"Jenny & Elizabeth","TM2","lower","16.5",NA,NA,NA,NA,"grn",NA,NA,NA,NA,NA,NA,"broken",NA,"X","0.0","4.0",5.5,NA,NA,NA,NA,NA,NA,NA,NA,NA,"no pick, broken & senesced",NA
"1916",NA,NA,2019,2019-05-31,"Jenny & Elizabeth","TM2","lower","16.5",NA,NA,NA,"ylw",NA,NA,NA,NA,NA,NA,"<1","9.2",NA,"F","0.0","0.0",NA,NA,NA,NA,"N",NA,NA,NA,NA,NA,"not on datasheet, flowers have senesced",0.5
"1917",NA,NA,2019,2019-05-31,"Jenny & Elizabeth","TM2","lower","16.0",NA,NA,NA,NA,NA,NA,NA,NA,NA,NA,"<1","8.9",NA,"F","0.0","0.0",0,NA,NA,NA,"N",NA,NA,NA,NA,NA,"flower has senesced",0.5
"1918",NA,NA,2019,2019-05-31,"Jenny & Elizabeth","TM2","lower","16.0",NA,NA,NA,"orange",NA,NA,NA,NA,NA,NA,NA,NA,NA,"X",NA,NA,NA,NA,NA,NA,"N",NA,NA,NA,NA,NA,NA,NA
"1919",NA,NA,2019,2019-05-31,"Jenny & Elizabeth","TM2","lower","16.0",NA,NA,NA,"orange",NA,NA,NA,NA,NA,NA,"<1","6.1",NA,"F","0.0","0.0",NA,NA,NA,NA,"Y",NA,NA,NA,NA,NA,"flowers senesced, leaf damage",0.5
"1920",NA,NA,2019,2019-05-31,"Jenny & Elizabeth","TM2","lower","16.0",NA,NA,NA,"ylw",NA,NA,NA,NA,NA,NA,"<1","1.2",NA,"V",NA,NA,NA,NA,NA,"1.0","Y",NA,NA,NA,NA,NA,"no swd, stem damage, LL=1.0",0.5
"1921",NA,NA,2019,2019-05-31,"Jenny & Elizabeth","TM2","lower","15.5",NA,NA,NA,NA,NA,NA,NA,NA,NA,NA,"<1","17.7",NA,"B","0.0","0.0",NA,NA,NA,NA,"N",NA,NA,NA,NA,NA,"1 senesced flower",0.5
"1922",NA,NA,2019,2019-05-31,"Jenny & Elizabeth","TM2","lower","15.5",NA,NA,NA,NA,NA,NA,"red",163,6,19,"1.27","6.1",NA,"V",NA,NA,NA,NA,NA,"1.7","Y",NA,NA,NA,NA,NA,"leaf damage, LL=1.7",1.27
"1923",NA,NA,2019,2019-05-31,"Jenny & Elizabeth","TM2","lower","15.5",NA,NA,NA,"red","blu",NA,"red",3,2,2,"1.5","22.2",NA,"B","0.0","0.0",NA,NA,NA,NA,"Y",NA,NA,NA,NA,NA,"might be in plot 15 (15.3), leaf damage",1.5
"1924",NA,NA,2019,2019-05-31,"Jenny & Elizabeth","TM2","lower","15.0",NA,NA,NA,NA,NA,NA,NA,NA,NA,NA,"<1","20.1",NA,"F","0.0","0.0",NA,NA,NA,NA,"N",NA,NA,NA,NA,NA,"flowers senesced",0.5
"1925",NA,NA,2019,2019-05-31,"Jenny & Elizabeth","TM2","lower","15.0",NA,NA,NA,"red","grn",NA,NA,NA,NA,NA,NA,NA,NA,"X",NA,NA,NA,NA,NA,NA,"N",NA,NA,NA,NA,NA,NA,NA
"1926",NA,NA,2019,2019-05-31,"Jenny & Elizabeth","TM2","lower","15.0",NA,NA,NA,"red",NA,NA,NA,NA,NA,NA,NA,NA,NA,"X",NA,NA,NA,NA,NA,NA,"N",NA,NA,NA,NA,NA,NA,NA
"1927",NA,NA,2019,2019-05-31,"Jenny & Elizabeth","TM2","lower","15.0",NA,NA,NA,NA,NA,NA,"red",164,19,14,"1.63","15.7",NA,"P","0.0","2.0",2.6,NA,NA,NA,"Y",NA,NA,NA,NA,NA,"leaf & frt damage",1.63
"1928",NA,NA,2019,2019-05-31,"Jenny & Elizabeth","TM2","lower","15.0",NA,NA,NA,"red",NA,NA,NA,NA,NA,NA,"1.19","12.3",NA,"F","0.0","0.0",NA,NA,NA,NA,"Y",NA,NA,NA,NA,NA,"flowers senesced, leaf damage",1.19
"1929",NA,NA,2019,2019-05-31,"Jenny & Elizabeth","TM2","lower","15.0",NA,NA,NA,"blu","grn",NA,NA,NA,NA,NA,NA,NA,NA,"X","0.0","1.0",1.3,NA,NA,NA,NA,NA,NA,NA,NA,NA,"senesced",NA
"1930",NA,NA,2019,2019-05-31,"Jenny & Elizabeth","TM2","lower","15.0",NA,NA,NA,"blu",NA,NA,NA,NA,NA,NA,"1.04","24.7",NA,"P","0.0","1.0",2.2,NA,NA,NA,"Y",NA,NA,NA,NA,NA,"leaf damage",1.04
"1931",NA,NA,2019,2019-05-31,"Jenny & Elizabeth","TM2","lower","15.0",NA,NA,NA,"blu","grn",NA,"red",165,9,12,"1.44","27.9",NA,"F","0.0","0.0",NA,NA,NA,NA,"Y",NA,NA,NA,NA,NA,"flowers senesced, but not plant leaf",1.44
"1932",NA,NA,2019,2019-05-31,"Jenny & Elizabeth","TM2","lower","14.5",NA,NA,NA,NA,NA,NA,NA,NA,NA,NA,"<1","7.1",NA,"B",NA,NA,NA,NA,NA,NA,"N",NA,NA,NA,NA,NA,NA,0.5
"1933",NA,NA,2019,2019-05-31,"Jenny & Elizabeth","TM2","lower","14.5",NA,NA,NA,NA,NA,NA,NA,NA,NA,NA,"<1","24.6",NA,"F","1.0",NA,NA,NA,NA,NA,"N",NA,NA,NA,NA,NA,NA,0.5
"1934",NA,NA,2019,2019-05-31,"Jenny & Elizabeth","TM2","lower","14.5",NA,NA,NA,NA,NA,NA,NA,NA,NA,NA,"1.14","27.1",NA,"P","0.0","1.0",2.2,NA,NA,NA,"Y",NA,NA,NA,NA,NA,"leaf damage",1.14
"1935",NA,NA,2019,2019-05-31,"Jenny & Elizabeth","TM2","lower","14.5",NA,NA,NA,NA,"grn",NA,NA,NA,NA,NA,NA,NA,NA,"X",NA,"1.0",1.7,NA,NA,NA,"N",NA,NA,NA,NA,NA,"senesced",NA
"1936",NA,NA,2019,2019-05-31,"Jenny & Elizabeth","TM2","lower","14.5",NA,NA,NA,"ylw",NA,NA,NA,NA,NA,NA,"1.02","12.4",NA,"F",NA,NA,NA,NA,NA,NA,"Y",NA,NA,NA,NA,NA,"senesced flowers",1.02
"1937",NA,NA,2019,2019-05-31,"Jenny & Elizabeth","TM2","lower","14.0",NA,NA,NA,NA,NA,NA,NA,NA,NA,NA,NA,NA,NA,"X",NA,"2.0",1.9,NA,NA,NA,"N",NA,NA,NA,NA,NA,"senseced",NA
"1938",NA,NA,2019,2019-05-31,"Jenny & Elizabeth","TM2","lower","14.0",NA,NA,NA,NA,NA,NA,NA,NA,NA,NA,"<1","2.2",NA,"V",NA,NA,NA,NA,NA,"0.4","Y",NA,NA,NA,NA,NA,"LL=0.4cm, lf damage",0.5
"1939",NA,NA,2019,2019-05-31,NA,"TM2","upper","2.0",NA,NA,NA,"grn",NA,NA,NA,NA,NA,NA,NA,NA,NA,"X",NA,NA,NA,NA,NA,NA,NA,NA,NA,NA,NA,NA,NA,NA
"1940",NA,NA,2019,2019-05-31,NA,"TM2","upper","2.5",NA,NA,NA,"grn",NA,NA,NA,NA,NA,NA,"1.13","2.1",NA,"V",NA,NA,NA,NA,NA,"0.5","Y",NA,NA,NA,NA,NA,"0.5",1.13
"1941",NA,NA,2019,2019-05-31,NA,"TM2","upper","3.5",NA,NA,NA,"grn",NA,NA,NA,NA,NA,NA,NA,NA,NA,"X",NA,NA,NA,NA,NA,NA,NA,NA,NA,NA,NA,NA,NA,NA
"1942",NA,NA,2019,2019-05-31,"looks like it will die, one leaf hanging on","TM2","upper","4.5",NA,NA,NA,"grn","blu",NA,NA,NA,NA,NA,"1.2","5.1",NA,"P","0.0","0.0",NA,NA,NA,NA,"Y",NA,NA,NA,NA,NA,NA,1.2
"1943",NA,NA,2019,2019-05-31,"can't find","TM2","upper","4.5",NA,NA,NA,"grn",NA,NA,NA,NA,NA,NA,NA,NA,NA,NA,NA,NA,NA,NA,NA,NA,NA,NA,NA,NA,NA,NA,NA,NA
"1944",NA,NA,2019,2019-05-31,NA,"TM2","upper","4.5",NA,NA,NA,"red",NA,NA,NA,NA,NA,NA,"<1","5.8",NA,"B",NA,NA,NA,NA,NA,NA,"Y",NA,NA,NA,NA,NA,NA,0.5
"1945",NA,NA,2019,2019-05-31,NA,"TM2","upper","5.0",NA,NA,NA,"grn","blu",NA,NA,NA,NA,NA,NA,NA,NA,"X",NA,NA,NA,NA,NA,NA,NA,NA,NA,NA,NA,NA,NA,NA
"1946",NA,NA,2019,2019-05-31,NA,"TM2","upper","5.5",NA,NA,NA,"grn",NA,NA,NA,NA,NA,NA,NA,NA,NA,"X",NA,NA,NA,NA,NA,NA,NA,NA,NA,NA,NA,NA,NA,NA
"1947",NA,NA,2019,2019-05-31,NA,"TM2","upper","5.5",NA,NA,NA,"grn",NA,NA,NA,NA,NA,NA,"<1","5.2",NA,"B",NA,NA,NA,NA,NA,NA,"Y",NA,NA,NA,NA,NA,NA,0.5
"1948",NA,NA,2019,2019-05-31,NA,"TM2","upper","6.0",NA,NA,NA,NA,NA,NA,"red",NA,40,9,NA,NA,NA,"X",NA,NA,NA,NA,NA,NA,NA,NA,NA,NA,NA,NA,NA,NA
"1949",NA,NA,2019,2019-05-31,NA,"TM2","upper","6.5",NA,NA,NA,"grn",NA,NA,NA,NA,NA,NA,"<1","3.8",NA,"B",NA,NA,NA,NA,NA,NA,"Y",NA,NA,NA,NA,NA,NA,0.5
"1950",NA,NA,2019,2019-05-31,NA,"TM2","upper","6.5",NA,NA,NA,"grn",NA,NA,NA,NA,NA,NA,"<1","2.5",NA,"V",NA,NA,NA,NA,NA,"0.3","Y",NA,NA,NA,NA,NA,"0.3",0.5
"1951",NA,NA,2019,2019-05-31,NA,"TM2","upper","6.5",NA,NA,NA,NA,NA,NA,"red",NA,46,14,NA,NA,NA,"X",NA,NA,NA,NA,NA,NA,NA,NA,NA,NA,NA,NA,NA,NA
"1952",NA,NA,2019,2019-05-31,NA,"TM2","upper","7.0",NA,NA,NA,"ylw","ylw",NA,NA,NA,NA,NA,"<1","6.9",NA,"P","1.0","1.0",1.8,NA,NA,NA,"Y",NA,NA,NA,NA,NA,NA,0.5
"1953",NA,NA,2019,2019-05-31,NA,"TM2","upper","7.0",NA,NA,NA,"ylw","blu",NA,NA,NA,NA,NA,"1.06","15.1",NA,"P","0.0","3.0",2.7,NA,NA,NA,"Y",NA,NA,NA,NA,NA,NA,1.06
"1954",NA,NA,2019,2019-05-31,NA,"TM2","upper","7.0",NA,NA,NA,"ylw",NA,NA,NA,NA,NA,NA,NA,NA,NA,"X",NA,NA,NA,NA,NA,NA,NA,NA,NA,NA,NA,NA,NA,NA
"1955",NA,NA,2019,2019-05-31,NA,"TM2","upper","7.5",NA,NA,NA,"grn","ylw",NA,NA,NA,NA,NA,"1.06","6.1",NA,"P","0.0","1.0",0.4,NA,NA,NA,"N",NA,NA,NA,NA,NA,NA,1.06
"1956",NA,NA,2019,2019-05-31,NA,"TM2","upper","7.5",NA,NA,NA,"grn","ylw",NA,NA,NA,NA,NA,"<1","7.6",NA,"P","0.0","1.0",2.6,NA,NA,NA,"Y",NA,NA,NA,NA,NA,NA,0.5
"1957",NA,NA,2019,2019-05-31,NA,"TM2","upper","7.5",NA,NA,NA,"grn",NA,NA,NA,NA,NA,NA,NA,NA,NA,"X",NA,NA,NA,NA,NA,NA,NA,NA,NA,NA,NA,NA,NA,NA
"1958",NA,NA,2019,2019-05-31,NA,"TM2","upper","7.5",NA,NA,NA,"grn",NA,NA,NA,NA,NA,NA,"<1","1.8",NA,"V",NA,NA,NA,NA,NA,"0.4","Y",NA,NA,NA,NA,NA,"0.4",0.5
"1959",NA,NA,2019,2019-05-31,NA,"TM2","upper","7.5",NA,NA,NA,"ylw",NA,NA,NA,NA,NA,NA,NA,NA,NA,"X",NA,NA,NA,NA,NA,NA,NA,NA,NA,NA,NA,NA,NA,NA
"1960",NA,NA,2019,2019-05-31,NA,"TM2","upper","7.5",NA,NA,NA,NA,NA,NA,"red",NA,0,19,NA,NA,NA,"X",NA,NA,NA,NA,NA,NA,NA,NA,NA,NA,NA,NA,NA,NA
"1961",NA,NA,2019,2019-05-31,NA,"TM2","upper","7.5",NA,NA,NA,NA,NA,NA,"green",NA,27,4,NA,NA,NA,"X",NA,NA,NA,NA,NA,NA,NA,NA,NA,NA,NA,NA,NA,NA
"1962",NA,NA,2019,2019-05-31,NA,"TM2","upper","7.5",NA,NA,NA,NA,NA,NA,"red",NA,10,19,NA,NA,NA,"X",NA,NA,NA,NA,NA,NA,NA,NA,NA,NA,NA,NA,NA,NA
"1963",NA,NA,2019,2019-05-31,NA,"TM2","upper","8.0",NA,NA,NA,"grn",NA,NA,NA,NA,NA,NA,"<1","8.2",NA,"B",NA,NA,NA,NA,NA,NA,"N",NA,NA,NA,NA,NA,NA,0.5
"1964",NA,NA,2019,2019-05-31,NA,"TM2","upper","8.0",NA,NA,NA,"grn",NA,NA,NA,NA,NA,NA,"<1","4.1",NA,"V",NA,NA,NA,NA,NA,"0.3","Y",NA,NA,NA,NA,NA,"0.3",0.5
"1965",NA,NA,2019,2019-05-31,NA,"TM2","upper","8.0",NA,NA,NA,"grn",NA,NA,NA,NA,NA,NA,NA,NA,NA,"X",NA,NA,NA,NA,NA,NA,NA,NA,NA,NA,NA,NA,NA,NA
"1966",NA,NA,2019,2019-05-31,NA,"TM2","upper","8.0",NA,NA,NA,NA,NA,NA,"red",NA,40,5,NA,NA,NA,"X",NA,NA,NA,NA,NA,NA,NA,NA,NA,NA,NA,NA,NA,NA
"1967",NA,NA,2019,2019-05-31,NA,"TM2","upper","8.0",NA,NA,NA,NA,NA,NA,"red",NA,5,0,NA,NA,NA,"X",NA,NA,NA,NA,NA,NA,NA,NA,NA,NA,NA,NA,NA,NA
"1968",NA,NA,2019,2019-05-31,"very tiny silique","TM2","upper","8.5",NA,NA,NA,"grn","ylw",NA,NA,NA,NA,NA,"<1","4.9",NA,"P",NA,"1.0",0.1,NA,NA,NA,"Y",NA,NA,NA,NA,NA,NA,0.5
"1969",NA,NA,2019,2019-05-31,NA,"TM2","upper","8.5",NA,NA,NA,NA,NA,NA,"red",NA,7,10,NA,NA,NA,"X",NA,NA,NA,NA,NA,NA,"N",NA,NA,NA,NA,NA,NA,NA
"1970",NA,NA,2019,2019-05-31,"can't tell phen, very herbivorized, no repro structures","TM2","upper","9.0",NA,NA,NA,"grn",NA,NA,NA,NA,NA,NA,"<1","4.5",NA,NA,NA,NA,NA,NA,NA,NA,"Y",NA,NA,NA,NA,NA,NA,0.5
"1971",NA,NA,2019,2019-05-31,NA,"TM2","upper","9.0",NA,NA,NA,"grn","blu",NA,NA,NA,NA,NA,"<1","6.1",NA,"P","0.0","1.0",0.7,NA,NA,NA,"Y",NA,NA,NA,NA,NA,NA,0.5
"1972",NA,NA,2019,2019-05-31,NA,"TM2","upper","9.0",NA,NA,NA,"grn",NA,NA,NA,NA,NA,NA,"<1","4.8",NA,"V",NA,NA,NA,NA,NA,"0.3","Y",NA,NA,NA,NA,NA,"0.3",0.5
"1973",NA,NA,2019,2019-05-31,NA,"TM2","upper","9.0",NA,NA,NA,NA,NA,NA,"red",NA,30,0,NA,NA,NA,"X",NA,NA,NA,NA,NA,NA,"N",NA,NA,NA,NA,NA,NA,NA
"1974",NA,NA,2019,2019-05-31,NA,"TM2","upper","9.5",NA,NA,NA,"ylw","blu",NA,NA,NA,NA,NA,"<1","6.2",NA,"B",NA,NA,NA,NA,NA,NA,"Y",NA,NA,NA,NA,NA,NA,0.5
"1975",NA,NA,2019,2019-05-31,NA,"TM2","upper","9.5",NA,NA,NA,"blk","grn",NA,NA,NA,NA,NA,"<1","10.4",NA,"P",NA,"2.0",1.1,NA,NA,NA,"Y",NA,NA,NA,NA,NA,NA,0.5
"1976",NA,NA,2019,2019-05-31,NA,"TM2","upper","9.5",NA,NA,NA,NA,NA,NA,"red",NA,10,0,NA,NA,NA,"X",NA,NA,NA,NA,NA,NA,NA,NA,NA,NA,NA,NA,NA,NA
"1977",NA,NA,2019,2019-05-31,NA,"TM2","upper","9.5",NA,NA,NA,NA,NA,NA,"red",NA,0,0,NA,NA,NA,"X",NA,NA,NA,NA,NA,NA,NA,NA,NA,NA,NA,NA,NA,NA
"1978",NA,NA,2019,2019-05-31,NA,"TM2","upper","12.5",NA,NA,NA,"grn","ylw",NA,NA,NA,NA,NA,NA,NA,NA,"X",NA,NA,NA,NA,NA,NA,NA,NA,NA,NA,NA,NA,NA,NA
"1979",NA,NA,2019,2019-05-31,NA,"TM2","upper","13.0",NA,NA,NA,"grn","ylw",NA,NA,NA,NA,NA,"<1","9.2",NA,"P","0.0","1.0",0.5,NA,NA,NA,"Y",NA,NA,NA,NA,NA,NA,0.5
"1980",NA,NA,2019,2019-05-31,NA,"TM2","upper","13.5",NA,NA,NA,"red","blu",NA,NA,NA,NA,NA,NA,NA,NA,"X",NA,NA,NA,NA,NA,NA,NA,NA,NA,NA,NA,NA,NA,NA
"1981",NA,NA,2019,2019-05-31,NA,"TM2","upper","14.0",NA,NA,NA,"grn",NA,NA,NA,NA,NA,NA,NA,NA,NA,"X",NA,NA,NA,NA,NA,NA,NA,NA,NA,NA,NA,NA,NA,NA
"1982",NA,NA,2019,2019-05-31,"can't tell phen, probably P but very eaten","TM2","upper","15.0",NA,NA,NA,"grn",NA,NA,NA,NA,NA,NA,"<1","4.5",NA,NA,NA,NA,NA,NA,NA,NA,"Y",NA,NA,NA,NA,NA,NA,0.5
"1983",NA,NA,2019,2019-05-31,NA,"TM2","upper","15.0",NA,NA,NA,"grn",NA,NA,NA,NA,NA,NA,NA,NA,NA,"X",NA,NA,NA,NA,NA,NA,NA,NA,NA,NA,NA,NA,NA,NA
"1984",NA,NA,2019,2019-05-31,NA,"TM2","upper","1.5",NA,NA,NA,"grn",NA,NA,NA,NA,NA,NA,NA,NA,NA,"X",NA,NA,NA,NA,NA,NA,NA,NA,NA,NA,NA,NA,NA,NA
"1985",NA,NA,2019,2019-05-31,NA,"TM2","upper","4.5",NA,NA,NA,NA,NA,NA,NA,NA,NA,NA,"<1","9.5",NA,"B",NA,NA,NA,NA,NA,NA,"Y",NA,NA,NA,NA,NA,NA,0.5
"1986",NA,NA,2019,2019-05-31,NA,"TM2","upper","4.5",NA,NA,NA,NA,NA,NA,NA,NA,NA,NA,"<1","5.6",NA,"B",NA,NA,NA,NA,NA,NA,"Y",NA,NA,NA,NA,NA,NA,0.5
"1987",NA,NA,2019,2019-05-31,NA,"TM2","upper","6.0",NA,NA,NA,"grn",NA,NA,NA,NA,NA,NA,NA,NA,NA,"X",NA,NA,NA,NA,NA,NA,NA,NA,NA,NA,NA,NA,NA,NA
"1988",NA,NA,2019,2019-05-31,NA,"TM2","upper","6.0",NA,NA,NA,"grn",NA,NA,NA,NA,NA,NA,NA,NA,NA,"X",NA,NA,NA,NA,NA,NA,NA,NA,NA,NA,NA,NA,NA,NA
"1989",NA,NA,2019,2019-05-31,NA,"TM2","upper","6.0",NA,NA,NA,"grn",NA,NA,NA,NA,NA,NA,NA,NA,NA,"X",NA,NA,NA,NA,NA,NA,NA,NA,NA,NA,NA,NA,NA,NA
"1990",NA,NA,2019,2019-05-31,"can't tell phen, b/c herb dam","TM2","upper","10.0",NA,NA,NA,"blk",NA,NA,NA,NA,NA,NA,"<1","3.1",NA,NA,NA,NA,NA,NA,NA,NA,"Y",NA,NA,NA,NA,NA,NA,0.5
"1991",NA,NA,2019,2019-05-31,NA,"TM2","upper","12.0",NA,NA,NA,"grn",NA,NA,NA,NA,NA,NA,NA,NA,NA,"X",NA,NA,NA,NA,NA,NA,NA,NA,NA,NA,NA,NA,NA,NA
"1992",NA,NA,2019,2019-05-31,NA,"TM2","upper","14.5",NA,NA,NA,"grn",NA,NA,NA,NA,NA,NA,NA,NA,NA,"X",NA,NA,NA,NA,NA,NA,NA,NA,NA,NA,NA,NA,NA,NA
"1993",NA,NA,2019,2019-05-31,"Jenny, Elizabeth, & Laura","TM2","outcrop",NA,NA,NA,NA,NA,NA,NA,NA,11,NA,NA,NA,NA,NA,"X",NA,NA,NA,NA,NA,NA,NA,NA,NA,NA,NA,NA,NA,NA
"1994",NA,NA,2019,2019-05-31,"Jenny, Elizabeth, & Laura","TM2","outcrop",NA,NA,NA,NA,NA,NA,NA,NA,7,NA,NA,NA,NA,NA,"X",NA,NA,NA,NA,NA,NA,NA,NA,NA,NA,NA,NA,NA,NA
"1995",NA,NA,2019,2019-05-31,"Jenny, Elizabeth, & Laura","TM2","outcrop",NA,NA,NA,NA,NA,NA,NA,NA,17,NA,NA,NA,NA,NA,"X",NA,NA,NA,NA,NA,NA,NA,NA,NA,NA,NA,NA,NA,NA
"1996",NA,NA,2019,2019-05-31,"Jenny, Elizabeth, & Laura","TM2","outcrop",NA,NA,NA,NA,NA,NA,NA,"red",22,NA,NA,"9.86","85.2",NA,"P","0.0","127.0",9,NA,NA,NA,"Y",NA,NA,NA,NA,NA,"aphids, many siliques have dehisced, 22(new#127)",9.86
"1997",NA,NA,2019,2019-05-31,"Jenny, Elizabeth, & Laura","TM2","outcrop",NA,NA,NA,NA,NA,NA,NA,NA,27,NA,NA,NA,NA,NA,"X",NA,NA,NA,NA,NA,NA,NA,NA,NA,NA,NA,NA,NA,NA
"1998",NA,NA,2019,2019-05-31,"Jenny, Elizabeth, & Laura","TM2","outcrop",NA,NA,NA,NA,NA,NA,NA,NA,18,NA,NA,NA,NA,NA,NA,NA,NA,NA,NA,NA,NA,NA,NA,NA,NA,NA,NA,"weren't found",NA
"1999",NA,NA,2019,2019-05-31,"Jenny, Elizabeth, & Laura","TM2","outcrop",NA,NA,NA,NA,NA,NA,NA,NA,6,NA,NA,NA,NA,NA,NA,NA,NA,NA,NA,NA,NA,NA,NA,NA,NA,NA,NA,"weren't found",NA
"2000",NA,NA,2019,2019-05-31,"Jenny, Elizabeth, & Laura","TM2","outcrop",NA,NA,NA,NA,NA,NA,NA,NA,8,NA,NA,NA,NA,NA,"X",NA,NA,NA,NA,NA,NA,NA,NA,NA,NA,NA,NA,NA,NA
"2001",NA,NA,2019,2019-05-31,"Jenny, Elizabeth, & Laura","TM2","outcrop",NA,NA,NA,NA,NA,NA,NA,"red",21,NA,NA,"14.51","98.0",NA,"P","0.0","290.0",9.1,NA,NA,NA,"Y",NA,NA,NA,NA,NA,"aphids, 21(new#42)",14.51
"2002",NA,NA,2019,2019-05-31,"Jenny, Elizabeth, & Laura","TM2","outcrop",NA,NA,NA,NA,NA,NA,NA,NA,10,NA,NA,NA,NA,NA,"X",NA,NA,NA,NA,NA,NA,NA,NA,NA,NA,NA,NA,NA,NA
"2003",NA,NA,2019,2019-05-31,"Jenny, Elizabeth, & Laura","TM2","outcrop",NA,NA,NA,NA,NA,NA,NA,"red",25,NA,NA,"13.12","91.0",NA,"P","0.0","331.0",7.7,NA,NA,NA,"Y",NA,NA,NA,NA,NA,"aphids, 25(new#130)",13.12
"2004",NA,NA,2019,2019-05-31,"Jenny, Elizabeth, & Laura","TM2","outcrop",NA,NA,NA,NA,NA,NA,NA,NA,26,NA,NA,NA,NA,NA,"X",NA,NA,NA,NA,NA,NA,NA,NA,NA,NA,NA,NA,NA,NA
"2005",NA,NA,2019,2019-05-31,"Jenny, Elizabeth, & Laura","TM2","outcrop",NA,NA,NA,NA,NA,NA,NA,NA,23,NA,NA,NA,NA,NA,"X",NA,NA,NA,NA,NA,NA,NA,NA,NA,NA,NA,NA,NA,NA
"2006",NA,NA,2019,2019-05-31,"Jenny, Elizabeth, & Laura","TM2","outcrop",NA,NA,NA,NA,NA,NA,NA,NA,28,NA,NA,NA,NA,NA,"X",NA,NA,NA,NA,NA,NA,NA,NA,NA,NA,NA,NA,NA,NA
"2007",NA,NA,2019,2019-05-31,"Jenny, Elizabeth, & Laura","TM2","outcrop",NA,NA,NA,NA,NA,NA,NA,NA,9,NA,NA,NA,NA,NA,"X",NA,NA,NA,NA,NA,NA,NA,NA,NA,NA,NA,NA,NA,NA
"2008",NA,NA,2019,2019-05-31,"Jenny, Elizabeth, & Laura","TM2","outcrop",NA,NA,NA,NA,NA,NA,NA,NA,49,NA,NA,NA,NA,NA,"X",NA,NA,NA,NA,NA,NA,NA,NA,NA,NA,NA,NA,NA,NA
"2009",NA,NA,2019,2019-05-31,"Jenny, Elizabeth, & Laura","TM2","outcrop",NA,NA,NA,NA,NA,NA,NA,NA,46,NA,NA,NA,NA,NA,"X",NA,NA,NA,NA,NA,NA,NA,NA,NA,NA,NA,NA,NA,NA
"2010",NA,NA,2019,2019-05-31,"Jenny, Elizabeth, & Laura","TM2","outcrop",NA,NA,NA,NA,NA,NA,NA,NA,50,NA,NA,NA,NA,NA,"X",NA,NA,NA,NA,NA,NA,NA,NA,NA,NA,NA,NA,NA,NA
"2011",NA,NA,2019,2019-05-31,"Jenny, Elizabeth, & Laura","TM2","outcrop",NA,NA,NA,NA,NA,NA,NA,NA,47,NA,NA,NA,NA,NA,"X",NA,NA,NA,NA,NA,NA,NA,NA,NA,NA,NA,NA,NA,NA
"2012",NA,NA,2019,2019-05-31,"Jenny, Elizabeth, & Laura","TM2","outcrop",NA,NA,NA,NA,NA,NA,NA,NA,48,NA,NA,NA,NA,NA,"X",NA,NA,NA,NA,NA,NA,NA,NA,NA,NA,NA,NA,NA,NA
"2013",NA,NA,2019,2019-05-31,"Jenny, Elizabeth, & Laura","TM2","outcrop",NA,NA,NA,NA,NA,NA,NA,NA,45,NA,NA,NA,NA,NA,"X",NA,NA,NA,NA,NA,NA,NA,NA,NA,NA,NA,NA,NA,NA
"2014",NA,NA,2019,2019-05-31,"Jenny, Elizabeth, & Laura","TM2","outcrop",NA,NA,NA,NA,NA,NA,NA,NA,33,NA,NA,NA,NA,NA,"X",NA,NA,NA,NA,NA,NA,NA,NA,NA,NA,NA,NA,NA,NA
"2015",NA,NA,2019,2019-05-31,"Jenny, Elizabeth, & Laura","TM2","outcrop",NA,NA,NA,NA,NA,NA,NA,NA,34,NA,NA,NA,NA,NA,"X",NA,NA,NA,NA,NA,NA,NA,NA,NA,NA,NA,NA,NA,NA
"2016",NA,NA,2019,2019-05-31,"Jenny, Elizabeth, & Laura","TM2","outcrop",NA,NA,NA,NA,NA,NA,NA,NA,37,NA,NA,NA,NA,NA,"X",NA,NA,NA,NA,NA,NA,NA,NA,NA,NA,NA,NA,NA,NA
"2017",NA,NA,2019,2019-05-31,"Jenny, Elizabeth, & Laura","TM2","outcrop",NA,NA,NA,NA,NA,NA,NA,NA,43,NA,NA,NA,NA,NA,"X",NA,NA,NA,NA,NA,NA,NA,NA,NA,NA,NA,NA,NA,NA
"2018",NA,NA,2019,2019-05-31,"Jenny, Elizabeth, & Laura","TM2","outcrop",NA,NA,NA,NA,NA,NA,NA,NA,44,NA,NA,NA,NA,NA,"X",NA,NA,NA,NA,NA,NA,NA,NA,NA,NA,NA,NA,NA,NA
"2019",NA,NA,2019,2019-05-31,"Jenny, Elizabeth, & Laura","TM2","outcrop",NA,NA,NA,NA,NA,NA,NA,NA,40,NA,NA,NA,NA,NA,"X",NA,NA,NA,NA,NA,NA,NA,NA,NA,NA,NA,NA,NA,NA
"2020",NA,NA,2019,2019-05-31,"Jenny, Elizabeth, & Laura","TM2","outcrop",NA,NA,NA,NA,NA,NA,NA,NA,36,NA,NA,NA,NA,NA,"X",NA,NA,NA,NA,NA,NA,NA,NA,NA,NA,NA,NA,NA,NA
"2021",NA,NA,2019,2019-05-31,"Jenny, Elizabeth, & Laura","TM2","outcrop",NA,NA,NA,NA,NA,NA,NA,NA,41,NA,NA,NA,NA,NA,"X",NA,NA,NA,NA,NA,NA,NA,NA,NA,NA,NA,NA,NA,NA
"2022",NA,NA,2019,2019-05-31,"Jenny, Elizabeth, & Laura","TM2","outcrop",NA,NA,NA,NA,NA,NA,NA,NA,39,NA,NA,NA,NA,NA,"X",NA,NA,NA,NA,NA,NA,NA,NA,NA,NA,NA,NA,NA,NA
"2023",NA,NA,2019,2019-05-31,"Jenny, Elizabeth, & Laura","TM2","outcrop",NA,NA,NA,NA,NA,NA,NA,NA,42,NA,NA,NA,NA,NA,"X",NA,NA,NA,NA,NA,NA,NA,NA,NA,NA,NA,NA,NA,NA
"2024",NA,NA,2019,2019-05-31,"Eva & Niel","TM2","outcrop",NA,NA,NA,NA,NA,NA,NA,NA,11,NA,NA,NA,NA,NA,"X",NA,NA,NA,NA,NA,NA,NA,NA,NA,NA,NA,NA,NA,NA
"2025",NA,NA,2019,2019-05-31,"Eva & Niel","TM2","outcrop",NA,NA,NA,NA,NA,NA,NA,NA,7,NA,NA,NA,NA,NA,"X",NA,NA,NA,NA,NA,NA,NA,NA,NA,NA,NA,NA,NA,NA
"2026",NA,NA,2019,2019-05-31,"Eva & Niel","TM2","outcrop",NA,NA,NA,NA,NA,NA,NA,NA,17,NA,NA,NA,NA,NA,"X",NA,NA,NA,NA,NA,NA,NA,NA,NA,NA,NA,NA,NA,NA
"2027",NA,NA,2019,2019-05-31,"Eva & Niel","TM2","outcrop",NA,NA,NA,NA,NA,NA,NA,NA,22,NA,NA,NA,NA,NA,"X",NA,NA,NA,NA,NA,NA,NA,NA,NA,NA,NA,NA,NA,NA
"2028",NA,NA,2019,2019-05-31,"Eva & Niel","TM2","outcrop",NA,NA,NA,NA,NA,NA,NA,NA,27,NA,NA,NA,NA,NA,"X",NA,NA,NA,NA,NA,NA,NA,NA,NA,NA,NA,NA,NA,NA
"2029",NA,NA,2019,2019-05-31,"Eva & Niel","TM2","outcrop",NA,NA,NA,NA,NA,NA,NA,NA,18,NA,NA,NA,NA,NA,"X",NA,NA,NA,NA,NA,NA,NA,NA,NA,NA,NA,NA,NA,NA
"2030",NA,NA,2019,2019-05-31,"Eva & Niel","TM2","outcrop",NA,NA,NA,NA,NA,NA,NA,NA,6,NA,NA,NA,NA,NA,"X",NA,NA,NA,NA,NA,NA,NA,NA,NA,NA,NA,NA,NA,NA
"2031",NA,NA,2019,2019-05-31,"Eva & Niel","TM2","outcrop",NA,NA,NA,NA,NA,NA,NA,NA,8,NA,NA,NA,NA,NA,"X",NA,NA,NA,NA,NA,NA,NA,NA,NA,NA,NA,NA,NA,NA
"2032",NA,NA,2019,2019-05-31,"Eva & Niel","TM2","outcrop",NA,NA,NA,NA,NA,NA,NA,NA,21,NA,NA,NA,NA,NA,"X",NA,NA,NA,NA,NA,NA,NA,NA,NA,NA,NA,NA,NA,NA
"2033",NA,NA,2019,2019-05-31,"Eva & Niel","TM2","outcrop",NA,NA,NA,NA,NA,NA,NA,NA,10,NA,NA,NA,NA,NA,"X",NA,NA,NA,NA,NA,NA,NA,NA,NA,NA,NA,NA,NA,NA
"2034",NA,NA,2019,2019-05-31,"Eva & Niel","TM2","outcrop",NA,NA,NA,NA,NA,NA,NA,NA,25,NA,NA,NA,NA,NA,"X",NA,NA,NA,NA,NA,NA,NA,NA,NA,NA,NA,NA,NA,NA
"2035",NA,NA,2019,2019-05-31,"Eva & Niel","TM2","outcrop",NA,NA,NA,NA,NA,NA,NA,NA,26,NA,NA,NA,NA,NA,"X",NA,NA,NA,NA,NA,NA,NA,NA,NA,NA,NA,NA,NA,NA
"2036",NA,NA,2019,2019-05-31,"Eva & Niel","TM2","outcrop",NA,NA,NA,NA,NA,NA,NA,NA,23,NA,NA,NA,NA,NA,"X",NA,NA,NA,NA,NA,NA,NA,NA,NA,NA,NA,NA,NA,NA
"2037",NA,NA,2019,2019-05-31,"Eva & Niel","TM2","outcrop",NA,NA,NA,NA,NA,NA,NA,NA,28,NA,NA,NA,NA,NA,"X",NA,NA,NA,NA,NA,NA,NA,NA,NA,NA,NA,NA,NA,NA
"2038",NA,NA,2019,2019-05-31,"Eva & Niel","TM2","outcrop",NA,NA,NA,NA,NA,NA,NA,NA,9,NA,NA,NA,NA,NA,"X",NA,NA,NA,NA,NA,NA,NA,NA,NA,NA,NA,NA,NA,NA
"2039",NA,NA,2019,2019-05-31,"Eva & Niel","TM2","outcrop",NA,NA,NA,NA,NA,NA,NA,NA,166,NA,NA,"2.19","14.1",NA,"B","0.0","0.0",NA,NA,NA,NA,"N",NA,NA,NA,NA,NA,NA,2.19
"2040",NA,NA,2019,2019-05-31,"Eva & Niel","TM2","outcrop",NA,NA,NA,NA,NA,NA,NA,NA,170,NA,NA,"4.03","50.0",NA,"P","11.0","2.0",5.1,NA,NA,NA,"Y",NA,NA,NA,NA,NA,NA,4.03
"2041",NA,NA,2019,2019-05-31,"Eva & Niel","TM2","outcrop",NA,NA,NA,NA,NA,NA,NA,NA,78,NA,NA,"3.05","59.0",NA,"P","2.0","1.0",7.5,NA,NA,NA,"Y",NA,NA,NA,NA,NA,NA,3.05
"2042",NA,NA,2019,2019-05-31,"Eva & Niel","TM2","outcrop",NA,NA,NA,NA,NA,NA,NA,NA,12,NA,NA,"3.78","55.1",NA,"P","8.0","7.0",7.3,NA,NA,NA,"Y",NA,NA,NA,NA,NA,NA,3.78
"2043",NA,NA,2019,2019-05-31,"Eva & Niel","TM2","outcrop",NA,NA,NA,NA,NA,NA,NA,NA,162,NA,NA,"3.6","49.5",NA,"P","20.0","5.0",5.4,NA,NA,NA,"Y",NA,NA,NA,NA,NA,"apical damage",3.6
"2044",NA,NA,2019,2019-05-31,"Eva & Niel","TM2","outcrop",NA,NA,NA,NA,NA,NA,NA,NA,20,NA,NA,"5.66","69.7",NA,"P","46.0","27.0",6.3,NA,NA,NA,"Y",NA,NA,NA,NA,NA,NA,5.66
"2045",NA,NA,2019,2019-05-31,"Jenny & Elizabeth","TM2","outcrop",NA,NA,NA,NA,NA,NA,NA,NA,61,NA,NA,NA,NA,NA,"X",NA,NA,NA,NA,NA,NA,NA,NA,NA,NA,NA,NA,NA,NA
"2046",NA,NA,2019,2019-05-31,"Jenny & Elizabeth","TM2","outcrop",NA,NA,NA,NA,NA,NA,NA,NA,62,NA,NA,NA,NA,NA,"X",NA,NA,NA,NA,NA,NA,NA,NA,NA,NA,NA,NA,NA,NA
"2047",NA,NA,2019,2019-05-31,"Jenny & Elizabeth","TM2","outcrop",NA,NA,NA,NA,NA,NA,NA,NA,63,NA,NA,NA,NA,NA,"X",NA,NA,NA,NA,NA,NA,NA,NA,NA,NA,NA,NA,NA,NA
"2048",NA,NA,2019,2019-05-31,"Jenny & Elizabeth","TM2","outcrop",NA,NA,NA,NA,NA,NA,NA,NA,64,NA,NA,NA,NA,NA,"X",NA,NA,NA,NA,NA,NA,NA,NA,NA,NA,NA,NA,NA,NA
"2049",NA,NA,2019,2019-05-31,"Jenny & Elizabeth","TM2","outcrop",NA,NA,NA,NA,NA,NA,NA,NA,65,NA,NA,NA,NA,NA,"X",NA,NA,NA,NA,NA,NA,NA,NA,NA,NA,NA,NA,NA,NA
"2050",NA,NA,2019,2019-05-31,"Jenny & Elizabeth","TM2","outcrop",NA,NA,NA,NA,NA,NA,NA,NA,60,NA,NA,NA,NA,NA,"X",NA,NA,NA,NA,NA,NA,NA,NA,NA,NA,NA,NA,NA,NA
"2051",NA,NA,2019,2019-05-31,"Jenny & Elizabeth","TM2","outcrop",NA,NA,NA,NA,NA,NA,NA,NA,51,NA,NA,NA,NA,NA,"X",NA,NA,NA,NA,NA,NA,NA,NA,NA,NA,NA,NA,NA,NA
"2052",NA,NA,2019,2019-05-31,"Jenny & Elizabeth","TM2","outcrop",NA,NA,NA,NA,NA,NA,NA,NA,NA,NA,NA,NA,NA,NA,"X",NA,NA,NA,NA,NA,NA,NA,NA,NA,NA,NA,NA,NA,NA
"2053",NA,NA,2019,2019-05-31,"Jenny & Elizabeth","TM2","outcrop",NA,NA,NA,NA,NA,NA,NA,NA,16,NA,NA,NA,NA,NA,"X",NA,NA,NA,NA,NA,NA,NA,NA,NA,NA,NA,NA,NA,NA
"2054",NA,NA,2019,2019-05-31,"Jenny & Elizabeth","TM2","outcrop",NA,NA,NA,NA,NA,NA,NA,NA,13,NA,NA,NA,NA,NA,"X",NA,NA,NA,NA,NA,NA,NA,NA,NA,NA,NA,NA,NA,NA
"2055",NA,NA,2019,2019-05-31,"Jenny & Elizabeth","TM2","outcrop",NA,NA,NA,NA,NA,NA,NA,NA,14,NA,NA,NA,NA,NA,"X",NA,NA,NA,NA,NA,NA,NA,NA,NA,NA,NA,NA,NA,NA
"2056",NA,NA,2019,2019-05-31,"Jenny & Elizabeth","TM2","outcrop",NA,NA,NA,NA,NA,NA,NA,NA,12,NA,NA,NA,NA,NA,"X",NA,NA,NA,NA,NA,NA,NA,NA,NA,NA,NA,NA,NA,NA
"2057",NA,NA,2019,2019-05-31,"Jenny & Elizabeth","TM2","outcrop",NA,NA,NA,NA,NA,NA,NA,NA,57,NA,NA,NA,NA,NA,"X",NA,NA,NA,NA,NA,NA,NA,NA,NA,NA,NA,NA,NA,NA
"2058",NA,NA,2019,2019-05-31,"Jenny & Elizabeth","TM2","outcrop",NA,NA,NA,NA,NA,NA,NA,NA,58,NA,NA,NA,NA,NA,"X",NA,NA,NA,NA,NA,NA,NA,NA,NA,NA,NA,NA,NA,NA
"2059",NA,NA,2019,2019-05-31,"Jenny & Elizabeth","TM2","outcrop",NA,NA,NA,NA,NA,NA,NA,NA,29,NA,NA,NA,NA,NA,"X",NA,NA,NA,NA,NA,NA,NA,NA,NA,NA,NA,NA,NA,NA
"2060",NA,NA,2019,2019-05-31,"Jenny & Elizabeth","TM2","outcrop",NA,NA,NA,NA,NA,NA,NA,NA,30,NA,NA,NA,NA,NA,"X",NA,NA,NA,NA,NA,NA,NA,NA,NA,NA,NA,NA,NA,NA
"2061",NA,NA,2019,2019-05-31,"Jenny & Elizabeth","TM2","outcrop",NA,NA,NA,NA,NA,NA,NA,NA,24,NA,NA,NA,NA,NA,"X",NA,NA,NA,NA,NA,NA,NA,NA,NA,NA,NA,NA,NA,NA
"2062",NA,NA,2019,2019-05-31,"Jenny & Elizabeth","TM2","outcrop",NA,NA,NA,NA,NA,NA,NA,NA,20,NA,NA,NA,NA,NA,"X",NA,NA,NA,NA,NA,NA,NA,NA,NA,NA,NA,NA,NA,NA
"2063",NA,NA,2019,2019-05-31,"Jenny & Elizabeth","TM2","outcrop",NA,NA,NA,NA,NA,NA,NA,NA,15,NA,NA,NA,NA,NA,"X",NA,NA,NA,NA,NA,NA,NA,NA,NA,NA,NA,NA,NA,NA
"2064",NA,NA,2019,2019-05-31,"Jenny & Elizabeth","TM2","outcrop",NA,NA,NA,NA,NA,NA,NA,NA,31,NA,NA,NA,NA,NA,"X",NA,NA,NA,NA,NA,NA,NA,NA,NA,NA,NA,NA,NA,NA
"2065",NA,NA,2019,2019-05-31,"Jenny & Elizabeth","TM2","outcrop",NA,NA,NA,NA,NA,NA,NA,NA,52,NA,NA,NA,NA,NA,"X",NA,NA,NA,NA,NA,NA,NA,NA,NA,NA,NA,NA,NA,NA
"2066",NA,NA,2019,2019-05-31,"Jenny & Elizabeth","TM2","outcrop",NA,NA,NA,NA,NA,NA,NA,NA,3,NA,NA,NA,NA,NA,"X",NA,NA,NA,NA,NA,NA,NA,NA,NA,NA,NA,NA,NA,NA
"2067",NA,NA,2019,2019-05-31,"Jenny & Elizabeth","TM2","outcrop",NA,NA,NA,NA,NA,NA,NA,NA,2,NA,NA,NA,NA,NA,"X",NA,NA,NA,NA,NA,NA,NA,NA,NA,NA,NA,NA,NA,NA
"2068",NA,NA,2019,2019-05-31,"Jenny & Elizabeth","TM2","outcrop",NA,NA,NA,NA,NA,NA,NA,NA,4,NA,NA,NA,NA,NA,"X",NA,NA,NA,NA,NA,NA,NA,NA,NA,NA,NA,NA,NA,NA
"2069",NA,NA,2019,2019-05-31,"Jenny & Elizabeth","TM2","outcrop",NA,NA,NA,NA,NA,NA,NA,NA,1,NA,NA,NA,NA,NA,"X",NA,NA,NA,NA,NA,NA,NA,NA,NA,NA,NA,NA,NA,NA
"2070",NA,NA,2019,2019-05-31,"Jenny & Elizabeth","TM2","outcrop",NA,NA,NA,NA,NA,NA,NA,NA,32,NA,NA,NA,NA,NA,"X",NA,NA,NA,NA,NA,NA,NA,NA,NA,NA,NA,NA,NA,NA
"2071",NA,NA,2019,2019-05-31,"Jenny & Elizabeth","TM2","outcrop",NA,NA,NA,NA,NA,NA,NA,NA,53,NA,NA,NA,NA,NA,"X",NA,NA,NA,NA,NA,NA,NA,NA,NA,NA,NA,NA,NA,NA
"2072",NA,NA,2019,2019-05-31,"Jenny & Elizabeth","TM2","outcrop",NA,NA,NA,NA,NA,NA,NA,NA,54,NA,NA,NA,NA,NA,"X",NA,NA,NA,NA,NA,NA,NA,NA,NA,NA,NA,NA,NA,NA
"2073",NA,NA,2019,2019-05-31,"Jenny & Elizabeth","TM2","outcrop",NA,NA,NA,NA,NA,NA,NA,NA,55,NA,NA,NA,NA,NA,"X",NA,NA,NA,NA,NA,NA,NA,NA,NA,NA,NA,NA,NA,NA
"2074",NA,NA,2019,2019-05-31,"Laura & Megan","TM2","outcrop",NA,NA,NA,NA,NA,NA,NA,NA,118,NA,NA,"<1","5.9",NA,"V",NA,NA,NA,NA,NA,"0.1",NA,NA,NA,NA,NA,NA,"LL=0.1cm",0.5
"2075",NA,NA,2019,2019-05-31,"Laura & Megan","TM2","outcrop",NA,NA,NA,NA,NA,NA,NA,NA,124,NA,NA,"1.75","11.0",NA,"V",NA,NA,NA,NA,NA,"2.0",NA,NA,NA,NA,NA,NA,"LL=2.0cm",1.75
"2076",NA,NA,2019,2019-05-31,"Laura & Megan","TM2","outcrop",NA,NA,NA,NA,NA,NA,NA,NA,128,NA,NA,"1.48","8.4",NA,"V",NA,NA,NA,NA,NA,"2.1",NA,NA,NA,NA,NA,NA,"LL=2.1cm",1.48
"2077",NA,NA,2019,2019-05-31,"Laura & Megan","TM2","outcrop",NA,NA,NA,NA,NA,NA,NA,NA,26,NA,NA,"<1","12.5",NA,"V",NA,NA,NA,NA,NA,"3.0",NA,NA,NA,NA,NA,NA,"LL=3.0cm",0.5
"2078",NA,NA,2019,2019-05-31,"Laura & Megan","TM2","outcrop",NA,NA,NA,NA,NA,NA,NA,NA,136,NA,NA,"1.04","6.9",NA,"V",NA,NA,NA,NA,NA,"2.0",NA,NA,NA,NA,NA,NA,"LL=2.0cm",1.04
"2079",NA,NA,2019,2019-05-31,"Laura & Megan","TM2","outcrop",NA,NA,NA,NA,NA,NA,NA,NA,129,NA,NA,"<1","2.8",NA,"V",NA,NA,NA,NA,NA,"1.0",NA,NA,NA,NA,NA,NA,"LL=1.0cm",0.5
"2080",NA,NA,2019,2019-05-31,"Laura & Megan","TM2","outcrop",NA,NA,NA,NA,NA,NA,NA,NA,38,NA,NA,"<1","4.5",NA,"V",NA,NA,NA,NA,NA,"1.7",NA,NA,NA,NA,NA,NA,"LL=1.7cm",0.5
"2081",NA,NA,2019,2019-05-31,"Laura & Megan","TM2","outcrop",NA,NA,NA,NA,NA,NA,NA,NA,30,NA,NA,"<1","8.4",NA,"V",NA,NA,NA,NA,NA,"2.1",NA,NA,NA,NA,NA,NA,"LL=2.1cm",0.5
"2082",NA,NA,2019,2019-05-31,"Laura & Megan","TM2","outcrop",NA,NA,NA,NA,NA,NA,NA,NA,47,NA,NA,"<1","9.2",NA,"V",NA,NA,NA,NA,NA,"1.2",NA,NA,NA,NA,NA,NA,"LL=1.2cm",0.5
"2083",NA,NA,2019,2019-05-31,"Laura & Megan","TM2","outcrop",NA,NA,NA,NA,NA,NA,NA,NA,135,NA,NA,"<1","6.3",NA,"V",NA,NA,NA,NA,NA,"1.2",NA,NA,NA,NA,NA,NA,"LL=1.2cm",0.5
"2084",NA,NA,2019,2019-05-31,"Laura & Megan","TM2","outcrop",NA,NA,NA,NA,NA,NA,NA,NA,125,NA,NA,"<1","6.2",NA,"V",NA,NA,NA,NA,NA,"1.9",NA,NA,NA,NA,NA,NA,"LL=1.9cm",0.5
"2085",NA,NA,2019,2019-05-31,"Laura & Megan","TM2","outcrop",NA,NA,NA,NA,NA,NA,NA,NA,32,NA,NA,"<1","9.5",NA,"V",NA,NA,NA,NA,NA,"1.5",NA,NA,NA,NA,NA,NA,"LL=1.5cm",0.5
"2086",NA,NA,2019,2019-05-31,"Laura & Megan","TM2","outcrop",NA,NA,NA,NA,NA,NA,NA,NA,45,NA,NA,"<1","7.4",NA,"V",NA,NA,NA,NA,NA,"1.8",NA,NA,NA,NA,NA,NA,"LL=1.8cm",0.5
"2087",NA,NA,2019,2019-05-31,"Laura & Megan","TM2","outcrop",NA,NA,NA,NA,NA,NA,NA,NA,140,NA,NA,"<1","7.5",NA,"V",NA,NA,NA,NA,NA,"0.8",NA,NA,NA,NA,NA,NA,"LL=0.8cm",0.5
"2088",NA,NA,2019,2019-05-31,"Laura & Megan","TM2","outcrop",NA,NA,NA,NA,NA,NA,NA,NA,33,NA,NA,"<1","6.9",NA,"V",NA,NA,NA,NA,NA,"1.2",NA,NA,NA,NA,NA,NA,"LL=1.2cm",0.5
"2089",NA,NA,2019,2019-05-31,"Laura & Megan","TM2","outcrop",NA,NA,NA,NA,NA,NA,NA,NA,56,NA,NA,"<1","8.7",NA,"V",NA,NA,NA,NA,NA,"1.0",NA,NA,NA,NA,NA,NA,"LL=1.0cm",0.5
"2090",NA,NA,2019,2019-05-31,"Eva & Niel","TM2","seep",NA,NA,NA,NA,NA,NA,NA,NA,25,NA,NA,NA,NA,NA,"X",NA,NA,NA,NA,NA,NA,NA,NA,NA,NA,NA,NA,NA,NA
"2091",NA,NA,2019,2019-05-31,"Eva & Niel","TM2","seep",NA,NA,NA,NA,NA,NA,NA,NA,39,NA,NA,NA,NA,NA,"X",NA,NA,NA,NA,NA,NA,NA,NA,NA,NA,NA,NA,NA,NA
"2092",NA,NA,2019,2019-05-31,"Eva & Niel","TM2","seep",NA,NA,NA,NA,NA,NA,NA,NA,40,NA,NA,NA,NA,NA,"X",NA,NA,NA,NA,NA,NA,NA,NA,NA,NA,NA,NA,NA,NA
"2093",NA,NA,2019,2019-05-31,"Eva & Niel","TM2","seep",NA,NA,NA,NA,NA,NA,NA,NA,42,NA,NA,NA,NA,NA,"X",NA,NA,NA,NA,NA,NA,NA,NA,NA,NA,NA,NA,NA,NA
"2094",NA,NA,2019,2019-05-31,"Eva & Niel","TM2","seep",NA,NA,NA,NA,NA,NA,NA,NA,43,NA,NA,NA,NA,NA,"X",NA,NA,NA,NA,NA,NA,NA,NA,NA,NA,NA,NA,NA,NA
"2095",NA,NA,2019,2019-05-31,"Eva & Niel","TM2","seep",NA,NA,NA,NA,NA,NA,NA,NA,84,NA,NA,NA,NA,NA,"X",NA,NA,NA,NA,NA,NA,NA,NA,NA,NA,NA,NA,NA,NA
"2096",NA,NA,2019,2019-05-31,"Eva & Niel","TM2","seep",NA,NA,NA,NA,NA,NA,NA,NA,90,NA,NA,NA,NA,NA,"X",NA,NA,NA,NA,NA,NA,NA,NA,NA,NA,NA,NA,NA,NA
"2097",NA,NA,2019,2019-05-31,"Eva & Niel","TM2","seep",NA,NA,NA,NA,NA,NA,NA,NA,88,NA,NA,NA,NA,NA,"X",NA,NA,NA,NA,NA,NA,NA,NA,NA,NA,NA,NA,NA,NA
"2098",NA,NA,2019,2019-05-31,"Eva & Niel","TM2","seep",NA,NA,NA,NA,NA,NA,NA,NA,98,NA,NA,NA,NA,NA,"X",NA,NA,NA,NA,NA,NA,NA,NA,NA,NA,NA,NA,NA,NA
"2099",NA,NA,2019,2019-05-31,"Eva & Niel","TM2","seep",NA,NA,NA,NA,NA,NA,NA,NA,84,NA,NA,NA,NA,NA,"X",NA,NA,NA,NA,NA,NA,NA,NA,NA,NA,NA,NA,NA,NA
"2100",NA,NA,2019,2019-05-31,"Eva & Niel","TM2","seep",NA,NA,NA,NA,NA,NA,NA,NA,94,NA,NA,NA,NA,NA,"X",NA,NA,NA,NA,NA,NA,NA,NA,NA,NA,NA,NA,NA,NA
"2101",NA,NA,2019,2019-05-31,"Eva & Niel","TM2","seep",NA,NA,NA,NA,NA,NA,NA,NA,79,NA,NA,NA,NA,NA,"X",NA,NA,NA,NA,NA,NA,NA,NA,NA,NA,NA,NA,NA,NA
"2102",NA,NA,2019,2019-05-31,"Eva & Niel","TM2","seep",NA,NA,NA,NA,NA,NA,NA,NA,80,NA,NA,NA,NA,NA,"X",NA,NA,NA,NA,NA,NA,NA,NA,NA,NA,NA,NA,NA,NA
"2103",NA,NA,2019,2019-05-31,"Eva & Niel","TM2","seep",NA,NA,NA,NA,NA,NA,NA,NA,85,NA,NA,NA,NA,NA,"X",NA,NA,NA,NA,NA,NA,NA,NA,NA,NA,NA,NA,NA,NA
"2104",NA,NA,2019,2019-05-31,"Eva & Niel","TM2","seep",NA,NA,NA,NA,NA,NA,NA,NA,90,NA,NA,NA,NA,NA,"X",NA,NA,NA,NA,NA,NA,NA,NA,NA,NA,NA,NA,NA,NA
"2105",NA,NA,2019,2019-05-31,"Eva & Niel","TM2","seep",NA,NA,NA,NA,NA,NA,NA,NA,82,NA,NA,NA,NA,NA,"X",NA,NA,NA,NA,NA,NA,NA,NA,NA,NA,NA,NA,NA,NA
"2106",NA,NA,2019,2019-05-31,"Eva & Niel","TM2","seep",NA,NA,NA,NA,NA,NA,NA,NA,76,NA,NA,NA,NA,NA,"X",NA,NA,NA,NA,NA,NA,NA,NA,NA,NA,NA,NA,NA,NA
"2107",NA,NA,2019,2019-05-31,"Eva & Niel","TM2","seep",NA,NA,NA,NA,NA,NA,NA,NA,83,NA,NA,NA,NA,NA,"X",NA,NA,NA,NA,NA,NA,NA,NA,NA,NA,NA,NA,NA,NA
"2108",NA,NA,2019,2019-05-31,"Eva & Niel","TM2","seep",NA,NA,NA,NA,NA,NA,NA,NA,97,NA,NA,NA,NA,NA,"X",NA,NA,NA,NA,NA,NA,NA,NA,NA,NA,NA,NA,NA,NA
"2109",NA,NA,2019,2019-05-31,"Eva & Niel","TM2","seep",NA,NA,NA,NA,NA,NA,NA,NA,86,NA,NA,NA,NA,NA,"X",NA,NA,NA,NA,NA,NA,NA,NA,NA,NA,NA,NA,NA,NA
"2110",NA,NA,2019,2019-05-31,"Eva & Niel","TM2","seep",NA,NA,NA,NA,NA,NA,NA,NA,89,NA,NA,NA,NA,NA,"X",NA,NA,NA,NA,NA,NA,NA,NA,NA,NA,NA,NA,NA,NA
"2111",NA,NA,2019,2019-05-31,"Eva & Niel","TM2","seep",NA,NA,NA,NA,NA,NA,NA,NA,87,NA,NA,NA,NA,NA,"X",NA,NA,NA,NA,NA,NA,NA,NA,NA,NA,NA,NA,NA,NA
"2112",NA,NA,2019,2019-05-31,"Eva & Niel","TM2","seep",NA,NA,NA,NA,NA,NA,NA,NA,77,NA,NA,NA,NA,NA,"X",NA,NA,NA,NA,NA,NA,NA,NA,NA,NA,NA,NA,NA,NA
"2113",NA,NA,2019,2019-05-31,"Eva & Niel","TM2","seep",NA,NA,NA,NA,NA,NA,NA,NA,91,NA,NA,NA,NA,NA,"X",NA,NA,NA,NA,NA,NA,NA,NA,NA,NA,NA,NA,NA,NA
"2114",NA,NA,2019,2019-05-31,"Eva & Niel","TM2","seep",NA,NA,NA,NA,NA,NA,NA,NA,92,NA,NA,NA,NA,NA,"X",NA,NA,NA,NA,NA,NA,NA,NA,NA,NA,NA,NA,NA,NA
"2115",NA,NA,2019,2019-05-31,"Eva & Niel","TM2","seep",NA,NA,NA,NA,NA,NA,NA,NA,95,NA,NA,NA,NA,NA,"X",NA,NA,NA,NA,NA,NA,NA,NA,NA,NA,NA,NA,NA,NA
"2116",NA,NA,2019,2019-05-31,"Eva & Niel","TM2","seep",NA,NA,NA,NA,NA,NA,NA,NA,96,NA,NA,NA,NA,NA,"X",NA,NA,NA,NA,NA,NA,NA,NA,NA,NA,NA,NA,NA,NA
"2117",NA,NA,2019,2019-05-31,"Eva & Niel","TM2","seep",NA,NA,NA,NA,NA,NA,NA,NA,100,NA,NA,NA,NA,NA,"X",NA,NA,NA,NA,NA,NA,NA,NA,NA,NA,NA,NA,NA,NA
"2118",NA,NA,2019,2019-05-31,"Eva & Niel","TM2","seep",NA,NA,NA,NA,NA,NA,NA,NA,81,NA,NA,NA,NA,NA,"X",NA,NA,NA,NA,NA,NA,NA,NA,NA,NA,NA,NA,NA,NA
"2119",NA,NA,2019,2019-05-31,"Eva & Niel","TM2","seep",NA,NA,NA,NA,NA,NA,NA,NA,78,NA,NA,NA,NA,NA,"X",NA,NA,NA,NA,NA,NA,NA,NA,NA,NA,NA,NA,NA,NA
"2120",NA,NA,2019,2019-05-31,"Eva & Niel","TM2","seep",NA,NA,NA,NA,NA,NA,NA,NA,93,NA,NA,NA,NA,NA,"X",NA,NA,NA,NA,NA,NA,NA,NA,NA,NA,NA,NA,NA,NA
"2121",NA,NA,2019,2019-05-31,"Eva & Niel","TM2","seep",NA,NA,NA,NA,NA,NA,NA,NA,99,NA,NA,NA,NA,NA,"X",NA,NA,NA,NA,NA,NA,NA,NA,NA,NA,NA,NA,NA,NA
"2122",NA,NA,2019,2019-05-31,"Eva & Niel","TM2","seep","1.5R",NA,NA,NA,NA,NA,NA,NA,NA,NA,NA,"<1","7.7",NA,"P","0.0","1.0",1.3,NA,NA,NA,"Y",NA,NA,NA,NA,NA,NA,0.5
"2123",NA,NA,2019,2019-05-31,"Eva & Niel","TM2","seep","2.0R",NA,NA,NA,NA,NA,NA,NA,31,24,-20,"2.22","24.8",NA,"P","2.0","12.0",5.9,NA,NA,NA,"Y",NA,NA,NA,NA,NA,NA,2.22
"2124",NA,NA,2019,2019-05-31,"Eva & Niel","TM2","seep","3.0R",NA,NA,NA,NA,NA,NA,NA,NA,NA,NA,"1.02","14.6",NA,"P","0.0","2.0",2.2,NA,NA,NA,"Y",NA,NA,NA,NA,NA,NA,1.02
"2125",NA,NA,2019,2019-05-31,"Eva & Niel","TM2","seep","3.0R",NA,NA,NA,NA,NA,NA,NA,116,25,-9,"2.42","24.4",NA,"P","1.0","3.0",7.2,NA,NA,NA,"Y",NA,NA,NA,NA,NA,NA,2.42
"2126",NA,NA,2019,2019-05-31,"Eva & Niel","TM2","seep","3.5R",NA,NA,NA,NA,NA,NA,NA,46,25,-12,"2.54","26.7",NA,"P","9.0","13.0",8.2,NA,NA,NA,"Y",NA,NA,NA,NA,NA,NA,2.54
"2127",NA,NA,2019,2019-05-31,"Eva & Niel","TM2","seep","3.5R",NA,NA,NA,NA,NA,NA,NA,39,25,-19,"3.15","33.6",NA,"P","2.0","7.0",9.7,NA,NA,NA,"Y",NA,NA,NA,NA,NA,NA,3.15
"2128",NA,NA,2019,2019-05-31,"Eva & Niel","TM2","seep","3.5R",NA,NA,NA,NA,NA,NA,NA,48,26,-19,"2.79","23.5",NA,"P","3.0","4.0",9.2,NA,NA,NA,"Y",NA,NA,NA,NA,NA,NA,2.79
"2129",NA,NA,2019,2019-05-31,"Eva & Niel","TM2","seep","5.0R",NA,NA,NA,NA,NA,NA,NA,NA,NA,NA,"1.25","18.9",NA,"P","1.0","1.0",2,NA,NA,NA,"Y",NA,NA,NA,NA,NA,NA,1.25
"2130",NA,NA,2019,2019-05-31,"Eva & Niel","TM2","seep","5.0R",NA,NA,NA,NA,NA,NA,NA,102,30,-13,"2.15","40.1",NA,"P","7.0","10.0",5.6,NA,NA,NA,"Y",NA,NA,NA,NA,NA,NA,2.15
"2131",NA,NA,2019,2019-05-31,"Eva & Niel","TM2","seep","5.0R",NA,NA,NA,NA,NA,NA,NA,110,36,-8,"4.52","46.5",NA,"P","7.0","19.0",8,NA,NA,NA,"Y",NA,NA,NA,NA,NA,NA,4.52
"2132",NA,NA,2019,2019-05-31,"Eva & Niel","TM2","seep","5.0R",NA,NA,NA,NA,NA,NA,NA,115,35,-10,"1.7","21.3",NA,"P","0.0","1.0",4.3,NA,NA,NA,"Y",NA,NA,NA,NA,NA,NA,1.7
"2133",NA,NA,2019,2019-05-31,"Eva & Niel","TM2","seep","5.0R",NA,NA,NA,NA,NA,NA,NA,NA,NA,NA,"<1","14.6",NA,"P","0.0","2.0",4,NA,NA,NA,"Y",NA,NA,NA,NA,NA,NA,0.5
"2134",NA,NA,2019,2019-05-31,"Eva & Niel","TM2","seep","5.0R",NA,NA,NA,NA,NA,NA,NA,NA,NA,NA,"<1","13.9",NA,"P","1.0","1.0",2.2,NA,NA,NA,"Y",NA,NA,NA,NA,NA,NA,0.5
"2135",NA,NA,2019,2019-05-31,"Eva & Niel","TM2","seep","5.0R",NA,NA,NA,NA,NA,NA,NA,NA,NA,NA,"<1","3.8",NA,"V",NA,NA,NA,NA,NA,"0.4","Y",NA,NA,NA,NA,NA,"LL=0.4",0.5
"2136",NA,NA,2019,2019-05-31,"Eva & Niel","TM2","seep","5.0R",NA,NA,NA,NA,NA,NA,NA,58,30,-18,"2.75","37.4",NA,"P","17.0","15.0",9.5,NA,NA,NA,"Y",NA,NA,NA,NA,NA,NA,2.75
"2137",NA,NA,2019,2019-05-31,"Eva & Niel","TM2","seep","5.0R",NA,NA,NA,NA,NA,NA,NA,123,30,-19,"2.02","29.3",NA,"P","2.0","8.0",6.6,NA,NA,NA,"Y",NA,NA,NA,NA,NA,NA,2.02
"2138",NA,NA,2019,2019-05-31,"Eva & Niel","TM2","seep","5.0R",NA,NA,NA,NA,NA,NA,NA,NA,NA,NA,"1.28","19.7",NA,"P","0.0","2.0",2.5,NA,NA,NA,"Y",NA,NA,NA,NA,NA,NA,1.28
"2139",NA,NA,2019,2019-05-31,"Eva & Niel","TM2","seep","5.0R",NA,NA,NA,NA,NA,NA,NA,NA,NA,NA,"1.16","16.6",NA,"P","0.0","1.0",1.4,NA,NA,NA,"Y",NA,NA,NA,NA,NA,NA,1.16
"2140",NA,NA,2019,2019-05-31,"Eva & Niel","TM2","seep","5.0R",NA,NA,NA,NA,NA,NA,NA,NA,NA,NA,"<1","14.5",NA,"P","2.0","2.0",4.6,NA,NA,NA,"Y",NA,NA,NA,NA,NA,NA,0.5
"2141",NA,NA,2019,2019-05-31,"Eva & Niel","TM2","seep","5.0R",NA,NA,NA,NA,NA,NA,NA,NA,NA,NA,"1.37","24.7",NA,"P","0.0","3.0",5.4,NA,NA,NA,"Y",NA,NA,NA,NA,NA,NA,1.37
"2142",NA,NA,2019,2019-05-31,"Eva & Niel","TM2","seep","5.0R",NA,NA,NA,NA,NA,NA,NA,21,46,-19,"2.08","28.2",NA,"P","6.0","8.0",4.5,NA,NA,NA,"Y",NA,NA,NA,NA,NA,NA,2.08
"2143",NA,NA,2019,2019-05-31,"Eva & Niel","TM2","seep","5.0R",NA,NA,NA,NA,NA,NA,NA,NA,NA,NA,"<1","5.5",NA,"B",NA,NA,NA,NA,NA,NA,"Y",NA,NA,NA,NA,NA,NA,0.5
"2144",NA,NA,2019,2019-05-31,"Eva & Niel","TM2","seep","5.5R",NA,NA,NA,NA,NA,NA,NA,36,12,-7,"4.52","50.0",NA,"P","16.0","28.0",9.5,NA,NA,NA,"Y",NA,NA,NA,NA,NA,NA,4.52
"2145",NA,NA,2019,2019-05-31,"Eva & Niel","TM2","seep","5.5R",NA,NA,NA,NA,NA,NA,NA,138,49,-17,"2.58","41.1",NA,"P","1.0","6.0",5.7,NA,NA,NA,"Y",NA,NA,NA,NA,NA,NA,2.58
"2146",NA,NA,2019,2019-05-31,"Eva & Niel","TM2","seep","6.0L",NA,NA,NA,NA,NA,NA,NA,NA,NA,NA,"<1","14.0",NA,"B",NA,NA,NA,NA,NA,NA,"Y",NA,NA,NA,NA,NA,NA,0.5
"2147",NA,NA,2019,2019-05-31,"Eva & Niel","TM2","seep","6R",NA,NA,NA,NA,NA,NA,NA,NA,NA,NA,"<1","12.4",NA,"B",NA,NA,NA,NA,NA,NA,"Y",NA,NA,NA,NA,NA,NA,0.5
"2148",NA,NA,2019,2019-05-31,"Eva & Niel","TM2","seep","6.5L",NA,NA,NA,NA,NA,NA,NA,NA,NA,NA,"<1","12.6",NA,"B",NA,NA,NA,NA,NA,NA,"Y",NA,NA,NA,NA,NA,NA,0.5
"2149",NA,NA,2019,2019-05-31,"Eva & Niel","TM2","seep","6.5L",NA,NA,NA,NA,NA,NA,NA,112,22,12,"2.32","32.1",NA,"P","0.0","7.0",5.9,NA,NA,NA,"Y",NA,NA,NA,NA,NA,NA,2.32
"2150",NA,NA,2019,2019-05-31,"Laura & Megan","TM","seep","15R",NA,NA,NA,NA,NA,NA,NA,NA,NA,NA,"<1","18.5",NA,"P","0.0","1.0",9,NA,NA,NA,"N",NA,NA,NA,NA,NA,NA,0.5
"2151",NA,NA,2019,2019-05-31,"Laura & Megan","TM","seep","15R",NA,NA,NA,NA,NA,NA,NA,NA,NA,NA,"1.39","20.5",NA,"P","0.0","5.0",65,NA,NA,NA,"N",NA,NA,NA,NA,NA,NA,1.39
"2152",NA,NA,2019,2019-05-31,"Laura & Megan","TM","seep","15R",NA,NA,NA,NA,NA,NA,NA,NA,NA,NA,"<1","5.9",NA,"B","0.0","0.0",NA,NA,NA,NA,"N",NA,NA,NA,NA,NA,NA,0.5
"2153",NA,NA,2019,2019-05-31,"Laura & Megan","TM","seep","14R",NA,NA,NA,NA,NA,NA,NA,NA,NA,NA,"1.47","36.5",NA,"P","0.0","9.0",47,NA,NA,NA,"Y",NA,NA,NA,NA,NA,"foliar",1.47
"2154",NA,NA,2019,2019-05-31,"Laura & Megan","TM","seep","14R",NA,NA,NA,NA,NA,NA,"metal",6,0,-20,"4.3","37.0",NA,"P","11.0","6.0",24,NA,NA,NA,"Y",NA,NA,NA,NA,NA,"foliar, metal 6 band 9",4.3
"2155",NA,NA,2019,2019-05-31,"Laura & Megan","TM","seep","13.5R",NA,NA,NA,NA,NA,NA,NA,106,47,-14,"3.0","36.2",NA,"P","7.0","6.0",51,NA,NA,NA,"Y",NA,NA,NA,NA,NA,"stems & foliar",3
"2156",NA,NA,2019,2019-05-31,"Laura & Megan","TM","seep","13.5R",NA,NA,NA,NA,NA,NA,NA,NA,NA,NA,"<1","8.8",NA,"B","0.0","0.0",NA,NA,NA,NA,"Y",NA,NA,NA,NA,NA,"foliar",0.5
"2157",NA,NA,2019,2019-05-31,"Laura & Megan","TM","seep","13.5R",NA,NA,NA,NA,NA,NA,NA,NA,NA,NA,"<1","17.0",NA,"B","0.0","0.0",NA,NA,NA,NA,"N",NA,NA,NA,NA,NA,NA,0.5
"2158",NA,NA,2019,2019-05-31,"Laura & Megan","TM","seep","13.5L",NA,NA,NA,NA,NA,NA,NA,NA,NA,NA,"1.32","23.0",NA,"P","0.0","1.0",62,NA,NA,NA,"N",NA,NA,NA,NA,NA,NA,1.32
"2159",NA,NA,2019,2019-05-31,"Laura & Megan","TM","seep","13.5L",NA,NA,NA,NA,NA,NA,NA,NA,NA,NA,"1.0","17.4",NA,"P","0.0","1.0",40,NA,NA,NA,"N",NA,NA,NA,NA,NA,NA,1
"2160",NA,NA,2019,2019-05-31,"Laura & Megan","TM","seep","13.5R",NA,NA,NA,NA,NA,NA,"metal",7,8,-7,"2.54","21.5",NA,"P","5.0","4.0",47,NA,NA,NA,"Y",NA,NA,NA,NA,NA,"foliar & apical, metal 7",2.54
"2161",NA,NA,2019,2019-05-31,"Laura & Megan","TM","seep","13.5R",NA,NA,NA,NA,NA,NA,NA,NA,NA,NA,"<1","18.0",NA,"B","0.0","0.0",NA,NA,NA,NA,"N",NA,NA,NA,NA,NA,NA,0.5
"2162",NA,NA,2019,2019-05-31,"Laura & Megan","TM","seep","13.5R",NA,NA,NA,NA,NA,NA,NA,NA,NA,NA,"<1","22.5",NA,"P","0.0","6.0",52,NA,NA,NA,"N",NA,NA,NA,NA,NA,NA,0.5
"2163",NA,NA,2019,2019-05-31,"Laura & Megan","TM","seep","13.5R",NA,NA,NA,NA,NA,NA,NA,NA,NA,NA,"1.27","28.0",NA,"P","0.0","4.0",81,NA,NA,NA,"N",NA,NA,NA,NA,NA,NA,1.27
"2164",NA,NA,2019,2019-05-31,"Laura & Megan","TM","seep","13.5R",NA,NA,NA,NA,NA,NA,NA,114,19,-18,"1.93","34.0",NA,"P","0.0","10.0",84,NA,NA,NA,"N",NA,NA,NA,NA,NA,NA,1.93
"2165",NA,NA,2019,2019-05-31,"Laura & Megan","TM","seep","13.5R",NA,NA,NA,NA,NA,NA,NA,NA,19,-20,"<1","9.5",NA,"B","0.0","0.0",NA,NA,NA,NA,"N",NA,NA,NA,NA,NA,NA,0.5
"2166",NA,NA,2019,2019-05-31,"Laura & Megan","TM","seep","13.5R",NA,NA,NA,NA,NA,NA,NA,NA,19,-20,"<1","20.0",NA,"P","0.0","2.0",60,NA,NA,NA,"N",NA,NA,NA,NA,NA,NA,0.5
"2167",NA,NA,2019,2019-05-31,"Laura & Megan","TM","seep","13.5R",NA,NA,NA,NA,NA,NA,NA,NA,10,-17,"<1","14.7",NA,"P","0.0","1.0",45,NA,NA,NA,"N",NA,NA,NA,NA,NA,NA,0.5
"2168",NA,NA,2019,2019-05-31,"Laura & Megan","TM","seep","13.5R",NA,NA,NA,NA,NA,NA,NA,NA,10,-19,"<1","18.5",NA,"P","1.0","2.0",37,NA,NA,NA,"N",NA,NA,NA,NA,NA,NA,0.5
"2169",NA,NA,2019,2019-05-31,"Laura & Megan","TM","seep","13.5R",NA,NA,NA,NA,NA,NA,NA,NA,10,-20,"<1","5.2",NA,"P","0.0","1.0",10,NA,NA,NA,"N",NA,NA,NA,NA,NA,NA,0.5
"2170",NA,NA,2019,2019-05-31,"Laura & Megan","TM","seep","13.5R",NA,NA,NA,NA,NA,NA,NA,NA,10,-20,"<1","12.3",NA,"P","0.0","2.0",52,NA,NA,NA,"N",NA,NA,NA,NA,NA,NA,0.5
"2171",NA,NA,2019,2019-05-31,"Laura & Megan","TM","seep","13.5R",NA,NA,NA,NA,NA,NA,NA,NA,9,-20,"<1","23.0",NA,"P","0.0","3.0",70,NA,NA,NA,"N",NA,NA,NA,NA,NA,NA,0.5
"2172",NA,NA,2019,2019-05-31,"Laura & Megan","TM","seep","13.5R",NA,NA,NA,NA,NA,NA,NA,NA,7,-17,"<1","8.3",NA,"B","0.0","0.0",NA,NA,NA,NA,"N",NA,NA,NA,NA,NA,NA,0.5
"2173",NA,NA,2019,2019-05-31,"Laura & Megan","TM","seep","13.5R",NA,NA,NA,NA,NA,NA,NA,NA,4,-16,"1.17","24.0",NA,"P","0.0","6.0",52,NA,NA,NA,"N",NA,NA,NA,NA,NA,NA,1.17
"2174",NA,NA,2019,2019-05-31,"Laura & Megan","TM","seep","13.5R",NA,NA,NA,NA,NA,NA,NA,NA,6,-19,"<1","21.0",NA,"P","0.0","2.0",65,NA,NA,NA,"N",NA,NA,NA,NA,NA,NA,0.5
"2175",NA,NA,2019,2019-05-31,"Laura & Megan","TM","seep","13.5R",NA,NA,NA,NA,NA,NA,NA,NA,0,-12,"1.38","18.5",NA,"P","0.0","5.0",50,NA,NA,NA,"N",NA,NA,NA,NA,NA,NA,1.38
"2176",NA,NA,2019,2019-05-31,"Laura & Megan","TM","seep","13.5R",NA,NA,NA,NA,NA,NA,NA,NA,3,-13,"<1","23.0",NA,"P","0.0","6.0",49,NA,NA,NA,"N",NA,NA,NA,NA,NA,NA,0.5
"2177",NA,NA,2019,2019-05-31,"Laura & Megan","TM","seep","13R",NA,NA,NA,NA,NA,NA,NA,NA,49,-17,"<1","12.7",NA,"P","0.0","2.0",18,NA,NA,NA,"N",NA,NA,NA,NA,NA,NA,0.5
"2178",NA,NA,2019,2019-05-31,"Laura & Megan","TM","seep","13R",NA,NA,NA,NA,NA,NA,NA,NA,49,-17,"<1","14.2",NA,"P","0.0","1.0",44,NA,NA,NA,"N",NA,NA,NA,NA,NA,NA,0.5
"2179",NA,NA,2019,2019-05-31,"Laura & Megan","TM","seep","13R",NA,NA,NA,NA,NA,NA,NA,NA,49,-4,"<1","13.1",NA,"P","0.0","3.0",32,NA,NA,NA,"N",NA,NA,NA,NA,NA,NA,0.5
"2180",NA,NA,2019,2019-05-31,"Laura & Megan","TM","seep","13R",NA,NA,NA,NA,NA,NA,NA,NA,49,-4,"<1","7.4",NA,"P","0.0","1.0",7,NA,NA,NA,"N",NA,NA,NA,NA,NA,NA,0.5
"2181",NA,NA,2019,2019-05-31,"Laura & Megan","TM","seep","13R",NA,NA,NA,NA,NA,NA,NA,NA,41,0,"<1","8.8",NA,"P","0.0","2.0",26,NA,NA,NA,"N",NA,NA,NA,NA,NA,NA,0.5
"2182",NA,NA,2019,2019-05-31,"Laura & Megan","TM","seep","13R",NA,NA,NA,NA,NA,NA,NA,60,41,0,"1.61","28.6",NA,"P","0.0","2.0",29,NA,NA,NA,"N",NA,NA,NA,NA,NA,NA,1.61
"2183",NA,NA,2019,2019-05-31,"Laura & Megan","TM","seep","13R",NA,NA,NA,NA,NA,NA,NA,43,41,0,"1.76","30.2",NA,"P","4.0","6.0",72,NA,NA,NA,"N",NA,NA,NA,NA,NA,NA,1.76
"2184",NA,NA,2019,2019-05-31,"Laura & Megan","TM","seep","13R",NA,NA,NA,NA,NA,NA,NA,NA,41,-19,"<1","3.4",NA,"V",NA,NA,NA,NA,NA,"0.4","N",NA,NA,NA,NA,NA,"LL=0.4cm",0.5
"2185",NA,NA,2019,2019-05-31,"Laura & Megan","TM","seep","13R",NA,NA,NA,NA,NA,NA,NA,NA,41,-19,"<1","2.4",NA,"V",NA,NA,NA,NA,NA,"0.5","N",NA,NA,NA,NA,NA,"LL=0.5cm",0.5
"2186",NA,NA,2019,2019-05-31,"Laura & Megan","TM","seep","13R",NA,NA,NA,NA,NA,NA,NA,NA,41,-19,"<1","11.3",NA,"P","0.0","1.0",36,NA,NA,NA,"N",NA,NA,NA,NA,NA,NA,0.5
"2187",NA,NA,2019,2019-05-31,"Laura & Megan","TM","seep","13R",NA,NA,NA,NA,NA,NA,NA,NA,41,-19,"<1","16.5",NA,"P","0.0","2.0",48,NA,NA,NA,"N",NA,NA,NA,NA,NA,NA,0.5
"2188",NA,NA,2019,2019-05-31,"Laura & Megan","TM","seep","13R",NA,NA,NA,NA,NA,NA,NA,NA,41,-19,"1.4","20.8",NA,"F","1.0",NA,NA,NA,NA,NA,"N",NA,NA,NA,NA,NA,NA,1.4
"2189",NA,NA,2019,2019-05-31,"Laura & Megan","TM","seep","13R",NA,NA,NA,NA,NA,NA,NA,NA,36,-11,"<1","12.2",NA,"V",NA,NA,NA,NA,NA,"0.6","N",NA,NA,NA,NA,NA,"LL=0.6cm",0.5
"2190",NA,NA,2019,2019-05-31,"Laura & Megan","TM","seep","13R",NA,NA,NA,NA,NA,NA,NA,NA,36,-5,"1.12","21.9",NA,"P","0.0","3.0",57,NA,NA,NA,"N",NA,NA,NA,NA,NA,NA,1.12
"2191",NA,NA,2019,2019-05-31,"Laura & Megan","TM","seep","13R",NA,NA,NA,NA,NA,NA,NA,NA,34,-2,"<1","3.8",NA,"V",NA,NA,NA,NA,NA,"0.4","N",NA,NA,NA,NA,NA,"LL=0.4cm",0.5
"2192",NA,NA,2019,2019-05-31,"Laura & Megan","TM","seep","13R",NA,NA,NA,NA,NA,NA,NA,NA,33,-1,"<1","10.3",NA,"P","0.0","2.0",34,NA,NA,NA,"N",NA,NA,NA,NA,NA,NA,0.5
"2193",NA,NA,2019,2019-05-31,"Laura & Megan","TM","seep","13R",NA,NA,NA,NA,NA,NA,NA,NA,25,-16,"<1","3.3",NA,"V",NA,NA,NA,NA,NA,"0.3","N",NA,NA,NA,NA,NA,"LL=0.3cm",0.5
"2194",NA,NA,2019,2019-05-31,"Laura & Megan","TM","seep","13R",NA,NA,NA,NA,NA,NA,NA,NA,18,-14,"1.09","24.5",NA,"P","0.0","1.0",27,NA,NA,NA,"N",NA,NA,NA,NA,NA,NA,1.09
"2195",NA,NA,2019,2019-05-31,"Laura & Megan","TM","seep","13R",NA,NA,NA,NA,NA,NA,NA,NA,16,-17,"1.12","19.0",NA,"P","2.0","1.0",10,NA,NA,NA,"N",NA,NA,NA,NA,NA,NA,1.12
"2196",NA,NA,2019,2019-05-31,"Laura & Megan","TM","seep","13R",NA,NA,NA,NA,NA,NA,NA,NA,15,-17,"<1","3.8",NA,"V",NA,NA,NA,NA,NA,"0.4","N",NA,NA,NA,NA,NA,"LL=0.4cm",0.5
"2197",NA,NA,2019,2019-05-31,"Laura & Megan","TM","seep","13R",NA,NA,NA,NA,NA,NA,NA,NA,9,-20,"<1","8.8",NA,"P","0.0","1.0",18,NA,NA,NA,"N",NA,NA,NA,NA,NA,NA,0.5
"2198",NA,NA,2019,2019-05-31,"Laura & Megan","TM","seep","13R",NA,NA,NA,NA,NA,NA,NA,NA,9,-20,"<1","13.2",NA,"P","0.0","1.0",5,NA,NA,NA,"N",NA,NA,NA,NA,NA,NA,0.5
"2199",NA,NA,2019,2019-05-31,"Laura & Megan","TM","seep","13R",NA,NA,NA,NA,NA,NA,NA,NA,7,-10,"<1","18.8",NA,"P","0.0","2.0",28,NA,NA,NA,"N",NA,NA,NA,NA,NA,NA,0.5
"2200",NA,NA,2019,2019-05-31,"Laura & Megan","TM","seep","13R",NA,NA,NA,NA,NA,NA,NA,NA,7,-10,"<1","6.4",NA,"V",NA,NA,NA,NA,NA,"0.7","N",NA,NA,NA,NA,NA,"LL=0.7cm",0.5
"2201",NA,NA,2019,2019-05-31,"Laura & Megan","TM","seep","13R",NA,NA,NA,NA,NA,NA,NA,NA,6,-14,"<1","4.3",NA,"V",NA,NA,NA,NA,NA,"0.3","N",NA,NA,NA,NA,NA,"LL=0.3cm",0.5
"2202",NA,NA,2019,2019-05-31,"Laura & Megan","TM","seep","13R",NA,NA,NA,NA,NA,NA,NA,NA,5,-16,"1.49","26.8",NA,"P","0.0","2.0",81,NA,NA,NA,"N",NA,NA,NA,NA,NA,NA,1.49
"2203",NA,NA,2019,2019-05-31,"Laura & Megan","TM","seep","13R",NA,NA,NA,NA,NA,NA,NA,113,5,-16,"1.55","26.3",NA,"F","2.0",NA,NA,NA,NA,NA,"N",NA,NA,NA,NA,NA,NA,1.55
"2204",NA,NA,2019,2019-05-31,"Laura & Megan","TM","seep","13R",NA,NA,NA,NA,NA,NA,NA,NA,5,-16,"<1","18.5",NA,"P","0.0","2.0",50,NA,NA,NA,"N",NA,NA,NA,NA,NA,NA,0.5
"2205",NA,NA,2019,2019-05-31,"Laura & Megan","TM","seep","13R",NA,NA,NA,NA,NA,NA,NA,NA,3,-14,"1.2","26.5",NA,"P","0.0","5.0",67,NA,NA,NA,"N",NA,NA,NA,NA,NA,NA,1.2
"2206",NA,NA,2019,2019-05-31,"Laura & Megan","TM","seep","13R",NA,NA,NA,NA,NA,NA,NA,NA,3,-14,"<1","22.1",NA,"P","0.0","3.0",71,NA,NA,NA,"N",NA,NA,NA,NA,NA,NA,0.5
"2207",NA,NA,2019,2019-05-31,"Laura & Megan","TM","seep","13L",NA,NA,NA,NA,NA,NA,"metal",9,NA,NA,"1.39","17.7",NA,"F","2.0",NA,NA,NA,NA,NA,"N",NA,NA,NA,NA,NA,"metal tag 9",1.39
"2208",NA,NA,2019,2019-05-31,"Laura & Megan","TM","seep","13L",NA,NA,NA,NA,NA,NA,NA,54,21,14,"2.69","33.0",NA,"P","0.0","8.0",51,NA,NA,NA,"N",NA,NA,NA,NA,NA,NA,2.69
"2209",NA,NA,2019,2019-05-31,"Laura & Megan","TM","seep","12.5L",NA,NA,NA,NA,NA,NA,NA,52,34,10,"2.04","36.3",NA,"P","0.0","10.0",80,NA,NA,NA,"Y",NA,NA,NA,NA,NA,"foliar",2.04
"2210",NA,NA,2019,2019-05-31,"Laura & Megan","TM","seep","12.5L",NA,NA,NA,NA,NA,NA,NA,105,34,10,"1.73","38.2",NA,"P","0.0","9.0",85,NA,NA,NA,"N",NA,NA,NA,NA,NA,NA,1.73
"2211",NA,NA,2019,2019-05-31,"Laura & Megan","TM","seep","12.5L",NA,NA,NA,NA,NA,NA,NA,59,30,0,"1.58","27.0",NA,"P","2.0","6.0",81,NA,NA,NA,"N",NA,NA,NA,NA,NA,NA,1.58
"2212",NA,NA,2019,2019-05-31,"Laura & Megan","TM","seep","12.5L",NA,NA,NA,NA,NA,NA,NA,NA,30,0,"<1","11.5",NA,"P","0.0","2.0",39,NA,NA,NA,"N",NA,NA,NA,NA,NA,NA,0.5
"2213",NA,NA,2019,2019-05-31,"Laura & Megan","TM","seep","12.5L",NA,NA,NA,NA,NA,NA,NA,122,26,18,"3.21","51.0",NA,"P","17.0","34.0",82,NA,NA,NA,"Y",NA,NA,NA,NA,NA,"apical",3.21
"2214",NA,NA,2019,2019-05-31,"Laura & Megan","TM","seep","12.5R",NA,NA,NA,NA,NA,NA,NA,NA,NA,NA,"1.48","30.5",NA,"P","0.0","3.0",78,NA,NA,NA,"Y",NA,NA,NA,NA,NA,"foliar",1.48
"2215",NA,NA,2019,2019-05-31,"Laura & Megan","TM","seep","12.5R",NA,NA,NA,NA,NA,NA,NA,NA,NA,NA,"1.15","29.5",NA,"P","0.0","3.0",58,NA,NA,NA,"N",NA,NA,NA,NA,NA,NA,1.15
"2216",NA,NA,2019,2019-05-31,"Laura & Megan","TM","seep","12.5R",NA,NA,NA,NA,NA,NA,NA,NA,NA,NA,"1.15","28.0",NA,"P","0.0","5.0",86,NA,NA,NA,"N",NA,NA,NA,NA,NA,NA,1.15
"2217",NA,NA,2019,2019-05-31,"Laura & Megan","TM","seep","12.5R",NA,NA,NA,NA,NA,NA,NA,NA,NA,NA,"<1","15.2",NA,"P","0.0","3.0",59,NA,NA,NA,"Y",NA,NA,NA,NA,NA,"foliar",0.5
"2218",NA,NA,2019,2019-05-31,"Laura & Megan","TM","seep","12.5R",NA,NA,NA,NA,NA,NA,NA,NA,NA,NA,"<1","11.3",NA,"F","3.0","0.0",NA,NA,NA,NA,"N",NA,NA,NA,NA,NA,NA,0.5
"2219",NA,NA,2019,2019-05-31,"Laura & Megan","TM","seep","12.5R",NA,NA,NA,NA,NA,NA,NA,23,21,-16,"2.88","32.1",NA,"P","2.0","15.0",85,NA,NA,NA,"Y",NA,NA,NA,NA,NA,"foliar",2.88
"2220",NA,NA,2019,2019-05-31,"Eva & Niel","TM","seep","11.5L",NA,NA,NA,NA,NA,NA,NA,NA,NA,NA,"<1","10.9",NA,"P","1.0","1.0",3.2,NA,NA,NA,"Y",NA,NA,NA,NA,NA,NA,0.5
"2221",NA,NA,2019,2019-05-31,"Eva & Niel","TM","seep","11.5R",NA,NA,NA,NA,NA,NA,NA,121,40,0,"3.84","39.4",NA,"P","10.0","16.0",7,NA,NA,NA,"Y",NA,NA,NA,NA,NA,NA,3.84
"2222",NA,NA,2019,2019-05-31,"Eva & Niel","TM","seep","11.5R",NA,NA,NA,NA,NA,NA,NA,NA,NA,NA,"<1","12.1",NA,"F","1.0",NA,NA,NA,NA,NA,"N",NA,NA,NA,NA,NA,NA,0.5
"2223",NA,NA,2019,2019-05-31,"Eva & Niel","TM","seep","11.5R",NA,NA,NA,NA,NA,NA,NA,NA,NA,NA,"1.1","28.1",NA,"P","0.0","10.0",6.2,NA,NA,NA,"Y",NA,NA,NA,NA,NA,NA,1.1
"2224",NA,NA,2019,2019-05-31,"Eva & Niel","TM","seep","11.5R",NA,NA,NA,NA,NA,NA,NA,NA,NA,NA,"1.0","29.1",NA,"P","10.0","7.0",6.1,NA,NA,NA,"Y",NA,NA,NA,NA,NA,NA,1
"2225",NA,NA,2019,2019-05-31,"Eva & Niel","TM","seep","11.5R",NA,NA,NA,NA,NA,NA,NA,25,25,-10,"1.6","24.2",NA,"P","0.0","2.0",6.6,NA,NA,NA,"Y",NA,NA,NA,NA,NA,NA,1.6
"2226",NA,NA,2019,2019-05-31,"Eva & Niel","TM","seep","11.5R",NA,NA,NA,NA,NA,NA,NA,NA,NA,NA,"1.0","22.1",NA,"P","0.0","2.0",6.3,NA,NA,NA,"Y",NA,NA,NA,NA,NA,NA,1
"2227",NA,NA,2019,2019-05-31,"Eva & Niel","TM","seep","11.5R",NA,NA,NA,NA,NA,NA,NA,NA,NA,NA,"1.0","23.0",NA,"P","2.0","2.0",5.1,NA,NA,NA,"Y",NA,NA,NA,NA,NA,NA,1
"2228",NA,NA,2019,2019-05-31,"Eva & Niel","TM","seep","11.5R",NA,NA,NA,NA,NA,NA,NA,NA,NA,NA,"<1","17.6",NA,"P","0.0","1.0",4.3,NA,NA,NA,"Y",NA,NA,NA,NA,NA,NA,0.5
"2229",NA,NA,2019,2019-05-31,"Eva & Niel","TM","seep","11.5R",NA,NA,NA,NA,NA,NA,NA,37,50,-13,"1.6","26.0",NA,"P?",NA,NA,NA,NA,NA,NA,"Y",NA,NA,NA,NA,NA,"very seriously destroyed (apical damage)",1.6
"2230",NA,NA,2019,2019-05-31,"Eva & Niel","TM","below lower",NA,NA,NA,NA,NA,NA,NA,NA,914,NA,NA,NA,NA,NA,"X",NA,NA,NA,NA,NA,NA,NA,NA,NA,NA,NA,NA,NA,NA
"2231",NA,NA,2019,2019-05-31,"Eva & Niel","TM","below lower",NA,NA,NA,NA,NA,NA,NA,NA,913,NA,NA,NA,NA,NA,"X",NA,NA,NA,NA,NA,NA,NA,NA,NA,NA,NA,NA,NA,NA
"2232",NA,NA,2019,2019-05-31,"Eva & Niel","TM","below lower",NA,NA,NA,NA,NA,NA,NA,NA,912,NA,NA,NA,NA,NA,"X",NA,NA,NA,NA,NA,NA,NA,NA,NA,NA,NA,NA,NA,NA
"2233",NA,NA,2019,2019-05-31,"Eva & Niel","TM","below lower",NA,NA,NA,NA,NA,NA,NA,NA,919,NA,NA,NA,NA,NA,"X",NA,NA,NA,NA,NA,NA,NA,NA,NA,NA,NA,NA,NA,NA
"2234",NA,NA,2019,2019-05-31,"Eva & Niel","TM","below lower",NA,NA,NA,NA,NA,NA,NA,NA,916,NA,NA,NA,NA,NA,"X",NA,NA,NA,NA,NA,NA,NA,NA,NA,NA,NA,NA,NA,NA
"2235",NA,NA,2019,2019-05-31,"Eva & Niel","TM","below lower",NA,NA,NA,NA,NA,NA,NA,NA,917,NA,NA,NA,NA,NA,"X",NA,NA,NA,NA,NA,NA,NA,NA,NA,NA,NA,NA,NA,NA
"2236",NA,NA,2019,2019-05-31,"Eva & Niel","TM","below lower",NA,NA,NA,NA,NA,NA,NA,NA,918,NA,NA,NA,NA,NA,"X",NA,NA,NA,NA,NA,NA,NA,NA,NA,NA,NA,NA,NA,NA
"2237",NA,NA,2019,2019-05-31,"Eva & Niel","TM","below lower",NA,NA,NA,NA,NA,NA,NA,NA,915,NA,NA,NA,NA,NA,"X",NA,NA,NA,NA,NA,NA,NA,NA,NA,NA,NA,NA,NA,NA
"2238",NA,NA,2020,2020-05-31,"JG, JS","TM2","lower","0.0",NA,NA,NA,"yellow",NA,NA,NA,NA,NA,NA,NA,NA,NA,NA,NA,NA,NA,NA,NA,NA,NA,NA,NA,NA,NA,NA,"not found",NA
"2239",NA,NA,2020,2020-05-31,"JG, JS","TM2","lower","0.0",NA,NA,NA,"yellow",NA,NA,NA,NA,NA,NA,NA,NA,NA,NA,NA,NA,NA,NA,NA,NA,NA,NA,NA,NA,NA,NA,"not found",NA
"2240",NA,NA,2020,2020-05-31,"JG, JS","TM2","lower","3.0",NA,NA,NA,NA,NA,NA,"red",107,16,21,NA,NA,NA,"X",NA,NA,NA,NA,NA,NA,NA,NA,NA,NA,NA,NA,"no plant",NA
"2241",NA,NA,2020,2020-05-31,"JG, JS","TM2","lower","3.0",NA,NA,NA,NA,NA,NA,"red",49,36,16,NA,NA,NA,"X",NA,NA,NA,NA,NA,NA,NA,NA,NA,NA,NA,NA,"no plant",NA
"2242",NA,NA,2020,2020-05-31,"JG, JS","TM2","lower","3.0",NA,NA,NA,NA,NA,NA,"red",104,36,18,NA,NA,NA,"X",NA,NA,NA,NA,NA,NA,NA,NA,NA,NA,NA,NA,"no plant",NA
"2243",NA,NA,2020,2020-05-31,"JG, JS","TM2","lower","3.0",NA,NA,NA,NA,NA,NA,"red",109,38,16,NA,NA,NA,"X",NA,NA,NA,NA,NA,NA,NA,NA,NA,NA,NA,NA,"no plant",NA
"2244",NA,NA,2020,2020-05-31,"JG, JS","TM2","lower","3.0",NA,NA,NA,NA,NA,NA,"red",51,12,8,NA,NA,NA,"X",NA,NA,NA,NA,NA,NA,NA,NA,NA,NA,NA,NA,"no plant",NA
"2245",NA,NA,2020,2020-05-31,"JG, JS","TM2","lower","3.0",NA,NA,NA,"green",NA,NA,"blue",59,24,16,"1.62","25.2",NA,"P","2.0","4.0",72,1,1,NA,"Y",NA,NA,NA,NA,NA,NA,1.62
"2246",NA,NA,2020,2020-05-31,"JG, JS","TM2","lower","3.0",NA,NA,NA,"orange",NA,NA,NA,NA,NA,NA,NA,NA,NA,"X",NA,NA,NA,NA,NA,NA,NA,NA,NA,NA,NA,NA,NA,NA
"2247",NA,NA,2020,2020-05-31,"JG, JS","TM2","lower","3.0",NA,NA,NA,"orange",NA,NA,NA,NA,NA,NA,NA,NA,NA,"X",NA,NA,NA,NA,NA,NA,NA,NA,NA,NA,NA,NA,"no plant",NA
"2248",NA,NA,2020,2020-05-31,"JG, JS","TM2","lower","3.0",NA,NA,NA,"orange",NA,NA,NA,NA,NA,NA,NA,NA,NA,"X",NA,NA,NA,NA,NA,NA,NA,NA,NA,NA,NA,NA,NA,NA
"2249",NA,NA,2020,2020-05-31,"JG, JS","TM2","lower","3.0",NA,NA,NA,"yellow",NA,NA,"blue",40,16,19,"1.73","7.5",NA,"V",NA,NA,NA,NA,2,"23.0","Y",NA,NA,NA,NA,NA,NA,1.73
"2250",NA,NA,2020,2020-05-31,"JG, JS","TM2","lower","3.0",NA,NA,NA,NA,NA,NA,NA,44,23,13,NA,NA,NA,"X",NA,NA,NA,NA,NA,NA,NA,NA,NA,NA,NA,NA,NA,NA
"2251",NA,NA,2020,2020-05-31,"JG, JS","TM2","lower","3.0",NA,NA,NA,NA,NA,NA,NA,55,26,13,NA,NA,NA,"X",NA,NA,NA,NA,NA,NA,NA,NA,NA,NA,NA,NA,NA,NA
"2252",NA,NA,2020,2020-05-31,"JG, JS","TM2","lower","3.0",NA,NA,NA,NA,NA,NA,NA,41,27,12,NA,NA,NA,"X",NA,NA,NA,NA,NA,NA,NA,NA,NA,NA,NA,NA,NA,NA
"2253",NA,NA,2020,2020-05-31,"JG, JS","TM2","lower","3.0",NA,NA,NA,NA,NA,NA,NA,101,29,11,NA,NA,NA,"X",NA,NA,NA,NA,NA,NA,NA,NA,NA,NA,NA,NA,NA,NA
"2254",NA,NA,2020,2020-05-31,"JG, JS","TM2","lower","3.0",NA,NA,NA,NA,NA,NA,NA,27,24,6,NA,NA,NA,"X",NA,NA,NA,NA,NA,NA,NA,NA,NA,NA,NA,NA,NA,NA
"2255",NA,NA,2020,2020-05-31,"JG, JS","TM2","lower","3.5",NA,NA,NA,"green",NA,NA,"blue",78,24,10,"2.54","38.3",NA,"P","0.0","10.0",63,1,2,NA,"Y",NA,NA,NA,NA,NA,NA,2.54
"2256",NA,NA,2020,2020-05-31,"JG, JS","TM2","lower","3.5",NA,NA,NA,"green",NA,NA,"blue",20,21,12,"2.5","31.5",NA,"P","0.0","7.0",70,1,1,NA,"Y",NA,NA,NA,NA,NA,NA,2.5
"2257",NA,NA,2020,2020-05-31,"JG, JS","TM2","lower","3.5",NA,NA,NA,"green",NA,NA,NA,NA,NA,NA,NA,NA,NA,"X",NA,NA,NA,NA,NA,NA,NA,NA,NA,NA,NA,NA,"no plant",NA
"2258",NA,NA,2020,2020-05-31,"JG, JS","TM2","lower","3.5",NA,NA,NA,"orange",NA,NA,NA,NA,NA,NA,NA,NA,NA,"X",NA,NA,NA,NA,NA,NA,NA,NA,NA,NA,NA,NA,NA,NA
"2259",NA,NA,2020,2020-05-31,"JG, JS","TM2","lower","4.0",NA,NA,NA,"green",NA,NA,"blue",30,40,0,"2.11","23.2",NA,"P","0.0","8.0",64,1,1,NA,"Y",NA,NA,NA,NA,NA,NA,2.11
"2260",NA,NA,2020,2020-05-31,"JG, JS","TM2","lower","4.0",NA,NA,NA,"green",NA,NA,NA,NA,NA,NA,NA,NA,NA,"X",NA,NA,NA,NA,NA,NA,NA,NA,NA,NA,NA,NA,"no plant",NA
"2261",NA,NA,2020,2020-05-31,"JG, JS","TM2","lower","4.0",NA,NA,NA,"green",NA,NA,NA,NA,NA,NA,NA,NA,NA,"X",NA,NA,NA,NA,NA,NA,NA,NA,NA,NA,NA,NA,"no plant",NA
"2262",NA,NA,2020,2020-05-31,"JG, JS","TM2","lower","4.0",NA,NA,NA,"orange",NA,NA,NA,NA,NA,NA,NA,NA,NA,"X",NA,NA,NA,NA,NA,NA,NA,NA,NA,NA,NA,NA,"no plant",NA
"2263",NA,NA,2020,2020-05-31,"JG, JS","TM2","lower","4.5",NA,NA,NA,"orange",NA,NA,NA,NA,NA,NA,NA,NA,NA,"X",NA,NA,NA,NA,NA,NA,NA,NA,NA,NA,NA,NA,NA,NA
"2264",NA,NA,2020,2020-05-31,"JG, JS","TM2","lower","4.5",NA,NA,NA,"orange",NA,NA,NA,NA,NA,NA,NA,NA,NA,"X",NA,NA,NA,NA,NA,NA,NA,NA,NA,NA,NA,NA,NA,NA
"2265",NA,NA,2020,2020-05-31,"JG, JS","TM2","lower","4.5",NA,NA,NA,"orange",NA,NA,NA,NA,NA,NA,NA,NA,NA,"X",NA,NA,NA,NA,NA,NA,NA,NA,NA,NA,NA,NA,NA,NA
"2266",NA,NA,2020,2020-05-31,"JG, JS","TM2","lower","4.5",NA,NA,NA,"orange",NA,NA,"blue",760,27,23,"1.95","30.5",NA,"P","0.0","10.0",61,1,1,NA,"Y",NA,NA,NA,NA,NA,NA,1.95
"2267",NA,NA,2020,2020-05-31,"JG, JS","TM2","lower","5.0",NA,NA,NA,NA,NA,NA,"red",NA,30,10,NA,NA,NA,"X",NA,NA,NA,NA,NA,NA,NA,NA,NA,NA,NA,NA,"no plant",NA
"2268",NA,NA,2020,2020-05-31,"JG, JS","TM2","lower","5.0",NA,NA,NA,"blue",NA,NA,"blue",35,29,18,"4.02","54.2",NA,"P","0.0","35.0",69,1,1,NA,"Y",NA,NA,NA,NA,NA,NA,4.02
"2269",NA,NA,2020,2020-05-31,"JG, JS","TM2","lower","5.0",NA,NA,NA,"green",NA,NA,NA,NA,NA,NA,NA,NA,NA,"X",NA,NA,NA,NA,NA,NA,NA,NA,NA,NA,NA,NA,NA,NA
"2270",NA,NA,2020,2020-05-31,"JG, JS","TM2","lower","5.0",NA,NA,NA,"green",NA,NA,NA,NA,NA,NA,NA,NA,NA,"X",NA,NA,NA,NA,NA,NA,NA,NA,NA,NA,NA,NA,NA,NA
"2271",NA,NA,2020,2020-05-31,"JG, JS","TM2","lower","5.0",NA,NA,NA,"green",NA,NA,"blue",55,19,6,"3.22","36.8",NA,"P","0.0","1.0",27,1,1,NA,"Y",NA,NA,NA,NA,NA,"one bud, many flowers aborted",3.22
"2272",NA,NA,2020,2020-05-31,"JG, JS","TM2","lower","5.0",NA,NA,NA,"orange",NA,NA,NA,NA,NA,NA,NA,NA,NA,"X",NA,NA,NA,NA,NA,NA,NA,NA,NA,NA,NA,NA,NA,NA
"2273",NA,NA,2020,2020-05-31,"JG, JS","TM2","lower","5.0",NA,NA,NA,"orange",NA,NA,NA,NA,NA,NA,NA,NA,NA,"X",NA,NA,NA,NA,NA,NA,NA,NA,NA,NA,NA,NA,NA,NA
"2274",NA,NA,2020,2020-05-31,"JG, JS","TM2","lower","5.0",NA,NA,NA,"orange",NA,NA,NA,NA,NA,NA,NA,NA,NA,"X",NA,NA,NA,NA,NA,NA,NA,NA,NA,NA,NA,NA,NA,NA
"2275",NA,NA,2020,2020-05-31,"JG, JS","TM2","lower","5.0",NA,NA,NA,"orange",NA,NA,NA,NA,NA,NA,NA,NA,NA,"X",NA,NA,NA,NA,NA,NA,NA,NA,NA,NA,NA,NA,NA,NA
"2276",NA,NA,2020,2020-05-31,"JG, JS","TM2","lower","5.0",NA,NA,NA,"orange",NA,NA,NA,NA,NA,NA,NA,NA,NA,"X",NA,NA,NA,NA,NA,NA,NA,NA,NA,NA,NA,NA,NA,NA
"2277",NA,NA,2020,2020-05-31,"JG, JS","TM2","lower","5.0",NA,NA,NA,"orange",NA,NA,"blue",45,4,16,"2.8","39.5",NA,"P","0.0","15.0",77,1,1,NA,"Y",NA,NA,NA,NA,NA,NA,2.8
"2278",NA,NA,2020,2020-05-31,"JG, JS","TM2","lower","5.0",NA,NA,NA,"orange",NA,NA,"blue",6,3,22,"3.36","40.4",NA,"P","0.0","15.0",69,1,1,NA,"Y",NA,NA,NA,NA,NA,NA,3.36
"2279",NA,NA,2020,2020-05-31,"JG, JS","TM2","lower","5.0",NA,NA,NA,"orange",NA,NA,NA,NA,NA,NA,NA,NA,NA,"X",NA,NA,NA,NA,NA,NA,NA,NA,NA,NA,NA,NA,NA,NA
"2280",NA,NA,2020,2020-05-31,"JG, JS","TM2","lower","5.5",NA,NA,NA,"green",NA,NA,NA,NA,NA,NA,NA,NA,NA,"X",NA,NA,NA,NA,NA,NA,NA,NA,NA,NA,NA,NA,NA,NA
"2281",NA,NA,2020,2020-05-31,"JG, JS","TM2","lower","5.5",NA,NA,NA,"orange",NA,NA,NA,NA,NA,NA,NA,NA,NA,"X",NA,NA,NA,NA,NA,NA,NA,NA,NA,NA,NA,NA,NA,NA
"2282",NA,NA,2020,2020-05-31,"JG, JS","TM2","lower","5.5",NA,NA,NA,"orange",NA,NA,NA,NA,NA,NA,NA,NA,NA,"X",NA,NA,NA,NA,NA,NA,NA,NA,NA,NA,NA,NA,NA,NA
"2283",NA,NA,2020,2020-05-31,"JG, JS","TM2","lower","5.5",NA,NA,NA,"orange",NA,NA,NA,NA,NA,NA,NA,NA,NA,"X",NA,NA,NA,NA,NA,NA,NA,NA,NA,NA,NA,NA,NA,NA
"2284",NA,NA,2020,2020-05-31,"JG, JS","TM2","lower","5.5",NA,NA,NA,"orange",NA,NA,NA,NA,NA,NA,NA,NA,NA,"X",NA,NA,NA,NA,NA,NA,NA,NA,NA,NA,NA,NA,NA,NA
"2285",NA,NA,2020,2020-05-31,"JG, JS","TM2","lower","5.5",NA,NA,NA,"orange",NA,NA,NA,NA,NA,NA,NA,NA,NA,"X",NA,NA,NA,NA,NA,NA,NA,NA,NA,NA,NA,NA,NA,NA
"2286",NA,NA,2020,2020-05-31,"JG, JS","TM2","lower","5.5",NA,NA,NA,"orange",NA,NA,NA,NA,NA,NA,"0.99","21.2",NA,"P","0.0","0.0",NA,1,1,NA,"Y",NA,NA,NA,NA,NA,"one inviable fruit",0.5
"2287",NA,NA,2020,2020-05-31,"JG, JS","TM2","lower","5.5",NA,NA,NA,"orange",NA,NA,"blue",738,26,11,"1.5","27.2",NA,"P","0.0","1.0",35,1,1,NA,"Y",NA,NA,NA,NA,NA,NA,1.5
"2288",NA,NA,2020,2020-05-31,"JG, JS","TM2","lower","5.5",NA,NA,NA,"orange",NA,NA,"blue",97,22,16,"4.62","41.2",NA,"P","0.0","29.0",75,1,1,NA,"Y",NA,NA,NA,NA,NA,NA,4.62
"2289",NA,NA,2020,2020-05-31,"JG, JS","TM2","lower","5.5",NA,NA,NA,"yellow",NA,NA,NA,NA,NA,NA,"1.65","26.2",NA,"P","0.0","0.0",NA,1,1,NA,"Y",NA,NA,NA,NA,NA,"out of quadrat",1.65
"2290",NA,NA,2020,2020-05-31,"JG, JS","TM2","lower","6.5",NA,NA,NA,"blue",NA,NA,NA,NA,NA,NA,NA,NA,NA,"X",NA,NA,NA,NA,NA,NA,NA,NA,NA,NA,NA,NA,NA,NA
"2291",NA,NA,2020,2020-05-31,"JG, JS","TM2","lower","6.5",NA,NA,NA,"blue",NA,NA,"blue",NA,44,20,"4.06","29.5",NA,"P","0.0","1.0",19,1,1,NA,"Y",NA,NA,NA,NA,NA,NA,4.06
"2292",NA,NA,2020,2020-05-31,"JG, JS","TM2","lower","6.5",NA,NA,NA,"green",NA,NA,NA,NA,NA,NA,NA,NA,NA,"X",NA,NA,NA,NA,NA,NA,NA,NA,NA,NA,NA,NA,"no plant",NA
"2293",NA,NA,2020,2020-05-31,"JG, JS","TM2","lower","6.5",NA,NA,NA,"green",NA,NA,"blue",732,50,18,"2.61","39.5",NA,"P","0.0","1.0",24,1,1,NA,"Y",NA,NA,NA,NA,NA,NA,2.61
"2294",NA,NA,2020,2020-05-31,"JG, JS","TM2","lower","7.0",NA,NA,NA,"orange",NA,NA,"blue",10,6,3,"1.01","1.6",NA,"V",NA,NA,NA,0,1,"6.0","Y",NA,NA,NA,NA,NA,NA,1.01
"2295",NA,NA,2020,2020-05-31,"JG, JS","TM2","lower","7.0",NA,NA,NA,"orange",NA,NA,NA,NA,NA,NA,NA,NA,NA,"X",NA,NA,NA,NA,NA,NA,NA,NA,NA,NA,NA,NA,NA,NA
"2296",NA,NA,2020,2020-05-31,"JG, JS","TM2","lower","7.0",NA,NA,NA,"red",NA,NA,NA,NA,NA,NA,"<1","2.5",NA,"V",NA,NA,NA,0,1,"7.0","Y",NA,NA,NA,NA,NA,NA,0.5
"2297",NA,NA,2020,2020-05-31,"JG, JS","TM2","lower","7.5",NA,NA,NA,"green",NA,NA,NA,NA,NA,NA,NA,NA,NA,"X",NA,NA,NA,NA,NA,NA,NA,NA,NA,NA,NA,NA,NA,NA
"2298",NA,NA,2020,2020-05-31,"JG, JS","TM2","lower","7.5",NA,NA,NA,"green",NA,NA,NA,NA,NA,NA,NA,NA,NA,"X",NA,NA,NA,NA,NA,NA,NA,NA,NA,NA,NA,NA,NA,NA
"2299",NA,NA,2020,2020-05-31,"JG, JS","TM2","lower","7.5",NA,NA,NA,"green",NA,NA,NA,NA,NA,NA,"<1","1.3",NA,"V",NA,NA,NA,NA,1,"4.0","Y",NA,NA,NA,NA,NA,NA,0.5
"2300",NA,NA,2020,2020-05-31,"JG, JS","TM2","lower","7.5",NA,NA,NA,"orange",NA,NA,NA,NA,NA,NA,NA,NA,NA,"X",NA,NA,NA,NA,NA,NA,NA,NA,NA,NA,NA,NA,NA,NA
"2301",NA,NA,2020,2020-05-31,"JG, JS","TM2","lower","7.5",NA,NA,NA,"orange",NA,NA,NA,NA,NA,NA,NA,NA,NA,"X",NA,NA,NA,NA,NA,NA,NA,NA,NA,NA,NA,NA,NA,NA
"2302",NA,NA,2020,2020-05-31,"JG, JS","TM2","lower","7.5",NA,NA,NA,"orange",NA,NA,NA,NA,NA,NA,NA,NA,NA,"X",NA,NA,NA,NA,NA,NA,NA,NA,NA,NA,NA,NA,NA,NA
"2303",NA,NA,2020,2020-05-31,"JG, JS","TM2","lower","7.5",NA,NA,NA,"orange",NA,NA,NA,NA,NA,NA,NA,NA,NA,"X",NA,NA,NA,NA,NA,NA,NA,NA,NA,NA,NA,NA,NA,NA
"2304",NA,NA,2020,2020-05-31,"JG, JS","TM2","lower","7.5",NA,NA,NA,"orange",NA,NA,NA,NA,NA,NA,NA,NA,NA,"X",NA,NA,NA,NA,NA,NA,NA,NA,NA,NA,NA,NA,NA,NA
"2305",NA,NA,2020,2020-05-31,"JG, JS","TM2","lower","7.5",NA,NA,NA,"orange",NA,NA,NA,NA,NA,NA,NA,NA,NA,"X",NA,NA,NA,NA,NA,NA,NA,NA,NA,NA,NA,NA,NA,NA
"2306",NA,NA,2020,2020-05-31,"JG, JS","TM2","lower","7.5",NA,NA,NA,"orange",NA,NA,NA,NA,NA,NA,NA,NA,NA,"X",NA,NA,NA,NA,NA,NA,NA,NA,NA,NA,NA,NA,NA,NA
"2307",NA,NA,2020,2020-05-31,"JG, JS","TM2","lower","7.5",NA,NA,NA,"orange",NA,NA,NA,NA,NA,NA,"<1","1.8",NA,"V",NA,NA,NA,NA,1,"6.0","Y",NA,NA,NA,NA,NA,NA,0.5
"2308",NA,NA,2020,2020-05-31,"JG, JS","TM2","lower","7.5",NA,NA,NA,"orange",NA,NA,NA,NA,NA,NA,"<1","10.7",NA,"P","0.0","1.0",23,1,1,NA,"N",NA,NA,NA,NA,NA,NA,0.5
"2309",NA,NA,2020,2020-05-31,"JG, JS","TM2","lower","7.5",NA,NA,NA,"orange",NA,NA,NA,NA,NA,NA,NA,NA,NA,"X",NA,NA,NA,NA,NA,NA,NA,NA,NA,NA,NA,NA,NA,NA
"2310",NA,NA,2020,2020-05-31,"JG, JS","TM2","lower","7.5",NA,NA,NA,"orange",NA,NA,NA,NA,NA,NA,"1.12","13.2",NA,"P","0.0","1.0",25,1,1,NA,"Y",NA,NA,NA,NA,NA,NA,1.12
"2311",NA,NA,2020,2020-05-31,"JG, JS","TM2","lower","7.5",NA,NA,NA,"yellow",NA,NA,NA,NA,NA,NA,NA,NA,NA,"X",NA,NA,NA,NA,NA,NA,NA,NA,NA,NA,NA,NA,NA,NA
"2312",NA,NA,2020,2020-05-31,"JG, JS","TM2","lower","7.5",NA,NA,NA,"yellow",NA,NA,NA,NA,NA,NA,NA,NA,NA,"X",NA,NA,NA,NA,NA,NA,NA,NA,NA,NA,NA,NA,NA,NA
"2313",NA,NA,2020,2020-05-31,"JG, JS","TM2","lower","8.0",NA,NA,NA,"green",NA,NA,NA,NA,NA,NA,NA,NA,NA,"X",NA,NA,NA,NA,NA,NA,NA,NA,NA,NA,NA,NA,NA,NA
"2314",NA,NA,2020,2020-05-31,"JG, JS","TM2","lower","8.0",NA,NA,NA,"green",NA,NA,NA,NA,NA,NA,NA,NA,NA,"X",NA,NA,NA,NA,NA,NA,NA,NA,NA,NA,NA,NA,NA,NA
"2315",NA,NA,2020,2020-05-31,"JG, JS","TM2","lower","8.0",NA,NA,NA,"green",NA,NA,NA,NA,NA,NA,NA,NA,NA,"X",NA,NA,NA,NA,NA,NA,NA,NA,NA,NA,NA,NA,NA,NA
"2316",NA,NA,2020,2020-05-31,"JG, JS","TM2","lower","8.0",NA,NA,NA,"orange",NA,NA,NA,NA,NA,NA,NA,NA,NA,"X",NA,NA,NA,NA,NA,NA,NA,NA,NA,NA,NA,NA,NA,NA
"2317",NA,NA,2020,2020-05-31,"JG, JS","TM2","lower","8.0",NA,NA,NA,"orange",NA,NA,NA,NA,NA,NA,NA,NA,NA,"X",NA,NA,NA,NA,NA,NA,NA,NA,NA,NA,NA,NA,NA,NA
"2318",NA,NA,2020,2020-05-31,"JG, JS","TM2","lower","8.0",NA,NA,NA,"orange",NA,NA,NA,NA,NA,NA,NA,NA,NA,"X",NA,NA,NA,NA,NA,NA,NA,NA,NA,NA,NA,NA,NA,NA
"2319",NA,NA,2020,2020-05-31,"JG, JS","TM2","lower","8.0",NA,NA,NA,"orange",NA,NA,NA,NA,NA,NA,NA,NA,NA,"X",NA,NA,NA,NA,NA,NA,NA,NA,NA,NA,NA,NA,NA,NA
"2320",NA,NA,2020,2020-05-31,"JG, JS","TM2","lower","8.0",NA,NA,NA,"orange",NA,NA,NA,NA,NA,NA,NA,NA,NA,"X",NA,NA,NA,NA,NA,NA,NA,NA,NA,NA,NA,NA,NA,NA
"2321",NA,NA,2020,2020-05-31,"JG, JS","TM2","lower","8.0",NA,NA,NA,"orange",NA,NA,NA,NA,NA,NA,NA,NA,NA,"X",NA,NA,NA,NA,NA,NA,NA,NA,NA,NA,NA,NA,NA,NA
"2322",NA,NA,2020,2020-05-31,"JG, JS","TM2","lower","8.0",NA,NA,NA,"orange",NA,NA,NA,NA,NA,NA,NA,NA,NA,"X",NA,NA,NA,NA,NA,NA,NA,NA,NA,NA,NA,NA,NA,NA
"2323",NA,NA,2020,2020-05-31,"JG, JS","TM2","lower","8.0",NA,NA,NA,"orange",NA,NA,NA,NA,NA,NA,NA,NA,NA,"X",NA,NA,NA,NA,NA,NA,NA,NA,NA,NA,NA,NA,NA,NA
"2324",NA,NA,2020,2020-05-31,"JG, JS","TM2","lower","8.0",NA,NA,NA,"orange",NA,NA,NA,NA,NA,NA,NA,NA,NA,"X",NA,NA,NA,NA,NA,NA,NA,NA,NA,NA,NA,NA,NA,NA
"2325",NA,NA,2020,2020-05-31,"JG, JS","TM2","lower","8.0",NA,NA,NA,"orange",NA,NA,NA,NA,NA,NA,NA,NA,NA,"X",NA,NA,NA,NA,NA,NA,NA,NA,NA,NA,NA,NA,NA,NA
"2326",NA,NA,2020,2020-05-31,"JG, JS","TM2","lower","8.0",NA,NA,NA,"yellow",NA,NA,NA,NA,NA,NA,NA,NA,NA,"X",NA,NA,NA,NA,NA,NA,NA,NA,NA,NA,NA,NA,NA,NA
"2327",NA,NA,2020,2020-05-31,"JG, JS","TM2","lower","8.0",NA,NA,NA,"yellow",NA,NA,NA,NA,NA,NA,"1.0","9.4",NA,"B","0.0","0.0",NA,1,1,NA,"Y",NA,NA,NA,NA,NA,"won't flower",1
"2328",NA,NA,2020,2020-05-31,"JG, JS","TM2","lower","8.5",NA,NA,NA,"orange",NA,NA,NA,NA,NA,NA,NA,NA,NA,"X",NA,NA,NA,NA,NA,NA,NA,NA,NA,NA,NA,NA,NA,NA
"2329",NA,NA,2020,2020-05-31,"JG, JS","TM2","lower","8.5",NA,NA,NA,"orange",NA,NA,"blue",48,50,18,"1.08","11.4",NA,"B","0.0","0.0",NA,1,1,NA,"Y",NA,NA,NA,NA,NA,NA,1.08
"2330",NA,NA,2020,2020-05-31,"JG, JS","TM2","lower","8.5",NA,NA,NA,"orange",NA,NA,NA,NA,NA,NA,NA,NA,NA,"X",NA,NA,NA,NA,NA,NA,NA,NA,NA,NA,NA,NA,NA,NA
"2331",NA,NA,2020,2020-05-31,"JG, JS","TM2","lower","9.0",NA,NA,NA,"green",NA,NA,NA,NA,NA,NA,NA,NA,NA,"X",NA,NA,NA,NA,NA,NA,NA,NA,NA,NA,NA,NA,NA,NA
"2332",NA,NA,2020,2020-05-31,"JG, JS","TM2","lower","9.0",NA,NA,NA,"yellow",NA,NA,NA,NA,NA,NA,NA,NA,NA,"X",NA,NA,NA,NA,NA,NA,NA,NA,NA,NA,NA,NA,NA,NA
"2333",NA,NA,2020,2020-05-31,"JG, JS","TM2","lower","9.5",NA,NA,NA,"orange",NA,NA,NA,NA,NA,NA,"<1","6.1",NA,"B","0.0","0.0",NA,1,1,NA,"Y",NA,NA,NA,NA,NA,NA,0.5
"2334",NA,NA,2020,2020-05-31,"JG, JS","TM2","lower","10.0",NA,NA,NA,"green",NA,NA,NA,NA,NA,NA,NA,NA,NA,"X",NA,NA,NA,NA,NA,NA,NA,NA,NA,NA,NA,NA,NA,NA
"2335",NA,NA,2020,2020-05-31,"JG, JS","TM2","lower","10.0",NA,NA,NA,"orange",NA,NA,"blue",65,32,7,"1.3","13.5",NA,"P","0.0","2.0",34,1,1,NA,"Y",NA,NA,NA,NA,NA,NA,1.3
"2336",NA,NA,2020,2020-05-31,"JG, JS","TM2","lower","10.0",NA,NA,NA,"yellow",NA,NA,NA,NA,NA,NA,NA,NA,NA,"X",NA,NA,NA,NA,NA,NA,NA,NA,NA,NA,NA,NA,NA,NA
"2337",NA,NA,2020,2020-05-31,"JG, JS","TM2","lower","10.5",NA,NA,NA,"green",NA,NA,NA,NA,NA,NA,NA,NA,NA,"X",NA,NA,NA,NA,NA,NA,NA,NA,NA,NA,NA,NA,"living stem",NA
"2338",NA,NA,2020,2020-05-31,"JG, JS","TM2","lower","10.5",NA,NA,NA,"orange",NA,NA,"blue",605,41,11,"1.03","7.0",NA,"P","0.0","1.0",41,1,1,NA,"Y",NA,NA,NA,NA,NA,NA,1.03
"2339",NA,NA,2020,2020-05-31,"JG, JS","TM2","lower","10.5",NA,NA,NA,"orange",NA,NA,NA,NA,NA,NA,"<1","6.5",NA,"B","0.0","0.0",NA,1,1,NA,"N",NA,NA,NA,NA,NA,NA,0.5
"2340",NA,NA,2020,2020-05-31,"JG, JS","TM2","lower","11.0",NA,NA,NA,NA,NA,NA,"yellow",108,15,16,NA,NA,NA,"X",NA,NA,NA,NA,NA,NA,NA,NA,NA,NA,NA,NA,NA,NA
"2341",NA,NA,2020,2020-05-31,"JG, JS","TM2","lower","12.0",NA,NA,NA,"yellow",NA,NA,NA,NA,NA,NA,NA,NA,NA,"X",NA,NA,NA,NA,NA,NA,NA,NA,NA,NA,NA,NA,NA,NA
"2342",NA,NA,2020,2020-05-31,"JG, JS","TM2","lower","13.0",NA,NA,NA,"orange",NA,NA,"blue",78,41,1,"1.46","25.0",NA,"P","0.0","3.0",50,1,1,NA,"Y",NA,NA,NA,NA,NA,NA,1.46
"2343",NA,NA,2020,2020-05-31,"JG, JS","TM2","lower","13.5",NA,NA,NA,NA,NA,NA,"yellow",64,39,5,NA,NA,NA,"X",NA,NA,NA,NA,NA,NA,NA,NA,NA,NA,NA,NA,NA,NA
"2344",NA,NA,2020,2020-05-31,"JG, JS","TM2","lower","14.0",NA,NA,NA,"orange",NA,NA,NA,NA,NA,NA,NA,NA,NA,"X",NA,NA,NA,NA,NA,NA,NA,NA,NA,NA,NA,NA,NA,NA
"2345",NA,NA,2020,2020-05-31,"JG, JS","TM2","lower","14.0",NA,NA,NA,"orange",NA,NA,NA,NA,NA,NA,NA,NA,NA,"X",NA,NA,NA,NA,NA,NA,NA,NA,NA,NA,NA,NA,NA,NA
"2346",NA,NA,2020,2020-05-31,"JG, JS","TM2","lower","14.0",NA,NA,NA,"orange",NA,NA,"blue",609,20,1,"2.08","34.0",NA,"P","0.0","5.0",55,1,1,NA,"Y",NA,NA,NA,NA,NA,NA,2.08
"2347",NA,NA,2020,2020-05-31,"JG, JS","TM2","lower","14.0",NA,NA,NA,"orange",NA,NA,NA,NA,NA,NA,NA,NA,NA,"X",NA,NA,NA,NA,NA,NA,NA,NA,NA,NA,NA,NA,NA,NA
"2348",NA,NA,2020,2020-05-31,"JG, JS","TM2","lower","14.0",NA,NA,NA,"yellow",NA,NA,NA,NA,NA,NA,NA,NA,NA,"X",NA,NA,NA,NA,NA,NA,NA,NA,NA,NA,NA,NA,NA,NA
"2349",NA,NA,2020,2020-05-31,"JG, JS","TM2","lower","14.0",NA,NA,NA,"yellow",NA,NA,NA,NA,NA,NA,"<1","9.5",NA,"B","0.0","0.0",NA,1,1,NA,"N",NA,NA,NA,NA,NA,NA,0.5
"2350",NA,NA,2020,2020-05-31,"JG, JS","TM2","lower","14.0",NA,NA,NA,"yellow",NA,NA,NA,NA,NA,NA,"<1","13.6",NA,"P","0.0","1.0",42,1,1,NA,"Y",NA,NA,NA,NA,NA,NA,0.5
"2351",NA,NA,2020,2020-05-31,"JG, JS","TM2","lower","14.5",NA,NA,NA,NA,NA,NA,"yellow",62,9,20,NA,NA,NA,"X",NA,NA,NA,NA,NA,NA,NA,NA,NA,NA,NA,NA,NA,NA
"2352",NA,NA,2020,2020-05-31,"JG, JS","TM2","lower","14.5",NA,NA,NA,NA,NA,NA,"yellow",84,40,12,NA,NA,NA,"X",NA,NA,NA,NA,NA,NA,NA,NA,NA,NA,NA,NA,NA,NA
"2353",NA,NA,2020,2020-05-31,"JG, JS","TM2","lower","14.5",NA,NA,NA,"orange",NA,NA,NA,NA,NA,NA,NA,NA,NA,"X",NA,NA,NA,NA,NA,NA,NA,NA,NA,NA,NA,NA,NA,NA
"2354",NA,NA,2020,2020-05-31,"JG, JS","TM2","lower","14.5",NA,NA,NA,"orange",NA,NA,NA,NA,NA,NA,NA,NA,NA,"X",NA,NA,NA,NA,NA,NA,NA,NA,NA,NA,NA,NA,NA,NA
"2355",NA,NA,2020,2020-05-31,"JG, JS","TM2","lower","14.5",NA,NA,NA,"orange",NA,NA,NA,NA,NA,NA,NA,NA,NA,"X",NA,NA,NA,NA,NA,NA,NA,NA,NA,NA,NA,NA,NA,NA
"2356",NA,NA,2020,2020-05-31,"JG, JS","TM2","lower","14.5",NA,NA,NA,"orange",NA,NA,NA,NA,NA,NA,NA,NA,NA,"X",NA,NA,NA,NA,NA,NA,NA,NA,NA,NA,NA,NA,NA,NA
"2357",NA,NA,2020,2020-05-31,"JG, JS","TM2","lower","14.5",NA,NA,NA,"orange",NA,NA,NA,NA,NA,NA,NA,NA,NA,"LS",NA,NA,NA,NA,NA,NA,NA,NA,NA,NA,NA,NA,"stem living",NA
"2358",NA,NA,2020,2020-05-31,"JG, JS","TM2","lower","14.5",NA,NA,NA,"orange",NA,NA,NA,NA,NA,NA,NA,NA,NA,"LS",NA,NA,NA,NA,NA,NA,NA,NA,NA,NA,NA,NA,"stem living",NA
"2359",NA,NA,2020,2020-05-31,"JG, JS","TM2","lower","14.5",NA,NA,NA,"orange",NA,NA,NA,NA,NA,NA,NA,NA,NA,"LS",NA,NA,NA,NA,NA,NA,NA,NA,NA,NA,NA,NA,"stem living",NA
"2360",NA,NA,2020,2020-05-31,"JG, JS","TM2","lower","14.5",NA,NA,NA,"orange",NA,NA,NA,NA,NA,NA,NA,NA,NA,"LS",NA,NA,NA,NA,NA,NA,NA,NA,NA,NA,NA,NA,"stem living",NA
"2361",NA,NA,2020,2020-05-31,"JG, JS","TM2","lower","14.5",NA,NA,NA,"orange",NA,NA,"blue",769,23,10,"1.12","15.0",NA,"P","0.0","1.0",50,1,1,NA,"N",NA,NA,NA,NA,NA,NA,1.12
"2362",NA,NA,2020,2020-05-31,"JG, JS","TM2","lower","14.5",NA,NA,NA,"orange",NA,NA,NA,NA,NA,NA,"<1","11.5",NA,"P","0.0","2.0",28,1,1,NA,"Y",NA,NA,NA,NA,NA,NA,0.5
"2363",NA,NA,2020,2020-05-31,"JG, JS","TM2","lower","14.5",NA,NA,NA,"orange",NA,NA,"blue",85,30,0,"1.85","33.0",NA,"P","0.0","3.0",67,1,1,NA,"N",NA,NA,NA,NA,NA,NA,1.85
"2364",NA,NA,2020,2020-05-31,"JG, JS","TM2","lower","14.5",NA,NA,NA,"orange",NA,NA,NA,NA,NA,NA,"<1","13.0",NA,"B","0.0","0.0",NA,1,1,NA,"N",NA,NA,NA,NA,NA,"stem broken",0.5
"2365",NA,NA,2020,2020-05-31,"JG, JS","TM2","lower","14.5",NA,NA,NA,"orange",NA,NA,NA,NA,NA,NA,"<1","16.5",NA,"P","0.0","1.0",30,1,1,NA,"Y",NA,NA,NA,NA,NA,NA,0.5
"2366",NA,NA,2020,2020-05-31,"JG, JS","TM2","lower","14.5",NA,NA,NA,"orange",NA,NA,"blue",0,49,17,"1.27","18.0",NA,"P","0.0","1.0",27,1,1,NA,"Y",NA,NA,NA,NA,NA,NA,1.27
"2367",NA,NA,2020,2020-05-31,"JG, JS","TM2","lower","14.5",NA,NA,NA,"orange",NA,NA,NA,NA,NA,NA,NA,NA,NA,"LS",NA,NA,NA,NA,NA,NA,NA,NA,NA,NA,NA,NA,"live stem",NA
"2368",NA,NA,2020,2020-05-31,"JG, JS","TM2","lower","14.5",NA,NA,NA,"orange",NA,NA,NA,NA,NA,NA,NA,NA,NA,"LS",NA,NA,NA,NA,NA,NA,NA,NA,NA,NA,NA,NA,"live stem",NA
"2369",NA,NA,2020,2020-05-31,"JG, JS","TM2","lower","14.5",NA,NA,NA,"orange",NA,NA,"blue",89,19,14,"1.4","26.5",NA,"P","1.0","2.0",60,1,1,NA,"4.0",NA,NA,NA,NA,NA,NA,1.4
"2370",NA,NA,2020,2020-05-31,"JG, JS","TM2","lower","14.5",NA,NA,NA,"yellow",NA,NA,NA,NA,NA,NA,NA,NA,NA,"X",NA,NA,NA,NA,NA,NA,NA,NA,NA,NA,NA,NA,NA,NA
"2371",NA,NA,2020,2020-05-31,"JG, JS","TM2","lower","15.0",NA,NA,NA,NA,NA,NA,"yellow",164,19,14,NA,NA,NA,"X",NA,NA,NA,NA,NA,NA,NA,NA,NA,NA,NA,NA,NA,NA
"2372",NA,NA,2020,2020-05-31,"JG, JS","TM2","lower","15.0",NA,NA,NA,NA,NA,NA,"yellow",165,9,12,NA,NA,NA,"X",NA,NA,NA,NA,NA,NA,NA,NA,NA,NA,NA,NA,NA,NA
"2373",NA,NA,2020,2020-05-31,"JG, JS","TM2","lower","15.0",NA,NA,NA,NA,NA,NA,"yellow",89,12,21,NA,NA,NA,"X",NA,NA,NA,NA,NA,NA,NA,NA,NA,NA,NA,NA,NA,NA
"2374",NA,NA,2020,2020-05-31,"JG, JS","TM2","lower","15.0",NA,NA,NA,"green",NA,NA,NA,NA,NA,NA,NA,NA,NA,"X",NA,NA,NA,NA,NA,NA,NA,NA,NA,NA,NA,NA,NA,NA
"2375",NA,NA,2020,2020-05-31,"JG, JS","TM2","lower","15.0",NA,NA,NA,"orange",NA,NA,NA,NA,NA,NA,NA,NA,NA,"X",NA,NA,NA,NA,NA,NA,NA,NA,NA,NA,NA,NA,NA,NA
"2376",NA,NA,2020,2020-05-31,"JG, JS","TM2","lower","15.0",NA,NA,NA,"orange",NA,NA,NA,NA,NA,NA,NA,NA,NA,"X",NA,NA,NA,NA,NA,NA,NA,NA,NA,NA,NA,NA,NA,NA
"2377",NA,NA,2020,2020-05-31,"JG, JS","TM2","lower","15.0",NA,NA,NA,"orange",NA,NA,NA,NA,NA,NA,NA,NA,NA,"LS",NA,NA,NA,NA,NA,NA,NA,NA,NA,NA,NA,NA,"live stem",NA
"2378",NA,NA,2020,2020-05-31,"JG, JS","TM2","lower","15.0",NA,NA,NA,"orange",NA,NA,"blue",50,25,0,"1.23","21.5",NA,"P","0.0","1.0",49,1,1,NA,"Y",NA,NA,NA,NA,NA,NA,1.23
"2379",NA,NA,2020,2020-05-31,"JG, JS","TM2","lower","15.0",NA,NA,NA,"orange",NA,NA,NA,NA,NA,NA,"<1","5.7",NA,"B","0.0","0.0",NA,1,1,NA,"Y",NA,NA,NA,NA,NA,NA,0.5
"2380",NA,NA,2020,2020-05-31,"JG, JS","TM2","lower","15.0",NA,NA,NA,"orange",NA,NA,"blue",62,22,19,"1.08","9.0",NA,"B","0.0","0.0",NA,1,1,NA,"N",NA,NA,NA,NA,NA,NA,1.08
"2381",NA,NA,2020,2020-05-31,"JG, JS","TM2","lower","15.0",NA,NA,NA,"orange",NA,NA,NA,NA,NA,NA,"<1","21.0",NA,"P","0.0","2.0",40,1,1,NA,"Y",NA,NA,NA,NA,NA,NA,0.5
"2382",NA,NA,2020,2020-05-31,"JG, JS","TM2","lower","15.0",NA,NA,NA,"orange",NA,NA,"blue",67,4,15,"1.04","12.5",NA,"P","0.0","2.0",38,1,1,NA,"Y",NA,NA,NA,NA,NA,NA,1.04
"2383",NA,NA,2020,2020-05-31,"JG, JS","TM2","lower","15.0",NA,NA,NA,"orange",NA,NA,NA,NA,NA,NA,"<1","20.0",NA,"P","0.0","2.0",45,1,1,NA,"Y",NA,NA,NA,NA,NA,NA,0.5
"2384",NA,NA,2020,2020-05-31,"JG, JS","TM2","lower","15.0",NA,NA,NA,"yellow",NA,NA,NA,NA,NA,NA,NA,NA,NA,"X",NA,NA,NA,NA,NA,NA,NA,NA,NA,NA,NA,NA,NA,NA
"2385",NA,NA,2020,2020-05-31,"JG, JS","TM2","lower","15.0",NA,NA,NA,"yellow",NA,NA,NA,NA,NA,NA,NA,NA,NA,"X",NA,NA,NA,NA,NA,NA,NA,NA,NA,NA,NA,NA,NA,NA
"2386",NA,NA,2020,2020-05-31,"JG, JS","TM2","lower","15.0",NA,NA,NA,"yellow",NA,NA,NA,NA,NA,NA,NA,NA,NA,"LS",NA,NA,NA,NA,NA,NA,NA,NA,NA,NA,NA,NA,"live stem",NA
"2387",NA,NA,2020,2020-05-31,"JG, JS","TM2","lower","15.0",NA,NA,NA,"yellow",NA,NA,"blue",94,1,4,"1.97","24.0",NA,"P","0.0","3.0",85,1,1,NA,"Y",NA,NA,NA,NA,NA,NA,1.97
"2388",NA,NA,2020,2020-05-31,"Eva, MB, LL","TM2","lower","15.0",NA,NA,NA,"yellow",NA,NA,NA,NA,NA,NA,NA,NA,NA,"LS",NA,NA,NA,NA,NA,NA,NA,NA,NA,NA,NA,NA,"live stem",NA
"2389",NA,NA,2020,2020-05-31,"Eva, MB, LL","TM2","lower","15.0",NA,NA,NA,"yellow",NA,NA,NA,NA,NA,NA,"<1","2.5",NA,"V",NA,NA,NA,NA,1,"7.0","Y",NA,NA,NA,NA,NA,NA,0.5
"2390",NA,NA,2020,2020-05-31,"Eva, MB, LL","TM2","lower","15.0",NA,NA,NA,"yellow",NA,NA,NA,NA,NA,NA,"<1","9.5",NA,"P","0.0","1.0",20,1,1,NA,"Y",NA,NA,NA,NA,NA,NA,0.5
"2391",NA,NA,2020,2020-05-31,"Eva, MB, LL","TM2","lower","15.0",NA,NA,NA,"yellow",NA,NA,NA,NA,NA,NA,NA,NA,NA,"X",NA,NA,NA,NA,NA,NA,NA,NA,NA,NA,NA,NA,NA,NA
"2392",NA,NA,2020,2020-05-31,"Eva, MB, LL","TM2","lower","15.0",NA,NA,NA,"yellow",NA,NA,"blue",98,44,20,"1.65","20.5",NA,"P","0.0","1.0",51,1,1,NA,"Y",NA,NA,NA,NA,NA,NA,1.65
"2393",NA,NA,2020,2020-05-31,"Eva, MB, LL","TM2","lower","15.5",NA,NA,NA,"yellow",NA,NA,NA,NA,NA,NA,"<1","13.0",NA,"B","0.0","0.0",NA,1,1,NA,"N",NA,NA,NA,NA,NA,NA,0.5
"2394",NA,NA,2020,2020-05-31,"Eva, MB, LL","TM2","lower","15.5",NA,NA,NA,NA,NA,NA,"yellow",3,2,2,NA,NA,NA,"X",NA,NA,NA,NA,NA,NA,NA,NA,NA,NA,NA,NA,NA,NA
"2395",NA,NA,2020,2020-05-31,"Eva, MB, LL","TM2","lower","15.5",NA,NA,NA,NA,NA,NA,"yellow",163,6,19,NA,NA,NA,"X",NA,NA,NA,NA,NA,NA,NA,NA,NA,NA,NA,NA,NA,NA
"2396",NA,NA,2020,2020-05-31,"Eva, MB, LL","TM2","lower","15.5",NA,NA,NA,"green",NA,NA,"blue",655,29,20,"1.38","25.5",NA,"P","0.0","3.0",62,1,1,NA,"Y",NA,NA,NA,NA,NA,NA,1.38
"2397",NA,NA,2020,2020-05-31,"Eva, MB, LL","TM2","lower","15.5",NA,NA,NA,"orange",NA,NA,NA,NA,NA,NA,"<1","51.0",NA,"P","0.0","2.0",52,1,1,NA,"Y",NA,NA,NA,NA,NA,NA,0.5
"2398",NA,NA,2020,2020-05-31,"Eva, MB, LL","TM2","lower","15.5",NA,NA,NA,"orange",NA,NA,NA,NA,NA,NA,"<1","11.1",NA,"F","1.0","0.0",0,1,1,NA,"Y",NA,NA,NA,NA,NA,NA,0.5
"2399",NA,NA,2020,2020-05-31,"Eva, MB, LL","TM2","lower","15.5",NA,NA,NA,"orange",NA,NA,NA,NA,NA,NA,NA,NA,NA,"X",NA,NA,NA,NA,NA,NA,NA,NA,NA,NA,NA,NA,NA,NA
"2400",NA,NA,2020,2020-05-31,"Eva, MB, LL","TM2","lower","15.5",NA,NA,NA,"orange",NA,NA,NA,NA,NA,NA,"<1","22.4",NA,"B","0.0","0.0",NA,1,1,NA,"Y",NA,NA,NA,NA,NA,"4 buds",0.5
"2401",NA,NA,2020,2020-05-31,"Eva, MB, LL","TM2","lower","15.5",NA,NA,NA,"orange",NA,NA,NA,NA,NA,NA,"<1","11.6",NA,"P","0.0","3.0",42,1,1,NA,"N",NA,NA,NA,NA,NA,NA,0.5
"2402",NA,NA,2020,2020-05-31,"Eva, MB, LL","TM2","lower","15.5",NA,NA,NA,"orange",NA,NA,"blue",73,4,12,"1.46","29.8",NA,"P","0.0","3.0",58,1,1,NA,"Y",NA,NA,NA,NA,NA,NA,1.46
"2403",NA,NA,2020,2020-05-31,"Eva, MB, LL","TM2","lower","16.5",NA,NA,NA,NA,NA,NA,"yellow",19,32,8,NA,NA,NA,"X",NA,NA,NA,NA,NA,NA,NA,NA,NA,NA,NA,NA,NA,NA
"2404",NA,NA,2020,2020-05-31,"Eva, MB, LL","TM2","lower","16.5",NA,NA,NA,NA,NA,NA,"yellow",178,7,17,NA,NA,NA,"X",NA,NA,NA,NA,NA,NA,NA,NA,NA,NA,NA,NA,NA,NA
"2405",NA,NA,2020,2020-05-31,"Eva, MB, LL","TM2","lower","16.5",NA,NA,NA,"orange",NA,NA,"blue",NA,5,20,"2.28","33.0",NA,"P","0.0","13.0",85,1,1,NA,"Y",NA,NA,NA,NA,NA,NA,2.28
"2406",NA,NA,2020,2020-05-31,"Eva, MB, LL","TM2","lower","16.5",NA,NA,NA,"orange",NA,NA,"blue",602,47,20,"1.98","32.5",NA,"P","0.0","13.0",88,1,1,NA,"Y",NA,NA,NA,NA,NA,NA,1.98
"2407",NA,NA,2020,2020-05-31,"Eva, MB, LL","TM2","lower","16.5",NA,NA,NA,"yellow",NA,NA,NA,NA,NA,NA,NA,NA,NA,"X",NA,NA,NA,NA,NA,NA,NA,NA,NA,NA,NA,NA,NA,NA
"2408",NA,NA,2020,2020-05-31,"Eva, MB, LL","TM2","lower","16.5",NA,NA,NA,"yellow",NA,NA,"blue",53,20,6,"1.61","26.0",NA,"P","0.0","7.0",75,1,1,NA,"Y",NA,NA,NA,NA,NA,NA,1.61
"2409",NA,NA,2020,2020-05-31,"Eva, MB, LL","TM2","lower","17.0",NA,NA,NA,NA,NA,NA,"yellow",79,18,14,NA,NA,NA,"X",NA,NA,NA,NA,NA,NA,NA,NA,NA,NA,NA,NA,NA,NA
"2410",NA,NA,2020,2020-05-31,"Eva, MB, LL","TM2","lower","17.0",NA,NA,NA,"green",NA,NA,NA,NA,NA,NA,"<1","5.5",NA,"B","0.0","0.0",NA,1,1,NA,"Y",NA,NA,NA,NA,NA,NA,0.5
"2411",NA,NA,2020,2020-05-31,"Eva, MB, LL","TM2","lower","17.0",NA,NA,NA,"green",NA,NA,NA,NA,NA,NA,NA,NA,NA,"X",NA,NA,NA,NA,NA,NA,NA,NA,NA,NA,NA,NA,NA,NA
"2412",NA,NA,2020,2020-05-31,"Eva, MB, LL","TM2","lower","17.0",NA,NA,NA,"green",NA,NA,NA,NA,NA,NA,NA,NA,NA,"X",NA,NA,NA,NA,NA,NA,NA,NA,NA,NA,NA,NA,NA,NA
"2413",NA,NA,2020,2020-05-31,"Eva, MB, LL","TM2","lower","17.0",NA,NA,NA,"green",NA,NA,NA,NA,NA,NA,"<1","16.5",NA,"P","0.0","2.0",45,1,1,NA,"Y",NA,NA,NA,NA,NA,NA,0.5
"2414",NA,NA,2020,2020-05-31,"Eva, MB, LL","TM2","lower","17.5",NA,NA,NA,"green",NA,NA,"blue",606,8,3,"3.96","43.1",NA,"P","0.0","12.0",68,1,1,NA,"Y",NA,NA,NA,NA,NA,NA,3.96
"2415",NA,NA,2020,2020-05-31,"Eva, MB, LL","TM2","lower","17.5",NA,NA,NA,"orange",NA,NA,"blue",765,26,6,"2.11","34.5",NA,"P","0.0","2.0",66,1,1,NA,"Y",NA,NA,NA,NA,NA,NA,2.11
"2416",NA,NA,2020,2020-05-31,"Eva, MB, LL","TM2","lower","18.0",NA,NA,NA,"orange",NA,NA,"blue",785,15,16,"1.07","22.1",NA,"P","0.0","2.0",55,1,1,NA,"Y",NA,NA,NA,NA,NA,NA,1.07
"2417",NA,NA,2020,2020-05-31,"Eva, MB, LL","TM2","lower","18.0",NA,NA,NA,"orange",NA,NA,"blue",650,15,18,"1.85","28.4",NA,"P","0.0","2.0",60,1,1,NA,"Y",NA,NA,NA,NA,NA,NA,1.85
"2418",NA,NA,2020,2020-05-31,"Eva","TM2","lower","18.0",NA,NA,NA,"orange",NA,NA,NA,NA,NA,NA,NA,NA,NA,"X",NA,NA,NA,NA,NA,NA,NA,NA,NA,NA,NA,NA,NA,NA
"2419",NA,NA,2020,2020-05-31,"Eva","TM2","lower","18.0",NA,NA,NA,"orange",NA,NA,NA,NA,NA,NA,NA,NA,NA,"LS",NA,NA,NA,NA,NA,NA,NA,NA,NA,NA,NA,NA,"living stem",NA
"2420",NA,NA,2020,2020-05-31,"Eva","TM2","lower","18.0",NA,NA,NA,"orange",NA,NA,"blue",64,25,17,"1.89","34.8",NA,"P","0.0","2.0",88,1,1,NA,"Y",NA,NA,NA,NA,NA,NA,1.89
"2421",NA,NA,2020,2020-05-31,"Eva","TM2","lower","18.0",NA,NA,NA,"orange",NA,NA,"blue",760,28,8,"1.42","23.7",NA,"P","0.0","3.0",62,1,1,NA,"Y",NA,NA,NA,NA,NA,NA,1.42
"2422",NA,NA,2020,2020-05-31,"Eva","TM2","lower","18.0",NA,NA,NA,"yellow",NA,NA,NA,NA,NA,NA,NA,NA,NA,"X",NA,NA,NA,NA,NA,NA,NA,NA,NA,NA,NA,NA,NA,NA
"2423",NA,NA,2020,2020-05-31,"Eva","TM2","lower","18.0",NA,NA,NA,"yellow",NA,NA,NA,NA,NA,NA,NA,NA,NA,"X",NA,NA,NA,NA,NA,NA,NA,NA,NA,NA,NA,NA,NA,NA
"2424",NA,NA,2020,2020-05-31,"Eva","TM2","lower","18.0",NA,NA,NA,"yellow",NA,NA,NA,NA,NA,NA,NA,NA,NA,"X",NA,NA,NA,NA,NA,NA,NA,NA,NA,NA,NA,NA,NA,NA
"2425",NA,NA,2020,2020-05-31,"Eva","TM2","lower","18.0",NA,NA,NA,"yellow",NA,NA,NA,NA,NA,NA,NA,NA,NA,"X",NA,NA,NA,NA,NA,NA,NA,NA,NA,NA,NA,NA,NA,NA
"2426",NA,NA,2020,2020-05-31,"Eva","TM2","lower","18.0",NA,NA,NA,"yellow",NA,NA,NA,NA,NA,NA,NA,NA,NA,"X",NA,NA,NA,NA,NA,NA,NA,NA,NA,NA,NA,NA,NA,NA
"2427",NA,NA,2020,2020-05-31,"Eva","TM2","lower","18.5",NA,NA,NA,"green",NA,NA,NA,NA,NA,NA,NA,NA,NA,"X",NA,NA,NA,NA,NA,NA,NA,NA,NA,NA,NA,NA,NA,NA
"2428",NA,NA,2020,2020-05-31,"Eva","TM2","lower","18.5",NA,NA,NA,"orange",NA,NA,"blue",80,20,0,"1.16","15.1",NA,"P","0.0","1.0",18,1,1,NA,"Y",NA,NA,NA,NA,NA,NA,1.16
"2429",NA,NA,2020,2020-05-31,"LL, DRD","TM2","upper","1.0",NA,NA,NA,"orange",NA,NA,NA,NA,NA,NA,NA,NA,NA,"X",NA,NA,NA,NA,NA,NA,NA,NA,NA,NA,NA,NA,NA,NA
"2430",NA,NA,2020,2020-05-31,"LL, DRD","TM2","upper","1.0",NA,NA,NA,"orange",NA,NA,NA,NA,NA,NA,NA,NA,NA,"X",NA,NA,NA,NA,NA,NA,NA,NA,NA,NA,NA,NA,NA,NA
"2431",NA,NA,2020,2020-05-31,"LL, DRD","TM2","upper","1.5",NA,NA,NA,"orange",NA,NA,NA,NA,NA,NA,NA,NA,NA,"X",NA,NA,NA,NA,NA,NA,NA,NA,NA,NA,NA,NA,NA,NA
"2432",NA,NA,2020,2020-05-31,"LL, DRD","TM2","upper","1.5",NA,NA,NA,"orange",NA,NA,NA,NA,NA,NA,NA,NA,NA,"X",NA,NA,NA,NA,NA,NA,NA,NA,NA,NA,NA,NA,NA,NA
"2433",NA,NA,2020,2020-05-31,"LL, DRD","TM2","upper","1.5",NA,NA,NA,"orange",NA,NA,NA,NA,NA,NA,NA,NA,NA,"X",NA,NA,NA,NA,NA,NA,NA,NA,NA,NA,NA,NA,NA,NA
"2434",NA,NA,2020,2020-05-31,"LL, DRD","TM2","upper","3.0",NA,NA,NA,"orange",NA,NA,"blue",764,31,20,"1.92","32.0",NA,"P","0.0","4.0",76,1,1,NA,"Y",NA,NA,NA,NA,NA,NA,1.92
"2435",NA,NA,2020,2020-05-31,"LL, DRD","TM2","upper","3.5",NA,NA,NA,"red",NA,NA,NA,NA,NA,NA,"<1","8.3",NA,"P","0.0","1.0",11,1,1,NA,"Y",NA,NA,NA,NA,NA,NA,0.5
"2436",NA,NA,2020,2020-05-31,"LL, DRD","TM2","upper","4.0",NA,NA,NA,"orange",NA,NA,NA,NA,NA,NA,NA,NA,NA,"X",NA,NA,NA,NA,NA,NA,NA,NA,NA,NA,NA,NA,NA,NA
"2437",NA,NA,2020,2020-05-31,"LL, DRD","TM2","upper","4.0",NA,NA,NA,"yellow",NA,NA,NA,NA,NA,NA,NA,NA,NA,"X",NA,NA,NA,NA,NA,NA,NA,NA,NA,NA,NA,NA,NA,NA
"2438",NA,NA,2020,2020-05-31,"LL, DRD","TM2","upper","4.5",NA,NA,NA,"blue",NA,NA,NA,NA,NA,NA,NA,NA,NA,"X",NA,NA,NA,NA,NA,NA,NA,NA,NA,NA,NA,NA,NA,NA
"2439",NA,NA,2020,2020-05-31,"LL, DRD","TM2","upper","4.5",NA,NA,NA,"yellow",NA,NA,NA,NA,NA,NA,NA,NA,NA,"X",NA,NA,NA,NA,NA,NA,NA,NA,NA,NA,NA,NA,NA,NA
"2440",NA,NA,2020,2020-05-31,"LL, DRD","TM2","upper","5.0",NA,NA,NA,"yellow",NA,NA,NA,NA,NA,NA,NA,NA,NA,"X",NA,NA,NA,NA,NA,NA,NA,NA,NA,NA,NA,NA,NA,NA
"2441",NA,NA,2020,2020-05-31,"LL, DRD","TM2","upper","5.5",NA,NA,NA,"red",NA,NA,NA,NA,NA,NA,NA,NA,NA,"X",NA,NA,NA,NA,NA,NA,NA,NA,NA,NA,NA,NA,NA,NA
"2442",NA,NA,2020,2020-05-31,"LL, DRD","TM2","upper","5.5",NA,NA,NA,"orange",NA,NA,"blue",761,38,20,"1.31","5.6",NA,"P","0.0","0.0",NA,1,1,NA,"Y",NA,NA,NA,NA,NA,"silique eaten",1.31
"2443",NA,NA,2020,2020-05-31,"LL, DRD","TM2","upper","6.0",NA,NA,NA,"orange",NA,NA,NA,NA,NA,NA,NA,NA,NA,"X",NA,NA,NA,NA,NA,NA,NA,NA,NA,NA,NA,NA,NA,NA
"2444",NA,NA,2020,2020-05-31,"LL, DRD","TM2","upper","6.0",NA,NA,NA,"orange",NA,NA,NA,NA,NA,NA,NA,NA,NA,"X",NA,NA,NA,NA,NA,NA,NA,NA,NA,NA,NA,NA,NA,NA
"2445",NA,NA,2020,2020-05-31,"LL, DRD","TM2","upper","6.0",NA,NA,NA,"yellow",NA,NA,NA,NA,NA,NA,NA,NA,NA,"X",NA,NA,NA,NA,NA,NA,NA,NA,NA,NA,NA,NA,NA,NA
"2446",NA,NA,2020,2020-05-31,"LL, DRD","TM2","upper","6.0",NA,NA,NA,"yellow",NA,NA,NA,NA,NA,NA,NA,NA,NA,"X",NA,NA,NA,NA,NA,NA,NA,NA,NA,NA,NA,NA,NA,NA
"2447",NA,NA,2020,2020-05-31,"LL, DRD","TM2","upper","6.5",NA,NA,NA,"blue",NA,NA,NA,NA,NA,NA,"<1","4.0",NA,"V",NA,NA,NA,NA,1,"6.0","Y",NA,NA,NA,NA,NA,NA,0.5
"2448",NA,NA,2020,2020-05-31,"LL, DRD","TM2","upper","6.5",NA,NA,NA,"green",NA,NA,NA,NA,NA,NA,NA,NA,NA,"X",NA,NA,NA,NA,NA,NA,NA,NA,NA,NA,NA,NA,NA,NA
"2449",NA,NA,2020,2020-05-31,"LL, DRD","TM2","upper","6.5",NA,NA,NA,"green",NA,NA,NA,NA,NA,NA,NA,NA,NA,"X",NA,NA,NA,NA,NA,NA,NA,NA,NA,NA,NA,NA,NA,NA
"2450",NA,NA,2020,2020-05-31,"LL, DRD","TM2","upper","6.5",NA,NA,NA,"green",NA,NA,NA,NA,NA,NA,NA,NA,NA,"X",NA,NA,NA,NA,NA,NA,NA,NA,NA,NA,NA,NA,NA,NA
"2451",NA,NA,2020,2020-05-31,"LL, DRD","TM2","upper","6.5",NA,NA,NA,"green",NA,NA,NA,NA,NA,NA,NA,NA,NA,"X",NA,NA,NA,NA,NA,NA,NA,NA,NA,NA,NA,NA,NA,NA
"2452",NA,NA,2020,2020-05-31,"LL, DRD","TM2","upper","6.5",NA,NA,NA,"green",NA,NA,"blue",7,25,11,"1.72","34.0",NA,"P","0.0","3.0",70,1,1,NA,"Y",NA,NA,NA,NA,NA,NA,1.72
"2453",NA,NA,2020,2020-05-31,"LL, DRD","TM2","upper","6.5",NA,NA,NA,"orange",NA,NA,NA,NA,NA,NA,NA,NA,NA,"X",NA,NA,NA,NA,NA,NA,NA,NA,NA,NA,NA,NA,NA,NA
"2454",NA,NA,2020,2020-05-31,"LL, DRD","TM2","upper","6.5",NA,NA,NA,"orange",NA,NA,NA,NA,NA,NA,NA,NA,NA,"X",NA,NA,NA,NA,NA,NA,NA,NA,NA,NA,NA,NA,NA,NA
"2455",NA,NA,2020,2020-05-31,"LL, DRD","TM2","upper","6.5",NA,NA,NA,"yellow",NA,NA,NA,NA,NA,NA,NA,NA,NA,"X",NA,NA,NA,NA,NA,NA,NA,NA,NA,NA,NA,NA,NA,NA
"2456",NA,NA,2020,2020-05-31,"LL, DRD","TM2","upper","7.0",NA,NA,NA,"red",NA,NA,NA,NA,NA,NA,NA,NA,NA,"X",NA,NA,NA,NA,NA,NA,NA,NA,NA,NA,NA,NA,NA,NA
"2457",NA,NA,2020,2020-05-31,"LL, DRD","TM2","upper","7.0",NA,NA,NA,"red",NA,NA,NA,NA,NA,NA,NA,NA,NA,"X",NA,NA,NA,NA,NA,NA,NA,NA,NA,NA,NA,NA,NA,NA
"2458",NA,NA,2020,2020-05-31,"LL, DRD","TM2","upper","7.0",NA,NA,NA,"red",NA,NA,NA,NA,NA,NA,NA,NA,NA,"X",NA,NA,NA,NA,NA,NA,NA,NA,NA,NA,NA,NA,NA,NA
"2459",NA,NA,2020,2020-05-31,"MB, LL","TM2","upper","7.0",NA,NA,NA,"red",NA,NA,NA,NA,NA,NA,"<1","15.5",NA,"P","0.0","1.0",5,1,1,NA,"Y",NA,NA,NA,NA,NA,NA,0.5
"2460",NA,NA,2020,2020-05-31,"MB, LL","TM2","upper","7.0",NA,NA,NA,"red",NA,NA,NA,NA,NA,NA,"<1","5.1",NA,"B","0.0","0.0",0,1,1,NA,"N",NA,NA,NA,NA,NA,NA,0.5
"2461",NA,NA,2020,2020-05-31,"MB, LL","TM2","upper","7.0",NA,NA,NA,"green",NA,NA,NA,NA,NA,NA,NA,NA,NA,"X",NA,NA,NA,NA,NA,NA,NA,NA,NA,NA,NA,NA,NA,NA
"2462",NA,NA,2020,2020-05-31,"MB, LL","TM2","upper","7.0",NA,NA,NA,"orange",NA,NA,NA,NA,NA,NA,NA,NA,NA,"X",NA,NA,NA,NA,NA,NA,NA,NA,NA,NA,NA,NA,NA,NA
"2463",NA,NA,2020,2020-05-31,"MB, LL","TM2","upper","7.0",NA,NA,NA,"orange",NA,NA,NA,NA,NA,NA,NA,NA,NA,"X",NA,NA,NA,NA,NA,NA,NA,NA,NA,NA,NA,NA,NA,NA
"2464",NA,NA,2020,2020-05-31,"MB, LL","TM2","upper","7.0",NA,NA,NA,"orange",NA,NA,NA,NA,NA,NA,NA,NA,NA,"X",NA,NA,NA,NA,NA,NA,NA,NA,NA,NA,NA,NA,NA,NA
"2465",NA,NA,2020,2020-05-31,"MB, LL","TM2","upper","7.0",NA,NA,NA,"orange",NA,NA,NA,NA,NA,NA,NA,NA,NA,"X",NA,NA,NA,NA,NA,NA,NA,NA,NA,NA,NA,NA,NA,NA
"2466",NA,NA,2020,2020-05-31,"MB, LL","TM2","upper","7.0",NA,NA,NA,"orange",NA,NA,NA,NA,NA,NA,NA,NA,NA,"X",NA,NA,NA,NA,NA,NA,NA,NA,NA,NA,NA,NA,NA,NA
"2467",NA,NA,2020,2020-05-31,"MB, LL","TM2","upper","7.0",NA,NA,NA,"orange",NA,NA,NA,NA,NA,NA,NA,NA,NA,"X",NA,NA,NA,NA,NA,NA,NA,NA,NA,NA,NA,NA,NA,NA
"2468",NA,NA,2020,2020-05-31,"MB, LL","TM2","upper","7.0",NA,NA,NA,"orange",NA,NA,NA,NA,NA,NA,NA,NA,NA,"X",NA,NA,NA,NA,NA,NA,NA,NA,NA,NA,NA,NA,NA,NA
"2469",NA,NA,2020,2020-05-31,"MB, LL","TM2","upper","7.0",NA,NA,NA,"orange",NA,NA,NA,NA,NA,NA,NA,NA,NA,"X",NA,NA,NA,NA,NA,NA,NA,NA,NA,NA,NA,NA,NA,NA
"2470",NA,NA,2020,2020-05-31,"MB, LL","TM2","upper","7.0",NA,NA,NA,"yellow",NA,NA,NA,NA,NA,NA,NA,NA,NA,"X",NA,NA,NA,NA,NA,NA,NA,NA,NA,NA,NA,NA,NA,NA
"2471",NA,NA,2020,2020-05-31,"MB, LL","TM2","upper","7.0",NA,NA,NA,"yellow",NA,NA,NA,NA,NA,NA,NA,NA,NA,"X",NA,NA,NA,NA,NA,NA,NA,NA,NA,NA,NA,NA,NA,NA
"2472",NA,NA,2020,2020-05-31,"MB, LL","TM2","upper","7.0",NA,NA,NA,"yellow",NA,NA,NA,NA,NA,NA,NA,NA,NA,"X",NA,NA,NA,NA,NA,NA,NA,NA,NA,NA,NA,NA,NA,NA
"2473",NA,NA,2020,2020-05-31,"MB, LL","TM2","upper","7.0",NA,NA,NA,"yellow",NA,NA,NA,NA,NA,NA,NA,NA,NA,"X",NA,NA,NA,NA,NA,NA,NA,NA,NA,NA,NA,NA,NA,NA
"2474",NA,NA,2020,2020-05-31,"MB, LL","TM2","upper","7.0",NA,NA,NA,"yellow",NA,NA,NA,NA,NA,NA,"<1","9.5",NA,"P","0.0","0.0",NA,1,1,NA,"Y",NA,NA,NA,NA,NA,"silique dispersed",0.5
"2475",NA,NA,2020,2020-05-31,"Eva","TM2","upper","7.5",NA,NA,NA,"orange",NA,NA,NA,NA,NA,NA,NA,NA,NA,"X",NA,NA,NA,NA,NA,NA,NA,NA,NA,NA,NA,NA,NA,NA
"2476",NA,NA,2020,2020-05-31,"Eva","TM2","upper","7.5",NA,NA,NA,"yellow",NA,NA,NA,NA,NA,NA,NA,NA,NA,"X",NA,NA,NA,NA,NA,NA,NA,NA,NA,NA,NA,NA,NA,NA
"2477",NA,NA,2020,2020-05-31,"Eva","TM2","upper","7.5",NA,NA,NA,"yellow",NA,NA,NA,NA,NA,NA,"<1","9.4",NA,"P","0.0","0.0",0,1,1,NA,"Y",NA,NA,NA,NA,NA,"fruit eaten",0.5
"2478",NA,NA,2020,2020-05-31,"Eva","TM2","upper","8.0",NA,NA,NA,"green",NA,NA,NA,NA,NA,NA,"<1","11.2",NA,"P","0.0","1.0",32,1,1,NA,"Y",NA,NA,NA,NA,NA,NA,0.5
"2479",NA,NA,2020,2020-05-31,"Eva","TM2","upper","8.0",NA,NA,NA,"green",NA,NA,NA,NA,NA,NA,"<1","12.2",NA,"P","0.0","1.0",33,1,1,NA,"Y",NA,NA,NA,NA,NA,NA,0.5
"2480",NA,NA,2020,2020-05-31,"Eva","TM2","upper","8.0",NA,NA,NA,"orange",NA,NA,NA,NA,NA,NA,"<1","2.9",NA,"V",NA,NA,NA,NA,1,"4.0","Y",NA,NA,NA,NA,NA,NA,0.5
"2481",NA,NA,2020,2020-05-31,"Eva","TM2","upper","8.5",NA,NA,NA,"orange",NA,NA,"blue",75,22,15,"1.95","33.4",NA,"P","0.0","3.0",62,1,1,NA,"Y",NA,NA,NA,NA,NA,NA,1.95
"2482",NA,NA,2020,2020-05-31,"Eva","TM2","upper","9.0",NA,NA,NA,"yellow",NA,NA,NA,NA,NA,NA,NA,NA,NA,"X",NA,NA,NA,NA,NA,NA,NA,NA,NA,NA,NA,NA,NA,NA
"2483",NA,NA,2020,2020-05-31,"Eva","TM2","upper","9.5",NA,NA,NA,"yellow",NA,NA,NA,NA,NA,NA,NA,NA,NA,"X",NA,NA,NA,NA,NA,NA,NA,NA,NA,NA,NA,NA,NA,NA
"2484",NA,NA,2020,2020-05-31,"Eva","TM2","upper","9.5",NA,NA,NA,"yellow",NA,NA,NA,NA,NA,NA,NA,NA,NA,"X",NA,NA,NA,NA,NA,NA,NA,NA,NA,NA,NA,NA,NA,NA
"2485",NA,NA,2020,2020-05-31,"Eva","TM2","upper","9.5",NA,NA,NA,"yellow",NA,NA,NA,NA,NA,NA,NA,NA,NA,"X",NA,NA,NA,NA,NA,NA,NA,NA,NA,NA,NA,NA,NA,NA
"2486",NA,NA,2020,2020-05-31,"Eva","TM2","upper","9.5",NA,NA,NA,"yellow",NA,NA,NA,NA,NA,NA,NA,NA,NA,"X",NA,NA,NA,NA,NA,NA,NA,NA,NA,NA,NA,NA,NA,NA
"2487",NA,NA,2020,2020-05-31,"Eva","TM2","upper","11.0",NA,NA,NA,"orange",NA,NA,NA,NA,NA,NA,NA,NA,NA,"X",NA,NA,NA,NA,NA,NA,NA,NA,NA,NA,NA,NA,NA,NA
"2488",NA,NA,2020,2020-05-31,"Eva","TM2","upper","11.5",NA,NA,NA,"orange",NA,NA,NA,NA,NA,NA,NA,NA,NA,"X",NA,NA,NA,NA,NA,NA,NA,NA,NA,NA,NA,NA,NA,NA
"2489",NA,NA,2020,2020-05-31,"DRD","TM2","upper","11.5",NA,NA,NA,"orange",NA,NA,"blue",59,5,10,"2.39","34.3",NA,"P","0.0","4.0",65,1,1,NA,"n",NA,NA,NA,NA,NA,NA,2.39
"2490",NA,NA,2020,2020-05-31,"DRD","TM2","upper","12.0",NA,NA,NA,NA,NA,NA,NA,NA,NA,NA,NA,NA,NA,"X",NA,NA,NA,NA,NA,NA,NA,NA,NA,NA,NA,NA,NA,NA
"2491",NA,NA,2020,2020-05-31,"DRD","TM2","upper","12.5",NA,NA,NA,"orange",NA,NA,"blue",766,46,20,"1.68","25.0",NA,"P","0.0","4.0",67,1,1,NA,"Y",NA,NA,NA,NA,NA,NA,1.68
"2492",NA,NA,2020,2020-05-31,"DRD","TM2","upper","13.0",NA,NA,NA,"orange",NA,NA,"blue",36,4,20,"1.27","10.5",NA,"P","0.0","1.0",38,1,1,NA,"Y",NA,NA,NA,NA,NA,NA,1.27
"2493",NA,NA,2020,2020-05-31,"DRD","TM2","upper","13.0",NA,NA,NA,"orange",NA,NA,"blue",93,11,20,"3.1","44.0",NA,"P","0.0","5.0",95,4,5,NA,"Y",NA,NA,NA,NA,NA,"broken stem",3.1
"2494",NA,NA,2020,2020-05-31,"DRD","TM2","upper","13.0",NA,NA,NA,"orange",NA,NA,NA,NA,NA,NA,NA,NA,NA,"X",NA,NA,NA,NA,NA,NA,NA,NA,NA,NA,NA,NA,NA,NA
"2495",NA,NA,2020,2020-05-31,"DRD","TM2","upper","13.0",NA,NA,NA,"orange",NA,NA,NA,NA,NA,NA,NA,NA,NA,"X",NA,NA,NA,NA,NA,NA,NA,NA,NA,NA,NA,NA,NA,NA
"2496",NA,NA,2020,2020-05-31,"DRD","TM2","upper","13.5",NA,NA,NA,"orange",NA,NA,NA,NA,NA,NA,NA,NA,NA,"X",NA,NA,NA,NA,NA,NA,NA,NA,NA,NA,NA,NA,NA,NA
"2497",NA,NA,2020,2020-05-31,"DRD","TM2","upper","13.5",NA,NA,NA,"orange",NA,NA,NA,NA,NA,NA,"<1","11.0",NA,"V",NA,NA,NA,NA,1,"1.0","Y",NA,NA,NA,NA,NA,NA,0.5
"2498",NA,NA,2020,2020-05-31,"DRD","TM2","upper","14.0",NA,NA,NA,"green",NA,NA,NA,NA,NA,NA,NA,NA,NA,"X",NA,NA,NA,NA,NA,NA,NA,NA,NA,NA,NA,NA,NA,NA
"2499",NA,NA,2020,2020-05-31,"DRD","TM2","upper","14.0",NA,NA,NA,"orange",NA,NA,NA,NA,NA,NA,"<1",NA,NA,"P","0.0","0.0",0,1,1,NA,"Y",NA,NA,NA,NA,NA,NA,0.5
"2500",NA,NA,2020,2020-05-31,"DRD","TM2","upper","14.5",NA,NA,NA,"orange",NA,NA,"blue",656,46,11,"1.36","17.9",NA,"P","0.0","2.0",60,1,1,NA,"Y",NA,NA,NA,NA,NA,NA,1.36
"2501",NA,NA,2020,2020-05-31,"DRD","TM2","upper","15.0",NA,NA,NA,"orange",NA,NA,NA,NA,NA,NA,NA,NA,NA,"X",NA,NA,NA,NA,NA,NA,NA,NA,NA,NA,NA,NA,NA,NA
"2502",NA,NA,2020,2020-05-31,"DRD","TM2","upper","17.0",NA,NA,NA,"yellow",NA,NA,NA,NA,NA,NA,NA,NA,NA,"X",NA,NA,NA,NA,NA,NA,NA,NA,NA,NA,NA,NA,NA,NA
"2503",NA,NA,2020,2020-05-31,"Eva","TM2","seep","2.0R",NA,NA,NA,NA,NA,NA,"yellow",31,24,-20,NA,NA,NA,"X",NA,NA,NA,NA,NA,NA,NA,NA,NA,NA,NA,NA,NA,NA
"2504",NA,NA,2020,2020-05-31,"Eva","TM2","seep","3.0R",NA,NA,NA,NA,NA,NA,"yellow",116,25,-9,NA,NA,NA,"X",NA,NA,NA,NA,NA,NA,NA,NA,NA,NA,NA,NA,NA,NA
"2505",NA,NA,2020,2020-05-31,"Eva","TM2","seep","3.5R",NA,NA,NA,NA,NA,NA,"yellow",46,25,-12,NA,NA,NA,"X",NA,NA,NA,NA,NA,NA,NA,NA,NA,NA,NA,NA,NA,NA
"2506",NA,NA,2020,2020-05-31,"Eva","TM2","seep","3.5R",NA,NA,NA,NA,NA,NA,"yellow",39,25,-19,NA,NA,NA,"X",NA,NA,NA,NA,NA,NA,NA,NA,NA,NA,NA,NA,NA,NA
"2507",NA,NA,2020,2020-05-31,"Eva","TM2","seep","3.5R",NA,NA,NA,NA,NA,NA,"yellow",48,26,-19,NA,NA,NA,"X",NA,NA,NA,NA,NA,NA,NA,NA,NA,NA,NA,NA,NA,NA
"2508",NA,NA,2020,2020-05-31,"Eva","TM2","seep","5.0R",NA,NA,NA,NA,NA,NA,"yellow",102,30,-13,NA,NA,NA,"X",NA,NA,NA,NA,NA,NA,NA,NA,NA,NA,NA,NA,NA,NA
"2509",NA,NA,2020,2020-05-31,"Eva","TM2","seep","5.0R",NA,NA,NA,NA,NA,NA,"yellow",110,36,-8,NA,NA,NA,"X",NA,NA,NA,NA,NA,NA,NA,NA,NA,NA,NA,NA,NA,NA
"2510",NA,NA,2020,2020-05-31,"Eva","TM2","seep","5.0R",NA,NA,NA,NA,NA,NA,"yellow",115,35,-10,NA,NA,NA,"X",NA,NA,NA,NA,NA,NA,NA,NA,NA,NA,NA,NA,NA,NA
"2511",NA,NA,2020,2020-05-31,"Eva","TM2","seep","5.0R",NA,NA,NA,NA,NA,NA,"yellow",58,30,-18,NA,NA,NA,"X",NA,NA,NA,NA,NA,NA,NA,NA,NA,NA,NA,NA,NA,NA
"2512",NA,NA,2020,2020-05-31,"Eva","TM2","seep","5.0R",NA,NA,NA,NA,NA,NA,"yellow",123,30,-19,NA,NA,NA,"X",NA,NA,NA,NA,NA,NA,NA,NA,NA,NA,NA,NA,NA,NA
"2513",NA,NA,2020,2020-05-31,"Eva","TM2","seep","5.0R",NA,NA,NA,NA,NA,NA,"yellow",21,46,-19,NA,NA,NA,"X",NA,NA,NA,NA,NA,NA,NA,NA,NA,NA,NA,NA,NA,NA
"2514",NA,NA,2020,2020-05-31,"Eva","TM2","seep","5.5R",NA,NA,NA,NA,NA,NA,"yellow",36,12,-7,NA,NA,NA,"X",NA,NA,NA,NA,NA,NA,NA,NA,NA,NA,NA,NA,NA,NA
"2515",NA,NA,2020,2020-05-31,"Eva","TM2","seep","5.5R",NA,NA,NA,NA,NA,NA,"yellow",138,49,-17,NA,NA,NA,"X",NA,NA,NA,NA,NA,NA,NA,NA,NA,NA,NA,NA,NA,NA
"2516",NA,NA,2020,2020-05-31,"Eva","TM2","seep","6.5L",NA,NA,NA,NA,NA,NA,"yellow",112,22,12,NA,NA,NA,"X",NA,NA,NA,NA,NA,NA,NA,NA,NA,NA,NA,NA,NA,NA
"2517",NA,NA,2020,2020-05-31,"Eva","TM2","seep","14R",NA,NA,NA,NA,NA,NA,"yellow",9,0,-20,"5.22","30.0",NA,"P","1.0","4.0",84,1,1,NA,"Y",NA,NA,NA,NA,NA,"new tag blue 61",5.22
"2518",NA,NA,2020,2020-05-31,"Eva","TM2","seep","13.5R",NA,NA,NA,NA,NA,NA,"yellow",106,47,-14,NA,NA,NA,"X",NA,NA,NA,NA,NA,NA,NA,NA,NA,NA,NA,NA,NA,NA
"2519",NA,NA,2020,2020-05-31,"Eva","TM2","seep","13.5R",NA,NA,NA,NA,NA,NA,"yellow",7,8,-7,NA,NA,NA,"X",NA,NA,NA,NA,NA,NA,NA,NA,NA,NA,NA,NA,NA,NA
"2520",NA,NA,2020,2020-05-31,"Eva","TM2","seep","13.5R",NA,NA,NA,NA,NA,NA,"yellow",114,19,-18,NA,NA,NA,"X",NA,NA,NA,NA,NA,NA,NA,NA,NA,NA,NA,NA,NA,NA
"2521",NA,NA,2020,2020-05-31,"Eva","TM2","seep","13R",NA,NA,NA,NA,NA,NA,"yellow",60,41,0,NA,NA,NA,"X",NA,NA,NA,NA,NA,NA,NA,NA,NA,NA,NA,NA,NA,NA
"2522",NA,NA,2020,2020-05-31,"Eva","TM2","seep","13R",NA,NA,NA,NA,NA,NA,"yellow",43,41,0,NA,NA,NA,"X",NA,NA,NA,NA,NA,NA,NA,NA,NA,NA,NA,NA,NA,NA
"2523",NA,NA,2020,2020-05-31,"Eva","TM2","seep","13R",NA,NA,NA,NA,NA,NA,"yellow",113,5,-16,NA,NA,NA,"X",NA,NA,NA,NA,NA,NA,NA,NA,NA,NA,NA,NA,NA,NA
"2524",NA,NA,2020,2020-05-31,"Eva","TM2","seep","13L",NA,NA,NA,NA,NA,NA,"yellow",9,NA,NA,NA,NA,NA,"X",NA,NA,NA,NA,NA,NA,NA,NA,NA,NA,NA,NA,NA,NA
"2525",NA,NA,2020,2020-05-31,"Eva","TM2","seep","13L",NA,NA,NA,NA,NA,NA,"yellow",54,21,14,NA,NA,NA,"X",NA,NA,NA,NA,NA,NA,NA,NA,NA,NA,NA,NA,NA,NA
"2526",NA,NA,2020,2020-05-31,"Eva","TM2","seep","12.5L",NA,NA,NA,NA,NA,NA,"yellow",52,34,10,NA,NA,NA,"X",NA,NA,NA,NA,NA,NA,NA,NA,NA,NA,NA,NA,NA,NA
"2527",NA,NA,2020,2020-05-31,"Eva","TM2","seep","12.5L",NA,NA,NA,NA,NA,NA,"yellow",105,34,10,NA,NA,NA,"X",NA,NA,NA,NA,NA,NA,NA,NA,NA,NA,NA,NA,NA,NA
"2528",NA,NA,2020,2020-05-31,"Eva","TM2","seep","12.5L",NA,NA,NA,NA,NA,NA,"yellow",59,30,0,NA,NA,NA,"X",NA,NA,NA,NA,NA,NA,NA,NA,NA,NA,NA,NA,NA,NA
"2529",NA,NA,2020,2020-05-31,"Eva","TM2","seep","12.5L",NA,NA,NA,NA,NA,NA,"yellow",NA,30,0,NA,NA,NA,"X",NA,NA,NA,NA,NA,NA,NA,NA,NA,NA,NA,NA,NA,NA
"2530",NA,NA,2020,2020-05-31,"Eva","TM2","seep","12.5L",NA,NA,NA,NA,NA,NA,"yellow",122,26,18,NA,NA,NA,"X",NA,NA,NA,NA,NA,NA,NA,NA,NA,NA,NA,NA,NA,NA
"2531",NA,NA,2020,2020-05-31,"Eva","TM2","seep","12.5R",NA,NA,NA,NA,NA,NA,"yellow",23,21,-16,NA,NA,NA,"X",NA,NA,NA,NA,NA,NA,NA,NA,NA,NA,NA,NA,NA,NA
"2532",NA,NA,2020,2020-05-31,"Eva","TM2","seep","11.5R",NA,NA,NA,NA,NA,NA,"yellow",121,40,0,NA,NA,NA,"X",NA,NA,NA,NA,NA,NA,NA,NA,NA,NA,NA,NA,NA,NA
"2533",NA,NA,2020,2020-05-31,"Eva","TM2","seep","11.5R",NA,NA,NA,NA,NA,NA,"yellow",25,25,-10,NA,NA,NA,"X",NA,NA,NA,NA,NA,NA,NA,NA,NA,NA,NA,NA,NA,NA
"2534",NA,NA,2020,2020-05-31,"Eva","TM2","seep","11.5R",NA,NA,NA,NA,NA,NA,"yellow",37,50,-13,NA,NA,NA,"X",NA,NA,NA,NA,NA,NA,NA,NA,NA,NA,NA,NA,NA,NA
"2535",NA,NA,2020,2020-05-31,"Eva","TM2","seep","1.0L",NA,NA,NA,NA,NA,NA,"blue",654,2,4,"4.16","26.2",NA,"P","0.0","3.0",66,2,2,NA,"Y",NA,NA,NA,NA,NA,NA,4.16
"2536",NA,NA,2020,2020-05-31,"Eva","TM2","seep","5.0R",NA,NA,NA,NA,NA,NA,NA,NA,NA,NA,"<1","8.1",NA,"B","0.0","0.0",NA,1,1,NA,"Y",NA,NA,NA,NA,NA,NA,0.5
"2537",NA,NA,2020,2020-05-31,"Eva","TM2","seep","5.0R",NA,NA,NA,NA,NA,NA,NA,NA,NA,NA,"<1","6.9",NA,"B","0.0","0.0",NA,1,1,NA,"Y",NA,NA,NA,NA,NA,NA,0.5
"2538",NA,NA,2020,2020-05-31,"Eva","TM2","seep","12.0L",NA,NA,NA,NA,NA,NA,"blue",780,10,20,"1.87","31.4",NA,"P","0.0","19.0",62,1,1,NA,"Y",NA,NA,NA,NA,NA,NA,1.87
"2539",NA,NA,2020,2020-05-31,"Eva","TM2","seep","12.5L",NA,NA,NA,NA,NA,NA,"blue",57,10,18,"9.18","29.6",NA,"P","0.0","13.0",51,1,1,NA,"Y",NA,NA,NA,NA,NA,NA,9.18
"2540",NA,NA,2020,2020-05-31,"Eva","TM2","seep","12.5L",NA,NA,NA,NA,NA,NA,"blue",52,10,0,"1.89","26.5",NA,"P","0.0","10.0",73,1,1,NA,"Y",NA,NA,NA,NA,NA,NA,1.89
"2541",NA,NA,2020,2020-05-31,"Eva","TM2","seep","12.5L",NA,NA,NA,NA,NA,NA,NA,NA,NA,NA,"<1","13.4",NA,"F","2.0",NA,NA,1,1,NA,"Y",NA,NA,NA,NA,NA,NA,0.5
"2542",NA,NA,2020,2020-05-31,"Eva","TM2","seep","12.5R",NA,NA,NA,NA,NA,NA,"blue",607,11,-14,"3.72","39.2",NA,"P","0.0","42.0",88,1,1,NA,"Y",NA,NA,NA,NA,NA,NA,3.72
"2543",NA,NA,2020,2020-05-31,"JG, JS","TM2","lower","5.0",NA,NA,NA,"green",NA,NA,"blue",32,0,20,"1.8","13.8",NA,"B","0.0","0.0",NA,1,1,NA,"Y",NA,NA,NA,NA,NA,"not likely to flower",1.8
"2544",NA,NA,2020,2020-05-31,"JG, JS","TM2","lower","6.5",NA,NA,NA,"yellow",NA,NA,NA,NA,NA,NA,NA,NA,NA,"X",NA,NA,NA,NA,NA,NA,NA,NA,NA,NA,NA,NA,NA,NA
"2545",NA,NA,2020,2020-05-31,"JG, JS","TM2","lower","7.5",NA,NA,NA,"orange",NA,NA,NA,NA,NA,NA,NA,NA,NA,"X",NA,NA,NA,NA,NA,NA,NA,NA,NA,NA,NA,NA,NA,NA
"2546",NA,NA,2020,2020-05-31,"JG, JS","TM2","lower","8.5",NA,NA,NA,"yellow",NA,NA,NA,NA,NA,NA,NA,NA,NA,"X",NA,NA,NA,NA,NA,NA,NA,NA,NA,NA,NA,NA,NA,NA
"2547",NA,NA,2020,2020-05-31,"Eva, Laura","TM2","lower","8.5",NA,NA,NA,"red",NA,NA,NA,NA,NA,NA,NA,NA,NA,"X",NA,NA,NA,NA,NA,NA,NA,NA,NA,NA,NA,NA,NA,NA
"2548",NA,NA,2020,2020-05-31,"JG, JS","TM2","outcrop",NA,NA,NA,NA,NA,NA,NA,"red",136,NA,NA,NA,NA,NA,"X",NA,NA,NA,NA,NA,NA,NA,NA,NA,NA,NA,NA,NA,NA
"2549",NA,NA,2020,2020-05-31,"Eva, Laura","TM2","outrcrop",NA,NA,NA,NA,NA,NA,NA,"blue",56,NA,NA,"2.53","17.0",NA,"B","0.0","0.0",0,1,2,NA,"Y",NA,NA,NA,NA,NA,"one V branch",2.53
"2550",NA,NA,2020,2020-05-31,"Eva, Laura","TM2","outrcrop",NA,NA,NA,NA,NA,NA,NA,"blue",72,NA,NA,"2.22","19.5",NA,"V",NA,NA,NA,NA,1,"29.0","Y",NA,NA,NA,NA,NA,NA,2.22
"2551",NA,NA,2020,2020-05-31,"Eva, Laura","TM2","outrcrop",NA,NA,NA,NA,NA,NA,NA,"blue",652,NA,NA,"1.67","13.5",NA,"V",NA,NA,NA,NA,1,"35.0","Y",NA,NA,NA,NA,NA,NA,1.67
"2552",NA,NA,2020,2020-05-31,"Eva, Laura","TM2","outrcrop",NA,NA,NA,NA,NA,NA,NA,"blue",608,NA,NA,"1.89","8.0",NA,"V",NA,NA,NA,NA,1,"21.0","Y",NA,NA,NA,NA,NA,NA,1.89
"2553",NA,NA,2020,2020-05-31,"Eva, Laura","TM2","outrcrop",NA,NA,NA,NA,NA,NA,NA,"blue",63,NA,NA,"1.77","15.0",NA,"V",NA,NA,NA,NA,1,"30.0","Y",NA,NA,NA,NA,NA,NA,1.77
"2554",NA,NA,2020,2020-05-31,"Eva, Laura","TM2","outrcrop",NA,NA,NA,NA,NA,NA,NA,"blue",4,NA,NA,"1.71","8.0",NA,"V",NA,NA,NA,NA,1,"29.0","Y",NA,NA,NA,NA,NA,NA,1.71
"2555",NA,NA,2020,2020-05-31,"Eva, Laura","TM2","outrcrop",NA,NA,NA,NA,NA,NA,NA,"blue",604,NA,NA,"1.53","8.6",NA,"V",NA,NA,NA,NA,1,"25.0","Y",NA,NA,NA,NA,NA,NA,1.53
"2556",NA,NA,2020,2020-05-31,"Eva, Laura","TM2","outrcrop",NA,NA,NA,NA,NA,NA,NA,"blue",79,NA,NA,"2.1","7.5",NA,"V",NA,NA,NA,NA,1,"32.0","Y",NA,NA,NA,NA,NA,NA,2.1
"2557",NA,NA,2020,2020-05-31,"Eva, Laura","TM2","outrcrop",NA,NA,NA,NA,NA,NA,NA,"blue",90,NA,NA,"1.53","7.5",NA,"V",NA,NA,NA,NA,1,"24.0","Y",NA,NA,NA,NA,NA,NA,1.53
"2558",NA,NA,2020,2020-05-31,"Eva, Laura","TM2","outrcrop",NA,NA,NA,NA,NA,NA,NA,"blue",768,NA,NA,"1.88","4.7",NA,"V",NA,NA,NA,NA,1,"22.0","Y",NA,NA,NA,NA,NA,NA,1.88
"2559",NA,NA,2020,2020-05-31,"Eva, Laura","TM2","outrcrop",NA,NA,NA,NA,NA,NA,NA,"blue",76,NA,NA,"1.54","8.5",NA,"V",NA,NA,NA,NA,1,"15.0","Y",NA,NA,NA,NA,NA,NA,1.54
"2560",NA,NA,2020,2020-05-31,"Eva, Laura","TM2","outrcrop",NA,NA,NA,NA,NA,NA,NA,"blue",702,NA,NA,"3.4","12.8",NA,"V",NA,NA,NA,NA,1,"43.0","Y",NA,NA,NA,NA,NA,"apex removed",3.4
"2561",NA,NA,2020,2020-05-31,"Eva, Laura","TM2","outrcrop",NA,NA,NA,NA,NA,NA,NA,"blue",25,NA,NA,"1.7","3.6",NA,"V",NA,NA,NA,NA,1,"20.0","Y",NA,NA,NA,NA,NA,NA,1.7
"2562",NA,NA,2020,2020-05-31,"Eva, Laura","TM2","outrcrop",NA,NA,NA,NA,NA,NA,NA,"blue",33,NA,NA,"1.78","8.1",NA,"V",NA,NA,NA,NA,1,"21.0","Y",NA,NA,NA,NA,NA,"apex removed",1.78
"2563",NA,NA,2020,2020-05-31,"Eva, Laura","TM2","outrcrop",NA,NA,NA,NA,NA,NA,NA,"blue",34,NA,NA,"1.59","8.3",NA,"V",NA,NA,NA,NA,1,"18.0","Y",NA,NA,NA,NA,NA,NA,1.59
"2564",NA,NA,2020,2020-05-31,"Eva, Laura","TM2","outrcrop",NA,NA,NA,NA,NA,NA,NA,"blue",8,NA,NA,"6.49","52.2",NA,"P","0.0","58.0",91,2,3,NA,"Y",NA,NA,NA,NA,NA,NA,6.49
"2565",NA,NA,2020,2020-05-31,"Eva, Laura","TM2","outrcrop",NA,NA,NA,NA,NA,NA,NA,"blue",95,NA,NA,"2.25","15.5",NA,"B","0.0","0.0",NA,1,2,NA,"Y",NA,NA,NA,NA,NA,NA,2.25
"2566",NA,NA,2020,2020-05-31,"Eva, Laura","TM2","outrcrop",NA,NA,NA,NA,NA,NA,NA,"blue",46,NA,NA,"1.77","7.5",NA,"V",NA,NA,NA,NA,1,"24.0","Y",NA,NA,NA,NA,NA,NA,1.77
"2567",NA,NA,2020,2020-05-31,"Eva, Laura","TM2","outrcrop",NA,NA,NA,NA,NA,NA,NA,"blue",5,NA,NA,"7.14","42.0",NA,"P","0.0","41.0",69,4,4,NA,"Y",NA,NA,NA,NA,NA,NA,7.14
"2568",NA,NA,2020,2020-05-31,"LCL, DRD","TM2","lower","14.5",NA,NA,NA,NA,NA,NA,"red",83,NA,NA,NA,NA,NA,"X",NA,NA,NA,NA,NA,NA,NA,NA,NA,NA,NA,NA,NA,NA
"2569",NA,NA,2020,2020-05-31,"LCL, DRD","TM2","lower","15.0",NA,NA,NA,"yelllow",NA,NA,NA,NA,NA,NA,NA,NA,NA,"LS",NA,NA,NA,NA,NA,NA,NA,NA,NA,NA,NA,NA,"stem alive",NA
"2570",NA,NA,2020,2020-05-31,"LCL, DRD","TM2","seep","6.5L",NA,NA,NA,NA,NA,NA,"blue",658,0,10,"4.4","34.0",NA,"P","0.0","36.0",85,1,1,NA,"Y",NA,NA,NA,NA,NA,NA,4.4
"2571",NA,NA,2020,2020-05-31,"LCL, DRD","TM2","seep","15L",NA,NA,NA,NA,NA,NA,"blue",83,39,8,"1.05","20.5",NA,"P","0.0","0.0",NA,1,1,NA,"Y",NA,NA,NA,NA,NA,NA,1.05
"2572",NA,NA,2020,2020-05-31,"LCL, DRD","TM2","seep","16R",NA,NA,NA,NA,NA,NA,"blue",42,30,-7,"1.25","9.7",NA,"B","0.0","0.0",NA,1,1,NA,"Y",NA,NA,NA,NA,NA,NA,1.25
"2573",NA,NA,2020,2020-05-31,"LCL, DRD","TM2","seep","13.5R",NA,NA,NA,NA,NA,NA,"blue",77,39,-9,"2.93","17.0",NA,"P","0.0","0.0",NA,1,1,NA,"Y",NA,NA,NA,NA,NA,NA,2.93
"2574",NA,NA,2020,2020-05-31,"JG, JS","TM2","outcrop",NA,NA,NA,NA,NA,NA,NA,"red",127,NA,NA,NA,NA,NA,"X",NA,NA,NA,NA,NA,NA,NA,NA,NA,NA,NA,NA,NA,NA
"2575",NA,NA,2020,2020-05-31,"JG, JS","TM2","outcrop",NA,NA,NA,NA,NA,NA,NA,"red",42,NA,NA,NA,NA,NA,NA,NA,NA,NA,NA,NA,NA,NA,NA,NA,NA,NA,NA,"not found",NA
"2576",NA,NA,2020,2020-05-31,"JG, JS","TM2","outcrop",NA,NA,NA,NA,NA,NA,NA,"red",130,NA,NA,NA,NA,NA,"X",NA,NA,NA,NA,NA,NA,NA,NA,NA,NA,NA,NA,NA,NA
"2577",NA,NA,2020,2020-05-31,"JG, JS","TM2","outcrop",NA,NA,NA,NA,NA,NA,NA,"red",26,NA,NA,"3.02","45.5",NA,"P","0.0","20.0",72,2,3,NA,"Y",NA,NA,NA,NA,NA,NA,3.02
"2578",NA,NA,2020,2020-05-31,"JG, JS","TM2","outcrop",NA,NA,NA,NA,NA,NA,NA,"red",47,NA,NA,NA,NA,NA,"X",NA,NA,NA,NA,NA,NA,NA,NA,NA,NA,NA,NA,NA,NA
"2579",NA,NA,2020,2020-05-31,"JG, JS","TM2","outcrop",NA,NA,NA,NA,NA,NA,NA,"red",45,NA,NA,NA,NA,NA,"X",NA,NA,NA,NA,NA,NA,NA,NA,NA,NA,NA,NA,NA,NA
"2580",NA,NA,2020,2020-05-31,"JG, JS","TM2","outcrop",NA,NA,NA,NA,NA,NA,NA,"red",33,NA,NA,NA,NA,NA,"X",NA,NA,NA,NA,NA,NA,NA,NA,NA,NA,NA,NA,NA,NA
"2581",NA,NA,2020,2020-05-31,"JG, JS","TM2","outcrop",NA,NA,NA,NA,NA,NA,NA,"yellow",56,NA,NA,NA,NA,NA,"X",NA,NA,NA,NA,NA,NA,NA,NA,NA,NA,NA,NA,NA,NA
"2582",NA,NA,2020,2020-05-31,"JG, JS","TM2","outcrop",NA,NA,NA,NA,NA,NA,NA,"yellow",166,NA,NA,NA,NA,NA,"X",NA,NA,NA,NA,NA,NA,NA,NA,NA,NA,NA,NA,NA,NA
"2583",NA,NA,2020,2020-05-31,"JG, JS","TM2","outcrop",NA,NA,NA,NA,NA,NA,NA,"yellow",170,NA,NA,NA,NA,NA,"X",NA,NA,NA,NA,NA,NA,NA,NA,NA,NA,NA,NA,NA,NA
"2584",NA,NA,2020,2020-05-31,"JG, JS","TM2","outcrop",NA,NA,NA,NA,NA,NA,NA,"yellow",78,NA,NA,NA,NA,NA,"X",NA,NA,NA,NA,NA,NA,NA,NA,NA,NA,NA,NA,NA,NA
"2585",NA,NA,2020,2020-05-31,"JG, JS","TM2","outcrop",NA,NA,NA,NA,NA,NA,NA,"yellow",12,NA,NA,NA,NA,NA,"X",NA,NA,NA,NA,NA,NA,NA,NA,NA,NA,NA,NA,NA,NA
"2586",NA,NA,2020,2020-05-31,"JG, JS","TM2","outcrop",NA,NA,NA,NA,NA,NA,NA,"yellow",162,NA,NA,NA,NA,NA,"X",NA,NA,NA,NA,NA,NA,NA,NA,NA,NA,NA,NA,NA,NA
"2587",NA,NA,2020,2020-05-31,"JG, JS","TM2","outcrop",NA,NA,NA,NA,NA,NA,NA,"yellow",20,NA,NA,NA,NA,NA,"X",NA,NA,NA,NA,NA,NA,NA,NA,NA,NA,NA,NA,NA,NA
"2588",NA,NA,2020,2020-05-31,"JG, JS","TM2","outcrop",NA,NA,NA,NA,NA,NA,NA,"red",125,NA,NA,NA,NA,NA,"X",NA,NA,NA,NA,NA,NA,NA,NA,NA,NA,NA,NA,NA,NA
"2589",NA,NA,2020,2020-05-31,"JG, JS","TM2","outcrop",NA,NA,NA,NA,NA,NA,NA,"red",30,NA,NA,NA,NA,NA,"X",NA,NA,NA,NA,NA,NA,NA,NA,NA,NA,NA,NA,NA,NA
"2590",NA,NA,2020,2020-05-31,"JG, JS","TM2","outcrop",NA,NA,NA,NA,NA,NA,NA,"red",59,NA,NA,NA,NA,NA,"X",NA,NA,NA,NA,NA,NA,NA,NA,NA,NA,NA,NA,"2018 band",NA
"2591",NA,NA,2020,2020-05-31,"JG, JS","TM2","outcrop",NA,NA,NA,NA,NA,NA,NA,"red",32,NA,NA,NA,NA,NA,"X",NA,NA,NA,NA,NA,NA,NA,NA,NA,NA,NA,NA,NA,NA
"2592",NA,NA,2020,2020-05-31,"JG, JS","TM2","outcrop",NA,NA,NA,NA,NA,NA,NA,"red",71,NA,NA,NA,NA,NA,"X",NA,NA,NA,NA,NA,NA,NA,NA,NA,NA,NA,NA,"2018 band",NA
"2593",NA,NA,2020,2020-05-31,"JG, JS","TM2","outcrop",NA,NA,NA,NA,NA,NA,NA,"red",135,NA,NA,NA,NA,NA,"X",NA,NA,NA,NA,NA,NA,NA,NA,NA,NA,NA,NA,NA,NA
"2594",NA,NA,2020,2020-05-31,"JG, JS","TM2","outcrop",NA,NA,NA,NA,NA,NA,NA,"red",129,NA,NA,NA,NA,NA,"X",NA,NA,NA,NA,NA,NA,NA,NA,NA,NA,NA,NA,NA,NA
"2595",2021-09-03,"SER",2021,2021-05-26,NA,"TM2","upper","2.5",NA,NA,NA,"blue","yellow",NA,NA,NA,NA,NA,"<1","10.6",NA,"X","0.0","0.0",NA,1,1,NA,"Y",NA,NA,NA,NA,NA,"top broken/eaten",0.5
"2596",2021-09-03,"SER",2021,2021-05-26,NA,"TM2","upper","3.0",NA,NA,NA,"blue",NA,NA,NA,NA,NA,NA,NA,NA,NA,"X",NA,NA,NA,NA,NA,NA,NA,NA,NA,NA,NA,NA,"no plant",NA
"2597",2021-09-03,"SER",2021,2021-05-26,NA,"TM2","upper","3.0",NA,NA,NA,"yellow","yellow",NA,NA,NA,NA,NA,"<1","4.0",NA,"X","0.0","0.0",NA,1,1,NA,"Y",NA,NA,NA,NA,NA,"top broken, probably flowers",0.5
"2598",2021-09-03,"SER",2021,2021-05-26,NA,"TM2","upper","3.0",NA,NA,NA,"yellow","white",NA,NA,NA,NA,NA,NA,NA,NA,"X",NA,NA,NA,NA,NA,NA,NA,NA,NA,NA,NA,NA,NA,NA
"2599",2021-09-03,"SER",2021,2021-05-26,NA,"TM2","upper","3.0",NA,NA,NA,NA,NA,NA,"blue",764,31,30,NA,NA,NA,"X",NA,NA,NA,NA,NA,NA,NA,NA,NA,NA,NA,NA,"no plant",NA
"2600",2021-09-03,"SER",2021,2021-05-26,NA,"TM2","upper","4.0",NA,NA,NA,"green","orange",NA,NA,NA,NA,NA,"<1","13.5",NA,"X","0.0","2.0",3.5,1,1,NA,"Y",NA,NA,NA,NA,NA,NA,0.5
"2601",2021-09-03,"SER",2021,2021-05-26,NA,"TM2","upper","5.0",NA,NA,NA,"yellow",NA,NA,NA,NA,NA,NA,NA,NA,NA,"X",NA,NA,NA,NA,NA,NA,NA,NA,NA,NA,NA,NA,"no plant",NA
"2602",2021-09-03,"SER",2021,2021-05-26,NA,"TM2","upper","5.0",NA,NA,NA,"yellow","yellow",NA,NA,NA,NA,NA,"<1","8.6",NA,"X","0.0","2.0",3.8,1,1,NA,NA,NA,NA,NA,NA,NA,NA,0.5
"2603",2021-09-03,"SER",2021,2021-05-26,NA,"TM2","upper","5.5",NA,NA,NA,NA,NA,NA,"blue",761,38,20,NA,NA,NA,"X",NA,NA,NA,1,1,NA,NA,NA,NA,NA,NA,NA,"two stumps",NA
"2604",2021-09-03,"SER",2021,2021-05-26,NA,"TM2","upper","6.5",NA,NA,NA,"yellow","whie",NA,NA,NA,NA,NA,NA,NA,NA,"X",NA,NA,NA,NA,NA,NA,NA,NA,NA,NA,NA,NA,"no plant",NA
"2605",2021-09-03,"SER",2021,2021-05-26,NA,"TM2","upper","6.5",NA,NA,NA,"red","yellow",NA,NA,NA,NA,NA,"<1","17.8",NA,"X","0.0","2.0",4.9,1,1,NA,"Y",NA,NA,NA,NA,NA,NA,0.5
"2606",2021-09-03,"SER",2021,2021-05-26,NA,"TM2","upper","6.5",NA,NA,NA,"red","white",NA,NA,NA,NA,NA,"<1","8.9",NA,"P","0.0","1.0",1.2,1,1,NA,"Y",NA,NA,NA,NA,NA,NA,0.5
"2607",2021-09-03,"SER",2021,2021-05-26,NA,"TM2","upper","6.5",NA,NA,NA,"red",NA,NA,NA,NA,NA,NA,NA,NA,NA,"X",NA,NA,NA,NA,NA,NA,NA,NA,NA,NA,NA,NA,"no plant",NA
"2608",2021-09-03,"SER",2021,2021-05-26,NA,"TM2","upper","6.5",NA,NA,NA,NA,NA,NA,"blue",7,25,11,NA,NA,NA,NA,NA,NA,NA,NA,NA,NA,NA,NA,NA,NA,NA,NA,"no plant",NA
"2609",2021-09-03,"SER",2021,2021-05-26,NA,"TM2","upper","7.0",NA,NA,NA,"yellow","red",NA,NA,NA,NA,NA,NA,NA,NA,"X",NA,NA,NA,NA,NA,NA,NA,NA,NA,NA,NA,NA,"no plant :(",NA
"2610",2021-09-03,"SER",2021,2021-05-26,NA,"TM2","upper","7.0",NA,NA,NA,"blue",NA,NA,NA,NA,NA,NA,NA,NA,NA,"X",NA,NA,NA,NA,NA,NA,NA,NA,NA,NA,NA,NA,"no plant",NA
"2611",2021-09-03,"SER",2021,2021-05-26,NA,"TM2","upper","8.0",NA,NA,NA,"yellow","green",NA,NA,NA,NA,NA,NA,NA,NA,"X",NA,NA,NA,1,1,NA,NA,NA,NA,NA,NA,NA,"stump",NA
"2612",2021-09-03,"SER",2021,2021-05-26,NA,"TM2","upper","8.0",NA,NA,NA,"yellow","blue",NA,NA,NA,NA,NA,"<1","7.5",NA,"X",NA,NA,NA,1,1,NA,"Y",NA,NA,NA,NA,NA,"broken top",0.5
"2613",2021-09-03,"SER",2021,2021-05-26,NA,"TM2","upper","8.5",NA,NA,NA,"yellow",NA,NA,NA,NA,NA,NA,NA,NA,NA,"X",NA,NA,NA,NA,NA,NA,NA,NA,NA,NA,NA,NA,"no plant",NA
"2614",2021-09-03,"SER",2021,2021-05-26,NA,"TM2","upper","8.5",NA,NA,NA,NA,NA,NA,"blue",75,22,15,"<1","18.5",NA,"X","0.0","0.0",NA,NA,NA,NA,NA,NA,NA,NA,NA,NA,"top broken, can't tell herb",0.5
"2615",2021-09-03,"SER",2021,2021-05-26,NA,"TM2","upper","9.0",NA,NA,NA,"yellow","yellow",NA,NA,NA,NA,NA,"<1","17.8",NA,"X","0.0","0.0",NA,1,1,NA,"Y",NA,NA,NA,NA,NA,"evidence of prior fruit",0.5
"2616",2021-09-03,"SER",2021,2021-05-26,NA,"TM2","upper","11.5",NA,NA,NA,NA,NA,NA,"blue",59,5,10,NA,NA,NA,"X",NA,NA,NA,NA,NA,NA,NA,NA,NA,NA,NA,NA,"stump",NA
"2617",2021-09-03,"SER",2021,2021-05-26,NA,"TM2","upper","12.0",NA,NA,NA,"red",NA,NA,NA,NA,NA,NA,NA,NA,NA,"X",NA,NA,NA,NA,NA,NA,NA,NA,NA,NA,NA,NA,"no plant",NA
"2618",2021-09-03,"SER",2021,2021-05-26,NA,"TM2","upper","12.5",NA,NA,NA,"red",NA,NA,NA,NA,NA,NA,NA,NA,NA,"X",NA,NA,NA,NA,NA,NA,NA,NA,NA,NA,NA,NA,"no plant",NA
"2619",2021-09-03,"SER",2021,2021-05-26,NA,"TM2","upper","12.5",NA,NA,NA,NA,NA,NA,"blue",766,46,20,NA,NA,NA,"X",NA,NA,NA,NA,NA,NA,NA,NA,NA,NA,NA,NA,"no plant",NA
"2620",2021-09-03,"SER",2021,2021-05-26,NA,"TM2","upper","13.0",NA,NA,NA,"red",NA,NA,NA,NA,NA,NA,NA,NA,NA,"X",NA,NA,NA,NA,NA,NA,NA,NA,NA,NA,NA,NA,NA,NA
"2621",2021-09-03,"SER",2021,2021-05-26,NA,"TM2","upper","13.0",NA,NA,NA,NA,NA,NA,"blue",36,4,20,NA,NA,NA,"X",NA,NA,NA,NA,NA,NA,NA,NA,NA,NA,NA,NA,"no plant",NA
"2622",2021-09-03,"SER",2021,2021-05-26,NA,"TM2","upper","13.0",NA,NA,NA,NA,NA,NA,"blue",93,11,20,NA,NA,NA,"X",NA,NA,NA,NA,NA,NA,NA,NA,NA,NA,NA,NA,"no plant",NA
"2623",2021-09-03,"SER",2021,2021-05-26,NA,"TM2","upper","14.5",NA,NA,NA,NA,NA,NA,"blue",656,46,11,NA,NA,NA,"X",NA,NA,NA,NA,NA,NA,NA,NA,NA,NA,NA,NA,"no plant",NA
"2624",2021-09-03,"SER",2021,2021-05-26,NA,"TM2","upper","15.0",NA,NA,NA,"yellow","orange",NA,NA,NA,NA,NA,"<1","11.7",NA,"X","0.0","0.0",NA,1,1,NA,"1.0",NA,NA,NA,NA,NA,"top broken",0.5
"2625",2021-09-03,"SER",2021,2021-05-26,NA,"TM2","lower","2.5",NA,NA,NA,"blue","orange",NA,NA,NA,NA,NA,NA,NA,NA,"X",NA,NA,NA,NA,NA,NA,NA,NA,NA,NA,NA,NA,NA,NA
"2626",2021-09-03,"SER",2021,2021-05-26,NA,"TM2","lower","3.0",NA,NA,NA,NA,NA,NA,"blue",59,24,16,NA,NA,NA,"X",NA,NA,NA,NA,NA,NA,NA,NA,NA,NA,NA,NA,"it looked like 54",NA
"2627",2021-09-03,"SER",2021,2021-05-26,NA,"TM2","lower","3.0",NA,NA,NA,NA,NA,NA,"blue",40,16,19,NA,NA,NA,"X",NA,NA,NA,NA,NA,NA,NA,NA,NA,NA,NA,NA,NA,NA
"2628",2021-09-03,"SER",2021,2021-05-26,NA,"TM2","lower","3.5",NA,NA,NA,"blue","yellow",NA,"purple",156,40,50,"3.35","48.0",NA,"P","0.0","14.0",6,1,1,NA,"Y",NA,NA,NA,NA,NA,NA,3.35
"2629",2021-09-03,"SER",2021,2021-05-26,NA,"TM2","lower","3.5",NA,NA,NA,"yellow",NA,NA,NA,NA,NA,NA,NA,NA,NA,"X",NA,NA,NA,NA,NA,NA,NA,NA,NA,NA,NA,NA,NA,NA
"2630",2021-09-03,"SER",2021,2021-05-26,NA,"TM2","lower","3.5",NA,NA,NA,NA,NA,NA,"blue",87,24,10,NA,NA,NA,"X",NA,NA,NA,NA,NA,NA,NA,NA,NA,NA,NA,NA,NA,NA
"2631",2021-09-03,"SER",2021,2021-05-26,NA,"TM2","lower","3.5",NA,NA,NA,NA,NA,NA,"blue",20,21,12,NA,NA,NA,"X",NA,NA,NA,NA,NA,NA,NA,NA,NA,NA,NA,NA,NA,NA
"2632",2021-09-03,"SER",2021,2021-05-26,NA,"TM2","lower","4.0",NA,NA,NA,"orange","orange",NA,"purple",154,46,32,"2.35","33.0",NA,"P","0.0","6.0",8.5,1,1,NA,"Y",NA,NA,NA,NA,NA,NA,2.35
"2633",2021-09-03,"SER",2021,2021-05-26,NA,"TM2","lower","4.0",NA,NA,NA,NA,NA,NA,"blue",30,40,0,NA,NA,NA,"X",NA,NA,NA,NA,NA,NA,NA,NA,NA,NA,NA,NA,NA,NA
"2634",2021-09-03,"SER",2021,2021-05-26,NA,"TM2","lower","4.5",NA,NA,NA,NA,NA,NA,"blue",760,27,23,NA,NA,NA,"X",NA,NA,NA,NA,NA,NA,NA,NA,NA,NA,NA,NA,NA,NA
"2635",2021-09-03,"SER",2021,2021-05-26,NA,"TM2","lower","5.0",NA,NA,NA,"yellow","white",NA,"purple",159,11,20,"2.66","30.0",NA,"P","0.0","3.0",9.5,1,1,NA,"Y",NA,NA,NA,NA,NA,NA,2.66
"2636",2021-09-03,"SER",2021,2021-05-26,NA,"TM2","lower","5.0",NA,NA,NA,"blue","orange",NA,NA,NA,NA,NA,NA,NA,NA,"X",NA,NA,NA,NA,NA,NA,NA,NA,NA,NA,NA,NA,NA,NA
"2637",2021-09-03,"SER",2021,2021-05-26,NA,"TM2","lower","5.0",NA,NA,NA,NA,NA,NA,"blue",35,29,18,NA,NA,NA,"X",NA,NA,NA,NA,NA,NA,NA,NA,NA,NA,NA,NA,NA,NA
"2638",2021-09-03,"SER",2021,2021-05-26,NA,"TM2","lower","5.0",NA,NA,NA,NA,NA,NA,"blue",55,19,6,NA,NA,NA,"X",NA,NA,NA,NA,NA,NA,NA,NA,NA,NA,NA,NA,NA,NA
"2639",2021-09-03,"SER",2021,2021-05-26,NA,"TM2","lower","5.0",NA,NA,NA,NA,NA,NA,"blue",45,4,16,NA,NA,NA,"X",NA,NA,NA,NA,NA,NA,NA,NA,NA,NA,NA,NA,NA,NA
"2640",2021-09-03,"SER",2021,2021-05-26,NA,"TM2","lower","5.0",NA,NA,NA,NA,NA,NA,"blue",32,0,20,NA,NA,NA,"X",NA,NA,NA,NA,NA,NA,NA,NA,NA,NA,NA,NA,NA,NA
"2641",2021-09-03,"SER",2021,2021-05-26,NA,"TM2","lower","5.0",NA,NA,NA,NA,NA,NA,"blue",6,3,22,NA,NA,NA,"X",NA,NA,NA,NA,NA,NA,NA,NA,NA,NA,NA,NA,NA,NA
"2642",2021-09-03,"SER",2021,2021-05-26,NA,"TM2","lower","5.5",NA,NA,NA,"orange","white",NA,"purple",158,30,23,"3.57","25.5",NA,"P","0.0","3.0",4,1,1,NA,"Y",NA,NA,NA,NA,NA,NA,3.57
"2643",2021-09-03,"SER",2021,2021-05-26,NA,"TM2","lower","5.5",NA,NA,NA,"green","orange",NA,"purple",2,9,29,"1.93","25.0",NA,"P","0.0","4.0",7.5,1,1,NA,"Y",NA,NA,NA,NA,NA,NA,1.93
"2644",2021-09-03,"SER",2021,2021-05-26,NA,"TM2","lower","5.5",NA,NA,NA,"green","white",NA,"purple",164,35,50,"1.63","12.5",NA,"V",NA,"0.0",NA,0,1,"1.0","Y",NA,NA,NA,NA,NA,"severely eaten",1.63
"2645",2021-09-03,"SER",2021,2021-05-26,NA,"TM2","lower","5.5",NA,NA,NA,NA,NA,NA,"blue",738,26,11,NA,NA,NA,"X",NA,NA,NA,NA,NA,NA,NA,NA,NA,NA,NA,NA,NA,NA
"2646",2021-09-03,"SER",2021,2021-05-26,NA,"TM2","lower","5.5",NA,NA,NA,NA,NA,NA,"blue",97,22,16,NA,NA,NA,"X",NA,NA,NA,NA,NA,NA,NA,NA,NA,NA,NA,NA,NA,NA
"2647",2021-09-03,"SER",2021,2021-05-26,NA,"TM2","lower","6.0",NA,NA,NA,"yellow","yellow",NA,NA,NA,NA,NA,NA,NA,NA,"X",NA,NA,NA,NA,NA,NA,NA,NA,NA,NA,NA,NA,NA,NA
"2648",2021-09-03,"SER",2021,2021-05-26,NA,"TM2","lower","6.0",NA,NA,NA,"yellow","yellow",NA,"purple",161,13,10,"3.21","41.0",NA,"P","0.0","17.0",8.5,1,1,NA,"Y",NA,NA,NA,NA,NA,NA,3.21
"2649",2021-09-03,"SER",2021,2021-05-26,NA,"TM2","lower","6.0",NA,NA,NA,"yellow","blue",NA,"purple",153,20,20,"4.81","55.0",NA,"P","0.0","37.0",7.5,1,1,NA,"Y",NA,NA,NA,NA,NA,"fruits look ripe",4.81
"2650",2021-09-03,"SER",2021,2021-05-26,NA,"TM2","lower","6.5",NA,NA,NA,NA,NA,NA,"blue",92,NA,NA,NA,NA,NA,"X",NA,NA,NA,NA,NA,NA,NA,NA,NA,NA,NA,NA,NA,NA
"2651",2021-09-03,"SER",2021,2021-05-26,NA,"TM2","lower","7.0",NA,NA,NA,"yellow","yellow",NA,"purple",377,45,10,"1.41","20.0",NA,"P","0.0","1.0",NA,1,1,NA,"Y",NA,NA,NA,NA,NA,"aphids",1.41
"2652",2021-09-03,"SER",2021,2021-05-26,NA,"TM2","lower","7.0",NA,NA,NA,NA,NA,NA,"blue",732,50,18,NA,NA,NA,"X",NA,NA,NA,NA,NA,NA,NA,NA,NA,NA,NA,NA,NA,NA
"2653",2021-09-03,"SER",2021,2021-05-26,NA,"TM2","lower","7.0",NA,NA,NA,NA,NA,NA,"blue",10,6,3,NA,NA,NA,"X",NA,NA,NA,NA,NA,NA,NA,NA,NA,NA,NA,NA,NA,NA
"2654",2021-09-03,"SER",2021,2021-05-26,NA,"TM2","lower","7.5",NA,NA,NA,"red","blue",NA,"purple",40,25,35,"1.92","33.0",NA,"P","0.0","6.0",5,1,1,NA,"Y",NA,NA,NA,NA,NA,"aphids",1.92
"2655",2021-09-03,"SER",2021,2021-05-26,NA,"TM2","lower","7.5",NA,NA,NA,"red","blue",NA,"purple",86,35,50,"1.16","45.1",NA,"P","0.0","35.0",7.1,1,1,NA,"N",NA,NA,NA,NA,NA,"katydid?",1.16
"2656",2021-09-03,"SER",2021,2021-05-26,NA,"TM2","lower","7.5",NA,NA,NA,"red","blue",NA,"purple",54,8,50,"2.08","47.3",NA,"P","0.0","14.0",7.9,1,1,NA,"Y",NA,NA,NA,NA,NA,NA,2.08
"2657",2021-09-03,"SER",2021,2021-05-26,NA,"TM2","lower","7.5",NA,NA,NA,"red","orange",NA,NA,NA,NA,NA,NA,NA,NA,"X",NA,NA,NA,NA,NA,NA,NA,NA,NA,NA,NA,NA,NA,NA
"2658",2021-09-03,"SER",2021,2021-05-26,NA,"TM2","lower","7.5",NA,NA,NA,"red","orange",NA,"purple",6,1,8,"1.84","14.0",NA,"P","0.0","1.0",4.5,1,1,NA,"Y",NA,NA,NA,NA,NA,"snapped recent",1.84
"2659",2021-09-03,"SER",2021,2021-05-26,NA,"TM2","lower","7.5",NA,NA,NA,"red","orange",NA,"purple",660,12,24,"1.59","18.0",NA,"P","0.0","2.0",5.1,1,1,NA,"Y",NA,NA,NA,NA,NA,NA,1.59
"2660",2021-09-03,"SER",2021,2021-05-26,NA,"TM2","lower","7.5",NA,NA,NA,"red","orange",NA,"purple",768,41,46,"1.91","24.0",NA,"P","0.0","5.0",6.6,1,1,NA,"Y",NA,NA,NA,NA,NA,NA,1.91
"2661",2021-09-03,"SER",2021,2021-05-26,NA,"TM2","lower","7.5",NA,NA,NA,"red","red",NA,"purple",486,3,40,"2.12","14.2",NA,"P","0.0","5.0",4.9,1,1,NA,"Y",NA,NA,NA,NA,NA,"aphids",2.12
"2662",2021-09-03,"SER",2021,2021-05-26,NA,"TM2","lower","7.5",NA,NA,NA,"red","yellow",NA,"purple",589,7,50,"1.45","30.2",NA,"P","0.0","5.0",6.6,1,1,NA,"Y",NA,NA,NA,NA,NA,NA,1.45
"2663",2021-09-03,"SER",2021,2021-05-26,NA,"TM2","lower","7.5",NA,NA,NA,"red","yellow",NA,"purple",4,29,13,"2.79","20.0",NA,"P","0.0","9.0",7,1,1,NA,"Y",NA,NA,NA,NA,NA,NA,2.79
"2664",2021-09-03,"SER",2021,2021-05-26,NA,"TM2","lower","7.5",NA,NA,NA,"red","yellow",NA,"purple",67,0,49,"3.37","36.2",NA,"P","0.0","8.0",6.4,1,1,NA,"Y",NA,NA,NA,NA,NA,NA,3.37
"2665",2021-09-03,"SER",2021,2021-05-26,NA,"TM2","lower","7.5",NA,NA,NA,"red",NA,NA,NA,NA,NA,NA,NA,NA,NA,"X",NA,NA,NA,NA,NA,NA,NA,NA,NA,NA,NA,NA,NA,NA
"2666",2021-09-03,"SER",2021,2021-05-26,NA,"TM2","lower","7.5",NA,NA,NA,"yellow","white",NA,"purple",884,5,2,"1.84","18.8",NA,"P","0.0","2.0",4.6,1,1,NA,"Y",NA,NA,NA,NA,NA,NA,1.84
"2667",2021-09-03,"SER",2021,2021-05-26,NA,"TM2","lower","7.5",NA,NA,NA,"yellow","red",NA,"purple",840,50,27,"2.56","25.3",NA,"P","0.0","0.0",NA,1,1,NA,"Y",NA,NA,NA,NA,NA,"caterpillar aphid [unclear word(s) following]",2.56
"2668",2021-09-03,"SER",2021,2021-05-26,NA,"TM2","lower","7.5",NA,NA,NA,"yellow","orange",NA,"purple",4,2,12,"2.7","31.0",NA,"P","0.0","10.0",5.5,1,1,NA,"Y",NA,NA,NA,NA,NA,"leaf hopper aphid",2.7
"2669",2021-09-03,"SER",2021,2021-05-26,NA,"TM2","lower","8.0",NA,NA,NA,"red","orange",NA,"purple",75,16,45,"1.79","22.3",NA,"P","0.0","3.0",NA,1,1,NA,"Y",NA,NA,NA,NA,NA,NA,1.79
"2670",2021-09-03,"SER",2021,2021-05-26,NA,"TM2","lower","8.0",NA,NA,NA,"red","blue",NA,"purple",888,38,50,"3.86","44.0",NA,"P","0.0","8.0",9.7,1,1,NA,"Y",NA,NA,NA,NA,NA,NA,3.86
"2671",2021-09-03,"SER",2021,2021-05-26,NA,"TM2","lower","8.0",NA,NA,NA,"yellow","blue",NA,"purple",70,0,50,"1.91","27.0",NA,"P","0.0","3.0",5.5,1,1,NA,"Y",NA,NA,NA,NA,NA,NA,1.91
"2672",2021-09-03,"SER",2021,2021-05-26,NA,"TM2","lower","8.0",NA,NA,NA,"yellow","orange",NA,"purple",93,20,29,"2.14","25.5",NA,"P","0.0","5.0",4.7,1,1,NA,"Y",NA,NA,NA,NA,NA,"aphid",2.14
"2673",2021-09-03,"SER",2021,2021-05-26,NA,"TM2","lower","8.0",NA,NA,NA,"yellow","yellow",NA,"purple",64,25,35,"1.95","25.0",NA,"P","0.0","3.0",6.5,1,1,NA,"Y",NA,NA,NA,NA,NA,NA,1.95
"2674",2021-09-03,"SER",2021,2021-05-26,NA,"TM2","lower","8.0",NA,NA,NA,"yellow","red",NA,"purple",658,39,21,"2.7","14.5",NA,"P","0.0","4.0",4.4,1,1,NA,"Y",NA,NA,NA,NA,NA,"flea [?] beetle",2.7
"2675",2021-09-03,"SER",2021,2021-05-26,NA,"TM2","lower","8.0",NA,NA,NA,"orange",NA,NA,NA,NA,NA,NA,"<1","9.7",NA,"V",NA,NA,NA,0,1,"2.1","Y",NA,NA,NA,NA,NA,"aphid",0.5
"2676",2021-09-03,"SER",2021,2021-05-26,NA,"TM2","lower","8.5",NA,NA,NA,"red","yellow",NA,"purple",766,5,29,"2.1","36.9",NA,"P","0.0","13.0",5.7,1,1,NA,"Y",NA,NA,NA,NA,NA,NA,2.1
"2677",2021-09-03,"SER",2021,2021-05-26,NA,"TM2","lower","8.5",NA,NA,NA,"red","yellow",NA,NA,NA,NA,NA,"<1","22.2",NA,"X","0.0","2.0",6,1,1,NA,"Y",NA,NA,NA,NA,NA,NA,0.5
"2678",2021-09-03,"SER",2021,2021-05-26,NA,"TM2","lower","8.5",NA,NA,NA,NA,NA,NA,"blue",48,50,18,NA,NA,NA,"P",NA,NA,NA,NA,NA,NA,NA,NA,NA,NA,NA,NA,"no plant",NA
"2679",2021-09-03,"SER",2021,2021-05-26,NA,"TM2","lower","9.0",NA,NA,NA,"yellow","yellow",NA,"purple",846,32,10,"2.38","10.5",NA,"P","0.0","14.0",6.4,1,1,NA,"Y",NA,NA,NA,NA,NA,NA,2.38
"2680",2021-09-03,"SER",2021,2021-05-26,NA,"TM2","lower","9.0",NA,NA,NA,"blue","yellow",NA,NA,NA,NA,NA,"<1","20.2",NA,"X","0.0","3.0",6.2,1,1,NA,"Y",NA,NA,NA,NA,NA,NA,0.5
"2681",2021-09-03,"SER",2021,2021-05-26,NA,"TM2","lower","10.0",NA,NA,NA,"red","yellow",NA,"purple",857,35,50,"3.3","48.2",NA,"P","0.0","21.0",7.6,1,1,NA,"Y",NA,NA,NA,NA,NA,NA,3.3
"2682",2021-09-03,"SER",2021,2021-05-26,NA,"TM2","lower","10.0",NA,NA,NA,"yellow","yellow",NA,NA,NA,NA,NA,NA,"33.5",NA,"X","0.0","1.0",2.4,1,1,NA,"Y",NA,NA,NA,NA,NA,"take data on dead plants w/ fruits?",NA
"2683",2021-09-03,"SER",2021,2021-05-26,NA,"TM2","lower","10.0",NA,NA,NA,"yellow",NA,NA,NA,NA,NA,NA,NA,NA,NA,"X",NA,NA,NA,NA,NA,NA,NA,NA,NA,NA,NA,NA,"no plant",NA
"2684",2021-09-03,"SER",2021,2021-05-26,NA,"TM2","lower","10.0",NA,NA,NA,NA,NA,NA,"blue",65,32,7,NA,NA,NA,"X",NA,NA,NA,NA,NA,NA,NA,NA,NA,NA,NA,NA,NA,NA
"2685",2021-09-03,"SER",2021,2021-05-26,NA,"TM2","lower","10.5",NA,NA,NA,"yellow","blue",NA,NA,NA,NA,NA,"<1","16.0",NA,"X","0.0","0.0",NA,1,1,NA,"Y",NA,NA,NA,NA,NA,NA,0.5
"2686",2021-09-03,"SER",2021,2021-05-26,NA,"TM2","lower","10.5",NA,NA,NA,"yellow","white",NA,NA,NA,NA,NA,"<1","13.1",NA,"P","0.0","2.0",5.1,1,1,NA,"Y",NA,NA,NA,NA,NA,NA,0.5
"2687",2021-09-03,"SER",2021,2021-05-26,NA,"TM2","lower","10.5",NA,NA,NA,"yellow","red",NA,"purple",864,10,35,"1.54","12.1",NA,"P","0.0","0.0",NA,1,1,NA,"Y",NA,NA,NA,NA,NA,"aphids, top missing",1.54
"2688",2021-09-03,"SER",2021,2021-05-26,NA,"TM2","lower","10.5",NA,NA,NA,"yellow",NA,NA,NA,NA,NA,NA,"<1","5.1",NA,"V","0.0","0.0",0,0,1,"0.2","Y",NA,NA,NA,NA,NA,NA,0.5
"2689",2021-09-03,"SER",2021,2021-05-26,NA,"TM2","lower","10.5",NA,NA,NA,NA,NA,NA,"blue",605,41,11,NA,NA,NA,"X",NA,NA,NA,NA,NA,NA,NA,NA,NA,NA,NA,NA,"missing",NA
"2690",2021-09-03,"SER",2021,2021-05-26,NA,"TM2","lower","11.0",NA,NA,NA,"red","yellow",NA,NA,NA,NA,NA,NA,NA,NA,NA,NA,NA,NA,NA,NA,NA,NA,NA,NA,NA,NA,NA,"missing",NA
"2691",2021-09-03,"SER",2021,2021-05-26,NA,"TM2","lower","12.5",NA,NA,NA,"yellow","red",NA,"purple",654,16,50,"3.13","44.0",NA,"P","0.0","3.0",6,1,1,NA,"Y",NA,NA,NA,NA,NA,NA,3.13
"2692",2021-09-03,"SER",2021,2021-05-26,NA,"TM2","lower","13.0",NA,NA,NA,NA,NA,NA,"blue",78,41,1,NA,NA,NA,"X",NA,NA,NA,NA,NA,NA,NA,NA,NA,NA,NA,NA,"missing",NA
"2693",2021-09-03,"SER",2021,2021-05-26,NA,"TM2","lower","13.5",NA,NA,NA,"yellow",NA,NA,NA,NA,NA,NA,NA,NA,NA,"X",NA,NA,NA,NA,NA,NA,NA,NA,NA,NA,NA,NA,"stump",NA
"2694",2021-09-03,"SER",2021,2021-05-26,NA,"TM2","lower","14.0",NA,NA,NA,"red","red",NA,"purple",845,36,11,"1.91","13.0",NA,"P","0.0","0.0",NA,1,1,NA,"Y",NA,NA,NA,NA,NA,"top broken",1.91
"2695",2021-09-03,"SER",2021,2021-05-26,NA,"TM2","lower","14.0",NA,NA,NA,"red","yellow",NA,NA,NA,NA,NA,"<1","17.3",NA,"X","0.0","1.0",1,1,1,NA,"Y",NA,NA,NA,NA,NA,NA,0.5
"2696",2021-09-03,"SER",2021,2021-05-26,NA,"TM2","lower","14.0",NA,NA,NA,"blue",NA,NA,NA,NA,NA,NA,"<1","3.2",NA,"X","0.0","0.0",NA,0,1,NA,"Y",NA,NA,NA,NA,NA,"vegetative but dead, leaves shrivelled",0.5
"2697",2021-09-03,"SER",2021,2021-05-26,NA,"TM2","lower","14.0",NA,NA,NA,"blue",NA,NA,"purple",888,33,2,"1.19","10.3",NA,"P","0.0","0.0",NA,1,1,NA,"Y",NA,NA,NA,NA,NA,"top broken",1.19
"2698",2021-09-03,"SER",2021,2021-05-26,NA,"TM2","lower","14.0",NA,NA,NA,NA,NA,NA,"blue",609,20,1,NA,NA,NA,"X",NA,NA,NA,NA,NA,NA,NA,NA,NA,NA,NA,NA,"no plant",NA
"2699",2021-09-03,"SER",2021,2021-05-26,NA,"TM2","lower","14.5",NA,NA,NA,"red",NA,NA,NA,NA,NA,NA,NA,NA,NA,"X",NA,NA,NA,NA,NA,NA,NA,NA,NA,NA,NA,NA,"missing",NA
"2700",2021-09-03,"SER",2021,2021-05-26,NA,"TM2","lower","14.5",NA,NA,NA,"red",NA,NA,NA,NA,NA,NA,NA,NA,NA,"X",NA,NA,NA,NA,NA,NA,"Y",NA,NA,NA,NA,NA,"eaten to base",NA
"2701",2021-09-03,"SER",2021,2021-05-26,NA,"TM2","lower","14.5",NA,NA,NA,"red",NA,NA,NA,NA,NA,NA,NA,NA,NA,"X",NA,NA,NA,NA,NA,NA,"Y",NA,NA,NA,NA,NA,"eaten to base",NA
"2702",2021-09-03,"SER",2021,2021-05-26,NA,"TM2","lower","14.5",NA,NA,NA,"red","blue",NA,NA,NA,NA,NA,"0.9","21.1",NA,"P","0.0","2.0",4.9,1,1,NA,"Y",NA,NA,NA,NA,NA,"eaten to base;[Data entry--converted longest_fruit_cm from mm (""mm"" written in column header, on scan)]",0.5
"2703",2021-09-03,"SER",2021,2021-05-26,NA,"TM2","lower","14.5",NA,NA,NA,"red","blue",NA,"purple",337,40,20,"1.89","32.7",NA,"P","0.0","6.0",6.4,1,1,NA,"Y",NA,NA,NA,NA,NA,"eaten to base;[Data entry--converted longest_fruit_cm from mm (""mm"" written in column header, on scan)]",1.89
"2704",2021-09-03,"SER",2021,2021-05-26,NA,"TM2","lower","14.5",NA,NA,NA,"red","orange",NA,NA,NA,NA,NA,NA,NA,NA,"X",NA,NA,NA,NA,NA,NA,"Y",NA,NA,NA,NA,NA,"eaten to base",NA
"2705",2021-09-03,"SER",2021,2021-05-26,NA,"TM2","lower","14.5",NA,NA,NA,"red","orange",NA,NA,NA,NA,NA,NA,NA,NA,"X",NA,NA,NA,NA,NA,NA,"Y",NA,NA,NA,NA,NA,"eaten to base",NA
"2706",2021-09-03,"SER",2021,2021-05-26,NA,"TM2","lower","14.5",NA,NA,NA,"red","orange",NA,"purple",347,40,2,"1.06","6.5",NA,"P","0.0","0.0",NA,1,1,NA,"Y",NA,NA,NA,NA,NA,"stem broken",1.06
"2707",2021-09-03,"SER",2021,2021-05-26,NA,"TM2","lower","14.5",NA,NA,NA,"red","orange",NA,"purple",378,40,20,"2.15","30.1",NA,"P","0.0","4.0",7.4,1,1,NA,"Y",NA,NA,NA,NA,NA,"[Data entry--converted longest_fruit_cm from mm (""mm"" written in column header, on scan)]",2.15
"2708",2021-09-03,"SER",2021,2021-05-26,NA,"TM2","lower","14.5",NA,NA,NA,"red","orange",NA,NA,NA,NA,NA,"0.92","16.4",NA,"P","0.0","0.0",0.6,1,1,NA,"Y",NA,NA,NA,NA,NA,"heavy herbivory;[Data entry--converted longest_fruit_cm from mm (""mm"" written in column header, on scan)]",0.5
"2709",2021-09-03,"SER",2021,2021-05-26,NA,"TM2","lower","14.5",NA,NA,NA,"red","orange",NA,NA,NA,NA,NA,NA,NA,NA,"X",NA,NA,NA,NA,NA,NA,"Y",NA,NA,NA,NA,NA,NA,NA
"2710",2021-09-03,"SER",2021,2021-05-26,NA,"TM2","lower","14.5",NA,NA,NA,"red","orange",NA,NA,NA,NA,NA,"1.76","31.1",NA,"P","0.0","5.0",7,1,1,NA,"Y",NA,NA,NA,NA,NA,"dying, did not mark;[Data entry--converted longest_fruit_cm from mm (""mm"" written in column header, on scan)]",1.76
"2711",2021-09-03,"SER",2021,2021-05-26,NA,"TM2","lower","14.5",NA,NA,NA,"red","orange",NA,NA,NA,NA,NA,NA,NA,NA,"X",NA,NA,NA,NA,NA,NA,"Y",NA,NA,NA,NA,NA,NA,NA
"2712",2021-09-03,"SER",2021,2021-05-26,NA,"TM2","lower","14.5",NA,NA,NA,"red","orange",NA,NA,NA,NA,NA,"1.46","25.6",NA,"X","0.0","6.0",6.7,1,1,NA,"Y",NA,NA,NA,NA,NA,"dying, did not mark;[Data entry--converted longest_fruit_cm from mm (""mm"" written in column header, on scan)]",1.46
"2713",2021-09-03,"SER",2021,2021-05-26,NA,"TM2","lower","14.5",NA,NA,NA,"red","white",NA,"purple",397,0,49,"1.97","26.5",NA,"P","0.0","3.0",5.2,1,1,NA,"Y",NA,NA,NA,NA,NA,"aphids;[Data entry--converted longest_fruit_cm from mm (""mm"" written in column header, on scan)]",1.97
"2714",2021-09-03,"SER",2021,2021-05-26,NA,"TM2","lower","14.5",NA,NA,NA,"yellow",NA,NA,NA,NA,NA,NA,NA,NA,NA,"X",NA,NA,NA,NA,NA,NA,NA,NA,NA,NA,NA,NA,"gone",NA
"2715",2021-09-03,"SER",2021,2021-05-26,NA,"TM2","lower","14.5",NA,NA,NA,NA,NA,NA,"blue",769,23,10,NA,NA,NA,"X",NA,NA,NA,NA,NA,NA,NA,NA,NA,NA,NA,NA,"gone",NA
"2716",2021-09-03,"SER",2021,2021-05-26,NA,"TM2","lower","14.5",NA,NA,NA,NA,NA,NA,"blue",85,30,0,NA,NA,NA,"X",NA,NA,NA,NA,NA,NA,NA,NA,NA,NA,NA,NA,"gone",NA
"2717",2021-09-03,"SER",2021,2021-05-26,NA,"TM2","lower","14.5",NA,NA,NA,NA,NA,NA,"blue",0,49,17,NA,NA,NA,"X",NA,NA,NA,NA,NA,NA,NA,NA,NA,NA,NA,NA,"gone",NA
"2718",2021-09-03,"SER",2021,2021-05-26,NA,"TM2","lower","14.5",NA,NA,NA,NA,NA,NA,"blue",89,19,14,NA,NA,NA,"X",NA,NA,NA,NA,NA,NA,NA,NA,NA,NA,NA,NA,"gone",NA
"2719",2021-09-03,"SER",2021,2021-05-26,NA,"TM2","lower","15.0",NA,NA,NA,"red","blue",NA,NA,NA,NA,NA,"1.37","28.4",NA,"P","0.0","3.0",5,1,1,NA,"Y",NA,NA,NA,NA,NA,"dying, did not mark;[Data entry--converted longest_fruit_cm from mm (""mm"" written in column header, on scan)]",1.37
"2720",2021-09-03,"SER",2021,2021-05-26,NA,"TM2","lower","15.0",NA,NA,NA,"red","blue",NA,NA,NA,NA,NA,"1.86","33.2",NA,"X","0.0","5.0",9.6,1,1,NA,"Y",NA,NA,NA,NA,NA,NA,1.86
"2721",2021-09-03,"SER",2021,2021-05-26,NA,"TM2","lower","15.0",NA,NA,NA,"red","blue",NA,NA,NA,NA,NA,"1.54","29.2",NA,"P","0.0","3.0",5.2,1,1,NA,"Y",NA,NA,NA,NA,NA,"dying, did not mark;[Data entry--converted longest_fruit_cm from mm (""mm"" written in column header, on scan)]",1.54
"2722",2021-09-03,"SER",2021,2021-05-26,NA,"TM2","lower","15.0",NA,NA,NA,"red","yellow",NA,NA,NA,NA,NA,"1.33","3.0",NA,"X",NA,NA,NA,1,1,NA,"Y",NA,NA,NA,NA,NA,"stem eaten/broken;[Data entry--converted longest_fruit_cm from mm (""mm"" written in column header, on scan)]",1.33
"2723",2021-09-03,"SER",2021,2021-05-26,NA,"TM2","lower","15.0",NA,NA,NA,"red","yellow",NA,NA,NA,NA,NA,"<1","22.3",NA,"X","0.0","3.0",6.9,1,1,NA,"Y",NA,NA,NA,NA,NA,"[Data entry--converted longest_fruit_cm from mm (""mm"" written in column header, on scan)]",0.5
"2724",2021-09-03,"SER",2021,2021-05-26,NA,"TM2","lower","15.0",NA,NA,NA,"red","orange",NA,NA,NA,NA,NA,"<1",NA,NA,"X",NA,NA,NA,NA,1,NA,NA,NA,NA,NA,NA,NA,"stem eaten/broken",0.5
"2725",2021-09-03,"SER",2021,2021-05-26,NA,"TM2","lower","15.0",NA,NA,NA,"yellow",NA,NA,"purple",587,20,1,"1.1","3.0",NA,"V","0.0","0.0",NA,0,1,"1.7","Y",NA,NA,NA,NA,NA,"[Data entry--converted longest_leaf_cm from mm (""mm"" written in column header, on scan)]",1.1
"2726",2021-09-03,"SER",2021,2021-05-26,NA,"TM2","lower","15.0",NA,NA,NA,"yellow","red",NA,"purple",394,10,50,"1.97","14.9",NA,"P","0.0","1.0",0.4,1,1,NA,"Y",NA,NA,NA,NA,NA,"[Data entry--converted longest_fruit_cm from mm (""mm"" written in column header, on scan)]",1.97
"2727",2021-09-03,"SER",2021,2021-05-26,NA,"TM2","lower","15.0",NA,NA,NA,"blue","orange",NA,NA,NA,NA,NA,"<1","13.5",NA,"P","0.0","2.0",3.5,1,1,NA,"Y",NA,NA,NA,NA,NA,"[Data entry--converted longest_fruit_cm from mm (""mm"" written in column header, on scan)]",0.5
"2728",2021-09-03,"SER",2021,2021-05-26,NA,"TM2","lower","15.0",NA,NA,NA,NA,NA,NA,"blue",50,25,0,NA,NA,NA,"X",NA,NA,NA,NA,NA,NA,NA,NA,NA,NA,NA,NA,"gone",NA
"2729",2021-09-03,"SER",2021,2021-05-26,NA,"TM2","lower","15.0",NA,NA,NA,NA,NA,NA,"blue",62,22,19,NA,NA,NA,"X",NA,NA,NA,NA,NA,NA,NA,NA,NA,NA,NA,NA,"gone",NA
"2730",2021-09-03,"SER",2021,2021-05-26,NA,"TM2","lower","15.0",NA,NA,NA,NA,NA,NA,"blue",67,4,15,NA,NA,NA,"X",NA,NA,NA,NA,NA,NA,NA,NA,NA,NA,NA,NA,"had perennial growing in [fuzzy word] [fuzzy writing]",NA
"2731",2021-09-03,"SER",2021,2021-05-26,NA,"TM2","lower","15.0",NA,NA,NA,NA,NA,NA,"blue",94,1,4,NA,NA,NA,"X",NA,NA,NA,NA,NA,NA,NA,NA,NA,NA,NA,NA,"sancas 49 14.5 [?]",NA
"2732",2021-09-03,"SER",2021,2021-05-26,NA,"TM2","lower","15.0",NA,NA,NA,NA,NA,NA,"blue",98,44,20,NA,NA,NA,"X",NA,NA,NA,NA,NA,NA,NA,NA,NA,NA,NA,NA,"gone",NA
"2733",2021-09-03,"SER",2021,2021-05-26,NA,"TM2","lower","15.5",NA,NA,NA,"red","yellow",NA,"purple",588,45,44,"1.22","26.9",NA,"P","0.0","6.0",7.5,1,1,NA,"Y",NA,NA,NA,NA,NA,"aphids;[Data entry--converted longest_fruit_cm from mm (""mm"" written in column header, on scan)]",1.22
"2734",2021-09-03,"SER",2021,2021-05-26,NA,"TM2","lower","15.5",NA,NA,NA,"red","yellow",NA,"purple",577,0,27,"3.89","32.6",NA,"P","0.0","8.0",6.9,1,1,NA,"Y",NA,NA,NA,NA,NA,"[Data entry--converted longest_fruit_cm from mm (written in column header, on scan)]",3.89
"2735",2021-09-03,"SER",2021,2021-05-26,NA,"TM2","lower","15.5",NA,NA,NA,"yellow",NA,NA,NA,NA,NA,NA,NA,NA,NA,"X",NA,NA,NA,NA,NA,NA,NA,NA,NA,NA,NA,NA,"gone",NA
"2736",2021-09-03,"SER",2021,2021-05-26,NA,"TM2","lower","15.5",NA,NA,NA,"yellow","yellow",NA,NA,NA,NA,NA,"<1","13.6",NA,"X","0.0","3.0",5.1,1,1,NA,"Y",NA,NA,NA,NA,NA,"[Data entry--converted longest_fruit_cm from mm (""mm"" written in column header, on scan)]",0.5
"2737",2021-09-03,"SER",2021,2021-05-26,NA,"TM2","lower","15.5",NA,NA,NA,"yellow","red",NA,"purple",534,15,1,"1.18","8.1",NA,"P","0.0","0.0",NA,1,1,NA,"Y",NA,NA,NA,NA,NA,NA,1.18
"2738",2021-09-03,"SER",2021,2021-05-26,NA,"TM2","lower","15.5",NA,NA,NA,"blue","orange",NA,NA,NA,NA,NA,NA,NA,NA,"X",NA,NA,NA,NA,NA,NA,"Y",NA,NA,NA,NA,NA,"stem eaten/broken",NA
"2739",2021-09-03,"SER",2021,2021-05-26,NA,"TM2","lower","15.5",NA,NA,NA,"blue","orange",NA,"purple",599,40,23,"1.1","13.9",NA,"P","0.0","1.0",5.9,1,1,NA,"Y",NA,NA,NA,NA,NA,"[Data entry--converted longest_fruit_cm from mm (""mm"" written in column header, on scan)]",1.1
"2740",2021-09-03,"SER",2021,2021-05-26,NA,"TM2","lower","15.5",NA,NA,NA,"orange",NA,NA,NA,NA,NA,NA,NA,NA,NA,"X",NA,NA,NA,NA,NA,NA,"Y",NA,NA,NA,NA,NA,"stem eaten down",NA
"2741",2021-09-03,"SER",2021,2021-05-26,NA,"TM2","lower","15.5",NA,NA,NA,"orange","orange",NA,"purple",355,49,41,"1.95","18.5",NA,"P","0.0","4.0",5.1,1,1,NA,"Y",NA,NA,NA,NA,NA,"[Data entry--converted longest_fruit_cm from mm (""mm"" written in column header, on scan)]",1.95
"2742",2021-09-03,"SER",2021,2021-05-26,NA,"TM2","lower","15.5",NA,NA,NA,NA,NA,NA,"blue",655,29,20,NA,NA,NA,"X",NA,NA,NA,NA,NA,NA,NA,NA,NA,NA,NA,NA,"gone",NA
"2743",2021-09-03,"SER",2021,2021-05-26,NA,"TM2","lower","15.5",NA,NA,NA,NA,NA,NA,"blue",73,4,12,NA,NA,NA,"X",NA,NA,NA,NA,NA,NA,NA,NA,NA,NA,NA,NA,"gone",NA
"2744",2021-09-03,"SER",2021,2021-05-26,NA,"TM2","lower","16.0",NA,NA,NA,"yellow","yellow",NA,"purple",538,5,33,"1.72","21.6",NA,"P","0.0","6.0",7.2,1,1,NA,"Y",NA,NA,NA,NA,NA,"[Data entry--converted longest_fruit_cm from mm (""mm"" written in column header, on scan)]",1.72
"2745",2021-09-03,"SER",2021,2021-05-26,NA,"TM2","lower","16.0",NA,NA,NA,"blue","yellow",NA,NA,NA,NA,NA,"<1",NA,NA,"X","0.0","1.0",3.6,1,1,NA,"Y",NA,NA,NA,NA,NA,"stem broken off;[Data entry--converted longest_fruit_cm from mm (""mm"" written in column header, on scan)]",0.5
"2746",2021-09-03,"SER",2021,2021-05-26,NA,"TM2","lower","16.0",NA,NA,NA,"orange",NA,NA,NA,NA,NA,NA,"<1","9.2",NA,"B","0.0","0.0",NA,1,1,NA,"Y",NA,NA,NA,NA,NA,"buds barely [?] opening",0.5
"2747",2021-09-03,"SER",2021,2021-05-26,NA,"TM2","lower","16.5",NA,NA,NA,"blue","blue",NA,"purple",366,43,34,"2.56","31.5",NA,"P","0.0","24.0",7,1,1,NA,"Y",NA,NA,NA,NA,NA,"[Data entry--converted longest_fruit_cm from mm (""mm"" written in column header, on scan)]",2.56
"2748",2021-09-03,"SER",2021,2021-05-26,NA,"TM2","lower","16.5",NA,NA,NA,"blue","orange",NA,"purple",448,30,48,"1.26","20.4",NA,"P","0.0","5.0",6.8,1,1,NA,"Y",NA,NA,NA,NA,NA,"[Data entry--converted longest_fruit_cm from mm (""mm"" written in column header, on scan)]",1.26
"2749",2021-09-03,"SER",2021,2021-05-26,NA,"TM2","lower","16.5",NA,NA,NA,"green","white",NA,NA,NA,NA,NA,"<1","7.0",NA,"X","0.0","0.0",NA,1,1,NA,"Y",NA,NA,NA,NA,NA,NA,0.5
"2750",2021-09-03,"SER",2021,2021-05-26,NA,"TM2","lower","16.5",NA,NA,NA,NA,NA,NA,"blue",602,47,20,NA,NA,NA,"X",NA,NA,NA,NA,NA,NA,NA,NA,NA,NA,NA,NA,"stump",NA
"2751",2021-09-03,"SER",2021,2021-05-26,NA,"TM2","lower","16.5",NA,NA,NA,NA,NA,NA,"blue",53,20,6,NA,NA,NA,"X",NA,NA,NA,NA,NA,NA,NA,NA,NA,NA,NA,NA,"stump",NA
"2752",2021-09-03,"SER",2021,2021-05-26,NA,"TM2","lower","17.0",NA,NA,NA,"blue","yellow",NA,"purple",205,3,13,"1.55","19.1",NA,"P","0.0","0.0",NA,1,1,NA,"Y",NA,NA,NA,NA,NA,NA,1.55
"2753",2021-09-03,"SER",2021,2021-05-26,NA,"TM2","lower","17.0",NA,NA,NA,"green","yellow",NA,NA,NA,NA,NA,NA,NA,NA,"X",NA,NA,NA,NA,NA,NA,NA,NA,NA,NA,NA,NA,"stump",NA
"2754",2021-09-03,"SER",2021,2021-05-26,NA,"TM2","lower","17.0",NA,NA,NA,"green","yellow",NA,"purple",874,40,49,"1.48","23.2",NA,"P","0.0","7.0",5.1,1,1,NA,"Y",NA,NA,NA,NA,NA,NA,1.48
"2755",2021-09-03,"SER",2021,2021-05-26,NA,"TM2","lower","17.0",NA,NA,NA,NA,NA,NA,"blue",58,NA,NA,NA,NA,NA,"X",NA,NA,NA,NA,NA,NA,NA,NA,NA,NA,NA,NA,"stump",NA
"2756",2021-09-03,"SER",2021,2021-05-26,NA,"TM2","lower","17.5",NA,NA,NA,"red","yellow",NA,"purple",102,4,5,"2.73","39.1",NA,"P","0.0","15.0",7.2,1,1,NA,"Y",NA,NA,NA,NA,NA,NA,2.73
"2757",2021-09-03,"SER",2021,2021-05-26,NA,"TM2","lower","17.5",NA,NA,NA,"blue","yellow",NA,NA,NA,NA,NA,"<1","12.6",NA,"P","0.0","1.0",3.1,1,1,NA,"Y",NA,NA,NA,NA,NA,NA,0.5
"2758",2021-09-03,"SER",2021,2021-05-26,NA,"TM2","lower","17.5",NA,NA,NA,"yellow","red",NA,"purple",169,15,45,"1.35","13.6",NA,"P","0.0","1.0",4.1,1,1,NA,"Y",NA,NA,NA,NA,NA,NA,1.35
"2759",2021-09-03,"SER",2021,2021-05-26,NA,"TM2","lower","17.5",NA,NA,NA,"yellow","red",NA,"purple",101,16,47,"1.58","13.5",NA,"P","0.0","0.0",NA,1,1,NA,"Y",NA,NA,NA,NA,NA,"tip may have been nipped",1.58
"2760",2021-09-03,"SER",2021,2021-05-26,NA,"TM2","lower","17.5",NA,NA,NA,"blue",NA,NA,NA,NA,NA,NA,"<1","6.0",NA,"V","0.0","0.0",NA,NA,1,"1.6","Y",NA,NA,NA,NA,NA,NA,0.5
"2761",2021-09-03,"SER",2021,2021-05-26,NA,"TM2","lower","17.5",NA,NA,NA,"blue","orange",NA,"purple",204,3,39,"1.21","15.3",NA,"P","0.0","1.0",2.8,1,1,NA,"Y",NA,NA,NA,NA,NA,"measured left-->right",1.21
"2762",2021-09-03,"SER",2021,2021-05-26,NA,"TM2","lower","17.5",NA,NA,NA,"blue","orange",NA,"purple",155,15,30,"1.19","15.6",NA,"P","0.0","4.0",4.8,1,1,NA,"Y",NA,NA,NA,NA,NA,"measured left-->right",1.19
"2763",2021-09-03,"SER",2021,2021-05-26,NA,"TM2","lower","17.5",NA,NA,NA,"blue","orange",NA,"purple",151,18,46,"1.24","16.7",NA,"P","0.0","2.0",4.4,1,1,NA,"Y",NA,NA,NA,NA,NA,"measured left-->right",1.24
"2764",2021-09-03,"SER",2021,2021-05-26,NA,"TM2","lower","17.5",NA,NA,NA,"blue","yellow",NA,"purple",162,33,41,"4.17","56.0",NA,"P","0.0","28.0",7.5,1,1,NA,"Y",NA,NA,NA,NA,NA,NA,4.17
"2765",2021-09-03,"SER",2021,2021-05-26,NA,"TM2","lower","17.5",NA,NA,NA,"orange",NA,NA,NA,NA,NA,NA,"<1","5.1",NA,"P","0.0","0.0",NA,1,1,NA,"Y",NA,NA,NA,NA,NA,"top broken",0.5
"2766",2021-09-03,"SER",2021,2021-05-26,NA,"TM2","lower","17.5",NA,NA,NA,"green","white",NA,NA,NA,NA,NA,"<1","6.8",NA,"P","0.0","1.0",2.4,1,1,NA,"Y",NA,NA,NA,NA,NA,NA,0.5
"2767",2021-09-03,"SER",2021,2021-05-26,NA,"TM2","lower","17.5",NA,NA,NA,NA,NA,NA,"blue",606,8,3,NA,NA,NA,"X",NA,NA,NA,NA,NA,NA,NA,NA,NA,NA,NA,NA,NA,NA
"2768",2021-09-03,"SER",2021,2021-05-26,NA,"TM2","lower","17.5",NA,NA,NA,NA,NA,NA,"blue",765,26,6,NA,NA,NA,"X",NA,NA,NA,NA,NA,NA,NA,NA,NA,NA,NA,NA,"stump",NA
"2769",2021-09-03,"SER",2021,2021-05-26,NA,"TM2","lower","18.0",NA,NA,NA,NA,NA,NA,"blue",785,15,16,NA,NA,NA,"X",NA,NA,NA,NA,NA,NA,NA,NA,NA,NA,NA,NA,"stump",NA
"2770",2021-09-03,"SER",2021,2021-05-26,NA,"TM2","lower","18.0",NA,NA,NA,NA,NA,NA,"blue",650,15,18,NA,NA,NA,"X",NA,NA,NA,NA,NA,NA,NA,NA,NA,NA,NA,NA,"stump",NA
"2771",2021-09-03,"SER",2021,2021-05-26,NA,"TM2","lower","18.0",NA,NA,NA,NA,NA,NA,"blue",64,25,17,NA,NA,NA,"X",NA,NA,NA,NA,NA,NA,NA,NA,NA,NA,NA,NA,"stump",NA
"2772",2021-09-03,"SER",2021,2021-05-26,NA,"TM2","lower","18.0",NA,NA,NA,NA,NA,NA,"blue",760,20,8,NA,NA,NA,"X",NA,NA,NA,NA,NA,NA,NA,NA,NA,NA,NA,NA,"stump",NA
"2773",2021-09-03,"SER",2021,2021-05-26,NA,"TM2","lower","18.0",NA,NA,NA,NA,NA,NA,"blue",80,20,0,NA,NA,NA,NA,NA,NA,NA,NA,NA,NA,NA,NA,NA,NA,NA,NA,"missing",NA
"2774",2021-09-03,"SER",2021,2021-05-26,NA,"TM2","lower","18.5",NA,NA,NA,"orange","blue",NA,NA,NA,NA,NA,"<1","25.5",NA,"P","0.0","4.0",8.1,1,1,NA,"Y",NA,NA,NA,NA,NA,NA,0.5
"2775",2021-09-03,"SER",2021,2021-05-26,NA,"TM2","lower","18.5",NA,NA,NA,"green","red",NA,NA,NA,NA,NA,"<1","9.3",NA,"X","0.0","1.0",1.1,1,1,NA,"Y",NA,NA,NA,NA,NA,NA,0.5
"2776",2022-01-12,"SER",2021,2021-05-26,NA,"TM2","seep","1.0L",NA,NA,NA,NA,NA,NA,"blue",654,2,4,NA,NA,NA,"X",NA,NA,NA,NA,NA,NA,NA,NA,NA,NA,NA,NA,NA,NA
"2777",2022-01-12,"SER",2021,2021-05-26,NA,"TM2","seep","6.5L",NA,NA,NA,NA,NA,NA,"blue",658,0,10,NA,NA,NA,"X",NA,NA,NA,NA,NA,NA,NA,NA,NA,NA,NA,NA,"Found band but no plant :(",NA
"2778",2022-01-12,"SER",2021,2021-05-26,NA,"TM2","seep","12.0L",NA,NA,NA,NA,NA,NA,"blue",780,10,20,NA,NA,NA,"X",NA,NA,NA,NA,NA,NA,NA,NA,NA,NA,NA,NA,"Dead stem",NA
"2779",2022-01-12,"SER",2021,2021-05-26,NA,"TM2","seep","12.5L",NA,NA,NA,NA,NA,NA,"blue",57,10,18,NA,NA,NA,"X",NA,NA,NA,NA,NA,NA,NA,NA,NA,NA,NA,NA,"Dead stem",NA
"2780",2022-01-12,"SER",2021,2021-05-26,NA,"TM2","seep","12.5L",NA,NA,NA,NA,NA,NA,"blue",52,10,0,NA,NA,NA,"X",NA,NA,NA,NA,NA,NA,NA,NA,NA,NA,NA,NA,"Dead stem",NA
"2781",2022-01-12,"SER",2021,2021-05-26,NA,"TM2","seep","12.5R",NA,NA,NA,NA,NA,NA,"blue",607,11,-14,NA,NA,NA,NA,NA,NA,NA,NA,NA,NA,NA,NA,NA,NA,NA,NA,"No plant, no band (not found)",NA
"2782",2022-01-12,"SER",2021,2021-05-26,NA,"TM2","seep","13.5R",NA,NA,NA,NA,NA,NA,"blue",77,39,-9,NA,NA,NA,"X",NA,NA,NA,NA,NA,NA,NA,NA,NA,NA,NA,NA,"Dead stem",NA
"2783",2022-01-12,"SER",2021,2021-05-26,NA,"TM2","seep","14R",NA,NA,NA,NA,NA,NA,"yellow",9,0,-20,NA,NA,NA,NA,NA,NA,NA,NA,NA,NA,NA,NA,NA,NA,NA,NA,"No plant, no band (not found)",NA
"2784",2022-01-12,"SER",2021,2021-05-26,NA,"TM2","seep","15L",NA,NA,NA,NA,NA,NA,"blue",83,39,8,NA,NA,NA,"X",NA,NA,NA,NA,NA,NA,NA,NA,NA,NA,NA,NA,"Found band but no plant :(",NA
"2785",2022-01-12,"SER",2021,2021-05-26,NA,"TM2","seep","16R",NA,NA,NA,NA,NA,NA,"blue",42,30,-7,NA,NA,NA,"X",NA,NA,NA,NA,NA,NA,NA,NA,NA,NA,NA,NA,"Found band (exact x,y), but no plant :(",NA
"2786",2022-01-12,"SER",2021,2021-05-26,NA,"TM2","seep","1.0L",NA,NA,NA,NA,NA,NA,"purple",207,14,19,"1.32","10.0",NA,"P",NA,NA,NA,1,1,NA,"Y",NA,NA,NA,NA,NA,"Clearly flowered/fruited, but eaten—1 green leaf left",1.32
"2787",2022-01-12,"SER",2021,2021-05-26,NA,"TM2","seep","1.5R",NA,NA,NA,NA,NA,NA,"purple",152,17,-21,"3.65","29.5",NA,"P",NA,NA,NA,2,3,NA,"Y",NA,NA,NA,NA,NA,"0 fruits/flowers; lots of clear herbivory",3.65
"2788",2022-01-12,"SER",2021,2021-05-26,NA,"TM2","seep","2.0L",NA,NA,NA,NA,NA,NA,"purple",225,23,10,"6.46","56.0",NA,"P",NA,"87.0",8,1,1,NA,"Y",NA,NA,NA,NA,NA,"grasshopper on/eating",6.46
"2789",2022-01-12,"SER",2021,2021-05-26,NA,"TM2","seep","2.5L",NA,NA,NA,NA,NA,NA,"purple",186,4,15,"3.04","34.5",NA,"P",NA,"4.0",6.4,1,1,NA,"Y",NA,NA,NA,NA,NA,NA,3.04
"2790",2022-01-12,"SER",2021,2021-05-26,NA,"TM2","seep","3.5R",NA,NA,NA,NA,NA,NA,"purple",160,44,-8,"3.34","36.5",NA,"P",NA,"21.0",7.9,1,1,NA,"Y",NA,NA,NA,NA,NA,"Has orange band w/out #'s; added purple band w/ #'s",3.34
"2791",2022-01-12,"SER",2021,2021-05-26,NA,"TM2","seep","4.5R",NA,NA,NA,NA,NA,NA,"purple",203,29,-11,"1.65","27.5",NA,"P",NA,"5.0",4.1,1,1,NA,"Y",NA,NA,NA,NA,NA,NA,1.65
"2792",2022-01-12,"SER",2021,2021-05-26,NA,"TM2","seep","6.5L",NA,NA,NA,NA,NA,NA,"purple",163,3,28,"3.11","38.0",NA,"P",NA,NA,NA,1,1,NA,"Y",NA,NA,NA,NA,NA,"Heavy herbivory; no flowers/fruits",3.11
"2793",2022-01-12,"SER",2021,2021-05-26,NA,"TM2","seep","6.5L",NA,NA,NA,NA,NA,NA,"purple",229,4,39,"3.19","29.5",NA,"P",NA,"11.0",7.2,2,2,NA,"Y",NA,NA,NA,NA,NA,"Mating grasshoppers on it",3.19
"2794",2022-01-12,"SER",2021,2021-05-26,NA,"TM2","seep","11.5R",NA,NA,NA,NA,NA,NA,"purple",202,0,-24,"2.95","49.4",NA,"P",NA,"27.0",8.9,1,1,NA,"Y",NA,NA,NA,NA,NA,NA,2.95
"2795",2022-01-12,"SER",2021,2021-05-26,NA,"TM2","seep","11.5R",NA,NA,NA,NA,NA,NA,"purple",171,1,-23,"2.63","52.5",NA,"P",NA,"32.0",7.6,1,1,NA,"Y",NA,NA,NA,NA,NA,NA,2.63
"2796",2022-01-12,"SER",2021,2021-05-26,NA,"TM2","seep","11.5R",NA,NA,NA,NA,NA,NA,"purple",170,2,-19,"1.23","36.0",NA,"P",NA,"4.0",8.9,1,1,NA,"Y",NA,NA,NA,NA,NA,NA,1.23
"2797",2022-01-12,"SER",2021,2021-05-26,NA,"TM2","seep","11.5R",NA,NA,NA,NA,NA,NA,"purple",167,4,-18,"2.46","51.0",NA,"P",NA,"28.0",8.6,1,1,NA,"Y",NA,NA,NA,NA,NA,NA,2.46
"2798",2022-01-12,"SER",2021,2021-05-26,NA,"TM2","seep","11.5R",NA,NA,NA,NA,NA,NA,"purple",223,21,-30,"4.86","57.5",NA,"P",NA,"48.0",10.2,1,1,NA,"Y",NA,NA,NA,NA,NA,NA,4.86
"2799",2022-01-12,"SER",2021,2021-05-26,NA,"TM2","seep","11.5R",NA,NA,NA,NA,NA,NA,"purple",220,25,-5,"3.73","68.0",NA,"P",NA,"56.0",11,1,1,NA,"Y",NA,NA,NA,NA,NA,NA,3.73
"2800",2022-01-12,"SER",2021,2021-05-26,NA,"TM2","seep","11.5L",NA,NA,NA,NA,NA,NA,"purple",226,30,0,"4.04","65.5",NA,"P",NA,"47.0",8.1,1,1,NA,"Y",NA,NA,NA,NA,NA,NA,4.04
"2801",2022-01-12,"SER",2021,2021-05-26,NA,"TM2","outcrp",NA,NA,NA,NA,NA,NA,NA,"yellow",26,NA,NA,NA,NA,NA,"X",NA,NA,NA,NA,NA,NA,NA,NA,NA,NA,NA,NA,NA,NA
"2802",2022-01-12,"SER",2021,2021-05-26,NA,"TM2","outcrp",NA,NA,NA,NA,NA,NA,NA,"blue",56,NA,NA,NA,NA,NA,NA,NA,NA,NA,NA,NA,NA,NA,NA,NA,NA,NA,NA,"missing; [Data entry—info on separate sheet from other outcrop data]",NA
"2803",2022-01-12,"SER",2021,2021-05-26,NA,"TM2","outcrp",NA,NA,NA,NA,NA,NA,NA,"blue",72,NA,NA,NA,NA,NA,"X",NA,NA,NA,NA,NA,NA,NA,NA,NA,NA,NA,NA,NA,NA
"2804",2022-01-12,"SER",2021,2021-05-26,NA,"TM2","outcrp",NA,NA,NA,NA,NA,NA,NA,"blue",652,NA,NA,"8.16","65.6",NA,"P","0.0","45.0",9.2,6,6,NA,"Y",NA,NA,NA,NA,NA,"[Data entry—info on separate sheet from other outcrop data]",8.16
"2805",2022-01-12,"SER",2021,2021-05-26,NA,"TM2","outcrp",NA,NA,NA,NA,NA,NA,NA,"blue",608,NA,NA,"4.3","54.2",NA,"P","0.0","9.0",7,1,1,NA,"Y",NA,NA,NA,NA,NA,"[Data entry—info on separate sheet from other outcrop data]",4.3
"2806",2022-01-12,"SER",2021,2021-05-26,NA,"TM2","outcrp",NA,NA,NA,NA,NA,NA,NA,"blue",63,NA,NA,NA,NA,NA,"X",NA,NA,NA,NA,NA,NA,NA,NA,NA,NA,NA,NA,NA,NA
"2807",2022-01-12,"SER",2021,2021-05-26,NA,"TM2","outcrp",NA,NA,NA,NA,NA,NA,NA,"blue",4,NA,NA,NA,NA,NA,"X",NA,NA,NA,NA,NA,NA,NA,NA,NA,NA,NA,NA,NA,NA
"2808",2022-01-12,"SER",2021,2021-05-26,NA,"TM2","outcrp",NA,NA,NA,NA,NA,NA,NA,"blue",604,NA,NA,NA,NA,NA,"X",NA,NA,NA,NA,NA,NA,NA,NA,NA,NA,NA,NA,NA,NA
"2809",2022-01-12,"SER",2021,2021-05-26,NA,"TM2","outcrp",NA,NA,NA,NA,NA,NA,NA,"blue",79,NA,NA,NA,NA,NA,"X",NA,NA,NA,NA,NA,NA,NA,NA,NA,NA,NA,NA,NA,NA
"2810",2022-01-12,"SER",2021,2021-05-26,NA,"TM2","outcrp",NA,NA,NA,NA,NA,NA,NA,"blue",90,NA,NA,NA,NA,NA,"X",NA,NA,NA,NA,NA,NA,NA,NA,NA,NA,NA,NA,"dead; [Data entry—info on separate sheet from other outcrop data]",NA
"2811",2022-01-12,"SER",2021,2021-05-26,NA,"TM2","outcrp",NA,NA,NA,NA,NA,NA,NA,"blue",768,NA,NA,"7.92","68.1",NA,"P","0.0","20.0",9,1,3,NA,"Y",NA,NA,NA,NA,NA,"2 broken; [Data entry—info on separate sheet from other outcrop data]",7.92
"2812",2022-01-12,"SER",2021,2021-05-26,NA,"TM2","outcrp",NA,NA,NA,NA,NA,NA,NA,"blue",76,NA,NA,"7.66","26.8",NA,"V",NA,NA,NA,0,2,"3.9","Y",NA,NA,NA,NA,NA,"[Data entry—info on separate sheet from other outcrop data]",7.66
"2813",2022-01-12,"SER",2021,2021-05-26,NA,"TM2","outcrp",NA,NA,NA,NA,NA,NA,NA,"blue",702,NA,NA,NA,NA,NA,NA,NA,NA,NA,NA,NA,NA,NA,NA,NA,NA,NA,NA,"not found; [Data entry—info on separate sheet from other outcrop data]",NA
"2814",2022-01-12,"SER",2021,2021-05-26,NA,"TM2","outcrp",NA,NA,NA,NA,NA,NA,NA,"blue",25,NA,NA,"6.22","51.5",NA,"P","0.0","20.0",7.4,3,6,NA,"Y",NA,NA,NA,NA,NA,"3 stems broken/herb; [Data entry—info on separate sheet from other outcrop data]",6.22
"2815",2022-01-12,"SER",2021,2021-05-26,NA,"TM2","outcrp",NA,NA,NA,NA,NA,NA,NA,"blue",33,NA,NA,"7.28","25.5",NA,"P","0.0","19.0",6.1,2,4,NA,"Y",NA,NA,NA,NA,NA,"2 broken; [Data entry—info on separate sheet from other outcrop data]",7.28
"2816",2022-01-12,"SER",2021,2021-05-26,NA,"TM2","outcrp",NA,NA,NA,NA,NA,NA,NA,"blue",34,NA,NA,"5.6","25.4",NA,"P","0.0","5.0",5.1,2,4,NA,"Y",NA,NA,NA,NA,NA,"[2 broken branches; Data entry—info on separate sheet from other outcrop data]",5.6
"2817",2022-01-12,"SER",2021,2021-05-26,NA,"TM2","outcrp",NA,NA,NA,NA,NA,NA,NA,"blue",8,NA,NA,NA,NA,NA,NA,NA,NA,NA,NA,NA,NA,NA,NA,NA,NA,NA,NA,"band loose no plant; [Data entry—info on separate sheet from other outcrop data]",NA
"2818",2022-01-12,"SER",2021,2021-05-26,NA,"TM2","outcrp",NA,NA,NA,NA,NA,NA,NA,"blue",95,NA,NA,NA,NA,NA,NA,NA,NA,NA,NA,NA,NA,NA,NA,NA,NA,NA,NA,"Could not find",NA
"2819",2022-01-12,"SER",2021,2021-05-26,NA,"TM2","outcrp",NA,NA,NA,NA,NA,NA,NA,"blue",46,NA,NA,NA,NA,NA,"X",NA,NA,NA,NA,NA,NA,NA,NA,NA,NA,NA,NA,NA,NA
"2820",2022-01-12,"SER",2021,2021-05-26,NA,"TM2","outcrp",NA,NA,NA,NA,NA,NA,NA,"blue",5,NA,NA,NA,NA,NA,"X",NA,NA,NA,NA,NA,NA,NA,NA,NA,NA,NA,NA,NA,NA
"2821",2022-01-12,"SER",2021,2021-05-26,NA,"TM2","outcrp",NA,NA,NA,NA,NA,NA,NA,"purple",4,NA,NA,"2.51","19.5",NA,"V","0.0","0.0",0,0,1,"4.0","1.0",NA,NA,NA,NA,NA,NA,2.51
"2822",2022-01-12,"SER",2021,2021-05-26,NA,"TM2","outcrp",NA,NA,NA,NA,NA,NA,NA,"purple",88,NA,NA,"2.51","16.4",NA,"V","0.0","0.0",0,0,1,"2.3","1.0",NA,NA,NA,NA,NA,NA,2.51
"2823",2022-01-12,"SER",2021,2021-05-26,NA,"TM2","outcrp",NA,NA,NA,NA,NA,NA,NA,"purple",60,NA,NA,"2.03","8.0",NA,"V","0.0","0.0",0,0,1,"2.4","1.0",NA,NA,NA,NA,NA,"Aphids",2.03
"2824",2022-01-12,"SER",2021,2021-05-26,NA,"TM2","outcrp",NA,NA,NA,NA,NA,NA,NA,"purple",1,NA,NA,"6.03","10.4",NA,"V",NA,NA,NA,0,2,"3.6","Y",NA,NA,NA,NA,NA,NA,6.03
"2825",2022-01-12,"SER",2021,2021-05-26,NA,"TM2","outcrp",NA,NA,NA,NA,NA,NA,NA,"purple",8,NA,NA,"1.63","8.5",NA,"V",NA,NA,NA,0,1,"2.1","Y",NA,NA,NA,NA,NA,NA,1.63
"2826",2022-01-12,"SER",2021,2021-05-26,NA,"TM2","outcrp",NA,NA,NA,NA,NA,NA,NA,"purple",7,NA,NA,"1.27","8.2",NA,"V",NA,NA,NA,0,1,"2.1","Y",NA,NA,NA,NA,NA,"[Data entry—""tcst/plot,"" ""quad,"" ""pick_color."" & ""sword_color"" boxes blank on original, but other data apparently matched handwriting and age so extrapolated from above rows on same sheet)",1.27
"2827",2022-01-12,"SER",2021,2021-05-26,NA,"TM2","seep","11.5L",NA,NA,NA,NA,NA,NA,"purple",200,43,4,"5.14","62.0",NA,"P",NA,"53.0",8.1,1,1,NA,"Y",NA,NA,NA,NA,NA,NA,5.14
"2828",2022-01-12,"SER",2021,2021-05-26,NA,"TM2","seep","11.5R",NA,NA,NA,NA,NA,NA,"purple",208,48,-17,"1.59","32.0",NA,"P",NA,"3.0",6.7,1,1,NA,"Y",NA,NA,NA,NA,NA,NA,1.59
"2829",2022-01-12,"SER",2021,2021-05-26,NA,"TM2","seep","11.5L",NA,NA,NA,NA,NA,NA,"purple",228,33,17,"2.19","35.5",NA,"P",NA,"11.0",7.5,1,1,NA,"Y",NA,NA,NA,NA,NA,NA,2.19
"2830",2022-01-12,"SER",2021,2021-05-26,NA,"TM2","seep","11.5R",NA,NA,NA,NA,NA,NA,"purple",206,45,-45,"2.2","47.5",NA,"P",NA,"17.0",8.6,1,1,NA,"Y",NA,NA,NA,NA,NA,NA,2.2
"2831",2022-01-12,"SER",2021,2021-05-26,NA,"TM2","seep","12.0R",NA,NA,NA,NA,NA,NA,"purple",157,1,-38,"3.26","48.0",NA,"P",NA,"14.0",6.6,1,1,NA,"Y",NA,NA,NA,NA,NA,NA,3.26
"2832",2022-01-12,"SER",2021,2021-05-26,NA,"TM2","seep","12.0R",NA,NA,NA,NA,NA,NA,"purple",165,16,-39,"4.35","53.0",NA,"P",NA,"28.0",8.9,1,1,NA,"Y",NA,NA,NA,NA,NA,NA,4.35
"2833",2022-01-12,"SER",2021,2021-05-26,NA,"TM2","seep","12.5L",NA,NA,NA,NA,NA,NA,"purple",209,7,17,"3.43","49.0",NA,"P",NA,"17.0",8.6,1,1,NA,"Y",NA,NA,NA,NA,NA,NA,3.43
"2834",2022-01-12,"SER",2021,2021-05-26,NA,"TM2","seep","12.5L",NA,NA,NA,NA,NA,NA,"purple",230,16,35,"4.23","58.5",NA,"P",NA,"70.0",9.9,1,1,NA,"Y",NA,NA,NA,NA,NA,NA,4.23
"2835",2022-01-12,"SER",2021,2021-05-26,NA,"TM2","seep","12.5L",NA,NA,NA,NA,NA,NA,"purple",166,49,4,"3.84","46.5",NA,"P",NA,"48.0",9.2,1,1,NA,"Y",NA,NA,NA,NA,NA,NA,3.84
"2836",2022-01-12,"SER",2021,2021-05-26,NA,"TM2","seep","13.0R",NA,NA,NA,NA,NA,NA,"purple",222,4,-3,"3.2","30.0",NA,"P",NA,"2.0",2.9,1,1,NA,"Y",NA,NA,NA,NA,NA,"Lots of herbivory",3.2
"2837",2022-01-12,"SER",2021,2021-05-26,NA,"TM2","seep","13.0R",NA,NA,NA,NA,NA,NA,"purple",224,26,-32,"5.63","68.0",NA,"P",NA,"114.0",8.7,1,1,NA,"Y",NA,NA,NA,NA,NA,NA,5.63
"2838",2022-01-12,"SER",2021,2021-05-26,NA,"TM2","seep","14.0R",NA,NA,NA,NA,NA,NA,"purple",61,NA,NA,NA,NA,NA,"X",NA,NA,NA,NA,NA,NA,NA,NA,NA,NA,NA,NA,"Dead stem",NA
"2839",2022-01-12,"SER",2021,2021-05-26,NA,"TM2","seep","14.0R",NA,NA,NA,NA,NA,NA,"purple",68,47,-26,"3.26","37.0",NA,"P",NA,"6.0",10,1,1,NA,"Y",NA,NA,NA,NA,NA,NA,3.26
"2840",2022-01-12,"SER",2021,2021-05-26,NA,"TM2","seep","15.0L",NA,NA,NA,NA,NA,NA,"purple",6,30,6,"2.99","30.0",NA,"P",NA,"7.0",7.8,1,2,NA,"Y",NA,NA,NA,NA,NA,"1 branch broken while measuring (@ spot very chewed)",2.99
"2841",NA,NA,2022,NA,NA,NA,"lower","3.5",NA,NA,NA,NA,NA,NA,"purple",156,40,50,NA,NA,NA,"X",NA,NA,NA,NA,NA,NA,NA,NA,NA,NA,NA,NA,NA,NA
"2842",NA,NA,2022,NA,NA,NA,"lower","3.5",NA,NA,NA,"red","green",NA,"white",63,50,20,"3.5","44.5",NA,"P",NA,"52.0",7.5,1,1,NA,"Y",NA,NA,NA,NA,NA,NA,3.5
"2843",NA,NA,2022,NA,NA,NA,"lower","3.5",NA,NA,NA,"red","green",NA,"white",262,25,20,"3.17","29.0",NA,"P",NA,"46.0",5.3,1,1,NA,"Y",NA,NA,NA,NA,NA,NA,3.17
"2844",NA,NA,2022,NA,NA,NA,"lower","4.0",NA,NA,NA,NA,NA,NA,"purple",154,46,32,NA,NA,NA,"X",NA,NA,NA,NA,NA,NA,"N",NA,NA,NA,NA,NA,NA,NA
"2845",NA,NA,2022,NA,NA,NA,"lower","4.0",NA,NA,NA,"red","blue",NA,"white",253,15,50,"1.29","17.5",NA,"S",NA,"4.0",4.5,1,1,NA,"N",NA,NA,NA,NA,NA,NA,1.29
"2846",NA,NA,2022,NA,NA,NA,"lower","4.0",NA,NA,NA,"red","silver",NA,"white",258,37,10,"3.16","32.9",NA,"P",NA,"28.0",7.2,1,1,NA,"Y",NA,NA,NA,NA,NA,NA,3.16
"2847",NA,NA,2022,NA,NA,NA,"lower","4.5",NA,NA,NA,"yellow","pink",NA,"white",259,48,49,"3.45","19.5",NA,"P",NA,"31.0",6,1,1,NA,"Y",NA,NA,NA,NA,NA,NA,3.45
"2848",NA,NA,2022,NA,NA,NA,"lower","5.0",NA,NA,NA,NA,NA,NA,"purple",159,11,20,NA,NA,NA,"X",NA,NA,NA,NA,NA,NA,"N",NA,NA,NA,NA,NA,"did not find",NA
"2849",NA,NA,2022,NA,NA,NA,"lower","5.0",NA,NA,NA,"red","blue",NA,"white",256,25,50,"3.27","29.0",NA,"P",NA,"26.0",5,1,1,NA,"N",NA,NA,NA,NA,NA,NA,3.27
"2850",NA,NA,2022,NA,NA,NA,"lower","5.0",NA,NA,NA,"red","orange",NA,"white",251,40,50,"3.88","29.0",NA,"P",NA,"60.0",5,1,1,NA,"Y",NA,NA,NA,NA,NA,NA,3.88
"2851",NA,NA,2022,NA,NA,NA,"lower","5.0",NA,NA,NA,"red","silver",NA,"white",260,5,2,"2.97","17.2",NA,"P",NA,"4.0",6.5,1,1,NA,"Y",NA,NA,NA,NA,NA,NA,2.97
"2852",NA,NA,2022,NA,NA,NA,"lower","5.0",NA,NA,NA,"red","silver",NA,"white",255,5,39,"1.69","14.0",NA,"P",NA,"14.0",5.6,1,1,NA,"Y",NA,NA,NA,NA,NA,NA,1.69
"2853",NA,NA,2022,NA,NA,NA,"lower","5.0",NA,NA,NA,"red","silver",NA,"white",254,30,50,"1.62","13.0",NA,"P",NA,"3.0",6,1,1,NA,"Y",NA,NA,NA,NA,NA,NA,1.62
"2854",NA,NA,2022,NA,NA,NA,"lower","5.0",NA,NA,NA,"red",NA,NA,"white",273,7,0,"1.85","19.1",NA,"P",NA,"2.0",2.2,1,1,NA,"Y",NA,NA,NA,NA,NA,NA,1.85
"2855",NA,NA,2022,NA,NA,NA,"lower","5.5",NA,NA,NA,NA,NA,NA,"purple",2,9,29,NA,NA,NA,"X",NA,NA,NA,NA,NA,NA,NA,NA,NA,NA,NA,NA,NA,NA
"2856",NA,NA,2022,NA,NA,NA,"lower","5.5",NA,NA,NA,NA,NA,NA,"purple",158,30,23,NA,NA,NA,"X",NA,NA,NA,NA,NA,NA,"N",NA,NA,NA,NA,NA,NA,NA
"2857",NA,NA,2022,NA,NA,NA,"lower","5.5",NA,NA,NA,NA,NA,NA,"purple",164,35,50,NA,NA,NA,"X",NA,NA,NA,NA,NA,NA,"N",NA,NA,NA,NA,NA,"did not find",NA
"2858",NA,NA,2022,NA,NA,NA,"lower","6.0",NA,NA,NA,NA,NA,NA,"purple",153,20,20,NA,NA,NA,"X",NA,NA,NA,NA,NA,NA,"N",NA,NA,NA,NA,NA,NA,NA
"2859",NA,NA,2022,NA,NA,NA,"lower","6.0",NA,NA,NA,NA,NA,NA,"purple",161,13,10,NA,NA,NA,"X",NA,NA,NA,NA,NA,NA,"N",NA,NA,NA,NA,NA,NA,NA
"2860",NA,NA,2022,NA,NA,NA,"lower","6.0",NA,NA,NA,"blue","pink",NA,"white",257,35,16,"3.39","25.0",NA,"P",NA,"13.0",6.5,1,1,NA,"Y",NA,NA,NA,NA,NA,NA,3.39
"2861",NA,NA,2022,NA,NA,NA,"lower","6.0",NA,NA,NA,"red","pink",NA,"white",261,0,18,"2.51","24.0",NA,"P",NA,"8.0",5,1,1,NA,"Y",NA,NA,NA,NA,NA,NA,2.51
"2862",NA,NA,2022,NA,NA,NA,"lower","6.0",NA,NA,NA,"red","pink",NA,"white",267,6,26,"3.22","28.0",NA,"P",NA,"30.0",5.5,1,1,NA,"Y",NA,NA,NA,NA,NA,NA,3.22
"2863",NA,NA,2022,NA,NA,NA,"lower","6.0",NA,NA,NA,"red","yellow",NA,"white",269,40,50,"4.93","16.0",NA,"P",NA,"45.0",6.5,1,1,NA,"Y",NA,NA,NA,NA,NA,NA,4.93
"2864",NA,NA,2022,NA,NA,NA,"lower","6.5",NA,NA,NA,"blue","silver",NA,NA,NA,NA,NA,NA,"7.9",NA,"B","0.0","0.0",NA,1,1,NA,"N",NA,NA,NA,NA,NA,NA,NA
"2865",NA,NA,2022,NA,NA,NA,"lower","6.5",NA,NA,NA,"red","orange",NA,"white",24,15,43,"2.57","26.4",NA,"P","0.0","11.0",8.1,1,1,NA,"N",NA,NA,NA,NA,NA,NA,2.57
"2866",NA,NA,2022,NA,NA,NA,"lower","6.5",NA,NA,NA,"red","orange",NA,"white",56,30,30,"1.64","17.0",NA,"P","0.0","9.0",5.7,1,1,NA,"Y",NA,NA,NA,NA,NA,NA,1.64
"2867",NA,NA,2022,NA,NA,NA,"lower","6.5",NA,NA,NA,"red","pink",NA,"white",45,30,50,"1.83","25.5",NA,"P","0.0","3.0",6,1,1,NA,"N",NA,NA,NA,NA,NA,NA,1.83
"2868",NA,NA,2022,NA,NA,NA,"lower","6.5",NA,NA,NA,"red","silver",NA,"white",271,12,30,"1.26","14.7",NA,"P","0.0","2.0",3.9,1,1,NA,"N",NA,NA,NA,NA,NA,NA,1.26
"2869",NA,NA,2022,NA,NA,NA,"lower","6.5",NA,NA,NA,"red","white",NA,"white",266,5,25,"2.22","27.0",NA,"P","0.0","13.0",6.4,1,1,NA,"Y",NA,NA,NA,NA,NA,NA,2.22
"2870",NA,NA,2022,NA,NA,NA,"lower","6.5",NA,NA,NA,"red","white",NA,"white",59,35,35,"2.31","32.0",NA,"P","0.0","14.0",7.8,1,1,NA,"Y",NA,NA,NA,NA,NA,NA,2.31
"2871",NA,NA,2022,NA,NA,NA,"lower","6.5",NA,NA,NA,"red","white",NA,"white",36,38,33,"2.05","22.0",NA,"P","0.0","11.0",6.4,1,1,NA,"N",NA,NA,NA,NA,NA,NA,2.05
"2872",NA,NA,2022,NA,NA,NA,"lower","6.5",NA,NA,NA,"yellow","white",NA,"white",28,48,30,"1.27","21.0",NA,"P","0.0","5.0",6,1,1,NA,"Y",NA,NA,NA,NA,NA,NA,1.27
"2873",NA,NA,2022,NA,NA,NA,"lower","7.0",NA,NA,NA,NA,NA,NA,"purple",377,45,10,NA,"N",NA,"X",NA,NA,NA,NA,NA,NA,NA,NA,NA,NA,NA,NA,NA,NA
"2874",NA,NA,2022,NA,NA,NA,"lower","7.0",NA,NA,NA,"red","pink",NA,"white",39,35,10,"1.04","10.0",NA,"P","0.0","2.0",4.5,1,1,NA,"Y",NA,NA,NA,NA,NA,NA,1.04
"2875",NA,NA,2022,NA,NA,NA,"lower","7.0",NA,NA,NA,"red","silver",NA,NA,NA,NA,NA,NA,"11.4",NA,"P","0.0","3.0",3.2,1,1,NA,"N",NA,NA,NA,NA,NA,NA,NA
"2876",NA,NA,2022,NA,NA,NA,"lower","7.0",NA,NA,NA,"red","silver",NA,NA,NA,NA,NA,NA,"8.0",NA,"P","0.0","1.0",4,1,1,NA,"N",NA,NA,NA,NA,NA,NA,NA
"2877",NA,NA,2022,NA,NA,NA,"lower","7.0",NA,NA,NA,"red","silver",NA,NA,NA,NA,NA,NA,"14.0",NA,"P",NA,"2.0",4,1,1,NA,"N",NA,NA,NA,NA,NA,NA,NA
"2878",NA,NA,2022,NA,NA,NA,"lower","7.0",NA,NA,NA,"red","silver",NA,NA,NA,NA,NA,NA,"11.0",NA,"P",NA,"2.0",5.2,1,1,NA,"N",NA,NA,NA,NA,NA,NA,NA
"2879",NA,NA,2022,NA,NA,NA,"lower","7.0",NA,NA,NA,"red","silver",NA,NA,NA,NA,NA,NA,"12.5",NA,"P",NA,"2.0",4.4,1,1,NA,"Y",NA,NA,NA,NA,NA,NA,NA
"2880",NA,NA,2022,NA,NA,NA,"lower","7.0",NA,NA,NA,"red","silver",NA,NA,NA,NA,NA,NA,"14.8",NA,"P",NA,"3.0",4.5,1,1,NA,"N",NA,NA,NA,NA,NA,NA,NA
"2881",NA,NA,2022,NA,NA,NA,"lower","7.0",NA,NA,NA,"red","white",NA,"white",20,36,36,"1.83","15.3",NA,"P","0.0","9.0",4.5,1,1,NA,"Y",NA,NA,NA,NA,NA,NA,1.83
"2882",NA,NA,2022,NA,NA,NA,"lower","7.0",NA,NA,NA,"red","white",NA,"white",104,29,45,"2.67","33.1",NA,"P","0.0","17.0",8.5,1,1,NA,"Y",NA,NA,NA,NA,NA,NA,2.67
"2883",NA,NA,2022,NA,NA,NA,"lower","7.0",NA,NA,NA,"red","white",NA,NA,NA,NA,NA,NA,"13.0",NA,"P",NA,"2.0",4.3,1,1,NA,"N",NA,NA,NA,NA,NA,NA,NA
"2884",NA,NA,2022,NA,NA,NA,"lower","7.0",NA,NA,NA,"red",NA,NA,NA,NA,NA,NA,NA,"5.4",NA,"P",NA,"1.0",1.3,1,1,NA,"N",NA,NA,NA,NA,NA,NA,NA
"2885",NA,NA,2022,NA,NA,NA,"lower","7.0",NA,NA,NA,"red",NA,NA,NA,NA,NA,NA,NA,"8.0",NA,"P",NA,"1.0",4,1,1,NA,"N",NA,NA,NA,NA,NA,NA,NA
"2886",NA,NA,2022,NA,NA,NA,"lower","7.5",NA,NA,NA,NA,NA,NA,"purple",4,2,12,NA,NA,NA,"X",NA,NA,NA,NA,NA,NA,NA,NA,NA,NA,NA,NA,NA,NA
"2887",NA,NA,2022,NA,NA,NA,"lower","7.5",NA,NA,NA,NA,NA,NA,"purple",6,1,8,NA,NA,NA,"X",NA,NA,NA,NA,NA,NA,NA,NA,NA,NA,NA,NA,NA,NA
"2888",NA,NA,2022,NA,NA,NA,"lower","7.5",NA,NA,NA,NA,NA,NA,"purple",40,25,35,NA,NA,NA,"X",NA,NA,NA,NA,NA,NA,NA,NA,NA,NA,NA,NA,NA,NA
"2889",NA,NA,2022,NA,NA,NA,"lower","7.5",NA,NA,NA,NA,NA,NA,"purple",54,8,50,NA,NA,NA,"X",NA,NA,NA,NA,NA,NA,NA,NA,NA,NA,NA,NA,NA,NA
"2890",NA,NA,2022,NA,NA,NA,"lower","7.5",NA,NA,NA,NA,NA,NA,"purple",67,0,49,NA,NA,NA,"X",NA,NA,NA,NA,NA,NA,NA,NA,NA,NA,NA,NA,NA,NA
"2891",NA,NA,2022,NA,NA,NA,"lower","7.5",NA,NA,NA,NA,NA,NA,"purple",86,35,50,NA,NA,NA,"X",NA,NA,NA,NA,NA,NA,NA,NA,NA,NA,NA,NA,NA,NA
"2892",NA,NA,2022,NA,NA,NA,"lower","7.5",NA,NA,NA,NA,NA,NA,"purple",486,3,40,NA,NA,NA,"X",NA,NA,NA,NA,NA,NA,NA,NA,NA,NA,NA,NA,NA,NA
"2893",NA,NA,2022,NA,NA,NA,"lower","7.5",NA,NA,NA,NA,NA,NA,"purple",589,7,50,NA,NA,NA,"X",NA,NA,NA,NA,NA,NA,NA,NA,NA,NA,NA,NA,NA,NA
"2894",NA,NA,2022,NA,NA,NA,"lower","7.5",NA,NA,NA,NA,NA,NA,"purple",660,12,24,NA,NA,NA,"X",NA,NA,NA,NA,NA,NA,NA,NA,NA,NA,NA,NA,NA,NA
"2895",NA,NA,2022,NA,NA,NA,"lower","7.5",NA,NA,NA,NA,NA,NA,"purple",768,41,46,NA,NA,NA,"X",NA,NA,NA,NA,NA,NA,NA,NA,NA,NA,NA,NA,NA,NA
"2896",NA,NA,2022,NA,NA,NA,"lower","7.5",NA,NA,NA,NA,NA,NA,"purple",840,50,27,NA,NA,NA,"X",NA,NA,NA,NA,NA,NA,NA,NA,NA,NA,NA,NA,NA,NA
"2897",NA,NA,2022,NA,NA,NA,"lower","7.5",NA,NA,NA,NA,NA,NA,"purple",884,5,2,NA,NA,NA,"X",NA,NA,NA,NA,NA,NA,NA,NA,NA,NA,NA,NA,NA,NA
"2898",NA,NA,2022,NA,NA,NA,"lower","7.5",NA,NA,NA,NA,NA,NA,"purple",999,29,13,NA,NA,NA,"X",NA,NA,NA,NA,NA,NA,NA,NA,NA,NA,NA,NA,NA,NA
"2899",NA,NA,2022,NA,NA,NA,"lower","7.5",NA,NA,NA,"red","orange",NA,"white",534,49,18,"1.67","13.2",NA,"P","0.0","12.0",4.3,1,1,NA,"Y",NA,NA,NA,NA,NA,NA,1.67
"2900",NA,NA,2022,NA,NA,NA,"lower","7.5",NA,NA,NA,"red","orange",NA,"white",587,38,13,"2.84","22.1",NA,"P","0.0","28.0",6.7,1,1,NA,"Y",NA,NA,NA,NA,NA,NA,2.84
"2901",NA,NA,2022,NA,NA,NA,"lower","7.5",NA,NA,NA,"red","orange",NA,"white",678,45,50,"3.39","32.1",NA,"P","0.0","20.0",8.1,1,1,NA,"Y",NA,NA,NA,NA,NA,NA,3.39
"2902",NA,NA,2022,NA,NA,NA,"lower","7.5",NA,NA,NA,"red","pink",NA,NA,NA,NA,NA,NA,"9.6",NA,"P",NA,"2.0",2,1,1,NA,"N",NA,NA,NA,NA,NA,NA,NA
"2903",NA,NA,2022,NA,NA,NA,"lower","7.5",NA,NA,NA,"red","pink",NA,NA,NA,NA,NA,NA,"14.3",NA,"P",NA,"5.0",4.2,1,1,NA,"Y",NA,NA,NA,NA,NA,NA,NA
"2904",NA,NA,2022,NA,NA,NA,"lower","7.5",NA,NA,NA,"red","pink",NA,NA,NA,NA,NA,NA,"10.5",NA,"P",NA,"2.0",3,1,1,NA,"N",NA,NA,NA,NA,NA,NA,NA
"2905",NA,NA,2022,NA,NA,NA,"lower","7.5",NA,NA,NA,"red","pink",NA,"white",429,37,39,"1.08","13.1",NA,"P","0.0","3.0",4.8,1,1,NA,"N",NA,NA,NA,NA,NA,NA,1.08
"2906",NA,NA,2022,NA,NA,NA,"lower","7.5",NA,NA,NA,"red","silver",NA,NA,NA,NA,NA,NA,"9.3",NA,"P",NA,"1.0",2.5,1,1,NA,"Y",NA,NA,NA,NA,NA,NA,NA
"2907",NA,NA,2022,NA,NA,NA,"lower","7.5",NA,NA,NA,"red","silver",NA,"white",747,46,49,"1.35","17.3",NA,"P","0.0","3.0",5.1,1,1,NA,"Y",NA,NA,NA,NA,NA,NA,1.35
"2908",NA,NA,2022,NA,NA,NA,"lower","7.5",NA,NA,NA,"red","silver",NA,NA,NA,NA,NA,"0.93","9.9",NA,"P","0.0","2.0",2.9,1,1,NA,"N",NA,NA,NA,NA,NA,NA,0.5
"2909",NA,NA,2022,NA,NA,NA,"lower","7.5",NA,NA,NA,"red","white",NA,NA,NA,NA,NA,NA,"16.5",NA,"P",NA,"4.0",4,1,1,NA,"Y",NA,NA,NA,NA,NA,NA,NA
"2910",NA,NA,2022,NA,NA,NA,"lower","7.5",NA,NA,NA,"red","white",NA,NA,NA,NA,NA,NA,"11.5",NA,"P",NA,"2.0",4,1,1,NA,"N",NA,NA,NA,NA,NA,NA,NA
"2911",NA,NA,2022,NA,NA,NA,"lower","7.5",NA,NA,NA,"red","white",NA,"white",533,45,16,"1.21","17.1",NA,"P","0.0","4.0",4.6,1,1,NA,"Y",NA,NA,NA,NA,NA,NA,1.21
"2912",NA,NA,2022,NA,NA,NA,"lower","7.5",NA,NA,NA,"red","white",NA,"white",684,21,21,"1.65","21.7",NA,"P","0.0","6.0",7.2,1,1,NA,"Y",NA,NA,NA,NA,NA,NA,1.65
"2913",NA,NA,2022,NA,NA,NA,"lower","7.5",NA,NA,NA,"red","white",NA,"white",497,9,26,"2.84","22.1",NA,"P","0.0","7.0",7,1,1,NA,"Y",NA,NA,NA,NA,NA,"broken stem",2.84
"2914",NA,NA,2022,NA,NA,NA,"lower","7.5",NA,NA,NA,"red","white",NA,NA,NA,NA,NA,NA,"13.0",NA,"P",NA,"4.0",4.5,1,1,NA,"Y",NA,NA,NA,NA,NA,NA,NA
"2915",NA,NA,2022,NA,NA,NA,"lower","7.5",NA,NA,NA,"red","white",NA,"white",680,37,39,"1.39","11.5",NA,"P","0.0","4.0",3.6,1,1,NA,"N",NA,NA,NA,NA,NA,NA,1.39
"2916",NA,NA,2022,NA,NA,NA,"lower","7.5",NA,NA,NA,"red",NA,NA,NA,NA,NA,NA,NA,"9.5",NA,"P",NA,NA,NA,NA,1,NA,NA,NA,NA,NA,NA,NA,NA,NA
"2917",NA,NA,2022,NA,NA,NA,"lower","7.5",NA,NA,NA,"red",NA,NA,NA,NA,NA,NA,NA,"3.9",NA,"V",NA,NA,NA,NA,1,"1.3",NA,NA,NA,NA,NA,NA,NA,NA
"2918",NA,NA,2022,NA,NA,NA,"lower","7.5",NA,NA,NA,"red",NA,NA,NA,NA,NA,NA,NA,"11.0",NA,"B",NA,NA,NA,1,1,NA,"Y",NA,NA,NA,NA,NA,NA,NA
"2919",NA,NA,2022,NA,NA,NA,"lower","7.5",NA,NA,NA,"red",NA,NA,NA,NA,NA,NA,NA,"5.5",NA,"B",NA,NA,NA,1,1,NA,"Y",NA,NA,NA,NA,NA,NA,NA
"2920",NA,NA,2022,NA,NA,NA,"lower","7.5",NA,NA,NA,"yellow","silver",NA,NA,NA,NA,NA,NA,"9.5",NA,"P",NA,"2.0",2.5,1,1,NA,"Y",NA,NA,NA,NA,NA,NA,NA
"2921",NA,NA,2022,NA,NA,NA,"lower","8.0",NA,NA,NA,NA,NA,NA,"purple",64,25,35,NA,NA,NA,"X",NA,NA,NA,NA,NA,NA,NA,NA,NA,NA,NA,NA,NA,NA
"2922",NA,NA,2022,NA,NA,NA,"lower","8.0",NA,NA,NA,NA,NA,NA,"purple",70,0,50,NA,NA,NA,"X",NA,NA,NA,NA,NA,NA,NA,NA,NA,NA,NA,NA,NA,NA
"2923",NA,NA,2022,NA,NA,NA,"lower","8.0",NA,NA,NA,NA,NA,NA,"purple",75,16,45,NA,NA,NA,"X",NA,NA,NA,NA,NA,NA,NA,NA,NA,NA,NA,NA,NA,NA
"2924",NA,NA,2022,NA,NA,NA,"lower","8.0",NA,NA,NA,NA,NA,NA,"purple",93,20,29,NA,NA,NA,"X",NA,NA,NA,NA,NA,NA,NA,NA,NA,NA,NA,NA,NA,NA
"2925",NA,NA,2022,NA,NA,NA,"lower","8.0",NA,NA,NA,NA,NA,NA,"purple",658,39,21,NA,NA,NA,"X",NA,NA,NA,NA,NA,NA,NA,NA,NA,NA,NA,NA,NA,NA
"2926",NA,NA,2022,NA,NA,NA,"lower","8.0",NA,NA,NA,NA,NA,NA,"purple",888,38,50,NA,NA,NA,"X",NA,NA,NA,NA,NA,NA,NA,NA,NA,NA,NA,NA,NA,NA
"2927",NA,NA,2022,NA,NA,NA,"lower","8.0",NA,NA,NA,"red","silver",NA,NA,NA,27,30,"1.36","9.7",NA,"P","0.0","2.0",2.8,1,1,NA,"Y",NA,NA,NA,NA,NA,NA,1.36
"2928",NA,NA,2022,NA,NA,NA,"lower","8.0",NA,NA,NA,"red","silver",NA,NA,NA,30,45,"1.51","12.8",NA,"P","0.0","2.0",2.5,1,1,NA,"Y",NA,NA,NA,NA,NA,NA,1.51
"2929",NA,NA,2022,NA,NA,NA,"lower","8.0",NA,NA,NA,"red","silver",NA,NA,NA,10,50,"1.63","25.5",NA,"P","0.0","4.0",5.7,1,1,NA,"Y",NA,NA,NA,NA,NA,NA,1.63
"2930",NA,NA,2022,NA,NA,NA,"lower","8.0",NA,NA,NA,"red","white",NA,NA,NA,33,18,"1.82","25.0",NA,"P","0.0","9.0",5.2,1,1,NA,"Y",NA,NA,NA,NA,NA,NA,1.82
"2931",NA,NA,2022,NA,NA,NA,"lower","8.0",NA,NA,NA,"red",NA,NA,NA,NA,NA,NA,"0.78","8.3",NA,"P","0.0","1.0",1.9,1,1,NA,"N",NA,NA,NA,NA,NA,NA,0.5
"2932",NA,NA,2022,NA,NA,NA,"lower","8.0",NA,NA,NA,"red",NA,NA,NA,NA,NA,NA,"0.69","2.6",NA,"B","0.0","0.0",NA,1,1,NA,"Y",NA,NA,NA,NA,NA,NA,0.5
"2933",NA,NA,2022,NA,NA,NA,"lower","8.0",NA,NA,NA,"yellow",NA,NA,NA,NA,NA,NA,"0.74","7.3",NA,"F","1.0","0.0",NA,1,1,NA,"Y",NA,NA,NA,NA,NA,NA,0.5
"2934",NA,NA,2022,NA,NA,NA,"lower","7.5",NA,NA,NA,"red",NA,NA,NA,NA,NA,NA,NA,NA,NA,"X",NA,NA,NA,NA,NA,NA,NA,NA,NA,NA,NA,NA,NA,NA
"2935",NA,NA,2022,NA,NA,NA,"lower","7.5",NA,NA,NA,"red",NA,NA,"white",436,50,48,"1.27","13.9",NA,"P","0.0","3.0",3.6,1,1,NA,"Y",NA,NA,NA,NA,NA,NA,1.27
"2936",NA,NA,2022,NA,NA,NA,"lower","8.5",NA,NA,NA,NA,NA,NA,"purple",766,5,29,NA,NA,NA,"X",NA,NA,NA,NA,NA,NA,NA,NA,NA,NA,NA,NA,NA,NA
"2937",NA,NA,2022,NA,NA,NA,"lower","8.5",NA,NA,NA,"blue","silver",NA,"white",988,0,23,"1.11","11.2",NA,"P","0.0","3.0",4.2,1,1,NA,"Y",NA,NA,NA,NA,NA,NA,1.11
"2938",NA,NA,2022,NA,NA,NA,"lower","8.5",NA,NA,NA,"blue","silver",NA,NA,NA,NA,NA,"0.8","12.1",NA,"P","0.0","1.0",2.8,1,1,NA,"Y",NA,NA,NA,NA,NA,NA,0.5
"2939",NA,NA,2022,NA,NA,NA,"lower","8.5",NA,NA,NA,"blue","silver",NA,"white",986,0,25,"1.3","15.2",NA,"P","0.0","1.0",3.4,1,1,NA,"Y",NA,NA,NA,NA,NA,NA,1.3
"2940",NA,NA,2022,NA,NA,NA,"lower","8.5",NA,NA,NA,"red","orange",NA,NA,NA,NA,NA,"1.7","15.4",NA,"S","0","11",4.6,1,1,NA,"Y",NA,NA,NA,NA,NA,"no band because pheno = S",1.7
"2941",NA,NA,2022,NA,NA,NA,"lower","8.5",NA,NA,NA,"red","orange",NA,NA,NA,NA,NA,"1.67","14.0",NA,"S","0.0","10.0",4.9,1,NA,NA,NA,NA,NA,NA,NA,NA,NA,1.67
"2942",NA,NA,2022,NA,NA,NA,"lower","8.5",NA,NA,NA,"red","pink",NA,NA,NA,NA,NA,"0.95","6.8",NA,"X","0.0","0.0",NA,1,NA,NA,"N",NA,NA,NA,NA,NA,NA,0.5
"2943",NA,NA,2022,NA,NA,NA,"lower","8.5",NA,NA,NA,"red","pink",NA,"white",934,42,50,"1.41","15.5",NA,"P","0.0","6.0",4.2,1,1,NA,"Y",NA,NA,NA,NA,NA,NA,1.41
"2944",NA,NA,2022,NA,NA,NA,"lower","8.5",NA,NA,NA,"red","silver",NA,"white",948,0,6,"1.2","14.7",NA,"P","0.0","2.0",3.9,1,1,NA,"Y",NA,NA,NA,NA,NA,NA,1.2
"2945",NA,NA,2022,NA,NA,NA,"lower","8.5",NA,NA,NA,"red","silver",NA,NA,NA,NA,NA,"0.7","8.6",NA,"P","0.0","2.0",1.8,1,1,NA,"Y",NA,NA,NA,NA,NA,NA,0.5
"2946",NA,NA,2022,NA,NA,NA,"lower","8.5",NA,NA,NA,"red","white",NA,"white",938,18,24,"1.57","16.1",NA,"P","0.0","4.0",4.2,1,1,NA,"Y",NA,NA,NA,NA,NA,NA,1.57
"2947",NA,NA,2022,NA,NA,NA,"lower","8.5",NA,NA,NA,"red","white",NA,"white",937,4,50,"2.57","17.1",NA,"P","0.0","10.0",4.2,1,1,NA,"Y",NA,NA,NA,NA,NA,NA,2.57
"2948",NA,NA,2022,NA,NA,NA,"lower","8.5",NA,NA,NA,"red","yellow",NA,"white",985,31,50,"2.02","16.5",NA,"P","0.0","13.0",5.7,1,1,NA,"Y",NA,NA,NA,NA,NA,NA,2.02
"2949",NA,NA,2022,NA,NA,NA,"lower","8.5",NA,NA,NA,"red","yellow",NA,"white",955,50,40,"1.87","3.0",NA,"V","0.0","0.0",NA,0,2,"1.1","Y",NA,NA,NA,NA,NA,NA,1.87
"2950",NA,NA,2022,NA,NA,NA,"lower","8.5",NA,NA,NA,"red",NA,NA,NA,NA,NA,NA,NA,NA,NA,"X",NA,NA,NA,NA,NA,NA,NA,NA,NA,NA,NA,NA,NA,NA
"2951",NA,NA,2022,NA,NA,NA,"lower","8.5",NA,NA,NA,"red",NA,NA,NA,NA,NA,NA,"0.87","2.6",NA,"V","0.0","0.0",NA,NA,1,"1.0",NA,NA,NA,NA,NA,NA,NA,0.5
"2952",NA,NA,2022,NA,NA,NA,"lower","8.5",NA,NA,NA,"red",NA,NA,NA,NA,NA,NA,"0.83","2.2",NA,"V","0.0","0.0",NA,NA,1,"1.3",NA,NA,NA,NA,NA,NA,NA,0.5
"2953",NA,NA,2022,NA,NA,NA,"lower","8.5",NA,NA,NA,"yellow","pink",NA,"white",975,12,28,"1.4","12.0",NA,"P","0.0","3.0",3.5,1,1,NA,"Y",NA,NA,NA,NA,NA,NA,1.4
"2954",NA,NA,2022,NA,NA,NA,"lower","8.5",NA,NA,NA,"yellow",NA,NA,NA,NA,NA,NA,"0.56","2.2",NA,"X",NA,NA,NA,NA,1,NA,NA,NA,NA,NA,NA,NA,NA,0.5
"2955",NA,NA,2022,NA,NA,NA,"lower","9.0",NA,NA,NA,NA,NA,NA,"purple",846,32,10,NA,NA,NA,"X",NA,NA,NA,NA,NA,NA,NA,NA,NA,NA,NA,NA,NA,NA
"2956",NA,NA,2022,NA,NA,NA,"lower","9.0",NA,NA,NA,"red","orange",NA,"white",545,41,9,"3.06","20.2",NA,"P","0.0","19.0",6,1,1,NA,"Y",NA,NA,NA,NA,NA,NA,3.06
"2957",NA,NA,2022,NA,NA,NA,"lower","9.0",NA,NA,NA,"red","pink",NA,NA,NA,NA,NA,"1.35","11.6",NA,"X",NA,NA,NA,NA,1,NA,"N",NA,NA,NA,NA,NA,NA,1.35
"2958",NA,NA,2022,NA,NA,NA,"lower","9.0",NA,NA,NA,"red","silver",NA,"white",974,32,6,"1.58","18.2",NA,"P","0.0","5.0",5,1,1,NA,"Y",NA,NA,NA,NA,NA,NA,1.58
"2959",NA,NA,2022,NA,NA,NA,"lower","9.0",NA,NA,NA,"red","silver",NA,"white",834,32,6,"1.91","18.0",NA,"P","0.0","9.0",5.2,1,1,NA,"Y",NA,NA,NA,NA,NA,NA,1.91
"2960",NA,NA,2022,NA,NA,NA,"lower","9.0",NA,NA,NA,"red","silver",NA,"white",833,19,50,"1.58","9.0",NA,"P","0.0","4.0",3.8,1,1,NA,"Y",NA,NA,NA,NA,NA,NA,1.58
"2961",NA,NA,2022,NA,NA,NA,"lower","9.0",NA,NA,NA,"red","white",NA,"white",821,23,52,"1.73","17.4",NA,"P","0.0","5.0",5.7,1,1,NA,"Y",NA,NA,NA,NA,NA,NA,1.73
"2962",NA,NA,2022,NA,NA,NA,"lower","9.5",NA,NA,NA,"red","pink",NA,NA,NA,NA,NA,"0.93","11.0",NA,"P","0","2",3.6,1,1,NA,"N",NA,NA,NA,NA,NA,NA,0.5
"2963",NA,NA,2022,NA,NA,NA,"lower","9.5",NA,NA,NA,"red","pink",NA,NA,NA,NA,NA,"0.94","9.1",NA,"P","0","1",2.4,1,1,NA,"Y",NA,NA,NA,NA,NA,NA,0.5
"2964",NA,NA,2022,NA,NA,NA,"lower","9.5",NA,NA,NA,"red","white",NA,"white",805,12,29,"2.19","26.4",NA,"P","0","5",4.8,1,1,NA,"Y",NA,NA,NA,NA,NA,NA,2.19
"2965",NA,NA,2022,NA,NA,NA,"lower","9.5",NA,NA,NA,"red","white",NA,"white",814,8,29,"1.71","21.6",NA,"P","0","2",5,1,1,NA,"Y",NA,NA,NA,NA,NA,NA,1.71
"2966",NA,NA,2022,NA,NA,NA,"lower","10.0",NA,NA,NA,NA,NA,NA,"purple",857,35,50,NA,NA,NA,"X",NA,NA,NA,NA,NA,NA,NA,NA,NA,NA,NA,NA,NA,NA
"2967",NA,NA,2022,NA,NA,NA,"lower","10.0",NA,NA,NA,"red","orange",NA,"white",953,31,42,"3.63","34.5",NA,"P","0.0","24.0",8.1,1,1,NA,"Y",NA,NA,NA,NA,NA,NA,3.63
"2968",NA,NA,2022,NA,NA,NA,"lower","10.0",NA,NA,NA,"red","pink",NA,NA,NA,NA,NA,"0.97","12.7",NA,"P","0.0","1.0",3.1,1,1,NA,"N",NA,NA,NA,NA,NA,NA,0.5
"2969",NA,NA,2022,NA,NA,NA,"lower","10.0",NA,NA,NA,"red","pink",NA,"white",903,43,40,"1.5","21.0",NA,"P","0.0","2.0",6,1,1,NA,"Y",NA,NA,NA,NA,NA,NA,1.5
"2970",NA,NA,2022,NA,NA,NA,"lower","10.0",NA,NA,NA,"red","pink",NA,"white",977,50,35,"1.43","19.4",NA,"P","0.0","4.0",3.8,1,1,NA,"Y",NA,NA,NA,NA,NA,NA,1.43
"2971",NA,NA,2022,NA,NA,NA,"lower","10.0",NA,NA,NA,"red","pink",NA,"white",816,10,50,"1.17","14.0",NA,"P","0.0","2.0",2.5,1,1,NA,"Y",NA,NA,NA,NA,NA,NA,1.17
"2972",NA,NA,2022,NA,NA,NA,"lower","10.0",NA,NA,NA,"red","silver",NA,NA,NA,NA,NA,"0.84","4.6",NA,"P","0.0","1.0",1.7,1,1,NA,"N",NA,NA,NA,NA,NA,NA,0.5
"2973",NA,NA,2022,NA,NA,NA,"lower","10.0",NA,NA,NA,"red","silver",NA,NA,NA,NA,NA,"0.93","9.1",NA,"P","0.0","1.0",2.9,1,1,NA,"N",NA,NA,NA,NA,NA,NA,0.5
"2974",NA,NA,2022,NA,NA,NA,"lower","10.0",NA,NA,NA,"red","silver",NA,NA,NA,NA,NA,"0.85","6.6",NA,"P","0.0","1.0",1.7,1,1,NA,"Y",NA,NA,NA,NA,NA,NA,0.5
"2975",NA,NA,2022,NA,NA,NA,"lower","10.0",NA,NA,NA,"red","white",NA,"white",953,33,8,"1.46","18.5",NA,"P","0.0","2.0",5.6,1,1,NA,"Y",NA,NA,NA,NA,NA,NA,1.46
"2976",NA,NA,2022,NA,NA,NA,"lower","10.0",NA,NA,NA,"red","white",NA,NA,NA,NA,NA,"0.91","14.8",NA,"P","0.0","2.0",2.6,1,1,NA,"N",NA,NA,NA,NA,NA,NA,0.5
"2977",NA,NA,2022,NA,NA,NA,"lower","10.0",NA,NA,NA,"red","white",NA,"white",870,28,42,"1.25","13.2",NA,"P","0.0","3.0",2.8,1,1,NA,"N",NA,NA,NA,NA,NA,NA,1.25
"2978",NA,NA,2022,NA,NA,NA,"lower","10.0",NA,NA,NA,"red","white",NA,"white",930,8,50,"1.38","18.6",NA,"P","0.0","3.0",4.7,1,1,NA,"Y",NA,NA,NA,NA,NA,NA,1.38
"2979",NA,NA,2022,NA,NA,NA,"lower","10.0",NA,NA,NA,"red","white",NA,"white",908,7,52,"2.18","21.7",NA,"P","0.0","11.0",5.7,1,1,NA,"Y",NA,NA,NA,NA,NA,NA,2.18
"2980",NA,NA,2022,NA,NA,NA,"lower","10.0",NA,NA,NA,"red",NA,NA,"white",904,11,44,"1.0","5.1",NA,"B","0.0",NA,NA,1,1,NA,"Y",NA,NA,NA,NA,NA,NA,1
"2981",NA,NA,2022,NA,NA,NA,"lower","10.0",NA,NA,NA,"red",NA,NA,NA,NA,NA,NA,"0.67","1.8",NA,"V","0.0",NA,NA,0,1,"1.6","Y",NA,NA,NA,NA,NA,NA,0.5
"2982",NA,NA,2022,NA,NA,NA,"lower","10.0",NA,NA,NA,"red",NA,NA,NA,NA,NA,NA,"0.94","3.6",NA,"P","0.0","1.0",0.4,1,1,NA,"Y",NA,NA,NA,NA,NA,NA,0.5
"2983",NA,NA,2022,NA,NA,NA,"lower","10.5",NA,NA,NA,NA,NA,NA,"purple",864,10,35,NA,NA,NA,"X",NA,NA,NA,NA,NA,NA,NA,NA,NA,NA,NA,NA,NA,NA
"2984",NA,NA,2022,NA,NA,NA,"lower","10.5",NA,NA,NA,"red","orange",NA,"white",102,42,46,"1.38","17.1",NA,"P","0.0","3.0",5.1,1,1,NA,"N",NA,NA,NA,NA,NA,NA,1.38
"2985",NA,NA,2022,NA,NA,NA,"lower","10.5",NA,NA,NA,"red","pink",NA,"white",55,14,29,"1.25","13.1",NA,"P","0.0","2.0",4.5,1,1,NA,"N",NA,NA,NA,NA,NA,NA,1.25
"2986",NA,NA,2022,NA,NA,NA,"lower","10.5",NA,NA,NA,"red","silver",NA,"white",52,16,26,"1.04","10.6",NA,"P","0.0","2.0",2.7,1,1,NA,"Y",NA,NA,NA,NA,NA,NA,1.04
"2987",NA,NA,2022,NA,NA,NA,"lower","10.5",NA,NA,NA,"red","silver",NA,"white",48,34,40,"1.53","14.9",NA,"P","0.0","3.0",2.9,1,1,NA,"N",NA,NA,NA,NA,NA,NA,1.53
"2988",NA,NA,2022,NA,NA,NA,"lower","10.5",NA,NA,NA,"red","silver",NA,NA,NA,NA,NA,"0.76","5.5",NA,"P","0.0","1.0",1,1,1,NA,"N",NA,NA,NA,NA,NA,NA,0.5
"2989",NA,NA,2022,NA,NA,NA,"lower","10.5",NA,NA,NA,"red","silver",NA,NA,NA,NA,NA,"0.76","3.4",NA,"P","0.0","1.0",1.3,1,1,NA,"N",NA,NA,NA,NA,NA,NA,0.5
"2990",NA,NA,2022,NA,NA,NA,"lower","10.5",NA,NA,NA,"red","white",NA,"white",58,26,6,"1.64","22.3",NA,"P","0.0","5.0",5.1,1,1,NA,"N",NA,NA,NA,NA,NA,NA,1.64
"2991",NA,NA,2022,NA,NA,NA,"lower","10.5",NA,NA,NA,"red","white",NA,"white",50,14,29,"1.32","8.2",NA,"P","0.0","4.0",4.5,1,1,NA,"N",NA,NA,NA,NA,NA,NA,1.32
"2992",NA,NA,2022,NA,NA,NA,"lower","10.5",NA,NA,NA,"yellow","silver",NA,"white",46,20,56,"1.61","24.5",NA,"P","0.0","4.0",5.2,1,1,NA,"N",NA,NA,NA,NA,NA,"above plot",1.61
"2993",NA,NA,2022,NA,NA,NA,"lower","11.0",NA,NA,NA,"red","orange",NA,"white",57,9,49,"1.4","16.3",NA,"P","0.0","4.0",4.1,1,1,NA,"N",NA,NA,NA,NA,NA,NA,1.4
"2994",NA,NA,2022,NA,NA,NA,"lower","11.0",NA,NA,NA,"red","pink",NA,"white",105,4,20,"1.07","11.0",NA,"P","0.0","3.0",2.6,1,1,NA,"N",NA,NA,NA,NA,NA,NA,1.07
"2995",NA,NA,2022,NA,NA,NA,"lower","11.0",NA,NA,NA,"red","white",NA,"white",34,28,30,"2.74","25.2",NA,"P","0.0","17.0",6,1,1,NA,"Y",NA,NA,NA,NA,NA,NA,2.74
"2996",NA,NA,2022,NA,NA,NA,"lower","11.0",NA,NA,NA,"red","white",NA,"white",42,20,20,"1.42","14.0",NA,"P","0.0","3.0",4.2,1,1,NA,"Y",NA,NA,NA,NA,NA,NA,1.42
"2997",NA,NA,2022,NA,NA,NA,"lower","11.0",NA,NA,NA,"red","white",NA,"white",103,32,20,"1.8","20.4",NA,"P","0.0","15.0",4.6,1,1,NA,"Y",NA,NA,NA,NA,NA,NA,1.8
"2998",NA,NA,2022,NA,NA,NA,"lower","11.5",NA,NA,NA,"red","white",NA,"white",49,30,30,"2.2","23.9",NA,"P","0.0","14.0",6.7,1,1,NA,"Y",NA,NA,NA,NA,NA,NA,2.2
"2999",NA,NA,2022,NA,NA,NA,"lower","12.5",NA,NA,NA,NA,NA,NA,"purple",654,16,50,NA,NA,NA,NA,"0.0",NA,NA,NA,NA,NA,NA,NA,NA,NA,NA,NA,"Does not exist, likely 546 in 11.0",NA
"3000",NA,NA,2022,NA,NA,NA,"lower","12.5",NA,NA,NA,"red","pink",NA,"white",40,39,42,"1.59","17.8",NA,"P","0.0","2.0",4.5,1,1,NA,"N",NA,NA,NA,NA,NA,NA,1.59
"3001",NA,NA,2022,NA,NA,NA,"lower","12.5",NA,NA,NA,"red","white",NA,"white",47,44,26,"1.95","24.6",NA,"P","0.0","6.0",6.1,1,1,NA,"N",NA,NA,NA,NA,NA,NA,1.95
"3002",NA,NA,2022,NA,NA,NA,"lower","11.0",NA,NA,NA,NA,NA,NA,"purple",546,NA,NA,NA,NA,NA,"X",NA,NA,NA,NA,NA,NA,NA,NA,NA,NA,NA,NA,NA,NA
"3003",NA,NA,2022,NA,NA,NA,"lower","14.0",NA,NA,NA,NA,NA,NA,"purple",845,36,11,NA,NA,NA,"X",NA,NA,NA,NA,NA,NA,"N",NA,NA,NA,NA,NA,NA,NA
"3004",NA,NA,2022,NA,NA,NA,"lower","14.0",NA,NA,NA,NA,NA,NA,"purple",888,33,2,NA,NA,NA,"X",NA,NA,NA,NA,NA,NA,"N",NA,NA,NA,NA,NA,NA,NA
"3005",NA,NA,2022,NA,NA,NA,"lower","14.0",NA,NA,NA,"red","orange",NA,"white",250,10,20,"1.07","13.0",NA,"P","0.0","2.0",4.8,1,1,NA,"Y",NA,NA,NA,NA,NA,"aphids",1.07
"3006",NA,NA,2022,NA,NA,NA,"lower","14.0",NA,NA,NA,"red","orange",NA,"white",202,31,19,"1.35","15.4",NA,"P","0.0","3.0",4.8,1,1,NA,"N",NA,NA,NA,NA,NA,NA,1.35
"3007",NA,NA,2022,NA,NA,NA,"lower","14.0",NA,NA,NA,"red","pink",NA,"white",44,1,2,"1.42","14.1",NA,"P","0.0","5.0",4,1,1,NA,"N",NA,NA,NA,NA,NA,NA,1.42
"3008",NA,NA,2022,NA,NA,NA,"lower","14.0",NA,NA,NA,"red","pink",NA,"white",210,26,16,"1.1","11.4",NA,"P","0.0","2.0",3.3,1,1,NA,"N",NA,NA,NA,NA,NA,NA,1.1
"3009",NA,NA,2022,NA,NA,NA,"lower","14.0",NA,NA,NA,"red","pink",NA,"white",25,50,7,"1.24","18.7",NA,"P","0.0","3.0",5.5,1,1,NA,"N",NA,NA,NA,NA,NA,NA,1.24
"3010",NA,NA,2022,NA,NA,NA,"lower","14.0",NA,NA,NA,"red","silver",NA,NA,NA,NA,NA,"0.83","8.2",NA,"P","0.0","1.0",1.8,1,1,NA,"N",NA,NA,NA,NA,NA,NA,0.5
"3011",NA,NA,2022,NA,NA,NA,"lower","14.0",NA,NA,NA,"red","silver",NA,"white",204,45,8,"1.2","12.6",NA,"P","0.0","4.0",3.4,1,1,NA,"Y",NA,NA,NA,NA,NA,NA,1.2
"3012",NA,NA,2022,NA,NA,NA,"lower","14.0",NA,NA,NA,"red","silver",NA,NA,NA,NA,NA,"0.95","7.0",NA,"P","0.0","1.0",2,1,1,NA,"Y",NA,NA,NA,NA,NA,NA,0.5
"3013",NA,NA,2022,NA,NA,NA,"lower","14.0",NA,NA,NA,"red","silver",NA,NA,NA,NA,NA,"0.85","7.0",NA,"P","0.0","1.0",1.3,1,1,NA,"N",NA,NA,NA,NA,NA,NA,0.5
"3014",NA,NA,2022,NA,NA,NA,"lower","14.0",NA,NA,NA,"red","white",NA,"white",201,13,13,"3.02","25.1",NA,"P","0.0","26.0",6.7,1,1,NA,"Y",NA,NA,NA,NA,NA,NA,3.02
"3015",NA,NA,2022,NA,NA,NA,"lower","14.0",NA,NA,NA,"red","white",NA,"white",205,50,13,"1.62","18.8",NA,"P","0.0","2.0",5.2,1,1,NA,"Y",NA,NA,NA,NA,NA,NA,1.62
"3016",NA,NA,2022,NA,NA,NA,"lower","14.0",NA,NA,NA,"red","white",NA,"white",208,48,12,"1.67","25.0",NA,"P","0.0","4.0",6.5,1,1,NA,"Y",NA,NA,NA,NA,NA,NA,1.67
"3017",NA,NA,2022,NA,NA,NA,"lower","14.0",NA,NA,NA,"red","yellow",NA,"white",211,26,20,"2.31","25.4",NA,"P","0.0","12.0",7.7,1,1,NA,"Y",NA,NA,NA,NA,NA,"aphids",2.31
"3018",NA,NA,2022,NA,NA,NA,"lower","14.0",NA,NA,NA,"red",NA,NA,NA,NA,NA,NA,NA,NA,NA,"X",NA,NA,NA,NA,NA,NA,NA,NA,NA,NA,NA,NA,NA,NA
"3019",NA,NA,2022,NA,NA,NA,"lower","14.0",NA,NA,NA,"red",NA,NA,NA,NA,NA,NA,"0.83","3.0",NA,"B","0.0","0.0",0,1,1,NA,"Y",NA,NA,NA,NA,NA,NA,0.5
"3020",NA,NA,2022,NA,NA,NA,"lower","14.0",NA,NA,NA,"white",NA,NA,NA,NA,NA,NA,NA,NA,NA,"X",NA,NA,NA,NA,NA,NA,NA,NA,NA,NA,NA,NA,NA,NA
"3021",NA,NA,2022,NA,NA,NA,"lower","14.5",NA,NA,NA,NA,NA,NA,"purple",337,40,20,NA,NA,NA,"X",NA,NA,NA,NA,NA,NA,NA,NA,NA,NA,NA,NA,NA,NA
"3022",NA,NA,2022,NA,NA,NA,"lower","14.5",NA,NA,NA,NA,NA,NA,"purple",347,40,2,NA,NA,NA,"X",NA,NA,NA,NA,NA,NA,NA,NA,NA,NA,NA,NA,NA,NA
"3023",NA,NA,2022,NA,NA,NA,"lower","14.5",NA,NA,NA,NA,NA,NA,"purple",378,40,20,NA,NA,NA,"X",NA,NA,NA,NA,NA,NA,NA,NA,NA,NA,NA,NA,NA,NA
"3024",NA,NA,2022,NA,NA,NA,"lower","14.5",NA,NA,NA,NA,NA,NA,"purple",397,0,49,NA,NA,NA,"X",NA,NA,NA,NA,NA,NA,NA,NA,NA,NA,NA,NA,NA,NA
"3025",NA,NA,2022,NA,NA,NA,"lower","14.5",NA,NA,NA,"red","orange",NA,"white",519,11,50,"1.13","18.0",NA,"P","0.0","3.0",4.3,1,1,NA,"N",NA,NA,NA,NA,NA,NA,1.13
"3026",NA,NA,2022,NA,NA,NA,"lower","14.5",NA,NA,NA,"red","pink",NA,"white",514,43,22,"1.17","19.5",NA,"P","0.0","2.0",5.2,1,1,NA,"N",NA,NA,NA,NA,NA,NA,1.17
"3027",NA,NA,2022,NA,NA,NA,"lower","14.5",NA,NA,NA,"red","pink",NA,NA,NA,NA,NA,"0.82","13.2",NA,"P","0.0","2.0",3.1,1,1,NA,"N",NA,NA,NA,NA,NA,NA,0.5
"3028",NA,NA,2022,NA,NA,NA,"lower","14.5",NA,NA,NA,"red","pink",NA,"white",252,49,25,"1.08","16.7",NA,"P","0.0","2.0",4.2,1,1,NA,"N",NA,NA,NA,NA,NA,NA,1.08
"3029",NA,NA,2022,NA,NA,NA,"lower","14.5",NA,NA,NA,"red","silver",NA,"white",4,32,8,"1.3","14.4",NA,"P","0.0","2.0",4.9,1,1,NA,"Y",NA,NA,NA,NA,NA,NA,1.3
"3030",NA,NA,2022,NA,NA,NA,"lower","14.5",NA,NA,NA,"red","silver",NA,"white",270,44,28,"1.17","13.7",NA,"P","0.0","1.0",4.5,1,1,NA,"N",NA,NA,NA,NA,NA,NA,1.17
"3031",NA,NA,2022,NA,NA,NA,"lower","14.5",NA,NA,NA,"red","white",NA,"white",206,28,8,"1.82","19.2",NA,"P","0.0","3.0",5.1,1,1,NA,"Y",NA,NA,NA,NA,NA,NA,1.82
"3032",NA,NA,2022,NA,NA,NA,"lower","14.5",NA,NA,NA,"red","white",NA,"white",207,17,14,"1.58","23.3",NA,"P","0.0","4.0",5.1,1,1,NA,"N",NA,NA,NA,NA,NA,NA,1.58
"3033",NA,NA,2022,NA,NA,NA,"lower","14.5",NA,NA,NA,"red",NA,NA,NA,NA,NA,NA,"0.69","5.8",NA,"F","1.0","0.0",NA,1,1,NA,"Y",NA,NA,NA,NA,NA,NA,0.5
"3034",NA,NA,2022,NA,NA,NA,"lower","14.5",NA,NA,NA,"red",NA,NA,"white",517,27,17,"1.16","8.7",NA,"P","1.0","1.0",1.6,1,1,NA,"N",NA,NA,NA,NA,NA,NA,1.16
"3035",NA,NA,2022,NA,NA,NA,"lower","14.5",NA,NA,NA,"red",NA,NA,NA,NA,NA,NA,"0.78","3.1",NA,"V",NA,NA,NA,NA,1,NA,"N",NA,NA,NA,NA,NA,NA,0.5
"3036",NA,NA,2022,NA,NA,NA,"lower","14.5",NA,NA,NA,"red",NA,NA,NA,NA,NA,NA,"0.71","3.6",NA,"B",NA,NA,NA,1,1,NA,"Y",NA,NA,NA,NA,NA,NA,0.5
"3037",NA,NA,2022,NA,NA,NA,"lower","14.5",NA,NA,NA,"yellow",NA,NA,NA,NA,NA,NA,"0.75","3.2",NA,"B","0.0","0.0",NA,1,1,NA,"Y",NA,NA,NA,NA,NA,NA,0.5
"3038",NA,NA,2022,NA,NA,NA,"lower","15.0",NA,NA,NA,NA,NA,NA,"purple",394,10,50,NA,NA,NA,"X",NA,NA,NA,NA,NA,NA,NA,NA,NA,NA,NA,NA,NA,NA
"3039",NA,NA,2022,NA,NA,NA,"lower","15.0",NA,NA,NA,NA,NA,NA,"purple",587,20,1,NA,NA,NA,"X",NA,NA,NA,NA,NA,NA,NA,NA,NA,NA,NA,NA,NA,NA
"3040",NA,NA,2022,NA,NA,NA,"lower","15.0",NA,NA,NA,"red","orange",NA,"white",513,10,9,"2.03","20.2",NA,"P","0.0","10.0",5.7,1,1,NA,"Y",NA,NA,NA,NA,NA,NA,2.03
"3041",NA,NA,2022,NA,NA,NA,"lower","15.0",NA,NA,NA,"red","orange",NA,"white",203,6,12,"1.43","21.5",NA,"P","0.0","4.0",5.7,1,1,NA,NA,NA,NA,NA,NA,NA,NA,1.43
"3042",NA,NA,2022,NA,NA,NA,"lower","15.0",NA,NA,NA,"red","orange",NA,"white",516,25,15,"1.45","18.1",NA,"P","0.0","6.0",6.2,1,1,NA,NA,NA,NA,NA,NA,NA,NA,1.45
"3043",NA,NA,2022,NA,NA,NA,"lower","15.0",NA,NA,NA,"red","orange",NA,"white",518,48,27,"2.24","21.7",NA,"P","0.0","9.0",6.4,1,1,NA,"Y",NA,NA,NA,NA,NA,NA,2.24
"3044",NA,NA,2022,NA,NA,NA,"lower","15.0",NA,NA,NA,"red","pink",NA,"white",76,33,6,"1.81","19.2",NA,"P","0.0","2.0",5.8,1,1,NA,"Y",NA,NA,NA,NA,NA,NA,1.81
"3045",NA,NA,2022,NA,NA,NA,"lower","15.0",NA,NA,NA,"red","pink",NA,NA,NA,NA,NA,"0.9","10.0",NA,"P","0.0","1.0",3,1,1,NA,"Y",NA,NA,NA,NA,NA,NA,0.5
"3046",NA,NA,2022,NA,NA,NA,"lower","15.0",NA,NA,NA,"red","pink",NA,"white",693,6,5,"1.5","21.0",NA,"P","0.0","4.0",5.8,1,1,NA,"Y",NA,NA,NA,NA,NA,NA,1.5
"3047",NA,NA,2022,NA,NA,NA,"lower","15.0",NA,NA,NA,"red","pink",NA,NA,NA,NA,NA,"0.51","4.2",NA,"P","0.0","1.0",1.9,1,1,NA,"N",NA,NA,NA,NA,NA,NA,0.5
"3048",NA,NA,2022,NA,NA,NA,"lower","15.0",NA,NA,NA,"red","pink",NA,NA,NA,NA,NA,"0.95",NA,NA,"X","0.0","0.0",NA,1,1,NA,"Y",NA,NA,NA,NA,NA,"broken stem",0.5
"3049",NA,NA,2022,NA,NA,NA,"lower","15.0",NA,NA,NA,"red","pink",NA,NA,NA,NA,NA,"0.78","16.9",NA,"P","0.0","2.0",3.8,1,1,NA,"Y",NA,NA,NA,NA,NA,NA,0.5
"3050",NA,NA,2022,NA,NA,NA,"lower","15.0",NA,NA,NA,"red","pink",NA,"white",897,42,22,"1.28","12.2",NA,"P","0.0","1.0",4,1,1,NA,"N",NA,NA,NA,NA,NA,"broken stem",1.28
"3051",NA,NA,2022,NA,NA,NA,"lower","15.0",NA,NA,NA,"red","pink",NA,NA,NA,NA,NA,"0.72","8.6",NA,"P","0.0","2.0",2.1,1,1,NA,"N",NA,NA,NA,NA,NA,NA,0.5
"3052",NA,NA,2022,NA,NA,NA,"lower","15.0",NA,NA,NA,"red","silver",NA,"white",512,37,11,"1.92","15.5",NA,"P","0.0","2.0",4.4,1,1,NA,"Y",NA,NA,NA,NA,NA,NA,1.92
"3053",NA,NA,2022,NA,NA,NA,"lower","15.0",NA,NA,NA,"red","silver",NA,NA,NA,NA,NA,"0.92","11.0",NA,"P","0.0","2.0",3.2,1,1,NA,"N",NA,NA,NA,NA,NA,NA,0.5
"3054",NA,NA,2022,NA,NA,NA,"lower","15.0",NA,NA,NA,"red","silver",NA,"white",520,4,19,"1.6","14.5",NA,"P","0.0","1.0",3.4,1,1,NA,"Y",NA,NA,NA,NA,NA,"broken stem",1.6
"3055",NA,NA,2022,NA,NA,NA,"lower","15.0",NA,NA,NA,"red","silver",NA,NA,NA,NA,NA,"0.69","12.0",NA,"S","0.0","1.0",1.6,1,1,NA,"N",NA,NA,NA,NA,NA,NA,0.5
"3056",NA,NA,2022,NA,NA,NA,"lower","15.0",NA,NA,NA,"red","silver",NA,NA,NA,NA,NA,"0.89","6.2",NA,"B","0.0","0.0",NA,1,1,NA,"Y",NA,NA,NA,NA,NA,NA,0.5
"3057",NA,NA,2022,NA,NA,NA,"lower","15.0",NA,NA,NA,"red","white",NA,"white",272,10,10,"1.34","20.0",NA,"P","0.0","3.0",5.1,1,1,NA,"Y",NA,NA,NA,NA,NA,NA,1.34
"3058",NA,NA,2022,NA,NA,NA,"lower","15.0",NA,NA,NA,"red","white",NA,"white",515,44,0,"1.41","16.5",NA,"P","0.0","4.0",5.4,1,1,NA,"Y",NA,NA,NA,NA,NA,NA,1.41
"3059",NA,NA,2022,NA,NA,NA,"lower","15.0",NA,NA,NA,"red","white",NA,"white",209,14,27,"1.2","18.6",NA,"P","0.0","4.0",4.5,1,1,NA,"N",NA,NA,NA,NA,NA,NA,1.2
"3060",NA,NA,2022,NA,NA,NA,"lower","15.0",NA,NA,NA,"red","white",NA,"white",70,6,23,"1.59","19.9",NA,"P","0.0","8.0",4.9,1,1,NA,"N",NA,NA,NA,NA,NA,NA,1.59
"3061",NA,NA,2022,NA,NA,NA,"lower","15.0",NA,NA,NA,"red","white",NA,"white",265,46,19,"1.47","13.2",NA,"P","0.0","2.0",5.9,1,1,NA,"Y",NA,NA,NA,NA,NA,NA,1.47
"3062",NA,NA,2022,NA,NA,NA,"lower","15.0",NA,NA,NA,"red","white",NA,"white",510,35,32,"1.77","25.2",NA,"P","0.0","5.0",8.1,1,1,NA,"Y",NA,NA,NA,NA,NA,NA,1.77
"3063",NA,NA,2022,NA,NA,NA,"lower","15.0",NA,NA,NA,"red","yellow",NA,"white",264,46,32,"1.66","18.8",NA,"P","0.0","4.0",6.1,1,1,NA,"N",NA,NA,NA,NA,NA,NA,1.66
"3064",NA,NA,2022,NA,NA,NA,"lower","15.0",NA,NA,NA,"red","silver",NA,NA,NA,NA,NA,"0.78","7.0",NA,"B","0.0","0.0",NA,1,1,NA,"N",NA,NA,NA,NA,NA,NA,0.5
"3065",NA,NA,2022,NA,NA,NA,"lower","15.0",NA,NA,NA,"yellow","white",NA,NA,NA,NA,NA,"0.86","12.2",NA,"P","0.0","2.0",2.7,1,1,NA,"N",NA,NA,NA,NA,NA,NA,0.5
"3066",NA,NA,2022,NA,NA,NA,"lower","15.5",NA,NA,NA,NA,NA,NA,"purple",355,49,41,NA,NA,NA,"X",NA,NA,NA,NA,NA,NA,NA,NA,NA,NA,NA,NA,NA,NA
"3067",NA,NA,2022,NA,NA,NA,"lower","15.5",NA,NA,NA,NA,NA,NA,"purple",534,15,1,NA,NA,NA,"X",NA,NA,NA,NA,NA,NA,NA,NA,NA,NA,NA,NA,NA,NA
"3068",NA,NA,2022,NA,NA,NA,"lower","15.5",NA,NA,NA,NA,NA,NA,"purple",577,0,37,NA,NA,NA,"X",NA,NA,NA,NA,NA,NA,NA,NA,NA,NA,NA,NA,NA,NA
"3069",NA,NA,2022,NA,NA,NA,"lower","15.5",NA,NA,NA,NA,NA,NA,"purple",588,45,44,NA,NA,NA,"X",NA,NA,NA,NA,NA,NA,NA,NA,NA,NA,NA,NA,NA,NA
"3070",NA,NA,2022,NA,NA,NA,"lower","15.5",NA,NA,NA,NA,NA,NA,"purple",599,40,23,NA,NA,NA,"X",NA,NA,NA,NA,NA,NA,NA,NA,NA,NA,NA,NA,NA,NA
"3071",NA,NA,2022,NA,NA,NA,"lower","15.5",NA,NA,NA,"red","pink",NA,NA,NA,NA,NA,"1.32","13.5",NA,"S","0.0","2.0",5.3,1,1,NA,"N",NA,NA,NA,NA,NA,"not banded because pheno = S",1.32
"3072",NA,NA,2022,NA,NA,NA,"lower","15.5",NA,NA,NA,"red","pink",NA,"white",5,45,15,"1.1","18.0",NA,"P","0.0","4.0",4.3,1,1,NA,"N",NA,NA,NA,NA,NA,NA,1.1
"3073",NA,NA,2022,NA,NA,NA,"lower","15.5",NA,NA,NA,"red","pink",NA,"white",511,42,19,"1.23","23.9",NA,"P","0.0","4.0",7.2,1,1,NA,"N",NA,NA,NA,NA,NA,NA,1.23
"3074",NA,NA,2022,NA,NA,NA,"lower","15.5",NA,NA,NA,"red","pink",NA,"white",378,16,47,"1.5","23.5",NA,"P","0.0","5.0",6.6,1,1,NA,"N",NA,NA,NA,NA,NA,NA,1.5
"3075",NA,NA,2022,NA,NA,NA,"lower","15.5",NA,NA,NA,"red","silver",NA,"white",685,11,23,"1.03","15.5",NA,"P","0.0","1.0",3.3,1,1,NA,"Y",NA,NA,NA,NA,NA,NA,1.03
"3076",NA,NA,2022,NA,NA,NA,"lower","15.5",NA,NA,NA,"red","silver",NA,NA,NA,NA,NA,"0.71","6.0",NA,"B","0.0","0.0",NA,1,1,NA,"N",NA,NA,NA,NA,NA,NA,0.5
"3077",NA,NA,2022,NA,NA,NA,"lower","15.5",NA,NA,NA,"red","white",NA,"white",634,12,36,"1.07","10.9",NA,"P","0.0","2.0",4,1,1,NA,"Y",NA,NA,NA,NA,NA,NA,1.07
"3078",NA,NA,2022,NA,NA,NA,"lower","15.5",NA,NA,NA,"red","white",NA,"white",654,16,47,"2.04","24.4",NA,"P","0.0","21.0",6.9,1,1,NA,"Y",NA,NA,NA,NA,NA,NA,2.04
"3079",NA,NA,2022,NA,NA,NA,"lower","15.5",NA,NA,NA,"red",NA,NA,NA,NA,NA,NA,"0.66","0.8",NA,"V",NA,NA,NA,0,1,"0.6","N",NA,NA,NA,NA,NA,NA,0.5
"3080",NA,NA,2022,NA,NA,NA,"lower","15.5",NA,NA,NA,"yellow","pink",NA,NA,NA,NA,NA,"0.9","14.1",NA,"P","0.0","2.0",3.3,1,1,NA,"N",NA,NA,NA,NA,NA,NA,0.5
"3081",NA,NA,2022,NA,NA,NA,"lower","15.5",NA,NA,NA,"yellow","silver",NA,NA,NA,NA,NA,"0.91","11.1",NA,"P","1.0","2.0",4.2,1,1,NA,"Y",NA,NA,NA,NA,NA,NA,0.5
"3082",NA,NA,2022,NA,NA,NA,"lower","15.5",NA,NA,NA,"yellow","silver",NA,NA,NA,NA,NA,"0.83","8.2",NA,"P","0.0","1.0",2.5,1,1,NA,"N",NA,NA,NA,NA,NA,NA,0.5
"3083",NA,NA,2022,NA,NA,NA,"lower","15.5",NA,NA,NA,"yellow","silver",NA,"white",1,36,50,"1.09","17.8",NA,"P","0.0","3.0",4.5,1,1,NA,"N",NA,NA,NA,NA,NA,NA,1.09
"3084",NA,NA,2022,NA,NA,NA,"lower","15.5",NA,NA,NA,"yellow",NA,NA,NA,NA,NA,NA,"0.51","7.9",NA,"X","0.0","0.0",NA,1,1,NA,"Y",NA,NA,NA,NA,NA,NA,0.5
"3085",NA,NA,2022,NA,NA,NA,"lower","16.0",NA,NA,NA,NA,NA,NA,"purple",538,5,33,NA,NA,NA,"X",NA,NA,NA,NA,NA,NA,NA,NA,NA,NA,NA,NA,NA,NA
"3086",NA,NA,2022,NA,NA,NA,"lower","16.0",NA,NA,NA,"red","pink",NA,NA,NA,NA,NA,"1.24","16.2",NA,"S","0.0","6.0",5.3,1,1,NA,"Y",NA,NA,NA,NA,NA,"not banded because pheno = S",1.24
"3087",NA,NA,2022,NA,NA,NA,"lower","16.0",NA,NA,NA,"red","silver",NA,"white",421,6,49,"1.11","16.6",NA,"P","0.0","1.0",3.4,1,1,NA,"Y",NA,NA,NA,NA,NA,NA,1.11
"3088",NA,NA,2022,NA,NA,NA,"lower","16.0",NA,NA,NA,"red","white",NA,"white",603,17,8,"2.68","32.9",NA,"P","0.0","17.0",7.2,1,1,NA,"Y",NA,NA,NA,NA,NA,NA,2.68
"3089",NA,NA,2022,NA,NA,NA,"lower","16.0",NA,NA,NA,"yellow","orange",NA,"white",387,31,18,"4.1","35.8",NA,"P","0.0","38.0",8.4,1,1,NA,"Y",NA,NA,NA,NA,NA,NA,4.1
"3090",NA,NA,2022,NA,NA,NA,"lower","16.0",NA,NA,NA,"yellow","pink",NA,"white",605,31,18,"1.06","12.2",NA,"P","0.0","1.0",1.3,1,1,NA,"Y",NA,NA,NA,NA,NA,NA,1.06
"3091",NA,NA,2022,NA,NA,NA,"lower","16.5",NA,NA,NA,NA,NA,NA,"purple",366,43,34,NA,NA,NA,"X",NA,NA,NA,NA,NA,NA,NA,NA,NA,NA,NA,NA,NA,NA
"3092",NA,NA,2022,NA,NA,NA,"lower","16.5",NA,NA,NA,NA,NA,NA,"purple",448,30,48,NA,NA,NA,"X",NA,NA,NA,NA,NA,NA,NA,NA,NA,NA,NA,NA,NA,NA
"3093",NA,NA,2022,NA,NA,NA,"lower","16.5",NA,NA,NA,"red","orange",NA,"white",733,50,20,"2.02","23.1",NA,"P","0.0","15.0",7.3,1,1,NA,"Y",NA,NA,NA,NA,NA,NA,2.02
"3094",NA,NA,2022,NA,NA,NA,"lower","17.0",NA,NA,NA,NA,NA,NA,"purple",205,3,13,NA,NA,NA,"X",NA,NA,NA,NA,NA,NA,NA,NA,NA,NA,NA,NA,NA,NA
"3095",NA,NA,2022,NA,NA,NA,"lower","17.0",NA,NA,NA,NA,NA,NA,"purple",874,40,49,NA,NA,NA,"X",NA,NA,NA,NA,NA,NA,NA,NA,NA,NA,NA,NA,NA,NA
"3096",NA,NA,2022,NA,NA,NA,"lower","17.0",NA,NA,NA,"red","silver",NA,"white",607,44,47,"1.75","19.7",NA,"P","0.0","3.0",4.9,1,1,NA,"Y",NA,NA,NA,NA,NA,NA,1.75
"3097",NA,NA,2022,NA,NA,NA,"lower","17.0",NA,NA,NA,"red","white",NA,"white",363,46,48,"2.12","30.0",NA,"P","0.0","6.0",5.7,1,1,NA,"Y",NA,NA,NA,NA,NA,NA,2.12
"3098",NA,NA,2022,NA,NA,NA,"lower","17.0",NA,NA,NA,"red","white",NA,"white",674,NA,NA,"1.42","21.0",NA,"P","0.0","5.0",6.3,1,1,NA,"N",NA,NA,NA,NA,NA,NA,1.42
"3099",NA,NA,2022,NA,NA,NA,"lower","17.5",NA,NA,NA,NA,NA,NA,"purple",101,16,47,NA,NA,NA,"X",NA,NA,NA,NA,NA,NA,NA,NA,NA,NA,NA,NA,NA,NA
"3100",NA,NA,2022,NA,NA,NA,"lower","17.5",NA,NA,NA,NA,NA,NA,"purple",102,4,5,NA,NA,NA,"X",NA,NA,NA,NA,NA,NA,NA,NA,NA,NA,NA,NA,NA,NA
"3101",NA,NA,2022,NA,NA,NA,"lower","17.5",NA,NA,NA,NA,NA,NA,"purple",151,18,46,NA,NA,NA,"X",NA,NA,NA,NA,NA,NA,NA,NA,NA,NA,NA,NA,NA,NA
"3102",NA,NA,2022,NA,NA,NA,"lower","17.5",NA,NA,NA,NA,NA,NA,"purple",155,15,30,NA,NA,NA,"X",NA,NA,NA,NA,NA,NA,NA,NA,NA,NA,NA,NA,NA,NA
"3103",NA,NA,2022,NA,NA,NA,"lower","17.5",NA,NA,NA,NA,NA,NA,"purple",162,33,41,NA,NA,NA,"X",NA,NA,NA,NA,NA,NA,NA,NA,NA,NA,NA,NA,NA,NA
"3104",NA,NA,2022,NA,NA,NA,"lower","17.5",NA,NA,NA,NA,NA,NA,"purple",169,15,45,NA,NA,NA,"X",NA,NA,NA,NA,NA,NA,NA,NA,NA,NA,NA,NA,NA,NA
"3105",NA,NA,2022,NA,NA,NA,"lower","17.5",NA,NA,NA,NA,NA,NA,"purple",204,3,39,NA,NA,NA,"X",NA,NA,NA,NA,NA,NA,NA,NA,NA,NA,NA,NA,NA,NA
"3106",NA,NA,2022,NA,NA,NA,"lower","17.5",NA,NA,NA,"red","orange",NA,NA,NA,NA,NA,"3.35","28.9",NA,"S","0.0","23.0",6.1,1,1,NA,"N",NA,NA,NA,NA,NA,"no band because pheno = S",3.35
"3107",NA,NA,2022,NA,NA,NA,"lower","17.5",NA,NA,NA,"red","silver",NA,"white",345,50,31,"1.05","11.9",NA,"P","0.0","3.0",3,1,1,NA,"N",NA,NA,NA,NA,NA,NA,1.05
"3108",NA,NA,2022,NA,NA,NA,"lower","17.5",NA,NA,NA,"red","silver",NA,"white",680,30,38,"1.61","14.6",NA,"P","0.0","3.0",4.4,1,1,NA,"Y",NA,NA,NA,NA,NA,NA,1.61
"3109",NA,NA,2022,NA,NA,NA,"lower","18.0",NA,NA,NA,"red","white",NA,"white",604,27,10,"1.5","18.2",NA,"P","0.0","6.0",6.3,1,1,NA,"Y",NA,NA,NA,NA,NA,NA,1.5
"3110",NA,NA,2022,NA,NA,NA,"lower","18.0",NA,NA,NA,"yellow","silver",NA,"white",487,0,5,"1.21","11.5",NA,"P","0.0","2.0",3.1,1,1,NA,"N",NA,NA,NA,NA,NA,NA,1.21
"3111",NA,NA,2022,NA,NA,NA,"lower","18.5",NA,NA,NA,"orange",NA,NA,NA,NA,NA,NA,"0.86","3.1",NA,"B","0.0","0.0",NA,1,1,NA,"N",NA,NA,NA,NA,NA,NA,0.5
"3112",NA,NA,2022,NA,NA,NA,"lower","18.5",NA,NA,NA,"red","silver",NA,"white",897,39,34,"1.32","16.1",NA,"P","0.0","2.0",4.6,1,1,NA,"N",NA,NA,NA,NA,NA,NA,1.32
"3113",NA,NA,2022,NA,NA,NA,"lower","18.5",NA,NA,NA,"red","white",NA,"white",657,25,22,"2.45","33.6",NA,"P","0.0","13.0",7.1,1,1,NA,"Y",NA,NA,NA,NA,NA,NA,2.45
"3114",NA,NA,2022,NA,NA,NA,"lower","18.5",NA,NA,NA,"red","white",NA,"white",880,30,7,"2.42","32.6",NA,"P","0.0","12.0",6,1,1,NA,"Y",NA,NA,NA,NA,NA,NA,2.42
"3115",NA,NA,2022,NA,NA,NA,"lower","18.5",NA,NA,NA,"yellow","silver",NA,NA,NA,NA,NA,"0.54","9.1",NA,"P","0.0","1.0",2.2,1,1,NA,"N",NA,NA,NA,NA,NA,NA,0.5
"3116",NA,NA,2022,NA,NA,NA,"lower","18.5",NA,NA,NA,"yellow","white",NA,"white",834,50,19,"1.47","17.6",NA,"P","0.0","4.0",5.7,1,1,NA,"Y",NA,NA,NA,NA,NA,NA,1.47
"3117",NA,NA,2022,NA,NA,NA,"lower","18.5",NA,NA,NA,"yellow",NA,NA,NA,NA,NA,NA,"0.68","6.6",NA,"P","0.0","1.0",2.4,1,1,NA,"N",NA,NA,NA,NA,NA,NA,0.5
"3118",NA,NA,2022,NA,NA,NA,"upper","2.5",NA,NA,NA,"red","pink",NA,NA,NA,NA,NA,"<1","11.0",NA,"P","0.0","2.0",4,1,1,NA,"N",NA,NA,NA,NA,NA,NA,0.5
"3119",NA,NA,2022,NA,NA,NA,"upper","2.5",NA,NA,NA,"red","white",NA,"white",62,38,3,"1.63","18.6",NA,"P","0.0","9.0",5.4,1,1,NA,"Y",NA,NA,NA,NA,NA,NA,1.63
"3120",NA,NA,2022,NA,NA,NA,"upper","3.5",NA,NA,NA,"red",NA,NA,NA,NA,NA,NA,"<1","1.6",NA,"B","0.0","0.0",NA,1,1,NA,"N",NA,NA,NA,NA,NA,"1 bud",0.5
"3121",NA,NA,2022,NA,NA,NA,"upper","5.5",NA,NA,NA,"red","silver",NA,"white",2,2,25,"1.19","11.6",NA,"P","0.0","2.0",3.5,1,1,NA,"N",NA,NA,NA,NA,NA,NA,1.19
"3122",NA,NA,2022,NA,NA,NA,"upper","6.0",NA,NA,NA,"red","white",NA,NA,NA,NA,NA,"<1","10.7",NA,"P","0.0","2.0",2.9,1,1,NA,"N",NA,NA,NA,NA,NA,NA,0.5
"3123",NA,NA,2022,NA,NA,NA,"upper","6.5",NA,NA,NA,"red","pink",NA,NA,NA,NA,NA,"<1","12.0",NA,"P","0.0","3.0",2.6,1,1,NA,"Y",NA,NA,NA,NA,NA,NA,0.5
"3124",NA,NA,2022,NA,NA,NA,"upper","6.5",NA,NA,NA,"red",NA,NA,NA,NA,NA,NA,NA,NA,NA,"X",NA,NA,NA,NA,NA,NA,NA,NA,NA,NA,NA,NA,NA,NA
"3125",NA,NA,2022,NA,NA,NA,"upper","6.5",NA,NA,NA,"red",NA,NA,NA,NA,NA,NA,"<1","8.8",NA,"F","1.0","0.0",NA,1,1,NA,"Y",NA,NA,NA,NA,NA,NA,0.5
"3126",NA,NA,2022,NA,NA,NA,"upper","6.5",NA,NA,NA,"red",NA,NA,NA,NA,NA,NA,"<1","3.3",NA,"B","0.0","0.0",NA,1,1,NA,"Y",NA,NA,NA,NA,NA,"3 buds",0.5
"3127",NA,NA,2022,NA,NA,NA,"upper","7.0",NA,NA,NA,"red","pink",NA,"white",72,44,46,"1.33","17.7",NA,"P","0.0","3.0",3.4,1,1,NA,"N",NA,NA,NA,NA,NA,NA,1.33
"3128",NA,NA,2022,NA,NA,NA,"upper","7.0",NA,NA,NA,"red","pink",NA,"white",66,6,4,"1.16","12.9",NA,"P","0.0","6.0",3.9,1,1,NA,"Y",NA,NA,NA,NA,NA,NA,1.16
"3129",NA,NA,2022,NA,NA,NA,"upper","7.0",NA,NA,NA,"red","silver",NA,"white",8,43,30,"1.26","14.4",NA,"P","0.0","4.0",2.7,1,1,NA,"N",NA,NA,NA,NA,NA,"spiderweb",1.26
"3130",NA,NA,2022,NA,NA,NA,"upper","7.0",NA,NA,NA,"red","silver",NA,"white",74,43,5,"1.19","11.2",NA,"P","0.0","3.0",3.6,1,1,NA,"N",NA,NA,NA,NA,NA,NA,1.19
"3131",NA,NA,2022,NA,NA,NA,"upper","7.0",NA,NA,NA,"red",NA,NA,NA,NA,NA,NA,"<1","5.1",NA,"F","1.0","0.0",NA,1,1,NA,"Y",NA,NA,NA,NA,NA,NA,0.5
"3132",NA,NA,2022,NA,NA,NA,"upper","7.5",NA,NA,NA,"red","silver",NA,NA,NA,NA,NA,"<1","13.2",NA,"P","0.0","3.0",3.9,1,1,NA,"N",NA,NA,NA,NA,NA,NA,0.5
"3133",NA,NA,2022,NA,NA,NA,"upper","7.5",NA,NA,NA,"red",NA,NA,"white",60,29,34,"1.16","4.1",NA,"B","0.0","0.0",0,1,1,NA,"Y",NA,NA,NA,NA,NA,"lots of herbivory",1.16
"3134",NA,NA,2022,NA,NA,NA,"upper","7.5",NA,NA,NA,"red",NA,NA,NA,NA,NA,NA,NA,NA,NA,"X",NA,NA,NA,NA,NA,NA,NA,NA,NA,NA,NA,NA,NA,NA
"3135",NA,NA,2022,NA,NA,NA,"upper","8.0",NA,NA,NA,"red",NA,NA,NA,NA,NA,NA,"<1","2.8",NA,"V","0.0","0.0",NA,0,1,"0.8","Y",NA,NA,NA,NA,NA,NA,0.5
"3136",NA,NA,2022,NA,NA,NA,"upper","10.0",NA,NA,NA,"red","silver",NA,"white",78,49,31,"1.66","14.4",NA,"P","0.0","4.0",3.8,1,1,NA,"Y",NA,NA,NA,NA,NA,NA,1.66
"3137",NA,NA,2022,NA,NA,NA,"upper","10.5",NA,NA,NA,"red","pink",NA,"white",79,41,11,"2.06","16.2",NA,"P","0.0","7.0",6.7,1,1,NA,"Y",NA,NA,NA,NA,NA,NA,2.06
"3138",NA,NA,2022,NA,NA,NA,"upper","11.0",NA,NA,NA,"red","pink",NA,"white",3,24,60,"1.87","25.9",NA,"P","0.0","10.0",5.6,1,1,NA,"Y",NA,NA,NA,NA,NA,"also seems out with this layout",1.87
"3139",NA,NA,2022,NA,NA,NA,"upper","11.0",NA,NA,NA,"red","white",NA,"white",63,12,54,"1.6","19.8",NA,"P","0.0","8.0",4.9,1,1,NA,"Y",NA,NA,NA,NA,NA,"out depending on transect",1.6
"3140",NA,NA,2022,NA,NA,NA,"upper","11.5",NA,NA,NA,"red","silver",NA,"white",64,24,50,"2.16","19.2",NA,"P","0.0","5.0",6.1,1,1,NA,"Y",NA,NA,NA,NA,NA,NA,2.16
"3141",NA,NA,2022,NA,NA,NA,"upper","13.0",NA,NA,NA,"red","pink",NA,"white",77,36,2,"3.29","33.2",NA,"P","0.0","20.0",6.4,1,1,NA,"Y",NA,NA,NA,NA,NA,NA,3.29
"3142",NA,NA,2022,NA,NA,NA,"upper","14.5",NA,NA,NA,"red","pink",NA,"white",73,34,24,"1.91","18.1",NA,"P","0.0","4.0",6.3,1,1,NA,"Y",NA,NA,NA,NA,NA,"red leaves",1.91
"3143",NA,NA,2022,NA,NA,NA,"upper","14.5",NA,NA,NA,"red","pink",NA,"white",65,34,39,"1.65","17.9",NA,"P","0.0","5.0",5.5,1,1,NA,"N",NA,NA,NA,NA,NA,NA,1.65
"3144",NA,NA,2022,NA,NA,NA,"upper","14.5",NA,NA,NA,"red","silver",NA,"white",67,36,26,"1.11","11.6",NA,"P","1.0","2.0",4.2,1,1,NA,"Y",NA,NA,NA,NA,NA,NA,1.11
"3145",NA,NA,2022,NA,NA,NA,"seep","1.0L",NA,NA,NA,NA,NA,NA,"purple",207,14,19,NA,NA,NA,"X",NA,NA,NA,NA,NA,NA,NA,NA,NA,NA,NA,NA,NA,NA
"3146",NA,NA,2022,NA,NA,NA,"seep","1.5R",NA,NA,NA,NA,NA,NA,"purple",152,17,-21,NA,NA,NA,"X",NA,NA,NA,NA,NA,NA,NA,NA,NA,NA,NA,NA,NA,NA
"3147",NA,NA,2022,NA,NA,NA,"seep","2.0L",NA,NA,NA,NA,NA,NA,"purple",225,23,10,NA,NA,NA,"X",NA,NA,NA,NA,NA,NA,NA,NA,NA,NA,NA,NA,NA,NA
"3148",NA,NA,2022,NA,NA,NA,"seep","2.5L",NA,NA,NA,NA,NA,NA,"purple",186,4,15,NA,NA,NA,"X",NA,NA,NA,NA,NA,NA,NA,NA,NA,NA,NA,NA,NA,NA
"3149",NA,NA,2022,NA,NA,NA,"seep","3.5R",NA,NA,NA,NA,NA,NA,"purple",160,44,-8,NA,NA,NA,"X",NA,NA,NA,NA,NA,NA,NA,NA,NA,NA,NA,NA,NA,NA
"3150",NA,NA,2022,NA,NA,NA,"seep","4.5R",NA,NA,NA,NA,NA,NA,"purple",203,29,-11,NA,NA,NA,"X",NA,NA,NA,NA,NA,NA,NA,NA,NA,NA,NA,NA,"didn’t find, no band",NA
"3151",NA,NA,2022,NA,NA,NA,"seep","6.5L",NA,NA,NA,NA,NA,NA,"purple",163,3,28,NA,NA,NA,"X",NA,NA,NA,NA,NA,NA,NA,NA,NA,NA,NA,NA,NA,NA
"3152",NA,NA,2022,NA,NA,NA,"seep","6.5L",NA,NA,NA,NA,NA,NA,"purple",229,4,39,NA,NA,NA,"X",NA,NA,NA,NA,NA,NA,NA,NA,NA,NA,NA,NA,NA,NA
"3153",NA,NA,2022,NA,NA,NA,"seep","11.5R",NA,NA,NA,NA,NA,NA,"purple",202,0,-24,NA,NA,NA,"X",NA,NA,NA,NA,NA,NA,NA,NA,NA,NA,NA,NA,NA,NA
"3154",NA,NA,2022,NA,NA,NA,"seep","11.5R",NA,NA,NA,NA,NA,NA,"purple",171,1,-23,NA,NA,NA,"X",NA,NA,NA,NA,NA,NA,NA,NA,NA,NA,NA,NA,NA,NA
"3155",NA,NA,2022,NA,NA,NA,"seep","11.5R",NA,NA,NA,NA,NA,NA,"purple",170,2,-19,NA,NA,NA,"X",NA,NA,NA,NA,NA,NA,NA,NA,NA,NA,NA,NA,NA,NA
"3156",NA,NA,2022,NA,NA,NA,"seep","11.5R",NA,NA,NA,NA,NA,NA,"purple",167,4,-18,NA,NA,NA,"X",NA,NA,NA,NA,NA,NA,NA,NA,NA,NA,NA,NA,NA,NA
"3157",NA,NA,2022,NA,NA,NA,"seep","11.5R",NA,NA,NA,NA,NA,NA,"purple",223,21,-30,NA,NA,NA,"X",NA,NA,NA,NA,NA,NA,NA,NA,NA,NA,NA,NA,NA,NA
"3158",NA,NA,2022,NA,NA,NA,"seep","11.5R",NA,NA,NA,NA,NA,NA,"purple",220,25,-5,NA,NA,NA,"X",NA,NA,NA,NA,NA,NA,NA,NA,NA,NA,NA,NA,NA,NA
"3159",NA,NA,2022,NA,NA,NA,"seep","11.5L",NA,NA,NA,NA,NA,NA,"purple",226,30,0,NA,NA,NA,"X",NA,NA,NA,NA,NA,NA,NA,NA,NA,NA,NA,NA,NA,NA
"3160",NA,NA,2022,NA,NA,NA,"seep","11.5L",NA,NA,NA,NA,NA,NA,"purple",200,43,4,NA,NA,NA,"X",NA,NA,NA,NA,NA,NA,NA,NA,NA,NA,NA,NA,NA,NA
"3161",NA,NA,2022,NA,NA,NA,"seep","11.5R",NA,NA,NA,NA,NA,NA,"purple",208,48,-17,NA,NA,NA,"X",NA,NA,NA,NA,NA,NA,NA,NA,NA,NA,NA,NA,NA,NA
"3162",NA,NA,2022,NA,NA,NA,"seep","11.5L",NA,NA,NA,NA,NA,NA,"purple",228,33,17,NA,NA,NA,"X",NA,NA,NA,NA,NA,NA,NA,NA,NA,NA,NA,NA,NA,NA
"3163",NA,NA,2022,NA,NA,NA,"seep","11.5R",NA,NA,NA,NA,NA,NA,"purple",206,45,-45,NA,NA,NA,"X",NA,NA,NA,NA,NA,NA,NA,NA,NA,NA,NA,NA,NA,NA
"3164",NA,NA,2022,NA,NA,NA,"seep","12.0R",NA,NA,NA,NA,NA,NA,"purple",157,1,-38,NA,NA,NA,"X",NA,NA,NA,NA,NA,NA,NA,NA,NA,NA,NA,NA,NA,NA
"3165",NA,NA,2022,NA,NA,NA,"seep","12.0R",NA,NA,NA,NA,NA,NA,"purple",165,16,-39,NA,NA,NA,"X",NA,NA,NA,NA,NA,NA,NA,NA,NA,NA,NA,NA,NA,NA
"3166",NA,NA,2022,NA,NA,NA,"seep","12.5L",NA,NA,NA,NA,NA,NA,"purple",209,7,17,NA,NA,NA,"X",NA,NA,NA,NA,NA,NA,NA,NA,NA,NA,NA,NA,NA,NA
"3167",NA,NA,2022,NA,NA,NA,"seep","12.5L",NA,NA,NA,NA,NA,NA,"purple",230,16,35,NA,NA,NA,"X",NA,NA,NA,NA,NA,NA,NA,NA,NA,NA,NA,NA,NA,NA
"3168",NA,NA,2022,NA,NA,NA,"seep","12.5L",NA,NA,NA,NA,NA,NA,"purple",166,49,4,NA,NA,NA,"X",NA,NA,NA,NA,NA,NA,NA,NA,NA,NA,NA,NA,NA,NA
"3169",NA,NA,2022,NA,NA,NA,"seep","13.0R",NA,NA,NA,NA,NA,NA,"purple",222,4,-3,NA,NA,NA,"X",NA,NA,NA,NA,NA,NA,NA,NA,NA,NA,NA,NA,NA,NA
"3170",NA,NA,2022,NA,NA,NA,"seep","13.0R",NA,NA,NA,NA,NA,NA,"purple",224,26,-32,NA,NA,NA,"X",NA,NA,NA,NA,NA,NA,NA,NA,NA,NA,NA,NA,NA,NA
"3171",NA,NA,2022,NA,NA,NA,"seep","14.0R",NA,NA,NA,NA,NA,NA,"purple",68,47,-26,NA,NA,NA,"X",NA,NA,NA,NA,NA,NA,NA,NA,NA,NA,NA,NA,NA,NA
"3172",NA,NA,2022,NA,NA,NA,"seep","15.0L",NA,NA,NA,NA,NA,NA,"purple",6,30,6,NA,NA,NA,"X",NA,NA,NA,NA,NA,NA,NA,NA,NA,NA,NA,NA,NA,NA
"3173",NA,NA,2022,NA,NA,NA,"seep","1.5R",NA,NA,NA,NA,NA,NA,"white",26,11,-42,"4.95","37.0",NA,"P","0.0","157.0",9.1,2,2,NA,"Y",NA,NA,NA,NA,NA,NA,4.95
"3174",NA,NA,2022,NA,NA,NA,"seep","1.5R",NA,NA,NA,NA,NA,NA,"white",83,15,-37,"4.95","46.4",NA,"P","0.0","191.0",5.9,2,2,NA,"Y",NA,NA,NA,NA,NA,"signs of aphids",4.95
"3175",NA,NA,2022,NA,NA,NA,"seep","1.5L",NA,NA,NA,NA,NA,NA,"white",30,25,45,"9.71","45.0",NA,"P","0.0","447.0",6.9,5,5,NA,"Y",NA,NA,NA,NA,NA,"signs of aphids",9.71
"3176",NA,NA,2022,NA,NA,NA,"seep","1.5L",NA,NA,NA,NA,NA,NA,"white",35,24,40,"2.31","29.0",NA,"P","0.0","40.0",7.3,1,1,NA,"Y",NA,NA,NA,NA,NA,NA,2.31
"3177",NA,NA,2022,NA,NA,NA,"seep","1.5L",NA,NA,NA,NA,NA,NA,"white",53,39,49,"4.02","48.5",NA,"P","0.0","57.0",7.4,1,1,NA,"Y",NA,NA,NA,NA,NA,NA,4.02
"3178",NA,NA,2022,NA,NA,NA,"seep","2.0R",NA,NA,NA,NA,NA,NA,"white",306,45,-19,"4.31","44.9",NA,"P","0.0","166.0",7.9,1,1,NA,"Y",NA,NA,NA,NA,NA,NA,4.31
"3179",NA,NA,2022,NA,NA,NA,"seep","2.5R",NA,NA,NA,NA,NA,NA,"white",629,31,-30,"6.8","47.5",NA,"P","4.0","203.0",6.7,2,2,NA,"Y",NA,NA,NA,NA,NA,"signs of aphids",6.8
"3180",NA,NA,2022,NA,NA,NA,"seep","4.0R",NA,NA,NA,NA,NA,NA,"white",300,6,-45,"1.15","16.6",NA,"P","0.0","5.0",6.4,1,1,NA,"N",NA,NA,NA,NA,NA,NA,1.15
"3181",NA,NA,2022,NA,NA,NA,"seep","4.5R",NA,NA,NA,NA,NA,NA,"white",607,12,-34,"6.5","51.0",NA,"P","0.0","339.0",7.3,1,1,NA,"Y",NA,NA,NA,NA,NA,"1 dead 2° branch",6.5
"3182",NA,NA,2022,NA,NA,NA,"seep","5.5R",NA,NA,NA,NA,NA,NA,"white",628,30,-26,"5.54","50.2",NA,"P","0.0","182.0",8.8,1,1,NA,"Y",NA,NA,NA,NA,NA,"signs of aphids, 2 branches broken",5.54
"3183",NA,NA,2022,NA,NA,NA,"seep","6.0L",NA,NA,NA,NA,NA,NA,"white",602,44,31,"2.0","26.8",NA,"P","0.0","39.0",6.5,1,1,NA,"N",NA,NA,NA,NA,NA,NA,2
"3184",NA,NA,2022,NA,NA,NA,"seep","6.0L",NA,NA,NA,NA,NA,NA,"white",625,49,47,"1.66","20.3",NA,"P","0.0","16.0",6,1,1,NA,"Y",NA,NA,NA,NA,NA,NA,1.66
"3185",NA,NA,2022,NA,NA,NA,"seep","8.5R",NA,NA,NA,NA,NA,NA,NA,NA,NA,NA,"<1","9.2",NA,"F","1.0","0.0",NA,1,1,NA,"Y",NA,NA,NA,NA,NA,NA,0.5
"3186",NA,NA,2022,NA,NA,NA,"seep","11.0R",NA,NA,NA,NA,NA,NA,"white",305,37,-35,"2.16","23.5",NA,"P","0.0","14.0",8.7,1,1,NA,"Y",NA,NA,NA,NA,NA,NA,2.16
"3187",NA,NA,2022,NA,NA,NA,"seep","11.0L",NA,NA,NA,NA,NA,NA,"white",620,48,3,"2.05","31.5",NA,"P","2.0","16.0",5.5,1,1,NA,"Y",NA,NA,NA,NA,NA,NA,2.05
"3188",NA,NA,2022,NA,NA,NA,"seep","11.5L",NA,NA,NA,NA,NA,NA,"white",728,12,7,"3.38","31.5",NA,"P","0.0","38.0",7.4,1,1,NA,"Y",NA,NA,NA,NA,NA,NA,3.38
"3189",NA,NA,2022,NA,NA,NA,"seep","11.5L",NA,NA,NA,NA,NA,NA,"white",37,24,18,"2.42","23.0",NA,"P","0.0","31.0",7.3,1,1,NA,"Y",NA,NA,NA,NA,NA,NA,2.42
"3190",NA,NA,2022,NA,NA,NA,"seep","11.5L",NA,NA,NA,NA,NA,NA,"white",303,42,4,"2.22","36.0",NA,"P","0.0","20.0",8.1,1,1,NA,"Y",NA,NA,NA,NA,NA,NA,2.22
"3191",NA,NA,2022,NA,NA,NA,"seep","11.5L",NA,NA,NA,NA,NA,NA,"white",608,22,42,"1.96","24.0",NA,"P","0.0","21.0",7.4,1,1,NA,"Y",NA,NA,NA,NA,NA,NA,1.96
"3192",NA,NA,2022,NA,NA,NA,"seep","11.5R",NA,NA,NA,NA,NA,NA,"white",302,30,-12,"1.2","20.0",NA,"P","0.0","5.0",5.4,1,1,NA,"Y",NA,NA,NA,NA,NA,NA,1.2
"3193",NA,NA,2022,NA,NA,NA,"seep","11.5R",NA,NA,NA,NA,NA,NA,"white",43,32,-15,"1.68","25.0",NA,"P","0.0","11.0",6.2,1,1,NA,"Y",NA,NA,NA,NA,NA,NA,1.68
"3194",NA,NA,2022,NA,NA,NA,"seep","11.5R",NA,NA,NA,NA,NA,NA,"white",23,33,-19,"4.08","36.0",NA,"P","0.0","32.0",7.9,1,11,NA,"Y",NA,NA,NA,NA,NA,NA,4.08
"3195",NA,NA,2022,NA,NA,NA,"seep","11.5R",NA,NA,NA,NA,NA,NA,"white",32,47,-15,"3.95","42.0",NA,"P","0.0","28.0",5.6,1,1,NA,"Y",NA,NA,NA,NA,NA,NA,3.95
"3196",NA,NA,2022,NA,NA,NA,"seep","12.0L",NA,NA,NA,NA,NA,NA,"white",622,11,4,"3.71","40.0",NA,"P","0.0","70.0",8.4,1,1,NA,"Y",NA,NA,NA,NA,NA,NA,3.71
"3197",NA,NA,2022,NA,NA,NA,"seep","12.0R",NA,NA,NA,NA,NA,NA,"white",500,19,-19,"1.33","19.0",NA,"P","0.0","7.0",6.2,1,1,NA,NA,NA,NA,NA,NA,NA,NA,1.33
"3198",NA,NA,2022,NA,NA,NA,"seep","12.0R",NA,NA,NA,NA,NA,NA,"white",627,17,-31,"1.25","25.0",NA,"P","0.0","13.0",5.5,1,1,NA,NA,NA,NA,NA,NA,NA,NA,1.25
"3199",NA,NA,2022,NA,NA,NA,"seep","12.0R",NA,NA,NA,NA,NA,NA,"white",727,44,-24,"2.64","35.0",NA,"P","0.0","44.0",7.6,1,1,NA,NA,NA,NA,NA,NA,NA,NA,2.64
"3200",NA,NA,2022,NA,NA,NA,"seep","12.5R",NA,NA,NA,NA,NA,NA,"white",726,40,-27,"3.87","35.0",NA,"P","0.0","126.0",7.8,2,2,NA,NA,NA,NA,NA,NA,NA,NA,3.87
"3201",NA,NA,2022,NA,NA,NA,"lower*",NA,NA,NA,NA,NA,NA,NA,"red",200,NA,NA,NA,NA,NA,"X",NA,NA,NA,NA,NA,NA,NA,NA,NA,NA,NA,NA,NA,NA
"3202",NA,NA,2022,NA,NA,NA,"lower*",NA,NA,NA,NA,NA,NA,NA,"red",203,NA,NA,NA,NA,NA,"X",NA,NA,NA,NA,NA,NA,NA,NA,NA,NA,NA,NA,NA,NA
"3203",NA,NA,2022,NA,NA,NA,"lower*",NA,NA,NA,NA,NA,NA,NA,"red",208,NA,NA,NA,NA,NA,"X",NA,NA,NA,NA,NA,NA,NA,NA,NA,NA,NA,NA,NA,NA
"3204",NA,NA,2022,NA,NA,NA,"lower*",NA,NA,NA,NA,NA,NA,NA,"red",209,NA,NA,NA,NA,NA,"X",NA,NA,NA,NA,NA,NA,NA,NA,NA,NA,NA,NA,NA,NA
"3205",NA,NA,2022,NA,NA,NA,"lower*",NA,NA,NA,NA,NA,NA,NA,"red",210,NA,NA,NA,NA,NA,"X",NA,NA,NA,NA,NA,NA,NA,NA,NA,NA,NA,NA,NA,NA
"3206",NA,NA,2022,NA,NA,NA,"lower*",NA,NA,NA,NA,NA,NA,NA,"red",211,NA,NA,NA,NA,NA,"X",NA,NA,NA,NA,NA,NA,NA,NA,NA,NA,NA,NA,NA,NA
"3207",NA,NA,2022,NA,NA,NA,"lower*",NA,NA,NA,NA,NA,NA,NA,"red",214,NA,NA,NA,NA,NA,"X",NA,NA,NA,NA,NA,NA,NA,NA,NA,NA,NA,NA,NA,NA
"3208",NA,NA,2022,NA,NA,NA,"lower*",NA,NA,NA,NA,NA,NA,NA,"red",218,NA,NA,NA,NA,NA,"X",NA,NA,NA,NA,NA,NA,NA,NA,NA,NA,NA,NA,NA,NA
"3209",NA,NA,2022,NA,NA,NA,"lower*",NA,NA,NA,NA,NA,NA,NA,"red",301,NA,NA,NA,NA,NA,"X",NA,NA,NA,NA,NA,NA,NA,NA,NA,NA,NA,NA,NA,NA
"3210",NA,NA,2022,NA,NA,NA,"lower*",NA,NA,NA,NA,NA,NA,NA,"red",304,NA,NA,NA,NA,NA,"X",NA,NA,NA,NA,NA,NA,NA,NA,NA,NA,NA,NA,NA,NA
"3211",NA,NA,2022,NA,NA,NA,"lower*",NA,NA,NA,NA,NA,NA,NA,"red",307,NA,NA,NA,NA,NA,"X",NA,NA,NA,NA,NA,NA,NA,NA,NA,NA,NA,NA,NA,NA
"3212",NA,NA,2022,NA,NA,NA,"lower*",NA,NA,NA,NA,NA,NA,NA,"red",309,NA,NA,NA,NA,NA,"X",NA,NA,NA,NA,NA,NA,NA,NA,NA,NA,NA,NA,NA,NA
"3213",NA,NA,2022,NA,NA,NA,"lower*",NA,NA,NA,NA,NA,NA,NA,"red",311,NA,NA,NA,NA,NA,"X",NA,NA,NA,NA,NA,NA,NA,NA,NA,NA,NA,NA,NA,NA
"3214",NA,NA,2022,NA,NA,NA,"lower*",NA,NA,NA,NA,NA,NA,NA,"red",314,NA,NA,NA,NA,NA,"X",NA,NA,NA,NA,NA,NA,NA,NA,NA,NA,NA,NA,NA,NA
"3215",NA,NA,2022,NA,NA,NA,"lower*",NA,NA,NA,NA,NA,NA,NA,"red",318,NA,NA,NA,NA,NA,"X",NA,NA,NA,NA,NA,NA,NA,NA,NA,NA,NA,NA,NA,NA
"3216",NA,NA,2022,NA,NA,NA,"lower*",NA,NA,NA,NA,NA,NA,NA,"red",319,NA,NA,NA,NA,NA,"X",NA,NA,NA,NA,NA,NA,NA,NA,NA,NA,NA,NA,NA,NA
"3217",NA,NA,2022,NA,NA,NA,"lower*",NA,NA,NA,NA,NA,NA,NA,"red",345,NA,NA,NA,NA,NA,"X",NA,NA,NA,NA,NA,NA,NA,NA,NA,NA,NA,NA,NA,NA
"3218",NA,NA,2022,NA,NA,NA,"lower*",NA,NA,NA,NA,NA,NA,NA,"red",347,NA,NA,NA,NA,NA,"X",NA,NA,NA,NA,NA,NA,NA,NA,NA,NA,NA,NA,NA,NA
"3219",NA,NA,2022,NA,NA,NA,"lower*",NA,NA,NA,NA,NA,NA,NA,"red",509,NA,NA,NA,NA,NA,"X",NA,NA,NA,NA,NA,NA,NA,NA,NA,NA,NA,NA,NA,NA
"3220",NA,NA,2022,NA,NA,NA,"lower*",NA,NA,NA,NA,NA,NA,NA,"red",501,NA,NA,NA,NA,NA,"X",NA,NA,NA,NA,NA,NA,NA,NA,NA,NA,NA,NA,NA,NA
"3221",NA,NA,2022,NA,NA,NA,"lower*",NA,NA,NA,NA,NA,NA,NA,"red",213,NA,NA,NA,NA,NA,"X",NA,NA,NA,NA,NA,NA,NA,NA,NA,NA,NA,NA,NA,NA
"3222",NA,NA,2022,NA,NA,NA,"outcrop",NA,NA,NA,NA,NA,NA,NA,"white",14,NA,NA,"2.87","16.2",NA,"V",NA,NA,NA,0,1,"4.6","Y",NA,NA,NA,NA,NA,NA,2.87
"3223",NA,NA,2022,NA,NA,NA,"outcrop",NA,NA,NA,NA,NA,NA,NA,"white",44,NA,NA,"1.35","4.3",NA,"V",NA,NA,NA,0,1,"1.9","N",NA,NA,NA,NA,NA,NA,1.35
"3224",NA,NA,2022,NA,NA,NA,"outcrop",NA,NA,NA,NA,NA,NA,NA,"white",22,NA,NA,"1.73","10.1",NA,"V",NA,NA,NA,0,1,"2.9","N",NA,NA,NA,NA,NA,NA,1.73
"3225",NA,NA,2022,NA,NA,NA,"outcrop",NA,NA,NA,NA,NA,NA,NA,"white",27,NA,NA,"1.38","5.4",NA,"V",NA,NA,NA,0,1,"1.8","Y",NA,NA,NA,NA,NA,NA,1.38
"3226",NA,NA,2022,NA,NA,NA,"outcrop",NA,NA,NA,NA,NA,NA,NA,"white",26,NA,NA,"2.04","21.6",NA,"P","0.0","4.0",5.5,2,3,NA,"Y",NA,NA,NA,NA,NA,"vegetative bottom branch",2.04
"3227",NA,NA,2022,NA,NA,NA,"outcrop",NA,NA,NA,NA,NA,NA,NA,"white",34,NA,NA,"3.55","11.9",NA,"V",NA,NA,NA,0,2,"3.7","Y",NA,NA,NA,NA,NA,NA,3.55
"3228",NA,NA,2022,NA,NA,NA,"outcrop",NA,NA,NA,NA,NA,NA,NA,"white",272,NA,NA,"1.49","4.4",NA,"V",NA,NA,NA,0,1,"1.7","Y",NA,NA,NA,NA,NA,NA,1.49
"3229",NA,NA,2022,NA,NA,NA,"outcrop",NA,NA,NA,NA,NA,NA,NA,"white",911,NA,NA,"1.6","5.6",NA,"V",NA,NA,NA,0,1,"2.5","Y",NA,NA,NA,NA,NA,NA,1.6
"3230",NA,NA,2022,NA,NA,NA,"outcrop",NA,NA,NA,NA,NA,NA,NA,"white",47,NA,NA,"1.63","2.5",NA,"V",NA,NA,NA,0,1,"2.0","N",NA,NA,NA,NA,NA,NA,1.63
"3231",NA,NA,2022,NA,NA,NA,"outcrop",NA,NA,NA,NA,NA,NA,NA,"white",63,NA,NA,"1.79","2.6",NA,"V",NA,NA,NA,0,1,"2.4","Y",NA,NA,NA,NA,NA,NA,1.79
"3232",NA,NA,2022,NA,NA,NA,"outcrop",NA,NA,NA,NA,NA,NA,NA,"white",98,NA,NA,"2.14","5.2",NA,"V",NA,NA,NA,0,1,"2.6","Y",NA,NA,NA,NA,NA,NA,2.14
"3233",NA,NA,2022,NA,NA,NA,"outcrop",NA,NA,NA,NA,NA,NA,NA,"white",83,NA,NA,"3.15","15.8",NA,"V",NA,NA,NA,0,1,"4.0","Y",NA,NA,NA,NA,NA,NA,3.15
"3234",NA,NA,2022,NA,NA,NA,"outcrop",NA,NA,NA,NA,NA,NA,NA,"white",17,NA,NA,"2.31","13.2",NA,"V",NA,NA,NA,0,1,"3.1","Y",NA,NA,NA,NA,NA,NA,2.31
"3235",NA,NA,2022,NA,NA,NA,"outcrop",NA,NA,NA,NA,NA,NA,NA,"white",957,NA,NA,"1.51","5.6",NA,"V",NA,NA,NA,0,1,"3.4","Y",NA,NA,NA,NA,NA,NA,1.51
"3236",NA,NA,2022,NA,NA,NA,"outcrop",NA,NA,NA,NA,NA,NA,NA,"white",36,NA,NA,"1.79","7.5",NA,"V",NA,NA,NA,0,2,"2.2","Y",NA,NA,NA,NA,NA,NA,1.79
"3237",NA,NA,2022,NA,NA,NA,"outcrop",NA,NA,NA,NA,NA,NA,NA,"white",23,NA,NA,"1.04","4.2",NA,"V",NA,NA,NA,0,1,"1.6","N",NA,NA,NA,NA,NA,NA,1.04
"3238",NA,NA,2022,NA,NA,NA,"outcrop",NA,NA,NA,NA,NA,NA,NA,"white",48,NA,NA,"0.95","2.6",NA,"V",NA,NA,NA,0,1,"1.2","Y",NA,NA,NA,NA,NA,NA,0.5
"3239",NA,NA,2022,NA,NA,NA,"outcrop",NA,NA,NA,NA,NA,NA,NA,"white",53,NA,NA,"1.57","7.1",NA,"V",NA,NA,NA,0,1,"2.1","Y",NA,NA,NA,NA,NA,NA,1.57
"3240",NA,NA,2022,NA,NA,NA,"outcrop",NA,NA,NA,NA,NA,NA,NA,"white",15,NA,NA,"1.84","6.0",NA,"V",NA,NA,NA,0,1,"3.9","Y",NA,NA,NA,NA,NA,NA,1.84
"3241",NA,NA,2022,NA,NA,NA,"outcrop",NA,NA,NA,NA,NA,NA,NA,"white",33,NA,NA,"2.22","15.7",NA,"V",NA,NA,NA,0,1,"3.8","Y",NA,NA,NA,NA,NA,NA,2.22
"3242",NA,NA,2022,NA,NA,NA,"outcrop",NA,NA,NA,NA,NA,NA,NA,"red",350,NA,NA,NA,NA,NA,"X",NA,NA,NA,NA,NA,NA,NA,NA,NA,NA,NA,NA,NA,NA
"3243",NA,NA,2022,NA,NA,NA,"outcrop",NA,NA,NA,NA,NA,NA,NA,"red",504,NA,NA,NA,NA,NA,"X",NA,NA,NA,NA,NA,NA,NA,NA,NA,NA,NA,NA,NA,NA
"3244",NA,NA,2022,NA,NA,NA,"outcrop",NA,NA,NA,NA,NA,NA,NA,"red",506,NA,NA,NA,NA,NA,"X",NA,NA,NA,NA,NA,NA,NA,NA,NA,NA,NA,NA,NA,NA
"3245",NA,NA,2022,NA,NA,NA,"outcrop",NA,NA,NA,NA,NA,NA,NA,"red",508,NA,NA,NA,NA,NA,"X",NA,NA,NA,NA,NA,NA,NA,NA,NA,NA,NA,NA,NA,NA
"3246",NA,NA,2022,NA,NA,NA,"outcrop",NA,NA,NA,NA,NA,NA,NA,"red",510,NA,NA,NA,NA,NA,NA,NA,NA,NA,NA,NA,NA,NA,NA,NA,NA,NA,NA,"didn’t find",NA
"3247",NA,NA,2022,NA,NA,NA,"outcrop",NA,NA,NA,NA,NA,NA,NA,"red",511,NA,NA,NA,NA,NA,"X",NA,NA,NA,NA,NA,NA,NA,NA,NA,NA,NA,NA,NA,NA
"3248",NA,NA,2022,NA,NA,NA,"outcrop",NA,NA,NA,NA,NA,NA,NA,"red",517,NA,NA,NA,NA,NA,"X",NA,NA,NA,NA,NA,NA,NA,NA,NA,NA,NA,NA,NA,NA
"3249",NA,NA,2022,NA,NA,NA,"outcrop",NA,NA,NA,NA,NA,NA,NA,"red",518,NA,NA,NA,NA,NA,"X",NA,NA,NA,NA,NA,NA,NA,NA,NA,NA,NA,NA,NA,NA
"3250",NA,NA,2022,NA,NA,NA,"outcrop",NA,NA,NA,NA,NA,NA,NA,"red",519,NA,NA,NA,NA,NA,NA,NA,NA,NA,NA,NA,NA,NA,NA,NA,NA,NA,NA,"didn’t find",NA
"3251",NA,NA,2022,NA,NA,NA,"outcrop",NA,NA,NA,NA,NA,NA,NA,"red",546,NA,NA,NA,NA,NA,NA,NA,NA,NA,NA,NA,NA,NA,NA,NA,NA,NA,NA,"didn’t find",NA
"3252",NA,NA,2022,NA,NA,NA,"outcrop",NA,NA,NA,NA,NA,NA,NA,"red",547,NA,NA,NA,NA,NA,"X",NA,NA,NA,NA,NA,NA,NA,NA,NA,NA,NA,NA,NA,NA
"3253",NA,NA,2022,NA,NA,NA,"outcrop",NA,NA,NA,NA,NA,NA,NA,"red",549,NA,NA,NA,NA,NA,"X",NA,NA,NA,NA,NA,NA,NA,NA,NA,NA,NA,NA,NA,NA
"3254",NA,NA,2022,NA,NA,NA,"outcrop",NA,NA,NA,NA,NA,NA,NA,"red",561,NA,NA,NA,NA,NA,"X",NA,NA,NA,NA,NA,NA,NA,NA,NA,NA,NA,NA,NA,NA
"3255",NA,NA,2022,NA,NA,NA,"outcrop",NA,NA,NA,NA,NA,NA,NA,"red",564,NA,NA,NA,NA,NA,"X",NA,NA,NA,NA,NA,NA,NA,NA,NA,NA,NA,NA,NA,NA
"3256",NA,NA,2022,NA,NA,NA,"outcrop",NA,NA,NA,NA,NA,NA,NA,"red",566,NA,NA,NA,NA,NA,"X",NA,NA,NA,NA,NA,NA,NA,NA,NA,NA,NA,NA,NA,NA
"3257",NA,NA,2022,NA,NA,NA,"outcrp",NA,NA,NA,NA,NA,NA,NA,"purple",1,NA,NA,NA,NA,NA,"X",NA,NA,NA,NA,NA,NA,NA,NA,NA,NA,NA,NA,NA,NA
"3258",NA,NA,2022,NA,NA,NA,"outcrp",NA,NA,NA,NA,NA,NA,NA,"purple",4,NA,NA,NA,NA,NA,NA,NA,NA,NA,NA,NA,NA,NA,NA,NA,NA,NA,NA,"didn’t find",NA
"3259",NA,NA,2022,NA,NA,NA,"outcrp",NA,NA,NA,NA,NA,NA,NA,"purple",7,NA,NA,NA,NA,NA,"X",NA,NA,NA,NA,NA,NA,NA,NA,NA,NA,NA,NA,NA,NA
"3260",NA,NA,2022,NA,NA,NA,"outcrp",NA,NA,NA,NA,NA,NA,NA,"purple",8,NA,NA,NA,NA,NA,"X",NA,NA,NA,NA,NA,NA,NA,NA,NA,NA,NA,NA,NA,NA
"3261",NA,NA,2022,NA,NA,NA,"outcrp",NA,NA,NA,NA,NA,NA,NA,"blue",25,NA,NA,NA,NA,NA,"X",NA,NA,NA,NA,NA,NA,NA,NA,NA,NA,NA,NA,NA,NA
"3262",NA,NA,2022,NA,NA,NA,"outcrp",NA,NA,NA,NA,NA,NA,NA,"blue",33,NA,NA,NA,NA,NA,"X",NA,NA,NA,NA,NA,NA,NA,NA,NA,NA,NA,NA,NA,NA
"3263",NA,NA,2022,NA,NA,NA,"outcrp",NA,NA,NA,NA,NA,NA,NA,"blue",34,NA,NA,NA,NA,NA,"X",NA,NA,NA,NA,NA,NA,NA,NA,NA,NA,NA,NA,NA,NA
"3264",NA,NA,2022,NA,NA,NA,"outcrp",NA,NA,NA,NA,NA,NA,NA,"purple",60,NA,NA,NA,NA,NA,"X",NA,NA,NA,NA,NA,NA,NA,NA,NA,NA,NA,NA,NA,NA
"3265",NA,NA,2022,NA,NA,NA,"outcrp",NA,NA,NA,NA,NA,NA,NA,"blue",76,NA,NA,NA,NA,NA,"X",NA,NA,NA,NA,NA,NA,NA,NA,NA,NA,NA,NA,NA,NA
"3266",NA,NA,2022,NA,NA,NA,"outcrp",NA,NA,NA,NA,NA,NA,NA,"purple",88,NA,NA,NA,NA,NA,"X",NA,NA,NA,NA,NA,NA,NA,NA,NA,NA,NA,NA,NA,NA
"3267",NA,NA,2022,NA,NA,NA,"outcrp",NA,NA,NA,NA,NA,NA,NA,"blue",608,NA,NA,NA,NA,NA,"X",NA,NA,NA,NA,NA,NA,NA,NA,NA,NA,NA,NA,NA,NA
"3268",NA,NA,2022,NA,NA,NA,"outcrp",NA,NA,NA,NA,NA,NA,NA,"blue",652,NA,NA,NA,NA,NA,"X",NA,NA,NA,NA,NA,NA,NA,NA,NA,NA,NA,NA,NA,NA
"3269",NA,NA,2022,NA,NA,NA,"outcrp",NA,NA,NA,NA,NA,NA,NA,"blue",768,NA,NA,NA,NA,NA,"X",NA,NA,NA,NA,NA,NA,NA,NA,NA,NA,NA,NA,NA,NA
"3270",NA,NA,2022,NA,NA,NA,"outcrop",NA,NA,NA,NA,NA,NA,NA,"red",201,NA,NA,NA,NA,NA,"X",NA,NA,NA,NA,NA,NA,NA,NA,NA,NA,NA,NA,NA,NA
"3271",NA,NA,2022,NA,NA,NA,"outcrop",NA,NA,NA,NA,NA,NA,NA,"red",204,NA,NA,NA,NA,NA,"X",NA,NA,NA,NA,NA,NA,NA,NA,NA,NA,NA,NA,NA,NA
"3272",NA,NA,2022,NA,NA,NA,"outcrop",NA,NA,NA,NA,NA,NA,NA,"red",205,NA,NA,NA,NA,NA,"X",NA,NA,NA,NA,NA,NA,NA,NA,NA,NA,NA,NA,NA,NA
"3273",NA,NA,2022,NA,NA,NA,"outcrop",NA,NA,NA,NA,NA,NA,NA,"red",216,NA,NA,NA,NA,NA,"X",NA,NA,NA,NA,NA,NA,NA,NA,NA,NA,NA,NA,NA,NA
"3274",NA,NA,2022,NA,NA,NA,"outcrop",NA,NA,NA,NA,NA,NA,NA,"red",303,NA,NA,NA,NA,NA,"X",NA,NA,NA,NA,NA,NA,NA,NA,NA,NA,NA,NA,NA,NA
"3275",NA,NA,2022,NA,NA,NA,"outcrop",NA,NA,NA,NA,NA,NA,NA,"red",305,NA,NA,NA,NA,NA,"X",NA,NA,NA,NA,NA,NA,NA,NA,NA,NA,NA,NA,NA,NA
"3276",NA,NA,2022,NA,NA,NA,"outcrop",NA,NA,NA,NA,NA,NA,NA,"red",310,NA,NA,NA,NA,NA,"X",NA,NA,NA,NA,NA,NA,NA,NA,NA,NA,NA,NA,NA,NA
"3277",NA,NA,2022,NA,NA,NA,"outcrop",NA,NA,NA,NA,NA,NA,NA,"red",316,NA,NA,NA,NA,NA,"X",NA,NA,NA,NA,NA,NA,NA,NA,NA,NA,NA,NA,NA,NA
"3278",NA,NA,2022,NA,NA,NA,"outcrop",NA,NA,NA,NA,NA,NA,NA,"red",340,NA,NA,NA,NA,NA,"X",NA,NA,NA,NA,NA,NA,NA,NA,NA,NA,NA,NA,NA,NA
"3279",NA,NA,2022,NA,NA,NA,"outcrop",NA,NA,NA,NA,NA,NA,NA,"red",128,NA,NA,NA,NA,NA,"X",NA,NA,NA,NA,NA,NA,NA,NA,NA,NA,NA,NA,NA,NA
"3280",NA,NA,2022,NA,NA,NA,"outcrop",NA,NA,NA,NA,NA,NA,NA,"blue",56,NA,NA,NA,NA,NA,"X",NA,NA,NA,NA,NA,NA,NA,NA,NA,NA,NA,NA,NA,NA
"3281",NA,NA,2022,NA,NA,NA,"seep","12.5L",NA,NA,NA,NA,NA,NA,"white",406,26,35,"2.74","26.5",NA,"P","0.0","37.0",6.8,1,1,NA,"Y",NA,NA,NA,NA,NA,NA,2.74
"3282",NA,NA,2022,NA,NA,NA,"seep","13.0L",NA,NA,NA,NA,NA,NA,"white",401,24,16,"3.89","40.5",NA,"P","0.0","61.0",7.4,1,2,NA,"Y",NA,NA,NA,NA,NA,NA,3.89
"3283",NA,NA,2022,NA,NA,NA,"seep","13.0L",NA,NA,NA,NA,NA,NA,"white",408,44,7,"1.97","25.5",NA,"P","0.0","17.0",7.7,1,1,NA,"Y",NA,NA,NA,NA,NA,NA,1.97
"3284",NA,NA,2022,NA,NA,NA,"seep","13.0L",NA,NA,NA,NA,NA,NA,"white",268,15,2,"2.36","40.0",NA,"P","0.0","24.0",6.9,1,1,NA,"Y",NA,NA,NA,NA,NA,NA,2.36
"3285",NA,NA,2022,NA,NA,NA,"seep","13.0L",NA,NA,NA,NA,NA,NA,"white",407,6,1,"1.43","28.0",NA,"P","0.0","11.0",8.4,1,1,NA,"Y",NA,NA,NA,NA,NA,NA,1.43
"3286",NA,NA,2022,NA,NA,NA,"seep","13.0R",NA,NA,NA,NA,NA,NA,"white",402,5,-42,"5.52","44.0",NA,"P","0.0","76.0",8.5,1,2,NA,"Y",NA,NA,NA,NA,NA,NA,5.52
"3287",NA,NA,2022,NA,NA,NA,"seep","13.0R",NA,NA,NA,NA,NA,NA,"white",403,20,-32,"2.53","32.0",NA,"P","0.0","44.0",8.4,1,1,NA,"Y",NA,NA,NA,NA,NA,NA,2.53
"3288",NA,NA,2022,NA,NA,NA,"seep","13.0R",NA,NA,NA,NA,NA,NA,"white",33,21,-28,"1.31","22.0",NA,"P","0.0","7.0",5.7,1,1,NA,"Y",NA,NA,NA,NA,NA,NA,1.31
"3289",NA,NA,2022,NA,NA,NA,"seep","13.0R",NA,NA,NA,NA,NA,NA,"white",722,40,-25,"2.22","26.0",NA,"P","0.0","23.0",7.7,1,1,NA,"Y",NA,NA,NA,NA,NA,NA,2.22
"3290",NA,NA,2022,NA,NA,NA,"seep","13.0R",NA,NA,NA,NA,NA,NA,"white",410,44,-26,"2.54","25.0",NA,"P","0.0","27.0",6.4,1,1,NA,"Y",NA,NA,NA,NA,NA,NA,2.54
"3291",NA,NA,2022,NA,NA,NA,"seep","13.0R",NA,NA,NA,NA,NA,NA,"white",409,47,-20,"1.27","15.5",NA,"P","0.0","9.0",5.4,1,1,NA,"Y",NA,NA,NA,NA,NA,NA,1.27
"3292",NA,NA,2022,NA,NA,NA,"seep","13.5R",NA,NA,NA,NA,NA,NA,"white",404,48,-10,"7.74","39.4",NA,"P","0.0","78.0",9.9,4,4,NA,"Y",NA,NA,NA,NA,NA,NA,7.74
"3293",NA,NA,2022,NA,NA,NA,"seep","14.0R",NA,NA,NA,NA,NA,NA,"white",405,3,-7,"6.44","50.0",NA,"P","23.0","126.0",7.7,3,3,NA,"Y",NA,NA,NA,NA,NA,"1 veg 2° branch",6.44
"3294",NA,NA,2022,NA,NA,NA,"seep","13.5L",NA,NA,NA,NA,NA,NA,"white",7,4,7,"2.1","23.0",NA,"P","0.0","17.0",5.8,1,1,NA,"Y",NA,NA,NA,NA,NA,NA,2.1
"3295",NA,NA,2022,NA,NA,NA,"seep","14.0L",NA,NA,NA,NA,NA,NA,"white",400,1,33,"2.55","31.0",NA,"P","0.0","26.0",6.6,1,1,NA,"Y",NA,NA,NA,NA,NA,NA,2.55
"3296",2024-01-09,"SHS",2023,2023-06-03,NA,"TM2","upper","2.5",NA,NA,NA,NA,NA,NA,"white",62,38,3,NA,NA,NA,"X",NA,NA,NA,NA,NA,NA,NA,NA,NA,NA,NA,NA,"dead",NA
"3297",2024-01-09,"SHS",2023,2023-06-03,NA,"TM2","upper","5.5",NA,NA,NA,NA,NA,NA,"white",2,2,25,NA,NA,NA,"X",NA,NA,NA,NA,NA,NA,NA,NA,NA,NA,NA,NA,"dead",NA
"3298",2024-01-09,"SHS",2023,2023-06-03,NA,"TM2","upper","7.0",NA,NA,NA,NA,NA,NA,"white",72,44,46,NA,NA,NA,"X",NA,NA,NA,NA,NA,NA,NA,NA,NA,NA,NA,NA,"dead",NA
"3299",2024-01-09,"SHS",2023,2023-06-03,NA,"TM2","upper","7.0",NA,NA,NA,NA,NA,NA,"white",66,6,4,NA,NA,NA,"X",NA,NA,NA,NA,NA,NA,NA,NA,NA,NA,NA,NA,"dead",NA
"3300",2024-01-09,"SHS",2023,2023-06-03,NA,"TM2","upper","7.0",NA,NA,NA,NA,NA,NA,"white",8,43,30,NA,NA,NA,"X",NA,NA,NA,NA,NA,NA,NA,NA,NA,NA,NA,NA,"dead",NA
"3301",2024-01-09,"SHS",2023,2023-06-03,NA,"TM2","upper","7.0",NA,NA,NA,NA,NA,NA,"white",74,43,5,"6.32","38.1",NA,"P",NA,"45.0",7,1,1,NA,"N",NA,NA,NA,NA,NA,NA,6.32
"3302",2024-01-09,"SHS",2023,2023-06-03,NA,"TM2","upper","7.5",NA,NA,NA,NA,NA,NA,"white",60,29,34,NA,NA,NA,"X",NA,NA,NA,NA,NA,NA,NA,NA,NA,NA,NA,NA,"dead",NA
"3303",2024-01-09,"SHS",2023,2023-06-03,NA,"TM2","upper","10.0",NA,NA,NA,NA,NA,NA,"white",78,49,31,"4.57","36.0",NA,"P",NA,"18.0",9,1,1,NA,"N",NA,NA,NA,NA,NA,NA,4.57
"3304",2024-01-09,"SHS",2023,2023-06-03,NA,"TM2","upper","10.5",NA,NA,NA,NA,NA,NA,"white",79,41,11,NA,NA,NA,"X",NA,NA,NA,NA,NA,NA,NA,NA,NA,NA,NA,NA,"dead",NA
"3305",2024-01-09,"SHS",2023,2023-06-03,NA,"TM2","upper","11.0",NA,NA,NA,NA,NA,NA,"white",3,24,60,NA,NA,NA,"X",NA,NA,NA,NA,NA,NA,NA,NA,NA,NA,NA,NA,"dead",NA
"3306",2024-01-09,"SHS",2023,2023-06-03,NA,"TM2","upper","11.0",NA,NA,NA,NA,NA,NA,"white",63,12,54,NA,NA,NA,"X",NA,NA,NA,NA,NA,NA,NA,NA,NA,NA,NA,NA,"dead",NA
"3307",2024-01-09,"SHS",2023,2023-06-03,NA,"TM2","upper","11.5",NA,NA,NA,NA,NA,NA,"white",64,24,50,"5.98","45.0",NA,"P",NA,"53.0",8,1,1,NA,"Y",NA,NA,NA,NA,NA,NA,5.98
"3308",2024-01-09,"SHS",2023,2023-06-03,NA,"TM2","upper","13.0",NA,NA,NA,NA,NA,NA,"white",77,36,2,NA,NA,NA,"X",NA,NA,NA,NA,NA,NA,NA,NA,NA,NA,NA,NA,"dead",NA
"3309",2024-01-09,"SHS",2023,2023-06-03,NA,"TM2","upper","14.5",NA,NA,NA,NA,NA,NA,"white",73,34,24,NA,NA,NA,"X",NA,NA,NA,NA,NA,NA,NA,NA,NA,NA,NA,NA,NA,NA
"3310",2024-01-09,"SHS",2023,2023-06-03,NA,"TM2","upper","14.5",NA,NA,NA,NA,NA,NA,"white",65,34,39,NA,NA,NA,"X",NA,NA,NA,NA,NA,NA,NA,NA,NA,NA,NA,NA,NA,NA
"3311",2024-01-09,"SHS",2023,2023-06-03,NA,"TM2","upper","14.5",NA,NA,NA,NA,NA,NA,"white",67,36,26,"1.4","15.3",NA,"P",NA,"3.0",4.8,1,1,NA,"N",NA,NA,NA,NA,NA,NA,1.4
"3312",2024-01-09,"SHS",2023,2023-06-03,NA,"TM2","upper","0.0",NA,NA,NA,NA,NA,NA,NA,NA,NA,NA,"0.98","11.1",NA,"P",NA,"3.0",2.8,1,1,NA,"N",NA,NA,NA,NA,NA,NA,0.5
"3313",2024-01-09,"SHS",2023,2023-06-03,NA,"TM2","upper","0.0",NA,NA,NA,NA,NA,NA,"red",97,14,7,"1.2","23.1",NA,"P",NA,"3.0",4.4,1,1,NA,"N",NA,NA,NA,NA,NA,NA,1.2
"3314",2024-01-09,"SHS",2023,2023-06-03,NA,"TM2","upper","0.0",NA,NA,NA,NA,NA,NA,"red",866,10,10,"1.03","13.9",NA,"P",NA,"2.0",3.2,1,1,NA,"N",NA,NA,NA,NA,NA,NA,1.03
"3315",2024-01-09,"SHS",2023,2023-06-03,NA,"TM2","upper","0.0",NA,NA,NA,NA,NA,NA,"red",101,15,9,"1.55","20.5",NA,"P",NA,"2.0",5,1,1,NA,"N",NA,NA,NA,NA,NA,NA,1.55
"3316",2024-01-09,"SHS",2023,2023-06-03,NA,"TM2","upper","0.0",NA,NA,NA,NA,NA,NA,"red",292,19,7,"1.25","14.9",NA,"P",NA,"4.0",5.8,1,1,NA,"N",NA,NA,NA,NA,NA,NA,1.25
"3317",2024-01-09,"SHS",2023,2023-06-03,NA,"TM2","upper","0.0",NA,NA,NA,NA,NA,NA,"red",43,23,14,"1.28","16.2",NA,"P",NA,"3.0",6.2,1,1,NA,"N",NA,NA,NA,NA,NA,NA,1.28
"3318",2024-01-09,"SHS",2023,2023-06-03,NA,"TM2","upper","0.0",NA,NA,NA,NA,NA,NA,"red",203,25,14,"1.29","16.2",NA,"P",NA,"3.0",3.9,1,1,NA,"N",NA,NA,NA,NA,NA,NA,1.29
"3319",2024-01-09,"SHS",2023,2023-06-03,NA,"TM2","upper","0.0",NA,NA,NA,NA,NA,NA,NA,NA,NA,NA,"0.98","6.4",NA,"V",NA,NA,NA,NA,1,"1.0",NA,NA,NA,NA,NA,NA,NA,0.5
"3320",2024-01-09,"SHS",2023,2023-06-03,NA,"TM2","upper","0.0",NA,NA,NA,NA,NA,NA,"red",251,36,1,"1.67","24.7",NA,"P",NA,"3.0",6.1,1,1,NA,"N",NA,NA,NA,NA,NA,"very wilted",1.67
"3321",2024-01-16,"SHS",2023,2023-06-03,NA,"TM2","upper","0.0",NA,NA,NA,NA,NA,NA,"red",709,44,8,"1.08","19.8",NA,"P",NA,"5.0",5.1,1,1,NA,"N",NA,NA,NA,NA,NA,NA,1.08
"3322",2024-01-16,"SHS",2023,2023-06-03,NA,"TM2","upper","0.0",NA,NA,NA,NA,NA,NA,"red",111,47,3,"1.22","21.9",NA,"P",NA,"2.0",5.7,1,1,NA,"N",NA,NA,NA,NA,NA,NA,1.22
"3323",2024-01-16,"SHS",2023,2023-06-03,NA,"TM2","upper","0.0",NA,NA,NA,NA,NA,NA,"red",572,48,8,"1.21","22.8",NA,"P",NA,"3.0",6.2,1,1,NA,"N",NA,NA,NA,NA,NA,NA,1.21
"3324",2024-01-16,"SHS",2023,2023-06-03,NA,"TM2","upper","0.0",NA,NA,NA,NA,NA,NA,NA,NA,NA,NA,"1.24","12.6",NA,"P",NA,"7.0",5.2,1,1,NA,"N",NA,NA,NA,NA,NA,NA,1.24
"3325",2024-01-16,"SHS",2023,2023-06-03,NA,"TM2","upper","0.0",NA,NA,NA,NA,NA,NA,NA,NA,NA,NA,"1.48","14.4",NA,"P",NA,"4.0",2.9,1,1,NA,"N",NA,NA,NA,NA,NA,NA,1.48
"3326",2024-01-16,"SHS",2023,2023-06-03,NA,"TM2","upper","0.0",NA,NA,NA,NA,NA,NA,NA,NA,NA,NA,"1.23","13.2",NA,"P","1.0","1.0",1.8,1,1,NA,"N",NA,NA,NA,NA,NA,NA,1.23
"3327",2024-01-16,"SHS",2023,2023-06-03,NA,"TM2","upper","0.5",NA,NA,NA,NA,NA,NA,NA,NA,NA,NA,"0.82","8.1",NA,"P",NA,"1.0",2.8,1,1,NA,"N",NA,NA,NA,NA,NA,NA,0.5
"3328",2024-01-16,"SHS",2023,2023-06-03,NA,"TM2","upper","0.5",NA,NA,NA,NA,NA,NA,NA,NA,NA,NA,"0.65","3.3",NA,"V",NA,NA,NA,NA,1,"0.7","N",NA,NA,NA,NA,NA,NA,0.5
"3329",2024-01-16,"SHS",2023,2023-06-03,NA,"TM2","upper","1.0",NA,NA,NA,NA,NA,NA,NA,NA,NA,NA,"0.7","9.8",NA,"P",NA,"2.0",2.9,1,1,NA,"N",NA,NA,NA,NA,NA,NA,0.5
"3330",2024-01-16,"SHS",2023,2023-06-03,NA,"TM2","upper","1.5",NA,NA,NA,NA,NA,NA,NA,NA,NA,NA,"0.77","12.2",NA,"P",NA,"2.0",3.3,1,1,NA,"N",NA,NA,NA,NA,NA,NA,0.5
"3331",2024-01-16,"SHS",2023,2023-06-03,NA,"TM2","upper","1.5",NA,NA,NA,NA,NA,NA,"red",39,13,41,"1.5","22.8",NA,"P",NA,"4.0",5.1,1,1,NA,"N",NA,NA,NA,NA,NA,NA,1.5
"3332",2024-01-16,"SHS",2023,2023-06-03,NA,"TM2","upper","1.5",NA,NA,NA,NA,NA,NA,"red",NA,NA,NA,"0.87","16.7",NA,"P",NA,"2.0",3.9,1,1,NA,"N",NA,NA,NA,NA,NA,"crispy",0.5
"3333",2024-01-16,"SHS",2023,2023-06-03,NA,"TM2","upper","1.5",NA,NA,NA,NA,NA,NA,"red",398,45,44,"1.15","21.9",NA,"P",NA,"4.0",3.8,1,1,NA,"N",NA,NA,NA,NA,NA,NA,1.15
"3334",2024-01-16,"SHS",2023,2023-06-03,NA,"TM2","upper","1.5",NA,NA,NA,NA,NA,NA,"red",142,40,41,"1.07","15.3",NA,"P",NA,"1.0",3.5,1,1,NA,"N",NA,NA,NA,NA,NA,NA,1.07
"3335",2024-01-16,"SHS",2023,2023-06-03,NA,"TM2","upper","2.0",NA,NA,NA,NA,NA,NA,"red",598,17,6,"1.15","16.4",NA,"P",NA,"2.0",4.5,1,1,NA,"N",NA,NA,NA,NA,NA,NA,1.15
"3336",2024-01-16,"SHS",2023,2023-06-03,NA,"TM2","upper","6.5",NA,NA,NA,NA,NA,NA,"red",82,33,7,"5.03","36.0",NA,"P",NA,"24.0",6.2,1,1,NA,"N",NA,NA,NA,NA,NA,NA,5.03
"3337",2024-01-16,"SHS",2023,2023-06-03,NA,"TM2","upper","6.5",NA,NA,NA,NA,NA,NA,"red",49,35,12,"1.23","18.1",NA,"P",NA,"2.0",4.3,1,1,NA,"N",NA,NA,NA,NA,NA,NA,1.23
"3338",2024-01-16,"SHS",2023,2023-06-03,NA,"TM2","upper","6.5",NA,NA,NA,NA,NA,NA,NA,NA,NA,NA,"0.81","13.7",NA,"P",NA,"2.0",4.5,1,1,NA,"N",NA,NA,NA,NA,NA,NA,0.5
"3339",2024-01-16,"SHS",2023,2023-06-03,NA,"TM2","upper","7.0",NA,NA,NA,NA,NA,NA,"red",65,1,6,"1.1","13.2",NA,"P",NA,"2.0",5,1,1,NA,"N",NA,NA,NA,NA,NA,NA,1.1
"3340",2024-01-16,"SHS",2023,2023-06-03,NA,"TM2","upper","7.0",NA,NA,NA,NA,NA,NA,NA,NA,NA,NA,"0.65","15.2",NA,"P",NA,"2.0",4.8,1,1,NA,"N",NA,NA,NA,NA,NA,NA,0.5
"3341",2024-01-16,"SHS",2023,2023-06-03,NA,"TM2","upper","7.0",NA,NA,NA,NA,NA,NA,NA,NA,NA,NA,"0.62","6.4",NA,"V",NA,NA,NA,NA,1,"0.4","Y",NA,NA,NA,NA,NA,NA,0.5
"3342",2024-01-16,"SHS",2023,2023-06-03,NA,"TM2","upper","7.0",NA,NA,NA,NA,NA,NA,NA,NA,NA,NA,"0.86","14.6",NA,"P",NA,"2.0",2.5,1,1,NA,"Y",NA,NA,NA,NA,NA,NA,0.5
"3343",2024-01-16,"SHS",2023,2023-06-03,NA,"TM2","upper","7.0",NA,NA,NA,NA,NA,NA,NA,NA,NA,NA,"0.91","14.1",NA,"P",NA,"1.0",5.4,1,1,NA,"Y",NA,NA,NA,NA,NA,NA,0.5
"3344",2024-01-16,"SHS",2023,2023-06-03,NA,"TM2","upper","7.0",NA,NA,NA,NA,NA,NA,NA,NA,NA,NA,"0.48","5.7",NA,"V",NA,NA,NA,NA,1,"0.3","N",NA,NA,NA,NA,NA,NA,0.5
"3345",2024-01-16,"SHS",2023,2023-06-03,NA,"TM2","upper","7.0",NA,NA,NA,NA,NA,NA,NA,NA,NA,NA,"0.68","6.1",NA,"P",NA,"1.0",0.2,1,1,NA,"Y",NA,NA,NA,NA,NA,NA,0.5
"3346",2024-01-16,"SHS",2023,2023-06-03,NA,"TM2","upper","7.0",NA,NA,NA,NA,NA,NA,NA,NA,NA,NA,"0.83","9.6",NA,"P",NA,"2.0",1.3,1,1,NA,"Y",NA,NA,NA,NA,NA,NA,0.5
"3347",2024-01-16,"SHS",2023,2023-06-03,NA,"TM2","upper","7.0",NA,NA,NA,NA,NA,NA,"red",45,23,7,"1.03","15.0",NA,"P",NA,"3.0",4.6,1,1,NA,"Y",NA,NA,NA,NA,NA,NA,1.03
"3348",2024-01-16,"SHS",2023,2023-06-03,NA,"TM2","upper","7.0",NA,NA,NA,NA,NA,NA,NA,NA,NA,NA,"0.89","17.0",NA,"P",NA,"3.0",4,1,1,NA,"N",NA,NA,NA,NA,NA,NA,0.5
"3349",2024-01-16,"SHS",2023,2023-06-03,NA,"TM2","upper","7.0",NA,NA,NA,NA,NA,NA,NA,NA,NA,NA,"0.75","13.9",NA,"P",NA,"2.0",2.6,1,1,NA,"Y",NA,NA,NA,NA,NA,NA,0.5
"3350",2024-01-16,"SHS",2023,2023-06-03,NA,"TM2","upper","7.0",NA,NA,NA,NA,NA,NA,NA,NA,NA,NA,"0.72","13.4",NA,"P",NA,"1.0",3.1,1,1,NA,"N",NA,NA,NA,NA,NA,NA,0.5
"3351",2024-01-16,"SHS",2023,2023-06-03,NA,"TM2","upper","8.0",NA,NA,NA,NA,NA,NA,NA,NA,NA,NA,"0.72","12.0",NA,"P",NA,"2.0",2.4,1,1,NA,"N",NA,NA,NA,NA,NA,NA,0.5
"3352",2024-01-16,"SHS",2023,2023-06-03,NA,"TM2","upper","8.0",NA,NA,NA,NA,NA,NA,"red",235,30,30,"1.23","2.63",NA,"P",NA,"5.0",5.9,1,1,NA,"N",NA,NA,NA,NA,NA,NA,1.23
"3353",2024-01-16,"SHS",2023,2023-06-03,NA,"TM2","upper","8.0",NA,NA,NA,NA,NA,NA,"red",148,48,2,"7.06","36.8",NA,"P",NA,"61.0",6.6,1,1,NA,"N",NA,NA,NA,NA,NA,NA,7.06
"3354",2024-01-16,"SHS",2023,2023-06-03,NA,"TM2","upper","8.5",NA,NA,NA,NA,NA,NA,NA,NA,NA,NA,"0.85","15.1",NA,"P",NA,"2.0",3.5,1,1,NA,"N",NA,NA,NA,NA,NA,NA,0.5
"3355",2024-01-16,"SHS",2023,2023-06-03,NA,"TM2","upper","8.5",NA,NA,NA,NA,NA,NA,NA,NA,NA,NA,"0.78","8.3",NA,"P","1.0","1.0",2,1,1,NA,"N",NA,NA,NA,NA,NA,NA,0.5
"3356",2024-01-16,"SHS",2023,2023-06-03,NA,"TM2","upper","9.0",NA,NA,NA,NA,NA,NA,NA,NA,NA,NA,"0.85","14.8",NA,"P",NA,"2.0",3.5,1,1,NA,"N",NA,NA,NA,NA,NA,NA,0.5
"3357",2024-01-16,"SHS",2023,2023-06-03,NA,"TM2","upper","9.0",NA,NA,NA,NA,NA,NA,"red",30,33,14,"1.04","18.9",NA,"P",NA,"2.0",4.4,1,1,NA,"N",NA,NA,NA,NA,NA,NA,1.04
"3358",2024-01-16,"SHS",2023,2023-06-03,NA,"TM2","upper","9.5",NA,NA,NA,NA,NA,NA,NA,NA,NA,NA,"0.63","9.7",NA,"V",NA,NA,NA,NA,1,"0.5","N",NA,NA,NA,NA,NA,NA,0.5
"3359",2024-01-16,"SHS",2023,2023-06-03,NA,"TM2","upper","10.0",NA,NA,NA,NA,NA,NA,"red",92,10,27,"1.11","17.3",NA,"P",NA,"2.0",3.9,1,1,NA,"N",NA,NA,NA,NA,NA,NA,1.11
"3360",2024-01-16,"SHS",2023,2023-06-03,NA,"TM2","upper","10.0",NA,NA,NA,NA,NA,NA,"red",571,18,28,"1.4","19.9",NA,"P",NA,"2.0",4.5,1,1,NA,"N",NA,NA,NA,NA,NA,NA,1.4
"3361",2024-01-16,"SHS",2023,2023-06-03,NA,"TM2","upper","10.0",NA,NA,NA,NA,NA,NA,NA,NA,NA,NA,"0.65","11.5",NA,"P",NA,"1.0",2.8,1,1,NA,"N",NA,NA,NA,NA,NA,NA,0.5
"3362",2024-01-16,"SHS",2023,2023-06-03,NA,"TM2","upper","10.5",NA,NA,NA,NA,NA,NA,NA,NA,NA,NA,"0.77","17.7",NA,"P",NA,"1.0",3.6,1,1,NA,"N",NA,NA,NA,NA,NA,NA,0.5
"3363",2024-01-16,"SHS",2023,2023-06-03,NA,"TM2","upper","10.5",NA,NA,NA,NA,NA,NA,NA,NA,NA,NA,"0.75","6.9",NA,"P",NA,"1.0",0.8,1,1,NA,"N",NA,NA,NA,NA,NA,NA,0.5
"3364",2024-01-16,"SHS",2023,2023-06-03,NA,"TM2","upper","10.5",NA,NA,NA,NA,NA,NA,NA,NA,NA,NA,"0.77","8.2",NA,"P",NA,"1.0",2.4,1,1,NA,"N",NA,NA,NA,NA,NA,NA,0.5
"3365",2024-01-16,"SHS",2023,2023-06-03,NA,"TM2","upper","10.5",NA,NA,NA,NA,NA,NA,NA,NA,NA,NA,"0.51","7.4",NA,"P",NA,"1.0",0.4,1,1,NA,"N",NA,NA,NA,NA,NA,NA,0.5
"3366",2024-01-16,"SHS",2023,2023-06-03,NA,"TM2","upper","10.5",NA,NA,NA,NA,NA,NA,NA,NA,NA,NA,"1.11","13.1",NA,"P",NA,"1.0",2.7,1,1,NA,"N",NA,NA,NA,NA,NA,"very dry;crispy",1.11
"3367",2024-01-16,"SHS",2023,2023-06-03,NA,"TM2","upper","11.0",NA,NA,NA,NA,NA,NA,NA,NA,NA,NA,"0.89","3.2",NA,"B",NA,NA,NA,NA,1,NA,"N",NA,NA,NA,NA,NA,NA,0.5
"3368",2024-01-16,"SHS",2023,2023-06-03,NA,"TM2","upper","11.0",NA,NA,NA,NA,NA,NA,NA,NA,NA,NA,"0.73","8.1",NA,"P",NA,"1.0",2,1,1,NA,"N",NA,NA,NA,NA,NA,NA,0.5
"3369",2024-01-16,"SHS",2023,2023-06-03,NA,"TM2","upper","11.0",NA,NA,NA,NA,NA,NA,NA,NA,NA,NA,"0.65","6.8",NA,"F","2.0",NA,NA,1,1,NA,"N",NA,NA,NA,NA,NA,NA,0.5
"3370",2024-01-16,"SHS",2023,2023-06-03,NA,"TM2","upper","11.0",NA,NA,NA,NA,NA,NA,NA,NA,NA,NA,"0.49","5.0",NA,"V",NA,NA,NA,NA,1,"0.3","N",NA,NA,NA,NA,NA,NA,0.5
"3371",2024-01-16,"SHS",2023,2023-06-03,NA,"TM2","upper","11.0",NA,NA,NA,NA,NA,NA,NA,NA,NA,NA,"0.46","6.4",NA,"V",NA,NA,NA,NA,1,"0.4","N",NA,NA,NA,NA,NA,NA,0.5
"3372",2024-01-16,"SHS",2023,2023-06-03,NA,"TM2","upper","11.0",NA,NA,NA,NA,NA,NA,NA,NA,NA,NA,"0.49","9.2",NA,"P",NA,"1.0",2.2,1,1,NA,"N",NA,NA,NA,NA,NA,NA,0.5
"3373",2024-01-16,"SHS",2023,2023-06-03,NA,"TM2","upper","11.0",NA,NA,NA,NA,NA,NA,NA,NA,NA,NA,"0.74","11.3",NA,"P",NA,"1.0",4.2,1,1,NA,"N",NA,NA,NA,NA,NA,"very dry",0.5
"3374",2024-01-16,"SHS",2023,2023-06-03,NA,"TM2","upper","11.5",NA,NA,NA,NA,NA,NA,"red",394,2,18,"1.41","22.3",NA,"P",NA,"2.0",6,1,1,NA,"Y",NA,NA,NA,NA,NA,NA,1.41
"3375",2024-01-16,"SHS",2023,2023-06-03,NA,"TM2","upper","11.5",NA,NA,NA,NA,NA,NA,NA,NA,NA,NA,"0.83","9.4",NA,"P",NA,"2.0",2.8,1,1,NA,"Y",NA,NA,NA,NA,NA,NA,0.5
"3376",2024-01-16,"SHS",2023,2023-06-03,NA,"TM2","upper","11.5",NA,NA,NA,NA,NA,NA,NA,NA,NA,NA,"0.8","7.9",NA,"P",NA,"1.0",4.1,1,1,NA,"Y",NA,NA,NA,NA,NA,NA,0.5
"3377",2024-01-16,"SHS",2023,2023-06-03,NA,"TM2","upper","11.5",NA,NA,NA,NA,NA,NA,NA,NA,NA,NA,"0.99","13.0",NA,"P",NA,"1.0",2.9,1,1,NA,"Y",NA,NA,NA,NA,NA,NA,0.5
"3378",2024-01-16,"SHS",2023,2023-06-03,NA,"TM2","upper","11.5",NA,NA,NA,NA,NA,NA,NA,NA,NA,NA,"0.57","4.0",NA,"V",NA,NA,NA,NA,1,"0.4","N",NA,NA,NA,NA,NA,NA,0.5
"3379",2024-01-16,"SHS",2023,2023-06-03,NA,"TM2","upper","11.5",NA,NA,NA,NA,NA,NA,NA,NA,NA,NA,"0.59","5.5",NA,"P",NA,"1.0",0.4,1,1,NA,"Y",NA,NA,NA,NA,NA,NA,0.5
"3380",2024-01-16,"SHS",2023,2023-06-03,NA,"TM2","upper","11.5",NA,NA,NA,NA,NA,NA,NA,NA,NA,NA,"0.57","6.6",NA,"V",NA,NA,NA,NA,1,"0.5","N",NA,NA,NA,NA,NA,NA,0.5
"3381",2024-01-16,"SHS",2023,2023-06-03,NA,"TM2","upper","12.0",NA,NA,NA,NA,NA,NA,NA,NA,NA,NA,"0.71","11.0",NA,"P",NA,"1.0",2.1,1,1,NA,"N",NA,NA,NA,NA,NA,NA,0.5
"3382",2024-01-16,"SHS",2023,2023-06-03,NA,"TM2","upper","12.0",NA,NA,NA,NA,NA,NA,NA,NA,NA,NA,"0.65","9.5",NA,"P","1.0","1.0",1.8,1,1,NA,"N",NA,NA,NA,NA,NA,NA,0.5
"3383",2024-01-16,"SHS",2023,2023-06-03,NA,"TM2","upper","12.0",NA,NA,NA,NA,NA,NA,NA,NA,NA,NA,"0.79","15.5",NA,"P",NA,"1.0",3.2,1,1,NA,"N",NA,NA,NA,NA,NA,NA,0.5
"3384",2024-01-16,"SHS",2023,2023-06-03,NA,"TM2","upper","12.0",NA,NA,NA,NA,NA,NA,NA,NA,NA,NA,"0.86","14.7",NA,"P",NA,"1.0",4,1,1,NA,"Y",NA,NA,NA,NA,NA,NA,0.5
"3385",2024-01-16,"SHS",2023,2023-06-03,NA,"TM2","upper","12.0",NA,NA,NA,NA,NA,NA,NA,NA,NA,NA,"0.72","16.5",NA,"P",NA,"1.0",3.5,1,1,NA,"N",NA,NA,NA,NA,NA,NA,0.5
"3386",2024-01-16,"SHS",2023,2023-06-03,NA,"TM2","upper","12.5",NA,NA,NA,NA,NA,NA,NA,NA,NA,NA,"0.62","7.1",NA,"B",NA,NA,NA,1,1,"0.4","Y",NA,NA,NA,NA,NA,NA,0.5
"3387",2024-01-16,"SHS",2023,2023-06-03,NA,"TM2","upper","12.5",NA,NA,NA,NA,NA,NA,"red",704,15,14,"1.37","18.5",NA,"P",NA,"2.0",4.9,1,1,NA,"Y",NA,NA,NA,NA,NA,NA,1.37
"3388",2024-01-16,"SHS",2023,2023-06-03,NA,"TM2","upper","12.5",NA,NA,NA,NA,NA,NA,"red",777,15,20,"1.0","5.2",NA,"P",NA,"2.0",3.1,1,1,NA,"Y",NA,NA,NA,NA,NA,NA,1
"3389",2024-01-16,"SHS",2023,2023-06-03,NA,"TM2","upper","12.5",NA,NA,NA,NA,NA,NA,NA,NA,NA,NA,"0.7","15.0",NA,"P",NA,"4.0",1.2,1,1,NA,"N",NA,NA,NA,NA,NA,NA,0.5
"3390",2024-01-16,"SHS",2023,2023-06-03,NA,"TM2","upper","12.5",NA,NA,NA,NA,NA,NA,NA,NA,NA,NA,"0.72","7.5",NA,"P",NA,"2.0",2.2,1,1,NA,"N",NA,NA,NA,NA,NA,"crispy",0.5
"3391",2024-01-16,"SHS",2023,2023-06-03,NA,"TM2","upper","13.5",NA,NA,NA,NA,NA,NA,NA,NA,NA,NA,"0.65","10.0",NA,"P",NA,"1.0",1.6,1,1,NA,"Y",NA,NA,NA,NA,NA,NA,0.5
"3392",2024-01-16,"SHS",2023,2023-06-03,NA,"TM2","upper","13.5",NA,NA,NA,NA,NA,NA,NA,NA,NA,NA,"0.82","16.2",NA,"P",NA,"2.0",3.8,1,1,NA,"N",NA,NA,NA,NA,NA,NA,0.5
"3393",2024-01-16,"SHS",2023,2023-06-03,NA,"TM2","upper","13.5",NA,NA,NA,NA,NA,NA,NA,NA,NA,NA,"0.77","12.3",NA,"P",NA,"1.0",1.9,1,1,NA,"Y",NA,NA,NA,NA,NA,NA,0.5
"3394",2024-01-16,"SHS",2023,2023-06-03,NA,"TM2","upper","13.5",NA,NA,NA,NA,NA,NA,NA,NA,NA,NA,"0.74","13.7",NA,"P",NA,"2.0",3.7,1,1,NA,"Y",NA,NA,NA,NA,NA,"crispy",0.5
"3395",2024-01-16,"SHS",2023,2023-06-03,NA,"TM2","upper","14.0",NA,NA,NA,NA,NA,NA,NA,NA,NA,NA,"0.94","20.5",NA,"P",NA,"3.0",5.2,1,1,NA,"Y",NA,NA,NA,NA,NA,NA,0.5
"3396",2024-01-16,"SHS",2023,2023-06-03,NA,"TM2","upper","14.0",NA,NA,NA,NA,NA,NA,NA,NA,NA,NA,"0.56","12.9",NA,"P",NA,"1.0",3.5,1,1,NA,"Y",NA,NA,NA,NA,NA,"dry",0.5
"3397",2024-01-16,"SHS",2023,2023-06-03,NA,"TM2","upper","14.0",NA,NA,NA,NA,NA,NA,NA,NA,NA,NA,"0.53","5.9",NA,"F","1.0",NA,NA,1,1,NA,"Y",NA,NA,NA,NA,NA,NA,0.5
"3398",2024-01-16,"SHS",2023,2023-06-03,NA,"TM2","upper","14.0",NA,NA,NA,NA,NA,NA,NA,NA,NA,NA,"0.62","10.3",NA,"P",NA,"2.0",1.7,1,1,NA,"N",NA,NA,NA,NA,NA,NA,0.5
"3399",2024-01-16,"SHS",2023,2023-06-03,NA,"TM2","upper","14.0",NA,NA,NA,NA,NA,NA,"red",786,46,39,"1.09","11.6",NA,"P",NA,"1.0",2.4,1,1,NA,"N",NA,NA,NA,NA,NA,NA,1.09
"3400",2024-01-16,"SHS",2023,2023-06-03,NA,"TM2","upper","14.0",NA,NA,NA,NA,NA,NA,NA,NA,NA,NA,"0.75","6.8",NA,"P",NA,"1.0",2,1,1,NA,"N",NA,NA,NA,NA,NA,NA,0.5
"3401",2024-01-16,"SHS",2023,2023-06-03,NA,"TM2","upper","14.0",NA,NA,NA,NA,NA,NA,NA,NA,NA,NA,"0.98","9.7",NA,"F","2.0",NA,NA,1,1,NA,"N",NA,NA,NA,NA,NA,NA,0.5
"3402",2024-01-16,"SHS",2023,2023-06-03,NA,"TM2","upper","14.5",NA,NA,NA,NA,NA,NA,NA,NA,NA,NA,"0.41","4.1",NA,"P",NA,"1.0",1.9,1,1,NA,"Y",NA,NA,NA,NA,NA,NA,0.5
"3403",2024-01-16,"SHS",2023,2023-06-03,NA,"TM2","upper","15.0",NA,NA,NA,NA,NA,NA,NA,NA,NA,NA,"0.85","9.7",NA,"P",NA,"1.0",2.3,1,1,NA,"N",NA,NA,NA,NA,NA,NA,0.5
"3404",2024-01-16,"SHS",2023,2023-06-03,NA,"TM2","upper","15.0",NA,NA,NA,NA,NA,NA,NA,NA,NA,NA,"0.94","16.3",NA,"P",NA,"1.0",3.2,1,1,NA,"N",NA,NA,NA,NA,NA,NA,0.5
"3405",2024-01-16,"SHS",2023,2023-06-03,NA,"TM2","upper","15.5",NA,NA,NA,NA,NA,NA,NA,NA,NA,NA,"0.86","13.8",NA,"P",NA,"2.0",2.4,1,1,NA,"N",NA,NA,NA,NA,NA,NA,0.5
"3406",2024-01-16,"SHS",2023,2023-06-03,NA,"TM2","upper","15.5",NA,NA,NA,NA,NA,NA,NA,NA,NA,NA,"0.92","18.8",NA,"P",NA,"3.0",3.1,1,1,NA,"N",NA,NA,NA,NA,NA,NA,0.5
"3407",2024-01-16,"SHS",2023,2023-06-03,NA,"TM2","upper","16.0",NA,NA,NA,NA,NA,NA,"red",859,1,50,"2.28","29.9",NA,"P","1.0","10.0",5.9,1,1,NA,"Y",NA,NA,NA,NA,NA,NA,2.28
"3408",2024-01-16,"SHS",2023,2023-06-03,NA,"TM2","seep","4L",NA,NA,NA,NA,NA,NA,"red",248,1,6,"3.23","35.6",NA,"P","12.0","55.0",6.5,1,1,NA,"Y",NA,NA,NA,NA,NA,NA,3.23
"3409",2024-01-16,"SHS",2023,2023-06-03,NA,"TM2","seep","4.5L",NA,NA,NA,NA,NA,NA,"red",75,17,9,"3.2","43.6",NA,"P","17.0","19.0",6.5,1,1,NA,"Y",NA,NA,NA,NA,NA,NA,3.2
"3410",2024-01-16,"SHS",2023,2023-06-03,NA,"TM2","seep","4.5L",NA,NA,NA,NA,NA,NA,"red",16,12,10,"1.32","27.6",NA,"P","3.0","7.0",5.6,1,1,NA,"N",NA,NA,NA,NA,NA,NA,1.32
"3411",2024-01-16,"SHS",2023,2023-06-03,NA,"TM2","seep","4.5L",NA,NA,NA,NA,NA,NA,"red",158,8,5,"1.64","24.4",NA,"P","4.0","14.0",5,1,1,NA,"N",NA,NA,NA,NA,NA,NA,1.64
"3412",2024-01-16,"SHS",2023,2023-06-03,NA,"TM2","seep","5L",NA,NA,NA,NA,NA,NA,NA,NA,NA,NA,"0.8","12.6",NA,"F","2.0",NA,NA,1,1,NA,"N",NA,NA,NA,NA,NA,NA,0.5
"3413",2024-01-16,"SHS",2023,2023-06-03,NA,"TM2","seep","5L",NA,NA,NA,NA,NA,NA,"red",22,25,25,"2.42","36.1",NA,"P","11.0","20.0",6,1,1,NA,"N",NA,NA,NA,NA,NA,NA,2.42
"3414",2024-01-16,"SHS",2023,2023-06-03,NA,"TM2","seep","5L",NA,NA,NA,NA,NA,NA,NA,NA,NA,NA,"0.89","14.0",NA,"P",NA,"4.0",3.7,1,1,NA,"N",NA,NA,NA,NA,NA,NA,0.5
"3415",2024-01-16,"SHS",2023,2023-06-03,NA,"TM2","seep","5L",NA,NA,NA,NA,NA,NA,"red",284,28,16,"1.14","20.1",NA,"P","2.0","6.0",3.7,1,1,NA,"N",NA,NA,NA,NA,NA,NA,1.14
"3416",2024-01-16,"SHS",2023,2023-06-03,NA,"TM2","seep","5L",NA,NA,NA,NA,NA,NA,"red",26,35,10,"2.13","30.1",NA,"P","11.0","30.0",6.4,1,1,NA,"N",NA,NA,NA,NA,NA,NA,2.13
"3417",2024-01-16,"SHS",2023,2023-06-03,NA,"TM2","seep","5L",NA,NA,NA,NA,NA,NA,"red",568,36,16,"1.93","32.2",NA,"P","3.0","13.0",6.5,1,1,NA,"N",NA,NA,NA,NA,NA,NA,1.93
"3418",2024-01-16,"SHS",2023,2023-06-03,NA,"TM2","seep","5L",NA,NA,NA,NA,NA,NA,"red",220,40,9,"1.88","24.3",NA,"P","8.0","12.0",5.8,1,1,NA,"N",NA,NA,NA,NA,NA,NA,1.88
"3419",2024-01-16,"SHS",2023,2023-06-03,NA,"TM2","seep","5L",NA,NA,NA,NA,NA,NA,"red",14,35,17,"1.17","19.5",NA,"P","2.0","6.0",3,1,1,NA,"N",NA,NA,NA,NA,NA,NA,1.17
"3420",2024-01-16,"SHS",2023,2023-06-03,NA,"TM2","seep","7L",NA,NA,NA,NA,NA,NA,NA,NA,NA,NA,"0.74","17.1",NA,"P","1.0","5.0",2.9,1,1,NA,"N",NA,NA,NA,NA,NA,NA,0.5
"3421",2024-01-16,"SHS",2023,2023-06-03,NA,"TM2","seep","1.5L",NA,NA,NA,NA,NA,NA,"white",30,25,45,NA,NA,NA,"X",NA,NA,NA,NA,NA,NA,NA,NA,NA,NA,NA,NA,NA,NA
"3422",2024-01-16,"SHS",2023,2023-06-03,NA,"TM2","seep","1.5L",NA,NA,NA,NA,NA,NA,"white",35,24,40,NA,NA,NA,"X",NA,NA,NA,NA,NA,NA,NA,NA,NA,NA,NA,NA,"blue band from longest silique last year",NA
"3423",2024-01-16,"SHS",2023,2023-06-03,NA,"TM2","seep","1.5L",NA,NA,NA,NA,NA,NA,"white",53,39,49,NA,NA,NA,"X",NA,NA,NA,NA,NA,NA,NA,NA,NA,NA,NA,NA,NA,NA
"3424",2024-01-16,"SHS",2023,2023-06-03,NA,"TM2","seep","6.0L",NA,NA,NA,NA,NA,NA,"white",602,44,31,NA,NA,NA,"X",NA,NA,NA,NA,NA,NA,NA,NA,NA,NA,NA,NA,NA,NA
"3425",2024-01-16,"SHS",2023,2023-06-03,NA,"TM2","seep","6.0L",NA,NA,NA,NA,NA,NA,"white",625,49,47,NA,NA,NA,"X",NA,NA,NA,NA,NA,NA,NA,NA,NA,NA,NA,NA,"blue band from longest silique",NA
"3426",2024-01-16,"SHS",2023,2023-06-03,NA,"TM2","seep","11.0L",NA,NA,NA,NA,NA,NA,"white",620,48,3,NA,NA,NA,"X",NA,NA,NA,NA,NA,NA,NA,NA,NA,NA,NA,NA,NA,NA
"3427",2024-01-16,"SHS",2023,2023-06-03,NA,"TM2","seep","11.5L",NA,NA,NA,NA,NA,NA,"white",728,12,7,NA,NA,NA,"X",NA,NA,NA,NA,NA,NA,NA,NA,NA,NA,NA,NA,NA,NA
"3428",2024-01-16,"SHS",2023,2023-06-03,NA,"TM2","seep","11.5L",NA,NA,NA,NA,NA,NA,"white",37,24,18,NA,NA,NA,"X",NA,NA,NA,NA,NA,NA,NA,NA,NA,NA,NA,NA,NA,NA
"3429",2024-01-16,"SHS",2023,2023-06-03,NA,"TM2","seep","11.5L",NA,NA,NA,NA,NA,NA,"white",303,42,4,NA,NA,NA,"X",NA,NA,NA,NA,NA,NA,NA,NA,NA,NA,NA,NA,NA,NA
"3430",2024-01-16,"SHS",2023,2023-06-03,NA,"TM2","seep","11.5L",NA,NA,NA,NA,NA,NA,"white",608,22,42,NA,NA,NA,"X",NA,NA,NA,NA,NA,NA,NA,NA,NA,NA,NA,NA,"blue band from longest silique",NA
"3431",2024-01-16,"SHS",2023,2023-06-03,NA,"TM2","seep","12.0L",NA,NA,NA,NA,NA,NA,"white",622,11,4,NA,NA,NA,"X",NA,NA,NA,NA,NA,NA,NA,NA,NA,NA,NA,NA,NA,NA
"3432",2024-01-16,"SHS",2023,2023-06-03,NA,"TM2","seep","12.5L",NA,NA,NA,NA,NA,NA,"white",406,26,35,NA,NA,NA,"X",NA,NA,NA,NA,NA,NA,NA,NA,NA,NA,NA,NA,NA,NA
"3433",2024-01-16,"SHS",2023,2023-06-03,NA,"TM2","seep","13.0L",NA,NA,NA,NA,NA,NA,"white",401,24,16,NA,NA,NA,"X",NA,NA,NA,NA,NA,NA,NA,NA,NA,NA,NA,NA,"could not find band",NA
"3434",2024-01-16,"SHS",2023,2023-06-03,NA,"TM2","seep","13.0L",NA,NA,NA,NA,NA,NA,"white",408,44,7,NA,NA,NA,"X",NA,NA,NA,NA,NA,NA,NA,NA,NA,NA,NA,NA,NA,NA
"3435",2024-01-16,"SHS",2023,2023-06-03,NA,"TM2","seep","13.0L",NA,NA,NA,NA,NA,NA,"white",268,15,2,NA,NA,NA,"X",NA,NA,NA,NA,NA,NA,NA,NA,NA,NA,NA,NA,NA,NA
"3436",2024-01-16,"SHS",2023,2023-06-03,NA,"TM2","seep","13.0L",NA,NA,NA,NA,NA,NA,"white",407,6,1,NA,NA,NA,"X",NA,NA,NA,NA,NA,NA,NA,NA,NA,NA,NA,NA,NA,NA
"3437",2024-01-16,"SHS",2023,2023-06-03,NA,"TM2","seep","13.5L",NA,NA,NA,NA,NA,NA,"white",7,4,7,NA,NA,NA,"X",NA,NA,NA,NA,NA,NA,NA,NA,NA,NA,NA,NA,NA,NA
"3438",2024-01-16,"SHS",2023,2023-06-03,NA,"TM2","seep","14.0L",NA,NA,NA,NA,NA,NA,"white",400,1,33,NA,NA,NA,"X",NA,NA,NA,NA,NA,NA,NA,NA,NA,NA,NA,NA,NA,NA
"3439",2024-01-16,"SHS",2023,2023-06-03,NA,"TM2","seep","0.5L",NA,NA,NA,NA,NA,NA,"red",793,27,36,"2.24","31.0",NA,"P","1.0","18.0",6,1,1,NA,"Y",NA,NA,NA,NA,NA,NA,2.24
"3440",2024-01-16,"SHS",2023,2023-06-03,NA,"TM2","seep","0.5L",NA,NA,NA,NA,NA,NA,"red",435,46,25,"3.09","41.1",NA,"P","5.0","55.0",7.4,1,1,NA,"Y",NA,NA,NA,NA,NA,NA,3.09
"3441",2024-01-16,"SHS",2023,2023-06-03,NA,"TM2","seep","0.5L",NA,NA,NA,NA,NA,NA,"red",293,45,33,"2.82","41.4",NA,"P","1.0","52.0",6.8,1,1,NA,"Y",NA,NA,NA,NA,NA,NA,2.82
"3442",2024-01-16,"SHS",2023,2023-06-03,NA,"TM2","seep","0.5L",NA,NA,NA,NA,NA,NA,"red",436,50,47,"2.74","40.5",NA,"P","3.0","59.0",8,1,1,NA,"Y",NA,NA,NA,NA,NA,NA,2.74
"3443",2024-01-16,"SHS",2023,2023-06-03,NA,"TM2","seep","1.0L",NA,NA,NA,NA,NA,NA,"red",127,10,12,"2.95","46.4",NA,"P","4.0","75.0",6.7,1,1,NA,"Y",NA,NA,NA,NA,NA,NA,2.95
"3444",2024-01-16,"SHS",2023,2023-06-03,NA,"TM2","seep","1.0L",NA,NA,NA,NA,NA,NA,"red",784,13,35,"4.55","40.7",NA,"P","1.0","90.0",7.3,2,2,NA,"Y",NA,NA,NA,NA,NA,NA,4.55
"3445",2024-01-16,"SHS",2023,2023-06-03,NA,"TM2","seep","1.5L",NA,NA,NA,NA,NA,NA,"red",109,55,42,"3.47","53.4",NA,"P","23.0","112.0",5.5,1,1,NA,"Y",NA,NA,NA,NA,NA,NA,3.47
"3446",2024-01-25,"SHS",2023,2023-06-03,NA,"TM2","seep","1.5R",NA,NA,NA,NA,NA,NA,"white",26,11,-42,NA,NA,NA,"X",NA,NA,NA,NA,NA,NA,NA,NA,NA,NA,NA,NA,NA,NA
"3447",2024-01-25,"SHS",2023,2023-06-03,NA,"TM2","seep","1.5R",NA,NA,NA,NA,NA,NA,"white",83,15,-37,NA,NA,NA,"X",NA,NA,NA,NA,NA,NA,NA,NA,NA,NA,NA,NA,NA,NA
"3448",2024-01-25,"SHS",2023,2023-06-03,NA,"TM2","seep","2.0R",NA,NA,NA,NA,NA,NA,"white",306,45,-19,NA,NA,NA,"X",NA,NA,NA,NA,NA,NA,NA,NA,NA,NA,NA,NA,NA,NA
"3449",2024-01-25,"SHS",2023,2023-06-03,NA,"TM2","seep","2.5R",NA,NA,NA,NA,NA,NA,"white",629,31,-30,NA,NA,NA,"X",NA,NA,NA,NA,NA,NA,NA,NA,NA,NA,NA,NA,NA,NA
"3450",2024-01-25,"SHS",2023,2023-06-03,NA,"TM2","seep","4.0R",NA,NA,NA,NA,NA,NA,"white",300,6,-45,NA,NA,NA,"X",NA,NA,NA,NA,NA,NA,NA,NA,NA,NA,NA,NA,NA,NA
"3451",2024-01-25,"SHS",2023,2023-06-03,NA,"TM2","seep","4.5R",NA,NA,NA,NA,NA,NA,"white",607,12,-34,NA,NA,NA,"X",NA,NA,NA,NA,NA,NA,NA,NA,NA,NA,NA,NA,NA,NA
"3452",2024-01-25,"SHS",2023,2023-06-03,NA,"TM2","seep","5.5R",NA,NA,NA,NA,NA,NA,"white",628,30,-26,NA,NA,NA,"X",NA,NA,NA,NA,NA,NA,NA,NA,NA,NA,NA,NA,NA,NA
"3453",2024-01-25,"SHS",2023,2023-06-03,NA,"TM2","seep","11.0R",NA,NA,NA,NA,NA,NA,"white",305,37,-35,NA,NA,NA,"X",NA,NA,NA,NA,NA,NA,NA,NA,NA,NA,NA,NA,NA,NA
"3454",2024-01-25,"SHS",2023,2023-06-03,NA,"TM2","seep","11.5R",NA,NA,NA,NA,NA,NA,"white",302,30,-12,NA,NA,NA,"X",NA,NA,NA,NA,NA,NA,NA,NA,NA,NA,NA,NA,NA,NA
"3455",2024-01-25,"SHS",2023,2023-06-03,NA,"TM2","seep","11.5R",NA,NA,NA,NA,NA,NA,"white",43,32,-15,NA,NA,NA,"X",NA,NA,NA,NA,NA,NA,NA,NA,NA,NA,NA,NA,NA,NA
"3456",2024-01-25,"SHS",2023,2023-06-03,NA,"TM2","seep","11.5R",NA,NA,NA,NA,NA,NA,"white",23,33,-19,NA,NA,NA,"X",NA,NA,NA,NA,NA,NA,NA,NA,NA,NA,NA,NA,NA,NA
"3457",2024-01-25,"SHS",2023,2023-06-03,NA,"TM2","seep","11.5R",NA,NA,NA,NA,NA,NA,"white",32,47,-15,NA,NA,NA,"X",NA,NA,NA,NA,NA,NA,NA,NA,NA,NA,NA,NA,"could not find band",NA
"3458",2024-01-25,"SHS",2023,2023-06-03,NA,"TM2","seep","12.0R",NA,NA,NA,NA,NA,NA,"white",500,19,-19,NA,NA,NA,"X",NA,NA,NA,NA,NA,NA,NA,NA,NA,NA,NA,NA,NA,NA
"3459",2024-01-25,"SHS",2023,2023-06-03,NA,"TM2","seep","12.0R",NA,NA,NA,NA,NA,NA,"white",627,17,-31,NA,NA,NA,"X",NA,NA,NA,NA,NA,NA,NA,NA,NA,NA,NA,NA,NA,NA
"3460",2024-01-25,"SHS",2023,2023-06-03,NA,"TM2","seep","12.0R",NA,NA,NA,NA,NA,NA,"white",727,44,-24,NA,NA,NA,"X",NA,NA,NA,NA,NA,NA,NA,NA,NA,NA,NA,NA,NA,NA
"3461",2024-01-25,"SHS",2023,2023-06-03,NA,"TM2","seep","12.5R",NA,NA,NA,NA,NA,NA,"white",726,40,-27,NA,NA,NA,"X",NA,NA,NA,NA,NA,NA,NA,NA,NA,NA,NA,NA,NA,NA
"3462",2024-01-25,"SHS",2023,2023-06-03,NA,"TM2","seep","13.0R",NA,NA,NA,NA,NA,NA,"white",402,5,-42,NA,NA,NA,"X",NA,NA,NA,NA,NA,NA,NA,NA,NA,NA,NA,NA,NA,NA
"3463",2024-01-25,"SHS",2023,2023-06-03,NA,"TM2","seep","13.0R",NA,NA,NA,NA,NA,NA,"white",403,20,-32,NA,NA,NA,"X",NA,NA,NA,NA,NA,NA,NA,NA,NA,NA,NA,NA,"blue band from longest silique",NA
"3464",2024-01-25,"SHS",2023,2023-06-03,NA,"TM2","seep","13.0R",NA,NA,NA,NA,NA,NA,"white",33,21,-28,NA,NA,NA,"X",NA,NA,NA,NA,NA,NA,NA,NA,NA,NA,NA,NA,"could not find band",NA
"3465",2024-01-25,"SHS",2023,2023-06-03,NA,"TM2","seep","13.0R",NA,NA,NA,NA,NA,NA,"white",722,40,-25,NA,NA,NA,"X",NA,NA,NA,NA,NA,NA,NA,NA,NA,NA,NA,NA,NA,NA
"3466",2024-01-25,"SHS",2023,2023-06-03,NA,"TM2","seep","13.0R",NA,NA,NA,NA,NA,NA,"white",410,44,-26,NA,NA,NA,"X",NA,NA,NA,NA,NA,NA,NA,NA,NA,NA,NA,NA,NA,NA
"3467",2024-01-25,"SHS",2023,2023-06-03,NA,"TM2","seep","13.0R",NA,NA,NA,NA,NA,NA,"white",409,47,-20,NA,NA,NA,"X",NA,NA,NA,NA,NA,NA,NA,NA,NA,NA,NA,NA,NA,NA
"3468",2024-01-25,"SHS",2023,2023-06-03,NA,"TM2","seep","13.5R",NA,NA,NA,NA,NA,NA,"white",404,48,-10,NA,NA,NA,"X",NA,NA,NA,NA,NA,NA,NA,NA,NA,NA,NA,NA,NA,NA
"3469",2024-01-25,"SHS",2023,2023-06-03,NA,"TM2","seep","14.0R",NA,NA,NA,NA,NA,NA,"white",405,3,-7,NA,NA,NA,"X",NA,NA,NA,NA,NA,NA,NA,NA,NA,NA,NA,NA,NA,NA
"3470",2024-01-25,"SHS",2023,2023-06-03,NA,"TM2","seep","1.5L",NA,NA,NA,NA,NA,NA,"red",855,24,21,"1.62","25.1",NA,"P","11.0","22.0",5.2,1,1,NA,"Y",NA,NA,NA,NA,NA,NA,1.62
"3471",2024-01-25,"SHS",2023,2023-06-03,NA,"TM2","seep","1.5L",NA,NA,NA,NA,NA,NA,NA,NA,NA,NA,"0.75","12.2",NA,"P","0.0","4.0",4,1,1,NA,"Y",NA,NA,NA,NA,NA,NA,0.5
"3472",2024-01-25,"SHS",2023,2023-06-03,NA,"TM2","seep","1.5L",NA,NA,NA,NA,NA,NA,"red",106,24,41,"1.59","29.1",NA,"P","0.0","22.0",5.7,1,1,NA,"Y",NA,NA,NA,NA,NA,NA,1.59
"3473",2024-01-25,"SHS",2023,2023-06-03,NA,"TM2","seep","1.5L",NA,NA,NA,NA,NA,NA,NA,NA,NA,NA,"1.09","18.8",NA,"P","0.0","2.0",4.5,1,1,NA,"Y",NA,NA,NA,NA,NA,NA,1.09
"3474",2024-01-25,"SHS",2023,2023-06-03,NA,"TM2","seep","1.5L",NA,NA,NA,NA,NA,NA,"red",285,83,36,"1.3","26.9",NA,"P","0.0","6.0",5.8,1,1,NA,"Y",NA,NA,NA,NA,NA,NA,1.3
"3475",2024-01-25,"SHS",2023,2023-06-03,NA,"TM2","seep","1.5L",NA,NA,NA,NA,NA,NA,NA,NA,NA,NA,"0.72","14.9",NA,"P","0.0","2.0",3.4,1,1,NA,"Y",NA,NA,NA,NA,NA,NA,0.5
"3476",2024-01-25,"SHS",2023,2023-06-03,NA,"TM2","seep","1.5L",NA,NA,NA,NA,NA,NA,"red",3,24,49,"3.35","48.3",NA,"P","12.0","92.0",7.5,1,1,NA,"Y",NA,NA,NA,NA,NA,NA,3.35
"3477",2024-01-25,"SHS",2023,2023-06-03,NA,"TM2","seep","2.0L",NA,NA,NA,NA,NA,NA,NA,NA,NA,NA,"0.52","2.2",NA,"V","0.0","0.0",0,0,1,"0.5","Y",NA,NA,NA,NA,NA,NA,0.5
"3478",2024-01-25,"SHS",2023,2023-06-03,NA,"TM2","seep","2.0L",NA,NA,NA,NA,NA,NA,NA,NA,NA,NA,NA,NA,NA,"X",NA,NA,NA,NA,NA,NA,NA,NA,NA,NA,NA,NA,NA,NA
"3479",2024-01-25,"SHS",2023,2023-06-03,NA,"TM2","seep","2.0L",NA,NA,NA,NA,NA,NA,NA,NA,NA,NA,"0.64","13.5",NA,"P","0.0","3.0",3.7,1,1,NA,"Y",NA,NA,NA,NA,NA,NA,0.5
"3480",2024-01-25,"SHS",2023,2023-06-03,NA,"TM2","seep","2.0L",NA,NA,NA,NA,NA,NA,"red",233,33,26,"1.21","19.5",NA,"P","0.0","9.0",5.1,1,1,NA,"Y",NA,NA,NA,NA,NA,NA,1.21
"3481",2024-01-25,"SHS",2023,2023-06-03,NA,"TM2","seep","2.0L",NA,NA,NA,NA,NA,NA,NA,NA,NA,NA,"0.97","19.4",NA,"P","2.0","6.0",5.2,1,1,NA,"Y",NA,NA,NA,NA,NA,NA,0.5
"3482",2024-01-25,"SHS",2023,2023-06-03,NA,"TM2","seep","2.0L",NA,NA,NA,NA,NA,NA,"red",865,30,30,"1.4","28.9",NA,"P","1.0","12.0",4.8,1,1,NA,"Y",NA,NA,NA,NA,NA,NA,1.4
"3483",2024-01-25,"SHS",2023,2023-06-03,NA,"TM2","seep","2.0L",NA,NA,NA,NA,NA,NA,"red",853,10,32,"1.24","23.0",NA,"P","0.0","17.0",5.5,1,1,NA,"Y",NA,NA,NA,NA,NA,NA,1.24
"3484",2024-01-25,"SHS",2023,2023-06-03,NA,"TM2","seep","2.0L",NA,NA,NA,NA,NA,NA,NA,NA,NA,NA,"0.81","19.0",NA,"P","0.0","5.0",3.6,1,1,NA,"Y",NA,NA,NA,NA,NA,NA,0.5
"3485",2024-01-25,"SHS",2023,2023-06-03,NA,"TM2","seep","2.5L",NA,NA,NA,NA,NA,NA,"red",706,10,10,"2.2","25.4",NA,"P","1.0","11.0",6.9,1,1,NA,"Y",NA,NA,NA,NA,NA,NA,2.2
"3486",2024-01-25,"SHS",2023,2023-06-03,NA,"TM2","seep","2.5L",NA,NA,NA,NA,NA,NA,"red",13,28,6,"1.65","25.7",NA,"P","0.0","8.0",6,1,1,NA,"Y",NA,NA,NA,NA,NA,NA,1.65
"3487",2024-01-25,"SHS",2023,2023-06-03,NA,"TM2","seep","2.5L",NA,NA,NA,NA,NA,NA,"red",294,44,16,"1.93","31.4",NA,"P","0.0","15.0",6.5,1,1,NA,"Y",NA,NA,NA,NA,NA,NA,1.93
"3488",2024-01-25,"SHS",2023,2023-06-03,NA,"TM2","seep","2.5L",NA,NA,NA,NA,NA,NA,"red",87,30,43,"3.55","34.6",NA,"P","0.0","21.0",7.3,1,1,NA,"Y",NA,NA,NA,NA,NA,NA,3.55
"3489",2024-01-25,"SHS",2023,2023-06-03,NA,"TM2","seep","2.5L",NA,NA,NA,NA,NA,NA,"red",36,30,44,"1.43","25.2",NA,"P","1.0","7.0",6.7,1,1,NA,"Y",NA,NA,NA,NA,NA,NA,1.43
"3490",2024-01-25,"SHS",2023,2023-06-03,NA,"TM2","seep","2.5L",NA,NA,NA,NA,NA,NA,"red",139,30,45,"1.26","20.4",NA,"P","0.0","4.0",4.5,1,1,NA,"Y",NA,NA,NA,NA,NA,NA,1.26
"3491",2024-01-25,"SHS",2023,2023-06-03,NA,"TM2","seep","2.5L",NA,NA,NA,NA,NA,NA,NA,NA,NA,NA,"0.32","9.2",NA,"P","0.0","1.0",2.9,1,1,NA,"Y",NA,NA,NA,NA,NA,NA,0.5
"3492",2024-01-25,"SHS",2023,2023-06-03,NA,"TM2","seep","2.5L",NA,NA,NA,NA,NA,NA,"red",399,47,44,"2.15","36.2",NA,"P","4.0","16.0",7.5,1,1,NA,"Y",NA,NA,NA,NA,NA,NA,2.15
"3493",2024-01-25,"SHS",2023,2023-06-03,NA,"TM2","seep","2.5L",NA,NA,NA,NA,NA,NA,"red",95,50,43,"2.33","30.5",NA,"P","0.0","31.0",6.9,1,1,NA,"Y",NA,NA,NA,NA,NA,NA,2.33
"3494",2024-01-25,"SHS",2023,2023-06-03,NA,"TM2","seep","3.0L",NA,NA,NA,NA,NA,NA,"red",29,20,34,"1.42","30.2",NA,"P","0.0","7.0",5.4,1,1,NA,"Y",NA,NA,NA,NA,NA,NA,1.42
"3495",2024-01-25,"SHS",2023,2023-06-03,NA,"TM2","seep","3.5L",NA,NA,NA,NA,NA,NA,"red",776,30,12,"1.51","33.0",NA,"P","5.0","5.0",5.8,1,1,NA,"Y",NA,NA,NA,NA,NA,NA,1.51
"3496",2024-01-25,"SHS",2023,2023-06-03,NA,"TM2","seep","3.5L",NA,NA,NA,NA,NA,NA,"red",563,33,14,"1.87","28.0",NA,"P","13.0","12.0",5.5,1,1,NA,"Y",NA,NA,NA,NA,NA,NA,1.87
"3497",2024-01-25,"SHS",2023,2023-06-03,NA,"TM2","seep","3.5L",NA,NA,NA,NA,NA,NA,"red",246,40,13,"1.4","15.7",NA,"P","2.0","4.0",3.8,1,1,NA,"Y",NA,NA,NA,NA,NA,NA,1.4
"3498",2024-01-31,"SY",2023,2023-06-03,NA,"TM2","seep","11L",NA,NA,NA,NA,NA,NA,"red",103,43,4,"2.61","39.6",NA,"P","8.0","40.0",8.6,1,1,NA,"N",NA,NA,NA,NA,NA,NA,2.61
"3499",2024-01-31,"SY",2023,2023-06-03,NA,"TM2","seep","11L",NA,NA,NA,NA,NA,NA,"red",287,45,4,"1.08","20.4",NA,"P","1.0","11.0",5.7,2,2,NA,"N",NA,NA,NA,NA,NA,NA,1.08
"3500",2024-01-31,"SY",2023,2023-06-03,NA,"TM2","seep","11.5L",NA,NA,NA,NA,NA,NA,"red",850,1,25,"1.22","27.1",NA,"P",NA,"6.0",5.3,1,1,NA,"N",NA,NA,NA,NA,NA,NA,1.22
"3501",2024-01-31,"SY",2023,2023-06-03,NA,"TM2","seep","11.5L",NA,NA,NA,NA,NA,NA,"red",150,5,5,"3.22","34.8",NA,"P","1.0","32.0",7.3,2,2,NA,"N",NA,NA,NA,NA,NA,NA,3.22
"3502",2024-01-31,"SY",2023,2023-06-03,NA,"TM2","seep","11.5L",NA,NA,NA,NA,NA,NA,NA,NA,NA,NA,"0.62","15.2",NA,"P",NA,"2.0",4.3,1,1,NA,"N",NA,NA,NA,NA,NA,NA,0.5
"3503",2024-01-31,"SY",2023,2023-06-03,NA,"TM2","seep","11.5L",NA,NA,NA,NA,NA,NA,NA,NA,NA,NA,"0.73","14.1",NA,"P",NA,"2.0",2.4,1,1,NA,"N",NA,NA,NA,NA,NA,NA,0.5
"3504",2024-01-31,"SY",2023,2023-06-03,NA,"TM2","seep","11.5L",NA,NA,NA,NA,NA,NA,"red",115,5,10,"1.63","28.7",NA,"P",NA,"4.0",5.6,1,1,NA,"N",NA,NA,NA,NA,NA,NA,1.63
"3505",2024-01-31,"SY",2023,2023-06-03,NA,"TM2","seep","11.5L",NA,NA,NA,NA,NA,NA,"red",231,8,5,"1.35","25.9",NA,"P",NA,"3.0",6.2,1,1,NA,"N",NA,NA,NA,NA,NA,NA,1.35
"3506",2024-01-31,"SY",2023,2023-06-03,NA,"TM2","seep","11.5L",NA,NA,NA,NA,NA,NA,"red",783,15,23,"1.88","22.6",NA,"P",NA,"10.0",4.9,1,1,NA,"N",NA,NA,NA,NA,NA,NA,1.88
"3507",2024-01-31,"SY",2023,2023-06-03,NA,"TM2","seep","11.5L",NA,NA,NA,NA,NA,NA,"red",72,10,12,"1.57","24.9",NA,"P",NA,"3.0",5.5,1,1,NA,"N",NA,NA,NA,NA,NA,NA,1.57
"3508",2024-01-31,"SY",2023,2023-06-03,NA,"TM2","seep","11.5L",NA,NA,NA,NA,NA,NA,"red",77,25,23,"2.14","33.0",NA,"P","2.0","18.0",7.1,1,1,NA,"Y",NA,NA,NA,NA,NA,NA,2.14
"3509",2024-01-31,"SY",2023,2023-06-03,NA,"TM2","seep","11.5L",NA,NA,NA,NA,NA,NA,NA,NA,NA,NA,"0.95","16.6",NA,"P",NA,"2.0",3.1,1,1,NA,"N",NA,NA,NA,NA,NA,NA,0.5
"3510",2024-01-31,"SY",2023,2023-06-03,NA,"TM2","seep","11.5L",NA,NA,NA,NA,NA,NA,"red",267,28,18,"2.41","26.7",NA,"P",NA,"8.0",5.7,1,1,NA,"Y",NA,NA,NA,NA,NA,NA,2.41
"3511",2024-01-31,"SY",2023,2023-06-03,NA,"TM2","seep","11.5L",NA,NA,NA,NA,NA,NA,"red",583,19,15,"1.91","30.9",NA,"P",NA,"17.0",5.9,1,1,NA,"Y",NA,NA,NA,NA,NA,NA,1.91
"3512",2024-01-31,"SY",2023,2023-06-03,NA,"TM2","seep","11.5L",NA,NA,NA,NA,NA,NA,"red",599,15,24,"1.74","22.7",NA,"P",NA,"5.0",5.2,2,2,NA,"N",NA,NA,NA,NA,NA,NA,1.74
"3513",2024-01-31,"SY",2023,2023-06-03,NA,"TM2","seep","11.5L",NA,NA,NA,NA,NA,NA,"red",201,30,48,"1.03","17.0",NA,"P",NA,"2.0",4.1,1,1,NA,"N",NA,NA,NA,NA,NA,NA,1.03
"3514",2024-01-31,"SY",2023,2023-06-03,NA,"TM2","seep","11.5L",NA,NA,NA,NA,NA,NA,"red",230,30,43,"1.16","20.1",NA,"P",NA,"3.0",3.9,1,1,NA,"N",NA,NA,NA,NA,NA,NA,1.16
"3515",2024-01-31,"SY",2023,2023-06-03,NA,"TM2","seep","11.5L",NA,NA,NA,NA,NA,NA,NA,NA,NA,NA,"1.4","17.0",NA,"P","1.0","4.0",5.5,1,1,NA,"N",NA,NA,NA,NA,NA,NA,1.4
"3516",2024-01-31,"SY",2023,2023-06-03,NA,"TM2","seep","11.5L",NA,NA,NA,NA,NA,NA,NA,NA,NA,NA,"1.57","22.0",NA,"P",NA,"5.0",4,1,1,NA,"N",NA,NA,NA,NA,NA,NA,1.57
"3517",2024-01-31,"SY",2023,2023-06-03,NA,"TM2","seep","11.5L",NA,NA,NA,NA,NA,NA,NA,NA,NA,NA,"2.29","37.5",NA,"P","1.0","15.0",7.5,1,1,NA,"Y",NA,NA,NA,NA,NA,NA,2.29
"3518",2024-01-31,"SY",2023,2023-06-03,NA,"TM2","seep","11.5L",NA,NA,NA,NA,NA,NA,NA,NA,NA,NA,"1.69","18.3",NA,"P","2.0","5.0",6.2,1,1,NA,"N",NA,NA,NA,NA,NA,NA,1.69
"3519",2024-01-31,"SY",2023,2023-06-03,NA,"TM2","seep","11.5L",NA,NA,NA,NA,NA,NA,NA,NA,NA,NA,"1.31","23.5",NA,"P",NA,"5.0",5.7,1,1,NA,"N",NA,NA,NA,NA,NA,NA,1.31
"3520",2024-01-31,"SY",2023,2023-06-03,NA,"TM2","seep","11.5L",NA,NA,NA,NA,NA,NA,NA,NA,NA,NA,"1.56","25.4",NA,"P",NA,"5.0",5.5,1,1,NA,"N",NA,NA,NA,NA,NA,NA,1.56
"3521",2024-01-31,"SY",2023,2023-06-03,NA,"TM2","seep","11.5L",NA,NA,NA,NA,NA,NA,NA,NA,NA,NA,"1.07","18.5",NA,"P",NA,"2.0",4.6,1,1,NA,"N",NA,NA,NA,NA,NA,NA,1.07
"3522",2024-01-31,"SY",2023,2023-06-03,NA,"TM2","seep","11.5L",NA,NA,NA,NA,NA,NA,NA,NA,NA,NA,"0.73","19.5",NA,"P",NA,"2.0",3.5,1,1,NA,"N",NA,NA,NA,NA,NA,NA,0.5
"3523",2024-01-31,"SY",2023,2023-06-03,NA,"TM2","lower","3.5",NA,NA,NA,NA,NA,NA,"white",63,50,20,NA,NA,NA,"X",NA,NA,NA,NA,NA,NA,NA,NA,NA,NA,NA,NA,NA,NA
"3524",2024-01-31,"SY",2023,2023-06-03,NA,"TM2","lower","3.5",NA,NA,NA,NA,NA,NA,"white",262,25,20,NA,NA,NA,"X",NA,NA,NA,NA,NA,NA,NA,NA,NA,NA,NA,NA,NA,NA
"3525",2024-01-31,"SY",2023,2023-06-03,NA,"TM2","lower","4.0",NA,NA,NA,NA,NA,NA,"white",258,37,10,NA,NA,NA,"X",NA,NA,NA,NA,NA,NA,NA,NA,NA,NA,NA,NA,NA,NA
"3526",2024-01-31,"SY",2023,2023-06-03,NA,"TM2","lower","4.5",NA,NA,NA,NA,NA,NA,"white",259,48,49,NA,NA,NA,"X",NA,NA,NA,NA,NA,NA,NA,NA,NA,NA,NA,NA,NA,NA
"3527",2024-01-31,"SY",2023,2023-06-03,NA,"TM2","lower","5.0",NA,NA,NA,NA,NA,NA,"white",256,25,50,NA,NA,NA,"X",NA,NA,NA,NA,NA,NA,NA,NA,NA,NA,NA,NA,NA,NA
"3528",2024-01-31,"SY",2023,2023-06-03,NA,"TM2","lower","5.0",NA,NA,NA,NA,NA,NA,"white",251,40,50,NA,NA,NA,"X",NA,NA,NA,NA,NA,NA,NA,NA,NA,NA,NA,NA,NA,NA
"3529",2024-01-31,"SY",2023,2023-06-03,NA,"TM2","lower","5.0",NA,NA,NA,NA,NA,NA,"white",260,5,2,NA,NA,NA,"X",NA,NA,NA,NA,NA,NA,NA,NA,NA,NA,NA,NA,NA,NA
"3530",2024-01-31,"SY",2023,2023-06-03,NA,"TM2","lower","5.0",NA,NA,NA,NA,NA,NA,"white",255,5,39,NA,NA,NA,"X",NA,NA,NA,NA,NA,NA,NA,NA,NA,NA,NA,NA,NA,NA
"3531",2024-01-31,"SY",2023,2023-06-03,NA,"TM2","lower","5.0",NA,NA,NA,NA,NA,NA,"white",254,30,50,NA,NA,NA,"X",NA,NA,NA,NA,NA,NA,NA,NA,NA,NA,NA,NA,NA,NA
"3532",2024-01-31,"SY",2023,2023-06-03,NA,"TM2","lower","5.0",NA,NA,NA,NA,NA,NA,"white",273,7,0,NA,NA,NA,"X",NA,NA,NA,NA,NA,NA,NA,NA,NA,NA,NA,NA,NA,NA
"3533",2024-01-31,"SY",2023,2023-06-03,NA,"TM2","lower","6.0",NA,NA,NA,NA,NA,NA,"white",257,35,16,NA,NA,NA,"X",NA,NA,NA,NA,NA,NA,NA,NA,NA,NA,NA,NA,NA,NA
"3534",2024-01-31,"SY",2023,2023-06-03,NA,"TM2","lower","6.0",NA,NA,NA,NA,NA,NA,"white",261,0,18,NA,NA,NA,"X",NA,NA,NA,NA,NA,NA,NA,NA,NA,NA,NA,NA,NA,NA
"3535",2024-01-31,"SY",2023,2023-06-03,NA,"TM2","lower","6.0",NA,NA,NA,NA,NA,NA,"white",267,6,26,NA,NA,NA,"X",NA,NA,NA,NA,NA,NA,NA,NA,NA,NA,NA,NA,NA,NA
"3536",2024-01-31,"SY",2023,2023-06-03,NA,"TM2","lower","6.0",NA,NA,NA,NA,NA,NA,"white",269,40,50,NA,NA,NA,"X",NA,NA,NA,NA,NA,NA,NA,NA,NA,NA,NA,NA,NA,NA
"3537",2024-01-31,"SY",2023,2023-06-03,NA,"TM2","lower","6.5",NA,NA,NA,NA,NA,NA,"white",24,15,43,NA,NA,NA,"X",NA,NA,NA,NA,NA,NA,NA,NA,NA,NA,NA,NA,NA,NA
"3538",2024-01-31,"SY",2023,2023-06-03,NA,"TM2","lower","6.5",NA,NA,NA,NA,NA,NA,"white",56,30,30,NA,NA,NA,"X",NA,NA,NA,NA,NA,NA,NA,NA,NA,NA,NA,NA,NA,NA
"3539",2024-01-31,"SY",2023,2023-06-03,NA,"TM2","lower","6.5",NA,NA,NA,NA,NA,NA,"white",45,30,50,NA,NA,NA,"X",NA,NA,NA,NA,NA,NA,NA,NA,NA,NA,NA,NA,NA,NA
"3540",2024-01-31,"SY",2023,2023-06-03,NA,"TM2","lower","6.5",NA,NA,NA,NA,NA,NA,"white",271,12,30,NA,NA,NA,"X",NA,NA,NA,NA,NA,NA,NA,NA,NA,NA,NA,NA,NA,NA
"3541",2024-01-31,"SY",2023,2023-06-03,NA,"TM2","lower","6.5",NA,NA,NA,NA,NA,NA,"white",266,5,25,NA,NA,NA,"X",NA,NA,NA,NA,NA,NA,NA,NA,NA,NA,NA,NA,NA,NA
"3542",2024-01-31,"SY",2023,2023-06-03,NA,"TM2","lower","6.5",NA,NA,NA,NA,NA,NA,"white",59,35,35,NA,NA,NA,"X",NA,NA,NA,NA,NA,NA,NA,NA,NA,NA,NA,NA,NA,NA
"3543",2024-01-31,"SY",2023,2023-06-03,NA,"TM2","lower","6.5",NA,NA,NA,NA,NA,NA,"white",36,38,33,NA,NA,NA,"X",NA,NA,NA,NA,NA,NA,NA,NA,NA,NA,NA,NA,NA,NA
"3544",2024-01-31,"SY",2023,2023-06-03,NA,"TM2","lower","6.5",NA,NA,NA,NA,NA,NA,"white",28,48,30,NA,NA,NA,"X",NA,NA,NA,NA,NA,NA,NA,NA,NA,NA,NA,NA,NA,NA
"3545",2024-01-31,"SY",2023,2023-06-03,NA,"TM2","lower","7.0",NA,NA,NA,NA,NA,NA,"white",39,35,10,NA,NA,NA,"X",NA,NA,NA,NA,NA,NA,NA,NA,NA,NA,NA,NA,NA,NA
"3546",2024-01-31,"SY",2023,2023-06-03,NA,"TM2","lower","7.0",NA,NA,NA,NA,NA,NA,"white",20,36,36,NA,NA,NA,"X",NA,NA,NA,NA,NA,NA,NA,NA,NA,NA,NA,NA,NA,NA
"3547",2024-01-31,"SY",2023,2023-06-03,NA,"TM2","lower","7.0",NA,NA,NA,NA,NA,NA,"white",104,29,45,NA,NA,NA,"X",NA,NA,NA,NA,NA,NA,NA,NA,NA,NA,NA,NA,NA,NA
"3548",2024-01-31,"SY",2023,2023-06-03,NA,"TM2","lower","7.5",NA,NA,NA,NA,NA,NA,"white",534,49,18,NA,NA,NA,"X",NA,NA,NA,NA,NA,NA,NA,NA,NA,NA,NA,NA,NA,NA
"3549",2024-01-31,"SY",2023,2023-06-03,NA,"TM2","lower","7.5",NA,NA,NA,NA,NA,NA,"white",587,38,13,NA,NA,NA,"X",NA,NA,NA,NA,NA,NA,NA,NA,NA,NA,NA,NA,NA,NA
"3550",2024-01-31,"SY",2023,2023-06-03,NA,"TM2","lower","7.5",NA,NA,NA,NA,NA,NA,"white",678,45,50,NA,NA,NA,"X",NA,NA,NA,NA,NA,NA,NA,NA,NA,NA,NA,NA,NA,NA
"3551",2024-01-31,"SY",2023,2023-06-03,NA,"TM2","lower","7.5",NA,NA,NA,NA,NA,NA,"white",429,37,39,NA,NA,NA,"X",NA,NA,NA,NA,NA,NA,NA,NA,NA,NA,NA,NA,NA,NA
"3552",2024-01-31,"SY",2023,2023-06-03,NA,"TM2","lower","7.5",NA,NA,NA,NA,NA,NA,"white",747,46,49,NA,NA,NA,"X",NA,NA,NA,NA,NA,NA,NA,NA,NA,NA,NA,NA,NA,NA
"3553",2024-01-31,"SY",2023,2023-06-03,NA,"TM2","lower","7.5",NA,NA,NA,NA,NA,NA,"white",533,45,16,NA,NA,NA,"X",NA,NA,NA,NA,NA,NA,NA,NA,NA,NA,NA,NA,NA,NA
"3554",2024-01-31,"SY",2023,2023-06-03,NA,"TM2","lower","7.5",NA,NA,NA,NA,NA,NA,"white",684,21,21,NA,NA,NA,"X",NA,NA,NA,NA,NA,NA,NA,NA,NA,NA,NA,NA,NA,NA
"3555",2024-01-31,"SY",2023,2023-06-03,NA,"TM2","lower","7.5",NA,NA,NA,NA,NA,NA,"white",497,9,26,NA,NA,NA,"X",NA,NA,NA,NA,NA,NA,NA,NA,NA,NA,NA,NA,NA,NA
"3556",2024-01-31,"SY",2023,2023-06-03,NA,"TM2","lower","7.5",NA,NA,NA,NA,NA,NA,"white",680,37,39,NA,NA,NA,"X",NA,NA,NA,NA,NA,NA,NA,NA,NA,NA,NA,NA,NA,NA
"3557",2024-01-31,"SY",2023,2023-06-03,NA,"TM2","lower","7.5",NA,NA,NA,NA,NA,NA,"white",436,50,48,NA,NA,NA,"X",NA,NA,NA,NA,NA,NA,NA,NA,NA,NA,NA,NA,NA,NA
"3558",2024-01-31,"SY",2023,2023-06-03,NA,"TM2","lower","8.5",NA,NA,NA,NA,NA,NA,"white",988,0,23,NA,NA,NA,"X",NA,NA,NA,NA,NA,NA,NA,NA,NA,NA,NA,NA,NA,NA
"3559",2024-01-31,"SY",2023,2023-06-03,NA,"TM2","lower","8.5",NA,NA,NA,NA,NA,NA,"white",986,0,25,NA,NA,NA,"X",NA,NA,NA,NA,NA,NA,NA,NA,NA,NA,NA,NA,NA,NA
"3560",2024-01-31,"SY",2023,2023-06-03,NA,"TM2","lower","8.5",NA,NA,NA,NA,NA,NA,"white",934,42,50,NA,NA,NA,"X",NA,NA,NA,NA,NA,NA,NA,NA,NA,NA,NA,NA,NA,NA
"3561",2024-01-31,"SY",2023,2023-06-03,NA,"TM2","lower","8.5",NA,NA,NA,NA,NA,NA,"white",948,0,6,NA,NA,NA,"X",NA,NA,NA,NA,NA,NA,NA,NA,NA,NA,NA,NA,NA,NA
"3562",2024-01-31,"SY",2023,2023-06-03,NA,"TM2","lower","8.5",NA,NA,NA,NA,NA,NA,"white",938,18,24,NA,NA,NA,"X",NA,NA,NA,NA,NA,NA,NA,NA,NA,NA,NA,NA,NA,NA
"3563",2024-01-31,"SY",2023,2023-06-03,NA,"TM2","lower","8.5",NA,NA,NA,NA,NA,NA,"white",937,4,50,NA,NA,NA,"X",NA,NA,NA,NA,NA,NA,NA,NA,NA,NA,NA,NA,NA,NA
"3564",2024-01-31,"SY",2023,2023-06-03,NA,"TM2","lower","8.5",NA,NA,NA,NA,NA,NA,"white",985,31,50,NA,NA,NA,"X",NA,NA,NA,NA,NA,NA,NA,NA,NA,NA,NA,NA,NA,NA
"3565",2024-01-31,"SY",2023,2023-06-03,NA,"TM2","lower","8.5",NA,NA,NA,NA,NA,NA,"white",955,50,40,NA,NA,NA,"X",NA,NA,NA,NA,NA,NA,NA,NA,NA,NA,NA,NA,NA,NA
"3566",2024-01-31,"SY",2023,2023-06-03,NA,"TM2","lower","8.5",NA,NA,NA,NA,NA,NA,"white",975,12,28,NA,NA,NA,"X",NA,NA,NA,NA,NA,NA,NA,NA,NA,NA,NA,NA,NA,NA
"3567",2024-01-31,"SY",2023,2023-06-03,NA,"TM2","lower","9.0",NA,NA,NA,NA,NA,NA,"white",545,41,9,NA,NA,NA,"X",NA,NA,NA,NA,NA,NA,NA,NA,NA,NA,NA,NA,NA,NA
"3568",2024-01-31,"SY",2023,2023-06-03,NA,"TM2","lower","9.0",NA,NA,NA,NA,NA,NA,"white",974,32,6,NA,NA,NA,"X",NA,NA,NA,NA,NA,NA,NA,NA,NA,NA,NA,NA,NA,NA
"3569",2024-01-31,"SY",2023,2023-06-03,NA,"TM2","lower","9.0",NA,NA,NA,NA,NA,NA,"white",834,32,6,NA,NA,NA,"X",NA,NA,NA,NA,NA,NA,NA,NA,NA,NA,NA,NA,NA,NA
"3570",2024-01-31,"SY",2023,2023-06-03,NA,"TM2","lower","9.0",NA,NA,NA,NA,NA,NA,"white",833,19,50,NA,NA,NA,"X",NA,NA,NA,NA,NA,NA,NA,NA,NA,NA,NA,NA,NA,NA
"3571",2024-01-31,"SY",2023,2023-06-03,NA,"TM2","lower","9.0",NA,NA,NA,NA,NA,NA,"white",821,23,52,NA,NA,NA,"X",NA,NA,NA,NA,NA,NA,NA,NA,NA,NA,NA,NA,NA,NA
"3572",2024-01-31,"SY",2023,2023-06-03,NA,"TM2","lower","9.5",NA,NA,NA,NA,NA,NA,"white",805,12,29,NA,NA,NA,"X",NA,NA,NA,NA,NA,NA,NA,NA,NA,NA,NA,NA,NA,NA
"3573",2024-01-31,"SY",2023,2023-06-03,NA,"TM2","lower","9.5",NA,NA,NA,NA,NA,NA,"white",814,8,29,NA,NA,NA,"X",NA,NA,NA,NA,NA,NA,NA,NA,NA,NA,NA,NA,NA,NA
"3574",2024-01-31,"SY",2023,2023-06-03,NA,"TM2","lower","10.0",NA,NA,NA,NA,NA,NA,"white",953,31,42,NA,NA,NA,"X",NA,NA,NA,NA,NA,NA,NA,NA,NA,NA,NA,NA,NA,NA
"3575",2024-01-31,"SY",2023,2023-06-03,NA,"TM2","lower","10.0",NA,NA,NA,NA,NA,NA,"white",903,43,40,NA,NA,NA,"X",NA,NA,NA,NA,NA,NA,NA,NA,NA,NA,NA,NA,NA,NA
"3576",2024-01-31,"SY",2023,2023-06-03,NA,"TM2","lower","10.0",NA,NA,NA,NA,NA,NA,"white",977,50,35,NA,NA,NA,"X",NA,NA,NA,NA,NA,NA,NA,NA,NA,NA,NA,NA,NA,NA
"3577",2024-01-31,"SY",2023,2023-06-03,NA,"TM2","lower","10.0",NA,NA,NA,NA,NA,NA,"white",816,10,50,NA,NA,NA,"X",NA,NA,NA,NA,NA,NA,NA,NA,NA,NA,NA,NA,NA,NA
"3578",2024-01-31,"SY",2023,2023-06-03,NA,"TM2","lower","10.0",NA,NA,NA,NA,NA,NA,"white",953,33,8,NA,NA,NA,"X",NA,NA,NA,NA,NA,NA,NA,NA,NA,NA,NA,NA,NA,NA
"3579",2024-01-31,"SY",2023,2023-06-03,NA,"TM2","lower","10.0",NA,NA,NA,NA,NA,NA,"white",870,28,42,NA,NA,NA,"X",NA,NA,NA,NA,NA,NA,NA,NA,NA,NA,NA,NA,NA,NA
"3580",2024-01-31,"SY",2023,2023-06-03,NA,"TM2","lower","10.0",NA,NA,NA,NA,NA,NA,"white",930,8,50,NA,NA,NA,"X",NA,NA,NA,NA,NA,NA,NA,NA,NA,NA,NA,NA,NA,NA
"3581",2024-01-31,"SY",2023,2023-06-03,NA,"TM2","lower","10.0",NA,NA,NA,NA,NA,NA,"white",908,7,52,NA,NA,NA,"X",NA,NA,NA,NA,NA,NA,NA,NA,NA,NA,NA,NA,NA,NA
"3582",2024-01-31,"SY",2023,2023-06-03,NA,"TM2","lower","10.0",NA,NA,NA,NA,NA,NA,"white",904,11,44,"8.75","34.2",NA,"P","0.0","80.0",7.5,8,8,NA,"Y",NA,NA,NA,NA,NA,NA,8.75
"3583",2024-01-31,"SY",2023,2023-06-03,NA,"TM2","lower","10.5",NA,NA,NA,NA,NA,NA,"white",102,42,46,NA,NA,NA,"X",NA,NA,NA,NA,NA,NA,NA,NA,NA,NA,NA,NA,NA,NA
"3584",2024-01-31,"SY",2023,2023-06-03,NA,"TM2","lower","10.5",NA,NA,NA,NA,NA,NA,"white",55,14,29,NA,NA,NA,"X",NA,NA,NA,NA,NA,NA,NA,NA,NA,NA,NA,NA,NA,NA
"3585",2024-01-31,"SY",2023,2023-06-03,NA,"TM2","lower","10.5",NA,NA,NA,NA,NA,NA,"white",52,16,26,NA,NA,NA,"X",NA,NA,NA,NA,NA,NA,NA,NA,NA,NA,NA,NA,NA,NA
"3586",2024-01-31,"SY",2023,2023-06-03,NA,"TM2","lower","10.5",NA,NA,NA,NA,NA,NA,"white",48,34,40,NA,NA,NA,"X",NA,NA,NA,NA,NA,NA,NA,NA,NA,NA,NA,NA,NA,NA
"3587",2024-01-31,"SY",2023,2023-06-03,NA,"TM2","lower","10.5",NA,NA,NA,NA,NA,NA,"white",58,26,6,NA,NA,NA,"X",NA,NA,NA,NA,NA,NA,NA,NA,NA,NA,NA,NA,NA,NA
"3588",2024-01-31,"SY",2023,2023-06-03,NA,"TM2","lower","10.5",NA,NA,NA,NA,NA,NA,"white",50,14,29,NA,NA,NA,"X",NA,NA,NA,NA,NA,NA,NA,NA,NA,NA,NA,NA,NA,NA
"3589",2024-01-31,"SY",2023,2023-06-03,NA,"TM2","lower","10.5",NA,NA,NA,NA,NA,NA,"white",46,20,56,NA,NA,NA,"X",NA,NA,NA,NA,NA,NA,NA,NA,NA,NA,NA,NA,NA,NA
"3590",2024-01-31,"SY",2023,2023-06-03,NA,"TM2","lower","11.0",NA,NA,NA,NA,NA,NA,"white",57,9,49,NA,NA,NA,"X",NA,NA,NA,NA,NA,NA,NA,NA,NA,NA,NA,NA,NA,NA
"3591",2024-01-31,"SY",2023,2023-06-03,NA,"TM2","lower","11.0",NA,NA,NA,NA,NA,NA,"white",105,4,20,NA,NA,NA,"X",NA,NA,NA,NA,NA,NA,NA,NA,NA,NA,NA,NA,NA,NA
"3592",2024-01-31,"SY",2023,2023-06-03,NA,"TM2","lower","11.0",NA,NA,NA,NA,NA,NA,"white",34,28,30,NA,NA,NA,"X",NA,NA,NA,NA,NA,NA,NA,NA,NA,NA,NA,NA,NA,NA
"3593",2024-01-31,"SY",2023,2023-06-03,NA,"TM2","lower","11.0",NA,NA,NA,NA,NA,NA,"white",42,20,20,NA,NA,NA,"X",NA,NA,NA,NA,NA,NA,NA,NA,NA,NA,NA,NA,NA,NA
"3594",2024-01-31,"SY",2023,2023-06-03,NA,"TM2","lower","11.0",NA,NA,NA,NA,NA,NA,"white",103,32,20,NA,NA,NA,"X",NA,NA,NA,NA,NA,NA,NA,NA,NA,NA,NA,NA,NA,NA
"3595",2024-01-31,"SY",2023,2023-06-03,NA,"TM2","lower","11.5",NA,NA,NA,NA,NA,NA,"white",49,30,30,NA,NA,NA,"X",NA,NA,NA,NA,NA,NA,NA,NA,NA,NA,NA,NA,NA,NA
"3596",2024-01-31,"SY",2023,2023-06-03,NA,"TM2","lower","12.5",NA,NA,NA,NA,NA,NA,"white",40,39,42,NA,NA,NA,"X",NA,NA,NA,NA,NA,NA,NA,NA,NA,NA,NA,NA,NA,NA
"3597",2024-01-31,"SY",2023,2023-06-03,NA,"TM2","lower","12.5",NA,NA,NA,NA,NA,NA,"white",47,44,26,NA,NA,NA,"X",NA,NA,NA,NA,NA,NA,NA,NA,NA,NA,NA,NA,NA,NA
"3598",2024-01-31,"SY",2023,2023-06-03,NA,"TM2","lower","14.0",NA,NA,NA,NA,NA,NA,"white",250,10,20,NA,NA,NA,"X",NA,NA,NA,NA,NA,NA,NA,NA,NA,NA,NA,NA,NA,NA
"3599",2024-01-31,"SY",2023,2023-06-03,NA,"TM2","lower","14.0",NA,NA,NA,NA,NA,NA,"white",202,31,19,NA,NA,NA,"X",NA,NA,NA,NA,NA,NA,NA,NA,NA,NA,NA,NA,NA,NA
"3600",2024-01-31,"SY",2023,2023-06-03,NA,"TM2","lower","14.0",NA,NA,NA,NA,NA,NA,"white",44,1,2,NA,NA,NA,"X",NA,NA,NA,NA,NA,NA,NA,NA,NA,NA,NA,NA,NA,NA
"3601",2024-01-31,"SY",2023,2023-06-03,NA,"TM2","lower","14.0",NA,NA,NA,NA,NA,NA,"white",210,26,16,NA,NA,NA,"X",NA,NA,NA,NA,NA,NA,NA,NA,NA,NA,NA,NA,NA,NA
"3602",2024-01-31,"SY",2023,2023-06-03,NA,"TM2","lower","14.0",NA,NA,NA,NA,NA,NA,"white",25,50,7,NA,NA,NA,"X",NA,NA,NA,NA,NA,NA,NA,NA,NA,NA,NA,NA,NA,NA
"3603",2024-01-31,"SY",2023,2023-06-03,NA,"TM2","lower","14.0",NA,NA,NA,NA,NA,NA,"white",204,45,8,NA,NA,NA,"X",NA,NA,NA,NA,NA,NA,NA,NA,NA,NA,NA,NA,NA,NA
"3604",2024-01-31,"SY",2023,2023-06-03,NA,"TM2","lower","14.0",NA,NA,NA,NA,NA,NA,"white",201,13,13,NA,NA,NA,"X",NA,NA,NA,NA,NA,NA,NA,NA,NA,NA,NA,NA,NA,NA
"3605",2024-01-31,"SY",2023,2023-06-03,NA,"TM2","lower","14.0",NA,NA,NA,NA,NA,NA,"white",205,50,13,NA,NA,NA,"X",NA,NA,NA,NA,NA,NA,NA,NA,NA,NA,NA,NA,NA,NA
"3606",2024-01-31,"SY",2023,2023-06-03,NA,"TM2","lower","14.0",NA,NA,NA,NA,NA,NA,"white",208,48,12,NA,NA,NA,"X",NA,NA,NA,NA,NA,NA,NA,NA,NA,NA,NA,NA,NA,NA
"3607",2024-01-31,"SY",2023,2023-06-03,NA,"TM2","lower","14.0",NA,NA,NA,NA,NA,NA,"white",211,26,20,NA,NA,NA,"X",NA,NA,NA,NA,NA,NA,NA,NA,NA,NA,NA,NA,NA,NA
"3608",2024-01-31,"SY",2023,2023-06-03,NA,"TM2","lower","14.5",NA,NA,NA,NA,NA,NA,"white",519,11,50,NA,NA,NA,"X",NA,NA,NA,NA,NA,NA,NA,NA,NA,NA,NA,NA,NA,NA
"3609",2024-01-31,"SY",2023,2023-06-03,NA,"TM2","lower","14.5",NA,NA,NA,NA,NA,NA,"white",514,43,22,NA,NA,NA,"X",NA,NA,NA,NA,NA,NA,NA,NA,NA,NA,NA,NA,NA,NA
"3610",2024-01-31,"SY",2023,2023-06-03,NA,"TM2","lower","14.5",NA,NA,NA,NA,NA,NA,"white",252,49,25,NA,NA,NA,"X",NA,NA,NA,NA,NA,NA,NA,NA,NA,NA,NA,NA,NA,NA
"3611",2024-01-31,"SY",2023,2023-06-03,NA,"TM2","lower","14.5",NA,NA,NA,NA,NA,NA,"white",4,32,8,NA,NA,NA,"X",NA,NA,NA,NA,NA,NA,NA,NA,NA,NA,NA,NA,NA,NA
"3612",2024-01-31,"SY",2023,2023-06-03,NA,"TM2","lower","14.5",NA,NA,NA,NA,NA,NA,"white",270,44,28,NA,NA,NA,"X",NA,NA,NA,NA,NA,NA,NA,NA,NA,NA,NA,NA,NA,NA
"3613",2024-01-31,"SY",2023,2023-06-03,NA,"TM2","lower","14.5",NA,NA,NA,NA,NA,NA,"white",206,28,8,NA,NA,NA,"X",NA,NA,NA,NA,NA,NA,NA,NA,NA,NA,NA,NA,NA,NA
"3614",2024-01-31,"SY",2023,2023-06-03,NA,"TM2","lower","14.5",NA,NA,NA,NA,NA,NA,"white",207,17,14,NA,NA,NA,"X",NA,NA,NA,NA,NA,NA,NA,NA,NA,NA,NA,NA,NA,NA
"3615",2024-01-31,"SY",2023,2023-06-03,NA,"TM2","lower","14.5",NA,NA,NA,NA,NA,NA,"white",517,27,17,NA,NA,NA,"X",NA,NA,NA,NA,NA,NA,NA,NA,NA,NA,NA,NA,NA,NA
"3616",2024-01-31,"SY",2023,2023-06-03,NA,"TM2","lower","15.0",NA,NA,NA,NA,NA,NA,"white",513,10,9,NA,NA,NA,"X",NA,NA,NA,NA,NA,NA,NA,NA,NA,NA,NA,NA,NA,NA
"3617",2024-01-31,"SY",2023,2023-06-03,NA,"TM2","lower","15.0",NA,NA,NA,NA,NA,NA,"white",203,6,12,NA,NA,NA,"X",NA,NA,NA,NA,NA,NA,NA,NA,NA,NA,NA,NA,NA,NA
"3618",2024-01-31,"SY",2023,2023-06-03,NA,"TM2","lower","15.0",NA,NA,NA,NA,NA,NA,"white",516,25,15,NA,NA,NA,"X",NA,NA,NA,NA,NA,NA,NA,NA,NA,NA,NA,NA,NA,NA
"3619",2024-01-31,"SY",2023,2023-06-03,NA,"TM2","lower","15.0",NA,NA,NA,NA,NA,NA,"white",518,48,27,NA,NA,NA,"X",NA,NA,NA,NA,NA,NA,NA,NA,NA,NA,NA,NA,NA,NA
"3620",2024-01-31,"SY",2023,2023-06-03,NA,"TM2","lower","15.0",NA,NA,NA,NA,NA,NA,"white",76,33,6,NA,NA,NA,"X",NA,NA,NA,NA,NA,NA,NA,NA,NA,NA,NA,NA,NA,NA
"3621",2024-01-31,"SY",2023,2023-06-03,NA,"TM2","lower","15.0",NA,NA,NA,NA,NA,NA,"white",693,6,5,NA,NA,NA,"X",NA,NA,NA,NA,NA,NA,NA,NA,NA,NA,NA,NA,NA,NA
"3622",2024-01-31,"SY",2023,2023-06-03,NA,"TM2","lower","15.0",NA,NA,NA,NA,NA,NA,"white",897,42,22,NA,NA,NA,"X",NA,NA,NA,NA,NA,NA,NA,NA,NA,NA,NA,NA,NA,NA
"3623",2024-01-31,"SY",2023,2023-06-03,NA,"TM2","lower","15.0",NA,NA,NA,NA,NA,NA,"white",512,37,11,NA,NA,NA,"X",NA,NA,NA,NA,NA,NA,NA,NA,NA,NA,NA,NA,NA,NA
"3624",2024-01-31,"SY",2023,2023-06-03,NA,"TM2","lower","15.0",NA,NA,NA,NA,NA,NA,"white",520,4,19,NA,NA,NA,"X",NA,NA,NA,NA,NA,NA,NA,NA,NA,NA,NA,NA,NA,NA
"3625",2024-01-31,"SY",2023,2023-06-03,NA,"TM2","lower","15.0",NA,NA,NA,NA,NA,NA,"white",272,10,10,NA,NA,NA,"X",NA,NA,NA,NA,NA,NA,NA,NA,NA,NA,NA,NA,NA,NA
"3626",2024-01-31,"SY",2023,2023-06-03,NA,"TM2","lower","15.0",NA,NA,NA,NA,NA,NA,"white",515,44,0,NA,NA,NA,"X",NA,NA,NA,NA,NA,NA,NA,NA,NA,NA,NA,NA,NA,NA
"3627",2024-01-31,"SY",2023,2023-06-03,NA,"TM2","lower","15.0",NA,NA,NA,NA,NA,NA,"white",209,14,27,NA,NA,NA,"X",NA,NA,NA,NA,NA,NA,NA,NA,NA,NA,NA,NA,NA,NA
"3628",2024-01-31,"SY",2023,2023-06-03,NA,"TM2","lower","15.0",NA,NA,NA,NA,NA,NA,"white",70,6,23,NA,NA,NA,"X",NA,NA,NA,NA,NA,NA,NA,NA,NA,NA,NA,NA,NA,NA
"3629",2024-01-31,"SY",2023,2023-06-03,NA,"TM2","lower","15.0",NA,NA,NA,NA,NA,NA,"white",265,46,19,NA,NA,NA,"X",NA,NA,NA,NA,NA,NA,NA,NA,NA,NA,NA,NA,NA,NA
"3630",2024-01-31,"SY",2023,2023-06-03,NA,"TM2","lower","15.0",NA,NA,NA,NA,NA,NA,"white",510,35,32,NA,NA,NA,"X",NA,NA,NA,NA,NA,NA,NA,NA,NA,NA,NA,NA,NA,NA
"3631",2024-01-31,"SY",2023,2023-06-03,NA,"TM2","lower","15.0",NA,NA,NA,NA,NA,NA,"white",264,46,32,NA,NA,NA,"X",NA,NA,NA,NA,NA,NA,NA,NA,NA,NA,NA,NA,NA,NA
"3632",2024-01-31,"SY",2023,2023-06-03,NA,"TM2","lower","15.5",NA,NA,NA,NA,NA,NA,"white",5,45,15,NA,NA,NA,"X",NA,NA,NA,NA,NA,NA,NA,NA,NA,NA,NA,NA,NA,NA
"3633",2024-01-31,"SY",2023,2023-06-03,NA,"TM2","lower","15.5",NA,NA,NA,NA,NA,NA,"white",511,42,19,NA,NA,NA,"X",NA,NA,NA,NA,NA,NA,NA,NA,NA,NA,NA,NA,NA,NA
"3634",2024-01-31,"SY",2023,2023-06-03,NA,"TM2","lower","15.5",NA,NA,NA,NA,NA,NA,"white",378,16,47,NA,NA,NA,"X",NA,NA,NA,NA,NA,NA,NA,NA,NA,NA,NA,NA,NA,NA
"3635",2024-01-31,"SY",2023,2023-06-03,NA,"TM2","lower","15.5",NA,NA,NA,NA,NA,NA,"white",685,11,23,NA,NA,NA,"X",NA,NA,NA,NA,NA,NA,NA,NA,NA,NA,NA,NA,NA,NA
"3636",2024-01-31,"SY",2023,2023-06-03,NA,"TM2","lower","15.5",NA,NA,NA,NA,NA,NA,"white",634,12,36,NA,NA,NA,"X",NA,NA,NA,NA,NA,NA,NA,NA,NA,NA,NA,NA,NA,NA
"3637",2024-01-31,"SY",2023,2023-06-03,NA,"TM2","lower","15.5",NA,NA,NA,NA,NA,NA,"white",654,16,47,NA,NA,NA,"X",NA,NA,NA,NA,NA,NA,NA,NA,NA,NA,NA,NA,NA,NA
"3638",2024-01-31,"SY",2023,2023-06-03,NA,"TM2","lower","15.5",NA,NA,NA,NA,NA,NA,"white",1,36,50,NA,NA,NA,"X",NA,NA,NA,NA,NA,NA,NA,NA,NA,NA,NA,NA,NA,NA
"3639",2024-01-31,"SY",2023,2023-06-03,NA,"TM2","lower","16.0",NA,NA,NA,NA,NA,NA,"white",421,6,49,NA,NA,NA,"X",NA,NA,NA,NA,NA,NA,NA,NA,NA,NA,NA,NA,NA,NA
"3640",2024-01-31,"SY",2023,2023-06-03,NA,"TM2","lower","16.0",NA,NA,NA,NA,NA,NA,"white",603,17,8,NA,NA,NA,"X",NA,NA,NA,NA,NA,NA,NA,NA,NA,NA,NA,NA,NA,NA
"3641",2024-01-31,"SY",2023,2023-06-03,NA,"TM2","lower","16.0",NA,NA,NA,NA,NA,NA,"white",397,31,18,NA,NA,NA,"X",NA,NA,NA,NA,NA,NA,NA,NA,NA,NA,NA,NA,NA,NA
"3642",2024-01-31,"SY",2023,2023-06-03,NA,"TM2","lower","16.0",NA,NA,NA,NA,NA,NA,"white",605,31,18,NA,NA,NA,"X",NA,NA,NA,NA,NA,NA,NA,NA,NA,NA,NA,NA,NA,NA
"3643",2024-01-31,"SY",2023,2023-06-03,NA,"TM2","lower","16.5",NA,NA,NA,NA,NA,NA,"white",733,50,20,NA,NA,NA,"X",NA,NA,NA,NA,NA,NA,NA,NA,NA,NA,NA,NA,NA,NA
"3644",2024-01-31,"SY",2023,2023-06-03,NA,"TM2","lower","16.5",NA,NA,NA,NA,NA,NA,"white",607,44,47,NA,NA,NA,"X",NA,NA,NA,NA,NA,NA,NA,NA,NA,NA,NA,NA,NA,NA
"3645",2024-01-31,"SY",2023,2023-06-03,NA,"TM2","lower","16.5",NA,NA,NA,NA,NA,NA,"white",363,46,48,NA,NA,NA,"X",NA,NA,NA,NA,NA,NA,NA,NA,NA,NA,NA,NA,NA,NA
"3646",2024-01-31,"SY",2023,2023-06-03,NA,"TM2","lower","16.5",NA,NA,NA,NA,NA,NA,"white",674,NA,NA,NA,NA,NA,"X",NA,NA,NA,NA,NA,NA,NA,NA,NA,NA,NA,NA,NA,NA
"3647",2024-01-31,"SY",2023,2023-06-03,NA,"TM2","lower","17.5",NA,NA,NA,NA,NA,NA,"white",345,50,31,NA,NA,NA,"X",NA,NA,NA,NA,NA,NA,NA,NA,NA,NA,NA,NA,NA,NA
"3648",2024-01-31,"SY",2023,2023-06-03,NA,"TM2","lower","17.5",NA,NA,NA,NA,NA,NA,"white",680,30,38,NA,NA,NA,"X",NA,NA,NA,NA,NA,NA,NA,NA,NA,NA,NA,NA,NA,NA
"3649",2024-01-31,"SY",2023,2023-06-03,NA,"TM2","lower","18.0",NA,NA,NA,NA,NA,NA,"white",604,27,10,NA,NA,NA,"X",NA,NA,NA,NA,NA,NA,NA,NA,NA,NA,NA,NA,NA,NA
"3650",2024-01-31,"SY",2023,2023-06-03,NA,"TM2","lower","18.0",NA,NA,NA,NA,NA,NA,"white",487,0,5,NA,NA,NA,"X",NA,NA,NA,NA,NA,NA,NA,NA,NA,NA,NA,NA,NA,NA
"3651",2024-01-31,"SY",2023,2023-06-03,NA,"TM2","lower","18.5",NA,NA,NA,NA,NA,NA,"white",897,39,34,"5.55","29.9",NA,"P","0.0","17.0",8.2,3,3,NA,"Y",NA,NA,NA,NA,NA,NA,5.55
"3652",2024-01-31,"SY",2023,2023-06-03,NA,"TM2","lower","18.5",NA,NA,NA,NA,NA,NA,"white",657,25,22,NA,NA,NA,"X",NA,NA,NA,NA,NA,NA,NA,NA,NA,NA,NA,NA,NA,NA
"3653",2024-01-31,"SY",2023,2023-06-03,NA,"TM2","lower","18.5",NA,NA,NA,NA,NA,NA,"white",880,30,7,NA,NA,NA,"X",NA,NA,NA,NA,NA,NA,NA,NA,NA,NA,NA,NA,NA,NA
"3654",2024-01-31,"SY",2023,2023-06-03,NA,"TM2","lower","18.5",NA,NA,NA,NA,NA,NA,"white",834,50,19,NA,NA,NA,"X",NA,NA,NA,NA,NA,NA,NA,NA,NA,NA,NA,NA,NA,NA
"3655",2024-01-31,"SY",2023,2023-06-03,NA,"TM2","lower","14.0",NA,NA,NA,NA,NA,NA,"white",NA,NA,NA,"0.75","9.1",NA,"P","0.0","1.0",1.8,1,1,NA,"N",NA,NA,NA,NA,NA,NA,0.5
"3656",2024-01-31,"SY",2023,2023-06-03,NA,"TM2","lower","14.0",NA,NA,NA,NA,NA,NA,"red",159,45,10,"1.13","20.5",NA,"P","0.0","4.0",4.4,1,1,NA,"Y",NA,NA,NA,NA,NA,NA,1.13
"3657",2024-01-31,"SY",2023,2023-06-03,NA,"TM2","lower","14.0",NA,NA,NA,NA,NA,NA,NA,NA,NA,NA,"0.98","12.7",NA,"P","0.0","2.0",2.3,1,1,NA,"N",NA,NA,NA,NA,NA,NA,0.5
"3658",2024-01-31,"SY",2023,2023-06-03,NA,"TM2","lower","14.0",NA,NA,NA,NA,NA,NA,NA,NA,NA,NA,"0.69","7.5",NA,"P","0.0","1.0",0.3,1,1,NA,"N",NA,NA,NA,NA,NA,NA,0.5
"3659",2024-01-31,"SY",2023,2023-06-03,NA,"TM2","lower","14.0",NA,NA,NA,NA,NA,NA,NA,NA,NA,NA,"0.93","8.8",NA,"F","1.0","0.0",NA,1,1,NA,"N",NA,NA,NA,NA,NA,NA,0.5
"3660",2024-01-31,"SY",2023,2023-06-03,NA,"TM2","lower","14.0",NA,NA,NA,NA,NA,NA,NA,NA,NA,NA,"0.82","10.6",NA,"P","0.0","1.0",2.2,1,1,NA,"N",NA,NA,NA,NA,NA,NA,0.5
"3661",2024-01-31,"SY",2023,2023-06-03,NA,"TM2","lower","14.0",NA,NA,NA,NA,NA,NA,NA,NA,NA,NA,"0.98","14.8",NA,"P","0.0","1.0",2.8,1,1,NA,"N",NA,NA,NA,NA,NA,NA,0.5
"3662",2024-01-31,"SY",2023,2023-06-03,NA,"TM2","lower","14.0",NA,NA,NA,NA,NA,NA,NA,NA,NA,NA,"0.74","14.6",NA,"P","0.0","2.0",3.7,1,1,NA,"N",NA,NA,NA,NA,NA,NA,0.5
"3663",2024-01-31,"SY",2023,2023-06-03,NA,"TM2","lower","14.0",NA,NA,NA,NA,NA,NA,NA,NA,NA,NA,"0.81","12.0",NA,"P","0.0","2.0",3.3,1,1,NA,"N",NA,NA,NA,NA,NA,NA,0.5
"3664",2024-01-31,"SY",2023,2023-06-03,NA,"TM2","lower","14.0",NA,NA,NA,NA,NA,NA,NA,NA,NA,NA,"0.54","10.6",NA,"F","0.0","0.0",NA,1,1,NA,"N",NA,NA,NA,NA,NA,NA,0.5
"3665",2024-01-31,"SY",2023,2023-06-03,NA,"TM2","lower","14.0",NA,NA,NA,NA,NA,NA,"red",794,40,29,"1.47","30.8",NA,"P","0.0","3.0",5.3,1,1,NA,"N",NA,NA,NA,NA,NA,NA,1.47
"3666",2024-01-31,"SY",2023,2023-06-03,NA,"TM2","lower","14.0",NA,NA,NA,NA,NA,NA,NA,NA,NA,NA,"0.73","14.5",NA,"P","0.0","2.0",1.6,1,1,NA,"N",NA,NA,NA,NA,NA,NA,0.5
"3667",2024-01-31,"SY",2023,2023-06-03,NA,"TM2","lower","14.0",NA,NA,NA,NA,NA,NA,NA,NA,NA,NA,"0.44","4.9",NA,"B",NA,NA,NA,1,1,NA,"N",NA,NA,NA,NA,NA,NA,0.5
"3668",2024-01-31,"SY",2023,2023-06-03,NA,"TM2","lower","14.0",NA,NA,NA,NA,NA,NA,NA,NA,NA,NA,"0.69","10.1",NA,"F","0.0","0.0",NA,1,1,NA,"N",NA,NA,NA,NA,NA,NA,0.5
"3669",2024-01-31,"SY",2023,2023-06-03,NA,"TM2","lower","14.0",NA,NA,NA,NA,NA,NA,NA,NA,NA,NA,"0.46","9.1",NA,"P","0.0","1.0",0.7,1,1,NA,"Y",NA,NA,NA,NA,NA,NA,0.5
"3670",2024-01-31,"SY",2023,2023-06-03,NA,"TM2","lower","14.0",NA,NA,NA,NA,NA,NA,NA,NA,NA,NA,"0.71","8.7",NA,"P","0.0","2.0",1.9,1,1,NA,"N",NA,NA,NA,NA,NA,NA,0.5
"3671",2024-01-31,"SY",2023,2023-06-03,NA,"TM2","lower","14.0",NA,NA,NA,NA,NA,NA,NA,NA,NA,NA,"0.71","9.9",NA,"P","0.0","1.0",1.7,1,1,NA,"N",NA,NA,NA,NA,NA,NA,0.5
"3672",2024-01-31,"SY",2023,2023-06-03,NA,"TM2","lower","14.0",NA,NA,NA,NA,NA,NA,NA,NA,NA,NA,"0.59","6.3",NA,"F","1.0","0.0",NA,1,1,NA,"N",NA,NA,NA,NA,NA,NA,0.5
"3673",2024-01-31,"SY",2023,2023-06-03,NA,"TM2","lower","3.0",NA,NA,NA,NA,NA,NA,"red",780,10,15,"1.49","25.5",NA,"P","0.0","9.0",4.8,1,1,NA,"Y",NA,NA,NA,NA,NA,NA,1.49
"3674",2024-01-31,"SY",2023,2023-06-03,NA,"TM2","lower","3.0",NA,NA,NA,NA,NA,NA,"red",229,13,15,"1.64","37.0",NA,"P","0.0","5.0",4.2,1,1,NA,"N",NA,NA,NA,NA,NA,NA,1.64
"3675",2024-01-31,"SY",2023,2023-06-03,NA,"TM2","lower","3.0",NA,NA,NA,NA,NA,NA,"red",286,17,12,"1.0","24.7",NA,"P","0.0","2.0",6,1,1,NA,"N",NA,NA,NA,NA,NA,NA,1
"3676",2024-01-31,"SY",2023,2023-06-03,NA,"TM2","lower","3.0",NA,NA,NA,NA,NA,NA,NA,NA,NA,NA,"0.65","9.0",NA,"P","1.0","1.0",1,1,1,NA,"N",NA,NA,NA,NA,NA,NA,0.5
"3677",2024-01-31,"SY",2023,2023-06-03,NA,"TM2","lower","3.0",NA,NA,NA,NA,NA,NA,NA,NA,NA,NA,"0.53","5.5",NA,"P","0.0","1.0",1.7,1,1,NA,"N",NA,NA,NA,NA,NA,NA,0.5
"3678",2024-01-31,"SY",2023,2023-06-03,NA,"TM2","lower","3.0",NA,NA,NA,NA,NA,NA,NA,NA,NA,NA,"0.85","23.0",NA,"P","0.0","2.0",5.2,1,1,NA,"N",NA,NA,NA,NA,NA,NA,0.5
"3679",2024-01-31,"SY",2023,2023-06-03,NA,"TM2","lower","3.0",NA,NA,NA,NA,NA,NA,NA,NA,NA,NA,"0.7","12.0",NA,"P","0.0","1.0",3.3,1,1,NA,"N",NA,NA,NA,NA,NA,NA,0.5
"3680",2024-01-31,"SY",2023,2023-06-03,NA,"TM2","lower","3.0",NA,NA,NA,NA,NA,NA,"red",12,15,19,"3.09","44.0",NA,"P","7.0","26.0",9,1,1,NA,"Y",NA,NA,NA,NA,NA,NA,3.09
"3681",2024-01-31,"SY",2023,2023-06-03,NA,"TM2","lower","3.0",NA,NA,NA,NA,NA,NA,NA,NA,NA,NA,"0.8","7.0",NA,"P","0.0","1.0",3.9,1,1,NA,"N",NA,NA,NA,NA,NA,NA,0.5
"3682",2024-01-31,"SY",2023,2023-06-03,NA,"TM2","lower","3.0",NA,NA,NA,NA,NA,NA,NA,NA,NA,NA,"0.46","9.0",NA,"P","1.0","1.0",1,1,1,NA,"N",NA,NA,NA,NA,NA,NA,0.5
"3683",2024-01-31,"SY",2023,2023-06-03,NA,"TM2","lower","3.0",NA,NA,NA,NA,NA,NA,NA,NA,NA,NA,"0.82","7.5",NA,"F","1.0","0.0",NA,1,1,NA,"N",NA,NA,NA,NA,NA,NA,0.5
"3684",2024-01-31,"SY",2023,2023-06-03,NA,"TM2","lower","3.0",NA,NA,NA,NA,NA,NA,NA,NA,NA,NA,"0.92","18.0",NA,"P","0.0","2.0",4.4,1,1,NA,"N",NA,NA,NA,NA,NA,NA,0.5
"3685",2024-01-31,"SY",2023,2023-06-03,NA,"TM2","lower","3.0",NA,NA,NA,NA,NA,NA,"red",584,20,30,"1.27","34.0",NA,"P","0.0","4.0",6.4,1,1,NA,"Y",NA,NA,NA,NA,NA,NA,1.27
"3686",2024-01-31,"SY",2023,2023-06-03,NA,"TM2","lower","3.0",NA,NA,NA,NA,NA,NA,"red",299,38,14,"1.49","24.5",NA,"P","0.0","5.0",5.6,1,1,NA,"N",NA,NA,NA,NA,NA,NA,1.49
"3687",2024-01-31,"SY",2023,2023-06-03,NA,"TM2","lower","3.5",NA,NA,NA,NA,NA,NA,"red",282,6,11,"1.37","20.5",NA,"P","0.0","5.0",6.2,1,1,NA,"N",NA,NA,NA,NA,NA,NA,1.37
"3688",2024-01-31,"SY",2023,2023-06-03,NA,"TM2","lower","3.5",NA,NA,NA,NA,NA,NA,"red",867,10,5,"1.57","30.0",NA,"P","0.0","12.0",6,1,1,NA,"N",NA,NA,NA,NA,NA,NA,1.57
"3689",2024-01-31,"SY",2023,2023-06-03,NA,"TM2","lower","3.5",NA,NA,NA,NA,NA,NA,"red",205,18,6,"1.33","22.6",NA,"P","0.0","6.0",6.2,1,1,NA,"N",NA,NA,NA,NA,NA,NA,1.33
"3690",2024-01-31,"SY",2023,2023-06-03,NA,"TM2","lower","3.5",NA,NA,NA,NA,NA,NA,"red",856,14,17,"1.34","13.2",NA,"P","2.0","4.0",3.4,1,1,NA,"N",NA,NA,NA,NA,NA,NA,1.34
"3691",2024-01-31,"SY",2023,2023-06-03,NA,"TM2","lower","3.5",NA,NA,NA,NA,NA,NA,"red",402,49,5,"2.2","41.0",NA,"P","0.0","12.0",6.5,1,1,NA,"Y",NA,NA,NA,NA,NA,NA,2.2
"3692",2024-01-31,"SY",2023,2023-06-03,NA,"TM2","lower","3.5",NA,NA,NA,NA,NA,NA,"red",276,39,3,"1.62","22.0",NA,"P","2.0","2.0",4.2,1,1,NA,"N",NA,NA,NA,NA,NA,NA,1.62
"3693",2024-01-31,"SY",2023,2023-06-03,NA,"TM2","lower","4.0",NA,NA,NA,NA,NA,NA,NA,NA,NA,NA,NA,NA,NA,"X",NA,NA,NA,NA,NA,NA,NA,NA,NA,NA,NA,NA,NA,NA
"3694",2024-01-31,"SY",2023,2023-06-03,NA,"TM2","lower","4.0",NA,NA,NA,NA,NA,NA,NA,NA,NA,NA,NA,NA,NA,"X",NA,NA,NA,NA,NA,NA,NA,NA,NA,NA,NA,NA,NA,NA
"3695",2024-01-31,"SY",2023,2023-06-03,NA,"TM2","lower","4.0",NA,NA,NA,NA,NA,NA,"white",253,NA,NA,NA,NA,NA,"X",NA,NA,NA,NA,NA,NA,NA,NA,NA,NA,NA,NA,NA,NA
"3696",2024-01-31,"SY",2023,2023-06-03,NA,"TM2","lower","4.0",NA,NA,NA,NA,NA,NA,NA,NA,NA,NA,"0.8","14.5",NA,"P","1.0","3.0",4,1,1,NA,"N",NA,NA,NA,NA,NA,NA,0.5
"3697",2024-01-31,"SY",2023,2023-06-03,NA,"TM2","lower","4.5",NA,NA,NA,NA,NA,NA,NA,NA,NA,NA,"0.93","10.6",NA,"P","2.0","2.0",2.7,1,1,NA,"N",NA,NA,NA,NA,NA,NA,0.5
"3698",2024-02-01,"SHS",2023,2023-06-03,NA,"TM2","lower","4.5",NA,NA,NA,NA,NA,NA,NA,NA,NA,NA,"0.71","11.2",NA,"P","0.0","2.0",2.4,1,1,NA,"N",NA,NA,NA,NA,NA,NA,0.5
"3699",2024-02-01,"SHS",2023,2023-06-03,NA,"TM2","lower","4.5",NA,NA,NA,NA,NA,NA,NA,NA,NA,NA,"0.68","11.6",NA,"P","2.0","2.0",3.8,1,1,NA,"N",NA,NA,NA,NA,NA,NA,0.5
"3700",2024-02-01,"SHS",2023,2023-06-03,NA,"TM2","lower","4.5",NA,NA,NA,NA,NA,NA,"red",140,16,35,"1.02","19.0",NA,"P","0.0","6.0",6,1,1,NA,"N",NA,NA,NA,NA,NA,NA,1.02
"3701",2024-02-01,"SHS",2023,2023-06-03,NA,"TM2","lower","4.5",NA,NA,NA,NA,NA,NA,NA,NA,NA,NA,"0.39","9.5",NA,"P","0.0","2.0",4.1,1,1,NA,"N",NA,NA,NA,NA,NA,NA,0.5
"3702",2024-02-01,"SHS",2023,2023-06-03,NA,"TM2","lower","4.5",NA,NA,NA,NA,NA,NA,"red",123,30,25,"1.17","18.0",NA,"P","1.0","8.0",5.8,1,1,NA,"N",NA,NA,NA,NA,NA,NA,1.17
"3703",2024-02-01,"SHS",2023,2023-06-03,NA,"TM2","lower","4.5",NA,NA,NA,NA,NA,NA,"red",580,45,20,"1.23","24.1",NA,"P","0.0","11.0",7,1,2,NA,"Y",NA,NA,NA,NA,NA,NA,1.23
"3704",2024-02-01,"SHS",2023,2023-06-03,NA,"TM2","lower","4.5",NA,NA,NA,NA,NA,NA,NA,NA,NA,NA,"0.86","20.0",NA,"P","0.0","3.0",4.9,1,1,NA,"N",NA,NA,NA,NA,NA,NA,0.5
"3705",2024-02-01,"SHS",2023,2023-06-03,NA,"TM2","lower","5.0",NA,NA,NA,NA,NA,NA,NA,NA,NA,NA,"0.85","13.0",NA,"P","0.0","1.0",4,1,1,NA,"Y",NA,NA,NA,NA,NA,NA,0.5
"3706",2024-02-01,"SHS",2023,2023-06-03,NA,"TM2","lower","5.0",NA,NA,NA,NA,NA,NA,NA,NA,NA,NA,NA,NA,NA,"X",NA,NA,NA,NA,NA,NA,NA,NA,NA,NA,NA,NA,NA,NA
"3707",2024-02-01,"SHS",2023,2023-06-03,NA,"TM2","lower","5.0",NA,NA,NA,NA,NA,NA,"red",119,40,5,"2.18","29.4",NA,"P","0.0","9.0",6.5,1,1,NA,"N",NA,NA,NA,NA,NA,NA,2.18
"3708",2024-02-01,"SHS",2023,2023-06-03,NA,"TM2","lower","5.0",NA,NA,NA,NA,NA,NA,"red",275,23,14,"1.32","28.0",NA,"P","0.0","7.0",6,1,1,NA,"N",NA,NA,NA,NA,NA,NA,1.32
"3709",2024-02-01,"SHS",2023,2023-06-03,NA,"TM2","lower","5.0",NA,NA,NA,NA,NA,NA,NA,NA,NA,NA,"0.79","14.2",NA,"P","0.0","2.0",4.2,1,1,NA,"N",NA,NA,NA,NA,NA,NA,0.5
"3710",2024-02-01,"SHS",2023,2023-06-03,NA,"TM2","lower","5.0",NA,NA,NA,NA,NA,NA,NA,NA,NA,NA,"0.99","15.5",NA,"P","0.0","4.0",5.7,1,1,NA,"Y",NA,NA,NA,NA,NA,NA,0.5
"3711",2024-02-01,"SHS",2023,2023-06-03,NA,"TM2","lower","5.0",NA,NA,NA,NA,NA,NA,NA,NA,NA,NA,"0.6","16.0",NA,"P","0.0","2.0",3.6,1,1,NA,"N",NA,NA,NA,NA,NA,NA,0.5
"3712",2024-02-01,"SHS",2023,2023-06-03,NA,"TM2","lower","5.0",NA,NA,NA,NA,NA,NA,"red",262,35,43,"1.23","21.5",NA,"P","0.0","5.0",5.1,1,1,NA,"N",NA,NA,NA,NA,NA,NA,1.23
"3713",2024-02-01,"SHS",2023,2023-06-03,NA,"TM2","lower","5.0",NA,NA,NA,NA,NA,NA,NA,NA,NA,NA,"0.84","10.3",NA,"P","0.0","1.0",2,1,1,NA,"N",NA,NA,NA,NA,NA,NA,0.5
"3714",2024-02-01,"SHS",2023,2023-06-03,NA,"TM2","lower","5.0",NA,NA,NA,NA,NA,NA,NA,NA,NA,NA,"0.53","11.4",NA,"P","0.0","1.0",3.7,1,1,NA,"Y",NA,NA,NA,NA,NA,NA,0.5
"3715",2024-02-01,"SHS",2023,2023-06-03,NA,"TM2","lower","5.0",NA,NA,NA,NA,NA,NA,"red",403,45,44,"1.72","26.5",NA,"P","0.0","6.0",7,1,1,NA,"N",NA,NA,NA,NA,NA,NA,1.72
"3716",2024-02-01,"SHS",2023,2023-06-03,NA,"TM2","lower","5.0",NA,NA,NA,NA,NA,NA,"red",295,45,45,"1.8","34.5",NA,"P","0.0","9.0",6.7,1,1,NA,"N",NA,NA,NA,NA,NA,NA,1.8
"3717",2024-02-01,"SHS",2023,2023-06-03,NA,"TM2","lower","5.0",NA,NA,NA,NA,NA,NA,"red",155,18,50,"1.68","24.0",NA,"P","0.0","12.0",6.5,1,1,NA,"N",NA,NA,NA,NA,NA,NA,1.68
"3718",2024-02-01,"SHS",2023,2023-06-03,NA,"TM2","lower","5.0",NA,NA,NA,NA,NA,NA,NA,NA,NA,NA,"0.94","19.0",NA,"P","0.0","7.0",5.8,1,1,NA,"Y",NA,NA,NA,NA,NA,NA,0.5
"3719",2024-02-01,"SHS",2023,2023-06-03,NA,"TM2","lower","5.0",NA,NA,NA,NA,NA,NA,NA,NA,NA,NA,NA,NA,NA,"X",NA,NA,NA,NA,NA,NA,NA,NA,NA,NA,NA,NA,NA,NA
"3720",2024-02-01,"SHS",2023,2023-06-03,NA,"TM2","lower","5.5",NA,NA,NA,NA,NA,NA,NA,NA,NA,NA,"0.46","21.0",NA,"P","0.0","4.0",4.3,2,2,NA,"Y",NA,NA,NA,NA,NA,NA,0.5
"3721",2024-02-01,"SHS",2023,2023-06-03,NA,"TM2","lower","5.5",NA,NA,NA,NA,NA,NA,NA,NA,NA,NA,NA,NA,NA,"X",NA,NA,NA,NA,NA,NA,NA,NA,NA,NA,NA,NA,NA,NA
"3722",2024-02-01,"SHS",2023,2023-06-03,NA,"TM2","lower","5.5",NA,NA,NA,NA,NA,NA,NA,NA,NA,NA,"0.54","11.5",NA,"P","0.0","1.0",3.1,1,1,NA,"N",NA,NA,NA,NA,NA,NA,0.5
"3723",2024-02-01,"SHS",2023,2023-06-03,NA,"TM2","lower","5.5",NA,NA,NA,NA,NA,NA,"red",240,15,49,"1.76","38.0",NA,"P","0.0","13.0",6.9,1,1,NA,"N",NA,NA,NA,NA,NA,NA,1.76
"3724",2024-02-01,"SHS",2023,2023-06-03,NA,"TM2","lower","5.5",NA,NA,NA,NA,NA,NA,"red",592,29,24,"2.02","51.0",NA,"P","0.0","19.0",8,1,1,NA,"N",NA,NA,NA,NA,NA,NA,2.02
"3725",2024-02-01,"SHS",2023,2023-06-03,NA,"TM2","lower","5.5",NA,NA,NA,NA,NA,NA,"red",206,35,44,"1.23","22.0",NA,"P","0.0","2.0",3.5,1,1,NA,"N",NA,NA,NA,NA,NA,NA,1.23
"3726",2024-02-01,"SHS",2023,2023-06-03,NA,"TM2","lower","5.5",NA,NA,NA,NA,NA,NA,NA,NA,NA,NA,"0.97","23.5",NA,"P","0.0","2.0",5,1,1,NA,"N",NA,NA,NA,NA,NA,NA,0.5
"3727",2024-02-01,"SHS",2023,2023-06-03,NA,"TM2","lower","6.0",NA,NA,NA,NA,NA,NA,NA,NA,NA,NA,"0.59","13.0",NA,"P","0.0","1.0",4,1,1,NA,"Y",NA,NA,NA,NA,NA,NA,0.5
"3728",2024-02-01,"SHS",2023,2023-06-03,NA,"TM2","lower","6.0",NA,NA,NA,NA,NA,NA,"red",225,10,12,"1.58","21.0",NA,"P","1.0","5.0",6,1,1,NA,"Y",NA,NA,NA,NA,NA,NA,1.58
"3729",2024-02-01,"SHS",2023,2023-06-03,NA,"TM2","lower","6.0",NA,NA,NA,NA,NA,NA,NA,NA,NA,NA,"0.5","6.3",NA,"V",NA,NA,NA,1,1,"3.3","N",NA,NA,NA,NA,NA,NA,0.5
"3730",2024-02-01,"SHS",2023,2023-06-03,NA,"TM2","lower","6.0",NA,NA,NA,NA,NA,NA,"red",279,10,21,"1.83","33.0",NA,"P","0.0","11.0",6.8,1,1,NA,"Y",NA,NA,NA,NA,NA,NA,1.83
"3731",2024-02-01,"SHS",2023,2023-06-03,NA,"TM2","lower","6.0",NA,NA,NA,NA,NA,NA,NA,NA,NA,NA,"0.97","17.8",NA,"P","0.0","2.0",5.4,1,1,NA,"N",NA,NA,NA,NA,NA,NA,0.5
"3732",2024-02-01,"SHS",2023,2023-06-03,NA,"TM2","lower","6.0",NA,NA,NA,NA,NA,NA,"red",277,18,14,"1.53","17.2",NA,"P","0.0","8.0",7,1,1,NA,"N",NA,NA,NA,NA,NA,NA,1.53
"3733",2024-02-01,"SHS",2023,2023-06-03,NA,"TM2","lower","6.0",NA,NA,NA,NA,NA,NA,"red",157,16,22,"2.16","43.0",NA,"P","0.0","31.0",8,1,1,NA,"Y",NA,NA,NA,NA,NA,NA,2.16
"3734",2024-02-01,"SHS",2023,2023-06-03,NA,"TM2","lower","6.0",NA,NA,NA,NA,NA,NA,"red",595,15,18,"1.13","15.8",NA,"P","1.0","1.0",4.3,1,1,NA,"N",NA,NA,NA,NA,NA,NA,1.13
"3735",2024-02-01,"SHS",2023,2023-06-03,NA,"TM2","lower","6.0",NA,NA,NA,NA,NA,NA,NA,NA,NA,NA,"0.57","16.0",NA,"P","0.0","2.0",4.1,1,1,NA,"N",NA,NA,NA,NA,NA,NA,0.5
"3736",2024-02-01,"SHS",2023,2023-06-03,NA,"TM2","lower","6.0",NA,NA,NA,NA,NA,NA,NA,NA,NA,NA,"0.5","12.0",NA,"P","0.0","1.0",2.8,1,1,NA,"N",NA,NA,NA,NA,NA,NA,0.5
"3737",2024-02-01,"SHS",2023,2023-06-03,NA,"TM2","lower","6.0",NA,NA,NA,NA,NA,NA,"red",885,34,37,"1.34","31.2",NA,"P","0.0","1-",7.1,1,1,NA,"N",NA,NA,NA,NA,NA,NA,1.34
"3738",2024-02-01,"SHS",2023,2023-06-03,NA,"TM2","lower","6.0",NA,NA,NA,NA,NA,NA,NA,NA,NA,NA,"0.75","15.0",NA,"P","0.0","3.0",4.9,1,1,NA,"N",NA,NA,NA,NA,NA,NA,0.5
"3739",2024-02-01,"SHS",2023,2023-06-03,NA,"TM2","lower","6.5",NA,NA,NA,NA,NA,NA,NA,NA,NA,NA,"0.86","17.0",NA,"P","0.0","4.0",5.8,1,1,NA,"Y",NA,NA,NA,NA,NA,NA,0.5
"3740",2024-02-01,"SHS",2023,2023-06-03,NA,"TM2","lower","6.5",NA,NA,NA,NA,NA,NA,NA,NA,NA,NA,"0.95","15.1",NA,"P","0.0","3.0",4.3,1,1,NA,"N",NA,NA,NA,NA,NA,NA,0.5
"3741",2024-02-01,"SHS",2023,2023-06-03,NA,"TM2","lower","6.5",NA,NA,NA,NA,NA,NA,NA,NA,NA,NA,"0.44","9.3",NA,"P","0.0","1.0",2.1,1,1,NA,"N",NA,NA,NA,NA,NA,NA,0.5
"3742",2024-02-01,"SHS",2023,2023-06-03,NA,"TM2","lower","6.5",NA,NA,NA,NA,NA,NA,NA,NA,NA,NA,"0.98","17.2",NA,"P","0.0","3.0",6,1,1,NA,"Y",NA,NA,NA,NA,NA,NA,0.5
"3743",2024-02-01,"SHS",2023,2023-06-03,NA,"TM2","lower","6.5",NA,NA,NA,NA,NA,NA,NA,NA,NA,NA,"0.64","14.5",NA,"P","0.0","2.0",4,1,1,NA,"N",NA,NA,NA,NA,NA,NA,0.5
"3744",2024-02-01,"SHS",2023,2023-06-03,NA,"TM2","lower","6.5",NA,NA,NA,NA,NA,NA,NA,NA,NA,NA,"0.98","17.3",NA,"P","0.0","4.0",5.4,1,1,NA,"N",NA,NA,NA,NA,NA,NA,0.5
"3745",2024-02-01,"SHS",2023,2023-06-03,NA,"TM2","lower","6.5",NA,NA,NA,NA,NA,NA,NA,NA,NA,NA,"0.61","14.2",NA,"P","0.0","3.0",3.7,1,1,NA,"N",NA,NA,NA,NA,NA,NA,0.5
"3746",2024-02-01,"SHS",2023,2023-06-03,NA,"TM2","lower","6.5",NA,NA,NA,NA,NA,NA,NA,NA,NA,NA,"0.86","17.6",NA,"P","0.0","3.0",6,1,1,NA,"N",NA,NA,NA,NA,NA,NA,0.5
"3747",2024-02-01,"SHS",2023,2023-06-03,NA,"TM2","lower","6.5",NA,NA,NA,NA,NA,NA,NA,NA,NA,NA,"0.7","13.7",NA,"P","0.0","3.0",4.6,1,1,NA,"N",NA,NA,NA,NA,NA,NA,0.5
"3748",2024-02-07,"MCW",2023,2023-06-03,NA,"TM2","lower","7.0",NA,NA,NA,NA,NA,NA,NA,NA,NA,NA,NA,NA,NA,"X",NA,NA,NA,NA,NA,NA,NA,NA,NA,NA,NA,NA,NA,NA
"3749",2024-02-07,"MCW",2023,2023-06-03,NA,"TM2","lower","7.0",NA,NA,NA,NA,NA,NA,NA,NA,NA,NA,"0.44","11.5",NA,"P","0.0","1.0",3.1,1,1,NA,"N",NA,NA,NA,NA,NA,NA,0.5
"3750",2024-02-07,"MCW",2023,2023-06-03,NA,"TM2","lower","7.0",NA,NA,NA,NA,NA,NA,NA,NA,NA,NA,"0.69","14.1",NA,"P","0.0","3.0",4.1,1,1,NA,"N",NA,NA,NA,NA,NA,NA,0.5
"3751",2024-02-07,"MCW",2023,2023-06-03,NA,"TM2","lower","7.0",NA,NA,NA,NA,NA,NA,NA,NA,NA,NA,"0.86","17.5",NA,"P","0.0","3.0",4,1,1,NA,"N",NA,NA,NA,NA,NA,NA,0.5
"3752",2024-02-07,"MCW",2023,2023-06-03,NA,"TM2","lower","7.0",NA,NA,NA,NA,NA,NA,NA,NA,NA,NA,"0.39","10.1",NA,"P","0.0","1.0",2.2,1,1,NA,"N",NA,NA,NA,NA,NA,NA,0.5
"3753",2024-02-07,"MCW",2023,2023-06-03,NA,"TM2","lower","7.0",NA,NA,NA,NA,NA,NA,NA,NA,NA,NA,"0.58","14.5",NA,"P","1.0","2.0",4,1,1,NA,"N",NA,NA,NA,NA,NA,NA,0.5
"3754",2024-02-07,"MCW",2023,2023-06-03,NA,"TM2","lower","7.0",NA,NA,NA,NA,NA,NA,NA,NA,NA,NA,"0.7","14.0",NA,"P","0.0","3.0",4.5,1,1,NA,"N",NA,NA,NA,NA,NA,NA,0.5
"3755",2024-02-07,"MCW",2023,2023-06-03,NA,"TM2","lower","7.0",NA,NA,NA,NA,NA,NA,NA,NA,NA,NA,"0.49","10.9",NA,"P","0.0","1.0",3.5,1,1,NA,"Y",NA,NA,NA,NA,NA,NA,0.5
"3756",2024-02-07,"MCW",2023,2023-06-03,NA,"TM2","lower","7.0",NA,NA,NA,NA,NA,NA,"red",245,30,48,"2.0","24.0",NA,"P","0.0","5.0",5.8,1,1,NA,"N",NA,NA,NA,NA,NA,NA,2
"3757",2024-02-07,"MCW",2023,2023-06-03,NA,"TM2","lower","7.5",NA,NA,NA,NA,NA,NA,NA,NA,NA,NA,NA,NA,NA,"X",NA,NA,NA,NA,NA,NA,NA,NA,NA,NA,NA,NA,NA,NA
"3758",2024-02-07,"MCW",2023,2023-06-03,NA,"TM2","lower","7.5",NA,NA,NA,NA,NA,NA,NA,NA,NA,NA,NA,NA,NA,"X",NA,NA,NA,NA,NA,NA,NA,NA,NA,NA,NA,NA,NA,NA
"3759",2024-02-07,"MCW",2023,2023-06-03,NA,"TM2","lower","7.5",NA,NA,NA,NA,NA,NA,NA,NA,NA,NA,NA,NA,NA,"X",NA,NA,NA,NA,NA,NA,NA,NA,NA,NA,NA,NA,NA,NA
"3760",2024-02-07,"MCW",2023,2023-06-03,NA,"TM2","lower","7.5",NA,NA,NA,NA,NA,NA,NA,NA,NA,NA,NA,NA,NA,"X",NA,NA,NA,NA,NA,NA,NA,NA,NA,NA,NA,NA,NA,NA
"3761",2024-02-07,"MCW",2023,2023-06-03,NA,"TM2","lower","7.5",NA,NA,NA,NA,NA,NA,NA,NA,NA,NA,NA,NA,NA,"X",NA,NA,NA,NA,NA,NA,NA,NA,NA,NA,NA,NA,NA,NA
"3762",2024-02-07,"MCW",2023,2023-06-03,NA,"TM2","lower","7.5",NA,NA,NA,NA,NA,NA,NA,NA,NA,NA,NA,NA,NA,"X",NA,NA,NA,NA,NA,NA,NA,NA,NA,NA,NA,NA,NA,NA
"3763",2024-02-07,"MCW",2023,2023-06-03,NA,"TM2","lower","7.5",NA,NA,NA,NA,NA,NA,NA,NA,NA,NA,NA,NA,NA,"X",NA,NA,NA,NA,NA,NA,NA,NA,NA,NA,NA,NA,NA,NA
"3764",2024-02-07,"MCW",2023,2023-06-03,NA,"TM2","lower","7.5",NA,NA,NA,NA,NA,NA,NA,NA,NA,NA,NA,NA,NA,"X",NA,NA,NA,NA,NA,NA,NA,NA,NA,NA,NA,NA,NA,NA
"3765",2024-02-07,"MCW",2023,2023-06-03,NA,"TM2","lower","7.5",NA,NA,NA,NA,NA,NA,NA,NA,NA,NA,NA,NA,NA,"X",NA,NA,NA,NA,NA,NA,NA,NA,NA,NA,NA,NA,NA,NA
"3766",2024-02-07,"MCW",2023,2023-06-03,NA,"TM2","lower","7.5",NA,NA,NA,NA,NA,NA,NA,NA,NA,NA,NA,NA,NA,"X",NA,NA,NA,NA,NA,NA,NA,NA,NA,NA,NA,NA,NA,NA
"3767",2024-02-07,"MCW",2023,2023-06-03,NA,"TM2","lower","7.5",NA,NA,NA,NA,NA,NA,NA,NA,NA,NA,NA,NA,NA,"X",NA,NA,NA,NA,NA,NA,NA,NA,NA,NA,NA,NA,NA,NA
"3768",2024-02-07,"MCW",2023,2023-06-03,NA,"TM2","lower","7.5",NA,NA,NA,NA,NA,NA,NA,NA,NA,NA,NA,NA,NA,"X",NA,NA,NA,NA,NA,NA,NA,NA,NA,NA,NA,NA,NA,NA
"3769",2024-02-07,"MCW",2023,2023-06-03,NA,"TM2","lower","7.5",NA,NA,NA,NA,NA,NA,NA,NA,NA,NA,NA,NA,NA,"X",NA,NA,NA,NA,NA,NA,NA,NA,NA,NA,NA,NA,NA,NA
"3770",2024-02-07,"MCW",2023,2023-06-03,NA,"TM2","lower","7.5",NA,NA,NA,NA,NA,NA,NA,NA,NA,NA,NA,NA,NA,"X",NA,NA,NA,NA,NA,NA,NA,NA,NA,NA,NA,NA,NA,NA
"3771",2024-02-07,"MCW",2023,2023-06-03,NA,"TM2","lower","7.5",NA,NA,NA,NA,NA,NA,NA,NA,NA,NA,NA,NA,NA,"X",NA,NA,NA,NA,NA,NA,NA,NA,NA,NA,NA,NA,NA,NA
"3772",2024-02-07,"MCW",2023,2023-06-03,NA,"TM2","lower","7.5",NA,NA,NA,NA,NA,NA,NA,NA,NA,NA,NA,NA,NA,"X",NA,NA,NA,NA,NA,NA,NA,NA,NA,NA,NA,NA,NA,NA
"3773",2024-02-07,"MCW",2023,2023-06-03,NA,"TM2","lower","7.5",NA,NA,NA,NA,NA,NA,NA,NA,NA,NA,NA,NA,NA,"X",NA,NA,NA,NA,NA,NA,NA,NA,NA,NA,NA,NA,NA,NA
"3774",2024-02-07,"MCW",2023,2023-06-03,NA,"TM2","lower","7.5",NA,NA,NA,NA,NA,NA,"red",249,NA,NA,"9.36","42.0",NA,"P","0.0","108.0",6.6,6,6,NA,"Y",NA,NA,NA,NA,NA,NA,9.36
"3775",2024-02-07,"MCW",2023,2023-06-03,NA,"TM2","lower","7.5",NA,NA,NA,NA,NA,NA,NA,NA,NA,NA,"0.28","4.5",NA,"V",NA,NA,NA,1,1,"0.5","N",NA,NA,NA,NA,NA,NA,0.5
"3776",2024-02-07,"MCW",2023,2023-06-03,NA,"TM2","lower","7.5",NA,NA,NA,NA,NA,NA,NA,NA,NA,NA,"0.35","2.2",NA,"V",NA,NA,NA,1,1,"0.5","N",NA,NA,NA,NA,NA,NA,0.5
"3777",2024-02-07,"MCW",2023,2023-06-03,NA,"TM2","lower","7.5",NA,NA,NA,NA,NA,NA,NA,NA,NA,NA,"0.39","15.9",NA,"P","0.0","2.0",2.2,1,1,NA,"N",NA,NA,NA,NA,NA,NA,0.5
"3778",2024-02-07,"MCW",2023,2023-06-03,NA,"TM2","lower","7.5",NA,NA,NA,NA,NA,NA,NA,NA,NA,NA,"0.37","9.5",NA,"P","0.0","2.0",2.4,1,1,NA,"N",NA,NA,NA,NA,NA,NA,0.5
"3779",2024-02-07,"MCW",2023,2023-06-03,NA,"TM2","lower","7.5",NA,NA,NA,NA,NA,NA,NA,NA,NA,NA,"0.49","8.0",NA,"P","0.0","1.0",0.5,1,1,NA,"N",NA,NA,NA,NA,NA,NA,0.5
"3780",2024-02-07,"MCW",2023,2023-06-03,NA,"TM2","lower","7.5",NA,NA,NA,NA,NA,NA,NA,NA,NA,NA,"0.34","3.4",NA,"V",NA,NA,NA,1,1,"0.8","N",NA,NA,NA,NA,NA,NA,0.5
"3781",2024-02-07,"MCW",2023,2023-06-03,NA,"TM2","lower","7.5",NA,NA,NA,NA,NA,NA,NA,NA,NA,NA,"0.45","7.5",NA,"P","0.0","2.0",1.4,1,1,NA,"N",NA,NA,NA,NA,NA,NA,0.5
"3782",2024-02-07,"MCW",2023,2023-06-03,NA,"TM2","lower","7.5",NA,NA,NA,NA,NA,NA,NA,NA,NA,NA,"0.64","14.5",NA,"P","0.0","2.0",3.5,1,1,NA,"Y",NA,NA,NA,NA,NA,NA,0.5
"3783",2024-02-07,"MCW",2023,2023-06-03,NA,"TM2","lower","7.5",NA,NA,NA,NA,NA,NA,NA,NA,NA,NA,"0.24","2.6",NA,"V",NA,NA,NA,1,1,"0.6","N",NA,NA,NA,NA,NA,NA,0.5
"3784",2024-02-07,"MCW",2023,2023-06-03,NA,"TM2","lower","7.5",NA,NA,NA,NA,NA,NA,NA,NA,NA,NA,"0.39","2.2",NA,"V",NA,NA,NA,1,1,"0.5","N",NA,NA,NA,NA,NA,NA,0.5
"3785",2024-02-07,"MCW",2023,2023-06-03,NA,"TM2","lower","7.5",NA,NA,NA,NA,NA,NA,NA,NA,NA,NA,"0.38","1.8",NA,"V",NA,NA,NA,1,1,"0.5","N",NA,NA,NA,NA,NA,NA,0.5
"3786",2024-02-07,"MCW",2023,2023-06-03,NA,"TM2","lower","7.5",NA,NA,NA,NA,NA,NA,NA,NA,NA,NA,"0.68","9.3",NA,"P","0.0","1.0",NA,1,1,NA,"N",NA,NA,NA,NA,NA,NA,0.5
"3787",2024-02-07,"MCW",2023,2023-06-03,NA,"TM2","lower","7.5",NA,NA,NA,NA,NA,NA,NA,NA,NA,NA,"0.92","15.5",NA,"P","0.0","2.0",3,1,1,NA,"Y",NA,NA,NA,NA,NA,NA,0.5
"3788",2024-02-07,"MCW",2023,2023-06-03,NA,"TM2","lower","7.5",NA,NA,NA,NA,NA,NA,NA,NA,NA,NA,"0.41","6.6",NA,"F","1.0","0.0",NA,1,1,NA,"Y",NA,NA,NA,NA,NA,NA,0.5
"3789",2024-02-07,"MCW",2023,2023-06-03,NA,"TM2","lower","7.5",NA,NA,NA,NA,NA,NA,NA,NA,NA,NA,"0.48","8.7",NA,"F","1.0","0.0",NA,1,1,NA,"N",NA,NA,NA,NA,NA,NA,0.5
"3790",2024-02-07,"MCW",2023,2023-06-03,NA,"TM2","lower","7.5",NA,NA,NA,NA,NA,NA,NA,NA,NA,NA,"0.45","4.0",NA,"V",NA,NA,NA,1,1,"0.8","N",NA,NA,NA,NA,NA,NA,0.5
"3791",2024-02-07,"MCW",2023,2023-06-03,NA,"TM2","lower","7.5",NA,NA,NA,NA,NA,NA,NA,NA,NA,NA,"0.58","15.2",NA,"B","0.0","0.0",NA,1,1,NA,"Y",NA,NA,NA,NA,NA,NA,0.5
"3792",2024-02-07,"MCW",2023,2023-06-03,NA,"TM2","lower","7.5",NA,NA,NA,NA,NA,NA,NA,NA,NA,NA,"0.74","13.0",NA,"P","0.0","1.0",2.1,1,1,NA,"N",NA,NA,NA,NA,NA,NA,0.5
"3793",2024-02-07,"MCW",2023,2023-06-03,NA,"TM2","lower","7.5",NA,NA,NA,NA,NA,NA,NA,NA,NA,NA,"0.58","9.9",NA,"P","0.0","1.0",2.2,1,1,NA,"N",NA,NA,NA,NA,NA,NA,0.5
"3794",2024-02-07,"MCW",2023,2023-06-03,NA,"TM2","lower","7.5",NA,NA,NA,NA,NA,NA,NA,NA,NA,NA,"0.49","10.5",NA,"P","0.0","2.0",2.2,1,1,NA,"N",NA,NA,NA,NA,NA,NA,0.5
"3795",2024-02-07,"MCW",2023,2023-06-03,NA,"TM2","lower","7.5",NA,NA,NA,NA,NA,NA,NA,NA,NA,NA,"0.52","9.0",NA,"P","0.0","1.0",1,1,1,NA,"N",NA,NA,NA,NA,NA,NA,0.5
"3796",2024-02-07,"MCW",2023,2023-06-03,NA,"TM2","lower","7.5",NA,NA,NA,NA,NA,NA,NA,NA,NA,NA,"0.9","17.8",NA,"P","0.0","3.0",4,1,1,NA,"Y",NA,NA,NA,NA,NA,NA,0.5
"3797",2024-02-07,"MCW",2023,2023-06-03,NA,"TM2","lower","7.5",NA,NA,NA,NA,NA,NA,NA,NA,NA,NA,"0.78","16.6",NA,"P","0.0","3.0",3.9,1,1,NA,"Y",NA,NA,NA,NA,NA,NA,0.5
"3798",2024-02-07,"MCW",2023,2023-06-03,NA,"TM2","lower","7.5",NA,NA,NA,NA,NA,NA,NA,NA,NA,NA,"0.72","13.8",NA,"P","0.0","2.0",3.3,1,1,NA,"Y",NA,NA,NA,NA,NA,NA,0.5
"3799",2024-02-07,"MCW",2023,2023-06-03,NA,"TM2","lower","7.5",NA,NA,NA,NA,NA,NA,NA,NA,NA,NA,"0.75","23.2",NA,"P","1.0","4.0",5.8,1,1,NA,"Y",NA,NA,NA,NA,NA,NA,0.5
"3800",2024-02-07,"MCW",2023,2023-06-03,NA,"TM2","lower","7.5",NA,NA,NA,NA,NA,NA,NA,NA,NA,NA,"0.87","15.1",NA,"P","0.0","1.0",2.8,1,1,NA,"Y",NA,NA,NA,NA,NA,NA,0.5
"3801",2024-02-07,"MCW",2023,2023-06-03,NA,"TM2","lower","7.5",NA,NA,NA,NA,NA,NA,NA,NA,NA,NA,"0.81","5.1",NA,"F","1.0","0.0",NA,1,1,NA,"Y",NA,NA,NA,NA,NA,NA,0.5
"3802",2024-02-07,"MCW",2023,2023-06-03,NA,"TM2","lower","7.5",NA,NA,NA,NA,NA,NA,NA,NA,NA,NA,"0.86","13.0",NA,"P","0.0","1.0",2.1,1,1,NA,"N",NA,NA,NA,NA,NA,NA,0.5
"3803",2024-02-07,"MCW",2023,2023-06-03,NA,"TM2","lower","7.5",NA,NA,NA,NA,NA,NA,NA,NA,NA,NA,"0.2","5.4",NA,"P","0.0","1.0",1,1,1,NA,"Y",NA,NA,NA,NA,NA,NA,0.5
"3804",2024-02-07,"MCW",2023,2023-06-03,NA,"TM2","lower","7.5",NA,NA,NA,NA,NA,NA,NA,NA,NA,NA,"0.77","9.0",NA,"F","1.0","0.0",NA,1,1,NA,"N",NA,NA,NA,NA,NA,NA,0.5
"3805",2024-02-07,"MCW",2023,2023-06-03,NA,"TM2","lower","7.5",NA,NA,NA,NA,NA,NA,NA,NA,NA,NA,"0.6","9.4",NA,"P","0.0","1.0",1.2,1,1,NA,"N",NA,NA,NA,NA,NA,NA,0.5
"3806",2024-02-07,"MCW",2023,2023-06-03,NA,"TM2","lower","7.5",NA,NA,NA,NA,NA,NA,NA,NA,NA,NA,"0.67","1.8",NA,"V",NA,NA,NA,2,2,"0.6","N",NA,NA,NA,NA,NA,NA,0.5
"3807",2024-02-07,"MCW",2023,2023-06-03,NA,"TM2","lower","7.5",NA,NA,NA,NA,NA,NA,NA,NA,NA,NA,"0.87","19.0",NA,"P","0.0","2.0",3.5,1,1,NA,"N",NA,NA,NA,NA,NA,NA,0.5
"3808",2024-02-07,"MCW",2023,2023-06-03,NA,"TM2","lower","7.5",NA,NA,NA,NA,NA,NA,NA,NA,NA,NA,"0.86","5.0",NA,"P","0.0","2.0",1.5,1,1,NA,"N",NA,NA,NA,NA,NA,NA,0.5
"3809",2024-02-07,"MCW",2023,2023-06-03,NA,"TM2","lower","7.5",NA,NA,NA,NA,NA,NA,NA,NA,NA,NA,"0.84","11.2",NA,"P","0.0","1.0",2,1,1,NA,"N",NA,NA,NA,NA,NA,NA,0.5
"3810",2024-02-07,"MCW",2023,2023-06-03,NA,"TM2","lower","7.5",NA,NA,NA,NA,NA,NA,NA,NA,NA,NA,"0.17","3.0",NA,"V",NA,NA,NA,1,1,"0.5","N",NA,NA,NA,NA,NA,NA,0.5
"3811",2024-02-07,"MCW",2023,2023-06-03,NA,"TM2","lower","8.0",NA,NA,NA,NA,NA,NA,NA,NA,NA,NA,"0.81","4.9",NA,"P","0.0","1.0",1.8,1,1,NA,"Y",NA,NA,NA,NA,NA,NA,0.5
"3812",2024-02-07,"MCW",2023,2023-06-03,NA,"TM2","lower","8.0",NA,NA,NA,NA,NA,NA,NA,NA,NA,NA,"1.23","17.4",NA,"P","0.0","2.0",4.5,1,1,NA,"Y",NA,NA,NA,NA,NA,NA,1.23
"3813",2024-02-07,"MCW",2023,2023-06-03,NA,"TM2","lower","8.0",NA,NA,NA,NA,NA,NA,NA,NA,NA,NA,NA,NA,NA,"X",NA,NA,NA,NA,NA,NA,NA,NA,NA,NA,NA,NA,NA,NA
"3814",2024-02-07,"MCW",2023,2023-06-03,NA,"TM2","lower","8.0",NA,NA,NA,NA,NA,NA,NA,NA,NA,NA,"0.67","7.0",NA,"B","0.0","0.0",NA,1,1,NA,"Y",NA,NA,NA,NA,NA,NA,0.5
"3815",2024-02-07,"MCW",2023,2023-06-03,NA,"TM2","lower","8.0",NA,NA,NA,NA,NA,NA,NA,NA,NA,NA,"1.11","17.2",NA,"P","0.0","1.0",4.8,1,1,NA,"N",NA,NA,NA,NA,NA,NA,1.11
"3816",2024-02-07,"MCW",2023,2023-06-03,NA,"TM2","lower","8.0",NA,NA,NA,NA,NA,NA,NA,NA,NA,NA,"0.72","8.6",NA,"P","0.0","1.0",2,1,1,NA,"Y",NA,NA,NA,NA,NA,NA,0.5
"3817",2024-02-07,"MCW",2023,2023-06-03,NA,"TM2","lower","8.0",NA,NA,NA,NA,NA,NA,NA,NA,NA,NA,"0.72","12.0",NA,"P","0.0","1.0",3.1,1,1,NA,"Y",NA,NA,NA,NA,NA,NA,0.5
"3818",2024-02-07,"MCW",2023,2023-06-03,NA,"TM2","lower","8.0",NA,NA,NA,NA,NA,NA,NA,NA,NA,NA,"1.2","17.5",NA,"P","0.0","2.0",4,1,1,NA,"Y",NA,NA,NA,NA,NA,NA,1.2
"3819",2024-02-07,"MCW",2023,2023-06-03,NA,"TM2","lower","8.0",NA,NA,NA,NA,NA,NA,NA,NA,NA,NA,"0.71","13.5",NA,"P","0.0","1.0",2.2,1,1,NA,"N",NA,NA,NA,NA,NA,NA,0.5
"3820",2024-02-07,"MCW",2023,2023-06-03,NA,"TM2","lower","8.0",NA,NA,NA,NA,NA,NA,NA,NA,NA,NA,"0.68","12.0",NA,"P","0.0","1.0",2.8,1,1,NA,"N",NA,NA,NA,NA,NA,NA,0.5
"3821",2024-02-07,"MCW",2023,2023-06-03,NA,"TM2","lower","8.0",NA,NA,NA,NA,NA,NA,NA,NA,NA,NA,"0.9","17.5",NA,"P","0.0","2.0",3.9,1,1,NA,"N",NA,NA,NA,NA,NA,NA,0.5
"3822",2024-02-07,"MCW",2023,2023-06-03,NA,"TM2","lower","8.0",NA,NA,NA,NA,NA,NA,NA,NA,NA,NA,"0.75","7.5",NA,"B","0.0","0.0",NA,1,1,NA,"Y",NA,NA,NA,NA,NA,NA,0.5
"3823",2024-02-07,"MCW",2023,2023-06-03,NA,"TM2","lower","8.0",NA,NA,NA,NA,NA,NA,NA,NA,NA,NA,"0.65","4.6",NA,"P","0.0","1.0",1,1,1,NA,"Y",NA,NA,NA,NA,NA,NA,0.5
"3824",2024-02-07,"MCW",2023,2023-06-03,NA,"TM2","lower","8.0",NA,NA,NA,NA,NA,NA,NA,NA,NA,NA,"0.68","14.3",NA,"P","0.0","1.0",2.3,1,1,NA,"Y",NA,NA,NA,NA,NA,NA,0.5
"3825",2024-02-07,"MCW",2023,2023-06-03,NA,"TM2","lower","8.0",NA,NA,NA,NA,NA,NA,NA,NA,NA,NA,"65.0","5.6",NA,"F","1.0","0.0",NA,1,1,NA,"N",NA,NA,NA,NA,NA,NA,65
"3826",2024-02-07,"MCW",2023,2023-06-03,NA,"TM2","lower","8.0",NA,NA,NA,NA,NA,NA,NA,NA,NA,NA,"0.75","11.5",NA,"P","0.0","2.0",2.2,1,1,NA,"Y",NA,NA,NA,NA,NA,NA,0.5
"3827",2024-02-07,"MCW",2023,2023-06-03,NA,"TM2","lower","8.0",NA,NA,NA,NA,NA,NA,NA,NA,NA,NA,"0.91","14.7",NA,"P","0.0","1.0",2.8,1,1,NA,"Y",NA,NA,NA,NA,NA,NA,0.5
"3828",2024-02-07,"MCW",2023,2023-06-03,NA,"TM2","lower","8.0",NA,NA,NA,NA,NA,NA,NA,NA,NA,NA,"0.53","2.8",NA,"V",NA,"0.0",NA,0,1,"0.8",NA,NA,NA,NA,NA,NA,NA,0.5
"3829",2024-02-07,"MCW",2023,2023-06-03,NA,"TM2","lower","8.0",NA,NA,NA,NA,NA,NA,NA,NA,NA,NA,NA,NA,NA,"X",NA,NA,NA,NA,NA,NA,NA,NA,NA,NA,NA,NA,NA,NA
"3830",2024-02-07,"MCW",2023,2023-06-03,NA,"TM2","lower","8.0",NA,NA,NA,NA,NA,NA,NA,NA,NA,NA,"0.92","15.1",NA,"P","0.0","1.0",2.6,1,1,NA,"Y",NA,NA,NA,NA,NA,NA,0.5
"3831",2024-02-07,"MCW",2023,2023-06-03,NA,"TM2","lower","8.0",NA,NA,NA,NA,NA,NA,NA,NA,NA,NA,"0.82","15.5",NA,"P","0.0","1.0",2.5,1,1,NA,"Y",NA,NA,NA,NA,NA,NA,0.5
"3832",2024-02-07,"MCW",2023,2023-06-03,NA,"TM2","lower","8.0",NA,NA,NA,NA,NA,NA,NA,NA,NA,NA,NA,NA,NA,"X",NA,NA,NA,NA,NA,NA,NA,NA,NA,NA,NA,NA,NA,NA
"3833",2024-02-07,"MCW",2023,2023-06-03,NA,"TM2","lower","8.0",NA,NA,NA,NA,NA,NA,NA,NA,NA,NA,"0.4","4.1",NA,"F","1.0","0.0",NA,1,1,NA,"N",NA,NA,NA,NA,NA,NA,0.5
"3834",2024-02-07,"MCW",2023,2023-06-03,NA,"TM2","lower","8.0",NA,NA,NA,NA,NA,NA,NA,NA,NA,NA,"0.69","12.2",NA,"P","0.0","1.0",1.7,1,1,NA,"Y",NA,NA,NA,NA,NA,NA,0.5
"3835",2024-02-07,"MCW",2023,2023-06-03,NA,"TM2","lower","8.0",NA,NA,NA,NA,NA,NA,NA,NA,NA,NA,"0.7","15.4",NA,"P","0.0","2.0",1.9,1,1,NA,"Y",NA,NA,NA,NA,NA,NA,0.5
"3836",2024-02-07,"MCW",2023,2023-06-03,NA,"TM2","lower","8.0",NA,NA,NA,NA,NA,NA,NA,NA,NA,NA,"0.57","7.0",NA,"B","0.0","0.0",NA,1,1,NA,"N",NA,NA,NA,NA,NA,NA,0.5
"3837",2024-02-07,"MCW",2023,2023-06-03,NA,"TM2","lower","8.0",NA,NA,NA,NA,NA,NA,NA,NA,NA,NA,"0.49","10.0",NA,"B","0.0","0.0",NA,1,1,NA,"Y",NA,NA,NA,NA,NA,NA,0.5
"3838",2024-02-07,"MCW",2023,2023-06-03,NA,"TM2","lower","8.0",NA,NA,NA,NA,NA,NA,NA,NA,NA,NA,"0.62","6.5",NA,"B","0.0","0.0",NA,1,1,NA,"Y",NA,NA,NA,NA,NA,NA,0.5
"3839",2024-02-07,"MCW",2023,2023-06-03,NA,"TM2","lower","8.0",NA,NA,NA,NA,NA,NA,NA,NA,NA,NA,"0.54","6.9",NA,"B","0.0","0.0",NA,1,1,NA,"Y",NA,NA,NA,NA,NA,NA,0.5
"3840",2024-02-07,"MCW",2023,2023-06-03,NA,"TM2","lower","8.0",NA,NA,NA,NA,NA,NA,NA,NA,NA,NA,"0.51","4.3",NA,"F","1.0","0.0",NA,1,1,NA,"Y",NA,NA,NA,NA,NA,NA,0.5
"3841",2024-02-07,"MCW",2023,2023-06-03,NA,"TM2","lower","8.0",NA,NA,NA,NA,NA,NA,NA,NA,NA,NA,NA,NA,NA,"X",NA,NA,NA,NA,NA,NA,NA,NA,NA,NA,NA,NA,NA,NA
"3842",2024-02-07,"MCW",2023,2023-06-03,NA,"TM2","lower","10.5",NA,NA,NA,NA,NA,NA,NA,NA,NA,NA,"1.22","22.0",NA,"P","0.0","0.0",6.2,1,1,NA,"Y",NA,NA,NA,NA,NA,"dying",1.22
"3843",2024-02-07,"MCW",2023,2023-06-03,NA,"TM2","lower","10.5",NA,NA,NA,NA,NA,NA,NA,NA,NA,NA,"1.06","23.5",NA,"P","0.0","0.0",6,1,1,NA,"N",NA,NA,NA,NA,NA,"dying",1.06
"3844",2024-02-07,"MCW",2023,2023-06-03,NA,"TM2","lower","10.5",NA,NA,NA,NA,NA,NA,NA,NA,NA,NA,"0.33","7.5",NA,"P","0.0","1.0",1.7,1,1,NA,"N",NA,NA,NA,NA,NA,NA,0.5
"3845",2024-02-07,"MCW",2023,2023-06-03,NA,"TM2","lower","10.5",NA,NA,NA,NA,NA,NA,NA,NA,NA,NA,"0.71","15.2",NA,"P","0.0","1.0",4.8,1,1,NA,"Y",NA,NA,NA,NA,NA,NA,0.5
"3846",2024-02-07,"MCW",2023,2023-06-03,NA,"TM2","lower","10.5",NA,NA,NA,NA,NA,NA,NA,NA,NA,NA,NA,NA,NA,"X",NA,NA,NA,NA,NA,NA,NA,NA,NA,NA,NA,NA,NA,NA
"3847",2024-02-07,"MCW",2023,2023-06-03,NA,"TM2","lower","10.5",NA,NA,NA,NA,NA,NA,NA,NA,NA,NA,"0.39","1.9",NA,"V","0.0","0.0",NA,0,1,"0.7","N",NA,NA,NA,NA,NA,NA,0.5
"3848",2024-02-07,"MCW",2023,2023-06-03,NA,"TM2","lower","10.5",NA,NA,NA,NA,NA,NA,NA,NA,NA,NA,"0.44","5.5",NA,"P","0.0","1.0",1.1,1,1,NA,"Y",NA,NA,NA,NA,NA,NA,0.5
"3849",2024-02-07,"MCW",2023,2023-06-03,NA,"TM2","lower","10.5",NA,NA,NA,NA,NA,NA,NA,NA,NA,NA,"0.87","16.5",NA,"P","0.0","2.0",4.2,1,1,NA,"N",NA,NA,NA,NA,NA,NA,0.5
"3850",2024-02-07,"MCW",2023,2023-06-03,NA,"TM2","lower","10.5",NA,NA,NA,NA,NA,NA,NA,NA,NA,NA,"0.99","19.0",NA,"P","0.0","2.0",4.7,1,1,NA,"N",NA,NA,NA,NA,NA,NA,0.5
"3851",2024-02-07,"MCW",2023,2023-06-03,NA,"TM2","lower","10.5",NA,NA,NA,NA,NA,NA,NA,NA,NA,NA,"0.82","6.6",NA,"P","1.0","1.0",0.5,1,1,NA,"Y",NA,NA,NA,NA,NA,NA,0.5
"3852",2024-02-07,"MCW",2023,2023-06-03,NA,"TM2","lower","10.5",NA,NA,NA,NA,NA,NA,NA,NA,NA,NA,"1.0","23.0",NA,"P","0.0","1.0",5,1,1,NA,"N",NA,NA,NA,NA,NA,"dying",1
"3853",2024-02-07,"MCW",2023,2023-06-03,NA,"TM2","lower","10.5",NA,NA,NA,NA,NA,NA,NA,NA,NA,NA,"0.7","10.5",NA,"P","0.0","1.0",1.6,1,1,NA,"Y",NA,NA,NA,NA,NA,NA,0.5
"3854",2024-02-07,"MCW",2023,2023-06-03,NA,"TM2","lower","10.5",NA,NA,NA,NA,NA,NA,NA,NA,NA,NA,"0.53","16.2",NA,"P","0.0","2.0",4.1,1,1,NA,"N",NA,NA,NA,NA,NA,NA,0.5
"3855",2024-02-07,"MCW",2023,2023-06-03,NA,"TM2","lower","10.5",NA,NA,NA,NA,NA,NA,NA,NA,NA,NA,"1.06","17.0",NA,"P","0.0","2.0",3,1,1,NA,"N",NA,NA,NA,NA,NA,"dying",1.06
"3856",2024-02-07,"MCW",2023,2023-06-03,NA,"TM2","lower","10.5",NA,NA,NA,NA,NA,NA,NA,NA,NA,NA,"0.96","19.1",NA,"P","0.0","2.0",4.6,1,1,NA,"N",NA,NA,NA,NA,NA,NA,0.5
"3857",2024-02-07,"MCW",2023,2023-06-03,NA,"TM2","lower","10.5",NA,NA,NA,NA,NA,NA,NA,NA,NA,NA,"1.36","23.9",NA,"P","0.0","2.0",6.1,1,1,NA,"Y",NA,NA,NA,NA,NA,"dying",1.36
"3858",2024-02-07,"MCW",2023,2023-06-03,NA,"TM2","lower","10.5",NA,NA,NA,NA,NA,NA,NA,NA,NA,NA,"0.91","3.5",NA,"V","0.0","0.0",NA,0,1,"0.8","Y",NA,NA,NA,NA,NA,NA,0.5
"3859",2024-02-07,"MCW",2023,2023-06-03,NA,"TM2","lower","10.5",NA,NA,NA,NA,NA,NA,NA,NA,NA,NA,"0.72","18.1",NA,"P","0.0","1.0",4.5,1,1,NA,"Y",NA,NA,NA,NA,NA,NA,0.5
"3860",2024-02-07,"MCW",2023,2023-06-03,NA,"TM2","lower","10.5",NA,NA,NA,NA,NA,NA,NA,NA,NA,NA,"0.61","19.5",NA,"P","1.0","2.0",1,1,1,NA,"Y",NA,NA,NA,NA,NA,NA,0.5
"3861",2024-02-07,"MCW",2023,2023-06-03,NA,"TM2","lower","10.5",NA,NA,NA,NA,NA,NA,NA,NA,NA,NA,"0.96","10.5",NA,"P","0.0","1.0",2.6,1,1,NA,"Y",NA,NA,NA,NA,NA,NA,0.5
"3862",2024-02-07,"MCW",2023,2023-06-03,NA,"TM2","lower","9.0",NA,NA,NA,NA,NA,NA,NA,NA,NA,NA,"0.45","7.9",NA,"B","0.0","0.0",0,1,1,NA,"Y",NA,NA,NA,NA,NA,NA,0.5
"3863",2024-02-07,"MCW",2023,2023-06-03,NA,"TM2","lower","9.0",NA,NA,NA,NA,NA,NA,NA,NA,NA,NA,"0.32","2.9",NA,"V","0.0","0.0",0,0,1,"0.6","Y",NA,NA,NA,NA,NA,NA,0.5
"3864",2024-02-07,"MCW",2023,2023-06-03,NA,"TM2","lower","9.0",NA,NA,NA,NA,NA,NA,NA,NA,NA,NA,"0.53","24.1",NA,"P","0.0","2.0",3,1,1,NA,"Y",NA,NA,NA,NA,NA,NA,0.5
"3865",2024-02-07,"MCW",2023,2023-06-03,NA,"TM2","lower","9.0",NA,NA,NA,NA,NA,NA,NA,NA,NA,NA,"0.42","16.9",NA,"P","0.0","1.0",2.6,1,1,NA,"Y",NA,NA,NA,NA,NA,NA,0.5
"3866",2024-02-07,"MCW",2023,2023-06-03,NA,"TM2","lower","9.0",NA,NA,NA,NA,NA,NA,NA,NA,NA,NA,"0.4","5.6",NA,"F","1.0","0.0",0,1,1,NA,"Y",NA,NA,NA,NA,NA,NA,0.5
"3867",2024-02-07,"MCW",2023,2023-06-03,NA,"TM2","lower","8.5",NA,NA,NA,NA,NA,NA,"red",288,40,48,"1.42","21.0",NA,"P","0.0","4.0",5,1,1,NA,"Y",NA,NA,NA,NA,NA,NA,1.42
"3868",2024-02-07,"MCW",2023,2023-06-03,NA,"TM2","lower","8.5",NA,NA,NA,NA,NA,NA,NA,NA,NA,NA,"0.99","24.3",NA,"P","0.0","2.0",4.4,1,1,NA,"Y",NA,NA,NA,NA,NA,NA,0.5
"3869",2024-02-07,"MCW",2023,2023-06-03,NA,"TM2","lower","8.5",NA,NA,NA,NA,NA,NA,NA,NA,NA,NA,"0.93","22.5",NA,"P","0.0","2.0",5.6,1,1,NA,"Y",NA,NA,NA,NA,NA,NA,0.5
"3870",2024-02-07,"MCW",2023,2023-06-03,NA,"TM2","lower","8.5",NA,NA,NA,NA,NA,NA,NA,NA,NA,NA,"0.96","14.6",NA,"P","0.0","2.0",3.1,1,1,NA,"Y",NA,NA,NA,NA,NA,NA,0.5
"3871",2024-02-07,"MCW",2023,2023-06-03,NA,"TM2","lower","8.5",NA,NA,NA,NA,NA,NA,"red",32,5,30,"1.39","26.8",NA,"P","0.0","2.0",4.5,1,1,NA,"Y",NA,NA,NA,NA,NA,NA,1.39
"3872",2024-02-07,"MCW",2023,2023-06-03,NA,"TM2","lower","8.5",NA,NA,NA,NA,NA,NA,NA,NA,NA,NA,"0.92","17.6",NA,"P","0.0","1.0",1.8,1,1,NA,"Y",NA,NA,NA,NA,NA,NA,0.5
"3873",2024-02-07,"MCW",2023,2023-06-03,NA,"TM2","lower","8.5",NA,NA,NA,NA,NA,NA,NA,NA,NA,NA,"0.69","3.9",NA,"B","0.0","0.0",NA,1,1,NA,"Y",NA,NA,NA,NA,NA,NA,0.5
"3874",2024-02-07,"MCW",2023,2023-06-03,NA,"TM2","lower","8.5",NA,NA,NA,NA,NA,NA,"red",241,2,24,"1.19","22.9",NA,"P","0.0","3.0",3.7,1,1,NA,"Y",NA,NA,NA,NA,NA,NA,1.19
"3875",2024-02-07,"MCW",2023,2023-06-03,NA,"TM2","lower","8.5",NA,NA,NA,NA,NA,NA,NA,NA,NA,NA,NA,NA,NA,"X",NA,NA,NA,NA,NA,NA,NA,NA,NA,NA,NA,NA,NA,NA
"3876",2024-02-07,"MCW",2023,2023-06-03,NA,"TM2","lower","8.5",NA,NA,NA,NA,NA,NA,NA,NA,NA,NA,NA,NA,NA,"X",NA,NA,NA,NA,NA,NA,NA,NA,NA,NA,NA,NA,NA,NA
"3877",2024-02-07,"MCW",2023,2023-06-03,NA,"TM2","lower","8.5",NA,NA,NA,NA,NA,NA,NA,NA,NA,NA,"0.3","4.0",NA,"F","1.0","0.0",NA,1,1,NA,"Y",NA,NA,NA,NA,NA,NA,0.5
"3878",2024-02-07,"MCW",2023,2023-06-03,NA,"TM2","lower","8.0",NA,NA,NA,NA,NA,NA,"white",945,NA,NA,NA,NA,NA,"X",NA,NA,NA,NA,NA,NA,NA,NA,NA,NA,NA,NA,NA,NA
"3879",2024-02-07,"MCW",2023,2023-06-03,NA,"TM2","lower","8.0",NA,NA,NA,NA,NA,NA,"white",281,NA,NA,NA,NA,NA,"X",NA,NA,NA,NA,NA,NA,NA,NA,NA,NA,NA,NA,NA,NA
"3880",2024-02-07,"MCW",2023,2023-06-03,NA,"TM2","lower","8.0",NA,NA,NA,NA,NA,NA,"white",373,NA,NA,NA,NA,NA,"X",NA,NA,NA,NA,NA,NA,NA,NA,NA,NA,NA,NA,NA,NA
"3881",2024-02-07,"MCW",2023,2023-06-03,NA,"TM2","lower","8.0",NA,NA,NA,NA,NA,NA,NA,NA,NA,NA,NA,NA,NA,"X",NA,NA,NA,NA,NA,NA,NA,NA,NA,NA,NA,NA,NA,NA
"3882",2024-02-07,"MCW",2023,2023-06-03,NA,"TM2","lower","8.0",NA,NA,NA,NA,NA,NA,NA,NA,NA,NA,NA,NA,NA,"X",NA,NA,NA,NA,NA,NA,NA,NA,NA,NA,NA,NA,NA,NA
"3883",2024-02-07,"MCW",2023,2023-06-03,NA,"TM2","lower","8.0",NA,NA,NA,NA,NA,NA,NA,NA,NA,NA,NA,NA,NA,"X",NA,NA,NA,NA,NA,NA,NA,NA,NA,NA,NA,NA,NA,NA
"3884",2024-02-07,"MCW",2023,2023-06-03,NA,"TM2","lower","8.0",NA,NA,NA,NA,NA,NA,NA,NA,NA,NA,NA,NA,NA,"X",NA,NA,NA,NA,NA,NA,NA,NA,NA,NA,NA,NA,NA,NA
"3885",2024-02-07,"MCW",2023,2023-06-03,NA,"TM2","lower","8.0",NA,NA,NA,NA,NA,NA,NA,NA,NA,NA,NA,NA,NA,"X",NA,NA,NA,NA,NA,NA,NA,NA,NA,NA,NA,NA,NA,NA
"3886",2024-02-07,"MCW",2023,2023-06-03,NA,"TM2","lower","8.0",NA,NA,NA,NA,NA,NA,NA,NA,NA,NA,"0.61","4.5",NA,"P","0.0","1.0",1,1,1,NA,"Y",NA,NA,NA,NA,NA,NA,0.5
"3887",2024-02-07,"MCW",2023,2023-06-03,NA,"TM2","lower","9.5",NA,NA,NA,NA,NA,NA,NA,NA,NA,NA,"0.4","5.0",NA,"V",NA,NA,NA,NA,1,"0.5","N",NA,NA,NA,NA,NA,NA,0.5
"3888",2024-02-07,"MCW",2023,2023-06-03,NA,"TM2","lower","9.5",NA,NA,NA,NA,NA,NA,NA,NA,NA,NA,"0.05","3.6",NA,"V",NA,NA,NA,NA,1,"0.3","N",NA,NA,NA,NA,NA,NA,0.5
"3889",2024-02-07,"MCW",2023,2023-06-03,NA,"TM2","lower","9.5",NA,NA,NA,NA,NA,NA,NA,NA,NA,NA,"0.6","7.5",NA,"P","0.0","1.0",1.8,1,1,NA,"N",NA,NA,NA,NA,NA,NA,0.5
"3890",2024-02-07,"MCW",2023,2023-06-03,NA,"TM2","lower","9.5",NA,NA,NA,NA,NA,NA,NA,NA,NA,NA,"0.69","16.2",NA,"P","0.0","1.0",3.8,1,1,NA,"N",NA,NA,NA,NA,NA,NA,0.5
"3891",2024-02-07,"MCW",2023,2023-06-03,NA,"TM2","lower","9.5",NA,NA,NA,NA,NA,NA,NA,NA,NA,NA,"0.5","11.0",NA,"P","0.0","1.0",2,1,1,NA,"N",NA,NA,NA,NA,NA,NA,0.5
"3892",2024-02-07,"MCW",2023,2023-06-03,NA,"TM2","lower","9.5",NA,NA,NA,NA,NA,NA,NA,NA,NA,NA,NA,NA,NA,"X",NA,NA,NA,NA,NA,NA,NA,NA,NA,NA,NA,NA,NA,NA
"3893",2024-02-07,"MCW",2023,2023-06-03,NA,"TM2","lower","9.5",NA,NA,NA,NA,NA,NA,NA,NA,NA,NA,NA,NA,NA,"X",NA,NA,NA,NA,NA,NA,NA,NA,NA,NA,NA,NA,NA,NA
"3894",2024-02-07,"MCW",2023,2023-06-03,NA,"TM2","lower","9.5",NA,NA,NA,NA,NA,NA,"red",564,15,25,"1.04","20.4",NA,"P","0.0","2.0",4.4,1,1,NA,"N",NA,NA,NA,NA,NA,NA,1.04
"3895",2024-02-07,"MCW",2023,2023-06-03,NA,"TM2","lower","10.0",NA,NA,NA,NA,NA,NA,NA,NA,NA,NA,NA,NA,NA,"X",NA,NA,NA,NA,NA,NA,NA,NA,NA,NA,NA,NA,NA,NA
"3896",2024-02-07,"MCW",2023,2023-06-03,NA,"TM2","lower","10.0",NA,NA,NA,NA,NA,NA,NA,NA,NA,NA,"0.72","11.0",NA,"P","0.0","1.0",3,1,1,NA,"N",NA,NA,NA,NA,NA,NA,0.5
"3897",2024-02-07,"MCW",2023,2023-06-03,NA,"TM2","lower","10.0",NA,NA,NA,NA,NA,NA,"red",138,22,42,"1.16","11.8",NA,"P","0.0","3.0",3.2,1,1,NA,"N",NA,NA,NA,NA,NA,NA,1.16
"3898",2024-02-07,"MCW",2023,2023-06-03,NA,"TM2","lower","10.0",NA,NA,NA,NA,NA,NA,NA,NA,NA,NA,"0.8","14.5",NA,"P","0.0","1.0",3.6,1,1,NA,"N",NA,NA,NA,NA,NA,NA,0.5
"3899",2024-02-07,"MCW",2023,2023-06-03,NA,"TM2","lower","10.0",NA,NA,NA,NA,NA,NA,NA,NA,NA,NA,"0.6","12.3",NA,"B","0.0","0.0",NA,1,1,NA,"N",NA,NA,NA,NA,NA,NA,0.5
"3900",2024-02-07,"MCW",2023,2023-06-03,NA,"TM2","lower","10.0",NA,NA,NA,NA,NA,NA,NA,NA,NA,NA,"0.89","19.4",NA,"P","0.0","2.0",2.6,1,1,NA,"N",NA,NA,NA,NA,NA,NA,0.5
"3901",2024-02-07,"MCW",2023,2023-06-03,NA,"TM2","lower","10.0",NA,NA,NA,NA,NA,NA,"red",144,35,14,"1.12","27.0",NA,"P","0.0","4.0",5,1,1,NA,"Y",NA,NA,NA,NA,NA,NA,1.12
"3902",2024-02-07,"MCW",2023,2023-06-03,NA,"TM2","lower","10.0",NA,NA,NA,NA,NA,NA,NA,NA,NA,NA,"0.94","21.2",NA,"P","0.0","2.0",5,1,1,NA,"N",NA,NA,NA,NA,NA,NA,0.5
"3903",2024-02-07,"MCW",2023,2023-06-03,NA,"TM2","lower","13.0",NA,NA,NA,NA,NA,NA,NA,NA,NA,NA,"0.68","10.2",NA,"B",NA,NA,NA,1,1,NA,"N",NA,NA,NA,NA,NA,NA,0.5
"3904",2024-02-07,"MCW",2023,2023-06-03,NA,"TM2","lower","13.0",NA,NA,NA,NA,NA,NA,NA,NA,NA,NA,"0.68","18.1",NA,"P","0.0","0.0",NA,1,1,NA,"N",NA,NA,NA,NA,NA,NA,0.5
"3905",2024-02-07,"MCW",2023,2023-06-03,NA,"TM2","lower","13.0",NA,NA,NA,NA,NA,NA,NA,NA,NA,NA,"0.95","13.4",NA,"P","0.0","2.0",1.1,1,1,NA,"Y",NA,NA,NA,NA,NA,NA,0.5
"3906",2024-02-07,"MCW",2023,2023-06-03,NA,"TM2","lower","13.0",NA,NA,NA,NA,NA,NA,NA,NA,NA,NA,"0.58","4.0",NA,"F","1.0",NA,NA,1,1,NA,"N",NA,NA,NA,NA,NA,NA,0.5
"3907",2024-02-07,"MCW",2023,2023-06-03,NA,"TM2","lower","13.0",NA,NA,NA,NA,NA,NA,"red",63,45,49,"1.16","27.3",NA,"P","0.0","3.0",4,1,1,NA,"N",NA,NA,NA,NA,NA,NA,1.16
"3908",2024-02-07,"MCW",2023,2023-06-03,NA,"TM2","lower","13.5",NA,NA,NA,NA,NA,NA,NA,NA,NA,NA,"0.49","9.7",NA,"B","0.0","0.0",NA,1,1,NA,"Y",NA,NA,NA,NA,NA,NA,0.5
"3909",2024-02-07,"MCW",2023,2023-06-03,NA,"TM2","lower","13.5",NA,NA,NA,NA,NA,NA,NA,NA,NA,NA,"0.38","9.9",NA,"B","0.0","0.0",NA,1,1,NA,"N",NA,NA,NA,NA,NA,NA,0.5
"3910",2024-02-07,"MCW",2023,2023-06-03,NA,"TM2","lower","13.5",NA,NA,NA,NA,NA,NA,NA,NA,NA,NA,"0.55","14.4",NA,"P","0.0","1.0",2.7,1,1,NA,"N",NA,NA,NA,NA,NA,NA,0.5
"3911",2024-02-07,"MCW",2023,2023-06-03,NA,"TM2","lower","13.5",NA,NA,NA,NA,NA,NA,NA,NA,NA,NA,"0.49","17.0",NA,"P","0.0","1.0",3.8,1,1,NA,"N",NA,NA,NA,NA,NA,NA,0.5
"3912",2024-02-07,"MCW",2023,2023-06-03,NA,"TM2","lower","13.5",NA,NA,NA,NA,NA,NA,NA,NA,NA,NA,"0.33","9.1",NA,"P","1.0","1.0",0.8,1,1,NA,"N",NA,NA,NA,NA,NA,NA,0.5
"3913",2024-02-07,"MCW",2023,2023-06-03,NA,"TM2","lower","13.5",NA,NA,NA,NA,NA,NA,NA,NA,NA,NA,"0.98","20.7",NA,"P","0.0","2.0",4.6,1,1,NA,"N",NA,NA,NA,NA,NA,NA,0.5
"3914",2024-02-07,"MCW",2023,2023-06-03,NA,"TM2","lower","12.0",NA,NA,NA,NA,NA,NA,NA,NA,NA,NA,"0.56","16.4",NA,"P","1.0","1.0",3.7,1,1,NA,"N",NA,NA,NA,NA,NA,NA,0.5
"3915",2024-02-07,"MCW",2023,2023-06-03,NA,"TM2","lower","12.0",NA,NA,NA,NA,NA,NA,NA,NA,NA,NA,"0.75","12.7",NA,"P","2.0","1.0",2.1,1,1,NA,"N",NA,NA,NA,NA,NA,NA,0.5
"3916",2024-02-07,"MCW",2023,2023-06-03,NA,"TM2","lower","12.0",NA,NA,NA,NA,NA,NA,NA,NA,NA,NA,"0.82","11.5",NA,"P","0.0","0.0",0,1,1,NA,"N",NA,NA,NA,NA,NA,NA,0.5
"3917",2024-02-07,"MCW",2023,2023-06-03,NA,"TM2","lower","12.5",NA,NA,NA,NA,NA,NA,NA,NA,NA,NA,"1.03","21.0",NA,"P","0.0","2.0",3.7,1,1,NA,"N",NA,NA,NA,NA,NA,"no leaves",1.03
"3918",2024-02-07,"MCW",2023,2023-06-03,NA,"TM2","lower","12.5",NA,NA,NA,NA,NA,NA,NA,NA,NA,NA,"1.33","22.0",NA,"P","0.0","3.0",4.9,1,1,NA,"N",NA,NA,NA,NA,NA,"no leaves",1.33
"3919",2024-02-07,"MCW",2023,2023-06-03,NA,"TM2","lower","12.5",NA,NA,NA,NA,NA,NA,NA,NA,NA,NA,"0.94","17.5",NA,"P","0.0","2.0",2.7,1,1,NA,"N",NA,NA,NA,NA,NA,NA,0.5
"3920",2024-02-07,"MCW",2023,2023-06-03,NA,"TM2","lower","12.5",NA,NA,NA,NA,NA,NA,NA,NA,NA,NA,"0.71","10.1",NA,"B",NA,NA,NA,1,1,NA,"N",NA,NA,NA,NA,NA,NA,0.5
"3921",2024-02-07,"MCW",2023,2023-06-03,NA,"TM2","lower","12.5",NA,NA,NA,NA,NA,NA,NA,NA,NA,NA,"1.13","19.2",NA,"P","0.0","2.0",3.8,1,1,NA,"N",NA,NA,NA,NA,NA,"no leaves",1.13
"3922",2024-02-07,"MCW",2023,2023-06-03,NA,"TM2","lower","12.5",NA,NA,NA,NA,NA,NA,"red",67,35,40,"1.12","24.0",NA,"P","0.0","5.0",2.3,1,1,NA,"N",NA,NA,NA,NA,NA,NA,1.12
"3923",2024-02-07,"MCW",2023,2023-06-03,NA,"TM2","lower","12.5",NA,NA,NA,NA,NA,NA,NA,NA,NA,NA,"0.93","15.0",NA,"P","0.0","1.0",3.1,1,1,NA,"N",NA,NA,NA,NA,NA,NA,0.5
"3924",2024-02-07,"MCW",2023,2023-06-03,NA,"TM2","lower","12.5",NA,NA,NA,NA,NA,NA,NA,NA,NA,NA,"0.88","19.5",NA,"P","0.0","2.0",3.5,1,1,NA,"N",NA,NA,NA,NA,NA,NA,0.5
"3925",2024-02-07,"MCW",2023,2023-06-03,NA,"TM2","lower","11.0",NA,NA,NA,NA,NA,NA,NA,NA,NA,NA,"1.37","25.6",NA,"P","0.0","3.0",5,1,1,NA,"N",NA,NA,NA,NA,NA,"no leaves",1.37
"3926",2024-02-07,"MCW",2023,2023-06-03,NA,"TM2","lower","11.0",NA,NA,NA,NA,NA,NA,NA,NA,NA,NA,"0.47","13.4",NA,"P","0.0","1.0",2.1,1,1,NA,"N",NA,NA,NA,NA,NA,NA,0.5
"3927",2024-02-07,"MCW",2023,2023-06-03,NA,"TM2","lower","11.0",NA,NA,NA,NA,NA,NA,NA,NA,NA,NA,"0.62","11.5",NA,"P","0.0","1.0",2.5,1,1,NA,"N",NA,NA,NA,NA,NA,NA,0.5
"3928",2024-02-07,"MCW",2023,2023-06-03,NA,"TM2","lower","11.0",NA,NA,NA,NA,NA,NA,NA,NA,NA,NA,"0.74","11.0",NA,"B","0.0","0.0",NA,1,1,NA,"N",NA,NA,NA,NA,NA,NA,0.5
"3929",2024-02-07,"MCW",2023,2023-06-03,NA,"TM2","lower","11.0",NA,NA,NA,NA,NA,NA,NA,NA,NA,NA,"0.55","11.2",NA,"P","0.0","1.0",2,1,1,NA,"N",NA,NA,NA,NA,NA,NA,0.5
"3930",2024-02-07,"MCW",2023,2023-06-03,NA,"TM2","lower","11.0",NA,NA,NA,NA,NA,NA,NA,NA,NA,NA,"0.69","8.9",NA,"P","0.0","2.0",1.9,1,1,NA,"N",NA,NA,NA,NA,NA,NA,0.5
"3931",2024-02-07,"MCW",2023,2023-06-03,NA,"TM2","lower","11.0",NA,NA,NA,NA,NA,NA,NA,NA,NA,NA,"0.88","19.6",NA,"P","0.0","2.0",3.5,1,1,NA,"N",NA,NA,NA,NA,NA,NA,0.5
"3932",2024-02-07,"MCW",2023,2023-06-03,NA,"TM2","lower","11.0",NA,NA,NA,NA,NA,NA,NA,NA,NA,NA,"0.85","18.6",NA,"P","0.0","3.0",4.9,1,1,NA,"N",NA,NA,NA,NA,NA,NA,0.5
"3933",2024-02-07,"MCW",2023,2023-06-03,NA,"TM2","lower","11.0",NA,NA,NA,NA,NA,NA,NA,NA,NA,NA,"0.71","12.0",NA,"P","1.0","1.0",1.3,1,1,NA,"N",NA,NA,NA,NA,NA,NA,0.5
"3934",2024-02-07,"MCW",2023,2023-06-03,NA,"TM2","lower","11.0",NA,NA,NA,NA,NA,NA,NA,NA,NA,NA,"0.82","18.8",NA,"P","0.0","4.0",3.3,1,1,NA,"N",NA,NA,NA,NA,NA,NA,0.5
"3935",2024-02-07,"MCW",2023,2023-06-03,NA,"TM2","lower","11.0",NA,NA,NA,NA,NA,NA,NA,NA,NA,NA,"0.75","12.6",NA,"P","0.0","2.0",1.5,1,1,NA,"N",NA,NA,NA,NA,NA,NA,0.5
"3936",2024-02-07,"MCW",2023,2023-06-03,NA,"TM2","lower","11.0",NA,NA,NA,NA,NA,NA,NA,NA,NA,NA,"0.25","6.8",NA,"F","0.0","0.0",NA,1,1,NA,"N",NA,NA,NA,NA,NA,NA,0.5
"3937",2024-02-07,"MCW",2023,2023-06-03,NA,"TM2","lower","11.0",NA,NA,NA,NA,NA,NA,NA,NA,NA,NA,"0.98","25.6",NA,"P","0.0","3.0",3.3,1,1,NA,"N",NA,NA,NA,NA,NA,NA,0.5
"3938",2024-02-07,"MCW",2023,2023-06-03,NA,"TM2","lower","11.0",NA,NA,NA,NA,NA,NA,NA,NA,NA,NA,"1.35","28.3",NA,"P","1.0","2.0",5.9,1,1,NA,"N",NA,NA,NA,NA,NA,"no leaves",1.35
"3939",2024-02-07,"MCW",2023,2023-06-03,NA,"TM2","lower","11.0",NA,NA,NA,NA,NA,NA,NA,NA,NA,NA,"1.05","26.6",NA,"P","0.0","2.0",5.2,1,1,NA,"N",NA,NA,NA,NA,NA,"no leaves",1.05
"3940",2024-02-07,"MCW",2023,2023-06-03,NA,"TM2","lower","11.0",NA,NA,NA,NA,NA,NA,NA,NA,NA,NA,"0.83","9.2",NA,"P","0.0","2.0",1.4,1,1,NA,"N",NA,NA,NA,NA,NA,NA,0.5
"3941",2024-02-07,"MCW",2023,2023-06-03,NA,"TM2","lower","11.0",NA,NA,NA,NA,NA,NA,"red",234,20,46,"1.3","19.5",NA,"P","0.0","2.0",5.2,1,1,NA,"N",NA,NA,NA,NA,NA,NA,1.3
"3942",2024-02-07,"MCW",2023,2023-06-03,NA,"TM2","lower","11.0",NA,NA,NA,NA,NA,NA,NA,NA,NA,NA,"0.96","5.9",NA,"F","1.0","0.0",NA,1,1,NA,"N",NA,NA,NA,NA,NA,NA,0.5
"3943",2024-02-07,"MCW",2023,2023-06-03,NA,"TM2","lower","11.0",NA,NA,NA,NA,NA,NA,NA,NA,NA,NA,"0.41","7.6",NA,"P","0.0","1.0",1.2,1,1,NA,"N",NA,NA,NA,NA,NA,NA,0.5
"3944",2024-02-07,"MCW",2023,2023-06-03,NA,"TM2","lower","11.0",NA,NA,NA,NA,NA,NA,NA,NA,NA,NA,"0.46","11.0",NA,"P","0.0","1.0",1.1,1,1,NA,"N",NA,NA,NA,NA,NA,NA,0.5
"3945",2024-02-07,"MCW",2023,2023-06-03,NA,"TM2","lower","11.5",NA,NA,NA,NA,NA,NA,"red",24,22,48,"1.09","23.6",NA,"P","0.0","3.0",3.4,1,1,NA,"N",NA,NA,NA,NA,NA,NA,1.09
"3946",2024-02-07,"MCW",2023,2023-06-03,NA,"TM2","lower","14.0",NA,NA,NA,NA,NA,NA,NA,NA,NA,NA,"0.6","12.1",NA,"P","0.0","1.0",2.2,1,1,NA,"N",NA,NA,NA,NA,NA,NA,0.5
"3947",2024-02-07,"MCW",2023,2023-06-03,NA,"TM2","lower","14.0",NA,NA,NA,NA,NA,NA,NA,NA,NA,NA,"0.83","17.0",NA,"P","0.0","2.0",3.1,1,1,NA,"N",NA,NA,NA,NA,NA,NA,0.5
"3948",2024-02-07,"MCW",2023,2023-06-03,NA,"TM2","lower","14.0",NA,NA,NA,NA,NA,NA,"red",438,18,27,"1.3","24.6",NA,"P","0.0","3.0",5.8,1,1,NA,"N",NA,NA,NA,NA,NA,NA,1.3
"3949",2024-02-07,"MCW",2023,2023-06-03,NA,"TM2","lower","14.0",NA,NA,NA,NA,NA,NA,NA,NA,NA,NA,"0.9","13.9",NA,"F","0.0",NA,NA,1,1,NA,"Y",NA,NA,NA,NA,NA,NA,0.5
"3950",2024-02-07,"MCW",2023,2023-06-03,NA,"TM2","lower","14.0",NA,NA,NA,NA,NA,NA,NA,NA,NA,NA,"0.54","1.4",NA,"V",NA,NA,NA,0,1,"0.3","N",NA,NA,NA,NA,NA,NA,0.5
"3951",2024-02-07,"MCW",2023,2023-06-03,NA,"TM2","lower","14.0",NA,NA,NA,NA,NA,NA,"red",149,49,40,"1.07","23.8",NA,"P","1.0","2.0",5,1,1,NA,"N",NA,NA,NA,NA,NA,NA,1.07
"3952",2024-02-07,"MCW",2023,2023-06-03,NA,"TM2","lower","14.0",NA,NA,NA,NA,NA,NA,NA,NA,NA,NA,"0.65","4.9",NA,"F","0.0",NA,NA,1,1,NA,"N",NA,NA,NA,NA,NA,NA,0.5
"3953",2024-02-07,"MCW",2023,2023-06-03,NA,"TM2","lower","14.0",NA,NA,NA,NA,NA,NA,NA,NA,NA,NA,"0.8","13.0",NA,"F","1.0",NA,NA,1,1,NA,"N",NA,NA,NA,NA,NA,NA,0.5
"3954",2024-02-07,"MCW",2023,2023-06-03,NA,"TM2","lower","14.0",NA,NA,NA,NA,NA,NA,NA,NA,NA,NA,"0.63","10.3",NA,"B",NA,NA,NA,1,1,NA,"N",NA,NA,NA,NA,NA,NA,0.5
"3955",2024-02-07,"MCW",2023,2023-06-03,NA,"TM2","lower","14.0",NA,NA,NA,NA,NA,NA,NA,NA,NA,NA,"0.6","15.2",NA,"P","0.0","1.0",2.9,1,1,NA,"N",NA,NA,NA,NA,NA,NA,0.5
"3956",2024-02-07,"MCW",2023,2023-06-03,NA,"TM2","lower","14.0",NA,NA,NA,NA,NA,NA,NA,NA,NA,NA,"0.64","9.4",NA,"B",NA,NA,NA,1,1,NA,"N",NA,NA,NA,NA,NA,NA,0.5
"3957",2024-02-07,"MCW",2023,2023-06-03,NA,"TM2","lower","14.0",NA,NA,NA,NA,NA,NA,NA,NA,NA,NA,"0.52","10.6",NA,"F","0.0",NA,NA,1,1,NA,"N",NA,NA,NA,NA,NA,NA,0.5
"3958",2024-02-07,"MCW",2023,2023-06-03,NA,"TM2","lower","14.5",NA,NA,NA,NA,NA,NA,NA,NA,NA,NA,"0.59","6.8",NA,"F","0.0","0.0",NA,1,1,NA,"N",NA,NA,NA,NA,NA,NA,0.5
"3959",2024-02-07,"MCW",2023,2023-06-03,NA,"TM2","lower","14.5",NA,NA,NA,NA,NA,NA,NA,NA,NA,NA,"0.83","10.6",NA,"B",NA,NA,NA,1,1,NA,"N",NA,NA,NA,NA,NA,NA,0.5
"3960",2024-02-07,"MCW",2023,2023-06-03,NA,"TM2","lower","14.5",NA,NA,NA,NA,NA,NA,NA,NA,NA,NA,"0.65","10.2",NA,"F",NA,NA,NA,1,1,NA,"N",NA,NA,NA,NA,NA,NA,0.5
"3961",2024-02-07,"MCW",2023,2023-06-03,NA,"TM2","lower","14.5",NA,NA,NA,NA,NA,NA,NA,NA,NA,NA,"0.55","9.2",NA,"F","1.0","0.0",NA,1,1,NA,"N",NA,NA,NA,NA,NA,NA,0.5
"3962",2024-02-07,"MCW",2023,2023-06-03,NA,"TM2","lower","14.5",NA,NA,NA,NA,NA,NA,NA,NA,NA,NA,"0.67","6.0",NA,"B",NA,NA,NA,1,1,NA,"N",NA,NA,NA,NA,NA,NA,0.5
"3963",2024-02-07,"MCW",2023,2023-06-03,NA,"TM2","lower","14.5",NA,NA,NA,NA,NA,NA,NA,NA,NA,NA,"0.68","13.5",NA,"P","0.0","1.0",2.1,1,1,NA,"N",NA,NA,NA,NA,NA,NA,0.5
"3964",2024-02-07,"MCW",2023,2023-06-03,NA,"TM2","lower","14.5",NA,NA,NA,NA,NA,NA,NA,NA,NA,NA,"0.43","6.2",NA,"B",NA,NA,NA,1,1,NA,"N",NA,NA,NA,NA,NA,NA,0.5
"3965",2024-02-07,"MCW",2023,2023-06-03,NA,"TM2","lower","14.5",NA,NA,NA,NA,NA,NA,NA,NA,NA,NA,"0.92","15.0",NA,"P","0.0","2.0",3.2,1,1,NA,"N",NA,NA,NA,NA,NA,NA,0.5
"3966",2024-02-07,"MCW",2023,2023-06-03,NA,"TM2","lower","14.5",NA,NA,NA,NA,NA,NA,NA,NA,NA,NA,"0.65","13.3",NA,"P","0.0","1.0",2.7,1,1,NA,"N",NA,NA,NA,NA,NA,NA,0.5
"3967",2024-02-07,"MCW",2023,2023-06-03,NA,"TM2","lower","14.5",NA,NA,NA,NA,NA,NA,NA,NA,NA,NA,"0.98","18.8",NA,"P","0.0","2.0",4.8,1,1,NA,"N",NA,NA,NA,NA,NA,NA,0.5
"3968",2024-02-07,"MCW",2023,2023-06-03,NA,"TM2","lower","14.5",NA,NA,NA,NA,NA,NA,NA,NA,NA,NA,"0.86","16.8",NA,"P","0.0","1.0",2.2,1,1,NA,"N",NA,NA,NA,NA,NA,NA,0.5
"3969",2024-02-07,"MCW",2023,2023-06-03,NA,"TM2","lower","14.5",NA,NA,NA,NA,NA,NA,NA,NA,NA,NA,"0.59","8.1",NA,"P","1.0","1.0",1.1,1,1,NA,"N",NA,NA,NA,NA,NA,NA,0.5
"3970",2024-02-07,"MCW",2023,2023-06-03,NA,"TM2","lower","14.5",NA,NA,NA,NA,NA,NA,NA,NA,NA,NA,"0.75","13.7",NA,"P","0.0","1.0",2.4,1,1,NA,"N",NA,NA,NA,NA,NA,NA,0.5
"3971",2024-02-07,"MCW",2023,2023-06-03,NA,"TM2","lower","14.5",NA,NA,NA,NA,NA,NA,NA,NA,NA,NA,"0.92","17.7",NA,"P","0.0","2.0",5.1,1,1,NA,"N",NA,NA,NA,NA,NA,NA,0.5
"3972",2024-02-07,"MCW",2023,2023-06-03,NA,"TM2","lower","14.5",NA,NA,NA,NA,NA,NA,NA,NA,NA,NA,"0.95","17.3",NA,"P","0.0","2.0",3.8,1,1,NA,"N",NA,NA,NA,NA,NA,NA,0.5
"3973",2024-02-07,"MCW",2023,2023-06-03,NA,"TM2","lower","14.5",NA,NA,NA,NA,NA,NA,NA,NA,NA,NA,"0.86","19.2",NA,"P","0.0","2.0",4.4,1,1,NA,"N",NA,NA,NA,NA,NA,NA,0.5
"3974",2024-02-07,"MCW",2023,2023-06-03,NA,"TM2","lower","14.5",NA,NA,NA,NA,NA,NA,NA,NA,NA,NA,"0.87","12.3",NA,"P","0.0","1.0",3.4,1,1,NA,"N",NA,NA,NA,NA,NA,NA,0.5
"3975",2024-02-07,"MCW",2023,2023-06-03,NA,"TM2","lower","14.5",NA,NA,NA,NA,NA,NA,NA,NA,NA,NA,"0.96","14.3",NA,"P","0.0","1.0",4.3,1,1,NA,"N",NA,NA,NA,NA,NA,NA,0.5
"3976",2024-02-07,"MCW",2023,2023-06-03,NA,"TM2","lower","14.5",NA,NA,NA,NA,NA,NA,NA,NA,NA,NA,"0.41","10.4",NA,"P","0.0","1.0",1.8,1,1,NA,"N",NA,NA,NA,NA,NA,NA,0.5
"3977",2024-02-07,"MCW",2023,2023-06-03,NA,"TM2","lower","14.5",NA,NA,NA,NA,NA,NA,"red",141,20,14,"1.09","1.8",NA,"B",NA,NA,NA,1,1,NA,"N",NA,NA,NA,NA,NA,NA,1.09
"3978",2024-02-07,"MCW",2023,2023-06-03,NA,"TM2","lower","14.5",NA,NA,NA,NA,NA,NA,"red",596,15,15,"1.07","5.5",NA,"B",NA,NA,NA,1,1,NA,"N",NA,NA,NA,NA,NA,NA,1.07
"3979",2024-02-07,"MCW",2023,2023-06-03,NA,"TM2","lower","14.5",NA,NA,NA,NA,NA,NA,NA,NA,NA,NA,"0.71","5.2",NA,"B",NA,NA,NA,1,1,NA,"Y",NA,NA,NA,NA,NA,NA,0.5
"3980",2024-02-07,"MCW",2023,2023-06-03,NA,"TM2","lower","14.5",NA,NA,NA,NA,NA,NA,NA,NA,NA,NA,"0.98","12.0",NA,"P","0.0","2.0",2.8,1,1,NA,"Y",NA,NA,NA,NA,NA,NA,0.5
"3981",2024-02-07,"MCW",2023,2023-06-03,NA,"TM2","lower","14.5",NA,NA,NA,NA,NA,NA,NA,NA,NA,NA,"1.04","23.1",NA,"P","0.0","2.0",4.6,1,1,NA,"N",NA,NA,NA,NA,NA,"almost dead (no band added)",1.04
"3982",2024-02-07,"MCW",2023,2023-06-03,NA,"TM2","lower","14.5",NA,NA,NA,NA,NA,NA,NA,NA,NA,NA,"0.68","13.1",NA,"P","0.0","1.0",2.9,1,1,NA,"N",NA,NA,NA,NA,NA,NA,0.5
"3983",2024-02-07,"MCW",2023,2023-06-03,NA,"TM2","lower","14.5",NA,NA,NA,NA,NA,NA,NA,NA,NA,NA,"0.67","18.0",NA,"P","0.0","2.0",4.2,1,1,NA,"N",NA,NA,NA,NA,NA,NA,0.5
"3984",2024-02-07,"MCW",2023,2023-06-03,NA,"TM2","lower","14.5",NA,NA,NA,NA,NA,NA,NA,NA,NA,NA,"0.88","13.0",NA,"P","0.0","1.0",1.5,1,1,NA,"N",NA,NA,NA,NA,NA,NA,0.5
"3985",2024-02-07,"MCW",2023,2023-06-03,NA,"TM2","lower","14.5",NA,NA,NA,NA,NA,NA,NA,NA,NA,NA,"0.68","10.9",NA,"F","0.0",NA,NA,1,1,NA,"N",NA,NA,NA,NA,NA,NA,0.5
"3986",2024-02-07,"MCW",2023,2023-06-03,NA,"TM2","lower","14.5",NA,NA,NA,NA,NA,NA,NA,NA,NA,NA,"0.84","15.9",NA,"P","0.0","1.0",1.8,1,1,NA,"N",NA,NA,NA,NA,NA,NA,0.5
"3987",2024-02-07,"MCW",2023,2023-06-03,NA,"TM2","lower","14.5",NA,NA,NA,NA,NA,NA,NA,NA,NA,NA,"0.79","11.7",NA,"P","0.0","1.0",2.7,1,1,NA,"N",NA,NA,NA,NA,NA,NA,0.5
"3988",2024-02-07,"MCW",2023,2023-06-03,NA,"TM2","lower","14.5",NA,NA,NA,NA,NA,NA,NA,NA,NA,NA,"0.97","13.6",NA,"F","0.0",NA,NA,1,1,NA,"N",NA,NA,NA,NA,NA,NA,0.5
"3989",2024-02-07,"MCW",2023,2023-06-03,NA,"TM2","lower","15.0",NA,NA,NA,NA,NA,NA,NA,NA,NA,NA,"0.49","4.3",NA,"F","1.0",NA,NA,1,1,NA,"N",NA,NA,NA,NA,NA,NA,0.5
"3990",2024-02-07,"MCW",2023,2023-06-03,NA,"TM2","lower","15.0",NA,NA,NA,NA,NA,NA,NA,NA,NA,NA,"0.38","2.9",NA,"B",NA,NA,NA,1,1,NA,"N",NA,NA,NA,NA,NA,NA,0.5
"3991",2024-02-07,"MCW",2023,2023-06-03,NA,"TM2","lower","15.0",NA,NA,NA,NA,NA,NA,NA,NA,NA,NA,"0.53","5.4",NA,"P","0.0","1.0",1,1,1,NA,"N",NA,NA,NA,NA,NA,NA,0.5
"3992",2024-02-07,"MCW",2023,2023-06-03,NA,"TM2","lower","15.0",NA,NA,NA,NA,NA,NA,"red",243,35,20,"0.12","24.0",NA,"P","0.0","4.0",4.8,1,1,NA,"N",NA,NA,NA,NA,NA,NA,0.5
"3993",2024-02-07,"MCW",2023,2023-06-03,NA,"TM2","lower","15.0",NA,NA,NA,NA,NA,NA,NA,NA,NA,NA,"0.49","4.6",NA,"B",NA,NA,NA,1,1,NA,"Y",NA,NA,NA,NA,NA,NA,0.5
"3994",2024-02-07,"MCW",2023,2023-06-03,NA,"TM2","lower","15.0",NA,NA,NA,NA,NA,NA,NA,NA,NA,NA,"0.8","12.0",NA,"P","0.0","1.0",2.7,1,1,NA,"N",NA,NA,NA,NA,NA,NA,0.5
"3995",2024-02-07,"MCW",2023,2023-06-03,NA,"TM2","lower","15.0",NA,NA,NA,NA,NA,NA,NA,NA,NA,NA,"0.96","15.8",NA,"P","0.0","2.0",3.7,1,1,NA,"N",NA,NA,NA,NA,NA,NA,0.5
"3996",2024-02-07,"MCW",2023,2023-06-03,NA,"TM2","lower","15.0",NA,NA,NA,NA,NA,NA,NA,NA,NA,NA,"0.87","14.5",NA,"P","0.0","1.0",4.4,1,1,NA,"N",NA,NA,NA,NA,NA,NA,0.5
"3997",2024-02-07,"MCW",2023,2023-06-03,NA,"TM2","lower","15.0",NA,NA,NA,NA,NA,NA,NA,NA,NA,NA,"0.97","18.5",NA,"P","0.0","1.0",2.1,1,1,NA,"NN",NA,NA,NA,NA,NA,NA,0.5
"3998",2024-02-07,"MCW",2023,2023-06-03,NA,"TM2","lower","15.0",NA,NA,NA,NA,NA,NA,NA,NA,NA,NA,"0.62","10.8",NA,"B","0.0","0.0",NA,1,1,NA,"N",NA,NA,NA,NA,NA,NA,0.5
"3999",2024-02-07,"MCW",2023,2023-06-03,NA,"TM2","lower","15.0",NA,NA,NA,NA,NA,NA,NA,NA,NA,NA,"0.92","18.6",NA,"P","0.0","1.0",1.9,1,1,NA,"Y",NA,NA,NA,NA,NA,NA,0.5
"4000",2024-02-07,"MCW",2023,2023-06-03,NA,"TM2","lower","15.0",NA,NA,NA,NA,NA,NA,NA,NA,NA,NA,"0.54","13.5",NA,"F","0.0","0.0",NA,1,1,NA,"N",NA,NA,NA,NA,NA,NA,0.5
"4001",2024-02-07,"MCW",2023,2023-06-03,NA,"TM2","lower","15.0",NA,NA,NA,NA,NA,NA,"red",208,10,43,"1.05","18.1",NA,"P","0.0","2.0",4.5,1,1,NA,"N",NA,NA,NA,NA,NA,NA,1.05
"4002",2024-02-07,"MCW",2023,2023-06-03,NA,"TM2","lower","15.0",NA,NA,NA,NA,NA,NA,NA,NA,NA,NA,"0.74","16.6",NA,"P","0.0","1.0",2.8,1,1,NA,"Y",NA,NA,NA,NA,NA,NA,0.5
"4003",2024-02-07,"MCW",2023,2023-06-03,NA,"TM2","lower","15.0",NA,NA,NA,NA,NA,NA,NA,NA,NA,NA,"0.85","14.1",NA,"B","0.0","0.0",NA,1,1,NA,"N",NA,NA,NA,NA,NA,NA,0.5
"4004",2024-02-07,"MCW",2023,2023-06-03,NA,"TM2","lower","15.0",NA,NA,NA,NA,NA,NA,NA,NA,NA,NA,"0.62","10.4",NA,"P","0.0","2.0",1,1,1,NA,"N",NA,NA,NA,NA,NA,NA,0.5
"4005",2024-02-07,"MCW",2023,2023-06-03,NA,"TM2","lower","15.0",NA,NA,NA,NA,NA,NA,NA,NA,NA,NA,"0.85","18.4",NA,"P","0.0","2.0",4.1,1,1,NA,"Y",NA,NA,NA,NA,NA,NA,0.5
"4006",2024-02-07,"MCW",2023,2023-06-03,NA,"TM2","lower","15.0",NA,NA,NA,NA,NA,NA,NA,NA,NA,NA,"0.9","16.2",NA,"P","1.0","1.0",0.8,1,1,NA,"N",NA,NA,NA,NA,NA,NA,0.5
"4007",2024-02-07,"MCW",2023,2023-06-03,NA,"TM2","lower","15.0",NA,NA,NA,NA,NA,NA,NA,NA,NA,NA,"1.16","20.5",NA,"P","0.0","2.0",6,1,1,NA,"N",NA,NA,NA,NA,NA,"no leaves (no band added)",1.16
"4008",2024-02-07,"MCW",2023,2023-06-03,NA,"TM2","lower","15.0",NA,NA,NA,NA,NA,NA,NA,NA,NA,NA,"0.72","14.7",NA,"P","0.0","1.0",3.4,1,1,NA,"N",NA,NA,NA,NA,NA,NA,0.5
"4009",2024-02-07,"MCW",2023,2023-06-03,NA,"TM2","lower","15.0",NA,NA,NA,NA,NA,NA,NA,NA,NA,NA,"0.71","10.4",NA,"P","0.0","2.0",0.9,1,1,NA,"Y",NA,NA,NA,NA,NA,NA,0.5
"4010",2024-02-07,"MCW",2023,2023-06-03,NA,"TM2","lower","15.0",NA,NA,NA,NA,NA,NA,NA,NA,NA,NA,"0.85","19.2",NA,"P","0.0","1.0",3.4,1,1,NA,"N",NA,NA,NA,NA,NA,NA,0.5
"4011",2024-02-07,"MCW",2023,2023-06-03,NA,"TM2","lower","15.0",NA,NA,NA,NA,NA,NA,"red",200,3,32,"1.2","19.0",NA,"P","0.0","2.0",4.7,1,1,NA,"N",NA,NA,NA,NA,NA,NA,1.2
"4012",2024-02-07,"MCW",2023,2023-06-03,NA,"TM2","lower","15.0",NA,NA,NA,NA,NA,NA,NA,NA,NA,NA,"0.62","10.5",NA,"P","0.0","1.0",1.8,1,1,NA,"N",NA,NA,NA,NA,NA,NA,0.5
"4013",2024-02-07,"MCW",2023,2023-06-03,NA,"TM2","lower","15.0",NA,NA,NA,NA,NA,NA,NA,NA,NA,NA,"0.97","15.5",NA,"P","0.0","2.0",3.6,1,1,NA,"N",NA,NA,NA,NA,NA,NA,0.5
"4014",2024-02-07,"MCW",2023,2023-06-03,NA,"TM2","lower","15.0",NA,NA,NA,NA,NA,NA,NA,NA,NA,NA,"0.87","5.9",NA,"B","0.0","0.0",NA,1,1,NA,"N",NA,NA,NA,NA,NA,NA,0.5
"4015",2024-02-07,"MCW",2023,2023-06-03,NA,"TM2","lower","15.0",NA,NA,NA,NA,NA,NA,NA,NA,NA,NA,"0.71","15.2",NA,"F","1.0","0.0",NA,1,1,NA,"N",NA,NA,NA,NA,NA,NA,0.5
"4016",2024-02-07,"MCW",2023,2023-06-03,NA,"TM2","lower","15.0",NA,NA,NA,NA,NA,NA,NA,NA,NA,NA,"1.19","17.6",NA,"P","0.0","2.0",4.5,1,1,NA,"N",NA,NA,NA,NA,NA,"only 1 leaf (no band added)",1.19
"4017",2024-02-07,"MCW",2023,2023-06-03,NA,"TM2","lower","15.0",NA,NA,NA,NA,NA,NA,"red",570,10,25,"1.0","18.0",NA,"F","1.0","0.0",NA,1,1,NA,"N",NA,NA,NA,NA,NA,"won't survive (no band added)",1
"4018",2024-02-07,"MCW",2023,2023-06-03,NA,"TM2","lower","15.0",NA,NA,NA,NA,NA,NA,NA,NA,NA,NA,"1.07","20.5",NA,"P","0.0","1.0",4.3,1,1,NA,"N",NA,NA,NA,NA,NA,NA,1.07
"4019",2024-02-07,"MCW",2023,2023-06-03,NA,"TM2","lower","15.0",NA,NA,NA,NA,NA,NA,NA,NA,NA,NA,"0.82","12.9",NA,"P","0.0","1.0",1,1,1,NA,"N",NA,NA,NA,NA,NA,NA,0.5
"4020",2024-02-07,"MCW",2023,2023-06-03,NA,"TM2","lower","15.0",NA,NA,NA,NA,NA,NA,NA,NA,NA,NA,"0.72","7.7",NA,"F","1.0","0.0",NA,1,1,NA,"N",NA,NA,NA,NA,NA,NA,0.5
"4021",2024-02-07,"MCW",2023,2023-06-03,NA,"TM2","lower","15.0",NA,NA,NA,NA,NA,NA,"red",273,8,20,"1.07","20.7",NA,"P","0.0","2.0",4.5,1,1,NA,"N",NA,NA,NA,NA,NA,"has red pick adjacent",1.07
"4022",2024-02-07,"MCW",2023,2023-06-03,NA,"TM2","lower","15.0",NA,NA,NA,NA,NA,NA,NA,NA,NA,NA,"0.49","8.1",NA,"F","1.0","0.0",NA,1,1,NA,"Y",NA,NA,NA,NA,NA,NA,0.5
"4023",2024-02-07,"MCW",2023,2023-06-03,NA,"TM2","lower","15.5",NA,NA,NA,NA,NA,NA,NA,NA,NA,NA,"0.49","6.1",NA,"P","1.0","1.0",0.9,1,1,NA,"N",NA,NA,NA,NA,NA,NA,0.5
"4024",2024-02-07,"MCW",2023,2023-06-03,NA,"TM2","lower","15.5",NA,NA,NA,NA,NA,NA,NA,NA,NA,NA,"0.26","6.8",NA,"P","1.0","1.0",1.4,1,1,NA,"N",NA,NA,NA,NA,NA,NA,0.5
"4025",2024-02-07,"MCW",2023,2023-06-03,NA,"TM2","lower","15.5",NA,NA,NA,NA,NA,NA,NA,NA,NA,NA,"0.48","4.0",NA,"F","1.0","0.0",NA,1,1,NA,"N",NA,NA,NA,NA,NA,NA,0.5
"4026",2024-02-07,"MCW",2023,2023-06-03,NA,"TM2","lower","15.5",NA,NA,NA,NA,NA,NA,NA,NA,NA,NA,"0.77","11.8",NA,"P","0.0","1.0",3.2,1,1,NA,"N",NA,NA,NA,NA,NA,NA,0.5
"4027",2024-02-07,"MCW",2023,2023-06-03,NA,"TM2","lower","15.5",NA,NA,NA,NA,NA,NA,NA,NA,NA,NA,"0.49","1.8",NA,"V",NA,NA,NA,0,1,"0.5","N",NA,NA,NA,NA,NA,NA,0.5
"4028",2024-02-07,"MCW",2023,2023-06-03,NA,"TM2","lower","15.5",NA,NA,NA,NA,NA,NA,NA,NA,NA,NA,"0.86","9.5",NA,"P","0.0","1.0",3.6,1,1,NA,"N",NA,NA,NA,NA,NA,NA,0.5
"4029",2024-02-07,"MCW",2023,2023-06-03,NA,"TM2","lower","15.5",NA,NA,NA,NA,NA,NA,NA,NA,NA,NA,"0.69","5.6",NA,"P","0.0","1.0",1.1,1,1,NA,"N",NA,NA,NA,NA,NA,NA,0.5
"4030",2024-02-07,"MCW",2023,2023-06-03,NA,"TM2","lower","15.5",NA,NA,NA,NA,NA,NA,NA,NA,NA,NA,"0.43","6.1",NA,"P","0.0","1.0",0.6,1,1,NA,"N",NA,NA,NA,NA,NA,NA,0.5
"4031",2024-02-07,"MCW",2023,2023-06-03,NA,"TM2","lower","15.5",NA,NA,NA,NA,NA,NA,NA,NA,NA,NA,"0.96","18.7",NA,"P","0.0","2.0",4.1,1,1,NA,"N",NA,NA,NA,NA,NA,NA,0.5
"4032",2024-02-07,"MCW",2023,2023-06-03,NA,"TM2","lower","15.5",NA,NA,NA,NA,NA,NA,"red",146,40,25,"1.18","24.8",NA,"P","0.0","4.0",4.2,1,1,NA,"N",NA,NA,NA,NA,NA,NA,1.18
"4033",2024-02-07,"MCW",2023,2023-06-03,NA,"TM2","lower","15.5",NA,NA,NA,NA,NA,NA,NA,NA,NA,NA,"0.49","7.1",NA,"P","0.0","1.0",1.5,1,1,NA,"N",NA,NA,NA,NA,NA,NA,0.5
"4034",2024-02-07,"MCW",2023,2023-06-03,NA,"TM2","lower","15.5",NA,NA,NA,NA,NA,NA,NA,NA,NA,NA,"0.69","13.9",NA,"P","0.0","2.0",3.9,1,1,NA,"N",NA,NA,NA,NA,NA,NA,0.5
"4035",2024-02-07,"MCW",2023,2023-06-03,NA,"TM2","lower","15.5",NA,NA,NA,NA,NA,NA,NA,NA,NA,NA,"0.96","4.7",NA,"P","0.0","2.0",4.5,1,1,NA,"N",NA,NA,NA,NA,NA,NA,0.5
"4036",2024-02-07,"MCW",2023,2023-06-03,NA,"TM2","lower","15.5",NA,NA,NA,NA,NA,NA,NA,NA,NA,NA,"0.99","19.0",NA,"P","0.0","2.0",4.5,1,1,NA,"Y",NA,NA,NA,NA,NA,NA,0.5
"4037",2024-02-07,"MCW",2023,2023-06-03,NA,"TM2","lower","15.5",NA,NA,NA,NA,NA,NA,NA,NA,NA,NA,"0.93","19.4",NA,"P","0.0","3.0",5.1,1,1,NA,"N",NA,NA,NA,NA,NA,NA,0.5
"4038",2024-02-07,"MCW",2023,2023-06-03,NA,"TM2","lower","15.5",NA,NA,NA,NA,NA,NA,NA,NA,NA,NA,"0.44","7.5",NA,"P","0.0","0.0",NA,1,1,NA,"N",NA,NA,NA,NA,NA,NA,0.5
"4039",2024-02-07,"MCW",2023,2023-06-03,NA,"TM2","lower","15.5",NA,NA,NA,NA,NA,NA,NA,NA,NA,NA,"0.53","5.7",NA,"P","0.0","1.0",1.3,1,1,NA,"N",NA,NA,NA,NA,NA,NA,0.5
"4040",2024-02-07,"MCW",2023,2023-06-03,NA,"TM2","lower","15.5",NA,NA,NA,NA,NA,NA,NA,NA,NA,NA,"0.55","6.5",NA,"F","1.0","0.0",NA,1,1,NA,"N",NA,NA,NA,NA,NA,NA,0.5
"4041",2024-02-07,"MCW",2023,2023-06-03,NA,"TM2","lower","15.5",NA,NA,NA,NA,NA,NA,NA,NA,NA,NA,"0.31","5.8",NA,"B","0.0","0.0",NA,1,1,NA,"N",NA,NA,NA,NA,NA,NA,0.5
"4042",2024-02-07,"MCW",2023,2023-06-03,NA,"TM2","lower","15.5",NA,NA,NA,NA,NA,NA,NA,NA,NA,NA,"0.78","15.2",NA,"P","0.0","2.0",3.2,1,1,NA,"Y",NA,NA,NA,NA,NA,NA,0.5
"4043",2024-02-07,"MCW",2023,2023-06-03,NA,"TM2","lower","15.5",NA,NA,NA,NA,NA,NA,NA,NA,NA,NA,"0.73","13.1",NA,"P","0.0","1.0",3.3,1,1,NA,"N",NA,NA,NA,NA,NA,NA,0.5
"4044",2024-02-07,"MCW",2023,2023-06-03,NA,"TM2","lower","15.5",NA,NA,NA,NA,NA,NA,NA,NA,NA,NA,"0.36","7.2",NA,"P","0.0","0.0",NA,1,1,NA,"N",NA,NA,NA,NA,NA,NA,0.5
"4045",2024-02-07,"MCW",2023,2023-06-03,NA,"TM2","lower","15.5",NA,NA,NA,NA,NA,NA,NA,NA,NA,NA,"0.52","10.5",NA,"P","0.0","1.0",0.8,1,1,NA,"N",NA,NA,NA,NA,NA,NA,0.5
"4046",2024-02-08,"SHS",2023,2023-06-03,NA,"TM2","lower","15.5",NA,NA,NA,NA,NA,NA,NA,NA,NA,NA,"0.91","13.7",NA,"P","0.0","2.0",2.6,1,1,NA,"N",NA,NA,NA,NA,NA,NA,0.5
"4047",2024-02-08,"SHS",2023,2023-06-03,NA,"TM2","lower","15.5",NA,NA,NA,NA,NA,NA,NA,NA,NA,NA,"0.6","11.0",NA,"P","0.0","1.0",2.4,1,1,NA,"N",NA,NA,NA,NA,NA,NA,0.5
"4048",2024-02-08,"SHS",2023,2023-06-03,NA,"TM2","lower","15.5",NA,NA,NA,NA,NA,NA,NA,NA,NA,NA,"0.94","14.6",NA,"P","0.0","2.0",2.8,1,1,NA,"N",NA,NA,NA,NA,NA,NA,0.5
"4049",2024-02-08,"SHS",2023,2023-06-03,NA,"TM2","lower","15.5",NA,NA,NA,NA,NA,NA,NA,NA,NA,NA,"0.63","14.3",NA,"P","0.0","1.0",2.2,1,1,NA,"N",NA,NA,NA,NA,NA,NA,0.5
"4050",2024-02-08,"SHS",2023,2023-06-03,NA,"TM2","lower","15.5",NA,NA,NA,NA,NA,NA,NA,NA,NA,NA,"0.66","12.0",NA,"P","0.0","2.0",2,1,1,NA,"N",NA,NA,NA,NA,NA,NA,0.5
"4051",2024-02-08,"SHS",2023,2023-06-03,NA,"TM2","lower","15.5",NA,NA,NA,NA,NA,NA,NA,NA,NA,NA,"0.57","11.6",NA,"P","0.0","1.0",2.5,1,1,NA,"N",NA,NA,NA,NA,NA,NA,0.5
"4052",2024-02-08,"SHS",2023,2023-06-03,NA,"TM2","lower","15.5",NA,NA,NA,NA,NA,NA,NA,NA,NA,NA,"0.65","14.8",NA,"P","0.0","1.0",4.2,1,1,NA,"N",NA,NA,NA,NA,NA,NA,0.5
"4053",2024-02-08,"SHS",2023,2023-06-03,NA,"TM2","lower","15.5",NA,NA,NA,NA,NA,NA,NA,NA,NA,NA,"0.7","10.5",NA,"P","0.0","2.0",3.3,1,1,NA,"N",NA,NA,NA,NA,NA,NA,0.5
"4054",2024-02-08,"SHS",2023,2023-06-03,NA,"TM2","lower","15.5",NA,NA,NA,NA,NA,NA,NA,NA,NA,NA,"0.82","14.1",NA,"P","0.0","1.0",2.3,1,1,NA,"N",NA,NA,NA,NA,NA,NA,0.5
"4055",2024-02-08,"SHS",2023,2023-06-03,NA,"TM2","lower","15.5",NA,NA,NA,NA,NA,NA,NA,NA,NA,NA,"0.31","6.3",NA,"F","1.0","0.0",NA,1,1,NA,"N",NA,NA,NA,NA,NA,NA,0.5
"4056",2024-02-08,"SHS",2023,2023-06-03,NA,"TM2","lower","15.5",NA,NA,NA,NA,NA,NA,NA,NA,NA,NA,"0.73","13.7",NA,"P","0.0","2.0",3.8,1,1,NA,"N",NA,NA,NA,NA,NA,NA,0.5
"4057",2024-02-08,"SHS",2023,2023-06-03,NA,"TM2","lower","15.5",NA,NA,NA,NA,NA,NA,NA,NA,NA,NA,"0.44","6.1",NA,"F","1.0","0.0",NA,1,1,NA,"N",NA,NA,NA,NA,NA,NA,0.5
"4058",2024-02-08,"SHS",2023,2023-06-03,NA,"TM2","lower","15.5",NA,NA,NA,NA,NA,NA,NA,NA,NA,NA,"0.76","13.0",NA,"P","0.0","2.0",2.7,1,1,NA,"N",NA,NA,NA,NA,NA,NA,0.5
"4059",2024-02-08,"SHS",2023,2023-06-03,NA,"TM2","lower","15.5",NA,NA,NA,NA,NA,NA,NA,NA,NA,NA,"0.48","5.9",NA,"P","0.0","1.0",0.5,1,1,NA,"N",NA,NA,NA,NA,NA,NA,0.5
"4060",2024-02-08,"SHS",2023,2023-06-03,NA,"TM2","lower","15.5",NA,NA,NA,NA,NA,NA,NA,NA,NA,NA,"0.62","13.7",NA,"P","0.0","1.0",2.1,1,1,NA,"N",NA,NA,NA,NA,NA,NA,0.5
"4061",2024-02-08,"SHS",2023,2023-06-03,NA,"TM2","lower","15.5",NA,NA,NA,NA,NA,NA,NA,NA,NA,NA,"1.01","21.2",NA,"P","0.0","3.0",5.4,1,1,NA,"N",NA,NA,NA,NA,NA,"going to die;no band added",1.01
"4062",2024-02-08,"SHS",2023,2023-06-03,NA,"TM2","lower","15.5",NA,NA,NA,NA,NA,NA,NA,NA,NA,NA,"0.83","15.0",NA,"P","0.0","1.0",5.8,1,1,NA,"Y",NA,NA,NA,NA,NA,NA,0.5
"4063",2024-02-08,"SHS",2023,2023-06-03,NA,"TM2","lower","15.5",NA,NA,NA,NA,NA,NA,NA,NA,NA,NA,"0.79","14.3",NA,"P","0.0","2.0",3.4,1,1,NA,"N",NA,NA,NA,NA,NA,NA,0.5
"4064",2024-02-08,"SHS",2023,2023-06-03,NA,"TM2","lower","15.5",NA,NA,NA,NA,NA,NA,NA,NA,NA,NA,"0.65","6.1",NA,"P","0.0","1.0",1.5,1,1,NA,"N",NA,NA,NA,NA,NA,NA,0.5
"4065",2024-02-08,"SHS",2023,2023-06-03,NA,"TM2","lower","15.5",NA,NA,NA,NA,NA,NA,NA,NA,NA,NA,"0.54","5.5",NA,"V",NA,NA,NA,0,1,"0.3","Y",NA,NA,NA,NA,NA,NA,0.5
"4066",2024-02-08,"SHS",2023,2023-06-03,NA,"TM2","lower","15.5",NA,NA,NA,NA,NA,NA,NA,NA,NA,NA,"0.69","17.2",NA,"P","0.0","2.0",4.6,1,1,NA,"N",NA,NA,NA,NA,NA,NA,0.5
"4067",2024-02-08,"SHS",2023,2023-06-03,NA,"TM2","lower","15.5",NA,NA,NA,NA,NA,NA,NA,NA,NA,NA,"0.69","7.2",NA,"P","0.0","1.0",1.6,1,1,NA,"N",NA,NA,NA,NA,NA,NA,0.5
"4068",2024-02-08,"SHS",2023,2023-06-03,NA,"TM2","lower","15.5",NA,NA,NA,NA,NA,NA,NA,NA,NA,NA,"0.77","17.4",NA,"P","0.0","2.0",3.3,1,1,NA,"N",NA,NA,NA,NA,NA,NA,0.5
"4069",2024-02-08,"SHS",2023,2023-06-03,NA,"TM2","lower","15.5",NA,NA,NA,NA,NA,NA,NA,NA,NA,NA,"0.51","9.2",NA,"P","0.0","1.0",2.5,1,1,NA,"N",NA,NA,NA,NA,NA,NA,0.5
"4070",2024-02-08,"SHS",2023,2023-06-03,NA,"TM2","lower","15.5",NA,NA,NA,NA,NA,NA,NA,NA,NA,NA,"0.76","13.5",NA,"P","0.0","1.0",2.7,1,1,NA,"N",NA,NA,NA,NA,NA,NA,0.5
"4071",2024-02-08,"SHS",2023,2023-06-03,NA,"TM2","lower","15.5",NA,NA,NA,NA,NA,NA,"red",263,5,27,"1.16","22.0",NA,"P","0.0","3.0",4.6,1,1,NA,"N",NA,NA,NA,NA,NA,NA,1.16
"4072",2024-02-08,"SHS",2023,2023-06-03,NA,"TM2","lower","15.5",NA,NA,NA,NA,NA,NA,NA,NA,NA,NA,"0.3","6.6",NA,"P","0.0","1.0",1.4,1,1,NA,"Y",NA,NA,NA,NA,NA,NA,0.5
"4073",2024-02-08,"SHS",2023,2023-06-03,NA,"TM2","lower","15.5",NA,NA,NA,NA,NA,NA,NA,NA,NA,NA,"0.45","6.1",NA,"P","0.0","0.0",NA,1,1,NA,"N",NA,NA,NA,NA,NA,NA,0.5
"4074",2024-02-08,"SHS",2023,2023-06-03,NA,"TM2","lower","15.5",NA,NA,NA,NA,NA,NA,NA,NA,NA,NA,"0.77","15.0",NA,"P","0.0","2.0",2.9,1,1,NA,"N",NA,NA,NA,NA,NA,NA,0.5
"4075",2024-02-08,"SHS",2023,2023-06-03,NA,"TM2","lower","15.5",NA,NA,NA,NA,NA,NA,NA,NA,NA,NA,"0.6","7.5",NA,"P","1.0","1.0",1.6,1,1,NA,"Y",NA,NA,NA,NA,NA,NA,0.5
"4076",2024-02-08,"SHS",2023,2023-06-03,NA,"TM2","lower","15.5",NA,NA,NA,NA,NA,NA,NA,NA,NA,NA,"0.43","8.8",NA,"P","0.0","1.0",1.7,1,1,NA,"N",NA,NA,NA,NA,NA,NA,0.5
"4077",2024-02-08,"SHS",2023,2023-06-03,NA,"TM2","lower","15.5",NA,NA,NA,NA,NA,NA,NA,NA,NA,NA,"0.51","7.5",NA,"P","0.0","1.0",0.9,1,1,NA,"Y",NA,NA,NA,NA,NA,NA,0.5
"4078",2024-02-08,"SHS",2023,2023-06-03,NA,"TM2","lower","15.5",NA,NA,NA,NA,NA,NA,NA,NA,NA,NA,"0.47","14.6",NA,"F","1.0",NA,NA,1,1,NA,"N",NA,NA,NA,NA,NA,NA,0.5
"4079",2024-02-08,"SHS",2023,2023-06-03,NA,"TM2","lower","16.0",NA,NA,NA,NA,NA,NA,NA,NA,NA,NA,"0.54","11.9",NA,"P","0.0","2.0",3,1,1,NA,"N",NA,NA,NA,NA,NA,NA,0.5
"4080",2024-02-08,"SHS",2023,2023-06-03,NA,"TM2","lower","16.0",NA,NA,NA,NA,NA,NA,NA,NA,NA,NA,"0.15","5.9",NA,"P","0.0","1.0",1.3,1,1,NA,"N",NA,NA,NA,NA,NA,NA,0.5
"4081",2024-02-08,"SHS",2023,2023-06-03,NA,"TM2","lower","16.0",NA,NA,NA,NA,NA,NA,NA,NA,NA,NA,"0.81","18.6",NA,"P","0.0","2.0",4.2,1,1,NA,"N",NA,NA,NA,NA,NA,NA,0.5
"4082",2024-02-08,"SHS",2023,2023-06-03,NA,"TM2","lower","16.0",NA,NA,NA,NA,NA,NA,NA,NA,NA,NA,"0.91","15.6",NA,"P","0.0","2.0",4.1,1,1,NA,"N",NA,NA,NA,NA,NA,NA,0.5
"4083",2024-02-08,"SHS",2023,2023-06-03,NA,"TM2","lower","16.0",NA,NA,NA,NA,NA,NA,NA,NA,NA,NA,"0.51","12.5",NA,"P","0.0","2.0",3.4,1,1,NA,"N",NA,NA,NA,NA,NA,NA,0.5
"4084",2024-02-08,"SHS",2023,2023-06-03,NA,"TM2","lower","16.0",NA,NA,NA,NA,NA,NA,"red",239,19,13,"1.17","22.2",NA,"P","0.0","6.0",5.5,1,1,NA,"N",NA,NA,NA,NA,NA,NA,1.17
"4085",2024-02-08,"SHS",2023,2023-06-03,NA,"TM2","lower","16.0",NA,NA,NA,NA,NA,NA,"red",147,18,14,"1.56","30.0",NA,"P","0.0","10.0",6.5,1,1,NA,"N",NA,NA,NA,NA,NA,NA,1.56
"4086",2024-02-08,"SHS",2023,2023-06-03,NA,"TM2","lower","16.0",NA,NA,NA,NA,NA,NA,"red",107,32,23,"1.17","27.1",NA,"P","0.0","11.0",6,1,1,NA,"N",NA,NA,NA,NA,NA,NA,1.17
"4087",2024-02-08,"SHS",2023,2023-06-03,NA,"TM2","lower","16.0",NA,NA,NA,NA,NA,NA,NA,NA,NA,NA,"0.79","17.2",NA,"P","0.0","4.0",6.4,1,1,NA,"N",NA,NA,NA,NA,NA,NA,0.5
"4088",2024-02-08,"SHS",2023,2023-06-03,NA,"TM2","lower","16.0",NA,NA,NA,NA,NA,NA,NA,NA,NA,NA,"0.34","6.9",NA,"P","0.0","1.0",1.9,1,1,NA,"N",NA,NA,NA,NA,NA,NA,0.5
"4089",2024-02-08,"SHS",2023,2023-06-03,NA,"TM2","lower","16.0",NA,NA,NA,NA,NA,NA,NA,NA,NA,NA,"0.8","11.5",NA,"P","0.0","1.0",2.8,1,1,NA,"N",NA,NA,NA,NA,NA,NA,0.5
"4090",2024-02-08,"SHS",2023,2023-06-03,NA,"TM2","lower","16.0",NA,NA,NA,NA,NA,NA,"red",868,27,33,"1.49","17.6",NA,"P","0.0","5.0",4.2,1,1,NA,"N",NA,NA,NA,NA,NA,NA,1.49
"4091",2024-02-08,"SHS",2023,2023-06-03,NA,"TM2","lower","16.0",NA,NA,NA,NA,NA,NA,NA,NA,NA,NA,"0.93","15.8",NA,"P","0.0","3.0",3.6,1,1,NA,"N",NA,NA,NA,NA,NA,NA,0.5
"4092",2024-02-08,"SHS",2023,2023-06-03,NA,"TM2","lower","16.0",NA,NA,NA,NA,NA,NA,"red",120,0,40,"1.04","22.0",NA,"P","0.0","4.0",5.3,1,1,NA,"N",NA,NA,NA,NA,NA,NA,1.04
"4093",2024-02-08,"SHS",2023,2023-06-03,NA,"TM2","lower","16.0",NA,NA,NA,NA,NA,NA,NA,NA,NA,NA,"0.57","11.2",NA,"P","0.0","2.0",3.8,1,1,NA,"N",NA,NA,NA,NA,NA,NA,0.5
"4094",2024-02-08,"SHS",2023,2023-06-03,NA,"TM2","lower","16.0",NA,NA,NA,NA,NA,NA,NA,NA,NA,NA,"0.59","19.1",NA,"P","0.0","3.0",3.2,1,1,NA,"N",NA,NA,NA,NA,NA,NA,0.5
"4095",2024-02-08,"SHS",2023,2023-06-03,NA,"TM2","lower","16.0",NA,NA,NA,NA,NA,NA,"red",433,24,41,"1.17","24.0",NA,"P","0.0","7.0",6.1,1,1,NA,"N",NA,NA,NA,NA,NA,NA,1.17
"4096",2024-02-08,"SHS",2023,2023-06-03,NA,"TM2","lower","16.0",NA,NA,NA,NA,NA,NA,NA,NA,NA,NA,"0.52","13.0",NA,"P","0.0","1.0",2.4,1,1,NA,"N",NA,NA,NA,NA,NA,NA,0.5
"4097",2024-02-08,"SHS",2023,2023-06-03,NA,"TM2","lower","16.0",NA,NA,NA,NA,NA,NA,NA,NA,NA,NA,"0.66","10.7",NA,"P","0.0","1.0",3,1,1,NA,"Y",NA,NA,NA,NA,NA,NA,0.5
"4098",2024-02-08,"SHS",2023,2023-06-03,NA,"TM2","lower","16.0",NA,NA,NA,NA,NA,NA,NA,NA,NA,NA,"0.36","14.0",NA,"P","0.0","2.0",3.8,1,1,NA,"N",NA,NA,NA,NA,NA,NA,0.5
"4099",2024-02-08,"SHS",2023,2023-06-03,NA,"TM2","lower","16.0",NA,NA,NA,NA,NA,NA,NA,NA,NA,NA,"0.42","9.5",NA,"P","0.0","1.0",1.8,1,1,NA,"N",NA,NA,NA,NA,NA,NA,0.5
"4100",2024-02-08,"SHS",2023,2023-06-03,NA,"TM2","lower","16.0",NA,NA,NA,NA,NA,NA,NA,NA,NA,NA,"0.69","16.3",NA,"P","0.0","1.0",3.2,1,1,NA,"N",NA,NA,NA,NA,NA,NA,0.5
"4101",2024-02-08,"SHS",2023,2023-06-03,NA,"TM2","lower","16.0",NA,NA,NA,NA,NA,NA,NA,NA,NA,NA,"0.87","15.8",NA,"P","0.0","5.0",3.9,1,1,NA,"N",NA,NA,NA,NA,NA,NA,0.5
"4102",2024-02-08,"SHS",2023,2023-06-03,NA,"TM2","lower","16.0",NA,NA,NA,NA,NA,NA,NA,NA,NA,NA,"0.45","13.3",NA,"P","0.0","2.0",2.3,1,1,NA,"N",NA,NA,NA,NA,NA,NA,0.5
"4103",2024-02-08,"SHS",2023,2023-06-03,NA,"TM2","lower","16.5",NA,NA,NA,NA,NA,NA,"red",860,37,24,"1.81","30.4",NA,"P","0.0","24.0",6.2,1,1,NA,"N",NA,NA,NA,NA,NA,NA,1.81
"4104",2024-02-08,"SHS",2023,2023-06-03,NA,"TM2","lower","16.5",NA,NA,NA,NA,NA,NA,NA,NA,NA,NA,"0.74","9.1",NA,"P","0.0","1.0",3.2,1,1,NA,"N",NA,NA,NA,NA,NA,NA,0.5
"4105",2024-02-08,"SHS",2023,2023-06-03,NA,"TM2","lower","16.5",NA,NA,NA,NA,NA,NA,NA,NA,NA,NA,"0.91","19.0",NA,"P","0.0","5.0",4.1,1,1,NA,"N",NA,NA,NA,NA,NA,NA,0.5
"4106",2024-02-08,"SHS",2023,2023-06-03,NA,"TM2","lower","16.5",NA,NA,NA,NA,NA,NA,"red",100,29,27,"1.2","25.7",NA,"P","0.0","7.0",6.6,1,1,NA,"N",NA,NA,NA,NA,NA,NA,1.2
"4107",2024-02-08,"SHS",2023,2023-06-03,NA,"TM2","lower","16.5",NA,NA,NA,NA,NA,NA,"red",858,7,28,"1.61","30.9",NA,"P","0.0","17.0",7.5,1,1,NA,"N",NA,NA,NA,NA,NA,NA,1.61
"4108",2024-02-08,"SHS",2023,2023-06-03,NA,"TM2","lower","16.5",NA,NA,NA,NA,NA,NA,NA,NA,NA,NA,"0.97","20.4",NA,"P","0.0","3.0",6.3,1,1,NA,"N",NA,NA,NA,NA,NA,NA,0.5
"4109",2024-02-08,"SHS",2023,2023-06-03,NA,"TM2","lower","16.5",NA,NA,NA,NA,NA,NA,"red",134,45,46,"1.57","37.6",NA,"P","0.0","12.0",6.9,1,1,NA,"N",NA,NA,NA,NA,NA,NA,1.57
"4110",2024-02-08,"SHS",2023,2023-06-03,NA,"TM2","lower","16.5",NA,NA,NA,NA,NA,NA,NA,NA,NA,NA,"1.0","26.4",NA,"P","0.0","5.0",6.5,1,1,NA,"N",NA,NA,NA,NA,NA,NA,1
"4111",2024-02-08,"SHS",2023,2023-06-03,NA,"TM2","lower","16.5",NA,NA,NA,NA,NA,NA,NA,NA,NA,NA,"0.75","16.2",NA,"P","0.0","2.0",3.4,1,1,NA,"N",NA,NA,NA,NA,NA,NA,0.5
"4112",2024-02-08,"SHS",2023,2023-06-03,NA,"TM2","lower","16.5",NA,NA,NA,NA,NA,NA,"red",130,16,49,"1.8","37.3",NA,"P","0.0","21.0",6.1,1,1,NA,"N",NA,NA,NA,NA,NA,NA,1.8
"4113",2024-02-08,"SHS",2023,2023-06-03,NA,"TM2","lower","17.0",NA,NA,NA,NA,NA,NA,"red",268,12,32,"1.62","29.6",NA,"P","0.0","14.0",4.3,1,1,NA,"N",NA,NA,NA,NA,NA,NA,1.62
"4114",2024-02-08,"SHS",2023,2023-06-03,NA,"TM2","lower","17.0",NA,NA,NA,NA,NA,NA,"red",778,34,48,"1.5","38.7",NA,"P","0.0","10.0",6,1,1,NA,"N",NA,NA,NA,NA,NA,NA,1.5
"4115",2024-02-08,"SHS",2023,2023-06-03,NA,"TM2","lower","17.0",NA,NA,NA,NA,NA,NA,NA,NA,NA,NA,"0.62","8.2",NA,"P","1.0","1.0",2.1,1,1,NA,"N",NA,NA,NA,NA,NA,NA,0.5
"4116",2024-02-08,"SHS",2023,2023-06-03,NA,"TM2","lower","17.0",NA,NA,NA,NA,NA,NA,NA,NA,NA,NA,"0.81","19.1",NA,"P","0.0","3.0",4.5,1,1,NA,"N",NA,NA,NA,NA,NA,NA,0.5
"4117",2024-02-08,"SHS",2023,2023-06-03,NA,"TM2","lower","17.0",NA,NA,NA,NA,NA,NA,NA,NA,NA,NA,"0.69","19.0",NA,"P","0.0","3.0",4,1,1,NA,"N",NA,NA,NA,NA,NA,NA,0.5
"4118",2024-02-08,"SHS",2023,2023-06-03,NA,"TM2","lower","17.0",NA,NA,NA,NA,NA,NA,NA,NA,NA,NA,"0.45","11.2",NA,"P","0.0","2.0",1.8,1,1,NA,"N",NA,NA,NA,NA,NA,NA,0.5
"4119",2024-02-08,"SHS",2023,2023-06-03,NA,"TM2","lower","17.0",NA,NA,NA,NA,NA,NA,NA,NA,NA,NA,"0.53","11.2",NA,"P","0.0","1.0",2,1,1,NA,"N",NA,NA,NA,NA,NA,NA,0.5
"4120",2024-02-08,"SHS",2023,2023-06-03,NA,"TM2","lower","17.0",NA,NA,NA,NA,NA,NA,NA,NA,NA,NA,"0.94","27.6",NA,"P","0.0","6.0",6.2,1,1,NA,"N",NA,NA,NA,NA,NA,NA,0.5
"4121",2024-02-08,"SHS",2023,2023-06-03,NA,"TM2","lower","17.5",NA,NA,NA,NA,NA,NA,NA,NA,NA,NA,"0.74","14.5",NA,"P","0.0","3.0",3.7,1,1,NA,"Y",NA,NA,NA,NA,NA,NA,0.5
"4122",2024-02-08,"SHS",2023,2023-06-03,NA,"TM2","lower","17.5",NA,NA,NA,NA,NA,NA,NA,NA,NA,NA,"0.43","9.2",NA,"F","1.0","0.0",0,1,1,NA,"N",NA,NA,NA,NA,NA,NA,0.5
"4123",2024-02-08,"SHS",2023,2023-06-03,NA,"TM2","lower","17.5",NA,NA,NA,NA,NA,NA,NA,NA,NA,NA,"0.87","13.8",NA,"P","2.0","1.0",2,1,1,NA,"Y",NA,NA,NA,NA,NA,NA,0.5
"4124",2024-02-08,"SHS",2023,2023-06-03,NA,"TM2","lower","17.5",NA,NA,NA,NA,NA,NA,"red",159,8,23,"1.33","24.9",NA,"P","4.0","11.0",5.6,1,1,NA,"N",NA,NA,NA,NA,NA,NA,1.33
"4125",2024-02-08,"SHS",2023,2023-06-03,NA,"TM2","lower","17.5",NA,NA,NA,NA,NA,NA,"red",18,7,28,"1.29","21.9",NA,"P","0.0","6.0",6.1,1,1,NA,"N",NA,NA,NA,NA,NA,NA,1.29
"4126",2024-02-08,"SHS",2023,2023-06-03,NA,"TM2","lower","17.5",NA,NA,NA,NA,NA,NA,"red",124,35,40,"1.44","33.0",NA,"P","0.0","8.0",6.4,1,1,NA,"N",NA,NA,NA,NA,NA,NA,1.44
"4127",2024-02-08,"SHS",2023,2023-06-03,NA,"TM2","lower","17.5",NA,NA,NA,NA,NA,NA,"red",136,30,48,"1.75","34.5",NA,"P","0.0","10.0",6.3,1,1,NA,"N",NA,NA,NA,NA,NA,NA,1.75
"4128",2024-02-08,"SHS",2023,2023-06-03,NA,"TM2","lower","18.0",NA,NA,NA,NA,NA,NA,NA,NA,NA,NA,"0.56","7.4",NA,"P","0.0","1.0",1.7,1,1,NA,"N",NA,NA,NA,NA,NA,NA,0.5
"4129",2024-02-08,"SHS",2023,2023-06-03,NA,"TM2","lower","18.0",NA,NA,NA,NA,NA,NA,NA,NA,NA,NA,"0.65","9.0",NA,"P","1.0","1.0",3.8,1,1,NA,"N",NA,NA,NA,NA,NA,NA,0.5
"4130",2024-02-08,"SHS",2023,2023-06-03,NA,"TM2","lower","18.0",NA,NA,NA,NA,NA,NA,NA,NA,NA,NA,"0.95","8.5",NA,"F","1.0","0.0",NA,1,1,NA,"N",NA,NA,NA,NA,NA,NA,0.5
"4131",2024-02-08,"SHS",2023,2023-06-03,NA,"TM2","lower","18.5",NA,NA,NA,NA,NA,NA,NA,NA,NA,NA,"0.68","11.5",NA,"P","0.0","1.0",3.7,1,1,NA,"N",NA,NA,NA,NA,NA,NA,0.5
"4132",2024-02-08,"SHS",2023,2023-06-03,NA,"TM2","lower","18.5",NA,NA,NA,NA,NA,NA,NA,NA,NA,NA,"0.75","17.5",NA,"P","0.0","2.0",3.7,1,1,NA,"N",NA,NA,NA,NA,NA,NA,0.5
"4133",2024-02-08,"SHS",2023,2023-06-03,NA,"TM2","lower","18.5",NA,NA,NA,NA,NA,NA,"red",121,15,40,"1.11","19.6",NA,"P","0.0","3.0",4,1,1,NA,"N",NA,NA,NA,NA,NA,NA,1.11
"4134",2024-02-08,"SHS",2023,2023-06-03,NA,"TM2","lower","18.5",NA,NA,NA,NA,NA,NA,NA,NA,NA,NA,"0.83","17.5",NA,"P","0.0","1.0",4.7,1,1,NA,"N",NA,NA,NA,NA,NA,NA,0.5
"4135",2024-02-08,"SHS",2023,2023-06-03,NA,"TM2","lower","18.5",NA,NA,NA,NA,NA,NA,NA,NA,NA,NA,"0.84","19.9",NA,"P","1.0","2.0",4.7,1,1,NA,"N",NA,NA,NA,NA,NA,NA,0.5
"4136",2024-02-08,"SHS",2023,2023-06-03,NA,"TM2","lower","18.5",NA,NA,NA,NA,NA,NA,NA,NA,NA,NA,"0.35","10.2",NA,"P","0.0","1.0",2.7,1,1,NA,"Y",NA,NA,NA,NA,NA,NA,0.5
"4137",2024-02-08,"SHS",2023,2023-06-13,NA,"TM2","outcrop",NA,NA,NA,NA,NA,NA,NA,"white",14,NA,NA,"7.4","27.1",NA,"P","0.0","18.0",6,1,1,NA,"Y",NA,NA,NA,NA,NA,"Ran out of time to collect data on outcrop 6/3;came back 6/13",7.4
"4138",2024-02-08,"SHS",2023,2023-06-13,NA,"TM2","outcrop",NA,NA,NA,NA,NA,NA,NA,"white",44,NA,NA,"7.02","28.8",NA,"P","0.0","35.0",7,4,4,NA,"Y",NA,NA,NA,NA,NA,NA,7.02
"4139",2024-02-08,"SHS",2023,2023-06-13,NA,"TM2","outcrop",NA,NA,NA,NA,NA,NA,NA,"white",22,NA,NA,"4.23","28.9",NA,"P","0.0","9.0",7.2,2,2,NA,"Y",NA,NA,NA,NA,NA,NA,4.23
"4140",2024-02-08,"SHS",2023,2023-06-13,NA,"TM2","outcrop",NA,NA,NA,NA,NA,NA,NA,"white",27,NA,NA,NA,NA,NA,"X",NA,NA,NA,NA,NA,NA,NA,NA,NA,NA,NA,NA,NA,NA
"4141",2024-02-08,"SHS",2023,2023-06-13,NA,"TM2","outcrop",NA,NA,NA,NA,NA,NA,NA,"white",26,NA,NA,NA,NA,NA,"X",NA,NA,NA,NA,NA,NA,NA,NA,NA,NA,NA,NA,NA,NA
"4142",2024-02-08,"SHS",2023,2023-06-13,NA,"TM2","outcrop",NA,NA,NA,NA,NA,NA,NA,"white",34,NA,NA,"9.3","24.7",NA,"P","0.0","45.0",5.5,1,1,NA,"Y",NA,NA,NA,NA,NA,NA,9.3
"4143",2024-02-08,"SHS",2023,2023-06-13,NA,"TM2","outcrop",NA,NA,NA,NA,NA,NA,NA,"white",272,NA,NA,NA,NA,NA,"X",NA,NA,NA,NA,NA,NA,NA,NA,NA,NA,NA,NA,NA,NA
"4144",2024-02-08,"SHS",2023,2023-06-13,NA,"TM2","outcrop",NA,NA,NA,NA,NA,NA,NA,"white",911,NA,NA,"5.63","24.4",NA,"P","0.0","13.0",4.8,3,3,NA,"Y",NA,NA,NA,NA,NA,NA,5.63
"4145",2024-02-08,"SHS",2023,2023-06-13,NA,"TM2","outcrop",NA,NA,NA,NA,NA,NA,NA,"white",47,NA,NA,NA,NA,NA,"X",NA,NA,NA,NA,NA,NA,NA,NA,NA,NA,NA,NA,NA,NA
"4146",2024-02-08,"SHS",2023,2023-06-13,NA,"TM2","outcrop",NA,NA,NA,NA,NA,NA,NA,"white",63,NA,NA,"5.79","44.5",NA,"P","0.0","27.0",7.4,4,4,NA,"Y",NA,NA,NA,NA,NA,NA,5.79
"4147",2024-02-08,"SHS",2023,2023-06-13,NA,"TM2","outcrop",NA,NA,NA,NA,NA,NA,NA,"white",98,NA,NA,"5.37","12.3",NA,"V","0.0","0.0",0,0,3,"3.1","Y",NA,NA,NA,NA,NA,NA,5.37
"4148",2024-02-08,"SHS",2023,2023-06-13,NA,"TM2","outcrop",NA,NA,NA,NA,NA,NA,NA,"white",83,NA,NA,"9.15","75.2",NA,"P","0.0","114.0",8.7,1,1,NA,NA,NA,NA,NA,NA,NA,NA,9.15
"4149",2024-02-08,"SHS",2023,2023-06-13,NA,"TM2","outcrop",NA,NA,NA,NA,NA,NA,NA,"white",17,NA,NA,"9.71","69.1",NA,"P","0.0","173.0",8.7,1,1,NA,"Y",NA,NA,NA,NA,NA,NA,9.71
"4150",2024-02-08,"SHS",2023,2023-06-13,NA,"TM2","outcrop",NA,NA,NA,NA,NA,NA,NA,"white",957,NA,NA,NA,NA,NA,"X",NA,NA,NA,NA,NA,NA,NA,NA,NA,NA,NA,NA,NA,NA
"4151",2024-02-08,"SHS",2023,2023-06-13,NA,"TM2","outcrop",NA,NA,NA,NA,NA,NA,NA,"white",36,NA,NA,NA,NA,NA,"X",NA,NA,NA,NA,NA,NA,NA,NA,NA,NA,NA,NA,NA,NA
"4152",2024-02-08,"SHS",2023,2023-06-13,NA,"TM2","outcrop",NA,NA,NA,NA,NA,NA,NA,"white",23,NA,NA,NA,NA,NA,"X",NA,NA,NA,NA,NA,NA,NA,NA,NA,NA,NA,NA,NA,NA
"4153",2024-02-08,"SHS",2023,2023-06-13,NA,"TM2","outcrop",NA,NA,NA,NA,NA,NA,NA,"white",48,NA,NA,"5.03","30.3",NA,"P","0.0","10.0",5.9,1,2,NA,"Y",NA,NA,NA,NA,NA,NA,5.03
"4154",2024-02-08,"SHS",2023,2023-06-13,NA,"TM2","outcrop",NA,NA,NA,NA,NA,NA,NA,"white",53,NA,NA,"4.2","46.8",NA,"P","0.0","46.0",7.7,1,1,NA,"Y",NA,NA,NA,NA,NA,NA,4.2
"4155",2024-02-08,"SHS",2023,2023-06-13,NA,"TM2","outcrop",NA,NA,NA,NA,NA,NA,NA,"white",15,NA,NA,NA,NA,NA,NA,NA,NA,NA,NA,NA,NA,NA,NA,NA,NA,NA,NA,"Could not find",NA
"4156",2024-02-08,"SHS",2023,2023-06-13,NA,"TM2","outcrop",NA,NA,NA,NA,NA,NA,NA,"white",33,NA,NA,NA,NA,NA,NA,NA,NA,NA,NA,NA,NA,NA,NA,NA,NA,NA,NA,"Checked map no plant",NA
"4157",2024-02-08,"SHS",2023,2023-06-13,NA,"TM2","outcrop",NA,NA,NA,NA,NA,NA,NA,"red",437,NA,NA,"2.01","6.3",NA,"V","0.0","0.0",0,0,1,"2.6","Y",NA,NA,NA,NA,NA,NA,2.01
"4158",2024-02-08,"SHS",2023,2023-06-13,NA,"TM2","outcrop",NA,NA,NA,NA,NA,NA,NA,"red",222,NA,NA,"1.28","4.8",NA,"V","0.0","0.0",0,0,1,"2.5","Y",NA,NA,NA,NA,NA,NA,1.28
"4159",2024-02-08,"SHS",2023,2023-06-13,NA,"TM2","outcrop",NA,NA,NA,NA,NA,NA,NA,"red",266,NA,NA,"1.14","5.2",NA,"V","0.0","0.0",0,0,1,"2.1","Y",NA,NA,NA,NA,NA,NA,1.14
"4160",2024-02-08,"SHS",2023,2023-06-13,NA,"TM2","outcrop",NA,NA,NA,NA,NA,NA,NA,"red",80,NA,NA,"1.85","5.8",NA,"V","0.0","0.0",0,0,1,"2.5","Y",NA,NA,NA,NA,NA,NA,1.85
"4161",2024-02-08,"SHS",2023,2023-06-13,NA,"TM2","outcrop",NA,NA,NA,NA,NA,NA,NA,"red",597,NA,NA,"1.24","4.9",NA,"V","0.0","0.0",0,0,1,"2.1","Y",NA,NA,NA,NA,NA,NA,1.24
"4162",2024-02-08,"SHS",2023,2023-06-13,NA,"TM2","outcrop",NA,NA,NA,NA,NA,NA,NA,"red",78,NA,NA,"2.04","5.4",NA,"V","0.0","0.0",0,0,1,"2.4","Y",NA,NA,NA,NA,NA,NA,2.04
"4163",2024-02-08,"SHS",2023,2023-06-13,NA,"TM2","outcrop",NA,NA,NA,NA,NA,NA,NA,"red",395,NA,NA,"2.79","11.5",NA,"V","0.0","0.0",0,0,1,"3.5","Y",NA,NA,NA,NA,NA,NA,2.79
"4164",2024-02-08,"SHS",2023,2023-06-13,NA,"TM2","outcrop",NA,NA,NA,NA,NA,NA,NA,"red",569,NA,NA,"2.25","12.4",NA,"V","0.0","0.0",0,0,1,"2.7","Y",NA,NA,NA,NA,NA,NA,2.25
"4165",2024-02-08,"SHS",2023,2023-06-13,NA,"TM2","outcrop",NA,NA,NA,NA,NA,NA,NA,"red",41,NA,NA,"2.54","39.0",NA,"P","0.0","5.0",6,1,1,NA,"Y",NA,NA,NA,NA,NA,NA,2.54
"4166",2024-02-08,"SHS",2023,2023-06-13,NA,"TM2","outcrop",NA,NA,NA,NA,NA,NA,NA,"red",62,NA,NA,"0.84","5.3",NA,"V","0.0","0.0",0,0,1,"1.7","Y",NA,NA,NA,NA,NA,NA,0.5
"4167",2024-02-08,"SHS",2023,2023-06-13,NA,"TM2","outcrop",NA,NA,NA,NA,NA,NA,NA,"red",89,NA,NA,"3.03","36.2",NA,"P","0.0","22.0",7.4,1,1,NA,"Y",NA,NA,NA,NA,NA,NA,3.03
"4168",2024-02-08,"SHS",2023,2023-06-13,NA,"TM2","outcrop",NA,NA,NA,NA,NA,NA,NA,"red",258,NA,NA,"1.95","14.0",NA,"B","0.0","0.0",0,1,1,NA,"Y",NA,NA,NA,NA,NA,NA,1.95
"4169",2024-02-08,"SHS",2023,2023-06-13,NA,"TM2","outcrop",NA,NA,NA,NA,NA,NA,NA,"red",40,NA,NA,"1.64","22.8",NA,"P","0.0","4.0",5.1,1,1,NA,"Y",NA,NA,NA,NA,NA,NA,1.64
"4170",2024-02-08,"SHS",2023,2023-06-13,NA,"TM2","outcrop",NA,NA,NA,NA,NA,NA,NA,"red",423,NA,NA,"1.66","17.2",NA,"V","0.0","0.0",0,1,1,"2.7","N",NA,NA,NA,NA,NA,NA,1.66
"4171",2024-02-08,"SHS",2023,2023-06-13,NA,"TM2","outcrop",NA,NA,NA,NA,NA,NA,NA,"red",60,NA,NA,"3.08","25.5",NA,"P","0.0","3.0",4.7,1,1,NA,"Y",NA,NA,NA,NA,NA,NA,3.08
"4172",2024-02-08,"SHS",2023,2023-06-13,NA,"TM2","outcrop",NA,NA,NA,NA,NA,NA,NA,"red",33,NA,NA,"4.54","26.6",NA,"P","0.0","8.0",6.5,1,1,NA,"Y",NA,NA,NA,NA,NA,NA,4.54
"4173",2024-02-08,"SHS",2023,2023-06-13,NA,"TM2","outcrop",NA,NA,NA,NA,NA,NA,NA,"red",1521,NA,NA,"1.26","12.2",NA,"P","0.0","1.0",1.7,1,1,NA,"Y",NA,NA,NA,NA,NA,NA,1.26
"4174",2024-02-08,"SHS",2023,2023-06-13,NA,"TM2","outcrop",NA,NA,NA,NA,NA,NA,NA,"red",39,NA,NA,"3.27","29.5",NA,"P","0.0","11.0",6.8,1,1,NA,"Y",NA,NA,NA,NA,NA,NA,3.27
"4175",2024-02-08,"SHS",2023,2023-06-13,NA,"TM2","outcrop",NA,NA,NA,NA,NA,NA,NA,"red",226,NA,NA,"1.99","29.0",NA,"P","0.0","3.0",5.3,1,1,NA,"Y",NA,NA,NA,NA,NA,"buds",1.99
"4176",2024-02-08,"SHS",2023,2023-06-13,NA,"TM2","outcrop",NA,NA,NA,NA,NA,NA,NA,"red",202,NA,NA,"1.35","9.2",NA,"V","0.0","0.0",0,0,1,"2.4","Y",NA,NA,NA,NA,NA,NA,1.35
"4177",2024-06-24,"GAA",2024,2024-05-31,NA,"TM2","upper","0",NA,NA,NA,NA,NA,NA,"red",97,14,7,NA,NA,NA,"X",NA,NA,NA,NA,NA,NA,NA,NA,NA,NA,NA,NA,NA,NA
"4178",2024-06-24,"GAA",2024,2024-05-31,NA,"TM2","upper","0",NA,NA,NA,NA,NA,NA,"red",866,10,10,NA,NA,NA,"X",NA,NA,NA,NA,NA,NA,NA,NA,NA,NA,NA,NA,NA,NA
"4179",2024-06-24,"GAA",2024,2024-05-31,NA,"TM2","upper","0",NA,NA,NA,NA,NA,NA,"red",101,15,9,NA,NA,NA,NA,NA,NA,NA,NA,NA,NA,NA,NA,NA,NA,NA,NA,"not relocated=NRL",NA
"4180",2024-06-24,"GAA",2024,2024-05-31,NA,"TM2","upper","0",NA,NA,NA,NA,NA,NA,"red",292,19,7,NA,NA,NA,NA,NA,NA,NA,NA,NA,NA,NA,NA,NA,NA,NA,NA,"NRL",NA
"4181",2024-06-24,"GAA",2024,2024-05-31,NA,"TM2","upper","0",NA,NA,NA,NA,NA,NA,"red",43,23,14,NA,NA,NA,"X",NA,NA,NA,NA,NA,NA,NA,NA,NA,NA,NA,NA,NA,NA
"4182",2024-06-24,"GAA",2024,2024-05-31,NA,"TM2","upper","0",NA,NA,NA,NA,NA,NA,"red",203,25,14,NA,NA,NA,"X",NA,NA,NA,NA,NA,NA,NA,NA,NA,NA,NA,NA,NA,NA
"4183",2024-06-24,"GAA",2024,2024-05-31,NA,"TM2","upper","0",NA,NA,NA,NA,NA,NA,"red",251,36,1,NA,NA,NA,"X",NA,NA,NA,NA,NA,NA,NA,NA,NA,NA,NA,NA,NA,NA
"4184",2024-06-24,"GAA",2024,2024-05-31,NA,"TM2","upper","0",NA,NA,NA,NA,NA,NA,"red",709,44,8,NA,NA,NA,NA,NA,NA,NA,NA,NA,NA,NA,NA,NA,NA,NA,NA,"NRL",NA
"4185",2024-06-24,"GAA",2024,2024-05-31,NA,"TM2","upper","0",NA,NA,NA,NA,NA,NA,"red",111,47,3,NA,NA,NA,NA,NA,NA,NA,NA,NA,NA,NA,NA,NA,NA,NA,NA,"NRL",NA
"4186",2024-06-24,"GAA",2024,2024-05-31,NA,"TM2","upper","0",NA,NA,NA,NA,NA,NA,"red",572,48,8,NA,NA,NA,"X",NA,NA,NA,NA,NA,NA,NA,NA,NA,NA,NA,NA,NA,NA
"4187",2024-06-24,"GAA",2024,2024-05-31,NA,"TM2","upper","1.5",NA,NA,NA,NA,NA,NA,"red",39,13,41,NA,NA,NA,"X",NA,NA,NA,NA,NA,NA,NA,NA,NA,NA,NA,NA,NA,NA
"4188",2024-06-24,"GAA",2024,2024-05-31,NA,"TM2","upper","1.5",NA,NA,NA,NA,NA,NA,"red",NA,NA,NA,NA,NA,NA,NA,NA,NA,NA,NA,NA,NA,NA,NA,NA,NA,NA,NA,"NRL",NA
"4189",2024-06-24,"GAA",2024,2024-05-31,NA,"TM2","upper","1.5",NA,NA,NA,NA,NA,NA,"red",398,45,44,NA,NA,NA,"X",NA,NA,NA,NA,NA,NA,NA,NA,NA,NA,NA,NA,NA,NA
"4190",2024-06-24,"GAA",2024,2024-05-31,NA,"TM2","upper","1.5",NA,NA,NA,NA,NA,NA,"red",142,40,41,NA,NA,NA,"X",NA,NA,NA,NA,NA,NA,NA,NA,NA,NA,NA,NA,NA,NA
"4191",2024-06-24,"GAA",2024,2024-05-31,NA,"TM2","upper","2",NA,NA,NA,NA,NA,NA,"red",598,17,6,NA,NA,NA,"X",NA,NA,NA,NA,NA,NA,NA,NA,NA,NA,NA,NA,NA,NA
"4192",2024-06-24,"GAA",2024,2024-05-31,NA,"TM2","upper","6.5",NA,NA,NA,NA,NA,NA,"red",82,33,7,NA,NA,NA,"X",NA,NA,NA,NA,NA,NA,NA,NA,NA,NA,NA,NA,NA,NA
"4193",2024-06-24,"GAA",2024,2024-05-31,NA,"TM2","upper","6.5",NA,NA,NA,NA,NA,NA,"red",49,35,12,NA,NA,NA,"X",NA,NA,NA,NA,NA,NA,NA,NA,NA,NA,NA,NA,NA,NA
"4194",2024-06-24,"GAA",2024,2024-05-31,NA,"TM2","upper","7",NA,NA,NA,NA,NA,NA,"white",74,43,5,NA,NA,NA,"X",NA,NA,NA,NA,NA,NA,NA,NA,NA,NA,NA,NA,NA,NA
"4195",2024-06-24,"GAA",2024,2024-05-31,NA,"TM2","upper","7",NA,NA,NA,NA,NA,NA,"red",65,1,6,NA,NA,NA,"X",NA,NA,NA,NA,NA,NA,NA,NA,NA,NA,NA,NA,NA,NA
"4196",2024-06-24,"GAA",2024,2024-05-31,NA,"TM2","upper","7",NA,NA,NA,NA,NA,NA,"red",45,23,7,NA,NA,NA,"X",NA,NA,NA,NA,NA,NA,NA,NA,NA,NA,NA,NA,NA,NA
"4197",2024-06-24,"GAA",2024,2024-05-31,NA,"TM2","upper","8",NA,NA,NA,NA,NA,NA,"red",235,30,30,NA,NA,NA,"X",NA,NA,NA,NA,NA,NA,NA,NA,NA,NA,NA,NA,NA,NA
"4198",2024-06-24,"GAA",2024,2024-05-31,NA,"TM2","upper","8",NA,NA,NA,NA,NA,NA,"red",148,48,2,NA,NA,NA,"X",NA,NA,NA,NA,NA,NA,NA,NA,NA,NA,NA,NA,NA,NA
"4199",2024-06-24,"GAA",2024,2024-05-31,NA,"TM2","upper","9",NA,NA,NA,NA,NA,NA,"red",30,33,14,NA,NA,NA,"X",NA,NA,NA,NA,NA,NA,NA,NA,NA,NA,NA,NA,NA,NA
"4200",2024-06-24,"GAA",2024,2024-05-31,NA,"TM2","upper","10",NA,NA,NA,NA,NA,NA,"white",78,49,31,NA,NA,NA,"X",NA,NA,NA,NA,NA,NA,NA,NA,NA,NA,NA,NA,NA,NA
"4201",2024-06-24,"GAA",2024,2024-05-31,NA,"TM2","upper","10",NA,NA,NA,NA,NA,NA,"red",92,10,27,NA,NA,NA,"X",NA,NA,NA,NA,NA,NA,NA,NA,NA,NA,NA,NA,NA,NA
"4202",2024-06-24,"GAA",2024,2024-05-31,NA,"TM2","upper","10",NA,NA,NA,NA,NA,NA,"red",571,18,28,NA,NA,NA,"X",NA,NA,NA,NA,NA,NA,NA,NA,NA,NA,NA,NA,NA,NA
"4203",2024-06-24,"GAA",2024,2024-05-31,NA,"TM2","upper","11.5",NA,NA,NA,NA,NA,NA,"white",64,24,50,NA,NA,NA,"X",NA,NA,NA,NA,NA,NA,NA,NA,NA,NA,NA,NA,NA,NA
"4204",2024-06-24,"GAA",2024,2024-05-31,NA,"TM2","upper","11.5",NA,NA,NA,NA,NA,NA,"red",394,2,18,NA,NA,NA,"X",NA,NA,NA,NA,NA,NA,NA,NA,NA,NA,NA,NA,NA,NA
"4205",2024-06-24,"GAA",2024,2024-05-31,NA,"TM2","upper","12.5",NA,NA,NA,NA,NA,NA,"red",704,15,14,NA,NA,NA,"X",NA,NA,NA,NA,NA,NA,NA,NA,NA,NA,NA,NA,NA,NA
"4206",2024-06-24,"GAA",2024,2024-05-31,NA,"TM2","upper","12.5",NA,NA,NA,NA,NA,NA,"red",777,15,20,NA,NA,NA,NA,NA,NA,NA,NA,NA,NA,NA,NA,NA,NA,NA,NA,"NRL",NA
"4207",2024-06-24,"GAA",2024,2024-05-31,NA,"TM2","upper","14",NA,NA,NA,NA,NA,NA,"red",786,46,39,NA,NA,NA,"X",NA,NA,NA,NA,NA,NA,NA,NA,NA,NA,NA,NA,NA,NA
"4208",2024-06-24,"GAA",2024,2024-05-31,NA,"TM2","upper","14.5",NA,NA,NA,NA,NA,NA,"white",67,36,26,NA,NA,NA,"X",NA,NA,NA,NA,NA,NA,NA,NA,NA,NA,NA,NA,NA,NA
"4209",2024-06-24,"GAA",2024,2024-05-31,NA,"TM2","upper","16",NA,NA,NA,NA,NA,NA,"red",859,1,50,NA,NA,NA,"X",NA,NA,NA,NA,NA,NA,NA,NA,NA,NA,NA,NA,NA,NA
"4210",2024-06-24,"GAA",2024,2024-05-31,NA,"TM2","lower","3",NA,NA,NA,NA,NA,NA,"red",780,10,15,NA,NA,NA,"X",NA,NA,NA,NA,NA,NA,NA,NA,NA,NA,NA,NA,NA,NA
"4211",2024-06-24,"GAA",2024,2024-05-31,NA,"TM2","lower","3",NA,NA,NA,NA,NA,NA,"red",229,13,15,NA,NA,NA,"X",NA,NA,NA,NA,NA,NA,NA,NA,NA,NA,NA,NA,NA,NA
"4212",2024-06-24,"GAA",2024,2024-05-31,NA,"TM2","lower","3",NA,NA,NA,NA,NA,NA,"red",286,17,12,NA,NA,NA,"X",NA,NA,NA,NA,NA,NA,NA,NA,NA,NA,NA,NA,NA,NA
"4213",2024-06-24,"GAA",2024,2024-05-31,NA,"TM2","lower","3",NA,NA,NA,NA,NA,NA,"red",12,15,19,NA,NA,NA,"X",NA,NA,NA,NA,NA,NA,NA,NA,NA,NA,NA,NA,NA,NA
"4214",2024-06-24,"GAA",2024,2024-05-31,NA,"TM2","lower","3",NA,NA,NA,NA,NA,NA,"red",584,20,30,NA,NA,NA,"X",NA,NA,NA,NA,NA,NA,NA,NA,NA,NA,NA,NA,NA,NA
"4215",2024-06-24,"GAA",2024,2024-05-31,NA,"TM2","lower","3",NA,NA,NA,NA,NA,NA,"red",299,38,14,NA,NA,NA,"X",NA,NA,NA,NA,NA,NA,NA,NA,NA,NA,NA,NA,NA,NA
"4216",2024-06-24,"GAA",2024,2024-05-31,NA,"TM2","lower","3.5",NA,NA,NA,NA,NA,NA,"red",282,6,11,NA,NA,NA,"X",NA,NA,NA,NA,NA,NA,NA,NA,NA,NA,NA,NA,NA,NA
"4217",2024-06-24,"GAA",2024,2024-05-31,NA,"TM2","lower","3.5",NA,NA,NA,NA,NA,NA,"red",867,10,5,NA,NA,NA,"X",NA,NA,NA,NA,NA,NA,NA,NA,NA,NA,NA,NA,NA,NA
"4218",2024-06-24,"GAA",2024,2024-05-31,NA,"TM2","lower","3.5",NA,NA,NA,NA,NA,NA,"red",205,18,6,NA,NA,NA,"X",NA,NA,NA,NA,NA,NA,NA,NA,NA,NA,NA,NA,NA,NA
"4219",2024-06-24,"GAA",2024,2024-05-31,NA,"TM2","lower","3.5",NA,NA,NA,NA,NA,NA,"red",856,14,17,NA,NA,NA,"X",NA,NA,NA,NA,NA,NA,NA,NA,NA,NA,NA,NA,NA,NA
"4220",2024-06-24,"GAA",2024,2024-05-31,NA,"TM2","lower","3.5",NA,NA,NA,NA,NA,NA,"red",402,49,5,NA,NA,NA,"X",NA,NA,NA,NA,NA,NA,NA,NA,NA,NA,NA,NA,NA,NA
"4221",2024-06-24,"GAA",2024,2024-05-31,NA,"TM2","lower","3.5",NA,NA,NA,NA,NA,NA,"red",276,39,3,NA,NA,NA,"X",NA,NA,NA,NA,NA,NA,NA,NA,NA,NA,NA,NA,NA,NA
"4222",2024-06-24,"GAA",2024,2024-05-31,NA,"TM2","lower","4.5",NA,NA,NA,NA,NA,NA,"red",140,16,35,NA,NA,NA,"X",NA,NA,NA,NA,NA,NA,NA,NA,NA,NA,NA,NA,NA,NA
"4223",2024-06-24,"GAA",2024,2024-05-31,NA,"TM2","lower","4.5",NA,NA,NA,NA,NA,NA,"red",123,30,25,NA,NA,NA,"X",NA,NA,NA,NA,NA,NA,NA,NA,NA,NA,NA,NA,NA,NA
"4224",2024-06-24,"GAA",2024,2024-05-31,NA,"TM2","lower","4.5",NA,NA,NA,NA,NA,NA,"red",580,45,20,NA,NA,NA,"X",NA,NA,NA,NA,NA,NA,NA,NA,NA,NA,NA,NA,NA,NA
"4225",2024-06-24,"GAA",2024,2024-05-31,NA,"TM2","lower","5",NA,NA,NA,NA,NA,NA,"red",119,40,5,NA,NA,NA,"X",NA,NA,NA,NA,NA,NA,NA,NA,NA,NA,NA,NA,NA,NA
"4226",2024-06-24,"GAA",2024,2024-05-31,NA,"TM2","lower","5",NA,NA,NA,NA,NA,NA,"red",275,23,14,NA,NA,NA,"X",NA,NA,NA,NA,NA,NA,NA,NA,NA,NA,NA,NA,NA,NA
"4227",2024-06-24,"GAA",2024,2024-05-31,NA,"TM2","lower","5",NA,NA,NA,NA,NA,NA,"red",262,35,43,NA,NA,NA,"X",NA,NA,NA,NA,NA,NA,NA,NA,NA,NA,NA,NA,NA,NA
"4228",2024-06-24,"GAA",2024,2024-05-31,NA,"TM2","lower","5",NA,NA,NA,NA,NA,NA,"red",403,45,44,NA,NA,NA,"X",NA,NA,NA,NA,NA,NA,NA,NA,NA,NA,NA,NA,NA,NA
"4229",2024-06-24,"GAA",2024,2024-05-31,NA,"TM2","lower","5",NA,NA,NA,NA,NA,NA,"red",295,45,45,NA,NA,NA,"X",NA,NA,NA,NA,NA,NA,NA,NA,NA,NA,NA,NA,NA,NA
"4230",2024-06-24,"GAA",2024,2024-05-31,NA,"TM2","lower","5",NA,NA,NA,NA,NA,NA,"red",155,18,50,NA,NA,NA,"X",NA,NA,NA,NA,NA,NA,NA,NA,NA,NA,NA,NA,NA,NA
"4231",2024-06-24,"GAA",2024,2024-05-31,NA,"TM2","lower","5.5",NA,NA,NA,NA,NA,NA,"red",240,15,49,NA,NA,NA,"X",NA,NA,NA,NA,NA,NA,NA,NA,NA,NA,NA,NA,NA,NA
"4232",2024-06-24,"GAA",2024,2024-05-31,NA,"TM2","lower","5.5",NA,NA,NA,NA,NA,NA,"red",592,29,24,NA,NA,NA,"X",NA,NA,NA,NA,NA,NA,NA,NA,NA,NA,NA,NA,NA,NA
"4233",2024-06-24,"GAA",2024,2024-05-31,NA,"TM2","lower","5.5",NA,NA,NA,NA,NA,NA,"red",206,35,44,NA,NA,NA,"X",NA,NA,NA,NA,NA,NA,NA,NA,NA,NA,NA,NA,NA,NA
"4234",2024-06-24,"GAA",2024,2024-05-31,NA,"TM2","lower","6",NA,NA,NA,NA,NA,NA,"red",225,10,12,NA,NA,NA,"X",NA,NA,NA,NA,NA,NA,NA,NA,NA,NA,NA,NA,NA,NA
"4235",2024-06-24,"GAA",2024,2024-05-31,NA,"TM2","lower","6",NA,NA,NA,NA,NA,NA,"red",279,10,21,NA,NA,NA,"X",NA,NA,NA,NA,NA,NA,NA,NA,NA,NA,NA,NA,NA,NA
"4236",2024-06-24,"GAA",2024,2024-05-31,NA,"TM2","lower","6",NA,NA,NA,NA,NA,NA,"red",277,18,14,NA,NA,NA,"X",NA,NA,NA,NA,NA,NA,NA,NA,NA,NA,NA,NA,NA,NA
"4237",2024-06-24,"GAA",2024,2024-05-31,NA,"TM2","lower","6",NA,NA,NA,NA,NA,NA,"red",157,16,22,NA,NA,NA,"X",NA,NA,NA,NA,NA,NA,NA,NA,NA,NA,NA,NA,NA,NA
"4238",2024-06-24,"GAA",2024,2024-05-31,NA,"TM2","lower","6",NA,NA,NA,NA,NA,NA,"red",595,15,18,NA,NA,NA,"X",NA,NA,NA,NA,NA,NA,NA,NA,NA,NA,NA,NA,NA,NA
"4239",2024-06-24,"GAA",2024,2024-05-31,NA,"TM2","lower","6",NA,NA,NA,NA,NA,NA,"red",885,34,37,NA,NA,NA,"X",NA,NA,NA,NA,NA,NA,NA,NA,NA,NA,NA,NA,NA,NA
"4240",2024-06-24,"GAA",2024,2024-05-31,NA,"TM2","lower","7",NA,NA,NA,NA,NA,NA,"red",245,30,38,NA,NA,NA,"X",NA,NA,NA,NA,NA,NA,NA,NA,NA,NA,NA,NA,NA,NA
"4241",2024-06-24,"GAA",2024,2024-05-31,NA,"TM2","lower","7.5",NA,NA,NA,NA,NA,NA,"red",249,NA,NA,NA,NA,NA,"X",NA,NA,NA,NA,NA,NA,NA,NA,NA,NA,NA,NA,NA,NA
"4242",2024-06-24,"GAA",2024,2024-05-31,NA,"TM2","lower","8.5",NA,NA,NA,NA,NA,NA,"red",288,40,48,NA,NA,NA,"X",NA,NA,NA,NA,NA,NA,NA,NA,NA,NA,NA,NA,NA,NA
"4243",2024-06-24,"GAA",2024,2024-05-31,NA,"TM2","lower","8.5",NA,NA,NA,NA,NA,NA,"red",32,5,30,NA,NA,NA,"X",NA,NA,NA,NA,NA,NA,NA,NA,NA,NA,NA,NA,NA,NA
"4244",2024-06-24,"GAA",2024,2024-05-31,NA,"TM2","lower","8.5",NA,NA,NA,NA,NA,NA,"red",241,2,24,NA,NA,NA,"X",NA,NA,NA,NA,NA,NA,NA,NA,NA,NA,NA,NA,NA,NA
"4245",2024-06-24,"GAA",2024,2024-05-31,NA,"TM2","lower","9.5",NA,NA,NA,NA,NA,NA,"red",564,15,25,NA,NA,NA,"X",NA,NA,NA,NA,NA,NA,NA,NA,NA,NA,NA,NA,NA,NA
"4246",2024-06-24,"GAA",2024,2024-05-31,NA,"TM2","lower","10",NA,NA,NA,NA,NA,NA,"white",904,11,44,NA,NA,NA,"X",NA,NA,NA,NA,NA,NA,NA,NA,NA,NA,NA,NA,NA,NA
"4247",2024-06-24,"GAA",2024,2024-05-31,NA,"TM2","lower","10",NA,NA,NA,NA,NA,NA,"red",138,22,42,NA,NA,NA,"X",NA,NA,NA,NA,NA,NA,NA,NA,NA,NA,NA,NA,NA,NA
"4248",2024-06-24,"GAA",2024,2024-05-31,NA,"TM2","lower","10",NA,NA,NA,NA,NA,NA,"red",144,35,14,NA,NA,NA,"X",NA,NA,NA,NA,NA,NA,NA,NA,NA,NA,NA,NA,NA,NA
"4249",2024-06-24,"GAA",2024,2024-05-31,NA,"TM2","lower","11",NA,NA,NA,NA,NA,NA,"red",234,20,46,NA,NA,NA,"X",NA,NA,NA,NA,NA,NA,NA,NA,NA,NA,NA,NA,NA,NA
"4250",2024-06-24,"GAA",2024,2024-05-31,NA,"TM2","lower","11.5",NA,NA,NA,NA,NA,NA,"red",24,22,48,NA,NA,NA,"X",NA,NA,NA,NA,NA,NA,NA,NA,NA,NA,NA,NA,NA,NA
"4251",2024-06-24,"GAA",2024,2024-05-31,NA,"TM2","lower","12.5",NA,NA,NA,NA,NA,NA,"red",67,35,40,NA,NA,NA,"X",NA,NA,NA,NA,NA,NA,NA,NA,NA,NA,NA,NA,NA,NA
"4252",2024-06-24,"GAA",2024,2024-05-31,NA,"TM2","lower","13",NA,NA,NA,NA,NA,NA,"red",63,45,49,NA,NA,NA,"X",NA,NA,NA,NA,NA,NA,NA,NA,NA,NA,NA,NA,NA,NA
"4253",2024-06-24,"GAA",2024,2024-05-31,NA,"TM2","lower","14",NA,NA,NA,NA,NA,NA,"white",NA,NA,NA,NA,NA,NA,NA,NA,NA,NA,NA,NA,NA,NA,NA,NA,NA,NA,NA,"NRL",NA
"4254",2024-06-24,"GAA",2024,2024-05-31,NA,"TM2","lower","14",NA,NA,NA,NA,NA,NA,"red",159,45,10,NA,NA,NA,"X",NA,NA,NA,NA,NA,NA,NA,NA,NA,NA,NA,NA,NA,NA
"4255",2024-06-24,"GAA",2024,2024-05-31,NA,"TM2","lower","14",NA,NA,NA,NA,NA,NA,"red",794,40,29,NA,NA,NA,"X",NA,NA,NA,NA,NA,NA,NA,NA,NA,NA,NA,NA,NA,NA
"4256",2024-06-24,"GAA",2024,2024-05-31,NA,"TM2","lower","14",NA,NA,NA,NA,NA,NA,"red",438,18,27,NA,NA,NA,"X",NA,NA,NA,NA,NA,NA,NA,NA,NA,NA,NA,NA,NA,NA
"4257",2024-06-24,"GAA",2024,2024-05-31,NA,"TM2","lower","14",NA,NA,NA,NA,NA,NA,"red",149,49,40,NA,NA,NA,"X",NA,NA,NA,NA,NA,NA,NA,NA,NA,NA,NA,NA,NA,NA
"4258",2024-06-24,"GAA",2024,2024-05-31,NA,"TM2","lower","14.5",NA,NA,NA,NA,NA,NA,"red",141,20,14,NA,NA,NA,"X",NA,NA,NA,NA,NA,NA,NA,NA,NA,NA,NA,NA,NA,NA
"4259",2024-06-24,"GAA",2024,2024-05-31,NA,"TM2","lower","14.5",NA,NA,NA,NA,NA,NA,"red",596,15,15,NA,NA,NA,"X",NA,NA,NA,NA,NA,NA,NA,NA,NA,NA,NA,NA,NA,NA
"4260",2024-06-24,"GAA",2024,2024-05-31,NA,"TM2","lower","15",NA,NA,NA,NA,NA,NA,"red",243,35,20,NA,NA,NA,"X",NA,NA,NA,NA,NA,NA,NA,NA,NA,NA,NA,NA,NA,NA
"4261",2024-06-24,"GAA",2024,2024-05-31,NA,"TM2","lower","15",NA,NA,NA,NA,NA,NA,"red",208,10,43,NA,NA,NA,"X",NA,NA,NA,NA,NA,NA,NA,NA,NA,NA,NA,NA,NA,NA
"4262",2024-06-24,"GAA",2024,2024-05-31,NA,"TM2","lower","15",NA,NA,NA,NA,NA,NA,"red",200,3,32,NA,NA,NA,"X",NA,NA,NA,NA,NA,NA,NA,NA,NA,NA,NA,NA,NA,NA
"4263",2024-06-24,"GAA",2024,2024-05-31,NA,"TM2","lower","15",NA,NA,NA,NA,NA,NA,"red",570,10,25,NA,NA,NA,"X",NA,NA,NA,NA,NA,NA,NA,NA,NA,NA,NA,NA,NA,NA
"4264",2024-06-24,"GAA",2024,2024-05-31,NA,"TM2","lower","15",NA,NA,NA,NA,NA,NA,"red",273,8,20,NA,NA,NA,"X",NA,NA,NA,NA,NA,NA,NA,NA,NA,NA,NA,NA,NA,NA
"4265",2024-06-24,"GAA",2024,2024-05-31,NA,"TM2","lower","15.5",NA,NA,NA,NA,NA,NA,"red",146,40,25,NA,NA,NA,"X",NA,NA,NA,NA,NA,NA,NA,NA,NA,NA,NA,NA,NA,NA
"4266",2024-06-24,"GAA",2024,2024-05-31,NA,"TM2","lower","15.5",NA,NA,NA,NA,NA,NA,"red",263,5,27,NA,NA,NA,"X",NA,NA,NA,NA,NA,NA,NA,NA,NA,NA,NA,NA,NA,NA
"4267",2024-06-24,"GAA",2024,2024-05-31,NA,"TM2","lower","16",NA,NA,NA,NA,NA,NA,"red",239,19,13,NA,NA,NA,NA,NA,NA,NA,NA,NA,NA,NA,NA,NA,NA,NA,NA,"NRL",NA
"4268",2024-06-24,"GAA",2024,2024-05-31,NA,"TM2","lower","16",NA,NA,NA,NA,NA,NA,"red",147,18,14,NA,NA,NA,NA,NA,NA,NA,NA,NA,NA,NA,NA,NA,NA,NA,NA,"NRL",NA
"4269",2024-06-24,"GAA",2024,2024-05-31,NA,"TM2","lower","16",NA,NA,NA,NA,NA,NA,"red",107,32,23,NA,NA,NA,"X",NA,NA,NA,NA,NA,NA,NA,NA,NA,NA,NA,NA,NA,NA
"4270",2024-06-24,"GAA",2024,2024-05-31,NA,"TM2","lower","16",NA,NA,NA,NA,NA,NA,"red",868,27,33,NA,NA,NA,"X",NA,NA,NA,NA,NA,NA,NA,NA,NA,NA,NA,NA,NA,NA
"4271",2024-06-24,"GAA",2024,2024-05-31,NA,"TM2","lower","16",NA,NA,NA,NA,NA,NA,"red",120,0,40,NA,NA,NA,"X",NA,NA,NA,NA,NA,NA,NA,NA,NA,NA,NA,NA,NA,NA
"4272",2024-06-24,"GAA",2024,2024-05-31,NA,"TM2","lower","16",NA,NA,NA,NA,NA,NA,"red",433,24,41,NA,NA,NA,"X",NA,NA,NA,NA,NA,NA,NA,NA,NA,NA,NA,NA,NA,NA
"4273",2024-06-24,"GAA",2024,2024-05-31,NA,"TM2","lower","16.5",NA,NA,NA,NA,NA,NA,"red",860,37,24,NA,NA,NA,"X",NA,NA,NA,NA,NA,NA,NA,NA,NA,NA,NA,NA,NA,NA
"4274",2024-06-24,"GAA",2024,2024-05-31,NA,"TM2","lower","16.5",NA,NA,NA,NA,NA,NA,"red",100,29,27,NA,NA,NA,"X",NA,NA,NA,NA,NA,NA,NA,NA,NA,NA,NA,NA,NA,NA
"4275",2024-06-24,"GAA",2024,2024-05-31,NA,"TM2","lower","16.5",NA,NA,NA,NA,NA,NA,"red",858,7,28,NA,NA,NA,"X",NA,NA,NA,NA,NA,NA,NA,NA,NA,NA,NA,NA,NA,NA
"4276",2024-06-24,"GAA",2024,2024-05-31,NA,"TM2","lower","16.5",NA,NA,NA,NA,NA,NA,"red",134,45,46,NA,NA,NA,"X",NA,NA,NA,NA,NA,NA,NA,NA,NA,NA,NA,NA,NA,NA
"4277",2024-06-24,"GAA",2024,2024-05-31,NA,"TM2","lower","16.5",NA,NA,NA,NA,NA,NA,"red",130,16,49,NA,NA,NA,"X",NA,NA,NA,NA,NA,NA,NA,NA,NA,NA,NA,NA,NA,NA
"4278",2024-06-24,"GAA",2024,2024-05-31,NA,"TM2","lower","17",NA,NA,NA,NA,NA,NA,"red",268,12,32,NA,NA,NA,"X",NA,NA,NA,NA,NA,NA,NA,NA,NA,NA,NA,NA,NA,NA
"4279",2024-06-24,"GAA",2024,2024-05-31,NA,"TM2","lower","17",NA,NA,NA,NA,NA,NA,"red",778,34,48,NA,NA,NA,"X",NA,NA,NA,NA,NA,NA,NA,NA,NA,NA,NA,NA,NA,NA
"4280",2024-06-24,"GAA",2024,2024-05-31,NA,"TM2","lower","17.5",NA,NA,NA,NA,NA,NA,"red",159,8,23,NA,NA,NA,"X",NA,NA,NA,NA,NA,NA,NA,NA,NA,NA,NA,NA,NA,NA
"4281",2024-06-24,"GAA",2024,2024-05-31,NA,"TM2","lower","17.5",NA,NA,NA,NA,NA,NA,"red",18,7,28,NA,NA,NA,"X",NA,NA,NA,NA,NA,NA,NA,NA,NA,NA,NA,NA,NA,NA
"4282",2024-06-24,"GAA",2024,2024-05-31,NA,"TM2","lower","17.5",NA,NA,NA,NA,NA,NA,"red",124,35,40,NA,NA,NA,"X",NA,NA,NA,NA,NA,NA,NA,NA,NA,NA,NA,NA,NA,NA
"4283",2024-06-24,"GAA",2024,2024-05-31,NA,"TM2","lower","17.5",NA,NA,NA,NA,NA,NA,"red",136,30,48,NA,NA,NA,"X",NA,NA,NA,NA,NA,NA,NA,NA,NA,NA,NA,NA,NA,NA
"4284",2024-06-24,"GAA",2024,2024-05-31,NA,"TM2","lower","18.5",NA,NA,NA,NA,NA,NA,"white",897,39,34,NA,NA,NA,"X",NA,NA,NA,NA,NA,NA,NA,NA,NA,NA,NA,NA,NA,NA
"4285",2024-06-24,"GAA",2024,2024-05-31,NA,"TM2","lower","18.5",NA,NA,NA,NA,NA,NA,"red",121,15,40,NA,NA,NA,NA,NA,NA,NA,NA,NA,NA,NA,NA,NA,NA,NA,NA,"NRL",NA
"4286",2024-06-24,"GAA",2024,2024-05-31,NA,"TM2","seep","0.5L",NA,NA,NA,NA,NA,NA,"red",793,27,36,NA,NA,NA,"X",NA,NA,NA,NA,NA,NA,NA,NA,NA,NA,NA,NA,NA,NA
"4287",2024-06-24,"GAA",2024,2024-05-31,NA,"TM2","seep","0.5L",NA,NA,NA,NA,NA,NA,"red",435,46,25,NA,NA,NA,"X",NA,NA,NA,NA,NA,NA,NA,NA,NA,NA,NA,NA,NA,NA
"4288",2024-06-24,"GAA",2024,2024-05-31,NA,"TM2","seep","0.5L",NA,NA,NA,NA,NA,NA,"red",293,45,33,NA,NA,NA,"X",NA,NA,NA,NA,NA,NA,NA,NA,NA,NA,NA,NA,NA,NA
"4289",2024-06-24,"GAA",2024,2024-05-31,NA,"TM2","seep","0.5L",NA,NA,NA,NA,NA,NA,"red",436,50,47,NA,NA,NA,"X",NA,NA,NA,NA,NA,NA,NA,NA,NA,NA,NA,NA,NA,NA
"4290",2024-06-24,"GAA",2024,2024-05-31,NA,"TM2","seep","1L",NA,NA,NA,NA,NA,NA,"red",127,10,12,NA,NA,NA,NA,NA,NA,NA,NA,NA,NA,NA,NA,NA,NA,NA,NA,"NRL",NA
"4291",2024-06-24,"GAA",2024,2024-05-31,NA,"TM2","seep","1L",NA,NA,NA,NA,NA,NA,"red",784,13,35,NA,NA,NA,"X",NA,NA,NA,NA,NA,NA,NA,NA,NA,NA,NA,NA,NA,NA
"4292",2024-06-24,"GAA",2024,2024-05-31,NA,"TM2","seep","1.5L",NA,NA,NA,NA,NA,NA,"red",109,55,42,NA,NA,NA,"X",NA,NA,NA,NA,NA,NA,NA,NA,NA,NA,NA,NA,NA,NA
"4293",2024-06-24,"GAA",2024,2024-05-31,NA,"TM2","seep","1.5L",NA,NA,NA,NA,NA,NA,"red",855,24,21,NA,NA,NA,"X",NA,NA,NA,NA,NA,NA,NA,NA,NA,NA,NA,NA,NA,NA
"4294",2024-06-24,"GAA",2024,2024-05-31,NA,"TM2","seep","1.5L",NA,NA,NA,NA,NA,NA,"red",106,24,41,NA,NA,NA,"X",NA,NA,NA,NA,NA,NA,NA,NA,NA,NA,NA,NA,NA,NA
"4295",2024-06-24,"GAA",2024,2024-05-31,NA,"TM2","seep","1.5L",NA,NA,NA,NA,NA,NA,"red",285,83,36,NA,NA,NA,"X",NA,NA,NA,NA,NA,NA,NA,NA,NA,NA,NA,NA,NA,NA
"4296",2024-06-24,"GAA",2024,2024-05-31,NA,"TM2","seep","1.5L",NA,NA,NA,NA,NA,NA,"red",3,24,49,NA,NA,NA,"X",NA,NA,NA,NA,NA,NA,NA,NA,NA,NA,NA,NA,NA,NA
"4297",2024-06-24,"GAA",2024,2024-05-31,NA,"TM2","seep","2L",NA,NA,NA,NA,NA,NA,"red",233,33,26,NA,NA,NA,"X",NA,NA,NA,NA,NA,NA,NA,NA,NA,NA,NA,NA,NA,NA
"4298",2024-06-24,"GAA",2024,2024-05-31,NA,"TM2","seep","2L",NA,NA,NA,NA,NA,NA,"red",865,30,30,NA,NA,NA,"X",NA,NA,NA,NA,NA,NA,NA,NA,NA,NA,NA,NA,NA,NA
"4299",2024-06-24,"GAA",2024,2024-05-31,NA,"TM2","seep","2L",NA,NA,NA,NA,NA,NA,"red",853,10,32,NA,NA,NA,"X",NA,NA,NA,NA,NA,NA,NA,NA,NA,NA,NA,NA,NA,NA
"4300",2024-06-24,"GAA",2024,2024-05-31,NA,"TM2","seep","2.5L",NA,NA,NA,NA,NA,NA,"red",706,10,10,NA,NA,NA,"X",NA,NA,NA,NA,NA,NA,NA,NA,NA,NA,NA,NA,NA,NA
"4301",2024-06-24,"GAA",2024,2024-05-31,NA,"TM2","seep","2.5L",NA,NA,NA,NA,NA,NA,"red",13,28,6,NA,NA,NA,"X",NA,NA,NA,NA,NA,NA,NA,NA,NA,NA,NA,NA,NA,NA
"4302",2024-06-24,"GAA",2024,2024-05-31,NA,"TM2","seep","2.5L",NA,NA,NA,NA,NA,NA,"red",294,44,16,NA,NA,NA,"X",NA,NA,NA,NA,NA,NA,NA,NA,NA,NA,NA,NA,NA,NA
"4303",2024-06-24,"GAA",2024,2024-05-31,NA,"TM2","seep","2.5L",NA,NA,NA,NA,NA,NA,"red",87,30,43,NA,NA,NA,"X",NA,NA,NA,NA,NA,NA,NA,NA,NA,NA,NA,NA,NA,NA
"4304",2024-06-24,"GAA",2024,2024-05-31,NA,"TM2","seep","2.5L",NA,NA,NA,NA,NA,NA,"red",36,30,44,NA,NA,NA,"X",NA,NA,NA,NA,NA,NA,NA,NA,NA,NA,NA,NA,NA,NA
"4305",2024-06-24,"GAA",2024,2024-05-31,NA,"TM2","seep","2.5L",NA,NA,NA,NA,NA,NA,"red",139,30,45,NA,NA,NA,"X",NA,NA,NA,NA,NA,NA,NA,NA,NA,NA,NA,NA,NA,NA
"4306",2024-06-24,"GAA",2024,2024-05-31,NA,"TM2","seep","2.5L",NA,NA,NA,NA,NA,NA,"red",399,47,44,NA,NA,NA,"X",NA,NA,NA,NA,NA,NA,NA,NA,NA,NA,NA,NA,NA,NA
"4307",2024-06-24,"GAA",2024,2024-05-31,NA,"TM2","seep","2.5L",NA,NA,NA,NA,NA,NA,"red",95,50,43,NA,NA,NA,"X",NA,NA,NA,NA,NA,NA,NA,NA,NA,NA,NA,NA,NA,NA
"4308",2024-06-24,"GAA",2024,2024-05-31,NA,"TM2","seep","3L",NA,NA,NA,NA,NA,NA,"red",29,20,34,NA,NA,NA,NA,NA,NA,NA,NA,NA,NA,NA,NA,NA,NA,NA,NA,"NRL",NA
"4309",2024-06-24,"GAA",2024,2024-05-31,NA,"TM2","seep","3.5L",NA,NA,NA,NA,NA,NA,"red",776,30,12,NA,NA,NA,NA,NA,NA,NA,NA,NA,NA,NA,NA,NA,NA,NA,NA,"NRL",NA
"4310",2024-06-24,"GAA",2024,2024-05-31,NA,"TM2","seep","3.5L",NA,NA,NA,NA,NA,NA,"red",563,33,14,NA,NA,NA,"X",NA,NA,NA,NA,NA,NA,NA,NA,NA,NA,NA,NA,NA,NA
"4311",2024-06-24,"GAA",2024,2024-05-31,NA,"TM2","seep","3.5L",NA,NA,NA,NA,NA,NA,"red",246,40,13,NA,NA,NA,NA,NA,NA,NA,NA,NA,NA,NA,NA,NA,NA,NA,NA,"NRL",NA
"4312",2024-06-24,"GAA",2024,2024-05-31,NA,"TM2","seep","4L",NA,NA,NA,NA,NA,NA,"red",248,1,6,NA,NA,NA,"X",NA,NA,NA,NA,NA,NA,NA,NA,NA,NA,NA,NA,NA,NA
"4313",2024-06-24,"GAA",2024,2024-05-31,NA,"TM2","seep","4.5L",NA,NA,NA,NA,NA,NA,"red",75,17,9,NA,NA,NA,"X",NA,NA,NA,NA,NA,NA,NA,NA,NA,NA,NA,NA,NA,NA
"4314",2024-06-24,"GAA",2024,2024-05-31,NA,"TM2","seep","4.5L",NA,NA,NA,NA,NA,NA,"red",16,12,10,NA,NA,NA,"X",NA,NA,NA,NA,NA,NA,NA,NA,NA,NA,NA,NA,NA,NA
"4315",2024-06-24,"GAA",2024,2024-05-31,NA,"TM2","seep","4.5L",NA,NA,NA,NA,NA,NA,"red",158,8,5,NA,NA,NA,"X",NA,NA,NA,NA,NA,NA,NA,NA,NA,NA,NA,NA,NA,NA
"4316",2024-06-24,"GAA",2024,2024-05-31,NA,"TM2","seep","5L",NA,NA,NA,NA,NA,NA,"red",22,25,25,NA,NA,NA,"X",NA,NA,NA,NA,NA,NA,NA,NA,NA,NA,NA,NA,NA,NA
"4317",2024-06-24,"GAA",2024,2024-05-31,NA,"TM2","seep","5L",NA,NA,NA,NA,NA,NA,"red",284,28,16,NA,NA,NA,"X",NA,NA,NA,NA,NA,NA,NA,NA,NA,NA,NA,NA,NA,NA
"4318",2024-06-24,"GAA",2024,2024-05-31,NA,"TM2","seep","5L",NA,NA,NA,NA,NA,NA,"red",26,35,10,NA,NA,NA,"X",NA,NA,NA,NA,NA,NA,NA,NA,NA,NA,NA,NA,NA,NA
"4319",2024-06-24,"GAA",2024,2024-05-31,NA,"TM2","seep","5L",NA,NA,NA,NA,NA,NA,"red",568,36,16,NA,NA,NA,"X",NA,NA,NA,NA,NA,NA,NA,NA,NA,NA,NA,NA,NA,NA
"4320",2024-06-24,"GAA",2024,2024-05-31,NA,"TM2","seep","5L",NA,NA,NA,NA,NA,NA,"red",220,40,9,NA,NA,NA,"X",NA,NA,NA,NA,NA,NA,NA,NA,NA,NA,NA,NA,NA,NA
"4321",2024-06-24,"GAA",2024,2024-05-31,NA,"TM2","seep","5L",NA,NA,NA,NA,NA,NA,"red",14,35,17,NA,NA,NA,"X",NA,NA,NA,NA,NA,NA,NA,NA,NA,NA,NA,NA,NA,NA
"4322",2024-06-24,"GAA",2024,2024-05-31,NA,"TM2","seep","11L",NA,NA,NA,NA,NA,NA,"red",103,43,4,NA,NA,NA,"X",NA,NA,NA,NA,NA,NA,NA,NA,NA,NA,NA,NA,NA,NA
"4323",2024-06-24,"GAA",2024,2024-05-31,NA,"TM2","seep","11L",NA,NA,NA,NA,NA,NA,"red",287,45,4,NA,NA,NA,"X",NA,NA,NA,NA,NA,NA,NA,NA,NA,NA,NA,NA,NA,NA
"4324",2024-06-24,"GAA",2024,2024-05-31,NA,"TM2","seep","11.5L",NA,NA,NA,NA,NA,NA,"red",850,1,25,NA,NA,NA,"X",NA,NA,NA,NA,NA,NA,NA,NA,NA,NA,NA,NA,NA,NA
"4325",2024-06-24,"GAA",2024,2024-05-31,NA,"TM2","seep","11.5L",NA,NA,NA,NA,NA,NA,"red",150,5,5,NA,NA,NA,"X",NA,NA,NA,NA,NA,NA,NA,NA,NA,NA,NA,NA,NA,NA
"4326",2024-06-24,"GAA",2024,2024-05-31,NA,"TM2","seep","11.5L",NA,NA,NA,NA,NA,NA,"red",115,5,10,NA,NA,NA,"X",NA,NA,NA,NA,NA,NA,NA,NA,NA,NA,NA,NA,"113 entered as 115",NA
"4327",2024-06-24,"GAA",2024,2024-05-31,NA,"TM2","seep","11.5L",NA,NA,NA,NA,NA,NA,"red",231,8,5,NA,NA,NA,"X",NA,NA,NA,NA,NA,NA,NA,NA,NA,NA,NA,NA,NA,NA
"4328",2024-06-24,"GAA",2024,2024-05-31,NA,"TM2","seep","11.5L",NA,NA,NA,NA,NA,NA,"red",783,15,23,NA,NA,NA,"X",NA,NA,NA,NA,NA,NA,NA,NA,NA,NA,NA,NA,NA,NA
"4329",2024-06-24,"GAA",2024,2024-05-31,NA,"TM2","seep","11.5L",NA,NA,NA,NA,NA,NA,"red",72,10,12,NA,NA,NA,"X",NA,NA,NA,NA,NA,NA,NA,NA,NA,NA,NA,NA,NA,NA
"4330",2024-06-24,"GAA",2024,2024-05-31,NA,"TM2","seep","11.5L",NA,NA,NA,NA,NA,NA,"red",77,25,23,NA,NA,NA,"X",NA,NA,NA,NA,NA,NA,NA,NA,NA,NA,NA,NA,NA,NA
"4331",2024-06-24,"GAA",2024,2024-05-31,NA,"TM2","seep","11.5L",NA,NA,NA,NA,NA,NA,"red",267,28,18,NA,NA,NA,"X",NA,NA,NA,NA,NA,NA,NA,NA,NA,NA,NA,NA,NA,NA
"4332",2024-06-24,"GAA",2024,2024-05-31,NA,"TM2","seep","11.5L",NA,NA,NA,NA,NA,NA,"red",583,19,15,NA,NA,NA,"X",NA,NA,NA,NA,NA,NA,NA,NA,NA,NA,NA,NA,NA,NA
"4333",2024-06-24,"GAA",2024,2024-05-31,NA,"TM2","seep","11.5L",NA,NA,NA,NA,NA,NA,"red",599,15,24,NA,NA,NA,"X",NA,NA,NA,NA,NA,NA,NA,NA,NA,NA,NA,NA,NA,NA
"4334",2024-06-24,"GAA",2024,2024-05-31,NA,"TM2","seep","11.5L",NA,NA,NA,NA,NA,NA,"red",201,30,48,NA,NA,NA,"X",NA,NA,NA,NA,NA,NA,NA,NA,NA,NA,NA,NA,NA,NA
"4335",2024-06-24,"GAA",2024,2024-05-31,NA,"TM2","seep","11.5L",NA,NA,NA,NA,NA,NA,"red",230,30,43,NA,NA,NA,"X",NA,NA,NA,NA,NA,NA,NA,NA,NA,NA,NA,NA,NA,NA
"4336",2024-06-24,"GAA",2024,2024-05-31,NA,"TM2","outcrop",NA,NA,NA,NA,NA,NA,NA,"white",14,NA,NA,NA,NA,NA,"X",NA,NA,NA,NA,NA,NA,NA,NA,NA,NA,NA,NA,NA,NA
"4337",2024-06-24,"GAA",2024,2024-05-31,NA,"TM2","outcrop",NA,NA,NA,NA,NA,NA,NA,"white",44,NA,NA,NA,NA,NA,"X",NA,NA,NA,NA,NA,NA,NA,NA,NA,NA,NA,NA,NA,NA
"4338",2024-06-24,"GAA",2024,2024-05-31,NA,"TM2","outcrop",NA,NA,NA,NA,NA,NA,NA,"white",22,NA,NA,NA,NA,NA,"X",NA,NA,NA,NA,NA,NA,NA,NA,NA,NA,NA,NA,NA,NA
"4339",2024-06-24,"GAA",2024,2024-05-31,NA,"TM2","outcrop",NA,NA,NA,NA,NA,NA,NA,"white",34,NA,NA,NA,NA,NA,"X",NA,NA,NA,NA,NA,NA,NA,NA,NA,NA,NA,NA,NA,NA
"4340",2024-06-24,"GAA",2024,2024-05-31,NA,"TM2","outcrop",NA,NA,NA,NA,NA,NA,NA,"white",911,NA,NA,NA,NA,NA,"X",NA,NA,NA,NA,NA,NA,NA,NA,NA,NA,NA,NA,NA,NA
"4341",2024-06-24,"GAA",2024,2024-05-31,NA,"TM2","outcrop",NA,NA,NA,NA,NA,NA,NA,"white",63,NA,NA,NA,NA,NA,"X",NA,NA,NA,NA,NA,NA,NA,NA,NA,NA,NA,NA,NA,NA
"4342",2024-06-24,"GAA",2024,2024-05-31,NA,"TM2","outcrop",NA,NA,NA,NA,NA,NA,NA,"white",98,NA,NA,NA,NA,NA,"X",NA,NA,NA,NA,NA,NA,NA,NA,NA,NA,NA,NA,NA,NA
"4343",2024-06-24,"GAA",2024,2024-05-31,NA,"TM2","outcrop",NA,NA,NA,NA,NA,NA,NA,"white",83,NA,NA,NA,NA,NA,"X",NA,NA,NA,NA,NA,NA,NA,NA,NA,NA,NA,NA,NA,NA
"4344",2024-06-24,"GAA",2024,2024-05-31,NA,"TM2","outcrop",NA,NA,NA,NA,NA,NA,NA,"white",17,NA,NA,NA,NA,NA,"X",NA,NA,NA,NA,NA,NA,NA,NA,NA,NA,NA,NA,NA,NA
"4345",2024-06-24,"GAA",2024,2024-05-31,NA,"TM2","outcrop",NA,NA,NA,NA,NA,NA,NA,"white",48,NA,NA,NA,NA,NA,"X",NA,NA,NA,NA,NA,NA,NA,NA,NA,NA,NA,NA,NA,NA
"4346",2024-06-24,"GAA",2024,2024-05-31,NA,"TM2","outcrop",NA,NA,NA,NA,NA,NA,NA,"white",53,NA,NA,NA,NA,NA,"X",NA,NA,NA,NA,NA,NA,NA,NA,NA,NA,NA,NA,NA,NA
"4347",2024-06-24,"GAA",2024,2024-05-31,NA,"TM2","outcrop",NA,NA,NA,NA,NA,NA,NA,"red",437,NA,NA,NA,NA,NA,NA,NA,NA,NA,NA,NA,NA,NA,NA,NA,NA,NA,NA,"dead stem and live in ring; live plant looks this year",NA
"4348",2024-06-24,"GAA",2024,2024-05-31,NA,"TM2","outcrop",NA,NA,NA,NA,NA,NA,NA,"red",222,NA,NA,NA,NA,NA,"X",NA,NA,NA,NA,NA,NA,NA,NA,NA,NA,NA,NA,NA,NA
"4349",2024-06-24,"GAA",2024,2024-05-31,NA,"TM2","outcrop",NA,NA,NA,NA,NA,NA,NA,"red",266,NA,NA,NA,NA,NA,NA,NA,NA,NA,NA,NA,NA,NA,NA,NA,NA,NA,NA,NA,NA
"4350",2024-06-24,"GAA",2024,2024-05-31,NA,"TM2","outcrop",NA,NA,NA,NA,NA,NA,NA,"red",80,NA,NA,NA,NA,NA,"X",NA,NA,NA,NA,NA,NA,NA,NA,NA,NA,NA,NA,NA,NA
"4351",2024-06-24,"GAA",2024,2024-05-31,NA,"TM2","outcrop",NA,NA,NA,NA,NA,NA,NA,"red",597,NA,NA,NA,NA,NA,"X",NA,NA,NA,NA,NA,NA,NA,NA,NA,NA,NA,NA,NA,NA
"4352",2024-06-24,"GAA",2024,2024-05-31,NA,"TM2","outcrop",NA,NA,NA,NA,NA,NA,NA,"red",78,NA,NA,NA,NA,NA,"X",NA,NA,NA,NA,NA,NA,NA,NA,NA,NA,NA,NA,NA,NA
"4353",2024-06-24,"GAA",2024,2024-05-31,NA,"TM2","outcrop",NA,NA,NA,NA,NA,NA,NA,"red",395,NA,NA,NA,NA,NA,"X",NA,NA,NA,NA,NA,NA,NA,NA,NA,NA,NA,NA,NA,NA
"4354",2024-06-24,"GAA",2024,2024-05-31,NA,"TM2","outcrop",NA,NA,NA,NA,NA,NA,NA,"red",569,NA,NA,NA,NA,NA,"X",NA,NA,NA,NA,NA,NA,NA,NA,NA,NA,NA,NA,NA,NA
"4355",2024-06-24,"GAA",2024,2024-05-31,NA,"TM2","outcrop",NA,NA,NA,NA,NA,NA,NA,"red",41,NA,NA,NA,NA,NA,NA,NA,NA,NA,NA,NA,NA,NA,NA,NA,NA,NA,NA,NA,NA
"4356",2024-06-24,"GAA",2024,2024-05-31,NA,"TM2","outcrop",NA,NA,NA,NA,NA,NA,NA,"red",62,NA,NA,NA,NA,NA,"X",NA,NA,NA,NA,NA,NA,NA,NA,NA,NA,NA,NA,"live and dead plant in same ring; plant looks this year",NA
"4357",2024-06-24,"GAA",2024,2024-05-31,NA,"TM2","outcrop",NA,NA,NA,NA,NA,NA,NA,"red",89,NA,NA,NA,NA,NA,"X",NA,NA,NA,NA,NA,NA,NA,NA,NA,NA,NA,NA,NA,NA
"4358",2024-06-24,"GAA",2024,2024-05-31,NA,"TM2","outcrop",NA,NA,NA,NA,NA,NA,NA,"red",258,NA,NA,NA,NA,NA,"X",NA,NA,NA,NA,NA,NA,NA,NA,NA,NA,NA,NA,NA,NA
"4359",2024-06-24,"GAA",2024,2024-05-31,NA,"TM2","outcrop",NA,NA,NA,NA,NA,NA,NA,"red",40,NA,NA,NA,NA,NA,"X",NA,NA,NA,NA,NA,NA,NA,NA,NA,NA,NA,NA,NA,NA
"4360",2024-06-24,"GAA",2024,2024-05-31,NA,"TM2","outcrop",NA,NA,NA,NA,NA,NA,NA,"red",423,NA,NA,NA,NA,NA,"X",NA,NA,NA,NA,NA,NA,NA,NA,NA,NA,NA,NA,NA,NA
"4361",2024-06-24,"GAA",2024,2024-05-31,NA,"TM2","outcrop",NA,NA,NA,NA,NA,NA,NA,"red",60,NA,NA,NA,NA,NA,"X",NA,NA,NA,NA,NA,NA,NA,NA,NA,NA,NA,NA,NA,NA
"4362",2024-06-24,"GAA",2024,2024-05-31,NA,"TM2","outcrop",NA,NA,NA,NA,NA,NA,NA,"red",33,NA,NA,NA,NA,NA,"X",NA,NA,NA,NA,NA,NA,NA,NA,NA,NA,NA,NA,NA,NA
"4363",2024-06-24,"GAA",2024,2024-05-31,NA,"TM2","outcrop",NA,NA,NA,NA,NA,NA,NA,"red",1521,NA,NA,NA,NA,NA,"X",NA,NA,NA,NA,NA,NA,NA,NA,NA,NA,NA,NA,"as 152?",NA
"4364",2024-06-24,"GAA",2024,2024-05-31,NA,"TM2","outcrop",NA,NA,NA,NA,NA,NA,NA,"red",39,NA,NA,NA,NA,NA,NA,NA,NA,NA,NA,NA,NA,NA,NA,NA,NA,NA,NA,NA,NA
"4365",2024-06-24,"GAA",2024,2024-05-31,NA,"TM2","outcrop",NA,NA,NA,NA,NA,NA,NA,"red",226,NA,NA,NA,NA,NA,"X",NA,NA,NA,NA,NA,NA,NA,NA,NA,NA,NA,NA,NA,NA
"4366",2024-06-24,"GAA",2024,2024-05-31,NA,"TM2","outcrop",NA,NA,NA,NA,NA,NA,NA,"red",202,NA,NA,NA,NA,NA,"X",NA,NA,NA,NA,NA,NA,NA,NA,NA,NA,NA,NA,NA,NA
