"Date_entered","Entered_by","Census_year","Census_date","Collected_by","Site","Transect_plot","Quad","Tag","2018tag","2019tag","Pick_color","Sword_color","Band","Band_color","Band_num","Xcoord","Ycoord","Stem_diam_mm","Height_cm","Canopy_width_cm","Phenology","Num_flowers","Num_fruits","Longest_fruit_cm","Num_repro_branches","Num_total_branches","Longest_leaf_cm","Herbivory","Category_herbivory","Leaf_thickness_mm","Buds","Year_marked","Num_leaves","Notes","Stem_diam_mm_UFA"
NA,NA,2016,NA,NA,"TM2","lower","0","n",NA,NA,NA,NA,NA,NA,NA,NA,NA,NA,NA,NA,NA,NA,NA,NA,NA,NA,NA,NA,NA,NA,NA,NA,NA,"nothing",NA
NA,NA,2016,NA,NA,"TM2","lower","0.5","n",NA,NA,NA,NA,NA,NA,NA,NA,NA,NA,NA,NA,NA,NA,NA,NA,NA,NA,NA,NA,NA,NA,NA,NA,NA,"nothing",NA
NA,NA,2016,NA,NA,"TM2","lower","1","n",NA,NA,NA,NA,NA,NA,NA,NA,NA,NA,NA,NA,NA,NA,NA,NA,NA,NA,NA,NA,NA,NA,NA,NA,NA,"nothing",NA
NA,NA,2016,NA,NA,"TM2","lower","1.5","n",NA,NA,NA,NA,NA,NA,NA,NA,NA,NA,NA,NA,NA,NA,NA,NA,NA,NA,NA,NA,NA,NA,NA,NA,NA,"nothing",NA
NA,NA,2016,NA,NA,"TM2","lower","2","n",NA,NA,NA,NA,NA,NA,NA,NA,NA,NA,NA,NA,NA,NA,NA,NA,NA,NA,NA,NA,NA,NA,NA,NA,NA,"nothing",NA
NA,NA,2016,NA,NA,"TM2","lower","2.5","n",NA,NA,NA,NA,NA,NA,NA,NA,NA,NA,NA,NA,NA,NA,NA,NA,NA,NA,NA,NA,NA,NA,NA,NA,NA,"nothing",NA
NA,NA,2016,NA,NA,"TM2","lower","3","n",NA,NA,NA,NA,NA,NA,NA,NA,NA,NA,NA,NA,NA,NA,NA,NA,NA,NA,NA,NA,NA,NA,NA,NA,NA,"nothing",NA
NA,NA,2016,NA,NA,"TM2","lower","3.5","n",NA,NA,NA,NA,NA,NA,NA,50,5,"1.9","30.0",6.4,"F","7.0","4.0",6.5,NA,NA,NA,"N",NA,NA,NA,NA,NA,NA,1.9
NA,NA,2016,NA,NA,"TM2","lower","4","n",NA,NA,NA,NA,NA,NA,NA,NA,NA,NA,NA,NA,NA,NA,NA,NA,NA,NA,NA,NA,NA,NA,NA,NA,NA,"nothing",NA
NA,NA,2016,NA,NA,"TM2","lower","4.5","n",NA,NA,NA,NA,NA,NA,NA,15,7,"9.24","40.0",59,"F","47.0","91.0",9,NA,NA,NA,"N",NA,NA,NA,NA,NA,NA,9.24
NA,NA,2016,NA,NA,"TM2","lower","5","n",NA,NA,NA,NA,NA,NA,NA,NA,NA,NA,NA,NA,NA,NA,NA,NA,NA,NA,NA,NA,NA,NA,NA,NA,NA,"nothing",NA
NA,NA,2016,NA,NA,"TM2","lower","5.5","n",NA,NA,NA,NA,NA,NA,NA,26,11,"13.1","51.0",35,"P","17.0","64.0",7.4,NA,NA,NA,"N",NA,NA,NA,NA,NA,NA,13.1
NA,NA,2016,NA,NA,"TM2","lower","6","n",NA,NA,NA,NA,NA,NA,NA,9,13,"2.5","7.5",1.9,"V",NA,NA,NA,NA,NA,NA,"N",NA,NA,NA,NA,NA,NA,2.5
NA,NA,2016,NA,NA,"TM2","lower","6","n",NA,NA,NA,NA,NA,NA,NA,0,0,"7.0","55.0",23,"P","0.0","0.0",0,NA,NA,NA,"N",NA,NA,NA,NA,NA,NA,7
NA,NA,2016,NA,NA,"TM2","lower","6","n",NA,NA,NA,NA,NA,NA,NA,37,10,"1.7","14.4",2.6,"P","0.0","2.0",NA,NA,NA,NA,"N",NA,NA,NA,NA,NA,"no data on longest silique",1.7
NA,NA,2016,NA,NA,"TM2","lower","6.5","n",NA,NA,NA,NA,NA,NA,NA,14,14,"2.2","28.5",10,"P","0.0","7.0",6.5,NA,NA,NA,"N",NA,NA,NA,NA,NA,NA,2.2
NA,NA,2016,NA,NA,"TM2","lower","6.5","n",NA,NA,NA,NA,NA,NA,NA,39,13.5,"0.99","8.5",1.5,"B",NA,NA,NA,NA,NA,NA,"N",NA,NA,NA,NA,NA,"buds are dead",0.5
NA,NA,2016,NA,NA,"TM2","lower","7","n",NA,NA,NA,NA,NA,NA,NA,9,13,"0.86","19.0",4,"P","0.0","2.0",4,NA,NA,NA,"N",NA,NA,NA,NA,NA,NA,0.5
NA,NA,2016,NA,NA,"TM2","lower","7","n",NA,NA,NA,NA,NA,NA,NA,29.5,0,"1.34","17.0",0.75,"P","0.0","0.0",0,NA,NA,NA,"N",NA,NA,NA,NA,NA,NA,1.34
NA,NA,2016,NA,NA,"TM2","lower","7","n",NA,NA,NA,NA,NA,NA,NA,35,0,"1.21","16.0",0.75,"P","0.0","0.0",0,NA,NA,NA,"N",NA,NA,NA,NA,NA,NA,1.21
NA,NA,2016,NA,NA,"TM2","lower","7","n",NA,NA,NA,NA,NA,NA,NA,35,18,"1.35","24.5",7.5,"P","0.0","4.0",6,NA,NA,NA,"N",NA,NA,NA,NA,NA,"broken stem",1.35
NA,NA,2016,NA,NA,"TM2","lower","7.5","n",NA,NA,NA,NA,NA,NA,NA,4,16,"1.63","24.5",5,"X","0.0","3.0",5,NA,NA,NA,"N",NA,NA,NA,NA,NA,NA,1.63
NA,NA,2016,NA,NA,"TM2","lower","7.5","n",NA,NA,NA,NA,NA,NA,NA,15,12,"0.13","5.0",1,"B",NA,NA,NA,NA,NA,NA,"Y",NA,NA,NA,NA,NA,NA,0.5
NA,NA,2016,NA,NA,"TM2","lower","7.5","n",NA,NA,NA,NA,NA,NA,NA,16,6.5,"1.03","3.0",1.5,"V",NA,NA,NA,NA,NA,NA,"Y",NA,NA,NA,NA,NA,NA,1.03
NA,NA,2016,NA,NA,"TM2","lower","8","n",NA,NA,NA,NA,NA,NA,NA,NA,NA,NA,NA,NA,NA,NA,NA,NA,NA,NA,NA,NA,NA,NA,NA,NA,NA,"two that look dead from this year",NA
NA,NA,2016,NA,NA,"TM2","lower","8.5","n",NA,NA,NA,NA,NA,NA,NA,5,13,"1.1","1.5",7.9,"B",NA,NA,NA,NA,NA,NA,"N",NA,NA,NA,NA,NA,"not going to flower",1.1
NA,NA,2016,NA,NA,"TM2","lower","9","n",NA,NA,NA,NA,NA,NA,NA,NA,NA,NA,NA,NA,NA,NA,NA,NA,NA,NA,NA,NA,NA,NA,NA,NA,NA,"nothing",NA
NA,NA,2016,NA,NA,"TM2","lower","9.5","n",NA,NA,NA,NA,NA,NA,NA,NA,NA,NA,NA,NA,NA,NA,NA,NA,NA,NA,NA,NA,NA,NA,NA,NA,NA,"nothing",NA
NA,NA,2016,NA,NA,"TM2","lower","10","n",NA,NA,NA,NA,NA,NA,NA,45,13,"0.33","3.0",0.5,"V",NA,NA,NA,NA,NA,NA,"N",NA,NA,NA,NA,NA,NA,0.5
NA,NA,2016,NA,NA,"TM2","lower","10.5","n",NA,NA,NA,NA,NA,NA,NA,NA,NA,NA,NA,NA,NA,NA,NA,NA,NA,NA,NA,NA,NA,NA,NA,NA,NA,"nothing",NA
NA,NA,2016,NA,NA,"TM2","lower","11","n",NA,NA,NA,NA,NA,NA,NA,NA,NA,NA,NA,NA,NA,NA,NA,NA,NA,NA,NA,NA,NA,NA,NA,NA,NA,"nothing",NA
NA,NA,2016,NA,NA,"TM2","lower","11.5","n",NA,NA,NA,NA,NA,NA,NA,NA,NA,NA,NA,NA,NA,NA,NA,NA,NA,NA,NA,NA,NA,NA,NA,NA,NA,"nothing",NA
NA,NA,2016,NA,NA,"TM2","lower","12","n",NA,NA,NA,NA,NA,NA,NA,NA,NA,NA,NA,NA,NA,NA,NA,NA,NA,NA,NA,NA,NA,NA,NA,NA,NA,"nothing",NA
NA,NA,2016,NA,NA,"TM2","lower","12.5","n",NA,NA,NA,NA,NA,NA,NA,9,0,"1.19","9.0",3.5,"P","0.0","0.0",0,NA,NA,NA,"N",NA,NA,NA,NA,NA,NA,1.19
NA,NA,2016,NA,NA,"TM2","lower","13","n",NA,NA,NA,NA,NA,NA,NA,NA,NA,NA,NA,NA,NA,NA,NA,NA,NA,NA,NA,NA,NA,NA,NA,NA,NA,"nothing",NA
NA,NA,2016,NA,NA,"TM2","lower","13.5","n",NA,NA,NA,NA,NA,NA,NA,9,10,"0.9","13.0",2.3,"S","0.0","2.0",1.8,NA,NA,NA,"N",NA,NA,NA,NA,NA,NA,0.5
NA,NA,2016,NA,NA,"TM2","lower","13.5","n",NA,NA,NA,NA,NA,NA,NA,43,5,"0.9","2.9",0.9,"V",NA,NA,NA,NA,NA,NA,"N",NA,NA,NA,NA,NA,NA,0.5
NA,NA,2016,NA,NA,"TM2","lower","14.5","n",NA,NA,NA,NA,NA,NA,NA,NA,NA,NA,NA,NA,NA,NA,NA,NA,NA,NA,NA,NA,NA,NA,NA,NA,NA,"four dead from this year",NA
NA,NA,2016,NA,NA,"TM2","lower","14.5","n",NA,NA,NA,NA,NA,NA,NA,18,6,"1.11","7.0",0.5,"B",NA,NA,NA,NA,NA,NA,"N",NA,NA,NA,NA,NA,NA,1.11
NA,NA,2016,NA,NA,"TM2","lower","14.5","n",NA,NA,NA,NA,NA,NA,NA,31,8,"1.05","15.5",1,"P","0.0","0.0",0,NA,NA,NA,"N",NA,NA,NA,NA,NA,NA,1.05
NA,NA,2016,NA,NA,"TM2","lower","14.5","n",NA,NA,NA,NA,NA,NA,NA,37,9,"0.96","3.0",1,"V",NA,NA,NA,NA,NA,NA,"N",NA,NA,NA,NA,NA,NA,0.5
NA,NA,2016,NA,NA,"TM2","lower","14.5","n",NA,NA,NA,NA,NA,NA,NA,48,14,"0.8","3.5",0.5,"V",NA,NA,NA,NA,NA,NA,"N",NA,NA,NA,NA,NA,NA,0.5
NA,NA,2016,NA,NA,"TM2","lower","14.5","n",NA,NA,NA,NA,NA,NA,NA,50,14.5,"1.71","4.5",0.9,"V",NA,NA,NA,NA,NA,NA,"N",NA,NA,NA,NA,NA,NA,1.71
NA,NA,2016,NA,NA,"TM2","lower","15","n",NA,NA,NA,NA,NA,NA,NA,0,0,"1.37","17.0",1.5,"P","0.0","0.0",0,NA,NA,NA,"N",NA,NA,NA,NA,NA,"broken stem",1.37
NA,NA,2016,NA,NA,"TM2","lower","15","n",NA,NA,NA,NA,NA,NA,NA,9,16,"1.2","9.5",1.1,"B",NA,NA,NA,NA,NA,NA,"N",NA,NA,NA,NA,NA,NA,1.2
NA,NA,2016,NA,NA,"TM2","lower","15","n",NA,NA,NA,NA,NA,NA,NA,17,18,"1.08","16.5",1.5,"B",NA,NA,NA,NA,NA,NA,"N",NA,NA,NA,NA,NA,NA,1.08
NA,NA,2016,NA,NA,"TM2","lower","15","n",NA,NA,NA,NA,NA,NA,NA,19,19,"0.56","3.5",1,"V",NA,NA,NA,NA,NA,NA,"N",NA,NA,NA,NA,NA,NA,0.5
NA,NA,2016,NA,NA,"TM2","lower","15","n",NA,NA,NA,NA,NA,NA,NA,22,20,"0.49","3.0",0.6,"V",NA,NA,NA,NA,NA,NA,"N",NA,NA,NA,NA,NA,NA,0.5
NA,NA,2016,NA,NA,"TM2","lower","15","n",NA,NA,NA,NA,NA,NA,NA,33,10,"0.69","4.5",0.3,"V",NA,NA,NA,NA,NA,NA,"N",NA,NA,NA,NA,NA,NA,0.5
NA,NA,2016,NA,NA,"TM2","lower","15","n",NA,NA,NA,NA,NA,NA,NA,33.5,9,"1.56","15.5",2.5,"P","0.0","2.0",2.4,NA,NA,NA,"N",NA,NA,NA,NA,NA,NA,1.56
NA,NA,2016,NA,NA,"TM2","lower","15","n",NA,NA,NA,NA,NA,NA,NA,42,4,"0.4","5.0",0.5,"V",NA,NA,NA,NA,NA,NA,"N",NA,NA,NA,NA,NA,NA,0.5
NA,NA,2016,NA,NA,"TM2","lower","15","n",NA,NA,NA,NA,NA,NA,NA,43,7,"0.61","4.5",7,"V",NA,NA,NA,NA,NA,NA,"N",NA,NA,NA,NA,NA,NA,0.5
NA,NA,2016,NA,NA,"TM2","lower","15","n",NA,NA,NA,NA,NA,NA,NA,37,14,"0.42","3.5",0.5,"V",NA,NA,NA,NA,NA,NA,"N",NA,NA,NA,NA,NA,NA,0.5
NA,NA,2016,NA,NA,"TM2","lower","15","n",NA,NA,NA,NA,NA,NA,NA,36,16,"1.21","11.0",1.8,"V",NA,NA,NA,NA,NA,NA,"N",NA,NA,NA,NA,NA,NA,1.21
NA,NA,2016,NA,NA,"TM2","lower","15","n",NA,NA,NA,NA,NA,NA,NA,40,20,"0.97","4.5",1,"V",NA,NA,NA,NA,NA,NA,"N",NA,NA,NA,NA,NA,NA,0.5
NA,NA,2016,NA,NA,"TM2","lower","15","n",NA,NA,NA,NA,NA,NA,NA,44,16.5,"1.26","11.5",2,"B",NA,NA,NA,NA,NA,NA,"N",NA,NA,NA,NA,NA,NA,1.26
NA,NA,2016,NA,NA,"TM2","lower","15","n",NA,NA,NA,NA,NA,NA,NA,43,20,"1.18","16.0",1.3,"P","0.0","0.0",0,NA,NA,NA,"N",NA,NA,NA,NA,NA,NA,1.18
NA,NA,2016,NA,NA,"TM2","lower","15","n",NA,NA,NA,NA,NA,NA,NA,44,9,"0.71","3.5",0.6,"V",NA,NA,NA,NA,NA,NA,"N",NA,NA,NA,NA,NA,NA,0.5
NA,NA,2016,NA,NA,"TM2","lower","15","n",NA,NA,NA,NA,NA,NA,NA,45,12,"0.53","4.2",1,"V",NA,NA,NA,NA,NA,NA,"N",NA,NA,NA,NA,NA,NA,0.5
NA,NA,2016,NA,NA,"TM2","lower","15","n",NA,NA,NA,NA,NA,NA,NA,49,12,"1.12","7.0",0.9,"V",NA,NA,NA,NA,NA,NA,"N",NA,NA,NA,NA,NA,NA,1.12
NA,NA,2016,NA,NA,"TM2","lower","15.5","n",NA,NA,NA,NA,NA,NA,NA,3,4,"1.1","8.5",0.6,"P","0.0","0.0",0,NA,NA,NA,"N",NA,NA,NA,NA,NA,NA,1.1
NA,NA,2016,NA,NA,"TM2","lower","15.5","n",NA,NA,NA,NA,NA,NA,NA,4,14,"1.1","13.2",1.6,"S","0.0","0.0",0,NA,NA,NA,"N",NA,NA,NA,NA,NA,NA,1.1
NA,NA,2016,NA,NA,"TM2","lower","15.5","n",NA,NA,NA,NA,NA,NA,NA,1,17,"0.9","2.4",1,"V",NA,NA,NA,NA,NA,NA,"N",NA,NA,NA,NA,NA,NA,0.5
NA,NA,2016,NA,NA,"TM2","lower","15.5","n",NA,NA,NA,NA,NA,NA,NA,3,18,"0.9","6.5",1.4,"V",NA,NA,NA,NA,NA,NA,"N",NA,NA,NA,NA,NA,NA,0.5
NA,NA,2016,NA,NA,"TM2","lower","15.5","n",NA,NA,NA,NA,NA,NA,NA,6,14,"1.1","13.0",2.4,"B",NA,NA,NA,NA,NA,NA,"N",NA,NA,NA,NA,NA,"buds are dead",1.1
NA,NA,2016,NA,NA,"TM2","lower","15.5","n",NA,NA,NA,NA,NA,NA,NA,8,14,"1.4","17.0",1.3,"P","0.0","1.0",0.4,NA,NA,NA,"N",NA,NA,NA,NA,NA,"pod probably won't have seed",1.4
NA,NA,2016,NA,NA,"TM2","lower","15.5","n",NA,NA,NA,NA,NA,NA,NA,8,14,"0.7","6.5",0.7,"V",NA,NA,NA,NA,NA,NA,"N",NA,NA,NA,NA,NA,NA,0.5
NA,NA,2016,NA,NA,"TM2","lower","15.5","n",NA,NA,NA,NA,NA,NA,NA,50,14.5,"1.71","4.5",0.9,"V",NA,NA,NA,NA,NA,NA,"N",NA,NA,NA,NA,NA,NA,1.71
NA,NA,2016,NA,NA,"TM2","lower","15.5","n",NA,NA,NA,NA,NA,NA,NA,17,15,"0.8","8.4",1.1,"B",NA,NA,NA,NA,NA,NA,"N",NA,NA,NA,NA,NA,"probably won't be anything",0.5
NA,NA,2016,NA,NA,"TM2","lower","15.5","n",NA,NA,NA,NA,NA,NA,NA,23,12,"0.9","4.8",0.7,"B",NA,NA,NA,NA,NA,NA,"N",NA,NA,NA,NA,NA,"1 bud",0.5
NA,NA,2016,NA,NA,"TM2","lower","15.5","n",NA,NA,NA,NA,NA,NA,NA,27,19,"1.3","5.1",1.1,"V",NA,NA,NA,NA,NA,NA,"N",NA,NA,NA,NA,NA,NA,1.3
NA,NA,2016,NA,NA,"TM2","lower","15.5","n",NA,NA,NA,NA,NA,NA,NA,2,34,"0.6","3.4",1,"B",NA,NA,NA,NA,NA,NA,"N",NA,NA,NA,NA,NA,NA,0.5
NA,NA,2016,NA,NA,"TM2","lower","15.5","n",NA,NA,NA,NA,NA,NA,NA,9,16,"1.2","9.5",1.1,"B",NA,NA,NA,NA,NA,NA,"N",NA,NA,NA,NA,NA,NA,1.2
NA,NA,2016,NA,NA,"TM2","lower","15.5","n",NA,NA,NA,NA,NA,NA,NA,12,27,"1.4","13.0",2.5,"P","0.0","1.0",3.2,NA,NA,NA,"N",NA,NA,NA,NA,NA,NA,1.4
NA,NA,2016,NA,NA,"TM2","lower","16","n",NA,NA,NA,NA,NA,NA,NA,6,20,"0.68","11.0",1.5,"F","1.0","1.0",1,NA,NA,NA,"N",NA,NA,NA,NA,NA,NA,0.5
NA,NA,2016,NA,NA,"TM2","lower","16","n",NA,NA,NA,NA,NA,NA,NA,13,7,"1.44","8.0",2.5,"B",NA,NA,NA,NA,NA,NA,"N",NA,NA,NA,NA,NA,NA,1.44
NA,NA,2016,NA,NA,"TM2","lower","16","n",NA,NA,NA,NA,NA,NA,NA,12,15,"0.77","5.5",1.5,"V",NA,NA,NA,NA,NA,NA,"N",NA,NA,NA,NA,NA,NA,0.5
NA,NA,2016,NA,NA,"TM2","lower","16","n",NA,NA,NA,NA,NA,NA,NA,14.5,5,"0.78","10.0",0.5,"P","0.0","0.0",0,NA,NA,NA,"N",NA,NA,NA,NA,NA,NA,0.5
NA,NA,2016,NA,NA,"TM2","lower","16","n",NA,NA,NA,NA,NA,NA,NA,8,4,"1.9","26.0",6.5,"P","0.0","1.0",3,NA,NA,NA,"N",NA,NA,NA,NA,NA,NA,1.9
NA,NA,2016,NA,NA,"TM2","lower","16","n",NA,NA,NA,NA,NA,NA,NA,38,14,"1.16","7.5",0.6,"B",NA,NA,NA,NA,NA,NA,"N",NA,NA,NA,NA,NA,"buds are dead",1.16
NA,NA,2016,NA,NA,"TM2","lower","16","n",NA,NA,NA,NA,NA,NA,NA,44,15,"1.25","17.0",7,"P","0.0","4.0",5.5,NA,NA,NA,"N",NA,NA,NA,NA,NA,NA,1.25
NA,NA,2016,NA,NA,"TM2","lower","16","n",NA,NA,NA,NA,NA,NA,NA,50,11,"1.93","30.0",11,"P","0.0","9.0",7,NA,NA,NA,"N",NA,NA,NA,NA,NA,NA,1.93
NA,NA,2016,NA,NA,"TM2","lower","16","n",NA,NA,NA,NA,NA,NA,NA,20,19.5,"1.24","15.0",4,"P","0.0","1.0",5,NA,NA,NA,"N",NA,NA,NA,NA,NA,NA,1.24
NA,NA,2016,NA,NA,"TM2","lower","16.5","n",NA,NA,NA,NA,NA,NA,NA,1,12,"2.3","29.0",9,"P","0.0","9.0",7,NA,NA,NA,"N",NA,NA,NA,NA,NA,NA,2.3
NA,NA,2016,NA,NA,"TM2","lower","16.5","n",NA,NA,NA,NA,NA,NA,NA,20,12,"0.8","20.0",3,"P","0.0","1.0",3.5,NA,NA,NA,"N",NA,NA,NA,NA,NA,NA,0.5
NA,NA,2016,NA,NA,"TM2","lower","16.5","n",NA,NA,NA,NA,NA,NA,NA,25,21,"1.75","22.0",5,"P","0.0","2.0",4.5,NA,NA,NA,"N",NA,NA,NA,NA,NA,"broken stem",1.75
NA,NA,2016,NA,NA,"TM2","lower","16.5","n",NA,NA,NA,NA,NA,NA,NA,28,16.5,"1.17","13.0",4,"P","0.0","2.0",5,NA,NA,NA,"N",NA,NA,NA,NA,NA,NA,1.17
NA,NA,2016,NA,NA,"TM2","lower","16.5","n",NA,NA,NA,NA,NA,NA,NA,37,12,"1.87","24.0",7,"P","0.0","3.0",4.5,NA,NA,NA,"N",NA,NA,NA,NA,NA,NA,1.87
NA,NA,2016,NA,NA,"TM2","lower","16.5","n",NA,NA,NA,NA,NA,NA,NA,42,12,"1.13","11.0",1.2,"P","0.0","0.0",0,NA,NA,NA,"N",NA,NA,NA,NA,NA,NA,1.13
NA,NA,2016,NA,NA,"TM2","lower","16.5","n",NA,NA,NA,NA,NA,NA,NA,44,11,"1.66","17.5",3.5,"P","0.0","4.0",5.5,NA,NA,NA,"N",NA,NA,NA,NA,NA,"broken stem",1.66
NA,NA,2016,NA,NA,"TM2","lower","17","n",NA,NA,NA,NA,NA,NA,NA,4,15,"1.7","14.0",4.5,"P","0.0","3.0",7.3,NA,NA,NA,"N",NA,NA,NA,NA,NA,NA,1.7
NA,NA,2016,NA,NA,"TM2","lower","17","n",NA,NA,NA,NA,NA,NA,NA,6,19,"1.7","29.0",8,"P","0.0","3.0",5.5,NA,NA,NA,"N",NA,NA,NA,NA,NA,"branched/forked",1.7
NA,NA,2016,NA,NA,"TM2","lower","17.5","n",NA,NA,NA,NA,NA,NA,NA,4,5,"1.4","19.0",3.5,"P","0.0","1.0",3.5,NA,NA,NA,"N",NA,NA,NA,NA,NA,NA,1.4
NA,NA,2016,NA,NA,"TM2","lower","17.5","n",NA,NA,NA,NA,NA,NA,NA,9,8,"3.1","30.0",8.1,"P","0.0","11.0",5.2,NA,NA,NA,"N",NA,NA,NA,NA,NA,NA,3.1
NA,NA,2016,NA,NA,"TM2","lower","17.5","n",NA,NA,NA,NA,NA,NA,NA,11,2,"2.4","24.0",12,"P","0.0","6.0",6.8,NA,NA,NA,"N",NA,NA,NA,NA,NA,"branched/forked",2.4
NA,NA,2016,NA,NA,"TM2","lower","17.5","n",NA,NA,NA,NA,NA,NA,NA,19,7,"2.5","29.5",6,"P","0.0","4.0",7.2,NA,NA,NA,"N",NA,NA,NA,NA,NA,NA,2.5
NA,NA,2016,NA,NA,"TM2","lower","17.5","n",NA,NA,NA,NA,NA,NA,NA,31,6,"2.4","30.2",12,"P","2.0","9.0",7.8,NA,NA,NA,"N",NA,NA,NA,NA,NA,NA,2.4
NA,NA,2016,NA,NA,"TM2","lower","17.5","n",NA,NA,NA,NA,NA,NA,NA,33,8,"1.5","22.0",3,"P","0.0","3.0",5.5,NA,NA,NA,"N",NA,NA,NA,NA,NA,NA,1.5
NA,NA,2016,NA,NA,"TM2","lower","17.5","n",NA,NA,NA,NA,NA,NA,NA,35,2,"1.2","7.4",0.8,"V",NA,NA,NA,NA,NA,NA,"N",NA,NA,NA,NA,NA,NA,1.2
NA,NA,2016,NA,NA,"TM2","lower","17.5","n",NA,NA,NA,NA,NA,NA,NA,33,7,"1.42","12.0",5.9,"P","0.0","2.0",3.5,NA,NA,NA,"N",NA,NA,NA,NA,NA,"2 buds",1.42
NA,NA,2016,NA,NA,"TM2","lower","17.5","n",NA,NA,NA,NA,NA,NA,NA,39,6,"2.2","25.0",2.1,"P","0.0","6.0",5.5,NA,NA,NA,"N",NA,NA,NA,NA,NA,"branched/forked",2.2
NA,NA,2016,NA,NA,"TM2","lower","17.5","n",NA,NA,NA,NA,NA,NA,NA,50,0,"2.5","33.0",11,"P","6.0","7.9",0,NA,NA,NA,"N",NA,NA,NA,NA,NA,NA,2.5
NA,NA,2016,NA,NA,"TM2","lower","17.5","n",NA,NA,NA,NA,NA,NA,NA,45,15,"1.8","26.0",5.4,"P","0.0","2.0",4.9,NA,NA,NA,"N",NA,NA,NA,NA,NA,NA,1.8
NA,NA,2016,NA,NA,"TM2","lower","18","n",NA,NA,NA,NA,NA,NA,NA,3,8.5,"1.16","18.0",3.5,"P","0.0","3.0",4,NA,NA,NA,"N",NA,NA,NA,NA,NA,NA,1.16
NA,NA,2016,NA,NA,"TM2","lower","18.5","n",NA,NA,NA,NA,NA,NA,NA,12,20,"1.2","24.5",6,"P","0.0","3.0",5.5,NA,NA,NA,"N",NA,NA,NA,NA,NA,NA,1.2
NA,NA,2016,NA,NA,"TM2","lower","18.5","n",NA,NA,NA,NA,NA,NA,NA,45,10,"0.97","5.0",1,"B",NA,NA,NA,NA,NA,NA,"N",NA,NA,NA,NA,NA,NA,0.5
NA,NA,2016,NA,NA,"TM2","upper","0","n",NA,NA,NA,NA,NA,NA,NA,18,3,"1.09","16.5",NA,"P","0.0","2.0",5.2,NA,NA,NA,"Y",NA,NA,NA,NA,NA,NA,1.09
NA,NA,2016,NA,NA,"TM2","upper","0.5","n",NA,NA,NA,NA,NA,NA,NA,33,3,"0.91","15.7",NA,"P","0.0","0.0",4,NA,NA,NA,"Y",NA,NA,NA,NA,NA,"slight herbivory",0.5
NA,NA,2016,NA,NA,"TM2","upper","0.5","n",NA,NA,NA,NA,NA,NA,NA,47,15,"0.81","10.1",NA,"V",NA,NA,NA,NA,NA,NA,"Y",NA,NA,NA,NA,NA,NA,0.5
NA,NA,2016,NA,NA,"TM2","upper","0.5","n",NA,NA,NA,NA,NA,NA,NA,48,18,"0.5","6.5",NA,"V",NA,NA,NA,NA,NA,NA,"Y",NA,NA,NA,NA,NA,NA,0.5
NA,NA,2016,NA,NA,"TM2","upper","1","n",NA,NA,NA,NA,NA,NA,NA,31,12,"0.88","5.5",NA,"V",NA,NA,NA,NA,NA,NA,"Y",NA,NA,NA,NA,NA,NA,0.5
NA,NA,2016,NA,NA,"TM2","upper","1","n",NA,NA,NA,NA,NA,NA,NA,36.5,1.5,"1.11","11.0",NA,"V",NA,NA,NA,NA,NA,NA,"Y",NA,NA,NA,NA,NA,NA,1.11
NA,NA,2016,NA,NA,"TM2","upper","1","n",NA,NA,NA,NA,NA,NA,NA,44,16,"0.63","2.5",NA,"V",NA,NA,NA,NA,NA,NA,"Y",NA,NA,NA,NA,NA,NA,0.5
NA,NA,2016,NA,NA,"TM2","upper","1","n",NA,NA,NA,NA,NA,NA,NA,46.5,14,"0.87","8.6",NA,"B",NA,NA,NA,NA,NA,NA,"Y",NA,NA,NA,NA,NA,NA,0.5
NA,NA,2016,NA,NA,"TM2","upper","1","n",NA,NA,NA,NA,NA,NA,NA,43,15,"0.79","2.8",NA,"V",NA,NA,NA,NA,NA,NA,"Y",NA,NA,NA,NA,NA,NA,0.5
NA,NA,2016,NA,NA,"TM2","upper","1","n",NA,NA,NA,NA,NA,NA,NA,46,17,"0.68","8.5",NA,"B",NA,NA,NA,NA,NA,NA,"Y",NA,NA,NA,NA,NA,NA,0.5
NA,NA,2016,NA,NA,"TM2","upper","1.5","n",NA,NA,NA,NA,NA,NA,NA,21,12,"0.74","10.0",NA,"P","0.0","1.0",2.5,NA,NA,NA,"?",NA,NA,NA,NA,NA,NA,0.5
NA,NA,2016,NA,NA,"TM2","upper","1.5","n",NA,NA,NA,NA,NA,NA,NA,31,35,"1.06","18.5",NA,"P","0.0","2.0",5.6,NA,NA,NA,"?",NA,NA,NA,NA,NA,NA,1.06
NA,NA,2016,NA,NA,"TM2","upper","1.5","n",NA,NA,NA,NA,NA,NA,NA,39,15,"0.81","8.4",NA,"V",NA,NA,NA,NA,NA,NA,"Y",NA,NA,NA,NA,NA,NA,0.5
NA,NA,2016,NA,NA,"TM2","upper","1.5","n",NA,NA,NA,NA,NA,NA,NA,32,15,"~1","6.0",1,"V",NA,NA,NA,NA,NA,NA,"Y",NA,NA,NA,NA,NA,NA,0.5
NA,NA,2016,NA,NA,"TM2","upper","1.5","n",NA,NA,NA,NA,NA,NA,NA,NA,NA,"~1","22.5",1,"V",NA,NA,NA,NA,NA,NA,"Y",NA,NA,NA,NA,NA,NA,0.5
NA,NA,2016,NA,NA,"TM2","upper","1.5","n",NA,NA,NA,NA,NA,NA,NA,NA,NA,"~1","4.8",1,"V",NA,NA,NA,NA,NA,NA,"Y",NA,NA,NA,NA,NA,NA,0.5
NA,NA,2016,NA,NA,"TM2","upper","1.5","n",NA,NA,NA,NA,NA,NA,NA,NA,NA,"~1","11.5",1,"P","0.0","2.0",3,NA,NA,NA,"Y",NA,NA,NA,NA,NA,NA,0.5
NA,NA,2016,NA,NA,"TM2","upper","1.5","n",NA,NA,NA,NA,NA,NA,NA,NA,NA,"~1","17.6",1,"P","0.0","1.0",4.5,NA,NA,NA,"?",NA,NA,NA,NA,NA,NA,0.5
NA,NA,2016,NA,NA,"TM2","upper","1.5","n",NA,NA,NA,NA,NA,NA,NA,NA,NA,"~1","4.5",1,"V",NA,NA,NA,NA,NA,NA,"Y",NA,NA,NA,NA,NA,NA,0.5
NA,NA,2016,NA,NA,"TM2","upper","1.5","n",NA,NA,NA,NA,NA,NA,NA,NA,NA,"~1","10.7",1,"P","0.0","1.0",3.9,NA,NA,NA,"?",NA,NA,NA,NA,NA,NA,0.5
NA,NA,2016,NA,NA,"TM2","upper","1.5","n",NA,NA,NA,NA,NA,NA,NA,NA,NA,"~1","8.0",1,"V",NA,NA,NA,NA,NA,NA,"Y",NA,NA,NA,NA,NA,NA,0.5
NA,NA,2016,NA,NA,"TM2","upper","1.5","n",NA,NA,NA,NA,NA,NA,NA,NA,NA,"~1","4.3",1,"P","0.0","2.0",3.2,NA,NA,NA,"?",NA,NA,NA,NA,NA,NA,0.5
NA,NA,2016,NA,NA,"TM2","upper","2","n",NA,NA,NA,NA,NA,NA,NA,NA,NA,"~1","17.2",1,"P","0.0","1.0",4.5,NA,NA,NA,"Y",NA,NA,NA,NA,NA,NA,0.5
NA,NA,2016,NA,NA,"TM2","upper","2","n",NA,NA,NA,NA,NA,NA,NA,NA,NA,"~1","4.2",1,"V",NA,NA,NA,NA,NA,NA,"Y",NA,NA,NA,NA,NA,NA,0.5
NA,NA,2016,NA,NA,"TM2","upper","2","n",NA,NA,NA,NA,NA,NA,NA,NA,NA,"~1","6.2",1,"V",NA,NA,NA,NA,NA,NA,"Y",NA,NA,NA,NA,NA,NA,0.5
NA,NA,2016,NA,NA,"TM2","upper","2","n",NA,NA,NA,NA,NA,NA,NA,NA,NA,"~1","13.3",1,"B",NA,NA,NA,NA,NA,NA,"Y",NA,NA,NA,NA,NA,NA,0.5
NA,NA,2016,NA,NA,"TM2","upper","2","n",NA,NA,NA,NA,NA,NA,NA,NA,NA,"~1","9.0",1,"P","0.0","1.0",3.7,NA,NA,NA,"Y",NA,NA,NA,NA,NA,NA,0.5
NA,NA,2016,NA,NA,"TM2","upper","2","n",NA,NA,NA,NA,NA,NA,NA,NA,NA,"~1","12.5",1,"P","0.0","2.0",4.2,NA,NA,NA,"?",NA,NA,NA,NA,NA,NA,0.5
NA,NA,2016,NA,NA,"TM2","upper","2","n",NA,NA,NA,NA,NA,NA,NA,NA,NA,"~1","14.9",1,"P","0.0","2.0",2.8,NA,NA,NA,"?",NA,NA,NA,NA,NA,NA,0.5
NA,NA,2016,NA,NA,"TM2","upper","2","n",NA,NA,NA,NA,NA,NA,NA,NA,NA,"1.2","23.4",1,"P","0.0","2.0",4.5,NA,NA,NA,"Y",NA,NA,NA,NA,NA,NA,1.2
NA,NA,2016,NA,NA,"TM2","upper","2.5","n",NA,NA,NA,NA,NA,NA,NA,NA,NA,"~1","12.5",1,"P","0.0","1.0",5.1,NA,NA,NA,"?",NA,NA,NA,NA,NA,NA,0.5
NA,NA,2016,NA,NA,"TM2","upper","2.5","n",NA,NA,NA,NA,NA,NA,NA,NA,NA,"~1","12.5",1,"P","0.0","1.0",3.7,NA,NA,NA,"Y",NA,NA,NA,NA,NA,NA,0.5
NA,NA,2016,NA,NA,"TM2","upper","2.5","n",NA,NA,NA,NA,NA,NA,NA,NA,NA,"~1","8.8",1,"P","0.0","2.0",2.3,NA,NA,NA,"Y",NA,NA,NA,NA,NA,NA,0.5
NA,NA,2016,NA,NA,"TM2","upper","2.5","n",NA,NA,NA,NA,NA,NA,NA,NA,NA,"~1","10.5",1,"P","0.0","1.0",3.9,NA,NA,NA,"Y",NA,NA,NA,NA,NA,NA,0.5
NA,NA,2016,NA,NA,"TM2","upper","2.5","n",NA,NA,NA,NA,NA,NA,NA,NA,NA,"~1","11.9",1,"S","0.0","1.0",2.1,NA,NA,NA,"N",NA,NA,NA,NA,NA,NA,0.5
NA,NA,2016,NA,NA,"TM2","upper","2.5","n",NA,NA,NA,NA,NA,NA,NA,NA,NA,"~1","10.5",1,"S","0.0","0.0",0,NA,NA,NA,"N",NA,NA,NA,NA,NA,NA,0.5
NA,NA,2016,NA,NA,"TM2","upper","6","n",NA,NA,NA,NA,NA,NA,NA,NA,NA,"~1","18.3",1,"P","0.0","2.0",5.5,NA,NA,NA,"Y",NA,NA,NA,NA,NA,NA,0.5
NA,NA,2016,NA,NA,"TM2","upper","6","n",NA,NA,NA,NA,NA,NA,NA,NA,NA,"~1","8.5",1,"P","0.0","1.0",2.2,NA,NA,NA,"N",NA,NA,NA,NA,NA,NA,0.5
NA,NA,2016,NA,NA,"TM2","upper","6.5","n",NA,NA,NA,NA,NA,NA,NA,NA,NA,"~1","8.4",1,"P","0.0","1.0",2.5,NA,NA,NA,"Y",NA,NA,NA,NA,NA,NA,0.5
NA,NA,2016,NA,NA,"TM2","upper","6.5","n",NA,NA,NA,NA,NA,NA,NA,NA,NA,"~1","7.2",1,"S","0.0","1.0",1.2,NA,NA,NA,"N",NA,NA,NA,NA,NA,NA,0.5
NA,NA,2016,NA,NA,"TM2","upper","6.5","n",NA,NA,NA,NA,NA,NA,NA,NA,NA,"~1","9.9",1,"P","0.0","1.0",2.9,NA,NA,NA,"N",NA,NA,NA,NA,NA,NA,0.5
NA,NA,2016,NA,NA,"TM2","upper","6.5","n",NA,NA,NA,NA,NA,NA,NA,NA,NA,"~1","15.4",1,"P","0.0","1.0",4.3,NA,NA,NA,"Y",NA,NA,NA,NA,NA,NA,0.5
NA,NA,2016,NA,NA,"TM2","upper","7","y",NA,NA,NA,NA,NA,NA,NA,NA,NA,"~1","6.4",1,"P","0.0","1.0",2.5,NA,NA,NA,"Y",NA,NA,NA,NA,NA,NA,0.5
NA,NA,2016,NA,NA,"TM2","upper","7","y",NA,NA,NA,NA,NA,NA,NA,NA,NA,"1.5","19.5",2,"P","0.0","4.0",6.2,NA,NA,NA,"Y",NA,NA,NA,NA,NA,NA,1.5
NA,NA,2016,NA,NA,"TM2","upper","7","y",NA,NA,NA,NA,NA,NA,NA,NA,NA,"~1","13.5",1,"P","0.0","3.0",3.3,NA,NA,NA,"N",NA,NA,NA,NA,NA,NA,0.5
NA,NA,2016,NA,NA,"TM2","upper","7","y",NA,NA,NA,NA,NA,NA,NA,NA,NA,"~1","10.6",1,"P","0.0","2.0",1.8,NA,NA,NA,"?",NA,NA,NA,NA,NA,NA,0.5
NA,NA,2016,NA,NA,"TM2","upper","7","y",NA,NA,NA,NA,NA,NA,NA,NA,NA,"~1","9.5",1,"B",NA,NA,NA,NA,NA,NA,"Y",NA,NA,NA,NA,NA,NA,0.5
NA,NA,2016,NA,NA,"TM2","upper","7","y",NA,NA,NA,NA,NA,NA,NA,NA,NA,"~1","15.5",1,"S","0.0","1.0",2.9,NA,NA,NA,"N",NA,NA,NA,NA,NA,NA,0.5
NA,NA,2016,NA,NA,"TM2","upper","7","y",NA,NA,NA,NA,NA,NA,NA,NA,NA,"~1","22.8",1,"P","0.0","3.0",6.2,NA,NA,NA,"N",NA,NA,NA,NA,NA,NA,0.5
NA,NA,2016,NA,NA,"TM2","upper","7","y",NA,NA,NA,NA,NA,NA,NA,NA,NA,"~1","17.3",1,"P","0.0","2.0",4.6,NA,NA,NA,"?",NA,NA,NA,NA,NA,NA,0.5
NA,NA,2016,NA,NA,"TM2","upper","7","y",NA,NA,NA,NA,NA,NA,NA,NA,NA,"~1","12.0",1,"P","0.0","2.0",4.5,NA,NA,NA,"?",NA,NA,NA,NA,NA,NA,0.5
NA,NA,2016,NA,NA,"TM2","upper","7","y",NA,NA,NA,NA,NA,NA,NA,NA,NA,"~1","4.5",1,"S","0.0","1.0",2,NA,NA,NA,"Y",NA,NA,NA,NA,NA,NA,0.5
NA,NA,2016,NA,NA,"TM2","upper","7","y",NA,NA,NA,NA,NA,NA,NA,NA,NA,"~1","7.3",1,"V",NA,NA,NA,NA,NA,NA,"Y",NA,NA,NA,NA,NA,NA,0.5
NA,NA,2016,NA,NA,"TM2","upper","7","y",NA,NA,NA,NA,NA,NA,NA,NA,NA,"~1","13.6",1,"P","0.0","2.0",4.1,NA,NA,NA,"N",NA,NA,NA,NA,NA,NA,0.5
NA,NA,2016,NA,NA,"TM2","upper","7.5","n",NA,NA,NA,NA,NA,NA,NA,NA,NA,"~1","24.3",1,"P","0.0","3.0",5.4,NA,NA,NA,"?",NA,NA,NA,NA,NA,NA,0.5
NA,NA,2016,NA,NA,"TM2","upper","7.5","n",NA,NA,NA,NA,NA,NA,NA,NA,NA,"~1","24.1",1,"P","0.0","1.0",5.7,NA,NA,NA,"Y",NA,NA,NA,NA,NA,NA,0.5
NA,NA,2016,NA,NA,"TM2","upper","7.5","n",NA,NA,NA,NA,NA,NA,NA,NA,NA,"~1","15.3",1,"P","0.0","1.0",4.8,NA,NA,NA,"Y",NA,NA,NA,NA,NA,NA,0.5
NA,NA,2016,NA,NA,"TM2","upper","7.5","n",NA,NA,NA,NA,NA,NA,NA,NA,NA,"~1","16.1",2,"P","0.0","4.0",3.9,NA,NA,NA,"Y",NA,NA,NA,NA,NA,NA,0.5
NA,NA,2016,NA,NA,"TM2","upper","7.5","n",NA,NA,NA,NA,NA,NA,NA,NA,NA,"~1","20.2",1,"P","0.0","1.0",4.7,NA,NA,NA,"Y",NA,NA,NA,NA,NA,NA,0.5
NA,NA,2016,NA,NA,"TM2","upper","7.5","n",NA,NA,NA,NA,NA,NA,NA,NA,NA,"<1","9.6",1,"S","0.0","0.0",0,NA,NA,NA,"?",NA,NA,NA,NA,NA,NA,0.5
NA,NA,2016,NA,NA,"TM2","upper","7.5","n",NA,NA,NA,NA,NA,NA,NA,NA,NA,"<1","14.4",1,"P","0.0","2.0",4.6,NA,NA,NA,"Y",NA,NA,NA,NA,NA,NA,0.5
NA,NA,2016,NA,NA,"TM2","upper","7.5","n",NA,NA,NA,NA,NA,NA,NA,NA,NA,"~1","18.1",1,"P","0.0","2.0",4.7,NA,NA,NA,"Y",NA,NA,NA,NA,NA,NA,0.5
NA,NA,2016,NA,NA,"TM2","upper","7.5","n",NA,NA,NA,NA,NA,NA,NA,NA,NA,"~1","12.0",1,"B",NA,NA,NA,NA,NA,NA,"Y",NA,NA,NA,NA,NA,NA,0.5
NA,NA,2016,NA,NA,"TM2","upper","7.5","n",NA,NA,NA,NA,NA,NA,NA,NA,NA,"<1","10.7",1,"P","0.0","1.0",3.2,NA,NA,NA,"Y",NA,NA,NA,NA,NA,NA,0.5
NA,NA,2016,NA,NA,"TM2","upper","7.5","n",NA,NA,NA,NA,NA,NA,NA,NA,NA,"<1","7.5",1,"B",NA,NA,NA,NA,NA,NA,"?",NA,NA,NA,NA,NA,NA,0.5
NA,NA,2016,NA,NA,"TM2","upper","7.5","n",NA,NA,NA,NA,NA,NA,NA,NA,NA,"<1","8.2",1,"B",NA,NA,NA,NA,NA,NA,"Y",NA,NA,NA,NA,NA,NA,0.5
NA,NA,2016,NA,NA,"TM2","upper","7.5","n",NA,NA,NA,NA,NA,NA,NA,NA,NA,"<1","9.6",1,"B",NA,NA,NA,NA,NA,NA,"Y",NA,NA,NA,NA,NA,NA,0.5
NA,NA,2016,NA,NA,"TM2","upper","7.5","n",NA,NA,NA,NA,NA,NA,NA,NA,NA,"<1","6.0",1,"B",NA,NA,NA,NA,NA,NA,"Y",NA,NA,NA,NA,NA,NA,0.5
NA,NA,2016,NA,NA,"TM2","upper","7.5","n",NA,NA,NA,NA,NA,NA,NA,NA,NA,"<1","9.8",1,"P","0.0","1.0",3.9,NA,NA,NA,"?",NA,NA,NA,NA,NA,NA,0.5
NA,NA,2016,NA,NA,"TM2","upper","7.5","n",NA,NA,NA,NA,NA,NA,NA,NA,NA,"<1","7.5",1,"V",NA,NA,NA,NA,NA,NA,"Y",NA,NA,NA,NA,NA,NA,0.5
NA,NA,2016,NA,NA,"TM2","upper","7.5","n",NA,NA,NA,NA,NA,NA,NA,NA,NA,"~1","16.8",1,"P","0.0","2.0",5.4,NA,NA,NA,"?",NA,NA,NA,NA,NA,NA,0.5
NA,NA,2016,NA,NA,"TM2","upper","7.5","n",NA,NA,NA,NA,NA,NA,NA,NA,NA,"<1","7.6",1,"V",NA,NA,NA,NA,NA,NA,"Y",NA,NA,NA,NA,NA,NA,0.5
NA,NA,2016,NA,NA,"TM2","upper","7.5","n",NA,NA,NA,NA,NA,NA,NA,NA,NA,"<1","13.9",1,"P","0.0","1.0",1.1,NA,NA,NA,"Y",NA,NA,NA,NA,NA,NA,0.5
NA,NA,2016,NA,NA,"TM2","upper","7.5","n",NA,NA,NA,NA,NA,NA,NA,NA,NA,"<1","9.5",1,"P","0.0","1.0",2.8,NA,NA,NA,"Y",NA,NA,NA,NA,NA,NA,0.5
NA,NA,2016,NA,NA,"TM2","upper","7.5","n",NA,NA,NA,NA,NA,NA,NA,NA,NA,"<1","6.7",1,"B",NA,NA,NA,NA,NA,NA,"Y",NA,NA,NA,NA,NA,NA,0.5
NA,NA,2016,NA,NA,"TM2","upper","7.5","n",NA,NA,NA,NA,NA,NA,NA,NA,NA,"<1","10.0",1,"S","0.0","1.0",2.8,NA,NA,NA,"N",NA,NA,NA,NA,NA,NA,0.5
NA,NA,2016,NA,NA,"TM2","upper","7.5","n",NA,NA,NA,NA,NA,NA,NA,NA,NA,"<1","8.6",1,"V",NA,NA,NA,NA,NA,NA,"Y",NA,NA,NA,NA,NA,NA,0.5
NA,NA,2016,NA,NA,"TM2","upper","7.5","n",NA,NA,NA,NA,NA,NA,NA,NA,NA,"~1","11.7",1,"P","0.0","2.0",3.6,NA,NA,NA,"?",NA,NA,NA,NA,NA,NA,0.5
NA,NA,2016,NA,NA,"TM2","upper","7.5","n",NA,NA,NA,NA,NA,NA,NA,NA,NA,"<1","8.9",1,"P","0.0","1.0",2.5,NA,NA,NA,"Y",NA,NA,NA,NA,NA,NA,0.5
NA,NA,2016,NA,NA,"TM2","upper","8","n",NA,NA,NA,NA,NA,NA,NA,NA,NA,"<1","7.7",1,"P","0.0","1.0",2.7,NA,NA,NA,"Y",NA,NA,NA,NA,NA,NA,0.5
NA,NA,2016,NA,NA,"TM2","upper","8","n",NA,NA,NA,NA,NA,NA,NA,NA,NA,"~1","11.7",1,"B","0.0","3.0",3.6,NA,NA,NA,"Y",NA,NA,NA,NA,NA,NA,0.5
NA,NA,2016,NA,NA,"TM2","upper","8","n",NA,NA,NA,NA,NA,NA,NA,NA,NA,"~1","9.5",1,"P","0.0","1.0",2.5,NA,NA,NA,"Y",NA,NA,NA,NA,NA,NA,0.5
NA,NA,2016,NA,NA,"TM2","upper","8","n",NA,NA,NA,NA,NA,NA,NA,NA,NA,"<1","8.0",1,"V",NA,NA,NA,NA,NA,NA,"Y",NA,NA,NA,NA,NA,NA,0.5
NA,NA,2016,NA,NA,"TM2","upper","8","n",NA,NA,NA,NA,NA,NA,NA,NA,NA,"<1","10.2",1,"S","0.0","1.0",10.8,NA,NA,NA,"?",NA,NA,NA,NA,NA,NA,0.5
NA,NA,2016,NA,NA,"TM2","upper","8","n",NA,NA,NA,NA,NA,NA,NA,NA,NA,"~1","16.0",1,"P","0.0","2.0",4.5,NA,NA,NA,"Y",NA,NA,NA,NA,NA,NA,0.5
NA,NA,2016,NA,NA,"TM2","upper","8","n",NA,NA,NA,NA,NA,NA,NA,NA,NA,"<1","13.6",1,"S","0.0","1.0",2.9,NA,NA,NA,"?",NA,NA,NA,NA,NA,NA,0.5
NA,NA,2016,NA,NA,"TM2","upper","8","n",NA,NA,NA,NA,NA,NA,NA,NA,NA,"<1","8.8",1,"P","0.0","1.0",1.4,NA,NA,NA,"Y",NA,NA,NA,NA,NA,NA,0.5
NA,NA,2016,NA,NA,"TM2","upper","8","n",NA,NA,NA,NA,NA,NA,NA,NA,NA,"<1","8.8",1,"S","0.0","1.0",1.9,NA,NA,NA,"?",NA,NA,NA,NA,NA,NA,0.5
NA,NA,2016,NA,NA,"TM2","upper","8","n",NA,NA,NA,NA,NA,NA,NA,NA,NA,"<1","3.0",1,"B",NA,NA,NA,NA,NA,NA,"Y",NA,NA,NA,NA,NA,NA,0.5
NA,NA,2016,NA,NA,"TM2","upper","8","n",NA,NA,NA,NA,NA,NA,NA,NA,NA,"<1","9.1",1,"P","0.0","1.0",3.5,NA,NA,NA,"?",NA,NA,NA,NA,NA,NA,0.5
NA,NA,2016,NA,NA,"TM2","upper","8","n",NA,NA,NA,NA,NA,NA,NA,NA,NA,"~1","10.0",1,"P","0.0","2.0",3.2,NA,NA,NA,"Y",NA,NA,NA,NA,NA,NA,0.5
NA,NA,2016,NA,NA,"TM2","upper","8","n",NA,NA,NA,NA,NA,NA,NA,NA,NA,"<1","14.1",1,"S","0.0","2.0",4.1,NA,NA,NA,"Y",NA,NA,NA,NA,NA,NA,0.5
NA,NA,2016,NA,NA,"TM2","upper","8","n",NA,NA,NA,NA,NA,NA,NA,NA,NA,"<1","7.2",1,"V",NA,NA,NA,NA,NA,NA,"Y",NA,NA,NA,NA,NA,NA,0.5
NA,NA,2016,NA,NA,"TM2","upper","8","n",NA,NA,NA,NA,NA,NA,NA,NA,NA,"<1","11.2",1,"P","0.0","1.0",4.6,NA,NA,NA,"?",NA,NA,NA,NA,NA,NA,0.5
NA,NA,2016,NA,NA,"TM2","upper","8","n",NA,NA,NA,NA,NA,NA,NA,NA,NA,"~1","12.5",1,"P","0.0","2.0",3.9,NA,NA,NA,"Y",NA,NA,NA,NA,NA,NA,0.5
NA,NA,2016,NA,NA,"TM2","upper","8","n",NA,NA,NA,NA,NA,NA,NA,NA,NA,"~1","15.1",1,"S","0.0","1.0",3.8,NA,NA,NA,"?",NA,NA,NA,NA,NA,NA,0.5
NA,NA,2016,NA,NA,"TM2","upper","8","n",NA,NA,NA,NA,NA,NA,NA,NA,NA,"<1","6.3",1,"B",NA,NA,NA,NA,NA,NA,"N",NA,NA,NA,NA,NA,NA,0.5
NA,NA,2016,NA,NA,"TM2","upper","8","n",NA,NA,NA,NA,NA,NA,NA,NA,NA,"<1","7.7",1,"S","0.0","0.0",0,NA,NA,NA,"N",NA,NA,NA,NA,NA,NA,0.5
NA,NA,2016,NA,NA,"TM2","upper","8","n",NA,NA,NA,NA,NA,NA,NA,NA,NA,"<1","7.6",1,"P","0.0","1.0",2,NA,NA,NA,"N",NA,NA,NA,NA,NA,NA,0.5
NA,NA,2016,NA,NA,"TM2","upper","8","n",NA,NA,NA,NA,NA,NA,NA,NA,NA,"~1","21.0",1,"P","0.0","2.0",4.5,NA,NA,NA,"Y",NA,NA,NA,NA,NA,NA,0.5
NA,NA,2016,NA,NA,"TM2","upper","8","n",NA,NA,NA,NA,NA,NA,NA,NA,NA,"<1","7.4",1,"P","0.0","1.0",1.9,NA,NA,NA,"N",NA,NA,NA,NA,NA,NA,0.5
NA,NA,2016,NA,NA,"TM2","upper","8","n",NA,NA,NA,NA,NA,NA,NA,NA,NA,"<1","7.0",1,"B",NA,NA,NA,NA,NA,NA,"Y",NA,NA,NA,NA,NA,NA,0.5
NA,NA,2016,NA,NA,"TM2","upper","8.5","n",NA,NA,NA,NA,NA,NA,NA,NA,NA,"<1","15.2",1,"B",NA,NA,NA,NA,NA,NA,"Y",NA,NA,NA,NA,NA,NA,0.5
NA,NA,2016,NA,NA,"TM2","upper","8.5","n",NA,NA,NA,NA,NA,NA,NA,NA,NA,"<1","11.2",1,"P","0.0","1.0",2.9,NA,NA,NA,"N",NA,NA,NA,NA,NA,NA,0.5
NA,NA,2016,NA,NA,"TM2","upper","8.5","n",NA,NA,NA,NA,NA,NA,NA,NA,NA,"<1","3.3",1,"B",NA,NA,NA,NA,NA,NA,"Y",NA,NA,NA,NA,NA,NA,0.5
NA,NA,2016,NA,NA,"TM2","upper","8.5","n",NA,NA,NA,NA,NA,NA,NA,NA,NA,"<1","7.6",1,"S","0.0","1.0",2.6,NA,NA,NA,"Y",NA,NA,NA,NA,NA,NA,0.5
NA,NA,2016,NA,NA,"TM2","upper","8.5","n",NA,NA,NA,NA,NA,NA,NA,NA,NA,"~1","7.5",1,"P","0.0","1.0",2.1,NA,NA,NA,"?",NA,NA,NA,NA,NA,NA,0.5
NA,NA,2016,NA,NA,"TM2","upper","5.5","n",NA,NA,NA,NA,NA,NA,NA,NA,NA,"~1","13.0",1,"P","0.0","1.0",5,NA,NA,NA,"?",NA,NA,NA,NA,NA,NA,0.5
NA,NA,2016,NA,NA,"TM2","upper","5.5","n",NA,NA,NA,NA,NA,NA,NA,NA,NA,"1.2","20.0",1,"P","0.0","3.0",6.5,NA,NA,NA,"?",NA,NA,NA,NA,NA,NA,1.2
NA,NA,2016,NA,NA,"TM2","upper","5.5","n",NA,NA,NA,NA,NA,NA,NA,NA,NA,"1.2","13.5",1,"P","0.0","3.0",5.1,NA,NA,NA,"?",NA,NA,NA,NA,NA,NA,1.2
NA,NA,2016,NA,NA,"TM2","upper","9","y",NA,NA,NA,NA,NA,NA,NA,NA,NA,"<1","4.0",1,"P","0.0","0.0",0,NA,NA,NA,"Y",NA,NA,NA,NA,NA,NA,0.5
NA,NA,2016,NA,NA,"TM2","upper","9","y",NA,NA,NA,NA,NA,NA,NA,NA,NA,"~1","7.8",1,"P","0.0","2.0",2.7,NA,NA,NA,"Y",NA,NA,NA,NA,NA,NA,0.5
NA,NA,2016,NA,NA,"TM2","upper","9","y",NA,NA,NA,NA,NA,NA,NA,NA,NA,"~1","8.8",1,"P","0.0","1.0",2.9,NA,NA,NA,"N",NA,NA,NA,NA,NA,NA,0.5
NA,NA,2016,NA,NA,"TM2","upper","9.5","n",NA,NA,NA,NA,NA,NA,NA,NA,NA,"<1","4.6",1,"V",NA,NA,NA,NA,NA,NA,"Y",NA,NA,NA,NA,NA,NA,0.5
NA,NA,2016,NA,NA,"TM2","upper","9.5","n",NA,NA,NA,NA,NA,NA,NA,NA,NA,"<1","6.0",1,"B",NA,NA,NA,NA,NA,NA,"N",NA,NA,NA,NA,NA,NA,0.5
NA,NA,2016,NA,NA,"TM2","upper","9.5","n",NA,NA,NA,NA,NA,NA,NA,NA,NA,"<1","7.5",1,"P","0.0","1.0",2,NA,NA,NA,"Y",NA,NA,NA,NA,NA,NA,0.5
NA,NA,2016,NA,NA,"TM2","upper","9.5","n",NA,NA,NA,NA,NA,NA,NA,NA,NA,"~1.3","14.0",1,"S","0.0","2.0",5,NA,NA,NA,"Y",NA,NA,NA,NA,NA,NA,0.5
NA,NA,2016,NA,NA,"TM2","upper","9.5","n",NA,NA,NA,NA,NA,NA,NA,NA,NA,"~1","7.5",1,"P","0.0","1.0",2,NA,NA,NA,"Y",NA,NA,NA,NA,NA,NA,0.5
NA,NA,2016,NA,NA,"TM2","upper","10","y",NA,NA,NA,NA,NA,NA,NA,NA,NA,"<1","8.1",1,"P","0.0","1.0",0.9,NA,NA,NA,"Y",NA,NA,NA,NA,NA,NA,0.5
NA,NA,2016,NA,NA,"TM2","upper","10","y",NA,NA,NA,NA,NA,NA,NA,NA,NA,"<1","3.1",1,"V",NA,NA,NA,NA,NA,NA,"Y",NA,NA,NA,NA,NA,NA,0.5
NA,NA,2016,NA,NA,"TM2","upper","10","y",NA,NA,NA,NA,NA,NA,NA,NA,NA,"~1","19.0",1,"S","0.0","1.0",3.8,NA,NA,NA,"N",NA,NA,NA,NA,NA,NA,0.5
NA,NA,2016,NA,NA,"TM2","upper","10","y",NA,NA,NA,NA,NA,NA,NA,NA,NA,"1.2","23.2",1,"S","0.0","2.0",1.4,NA,NA,NA,"N",NA,NA,NA,NA,NA,NA,1.2
NA,NA,2016,NA,NA,"TM2","upper","10","y",NA,NA,NA,NA,NA,NA,NA,NA,NA,"~1","12.0",1,"P","0.0","1.0",3.4,NA,NA,NA,"Y",NA,NA,NA,NA,NA,NA,0.5
NA,NA,2016,NA,NA,"TM2","upper","10","y",NA,NA,NA,NA,NA,NA,NA,NA,NA,"~1","11.5",1,"P","0.0","1.0",4.3,NA,NA,NA,"N",NA,NA,NA,NA,NA,NA,0.5
NA,NA,2016,NA,NA,"TM2","upper","10","y",NA,NA,NA,NA,NA,NA,NA,NA,NA,"~1.2","13.0",1,"P","0.0","1.0",4.6,NA,NA,NA,"Y",NA,NA,NA,NA,NA,NA,0.5
NA,NA,2016,NA,NA,"TM2","upper","8.5","n",NA,NA,NA,NA,NA,NA,NA,NA,NA,"<1","11.2",1,"P","0.0","1.0",2.7,NA,NA,NA,"N",NA,NA,NA,NA,NA,NA,0.5
NA,NA,2016,NA,NA,"TM2","upper","8.5","n",NA,NA,NA,NA,NA,NA,NA,NA,NA,"<1","3.2",1,"V",NA,NA,NA,NA,NA,NA,"Y",NA,NA,NA,NA,NA,NA,0.5
NA,NA,2016,NA,NA,"TM2","upper","8.5","n",NA,NA,NA,NA,NA,NA,NA,NA,NA,"<1","7.1",1,"P","0.0","1.0",2.6,NA,NA,NA,"N",NA,NA,NA,NA,NA,NA,0.5
NA,NA,2016,NA,NA,"TM2","upper","8.5","n",NA,NA,NA,NA,NA,NA,NA,NA,NA,"<1","7.3",1,"P","0.0","1.0",2.2,NA,NA,NA,"N",NA,NA,NA,NA,NA,NA,0.5
NA,NA,2016,NA,NA,"TM2","upper","10.5","n",NA,NA,NA,NA,NA,NA,NA,NA,NA,"~1","17.6",1,"P","0.0","3.0",4.2,NA,NA,NA,"N",NA,NA,NA,NA,NA,NA,0.5
NA,NA,2016,NA,NA,"TM2","upper","10.5","n",NA,NA,NA,NA,NA,NA,NA,NA,NA,"~1","16.8",1,"P","0.0","1.0",3.8,NA,NA,NA,"N",NA,NA,NA,NA,NA,NA,0.5
NA,NA,2016,NA,NA,"TM2","upper","10.5","n",NA,NA,NA,NA,NA,NA,NA,NA,NA,"<1","15.9",2,"P","0.0","2.0",3.6,NA,NA,NA,"N",NA,NA,NA,NA,NA,NA,0.5
NA,NA,2016,NA,NA,"TM2","upper","10.5","n",NA,NA,NA,NA,NA,NA,NA,NA,NA,"<1","17.0",1,"P","0.0","2.0",3.7,NA,NA,NA,"N",NA,NA,NA,NA,NA,NA,0.5
NA,NA,2016,NA,NA,"TM2","upper","10.5","n",NA,NA,NA,NA,NA,NA,NA,NA,NA,"1.2","16.7",1,"P","0.0","2.0",4.2,NA,NA,NA,"Y",NA,NA,NA,NA,NA,NA,1.2
NA,NA,2016,NA,NA,"TM2","upper","10.5","n",NA,NA,NA,NA,NA,NA,NA,NA,NA,"~1","8.5",1,"P","0.0","1.0",2.5,NA,NA,NA,"N",NA,NA,NA,NA,NA,NA,0.5
NA,NA,2016,NA,NA,"TM2","upper","3","y",NA,NA,NA,NA,NA,NA,NA,NA,NA,"1.2","19.5",1,"P","0.0","4.0",6,NA,NA,NA,"Y",NA,NA,NA,NA,NA,NA,1.2
NA,NA,2016,NA,NA,"TM2","upper","3","y",NA,NA,NA,NA,NA,NA,NA,NA,NA,"~1","12.3",1,"P","0.0","2.0",4.8,NA,NA,NA,"Y",NA,NA,NA,NA,NA,NA,0.5
NA,NA,2016,NA,NA,"TM2","upper","3.5","n",NA,NA,NA,NA,NA,NA,NA,NA,NA,"~1","7.0",1,"V",NA,NA,NA,NA,NA,NA,"Y",NA,NA,NA,NA,NA,NA,0.5
NA,NA,2016,NA,NA,"TM2","upper","3.5","n",NA,NA,NA,NA,NA,NA,NA,NA,NA,"~1","15.5",1,"P","0.0","2.0",3.6,NA,NA,NA,"Y",NA,NA,NA,NA,NA,NA,0.5
NA,NA,2016,NA,NA,"TM2","upper","3.5","n",NA,NA,NA,NA,NA,NA,NA,NA,NA,"~1","16.2",1,"P","0.0","2.0",4,NA,NA,NA,"Y",NA,NA,NA,NA,NA,NA,0.5
NA,NA,2016,NA,NA,"TM2","upper","4","n",NA,NA,NA,NA,NA,NA,NA,NA,NA,"~1","8.0",1,"P","0.0","1.0",3.1,NA,NA,NA,"Y",NA,NA,NA,NA,NA,NA,0.5
NA,NA,2016,NA,NA,"TM2","upper","4","n",NA,NA,NA,NA,NA,NA,NA,NA,NA,"~1","10.2",1,"F","1.0","0.0",NA,NA,NA,NA,"N",NA,NA,NA,NA,NA,NA,0.5
NA,NA,2016,NA,NA,"TM2","upper","4","n",NA,NA,NA,NA,NA,NA,NA,NA,NA,"~1","12.2",1,"S","0.0","1.0",4.2,NA,NA,NA,"?",NA,NA,NA,NA,NA,NA,0.5
NA,NA,2016,NA,NA,"TM2","upper","4","n",NA,NA,NA,NA,NA,NA,NA,NA,NA,"~1","19.5",1,"S","0.0","1.0",5.2,NA,NA,NA,"?",NA,NA,NA,NA,NA,NA,0.5
NA,NA,2016,NA,NA,"TM2","upper","4.5","y",NA,NA,NA,NA,NA,NA,NA,NA,NA,"~1","9.5",1,"P","0.0","2.0",2.5,NA,NA,NA,"Y",NA,NA,NA,NA,NA,NA,0.5
NA,NA,2016,NA,NA,"TM2","upper","4.5","y",NA,NA,NA,NA,NA,NA,NA,NA,NA,"1.2","13.0",1,"P","0.0","4.0",4.1,NA,NA,NA,"?",NA,NA,NA,NA,NA,NA,1.2
NA,NA,2016,NA,NA,"TM2","upper","4.5","y",NA,NA,NA,NA,NA,NA,NA,NA,NA,"~1","8.2",1,"B",NA,NA,NA,NA,NA,NA,"Y",NA,NA,NA,NA,NA,NA,0.5
NA,NA,2016,NA,NA,"TM2","upper","4.5","y",NA,NA,NA,NA,NA,NA,NA,NA,NA,"~1","12.0",1,"P","0.0","1.0",4,NA,NA,NA,"N",NA,NA,NA,NA,NA,NA,0.5
NA,NA,2016,NA,NA,"TM2","upper","4.5","y",NA,NA,NA,NA,NA,NA,NA,NA,NA,"~1","19.0",1,"P","0.0","2.0",4.5,NA,NA,NA,"N",NA,NA,NA,NA,NA,NA,0.5
NA,NA,2016,NA,NA,"TM2","upper","5","n",NA,NA,NA,NA,NA,NA,NA,NA,NA,"~2","22.5",1,"P","0.0","4.0",6.5,NA,NA,NA,"Y",NA,NA,NA,NA,NA,NA,0.5
NA,NA,2016,NA,NA,"TM2","upper","5","n",NA,NA,NA,NA,NA,NA,NA,NA,NA,"~1.2","13.3",1,"P","0.0","2.0",5,NA,NA,NA,"Y",NA,NA,NA,NA,NA,NA,0.5
NA,NA,2016,NA,NA,"TM2","upper","5","n",NA,NA,NA,NA,NA,NA,NA,NA,NA,"~1","12.5",1,"P","0.0","1.0",3.4,NA,NA,NA,"?",NA,NA,NA,NA,NA,NA,0.5
NA,NA,2016,NA,NA,"TM2","upper","5","n",NA,NA,NA,NA,NA,NA,NA,NA,NA,"~1","14.5",1,"P","0.0","1.0",5.4,NA,NA,NA,"?",NA,NA,NA,NA,NA,NA,0.5
NA,NA,2016,NA,NA,"TM2","upper","5","n",NA,NA,NA,NA,NA,NA,NA,NA,NA,"~1","15.5",1,"P","0.0","1.0",3.3,NA,NA,NA,"N",NA,NA,NA,NA,NA,NA,0.5
NA,NA,2016,NA,NA,"TM2","upper","5","n",NA,NA,NA,NA,NA,NA,NA,NA,NA,"~1","12.5",1,"P","0.0","1.0",3.2,NA,NA,NA,"Y",NA,NA,NA,NA,NA,NA,0.5
NA,NA,2016,NA,NA,"TM2","upper","5","n",NA,NA,NA,NA,NA,NA,NA,NA,NA,"~1","9.2",1,"S","0.0","1.0",4.5,NA,NA,NA,"N",NA,NA,NA,NA,NA,NA,0.5
NA,NA,2016,NA,NA,"TM2","upper","5","n",NA,NA,NA,NA,NA,NA,NA,NA,NA,"~1","5.5",1,"P","0.0","1.0",1.5,NA,NA,NA,"Y",NA,NA,NA,NA,NA,NA,0.5
NA,NA,2016,NA,NA,"TM2","upper","5.5","n",NA,NA,NA,NA,NA,NA,NA,NA,NA,"~1","8.5",1,"V",NA,NA,NA,NA,NA,NA,"Y",NA,NA,NA,NA,NA,NA,0.5
NA,NA,2016,NA,NA,"TM2","upper","5.5","n",NA,NA,NA,NA,NA,NA,NA,NA,NA,"~1","8.0",1,"V",NA,NA,NA,NA,NA,NA,"Y",NA,NA,NA,NA,NA,NA,0.5
NA,NA,2016,NA,NA,"TM2","upper","5.5","n",NA,NA,NA,NA,NA,NA,NA,NA,NA,"~1","12.5",1,"P","0.0","2.0",3.8,NA,NA,NA,"?",NA,NA,NA,NA,NA,NA,0.5
NA,NA,2016,NA,NA,"TM2","upper","5.5","n",NA,NA,NA,NA,NA,NA,NA,NA,NA,"~1","2.0",1,"V",NA,NA,NA,NA,NA,NA,"Y",NA,NA,NA,NA,NA,NA,0.5
NA,NA,2016,NA,NA,"TM2","upper","12","n",NA,NA,NA,NA,NA,NA,NA,NA,NA,"<1","9.3",1,"P","0.0","2.0",2.8,NA,NA,NA,"Y",NA,NA,NA,NA,NA,NA,0.5
NA,NA,2016,NA,NA,"TM2","upper","12","n",NA,NA,NA,NA,NA,NA,NA,NA,NA,"<1","14.3",1,"B","0.0","1.0",3.5,NA,NA,NA,"Y",NA,NA,NA,NA,NA,NA,0.5
NA,NA,2016,NA,NA,"TM2","upper","12","n",NA,NA,NA,NA,NA,NA,NA,NA,NA,"<1","10.1",1,"F","1.0","0.0",0,NA,NA,NA,"Y",NA,NA,NA,NA,NA,NA,0.5
NA,NA,2016,NA,NA,"TM2","upper","12","n",NA,NA,NA,NA,NA,NA,NA,NA,NA,"~1","14.4",1,"P","0.0","2.0",4.1,NA,NA,NA,"Y",NA,NA,NA,NA,NA,NA,0.5
NA,NA,2016,NA,NA,"TM2","upper","12","n",NA,NA,NA,NA,NA,NA,NA,NA,NA,"<1","3.0",1,"B",NA,NA,NA,NA,NA,NA,"Y",NA,NA,NA,NA,NA,NA,0.5
NA,NA,2016,NA,NA,"TM2","upper","12","n",NA,NA,NA,NA,NA,NA,NA,NA,NA,"<1","6.8",1,"B","0.0","1.0",0.7,NA,NA,NA,"Y",NA,NA,NA,NA,NA,NA,0.5
NA,NA,2016,NA,NA,"TM2","upper","12","n",NA,NA,NA,NA,NA,NA,NA,NA,NA,"~1","11.1",1,"B","1.0","0.0",0,NA,NA,NA,"Y",NA,NA,NA,NA,NA,NA,0.5
NA,NA,2016,NA,NA,"TM2","upper","12","n",NA,NA,NA,NA,NA,NA,NA,NA,NA,"~1","10.1",1,"P","0.0","2.0",2.7,NA,NA,NA,"Y",NA,NA,NA,NA,NA,NA,0.5
NA,NA,2016,NA,NA,"TM2","upper","12","n",NA,NA,NA,NA,NA,NA,NA,NA,NA,"<1","3.2",1,"V",NA,NA,NA,NA,NA,NA,"Y",NA,NA,NA,NA,NA,NA,0.5
NA,NA,2016,NA,NA,"TM2","upper","12","n",NA,NA,NA,NA,NA,NA,NA,NA,NA,"1.1","19.6",1,"P","0.0","3.0",3.1,NA,NA,NA,"Y",NA,NA,NA,NA,NA,NA,1.1
NA,NA,2016,NA,NA,"TM2","upper","12","n",NA,NA,NA,NA,NA,NA,NA,NA,NA,"<1","11.2",1,"B",NA,NA,NA,NA,NA,NA,"Y",NA,NA,NA,NA,NA,NA,0.5
NA,NA,2016,NA,NA,"TM2","upper","12","n",NA,NA,NA,NA,NA,NA,NA,NA,NA,"~1","19.7",1,"P","0.0","2.0",3.7,NA,NA,NA,"Y",NA,NA,NA,NA,NA,NA,0.5
NA,NA,2016,NA,NA,"TM2","upper","12","n",NA,NA,NA,NA,NA,NA,NA,NA,NA,"~1","10.0",1,"B",NA,NA,NA,NA,NA,NA,"Y",NA,NA,NA,NA,NA,NA,0.5
NA,NA,2016,NA,NA,"TM2","upper","12","n",NA,NA,NA,NA,NA,NA,NA,NA,NA,"<1","11.1",1,"F","1.0","1.0",2.1,NA,NA,NA,"Y",NA,NA,NA,NA,NA,NA,0.5
NA,NA,2016,NA,NA,"TM2","upper","12.5","n",NA,NA,NA,NA,NA,NA,NA,NA,NA,"<1","7.0",1,"V",NA,NA,NA,NA,NA,NA,"Y",NA,NA,NA,NA,NA,NA,0.5
NA,NA,2016,NA,NA,"TM2","upper","12.5","n",NA,NA,NA,NA,NA,NA,NA,NA,NA,"<1","6.6",1,"B","0.0","1.0",1.3,NA,NA,NA,"Y",NA,NA,NA,NA,NA,NA,0.5
NA,NA,2016,NA,NA,"TM2","upper","12.5","n",NA,NA,NA,NA,NA,NA,NA,NA,NA,"<1","8.3",1,"P","0.0","1.0",2.2,NA,NA,NA,"Y",NA,NA,NA,NA,NA,NA,0.5
NA,NA,2016,NA,NA,"TM2","upper","12.5","n",NA,NA,NA,NA,NA,NA,NA,NA,NA,"<1","4.2",1,"V",NA,NA,NA,NA,NA,NA,"Y",NA,NA,NA,NA,NA,NA,0.5
NA,NA,2016,NA,NA,"TM2","upper","12.5","n",NA,NA,NA,NA,NA,NA,NA,NA,NA,"<1","3.7",1,"V",NA,NA,NA,NA,NA,NA,"Y",NA,NA,NA,NA,NA,NA,0.5
NA,NA,2016,NA,NA,"TM2","upper","12.5","n",NA,NA,NA,NA,NA,NA,NA,NA,NA,"~1","10.6",1,"B","0.0","1.0",1.7,NA,NA,NA,"Y",NA,NA,NA,NA,NA,NA,0.5
NA,NA,2016,NA,NA,"TM2","upper","12.5","n",NA,NA,NA,NA,NA,NA,NA,NA,NA,"~1","14.3",1,"P","0.0","1.0",4.5,NA,NA,NA,"Y",NA,NA,NA,NA,NA,NA,0.5
NA,NA,2016,NA,NA,"TM2","upper","12.5","n",NA,NA,NA,NA,NA,NA,NA,NA,NA,"~1","11.6",1,"P","0.0","2.0",2.2,NA,NA,NA,"y",NA,NA,NA,NA,NA,NA,0.5
NA,NA,2016,NA,NA,"TM2","upper","12.5","n",NA,NA,NA,NA,NA,NA,NA,NA,NA,"~1","15.2",1,"B","1.0","1.0",2.5,NA,NA,NA,"Y",NA,NA,NA,NA,NA,NA,0.5
NA,NA,2016,NA,NA,"TM2","upper","12.5","n",NA,NA,NA,NA,NA,NA,NA,NA,NA,"~1","4.1",1,"V",NA,NA,NA,NA,NA,NA,"Y",NA,NA,NA,NA,NA,NA,0.5
NA,NA,2016,NA,NA,"TM2","upper","12.5","n",NA,NA,NA,NA,NA,NA,NA,NA,NA,"<1","9.2",1,"P","0.0","1.0",2.3,NA,NA,NA,"Y",NA,NA,NA,NA,NA,NA,0.5
NA,NA,2016,NA,NA,"TM2","upper","13","n",NA,NA,NA,NA,NA,NA,NA,NA,NA,"~1","11.5",1,"P","0.0","2.0",4.7,NA,NA,NA,"Y",NA,NA,NA,NA,NA,NA,0.5
NA,NA,2016,NA,NA,"TM2","upper","13","n",NA,NA,NA,NA,NA,NA,NA,NA,NA,"<1","9.0",1,"P","0.0","2.0",1.5,NA,NA,NA,"N",NA,NA,NA,NA,NA,NA,0.5
NA,NA,2016,NA,NA,"TM2","upper","13","n",NA,NA,NA,NA,NA,NA,NA,NA,NA,"<1","13.1",1,"P","0.0","2.0",3.5,NA,NA,NA,"Y",NA,NA,NA,NA,NA,NA,0.5
NA,NA,2016,NA,NA,"TM2","upper","13","n",NA,NA,NA,NA,NA,NA,NA,NA,NA,"1.1","13.9",1,"B",NA,NA,NA,NA,NA,NA,"Y",NA,NA,NA,NA,NA,NA,1.1
NA,NA,2016,NA,NA,"TM2","upper","13","n",NA,NA,NA,NA,NA,NA,NA,NA,NA,"~1","13.2",2,"B","1.0","1.0",2.1,NA,NA,NA,"Y",NA,NA,NA,NA,NA,NA,0.5
NA,NA,2016,NA,NA,"TM2","upper","13","n",NA,NA,NA,NA,NA,NA,NA,NA,NA,"1.2","10.4",1,"S","0.0","0.0",0,NA,NA,NA,"Y",NA,NA,NA,NA,NA,NA,1.2
NA,NA,2016,NA,NA,"TM2","upper","13","n",NA,NA,NA,NA,NA,NA,NA,NA,NA,"<1","7.1",1,"B",NA,NA,NA,NA,NA,NA,"Y",NA,NA,NA,NA,NA,NA,0.5
NA,NA,2016,NA,NA,"TM2","upper","13","n",NA,NA,NA,NA,NA,NA,NA,NA,NA,"<1","3.4",1,"V",NA,NA,NA,NA,NA,NA,"N",NA,NA,NA,NA,NA,NA,0.5
NA,NA,2016,NA,NA,"TM2","upper","13","n",NA,NA,NA,NA,NA,NA,NA,NA,NA,"1.5","22.2",1,"P","0.0","6.0",5.5,NA,NA,NA,"Y",NA,NA,NA,NA,NA,NA,1.5
NA,NA,2016,NA,NA,"TM2","upper","13","n",NA,NA,NA,NA,NA,NA,NA,NA,NA,"<1","4.4",1,"B","0.0","0.0",0,NA,NA,NA,"Y",NA,NA,NA,NA,NA,NA,0.5
NA,NA,2016,NA,NA,"TM2","upper","13.5","n",NA,NA,NA,NA,NA,NA,NA,NA,NA,"~1","11.1",2,"B","1.0","0.0",0,NA,NA,NA,"Y",NA,NA,NA,NA,NA,NA,0.5
NA,NA,2016,NA,NA,"TM2","upper","13.5","n",NA,NA,NA,NA,NA,NA,NA,NA,NA,"<1","6.1",1,"P","0.0","1.0",1.8,NA,NA,NA,"Y",NA,NA,NA,NA,NA,NA,0.5
NA,NA,2016,NA,NA,"TM2","upper","13.5","n",NA,NA,NA,NA,NA,NA,NA,NA,NA,"<1","2.5",1,"V",NA,NA,NA,NA,NA,NA,"Y",NA,NA,NA,NA,NA,NA,0.5
NA,NA,2016,NA,NA,"TM2","upper","13.5","n",NA,NA,NA,NA,NA,NA,NA,NA,NA,"<1","10.5",1,"P","0.0","1.0",3.5,NA,NA,NA,"N",NA,NA,NA,NA,NA,NA,0.5
NA,NA,2016,NA,NA,"TM2","upper","13.5","n",NA,NA,NA,NA,NA,NA,NA,NA,NA,"~1","10.1",1,"B",NA,NA,NA,NA,NA,NA,"Y",NA,NA,NA,NA,NA,NA,0.5
NA,NA,2016,NA,NA,"TM2","upper","13.5","n",NA,NA,NA,NA,NA,NA,NA,NA,NA,"<1","8.4",1,"F","1.0","1.0",2,NA,NA,NA,"Y",NA,NA,NA,NA,NA,NA,0.5
NA,NA,2016,NA,NA,"TM2","upper","13.5","n",NA,NA,NA,NA,NA,NA,NA,NA,NA,"<1","3.6",1,"V",NA,NA,NA,NA,NA,NA,"Y",NA,NA,NA,NA,NA,NA,0.5
NA,NA,2016,NA,NA,"TM2","upper","13.5","n",NA,NA,NA,NA,NA,NA,NA,NA,NA,"<1","1.6",1,"V",NA,NA,NA,NA,NA,NA,"N",NA,NA,NA,NA,NA,NA,0.5
NA,NA,2016,NA,NA,"TM2","upper","13.5","n",NA,NA,NA,NA,NA,NA,NA,NA,NA,"<1","16.8",1,"P","0.0","2.0",3.3,NA,NA,NA,"Y",NA,NA,NA,NA,NA,NA,0.5
NA,NA,2016,NA,NA,"TM2","upper","13.5","n",NA,NA,NA,NA,NA,NA,NA,NA,NA,"~1","5.5",1,"B",NA,NA,NA,NA,NA,NA,"Y",NA,NA,NA,NA,NA,NA,0.5
NA,NA,2016,NA,NA,"TM2","upper","13.5","n",NA,NA,NA,NA,NA,NA,NA,NA,NA,"<1","2.3",1,"V",NA,NA,NA,NA,NA,NA,"?",NA,NA,NA,NA,NA,NA,0.5
NA,NA,2016,NA,NA,"TM2","upper","13.5","n",NA,NA,NA,NA,NA,NA,NA,NA,NA,"<1","4.6",1,"V",NA,NA,NA,NA,NA,NA,"Y",NA,NA,NA,NA,NA,NA,0.5
NA,NA,2016,NA,NA,"TM2","upper","13.5","n",NA,NA,NA,NA,NA,NA,NA,NA,NA,"~1","12.5",1,"P","0.0","2.0",2.9,NA,NA,NA,"Y",NA,NA,NA,NA,NA,NA,0.5
NA,NA,2016,NA,NA,"TM2","upper","13.5","n",NA,NA,NA,NA,NA,NA,NA,NA,NA,"~1","12.6",1,"B","1.0","0.0",0,NA,NA,NA,"Y",NA,NA,NA,NA,NA,NA,0.5
NA,NA,2016,NA,NA,"TM2","upper","13.5","n",NA,NA,NA,NA,NA,NA,NA,NA,NA,"~1","4.5",1,"B","0.0","1.0",2.5,NA,NA,NA,"Y",NA,NA,NA,NA,NA,NA,0.5
NA,NA,2016,NA,NA,"TM2","upper","13.5","n",NA,NA,NA,NA,NA,NA,NA,NA,NA,"<1","2.7",1,"B",NA,NA,NA,NA,NA,NA,"Y",NA,NA,NA,NA,NA,NA,0.5
NA,NA,2016,NA,NA,"TM2","upper","13.5","n",NA,NA,NA,NA,NA,NA,NA,NA,NA,"~1","6.0",1,"V",NA,NA,NA,NA,NA,NA,"Y",NA,NA,NA,NA,NA,NA,0.5
NA,NA,2016,NA,NA,"TM2","upper","10.5","n",NA,NA,NA,NA,NA,NA,NA,NA,NA,"<1","18.5",1,"P","0.0","1.0",3.6,NA,NA,NA,"Y",NA,NA,NA,NA,NA,NA,0.5
NA,NA,2016,NA,NA,"TM2","upper","10.5","n",NA,NA,NA,NA,NA,NA,NA,NA,NA,"<1","14.0",1,"P","0.0","1.0",5.4,NA,NA,NA,"N",NA,NA,NA,NA,NA,NA,0.5
NA,NA,2016,NA,NA,"TM2","upper","10.5","n",NA,NA,NA,NA,NA,NA,NA,NA,NA,"<1","9.4",1,"P","0.0","1.0",3.7,NA,NA,NA,"Y",NA,NA,NA,NA,NA,NA,0.5
NA,NA,2016,NA,NA,"TM2","upper","10.5","n",NA,NA,NA,NA,NA,NA,NA,NA,NA,"<1","17.7",1,"P","0.0","2.0",4.5,NA,NA,NA,"N",NA,NA,NA,NA,NA,NA,0.5
NA,NA,2016,NA,NA,"TM2","upper","11","n",NA,NA,NA,NA,NA,NA,NA,NA,NA,"<1","13.5",1,"F","3.0","0.0",0,NA,NA,NA,"Y",NA,NA,NA,NA,NA,NA,0.5
NA,NA,2016,NA,NA,"TM2","upper","11","n",NA,NA,NA,NA,NA,NA,NA,NA,NA,"<1","1.7",1,"V",NA,NA,NA,NA,NA,NA,"Y",NA,NA,NA,NA,NA,NA,0.5
NA,NA,2016,NA,NA,"TM2","upper","11","n",NA,NA,NA,NA,NA,NA,NA,NA,NA,"<1","5.7",1,"V",NA,NA,NA,NA,NA,NA,"Y",NA,NA,NA,NA,NA,NA,0.5
NA,NA,2016,NA,NA,"TM2","upper","11","n",NA,NA,NA,NA,NA,NA,NA,NA,NA,"<1","2.0",1,"V",NA,NA,NA,NA,NA,NA,"Y",NA,NA,NA,NA,NA,NA,0.5
NA,NA,2016,NA,NA,"TM2","upper","11","n",NA,NA,NA,NA,NA,NA,NA,NA,NA,"<1","9.6",1,"P","0.0","1.0",3.5,NA,NA,NA,"Y",NA,NA,NA,NA,NA,NA,0.5
NA,NA,2016,NA,NA,"TM2","upper","11","n",NA,NA,NA,NA,NA,NA,NA,NA,NA,"<1","14.2",1,"P","0.0","1.0",3.9,NA,NA,NA,"Y",NA,NA,NA,NA,NA,NA,0.5
NA,NA,2016,NA,NA,"TM2","upper","11","n",NA,NA,NA,NA,NA,NA,NA,NA,NA,"<1","7.9",1,"B",NA,NA,NA,NA,NA,NA,"Y",NA,NA,NA,NA,NA,NA,0.5
NA,NA,2016,NA,NA,"TM2","upper","11.5","y",NA,NA,NA,NA,NA,NA,NA,NA,NA,"<1","11.0",1,"B","0.0","1.0",1.5,NA,NA,NA,"Y",NA,NA,NA,NA,NA,NA,0.5
NA,NA,2016,NA,NA,"TM2","upper","11.5","y",NA,NA,NA,NA,NA,NA,NA,NA,NA,"~1","14.8",1,"P","0.0","1.0",3.9,NA,NA,NA,"Y",NA,NA,NA,NA,NA,NA,0.5
NA,NA,2016,NA,NA,"TM2","upper","11.5","y",NA,NA,NA,NA,NA,NA,NA,NA,NA,"~1","8.2",1,"B",NA,NA,NA,NA,NA,NA,"Y",NA,NA,NA,NA,NA,NA,0.5
NA,NA,2016,NA,NA,"TM2","upper","11.5","y",NA,NA,NA,NA,NA,NA,NA,NA,NA,"<1","8.1",1,"B",NA,NA,NA,NA,NA,NA,"Y",NA,NA,NA,NA,NA,NA,0.5
NA,NA,2016,NA,NA,"TM2","upper","11.5","y",NA,NA,NA,NA,NA,NA,NA,NA,NA,"<1","8.7",1,"S","0.0","0.0",0,NA,NA,NA,"Y",NA,NA,NA,NA,NA,NA,0.5
NA,NA,2016,NA,NA,"TM2","upper","11.5","y",NA,NA,NA,NA,NA,NA,NA,NA,NA,"<1","5.9",1,"B",NA,NA,NA,NA,NA,NA,"Y",NA,NA,NA,NA,NA,NA,0.5
NA,NA,2016,NA,NA,"TM2","upper","11.5","y",NA,NA,NA,NA,NA,NA,NA,NA,NA,"<1","5.4",1,"V",NA,NA,NA,NA,NA,NA,"Y",NA,NA,NA,NA,NA,NA,0.5
NA,NA,2016,NA,NA,"TM2","upper","11.5","y",NA,NA,NA,NA,NA,NA,NA,NA,NA,"<1","8.1",1,"B",NA,NA,NA,NA,NA,NA,"Y",NA,NA,NA,NA,NA,NA,0.5
NA,NA,2016,NA,NA,"TM2","upper","11.5","y",NA,NA,NA,NA,NA,NA,NA,NA,NA,"<1","11.6",1,"P","0.0","1.0",3,NA,NA,NA,"Y",NA,NA,NA,NA,NA,NA,0.5
NA,NA,2016,NA,NA,"TM2","upper","11.5","y",NA,NA,NA,NA,NA,NA,NA,NA,NA,"~1","16.6",1,"P","0.0","1.0",2.4,NA,NA,NA,"Y",NA,NA,NA,NA,NA,NA,0.5
NA,NA,2016,NA,NA,"TM2","upper","11.5","y",NA,NA,NA,NA,NA,NA,NA,NA,NA,"<1","8.5",1,"B",NA,NA,NA,NA,NA,NA,"Y",NA,NA,NA,NA,NA,NA,0.5
NA,NA,2016,NA,NA,"TM2","upper","11.5","y",NA,NA,NA,NA,NA,NA,NA,NA,NA,"<1","6.7",1,"B",NA,NA,NA,NA,NA,NA,"N",NA,NA,NA,NA,NA,NA,0.5
NA,NA,2016,NA,NA,"TM2","upper","11.5","y",NA,NA,NA,NA,NA,NA,NA,NA,NA,"~1","13.7",1,"B","0.0","2.0",3.2,NA,NA,NA,"Y",NA,NA,NA,NA,NA,NA,0.5
NA,NA,2016,NA,NA,"TM2","upper","11.5","y",NA,NA,NA,NA,NA,NA,NA,NA,NA,"1.2","14.1",1,"P","0.0","4.0",4.4,NA,NA,NA,"Y",NA,NA,NA,NA,NA,NA,1.2
NA,NA,2016,NA,NA,"TM2","upper","11.5","y",NA,NA,NA,NA,NA,NA,NA,NA,NA,"1.0","15.3",1,"V",NA,NA,NA,NA,NA,NA,"Y",NA,NA,NA,NA,NA,NA,1
NA,NA,2016,NA,NA,"TM2","upper","11.5","y",NA,NA,NA,NA,NA,NA,NA,NA,NA,"<1","3.8",1,"V",NA,NA,NA,NA,NA,NA,"Y",NA,NA,NA,NA,NA,NA,0.5
NA,NA,2016,NA,NA,"TM2","upper","16","y",NA,NA,NA,NA,NA,NA,NA,NA,NA,"1.8","17.4",2,"P","0.0","4.0",5.7,NA,NA,NA,"Y",NA,NA,NA,NA,NA,NA,1.8
NA,NA,2016,NA,NA,"TM2","upper","16","y",NA,NA,NA,NA,NA,NA,NA,NA,NA,"1.4","17.2",2,"P","0.0","3.0",5.3,NA,NA,NA,"Y",NA,NA,NA,NA,NA,NA,1.4
NA,NA,2016,NA,NA,"TM2","upper","16","y",NA,NA,NA,NA,NA,NA,NA,NA,NA,"~1","11.3",1,"P","0.0","1.0",1.2,NA,NA,NA,"Y",NA,NA,NA,NA,NA,NA,0.5
NA,NA,2016,NA,NA,"TM2","upper","16","y",NA,NA,NA,NA,NA,NA,NA,NA,NA,"~1","10.7",1,"V",NA,NA,NA,NA,NA,NA,"Y",NA,NA,NA,NA,NA,NA,0.5
NA,NA,2016,NA,NA,"TM2","upper","16","y",NA,NA,NA,NA,NA,NA,NA,NA,NA,"1.7","23.8",1,"P","0.0","4.0",7.4,NA,NA,NA,"Y",NA,NA,NA,NA,NA,NA,1.7
NA,NA,2016,NA,NA,"TM2","upper","15.5","n",NA,NA,NA,NA,NA,NA,NA,NA,NA,"~1","5.3",1,"V",NA,NA,NA,NA,NA,NA,"Y",NA,NA,NA,NA,NA,NA,0.5
NA,NA,2016,NA,NA,"TM2","upper","15.5","n",NA,NA,NA,NA,NA,NA,NA,NA,NA,"<1","6.1",1,"B",NA,NA,NA,NA,NA,NA,"N",NA,NA,NA,NA,NA,"buds died",0.5
NA,NA,2016,NA,NA,"TM2","upper","15","y",NA,NA,NA,NA,NA,NA,NA,NA,NA,"~1","10.6",1,"F","1.0","1.0",1,NA,NA,NA,"Y",NA,NA,NA,NA,NA,NA,0.5
NA,NA,2016,NA,NA,"TM2","upper","15","y",NA,NA,NA,NA,NA,NA,NA,NA,NA,"~1","11.0",1,"S",NA,"2.0",2.2,NA,NA,NA,"N",NA,NA,NA,NA,NA,NA,0.5
NA,NA,2016,NA,NA,"TM2","upper","15","y",NA,NA,NA,NA,NA,NA,NA,NA,NA,"~1","8.2",1,"B",NA,NA,NA,NA,NA,NA,"Y",NA,NA,NA,NA,NA,NA,0.5
NA,NA,2016,NA,NA,"TM2","upper","15","y",NA,NA,NA,NA,NA,NA,NA,NA,NA,"~1","13.0",1,"P","0.0","1.0",3,NA,NA,NA,"Y",NA,NA,NA,NA,NA,NA,0.5
NA,NA,2016,NA,NA,"TM2","upper","14.5","y",NA,NA,NA,NA,NA,NA,NA,NA,NA,"1.2","8.2",2,"B",NA,NA,NA,NA,NA,NA,"Y",NA,NA,NA,NA,NA,NA,1.2
NA,NA,2016,NA,NA,"TM2","upper","14.5","y",NA,NA,NA,NA,NA,NA,NA,NA,NA,"~1","10.0",1,"V",NA,NA,NA,NA,NA,NA,"Y",NA,NA,NA,NA,NA,"flowers eaten?",0.5
NA,NA,2016,NA,NA,"TM2","upper","14.5","y",NA,NA,NA,NA,NA,NA,NA,NA,NA,"~1","9.6",1,"B",NA,NA,NA,NA,NA,NA,"Y",NA,NA,NA,NA,NA,NA,0.5
NA,NA,2016,NA,NA,"TM2","upper","14.5","y",NA,NA,NA,NA,NA,NA,NA,NA,NA,"<1","6.6",1,NA,"2.0","0.0",0,NA,NA,NA,"Y",NA,NA,NA,NA,NA,NA,0.5
NA,NA,2016,NA,NA,"TM2","upper","14.5","y",NA,NA,NA,NA,NA,NA,NA,NA,NA,"<1","5.8",1,"B",NA,NA,NA,NA,NA,NA,"Y",NA,NA,NA,NA,NA,"1 bud",0.5
NA,NA,2016,NA,NA,"TM2","upper","14.5","y",NA,NA,NA,NA,NA,NA,NA,NA,NA,"<1","7.9",1,"S","0.0","1.0",3.1,NA,NA,NA,"?",NA,NA,NA,NA,NA,NA,0.5
NA,NA,2016,NA,NA,"TM2","upper","14.5","y",NA,NA,NA,NA,NA,NA,NA,NA,NA,"<1","1.7",1,"V","0.0","0.0",0,NA,NA,NA,"N",NA,NA,NA,NA,NA,NA,0.5
NA,NA,2016,NA,NA,"TM2","upper","14.5","y",NA,NA,NA,NA,NA,NA,NA,NA,NA,"<1","2.4",1,"V",NA,NA,NA,NA,NA,NA,"Y",NA,NA,NA,NA,NA,NA,0.5
NA,NA,2016,NA,NA,"TM2","upper","14.5","y",NA,NA,NA,NA,NA,NA,NA,NA,NA,"1.3","16.7",2,"P","0.0","4.0",4.6,NA,NA,NA,"Y",NA,NA,NA,NA,NA,NA,1.3
NA,NA,2016,NA,NA,"TM2","upper","14.5","y",NA,NA,NA,NA,NA,NA,NA,NA,NA,"<1","1.7",1,"V",NA,NA,NA,NA,NA,NA,"Y",NA,NA,NA,NA,NA,NA,0.5
NA,NA,2016,NA,NA,"TM2","upper","14.5","y",NA,NA,NA,NA,NA,NA,NA,NA,NA,"<1","1.9",1,"V",NA,NA,NA,NA,NA,NA,"Y",NA,NA,NA,NA,NA,NA,0.5
NA,NA,2016,NA,NA,"TM2","upper","14.5","y",NA,NA,NA,NA,NA,NA,NA,NA,NA,"~1","6.0",1,"B",NA,NA,NA,NA,NA,NA,"Y",NA,NA,NA,NA,NA,NA,0.5
NA,NA,2016,NA,NA,"TM2","upper","14.5","y",NA,NA,NA,NA,NA,NA,NA,NA,NA,"~1","9.0",1,"B",NA,NA,NA,NA,NA,NA,"Y",NA,NA,NA,NA,NA,NA,0.5
NA,NA,2016,NA,NA,"TM2","upper","14.5","y",NA,NA,NA,NA,NA,NA,NA,NA,NA,"1.2","12.8",1,"P","0.0","2.0",4.7,NA,NA,NA,"Y",NA,NA,NA,NA,NA,NA,1.2
NA,NA,2016,NA,NA,"TM2","upper","14.5","y",NA,NA,NA,NA,NA,NA,NA,NA,NA,"1.2","18.9",2,"P","0.0","3.0",5.9,NA,NA,NA,"Y",NA,NA,NA,NA,NA,NA,1.2
NA,NA,2016,NA,NA,"TM2","upper","14","n",NA,NA,NA,NA,NA,NA,NA,NA,NA,"~1","8.2",1,"F","1.0","1.0",1,NA,NA,NA,"Y",NA,NA,NA,NA,NA,NA,0.5
NA,NA,2016,NA,NA,"TM2","upper","14","n",NA,NA,NA,NA,NA,NA,NA,NA,NA,"1.1","12.1",1,"P","0.0","1.0",2.7,NA,NA,NA,"Y",NA,NA,NA,NA,NA,NA,1.1
NA,NA,2016,NA,NA,"TM2","upper","14","n",NA,NA,NA,NA,NA,NA,NA,NA,NA,"1.3","16.2",1,"P","0.0","4.0",4,NA,NA,NA,"Y",NA,NA,NA,NA,NA,NA,1.3
NA,NA,2016,NA,NA,"TM2","upper","14","n",NA,NA,NA,NA,NA,NA,NA,NA,NA,"1.3","12.5",2,"F","3.0","0.0",0,NA,NA,NA,"Y",NA,NA,NA,NA,NA,NA,1.3
NA,NA,2016,NA,NA,"TM2","upper","14","n",NA,NA,NA,NA,NA,NA,NA,NA,NA,"<1","1.2",1,"V",NA,NA,NA,NA,NA,NA,"Y",NA,NA,NA,NA,NA,NA,0.5
NA,NA,2016,NA,NA,"TM2","upper","14","n",NA,NA,NA,NA,NA,NA,NA,NA,NA,"<1","2.9",1,"V",NA,NA,NA,NA,NA,NA,"Y",NA,NA,NA,NA,NA,NA,0.5
NA,NA,2016,NA,NA,"TM2","upper","14","n",NA,NA,NA,NA,NA,NA,NA,NA,NA,"~1","7.1",1,"B",NA,NA,NA,NA,NA,NA,"Y",NA,NA,NA,NA,NA,NA,0.5
NA,NA,2016,NA,NA,"TM2","upper","14","n",NA,NA,NA,NA,NA,NA,NA,NA,NA,"~1","2.7",2,"V",NA,NA,NA,NA,NA,NA,"Y",NA,NA,NA,NA,NA,NA,0.5
NA,NA,2016,NA,NA,"TM2","upper","14","n",NA,NA,NA,NA,NA,NA,NA,NA,NA,"~1","9.1",1,"F","2.0","0.0",0,NA,NA,NA,"Y",NA,NA,NA,NA,NA,NA,0.5
NA,NA,2016,NA,NA,"TM2","upper","14","n",NA,NA,NA,NA,NA,NA,NA,NA,NA,"<1","1.3",1,"V",NA,NA,NA,NA,NA,NA,"Y",NA,NA,NA,NA,NA,NA,0.5
NA,NA,2016,NA,NA,"TM2","upper","14","n",NA,NA,NA,NA,NA,NA,NA,NA,NA,"<1","1.9",1,"V",NA,NA,NA,NA,NA,NA,"Y",NA,NA,NA,NA,NA,NA,0.5
NA,NA,2017,2017-05-31,NA,"TM2","lower","0.0",NA,NA,NA,NA,NA,NA,NA,NA,NA,NA,NA,NA,NA,NA,NA,NA,NA,NA,NA,NA,NA,NA,NA,NA,NA,NA,"no plants in quadrats 0-2.5",NA
NA,NA,2017,2017-05-31,NA,"TM2","lower","3.5",NA,NA,NA,"orange","green","Y",NA,NA,7,2,"4.26","33.0",NA,"F","4.0","10+ (one aborted)",2.5,NA,NA,NA,"Y","1a 2b",NA,NA,NA,NA,"*in this transect: where 4.5 should be is 4.48m so 2cm off to the right",4.26
NA,NA,2017,2017-05-31,NA,"TM2","lower","3.0",NA,NA,NA,"yellow","fallen out","Y",NA,NA,12,17,"6.89","47.1",NA,"F","8.0","29.0",7.5,NA,NA,NA,"Y","1a",NA,NA,NA,NA,NA,6.89
NA,NA,2017,2017-05-31,NA,"TM2","lower","3.5",NA,NA,NA,"none","none","Y",NA,NA,15,5,"3.96","23.0",NA,"F","4.0","3.0",5.2,NA,NA,NA,"Y","1a 2b",NA,NA,NA,NA,NA,3.96
NA,NA,2017,2017-05-31,NA,"TM2","lower","3.5",NA,NA,NA,"red","yellow","Y",NA,NA,37,10,"2.69","38.0",NA,"F","4.0","13.0",7.3,NA,NA,NA,"Y","1a",NA,NA,NA,NA,NA,2.69
NA,NA,2017,2017-05-31,NA,"TM2","lower","3.5",NA,NA,NA,"orange","yellow","Y",NA,NA,41,8,"3.66","34.0",NA,"F","1.0","14.0",7.4,NA,NA,NA,"Y","1a",NA,NA,NA,NA,NA,3.66
NA,NA,2017,2017-05-31,NA,"TM2","lower","4.0",NA,NA,NA,"orange","green","N",NA,NA,41,3,"1.67","22.1",NA,"P","0.0","2.0",6,NA,NA,NA,"Y","1a",NA,NA,NA,NA,NA,1.67
NA,NA,2017,2017-05-31,NA,"TM2","lower","5.0",NA,NA,NA,"orange","green","N",NA,NA,5,4,"1.62","7.0",NA,"P","0.0","1.0",1.7,NA,NA,NA,"N","0.0",NA,NA,NA,NA,"likely to abort this silique",1.62
NA,NA,2017,2017-05-31,NA,"TM2","lower","4.5",NA,NA,NA,"yellow","green","N",NA,NA,1,11,"1.03","13.1",NA,"P","0.0","2.0",3.2,NA,NA,NA,"Y","1a",NA,NA,NA,NA,NA,1.03
NA,NA,2017,2017-05-31,NA,"TM2","lower","5.0",NA,NA,NA,"red","yellow","Y",NA,NA,45,4,"2.21","27.4",NA,"P","0.0","6.0",7.3,NA,NA,NA,"N","0.0",NA,NA,NA,NA,NA,2.21
NA,NA,2017,2017-05-31,NA,"TM2","lower","4.5",NA,NA,NA,"orange","white",NA,NA,NA,NA,NA,NA,NA,NA,NA,NA,NA,NA,NA,NA,NA,NA,NA,NA,NA,NA,NA,"dead plant",NA
NA,NA,2017,2017-05-31,NA,"TM2","lower","4.5",NA,NA,NA,"red","yellow","Y",NA,NA,3,9,"3.87","32.5",NA,"F","5.0","17.0",7.5,NA,NA,NA,"Y","2b",NA,NA,NA,NA,NA,3.87
NA,NA,2017,2017-05-31,NA,"TM2","lower","5.0",NA,NA,NA,"red","yellow","Y",NA,NA,46,9,"2.11","30.0",NA,"P","0.0","6.0",5.7,NA,NA,NA,"N","0.0",NA,NA,NA,NA,NA,2.11
NA,NA,2017,2017-05-31,NA,"TM2","lower","5.0",NA,NA,NA,"red","green","N",NA,NA,48,6,"0.7","10.0",NA,"P","0.0","1.0",1.8,NA,NA,NA,"N","0.0",NA,NA,NA,NA,NA,0.5
NA,NA,2017,2017-05-31,NA,"TM2","lower","4.5",NA,NA,NA,"orange","green","N",NA,NA,26,8,"0.69","8.2",NA,NA,NA,NA,NA,NA,NA,NA,"Y","2b",NA,NA,NA,NA,"the top is cut",0.5
NA,NA,2017,2017-05-31,NA,"TM2","lower","5.5",NA,NA,NA,"orange","green","N",NA,NA,50,8,"1.21","17.5",NA,"P","0.0","2.0",5.4,NA,NA,NA,"N","0.0",NA,NA,NA,NA,NA,1.21
NA,NA,2017,2017-05-31,NA,"TM2","lower","5.5",NA,NA,NA,"red","none","N",NA,NA,50,9,"0.55","3.1",NA,"V","0.0","0.0",NA,NA,NA,NA,"N","0.0",NA,NA,NA,NA,NA,0.5
NA,NA,2017,2017-05-31,NA,"TM2","lower","4.5",NA,NA,NA,"orange","green","N",NA,NA,26,12,"0.6","7.2",NA,"P","0.0","1.0",2.3,NA,NA,NA,"N","0.0",NA,NA,NA,NA,NA,0.5
NA,NA,2017,2017-05-31,NA,"TM2","lower","4.5",NA,NA,NA,"orange","green","N",NA,NA,30,19,"0.73","13.5",NA,"P","0.0","1.0",3.3,NA,NA,NA,"N","0.0",NA,NA,NA,NA,NA,0.5
NA,NA,2017,2017-05-31,NA,"TM2","lower","4.5",NA,NA,NA,"orange","green","N",NA,NA,31,19.5,"0.74","11.3",NA,"P","0.0","1.0",2.3,NA,NA,NA,"N","0.0",NA,NA,NA,NA,NA,0.5
NA,NA,2017,2017-05-31,NA,"TM2","lower","4.5",NA,NA,NA,"red","green","N",NA,NA,32,19,"1.27","20.0",NA,"P","0.0","2.0",5.5,NA,NA,NA,"Y","1b",NA,NA,NA,NA,NA,1.27
NA,NA,2017,2017-05-31,NA,"TM2","lower","4.5",NA,NA,NA,"red","green","N",NA,NA,33,1,"1.51","18.7",NA,"F","2.0","0.0",NA,NA,NA,NA,"Y","1a 2a",NA,NA,NA,NA,NA,1.51
NA,NA,2017,2017-05-31,NA,"TM2","lower","5.5",NA,NA,NA,"orange","red","N",NA,NA,2,9,"1.37","18.2",NA,"S","0.0","2.0",5.6,NA,NA,NA,"N","0.0",NA,NA,NA,NA,"the top just broke off",1.37
NA,NA,2017,2017-05-31,NA,"TM2","lower","4.5",NA,NA,NA,"orange","green","N",NA,NA,33,9,"<1mm","11.5",NA,"P","1.0","1.0",2.5,NA,NA,NA,"Y","1b",NA,NA,NA,NA,NA,0.5
NA,NA,2017,2017-05-31,NA,"TM2","lower","5.5",NA,NA,NA,"red","none","N",NA,NA,5,16,"<1mm","2.9",NA,"V","0.0","0.0",NA,NA,NA,NA,"N","0.0",NA,NA,NA,NA,NA,0.5
NA,NA,2017,2017-05-31,NA,"TM2","lower","4.5",NA,NA,NA,"yellow","green","N",NA,NA,31,15.5,"<1mm","10.4",NA,"S","0.0","2.0",2.1,NA,NA,NA,"Y","3a",NA,NA,NA,NA,NA,0.5
NA,NA,2017,2017-05-31,NA,"TM2","lower","5.5",NA,NA,NA,"red","white","N",NA,NA,10,2,"<1mm","6.2",NA,"F","1.0","0.0",NA,NA,NA,NA,"N","0.0",NA,NA,NA,NA,NA,0.5
NA,NA,2017,2017-05-31,NA,"TM2","lower","5.5",NA,NA,NA,"red","yellow","Y",NA,NA,22,10,"2.67","28.1",NA,"P","0.0","11.0",5.6,NA,NA,NA,"N","0.0",NA,NA,NA,NA,NA,2.67
NA,NA,2017,2017-05-31,NA,"TM2","lower","4.5",NA,NA,NA,"red","yellow","N",NA,NA,32,14,"<1mm","10.3",NA,"P","2.0","1.0",3,NA,NA,NA,"N","0.0",NA,NA,NA,NA,"(checking note: #flowers entered as 0 but physical data sheet has 0+2)",0.5
NA,NA,2017,2017-05-31,NA,"TM2","lower","5.5",NA,NA,NA,"none","none","N",NA,NA,31,23,"1.17","12.9",NA,"P","0.0","1.0",3.4,NA,NA,NA,"N","0.0",NA,NA,NA,NA,NA,1.17
NA,NA,2017,2017-05-31,NA,"TM2","lower","4.5",NA,NA,NA,"red","none",NA,NA,NA,NA,NA,NA,NA,NA,NA,NA,NA,NA,NA,NA,NA,NA,NA,NA,NA,NA,NA,NA,NA
NA,NA,2017,2017-05-31,NA,"TM2","lower","4.5",NA,NA,NA,"orange","green","N",NA,NA,33,17,"~1mm","24.1",NA,"P","2.0","4.0",5.1,NA,NA,NA,"Y","1b",NA,NA,NA,NA,NA,0.5
NA,NA,2017,2017-05-31,NA,"TM2","lower","5.5",NA,NA,NA,"none","none","N",NA,NA,30,25,"<1mm","8.3",NA,"V",NA,NA,NA,NA,NA,NA,"N","0.0",NA,NA,NA,NA,NA,0.5
NA,NA,2017,2017-05-31,NA,"TM2","lower","5.5",NA,NA,NA,"red","yellow","N",NA,NA,34,9,"<1mm","15.2",NA,"P","0.0","1.0",4.1,NA,NA,NA,"N","0.0",NA,NA,NA,NA,NA,0.5
NA,NA,2017,2017-05-31,NA,"TM2","lower","5.5",NA,NA,NA,"red","yellow","N",NA,NA,36,10,"1.5","20.1",NA,"P","0.0","5.0",3.8,NA,NA,NA,"N","0.0",NA,NA,NA,NA,NA,1.5
NA,NA,2017,2017-05-31,NA,"TM2","lower","4.5",NA,NA,NA,"red","green","N",NA,NA,33,16,"<1mm","12.7",NA,"P","0.0","2.0",2.9,NA,NA,NA,"Y","3a",NA,NA,NA,NA,NA,0.5
NA,NA,2017,2017-05-31,NA,"TM2","lower","4.5",NA,NA,NA,"red","none","N",NA,NA,34,16,"<1mm","6.6",NA,"P","0.0","1.0",3.1,NA,NA,NA,"N","0.0",NA,NA,NA,NA,NA,0.5
NA,NA,2017,2017-05-31,NA,"TM2","lower","5.5",NA,NA,NA,"red","red","N",NA,NA,36,4,"1.46","21.1",NA,"P","0.0","3.0",5.7,NA,NA,NA,"N","0.0",NA,NA,NA,NA,NA,1.46
NA,NA,2017,2017-05-31,NA,"TM2","lower","4.5",NA,NA,NA,"orange","yellow","N",NA,NA,44,6,"<1mm","16.5",NA,"P","0.0","2.0",4.2,NA,NA,NA,"N","0.0",NA,NA,NA,NA,NA,0.5
NA,NA,2017,2017-05-31,NA,"TM2","lower","4.5",NA,NA,NA,"orange","green","N",NA,NA,48,5,NA,NA,NA,NA,NA,NA,NA,NA,NA,NA,NA,NA,NA,NA,NA,NA,NA,NA
NA,NA,2017,2017-05-31,NA,"TM2","lower","6.5",NA,NA,NA,"none","none","N",NA,NA,5,5,"<1mm","13.2",NA,"P","0.0","1.0",4.2,NA,NA,NA,"N","0.0",NA,NA,NA,NA,NA,0.5
NA,NA,2017,2017-05-31,NA,"TM2","lower","4.5",NA,NA,NA,"red","green","N",NA,NA,48,3,"<1mm","18.1",NA,"P","4.0","1.0",5.7,NA,NA,NA,"Y","1a",NA,NA,NA,NA,"(checking note: #flowers entered as 0 but physical data sheet has 0+4)",0.5
NA,NA,2017,2017-05-31,NA,"TM2","lower","6.5",NA,NA,NA,"none","none","N",NA,NA,3,9,"<1mm","8.7",NA,"P","0.0","1.0",2.1,NA,NA,NA,"N","0.0",NA,NA,NA,NA,NA,0.5
NA,NA,2017,2017-05-31,NA,"TM2","lower","4.5",NA,NA,NA,"orange","green","N",NA,NA,48.5,4,"<1mm","11.5",NA,NA,NA,NA,NA,NA,NA,NA,"Y","2b",NA,NA,NA,NA,"a lot of damage",0.5
NA,NA,2017,2017-05-31,NA,"TM2","lower","6.5",NA,NA,NA,"yellow","yellow","N",NA,NA,12,12,"1.37","22.2",NA,"S","0.0","0.0",NA,NA,NA,NA,"N","0.0",NA,NA,NA,NA,NA,1.37
NA,NA,2017,2017-05-31,NA,"TM2","lower","6.5",NA,NA,NA,"orange","red","N",NA,NA,11,13,"<1mm","10.0",NA,"P","0.0","1.0",3.5,NA,NA,NA,"N","0.0",NA,NA,NA,NA,NA,0.5
NA,NA,2017,2017-05-31,NA,"TM2","lower","4.5",NA,NA,NA,"red","yellow","N",NA,NA,49,3,"~1mm","17.1",NA,"P","0.0","3.0",4.6,NA,NA,NA,"Y","1b",NA,NA,NA,NA,NA,0.5
NA,NA,2017,2017-05-31,NA,"TM2","lower","6.5",NA,NA,NA,"red","yellow","Y",NA,NA,9,17,"2.54","26.4",NA,"P","0.0","8.0",5.2,NA,NA,NA,"N","0.0",NA,NA,NA,NA,NA,2.54
NA,NA,2017,2017-05-31,NA,"TM2","lower","4.5",NA,NA,NA,"orange","white","N",NA,NA,49,1,"<1mm","8.3",NA,NA,NA,NA,NA,NA,NA,NA,"Y","2b",NA,NA,NA,NA,"a lot of damage",0.5
NA,NA,2017,2017-05-31,NA,"TM2","lower","6.5",NA,NA,NA,"red","yellow","N",NA,NA,6,19,"1.37","24.8",NA,"P","0.0","2.0",5.8,NA,NA,NA,"N","0.0",NA,NA,NA,NA,NA,1.37
NA,NA,2017,2017-05-31,NA,"TM2","lower","6.5",NA,NA,NA,"red","green","N",NA,NA,38,24,"<1mm","12.1",NA,"P","0.0","1.0",2.9,NA,NA,NA,"N","0.0",NA,NA,NA,NA,NA,0.5
NA,NA,2017,2017-05-31,NA,"TM2","lower","6.5",NA,NA,NA,"red","yellow","N",NA,NA,44,20,"<1mm","19.3",NA,"P","0.0","1.0",4.7,NA,NA,NA,"N","0.0",NA,NA,NA,NA,NA,0.5
NA,NA,2017,2017-05-31,NA,"TM2","lower","6.0",NA,NA,NA,"red","red","N",NA,NA,1,4,"1.48","23.9",NA,"P","0.0","3.0",4.9,NA,NA,NA,"N","0.0",NA,NA,NA,NA,NA,1.48
NA,NA,2017,2017-05-31,NA,"TM2","lower","7.0",NA,NA,NA,"red","yellow","N",NA,NA,1,20,"1.57","26.6",NA,"P","0.0","4.0",5.9,NA,NA,NA,"N","0.0",NA,NA,NA,NA,NA,1.57
NA,NA,2017,2017-05-31,NA,"TM2","lower","6.0",NA,NA,NA,"orange","yellow","N",NA,NA,2,2,"1.29","21.5",NA,"P","0.0","3.0",5.3,NA,NA,NA,"N","0.0",NA,NA,NA,NA,NA,1.29
NA,NA,2017,2017-05-31,NA,"TM2","lower","6.0",NA,NA,NA,"red","green","N",NA,NA,7,2,"<1mm","15.6",NA,"P","0.0","1.0",3.6,NA,NA,NA,"N","0.0",NA,NA,NA,NA,NA,0.5
NA,NA,2017,2017-05-31,NA,"TM2","lower","7.0",NA,NA,NA,"red","green","N",NA,NA,3,19,"<1mm","10.7",NA,"P","0.0","1.0",2.3,NA,NA,NA,"Y","1a",NA,NA,NA,NA,NA,0.5
NA,NA,2017,2017-05-31,NA,"TM2","lower","6.0",NA,NA,NA,"orange","yellow","Y",NA,NA,4,17,"2.02","30.5",NA,"F","1.0","4.0",6.8,NA,NA,NA,"Y","3a",NA,NA,NA,NA,NA,2.02
NA,NA,2017,2017-05-31,NA,"TM2","lower","7.0",NA,NA,NA,"yellow","green","N",NA,NA,4,9,"<1mm","7.4",NA,"P","0.0","1.0",1.4,NA,NA,NA,"N","0.0",NA,NA,NA,NA,NA,0.5
NA,NA,2017,2017-05-31,NA,"TM2","lower","6.0",NA,NA,NA,"red","red","N",NA,NA,7,19,"1.76","27.9",NA,"P","2.0","2.0",2.5,NA,NA,NA,"N","0.0",NA,NA,NA,NA,"2 aborted flowers",1.76
NA,NA,2017,2017-05-31,NA,"TM2","lower","7.0",NA,NA,NA,"none","none","N",NA,NA,18,5,"<1mm","21.7",NA,"P","0.0","2.0",4.6,NA,NA,NA,"N","0.0",NA,NA,NA,NA,"3 aborted flowers",0.5
NA,NA,2017,2017-05-31,NA,"TM2","lower","6.0",NA,NA,NA,"red","red","N",NA,NA,11,2,"1.57","26.8",NA,"P","0.0","4.0",7.1,NA,NA,NA,"N","0.0",NA,NA,NA,NA,NA,1.57
NA,NA,2017,2017-05-31,NA,"TM2","lower","7.0",NA,NA,NA,"orange","none","N",NA,NA,NA,NA,NA,NA,NA,NA,NA,NA,NA,NA,NA,NA,NA,NA,NA,NA,NA,NA,NA,NA
NA,NA,2017,2017-05-31,NA,"TM2","lower","6.0",NA,NA,NA,"red","green","N",NA,NA,10,8,"<1mm","16.1",NA,"V","0.0","0.0",NA,NA,NA,NA,"Y","1b",NA,NA,NA,NA,NA,0.5
NA,NA,2017,2017-05-31,NA,"TM2","lower","7.0",NA,NA,NA,"red","yellow","N",NA,NA,34,20,"<1mm","12.0",NA,"P","0.0","1.0",3,NA,NA,NA,"N","0.0",NA,NA,NA,NA,"2 aborted flowers",0.5
NA,NA,2017,2017-05-31,NA,"TM2","lower","6.0",NA,NA,NA,"red","yellow","N",NA,NA,15,11,"1.54","22.7",NA,"P","0.0","3.0",4.4,NA,NA,NA,"N","0.0",NA,NA,NA,NA,NA,1.54
NA,NA,2017,2017-05-31,NA,"TM2","lower","7.0",NA,NA,NA,"orange","green","N",NA,NA,33,18,"<1mm","16.9",NA,"B","0.0","0.0",NA,NA,NA,NA,"Y","1a",NA,NA,NA,NA,NA,0.5
NA,NA,2017,2017-05-31,NA,"TM2","lower","6.0",NA,NA,NA,"none","none","N",NA,NA,16,17,"1.13","13.4",NA,"P","0.0","1.0",3.4,NA,NA,NA,"Y","1b",NA,NA,NA,NA,"2 aborted flowers",1.13
NA,NA,2017,2017-05-31,NA,"TM2","lower","7.0",NA,NA,NA,"red","red","N",NA,NA,23,19,"1.56","24.9",NA,"P","0.0","2.0",5.6,NA,NA,NA,"N","0.0",NA,NA,NA,NA,"3 aborted flowers",1.56
NA,NA,2017,2017-05-31,NA,"TM2","lower","6.0",NA,NA,NA,"orange","yellow","N",NA,NA,19,1,"~1mm","16.9",NA,"P","0.0","1.0",3,NA,NA,NA,"Y","3a",NA,NA,NA,NA,NA,0.5
NA,NA,2017,2017-05-31,NA,"TM2","lower","7.0",NA,NA,NA,"orange","red","Y",NA,NA,35,20,"3.09","35.5",NA,"P","0.0","13.0",7.4,NA,NA,NA,"N","0.0",NA,NA,NA,NA,"3 aborted flowers",3.09
NA,NA,2017,2017-05-31,NA,"TM2","lower","6.0",NA,NA,NA,"red","yellow","Y",NA,NA,21,9,"4.17","40.5",NA,"P","0.0","9.0",6.4,NA,NA,NA,"Y","2b",NA,NA,NA,NA,"1 aborted flower",4.17
NA,NA,2017,2017-05-31,NA,"TM2","lower","6.0",NA,NA,NA,"none","none","N",NA,NA,12,19,"1.37","27.4",NA,"P","0.0","3.0",4.8,NA,NA,NA,"N","0.0",NA,NA,NA,NA,NA,1.37
NA,NA,2017,2017-05-31,NA,"TM2","lower","7.0",NA,NA,NA,"red","yellow","N",NA,NA,37,2,"~1mm","18.0",NA,"P","0.0","4.0",5.9,NA,NA,NA,"N","0.0",NA,NA,NA,NA,NA,0.5
NA,NA,2017,2017-05-31,NA,"TM2","lower","7.0",NA,NA,NA,"orange","green","N",NA,NA,44,20,"~1mm","23.4",NA,"P","0.0","2.0",4.4,NA,NA,NA,"Y","1a",NA,NA,NA,NA,"2 aborted flowers",0.5
NA,NA,2017,2017-05-31,NA,"TM2","lower","6.0",NA,NA,NA,"red","yellow","Y",NA,NA,25,6,"2.71","34.5",NA,"P","0.0","13.0",7.4,NA,NA,NA,"N","0.0",NA,NA,NA,NA,NA,2.71
NA,NA,2017,2017-05-31,NA,"TM2","lower","7.0",NA,NA,NA,"orange","yellow","N",NA,NA,49,1,"<1mm","17.1",NA,"P","0.0","1.0",3.2,NA,NA,NA,"N","0.0",NA,NA,NA,NA,"1 aborted flower",0.5
NA,NA,2017,2017-05-31,NA,"TM2","lower","6.0",NA,NA,NA,"orange","red","N",NA,NA,27,9,"1.71","24.7",NA,"P","0.0","4.0",5.7,NA,NA,NA,"N","0.0",NA,NA,NA,NA,NA,1.71
NA,NA,2017,2017-05-31,NA,"TM2","lower","7.0",NA,NA,NA,"orange","yellow","N",NA,NA,1,6,"1.88","28.1",NA,"P","0.0","3.0",6.1,NA,NA,NA,"N","0.0",NA,NA,NA,NA,NA,1.88
NA,NA,2017,2017-05-31,NA,"TM2","lower","6.0",NA,NA,NA,"orange","green","N",NA,NA,28,10,"<1mm","17.3",NA,"P","0.0","1.0",5.6,NA,NA,NA,"N","0.0",NA,NA,NA,NA,NA,0.5
NA,NA,2017,2017-05-31,NA,"TM2","lower","6.0",NA,NA,NA,"orange","red","N",NA,NA,29,13,"1.5","30.9",NA,"P","0.0","4.0",7.5,NA,NA,NA,"N","0.0",NA,NA,NA,NA,NA,1.5
NA,NA,2017,2017-05-31,NA,"TM2","lower","7.0",NA,NA,NA,"red","green","N",NA,NA,4,16,"~1mm","20.9",NA,"P","0.0","2.0",4.1,NA,NA,NA,"Y","3b",NA,NA,NA,NA,NA,0.5
NA,NA,2017,2017-05-31,NA,"TM2","lower","6.0",NA,NA,NA,"orange","green","N",NA,NA,28,14,"<1mm","17.4",NA,"P","0.0","1.0",3.8,NA,NA,NA,"N","0.0",NA,NA,NA,NA,NA,0.5
NA,NA,2017,2017-05-31,NA,"TM2","lower","6.0",NA,NA,NA,"orange","yellow","N",NA,NA,31,13,"1.29","31.4",NA,"P","0.0","3.0",6.1,NA,NA,NA,"N","0.0",NA,NA,NA,NA,NA,1.29
NA,NA,2017,2017-05-31,NA,"TM2","lower","7.0",NA,NA,NA,"yellow","green","N",NA,NA,8,19,"~1mm","16.3",NA,"P","0.0","1.0",3.7,NA,NA,NA,"Y","2b",NA,NA,NA,NA,NA,0.5
NA,NA,2017,2017-05-31,NA,"TM2","lower","6.0",NA,NA,NA,"red","red","Y",NA,NA,30,11,"3.15","35.5",NA,"P","0.0","18.0",6,NA,NA,NA,"N","0.0",NA,NA,NA,NA,NA,3.15
NA,NA,2017,2017-05-31,NA,"TM2","lower","7.0",NA,NA,NA,"red","yellow","Y",NA,NA,14,12,"2.14","26.1",NA,"P","0.0","3.0",5.5,NA,NA,NA,"Y","2b",NA,NA,NA,NA,NA,2.14
NA,NA,2017,2017-05-31,NA,"TM2","lower","6.0",NA,NA,NA,"orange","green","Y",NA,NA,31,9,"2.92","28.1",NA,"P","0.0","17.0",7.7,NA,NA,NA,"Y","2b",NA,NA,NA,NA,NA,2.92
NA,NA,2017,2017-05-31,NA,"TM2","lower","7.0",NA,NA,NA,"red","green","N",NA,NA,15,12,"1.82","19.1",NA,NA,NA,NA,NA,NA,NA,NA,"Y","2b",NA,NA,NA,NA,NA,1.82
NA,NA,2017,2017-05-31,NA,"TM2","lower","7.0",NA,NA,NA,"red","yellow","Y",NA,NA,13,15,"3.2","41.1",NA,"P","0.0","6.0",5.2,NA,NA,NA,"Y","1b",NA,NA,NA,NA,"3 aborted flowers",3.2
NA,NA,2017,2017-05-31,NA,"TM2","lower","6.0",NA,NA,NA,"orange","yellow","Y",NA,NA,32,18,"2.83","36.9",NA,"P","0.0","9.0",7.8,NA,NA,NA,"N","0.0",NA,NA,NA,NA,"1 aborted flower",2.83
NA,NA,2017,2017-05-31,NA,"TM2","lower","7.0",NA,NA,NA,"red","green",NA,NA,NA,NA,NA,NA,NA,NA,NA,NA,NA,NA,NA,NA,NA,NA,NA,NA,NA,NA,NA,"dead",NA
NA,NA,2017,2017-05-31,NA,"TM2","lower","7.0",NA,NA,NA,"red","yellow","N",NA,NA,20,18,"<1mm","22.6",NA,NA,NA,NA,NA,NA,NA,NA,"Y","2b",NA,NA,NA,NA,NA,0.5
NA,NA,2017,2017-05-31,NA,"TM2","lower","6.0",NA,NA,NA,"none","none","N",NA,NA,33,7,"<1mm","16.1",NA,"P","0.0","2.0",3.4,NA,NA,NA,"N","0.0",NA,NA,NA,NA,NA,0.5
NA,NA,2017,2017-05-31,NA,"TM2","lower","6.0",NA,NA,NA,"red","red","Y",NA,NA,35,6,"2.21","31.4",NA,"P","0.0","7.0",6.1,NA,NA,NA,"N","0.0",NA,NA,NA,NA,NA,2.21
NA,NA,2017,2017-05-31,NA,"TM2","lower","7.0",NA,NA,NA,"orange","red","Y",NA,NA,40,2,"2.33","32.1",NA,"P","0.0","4.0",6.3,NA,NA,NA,"Y","2a",NA,NA,NA,NA,NA,2.33
NA,NA,2017,2017-05-31,NA,"TM2","lower","6.0",NA,NA,NA,"orange","yellow","N",NA,NA,40,17,"<1mm","19.8",NA,"P","0.0","2.0",4.9,NA,NA,NA,"N","0.0",NA,NA,NA,NA,NA,0.5
NA,NA,2017,2017-05-31,NA,"TM2","lower","6.0",NA,NA,NA,"red","green","N",NA,NA,38,7,"<1mm","15.3",NA,"P","0.0","1.0",3.5,NA,NA,NA,"N","0.0",NA,NA,NA,NA,NA,0.5
NA,NA,2017,2017-05-31,NA,"TM2","lower","8.0",NA,NA,NA,"orange","red","N",NA,NA,0,12,"1.94","26.7",NA,"P","0.0","2.0",4.3,NA,NA,NA,"Y","1b 2a",NA,NA,NA,NA,NA,1.94
NA,NA,2017,2017-05-31,NA,"TM2","lower","6.0",NA,NA,NA,"orange","red","N",NA,NA,40,8,"1.4","28.4",NA,"P","0.0","4.0",5.2,NA,NA,NA,"Y","3a",NA,NA,NA,NA,NA,1.4
NA,NA,2017,2017-05-31,NA,"TM2","lower","6.0",NA,NA,NA,"red","yellow","N",NA,NA,39,1,"1.5","22.6",NA,"P","0.0","4.0",6.4,NA,NA,NA,"N","0.0",NA,NA,NA,NA,"top broken - ecologist ent",1.5
NA,NA,2017,2017-05-31,NA,"TM2","lower","6.0",NA,NA,NA,"red","red","N",NA,NA,44,2,"~1mm","22.9",NA,"P","0.0","3.0",5.2,NA,NA,NA,"N","0.0",NA,NA,NA,NA,NA,0.5
NA,NA,2017,2017-05-31,NA,"TM2","lower","8.5",NA,NA,NA,NA,NA,NA,NA,NA,NA,NA,NA,NA,NA,NA,NA,NA,NA,NA,NA,NA,NA,NA,NA,NA,NA,NA,"no plants",NA
NA,NA,2017,2017-05-31,NA,"TM2","lower","9.0",NA,NA,NA,NA,NA,NA,NA,NA,NA,NA,NA,NA,NA,NA,NA,NA,NA,NA,NA,NA,NA,NA,NA,NA,NA,NA,"no plants",NA
NA,NA,2017,2017-05-31,NA,"TM2","lower","9.5",NA,NA,NA,NA,NA,NA,NA,NA,NA,NA,NA,NA,NA,NA,NA,NA,NA,NA,NA,NA,NA,NA,NA,NA,NA,NA,"no plants",NA
NA,NA,2017,2017-05-31,NA,"TM2","lower","10.0",NA,NA,NA,"orange","green","N",NA,NA,28,24,"1.35","18.6",NA,"P","0.0","1.0",1.5,NA,NA,NA,"N","0.0",NA,NA,NA,NA,"1 aborted flower",1.35
NA,NA,2017,2017-05-31,NA,"TM2","lower","10.0",NA,NA,NA,"red","red","Y",NA,NA,35,19,"3.53","35.9",NA,"P","0.0","17.0",7,NA,NA,NA,"N","0.0",NA,NA,NA,NA,"3 aborted flowers",3.53
NA,NA,2017,2017-05-31,NA,"TM2","lower","8.0",NA,NA,NA,"yellow","yellow","Y",NA,NA,5,24,"2.24","23.2",NA,"P","0.0","1.0",3.5,NA,NA,NA,"Y","2a",NA,NA,NA,NA,"3 aborted flowers",2.24
NA,NA,2017,2017-05-31,NA,"TM2","lower","10.0",NA,NA,NA,"red","green","N",NA,NA,40,11,"1.94","23.1",NA,"P","0.0","0.0",NA,NA,NA,NA,"N","0.0",NA,NA,NA,NA,"1 aborted fruit; 2 aborted buds",1.94
NA,NA,2017,2017-05-31,NA,"TM2","lower","8.0",NA,NA,NA,"red","blue","N",NA,NA,13,4,"1.56","18.9",NA,"F","0.0","0.0",NA,NA,NA,NA,"Y","1a 2b",NA,NA,NA,NA,"3 aborted flowers",1.56
NA,NA,2017,2017-05-31,NA,"TM2","lower","8.0",NA,NA,NA,"red","red","N",NA,NA,12,17,"1.79","27.5",NA,"P","0.0","8.0",4.1,NA,NA,NA,"N","0.0",NA,NA,NA,NA,NA,1.79
NA,NA,2017,2017-05-31,NA,"TM2","lower","8.0",NA,NA,NA,"red","yellow","Y",NA,NA,12,17,"2.13","36.8",NA,"P","0.0","7.0",6.2,NA,NA,NA,"Y","1b",NA,NA,NA,NA,NA,2.13
NA,NA,2017,2017-05-31,NA,"TM2","lower","8.0",NA,NA,NA,"red","yellow","N",NA,NA,20,17,"1.7","17.6",NA,"P","0.0","2.0",4.7,NA,NA,NA,"Y","1b",NA,NA,NA,NA,NA,1.7
NA,NA,2017,2017-05-31,NA,"TM2","lower","8.0",NA,NA,NA,"red","yellow","N",NA,NA,28,20,"~1mm","15.1",NA,"P","0.0","2.0",3.4,NA,NA,NA,"Y","1a 2a",NA,NA,NA,NA,NA,0.5
NA,NA,2017,2017-05-31,NA,"TM2","lower","8.0",NA,NA,NA,"red","red","Y",NA,NA,31,17,"2.01","21.5",NA,"P","0.0","3.0",6.3,NA,NA,NA,"Y","1a",NA,NA,NA,NA,NA,2.01
NA,NA,2017,2017-05-31,NA,"TM2","lower","10.5",NA,NA,NA,NA,NA,NA,NA,NA,NA,NA,NA,NA,NA,NA,NA,NA,NA,NA,NA,NA,NA,NA,NA,NA,NA,NA,"no plants",NA
NA,NA,2017,2017-05-31,NA,"TM2","lower","11.0",NA,NA,NA,"orange","red","Y",NA,NA,20,9,"2.66","28.5",NA,"P","4.0","6.0",6.7,NA,NA,NA,"Y","1a 2a",NA,NA,NA,NA,"4 aborted flowers",2.66
NA,NA,2017,2017-05-31,NA,"TM2","lower","13.5",NA,NA,NA,"yellow","yellow","Y",NA,NA,9,5,"2.84","30.1",NA,"F","3.0","2.0",8.2,NA,NA,NA,"Y","1a",NA,NA,NA,NA,"1 aborted flower",2.84
NA,NA,2017,2017-05-31,NA,"TM2","lower","11.0",NA,NA,NA,"none","none","N",NA,NA,45,7,"<1mm","8.5",NA,"P","0.0","1.0",2.5,NA,NA,NA,"Y","1a",NA,NA,NA,NA,NA,0.5
NA,NA,2017,2017-05-31,NA,"TM2","lower","14.5",NA,NA,NA,"orange","white","N",NA,NA,2,2,"1.76","13.8",NA,"P","0.0","1.0",5.9,NA,NA,NA,"Y","2b",NA,NA,NA,NA,NA,1.76
NA,NA,2017,2017-05-31,NA,"TM2","lower","11.5",NA,NA,NA,NA,NA,NA,NA,NA,NA,NA,NA,NA,NA,NA,NA,NA,NA,NA,NA,NA,NA,NA,NA,NA,NA,NA,NA,NA
NA,NA,2017,2017-05-31,NA,"TM2","lower","12.0",NA,NA,NA,NA,NA,NA,NA,NA,NA,NA,NA,NA,NA,NA,NA,NA,NA,NA,NA,NA,NA,NA,NA,NA,NA,NA,NA,NA
NA,NA,2017,2017-05-31,NA,"TM2","lower","13.0",NA,NA,NA,NA,NA,NA,NA,NA,NA,NA,NA,NA,NA,NA,NA,NA,NA,NA,NA,NA,NA,NA,NA,NA,NA,NA,NA,NA
NA,NA,2017,2017-05-31,NA,"TM2","lower","14.0",NA,NA,NA,"red","green","N",NA,NA,1,5,"~1mm","18.3",NA,"P","0.0","1.0",4.4,NA,NA,NA,"Y","1b",NA,NA,NA,NA,NA,0.5
NA,NA,2017,2017-05-31,NA,"TM2","lower","14.5",NA,NA,NA,"red","yellow","N",NA,NA,5,9,"1.45",NA,NA,NA,NA,NA,NA,NA,NA,NA,"Y","2b",NA,NA,NA,NA,"top eaten",1.45
NA,NA,2017,2017-05-31,NA,"TM2","lower","14.0",NA,NA,NA,"red","green","N",NA,NA,26,6,"1.62","26.0",NA,"P","0.0","1.0",3,NA,NA,NA,"Y","1a",NA,NA,NA,NA,NA,1.62
NA,NA,2017,2017-05-31,NA,"TM2","lower","14.5",NA,NA,NA,"yellow","green","N",NA,NA,15,4,"<1mm","8.0",NA,"V",NA,NA,NA,NA,NA,NA,"N","0.0",NA,NA,NA,NA,NA,0.5
NA,NA,2017,2017-05-31,NA,"TM2","lower","14.5",NA,NA,NA,"red","red","N",NA,NA,16,13,"1.76","25.7",NA,"P","0.0","2.0",6.8,NA,NA,NA,"N","0.0",NA,NA,NA,NA,NA,1.76
NA,NA,2017,2017-05-31,NA,"TM2","lower","14.0",NA,NA,NA,"red","red","N",NA,NA,37,2,"1.84","31.0",NA,"P","0.0","4.0",4.1,NA,NA,NA,"Y","1a 2a 3a",NA,NA,NA,NA,NA,1.84
NA,NA,2017,2017-05-31,NA,"TM2","lower","14.5",NA,NA,NA,"red","green","N",NA,NA,19,14,"1.78","31.5",NA,"S","0.0","2.0",6.7,NA,NA,NA,"Y","3a",NA,NA,NA,NA,NA,1.78
NA,NA,2017,2017-05-31,NA,"TM2","lower","14.5",NA,NA,NA,"red","red","N",NA,NA,21,13,"1.92","22.5",NA,"S","0.0","2.0",5.7,NA,NA,NA,"Y","3a",NA,NA,NA,NA,NA,1.92
NA,NA,2017,2017-05-31,NA,"TM2","lower","14.0",NA,NA,NA,"red","red","Y",NA,NA,37,3,"2.13","27.2",NA,"P","0.0","3.0",4.2,NA,NA,NA,"Y","1a 3a",NA,NA,NA,NA,NA,2.13
NA,NA,2017,2017-05-31,NA,"TM2","lower","14.5",NA,NA,NA,"orange","yellow","N",NA,NA,26,4,"1.14","21.5",NA,"S","0.0","2.0",4.5,NA,NA,NA,"N","0.0",NA,NA,NA,NA,"2 aborted flowers",1.14
NA,NA,2017,2017-05-31,NA,"TM2","lower","14.0",NA,NA,NA,"red","yellow","Y",NA,NA,42,18,"2.2","31.4",NA,"P","0.0","5.0",5.6,NA,NA,NA,"Y","1b",NA,NA,NA,NA,NA,2.2
NA,NA,2017,2017-05-31,NA,"TM2","lower","14.5",NA,NA,NA,"none","none","Y",NA,NA,18,3,"2.67","27.5",NA,"P","0.0","9.0",5,NA,NA,NA,"Y","3a",NA,NA,NA,NA,NA,2.67
NA,NA,2017,2017-05-31,NA,"TM2","lower","14.0",NA,NA,NA,"none","none","N",NA,NA,45,0,"1.73","28.5",NA,"P","0.0","1.0",4.7,NA,NA,NA,"Y","1b",NA,NA,NA,NA,"2 aborted flowers",1.73
NA,NA,2017,2017-05-31,NA,"TM2","lower","14.0",NA,NA,NA,"none","none","Y",NA,NA,45,0,"2.15","33.0",NA,"P","0.0","2.0",7.3,NA,NA,NA,"Y","3a",NA,NA,NA,NA,NA,2.15
NA,NA,2017,2017-05-31,NA,"TM2","lower","14.5",NA,NA,NA,"none","none","N",NA,NA,27,20,"1.37","16.6",NA,"S","0.0","0.0",NA,NA,NA,NA,"N","0.0",NA,NA,NA,NA,NA,1.37
NA,NA,2017,2017-05-31,NA,"TM2","lower","14.5",NA,NA,NA,"none","none","N",NA,NA,33,9,"<1mm","12.2",NA,"S","0.0","0.0",NA,NA,NA,NA,"N","0.0",NA,NA,NA,NA,"1 aborted flower",0.5
NA,NA,2017,2017-05-31,NA,"TM2","lower","14.5",NA,NA,NA,"red","yellow","N",NA,NA,35,17,"1.33","26.5",NA,"P","0.0","1.0",4.3,NA,NA,NA,"Y","2b",NA,NA,NA,NA,NA,1.33
NA,NA,2017,2017-05-31,NA,"TM2","lower","14.5",NA,NA,NA,"orange","yellow","N",NA,NA,37,6,"~1mm","19.9",NA,"P","0.0","1.0",4.9,NA,NA,NA,"N","0.0",NA,NA,NA,NA,NA,0.5
NA,NA,2017,2017-05-31,NA,"TM2","lower","14.5",NA,NA,NA,"red","yellow","N",NA,NA,41,6,"1.74","28.1",NA,"P","0.0","6.0",5.7,NA,NA,NA,"Y","3a",NA,NA,NA,NA,NA,1.74
NA,NA,2017,2017-05-31,NA,"TM2","lower","14.5",NA,NA,NA,"orange","yellow","N",NA,NA,42,4,"<1mm","24.5",NA,NA,NA,NA,NA,NA,NA,NA,"Y","3b",NA,NA,NA,NA,"top broken off",0.5
NA,NA,2017,2017-05-31,NA,"TM2","lower","14.5",NA,NA,NA,"none","none","Y",NA,NA,45,14,"2.39","29.4",NA,"P","0.0","6.0",6.4,NA,NA,NA,"N","0.0",NA,NA,NA,NA,NA,2.39
NA,NA,2017,2017-05-31,NA,"TM2","lower","15.0",NA,NA,NA,"red","yellow","Y",NA,NA,4,9,"2.26","26.9",NA,"P","0.0","2.0",5.7,NA,NA,NA,"Y","2b",NA,NA,NA,NA,NA,2.26
NA,NA,2017,2017-05-31,NA,"TM2","lower","15.0",NA,NA,NA,"red","yellow","N",NA,NA,11,7,"~1mm","20.9",NA,"P","0.0","3.0",4.8,NA,NA,NA,"Y","3a",NA,NA,NA,NA,NA,0.5
NA,NA,2017,2017-05-31,NA,"TM2","lower","15.0",NA,NA,NA,"red","yellow","N",NA,NA,14,7,"~1mm","23.7",NA,"P","0.0","3.0",5.3,NA,NA,NA,"N","0.0",NA,NA,NA,NA,NA,0.5
NA,NA,2017,2017-05-31,NA,"TM2","lower","15.0",NA,NA,NA,"red","yellow","N",NA,NA,16,2,"~1mm","23.4",NA,"P","0.0","2.0",3.6,NA,NA,NA,"Y","3a",NA,NA,NA,NA,NA,0.5
NA,NA,2017,2017-05-31,NA,"TM2","lower","15.0",NA,NA,NA,"red","yellow","N",NA,NA,32,16,"~1mm","19.5",NA,"P","0.0","1.0",4.6,NA,NA,NA,"Y","2b",NA,NA,NA,NA,NA,0.5
NA,NA,2017,2017-05-31,NA,"TM2","lower","15.0",NA,NA,NA,"red","yellow","N",NA,NA,34,11,"~1mm","26.2",NA,"S","0.0","2.0",3.6,NA,NA,NA,"N","0.0",NA,NA,NA,NA,NA,0.5
NA,NA,2017,2017-05-31,NA,"TM2","lower","15.0",NA,NA,NA,"red","red","Y",NA,NA,45,24,"2.4","34.2",NA,"P","0.0","5.0",4.6,NA,NA,NA,"N","0.0",NA,NA,NA,NA,NA,2.4
NA,NA,2017,2017-05-31,NA,"TM2","lower","15.0",NA,NA,NA,"red","yellow","N",NA,NA,45,23,"<1mm","21.2",NA,"P","0.0","2.0",4.6,NA,NA,NA,"Y","3a",NA,NA,NA,NA,NA,0.5
NA,NA,2017,2017-05-31,NA,"TM2","lower","15.0",NA,NA,NA,"red",NA,NA,NA,NA,NA,NA,NA,NA,NA,NA,NA,NA,NA,NA,NA,NA,NA,NA,NA,NA,NA,NA,NA,NA
NA,NA,2017,2017-05-31,NA,"TM2","lower","15.0",NA,NA,NA,"orange","none","N",NA,NA,44,16,"<1mm","10.6",NA,NA,NA,NA,NA,NA,NA,NA,"Y","2b",NA,NA,NA,NA,NA,0.5
NA,NA,2017,2017-05-31,NA,"TM2","lower","15.0",NA,NA,NA,"none","none","N",NA,NA,45,1,"<1mm","20.4",NA,"P","0.0","2.0",2.7,NA,NA,NA,"N","0.0",NA,NA,NA,NA,NA,0.5
NA,NA,2017,2017-05-31,NA,"TM2","lower","15.0",NA,NA,NA,"red","green","N",NA,NA,49,10,"<1mm","15.0",NA,NA,NA,NA,NA,NA,NA,NA,"Y","2b",NA,NA,NA,NA,NA,0.5
NA,NA,2017,2017-05-31,NA,"TM2","lower","15.0",NA,NA,NA,"orange","yellow","N",NA,NA,49,13,"1.9","24.9",NA,"P","0.0","3.0",3.2,NA,NA,NA,"Y","2b",NA,NA,NA,NA,NA,1.9
NA,NA,2017,2017-05-31,NA,"TM2","lower","18.5",NA,NA,NA,"red","yellow","Y",NA,NA,45,7,"2.67","32.8",NA,"P","0.0","6.0",5.6,NA,NA,NA,"Y","3a",NA,NA,NA,NA,NA,2.67
NA,NA,2017,2017-05-31,NA,"TM2","lower","18.5",NA,NA,NA,"none","none","N",NA,NA,30,6,"<1mm","19.5",NA,"P","0.0","2.0",5.6,NA,NA,NA,"N","0.0",NA,NA,NA,NA,NA,0.5
NA,NA,2017,2017-05-31,NA,"TM2","lower","18.0",NA,NA,NA,"red","none",NA,NA,NA,21,0,NA,NA,NA,NA,NA,NA,NA,NA,NA,NA,NA,NA,NA,NA,NA,NA,NA,NA
NA,NA,2017,2017-05-31,NA,"TM2","lower","18.0",NA,NA,NA,"orange","green",NA,NA,NA,15,15,NA,NA,NA,NA,NA,NA,NA,NA,NA,NA,NA,NA,NA,NA,NA,NA,NA,NA
NA,NA,2017,2017-05-31,NA,"TM2","lower","18.0",NA,NA,NA,"orange","yellow","N",NA,NA,15,10,"<1mm","21.5",NA,"P","0.0","2.0",5.5,NA,NA,NA,"Y","3b",NA,NA,NA,NA,NA,0.5
NA,NA,2017,2017-05-31,NA,"TM2","lower","18.0",NA,NA,NA,"orange","none","N",NA,NA,16,11,"<1mm","2.6",NA,"V",NA,NA,NA,NA,NA,NA,"N","0.0",NA,NA,NA,NA,NA,0.5
NA,NA,2017,2017-05-31,NA,"TM2","lower","18.0",NA,NA,NA,"orange","none","N",NA,NA,23,9,"<1mm","5.6",NA,NA,NA,NA,NA,NA,NA,NA,"Y","2b",NA,NA,NA,NA,NA,0.5
NA,NA,2017,2017-05-31,NA,"TM2","lower","17.5",NA,NA,NA,"orange","yellow","N",NA,NA,NA,NA,"1.94","28.6",NA,"P","0.0","4.0",5.8,NA,NA,NA,"N","0.0",NA,NA,NA,NA,"(not wrapped if <2mm in diameter)",1.94
NA,NA,2017,2017-05-31,NA,"TM2","lower","17.5",NA,NA,NA,"red","yellow","N",NA,NA,NA,NA,"~1mm","24.5",NA,"P","0.0","2.0",4.6,NA,NA,NA,"N","0.0",NA,NA,NA,NA,NA,0.5
NA,NA,2017,2017-05-31,NA,"TM2","lower","17.5",NA,NA,NA,"red",NA,"N",NA,NA,NA,NA,"<1mm","4.3",NA,"V",NA,NA,NA,NA,NA,NA,"N","0.0",NA,NA,NA,NA,NA,0.5
NA,NA,2017,2017-05-31,NA,"TM2","lower","17.5",NA,NA,NA,"orange",NA,"N",NA,NA,NA,NA,"<1mm","2.5",NA,"V",NA,NA,NA,NA,NA,NA,"Y","1a",NA,NA,NA,NA,NA,0.5
NA,NA,2017,2017-05-31,NA,"TM2","lower","17.5",NA,NA,NA,"red",NA,NA,NA,NA,NA,NA,NA,NA,NA,NA,NA,NA,NA,NA,NA,NA,NA,NA,NA,NA,NA,NA,NA,NA
NA,NA,2017,2017-05-31,NA,"TM2","lower","17.5",NA,NA,NA,"red","yellow","N",NA,NA,NA,NA,"<1mm","22.0",NA,"P","0.0","2.0",4.4,NA,NA,NA,"Y","1a",NA,NA,NA,NA,NA,0.5
NA,NA,2017,2017-05-31,NA,"TM2","lower","17.5",NA,NA,NA,"red","yellow","N",NA,NA,NA,NA,"<1mm","16.0",NA,"F","0.0","0.0",NA,NA,NA,NA,"N","0.0",NA,NA,NA,NA,"2 aborted flowers",0.5
NA,NA,2017,2017-05-31,NA,"TM2","lower","17.5",NA,NA,NA,"red","yellow","N",NA,NA,NA,NA,"<1mm","18.2",NA,"P","0.0","2.0",3.9,NA,NA,NA,"N","0.0",NA,NA,NA,NA,NA,0.5
NA,NA,2017,2017-05-31,NA,"TM2","lower","17.5",NA,NA,NA,"orange","green","N",NA,NA,NA,NA,"<1mm","18.2",NA,"F","0.0","0.0",NA,NA,NA,NA,"N","0.0",NA,NA,NA,NA,"1 aborted flower",0.5
NA,NA,2017,2017-05-31,NA,"TM2","lower","17.5",NA,NA,NA,"red","yellow","N",NA,NA,NA,NA,"<1mm","15.5",NA,"F","0.0","0.0",NA,NA,NA,NA,"N","0.0",NA,NA,NA,NA,NA,0.5
NA,NA,2017,2017-05-31,NA,"TM2","lower","17.5",NA,NA,NA,"red","yellow","N",NA,NA,NA,NA,"<1mm","14.1",NA,"P","0.0","1.0",3.1,NA,NA,NA,"N","0.0",NA,NA,NA,NA,NA,0.5
NA,NA,2017,2017-05-31,NA,"TM2","lower","17.5",NA,NA,NA,"red","green","N",NA,NA,NA,NA,"<1mm","14.8",NA,"F","0.0","0.0",NA,NA,NA,NA,"N","0.0",NA,NA,NA,NA,"1 ab flower",0.5
NA,NA,2017,2017-05-31,NA,"TM2","lower","17.5",NA,NA,NA,"orange","green","N",NA,NA,NA,NA,"<1mm","10.5",NA,NA,NA,NA,NA,NA,NA,NA,"Y","2b",NA,NA,NA,NA,NA,0.5
NA,NA,2017,2017-05-31,NA,"TM2","lower","17.5",NA,NA,NA,"red","none","N",NA,NA,NA,NA,"~1mm","4.5",NA,"V",NA,NA,NA,NA,NA,NA,"N","0.0",NA,NA,NA,NA,NA,0.5
NA,NA,2017,2017-05-31,NA,"TM2","lower","17.5",NA,NA,NA,"orange","green","N",NA,NA,NA,NA,"<1mm","10.5",NA,NA,NA,NA,NA,NA,NA,NA,"Y","2b",NA,NA,NA,NA,NA,0.5
NA,NA,2017,2017-05-31,NA,"TM2","lower","17.5",NA,NA,NA,"red","green","N",NA,NA,NA,NA,"<1mm","15.2",NA,"P","0.0","1.0",3.6,NA,NA,NA,"N","0.0",NA,NA,NA,NA,NA,0.5
NA,NA,2017,2017-05-31,NA,"TM2","lower","17.5",NA,NA,NA,"red","green","N",NA,NA,NA,NA,"dead",NA,NA,NA,NA,NA,NA,NA,NA,NA,NA,NA,NA,NA,NA,NA,NA,NA
NA,NA,2017,2017-05-31,NA,"TM2","lower","17.5",NA,NA,NA,"red","none","N",NA,NA,NA,NA,"dead",NA,NA,NA,NA,NA,NA,NA,NA,NA,NA,NA,NA,NA,NA,NA,NA,NA
NA,NA,2017,2017-05-31,NA,"TM2","lower","17.5",NA,NA,NA,"red","white","N",NA,NA,NA,NA,"dead",NA,NA,NA,NA,NA,NA,NA,NA,NA,NA,NA,NA,NA,NA,NA,NA,NA
NA,NA,2017,2017-05-31,NA,"TM2","lower","17.5",NA,NA,NA,"red","yellow","N",NA,NA,NA,NA,"<1mm","17.2",NA,"P","0.0","2.0",5.8,NA,NA,NA,"N","0.0",NA,NA,NA,NA,NA,0.5
NA,NA,2017,2017-05-31,NA,"TM2","lower","17.5",NA,NA,NA,"red","yellow","N",NA,NA,NA,NA,"<1mm","16.3",NA,NA,NA,NA,NA,NA,NA,NA,"Y","2b",NA,NA,NA,NA,NA,0.5
NA,NA,2017,2017-05-31,NA,"TM2","lower","17.5",NA,NA,NA,"red","yellow","N",NA,NA,NA,NA,"~1mm","27.5",NA,"P","0.0","5.0",6.3,NA,NA,NA,"Y","3a",NA,NA,NA,NA,NA,0.5
NA,NA,2017,2017-05-31,NA,"TM2","lower","17.5",NA,NA,NA,"red","red","N",NA,NA,NA,NA,"~1mm","25.4",NA,"P","0.0","3.0",6.1,NA,NA,NA,"Y","3a",NA,NA,NA,NA,NA,0.5
NA,NA,2017,2017-05-31,NA,"TM2","lower","17.5",NA,NA,NA,"orange","none","N",NA,NA,NA,NA,"~1mm","8.2",NA,"B","0.0",NA,NA,NA,NA,NA,"Y","1a",NA,NA,NA,NA,"2 buds",0.5
NA,NA,2017,2017-05-31,NA,"TM2","lower","17.5",NA,NA,NA,"orange","white","N",NA,NA,NA,NA,"<1mm","17.2",NA,"P","0.0","2.0",2.4,NA,NA,NA,"Y","3a",NA,NA,NA,NA,NA,0.5
NA,NA,2017,2017-05-31,NA,"TM2","lower","17.5",NA,NA,NA,"red","red","N",NA,NA,NA,NA,"<1mm","19.3",NA,NA,NA,NA,NA,NA,NA,NA,"Y","2b",NA,NA,NA,NA,NA,0.5
NA,NA,2017,2017-05-31,NA,"TM2","lower","17.5",NA,NA,NA,"red","red","N",NA,NA,NA,NA,"~1mm","28.3",NA,"P","0.0","4.0",4.7,NA,NA,NA,"N","0.0",NA,NA,NA,NA,NA,0.5
NA,NA,2017,2017-05-31,NA,"TM2","lower","17.5",NA,NA,NA,"red","yellow","N",NA,NA,NA,NA,"<1mm","12.2",NA,"P","0.0","2.0",3.3,NA,NA,NA,"N","0.0",NA,NA,NA,NA,NA,0.5
NA,NA,2017,2017-05-31,NA,"TM2","lower","17.5",NA,NA,NA,"red","green","N",NA,NA,NA,NA,"<1mm","14.6",NA,"P","0.0","1.0",2.2,NA,NA,NA,"N","0.0",NA,NA,NA,NA,NA,0.5
NA,NA,2017,2017-05-31,NA,"TM2","lower","17.5",NA,NA,NA,"red","yellow","N",NA,NA,NA,NA,"<1mm","17.2",NA,NA,NA,NA,NA,NA,NA,NA,"Y","2b",NA,NA,NA,NA,NA,0.5
NA,NA,2017,2017-05-31,NA,"TM2","lower","17.5",NA,NA,NA,"red",NA,"N",NA,NA,NA,NA,"~1mm","6.7",NA,"V",NA,NA,NA,NA,NA,NA,"Y","1a",NA,NA,NA,NA,NA,0.5
NA,NA,2017,2017-05-31,NA,"TM2","lower","17.5",NA,NA,NA,"red","green","N",NA,NA,NA,NA,"<1mm","12.7",NA,NA,NA,NA,NA,NA,NA,NA,"Y","2b",NA,NA,NA,NA,NA,0.5
NA,NA,2017,2017-05-31,NA,"TM2","lower","17.5",NA,NA,NA,"red","yellow","N",NA,NA,NA,NA,"<1mm","18.3",NA,"P","0.0","1.0",1.6,NA,NA,NA,"Y","3b",NA,NA,NA,NA,NA,0.5
NA,NA,2017,2017-05-31,NA,"TM2","lower","17.5",NA,NA,NA,"red","green","N",NA,NA,NA,NA,"<1mm","10.1",NA,"P","0.0","1.0",0.6,NA,NA,NA,"N","0.0",NA,NA,NA,NA,NA,0.5
NA,NA,2017,2017-05-31,NA,"TM2","lower","17.5",NA,NA,NA,"red","yellow","N",NA,NA,NA,NA,"<1mm","27.5",NA,"P","0.0","3.0",4.3,NA,NA,NA,"N","0.0",NA,NA,NA,NA,NA,0.5
NA,NA,2017,2017-05-31,NA,"TM2","lower","17.5",NA,NA,NA,"red","yellow","Y",NA,NA,8,20,"2.51","30.3",NA,"P","0.0","5.0",6.7,NA,NA,NA,"N","0.0",NA,NA,NA,NA,NA,2.51
NA,NA,2017,2017-05-31,NA,"TM2","lower","17.5",NA,NA,NA,"red","green","N",NA,NA,NA,NA,"~1mm","20.5",NA,NA,NA,NA,NA,NA,NA,NA,"Y","2b",NA,NA,NA,NA,NA,0.5
NA,NA,2017,2017-05-31,NA,"TM2","lower","17.5",NA,NA,NA,"red","green","N",NA,NA,NA,NA,"1.86","22.1",NA,"P","0.0","4.0",5.5,NA,NA,NA,"Y","2b 3a",NA,NA,NA,NA,NA,1.86
NA,NA,2017,2017-05-31,NA,"TM2","lower","17.5",NA,NA,NA,"red","green","N",NA,NA,NA,NA,"<1mm","17.1",NA,NA,NA,NA,NA,NA,NA,NA,"Y","2b",NA,NA,NA,NA,NA,0.5
NA,NA,2017,2017-05-31,NA,"TM2","lower","17.5",NA,NA,NA,"orange","green","N",NA,NA,NA,NA,"1.75","19.7",NA,"f","0.0","0.0",NA,NA,NA,NA,"Y","2b",NA,NA,NA,NA,"2 ab flowers",1.75
NA,NA,2017,2017-05-31,NA,"TM2","lower","17.0",NA,NA,NA,"red","yellow","Y",NA,NA,44,8,"2.69","33.5",NA,"p","0.0","3.0",3.8,NA,NA,NA,"Y","2b",NA,NA,NA,NA,"3 ab buds",2.69
NA,NA,2017,2017-05-31,NA,"TM2","lower","17.0",NA,NA,NA,"green","white","N",NA,NA,39,7,"<1mm","8.0",NA,"s","0.0","0.0",NA,NA,NA,NA,"N","0.0",NA,NA,NA,NA,NA,0.5
NA,NA,2017,2017-05-31,NA,"TM2","lower","17.0",NA,NA,NA,"red","yellow","Y",NA,NA,42,20,"3.42","31.5",NA,"p","0.0","11.0",6.1,NA,NA,NA,"Y","2b",NA,NA,NA,NA,NA,3.42
NA,NA,2017,2017-05-31,NA,"TM2","lower","17.0",NA,NA,NA,"red","green","N",NA,NA,40,19,"<1mm","13.1",NA,"s","0.0","0.0",NA,NA,NA,NA,"N","0.0",NA,NA,NA,NA,NA,0.5
NA,NA,2017,2017-05-31,NA,"TM2","lower","17.0",NA,NA,NA,"red","red","N",NA,NA,38,21,"1.18","26.4",NA,"s","0.0","4.0",3.7,NA,NA,NA,"Y","3a",NA,NA,NA,NA,NA,1.18
NA,NA,2017,2017-05-31,NA,"TM2","lower","17.0",NA,NA,NA,"red","yellow","Y",NA,NA,38,22,"2.47","30.4",NA,"p","0.0","5.0",5.7,NA,NA,NA,"Y","2b",NA,NA,NA,NA,NA,2.47
NA,NA,2017,2017-05-31,NA,"TM2","lower","17.0",NA,NA,NA,"none","none","N",NA,NA,38,24,"1.84","31.4",NA,"p","0.0","2.0",4.9,NA,NA,NA,"Y","2b",NA,NA,NA,NA,NA,1.84
NA,NA,2017,2017-05-31,NA,"TM2","lower","17.0",NA,NA,NA,"red","yellow","N",NA,NA,27,4,"<1mm","19.1",NA,"p","0.0","2.0",4.3,NA,NA,NA,"N","0.0",NA,NA,NA,NA,NA,0.5
NA,NA,2017,2017-05-31,NA,"TM2","lower","17.0",NA,NA,NA,"orange","green","N",NA,NA,25,9,"1.66","13.5",NA,"f","1.0","0.0",NA,NA,NA,NA,"Y","2b",NA,NA,NA,NA,"1 bud may get aborted",1.66
NA,NA,2017,2017-05-31,NA,"TM2","lower","17.0",NA,NA,NA,"green","white","N",NA,NA,22,17,"<1mm","7.2",NA,"v",NA,NA,NA,NA,NA,NA,"N","0.0",NA,NA,NA,NA,NA,0.5
NA,NA,2017,2017-05-31,NA,"TM2","lower","17.0",NA,NA,NA,"red","red","N",NA,NA,2,14,"1.66","30.0",NA,"p","0.0","3.0",5.9,NA,NA,NA,"Y","2b",NA,NA,NA,NA,NA,1.66
NA,NA,2017,2017-05-31,NA,"TM2","lower","15.5",NA,NA,NA,"red","none",NA,NA,NA,NA,NA,NA,NA,NA,NA,NA,NA,NA,NA,NA,NA,NA,NA,NA,NA,NA,NA,NA,NA
NA,NA,2017,2017-05-31,NA,"TM2","lower","15.5",NA,NA,NA,"red","yellow",NA,NA,NA,NA,NA,"1.69","23.3",NA,"b/s","0.0",NA,NA,NA,NA,NA,"Y","1a",NA,NA,NA,NA,NA,1.69
NA,NA,2017,2017-05-31,NA,"TM2","lower","17.0",NA,NA,NA,"red","yellow","Y",NA,NA,1,16,"2.83","40.5",NA,"p","0.0","9.0",5.2,NA,NA,NA,"Y","3a",NA,NA,NA,NA,NA,2.83
NA,NA,2017,2017-05-31,NA,"TM2","lower","17.0",NA,NA,NA,"orange","yellow","N",NA,NA,2,22,"1.73","35.5",NA,"p","0.0","4.0",4.4,NA,NA,NA,"Y","2b",NA,NA,NA,NA,NA,1.73
NA,NA,2017,2017-05-31,NA,"TM2","lower","16.5",NA,NA,NA,"yellow","yellow","N",NA,NA,15,25,"1.86","22.9",NA,"s",NA,NA,NA,NA,NA,NA,"Y","2b",NA,NA,NA,NA,"top broken not true height",1.86
NA,NA,2017,2017-05-31,NA,"TM2","lower","16.0",NA,NA,NA,"red","yellow","Y",NA,NA,45,16,"4.94","46.2",NA,"f","1.0","29.0",6.4,NA,NA,NA,"Y","1a 2b 2a",NA,NA,NA,NA,NA,4.94
NA,NA,2017,2017-05-31,NA,"TM2","lower","16.0",NA,NA,NA,"red","yellow","Y",NA,NA,31,10,"4.81","39.5",NA,"f","1.0","16.0",5.8,NA,NA,NA,"Y","2b 3a 2a",NA,NA,NA,NA,NA,4.81
NA,NA,2017,2017-05-31,NA,"TM2","lower","16.0",NA,NA,NA,"yellow","green","Y",NA,NA,37,16,"2.4","20.4",NA,"p","0.0","6.0",4.1,NA,NA,NA,"Y","3a 2b",NA,NA,NA,NA,NA,2.4
NA,NA,2017,2017-05-31,NA,"TM2","lower","16.0",NA,NA,NA,"yellow","red","N",NA,NA,31,18,"~1mm","22.4",NA,"p","0.0","2.0",4.7,NA,NA,NA,"N","0.0",NA,NA,NA,NA,NA,0.5
NA,NA,2017,2017-05-31,NA,"TM2","lower","16.0",NA,NA,NA,"orange","green","N",NA,NA,27,22,"<1mm","8.6",NA,"s","0.0","0.0",NA,NA,NA,NA,"N","0.0",NA,NA,NA,NA,NA,0.5
NA,NA,2017,2017-05-31,NA,"TM2","lower","16.0",NA,NA,NA,"red","green","Y",NA,NA,13,1,"2.06","17.8",NA,"p","0.0","2.0",3.9,NA,NA,NA,"Y","2b",NA,NA,NA,NA,NA,2.06
NA,NA,2017,2017-05-31,NA,"TM2","lower","16.0",NA,NA,NA,"red","none (green? One loose sword in the plot)","Y",NA,NA,5,5,"2.87","37.3",NA,"p","0.0","3.0",5.4,NA,NA,NA,"Y","2b",NA,NA,NA,NA,"3 ab flowers",2.87
NA,NA,2017,2017-05-31,NA,"TM2","lower","16.0",NA,NA,NA,"red","yellow","N",NA,NA,0,16,"<1mm","not true height",NA,NA,NA,NA,NA,NA,NA,NA,"Y","2b",NA,NA,NA,NA,"broken top",0.5
NA,NA,2017,2017-05-31,NA,"TM2","lower","15.5",NA,NA,NA,"red","yellow","N",NA,NA,45,5,"<1mm","17.6",NA,"p","0.0","1.0",3.7,NA,NA,NA,"N","0.0",NA,NA,NA,NA,NA,0.5
NA,NA,2017,2017-05-31,NA,"TM2","lower","15.5",NA,NA,NA,"red","yellow","N",NA,NA,46,7,"~1mm","22.4",NA,"p","0.0","1.0",5.4,NA,NA,NA,"Y","2b",NA,NA,NA,NA,NA,0.5
NA,NA,2017,2017-05-31,NA,"TM2","lower","15.5",NA,NA,NA,"red","green","N",NA,NA,29,1,"<1mm","7.5",NA,"s","0.0","0.0",NA,NA,NA,NA,"N","0.0",NA,NA,NA,NA,NA,0.5
NA,NA,2017,2017-05-31,NA,"TM2","lower","15.5",NA,NA,NA,"red","green","N",NA,NA,29,1,"<1mm","6.8",NA,"s","0.0","0.0",NA,NA,NA,NA,"N","0.0",NA,NA,NA,NA,NA,0.5
NA,NA,2017,2017-05-31,NA,"TM2","lower","15.5",NA,NA,NA,"red","green","N",NA,NA,28,7,"<1mm","12.1",NA,"s","0.0","0.0",NA,NA,NA,NA,"N","0.0",NA,NA,NA,NA,NA,0.5
NA,NA,2017,2017-05-31,NA,"TM2","lower","15.5",NA,NA,NA,"red","yellow","N",NA,NA,36,23,"<1mm","12.2",NA,"s","0.0","0.0",NA,NA,NA,NA,"N","0.0",NA,NA,NA,NA,NA,0.5
NA,NA,2017,2017-05-31,NA,"TM2","lower","15.5",NA,NA,NA,"orange","green","N",NA,NA,28,18,"<1mm","14.1",NA,"p","0.0","1.0",4.4,NA,NA,NA,"N","0.0",NA,NA,NA,NA,NA,0.5
NA,NA,2017,2017-05-31,NA,"TM2","lower","15.5",NA,NA,NA,"red","white","N",NA,NA,NA,NA,"1.45","15.0",NA,"p","0.0","1.0",4.1,NA,NA,NA,"N","0.0",NA,NA,NA,NA,NA,1.45
NA,NA,2017,2017-05-31,NA,"TM2","lower","15.5",NA,NA,NA,"orange","green","N",NA,NA,NA,NA,"~1","6.2",NA,"s","0.0","0.0",0,NA,NA,NA,"Y","2b",NA,NA,NA,NA,NA,0.5
NA,NA,2017,2017-05-31,NA,"TM2","lower","15.5",NA,NA,NA,"orange","red","N",NA,NA,NA,NA,"1.35","21.1",NA,"s","0.0","1.0",5.3,NA,NA,NA,"N","0.0",NA,NA,NA,NA,NA,1.35
NA,NA,2017,2017-05-31,NA,"TM2","lower","15.5",NA,NA,NA,"red","green","N",NA,NA,NA,NA,"1.0","12.5",NA,"s","0.0","0.0",0,NA,NA,NA,"N","0.0",NA,NA,NA,NA,NA,1
NA,NA,2017,2017-05-31,NA,"TM2","lower","15.5",NA,NA,NA,"orange","none","N",NA,NA,NA,NA,"0.9","6.5",NA,"s","0.0","0.0",0,NA,NA,NA,"Y","2b",NA,NA,NA,NA,NA,0.5
NA,NA,2017,2017-05-31,NA,"TM2","lower","15.5",NA,NA,NA,"red","yellow","N",NA,NA,NA,NA,"1.93","30.5",NA,"p","0.0","2.0",5.5,NA,NA,NA,"Y","3a",NA,NA,NA,NA,NA,1.93
NA,NA,2017,2017-05-31,NA,"TM2","lower","15.5",NA,NA,NA,"orange","none","N",NA,NA,NA,NA,"0.92","4.1",NA,"s","0.0","0.0",0,NA,NA,NA,"Y","2b",NA,NA,NA,NA,NA,0.5
NA,NA,2017,2017-05-31,NA,"TM2","lower","15.5",NA,NA,NA,"orange","yellow","N",NA,NA,NA,NA,"~1","16.5",NA,"s","0.0","1.0",4.8,NA,NA,NA,"N","0.0",NA,NA,NA,NA,NA,0.5
NA,NA,2017,2017-05-31,NA,"TM2","lower","15.5",NA,NA,NA,"red","yellow","N",NA,NA,NA,NA,"1.52","21.9",NA,"s","0.0","2.0",5.2,NA,NA,NA,"N","0.0",NA,NA,NA,NA,NA,1.52
NA,NA,2017,2017-05-31,NA,"TM2","lower","15.5",NA,NA,NA,"orange","yellow","N",NA,NA,NA,NA,"1.2","18.0",NA,"s","0.0","1.0",3.8,NA,NA,NA,"N","0.0",NA,NA,NA,NA,NA,1.2
NA,NA,2017,2017-05-31,NA,"TM2","lower","15.5",NA,NA,NA,"orange","none","N",NA,NA,NA,NA,"~1","7.7",NA,"b","0.0","0.0",0,NA,NA,NA,"Y","1a",NA,NA,NA,NA,NA,0.5
NA,NA,2017,2017-05-31,NA,"TM2","lower","15.5",NA,NA,NA,"red","yellow","N",NA,NA,NA,NA,"1.48","20.5",NA,"s","0.0","2.0",6.5,NA,NA,NA,"N","0.0",NA,NA,NA,NA,NA,1.48
NA,NA,2017,2017-05-31,NA,"TM2","lower","15.5",NA,NA,NA,"orange","green","N",NA,NA,NA,NA,"1.58","21.3",NA,"p","0.0","2.0",4,NA,NA,NA,"N","0.0",NA,NA,NA,NA,NA,1.58
NA,NA,2017,2017-05-31,NA,"TM2","lower","15.5",NA,NA,NA,"red","yellow","N",NA,NA,NA,NA,"1.19","21.4",NA,"p","0.0","2.0",3.5,NA,NA,NA,"Y","3a",NA,NA,NA,NA,NA,1.19
NA,NA,2017,2017-05-31,NA,"TM2","lower","15.5",NA,NA,NA,"orange","yellow","N",NA,NA,NA,NA,"1.09","20.7",NA,"s","0.0","2.0",4.1,NA,NA,NA,"Y","3a",NA,NA,NA,NA,NA,1.09
NA,NA,2017,2017-05-31,NA,"TM2","lower","15.5",NA,NA,NA,"orange","green","N",NA,NA,NA,NA,"~1","16.1",NA,"s","0.0","0.0",0,NA,NA,NA,"Y","2b",NA,NA,NA,NA,NA,0.5
NA,NA,2017,2017-05-31,NA,"TM2","lower","15.5",NA,NA,NA,"red","green","N",NA,NA,NA,NA,"~1","13.3",NA,"s","0.0","0.0",0,NA,NA,NA,"N","0.0",NA,NA,NA,NA,NA,0.5
NA,NA,2017,2017-05-31,NA,"TM2","lower","15.5",NA,NA,NA,"orange","green","N",NA,NA,NA,NA,"~1",NA,NA,"s","0.0","0.0",0,NA,NA,NA,"N","0.0",NA,NA,NA,NA,"broken (by Elena)",0.5
NA,NA,2017,2017-05-31,NA,"TM2","lower","15.5",NA,NA,NA,"red","none","N",NA,NA,NA,NA,"~1","5.4",NA,"s","0.0","0.0",0,NA,NA,NA,"Y","2b",NA,NA,NA,NA,NA,0.5
NA,NA,2017,2017-05-31,NA,"TM2","lower","15.5",NA,NA,NA,"orange","green","N",NA,NA,NA,NA,"~1","14.7",NA,"s","0.0","1.0",NA,NA,NA,NA,"N","0.0",NA,NA,NA,NA,"aborted sil.",0.5
NA,NA,2017,2017-05-31,NA,"TM2","lower","15.5",NA,NA,NA,"red","green","N",NA,NA,NA,NA,"~1","6.0",NA,"b","0.0","0.0",0,NA,NA,NA,"N","0.0",NA,NA,NA,NA,NA,0.5
NA,NA,2017,2017-05-31,NA,"TM2","lower","15.5",NA,NA,NA,"red","yellow","N",NA,NA,NA,NA,"1.35","17.0",NA,"s","0.0","2.0",4.4,NA,NA,NA,"N","0.0",NA,NA,NA,NA,NA,1.35
NA,NA,2017,2017-05-31,NA,"TM2","lower","15.5",NA,NA,NA,"orange","green","N",NA,NA,NA,NA,"1.27","17.7",NA,"p","0.0","1.0",3.5,NA,NA,NA,"N","0.0",NA,NA,NA,NA,NA,1.27
NA,NA,2017,2017-05-31,NA,"TM2","lower","15.5",NA,NA,NA,"red","none","N",NA,NA,NA,NA,"~1",NA,NA,"s","0.0","0.0",0,NA,NA,NA,"N","0.0",NA,NA,NA,NA,"broken",0.5
NA,NA,2017,2017-05-31,NA,"TM2","lower","9.0",NA,NA,NA,"r",NA,"N",NA,NA,NA,NA,"1.0",NA,NA,"x",NA,NA,NA,NA,NA,NA,NA,NA,NA,NA,NA,NA,NA,1
NA,NA,2017,2017-05-31,NA,"TM2","lower","9.0",NA,NA,NA,"r",NA,"N",NA,NA,NA,NA,NA,NA,NA,"x",NA,NA,NA,NA,NA,NA,NA,NA,NA,NA,NA,NA,"no plant",NA
NA,NA,2017,2017-05-31,NA,"TM2","lower","9.0",NA,NA,NA,"r",NA,"N",NA,NA,NA,NA,"<1",NA,NA,"x",NA,NA,NA,NA,NA,NA,"Y","2b",NA,NA,NA,NA,NA,0.5
NA,NA,2017,2017-05-31,NA,"TM2","lower","9.5",NA,NA,NA,"o",NA,"N",NA,NA,NA,NA,NA,NA,NA,"x",NA,NA,NA,NA,NA,NA,NA,NA,NA,NA,NA,NA,"no plant",NA
NA,NA,2017,2017-05-31,NA,"TM2","lower","9.5",NA,NA,NA,"r",NA,"N",NA,NA,NA,NA,"1.0",NA,NA,"x",NA,NA,NA,NA,NA,NA,"Y","2b",NA,NA,NA,NA,NA,1
NA,NA,2017,2017-05-31,NA,"TM2","lower","9.5",NA,NA,NA,"r",NA,"N",NA,NA,NA,NA,"<1",NA,NA,"x",NA,NA,NA,NA,NA,NA,"Y","2b",NA,NA,NA,NA,NA,0.5
NA,NA,2017,2017-05-31,NA,"TM2","lower","9.5",NA,NA,NA,"r",NA,"N",NA,NA,NA,NA,"<1",NA,NA,"x",NA,NA,NA,NA,NA,NA,"Y","2b",NA,NA,NA,NA,NA,0.5
NA,NA,2017,2017-05-31,NA,"TM2","lower","9.5",NA,NA,NA,"r",NA,"N",NA,NA,NA,NA,"<1",NA,NA,"x",NA,NA,NA,NA,NA,NA,"Y","2b",NA,NA,NA,NA,NA,0.5
NA,NA,2017,2017-05-31,NA,"TM2","lower","9.5",NA,NA,NA,"r",NA,"N",NA,NA,NA,NA,"<1",NA,NA,"x",NA,NA,NA,NA,NA,NA,"Y","2b",NA,NA,NA,NA,NA,0.5
NA,NA,2017,2017-05-31,NA,"TM2","lower","9.5",NA,NA,NA,"r",NA,"N",NA,NA,NA,NA,"<1",NA,NA,"x",NA,NA,NA,NA,NA,NA,"Y","2b",NA,NA,NA,NA,NA,0.5
NA,NA,2017,2017-05-31,NA,"TM2","lower","9.5",NA,NA,NA,"r",NA,"N",NA,NA,NA,NA,"1.0",NA,NA,"x",NA,NA,NA,NA,NA,NA,"Y","2b",NA,NA,NA,NA,NA,1
NA,NA,2017,2017-05-31,NA,"TM2","lower","9.5",NA,NA,NA,"r",NA,"N",NA,NA,NA,NA,"<1",NA,NA,"x",NA,NA,NA,NA,NA,NA,"Y","2b",NA,NA,NA,NA,NA,0.5
NA,NA,2017,2017-05-31,NA,"TM2","lower","9.5",NA,NA,NA,"r",NA,"N",NA,NA,NA,NA,"1.5",NA,NA,"x",NA,NA,NA,NA,NA,NA,"Y","2b",NA,NA,NA,NA,NA,1.5
NA,NA,2017,2017-05-31,NA,"TM2","lower","9.5",NA,NA,NA,"r",NA,"N",NA,NA,NA,NA,"1.0",NA,NA,"x",NA,NA,NA,NA,NA,NA,"Y","2b",NA,NA,NA,NA,NA,1
NA,NA,2017,2017-05-31,NA,"TM2","lower","9.5",NA,NA,NA,"r",NA,"N",NA,NA,NA,NA,"1.0",NA,NA,"x",NA,NA,NA,NA,NA,NA,"Y","3b",NA,NA,NA,NA,"1 eaten",1
NA,NA,2017,2017-05-31,NA,"TM2","lower","10.0",NA,NA,NA,"r",NA,"N",NA,NA,NA,NA,"<1",NA,NA,"x",NA,NA,NA,NA,NA,NA,NA,NA,NA,NA,NA,NA,NA,0.5
NA,NA,2017,2017-05-31,NA,"TM2","lower","10.0",NA,NA,NA,"r",NA,"N",NA,NA,NA,NA,"<1",NA,NA,"x",NA,NA,NA,NA,NA,NA,NA,NA,NA,NA,NA,NA,"1 ab",0.5
NA,NA,2017,2017-05-31,NA,"TM2","lower","10.0",NA,NA,NA,"r",NA,"N",NA,NA,NA,NA,"<1",NA,NA,"x",NA,NA,NA,NA,NA,NA,"Y","2b",NA,NA,NA,NA,NA,0.5
NA,NA,2017,2017-05-31,NA,"TM2","lower","10.0",NA,NA,NA,"r",NA,"N",NA,NA,NA,NA,"1.0","12.0",NA,"x",NA,"1.0",3.5,NA,NA,NA,"Y","3a",NA,NA,NA,NA,"uprooted",1
NA,NA,2017,2017-05-31,NA,"TM2","lower","10.0",NA,NA,NA,"r",NA,"N",NA,NA,NA,NA,"1.0",NA,NA,"x",NA,"1.0",3,NA,NA,NA,"Y","3a",NA,NA,NA,NA,"fallen over",1
NA,NA,2017,2017-05-31,NA,"TM2","lower","10.0",NA,NA,NA,"r",NA,"N",NA,NA,NA,NA,"1.5",NA,NA,"x",NA,NA,NA,NA,NA,NA,"Y","3b",NA,NA,NA,NA,"2 eaten",1.5
NA,NA,2017,2017-05-31,NA,"TM2","lower","10.0",NA,NA,NA,"o",NA,"N",NA,NA,NA,NA,"1.0",NA,NA,"x",NA,NA,NA,NA,NA,NA,"Y","2b",NA,NA,NA,NA,NA,1
NA,NA,2017,2017-05-31,NA,"TM2","lower","10.0",NA,NA,NA,"o",NA,"N",NA,NA,NA,NA,"1.0",NA,NA,"x",NA,NA,NA,NA,NA,NA,"Y","1a 2b",NA,NA,NA,NA,NA,1
NA,NA,2017,2017-05-31,NA,"TM2","lower","10.0",NA,NA,NA,"o",NA,"N",NA,NA,NA,NA,"<1",NA,NA,"x",NA,NA,NA,NA,NA,NA,NA,NA,NA,NA,NA,NA,NA,0.5
NA,NA,2017,2017-05-31,NA,"TM2","lower","10.5",NA,NA,NA,"r",NA,"N",NA,NA,NA,NA,"<1",NA,NA,"x",NA,NA,NA,NA,NA,NA,"Y","2b",NA,NA,NA,NA,NA,0.5
NA,NA,2017,2017-05-31,NA,"TM2","lower","10.5",NA,NA,NA,"r",NA,"N",NA,NA,NA,NA,"<1",NA,NA,"x",NA,NA,NA,NA,NA,NA,"Y","2b",NA,NA,NA,NA,NA,0.5
NA,NA,2017,2017-05-31,NA,"TM2","lower","10.5",NA,NA,NA,"r",NA,"N",NA,NA,NA,NA,"<1",NA,NA,"x",NA,NA,NA,NA,NA,NA,"Y","2b",NA,NA,NA,NA,NA,0.5
NA,NA,2017,2017-05-31,NA,"TM2","lower","10.5",NA,NA,NA,"r",NA,"N",NA,NA,NA,NA,"<1",NA,NA,"x",NA,NA,NA,NA,NA,NA,"Y","2b",NA,NA,NA,NA,NA,0.5
NA,NA,2017,2017-05-31,NA,"TM2","lower","10.5",NA,NA,NA,"r",NA,"N",NA,NA,NA,NA,"<1",NA,NA,"x",NA,NA,NA,NA,NA,NA,"Y","2b",NA,NA,NA,NA,NA,0.5
NA,NA,2017,2017-05-31,NA,"TM2","lower","8.0",NA,NA,NA,"o",NA,"N",NA,NA,NA,NA,"<1",NA,NA,"x",NA,NA,NA,NA,NA,NA,"Y","2b",NA,NA,NA,NA,NA,0.5
NA,NA,2017,2017-05-31,NA,"TM2","lower","8.0",NA,NA,NA,"o",NA,"N",NA,NA,NA,NA,"<1",NA,NA,"x",NA,NA,NA,NA,NA,NA,"Y","2b",NA,NA,NA,NA,NA,0.5
NA,NA,2017,2017-05-31,NA,"TM2","lower","8.0",NA,NA,NA,"o",NA,"N",NA,NA,NA,NA,"1.0",NA,NA,"x",NA,NA,NA,NA,NA,NA,"Y","3b",NA,NA,NA,NA,"1 eaten pod",1
NA,NA,2017,2017-05-31,NA,"TM2","lower","8.0",NA,NA,NA,"r",NA,"N",NA,NA,NA,NA,"<1",NA,NA,"x",NA,NA,NA,NA,NA,NA,"Y","2b",NA,NA,NA,NA,NA,0.5
NA,NA,2017,2017-05-31,NA,"TM2","lower","8.0",NA,NA,NA,"r",NA,"N",NA,NA,NA,NA,"<1",NA,NA,"x",NA,NA,NA,NA,NA,NA,"Y","2b",NA,NA,NA,NA,NA,0.5
NA,NA,2017,2017-05-31,NA,"TM2","lower","8.0",NA,NA,NA,"r",NA,"N",NA,NA,NA,NA,"1.0",NA,NA,"x",NA,NA,NA,NA,NA,NA,"Y","2b 3b",NA,NA,NA,NA,"1 eaten pod",1
NA,NA,2017,2017-05-31,NA,"TM2","lower","8.0",NA,NA,NA,"r",NA,"N",NA,NA,NA,NA,"<1",NA,NA,"x",NA,NA,NA,NA,NA,NA,"Y","2b",NA,NA,NA,NA,NA,0.5
NA,NA,2017,2017-05-31,NA,"TM2","lower","8.0",NA,NA,NA,"r",NA,"N",NA,NA,NA,NA,"<1",NA,NA,"x",NA,NA,NA,NA,NA,NA,"Y","2b",NA,NA,NA,NA,NA,0.5
NA,NA,2017,2017-05-31,NA,"TM2","lower","8.0",NA,NA,NA,"r",NA,"N",NA,NA,NA,NA,"<1",NA,NA,"x",NA,NA,NA,NA,NA,NA,"Y","2b",NA,NA,NA,NA,NA,0.5
NA,NA,2017,2017-05-31,NA,"TM2","lower","8.0",NA,NA,NA,"r",NA,"N",NA,NA,NA,NA,"<1",NA,NA,"x",NA,NA,NA,NA,NA,NA,"Y","2b",NA,NA,NA,NA,NA,0.5
NA,NA,2017,2017-05-31,NA,"TM2","lower","8.0",NA,NA,NA,"r",NA,"N",NA,NA,NA,NA,"<1",NA,NA,"x",NA,NA,NA,NA,NA,NA,"Y","2b",NA,NA,NA,NA,NA,0.5
NA,NA,2017,2017-05-31,NA,"TM2","lower","8.0",NA,NA,NA,"r",NA,"N",NA,NA,NA,NA,"1.0",NA,NA,"x",NA,NA,NA,NA,NA,NA,"Y","2b",NA,NA,NA,NA,NA,1
NA,NA,2017,2017-05-31,NA,"TM2","lower","8.0",NA,NA,NA,"r",NA,"N",NA,NA,NA,NA,"<1",NA,NA,"x",NA,NA,NA,NA,NA,NA,"Y","2b",NA,NA,NA,NA,NA,0.5
NA,NA,2017,2017-05-31,NA,"TM2","lower","8.0",NA,NA,NA,"r",NA,"N",NA,NA,NA,NA,"1.0",NA,NA,"x",NA,NA,NA,NA,NA,NA,NA,NA,NA,NA,NA,NA,NA,1
NA,NA,2017,2017-05-31,NA,"TM2","lower","8.0",NA,NA,NA,"r",NA,"N",NA,NA,NA,NA,"<1",NA,NA,"x",NA,NA,NA,NA,NA,NA,"Y","2b",NA,NA,NA,NA,NA,0.5
NA,NA,2017,2017-05-31,NA,"TM2","lower","8.0",NA,NA,NA,"r",NA,"N",NA,NA,NA,NA,"<1",NA,NA,"x",NA,NA,NA,NA,NA,NA,"Y","2b",NA,NA,NA,NA,NA,0.5
NA,NA,2017,2017-05-31,NA,"TM2","lower","8.0",NA,NA,NA,"r",NA,"N",NA,NA,NA,NA,NA,NA,NA,"x",NA,NA,NA,NA,NA,NA,NA,NA,NA,NA,NA,NA,"no plant",NA
NA,NA,2017,2017-05-31,NA,"TM2","lower","8.0",NA,NA,NA,"r",NA,"N",NA,NA,NA,NA,"<1","11.9",NA,"sx","0.0","1.0",1.9,NA,NA,NA,"Y","3a",NA,NA,NA,NA,NA,0.5
NA,NA,2017,2017-05-31,NA,"TM2","lower","8.0",NA,NA,NA,"r",NA,"N",NA,NA,NA,NA,"1.0","14.9",NA,"sx","0.0","1.0",3.7,NA,NA,NA,"Y","3a",NA,NA,NA,NA,NA,1
NA,NA,2017,2017-05-31,NA,"TM2","lower","8.0",NA,NA,NA,"r",NA,"N",NA,NA,NA,NA,"1.0","21.0",NA,"sx","0.0","2.0",4.3,NA,NA,NA,"Y","3a",NA,NA,NA,NA,NA,1
NA,NA,2017,2017-05-31,NA,"TM2","lower","8.0",NA,NA,NA,"r",NA,"N",NA,NA,NA,NA,"1.0","18.0",NA,"sx","0.0","1.0",4.5,NA,NA,NA,"Y","3b",NA,NA,NA,NA,"1 eaten",1
NA,NA,2017,2017-05-31,NA,"TM2","lower","8.5",NA,NA,NA,"r",NA,"N",NA,NA,NA,NA,"<1",NA,NA,"x",NA,NA,NA,NA,NA,NA,"Y","2b",NA,NA,NA,NA,NA,0.5
NA,NA,2017,2017-05-31,NA,"TM2","lower","8.5",NA,NA,NA,"r",NA,"N",NA,NA,NA,NA,"<1",NA,NA,"x",NA,NA,NA,NA,NA,NA,"Y","2b",NA,NA,NA,NA,NA,0.5
NA,NA,2017,2017-05-31,NA,"TM2","lower","8.5",NA,NA,NA,"r",NA,"N",NA,NA,NA,NA,"<1",NA,NA,"x",NA,NA,NA,NA,NA,NA,"Y","2b",NA,NA,NA,NA,NA,0.5
NA,NA,2017,2017-05-31,NA,"TM2","lower","9.0",NA,NA,NA,"o",NA,"N",NA,NA,NA,NA,"<1",NA,NA,"x",NA,NA,NA,NA,NA,NA,NA,NA,NA,NA,NA,NA,NA,0.5
NA,NA,2017,2017-05-31,NA,"TM2","lower","9.0",NA,NA,NA,"r",NA,"N",NA,NA,NA,NA,"1.0",NA,NA,"x",NA,NA,NA,NA,NA,NA,"Y","2b",NA,NA,NA,NA,NA,1
NA,NA,2017,2017-05-31,NA,"TM2","lower","9.0",NA,NA,NA,"r",NA,"N",NA,NA,NA,NA,"1.0",NA,NA,"x",NA,NA,NA,NA,NA,NA,"Y","2b",NA,NA,NA,NA,NA,1
NA,NA,2017,2017-05-31,NA,"TM2","lower","9.0",NA,NA,NA,"r",NA,"N",NA,NA,NA,NA,"<1",NA,NA,"x",NA,NA,NA,NA,NA,NA,"Y","2b",NA,NA,NA,NA,NA,0.5
NA,NA,2017,2017-05-31,NA,"TM2","lower","9.0",NA,NA,NA,"r",NA,"N",NA,NA,NA,NA,"1.0",NA,NA,"x",NA,NA,NA,NA,NA,NA,NA,NA,NA,NA,NA,NA,NA,1
NA,NA,2017,2017-05-31,NA,"TM2","lower","15.0",NA,NA,NA,"R",NA,"N",NA,NA,NA,NA,"1.0","11.6",NA,"p","0.0","1.0",4.6,NA,NA,NA,NA,NA,NA,NA,NA,NA,NA,1
NA,NA,2017,2017-05-31,NA,"TM2","lower","15.0",NA,NA,NA,"R",NA,"N",NA,NA,NA,NA,"1.0","13.5",NA,"p","0.0","2.0",4.5,NA,NA,NA,"Y","3a",NA,NA,NA,NA,NA,1
NA,NA,2017,2017-05-31,NA,"TM2","lower","15.0",NA,NA,NA,"R",NA,"N",NA,NA,NA,NA,"1.5","17.9",NA,"p","0.0","2.0",6.5,NA,NA,NA,"Y","1a 3a",NA,NA,NA,NA,NA,1.5
NA,NA,2017,2017-05-31,NA,"TM2","lower","15.5",NA,NA,NA,"R",NA,"N",NA,NA,NA,NA,"1.0","10.5",NA,"sx","0.0","1.0",1.3,NA,NA,NA,"Y","3a",NA,NA,NA,NA,NA,1
NA,NA,2017,2017-05-31,NA,"TM2","lower","16.0",NA,NA,NA,"O",NA,"N",NA,NA,NA,NA,"<1",NA,NA,"x",NA,NA,NA,NA,NA,NA,NA,NA,NA,NA,NA,NA,NA,0.5
NA,NA,2017,2017-05-31,NA,"TM2","lower","16.0",NA,NA,NA,"R",NA,"N",NA,NA,NA,NA,"<1",NA,NA,"x",NA,NA,NA,NA,NA,NA,NA,NA,NA,NA,NA,NA,NA,0.5
NA,NA,2017,2017-05-31,NA,"TM2","lower","16.0",NA,NA,NA,"R",NA,"N",NA,NA,NA,NA,"1.0",NA,NA,"x",NA,NA,NA,NA,NA,NA,NA,NA,NA,NA,NA,NA,NA,1
NA,NA,2017,2017-05-31,NA,"TM2","lower","16.0",NA,NA,NA,"R",NA,"N",NA,NA,NA,NA,"1.5","20.5",NA,"p","0.0","2.0",4.1,NA,NA,NA,"Y","1a",NA,NA,NA,NA,NA,1.5
NA,NA,2017,2017-05-31,NA,"TM2","lower","16.0",NA,NA,NA,"R",NA,"N",NA,NA,NA,NA,"1.0","11.0",NA,"sx","0.0","1.0",3,NA,NA,NA,NA,NA,NA,NA,NA,NA,NA,1
NA,NA,2017,2017-05-31,NA,"TM2","lower","16.0",NA,NA,NA,"R",NA,"N",NA,NA,NA,NA,"1.0","12.0",NA,"p","0.0","1.0",3,NA,NA,NA,NA,NA,NA,NA,NA,NA,NA,1
NA,NA,2017,2017-05-31,NA,"TM2","lower","16.0",NA,NA,NA,"R",NA,"Y",NA,NA,NA,NA,"2.09","29.2",NA,"p","0.0","6.0",6.5,NA,NA,NA,"Y","1a 3a",NA,NA,NA,NA,NA,2.09
NA,NA,2017,2017-05-31,NA,"TM2","lower","16.0",NA,NA,NA,NA,NA,"N",NA,NA,29,17,NA,NA,NA,"x",NA,NA,NA,NA,NA,NA,NA,NA,NA,NA,NA,NA,"no plant",NA
NA,NA,2017,2017-05-31,NA,"TM2","lower","13.5",NA,NA,NA,"O",NA,"N",NA,NA,NA,NA,"<1",NA,NA,"x",NA,NA,NA,NA,NA,NA,"Y","2b",NA,NA,NA,NA,NA,0.5
NA,NA,2017,2017-05-31,NA,"TM2","upper","13.5",NA,NA,NA,"R",NA,"N",NA,NA,NA,NA,"1.0",NA,NA,"x",NA,NA,NA,NA,NA,NA,"Y","2b",NA,NA,NA,NA,NA,1
NA,NA,2017,2017-05-31,NA,"TM2","upper","13.5",NA,NA,NA,"R",NA,"N",NA,NA,NA,NA,"<1",NA,NA,"x",NA,NA,NA,NA,NA,NA,"Y","2b",NA,NA,NA,NA,NA,0.5
NA,NA,2017,2017-05-31,NA,"TM2","upper","13.5",NA,NA,NA,"R",NA,"N",NA,NA,NA,NA,"<1","12.4",NA,"sx","0.0","1.0",2.6,NA,NA,NA,"Y","3a",NA,NA,NA,NA,NA,0.5
NA,NA,2017,2017-05-31,NA,"TM2","upper","13.5",NA,NA,NA,"R",NA,"N",NA,NA,NA,NA,"1.0",NA,NA,"x",NA,NA,NA,NA,NA,NA,"Y","3b",NA,NA,NA,NA,"2 eaten pods",1
NA,NA,2017,2017-05-31,NA,"TM2","upper","13.5",NA,NA,NA,"R",NA,"N",NA,NA,NA,NA,"<1",NA,NA,"x",NA,NA,NA,NA,NA,NA,"Y","2b",NA,NA,NA,NA,NA,0.5
NA,NA,2017,2017-05-31,NA,"TM2","upper","13.5",NA,NA,NA,"R",NA,"N",NA,NA,NA,NA,"<1",NA,NA,"x",NA,NA,NA,NA,NA,NA,"Y","2b",NA,NA,NA,NA,NA,0.5
NA,NA,2017,2017-05-31,NA,"TM2","upper","13.5",NA,NA,NA,"R",NA,"N",NA,NA,NA,NA,"<1",NA,NA,"x",NA,NA,NA,NA,NA,NA,"Y","2b",NA,NA,NA,NA,NA,0.5
NA,NA,2017,2017-05-31,NA,"TM2","upper","13.5",NA,NA,NA,"R",NA,"N",NA,NA,NA,NA,"<1",NA,NA,"x",NA,NA,NA,NA,NA,NA,"Y","2b",NA,NA,NA,NA,NA,0.5
NA,NA,2017,2017-05-31,NA,"TM2","upper","14.0",NA,NA,NA,"R",NA,"N",NA,NA,NA,NA,"<1",NA,NA,"x",NA,NA,NA,NA,NA,NA,"Y","2b",NA,NA,NA,NA,NA,0.5
NA,NA,2017,2017-05-31,NA,"TM2","upper","14.0",NA,NA,NA,"R",NA,"N",NA,NA,NA,NA,"<1",NA,NA,"x",NA,NA,NA,NA,NA,NA,"Y","2b",NA,NA,NA,NA,NA,0.5
NA,NA,2017,2017-05-31,NA,"TM2","upper","14.0",NA,NA,NA,"R",NA,"N",NA,NA,NA,NA,"1.0","13.5",NA,"b","0.0","0.0",NA,NA,NA,NA,"Y","1a 2b",NA,NA,NA,NA,NA,1
NA,NA,2017,2017-05-31,NA,"TM2","upper","14.0",NA,NA,NA,"R",NA,"N",NA,NA,NA,NA,"<1",NA,NA,"x",NA,NA,NA,NA,NA,NA,"Y","2b",NA,NA,NA,NA,NA,0.5
NA,NA,2017,2017-05-31,NA,"TM2","upper","14.0",NA,NA,NA,"R",NA,"N",NA,NA,NA,NA,"1.0",NA,NA,"x",NA,NA,NA,NA,NA,NA,"Y","1a 2b",NA,NA,NA,NA,NA,1
NA,NA,2017,2017-05-31,NA,"TM2","upper","14.0",NA,NA,NA,"R",NA,"N",NA,NA,NA,NA,"<1",NA,NA,"x",NA,NA,NA,NA,NA,NA,"Y","2b",NA,NA,NA,NA,NA,0.5
NA,NA,2017,2017-05-31,NA,"TM2","upper","14.0",NA,NA,NA,"R",NA,"N",NA,NA,NA,NA,"<1",NA,NA,"x",NA,NA,NA,NA,NA,NA,"Y","2b",NA,NA,NA,NA,NA,0.5
NA,NA,2017,2017-05-31,NA,"TM2","upper","14.0",NA,NA,NA,"R",NA,"N",NA,NA,NA,NA,NA,NA,NA,"x",NA,NA,NA,NA,NA,NA,NA,NA,NA,NA,NA,NA,"no plant",NA
NA,NA,2017,2017-05-31,NA,"TM2","upper","14.0",NA,NA,NA,"R",NA,"N",NA,NA,NA,NA,"<1","4.2",NA,"b","0.0","0.0",NA,NA,NA,NA,"Y","1a 2b",NA,NA,NA,NA,NA,0.5
NA,NA,2017,2017-05-31,NA,"TM2","upper","14.0",NA,NA,NA,"R",NA,"N",NA,NA,NA,NA,"<1",NA,NA,"x",NA,NA,NA,NA,NA,NA,NA,NA,NA,NA,NA,NA,NA,0.5
NA,NA,2017,2017-05-31,NA,"TM2","upper","14.5",NA,NA,NA,"O",NA,"N",NA,NA,NA,NA,"<1",NA,NA,"x",NA,NA,NA,NA,NA,NA,"Y","2b",NA,NA,NA,NA,NA,0.5
NA,NA,2017,2017-05-31,NA,"TM2","upper","14.5",NA,NA,NA,"O",NA,"N",NA,NA,NA,NA,"<1",NA,NA,"x",NA,NA,NA,NA,NA,NA,"Y","2b",NA,NA,NA,NA,NA,0.5
NA,NA,2017,2017-05-31,NA,"TM2","upper","14.5",NA,NA,NA,"R",NA,"N",NA,NA,NA,NA,"<1",NA,NA,"x",NA,NA,NA,NA,NA,NA,"Y","2b",NA,NA,NA,NA,NA,0.5
NA,NA,2017,2017-05-31,NA,"TM2","upper","14.5",NA,NA,NA,"R",NA,"N",NA,NA,NA,NA,"<1",NA,NA,"x",NA,NA,NA,NA,NA,NA,"Y","2b",NA,NA,NA,NA,NA,0.5
NA,NA,2017,2017-05-31,NA,"TM2","upper","14.5",NA,NA,NA,"R",NA,"N",NA,NA,NA,NA,"<1",NA,NA,"x",NA,NA,NA,NA,NA,NA,"Y","2b",NA,NA,NA,NA,NA,0.5
NA,NA,2017,2017-05-31,NA,"TM2","upper","14.5",NA,NA,NA,"R",NA,"N",NA,NA,NA,NA,"1.0","12.2",NA,"p","0.0","0.0",NA,NA,NA,NA,"Y","1a",NA,NA,NA,NA,"flowered but no siliques",1
NA,NA,2017,2017-05-31,NA,"TM2","upper","15.0",NA,NA,NA,"O",NA,"N",NA,NA,NA,NA,NA,NA,NA,"x",NA,NA,NA,NA,NA,NA,NA,NA,NA,NA,NA,NA,"no plant",NA
NA,NA,2017,2017-05-31,NA,"TM2","upper","15.0",NA,NA,NA,"R",NA,"N",NA,NA,NA,NA,"<1",NA,NA,"x",NA,NA,NA,NA,NA,NA,"Y","2b",NA,NA,NA,NA,NA,0.5
NA,NA,2017,2017-05-31,NA,"TM2","upper","15.0",NA,NA,NA,"R",NA,"N",NA,NA,NA,NA,"<1",NA,NA,"x",NA,NA,NA,NA,NA,NA,NA,NA,NA,NA,NA,NA,NA,0.5
NA,NA,2017,2017-05-31,NA,"TM2","upper","15.0",NA,NA,NA,"R",NA,"N",NA,NA,NA,NA,"<1",NA,NA,"x",NA,NA,NA,NA,NA,NA,NA,NA,NA,NA,NA,NA,NA,0.5
NA,NA,2017,2017-05-31,NA,"TM2","upper","7.5",NA,NA,NA,"R",NA,"N",NA,NA,NA,NA,"<1",NA,NA,"x",NA,NA,NA,NA,NA,NA,"Y","2b",NA,NA,NA,NA,NA,0.5
NA,NA,2017,2017-05-31,NA,"TM2","upper","7.5",NA,NA,NA,"R",NA,"N",NA,NA,NA,NA,"<1",NA,NA,"x",NA,NA,NA,NA,NA,NA,"Y","2b",NA,NA,NA,NA,NA,0.5
NA,NA,2017,2017-05-31,NA,"TM2","upper","7.5",NA,NA,NA,"R",NA,"N",NA,NA,NA,NA,"<1",NA,NA,"x",NA,NA,NA,NA,NA,NA,"Y","2b",NA,NA,NA,NA,NA,0.5
NA,NA,2017,2017-05-31,NA,"TM2","upper","7.5",NA,NA,NA,"R",NA,"N",NA,NA,NA,NA,"<1",NA,NA,"x",NA,NA,NA,NA,NA,NA,"Y","2b",NA,NA,NA,NA,NA,0.5
NA,NA,2017,2017-05-31,NA,"TM2","upper","7.5",NA,NA,NA,"R",NA,"N",NA,NA,NA,NA,"<1",NA,NA,"x",NA,NA,NA,NA,NA,NA,"Y","2b",NA,NA,NA,NA,NA,0.5
NA,NA,2017,2017-05-31,NA,"TM2","upper","7.5",NA,NA,NA,"R",NA,"N",NA,NA,NA,NA,"<1",NA,NA,"x",NA,NA,NA,NA,NA,NA,"Y","2b",NA,NA,NA,NA,NA,0.5
NA,NA,2017,2017-05-31,NA,"TM2","upper","7.5",NA,NA,NA,"R",NA,"N",NA,NA,NA,NA,"<1",NA,NA,"x",NA,NA,NA,NA,NA,NA,"Y","2b",NA,NA,NA,NA,NA,0.5
NA,NA,2017,2017-05-31,NA,"TM2","upper","7.5",NA,NA,NA,"R",NA,"N",NA,NA,NA,NA,"<1",NA,NA,"x",NA,NA,NA,NA,NA,NA,"Y","2b",NA,NA,NA,NA,NA,0.5
NA,NA,2017,2017-05-31,NA,"TM2","upper","7.5",NA,NA,NA,"R",NA,"N",NA,NA,NA,NA,"<1",NA,NA,"x",NA,NA,NA,NA,NA,NA,"Y","2b",NA,NA,NA,NA,NA,0.5
NA,NA,2017,2017-05-31,NA,"TM2","upper","7.5",NA,NA,NA,"R",NA,"N",NA,NA,NA,NA,"<1",NA,NA,"x",NA,NA,NA,NA,NA,NA,"Y","2b",NA,NA,NA,NA,NA,0.5
NA,NA,2017,2017-05-31,NA,"TM2","upper","7.5",NA,NA,NA,"R",NA,"N",NA,NA,NA,NA,"1.0",NA,NA,"x",NA,NA,NA,NA,NA,NA,"Y","2b",NA,NA,NA,NA,NA,1
NA,NA,2017,2017-05-31,NA,"TM2","upper","7.5",NA,NA,NA,"R",NA,"N",NA,NA,NA,NA,"<1",NA,NA,"x",NA,NA,NA,NA,NA,NA,"Y","2b",NA,NA,NA,NA,NA,0.5
NA,NA,2017,2017-05-31,NA,"TM2","upper","7.5",NA,NA,NA,"R",NA,"N",NA,NA,NA,NA,"<1",NA,NA,"x",NA,NA,NA,NA,NA,NA,"Y","2b",NA,NA,NA,NA,NA,0.5
NA,NA,2017,2017-05-31,NA,"TM2","upper","7.5",NA,NA,NA,"R",NA,"N",NA,NA,NA,NA,"1.0",NA,NA,"x",NA,NA,NA,NA,NA,NA,"Y","2b",NA,NA,NA,NA,NA,1
NA,NA,2017,2017-05-31,NA,"TM2","upper","7.5",NA,NA,NA,"R",NA,"N",NA,NA,NA,NA,"1.0",NA,NA,"x",NA,NA,NA,NA,NA,NA,"Y","2b",NA,NA,NA,NA,NA,1
NA,NA,2017,2017-05-31,NA,"TM2","upper","7.5",NA,NA,NA,"R",NA,"N",NA,NA,NA,NA,"1.0",NA,NA,"x",NA,NA,NA,NA,NA,NA,"Y","2b",NA,NA,NA,NA,NA,1
NA,NA,2017,2017-05-31,NA,"TM2","upper","7.5",NA,NA,NA,"R",NA,"N",NA,NA,NA,NA,"<1",NA,NA,"x",NA,NA,NA,NA,NA,NA,"Y","2b",NA,NA,NA,NA,NA,0.5
NA,NA,2017,2017-05-31,NA,"TM2","upper","7.5",NA,NA,NA,"R",NA,"N",NA,NA,NA,NA,"<1",NA,NA,"x",NA,NA,NA,NA,NA,NA,"Y","2b",NA,NA,NA,NA,NA,0.5
NA,NA,2017,2017-05-31,NA,"TM2","upper","7.5",NA,NA,NA,"R",NA,"N",NA,NA,NA,NA,"1.5",NA,NA,"x",NA,NA,NA,NA,NA,NA,NA,NA,NA,NA,NA,NA,NA,1.5
NA,NA,2017,2017-05-31,NA,"TM2","upper","7.5",NA,NA,NA,"R",NA,"N",NA,NA,NA,NA,"1.0","13.2",NA,"sx","0.0","1.0",2.3,NA,NA,NA,"Y","3b",NA,NA,NA,NA,NA,1
NA,NA,2017,2017-05-31,NA,"TM2","upper","7.5",NA,NA,NA,"R",NA,"N",NA,NA,NA,NA,"1.0","15.0",NA,"sx","0.0","1.0",2.8,NA,NA,NA,"Y","3a",NA,NA,NA,NA,NA,1
NA,NA,2017,2017-05-31,NA,"TM2","upper","7.5",NA,NA,NA,"R",NA,"N",NA,NA,NA,NA,"1.5","21.0",NA,"s","0.0","1.0",4.6,NA,NA,NA,NA,NA,NA,NA,NA,NA,NA,1.5
NA,NA,2017,2017-05-31,NA,"TM2","upper","7.5",NA,NA,NA,"R",NA,"N",NA,NA,NA,NA,"<1",NA,NA,"x",NA,NA,NA,NA,NA,NA,"Y","2b",NA,NA,NA,NA,NA,0.5
NA,NA,2017,2017-05-31,NA,"TM2","upper","7.5",NA,NA,NA,"R",NA,"N",NA,NA,NA,NA,"1.0",NA,NA,"x",NA,NA,NA,NA,NA,NA,"Y","3b",NA,NA,NA,NA,"1 eaten silique",1
NA,NA,2017,2017-05-31,NA,"TM2","upper","7.5",NA,NA,NA,"R",NA,"N",NA,NA,NA,NA,"1.0","15.0",NA,"sx","0.0","1.0",1.4,NA,NA,NA,"Y","3a",NA,NA,NA,NA,NA,1
NA,NA,2017,2017-05-31,NA,"TM2","upper","7.5",NA,NA,NA,"R",NA,"N",NA,NA,NA,NA,"<1","14.0",NA,"sx","0.0","1.0",3.1,NA,NA,NA,"Y","3a",NA,NA,NA,NA,NA,0.5
NA,NA,2017,2017-05-31,NA,"TM2","upper","7.5",NA,NA,NA,"R",NA,"N",NA,NA,NA,NA,"1.0",NA,NA,"x",NA,NA,NA,NA,NA,NA,"Y","3b",NA,NA,NA,NA,"1 eaten silique",1
NA,NA,2017,2017-05-31,NA,"TM2","upper","7.0",NA,NA,NA,"R",NA,"N",NA,NA,NA,NA,"1.0","17.0",NA,"x",NA,"1.0",4.2,NA,NA,NA,"Y","3a",NA,NA,NA,NA,"broken stem",1
NA,NA,2017,2017-05-31,NA,"TM2","upper","7.0",NA,NA,NA,"R",NA,"N",NA,NA,NA,NA,"1.0",NA,NA,"x",NA,NA,NA,NA,NA,NA,"Y","3b",NA,NA,NA,NA,"2 ab",1
NA,NA,2017,2017-05-31,NA,"TM2","upper","7.0",NA,NA,NA,"R",NA,"N",NA,NA,NA,NA,"1.5","21.0",NA,"sx","0.0","2.0",5.1,NA,NA,NA,"Y","3a",NA,NA,NA,NA,NA,1.5
NA,NA,2017,2017-05-31,NA,"TM2","upper","7.0",NA,NA,NA,"R",NA,"N",NA,NA,NA,NA,"1.0",NA,NA,"x",NA,NA,NA,NA,NA,NA,"Y","3a",NA,NA,NA,NA,"1 ab",1
NA,NA,2017,2017-05-31,NA,"TM2","upper","7.0",NA,NA,NA,"R",NA,"N",NA,NA,NA,NA,"1.5",NA,NA,"x","0.0","0.0",NA,NA,NA,NA,NA,NA,NA,NA,NA,NA,NA,1.5
NA,NA,2017,2017-05-31,NA,"TM2","upper","7.0",NA,NA,NA,"R",NA,"N",NA,NA,NA,NA,"1.5","18.7",NA,"s","0.0","1.0",5.1,NA,NA,NA,NA,NA,NA,NA,NA,NA,NA,1.5
NA,NA,2017,2017-05-31,NA,"TM2","upper","7.0",NA,NA,NA,"R",NA,"N",NA,NA,NA,NA,"1.0","16.1",NA,"p","0.0","2.0",4.4,NA,NA,NA,"Y","3a",NA,NA,NA,NA,NA,1
NA,NA,2017,2017-05-31,NA,"TM2","upper","7.0",NA,NA,NA,"R",NA,"N",NA,NA,NA,NA,"1.0",NA,NA,"x",NA,NA,NA,NA,NA,NA,"Y","2b",NA,NA,NA,NA,NA,1
NA,NA,2017,2017-05-31,NA,"TM2","upper","7.0",NA,NA,NA,"R",NA,"N",NA,NA,NA,NA,"1.0",NA,NA,"x",NA,NA,NA,NA,NA,NA,"Y","3a",NA,NA,NA,NA,"1 ab",1
NA,NA,2017,2017-05-31,NA,"TM2","upper","7.0",NA,NA,NA,"R",NA,"N",NA,NA,NA,NA,"1.0",NA,NA,"x",NA,NA,NA,NA,NA,NA,"Y","2b",NA,NA,NA,NA,NA,1
NA,NA,2017,2017-05-31,NA,"TM2","upper","7.0",NA,NA,NA,"R",NA,"N",NA,NA,NA,NA,"1.5","20.5",NA,"s","0.0","2.0",4.4,NA,NA,NA,"Y","3a",NA,NA,NA,NA,NA,1.5
NA,NA,2017,2017-05-31,NA,"TM2","upper","7.0",NA,NA,NA,"R",NA,"N",NA,NA,NA,NA,"1.0","18.0",NA,"sx","0.0","2.0",3.3,NA,NA,NA,"Y","3a",NA,NA,NA,NA,NA,1
NA,NA,2017,2017-05-31,NA,"TM2","upper","7.5",NA,NA,NA,"O",NA,"N",NA,NA,NA,NA,"<1",NA,NA,"x",NA,NA,NA,NA,NA,NA,"Y","2b",NA,NA,NA,NA,NA,0.5
NA,NA,2017,2017-05-31,NA,"TM2","upper","7.5",NA,NA,NA,"O",NA,"N",NA,NA,NA,NA,"1.0",NA,NA,"x",NA,NA,NA,NA,NA,NA,"Y","2b",NA,NA,NA,NA,NA,1
NA,NA,2017,2017-05-31,NA,"TM2","upper","7.5",NA,NA,NA,"O",NA,"N",NA,NA,NA,NA,"<1",NA,NA,"x",NA,NA,NA,NA,NA,NA,"Y","2b",NA,NA,NA,NA,NA,0.5
NA,NA,2017,2017-05-31,NA,"TM2","upper","7.5",NA,NA,NA,"O",NA,"N",NA,NA,NA,NA,"1.0",NA,NA,"x",NA,NA,NA,NA,NA,NA,"Y","2b",NA,NA,NA,NA,NA,1
NA,NA,2017,2017-05-31,NA,"TM2","upper","7.5",NA,NA,NA,"O",NA,"N",NA,NA,NA,NA,"1.5","18.0",NA,"s","0.0","2.0",4.5,NA,NA,NA,NA,NA,NA,NA,NA,NA,NA,1.5
NA,NA,2017,2017-05-31,NA,"TM2","upper","7.5",NA,NA,NA,"O",NA,"N",NA,NA,NA,NA,"1.0",NA,NA,"x",NA,NA,NA,NA,NA,NA,"Y","3b",NA,NA,NA,NA,"1 ab",1
NA,NA,2017,2017-05-31,NA,"TM2","upper","7.5",NA,NA,NA,"O",NA,"N",NA,NA,NA,NA,"1.0",NA,NA,"x",NA,NA,NA,NA,NA,NA,"Y","3b",NA,NA,NA,NA,"1 ab",1
NA,NA,2017,2017-05-31,NA,"TM2","upper","7.5",NA,NA,NA,"O",NA,"N",NA,NA,NA,NA,"1.0","19.8",NA,"sx","0.0","2.0",4.3,NA,NA,NA,"Y","3b",NA,NA,NA,NA,NA,1
NA,NA,2017,2017-05-31,NA,"TM2","upper","7.5",NA,NA,NA,"R",NA,"N",NA,NA,NA,NA,"1.0",NA,NA,"x",NA,NA,NA,NA,NA,NA,"Y","2b",NA,NA,NA,NA,NA,1
NA,NA,2017,2017-05-31,NA,"TM2","upper","7.5",NA,NA,NA,"R",NA,"N",NA,NA,NA,NA,"1.0",NA,NA,"x",NA,NA,NA,NA,NA,NA,"Y","2b",NA,NA,NA,NA,NA,1
NA,NA,2017,2017-05-31,NA,"TM2","upper","7.5",NA,NA,NA,"R",NA,"N",NA,NA,NA,NA,"1.0",NA,NA,"x",NA,NA,NA,NA,NA,NA,"Y","2b",NA,NA,NA,NA,NA,1
NA,NA,2017,2017-05-31,NA,"TM2","upper","7.5",NA,NA,NA,"R",NA,"N",NA,NA,NA,NA,"1.0",NA,NA,"x",NA,NA,NA,NA,NA,NA,"Y","2b",NA,NA,NA,NA,NA,1
NA,NA,2017,2017-05-31,NA,"TM2","upper","7.5",NA,NA,NA,"R",NA,"N",NA,NA,NA,NA,"1.0",NA,NA,"x",NA,NA,NA,NA,NA,NA,"Y","3b",NA,NA,NA,NA,"1 ab",1
NA,NA,2017,2017-05-31,NA,"TM2","upper","7.5",NA,NA,NA,"R",NA,"N",NA,NA,NA,NA,"<1",NA,NA,"x",NA,NA,NA,NA,NA,NA,"Y","2b",NA,NA,NA,NA,NA,0.5
NA,NA,2017,2017-05-31,NA,"TM2","upper","7.5",NA,NA,NA,"R",NA,"N",NA,NA,NA,NA,"<1",NA,NA,"x",NA,NA,NA,NA,NA,NA,"Y","3b",NA,NA,NA,NA,"1 silique eaten",0.5
NA,NA,2017,2017-05-31,NA,"TM2","upper","7.5",NA,NA,NA,"R",NA,"N",NA,NA,NA,NA,"<1",NA,NA,"x",NA,NA,NA,NA,NA,NA,"Y","2b",NA,NA,NA,NA,NA,0.5
NA,NA,2017,2017-05-31,NA,"TM2","upper","7.5",NA,NA,NA,"R",NA,"N",NA,NA,NA,NA,"<1",NA,NA,"x",NA,NA,NA,NA,NA,NA,"Y","2b",NA,NA,NA,NA,NA,0.5
NA,NA,2017,2017-05-31,NA,"TM2","upper","6.0",NA,NA,NA,"O",NA,"N",NA,NA,NA,NA,"1.0",NA,NA,"x",NA,NA,NA,NA,NA,NA,"Y","2b",NA,NA,NA,NA,NA,1
NA,NA,2017,2017-05-31,NA,"TM2","upper","6.0",NA,NA,NA,"O",NA,"N",NA,NA,NA,NA,"1.0",NA,NA,"x",NA,NA,NA,NA,NA,NA,"Y","3a",NA,NA,NA,NA,"1 ab",1
NA,NA,2017,2017-05-31,NA,"TM2","upper","6.0",NA,NA,NA,"O",NA,"N",NA,NA,NA,NA,"1.0",NA,NA,"x",NA,NA,NA,NA,NA,NA,"Y","1a 2b",NA,NA,NA,NA,NA,1
NA,NA,2017,2017-05-31,NA,"TM2","upper","6.0",NA,NA,NA,"O",NA,"N",NA,NA,NA,NA,"1.0","12.2",NA,"sx","0.0","2.0",2.1,NA,NA,NA,"Y","3a",NA,NA,NA,NA,NA,1
NA,NA,2017,2017-05-31,NA,"TM2","upper","6.0",NA,NA,NA,"R",NA,"N",NA,NA,NA,NA,"<1",NA,NA,"x",NA,NA,NA,NA,NA,NA,"Y","2b",NA,NA,NA,NA,NA,0.5
NA,NA,2017,2017-05-31,NA,"TM2","upper","6.0",NA,NA,NA,"R",NA,"N",NA,NA,NA,NA,"<1",NA,NA,"x",NA,NA,NA,NA,NA,NA,"Y","2b",NA,NA,NA,NA,NA,0.5
NA,NA,2017,2017-05-31,NA,"TM2","upper","6.0",NA,NA,NA,"R",NA,"N",NA,NA,NA,NA,"<1",NA,NA,"x",NA,NA,NA,NA,NA,NA,NA,NA,NA,NA,NA,NA,NA,0.5
NA,NA,2017,2017-05-31,NA,"TM2","upper","6.0",NA,NA,NA,"R",NA,"N",NA,NA,NA,NA,"1.5","20.5",NA,"sx","0.0","0.0",NA,NA,NA,NA,"Y","3a",NA,NA,NA,NA,"1 ab",1.5
NA,NA,2017,2017-05-31,NA,"TM2","upper","6.0",NA,NA,NA,"R",NA,"N",NA,NA,NA,NA,"1.5","18.6",NA,"s","0.0","1.0",5.1,NA,NA,NA,NA,NA,NA,NA,NA,NA,NA,1.5
NA,NA,2017,2017-05-31,NA,"TM2","upper","6.0",NA,NA,NA,"R",NA,"N",NA,NA,NA,NA,"<1",NA,NA,"x",NA,NA,NA,NA,NA,NA,"Y","2b",NA,NA,NA,NA,NA,0.5
NA,NA,2017,2017-05-31,NA,"TM2","upper","6.0",NA,NA,NA,"R",NA,"N",NA,NA,NA,NA,"1.0",NA,NA,"x",NA,NA,NA,NA,NA,NA,"Y","2b",NA,NA,NA,NA,NA,1
NA,NA,2017,2017-05-31,NA,"TM2","upper","6.0",NA,NA,NA,"R",NA,"N",NA,NA,NA,NA,"1.5","22.6",NA,"s","0.0","1.0",4.5,NA,NA,NA,NA,NA,NA,NA,NA,NA,NA,1.5
NA,NA,2017,2017-05-31,NA,"TM2","upper","6.0",NA,NA,NA,"R",NA,"N",NA,NA,NA,NA,"<1","14.2",NA,"s","0.0","1.0",2.5,NA,NA,NA,NA,NA,NA,NA,NA,NA,NA,0.5
NA,NA,2017,2017-05-31,NA,"TM2","upper","6.0",NA,NA,NA,"R",NA,"N",NA,NA,NA,NA,"1.5","15.5",NA,"sx","0.0","1.0",0.3,NA,NA,NA,"Y","3b",NA,NA,NA,NA,NA,1.5
NA,NA,2017,2017-05-31,NA,"TM2","upper","6.0",NA,NA,NA,"R",NA,"N",NA,NA,NA,NA,"1.0",NA,NA,"x",NA,NA,NA,NA,NA,NA,"Y","1a 2b",NA,NA,NA,NA,NA,1
NA,NA,2017,2017-05-31,NA,"TM2","upper","6.5",NA,NA,NA,"O",NA,"N",NA,NA,NA,NA,"<1","13.9",NA,"p","0.0","1.0",2.6,NA,NA,NA,NA,NA,NA,NA,NA,NA,NA,0.5
NA,NA,2017,2017-05-31,NA,"TM2","upper","6.5",NA,NA,NA,"R",NA,"N",NA,NA,NA,NA,"1.5","15.6",NA,"p","0.0","1.0",5.5,NA,NA,NA,NA,NA,NA,NA,NA,NA,NA,1.5
NA,NA,2017,2017-05-31,NA,"TM2","upper","6.5",NA,NA,NA,"R",NA,"N",NA,NA,NA,NA,"<1",NA,NA,"x",NA,NA,NA,NA,NA,NA,"Y","2b",NA,NA,NA,NA,NA,0.5
NA,NA,2017,2017-05-31,NA,"TM2","upper","6.5",NA,NA,NA,"R",NA,"N",NA,NA,NA,NA,"1.0",NA,NA,"x",NA,NA,NA,NA,NA,NA,"Y","3b",NA,NA,NA,NA,NA,1
NA,NA,2017,2017-05-31,NA,"TM2","upper","6.5",NA,NA,NA,"R",NA,"N",NA,NA,NA,NA,"1.0","18.1",NA,"p","0.0","2.0",4.6,NA,NA,NA,"Y","3b",NA,NA,NA,NA,NA,1
NA,NA,2017,2017-05-31,NA,"TM2","upper","6.5",NA,NA,NA,"R",NA,"N",NA,NA,NA,NA,"1.0","14.4",NA,"s","0.0","1.0",3.2,NA,NA,NA,"Y","3a",NA,NA,NA,NA,NA,1
NA,NA,2017,2017-05-31,NA,"TM2","upper","6.5",NA,NA,NA,"R",NA,"N",NA,NA,NA,NA,"1.0",NA,NA,"x",NA,NA,NA,NA,NA,NA,"Y","2b",NA,NA,NA,NA,NA,1
NA,NA,2017,2017-05-31,NA,"TM2","upper","7.0",NA,NA,NA,"O",NA,"N",NA,NA,NA,NA,"1.0",NA,NA,"x",NA,NA,NA,NA,NA,NA,"Y","2b",NA,NA,NA,NA,NA,1
NA,NA,2017,2017-05-31,NA,"TM2","upper","7.0",NA,NA,NA,"O",NA,"N",NA,NA,NA,NA,"1.0",NA,NA,"x",NA,NA,NA,NA,NA,NA,"Y","2b",NA,NA,NA,NA,NA,1
NA,NA,2017,2017-05-31,NA,"TM2","upper","7.0",NA,NA,NA,"O",NA,"N",NA,NA,NA,NA,"1.0",NA,NA,"x",NA,NA,NA,NA,NA,NA,"Y","2b",NA,NA,NA,NA,NA,1
NA,NA,2017,2017-05-31,NA,"TM2","upper","7.0",NA,NA,NA,"O",NA,"N",NA,NA,NA,NA,"1.0",NA,NA,"x",NA,NA,NA,NA,NA,NA,"Y","2b",NA,NA,NA,NA,NA,1
NA,NA,2017,2017-05-31,NA,"TM2","upper","7.0",NA,NA,NA,"O",NA,"N",NA,NA,NA,NA,"1.0",NA,NA,"x",NA,NA,NA,NA,NA,NA,"Y","2b",NA,NA,NA,NA,NA,1
NA,NA,2017,2017-05-31,NA,"TM2","upper","7.0",NA,NA,NA,"R",NA,"N",NA,NA,NA,NA,"<1",NA,NA,"x",NA,NA,NA,NA,NA,NA,"Y","2b",NA,NA,NA,NA,NA,0.5
NA,NA,2017,2017-05-31,NA,"TM2","upper","7.0",NA,NA,NA,"R",NA,"N",NA,NA,NA,NA,"1.0",NA,NA,"x",NA,NA,NA,NA,NA,NA,"Y","2b",NA,NA,NA,NA,NA,1
NA,NA,2017,2017-05-31,NA,"TM2","upper","4.5",NA,NA,NA,"R",NA,"N",NA,NA,NA,NA,"1.0","20.7",NA,"p","0.0","1.0",6.1,NA,NA,NA,"Y","3a",NA,NA,NA,NA,NA,1
NA,NA,2017,2017-05-31,NA,"TM2","upper","4.5",NA,NA,NA,"R",NA,"N",NA,NA,NA,NA,"<1","12.5",NA,"sx","0.0","1.0",2.4,NA,NA,NA,"Y","3b",NA,NA,NA,NA,NA,0.5
NA,NA,2017,2017-05-31,NA,"TM2","upper","4.5",NA,NA,NA,"R",NA,"N",NA,NA,NA,NA,"1.0","17.2",NA,"sx","0.0","1.0",3.6,NA,NA,NA,"Y","3a",NA,NA,NA,NA,NA,1
NA,NA,2017,2017-05-31,NA,"TM2","upper","4.5",NA,NA,NA,"R",NA,"N",NA,NA,NA,NA,"<1",NA,NA,"x",NA,NA,NA,NA,NA,NA,NA,NA,NA,NA,NA,NA,"1 aborted",0.5
NA,NA,2017,2017-05-31,NA,"TM2","upper","4.5",NA,NA,NA,"R",NA,"N",NA,NA,NA,NA,"1.5",NA,NA,"x",NA,NA,NA,NA,NA,NA,"Y","2b",NA,NA,NA,NA,NA,1.5
NA,NA,2017,2017-05-31,NA,"TM2","upper","5.0",NA,NA,NA,"O",NA,"N",NA,NA,NA,NA,"1.5","17.0",NA,"p","0.0","1.0",3.8,NA,NA,NA,NA,NA,NA,NA,NA,NA,NA,1.5
NA,NA,2017,2017-05-31,NA,"TM2","upper","5.0",NA,NA,NA,"O",NA,"N",NA,NA,NA,NA,NA,NA,NA,"x",NA,NA,NA,NA,NA,NA,NA,NA,NA,NA,NA,NA,"no plant",NA
NA,NA,2017,2017-05-31,NA,"TM2","upper","5.0",NA,NA,NA,"O",NA,"N",NA,NA,NA,NA,"<1",NA,NA,"x",NA,NA,NA,NA,NA,NA,"Y","2b",NA,NA,NA,NA,NA,0.5
NA,NA,2017,2017-05-31,NA,"TM2","upper","5.0",NA,NA,NA,"O",NA,"N",NA,NA,NA,NA,"1.0",NA,NA,"x",NA,NA,NA,NA,NA,NA,"Y","3b",NA,NA,NA,NA,"broken stem",1
NA,NA,2017,2017-05-31,NA,"TM2","upper","5.0",NA,NA,NA,"O",NA,"N",NA,NA,NA,NA,"1.0",NA,NA,"x",NA,NA,NA,NA,NA,NA,NA,NA,NA,NA,NA,NA,NA,1
NA,NA,2017,2017-05-31,NA,"TM2","upper","5.0",NA,NA,NA,"O",NA,"N",NA,NA,NA,NA,"1.0","14.2",NA,"p","0.0","1.0",2.1,NA,NA,NA,"Y","1a",NA,NA,NA,NA,NA,1
NA,NA,2017,2017-05-31,NA,"TM2","upper","5.0",NA,NA,NA,"R",NA,"N",NA,NA,NA,NA,"1.0","14.0",NA,"p","0.0","1.0",2.9,NA,NA,NA,NA,NA,NA,NA,NA,NA,NA,1
NA,NA,2017,2017-05-31,NA,"TM2","upper","5.0",NA,NA,NA,"R",NA,"N",NA,NA,NA,NA,"1.5","21.4",NA,"p","0.0","3.0",3.2,NA,NA,NA,"Y","3a",NA,NA,NA,NA,NA,1.5
NA,NA,2017,2017-05-31,NA,"TM2","upper","5.0",NA,NA,NA,"R",NA,"N",NA,NA,NA,NA,"1.0",NA,NA,"x",NA,NA,NA,NA,NA,NA,"Y","2b",NA,NA,NA,NA,NA,1
NA,NA,2017,2017-05-31,NA,"TM2","upper","5.0",NA,NA,NA,"R",NA,"N",NA,NA,NA,NA,"<1",NA,NA,"x",NA,NA,NA,NA,NA,NA,"Y","2b",NA,NA,NA,NA,NA,0.5
NA,NA,2017,2017-05-31,NA,"TM2","upper","5.0",NA,NA,NA,"R",NA,"N",NA,NA,NA,NA,"1.0","17.4",NA,"s","0.0","1.0",2.3,NA,NA,NA,NA,NA,NA,NA,NA,NA,NA,1
NA,NA,2017,2017-05-31,NA,"TM2","upper","5.0",NA,NA,NA,"R",NA,"N",NA,NA,NA,NA,"<1",NA,NA,"x",NA,NA,NA,NA,NA,NA,"Y","2b",NA,NA,NA,NA,NA,0.5
NA,NA,2017,2017-05-31,NA,"TM2","upper","5.0",NA,NA,NA,"R",NA,"N",NA,NA,NA,NA,"<1",NA,NA,"x",NA,NA,NA,NA,NA,NA,"Y","2b",NA,NA,NA,NA,NA,0.5
NA,NA,2017,2017-05-31,NA,"TM2","upper","5.0",NA,NA,NA,"R",NA,"N",NA,NA,NA,NA,NA,NA,NA,"x",NA,NA,NA,NA,NA,NA,NA,NA,NA,NA,NA,NA,"no plant",NA
NA,NA,2017,2017-05-31,NA,"TM2","upper","5.0",NA,NA,NA,"R",NA,"N",NA,NA,NA,NA,"1.0",NA,NA,"x",NA,NA,NA,NA,NA,NA,NA,NA,NA,NA,NA,NA,"2 aborted pods",1
NA,NA,2017,2017-05-31,NA,"TM2","upper","5.5",NA,NA,NA,"W",NA,"N",NA,NA,NA,NA,NA,NA,NA,NA,NA,NA,NA,NA,NA,NA,NA,NA,NA,NA,NA,NA,"no plant",NA
NA,NA,2017,2017-05-31,NA,"TM2","upper","5.5",NA,NA,NA,"O",NA,"N",NA,NA,NA,NA,"1.0",NA,NA,"x",NA,NA,NA,NA,NA,NA,"Y","2b",NA,NA,NA,NA,NA,1
NA,NA,2017,2017-05-31,NA,"TM2","upper","5.5",NA,NA,NA,"O",NA,"N",NA,NA,NA,NA,"1.0",NA,NA,"x",NA,NA,NA,NA,NA,NA,"Y","2b",NA,NA,NA,NA,NA,1
NA,NA,2017,2017-05-31,NA,"TM2","upper","5.5",NA,NA,NA,"O",NA,"N",NA,NA,NA,NA,"1.0","14.6",NA,"s","0.0","1.0",5.5,NA,NA,NA,"Y","3a",NA,NA,NA,NA,NA,1
NA,NA,2017,2017-05-31,NA,"TM2","upper","5.5",NA,NA,NA,"R",NA,"N",NA,NA,NA,NA,"<1",NA,NA,"x",NA,NA,NA,NA,NA,NA,"Y","2b",NA,NA,NA,NA,NA,0.5
NA,NA,2017,2017-05-31,NA,"TM2","upper","5.5",NA,NA,NA,"R",NA,"N",NA,NA,NA,NA,"1.0",NA,NA,"x",NA,NA,NA,NA,NA,NA,"Y","2b",NA,NA,NA,NA,"1 aborted",1
NA,NA,2017,2017-05-31,NA,"TM2","upper","5.5",NA,NA,NA,"R",NA,"N",NA,NA,NA,NA,"1.5","20.3",NA,"s","0.0","2.0",3.6,NA,NA,NA,NA,NA,NA,NA,NA,NA,NA,1.5
NA,NA,2017,2017-05-31,NA,"TM2","upper","5.5",NA,NA,NA,"R",NA,"N",NA,NA,NA,NA,"1.5","19.0",NA,"s","0.0","1.0",5.5,NA,NA,NA,"Y","3a",NA,NA,NA,NA,NA,1.5
NA,NA,2017,2017-05-31,NA,"TM2","upper","5.5",NA,NA,NA,"R",NA,"N",NA,NA,NA,NA,"1.5","20.2",NA,"s","0.0","1.0",4.4,NA,NA,NA,NA,NA,NA,NA,NA,NA,NA,1.5
NA,NA,2017,2017-05-31,NA,"TM2","upper","12.0",NA,NA,NA,"R",NA,"N",NA,NA,NA,NA,NA,NA,NA,"x",NA,NA,NA,NA,NA,NA,NA,NA,NA,NA,NA,NA,"no plant",NA
NA,NA,2017,2017-05-31,NA,"TM2","upper","12.0",NA,NA,NA,"R",NA,"N",NA,NA,NA,NA,"<1",NA,NA,"x",NA,NA,NA,NA,NA,NA,"Y","2b",NA,NA,NA,NA,NA,0.5
NA,NA,2017,2017-05-31,NA,"TM2","upper","12.5",NA,NA,NA,"O",NA,"N",NA,NA,NA,NA,"<1",NA,NA,"x",NA,NA,NA,NA,NA,NA,"Y","2b",NA,NA,NA,NA,NA,0.5
NA,NA,2017,2017-05-31,NA,"TM2","upper","12.5",NA,NA,NA,"O",NA,"N",NA,NA,NA,NA,"<1",NA,NA,"x",NA,NA,NA,NA,NA,NA,"Y","2b",NA,NA,NA,NA,NA,0.5
NA,NA,2017,2017-05-31,NA,"TM2","upper","12.5",NA,NA,NA,"R",NA,"N",NA,NA,NA,NA,"<1",NA,NA,"x",NA,NA,NA,NA,NA,NA,"Y","2b",NA,NA,NA,NA,NA,0.5
NA,NA,2017,2017-05-31,NA,"TM2","upper","12.5",NA,NA,NA,"R",NA,"N",NA,NA,NA,NA,"<1",NA,NA,"x",NA,NA,NA,NA,NA,NA,"Y","2b",NA,NA,NA,NA,NA,0.5
NA,NA,2017,2017-05-31,NA,"TM2","upper","12.5",NA,NA,NA,"R",NA,"N",NA,NA,NA,NA,"<1",NA,NA,"x",NA,NA,NA,NA,NA,NA,NA,NA,NA,NA,NA,NA,NA,0.5
NA,NA,2017,2017-05-31,NA,"TM2","upper","12.5",NA,NA,NA,"R",NA,"N",NA,NA,NA,NA,"<1",NA,NA,"x",NA,NA,NA,NA,NA,NA,"Y","2b",NA,NA,NA,NA,NA,0.5
NA,NA,2017,2017-05-31,NA,"TM2","upper","12.5",NA,NA,NA,"R",NA,"N",NA,NA,NA,NA,"<1",NA,NA,"x",NA,NA,NA,NA,NA,NA,"Y","2b",NA,NA,NA,NA,NA,0.5
NA,NA,2017,2017-05-31,NA,"TM2","upper","12.5",NA,NA,NA,"R",NA,"N",NA,NA,NA,NA,"<1",NA,NA,"x",NA,NA,NA,NA,NA,NA,"Y","2b",NA,NA,NA,NA,NA,0.5
NA,NA,2017,2017-05-31,NA,"TM2","upper","12.5",NA,NA,NA,"R",NA,"N",NA,NA,NA,NA,"<1",NA,NA,"x",NA,NA,NA,NA,NA,NA,"Y","2b",NA,NA,NA,NA,NA,0.5
NA,NA,2017,2017-05-31,NA,"TM2","upper","12.5",NA,NA,NA,"R",NA,"N",NA,NA,NA,NA,"<1",NA,NA,"x",NA,NA,NA,NA,NA,NA,"Y","2b",NA,NA,NA,NA,NA,0.5
NA,NA,2017,2017-05-31,NA,"TM2","upper","12.5",NA,NA,NA,"R",NA,"N",NA,NA,NA,NA,"<1",NA,NA,"x",NA,NA,NA,NA,NA,NA,"Y","2b",NA,NA,NA,NA,NA,0.5
NA,NA,2017,2017-05-31,NA,"TM2","upper","13.0",NA,NA,NA,"O",NA,"N",NA,NA,NA,NA,"1.0",NA,NA,"x",NA,NA,NA,NA,NA,NA,NA,NA,NA,NA,NA,NA,NA,1
NA,NA,2017,2017-05-31,NA,"TM2","upper","13.0",NA,NA,NA,"R",NA,"N",NA,NA,NA,NA,"1.0",NA,NA,"x",NA,NA,NA,NA,NA,NA,"Y","2b",NA,NA,NA,NA,NA,1
NA,NA,2017,2017-05-31,NA,"TM2","upper","13.0",NA,NA,NA,"R",NA,"N",NA,NA,NA,NA,"1.0",NA,NA,"x",NA,NA,NA,NA,NA,NA,"Y","2b",NA,NA,NA,NA,NA,1
NA,NA,2017,2017-05-31,NA,"TM2","upper","13.0",NA,NA,NA,"R",NA,"N",NA,NA,NA,NA,"<1",NA,NA,"x",NA,NA,NA,NA,NA,NA,"Y","2b",NA,NA,NA,NA,NA,0.5
NA,NA,2017,2017-05-31,NA,"TM2","upper","13.0",NA,NA,NA,"R",NA,"N",NA,NA,NA,NA,"<1",NA,NA,"x",NA,NA,NA,NA,NA,NA,"Y","2b",NA,NA,NA,NA,NA,0.5
NA,NA,2017,2017-05-31,NA,"TM2","upper","13.0",NA,NA,NA,"R",NA,"N",NA,NA,NA,NA,"1.0",NA,NA,"x",NA,NA,NA,NA,NA,NA,"Y","2b",NA,NA,NA,NA,NA,1
NA,NA,2017,2017-05-31,NA,"TM2","upper","13.0",NA,NA,NA,"R",NA,"N",NA,NA,NA,NA,"<1",NA,NA,"x",NA,NA,NA,NA,NA,NA,NA,NA,NA,NA,NA,NA,NA,0.5
NA,NA,2017,2017-05-31,NA,"TM2","upper","13.0",NA,NA,NA,"R",NA,"N",NA,NA,NA,NA,"<1",NA,NA,"x",NA,NA,NA,NA,NA,NA,"Y","2b",NA,NA,NA,NA,NA,0.5
NA,NA,2017,2017-05-31,NA,"TM2","upper","13.0",NA,NA,NA,"R",NA,"N",NA,NA,NA,NA,"1.0",NA,NA,"x",NA,NA,NA,NA,NA,NA,NA,NA,NA,NA,NA,NA,NA,1
NA,NA,2017,2017-05-31,NA,"TM2","upper","13.0",NA,NA,NA,"R",NA,"N",NA,NA,NA,NA,"<1",NA,NA,"x",NA,NA,NA,NA,NA,NA,"Y","2b",NA,NA,NA,NA,NA,0.5
NA,NA,2017,2017-05-31,NA,"TM2","upper","13.0",NA,NA,NA,"R",NA,"N",NA,NA,NA,NA,"<1",NA,NA,"x",NA,NA,NA,NA,NA,NA,"Y","2b",NA,NA,NA,NA,NA,0.5
NA,NA,2017,2017-05-31,NA,"TM2","upper","13.0",NA,NA,NA,"R",NA,"N",NA,NA,NA,NA,"1.0",NA,NA,"p","0.0","1.0",3.6,NA,NA,NA,"Y","3a",NA,NA,NA,NA,NA,1
NA,NA,2017,2017-05-31,NA,"TM2","upper","13.0",NA,NA,NA,"R",NA,"N",NA,NA,NA,NA,"1.5",NA,NA,"p","0.0","2.0",4.6,NA,NA,NA,"Y","3a",NA,NA,NA,NA,NA,1.5
NA,NA,2017,2017-05-31,NA,"TM2","upper","10.5",NA,NA,NA,"R",NA,"N",NA,NA,NA,NA,"<1",NA,NA,"x",NA,NA,NA,NA,NA,NA,"Y","2b",NA,NA,NA,NA,NA,0.5
NA,NA,2017,2017-05-31,NA,"TM2","upper","10.5",NA,NA,NA,"R",NA,"N",NA,NA,NA,NA,"1.0",NA,NA,"x",NA,NA,NA,NA,NA,NA,"Y","2b",NA,NA,NA,NA,NA,1
NA,NA,2017,2017-05-31,NA,"TM2","upper","10.5",NA,NA,NA,"R",NA,"N",NA,NA,NA,NA,"<1",NA,NA,"x",NA,NA,NA,NA,NA,NA,"Y","2b",NA,NA,NA,NA,NA,0.5
NA,NA,2017,2017-05-31,NA,"TM2","upper","10.5",NA,NA,NA,"R",NA,"N",NA,NA,NA,NA,"<1",NA,NA,"x",NA,NA,NA,NA,NA,NA,"Y","2b",NA,NA,NA,NA,NA,0.5
NA,NA,2017,2017-05-31,NA,"TM2","upper","10.5",NA,NA,NA,"R",NA,"N",NA,NA,NA,NA,"<1",NA,NA,"x",NA,NA,NA,NA,NA,NA,"Y","2b",NA,NA,NA,NA,NA,0.5
NA,NA,2017,2017-05-31,NA,"TM2","upper","10.5",NA,NA,NA,"R",NA,"N",NA,NA,NA,NA,"<1",NA,NA,"x",NA,NA,NA,NA,NA,NA,"Y","2b",NA,NA,NA,NA,NA,0.5
NA,NA,2017,2017-05-31,NA,"TM2","upper","10.5",NA,NA,NA,"R",NA,"N",NA,NA,NA,NA,"1.0","12.0",NA,"p","0.0","1.0",2.1,NA,NA,NA,"Y","3a",NA,NA,NA,NA,NA,1
NA,NA,2017,2017-05-31,NA,"TM2","upper","10.5",NA,NA,NA,"R",NA,"N",NA,NA,NA,NA,"<1","11.5",NA,"s","0.0","2.0",2.9,NA,NA,NA,"Y","3a",NA,NA,NA,NA,NA,0.5
NA,NA,2017,2017-05-31,NA,"TM2","upper","11.0",NA,NA,NA,"R",NA,"N",NA,NA,NA,NA,"<1",NA,NA,"x",NA,NA,NA,NA,NA,NA,"Y","2b",NA,NA,NA,NA,NA,0.5
NA,NA,2017,2017-05-31,NA,"TM2","upper","11.0",NA,NA,NA,"R",NA,"N",NA,NA,NA,NA,"<1",NA,NA,"x",NA,NA,NA,NA,NA,NA,NA,NA,NA,NA,NA,NA,NA,0.5
NA,NA,2017,2017-05-31,NA,"TM2","upper","11.5",NA,NA,NA,"G",NA,"N",NA,NA,NA,NA,"<1",NA,NA,"x",NA,NA,NA,NA,NA,NA,"Y","2b",NA,NA,NA,NA,NA,0.5
NA,NA,2017,2017-05-31,NA,"TM2","upper","11.5",NA,NA,NA,"O",NA,"N",NA,NA,NA,NA,"<1",NA,NA,"x",NA,NA,NA,NA,NA,NA,"Y","2b",NA,NA,NA,NA,NA,0.5
NA,NA,2017,2017-05-31,NA,"TM2","upper","11.5",NA,NA,NA,"R",NA,"N",NA,NA,NA,NA,"<1",NA,NA,"x",NA,NA,NA,NA,NA,NA,"Y","2b",NA,NA,NA,NA,NA,0.5
NA,NA,2017,2017-05-31,NA,"TM2","upper","11.5",NA,NA,NA,"R",NA,"N",NA,NA,NA,NA,"<1",NA,NA,"x",NA,NA,NA,NA,NA,NA,"Y","2b",NA,NA,NA,NA,NA,0.5
NA,NA,2017,2017-05-31,NA,"TM2","upper","11.5",NA,NA,NA,"R",NA,"N",NA,NA,NA,NA,"<1",NA,NA,"x",NA,NA,NA,NA,NA,NA,"Y","2b",NA,NA,NA,NA,NA,0.5
NA,NA,2017,2017-05-31,NA,"TM2","upper","11.5",NA,NA,NA,"R",NA,"N",NA,NA,NA,NA,"<1",NA,NA,"x",NA,NA,NA,NA,NA,NA,"Y","2b",NA,NA,NA,NA,NA,0.5
NA,NA,2017,2017-05-31,NA,"TM2","upper","11.5",NA,NA,NA,"R",NA,"N",NA,NA,NA,NA,NA,NA,NA,"x",NA,NA,NA,NA,NA,NA,NA,NA,NA,NA,NA,NA,"no plant",NA
NA,NA,2017,2017-05-31,NA,"TM2","upper","11.5",NA,NA,NA,"R",NA,"N",NA,NA,NA,NA,"<1","11.7",NA,"sx","0.0","1.0",3.3,NA,NA,NA,"Y","3a",NA,NA,NA,NA,NA,0.5
NA,NA,2017,2017-05-31,NA,"TM2","upper","11.5",NA,NA,NA,"R",NA,"N",NA,NA,NA,NA,"<1","10.4",NA,"sx","0.0","1.0",1.7,NA,NA,NA,NA,NA,NA,NA,NA,NA,NA,0.5
NA,NA,2017,2017-05-31,NA,"TM2","upper","12.0",NA,NA,NA,"O",NA,"N",NA,NA,NA,NA,"<1",NA,NA,"x",NA,NA,NA,NA,NA,NA,"Y","2b",NA,NA,NA,NA,NA,0.5
NA,NA,2017,2017-05-31,NA,"TM2","upper","12.0",NA,NA,NA,"O",NA,"N",NA,NA,NA,NA,"1.0",NA,NA,"x",NA,NA,NA,NA,NA,NA,"Y","2b 3b",NA,NA,NA,NA,NA,1
NA,NA,2017,2017-05-31,NA,"TM2","upper","12.0",NA,NA,NA,"O",NA,"N",NA,NA,NA,NA,"<1",NA,NA,"x",NA,NA,NA,NA,NA,NA,"Y","2b",NA,NA,NA,NA,NA,0.5
NA,NA,2017,2017-05-31,NA,"TM2","upper","12.0",NA,NA,NA,"O",NA,"N",NA,NA,NA,NA,"<1",NA,NA,"x",NA,NA,NA,NA,NA,NA,"Y","2b",NA,NA,NA,NA,NA,0.5
NA,NA,2017,2017-05-31,NA,"TM2","upper","12.0",NA,NA,NA,"R",NA,"N",NA,NA,NA,NA,"<1",NA,NA,"x",NA,NA,NA,NA,NA,NA,"Y","2b",NA,NA,NA,NA,NA,0.5
NA,NA,2017,2017-05-31,NA,"TM2","upper","12.0",NA,NA,NA,"R",NA,"N",NA,NA,NA,NA,"1.0",NA,NA,"x",NA,NA,NA,NA,NA,NA,"Y","2b",NA,NA,NA,NA,NA,1
NA,NA,2017,2017-05-31,NA,"TM2","upper","12.0",NA,NA,NA,"R",NA,"N",NA,NA,NA,NA,"<1",NA,NA,"x",NA,NA,NA,NA,NA,NA,"Y","2b",NA,NA,NA,NA,NA,0.5
NA,NA,2017,2017-05-31,NA,"TM2","upper","12.0",NA,NA,NA,"R",NA,"N",NA,NA,NA,NA,"<1",NA,NA,"x",NA,NA,NA,NA,NA,NA,"Y","2b",NA,NA,NA,NA,NA,0.5
NA,NA,2017,2017-05-31,NA,"TM2","upper","12.0",NA,NA,NA,"R",NA,"N",NA,NA,NA,NA,"1.0",NA,NA,"x",NA,NA,NA,NA,NA,NA,"Y","2b",NA,NA,NA,NA,NA,1
NA,NA,2017,2017-05-31,NA,"TM2","upper","12.0",NA,NA,NA,"R",NA,"N",NA,NA,NA,NA,"<1",NA,NA,"x",NA,NA,NA,NA,NA,NA,"Y","2b",NA,NA,NA,NA,NA,0.5
NA,NA,2017,2017-06-12,NA,"TM2","seep",NA,NA,NA,NA,NA,NA,"1.0",NA,NA,NA,NA,"3.7","38.5",NA,"P","0.0","3.0",6.6,NA,NA,NA,"Y","1b 2a 3b",NA,NA,NA,NA,"edge",3.7
NA,NA,2017,2017-06-12,NA,"TM2","seep",NA,NA,NA,NA,NA,NA,NA,NA,NA,NA,NA,"1.53","23.0",NA,"P","0.0","0.0",0,NA,NA,NA,"Y","1b",NA,NA,NA,NA,"veg",1.53
NA,NA,2017,2017-06-12,NA,"TM2","seep",NA,NA,NA,NA,NA,NA,"2.0",NA,NA,NA,NA,"2.5","22.8",NA,"P","0.0","0.0",0,NA,NA,NA,"Y","1b 2b",NA,NA,NA,NA,"edge",2.5
NA,NA,2017,2017-06-12,NA,"TM2","seep",NA,NA,NA,NA,NA,NA,NA,NA,NA,NA,NA,"1.94","15.5",NA,"P","0.0","0.0",0,NA,NA,NA,"Y","1b 2b",NA,NA,NA,NA,"center",1.94
NA,NA,2017,2017-06-12,NA,"TM2","seep",NA,NA,NA,NA,NA,NA,"3.0",NA,NA,NA,NA,"5.56","42.0",NA,"P","0.0","16.0",7.4,NA,NA,NA,"Y","2b 1b 3a",NA,NA,NA,NA,"center",5.56
NA,NA,2017,2017-06-12,NA,"TM2","seep",NA,NA,NA,NA,NA,NA,"4.0",NA,NA,NA,NA,"3.68","29.4",NA,"B","0.0","0.0",0,NA,NA,NA,"Y","2b 1b",NA,NA,NA,NA,"center / looks like unsuccessfully tried to flower",3.68
NA,NA,2017,2017-06-12,NA,"TM2","seep",NA,NA,NA,NA,NA,NA,"5.0",NA,NA,NA,NA,"5.8","36.3",NA,"P","0.0","0.0",0,NA,NA,NA,"Y","2b 1b 3b",NA,NA,NA,NA,"center",5.8
NA,NA,2017,2017-06-12,NA,"TM2","seep",NA,NA,NA,NA,NA,NA,"6.0",NA,NA,NA,NA,"2.82","35.2",NA,"P","0.0","1.0",7,NA,NA,NA,"Y","2a 1b 3a",NA,NA,NA,NA,"center",2.82
NA,NA,2017,2017-06-12,NA,"TM2","seep",NA,NA,NA,NA,NA,NA,"7.0",NA,NA,NA,NA,"5.36","34.5",NA,"P","0.0","2.0",6.4,NA,NA,NA,"Y","1a 2b 3a",NA,NA,NA,NA,"center",5.36
NA,NA,2017,2017-06-12,NA,"TM2","seep",NA,NA,NA,NA,NA,NA,"8.0",NA,NA,NA,NA,"5.42","35.0",NA,"P","0.0","1.0",1.5,NA,NA,NA,"Y","1a 2b 3a",NA,NA,NA,NA,"center / silique shortened  by herbivory",5.42
NA,NA,2017,2017-06-12,NA,"TM2","seep",NA,NA,NA,NA,NA,NA,"9.0",NA,NA,NA,NA,"5.15","34.9",NA,"P","0.0","18.0",8.6,NA,NA,NA,"Y","1b 2a 3b",NA,NA,NA,NA,"center",5.15
NA,NA,2017,2017-06-12,NA,"TM2","seep",NA,NA,NA,NA,NA,NA,"10.0",NA,NA,NA,NA,"4.38","39.4",NA,"P","0.0","3.0",8.1,NA,NA,NA,"Y","1b 2b 3a",NA,NA,NA,NA,"edge",4.38
NA,NA,2017,2017-06-12,NA,"TM2","seep",NA,NA,NA,NA,NA,NA,"11.0",NA,NA,NA,NA,"2.99","26.6",NA,"P","0.0","0.0",0,NA,NA,NA,"Y","2b 1b 3b",NA,NA,NA,NA,"trying to bud again; veg",2.99
NA,NA,2017,2017-06-12,NA,"TM2","seep",NA,NA,NA,NA,NA,NA,"12.0",NA,NA,NA,NA,"2.75","23.2",NA,"P","0.0","7.0",8.2,NA,NA,NA,"Y","1a 2a 3a",NA,NA,NA,NA,"edge",2.75
NA,NA,2017,2017-06-12,NA,"TM2","seep",NA,NA,NA,NA,NA,NA,NA,NA,NA,NA,NA,"1.79","19.5",NA,"P","0.0","1.0",3.8,NA,NA,NA,"Y","1a 2a 3a",NA,NA,NA,NA,"edge",1.79
NA,NA,2017,2017-06-12,NA,"TM2","seep",NA,NA,NA,NA,NA,NA,NA,NA,NA,NA,NA,"1.68","21.4",NA,"S","0.0","4.0",4.7,NA,NA,NA,"Y","2a 3b",NA,NA,NA,NA,"edge",1.68
NA,NA,2017,2017-06-12,NA,"TM2","seep",NA,NA,NA,NA,NA,NA,"13.0",NA,NA,NA,NA,"3.19","24.2",NA,"P","0.0","0.0",0,NA,NA,NA,"Y","1b 2b 3b",NA,NA,NA,NA,"trying to bud again; veg",3.19
NA,NA,2017,2017-06-12,NA,"TM2","seep",NA,NA,NA,NA,NA,NA,"14.0",NA,NA,NA,NA,"2.3","28.2",NA,"S","0.0","7.0",7.4,NA,NA,NA,"Y","2a 3a",NA,NA,NA,NA,"edge",2.3
NA,NA,2017,2017-06-12,NA,"TM2","seep",NA,NA,NA,NA,NA,NA,"15.0",NA,NA,NA,NA,"2.74","34.3",NA,"S","0.0","13.0",8.5,NA,NA,NA,"Y","2a 3a",NA,NA,NA,NA,"edge",2.74
NA,NA,2017,2017-06-12,NA,"TM2","seep",NA,NA,NA,NA,NA,NA,NA,NA,NA,NA,NA,"1.65","29.9",NA,"S","0.0","8.0",7,NA,NA,NA,"Y","2a 3a",NA,NA,NA,NA,"edge",1.65
NA,NA,2017,2017-06-12,NA,"TM2","seep",NA,NA,NA,NA,NA,NA,NA,NA,NA,NA,NA,"1.8","30.7",NA,"S","0.0","7.0",7.1,NA,NA,NA,"Y","2a 3a",NA,NA,NA,NA,"edge",1.8
NA,NA,2017,2017-06-12,NA,"TM2","seep",NA,NA,NA,NA,NA,NA,"16.0",NA,NA,NA,NA,"2.86","45.2",NA,"S","0.0","18.0",8.6,NA,NA,NA,"Y","2a 3a",NA,NA,NA,NA,"edge",2.86
NA,NA,2017,2017-06-12,NA,"TM2","seep",NA,NA,NA,NA,NA,NA,"17.0",NA,NA,NA,NA,"2.34","39.5",NA,"S","0.0","15.0",8.6,NA,NA,NA,"Y","2a 3a",NA,NA,NA,NA,"edge",2.34
NA,NA,2017,2017-06-12,NA,"TM2","seep",NA,NA,NA,NA,NA,NA,"18.0",NA,NA,NA,NA,"4.72","34.3",NA,"P","0.0","46.0",9.2,NA,NA,NA,"Y","2a 1b 3a",NA,NA,NA,NA,"trying to bud again",4.72
NA,NA,2017,2017-06-12,NA,"TM2","seep",NA,NA,NA,NA,NA,NA,"19.0",NA,NA,NA,NA,"4.12","55.1",NA,"P","0.0","27.0",9.3,NA,NA,NA,"Y","1b 2a 3a",NA,NA,NA,NA,"trying to bud again",4.12
NA,NA,2017,2017-06-12,NA,"TM2","seep",NA,NA,NA,NA,NA,NA,"20.0",NA,NA,NA,NA,"4.99","35.2",NA,"P","0.0","32.0",9.1,NA,NA,NA,"Y","1a 3a",NA,NA,NA,NA,"trying to bud again",4.99
NA,NA,2017,2017-06-12,NA,"TM2","seep",NA,NA,NA,NA,NA,NA,"21.0",NA,NA,NA,NA,"5.39","44.2",NA,"P","0.0","44.0",8.7,NA,NA,NA,"Y","1a 3a",NA,NA,NA,NA,"trying to bud again",5.39
NA,NA,2017,2017-06-12,NA,"TM2","seep",NA,NA,NA,NA,NA,NA,"22.0",NA,NA,NA,NA,"3.1","40.1",NA,"P","0.0","8.0",8.6,NA,NA,NA,"Y","1b 2a 3a",NA,NA,NA,NA,"trying to bud again",3.1
NA,NA,2017,2017-06-12,NA,"TM2","seep",NA,NA,NA,NA,NA,NA,"23.0",NA,NA,NA,NA,"5.32","45.0",NA,"P","0.0","56.0",9,NA,NA,NA,"Y","1b 2a 3a",NA,NA,NA,NA,"center",5.32
NA,NA,2017,2017-06-12,NA,"TM2","seep",NA,NA,NA,NA,NA,NA,"24.0",NA,NA,NA,NA,"4.32","30.8",NA,"P","0.0","42.0",9.4,NA,NA,NA,"Y","1a 3a",NA,NA,NA,NA,"center",4.32
NA,NA,2017,2017-06-12,NA,"TM2","seep",NA,NA,NA,NA,NA,NA,NA,NA,NA,NA,NA,"1.08","22.3",NA,"P","0.0","2.0",7.5,NA,NA,NA,"Y","3a",NA,NA,NA,NA,"broken",1.08
NA,NA,2017,2017-06-12,NA,"TM2","seep",NA,NA,NA,NA,NA,NA,"25.0",NA,NA,NA,NA,"2.36","29.5",NA,"S","0.0","12.0",8.4,NA,NA,NA,"Y","1a 3a",NA,NA,NA,NA,"edge",2.36
NA,NA,2017,2017-06-12,NA,"TM2","seep",NA,NA,NA,NA,NA,NA,"26.0",NA,NA,NA,NA,"3.21","35.0",NA,"P","0.0","13.0",8.2,NA,NA,NA,"Y","1a 2b 3a",NA,NA,NA,NA,"edge",3.21
NA,NA,2017,2017-06-12,NA,"TM2","seep",NA,NA,NA,NA,NA,NA,"27.0",NA,NA,NA,NA,"4.06","37.0",NA,"P","0.0","16.0",7.1,NA,NA,NA,"Y","1a 3a",NA,NA,NA,NA,"edge",4.06
NA,NA,2017,2017-06-12,NA,"TM2","seep",NA,NA,NA,NA,NA,NA,"28.0",NA,NA,NA,NA,"2.5","30.1",NA,"S","0.0","7.0",7.5,NA,NA,NA,"Y","3a",NA,NA,NA,NA,"edge",2.5
NA,NA,2017,2017-06-12,NA,"TM2","seep",NA,NA,NA,NA,NA,NA,NA,NA,NA,NA,NA,"1.66","29.1",NA,"S","0.0","4.0",6.6,NA,NA,NA,"Y","2b 3a",NA,NA,NA,NA,"edge",1.66
NA,NA,2017,2017-06-12,NA,"TM2","seep",NA,NA,NA,NA,NA,NA,NA,NA,NA,NA,NA,"0.78","18.3",NA,"S","0.0","2.0",4.2,NA,NA,NA,"N","none",NA,NA,NA,NA,"edge",0.5
NA,NA,2017,2017-06-12,NA,"TM2","seep",NA,NA,NA,NA,NA,NA,NA,NA,NA,NA,NA,"1.96","23.6",NA,"S","0.0","2.0",7.8,NA,NA,NA,"Y","3a",NA,NA,NA,NA,"edge",1.96
NA,NA,2017,2017-06-12,NA,"TM2","seep",NA,NA,NA,NA,NA,NA,"29.0",NA,NA,NA,NA,"2.94","31.5",NA,"S","0.0","5.0",7.6,NA,NA,NA,"Y","3a",NA,NA,NA,NA,"edge",2.94
NA,NA,2017,2017-06-12,NA,"TM2","seep",NA,NA,NA,NA,NA,NA,"30.0",NA,NA,NA,NA,"2.79","29.1",NA,"S","0.0","6.0",7.3,NA,NA,NA,"Y","3a",NA,NA,NA,NA,"center",2.79
NA,NA,2017,2017-06-12,NA,"TM2","seep",NA,NA,NA,NA,NA,NA,NA,NA,NA,NA,NA,"1.19","17.3",NA,"S","0.0","1.0",1.7,NA,NA,NA,"Y","3b",NA,NA,NA,NA,"edge",1.19
NA,NA,2017,2017-06-12,NA,"TM2","seep",NA,NA,NA,NA,NA,NA,"31.0",NA,NA,NA,NA,"3.22","36.5",NA,"S","0.0","15.0",9.8,NA,NA,NA,"Y","3b",NA,NA,NA,NA,"edge",3.22
NA,NA,2017,2017-06-12,NA,"TM2","seep",NA,NA,NA,NA,NA,NA,"32.0",NA,NA,NA,NA,"3.46","33.1",NA,"P","0.0","4.0",8.9,NA,NA,NA,"Y","3b",NA,NA,NA,NA,"edge",3.46
NA,NA,2017,2017-06-12,NA,"TM2","seep",NA,NA,NA,NA,NA,NA,"33.0",NA,NA,NA,NA,"5.68","38.5",NA,"S","0.0","20.0",8.6,NA,NA,NA,"Y","3a",NA,NA,NA,NA,"edge",5.68
NA,NA,2017,2017-06-12,NA,"TM2","seep",NA,NA,NA,NA,NA,NA,"34.0",NA,NA,NA,NA,"3.17","25.5",NA,"P","0.0","0.0",0,NA,NA,NA,"Y","1a 2b",NA,NA,NA,NA,"edge",3.17
NA,NA,2017,2017-06-12,NA,"TM2","seep",NA,NA,NA,NA,NA,NA,"35.0",NA,NA,NA,NA,"3.45","23.5",NA,"P","0.0","3.0",7.1,NA,NA,NA,"Y","1b 2b 3b",NA,NA,NA,NA,"edge",3.45
NA,NA,2017,2017-06-12,NA,"TM2","seep",NA,NA,NA,NA,NA,NA,"36.0",NA,NA,NA,NA,"2.58","14.0",NA,"P","0.0","0.0",0,NA,NA,NA,"Y","1a 2b",NA,NA,NA,NA,"edge",2.58
NA,NA,2017,2017-06-12,NA,"TM2","seep",NA,NA,NA,NA,NA,NA,"37.0",NA,NA,NA,NA,"7.56","52.0",NA,"P","0.0","68.0",10.4,NA,NA,NA,"Y","1a 3a",NA,NA,NA,NA,"center",7.56
NA,NA,2017,2017-06-12,NA,"TM2","seep",NA,NA,NA,NA,NA,NA,"38.0",NA,NA,NA,NA,"5.29","48.0",NA,"P","0.0","39.0",9.6,NA,NA,NA,"Y","1a 3a",NA,NA,NA,NA,"center",5.29
NA,NA,2017,2017-06-12,NA,"TM2","seep",NA,NA,NA,NA,NA,NA,"39.0",NA,NA,NA,NA,"6.27","50.5",NA,"P","0.0","60.0",9.8,NA,NA,NA,"Y","1a 3a",NA,NA,NA,NA,"center",6.27
NA,NA,2017,2017-06-12,NA,"TM2","seep",NA,NA,NA,NA,NA,NA,"40.0",NA,NA,NA,NA,"3.88","32.5",NA,"P","0.0","22.0",8.3,NA,NA,NA,"Y","1a 3a",NA,NA,NA,NA,"center",3.88
NA,NA,2017,2017-06-12,NA,"TM2","seep",NA,NA,NA,NA,NA,NA,"41.0",NA,NA,NA,NA,"2.61","38.5",NA,"P","0.0","11.0",6.5,NA,NA,NA,"Y","3a",NA,NA,NA,NA,"edge",2.61
NA,NA,2017,2017-06-12,NA,"TM2","seep",NA,NA,NA,NA,NA,NA,NA,NA,NA,NA,NA,"1.77","23.3",NA,"S","0.0","2.0",6.1,NA,NA,NA,"Y","3a",NA,NA,NA,NA,"edge",1.77
NA,NA,2017,2017-06-12,NA,"TM2","seep",NA,NA,NA,NA,NA,NA,"42.0",NA,NA,NA,NA,"4.01","36.0",NA,"S","0.0","7.0",8.8,NA,NA,NA,"Y","3b",NA,NA,NA,NA,"edge",4.01
NA,NA,2017,2017-06-12,NA,"TM2","seep",NA,NA,NA,NA,NA,NA,"43.0",NA,NA,NA,NA,"2.94","30.5",NA,"S","0.0","11.0",9,NA,NA,NA,"Y","3a",NA,NA,NA,NA,"edge",2.94
NA,NA,2017,2017-06-12,NA,"TM2","seep",NA,NA,NA,NA,NA,NA,"44.0",NA,NA,NA,NA,"2.42","35.5",NA,"P","0.0","13.0",6.6,NA,NA,NA,"Y","1a 3b",NA,NA,NA,NA,"edge",2.42
NA,NA,2017,2017-06-12,NA,"TM2","seep",NA,NA,NA,NA,NA,NA,NA,NA,NA,NA,NA,"1.77","35.0",NA,"S","0.0","5.0",7.7,NA,NA,NA,"Y","3a",NA,NA,NA,NA,"edge",1.77
NA,NA,2017,2017-06-12,NA,"TM2","seep",NA,NA,NA,NA,NA,NA,NA,NA,NA,NA,NA,"1.99","23.5",NA,"P","0.0","6.0",5.5,NA,NA,NA,"Y","1a 3a",NA,NA,NA,NA,"edge",1.99
NA,NA,2017,2017-06-12,NA,"TM2","seep",NA,NA,NA,NA,NA,NA,NA,NA,NA,NA,NA,"1.87","18.5",NA,"S","0.0","4.0",5.5,NA,NA,NA,"Y","3a 2b",NA,NA,NA,NA,NA,1.87
NA,NA,2017,2017-06-12,NA,"TM2","seep",NA,NA,NA,NA,NA,NA,NA,NA,NA,NA,NA,"0.93","19.5",NA,"S","0.0","3.0",4.1,NA,NA,NA,"N","none",NA,NA,NA,NA,"veg",0.5
NA,NA,2017,2017-06-12,NA,"TM2","seep",NA,NA,NA,NA,NA,NA,"45.0",NA,NA,NA,NA,"4.33","32.5",NA,"P","0.0","27.0",9.7,NA,NA,NA,"Y","1a 2b 3a",NA,NA,NA,NA,"center",4.33
NA,NA,2017,2017-06-12,NA,"TM2","seep",NA,NA,NA,NA,NA,NA,"46.0",NA,NA,NA,NA,"4.36","34.0",NA,"P","0.0","10.0",9.1,NA,NA,NA,"Y","1a 2b 3a",NA,NA,NA,NA,"center",4.36
NA,NA,2017,2017-06-12,NA,"TM2","seep",NA,NA,NA,NA,NA,NA,"47.0",NA,NA,NA,NA,"4.28","49.5",NA,"P","0.0","30.0",8.2,NA,NA,NA,"Y","1a 3a",NA,NA,NA,NA,"center",4.28
NA,NA,2017,2017-06-12,NA,"TM2","seep",NA,NA,NA,NA,NA,NA,NA,NA,NA,NA,NA,"1.95","36.0",NA,"P","0.0","8.0",8.4,NA,NA,NA,"Y","1a 3a",NA,NA,NA,NA,"edge",1.95
NA,NA,2017,2017-06-12,NA,"TM2","seep",NA,NA,NA,NA,NA,NA,NA,NA,NA,NA,NA,"1.91","23.1",NA,"P","0.0","0.0",0,NA,NA,NA,"Y","1a 2b",NA,NA,NA,NA,"edge",1.91
NA,NA,2017,2017-06-12,NA,"TM2","seep",NA,NA,NA,NA,NA,NA,NA,NA,NA,NA,NA,"1.42","22.7",NA,"P","0.0","0.0",0,NA,NA,NA,"Y","1a",NA,NA,NA,NA,"edge",1.42
NA,NA,2017,2017-06-12,NA,"TM2","seep",NA,NA,NA,NA,NA,NA,NA,NA,NA,NA,NA,"1.43","25.5",NA,"P","0.0","1.0",6.7,NA,NA,NA,"Y","1a 3a",NA,NA,NA,NA,"edge",1.43
NA,NA,2017,2017-06-12,NA,"TM2","seep",NA,NA,NA,NA,NA,NA,NA,NA,NA,NA,NA,"1.95","38.5",NA,"S","0.0","12.0",7.9,NA,NA,NA,"Y","3a",NA,NA,NA,NA,"edge",1.95
NA,NA,2017,2017-06-12,NA,"TM2","seep",NA,NA,NA,NA,NA,NA,"48.0",NA,NA,NA,NA,"2.98","37.5",NA,"S","0.0","14.0",9.5,NA,NA,NA,"Y","1a 3a",NA,NA,NA,NA,"edge",2.98
NA,NA,2017,2017-06-12,NA,"TM2","seep",NA,NA,NA,NA,NA,NA,"49.0",NA,NA,NA,NA,"6.81","42.0",NA,"P","0.0","45.0",8.4,NA,NA,NA,"Y","1a 3a",NA,NA,NA,NA,"edge",6.81
NA,NA,2017,2017-06-12,NA,"TM2","seep",NA,NA,NA,NA,NA,NA,NA,NA,NA,NA,NA,"0.99","15.0",NA,"P","0.0","0.0",0,NA,NA,NA,"Y","1a",NA,NA,NA,NA,"edge",0.5
NA,NA,2017,2017-06-12,NA,"TM2","seep",NA,NA,NA,NA,NA,NA,"50.0",NA,NA,NA,NA,"3.38","34.5",NA,"P","0.0","13.0",9.2,NA,NA,NA,"Y","1a 3a",NA,NA,NA,NA,"edge",3.38
NA,NA,2017,2017-06-12,NA,"TM2","seep",NA,NA,NA,NA,NA,NA,"51.0",NA,NA,NA,NA,"2.08","19.5",NA,"P","0.0","5.0",5.6,NA,NA,NA,"Y","1a 3a",NA,NA,NA,NA,"edge",2.08
NA,NA,2017,2017-06-12,NA,"TM2","seep",NA,NA,NA,NA,NA,NA,"52.0",NA,NA,NA,NA,"3.27","28.1",NA,"P","0.0","5.0",7.9,NA,NA,NA,"Y","1a 3a",NA,NA,NA,NA,"edge / trying to bud again",3.27
NA,NA,2017,2017-06-12,NA,"TM2","seep",NA,NA,NA,NA,NA,NA,"53.0",NA,NA,NA,NA,"3.46","35.0",NA,"P","0.0","32.0",9.3,NA,NA,NA,"Y","1a 2a 3a",NA,NA,NA,NA,"edge",3.46
NA,NA,2017,2017-06-12,NA,"TM2","seep",NA,NA,NA,NA,NA,NA,"54.0",NA,NA,NA,NA,"3.96","43.5",NA,"P","0.0","14.0",8.1,NA,NA,NA,"Y","1a 3a",NA,NA,NA,NA,"edge / trying to bud again",3.96
NA,NA,2017,2017-06-12,NA,"TM2","seep",NA,NA,NA,NA,NA,NA,"55.0",NA,NA,NA,NA,"5.12","43.0",NA,"P","0.0","28.0",10.5,NA,NA,NA,"Y","1b 2a 3a",NA,NA,NA,NA,"edge",5.12
NA,NA,2017,2017-06-12,NA,"TM2","seep",NA,NA,NA,NA,NA,NA,"56.0",NA,NA,NA,NA,"3.46","45.5",NA,"P","0.0","9.0",8.9,NA,NA,NA,"Y","1b 3a",NA,NA,NA,NA,"edge",3.46
NA,NA,2017,2017-06-12,NA,"TM2","seep",NA,NA,NA,NA,NA,NA,"57.0",NA,NA,NA,NA,"2.54","28.1",NA,"P","0.0","0.0",0,NA,NA,NA,"Y","2b 1a",NA,NA,NA,NA,"edge / trying to bud again",2.54
NA,NA,2017,2017-06-12,NA,"TM2","seep",NA,NA,NA,NA,NA,NA,NA,NA,NA,NA,NA,"1.33","26.8",NA,"S","0.0","3.0",8.5,NA,NA,NA,"N","none",NA,NA,NA,NA,"edge",1.33
NA,NA,2017,2017-06-12,NA,"TM2","seep",NA,NA,NA,NA,NA,NA,"58.0",NA,NA,NA,NA,"3.84","37.7",NA,"P","0.0","5.0",7.6,NA,NA,NA,"Y","1b 2b 3a",NA,NA,NA,NA,"edge",3.84
NA,NA,2017,2017-06-12,NA,"TM2","seep",NA,NA,NA,NA,NA,NA,"59.0",NA,NA,NA,NA,"4.72","35.6",NA,"P","0.0","0.0",0,NA,NA,NA,"Y","1a 2b",NA,NA,NA,NA,"edge / trying to bud again",4.72
NA,NA,2017,2017-06-12,NA,"TM2","seep",NA,NA,NA,NA,NA,NA,"60.0",NA,NA,NA,NA,"2.48","29.3",NA,"P","0.0","2.0",6.4,NA,NA,NA,"Y","1a 2b 3a",NA,NA,NA,NA,"edge",2.48
NA,NA,2017,2017-06-12,NA,"TM2","seep",NA,NA,NA,NA,NA,NA,"61.0",NA,NA,NA,NA,"2.93","17.0",NA,"P","0.0","0.0",0,NA,NA,NA,"Y","1a 2b",NA,NA,NA,NA,"edge",2.93
NA,NA,2017,2017-06-12,NA,"TM2","seep",NA,NA,NA,NA,NA,NA,"62.0",NA,NA,NA,NA,"2.32","30.5",NA,"P","0.0","3.0",7.8,NA,NA,NA,"Y","1a 3a",NA,NA,NA,NA,"edge",2.32
NA,NA,2017,2017-06-12,NA,"TM2","seep",NA,NA,NA,NA,NA,NA,"63.0",NA,NA,NA,NA,"3.39","40.5",NA,"P","0.0","9.0",9.1,NA,NA,NA,"Y","1a 3a",NA,NA,NA,NA,"edge",3.39
NA,NA,2017,2017-06-12,NA,"TM2","seep",NA,NA,NA,NA,NA,NA,"64.0",NA,NA,NA,NA,"4.59","48.9",NA,"P","0.0","16.0",11.2,NA,NA,NA,"Y","1b 3a",NA,NA,NA,NA,"edge / trying to bud again",4.59
NA,NA,2017,2017-06-12,NA,"TM2","seep",NA,NA,NA,NA,NA,NA,"65.0",NA,NA,NA,NA,"3.97","31.5",NA,"P","0.0","17.0",9,NA,NA,NA,"Y","1b 2a 3a",NA,NA,NA,NA,"edge",3.97
NA,NA,2017,2017-06-12,NA,"TM2","seep",NA,NA,NA,NA,NA,NA,"66.0",NA,NA,NA,NA,"4.8","40.1",NA,"P","0.0","55.0",8.1,NA,NA,NA,"Y","1b 2a 3a",NA,NA,NA,NA,"edge",4.8
NA,NA,2017,2017-06-12,NA,"TM2","seep",NA,NA,NA,NA,NA,NA,"67.0",NA,NA,NA,NA,"3.15","37.7",NA,"P","0.0","15.0",6.6,NA,NA,NA,"Y","1b 2a 3a",NA,NA,NA,NA,"edge / trying to bud again",3.15
NA,NA,2017,2017-06-12,NA,"TM2","seep",NA,NA,NA,NA,NA,NA,"68.0",NA,NA,NA,NA,"2.48","33.0",NA,"P","0.0","12.0",7.1,NA,NA,NA,"Y","1a 2b 3a",NA,NA,NA,NA,"edge",2.48
NA,NA,2017,2017-06-12,NA,"TM2","seep",NA,NA,NA,NA,NA,NA,"69.0",NA,NA,NA,NA,"2.51","41.0",NA,"S","0.0","15.0",7,NA,NA,NA,"Y","3a",NA,NA,NA,NA,"edge",2.51
NA,NA,2017,2017-06-12,NA,"TM2","seep",NA,NA,NA,NA,NA,NA,NA,NA,NA,NA,NA,"1.48","29.3",NA,"S","0.0","5.0",8,NA,NA,NA,"Y","3a",NA,NA,NA,NA,"edge",1.48
NA,NA,2017,2017-06-12,NA,"TM2","seep",NA,NA,NA,NA,NA,NA,"70.0",NA,NA,NA,NA,"2.63","41.4",NA,"P","0.0","12.0",7.1,NA,NA,NA,"Y","1a 3a",NA,NA,NA,NA,"edge",2.63
NA,NA,2017,2017-06-12,NA,"TM2","seep",NA,NA,NA,NA,NA,NA,NA,NA,NA,NA,NA,"1.35","25.0",NA,"P","0.0","3.0",6.4,NA,NA,NA,"Y","1a 3a",NA,NA,NA,NA,"edge",1.35
NA,NA,2017,2017-06-12,NA,"TM2","seep",NA,NA,NA,NA,NA,NA,"71.0",NA,NA,NA,NA,"2.8","25.7",NA,"P","0.0","3.0",6.3,NA,NA,NA,"Y","1b 2b 3a",NA,NA,NA,NA,"edge",2.8
NA,NA,2017,2017-06-12,NA,"TM2","seep",NA,NA,NA,NA,NA,NA,NA,NA,NA,NA,NA,"1.62","14.2",NA,"P","0.0","1.0",4.6,NA,NA,NA,"Y","1a 2b",NA,NA,NA,NA,"edge",1.62
NA,NA,2017,2017-06-12,NA,"TM2","seep",NA,NA,NA,NA,NA,NA,NA,NA,NA,NA,NA,"1.74","27.0",NA,"S","0.0","2.0",5.3,NA,NA,NA,"N","none",NA,NA,NA,NA,"edge",1.74
NA,NA,2017,2017-06-12,NA,"TM2","seep",NA,NA,NA,NA,NA,NA,NA,NA,NA,NA,NA,"1.65","23.5",NA,"S","0.0","10.0",7.4,NA,NA,NA,"Y","3a",NA,NA,NA,NA,"edge",1.65
NA,NA,2017,2017-06-12,NA,"TM2","seep",NA,NA,NA,NA,NA,NA,"72.0",NA,NA,NA,NA,"3.2","45.5",NA,"P","0.0","22.0",7.5,NA,NA,NA,"Y","1b 2a 3a",NA,NA,NA,NA,"edge",3.2
NA,NA,2017,2017-06-12,NA,"TM2","seep",NA,NA,NA,NA,NA,NA,"73.0",NA,NA,NA,NA,"2.84","37.5",NA,"P","0.0","3.0",6.1,NA,NA,NA,"Y","1b 2b 3b",NA,NA,NA,NA,"center / trying to bud again",2.84
NA,NA,2017,2017-06-12,NA,"TM2","seep",NA,NA,NA,NA,NA,NA,"74.0",NA,NA,NA,NA,"3.73","15.2",NA,"B","0.0","0.0",0,NA,NA,NA,"Y","1b 2a",NA,NA,NA,NA,"center / wilting",3.73
NA,NA,2017,2017-06-12,NA,"TM2","seep",NA,NA,NA,NA,NA,NA,NA,NA,NA,NA,NA,"1.29","12.5",NA,"P","0.0","1.0",6,NA,NA,NA,"Y","1a 3a",NA,NA,NA,NA,"center",1.29
NA,NA,2017,2017-06-12,NA,"TM2","seep",NA,NA,NA,NA,NA,NA,"75.0",NA,NA,NA,NA,"1.75","37.5",NA,"S","0.0","9.0",6.8,NA,NA,NA,"Y","3a",NA,NA,NA,NA,"edge",1.75
NA,NA,2017,2017-06-12,NA,"TM2","seep",NA,NA,NA,NA,NA,NA,NA,NA,NA,NA,NA,"2.16","34.0",NA,"S","0.0","8.0",6,NA,NA,NA,"Y","3a",NA,NA,NA,NA,"edge",2.16
NA,NA,2017,2017-06-12,NA,"TM2","seep",NA,NA,NA,NA,NA,NA,NA,NA,NA,NA,NA,"1.27","27.1",NA,"S","0.0","6.0",5.9,NA,NA,NA,"Y","3a",NA,NA,NA,NA,"edge",1.27
NA,NA,2017,2017-06-12,NA,"TM2","seep",NA,NA,NA,NA,NA,NA,NA,NA,NA,NA,NA,"1.72","20.0",NA,"S","0.0","0.0",0,NA,NA,NA,"Y","3b",NA,NA,NA,NA,"edge",1.72
NA,NA,2017,2017-06-12,NA,"TM2","seep",NA,NA,NA,NA,NA,NA,NA,NA,NA,NA,NA,"0.93","22.0",NA,"S","0.0","3.0",5.1,NA,NA,NA,"Y","3a",NA,NA,NA,NA,"edge",0.5
NA,NA,2017,2017-06-12,NA,"TM2","seep",NA,NA,NA,NA,NA,NA,NA,NA,NA,NA,NA,"1.57","23.5",NA,"S","0.0","14.0",7.3,NA,NA,NA,"Y","3a",NA,NA,NA,NA,"edge",1.57
NA,NA,2017,2017-06-12,NA,"TM2","seep",NA,NA,NA,NA,NA,NA,NA,NA,NA,NA,NA,"1.45","30.5",NA,"S","0.0","5.0",4.9,NA,NA,NA,"Y","3a",NA,NA,NA,NA,"edge",1.45
NA,NA,2017,2017-06-12,NA,"TM2","seep",NA,NA,NA,NA,NA,NA,NA,NA,NA,NA,NA,"1.44","23.0",NA,"S","0.0","3.0",6.5,NA,NA,NA,"Y","2b 3a",NA,NA,NA,NA,"edge",1.44
NA,NA,2017,2017-06-12,NA,"TM2","seep",NA,NA,NA,NA,NA,NA,NA,NA,NA,NA,NA,"0.87","15.6",NA,"S","0.0","1.0",4.3,NA,NA,NA,"Y","3a",NA,NA,NA,NA,"edge",0.5
NA,NA,2017,2017-06-12,NA,"TM2","seep",NA,NA,NA,NA,NA,NA,NA,NA,NA,NA,NA,"1.18","31.0",NA,"S","0.0","5.0",4.6,NA,NA,NA,"Y","3a",NA,NA,NA,NA,"edge",1.18
NA,NA,2017,2017-06-12,NA,"TM2","seep",NA,NA,NA,NA,NA,NA,NA,NA,NA,NA,NA,"1.84","29.0",NA,"S","0.0","6.0",6.2,NA,NA,NA,"Y","3a",NA,NA,NA,NA,"edge",1.84
NA,NA,2017,2017-06-12,NA,"TM2","seep",NA,NA,NA,NA,NA,NA,NA,NA,NA,NA,NA,"1.76","25.4",NA,"S","0.0","2.0",5.1,NA,NA,NA,"Y","3a",NA,NA,NA,NA,"edge",1.76
NA,NA,2017,2017-06-12,NA,"TM2","seep",NA,NA,NA,NA,NA,NA,NA,NA,NA,NA,NA,"1.76","25.5",NA,"S","0.0","4.0",20.1,NA,NA,NA,"Y","3a",NA,NA,NA,NA,"edge",1.76
NA,NA,2017,2017-06-12,NA,"TM2","seep",NA,NA,NA,NA,NA,NA,NA,NA,NA,NA,NA,"1.84","26.8",NA,"S","0.0","4.0",5.4,NA,NA,NA,"Y","3a",NA,NA,NA,NA,"edge",1.84
NA,NA,2017,2017-06-12,NA,"TM2","seep",NA,NA,NA,NA,NA,NA,"76.0",NA,NA,NA,NA,"2.95","32.0",NA,"S","0.0","10.0",9.1,NA,NA,NA,"Y","3a",NA,NA,NA,NA,"edge",2.95
NA,NA,2017,2017-06-12,NA,"TM2","seep",NA,NA,NA,NA,NA,NA,NA,NA,NA,NA,NA,"1.87","26.9",NA,"S","0.0","4.0",5.8,NA,NA,NA,"Y","3b",NA,NA,NA,NA,"edge",1.87
NA,NA,2017,2017-06-12,NA,"TM2","seep",NA,NA,NA,NA,NA,NA,"77.0",NA,NA,NA,NA,"2.59","33.2",NA,"S","0.0","9.0",5.7,NA,NA,NA,"Y","3b 1b",NA,NA,NA,NA,"edge",2.59
NA,NA,2017,2017-06-12,NA,"TM2","seep",NA,NA,NA,NA,NA,NA,NA,NA,NA,NA,NA,"1.17","19.1",NA,"S","0.0","3.0",6.1,NA,NA,NA,"Y","3a",NA,NA,NA,NA,"edge",1.17
NA,NA,2017,2017-06-12,NA,"TM2","seep",NA,NA,NA,NA,NA,NA,"78.0",NA,NA,NA,NA,"2.3","30.1",NA,"S","0.0","9.0",7.6,NA,NA,NA,"Y","1b 3b",NA,NA,NA,NA,"edge",2.3
NA,NA,2017,2017-06-12,NA,"TM2","seep",NA,NA,NA,NA,NA,NA,NA,NA,NA,NA,NA,"1.23","17.4",NA,"P","0.0","1.0",5.2,NA,NA,NA,"Y","1a 3a",NA,NA,NA,NA,"center",1.23
NA,NA,2017,2017-06-12,NA,"TM2","seep",NA,NA,NA,NA,NA,NA,NA,NA,NA,NA,NA,"1.88","20.4",NA,"S","0.0","5.0",6.1,NA,NA,NA,"Y","3a",NA,NA,NA,NA,"center",1.88
NA,NA,2017,2017-06-12,NA,"TM2","seep",NA,NA,NA,NA,NA,NA,"79.0",NA,NA,NA,NA,"2.91","37.5",NA,"S","0.0","32.0",7.5,NA,NA,NA,"Y","3b",NA,NA,NA,NA,"edge",2.91
NA,NA,2017,2017-06-12,NA,"TM2","seep",NA,NA,NA,NA,NA,NA,"80.0",NA,NA,NA,NA,"2.67","26.2",NA,"S","0.0","3.0",6.2,NA,NA,NA,"Y","3b",NA,NA,NA,NA,"center",2.67
NA,NA,2017,2017-06-12,NA,"TM2","seep",NA,NA,NA,NA,NA,NA,"81.0",NA,NA,NA,NA,"2.78","33.9",NA,"S","0.0","7.0",7.6,NA,NA,NA,"Y","3a",NA,NA,NA,NA,"center",2.78
NA,NA,2017,2017-06-12,NA,"TM2","seep",NA,NA,NA,NA,NA,NA,NA,NA,NA,NA,NA,"1.56","26.1",NA,"P","0.0","3.0",7.1,NA,NA,NA,"Y","3b 1b",NA,NA,NA,NA,"center",1.56
NA,NA,2017,2017-06-12,NA,"TM2","seep",NA,NA,NA,NA,NA,NA,"82.0",NA,NA,NA,NA,"5.5","30.0",NA,"P","0.0","1.0",6.5,NA,NA,NA,"Y","1b 2b 3b",NA,NA,NA,NA,"center",5.5
NA,NA,2017,2017-06-12,NA,"TM2","seep",NA,NA,NA,NA,NA,NA,"83.0",NA,NA,NA,NA,"3.77","20.5",NA,"P","0.0","0.0",0,NA,NA,NA,"Y","1b 2b",NA,NA,NA,NA,"center",3.77
NA,NA,2017,2017-06-12,NA,"TM2","seep",NA,NA,NA,NA,NA,NA,"84.0",NA,NA,NA,NA,"2.37","36.5",NA,"S","0.0","10.0",8.9,NA,NA,NA,"Y","3a",NA,NA,NA,NA,"edge",2.37
NA,NA,2017,2017-06-12,NA,"TM2","seep",NA,NA,NA,NA,NA,NA,"85.0",NA,NA,NA,NA,"3.19","23.5",NA,"P","0.0","2.0",7.5,NA,NA,NA,"Y","1b 2b 3b",NA,NA,NA,NA,"center",3.19
NA,NA,2017,2017-06-12,NA,"TM2","seep",NA,NA,NA,NA,NA,NA,NA,NA,NA,NA,NA,"1.95","16.5",NA,"S","0.0","0.0",0,NA,NA,NA,"Y","1b 2b",NA,NA,NA,NA,"center",1.95
NA,NA,2017,2017-06-12,NA,"TM2","seep",NA,NA,NA,NA,NA,NA,NA,NA,NA,NA,NA,"1.65","17.5",NA,"P","0.0","0.0",0,NA,NA,NA,"Y","1b 2b",NA,NA,NA,NA,"center",1.65
NA,NA,2017,2017-06-12,NA,"TM2","seep",NA,NA,NA,NA,NA,NA,NA,NA,NA,NA,NA,"1.64","30.5",NA,"S","0.0","4.0",6.6,NA,NA,NA,"N","none",NA,NA,NA,NA,"edge",1.64
NA,NA,2017,2017-06-12,NA,"TM2","seep",NA,NA,NA,NA,NA,NA,"86.0",NA,NA,NA,NA,"2.19","30.1",NA,"S","0.0","2.0",8.6,NA,NA,NA,"Y","3a",NA,NA,NA,NA,"edge",2.19
NA,NA,2017,2017-06-12,NA,"TM2","seep",NA,NA,NA,NA,NA,NA,"87.0",NA,NA,NA,NA,"3.16","27.8",NA,"S","0.0","4.0",7.2,NA,NA,NA,"Y","3a",NA,NA,NA,NA,"edge",3.16
NA,NA,2017,2017-06-12,NA,"TM2","seep",NA,NA,NA,NA,NA,NA,"88.0",NA,NA,NA,NA,"2.92","10.5",NA,"P","0.0","0.0",0,NA,NA,NA,"Y","1b 2b",NA,NA,NA,NA,"center",2.92
NA,NA,2017,2017-06-12,NA,"TM2","seep",NA,NA,NA,NA,NA,NA,NA,NA,NA,NA,NA,"1.99","18.5",NA,"P","0.0","0.0",0,NA,NA,NA,"Y","1b 2b",NA,NA,NA,NA,"center",1.99
NA,NA,2017,2017-06-12,NA,"TM2","seep",NA,NA,NA,NA,NA,NA,"89.0",NA,NA,NA,NA,"5.03","37.0",NA,"S","0.0","3.0",8.1,NA,NA,NA,"Y","1b 2b 3b",NA,NA,NA,NA,"center",5.03
NA,NA,2017,2017-06-12,NA,"TM2","seep",NA,NA,NA,NA,NA,NA,"90.0",NA,NA,NA,NA,"3.33","24.5",NA,"S","0.0","10.0",8.1,NA,NA,NA,"Y","1b 2b 3b",NA,NA,NA,NA,"center",3.33
NA,NA,2017,2017-06-12,NA,"TM2","seep",NA,NA,NA,NA,NA,NA,"91.0",NA,NA,NA,NA,"3.62","24.5",NA,"S","0.0","18.0",6.1,NA,NA,NA,"Y","1b 3b",NA,NA,NA,NA,"center",3.62
NA,NA,2017,2017-06-12,NA,"TM2","seep",NA,NA,NA,NA,NA,NA,NA,NA,NA,NA,NA,"1.45","29.1",NA,"S","0.0","6.0",5.6,NA,NA,NA,"Y","3b",NA,NA,NA,NA,"edge",1.45
NA,NA,2017,2017-06-12,NA,"TM2","seep",NA,NA,NA,NA,NA,NA,"92.0",NA,NA,NA,NA,"3.72","33.1",NA,"P","0.0","6.0",6.8,NA,NA,NA,"Y","1a 3b",NA,NA,NA,NA,"center",3.72
NA,NA,2017,2017-06-12,NA,"TM2","seep",NA,NA,NA,NA,NA,NA,"93.0",NA,NA,NA,NA,"3.87","30.5",NA,"S","0.0","0.0",0,NA,NA,NA,"Y","2b",NA,NA,NA,NA,"edge",3.87
NA,NA,2017,2017-06-12,NA,"TM2","seep",NA,NA,NA,NA,NA,NA,"94.0",NA,NA,NA,NA,"2.19","28.9",NA,"P","0.0","6.0",7.5,NA,NA,NA,"Y","1a 3b",NA,NA,NA,NA,"center",2.19
NA,NA,2017,2017-06-12,NA,"TM2","seep",NA,NA,NA,NA,NA,NA,"95.0",NA,NA,NA,NA,"2.09","25.0",NA,"P","0.0","2.0",6.1,NA,NA,NA,"Y","1a 3a",NA,NA,NA,NA,"edge",2.09
NA,NA,2017,2017-06-12,NA,"TM2","seep",NA,NA,NA,NA,NA,NA,"96.0",NA,NA,NA,NA,"3.13","28.5",NA,"P","0.0","2.0",5.1,NA,NA,NA,"Y","1a 3b 2b",NA,NA,NA,NA,"edge",3.13
NA,NA,2017,2017-06-12,NA,"TM2","seep",NA,NA,NA,NA,NA,NA,"101.0",NA,NA,NA,NA,"2.25","21.2",NA,"P","0.0","2.0",6.6,NA,NA,NA,"Y","1a 3a",NA,NA,NA,NA,"edge",2.25
NA,NA,2017,2017-06-12,NA,"TM2","seep",NA,NA,NA,NA,NA,NA,"97.0",NA,NA,NA,NA,"3.4","29.5",NA,"P","0.0","3.0",9.6,NA,NA,NA,"Y","1a 2b 3a",NA,NA,NA,NA,"edge",3.4
NA,NA,2017,2017-06-12,NA,"TM2","seep",NA,NA,NA,NA,NA,NA,"98.0",NA,NA,NA,NA,"2.61","31.5",NA,"P","0.0","4.0",6.4,NA,NA,NA,"Y","1b 3a",NA,NA,NA,NA,"edge",2.61
NA,NA,2017,2017-06-12,NA,"TM2","seep",NA,NA,NA,NA,NA,NA,"99.0",NA,NA,NA,NA,"3.5","33.5",NA,"P","0.0","6.0",7.2,NA,NA,NA,"Y","1b 3b",NA,NA,NA,NA,"edge",3.5
NA,NA,2017,2017-06-12,NA,"TM2","seep",NA,NA,NA,NA,NA,NA,"111.0",NA,NA,NA,NA,"2.91","32.5",NA,"S","0.0","7.0",7.1,NA,NA,NA,"Y","3a",NA,NA,NA,NA,"edge",2.91
NA,NA,2017,2017-06-12,NA,"TM2","seep",NA,NA,NA,NA,NA,NA,NA,NA,NA,NA,NA,"1.94","30.5",NA,"P","0.0","3.0",6.6,NA,NA,NA,"Y","1a 3a",NA,NA,NA,NA,"veg",1.94
NA,NA,2017,2017-06-12,NA,"TM2","seep",NA,NA,NA,NA,NA,NA,NA,NA,NA,NA,NA,"1.19","17.6",NA,"B","0.0","0.0",0,NA,NA,NA,"Y","1b 2b",NA,NA,NA,NA,"veg",1.19
NA,NA,2017,2017-06-12,NA,"TM2","seep",NA,NA,NA,NA,NA,NA,"102.0",NA,NA,NA,NA,"5.16","37.5",NA,"P","0.0","23.0",6.2,NA,NA,NA,"Y","1a 2b 3a",NA,NA,NA,NA,"edge",5.16
NA,NA,2017,2017-06-12,NA,"TM2","seep",NA,NA,NA,NA,NA,NA,"103.0",NA,NA,NA,NA,"2.68","40.0",NA,"P","0.0","5.0",6.1,NA,NA,NA,"Y","1b 3a",NA,NA,NA,NA,"edge",2.68
NA,NA,2017,2017-06-12,NA,"TM2","seep",NA,NA,NA,NA,NA,NA,"104.0",NA,NA,NA,NA,"4.27","31.5",NA,"S","0.0","16.0",7,NA,NA,NA,"Y","3a",NA,NA,NA,NA,"edge",4.27
NA,NA,2017,2017-06-12,NA,"TM2","seep",NA,NA,NA,NA,NA,NA,"105.0",NA,NA,NA,NA,"3.25","37.5",NA,"P","0.0","11.0",6.2,NA,NA,NA,"Y","1a 3a",NA,NA,NA,NA,"edge",3.25
NA,NA,2017,2017-06-12,NA,"TM2","seep",NA,NA,NA,NA,NA,NA,"106.0",NA,NA,NA,NA,"3.87","44.5",NA,"S","0.0","9.0",6.6,NA,NA,NA,"Y","3a",NA,NA,NA,NA,"edge",3.87
NA,NA,2017,2017-06-12,NA,"TM2","seep",NA,NA,NA,NA,NA,NA,"107.0",NA,NA,NA,NA,"3.74","32.5",NA,"P","0.0","11.0",7.1,NA,NA,NA,"Y","1a 3a",NA,NA,NA,NA,"edge",3.74
NA,NA,2017,2017-06-12,NA,"TM2","seep",NA,NA,NA,NA,NA,NA,"108.0",NA,NA,NA,NA,"3.96","49.5",NA,"P","0.0","17.0",6.2,NA,NA,NA,"Y","1a",NA,NA,NA,NA,"edge",3.96
NA,NA,2017,2017-06-12,NA,"TM2","seep",NA,NA,NA,NA,NA,NA,"109.0",NA,NA,NA,NA,"3.05","28.5",NA,"P","0.0","8.0",6.5,NA,NA,NA,"Y","1a",NA,NA,NA,NA,"edge",3.05
NA,NA,2017,2017-06-12,NA,"TM2","seep",NA,NA,NA,NA,NA,NA,"110.0",NA,NA,NA,NA,"2.63","33.5",NA,"P","0.0","1.0",4.6,NA,NA,NA,"Y","1b 3b",NA,NA,NA,NA,"center",2.63
NA,NA,2017,2017-06-12,NA,"TM2","seep",NA,NA,NA,NA,NA,NA,"100.0",NA,NA,NA,NA,"8.05","42.5",NA,"P","0.0","135.0",10.2,NA,NA,NA,"Y","1a 2b 3a",NA,NA,NA,NA,"edge",8.05
NA,NA,2017,2017-06-15,NA,"TM2","outcrop",NA,NA,NA,NA,NA,NA,"1.0",NA,NA,NA,NA,"5.78","57.0",NA,"P","0.0","41.0",7.6,NA,NA,NA,"Y","1a 2a 3a",NA,NA,NA,NA,"trying to bud again",5.78
NA,NA,2017,2017-06-15,NA,"TM2","outcrop",NA,NA,NA,NA,NA,NA,"2.0",NA,NA,NA,NA,"2.11","33.2",NA,"P","0.0","5.0",6,NA,NA,NA,"Y","1a 3a",NA,NA,NA,NA,"trying to bud again",2.11
NA,NA,2017,2017-06-15,NA,"TM2","outcrop",NA,NA,NA,NA,NA,NA,"3.0",NA,NA,NA,NA,"2.2","37.6",NA,"S","0.0","6.0",6.6,NA,NA,NA,"N","none",NA,NA,NA,NA,NA,2.2
NA,NA,2017,2017-06-15,NA,"TM2","outcrop",NA,NA,NA,NA,NA,NA,"4.0",NA,NA,NA,NA,"2.67","25.5",NA,"P","0.0","2.0",3.2,NA,NA,NA,"Y","1a 3a",NA,NA,NA,NA,NA,2.67
NA,NA,2017,2017-06-15,NA,"TM2","outcrop",NA,NA,NA,NA,NA,NA,"5.0",NA,NA,NA,NA,"2.51","42.0",NA,"S","0.0","7.0",7.1,NA,NA,NA,"Y","3a",NA,NA,NA,NA,NA,2.51
NA,NA,2017,2017-06-15,NA,"TM2","outcrop",NA,NA,NA,NA,NA,NA,"6.0",NA,NA,NA,NA,"2.35","33.0",NA,"S","0.0","13.0",5.9,NA,NA,NA,"Y","3a",NA,NA,NA,NA,NA,2.35
NA,NA,2017,2017-06-15,NA,"TM2","outcrop",NA,NA,NA,NA,NA,NA,NA,NA,NA,NA,NA,"1.01","13.9",NA,"SX","0.0","1.0",3.5,NA,NA,NA,"Y","3a",NA,NA,NA,NA,NA,1.01
NA,NA,2017,2017-06-15,NA,"TM2","outcrop",NA,NA,NA,NA,NA,NA,NA,NA,NA,NA,NA,"0.84","13.1",NA,"S","0.0","1.0",2.2,NA,NA,NA,"Y","3a",NA,NA,NA,NA,NA,0.5
NA,NA,2017,2017-06-15,NA,"TM2","outcrop",NA,NA,NA,NA,NA,NA,"7.0",NA,NA,NA,NA,"3.43","42.5",NA,"S","0.0","17.0",7.6,NA,NA,NA,"Y","2a 3a",NA,NA,NA,NA,NA,3.43
NA,NA,2017,2017-06-15,NA,"TM2","outcrop",NA,NA,NA,NA,NA,NA,"8.0",NA,NA,NA,NA,"3.04","37.9",NA,"S","0.0","10.0",8.1,NA,NA,NA,"Y","2a 3a",NA,NA,NA,NA,NA,3.04
NA,NA,2017,2017-06-15,NA,"TM2","outcrop",NA,NA,NA,NA,NA,NA,"9.0",NA,NA,NA,NA,"4.0","37.3",NA,"P","0.0","12.0",5.1,NA,NA,NA,"Y","2b 1a 3a",NA,NA,NA,NA,NA,4
NA,NA,2017,2017-06-15,NA,"TM2","outcrop",NA,NA,NA,NA,NA,NA,NA,NA,NA,NA,NA,"1.14","20.1",NA,"S","0.0","0.0",0,NA,NA,NA,"Y","2b",NA,NA,NA,NA,NA,1.14
NA,NA,2017,2017-06-15,NA,"TM2","outcrop",NA,NA,NA,NA,NA,NA,NA,NA,NA,NA,NA,"1.6","33.0",NA,"S","0.0","4.0",7,NA,NA,NA,"N","none",NA,NA,NA,NA,NA,1.6
NA,NA,2017,2017-06-15,NA,"TM2","outcrop",NA,NA,NA,NA,NA,NA,NA,NA,NA,NA,NA,"0.99","20.0",NA,"S","0.0","1.0",5.4,NA,NA,NA,"N","none",NA,NA,NA,NA,NA,0.5
NA,NA,2017,2017-06-15,NA,"TM2","outcrop",NA,NA,NA,NA,NA,NA,NA,NA,NA,NA,NA,"1.47","23.4",NA,"S","0.0","2.0",7,NA,NA,NA,"Y","3a",NA,NA,NA,NA,NA,1.47
NA,NA,2017,2017-06-15,NA,"TM2","outcrop",NA,NA,NA,NA,NA,NA,"10.0",NA,NA,NA,NA,"3.3","41.0",NA,"S","0.0","9.0",6.5,NA,NA,NA,"Y","2a 3a",NA,NA,NA,NA,NA,3.3
NA,NA,2017,2017-06-15,NA,"TM2","outcrop",NA,NA,NA,NA,NA,NA,"11.0",NA,NA,NA,NA,"1.84","7.0",NA,"V","0.0","0.0",0,NA,NA,NA,"Y","1a",NA,NA,NA,NA,NA,1.84
NA,NA,2017,2017-06-15,NA,"TM2","outcrop",NA,NA,NA,NA,NA,NA,"12.0",NA,NA,NA,NA,"1.06","7.0",NA,"V","0.0","0.0",0,NA,NA,NA,"Y","1a",NA,NA,NA,NA,NA,1.06
NA,NA,2017,2017-06-15,NA,"TM2","outcrop",NA,NA,NA,NA,NA,NA,NA,NA,NA,NA,NA,"1.64","30.7",NA,"S","0.0","1.0",3.4,NA,NA,NA,"Y","3a",NA,NA,NA,NA,NA,1.64
NA,NA,2017,2017-06-15,NA,"TM2","outcrop",NA,NA,NA,NA,NA,NA,"13.0",NA,NA,NA,NA,"2.3","37.0",NA,"SX","0.0","5.0",7.5,NA,NA,NA,"N","none",NA,NA,NA,NA,NA,2.3
NA,NA,2017,2017-06-15,NA,"TM2","outcrop",NA,NA,NA,NA,NA,NA,"14.0",NA,NA,NA,NA,"3.42","57.6",NA,"S","0.0","15.0",8.1,NA,NA,NA,"Y","3a",NA,NA,NA,NA,NA,3.42
NA,NA,2017,2017-06-15,NA,"TM2","outcrop",NA,NA,NA,NA,NA,NA,"15.0",NA,NA,NA,NA,"2.64","38.2",NA,"S","0.0","13.0",5.6,NA,NA,NA,NA,NA,NA,NA,NA,NA,NA,2.64
NA,NA,2017,2017-06-15,NA,"TM2","outcrop",NA,NA,NA,NA,NA,NA,NA,NA,NA,NA,NA,"1.67","26.7",NA,"S","0.0","3.0",6.9,NA,NA,NA,"N","none",NA,NA,NA,NA,NA,1.67
NA,NA,2017,2017-06-15,NA,"TM2","outcrop",NA,NA,NA,NA,NA,NA,NA,NA,NA,NA,NA,"1.94","32.5",NA,"S","0.0","1.0",7.9,NA,NA,NA,"Y","3a",NA,NA,NA,NA,NA,1.94
NA,NA,2017,2017-06-15,NA,"TM2","outcrop",NA,NA,NA,NA,NA,NA,"16.0",NA,NA,NA,NA,"3.09","50.0",NA,"S","0.0","18.0",8.1,NA,NA,NA,"Y","3a",NA,NA,NA,NA,NA,3.09
NA,NA,2017,2017-06-15,NA,"TM2","outcrop",NA,NA,NA,NA,NA,NA,NA,NA,NA,NA,NA,"1.25","24.5",NA,"S","0.0","3.0",5.7,NA,NA,NA,"N","none",NA,NA,NA,NA,NA,1.25
NA,NA,2017,2017-06-15,NA,"TM2","outcrop",NA,NA,NA,NA,NA,NA,"17.0",NA,NA,NA,NA,"3.96","58.9",NA,"S","0.0","32.0",7.4,NA,NA,NA,"Y","2a 3a",NA,NA,NA,NA,NA,3.96
NA,NA,2017,2017-06-15,NA,"TM2","outcrop",NA,NA,NA,NA,NA,NA,"18.0",NA,NA,NA,NA,"2.84","49.6",NA,"S","0.0","15.0",9,NA,NA,NA,"Y","2a 3a",NA,NA,NA,NA,NA,2.84
NA,NA,2017,2017-06-15,NA,"TM2","outcrop",NA,NA,NA,NA,NA,NA,"19.0",NA,NA,NA,NA,"3.55","52.0",NA,"S","0.0","23.0",8.4,NA,NA,NA,"Y","2a 3a",NA,NA,NA,NA,NA,3.55
NA,NA,2017,2017-06-15,NA,"TM2","outcrop",NA,NA,NA,NA,NA,NA,"20.0",NA,NA,NA,NA,"3.39","37.5",NA,"S","0.0","13.0",6.6,NA,NA,NA,"Y","3a",NA,NA,NA,NA,NA,3.39
NA,NA,2017,2017-06-15,NA,"TM2","outcrop",NA,NA,NA,NA,NA,NA,NA,NA,NA,NA,NA,"1.44","25.0",NA,"S","0.0","1.0",6.1,NA,NA,NA,"N","none",NA,NA,NA,NA,NA,1.44
NA,NA,2017,2017-06-15,NA,"TM2","outcrop",NA,NA,NA,NA,NA,NA,"21.0",NA,NA,NA,NA,"3.55","41.0",NA,"P","0.0","11.0",8.5,NA,NA,NA,"Y","1a",NA,NA,NA,NA,NA,3.55
NA,NA,2017,2017-06-15,NA,"TM2","outcrop",NA,NA,NA,NA,NA,NA,"22.0",NA,NA,NA,NA,"2.89","36.0",NA,"S","0.0","17.0",7.5,NA,NA,NA,"Y","2a 3a",NA,NA,NA,NA,NA,2.89
NA,NA,2017,2017-06-15,NA,"TM2","outcrop",NA,NA,NA,NA,NA,NA,"23.0",NA,NA,NA,NA,"2.89","31.7",NA,"S","0.0","19.0",8.3,NA,NA,NA,"Y","2a 3a",NA,NA,NA,NA,NA,2.89
NA,NA,2017,2017-06-15,NA,"TM2","outcrop",NA,NA,NA,NA,NA,NA,"24.0",NA,NA,NA,NA,"2.44","31.0",NA,"S","0.0","5.0",7.6,NA,NA,NA,"N","none",NA,NA,NA,NA,NA,2.44
NA,NA,2017,2017-06-15,NA,"TM2","outcrop",NA,NA,NA,NA,NA,NA,"25.0",NA,NA,NA,NA,"2.39","29.9",NA,"S","0.0","9.0",3.8,NA,NA,NA,"Y","3a",NA,NA,NA,NA,NA,2.39
NA,NA,2017,2017-06-15,NA,"TM2","outcrop",NA,NA,NA,NA,NA,NA,"26.0",NA,NA,NA,NA,"4.12","15.0",NA,"V","0.0","0.0",0,NA,NA,NA,"Y","1a",NA,NA,NA,NA,NA,4.12
NA,NA,2017,2017-06-15,NA,"TM2","outcrop",NA,NA,NA,NA,NA,NA,"27.0",NA,NA,NA,NA,"3.13","48.5",NA,"P","0.0","10.0",8.2,NA,NA,NA,"Y","3a",NA,NA,NA,NA,NA,3.13
NA,NA,2017,2017-06-15,NA,"TM2","outcrop",NA,NA,NA,NA,NA,NA,"28.0",NA,NA,NA,NA,"2.97","45.5",NA,"P","0.0","15.0",8.1,NA,NA,NA,"Y","1b 3a",NA,NA,NA,NA,NA,2.97
NA,NA,2017,2017-06-15,NA,"TM2","outcrop",NA,NA,NA,NA,NA,NA,NA,NA,NA,NA,NA,"0.9","39.5",NA,"P","0.0","0.0",0,NA,NA,NA,"Y","1b 2b",NA,NA,NA,NA,"trying to bud again",0.5
NA,NA,2017,2017-06-15,NA,"TM2","outcrop",NA,NA,NA,NA,NA,NA,"29.0",NA,NA,NA,NA,"2.01","31.0",NA,"S","0.0","6.0",4.7,NA,NA,NA,"N","none",NA,NA,NA,NA,NA,2.01
NA,NA,2017,2017-06-15,NA,"TM2","outcrop",NA,NA,NA,NA,NA,NA,"30.0",NA,NA,NA,NA,"3.2","51.0",NA,"S","0.0","14.0",8.5,NA,NA,NA,"Y","2b",NA,NA,NA,NA,NA,3.2
NA,NA,2017,2017-06-15,NA,"TM2","outcrop",NA,NA,NA,NA,NA,NA,"31.0",NA,NA,NA,NA,"3.56","18.0",NA,"V","0.0","0.0",0,NA,NA,NA,"Y","1a",NA,NA,NA,NA,NA,3.56
NA,NA,2017,2017-06-15,NA,"TM2","outcrop",NA,NA,NA,NA,NA,NA,"32.0",NA,NA,NA,NA,"3.94","33.5",NA,"S","0.0","29.0",6,NA,NA,NA,"Y","3a",NA,NA,NA,NA,NA,3.94
NA,NA,2017,2017-06-15,NA,"TM2","outcrop",NA,NA,NA,NA,NA,NA,"33.0",NA,NA,NA,NA,"2.05","36.5",NA,"S","0.0","4.0",6.6,NA,NA,NA,"N","none",NA,NA,NA,NA,NA,2.05
NA,NA,2017,2017-06-15,NA,"TM2","outcrop",NA,NA,NA,NA,NA,NA,"34.0",NA,NA,NA,NA,"3.47","23.5",NA,"P","0.0","0.0",0,NA,NA,NA,"Y","1b 2b",NA,NA,NA,NA,"trying to bud again",3.47
NA,NA,2017,2017-06-15,NA,"TM2","outcrop",NA,NA,NA,NA,NA,NA,NA,NA,NA,NA,NA,"1.53","22.5",NA,"P","0.0","0.0",0,NA,NA,NA,"Y","1b 2b",NA,NA,NA,NA,NA,1.53
NA,NA,2017,2017-06-15,NA,"TM2","outcrop",NA,NA,NA,NA,NA,NA,NA,NA,NA,NA,NA,"1.7","26.5",NA,"P","0.0","5.0",3.7,NA,NA,NA,"Y","1a",NA,NA,NA,NA,NA,1.7
NA,NA,2017,2017-06-15,NA,"TM2","outcrop",NA,NA,NA,NA,NA,NA,NA,NA,NA,NA,NA,"1.96","22.1",NA,"P","0.0","6.0",5.2,NA,NA,NA,"Y","1a 3a",NA,NA,NA,NA,NA,1.96
NA,NA,2017,2017-06-15,NA,"TM2","outcrop",NA,NA,NA,NA,NA,NA,"35.0",NA,NA,NA,NA,"4.34","56.1",NA,"P","0.0","30.0",6,NA,NA,NA,"Y","3a",NA,NA,NA,NA,NA,4.34
NA,NA,2017,2017-06-15,NA,"TM2","outcrop",NA,NA,NA,NA,NA,NA,NA,NA,NA,NA,NA,"1.48","24.5",NA,"S","0.0","5.0",6.1,NA,NA,NA,"N","none",NA,NA,NA,NA,NA,1.48
NA,NA,2017,2017-06-15,NA,"TM2","outcrop",NA,NA,NA,NA,NA,NA,"36.0",NA,NA,NA,NA,"2.44","37.0",NA,"S","0.0","3.0",6.5,NA,NA,NA,"Y","3a",NA,NA,NA,NA,NA,2.44
NA,NA,2017,2017-06-15,NA,"TM2","outcrop",NA,NA,NA,NA,NA,NA,"37.0",NA,NA,NA,NA,"2.88","38.0",NA,"S","0.0","14.0",7.1,NA,NA,NA,"Y","3a",NA,NA,NA,NA,NA,2.88
NA,NA,2017,2017-06-15,NA,"TM2","outcrop",NA,NA,NA,NA,NA,NA,"38.0",NA,NA,NA,NA,"3.13","37.5",NA,"S","0.0","1.0",5.5,NA,NA,NA,"N","none",NA,NA,NA,NA,NA,3.13
NA,NA,2017,2017-06-15,NA,"TM2","outcrop",NA,NA,NA,NA,NA,NA,NA,NA,NA,NA,NA,"1.09","21.5",NA,"S","0.0","3.0",5.2,NA,NA,NA,"Y","3a",NA,NA,NA,NA,NA,1.09
NA,NA,2017,2017-06-15,NA,"TM2","outcrop",NA,NA,NA,NA,NA,NA,NA,NA,NA,NA,NA,"2.5","7.0",NA,"S","0.0","0.0",0,NA,NA,NA,"Y","1b 3b",NA,NA,NA,NA,"trying to bud again",2.5
NA,NA,2017,2017-06-15,NA,"TM2","outcrop",NA,NA,NA,NA,NA,NA,NA,NA,NA,NA,NA,"1.62","27.2",NA,"S","0.0","0.0",0,NA,NA,NA,"Y","2b",NA,NA,NA,NA,NA,1.62
NA,NA,2017,2017-06-15,NA,"TM2","outcrop",NA,NA,NA,NA,NA,NA,NA,NA,NA,NA,NA,"1.28","26.0",NA,"S","0.0","1.0",5.6,NA,NA,NA,"N","none",NA,NA,NA,NA,NA,1.28
NA,NA,2017,2017-06-15,NA,"TM2","outcrop",NA,NA,NA,NA,NA,NA,NA,NA,NA,NA,NA,"1.78","28.2",NA,"P","0.0","0.0",0,NA,NA,NA,"N","none",NA,NA,NA,NA,"trying to bud again",1.78
NA,NA,2017,2017-06-15,NA,"TM2","outcrop",NA,NA,NA,NA,NA,NA,NA,NA,NA,NA,NA,"1.36","33.0",NA,"SX","0.0","4.0",6.1,NA,NA,NA,"N","none",NA,NA,NA,NA,NA,1.36
NA,NA,2017,2017-06-15,NA,"TM2","outcrop",NA,NA,NA,NA,NA,NA,NA,NA,NA,NA,NA,"1.01","19.3",NA,"S","0.0","2.0",3.9,NA,NA,NA,"N","none",NA,NA,NA,NA,NA,1.01
NA,NA,2017,2017-06-15,NA,"TM2","outcrop",NA,NA,NA,NA,NA,NA,NA,NA,NA,NA,NA,"1.0","21.1",NA,"S","0.0","2.0",5.1,NA,NA,NA,"Y","3a",NA,NA,NA,NA,NA,1
NA,NA,2017,2017-06-15,NA,"TM2","outcrop",NA,NA,NA,NA,NA,NA,NA,NA,NA,NA,NA,"0.83","14.4",NA,"S","0.0","1.0",2.7,NA,NA,NA,"N","none",NA,NA,NA,NA,NA,0.5
NA,NA,2017,2017-06-15,NA,"TM2","outcrop",NA,NA,NA,NA,NA,NA,NA,NA,NA,NA,NA,"1.01","13.6",NA,"S","0.0","0.0",0,NA,NA,NA,"Y","2b",NA,NA,NA,NA,NA,1.01
NA,NA,2017,2017-06-15,NA,"TM2","outcrop",NA,NA,NA,NA,NA,NA,NA,NA,NA,NA,NA,"1.32","24.6",NA,"S","0.0","0.0",0,NA,NA,NA,"Y","2b",NA,NA,NA,NA,NA,1.32
NA,NA,2017,2017-06-15,NA,"TM2","outcrop",NA,NA,NA,NA,NA,NA,NA,NA,NA,NA,NA,"1.01","12.1",NA,"S","0.0","0.0",0,NA,NA,NA,"Y","2b",NA,NA,NA,NA,NA,1.01
NA,NA,2017,2017-06-15,NA,"TM2","outcrop",NA,NA,NA,NA,NA,NA,NA,NA,NA,NA,NA,"1.88","15.6",NA,"S","0.0","0.0",0,NA,NA,NA,"Y","2b",NA,NA,NA,NA,NA,1.88
NA,NA,2017,2017-06-15,NA,"TM2","outcrop",NA,NA,NA,NA,NA,NA,NA,NA,NA,NA,NA,"1.26","24.9",NA,"S","0.0","3.0",4,NA,NA,NA,"Y","3a",NA,NA,NA,NA,NA,1.26
NA,NA,2017,2017-06-15,NA,"TM2","outcrop",NA,NA,NA,NA,NA,NA,NA,NA,NA,NA,NA,"1.07","24.1",NA,"S","0.0","2.0",4.2,NA,NA,NA,"Y","3a",NA,NA,NA,NA,NA,1.07
NA,NA,2017,2017-06-15,NA,"TM2","outcrop",NA,NA,NA,NA,NA,NA,NA,NA,NA,NA,NA,"1.31","21.4",NA,"S","0.0","2.0",4.6,NA,NA,NA,"N","none",NA,NA,NA,NA,NA,1.31
NA,NA,2017,2017-06-15,NA,"TM2","outcrop",NA,NA,NA,NA,NA,NA,NA,NA,NA,NA,NA,"1.11","17.7",NA,"S","0.0","2.0",3.6,NA,NA,NA,"N","none",NA,NA,NA,NA,NA,1.11
NA,NA,2017,2017-06-15,NA,"TM2","outcrop",NA,NA,NA,NA,NA,NA,NA,NA,NA,NA,NA,"1.18","18.1",NA,"S","0.0","2.0",2.1,NA,NA,NA,"Y","3a",NA,NA,NA,NA,NA,1.18
NA,NA,2017,2017-06-15,NA,"TM2","outcrop",NA,NA,NA,NA,NA,NA,NA,NA,NA,NA,NA,"1.54","19.3",NA,"P","0.0","0.0",0,NA,NA,NA,"Y","1b 2b",NA,NA,NA,NA,"trying to bud again",1.54
NA,NA,2017,2017-06-15,NA,"TM2","outcrop",NA,NA,NA,NA,NA,NA,NA,NA,NA,NA,NA,"1.19","26.4",NA,"SX","0.0","2.0",2.7,NA,NA,NA,"Y","2b",NA,NA,NA,NA,NA,1.19
NA,NA,2017,2017-06-15,NA,"TM2","outcrop",NA,NA,NA,NA,NA,NA,NA,NA,NA,NA,NA,"0.73","8.1",NA,"S","0.0","0.0",0,NA,NA,NA,"Y","2b",NA,NA,NA,NA,NA,0.5
NA,NA,2017,2017-06-15,NA,"TM2","outcrop",NA,NA,NA,NA,NA,NA,NA,NA,NA,NA,NA,"0.46","5.4",NA,"S","0.0","0.0",0,NA,NA,NA,"Y","2b",NA,NA,NA,NA,NA,0.5
NA,NA,2017,2017-06-15,NA,"TM2","outcrop",NA,NA,NA,NA,NA,NA,NA,NA,NA,NA,NA,"1.37","26.6",NA,"S","0.0","3.0",3.7,NA,NA,NA,"N","none",NA,NA,NA,NA,NA,1.37
NA,NA,2017,2017-06-15,NA,"TM2","outcrop",NA,NA,NA,NA,NA,NA,NA,NA,NA,NA,NA,"0.94","18.3",NA,"S","0.0","2.0",2.7,NA,NA,NA,"Y","3a",NA,NA,NA,NA,NA,0.5
NA,NA,2017,2017-06-15,NA,"TM2","outcrop",NA,NA,NA,NA,NA,NA,NA,NA,NA,NA,NA,"1.76","25.1",NA,"SX","0.0","3.0",5.3,NA,NA,NA,"N","none",NA,NA,NA,NA,NA,1.76
NA,NA,2017,2017-06-15,NA,"TM2","outcrop",NA,NA,NA,NA,NA,NA,"39.0",NA,NA,NA,NA,"2.21","49.5",NA,"S","0.0","13.0",6.1,NA,NA,NA,"Y","3a",NA,NA,NA,NA,NA,2.21
NA,NA,2017,2017-06-15,NA,"TM2","outcrop",NA,NA,NA,NA,NA,NA,"40.0",NA,NA,NA,NA,"2.41","31.5",NA,"S","0.0","1.0",5.2,NA,NA,NA,"Y","2b 3a",NA,NA,NA,NA,NA,2.41
NA,NA,2017,2017-06-15,NA,"TM2","outcrop",NA,NA,NA,NA,NA,NA,"41.0",NA,NA,NA,NA,"2.13","6.2",NA,"S","0.0","7.0",5.9,NA,NA,NA,"Y","3b",NA,NA,NA,NA,NA,2.13
NA,NA,2017,2017-06-15,NA,"TM2","outcrop",NA,NA,NA,NA,NA,NA,"42.0",NA,NA,NA,NA,"2.17","34.0",NA,"S","0.0","3.0",5.4,NA,NA,NA,"Y","3a",NA,NA,NA,NA,NA,2.17
NA,NA,2017,2017-06-15,NA,"TM2","outcrop",NA,NA,NA,NA,NA,NA,"43.0",NA,NA,NA,NA,"1.5","10.2",NA,"V","0.0","0.0",0,NA,NA,NA,"Y","1a",NA,NA,NA,NA,NA,1.5
NA,NA,2017,2017-06-15,NA,"TM2","outcrop",NA,NA,NA,NA,NA,NA,"44.0",NA,NA,NA,NA,"2.67","36.5",NA,"P","0.0","4.0",3,NA,NA,NA,"Y","1a 3a",NA,NA,NA,NA,NA,2.67
NA,NA,2017,2017-06-15,NA,"TM2","outcrop",NA,NA,NA,NA,NA,NA,"45.0",NA,NA,NA,NA,"2.15","36.0",NA,"P","0.0","7.0",5.2,NA,NA,NA,"Y","1a 3a",NA,NA,NA,NA,NA,2.15
NA,NA,2017,2017-06-15,NA,"TM2","outcrop",NA,NA,NA,NA,NA,NA,NA,NA,NA,NA,NA,"1.7","33.4",NA,"S","0.0","7.0",6.6,NA,NA,NA,"Y","3a",NA,NA,NA,NA,NA,1.7
NA,NA,2017,2017-06-15,NA,"TM2","outcrop",NA,NA,NA,NA,NA,NA,"46.0",NA,NA,NA,NA,"2.58","21.5",NA,"S","0.0","1.0",5.1,NA,NA,NA,"Y","1b 2b 3b",NA,NA,NA,NA,NA,2.58
NA,NA,2017,2017-06-15,NA,"TM2","outcrop",NA,NA,NA,NA,NA,NA,"47.0",NA,NA,NA,NA,"2.23","10.2",NA,"S","0.0","0.0",0,NA,NA,NA,"Y","2b",NA,NA,NA,NA,NA,2.23
NA,NA,2017,2017-06-15,NA,"TM2","outcrop",NA,NA,NA,NA,NA,NA,"48.0",NA,NA,NA,NA,"3.6","15.5",NA,"P","0.0","0.0",0,NA,NA,NA,"Y","1b 2b",NA,NA,NA,NA,"trying to bud again",3.6
NA,NA,2017,2017-06-15,NA,"TM2","outcrop",NA,NA,NA,NA,NA,NA,"49.0",NA,NA,NA,NA,"2.52","9.6",NA,"P","0.0","0.0",0,NA,NA,NA,"Y","1a 2b",NA,NA,NA,NA,"trying to bud again",2.52
NA,NA,2017,2017-06-15,NA,"TM2","outcrop",NA,NA,NA,NA,NA,NA,NA,NA,NA,NA,NA,"1.5","9.2",NA,"P","0.0","0.0",0,NA,NA,NA,"Y","1a 2b",NA,NA,NA,NA,"trying to bud again",1.5
NA,NA,2017,2017-06-15,NA,"TM2","outcrop",NA,NA,NA,NA,NA,NA,"50.0",NA,NA,NA,NA,"2.23","21.0",NA,"P","0.0","0.0",0,NA,NA,NA,"Y","2b 1b",NA,NA,NA,NA,"trying to bud again",2.23
NA,NA,2017,2017-06-15,NA,"TM2","outcrop",NA,NA,NA,NA,NA,NA,NA,NA,NA,NA,NA,"1.84","28.0",NA,"P","0.0","1.0",2.6,NA,NA,NA,"Y","1a",NA,NA,NA,NA,NA,1.84
NA,NA,2017,2017-06-15,NA,"TM2","outcrop",NA,NA,NA,NA,NA,NA,"51.0",NA,NA,NA,NA,"2.17","12.5",NA,"V","0.0","0.0",0,NA,NA,NA,"Y","1a",NA,NA,NA,NA,NA,2.17
NA,NA,2017,2017-06-15,NA,"TM2","outcrop",NA,NA,NA,NA,NA,NA,NA,NA,NA,NA,NA,"1.84","28.6",NA,"S","0.0","3.0",6,NA,NA,NA,"Y","3a",NA,NA,NA,NA,NA,1.84
NA,NA,2017,2017-06-15,NA,"TM2","outcrop",NA,NA,NA,NA,NA,NA,NA,NA,NA,NA,NA,"1.42","17.5",NA,"P","0.0","0.0",0,NA,NA,NA,"Y","2b",NA,NA,NA,NA,"trying to bud again",1.42
NA,NA,2017,2017-06-15,NA,"TM2","outcrop",NA,NA,NA,NA,NA,NA,NA,NA,NA,NA,NA,"1.88","22.0",NA,"P","0.0","2.0",1.6,NA,NA,NA,"Y","1a 2a 3a",NA,NA,NA,NA,"trying to bud again",1.88
NA,NA,2017,2017-06-15,NA,"TM2","outcrop",NA,NA,NA,NA,NA,NA,NA,NA,NA,NA,NA,"1.69","23.2",NA,"S","0.0","2.0",6.1,NA,NA,NA,"Y","3a",NA,NA,NA,NA,NA,1.69
NA,NA,2017,2017-06-15,NA,"TM2","outcrop",NA,NA,NA,NA,NA,NA,NA,NA,NA,NA,NA,"1.55","17.1",NA,"P","0.0","0.0",0,NA,NA,NA,"Y","2b",NA,NA,NA,NA,"trying to bud again",1.55
NA,NA,2017,2017-06-15,NA,"TM2","outcrop",NA,NA,NA,NA,NA,NA,NA,NA,NA,NA,NA,"1.74","15.0",NA,"S","0.0","3.0",4.6,NA,NA,NA,"Y","3a",NA,NA,NA,NA,NA,1.74
NA,NA,2017,2017-06-15,NA,"TM2","outcrop",NA,NA,NA,NA,NA,NA,"52.0",NA,NA,NA,NA,"3.57","48.6",NA,"S","0.0","14.0",8.5,NA,NA,NA,"Y","3a",NA,NA,NA,NA,NA,3.57
NA,NA,2017,2017-06-15,NA,"TM2","outcrop",NA,NA,NA,NA,NA,NA,NA,NA,NA,NA,NA,"1.84","21.5",NA,"P","0.0","1.0",4.1,NA,NA,NA,"Y","3a",NA,NA,NA,NA,"trying to bud again",1.84
NA,NA,2017,2017-06-15,NA,"TM2","outcrop",NA,NA,NA,NA,NA,NA,"53.0",NA,NA,NA,NA,"2.79","57.3",NA,"S","0.0","13.0",8.3,NA,NA,NA,"Y","3a",NA,NA,NA,NA,NA,2.79
NA,NA,2017,2017-06-15,NA,"TM2","outcrop",NA,NA,NA,NA,NA,NA,NA,NA,NA,NA,NA,"1.7","33.5",NA,"S","0.0","9.0",7,NA,NA,NA,"Y","3a",NA,NA,NA,NA,NA,1.7
NA,NA,2017,2017-06-15,NA,"TM2","outcrop",NA,NA,NA,NA,NA,NA,"54.0",NA,NA,NA,NA,"3.0","28.9",NA,"P","0.0","15.0",7.6,NA,NA,NA,"Y","3a",NA,NA,NA,NA,NA,3
NA,NA,2017,2017-06-15,NA,"TM2","outcrop",NA,NA,NA,NA,NA,NA,"55.0",NA,NA,NA,NA,"4.87","50.5",NA,"P","0.0","41.0",NA,NA,NA,NA,"Y","1a 3a",NA,NA,NA,NA,NA,4.87
NA,NA,2017,2017-06-15,NA,"TM2","outcrop",NA,NA,NA,NA,NA,NA,NA,NA,NA,NA,NA,"1.99","29.8",NA,"S","0.0","4.0",6.7,NA,NA,NA,"N","none",NA,NA,NA,NA,NA,1.99
NA,NA,2017,2017-06-15,NA,"TM2","outcrop",NA,NA,NA,NA,NA,NA,NA,NA,NA,NA,NA,"1.78","21.5",NA,"P","0.0","0.0",0,NA,NA,NA,"Y","2b",NA,NA,NA,NA,NA,1.78
NA,NA,2017,2017-06-15,NA,"TM2","outcrop",NA,NA,NA,NA,NA,NA,NA,NA,NA,NA,NA,"1.19","14.0",NA,"P","0.0","0.0",0,NA,NA,NA,"Y","1a 2b",NA,NA,NA,NA,"trying to bud again",1.19
NA,NA,2017,2017-06-15,NA,"TM2","outcrop",NA,NA,NA,NA,NA,NA,"56.0",NA,NA,NA,NA,"2.34","27.4",NA,"P","0.0","2.0",1,NA,NA,NA,"Y","2b 3b",NA,NA,NA,NA,"trying to bud again",2.34
NA,NA,2017,2017-06-15,NA,"TM2","outcrop",NA,NA,NA,NA,NA,NA,NA,NA,NA,NA,NA,"1.8","19.8",NA,"S","0.0","1.0",5.3,NA,NA,NA,"N","none",NA,NA,NA,NA,NA,1.8
NA,NA,2017,2017-06-15,NA,"TM2","outcrop",NA,NA,NA,NA,NA,NA,NA,NA,NA,NA,NA,"1.45","20.0",NA,"P","0.0","0.0",0,NA,NA,NA,"Y","1a",NA,NA,NA,NA,"trying to bud again",1.45
NA,NA,2017,2017-06-15,NA,"TM2","outcrop",NA,NA,NA,NA,NA,NA,"57.0",NA,NA,NA,NA,"2.2","33.5",NA,"S","0.0","4.0",5.6,NA,NA,NA,"Y","3a",NA,NA,NA,NA,NA,2.2
NA,NA,2017,2017-06-15,NA,"TM2","outcrop",NA,NA,NA,NA,NA,NA,"58.0",NA,NA,NA,NA,"2.7","35.5",NA,"P","0.0","0.0",0,NA,NA,NA,"Y","1a 2b",NA,NA,NA,NA,"almost flowering again",2.7
NA,NA,2017,2017-06-15,NA,"TM2","outcrop",NA,NA,NA,NA,NA,NA,"59.0",NA,NA,NA,NA,"2.47","33.1",NA,"P","0.0","5.0",7,NA,NA,NA,"Y","1b 2b 3a",NA,NA,NA,NA,NA,2.47
NA,NA,2017,2017-06-15,NA,"TM2","outcrop",NA,NA,NA,NA,NA,NA,"60.0",NA,NA,NA,NA,"2.05","34.5",NA,"S","0.0","12.0",6.5,NA,NA,NA,"Y","3a",NA,NA,NA,NA,NA,2.05
NA,NA,2017,2017-06-15,NA,"TM2","outcrop",NA,NA,NA,NA,NA,NA,"61.0",NA,NA,NA,NA,"3.24","24.4",NA,"P","0.0","0.0",0,NA,NA,NA,"Y","2b 1a",NA,NA,NA,NA,"trying to bud again",3.24
NA,NA,2017,2017-06-15,NA,"TM2","outcrop",NA,NA,NA,NA,NA,NA,"62.0",NA,NA,NA,NA,"2.51","13.3",NA,"P","0.0","0.0",0,NA,NA,NA,"Y","1b 2b",NA,NA,NA,NA,"trying to bud again",2.51
NA,NA,2017,2017-06-15,NA,"TM2","outcrop",NA,NA,NA,NA,NA,NA,NA,NA,NA,NA,NA,"1.99","9.5",NA,"P","0.0","0.0",0,NA,NA,NA,"Y","1b 2b",NA,NA,NA,NA,"trying to bud again",1.99
NA,NA,2017,2017-06-15,NA,"TM2","outcrop",NA,NA,NA,NA,NA,NA,"63.0",NA,NA,NA,NA,"2.24","28.5",NA,"S","0.0","9.0",7,NA,NA,NA,"N","none",NA,NA,NA,NA,NA,2.24
NA,NA,2017,2017-06-15,NA,"TM2","outcrop",NA,NA,NA,NA,NA,NA,"64.0",NA,NA,NA,NA,"2.22","36.0",NA,"S","0.0","10.0",5.6,NA,NA,NA,"Y","3a",NA,NA,NA,NA,NA,2.22
NA,NA,2017,2017-06-15,NA,"TM2","outcrop",NA,NA,NA,NA,NA,NA,NA,NA,NA,NA,NA,"1.79","30.5",NA,"P","0.0","1.0",5.5,NA,NA,NA,"Y","3a",NA,NA,NA,NA,NA,1.79
NA,NA,2017,2017-06-15,NA,"TM2","outcrop",NA,NA,NA,NA,NA,NA,"65.0",NA,NA,NA,NA,"2.61","34.5",NA,"P","0.0","3.0",10.2,NA,NA,NA,"Y","3a",NA,NA,NA,NA,NA,2.61
NA,NA,2017,2017-06-15,NA,"TM2","outcrop",NA,NA,NA,NA,NA,NA,"66.0",NA,NA,NA,NA,"2.92","34.0",NA,"P","0.0","1.0",2.7,NA,NA,NA,"Y","2b 3a",NA,NA,NA,NA,NA,2.92
NA,NA,2017,2017-06-15,NA,"TM2","outcrop",NA,NA,NA,NA,NA,NA,NA,NA,NA,NA,NA,"1.88","32.0",NA,"P","0.0","3.0",6.9,NA,NA,NA,"N","none",NA,NA,NA,NA,NA,1.88
NA,NA,2017,2017-06-15,NA,"TM2","outcrop",NA,NA,NA,NA,NA,NA,"67.0",NA,NA,NA,NA,"2.33","47.6",NA,"S","0.0","8.0",6.8,NA,NA,NA,"Y","3a",NA,NA,NA,NA,NA,2.33
NA,NA,2017,2017-06-15,NA,"TM2","outcrop",NA,NA,NA,NA,NA,NA,"69.0",NA,NA,NA,NA,"1.69","10.5",NA,"V","0.0","0.0",0,NA,NA,NA,"Y","1a",NA,NA,NA,NA,NA,1.69
NA,NA,2017,2017-06-15,NA,"TM2","outcrop",NA,NA,NA,NA,NA,NA,"68.0",NA,NA,NA,NA,"3.21","33.3",NA,"P","0.0","2.0",2.6,NA,NA,NA,"Y","3a",NA,NA,NA,NA,"trying to bud again",3.21
NA,NA,2017,2017-06-15,NA,"TM2","outcrop",NA,NA,NA,NA,NA,NA,"71.0",NA,NA,NA,NA,"2.51","30.7",NA,"F","2.0","7.0",6.6,NA,NA,NA,"Y","2b 3a",NA,NA,NA,NA,NA,2.51
NA,NA,2017,2017-06-15,NA,"TM2","outcrop",NA,NA,NA,NA,NA,NA,"70.0",NA,NA,NA,NA,"2.13","27.0",NA,"P","0.0","3.0",3.6,NA,NA,NA,"Y","2b 1a 3a",NA,NA,NA,NA,NA,2.13
NA,NA,2017,2017-06-15,NA,"TM2","outcrop",NA,NA,NA,NA,NA,NA,"72.0",NA,NA,NA,NA,"2.76","44.0",NA,"S","0.0","18.0",9.3,NA,NA,NA,"Y","3a",NA,NA,NA,NA,NA,2.76
NA,NA,2017,2017-06-15,NA,"TM2","outcrop",NA,NA,NA,NA,NA,NA,"73.0",NA,NA,NA,NA,"2.29","30.6",NA,"F","1.0","4.0",7.1,NA,NA,NA,"Y","1a 3a",NA,NA,NA,NA,NA,2.29
NA,NA,2017,2017-06-15,NA,"TM2","outcrop",NA,NA,NA,NA,NA,NA,"74.0",NA,NA,NA,NA,"2.03","27.0",NA,"P","0.0","6.0",6.8,NA,NA,NA,"Y","1a 3a",NA,NA,NA,NA,"trying to bud again",2.03
NA,NA,2017,2017-06-15,NA,"TM2","outcrop",NA,NA,NA,NA,NA,NA,"75.0",NA,NA,NA,NA,"2.33","29.5",NA,"S","0.0","5.0",8.4,NA,NA,NA,"Y","3a",NA,NA,NA,NA,NA,2.33
NA,NA,2017,2017-05-31,NA,"TM2","upper","1.0",NA,NA,NA,"red",NA,NA,NA,NA,NA,NA,"1.0","18.0",NA,"SX",NA,"2.0",3.7,NA,NA,NA,"Y","2b",NA,NA,NA,NA,NA,1
NA,NA,2017,2017-05-31,NA,"TM2","upper","1.0",NA,NA,NA,"red",NA,NA,NA,NA,NA,NA,"<1","4.6",NA,"X",NA,"0.0",NA,NA,NA,NA,"Y",NA,NA,NA,NA,NA,"no plant",0.5
NA,NA,2017,2017-05-31,NA,"TM2","upper","1.5",NA,NA,NA,"orange",NA,NA,NA,NA,NA,NA,NA,NA,NA,"X",NA,NA,NA,NA,NA,NA,NA,"2b",NA,NA,NA,NA,"budding last time",NA
NA,NA,2017,2017-05-31,NA,"TM2","upper","1.5",NA,NA,NA,"orange",NA,NA,NA,NA,NA,NA,"<1",NA,NA,"X",NA,NA,NA,NA,NA,NA,"Y","2b",NA,NA,NA,NA,NA,0.5
NA,NA,2017,2017-05-31,NA,"TM2","upper","1.5",NA,NA,NA,"red",NA,NA,NA,NA,NA,NA,"<1",NA,NA,"X",NA,NA,NA,NA,NA,NA,"Y","2b",NA,NA,NA,NA,NA,0.5
NA,NA,2017,2017-05-31,NA,"TM2","upper","1.5",NA,NA,NA,"red",NA,NA,NA,NA,NA,NA,"<1",NA,NA,"X",NA,NA,NA,NA,NA,NA,"Y","2b",NA,NA,NA,NA,NA,0.5
NA,NA,2017,2017-05-31,NA,"TM2","upper","1.5",NA,NA,NA,"red",NA,NA,NA,NA,NA,NA,"<1",NA,NA,"X",NA,NA,NA,NA,NA,NA,"Y","2b",NA,NA,NA,NA,NA,0.5
NA,NA,2017,2017-05-31,NA,"TM2","upper","1.5",NA,NA,NA,"red",NA,NA,NA,NA,NA,NA,"<1",NA,NA,"X",NA,NA,NA,NA,NA,NA,"Y","2b",NA,NA,NA,NA,NA,0.5
NA,NA,2017,2017-05-31,NA,"TM2","upper","1.5",NA,NA,NA,"red",NA,NA,NA,NA,NA,NA,"<1",NA,NA,"X",NA,NA,NA,NA,NA,NA,"Y","2b",NA,NA,NA,NA,NA,0.5
NA,NA,2017,2017-05-31,NA,"TM2","upper","1.5",NA,NA,NA,"red",NA,NA,NA,NA,NA,NA,"<1",NA,NA,"X",NA,NA,NA,NA,NA,NA,"Y","2b",NA,NA,NA,NA,NA,0.5
NA,NA,2017,2017-05-31,NA,"TM2","upper","1.5",NA,NA,NA,"red",NA,NA,NA,NA,NA,NA,"<1",NA,NA,"X",NA,NA,NA,NA,NA,NA,"Y","2b",NA,NA,NA,NA,NA,0.5
NA,NA,2017,2017-05-31,NA,"TM2","upper","1.5",NA,NA,NA,"red",NA,NA,NA,NA,NA,NA,"<1",NA,NA,"X",NA,NA,NA,NA,NA,NA,"Y","2b",NA,NA,NA,NA,NA,0.5
NA,NA,2017,2017-05-31,NA,"TM2","upper","1.5",NA,NA,NA,"red",NA,NA,NA,NA,NA,NA,"<1",NA,NA,"X",NA,NA,NA,NA,NA,NA,"Y","2b",NA,NA,NA,NA,NA,0.5
NA,NA,2017,2017-05-31,NA,"TM2","upper","1.5",NA,NA,NA,"red",NA,NA,NA,NA,NA,NA,"<1",NA,NA,"X",NA,NA,NA,NA,NA,NA,"Y","2b",NA,NA,NA,NA,NA,0.5
NA,NA,2017,2017-05-31,NA,"TM2","upper","1.5",NA,NA,NA,"red",NA,NA,NA,NA,NA,NA,"<1",NA,NA,"X",NA,NA,NA,NA,NA,NA,"Y","3a",NA,NA,NA,NA,NA,0.5
NA,NA,2017,2017-05-31,NA,"TM2","upper","2.0",NA,NA,NA,"red",NA,NA,NA,NA,NA,NA,"1.0","21.3",NA,"P",NA,"2.0",4.5,NA,NA,NA,"Y","3a",NA,NA,NA,NA,NA,1
NA,NA,2017,2017-05-31,NA,"TM2","upper","2.0",NA,NA,NA,"red",NA,NA,NA,NA,NA,NA,"<1","11.9",NA,"SX",NA,"1.0",2,NA,NA,NA,"Y","3a",NA,NA,NA,NA,NA,0.5
NA,NA,2017,2017-05-31,NA,"TM2","upper","2.0",NA,NA,NA,"red",NA,NA,NA,NA,NA,NA,"<1","13.0",NA,"SX",NA,"1.0",1.7,NA,NA,NA,"Y","3a",NA,NA,NA,NA,NA,0.5
NA,NA,2017,2017-05-31,NA,"TM2","upper","2.0",NA,NA,NA,"red",NA,NA,NA,NA,NA,NA,"<1","15.9",NA,"SX",NA,"1.0",2.2,NA,NA,NA,"Y","3b",NA,NA,NA,NA,NA,0.5
NA,NA,2017,2017-05-31,NA,"TM2","upper","2.0",NA,NA,NA,"red",NA,NA,NA,NA,NA,NA,"1.0","19.6",NA,"SX",NA,"2.0",3,NA,NA,NA,"Y",NA,NA,NA,NA,NA,"p before",1
NA,NA,2017,2017-05-31,NA,"TM2","upper","2.0",NA,NA,NA,"red",NA,NA,NA,NA,NA,NA,"<1",NA,NA,"X",NA,NA,NA,NA,NA,NA,NA,NA,NA,NA,NA,NA,"b before",0.5
NA,NA,2017,2017-05-31,NA,"TM2","upper","2.5",NA,NA,NA,"red",NA,NA,NA,NA,NA,NA,"<1",NA,NA,"X",NA,NA,NA,NA,NA,NA,NA,NA,NA,NA,NA,NA,NA,0.5
NA,NA,2017,2017-05-31,NA,"TM2","upper","2.5",NA,NA,NA,"orange",NA,NA,NA,NA,NA,NA,"1.0",NA,NA,"X",NA,NA,NA,NA,NA,NA,NA,"2b",NA,NA,NA,NA,NA,1
NA,NA,2017,2017-05-31,NA,"TM2","upper","2.5",NA,NA,NA,"orange",NA,NA,NA,NA,NA,NA,"<1",NA,NA,"X",NA,NA,NA,NA,NA,NA,"Y",NA,NA,NA,NA,NA,NA,0.5
NA,NA,2017,2017-05-31,NA,"TM2","upper","2.5",NA,NA,NA,"orange",NA,NA,NA,NA,NA,NA,"1.0","17.8",NA,"P",NA,"1.0",3.5,NA,NA,NA,NA,"2b",NA,NA,NA,NA,NA,1
NA,NA,2017,2017-05-31,NA,"TM2","upper","2.5",NA,NA,NA,"red",NA,NA,NA,NA,NA,NA,"<1",NA,NA,"X",NA,NA,NA,NA,NA,NA,"Y",NA,NA,NA,NA,NA,NA,0.5
NA,NA,2017,2017-05-31,NA,"TM2","upper","2.5",NA,NA,NA,"red",NA,NA,NA,NA,NA,NA,"<1",NA,NA,"X",NA,NA,NA,NA,NA,NA,NA,"3a",NA,NA,NA,NA,NA,0.5
NA,NA,2017,2017-05-31,NA,"TM2","upper","2.5",NA,NA,NA,"red",NA,NA,NA,NA,NA,NA,"<1","13.7",NA,"P",NA,"1.0",3.5,NA,NA,NA,"Y",NA,NA,NA,NA,NA,NA,0.5
NA,NA,2017,2017-05-31,NA,"TM2","upper","2.5",NA,NA,NA,"red",NA,NA,NA,NA,NA,NA,"<1","10.5",NA,"SX","0.0","1.0",3.6,NA,NA,NA,NA,"2b",NA,NA,NA,NA,NA,0.5
NA,NA,2017,2017-05-31,NA,"TM2","upper","3.0",NA,NA,NA,"orange",NA,NA,NA,NA,NA,NA,"<1",NA,NA,"X",NA,NA,NA,NA,NA,NA,"Y","3b",NA,NA,NA,NA,"1 aborted silique",0.5
NA,NA,2017,2017-05-31,NA,"TM2","upper","3.0",NA,NA,NA,"orange",NA,NA,NA,NA,NA,NA,"<1","7.6",NA,"X",NA,NA,NA,NA,NA,NA,"Y","2b",NA,NA,NA,NA,NA,0.5
NA,NA,2017,2017-05-31,NA,"TM2","upper","3.0",NA,NA,NA,"red",NA,NA,NA,NA,NA,NA,"<1",NA,NA,"X",NA,NA,NA,NA,NA,NA,"Y","2b",NA,NA,NA,NA,NA,0.5
NA,NA,2017,2017-05-31,NA,"TM2","upper","3.0",NA,NA,NA,"red",NA,NA,NA,NA,NA,NA,"<1",NA,NA,"X",NA,NA,NA,NA,NA,NA,"Y","3a",NA,NA,NA,NA,NA,0.5
NA,NA,2017,2017-05-31,NA,"TM2","upper","3.0",NA,NA,NA,"red",NA,NA,NA,NA,NA,NA,"<1","12.9",NA,"SX","0.0","1.0",1.3,NA,NA,NA,"Y","3a",NA,NA,NA,NA,NA,0.5
NA,NA,2017,2017-05-31,NA,"TM2","upper","3.5",NA,NA,NA,"red",NA,NA,NA,NA,NA,NA,"1.0","16.0",NA,"SX","0.0","1.0",3.9,NA,NA,NA,"Y","2b",NA,NA,NA,NA,NA,1
NA,NA,2017,2017-05-31,NA,"TM2","upper","3.5",NA,NA,NA,"red",NA,NA,NA,NA,NA,NA,"1.0",NA,NA,"X",NA,NA,NA,NA,NA,NA,"Y","2b",NA,NA,NA,NA,"bud before",1
NA,NA,2017,2017-05-31,NA,"TM2","upper","3.5",NA,NA,NA,"red",NA,NA,NA,NA,NA,NA,"1.0",NA,NA,"X",NA,NA,NA,NA,NA,NA,"Y",NA,NA,NA,NA,NA,"missing plant",1
NA,NA,2017,2017-05-31,NA,"TM2","upper","3.5",NA,NA,NA,"red",NA,NA,NA,NA,NA,NA,NA,NA,NA,"X",NA,NA,NA,NA,NA,NA,NA,"2b",NA,NA,NA,NA,NA,NA
NA,NA,2017,2017-05-31,NA,"TM2","upper","4.0",NA,NA,NA,"yellow",NA,NA,NA,NA,NA,NA,"<1",NA,NA,"X",NA,NA,NA,NA,NA,NA,"Y","2b",NA,NA,NA,NA,NA,0.5
NA,NA,2017,2017-05-31,NA,"TM2","upper","4.0",NA,NA,NA,"orange",NA,NA,NA,NA,NA,NA,"<1",NA,NA,"X",NA,NA,NA,NA,NA,NA,"Y","3b",NA,NA,NA,NA,NA,0.5
NA,NA,2017,2017-05-31,NA,"TM2","upper","4.0",NA,NA,NA,"orange",NA,NA,NA,NA,NA,NA,"<1","9.1",NA,"SX","0.0","1.0",2.5,NA,NA,NA,"Y","2b",NA,NA,NA,NA,NA,0.5
NA,NA,2017,2017-05-31,NA,"TM2","upper","4.0",NA,NA,NA,"red",NA,NA,NA,NA,NA,NA,"<1",NA,NA,"X",NA,NA,NA,NA,NA,NA,"Y","2b",NA,NA,NA,NA,NA,0.5
NA,NA,2017,2017-05-31,NA,"TM2","upper","4.0",NA,NA,NA,"red",NA,NA,NA,NA,NA,NA,"<1",NA,NA,"X",NA,NA,NA,NA,NA,NA,"Y","2b",NA,NA,NA,NA,NA,0.5
NA,NA,2017,2017-05-31,NA,"TM2","upper","4.0",NA,NA,NA,"red",NA,NA,NA,NA,NA,NA,"<1",NA,NA,"X",NA,NA,NA,NA,NA,NA,"Y","2b",NA,NA,NA,NA,NA,0.5
NA,NA,2017,2017-05-31,NA,"TM2","upper","4.0",NA,NA,NA,"red",NA,NA,NA,NA,NA,NA,"<1",NA,NA,"X",NA,NA,NA,NA,NA,NA,"Y","2b",NA,NA,NA,NA,NA,0.5
NA,NA,2017,2017-05-31,NA,"TM2","upper","4.0",NA,NA,NA,"red",NA,NA,NA,NA,NA,NA,"1.0",NA,NA,"X",NA,NA,NA,NA,NA,NA,"Y","3a",NA,NA,NA,NA,NA,1
NA,NA,2017,2017-05-31,NA,"TM2","upper","4.0",NA,NA,NA,"red",NA,NA,NA,NA,NA,NA,"1.5","24.4",NA,"P","0.0","4.0",6,NA,NA,NA,"Y","2b",NA,NA,NA,NA,NA,1.5
NA,NA,2017,2017-05-31,NA,"TM2","upper","4.5",NA,NA,NA,"orange",NA,NA,NA,NA,NA,NA,"<1",NA,NA,"X",NA,NA,NA,NA,NA,NA,"Y","3b",NA,NA,NA,NA,NA,0.5
NA,NA,2017,2017-05-31,NA,"TM2","upper","4.5",NA,NA,NA,"orange",NA,NA,NA,NA,NA,NA,"<1","9.2",NA,"SX","0.0","1.0",0.5,NA,NA,NA,"Y","3b",NA,NA,NA,NA,NA,0.5
NA,NA,2017,2017-05-31,NA,"TM2","upper","4.5",NA,NA,NA,"red",NA,NA,NA,NA,NA,NA,"1.0","11.5",NA,"SX","0.0","1.0",1.1,NA,NA,NA,"Y","3b",NA,NA,NA,NA,NA,1
NA,NA,2017,2017-05-31,NA,"TM2","upper","4.5",NA,NA,NA,"red",NA,NA,NA,NA,NA,NA,"<1","10.2",NA,"SX","0.0","1.0",2,NA,NA,NA,"Y",NA,NA,NA,NA,NA,"1 aborted silique",0.5
NA,NA,2017,2017-05-31,NA,"TM2","upper","4.5",NA,NA,NA,"red",NA,NA,NA,NA,NA,NA,"<1",NA,NA,"X",NA,NA,NA,NA,NA,NA,NA,"2b",NA,NA,NA,NA,NA,0.5
NA,NA,2017,2017-05-31,NA,"TM2","upper","4.5",NA,NA,NA,"red",NA,NA,NA,NA,NA,NA,"<1",NA,NA,"X",NA,NA,NA,NA,NA,NA,"Y",NA,NA,NA,NA,NA,"1 aborted silique",0.5
NA,NA,2017,2017-05-31,NA,"TM2","upper","4.5",NA,NA,NA,"red",NA,NA,NA,NA,NA,NA,"<1",NA,NA,"X",NA,NA,NA,NA,NA,NA,NA,NA,NA,NA,NA,NA,NA,0.5
NA,NA,2017,2017-05-31,NA,"TM2","upper","4.5",NA,NA,NA,"red",NA,NA,NA,NA,NA,NA,"<1","9.6",NA,"SX","0.0","1.0",1.4,NA,NA,NA,NA,"2b",NA,NA,NA,NA,NA,0.5
NA,NA,2017,2017-05-31,NA,"TM2","upper","4.5",NA,NA,NA,"red",NA,NA,NA,NA,NA,NA,"<1",NA,NA,"X",NA,NA,NA,NA,NA,NA,"Y","2b",NA,NA,NA,NA,NA,0.5
NA,NA,2017,2017-06-01,NA,"TM2","upper","4.5",NA,NA,NA,"red",NA,NA,NA,NA,NA,NA,"<1",NA,NA,"X",NA,NA,NA,NA,NA,NA,"Y",NA,NA,NA,NA,NA,NA,0.5
NA,NA,2018,2018-05-30,"Annie, Jenny, Eva","TM2","upper","0.5",NA,NA,NA,NA,NA,NA,NA,NA,NA,NA,NA,NA,NA,"X",NA,NA,NA,NA,NA,NA,NA,NA,NA,NA,NA,NA,NA,NA
NA,NA,2018,2018-05-30,"Annie, Jenny, Eva","TM2","upper","1.0",NA,NA,NA,"red","white",NA,NA,NA,NA,NA,"~1","17.1",NA,"P","0.0","2.0",NA,NA,NA,NA,"*",NA,NA,NA,NA,NA,"*may have herb damage",0.5
NA,NA,2018,2018-05-30,"Annie, Jenny, Eva","TM2","upper","1.0",NA,NA,NA,"red",NA,NA,NA,NA,NA,NA,NA,NA,NA,"X",NA,NA,NA,NA,NA,NA,NA,NA,NA,NA,NA,NA,NA,NA
NA,NA,2018,2018-05-30,"Annie, Jenny, Eva","TM2","upper","1.0",NA,NA,NA,"red",NA,NA,NA,NA,NA,NA,NA,NA,NA,"X",NA,NA,NA,NA,NA,NA,NA,NA,NA,NA,NA,NA,NA,NA
NA,NA,2018,2018-05-30,"Annie, Jenny, Eva","TM2","upper","1.0",NA,NA,NA,"red","blue",NA,NA,NA,NA,NA,"<1","10.0",NA,"P","0.0","1.0",NA,NA,NA,NA,"yes",NA,NA,NA,NA,NA,NA,0.5
NA,NA,2018,2018-05-30,"Annie, Jenny, Eva","TM2","upper","1.0",NA,NA,NA,"red","blue",NA,NA,NA,NA,NA,"<1","6.3",NA,"P","0.0","1.0",NA,NA,NA,NA,"yes",NA,NA,NA,NA,NA,"silique still developing",0.5
NA,NA,2018,2018-05-30,"Annie, Jenny, Eva","TM2","upper","1.5",NA,NA,NA,"red",NA,NA,NA,NA,NA,NA,NA,NA,NA,"X",NA,NA,NA,NA,NA,NA,NA,NA,NA,NA,NA,NA,NA,NA
NA,NA,2018,2018-05-30,"Annie, Jenny, Eva","TM2","upper","1.5",NA,NA,NA,"red",NA,NA,NA,NA,NA,NA,NA,NA,NA,"X",NA,NA,NA,NA,NA,NA,NA,NA,NA,NA,NA,NA,NA,NA
NA,NA,2018,2018-05-30,"Annie, Jenny, Eva","TM2","upper","1.5",NA,NA,NA,"red",NA,NA,NA,NA,NA,NA,NA,NA,NA,"X",NA,NA,NA,NA,NA,NA,NA,NA,NA,NA,NA,NA,NA,NA
NA,NA,2018,2018-05-30,"Annie, Jenny, Eva","TM2","upper","1.5",NA,NA,NA,"red","blue",NA,NA,NA,NA,NA,"<1","9.5",NA,"P","0.0","1.0",NA,NA,NA,NA,"no",NA,NA,NA,NA,NA,NA,0.5
NA,NA,2018,2018-05-30,"Annie, Jenny, Eva","TM2","upper","1.5",NA,NA,NA,"pink","white",NA,NA,NA,NA,NA,"1.15","15.1",NA,"P","0.0","2.0",NA,NA,NA,NA,"no",NA,NA,NA,NA,NA,NA,1.15
NA,NA,2018,2018-05-30,"Annie, Jenny, Eva","TM2","upper","2.0",NA,NA,NA,"red","blue",NA,NA,NA,NA,NA,NA,NA,NA,"X",NA,NA,NA,NA,NA,NA,"no",NA,NA,NA,NA,NA,NA,NA
NA,NA,2018,2018-05-30,"Annie, Jenny, Eva","TM2","upper","2.0",NA,NA,NA,"red",NA,NA,NA,NA,NA,NA,NA,NA,NA,"X",NA,NA,NA,NA,NA,NA,"no",NA,NA,NA,NA,NA,NA,NA
NA,NA,2018,2018-05-30,"Annie, Jenny, Eva","TM2","upper","2.5",NA,NA,NA,"ylw","blue",NA,NA,NA,NA,NA,"<1","9.8",NA,"F","1.0","1.0",NA,NA,NA,NA,"no",NA,NA,NA,NA,NA,"also 1 bud",0.5
NA,NA,2018,2018-05-30,"Annie, Jenny, Eva","TM2","upper","2.5",NA,NA,NA,"ylw",NA,NA,NA,NA,NA,NA,"<1","1.5",NA,"V",NA,NA,NA,NA,NA,NA,"no",NA,NA,NA,NA,NA,NA,0.5
NA,NA,2018,2018-05-30,"Annie, Jenny, Eva","TM2","upper","2.0",NA,NA,NA,"ylw","white",NA,NA,NA,NA,NA,"<1","8.1",NA,"F","0.0","1.0",NA,NA,NA,NA,"yes",NA,NA,NA,NA,NA,NA,0.5
NA,NA,2018,2018-05-30,"Annie, Jenny, Eva","TM2","upper","2.0",NA,NA,NA,"blue","white",NA,NA,NA,NA,NA,"<1","10.5",NA,"P","0.0","1.0",NA,NA,NA,NA,"no",NA,NA,NA,NA,NA,NA,0.5
NA,NA,2018,2018-05-30,"Annie, Jenny, Eva","TM2","upper","2.5",NA,NA,NA,"red",NA,NA,NA,NA,NA,NA,"1.5","25.5",NA,"P","0.0","4.0",NA,NA,NA,NA,"no",NA,NA,NA,NA,NA,NA,1.5
NA,NA,2018,2018-05-30,"Annie, Jenny, Eva","TM2","upper","2.0",NA,NA,NA,"red",NA,NA,NA,NA,NA,NA,NA,NA,NA,"X",NA,NA,NA,NA,NA,NA,NA,NA,NA,NA,NA,NA,"right on border",NA
NA,NA,2018,2018-05-30,"Annie, Jenny, Eva","TM2","upper","2.0",NA,NA,NA,"ylw",NA,NA,NA,NA,NA,NA,"<1","3.5",NA,"V","0.0","0.0",NA,NA,NA,NA,"yes",NA,NA,NA,NA,NA,NA,0.5
NA,NA,2018,2018-05-30,"Annie, Jenny, Eva","TM2","upper","3.0",NA,NA,NA,"red",NA,NA,NA,NA,NA,NA,"<1","4.9",NA,"V*",NA,NA,NA,NA,NA,NA,NA,NA,NA,NA,NA,NA,"*dying",0.5
NA,NA,2018,2018-05-30,"Annie, Jenny, Eva","TM2","upper","3.5",NA,NA,NA,"red",NA,NA,NA,NA,NA,NA,"<1","14.0",NA,"P","0.0","1.0",NA,NA,NA,NA,NA,NA,NA,NA,NA,NA,NA,0.5
NA,NA,2018,2018-05-30,"Annie, Jenny, Eva","TM2","upper","3.5",NA,NA,NA,"red",NA,NA,NA,NA,NA,NA,NA,NA,NA,"X",NA,NA,NA,NA,NA,NA,NA,NA,NA,NA,NA,NA,NA,NA
NA,NA,2018,2018-05-30,"Annie, Jenny, Eva","TM2","upper","3.5",NA,NA,NA,"ylw",NA,NA,NA,NA,NA,NA,"<1","1.7",NA,"V","0.0","0.0",NA,NA,NA,NA,"no",NA,NA,NA,NA,NA,NA,0.5
NA,NA,2018,2018-05-30,"Annie, Jenny, Eva","TM2","upper","3.5",NA,NA,NA,"red","white",NA,NA,NA,NA,NA,"<1","6.4",NA,"X","0.0","0.0",NA,NA,NA,NA,"no",NA,NA,NA,NA,NA,"must've flowered but nothing left",0.5
NA,NA,2018,2018-05-30,"Annie, Jenny, Eva","TM2","upper","3.5",NA,NA,NA,"blue",NA,NA,NA,NA,NA,NA,"<1","7.6",NA,"P","0.0","1.0",NA,NA,NA,NA,"no",NA,NA,NA,NA,NA,NA,0.5
NA,NA,2018,2018-05-30,"Annie, Jenny, Eva","TM2","upper","4.5",NA,NA,NA,"red",NA,NA,NA,NA,NA,NA,"<1","3.0",NA,"V*",NA,NA,NA,NA,NA,NA,NA,NA,NA,NA,NA,NA,"*dying",0.5
NA,NA,2018,2018-05-30,"Annie, Jenny, Eva","TM2","upper","5.0",NA,NA,NA,"*","*",NA,NA,NA,NA,NA,"<1","6.5",NA,"P","0.0","1.0",NA,NA,NA,NA,"no",NA,NA,NA,NA,NA,"*unmarked",0.5
NA,NA,2018,2018-05-30,"Annie, Jenny, Eva","TM2","upper","5.0",NA,NA,NA,"red","white",NA,NA,NA,NA,NA,"<1","10.5",NA,"P","0.0","1.0",NA,NA,NA,NA,"yes",NA,NA,NA,NA,NA,"technically ""out""",0.5
NA,NA,2018,2018-05-30,"Annie, Jenny, Eva","TM2","upper","5.0",NA,NA,NA,"red",NA,NA,NA,NA,NA,NA,"<1","4.6",NA,"V","0.0","0.0",NA,NA,NA,NA,"yes",NA,NA,NA,NA,NA,NA,0.5
NA,NA,2018,2018-05-30,"Annie, Jenny, Eva","TM2","upper","5.0",NA,NA,NA,"red","white",NA,NA,NA,NA,NA,"~1","19.1",NA,"P","0.0","2.0",NA,NA,NA,NA,"no",NA,NA,NA,NA,NA,"technically ""out""",0.5
NA,NA,2018,2018-05-30,"Annie, Jenny, Eva","TM2","upper","5.0",NA,NA,NA,"red","blue",NA,NA,NA,NA,NA,NA,NA,NA,"X",NA,NA,NA,NA,NA,NA,NA,NA,NA,NA,NA,NA,NA,NA
NA,NA,2018,2018-05-30,"Annie, Jenny, Eva","TM2","upper","5.0",NA,NA,NA,"red",NA,NA,NA,NA,NA,NA,"<1","6.7",NA,"F","1*","0.0",NA,NA,NA,NA,"no",NA,NA,NA,NA,NA,"*dried up",0.5
NA,NA,2018,2018-05-30,"Annie, Jenny, Eva","TM2","upper","5.0",NA,NA,NA,"red",NA,NA,NA,NA,NA,NA,NA,NA,NA,"X",NA,NA,NA,NA,NA,NA,NA,NA,NA,NA,NA,NA,NA,NA
NA,NA,2018,2018-05-30,"Annie, Jenny, Eva","TM2","upper","5.0",NA,NA,NA,"red",NA,NA,NA,NA,NA,NA,"<1","14.2",NA,"P","0.0","1.0",NA,NA,NA,NA,"no",NA,NA,NA,NA,NA,NA,0.5
NA,NA,2018,2018-05-30,"Annie, Jenny, Eva","TM2","upper","5.0",NA,NA,NA,"red",NA,NA,NA,NA,NA,NA,"<1","10.2",NA,"P","0.0","1.0",NA,NA,NA,NA,"no",NA,NA,NA,NA,NA,NA,0.5
NA,NA,2018,2018-05-30,"Annie, Jenny, Eva","TM2","upper","5.0",NA,NA,NA,"ylw","white",NA,NA,NA,NA,NA,"<1","15.0",NA,"P","0.0","1.0",NA,NA,NA,NA,"no",NA,NA,NA,NA,NA,NA,0.5
NA,NA,2018,2018-05-30,"Annie, Jenny, Eva","TM2","upper","4.0",NA,NA,NA,"red",NA,NA,NA,NA,NA,NA,NA,NA,NA,"X",NA,NA,NA,NA,NA,NA,NA,NA,NA,NA,NA,NA,NA,NA
NA,NA,2018,2018-05-30,"Annie, Jenny, Eva","TM2","upper","4.0",NA,NA,NA,"red",NA,NA,NA,NA,NA,NA,NA,NA,NA,"X",NA,NA,NA,NA,NA,NA,NA,NA,NA,NA,NA,NA,NA,NA
NA,NA,2018,2018-05-30,"Annie, Jenny, Eva","TM2","upper","4.0",NA,NA,NA,"red",NA,NA,NA,NA,NA,NA,NA,NA,NA,"X",NA,NA,NA,NA,NA,NA,NA,NA,NA,NA,NA,NA,NA,NA
NA,NA,2018,2018-05-30,"Annie, Jenny, Eva","TM2","upper","4.0",NA,NA,NA,"blue","no",NA,NA,NA,NA,NA,"<1","6.8",NA,"P","0.0","1.0",NA,NA,NA,NA,NA,NA,NA,NA,NA,NA,NA,0.5
NA,NA,2018,2018-05-30,"Annie, Jenny, Eva","TM2","upper","4.0",NA,NA,NA,"blue","no",NA,NA,NA,NA,NA,"<1","1.8",NA,"V","0.0","0.0",NA,NA,NA,NA,NA,NA,NA,NA,NA,NA,NA,0.5
NA,NA,2018,2018-05-30,"Annie, Jenny, Eva","TM2","upper","5.5",NA,NA,NA,"red",NA,NA,NA,NA,NA,NA,"<1","6.5",NA,"P","0.0","1.0",NA,NA,NA,NA,"no",NA,NA,NA,NA,NA,NA,0.5
NA,NA,2018,2018-05-30,"Annie, Jenny, Eva","TM2","upper","5.5",NA,NA,NA,"red","white",NA,NA,NA,NA,NA,"<1","8.0",NA,"P","0.0","1.0",NA,NA,NA,NA,"no",NA,NA,NA,NA,NA,NA,0.5
NA,NA,2018,2018-05-30,"Annie, Jenny, Eva","TM2","upper","5.5",NA,NA,NA,"red",NA,NA,NA,NA,NA,NA,"<1","7.3",NA,"P","0.0","1.0",NA,NA,NA,NA,"no",NA,NA,NA,NA,NA,"might've broken",0.5
NA,NA,2018,2018-05-30,"Annie, Jenny, Eva","TM2","upper","5.5",NA,NA,NA,"red",NA,NA,NA,NA,NA,NA,NA,NA,NA,"X",NA,NA,NA,NA,NA,NA,NA,NA,NA,NA,NA,NA,NA,NA
NA,NA,2018,2018-05-30,"Annie, Jenny, Eva","TM2","upper","5.5",NA,NA,NA,"red",NA,NA,NA,NA,NA,NA,"<1","9.5",NA,"P","0.0","1.0",NA,NA,NA,NA,"no",NA,NA,NA,NA,NA,NA,0.5
NA,NA,2018,2018-05-30,"Annie, Jenny, Eva","TM2","upper","5.5",NA,NA,NA,"red",NA,NA,NA,NA,NA,NA,"<1","3.2",NA,"V","0.0","0.0",NA,NA,NA,NA,NA,NA,NA,NA,NA,NA,NA,0.5
NA,NA,2018,2018-05-30,"Annie, Jenny, Eva","TM2","upper","5.5",NA,NA,NA,"red",NA,NA,NA,NA,NA,NA,"<1","4.5",NA,"P","0.0","1.0",NA,NA,NA,NA,"no",NA,NA,NA,NA,NA,NA,0.5
NA,NA,2018,2018-05-30,"Annie, Jenny, Eva","TM2","upper","5.5",NA,NA,NA,"red","blue",NA,NA,NA,NA,NA,"<1","9.2",NA,"P","0.0","1.0",NA,NA,NA,NA,"no",NA,NA,NA,NA,NA,NA,0.5
NA,NA,2018,2018-05-30,"Annie, Jenny, Eva","TM2","upper","5.5",NA,NA,NA,"ylw",NA,NA,NA,NA,NA,NA,"<1","4.0",NA,"F","1.0","0.0",NA,NA,NA,NA,"no",NA,NA,NA,NA,NA,NA,0.5
NA,NA,2018,2018-05-30,"Annie, Jenny, Eva","TM2","upper","5.5",NA,NA,NA,"ylw",NA,NA,NA,NA,NA,NA,NA,NA,NA,"X",NA,NA,NA,NA,NA,NA,NA,NA,NA,NA,NA,NA,NA,NA
NA,NA,2018,2018-05-30,"Annie, Jenny, Eva","TM2","upper","5.5",NA,NA,NA,"blue","blue",NA,NA,NA,NA,NA,NA,NA,NA,"X",NA,NA,NA,NA,NA,NA,NA,NA,NA,NA,NA,NA,NA,NA
NA,NA,2018,2018-05-30,"Annie, Jenny, Eva","TM2","upper","6.0",NA,NA,NA,"red","white",NA,NA,NA,40,9,"5.0","48.6",NA,"P",NA,"44.0",NA,NA,NA,NA,"yes",NA,NA,NA,NA,NA,NA,5
NA,NA,2018,2018-05-30,"Annie, Jenny, Eva","TM2","upper","6.0",NA,NA,NA,"blue",NA,NA,NA,NA,NA,NA,NA,NA,NA,"D",NA,NA,NA,NA,NA,NA,NA,NA,NA,NA,NA,NA,NA,NA
NA,NA,2018,2018-05-30,"Annie, Jenny, Eva","TM2","upper","6.5",NA,NA,NA,"red","white",NA,NA,NA,46,14,"2.2","32.5",NA,"P",NA,"8.0",NA,NA,NA,NA,"no",NA,NA,NA,NA,NA,NA,2.2
NA,NA,2018,2018-05-30,"Annie, Jenny, Eva","TM2","upper","6.5",NA,NA,NA,"red","red",NA,NA,NA,NA,NA,"1.8","29.1",NA,"P",NA,"3.0",NA,NA,NA,NA,"no",NA,NA,NA,NA,NA,NA,1.8
NA,NA,2018,2018-05-30,"Annie, Jenny, Eva","TM2","upper","6.5",NA,NA,NA,"red",NA,NA,NA,NA,NA,NA,"1.2","13.2",NA,"F","1.0","1.0",NA,NA,NA,NA,"no",NA,NA,NA,NA,NA,NA,1.2
NA,NA,2018,2018-05-30,"Annie, Jenny, Eva","TM2","upper","6.5",NA,NA,NA,"red",NA,NA,NA,NA,NA,NA,"<1","3.1",NA,"V",NA,NA,NA,NA,NA,NA,"no",NA,NA,NA,NA,NA,NA,0.5
NA,NA,2018,2018-05-30,"Annie, Jenny, Eva","TM2","upper","6.5",NA,NA,NA,"red","blue",NA,NA,NA,NA,NA,"1.3","17.9",NA,"P",NA,"2.0",NA,NA,NA,NA,"no",NA,NA,NA,NA,NA,NA,1.3
NA,NA,2018,2018-05-30,"Annie, Jenny, Eva","TM2","upper","6.5",NA,NA,NA,"grn","blue",NA,NA,NA,NA,NA,"<1","14.4",NA,"P",NA,"1.0",NA,NA,NA,NA,"yes",NA,NA,NA,NA,NA,NA,0.5
NA,NA,2018,2018-05-30,"Annie, Jenny, Eva","TM2","upper","6.5",NA,NA,NA,"grn",NA,NA,NA,NA,NA,NA,"<1","5.2",NA,"B",NA,NA,NA,NA,NA,NA,NA,NA,NA,NA,NA,NA,NA,0.5
NA,NA,2018,2018-05-30,"Annie, Jenny, Eva","TM2","upper","7.0",NA,NA,NA,"red",NA,NA,NA,NA,NA,NA,NA,NA,NA,"D",NA,NA,NA,NA,NA,NA,NA,NA,NA,NA,NA,NA,NA,NA
NA,NA,2018,2018-05-30,"Annie, Jenny, Eva","TM2","upper","7.0",NA,NA,NA,"red","blue",NA,NA,NA,NA,NA,"1.44","19.6",NA,"P",NA,"4.0",NA,NA,NA,NA,"no",NA,NA,NA,NA,NA,NA,1.44
NA,NA,2018,2018-05-30,"Annie, Jenny, Eva","TM2","upper","7.0",NA,NA,NA,"red",NA,NA,NA,NA,NA,NA,"<1","5.5",NA,"F","1.0",NA,NA,NA,NA,NA,"no",NA,NA,NA,NA,NA,NA,0.5
NA,NA,2018,2018-05-30,"Annie, Jenny, Eva","TM2","upper","7.0",NA,NA,NA,"red","blue",NA,NA,NA,NA,NA,"<1","15.6",NA,"P",NA,"1.0",NA,NA,NA,NA,"no",NA,NA,NA,NA,NA,NA,0.5
NA,NA,2018,2018-05-30,"Annie, Jenny, Eva","TM2","upper","7.0",NA,NA,NA,"red","white",NA,NA,NA,NA,NA,"1.48","24.4",NA,"P",NA,"2.0",NA,NA,NA,NA,"no",NA,NA,NA,NA,NA,NA,1.48
NA,NA,2018,2018-05-30,"Annie, Jenny, Eva","TM2","upper","7.0",NA,NA,NA,"red","blue",NA,NA,NA,NA,NA,"1.93","31.6",NA,"P",NA,"6.0",NA,NA,NA,NA,"no",NA,NA,NA,NA,NA,NA,1.93
NA,NA,2018,2018-05-30,"Annie, Jenny, Eva","TM2","upper","7.0",NA,NA,NA,"red",NA,NA,NA,NA,NA,NA,"<1","5.1",NA,"B","1 bud",NA,NA,NA,NA,NA,"no",NA,NA,NA,NA,NA,NA,0.5
NA,NA,2018,2018-05-30,"Annie, Jenny, Eva","TM2","upper","7.0",NA,NA,NA,"red",NA,NA,NA,NA,NA,NA,"<1","5.0",NA,"B","1 bud",NA,NA,NA,NA,NA,"no",NA,NA,NA,NA,NA,NA,0.5
NA,NA,2018,2018-05-30,"Annie, Jenny, Eva","TM2","upper","7.0",NA,NA,NA,"red",NA,NA,NA,NA,NA,NA,"<1","1.4",NA,"V",NA,NA,NA,NA,NA,NA,"no",NA,NA,NA,NA,NA,NA,0.5
NA,NA,2018,2018-05-30,"Annie, Jenny, Eva","TM2","upper","7.0",NA,NA,NA,"red",NA,NA,NA,NA,NA,NA,"<1","2.9",NA,"V",NA,NA,NA,NA,NA,NA,"no",NA,NA,NA,NA,NA,NA,0.5
NA,NA,2018,2018-05-30,"Annie, Jenny, Eva","TM2","upper","7.0",NA,NA,NA,"red",NA,NA,NA,NA,NA,NA,"<1","3.0",NA,"V",NA,NA,NA,NA,NA,NA,"yes",NA,NA,NA,NA,NA,NA,0.5
NA,NA,2018,2018-05-30,"Annie, Jenny, Eva","TM2","upper","7.0",NA,NA,NA,"red",NA,NA,NA,NA,NA,NA,"<1","6.6",NA,"B","0.0",NA,NA,NA,NA,NA,"yes",NA,NA,NA,NA,NA,"buds eaten",0.5
NA,NA,2018,2018-05-30,"Annie, Jenny, Eva","TM2","upper","7.0",NA,NA,NA,"red",NA,NA,NA,NA,NA,NA,"<1","2.4",NA,"V",NA,NA,NA,NA,NA,NA,"no",NA,NA,NA,NA,NA,NA,0.5
NA,NA,2018,2018-05-30,"Annie, Jenny, Eva","TM2","upper","7.0",NA,NA,NA,"red",NA,NA,NA,NA,NA,NA,"<1","2.8",NA,"V",NA,NA,NA,NA,NA,NA,"yes",NA,NA,NA,NA,NA,NA,0.5
NA,NA,2018,2018-05-30,"Annie, Jenny, Eva","TM2","upper","7.0",NA,NA,NA,"red",NA,NA,NA,NA,NA,NA,"<1","2.3",NA,"V",NA,NA,NA,NA,NA,NA,"yes",NA,NA,NA,NA,NA,NA,0.5
NA,NA,2018,2018-05-30,"Annie, Jenny, Eva","TM2","upper","7.0",NA,NA,NA,"grn",NA,NA,NA,NA,NA,NA,NA,NA,NA,NA,NA,NA,NA,NA,NA,NA,NA,NA,NA,NA,NA,NA,"missing?",NA
NA,NA,2018,2018-05-30,"Annie, Jenny, Eva","TM2","upper","7.5",NA,NA,NA,"red",NA,NA,NA,NA,NA,NA,"<1","3.9",NA,"V",NA,NA,NA,NA,NA,NA,"no",NA,NA,NA,NA,NA,NA,0.5
NA,NA,2018,2018-05-30,"Annie, Jenny, Eva","TM2","upper","7.5",NA,NA,NA,"red","white",NA,NA,NA,0,19,"3.13","44.1",NA,"P",NA,"2.3",NA,NA,NA,NA,"yes",NA,NA,NA,NA,NA,"AM damage",3.13
NA,NA,2018,2018-05-30,"Annie, Jenny, Eva","TM2","upper","7.5",NA,NA,NA,"red",NA,NA,NA,NA,NA,NA,NA,NA,NA,NA,NA,NA,NA,NA,NA,NA,NA,NA,NA,NA,NA,NA,NA,NA
NA,NA,2018,2018-05-30,"Annie, Jenny, Eva","TM2","upper","7.5",NA,NA,NA,"red",NA,NA,NA,NA,NA,NA,"<1","14.9",NA,"P",NA,"1.0",NA,NA,NA,NA,NA,NA,NA,NA,NA,NA,NA,0.5
NA,NA,2018,2018-05-30,"Annie, Jenny, Eva","TM2","upper","7.0",NA,NA,NA,"red","blue",NA,NA,NA,NA,NA,"1.0","18.1",NA,NA,NA,"6.0",NA,NA,NA,NA,NA,NA,NA,NA,NA,NA,NA,1
NA,NA,2018,2018-05-30,"Annie, Jenny, Eva","TM2","upper","7.5",NA,NA,NA,"red",NA,NA,NA,NA,NA,NA,"<1","2.4",NA,"V",NA,NA,NA,NA,NA,"0.4","yes",NA,NA,NA,NA,NA,"*lngst lf",0.5
NA,NA,2018,2018-05-30,"Annie, Jenny, Eva","TM2","upper","7.5",NA,NA,NA,"red","red",NA,NA,NA,NA,NA,"<1","2.7",NA,"V",NA,NA,NA,NA,NA,"0.5",NA,NA,NA,NA,NA,NA,"*lngst lf",0.5
NA,NA,2018,2018-05-30,"Annie, Jenny, Eva","TM2","upper","7.5",NA,NA,NA,"red",NA,NA,NA,NA,NA,NA,"1.0","4.5",NA,"B","1 bud",NA,NA,NA,NA,NA,"yes",NA,NA,NA,NA,NA,NA,1
NA,NA,2018,2018-05-30,"Annie, Jenny, Eva","TM2","upper","7.5",NA,NA,NA,"red",NA,NA,NA,NA,NA,NA,"1.0","4.3",NA,"B","1 bud",NA,NA,NA,NA,NA,"yes",NA,NA,NA,NA,NA,NA,1
NA,NA,2018,2018-05-30,"Annie, Jenny, Eva","TM2","upper","7.5",NA,NA,NA,"red",NA,NA,NA,NA,NA,NA,"1.0","8.5",NA,"B","0.0",NA,NA,NA,NA,NA,"yes",NA,NA,NA,NA,NA,"buds gone",1
NA,NA,2018,2018-05-30,"Annie, Jenny, Eva","TM2","upper","7.5",NA,NA,NA,"red",NA,NA,NA,NA,NA,NA,"1.0","5.2",NA,"B","0.0",NA,NA,NA,NA,NA,"yes",NA,NA,NA,NA,NA,NA,1
NA,NA,2018,2018-05-30,"Annie, Jenny, Eva","TM2","upper","7.5",NA,NA,NA,"red",NA,NA,NA,NA,27,4,"1.36","7.3",NA,"V",NA,NA,NA,NA,NA,"1.5","no",NA,NA,NA,NA,NA,"*lngst lf; mapped green band",1.36
NA,NA,2018,2018-05-30,"Annie, Jenny, Eva","TM2","upper","7.5",NA,NA,NA,"red",NA,NA,NA,NA,NA,NA,"1.0","1.9",NA,"V",NA,NA,NA,NA,NA,"1","no",NA,NA,NA,NA,NA,"*lngst lf, 2 veg branches",1
NA,NA,2018,2018-05-30,"Annie, Jenny, Eva","TM2","upper","7.5",NA,NA,NA,"red","blue",NA,NA,NA,NA,NA,"1.14","17.9",NA,"P",NA,"2.0",NA,NA,NA,NA,"yes",NA,NA,NA,NA,NA,"AM damage",1.14
NA,NA,2018,2018-05-30,"Annie, Jenny, Eva","TM2","upper","7.5",NA,NA,NA,"red",NA,NA,NA,NA,NA,NA,"1.49","14.2",NA,"F","1.0","2.0",NA,NA,NA,NA,"yes",NA,NA,NA,NA,NA,NA,1.49
NA,NA,2018,2018-05-30,"Annie, Jenny, Eva","TM2","upper","8.0",NA,NA,NA,"red",NA,NA,NA,NA,NA,NA,"1.3","5.8",NA,"B","3 buds",NA,NA,NA,NA,NA,"yes",NA,NA,NA,NA,NA,NA,1.3
NA,NA,2018,2018-05-30,"Annie, Jenny, Eva","TM2","upper","8.0",NA,NA,NA,"red",NA,NA,NA,NA,NA,NA,"<1","3.5",NA,"B","2 buds",NA,NA,NA,NA,NA,"no",NA,NA,NA,NA,NA,NA,0.5
NA,NA,2018,2018-05-30,"Annie, Jenny, Eva","TM2","upper","8.0",NA,NA,NA,"red","blue",NA,NA,NA,40,5,"2.3","31.2",NA,"P",NA,"6.0",NA,NA,NA,NA,"no",NA,NA,NA,NA,NA,NA,2.3
NA,NA,2018,2018-05-30,"Annie, Jenny, Eva","TM2","upper","8.0",NA,NA,NA,"red",NA,NA,NA,NA,NA,NA,"<1","3.9",NA,"V",NA,NA,NA,NA,NA,"0.8","yes",NA,NA,NA,NA,NA,"*lngst lf",0.5
NA,NA,2018,2018-05-30,"Annie, Jenny, Eva","TM2","upper","8.0",NA,NA,NA,"red",NA,NA,NA,NA,NA,NA,"<1","3.9",NA,"V",NA,NA,NA,NA,NA,"0.6","yes",NA,NA,NA,NA,NA,"*lngst lf",0.5
NA,NA,2018,2018-05-30,"Annie, Jenny, Eva","TM2","upper","8.0",NA,NA,NA,"red","blue",NA,NA,NA,5,0,"2.2","34.6",NA,"P",NA,"3.0",NA,NA,NA,NA,"blank",NA,NA,NA,NA,NA,NA,2.2
NA,NA,2018,2018-05-30,"Annie, Jenny, Eva","TM2","upper","8.0",NA,NA,NA,"ylw",NA,NA,NA,NA,NA,NA,"1.2","9.2",NA,"F","0.0","0.0",NA,NA,NA,NA,"yes",NA,NA,NA,NA,NA,NA,1.2
NA,NA,2018,2018-05-30,"Annie, Jenny, Eva","TM2","upper","7.5",NA,NA,NA,"grn",NA,NA,NA,NA,NA,NA,"<1","2.5",NA,"V",NA,NA,NA,NA,NA,"0.9","yes",NA,NA,NA,NA,NA,"*lngst lf; marked red band",0.5
NA,NA,2018,2018-05-30,"Annie, Jenny, Eva","TM2","upper","7.5",NA,NA,NA,"blue","blue",NA,NA,NA,10,19,"1.0","11.9",NA,"P",NA,"2.0",NA,NA,NA,NA,"yes",NA,NA,NA,NA,NA,"marked red band; 1 veg branch broken; AM herb",1
NA,NA,2018,2018-05-30,"Annie, Jenny, Eva","TM2","upper","7.5",NA,NA,NA,"blue",NA,NA,NA,NA,NA,NA,"<1","4.4",NA,"V",NA,NA,NA,NA,NA,NA,"yes",NA,NA,NA,NA,NA,"marked red band",0.5
NA,NA,2018,2018-05-30,"Annie, Jenny, Eva","TM2","upper","7.5",NA,NA,NA,"blue",NA,NA,NA,NA,NA,NA,"<1","8.5",NA,"P","0.0","1.0",NA,NA,NA,NA,NA,NA,NA,NA,NA,NA,NA,0.5
NA,NA,2018,2018-05-30,"Annie, Jenny, Eva","TM2","upper","8.0",NA,NA,NA,"red","blue",NA,NA,NA,NA,NA,"1.4","16.8",NA,"F","3.0","0.0",NA,NA,NA,NA,"yes",NA,NA,NA,NA,NA,NA,1.4
NA,NA,2018,2018-05-30,"Annie, Jenny, Eva","TM2","upper","8.0",NA,NA,NA,"red",NA,NA,NA,NA,NA,NA,"1.5","8.2",NA,"F","1.0","0.0",NA,NA,NA,NA,"yes",NA,NA,NA,NA,NA,NA,1.5
NA,NA,2018,2018-05-30,"Annie, Jenny, Eva","TM2","upper","8.0",NA,NA,NA,"red",NA,NA,NA,NA,NA,NA,"1.2","9.1",NA,"F","0.0","0.0",NA,NA,NA,NA,"yes",NA,NA,NA,NA,NA,NA,1.2
NA,NA,2018,2018-05-30,"Annie, Jenny, Eva","TM2","upper","8.0",NA,NA,NA,"red",NA,NA,NA,NA,NA,NA,"1.4","6.4",NA,"B","6 buds","0.0",NA,NA,NA,NA,"yes",NA,NA,NA,NA,NA,NA,1.4
NA,NA,2018,2018-05-30,"Annie, Jenny, Eva","TM2","upper","8.0",NA,NA,NA,"red",NA,NA,NA,NA,NA,NA,"1.2","8.5",NA,"B","1 bud","0.0",NA,NA,NA,NA,"yes",NA,NA,NA,NA,NA,NA,1.2
NA,NA,2018,2018-05-30,"Annie, Jenny, Eva","TM2","upper","8.0",NA,NA,NA,"red",NA,NA,NA,NA,NA,NA,NA,NA,NA,"D",NA,NA,NA,NA,NA,NA,NA,NA,NA,NA,NA,NA,NA,NA
NA,NA,2018,2018-05-30,"Annie, Jenny, Eva","TM2","upper","8.0",NA,NA,NA,"red",NA,NA,NA,NA,NA,NA,"<1","4.9",NA,"B","4 buds","0.0",NA,NA,NA,NA,"yes",NA,NA,NA,NA,NA,NA,0.5
NA,NA,2018,2018-05-30,"Annie, Jenny, Eva","TM2","upper","8.0",NA,NA,NA,"red",NA,NA,NA,NA,NA,NA,"<1","6.1",NA,"F","1.0","0.0",NA,NA,NA,NA,"no",NA,NA,NA,NA,NA,NA,0.5
NA,NA,2018,2018-05-30,"Annie, Jenny, Eva","TM2","upper","8.0",NA,NA,NA,"red",NA,NA,NA,NA,NA,NA,"<1","3.6",NA,"V","0.0","0.0",NA,NA,NA,"0.7","yes",NA,NA,NA,NA,NA,"*lngst lf",0.5
NA,NA,2018,2018-05-30,"Annie, Jenny, Eva","TM2","upper","8.0",NA,NA,NA,"red",NA,NA,NA,NA,NA,NA,NA,NA,NA,"D",NA,NA,NA,NA,NA,NA,NA,NA,NA,NA,NA,NA,NA,NA
NA,NA,2018,2018-05-30,"Annie, Jenny, Eva","TM2","upper","8.0",NA,NA,NA,"red",NA,NA,NA,NA,NA,NA,"1.5","5.1",NA,"F","1.0",NA,NA,NA,NA,NA,"yes",NA,NA,NA,NA,NA,NA,1.5
NA,NA,2018,2018-05-30,"Annie, Jenny, Eva","TM2","upper","8.0",NA,NA,NA,"red",NA,NA,NA,NA,NA,NA,"1.0","13.1",NA,"P","0.0","1.0",NA,NA,NA,NA,"yes",NA,NA,NA,NA,NA,"AM damage",1
NA,NA,2018,2018-05-30,"Annie, Jenny, Eva","TM2","upper","7.5",NA,NA,NA,"red",NA,NA,NA,NA,NA,NA,"<1","3.4",NA,"B","1 bud","0.0",NA,NA,NA,NA,"yes",NA,NA,NA,NA,NA,NA,0.5
NA,NA,2018,2018-05-30,"Annie, Jenny, Eva","TM2","upper","7.5",NA,NA,NA,"red",NA,NA,NA,NA,NA,NA,"<1","9.3",NA,"F","2.0","0.0",NA,NA,NA,NA,"yes",NA,NA,NA,NA,NA,NA,0.5
NA,NA,2018,2018-05-30,"Annie, Jenny, Eva","TM2","upper","7.5",NA,NA,NA,"red",NA,NA,NA,NA,NA,NA,"1.38","9.9",NA,"B","6 buds","0.0",NA,NA,NA,NA,"yes",NA,NA,NA,NA,NA,NA,1.38
NA,NA,2018,2018-05-30,"Annie, Jenny, Eva","TM2","upper","7.5",NA,NA,NA,"red",NA,NA,NA,NA,NA,NA,"1.0","4.5",NA,"V",NA,NA,NA,NA,NA,"0.4","yes",NA,NA,NA,NA,NA,"*lngst lf",1
NA,NA,2018,2018-05-30,"Annie, Jenny, Eva","TM2","upper","7.5",NA,NA,NA,"red",NA,NA,NA,NA,NA,NA,NA,NA,NA,"D",NA,NA,NA,NA,NA,NA,NA,NA,NA,NA,NA,NA,NA,NA
NA,NA,2018,2018-05-30,"Annie, Jenny, Eva","TM2","upper","7.5",NA,NA,NA,"red",NA,NA,NA,NA,NA,NA,"1.0","5.7",NA,"V",NA,NA,NA,NA,NA,"1.1","yes",NA,NA,NA,NA,NA,"*lngst lf",1
NA,NA,2018,2018-05-30,"Annie, Jenny, Eva","TM2","upper","7.5",NA,NA,NA,"ylw","white",NA,NA,NA,NA,NA,"1.35","24.5",NA,"F","1, 1 bud","1.0",NA,NA,NA,NA,"no",NA,NA,NA,NA,NA,NA,1.35
NA,NA,2018,2018-05-30,"Annie, Jenny, Eva","TM2","upper","8.0",NA,NA,NA,"blue",NA,NA,NA,NA,NA,NA,"1.0","15.5",NA,"P","0.0","0.0",NA,NA,NA,NA,"yes",NA,NA,NA,NA,NA,NA,1
NA,NA,2018,2018-05-30,"Annie, Jenny, Eva","TM2","upper","8.0",NA,NA,NA,"blue",NA,NA,NA,NA,NA,NA,"<1","2.8",NA,"V",NA,"0.4*",NA,NA,NA,NA,"yes",NA,NA,NA,NA,NA,"*lngst lf",0.5
NA,NA,2018,2018-05-30,"Annie, Jenny, Eva","TM2","upper","8.5",NA,NA,NA,"red","blue",NA,NA,NA,NA,NA,"1.8","22.9",NA,"P",NA,"4.0",NA,NA,NA,NA,"no",NA,NA,NA,NA,NA,NA,1.8
NA,NA,2018,2018-05-30,"Annie, Jenny, Eva","TM2","upper","8.5",NA,NA,NA,"red","white",NA,NA,NA,7,10,"2.0","35.9",NA,"P",NA,"3.0",NA,NA,NA,NA,"no",NA,NA,NA,NA,NA,NA,2
NA,NA,2018,2018-05-30,"Annie, Jenny, Eva","TM2","upper","9.0",NA,NA,NA,"red","blue",NA,NA,NA,30,0,"2.5","36.7",NA,"F","3.0","10.0",NA,NA,NA,NA,"yes",NA,NA,NA,NA,NA,NA,2.5
NA,NA,2018,2018-05-30,"Annie, Jenny, Eva","TM2","upper","9.5",NA,NA,NA,"red","white",NA,NA,NA,10,0,"4.3","46.2",NA,"F","5.0","28.0",NA,NA,NA,NA,"yes",NA,NA,NA,NA,NA,"AM damage",4.3
NA,NA,2018,2018-05-30,"Annie, Jenny, Eva","TM2","upper","9.5",NA,NA,NA,"ylw","white",NA,NA,NA,0,0,"2.26","36.9",NA,"P","0.0","6.0",NA,NA,NA,NA,"yes",NA,NA,NA,NA,NA,NA,2.26
NA,NA,2018,2018-05-30,"Annie, Jenny, Eva","TM2","upper","10.0",NA,NA,NA,"red",NA,NA,NA,NA,NA,NA,NA,NA,NA,"D",NA,NA,NA,NA,NA,NA,NA,NA,NA,NA,NA,NA,NA,NA
NA,NA,2018,2018-05-30,"Annie, Jenny, Eva","TM2","upper","10.0",NA,NA,NA,"red",NA,NA,NA,NA,NA,NA,NA,NA,NA,"D",NA,NA,NA,NA,NA,NA,NA,NA,NA,NA,NA,NA,NA,NA
NA,NA,2018,2018-05-30,"Annie, Jenny, Eva","TM2","upper","10.0",NA,NA,NA,"red","white",NA,NA,NA,NA,NA,"1.06","18.8",NA,"P","0.0","1.0",NA,NA,NA,NA,"no",NA,NA,NA,NA,NA,NA,1.06
NA,NA,2018,2018-05-30,"Annie, Jenny, Eva","TM2","upper","10.0",NA,NA,NA,"grn",NA,NA,NA,NA,NA,NA,"<1","3.4",NA,"V",NA,NA,NA,NA,NA,"0.6","yes",NA,NA,NA,NA,NA,"*lngst lf",0.5
NA,NA,2018,2018-05-30,"Annie, Jenny, Eva","TM2","upper","10.5",NA,NA,NA,"red",NA,NA,NA,NA,NA,NA,"1.6","5.7",NA,"V",NA,NA,NA,NA,NA,"1.1","yes",NA,NA,NA,NA,NA,"*lngst lf; AM damage, 2 br",1.6
NA,NA,2018,2018-05-30,"Annie, Jenny, Eva","TM2","upper","10.5",NA,NA,NA,"red",NA,NA,NA,NA,NA,NA,"<1","2.6",NA,"V",NA,NA,NA,NA,NA,"0.6","no",NA,NA,NA,NA,NA,"*lngst lf",0.5
NA,NA,2018,2018-05-30,"Annie, Jenny, Eva","TM2","upper","11.0",NA,NA,NA,"ylw",NA,NA,NA,NA,NA,NA,"<1","6.4",NA,"V",NA,NA,NA,NA,NA,"0.9","yes",NA,NA,NA,NA,NA,"*lngst lf",0.5
NA,NA,2018,2018-05-30,"Annie, Jenny, Eva","TM2","upper","11.5",NA,NA,NA,"red","blue",NA,NA,NA,NA,NA,"1.14","9.5",NA,"P","0.0","2.0",NA,NA,NA,NA,"yes",NA,NA,NA,NA,NA,NA,1.14
NA,NA,2018,2018-05-30,"Annie, Jenny, Eva","TM2","upper","11.5",NA,NA,NA,"blue","blue",NA,NA,NA,NA,NA,"1.4","18.3",NA,"F","1.0","4.0",NA,NA,NA,NA,"no",NA,NA,NA,NA,NA,NA,1.4
NA,NA,2018,2018-05-30,"Annie, Jenny, Eva","TM2","upper","12-13.5",NA,NA,NA,NA,NA,NA,NA,NA,NA,NA,NA,NA,NA,NA,NA,NA,NA,NA,NA,NA,NA,NA,NA,NA,NA,NA,NA,NA
NA,NA,2018,2018-05-30,"Annie, Jenny, Eva","TM2","upper","14.0",NA,NA,NA,"red",NA,NA,NA,NA,NA,NA,"1.4","7.8",NA,"V",NA,NA,NA,NA,NA,"1.6","no",NA,NA,NA,NA,NA,"*lngst lf",1.4
NA,NA,2018,2018-05-30,"Annie, Jenny, Eva","TM2","upper","14.0",NA,NA,NA,"red","white",NA,NA,NA,NA,NA,"<1","14.6",NA,"P",NA,"1.0",NA,NA,NA,NA,"no",NA,NA,NA,NA,NA,NA,0.5
NA,NA,2018,2018-05-30,"Annie, Jenny, Eva","TM2","upper","14.0",NA,NA,NA,"blue",NA,NA,NA,NA,NA,NA,"<1","2.9",NA,"V",NA,NA,NA,NA,NA,"0.6","yes",NA,NA,NA,NA,NA,"*lngst lf",0.5
NA,NA,2018,2018-05-30,"Annie, Jenny, Eva","TM2","upper","14.5",NA,NA,NA,"red",NA,NA,NA,NA,NA,NA,"<1","3.3",NA,"V",NA,NA,NA,NA,NA,"0.9","yes",NA,NA,NA,NA,NA,"*lngst lf",0.5
NA,NA,2018,2018-05-30,"Annie, Jenny, Eva","TM2","upper","14.5",NA,NA,NA,"red","white",NA,NA,NA,NA,NA,"1.3","18.7",NA,"P",NA,"2.0",NA,NA,NA,NA,"no",NA,NA,NA,NA,NA,NA,1.3
NA,NA,2018,2018-05-30,"Annie, Jenny, Eva","TM2","upper","14.5",NA,NA,NA,"red",NA,NA,NA,NA,NA,NA,"1.4","11.8",NA,"F","1.0","3.0",NA,NA,NA,NA,"yes",NA,NA,NA,NA,NA,NA,1.4
NA,NA,2018,2018-05-30,"Annie, Jenny, Eva","TM2","upper","14.5",NA,NA,NA,"red",NA,NA,NA,NA,NA,NA,NA,NA,NA,"D",NA,NA,NA,NA,NA,NA,NA,NA,NA,NA,NA,NA,NA,NA
NA,NA,2018,2018-05-30,"Annie, Jenny, Eva","TM2","upper","14.5",NA,NA,NA,"red",NA,NA,NA,NA,NA,NA,"<1","3.5",NA,"V",NA,NA,NA,NA,NA,"1","yes",NA,NA,NA,NA,NA,"*lngst lf",0.5
NA,NA,2018,2018-05-30,"Annie, Jenny, Eva","TM2","upper","14.5",NA,NA,NA,"red",NA,NA,NA,NA,NA,NA,"1.0","3.1",NA,"B","4 buds",NA,NA,NA,NA,NA,"no",NA,NA,NA,NA,NA,NA,1
NA,NA,2018,2018-05-30,"Annie, Jenny, Eva","TM2","upper","14.5",NA,NA,NA,"red","ylw",NA,NA,NA,NA,NA,"1.2","12.8",NA,"P",NA,"2.0",NA,NA,NA,NA,"no",NA,NA,NA,NA,NA,NA,1.2
NA,NA,2018,2018-05-30,"Annie, Jenny, Eva","TM2","upper","14.5",NA,NA,NA,"ylw",NA,NA,NA,NA,NA,NA,"1.2","4.8",NA,"B","2 buds",NA,NA,NA,NA,NA,"yes",NA,NA,NA,NA,NA,NA,1.2
NA,NA,2018,2018-05-30,"Annie, Jenny, Eva","TM2","upper","14.5",NA,NA,NA,"blue",NA,NA,NA,NA,NA,NA,"<1","2.2",NA,"B","2 buds",NA,NA,NA,NA,"0.8","yes",NA,NA,NA,NA,NA,"*lngst lf",0.5
NA,NA,2018,2018-05-30,"Annie, Jenny, Eva","TM2","upper","15.0",NA,NA,NA,"red",NA,NA,NA,NA,NA,NA,"<1","4.0",NA,"V",NA,NA,NA,NA,NA,"0.8","yes",NA,NA,NA,NA,NA,"*lngst lf",0.5
NA,NA,2018,2018-05-30,"Annie, Jenny, Eva","TM2","upper","15.0",NA,NA,NA,"red","white",NA,NA,NA,NA,NA,"1.42","26.4",NA,"P",NA,"3.0",NA,NA,NA,NA,"yes",NA,NA,NA,NA,NA,NA,1.42
NA,NA,2018,2018-05-30,"Annie, Jenny, Eva","TM2","upper","15.0",NA,NA,NA,"red","white",NA,NA,NA,NA,NA,"1.73","23.7",NA,"P",NA,"2.0",NA,NA,NA,NA,"yes",NA,NA,NA,NA,NA,NA,1.73
NA,NA,2018,2018-05-30,"Annie, Jenny, Eva","TM2","upper","15.0",NA,NA,NA,"red","white",NA,NA,NA,NA,NA,"1.32","21.1",NA,"P",NA,"2.0",NA,NA,NA,NA,"no",NA,NA,NA,NA,NA,NA,1.32
NA,NA,2018,2018-05-30,"Annie, Jenny, Eva","TM2","upper","15.0",NA,NA,NA,"red","white",NA,NA,NA,NA,NA,"<1","15.4",NA,"P",NA,"2.0",NA,NA,NA,NA,"no",NA,NA,NA,NA,NA,NA,0.5
NA,NA,2018,2018-05-30,"Annie, Jenny, Eva","TM2","upper","15.0",NA,NA,NA,"red",NA,NA,NA,NA,NA,NA,"<1","7.2",NA,"F","1.0","0.0",NA,NA,NA,NA,"yes",NA,NA,NA,NA,NA,NA,0.5
NA,NA,2018,2018-05-30,"Annie, Jenny, Eva","TM2","upper","15.0",NA,NA,NA,"ylw",NA,NA,NA,NA,NA,NA,"1.93","26.6",NA,"P",NA,"1.0",NA,NA,NA,NA,"yes",NA,NA,NA,NA,NA,NA,1.93
NA,NA,2018,2018-05-30,"Annie, Jenny, Eva","TM2","upper","15.0",NA,NA,NA,"blue",NA,NA,NA,NA,NA,NA,"<1","6.4",NA,"V",NA,NA,NA,NA,NA,"0.4",NA,NA,NA,NA,NA,NA,"*lngst lf",0.5
NA,NA,2018,2018-05-30,"Annie, Jenny, Eva","TM2","upper","15.5",NA,NA,NA,"red","blue",NA,NA,NA,NA,NA,"<1","7.4",NA,"P",NA,"1.0",NA,NA,NA,NA,"no",NA,NA,NA,NA,NA,NA,0.5
NA,NA,2018,2018-05-30,"Annie, Jenny, Eva","TM2","upper","15.5",NA,NA,NA,"red",NA,NA,NA,NA,NA,NA,NA,NA,NA,"D",NA,NA,NA,NA,NA,NA,NA,NA,NA,NA,NA,NA,NA,NA
NA,NA,2018,2018-05-30,"Annie, Jenny, Eva","TM2","upper","15.5",NA,NA,NA,"red","white",NA,NA,NA,NA,NA,"<1","12.2",NA,"P",NA,"1.0",NA,NA,NA,NA,NA,NA,NA,NA,NA,NA,NA,0.5
NA,NA,2018,2018-05-30,"Annie, Jenny, Eva","TM2","upper","15.5",NA,NA,NA,"red","blue",NA,NA,NA,NA,NA,NA,NA,NA,"D",NA,NA,NA,NA,NA,NA,NA,NA,NA,NA,NA,NA,NA,NA
NA,NA,2018,2018-05-30,"Annie, Jenny, Eva","TM2","upper","15.5",NA,NA,NA,"red",NA,NA,NA,NA,NA,NA,NA,NA,NA,"D",NA,NA,NA,NA,NA,NA,NA,NA,NA,NA,NA,NA,NA,NA
NA,NA,2018,2018-05-30,"Annie, Jenny, Eva","TM2","upper","15.5",NA,NA,NA,"red","blue",NA,NA,NA,NA,NA,"<1","5.3",NA,"P",NA,"1.0",NA,NA,NA,NA,"no",NA,NA,NA,NA,NA,NA,0.5
NA,NA,2018,2018-05-30,"Annie, Jenny, Eva","TM2","upper","15.5",NA,NA,NA,"red",NA,NA,NA,NA,NA,NA,"<1","3.8",NA,"B","2 buds",NA,NA,NA,NA,NA,"no",NA,NA,NA,NA,NA,NA,0.5
NA,NA,2018,2018-05-30,"Annie, Jenny, Eva","TM2","upper","15.5",NA,NA,NA,"red",NA,NA,NA,NA,NA,NA,"<1","1.1",NA,"V",NA,NA,NA,NA,NA,"0.4","no",NA,NA,NA,NA,NA,"*lngst lf",0.5
NA,NA,2018,2018-05-30,"Annie, Jenny, Eva","TM2","upper","15.5",NA,NA,NA,"ylw",NA,NA,NA,NA,NA,NA,"<1","2.7",NA,"V",NA,NA,NA,NA,NA,"0.6","no",NA,NA,NA,NA,NA,"*lngst lf",0.5
NA,NA,2018,2018-05-30,"Annie, Jenny, Eva","TM2","upper","14.5",NA,NA,NA,"red","blue",NA,NA,NA,NA,NA,"1.54","20.8",NA,"P","0.0","2.0",NA,NA,NA,NA,"no",NA,NA,NA,NA,NA,NA,1.54
NA,NA,2018,2018-05-30,"Annie, Jenny, Eva","TM2","upper","14.5",NA,NA,NA,"red","white",NA,NA,NA,NA,NA,"<1","13.1",NA,"P","0.0","1.0",NA,NA,NA,NA,"yes",NA,NA,NA,NA,NA,NA,0.5
NA,NA,2018,2018-05-30,"Annie, Jenny, Eva","TM2","upper","15.0",NA,NA,NA,"red",NA,NA,NA,NA,NA,NA,"<1","6.9",NA,"P","0.0","1.0",NA,NA,NA,NA,"no",NA,NA,NA,NA,NA,NA,0.5
NA,NA,2018,2018-05-30,"Annie, Jenny, Eva","TM2","upper","15.5",NA,NA,NA,"blue",NA,NA,NA,NA,NA,NA,"<1","1.3",NA,"V",NA,NA,NA,NA,NA,NA,"no",NA,NA,NA,NA,NA,NA,0.5
NA,NA,2018,2018-05-30,"Annie, Jenny, Eva","TM2","upper","15.5",NA,NA,NA,"red",NA,NA,NA,NA,NA,NA,"<1","2.0",NA,"V",NA,NA,NA,NA,NA,NA,"no",NA,NA,NA,NA,NA,NA,0.5
NA,NA,2018,2018-05-30,"Annie, Jenny, Eva","TM2","upper","16.0",NA,NA,NA,"red","red",NA,NA,NA,NA,NA,"1.45","25.6",NA,"P","0.0","4.0",NA,NA,NA,NA,"yes",NA,NA,NA,NA,NA,NA,1.45
NA,NA,2018,2018-05-30,"Annie, Jenny, Eva","TM2","upper","16.5-19.5",NA,NA,NA,NA,NA,NA,NA,NA,NA,NA,NA,NA,NA,NA,NA,NA,NA,NA,NA,NA,NA,NA,NA,NA,NA,NA,NA,NA
NA,NA,2018,2018-05-30,"Annie, Jenny, Eva","TM2","upper","16.0",NA,NA,NA,"unmarked","unmarked",NA,NA,NA,NA,NA,"<1","17.9",NA,"P","0.0","1.0",NA,NA,NA,NA,"no",NA,NA,NA,NA,NA,NA,0.5
NA,NA,2018,2018-05-30,"Annie, Jenny, Eva","TM2","upper","16.0",NA,NA,NA,"unmarked","unmarked",NA,NA,NA,NA,NA,"<1","7.5",NA,"P","0.0","1.0",NA,NA,NA,NA,"no",NA,NA,NA,NA,NA,NA,0.5
NA,NA,2018,2018-05-30,"Annie, Jenny, Eva","TM2","lower","11.0",NA,NA,NA,"red",NA,NA,NA,NA,NA,NA,"<1","1.7",NA,"V","0.0","0.0",NA,NA,NA,NA,"yes",NA,NA,NA,NA,NA,NA,0.5
NA,NA,2018,2018-05-30,"Annie, Jenny, Eva","TM2","lower","11.5",NA,NA,NA,"red","blue",NA,NA,NA,NA,NA,"<1","11.7",NA,"P","0.0","2.0",NA,NA,NA,NA,"no",NA,NA,NA,NA,NA,NA,0.5
NA,NA,2018,2018-05-30,"Annie, Jenny, Eva","TM2","lower","11.5",NA,NA,NA,"red",NA,NA,NA,NA,NA,NA,"<1","1.4",NA,"V","0.0","0.0",NA,NA,NA,NA,"no",NA,NA,NA,NA,NA,NA,0.5
NA,NA,2018,2018-05-30,"Annie, Jenny, Eva","TM2","lower","12.0",NA,NA,NA,"red",NA,NA,NA,NA,NA,NA,"<1","7.6",NA,"P","0.0","1.0",NA,NA,NA,NA,"no",NA,NA,NA,NA,NA,NA,0.5
NA,NA,2018,2018-05-30,"Annie, Jenny, Eva","TM2","lower","12.0",NA,NA,NA,"red","white",NA,NA,NA,NA,NA,"<1","11.6",NA,"P","0.0","1.0",NA,NA,NA,NA,"no",NA,NA,NA,NA,NA,NA,0.5
NA,NA,2018,2018-05-30,"Annie, Jenny, Eva","TM2","lower","12.0",NA,NA,NA,"red","white",NA,NA,NA,NA,NA,"1.0","19.9",NA,"P","0.0","2.0",NA,NA,NA,NA,"no",NA,NA,NA,NA,NA,NA,1
NA,NA,2018,2018-05-30,"Annie, Jenny, Eva","TM2","lower","12.0",NA,NA,NA,"red","white",NA,NA,NA,NA,NA,"<1","12.7",NA,"P","0.0","1.0",NA,NA,NA,NA,"no",NA,NA,NA,NA,NA,NA,0.5
NA,NA,2018,2018-05-30,"Annie, Jenny, Eva","TM2","lower","12.0",NA,NA,NA,"red",NA,NA,NA,NA,NA,NA,NA,NA,NA,"X",NA,NA,NA,NA,NA,NA,NA,NA,NA,NA,NA,NA,NA,NA
NA,NA,2018,2018-05-30,"Annie, Jenny, Eva","TM2","lower","12.5",NA,NA,NA,"red","white",NA,NA,NA,NA,NA,"1.4","21.9",NA,"P","0.0","2.0",NA,NA,NA,NA,"no",NA,NA,NA,NA,NA,NA,1.4
NA,NA,2018,2018-05-30,"Annie, Jenny, Eva","TM2","lower","12.5",NA,NA,NA,"red",NA,NA,NA,NA,NA,NA,NA,NA,NA,"X",NA,NA,NA,NA,NA,NA,NA,NA,NA,NA,NA,NA,NA,NA
NA,NA,2018,2018-05-30,"Annie, Jenny, Eva","TM2","lower","12.5",NA,NA,NA,"red","blue",NA,NA,NA,NA,NA,"1.33","21.4",NA,"P","0.0","3.0",NA,NA,NA,NA,"no",NA,NA,NA,NA,NA,"apical meristem damage",1.33
NA,NA,2018,2018-05-30,"Annie, Jenny, Eva","TM2","lower","12.5",NA,NA,NA,"red","white",NA,NA,NA,NA,NA,"<1","13.7",NA,"P","0.0","1.0",NA,NA,NA,NA,"no",NA,NA,NA,NA,NA,NA,0.5
NA,NA,2018,2018-05-30,"Annie, Jenny, Eva","TM2","lower","12.5",NA,NA,NA,"ylw","blue",NA,NA,NA,NA,NA,"<1","7.2",NA,"P","0.0","1.0",NA,NA,NA,NA,"no",NA,NA,NA,NA,NA,NA,0.5
NA,NA,2018,2018-05-30,"Annie, Jenny, Eva","TM2","lower","12.5",NA,NA,NA,"ylw","blue",NA,NA,NA,NA,NA,"<1","6.4",NA,"P","0.0","1.0",NA,NA,NA,NA,"no",NA,NA,NA,NA,NA,NA,0.5
NA,NA,2018,2018-05-30,"Annie, Jenny, Eva","TM2","lower","13.0",NA,NA,NA,"red","white",NA,NA,NA,NA,NA,"1.3","17.9",NA,"P","0.0","2.0",NA,NA,NA,NA,"no",NA,NA,NA,NA,NA,NA,1.3
NA,NA,2018,2018-05-30,"Annie, Jenny, Eva","TM2","lower","13.0",NA,NA,NA,"red","blue",NA,NA,NA,NA,NA,NA,NA,NA,"X",NA,NA,NA,NA,NA,NA,NA,NA,NA,NA,NA,NA,NA,NA
NA,NA,2018,2018-05-30,"Annie, Jenny, Eva","TM2","lower","13.5",NA,NA,NA,"red","blue",NA,NA,NA,NA,NA,NA,NA,NA,"X",NA,NA,NA,NA,NA,NA,NA,NA,NA,NA,NA,NA,NA,NA
NA,NA,2018,2018-05-30,"Annie, Jenny, Eva","TM2","lower","13.5",NA,NA,NA,"red",NA,NA,NA,NA,NA,NA,"<1","1.0",NA,"V","0.0","0.0",NA,NA,NA,NA,NA,NA,NA,NA,NA,NA,NA,0.5
NA,NA,2018,2018-05-30,"Annie, Jenny, Eva","TM2","lower","14.0",NA,NA,NA,"red",NA,NA,NA,NA,NA,NA,"<1","8.9",NA,"P","0.0","1.0",NA,NA,NA,NA,"no",NA,NA,NA,NA,NA,NA,0.5
NA,NA,2018,2018-05-30,"Annie, Jenny, Eva","TM2","lower","14.0",NA,NA,NA,"red",NA,NA,NA,NA,NA,NA,"<1","9.6",NA,"P","0.0","1.0",NA,NA,NA,NA,"no",NA,NA,NA,NA,NA,NA,0.5
NA,NA,2018,2018-05-30,"Annie, Jenny, Eva","TM2","lower","14.0",NA,NA,NA,"red","blue",NA,NA,NA,NA,NA,"<1","7.2",NA,"F","1.0","1.0",NA,NA,NA,NA,"no",NA,NA,NA,NA,NA,NA,0.5
NA,NA,2018,2018-05-30,"Annie, Jenny, Eva","TM2","lower","14.0",NA,NA,NA,"red","blue",NA,NA,NA,NA,NA,"<1","6.0",NA,"P","0.0","1.0",NA,NA,NA,NA,"no",NA,NA,NA,NA,NA,NA,0.5
NA,NA,2018,2018-05-30,"Annie, Jenny, Eva","TM2","lower","14.0",NA,NA,NA,"blue","blue",NA,NA,NA,NA,NA,"<1","9.0",NA,"P","0.0","1.0",NA,NA,NA,NA,"no",NA,NA,NA,NA,NA,NA,0.5
NA,NA,2018,2018-05-30,"Annie, Jenny, Eva","TM2","lower","14.0",NA,NA,NA,"blue",NA,NA,NA,NA,NA,NA,NA,NA,NA,"X",NA,NA,NA,NA,NA,NA,NA,NA,NA,NA,NA,NA,NA,NA
NA,NA,2018,2018-05-30,"Annie, Jenny, Eva","TM2","lower","0.0",NA,NA,NA,NA,NA,NA,NA,NA,NA,NA,NA,NA,NA,NA,NA,NA,NA,NA,NA,NA,NA,NA,NA,NA,NA,NA,NA,NA
NA,NA,2018,2018-05-30,"Annie, Jenny, Eva","TM2","lower","0.5",NA,NA,NA,NA,NA,NA,NA,NA,NA,NA,NA,NA,NA,NA,NA,NA,NA,NA,NA,NA,NA,NA,NA,NA,NA,NA,NA,NA
NA,NA,2018,2018-05-30,"Annie, Jenny, Eva","TM2","lower","1.0",NA,NA,NA,NA,NA,NA,NA,NA,NA,NA,NA,NA,NA,NA,NA,NA,NA,NA,NA,NA,NA,NA,NA,NA,NA,NA,NA,NA
NA,NA,2018,2018-05-30,"Annie, Jenny, Eva","TM2","lower","1.5",NA,NA,NA,NA,NA,NA,NA,NA,NA,NA,NA,NA,NA,NA,NA,NA,NA,NA,NA,NA,NA,NA,NA,NA,NA,NA,NA,NA
NA,NA,2018,2018-05-30,"Annie, Jenny, Eva","TM2","lower","2.0",NA,NA,NA,NA,NA,NA,NA,NA,NA,NA,NA,NA,NA,NA,NA,NA,NA,NA,NA,NA,NA,NA,NA,NA,NA,NA,NA,NA
NA,NA,2018,2018-05-30,"Annie, Jenny, Eva","TM2","lower","2.5",NA,NA,NA,NA,NA,NA,NA,NA,NA,NA,NA,NA,NA,NA,NA,NA,NA,NA,NA,NA,NA,NA,NA,NA,NA,NA,NA,NA
NA,NA,2018,2018-05-30,"Annie, Jenny, Eva","TM2","lower","3.0",NA,NA,NA,"red","white",NA,NA,NA,NA,NA,"1.56","32.0",NA,"P",NA,"4.0",NA,NA,NA,NA,"yes",NA,NA,NA,NA,NA,NA,1.56
NA,NA,2018,2018-05-30,"Annie, Jenny, Eva","TM2","lower","3.0",NA,NA,NA,"red","blue",NA,NA,NA,NA,NA,"1.57","32.8",NA,"P",NA,"4.0",NA,NA,NA,NA,"yes",NA,NA,NA,NA,NA,NA,1.57
NA,NA,2018,2018-05-30,"Annie, Jenny, Eva","TM2","lower","3.0",NA,NA,NA,"blue",NA,NA,NA,NA,NA,NA,NA,NA,NA,"X",NA,NA,NA,NA,NA,NA,"N",NA,NA,NA,NA,NA,NA,NA
NA,NA,2018,2018-05-30,"Annie, Jenny, Eva","TM2","lower","3.0",NA,NA,NA,"blue",NA,NA,NA,NA,NA,NA,"<1","2.7",NA,"V",NA,NA,NA,NA,NA,NA,"no",NA,NA,NA,NA,NA,NA,0.5
NA,NA,2018,2018-05-30,"Annie, Jenny, Eva","TM2","lower","3.0",NA,NA,NA,"blue","blue",NA,NA,NA,NA,NA,"<1","15.0",NA,"P",NA,"1.0",NA,NA,NA,NA,"yes",NA,NA,NA,NA,NA,NA,0.5
NA,NA,2018,2018-05-30,"Annie, Jenny, Eva","TM2","lower","3.0",NA,NA,NA,"ylw",NA,NA,NA,NA,NA,NA,"1.2","14.4",NA,"F","3F, 2 buds","0.0",NA,NA,NA,NA,"no",NA,NA,NA,NA,NA,NA,1.2
NA,NA,2018,2018-05-30,"Annie, Jenny, Eva","TM2","lower","3.0",NA,NA,NA,"red",NA,NA,NA,NA,NA,NA,"<1","0.9",NA,"V",NA,NA,NA,NA,NA,NA,"no",NA,NA,NA,NA,NA,NA,0.5
NA,NA,2018,2018-05-30,"Annie, Jenny, Eva","TM2","lower","3.0",NA,NA,NA,"red",NA,NA,NA,NA,NA,NA,"<1","3.9",NA,"V",NA,NA,NA,NA,NA,NA,"no",NA,NA,NA,NA,NA,NA,0.5
NA,NA,2018,2018-05-30,"Annie, Jenny, Eva","TM2","lower","3.0",NA,NA,NA,"red",NA,NA,NA,NA,NA,NA,"<1","13.4",NA,"P",NA,"1.0",NA,NA,NA,NA,"no",NA,NA,NA,NA,NA,NA,0.5
NA,NA,2018,2018-05-30,"Annie, Jenny, Eva","TM2","lower","3.0",NA,NA,NA,"red","blue",NA,NA,NA,NA,NA,"<1","11.6",NA,"P",NA,"1.0",NA,NA,NA,NA,"no",NA,NA,NA,NA,NA,NA,0.5
NA,NA,2018,2018-05-30,"Annie, Jenny, Eva","TM2","lower","3.0",NA,NA,NA,"red",NA,NA,NA,NA,NA,NA,"<1","4.1",NA,"V",NA,NA,NA,NA,NA,NA,"no",NA,NA,NA,NA,NA,"1 B missing, 1 extra red",0.5
NA,NA,2018,2018-05-30,"Annie, Jenny, Eva","TM2","lower","3.5",NA,NA,NA,"red",NA,NA,NA,NA,NA,NA,"<1","6.0",NA,"V",NA,NA,NA,NA,NA,NA,"yes",NA,NA,NA,NA,NA,NA,0.5
NA,NA,2018,2018-05-30,"Annie, Jenny, Eva","TM2","lower","3.5",NA,NA,NA,"red",NA,NA,NA,NA,NA,NA,"1.46","8.4",NA,"F","1F,2 buds","0.0",NA,NA,NA,NA,"no",NA,NA,NA,NA,NA,NA,1.46
NA,NA,2018,2018-05-30,"Annie, Jenny, Eva","TM2","lower","4.0",NA,NA,NA,NA,NA,NA,NA,NA,NA,NA,NA,NA,NA,NA,NA,NA,NA,NA,NA,NA,NA,NA,NA,NA,NA,NA,NA,NA
NA,NA,2018,2018-05-30,"Annie, Jenny, Eva","TM2","lower","4.5",NA,NA,NA,"red",NA,NA,NA,NA,NA,NA,"<1","4.2",NA,"V",NA,NA,NA,NA,NA,NA,"yes",NA,NA,NA,NA,NA,NA,0.5
NA,NA,2018,2018-05-30,"Annie, Jenny, Eva","TM2","lower","4.5",NA,NA,NA,"red",NA,NA,NA,NA,NA,NA,NA,NA,NA,"X",NA,NA,NA,NA,NA,NA,"no",NA,NA,NA,NA,NA,NA,NA
NA,NA,2018,2018-05-30,"Annie, Jenny, Eva","TM2","lower","4.5",NA,NA,NA,"red",NA,NA,NA,NA,NA,NA,"<1","2.6",NA,"V",NA,NA,NA,NA,NA,NA,"no",NA,NA,NA,NA,NA,NA,0.5
NA,NA,2018,2018-05-30,"Annie, Jenny, Eva","TM2","lower","4.5",NA,NA,NA,"red","blue",NA,NA,NA,NA,NA,"1.6","19.1",NA,"F","1.0","4.0",NA,NA,NA,NA,"yes",NA,NA,NA,NA,NA,NA,1.6
NA,NA,2018,2018-05-30,"Annie, Jenny, Eva","TM2","lower","4.5",NA,NA,NA,"red",NA,NA,NA,NA,NA,NA,NA,NA,NA,"X",NA,NA,NA,NA,NA,NA,"no",NA,NA,NA,NA,NA,NA,NA
NA,NA,2018,2018-05-30,"Annie, Jenny, Eva","TM2","lower","4.5",NA,NA,NA,"red","blue",NA,NA,NA,NA,NA,"1.5","17.6",NA,"P",NA,"3.0",NA,NA,NA,NA,"yes",NA,NA,NA,NA,NA,NA,1.5
NA,NA,2018,2018-05-30,"Annie, Jenny, Eva","TM2","lower","4.5",NA,NA,NA,"red",NA,NA,NA,NA,NA,NA,"<1","3.3",NA,"V",NA,NA,NA,NA,NA,NA,"no",NA,NA,NA,NA,NA,NA,0.5
NA,NA,2018,2018-05-30,"Annie, Jenny, Eva","TM2","lower","4.5",NA,NA,NA,"ylw",NA,NA,NA,NA,NA,NA,NA,NA,NA,"X",NA,NA,NA,NA,NA,NA,NA,NA,NA,NA,NA,NA,NA,NA
NA,NA,2018,2018-05-30,"Annie, Jenny, Eva","TM2","lower","3.0",NA,NA,NA,NA,"blue",NA,NA,NA,NA,NA,"<1","17.9",NA,"P",NA,"2.0",NA,NA,NA,NA,NA,NA,NA,NA,NA,NA,NA,0.5
NA,NA,2018,2018-05-30,"Annie, Jenny, Eva","TM2","lower","5.0",NA,NA,NA,"red",NA,NA,NA,NA,NA,NA,NA,NA,NA,"X",NA,NA,NA,NA,NA,NA,NA,NA,NA,NA,NA,NA,NA,NA
NA,NA,2018,2018-05-30,"Annie, Jenny, Eva","TM2","lower","5.0",NA,NA,NA,"red","white",NA,NA,NA,NA,NA,"<1","15.7",NA,"P",NA,"2.0",NA,NA,NA,NA,"no",NA,NA,NA,NA,NA,NA,0.5
NA,NA,2018,2018-05-30,"Annie, Jenny, Eva","TM2","lower","5.0",NA,NA,NA,"red","blue",NA,NA,NA,NA,NA,"1.25","20.7",NA,"P",NA,"2.0",NA,NA,NA,NA,"yes",NA,NA,NA,NA,NA,NA,1.25
NA,NA,2018,2018-05-30,"Annie, Jenny, Eva","TM2","lower","5.0",NA,NA,NA,"red","blue",NA,NA,NA,NA,NA,"1.3","27.1",NA,"P",NA,"0.0",NA,NA,NA,NA,"no",NA,NA,NA,NA,NA,NA,1.3
NA,NA,2018,2018-05-30,"Annie, Jenny, Eva","TM2","lower","5.0",NA,NA,NA,"red","blue",NA,NA,NA,NA,NA,"1.1","17.0",NA,"P",NA,"1.0",NA,NA,NA,NA,"yes",NA,NA,NA,NA,NA,NA,1.1
NA,NA,2018,2018-05-30,"Annie, Jenny, Eva","TM2","lower","5.0",NA,NA,NA,"red","white",NA,NA,NA,42,20,"3.3","50.0",NA,"P",NA,"14.0",NA,NA,NA,NA,"no",NA,NA,NA,NA,NA,NA,3.3
NA,NA,2018,2018-05-30,"Annie, Jenny, Eva","TM2","lower","5.0",NA,NA,NA,"red","white",NA,NA,NA,NA,NA,"1.5","25.3",NA,"P",NA,"5.0",NA,NA,NA,NA,"no",NA,NA,NA,NA,NA,NA,1.5
NA,NA,2018,2018-05-30,"Annie, Jenny, Eva","TM2","lower","5.0",NA,NA,NA,"red","white",NA,NA,NA,NA,NA,"1.7","31.2",NA,"P",NA,"4.0",NA,NA,NA,NA,"no",NA,NA,NA,NA,NA,NA,1.7
NA,NA,2018,2018-05-30,"Annie, Jenny, Eva","TM2","lower","5.0",NA,NA,NA,"red","blue",NA,NA,NA,NA,NA,"1.3","26.8",NA,"P",NA,"0.0",NA,NA,NA,NA,"no",NA,NA,NA,NA,NA,NA,1.3
NA,NA,2018,2018-05-30,"Annie, Jenny, Eva","TM2","lower","5.0",NA,NA,NA,"ylw",NA,NA,NA,NA,NA,NA,NA,NA,NA,"X",NA,NA,NA,NA,NA,NA,NA,NA,NA,NA,NA,NA,NA,NA
NA,NA,2018,2018-05-30,"Annie, Jenny, Eva","TM2","lower","5.0",NA,NA,NA,"ylw",NA,NA,NA,NA,NA,NA,NA,NA,NA,"X",NA,NA,NA,NA,NA,NA,NA,NA,NA,NA,NA,NA,NA,NA
NA,NA,2018,2018-05-30,"Annie, Jenny, Eva","TM2","lower","5.0",NA,NA,NA,"blue",NA,NA,NA,NA,NA,NA,NA,NA,NA,"X",NA,NA,NA,NA,NA,NA,NA,NA,NA,NA,NA,NA,NA,NA
NA,NA,2018,2018-05-30,"Annie, Jenny, Eva","TM2","lower","5.0",NA,NA,NA,"blue",NA,NA,NA,NA,NA,NA,"<1","6.8",NA,"P",NA,"1.0",NA,NA,NA,NA,"no",NA,NA,NA,NA,NA,NA,0.5
NA,NA,2018,2018-05-30,"Annie, Jenny, Eva","TM2","lower","5.5",NA,NA,NA,"red",NA,NA,NA,NA,NA,NA,NA,NA,NA,"X",NA,NA,NA,NA,NA,NA,"no",NA,NA,NA,NA,NA,NA,NA
NA,NA,2018,2018-05-30,"Annie, Jenny, Eva","TM2","lower","5.5",NA,NA,NA,"red","white",NA,NA,NA,NA,NA,"<1","15.2",NA,"P",NA,"2.0",NA,NA,NA,NA,"no",NA,NA,NA,NA,NA,NA,0.5
NA,NA,2018,2018-05-30,"Annie, Jenny, Eva","TM2","lower","5.5",NA,NA,NA,"red","blue",NA,NA,NA,NA,NA,"1.4","22.7",NA,"P",NA,"3.0",NA,NA,NA,NA,"no",NA,NA,NA,NA,NA,NA,1.4
NA,NA,2018,2018-05-30,"Annie, Jenny, Eva","TM2","lower","5.5",NA,NA,NA,"red","blue",NA,NA,NA,20,10,"3.7","39.3",NA,"F","2.0","29.0",NA,NA,NA,NA,"no",NA,NA,NA,NA,NA,NA,3.7
NA,NA,2018,2018-05-30,"Annie, Jenny, Eva","TM2","lower","5.5",NA,NA,NA,"red","blue",NA,NA,NA,NA,NA,"1.8","26.4",NA,"P",NA,"3.0",NA,NA,NA,NA,"no",NA,NA,NA,NA,NA,NA,1.8
NA,NA,2018,2018-05-30,"Annie, Jenny, Eva","TM2","lower","5.5",NA,NA,NA,"red","blue",NA,NA,NA,NA,NA,"<1","13.1",NA,"P",NA,"1.0",NA,NA,NA,NA,"no",NA,NA,NA,NA,NA,NA,0.5
NA,NA,2018,2018-05-30,"Annie, Jenny, Eva","TM2","lower","5.5",NA,NA,NA,"ylw",NA,NA,NA,NA,NA,NA,"<1","4.7",NA,"V",NA,NA,NA,NA,NA,NA,"no",NA,NA,NA,NA,NA,NA,0.5
NA,NA,2018,2018-05-30,"Annie, Jenny, Eva","TM2","lower","5.5",NA,NA,NA,"ylw",NA,NA,NA,NA,NA,NA,"<1","4.1",NA,"V",NA,NA,NA,NA,NA,NA,"no",NA,NA,NA,NA,NA,NA,0.5
NA,NA,2018,2018-05-30,"Annie, Jenny, Eva","TM2","lower","5.5",NA,NA,NA,"grn",NA,NA,NA,NA,NA,NA,NA,NA,NA,"X",NA,NA,NA,NA,NA,NA,NA,NA,NA,NA,NA,NA,NA,NA
NA,NA,2018,2018-05-30,"Annie, Jenny, Eva","TM2","lower","6.0",NA,NA,NA,"red","blue",NA,NA,NA,NA,NA,"<1","15.5",NA,"P",NA,"2.0",NA,NA,NA,NA,"no",NA,NA,NA,NA,NA,NA,0.5
NA,NA,2018,2018-05-30,"Annie, Jenny, Eva","TM2","lower","6.0",NA,NA,NA,"red",NA,NA,NA,NA,NA,NA,"<1","5.5",NA,"V",NA,NA,NA,NA,NA,NA,"no",NA,NA,NA,NA,NA,NA,0.5
NA,NA,2018,2018-05-30,"Annie, Jenny, Eva","TM2","lower","6.0",NA,NA,NA,"red",NA,NA,NA,NA,NA,NA,"<1","19.5",NA,"P",NA,"2.0",NA,NA,NA,NA,"no",NA,NA,NA,NA,NA,NA,0.5
NA,NA,2018,2018-05-30,"Annie, Jenny, Eva","TM2","lower","6.0",NA,NA,NA,"red",NA,NA,NA,NA,NA,NA,"<1","3.8",NA,"V",NA,NA,NA,NA,NA,NA,"no",NA,NA,NA,NA,NA,NA,0.5
NA,NA,2018,2018-05-30,"Annie, Jenny, Eva","TM2","lower","6.0",NA,NA,NA,"red",NA,NA,NA,NA,NA,NA,"<1","20.3",NA,"P",NA,"2.0",NA,NA,NA,NA,"no",NA,NA,NA,NA,NA,NA,0.5
NA,NA,2018,2018-05-30,"Annie, Jenny, Eva","TM2","lower","6.0",NA,NA,NA,"red",NA,NA,NA,NA,NA,NA,"<1","6.9",NA,"F","1.0","0.0",NA,NA,NA,NA,"no",NA,NA,NA,NA,NA,NA,0.5
NA,NA,2018,2018-05-30,"Annie, Jenny, Eva","TM2","lower","6.0",NA,NA,NA,"red","blue",NA,NA,NA,NA,NA,"1.6","21.4",NA,"P",NA,"4.0",NA,NA,NA,NA,"yes",NA,NA,NA,NA,NA,NA,1.6
NA,NA,2018,2018-05-30,"Annie, Jenny, Eva","TM2","lower","6.0",NA,NA,NA,"red",NA,NA,NA,NA,NA,NA,"<1","2.9",NA,"V",NA,NA,NA,NA,NA,NA,"yes",NA,NA,NA,NA,NA,NA,0.5
NA,NA,2018,2018-05-30,"Annie, Jenny, Eva","TM2","lower","6.0",NA,NA,NA,"red",NA,NA,NA,NA,NA,NA,NA,NA,NA,"X",NA,NA,NA,NA,NA,NA,NA,NA,NA,NA,NA,NA,NA,NA
NA,NA,2018,2018-05-30,"Annie, Jenny, Eva","TM2","lower","6.0",NA,NA,NA,"red",NA,NA,NA,NA,NA,NA,NA,NA,NA,"X",NA,NA,NA,NA,NA,NA,NA,NA,NA,NA,NA,NA,NA,NA
NA,NA,2018,2018-05-30,"Annie, Jenny, Eva","TM2","lower","6.0",NA,NA,NA,"red",NA,NA,NA,NA,NA,NA,NA,NA,NA,"X",NA,NA,NA,NA,NA,NA,NA,NA,NA,NA,NA,NA,NA,NA
NA,NA,2018,2018-05-30,"Annie, Jenny, Eva","TM2","lower","6.0",NA,NA,NA,"red",NA,NA,NA,NA,NA,NA,"<1","8.2",NA,"P","0.0","1.0",NA,NA,NA,NA,"no",NA,NA,NA,NA,NA,NA,0.5
NA,NA,2018,2018-05-30,"Annie, Jenny, Eva","TM2","lower","6.0",NA,NA,NA,"red","blue",NA,NA,NA,NA,NA,NA,NA,NA,"X",NA,NA,NA,NA,NA,NA,NA,NA,NA,NA,NA,NA,"broken plant",NA
NA,NA,2018,2018-05-30,"Annie, Jenny, Eva","TM2","lower","6.0",NA,NA,NA,"red",NA,NA,NA,NA,NA,NA,"<1","5.7",NA,"P",NA,"0.0",NA,NA,NA,NA,"no",NA,NA,NA,NA,NA,"1 aborted fruit",0.5
NA,NA,2018,2018-05-30,"Annie, Jenny, Eva","TM2","lower","6.0",NA,NA,NA,"red","white",NA,NA,NA,NA,NA,"~1","19.1",NA,"P","0.0","2.0",NA,NA,NA,NA,"no",NA,NA,NA,NA,NA,NA,0.5
NA,NA,2018,2018-05-30,"Annie, Jenny, Eva","TM2","lower","6.0",NA,NA,NA,"red","blue",NA,NA,NA,NA,NA,NA,NA,NA,"X",NA,NA,NA,NA,NA,NA,NA,NA,NA,NA,NA,NA,NA,NA
NA,NA,2018,2018-05-30,"Annie, Jenny, Eva","TM2","lower","6.0",NA,NA,NA,"red",NA,NA,NA,NA,NA,NA,NA,NA,NA,"X",NA,NA,NA,NA,NA,NA,NA,NA,NA,NA,NA,NA,NA,NA
NA,NA,2018,2018-05-30,"Annie, Jenny, Eva","TM2","lower","6.0",NA,NA,NA,"red",NA,NA,NA,NA,NA,NA,"<1","8.9",NA,"P","0.0","1.0",NA,NA,NA,NA,"no",NA,NA,NA,NA,NA,NA,0.5
NA,NA,2018,2018-05-30,"Annie, Jenny, Eva","TM2","lower","6.0",NA,NA,NA,"red",NA,NA,NA,NA,NA,NA,NA,NA,NA,"X",NA,NA,NA,NA,NA,NA,NA,NA,NA,NA,NA,NA,NA,NA
NA,NA,2018,2018-05-30,"Annie, Jenny, Eva","TM2","lower","6.0",NA,NA,NA,"red","blue",NA,NA,NA,NA,NA,NA,NA,NA,"X",NA,NA,NA,NA,NA,NA,NA,NA,NA,NA,NA,NA,NA,NA
NA,NA,2018,2018-05-30,"Annie, Jenny, Eva","TM2","lower","6.0",NA,NA,NA,"red",NA,NA,NA,NA,NA,NA,"<1","8.0",NA,"P","0.0","1.0",NA,NA,NA,NA,"no",NA,NA,NA,NA,NA,NA,0.5
NA,NA,2018,2018-05-30,"Annie, Jenny, Eva","TM2","lower","6.0",NA,NA,NA,"red",NA,NA,NA,NA,NA,NA,"<1","1.7",NA,"V","0.0","0.0",NA,NA,NA,NA,"no",NA,NA,NA,NA,NA,NA,0.5
NA,NA,2018,2018-05-30,"Annie, Jenny, Eva","TM2","lower","6.0",NA,NA,NA,"red",NA,NA,NA,NA,NA,NA,"<1","3.9",NA,"B","0.0","0.0",NA,NA,NA,NA,"no",NA,NA,NA,NA,NA,"1 bud, probably not going to flower",0.5
NA,NA,2018,2018-05-30,"Annie, Jenny, Eva","TM2","lower","6.0",NA,NA,NA,"red",NA,NA,NA,NA,NA,NA,NA,NA,NA,"X",NA,NA,NA,NA,NA,NA,NA,NA,NA,NA,NA,NA,NA,NA
NA,NA,2018,2018-05-30,"Annie, Jenny, Eva","TM2","lower","6.0",NA,NA,NA,"red","white",NA,NA,NA,NA,NA,"<1","13.4",NA,"P","0.0","1.0",NA,NA,NA,NA,"no",NA,NA,NA,NA,NA,NA,0.5
NA,NA,2018,2018-05-30,"Annie, Jenny, Eva","TM2","lower","6.0",NA,NA,NA,"red",NA,NA,NA,NA,NA,NA,"<1","7.3",NA,"P","0.0","1.0",NA,NA,NA,NA,"no",NA,NA,NA,NA,NA,"silique still developing",0.5
NA,NA,2018,2018-05-30,"Annie, Jenny, Eva","TM2","lower","6.0",NA,NA,NA,"ylw","white",NA,NA,NA,NA,NA,"<1","10.6",NA,"P","0.0","1.0",NA,NA,NA,NA,"no",NA,NA,NA,NA,NA,NA,0.5
NA,NA,2018,2018-05-30,"Annie, Jenny, Eva","TM2","lower","6.0",NA,NA,NA,"ylw*",NA,NA,NA,NA,NA,NA,NA,NA,NA,"X",NA,NA,NA,NA,NA,NA,NA,NA,NA,NA,NA,NA,"*actually orange",NA
NA,NA,2018,2018-05-30,"Annie, Jenny, Eva","TM2","lower","6.5",NA,NA,NA,"red",NA,NA,NA,NA,NA,NA,NA,NA,NA,"X",NA,NA,NA,NA,NA,NA,NA,NA,NA,NA,NA,NA,NA,NA
NA,NA,2018,2018-05-30,"Annie, Jenny, Eva","TM2","lower","6.5",NA,NA,NA,"red",NA,NA,NA,NA,NA,NA,NA,NA,NA,"X",NA,NA,NA,NA,NA,NA,NA,NA,NA,NA,NA,NA,NA,NA
NA,NA,2018,2018-05-30,"Annie, Jenny, Eva","TM2","lower","6.5",NA,NA,NA,"red",NA,NA,NA,NA,NA,NA,"<1","2.7",NA,"V","0.0","0.0",NA,NA,NA,NA,"yes",NA,NA,NA,NA,NA,NA,0.5
NA,NA,2018,2018-05-30,"Annie, Jenny, Eva","TM2","lower","6.5",NA,NA,NA,"red","blue",NA,NA,NA,NA,NA,"<1","11.7",NA,"P","0.0","1.0",NA,NA,NA,NA,"no",NA,NA,NA,NA,NA,NA,0.5
NA,NA,2018,2018-05-30,"Annie, Jenny, Eva","TM2","lower","6.5",NA,NA,NA,"red",NA,NA,NA,NA,NA,NA,"<1","4.2",NA,"V","0.0","0.0",NA,NA,NA,NA,"no",NA,NA,NA,NA,NA,NA,0.5
NA,NA,2018,2018-05-30,"Annie, Jenny, Eva","TM2","lower","6.5",NA,NA,NA,"blue","blue",NA,NA,NA,NA,NA,"<1","4.3",NA,"B","0.0","0.0",NA,NA,NA,NA,"no",NA,NA,NA,NA,NA,"1 bud, probably not going to flower",0.5
NA,NA,2018,2018-05-30,"Annie, Jenny, Eva","TM2","lower","6.5",NA,NA,NA,"red",NA,NA,NA,NA,NA,NA,"<1","6.2",NA,"P","0.0","1.0",0.4,NA,NA,NA,"no",NA,NA,NA,NA,NA,"developing",0.5
NA,NA,2018,2018-05-30,"Annie, Jenny, Eva","TM2","lower","7.0",NA,NA,NA,"red",NA,NA,NA,NA,NA,NA,NA,NA,NA,"X",NA,NA,NA,NA,NA,NA,NA,NA,NA,NA,NA,NA,NA,NA
NA,NA,2018,2018-05-30,"Annie, Jenny, Eva","TM2","lower","7.0",NA,NA,NA,"red",NA,NA,NA,NA,NA,NA,NA,NA,NA,"X",NA,NA,NA,NA,NA,NA,NA,NA,NA,NA,NA,NA,NA,NA
NA,NA,2018,2018-05-30,"Annie, Jenny, Eva","TM2","lower","7.0",NA,NA,NA,"red",NA,NA,NA,NA,NA,NA,NA,NA,NA,"X",NA,NA,NA,NA,NA,NA,NA,NA,NA,NA,NA,NA,NA,NA
NA,NA,2018,2018-05-30,"Annie, Jenny, Eva","TM2","lower","7.0",NA,NA,NA,"red",NA,NA,NA,NA,NA,NA,NA,NA,NA,"X",NA,NA,NA,NA,NA,NA,NA,NA,NA,NA,NA,NA,NA,NA
NA,NA,2018,2018-05-30,"Annie, Jenny, Eva","TM2","lower","7.0",NA,NA,NA,"red",NA,NA,NA,NA,NA,NA,NA,NA,NA,"X",NA,NA,NA,NA,NA,NA,NA,NA,NA,NA,NA,NA,NA,NA
NA,NA,2018,2018-05-30,"Annie, Jenny, Eva","TM2","lower","7.0",NA,NA,NA,"red","white",NA,NA,NA,NA,NA,NA,NA,NA,"X",NA,NA,NA,NA,NA,NA,NA,NA,NA,NA,NA,NA,NA,NA
NA,NA,2018,2018-05-30,"Annie, Jenny, Eva","TM2","lower","7.0",NA,NA,NA,"red","blue",NA,NA,NA,NA,NA,"<1","10.2",NA,"V",NA,NA,NA,NA,NA,NA,"no",NA,NA,NA,NA,NA,NA,0.5
NA,NA,2018,2018-05-30,"Annie, Jenny, Eva","TM2","lower","7.0",NA,NA,NA,"red","red",NA,NA,NA,NA,NA,"<1","20.5",NA,"P","0.0","2.0",NA,NA,NA,NA,"no",NA,NA,NA,NA,NA,NA,0.5
NA,NA,2018,2018-05-30,"Annie, Jenny, Eva","TM2","lower","7.0",NA,NA,NA,"red",NA,NA,NA,NA,NA,NA,NA,NA,NA,"X",NA,NA,NA,NA,NA,NA,NA,NA,NA,NA,NA,NA,NA,NA
NA,NA,2018,2018-05-30,"Annie, Jenny, Eva","TM2","lower","7.0",NA,NA,NA,"red",NA,NA,NA,NA,NA,NA,NA,NA,NA,"X",NA,NA,NA,NA,NA,NA,NA,NA,NA,NA,NA,NA,NA,NA
NA,NA,2018,2018-05-30,"Annie, Jenny, Eva","TM2","lower","7.0",NA,NA,NA,"red",NA,NA,NA,NA,NA,NA,NA,NA,NA,"X",NA,NA,NA,NA,NA,NA,NA,NA,NA,NA,NA,NA,NA,NA
NA,NA,2018,2018-05-30,"Annie, Jenny, Eva","TM2","lower","7.0",NA,NA,NA,"red",NA,NA,NA,NA,NA,NA,"<1","6.9",NA,"P","0.0","1.0",NA,NA,NA,NA,"no",NA,NA,NA,NA,NA,NA,0.5
NA,NA,2018,2018-05-30,"Annie, Jenny, Eva","TM2","lower","7.0",NA,NA,NA,"red","blue",NA,NA,NA,NA,NA,NA,NA,NA,"X",NA,NA,NA,NA,NA,NA,"no",NA,NA,NA,NA,NA,NA,NA
NA,NA,2018,2018-05-30,"Annie, Jenny, Eva","TM2","lower","7.0",NA,NA,NA,"red","white",NA,NA,NA,NA,NA,"<1","10.2",NA,"P","0.0","1.0",NA,NA,NA,NA,"no",NA,NA,NA,NA,NA,NA,0.5
NA,NA,2018,2018-05-30,"Annie, Jenny, Eva","TM2","lower","7.0",NA,NA,NA,"red","white",NA,NA,NA,NA,NA,"<1","10.4",NA,"P","0.0","1.0",NA,NA,NA,NA,"no",NA,NA,NA,NA,NA,NA,0.5
NA,NA,2018,2018-05-30,"Annie, Jenny, Eva","TM2","lower","7.0",NA,NA,NA,"red","ylw",NA,NA,NA,NA,NA,NA,NA,NA,"X",NA,NA,NA,NA,NA,NA,NA,NA,NA,NA,NA,NA,NA,NA
NA,NA,2018,2018-05-30,"Annie, Jenny, Eva","TM2","lower","7.0",NA,NA,NA,"ylw","white",NA,NA,NA,NA,NA,NA,NA,NA,"X",NA,NA,NA,NA,NA,NA,"no",NA,NA,NA,NA,NA,NA,NA
NA,NA,2018,2018-05-30,"Annie, Jenny, Eva","TM2","lower","7.0",NA,NA,NA,"ylw",NA,NA,NA,NA,NA,NA,NA,NA,NA,"X",NA,NA,NA,NA,NA,NA,NA,NA,NA,NA,NA,NA,NA,NA
NA,NA,2018,2018-05-30,"Annie, Jenny, Eva","TM2","lower","7.0",NA,NA,NA,"blue","white",NA,NA,NA,NA,NA,NA,NA,NA,"X",NA,NA,NA,NA,NA,NA,NA,NA,NA,NA,NA,NA,NA,NA
NA,NA,2018,2018-05-30,"Annie, Jenny, Eva","TM2","lower","7.5",NA,NA,NA,"red",NA,NA,NA,NA,NA,NA,NA,NA,NA,"X",NA,NA,NA,NA,NA,NA,NA,NA,NA,NA,NA,NA,NA,NA
NA,NA,2018,2018-05-30,"Annie, Jenny, Eva","TM2","lower","7.5",NA,NA,NA,"red",NA,NA,NA,NA,NA,NA,NA,NA,NA,"X",NA,NA,NA,NA,NA,NA,NA,NA,NA,NA,NA,NA,NA,NA
NA,NA,2018,2018-05-30,"Annie, Jenny, Eva","TM2","lower","7.5",NA,NA,NA,"red",NA,NA,NA,NA,NA,NA,NA,NA,NA,"X",NA,NA,NA,NA,NA,NA,NA,NA,NA,NA,NA,NA,NA,NA
NA,NA,2018,2018-05-30,"Annie, Jenny, Eva","TM2","lower","7.5",NA,NA,NA,"red","ylw",NA,NA,NA,NA,NA,"<1","13.2",NA,"P","0.0","1.0",NA,NA,NA,NA,"no",NA,NA,NA,NA,NA,NA,0.5
NA,NA,2018,2018-05-30,"Annie, Jenny, Eva","TM2","lower","7.5",NA,NA,NA,"red","white",NA,NA,NA,NA,NA,"<1","9.7",NA,"P","0.0","1.0",NA,NA,NA,NA,"no",NA,NA,NA,NA,NA,NA,0.5
NA,NA,2018,2018-05-30,"Annie, Jenny, Eva","TM2","lower","7.5",NA,NA,NA,"red","blue",NA,NA,NA,NA,NA,"<1","4.5",NA,"V","0.0","0.0",NA,NA,NA,NA,"no",NA,NA,NA,NA,NA,NA,0.5
NA,NA,2018,2018-05-30,"Annie, Jenny, Eva","TM2","lower","7.5",NA,NA,NA,"red",NA,NA,NA,NA,NA,NA,"<1","4.2",NA,"V","0.0","0.0",NA,NA,NA,NA,"no",NA,NA,NA,NA,NA,NA,0.5
NA,NA,2018,2018-05-30,"Annie, Jenny, Eva","TM2","lower","7.5",NA,NA,NA,"red","blue",NA,NA,NA,NA,NA,"<1","5.5",NA,"P","0.0","1.0",NA,NA,NA,NA,"no",NA,NA,NA,NA,NA,NA,0.5
NA,NA,2018,2018-05-30,"Annie, Jenny, Eva","TM2","lower","7.5",NA,NA,NA,"red","white",NA,NA,NA,NA,NA,"1.4","25.5",NA,"P","0.0","4.0",NA,NA,NA,NA,"no",NA,NA,NA,NA,NA,NA,1.4
NA,NA,2018,2018-05-30,"Annie, Jenny, Eva","TM2","lower","7.5",NA,NA,NA,"red","white",NA,NA,NA,NA,NA,"<1","11.5",NA,"P","0.0","1.0",NA,NA,NA,NA,"no",NA,NA,NA,NA,NA,NA,0.5
NA,NA,2018,2018-05-30,"Annie, Jenny, Eva","TM2","lower","7.5",NA,NA,NA,"red","white",NA,NA,NA,NA,NA,"<1","8.9",NA,"P","0.0","1.0",NA,NA,NA,NA,"no",NA,NA,NA,NA,NA,NA,0.5
NA,NA,2018,2018-05-30,"Annie, Jenny, Eva","TM2","lower","7.5",NA,NA,NA,"red",NA,NA,NA,NA,NA,NA,NA,NA,NA,"X",NA,NA,NA,NA,NA,NA,NA,NA,NA,NA,NA,NA,NA,NA
NA,NA,2018,2018-05-30,"Annie, Jenny, Eva","TM2","lower","7.5",NA,NA,NA,"red",NA,NA,NA,NA,NA,NA,NA,NA,NA,"X",NA,NA,NA,NA,NA,NA,NA,NA,NA,NA,NA,NA,NA,NA
NA,NA,2018,2018-05-30,"Annie, Jenny, Eva","TM2","lower","7.5",NA,NA,NA,"red",NA,NA,NA,NA,NA,NA,NA,NA,NA,"X",NA,NA,NA,NA,NA,NA,NA,NA,NA,NA,NA,NA,NA,NA
NA,NA,2018,2018-05-30,"Annie, Jenny, Eva","TM2","lower","7.5",NA,NA,NA,"red",NA,NA,NA,NA,NA,NA,NA,NA,NA,"X",NA,NA,NA,NA,NA,NA,NA,NA,NA,NA,NA,NA,NA,NA
NA,NA,2018,2018-05-30,"Annie, Jenny, Eva","TM2","lower","7.5",NA,NA,NA,"red",NA,NA,NA,NA,NA,NA,NA,NA,NA,"X",NA,NA,NA,NA,NA,NA,NA,NA,NA,NA,NA,NA,NA,NA
NA,NA,2018,2018-05-30,"Annie, Jenny, Eva","TM2","lower","7.5",NA,NA,NA,"red","white",NA,NA,NA,NA,NA,NA,"11.4",NA,"V","0.0","0.0",NA,NA,NA,NA,"yes",NA,NA,NA,NA,NA,NA,NA
NA,NA,2018,2018-05-30,"Annie, Jenny, Eva","TM2","lower","7.5",NA,NA,NA,"red",NA,NA,NA,NA,NA,NA,"<1","5.0",NA,"P","0.0","1.0",NA,NA,NA,NA,"no",NA,NA,NA,NA,NA,NA,0.5
NA,NA,2018,2018-05-30,"Annie, Jenny, Eva","TM2","lower","7.5",NA,NA,NA,"red",NA,NA,NA,NA,NA,NA,"<1","2.5",NA,"V","0.0","0.0",NA,NA,NA,NA,"no",NA,NA,NA,NA,NA,NA,0.5
NA,NA,2018,2018-05-30,"Annie, Jenny, Eva","TM2","lower","7.5",NA,NA,NA,"red",NA,NA,NA,NA,NA,NA,"<1","1.8",NA,"V","0.0","0.0",NA,NA,NA,NA,"no",NA,NA,NA,NA,NA,NA,0.5
NA,NA,2018,2018-05-30,"Annie, Jenny, Eva","TM2","lower","7.5",NA,NA,NA,"red","white",NA,NA,NA,NA,NA,NA,NA,NA,"X",NA,NA,NA,NA,NA,NA,NA,NA,NA,NA,NA,NA,NA,NA
NA,NA,2018,2018-05-30,"Annie, Jenny, Eva","TM2","lower","7.5",NA,NA,NA,"red",NA,NA,NA,NA,NA,NA,NA,NA,NA,"X",NA,NA,NA,NA,NA,NA,NA,NA,NA,NA,NA,NA,NA,NA
NA,NA,2018,2018-05-30,"Annie, Jenny, Eva","TM2","lower","7.5",NA,NA,NA,"red",NA,NA,NA,NA,NA,NA,NA,NA,NA,"X",NA,NA,NA,NA,NA,NA,NA,NA,NA,NA,NA,NA,NA,NA
NA,NA,2018,2018-05-30,"Annie, Jenny, Eva","TM2","lower","7.5",NA,NA,NA,"red","white",NA,NA,NA,NA,NA,"<1","7.5",NA,"P","0.0","0.0",NA,NA,NA,NA,"no",NA,NA,NA,NA,NA,NA,0.5
NA,NA,2018,2018-05-30,"Annie, Jenny, Eva","TM2","lower","7.5",NA,NA,NA,"ylw",NA,NA,NA,NA,NA,NA,"<1","8.7",NA,"P","0.0","1.0",NA,NA,NA,NA,"no",NA,NA,NA,NA,NA,NA,0.5
NA,NA,2018,2018-05-30,"Annie, Jenny, Eva","TM2","lower","7.5",NA,NA,NA,"ylw",NA,NA,NA,NA,NA,NA,NA,NA,NA,"X",NA,NA,NA,NA,NA,NA,NA,NA,NA,NA,NA,NA,NA,NA
NA,NA,2018,2018-05-30,"Annie, Jenny, Eva","TM2","lower","7.5",NA,NA,NA,"blue",NA,NA,NA,NA,NA,NA,"<1","2.5",NA,"V","0.0","0.0",NA,NA,NA,NA,"no",NA,NA,NA,NA,NA,NA,0.5
NA,NA,2018,2018-05-30,"Annie, Jenny, Eva","TM2","lower","8.0",NA,NA,NA,"red",NA,NA,NA,NA,NA,NA,"1.8","23.0",NA,"F","2.0","3.0",NA,NA,NA,NA,"yes",NA,NA,NA,NA,NA,NA,1.8
NA,NA,2018,2018-05-30,"Annie, Jenny, Eva","TM2","lower","8.0",NA,NA,NA,"red",NA,NA,NA,NA,NA,NA,"<1","3.4",NA,"V","0.0","0.0",NA,NA,NA,NA,"no",NA,NA,NA,NA,NA,NA,0.5
NA,NA,2018,2018-05-30,"Annie, Jenny, Eva","TM2","lower","8.0",NA,NA,NA,"red",NA,NA,NA,NA,NA,NA,"<1","5.5",NA,"B","0.0","0.0",NA,NA,NA,NA,"no",NA,NA,NA,NA,NA,NA,0.5
NA,NA,2018,2018-05-30,"Annie, Jenny, Eva","TM2","lower","8.0",NA,NA,NA,"red","blue",NA,NA,NA,NA,NA,"<1","5.1",NA,"P","0.0","1.0",NA,NA,NA,NA,"no",NA,NA,NA,NA,NA,NA,0.5
NA,NA,2018,2018-05-30,"Annie, Jenny, Eva","TM2","lower","8.0",NA,NA,NA,"red",NA,NA,NA,NA,NA,NA,NA,NA,NA,"X",NA,NA,NA,NA,NA,NA,NA,NA,NA,NA,NA,NA,NA,NA
NA,NA,2018,2018-05-30,"Annie, Jenny, Eva","TM2","lower","8.0",NA,NA,NA,"red",NA,NA,NA,NA,NA,NA,NA,NA,NA,"X",NA,NA,NA,NA,NA,NA,NA,NA,NA,NA,NA,NA,NA,NA
NA,NA,2018,2018-05-30,"Annie, Jenny, Eva","TM2","lower","8.0",NA,NA,NA,"red","blue",NA,NA,NA,NA,NA,"<1","10.1",NA,"P","0.0","1.0",NA,NA,NA,NA,"no",NA,NA,NA,NA,NA,NA,0.5
NA,NA,2018,2018-05-30,"Annie, Jenny, Eva","TM2","lower","8.0",NA,NA,NA,"red",NA,NA,NA,NA,NA,NA,NA,NA,NA,"X",NA,NA,NA,NA,NA,NA,NA,NA,NA,NA,NA,NA,NA,NA
NA,NA,2018,2018-05-30,"Annie, Jenny, Eva","TM2","lower","8.0",NA,NA,NA,"red",NA,NA,NA,NA,NA,NA,NA,NA,NA,"X",NA,NA,NA,NA,NA,NA,NA,NA,NA,NA,NA,NA,NA,NA
NA,NA,2018,2018-05-30,"Annie, Jenny, Eva","TM2","lower","8.0",NA,NA,NA,"red",NA,NA,NA,NA,NA,NA,NA,NA,NA,"X",NA,NA,NA,NA,NA,NA,NA,NA,NA,NA,NA,NA,NA,NA
NA,NA,2018,2018-05-30,"Annie, Jenny, Eva","TM2","lower","8.0",NA,NA,NA,"red",NA,NA,NA,NA,NA,NA,NA,NA,NA,"X",NA,NA,NA,NA,NA,NA,NA,NA,NA,NA,NA,NA,NA,NA
NA,NA,2018,2018-05-30,"Annie, Jenny, Eva","TM2","lower","8.0",NA,NA,NA,"red",NA,NA,NA,NA,NA,NA,NA,NA,NA,"X",NA,NA,NA,NA,NA,NA,NA,NA,NA,NA,NA,NA,NA,NA
NA,NA,2018,2018-05-30,"Annie, Jenny, Eva","TM2","lower","8.0",NA,NA,NA,"red",NA,NA,NA,NA,NA,NA,"<1","4.5",NA,"B","0.0","0.0",NA,NA,NA,NA,"no",NA,NA,NA,NA,NA,NA,0.5
NA,NA,2018,2018-05-30,"Annie, Jenny, Eva","TM2","lower","8.0",NA,NA,NA,"red",NA,NA,NA,NA,NA,NA,"<1","5.0",NA,"F","1.0","0.0",NA,NA,NA,NA,"no",NA,NA,NA,NA,NA,NA,0.5
NA,NA,2018,2018-05-30,"Annie, Jenny, Eva","TM2","lower","8.0",NA,NA,NA,"red","blue",NA,NA,NA,NA,NA,"<1","7.2",NA,"P","0.0","1.0",NA,NA,NA,NA,"no",NA,NA,NA,NA,NA,NA,0.5
NA,NA,2018,2018-05-30,"Annie, Jenny, Eva","TM2","lower","8.0",NA,NA,NA,"red","white",NA,NA,NA,NA,NA,"<1","17.2",NA,"P","0.0","2.0",NA,NA,NA,NA,"no",NA,NA,NA,NA,NA,NA,0.5
NA,NA,2018,2018-05-30,"Annie, Jenny, Eva","TM2","lower","8.0",NA,NA,NA,"red",NA,NA,NA,NA,NA,NA,NA,NA,NA,"X",NA,NA,NA,NA,NA,NA,NA,NA,NA,NA,NA,NA,NA,NA
NA,NA,2018,2018-05-30,"Annie, Jenny, Eva","TM2","lower","8.0",NA,NA,NA,"red",NA,NA,NA,NA,NA,NA,NA,NA,NA,"X",NA,NA,NA,NA,NA,NA,NA,NA,NA,NA,NA,NA,NA,NA
NA,NA,2018,2018-05-30,"Annie, Jenny, Eva","TM2","lower","8.0",NA,NA,NA,"red",NA,NA,NA,NA,NA,NA,NA,NA,NA,"X",NA,NA,NA,NA,NA,NA,NA,NA,NA,NA,NA,NA,NA,NA
NA,NA,2018,2018-05-30,"Annie, Jenny, Eva","TM2","lower","8.0",NA,NA,NA,"ylw","white",NA,NA,NA,NA,NA,"<1","18.7",NA,"P","0.0","2.0",NA,NA,NA,NA,"no",NA,NA,NA,NA,NA,NA,0.5
NA,NA,2018,2018-05-30,"Annie, Jenny, Eva","TM2","lower","8.5",NA,NA,NA,"red",NA,NA,NA,NA,NA,NA,NA,NA,NA,"X",NA,NA,NA,NA,NA,NA,NA,NA,NA,NA,NA,NA,NA,NA
NA,NA,2018,2018-05-30,"Annie, Jenny, Eva","TM2","lower","8.5",NA,NA,NA,"red",NA,NA,NA,NA,NA,NA,NA,NA,NA,"X",NA,NA,NA,NA,NA,NA,NA,NA,NA,NA,NA,NA,NA,NA
NA,NA,2018,2018-05-30,"Annie, Jenny, Eva","TM2","lower","8.5",NA,NA,NA,"red","white",NA,NA,NA,NA,NA,"<1","9.7",NA,"P","0.0","1.0",NA,NA,NA,NA,"no",NA,NA,NA,NA,NA,NA,0.5
NA,NA,2018,2018-05-30,"Annie, Jenny, Eva","TM2","lower","8.5",NA,NA,NA,"red","blue",NA,NA,NA,NA,NA,"<1","9.9",NA,"P","0.0","0.0",NA,NA,NA,NA,"no",NA,NA,NA,NA,NA,"1 aborted fruit",0.5
NA,NA,2018,2018-05-30,"Annie, Jenny, Eva","TM2","lower","8.5",NA,NA,NA,"red","blue",NA,NA,NA,NA,NA,"<1","6.2",NA,"P","0.0","1.0",NA,NA,NA,NA,"no",NA,NA,NA,NA,NA,NA,0.5
NA,NA,2018,2018-05-30,"Annie, Jenny, Eva","TM2","lower","9.0",NA,NA,NA,"red",NA,NA,NA,NA,NA,NA,NA,NA,NA,"X",NA,NA,NA,NA,NA,NA,NA,NA,NA,NA,NA,NA,NA,NA
NA,NA,2018,2018-05-30,"Annie, Jenny, Eva","TM2","lower","9.0",NA,NA,NA,"red",NA,NA,NA,NA,NA,NA,NA,NA,NA,"X",NA,NA,NA,NA,NA,NA,NA,NA,NA,NA,NA,NA,NA,NA
NA,NA,2018,2018-05-30,"Annie, Jenny, Eva","TM2","lower","9.0",NA,NA,NA,"red",NA,NA,NA,NA,NA,NA,NA,NA,NA,"X",NA,NA,NA,NA,NA,NA,NA,NA,NA,NA,NA,NA,NA,NA
NA,NA,2018,2018-05-30,"Annie, Jenny, Eva","TM2","lower","9.0",NA,NA,NA,"red","blue",NA,NA,NA,NA,NA,"<1","11.3",NA,"P","0.0","3.0",NA,NA,NA,NA,"no",NA,NA,NA,NA,NA,"*2 of these are developing",0.5
NA,NA,2018,2018-05-30,"Annie, Jenny, Eva","TM2","lower","9.0",NA,NA,NA,"red","blue",NA,NA,NA,NA,NA,"<1","7.9",NA,"P","0.0","1.0",NA,NA,NA,NA,"no",NA,NA,NA,NA,NA,NA,0.5
NA,NA,2018,2018-05-30,"Annie, Jenny, Eva","TM2","lower","9.5",NA,NA,NA,NA,NA,NA,NA,NA,NA,NA,NA,NA,NA,NA,NA,NA,NA,NA,NA,NA,NA,NA,NA,NA,NA,NA,NA,NA
NA,NA,2018,2018-05-30,"Annie, Jenny, Eva","TM2","lower","10.0",NA,NA,NA,"red",NA,NA,NA,NA,NA,NA,"<1","4.4",NA,"B","0.0","0.0",NA,NA,NA,NA,"no",NA,NA,NA,NA,NA,NA,0.5
NA,NA,2018,2018-05-30,"Annie, Jenny, Eva","TM2","lower","10.0",NA,NA,NA,"blue","blue",NA,NA,NA,NA,NA,"<1","7.7",NA,"P","0.0","1.0",NA,NA,NA,NA,"no",NA,NA,NA,NA,NA,NA,0.5
NA,NA,2018,2018-05-30,"Annie, Jenny, Eva","TM2","lower","10.5",NA,NA,NA,"red",NA,NA,NA,NA,NA,NA,NA,NA,NA,"X",NA,NA,NA,NA,NA,NA,NA,NA,NA,NA,NA,NA,NA,NA
NA,NA,2018,2018-05-30,"Annie, Jenny, Eva","TM2","lower","10.5",NA,NA,NA,"red",NA,NA,NA,NA,NA,NA,NA,NA,NA,"X",NA,NA,NA,NA,NA,NA,NA,NA,NA,NA,NA,NA,NA,NA
NA,NA,2018,2018-05-30,"Annie, Jenny, Eva","TM2","lower","10.5",NA,NA,NA,"red",NA,NA,NA,NA,NA,NA,"<1","8.5",NA,"P","0.0","1.0",NA,NA,NA,NA,"no",NA,NA,NA,NA,NA,NA,0.5
NA,NA,2018,2018-05-30,"Annie, Jenny, Eva","TM2","lower","10.5",NA,NA,NA,"red","blue",NA,NA,NA,NA,NA,"<1","7.6",NA,"P","0.0","1.0",NA,NA,NA,NA,"no",NA,NA,NA,NA,NA,NA,0.5
NA,NA,2018,2018-05-30,"Annie, Jenny, Eva","TM2","lower","10.5",NA,NA,NA,"red","blue",NA,NA,NA,NA,NA,"<1","10.5",NA,"P","0.0","0.0",NA,NA,NA,NA,"no",NA,NA,NA,NA,NA,"1 aborted fruit",0.5
NA,NA,2018,2018-05-31,"Eva & Mimi","TM2","lower","15.5",NA,NA,NA,"ylw",NA,NA,NA,NA,NA,NA,NA,NA,NA,NA,NA,NA,NA,NA,NA,NA,NA,NA,NA,NA,NA,NA,"missing-dead last time",NA
NA,NA,2018,2018-05-31,"Eva & Mimi","TM2","lower","15.5",NA,NA,NA,"ylw","blue",NA,NA,NA,NA,NA,NA,NA,NA,"X",NA,NA,NA,NA,NA,NA,NA,NA,NA,NA,NA,NA,NA,NA
NA,NA,2018,2018-05-31,"Eva & Mimi","TM2","lower","15.5",NA,NA,NA,"ylw","blue",NA,NA,NA,NA,NA,"<1","9.9",NA,"P",NA,"1.0",NA,NA,NA,NA,"no",NA,NA,NA,NA,NA,NA,0.5
NA,NA,2018,2018-05-31,"Eva & Mimi","TM2","lower","15.5",NA,NA,NA,"ylw",NA,NA,NA,NA,NA,NA,NA,NA,NA,"X",NA,NA,NA,NA,NA,NA,NA,NA,NA,NA,NA,NA,NA,NA
NA,NA,2018,2018-05-31,"Eva & Mimi","TM2","lower","15.5",NA,NA,NA,"blue",NA,NA,NA,NA,NA,NA,NA,NA,NA,"X",NA,NA,NA,NA,NA,NA,NA,NA,NA,NA,NA,NA,NA,NA
NA,NA,2018,2018-05-31,"Eva & Mimi","TM2","lower","16.0",NA,NA,NA,"red",NA,NA,NA,NA,NA,NA,"<1","1.0",NA,"V",NA,NA,NA,NA,NA,"3","no",NA,NA,NA,NA,NA,NA,0.5
NA,NA,2018,2018-05-31,"Eva & Mimi","TM2","lower","16.0",NA,NA,NA,"red","blue",NA,NA,NA,NA,NA,"<1","10.2",NA,"P","0.0","1.0",NA,NA,NA,NA,"no",NA,NA,NA,NA,NA,NA,0.5
NA,NA,2018,2018-05-31,"Eva & Mimi","TM2","lower","16.0",NA,NA,NA,"red",NA,NA,NA,NA,NA,NA,NA,NA,NA,"X",NA,NA,NA,NA,NA,NA,NA,NA,NA,NA,NA,NA,NA,NA
NA,NA,2018,2018-05-31,"Eva & Mimi","TM2","lower","16.0","Y",NA,NA,"red","white",NA,NA,NA,17,12,"3.73","48.5",NA,"P",NA,"17.0",NA,NA,NA,NA,"no",NA,NA,NA,NA,NA,NA,3.73
NA,NA,2018,2018-05-31,"Eva & Mimi","TM2","lower","16.0",NA,NA,NA,"red","blue",NA,NA,NA,NA,NA,"<1","6.5",NA,"B","1 bud",NA,NA,NA,NA,NA,"no",NA,NA,NA,NA,NA,NA,0.5
NA,NA,2018,2018-05-31,"Eva & Mimi","TM2","lower","16.0",NA,NA,NA,"red",NA,NA,NA,NA,NA,NA,"~1","4.5",NA,"V",NA,NA,NA,NA,NA,"1.5","yes",NA,NA,NA,NA,NA,NA,0.5
NA,NA,2018,2018-05-31,"Eva & Mimi","TM2","lower","16.0",NA,NA,NA,"red","blue",NA,NA,NA,NA,NA,"<1","7.5",NA,"P",NA,"1.0",NA,NA,NA,NA,"no",NA,NA,NA,NA,NA,NA,0.5
NA,NA,2018,2018-05-31,"Eva & Mimi","TM2","lower","16.0",NA,NA,NA,"red",NA,NA,NA,NA,NA,NA,"<1","13.5",NA,"P",NA,"1.0",NA,NA,NA,NA,"no",NA,NA,NA,NA,NA,NA,0.5
NA,NA,2018,2018-05-31,"Eva & Mimi","TM2","lower","16.0",NA,NA,NA,"red","white",NA,NA,NA,NA,NA,"~1","18.0",NA,"P",NA,NA,NA,NA,NA,NA,"yes",NA,NA,NA,NA,NA,"2 new buds, lots of herbivory",0.5
NA,NA,2018,2018-05-31,"Eva & Mimi","TM2","lower","16.0",NA,NA,NA,"red",NA,NA,NA,NA,NA,NA,"<1","14.5",NA,"P","0.0","1.0",NA,NA,NA,NA,"no",NA,NA,NA,NA,NA,NA,0.5
NA,NA,2018,2018-05-31,"Eva & Mimi","TM2","lower","16.0",NA,NA,NA,"red","blue",NA,NA,NA,NA,NA,NA,NA,NA,"X",NA,NA,NA,NA,NA,NA,NA,NA,NA,NA,NA,NA,NA,NA
NA,NA,2018,2018-05-31,"Eva & Mimi","TM2","lower","16.0",NA,NA,NA,"red","white",NA,NA,NA,NA,NA,"<1","15.0",NA,"P",NA,"2.0",NA,NA,NA,NA,"no",NA,NA,NA,NA,NA,NA,0.5
NA,NA,2018,2018-05-31,"Eva & Mimi","TM2","lower","16.0",NA,NA,NA,"red",NA,NA,NA,NA,NA,NA,NA,NA,NA,"X",NA,NA,NA,NA,NA,NA,NA,NA,NA,NA,NA,NA,NA,NA
NA,NA,2018,2018-05-31,"Eva & Mimi","TM2","lower","16.0",NA,NA,NA,"red","white",NA,NA,NA,NA,NA,"<1","15.5",NA,"P",NA,"1.0",NA,NA,NA,NA,"no",NA,NA,NA,NA,NA,NA,0.5
NA,NA,2018,2018-05-31,"Eva & Mimi","TM2","lower","16.0",NA,NA,NA,"ylw","blue",NA,NA,NA,NA,NA,"<1","4.8",NA,"B","1 bud",NA,NA,NA,NA,NA,"no",NA,NA,NA,NA,NA,NA,0.5
NA,NA,2018,2018-05-31,"Eva & Mimi","TM2","lower","16.0",NA,NA,NA,"ylw","white",NA,NA,NA,NA,NA,"~1","35.5",NA,"P",NA,"4.0",NA,NA,NA,NA,"no",NA,NA,NA,NA,NA,NA,0.5
NA,NA,2018,2018-05-31,"Eva & Mimi","TM2","lower","16.0",NA,NA,NA,"ylw","white",NA,NA,NA,NA,NA,NA,NA,NA,"X",NA,NA,NA,NA,NA,NA,NA,NA,NA,NA,NA,NA,NA,NA
NA,NA,2018,2018-05-31,"Eva & Mimi","TM2","lower","16.0",NA,NA,NA,"ylw",NA,NA,NA,NA,NA,NA,NA,NA,NA,"X",NA,NA,NA,NA,NA,NA,NA,NA,NA,NA,NA,NA,NA,NA
NA,NA,2018,2018-05-31,"Eva & Mimi","TM2","lower","16.5",NA,NA,NA,"red","white",NA,NA,NA,NA,NA,NA,NA,NA,"X",NA,NA,NA,NA,NA,NA,NA,NA,NA,NA,NA,NA,NA,NA
NA,NA,2018,2018-05-31,"Eva & Mimi","TM2","lower","16.5",NA,NA,NA,"red",NA,NA,NA,NA,NA,NA,NA,NA,NA,"X",NA,NA,NA,NA,NA,NA,NA,NA,NA,NA,NA,NA,NA,NA
NA,NA,2018,2018-05-31,"Eva & Mimi","TM2","lower","16.5",NA,NA,NA,"red","blue",NA,NA,NA,NA,NA,"~1","29.5",NA,"P","0.0","2.0",NA,NA,NA,NA,"no",NA,NA,NA,NA,NA,NA,0.5
NA,NA,2018,2018-05-31,"Eva & Mimi","TM2","lower","16.5",NA,NA,NA,"grn","white",NA,NA,NA,NA,NA,"~1","24.1",NA,"P","0.0","2.0",NA,NA,NA,NA,"no",NA,NA,NA,NA,NA,NA,0.5
NA,NA,2018,2018-05-31,"Eva & Mimi","TM2","lower","17.0",NA,NA,NA,"red","blue",NA,NA,NA,NA,NA,"<1","9.0",NA,"P",NA,"1.0",NA,NA,NA,NA,NA,NA,NA,NA,NA,NA,NA,0.5
NA,NA,2018,2018-05-31,"Eva & Mimi","TM2","lower","17.0",NA,NA,NA,"red","blue",NA,NA,NA,NA,NA,"~1","20.0",NA,"P",NA,"2.0",NA,NA,NA,NA,"no",NA,NA,NA,NA,NA,NA,0.5
NA,NA,2018,2018-05-31,"Eva & Mimi","TM2","lower","17.0","Y",NA,NA,"red","red",NA,NA,NA,0,16,"3.8","38.5",NA,"P","0.0","20.0",NA,NA,NA,NA,"no",NA,NA,NA,NA,NA,NA,3.8
NA,NA,2018,2018-05-31,"Eva & Mimi","TM2","lower","17.0",NA,NA,NA,"red",NA,NA,NA,NA,NA,NA,NA,NA,NA,"X",NA,NA,NA,NA,NA,NA,NA,NA,NA,NA,NA,NA,NA,NA
NA,NA,2018,2018-05-31,"Eva & Mimi","TM2","lower","17.5",NA,NA,NA,"red",NA,NA,NA,NA,NA,NA,"~1","6.0",NA,"V",NA,NA,NA,NA,NA,"2","yes",NA,NA,NA,NA,NA,NA,0.5
NA,NA,2018,2018-05-31,"Eva & Mimi","TM2","lower","17.5",NA,NA,NA,"red","blue",NA,NA,NA,NA,NA,NA,NA,NA,"X",NA,NA,NA,NA,NA,NA,NA,NA,NA,NA,NA,NA,NA,NA
NA,NA,2018,2018-05-31,"Eva & Mimi","TM2","lower","17.5",NA,NA,NA,"red","red",NA,NA,NA,NA,NA,"~1","25.0",NA,"P",NA,"4.0",NA,NA,NA,NA,"no",NA,NA,NA,NA,NA,"broken stem",0.5
NA,NA,2018,2018-05-31,"Eva & Mimi","TM2","lower","17.5",NA,NA,NA,"red","blue",NA,NA,NA,NA,NA,"~1","26.0",NA,"F","1.0","2.0",NA,NA,NA,NA,"no",NA,NA,NA,NA,NA,NA,0.5
NA,NA,2018,2018-05-31,"Eva & Mimi","TM2","lower","17.5","Y",NA,NA,"red","white",NA,NA,NA,8,20,"3.17","39.0",NA,"P",NA,"12.0",NA,NA,NA,NA,"no",NA,NA,NA,NA,NA,"some siliques still forming",3.17
NA,NA,2018,2018-05-31,"Eva & Mimi","TM2","lower","17.5",NA,NA,NA,"red",NA,NA,NA,NA,NA,NA,NA,NA,NA,"X",NA,NA,NA,NA,NA,NA,NA,NA,NA,NA,NA,NA,NA,NA
NA,NA,2018,2018-05-31,"Eva & Mimi","TM2","lower","17.5",NA,NA,NA,"red",NA,NA,NA,NA,NA,NA,"~1","6.2",NA,"V",NA,NA,NA,NA,NA,"1.8","no",NA,NA,NA,NA,NA,NA,0.5
NA,NA,2018,2018-05-31,"Eva & Mimi","TM2","lower","17.5",NA,NA,NA,"red","white",NA,NA,NA,NA,NA,"<1","16.0",NA,"P",NA,"1.0",NA,NA,NA,NA,"no",NA,NA,NA,NA,NA,NA,0.5
NA,NA,2018,2018-05-31,"Eva & Mimi","TM2","lower","17.5",NA,NA,NA,"red","white",NA,NA,NA,NA,NA,"~1","21.5",NA,"P",NA,"3.0",NA,NA,NA,NA,"no",NA,NA,NA,NA,NA,NA,0.5
NA,NA,2018,2018-05-31,"Eva & Mimi","TM2","lower","17.5",NA,NA,NA,"red","blue",NA,NA,NA,NA,NA,"~1","19.0",NA,"P","0.0","1.0",NA,NA,NA,NA,"no",NA,NA,NA,NA,NA,NA,0.5
NA,NA,2018,2018-05-31,"Eva & Mimi","TM2","lower","17.5",NA,NA,NA,"red",NA,NA,NA,NA,NA,NA,NA,NA,NA,"X",NA,NA,NA,NA,NA,NA,NA,NA,NA,NA,NA,NA,NA,NA
NA,NA,2018,2018-05-31,"Eva & Mimi","TM2","lower","17.5",NA,NA,NA,"Ylw","blue",NA,NA,NA,NA,NA,"~1","23.0",NA,"P",NA,"2.0",NA,NA,NA,NA,NA,NA,NA,NA,NA,NA,NA,0.5
NA,NA,2018,2018-05-31,"Eva & Mimi","TM2","lower","17.5",NA,NA,NA,"Ylw",NA,NA,NA,NA,NA,NA,"<1","13.0",NA,"P",NA,"1.0",NA,NA,NA,NA,"no",NA,NA,NA,NA,NA,NA,0.5
NA,NA,2018,2018-05-31,"Eva & Mimi","TM2","lower","17.5",NA,NA,NA,"blue",NA,NA,NA,NA,NA,NA,NA,NA,NA,"X",NA,NA,NA,NA,NA,NA,NA,NA,NA,NA,NA,NA,NA,NA
NA,NA,2018,2018-05-31,"Eva & Mimi","TM2","lower","17.5",NA,NA,NA,"blue",NA,NA,NA,NA,NA,NA,"<1","4.0",NA,"V",NA,NA,NA,NA,NA,"1.4","no",NA,NA,NA,NA,NA,NA,0.5
NA,NA,2018,2018-05-31,"Eva & Mimi","TM2","lower","18.0",NA,NA,NA,"red",NA,NA,NA,NA,NA,NA,NA,NA,NA,"X",NA,NA,NA,NA,NA,NA,NA,NA,NA,NA,NA,NA,NA,NA
NA,NA,2018,2018-05-31,"Eva & Mimi","TM2","lower","18.0",NA,NA,NA,"red",NA,NA,NA,NA,NA,NA,NA,NA,NA,"X",NA,NA,NA,NA,NA,NA,NA,NA,NA,NA,NA,NA,NA,NA
NA,NA,2018,2018-05-31,"Eva & Mimi","TM2","lower","18.0",NA,NA,NA,"red",NA,NA,NA,NA,NA,NA,NA,NA,NA,"X",NA,NA,NA,NA,NA,NA,NA,NA,NA,NA,NA,NA,NA,NA
NA,NA,2018,2018-05-31,"Eva & Mimi","TM2","lower","18.5",NA,NA,NA,"red","white",NA,NA,NA,NA,NA,"~1","26.5",NA,"P","0.0","4.0",NA,NA,NA,NA,"no",NA,NA,NA,NA,NA,NA,0.5
NA,NA,2018,2018-05-31,"Eva & Mimi","TM2","lower","18.5",NA,NA,NA,"red",NA,NA,NA,NA,NA,NA,"<1","4.0",NA,"B","2 buds",NA,NA,NA,NA,NA,"no",NA,NA,NA,NA,NA,NA,0.5
NA,NA,2018,2018-05-31,"Eva & Mimi","TM2","lower","18.5",NA,NA,NA,"Ylw",NA,NA,NA,NA,NA,NA,NA,NA,NA,"X",NA,NA,NA,NA,NA,NA,NA,NA,NA,NA,NA,NA,NA,NA
NA,NA,2018,2018-05-31,"Eva & Mimi","TM2","lower","18.5",NA,NA,NA,"Ylw",NA,NA,NA,NA,NA,NA,NA,NA,NA,"X",NA,NA,NA,NA,NA,NA,NA,NA,NA,NA,NA,NA,NA,NA
NA,NA,2018,2018-05-30,NA,"TM2","upper","6.0",NA,NA,NA,"unmarked","unmarked",NA,NA,NA,NA,NA,"<1","7.2",NA,"P",NA,"1.0",NA,NA,NA,NA,"no",NA,NA,NA,NA,NA,"dying",0.5
NA,NA,2018,2018-05-30,NA,"TM2","lower","7.5",NA,NA,NA,"unmarked","unmarked",NA,NA,NA,NA,NA,"1.82","17.7",NA,"P",NA,"2.0",NA,NA,NA,NA,"no",NA,NA,NA,NA,NA,NA,1.82
NA,NA,2018,2018-05-30,NA,"TM2","lower","7.5",NA,NA,NA,"unmarked","unmarked",NA,NA,NA,NA,NA,"1.45","9.9",NA,"P",NA,"0.0",NA,NA,NA,NA,"no",NA,NA,NA,NA,NA,NA,1.45
NA,NA,2018,2018-05-30,NA,"TM2","lower","7.5",NA,NA,NA,"unmarked","unmarked",NA,NA,NA,NA,NA,"<1","2.4",NA,"V",NA,NA,NA,NA,NA,"4","no",NA,NA,NA,NA,NA,NA,0.5
NA,NA,2018,2018-05-30,NA,"TM2","lower","7.5",NA,NA,NA,"unmarked","unmarked",NA,NA,NA,NA,NA,"1.0","5.6",NA,"B","3 buds",NA,NA,NA,NA,NA,"yes",NA,NA,NA,NA,NA,"AMD",1
NA,NA,2019,2019-05-31,"Megan & Laura","TM2","lower","2.5",NA,NA,NA,"blu",NA,NA,NA,NA,NA,NA,"<1","1.4",NA,"V",NA,NA,NA,NA,NA,"0.3","N",NA,NA,NA,NA,NA,"TP was actually blue. Could not find green. LL=0.3m",0.5
NA,NA,2019,2019-05-31,"Megan & Laura","TM2","lower","3.0",NA,NA,NA,"ylw",NA,NA,NA,NA,NA,NA,NA,NA,NA,"X",NA,NA,NA,NA,NA,NA,NA,NA,NA,NA,NA,NA,NA,NA
NA,NA,2019,2019-05-31,"Megan & Laura","TM2","lower","3.0",NA,NA,NA,"ylw","grn",NA,NA,NA,16,13,"1.17","20.8",NA,"P","0.0","0.0",NA,NA,NA,NA,"Y",NA,NA,NA,NA,NA,"only small failed fruits",1.17
NA,NA,2019,2019-05-31,"Megan & Laura","TM2","lower","3.0",NA,NA,NA,"blk","grn",NA,"red",107,16,21,"3.88","52.8",NA,"P","13.0","16.0",76,NA,NA,NA,"Y",NA,NA,NA,NA,NA,NA,3.88
NA,NA,2019,2019-05-31,"Megan & Laura","TM2","lower","3.0",NA,NA,NA,"ylw",NA,NA,NA,NA,NA,NA,NA,NA,NA,"X",NA,NA,NA,NA,NA,NA,NA,NA,NA,NA,NA,NA,NA,NA
NA,NA,2019,2019-05-31,"Megan & Laura","TM2","lower","3.0",NA,NA,NA,"red","grn",NA,"red",49,36,16,"2.49","41.2",NA,"P","0.0","13.0",63,NA,NA,NA,"N",NA,NA,NA,NA,NA,NA,2.49
NA,NA,2019,2019-05-31,"Megan & Laura","TM2","lower","3.0",NA,NA,NA,"red","grn",NA,"red",104,36,18,"4.01","50.0",NA,"P","0.0","9.0",65,NA,NA,NA,"N",NA,NA,NA,NA,NA,NA,4.01
NA,NA,2019,2019-05-31,"Megan & Laura","TM2","lower","3.0",NA,NA,NA,"blk","grn",NA,"red",109,38,16,"2.03","39.5",NA,"P","2.0","4.0",29,NA,NA,NA,"Y",NA,NA,NA,NA,NA,"aphids",2.03
NA,NA,2019,2019-05-31,"Megan & Laura","TM2","lower","3.0",NA,NA,NA,"orange","ylw",NA,"red",51,12,8,"4.04","29.9",NA,"P","8.0","1.0",16,NA,NA,NA,"Y",NA,NA,NA,NA,NA,"aphids present",4.04
NA,NA,2019,2019-05-31,"Megan & Laura","TM2","lower","3.5",NA,NA,NA,"blu","grn",NA,"red",44,23,13,"2.9","17.4",NA,"P","0.0","0.0",NA,NA,NA,NA,"N",NA,NA,NA,NA,NA,"apical & leaf",2.9
NA,NA,2019,2019-05-31,"Megan & Laura","TM2","lower","3.5",NA,NA,NA,"blu","grn",NA,"red",55,26,13,"2.68","41.7",NA,"P","0.0","3.0",71,NA,NA,NA,"N",NA,NA,NA,NA,NA,NA,2.68
NA,NA,2019,2019-05-31,"Megan & Laura","TM2","lower","3.5",NA,NA,NA,"blu",NA,NA,"red",41,27,12,"2.48","40.0",NA,"P","0.0","4.0",68,NA,NA,NA,"N",NA,NA,NA,NA,NA,"no sword found",2.48
NA,NA,2019,2019-05-31,"Megan & Laura","TM2","lower","3.5",NA,NA,NA,"blu","grn",NA,"red",101,29,11,"2.76","39.1",NA,"P","0.0","6.0",68,NA,NA,NA,"N",NA,NA,NA,NA,NA,NA,2.76
NA,NA,2019,2019-05-31,"Megan & Laura","TM2","lower","3.5",NA,NA,NA,"ylw","grn",NA,NA,NA,NA,NA,NA,NA,NA,"X",NA,NA,NA,NA,NA,NA,NA,NA,NA,NA,NA,NA,NA,NA
NA,NA,2019,2019-05-31,"Megan & Laura","TM2","lower","3.5",NA,NA,NA,"blk","grn",NA,"red",27,24,6,"3.39","34.4",NA,"P","0.0","13.0",62,NA,NA,NA,"Y",NA,NA,NA,NA,NA,"foliar damage",3.39
NA,NA,2019,2019-05-31,"Megan & Laura","TM2","lower","3.5",NA,NA,NA,"orange","grn",NA,NA,NA,NA,NA,"1.43","26.8",NA,"P","0.0","2.0",51,NA,NA,NA,"N",NA,NA,NA,NA,NA,NA,1.43
NA,NA,2019,2019-05-31,"Megan & Laura","TM2","lower","4.0",NA,NA,NA,"blu","ylw",NA,NA,NA,NA,NA,NA,NA,NA,"X",NA,NA,NA,NA,NA,NA,"N",NA,NA,NA,NA,NA,NA,NA
NA,NA,2019,2019-05-31,"Megan & Laura","TM2","lower","4.0",NA,NA,NA,"ylw",NA,NA,NA,NA,NA,NA,"<1","5.1",NA,"F","1.0","0.0",NA,NA,NA,NA,"N",NA,NA,NA,NA,NA,NA,0.5
NA,NA,2019,2019-05-31,"Megan & Laura","TM2","lower","4.5",NA,NA,NA,"blu",NA,NA,NA,NA,NA,NA,NA,NA,NA,"X",NA,NA,NA,NA,NA,NA,NA,NA,NA,NA,NA,NA,NA,NA
NA,NA,2019,2019-05-31,"Megan & Laura","TM2","lower","4.5",NA,NA,NA,"grn","ylw",NA,NA,NA,NA,NA,NA,NA,NA,"X",NA,NA,NA,NA,NA,NA,NA,NA,NA,NA,NA,NA,"bioed w/o reproducing",NA
NA,NA,2019,2019-05-31,"Megan & Laura","TM2","lower","4.5",NA,NA,NA,"ylw",NA,NA,NA,NA,NA,NA,"1.05","13.2",NA,"F","1.0","0.0",NA,NA,NA,NA,"N",NA,NA,NA,NA,NA,NA,1.05
NA,NA,2019,2019-05-31,"Megan & Laura","TM2","lower","4.5",NA,NA,NA,"ylw",NA,NA,NA,NA,NA,NA,"1.32","8.7",NA,"P","1.0","1.0",11,NA,NA,NA,"N",NA,NA,NA,NA,NA,NA,1.32
NA,NA,2019,2019-05-31,"Megan & Laura","TM2","lower","4.5",NA,NA,NA,"red",NA,NA,NA,NA,NA,NA,NA,NA,NA,"X",NA,NA,NA,NA,NA,NA,NA,NA,NA,NA,NA,NA,NA,NA
NA,NA,2019,2019-05-31,"Megan & Laura","TM2","lower","5.0",NA,NA,NA,NA,NA,NA,"red",NA,42,20,NA,NA,NA,"X",NA,NA,NA,NA,NA,NA,NA,NA,NA,NA,NA,NA,"no toothpick",NA
NA,NA,2019,2019-05-31,"Megan & Laura","TM2","lower","5.0",NA,NA,NA,"blu",NA,NA,NA,NA,NA,NA,NA,NA,NA,"X",NA,NA,NA,NA,NA,NA,NA,NA,NA,NA,NA,NA,NA,NA
NA,NA,2019,2019-05-31,"Megan & Laura","TM2","lower","5.0",NA,NA,NA,"blu",NA,NA,NA,NA,NA,NA,NA,NA,NA,"X",NA,NA,NA,NA,NA,NA,NA,NA,NA,NA,NA,NA,NA,NA
NA,NA,2019,2019-05-31,"Megan & Laura","TM2","lower","5.0",NA,NA,NA,"blu",NA,NA,NA,NA,NA,NA,NA,NA,NA,"X",NA,NA,NA,NA,NA,NA,NA,NA,NA,NA,NA,NA,NA,NA
NA,NA,2019,2019-05-31,"Megan & Laura","TM2","lower","5.0",NA,NA,NA,NA,NA,NA,"red",NA,30,10,NA,NA,NA,"X",NA,NA,NA,NA,NA,NA,NA,NA,NA,NA,NA,NA,"no toothpick",NA
NA,NA,2019,2019-05-31,"Megan & Laura","TM2","lower","6.0",NA,NA,NA,"blu","grn",NA,NA,NA,NA,NA,"1.34","20.3",NA,"V",NA,NA,NA,NA,NA,"0.7","Y",NA,NA,NA,NA,NA,"apical, 0.7cm",1.34
NA,NA,2019,2019-05-31,"Megan & Laura","TM2","lower","6.0",NA,NA,NA,"red",NA,NA,NA,NA,NA,NA,NA,NA,NA,"X",NA,NA,NA,NA,NA,NA,NA,NA,NA,NA,NA,NA,NA,NA
NA,NA,2019,2019-05-31,"Megan & Laura","TM2","lower","6.0",NA,NA,NA,"red",NA,NA,NA,NA,NA,NA,"0.74","8.8",NA,"V",NA,NA,NA,NA,NA,"0.9","N",NA,NA,NA,NA,NA,"0.9cm",0.5
NA,NA,2019,2019-05-31,"Megan & Laura","TM2","lower","6.5",NA,NA,NA,"blu",NA,NA,NA,NA,NA,NA,"<1","6.3",NA,"F","1.0","0.0",NA,NA,NA,NA,"N",NA,NA,NA,NA,NA,NA,0.5
NA,NA,2019,2019-05-31,"Megan & Laura","TM2","lower","6.5",NA,NA,NA,"blu",NA,NA,NA,NA,NA,NA,"<1","8.2",NA,"F","1.0","0.0",NA,NA,NA,NA,"N",NA,NA,NA,NA,NA,"0.6cm",0.5
NA,NA,2019,2019-05-31,"Megan & Laura","TM2","lower","6.5",NA,NA,NA,"ylw",NA,NA,NA,NA,NA,NA,NA,NA,NA,"X",NA,NA,NA,NA,NA,NA,"N",NA,NA,NA,NA,NA,NA,NA
NA,NA,2019,2019-05-31,"Megan & Laura","TM2","lower","6.5",NA,NA,NA,"red","grn",NA,NA,NA,NA,NA,"<1","13.6",NA,"P","0.0","1.0",18,NA,NA,NA,"Y",NA,NA,NA,NA,NA,"apical",0.5
NA,NA,2019,2019-05-31,"Megan & Laura","TM2","lower","6.5",NA,NA,NA,"red",NA,NA,NA,NA,NA,NA,NA,NA,NA,"X",NA,NA,NA,NA,NA,NA,"N",NA,NA,NA,NA,NA,NA,NA
NA,NA,2019,2019-05-31,"Megan & Laura","TM2","lower","6.5",NA,NA,NA,"red",NA,NA,NA,NA,NA,NA,NA,NA,NA,"X",NA,NA,NA,NA,NA,NA,"N",NA,NA,NA,NA,NA,NA,NA
NA,NA,2019,2019-05-31,"Megan & Laura","TM2","lower","6.5",NA,NA,NA,"red","N",NA,NA,NA,NA,NA,"<1","6.9",NA,"F","1.0","0.0",NA,NA,NA,NA,"N",NA,NA,NA,NA,NA,NA,0.5
NA,NA,2019,2019-05-31,"Megan & Laura","TM2","lower","7.0",NA,NA,NA,"blu","grn",NA,NA,NA,NA,NA,"1.12","25.5",NA,"P","0.0","3.0",54,NA,NA,NA,"N",NA,NA,NA,NA,NA,NA,1.12
NA,NA,2019,2019-05-31,"Megan & Laura","TM2","lower","7.0",NA,NA,NA,"blu",NA,NA,NA,NA,NA,NA,"0.87","2.2",NA,"V",NA,NA,NA,NA,NA,"0.5","N",NA,NA,NA,NA,NA,"LL=0.5cm",0.5
NA,NA,2019,2019-05-31,"Megan & Laura","TM2","lower","7.0",NA,NA,NA,"ylw","blu",NA,NA,NA,NA,NA,"0.9","18.0",NA,"P","0.0","2.0",31,NA,NA,NA,"N",NA,NA,NA,NA,NA,NA,0.5
NA,NA,2019,2019-05-31,"Megan & Laura","TM2","lower","7.0",NA,NA,NA,"red",NA,NA,NA,NA,NA,NA,NA,NA,NA,"X",NA,NA,NA,NA,NA,NA,NA,NA,NA,NA,NA,NA,NA,NA
NA,NA,2019,2019-05-31,"Megan & Laura","TM2","lower","7.0",NA,NA,NA,"orange",NA,NA,NA,NA,NA,NA,"0.28","7.6",NA,"B",NA,NA,NA,NA,NA,NA,"Y",NA,NA,NA,NA,NA,"apical",0.5
NA,NA,2019,2019-05-31,"Megan & Laura","TM2","lower","7.5",NA,NA,NA,"blu",NA,NA,NA,NA,NA,NA,"0.23","3.3",NA,"V","0.0","0.0",NA,NA,NA,"0.2","N",NA,NA,NA,NA,NA,"LL=0.2cm",0.5
NA,NA,2019,2019-05-31,"Megan & Laura","TM2","lower","7.5",NA,NA,NA,"blu","ylw",NA,NA,NA,NA,NA,"0.42","8.5",NA,"F","1.0","0.0",NA,NA,NA,NA,"Y",NA,NA,NA,NA,NA,"foliar",0.5
NA,NA,2019,2019-05-31,"Megan & Laura","TM2","lower","7.5",NA,NA,NA,"blu","blu",NA,NA,NA,NA,NA,"0.58","7.0",NA,"P","0.0","0.0",NA,NA,NA,NA,"N",NA,NA,NA,NA,NA,"had flower that failed to set",0.5
NA,NA,2019,2019-05-31,"Megan & Laura","TM2","lower","7.5",NA,NA,NA,"blu",NA,NA,NA,NA,NA,NA,"0.32","6.0",NA,"B",NA,NA,NA,NA,NA,NA,"Y",NA,NA,NA,NA,NA,"foliar",0.5
NA,NA,2019,2019-05-31,"Megan & Laura","TM2","lower","7.5",NA,NA,NA,"blu","ylw",NA,NA,NA,NA,NA,"0.52","14.2",NA,"F","2.0","0.0",NA,NA,NA,NA,"Y",NA,NA,NA,NA,NA,"foliar",0.5
NA,NA,2019,2019-05-31,"Megan & Laura","TM2","lower","7.5",NA,NA,NA,"blu",NA,NA,NA,NA,NA,NA,"<1","3.6",NA,"V","0.0","0.0",NA,NA,NA,"0.6","N",NA,NA,NA,NA,NA,"LL=0.6cm",0.5
NA,NA,2019,2019-05-31,"Megan & Laura","TM2","lower","7.5",NA,NA,NA,"blu",NA,NA,NA,NA,NA,NA,"<1","3.2",NA,"V","0.0","0.0",NA,NA,NA,"1.0","N",NA,NA,NA,NA,NA,"LL=1.0cm",0.5
NA,NA,2019,2019-05-31,"Megan & Laura","TM2","lower","7.5",NA,NA,NA,"blu",NA,NA,NA,NA,NA,NA,"<1","2.6",NA,"B",NA,NA,NA,NA,NA,NA,"N",NA,NA,NA,NA,NA,NA,0.5
NA,NA,2019,2019-05-31,"Megan & Laura","TM2","lower","7.5",NA,NA,NA,"blu",NA,NA,NA,NA,NA,NA,NA,NA,NA,"X",NA,NA,NA,NA,NA,NA,NA,NA,NA,NA,NA,NA,NA,NA
NA,NA,2019,2019-05-31,"Megan & Laura","TM2","lower","7.5",NA,NA,NA,"blu",NA,NA,NA,NA,NA,NA,"<1","2.8",NA,"V",NA,NA,NA,NA,NA,"0.6","N",NA,NA,NA,NA,NA,"LL=0.6cm",0.5
NA,NA,2019,2019-05-31,"Megan & Laura","TM2","lower","7.5",NA,NA,NA,"blu",NA,NA,NA,NA,NA,NA,"<1","7.3",NA,"V",NA,NA,NA,NA,NA,"0.4","Y",NA,NA,NA,NA,NA,"foliar, LL=0.4cm",0.5
NA,NA,2019,2019-05-31,"Megan & Laura","TM2","lower","7.5",NA,NA,NA,"blu","blu",NA,NA,NA,NA,NA,"1.07","9.5",NA,"B",NA,NA,NA,NA,NA,NA,"Y",NA,NA,NA,NA,NA,"foliar",1.07
NA,NA,2019,2019-05-31,"Megan & Laura","TM2","lower","7.5",NA,NA,NA,"blu","grn",NA,NA,NA,NA,NA,"<1","10.0",NA,"B",NA,NA,NA,NA,NA,NA,"Y",NA,NA,NA,NA,NA,"foliar",0.5
NA,NA,2019,2019-05-31,"Megan & Laura","TM2","lower","7.5",NA,NA,NA,"blu",NA,NA,NA,NA,NA,NA,"<1","6.5",NA,"B",NA,NA,NA,NA,NA,NA,"N",NA,NA,NA,NA,NA,NA,0.5
NA,NA,2019,2019-05-31,"Megan & Laura","TM2","lower","7.5",NA,NA,NA,"blu",NA,NA,NA,NA,NA,NA,"<1","10.7",NA,"B",NA,NA,NA,NA,NA,NA,"N",NA,NA,NA,NA,NA,NA,0.5
NA,NA,2019,2019-05-31,"Megan & Laura","TM2","lower","7.5",NA,NA,NA,"blu","blu",NA,NA,NA,NA,NA,"<1","18.5",NA,"P","0.0","1.0",6,NA,NA,NA,"N",NA,NA,NA,NA,NA,NA,0.5
NA,NA,2019,2019-05-31,"Megan & Laura","TM2","lower","7.5",NA,NA,NA,"blu","blu",NA,NA,NA,NA,NA,NA,NA,NA,"X",NA,NA,NA,NA,NA,NA,NA,NA,NA,NA,NA,NA,NA,NA
NA,NA,2019,2019-05-31,"Megan & Laura","TM2","lower","7.5",NA,NA,NA,"blu","blu",NA,NA,NA,NA,NA,"1.25","24.5",NA,"B","0.0","0.0",NA,NA,NA,NA,"Y",NA,NA,NA,NA,NA,"foliar",1.25
NA,NA,2019,2019-05-31,"Megan & Laura","TM2","lower","7.5",NA,NA,NA,"blu",NA,NA,NA,NA,NA,NA,NA,NA,NA,"X",NA,NA,NA,NA,NA,NA,"Y",NA,NA,NA,NA,NA,"apical & leaf",NA
NA,NA,2019,2019-05-31,"Megan & Laura","TM2","lower","7.5",NA,NA,NA,"blu",NA,NA,NA,NA,NA,NA,"<1","5.0",NA,"V","0.0","0.0",NA,NA,NA,"0.9","Y",NA,NA,NA,NA,NA,"LL=0.9cm",0.5
NA,NA,2019,2019-05-31,"Megan & Laura","TM2","lower","7.5",NA,NA,NA,"blu","blu",NA,NA,NA,NA,NA,NA,NA,NA,"X",NA,NA,NA,NA,NA,NA,NA,NA,NA,NA,NA,NA,NA,NA
NA,NA,2019,2019-05-31,"Megan & Laura","TM2","lower","7.5",NA,NA,NA,"blu","blu",NA,NA,NA,NA,NA,"<1","6.5",NA,"P","0.0","0.0",NA,NA,NA,NA,"N",NA,NA,NA,NA,NA,"flowers failed to set",0.5
NA,NA,2019,2019-05-31,"Megan & Laura","TM2","lower","7.5",NA,NA,NA,"blu",NA,NA,NA,NA,NA,NA,"<1","23.0",NA,"P","3.0","1.0",8,NA,NA,NA,"Y",NA,NA,NA,NA,NA,"foliar",0.5
NA,NA,2019,2019-05-31,"Megan & Laura","TM2","lower","7.5",NA,NA,NA,"blu","grn",NA,NA,NA,NA,NA,"<1","23.5",NA,"P","0.0","1.0",45,NA,NA,NA,"N",NA,NA,NA,NA,NA,NA,0.5
NA,NA,2019,2019-05-31,"Megan & Laura","TM2","lower","7.5",NA,NA,NA,"blu","grn",NA,NA,NA,NA,NA,"<1","17.5",NA,"P","0.0","2.0",27,NA,NA,NA,"Y",NA,NA,NA,NA,NA,"foliar",0.5
NA,NA,2019,2019-05-31,"Megan & Laura","TM2","lower","7.5",NA,NA,NA,"blu","blu",NA,NA,NA,NA,NA,NA,NA,NA,"X",NA,NA,NA,NA,NA,NA,NA,NA,NA,NA,NA,NA,NA,NA
NA,NA,2019,2019-05-31,"Megan & Laura","TM2","lower","7.5",NA,NA,NA,"blu",NA,NA,NA,NA,NA,NA,"<1","11.5",NA,"P","0.0","1.0",19,NA,NA,NA,"Y",NA,NA,NA,NA,NA,"foliar",0.5
NA,NA,2019,2019-05-31,"Megan & Laura","TM2","lower","7.5",NA,NA,NA,"blu","blu",NA,NA,NA,NA,NA,NA,NA,NA,"X",NA,NA,NA,NA,NA,NA,NA,NA,NA,NA,NA,NA,NA,NA
NA,NA,2019,2019-05-31,"Megan & Laura","TM2","lower","7.5",NA,NA,NA,"blu","grn",NA,NA,NA,NA,NA,NA,NA,NA,"X",NA,NA,NA,NA,NA,NA,NA,NA,NA,NA,NA,NA,NA,NA
NA,NA,2019,2019-05-31,"Megan & Laura","TM2","lower","7.5",NA,NA,NA,"ylw",NA,NA,NA,NA,NA,NA,NA,NA,NA,"X",NA,NA,NA,NA,NA,NA,NA,NA,NA,NA,NA,NA,NA,NA
NA,NA,2019,2019-05-31,"Megan & Laura","TM2","lower","7.5",NA,NA,NA,"ylw",NA,NA,NA,NA,NA,NA,NA,NA,NA,"X",NA,NA,NA,NA,NA,NA,NA,NA,NA,NA,NA,NA,NA,NA
NA,NA,2019,2019-05-31,"Megan & Laura","TM2","lower","7.5",NA,NA,NA,"ylw",NA,NA,NA,NA,NA,NA,"<1","0.6",NA,"V",NA,NA,NA,NA,NA,"0.1","N",NA,NA,NA,NA,NA,"LL=0.1cm",0.5
NA,NA,2019,2019-05-31,"Megan & Laura","TM2","lower","7.5",NA,NA,NA,"ylw",NA,NA,NA,NA,NA,NA,"<1","2.3",NA,"V",NA,NA,NA,NA,NA,"0.4","N",NA,NA,NA,NA,NA,"LL=0.4cm",0.5
NA,NA,2019,2019-05-31,"Megan & Laura","TM2","lower","7.5",NA,NA,NA,"ylw",NA,NA,NA,NA,NA,NA,"<1","4.0",NA,"V",NA,NA,NA,NA,NA,"0.5","Y",NA,NA,NA,NA,NA,"foliar, LL=0.5cm",0.5
NA,NA,2019,2019-05-31,"Megan & Laura","TM2","lower","7.5",NA,NA,NA,"blk",NA,NA,NA,NA,NA,NA,"<1","4.5",NA,"B",NA,NA,NA,NA,NA,NA,"N",NA,NA,NA,NA,NA,NA,0.5
NA,NA,2019,2019-05-31,"Megan & Laura","TM2","lower","7.5",NA,NA,NA,"blk",NA,NA,NA,NA,NA,NA,"<1","3.7",NA,"V",NA,NA,NA,NA,NA,"0.3","N",NA,NA,NA,NA,NA,"LL=0.3cm",0.5
NA,NA,2019,2019-05-31,"Megan & Laura","TM2","lower","7.5",NA,NA,NA,"blk",NA,NA,NA,NA,NA,NA,NA,NA,NA,"X",NA,NA,NA,NA,NA,NA,NA,NA,NA,NA,NA,NA,NA,NA
NA,NA,2019,2019-05-31,"Megan & Laura","TM2","lower","7.5",NA,NA,NA,"blk","ylw",NA,NA,NA,NA,NA,"<1","17.5",NA,"P","0.0","0.0",NA,NA,NA,NA,"Y",NA,NA,NA,NA,NA,"foliar, unsuccessful fruit set",0.5
NA,NA,2019,2019-05-31,"Megan & Laura","TM2","lower","7.5",NA,NA,NA,"red",NA,NA,NA,NA,NA,NA,"<1","9.4",NA,"P","0.0","1.0",18,NA,NA,NA,"N",NA,NA,NA,NA,NA,NA,0.5
NA,NA,2019,2019-05-31,"Megan & Laura","TM2","lower","7.5",NA,NA,NA,"orange",NA,NA,NA,NA,NA,NA,"<1","7.0",NA,"V","0.0","0.0",NA,NA,NA,"0.3","Y",NA,NA,NA,NA,NA,"foliar, LL=0.3cm",0.5
NA,NA,2019,2019-05-31,"Megan & Laura","TM2","lower","8.0",NA,NA,NA,"blu",NA,NA,NA,NA,NA,NA,NA,NA,NA,"X",NA,NA,NA,NA,NA,NA,"N",NA,NA,NA,NA,NA,NA,NA
NA,NA,2019,2019-05-31,"Megan & Laura","TM2","lower","8.0",NA,NA,NA,"blu",NA,NA,NA,NA,NA,NA,"1.3","9.0",NA,"V","0.0","0.0",NA,NA,NA,"0.4","Y",NA,NA,NA,NA,NA,"foliar, LL=0.4cm",1.3
NA,NA,2019,2019-05-31,"Megan & Laura","TM2","lower","8.0",NA,NA,NA,"blu","ylw",NA,NA,NA,NA,NA,"<1","8.7",NA,"V","0.0","0.0",NA,NA,NA,"0.5","N",NA,NA,NA,NA,NA,"LL=0.5cm",0.5
NA,NA,2019,2019-05-31,"Megan & Laura","TM2","lower","8.0",NA,NA,NA,"blu","blu",NA,NA,NA,NA,NA,"<1","11.3",NA,"V","0.0","0.0",NA,NA,NA,"0.8","Y",NA,NA,NA,NA,NA,"foliar, LL=0.8cm",0.5
NA,NA,2019,2019-05-31,"Megan & Laura","TM2","lower","8.0",NA,NA,NA,"blu",NA,NA,NA,NA,NA,NA,"<1","7.2",NA,"P","0.0","0.0",NA,NA,NA,NA,"N",NA,NA,NA,NA,NA,"unsucc. repro.",0.5
NA,NA,2019,2019-05-31,"Megan & Laura","TM2","lower","8.0",NA,NA,NA,"blu",NA,NA,NA,NA,NA,NA,"<1","12.0",NA,"P","0.0","0.0",NA,NA,NA,NA,"Y",NA,NA,NA,NA,NA,"unsucc. Repro., foliar herb",0.5
NA,NA,2019,2019-05-31,"Megan & Laura","TM2","lower","8.0",NA,NA,NA,"blu",NA,NA,NA,NA,NA,NA,"<1","3.6",NA,"B",NA,NA,NA,NA,NA,NA,"N",NA,NA,NA,NA,NA,NA,0.5
NA,NA,2019,2019-05-31,"Megan & Laura","TM2","lower","8.0",NA,NA,NA,"ylw",NA,NA,NA,NA,NA,NA,"<1","5.4",NA,"V",NA,NA,NA,NA,NA,"0.3","Y",NA,NA,NA,NA,NA,"foliar, LL=0.3",0.5
NA,NA,2019,2019-05-31,"Megan & Laura","TM2","lower","8.0",NA,NA,NA,"blk",NA,NA,NA,NA,NA,NA,"<1","3.2",NA,"P","0.0","0.0",NA,NA,NA,NA,"N",NA,NA,NA,NA,NA,"unsucc. repro.",0.5
NA,NA,2019,2019-05-31,"Megan & Laura","TM2","lower","8.0",NA,NA,NA,"blk","grn",NA,NA,NA,NA,NA,"<1","11.0",NA,"P","0.0","2.0",15,NA,NA,NA,"Y",NA,NA,NA,NA,NA,"foliar",0.5
NA,NA,2019,2019-05-31,"Megan & Laura","TM2","lower","8.5",NA,NA,NA,"blu",NA,NA,NA,NA,NA,NA,NA,NA,NA,"X",NA,NA,NA,NA,NA,NA,"N",NA,NA,NA,NA,NA,NA,NA
NA,NA,2019,2019-05-31,"Megan & Laura","TM2","lower","8.5",NA,NA,NA,"blu","grn",NA,NA,NA,NA,NA,NA,NA,NA,"X",NA,NA,NA,NA,NA,NA,NA,NA,NA,NA,NA,NA,NA,NA
NA,NA,2019,2019-05-31,"Megan & Laura","TM2","lower","8.5",NA,NA,NA,"ylw",NA,NA,NA,NA,NA,NA,NA,NA,NA,"X",NA,NA,NA,NA,NA,NA,NA,NA,NA,NA,NA,NA,NA,NA
NA,NA,2019,2019-05-31,"Megan & Laura","TM2","lower","8.5",NA,NA,NA,"ylw",NA,NA,NA,NA,NA,NA,"<1","7.0",NA,"V",NA,NA,NA,NA,NA,"1.0","Y",NA,NA,NA,NA,NA,"foliar, LL=1cm",0.5
NA,NA,2019,2019-05-31,"Megan & Laura","TM2","lower","9.0",NA,NA,NA,"blu","blu",NA,NA,NA,NA,NA,NA,NA,NA,"X",NA,NA,NA,NA,NA,NA,NA,NA,NA,NA,NA,NA,NA,NA
NA,NA,2019,2019-05-31,"Megan & Laura","TM2","lower","9.5",NA,NA,NA,"blu",NA,NA,NA,NA,NA,NA,NA,NA,NA,"X",NA,NA,NA,NA,NA,NA,NA,NA,NA,NA,NA,NA,NA,NA
NA,NA,2019,2019-05-31,"Megan & Laura","TM2","lower","9.5",NA,NA,NA,"red","grn",NA,NA,NA,NA,NA,"<1","16.0",NA,"P","0.0","1.0",23,NA,NA,NA,"N",NA,NA,NA,NA,NA,NA,0.5
NA,NA,2019,2019-05-31,"Megan & Laura","TM2","lower","10.0",NA,NA,NA,"blu",NA,NA,NA,NA,NA,NA,NA,NA,NA,"X",NA,NA,NA,NA,NA,NA,NA,NA,NA,NA,NA,NA,NA,NA
NA,NA,2019,2019-05-31,"Megan & Laura","TM2","lower","10.0",NA,NA,NA,"blk","grn",NA,NA,NA,NA,NA,NA,NA,NA,"X",NA,NA,NA,NA,NA,NA,NA,NA,NA,NA,NA,NA,NA,NA
NA,NA,2019,2019-05-31,"Megan & Laura","TM2","lower","10.5",NA,NA,NA,"blu",NA,NA,NA,NA,NA,NA,NA,NA,NA,"X",NA,NA,NA,NA,NA,NA,NA,NA,NA,NA,NA,NA,NA,NA
NA,NA,2019,2019-05-31,"Megan & Laura","TM2","lower","11.0",NA,NA,NA,"blu",NA,NA,NA,NA,NA,NA,NA,NA,NA,"X",NA,NA,NA,NA,NA,NA,NA,NA,NA,NA,NA,NA,NA,NA
NA,NA,2019,2019-05-31,"Megan & Laura","TM2","lower","11.0",NA,NA,NA,"blu","grn",NA,"red",108,15,16,"1.6","23.2",NA,"P","0.0","2.0",35,NA,NA,NA,"N",NA,NA,NA,NA,NA,NA,1.6
NA,NA,2019,2019-05-31,"Megan & Laura","TM2","lower","11.0",NA,NA,NA,"blu","ylw",NA,NA,NA,NA,NA,"<1","6.7",NA,"V",NA,NA,NA,NA,NA,"0.4","N",NA,NA,NA,NA,NA,"LL=0.4cm",0.5
NA,NA,2019,2019-05-31,"Megan & Laura","TM2","lower","11.0",NA,NA,NA,"red",NA,NA,NA,NA,NA,NA,"<1","6.0",NA,"V",NA,NA,NA,NA,NA,"0.2","Y",NA,NA,NA,NA,NA,"foliar, LL=0.2cm",0.5
NA,NA,2019,2019-05-31,"Jenny & Elizabeth","TM2","lower","13.5",NA,NA,NA,"blu","grn",NA,NA,NA,NA,NA,"<1","18.6",NA,"P","0.0","1.0",3.9,NA,NA,NA,"N",NA,NA,NA,NA,NA,NA,0.5
NA,NA,2019,2019-05-31,"Jenny & Elizabeth","TM2","lower","13.5",NA,NA,NA,"blk","grn",NA,"red",64,39,5,"1.66","22.4",NA,"P","0.0","2.0",4.1,NA,NA,NA,"N",NA,NA,NA,NA,NA,NA,1.66
NA,NA,2019,2019-05-31,"Jenny & Elizabeth","TM2","lower","14.0",NA,NA,NA,"blu",NA,NA,NA,NA,NA,NA,NA,NA,NA,"X",NA,NA,NA,NA,NA,NA,NA,NA,NA,NA,NA,NA,NA,NA
NA,NA,2019,2019-05-31,"Jenny & Elizabeth","TM2","lower","14.0",NA,NA,NA,"blu",NA,NA,NA,NA,NA,NA,NA,NA,NA,"X",NA,NA,NA,NA,NA,NA,NA,NA,NA,NA,NA,NA,NA,NA
NA,NA,2019,2019-05-31,"Jenny & Elizabeth","TM2","lower","14.0",NA,NA,NA,"blu",NA,NA,NA,NA,NA,NA,NA,NA,NA,"X",NA,NA,NA,NA,NA,NA,NA,NA,NA,NA,NA,NA,NA,NA
NA,NA,2019,2019-05-31,"Jenny & Elizabeth","TM2","lower","14.0",NA,NA,NA,"blu",NA,NA,NA,NA,NA,NA,NA,NA,NA,"X",NA,NA,NA,NA,NA,NA,NA,NA,NA,NA,NA,NA,NA,NA
NA,NA,2019,2019-05-31,"Jenny & Elizabeth","TM2","lower","14.0",NA,NA,NA,"blu",NA,NA,NA,NA,NA,NA,NA,NA,NA,"X",NA,NA,NA,NA,NA,NA,NA,NA,NA,NA,NA,NA,NA,NA
NA,NA,2019,2019-05-31,"Jenny & Elizabeth","TM2","lower","14.0",NA,NA,NA,"ylw","ylw",NA,NA,NA,NA,NA,"1.06","15.9",NA,"F","0.0","0.0",0,NA,NA,NA,"Y",NA,NA,NA,NA,NA,"flowers absent (senesced), stem chomped",1.06
NA,NA,2019,2019-05-31,"Jenny & Elizabeth","TM2","lower","14.0",NA,NA,NA,"ylw",NA,NA,NA,NA,NA,NA,"1.37","25.9",NA,"F","0.0","0.0",0,NA,NA,NA,"Y",NA,NA,NA,NA,NA,"senesced, no flowers, leaf damage",1.37
NA,NA,2019,2019-05-31,"Jenny & Elizabeth","TM2","lower","14.5",NA,NA,NA,"blu","red",NA,NA,NA,NA,NA,NA,NA,NA,"X",NA,"1.0",4.9,NA,NA,NA,NA,NA,NA,NA,NA,NA,"senesced",NA
NA,NA,2019,2019-05-31,"Jenny & Elizabeth","TM2","lower","14.5",NA,NA,NA,"blu","grn",NA,NA,NA,NA,NA,NA,NA,NA,"X",NA,"2.0",4.3,NA,NA,NA,NA,NA,NA,NA,NA,NA,"senesced",NA
NA,NA,2019,2019-05-31,"Jenny & Elizabeth","TM2","lower","14.5",NA,NA,NA,"blu","red",NA,NA,NA,NA,NA,NA,NA,NA,"X",NA,"1.0",0.6,NA,NA,NA,NA,NA,NA,NA,NA,NA,"senesced",NA
NA,NA,2019,2019-05-31,"Jenny & Elizabeth","TM2","lower","14.5",NA,NA,NA,"blu","grn",NA,NA,NA,NA,NA,"1.22","24.2",NA,"P",NA,"1.0",0.9,NA,NA,NA,"N",NA,NA,NA,NA,NA,NA,1.22
NA,NA,2019,2019-05-31,"Jenny & Elizabeth","TM2","lower","14.5",NA,NA,NA,"blu","grn",NA,NA,NA,NA,NA,NA,NA,NA,"X",NA,"1.0",4.6,NA,NA,NA,NA,NA,NA,NA,NA,NA,"senesced",NA
NA,NA,2019,2019-05-31,"Jenny & Elizabeth","TM2","lower","14.5",NA,NA,NA,"blu","grn",NA,NA,NA,NA,NA,"<1","13.5",NA,"F","0.0","0.0",0,NA,NA,NA,"Y",NA,NA,NA,NA,NA,"flower senesced, no frt, herbivory on upper leaves",0.5
NA,NA,2019,2019-05-31,"Jenny & Elizabeth","TM2","lower","14.5",NA,NA,NA,"blu","grn",NA,NA,NA,NA,NA,"1.23","26.9",NA,"F","1.0","0.0",0,NA,NA,NA,"Y",NA,NA,NA,NA,NA,"leaf damage",1.23
NA,NA,2019,2019-05-31,"Jenny & Elizabeth","TM2","lower","14.5",NA,NA,NA,"blu","grn",NA,"red",84,40,12,"1.66","34.2",NA,"P","0.0","2.0",4.4,NA,NA,NA,"N",NA,NA,NA,NA,NA,NA,1.66
NA,NA,2019,2019-05-31,"Jenny & Elizabeth","TM2","lower","14.5",NA,NA,NA,"blu",NA,NA,NA,NA,NA,NA,"1.1","21.0",NA,"P","0.0","3.0",2.6,NA,NA,NA,"Y",NA,NA,NA,NA,NA,"fr herbivory. maybe grn sword, but many grn swords fell out nearby",1.1
NA,NA,2019,2019-05-31,"Jenny & Elizabeth","TM2","lower","14.5",NA,NA,NA,"blu","grn",NA,NA,NA,NA,NA,"<1","9.5",NA,"B","0.0","0.0",0,NA,NA,NA,"N",NA,NA,NA,NA,NA,NA,0.5
NA,NA,2019,2019-05-31,"Jenny & Elizabeth","TM2","lower","14.5",NA,NA,NA,"blu","grn",NA,NA,NA,NA,NA,"1.35","21.5",NA,"F","2.0","0.0",0,NA,NA,NA,"N",NA,NA,NA,NA,NA,NA,1.35
NA,NA,2019,2019-05-31,"Jenny & Elizabeth","TM2","lower","14.5",NA,NA,NA,"blu",NA,NA,NA,NA,NA,NA,NA,NA,NA,"X",NA,NA,NA,NA,NA,NA,NA,NA,NA,NA,NA,NA,"nothing alive near pick",NA
NA,NA,2019,2019-05-31,"Jenny & Elizabeth","TM2","lower","14.5",NA,NA,NA,"blu",NA,NA,NA,NA,NA,NA,"<1","10.1",NA,"F","0.0","1.0",2,NA,NA,NA,"N",NA,NA,NA,NA,NA,"blu swd out of ground nearby",0.5
NA,NA,2019,2019-05-31,"Jenny & Elizabeth","TM2","lower","14.5",NA,NA,NA,"blu","grn",NA,"red",83,17,14,"1.42","20.3",NA,"P","0.0","1.0",5.5,NA,NA,NA,"Y",NA,NA,NA,NA,NA,"leaf damage (herbivory)",1.42
NA,NA,2019,2019-05-31,"Jenny & Elizabeth","TM2","lower","14.5",NA,NA,NA,"blu","grn",NA,NA,NA,NA,NA,"1.35","27.8",NA,"P","0.0","1.0",3.5,NA,NA,NA,"N",NA,NA,NA,NA,NA,NA,1.35
NA,NA,2019,2019-05-31,"Jenny & Elizabeth","TM2","lower","14.5",NA,NA,NA,"blu","blu",NA,"red",62,9,20,"1.6","14.4",NA,"P","0.0","4.0",4.4,NA,NA,NA,"Y",NA,NA,NA,NA,NA,"leaf herbivory",1.6
NA,NA,2019,2019-05-31,"Jenny & Elizabeth","TM2","lower","14.5",NA,NA,NA,"blu",NA,NA,NA,NA,NA,NA,NA,NA,NA,"X",NA,NA,NA,NA,NA,NA,NA,NA,NA,NA,NA,NA,NA,NA
NA,NA,2019,2019-05-31,"Jenny & Elizabeth","TM2","lower","14.5",NA,NA,NA,"blu",NA,NA,NA,NA,NA,NA,NA,NA,NA,"X",NA,NA,NA,NA,NA,NA,NA,NA,NA,NA,NA,NA,NA,NA
NA,NA,2019,2019-05-31,"Jenny & Elizabeth","TM2","lower","14.5",NA,NA,NA,"ylw","grn",NA,NA,NA,NA,NA,NA,NA,NA,"X",NA,"1.0",1.7,NA,NA,NA,NA,NA,NA,NA,NA,NA,"senesced",NA
NA,NA,2019,2019-05-31,"Jenny & Elizabeth","TM2","lower","14.5",NA,NA,NA,"ylw","grn",NA,NA,NA,NA,NA,NA,NA,NA,"X",NA,NA,NA,NA,NA,NA,NA,NA,NA,NA,NA,NA,"senesced",NA
NA,NA,2019,2019-05-31,"Jenny & Elizabeth","TM2","lower","14.5",NA,NA,NA,"ylw","blu",NA,NA,NA,NA,NA,"<1","15.9",NA,"B","0.0","0.0",0,NA,NA,NA,"N",NA,NA,NA,NA,NA,NA,0.5
NA,NA,2019,2019-05-31,"Jenny & Elizabeth","TM2","lower","14.5",NA,NA,NA,"ylw","grn",NA,NA,NA,NA,NA,"1.21","20.9",NA,"B","0.0","0.0",0,NA,NA,NA,"Y",NA,NA,NA,NA,NA,"leaf damage, 2 blk hard frt structure",1.21
NA,NA,2019,2019-05-31,"Jenny & Elizabeth","TM2","lower","14.5",NA,NA,NA,"red","grn",NA,NA,NA,NA,NA,"<1","19.5",NA,"P","0.0","1.0",2.1,NA,NA,NA,"N",NA,NA,NA,NA,NA,NA,0.5
NA,NA,2019,2019-05-31,"Jenny & Elizabeth","TM2","lower","14.5",NA,NA,NA,"red",NA,NA,NA,NA,NA,NA,NA,NA,NA,"X",NA,NA,NA,NA,NA,NA,NA,NA,NA,NA,NA,NA,"senesced",NA
NA,NA,2019,2019-05-31,"Jenny & Elizabeth","TM2","lower","14.5",NA,NA,NA,"red",NA,NA,NA,NA,NA,NA,"1.34","16.1",NA,"B",NA,NA,NA,NA,NA,NA,"Y",NA,NA,NA,NA,NA,"lf damage",1.34
NA,NA,2019,2019-05-31,"Jenny & Elizabeth","TM2","lower","15.0",NA,NA,NA,"blu","grn",NA,NA,NA,NA,NA,"1.26","24.9",NA,"P","0.0","2.0",4.7,NA,NA,NA,NA,NA,NA,NA,NA,NA,NA,1.26
NA,NA,2019,2019-05-31,"Jenny & Elizabeth","TM2","lower","15.0",NA,NA,NA,"blu","grn",NA,NA,NA,NA,NA,NA,NA,NA,"X",NA,NA,NA,NA,NA,NA,NA,NA,NA,NA,NA,NA,NA,NA
NA,NA,2019,2019-05-31,"Jenny & Elizabeth","TM2","lower","15.0",NA,NA,NA,"blu","grn",NA,"red",89,12,21,"1.7","30.0",NA,"P","0.0","1.0",1.6,NA,NA,NA,"Y",NA,NA,NA,NA,NA,"mapped throughout, leaf damage",1.7
NA,NA,2019,2019-05-31,"Jenny & Elizabeth","TM2","lower","15.0",NA,NA,NA,"blu",NA,NA,NA,NA,NA,NA,NA,NA,NA,"X",NA,NA,NA,NA,NA,NA,NA,NA,NA,NA,NA,NA,NA,NA
NA,NA,2019,2019-05-31,"Jenny & Elizabeth","TM2","lower","15.0",NA,NA,NA,"blu",NA,NA,NA,NA,NA,NA,"1.04","14.2",NA,"F","1.0","0.0",NA,NA,NA,NA,"N",NA,NA,NA,NA,NA,NA,1.04
NA,NA,2019,2019-05-31,"Jenny & Elizabeth","TM2","lower","15.0",NA,NA,NA,"blu",NA,NA,NA,NA,NA,NA,NA,NA,NA,"X","0.0","0.0",NA,NA,NA,NA,"N",NA,NA,NA,NA,NA,NA,NA
NA,NA,2019,2019-05-31,"Jenny & Elizabeth","TM2","lower","15.0",NA,NA,NA,"blu",NA,NA,NA,NA,NA,NA,NA,NA,NA,"X",NA,NA,NA,NA,NA,NA,NA,NA,NA,NA,NA,NA,"no plant found, assumed dead",NA
NA,NA,2019,2019-05-31,"Jenny & Elizabeth","TM2","lower","15.0",NA,NA,NA,"blu","grn",NA,NA,NA,NA,NA,"1.17","22.2",NA,"F","0.0","0.0",NA,NA,NA,NA,"Y",NA,NA,NA,NA,NA,"leaf damage, flowers senesced",1.17
NA,NA,2019,2019-05-31,"Jenny & Elizabeth","TM2","lower","15.0",NA,NA,NA,"blu",NA,NA,NA,NA,NA,NA,"1.07","13.5",NA,"F","0.0","0.0",NA,NA,NA,NA,"Y",NA,NA,NA,NA,NA,"no swd, leaf damage, flowers senesced",1.07
NA,NA,2019,2019-05-31,"Jenny & Elizabeth","TM2","lower","15.0",NA,NA,NA,"blu","blu",NA,NA,NA,NA,NA,"<1","10.7",NA,"P","0.0","1.0",2.6,NA,NA,NA,"N",NA,NA,NA,NA,NA,NA,0.5
NA,NA,2019,2019-05-31,"Jenny & Elizabeth","TM2","lower","15.0",NA,NA,NA,"blu","ylw",NA,NA,NA,NA,NA,NA,NA,NA,"X",NA,"0.0",NA,NA,NA,NA,NA,NA,NA,NA,NA,NA,NA,NA
NA,NA,2019,2019-05-31,"Jenny & Elizabeth","TM2","lower","15.0",NA,NA,NA,"blu","grn",NA,NA,NA,NA,NA,"1.08","20.5",NA,"P","0.0","1.0",1.1,NA,NA,NA,"N",NA,NA,NA,NA,NA,NA,1.08
NA,NA,2019,2019-05-31,"Jenny & Elizabeth","TM2","lower","15.0",NA,NA,NA,"ylw","grn",NA,NA,NA,NA,NA,"<1","17.5",NA,"P","0.0","1.0",1.9,NA,NA,NA,"N",NA,NA,NA,NA,NA,NA,0.5
NA,NA,2019,2019-05-31,"Jenny & Elizabeth","TM2","lower","15.0",NA,NA,NA,"red",NA,NA,NA,NA,NA,NA,NA,NA,NA,NA,NA,NA,NA,NA,NA,NA,NA,NA,NA,NA,NA,NA,"on blank sheet, not missing",NA
NA,NA,2019,2019-05-31,"Jenny & Elizabeth","TM2","lower","15.5",NA,NA,NA,"blu","blu",NA,NA,NA,NA,NA,"1.13","15.6",NA,"P","0.0","1.0",4.6,NA,NA,NA,"N",NA,NA,NA,NA,NA,"seems like in 15 (15.3m)",1.13
NA,NA,2019,2019-05-31,"Jenny & Elizabeth","TM2","lower","15.5",NA,NA,NA,"blu","blu",NA,NA,NA,NA,NA,NA,NA,NA,"X","0.0","1.0",2.5,NA,NA,NA,NA,NA,NA,NA,NA,NA,"seems like in 15 (15.3m)",NA
NA,NA,2019,2019-05-31,"Jenny & Elizabeth","TM2","lower","15.5",NA,NA,NA,"blu","blu",NA,NA,NA,NA,NA,"<1","13.6",NA,"P","0.0","1.0",1.9,NA,NA,NA,"N",NA,NA,NA,NA,NA,NA,0.5
NA,NA,2019,2019-05-31,"Jenny & Elizabeth","TM2","lower","15.5",NA,NA,NA,"blu","grn",NA,NA,NA,NA,NA,NA,NA,NA,"X","0.0","1.0",2,NA,NA,NA,"N",NA,NA,NA,NA,NA,NA,NA
NA,NA,2019,2019-05-31,"Jenny & Elizabeth","TM2","lower","15.5",NA,NA,NA,"blk",NA,NA,NA,NA,NA,NA,NA,NA,NA,NA,NA,NA,NA,NA,NA,NA,NA,NA,NA,NA,NA,NA,"not found",NA
NA,NA,2019,2019-05-31,"Jenny & Elizabeth","TM2","lower","15.5",NA,NA,NA,"blk","grn",NA,NA,NA,NA,NA,"1.0","18.9",NA,"P","0.0","1.0",2.3,NA,NA,NA,"N",NA,NA,NA,NA,NA,NA,1
NA,NA,2019,2019-05-31,"Jenny & Elizabeth","TM2","lower","16.0",NA,NA,NA,"blu",NA,NA,NA,NA,NA,NA,"<1","2.7",NA,"V",NA,NA,NA,NA,NA,"1.0","Y",NA,NA,NA,NA,NA,"leaf damage, LL=1.0",0.5
NA,NA,2019,2019-05-31,"Jenny & Elizabeth","TM2","lower","16.0",NA,NA,NA,"blu","blu",NA,NA,NA,NA,NA,"<1","13.6",NA,"P","0.0","2.0",3,NA,NA,NA,"Y",NA,NA,NA,NA,NA,"leaf damage",0.5
NA,NA,2019,2019-05-31,"Jenny & Elizabeth","TM2","lower","16.0",NA,NA,NA,"blu","ylw",NA,NA,NA,NA,NA,NA,NA,NA,"X","0.0","1.0",1,NA,NA,NA,"N",NA,NA,NA,NA,NA,NA,NA
NA,NA,2019,2019-05-31,"Jenny & Elizabeth","TM2","lower","16.0",NA,NA,NA,"ylw",NA,NA,NA,NA,NA,NA,"1.1","9.4",NA,"P","0.0","1.0",3.6,NA,NA,NA,"N",NA,NA,NA,NA,NA,"no swd",1.1
NA,NA,2019,2019-05-31,"Jenny & Elizabeth","TM2","lower","16.0",NA,NA,NA,"ylw","blu",NA,NA,NA,NA,NA,"1.23","20.6",NA,"P","0.0","2.0",6,NA,NA,NA,"Y",NA,NA,NA,NA,NA,"leaf damage",1.23
NA,NA,2019,2019-05-31,"Jenny & Elizabeth","TM2","lower","16.0",NA,NA,NA,"red",NA,NA,NA,NA,NA,NA,NA,NA,NA,"X",NA,NA,NA,NA,NA,NA,NA,NA,NA,NA,NA,NA,NA,NA
NA,NA,2019,2019-05-31,"Jenny & Elizabeth","TM2","lower","16.0",NA,NA,NA,"orange","blu",NA,NA,NA,NA,NA,NA,NA,NA,"X",NA,NA,NA,NA,NA,NA,NA,NA,NA,NA,NA,NA,NA,NA
NA,NA,2019,2019-05-31,"Jenny & Elizabeth","TM2","lower","16.0",NA,NA,NA,NA,NA,NA,"red",NA,17,12,NA,NA,NA,NA,NA,NA,NA,NA,NA,NA,NA,NA,NA,NA,NA,NA,"couldn’t find",NA
NA,NA,2019,2019-05-31,"Jenny & Elizabeth","TM2","lower","16.5",NA,NA,NA,"blu",NA,NA,NA,NA,NA,NA,NA,NA,NA,"X",NA,NA,NA,NA,NA,NA,NA,NA,NA,NA,NA,NA,"(16.4-16.9) might be in 16.0",NA
NA,NA,2019,2019-05-31,"Jenny & Elizabeth","TM2","lower","16.5",NA,NA,NA,"blu","grn",NA,NA,NA,NA,NA,NA,NA,NA,"X","0.0","5.0",3.9,NA,NA,NA,"N",NA,NA,NA,NA,NA,"still had grn frts, but plant senesced",NA
NA,NA,2019,2019-05-31,"Jenny & Elizabeth","TM2","lower","16.5",NA,NA,NA,"ylw",NA,NA,NA,NA,NA,NA,"1.05","14.7",NA,"P","0.0","1.0",2.8,NA,NA,NA,"N",NA,NA,NA,NA,NA,"no swd, senescing",1.05
NA,NA,2019,2019-05-31,"Jenny & Elizabeth","TM2","lower","16.5",NA,NA,NA,"ylw",NA,NA,NA,NA,NA,NA,NA,NA,NA,"X",NA,NA,NA,NA,NA,NA,NA,NA,NA,NA,NA,NA,NA,NA
NA,NA,2019,2019-05-31,"Jenny & Elizabeth","TM2","lower","16.5",NA,NA,NA,"orange","ylw",NA,NA,NA,NA,NA,NA,NA,NA,"X",NA,NA,NA,NA,NA,NA,NA,NA,NA,NA,NA,NA,"senesced, no repro.",NA
NA,NA,2019,2019-05-31,"Jenny & Elizabeth","TM2","lower","17.0",NA,NA,NA,"orange",NA,NA,NA,NA,NA,NA,NA,NA,NA,"X",NA,NA,NA,NA,NA,NA,NA,NA,NA,NA,NA,NA,"(16.9-17.4m) senesced, no repro",NA
NA,NA,2019,2019-05-31,"Jenny & Elizabeth","TM2","lower","17.0",NA,NA,NA,"blu","blu",NA,NA,NA,NA,NA,NA,NA,NA,"X",NA,NA,NA,NA,NA,NA,NA,NA,NA,NA,NA,NA,"senesced, no repro.",NA
NA,NA,2019,2019-05-31,"Jenny & Elizabeth","TM2","lower","17.0",NA,NA,NA,"blu","blu",NA,NA,NA,NA,NA,"<1","15.4",NA,"P","0.0","2.0",3.6,NA,NA,NA,"N",NA,NA,NA,NA,NA,NA,0.5
NA,NA,2019,2019-05-31,"Jenny & Elizabeth","TM2","lower","17.0",NA,NA,NA,"blu","blu",NA,NA,NA,NA,NA,"<1","8.8",NA,"F","1.0","0.0",0,NA,NA,NA,"N",NA,NA,NA,NA,NA,NA,0.5
NA,NA,2019,2019-05-31,"Jenny & Elizabeth","TM2","lower","17.0",NA,NA,NA,"blu","blu",NA,NA,NA,NA,NA,"<1","8.9",NA,"P","1.0","1.0",1.9,NA,NA,NA,"N",NA,NA,NA,NA,NA,NA,0.5
NA,NA,2019,2019-05-31,"Jenny & Elizabeth","TM2","lower","17.0",NA,NA,NA,"blu",NA,NA,NA,NA,NA,NA,NA,NA,NA,"X",NA,NA,NA,NA,NA,NA,NA,NA,NA,NA,NA,NA,"senesced",NA
NA,NA,2019,2019-05-31,"Jenny & Elizabeth","TM2","lower","17.0",NA,NA,NA,"blu",NA,NA,NA,NA,NA,NA,"<1","11.9",NA,"P","0.0","1.0",3.5,NA,NA,NA,"N",NA,NA,NA,NA,NA,NA,0.5
NA,NA,2019,2019-05-31,"Jenny & Elizabeth","TM2","lower","17.0",NA,NA,NA,"blu",NA,NA,NA,NA,NA,NA,NA,NA,NA,NA,NA,NA,NA,NA,NA,NA,NA,NA,NA,NA,NA,NA,"did not find",NA
NA,NA,2019,2019-05-31,"Jenny & Elizabeth","TM2","lower","17.0",NA,NA,NA,"ylw","blu",NA,"red",79,18,14,"1.28","21.6",NA,"P","0.0","2.0",4,NA,NA,NA,"N",NA,NA,NA,NA,NA,"(16.9-17.4m)",1.28
NA,NA,2019,2019-05-31,"Jenny & Elizabeth","TM2","lower","17.0",NA,NA,NA,"ylw","blu",NA,NA,NA,NA,NA,"<1","10.6",NA,"P","0.0","1.0",1.5,NA,NA,NA,"N",NA,NA,NA,NA,NA,NA,0.5
NA,NA,2019,2019-05-31,"Jenny & Elizabeth","TM2","lower","17.0",NA,NA,NA,NA,NA,NA,"red",NA,8,20,NA,NA,NA,NA,NA,NA,NA,NA,NA,NA,NA,NA,NA,NA,NA,NA,"not found",NA
NA,NA,2019,2019-05-31,"Jenny & Elizabeth","TM2","lower","17.5",NA,NA,NA,"blu","blu",NA,NA,NA,NA,NA,"1.03","20.4",NA,"P","0.0","2.0",3.9,NA,NA,NA,"N",NA,NA,NA,NA,NA,"(17.4-17.9 meters)",1.03
NA,NA,2019,2019-05-31,"Jenny & Elizabeth","TM2","lower","17.5",NA,NA,NA,"blu","blu",NA,NA,NA,NA,NA,"<1","13.1",NA,"P","0.0","1.0",2.9,NA,NA,NA,"N",NA,NA,NA,NA,NA,"2 buds may become flowers",0.5
NA,NA,2019,2019-05-31,"Jenny & Elizabeth","TM2","lower","17.5",NA,NA,NA,"blu","blu",NA,NA,NA,NA,NA,"<1","8.6",NA,"P","0.0","1.0",0.6,NA,NA,NA,"N",NA,NA,NA,NA,NA,NA,0.5
NA,NA,2019,2019-05-31,"Jenny & Elizabeth","TM2","lower","17.5",NA,NA,NA,"blu",NA,NA,NA,NA,NA,NA,NA,NA,NA,"X",NA,NA,NA,NA,NA,NA,NA,NA,NA,NA,NA,NA,NA,NA
NA,NA,2019,2019-05-31,"Jenny & Elizabeth","TM2","lower","17.5",NA,NA,NA,"ylw","blu",NA,NA,NA,NA,NA,"<1","18.5",NA,"P","0.0","1.0",3.3,NA,NA,NA,"N",NA,NA,NA,NA,NA,NA,0.5
NA,NA,2019,2019-05-31,"Jenny & Elizabeth","TM2","lower","17.5",NA,NA,NA,"red","grn",NA,NA,NA,NA,NA,"1.03","17.7",NA,"P","0.0","1.0",3.9,NA,NA,NA,"N",NA,NA,NA,NA,NA,"maybe herbivory (chewing) on frt",1.03
NA,NA,2019,2019-05-31,"Jenny & Elizabeth","TM2","lower","18.0",NA,NA,NA,"blu",NA,NA,NA,NA,NA,NA,"<1","3.9",NA,"B","0.0","0.0",0,NA,NA,NA,"N",NA,NA,NA,NA,NA,"17.9-18.35 meters transect, plot",0.5
NA,NA,2019,2019-05-31,"Jenny & Elizabeth","TM2","lower","18.0",NA,NA,NA,"red",NA,NA,NA,NA,NA,NA,NA,NA,NA,"X",NA,NA,NA,NA,NA,NA,NA,NA,NA,NA,NA,NA,NA,NA
NA,NA,2019,2019-05-31,"Jenny & Elizabeth","TM2","lower","18.5",NA,NA,NA,"blu",NA,NA,NA,NA,NA,NA,"<1","5.8",NA,"B","0.0","0.0",0,NA,NA,NA,"N",NA,NA,NA,NA,NA,"probably wont reproduce, buds tiny",0.5
NA,NA,2019,2019-05-31,"Jenny & Elizabeth","TM2","lower","18.5",NA,NA,NA,"blu",NA,NA,NA,NA,NA,NA,"<1","4.8",NA,"B","0.0","0.0",0,NA,NA,NA,"N",NA,NA,NA,NA,NA,"probably wont reproduce",0.5
NA,NA,2019,2019-05-31,"Jenny & Elizabeth","TM2","lower","18.5",NA,NA,NA,"blu","blu",NA,NA,NA,NA,NA,"<1","10.8",NA,"P","0.0","3.0",3.5,NA,NA,NA,"N",NA,NA,NA,NA,NA,NA,0.5
NA,NA,2019,2019-05-31,"Jenny & Elizabeth","TM2","lower","18.5",NA,NA,NA,"blu",NA,NA,NA,NA,NA,NA,"<1","5.2",NA,"F","1.0","0.0",0,NA,NA,NA,"N",NA,NA,NA,NA,NA,NA,0.5
NA,NA,2019,2019-05-31,"Jenny & Elizabeth","TM2","lower","18.5",NA,NA,NA,"blu","blu",NA,NA,NA,NA,NA,"<1","10.8",NA,"P","0.0","1.0",3.6,NA,NA,NA,"N",NA,NA,NA,NA,NA,NA,0.5
NA,NA,2019,2019-05-31,"Jenny & Elizabeth","TM2","lower","18.5",NA,NA,NA,"blu",NA,NA,NA,NA,NA,NA,"<1","3.5",NA,"F","1.0","0.0",0,NA,NA,NA,"N",NA,NA,NA,NA,NA,"no swd",0.5
NA,NA,2019,2019-05-31,"Jenny & Elizabeth","TM2","lower","18.5",NA,NA,NA,"ylw","ylw",NA,NA,NA,NA,NA,"<1","13.6",NA,"P","0.0","1.0",1,NA,NA,NA,"N",NA,NA,NA,NA,NA,NA,0.5
NA,NA,2019,2019-05-31,"Jenny & Elizabeth","TM2","lower","18.5",NA,NA,NA,"ylw","blu",NA,NA,NA,NA,NA,"<1","15.1",NA,"P","0.0","1.0",4.2,NA,NA,NA,"N",NA,NA,NA,NA,NA,NA,0.5
NA,NA,2019,2019-05-31,"Jenny & Elizabeth","TM2","lower","18.5",NA,NA,NA,"ylw",NA,NA,NA,NA,NA,NA,"<1","3.4",NA,"B","0.0","0.0",0,NA,NA,NA,"N",NA,NA,NA,NA,NA,"probably wont reproduce, no swd",0.5
NA,NA,2019,2019-05-31,"Megan & Laura","TM2","lower","3.0",NA,NA,NA,"blk",NA,NA,NA,NA,NA,NA,NA,NA,NA,"X",NA,NA,NA,NA,NA,NA,NA,NA,NA,NA,NA,NA,NA,NA
NA,NA,2019,2019-05-31,"Megan & Laura","TM2","lower","6.5",NA,NA,NA,NA,NA,NA,NA,NA,NA,NA,"<1","6.2",NA,"V",NA,NA,NA,NA,NA,"1.1",NA,NA,NA,NA,NA,NA,"LL=1.1",0.5
NA,NA,2019,2019-05-31,"Megan & Laura","TM2","lower","7.5",NA,NA,NA,NA,NA,NA,NA,NA,NA,NA,"<1","2.0",NA,"V","0.0","0.0",NA,NA,NA,"0.2",NA,NA,NA,NA,NA,NA,"LL=0.2",0.5
NA,NA,2019,2019-05-31,"Megan & Laura","TM2","lower","7.5",NA,NA,NA,NA,NA,NA,NA,NA,NA,NA,"<1","1.9",NA,"V","0.0","0.0",NA,NA,NA,"0.2",NA,NA,NA,NA,NA,NA,"LL=0.2",0.5
NA,NA,2019,2019-05-31,"Megan & Laura","TM2","lower","7.5",NA,NA,NA,NA,NA,NA,NA,NA,NA,NA,"<1","3.0",NA,"V","0.0","0.0",NA,NA,NA,"0.5","Y",NA,NA,NA,NA,NA,"LL=0.5, foliar",0.5
NA,NA,2019,2019-05-31,"Megan & Laura","TM2","lower","7.5",NA,NA,NA,NA,NA,NA,NA,NA,NA,NA,"<1","4.5",NA,"V","0.0","0.0",NA,NA,NA,"0.5","Y",NA,NA,NA,NA,NA,"LL=0.5, foliar",0.5
NA,NA,2019,2019-05-31,"Megan & Laura","TM2","lower","7.5",NA,NA,NA,"blu",NA,NA,NA,NA,NA,NA,NA,NA,NA,"X",NA,NA,NA,NA,NA,NA,NA,NA,NA,NA,NA,NA,NA,NA
NA,NA,2019,2019-05-31,"Megan & Laura","TM2","lower","7.5",NA,NA,NA,"ylw",NA,NA,NA,NA,NA,NA,"<1","1.5",NA,"V","0.0","0.0",NA,NA,NA,"0.5","N",NA,NA,NA,NA,NA,"LL=0.5cm",0.5
NA,NA,2019,2019-05-31,"Megan & Laura","TM2","lower","9.0",NA,NA,NA,NA,NA,NA,NA,NA,NA,NA,"<1","7.0",NA,"V","0.0","0.0",NA,NA,NA,"0.3","Y",NA,NA,NA,NA,NA,"foliar, LL=0.3cm",0.5
NA,NA,2019,2019-05-31,"Megan & Laura","TM2","lower","10.0",NA,NA,NA,"blk","grn",NA,NA,NA,NA,NA,"1.13","18.5",NA,"P","0.0","1.0",43,NA,NA,NA,"Y",NA,NA,NA,NA,NA,"foliar",1.13
NA,NA,2019,2019-05-31,"Jenny & Elizabeth","TM2","lower","18.5",NA,NA,NA,NA,NA,NA,NA,NA,NA,NA,"<1","10.9",NA,"P","0.0","1.0",1.6,NA,NA,NA,"N",NA,NA,NA,NA,NA,"no pick, no swd",0.5
NA,NA,2019,2019-05-31,"Jenny & Elizabeth","TM2","lower","18.5",NA,NA,NA,NA,"grn",NA,NA,NA,NA,NA,"1.0","17.4",NA,"P","0.0","1.0",3.4,NA,NA,NA,"N",NA,NA,NA,NA,NA,"18.35 boundary for 18.5m tape off",1
NA,NA,2019,2019-05-31,"Jenny & Elizabeth","TM2","lower","16.5",NA,NA,NA,"orange","blu",NA,NA,NA,NA,NA,"1.05","13.2",NA,"P","0.0","1.0",4.5,NA,NA,NA,"N",NA,NA,NA,NA,NA,"not in main datasheet?",1.05
NA,NA,2019,2019-05-31,"Jenny & Elizabeth","TM2","lower","16.5",NA,NA,NA,"orange",NA,NA,"red",178,7,17,"1.65","30.2",NA,"P","0.0","3.0",6.6,NA,NA,NA,"N",NA,NA,NA,NA,NA,"no swd, not in main datasheet",1.65
NA,NA,2019,2019-05-31,"Jenny & Elizabeth","TM2","lower","16.5",NA,NA,NA,"ylw","grn",NA,"red",19,32,8,"1.61","21.9",NA,"P","0.0","3.0",6.4,NA,NA,NA,"N",NA,NA,NA,NA,NA,"not in datasheet",1.61
NA,NA,2019,2019-05-31,"Jenny & Elizabeth","TM2","lower","16.5",NA,NA,NA,NA,"grn",NA,NA,NA,NA,NA,NA,"broken",NA,"X","0.0","4.0",5.5,NA,NA,NA,NA,NA,NA,NA,NA,NA,"no pick, broken & senesced",NA
NA,NA,2019,2019-05-31,"Jenny & Elizabeth","TM2","lower","16.5",NA,NA,NA,"ylw",NA,NA,NA,NA,NA,NA,"<1","9.2",NA,"F","0.0","0.0",NA,NA,NA,NA,"N",NA,NA,NA,NA,NA,"not on datasheet, flowers have senesced",0.5
NA,NA,2019,2019-05-31,"Jenny & Elizabeth","TM2","lower","16.0",NA,NA,NA,NA,NA,NA,NA,NA,NA,NA,"<1","8.9",NA,"F","0.0","0.0",0,NA,NA,NA,"N",NA,NA,NA,NA,NA,"flower has senesced",0.5
NA,NA,2019,2019-05-31,"Jenny & Elizabeth","TM2","lower","16.0",NA,NA,NA,"orange",NA,NA,NA,NA,NA,NA,NA,NA,NA,"X",NA,NA,NA,NA,NA,NA,"N",NA,NA,NA,NA,NA,NA,NA
NA,NA,2019,2019-05-31,"Jenny & Elizabeth","TM2","lower","16.0",NA,NA,NA,"orange",NA,NA,NA,NA,NA,NA,"<1","6.1",NA,"F","0.0","0.0",NA,NA,NA,NA,"Y",NA,NA,NA,NA,NA,"flowers senesced, leaf damage",0.5
NA,NA,2019,2019-05-31,"Jenny & Elizabeth","TM2","lower","16.0",NA,NA,NA,"ylw",NA,NA,NA,NA,NA,NA,"<1","1.2",NA,"V",NA,NA,NA,NA,NA,"1.0","Y",NA,NA,NA,NA,NA,"no swd, stem damage, LL=1.0",0.5
NA,NA,2019,2019-05-31,"Jenny & Elizabeth","TM2","lower","15.5",NA,NA,NA,NA,NA,NA,NA,NA,NA,NA,"<1","17.7",NA,"B","0.0","0.0",NA,NA,NA,NA,"N",NA,NA,NA,NA,NA,"1 senesced flower",0.5
NA,NA,2019,2019-05-31,"Jenny & Elizabeth","TM2","lower","15.5",NA,NA,NA,NA,NA,NA,"red",163,6,19,"1.27","6.1",NA,"V",NA,NA,NA,NA,NA,"1.7","Y",NA,NA,NA,NA,NA,"leaf damage, LL=1.7",1.27
NA,NA,2019,2019-05-31,"Jenny & Elizabeth","TM2","lower","15.5",NA,NA,NA,"red","blu",NA,"red",3,2,2,"1.5","22.2",NA,"B","0.0","0.0",NA,NA,NA,NA,"Y",NA,NA,NA,NA,NA,"might be in plot 15 (15.3), leaf damage",1.5
NA,NA,2019,2019-05-31,"Jenny & Elizabeth","TM2","lower","15.0",NA,NA,NA,NA,NA,NA,NA,NA,NA,NA,"<1","20.1",NA,"F","0.0","0.0",NA,NA,NA,NA,"N",NA,NA,NA,NA,NA,"flowers senesced",0.5
NA,NA,2019,2019-05-31,"Jenny & Elizabeth","TM2","lower","15.0",NA,NA,NA,"red","grn",NA,NA,NA,NA,NA,NA,NA,NA,"X",NA,NA,NA,NA,NA,NA,"N",NA,NA,NA,NA,NA,NA,NA
NA,NA,2019,2019-05-31,"Jenny & Elizabeth","TM2","lower","15.0",NA,NA,NA,"red",NA,NA,NA,NA,NA,NA,NA,NA,NA,"X",NA,NA,NA,NA,NA,NA,"N",NA,NA,NA,NA,NA,NA,NA
NA,NA,2019,2019-05-31,"Jenny & Elizabeth","TM2","lower","15.0",NA,NA,NA,NA,NA,NA,"red",164,19,14,"1.63","15.7",NA,"P","0.0","2.0",2.6,NA,NA,NA,"Y",NA,NA,NA,NA,NA,"leaf & frt damage",1.63
NA,NA,2019,2019-05-31,"Jenny & Elizabeth","TM2","lower","15.0",NA,NA,NA,"red",NA,NA,NA,NA,NA,NA,"1.19","12.3",NA,"F","0.0","0.0",NA,NA,NA,NA,"Y",NA,NA,NA,NA,NA,"flowers senesced, leaf damage",1.19
NA,NA,2019,2019-05-31,"Jenny & Elizabeth","TM2","lower","15.0",NA,NA,NA,"blu","grn",NA,NA,NA,NA,NA,NA,NA,NA,"X","0.0","1.0",1.3,NA,NA,NA,NA,NA,NA,NA,NA,NA,"senesced",NA
NA,NA,2019,2019-05-31,"Jenny & Elizabeth","TM2","lower","15.0",NA,NA,NA,"blu",NA,NA,NA,NA,NA,NA,"1.04","24.7",NA,"P","0.0","1.0",2.2,NA,NA,NA,"Y",NA,NA,NA,NA,NA,"leaf damage",1.04
NA,NA,2019,2019-05-31,"Jenny & Elizabeth","TM2","lower","15.0",NA,NA,NA,"blu","grn",NA,"red",165,9,12,"1.44","27.9",NA,"F","0.0","0.0",NA,NA,NA,NA,"Y",NA,NA,NA,NA,NA,"flowers senesced, but not plant leaf",1.44
NA,NA,2019,2019-05-31,"Jenny & Elizabeth","TM2","lower","14.5",NA,NA,NA,NA,NA,NA,NA,NA,NA,NA,"<1","7.1",NA,"B",NA,NA,NA,NA,NA,NA,"N",NA,NA,NA,NA,NA,NA,0.5
NA,NA,2019,2019-05-31,"Jenny & Elizabeth","TM2","lower","14.5",NA,NA,NA,NA,NA,NA,NA,NA,NA,NA,"<1","24.6",NA,"F","1.0",NA,NA,NA,NA,NA,"N",NA,NA,NA,NA,NA,NA,0.5
NA,NA,2019,2019-05-31,"Jenny & Elizabeth","TM2","lower","14.5",NA,NA,NA,NA,NA,NA,NA,NA,NA,NA,"1.14","27.1",NA,"P","0.0","1.0",2.2,NA,NA,NA,"Y",NA,NA,NA,NA,NA,"leaf damage",1.14
NA,NA,2019,2019-05-31,"Jenny & Elizabeth","TM2","lower","14.5",NA,NA,NA,NA,"grn",NA,NA,NA,NA,NA,NA,NA,NA,"X",NA,"1.0",1.7,NA,NA,NA,"N",NA,NA,NA,NA,NA,"senesced",NA
NA,NA,2019,2019-05-31,"Jenny & Elizabeth","TM2","lower","14.5",NA,NA,NA,"ylw",NA,NA,NA,NA,NA,NA,"1.02","12.4",NA,"F",NA,NA,NA,NA,NA,NA,"Y",NA,NA,NA,NA,NA,"senesced flowers",1.02
NA,NA,2019,2019-05-31,"Jenny & Elizabeth","TM2","lower","14.0",NA,NA,NA,NA,NA,NA,NA,NA,NA,NA,NA,NA,NA,"X",NA,"2.0",1.9,NA,NA,NA,"N",NA,NA,NA,NA,NA,"senseced",NA
NA,NA,2019,2019-05-31,"Jenny & Elizabeth","TM2","lower","14.0",NA,NA,NA,NA,NA,NA,NA,NA,NA,NA,"<1","2.2",NA,"V",NA,NA,NA,NA,NA,"0.4","Y",NA,NA,NA,NA,NA,"LL=0.4cm, lf damage",0.5
NA,NA,2019,2019-05-31,NA,"TM2","upper","2.0",NA,NA,NA,"grn",NA,NA,NA,NA,NA,NA,NA,NA,NA,"X",NA,NA,NA,NA,NA,NA,NA,NA,NA,NA,NA,NA,NA,NA
NA,NA,2019,2019-05-31,NA,"TM2","upper","2.5",NA,NA,NA,"grn",NA,NA,NA,NA,NA,NA,"1.13","2.1",NA,"V",NA,NA,NA,NA,NA,"0.5","Y",NA,NA,NA,NA,NA,"0.5",1.13
NA,NA,2019,2019-05-31,NA,"TM2","upper","3.5",NA,NA,NA,"grn",NA,NA,NA,NA,NA,NA,NA,NA,NA,"X",NA,NA,NA,NA,NA,NA,NA,NA,NA,NA,NA,NA,NA,NA
NA,NA,2019,2019-05-31,"looks like it will die, one leaf hanging on","TM2","upper","4.5",NA,NA,NA,"grn","blu",NA,NA,NA,NA,NA,"1.2","5.1",NA,"P","0.0","0.0",NA,NA,NA,NA,"Y",NA,NA,NA,NA,NA,NA,1.2
NA,NA,2019,2019-05-31,"can't find","TM2","upper","4.5",NA,NA,NA,"grn",NA,NA,NA,NA,NA,NA,NA,NA,NA,NA,NA,NA,NA,NA,NA,NA,NA,NA,NA,NA,NA,NA,NA,NA
NA,NA,2019,2019-05-31,NA,"TM2","upper","4.5",NA,NA,NA,"red",NA,NA,NA,NA,NA,NA,"<1","5.8",NA,"B",NA,NA,NA,NA,NA,NA,"Y",NA,NA,NA,NA,NA,NA,0.5
NA,NA,2019,2019-05-31,NA,"TM2","upper","5.0",NA,NA,NA,"grn","blu",NA,NA,NA,NA,NA,NA,NA,NA,"X",NA,NA,NA,NA,NA,NA,NA,NA,NA,NA,NA,NA,NA,NA
NA,NA,2019,2019-05-31,NA,"TM2","upper","5.5",NA,NA,NA,"grn",NA,NA,NA,NA,NA,NA,NA,NA,NA,"X",NA,NA,NA,NA,NA,NA,NA,NA,NA,NA,NA,NA,NA,NA
NA,NA,2019,2019-05-31,NA,"TM2","upper","5.5",NA,NA,NA,"grn",NA,NA,NA,NA,NA,NA,"<1","5.2",NA,"B",NA,NA,NA,NA,NA,NA,"Y",NA,NA,NA,NA,NA,NA,0.5
NA,NA,2019,2019-05-31,NA,"TM2","upper","6.0",NA,NA,NA,NA,NA,NA,"red",NA,40,9,NA,NA,NA,"X",NA,NA,NA,NA,NA,NA,NA,NA,NA,NA,NA,NA,NA,NA
NA,NA,2019,2019-05-31,NA,"TM2","upper","6.5",NA,NA,NA,"grn",NA,NA,NA,NA,NA,NA,"<1","3.8",NA,"B",NA,NA,NA,NA,NA,NA,"Y",NA,NA,NA,NA,NA,NA,0.5
NA,NA,2019,2019-05-31,NA,"TM2","upper","6.5",NA,NA,NA,"grn",NA,NA,NA,NA,NA,NA,"<1","2.5",NA,"V",NA,NA,NA,NA,NA,"0.3","Y",NA,NA,NA,NA,NA,"0.3",0.5
NA,NA,2019,2019-05-31,NA,"TM2","upper","6.5",NA,NA,NA,NA,NA,NA,"red",NA,46,14,NA,NA,NA,"X",NA,NA,NA,NA,NA,NA,NA,NA,NA,NA,NA,NA,NA,NA
NA,NA,2019,2019-05-31,NA,"TM2","upper","7.0",NA,NA,NA,"ylw","ylw",NA,NA,NA,NA,NA,"<1","6.9",NA,"P","1.0","1.0",1.8,NA,NA,NA,"Y",NA,NA,NA,NA,NA,NA,0.5
NA,NA,2019,2019-05-31,NA,"TM2","upper","7.0",NA,NA,NA,"ylw","blu",NA,NA,NA,NA,NA,"1.06","15.1",NA,"P","0.0","3.0",2.7,NA,NA,NA,"Y",NA,NA,NA,NA,NA,NA,1.06
NA,NA,2019,2019-05-31,NA,"TM2","upper","7.0",NA,NA,NA,"ylw",NA,NA,NA,NA,NA,NA,NA,NA,NA,"X",NA,NA,NA,NA,NA,NA,NA,NA,NA,NA,NA,NA,NA,NA
NA,NA,2019,2019-05-31,NA,"TM2","upper","7.5",NA,NA,NA,"grn","ylw",NA,NA,NA,NA,NA,"1.06","6.1",NA,"P","0.0","1.0",0.4,NA,NA,NA,"N",NA,NA,NA,NA,NA,NA,1.06
NA,NA,2019,2019-05-31,NA,"TM2","upper","7.5",NA,NA,NA,"grn","ylw",NA,NA,NA,NA,NA,"<1","7.6",NA,"P","0.0","1.0",2.6,NA,NA,NA,"Y",NA,NA,NA,NA,NA,NA,0.5
NA,NA,2019,2019-05-31,NA,"TM2","upper","7.5",NA,NA,NA,"grn",NA,NA,NA,NA,NA,NA,NA,NA,NA,"X",NA,NA,NA,NA,NA,NA,NA,NA,NA,NA,NA,NA,NA,NA
NA,NA,2019,2019-05-31,NA,"TM2","upper","7.5",NA,NA,NA,"grn",NA,NA,NA,NA,NA,NA,"<1","1.8",NA,"V",NA,NA,NA,NA,NA,"0.4","Y",NA,NA,NA,NA,NA,"0.4",0.5
NA,NA,2019,2019-05-31,NA,"TM2","upper","7.5",NA,NA,NA,"ylw",NA,NA,NA,NA,NA,NA,NA,NA,NA,"X",NA,NA,NA,NA,NA,NA,NA,NA,NA,NA,NA,NA,NA,NA
NA,NA,2019,2019-05-31,NA,"TM2","upper","7.5",NA,NA,NA,NA,NA,NA,"red",NA,0,19,NA,NA,NA,"X",NA,NA,NA,NA,NA,NA,NA,NA,NA,NA,NA,NA,NA,NA
NA,NA,2019,2019-05-31,NA,"TM2","upper","7.5",NA,NA,NA,NA,NA,NA,"green",NA,27,4,NA,NA,NA,"X",NA,NA,NA,NA,NA,NA,NA,NA,NA,NA,NA,NA,NA,NA
NA,NA,2019,2019-05-31,NA,"TM2","upper","7.5",NA,NA,NA,NA,NA,NA,"red",NA,10,19,NA,NA,NA,"X",NA,NA,NA,NA,NA,NA,NA,NA,NA,NA,NA,NA,NA,NA
NA,NA,2019,2019-05-31,NA,"TM2","upper","8.0",NA,NA,NA,"grn",NA,NA,NA,NA,NA,NA,"<1","8.2",NA,"B",NA,NA,NA,NA,NA,NA,"N",NA,NA,NA,NA,NA,NA,0.5
NA,NA,2019,2019-05-31,NA,"TM2","upper","8.0",NA,NA,NA,"grn",NA,NA,NA,NA,NA,NA,"<1","4.1",NA,"V",NA,NA,NA,NA,NA,"0.3","Y",NA,NA,NA,NA,NA,"0.3",0.5
NA,NA,2019,2019-05-31,NA,"TM2","upper","8.0",NA,NA,NA,"grn",NA,NA,NA,NA,NA,NA,NA,NA,NA,"X",NA,NA,NA,NA,NA,NA,NA,NA,NA,NA,NA,NA,NA,NA
NA,NA,2019,2019-05-31,NA,"TM2","upper","8.0",NA,NA,NA,NA,NA,NA,"red",NA,40,5,NA,NA,NA,"X",NA,NA,NA,NA,NA,NA,NA,NA,NA,NA,NA,NA,NA,NA
NA,NA,2019,2019-05-31,NA,"TM2","upper","8.0",NA,NA,NA,NA,NA,NA,"red",NA,5,0,NA,NA,NA,"X",NA,NA,NA,NA,NA,NA,NA,NA,NA,NA,NA,NA,NA,NA
NA,NA,2019,2019-05-31,"very tiny silique","TM2","upper","8.5",NA,NA,NA,"grn","ylw",NA,NA,NA,NA,NA,"<1","4.9",NA,"P",NA,"1.0",0.1,NA,NA,NA,"Y",NA,NA,NA,NA,NA,NA,0.5
NA,NA,2019,2019-05-31,NA,"TM2","upper","8.5",NA,NA,NA,NA,NA,NA,"red",NA,7,10,NA,NA,NA,"X",NA,NA,NA,NA,NA,NA,"N",NA,NA,NA,NA,NA,NA,NA
NA,NA,2019,2019-05-31,"can't tell phen, very herbivorized, no repro structures","TM2","upper","9.0",NA,NA,NA,"grn",NA,NA,NA,NA,NA,NA,"<1","4.5",NA,NA,NA,NA,NA,NA,NA,NA,"Y",NA,NA,NA,NA,NA,NA,0.5
NA,NA,2019,2019-05-31,NA,"TM2","upper","9.0",NA,NA,NA,"grn","blu",NA,NA,NA,NA,NA,"<1","6.1",NA,"P","0.0","1.0",0.7,NA,NA,NA,"Y",NA,NA,NA,NA,NA,NA,0.5
NA,NA,2019,2019-05-31,NA,"TM2","upper","9.0",NA,NA,NA,"grn",NA,NA,NA,NA,NA,NA,"<1","4.8",NA,"V",NA,NA,NA,NA,NA,"0.3","Y",NA,NA,NA,NA,NA,"0.3",0.5
NA,NA,2019,2019-05-31,NA,"TM2","upper","9.0",NA,NA,NA,NA,NA,NA,"red",NA,30,0,NA,NA,NA,"X",NA,NA,NA,NA,NA,NA,"N",NA,NA,NA,NA,NA,NA,NA
NA,NA,2019,2019-05-31,NA,"TM2","upper","9.5",NA,NA,NA,"ylw","blu",NA,NA,NA,NA,NA,"<1","6.2",NA,"B",NA,NA,NA,NA,NA,NA,"Y",NA,NA,NA,NA,NA,NA,0.5
NA,NA,2019,2019-05-31,NA,"TM2","upper","9.5",NA,NA,NA,"blk","grn",NA,NA,NA,NA,NA,"<1","10.4",NA,"P",NA,"2.0",1.1,NA,NA,NA,"Y",NA,NA,NA,NA,NA,NA,0.5
NA,NA,2019,2019-05-31,NA,"TM2","upper","9.5",NA,NA,NA,NA,NA,NA,"red",NA,10,0,NA,NA,NA,"X",NA,NA,NA,NA,NA,NA,NA,NA,NA,NA,NA,NA,NA,NA
NA,NA,2019,2019-05-31,NA,"TM2","upper","9.5",NA,NA,NA,NA,NA,NA,"red",NA,0,0,NA,NA,NA,"X",NA,NA,NA,NA,NA,NA,NA,NA,NA,NA,NA,NA,NA,NA
NA,NA,2019,2019-05-31,NA,"TM2","upper","12.5",NA,NA,NA,"grn","ylw",NA,NA,NA,NA,NA,NA,NA,NA,"X",NA,NA,NA,NA,NA,NA,NA,NA,NA,NA,NA,NA,NA,NA
NA,NA,2019,2019-05-31,NA,"TM2","upper","13.0",NA,NA,NA,"grn","ylw",NA,NA,NA,NA,NA,"<1","9.2",NA,"P","0.0","1.0",0.5,NA,NA,NA,"Y",NA,NA,NA,NA,NA,NA,0.5
NA,NA,2019,2019-05-31,NA,"TM2","upper","13.5",NA,NA,NA,"red","blu",NA,NA,NA,NA,NA,NA,NA,NA,"X",NA,NA,NA,NA,NA,NA,NA,NA,NA,NA,NA,NA,NA,NA
NA,NA,2019,2019-05-31,NA,"TM2","upper","14.0",NA,NA,NA,"grn",NA,NA,NA,NA,NA,NA,NA,NA,NA,"X",NA,NA,NA,NA,NA,NA,NA,NA,NA,NA,NA,NA,NA,NA
NA,NA,2019,2019-05-31,"can't tell phen, probably P but very eaten","TM2","upper","15.0",NA,NA,NA,"grn",NA,NA,NA,NA,NA,NA,"<1","4.5",NA,NA,NA,NA,NA,NA,NA,NA,"Y",NA,NA,NA,NA,NA,NA,0.5
NA,NA,2019,2019-05-31,NA,"TM2","upper","15.0",NA,NA,NA,"grn",NA,NA,NA,NA,NA,NA,NA,NA,NA,"X",NA,NA,NA,NA,NA,NA,NA,NA,NA,NA,NA,NA,NA,NA
NA,NA,2019,2019-05-31,NA,"TM2","upper","1.5",NA,NA,NA,"grn",NA,NA,NA,NA,NA,NA,NA,NA,NA,"X",NA,NA,NA,NA,NA,NA,NA,NA,NA,NA,NA,NA,NA,NA
NA,NA,2019,2019-05-31,NA,"TM2","upper","4.5",NA,NA,NA,NA,NA,NA,NA,NA,NA,NA,"<1","9.5",NA,"B",NA,NA,NA,NA,NA,NA,"Y",NA,NA,NA,NA,NA,NA,0.5
NA,NA,2019,2019-05-31,NA,"TM2","upper","4.5",NA,NA,NA,NA,NA,NA,NA,NA,NA,NA,"<1","5.6",NA,"B",NA,NA,NA,NA,NA,NA,"Y",NA,NA,NA,NA,NA,NA,0.5
NA,NA,2019,2019-05-31,NA,"TM2","upper","6.0",NA,NA,NA,"grn",NA,NA,NA,NA,NA,NA,NA,NA,NA,"X",NA,NA,NA,NA,NA,NA,NA,NA,NA,NA,NA,NA,NA,NA
NA,NA,2019,2019-05-31,NA,"TM2","upper","6.0",NA,NA,NA,"grn",NA,NA,NA,NA,NA,NA,NA,NA,NA,"X",NA,NA,NA,NA,NA,NA,NA,NA,NA,NA,NA,NA,NA,NA
NA,NA,2019,2019-05-31,NA,"TM2","upper","6.0",NA,NA,NA,"grn",NA,NA,NA,NA,NA,NA,NA,NA,NA,"X",NA,NA,NA,NA,NA,NA,NA,NA,NA,NA,NA,NA,NA,NA
NA,NA,2019,2019-05-31,"can't tell phen, b/c herb dam","TM2","upper","10.0",NA,NA,NA,"blk",NA,NA,NA,NA,NA,NA,"<1","3.1",NA,NA,NA,NA,NA,NA,NA,NA,"Y",NA,NA,NA,NA,NA,NA,0.5
NA,NA,2019,2019-05-31,NA,"TM2","upper","12.0",NA,NA,NA,"grn",NA,NA,NA,NA,NA,NA,NA,NA,NA,"X",NA,NA,NA,NA,NA,NA,NA,NA,NA,NA,NA,NA,NA,NA
NA,NA,2019,2019-05-31,NA,"TM2","upper","14.5",NA,NA,NA,"grn",NA,NA,NA,NA,NA,NA,NA,NA,NA,"X",NA,NA,NA,NA,NA,NA,NA,NA,NA,NA,NA,NA,NA,NA
NA,NA,2019,2019-05-31,"Jenny, Elizabeth, & Laura","TM2","outcrop",NA,NA,NA,NA,NA,NA,NA,NA,11,NA,NA,NA,NA,NA,"X",NA,NA,NA,NA,NA,NA,NA,NA,NA,NA,NA,NA,NA,NA
NA,NA,2019,2019-05-31,"Jenny, Elizabeth, & Laura","TM2","outcrop",NA,NA,NA,NA,NA,NA,NA,NA,7,NA,NA,NA,NA,NA,"X",NA,NA,NA,NA,NA,NA,NA,NA,NA,NA,NA,NA,NA,NA
NA,NA,2019,2019-05-31,"Jenny, Elizabeth, & Laura","TM2","outcrop",NA,NA,NA,NA,NA,NA,NA,NA,17,NA,NA,NA,NA,NA,"X",NA,NA,NA,NA,NA,NA,NA,NA,NA,NA,NA,NA,NA,NA
NA,NA,2019,2019-05-31,"Jenny, Elizabeth, & Laura","TM2","outcrop",NA,NA,NA,NA,NA,NA,NA,"red",22,NA,NA,"9.86","85.2",NA,"P","0.0","127.0",9,NA,NA,NA,"Y",NA,NA,NA,NA,NA,"aphids, many siliques have dehisced, 22(new#127)",9.86
NA,NA,2019,2019-05-31,"Jenny, Elizabeth, & Laura","TM2","outcrop",NA,NA,NA,NA,NA,NA,NA,NA,27,NA,NA,NA,NA,NA,"X",NA,NA,NA,NA,NA,NA,NA,NA,NA,NA,NA,NA,NA,NA
NA,NA,2019,2019-05-31,"Jenny, Elizabeth, & Laura","TM2","outcrop",NA,NA,NA,NA,NA,NA,NA,NA,18,NA,NA,NA,NA,NA,NA,NA,NA,NA,NA,NA,NA,NA,NA,NA,NA,NA,NA,"weren't found",NA
NA,NA,2019,2019-05-31,"Jenny, Elizabeth, & Laura","TM2","outcrop",NA,NA,NA,NA,NA,NA,NA,NA,6,NA,NA,NA,NA,NA,NA,NA,NA,NA,NA,NA,NA,NA,NA,NA,NA,NA,NA,"weren't found",NA
NA,NA,2019,2019-05-31,"Jenny, Elizabeth, & Laura","TM2","outcrop",NA,NA,NA,NA,NA,NA,NA,NA,8,NA,NA,NA,NA,NA,"X",NA,NA,NA,NA,NA,NA,NA,NA,NA,NA,NA,NA,NA,NA
NA,NA,2019,2019-05-31,"Jenny, Elizabeth, & Laura","TM2","outcrop",NA,NA,NA,NA,NA,NA,NA,"red",21,NA,NA,"14.51","98.0",NA,"P","0.0","290.0",9.1,NA,NA,NA,"Y",NA,NA,NA,NA,NA,"aphids, 21(new#42)",14.51
NA,NA,2019,2019-05-31,"Jenny, Elizabeth, & Laura","TM2","outcrop",NA,NA,NA,NA,NA,NA,NA,NA,10,NA,NA,NA,NA,NA,"X",NA,NA,NA,NA,NA,NA,NA,NA,NA,NA,NA,NA,NA,NA
NA,NA,2019,2019-05-31,"Jenny, Elizabeth, & Laura","TM2","outcrop",NA,NA,NA,NA,NA,NA,NA,"red",25,NA,NA,"13.12","91.0",NA,"P","0.0","331.0",7.7,NA,NA,NA,"Y",NA,NA,NA,NA,NA,"aphids, 25(new#130)",13.12
NA,NA,2019,2019-05-31,"Jenny, Elizabeth, & Laura","TM2","outcrop",NA,NA,NA,NA,NA,NA,NA,NA,26,NA,NA,NA,NA,NA,"X",NA,NA,NA,NA,NA,NA,NA,NA,NA,NA,NA,NA,NA,NA
NA,NA,2019,2019-05-31,"Jenny, Elizabeth, & Laura","TM2","outcrop",NA,NA,NA,NA,NA,NA,NA,NA,23,NA,NA,NA,NA,NA,"X",NA,NA,NA,NA,NA,NA,NA,NA,NA,NA,NA,NA,NA,NA
NA,NA,2019,2019-05-31,"Jenny, Elizabeth, & Laura","TM2","outcrop",NA,NA,NA,NA,NA,NA,NA,NA,28,NA,NA,NA,NA,NA,"X",NA,NA,NA,NA,NA,NA,NA,NA,NA,NA,NA,NA,NA,NA
NA,NA,2019,2019-05-31,"Jenny, Elizabeth, & Laura","TM2","outcrop",NA,NA,NA,NA,NA,NA,NA,NA,9,NA,NA,NA,NA,NA,"X",NA,NA,NA,NA,NA,NA,NA,NA,NA,NA,NA,NA,NA,NA
NA,NA,2019,2019-05-31,"Jenny, Elizabeth, & Laura","TM2","outcrop",NA,NA,NA,NA,NA,NA,NA,NA,49,NA,NA,NA,NA,NA,"X",NA,NA,NA,NA,NA,NA,NA,NA,NA,NA,NA,NA,NA,NA
NA,NA,2019,2019-05-31,"Jenny, Elizabeth, & Laura","TM2","outcrop",NA,NA,NA,NA,NA,NA,NA,NA,46,NA,NA,NA,NA,NA,"X",NA,NA,NA,NA,NA,NA,NA,NA,NA,NA,NA,NA,NA,NA
NA,NA,2019,2019-05-31,"Jenny, Elizabeth, & Laura","TM2","outcrop",NA,NA,NA,NA,NA,NA,NA,NA,50,NA,NA,NA,NA,NA,"X",NA,NA,NA,NA,NA,NA,NA,NA,NA,NA,NA,NA,NA,NA
NA,NA,2019,2019-05-31,"Jenny, Elizabeth, & Laura","TM2","outcrop",NA,NA,NA,NA,NA,NA,NA,NA,47,NA,NA,NA,NA,NA,"X",NA,NA,NA,NA,NA,NA,NA,NA,NA,NA,NA,NA,NA,NA
NA,NA,2019,2019-05-31,"Jenny, Elizabeth, & Laura","TM2","outcrop",NA,NA,NA,NA,NA,NA,NA,NA,48,NA,NA,NA,NA,NA,"X",NA,NA,NA,NA,NA,NA,NA,NA,NA,NA,NA,NA,NA,NA
NA,NA,2019,2019-05-31,"Jenny, Elizabeth, & Laura","TM2","outcrop",NA,NA,NA,NA,NA,NA,NA,NA,45,NA,NA,NA,NA,NA,"X",NA,NA,NA,NA,NA,NA,NA,NA,NA,NA,NA,NA,NA,NA
NA,NA,2019,2019-05-31,"Jenny, Elizabeth, & Laura","TM2","outcrop",NA,NA,NA,NA,NA,NA,NA,NA,33,NA,NA,NA,NA,NA,"X",NA,NA,NA,NA,NA,NA,NA,NA,NA,NA,NA,NA,NA,NA
NA,NA,2019,2019-05-31,"Jenny, Elizabeth, & Laura","TM2","outcrop",NA,NA,NA,NA,NA,NA,NA,NA,34,NA,NA,NA,NA,NA,"X",NA,NA,NA,NA,NA,NA,NA,NA,NA,NA,NA,NA,NA,NA
NA,NA,2019,2019-05-31,"Jenny, Elizabeth, & Laura","TM2","outcrop",NA,NA,NA,NA,NA,NA,NA,NA,37,NA,NA,NA,NA,NA,"X",NA,NA,NA,NA,NA,NA,NA,NA,NA,NA,NA,NA,NA,NA
NA,NA,2019,2019-05-31,"Jenny, Elizabeth, & Laura","TM2","outcrop",NA,NA,NA,NA,NA,NA,NA,NA,43,NA,NA,NA,NA,NA,"X",NA,NA,NA,NA,NA,NA,NA,NA,NA,NA,NA,NA,NA,NA
NA,NA,2019,2019-05-31,"Jenny, Elizabeth, & Laura","TM2","outcrop",NA,NA,NA,NA,NA,NA,NA,NA,44,NA,NA,NA,NA,NA,"X",NA,NA,NA,NA,NA,NA,NA,NA,NA,NA,NA,NA,NA,NA
NA,NA,2019,2019-05-31,"Jenny, Elizabeth, & Laura","TM2","outcrop",NA,NA,NA,NA,NA,NA,NA,NA,40,NA,NA,NA,NA,NA,"X",NA,NA,NA,NA,NA,NA,NA,NA,NA,NA,NA,NA,NA,NA
NA,NA,2019,2019-05-31,"Jenny, Elizabeth, & Laura","TM2","outcrop",NA,NA,NA,NA,NA,NA,NA,NA,36,NA,NA,NA,NA,NA,"X",NA,NA,NA,NA,NA,NA,NA,NA,NA,NA,NA,NA,NA,NA
NA,NA,2019,2019-05-31,"Jenny, Elizabeth, & Laura","TM2","outcrop",NA,NA,NA,NA,NA,NA,NA,NA,41,NA,NA,NA,NA,NA,"X",NA,NA,NA,NA,NA,NA,NA,NA,NA,NA,NA,NA,NA,NA
NA,NA,2019,2019-05-31,"Jenny, Elizabeth, & Laura","TM2","outcrop",NA,NA,NA,NA,NA,NA,NA,NA,39,NA,NA,NA,NA,NA,"X",NA,NA,NA,NA,NA,NA,NA,NA,NA,NA,NA,NA,NA,NA
NA,NA,2019,2019-05-31,"Jenny, Elizabeth, & Laura","TM2","outcrop",NA,NA,NA,NA,NA,NA,NA,NA,42,NA,NA,NA,NA,NA,"X",NA,NA,NA,NA,NA,NA,NA,NA,NA,NA,NA,NA,NA,NA
NA,NA,2019,2019-05-31,"Eva & Niel","TM2","outcrop",NA,NA,NA,NA,NA,NA,NA,NA,11,NA,NA,NA,NA,NA,"X",NA,NA,NA,NA,NA,NA,NA,NA,NA,NA,NA,NA,NA,NA
NA,NA,2019,2019-05-31,"Eva & Niel","TM2","outcrop",NA,NA,NA,NA,NA,NA,NA,NA,7,NA,NA,NA,NA,NA,"X",NA,NA,NA,NA,NA,NA,NA,NA,NA,NA,NA,NA,NA,NA
NA,NA,2019,2019-05-31,"Eva & Niel","TM2","outcrop",NA,NA,NA,NA,NA,NA,NA,NA,17,NA,NA,NA,NA,NA,"X",NA,NA,NA,NA,NA,NA,NA,NA,NA,NA,NA,NA,NA,NA
NA,NA,2019,2019-05-31,"Eva & Niel","TM2","outcrop",NA,NA,NA,NA,NA,NA,NA,NA,22,NA,NA,NA,NA,NA,"X",NA,NA,NA,NA,NA,NA,NA,NA,NA,NA,NA,NA,NA,NA
NA,NA,2019,2019-05-31,"Eva & Niel","TM2","outcrop",NA,NA,NA,NA,NA,NA,NA,NA,27,NA,NA,NA,NA,NA,"X",NA,NA,NA,NA,NA,NA,NA,NA,NA,NA,NA,NA,NA,NA
NA,NA,2019,2019-05-31,"Eva & Niel","TM2","outcrop",NA,NA,NA,NA,NA,NA,NA,NA,18,NA,NA,NA,NA,NA,"X",NA,NA,NA,NA,NA,NA,NA,NA,NA,NA,NA,NA,NA,NA
NA,NA,2019,2019-05-31,"Eva & Niel","TM2","outcrop",NA,NA,NA,NA,NA,NA,NA,NA,6,NA,NA,NA,NA,NA,"X",NA,NA,NA,NA,NA,NA,NA,NA,NA,NA,NA,NA,NA,NA
NA,NA,2019,2019-05-31,"Eva & Niel","TM2","outcrop",NA,NA,NA,NA,NA,NA,NA,NA,8,NA,NA,NA,NA,NA,"X",NA,NA,NA,NA,NA,NA,NA,NA,NA,NA,NA,NA,NA,NA
NA,NA,2019,2019-05-31,"Eva & Niel","TM2","outcrop",NA,NA,NA,NA,NA,NA,NA,NA,21,NA,NA,NA,NA,NA,"X",NA,NA,NA,NA,NA,NA,NA,NA,NA,NA,NA,NA,NA,NA
NA,NA,2019,2019-05-31,"Eva & Niel","TM2","outcrop",NA,NA,NA,NA,NA,NA,NA,NA,10,NA,NA,NA,NA,NA,"X",NA,NA,NA,NA,NA,NA,NA,NA,NA,NA,NA,NA,NA,NA
NA,NA,2019,2019-05-31,"Eva & Niel","TM2","outcrop",NA,NA,NA,NA,NA,NA,NA,NA,25,NA,NA,NA,NA,NA,"X",NA,NA,NA,NA,NA,NA,NA,NA,NA,NA,NA,NA,NA,NA
NA,NA,2019,2019-05-31,"Eva & Niel","TM2","outcrop",NA,NA,NA,NA,NA,NA,NA,NA,26,NA,NA,NA,NA,NA,"X",NA,NA,NA,NA,NA,NA,NA,NA,NA,NA,NA,NA,NA,NA
NA,NA,2019,2019-05-31,"Eva & Niel","TM2","outcrop",NA,NA,NA,NA,NA,NA,NA,NA,23,NA,NA,NA,NA,NA,"X",NA,NA,NA,NA,NA,NA,NA,NA,NA,NA,NA,NA,NA,NA
NA,NA,2019,2019-05-31,"Eva & Niel","TM2","outcrop",NA,NA,NA,NA,NA,NA,NA,NA,28,NA,NA,NA,NA,NA,"X",NA,NA,NA,NA,NA,NA,NA,NA,NA,NA,NA,NA,NA,NA
NA,NA,2019,2019-05-31,"Eva & Niel","TM2","outcrop",NA,NA,NA,NA,NA,NA,NA,NA,9,NA,NA,NA,NA,NA,"X",NA,NA,NA,NA,NA,NA,NA,NA,NA,NA,NA,NA,NA,NA
NA,NA,2019,2019-05-31,"Eva & Niel","TM2","outcrop",NA,NA,NA,NA,NA,NA,NA,NA,166,NA,NA,"2.19","14.1",NA,"B","0.0","0.0",NA,NA,NA,NA,"N",NA,NA,NA,NA,NA,NA,2.19
NA,NA,2019,2019-05-31,"Eva & Niel","TM2","outcrop",NA,NA,NA,NA,NA,NA,NA,NA,170,NA,NA,"4.03","50.0",NA,"P","11.0","2.0",5.1,NA,NA,NA,"Y",NA,NA,NA,NA,NA,NA,4.03
NA,NA,2019,2019-05-31,"Eva & Niel","TM2","outcrop",NA,NA,NA,NA,NA,NA,NA,NA,78,NA,NA,"3.05","59.0",NA,"P","2.0","1.0",7.5,NA,NA,NA,"Y",NA,NA,NA,NA,NA,NA,3.05
NA,NA,2019,2019-05-31,"Eva & Niel","TM2","outcrop",NA,NA,NA,NA,NA,NA,NA,NA,12,NA,NA,"3.78","55.1",NA,"P","8.0","7.0",7.3,NA,NA,NA,"Y",NA,NA,NA,NA,NA,NA,3.78
NA,NA,2019,2019-05-31,"Eva & Niel","TM2","outcrop",NA,NA,NA,NA,NA,NA,NA,NA,162,NA,NA,"3.6","49.5",NA,"P","20.0","5.0",5.4,NA,NA,NA,"Y",NA,NA,NA,NA,NA,"apical damage",3.6
NA,NA,2019,2019-05-31,"Eva & Niel","TM2","outcrop",NA,NA,NA,NA,NA,NA,NA,NA,20,NA,NA,"5.66","69.7",NA,"P","46.0","27.0",6.3,NA,NA,NA,"Y",NA,NA,NA,NA,NA,NA,5.66
NA,NA,2019,2019-05-31,"Jenny & Elizabeth","TM2","outcrop",NA,NA,NA,NA,NA,NA,NA,NA,61,NA,NA,NA,NA,NA,"X",NA,NA,NA,NA,NA,NA,NA,NA,NA,NA,NA,NA,NA,NA
NA,NA,2019,2019-05-31,"Jenny & Elizabeth","TM2","outcrop",NA,NA,NA,NA,NA,NA,NA,NA,62,NA,NA,NA,NA,NA,"X",NA,NA,NA,NA,NA,NA,NA,NA,NA,NA,NA,NA,NA,NA
NA,NA,2019,2019-05-31,"Jenny & Elizabeth","TM2","outcrop",NA,NA,NA,NA,NA,NA,NA,NA,63,NA,NA,NA,NA,NA,"X",NA,NA,NA,NA,NA,NA,NA,NA,NA,NA,NA,NA,NA,NA
NA,NA,2019,2019-05-31,"Jenny & Elizabeth","TM2","outcrop",NA,NA,NA,NA,NA,NA,NA,NA,64,NA,NA,NA,NA,NA,"X",NA,NA,NA,NA,NA,NA,NA,NA,NA,NA,NA,NA,NA,NA
NA,NA,2019,2019-05-31,"Jenny & Elizabeth","TM2","outcrop",NA,NA,NA,NA,NA,NA,NA,NA,65,NA,NA,NA,NA,NA,"X",NA,NA,NA,NA,NA,NA,NA,NA,NA,NA,NA,NA,NA,NA
NA,NA,2019,2019-05-31,"Jenny & Elizabeth","TM2","outcrop",NA,NA,NA,NA,NA,NA,NA,NA,60,NA,NA,NA,NA,NA,"X",NA,NA,NA,NA,NA,NA,NA,NA,NA,NA,NA,NA,NA,NA
NA,NA,2019,2019-05-31,"Jenny & Elizabeth","TM2","outcrop",NA,NA,NA,NA,NA,NA,NA,NA,51,NA,NA,NA,NA,NA,"X",NA,NA,NA,NA,NA,NA,NA,NA,NA,NA,NA,NA,NA,NA
NA,NA,2019,2019-05-31,"Jenny & Elizabeth","TM2","outcrop",NA,NA,NA,NA,NA,NA,NA,NA,NA,NA,NA,NA,NA,NA,"X",NA,NA,NA,NA,NA,NA,NA,NA,NA,NA,NA,NA,NA,NA
NA,NA,2019,2019-05-31,"Jenny & Elizabeth","TM2","outcrop",NA,NA,NA,NA,NA,NA,NA,NA,16,NA,NA,NA,NA,NA,"X",NA,NA,NA,NA,NA,NA,NA,NA,NA,NA,NA,NA,NA,NA
NA,NA,2019,2019-05-31,"Jenny & Elizabeth","TM2","outcrop",NA,NA,NA,NA,NA,NA,NA,NA,13,NA,NA,NA,NA,NA,"X",NA,NA,NA,NA,NA,NA,NA,NA,NA,NA,NA,NA,NA,NA
NA,NA,2019,2019-05-31,"Jenny & Elizabeth","TM2","outcrop",NA,NA,NA,NA,NA,NA,NA,NA,14,NA,NA,NA,NA,NA,"X",NA,NA,NA,NA,NA,NA,NA,NA,NA,NA,NA,NA,NA,NA
NA,NA,2019,2019-05-31,"Jenny & Elizabeth","TM2","outcrop",NA,NA,NA,NA,NA,NA,NA,NA,12,NA,NA,NA,NA,NA,"X",NA,NA,NA,NA,NA,NA,NA,NA,NA,NA,NA,NA,NA,NA
NA,NA,2019,2019-05-31,"Jenny & Elizabeth","TM2","outcrop",NA,NA,NA,NA,NA,NA,NA,NA,57,NA,NA,NA,NA,NA,"X",NA,NA,NA,NA,NA,NA,NA,NA,NA,NA,NA,NA,NA,NA
NA,NA,2019,2019-05-31,"Jenny & Elizabeth","TM2","outcrop",NA,NA,NA,NA,NA,NA,NA,NA,58,NA,NA,NA,NA,NA,"X",NA,NA,NA,NA,NA,NA,NA,NA,NA,NA,NA,NA,NA,NA
NA,NA,2019,2019-05-31,"Jenny & Elizabeth","TM2","outcrop",NA,NA,NA,NA,NA,NA,NA,NA,29,NA,NA,NA,NA,NA,"X",NA,NA,NA,NA,NA,NA,NA,NA,NA,NA,NA,NA,NA,NA
NA,NA,2019,2019-05-31,"Jenny & Elizabeth","TM2","outcrop",NA,NA,NA,NA,NA,NA,NA,NA,30,NA,NA,NA,NA,NA,"X",NA,NA,NA,NA,NA,NA,NA,NA,NA,NA,NA,NA,NA,NA
NA,NA,2019,2019-05-31,"Jenny & Elizabeth","TM2","outcrop",NA,NA,NA,NA,NA,NA,NA,NA,24,NA,NA,NA,NA,NA,"X",NA,NA,NA,NA,NA,NA,NA,NA,NA,NA,NA,NA,NA,NA
NA,NA,2019,2019-05-31,"Jenny & Elizabeth","TM2","outcrop",NA,NA,NA,NA,NA,NA,NA,NA,20,NA,NA,NA,NA,NA,"X",NA,NA,NA,NA,NA,NA,NA,NA,NA,NA,NA,NA,NA,NA
NA,NA,2019,2019-05-31,"Jenny & Elizabeth","TM2","outcrop",NA,NA,NA,NA,NA,NA,NA,NA,15,NA,NA,NA,NA,NA,"X",NA,NA,NA,NA,NA,NA,NA,NA,NA,NA,NA,NA,NA,NA
NA,NA,2019,2019-05-31,"Jenny & Elizabeth","TM2","outcrop",NA,NA,NA,NA,NA,NA,NA,NA,31,NA,NA,NA,NA,NA,"X",NA,NA,NA,NA,NA,NA,NA,NA,NA,NA,NA,NA,NA,NA
NA,NA,2019,2019-05-31,"Jenny & Elizabeth","TM2","outcrop",NA,NA,NA,NA,NA,NA,NA,NA,52,NA,NA,NA,NA,NA,"X",NA,NA,NA,NA,NA,NA,NA,NA,NA,NA,NA,NA,NA,NA
NA,NA,2019,2019-05-31,"Jenny & Elizabeth","TM2","outcrop",NA,NA,NA,NA,NA,NA,NA,NA,3,NA,NA,NA,NA,NA,"X",NA,NA,NA,NA,NA,NA,NA,NA,NA,NA,NA,NA,NA,NA
NA,NA,2019,2019-05-31,"Jenny & Elizabeth","TM2","outcrop",NA,NA,NA,NA,NA,NA,NA,NA,2,NA,NA,NA,NA,NA,"X",NA,NA,NA,NA,NA,NA,NA,NA,NA,NA,NA,NA,NA,NA
NA,NA,2019,2019-05-31,"Jenny & Elizabeth","TM2","outcrop",NA,NA,NA,NA,NA,NA,NA,NA,4,NA,NA,NA,NA,NA,"X",NA,NA,NA,NA,NA,NA,NA,NA,NA,NA,NA,NA,NA,NA
NA,NA,2019,2019-05-31,"Jenny & Elizabeth","TM2","outcrop",NA,NA,NA,NA,NA,NA,NA,NA,1,NA,NA,NA,NA,NA,"X",NA,NA,NA,NA,NA,NA,NA,NA,NA,NA,NA,NA,NA,NA
NA,NA,2019,2019-05-31,"Jenny & Elizabeth","TM2","outcrop",NA,NA,NA,NA,NA,NA,NA,NA,32,NA,NA,NA,NA,NA,"X",NA,NA,NA,NA,NA,NA,NA,NA,NA,NA,NA,NA,NA,NA
NA,NA,2019,2019-05-31,"Jenny & Elizabeth","TM2","outcrop",NA,NA,NA,NA,NA,NA,NA,NA,53,NA,NA,NA,NA,NA,"X",NA,NA,NA,NA,NA,NA,NA,NA,NA,NA,NA,NA,NA,NA
NA,NA,2019,2019-05-31,"Jenny & Elizabeth","TM2","outcrop",NA,NA,NA,NA,NA,NA,NA,NA,54,NA,NA,NA,NA,NA,"X",NA,NA,NA,NA,NA,NA,NA,NA,NA,NA,NA,NA,NA,NA
NA,NA,2019,2019-05-31,"Jenny & Elizabeth","TM2","outcrop",NA,NA,NA,NA,NA,NA,NA,NA,55,NA,NA,NA,NA,NA,"X",NA,NA,NA,NA,NA,NA,NA,NA,NA,NA,NA,NA,NA,NA
NA,NA,2019,2019-05-31,"Laura & Megan","TM2","outcrop",NA,NA,NA,NA,NA,NA,NA,NA,118,NA,NA,"<1","5.9",NA,"V",NA,NA,NA,NA,NA,"0.1",NA,NA,NA,NA,NA,NA,"LL=0.1cm",0.5
NA,NA,2019,2019-05-31,"Laura & Megan","TM2","outcrop",NA,NA,NA,NA,NA,NA,NA,NA,124,NA,NA,"1.75","11.0",NA,"V",NA,NA,NA,NA,NA,"2.0",NA,NA,NA,NA,NA,NA,"LL=2.0cm",1.75
NA,NA,2019,2019-05-31,"Laura & Megan","TM2","outcrop",NA,NA,NA,NA,NA,NA,NA,NA,128,NA,NA,"1.48","8.4",NA,"V",NA,NA,NA,NA,NA,"2.1",NA,NA,NA,NA,NA,NA,"LL=2.1cm",1.48
NA,NA,2019,2019-05-31,"Laura & Megan","TM2","outcrop",NA,NA,NA,NA,NA,NA,NA,NA,26,NA,NA,"<1","12.5",NA,"V",NA,NA,NA,NA,NA,"3.0",NA,NA,NA,NA,NA,NA,"LL=3.0cm",0.5
NA,NA,2019,2019-05-31,"Laura & Megan","TM2","outcrop",NA,NA,NA,NA,NA,NA,NA,NA,136,NA,NA,"1.04","6.9",NA,"V",NA,NA,NA,NA,NA,"2.0",NA,NA,NA,NA,NA,NA,"LL=2.0cm",1.04
NA,NA,2019,2019-05-31,"Laura & Megan","TM2","outcrop",NA,NA,NA,NA,NA,NA,NA,NA,129,NA,NA,"<1","2.8",NA,"V",NA,NA,NA,NA,NA,"1.0",NA,NA,NA,NA,NA,NA,"LL=1.0cm",0.5
NA,NA,2019,2019-05-31,"Laura & Megan","TM2","outcrop",NA,NA,NA,NA,NA,NA,NA,NA,38,NA,NA,"<1","4.5",NA,"V",NA,NA,NA,NA,NA,"1.7",NA,NA,NA,NA,NA,NA,"LL=1.7cm",0.5
NA,NA,2019,2019-05-31,"Laura & Megan","TM2","outcrop",NA,NA,NA,NA,NA,NA,NA,NA,30,NA,NA,"<1","8.4",NA,"V",NA,NA,NA,NA,NA,"2.1",NA,NA,NA,NA,NA,NA,"LL=2.1cm",0.5
NA,NA,2019,2019-05-31,"Laura & Megan","TM2","outcrop",NA,NA,NA,NA,NA,NA,NA,NA,47,NA,NA,"<1","9.2",NA,"V",NA,NA,NA,NA,NA,"1.2",NA,NA,NA,NA,NA,NA,"LL=1.2cm",0.5
NA,NA,2019,2019-05-31,"Laura & Megan","TM2","outcrop",NA,NA,NA,NA,NA,NA,NA,NA,135,NA,NA,"<1","6.3",NA,"V",NA,NA,NA,NA,NA,"1.2",NA,NA,NA,NA,NA,NA,"LL=1.2cm",0.5
NA,NA,2019,2019-05-31,"Laura & Megan","TM2","outcrop",NA,NA,NA,NA,NA,NA,NA,NA,125,NA,NA,"<1","6.2",NA,"V",NA,NA,NA,NA,NA,"1.9",NA,NA,NA,NA,NA,NA,"LL=1.9cm",0.5
NA,NA,2019,2019-05-31,"Laura & Megan","TM2","outcrop",NA,NA,NA,NA,NA,NA,NA,NA,32,NA,NA,"<1","9.5",NA,"V",NA,NA,NA,NA,NA,"1.5",NA,NA,NA,NA,NA,NA,"LL=1.5cm",0.5
NA,NA,2019,2019-05-31,"Laura & Megan","TM2","outcrop",NA,NA,NA,NA,NA,NA,NA,NA,45,NA,NA,"<1","7.4",NA,"V",NA,NA,NA,NA,NA,"1.8",NA,NA,NA,NA,NA,NA,"LL=1.8cm",0.5
NA,NA,2019,2019-05-31,"Laura & Megan","TM2","outcrop",NA,NA,NA,NA,NA,NA,NA,NA,140,NA,NA,"<1","7.5",NA,"V",NA,NA,NA,NA,NA,"0.8",NA,NA,NA,NA,NA,NA,"LL=0.8cm",0.5
NA,NA,2019,2019-05-31,"Laura & Megan","TM2","outcrop",NA,NA,NA,NA,NA,NA,NA,NA,33,NA,NA,"<1","6.9",NA,"V",NA,NA,NA,NA,NA,"1.2",NA,NA,NA,NA,NA,NA,"LL=1.2cm",0.5
NA,NA,2019,2019-05-31,"Laura & Megan","TM2","outcrop",NA,NA,NA,NA,NA,NA,NA,NA,56,NA,NA,"<1","8.7",NA,"V",NA,NA,NA,NA,NA,"1.0",NA,NA,NA,NA,NA,NA,"LL=1.0cm",0.5
NA,NA,2019,2019-05-31,"Eva & Niel","TM2","seep",NA,NA,NA,NA,NA,NA,NA,NA,25,NA,NA,NA,NA,NA,"X",NA,NA,NA,NA,NA,NA,NA,NA,NA,NA,NA,NA,NA,NA
NA,NA,2019,2019-05-31,"Eva & Niel","TM2","seep",NA,NA,NA,NA,NA,NA,NA,NA,39,NA,NA,NA,NA,NA,"X",NA,NA,NA,NA,NA,NA,NA,NA,NA,NA,NA,NA,NA,NA
NA,NA,2019,2019-05-31,"Eva & Niel","TM2","seep",NA,NA,NA,NA,NA,NA,NA,NA,40,NA,NA,NA,NA,NA,"X",NA,NA,NA,NA,NA,NA,NA,NA,NA,NA,NA,NA,NA,NA
NA,NA,2019,2019-05-31,"Eva & Niel","TM2","seep",NA,NA,NA,NA,NA,NA,NA,NA,42,NA,NA,NA,NA,NA,"X",NA,NA,NA,NA,NA,NA,NA,NA,NA,NA,NA,NA,NA,NA
NA,NA,2019,2019-05-31,"Eva & Niel","TM2","seep",NA,NA,NA,NA,NA,NA,NA,NA,43,NA,NA,NA,NA,NA,"X",NA,NA,NA,NA,NA,NA,NA,NA,NA,NA,NA,NA,NA,NA
NA,NA,2019,2019-05-31,"Eva & Niel","TM2","seep",NA,NA,NA,NA,NA,NA,NA,NA,84,NA,NA,NA,NA,NA,"X",NA,NA,NA,NA,NA,NA,NA,NA,NA,NA,NA,NA,NA,NA
NA,NA,2019,2019-05-31,"Eva & Niel","TM2","seep",NA,NA,NA,NA,NA,NA,NA,NA,90,NA,NA,NA,NA,NA,"X",NA,NA,NA,NA,NA,NA,NA,NA,NA,NA,NA,NA,NA,NA
NA,NA,2019,2019-05-31,"Eva & Niel","TM2","seep",NA,NA,NA,NA,NA,NA,NA,NA,88,NA,NA,NA,NA,NA,"X",NA,NA,NA,NA,NA,NA,NA,NA,NA,NA,NA,NA,NA,NA
NA,NA,2019,2019-05-31,"Eva & Niel","TM2","seep",NA,NA,NA,NA,NA,NA,NA,NA,98,NA,NA,NA,NA,NA,"X",NA,NA,NA,NA,NA,NA,NA,NA,NA,NA,NA,NA,NA,NA
NA,NA,2019,2019-05-31,"Eva & Niel","TM2","seep",NA,NA,NA,NA,NA,NA,NA,NA,84,NA,NA,NA,NA,NA,"X",NA,NA,NA,NA,NA,NA,NA,NA,NA,NA,NA,NA,NA,NA
NA,NA,2019,2019-05-31,"Eva & Niel","TM2","seep",NA,NA,NA,NA,NA,NA,NA,NA,94,NA,NA,NA,NA,NA,"X",NA,NA,NA,NA,NA,NA,NA,NA,NA,NA,NA,NA,NA,NA
NA,NA,2019,2019-05-31,"Eva & Niel","TM2","seep",NA,NA,NA,NA,NA,NA,NA,NA,79,NA,NA,NA,NA,NA,"X",NA,NA,NA,NA,NA,NA,NA,NA,NA,NA,NA,NA,NA,NA
NA,NA,2019,2019-05-31,"Eva & Niel","TM2","seep",NA,NA,NA,NA,NA,NA,NA,NA,80,NA,NA,NA,NA,NA,"X",NA,NA,NA,NA,NA,NA,NA,NA,NA,NA,NA,NA,NA,NA
NA,NA,2019,2019-05-31,"Eva & Niel","TM2","seep",NA,NA,NA,NA,NA,NA,NA,NA,85,NA,NA,NA,NA,NA,"X",NA,NA,NA,NA,NA,NA,NA,NA,NA,NA,NA,NA,NA,NA
NA,NA,2019,2019-05-31,"Eva & Niel","TM2","seep",NA,NA,NA,NA,NA,NA,NA,NA,90,NA,NA,NA,NA,NA,"X",NA,NA,NA,NA,NA,NA,NA,NA,NA,NA,NA,NA,NA,NA
NA,NA,2019,2019-05-31,"Eva & Niel","TM2","seep",NA,NA,NA,NA,NA,NA,NA,NA,82,NA,NA,NA,NA,NA,"X",NA,NA,NA,NA,NA,NA,NA,NA,NA,NA,NA,NA,NA,NA
NA,NA,2019,2019-05-31,"Eva & Niel","TM2","seep",NA,NA,NA,NA,NA,NA,NA,NA,76,NA,NA,NA,NA,NA,"X",NA,NA,NA,NA,NA,NA,NA,NA,NA,NA,NA,NA,NA,NA
NA,NA,2019,2019-05-31,"Eva & Niel","TM2","seep",NA,NA,NA,NA,NA,NA,NA,NA,83,NA,NA,NA,NA,NA,"X",NA,NA,NA,NA,NA,NA,NA,NA,NA,NA,NA,NA,NA,NA
NA,NA,2019,2019-05-31,"Eva & Niel","TM2","seep",NA,NA,NA,NA,NA,NA,NA,NA,97,NA,NA,NA,NA,NA,"X",NA,NA,NA,NA,NA,NA,NA,NA,NA,NA,NA,NA,NA,NA
NA,NA,2019,2019-05-31,"Eva & Niel","TM2","seep",NA,NA,NA,NA,NA,NA,NA,NA,86,NA,NA,NA,NA,NA,"X",NA,NA,NA,NA,NA,NA,NA,NA,NA,NA,NA,NA,NA,NA
NA,NA,2019,2019-05-31,"Eva & Niel","TM2","seep",NA,NA,NA,NA,NA,NA,NA,NA,89,NA,NA,NA,NA,NA,"X",NA,NA,NA,NA,NA,NA,NA,NA,NA,NA,NA,NA,NA,NA
NA,NA,2019,2019-05-31,"Eva & Niel","TM2","seep",NA,NA,NA,NA,NA,NA,NA,NA,87,NA,NA,NA,NA,NA,"X",NA,NA,NA,NA,NA,NA,NA,NA,NA,NA,NA,NA,NA,NA
NA,NA,2019,2019-05-31,"Eva & Niel","TM2","seep",NA,NA,NA,NA,NA,NA,NA,NA,77,NA,NA,NA,NA,NA,"X",NA,NA,NA,NA,NA,NA,NA,NA,NA,NA,NA,NA,NA,NA
NA,NA,2019,2019-05-31,"Eva & Niel","TM2","seep",NA,NA,NA,NA,NA,NA,NA,NA,91,NA,NA,NA,NA,NA,"X",NA,NA,NA,NA,NA,NA,NA,NA,NA,NA,NA,NA,NA,NA
NA,NA,2019,2019-05-31,"Eva & Niel","TM2","seep",NA,NA,NA,NA,NA,NA,NA,NA,92,NA,NA,NA,NA,NA,"X",NA,NA,NA,NA,NA,NA,NA,NA,NA,NA,NA,NA,NA,NA
NA,NA,2019,2019-05-31,"Eva & Niel","TM2","seep",NA,NA,NA,NA,NA,NA,NA,NA,95,NA,NA,NA,NA,NA,"X",NA,NA,NA,NA,NA,NA,NA,NA,NA,NA,NA,NA,NA,NA
NA,NA,2019,2019-05-31,"Eva & Niel","TM2","seep",NA,NA,NA,NA,NA,NA,NA,NA,96,NA,NA,NA,NA,NA,"X",NA,NA,NA,NA,NA,NA,NA,NA,NA,NA,NA,NA,NA,NA
NA,NA,2019,2019-05-31,"Eva & Niel","TM2","seep",NA,NA,NA,NA,NA,NA,NA,NA,100,NA,NA,NA,NA,NA,"X",NA,NA,NA,NA,NA,NA,NA,NA,NA,NA,NA,NA,NA,NA
NA,NA,2019,2019-05-31,"Eva & Niel","TM2","seep",NA,NA,NA,NA,NA,NA,NA,NA,81,NA,NA,NA,NA,NA,"X",NA,NA,NA,NA,NA,NA,NA,NA,NA,NA,NA,NA,NA,NA
NA,NA,2019,2019-05-31,"Eva & Niel","TM2","seep",NA,NA,NA,NA,NA,NA,NA,NA,78,NA,NA,NA,NA,NA,"X",NA,NA,NA,NA,NA,NA,NA,NA,NA,NA,NA,NA,NA,NA
NA,NA,2019,2019-05-31,"Eva & Niel","TM2","seep",NA,NA,NA,NA,NA,NA,NA,NA,93,NA,NA,NA,NA,NA,"X",NA,NA,NA,NA,NA,NA,NA,NA,NA,NA,NA,NA,NA,NA
NA,NA,2019,2019-05-31,"Eva & Niel","TM2","seep",NA,NA,NA,NA,NA,NA,NA,NA,99,NA,NA,NA,NA,NA,"X",NA,NA,NA,NA,NA,NA,NA,NA,NA,NA,NA,NA,NA,NA
NA,NA,2019,2019-05-31,"Eva & Niel","TM2","seep","1.5R",NA,NA,NA,NA,NA,NA,NA,NA,NA,NA,"<1","7.7",NA,"P","0.0","1.0",1.3,NA,NA,NA,"Y",NA,NA,NA,NA,NA,NA,0.5
NA,NA,2019,2019-05-31,"Eva & Niel","TM2","seep","2.0R",NA,NA,NA,NA,NA,NA,NA,31,24,-20,"2.22","24.8",NA,"P","2.0","12.0",5.9,NA,NA,NA,"Y",NA,NA,NA,NA,NA,NA,2.22
NA,NA,2019,2019-05-31,"Eva & Niel","TM2","seep","3.0R",NA,NA,NA,NA,NA,NA,NA,NA,NA,NA,"1.02","14.6",NA,"P","0.0","2.0",2.2,NA,NA,NA,"Y",NA,NA,NA,NA,NA,NA,1.02
NA,NA,2019,2019-05-31,"Eva & Niel","TM2","seep","3.0R",NA,NA,NA,NA,NA,NA,NA,116,25,-9,"2.42","24.4",NA,"P","1.0","3.0",7.2,NA,NA,NA,"Y",NA,NA,NA,NA,NA,NA,2.42
NA,NA,2019,2019-05-31,"Eva & Niel","TM2","seep","3.5R",NA,NA,NA,NA,NA,NA,NA,46,25,-12,"2.54","26.7",NA,"P","9.0","13.0",8.2,NA,NA,NA,"Y",NA,NA,NA,NA,NA,NA,2.54
NA,NA,2019,2019-05-31,"Eva & Niel","TM2","seep","3.5R",NA,NA,NA,NA,NA,NA,NA,39,25,-19,"3.15","33.6",NA,"P","2.0","7.0",9.7,NA,NA,NA,"Y",NA,NA,NA,NA,NA,NA,3.15
NA,NA,2019,2019-05-31,"Eva & Niel","TM2","seep","3.5R",NA,NA,NA,NA,NA,NA,NA,48,26,-19,"2.79","23.5",NA,"P","3.0","4.0",9.2,NA,NA,NA,"Y",NA,NA,NA,NA,NA,NA,2.79
NA,NA,2019,2019-05-31,"Eva & Niel","TM2","seep","5.0R",NA,NA,NA,NA,NA,NA,NA,NA,NA,NA,"1.25","18.9",NA,"P","1.0","1.0",2,NA,NA,NA,"Y",NA,NA,NA,NA,NA,NA,1.25
NA,NA,2019,2019-05-31,"Eva & Niel","TM2","seep","5.0R",NA,NA,NA,NA,NA,NA,NA,102,30,-13,"2.15","40.1",NA,"P","7.0","10.0",5.6,NA,NA,NA,"Y",NA,NA,NA,NA,NA,NA,2.15
NA,NA,2019,2019-05-31,"Eva & Niel","TM2","seep","5.0R",NA,NA,NA,NA,NA,NA,NA,110,36,-8,"4.52","46.5",NA,"P","7.0","19.0",8,NA,NA,NA,"Y",NA,NA,NA,NA,NA,NA,4.52
NA,NA,2019,2019-05-31,"Eva & Niel","TM2","seep","5.0R",NA,NA,NA,NA,NA,NA,NA,115,35,-10,"1.7","21.3",NA,"P","0.0","1.0",4.3,NA,NA,NA,"Y",NA,NA,NA,NA,NA,NA,1.7
NA,NA,2019,2019-05-31,"Eva & Niel","TM2","seep","5.0R",NA,NA,NA,NA,NA,NA,NA,NA,NA,NA,"<1","14.6",NA,"P","0.0","2.0",4,NA,NA,NA,"Y",NA,NA,NA,NA,NA,NA,0.5
NA,NA,2019,2019-05-31,"Eva & Niel","TM2","seep","5.0R",NA,NA,NA,NA,NA,NA,NA,NA,NA,NA,"<1","13.9",NA,"P","1.0","1.0",2.2,NA,NA,NA,"Y",NA,NA,NA,NA,NA,NA,0.5
NA,NA,2019,2019-05-31,"Eva & Niel","TM2","seep","5.0R",NA,NA,NA,NA,NA,NA,NA,NA,NA,NA,"<1","3.8",NA,"V",NA,NA,NA,NA,NA,"0.4","Y",NA,NA,NA,NA,NA,"LL=0.4",0.5
NA,NA,2019,2019-05-31,"Eva & Niel","TM2","seep","5.0R",NA,NA,NA,NA,NA,NA,NA,58,30,-18,"2.75","37.4",NA,"P","17.0","15.0",9.5,NA,NA,NA,"Y",NA,NA,NA,NA,NA,NA,2.75
NA,NA,2019,2019-05-31,"Eva & Niel","TM2","seep","5.0R",NA,NA,NA,NA,NA,NA,NA,123,30,-19,"2.02","29.3",NA,"P","2.0","8.0",6.6,NA,NA,NA,"Y",NA,NA,NA,NA,NA,NA,2.02
NA,NA,2019,2019-05-31,"Eva & Niel","TM2","seep","5.0R",NA,NA,NA,NA,NA,NA,NA,NA,NA,NA,"1.28","19.7",NA,"P","0.0","2.0",2.5,NA,NA,NA,"Y",NA,NA,NA,NA,NA,NA,1.28
NA,NA,2019,2019-05-31,"Eva & Niel","TM2","seep","5.0R",NA,NA,NA,NA,NA,NA,NA,NA,NA,NA,"1.16","16.6",NA,"P","0.0","1.0",1.4,NA,NA,NA,"Y",NA,NA,NA,NA,NA,NA,1.16
NA,NA,2019,2019-05-31,"Eva & Niel","TM2","seep","5.0R",NA,NA,NA,NA,NA,NA,NA,NA,NA,NA,"<1","14.5",NA,"P","2.0","2.0",4.6,NA,NA,NA,"Y",NA,NA,NA,NA,NA,NA,0.5
NA,NA,2019,2019-05-31,"Eva & Niel","TM2","seep","5.0R",NA,NA,NA,NA,NA,NA,NA,NA,NA,NA,"1.37","24.7",NA,"P","0.0","3.0",5.4,NA,NA,NA,"Y",NA,NA,NA,NA,NA,NA,1.37
NA,NA,2019,2019-05-31,"Eva & Niel","TM2","seep","5.0R",NA,NA,NA,NA,NA,NA,NA,21,46,-19,"2.08","28.2",NA,"P","6.0","8.0",4.5,NA,NA,NA,"Y",NA,NA,NA,NA,NA,NA,2.08
NA,NA,2019,2019-05-31,"Eva & Niel","TM2","seep","5.0R",NA,NA,NA,NA,NA,NA,NA,NA,NA,NA,"<1","5.5",NA,"B",NA,NA,NA,NA,NA,NA,"Y",NA,NA,NA,NA,NA,NA,0.5
NA,NA,2019,2019-05-31,"Eva & Niel","TM2","seep","5.5R",NA,NA,NA,NA,NA,NA,NA,36,12,-7,"4.52","50.0",NA,"P","16.0","28.0",9.5,NA,NA,NA,"Y",NA,NA,NA,NA,NA,NA,4.52
NA,NA,2019,2019-05-31,"Eva & Niel","TM2","seep","5.5R",NA,NA,NA,NA,NA,NA,NA,138,49,-17,"2.58","41.1",NA,"P","1.0","6.0",5.7,NA,NA,NA,"Y",NA,NA,NA,NA,NA,NA,2.58
NA,NA,2019,2019-05-31,"Eva & Niel","TM2","seep","6.0L",NA,NA,NA,NA,NA,NA,NA,NA,NA,NA,"<1","14.0",NA,"B",NA,NA,NA,NA,NA,NA,"Y",NA,NA,NA,NA,NA,NA,0.5
NA,NA,2019,2019-05-31,"Eva & Niel","TM2","seep","6R",NA,NA,NA,NA,NA,NA,NA,NA,NA,NA,"<1","12.4",NA,"B",NA,NA,NA,NA,NA,NA,"Y",NA,NA,NA,NA,NA,NA,0.5
NA,NA,2019,2019-05-31,"Eva & Niel","TM2","seep","6.5L",NA,NA,NA,NA,NA,NA,NA,NA,NA,NA,"<1","12.6",NA,"B",NA,NA,NA,NA,NA,NA,"Y",NA,NA,NA,NA,NA,NA,0.5
NA,NA,2019,2019-05-31,"Eva & Niel","TM2","seep","6.5L",NA,NA,NA,NA,NA,NA,NA,112,22,12,"2.32","32.1",NA,"P","0.0","7.0",5.9,NA,NA,NA,"Y",NA,NA,NA,NA,NA,NA,2.32
NA,NA,2019,2019-05-31,"Laura & Megan","TM2","seep","15R",NA,NA,NA,NA,NA,NA,NA,NA,NA,NA,"<1","18.5",NA,"P","0.0","1.0",9,NA,NA,NA,"N",NA,NA,NA,NA,NA,NA,0.5
NA,NA,2019,2019-05-31,"Laura & Megan","TM2","seep","15R",NA,NA,NA,NA,NA,NA,NA,NA,NA,NA,"1.39","20.5",NA,"P","0.0","5.0",65,NA,NA,NA,"N",NA,NA,NA,NA,NA,NA,1.39
NA,NA,2019,2019-05-31,"Laura & Megan","TM2","seep","15R",NA,NA,NA,NA,NA,NA,NA,NA,NA,NA,"<1","5.9",NA,"B","0.0","0.0",NA,NA,NA,NA,"N",NA,NA,NA,NA,NA,NA,0.5
NA,NA,2019,2019-05-31,"Laura & Megan","TM2","seep","14R",NA,NA,NA,NA,NA,NA,NA,NA,NA,NA,"1.47","36.5",NA,"P","0.0","9.0",47,NA,NA,NA,"Y",NA,NA,NA,NA,NA,"foliar",1.47
NA,NA,2019,2019-05-31,"Laura & Megan","TM2","seep","14R",NA,NA,NA,NA,NA,NA,"metal",6,0,-20,"4.3","37.0",NA,"P","11.0","6.0",24,NA,NA,NA,"Y",NA,NA,NA,NA,NA,"foliar, metal 6 band 9",4.3
NA,NA,2019,2019-05-31,"Laura & Megan","TM2","seep","13.5R",NA,NA,NA,NA,NA,NA,NA,106,47,-14,"3.0","36.2",NA,"P","7.0","6.0",51,NA,NA,NA,"Y",NA,NA,NA,NA,NA,"stems & foliar",3
NA,NA,2019,2019-05-31,"Laura & Megan","TM2","seep","13.5R",NA,NA,NA,NA,NA,NA,NA,NA,NA,NA,"<1","8.8",NA,"B","0.0","0.0",NA,NA,NA,NA,"Y",NA,NA,NA,NA,NA,"foliar",0.5
NA,NA,2019,2019-05-31,"Laura & Megan","TM2","seep","13.5R",NA,NA,NA,NA,NA,NA,NA,NA,NA,NA,"<1","17.0",NA,"B","0.0","0.0",NA,NA,NA,NA,"N",NA,NA,NA,NA,NA,NA,0.5
NA,NA,2019,2019-05-31,"Laura & Megan","TM2","seep","13.5L",NA,NA,NA,NA,NA,NA,NA,NA,NA,NA,"1.32","23.0",NA,"P","0.0","1.0",62,NA,NA,NA,"N",NA,NA,NA,NA,NA,NA,1.32
NA,NA,2019,2019-05-31,"Laura & Megan","TM2","seep","13.5L",NA,NA,NA,NA,NA,NA,NA,NA,NA,NA,"1.0","17.4",NA,"P","0.0","1.0",40,NA,NA,NA,"N",NA,NA,NA,NA,NA,NA,1
NA,NA,2019,2019-05-31,"Laura & Megan","TM2","seep","13.5R",NA,NA,NA,NA,NA,NA,"metal",7,8,-7,"2.54","21.5",NA,"P","5.0","4.0",47,NA,NA,NA,"Y",NA,NA,NA,NA,NA,"foliar & apical, metal 7",2.54
NA,NA,2019,2019-05-31,"Laura & Megan","TM2","seep","13.5R",NA,NA,NA,NA,NA,NA,NA,NA,NA,NA,"<1","18.0",NA,"B","0.0","0.0",NA,NA,NA,NA,"N",NA,NA,NA,NA,NA,NA,0.5
NA,NA,2019,2019-05-31,"Laura & Megan","TM2","seep","13.5R",NA,NA,NA,NA,NA,NA,NA,NA,NA,NA,"<1","22.5",NA,"P","0.0","6.0",52,NA,NA,NA,"N",NA,NA,NA,NA,NA,NA,0.5
NA,NA,2019,2019-05-31,"Laura & Megan","TM2","seep","13.5R",NA,NA,NA,NA,NA,NA,NA,NA,NA,NA,"1.27","28.0",NA,"P","0.0","4.0",81,NA,NA,NA,"N",NA,NA,NA,NA,NA,NA,1.27
NA,NA,2019,2019-05-31,"Laura & Megan","TM2","seep","13.5R",NA,NA,NA,NA,NA,NA,NA,114,19,-18,"1.93","34.0",NA,"P","0.0","10.0",84,NA,NA,NA,"N",NA,NA,NA,NA,NA,NA,1.93
NA,NA,2019,2019-05-31,"Laura & Megan","TM2","seep","13.5R",NA,NA,NA,NA,NA,NA,NA,NA,19,-20,"<1","9.5",NA,"B","0.0","0.0",NA,NA,NA,NA,"N",NA,NA,NA,NA,NA,NA,0.5
NA,NA,2019,2019-05-31,"Laura & Megan","TM2","seep","13.5R",NA,NA,NA,NA,NA,NA,NA,NA,19,-20,"<1","20.0",NA,"P","0.0","2.0",60,NA,NA,NA,"N",NA,NA,NA,NA,NA,NA,0.5
NA,NA,2019,2019-05-31,"Laura & Megan","TM2","seep","13.5R",NA,NA,NA,NA,NA,NA,NA,NA,10,-17,"<1","14.7",NA,"P","0.0","1.0",45,NA,NA,NA,"N",NA,NA,NA,NA,NA,NA,0.5
NA,NA,2019,2019-05-31,"Laura & Megan","TM2","seep","13.5R",NA,NA,NA,NA,NA,NA,NA,NA,10,-19,"<1","18.5",NA,"P","1.0","2.0",37,NA,NA,NA,"N",NA,NA,NA,NA,NA,NA,0.5
NA,NA,2019,2019-05-31,"Laura & Megan","TM2","seep","13.5R",NA,NA,NA,NA,NA,NA,NA,NA,10,-20,"<1","5.2",NA,"P","0.0","1.0",10,NA,NA,NA,"N",NA,NA,NA,NA,NA,NA,0.5
NA,NA,2019,2019-05-31,"Laura & Megan","TM2","seep","13.5R",NA,NA,NA,NA,NA,NA,NA,NA,10,-20,"<1","12.3",NA,"P","0.0","2.0",52,NA,NA,NA,"N",NA,NA,NA,NA,NA,NA,0.5
NA,NA,2019,2019-05-31,"Laura & Megan","TM2","seep","13.5R",NA,NA,NA,NA,NA,NA,NA,NA,9,-20,"<1","23.0",NA,"P","0.0","3.0",70,NA,NA,NA,"N",NA,NA,NA,NA,NA,NA,0.5
NA,NA,2019,2019-05-31,"Laura & Megan","TM2","seep","13.5R",NA,NA,NA,NA,NA,NA,NA,NA,7,-17,"<1","8.3",NA,"B","0.0","0.0",NA,NA,NA,NA,"N",NA,NA,NA,NA,NA,NA,0.5
NA,NA,2019,2019-05-31,"Laura & Megan","TM2","seep","13.5R",NA,NA,NA,NA,NA,NA,NA,NA,4,-16,"1.17","24.0",NA,"P","0.0","6.0",52,NA,NA,NA,"N",NA,NA,NA,NA,NA,NA,1.17
NA,NA,2019,2019-05-31,"Laura & Megan","TM2","seep","13.5R",NA,NA,NA,NA,NA,NA,NA,NA,6,-19,"<1","21.0",NA,"P","0.0","2.0",65,NA,NA,NA,"N",NA,NA,NA,NA,NA,NA,0.5
NA,NA,2019,2019-05-31,"Laura & Megan","TM2","seep","13.5R",NA,NA,NA,NA,NA,NA,NA,NA,0,-12,"1.38","18.5",NA,"P","0.0","5.0",50,NA,NA,NA,"N",NA,NA,NA,NA,NA,NA,1.38
NA,NA,2019,2019-05-31,"Laura & Megan","TM2","seep","13.5R",NA,NA,NA,NA,NA,NA,NA,NA,3,-13,"<1","23.0",NA,"P","0.0","6.0",49,NA,NA,NA,"N",NA,NA,NA,NA,NA,NA,0.5
NA,NA,2019,2019-05-31,"Laura & Megan","TM2","seep","13R",NA,NA,NA,NA,NA,NA,NA,NA,49,-17,"<1","12.7",NA,"P","0.0","2.0",18,NA,NA,NA,"N",NA,NA,NA,NA,NA,NA,0.5
NA,NA,2019,2019-05-31,"Laura & Megan","TM2","seep","13R",NA,NA,NA,NA,NA,NA,NA,NA,49,-17,"<1","14.2",NA,"P","0.0","1.0",44,NA,NA,NA,"N",NA,NA,NA,NA,NA,NA,0.5
NA,NA,2019,2019-05-31,"Laura & Megan","TM2","seep","13R",NA,NA,NA,NA,NA,NA,NA,NA,49,-4,"<1","13.1",NA,"P","0.0","3.0",32,NA,NA,NA,"N",NA,NA,NA,NA,NA,NA,0.5
NA,NA,2019,2019-05-31,"Laura & Megan","TM2","seep","13R",NA,NA,NA,NA,NA,NA,NA,NA,49,-4,"<1","7.4",NA,"P","0.0","1.0",7,NA,NA,NA,"N",NA,NA,NA,NA,NA,NA,0.5
NA,NA,2019,2019-05-31,"Laura & Megan","TM2","seep","13R",NA,NA,NA,NA,NA,NA,NA,NA,41,0,"<1","8.8",NA,"P","0.0","2.0",26,NA,NA,NA,"N",NA,NA,NA,NA,NA,NA,0.5
NA,NA,2019,2019-05-31,"Laura & Megan","TM2","seep","13R",NA,NA,NA,NA,NA,NA,NA,60,41,0,"1.61","28.6",NA,"P","0.0","2.0",29,NA,NA,NA,"N",NA,NA,NA,NA,NA,NA,1.61
NA,NA,2019,2019-05-31,"Laura & Megan","TM2","seep","13R",NA,NA,NA,NA,NA,NA,NA,43,41,0,"1.76","30.2",NA,"P","4.0","6.0",72,NA,NA,NA,"N",NA,NA,NA,NA,NA,NA,1.76
NA,NA,2019,2019-05-31,"Laura & Megan","TM2","seep","13R",NA,NA,NA,NA,NA,NA,NA,NA,41,-19,"<1","3.4",NA,"V",NA,NA,NA,NA,NA,"0.4","N",NA,NA,NA,NA,NA,"LL=0.4cm",0.5
NA,NA,2019,2019-05-31,"Laura & Megan","TM2","seep","13R",NA,NA,NA,NA,NA,NA,NA,NA,41,-19,"<1","2.4",NA,"V",NA,NA,NA,NA,NA,"0.5","N",NA,NA,NA,NA,NA,"LL=0.5cm",0.5
NA,NA,2019,2019-05-31,"Laura & Megan","TM2","seep","13R",NA,NA,NA,NA,NA,NA,NA,NA,41,-19,"<1","11.3",NA,"P","0.0","1.0",36,NA,NA,NA,"N",NA,NA,NA,NA,NA,NA,0.5
NA,NA,2019,2019-05-31,"Laura & Megan","TM2","seep","13R",NA,NA,NA,NA,NA,NA,NA,NA,41,-19,"<1","16.5",NA,"P","0.0","2.0",48,NA,NA,NA,"N",NA,NA,NA,NA,NA,NA,0.5
NA,NA,2019,2019-05-31,"Laura & Megan","TM2","seep","13R",NA,NA,NA,NA,NA,NA,NA,NA,41,-19,"1.4","20.8",NA,"F","1.0",NA,NA,NA,NA,NA,"N",NA,NA,NA,NA,NA,NA,1.4
NA,NA,2019,2019-05-31,"Laura & Megan","TM2","seep","13R",NA,NA,NA,NA,NA,NA,NA,NA,36,-11,"<1","12.2",NA,"V",NA,NA,NA,NA,NA,"0.6","N",NA,NA,NA,NA,NA,"LL=0.6cm",0.5
NA,NA,2019,2019-05-31,"Laura & Megan","TM2","seep","13R",NA,NA,NA,NA,NA,NA,NA,NA,36,-5,"1.12","21.9",NA,"P","0.0","3.0",57,NA,NA,NA,"N",NA,NA,NA,NA,NA,NA,1.12
NA,NA,2019,2019-05-31,"Laura & Megan","TM2","seep","13R",NA,NA,NA,NA,NA,NA,NA,NA,34,-2,"<1","3.8",NA,"V",NA,NA,NA,NA,NA,"0.4","N",NA,NA,NA,NA,NA,"LL=0.4cm",0.5
NA,NA,2019,2019-05-31,"Laura & Megan","TM2","seep","13R",NA,NA,NA,NA,NA,NA,NA,NA,33,-1,"<1","10.3",NA,"P","0.0","2.0",34,NA,NA,NA,"N",NA,NA,NA,NA,NA,NA,0.5
NA,NA,2019,2019-05-31,"Laura & Megan","TM2","seep","13R",NA,NA,NA,NA,NA,NA,NA,NA,25,-16,"<1","3.3",NA,"V",NA,NA,NA,NA,NA,"0.3","N",NA,NA,NA,NA,NA,"LL=0.3cm",0.5
NA,NA,2019,2019-05-31,"Laura & Megan","TM2","seep","13R",NA,NA,NA,NA,NA,NA,NA,NA,18,-14,"1.09","24.5",NA,"P","0.0","1.0",27,NA,NA,NA,"N",NA,NA,NA,NA,NA,NA,1.09
NA,NA,2019,2019-05-31,"Laura & Megan","TM2","seep","13R",NA,NA,NA,NA,NA,NA,NA,NA,16,-17,"1.12","19.0",NA,"P","2.0","1.0",10,NA,NA,NA,"N",NA,NA,NA,NA,NA,NA,1.12
NA,NA,2019,2019-05-31,"Laura & Megan","TM2","seep","13R",NA,NA,NA,NA,NA,NA,NA,NA,15,-17,"<1","3.8",NA,"V",NA,NA,NA,NA,NA,"0.4","N",NA,NA,NA,NA,NA,"LL=0.4cm",0.5
NA,NA,2019,2019-05-31,"Laura & Megan","TM2","seep","13R",NA,NA,NA,NA,NA,NA,NA,NA,9,-20,"<1","8.8",NA,"P","0.0","1.0",18,NA,NA,NA,"N",NA,NA,NA,NA,NA,NA,0.5
NA,NA,2019,2019-05-31,"Laura & Megan","TM2","seep","13R",NA,NA,NA,NA,NA,NA,NA,NA,9,-20,"<1","13.2",NA,"P","0.0","1.0",5,NA,NA,NA,"N",NA,NA,NA,NA,NA,NA,0.5
NA,NA,2019,2019-05-31,"Laura & Megan","TM2","seep","13R",NA,NA,NA,NA,NA,NA,NA,NA,7,-10,"<1","18.8",NA,"P","0.0","2.0",28,NA,NA,NA,"N",NA,NA,NA,NA,NA,NA,0.5
NA,NA,2019,2019-05-31,"Laura & Megan","TM2","seep","13R",NA,NA,NA,NA,NA,NA,NA,NA,7,-10,"<1","6.4",NA,"V",NA,NA,NA,NA,NA,"0.7","N",NA,NA,NA,NA,NA,"LL=0.7cm",0.5
NA,NA,2019,2019-05-31,"Laura & Megan","TM2","seep","13R",NA,NA,NA,NA,NA,NA,NA,NA,6,-14,"<1","4.3",NA,"V",NA,NA,NA,NA,NA,"0.3","N",NA,NA,NA,NA,NA,"LL=0.3cm",0.5
NA,NA,2019,2019-05-31,"Laura & Megan","TM2","seep","13R",NA,NA,NA,NA,NA,NA,NA,NA,5,-16,"1.49","26.8",NA,"P","0.0","2.0",81,NA,NA,NA,"N",NA,NA,NA,NA,NA,NA,1.49
NA,NA,2019,2019-05-31,"Laura & Megan","TM2","seep","13R",NA,NA,NA,NA,NA,NA,NA,113,5,-16,"1.55","26.3",NA,"F","2.0",NA,NA,NA,NA,NA,"N",NA,NA,NA,NA,NA,NA,1.55
NA,NA,2019,2019-05-31,"Laura & Megan","TM2","seep","13R",NA,NA,NA,NA,NA,NA,NA,NA,5,-16,"<1","18.5",NA,"P","0.0","2.0",50,NA,NA,NA,"N",NA,NA,NA,NA,NA,NA,0.5
NA,NA,2019,2019-05-31,"Laura & Megan","TM2","seep","13R",NA,NA,NA,NA,NA,NA,NA,NA,3,-14,"1.2","26.5",NA,"P","0.0","5.0",67,NA,NA,NA,"N",NA,NA,NA,NA,NA,NA,1.2
NA,NA,2019,2019-05-31,"Laura & Megan","TM2","seep","13R",NA,NA,NA,NA,NA,NA,NA,NA,3,-14,"<1","22.1",NA,"P","0.0","3.0",71,NA,NA,NA,"N",NA,NA,NA,NA,NA,NA,0.5
NA,NA,2019,2019-05-31,"Laura & Megan","TM2","seep","13L",NA,NA,NA,NA,NA,NA,"metal",9,NA,NA,"1.39","17.7",NA,"F","2.0",NA,NA,NA,NA,NA,"N",NA,NA,NA,NA,NA,"metal tag 9",1.39
NA,NA,2019,2019-05-31,"Laura & Megan","TM2","seep","13L",NA,NA,NA,NA,NA,NA,NA,54,21,14,"2.69","33.0",NA,"P","0.0","8.0",51,NA,NA,NA,"N",NA,NA,NA,NA,NA,NA,2.69
NA,NA,2019,2019-05-31,"Laura & Megan","TM2","seep","12.5L",NA,NA,NA,NA,NA,NA,NA,52,34,10,"2.04","36.3",NA,"P","0.0","10.0",80,NA,NA,NA,"Y",NA,NA,NA,NA,NA,"foliar",2.04
NA,NA,2019,2019-05-31,"Laura & Megan","TM2","seep","12.5L",NA,NA,NA,NA,NA,NA,NA,105,34,10,"1.73","38.2",NA,"P","0.0","9.0",85,NA,NA,NA,"N",NA,NA,NA,NA,NA,NA,1.73
NA,NA,2019,2019-05-31,"Laura & Megan","TM2","seep","12.5L",NA,NA,NA,NA,NA,NA,NA,59,30,0,"1.58","27.0",NA,"P","2.0","6.0",81,NA,NA,NA,"N",NA,NA,NA,NA,NA,NA,1.58
NA,NA,2019,2019-05-31,"Laura & Megan","TM2","seep","12.5L",NA,NA,NA,NA,NA,NA,NA,NA,30,0,"<1","11.5",NA,"P","0.0","2.0",39,NA,NA,NA,"N",NA,NA,NA,NA,NA,NA,0.5
NA,NA,2019,2019-05-31,"Laura & Megan","TM2","seep","12.5L",NA,NA,NA,NA,NA,NA,NA,122,26,18,"3.21","51.0",NA,"P","17.0","34.0",82,NA,NA,NA,"Y",NA,NA,NA,NA,NA,"apical",3.21
NA,NA,2019,2019-05-31,"Laura & Megan","TM2","seep","12.5R",NA,NA,NA,NA,NA,NA,NA,NA,NA,NA,"1.48","30.5",NA,"P","0.0","3.0",78,NA,NA,NA,"Y",NA,NA,NA,NA,NA,"foliar",1.48
NA,NA,2019,2019-05-31,"Laura & Megan","TM2","seep","12.5R",NA,NA,NA,NA,NA,NA,NA,NA,NA,NA,"1.15","29.5",NA,"P","0.0","3.0",58,NA,NA,NA,"N",NA,NA,NA,NA,NA,NA,1.15
NA,NA,2019,2019-05-31,"Laura & Megan","TM2","seep","12.5R",NA,NA,NA,NA,NA,NA,NA,NA,NA,NA,"1.15","28.0",NA,"P","0.0","5.0",86,NA,NA,NA,"N",NA,NA,NA,NA,NA,NA,1.15
NA,NA,2019,2019-05-31,"Laura & Megan","TM2","seep","12.5R",NA,NA,NA,NA,NA,NA,NA,NA,NA,NA,"<1","15.2",NA,"P","0.0","3.0",59,NA,NA,NA,"Y",NA,NA,NA,NA,NA,"foliar",0.5
NA,NA,2019,2019-05-31,"Laura & Megan","TM2","seep","12.5R",NA,NA,NA,NA,NA,NA,NA,NA,NA,NA,"<1","11.3",NA,"F","3.0","0.0",NA,NA,NA,NA,"N",NA,NA,NA,NA,NA,NA,0.5
NA,NA,2019,2019-05-31,"Laura & Megan","TM2","seep","12.5R",NA,NA,NA,NA,NA,NA,NA,23,21,-16,"2.88","32.1",NA,"P","2.0","15.0",85,NA,NA,NA,"Y",NA,NA,NA,NA,NA,"foliar",2.88
NA,NA,2019,2019-05-31,"Eva & Niel","TM2","seep","11.5L",NA,NA,NA,NA,NA,NA,NA,NA,NA,NA,"<1","10.9",NA,"P","1.0","1.0",3.2,NA,NA,NA,"Y",NA,NA,NA,NA,NA,NA,0.5
NA,NA,2019,2019-05-31,"Eva & Niel","TM2","seep","11.5R",NA,NA,NA,NA,NA,NA,NA,121,40,0,"3.84","39.4",NA,"P","10.0","16.0",7,NA,NA,NA,"Y",NA,NA,NA,NA,NA,NA,3.84
NA,NA,2019,2019-05-31,"Eva & Niel","TM2","seep","11.5R",NA,NA,NA,NA,NA,NA,NA,NA,NA,NA,"<1","12.1",NA,"F","1.0",NA,NA,NA,NA,NA,"N",NA,NA,NA,NA,NA,NA,0.5
NA,NA,2019,2019-05-31,"Eva & Niel","TM2","seep","11.5R",NA,NA,NA,NA,NA,NA,NA,NA,NA,NA,"1.1","28.1",NA,"P","0.0","10.0",6.2,NA,NA,NA,"Y",NA,NA,NA,NA,NA,NA,1.1
NA,NA,2019,2019-05-31,"Eva & Niel","TM2","seep","11.5R",NA,NA,NA,NA,NA,NA,NA,NA,NA,NA,"1.0","29.1",NA,"P","10.0","7.0",6.1,NA,NA,NA,"Y",NA,NA,NA,NA,NA,NA,1
NA,NA,2019,2019-05-31,"Eva & Niel","TM2","seep","11.5R",NA,NA,NA,NA,NA,NA,NA,25,25,-10,"1.6","24.2",NA,"P","0.0","2.0",6.6,NA,NA,NA,"Y",NA,NA,NA,NA,NA,NA,1.6
NA,NA,2019,2019-05-31,"Eva & Niel","TM2","seep","11.5R",NA,NA,NA,NA,NA,NA,NA,NA,NA,NA,"1.0","22.1",NA,"P","0.0","2.0",6.3,NA,NA,NA,"Y",NA,NA,NA,NA,NA,NA,1
NA,NA,2019,2019-05-31,"Eva & Niel","TM2","seep","11.5R",NA,NA,NA,NA,NA,NA,NA,NA,NA,NA,"1.0","23.0",NA,"P","2.0","2.0",5.1,NA,NA,NA,"Y",NA,NA,NA,NA,NA,NA,1
NA,NA,2019,2019-05-31,"Eva & Niel","TM2","seep","11.5R",NA,NA,NA,NA,NA,NA,NA,NA,NA,NA,"<1","17.6",NA,"P","0.0","1.0",4.3,NA,NA,NA,"Y",NA,NA,NA,NA,NA,NA,0.5
NA,NA,2019,2019-05-31,"Eva & Niel","TM2","seep","11.5R",NA,NA,NA,NA,NA,NA,NA,37,50,-13,"1.6","26.0",NA,"P?",NA,NA,NA,NA,NA,NA,"Y",NA,NA,NA,NA,NA,"very seriously destroyed (apical damage)",1.6
NA,NA,2019,2019-05-31,"Eva & Niel","TM2","below lower",NA,NA,NA,NA,NA,NA,NA,NA,914,NA,NA,NA,NA,NA,"X",NA,NA,NA,NA,NA,NA,NA,NA,NA,NA,NA,NA,NA,NA
NA,NA,2019,2019-05-31,"Eva & Niel","TM2","below lower",NA,NA,NA,NA,NA,NA,NA,NA,913,NA,NA,NA,NA,NA,"X",NA,NA,NA,NA,NA,NA,NA,NA,NA,NA,NA,NA,NA,NA
NA,NA,2019,2019-05-31,"Eva & Niel","TM2","below lower",NA,NA,NA,NA,NA,NA,NA,NA,912,NA,NA,NA,NA,NA,"X",NA,NA,NA,NA,NA,NA,NA,NA,NA,NA,NA,NA,NA,NA
NA,NA,2019,2019-05-31,"Eva & Niel","TM2","below lower",NA,NA,NA,NA,NA,NA,NA,NA,919,NA,NA,NA,NA,NA,"X",NA,NA,NA,NA,NA,NA,NA,NA,NA,NA,NA,NA,NA,NA
NA,NA,2019,2019-05-31,"Eva & Niel","TM2","below lower",NA,NA,NA,NA,NA,NA,NA,NA,916,NA,NA,NA,NA,NA,"X",NA,NA,NA,NA,NA,NA,NA,NA,NA,NA,NA,NA,NA,NA
NA,NA,2019,2019-05-31,"Eva & Niel","TM2","below lower",NA,NA,NA,NA,NA,NA,NA,NA,917,NA,NA,NA,NA,NA,"X",NA,NA,NA,NA,NA,NA,NA,NA,NA,NA,NA,NA,NA,NA
NA,NA,2019,2019-05-31,"Eva & Niel","TM2","below lower",NA,NA,NA,NA,NA,NA,NA,NA,918,NA,NA,NA,NA,NA,"X",NA,NA,NA,NA,NA,NA,NA,NA,NA,NA,NA,NA,NA,NA
NA,NA,2019,2019-05-31,"Eva & Niel","TM2","below lower",NA,NA,NA,NA,NA,NA,NA,NA,915,NA,NA,NA,NA,NA,"X",NA,NA,NA,NA,NA,NA,NA,NA,NA,NA,NA,NA,NA,NA
NA,NA,2020,2020-05-31,"JG, JS","TM2","lower","0.0",NA,NA,NA,"yellow",NA,NA,NA,NA,NA,NA,NA,NA,NA,NA,NA,NA,NA,NA,NA,NA,NA,NA,NA,NA,NA,NA,"not found",NA
NA,NA,2020,2020-05-31,"JG, JS","TM2","lower","0.0",NA,NA,NA,"yellow",NA,NA,NA,NA,NA,NA,NA,NA,NA,NA,NA,NA,NA,NA,NA,NA,NA,NA,NA,NA,NA,NA,"not found",NA
NA,NA,2020,2020-05-31,"JG, JS","TM2","lower","3.0",NA,NA,NA,NA,NA,NA,"red",107,16,21,NA,NA,NA,"X",NA,NA,NA,NA,NA,NA,NA,NA,NA,NA,NA,NA,"no plant",NA
NA,NA,2020,2020-05-31,"JG, JS","TM2","lower","3.0",NA,NA,NA,NA,NA,NA,"red",49,36,16,NA,NA,NA,"X",NA,NA,NA,NA,NA,NA,NA,NA,NA,NA,NA,NA,"no plant",NA
NA,NA,2020,2020-05-31,"JG, JS","TM2","lower","3.0",NA,NA,NA,NA,NA,NA,"red",104,36,18,NA,NA,NA,"X",NA,NA,NA,NA,NA,NA,NA,NA,NA,NA,NA,NA,"no plant",NA
NA,NA,2020,2020-05-31,"JG, JS","TM2","lower","3.0",NA,NA,NA,NA,NA,NA,"red",109,38,16,NA,NA,NA,"X",NA,NA,NA,NA,NA,NA,NA,NA,NA,NA,NA,NA,"no plant",NA
NA,NA,2020,2020-05-31,"JG, JS","TM2","lower","3.0",NA,NA,NA,NA,NA,NA,"red",51,12,8,NA,NA,NA,"X",NA,NA,NA,NA,NA,NA,NA,NA,NA,NA,NA,NA,"no plant",NA
NA,NA,2020,2020-05-31,"JG, JS","TM2","lower","3.0",NA,NA,NA,"green",NA,NA,"blue",59,24,16,"1.62","25.2",NA,"P","2.0","4.0",72,1,1,NA,"Y",NA,NA,NA,NA,NA,NA,1.62
NA,NA,2020,2020-05-31,"JG, JS","TM2","lower","3.0",NA,NA,NA,"orange",NA,NA,NA,NA,NA,NA,NA,NA,NA,"X",NA,NA,NA,NA,NA,NA,NA,NA,NA,NA,NA,NA,NA,NA
NA,NA,2020,2020-05-31,"JG, JS","TM2","lower","3.0",NA,NA,NA,"orange",NA,NA,NA,NA,NA,NA,NA,NA,NA,"X",NA,NA,NA,NA,NA,NA,NA,NA,NA,NA,NA,NA,"no plant",NA
NA,NA,2020,2020-05-31,"JG, JS","TM2","lower","3.0",NA,NA,NA,"orange",NA,NA,NA,NA,NA,NA,NA,NA,NA,"X",NA,NA,NA,NA,NA,NA,NA,NA,NA,NA,NA,NA,NA,NA
NA,NA,2020,2020-05-31,"JG, JS","TM2","lower","3.0",NA,NA,NA,"yellow",NA,NA,"blue",40,16,19,"1.73","7.5",NA,"V",NA,NA,NA,NA,2,"23.0","Y",NA,NA,NA,NA,NA,NA,1.73
NA,NA,2020,2020-05-31,"JG, JS","TM2","lower","3.0",NA,NA,NA,NA,NA,NA,NA,44,23,13,NA,NA,NA,"X",NA,NA,NA,NA,NA,NA,NA,NA,NA,NA,NA,NA,NA,NA
NA,NA,2020,2020-05-31,"JG, JS","TM2","lower","3.0",NA,NA,NA,NA,NA,NA,NA,55,26,13,NA,NA,NA,"X",NA,NA,NA,NA,NA,NA,NA,NA,NA,NA,NA,NA,NA,NA
NA,NA,2020,2020-05-31,"JG, JS","TM2","lower","3.0",NA,NA,NA,NA,NA,NA,NA,41,27,12,NA,NA,NA,"X",NA,NA,NA,NA,NA,NA,NA,NA,NA,NA,NA,NA,NA,NA
NA,NA,2020,2020-05-31,"JG, JS","TM2","lower","3.0",NA,NA,NA,NA,NA,NA,NA,101,29,11,NA,NA,NA,"X",NA,NA,NA,NA,NA,NA,NA,NA,NA,NA,NA,NA,NA,NA
NA,NA,2020,2020-05-31,"JG, JS","TM2","lower","3.0",NA,NA,NA,NA,NA,NA,NA,27,24,6,NA,NA,NA,"X",NA,NA,NA,NA,NA,NA,NA,NA,NA,NA,NA,NA,NA,NA
NA,NA,2020,2020-05-31,"JG, JS","TM2","lower","3.5",NA,NA,NA,"green",NA,NA,"blue",78,24,10,"2.54","38.3",NA,"P","0.0","10.0",63,1,2,NA,"Y",NA,NA,NA,NA,NA,NA,2.54
NA,NA,2020,2020-05-31,"JG, JS","TM2","lower","3.5",NA,NA,NA,"green",NA,NA,"blue",20,21,12,"2.5","31.5",NA,"P","0.0","7.0",70,1,1,NA,"Y",NA,NA,NA,NA,NA,NA,2.5
NA,NA,2020,2020-05-31,"JG, JS","TM2","lower","3.5",NA,NA,NA,"green",NA,NA,NA,NA,NA,NA,NA,NA,NA,"X",NA,NA,NA,NA,NA,NA,NA,NA,NA,NA,NA,NA,"no plant",NA
NA,NA,2020,2020-05-31,"JG, JS","TM2","lower","3.5",NA,NA,NA,"orange",NA,NA,NA,NA,NA,NA,NA,NA,NA,"X",NA,NA,NA,NA,NA,NA,NA,NA,NA,NA,NA,NA,NA,NA
NA,NA,2020,2020-05-31,"JG, JS","TM2","lower","4.0",NA,NA,NA,"green",NA,NA,"blue",30,40,0,"2.11","23.2",NA,"P","0.0","8.0",64,1,1,NA,"Y",NA,NA,NA,NA,NA,NA,2.11
NA,NA,2020,2020-05-31,"JG, JS","TM2","lower","4.0",NA,NA,NA,"green",NA,NA,NA,NA,NA,NA,NA,NA,NA,"X",NA,NA,NA,NA,NA,NA,NA,NA,NA,NA,NA,NA,"no plant",NA
NA,NA,2020,2020-05-31,"JG, JS","TM2","lower","4.0",NA,NA,NA,"green",NA,NA,NA,NA,NA,NA,NA,NA,NA,"X",NA,NA,NA,NA,NA,NA,NA,NA,NA,NA,NA,NA,"no plant",NA
NA,NA,2020,2020-05-31,"JG, JS","TM2","lower","4.0",NA,NA,NA,"orange",NA,NA,NA,NA,NA,NA,NA,NA,NA,"X",NA,NA,NA,NA,NA,NA,NA,NA,NA,NA,NA,NA,"no plant",NA
NA,NA,2020,2020-05-31,"JG, JS","TM2","lower","4.5",NA,NA,NA,"orange",NA,NA,NA,NA,NA,NA,NA,NA,NA,"X",NA,NA,NA,NA,NA,NA,NA,NA,NA,NA,NA,NA,NA,NA
NA,NA,2020,2020-05-31,"JG, JS","TM2","lower","4.5",NA,NA,NA,"orange",NA,NA,NA,NA,NA,NA,NA,NA,NA,"X",NA,NA,NA,NA,NA,NA,NA,NA,NA,NA,NA,NA,NA,NA
NA,NA,2020,2020-05-31,"JG, JS","TM2","lower","4.5",NA,NA,NA,"orange",NA,NA,NA,NA,NA,NA,NA,NA,NA,"X",NA,NA,NA,NA,NA,NA,NA,NA,NA,NA,NA,NA,NA,NA
NA,NA,2020,2020-05-31,"JG, JS","TM2","lower","4.5",NA,NA,NA,"orange",NA,NA,"blue",760,27,23,"1.95","30.5",NA,"P","0.0","10.0",61,1,1,NA,"Y",NA,NA,NA,NA,NA,NA,1.95
NA,NA,2020,2020-05-31,"JG, JS","TM2","lower","5.0",NA,NA,NA,NA,NA,NA,"red",NA,30,10,NA,NA,NA,"X",NA,NA,NA,NA,NA,NA,NA,NA,NA,NA,NA,NA,"no plant",NA
NA,NA,2020,2020-05-31,"JG, JS","TM2","lower","5.0",NA,NA,NA,"blue",NA,NA,"blue",35,29,18,"4.02","54.2",NA,"P","0.0","35.0",69,1,1,NA,"Y",NA,NA,NA,NA,NA,NA,4.02
NA,NA,2020,2020-05-31,"JG, JS","TM2","lower","5.0",NA,NA,NA,"green",NA,NA,NA,NA,NA,NA,NA,NA,NA,"X",NA,NA,NA,NA,NA,NA,NA,NA,NA,NA,NA,NA,NA,NA
NA,NA,2020,2020-05-31,"JG, JS","TM2","lower","5.0",NA,NA,NA,"green",NA,NA,NA,NA,NA,NA,NA,NA,NA,"X",NA,NA,NA,NA,NA,NA,NA,NA,NA,NA,NA,NA,NA,NA
NA,NA,2020,2020-05-31,"JG, JS","TM2","lower","5.0",NA,NA,NA,"green",NA,NA,"blue",55,19,6,"3.22","36.8",NA,"P","0.0","1.0",27,1,1,NA,"Y",NA,NA,NA,NA,NA,"one bud, many flowers aborted",3.22
NA,NA,2020,2020-05-31,"JG, JS","TM2","lower","5.0",NA,NA,NA,"orange",NA,NA,NA,NA,NA,NA,NA,NA,NA,"X",NA,NA,NA,NA,NA,NA,NA,NA,NA,NA,NA,NA,NA,NA
NA,NA,2020,2020-05-31,"JG, JS","TM2","lower","5.0",NA,NA,NA,"orange",NA,NA,NA,NA,NA,NA,NA,NA,NA,"X",NA,NA,NA,NA,NA,NA,NA,NA,NA,NA,NA,NA,NA,NA
NA,NA,2020,2020-05-31,"JG, JS","TM2","lower","5.0",NA,NA,NA,"orange",NA,NA,NA,NA,NA,NA,NA,NA,NA,"X",NA,NA,NA,NA,NA,NA,NA,NA,NA,NA,NA,NA,NA,NA
NA,NA,2020,2020-05-31,"JG, JS","TM2","lower","5.0",NA,NA,NA,"orange",NA,NA,NA,NA,NA,NA,NA,NA,NA,"X",NA,NA,NA,NA,NA,NA,NA,NA,NA,NA,NA,NA,NA,NA
NA,NA,2020,2020-05-31,"JG, JS","TM2","lower","5.0",NA,NA,NA,"orange",NA,NA,NA,NA,NA,NA,NA,NA,NA,"X",NA,NA,NA,NA,NA,NA,NA,NA,NA,NA,NA,NA,NA,NA
NA,NA,2020,2020-05-31,"JG, JS","TM2","lower","5.0",NA,NA,NA,"orange",NA,NA,"blue",45,4,16,"2.8","39.5",NA,"P","0.0","15.0",77,1,1,NA,"Y",NA,NA,NA,NA,NA,NA,2.8
NA,NA,2020,2020-05-31,"JG, JS","TM2","lower","5.0",NA,NA,NA,"orange",NA,NA,"blue",6,3,22,"3.36","40.4",NA,"P","0.0","15.0",69,1,1,NA,"Y",NA,NA,NA,NA,NA,NA,3.36
NA,NA,2020,2020-05-31,"JG, JS","TM2","lower","5.0",NA,NA,NA,"orange",NA,NA,NA,NA,NA,NA,NA,NA,NA,"X",NA,NA,NA,NA,NA,NA,NA,NA,NA,NA,NA,NA,NA,NA
NA,NA,2020,2020-05-31,"JG, JS","TM2","lower","5.5",NA,NA,NA,"green",NA,NA,NA,NA,NA,NA,NA,NA,NA,"X",NA,NA,NA,NA,NA,NA,NA,NA,NA,NA,NA,NA,NA,NA
NA,NA,2020,2020-05-31,"JG, JS","TM2","lower","5.5",NA,NA,NA,"orange",NA,NA,NA,NA,NA,NA,NA,NA,NA,"X",NA,NA,NA,NA,NA,NA,NA,NA,NA,NA,NA,NA,NA,NA
NA,NA,2020,2020-05-31,"JG, JS","TM2","lower","5.5",NA,NA,NA,"orange",NA,NA,NA,NA,NA,NA,NA,NA,NA,"X",NA,NA,NA,NA,NA,NA,NA,NA,NA,NA,NA,NA,NA,NA
NA,NA,2020,2020-05-31,"JG, JS","TM2","lower","5.5",NA,NA,NA,"orange",NA,NA,NA,NA,NA,NA,NA,NA,NA,"X",NA,NA,NA,NA,NA,NA,NA,NA,NA,NA,NA,NA,NA,NA
NA,NA,2020,2020-05-31,"JG, JS","TM2","lower","5.5",NA,NA,NA,"orange",NA,NA,NA,NA,NA,NA,NA,NA,NA,"X",NA,NA,NA,NA,NA,NA,NA,NA,NA,NA,NA,NA,NA,NA
NA,NA,2020,2020-05-31,"JG, JS","TM2","lower","5.5",NA,NA,NA,"orange",NA,NA,NA,NA,NA,NA,NA,NA,NA,"X",NA,NA,NA,NA,NA,NA,NA,NA,NA,NA,NA,NA,NA,NA
NA,NA,2020,2020-05-31,"JG, JS","TM2","lower","5.5",NA,NA,NA,"orange",NA,NA,NA,NA,NA,NA,"0.99","21.2",NA,"P","0.0","0.0",NA,1,1,NA,"Y",NA,NA,NA,NA,NA,"one inviable fruit",0.5
NA,NA,2020,2020-05-31,"JG, JS","TM2","lower","5.5",NA,NA,NA,"orange",NA,NA,"blue",738,26,11,"1.5","27.2",NA,"P","0.0","1.0",35,1,1,NA,"Y",NA,NA,NA,NA,NA,NA,1.5
NA,NA,2020,2020-05-31,"JG, JS","TM2","lower","5.5",NA,NA,NA,"orange",NA,NA,"blue",97,22,16,"4.62","41.2",NA,"P","0.0","29.0",75,1,1,NA,"Y",NA,NA,NA,NA,NA,NA,4.62
NA,NA,2020,2020-05-31,"JG, JS","TM2","lower","5.5",NA,NA,NA,"yellow",NA,NA,NA,NA,NA,NA,"1.65","26.2",NA,"P","0.0","0.0",NA,1,1,NA,"Y",NA,NA,NA,NA,NA,"out of quadrat",1.65
NA,NA,2020,2020-05-31,"JG, JS","TM2","lower","6.5",NA,NA,NA,"blue",NA,NA,NA,NA,NA,NA,NA,NA,NA,"X",NA,NA,NA,NA,NA,NA,NA,NA,NA,NA,NA,NA,NA,NA
NA,NA,2020,2020-05-31,"JG, JS","TM2","lower","6.5",NA,NA,NA,"blue",NA,NA,"blue",NA,44,20,"4.06","29.5",NA,"P","0.0","1.0",19,1,1,NA,"Y",NA,NA,NA,NA,NA,NA,4.06
NA,NA,2020,2020-05-31,"JG, JS","TM2","lower","6.5",NA,NA,NA,"green",NA,NA,NA,NA,NA,NA,NA,NA,NA,"X",NA,NA,NA,NA,NA,NA,NA,NA,NA,NA,NA,NA,"no plant",NA
NA,NA,2020,2020-05-31,"JG, JS","TM2","lower","6.5",NA,NA,NA,"green",NA,NA,"blue",732,50,18,"2.61","39.5",NA,"P","0.0","1.0",24,1,1,NA,"Y",NA,NA,NA,NA,NA,NA,2.61
NA,NA,2020,2020-05-31,"JG, JS","TM2","lower","7.0",NA,NA,NA,"orange",NA,NA,"blue",10,6,3,"1.01","1.6",NA,"V",NA,NA,NA,0,1,"6.0","Y",NA,NA,NA,NA,NA,NA,1.01
NA,NA,2020,2020-05-31,"JG, JS","TM2","lower","7.0",NA,NA,NA,"orange",NA,NA,NA,NA,NA,NA,NA,NA,NA,"X",NA,NA,NA,NA,NA,NA,NA,NA,NA,NA,NA,NA,NA,NA
NA,NA,2020,2020-05-31,"JG, JS","TM2","lower","7.0",NA,NA,NA,"red",NA,NA,NA,NA,NA,NA,"<1","2.5",NA,"V",NA,NA,NA,0,1,"7.0","Y",NA,NA,NA,NA,NA,NA,0.5
NA,NA,2020,2020-05-31,"JG, JS","TM2","lower","7.5",NA,NA,NA,"green",NA,NA,NA,NA,NA,NA,NA,NA,NA,"X",NA,NA,NA,NA,NA,NA,NA,NA,NA,NA,NA,NA,NA,NA
NA,NA,2020,2020-05-31,"JG, JS","TM2","lower","7.5",NA,NA,NA,"green",NA,NA,NA,NA,NA,NA,NA,NA,NA,"X",NA,NA,NA,NA,NA,NA,NA,NA,NA,NA,NA,NA,NA,NA
NA,NA,2020,2020-05-31,"JG, JS","TM2","lower","7.5",NA,NA,NA,"green",NA,NA,NA,NA,NA,NA,"<1","1.3",NA,"V",NA,NA,NA,NA,1,"4.0","Y",NA,NA,NA,NA,NA,NA,0.5
NA,NA,2020,2020-05-31,"JG, JS","TM2","lower","7.5",NA,NA,NA,"orange",NA,NA,NA,NA,NA,NA,NA,NA,NA,"X",NA,NA,NA,NA,NA,NA,NA,NA,NA,NA,NA,NA,NA,NA
NA,NA,2020,2020-05-31,"JG, JS","TM2","lower","7.5",NA,NA,NA,"orange",NA,NA,NA,NA,NA,NA,NA,NA,NA,"X",NA,NA,NA,NA,NA,NA,NA,NA,NA,NA,NA,NA,NA,NA
NA,NA,2020,2020-05-31,"JG, JS","TM2","lower","7.5",NA,NA,NA,"orange",NA,NA,NA,NA,NA,NA,NA,NA,NA,"X",NA,NA,NA,NA,NA,NA,NA,NA,NA,NA,NA,NA,NA,NA
NA,NA,2020,2020-05-31,"JG, JS","TM2","lower","7.5",NA,NA,NA,"orange",NA,NA,NA,NA,NA,NA,NA,NA,NA,"X",NA,NA,NA,NA,NA,NA,NA,NA,NA,NA,NA,NA,NA,NA
NA,NA,2020,2020-05-31,"JG, JS","TM2","lower","7.5",NA,NA,NA,"orange",NA,NA,NA,NA,NA,NA,NA,NA,NA,"X",NA,NA,NA,NA,NA,NA,NA,NA,NA,NA,NA,NA,NA,NA
NA,NA,2020,2020-05-31,"JG, JS","TM2","lower","7.5",NA,NA,NA,"orange",NA,NA,NA,NA,NA,NA,NA,NA,NA,"X",NA,NA,NA,NA,NA,NA,NA,NA,NA,NA,NA,NA,NA,NA
NA,NA,2020,2020-05-31,"JG, JS","TM2","lower","7.5",NA,NA,NA,"orange",NA,NA,NA,NA,NA,NA,NA,NA,NA,"X",NA,NA,NA,NA,NA,NA,NA,NA,NA,NA,NA,NA,NA,NA
NA,NA,2020,2020-05-31,"JG, JS","TM2","lower","7.5",NA,NA,NA,"orange",NA,NA,NA,NA,NA,NA,"<1","1.8",NA,"V",NA,NA,NA,NA,1,"6.0","Y",NA,NA,NA,NA,NA,NA,0.5
NA,NA,2020,2020-05-31,"JG, JS","TM2","lower","7.5",NA,NA,NA,"orange",NA,NA,NA,NA,NA,NA,"<1","10.7",NA,"P","0.0","1.0",23,1,1,NA,"N",NA,NA,NA,NA,NA,NA,0.5
NA,NA,2020,2020-05-31,"JG, JS","TM2","lower","7.5",NA,NA,NA,"orange",NA,NA,NA,NA,NA,NA,NA,NA,NA,"X",NA,NA,NA,NA,NA,NA,NA,NA,NA,NA,NA,NA,NA,NA
NA,NA,2020,2020-05-31,"JG, JS","TM2","lower","7.5",NA,NA,NA,"orange",NA,NA,NA,NA,NA,NA,"1.12","13.2",NA,"P","0.0","1.0",25,1,1,NA,"Y",NA,NA,NA,NA,NA,NA,1.12
NA,NA,2020,2020-05-31,"JG, JS","TM2","lower","7.5",NA,NA,NA,"yellow",NA,NA,NA,NA,NA,NA,NA,NA,NA,"X",NA,NA,NA,NA,NA,NA,NA,NA,NA,NA,NA,NA,NA,NA
NA,NA,2020,2020-05-31,"JG, JS","TM2","lower","7.5",NA,NA,NA,"yellow",NA,NA,NA,NA,NA,NA,NA,NA,NA,"X",NA,NA,NA,NA,NA,NA,NA,NA,NA,NA,NA,NA,NA,NA
NA,NA,2020,2020-05-31,"JG, JS","TM2","lower","8.0",NA,NA,NA,"green",NA,NA,NA,NA,NA,NA,NA,NA,NA,"X",NA,NA,NA,NA,NA,NA,NA,NA,NA,NA,NA,NA,NA,NA
NA,NA,2020,2020-05-31,"JG, JS","TM2","lower","8.0",NA,NA,NA,"green",NA,NA,NA,NA,NA,NA,NA,NA,NA,"X",NA,NA,NA,NA,NA,NA,NA,NA,NA,NA,NA,NA,NA,NA
NA,NA,2020,2020-05-31,"JG, JS","TM2","lower","8.0",NA,NA,NA,"green",NA,NA,NA,NA,NA,NA,NA,NA,NA,"X",NA,NA,NA,NA,NA,NA,NA,NA,NA,NA,NA,NA,NA,NA
NA,NA,2020,2020-05-31,"JG, JS","TM2","lower","8.0",NA,NA,NA,"orange",NA,NA,NA,NA,NA,NA,NA,NA,NA,"X",NA,NA,NA,NA,NA,NA,NA,NA,NA,NA,NA,NA,NA,NA
NA,NA,2020,2020-05-31,"JG, JS","TM2","lower","8.0",NA,NA,NA,"orange",NA,NA,NA,NA,NA,NA,NA,NA,NA,"X",NA,NA,NA,NA,NA,NA,NA,NA,NA,NA,NA,NA,NA,NA
NA,NA,2020,2020-05-31,"JG, JS","TM2","lower","8.0",NA,NA,NA,"orange",NA,NA,NA,NA,NA,NA,NA,NA,NA,"X",NA,NA,NA,NA,NA,NA,NA,NA,NA,NA,NA,NA,NA,NA
NA,NA,2020,2020-05-31,"JG, JS","TM2","lower","8.0",NA,NA,NA,"orange",NA,NA,NA,NA,NA,NA,NA,NA,NA,"X",NA,NA,NA,NA,NA,NA,NA,NA,NA,NA,NA,NA,NA,NA
NA,NA,2020,2020-05-31,"JG, JS","TM2","lower","8.0",NA,NA,NA,"orange",NA,NA,NA,NA,NA,NA,NA,NA,NA,"X",NA,NA,NA,NA,NA,NA,NA,NA,NA,NA,NA,NA,NA,NA
NA,NA,2020,2020-05-31,"JG, JS","TM2","lower","8.0",NA,NA,NA,"orange",NA,NA,NA,NA,NA,NA,NA,NA,NA,"X",NA,NA,NA,NA,NA,NA,NA,NA,NA,NA,NA,NA,NA,NA
NA,NA,2020,2020-05-31,"JG, JS","TM2","lower","8.0",NA,NA,NA,"orange",NA,NA,NA,NA,NA,NA,NA,NA,NA,"X",NA,NA,NA,NA,NA,NA,NA,NA,NA,NA,NA,NA,NA,NA
NA,NA,2020,2020-05-31,"JG, JS","TM2","lower","8.0",NA,NA,NA,"orange",NA,NA,NA,NA,NA,NA,NA,NA,NA,"X",NA,NA,NA,NA,NA,NA,NA,NA,NA,NA,NA,NA,NA,NA
NA,NA,2020,2020-05-31,"JG, JS","TM2","lower","8.0",NA,NA,NA,"orange",NA,NA,NA,NA,NA,NA,NA,NA,NA,"X",NA,NA,NA,NA,NA,NA,NA,NA,NA,NA,NA,NA,NA,NA
NA,NA,2020,2020-05-31,"JG, JS","TM2","lower","8.0",NA,NA,NA,"orange",NA,NA,NA,NA,NA,NA,NA,NA,NA,"X",NA,NA,NA,NA,NA,NA,NA,NA,NA,NA,NA,NA,NA,NA
NA,NA,2020,2020-05-31,"JG, JS","TM2","lower","8.0",NA,NA,NA,"yellow",NA,NA,NA,NA,NA,NA,NA,NA,NA,"X",NA,NA,NA,NA,NA,NA,NA,NA,NA,NA,NA,NA,NA,NA
NA,NA,2020,2020-05-31,"JG, JS","TM2","lower","8.0",NA,NA,NA,"yellow",NA,NA,NA,NA,NA,NA,"1.0","9.4",NA,"B","0.0","0.0",NA,1,1,NA,"Y",NA,NA,NA,NA,NA,"won't flower",1
NA,NA,2020,2020-05-31,"JG, JS","TM2","lower","8.5",NA,NA,NA,"orange",NA,NA,NA,NA,NA,NA,NA,NA,NA,"X",NA,NA,NA,NA,NA,NA,NA,NA,NA,NA,NA,NA,NA,NA
NA,NA,2020,2020-05-31,"JG, JS","TM2","lower","8.5",NA,NA,NA,"orange",NA,NA,"blue",48,50,18,"1.08","11.4",NA,"B","0.0","0.0",NA,1,1,NA,"Y",NA,NA,NA,NA,NA,NA,1.08
NA,NA,2020,2020-05-31,"JG, JS","TM2","lower","8.5",NA,NA,NA,"orange",NA,NA,NA,NA,NA,NA,NA,NA,NA,"X",NA,NA,NA,NA,NA,NA,NA,NA,NA,NA,NA,NA,NA,NA
NA,NA,2020,2020-05-31,"JG, JS","TM2","lower","9.0",NA,NA,NA,"green",NA,NA,NA,NA,NA,NA,NA,NA,NA,"X",NA,NA,NA,NA,NA,NA,NA,NA,NA,NA,NA,NA,NA,NA
NA,NA,2020,2020-05-31,"JG, JS","TM2","lower","9.0",NA,NA,NA,"yellow",NA,NA,NA,NA,NA,NA,NA,NA,NA,"X",NA,NA,NA,NA,NA,NA,NA,NA,NA,NA,NA,NA,NA,NA
NA,NA,2020,2020-05-31,"JG, JS","TM2","lower","9.5",NA,NA,NA,"orange",NA,NA,NA,NA,NA,NA,"<1","6.1",NA,"B","0.0","0.0",NA,1,1,NA,"Y",NA,NA,NA,NA,NA,NA,0.5
NA,NA,2020,2020-05-31,"JG, JS","TM2","lower","10.0",NA,NA,NA,"green",NA,NA,NA,NA,NA,NA,NA,NA,NA,"X",NA,NA,NA,NA,NA,NA,NA,NA,NA,NA,NA,NA,NA,NA
NA,NA,2020,2020-05-31,"JG, JS","TM2","lower","10.0",NA,NA,NA,"orange",NA,NA,"blue",65,32,7,"1.3","13.5",NA,"P","0.0","2.0",34,1,1,NA,"Y",NA,NA,NA,NA,NA,NA,1.3
NA,NA,2020,2020-05-31,"JG, JS","TM2","lower","10.0",NA,NA,NA,"yellow",NA,NA,NA,NA,NA,NA,NA,NA,NA,"X",NA,NA,NA,NA,NA,NA,NA,NA,NA,NA,NA,NA,NA,NA
NA,NA,2020,2020-05-31,"JG, JS","TM2","lower","10.5",NA,NA,NA,"green",NA,NA,NA,NA,NA,NA,NA,NA,NA,"X",NA,NA,NA,NA,NA,NA,NA,NA,NA,NA,NA,NA,"living stem",NA
NA,NA,2020,2020-05-31,"JG, JS","TM2","lower","10.5",NA,NA,NA,"orange",NA,NA,"blue",605,41,11,"1.03","7.0",NA,"P","0.0","1.0",41,1,1,NA,"Y",NA,NA,NA,NA,NA,NA,1.03
NA,NA,2020,2020-05-31,"JG, JS","TM2","lower","10.5",NA,NA,NA,"orange",NA,NA,NA,NA,NA,NA,"<1","6.5",NA,"B","0.0","0.0",NA,1,1,NA,"N",NA,NA,NA,NA,NA,NA,0.5
NA,NA,2020,2020-05-31,"JG, JS","TM2","lower","11.0",NA,NA,NA,NA,NA,NA,"yellow",108,15,16,NA,NA,NA,"X",NA,NA,NA,NA,NA,NA,NA,NA,NA,NA,NA,NA,NA,NA
NA,NA,2020,2020-05-31,"JG, JS","TM2","lower","12.0",NA,NA,NA,"yellow",NA,NA,NA,NA,NA,NA,NA,NA,NA,"X",NA,NA,NA,NA,NA,NA,NA,NA,NA,NA,NA,NA,NA,NA
NA,NA,2020,2020-05-31,"JG, JS","TM2","lower","13.0",NA,NA,NA,"orange",NA,NA,"blue",78,41,1,"1.46","25.0",NA,"P","0.0","3.0",50,1,1,NA,"Y",NA,NA,NA,NA,NA,NA,1.46
NA,NA,2020,2020-05-31,"JG, JS","TM2","lower","13.5",NA,NA,NA,NA,NA,NA,"yellow",64,39,5,NA,NA,NA,"X",NA,NA,NA,NA,NA,NA,NA,NA,NA,NA,NA,NA,NA,NA
NA,NA,2020,2020-05-31,"JG, JS","TM2","lower","14.0",NA,NA,NA,"orange",NA,NA,NA,NA,NA,NA,NA,NA,NA,"X",NA,NA,NA,NA,NA,NA,NA,NA,NA,NA,NA,NA,NA,NA
NA,NA,2020,2020-05-31,"JG, JS","TM2","lower","14.0",NA,NA,NA,"orange",NA,NA,NA,NA,NA,NA,NA,NA,NA,"X",NA,NA,NA,NA,NA,NA,NA,NA,NA,NA,NA,NA,NA,NA
NA,NA,2020,2020-05-31,"JG, JS","TM2","lower","14.0",NA,NA,NA,"orange",NA,NA,"blue",609,20,1,"2.08","34.0",NA,"P","0.0","5.0",55,1,1,NA,"Y",NA,NA,NA,NA,NA,NA,2.08
NA,NA,2020,2020-05-31,"JG, JS","TM2","lower","14.0",NA,NA,NA,"orange",NA,NA,NA,NA,NA,NA,NA,NA,NA,"X",NA,NA,NA,NA,NA,NA,NA,NA,NA,NA,NA,NA,NA,NA
NA,NA,2020,2020-05-31,"JG, JS","TM2","lower","14.0",NA,NA,NA,"yellow",NA,NA,NA,NA,NA,NA,NA,NA,NA,"X",NA,NA,NA,NA,NA,NA,NA,NA,NA,NA,NA,NA,NA,NA
NA,NA,2020,2020-05-31,"JG, JS","TM2","lower","14.0",NA,NA,NA,"yellow",NA,NA,NA,NA,NA,NA,"<1","9.5",NA,"B","0.0","0.0",NA,1,1,NA,"N",NA,NA,NA,NA,NA,NA,0.5
NA,NA,2020,2020-05-31,"JG, JS","TM2","lower","14.0",NA,NA,NA,"yellow",NA,NA,NA,NA,NA,NA,"<1","13.6",NA,"P","0.0","1.0",42,1,1,NA,"Y",NA,NA,NA,NA,NA,NA,0.5
NA,NA,2020,2020-05-31,"JG, JS","TM2","lower","14.5",NA,NA,NA,NA,NA,NA,"yellow",62,9,20,NA,NA,NA,"X",NA,NA,NA,NA,NA,NA,NA,NA,NA,NA,NA,NA,NA,NA
NA,NA,2020,2020-05-31,"JG, JS","TM2","lower","14.5",NA,NA,NA,NA,NA,NA,"yellow",84,40,12,NA,NA,NA,"X",NA,NA,NA,NA,NA,NA,NA,NA,NA,NA,NA,NA,NA,NA
NA,NA,2020,2020-05-31,"JG, JS","TM2","lower","14.5",NA,NA,NA,"orange",NA,NA,NA,NA,NA,NA,NA,NA,NA,"X",NA,NA,NA,NA,NA,NA,NA,NA,NA,NA,NA,NA,NA,NA
NA,NA,2020,2020-05-31,"JG, JS","TM2","lower","14.5",NA,NA,NA,"orange",NA,NA,NA,NA,NA,NA,NA,NA,NA,"X",NA,NA,NA,NA,NA,NA,NA,NA,NA,NA,NA,NA,NA,NA
NA,NA,2020,2020-05-31,"JG, JS","TM2","lower","14.5",NA,NA,NA,"orange",NA,NA,NA,NA,NA,NA,NA,NA,NA,"X",NA,NA,NA,NA,NA,NA,NA,NA,NA,NA,NA,NA,NA,NA
NA,NA,2020,2020-05-31,"JG, JS","TM2","lower","14.5",NA,NA,NA,"orange",NA,NA,NA,NA,NA,NA,NA,NA,NA,"X",NA,NA,NA,NA,NA,NA,NA,NA,NA,NA,NA,NA,NA,NA
NA,NA,2020,2020-05-31,"JG, JS","TM2","lower","14.5",NA,NA,NA,"orange",NA,NA,NA,NA,NA,NA,NA,NA,NA,"LS",NA,NA,NA,NA,NA,NA,NA,NA,NA,NA,NA,NA,"stem living",NA
NA,NA,2020,2020-05-31,"JG, JS","TM2","lower","14.5",NA,NA,NA,"orange",NA,NA,NA,NA,NA,NA,NA,NA,NA,"LS",NA,NA,NA,NA,NA,NA,NA,NA,NA,NA,NA,NA,"stem living",NA
NA,NA,2020,2020-05-31,"JG, JS","TM2","lower","14.5",NA,NA,NA,"orange",NA,NA,NA,NA,NA,NA,NA,NA,NA,"LS",NA,NA,NA,NA,NA,NA,NA,NA,NA,NA,NA,NA,"stem living",NA
NA,NA,2020,2020-05-31,"JG, JS","TM2","lower","14.5",NA,NA,NA,"orange",NA,NA,NA,NA,NA,NA,NA,NA,NA,"LS",NA,NA,NA,NA,NA,NA,NA,NA,NA,NA,NA,NA,"stem living",NA
NA,NA,2020,2020-05-31,"JG, JS","TM2","lower","14.5",NA,NA,NA,"orange",NA,NA,"blue",769,23,10,"1.12","15.0",NA,"P","0.0","1.0",50,1,1,NA,"N",NA,NA,NA,NA,NA,NA,1.12
NA,NA,2020,2020-05-31,"JG, JS","TM2","lower","14.5",NA,NA,NA,"orange",NA,NA,NA,NA,NA,NA,"<1","11.5",NA,"P","0.0","2.0",28,1,1,NA,"Y",NA,NA,NA,NA,NA,NA,0.5
NA,NA,2020,2020-05-31,"JG, JS","TM2","lower","14.5",NA,NA,NA,"orange",NA,NA,"blue",85,30,0,"1.85","33.0",NA,"P","0.0","3.0",67,1,1,NA,"N",NA,NA,NA,NA,NA,NA,1.85
NA,NA,2020,2020-05-31,"JG, JS","TM2","lower","14.5",NA,NA,NA,"orange",NA,NA,NA,NA,NA,NA,"<1","13.0",NA,"B","0.0","0.0",NA,1,1,NA,"N",NA,NA,NA,NA,NA,"stem broken",0.5
NA,NA,2020,2020-05-31,"JG, JS","TM2","lower","14.5",NA,NA,NA,"orange",NA,NA,NA,NA,NA,NA,"<1","16.5",NA,"P","0.0","1.0",30,1,1,NA,"Y",NA,NA,NA,NA,NA,NA,0.5
NA,NA,2020,2020-05-31,"JG, JS","TM2","lower","14.5",NA,NA,NA,"orange",NA,NA,"blue",0,49,17,"1.27","18.0",NA,"P","0.0","1.0",27,1,1,NA,"Y",NA,NA,NA,NA,NA,NA,1.27
NA,NA,2020,2020-05-31,"JG, JS","TM2","lower","14.5",NA,NA,NA,"orange",NA,NA,NA,NA,NA,NA,NA,NA,NA,"LS",NA,NA,NA,NA,NA,NA,NA,NA,NA,NA,NA,NA,"live stem",NA
NA,NA,2020,2020-05-31,"JG, JS","TM2","lower","14.5",NA,NA,NA,"orange",NA,NA,NA,NA,NA,NA,NA,NA,NA,"LS",NA,NA,NA,NA,NA,NA,NA,NA,NA,NA,NA,NA,"live stem",NA
NA,NA,2020,2020-05-31,"JG, JS","TM2","lower","14.5",NA,NA,NA,"orange",NA,NA,"blue",89,19,14,"1.4","26.5",NA,"P","1.0","2.0",60,1,1,NA,"4.0",NA,NA,NA,NA,NA,NA,1.4
NA,NA,2020,2020-05-31,"JG, JS","TM2","lower","14.5",NA,NA,NA,"yellow",NA,NA,NA,NA,NA,NA,NA,NA,NA,"X",NA,NA,NA,NA,NA,NA,NA,NA,NA,NA,NA,NA,NA,NA
NA,NA,2020,2020-05-31,"JG, JS","TM2","lower","15.0",NA,NA,NA,NA,NA,NA,"yellow",164,19,14,NA,NA,NA,"X",NA,NA,NA,NA,NA,NA,NA,NA,NA,NA,NA,NA,NA,NA
NA,NA,2020,2020-05-31,"JG, JS","TM2","lower","15.0",NA,NA,NA,NA,NA,NA,"yellow",165,9,12,NA,NA,NA,"X",NA,NA,NA,NA,NA,NA,NA,NA,NA,NA,NA,NA,NA,NA
NA,NA,2020,2020-05-31,"JG, JS","TM2","lower","15.0",NA,NA,NA,NA,NA,NA,"yellow",89,12,21,NA,NA,NA,"X",NA,NA,NA,NA,NA,NA,NA,NA,NA,NA,NA,NA,NA,NA
NA,NA,2020,2020-05-31,"JG, JS","TM2","lower","15.0",NA,NA,NA,"green",NA,NA,NA,NA,NA,NA,NA,NA,NA,"X",NA,NA,NA,NA,NA,NA,NA,NA,NA,NA,NA,NA,NA,NA
NA,NA,2020,2020-05-31,"JG, JS","TM2","lower","15.0",NA,NA,NA,"orange",NA,NA,NA,NA,NA,NA,NA,NA,NA,"X",NA,NA,NA,NA,NA,NA,NA,NA,NA,NA,NA,NA,NA,NA
NA,NA,2020,2020-05-31,"JG, JS","TM2","lower","15.0",NA,NA,NA,"orange",NA,NA,NA,NA,NA,NA,NA,NA,NA,"X",NA,NA,NA,NA,NA,NA,NA,NA,NA,NA,NA,NA,NA,NA
NA,NA,2020,2020-05-31,"JG, JS","TM2","lower","15.0",NA,NA,NA,"orange",NA,NA,NA,NA,NA,NA,NA,NA,NA,"LS",NA,NA,NA,NA,NA,NA,NA,NA,NA,NA,NA,NA,"live stem",NA
NA,NA,2020,2020-05-31,"JG, JS","TM2","lower","15.0",NA,NA,NA,"orange",NA,NA,"blue",50,25,0,"1.23","21.5",NA,"P","0.0","1.0",49,1,1,NA,"Y",NA,NA,NA,NA,NA,NA,1.23
NA,NA,2020,2020-05-31,"JG, JS","TM2","lower","15.0",NA,NA,NA,"orange",NA,NA,NA,NA,NA,NA,"<1","5.7",NA,"B","0.0","0.0",NA,1,1,NA,"Y",NA,NA,NA,NA,NA,NA,0.5
NA,NA,2020,2020-05-31,"JG, JS","TM2","lower","15.0",NA,NA,NA,"orange",NA,NA,"blue",62,22,19,"1.08","9.0",NA,"B","0.0","0.0",NA,1,1,NA,"N",NA,NA,NA,NA,NA,NA,1.08
NA,NA,2020,2020-05-31,"JG, JS","TM2","lower","15.0",NA,NA,NA,"orange",NA,NA,NA,NA,NA,NA,"<1","21.0",NA,"P","0.0","2.0",40,1,1,NA,"Y",NA,NA,NA,NA,NA,NA,0.5
NA,NA,2020,2020-05-31,"JG, JS","TM2","lower","15.0",NA,NA,NA,"orange",NA,NA,"blue",67,4,15,"1.04","12.5",NA,"P","0.0","2.0",38,1,1,NA,"Y",NA,NA,NA,NA,NA,NA,1.04
NA,NA,2020,2020-05-31,"JG, JS","TM2","lower","15.0",NA,NA,NA,"orange",NA,NA,NA,NA,NA,NA,"<1","20.0",NA,"P","0.0","2.0",45,1,1,NA,"Y",NA,NA,NA,NA,NA,NA,0.5
NA,NA,2020,2020-05-31,"JG, JS","TM2","lower","15.0",NA,NA,NA,"yellow",NA,NA,NA,NA,NA,NA,NA,NA,NA,"X",NA,NA,NA,NA,NA,NA,NA,NA,NA,NA,NA,NA,NA,NA
NA,NA,2020,2020-05-31,"JG, JS","TM2","lower","15.0",NA,NA,NA,"yellow",NA,NA,NA,NA,NA,NA,NA,NA,NA,"X",NA,NA,NA,NA,NA,NA,NA,NA,NA,NA,NA,NA,NA,NA
NA,NA,2020,2020-05-31,"JG, JS","TM2","lower","15.0",NA,NA,NA,"yellow",NA,NA,NA,NA,NA,NA,NA,NA,NA,"LS",NA,NA,NA,NA,NA,NA,NA,NA,NA,NA,NA,NA,"live stem",NA
NA,NA,2020,2020-05-31,"JG, JS","TM2","lower","15.0",NA,NA,NA,"yellow",NA,NA,"blue",94,1,4,"1.97","24.0",NA,"P","0.0","3.0",85,1,1,NA,"Y",NA,NA,NA,NA,NA,NA,1.97
NA,NA,2020,2020-05-31,"Eva, MB, LL","TM2","lower","15.0",NA,NA,NA,"yellow",NA,NA,NA,NA,NA,NA,NA,NA,NA,"LS",NA,NA,NA,NA,NA,NA,NA,NA,NA,NA,NA,NA,"live stem",NA
NA,NA,2020,2020-05-31,"Eva, MB, LL","TM2","lower","15.0",NA,NA,NA,"yellow",NA,NA,NA,NA,NA,NA,"<1","2.5",NA,"V",NA,NA,NA,NA,1,"7.0","Y",NA,NA,NA,NA,NA,NA,0.5
NA,NA,2020,2020-05-31,"Eva, MB, LL","TM2","lower","15.0",NA,NA,NA,"yellow",NA,NA,NA,NA,NA,NA,"<1","9.5",NA,"P","0.0","1.0",20,1,1,NA,"Y",NA,NA,NA,NA,NA,NA,0.5
NA,NA,2020,2020-05-31,"Eva, MB, LL","TM2","lower","15.0",NA,NA,NA,"yellow",NA,NA,NA,NA,NA,NA,NA,NA,NA,"X",NA,NA,NA,NA,NA,NA,NA,NA,NA,NA,NA,NA,NA,NA
NA,NA,2020,2020-05-31,"Eva, MB, LL","TM2","lower","15.0",NA,NA,NA,"yellow",NA,NA,"blue",98,44,20,"1.65","20.5",NA,"P","0.0","1.0",51,1,1,NA,"Y",NA,NA,NA,NA,NA,NA,1.65
NA,NA,2020,2020-05-31,"Eva, MB, LL","TM2","lower","15.5",NA,NA,NA,"yellow",NA,NA,NA,NA,NA,NA,"<1","13.0",NA,"B","0.0","0.0",NA,1,1,NA,"N",NA,NA,NA,NA,NA,NA,0.5
NA,NA,2020,2020-05-31,"Eva, MB, LL","TM2","lower","15.5",NA,NA,NA,NA,NA,NA,"yellow",3,2,2,NA,NA,NA,"X",NA,NA,NA,NA,NA,NA,NA,NA,NA,NA,NA,NA,NA,NA
NA,NA,2020,2020-05-31,"Eva, MB, LL","TM2","lower","15.5",NA,NA,NA,NA,NA,NA,"yellow",163,6,19,NA,NA,NA,"X",NA,NA,NA,NA,NA,NA,NA,NA,NA,NA,NA,NA,NA,NA
NA,NA,2020,2020-05-31,"Eva, MB, LL","TM2","lower","15.5",NA,NA,NA,"green",NA,NA,"blue",655,29,20,"1.38","25.5",NA,"P","0.0","3.0",62,1,1,NA,"Y",NA,NA,NA,NA,NA,NA,1.38
NA,NA,2020,2020-05-31,"Eva, MB, LL","TM2","lower","15.5",NA,NA,NA,"orange",NA,NA,NA,NA,NA,NA,"<1","51.0",NA,"P","0.0","2.0",52,1,1,NA,"Y",NA,NA,NA,NA,NA,NA,0.5
NA,NA,2020,2020-05-31,"Eva, MB, LL","TM2","lower","15.5",NA,NA,NA,"orange",NA,NA,NA,NA,NA,NA,"<1","11.1",NA,"F","1.0","0.0",0,1,1,NA,"Y",NA,NA,NA,NA,NA,NA,0.5
NA,NA,2020,2020-05-31,"Eva, MB, LL","TM2","lower","15.5",NA,NA,NA,"orange",NA,NA,NA,NA,NA,NA,NA,NA,NA,"X",NA,NA,NA,NA,NA,NA,NA,NA,NA,NA,NA,NA,NA,NA
NA,NA,2020,2020-05-31,"Eva, MB, LL","TM2","lower","15.5",NA,NA,NA,"orange",NA,NA,NA,NA,NA,NA,"<1","22.4",NA,"B","0.0","0.0",NA,1,1,NA,"Y",NA,NA,NA,NA,NA,"4 buds",0.5
NA,NA,2020,2020-05-31,"Eva, MB, LL","TM2","lower","15.5",NA,NA,NA,"orange",NA,NA,NA,NA,NA,NA,"<1","11.6",NA,"P","0.0","3.0",42,1,1,NA,"N",NA,NA,NA,NA,NA,NA,0.5
NA,NA,2020,2020-05-31,"Eva, MB, LL","TM2","lower","15.5",NA,NA,NA,"orange",NA,NA,"blue",73,4,12,"1.46","29.8",NA,"P","0.0","3.0",58,1,1,NA,"Y",NA,NA,NA,NA,NA,NA,1.46
NA,NA,2020,2020-05-31,"Eva, MB, LL","TM2","lower","16.5",NA,NA,NA,NA,NA,NA,"yellow",19,32,8,NA,NA,NA,"X",NA,NA,NA,NA,NA,NA,NA,NA,NA,NA,NA,NA,NA,NA
NA,NA,2020,2020-05-31,"Eva, MB, LL","TM2","lower","16.5",NA,NA,NA,NA,NA,NA,"yellow",178,7,17,NA,NA,NA,"X",NA,NA,NA,NA,NA,NA,NA,NA,NA,NA,NA,NA,NA,NA
NA,NA,2020,2020-05-31,"Eva, MB, LL","TM2","lower","16.5",NA,NA,NA,"orange",NA,NA,"blue",NA,5,20,"2.28","33.0",NA,"P","0.0","13.0",85,1,1,NA,"Y",NA,NA,NA,NA,NA,NA,2.28
NA,NA,2020,2020-05-31,"Eva, MB, LL","TM2","lower","16.5",NA,NA,NA,"orange",NA,NA,"blue",602,47,20,"1.98","32.5",NA,"P","0.0","13.0",88,1,1,NA,"Y",NA,NA,NA,NA,NA,NA,1.98
NA,NA,2020,2020-05-31,"Eva, MB, LL","TM2","lower","16.5",NA,NA,NA,"yellow",NA,NA,NA,NA,NA,NA,NA,NA,NA,"X",NA,NA,NA,NA,NA,NA,NA,NA,NA,NA,NA,NA,NA,NA
NA,NA,2020,2020-05-31,"Eva, MB, LL","TM2","lower","16.5",NA,NA,NA,"yellow",NA,NA,"blue",53,20,6,"1.61","26.0",NA,"P","0.0","7.0",75,1,1,NA,"Y",NA,NA,NA,NA,NA,NA,1.61
NA,NA,2020,2020-05-31,"Eva, MB, LL","TM2","lower","17.0",NA,NA,NA,NA,NA,NA,"yellow",79,18,14,NA,NA,NA,"X",NA,NA,NA,NA,NA,NA,NA,NA,NA,NA,NA,NA,NA,NA
NA,NA,2020,2020-05-31,"Eva, MB, LL","TM2","lower","17.0",NA,NA,NA,"green",NA,NA,NA,NA,NA,NA,"<1","5.5",NA,"B","0.0","0.0",NA,1,1,NA,"Y",NA,NA,NA,NA,NA,NA,0.5
NA,NA,2020,2020-05-31,"Eva, MB, LL","TM2","lower","17.0",NA,NA,NA,"green",NA,NA,NA,NA,NA,NA,NA,NA,NA,"X",NA,NA,NA,NA,NA,NA,NA,NA,NA,NA,NA,NA,NA,NA
NA,NA,2020,2020-05-31,"Eva, MB, LL","TM2","lower","17.0",NA,NA,NA,"green",NA,NA,NA,NA,NA,NA,NA,NA,NA,"X",NA,NA,NA,NA,NA,NA,NA,NA,NA,NA,NA,NA,NA,NA
NA,NA,2020,2020-05-31,"Eva, MB, LL","TM2","lower","17.0",NA,NA,NA,"green",NA,NA,NA,NA,NA,NA,"<1","16.5",NA,"P","0.0","2.0",45,1,1,NA,"Y",NA,NA,NA,NA,NA,NA,0.5
NA,NA,2020,2020-05-31,"Eva, MB, LL","TM2","lower","17.5",NA,NA,NA,"green",NA,NA,"blue",606,8,3,"3.96","43.1",NA,"P","0.0","12.0",68,1,1,NA,"Y",NA,NA,NA,NA,NA,NA,3.96
NA,NA,2020,2020-05-31,"Eva, MB, LL","TM2","lower","17.5",NA,NA,NA,"orange",NA,NA,"blue",765,26,6,"2.11","34.5",NA,"P","0.0","2.0",66,1,1,NA,"Y",NA,NA,NA,NA,NA,NA,2.11
NA,NA,2020,2020-05-31,"Eva, MB, LL","TM2","lower","18.0",NA,NA,NA,"orange",NA,NA,"blue",785,15,16,"1.07","22.1",NA,"P","0.0","2.0",55,1,1,NA,"Y",NA,NA,NA,NA,NA,NA,1.07
NA,NA,2020,2020-05-31,"Eva, MB, LL","TM2","lower","18.0",NA,NA,NA,"orange",NA,NA,"blue",650,15,18,"1.85","28.4",NA,"P","0.0","2.0",60,1,1,NA,"Y",NA,NA,NA,NA,NA,NA,1.85
NA,NA,2020,2020-05-31,"Eva","TM2","lower","18.0",NA,NA,NA,"orange",NA,NA,NA,NA,NA,NA,NA,NA,NA,"X",NA,NA,NA,NA,NA,NA,NA,NA,NA,NA,NA,NA,NA,NA
NA,NA,2020,2020-05-31,"Eva","TM2","lower","18.0",NA,NA,NA,"orange",NA,NA,NA,NA,NA,NA,NA,NA,NA,"LS",NA,NA,NA,NA,NA,NA,NA,NA,NA,NA,NA,NA,"living stem",NA
NA,NA,2020,2020-05-31,"Eva","TM2","lower","18.0",NA,NA,NA,"orange",NA,NA,"blue",64,25,17,"1.89","34.8",NA,"P","0.0","2.0",88,1,1,NA,"Y",NA,NA,NA,NA,NA,NA,1.89
NA,NA,2020,2020-05-31,"Eva","TM2","lower","18.0",NA,NA,NA,"orange",NA,NA,"blue",760,28,8,"1.42","23.7",NA,"P","0.0","3.0",62,1,1,NA,"Y",NA,NA,NA,NA,NA,NA,1.42
NA,NA,2020,2020-05-31,"Eva","TM2","lower","18.0",NA,NA,NA,"yellow",NA,NA,NA,NA,NA,NA,NA,NA,NA,"X",NA,NA,NA,NA,NA,NA,NA,NA,NA,NA,NA,NA,NA,NA
NA,NA,2020,2020-05-31,"Eva","TM2","lower","18.0",NA,NA,NA,"yellow",NA,NA,NA,NA,NA,NA,NA,NA,NA,"X",NA,NA,NA,NA,NA,NA,NA,NA,NA,NA,NA,NA,NA,NA
NA,NA,2020,2020-05-31,"Eva","TM2","lower","18.0",NA,NA,NA,"yellow",NA,NA,NA,NA,NA,NA,NA,NA,NA,"X",NA,NA,NA,NA,NA,NA,NA,NA,NA,NA,NA,NA,NA,NA
NA,NA,2020,2020-05-31,"Eva","TM2","lower","18.0",NA,NA,NA,"yellow",NA,NA,NA,NA,NA,NA,NA,NA,NA,"X",NA,NA,NA,NA,NA,NA,NA,NA,NA,NA,NA,NA,NA,NA
NA,NA,2020,2020-05-31,"Eva","TM2","lower","18.0",NA,NA,NA,"yellow",NA,NA,NA,NA,NA,NA,NA,NA,NA,"X",NA,NA,NA,NA,NA,NA,NA,NA,NA,NA,NA,NA,NA,NA
NA,NA,2020,2020-05-31,"Eva","TM2","lower","18.5",NA,NA,NA,"green",NA,NA,NA,NA,NA,NA,NA,NA,NA,"X",NA,NA,NA,NA,NA,NA,NA,NA,NA,NA,NA,NA,NA,NA
NA,NA,2020,2020-05-31,"Eva","TM2","lower","18.5",NA,NA,NA,"orange",NA,NA,"blue",80,20,0,"1.16","15.1",NA,"P","0.0","1.0",18,1,1,NA,"Y",NA,NA,NA,NA,NA,NA,1.16
NA,NA,2020,2020-05-31,"LL, DRD","TM2","upper","1.0",NA,NA,NA,"orange",NA,NA,NA,NA,NA,NA,NA,NA,NA,"X",NA,NA,NA,NA,NA,NA,NA,NA,NA,NA,NA,NA,NA,NA
NA,NA,2020,2020-05-31,"LL, DRD","TM2","upper","1.0",NA,NA,NA,"orange",NA,NA,NA,NA,NA,NA,NA,NA,NA,"X",NA,NA,NA,NA,NA,NA,NA,NA,NA,NA,NA,NA,NA,NA
NA,NA,2020,2020-05-31,"LL, DRD","TM2","upper","1.5",NA,NA,NA,"orange",NA,NA,NA,NA,NA,NA,NA,NA,NA,"X",NA,NA,NA,NA,NA,NA,NA,NA,NA,NA,NA,NA,NA,NA
NA,NA,2020,2020-05-31,"LL, DRD","TM2","upper","1.5",NA,NA,NA,"orange",NA,NA,NA,NA,NA,NA,NA,NA,NA,"X",NA,NA,NA,NA,NA,NA,NA,NA,NA,NA,NA,NA,NA,NA
NA,NA,2020,2020-05-31,"LL, DRD","TM2","upper","1.5",NA,NA,NA,"orange",NA,NA,NA,NA,NA,NA,NA,NA,NA,"X",NA,NA,NA,NA,NA,NA,NA,NA,NA,NA,NA,NA,NA,NA
NA,NA,2020,2020-05-31,"LL, DRD","TM2","upper","3.0",NA,NA,NA,"orange",NA,NA,"blue",764,31,20,"1.92","32.0",NA,"P","0.0","4.0",76,1,1,NA,"Y",NA,NA,NA,NA,NA,NA,1.92
NA,NA,2020,2020-05-31,"LL, DRD","TM2","upper","3.5",NA,NA,NA,"red",NA,NA,NA,NA,NA,NA,"<1","8.3",NA,"P","0.0","1.0",11,1,1,NA,"Y",NA,NA,NA,NA,NA,NA,0.5
NA,NA,2020,2020-05-31,"LL, DRD","TM2","upper","4.0",NA,NA,NA,"orange",NA,NA,NA,NA,NA,NA,NA,NA,NA,"X",NA,NA,NA,NA,NA,NA,NA,NA,NA,NA,NA,NA,NA,NA
NA,NA,2020,2020-05-31,"LL, DRD","TM2","upper","4.0",NA,NA,NA,"yellow",NA,NA,NA,NA,NA,NA,NA,NA,NA,"X",NA,NA,NA,NA,NA,NA,NA,NA,NA,NA,NA,NA,NA,NA
NA,NA,2020,2020-05-31,"LL, DRD","TM2","upper","4.5",NA,NA,NA,"blue",NA,NA,NA,NA,NA,NA,NA,NA,NA,"X",NA,NA,NA,NA,NA,NA,NA,NA,NA,NA,NA,NA,NA,NA
NA,NA,2020,2020-05-31,"LL, DRD","TM2","upper","4.5",NA,NA,NA,"yellow",NA,NA,NA,NA,NA,NA,NA,NA,NA,"X",NA,NA,NA,NA,NA,NA,NA,NA,NA,NA,NA,NA,NA,NA
NA,NA,2020,2020-05-31,"LL, DRD","TM2","upper","5.0",NA,NA,NA,"yellow",NA,NA,NA,NA,NA,NA,NA,NA,NA,"X",NA,NA,NA,NA,NA,NA,NA,NA,NA,NA,NA,NA,NA,NA
NA,NA,2020,2020-05-31,"LL, DRD","TM2","upper","5.5",NA,NA,NA,"red",NA,NA,NA,NA,NA,NA,NA,NA,NA,"X",NA,NA,NA,NA,NA,NA,NA,NA,NA,NA,NA,NA,NA,NA
NA,NA,2020,2020-05-31,"LL, DRD","TM2","upper","5.5",NA,NA,NA,"orange",NA,NA,"blue",761,38,20,"1.31","5.6",NA,"P","0.0","0.0",NA,1,1,NA,"Y",NA,NA,NA,NA,NA,"silique eaten",1.31
NA,NA,2020,2020-05-31,"LL, DRD","TM2","upper","6.0",NA,NA,NA,"orange",NA,NA,NA,NA,NA,NA,NA,NA,NA,"X",NA,NA,NA,NA,NA,NA,NA,NA,NA,NA,NA,NA,NA,NA
NA,NA,2020,2020-05-31,"LL, DRD","TM2","upper","6.0",NA,NA,NA,"orange",NA,NA,NA,NA,NA,NA,NA,NA,NA,"X",NA,NA,NA,NA,NA,NA,NA,NA,NA,NA,NA,NA,NA,NA
NA,NA,2020,2020-05-31,"LL, DRD","TM2","upper","6.0",NA,NA,NA,"yellow",NA,NA,NA,NA,NA,NA,NA,NA,NA,"X",NA,NA,NA,NA,NA,NA,NA,NA,NA,NA,NA,NA,NA,NA
NA,NA,2020,2020-05-31,"LL, DRD","TM2","upper","6.0",NA,NA,NA,"yellow",NA,NA,NA,NA,NA,NA,NA,NA,NA,"X",NA,NA,NA,NA,NA,NA,NA,NA,NA,NA,NA,NA,NA,NA
NA,NA,2020,2020-05-31,"LL, DRD","TM2","upper","6.5",NA,NA,NA,"blue",NA,NA,NA,NA,NA,NA,"<1","4.0",NA,"V",NA,NA,NA,NA,1,"6.0","Y",NA,NA,NA,NA,NA,NA,0.5
NA,NA,2020,2020-05-31,"LL, DRD","TM2","upper","6.5",NA,NA,NA,"green",NA,NA,NA,NA,NA,NA,NA,NA,NA,"X",NA,NA,NA,NA,NA,NA,NA,NA,NA,NA,NA,NA,NA,NA
NA,NA,2020,2020-05-31,"LL, DRD","TM2","upper","6.5",NA,NA,NA,"green",NA,NA,NA,NA,NA,NA,NA,NA,NA,"X",NA,NA,NA,NA,NA,NA,NA,NA,NA,NA,NA,NA,NA,NA
NA,NA,2020,2020-05-31,"LL, DRD","TM2","upper","6.5",NA,NA,NA,"green",NA,NA,NA,NA,NA,NA,NA,NA,NA,"X",NA,NA,NA,NA,NA,NA,NA,NA,NA,NA,NA,NA,NA,NA
NA,NA,2020,2020-05-31,"LL, DRD","TM2","upper","6.5",NA,NA,NA,"green",NA,NA,NA,NA,NA,NA,NA,NA,NA,"X",NA,NA,NA,NA,NA,NA,NA,NA,NA,NA,NA,NA,NA,NA
NA,NA,2020,2020-05-31,"LL, DRD","TM2","upper","6.5",NA,NA,NA,"green",NA,NA,"blue",7,25,11,"1.72","34.0",NA,"P","0.0","3.0",70,1,1,NA,"Y",NA,NA,NA,NA,NA,NA,1.72
NA,NA,2020,2020-05-31,"LL, DRD","TM2","upper","6.5",NA,NA,NA,"orange",NA,NA,NA,NA,NA,NA,NA,NA,NA,"X",NA,NA,NA,NA,NA,NA,NA,NA,NA,NA,NA,NA,NA,NA
NA,NA,2020,2020-05-31,"LL, DRD","TM2","upper","6.5",NA,NA,NA,"orange",NA,NA,NA,NA,NA,NA,NA,NA,NA,"X",NA,NA,NA,NA,NA,NA,NA,NA,NA,NA,NA,NA,NA,NA
NA,NA,2020,2020-05-31,"LL, DRD","TM2","upper","6.5",NA,NA,NA,"yellow",NA,NA,NA,NA,NA,NA,NA,NA,NA,"X",NA,NA,NA,NA,NA,NA,NA,NA,NA,NA,NA,NA,NA,NA
NA,NA,2020,2020-05-31,"LL, DRD","TM2","upper","7.0",NA,NA,NA,"red",NA,NA,NA,NA,NA,NA,NA,NA,NA,"X",NA,NA,NA,NA,NA,NA,NA,NA,NA,NA,NA,NA,NA,NA
NA,NA,2020,2020-05-31,"LL, DRD","TM2","upper","7.0",NA,NA,NA,"red",NA,NA,NA,NA,NA,NA,NA,NA,NA,"X",NA,NA,NA,NA,NA,NA,NA,NA,NA,NA,NA,NA,NA,NA
NA,NA,2020,2020-05-31,"LL, DRD","TM2","upper","7.0",NA,NA,NA,"red",NA,NA,NA,NA,NA,NA,NA,NA,NA,"X",NA,NA,NA,NA,NA,NA,NA,NA,NA,NA,NA,NA,NA,NA
NA,NA,2020,2020-05-31,"MB, LL","TM2","upper","7.0",NA,NA,NA,"red",NA,NA,NA,NA,NA,NA,"<1","15.5",NA,"P","0.0","1.0",5,1,1,NA,"Y",NA,NA,NA,NA,NA,NA,0.5
NA,NA,2020,2020-05-31,"MB, LL","TM2","upper","7.0",NA,NA,NA,"red",NA,NA,NA,NA,NA,NA,"<1","5.1",NA,"B","0.0","0.0",0,1,1,NA,"N",NA,NA,NA,NA,NA,NA,0.5
NA,NA,2020,2020-05-31,"MB, LL","TM2","upper","7.0",NA,NA,NA,"green",NA,NA,NA,NA,NA,NA,NA,NA,NA,"X",NA,NA,NA,NA,NA,NA,NA,NA,NA,NA,NA,NA,NA,NA
NA,NA,2020,2020-05-31,"MB, LL","TM2","upper","7.0",NA,NA,NA,"orange",NA,NA,NA,NA,NA,NA,NA,NA,NA,"X",NA,NA,NA,NA,NA,NA,NA,NA,NA,NA,NA,NA,NA,NA
NA,NA,2020,2020-05-31,"MB, LL","TM2","upper","7.0",NA,NA,NA,"orange",NA,NA,NA,NA,NA,NA,NA,NA,NA,"X",NA,NA,NA,NA,NA,NA,NA,NA,NA,NA,NA,NA,NA,NA
NA,NA,2020,2020-05-31,"MB, LL","TM2","upper","7.0",NA,NA,NA,"orange",NA,NA,NA,NA,NA,NA,NA,NA,NA,"X",NA,NA,NA,NA,NA,NA,NA,NA,NA,NA,NA,NA,NA,NA
NA,NA,2020,2020-05-31,"MB, LL","TM2","upper","7.0",NA,NA,NA,"orange",NA,NA,NA,NA,NA,NA,NA,NA,NA,"X",NA,NA,NA,NA,NA,NA,NA,NA,NA,NA,NA,NA,NA,NA
NA,NA,2020,2020-05-31,"MB, LL","TM2","upper","7.0",NA,NA,NA,"orange",NA,NA,NA,NA,NA,NA,NA,NA,NA,"X",NA,NA,NA,NA,NA,NA,NA,NA,NA,NA,NA,NA,NA,NA
NA,NA,2020,2020-05-31,"MB, LL","TM2","upper","7.0",NA,NA,NA,"orange",NA,NA,NA,NA,NA,NA,NA,NA,NA,"X",NA,NA,NA,NA,NA,NA,NA,NA,NA,NA,NA,NA,NA,NA
NA,NA,2020,2020-05-31,"MB, LL","TM2","upper","7.0",NA,NA,NA,"orange",NA,NA,NA,NA,NA,NA,NA,NA,NA,"X",NA,NA,NA,NA,NA,NA,NA,NA,NA,NA,NA,NA,NA,NA
NA,NA,2020,2020-05-31,"MB, LL","TM2","upper","7.0",NA,NA,NA,"orange",NA,NA,NA,NA,NA,NA,NA,NA,NA,"X",NA,NA,NA,NA,NA,NA,NA,NA,NA,NA,NA,NA,NA,NA
NA,NA,2020,2020-05-31,"MB, LL","TM2","upper","7.0",NA,NA,NA,"yellow",NA,NA,NA,NA,NA,NA,NA,NA,NA,"X",NA,NA,NA,NA,NA,NA,NA,NA,NA,NA,NA,NA,NA,NA
NA,NA,2020,2020-05-31,"MB, LL","TM2","upper","7.0",NA,NA,NA,"yellow",NA,NA,NA,NA,NA,NA,NA,NA,NA,"X",NA,NA,NA,NA,NA,NA,NA,NA,NA,NA,NA,NA,NA,NA
NA,NA,2020,2020-05-31,"MB, LL","TM2","upper","7.0",NA,NA,NA,"yellow",NA,NA,NA,NA,NA,NA,NA,NA,NA,"X",NA,NA,NA,NA,NA,NA,NA,NA,NA,NA,NA,NA,NA,NA
NA,NA,2020,2020-05-31,"MB, LL","TM2","upper","7.0",NA,NA,NA,"yellow",NA,NA,NA,NA,NA,NA,NA,NA,NA,"X",NA,NA,NA,NA,NA,NA,NA,NA,NA,NA,NA,NA,NA,NA
NA,NA,2020,2020-05-31,"MB, LL","TM2","upper","7.0",NA,NA,NA,"yellow",NA,NA,NA,NA,NA,NA,"<1","9.5",NA,"P","0.0","0.0",NA,1,1,NA,"Y",NA,NA,NA,NA,NA,"silique dispersed",0.5
NA,NA,2020,2020-05-31,"Eva","TM2","upper","7.5",NA,NA,NA,"orange",NA,NA,NA,NA,NA,NA,NA,NA,NA,"X",NA,NA,NA,NA,NA,NA,NA,NA,NA,NA,NA,NA,NA,NA
NA,NA,2020,2020-05-31,"Eva","TM2","upper","7.5",NA,NA,NA,"yellow",NA,NA,NA,NA,NA,NA,NA,NA,NA,"X",NA,NA,NA,NA,NA,NA,NA,NA,NA,NA,NA,NA,NA,NA
NA,NA,2020,2020-05-31,"Eva","TM2","upper","7.5",NA,NA,NA,"yellow",NA,NA,NA,NA,NA,NA,"<1","9.4",NA,"P","0.0","0.0",0,1,1,NA,"Y",NA,NA,NA,NA,NA,"fruit eaten",0.5
NA,NA,2020,2020-05-31,"Eva","TM2","upper","8.0",NA,NA,NA,"green",NA,NA,NA,NA,NA,NA,"<1","11.2",NA,"P","0.0","1.0",32,1,1,NA,"Y",NA,NA,NA,NA,NA,NA,0.5
NA,NA,2020,2020-05-31,"Eva","TM2","upper","8.0",NA,NA,NA,"green",NA,NA,NA,NA,NA,NA,"<1","12.2",NA,"P","0.0","1.0",33,1,1,NA,"Y",NA,NA,NA,NA,NA,NA,0.5
NA,NA,2020,2020-05-31,"Eva","TM2","upper","8.0",NA,NA,NA,"orange",NA,NA,NA,NA,NA,NA,"<1","2.9",NA,"V",NA,NA,NA,NA,1,"4.0","Y",NA,NA,NA,NA,NA,NA,0.5
NA,NA,2020,2020-05-31,"Eva","TM2","upper","8.5",NA,NA,NA,"orange",NA,NA,"blue",75,22,15,"1.95","33.4",NA,"P","0.0","3.0",62,1,1,NA,"Y",NA,NA,NA,NA,NA,NA,1.95
NA,NA,2020,2020-05-31,"Eva","TM2","upper","9.0",NA,NA,NA,"yellow",NA,NA,NA,NA,NA,NA,NA,NA,NA,"X",NA,NA,NA,NA,NA,NA,NA,NA,NA,NA,NA,NA,NA,NA
NA,NA,2020,2020-05-31,"Eva","TM2","upper","9.5",NA,NA,NA,"yellow",NA,NA,NA,NA,NA,NA,NA,NA,NA,"X",NA,NA,NA,NA,NA,NA,NA,NA,NA,NA,NA,NA,NA,NA
NA,NA,2020,2020-05-31,"Eva","TM2","upper","9.5",NA,NA,NA,"yellow",NA,NA,NA,NA,NA,NA,NA,NA,NA,"X",NA,NA,NA,NA,NA,NA,NA,NA,NA,NA,NA,NA,NA,NA
NA,NA,2020,2020-05-31,"Eva","TM2","upper","9.5",NA,NA,NA,"yellow",NA,NA,NA,NA,NA,NA,NA,NA,NA,"X",NA,NA,NA,NA,NA,NA,NA,NA,NA,NA,NA,NA,NA,NA
NA,NA,2020,2020-05-31,"Eva","TM2","upper","9.5",NA,NA,NA,"yellow",NA,NA,NA,NA,NA,NA,NA,NA,NA,"X",NA,NA,NA,NA,NA,NA,NA,NA,NA,NA,NA,NA,NA,NA
NA,NA,2020,2020-05-31,"Eva","TM2","upper","11.0",NA,NA,NA,"orange",NA,NA,NA,NA,NA,NA,NA,NA,NA,"X",NA,NA,NA,NA,NA,NA,NA,NA,NA,NA,NA,NA,NA,NA
NA,NA,2020,2020-05-31,"Eva","TM2","upper","11.5",NA,NA,NA,"orange",NA,NA,NA,NA,NA,NA,NA,NA,NA,"X",NA,NA,NA,NA,NA,NA,NA,NA,NA,NA,NA,NA,NA,NA
NA,NA,2020,2020-05-31,"DRD","TM2","upper","11.5",NA,NA,NA,"orange",NA,NA,"blue",59,5,10,"2.39","34.3",NA,"P","0.0","4.0",65,1,1,NA,"n",NA,NA,NA,NA,NA,NA,2.39
NA,NA,2020,2020-05-31,"DRD","TM2","upper","12.0",NA,NA,NA,NA,NA,NA,NA,NA,NA,NA,NA,NA,NA,"X",NA,NA,NA,NA,NA,NA,NA,NA,NA,NA,NA,NA,NA,NA
NA,NA,2020,2020-05-31,"DRD","TM2","upper","12.5",NA,NA,NA,"orange",NA,NA,"blue",766,46,20,"1.68","25.0",NA,"P","0.0","4.0",67,1,1,NA,"Y",NA,NA,NA,NA,NA,NA,1.68
NA,NA,2020,2020-05-31,"DRD","TM2","upper","13.0",NA,NA,NA,"orange",NA,NA,"blue",36,4,20,"1.27","10.5",NA,"P","0.0","1.0",38,1,1,NA,"Y",NA,NA,NA,NA,NA,NA,1.27
NA,NA,2020,2020-05-31,"DRD","TM2","upper","13.0",NA,NA,NA,"orange",NA,NA,"blue",93,11,20,"3.1","44.0",NA,"P","0.0","5.0",95,4,5,NA,"Y",NA,NA,NA,NA,NA,"broken stem",3.1
NA,NA,2020,2020-05-31,"DRD","TM2","upper","13.0",NA,NA,NA,"orange",NA,NA,NA,NA,NA,NA,NA,NA,NA,"X",NA,NA,NA,NA,NA,NA,NA,NA,NA,NA,NA,NA,NA,NA
NA,NA,2020,2020-05-31,"DRD","TM2","upper","13.0",NA,NA,NA,"orange",NA,NA,NA,NA,NA,NA,NA,NA,NA,"X",NA,NA,NA,NA,NA,NA,NA,NA,NA,NA,NA,NA,NA,NA
NA,NA,2020,2020-05-31,"DRD","TM2","upper","13.5",NA,NA,NA,"orange",NA,NA,NA,NA,NA,NA,NA,NA,NA,"X",NA,NA,NA,NA,NA,NA,NA,NA,NA,NA,NA,NA,NA,NA
NA,NA,2020,2020-05-31,"DRD","TM2","upper","13.5",NA,NA,NA,"orange",NA,NA,NA,NA,NA,NA,"<1","11.0",NA,"V",NA,NA,NA,NA,1,"1.0","Y",NA,NA,NA,NA,NA,NA,0.5
NA,NA,2020,2020-05-31,"DRD","TM2","upper","14.0",NA,NA,NA,"green",NA,NA,NA,NA,NA,NA,NA,NA,NA,"X",NA,NA,NA,NA,NA,NA,NA,NA,NA,NA,NA,NA,NA,NA
NA,NA,2020,2020-05-31,"DRD","TM2","upper","14.0",NA,NA,NA,"orange",NA,NA,NA,NA,NA,NA,"<1",NA,NA,"P","0.0","0.0",0,1,1,NA,"Y",NA,NA,NA,NA,NA,NA,0.5
NA,NA,2020,2020-05-31,"DRD","TM2","upper","14.5",NA,NA,NA,"orange",NA,NA,"blue",656,46,11,"1.36","17.9",NA,"P","0.0","2.0",60,1,1,NA,"Y",NA,NA,NA,NA,NA,NA,1.36
NA,NA,2020,2020-05-31,"DRD","TM2","upper","15.0",NA,NA,NA,"orange",NA,NA,NA,NA,NA,NA,NA,NA,NA,"X",NA,NA,NA,NA,NA,NA,NA,NA,NA,NA,NA,NA,NA,NA
NA,NA,2020,2020-05-31,"DRD","TM2","upper","17.0",NA,NA,NA,"yellow",NA,NA,NA,NA,NA,NA,NA,NA,NA,"X",NA,NA,NA,NA,NA,NA,NA,NA,NA,NA,NA,NA,NA,NA
NA,NA,2020,2020-05-31,"Eva","TM2","seep","2.0R",NA,NA,NA,NA,NA,NA,"yellow",31,24,-20,NA,NA,NA,"X",NA,NA,NA,NA,NA,NA,NA,NA,NA,NA,NA,NA,NA,NA
NA,NA,2020,2020-05-31,"Eva","TM2","seep","3.0R",NA,NA,NA,NA,NA,NA,"yellow",116,25,-9,NA,NA,NA,"X",NA,NA,NA,NA,NA,NA,NA,NA,NA,NA,NA,NA,NA,NA
NA,NA,2020,2020-05-31,"Eva","TM2","seep","3.5R",NA,NA,NA,NA,NA,NA,"yellow",46,25,-12,NA,NA,NA,"X",NA,NA,NA,NA,NA,NA,NA,NA,NA,NA,NA,NA,NA,NA
NA,NA,2020,2020-05-31,"Eva","TM2","seep","3.5R",NA,NA,NA,NA,NA,NA,"yellow",39,25,-19,NA,NA,NA,"X",NA,NA,NA,NA,NA,NA,NA,NA,NA,NA,NA,NA,NA,NA
NA,NA,2020,2020-05-31,"Eva","TM2","seep","3.5R",NA,NA,NA,NA,NA,NA,"yellow",48,26,-19,NA,NA,NA,"X",NA,NA,NA,NA,NA,NA,NA,NA,NA,NA,NA,NA,NA,NA
NA,NA,2020,2020-05-31,"Eva","TM2","seep","5.0R",NA,NA,NA,NA,NA,NA,"yellow",102,30,-13,NA,NA,NA,"X",NA,NA,NA,NA,NA,NA,NA,NA,NA,NA,NA,NA,NA,NA
NA,NA,2020,2020-05-31,"Eva","TM2","seep","5.0R",NA,NA,NA,NA,NA,NA,"yellow",110,36,-8,NA,NA,NA,"X",NA,NA,NA,NA,NA,NA,NA,NA,NA,NA,NA,NA,NA,NA
NA,NA,2020,2020-05-31,"Eva","TM2","seep","5.0R",NA,NA,NA,NA,NA,NA,"yellow",115,35,-10,NA,NA,NA,"X",NA,NA,NA,NA,NA,NA,NA,NA,NA,NA,NA,NA,NA,NA
NA,NA,2020,2020-05-31,"Eva","TM2","seep","5.0R",NA,NA,NA,NA,NA,NA,"yellow",58,30,-18,NA,NA,NA,"X",NA,NA,NA,NA,NA,NA,NA,NA,NA,NA,NA,NA,NA,NA
NA,NA,2020,2020-05-31,"Eva","TM2","seep","5.0R",NA,NA,NA,NA,NA,NA,"yellow",123,30,-19,NA,NA,NA,"X",NA,NA,NA,NA,NA,NA,NA,NA,NA,NA,NA,NA,NA,NA
NA,NA,2020,2020-05-31,"Eva","TM2","seep","5.0R",NA,NA,NA,NA,NA,NA,"yellow",21,46,-19,NA,NA,NA,"X",NA,NA,NA,NA,NA,NA,NA,NA,NA,NA,NA,NA,NA,NA
NA,NA,2020,2020-05-31,"Eva","TM2","seep","5.5R",NA,NA,NA,NA,NA,NA,"yellow",36,12,-7,NA,NA,NA,"X",NA,NA,NA,NA,NA,NA,NA,NA,NA,NA,NA,NA,NA,NA
NA,NA,2020,2020-05-31,"Eva","TM2","seep","5.5R",NA,NA,NA,NA,NA,NA,"yellow",138,49,-17,NA,NA,NA,"X",NA,NA,NA,NA,NA,NA,NA,NA,NA,NA,NA,NA,NA,NA
NA,NA,2020,2020-05-31,"Eva","TM2","seep","6.5L",NA,NA,NA,NA,NA,NA,"yellow",112,22,12,NA,NA,NA,"X",NA,NA,NA,NA,NA,NA,NA,NA,NA,NA,NA,NA,NA,NA
NA,NA,2020,2020-05-31,"Eva","TM2","seep","14R",NA,NA,NA,NA,NA,NA,"yellow",9,0,-20,"5.22","30.0",NA,"P","1.0","4.0",84,1,1,NA,"Y",NA,NA,NA,NA,NA,"new tag blue 61",5.22
NA,NA,2020,2020-05-31,"Eva","TM2","seep","13.5R",NA,NA,NA,NA,NA,NA,"yellow",106,47,-14,NA,NA,NA,"X",NA,NA,NA,NA,NA,NA,NA,NA,NA,NA,NA,NA,NA,NA
NA,NA,2020,2020-05-31,"Eva","TM2","seep","13.5R",NA,NA,NA,NA,NA,NA,"yellow",7,8,-7,NA,NA,NA,"X",NA,NA,NA,NA,NA,NA,NA,NA,NA,NA,NA,NA,NA,NA
NA,NA,2020,2020-05-31,"Eva","TM2","seep","13.5R",NA,NA,NA,NA,NA,NA,"yellow",114,19,-18,NA,NA,NA,"X",NA,NA,NA,NA,NA,NA,NA,NA,NA,NA,NA,NA,NA,NA
NA,NA,2020,2020-05-31,"Eva","TM2","seep","13R",NA,NA,NA,NA,NA,NA,"yellow",60,41,0,NA,NA,NA,"X",NA,NA,NA,NA,NA,NA,NA,NA,NA,NA,NA,NA,NA,NA
NA,NA,2020,2020-05-31,"Eva","TM2","seep","13R",NA,NA,NA,NA,NA,NA,"yellow",43,41,0,NA,NA,NA,"X",NA,NA,NA,NA,NA,NA,NA,NA,NA,NA,NA,NA,NA,NA
NA,NA,2020,2020-05-31,"Eva","TM2","seep","13R",NA,NA,NA,NA,NA,NA,"yellow",113,5,-16,NA,NA,NA,"X",NA,NA,NA,NA,NA,NA,NA,NA,NA,NA,NA,NA,NA,NA
NA,NA,2020,2020-05-31,"Eva","TM2","seep","13L",NA,NA,NA,NA,NA,NA,"yellow",9,NA,NA,NA,NA,NA,"X",NA,NA,NA,NA,NA,NA,NA,NA,NA,NA,NA,NA,NA,NA
NA,NA,2020,2020-05-31,"Eva","TM2","seep","13L",NA,NA,NA,NA,NA,NA,"yellow",54,21,14,NA,NA,NA,"X",NA,NA,NA,NA,NA,NA,NA,NA,NA,NA,NA,NA,NA,NA
NA,NA,2020,2020-05-31,"Eva","TM2","seep","12.5L",NA,NA,NA,NA,NA,NA,"yellow",52,34,10,NA,NA,NA,"X",NA,NA,NA,NA,NA,NA,NA,NA,NA,NA,NA,NA,NA,NA
NA,NA,2020,2020-05-31,"Eva","TM2","seep","12.5L",NA,NA,NA,NA,NA,NA,"yellow",105,34,10,NA,NA,NA,"X",NA,NA,NA,NA,NA,NA,NA,NA,NA,NA,NA,NA,NA,NA
NA,NA,2020,2020-05-31,"Eva","TM2","seep","12.5L",NA,NA,NA,NA,NA,NA,"yellow",59,30,0,NA,NA,NA,"X",NA,NA,NA,NA,NA,NA,NA,NA,NA,NA,NA,NA,NA,NA
NA,NA,2020,2020-05-31,"Eva","TM2","seep","12.5L",NA,NA,NA,NA,NA,NA,"yellow",NA,30,0,NA,NA,NA,"X",NA,NA,NA,NA,NA,NA,NA,NA,NA,NA,NA,NA,NA,NA
NA,NA,2020,2020-05-31,"Eva","TM2","seep","12.5L",NA,NA,NA,NA,NA,NA,"yellow",122,26,18,NA,NA,NA,"X",NA,NA,NA,NA,NA,NA,NA,NA,NA,NA,NA,NA,NA,NA
NA,NA,2020,2020-05-31,"Eva","TM2","seep","12.5R",NA,NA,NA,NA,NA,NA,"yellow",23,21,-16,NA,NA,NA,"X",NA,NA,NA,NA,NA,NA,NA,NA,NA,NA,NA,NA,NA,NA
NA,NA,2020,2020-05-31,"Eva","TM2","seep","11.5R",NA,NA,NA,NA,NA,NA,"yellow",121,40,0,NA,NA,NA,"X",NA,NA,NA,NA,NA,NA,NA,NA,NA,NA,NA,NA,NA,NA
NA,NA,2020,2020-05-31,"Eva","TM2","seep","11.5R",NA,NA,NA,NA,NA,NA,"yellow",25,25,-10,NA,NA,NA,"X",NA,NA,NA,NA,NA,NA,NA,NA,NA,NA,NA,NA,NA,NA
NA,NA,2020,2020-05-31,"Eva","TM2","seep","11.5R",NA,NA,NA,NA,NA,NA,"yellow",37,50,-13,NA,NA,NA,"X",NA,NA,NA,NA,NA,NA,NA,NA,NA,NA,NA,NA,NA,NA
NA,NA,2020,2020-05-31,"Eva","TM2","seep","1.0L",NA,NA,NA,NA,NA,NA,"blue",654,2,4,"4.16","26.2",NA,"P","0.0","3.0",66,2,2,NA,"Y",NA,NA,NA,NA,NA,NA,4.16
NA,NA,2020,2020-05-31,"Eva","TM2","seep","5.0R",NA,NA,NA,NA,NA,NA,NA,NA,NA,NA,"<1","8.1",NA,"B","0.0","0.0",NA,1,1,NA,"Y",NA,NA,NA,NA,NA,NA,0.5
NA,NA,2020,2020-05-31,"Eva","TM2","seep","5.0R",NA,NA,NA,NA,NA,NA,NA,NA,NA,NA,"<1","6.9",NA,"B","0.0","0.0",NA,1,1,NA,"Y",NA,NA,NA,NA,NA,NA,0.5
NA,NA,2020,2020-05-31,"Eva","TM2","seep","12.0L",NA,NA,NA,NA,NA,NA,"blue",780,10,20,"1.87","31.4",NA,"P","0.0","19.0",62,1,1,NA,"Y",NA,NA,NA,NA,NA,NA,1.87
NA,NA,2020,2020-05-31,"Eva","TM2","seep","12.5L",NA,NA,NA,NA,NA,NA,"blue",57,10,18,"9.18","29.6",NA,"P","0.0","13.0",51,1,1,NA,"Y",NA,NA,NA,NA,NA,NA,9.18
NA,NA,2020,2020-05-31,"Eva","TM2","seep","12.5L",NA,NA,NA,NA,NA,NA,"blue",52,10,0,"1.89","26.5",NA,"P","0.0","10.0",73,1,1,NA,"Y",NA,NA,NA,NA,NA,NA,1.89
NA,NA,2020,2020-05-31,"Eva","TM2","seep","12.5L",NA,NA,NA,NA,NA,NA,NA,NA,NA,NA,"<1","13.4",NA,"F","2.0",NA,NA,1,1,NA,"Y",NA,NA,NA,NA,NA,NA,0.5
NA,NA,2020,2020-05-31,"Eva","TM2","seep","12.5R",NA,NA,NA,NA,NA,NA,"blue",607,11,-14,"3.72","39.2",NA,"P","0.0","42.0",88,1,1,NA,"Y",NA,NA,NA,NA,NA,NA,3.72
NA,NA,2020,2020-05-31,"JG, JS","TM2","lower","5.0",NA,NA,NA,"green",NA,NA,"blue",32,0,20,"1.8","13.8",NA,"B","0.0","0.0",NA,1,1,NA,"Y",NA,NA,NA,NA,NA,"not likely to flower",1.8
NA,NA,2020,2020-05-31,"JG, JS","TM2","lower","6.5",NA,NA,NA,"yellow",NA,NA,NA,NA,NA,NA,NA,NA,NA,"X",NA,NA,NA,NA,NA,NA,NA,NA,NA,NA,NA,NA,NA,NA
NA,NA,2020,2020-05-31,"JG, JS","TM2","lower","7.5",NA,NA,NA,"orange",NA,NA,NA,NA,NA,NA,NA,NA,NA,"X",NA,NA,NA,NA,NA,NA,NA,NA,NA,NA,NA,NA,NA,NA
NA,NA,2020,2020-05-31,"JG, JS","TM2","lower","8.5",NA,NA,NA,"yellow",NA,NA,NA,NA,NA,NA,NA,NA,NA,"X",NA,NA,NA,NA,NA,NA,NA,NA,NA,NA,NA,NA,NA,NA
NA,NA,2020,2020-05-31,"Eva, Laura","TM2","lower","8.5",NA,NA,NA,"red",NA,NA,NA,NA,NA,NA,NA,NA,NA,"X",NA,NA,NA,NA,NA,NA,NA,NA,NA,NA,NA,NA,NA,NA
NA,NA,2020,2020-05-31,"JG, JS","TM2","outcrop",NA,NA,NA,NA,NA,NA,NA,"red",136,NA,NA,NA,NA,NA,"X",NA,NA,NA,NA,NA,NA,NA,NA,NA,NA,NA,NA,NA,NA
NA,NA,2020,2020-05-31,"Eva, Laura","TM2","outrcrop",NA,NA,NA,NA,NA,NA,NA,"blue",56,NA,NA,"2.53","17.0",NA,"B","0.0","0.0",0,1,2,NA,"Y",NA,NA,NA,NA,NA,"one V branch",2.53
NA,NA,2020,2020-05-31,"Eva, Laura","TM2","outrcrop",NA,NA,NA,NA,NA,NA,NA,"blue",72,NA,NA,"2.22","19.5",NA,"V",NA,NA,NA,NA,1,"29.0","Y",NA,NA,NA,NA,NA,NA,2.22
NA,NA,2020,2020-05-31,"Eva, Laura","TM2","outrcrop",NA,NA,NA,NA,NA,NA,NA,"blue",652,NA,NA,"1.67","13.5",NA,"V",NA,NA,NA,NA,1,"35.0","Y",NA,NA,NA,NA,NA,NA,1.67
NA,NA,2020,2020-05-31,"Eva, Laura","TM2","outrcrop",NA,NA,NA,NA,NA,NA,NA,"blue",608,NA,NA,"1.89","8.0",NA,"V",NA,NA,NA,NA,1,"21.0","Y",NA,NA,NA,NA,NA,NA,1.89
NA,NA,2020,2020-05-31,"Eva, Laura","TM2","outrcrop",NA,NA,NA,NA,NA,NA,NA,"blue",63,NA,NA,"1.77","15.0",NA,"V",NA,NA,NA,NA,1,"30.0","Y",NA,NA,NA,NA,NA,NA,1.77
NA,NA,2020,2020-05-31,"Eva, Laura","TM2","outrcrop",NA,NA,NA,NA,NA,NA,NA,"blue",4,NA,NA,"1.71","8.0",NA,"V",NA,NA,NA,NA,1,"29.0","Y",NA,NA,NA,NA,NA,NA,1.71
NA,NA,2020,2020-05-31,"Eva, Laura","TM2","outrcrop",NA,NA,NA,NA,NA,NA,NA,"blue",604,NA,NA,"1.53","8.6",NA,"V",NA,NA,NA,NA,1,"25.0","Y",NA,NA,NA,NA,NA,NA,1.53
NA,NA,2020,2020-05-31,"Eva, Laura","TM2","outrcrop",NA,NA,NA,NA,NA,NA,NA,"blue",79,NA,NA,"2.1","7.5",NA,"V",NA,NA,NA,NA,1,"32.0","Y",NA,NA,NA,NA,NA,NA,2.1
NA,NA,2020,2020-05-31,"Eva, Laura","TM2","outrcrop",NA,NA,NA,NA,NA,NA,NA,"blue",90,NA,NA,"1.53","7.5",NA,"V",NA,NA,NA,NA,1,"24.0","Y",NA,NA,NA,NA,NA,NA,1.53
NA,NA,2020,2020-05-31,"Eva, Laura","TM2","outrcrop",NA,NA,NA,NA,NA,NA,NA,"blue",768,NA,NA,"1.88","4.7",NA,"V",NA,NA,NA,NA,1,"22.0","Y",NA,NA,NA,NA,NA,NA,1.88
NA,NA,2020,2020-05-31,"Eva, Laura","TM2","outrcrop",NA,NA,NA,NA,NA,NA,NA,"blue",76,NA,NA,"1.54","8.5",NA,"V",NA,NA,NA,NA,1,"15.0","Y",NA,NA,NA,NA,NA,NA,1.54
NA,NA,2020,2020-05-31,"Eva, Laura","TM2","outrcrop",NA,NA,NA,NA,NA,NA,NA,"blue",702,NA,NA,"3.4","12.8",NA,"V",NA,NA,NA,NA,1,"43.0","Y",NA,NA,NA,NA,NA,"apex removed",3.4
NA,NA,2020,2020-05-31,"Eva, Laura","TM2","outrcrop",NA,NA,NA,NA,NA,NA,NA,"blue",25,NA,NA,"1.7","3.6",NA,"V",NA,NA,NA,NA,1,"20.0","Y",NA,NA,NA,NA,NA,NA,1.7
NA,NA,2020,2020-05-31,"Eva, Laura","TM2","outrcrop",NA,NA,NA,NA,NA,NA,NA,"blue",33,NA,NA,"1.78","8.1",NA,"V",NA,NA,NA,NA,1,"21.0","Y",NA,NA,NA,NA,NA,"apex removed",1.78
NA,NA,2020,2020-05-31,"Eva, Laura","TM2","outrcrop",NA,NA,NA,NA,NA,NA,NA,"blue",34,NA,NA,"1.59","8.3",NA,"V",NA,NA,NA,NA,1,"18.0","Y",NA,NA,NA,NA,NA,NA,1.59
NA,NA,2020,2020-05-31,"Eva, Laura","TM2","outrcrop",NA,NA,NA,NA,NA,NA,NA,"blue",8,NA,NA,"6.49","52.2",NA,"P","0.0","58.0",91,2,3,NA,"Y",NA,NA,NA,NA,NA,NA,6.49
NA,NA,2020,2020-05-31,"Eva, Laura","TM2","outrcrop",NA,NA,NA,NA,NA,NA,NA,"blue",95,NA,NA,"2.25","15.5",NA,"B","0.0","0.0",NA,1,2,NA,"Y",NA,NA,NA,NA,NA,NA,2.25
NA,NA,2020,2020-05-31,"Eva, Laura","TM2","outrcrop",NA,NA,NA,NA,NA,NA,NA,"blue",46,NA,NA,"1.77","7.5",NA,"V",NA,NA,NA,NA,1,"24.0","Y",NA,NA,NA,NA,NA,NA,1.77
NA,NA,2020,2020-05-31,"Eva, Laura","TM2","outrcrop",NA,NA,NA,NA,NA,NA,NA,"blue",5,NA,NA,"7.14","42.0",NA,"P","0.0","41.0",69,4,4,NA,"Y",NA,NA,NA,NA,NA,NA,7.14
NA,NA,2020,2020-05-31,"LCL, DRD","TM2","lower","14.5",NA,NA,NA,NA,NA,NA,"red",83,NA,NA,NA,NA,NA,"X",NA,NA,NA,NA,NA,NA,NA,NA,NA,NA,NA,NA,NA,NA
NA,NA,2020,2020-05-31,"LCL, DRD","TM2","lower","15.0",NA,NA,NA,"yelllow",NA,NA,NA,NA,NA,NA,NA,NA,NA,"LS",NA,NA,NA,NA,NA,NA,NA,NA,NA,NA,NA,NA,"stem alive",NA
NA,NA,2020,2020-05-31,"LCL, DRD","TM2","seep","6.5L",NA,NA,NA,NA,NA,NA,"blue",658,0,10,"4.4","34.0",NA,"P","0.0","36.0",85,1,1,NA,"Y",NA,NA,NA,NA,NA,NA,4.4
NA,NA,2020,2020-05-31,"LCL, DRD","TM2","seep","15L",NA,NA,NA,NA,NA,NA,"blue",83,39,8,"1.05","20.5",NA,"P","0.0","0.0",NA,1,1,NA,"Y",NA,NA,NA,NA,NA,NA,1.05
NA,NA,2020,2020-05-31,"LCL, DRD","TM2","seep","16R",NA,NA,NA,NA,NA,NA,"blue",42,30,-7,"1.25","9.7",NA,"B","0.0","0.0",NA,1,1,NA,"Y",NA,NA,NA,NA,NA,NA,1.25
NA,NA,2020,2020-05-31,"LCL, DRD","TM2","seep","13.5R",NA,NA,NA,NA,NA,NA,"blue",77,39,-9,"2.93","17.0",NA,"P","0.0","0.0",NA,1,1,NA,"Y",NA,NA,NA,NA,NA,NA,2.93
NA,NA,2020,2020-05-31,"JG, JS","TM2","outcrop",NA,NA,NA,NA,NA,NA,NA,"red",127,NA,NA,NA,NA,NA,"X",NA,NA,NA,NA,NA,NA,NA,NA,NA,NA,NA,NA,NA,NA
NA,NA,2020,2020-05-31,"JG, JS","TM2","outcrop",NA,NA,NA,NA,NA,NA,NA,"red",42,NA,NA,NA,NA,NA,NA,NA,NA,NA,NA,NA,NA,NA,NA,NA,NA,NA,NA,"not found",NA
NA,NA,2020,2020-05-31,"JG, JS","TM2","outcrop",NA,NA,NA,NA,NA,NA,NA,"red",130,NA,NA,NA,NA,NA,"X",NA,NA,NA,NA,NA,NA,NA,NA,NA,NA,NA,NA,NA,NA
NA,NA,2020,2020-05-31,"JG, JS","TM2","outcrop",NA,NA,NA,NA,NA,NA,NA,"red",26,NA,NA,"3.02","45.5",NA,"P","0.0","20.0",72,2,3,NA,"Y",NA,NA,NA,NA,NA,NA,3.02
NA,NA,2020,2020-05-31,"JG, JS","TM2","outcrop",NA,NA,NA,NA,NA,NA,NA,"red",47,NA,NA,NA,NA,NA,"X",NA,NA,NA,NA,NA,NA,NA,NA,NA,NA,NA,NA,NA,NA
NA,NA,2020,2020-05-31,"JG, JS","TM2","outcrop",NA,NA,NA,NA,NA,NA,NA,"red",45,NA,NA,NA,NA,NA,"X",NA,NA,NA,NA,NA,NA,NA,NA,NA,NA,NA,NA,NA,NA
NA,NA,2020,2020-05-31,"JG, JS","TM2","outcrop",NA,NA,NA,NA,NA,NA,NA,"red",33,NA,NA,NA,NA,NA,"X",NA,NA,NA,NA,NA,NA,NA,NA,NA,NA,NA,NA,NA,NA
NA,NA,2020,2020-05-31,"JG, JS","TM2","outcrop",NA,NA,NA,NA,NA,NA,NA,"yellow",56,NA,NA,NA,NA,NA,"X",NA,NA,NA,NA,NA,NA,NA,NA,NA,NA,NA,NA,NA,NA
NA,NA,2020,2020-05-31,"JG, JS","TM2","outcrop",NA,NA,NA,NA,NA,NA,NA,"yellow",166,NA,NA,NA,NA,NA,"X",NA,NA,NA,NA,NA,NA,NA,NA,NA,NA,NA,NA,NA,NA
NA,NA,2020,2020-05-31,"JG, JS","TM2","outcrop",NA,NA,NA,NA,NA,NA,NA,"yellow",170,NA,NA,NA,NA,NA,"X",NA,NA,NA,NA,NA,NA,NA,NA,NA,NA,NA,NA,NA,NA
NA,NA,2020,2020-05-31,"JG, JS","TM2","outcrop",NA,NA,NA,NA,NA,NA,NA,"yellow",78,NA,NA,NA,NA,NA,"X",NA,NA,NA,NA,NA,NA,NA,NA,NA,NA,NA,NA,NA,NA
NA,NA,2020,2020-05-31,"JG, JS","TM2","outcrop",NA,NA,NA,NA,NA,NA,NA,"yellow",12,NA,NA,NA,NA,NA,"X",NA,NA,NA,NA,NA,NA,NA,NA,NA,NA,NA,NA,NA,NA
NA,NA,2020,2020-05-31,"JG, JS","TM2","outcrop",NA,NA,NA,NA,NA,NA,NA,"yellow",162,NA,NA,NA,NA,NA,"X",NA,NA,NA,NA,NA,NA,NA,NA,NA,NA,NA,NA,NA,NA
NA,NA,2020,2020-05-31,"JG, JS","TM2","outcrop",NA,NA,NA,NA,NA,NA,NA,"yellow",20,NA,NA,NA,NA,NA,"X",NA,NA,NA,NA,NA,NA,NA,NA,NA,NA,NA,NA,NA,NA
NA,NA,2020,2020-05-31,"JG, JS","TM2","outcrop",NA,NA,NA,NA,NA,NA,NA,"red",125,NA,NA,NA,NA,NA,"X",NA,NA,NA,NA,NA,NA,NA,NA,NA,NA,NA,NA,NA,NA
NA,NA,2020,2020-05-31,"JG, JS","TM2","outcrop",NA,NA,NA,NA,NA,NA,NA,"red",30,NA,NA,NA,NA,NA,"X",NA,NA,NA,NA,NA,NA,NA,NA,NA,NA,NA,NA,NA,NA
NA,NA,2020,2020-05-31,"JG, JS","TM2","outcrop",NA,NA,NA,NA,NA,NA,NA,"red",59,NA,NA,NA,NA,NA,"X",NA,NA,NA,NA,NA,NA,NA,NA,NA,NA,NA,NA,"2018 band",NA
NA,NA,2020,2020-05-31,"JG, JS","TM2","outcrop",NA,NA,NA,NA,NA,NA,NA,"red",32,NA,NA,NA,NA,NA,"X",NA,NA,NA,NA,NA,NA,NA,NA,NA,NA,NA,NA,NA,NA
NA,NA,2020,2020-05-31,"JG, JS","TM2","outcrop",NA,NA,NA,NA,NA,NA,NA,"red",71,NA,NA,NA,NA,NA,"X",NA,NA,NA,NA,NA,NA,NA,NA,NA,NA,NA,NA,"2018 band",NA
NA,NA,2020,2020-05-31,"JG, JS","TM2","outcrop",NA,NA,NA,NA,NA,NA,NA,"red",135,NA,NA,NA,NA,NA,"X",NA,NA,NA,NA,NA,NA,NA,NA,NA,NA,NA,NA,NA,NA
NA,NA,2020,2020-05-31,"JG, JS","TM2","outcrop",NA,NA,NA,NA,NA,NA,NA,"red",129,NA,NA,NA,NA,NA,"X",NA,NA,NA,NA,NA,NA,NA,NA,NA,NA,NA,NA,NA,NA
2021-09-03,"SER",2021,2021-05-26,NA,"TM2","upper","2.5",NA,NA,NA,"blue","yellow",NA,NA,NA,NA,NA,"<1","10.6",NA,"X","0.0","0.0",NA,1,1,NA,"Y",NA,NA,NA,NA,NA,"top broken/eaten",0.5
2021-09-03,"SER",2021,2021-05-26,NA,"TM2","upper","3.0",NA,NA,NA,"blue",NA,NA,NA,NA,NA,NA,NA,NA,NA,"X",NA,NA,NA,NA,NA,NA,NA,NA,NA,NA,NA,NA,"no plant",NA
2021-09-03,"SER",2021,2021-05-26,NA,"TM2","upper","3.0",NA,NA,NA,"yellow","yellow",NA,NA,NA,NA,NA,"<1","4.0",NA,"X","0.0","0.0",NA,1,1,NA,"Y",NA,NA,NA,NA,NA,"top broken, probably flowers",0.5
2021-09-03,"SER",2021,2021-05-26,NA,"TM2","upper","3.0",NA,NA,NA,"yellow","white",NA,NA,NA,NA,NA,NA,NA,NA,"X",NA,NA,NA,NA,NA,NA,NA,NA,NA,NA,NA,NA,NA,NA
2021-09-03,"SER",2021,2021-05-26,NA,"TM2","upper","3.0",NA,NA,NA,NA,NA,NA,"blue",764,31,30,NA,NA,NA,"X",NA,NA,NA,NA,NA,NA,NA,NA,NA,NA,NA,NA,"no plant",NA
2021-09-03,"SER",2021,2021-05-26,NA,"TM2","upper","4.0",NA,NA,NA,"green","orange",NA,NA,NA,NA,NA,"<1","13.5",NA,"X","0.0","2.0",3.5,1,1,NA,"Y",NA,NA,NA,NA,NA,NA,0.5
2021-09-03,"SER",2021,2021-05-26,NA,"TM2","upper","5.0",NA,NA,NA,"yellow",NA,NA,NA,NA,NA,NA,NA,NA,NA,"X",NA,NA,NA,NA,NA,NA,NA,NA,NA,NA,NA,NA,"no plant",NA
2021-09-03,"SER",2021,2021-05-26,NA,"TM2","upper","5.0",NA,NA,NA,"yellow","yellow",NA,NA,NA,NA,NA,"<1","8.6",NA,"X","0.0","2.0",3.8,1,1,NA,NA,NA,NA,NA,NA,NA,NA,0.5
2021-09-03,"SER",2021,2021-05-26,NA,"TM2","upper","5.5",NA,NA,NA,NA,NA,NA,"blue",761,38,20,NA,NA,NA,"X",NA,NA,NA,1,1,NA,NA,NA,NA,NA,NA,NA,"two stumps",NA
2021-09-03,"SER",2021,2021-05-26,NA,"TM2","upper","6.5",NA,NA,NA,"yellow","whie",NA,NA,NA,NA,NA,NA,NA,NA,"X",NA,NA,NA,NA,NA,NA,NA,NA,NA,NA,NA,NA,"no plant",NA
2021-09-03,"SER",2021,2021-05-26,NA,"TM2","upper","6.5",NA,NA,NA,"red","yellow",NA,NA,NA,NA,NA,"<1","17.8",NA,"X","0.0","2.0",4.9,1,1,NA,"Y",NA,NA,NA,NA,NA,NA,0.5
2021-09-03,"SER",2021,2021-05-26,NA,"TM2","upper","6.5",NA,NA,NA,"red","white",NA,NA,NA,NA,NA,"<1","8.9",NA,"P","0.0","1.0",1.2,1,1,NA,"Y",NA,NA,NA,NA,NA,NA,0.5
2021-09-03,"SER",2021,2021-05-26,NA,"TM2","upper","6.5",NA,NA,NA,"red",NA,NA,NA,NA,NA,NA,NA,NA,NA,"X",NA,NA,NA,NA,NA,NA,NA,NA,NA,NA,NA,NA,"no plant",NA
2021-09-03,"SER",2021,2021-05-26,NA,"TM2","upper","6.5",NA,NA,NA,NA,NA,NA,"blue",7,25,11,NA,NA,NA,NA,NA,NA,NA,NA,NA,NA,NA,NA,NA,NA,NA,NA,"no plant",NA
2021-09-03,"SER",2021,2021-05-26,NA,"TM2","upper","7.0",NA,NA,NA,"yellow","red",NA,NA,NA,NA,NA,NA,NA,NA,"X",NA,NA,NA,NA,NA,NA,NA,NA,NA,NA,NA,NA,"no plant :(",NA
2021-09-03,"SER",2021,2021-05-26,NA,"TM2","upper","7.0",NA,NA,NA,"blue",NA,NA,NA,NA,NA,NA,NA,NA,NA,"X",NA,NA,NA,NA,NA,NA,NA,NA,NA,NA,NA,NA,"no plant",NA
2021-09-03,"SER",2021,2021-05-26,NA,"TM2","upper","8.0",NA,NA,NA,"yellow","green",NA,NA,NA,NA,NA,NA,NA,NA,"X",NA,NA,NA,1,1,NA,NA,NA,NA,NA,NA,NA,"stump",NA
2021-09-03,"SER",2021,2021-05-26,NA,"TM2","upper","8.0",NA,NA,NA,"yellow","blue",NA,NA,NA,NA,NA,"<1","7.5",NA,"X",NA,NA,NA,1,1,NA,"Y",NA,NA,NA,NA,NA,"broken top",0.5
2021-09-03,"SER",2021,2021-05-26,NA,"TM2","upper","8.5",NA,NA,NA,"yellow",NA,NA,NA,NA,NA,NA,NA,NA,NA,"X",NA,NA,NA,NA,NA,NA,NA,NA,NA,NA,NA,NA,"no plant",NA
2021-09-03,"SER",2021,2021-05-26,NA,"TM2","upper","8.5",NA,NA,NA,NA,NA,NA,"blue",75,22,15,"<1","18.5",NA,"X","0.0","0.0",NA,NA,NA,NA,NA,NA,NA,NA,NA,NA,"top broken, can't tell herb",0.5
2021-09-03,"SER",2021,2021-05-26,NA,"TM2","upper","9.0",NA,NA,NA,"yellow","yellow",NA,NA,NA,NA,NA,"<1","17.8",NA,"X","0.0","0.0",NA,1,1,NA,"Y",NA,NA,NA,NA,NA,"evidence of prior fruit",0.5
2021-09-03,"SER",2021,2021-05-26,NA,"TM2","upper","11.5",NA,NA,NA,NA,NA,NA,"blue",59,5,10,NA,NA,NA,"X",NA,NA,NA,NA,NA,NA,NA,NA,NA,NA,NA,NA,"stump",NA
2021-09-03,"SER",2021,2021-05-26,NA,"TM2","upper","12.0",NA,NA,NA,"red",NA,NA,NA,NA,NA,NA,NA,NA,NA,"X",NA,NA,NA,NA,NA,NA,NA,NA,NA,NA,NA,NA,"no plant",NA
2021-09-03,"SER",2021,2021-05-26,NA,"TM2","upper","12.5",NA,NA,NA,"red",NA,NA,NA,NA,NA,NA,NA,NA,NA,"X",NA,NA,NA,NA,NA,NA,NA,NA,NA,NA,NA,NA,"no plant",NA
2021-09-03,"SER",2021,2021-05-26,NA,"TM2","upper","12.5",NA,NA,NA,NA,NA,NA,"blue",766,46,20,NA,NA,NA,"X",NA,NA,NA,NA,NA,NA,NA,NA,NA,NA,NA,NA,"no plant",NA
2021-09-03,"SER",2021,2021-05-26,NA,"TM2","upper","13.0",NA,NA,NA,"red",NA,NA,NA,NA,NA,NA,NA,NA,NA,"X",NA,NA,NA,NA,NA,NA,NA,NA,NA,NA,NA,NA,NA,NA
2021-09-03,"SER",2021,2021-05-26,NA,"TM2","upper","13.0",NA,NA,NA,NA,NA,NA,"blue",36,4,20,NA,NA,NA,"X",NA,NA,NA,NA,NA,NA,NA,NA,NA,NA,NA,NA,"no plant",NA
2021-09-03,"SER",2021,2021-05-26,NA,"TM2","upper","13.0",NA,NA,NA,NA,NA,NA,"blue",93,11,20,NA,NA,NA,"X",NA,NA,NA,NA,NA,NA,NA,NA,NA,NA,NA,NA,"no plant",NA
2021-09-03,"SER",2021,2021-05-26,NA,"TM2","upper","14.5",NA,NA,NA,NA,NA,NA,"blue",656,46,11,NA,NA,NA,"X",NA,NA,NA,NA,NA,NA,NA,NA,NA,NA,NA,NA,"no plant",NA
2021-09-03,"SER",2021,2021-05-26,NA,"TM2","upper","15.0",NA,NA,NA,"yellow","orange",NA,NA,NA,NA,NA,"<1","11.7",NA,"X","0.0","0.0",NA,1,1,NA,"1.0",NA,NA,NA,NA,NA,"top broken",0.5
2021-09-03,"SER",2021,2021-05-26,NA,"TM2","lower","2.5",NA,NA,NA,"blue","orange",NA,NA,NA,NA,NA,NA,NA,NA,"X",NA,NA,NA,NA,NA,NA,NA,NA,NA,NA,NA,NA,NA,NA
2021-09-03,"SER",2021,2021-05-26,NA,"TM2","lower","3.0",NA,NA,NA,NA,NA,NA,"blue",59,24,16,NA,NA,NA,"X",NA,NA,NA,NA,NA,NA,NA,NA,NA,NA,NA,NA,"it looked like 54",NA
2021-09-03,"SER",2021,2021-05-26,NA,"TM2","lower","3.0",NA,NA,NA,NA,NA,NA,"blue",40,16,19,NA,NA,NA,"X",NA,NA,NA,NA,NA,NA,NA,NA,NA,NA,NA,NA,NA,NA
2021-09-03,"SER",2021,2021-05-26,NA,"TM2","lower","3.5",NA,NA,NA,"blue","yellow",NA,"purple",156,40,50,"3.35","48.0",NA,"P","0.0","14.0",6,1,1,NA,"Y",NA,NA,NA,NA,NA,NA,3.35
2021-09-03,"SER",2021,2021-05-26,NA,"TM2","lower","3.5",NA,NA,NA,"yellow",NA,NA,NA,NA,NA,NA,NA,NA,NA,"X",NA,NA,NA,NA,NA,NA,NA,NA,NA,NA,NA,NA,NA,NA
2021-09-03,"SER",2021,2021-05-26,NA,"TM2","lower","3.5",NA,NA,NA,NA,NA,NA,"blue",87,24,10,NA,NA,NA,"X",NA,NA,NA,NA,NA,NA,NA,NA,NA,NA,NA,NA,NA,NA
2021-09-03,"SER",2021,2021-05-26,NA,"TM2","lower","3.5",NA,NA,NA,NA,NA,NA,"blue",20,21,12,NA,NA,NA,"X",NA,NA,NA,NA,NA,NA,NA,NA,NA,NA,NA,NA,NA,NA
2021-09-03,"SER",2021,2021-05-26,NA,"TM2","lower","4.0",NA,NA,NA,"orange","orange",NA,"purple",154,46,32,"2.35","33.0",NA,"P","0.0","6.0",8.5,1,1,NA,"Y",NA,NA,NA,NA,NA,NA,2.35
2021-09-03,"SER",2021,2021-05-26,NA,"TM2","lower","4.0",NA,NA,NA,NA,NA,NA,"blue",30,40,0,NA,NA,NA,"X",NA,NA,NA,NA,NA,NA,NA,NA,NA,NA,NA,NA,NA,NA
2021-09-03,"SER",2021,2021-05-26,NA,"TM2","lower","4.5",NA,NA,NA,NA,NA,NA,"blue",760,27,23,NA,NA,NA,"X",NA,NA,NA,NA,NA,NA,NA,NA,NA,NA,NA,NA,NA,NA
2021-09-03,"SER",2021,2021-05-26,NA,"TM2","lower","5.0",NA,NA,NA,"yellow","white",NA,"purple",159,11,20,"2.66","30.0",NA,"P","0.0","3.0",9.5,1,1,NA,"Y",NA,NA,NA,NA,NA,NA,2.66
2021-09-03,"SER",2021,2021-05-26,NA,"TM2","lower","5.0",NA,NA,NA,"blue","orange",NA,NA,NA,NA,NA,NA,NA,NA,"X",NA,NA,NA,NA,NA,NA,NA,NA,NA,NA,NA,NA,NA,NA
2021-09-03,"SER",2021,2021-05-26,NA,"TM2","lower","5.0",NA,NA,NA,NA,NA,NA,"blue",35,29,18,NA,NA,NA,"X",NA,NA,NA,NA,NA,NA,NA,NA,NA,NA,NA,NA,NA,NA
2021-09-03,"SER",2021,2021-05-26,NA,"TM2","lower","5.0",NA,NA,NA,NA,NA,NA,"blue",55,19,6,NA,NA,NA,"X",NA,NA,NA,NA,NA,NA,NA,NA,NA,NA,NA,NA,NA,NA
2021-09-03,"SER",2021,2021-05-26,NA,"TM2","lower","5.0",NA,NA,NA,NA,NA,NA,"blue",45,4,16,NA,NA,NA,"X",NA,NA,NA,NA,NA,NA,NA,NA,NA,NA,NA,NA,NA,NA
2021-09-03,"SER",2021,2021-05-26,NA,"TM2","lower","5.0",NA,NA,NA,NA,NA,NA,"blue",32,0,20,NA,NA,NA,"X",NA,NA,NA,NA,NA,NA,NA,NA,NA,NA,NA,NA,NA,NA
2021-09-03,"SER",2021,2021-05-26,NA,"TM2","lower","5.0",NA,NA,NA,NA,NA,NA,"blue",6,3,22,NA,NA,NA,"X",NA,NA,NA,NA,NA,NA,NA,NA,NA,NA,NA,NA,NA,NA
2021-09-03,"SER",2021,2021-05-26,NA,"TM2","lower","5.5",NA,NA,NA,"orange","white",NA,"purple",158,30,23,"3.57","25.5",NA,"P","0.0","3.0",4,1,1,NA,"Y",NA,NA,NA,NA,NA,NA,3.57
2021-09-03,"SER",2021,2021-05-26,NA,"TM2","lower","5.5",NA,NA,NA,"green","orange",NA,"purple",2,9,29,"1.93","25.0",NA,"P","0.0","4.0",7.5,1,1,NA,"Y",NA,NA,NA,NA,NA,NA,1.93
2021-09-03,"SER",2021,2021-05-26,NA,"TM2","lower","5.5",NA,NA,NA,"green","white",NA,"purple",164,35,50,"1.63","12.5",NA,"V",NA,"0.0",NA,0,1,"1.0","Y",NA,NA,NA,NA,NA,"severely eaten",1.63
2021-09-03,"SER",2021,2021-05-26,NA,"TM2","lower","5.5",NA,NA,NA,NA,NA,NA,"blue",738,26,11,NA,NA,NA,"X",NA,NA,NA,NA,NA,NA,NA,NA,NA,NA,NA,NA,NA,NA
2021-09-03,"SER",2021,2021-05-26,NA,"TM2","lower","5.5",NA,NA,NA,NA,NA,NA,"blue",97,22,16,NA,NA,NA,"X",NA,NA,NA,NA,NA,NA,NA,NA,NA,NA,NA,NA,NA,NA
2021-09-03,"SER",2021,2021-05-26,NA,"TM2","lower","6.0",NA,NA,NA,"yellow","yellow",NA,NA,NA,NA,NA,NA,NA,NA,"X",NA,NA,NA,NA,NA,NA,NA,NA,NA,NA,NA,NA,NA,NA
2021-09-03,"SER",2021,2021-05-26,NA,"TM2","lower","6.0",NA,NA,NA,"yellow","yellow",NA,"purple",161,13,10,"3.21","41.0",NA,"P","0.0","17.0",8.5,1,1,NA,"Y",NA,NA,NA,NA,NA,NA,3.21
2021-09-03,"SER",2021,2021-05-26,NA,"TM2","lower","6.0",NA,NA,NA,"yellow","blue",NA,"purple",153,20,20,"4.81","55.0",NA,"P","0.0","37.0",7.5,1,1,NA,"Y",NA,NA,NA,NA,NA,"fruits look ripe",4.81
2021-09-03,"SER",2021,2021-05-26,NA,"TM2","lower","6.5",NA,NA,NA,NA,NA,NA,"blue",92,NA,NA,NA,NA,NA,"X",NA,NA,NA,NA,NA,NA,NA,NA,NA,NA,NA,NA,NA,NA
2021-09-03,"SER",2021,2021-05-26,NA,"TM2","lower","7.0",NA,NA,NA,"yellow","yellow",NA,"purple",377,45,10,"1.41","20.0",NA,"P","0.0","1.0",NA,1,1,NA,"Y",NA,NA,NA,NA,NA,"aphids",1.41
2021-09-03,"SER",2021,2021-05-26,NA,"TM2","lower","7.0",NA,NA,NA,NA,NA,NA,"blue",732,50,18,NA,NA,NA,"X",NA,NA,NA,NA,NA,NA,NA,NA,NA,NA,NA,NA,NA,NA
2021-09-03,"SER",2021,2021-05-26,NA,"TM2","lower","7.0",NA,NA,NA,NA,NA,NA,"blue",10,6,3,NA,NA,NA,"X",NA,NA,NA,NA,NA,NA,NA,NA,NA,NA,NA,NA,NA,NA
2021-09-03,"SER",2021,2021-05-26,NA,"TM2","lower","7.5",NA,NA,NA,"red","blue",NA,"purple",40,25,35,"1.92","33.0",NA,"P","0.0","6.0",5,1,1,NA,"Y",NA,NA,NA,NA,NA,"aphids",1.92
2021-09-03,"SER",2021,2021-05-26,NA,"TM2","lower","7.5",NA,NA,NA,"red","blue",NA,"purple",86,35,50,"1.16","45.1",NA,"P","0.0","35.0",7.1,1,1,NA,"N",NA,NA,NA,NA,NA,"katydid?",1.16
2021-09-03,"SER",2021,2021-05-26,NA,"TM2","lower","7.5",NA,NA,NA,"red","blue",NA,"purple",54,8,50,"2.08","47.3",NA,"P","0.0","14.0",7.9,1,1,NA,"Y",NA,NA,NA,NA,NA,NA,2.08
2021-09-03,"SER",2021,2021-05-26,NA,"TM2","lower","7.5",NA,NA,NA,"red","orange",NA,NA,NA,NA,NA,NA,NA,NA,"X",NA,NA,NA,NA,NA,NA,NA,NA,NA,NA,NA,NA,NA,NA
2021-09-03,"SER",2021,2021-05-26,NA,"TM2","lower","7.5",NA,NA,NA,"red","orange",NA,"purple",6,1,8,"1.84","14.0",NA,"P","0.0","1.0",4.5,1,1,NA,"Y",NA,NA,NA,NA,NA,"snapped recent",1.84
2021-09-03,"SER",2021,2021-05-26,NA,"TM2","lower","7.5",NA,NA,NA,"red","orange",NA,"purple",660,12,24,"1.59","18.0",NA,"P","0.0","2.0",5.1,1,1,NA,"Y",NA,NA,NA,NA,NA,NA,1.59
2021-09-03,"SER",2021,2021-05-26,NA,"TM2","lower","7.5",NA,NA,NA,"red","orange",NA,"purple",768,41,46,"1.91","24.0",NA,"P","0.0","5.0",6.6,1,1,NA,"Y",NA,NA,NA,NA,NA,NA,1.91
2021-09-03,"SER",2021,2021-05-26,NA,"TM2","lower","7.5",NA,NA,NA,"red","red",NA,"purple",486,3,40,"2.12","14.2",NA,"P","0.0","5.0",4.9,1,1,NA,"Y",NA,NA,NA,NA,NA,"aphids",2.12
2021-09-03,"SER",2021,2021-05-26,NA,"TM2","lower","7.5",NA,NA,NA,"red","yellow",NA,"purple",589,7,50,"1.45","30.2",NA,"P","0.0","5.0",6.6,1,1,NA,"Y",NA,NA,NA,NA,NA,NA,1.45
2021-09-03,"SER",2021,2021-05-26,NA,"TM2","lower","7.5",NA,NA,NA,"red","yellow",NA,"purple",4,29,13,"2.79","20.0",NA,"P","0.0","9.0",7,1,1,NA,"Y",NA,NA,NA,NA,NA,NA,2.79
2021-09-03,"SER",2021,2021-05-26,NA,"TM2","lower","7.5",NA,NA,NA,"red","yellow",NA,"purple",67,0,49,"3.37","36.2",NA,"P","0.0","8.0",6.4,1,1,NA,"Y",NA,NA,NA,NA,NA,NA,3.37
2021-09-03,"SER",2021,2021-05-26,NA,"TM2","lower","7.5",NA,NA,NA,"red",NA,NA,NA,NA,NA,NA,NA,NA,NA,"X",NA,NA,NA,NA,NA,NA,NA,NA,NA,NA,NA,NA,NA,NA
2021-09-03,"SER",2021,2021-05-26,NA,"TM2","lower","7.5",NA,NA,NA,"yellow","white",NA,"purple",884,5,2,"1.84","18.8",NA,"P","0.0","2.0",4.6,1,1,NA,"Y",NA,NA,NA,NA,NA,NA,1.84
2021-09-03,"SER",2021,2021-05-26,NA,"TM2","lower","7.5",NA,NA,NA,"yellow","red",NA,"purple",840,50,27,"2.56","25.3",NA,"P","0.0","0.0",NA,1,1,NA,"Y",NA,NA,NA,NA,NA,"caterpillar aphid [unclear word(s) following]",2.56
2021-09-03,"SER",2021,2021-05-26,NA,"TM2","lower","7.5",NA,NA,NA,"yellow","orange",NA,"purple",4,2,12,"2.7","31.0",NA,"P","0.0","10.0",5.5,1,1,NA,"Y",NA,NA,NA,NA,NA,"leaf hopper aphid",2.7
2021-09-03,"SER",2021,2021-05-26,NA,"TM2","lower","8.0",NA,NA,NA,"red","orange",NA,"purple",75,16,45,"1.79","22.3",NA,"P","0.0","3.0",NA,1,1,NA,"Y",NA,NA,NA,NA,NA,NA,1.79
2021-09-03,"SER",2021,2021-05-26,NA,"TM2","lower","8.0",NA,NA,NA,"red","blue",NA,"purple",888,38,50,"3.86","44.0",NA,"P","0.0","8.0",9.7,1,1,NA,"Y",NA,NA,NA,NA,NA,NA,3.86
2021-09-03,"SER",2021,2021-05-26,NA,"TM2","lower","8.0",NA,NA,NA,"yellow","blue",NA,"purple",70,0,50,"1.91","27.0",NA,"P","0.0","3.0",5.5,1,1,NA,"Y",NA,NA,NA,NA,NA,NA,1.91
2021-09-03,"SER",2021,2021-05-26,NA,"TM2","lower","8.0",NA,NA,NA,"yellow","orange",NA,"purple",93,20,29,"2.14","25.5",NA,"P","0.0","5.0",4.7,1,1,NA,"Y",NA,NA,NA,NA,NA,"aphid",2.14
2021-09-03,"SER",2021,2021-05-26,NA,"TM2","lower","8.0",NA,NA,NA,"yellow","yellow",NA,"purple",64,25,35,"1.95","25.0",NA,"P","0.0","3.0",6.5,1,1,NA,"Y",NA,NA,NA,NA,NA,NA,1.95
2021-09-03,"SER",2021,2021-05-26,NA,"TM2","lower","8.0",NA,NA,NA,"yellow","red",NA,"purple",658,39,21,"2.7","14.5",NA,"P","0.0","4.0",4.4,1,1,NA,"Y",NA,NA,NA,NA,NA,"flea [?] beetle",2.7
2021-09-03,"SER",2021,2021-05-26,NA,"TM2","lower","8.0",NA,NA,NA,"orange",NA,NA,NA,NA,NA,NA,"<1","9.7",NA,"V",NA,NA,NA,0,1,"2.1","Y",NA,NA,NA,NA,NA,"aphid",0.5
2021-09-03,"SER",2021,2021-05-26,NA,"TM2","lower","8.5",NA,NA,NA,"red","yellow",NA,"purple",766,5,29,"2.1","36.9",NA,"P","0.0","13.0",5.7,1,1,NA,"Y",NA,NA,NA,NA,NA,NA,2.1
2021-09-03,"SER",2021,2021-05-26,NA,"TM2","lower","8.5",NA,NA,NA,"red","yellow",NA,NA,NA,NA,NA,"<1","22.2",NA,"X","0.0","2.0",6,1,1,NA,"Y",NA,NA,NA,NA,NA,NA,0.5
2021-09-03,"SER",2021,2021-05-26,NA,"TM2","lower","8.5",NA,NA,NA,NA,NA,NA,"blue",48,50,18,NA,NA,NA,"P",NA,NA,NA,NA,NA,NA,NA,NA,NA,NA,NA,NA,"no plant",NA
2021-09-03,"SER",2021,2021-05-26,NA,"TM2","lower","9.0",NA,NA,NA,"yellow","yellow",NA,"purple",846,32,10,"2.38","10.5",NA,"P","0.0","14.0",6.4,1,1,NA,"Y",NA,NA,NA,NA,NA,NA,2.38
2021-09-03,"SER",2021,2021-05-26,NA,"TM2","lower","9.0",NA,NA,NA,"blue","yellow",NA,NA,NA,NA,NA,"<1","20.2",NA,"X","0.0","3.0",6.2,1,1,NA,"Y",NA,NA,NA,NA,NA,NA,0.5
2021-09-03,"SER",2021,2021-05-26,NA,"TM2","lower","10.0",NA,NA,NA,"red","yellow",NA,"purple",857,35,50,"3.3","48.2",NA,"P","0.0","21.0",7.6,1,1,NA,"Y",NA,NA,NA,NA,NA,NA,3.3
2021-09-03,"SER",2021,2021-05-26,NA,"TM2","lower","10.0",NA,NA,NA,"yellow","yellow",NA,NA,NA,NA,NA,NA,"33.5",NA,"X","0.0","1.0",2.4,1,1,NA,"Y",NA,NA,NA,NA,NA,"take data on dead plants w/ fruits?",NA
2021-09-03,"SER",2021,2021-05-26,NA,"TM2","lower","10.0",NA,NA,NA,"yellow",NA,NA,NA,NA,NA,NA,NA,NA,NA,"X",NA,NA,NA,NA,NA,NA,NA,NA,NA,NA,NA,NA,"no plant",NA
2021-09-03,"SER",2021,2021-05-26,NA,"TM2","lower","10.0",NA,NA,NA,NA,NA,NA,"blue",65,32,7,NA,NA,NA,"X",NA,NA,NA,NA,NA,NA,NA,NA,NA,NA,NA,NA,NA,NA
2021-09-03,"SER",2021,2021-05-26,NA,"TM2","lower","10.5",NA,NA,NA,"yellow","blue",NA,NA,NA,NA,NA,"<1","16.0",NA,"X","0.0","0.0",NA,1,1,NA,"Y",NA,NA,NA,NA,NA,NA,0.5
2021-09-03,"SER",2021,2021-05-26,NA,"TM2","lower","10.5",NA,NA,NA,"yellow","white",NA,NA,NA,NA,NA,"<1","13.1",NA,"P","0.0","2.0",5.1,1,1,NA,"Y",NA,NA,NA,NA,NA,NA,0.5
2021-09-03,"SER",2021,2021-05-26,NA,"TM2","lower","10.5",NA,NA,NA,"yellow","red",NA,"purple",864,10,35,"1.54","12.1",NA,"P","0.0","0.0",NA,1,1,NA,"Y",NA,NA,NA,NA,NA,"aphids, top missing",1.54
2021-09-03,"SER",2021,2021-05-26,NA,"TM2","lower","10.5",NA,NA,NA,"yellow",NA,NA,NA,NA,NA,NA,"<1","5.1",NA,"V","0.0","0.0",0,0,1,"0.2","Y",NA,NA,NA,NA,NA,NA,0.5
2021-09-03,"SER",2021,2021-05-26,NA,"TM2","lower","10.5",NA,NA,NA,NA,NA,NA,"blue",605,41,11,NA,NA,NA,"X",NA,NA,NA,NA,NA,NA,NA,NA,NA,NA,NA,NA,"missing",NA
2021-09-03,"SER",2021,2021-05-26,NA,"TM2","lower","11.0",NA,NA,NA,"red","yellow",NA,NA,NA,NA,NA,NA,NA,NA,NA,NA,NA,NA,NA,NA,NA,NA,NA,NA,NA,NA,NA,"missing",NA
2021-09-03,"SER",2021,2021-05-26,NA,"TM2","lower","12.5",NA,NA,NA,"yellow","red",NA,"purple",654,16,50,"3.13","44.0",NA,"P","0.0","3.0",6,1,1,NA,"Y",NA,NA,NA,NA,NA,NA,3.13
2021-09-03,"SER",2021,2021-05-26,NA,"TM2","lower","13.0",NA,NA,NA,NA,NA,NA,"blue",78,41,1,NA,NA,NA,"X",NA,NA,NA,NA,NA,NA,NA,NA,NA,NA,NA,NA,"missing",NA
2021-09-03,"SER",2021,2021-05-26,NA,"TM2","lower","13.5",NA,NA,NA,"yellow",NA,NA,NA,NA,NA,NA,NA,NA,NA,"X",NA,NA,NA,NA,NA,NA,NA,NA,NA,NA,NA,NA,"stump",NA
2021-09-03,"SER",2021,2021-05-26,NA,"TM2","lower","14.0",NA,NA,NA,"red","red",NA,"purple",845,36,11,"1.91","13.0",NA,"P","0.0","0.0",NA,1,1,NA,"Y",NA,NA,NA,NA,NA,"top broken",1.91
2021-09-03,"SER",2021,2021-05-26,NA,"TM2","lower","14.0",NA,NA,NA,"red","yellow",NA,NA,NA,NA,NA,"<1","17.3",NA,"X","0.0","1.0",1,1,1,NA,"Y",NA,NA,NA,NA,NA,NA,0.5
2021-09-03,"SER",2021,2021-05-26,NA,"TM2","lower","14.0",NA,NA,NA,"blue",NA,NA,NA,NA,NA,NA,"<1","3.2",NA,"X","0.0","0.0",NA,0,1,NA,"Y",NA,NA,NA,NA,NA,"vegetative but dead, leaves shrivelled",0.5
2021-09-03,"SER",2021,2021-05-26,NA,"TM2","lower","14.0",NA,NA,NA,"blue",NA,NA,"purple",888,33,2,"1.19","10.3",NA,"P","0.0","0.0",NA,1,1,NA,"Y",NA,NA,NA,NA,NA,"top broken",1.19
2021-09-03,"SER",2021,2021-05-26,NA,"TM2","lower","14.0",NA,NA,NA,NA,NA,NA,"blue",609,20,1,NA,NA,NA,"X",NA,NA,NA,NA,NA,NA,NA,NA,NA,NA,NA,NA,"no plant",NA
2021-09-03,"SER",2021,2021-05-26,NA,"TM2","lower","14.5",NA,NA,NA,"red",NA,NA,NA,NA,NA,NA,NA,NA,NA,"X",NA,NA,NA,NA,NA,NA,NA,NA,NA,NA,NA,NA,"missing",NA
2021-09-03,"SER",2021,2021-05-26,NA,"TM2","lower","14.5",NA,NA,NA,"red",NA,NA,NA,NA,NA,NA,NA,NA,NA,"X",NA,NA,NA,NA,NA,NA,"Y",NA,NA,NA,NA,NA,"eaten to base",NA
2021-09-03,"SER",2021,2021-05-26,NA,"TM2","lower","14.5",NA,NA,NA,"red",NA,NA,NA,NA,NA,NA,NA,NA,NA,"X",NA,NA,NA,NA,NA,NA,"Y",NA,NA,NA,NA,NA,"eaten to base",NA
2021-09-03,"SER",2021,2021-05-26,NA,"TM2","lower","14.5",NA,NA,NA,"red","blue",NA,NA,NA,NA,NA,"0.9","21.1",NA,"P","0.0","2.0",4.9,1,1,NA,"Y",NA,NA,NA,NA,NA,"eaten to base;[Data entry--converted longest_fruit_cm from mm (""mm"" written in column header, on scan)]",0.5
2021-09-03,"SER",2021,2021-05-26,NA,"TM2","lower","14.5",NA,NA,NA,"red","blue",NA,"purple",337,40,20,"1.89","32.7",NA,"P","0.0","6.0",6.4,1,1,NA,"Y",NA,NA,NA,NA,NA,"eaten to base;[Data entry--converted longest_fruit_cm from mm (""mm"" written in column header, on scan)]",1.89
2021-09-03,"SER",2021,2021-05-26,NA,"TM2","lower","14.5",NA,NA,NA,"red","orange",NA,NA,NA,NA,NA,NA,NA,NA,"X",NA,NA,NA,NA,NA,NA,"Y",NA,NA,NA,NA,NA,"eaten to base",NA
2021-09-03,"SER",2021,2021-05-26,NA,"TM2","lower","14.5",NA,NA,NA,"red","orange",NA,NA,NA,NA,NA,NA,NA,NA,"X",NA,NA,NA,NA,NA,NA,"Y",NA,NA,NA,NA,NA,"eaten to base",NA
2021-09-03,"SER",2021,2021-05-26,NA,"TM2","lower","14.5",NA,NA,NA,"red","orange",NA,"purple",347,40,2,"1.06","6.5",NA,"P","0.0","0.0",NA,1,1,NA,"Y",NA,NA,NA,NA,NA,"stem broken",1.06
2021-09-03,"SER",2021,2021-05-26,NA,"TM2","lower","14.5",NA,NA,NA,"red","orange",NA,"purple",378,40,20,"2.15","30.1",NA,"P","0.0","4.0",7.4,1,1,NA,"Y",NA,NA,NA,NA,NA,"[Data entry--converted longest_fruit_cm from mm (""mm"" written in column header, on scan)]",2.15
2021-09-03,"SER",2021,2021-05-26,NA,"TM2","lower","14.5",NA,NA,NA,"red","orange",NA,NA,NA,NA,NA,"0.92","16.4",NA,"P","0.0","0.0",0.6,1,1,NA,"Y",NA,NA,NA,NA,NA,"heavy herbivory;[Data entry--converted longest_fruit_cm from mm (""mm"" written in column header, on scan)]",0.5
2021-09-03,"SER",2021,2021-05-26,NA,"TM2","lower","14.5",NA,NA,NA,"red","orange",NA,NA,NA,NA,NA,NA,NA,NA,"X",NA,NA,NA,NA,NA,NA,"Y",NA,NA,NA,NA,NA,NA,NA
2021-09-03,"SER",2021,2021-05-26,NA,"TM2","lower","14.5",NA,NA,NA,"red","orange",NA,NA,NA,NA,NA,"1.76","31.1",NA,"P","0.0","5.0",7,1,1,NA,"Y",NA,NA,NA,NA,NA,"dying, did not mark;[Data entry--converted longest_fruit_cm from mm (""mm"" written in column header, on scan)]",1.76
2021-09-03,"SER",2021,2021-05-26,NA,"TM2","lower","14.5",NA,NA,NA,"red","orange",NA,NA,NA,NA,NA,NA,NA,NA,"X",NA,NA,NA,NA,NA,NA,"Y",NA,NA,NA,NA,NA,NA,NA
2021-09-03,"SER",2021,2021-05-26,NA,"TM2","lower","14.5",NA,NA,NA,"red","orange",NA,NA,NA,NA,NA,"1.46","25.6",NA,"X","0.0","6.0",6.7,1,1,NA,"Y",NA,NA,NA,NA,NA,"dying, did not mark;[Data entry--converted longest_fruit_cm from mm (""mm"" written in column header, on scan)]",1.46
2021-09-03,"SER",2021,2021-05-26,NA,"TM2","lower","14.5",NA,NA,NA,"red","white",NA,"purple",397,0,49,"1.97","26.5",NA,"P","0.0","3.0",5.2,1,1,NA,"Y",NA,NA,NA,NA,NA,"aphids;[Data entry--converted longest_fruit_cm from mm (""mm"" written in column header, on scan)]",1.97
2021-09-03,"SER",2021,2021-05-26,NA,"TM2","lower","14.5",NA,NA,NA,"yellow",NA,NA,NA,NA,NA,NA,NA,NA,NA,"X",NA,NA,NA,NA,NA,NA,NA,NA,NA,NA,NA,NA,"gone",NA
2021-09-03,"SER",2021,2021-05-26,NA,"TM2","lower","14.5",NA,NA,NA,NA,NA,NA,"blue",769,23,10,NA,NA,NA,"X",NA,NA,NA,NA,NA,NA,NA,NA,NA,NA,NA,NA,"gone",NA
2021-09-03,"SER",2021,2021-05-26,NA,"TM2","lower","14.5",NA,NA,NA,NA,NA,NA,"blue",85,30,0,NA,NA,NA,"X",NA,NA,NA,NA,NA,NA,NA,NA,NA,NA,NA,NA,"gone",NA
2021-09-03,"SER",2021,2021-05-26,NA,"TM2","lower","14.5",NA,NA,NA,NA,NA,NA,"blue",0,49,17,NA,NA,NA,"X",NA,NA,NA,NA,NA,NA,NA,NA,NA,NA,NA,NA,"gone",NA
2021-09-03,"SER",2021,2021-05-26,NA,"TM2","lower","14.5",NA,NA,NA,NA,NA,NA,"blue",89,19,14,NA,NA,NA,"X",NA,NA,NA,NA,NA,NA,NA,NA,NA,NA,NA,NA,"gone",NA
2021-09-03,"SER",2021,2021-05-26,NA,"TM2","lower","15.0",NA,NA,NA,"red","blue",NA,NA,NA,NA,NA,"1.37","28.4",NA,"P","0.0","3.0",5,1,1,NA,"Y",NA,NA,NA,NA,NA,"dying, did not mark;[Data entry--converted longest_fruit_cm from mm (""mm"" written in column header, on scan)]",1.37
2021-09-03,"SER",2021,2021-05-26,NA,"TM2","lower","15.0",NA,NA,NA,"red","blue",NA,NA,NA,NA,NA,"1.86","33.2",NA,"X","0.0","5.0",9.6,1,1,NA,"Y",NA,NA,NA,NA,NA,NA,1.86
2021-09-03,"SER",2021,2021-05-26,NA,"TM2","lower","15.0",NA,NA,NA,"red","blue",NA,NA,NA,NA,NA,"1.54","29.2",NA,"P","0.0","3.0",5.2,1,1,NA,"Y",NA,NA,NA,NA,NA,"dying, did not mark;[Data entry--converted longest_fruit_cm from mm (""mm"" written in column header, on scan)]",1.54
2021-09-03,"SER",2021,2021-05-26,NA,"TM2","lower","15.0",NA,NA,NA,"red","yellow",NA,NA,NA,NA,NA,"1.33","3.0",NA,"X",NA,NA,NA,1,1,NA,"Y",NA,NA,NA,NA,NA,"stem eaten/broken;[Data entry--converted longest_fruit_cm from mm (""mm"" written in column header, on scan)]",1.33
2021-09-03,"SER",2021,2021-05-26,NA,"TM2","lower","15.0",NA,NA,NA,"red","yellow",NA,NA,NA,NA,NA,"<1","22.3",NA,"X","0.0","3.0",6.9,1,1,NA,"Y",NA,NA,NA,NA,NA,"[Data entry--converted longest_fruit_cm from mm (""mm"" written in column header, on scan)]",0.5
2021-09-03,"SER",2021,2021-05-26,NA,"TM2","lower","15.0",NA,NA,NA,"red","orange",NA,NA,NA,NA,NA,"<1",NA,NA,"X",NA,NA,NA,NA,1,NA,NA,NA,NA,NA,NA,NA,"stem eaten/broken",0.5
2021-09-03,"SER",2021,2021-05-26,NA,"TM2","lower","15.0",NA,NA,NA,"yellow",NA,NA,"purple",587,20,1,"1.1","3.0",NA,"V","0.0","0.0",NA,0,1,"1.7","Y",NA,NA,NA,NA,NA,"[Data entry--converted longest_leaf_cm from mm (""mm"" written in column header, on scan)]",1.1
2021-09-03,"SER",2021,2021-05-26,NA,"TM2","lower","15.0",NA,NA,NA,"yellow","red",NA,"purple",394,10,50,"1.97","14.9",NA,"P","0.0","1.0",0.4,1,1,NA,"Y",NA,NA,NA,NA,NA,"[Data entry--converted longest_fruit_cm from mm (""mm"" written in column header, on scan)]",1.97
2021-09-03,"SER",2021,2021-05-26,NA,"TM2","lower","15.0",NA,NA,NA,"blue","orange",NA,NA,NA,NA,NA,"<1","13.5",NA,"P","0.0","2.0",3.5,1,1,NA,"Y",NA,NA,NA,NA,NA,"[Data entry--converted longest_fruit_cm from mm (""mm"" written in column header, on scan)]",0.5
2021-09-03,"SER",2021,2021-05-26,NA,"TM2","lower","15.0",NA,NA,NA,NA,NA,NA,"blue",50,25,0,NA,NA,NA,"X",NA,NA,NA,NA,NA,NA,NA,NA,NA,NA,NA,NA,"gone",NA
2021-09-03,"SER",2021,2021-05-26,NA,"TM2","lower","15.0",NA,NA,NA,NA,NA,NA,"blue",62,22,19,NA,NA,NA,"X",NA,NA,NA,NA,NA,NA,NA,NA,NA,NA,NA,NA,"gone",NA
2021-09-03,"SER",2021,2021-05-26,NA,"TM2","lower","15.0",NA,NA,NA,NA,NA,NA,"blue",67,4,15,NA,NA,NA,"X",NA,NA,NA,NA,NA,NA,NA,NA,NA,NA,NA,NA,"had perennial growing in [fuzzy word] [fuzzy writing]",NA
2021-09-03,"SER",2021,2021-05-26,NA,"TM2","lower","15.0",NA,NA,NA,NA,NA,NA,"blue",94,1,4,NA,NA,NA,"X",NA,NA,NA,NA,NA,NA,NA,NA,NA,NA,NA,NA,"sancas 49 14.5 [?]",NA
2021-09-03,"SER",2021,2021-05-26,NA,"TM2","lower","15.0",NA,NA,NA,NA,NA,NA,"blue",98,44,20,NA,NA,NA,"X",NA,NA,NA,NA,NA,NA,NA,NA,NA,NA,NA,NA,"gone",NA
2021-09-03,"SER",2021,2021-05-26,NA,"TM2","lower","15.5",NA,NA,NA,"red","yellow",NA,"purple",588,45,44,"1.22","26.9",NA,"P","0.0","6.0",7.5,1,1,NA,"Y",NA,NA,NA,NA,NA,"aphids;[Data entry--converted longest_fruit_cm from mm (""mm"" written in column header, on scan)]",1.22
2021-09-03,"SER",2021,2021-05-26,NA,"TM2","lower","15.5",NA,NA,NA,"red","yellow",NA,"purple",577,0,27,"3.89","32.6",NA,"P","0.0","8.0",6.9,1,1,NA,"Y",NA,NA,NA,NA,NA,"[Data entry--converted longest_fruit_cm from mm (written in column header, on scan)]",3.89
2021-09-03,"SER",2021,2021-05-26,NA,"TM2","lower","15.5",NA,NA,NA,"yellow",NA,NA,NA,NA,NA,NA,NA,NA,NA,"X",NA,NA,NA,NA,NA,NA,NA,NA,NA,NA,NA,NA,"gone",NA
2021-09-03,"SER",2021,2021-05-26,NA,"TM2","lower","15.5",NA,NA,NA,"yellow","yellow",NA,NA,NA,NA,NA,"<1","13.6",NA,"X","0.0","3.0",5.1,1,1,NA,"Y",NA,NA,NA,NA,NA,"[Data entry--converted longest_fruit_cm from mm (""mm"" written in column header, on scan)]",0.5
2021-09-03,"SER",2021,2021-05-26,NA,"TM2","lower","15.5",NA,NA,NA,"yellow","red",NA,"purple",534,15,1,"1.18","8.1",NA,"P","0.0","0.0",NA,1,1,NA,"Y",NA,NA,NA,NA,NA,NA,1.18
2021-09-03,"SER",2021,2021-05-26,NA,"TM2","lower","15.5",NA,NA,NA,"blue","orange",NA,NA,NA,NA,NA,NA,NA,NA,"X",NA,NA,NA,NA,NA,NA,"Y",NA,NA,NA,NA,NA,"stem eaten/broken",NA
2021-09-03,"SER",2021,2021-05-26,NA,"TM2","lower","15.5",NA,NA,NA,"blue","orange",NA,"purple",599,40,23,"1.1","13.9",NA,"P","0.0","1.0",5.9,1,1,NA,"Y",NA,NA,NA,NA,NA,"[Data entry--converted longest_fruit_cm from mm (""mm"" written in column header, on scan)]",1.1
2021-09-03,"SER",2021,2021-05-26,NA,"TM2","lower","15.5",NA,NA,NA,"orange",NA,NA,NA,NA,NA,NA,NA,NA,NA,"X",NA,NA,NA,NA,NA,NA,"Y",NA,NA,NA,NA,NA,"stem eaten down",NA
2021-09-03,"SER",2021,2021-05-26,NA,"TM2","lower","15.5",NA,NA,NA,"orange","orange",NA,"purple",355,49,41,"1.95","18.5",NA,"P","0.0","4.0",5.1,1,1,NA,"Y",NA,NA,NA,NA,NA,"[Data entry--converted longest_fruit_cm from mm (""mm"" written in column header, on scan)]",1.95
2021-09-03,"SER",2021,2021-05-26,NA,"TM2","lower","15.5",NA,NA,NA,NA,NA,NA,"blue",655,29,20,NA,NA,NA,"X",NA,NA,NA,NA,NA,NA,NA,NA,NA,NA,NA,NA,"gone",NA
2021-09-03,"SER",2021,2021-05-26,NA,"TM2","lower","15.5",NA,NA,NA,NA,NA,NA,"blue",73,4,12,NA,NA,NA,"X",NA,NA,NA,NA,NA,NA,NA,NA,NA,NA,NA,NA,"gone",NA
2021-09-03,"SER",2021,2021-05-26,NA,"TM2","lower","16.0",NA,NA,NA,"yellow","yellow",NA,"purple",538,5,33,"1.72","21.6",NA,"P","0.0","6.0",7.2,1,1,NA,"Y",NA,NA,NA,NA,NA,"[Data entry--converted longest_fruit_cm from mm (""mm"" written in column header, on scan)]",1.72
2021-09-03,"SER",2021,2021-05-26,NA,"TM2","lower","16.0",NA,NA,NA,"blue","yellow",NA,NA,NA,NA,NA,"<1",NA,NA,"X","0.0","1.0",3.6,1,1,NA,"Y",NA,NA,NA,NA,NA,"stem broken off;[Data entry--converted longest_fruit_cm from mm (""mm"" written in column header, on scan)]",0.5
2021-09-03,"SER",2021,2021-05-26,NA,"TM2","lower","16.0",NA,NA,NA,"orange",NA,NA,NA,NA,NA,NA,"<1","9.2",NA,"B","0.0","0.0",NA,1,1,NA,"Y",NA,NA,NA,NA,NA,"buds barely [?] opening",0.5
2021-09-03,"SER",2021,2021-05-26,NA,"TM2","lower","16.5",NA,NA,NA,"blue","blue",NA,"purple",366,43,34,"2.56","31.5",NA,"P","0.0","24.0",7,1,1,NA,"Y",NA,NA,NA,NA,NA,"[Data entry--converted longest_fruit_cm from mm (""mm"" written in column header, on scan)]",2.56
2021-09-03,"SER",2021,2021-05-26,NA,"TM2","lower","16.5",NA,NA,NA,"blue","orange",NA,"purple",448,30,48,"1.26","20.4",NA,"P","0.0","5.0",6.8,1,1,NA,"Y",NA,NA,NA,NA,NA,"[Data entry--converted longest_fruit_cm from mm (""mm"" written in column header, on scan)]",1.26
2021-09-03,"SER",2021,2021-05-26,NA,"TM2","lower","16.5",NA,NA,NA,"green","white",NA,NA,NA,NA,NA,"<1","7.0",NA,"X","0.0","0.0",NA,1,1,NA,"Y",NA,NA,NA,NA,NA,NA,0.5
2021-09-03,"SER",2021,2021-05-26,NA,"TM2","lower","16.5",NA,NA,NA,NA,NA,NA,"blue",602,47,20,NA,NA,NA,"X",NA,NA,NA,NA,NA,NA,NA,NA,NA,NA,NA,NA,"stump",NA
2021-09-03,"SER",2021,2021-05-26,NA,"TM2","lower","16.5",NA,NA,NA,NA,NA,NA,"blue",53,20,6,NA,NA,NA,"X",NA,NA,NA,NA,NA,NA,NA,NA,NA,NA,NA,NA,"stump",NA
2021-09-03,"SER",2021,2021-05-26,NA,"TM2","lower","17.0",NA,NA,NA,"blue","yellow",NA,"purple",205,3,13,"1.55","19.1",NA,"P","0.0","0.0",NA,1,1,NA,"Y",NA,NA,NA,NA,NA,NA,1.55
2021-09-03,"SER",2021,2021-05-26,NA,"TM2","lower","17.0",NA,NA,NA,"green","yellow",NA,NA,NA,NA,NA,NA,NA,NA,"X",NA,NA,NA,NA,NA,NA,NA,NA,NA,NA,NA,NA,"stump",NA
2021-09-03,"SER",2021,2021-05-26,NA,"TM2","lower","17.0",NA,NA,NA,"green","yellow",NA,"purple",874,40,49,"1.48","23.2",NA,"P","0.0","7.0",5.1,1,1,NA,"Y",NA,NA,NA,NA,NA,NA,1.48
2021-09-03,"SER",2021,2021-05-26,NA,"TM2","lower","17.0",NA,NA,NA,NA,NA,NA,"blue",58,NA,NA,NA,NA,NA,"X",NA,NA,NA,NA,NA,NA,NA,NA,NA,NA,NA,NA,"stump",NA
2021-09-03,"SER",2021,2021-05-26,NA,"TM2","lower","17.5",NA,NA,NA,"red","yellow",NA,"purple",102,4,5,"2.73","39.1",NA,"P","0.0","15.0",7.2,1,1,NA,"Y",NA,NA,NA,NA,NA,NA,2.73
2021-09-03,"SER",2021,2021-05-26,NA,"TM2","lower","17.5",NA,NA,NA,"blue","yellow",NA,NA,NA,NA,NA,"<1","12.6",NA,"P","0.0","1.0",3.1,1,1,NA,"Y",NA,NA,NA,NA,NA,NA,0.5
2021-09-03,"SER",2021,2021-05-26,NA,"TM2","lower","17.5",NA,NA,NA,"yellow","red",NA,"purple",169,15,45,"1.35","13.6",NA,"P","0.0","1.0",4.1,1,1,NA,"Y",NA,NA,NA,NA,NA,NA,1.35
2021-09-03,"SER",2021,2021-05-26,NA,"TM2","lower","17.5",NA,NA,NA,"yellow","red",NA,"purple",101,16,47,"1.58","13.5",NA,"P","0.0","0.0",NA,1,1,NA,"Y",NA,NA,NA,NA,NA,"tip may have been nipped",1.58
2021-09-03,"SER",2021,2021-05-26,NA,"TM2","lower","17.5",NA,NA,NA,"blue",NA,NA,NA,NA,NA,NA,"<1","6.0",NA,"V","0.0","0.0",NA,NA,1,"1.6","Y",NA,NA,NA,NA,NA,NA,0.5
2021-09-03,"SER",2021,2021-05-26,NA,"TM2","lower","17.5",NA,NA,NA,"blue","orange",NA,"purple",204,3,39,"1.21","15.3",NA,"P","0.0","1.0",2.8,1,1,NA,"Y",NA,NA,NA,NA,NA,"measured left-->right",1.21
2021-09-03,"SER",2021,2021-05-26,NA,"TM2","lower","17.5",NA,NA,NA,"blue","orange",NA,"purple",155,15,30,"1.19","15.6",NA,"P","0.0","4.0",4.8,1,1,NA,"Y",NA,NA,NA,NA,NA,"measured left-->right",1.19
2021-09-03,"SER",2021,2021-05-26,NA,"TM2","lower","17.5",NA,NA,NA,"blue","orange",NA,"purple",151,18,46,"1.24","16.7",NA,"P","0.0","2.0",4.4,1,1,NA,"Y",NA,NA,NA,NA,NA,"measured left-->right",1.24
2021-09-03,"SER",2021,2021-05-26,NA,"TM2","lower","17.5",NA,NA,NA,"blue","yellow",NA,"purple",162,33,41,"4.17","56.0",NA,"P","0.0","28.0",7.5,1,1,NA,"Y",NA,NA,NA,NA,NA,NA,4.17
2021-09-03,"SER",2021,2021-05-26,NA,"TM2","lower","17.5",NA,NA,NA,"orange",NA,NA,NA,NA,NA,NA,"<1","5.1",NA,"P","0.0","0.0",NA,1,1,NA,"Y",NA,NA,NA,NA,NA,"top broken",0.5
2021-09-03,"SER",2021,2021-05-26,NA,"TM2","lower","17.5",NA,NA,NA,"green","white",NA,NA,NA,NA,NA,"<1","6.8",NA,"P","0.0","1.0",2.4,1,1,NA,"Y",NA,NA,NA,NA,NA,NA,0.5
2021-09-03,"SER",2021,2021-05-26,NA,"TM2","lower","17.5",NA,NA,NA,NA,NA,NA,"blue",606,8,3,NA,NA,NA,"X",NA,NA,NA,NA,NA,NA,NA,NA,NA,NA,NA,NA,NA,NA
2021-09-03,"SER",2021,2021-05-26,NA,"TM2","lower","17.5",NA,NA,NA,NA,NA,NA,"blue",765,26,6,NA,NA,NA,"X",NA,NA,NA,NA,NA,NA,NA,NA,NA,NA,NA,NA,"stump",NA
2021-09-03,"SER",2021,2021-05-26,NA,"TM2","lower","18.0",NA,NA,NA,NA,NA,NA,"blue",785,15,16,NA,NA,NA,"X",NA,NA,NA,NA,NA,NA,NA,NA,NA,NA,NA,NA,"stump",NA
2021-09-03,"SER",2021,2021-05-26,NA,"TM2","lower","18.0",NA,NA,NA,NA,NA,NA,"blue",650,15,18,NA,NA,NA,"X",NA,NA,NA,NA,NA,NA,NA,NA,NA,NA,NA,NA,"stump",NA
2021-09-03,"SER",2021,2021-05-26,NA,"TM2","lower","18.0",NA,NA,NA,NA,NA,NA,"blue",64,25,17,NA,NA,NA,"X",NA,NA,NA,NA,NA,NA,NA,NA,NA,NA,NA,NA,"stump",NA
2021-09-03,"SER",2021,2021-05-26,NA,"TM2","lower","18.0",NA,NA,NA,NA,NA,NA,"blue",760,20,8,NA,NA,NA,"X",NA,NA,NA,NA,NA,NA,NA,NA,NA,NA,NA,NA,"stump",NA
2021-09-03,"SER",2021,2021-05-26,NA,"TM2","lower","18.0",NA,NA,NA,NA,NA,NA,"blue",80,20,0,NA,NA,NA,NA,NA,NA,NA,NA,NA,NA,NA,NA,NA,NA,NA,NA,"missing",NA
2021-09-03,"SER",2021,2021-05-26,NA,"TM2","lower","18.5",NA,NA,NA,"orange","blue",NA,NA,NA,NA,NA,"<1","25.5",NA,"P","0.0","4.0",8.1,1,1,NA,"Y",NA,NA,NA,NA,NA,NA,0.5
2021-09-03,"SER",2021,2021-05-26,NA,"TM2","lower","18.5",NA,NA,NA,"green","red",NA,NA,NA,NA,NA,"<1","9.3",NA,"X","0.0","1.0",1.1,1,1,NA,"Y",NA,NA,NA,NA,NA,NA,0.5
2022-01-12,"SER",2021,2021-05-26,NA,"TM2","seep","1.0L",NA,NA,NA,NA,NA,NA,"blue",654,2,4,NA,NA,NA,"X",NA,NA,NA,NA,NA,NA,NA,NA,NA,NA,NA,NA,NA,NA
2022-01-12,"SER",2021,2021-05-26,NA,"TM2","seep","6.5L",NA,NA,NA,NA,NA,NA,"blue",658,0,10,NA,NA,NA,"X",NA,NA,NA,NA,NA,NA,NA,NA,NA,NA,NA,NA,"Found band but no plant :(",NA
2022-01-12,"SER",2021,2021-05-26,NA,"TM2","seep","12.0L",NA,NA,NA,NA,NA,NA,"blue",780,10,20,NA,NA,NA,"X",NA,NA,NA,NA,NA,NA,NA,NA,NA,NA,NA,NA,"Dead stem",NA
2022-01-12,"SER",2021,2021-05-26,NA,"TM2","seep","12.5L",NA,NA,NA,NA,NA,NA,"blue",57,10,18,NA,NA,NA,"X",NA,NA,NA,NA,NA,NA,NA,NA,NA,NA,NA,NA,"Dead stem",NA
2022-01-12,"SER",2021,2021-05-26,NA,"TM2","seep","12.5L",NA,NA,NA,NA,NA,NA,"blue",52,10,0,NA,NA,NA,"X",NA,NA,NA,NA,NA,NA,NA,NA,NA,NA,NA,NA,"Dead stem",NA
2022-01-12,"SER",2021,2021-05-26,NA,"TM2","seep","12.5R",NA,NA,NA,NA,NA,NA,"blue",607,11,-14,NA,NA,NA,NA,NA,NA,NA,NA,NA,NA,NA,NA,NA,NA,NA,NA,"No plant, no band (not found)",NA
2022-01-12,"SER",2021,2021-05-26,NA,"TM2","seep","13.5R",NA,NA,NA,NA,NA,NA,"blue",77,39,-9,NA,NA,NA,"X",NA,NA,NA,NA,NA,NA,NA,NA,NA,NA,NA,NA,"Dead stem",NA
2022-01-12,"SER",2021,2021-05-26,NA,"TM2","seep","14R",NA,NA,NA,NA,NA,NA,"yellow",9,0,-20,NA,NA,NA,NA,NA,NA,NA,NA,NA,NA,NA,NA,NA,NA,NA,NA,"No plant, no band (not found)",NA
2022-01-12,"SER",2021,2021-05-26,NA,"TM2","seep","15L",NA,NA,NA,NA,NA,NA,"blue",83,39,8,NA,NA,NA,"X",NA,NA,NA,NA,NA,NA,NA,NA,NA,NA,NA,NA,"Found band but no plant :(",NA
2022-01-12,"SER",2021,2021-05-26,NA,"TM2","seep","16R",NA,NA,NA,NA,NA,NA,"blue",42,30,-7,NA,NA,NA,"X",NA,NA,NA,NA,NA,NA,NA,NA,NA,NA,NA,NA,"Found band (exact x,y), but no plant :(",NA
2022-01-12,"SER",2021,2021-05-26,NA,"TM2","seep","1.0L",NA,NA,NA,NA,NA,NA,"purple",207,14,19,"1.32","10.0",NA,"P",NA,NA,NA,1,1,NA,"Y",NA,NA,NA,NA,NA,"Clearly flowered/fruited, but eaten—1 green leaf left",1.32
2022-01-12,"SER",2021,2021-05-26,NA,"TM2","seep","1.5R",NA,NA,NA,NA,NA,NA,"purple",152,17,-21,"3.65","29.5",NA,"P",NA,NA,NA,2,3,NA,"Y",NA,NA,NA,NA,NA,"0 fruits/flowers; lots of clear herbivory",3.65
2022-01-12,"SER",2021,2021-05-26,NA,"TM2","seep","2.0L",NA,NA,NA,NA,NA,NA,"purple",225,23,10,"6.46","56.0",NA,"P",NA,"87.0",8,1,1,NA,"Y",NA,NA,NA,NA,NA,"grasshopper on/eating",6.46
2022-01-12,"SER",2021,2021-05-26,NA,"TM2","seep","2.5L",NA,NA,NA,NA,NA,NA,"purple",186,4,15,"3.04","34.5",NA,"P",NA,"4.0",6.4,1,1,NA,"Y",NA,NA,NA,NA,NA,NA,3.04
2022-01-12,"SER",2021,2021-05-26,NA,"TM2","seep","3.5R",NA,NA,NA,NA,NA,NA,"purple",160,44,-8,"3.34","36.5",NA,"P",NA,"21.0",7.9,1,1,NA,"Y",NA,NA,NA,NA,NA,"Has orange band w/out #'s; added purple band w/ #'s",3.34
2022-01-12,"SER",2021,2021-05-26,NA,"TM2","seep","4.5R",NA,NA,NA,NA,NA,NA,"purple",203,29,-11,"1.65","27.5",NA,"P",NA,"5.0",4.1,1,1,NA,"Y",NA,NA,NA,NA,NA,NA,1.65
2022-01-12,"SER",2021,2021-05-26,NA,"TM2","seep","6.5L",NA,NA,NA,NA,NA,NA,"purple",163,3,28,"3.11","38.0",NA,"P",NA,NA,NA,1,1,NA,"Y",NA,NA,NA,NA,NA,"Heavy herbivory; no flowers/fruits",3.11
2022-01-12,"SER",2021,2021-05-26,NA,"TM2","seep","6.5L",NA,NA,NA,NA,NA,NA,"purple",229,4,39,"3.19","29.5",NA,"P",NA,"11.0",7.2,2,2,NA,"Y",NA,NA,NA,NA,NA,"Mating grasshoppers on it",3.19
2022-01-12,"SER",2021,2021-05-26,NA,"TM2","seep","11.5R",NA,NA,NA,NA,NA,NA,"purple",202,0,-24,"2.95","49.4",NA,"P",NA,"27.0",8.9,1,1,NA,"Y",NA,NA,NA,NA,NA,NA,2.95
2022-01-12,"SER",2021,2021-05-26,NA,"TM2","seep","11.5R",NA,NA,NA,NA,NA,NA,"purple",171,1,-23,"2.63","52.5",NA,"P",NA,"32.0",7.6,1,1,NA,"Y",NA,NA,NA,NA,NA,NA,2.63
2022-01-12,"SER",2021,2021-05-26,NA,"TM2","seep","11.5R",NA,NA,NA,NA,NA,NA,"purple",170,2,-19,"1.23","36.0",NA,"P",NA,"4.0",8.9,1,1,NA,"Y",NA,NA,NA,NA,NA,NA,1.23
2022-01-12,"SER",2021,2021-05-26,NA,"TM2","seep","11.5R",NA,NA,NA,NA,NA,NA,"purple",167,4,-18,"2.46","51.0",NA,"P",NA,"28.0",8.6,1,1,NA,"Y",NA,NA,NA,NA,NA,NA,2.46
2022-01-12,"SER",2021,2021-05-26,NA,"TM2","seep","11.5R",NA,NA,NA,NA,NA,NA,"purple",223,21,-30,"4.86","57.5",NA,"P",NA,"48.0",10.2,1,1,NA,"Y",NA,NA,NA,NA,NA,NA,4.86
2022-01-12,"SER",2021,2021-05-26,NA,"TM2","seep","11.5R",NA,NA,NA,NA,NA,NA,"purple",220,25,-5,"3.73","68.0",NA,"P",NA,"56.0",11,1,1,NA,"Y",NA,NA,NA,NA,NA,NA,3.73
2022-01-12,"SER",2021,2021-05-26,NA,"TM2","seep","11.5L",NA,NA,NA,NA,NA,NA,"purple",226,30,0,"4.04","65.5",NA,"P",NA,"47.0",8.1,1,1,NA,"Y",NA,NA,NA,NA,NA,NA,4.04
2022-01-12,"SER",2021,2021-05-26,NA,"TM2","outcrp",NA,NA,NA,NA,NA,NA,NA,"yellow",26,NA,NA,NA,NA,NA,"X",NA,NA,NA,NA,NA,NA,NA,NA,NA,NA,NA,NA,NA,NA
2022-01-12,"SER",2021,2021-05-26,NA,"TM2","outcrp",NA,NA,NA,NA,NA,NA,NA,"blue",56,NA,NA,NA,NA,NA,NA,NA,NA,NA,NA,NA,NA,NA,NA,NA,NA,NA,NA,"missing; [Data entry—info on separate sheet from other outcrop data]",NA
2022-01-12,"SER",2021,2021-05-26,NA,"TM2","outcrp",NA,NA,NA,NA,NA,NA,NA,"blue",72,NA,NA,NA,NA,NA,"X",NA,NA,NA,NA,NA,NA,NA,NA,NA,NA,NA,NA,NA,NA
2022-01-12,"SER",2021,2021-05-26,NA,"TM2","outcrp",NA,NA,NA,NA,NA,NA,NA,"blue",652,NA,NA,"8.16","65.6",NA,"P","0.0","45.0",9.2,6,6,NA,"Y",NA,NA,NA,NA,NA,"[Data entry—info on separate sheet from other outcrop data]",8.16
2022-01-12,"SER",2021,2021-05-26,NA,"TM2","outcrp",NA,NA,NA,NA,NA,NA,NA,"blue",608,NA,NA,"4.3","54.2",NA,"P","0.0","9.0",7,1,1,NA,"Y",NA,NA,NA,NA,NA,"[Data entry—info on separate sheet from other outcrop data]",4.3
2022-01-12,"SER",2021,2021-05-26,NA,"TM2","outcrp",NA,NA,NA,NA,NA,NA,NA,"blue",63,NA,NA,NA,NA,NA,"X",NA,NA,NA,NA,NA,NA,NA,NA,NA,NA,NA,NA,NA,NA
2022-01-12,"SER",2021,2021-05-26,NA,"TM2","outcrp",NA,NA,NA,NA,NA,NA,NA,"blue",4,NA,NA,NA,NA,NA,"X",NA,NA,NA,NA,NA,NA,NA,NA,NA,NA,NA,NA,NA,NA
2022-01-12,"SER",2021,2021-05-26,NA,"TM2","outcrp",NA,NA,NA,NA,NA,NA,NA,"blue",604,NA,NA,NA,NA,NA,"X",NA,NA,NA,NA,NA,NA,NA,NA,NA,NA,NA,NA,NA,NA
2022-01-12,"SER",2021,2021-05-26,NA,"TM2","outcrp",NA,NA,NA,NA,NA,NA,NA,"blue",79,NA,NA,NA,NA,NA,"X",NA,NA,NA,NA,NA,NA,NA,NA,NA,NA,NA,NA,NA,NA
2022-01-12,"SER",2021,2021-05-26,NA,"TM2","outcrp",NA,NA,NA,NA,NA,NA,NA,"blue",90,NA,NA,NA,NA,NA,"X",NA,NA,NA,NA,NA,NA,NA,NA,NA,NA,NA,NA,"dead; [Data entry—info on separate sheet from other outcrop data]",NA
2022-01-12,"SER",2021,2021-05-26,NA,"TM2","outcrp",NA,NA,NA,NA,NA,NA,NA,"blue",768,NA,NA,"7.92","68.1",NA,"P","0.0","20.0",9,1,3,NA,"Y",NA,NA,NA,NA,NA,"2 broken; [Data entry—info on separate sheet from other outcrop data]",7.92
2022-01-12,"SER",2021,2021-05-26,NA,"TM2","outcrp",NA,NA,NA,NA,NA,NA,NA,"blue",76,NA,NA,"7.66","26.8",NA,"V",NA,NA,NA,0,2,"3.9","Y",NA,NA,NA,NA,NA,"[Data entry—info on separate sheet from other outcrop data]",7.66
2022-01-12,"SER",2021,2021-05-26,NA,"TM2","outcrp",NA,NA,NA,NA,NA,NA,NA,"blue",702,NA,NA,NA,NA,NA,NA,NA,NA,NA,NA,NA,NA,NA,NA,NA,NA,NA,NA,"not found; [Data entry—info on separate sheet from other outcrop data]",NA
2022-01-12,"SER",2021,2021-05-26,NA,"TM2","outcrp",NA,NA,NA,NA,NA,NA,NA,"blue",25,NA,NA,"6.22","51.5",NA,"P","0.0","20.0",7.4,3,6,NA,"Y",NA,NA,NA,NA,NA,"3 stems broken/herb; [Data entry—info on separate sheet from other outcrop data]",6.22
2022-01-12,"SER",2021,2021-05-26,NA,"TM2","outcrp",NA,NA,NA,NA,NA,NA,NA,"blue",33,NA,NA,"7.28","25.5",NA,"P","0.0","19.0",6.1,2,4,NA,"Y",NA,NA,NA,NA,NA,"2 broken; [Data entry—info on separate sheet from other outcrop data]",7.28
2022-01-12,"SER",2021,2021-05-26,NA,"TM2","outcrp",NA,NA,NA,NA,NA,NA,NA,"blue",34,NA,NA,"5.6","25.4",NA,"P","0.0","5.0",5.1,2,4,NA,"Y",NA,NA,NA,NA,NA,"[2 broken branches; Data entry—info on separate sheet from other outcrop data]",5.6
2022-01-12,"SER",2021,2021-05-26,NA,"TM2","outcrp",NA,NA,NA,NA,NA,NA,NA,"blue",8,NA,NA,NA,NA,NA,NA,NA,NA,NA,NA,NA,NA,NA,NA,NA,NA,NA,NA,"band loose no plant; [Data entry—info on separate sheet from other outcrop data]",NA
2022-01-12,"SER",2021,2021-05-26,NA,"TM2","outcrp",NA,NA,NA,NA,NA,NA,NA,"blue",95,NA,NA,NA,NA,NA,NA,NA,NA,NA,NA,NA,NA,NA,NA,NA,NA,NA,NA,"Could not find",NA
2022-01-12,"SER",2021,2021-05-26,NA,"TM2","outcrp",NA,NA,NA,NA,NA,NA,NA,"blue",46,NA,NA,NA,NA,NA,"X",NA,NA,NA,NA,NA,NA,NA,NA,NA,NA,NA,NA,NA,NA
2022-01-12,"SER",2021,2021-05-26,NA,"TM2","outcrp",NA,NA,NA,NA,NA,NA,NA,"blue",5,NA,NA,NA,NA,NA,"X",NA,NA,NA,NA,NA,NA,NA,NA,NA,NA,NA,NA,NA,NA
2022-01-12,"SER",2021,2021-05-26,NA,"TM2","outcrp",NA,NA,NA,NA,NA,NA,NA,"purple",4,NA,NA,"2.51","19.5",NA,"V","0.0","0.0",0,0,1,"4.0","1.0",NA,NA,NA,NA,NA,NA,2.51
2022-01-12,"SER",2021,2021-05-26,NA,"TM2","outcrp",NA,NA,NA,NA,NA,NA,NA,"purple",88,NA,NA,"2.51","16.4",NA,"V","0.0","0.0",0,0,1,"2.3","1.0",NA,NA,NA,NA,NA,NA,2.51
2022-01-12,"SER",2021,2021-05-26,NA,"TM2","outcrp",NA,NA,NA,NA,NA,NA,NA,"purple",60,NA,NA,"2.03","8.0",NA,"V","0.0","0.0",0,0,1,"2.4","1.0",NA,NA,NA,NA,NA,"Aphids",2.03
2022-01-12,"SER",2021,2021-05-26,NA,"TM2","outcrp",NA,NA,NA,NA,NA,NA,NA,"purple",1,NA,NA,"6.03","10.4",NA,"V",NA,NA,NA,0,2,"3.6","Y",NA,NA,NA,NA,NA,NA,6.03
2022-01-12,"SER",2021,2021-05-26,NA,"TM2","outcrp",NA,NA,NA,NA,NA,NA,NA,"purple",8,NA,NA,"1.63","8.5",NA,"V",NA,NA,NA,0,1,"2.1","Y",NA,NA,NA,NA,NA,NA,1.63
2022-01-12,"SER",2021,2021-05-26,NA,"TM2","outcrp",NA,NA,NA,NA,NA,NA,NA,"purple",7,NA,NA,"1.27","8.2",NA,"V",NA,NA,NA,0,1,"2.1","Y",NA,NA,NA,NA,NA,"[Data entry—""tcst/plot,"" ""quad,"" ""pick_color."" & ""sword_color"" boxes blank on original, but other data apparently matched handwriting and age so extrapolated from above rows on same sheet)",1.27
2022-01-12,"SER",2021,2021-05-26,NA,"TM2","seep","11.5L",NA,NA,NA,NA,NA,NA,"purple",200,43,4,"5.14","62.0",NA,"P",NA,"53.0",8.1,1,1,NA,"Y",NA,NA,NA,NA,NA,NA,5.14
2022-01-12,"SER",2021,2021-05-26,NA,"TM2","seep","11.5R",NA,NA,NA,NA,NA,NA,"purple",208,48,-17,"1.59","32.0",NA,"P",NA,"3.0",6.7,1,1,NA,"Y",NA,NA,NA,NA,NA,NA,1.59
2022-01-12,"SER",2021,2021-05-26,NA,"TM2","seep","11.5L",NA,NA,NA,NA,NA,NA,"purple",228,33,17,"2.19","35.5",NA,"P",NA,"11.0",7.5,1,1,NA,"Y",NA,NA,NA,NA,NA,NA,2.19
2022-01-12,"SER",2021,2021-05-26,NA,"TM2","seep","11.5R",NA,NA,NA,NA,NA,NA,"purple",206,45,-45,"2.2","47.5",NA,"P",NA,"17.0",8.6,1,1,NA,"Y",NA,NA,NA,NA,NA,NA,2.2
2022-01-12,"SER",2021,2021-05-26,NA,"TM2","seep","12.0R",NA,NA,NA,NA,NA,NA,"purple",157,1,-38,"3.26","48.0",NA,"P",NA,"14.0",6.6,1,1,NA,"Y",NA,NA,NA,NA,NA,NA,3.26
2022-01-12,"SER",2021,2021-05-26,NA,"TM2","seep","12.0R",NA,NA,NA,NA,NA,NA,"purple",165,16,-39,"4.35","53.0",NA,"P",NA,"28.0",8.9,1,1,NA,"Y",NA,NA,NA,NA,NA,NA,4.35
2022-01-12,"SER",2021,2021-05-26,NA,"TM2","seep","12.5L",NA,NA,NA,NA,NA,NA,"purple",209,7,17,"3.43","49.0",NA,"P",NA,"17.0",8.6,1,1,NA,"Y",NA,NA,NA,NA,NA,NA,3.43
2022-01-12,"SER",2021,2021-05-26,NA,"TM2","seep","12.5L",NA,NA,NA,NA,NA,NA,"purple",230,16,35,"4.23","58.5",NA,"P",NA,"70.0",9.9,1,1,NA,"Y",NA,NA,NA,NA,NA,NA,4.23
2022-01-12,"SER",2021,2021-05-26,NA,"TM2","seep","12.5L",NA,NA,NA,NA,NA,NA,"purple",166,49,4,"3.84","46.5",NA,"P",NA,"48.0",9.2,1,1,NA,"Y",NA,NA,NA,NA,NA,NA,3.84
2022-01-12,"SER",2021,2021-05-26,NA,"TM2","seep","13.0R",NA,NA,NA,NA,NA,NA,"purple",222,4,-3,"3.2","30.0",NA,"P",NA,"2.0",2.9,1,1,NA,"Y",NA,NA,NA,NA,NA,"Lots of herbivory",3.2
2022-01-12,"SER",2021,2021-05-26,NA,"TM2","seep","13.0R",NA,NA,NA,NA,NA,NA,"purple",224,26,-32,"5.63","68.0",NA,"P",NA,"114.0",8.7,1,1,NA,"Y",NA,NA,NA,NA,NA,NA,5.63
2022-01-12,"SER",2021,2021-05-26,NA,"TM2","seep","14.0R",NA,NA,NA,NA,NA,NA,"purple",61,NA,NA,NA,NA,NA,"X",NA,NA,NA,NA,NA,NA,NA,NA,NA,NA,NA,NA,"Dead stem",NA
2022-01-12,"SER",2021,2021-05-26,NA,"TM2","seep","14.0R",NA,NA,NA,NA,NA,NA,"purple",68,47,-26,"3.26","37.0",NA,"P",NA,"6.0",10,1,1,NA,"Y",NA,NA,NA,NA,NA,NA,3.26
2022-01-12,"SER",2021,2021-05-26,NA,"TM2","seep","15.0L",NA,NA,NA,NA,NA,NA,"purple",6,30,6,"2.99","30.0",NA,"P",NA,"7.0",7.8,1,2,NA,"Y",NA,NA,NA,NA,NA,"1 branch broken while measuring (@ spot very chewed)",2.99
NA,NA,2022,NA,NA,"TM2","lower","3.5",NA,NA,NA,NA,NA,NA,"purple",NA,40,50,NA,NA,NA,"X",NA,NA,NA,NA,NA,NA,NA,NA,NA,NA,NA,NA,NA,NA
NA,NA,2022,NA,NA,"TM2","lower","3.5",NA,NA,NA,"red","green",NA,"white",NA,50,20,"3.5","44.5",NA,"P",NA,"52.0",7.5,1,1,NA,"Y",NA,NA,NA,NA,NA,NA,3.5
NA,NA,2022,NA,NA,"TM2","lower","3.5",NA,NA,NA,"red","green",NA,"white",NA,25,20,"3.17","29.0",NA,"P",NA,"46.0",5.3,1,1,NA,"Y",NA,NA,NA,NA,NA,NA,3.17
NA,NA,2022,NA,NA,"TM2","lower","4.0",NA,NA,NA,NA,NA,NA,"purple",NA,46,32,NA,NA,NA,"X",NA,NA,NA,NA,NA,NA,"N",NA,NA,NA,NA,NA,NA,NA
NA,NA,2022,NA,NA,"TM2","lower","4.0",NA,NA,NA,"red","blue",NA,"white",NA,15,50,"1.29","17.5",NA,"S",NA,"4.0",4.5,1,1,NA,"N",NA,NA,NA,NA,NA,NA,1.29
NA,NA,2022,NA,NA,"TM2","lower","4.0",NA,NA,NA,"red","silver",NA,"white",NA,37,10,"3.16","32.9",NA,"P",NA,"28.0",7.2,1,1,NA,"Y",NA,NA,NA,NA,NA,NA,3.16
NA,NA,2022,NA,NA,"TM2","lower","4.5",NA,NA,NA,"yellow","pink",NA,"white",NA,48,49,"3.45","19.5",NA,"P",NA,"31.0",6,1,1,NA,"Y",NA,NA,NA,NA,NA,NA,3.45
NA,NA,2022,NA,NA,"TM2","lower","5.0",NA,NA,NA,NA,NA,NA,"purple",NA,11,20,NA,NA,NA,"X",NA,NA,NA,NA,NA,NA,"N",NA,NA,NA,NA,NA,"did not find",NA
NA,NA,2022,NA,NA,"TM2","lower","5.0",NA,NA,NA,"red","blue",NA,"white",NA,25,50,"3.27","29.0",NA,"P",NA,"26.0",5,1,1,NA,"N",NA,NA,NA,NA,NA,NA,3.27
NA,NA,2022,NA,NA,"TM2","lower","5.0",NA,NA,NA,"red","orange",NA,"white",NA,40,50,"3.88","29.0",NA,"P",NA,"60.0",5,1,1,NA,"Y",NA,NA,NA,NA,NA,NA,3.88
NA,NA,2022,NA,NA,"TM2","lower","5.0",NA,NA,NA,"red","silver",NA,"white",NA,5,2,"2.97","17.2",NA,"P",NA,"4.0",6.5,1,1,NA,"Y",NA,NA,NA,NA,NA,NA,2.97
NA,NA,2022,NA,NA,"TM2","lower","5.0",NA,NA,NA,"red","silver",NA,"white",NA,5,39,"1.69","14.0",NA,"P",NA,"14.0",5.6,1,1,NA,"Y",NA,NA,NA,NA,NA,NA,1.69
NA,NA,2022,NA,NA,"TM2","lower","5.0",NA,NA,NA,"red","silver",NA,"white",NA,30,50,"1.62","13.0",NA,"P",NA,"3.0",6,1,1,NA,"Y",NA,NA,NA,NA,NA,NA,1.62
NA,NA,2022,NA,NA,"TM2","lower","5.0",NA,NA,NA,"red",NA,NA,"white",NA,7,0,"1.85","19.1",NA,"P",NA,"2.0",2.2,1,1,NA,"Y",NA,NA,NA,NA,NA,NA,1.85
NA,NA,2022,NA,NA,"TM2","lower","5.5",NA,NA,NA,NA,NA,NA,"purple",NA,9,29,NA,NA,NA,"X",NA,NA,NA,NA,NA,NA,NA,NA,NA,NA,NA,NA,NA,NA
NA,NA,2022,NA,NA,"TM2","lower","5.5",NA,NA,NA,NA,NA,NA,"purple",NA,30,23,NA,NA,NA,"X",NA,NA,NA,NA,NA,NA,"N",NA,NA,NA,NA,NA,NA,NA
NA,NA,2022,NA,NA,"TM2","lower","5.5",NA,NA,NA,NA,NA,NA,"purple",NA,35,50,NA,NA,NA,"X",NA,NA,NA,NA,NA,NA,"N",NA,NA,NA,NA,NA,"did not find",NA
NA,NA,2022,NA,NA,"TM2","lower","6.0",NA,NA,NA,NA,NA,NA,"purple",NA,20,20,NA,NA,NA,"X",NA,NA,NA,NA,NA,NA,"N",NA,NA,NA,NA,NA,NA,NA
NA,NA,2022,NA,NA,"TM2","lower","6.0",NA,NA,NA,NA,NA,NA,"purple",NA,13,10,NA,NA,NA,"X",NA,NA,NA,NA,NA,NA,"N",NA,NA,NA,NA,NA,NA,NA
NA,NA,2022,NA,NA,"TM2","lower","6.0",NA,NA,NA,"blue","pink",NA,"white",NA,35,16,"3.39","25.0",NA,"P",NA,"13.0",6.5,1,1,NA,"Y",NA,NA,NA,NA,NA,NA,3.39
NA,NA,2022,NA,NA,"TM2","lower","6.0",NA,NA,NA,"red","pink",NA,"white",NA,0,18,"2.51","24.0",NA,"P",NA,"8.0",5,1,1,NA,"Y",NA,NA,NA,NA,NA,NA,2.51
NA,NA,2022,NA,NA,"TM2","lower","6.0",NA,NA,NA,"red","pink",NA,"white",NA,6,26,"3.22","28.0",NA,"P",NA,"30.0",5.5,1,1,NA,"Y",NA,NA,NA,NA,NA,NA,3.22
NA,NA,2022,NA,NA,"TM2","lower","6.0",NA,NA,NA,"red","yellow",NA,"white",NA,40,50,"4.93","16.0",NA,"P",NA,"45.0",6.5,1,1,NA,"Y",NA,NA,NA,NA,NA,NA,4.93
NA,NA,2022,NA,NA,"TM2","lower","6.5",NA,NA,NA,"blue","silver",NA,NA,NA,NA,NA,NA,"7.9",NA,"B","0.0","0.0",NA,1,1,NA,"N",NA,NA,NA,NA,NA,NA,NA
NA,NA,2022,NA,NA,"TM2","lower","6.5",NA,NA,NA,"red","orange",NA,"white",NA,15,43,"2.57","26.4",NA,"P","0.0","11.0",8.1,1,1,NA,"N",NA,NA,NA,NA,NA,NA,2.57
NA,NA,2022,NA,NA,"TM2","lower","6.5",NA,NA,NA,"red","orange",NA,"white",NA,30,30,"1.64","17.0",NA,"P","0.0","9.0",5.7,1,1,NA,"Y",NA,NA,NA,NA,NA,NA,1.64
NA,NA,2022,NA,NA,"TM2","lower","6.5",NA,NA,NA,"red","pink",NA,"white",NA,30,50,"1.83","25.5",NA,"P","0.0","3.0",6,1,1,NA,"N",NA,NA,NA,NA,NA,NA,1.83
NA,NA,2022,NA,NA,"TM2","lower","6.5",NA,NA,NA,"red","silver",NA,"white",NA,12,30,"1.26","14.7",NA,"P","0.0","2.0",3.9,1,1,NA,"N",NA,NA,NA,NA,NA,NA,1.26
NA,NA,2022,NA,NA,"TM2","lower","6.5",NA,NA,NA,"red","white",NA,"white",NA,5,25,"2.22","27.0",NA,"P","0.0","13.0",6.4,1,1,NA,"Y",NA,NA,NA,NA,NA,NA,2.22
NA,NA,2022,NA,NA,"TM2","lower","6.5",NA,NA,NA,"red","white",NA,"white",NA,35,35,"2.31","32.0",NA,"P","0.0","14.0",7.8,1,1,NA,"Y",NA,NA,NA,NA,NA,NA,2.31
NA,NA,2022,NA,NA,"TM2","lower","6.5",NA,NA,NA,"red","white",NA,"white",NA,38,33,"2.05","22.0",NA,"P","0.0","11.0",6.4,1,1,NA,"N",NA,NA,NA,NA,NA,NA,2.05
NA,NA,2022,NA,NA,"TM2","lower","6.5",NA,NA,NA,"yellow","white",NA,"white",NA,48,30,"1.27","21.0",NA,"P","0.0","5.0",6,1,1,NA,"Y",NA,NA,NA,NA,NA,NA,1.27
NA,NA,2022,NA,NA,"TM2","lower","7.0",NA,NA,NA,NA,NA,NA,"purple",NA,45,10,NA,"N",NA,"X",NA,NA,NA,NA,NA,NA,NA,NA,NA,NA,NA,NA,NA,NA
NA,NA,2022,NA,NA,"TM2","lower","7.0",NA,NA,NA,"red","pink",NA,"white",NA,35,10,"1.04","10.0",NA,"P","0.0","2.0",4.5,1,1,NA,"Y",NA,NA,NA,NA,NA,NA,1.04
NA,NA,2022,NA,NA,"TM2","lower","7.0",NA,NA,NA,"red","silver",NA,NA,NA,NA,NA,NA,"11.4",NA,"P","0.0","3.0",3.2,1,1,NA,"N",NA,NA,NA,NA,NA,NA,NA
NA,NA,2022,NA,NA,"TM2","lower","7.0",NA,NA,NA,"red","silver",NA,NA,NA,NA,NA,NA,"8.0",NA,"P","0.0","1.0",4,1,1,NA,"N",NA,NA,NA,NA,NA,NA,NA
NA,NA,2022,NA,NA,"TM2","lower","7.0",NA,NA,NA,"red","silver",NA,NA,NA,NA,NA,NA,"14.0",NA,"P",NA,"2.0",4,1,1,NA,"N",NA,NA,NA,NA,NA,NA,NA
NA,NA,2022,NA,NA,"TM2","lower","7.0",NA,NA,NA,"red","silver",NA,NA,NA,NA,NA,NA,"11.0",NA,"P",NA,"2.0",5.2,1,1,NA,"N",NA,NA,NA,NA,NA,NA,NA
NA,NA,2022,NA,NA,"TM2","lower","7.0",NA,NA,NA,"red","silver",NA,NA,NA,NA,NA,NA,"12.5",NA,"P",NA,"2.0",4.4,1,1,NA,"Y",NA,NA,NA,NA,NA,NA,NA
NA,NA,2022,NA,NA,"TM2","lower","7.0",NA,NA,NA,"red","silver",NA,NA,NA,NA,NA,NA,"14.8",NA,"P",NA,"3.0",4.5,1,1,NA,"N",NA,NA,NA,NA,NA,NA,NA
NA,NA,2022,NA,NA,"TM2","lower","7.0",NA,NA,NA,"red","white",NA,"white",NA,36,36,"1.83","15.3",NA,"P","0.0","9.0",4.5,1,1,NA,"Y",NA,NA,NA,NA,NA,NA,1.83
NA,NA,2022,NA,NA,"TM2","lower","7.0",NA,NA,NA,"red","white",NA,"white",NA,29,45,"2.67","33.1",NA,"P","0.0","17.0",8.5,1,1,NA,"Y",NA,NA,NA,NA,NA,NA,2.67
NA,NA,2022,NA,NA,"TM2","lower","7.0",NA,NA,NA,"red","white",NA,NA,NA,NA,NA,NA,"13.0",NA,"P",NA,"2.0",4.3,1,1,NA,"N",NA,NA,NA,NA,NA,NA,NA
NA,NA,2022,NA,NA,"TM2","lower","7.0",NA,NA,NA,"red",NA,NA,NA,NA,NA,NA,NA,"5.4",NA,"P",NA,"1.0",1.3,1,1,NA,"N",NA,NA,NA,NA,NA,NA,NA
NA,NA,2022,NA,NA,"TM2","lower","7.0",NA,NA,NA,"red",NA,NA,NA,NA,NA,NA,NA,"8.0",NA,"P",NA,"1.0",4,1,1,NA,"N",NA,NA,NA,NA,NA,NA,NA
NA,NA,2022,NA,NA,"TM2","lower","7.5",NA,NA,NA,NA,NA,NA,"purple",NA,2,12,NA,NA,NA,"X",NA,NA,NA,NA,NA,NA,NA,NA,NA,NA,NA,NA,NA,NA
NA,NA,2022,NA,NA,"TM2","lower","7.5",NA,NA,NA,NA,NA,NA,"purple",NA,1,8,NA,NA,NA,"X",NA,NA,NA,NA,NA,NA,NA,NA,NA,NA,NA,NA,NA,NA
NA,NA,2022,NA,NA,"TM2","lower","7.5",NA,NA,NA,NA,NA,NA,"purple",NA,25,35,NA,NA,NA,"X",NA,NA,NA,NA,NA,NA,NA,NA,NA,NA,NA,NA,NA,NA
NA,NA,2022,NA,NA,"TM2","lower","7.5",NA,NA,NA,NA,NA,NA,"purple",NA,8,50,NA,NA,NA,"X",NA,NA,NA,NA,NA,NA,NA,NA,NA,NA,NA,NA,NA,NA
NA,NA,2022,NA,NA,"TM2","lower","7.5",NA,NA,NA,NA,NA,NA,"purple",NA,0,49,NA,NA,NA,"X",NA,NA,NA,NA,NA,NA,NA,NA,NA,NA,NA,NA,NA,NA
NA,NA,2022,NA,NA,"TM2","lower","7.5",NA,NA,NA,NA,NA,NA,"purple",NA,35,50,NA,NA,NA,"X",NA,NA,NA,NA,NA,NA,NA,NA,NA,NA,NA,NA,NA,NA
NA,NA,2022,NA,NA,"TM2","lower","7.5",NA,NA,NA,NA,NA,NA,"purple",NA,3,40,NA,NA,NA,"X",NA,NA,NA,NA,NA,NA,NA,NA,NA,NA,NA,NA,NA,NA
NA,NA,2022,NA,NA,"TM2","lower","7.5",NA,NA,NA,NA,NA,NA,"purple",NA,7,50,NA,NA,NA,"X",NA,NA,NA,NA,NA,NA,NA,NA,NA,NA,NA,NA,NA,NA
NA,NA,2022,NA,NA,"TM2","lower","7.5",NA,NA,NA,NA,NA,NA,"purple",NA,12,24,NA,NA,NA,"X",NA,NA,NA,NA,NA,NA,NA,NA,NA,NA,NA,NA,NA,NA
NA,NA,2022,NA,NA,"TM2","lower","7.5",NA,NA,NA,NA,NA,NA,"purple",NA,41,46,NA,NA,NA,"X",NA,NA,NA,NA,NA,NA,NA,NA,NA,NA,NA,NA,NA,NA
NA,NA,2022,NA,NA,"TM2","lower","7.5",NA,NA,NA,NA,NA,NA,"purple",NA,50,27,NA,NA,NA,"X",NA,NA,NA,NA,NA,NA,NA,NA,NA,NA,NA,NA,NA,NA
NA,NA,2022,NA,NA,"TM2","lower","7.5",NA,NA,NA,NA,NA,NA,"purple",NA,5,2,NA,NA,NA,"X",NA,NA,NA,NA,NA,NA,NA,NA,NA,NA,NA,NA,NA,NA
NA,NA,2022,NA,NA,"TM2","lower","7.5",NA,NA,NA,NA,NA,NA,"purple",999,29,13,NA,NA,NA,"X",NA,NA,NA,NA,NA,NA,NA,NA,NA,NA,NA,NA,NA,NA
NA,NA,2022,NA,NA,"TM2","lower","7.5",NA,NA,NA,"red","orange",NA,"white",NA,49,18,"1.67","13.2",NA,"P","0.0","12.0",4.3,1,1,NA,"Y",NA,NA,NA,NA,NA,NA,1.67
NA,NA,2022,NA,NA,"TM2","lower","7.5",NA,NA,NA,"red","orange",NA,"white",NA,38,13,"2.84","22.1",NA,"P","0.0","28.0",6.7,1,1,NA,"Y",NA,NA,NA,NA,NA,NA,2.84
NA,NA,2022,NA,NA,"TM2","lower","7.5",NA,NA,NA,"red","orange",NA,"white",NA,45,50,"3.39","32.1",NA,"P","0.0","20.0",8.1,1,1,NA,"Y",NA,NA,NA,NA,NA,NA,3.39
NA,NA,2022,NA,NA,"TM2","lower","7.5",NA,NA,NA,"red","pink",NA,NA,NA,NA,NA,NA,"9.6",NA,"P",NA,"2.0",2,1,1,NA,"N",NA,NA,NA,NA,NA,NA,NA
NA,NA,2022,NA,NA,"TM2","lower","7.5",NA,NA,NA,"red","pink",NA,NA,NA,NA,NA,NA,"14.3",NA,"P",NA,"5.0",4.2,1,1,NA,"Y",NA,NA,NA,NA,NA,NA,NA
NA,NA,2022,NA,NA,"TM2","lower","7.5",NA,NA,NA,"red","pink",NA,NA,NA,NA,NA,NA,"10.5",NA,"P",NA,"2.0",3,1,1,NA,"N",NA,NA,NA,NA,NA,NA,NA
NA,NA,2022,NA,NA,"TM2","lower","7.5",NA,NA,NA,"red","pink",NA,"white",NA,37,39,"1.08","13.1",NA,"P","0.0","3.0",4.8,1,1,NA,"N",NA,NA,NA,NA,NA,NA,1.08
NA,NA,2022,NA,NA,"TM2","lower","7.5",NA,NA,NA,"red","silver",NA,NA,NA,NA,NA,NA,"9.3",NA,"P",NA,"1.0",2.5,1,1,NA,"Y",NA,NA,NA,NA,NA,NA,NA
NA,NA,2022,NA,NA,"TM2","lower","7.5",NA,NA,NA,"red","silver",NA,"white",NA,46,49,"1.35","17.3",NA,"P","0.0","3.0",5.1,1,1,NA,"Y",NA,NA,NA,NA,NA,NA,1.35
NA,NA,2022,NA,NA,"TM2","lower","7.5",NA,NA,NA,"red","silver",NA,NA,NA,NA,NA,"0.93","9.9",NA,"P","0.0","2.0",2.9,1,1,NA,"N",NA,NA,NA,NA,NA,NA,0.5
NA,NA,2022,NA,NA,"TM2","lower","7.5",NA,NA,NA,"red","white",NA,NA,NA,NA,NA,NA,"16.5",NA,"P",NA,"4.0",4,1,1,NA,"Y",NA,NA,NA,NA,NA,NA,NA
NA,NA,2022,NA,NA,"TM2","lower","7.5",NA,NA,NA,"red","white",NA,NA,NA,NA,NA,NA,"11.5",NA,"P",NA,"2.0",4,1,1,NA,"N",NA,NA,NA,NA,NA,NA,NA
NA,NA,2022,NA,NA,"TM2","lower","7.5",NA,NA,NA,"red","white",NA,"white",NA,45,16,"1.21","17.1",NA,"P","0.0","4.0",4.6,1,1,NA,"Y",NA,NA,NA,NA,NA,NA,1.21
NA,NA,2022,NA,NA,"TM2","lower","7.5",NA,NA,NA,"red","white",NA,"white",NA,21,21,"1.65","21.7",NA,"P","0.0","6.0",7.2,1,1,NA,"Y",NA,NA,NA,NA,NA,NA,1.65
NA,NA,2022,NA,NA,"TM2","lower","7.5",NA,NA,NA,"red","white",NA,"white",NA,9,26,"2.84","22.1",NA,"P","0.0","7.0",7,1,1,NA,"Y",NA,NA,NA,NA,NA,"broken stem",2.84
NA,NA,2022,NA,NA,"TM2","lower","7.5",NA,NA,NA,"red","white",NA,NA,NA,NA,NA,NA,"13.0",NA,"P",NA,"4.0",4.5,1,1,NA,"Y",NA,NA,NA,NA,NA,NA,NA
NA,NA,2022,NA,NA,"TM2","lower","7.5",NA,NA,NA,"red","white",NA,"white",NA,37,39,"1.39","11.5",NA,"P","0.0","4.0",3.6,1,1,NA,"N",NA,NA,NA,NA,NA,NA,1.39
NA,NA,2022,NA,NA,"TM2","lower","7.5",NA,NA,NA,"red",NA,NA,NA,NA,NA,NA,NA,"9.5",NA,"P",NA,NA,NA,NA,1,NA,NA,NA,NA,NA,NA,NA,NA,NA
NA,NA,2022,NA,NA,"TM2","lower","7.5",NA,NA,NA,"red",NA,NA,NA,NA,NA,NA,NA,"3.9",NA,"V",NA,NA,NA,NA,1,"1.3",NA,NA,NA,NA,NA,NA,NA,NA
NA,NA,2022,NA,NA,"TM2","lower","7.5",NA,NA,NA,"red",NA,NA,NA,NA,NA,NA,NA,"11.0",NA,"B",NA,NA,NA,1,1,NA,"Y",NA,NA,NA,NA,NA,NA,NA
NA,NA,2022,NA,NA,"TM2","lower","7.5",NA,NA,NA,"red",NA,NA,NA,NA,NA,NA,NA,"5.5",NA,"B",NA,NA,NA,1,1,NA,"Y",NA,NA,NA,NA,NA,NA,NA
NA,NA,2022,NA,NA,"TM2","lower","7.5",NA,NA,NA,"yellow","silver",NA,NA,NA,NA,NA,NA,"9.5",NA,"P",NA,"2.0",2.5,1,1,NA,"Y",NA,NA,NA,NA,NA,NA,NA
NA,NA,2022,NA,NA,"TM2","lower","8.0",NA,NA,NA,NA,NA,NA,"purple",NA,25,35,NA,NA,NA,"X",NA,NA,NA,NA,NA,NA,NA,NA,NA,NA,NA,NA,NA,NA
NA,NA,2022,NA,NA,"TM2","lower","8.0",NA,NA,NA,NA,NA,NA,"purple",NA,0,50,NA,NA,NA,"X",NA,NA,NA,NA,NA,NA,NA,NA,NA,NA,NA,NA,NA,NA
NA,NA,2022,NA,NA,"TM2","lower","8.0",NA,NA,NA,NA,NA,NA,"purple",NA,16,45,NA,NA,NA,"X",NA,NA,NA,NA,NA,NA,NA,NA,NA,NA,NA,NA,NA,NA
NA,NA,2022,NA,NA,"TM2","lower","8.0",NA,NA,NA,NA,NA,NA,"purple",NA,20,29,NA,NA,NA,"X",NA,NA,NA,NA,NA,NA,NA,NA,NA,NA,NA,NA,NA,NA
NA,NA,2022,NA,NA,"TM2","lower","8.0",NA,NA,NA,NA,NA,NA,"purple",NA,39,21,NA,NA,NA,"X",NA,NA,NA,NA,NA,NA,NA,NA,NA,NA,NA,NA,NA,NA
NA,NA,2022,NA,NA,"TM2","lower","8.0",NA,NA,NA,NA,NA,NA,"purple",NA,38,50,NA,NA,NA,"X",NA,NA,NA,NA,NA,NA,NA,NA,NA,NA,NA,NA,NA,NA
NA,NA,2022,NA,NA,"TM2","lower","8.0",NA,NA,NA,"red","silver",NA,NA,NA,27,30,"1.36","9.7",NA,"P","0.0","2.0",2.8,1,1,NA,"Y",NA,NA,NA,NA,NA,NA,1.36
NA,NA,2022,NA,NA,"TM2","lower","8.0",NA,NA,NA,"red","silver",NA,NA,NA,30,45,"1.51","12.8",NA,"P","0.0","2.0",2.5,1,1,NA,"Y",NA,NA,NA,NA,NA,NA,1.51
NA,NA,2022,NA,NA,"TM2","lower","8.0",NA,NA,NA,"red","silver",NA,NA,NA,10,50,"1.63","25.5",NA,"P","0.0","4.0",5.7,1,1,NA,"Y",NA,NA,NA,NA,NA,NA,1.63
NA,NA,2022,NA,NA,"TM2","lower","8.0",NA,NA,NA,"red","white",NA,NA,NA,33,18,"1.82","25.0",NA,"P","0.0","9.0",5.2,1,1,NA,"Y",NA,NA,NA,NA,NA,NA,1.82
NA,NA,2022,NA,NA,"TM2","lower","8.0",NA,NA,NA,"red",NA,NA,NA,NA,NA,NA,"0.78","8.3",NA,"P","0.0","1.0",1.9,1,1,NA,"N",NA,NA,NA,NA,NA,NA,0.5
NA,NA,2022,NA,NA,"TM2","lower","8.0",NA,NA,NA,"red",NA,NA,NA,NA,NA,NA,"0.69","2.6",NA,"B","0.0","0.0",NA,1,1,NA,"Y",NA,NA,NA,NA,NA,NA,0.5
NA,NA,2022,NA,NA,"TM2","lower","8.0",NA,NA,NA,"yellow",NA,NA,NA,NA,NA,NA,"0.74","7.3",NA,"F","1.0","0.0",NA,1,1,NA,"Y",NA,NA,NA,NA,NA,NA,0.5
NA,NA,2022,NA,NA,"TM2","lower","7.5",NA,NA,NA,"red",NA,NA,NA,NA,NA,NA,NA,NA,NA,"X",NA,NA,NA,NA,NA,NA,NA,NA,NA,NA,NA,NA,NA,NA
NA,NA,2022,NA,NA,"TM2","lower","7.5",NA,NA,NA,"red",NA,NA,"white",NA,50,48,"1.27","13.9",NA,"P","0.0","3.0",3.6,1,1,NA,"Y",NA,NA,NA,NA,NA,NA,1.27
NA,NA,2022,NA,NA,"TM2","lower","8.5",NA,NA,NA,NA,NA,NA,"purple",NA,5,29,NA,NA,NA,"X",NA,NA,NA,NA,NA,NA,NA,NA,NA,NA,NA,NA,NA,NA
NA,NA,2022,NA,NA,"TM2","lower","8.5",NA,NA,NA,"blue","silver",NA,"white",NA,0,23,"1.11","11.2",NA,"P","0.0","3.0",4.2,1,1,NA,"Y",NA,NA,NA,NA,NA,NA,1.11
NA,NA,2022,NA,NA,"TM2","lower","8.5",NA,NA,NA,"blue","silver",NA,NA,NA,NA,NA,"0.8","12.1",NA,"P","0.0","1.0",2.8,1,1,NA,"Y",NA,NA,NA,NA,NA,NA,0.5
NA,NA,2022,NA,NA,"TM2","lower","8.5",NA,NA,NA,"blue","silver",NA,"white",NA,0,25,"1.3","15.2",NA,"P","0.0","1.0",3.4,1,1,NA,"Y",NA,NA,NA,NA,NA,NA,1.3
NA,NA,2022,NA,NA,"TM2","lower","8.5",NA,NA,NA,"red","orange",NA,NA,NA,NA,NA,"1.7","15.4",NA,"S","0","11",4.6,1,1,NA,"Y",NA,NA,NA,NA,NA,"no band because pheno = S",1.7
NA,NA,2022,NA,NA,"TM2","lower","8.5",NA,NA,NA,"red","orange",NA,NA,NA,NA,NA,"1.67","14.0",NA,"S","0.0","10.0",4.9,1,NA,NA,NA,NA,NA,NA,NA,NA,NA,1.67
NA,NA,2022,NA,NA,"TM2","lower","8.5",NA,NA,NA,"red","pink",NA,NA,NA,NA,NA,"0.95","6.8",NA,"X","0.0","0.0",NA,1,NA,NA,"N",NA,NA,NA,NA,NA,NA,0.5
NA,NA,2022,NA,NA,"TM2","lower","8.5",NA,NA,NA,"red","pink",NA,"white",NA,42,50,"1.41","15.5",NA,"P","0.0","6.0",4.2,1,1,NA,"Y",NA,NA,NA,NA,NA,NA,1.41
NA,NA,2022,NA,NA,"TM2","lower","8.5",NA,NA,NA,"red","silver",NA,"white",NA,0,6,"1.2","14.7",NA,"P","0.0","2.0",3.9,1,1,NA,"Y",NA,NA,NA,NA,NA,NA,1.2
NA,NA,2022,NA,NA,"TM2","lower","8.5",NA,NA,NA,"red","silver",NA,NA,NA,NA,NA,"0.7","8.6",NA,"P","0.0","2.0",1.8,1,1,NA,"Y",NA,NA,NA,NA,NA,NA,0.5
NA,NA,2022,NA,NA,"TM2","lower","8.5",NA,NA,NA,"red","white",NA,"white",NA,18,24,"1.57","16.1",NA,"P","0.0","4.0",4.2,1,1,NA,"Y",NA,NA,NA,NA,NA,NA,1.57
NA,NA,2022,NA,NA,"TM2","lower","8.5",NA,NA,NA,"red","white",NA,"white",NA,4,50,"2.57","17.1",NA,"P","0.0","10.0",4.2,1,1,NA,"Y",NA,NA,NA,NA,NA,NA,2.57
NA,NA,2022,NA,NA,"TM2","lower","8.5",NA,NA,NA,"red","yellow",NA,"white",NA,31,50,"2.02","16.5",NA,"P","0.0","13.0",5.7,1,1,NA,"Y",NA,NA,NA,NA,NA,NA,2.02
NA,NA,2022,NA,NA,"TM2","lower","8.5",NA,NA,NA,"red","yellow",NA,"white",NA,50,40,"1.87","3.0",NA,"V","0.0","0.0",NA,0,2,"1.1","Y",NA,NA,NA,NA,NA,NA,1.87
NA,NA,2022,NA,NA,"TM2","lower","8.5",NA,NA,NA,"red",NA,NA,NA,NA,NA,NA,NA,NA,NA,"X",NA,NA,NA,NA,NA,NA,NA,NA,NA,NA,NA,NA,NA,NA
NA,NA,2022,NA,NA,"TM2","lower","8.5",NA,NA,NA,"red",NA,NA,NA,NA,NA,NA,"0.87","2.6",NA,"V","0.0","0.0",NA,NA,1,"1.0",NA,NA,NA,NA,NA,NA,NA,0.5
NA,NA,2022,NA,NA,"TM2","lower","8.5",NA,NA,NA,"red",NA,NA,NA,NA,NA,NA,"0.83","2.2",NA,"V","0.0","0.0",NA,NA,1,"1.3",NA,NA,NA,NA,NA,NA,NA,0.5
NA,NA,2022,NA,NA,"TM2","lower","8.5",NA,NA,NA,"yellow","pink",NA,"white",NA,12,28,"1.4","12.0",NA,"P","0.0","3.0",3.5,1,1,NA,"Y",NA,NA,NA,NA,NA,NA,1.4
NA,NA,2022,NA,NA,"TM2","lower","8.5",NA,NA,NA,"yellow",NA,NA,NA,NA,NA,NA,"0.56","2.2",NA,"X",NA,NA,NA,NA,1,NA,NA,NA,NA,NA,NA,NA,NA,0.5
NA,NA,2022,NA,NA,"TM2","lower","9.0",NA,NA,NA,NA,NA,NA,"purple",NA,32,10,NA,NA,NA,"X",NA,NA,NA,NA,NA,NA,NA,NA,NA,NA,NA,NA,NA,NA
NA,NA,2022,NA,NA,"TM2","lower","9.0",NA,NA,NA,"red","orange",NA,"white",NA,41,9,"3.06","20.2",NA,"P","0.0","19.0",6,1,1,NA,"Y",NA,NA,NA,NA,NA,NA,3.06
NA,NA,2022,NA,NA,"TM2","lower","9.0",NA,NA,NA,"red","pink",NA,NA,NA,NA,NA,"1.35","11.6",NA,"X",NA,NA,NA,NA,1,NA,"N",NA,NA,NA,NA,NA,NA,1.35
NA,NA,2022,NA,NA,"TM2","lower","9.0",NA,NA,NA,"red","silver",NA,"white",NA,32,6,"1.58","18.2",NA,"P","0.0","5.0",5,1,1,NA,"Y",NA,NA,NA,NA,NA,NA,1.58
NA,NA,2022,NA,NA,"TM2","lower","9.0",NA,NA,NA,"red","silver",NA,"white",NA,32,6,"1.91","18.0",NA,"P","0.0","9.0",5.2,1,1,NA,"Y",NA,NA,NA,NA,NA,NA,1.91
NA,NA,2022,NA,NA,"TM2","lower","9.0",NA,NA,NA,"red","silver",NA,"white",NA,19,50,"1.58","9.0",NA,"P","0.0","4.0",3.8,1,1,NA,"Y",NA,NA,NA,NA,NA,NA,1.58
NA,NA,2022,NA,NA,"TM2","lower","9.0",NA,NA,NA,"red","white",NA,"white",NA,23,52,"1.73","17.4",NA,"P","0.0","5.0",5.7,1,1,NA,"Y",NA,NA,NA,NA,NA,NA,1.73
NA,NA,2022,NA,NA,"TM2","lower","9.5",NA,NA,NA,"red","pink",NA,NA,NA,NA,NA,"0.93","11.0",NA,"P","0","2",3.6,1,1,NA,"N",NA,NA,NA,NA,NA,NA,0.5
NA,NA,2022,NA,NA,"TM2","lower","9.5",NA,NA,NA,"red","pink",NA,NA,NA,NA,NA,"0.94","9.1",NA,"P","0","1",2.4,1,1,NA,"Y",NA,NA,NA,NA,NA,NA,0.5
NA,NA,2022,NA,NA,"TM2","lower","9.5",NA,NA,NA,"red","white",NA,"white",NA,12,29,"2.19","26.4",NA,"P","5.0","4.8",1,NA,1,NA,NA,NA,NA,NA,NA,NA,NA,2.19
NA,NA,2022,NA,NA,"TM2","lower","9.5",NA,NA,NA,"red","white",NA,"white",NA,8,29,"1.71","21.6",NA,"P","2.0","5.0",1,NA,1,NA,NA,NA,NA,NA,NA,NA,NA,1.71
NA,NA,2022,NA,NA,"TM2","lower","10.0",NA,NA,NA,NA,NA,NA,"purple",NA,35,50,NA,NA,NA,"X",NA,NA,NA,NA,NA,NA,NA,NA,NA,NA,NA,NA,NA,NA
NA,NA,2022,NA,NA,"TM2","lower","10.0",NA,NA,NA,"red","orange",NA,"white",NA,31,42,"3.63","34.5",NA,"P","0.0","24.0",8.1,1,1,NA,"Y",NA,NA,NA,NA,NA,NA,3.63
NA,NA,2022,NA,NA,"TM2","lower","10.0",NA,NA,NA,"red","pink",NA,NA,NA,NA,NA,"0.97","12.7",NA,"P","0.0","1.0",3.1,1,1,NA,"N",NA,NA,NA,NA,NA,NA,0.5
NA,NA,2022,NA,NA,"TM2","lower","10.0",NA,NA,NA,"red","pink",NA,"white",NA,43,40,"1.5","21.0",NA,"P","0.0","2.0",6,1,1,NA,"Y",NA,NA,NA,NA,NA,NA,1.5
NA,NA,2022,NA,NA,"TM2","lower","10.0",NA,NA,NA,"red","pink",NA,"white",NA,50,35,"1.43","19.4",NA,"P","0.0","4.0",3.8,1,1,NA,"Y",NA,NA,NA,NA,NA,NA,1.43
NA,NA,2022,NA,NA,"TM2","lower","10.0",NA,NA,NA,"red","pink",NA,"white",NA,10,50,"1.17","14.0",NA,"P","0.0","2.0",2.5,1,1,NA,"Y",NA,NA,NA,NA,NA,NA,1.17
NA,NA,2022,NA,NA,"TM2","lower","10.0",NA,NA,NA,"red","silver",NA,NA,NA,NA,NA,"0.84","4.6",NA,"P","0.0","1.0",1.7,1,1,NA,"N",NA,NA,NA,NA,NA,NA,0.5
NA,NA,2022,NA,NA,"TM2","lower","10.0",NA,NA,NA,"red","silver",NA,NA,NA,NA,NA,"0.93","9.1",NA,"P","0.0","1.0",2.9,1,1,NA,"N",NA,NA,NA,NA,NA,NA,0.5
NA,NA,2022,NA,NA,"TM2","lower","10.0",NA,NA,NA,"red","silver",NA,NA,NA,NA,NA,"0.85","6.6",NA,"P","0.0","1.0",1.7,1,1,NA,"Y",NA,NA,NA,NA,NA,NA,0.5
NA,NA,2022,NA,NA,"TM2","lower","10.0",NA,NA,NA,"red","white",NA,"white",NA,33,8,"1.46","18.5",NA,"P","0.0","2.0",5.6,1,1,NA,"Y",NA,NA,NA,NA,NA,NA,1.46
NA,NA,2022,NA,NA,"TM2","lower","10.0",NA,NA,NA,"red","white",NA,NA,NA,NA,NA,"0.91","14.8",NA,"P","0.0","2.0",2.6,1,1,NA,"N",NA,NA,NA,NA,NA,NA,0.5
NA,NA,2022,NA,NA,"TM2","lower","10.0",NA,NA,NA,"red","white",NA,"white",NA,28,42,"1.25","13.2",NA,"P","0.0","3.0",2.8,1,1,NA,"N",NA,NA,NA,NA,NA,NA,1.25
NA,NA,2022,NA,NA,"TM2","lower","10.0",NA,NA,NA,"red","white",NA,"white",NA,8,50,"1.38","18.6",NA,"P","0.0","3.0",4.7,1,1,NA,"Y",NA,NA,NA,NA,NA,NA,1.38
NA,NA,2022,NA,NA,"TM2","lower","10.0",NA,NA,NA,"red","white",NA,"white",NA,7,52,"2.18","21.7",NA,"P","0.0","11.0",5.7,1,1,NA,"Y",NA,NA,NA,NA,NA,NA,2.18
NA,NA,2022,NA,NA,"TM2","lower","10.0",NA,NA,NA,"red",NA,NA,"white",NA,11,44,"1.0","5.1",NA,"B","0.0",NA,NA,1,1,NA,"Y",NA,NA,NA,NA,NA,NA,1
NA,NA,2022,NA,NA,"TM2","lower","10.0",NA,NA,NA,"red",NA,NA,NA,NA,NA,NA,"0.67","1.8",NA,"V","0.0",NA,NA,0,1,"1.6","Y",NA,NA,NA,NA,NA,NA,0.5
NA,NA,2022,NA,NA,"TM2","lower","10.0",NA,NA,NA,"red",NA,NA,NA,NA,NA,NA,"0.94","3.6",NA,"P","0.0","1.0",0.4,1,1,NA,"Y",NA,NA,NA,NA,NA,NA,0.5
NA,NA,2022,NA,NA,"TM2","lower","10.5",NA,NA,NA,NA,NA,NA,"purple",NA,10,35,NA,NA,NA,"X",NA,NA,NA,NA,NA,NA,NA,NA,NA,NA,NA,NA,NA,NA
NA,NA,2022,NA,NA,"TM2","lower","10.5",NA,NA,NA,"red","orange",NA,"white",NA,42,46,"1.38","17.1",NA,"P","0.0","3.0",5.1,1,1,NA,"N",NA,NA,NA,NA,NA,NA,1.38
NA,NA,2022,NA,NA,"TM2","lower","10.5",NA,NA,NA,"red","pink",NA,"white",NA,14,29,"1.25","13.1",NA,"P","0.0","2.0",4.5,1,1,NA,"N",NA,NA,NA,NA,NA,NA,1.25
NA,NA,2022,NA,NA,"TM2","lower","10.5",NA,NA,NA,"red","silver",NA,"white",NA,16,26,"1.04","10.6",NA,"P","0.0","2.0",2.7,1,1,NA,"Y",NA,NA,NA,NA,NA,NA,1.04
NA,NA,2022,NA,NA,"TM2","lower","10.5",NA,NA,NA,"red","silver",NA,"white",NA,34,40,"1.53","14.9",NA,"P","0.0","3.0",2.9,1,1,NA,"N",NA,NA,NA,NA,NA,NA,1.53
NA,NA,2022,NA,NA,"TM2","lower","10.5",NA,NA,NA,"red","silver",NA,NA,NA,NA,NA,"0.76","5.5",NA,"P","0.0","1.0",1,1,1,NA,"N",NA,NA,NA,NA,NA,NA,0.5
NA,NA,2022,NA,NA,"TM2","lower","10.5",NA,NA,NA,"red","silver",NA,NA,NA,NA,NA,"0.76","3.4",NA,"P","0.0","1.0",1.3,1,1,NA,"N",NA,NA,NA,NA,NA,NA,0.5
NA,NA,2022,NA,NA,"TM2","lower","10.5",NA,NA,NA,"red","white",NA,"white",NA,26,6,"1.64","22.3",NA,"P","0.0","5.0",5.1,1,1,NA,"N",NA,NA,NA,NA,NA,NA,1.64
NA,NA,2022,NA,NA,"TM2","lower","10.5",NA,NA,NA,"red","white",NA,"white",NA,14,29,"1.32","8.2",NA,"P","0.0","4.0",4.5,1,1,NA,"N",NA,NA,NA,NA,NA,NA,1.32
NA,NA,2022,NA,NA,"TM2","lower","10.5",NA,NA,NA,"yellow","silver",NA,"white",NA,20,56,"1.61","24.5",NA,"P","0.0","4.0",5.2,1,1,NA,"N",NA,NA,NA,NA,NA,"above plot",1.61
NA,NA,2022,NA,NA,"TM2","lower","11.0",NA,NA,NA,"red","orange",NA,"white",NA,9,49,"1.4","16.3",NA,"P","0.0","4.0",4.1,1,1,NA,"N",NA,NA,NA,NA,NA,NA,1.4
NA,NA,2022,NA,NA,"TM2","lower","11.0",NA,NA,NA,"red","pink",NA,"white",NA,4,20,"1.07","11.0",NA,"P","0.0","3.0",2.6,1,1,NA,"N",NA,NA,NA,NA,NA,NA,1.07
NA,NA,2022,NA,NA,"TM2","lower","11.0",NA,NA,NA,"red","white",NA,"white",NA,28,30,"2.74","25.2",NA,"P","0.0","17.0",6,1,1,NA,"Y",NA,NA,NA,NA,NA,NA,2.74
NA,NA,2022,NA,NA,"TM2","lower","11.0",NA,NA,NA,"red","white",NA,"white",NA,20,20,"1.42","14.0",NA,"P","0.0","3.0",4.2,1,1,NA,"Y",NA,NA,NA,NA,NA,NA,1.42
NA,NA,2022,NA,NA,"TM2","lower","11.0",NA,NA,NA,"red","white",NA,"white",NA,32,20,"1.8","20.4",NA,"P","0.0","15.0",4.6,1,1,NA,"Y",NA,NA,NA,NA,NA,NA,1.8
NA,NA,2022,NA,NA,"TM2","lower","11.5",NA,NA,NA,"red","white",NA,"white",NA,30,30,"2.2","23.9",NA,"P","0.0","14.0",6.7,1,1,NA,"Y",NA,NA,NA,NA,NA,NA,2.2
NA,NA,2022,NA,NA,"TM2","lower","12.5",NA,NA,NA,NA,NA,NA,"purple",NA,16,50,NA,NA,NA,NA,"0.0",NA,NA,NA,NA,NA,NA,NA,NA,NA,NA,NA,"Does not exist, likely 546 in 11.0",NA
NA,NA,2022,NA,NA,"TM2","lower","12.5",NA,NA,NA,"red","pink",NA,"white",NA,39,42,"1.59","17.8",NA,"P","0.0","2.0",4.5,1,1,NA,"N",NA,NA,NA,NA,NA,NA,1.59
NA,NA,2022,NA,NA,"TM2","lower","12.5",NA,NA,NA,"red","white",NA,"white",NA,44,26,"1.95","24.6",NA,"P","0.0","6.0",6.1,1,1,NA,"N",NA,NA,NA,NA,NA,NA,1.95
NA,NA,2022,NA,NA,"TM2","lower","11.0",NA,NA,NA,NA,NA,NA,"purple",NA,NA,NA,NA,NA,NA,"X",NA,NA,NA,NA,NA,NA,NA,NA,NA,NA,NA,NA,NA,NA
NA,NA,2022,NA,NA,"TM2","lower","14.0",NA,NA,NA,NA,NA,NA,"purple",NA,36,11,NA,NA,NA,"X",NA,NA,NA,NA,NA,NA,"N",NA,NA,NA,NA,NA,NA,NA
NA,NA,2022,NA,NA,"TM2","lower","14.0",NA,NA,NA,NA,NA,NA,"purple",NA,33,2,NA,NA,NA,"X",NA,NA,NA,NA,NA,NA,"N",NA,NA,NA,NA,NA,NA,NA
NA,NA,2022,NA,NA,"TM2","lower","14.0",NA,NA,NA,"red","orange",NA,"white",NA,10,20,"1.07","13.0",NA,"P","0.0","2.0",4.8,1,1,NA,"Y",NA,NA,NA,NA,NA,"aphids",1.07
NA,NA,2022,NA,NA,"TM2","lower","14.0",NA,NA,NA,"red","orange",NA,"white",NA,31,19,"1.35","15.4",NA,"P","0.0","3.0",4.8,1,1,NA,"N",NA,NA,NA,NA,NA,NA,1.35
NA,NA,2022,NA,NA,"TM2","lower","14.0",NA,NA,NA,"red","pink",NA,"white",NA,1,2,"1.42","14.1",NA,"P","0.0","5.0",4,1,1,NA,"N",NA,NA,NA,NA,NA,NA,1.42
NA,NA,2022,NA,NA,"TM2","lower","14.0",NA,NA,NA,"red","pink",NA,"white",NA,26,16,"1.1","11.4",NA,"P","0.0","2.0",3.3,1,1,NA,"N",NA,NA,NA,NA,NA,NA,1.1
NA,NA,2022,NA,NA,"TM2","lower","14.0",NA,NA,NA,"red","pink",NA,"white",NA,50,7,"1.24","18.7",NA,"P","0.0","3.0",5.5,1,1,NA,"N",NA,NA,NA,NA,NA,NA,1.24
NA,NA,2022,NA,NA,"TM2","lower","14.0",NA,NA,NA,"red","silver",NA,NA,NA,NA,NA,"0.83","8.2",NA,"P","0.0","1.0",1.8,1,1,NA,"N",NA,NA,NA,NA,NA,NA,0.5
NA,NA,2022,NA,NA,"TM2","lower","14.0",NA,NA,NA,"red","silver",NA,"white",NA,45,8,"1.2","12.6",NA,"P","0.0","4.0",3.4,1,1,NA,"Y",NA,NA,NA,NA,NA,NA,1.2
NA,NA,2022,NA,NA,"TM2","lower","14.0",NA,NA,NA,"red","silver",NA,NA,NA,NA,NA,"0.95","7.0",NA,"P","0.0","1.0",2,1,1,NA,"Y",NA,NA,NA,NA,NA,NA,0.5
NA,NA,2022,NA,NA,"TM2","lower","14.0",NA,NA,NA,"red","silver",NA,NA,NA,NA,NA,"0.85","7.0",NA,"P","0.0","1.0",1.3,1,1,NA,"N",NA,NA,NA,NA,NA,NA,0.5
NA,NA,2022,NA,NA,"TM2","lower","14.0",NA,NA,NA,"red","white",NA,"white",NA,13,13,"3.02","25.1",NA,"P","0.0","26.0",6.7,1,1,NA,"Y",NA,NA,NA,NA,NA,NA,3.02
NA,NA,2022,NA,NA,"TM2","lower","14.0",NA,NA,NA,"red","white",NA,"white",NA,50,13,"1.62","18.8",NA,"P","0.0","2.0",5.2,1,1,NA,"Y",NA,NA,NA,NA,NA,NA,1.62
NA,NA,2022,NA,NA,"TM2","lower","14.0",NA,NA,NA,"red","white",NA,"white",NA,48,12,"1.67","25.0",NA,"P","0.0","4.0",6.5,1,1,NA,"Y",NA,NA,NA,NA,NA,NA,1.67
NA,NA,2022,NA,NA,"TM2","lower","14.0",NA,NA,NA,"red","yellow",NA,"white",NA,26,20,"2.31","25.4",NA,"P","0.0","12.0",7.7,1,1,NA,"Y",NA,NA,NA,NA,NA,"aphids",2.31
NA,NA,2022,NA,NA,"TM2","lower","14.0",NA,NA,NA,"red",NA,NA,NA,NA,NA,NA,NA,NA,NA,"X",NA,NA,NA,NA,NA,NA,NA,NA,NA,NA,NA,NA,NA,NA
NA,NA,2022,NA,NA,"TM2","lower","14.0",NA,NA,NA,"red",NA,NA,NA,NA,NA,NA,"0.83","3.0",NA,"B","0.0","0.0",0,1,1,NA,"Y",NA,NA,NA,NA,NA,NA,0.5
NA,NA,2022,NA,NA,"TM2","lower","14.0",NA,NA,NA,"white",NA,NA,NA,NA,NA,NA,NA,NA,NA,"X",NA,NA,NA,NA,NA,NA,NA,NA,NA,NA,NA,NA,NA,NA
NA,NA,2022,NA,NA,"TM2","lower","14.5",NA,NA,NA,NA,NA,NA,"purple",NA,40,20,NA,NA,NA,"X",NA,NA,NA,NA,NA,NA,NA,NA,NA,NA,NA,NA,NA,NA
NA,NA,2022,NA,NA,"TM2","lower","14.5",NA,NA,NA,NA,NA,NA,"purple",NA,40,2,NA,NA,NA,"X",NA,NA,NA,NA,NA,NA,NA,NA,NA,NA,NA,NA,NA,NA
NA,NA,2022,NA,NA,"TM2","lower","14.5",NA,NA,NA,NA,NA,NA,"purple",NA,40,20,NA,NA,NA,"X",NA,NA,NA,NA,NA,NA,NA,NA,NA,NA,NA,NA,NA,NA
NA,NA,2022,NA,NA,"TM2","lower","14.5",NA,NA,NA,NA,NA,NA,"purple",NA,0,49,NA,NA,NA,"X",NA,NA,NA,NA,NA,NA,NA,NA,NA,NA,NA,NA,NA,NA
NA,NA,2022,NA,NA,"TM2","lower","14.5",NA,NA,NA,"red","orange",NA,"white",NA,11,50,"1.13","18.0",NA,"P","0.0","3.0",4.3,1,1,NA,"N",NA,NA,NA,NA,NA,NA,1.13
NA,NA,2022,NA,NA,"TM2","lower","14.5",NA,NA,NA,"red","pink",NA,"white",NA,43,22,"1.17","19.5",NA,"P","0.0","2.0",5.2,1,1,NA,"N",NA,NA,NA,NA,NA,NA,1.17
NA,NA,2022,NA,NA,"TM2","lower","14.5",NA,NA,NA,"red","pink",NA,NA,NA,NA,NA,"0.82","13.2",NA,"P","0.0","2.0",3.1,1,1,NA,"N",NA,NA,NA,NA,NA,NA,0.5
NA,NA,2022,NA,NA,"TM2","lower","14.5",NA,NA,NA,"red","pink",NA,"white",NA,49,25,"1.08","16.7",NA,"P","0.0","2.0",4.2,1,1,NA,"N",NA,NA,NA,NA,NA,NA,1.08
NA,NA,2022,NA,NA,"TM2","lower","14.5",NA,NA,NA,"red","silver",NA,"white",NA,32,8,"1.3","14.4",NA,"P","0.0","2.0",4.9,1,1,NA,"Y",NA,NA,NA,NA,NA,NA,1.3
NA,NA,2022,NA,NA,"TM2","lower","14.5",NA,NA,NA,"red","silver",NA,"white",NA,44,28,"1.17","13.7",NA,"P","0.0","1.0",4.5,1,1,NA,"N",NA,NA,NA,NA,NA,NA,1.17
NA,NA,2022,NA,NA,"TM2","lower","14.5",NA,NA,NA,"red","white",NA,"white",NA,28,8,"1.82","19.2",NA,"P","0.0","3.0",5.1,1,1,NA,"Y",NA,NA,NA,NA,NA,NA,1.82
NA,NA,2022,NA,NA,"TM2","lower","14.5",NA,NA,NA,"red","white",NA,"white",NA,17,14,"1.58","23.3",NA,"P","0.0","4.0",5.1,1,1,NA,"N",NA,NA,NA,NA,NA,NA,1.58
NA,NA,2022,NA,NA,"TM2","lower","14.5",NA,NA,NA,"red",NA,NA,NA,NA,NA,NA,"0.69","5.8",NA,"F","1.0","0.0",NA,1,1,NA,"Y",NA,NA,NA,NA,NA,NA,0.5
NA,NA,2022,NA,NA,"TM2","lower","14.5",NA,NA,NA,"red",NA,NA,"white",NA,27,17,"1.16","8.7",NA,"P","1.0","1.0",1.6,1,1,NA,"N",NA,NA,NA,NA,NA,NA,1.16
NA,NA,2022,NA,NA,"TM2","lower","14.5",NA,NA,NA,"red",NA,NA,NA,NA,NA,NA,"0.78","3.1",NA,"V",NA,NA,NA,NA,1,NA,"N",NA,NA,NA,NA,NA,NA,0.5
NA,NA,2022,NA,NA,"TM2","lower","14.5",NA,NA,NA,"red",NA,NA,NA,NA,NA,NA,"0.71","3.6",NA,"B",NA,NA,NA,1,1,NA,"Y",NA,NA,NA,NA,NA,NA,0.5
NA,NA,2022,NA,NA,"TM2","lower","14.5",NA,NA,NA,"yellow",NA,NA,NA,NA,NA,NA,"0.75","3.2",NA,"B","0.0","0.0",NA,1,1,NA,"Y",NA,NA,NA,NA,NA,NA,0.5
NA,NA,2022,NA,NA,"TM2","lower","15.0",NA,NA,NA,NA,NA,NA,"purple",NA,10,50,NA,NA,NA,"X",NA,NA,NA,NA,NA,NA,NA,NA,NA,NA,NA,NA,NA,NA
NA,NA,2022,NA,NA,"TM2","lower","15.0",NA,NA,NA,NA,NA,NA,"purple",NA,20,1,NA,NA,NA,"X",NA,NA,NA,NA,NA,NA,NA,NA,NA,NA,NA,NA,NA,NA
NA,NA,2022,NA,NA,"TM2","lower","15.0",NA,NA,NA,"red","orange",NA,"white",NA,10,9,"2.03","20.2",NA,"P","0.0","10.0",5.7,1,1,NA,"Y",NA,NA,NA,NA,NA,NA,2.03
NA,NA,2022,NA,NA,"TM2","lower","15.0",NA,NA,NA,"red","orange",NA,"white",NA,6,12,"1.43","21.5",NA,"P","0.0","4.0",5.7,1,1,NA,NA,NA,NA,NA,NA,NA,NA,1.43
NA,NA,2022,NA,NA,"TM2","lower","15.0",NA,NA,NA,"red","orange",NA,"white",NA,25,15,"1.45","18.1",NA,"P","0.0","6.0",6.2,1,1,NA,NA,NA,NA,NA,NA,NA,NA,1.45
NA,NA,2022,NA,NA,"TM2","lower","15.0",NA,NA,NA,"red","orange",NA,"white",NA,48,27,"2.24","21.7",NA,"P","0.0","9.0",6.4,1,1,NA,"Y",NA,NA,NA,NA,NA,NA,2.24
NA,NA,2022,NA,NA,"TM2","lower","15.0",NA,NA,NA,"red","pink",NA,"white",NA,33,6,"1.81","19.2",NA,"P","0.0","2.0",5.8,1,1,NA,"Y",NA,NA,NA,NA,NA,NA,1.81
NA,NA,2022,NA,NA,"TM2","lower","15.0",NA,NA,NA,"red","pink",NA,NA,NA,NA,NA,"0.9","10.0",NA,"P","0.0","1.0",3,1,1,NA,"Y",NA,NA,NA,NA,NA,NA,0.5
NA,NA,2022,NA,NA,"TM2","lower","15.0",NA,NA,NA,"red","pink",NA,"white",NA,6,5,"1.5","21.0",NA,"P","0.0","4.0",5.8,1,1,NA,"Y",NA,NA,NA,NA,NA,NA,1.5
NA,NA,2022,NA,NA,"TM2","lower","15.0",NA,NA,NA,"red","pink",NA,NA,NA,NA,NA,"0.51","4.2",NA,"P","0.0","1.0",1.9,1,1,NA,"N",NA,NA,NA,NA,NA,NA,0.5
NA,NA,2022,NA,NA,"TM2","lower","15.0",NA,NA,NA,"red","pink",NA,NA,NA,NA,NA,"0.95",NA,NA,"X","0.0","0.0",NA,1,1,NA,"Y",NA,NA,NA,NA,NA,"broken stem",0.5
NA,NA,2022,NA,NA,"TM2","lower","15.0",NA,NA,NA,"red","pink",NA,NA,NA,NA,NA,"0.78","16.9",NA,"P","0.0","2.0",3.8,1,1,NA,"Y",NA,NA,NA,NA,NA,NA,0.5
NA,NA,2022,NA,NA,"TM2","lower","15.0",NA,NA,NA,"red","pink",NA,"white",NA,42,22,"1.28","12.2",NA,"P","0.0","1.0",4,1,1,NA,"N",NA,NA,NA,NA,NA,"broken stem",1.28
NA,NA,2022,NA,NA,"TM2","lower","15.0",NA,NA,NA,"red","pink",NA,NA,NA,NA,NA,"0.72","8.6",NA,"P","0.0","2.0",2.1,1,1,NA,"N",NA,NA,NA,NA,NA,NA,0.5
NA,NA,2022,NA,NA,"TM2","lower","15.0",NA,NA,NA,"red","silver",NA,"white",NA,37,11,"1.92","15.5",NA,"P","0.0","2.0",4.4,1,1,NA,"Y",NA,NA,NA,NA,NA,NA,1.92
NA,NA,2022,NA,NA,"TM2","lower","15.0",NA,NA,NA,"red","silver",NA,NA,NA,NA,NA,"0.92","11.0",NA,"P","0.0","2.0",3.2,1,1,NA,"N",NA,NA,NA,NA,NA,NA,0.5
NA,NA,2022,NA,NA,"TM2","lower","15.0",NA,NA,NA,"red","silver",NA,"white",NA,4,19,"1.6","14.5",NA,"P","0.0","1.0",3.4,1,1,NA,"Y",NA,NA,NA,NA,NA,"broken stem",1.6
NA,NA,2022,NA,NA,"TM2","lower","15.0",NA,NA,NA,"red","silver",NA,NA,NA,NA,NA,"0.69","12.0",NA,"S","0.0","1.0",1.6,1,1,NA,"N",NA,NA,NA,NA,NA,NA,0.5
NA,NA,2022,NA,NA,"TM2","lower","15.0",NA,NA,NA,"red","silver",NA,NA,NA,NA,NA,"0.89","6.2",NA,"B","0.0","0.0",NA,1,1,NA,"Y",NA,NA,NA,NA,NA,NA,0.5
NA,NA,2022,NA,NA,"TM2","lower","15.0",NA,NA,NA,"red","white",NA,"white",NA,10,10,"1.34","20.0",NA,"P","0.0","3.0",5.1,1,1,NA,"Y",NA,NA,NA,NA,NA,NA,1.34
NA,NA,2022,NA,NA,"TM2","lower","15.0",NA,NA,NA,"red","white",NA,"white",NA,44,0,"1.41","16.5",NA,"P","0.0","4.0",5.4,1,1,NA,"Y",NA,NA,NA,NA,NA,NA,1.41
NA,NA,2022,NA,NA,"TM2","lower","15.0",NA,NA,NA,"red","white",NA,"white",NA,14,27,"1.2","18.6",NA,"P","0.0","4.0",4.5,1,1,NA,"N",NA,NA,NA,NA,NA,NA,1.2
NA,NA,2022,NA,NA,"TM2","lower","15.0",NA,NA,NA,"red","white",NA,"white",NA,6,23,"1.59","19.9",NA,"P","0.0","8.0",4.9,1,1,NA,"N",NA,NA,NA,NA,NA,NA,1.59
NA,NA,2022,NA,NA,"TM2","lower","15.0",NA,NA,NA,"red","white",NA,"white",NA,46,19,"1.47","13.2",NA,"P","0.0","2.0",5.9,1,1,NA,"Y",NA,NA,NA,NA,NA,NA,1.47
NA,NA,2022,NA,NA,"TM2","lower","15.0",NA,NA,NA,"red","white",NA,"white",NA,35,32,"1.77","25.2",NA,"P","0.0","5.0",8.1,1,1,NA,"Y",NA,NA,NA,NA,NA,NA,1.77
NA,NA,2022,NA,NA,"TM2","lower","15.0",NA,NA,NA,"red","yellow",NA,"white",NA,46,32,"1.66","18.8",NA,"P","0.0","4.0",6.1,1,1,NA,"N",NA,NA,NA,NA,NA,NA,1.66
NA,NA,2022,NA,NA,"TM2","lower","15.0",NA,NA,NA,"red","silver",NA,NA,NA,NA,NA,"0.78","7.0",NA,"B","0.0","0.0",NA,1,1,NA,"N",NA,NA,NA,NA,NA,NA,0.5
NA,NA,2022,NA,NA,"TM2","lower","15.0",NA,NA,NA,"yellow","white",NA,NA,NA,NA,NA,"0.86","12.2",NA,"P","0.0","2.0",2.7,1,1,NA,"N",NA,NA,NA,NA,NA,NA,0.5
NA,NA,2022,NA,NA,"TM2","lower","15.5",NA,NA,NA,NA,NA,NA,"purple",NA,49,41,NA,NA,NA,"X",NA,NA,NA,NA,NA,NA,NA,NA,NA,NA,NA,NA,NA,NA
NA,NA,2022,NA,NA,"TM2","lower","15.5",NA,NA,NA,NA,NA,NA,"purple",NA,15,1,NA,NA,NA,"X",NA,NA,NA,NA,NA,NA,NA,NA,NA,NA,NA,NA,NA,NA
NA,NA,2022,NA,NA,"TM2","lower","15.5",NA,NA,NA,NA,NA,NA,"purple",NA,0,37,NA,NA,NA,"X",NA,NA,NA,NA,NA,NA,NA,NA,NA,NA,NA,NA,NA,NA
NA,NA,2022,NA,NA,"TM2","lower","15.5",NA,NA,NA,NA,NA,NA,"purple",NA,45,44,NA,NA,NA,"X",NA,NA,NA,NA,NA,NA,NA,NA,NA,NA,NA,NA,NA,NA
NA,NA,2022,NA,NA,"TM2","lower","15.5",NA,NA,NA,NA,NA,NA,"purple",NA,40,23,NA,NA,NA,"X",NA,NA,NA,NA,NA,NA,NA,NA,NA,NA,NA,NA,NA,NA
NA,NA,2022,NA,NA,"TM2","lower","15.5",NA,NA,NA,"red","pink",NA,NA,NA,NA,NA,"1.32","13.5",NA,"S","0.0","2.0",5.3,1,1,NA,"N",NA,NA,NA,NA,NA,"not banded because pheno = S",1.32
NA,NA,2022,NA,NA,"TM2","lower","15.5",NA,NA,NA,"red","pink",NA,"white",NA,45,15,"1.1","18.0",NA,"P","0.0","4.0",4.3,1,1,NA,"N",NA,NA,NA,NA,NA,NA,1.1
NA,NA,2022,NA,NA,"TM2","lower","15.5",NA,NA,NA,"red","pink",NA,"white",NA,42,19,"1.23","23.9",NA,"P","0.0","4.0",7.2,1,1,NA,"N",NA,NA,NA,NA,NA,NA,1.23
NA,NA,2022,NA,NA,"TM2","lower","15.5",NA,NA,NA,"red","pink",NA,"white",NA,16,47,"1.5","23.5",NA,"P","0.0","5.0",6.6,1,1,NA,"N",NA,NA,NA,NA,NA,NA,1.5
NA,NA,2022,NA,NA,"TM2","lower","15.5",NA,NA,NA,"red","silver",NA,"white",NA,11,23,"1.03","15.5",NA,"P","0.0","1.0",3.3,1,1,NA,"Y",NA,NA,NA,NA,NA,NA,1.03
NA,NA,2022,NA,NA,"TM2","lower","15.5",NA,NA,NA,"red","silver",NA,NA,NA,NA,NA,"0.71","6.0",NA,"B","0.0","0.0",NA,1,1,NA,"N",NA,NA,NA,NA,NA,NA,0.5
NA,NA,2022,NA,NA,"TM2","lower","15.5",NA,NA,NA,"red","white",NA,"white",NA,12,36,"1.07","10.9",NA,"P","0.0","2.0",4,1,1,NA,"Y",NA,NA,NA,NA,NA,NA,1.07
NA,NA,2022,NA,NA,"TM2","lower","15.5",NA,NA,NA,"red","white",NA,"white",NA,16,47,"2.04","24.4",NA,"P","0.0","21.0",6.9,1,1,NA,"Y",NA,NA,NA,NA,NA,NA,2.04
NA,NA,2022,NA,NA,"TM2","lower","15.5",NA,NA,NA,"red",NA,NA,NA,NA,NA,NA,"0.66","0.8",NA,"V",NA,NA,NA,0,1,"0.6","N",NA,NA,NA,NA,NA,NA,0.5
NA,NA,2022,NA,NA,"TM2","lower","15.5",NA,NA,NA,"yellow","pink",NA,NA,NA,NA,NA,"0.9","14.1",NA,"P","0.0","2.0",3.3,1,1,NA,"N",NA,NA,NA,NA,NA,NA,0.5
NA,NA,2022,NA,NA,"TM2","lower","15.5",NA,NA,NA,"yellow","silver",NA,NA,NA,NA,NA,"0.91","11.1",NA,"P","1.0","2.0",4.2,1,1,NA,"Y",NA,NA,NA,NA,NA,NA,0.5
NA,NA,2022,NA,NA,"TM2","lower","15.5",NA,NA,NA,"yellow","silver",NA,NA,NA,NA,NA,"0.83","8.2",NA,"P","0.0","1.0",2.5,1,1,NA,"N",NA,NA,NA,NA,NA,NA,0.5
NA,NA,2022,NA,NA,"TM2","lower","15.5",NA,NA,NA,"yellow","silver",NA,"white",NA,36,50,"1.09","17.8",NA,"P","0.0","3.0",4.5,1,1,NA,"N",NA,NA,NA,NA,NA,NA,1.09
NA,NA,2022,NA,NA,"TM2","lower","15.5",NA,NA,NA,"yellow",NA,NA,NA,NA,NA,NA,"0.51","7.9",NA,"X","0.0","0.0",NA,1,1,NA,"Y",NA,NA,NA,NA,NA,NA,0.5
NA,NA,2022,NA,NA,"TM2","lower","16.0",NA,NA,NA,NA,NA,NA,"purple",NA,5,33,NA,NA,NA,"X",NA,NA,NA,NA,NA,NA,NA,NA,NA,NA,NA,NA,NA,NA
NA,NA,2022,NA,NA,"TM2","lower","16.0",NA,NA,NA,"red","pink",NA,NA,NA,NA,NA,"1.24","16.2",NA,"S","0.0","6.0",5.3,1,1,NA,"Y",NA,NA,NA,NA,NA,"not banded because pheno = S",1.24
NA,NA,2022,NA,NA,"TM2","lower","16.0",NA,NA,NA,"red","silver",NA,"white",NA,6,49,"1.11","16.6",NA,"P","0.0","1.0",3.4,1,1,NA,"Y",NA,NA,NA,NA,NA,NA,1.11
NA,NA,2022,NA,NA,"TM2","lower","16.0",NA,NA,NA,"red","white",NA,"white",NA,17,8,"2.68","32.9",NA,"P","0.0","17.0",7.2,1,1,NA,"Y",NA,NA,NA,NA,NA,NA,2.68
NA,NA,2022,NA,NA,"TM2","lower","16.0",NA,NA,NA,"yellow","orange",NA,"white",NA,31,18,"4.1","35.8",NA,"P","0.0","38.0",8.4,1,1,NA,"Y",NA,NA,NA,NA,NA,NA,4.1
NA,NA,2022,NA,NA,"TM2","lower","16.0",NA,NA,NA,"yellow","pink",NA,"white",NA,31,18,"1.06","12.2",NA,"P","0.0","1.0",1.3,1,1,NA,"Y",NA,NA,NA,NA,NA,NA,1.06
NA,NA,2022,NA,NA,"TM2","lower","16.5",NA,NA,NA,NA,NA,NA,"purple",NA,43,34,NA,NA,NA,"X",NA,NA,NA,NA,NA,NA,NA,NA,NA,NA,NA,NA,NA,NA
NA,NA,2022,NA,NA,"TM2","lower","16.5",NA,NA,NA,NA,NA,NA,"purple",NA,30,48,NA,NA,NA,"X",NA,NA,NA,NA,NA,NA,NA,NA,NA,NA,NA,NA,NA,NA
NA,NA,2022,NA,NA,"TM2","lower","16.5",NA,NA,NA,"red","orange",NA,"white",NA,50,20,"2.02","23.1",NA,"P","0.0","15.0",7.3,1,1,NA,"Y",NA,NA,NA,NA,NA,NA,2.02
NA,NA,2022,NA,NA,"TM2","lower","17.0",NA,NA,NA,NA,NA,NA,"purple",NA,3,13,NA,NA,NA,"X",NA,NA,NA,NA,NA,NA,NA,NA,NA,NA,NA,NA,NA,NA
NA,NA,2022,NA,NA,"TM2","lower","17.0",NA,NA,NA,NA,NA,NA,"purple",NA,40,49,NA,NA,NA,"X",NA,NA,NA,NA,NA,NA,NA,NA,NA,NA,NA,NA,NA,NA
NA,NA,2022,NA,NA,"TM2","lower","17.0",NA,NA,NA,"red","silver",NA,"white",NA,44,47,"1.75","19.7",NA,"P","0.0","3.0",4.9,1,1,NA,"Y",NA,NA,NA,NA,NA,NA,1.75
NA,NA,2022,NA,NA,"TM2","lower","17.0",NA,NA,NA,"red","white",NA,"white",NA,46,48,"2.12","30.0",NA,"P","0.0","6.0",5.7,1,1,NA,"Y",NA,NA,NA,NA,NA,NA,2.12
NA,NA,2022,NA,NA,"TM2","lower","17.0",NA,NA,NA,"red","white",NA,"white",NA,NA,NA,"1.42","21.0",NA,"P","0.0","5.0",6.3,1,1,NA,"N",NA,NA,NA,NA,NA,NA,1.42
NA,NA,2022,NA,NA,"TM2","lower","17.5",NA,NA,NA,NA,NA,NA,"purple",NA,16,47,NA,NA,NA,"X",NA,NA,NA,NA,NA,NA,NA,NA,NA,NA,NA,NA,NA,NA
NA,NA,2022,NA,NA,"TM2","lower","17.5",NA,NA,NA,NA,NA,NA,"purple",NA,4,5,NA,NA,NA,"X",NA,NA,NA,NA,NA,NA,NA,NA,NA,NA,NA,NA,NA,NA
NA,NA,2022,NA,NA,"TM2","lower","17.5",NA,NA,NA,NA,NA,NA,"purple",NA,18,46,NA,NA,NA,"X",NA,NA,NA,NA,NA,NA,NA,NA,NA,NA,NA,NA,NA,NA
NA,NA,2022,NA,NA,"TM2","lower","17.5",NA,NA,NA,NA,NA,NA,"purple",NA,15,30,NA,NA,NA,"X",NA,NA,NA,NA,NA,NA,NA,NA,NA,NA,NA,NA,NA,NA
NA,NA,2022,NA,NA,"TM2","lower","17.5",NA,NA,NA,NA,NA,NA,"purple",NA,33,41,NA,NA,NA,"X",NA,NA,NA,NA,NA,NA,NA,NA,NA,NA,NA,NA,NA,NA
NA,NA,2022,NA,NA,"TM2","lower","17.5",NA,NA,NA,NA,NA,NA,"purple",NA,15,45,NA,NA,NA,"X",NA,NA,NA,NA,NA,NA,NA,NA,NA,NA,NA,NA,NA,NA
NA,NA,2022,NA,NA,"TM2","lower","17.5",NA,NA,NA,NA,NA,NA,"purple",NA,3,39,NA,NA,NA,"X",NA,NA,NA,NA,NA,NA,NA,NA,NA,NA,NA,NA,NA,NA
NA,NA,2022,NA,NA,"TM2","lower","17.5",NA,NA,NA,"red","orange",NA,NA,NA,NA,NA,"3.35","28.9",NA,"S","0.0","23.0",6.1,1,1,NA,"N",NA,NA,NA,NA,NA,"no band because pheno = S",3.35
NA,NA,2022,NA,NA,"TM2","lower","17.5",NA,NA,NA,"red","silver",NA,"white",NA,50,31,"1.05","11.9",NA,"P","0.0","3.0",3,1,1,NA,"N",NA,NA,NA,NA,NA,NA,1.05
NA,NA,2022,NA,NA,"TM2","lower","17.5",NA,NA,NA,"red","silver",NA,"white",NA,30,38,"1.61","14.6",NA,"P","0.0","3.0",4.4,1,1,NA,"Y",NA,NA,NA,NA,NA,NA,1.61
NA,NA,2022,NA,NA,"TM2","lower","18.0",NA,NA,NA,"red","white",NA,"white",NA,27,10,"1.5","18.2",NA,"P","0.0","6.0",6.3,1,1,NA,"Y",NA,NA,NA,NA,NA,NA,1.5
NA,NA,2022,NA,NA,"TM2","lower","18.0",NA,NA,NA,"yellow","silver",NA,"white",NA,0,5,"1.21","11.5",NA,"P","0.0","2.0",3.1,1,1,NA,"N",NA,NA,NA,NA,NA,NA,1.21
NA,NA,2022,NA,NA,"TM2","lower","18.5",NA,NA,NA,"orange",NA,NA,NA,NA,NA,NA,"0.86","3.1",NA,"B","0.0","0.0",NA,1,1,NA,"N",NA,NA,NA,NA,NA,NA,0.5
NA,NA,2022,NA,NA,"TM2","lower","18.5",NA,NA,NA,"red","silver",NA,"white",NA,39,34,"1.32","16.1",NA,"P","0.0","2.0",4.6,1,1,NA,"N",NA,NA,NA,NA,NA,NA,1.32
NA,NA,2022,NA,NA,"TM2","lower","18.5",NA,NA,NA,"red","white",NA,"white",NA,25,22,"2.45","33.6",NA,"P","0.0","13.0",7.1,1,1,NA,"Y",NA,NA,NA,NA,NA,NA,2.45
NA,NA,2022,NA,NA,"TM2","lower","18.5",NA,NA,NA,"red","white",NA,"white",NA,30,7,"2.42","32.6",NA,"P","0.0","12.0",6,1,1,NA,"Y",NA,NA,NA,NA,NA,NA,2.42
NA,NA,2022,NA,NA,"TM2","lower","18.5",NA,NA,NA,"yellow","silver",NA,NA,NA,NA,NA,"0.54","9.1",NA,"P","0.0","1.0",2.2,1,1,NA,"N",NA,NA,NA,NA,NA,NA,0.5
NA,NA,2022,NA,NA,"TM2","lower","18.5",NA,NA,NA,"yellow","white",NA,"white",NA,50,19,"1.47","17.6",NA,"P","0.0","4.0",5.7,1,1,NA,"Y",NA,NA,NA,NA,NA,NA,1.47
NA,NA,2022,NA,NA,"TM2","lower","18.5",NA,NA,NA,"yellow",NA,NA,NA,NA,NA,NA,"0.68","6.6",NA,"P","0.0","1.0",2.4,1,1,NA,"N",NA,NA,NA,NA,NA,NA,0.5
NA,NA,2022,NA,NA,"TM2","upper","2.5",NA,NA,NA,"red","pink",NA,NA,NA,NA,NA,"<1","11.0",NA,"P","0.0","2.0",4,1,1,NA,"N",NA,NA,NA,NA,NA,NA,0.5
NA,NA,2022,NA,NA,"TM2","upper","2.5",NA,NA,NA,"red","white",NA,"white",NA,38,3,"1.63","18.6",NA,"P","0.0","9.0",5.4,1,1,NA,"Y",NA,NA,NA,NA,NA,NA,1.63
NA,NA,2022,NA,NA,"TM2","upper","3.5",NA,NA,NA,"red",NA,NA,NA,NA,NA,NA,"<1","1.6",NA,"B","0.0","0.0",NA,1,1,NA,"N",NA,NA,NA,NA,NA,"1 bud",0.5
NA,NA,2022,NA,NA,"TM2","upper","5.5",NA,NA,NA,"red","silver",NA,"white",NA,2,25,"1.19","11.6",NA,"P","0.0","2.0",3.5,1,1,NA,"N",NA,NA,NA,NA,NA,NA,1.19
NA,NA,2022,NA,NA,"TM2","upper","6.0",NA,NA,NA,"red","white",NA,NA,NA,NA,NA,"<1","10.7",NA,"P","0.0","2.0",2.9,1,1,NA,"N",NA,NA,NA,NA,NA,NA,0.5
NA,NA,2022,NA,NA,"TM2","upper","6.5",NA,NA,NA,"red","pink",NA,NA,NA,NA,NA,"<1","12.0",NA,"P","0.0","3.0",2.6,1,1,NA,"Y",NA,NA,NA,NA,NA,NA,0.5
NA,NA,2022,NA,NA,"TM2","upper","6.5",NA,NA,NA,"red",NA,NA,NA,NA,NA,NA,NA,NA,NA,"X",NA,NA,NA,NA,NA,NA,NA,NA,NA,NA,NA,NA,NA,NA
NA,NA,2022,NA,NA,"TM2","upper","6.5",NA,NA,NA,"red",NA,NA,NA,NA,NA,NA,"<1","8.8",NA,"F","1.0","0.0",NA,1,1,NA,"Y",NA,NA,NA,NA,NA,NA,0.5
NA,NA,2022,NA,NA,"TM2","upper","6.5",NA,NA,NA,"red",NA,NA,NA,NA,NA,NA,"<1","3.3",NA,"B","0.0","0.0",NA,1,1,NA,"Y",NA,NA,NA,NA,NA,"3 buds",0.5
NA,NA,2022,NA,NA,"TM2","upper","7.0",NA,NA,NA,"red","pink",NA,"white",NA,44,46,"1.33","17.7",NA,"P","0.0","3.0",3.4,1,1,NA,"N",NA,NA,NA,NA,NA,NA,1.33
NA,NA,2022,NA,NA,"TM2","upper","7.0",NA,NA,NA,"red","pink",NA,"white",NA,6,4,"1.16","12.9",NA,"P","0.0","6.0",3.9,1,1,NA,"Y",NA,NA,NA,NA,NA,NA,1.16
NA,NA,2022,NA,NA,"TM2","upper","7.0",NA,NA,NA,"red","silver",NA,"white",NA,43,30,"1.26","14.4",NA,"P","0.0","4.0",2.7,1,1,NA,"N",NA,NA,NA,NA,NA,"spiderweb",1.26
NA,NA,2022,NA,NA,"TM2","upper","7.0",NA,NA,NA,"red","silver",NA,"white",NA,43,5,"1.19","11.2",NA,"P","0.0","3.0",3.6,1,1,NA,"N",NA,NA,NA,NA,NA,NA,1.19
NA,NA,2022,NA,NA,"TM2","upper","7.0",NA,NA,NA,"red",NA,NA,NA,NA,NA,NA,"<1","5.1",NA,"F","1.0","0.0",NA,1,1,NA,"Y",NA,NA,NA,NA,NA,NA,0.5
NA,NA,2022,NA,NA,"TM2","upper","7.5",NA,NA,NA,"red","silver",NA,NA,NA,NA,NA,"<1","13.2",NA,"P","0.0","3.0",3.9,1,1,NA,"N",NA,NA,NA,NA,NA,NA,0.5
NA,NA,2022,NA,NA,"TM2","upper","7.5",NA,NA,NA,"red",NA,NA,"white",NA,29,34,"1.16","4.1",NA,"B","0.0","0.0",0,1,1,NA,"Y",NA,NA,NA,NA,NA,"lots of herbivory",1.16
NA,NA,2022,NA,NA,"TM2","upper","7.5",NA,NA,NA,"red",NA,NA,NA,NA,NA,NA,NA,NA,NA,"X",NA,NA,NA,NA,NA,NA,NA,NA,NA,NA,NA,NA,NA,NA
NA,NA,2022,NA,NA,"TM2","upper","8.0",NA,NA,NA,"red",NA,NA,NA,NA,NA,NA,"<1","2.8",NA,"V","0.0","0.0",NA,0,1,"0.8","Y",NA,NA,NA,NA,NA,NA,0.5
NA,NA,2022,NA,NA,"TM2","upper","10.0",NA,NA,NA,"red","silver",NA,"white",NA,49,31,"1.66","14.4",NA,"P","0.0","4.0",3.8,1,1,NA,"Y",NA,NA,NA,NA,NA,NA,1.66
NA,NA,2022,NA,NA,"TM2","upper","10.5",NA,NA,NA,"red","pink",NA,"white",NA,41,11,"2.06","16.2",NA,"P","0.0","7.0",6.7,1,1,NA,"Y",NA,NA,NA,NA,NA,NA,2.06
NA,NA,2022,NA,NA,"TM2","upper","11.0",NA,NA,NA,"red","pink",NA,"white",NA,24,60,"1.87","25.9",NA,"P","0.0","10.0",5.6,1,1,NA,"Y",NA,NA,NA,NA,NA,"also seems out with this layout",1.87
NA,NA,2022,NA,NA,"TM2","upper","11.0",NA,NA,NA,"red","white",NA,"white",NA,12,54,"1.6","19.8",NA,"P","0.0","8.0",4.9,1,1,NA,"Y",NA,NA,NA,NA,NA,"out depending on transect",1.6
NA,NA,2022,NA,NA,"TM2","upper","11.5",NA,NA,NA,"red","silver",NA,"white",NA,24,50,"2.16","19.2",NA,"P","0.0","5.0",6.1,1,1,NA,"Y",NA,NA,NA,NA,NA,NA,2.16
NA,NA,2022,NA,NA,"TM2","upper","13.0",NA,NA,NA,"red","pink",NA,"white",NA,36,2,"3.29","33.2",NA,"P","0.0","20.0",6.4,1,1,NA,"Y",NA,NA,NA,NA,NA,NA,3.29
NA,NA,2022,NA,NA,"TM2","upper","14.5",NA,NA,NA,"red","pink",NA,"white",NA,34,24,"1.91","18.1",NA,"P","0.0","4.0",6.3,1,1,NA,"Y",NA,NA,NA,NA,NA,"red leaves",1.91
NA,NA,2022,NA,NA,"TM2","upper","14.5",NA,NA,NA,"red","pink",NA,"white",NA,34,39,"1.65","17.9",NA,"P","0.0","5.0",5.5,1,1,NA,"N",NA,NA,NA,NA,NA,NA,1.65
NA,NA,2022,NA,NA,"TM2","upper","14.5",NA,NA,NA,"red","silver",NA,"white",NA,36,26,"1.11","11.6",NA,"P","1.0","2.0",4.2,1,1,NA,"Y",NA,NA,NA,NA,NA,NA,1.11
NA,NA,2022,NA,NA,"TM2","seep","1.0L",NA,NA,NA,NA,NA,NA,"purple",NA,14,19,NA,NA,NA,"X",NA,NA,NA,NA,NA,NA,NA,NA,NA,NA,NA,NA,NA,NA
NA,NA,2022,NA,NA,"TM2","seep","1.5R",NA,NA,NA,NA,NA,NA,"purple",NA,17,-21,NA,NA,NA,"X",NA,NA,NA,NA,NA,NA,NA,NA,NA,NA,NA,NA,NA,NA
NA,NA,2022,NA,NA,"TM2","seep","2.0L",NA,NA,NA,NA,NA,NA,"purple",NA,23,10,NA,NA,NA,"X",NA,NA,NA,NA,NA,NA,NA,NA,NA,NA,NA,NA,NA,NA
NA,NA,2022,NA,NA,"TM2","seep","2.5L",NA,NA,NA,NA,NA,NA,"purple",NA,4,15,NA,NA,NA,"X",NA,NA,NA,NA,NA,NA,NA,NA,NA,NA,NA,NA,NA,NA
NA,NA,2022,NA,NA,"TM2","seep","3.5R",NA,NA,NA,NA,NA,NA,"purple",NA,44,-8,NA,NA,NA,"X",NA,NA,NA,NA,NA,NA,NA,NA,NA,NA,NA,NA,NA,NA
NA,NA,2022,NA,NA,"TM2","seep","4.5R",NA,NA,NA,NA,NA,NA,"purple",NA,29,-11,NA,NA,NA,"X",NA,NA,NA,NA,NA,NA,NA,NA,NA,NA,NA,NA,"didn’t find, no band",NA
NA,NA,2022,NA,NA,"TM2","seep","6.5L",NA,NA,NA,NA,NA,NA,"purple",NA,3,28,NA,NA,NA,"X",NA,NA,NA,NA,NA,NA,NA,NA,NA,NA,NA,NA,NA,NA
NA,NA,2022,NA,NA,"TM2","seep","6.5L",NA,NA,NA,NA,NA,NA,"purple",NA,4,39,NA,NA,NA,"X",NA,NA,NA,NA,NA,NA,NA,NA,NA,NA,NA,NA,NA,NA
NA,NA,2022,NA,NA,"TM2","seep","11.5R",NA,NA,NA,NA,NA,NA,"purple",NA,0,-24,NA,NA,NA,"X",NA,NA,NA,NA,NA,NA,NA,NA,NA,NA,NA,NA,NA,NA
NA,NA,2022,NA,NA,"TM2","seep","11.5R",NA,NA,NA,NA,NA,NA,"purple",NA,1,-23,NA,NA,NA,"X",NA,NA,NA,NA,NA,NA,NA,NA,NA,NA,NA,NA,NA,NA
NA,NA,2022,NA,NA,"TM2","seep","11.5R",NA,NA,NA,NA,NA,NA,"purple",NA,2,-19,NA,NA,NA,"X",NA,NA,NA,NA,NA,NA,NA,NA,NA,NA,NA,NA,NA,NA
NA,NA,2022,NA,NA,"TM2","seep","11.5R",NA,NA,NA,NA,NA,NA,"purple",NA,4,-18,NA,NA,NA,"X",NA,NA,NA,NA,NA,NA,NA,NA,NA,NA,NA,NA,NA,NA
NA,NA,2022,NA,NA,"TM2","seep","11.5R",NA,NA,NA,NA,NA,NA,"purple",NA,21,-30,NA,NA,NA,"X",NA,NA,NA,NA,NA,NA,NA,NA,NA,NA,NA,NA,NA,NA
NA,NA,2022,NA,NA,"TM2","seep","11.5R",NA,NA,NA,NA,NA,NA,"purple",NA,25,-5,NA,NA,NA,"X",NA,NA,NA,NA,NA,NA,NA,NA,NA,NA,NA,NA,NA,NA
NA,NA,2022,NA,NA,"TM2","seep","11.5L",NA,NA,NA,NA,NA,NA,"purple",NA,30,0,NA,NA,NA,"X",NA,NA,NA,NA,NA,NA,NA,NA,NA,NA,NA,NA,NA,NA
NA,NA,2022,NA,NA,"TM2","seep","11.5L",NA,NA,NA,NA,NA,NA,"purple",NA,43,4,NA,NA,NA,"X",NA,NA,NA,NA,NA,NA,NA,NA,NA,NA,NA,NA,NA,NA
NA,NA,2022,NA,NA,"TM2","seep","11.5R",NA,NA,NA,NA,NA,NA,"purple",NA,48,-17,NA,NA,NA,"X",NA,NA,NA,NA,NA,NA,NA,NA,NA,NA,NA,NA,NA,NA
NA,NA,2022,NA,NA,"TM2","seep","11.5L",NA,NA,NA,NA,NA,NA,"purple",NA,33,17,NA,NA,NA,"X",NA,NA,NA,NA,NA,NA,NA,NA,NA,NA,NA,NA,NA,NA
NA,NA,2022,NA,NA,"TM2","seep","11.5R",NA,NA,NA,NA,NA,NA,"purple",NA,45,-45,NA,NA,NA,"X",NA,NA,NA,NA,NA,NA,NA,NA,NA,NA,NA,NA,NA,NA
NA,NA,2022,NA,NA,"TM2","seep","12.0R",NA,NA,NA,NA,NA,NA,"purple",NA,1,-38,NA,NA,NA,"X",NA,NA,NA,NA,NA,NA,NA,NA,NA,NA,NA,NA,NA,NA
NA,NA,2022,NA,NA,"TM2","seep","12.0R",NA,NA,NA,NA,NA,NA,"purple",NA,16,-39,NA,NA,NA,"X",NA,NA,NA,NA,NA,NA,NA,NA,NA,NA,NA,NA,NA,NA
NA,NA,2022,NA,NA,"TM2","seep","12.5L",NA,NA,NA,NA,NA,NA,"purple",NA,7,17,NA,NA,NA,"X",NA,NA,NA,NA,NA,NA,NA,NA,NA,NA,NA,NA,NA,NA
NA,NA,2022,NA,NA,"TM2","seep","12.5L",NA,NA,NA,NA,NA,NA,"purple",NA,16,35,NA,NA,NA,"X",NA,NA,NA,NA,NA,NA,NA,NA,NA,NA,NA,NA,NA,NA
NA,NA,2022,NA,NA,"TM2","seep","12.5L",NA,NA,NA,NA,NA,NA,"purple",NA,49,4,NA,NA,NA,"X",NA,NA,NA,NA,NA,NA,NA,NA,NA,NA,NA,NA,NA,NA
NA,NA,2022,NA,NA,"TM2","seep","13.0R",NA,NA,NA,NA,NA,NA,"purple",NA,4,-3,NA,NA,NA,"X",NA,NA,NA,NA,NA,NA,NA,NA,NA,NA,NA,NA,NA,NA
NA,NA,2022,NA,NA,"TM2","seep","13.0R",NA,NA,NA,NA,NA,NA,"purple",NA,26,-32,NA,NA,NA,"X",NA,NA,NA,NA,NA,NA,NA,NA,NA,NA,NA,NA,NA,NA
NA,NA,2022,NA,NA,"TM2","seep","14.0R",NA,NA,NA,NA,NA,NA,"purple",NA,47,-26,NA,NA,NA,"X",NA,NA,NA,NA,NA,NA,NA,NA,NA,NA,NA,NA,NA,NA
NA,NA,2022,NA,NA,"TM2","seep","15.0L",NA,NA,NA,NA,NA,NA,"purple",NA,30,6,NA,NA,NA,"X",NA,NA,NA,NA,NA,NA,NA,NA,NA,NA,NA,NA,NA,NA
NA,NA,2022,NA,NA,"TM2","seep","1.5R",NA,NA,NA,NA,NA,NA,"white",NA,11,-42,"4.95","37.0",NA,"P","0.0","157.0",9.1,2,2,NA,"Y",NA,NA,NA,NA,NA,NA,4.95
NA,NA,2022,NA,NA,"TM2","seep","1.5R",NA,NA,NA,NA,NA,NA,"white",NA,15,-37,"4.95","46.4",NA,"P","0.0","191.0",5.9,2,2,NA,"Y",NA,NA,NA,NA,NA,"signs of aphids",4.95
NA,NA,2022,NA,NA,"TM2","seep","1.5L",NA,NA,NA,NA,NA,NA,"white",NA,25,45,"9.71","45.0",NA,"P","0.0","447.0",6.9,5,5,NA,"Y",NA,NA,NA,NA,NA,"signs of aphids",9.71
NA,NA,2022,NA,NA,"TM2","seep","1.5L",NA,NA,NA,NA,NA,NA,"white",NA,24,40,"2.31","29.0",NA,"P","0.0","40.0",7.3,1,1,NA,"Y",NA,NA,NA,NA,NA,NA,2.31
NA,NA,2022,NA,NA,"TM2","seep","1.5L",NA,NA,NA,NA,NA,NA,"white",NA,39,49,"4.02","48.5",NA,"P","0.0","57.0",7.4,1,1,NA,"Y",NA,NA,NA,NA,NA,NA,4.02
NA,NA,2022,NA,NA,"TM2","seep","2.0R",NA,NA,NA,NA,NA,NA,"white",NA,45,-19,"4.31","44.9",NA,"P","0.0","166.0",7.9,1,1,NA,"Y",NA,NA,NA,NA,NA,NA,4.31
NA,NA,2022,NA,NA,"TM2","seep","2.5R",NA,NA,NA,NA,NA,NA,"white",NA,31,-30,"6.8","47.5",NA,"P","4.0","203.0",6.7,2,2,NA,"Y",NA,NA,NA,NA,NA,"signs of aphids",6.8
NA,NA,2022,NA,NA,"TM2","seep","4.0R",NA,NA,NA,NA,NA,NA,"white",NA,6,-45,"1.15","16.6",NA,"P","0.0","5.0",6.4,1,1,NA,"N",NA,NA,NA,NA,NA,NA,1.15
NA,NA,2022,NA,NA,"TM2","seep","4.5R",NA,NA,NA,NA,NA,NA,"white",NA,12,-34,"6.5","51.0",NA,"P","0.0","339.0",7.3,1,1,NA,"Y",NA,NA,NA,NA,NA,"1 dead 2° branch",6.5
NA,NA,2022,NA,NA,"TM2","seep","5.5R",NA,NA,NA,NA,NA,NA,"white",NA,30,-26,"5.54","50.2",NA,"P","0.0","182.0",8.8,1,1,NA,"Y",NA,NA,NA,NA,NA,"signs of aphids, 2 branches broken",5.54
NA,NA,2022,NA,NA,"TM2","seep","6.0L",NA,NA,NA,NA,NA,NA,"white",NA,44,31,"2.0","26.8",NA,"P","0.0","39.0",6.5,1,1,NA,"N",NA,NA,NA,NA,NA,NA,2
NA,NA,2022,NA,NA,"TM2","seep","6.0L",NA,NA,NA,NA,NA,NA,"white",NA,49,47,"1.66","20.3",NA,"P","0.0","16.0",6,1,1,NA,"Y",NA,NA,NA,NA,NA,NA,1.66
NA,NA,2022,NA,NA,"TM2","seep","8.5R",NA,NA,NA,NA,NA,NA,NA,NA,NA,NA,"<1","9.2",NA,"F","1.0","0.0",NA,1,1,NA,"Y",NA,NA,NA,NA,NA,NA,0.5
NA,NA,2022,NA,NA,"TM2","seep","11.0R",NA,NA,NA,NA,NA,NA,"white",NA,37,-35,"2.16","23.5",NA,"P","0.0","14.0",8.7,1,1,NA,"Y",NA,NA,NA,NA,NA,NA,2.16
NA,NA,2022,NA,NA,"TM2","seep","11.0L",NA,NA,NA,NA,NA,NA,"white",NA,48,3,"2.05","31.5",NA,"P","2.0","16.0",5.5,1,1,NA,"Y",NA,NA,NA,NA,NA,NA,2.05
NA,NA,2022,NA,NA,"TM2","seep","11.5L",NA,NA,NA,NA,NA,NA,"white",NA,12,7,"3.38","31.5",NA,"P","0.0","38.0",7.4,1,1,NA,"Y",NA,NA,NA,NA,NA,NA,3.38
NA,NA,2022,NA,NA,"TM2","seep","11.5L",NA,NA,NA,NA,NA,NA,"white",NA,24,18,"2.42","23.0",NA,"P","0.0","31.0",7.3,1,1,NA,"Y",NA,NA,NA,NA,NA,NA,2.42
NA,NA,2022,NA,NA,"TM2","seep","11.5L",NA,NA,NA,NA,NA,NA,"white",NA,42,4,"2.22","36.0",NA,"P","0.0","20.0",8.1,1,1,NA,"Y",NA,NA,NA,NA,NA,NA,2.22
NA,NA,2022,NA,NA,"TM2","seep","11.5L",NA,NA,NA,NA,NA,NA,"white",NA,22,42,"1.96","24.0",NA,"P","0.0","21.0",7.4,1,1,NA,"Y",NA,NA,NA,NA,NA,NA,1.96
NA,NA,2022,NA,NA,"TM2","seep","11.5R",NA,NA,NA,NA,NA,NA,"white",NA,30,-12,"1.2","20.0",NA,"P","0.0","5.0",5.4,1,1,NA,"Y",NA,NA,NA,NA,NA,NA,1.2
NA,NA,2022,NA,NA,"TM2","seep","11.5R",NA,NA,NA,NA,NA,NA,"white",NA,32,-15,"1.68","25.0",NA,"P","0.0","11.0",6.2,1,1,NA,"Y",NA,NA,NA,NA,NA,NA,1.68
NA,NA,2022,NA,NA,"TM2","seep","11.5R",NA,NA,NA,NA,NA,NA,"white",NA,33,-19,"4.08","36.0",NA,"P","0.0","32.0",7.9,1,11,NA,"Y",NA,NA,NA,NA,NA,NA,4.08
NA,NA,2022,NA,NA,"TM2","seep","11.5R",NA,NA,NA,NA,NA,NA,"white",NA,47,-15,"3.95","42.0",NA,"P","0.0","28.0",5.6,1,1,NA,"Y",NA,NA,NA,NA,NA,NA,3.95
NA,NA,2022,NA,NA,"TM2","seep","12.0L",NA,NA,NA,NA,NA,NA,"white",NA,11,4,"3.71","40.0",NA,"P","0.0","70.0",8.4,1,1,NA,"Y",NA,NA,NA,NA,NA,NA,3.71
NA,NA,2022,NA,NA,"TM2","seep","12.0R",NA,NA,NA,NA,NA,NA,"white",NA,19,-19,"1.33","19.0",NA,"P","0.0","7.0",6.2,1,1,NA,NA,NA,NA,NA,NA,NA,NA,1.33
NA,NA,2022,NA,NA,"TM2","seep","12.0R",NA,NA,NA,NA,NA,NA,"white",NA,17,-31,"1.25","25.0",NA,"P","0.0","13.0",5.5,1,1,NA,NA,NA,NA,NA,NA,NA,NA,1.25
NA,NA,2022,NA,NA,"TM2","seep","12.0R",NA,NA,NA,NA,NA,NA,"white",NA,44,-24,"2.64","35.0",NA,"P","0.0","44.0",7.6,1,1,NA,NA,NA,NA,NA,NA,NA,NA,2.64
NA,NA,2022,NA,NA,"TM2","seep","12.5R",NA,NA,NA,NA,NA,NA,"white",NA,40,-27,"3.87","35.0",NA,"P","0.0","126.0",7.8,2,2,NA,NA,NA,NA,NA,NA,NA,NA,3.87
NA,NA,2022,NA,NA,"TM2","lower*",NA,NA,NA,NA,NA,NA,NA,"red",NA,NA,NA,NA,NA,NA,"X",NA,NA,NA,NA,NA,NA,NA,NA,NA,NA,NA,NA,NA,NA
NA,NA,2022,NA,NA,"TM2","lower*",NA,NA,NA,NA,NA,NA,NA,"red",NA,NA,NA,NA,NA,NA,"X",NA,NA,NA,NA,NA,NA,NA,NA,NA,NA,NA,NA,NA,NA
NA,NA,2022,NA,NA,"TM2","lower*",NA,NA,NA,NA,NA,NA,NA,"red",NA,NA,NA,NA,NA,NA,"X",NA,NA,NA,NA,NA,NA,NA,NA,NA,NA,NA,NA,NA,NA
NA,NA,2022,NA,NA,"TM2","lower*",NA,NA,NA,NA,NA,NA,NA,"red",NA,NA,NA,NA,NA,NA,"X",NA,NA,NA,NA,NA,NA,NA,NA,NA,NA,NA,NA,NA,NA
NA,NA,2022,NA,NA,"TM2","lower*",NA,NA,NA,NA,NA,NA,NA,"red",NA,NA,NA,NA,NA,NA,"X",NA,NA,NA,NA,NA,NA,NA,NA,NA,NA,NA,NA,NA,NA
NA,NA,2022,NA,NA,"TM2","lower*",NA,NA,NA,NA,NA,NA,NA,"red",NA,NA,NA,NA,NA,NA,"X",NA,NA,NA,NA,NA,NA,NA,NA,NA,NA,NA,NA,NA,NA
NA,NA,2022,NA,NA,"TM2","lower*",NA,NA,NA,NA,NA,NA,NA,"red",NA,NA,NA,NA,NA,NA,"X",NA,NA,NA,NA,NA,NA,NA,NA,NA,NA,NA,NA,NA,NA
NA,NA,2022,NA,NA,"TM2","lower*",NA,NA,NA,NA,NA,NA,NA,"red",NA,NA,NA,NA,NA,NA,"X",NA,NA,NA,NA,NA,NA,NA,NA,NA,NA,NA,NA,NA,NA
NA,NA,2022,NA,NA,"TM2","lower*",NA,NA,NA,NA,NA,NA,NA,"red",NA,NA,NA,NA,NA,NA,"X",NA,NA,NA,NA,NA,NA,NA,NA,NA,NA,NA,NA,NA,NA
NA,NA,2022,NA,NA,"TM2","lower*",NA,NA,NA,NA,NA,NA,NA,"red",NA,NA,NA,NA,NA,NA,"X",NA,NA,NA,NA,NA,NA,NA,NA,NA,NA,NA,NA,NA,NA
NA,NA,2022,NA,NA,"TM2","lower*",NA,NA,NA,NA,NA,NA,NA,"red",NA,NA,NA,NA,NA,NA,"X",NA,NA,NA,NA,NA,NA,NA,NA,NA,NA,NA,NA,NA,NA
NA,NA,2022,NA,NA,"TM2","lower*",NA,NA,NA,NA,NA,NA,NA,"red",NA,NA,NA,NA,NA,NA,"X",NA,NA,NA,NA,NA,NA,NA,NA,NA,NA,NA,NA,NA,NA
NA,NA,2022,NA,NA,"TM2","lower*",NA,NA,NA,NA,NA,NA,NA,"red",NA,NA,NA,NA,NA,NA,"X",NA,NA,NA,NA,NA,NA,NA,NA,NA,NA,NA,NA,NA,NA
NA,NA,2022,NA,NA,"TM2","lower*",NA,NA,NA,NA,NA,NA,NA,"red",NA,NA,NA,NA,NA,NA,"X",NA,NA,NA,NA,NA,NA,NA,NA,NA,NA,NA,NA,NA,NA
NA,NA,2022,NA,NA,"TM2","lower*",NA,NA,NA,NA,NA,NA,NA,"red",NA,NA,NA,NA,NA,NA,"X",NA,NA,NA,NA,NA,NA,NA,NA,NA,NA,NA,NA,NA,NA
NA,NA,2022,NA,NA,"TM2","lower*",NA,NA,NA,NA,NA,NA,NA,"red",NA,NA,NA,NA,NA,NA,"X",NA,NA,NA,NA,NA,NA,NA,NA,NA,NA,NA,NA,NA,NA
NA,NA,2022,NA,NA,"TM2","lower*",NA,NA,NA,NA,NA,NA,NA,"red",NA,NA,NA,NA,NA,NA,"X",NA,NA,NA,NA,NA,NA,NA,NA,NA,NA,NA,NA,NA,NA
NA,NA,2022,NA,NA,"TM2","lower*",NA,NA,NA,NA,NA,NA,NA,"red",NA,NA,NA,NA,NA,NA,"X",NA,NA,NA,NA,NA,NA,NA,NA,NA,NA,NA,NA,NA,NA
NA,NA,2022,NA,NA,"TM2","lower*",NA,NA,NA,NA,NA,NA,NA,"red",NA,NA,NA,NA,NA,NA,"X",NA,NA,NA,NA,NA,NA,NA,NA,NA,NA,NA,NA,NA,NA
NA,NA,2022,NA,NA,"TM2","lower*",NA,NA,NA,NA,NA,NA,NA,"red",NA,NA,NA,NA,NA,NA,"X",NA,NA,NA,NA,NA,NA,NA,NA,NA,NA,NA,NA,NA,NA
NA,NA,2022,NA,NA,"TM2","lower*",NA,NA,NA,NA,NA,NA,NA,"red",NA,NA,NA,NA,NA,NA,"X",NA,NA,NA,NA,NA,NA,NA,NA,NA,NA,NA,NA,NA,NA
NA,NA,2022,NA,NA,"TM2","outcrop",NA,NA,NA,NA,NA,NA,NA,"white",NA,NA,NA,"2.87","16.2",NA,"V",NA,NA,NA,0,1,"4.6","Y",NA,NA,NA,NA,NA,NA,2.87
NA,NA,2022,NA,NA,"TM2","outcrop",NA,NA,NA,NA,NA,NA,NA,"white",NA,NA,NA,"1.35","4.3",NA,"V",NA,NA,NA,0,1,"1.9","N",NA,NA,NA,NA,NA,NA,1.35
NA,NA,2022,NA,NA,"TM2","outcrop",NA,NA,NA,NA,NA,NA,NA,"white",NA,NA,NA,"1.73","10.1",NA,"V",NA,NA,NA,0,1,"2.9","N",NA,NA,NA,NA,NA,NA,1.73
NA,NA,2022,NA,NA,"TM2","outcrop",NA,NA,NA,NA,NA,NA,NA,"white",NA,NA,NA,"1.38","5.4",NA,"V",NA,NA,NA,0,1,"1.8","Y",NA,NA,NA,NA,NA,NA,1.38
NA,NA,2022,NA,NA,"TM2","outcrop",NA,NA,NA,NA,NA,NA,NA,"white",NA,NA,NA,"2.04","21.6",NA,"P","0.0","4.0",5.5,2,3,NA,"Y",NA,NA,NA,NA,NA,"vegetative bottom branch",2.04
NA,NA,2022,NA,NA,"TM2","outcrop",NA,NA,NA,NA,NA,NA,NA,"white",NA,NA,NA,"3.55","11.9",NA,"V",NA,NA,NA,0,2,"3.7","Y",NA,NA,NA,NA,NA,NA,3.55
NA,NA,2022,NA,NA,"TM2","outcrop",NA,NA,NA,NA,NA,NA,NA,"white",NA,NA,NA,"1.49","4.4",NA,"V",NA,NA,NA,0,1,"1.7","Y",NA,NA,NA,NA,NA,NA,1.49
NA,NA,2022,NA,NA,"TM2","outcrop",NA,NA,NA,NA,NA,NA,NA,"white",NA,NA,NA,"1.6","5.6",NA,"V",NA,NA,NA,0,1,"2.5","Y",NA,NA,NA,NA,NA,NA,1.6
NA,NA,2022,NA,NA,"TM2","outcrop",NA,NA,NA,NA,NA,NA,NA,"white",NA,NA,NA,"1.63","2.5",NA,"V",NA,NA,NA,0,1,"2.0","N",NA,NA,NA,NA,NA,NA,1.63
NA,NA,2022,NA,NA,"TM2","outcrop",NA,NA,NA,NA,NA,NA,NA,"white",NA,NA,NA,"1.79","2.6",NA,"V",NA,NA,NA,0,1,"2.4","Y",NA,NA,NA,NA,NA,NA,1.79
NA,NA,2022,NA,NA,"TM2","outcrop",NA,NA,NA,NA,NA,NA,NA,"white",NA,NA,NA,"2.14","5.2",NA,"V",NA,NA,NA,0,1,"2.6","Y",NA,NA,NA,NA,NA,NA,2.14
NA,NA,2022,NA,NA,"TM2","outcrop",NA,NA,NA,NA,NA,NA,NA,"white",NA,NA,NA,"3.15","15.8",NA,"V",NA,NA,NA,0,1,"4.0","Y",NA,NA,NA,NA,NA,NA,3.15
NA,NA,2022,NA,NA,"TM2","outcrop",NA,NA,NA,NA,NA,NA,NA,"white",NA,NA,NA,"2.31","13.2",NA,"V",NA,NA,NA,0,1,"3.1","Y",NA,NA,NA,NA,NA,NA,2.31
NA,NA,2022,NA,NA,"TM2","outcrop",NA,NA,NA,NA,NA,NA,NA,"white",NA,NA,NA,"1.51","5.6",NA,"V",NA,NA,NA,0,1,"3.4","Y",NA,NA,NA,NA,NA,NA,1.51
NA,NA,2022,NA,NA,"TM2","outcrop",NA,NA,NA,NA,NA,NA,NA,"white",NA,NA,NA,"1.79","7.5",NA,"V",NA,NA,NA,0,2,"2.2","Y",NA,NA,NA,NA,NA,NA,1.79
NA,NA,2022,NA,NA,"TM2","outcrop",NA,NA,NA,NA,NA,NA,NA,"white",NA,NA,NA,"1.04","4.2",NA,"V",NA,NA,NA,0,1,"1.6","N",NA,NA,NA,NA,NA,NA,1.04
NA,NA,2022,NA,NA,"TM2","outcrop",NA,NA,NA,NA,NA,NA,NA,"white",NA,NA,NA,"0.95","2.6",NA,"V",NA,NA,NA,0,1,"1.2","Y",NA,NA,NA,NA,NA,NA,0.5
NA,NA,2022,NA,NA,"TM2","outcrop",NA,NA,NA,NA,NA,NA,NA,"white",NA,NA,NA,"1.57","7.1",NA,"V",NA,NA,NA,0,1,"2.1","Y",NA,NA,NA,NA,NA,NA,1.57
NA,NA,2022,NA,NA,"TM2","outcrop",NA,NA,NA,NA,NA,NA,NA,"white",NA,NA,NA,"1.84","6.0",NA,"V",NA,NA,NA,0,1,"3.9","Y",NA,NA,NA,NA,NA,NA,1.84
NA,NA,2022,NA,NA,"TM2","outcrop",NA,NA,NA,NA,NA,NA,NA,"white",NA,NA,NA,"2.22","15.7",NA,"V",NA,NA,NA,0,1,"3.8","Y",NA,NA,NA,NA,NA,NA,2.22
NA,NA,2022,NA,NA,"TM2","outcrop",NA,NA,NA,NA,NA,NA,NA,"red",NA,NA,NA,NA,NA,NA,"X",NA,NA,NA,NA,NA,NA,NA,NA,NA,NA,NA,NA,NA,NA
NA,NA,2022,NA,NA,"TM2","outcrop",NA,NA,NA,NA,NA,NA,NA,"red",NA,NA,NA,NA,NA,NA,"X",NA,NA,NA,NA,NA,NA,NA,NA,NA,NA,NA,NA,NA,NA
NA,NA,2022,NA,NA,"TM2","outcrop",NA,NA,NA,NA,NA,NA,NA,"red",NA,NA,NA,NA,NA,NA,"X",NA,NA,NA,NA,NA,NA,NA,NA,NA,NA,NA,NA,NA,NA
NA,NA,2022,NA,NA,"TM2","outcrop",NA,NA,NA,NA,NA,NA,NA,"red",NA,NA,NA,NA,NA,NA,"X",NA,NA,NA,NA,NA,NA,NA,NA,NA,NA,NA,NA,NA,NA
NA,NA,2022,NA,NA,"TM2","outcrop",NA,NA,NA,NA,NA,NA,NA,"red",NA,NA,NA,NA,NA,NA,NA,NA,NA,NA,NA,NA,NA,NA,NA,NA,NA,NA,NA,"didn’t find",NA
NA,NA,2022,NA,NA,"TM2","outcrop",NA,NA,NA,NA,NA,NA,NA,"red",NA,NA,NA,NA,NA,NA,"X",NA,NA,NA,NA,NA,NA,NA,NA,NA,NA,NA,NA,NA,NA
NA,NA,2022,NA,NA,"TM2","outcrop",NA,NA,NA,NA,NA,NA,NA,"red",NA,NA,NA,NA,NA,NA,"X",NA,NA,NA,NA,NA,NA,NA,NA,NA,NA,NA,NA,NA,NA
NA,NA,2022,NA,NA,"TM2","outcrop",NA,NA,NA,NA,NA,NA,NA,"red",NA,NA,NA,NA,NA,NA,"X",NA,NA,NA,NA,NA,NA,NA,NA,NA,NA,NA,NA,NA,NA
NA,NA,2022,NA,NA,"TM2","outcrop",NA,NA,NA,NA,NA,NA,NA,"red",NA,NA,NA,NA,NA,NA,NA,NA,NA,NA,NA,NA,NA,NA,NA,NA,NA,NA,NA,"didn’t find",NA
NA,NA,2022,NA,NA,"TM2","outcrop",NA,NA,NA,NA,NA,NA,NA,"red",NA,NA,NA,NA,NA,NA,NA,NA,NA,NA,NA,NA,NA,NA,NA,NA,NA,NA,NA,"didn’t find",NA
NA,NA,2022,NA,NA,"TM2","outcrop",NA,NA,NA,NA,NA,NA,NA,"red",NA,NA,NA,NA,NA,NA,"X",NA,NA,NA,NA,NA,NA,NA,NA,NA,NA,NA,NA,NA,NA
NA,NA,2022,NA,NA,"TM2","outcrop",NA,NA,NA,NA,NA,NA,NA,"red",NA,NA,NA,NA,NA,NA,"X",NA,NA,NA,NA,NA,NA,NA,NA,NA,NA,NA,NA,NA,NA
NA,NA,2022,NA,NA,"TM2","outcrop",NA,NA,NA,NA,NA,NA,NA,"red",NA,NA,NA,NA,NA,NA,"X",NA,NA,NA,NA,NA,NA,NA,NA,NA,NA,NA,NA,NA,NA
NA,NA,2022,NA,NA,"TM2","outcrop",NA,NA,NA,NA,NA,NA,NA,"red",NA,NA,NA,NA,NA,NA,"X",NA,NA,NA,NA,NA,NA,NA,NA,NA,NA,NA,NA,NA,NA
NA,NA,2022,NA,NA,"TM2","outcrop",NA,NA,NA,NA,NA,NA,NA,"red",NA,NA,NA,NA,NA,NA,"X",NA,NA,NA,NA,NA,NA,NA,NA,NA,NA,NA,NA,NA,NA
NA,NA,2022,NA,NA,"TM2","outcrp",NA,NA,NA,NA,NA,NA,NA,"purple",NA,NA,NA,NA,NA,NA,"X",NA,NA,NA,NA,NA,NA,NA,NA,NA,NA,NA,NA,NA,NA
NA,NA,2022,NA,NA,"TM2","outcrp",NA,NA,NA,NA,NA,NA,NA,"purple",NA,NA,NA,NA,NA,NA,NA,NA,NA,NA,NA,NA,NA,NA,NA,NA,NA,NA,NA,"didn’t find",NA
NA,NA,2022,NA,NA,"TM2","outcrp",NA,NA,NA,NA,NA,NA,NA,"purple",NA,NA,NA,NA,NA,NA,"X",NA,NA,NA,NA,NA,NA,NA,NA,NA,NA,NA,NA,NA,NA
NA,NA,2022,NA,NA,"TM2","outcrp",NA,NA,NA,NA,NA,NA,NA,"purple",NA,NA,NA,NA,NA,NA,"X",NA,NA,NA,NA,NA,NA,NA,NA,NA,NA,NA,NA,NA,NA
NA,NA,2022,NA,NA,"TM2","outcrp",NA,NA,NA,NA,NA,NA,NA,"blue",NA,NA,NA,NA,NA,NA,"X",NA,NA,NA,NA,NA,NA,NA,NA,NA,NA,NA,NA,NA,NA
NA,NA,2022,NA,NA,"TM2","outcrp",NA,NA,NA,NA,NA,NA,NA,"blue",NA,NA,NA,NA,NA,NA,"X",NA,NA,NA,NA,NA,NA,NA,NA,NA,NA,NA,NA,NA,NA
NA,NA,2022,NA,NA,"TM2","outcrp",NA,NA,NA,NA,NA,NA,NA,"blue",NA,NA,NA,NA,NA,NA,"X",NA,NA,NA,NA,NA,NA,NA,NA,NA,NA,NA,NA,NA,NA
NA,NA,2022,NA,NA,"TM2","outcrp",NA,NA,NA,NA,NA,NA,NA,"purple",NA,NA,NA,NA,NA,NA,"X",NA,NA,NA,NA,NA,NA,NA,NA,NA,NA,NA,NA,NA,NA
NA,NA,2022,NA,NA,"TM2","outcrp",NA,NA,NA,NA,NA,NA,NA,"blue",NA,NA,NA,NA,NA,NA,"X",NA,NA,NA,NA,NA,NA,NA,NA,NA,NA,NA,NA,NA,NA
NA,NA,2022,NA,NA,"TM2","outcrp",NA,NA,NA,NA,NA,NA,NA,"purple",NA,NA,NA,NA,NA,NA,"X",NA,NA,NA,NA,NA,NA,NA,NA,NA,NA,NA,NA,NA,NA
NA,NA,2022,NA,NA,"TM2","outcrp",NA,NA,NA,NA,NA,NA,NA,"blue",NA,NA,NA,NA,NA,NA,"X",NA,NA,NA,NA,NA,NA,NA,NA,NA,NA,NA,NA,NA,NA
NA,NA,2022,NA,NA,"TM2","outcrp",NA,NA,NA,NA,NA,NA,NA,"blue",NA,NA,NA,NA,NA,NA,"X",NA,NA,NA,NA,NA,NA,NA,NA,NA,NA,NA,NA,NA,NA
NA,NA,2022,NA,NA,"TM2","outcrp",NA,NA,NA,NA,NA,NA,NA,"blue",NA,NA,NA,NA,NA,NA,"X",NA,NA,NA,NA,NA,NA,NA,NA,NA,NA,NA,NA,NA,NA
NA,NA,2022,NA,NA,"TM2","outcrop",NA,NA,NA,NA,NA,NA,NA,"red",NA,NA,NA,NA,NA,NA,"X",NA,NA,NA,NA,NA,NA,NA,NA,NA,NA,NA,NA,NA,NA
NA,NA,2022,NA,NA,"TM2","outcrop",NA,NA,NA,NA,NA,NA,NA,"red",NA,NA,NA,NA,NA,NA,"X",NA,NA,NA,NA,NA,NA,NA,NA,NA,NA,NA,NA,NA,NA
NA,NA,2022,NA,NA,"TM2","outcrop",NA,NA,NA,NA,NA,NA,NA,"red",NA,NA,NA,NA,NA,NA,"X",NA,NA,NA,NA,NA,NA,NA,NA,NA,NA,NA,NA,NA,NA
NA,NA,2022,NA,NA,"TM2","outcrop",NA,NA,NA,NA,NA,NA,NA,"red",NA,NA,NA,NA,NA,NA,"X",NA,NA,NA,NA,NA,NA,NA,NA,NA,NA,NA,NA,NA,NA
NA,NA,2022,NA,NA,"TM2","outcrop",NA,NA,NA,NA,NA,NA,NA,"red",NA,NA,NA,NA,NA,NA,"X",NA,NA,NA,NA,NA,NA,NA,NA,NA,NA,NA,NA,NA,NA
NA,NA,2022,NA,NA,"TM2","outcrop",NA,NA,NA,NA,NA,NA,NA,"red",NA,NA,NA,NA,NA,NA,"X",NA,NA,NA,NA,NA,NA,NA,NA,NA,NA,NA,NA,NA,NA
NA,NA,2022,NA,NA,"TM2","outcrop",NA,NA,NA,NA,NA,NA,NA,"red",NA,NA,NA,NA,NA,NA,"X",NA,NA,NA,NA,NA,NA,NA,NA,NA,NA,NA,NA,NA,NA
NA,NA,2022,NA,NA,"TM2","outcrop",NA,NA,NA,NA,NA,NA,NA,"red",NA,NA,NA,NA,NA,NA,"X",NA,NA,NA,NA,NA,NA,NA,NA,NA,NA,NA,NA,NA,NA
NA,NA,2022,NA,NA,"TM2","outcrop",NA,NA,NA,NA,NA,NA,NA,"red",NA,NA,NA,NA,NA,NA,"X",NA,NA,NA,NA,NA,NA,NA,NA,NA,NA,NA,NA,NA,NA
NA,NA,2022,NA,NA,"TM2","outcrop",NA,NA,NA,NA,NA,NA,NA,"red",NA,NA,NA,NA,NA,NA,"X",NA,NA,NA,NA,NA,NA,NA,NA,NA,NA,NA,NA,NA,NA
NA,NA,2022,NA,NA,"TM2","outcrop",NA,NA,NA,NA,NA,NA,NA,"blue",NA,NA,NA,NA,NA,NA,"X",NA,NA,NA,NA,NA,NA,NA,NA,NA,NA,NA,NA,NA,NA
NA,NA,2022,NA,NA,"TM2","seep","12.5L",NA,NA,NA,NA,NA,NA,"white",NA,26,35,"2.74","26.5",NA,"P","0.0","37.0",6.8,1,1,NA,"Y",NA,NA,NA,NA,NA,NA,2.74
NA,NA,2022,NA,NA,"TM2","seep","13.0L",NA,NA,NA,NA,NA,NA,"white",NA,24,16,"3.89","40.5",NA,"P","0.0","61.0",7.4,1,2,NA,"Y",NA,NA,NA,NA,NA,NA,3.89
NA,NA,2022,NA,NA,"TM2","seep","13.0L",NA,NA,NA,NA,NA,NA,"white",NA,44,7,"1.97","25.5",NA,"P","0.0","17.0",7.7,1,1,NA,"Y",NA,NA,NA,NA,NA,NA,1.97
NA,NA,2022,NA,NA,"TM2","seep","13.0L",NA,NA,NA,NA,NA,NA,"white",NA,15,2,"2.36","40.0",NA,"P","0.0","24.0",6.9,1,1,NA,"Y",NA,NA,NA,NA,NA,NA,2.36
NA,NA,2022,NA,NA,"TM2","seep","13.0L",NA,NA,NA,NA,NA,NA,"white",NA,6,1,"1.43","28.0",NA,"P","0.0","11.0",8.4,1,1,NA,"Y",NA,NA,NA,NA,NA,NA,1.43
NA,NA,2022,NA,NA,"TM2","seep","13.0R",NA,NA,NA,NA,NA,NA,"white",NA,5,-42,"5.52","44.0",NA,"P","0.0","76.0",8.5,1,2,NA,"Y",NA,NA,NA,NA,NA,NA,5.52
NA,NA,2022,NA,NA,"TM2","seep","13.0R",NA,NA,NA,NA,NA,NA,"white",NA,20,-32,"2.53","32.0",NA,"P","0.0","44.0",8.4,1,1,NA,"Y",NA,NA,NA,NA,NA,NA,2.53
NA,NA,2022,NA,NA,"TM2","seep","13.0R",NA,NA,NA,NA,NA,NA,"white",NA,21,-28,"1.31","22.0",NA,"P","0.0","7.0",5.7,1,1,NA,"Y",NA,NA,NA,NA,NA,NA,1.31
NA,NA,2022,NA,NA,"TM2","seep","13.0R",NA,NA,NA,NA,NA,NA,"white",NA,40,-25,"2.22","26.0",NA,"P","0.0","23.0",7.7,1,1,NA,"Y",NA,NA,NA,NA,NA,NA,2.22
NA,NA,2022,NA,NA,"TM2","seep","13.0R",NA,NA,NA,NA,NA,NA,"white",NA,44,-26,"2.54","25.0",NA,"P","0.0","27.0",6.4,1,1,NA,"Y",NA,NA,NA,NA,NA,NA,2.54
NA,NA,2022,NA,NA,"TM2","seep","13.0R",NA,NA,NA,NA,NA,NA,"white",NA,47,-20,"1.27","15.5",NA,"P","0.0","9.0",5.4,1,1,NA,"Y",NA,NA,NA,NA,NA,NA,1.27
NA,NA,2022,NA,NA,"TM2","seep","13.5R",NA,NA,NA,NA,NA,NA,"white",NA,48,-10,"7.74","39.4",NA,"P","0.0","78.0",9.9,4,4,NA,"Y",NA,NA,NA,NA,NA,NA,7.74
NA,NA,2022,NA,NA,"TM2","seep","14.0R",NA,NA,NA,NA,NA,NA,"white",NA,3,-7,"6.44","50.0",NA,"P","23.0","126.0",7.7,3,3,NA,"Y",NA,NA,NA,NA,NA,"1 veg 2° branch",6.44
NA,NA,2022,NA,NA,"TM2","seep","13.5L",NA,NA,NA,NA,NA,NA,"white",NA,4,7,"2.1","23.0",NA,"P","0.0","17.0",5.8,1,1,NA,"Y",NA,NA,NA,NA,NA,NA,2.1
NA,NA,2022,NA,NA,"TM2","seep","14.0L",NA,NA,NA,NA,NA,NA,"white",NA,1,33,"2.55","31.0",NA,"P","0.0","26.0",6.6,1,1,NA,"Y",NA,NA,NA,NA,NA,NA,2.55
2024-01-09,"SHS",2023,2023-06-03,NA,"TM2","upper","2.5",NA,NA,NA,NA,NA,NA,"white",62,38,3,NA,NA,NA,"X",NA,NA,NA,NA,NA,NA,NA,NA,NA,NA,NA,NA,"dead",NA
2024-01-09,"SHS",2023,2023-06-03,NA,"TM2","upper","5.5",NA,NA,NA,NA,NA,NA,"white",2,2,25,NA,NA,NA,"X",NA,NA,NA,NA,NA,NA,NA,NA,NA,NA,NA,NA,"dead",NA
2024-01-09,"SHS",2023,2023-06-03,NA,"TM2","upper","7.0",NA,NA,NA,NA,NA,NA,"white",72,44,46,NA,NA,NA,"X",NA,NA,NA,NA,NA,NA,NA,NA,NA,NA,NA,NA,"dead",NA
2024-01-09,"SHS",2023,2023-06-03,NA,"TM2","upper","7.0",NA,NA,NA,NA,NA,NA,"white",66,6,4,NA,NA,NA,"X",NA,NA,NA,NA,NA,NA,NA,NA,NA,NA,NA,NA,"dead",NA
2024-01-09,"SHS",2023,2023-06-03,NA,"TM2","upper","7.0",NA,NA,NA,NA,NA,NA,"white",8,43,30,NA,NA,NA,"X",NA,NA,NA,NA,NA,NA,NA,NA,NA,NA,NA,NA,"dead",NA
2024-01-09,"SHS",2023,2023-06-03,NA,"TM2","upper","7.0",NA,NA,NA,NA,NA,NA,"white",74,43,5,"6.32","38.1",NA,"P",NA,"45.0",7,1,1,NA,"N",NA,NA,NA,NA,NA,NA,6.32
2024-01-09,"SHS",2023,2023-06-03,NA,"TM2","upper","7.5",NA,NA,NA,NA,NA,NA,"white",60,29,34,NA,NA,NA,"X",NA,NA,NA,NA,NA,NA,NA,NA,NA,NA,NA,NA,"dead",NA
2024-01-09,"SHS",2023,2023-06-03,NA,"TM2","upper","10.0",NA,NA,NA,NA,NA,NA,"white",78,49,31,"4.57","36.0",NA,"P",NA,"18.0",9,1,1,NA,"N",NA,NA,NA,NA,NA,NA,4.57
2024-01-09,"SHS",2023,2023-06-03,NA,"TM2","upper","10.5",NA,NA,NA,NA,NA,NA,"white",79,41,11,NA,NA,NA,"X",NA,NA,NA,NA,NA,NA,NA,NA,NA,NA,NA,NA,"dead",NA
2024-01-09,"SHS",2023,2023-06-03,NA,"TM2","upper","11.0",NA,NA,NA,NA,NA,NA,"white",3,24,60,NA,NA,NA,"X",NA,NA,NA,NA,NA,NA,NA,NA,NA,NA,NA,NA,"dead",NA
2024-01-09,"SHS",2023,2023-06-03,NA,"TM2","upper","11.0",NA,NA,NA,NA,NA,NA,"white",63,12,54,NA,NA,NA,"X",NA,NA,NA,NA,NA,NA,NA,NA,NA,NA,NA,NA,"dead",NA
2024-01-09,"SHS",2023,2023-06-03,NA,"TM2","upper","11.5",NA,NA,NA,NA,NA,NA,"white",64,24,50,"5.98","45.0",NA,"P",NA,"53.0",8,1,1,NA,"Y",NA,NA,NA,NA,NA,NA,5.98
2024-01-09,"SHS",2023,2023-06-03,NA,"TM2","upper","13.0",NA,NA,NA,NA,NA,NA,"white",77,36,2,NA,NA,NA,"X",NA,NA,NA,NA,NA,NA,NA,NA,NA,NA,NA,NA,"dead",NA
2024-01-09,"SHS",2023,2023-06-03,NA,"TM2","upper","14.5",NA,NA,NA,NA,NA,NA,"white",73,34,24,NA,NA,NA,"X",NA,NA,NA,NA,NA,NA,NA,NA,NA,NA,NA,NA,NA,NA
2024-01-09,"SHS",2023,2023-06-03,NA,"TM2","upper","14.5",NA,NA,NA,NA,NA,NA,"white",65,34,39,NA,NA,NA,"X",NA,NA,NA,NA,NA,NA,NA,NA,NA,NA,NA,NA,NA,NA
2024-01-09,"SHS",2023,2023-06-03,NA,"TM2","upper","14.5",NA,NA,NA,NA,NA,NA,"white",67,36,26,"1.4","15.3",NA,"P",NA,"3.0",4.8,1,1,NA,"N",NA,NA,NA,NA,NA,NA,1.4
2024-01-09,"SHS",2023,2023-06-03,NA,"TM2","upper","0.0",NA,NA,NA,NA,NA,NA,NA,NA,NA,NA,"0.98","11.1",NA,"P",NA,"3.0",2.8,1,1,NA,"N",NA,NA,NA,NA,NA,NA,0.5
2024-01-09,"SHS",2023,2023-06-03,NA,"TM2","upper","0.0",NA,NA,NA,NA,NA,NA,"red",97,14,7,"1.2","23.1",NA,"P",NA,"3.0",4.4,1,1,NA,"N",NA,NA,NA,NA,NA,NA,1.2
2024-01-09,"SHS",2023,2023-06-03,NA,"TM2","upper","0.0",NA,NA,NA,NA,NA,NA,"red",866,10,10,"1.03","13.9",NA,"P",NA,"2.0",3.2,1,1,NA,"N",NA,NA,NA,NA,NA,NA,1.03
2024-01-09,"SHS",2023,2023-06-03,NA,"TM2","upper","0.0",NA,NA,NA,NA,NA,NA,"red",101,15,9,"1.55","20.5",NA,"P",NA,"2.0",5,1,1,NA,"N",NA,NA,NA,NA,NA,NA,1.55
2024-01-09,"SHS",2023,2023-06-03,NA,"TM2","upper","0.0",NA,NA,NA,NA,NA,NA,"red",292,19,7,"1.25","14.9",NA,"P",NA,"4.0",5.8,1,1,NA,"N",NA,NA,NA,NA,NA,NA,1.25
2024-01-09,"SHS",2023,2023-06-03,NA,"TM2","upper","0.0",NA,NA,NA,NA,NA,NA,"red",43,23,14,"1.28","16.2",NA,"P",NA,"3.0",6.2,1,1,NA,"N",NA,NA,NA,NA,NA,NA,1.28
2024-01-09,"SHS",2023,2023-06-03,NA,"TM2","upper","0.0",NA,NA,NA,NA,NA,NA,"red",203,25,14,"1.29","16.2",NA,"P",NA,"3.0",3.9,1,1,NA,"N",NA,NA,NA,NA,NA,NA,1.29
2024-01-09,"SHS",2023,2023-06-03,NA,"TM2","upper","0.0",NA,NA,NA,NA,NA,NA,NA,NA,NA,NA,"0.98","6.4",NA,"V",NA,NA,NA,NA,1,"1.0",NA,NA,NA,NA,NA,NA,NA,0.5
2024-01-09,"SHS",2023,2023-06-03,NA,"TM2","upper","0.0",NA,NA,NA,NA,NA,NA,"red",251,36,1,"1.67","24.7",NA,"P",NA,"3.0",6.1,1,1,NA,"N",NA,NA,NA,NA,NA,"very wilted",1.67
2024-01-16,"SHS",2023,2023-06-03,NA,"TM2","upper","0.0",NA,NA,NA,NA,NA,NA,"red",709,44,8,"1.08","19.8",NA,"P",NA,"5.0",5.1,1,1,NA,"N",NA,NA,NA,NA,NA,NA,1.08
2024-01-16,"SHS",2023,2023-06-03,NA,"TM2","upper","0.0",NA,NA,NA,NA,NA,NA,"red",111,47,3,"1.22","21.9",NA,"P",NA,"2.0",5.7,1,1,NA,"N",NA,NA,NA,NA,NA,NA,1.22
2024-01-16,"SHS",2023,2023-06-03,NA,"TM2","upper","0.0",NA,NA,NA,NA,NA,NA,"red",572,48,8,"1.21","22.8",NA,"P",NA,"3.0",6.2,1,1,NA,"N",NA,NA,NA,NA,NA,NA,1.21
2024-01-16,"SHS",2023,2023-06-03,NA,"TM2","upper","0.0",NA,NA,NA,NA,NA,NA,NA,NA,NA,NA,"1.24","12.6",NA,"P",NA,"7.0",5.2,1,1,NA,"N",NA,NA,NA,NA,NA,NA,1.24
2024-01-16,"SHS",2023,2023-06-03,NA,"TM2","upper","0.0",NA,NA,NA,NA,NA,NA,NA,NA,NA,NA,"1.48","14.4",NA,"P",NA,"4.0",2.9,1,1,NA,"N",NA,NA,NA,NA,NA,NA,1.48
2024-01-16,"SHS",2023,2023-06-03,NA,"TM2","upper","0.0",NA,NA,NA,NA,NA,NA,NA,NA,NA,NA,"1.23","13.2",NA,"P","1.0","1.0",1.8,1,1,NA,"N",NA,NA,NA,NA,NA,NA,1.23
2024-01-16,"SHS",2023,2023-06-03,NA,"TM2","upper","0.5",NA,NA,NA,NA,NA,NA,NA,NA,NA,NA,"0.82","8.1",NA,"P",NA,"1.0",2.8,1,1,NA,"N",NA,NA,NA,NA,NA,NA,0.5
2024-01-16,"SHS",2023,2023-06-03,NA,"TM2","upper","0.5",NA,NA,NA,NA,NA,NA,NA,NA,NA,NA,"0.65","3.3",NA,"V",NA,NA,NA,NA,1,"0.7","N",NA,NA,NA,NA,NA,NA,0.5
2024-01-16,"SHS",2023,2023-06-03,NA,"TM2","upper","1.0",NA,NA,NA,NA,NA,NA,NA,NA,NA,NA,"0.7","9.8",NA,"P",NA,"2.0",2.9,1,1,NA,"N",NA,NA,NA,NA,NA,NA,0.5
2024-01-16,"SHS",2023,2023-06-03,NA,"TM2","upper","1.5",NA,NA,NA,NA,NA,NA,NA,NA,NA,NA,"0.77","12.2",NA,"P",NA,"2.0",3.3,1,1,NA,"N",NA,NA,NA,NA,NA,NA,0.5
2024-01-16,"SHS",2023,2023-06-03,NA,"TM2","upper","1.5",NA,NA,NA,NA,NA,NA,"red",39,13,41,"1.5","22.8",NA,"P",NA,"4.0",5.1,1,1,NA,"N",NA,NA,NA,NA,NA,NA,1.5
2024-01-16,"SHS",2023,2023-06-03,NA,"TM2","upper","1.5",NA,NA,NA,NA,NA,NA,"red",NA,NA,NA,"0.87","16.7",NA,"P",NA,"2.0",3.9,1,1,NA,"N",NA,NA,NA,NA,NA,"crispy",0.5
2024-01-16,"SHS",2023,2023-06-03,NA,"TM2","upper","1.5",NA,NA,NA,NA,NA,NA,"red",398,45,44,"1.15","21.9",NA,"P",NA,"4.0",3.8,1,1,NA,"N",NA,NA,NA,NA,NA,NA,1.15
2024-01-16,"SHS",2023,2023-06-03,NA,"TM2","upper","1.5",NA,NA,NA,NA,NA,NA,"red",142,40,41,"1.07","15.3",NA,"P",NA,"1.0",3.5,1,1,NA,"N",NA,NA,NA,NA,NA,NA,1.07
2024-01-16,"SHS",2023,2023-06-03,NA,"TM2","upper","2.0",NA,NA,NA,NA,NA,NA,"red",598,17,6,"1.15","16.4",NA,"P",NA,"2.0",4.5,1,1,NA,"N",NA,NA,NA,NA,NA,NA,1.15
2024-01-16,"SHS",2023,2023-06-03,NA,"TM2","upper","6.5",NA,NA,NA,NA,NA,NA,"red",82,33,7,"5.03","36.0",NA,"P",NA,"24.0",6.2,1,1,NA,"N",NA,NA,NA,NA,NA,NA,5.03
2024-01-16,"SHS",2023,2023-06-03,NA,"TM2","upper","6.5",NA,NA,NA,NA,NA,NA,"red",49,35,12,"1.23","18.1",NA,"P",NA,"2.0",4.3,1,1,NA,"N",NA,NA,NA,NA,NA,NA,1.23
2024-01-16,"SHS",2023,2023-06-03,NA,"TM2","upper","6.5",NA,NA,NA,NA,NA,NA,NA,NA,NA,NA,"0.81","13.7",NA,"P",NA,"2.0",4.5,1,1,NA,"N",NA,NA,NA,NA,NA,NA,0.5
2024-01-16,"SHS",2023,2023-06-03,NA,"TM2","upper","7.0",NA,NA,NA,NA,NA,NA,"red",65,1,6,"1.1","13.2",NA,"P",NA,"2.0",5,1,1,NA,"N",NA,NA,NA,NA,NA,NA,1.1
2024-01-16,"SHS",2023,2023-06-03,NA,"TM2","upper","7.0",NA,NA,NA,NA,NA,NA,NA,NA,NA,NA,"0.65","15.2",NA,"P",NA,"2.0",4.8,1,1,NA,"N",NA,NA,NA,NA,NA,NA,0.5
2024-01-16,"SHS",2023,2023-06-03,NA,"TM2","upper","7.0",NA,NA,NA,NA,NA,NA,NA,NA,NA,NA,"0.62","6.4",NA,"V",NA,NA,NA,NA,1,"0.4","Y",NA,NA,NA,NA,NA,NA,0.5
2024-01-16,"SHS",2023,2023-06-03,NA,"TM2","upper","7.0",NA,NA,NA,NA,NA,NA,NA,NA,NA,NA,"0.86","14.6",NA,"P",NA,"2.0",2.5,1,1,NA,"Y",NA,NA,NA,NA,NA,NA,0.5
2024-01-16,"SHS",2023,2023-06-03,NA,"TM2","upper","7.0",NA,NA,NA,NA,NA,NA,NA,NA,NA,NA,"0.91","14.1",NA,"P",NA,"1.0",5.4,1,1,NA,"Y",NA,NA,NA,NA,NA,NA,0.5
2024-01-16,"SHS",2023,2023-06-03,NA,"TM2","upper","7.0",NA,NA,NA,NA,NA,NA,NA,NA,NA,NA,"0.48","5.7",NA,"V",NA,NA,NA,NA,1,"0.3","N",NA,NA,NA,NA,NA,NA,0.5
2024-01-16,"SHS",2023,2023-06-03,NA,"TM2","upper","7.0",NA,NA,NA,NA,NA,NA,NA,NA,NA,NA,"0.68","6.1",NA,"P",NA,"1.0",0.2,1,1,NA,"Y",NA,NA,NA,NA,NA,NA,0.5
2024-01-16,"SHS",2023,2023-06-03,NA,"TM2","upper","7.0",NA,NA,NA,NA,NA,NA,NA,NA,NA,NA,"0.83","9.6",NA,"P",NA,"2.0",1.3,1,1,NA,"Y",NA,NA,NA,NA,NA,NA,0.5
2024-01-16,"SHS",2023,2023-06-03,NA,"TM2","upper","7.0",NA,NA,NA,NA,NA,NA,"red",45,23,7,"1.03","15.0",NA,"P",NA,"3.0",4.6,1,1,NA,"Y",NA,NA,NA,NA,NA,NA,1.03
2024-01-16,"SHS",2023,2023-06-03,NA,"TM2","upper","7.0",NA,NA,NA,NA,NA,NA,NA,NA,NA,NA,"0.89","17.0",NA,"P",NA,"3.0",4,1,1,NA,"N",NA,NA,NA,NA,NA,NA,0.5
2024-01-16,"SHS",2023,2023-06-03,NA,"TM2","upper","7.0",NA,NA,NA,NA,NA,NA,NA,NA,NA,NA,"0.75","13.9",NA,"P",NA,"2.0",2.6,1,1,NA,"Y",NA,NA,NA,NA,NA,NA,0.5
2024-01-16,"SHS",2023,2023-06-03,NA,"TM2","upper","7.0",NA,NA,NA,NA,NA,NA,NA,NA,NA,NA,"0.72","13.4",NA,"P",NA,"1.0",3.1,1,1,NA,"N",NA,NA,NA,NA,NA,NA,0.5
2024-01-16,"SHS",2023,2023-06-03,NA,"TM2","upper","8.0",NA,NA,NA,NA,NA,NA,NA,NA,NA,NA,"0.72","12.0",NA,"P",NA,"2.0",2.4,1,1,NA,"N",NA,NA,NA,NA,NA,NA,0.5
2024-01-16,"SHS",2023,2023-06-03,NA,"TM2","upper","8.0",NA,NA,NA,NA,NA,NA,"red",235,30,30,"1.23","2.63",NA,"P",NA,"5.0",5.9,1,1,NA,"N",NA,NA,NA,NA,NA,NA,1.23
2024-01-16,"SHS",2023,2023-06-03,NA,"TM2","upper","8.0",NA,NA,NA,NA,NA,NA,"red",148,48,2,"7.06","36.8",NA,"P",NA,"61.0",6.6,1,1,NA,"N",NA,NA,NA,NA,NA,NA,7.06
2024-01-16,"SHS",2023,2023-06-03,NA,"TM2","upper","8.5",NA,NA,NA,NA,NA,NA,NA,NA,NA,NA,"0.85","15.1",NA,"P",NA,"2.0",3.5,1,1,NA,"N",NA,NA,NA,NA,NA,NA,0.5
2024-01-16,"SHS",2023,2023-06-03,NA,"TM2","upper","8.5",NA,NA,NA,NA,NA,NA,NA,NA,NA,NA,"0.78","8.3",NA,"P","1.0","1.0",2,1,1,NA,"N",NA,NA,NA,NA,NA,NA,0.5
2024-01-16,"SHS",2023,2023-06-03,NA,"TM2","upper","9.0",NA,NA,NA,NA,NA,NA,NA,NA,NA,NA,"0.85","14.8",NA,"P",NA,"2.0",3.5,1,1,NA,"N",NA,NA,NA,NA,NA,NA,0.5
2024-01-16,"SHS",2023,2023-06-03,NA,"TM2","upper","9.0",NA,NA,NA,NA,NA,NA,"red",30,33,14,"1.04","18.9",NA,"P",NA,"2.0",4.4,1,1,NA,"N",NA,NA,NA,NA,NA,NA,1.04
2024-01-16,"SHS",2023,2023-06-03,NA,"TM2","upper","9.5",NA,NA,NA,NA,NA,NA,NA,NA,NA,NA,"0.63","9.7",NA,"V",NA,NA,NA,NA,1,"0.5","N",NA,NA,NA,NA,NA,NA,0.5
2024-01-16,"SHS",2023,2023-06-03,NA,"TM2","upper","10.0",NA,NA,NA,NA,NA,NA,"red",92,10,27,"1.11","17.3",NA,"P",NA,"2.0",3.9,1,1,NA,"N",NA,NA,NA,NA,NA,NA,1.11
2024-01-16,"SHS",2023,2023-06-03,NA,"TM2","upper","10.0",NA,NA,NA,NA,NA,NA,"red",571,18,28,"1.4","19.9",NA,"P",NA,"2.0",4.5,1,1,NA,"N",NA,NA,NA,NA,NA,NA,1.4
2024-01-16,"SHS",2023,2023-06-03,NA,"TM2","upper","10.0",NA,NA,NA,NA,NA,NA,NA,NA,NA,NA,"0.65","11.5",NA,"P",NA,"1.0",2.8,1,1,NA,"N",NA,NA,NA,NA,NA,NA,0.5
2024-01-16,"SHS",2023,2023-06-03,NA,"TM2","upper","10.5",NA,NA,NA,NA,NA,NA,NA,NA,NA,NA,"0.77","17.7",NA,"P",NA,"1.0",3.6,1,1,NA,"N",NA,NA,NA,NA,NA,NA,0.5
2024-01-16,"SHS",2023,2023-06-03,NA,"TM2","upper","10.5",NA,NA,NA,NA,NA,NA,NA,NA,NA,NA,"0.75","6.9",NA,"P",NA,"1.0",0.8,1,1,NA,"N",NA,NA,NA,NA,NA,NA,0.5
2024-01-16,"SHS",2023,2023-06-03,NA,"TM2","upper","10.5",NA,NA,NA,NA,NA,NA,NA,NA,NA,NA,"0.77","8.2",NA,"P",NA,"1.0",2.4,1,1,NA,"N",NA,NA,NA,NA,NA,NA,0.5
2024-01-16,"SHS",2023,2023-06-03,NA,"TM2","upper","10.5",NA,NA,NA,NA,NA,NA,NA,NA,NA,NA,"0.51","7.4",NA,"P",NA,"1.0",0.4,1,1,NA,"N",NA,NA,NA,NA,NA,NA,0.5
2024-01-16,"SHS",2023,2023-06-03,NA,"TM2","upper","10.5",NA,NA,NA,NA,NA,NA,NA,NA,NA,NA,"1.11","13.1",NA,"P",NA,"1.0",2.7,1,1,NA,"N",NA,NA,NA,NA,NA,"very dry;crispy",1.11
2024-01-16,"SHS",2023,2023-06-03,NA,"TM2","upper","11.0",NA,NA,NA,NA,NA,NA,NA,NA,NA,NA,"0.89","3.2",NA,"B",NA,NA,NA,NA,1,NA,"N",NA,NA,NA,NA,NA,NA,0.5
2024-01-16,"SHS",2023,2023-06-03,NA,"TM2","upper","11.0",NA,NA,NA,NA,NA,NA,NA,NA,NA,NA,"0.73","8.1",NA,"P",NA,"1.0",2,1,1,NA,"N",NA,NA,NA,NA,NA,NA,0.5
2024-01-16,"SHS",2023,2023-06-03,NA,"TM2","upper","11.0",NA,NA,NA,NA,NA,NA,NA,NA,NA,NA,"0.65","6.8",NA,"F","2.0",NA,NA,1,1,NA,"N",NA,NA,NA,NA,NA,NA,0.5
2024-01-16,"SHS",2023,2023-06-03,NA,"TM2","upper","11.0",NA,NA,NA,NA,NA,NA,NA,NA,NA,NA,"0.49","5.0",NA,"V",NA,NA,NA,NA,1,"0.3","N",NA,NA,NA,NA,NA,NA,0.5
2024-01-16,"SHS",2023,2023-06-03,NA,"TM2","upper","11.0",NA,NA,NA,NA,NA,NA,NA,NA,NA,NA,"0.46","6.4",NA,"V",NA,NA,NA,NA,1,"0.4","N",NA,NA,NA,NA,NA,NA,0.5
2024-01-16,"SHS",2023,2023-06-03,NA,"TM2","upper","11.0",NA,NA,NA,NA,NA,NA,NA,NA,NA,NA,"0.49","9.2",NA,"P",NA,"1.0",2.2,1,1,NA,"N",NA,NA,NA,NA,NA,NA,0.5
2024-01-16,"SHS",2023,2023-06-03,NA,"TM2","upper","11.0",NA,NA,NA,NA,NA,NA,NA,NA,NA,NA,"0.74","11.3",NA,"P",NA,"1.0",4.2,1,1,NA,"N",NA,NA,NA,NA,NA,"very dry",0.5
2024-01-16,"SHS",2023,2023-06-03,NA,"TM2","upper","11.5",NA,NA,NA,NA,NA,NA,"red",394,2,18,"1.41","22.3",NA,"P",NA,"2.0",6,1,1,NA,"Y",NA,NA,NA,NA,NA,NA,1.41
2024-01-16,"SHS",2023,2023-06-03,NA,"TM2","upper","11.5",NA,NA,NA,NA,NA,NA,NA,NA,NA,NA,"0.83","9.4",NA,"P",NA,"2.0",2.8,1,1,NA,"Y",NA,NA,NA,NA,NA,NA,0.5
2024-01-16,"SHS",2023,2023-06-03,NA,"TM2","upper","11.5",NA,NA,NA,NA,NA,NA,NA,NA,NA,NA,"0.8","7.9",NA,"P",NA,"1.0",4.1,1,1,NA,"Y",NA,NA,NA,NA,NA,NA,0.5
2024-01-16,"SHS",2023,2023-06-03,NA,"TM2","upper","11.5",NA,NA,NA,NA,NA,NA,NA,NA,NA,NA,"0.99","13.0",NA,"P",NA,"1.0",2.9,1,1,NA,"Y",NA,NA,NA,NA,NA,NA,0.5
2024-01-16,"SHS",2023,2023-06-03,NA,"TM2","upper","11.5",NA,NA,NA,NA,NA,NA,NA,NA,NA,NA,"0.57","4.0",NA,"V",NA,NA,NA,NA,1,"0.4","N",NA,NA,NA,NA,NA,NA,0.5
2024-01-16,"SHS",2023,2023-06-03,NA,"TM2","upper","11.5",NA,NA,NA,NA,NA,NA,NA,NA,NA,NA,"0.59","5.5",NA,"P",NA,"1.0",0.4,1,1,NA,"Y",NA,NA,NA,NA,NA,NA,0.5
2024-01-16,"SHS",2023,2023-06-03,NA,"TM2","upper","11.5",NA,NA,NA,NA,NA,NA,NA,NA,NA,NA,"0.57","6.6",NA,"V",NA,NA,NA,NA,1,"0.5","N",NA,NA,NA,NA,NA,NA,0.5
2024-01-16,"SHS",2023,2023-06-03,NA,"TM2","upper","12.0",NA,NA,NA,NA,NA,NA,NA,NA,NA,NA,"0.71","11.0",NA,"P",NA,"1.0",2.1,1,1,NA,"N",NA,NA,NA,NA,NA,NA,0.5
2024-01-16,"SHS",2023,2023-06-03,NA,"TM2","upper","12.0",NA,NA,NA,NA,NA,NA,NA,NA,NA,NA,"0.65","9.5",NA,"P","1.0","1.0",1.8,1,1,NA,"N",NA,NA,NA,NA,NA,NA,0.5
2024-01-16,"SHS",2023,2023-06-03,NA,"TM2","upper","12.0",NA,NA,NA,NA,NA,NA,NA,NA,NA,NA,"0.79","15.5",NA,"P",NA,"1.0",3.2,1,1,NA,"N",NA,NA,NA,NA,NA,NA,0.5
2024-01-16,"SHS",2023,2023-06-03,NA,"TM2","upper","12.0",NA,NA,NA,NA,NA,NA,NA,NA,NA,NA,"0.86","14.7",NA,"P",NA,"1.0",4,1,1,NA,"Y",NA,NA,NA,NA,NA,NA,0.5
2024-01-16,"SHS",2023,2023-06-03,NA,"TM2","upper","12.0",NA,NA,NA,NA,NA,NA,NA,NA,NA,NA,"0.72","16.5",NA,"P",NA,"1.0",3.5,1,1,NA,"N",NA,NA,NA,NA,NA,NA,0.5
2024-01-16,"SHS",2023,2023-06-03,NA,"TM2","upper","12.5",NA,NA,NA,NA,NA,NA,NA,NA,NA,NA,"0.62","7.1",NA,"B",NA,NA,NA,1,1,"0.4","Y",NA,NA,NA,NA,NA,NA,0.5
2024-01-16,"SHS",2023,2023-06-03,NA,"TM2","upper","12.5",NA,NA,NA,NA,NA,NA,"red",704,15,14,"1.37","18.5",NA,"P",NA,"2.0",4.9,1,1,NA,"Y",NA,NA,NA,NA,NA,NA,1.37
2024-01-16,"SHS",2023,2023-06-03,NA,"TM2","upper","12.5",NA,NA,NA,NA,NA,NA,"red",777,15,20,"1.0","5.2",NA,"P",NA,"2.0",3.1,1,1,NA,"Y",NA,NA,NA,NA,NA,NA,1
2024-01-16,"SHS",2023,2023-06-03,NA,"TM2","upper","12.5",NA,NA,NA,NA,NA,NA,NA,NA,NA,NA,"0.7","15.0",NA,"P",NA,"4.0",1.2,1,1,NA,"N",NA,NA,NA,NA,NA,NA,0.5
2024-01-16,"SHS",2023,2023-06-03,NA,"TM2","upper","12.5",NA,NA,NA,NA,NA,NA,NA,NA,NA,NA,"0.72","7.5",NA,"P",NA,"2.0",2.2,1,1,NA,"N",NA,NA,NA,NA,NA,"crispy",0.5
2024-01-16,"SHS",2023,2023-06-03,NA,"TM2","upper","13.5",NA,NA,NA,NA,NA,NA,NA,NA,NA,NA,"0.65","10.0",NA,"P",NA,"1.0",1.6,1,1,NA,"Y",NA,NA,NA,NA,NA,NA,0.5
2024-01-16,"SHS",2023,2023-06-03,NA,"TM2","upper","13.5",NA,NA,NA,NA,NA,NA,NA,NA,NA,NA,"0.82","16.2",NA,"P",NA,"2.0",3.8,1,1,NA,"N",NA,NA,NA,NA,NA,NA,0.5
2024-01-16,"SHS",2023,2023-06-03,NA,"TM2","upper","13.5",NA,NA,NA,NA,NA,NA,NA,NA,NA,NA,"0.77","12.3",NA,"P",NA,"1.0",1.9,1,1,NA,"Y",NA,NA,NA,NA,NA,NA,0.5
2024-01-16,"SHS",2023,2023-06-03,NA,"TM2","upper","13.5",NA,NA,NA,NA,NA,NA,NA,NA,NA,NA,"0.74","13.7",NA,"P",NA,"2.0",3.7,1,1,NA,"Y",NA,NA,NA,NA,NA,"crispy",0.5
2024-01-16,"SHS",2023,2023-06-03,NA,"TM2","upper","14.0",NA,NA,NA,NA,NA,NA,NA,NA,NA,NA,"0.94","20.5",NA,"P",NA,"3.0",5.2,1,1,NA,"Y",NA,NA,NA,NA,NA,NA,0.5
2024-01-16,"SHS",2023,2023-06-03,NA,"TM2","upper","14.0",NA,NA,NA,NA,NA,NA,NA,NA,NA,NA,"0.56","12.9",NA,"P",NA,"1.0",3.5,1,1,NA,"Y",NA,NA,NA,NA,NA,"dry",0.5
2024-01-16,"SHS",2023,2023-06-03,NA,"TM2","upper","14.0",NA,NA,NA,NA,NA,NA,NA,NA,NA,NA,"0.53","5.9",NA,"F","1.0",NA,NA,1,1,NA,"Y",NA,NA,NA,NA,NA,NA,0.5
2024-01-16,"SHS",2023,2023-06-03,NA,"TM2","upper","14.0",NA,NA,NA,NA,NA,NA,NA,NA,NA,NA,"0.62","10.3",NA,"P",NA,"2.0",1.7,1,1,NA,"N",NA,NA,NA,NA,NA,NA,0.5
2024-01-16,"SHS",2023,2023-06-03,NA,"TM2","upper","14.0",NA,NA,NA,NA,NA,NA,"red",786,46,39,"1.09","11.6",NA,"P",NA,"1.0",2.4,1,1,NA,"N",NA,NA,NA,NA,NA,NA,1.09
2024-01-16,"SHS",2023,2023-06-03,NA,"TM2","upper","14.0",NA,NA,NA,NA,NA,NA,NA,NA,NA,NA,"0.75","6.8",NA,"P",NA,"1.0",2,1,1,NA,"N",NA,NA,NA,NA,NA,NA,0.5
2024-01-16,"SHS",2023,2023-06-03,NA,"TM2","upper","14.0",NA,NA,NA,NA,NA,NA,NA,NA,NA,NA,"0.98","9.7",NA,"F","2.0",NA,NA,1,1,NA,"N",NA,NA,NA,NA,NA,NA,0.5
2024-01-16,"SHS",2023,2023-06-03,NA,"TM2","upper","14.5",NA,NA,NA,NA,NA,NA,NA,NA,NA,NA,"0.41","4.1",NA,"P",NA,"1.0",1.9,1,1,NA,"Y",NA,NA,NA,NA,NA,NA,0.5
2024-01-16,"SHS",2023,2023-06-03,NA,"TM2","upper","15.0",NA,NA,NA,NA,NA,NA,NA,NA,NA,NA,"0.85","9.7",NA,"P",NA,"1.0",2.3,1,1,NA,"N",NA,NA,NA,NA,NA,NA,0.5
2024-01-16,"SHS",2023,2023-06-03,NA,"TM2","upper","15.0",NA,NA,NA,NA,NA,NA,NA,NA,NA,NA,"0.94","16.3",NA,"P",NA,"1.0",3.2,1,1,NA,"N",NA,NA,NA,NA,NA,NA,0.5
2024-01-16,"SHS",2023,2023-06-03,NA,"TM2","upper","15.5",NA,NA,NA,NA,NA,NA,NA,NA,NA,NA,"0.86","13.8",NA,"P",NA,"2.0",2.4,1,1,NA,"N",NA,NA,NA,NA,NA,NA,0.5
2024-01-16,"SHS",2023,2023-06-03,NA,"TM2","upper","15.5",NA,NA,NA,NA,NA,NA,NA,NA,NA,NA,"0.92","18.8",NA,"P",NA,"3.0",3.1,1,1,NA,"N",NA,NA,NA,NA,NA,NA,0.5
2024-01-16,"SHS",2023,2023-06-03,NA,"TM2","upper","16.0",NA,NA,NA,NA,NA,NA,"red",859,1,50,"2.28","29.9",NA,"P","1.0","10.0",5.9,1,1,NA,"Y",NA,NA,NA,NA,NA,NA,2.28
2024-01-16,"SHS",2023,2023-06-03,NA,"TM2","seep","4L",NA,NA,NA,NA,NA,NA,"red",248,1,6,"3.23","35.6",NA,"P","12.0","55.0",6.5,1,1,NA,"Y",NA,NA,NA,NA,NA,NA,3.23
2024-01-16,"SHS",2023,2023-06-03,NA,"TM2","seep","4.5L",NA,NA,NA,NA,NA,NA,"red",75,17,9,"3.2","43.6",NA,"P","17.0","19.0",6.5,1,1,NA,"Y",NA,NA,NA,NA,NA,NA,3.2
2024-01-16,"SHS",2023,2023-06-03,NA,"TM2","seep","4.5L",NA,NA,NA,NA,NA,NA,"red",16,12,10,"1.32","27.6",NA,"P","3.0","7.0",5.6,1,1,NA,"N",NA,NA,NA,NA,NA,NA,1.32
2024-01-16,"SHS",2023,2023-06-03,NA,"TM2","seep","4.5L",NA,NA,NA,NA,NA,NA,"red",158,8,5,"1.64","24.4",NA,"P","4.0","14.0",5,1,1,NA,"N",NA,NA,NA,NA,NA,NA,1.64
2024-01-16,"SHS",2023,2023-06-03,NA,"TM2","seep","5L",NA,NA,NA,NA,NA,NA,NA,NA,NA,NA,"0.8","12.6",NA,"F","2.0",NA,NA,1,1,NA,"N",NA,NA,NA,NA,NA,NA,0.5
2024-01-16,"SHS",2023,2023-06-03,NA,"TM2","seep","5L",NA,NA,NA,NA,NA,NA,"red",22,25,25,"2.42","36.1",NA,"P","11.0","20.0",6,1,1,NA,"N",NA,NA,NA,NA,NA,NA,2.42
2024-01-16,"SHS",2023,2023-06-03,NA,"TM2","seep","5L",NA,NA,NA,NA,NA,NA,NA,NA,NA,NA,"0.89","14.0",NA,"P",NA,"4.0",3.7,1,1,NA,"N",NA,NA,NA,NA,NA,NA,0.5
2024-01-16,"SHS",2023,2023-06-03,NA,"TM2","seep","5L",NA,NA,NA,NA,NA,NA,"red",284,28,16,"1.14","20.1",NA,"P","2.0","6.0",3.7,1,1,NA,"N",NA,NA,NA,NA,NA,NA,1.14
2024-01-16,"SHS",2023,2023-06-03,NA,"TM2","seep","5L",NA,NA,NA,NA,NA,NA,"red",26,35,10,"2.13","30.1",NA,"P","11.0","30.0",6.4,1,1,NA,"N",NA,NA,NA,NA,NA,NA,2.13
2024-01-16,"SHS",2023,2023-06-03,NA,"TM2","seep","5L",NA,NA,NA,NA,NA,NA,"red",568,36,16,"1.93","32.2",NA,"P","3.0","13.0",6.5,1,1,NA,"N",NA,NA,NA,NA,NA,NA,1.93
2024-01-16,"SHS",2023,2023-06-03,NA,"TM2","seep","5L",NA,NA,NA,NA,NA,NA,"red",220,40,9,"1.88","24.3",NA,"P","8.0","12.0",5.8,1,1,NA,"N",NA,NA,NA,NA,NA,NA,1.88
2024-01-16,"SHS",2023,2023-06-03,NA,"TM2","seep","5L",NA,NA,NA,NA,NA,NA,"red",14,35,17,"1.17","19.5",NA,"P","2.0","6.0",3,1,1,NA,"N",NA,NA,NA,NA,NA,NA,1.17
2024-01-16,"SHS",2023,2023-06-03,NA,"TM2","seep","7L",NA,NA,NA,NA,NA,NA,NA,NA,NA,NA,"0.74","17.1",NA,"P","1.0","5.0",2.9,1,1,NA,"N",NA,NA,NA,NA,NA,NA,0.5
2024-01-16,"SHS",2023,2023-06-03,NA,"TM2","seep","1.5L",NA,NA,NA,NA,NA,NA,"white",30,25,45,NA,NA,NA,"X",NA,NA,NA,NA,NA,NA,NA,NA,NA,NA,NA,NA,NA,NA
2024-01-16,"SHS",2023,2023-06-03,NA,"TM2","seep","1.5L",NA,NA,NA,NA,NA,NA,"white",35,24,40,NA,NA,NA,"X",NA,NA,NA,NA,NA,NA,NA,NA,NA,NA,NA,NA,"blue band from longest silique last year",NA
2024-01-16,"SHS",2023,2023-06-03,NA,"TM2","seep","1.5L",NA,NA,NA,NA,NA,NA,"white",53,39,49,NA,NA,NA,"X",NA,NA,NA,NA,NA,NA,NA,NA,NA,NA,NA,NA,NA,NA
2024-01-16,"SHS",2023,2023-06-03,NA,"TM2","seep","6.0L",NA,NA,NA,NA,NA,NA,"white",602,44,31,NA,NA,NA,"X",NA,NA,NA,NA,NA,NA,NA,NA,NA,NA,NA,NA,NA,NA
2024-01-16,"SHS",2023,2023-06-03,NA,"TM2","seep","6.0L",NA,NA,NA,NA,NA,NA,"white",625,49,47,NA,NA,NA,"X",NA,NA,NA,NA,NA,NA,NA,NA,NA,NA,NA,NA,"blue band from longest silique",NA
2024-01-16,"SHS",2023,2023-06-03,NA,"TM2","seep","11.0L",NA,NA,NA,NA,NA,NA,"white",620,48,3,NA,NA,NA,"X",NA,NA,NA,NA,NA,NA,NA,NA,NA,NA,NA,NA,NA,NA
2024-01-16,"SHS",2023,2023-06-03,NA,"TM2","seep","11.5L",NA,NA,NA,NA,NA,NA,"white",728,12,7,NA,NA,NA,"X",NA,NA,NA,NA,NA,NA,NA,NA,NA,NA,NA,NA,NA,NA
2024-01-16,"SHS",2023,2023-06-03,NA,"TM2","seep","11.5L",NA,NA,NA,NA,NA,NA,"white",37,24,18,NA,NA,NA,"X",NA,NA,NA,NA,NA,NA,NA,NA,NA,NA,NA,NA,NA,NA
2024-01-16,"SHS",2023,2023-06-03,NA,"TM2","seep","11.5L",NA,NA,NA,NA,NA,NA,"white",303,42,4,NA,NA,NA,"X",NA,NA,NA,NA,NA,NA,NA,NA,NA,NA,NA,NA,NA,NA
2024-01-16,"SHS",2023,2023-06-03,NA,"TM2","seep","11.5L",NA,NA,NA,NA,NA,NA,"white",608,22,42,NA,NA,NA,"X",NA,NA,NA,NA,NA,NA,NA,NA,NA,NA,NA,NA,"blue band from longest silique",NA
2024-01-16,"SHS",2023,2023-06-03,NA,"TM2","seep","12.0L",NA,NA,NA,NA,NA,NA,"white",622,11,4,NA,NA,NA,"X",NA,NA,NA,NA,NA,NA,NA,NA,NA,NA,NA,NA,NA,NA
2024-01-16,"SHS",2023,2023-06-03,NA,"TM2","seep","12.5L",NA,NA,NA,NA,NA,NA,"white",406,26,35,NA,NA,NA,"X",NA,NA,NA,NA,NA,NA,NA,NA,NA,NA,NA,NA,NA,NA
2024-01-16,"SHS",2023,2023-06-03,NA,"TM2","seep","13.0L",NA,NA,NA,NA,NA,NA,"white",401,24,16,NA,NA,NA,"X",NA,NA,NA,NA,NA,NA,NA,NA,NA,NA,NA,NA,"could not find band",NA
2024-01-16,"SHS",2023,2023-06-03,NA,"TM2","seep","13.0L",NA,NA,NA,NA,NA,NA,"white",408,44,7,NA,NA,NA,"X",NA,NA,NA,NA,NA,NA,NA,NA,NA,NA,NA,NA,NA,NA
2024-01-16,"SHS",2023,2023-06-03,NA,"TM2","seep","13.0L",NA,NA,NA,NA,NA,NA,"white",268,15,2,NA,NA,NA,"X",NA,NA,NA,NA,NA,NA,NA,NA,NA,NA,NA,NA,NA,NA
2024-01-16,"SHS",2023,2023-06-03,NA,"TM2","seep","13.0L",NA,NA,NA,NA,NA,NA,"white",407,6,1,NA,NA,NA,"X",NA,NA,NA,NA,NA,NA,NA,NA,NA,NA,NA,NA,NA,NA
2024-01-16,"SHS",2023,2023-06-03,NA,"TM2","seep","13.5L",NA,NA,NA,NA,NA,NA,"white",7,4,7,NA,NA,NA,"X",NA,NA,NA,NA,NA,NA,NA,NA,NA,NA,NA,NA,NA,NA
2024-01-16,"SHS",2023,2023-06-03,NA,"TM2","seep","14.0L",NA,NA,NA,NA,NA,NA,"white",400,1,33,NA,NA,NA,"X",NA,NA,NA,NA,NA,NA,NA,NA,NA,NA,NA,NA,NA,NA
2024-01-16,"SHS",2023,2023-06-03,NA,"TM2","seep","0.5L",NA,NA,NA,NA,NA,NA,"red",793,27,36,"2.24","31.0",NA,"P","1.0","18.0",6,1,1,NA,"Y",NA,NA,NA,NA,NA,NA,2.24
2024-01-16,"SHS",2023,2023-06-03,NA,"TM2","seep","0.5L",NA,NA,NA,NA,NA,NA,"red",435,46,25,"3.09","41.1",NA,"P","5.0","55.0",7.4,1,1,NA,"Y",NA,NA,NA,NA,NA,NA,3.09
2024-01-16,"SHS",2023,2023-06-03,NA,"TM2","seep","0.5L",NA,NA,NA,NA,NA,NA,"red",293,45,33,"2.82","41.4",NA,"P","1.0","52.0",6.8,1,1,NA,"Y",NA,NA,NA,NA,NA,NA,2.82
2024-01-16,"SHS",2023,2023-06-03,NA,"TM2","seep","0.5L",NA,NA,NA,NA,NA,NA,"red",436,50,47,"2.74","40.5",NA,"P","3.0","59.0",8,1,1,NA,"Y",NA,NA,NA,NA,NA,NA,2.74
2024-01-16,"SHS",2023,2023-06-03,NA,"TM2","seep","1.0L",NA,NA,NA,NA,NA,NA,"red",127,10,12,"2.95","46.4",NA,"P","4.0","75.0",6.7,1,1,NA,"Y",NA,NA,NA,NA,NA,NA,2.95
2024-01-16,"SHS",2023,2023-06-03,NA,"TM2","seep","1.0L",NA,NA,NA,NA,NA,NA,"red",784,13,35,"4.55","40.7",NA,"P","1.0","90.0",7.3,2,2,NA,"Y",NA,NA,NA,NA,NA,NA,4.55
2024-01-16,"SHS",2023,2023-06-03,NA,"TM2","seep","1.5L",NA,NA,NA,NA,NA,NA,"red",109,55,42,"3.47","53.4",NA,"P","23.0","112.0",5.5,1,1,NA,"Y",NA,NA,NA,NA,NA,NA,3.47
2024-01-25,"SHS",2023,2023-06-03,NA,"TM2","seep","1.5R",NA,NA,NA,NA,NA,NA,"white",26,11,-42,NA,NA,NA,"X",NA,NA,NA,NA,NA,NA,NA,NA,NA,NA,NA,NA,NA,NA
2024-01-25,"SHS",2023,2023-06-03,NA,"TM2","seep","1.5R",NA,NA,NA,NA,NA,NA,"white",83,15,-37,NA,NA,NA,"X",NA,NA,NA,NA,NA,NA,NA,NA,NA,NA,NA,NA,NA,NA
2024-01-25,"SHS",2023,2023-06-03,NA,"TM2","seep","2.0R",NA,NA,NA,NA,NA,NA,"white",306,45,-19,NA,NA,NA,"X",NA,NA,NA,NA,NA,NA,NA,NA,NA,NA,NA,NA,NA,NA
2024-01-25,"SHS",2023,2023-06-03,NA,"TM2","seep","2.5R",NA,NA,NA,NA,NA,NA,"white",629,31,-30,NA,NA,NA,"X",NA,NA,NA,NA,NA,NA,NA,NA,NA,NA,NA,NA,NA,NA
2024-01-25,"SHS",2023,2023-06-03,NA,"TM2","seep","4.0R",NA,NA,NA,NA,NA,NA,"white",300,6,-45,NA,NA,NA,"X",NA,NA,NA,NA,NA,NA,NA,NA,NA,NA,NA,NA,NA,NA
2024-01-25,"SHS",2023,2023-06-03,NA,"TM2","seep","4.5R",NA,NA,NA,NA,NA,NA,"white",607,12,-34,NA,NA,NA,"X",NA,NA,NA,NA,NA,NA,NA,NA,NA,NA,NA,NA,NA,NA
2024-01-25,"SHS",2023,2023-06-03,NA,"TM2","seep","5.5R",NA,NA,NA,NA,NA,NA,"white",628,30,-26,NA,NA,NA,"X",NA,NA,NA,NA,NA,NA,NA,NA,NA,NA,NA,NA,NA,NA
2024-01-25,"SHS",2023,2023-06-03,NA,"TM2","seep","11.0R",NA,NA,NA,NA,NA,NA,"white",305,37,-35,NA,NA,NA,"X",NA,NA,NA,NA,NA,NA,NA,NA,NA,NA,NA,NA,NA,NA
2024-01-25,"SHS",2023,2023-06-03,NA,"TM2","seep","11.5R",NA,NA,NA,NA,NA,NA,"white",302,30,-12,NA,NA,NA,"X",NA,NA,NA,NA,NA,NA,NA,NA,NA,NA,NA,NA,NA,NA
2024-01-25,"SHS",2023,2023-06-03,NA,"TM2","seep","11.5R",NA,NA,NA,NA,NA,NA,"white",43,32,-15,NA,NA,NA,"X",NA,NA,NA,NA,NA,NA,NA,NA,NA,NA,NA,NA,NA,NA
2024-01-25,"SHS",2023,2023-06-03,NA,"TM2","seep","11.5R",NA,NA,NA,NA,NA,NA,"white",23,33,-19,NA,NA,NA,"X",NA,NA,NA,NA,NA,NA,NA,NA,NA,NA,NA,NA,NA,NA
2024-01-25,"SHS",2023,2023-06-03,NA,"TM2","seep","11.5R",NA,NA,NA,NA,NA,NA,"white",32,47,-15,NA,NA,NA,"X",NA,NA,NA,NA,NA,NA,NA,NA,NA,NA,NA,NA,"could not find band",NA
2024-01-25,"SHS",2023,2023-06-03,NA,"TM2","seep","12.0R",NA,NA,NA,NA,NA,NA,"white",500,19,-19,NA,NA,NA,"X",NA,NA,NA,NA,NA,NA,NA,NA,NA,NA,NA,NA,NA,NA
2024-01-25,"SHS",2023,2023-06-03,NA,"TM2","seep","12.0R",NA,NA,NA,NA,NA,NA,"white",627,17,-31,NA,NA,NA,"X",NA,NA,NA,NA,NA,NA,NA,NA,NA,NA,NA,NA,NA,NA
2024-01-25,"SHS",2023,2023-06-03,NA,"TM2","seep","12.0R",NA,NA,NA,NA,NA,NA,"white",727,44,-24,NA,NA,NA,"X",NA,NA,NA,NA,NA,NA,NA,NA,NA,NA,NA,NA,NA,NA
2024-01-25,"SHS",2023,2023-06-03,NA,"TM2","seep","12.5R",NA,NA,NA,NA,NA,NA,"white",726,40,-27,NA,NA,NA,"X",NA,NA,NA,NA,NA,NA,NA,NA,NA,NA,NA,NA,NA,NA
2024-01-25,"SHS",2023,2023-06-03,NA,"TM2","seep","13.0R",NA,NA,NA,NA,NA,NA,"white",402,5,-42,NA,NA,NA,"X",NA,NA,NA,NA,NA,NA,NA,NA,NA,NA,NA,NA,NA,NA
2024-01-25,"SHS",2023,2023-06-03,NA,"TM2","seep","13.0R",NA,NA,NA,NA,NA,NA,"white",403,20,-32,NA,NA,NA,"X",NA,NA,NA,NA,NA,NA,NA,NA,NA,NA,NA,NA,"blue band from longest silique",NA
2024-01-25,"SHS",2023,2023-06-03,NA,"TM2","seep","13.0R",NA,NA,NA,NA,NA,NA,"white",33,21,-28,NA,NA,NA,"X",NA,NA,NA,NA,NA,NA,NA,NA,NA,NA,NA,NA,"could not find band",NA
2024-01-25,"SHS",2023,2023-06-03,NA,"TM2","seep","13.0R",NA,NA,NA,NA,NA,NA,"white",722,40,-25,NA,NA,NA,"X",NA,NA,NA,NA,NA,NA,NA,NA,NA,NA,NA,NA,NA,NA
2024-01-25,"SHS",2023,2023-06-03,NA,"TM2","seep","13.0R",NA,NA,NA,NA,NA,NA,"white",410,44,-26,NA,NA,NA,"X",NA,NA,NA,NA,NA,NA,NA,NA,NA,NA,NA,NA,NA,NA
2024-01-25,"SHS",2023,2023-06-03,NA,"TM2","seep","13.0R",NA,NA,NA,NA,NA,NA,"white",409,47,-20,NA,NA,NA,"X",NA,NA,NA,NA,NA,NA,NA,NA,NA,NA,NA,NA,NA,NA
2024-01-25,"SHS",2023,2023-06-03,NA,"TM2","seep","13.5R",NA,NA,NA,NA,NA,NA,"white",404,48,-10,NA,NA,NA,"X",NA,NA,NA,NA,NA,NA,NA,NA,NA,NA,NA,NA,NA,NA
2024-01-25,"SHS",2023,2023-06-03,NA,"TM2","seep","14.0R",NA,NA,NA,NA,NA,NA,"white",405,3,-7,NA,NA,NA,"X",NA,NA,NA,NA,NA,NA,NA,NA,NA,NA,NA,NA,NA,NA
2024-01-25,"SHS",2023,2023-06-03,NA,"TM2","seep","1.5L",NA,NA,NA,NA,NA,NA,"red",855,24,21,"1.62","25.1",NA,"P","11.0","22.0",5.2,1,1,NA,"Y",NA,NA,NA,NA,NA,NA,1.62
2024-01-25,"SHS",2023,2023-06-03,NA,"TM2","seep","1.5L",NA,NA,NA,NA,NA,NA,NA,NA,NA,NA,"0.75","12.2",NA,"P","0.0","4.0",4,1,1,NA,"Y",NA,NA,NA,NA,NA,NA,0.5
2024-01-25,"SHS",2023,2023-06-03,NA,"TM2","seep","1.5L",NA,NA,NA,NA,NA,NA,"red",106,24,41,"1.59","29.1",NA,"P","0.0","22.0",5.7,1,1,NA,"Y",NA,NA,NA,NA,NA,NA,1.59
2024-01-25,"SHS",2023,2023-06-03,NA,"TM2","seep","1.5L",NA,NA,NA,NA,NA,NA,NA,NA,NA,NA,"1.09","18.8",NA,"P","0.0","2.0",4.5,1,1,NA,"Y",NA,NA,NA,NA,NA,NA,1.09
2024-01-25,"SHS",2023,2023-06-03,NA,"TM2","seep","1.5L",NA,NA,NA,NA,NA,NA,"red",285,83,36,"1.3","26.9",NA,"P","0.0","6.0",5.8,1,1,NA,"Y",NA,NA,NA,NA,NA,NA,1.3
2024-01-25,"SHS",2023,2023-06-03,NA,"TM2","seep","1.5L",NA,NA,NA,NA,NA,NA,NA,NA,NA,NA,"0.72","14.9",NA,"P","0.0","2.0",3.4,1,1,NA,"Y",NA,NA,NA,NA,NA,NA,0.5
2024-01-25,"SHS",2023,2023-06-03,NA,"TM2","seep","1.5L",NA,NA,NA,NA,NA,NA,"red",3,24,49,"3.35","48.3",NA,"P","12.0","92.0",7.5,1,1,NA,"Y",NA,NA,NA,NA,NA,NA,3.35
2024-01-25,"SHS",2023,2023-06-03,NA,"TM2","seep","2.0L",NA,NA,NA,NA,NA,NA,NA,NA,NA,NA,"0.52","2.2",NA,"V","0.0","0.0",0,0,1,"0.5","Y",NA,NA,NA,NA,NA,NA,0.5
2024-01-25,"SHS",2023,2023-06-03,NA,"TM2","seep","2.0L",NA,NA,NA,NA,NA,NA,NA,NA,NA,NA,NA,NA,NA,"X",NA,NA,NA,NA,NA,NA,NA,NA,NA,NA,NA,NA,NA,NA
2024-01-25,"SHS",2023,2023-06-03,NA,"TM2","seep","2.0L",NA,NA,NA,NA,NA,NA,NA,NA,NA,NA,"0.64","13.5",NA,"P","0.0","3.0",3.7,1,1,NA,"Y",NA,NA,NA,NA,NA,NA,0.5
2024-01-25,"SHS",2023,2023-06-03,NA,"TM2","seep","2.0L",NA,NA,NA,NA,NA,NA,"red",233,33,26,"1.21","19.5",NA,"P","0.0","9.0",5.1,1,1,NA,"Y",NA,NA,NA,NA,NA,NA,1.21
2024-01-25,"SHS",2023,2023-06-03,NA,"TM2","seep","2.0L",NA,NA,NA,NA,NA,NA,NA,NA,NA,NA,"0.97","19.4",NA,"P","2.0","6.0",5.2,1,1,NA,"Y",NA,NA,NA,NA,NA,NA,0.5
2024-01-25,"SHS",2023,2023-06-03,NA,"TM2","seep","2.0L",NA,NA,NA,NA,NA,NA,"red",865,30,30,"1.4","28.9",NA,"P","1.0","12.0",4.8,1,1,NA,"Y",NA,NA,NA,NA,NA,NA,1.4
2024-01-25,"SHS",2023,2023-06-03,NA,"TM2","seep","2.0L",NA,NA,NA,NA,NA,NA,"red",853,10,32,"1.24","23.0",NA,"P","0.0","17.0",5.5,1,1,NA,"Y",NA,NA,NA,NA,NA,NA,1.24
2024-01-25,"SHS",2023,2023-06-03,NA,"TM2","seep","2.0L",NA,NA,NA,NA,NA,NA,NA,NA,NA,NA,"0.81","19.0",NA,"P","0.0","5.0",3.6,1,1,NA,"Y",NA,NA,NA,NA,NA,NA,0.5
2024-01-25,"SHS",2023,2023-06-03,NA,"TM2","seep","2.5L",NA,NA,NA,NA,NA,NA,"red",706,10,10,"2.2","25.4",NA,"P","1.0","11.0",6.9,1,1,NA,"Y",NA,NA,NA,NA,NA,NA,2.2
2024-01-25,"SHS",2023,2023-06-03,NA,"TM2","seep","2.5L",NA,NA,NA,NA,NA,NA,"red",13,28,6,"1.65","25.7",NA,"P","0.0","8.0",6,1,1,NA,"Y",NA,NA,NA,NA,NA,NA,1.65
2024-01-25,"SHS",2023,2023-06-03,NA,"TM2","seep","2.5L",NA,NA,NA,NA,NA,NA,"red",294,44,16,"1.93","31.4",NA,"P","0.0","15.0",6.5,1,1,NA,"Y",NA,NA,NA,NA,NA,NA,1.93
2024-01-25,"SHS",2023,2023-06-03,NA,"TM2","seep","2.5L",NA,NA,NA,NA,NA,NA,"red",87,30,43,"3.55","34.6",NA,"P","0.0","21.0",7.3,1,1,NA,"Y",NA,NA,NA,NA,NA,NA,3.55
2024-01-25,"SHS",2023,2023-06-03,NA,"TM2","seep","2.5L",NA,NA,NA,NA,NA,NA,"red",36,30,44,"1.43","25.2",NA,"P","1.0","7.0",6.7,1,1,NA,"Y",NA,NA,NA,NA,NA,NA,1.43
2024-01-25,"SHS",2023,2023-06-03,NA,"TM2","seep","2.5L",NA,NA,NA,NA,NA,NA,"red",139,30,45,"1.26","20.4",NA,"P","0.0","4.0",4.5,1,1,NA,"Y",NA,NA,NA,NA,NA,NA,1.26
2024-01-25,"SHS",2023,2023-06-03,NA,"TM2","seep","2.5L",NA,NA,NA,NA,NA,NA,NA,NA,NA,NA,"0.32","9.2",NA,"P","0.0","1.0",2.9,1,1,NA,"Y",NA,NA,NA,NA,NA,NA,0.5
2024-01-25,"SHS",2023,2023-06-03,NA,"TM2","seep","2.5L",NA,NA,NA,NA,NA,NA,"red",399,47,44,"2.15","36.2",NA,"P","4.0","16.0",7.5,1,1,NA,"Y",NA,NA,NA,NA,NA,NA,2.15
2024-01-25,"SHS",2023,2023-06-03,NA,"TM2","seep","2.5L",NA,NA,NA,NA,NA,NA,"red",95,50,43,"2.33","30.5",NA,"P","0.0","31.0",6.9,1,1,NA,"Y",NA,NA,NA,NA,NA,NA,2.33
2024-01-25,"SHS",2023,2023-06-03,NA,"TM2","seep","3.0L",NA,NA,NA,NA,NA,NA,"red",29,20,34,"1.42","30.2",NA,"P","0.0","7.0",5.4,1,1,NA,"Y",NA,NA,NA,NA,NA,NA,1.42
2024-01-25,"SHS",2023,2023-06-03,NA,"TM2","seep","3.5L",NA,NA,NA,NA,NA,NA,"red",776,30,12,"1.51","33.0",NA,"P","5.0","5.0",5.8,1,1,NA,"Y",NA,NA,NA,NA,NA,NA,1.51
2024-01-25,"SHS",2023,2023-06-03,NA,"TM2","seep","3.5L",NA,NA,NA,NA,NA,NA,"red",563,33,14,"1.87","28.0",NA,"P","13.0","12.0",5.5,1,1,NA,"Y",NA,NA,NA,NA,NA,NA,1.87
2024-01-25,"SHS",2023,2023-06-03,NA,"TM2","seep","3.5L",NA,NA,NA,NA,NA,NA,"red",246,40,13,"1.4","15.7",NA,"P","2.0","4.0",3.8,1,1,NA,"Y",NA,NA,NA,NA,NA,NA,1.4
2024-01-31,"SY",2023,2023-06-03,NA,"TM2","seep","11L",NA,NA,NA,NA,NA,NA,"red",103,43,4,"2.61","39.6",NA,"P","8.0","40.0",8.6,1,1,NA,"N",NA,NA,NA,NA,NA,NA,2.61
2024-01-31,"SY",2023,2023-06-03,NA,"TM2","seep","11L",NA,NA,NA,NA,NA,NA,"red",287,45,4,"1.08","20.4",NA,"P","1.0","11.0",5.7,2,2,NA,"N",NA,NA,NA,NA,NA,NA,1.08
2024-01-31,"SY",2023,2023-06-03,NA,"TM2","seep","11.5L",NA,NA,NA,NA,NA,NA,"red",850,1,25,"1.22","27.1",NA,"P",NA,"6.0",5.3,1,1,NA,"N",NA,NA,NA,NA,NA,NA,1.22
2024-01-31,"SY",2023,2023-06-03,NA,"TM2","seep","11.5L",NA,NA,NA,NA,NA,NA,"red",150,5,5,"3.22","34.8",NA,"P","1.0","32.0",7.3,2,2,NA,"N",NA,NA,NA,NA,NA,NA,3.22
2024-01-31,"SY",2023,2023-06-03,NA,"TM2","seep","11.5L",NA,NA,NA,NA,NA,NA,NA,NA,NA,NA,"0.62","15.2",NA,"P",NA,"2.0",4.3,1,1,NA,"N",NA,NA,NA,NA,NA,NA,0.5
2024-01-31,"SY",2023,2023-06-03,NA,"TM2","seep","11.5L",NA,NA,NA,NA,NA,NA,NA,NA,NA,NA,"0.73","14.1",NA,"P",NA,"2.0",2.4,1,1,NA,"N",NA,NA,NA,NA,NA,NA,0.5
2024-01-31,"SY",2023,2023-06-03,NA,"TM2","seep","11.5L",NA,NA,NA,NA,NA,NA,"red",115,5,10,"1.63","28.7",NA,"P",NA,"4.0",5.6,1,1,NA,"N",NA,NA,NA,NA,NA,NA,1.63
2024-01-31,"SY",2023,2023-06-03,NA,"TM2","seep","11.5L",NA,NA,NA,NA,NA,NA,"red",231,8,5,"1.35","25.9",NA,"P",NA,"3.0",6.2,1,1,NA,"N",NA,NA,NA,NA,NA,NA,1.35
2024-01-31,"SY",2023,2023-06-03,NA,"TM2","seep","11.5L",NA,NA,NA,NA,NA,NA,"red",783,15,23,"1.88","22.6",NA,"P",NA,"10.0",4.9,1,1,NA,"N",NA,NA,NA,NA,NA,NA,1.88
2024-01-31,"SY",2023,2023-06-03,NA,"TM2","seep","11.5L",NA,NA,NA,NA,NA,NA,"red",72,10,12,"1.57","24.9",NA,"P",NA,"3.0",5.5,1,1,NA,"N",NA,NA,NA,NA,NA,NA,1.57
2024-01-31,"SY",2023,2023-06-03,NA,"TM2","seep","11.5L",NA,NA,NA,NA,NA,NA,"red",77,25,23,"2.14","33.0",NA,"P","2.0","18.0",7.1,1,1,NA,"Y",NA,NA,NA,NA,NA,NA,2.14
2024-01-31,"SY",2023,2023-06-03,NA,"TM2","seep","11.5L",NA,NA,NA,NA,NA,NA,NA,NA,NA,NA,"0.95","16.6",NA,"P",NA,"2.0",3.1,1,1,NA,"N",NA,NA,NA,NA,NA,NA,0.5
2024-01-31,"SY",2023,2023-06-03,NA,"TM2","seep","11.5L",NA,NA,NA,NA,NA,NA,"red",267,28,18,"2.41","26.7",NA,"P",NA,"8.0",5.7,1,1,NA,"Y",NA,NA,NA,NA,NA,NA,2.41
2024-01-31,"SY",2023,2023-06-03,NA,"TM2","seep","11.5L",NA,NA,NA,NA,NA,NA,"red",583,19,15,"1.91","30.9",NA,"P",NA,"17.0",5.9,1,1,NA,"Y",NA,NA,NA,NA,NA,NA,1.91
2024-01-31,"SY",2023,2023-06-03,NA,"TM2","seep","11.5L",NA,NA,NA,NA,NA,NA,"red",599,15,24,"1.74","22.7",NA,"P",NA,"5.0",5.2,2,2,NA,"N",NA,NA,NA,NA,NA,NA,1.74
2024-01-31,"SY",2023,2023-06-03,NA,"TM2","seep","11.5L",NA,NA,NA,NA,NA,NA,"red",201,30,48,"1.03","17.0",NA,"P",NA,"2.0",4.1,1,1,NA,"N",NA,NA,NA,NA,NA,NA,1.03
2024-01-31,"SY",2023,2023-06-03,NA,"TM2","seep","11.5L",NA,NA,NA,NA,NA,NA,"red",230,30,43,"1.16","20.1",NA,"P",NA,"3.0",3.9,1,1,NA,"N",NA,NA,NA,NA,NA,NA,1.16
2024-01-31,"SY",2023,2023-06-03,NA,"TM2","seep","11.5L",NA,NA,NA,NA,NA,NA,NA,NA,NA,NA,"1.4","17.0",NA,"P","1.0","4.0",5.5,1,1,NA,"N",NA,NA,NA,NA,NA,NA,1.4
2024-01-31,"SY",2023,2023-06-03,NA,"TM2","seep","11.5L",NA,NA,NA,NA,NA,NA,NA,NA,NA,NA,"1.57","22.0",NA,"P",NA,"5.0",4,1,1,NA,"N",NA,NA,NA,NA,NA,NA,1.57
2024-01-31,"SY",2023,2023-06-03,NA,"TM2","seep","11.5L",NA,NA,NA,NA,NA,NA,NA,NA,NA,NA,"2.29","37.5",NA,"P","1.0","15.0",7.5,1,1,NA,"Y",NA,NA,NA,NA,NA,NA,2.29
2024-01-31,"SY",2023,2023-06-03,NA,"TM2","seep","11.5L",NA,NA,NA,NA,NA,NA,NA,NA,NA,NA,"1.69","18.3",NA,"P","2.0","5.0",6.2,1,1,NA,"N",NA,NA,NA,NA,NA,NA,1.69
2024-01-31,"SY",2023,2023-06-03,NA,"TM2","seep","11.5L",NA,NA,NA,NA,NA,NA,NA,NA,NA,NA,"1.31","23.5",NA,"P",NA,"5.0",5.7,1,1,NA,"N",NA,NA,NA,NA,NA,NA,1.31
2024-01-31,"SY",2023,2023-06-03,NA,"TM2","seep","11.5L",NA,NA,NA,NA,NA,NA,NA,NA,NA,NA,"1.56","25.4",NA,"P",NA,"5.0",5.5,1,1,NA,"N",NA,NA,NA,NA,NA,NA,1.56
2024-01-31,"SY",2023,2023-06-03,NA,"TM2","seep","11.5L",NA,NA,NA,NA,NA,NA,NA,NA,NA,NA,"1.07","18.5",NA,"P",NA,"2.0",4.6,1,1,NA,"N",NA,NA,NA,NA,NA,NA,1.07
2024-01-31,"SY",2023,2023-06-03,NA,"TM2","seep","11.5L",NA,NA,NA,NA,NA,NA,NA,NA,NA,NA,"0.73","19.5",NA,"P",NA,"2.0",3.5,1,1,NA,"N",NA,NA,NA,NA,NA,NA,0.5
2024-01-31,"SY",2023,2023-06-03,NA,"TM2","lower","3.5",NA,NA,NA,NA,NA,NA,"white",63,50,20,NA,NA,NA,"X",NA,NA,NA,NA,NA,NA,NA,NA,NA,NA,NA,NA,NA,NA
2024-01-31,"SY",2023,2023-06-03,NA,"TM2","lower","3.5",NA,NA,NA,NA,NA,NA,"white",262,25,20,NA,NA,NA,"X",NA,NA,NA,NA,NA,NA,NA,NA,NA,NA,NA,NA,NA,NA
2024-01-31,"SY",2023,2023-06-03,NA,"TM2","lower","4.0",NA,NA,NA,NA,NA,NA,"white",258,37,10,NA,NA,NA,"X",NA,NA,NA,NA,NA,NA,NA,NA,NA,NA,NA,NA,NA,NA
2024-01-31,"SY",2023,2023-06-03,NA,"TM2","lower","4.5",NA,NA,NA,NA,NA,NA,"white",259,48,49,NA,NA,NA,"X",NA,NA,NA,NA,NA,NA,NA,NA,NA,NA,NA,NA,NA,NA
2024-01-31,"SY",2023,2023-06-03,NA,"TM2","lower","5.0",NA,NA,NA,NA,NA,NA,"white",256,25,50,NA,NA,NA,"X",NA,NA,NA,NA,NA,NA,NA,NA,NA,NA,NA,NA,NA,NA
2024-01-31,"SY",2023,2023-06-03,NA,"TM2","lower","5.0",NA,NA,NA,NA,NA,NA,"white",251,40,50,NA,NA,NA,"X",NA,NA,NA,NA,NA,NA,NA,NA,NA,NA,NA,NA,NA,NA
2024-01-31,"SY",2023,2023-06-03,NA,"TM2","lower","5.0",NA,NA,NA,NA,NA,NA,"white",260,5,2,NA,NA,NA,"X",NA,NA,NA,NA,NA,NA,NA,NA,NA,NA,NA,NA,NA,NA
2024-01-31,"SY",2023,2023-06-03,NA,"TM2","lower","5.0",NA,NA,NA,NA,NA,NA,"white",255,5,39,NA,NA,NA,"X",NA,NA,NA,NA,NA,NA,NA,NA,NA,NA,NA,NA,NA,NA
2024-01-31,"SY",2023,2023-06-03,NA,"TM2","lower","5.0",NA,NA,NA,NA,NA,NA,"white",254,30,50,NA,NA,NA,"X",NA,NA,NA,NA,NA,NA,NA,NA,NA,NA,NA,NA,NA,NA
2024-01-31,"SY",2023,2023-06-03,NA,"TM2","lower","5.0",NA,NA,NA,NA,NA,NA,"white",273,7,0,NA,NA,NA,"X",NA,NA,NA,NA,NA,NA,NA,NA,NA,NA,NA,NA,NA,NA
2024-01-31,"SY",2023,2023-06-03,NA,"TM2","lower","6.0",NA,NA,NA,NA,NA,NA,"white",257,35,16,NA,NA,NA,"X",NA,NA,NA,NA,NA,NA,NA,NA,NA,NA,NA,NA,NA,NA
2024-01-31,"SY",2023,2023-06-03,NA,"TM2","lower","6.0",NA,NA,NA,NA,NA,NA,"white",261,0,18,NA,NA,NA,"X",NA,NA,NA,NA,NA,NA,NA,NA,NA,NA,NA,NA,NA,NA
2024-01-31,"SY",2023,2023-06-03,NA,"TM2","lower","6.0",NA,NA,NA,NA,NA,NA,"white",267,6,26,NA,NA,NA,"X",NA,NA,NA,NA,NA,NA,NA,NA,NA,NA,NA,NA,NA,NA
2024-01-31,"SY",2023,2023-06-03,NA,"TM2","lower","6.0",NA,NA,NA,NA,NA,NA,"white",269,40,50,NA,NA,NA,"X",NA,NA,NA,NA,NA,NA,NA,NA,NA,NA,NA,NA,NA,NA
2024-01-31,"SY",2023,2023-06-03,NA,"TM2","lower","6.5",NA,NA,NA,NA,NA,NA,"white",24,15,43,NA,NA,NA,"X",NA,NA,NA,NA,NA,NA,NA,NA,NA,NA,NA,NA,NA,NA
2024-01-31,"SY",2023,2023-06-03,NA,"TM2","lower","6.5",NA,NA,NA,NA,NA,NA,"white",56,30,30,NA,NA,NA,"X",NA,NA,NA,NA,NA,NA,NA,NA,NA,NA,NA,NA,NA,NA
2024-01-31,"SY",2023,2023-06-03,NA,"TM2","lower","6.5",NA,NA,NA,NA,NA,NA,"white",45,30,50,NA,NA,NA,"X",NA,NA,NA,NA,NA,NA,NA,NA,NA,NA,NA,NA,NA,NA
2024-01-31,"SY",2023,2023-06-03,NA,"TM2","lower","6.5",NA,NA,NA,NA,NA,NA,"white",271,12,30,NA,NA,NA,"X",NA,NA,NA,NA,NA,NA,NA,NA,NA,NA,NA,NA,NA,NA
2024-01-31,"SY",2023,2023-06-03,NA,"TM2","lower","6.5",NA,NA,NA,NA,NA,NA,"white",266,5,25,NA,NA,NA,"X",NA,NA,NA,NA,NA,NA,NA,NA,NA,NA,NA,NA,NA,NA
2024-01-31,"SY",2023,2023-06-03,NA,"TM2","lower","6.5",NA,NA,NA,NA,NA,NA,"white",59,35,35,NA,NA,NA,"X",NA,NA,NA,NA,NA,NA,NA,NA,NA,NA,NA,NA,NA,NA
2024-01-31,"SY",2023,2023-06-03,NA,"TM2","lower","6.5",NA,NA,NA,NA,NA,NA,"white",36,38,33,NA,NA,NA,"X",NA,NA,NA,NA,NA,NA,NA,NA,NA,NA,NA,NA,NA,NA
2024-01-31,"SY",2023,2023-06-03,NA,"TM2","lower","6.5",NA,NA,NA,NA,NA,NA,"white",28,48,30,NA,NA,NA,"X",NA,NA,NA,NA,NA,NA,NA,NA,NA,NA,NA,NA,NA,NA
2024-01-31,"SY",2023,2023-06-03,NA,"TM2","lower","7.0",NA,NA,NA,NA,NA,NA,"white",39,35,10,NA,NA,NA,"X",NA,NA,NA,NA,NA,NA,NA,NA,NA,NA,NA,NA,NA,NA
2024-01-31,"SY",2023,2023-06-03,NA,"TM2","lower","7.0",NA,NA,NA,NA,NA,NA,"white",20,36,36,NA,NA,NA,"X",NA,NA,NA,NA,NA,NA,NA,NA,NA,NA,NA,NA,NA,NA
2024-01-31,"SY",2023,2023-06-03,NA,"TM2","lower","7.0",NA,NA,NA,NA,NA,NA,"white",104,29,45,NA,NA,NA,"X",NA,NA,NA,NA,NA,NA,NA,NA,NA,NA,NA,NA,NA,NA
2024-01-31,"SY",2023,2023-06-03,NA,"TM2","lower","7.5",NA,NA,NA,NA,NA,NA,"white",534,49,18,NA,NA,NA,"X",NA,NA,NA,NA,NA,NA,NA,NA,NA,NA,NA,NA,NA,NA
2024-01-31,"SY",2023,2023-06-03,NA,"TM2","lower","7.5",NA,NA,NA,NA,NA,NA,"white",587,38,13,NA,NA,NA,"X",NA,NA,NA,NA,NA,NA,NA,NA,NA,NA,NA,NA,NA,NA
2024-01-31,"SY",2023,2023-06-03,NA,"TM2","lower","7.5",NA,NA,NA,NA,NA,NA,"white",678,45,50,NA,NA,NA,"X",NA,NA,NA,NA,NA,NA,NA,NA,NA,NA,NA,NA,NA,NA
2024-01-31,"SY",2023,2023-06-03,NA,"TM2","lower","7.5",NA,NA,NA,NA,NA,NA,"white",429,37,39,NA,NA,NA,"X",NA,NA,NA,NA,NA,NA,NA,NA,NA,NA,NA,NA,NA,NA
2024-01-31,"SY",2023,2023-06-03,NA,"TM2","lower","7.5",NA,NA,NA,NA,NA,NA,"white",747,46,49,NA,NA,NA,"X",NA,NA,NA,NA,NA,NA,NA,NA,NA,NA,NA,NA,NA,NA
2024-01-31,"SY",2023,2023-06-03,NA,"TM2","lower","7.5",NA,NA,NA,NA,NA,NA,"white",533,45,16,NA,NA,NA,"X",NA,NA,NA,NA,NA,NA,NA,NA,NA,NA,NA,NA,NA,NA
2024-01-31,"SY",2023,2023-06-03,NA,"TM2","lower","7.5",NA,NA,NA,NA,NA,NA,"white",684,21,21,NA,NA,NA,"X",NA,NA,NA,NA,NA,NA,NA,NA,NA,NA,NA,NA,NA,NA
2024-01-31,"SY",2023,2023-06-03,NA,"TM2","lower","7.5",NA,NA,NA,NA,NA,NA,"white",497,9,26,NA,NA,NA,"X",NA,NA,NA,NA,NA,NA,NA,NA,NA,NA,NA,NA,NA,NA
2024-01-31,"SY",2023,2023-06-03,NA,"TM2","lower","7.5",NA,NA,NA,NA,NA,NA,"white",680,37,39,NA,NA,NA,"X",NA,NA,NA,NA,NA,NA,NA,NA,NA,NA,NA,NA,NA,NA
2024-01-31,"SY",2023,2023-06-03,NA,"TM2","lower","7.5",NA,NA,NA,NA,NA,NA,"white",436,50,48,NA,NA,NA,"X",NA,NA,NA,NA,NA,NA,NA,NA,NA,NA,NA,NA,NA,NA
2024-01-31,"SY",2023,2023-06-03,NA,"TM2","lower","8.5",NA,NA,NA,NA,NA,NA,"white",988,0,23,NA,NA,NA,"X",NA,NA,NA,NA,NA,NA,NA,NA,NA,NA,NA,NA,NA,NA
2024-01-31,"SY",2023,2023-06-03,NA,"TM2","lower","8.5",NA,NA,NA,NA,NA,NA,"white",986,0,25,NA,NA,NA,"X",NA,NA,NA,NA,NA,NA,NA,NA,NA,NA,NA,NA,NA,NA
2024-01-31,"SY",2023,2023-06-03,NA,"TM2","lower","8.5",NA,NA,NA,NA,NA,NA,"white",934,42,50,NA,NA,NA,"X",NA,NA,NA,NA,NA,NA,NA,NA,NA,NA,NA,NA,NA,NA
2024-01-31,"SY",2023,2023-06-03,NA,"TM2","lower","8.5",NA,NA,NA,NA,NA,NA,"white",948,0,6,NA,NA,NA,"X",NA,NA,NA,NA,NA,NA,NA,NA,NA,NA,NA,NA,NA,NA
2024-01-31,"SY",2023,2023-06-03,NA,"TM2","lower","8.5",NA,NA,NA,NA,NA,NA,"white",938,18,24,NA,NA,NA,"X",NA,NA,NA,NA,NA,NA,NA,NA,NA,NA,NA,NA,NA,NA
2024-01-31,"SY",2023,2023-06-03,NA,"TM2","lower","8.5",NA,NA,NA,NA,NA,NA,"white",937,4,50,NA,NA,NA,"X",NA,NA,NA,NA,NA,NA,NA,NA,NA,NA,NA,NA,NA,NA
2024-01-31,"SY",2023,2023-06-03,NA,"TM2","lower","8.5",NA,NA,NA,NA,NA,NA,"white",985,31,50,NA,NA,NA,"X",NA,NA,NA,NA,NA,NA,NA,NA,NA,NA,NA,NA,NA,NA
2024-01-31,"SY",2023,2023-06-03,NA,"TM2","lower","8.5",NA,NA,NA,NA,NA,NA,"white",955,50,40,NA,NA,NA,"X",NA,NA,NA,NA,NA,NA,NA,NA,NA,NA,NA,NA,NA,NA
2024-01-31,"SY",2023,2023-06-03,NA,"TM2","lower","8.5",NA,NA,NA,NA,NA,NA,"white",975,12,28,NA,NA,NA,"X",NA,NA,NA,NA,NA,NA,NA,NA,NA,NA,NA,NA,NA,NA
2024-01-31,"SY",2023,2023-06-03,NA,"TM2","lower","9.0",NA,NA,NA,NA,NA,NA,"white",545,41,9,NA,NA,NA,"X",NA,NA,NA,NA,NA,NA,NA,NA,NA,NA,NA,NA,NA,NA
2024-01-31,"SY",2023,2023-06-03,NA,"TM2","lower","9.0",NA,NA,NA,NA,NA,NA,"white",974,32,6,NA,NA,NA,"X",NA,NA,NA,NA,NA,NA,NA,NA,NA,NA,NA,NA,NA,NA
2024-01-31,"SY",2023,2023-06-03,NA,"TM2","lower","9.0",NA,NA,NA,NA,NA,NA,"white",834,32,6,NA,NA,NA,"X",NA,NA,NA,NA,NA,NA,NA,NA,NA,NA,NA,NA,NA,NA
2024-01-31,"SY",2023,2023-06-03,NA,"TM2","lower","9.0",NA,NA,NA,NA,NA,NA,"white",833,19,50,NA,NA,NA,"X",NA,NA,NA,NA,NA,NA,NA,NA,NA,NA,NA,NA,NA,NA
2024-01-31,"SY",2023,2023-06-03,NA,"TM2","lower","9.0",NA,NA,NA,NA,NA,NA,"white",821,23,52,NA,NA,NA,"X",NA,NA,NA,NA,NA,NA,NA,NA,NA,NA,NA,NA,NA,NA
2024-01-31,"SY",2023,2023-06-03,NA,"TM2","lower","9.5",NA,NA,NA,NA,NA,NA,"white",805,12,29,NA,NA,NA,"X",NA,NA,NA,NA,NA,NA,NA,NA,NA,NA,NA,NA,NA,NA
2024-01-31,"SY",2023,2023-06-03,NA,"TM2","lower","9.5",NA,NA,NA,NA,NA,NA,"white",814,8,29,NA,NA,NA,"X",NA,NA,NA,NA,NA,NA,NA,NA,NA,NA,NA,NA,NA,NA
2024-01-31,"SY",2023,2023-06-03,NA,"TM2","lower","10.0",NA,NA,NA,NA,NA,NA,"white",953,31,42,NA,NA,NA,"X",NA,NA,NA,NA,NA,NA,NA,NA,NA,NA,NA,NA,NA,NA
2024-01-31,"SY",2023,2023-06-03,NA,"TM2","lower","10.0",NA,NA,NA,NA,NA,NA,"white",903,43,40,NA,NA,NA,"X",NA,NA,NA,NA,NA,NA,NA,NA,NA,NA,NA,NA,NA,NA
2024-01-31,"SY",2023,2023-06-03,NA,"TM2","lower","10.0",NA,NA,NA,NA,NA,NA,"white",977,50,35,NA,NA,NA,"X",NA,NA,NA,NA,NA,NA,NA,NA,NA,NA,NA,NA,NA,NA
2024-01-31,"SY",2023,2023-06-03,NA,"TM2","lower","10.0",NA,NA,NA,NA,NA,NA,"white",816,10,50,NA,NA,NA,"X",NA,NA,NA,NA,NA,NA,NA,NA,NA,NA,NA,NA,NA,NA
2024-01-31,"SY",2023,2023-06-03,NA,"TM2","lower","10.0",NA,NA,NA,NA,NA,NA,"white",953,33,8,NA,NA,NA,"X",NA,NA,NA,NA,NA,NA,NA,NA,NA,NA,NA,NA,NA,NA
2024-01-31,"SY",2023,2023-06-03,NA,"TM2","lower","10.0",NA,NA,NA,NA,NA,NA,"white",870,28,42,NA,NA,NA,"X",NA,NA,NA,NA,NA,NA,NA,NA,NA,NA,NA,NA,NA,NA
2024-01-31,"SY",2023,2023-06-03,NA,"TM2","lower","10.0",NA,NA,NA,NA,NA,NA,"white",930,8,50,NA,NA,NA,"X",NA,NA,NA,NA,NA,NA,NA,NA,NA,NA,NA,NA,NA,NA
2024-01-31,"SY",2023,2023-06-03,NA,"TM2","lower","10.0",NA,NA,NA,NA,NA,NA,"white",908,7,52,NA,NA,NA,"X",NA,NA,NA,NA,NA,NA,NA,NA,NA,NA,NA,NA,NA,NA
2024-01-31,"SY",2023,2023-06-03,NA,"TM2","lower","10.0",NA,NA,NA,NA,NA,NA,"white",904,11,44,"8.75","34.2",NA,"P","0.0","80.0",7.5,8,8,NA,"Y",NA,NA,NA,NA,NA,NA,8.75
2024-01-31,"SY",2023,2023-06-03,NA,"TM2","lower","10.5",NA,NA,NA,NA,NA,NA,"white",102,42,46,NA,NA,NA,"X",NA,NA,NA,NA,NA,NA,NA,NA,NA,NA,NA,NA,NA,NA
2024-01-31,"SY",2023,2023-06-03,NA,"TM2","lower","10.5",NA,NA,NA,NA,NA,NA,"white",55,14,29,NA,NA,NA,"X",NA,NA,NA,NA,NA,NA,NA,NA,NA,NA,NA,NA,NA,NA
2024-01-31,"SY",2023,2023-06-03,NA,"TM2","lower","10.5",NA,NA,NA,NA,NA,NA,"white",52,16,26,NA,NA,NA,"X",NA,NA,NA,NA,NA,NA,NA,NA,NA,NA,NA,NA,NA,NA
2024-01-31,"SY",2023,2023-06-03,NA,"TM2","lower","10.5",NA,NA,NA,NA,NA,NA,"white",48,34,40,NA,NA,NA,"X",NA,NA,NA,NA,NA,NA,NA,NA,NA,NA,NA,NA,NA,NA
2024-01-31,"SY",2023,2023-06-03,NA,"TM2","lower","10.5",NA,NA,NA,NA,NA,NA,"white",58,26,6,NA,NA,NA,"X",NA,NA,NA,NA,NA,NA,NA,NA,NA,NA,NA,NA,NA,NA
2024-01-31,"SY",2023,2023-06-03,NA,"TM2","lower","10.5",NA,NA,NA,NA,NA,NA,"white",50,14,29,NA,NA,NA,"X",NA,NA,NA,NA,NA,NA,NA,NA,NA,NA,NA,NA,NA,NA
2024-01-31,"SY",2023,2023-06-03,NA,"TM2","lower","10.5",NA,NA,NA,NA,NA,NA,"white",46,20,56,NA,NA,NA,"X",NA,NA,NA,NA,NA,NA,NA,NA,NA,NA,NA,NA,NA,NA
2024-01-31,"SY",2023,2023-06-03,NA,"TM2","lower","11.0",NA,NA,NA,NA,NA,NA,"white",57,9,49,NA,NA,NA,"X",NA,NA,NA,NA,NA,NA,NA,NA,NA,NA,NA,NA,NA,NA
2024-01-31,"SY",2023,2023-06-03,NA,"TM2","lower","11.0",NA,NA,NA,NA,NA,NA,"white",105,4,20,NA,NA,NA,"X",NA,NA,NA,NA,NA,NA,NA,NA,NA,NA,NA,NA,NA,NA
2024-01-31,"SY",2023,2023-06-03,NA,"TM2","lower","11.0",NA,NA,NA,NA,NA,NA,"white",34,28,30,NA,NA,NA,"X",NA,NA,NA,NA,NA,NA,NA,NA,NA,NA,NA,NA,NA,NA
2024-01-31,"SY",2023,2023-06-03,NA,"TM2","lower","11.0",NA,NA,NA,NA,NA,NA,"white",42,20,20,NA,NA,NA,"X",NA,NA,NA,NA,NA,NA,NA,NA,NA,NA,NA,NA,NA,NA
2024-01-31,"SY",2023,2023-06-03,NA,"TM2","lower","11.0",NA,NA,NA,NA,NA,NA,"white",103,32,20,NA,NA,NA,"X",NA,NA,NA,NA,NA,NA,NA,NA,NA,NA,NA,NA,NA,NA
2024-01-31,"SY",2023,2023-06-03,NA,"TM2","lower","11.5",NA,NA,NA,NA,NA,NA,"white",49,30,30,NA,NA,NA,"X",NA,NA,NA,NA,NA,NA,NA,NA,NA,NA,NA,NA,NA,NA
2024-01-31,"SY",2023,2023-06-03,NA,"TM2","lower","12.5",NA,NA,NA,NA,NA,NA,"white",40,39,42,NA,NA,NA,"X",NA,NA,NA,NA,NA,NA,NA,NA,NA,NA,NA,NA,NA,NA
2024-01-31,"SY",2023,2023-06-03,NA,"TM2","lower","12.5",NA,NA,NA,NA,NA,NA,"white",47,44,26,NA,NA,NA,"X",NA,NA,NA,NA,NA,NA,NA,NA,NA,NA,NA,NA,NA,NA
2024-01-31,"SY",2023,2023-06-03,NA,"TM2","lower","14.0",NA,NA,NA,NA,NA,NA,"white",250,10,20,NA,NA,NA,"X",NA,NA,NA,NA,NA,NA,NA,NA,NA,NA,NA,NA,NA,NA
2024-01-31,"SY",2023,2023-06-03,NA,"TM2","lower","14.0",NA,NA,NA,NA,NA,NA,"white",202,31,19,NA,NA,NA,"X",NA,NA,NA,NA,NA,NA,NA,NA,NA,NA,NA,NA,NA,NA
2024-01-31,"SY",2023,2023-06-03,NA,"TM2","lower","14.0",NA,NA,NA,NA,NA,NA,"white",44,1,2,NA,NA,NA,"X",NA,NA,NA,NA,NA,NA,NA,NA,NA,NA,NA,NA,NA,NA
2024-01-31,"SY",2023,2023-06-03,NA,"TM2","lower","14.0",NA,NA,NA,NA,NA,NA,"white",210,26,16,NA,NA,NA,"X",NA,NA,NA,NA,NA,NA,NA,NA,NA,NA,NA,NA,NA,NA
2024-01-31,"SY",2023,2023-06-03,NA,"TM2","lower","14.0",NA,NA,NA,NA,NA,NA,"white",25,50,7,NA,NA,NA,"X",NA,NA,NA,NA,NA,NA,NA,NA,NA,NA,NA,NA,NA,NA
2024-01-31,"SY",2023,2023-06-03,NA,"TM2","lower","14.0",NA,NA,NA,NA,NA,NA,"white",204,45,8,NA,NA,NA,"X",NA,NA,NA,NA,NA,NA,NA,NA,NA,NA,NA,NA,NA,NA
2024-01-31,"SY",2023,2023-06-03,NA,"TM2","lower","14.0",NA,NA,NA,NA,NA,NA,"white",201,13,13,NA,NA,NA,"X",NA,NA,NA,NA,NA,NA,NA,NA,NA,NA,NA,NA,NA,NA
2024-01-31,"SY",2023,2023-06-03,NA,"TM2","lower","14.0",NA,NA,NA,NA,NA,NA,"white",205,50,13,NA,NA,NA,"X",NA,NA,NA,NA,NA,NA,NA,NA,NA,NA,NA,NA,NA,NA
2024-01-31,"SY",2023,2023-06-03,NA,"TM2","lower","14.0",NA,NA,NA,NA,NA,NA,"white",208,48,12,NA,NA,NA,"X",NA,NA,NA,NA,NA,NA,NA,NA,NA,NA,NA,NA,NA,NA
2024-01-31,"SY",2023,2023-06-03,NA,"TM2","lower","14.0",NA,NA,NA,NA,NA,NA,"white",211,26,20,NA,NA,NA,"X",NA,NA,NA,NA,NA,NA,NA,NA,NA,NA,NA,NA,NA,NA
2024-01-31,"SY",2023,2023-06-03,NA,"TM2","lower","14.5",NA,NA,NA,NA,NA,NA,"white",519,11,50,NA,NA,NA,"X",NA,NA,NA,NA,NA,NA,NA,NA,NA,NA,NA,NA,NA,NA
2024-01-31,"SY",2023,2023-06-03,NA,"TM2","lower","14.5",NA,NA,NA,NA,NA,NA,"white",514,43,22,NA,NA,NA,"X",NA,NA,NA,NA,NA,NA,NA,NA,NA,NA,NA,NA,NA,NA
2024-01-31,"SY",2023,2023-06-03,NA,"TM2","lower","14.5",NA,NA,NA,NA,NA,NA,"white",252,49,25,NA,NA,NA,"X",NA,NA,NA,NA,NA,NA,NA,NA,NA,NA,NA,NA,NA,NA
2024-01-31,"SY",2023,2023-06-03,NA,"TM2","lower","14.5",NA,NA,NA,NA,NA,NA,"white",4,32,8,NA,NA,NA,"X",NA,NA,NA,NA,NA,NA,NA,NA,NA,NA,NA,NA,NA,NA
2024-01-31,"SY",2023,2023-06-03,NA,"TM2","lower","14.5",NA,NA,NA,NA,NA,NA,"white",270,44,28,NA,NA,NA,"X",NA,NA,NA,NA,NA,NA,NA,NA,NA,NA,NA,NA,NA,NA
2024-01-31,"SY",2023,2023-06-03,NA,"TM2","lower","14.5",NA,NA,NA,NA,NA,NA,"white",206,28,8,NA,NA,NA,"X",NA,NA,NA,NA,NA,NA,NA,NA,NA,NA,NA,NA,NA,NA
2024-01-31,"SY",2023,2023-06-03,NA,"TM2","lower","14.5",NA,NA,NA,NA,NA,NA,"white",207,17,14,NA,NA,NA,"X",NA,NA,NA,NA,NA,NA,NA,NA,NA,NA,NA,NA,NA,NA
2024-01-31,"SY",2023,2023-06-03,NA,"TM2","lower","14.5",NA,NA,NA,NA,NA,NA,"white",517,27,17,NA,NA,NA,"X",NA,NA,NA,NA,NA,NA,NA,NA,NA,NA,NA,NA,NA,NA
2024-01-31,"SY",2023,2023-06-03,NA,"TM2","lower","15.0",NA,NA,NA,NA,NA,NA,"white",513,10,9,NA,NA,NA,"X",NA,NA,NA,NA,NA,NA,NA,NA,NA,NA,NA,NA,NA,NA
2024-01-31,"SY",2023,2023-06-03,NA,"TM2","lower","15.0",NA,NA,NA,NA,NA,NA,"white",203,6,12,NA,NA,NA,"X",NA,NA,NA,NA,NA,NA,NA,NA,NA,NA,NA,NA,NA,NA
2024-01-31,"SY",2023,2023-06-03,NA,"TM2","lower","15.0",NA,NA,NA,NA,NA,NA,"white",516,25,15,NA,NA,NA,"X",NA,NA,NA,NA,NA,NA,NA,NA,NA,NA,NA,NA,NA,NA
2024-01-31,"SY",2023,2023-06-03,NA,"TM2","lower","15.0",NA,NA,NA,NA,NA,NA,"white",518,48,27,NA,NA,NA,"X",NA,NA,NA,NA,NA,NA,NA,NA,NA,NA,NA,NA,NA,NA
2024-01-31,"SY",2023,2023-06-03,NA,"TM2","lower","15.0",NA,NA,NA,NA,NA,NA,"white",76,33,6,NA,NA,NA,"X",NA,NA,NA,NA,NA,NA,NA,NA,NA,NA,NA,NA,NA,NA
2024-01-31,"SY",2023,2023-06-03,NA,"TM2","lower","15.0",NA,NA,NA,NA,NA,NA,"white",693,6,5,NA,NA,NA,"X",NA,NA,NA,NA,NA,NA,NA,NA,NA,NA,NA,NA,NA,NA
2024-01-31,"SY",2023,2023-06-03,NA,"TM2","lower","15.0",NA,NA,NA,NA,NA,NA,"white",897,42,22,NA,NA,NA,"X",NA,NA,NA,NA,NA,NA,NA,NA,NA,NA,NA,NA,NA,NA
2024-01-31,"SY",2023,2023-06-03,NA,"TM2","lower","15.0",NA,NA,NA,NA,NA,NA,"white",512,37,11,NA,NA,NA,"X",NA,NA,NA,NA,NA,NA,NA,NA,NA,NA,NA,NA,NA,NA
2024-01-31,"SY",2023,2023-06-03,NA,"TM2","lower","15.0",NA,NA,NA,NA,NA,NA,"white",520,4,19,NA,NA,NA,"X",NA,NA,NA,NA,NA,NA,NA,NA,NA,NA,NA,NA,NA,NA
2024-01-31,"SY",2023,2023-06-03,NA,"TM2","lower","15.0",NA,NA,NA,NA,NA,NA,"white",272,10,10,NA,NA,NA,"X",NA,NA,NA,NA,NA,NA,NA,NA,NA,NA,NA,NA,NA,NA
2024-01-31,"SY",2023,2023-06-03,NA,"TM2","lower","15.0",NA,NA,NA,NA,NA,NA,"white",515,44,0,NA,NA,NA,"X",NA,NA,NA,NA,NA,NA,NA,NA,NA,NA,NA,NA,NA,NA
2024-01-31,"SY",2023,2023-06-03,NA,"TM2","lower","15.0",NA,NA,NA,NA,NA,NA,"white",209,14,27,NA,NA,NA,"X",NA,NA,NA,NA,NA,NA,NA,NA,NA,NA,NA,NA,NA,NA
2024-01-31,"SY",2023,2023-06-03,NA,"TM2","lower","15.0",NA,NA,NA,NA,NA,NA,"white",70,6,23,NA,NA,NA,"X",NA,NA,NA,NA,NA,NA,NA,NA,NA,NA,NA,NA,NA,NA
2024-01-31,"SY",2023,2023-06-03,NA,"TM2","lower","15.0",NA,NA,NA,NA,NA,NA,"white",265,46,19,NA,NA,NA,"X",NA,NA,NA,NA,NA,NA,NA,NA,NA,NA,NA,NA,NA,NA
2024-01-31,"SY",2023,2023-06-03,NA,"TM2","lower","15.0",NA,NA,NA,NA,NA,NA,"white",510,35,32,NA,NA,NA,"X",NA,NA,NA,NA,NA,NA,NA,NA,NA,NA,NA,NA,NA,NA
2024-01-31,"SY",2023,2023-06-03,NA,"TM2","lower","15.0",NA,NA,NA,NA,NA,NA,"white",264,46,32,NA,NA,NA,"X",NA,NA,NA,NA,NA,NA,NA,NA,NA,NA,NA,NA,NA,NA
2024-01-31,"SY",2023,2023-06-03,NA,"TM2","lower","15.5",NA,NA,NA,NA,NA,NA,"white",5,45,15,NA,NA,NA,"X",NA,NA,NA,NA,NA,NA,NA,NA,NA,NA,NA,NA,NA,NA
2024-01-31,"SY",2023,2023-06-03,NA,"TM2","lower","15.5",NA,NA,NA,NA,NA,NA,"white",511,42,19,NA,NA,NA,"X",NA,NA,NA,NA,NA,NA,NA,NA,NA,NA,NA,NA,NA,NA
2024-01-31,"SY",2023,2023-06-03,NA,"TM2","lower","15.5",NA,NA,NA,NA,NA,NA,"white",378,16,47,NA,NA,NA,"X",NA,NA,NA,NA,NA,NA,NA,NA,NA,NA,NA,NA,NA,NA
2024-01-31,"SY",2023,2023-06-03,NA,"TM2","lower","15.5",NA,NA,NA,NA,NA,NA,"white",685,11,23,NA,NA,NA,"X",NA,NA,NA,NA,NA,NA,NA,NA,NA,NA,NA,NA,NA,NA
2024-01-31,"SY",2023,2023-06-03,NA,"TM2","lower","15.5",NA,NA,NA,NA,NA,NA,"white",634,12,36,NA,NA,NA,"X",NA,NA,NA,NA,NA,NA,NA,NA,NA,NA,NA,NA,NA,NA
2024-01-31,"SY",2023,2023-06-03,NA,"TM2","lower","15.5",NA,NA,NA,NA,NA,NA,"white",654,16,47,NA,NA,NA,"X",NA,NA,NA,NA,NA,NA,NA,NA,NA,NA,NA,NA,NA,NA
2024-01-31,"SY",2023,2023-06-03,NA,"TM2","lower","15.5",NA,NA,NA,NA,NA,NA,"white",1,36,50,NA,NA,NA,"X",NA,NA,NA,NA,NA,NA,NA,NA,NA,NA,NA,NA,NA,NA
2024-01-31,"SY",2023,2023-06-03,NA,"TM2","lower","16.0",NA,NA,NA,NA,NA,NA,"white",421,6,49,NA,NA,NA,"X",NA,NA,NA,NA,NA,NA,NA,NA,NA,NA,NA,NA,NA,NA
2024-01-31,"SY",2023,2023-06-03,NA,"TM2","lower","16.0",NA,NA,NA,NA,NA,NA,"white",603,17,8,NA,NA,NA,"X",NA,NA,NA,NA,NA,NA,NA,NA,NA,NA,NA,NA,NA,NA
2024-01-31,"SY",2023,2023-06-03,NA,"TM2","lower","16.0",NA,NA,NA,NA,NA,NA,"white",397,31,18,NA,NA,NA,"X",NA,NA,NA,NA,NA,NA,NA,NA,NA,NA,NA,NA,NA,NA
2024-01-31,"SY",2023,2023-06-03,NA,"TM2","lower","16.0",NA,NA,NA,NA,NA,NA,"white",605,31,18,NA,NA,NA,"X",NA,NA,NA,NA,NA,NA,NA,NA,NA,NA,NA,NA,NA,NA
2024-01-31,"SY",2023,2023-06-03,NA,"TM2","lower","16.5",NA,NA,NA,NA,NA,NA,"white",733,50,20,NA,NA,NA,"X",NA,NA,NA,NA,NA,NA,NA,NA,NA,NA,NA,NA,NA,NA
2024-01-31,"SY",2023,2023-06-03,NA,"TM2","lower","16.5",NA,NA,NA,NA,NA,NA,"white",607,44,47,NA,NA,NA,"X",NA,NA,NA,NA,NA,NA,NA,NA,NA,NA,NA,NA,NA,NA
2024-01-31,"SY",2023,2023-06-03,NA,"TM2","lower","16.5",NA,NA,NA,NA,NA,NA,"white",363,46,48,NA,NA,NA,"X",NA,NA,NA,NA,NA,NA,NA,NA,NA,NA,NA,NA,NA,NA
2024-01-31,"SY",2023,2023-06-03,NA,"TM2","lower","16.5",NA,NA,NA,NA,NA,NA,"white",674,NA,NA,NA,NA,NA,"X",NA,NA,NA,NA,NA,NA,NA,NA,NA,NA,NA,NA,NA,NA
2024-01-31,"SY",2023,2023-06-03,NA,"TM2","lower","17.5",NA,NA,NA,NA,NA,NA,"white",345,50,31,NA,NA,NA,"X",NA,NA,NA,NA,NA,NA,NA,NA,NA,NA,NA,NA,NA,NA
2024-01-31,"SY",2023,2023-06-03,NA,"TM2","lower","17.5",NA,NA,NA,NA,NA,NA,"white",680,30,38,NA,NA,NA,"X",NA,NA,NA,NA,NA,NA,NA,NA,NA,NA,NA,NA,NA,NA
2024-01-31,"SY",2023,2023-06-03,NA,"TM2","lower","18.0",NA,NA,NA,NA,NA,NA,"white",604,27,10,NA,NA,NA,"X",NA,NA,NA,NA,NA,NA,NA,NA,NA,NA,NA,NA,NA,NA
2024-01-31,"SY",2023,2023-06-03,NA,"TM2","lower","18.0",NA,NA,NA,NA,NA,NA,"white",487,0,5,NA,NA,NA,"X",NA,NA,NA,NA,NA,NA,NA,NA,NA,NA,NA,NA,NA,NA
2024-01-31,"SY",2023,2023-06-03,NA,"TM2","lower","18.5",NA,NA,NA,NA,NA,NA,"white",897,39,34,"5.55","29.9",NA,"P","0.0","17.0",8.2,3,3,NA,"Y",NA,NA,NA,NA,NA,NA,5.55
2024-01-31,"SY",2023,2023-06-03,NA,"TM2","lower","18.5",NA,NA,NA,NA,NA,NA,"white",657,25,22,NA,NA,NA,"X",NA,NA,NA,NA,NA,NA,NA,NA,NA,NA,NA,NA,NA,NA
2024-01-31,"SY",2023,2023-06-03,NA,"TM2","lower","18.5",NA,NA,NA,NA,NA,NA,"white",880,30,7,NA,NA,NA,"X",NA,NA,NA,NA,NA,NA,NA,NA,NA,NA,NA,NA,NA,NA
2024-01-31,"SY",2023,2023-06-03,NA,"TM2","lower","18.5",NA,NA,NA,NA,NA,NA,"white",834,50,19,NA,NA,NA,"X",NA,NA,NA,NA,NA,NA,NA,NA,NA,NA,NA,NA,NA,NA
2024-01-31,"SY",2023,2023-06-03,NA,"TM2","lower","14.0",NA,NA,NA,NA,NA,NA,"white",NA,NA,NA,"0.75","9.1",NA,"P","0.0","1.0",1.8,1,1,NA,"N",NA,NA,NA,NA,NA,NA,0.5
2024-01-31,"SY",2023,2023-06-03,NA,"TM2","lower","14.0",NA,NA,NA,NA,NA,NA,"red",159,45,10,"1.13","20.5",NA,"P","0.0","4.0",4.4,1,1,NA,"Y",NA,NA,NA,NA,NA,NA,1.13
2024-01-31,"SY",2023,2023-06-03,NA,"TM2","lower","14.0",NA,NA,NA,NA,NA,NA,NA,NA,NA,NA,"0.98","12.7",NA,"P","0.0","2.0",2.3,1,1,NA,"N",NA,NA,NA,NA,NA,NA,0.5
2024-01-31,"SY",2023,2023-06-03,NA,"TM2","lower","14.0",NA,NA,NA,NA,NA,NA,NA,NA,NA,NA,"0.69","7.5",NA,"P","0.0","1.0",0.3,1,1,NA,"N",NA,NA,NA,NA,NA,NA,0.5
2024-01-31,"SY",2023,2023-06-03,NA,"TM2","lower","14.0",NA,NA,NA,NA,NA,NA,NA,NA,NA,NA,"0.93","8.8",NA,"F","1.0","0.0",NA,1,1,NA,"N",NA,NA,NA,NA,NA,NA,0.5
2024-01-31,"SY",2023,2023-06-03,NA,"TM2","lower","14.0",NA,NA,NA,NA,NA,NA,NA,NA,NA,NA,"0.82","10.6",NA,"P","0.0","1.0",2.2,1,1,NA,"N",NA,NA,NA,NA,NA,NA,0.5
2024-01-31,"SY",2023,2023-06-03,NA,"TM2","lower","14.0",NA,NA,NA,NA,NA,NA,NA,NA,NA,NA,"0.98","14.8",NA,"P","0.0","1.0",2.8,1,1,NA,"N",NA,NA,NA,NA,NA,NA,0.5
2024-01-31,"SY",2023,2023-06-03,NA,"TM2","lower","14.0",NA,NA,NA,NA,NA,NA,NA,NA,NA,NA,"0.74","14.6",NA,"P","0.0","2.0",3.7,1,1,NA,"N",NA,NA,NA,NA,NA,NA,0.5
2024-01-31,"SY",2023,2023-06-03,NA,"TM2","lower","14.0",NA,NA,NA,NA,NA,NA,NA,NA,NA,NA,"0.81","12.0",NA,"P","0.0","2.0",3.3,1,1,NA,"N",NA,NA,NA,NA,NA,NA,0.5
2024-01-31,"SY",2023,2023-06-03,NA,"TM2","lower","14.0",NA,NA,NA,NA,NA,NA,NA,NA,NA,NA,"0.54","10.6",NA,"F","0.0","0.0",NA,1,1,NA,"N",NA,NA,NA,NA,NA,NA,0.5
2024-01-31,"SY",2023,2023-06-03,NA,"TM2","lower","14.0",NA,NA,NA,NA,NA,NA,"red",794,40,29,"1.47","30.8",NA,"P","0.0","3.0",5.3,1,1,NA,"N",NA,NA,NA,NA,NA,NA,1.47
2024-01-31,"SY",2023,2023-06-03,NA,"TM2","lower","14.0",NA,NA,NA,NA,NA,NA,NA,NA,NA,NA,"0.73","14.5",NA,"P","0.0","2.0",1.6,1,1,NA,"N",NA,NA,NA,NA,NA,NA,0.5
2024-01-31,"SY",2023,2023-06-03,NA,"TM2","lower","14.0",NA,NA,NA,NA,NA,NA,NA,NA,NA,NA,"0.44","4.9",NA,"B",NA,NA,NA,1,1,NA,"N",NA,NA,NA,NA,NA,NA,0.5
2024-01-31,"SY",2023,2023-06-03,NA,"TM2","lower","14.0",NA,NA,NA,NA,NA,NA,NA,NA,NA,NA,"0.69","10.1",NA,"F","0.0","0.0",NA,1,1,NA,"N",NA,NA,NA,NA,NA,NA,0.5
2024-01-31,"SY",2023,2023-06-03,NA,"TM2","lower","14.0",NA,NA,NA,NA,NA,NA,NA,NA,NA,NA,"0.46","9.1",NA,"P","0.0","1.0",0.7,1,1,NA,"Y",NA,NA,NA,NA,NA,NA,0.5
2024-01-31,"SY",2023,2023-06-03,NA,"TM2","lower","14.0",NA,NA,NA,NA,NA,NA,NA,NA,NA,NA,"0.71","8.7",NA,"P","0.0","2.0",1.9,1,1,NA,"N",NA,NA,NA,NA,NA,NA,0.5
2024-01-31,"SY",2023,2023-06-03,NA,"TM2","lower","14.0",NA,NA,NA,NA,NA,NA,NA,NA,NA,NA,"0.71","9.9",NA,"P","0.0","1.0",1.7,1,1,NA,"N",NA,NA,NA,NA,NA,NA,0.5
2024-01-31,"SY",2023,2023-06-03,NA,"TM2","lower","14.0",NA,NA,NA,NA,NA,NA,NA,NA,NA,NA,"0.59","6.3",NA,"F","1.0","0.0",NA,1,1,NA,"N",NA,NA,NA,NA,NA,NA,0.5
2024-01-31,"SY",2023,2023-06-03,NA,"TM2","lower","3.0",NA,NA,NA,NA,NA,NA,"red",780,10,15,"1.49","25.5",NA,"P","0.0","9.0",4.8,1,1,NA,"Y",NA,NA,NA,NA,NA,NA,1.49
2024-01-31,"SY",2023,2023-06-03,NA,"TM2","lower","3.0",NA,NA,NA,NA,NA,NA,"red",229,13,15,"1.64","37.0",NA,"P","0.0","5.0",4.2,1,1,NA,"N",NA,NA,NA,NA,NA,NA,1.64
2024-01-31,"SY",2023,2023-06-03,NA,"TM2","lower","3.0",NA,NA,NA,NA,NA,NA,"red",286,17,12,"1.0","24.7",NA,"P","0.0","2.0",6,1,1,NA,"N",NA,NA,NA,NA,NA,NA,1
2024-01-31,"SY",2023,2023-06-03,NA,"TM2","lower","3.0",NA,NA,NA,NA,NA,NA,NA,NA,NA,NA,"0.65","9.0",NA,"P","1.0","1.0",1,1,1,NA,"N",NA,NA,NA,NA,NA,NA,0.5
2024-01-31,"SY",2023,2023-06-03,NA,"TM2","lower","3.0",NA,NA,NA,NA,NA,NA,NA,NA,NA,NA,"0.53","5.5",NA,"P","0.0","1.0",1.7,1,1,NA,"N",NA,NA,NA,NA,NA,NA,0.5
2024-01-31,"SY",2023,2023-06-03,NA,"TM2","lower","3.0",NA,NA,NA,NA,NA,NA,NA,NA,NA,NA,"0.85","23.0",NA,"P","0.0","2.0",5.2,1,1,NA,"N",NA,NA,NA,NA,NA,NA,0.5
2024-01-31,"SY",2023,2023-06-03,NA,"TM2","lower","3.0",NA,NA,NA,NA,NA,NA,NA,NA,NA,NA,"0.7","12.0",NA,"P","0.0","1.0",3.3,1,1,NA,"N",NA,NA,NA,NA,NA,NA,0.5
2024-01-31,"SY",2023,2023-06-03,NA,"TM2","lower","3.0",NA,NA,NA,NA,NA,NA,"red",12,15,19,"3.09","44.0",NA,"P","7.0","26.0",9,1,1,NA,"Y",NA,NA,NA,NA,NA,NA,3.09
2024-01-31,"SY",2023,2023-06-03,NA,"TM2","lower","3.0",NA,NA,NA,NA,NA,NA,NA,NA,NA,NA,"0.8","7.0",NA,"P","0.0","1.0",3.9,1,1,NA,"N",NA,NA,NA,NA,NA,NA,0.5
2024-01-31,"SY",2023,2023-06-03,NA,"TM2","lower","3.0",NA,NA,NA,NA,NA,NA,NA,NA,NA,NA,"0.46","9.0",NA,"P","1.0","1.0",1,1,1,NA,"N",NA,NA,NA,NA,NA,NA,0.5
2024-01-31,"SY",2023,2023-06-03,NA,"TM2","lower","3.0",NA,NA,NA,NA,NA,NA,NA,NA,NA,NA,"0.82","7.5",NA,"F","1.0","0.0",NA,1,1,NA,"N",NA,NA,NA,NA,NA,NA,0.5
2024-01-31,"SY",2023,2023-06-03,NA,"TM2","lower","3.0",NA,NA,NA,NA,NA,NA,NA,NA,NA,NA,"0.92","18.0",NA,"P","0.0","2.0",4.4,1,1,NA,"N",NA,NA,NA,NA,NA,NA,0.5
2024-01-31,"SY",2023,2023-06-03,NA,"TM2","lower","3.0",NA,NA,NA,NA,NA,NA,"red",584,20,30,"1.27","34.0",NA,"P","0.0","4.0",6.4,1,1,NA,"Y",NA,NA,NA,NA,NA,NA,1.27
2024-01-31,"SY",2023,2023-06-03,NA,"TM2","lower","3.0",NA,NA,NA,NA,NA,NA,"red",299,38,14,"1.49","24.5",NA,"P","0.0","5.0",5.6,1,1,NA,"N",NA,NA,NA,NA,NA,NA,1.49
2024-01-31,"SY",2023,2023-06-03,NA,"TM2","lower","3.5",NA,NA,NA,NA,NA,NA,"red",282,6,11,"1.37","20.5",NA,"P","0.0","5.0",6.2,1,1,NA,"N",NA,NA,NA,NA,NA,NA,1.37
2024-01-31,"SY",2023,2023-06-03,NA,"TM2","lower","3.5",NA,NA,NA,NA,NA,NA,"red",867,10,5,"1.57","30.0",NA,"P","0.0","12.0",6,1,1,NA,"N",NA,NA,NA,NA,NA,NA,1.57
2024-01-31,"SY",2023,2023-06-03,NA,"TM2","lower","3.5",NA,NA,NA,NA,NA,NA,"red",205,18,6,"1.33","22.6",NA,"P","0.0","6.0",6.2,1,1,NA,"N",NA,NA,NA,NA,NA,NA,1.33
2024-01-31,"SY",2023,2023-06-03,NA,"TM2","lower","3.5",NA,NA,NA,NA,NA,NA,"red",856,14,17,"1.34","13.2",NA,"P","2.0","4.0",3.4,1,1,NA,"N",NA,NA,NA,NA,NA,NA,1.34
2024-01-31,"SY",2023,2023-06-03,NA,"TM2","lower","3.5",NA,NA,NA,NA,NA,NA,"red",402,49,5,"2.2","41.0",NA,"P","0.0","12.0",6.5,1,1,NA,"Y",NA,NA,NA,NA,NA,NA,2.2
2024-01-31,"SY",2023,2023-06-03,NA,"TM2","lower","3.5",NA,NA,NA,NA,NA,NA,"red",276,39,3,"1.62","22.0",NA,"P","2.0","2.0",4.2,1,1,NA,"N",NA,NA,NA,NA,NA,NA,1.62
2024-01-31,"SY",2023,2023-06-03,NA,"TM2","lower","4.0",NA,NA,NA,NA,NA,NA,NA,NA,NA,NA,NA,NA,NA,"X",NA,NA,NA,NA,NA,NA,NA,NA,NA,NA,NA,NA,NA,NA
2024-01-31,"SY",2023,2023-06-03,NA,"TM2","lower","4.0",NA,NA,NA,NA,NA,NA,NA,NA,NA,NA,NA,NA,NA,"X",NA,NA,NA,NA,NA,NA,NA,NA,NA,NA,NA,NA,NA,NA
2024-01-31,"SY",2023,2023-06-03,NA,"TM2","lower","4.0",NA,NA,NA,NA,NA,NA,"white",253,NA,NA,NA,NA,NA,"X",NA,NA,NA,NA,NA,NA,NA,NA,NA,NA,NA,NA,NA,NA
2024-01-31,"SY",2023,2023-06-03,NA,"TM2","lower","4.0",NA,NA,NA,NA,NA,NA,NA,NA,NA,NA,"0.8","14.5",NA,"P","1.0","3.0",4,1,1,NA,"N",NA,NA,NA,NA,NA,NA,0.5
2024-01-31,"SY",2023,2023-06-03,NA,"TM2","lower","4.5",NA,NA,NA,NA,NA,NA,NA,NA,NA,NA,"0.93","10.6",NA,"P","2.0","2.0",2.7,1,1,NA,"N",NA,NA,NA,NA,NA,NA,0.5
2024-02-01,"SHS",2023,2023-06-03,NA,"TM2","lower","4.5",NA,NA,NA,NA,NA,NA,NA,NA,NA,NA,"0.71","11.2",NA,"P","0.0","2.0",2.4,1,1,NA,"N",NA,NA,NA,NA,NA,NA,0.5
2024-02-01,"SHS",2023,2023-06-03,NA,"TM2","lower","4.5",NA,NA,NA,NA,NA,NA,NA,NA,NA,NA,"0.68","11.6",NA,"P","2.0","2.0",3.8,1,1,NA,"N",NA,NA,NA,NA,NA,NA,0.5
2024-02-01,"SHS",2023,2023-06-03,NA,"TM2","lower","4.5",NA,NA,NA,NA,NA,NA,"red",140,16,35,"1.02","19.0",NA,"P","0.0","6.0",6,1,1,NA,"N",NA,NA,NA,NA,NA,NA,1.02
2024-02-01,"SHS",2023,2023-06-03,NA,"TM2","lower","4.5",NA,NA,NA,NA,NA,NA,NA,NA,NA,NA,"0.39","9.5",NA,"P","0.0","2.0",4.1,1,1,NA,"N",NA,NA,NA,NA,NA,NA,0.5
2024-02-01,"SHS",2023,2023-06-03,NA,"TM2","lower","4.5",NA,NA,NA,NA,NA,NA,"red",123,30,25,"1.17","18.0",NA,"P","1.0","8.0",5.8,1,1,NA,"N",NA,NA,NA,NA,NA,NA,1.17
2024-02-01,"SHS",2023,2023-06-03,NA,"TM2","lower","4.5",NA,NA,NA,NA,NA,NA,"red",580,45,20,"1.23","24.1",NA,"P","0.0","11.0",7,1,2,NA,"Y",NA,NA,NA,NA,NA,NA,1.23
2024-02-01,"SHS",2023,2023-06-03,NA,"TM2","lower","4.5",NA,NA,NA,NA,NA,NA,NA,NA,NA,NA,"0.86","20.0",NA,"P","0.0","3.0",4.9,1,1,NA,"N",NA,NA,NA,NA,NA,NA,0.5
2024-02-01,"SHS",2023,2023-06-03,NA,"TM2","lower","5.0",NA,NA,NA,NA,NA,NA,NA,NA,NA,NA,"0.85","13.0",NA,"P","0.0","1.0",4,1,1,NA,"Y",NA,NA,NA,NA,NA,NA,0.5
2024-02-01,"SHS",2023,2023-06-03,NA,"TM2","lower","5.0",NA,NA,NA,NA,NA,NA,NA,NA,NA,NA,NA,NA,NA,"X",NA,NA,NA,NA,NA,NA,NA,NA,NA,NA,NA,NA,NA,NA
2024-02-01,"SHS",2023,2023-06-03,NA,"TM2","lower","5.0",NA,NA,NA,NA,NA,NA,"red",119,40,5,"2.18","29.4",NA,"P","0.0","9.0",6.5,1,1,NA,"N",NA,NA,NA,NA,NA,NA,2.18
2024-02-01,"SHS",2023,2023-06-03,NA,"TM2","lower","5.0",NA,NA,NA,NA,NA,NA,"red",275,23,14,"1.32","28.0",NA,"P","0.0","7.0",6,1,1,NA,"N",NA,NA,NA,NA,NA,NA,1.32
2024-02-01,"SHS",2023,2023-06-03,NA,"TM2","lower","5.0",NA,NA,NA,NA,NA,NA,NA,NA,NA,NA,"0.79","14.2",NA,"P","0.0","2.0",4.2,1,1,NA,"N",NA,NA,NA,NA,NA,NA,0.5
2024-02-01,"SHS",2023,2023-06-03,NA,"TM2","lower","5.0",NA,NA,NA,NA,NA,NA,NA,NA,NA,NA,"0.99","15.5",NA,"P","0.0","4.0",5.7,1,1,NA,"Y",NA,NA,NA,NA,NA,NA,0.5
2024-02-01,"SHS",2023,2023-06-03,NA,"TM2","lower","5.0",NA,NA,NA,NA,NA,NA,NA,NA,NA,NA,"0.6","16.0",NA,"P","0.0","2.0",3.6,1,1,NA,"N",NA,NA,NA,NA,NA,NA,0.5
2024-02-01,"SHS",2023,2023-06-03,NA,"TM2","lower","5.0",NA,NA,NA,NA,NA,NA,"red",262,35,43,"1.23","21.5",NA,"P","0.0","5.0",5.1,1,1,NA,"N",NA,NA,NA,NA,NA,NA,1.23
2024-02-01,"SHS",2023,2023-06-03,NA,"TM2","lower","5.0",NA,NA,NA,NA,NA,NA,NA,NA,NA,NA,"0.84","10.3",NA,"P","0.0","1.0",2,1,1,NA,"N",NA,NA,NA,NA,NA,NA,0.5
2024-02-01,"SHS",2023,2023-06-03,NA,"TM2","lower","5.0",NA,NA,NA,NA,NA,NA,NA,NA,NA,NA,"0.53","11.4",NA,"P","0.0","1.0",3.7,1,1,NA,"Y",NA,NA,NA,NA,NA,NA,0.5
2024-02-01,"SHS",2023,2023-06-03,NA,"TM2","lower","5.0",NA,NA,NA,NA,NA,NA,"red",403,45,44,"1.72","26.5",NA,"P","0.0","6.0",7,1,1,NA,"N",NA,NA,NA,NA,NA,NA,1.72
2024-02-01,"SHS",2023,2023-06-03,NA,"TM2","lower","5.0",NA,NA,NA,NA,NA,NA,"red",295,45,45,"1.8","34.5",NA,"P","0.0","9.0",6.7,1,1,NA,"N",NA,NA,NA,NA,NA,NA,1.8
2024-02-01,"SHS",2023,2023-06-03,NA,"TM2","lower","5.0",NA,NA,NA,NA,NA,NA,"red",155,18,50,"1.68","24.0",NA,"P","0.0","12.0",6.5,1,1,NA,"N",NA,NA,NA,NA,NA,NA,1.68
2024-02-01,"SHS",2023,2023-06-03,NA,"TM2","lower","5.0",NA,NA,NA,NA,NA,NA,NA,NA,NA,NA,"0.94","19.0",NA,"P","0.0","7.0",5.8,1,1,NA,"Y",NA,NA,NA,NA,NA,NA,0.5
2024-02-01,"SHS",2023,2023-06-03,NA,"TM2","lower","5.0",NA,NA,NA,NA,NA,NA,NA,NA,NA,NA,NA,NA,NA,"X",NA,NA,NA,NA,NA,NA,NA,NA,NA,NA,NA,NA,NA,NA
2024-02-01,"SHS",2023,2023-06-03,NA,"TM2","lower","5.5",NA,NA,NA,NA,NA,NA,NA,NA,NA,NA,"0.46","21.0",NA,"P","0.0","4.0",4.3,2,2,NA,"Y",NA,NA,NA,NA,NA,NA,0.5
2024-02-01,"SHS",2023,2023-06-03,NA,"TM2","lower","5.5",NA,NA,NA,NA,NA,NA,NA,NA,NA,NA,NA,NA,NA,"X",NA,NA,NA,NA,NA,NA,NA,NA,NA,NA,NA,NA,NA,NA
2024-02-01,"SHS",2023,2023-06-03,NA,"TM2","lower","5.5",NA,NA,NA,NA,NA,NA,NA,NA,NA,NA,"0.54","11.5",NA,"P","0.0","1.0",3.1,1,1,NA,"N",NA,NA,NA,NA,NA,NA,0.5
2024-02-01,"SHS",2023,2023-06-03,NA,"TM2","lower","5.5",NA,NA,NA,NA,NA,NA,"red",240,15,49,"1.76","38.0",NA,"P","0.0","13.0",6.9,1,1,NA,"N",NA,NA,NA,NA,NA,NA,1.76
2024-02-01,"SHS",2023,2023-06-03,NA,"TM2","lower","5.5",NA,NA,NA,NA,NA,NA,"red",592,29,24,"2.02","51.0",NA,"P","0.0","19.0",8,1,1,NA,"N",NA,NA,NA,NA,NA,NA,2.02
2024-02-01,"SHS",2023,2023-06-03,NA,"TM2","lower","5.5",NA,NA,NA,NA,NA,NA,"red",206,35,44,"1.23","22.0",NA,"P","0.0","2.0",3.5,1,1,NA,"N",NA,NA,NA,NA,NA,NA,1.23
2024-02-01,"SHS",2023,2023-06-03,NA,"TM2","lower","5.5",NA,NA,NA,NA,NA,NA,NA,NA,NA,NA,"0.97","23.5",NA,"P","0.0","2.0",5,1,1,NA,"N",NA,NA,NA,NA,NA,NA,0.5
2024-02-01,"SHS",2023,2023-06-03,NA,"TM2","lower","6.0",NA,NA,NA,NA,NA,NA,NA,NA,NA,NA,"0.59","13.0",NA,"P","0.0","1.0",4,1,1,NA,"Y",NA,NA,NA,NA,NA,NA,0.5
2024-02-01,"SHS",2023,2023-06-03,NA,"TM2","lower","6.0",NA,NA,NA,NA,NA,NA,"red",225,10,12,"1.58","21.0",NA,"P","1.0","5.0",6,1,1,NA,"Y",NA,NA,NA,NA,NA,NA,1.58
2024-02-01,"SHS",2023,2023-06-03,NA,"TM2","lower","6.0",NA,NA,NA,NA,NA,NA,NA,NA,NA,NA,"0.5","6.3",NA,"V",NA,NA,NA,1,1,"3.3","N",NA,NA,NA,NA,NA,NA,0.5
2024-02-01,"SHS",2023,2023-06-03,NA,"TM2","lower","6.0",NA,NA,NA,NA,NA,NA,"red",279,10,21,"1.83","33.0",NA,"P","0.0","11.0",6.8,1,1,NA,"Y",NA,NA,NA,NA,NA,NA,1.83
2024-02-01,"SHS",2023,2023-06-03,NA,"TM2","lower","6.0",NA,NA,NA,NA,NA,NA,NA,NA,NA,NA,"0.97","17.8",NA,"P","0.0","2.0",5.4,1,1,NA,"N",NA,NA,NA,NA,NA,NA,0.5
2024-02-01,"SHS",2023,2023-06-03,NA,"TM2","lower","6.0",NA,NA,NA,NA,NA,NA,"red",277,18,14,"1.53","17.2",NA,"P","0.0","8.0",7,1,1,NA,"N",NA,NA,NA,NA,NA,NA,1.53
2024-02-01,"SHS",2023,2023-06-03,NA,"TM2","lower","6.0",NA,NA,NA,NA,NA,NA,"red",157,16,22,"2.16","43.0",NA,"P","0.0","31.0",8,1,1,NA,"Y",NA,NA,NA,NA,NA,NA,2.16
2024-02-01,"SHS",2023,2023-06-03,NA,"TM2","lower","6.0",NA,NA,NA,NA,NA,NA,"red",595,15,18,"1.13","15.8",NA,"P","1.0","1.0",4.3,1,1,NA,"N",NA,NA,NA,NA,NA,NA,1.13
2024-02-01,"SHS",2023,2023-06-03,NA,"TM2","lower","6.0",NA,NA,NA,NA,NA,NA,NA,NA,NA,NA,"0.57","16.0",NA,"P","0.0","2.0",4.1,1,1,NA,"N",NA,NA,NA,NA,NA,NA,0.5
2024-02-01,"SHS",2023,2023-06-03,NA,"TM2","lower","6.0",NA,NA,NA,NA,NA,NA,NA,NA,NA,NA,"0.5","12.0",NA,"P","0.0","1.0",2.8,1,1,NA,"N",NA,NA,NA,NA,NA,NA,0.5
2024-02-01,"SHS",2023,2023-06-03,NA,"TM2","lower","6.0",NA,NA,NA,NA,NA,NA,"red",885,34,37,"1.34","31.2",NA,"P","0.0","1-",7.1,1,1,NA,"N",NA,NA,NA,NA,NA,NA,1.34
2024-02-01,"SHS",2023,2023-06-03,NA,"TM2","lower","6.0",NA,NA,NA,NA,NA,NA,NA,NA,NA,NA,"0.75","15.0",NA,"P","0.0","3.0",4.9,1,1,NA,"N",NA,NA,NA,NA,NA,NA,0.5
2024-02-01,"SHS",2023,2023-06-03,NA,"TM2","lower","6.5",NA,NA,NA,NA,NA,NA,NA,NA,NA,NA,"0.86","17.0",NA,"P","0.0","4.0",5.8,1,1,NA,"Y",NA,NA,NA,NA,NA,NA,0.5
2024-02-01,"SHS",2023,2023-06-03,NA,"TM2","lower","6.5",NA,NA,NA,NA,NA,NA,NA,NA,NA,NA,"0.95","15.1",NA,"P","0.0","3.0",4.3,1,1,NA,"N",NA,NA,NA,NA,NA,NA,0.5
2024-02-01,"SHS",2023,2023-06-03,NA,"TM2","lower","6.5",NA,NA,NA,NA,NA,NA,NA,NA,NA,NA,"0.44","9.3",NA,"P","0.0","1.0",2.1,1,1,NA,"N",NA,NA,NA,NA,NA,NA,0.5
2024-02-01,"SHS",2023,2023-06-03,NA,"TM2","lower","6.5",NA,NA,NA,NA,NA,NA,NA,NA,NA,NA,"0.98","17.2",NA,"P","0.0","3.0",6,1,1,NA,"Y",NA,NA,NA,NA,NA,NA,0.5
2024-02-01,"SHS",2023,2023-06-03,NA,"TM2","lower","6.5",NA,NA,NA,NA,NA,NA,NA,NA,NA,NA,"0.64","14.5",NA,"P","0.0","2.0",4,1,1,NA,"N",NA,NA,NA,NA,NA,NA,0.5
2024-02-01,"SHS",2023,2023-06-03,NA,"TM2","lower","6.5",NA,NA,NA,NA,NA,NA,NA,NA,NA,NA,"0.98","17.3",NA,"P","0.0","4.0",5.4,1,1,NA,"N",NA,NA,NA,NA,NA,NA,0.5
2024-02-01,"SHS",2023,2023-06-03,NA,"TM2","lower","6.5",NA,NA,NA,NA,NA,NA,NA,NA,NA,NA,"0.61","14.2",NA,"P","0.0","3.0",3.7,1,1,NA,"N",NA,NA,NA,NA,NA,NA,0.5
2024-02-01,"SHS",2023,2023-06-03,NA,"TM2","lower","6.5",NA,NA,NA,NA,NA,NA,NA,NA,NA,NA,"0.86","17.6",NA,"P","0.0","3.0",6,1,1,NA,"N",NA,NA,NA,NA,NA,NA,0.5
2024-02-01,"SHS",2023,2023-06-03,NA,"TM2","lower","6.5",NA,NA,NA,NA,NA,NA,NA,NA,NA,NA,"0.7","13.7",NA,"P","0.0","3.0",4.6,1,1,NA,"N",NA,NA,NA,NA,NA,NA,0.5
2024-02-07,"MCW",2023,2023-06-03,NA,"TM2","lower","7.0",NA,NA,NA,NA,NA,NA,NA,NA,NA,NA,NA,NA,NA,"X",NA,NA,NA,NA,NA,NA,NA,NA,NA,NA,NA,NA,NA,NA
2024-02-07,"MCW",2023,2023-06-03,NA,"TM2","lower","7.0",NA,NA,NA,NA,NA,NA,NA,NA,NA,NA,"0.44","11.5",NA,"P","0.0","1.0",3.1,1,1,NA,"N",NA,NA,NA,NA,NA,NA,0.5
2024-02-07,"MCW",2023,2023-06-03,NA,"TM2","lower","7.0",NA,NA,NA,NA,NA,NA,NA,NA,NA,NA,"0.69","14.1",NA,"P","0.0","3.0",4.1,1,1,NA,"N",NA,NA,NA,NA,NA,NA,0.5
2024-02-07,"MCW",2023,2023-06-03,NA,"TM2","lower","7.0",NA,NA,NA,NA,NA,NA,NA,NA,NA,NA,"0.86","17.5",NA,"P","0.0","3.0",4,1,1,NA,"N",NA,NA,NA,NA,NA,NA,0.5
2024-02-07,"MCW",2023,2023-06-03,NA,"TM2","lower","7.0",NA,NA,NA,NA,NA,NA,NA,NA,NA,NA,"0.39","10.1",NA,"P","0.0","1.0",2.2,1,1,NA,"N",NA,NA,NA,NA,NA,NA,0.5
2024-02-07,"MCW",2023,2023-06-03,NA,"TM2","lower","7.0",NA,NA,NA,NA,NA,NA,NA,NA,NA,NA,"0.58","14.5",NA,"P","1.0","2.0",4,1,1,NA,"N",NA,NA,NA,NA,NA,NA,0.5
2024-02-07,"MCW",2023,2023-06-03,NA,"TM2","lower","7.0",NA,NA,NA,NA,NA,NA,NA,NA,NA,NA,"0.7","14.0",NA,"P","0.0","3.0",4.5,1,1,NA,"N",NA,NA,NA,NA,NA,NA,0.5
2024-02-07,"MCW",2023,2023-06-03,NA,"TM2","lower","7.0",NA,NA,NA,NA,NA,NA,NA,NA,NA,NA,"0.49","10.9",NA,"P","0.0","1.0",3.5,1,1,NA,"Y",NA,NA,NA,NA,NA,NA,0.5
2024-02-07,"MCW",2023,2023-06-03,NA,"TM2","lower","7.0",NA,NA,NA,NA,NA,NA,"red",245,30,48,"2.0","24.0",NA,"P","0.0","5.0",5.8,1,1,NA,"N",NA,NA,NA,NA,NA,NA,2
2024-02-07,"MCW",2023,2023-06-03,NA,"TM2","lower","7.5",NA,NA,NA,NA,NA,NA,NA,NA,NA,NA,NA,NA,NA,"X",NA,NA,NA,NA,NA,NA,NA,NA,NA,NA,NA,NA,NA,NA
2024-02-07,"MCW",2023,2023-06-03,NA,"TM2","lower","7.5",NA,NA,NA,NA,NA,NA,NA,NA,NA,NA,NA,NA,NA,"X",NA,NA,NA,NA,NA,NA,NA,NA,NA,NA,NA,NA,NA,NA
2024-02-07,"MCW",2023,2023-06-03,NA,"TM2","lower","7.5",NA,NA,NA,NA,NA,NA,NA,NA,NA,NA,NA,NA,NA,"X",NA,NA,NA,NA,NA,NA,NA,NA,NA,NA,NA,NA,NA,NA
2024-02-07,"MCW",2023,2023-06-03,NA,"TM2","lower","7.5",NA,NA,NA,NA,NA,NA,NA,NA,NA,NA,NA,NA,NA,"X",NA,NA,NA,NA,NA,NA,NA,NA,NA,NA,NA,NA,NA,NA
2024-02-07,"MCW",2023,2023-06-03,NA,"TM2","lower","7.5",NA,NA,NA,NA,NA,NA,NA,NA,NA,NA,NA,NA,NA,"X",NA,NA,NA,NA,NA,NA,NA,NA,NA,NA,NA,NA,NA,NA
2024-02-07,"MCW",2023,2023-06-03,NA,"TM2","lower","7.5",NA,NA,NA,NA,NA,NA,NA,NA,NA,NA,NA,NA,NA,"X",NA,NA,NA,NA,NA,NA,NA,NA,NA,NA,NA,NA,NA,NA
2024-02-07,"MCW",2023,2023-06-03,NA,"TM2","lower","7.5",NA,NA,NA,NA,NA,NA,NA,NA,NA,NA,NA,NA,NA,"X",NA,NA,NA,NA,NA,NA,NA,NA,NA,NA,NA,NA,NA,NA
2024-02-07,"MCW",2023,2023-06-03,NA,"TM2","lower","7.5",NA,NA,NA,NA,NA,NA,NA,NA,NA,NA,NA,NA,NA,"X",NA,NA,NA,NA,NA,NA,NA,NA,NA,NA,NA,NA,NA,NA
2024-02-07,"MCW",2023,2023-06-03,NA,"TM2","lower","7.5",NA,NA,NA,NA,NA,NA,NA,NA,NA,NA,NA,NA,NA,"X",NA,NA,NA,NA,NA,NA,NA,NA,NA,NA,NA,NA,NA,NA
2024-02-07,"MCW",2023,2023-06-03,NA,"TM2","lower","7.5",NA,NA,NA,NA,NA,NA,NA,NA,NA,NA,NA,NA,NA,"X",NA,NA,NA,NA,NA,NA,NA,NA,NA,NA,NA,NA,NA,NA
2024-02-07,"MCW",2023,2023-06-03,NA,"TM2","lower","7.5",NA,NA,NA,NA,NA,NA,NA,NA,NA,NA,NA,NA,NA,"X",NA,NA,NA,NA,NA,NA,NA,NA,NA,NA,NA,NA,NA,NA
2024-02-07,"MCW",2023,2023-06-03,NA,"TM2","lower","7.5",NA,NA,NA,NA,NA,NA,NA,NA,NA,NA,NA,NA,NA,"X",NA,NA,NA,NA,NA,NA,NA,NA,NA,NA,NA,NA,NA,NA
2024-02-07,"MCW",2023,2023-06-03,NA,"TM2","lower","7.5",NA,NA,NA,NA,NA,NA,NA,NA,NA,NA,NA,NA,NA,"X",NA,NA,NA,NA,NA,NA,NA,NA,NA,NA,NA,NA,NA,NA
2024-02-07,"MCW",2023,2023-06-03,NA,"TM2","lower","7.5",NA,NA,NA,NA,NA,NA,NA,NA,NA,NA,NA,NA,NA,"X",NA,NA,NA,NA,NA,NA,NA,NA,NA,NA,NA,NA,NA,NA
2024-02-07,"MCW",2023,2023-06-03,NA,"TM2","lower","7.5",NA,NA,NA,NA,NA,NA,NA,NA,NA,NA,NA,NA,NA,"X",NA,NA,NA,NA,NA,NA,NA,NA,NA,NA,NA,NA,NA,NA
2024-02-07,"MCW",2023,2023-06-03,NA,"TM2","lower","7.5",NA,NA,NA,NA,NA,NA,NA,NA,NA,NA,NA,NA,NA,"X",NA,NA,NA,NA,NA,NA,NA,NA,NA,NA,NA,NA,NA,NA
2024-02-07,"MCW",2023,2023-06-03,NA,"TM2","lower","7.5",NA,NA,NA,NA,NA,NA,NA,NA,NA,NA,NA,NA,NA,"X",NA,NA,NA,NA,NA,NA,NA,NA,NA,NA,NA,NA,NA,NA
2024-02-07,"MCW",2023,2023-06-03,NA,"TM2","lower","7.5",NA,NA,NA,NA,NA,NA,"red",249,NA,NA,"9.36","42.0",NA,"P","0.0","108.0",6.6,6,6,NA,"Y",NA,NA,NA,NA,NA,NA,9.36
2024-02-07,"MCW",2023,2023-06-03,NA,"TM2","lower","7.5",NA,NA,NA,NA,NA,NA,NA,NA,NA,NA,"0.28","4.5",NA,"V",NA,NA,NA,1,1,"0.5","N",NA,NA,NA,NA,NA,NA,0.5
2024-02-07,"MCW",2023,2023-06-03,NA,"TM2","lower","7.5",NA,NA,NA,NA,NA,NA,NA,NA,NA,NA,"0.35","2.2",NA,"V",NA,NA,NA,1,1,"0.5","N",NA,NA,NA,NA,NA,NA,0.5
2024-02-07,"MCW",2023,2023-06-03,NA,"TM2","lower","7.5",NA,NA,NA,NA,NA,NA,NA,NA,NA,NA,"0.39","15.9",NA,"P","0.0","2.0",2.2,1,1,NA,"N",NA,NA,NA,NA,NA,NA,0.5
2024-02-07,"MCW",2023,2023-06-03,NA,"TM2","lower","7.5",NA,NA,NA,NA,NA,NA,NA,NA,NA,NA,"0.37","9.5",NA,"P","0.0","2.0",2.4,1,1,NA,"N",NA,NA,NA,NA,NA,NA,0.5
2024-02-07,"MCW",2023,2023-06-03,NA,"TM2","lower","7.5",NA,NA,NA,NA,NA,NA,NA,NA,NA,NA,"0.49","8.0",NA,"P","0.0","1.0",0.5,1,1,NA,"N",NA,NA,NA,NA,NA,NA,0.5
2024-02-07,"MCW",2023,2023-06-03,NA,"TM2","lower","7.5",NA,NA,NA,NA,NA,NA,NA,NA,NA,NA,"0.34","3.4",NA,"V",NA,NA,NA,1,1,"0.8","N",NA,NA,NA,NA,NA,NA,0.5
2024-02-07,"MCW",2023,2023-06-03,NA,"TM2","lower","7.5",NA,NA,NA,NA,NA,NA,NA,NA,NA,NA,"0.45","7.5",NA,"P","0.0","2.0",1.4,1,1,NA,"N",NA,NA,NA,NA,NA,NA,0.5
2024-02-07,"MCW",2023,2023-06-03,NA,"TM2","lower","7.5",NA,NA,NA,NA,NA,NA,NA,NA,NA,NA,"0.64","14.5",NA,"P","0.0","2.0",3.5,1,1,NA,"Y",NA,NA,NA,NA,NA,NA,0.5
2024-02-07,"MCW",2023,2023-06-03,NA,"TM2","lower","7.5",NA,NA,NA,NA,NA,NA,NA,NA,NA,NA,"0.24","2.6",NA,"V",NA,NA,NA,1,1,"0.6","N",NA,NA,NA,NA,NA,NA,0.5
2024-02-07,"MCW",2023,2023-06-03,NA,"TM2","lower","7.5",NA,NA,NA,NA,NA,NA,NA,NA,NA,NA,"0.39","2.2",NA,"V",NA,NA,NA,1,1,"0.5","N",NA,NA,NA,NA,NA,NA,0.5
2024-02-07,"MCW",2023,2023-06-03,NA,"TM2","lower","7.5",NA,NA,NA,NA,NA,NA,NA,NA,NA,NA,"0.38","1.8",NA,"V",NA,NA,NA,1,1,"0.5","N",NA,NA,NA,NA,NA,NA,0.5
2024-02-07,"MCW",2023,2023-06-03,NA,"TM2","lower","7.5",NA,NA,NA,NA,NA,NA,NA,NA,NA,NA,"0.68","9.3",NA,"P","0.0","1.0",NA,1,1,NA,"N",NA,NA,NA,NA,NA,NA,0.5
2024-02-07,"MCW",2023,2023-06-03,NA,"TM2","lower","7.5",NA,NA,NA,NA,NA,NA,NA,NA,NA,NA,"0.92","15.5",NA,"P","0.0","2.0",3,1,1,NA,"Y",NA,NA,NA,NA,NA,NA,0.5
2024-02-07,"MCW",2023,2023-06-03,NA,"TM2","lower","7.5",NA,NA,NA,NA,NA,NA,NA,NA,NA,NA,"0.41","6.6",NA,"F","1.0","0.0",NA,1,1,NA,"Y",NA,NA,NA,NA,NA,NA,0.5
2024-02-07,"MCW",2023,2023-06-03,NA,"TM2","lower","7.5",NA,NA,NA,NA,NA,NA,NA,NA,NA,NA,"0.48","8.7",NA,"F","1.0","0.0",NA,1,1,NA,"N",NA,NA,NA,NA,NA,NA,0.5
2024-02-07,"MCW",2023,2023-06-03,NA,"TM2","lower","7.5",NA,NA,NA,NA,NA,NA,NA,NA,NA,NA,"0.45","4.0",NA,"V",NA,NA,NA,1,1,"0.8","N",NA,NA,NA,NA,NA,NA,0.5
2024-02-07,"MCW",2023,2023-06-03,NA,"TM2","lower","7.5",NA,NA,NA,NA,NA,NA,NA,NA,NA,NA,"0.58","15.2",NA,"B","0.0","0.0",NA,1,1,NA,"Y",NA,NA,NA,NA,NA,NA,0.5
2024-02-07,"MCW",2023,2023-06-03,NA,"TM2","lower","7.5",NA,NA,NA,NA,NA,NA,NA,NA,NA,NA,"0.74","13.0",NA,"P","0.0","1.0",2.1,1,1,NA,"N",NA,NA,NA,NA,NA,NA,0.5
2024-02-07,"MCW",2023,2023-06-03,NA,"TM2","lower","7.5",NA,NA,NA,NA,NA,NA,NA,NA,NA,NA,"0.58","9.9",NA,"P","0.0","1.0",2.2,1,1,NA,"N",NA,NA,NA,NA,NA,NA,0.5
2024-02-07,"MCW",2023,2023-06-03,NA,"TM2","lower","7.5",NA,NA,NA,NA,NA,NA,NA,NA,NA,NA,"0.49","10.5",NA,"P","0.0","2.0",2.2,1,1,NA,"N",NA,NA,NA,NA,NA,NA,0.5
2024-02-07,"MCW",2023,2023-06-03,NA,"TM2","lower","7.5",NA,NA,NA,NA,NA,NA,NA,NA,NA,NA,"0.52","9.0",NA,"P","0.0","1.0",1,1,1,NA,"N",NA,NA,NA,NA,NA,NA,0.5
2024-02-07,"MCW",2023,2023-06-03,NA,"TM2","lower","7.5",NA,NA,NA,NA,NA,NA,NA,NA,NA,NA,"0.9","17.8",NA,"P","0.0","3.0",4,1,1,NA,"Y",NA,NA,NA,NA,NA,NA,0.5
2024-02-07,"MCW",2023,2023-06-03,NA,"TM2","lower","7.5",NA,NA,NA,NA,NA,NA,NA,NA,NA,NA,"0.78","16.6",NA,"P","0.0","3.0",3.9,1,1,NA,"Y",NA,NA,NA,NA,NA,NA,0.5
2024-02-07,"MCW",2023,2023-06-03,NA,"TM2","lower","7.5",NA,NA,NA,NA,NA,NA,NA,NA,NA,NA,"0.72","13.8",NA,"P","0.0","2.0",3.3,1,1,NA,"Y",NA,NA,NA,NA,NA,NA,0.5
2024-02-07,"MCW",2023,2023-06-03,NA,"TM2","lower","7.5",NA,NA,NA,NA,NA,NA,NA,NA,NA,NA,"0.75","23.2",NA,"P","1.0","4.0",5.8,1,1,NA,"Y",NA,NA,NA,NA,NA,NA,0.5
2024-02-07,"MCW",2023,2023-06-03,NA,"TM2","lower","7.5",NA,NA,NA,NA,NA,NA,NA,NA,NA,NA,"0.87","15.1",NA,"P","0.0","1.0",2.8,1,1,NA,"Y",NA,NA,NA,NA,NA,NA,0.5
2024-02-07,"MCW",2023,2023-06-03,NA,"TM2","lower","7.5",NA,NA,NA,NA,NA,NA,NA,NA,NA,NA,"0.81","5.1",NA,"F","1.0","0.0",NA,1,1,NA,"Y",NA,NA,NA,NA,NA,NA,0.5
2024-02-07,"MCW",2023,2023-06-03,NA,"TM2","lower","7.5",NA,NA,NA,NA,NA,NA,NA,NA,NA,NA,"0.86","13.0",NA,"P","0.0","1.0",2.1,1,1,NA,"N",NA,NA,NA,NA,NA,NA,0.5
2024-02-07,"MCW",2023,2023-06-03,NA,"TM2","lower","7.5",NA,NA,NA,NA,NA,NA,NA,NA,NA,NA,"0.2","5.4",NA,"P","0.0","1.0",1,1,1,NA,"Y",NA,NA,NA,NA,NA,NA,0.5
2024-02-07,"MCW",2023,2023-06-03,NA,"TM2","lower","7.5",NA,NA,NA,NA,NA,NA,NA,NA,NA,NA,"0.77","9.0",NA,"F","1.0","0.0",NA,1,1,NA,"N",NA,NA,NA,NA,NA,NA,0.5
2024-02-07,"MCW",2023,2023-06-03,NA,"TM2","lower","7.5",NA,NA,NA,NA,NA,NA,NA,NA,NA,NA,"0.6","9.4",NA,"P","0.0","1.0",1.2,1,1,NA,"N",NA,NA,NA,NA,NA,NA,0.5
2024-02-07,"MCW",2023,2023-06-03,NA,"TM2","lower","7.5",NA,NA,NA,NA,NA,NA,NA,NA,NA,NA,"0.67","1.8",NA,"V",NA,NA,NA,2,2,"0.6","N",NA,NA,NA,NA,NA,NA,0.5
2024-02-07,"MCW",2023,2023-06-03,NA,"TM2","lower","7.5",NA,NA,NA,NA,NA,NA,NA,NA,NA,NA,"0.87","19.0",NA,"P","0.0","2.0",3.5,1,1,NA,"N",NA,NA,NA,NA,NA,NA,0.5
2024-02-07,"MCW",2023,2023-06-03,NA,"TM2","lower","7.5",NA,NA,NA,NA,NA,NA,NA,NA,NA,NA,"0.86","5.0",NA,"P","0.0","2.0",1.5,1,1,NA,"N",NA,NA,NA,NA,NA,NA,0.5
2024-02-07,"MCW",2023,2023-06-03,NA,"TM2","lower","7.5",NA,NA,NA,NA,NA,NA,NA,NA,NA,NA,"0.84","11.2",NA,"P","0.0","1.0",2,1,1,NA,"N",NA,NA,NA,NA,NA,NA,0.5
2024-02-07,"MCW",2023,2023-06-03,NA,"TM2","lower","7.5",NA,NA,NA,NA,NA,NA,NA,NA,NA,NA,"0.17","3.0",NA,"V",NA,NA,NA,1,1,"0.5","N",NA,NA,NA,NA,NA,NA,0.5
2024-02-07,"MCW",2023,2023-06-03,NA,"TM2","lower","8.0",NA,NA,NA,NA,NA,NA,NA,NA,NA,NA,"0.81","4.9",NA,"P","0.0","1.0",1.8,1,1,NA,"Y",NA,NA,NA,NA,NA,NA,0.5
2024-02-07,"MCW",2023,2023-06-03,NA,"TM2","lower","8.0",NA,NA,NA,NA,NA,NA,NA,NA,NA,NA,"1.23","17.4",NA,"P","0.0","2.0",4.5,1,1,NA,"Y",NA,NA,NA,NA,NA,NA,1.23
2024-02-07,"MCW",2023,2023-06-03,NA,"TM2","lower","8.0",NA,NA,NA,NA,NA,NA,NA,NA,NA,NA,NA,NA,NA,"X",NA,NA,NA,NA,NA,NA,NA,NA,NA,NA,NA,NA,NA,NA
2024-02-07,"MCW",2023,2023-06-03,NA,"TM2","lower","8.0",NA,NA,NA,NA,NA,NA,NA,NA,NA,NA,"0.67","7.0",NA,"B","0.0","0.0",NA,1,1,NA,"Y",NA,NA,NA,NA,NA,NA,0.5
2024-02-07,"MCW",2023,2023-06-03,NA,"TM2","lower","8.0",NA,NA,NA,NA,NA,NA,NA,NA,NA,NA,"1.11","17.2",NA,"P","0.0","1.0",4.8,1,1,NA,"N",NA,NA,NA,NA,NA,NA,1.11
2024-02-07,"MCW",2023,2023-06-03,NA,"TM2","lower","8.0",NA,NA,NA,NA,NA,NA,NA,NA,NA,NA,"0.72","8.6",NA,"P","0.0","1.0",2,1,1,NA,"Y",NA,NA,NA,NA,NA,NA,0.5
2024-02-07,"MCW",2023,2023-06-03,NA,"TM2","lower","8.0",NA,NA,NA,NA,NA,NA,NA,NA,NA,NA,"0.72","12.0",NA,"P","0.0","1.0",3.1,1,1,NA,"Y",NA,NA,NA,NA,NA,NA,0.5
2024-02-07,"MCW",2023,2023-06-03,NA,"TM2","lower","8.0",NA,NA,NA,NA,NA,NA,NA,NA,NA,NA,"1.2","17.5",NA,"P","0.0","2.0",4,1,1,NA,"Y",NA,NA,NA,NA,NA,NA,1.2
2024-02-07,"MCW",2023,2023-06-03,NA,"TM2","lower","8.0",NA,NA,NA,NA,NA,NA,NA,NA,NA,NA,"0.71","13.5",NA,"P","0.0","1.0",2.2,1,1,NA,"N",NA,NA,NA,NA,NA,NA,0.5
2024-02-07,"MCW",2023,2023-06-03,NA,"TM2","lower","8.0",NA,NA,NA,NA,NA,NA,NA,NA,NA,NA,"0.68","12.0",NA,"P","0.0","1.0",2.8,1,1,NA,"N",NA,NA,NA,NA,NA,NA,0.5
2024-02-07,"MCW",2023,2023-06-03,NA,"TM2","lower","8.0",NA,NA,NA,NA,NA,NA,NA,NA,NA,NA,"0.9","17.5",NA,"P","0.0","2.0",3.9,1,1,NA,"N",NA,NA,NA,NA,NA,NA,0.5
2024-02-07,"MCW",2023,2023-06-03,NA,"TM2","lower","8.0",NA,NA,NA,NA,NA,NA,NA,NA,NA,NA,"0.75","7.5",NA,"B","0.0","0.0",NA,1,1,NA,"Y",NA,NA,NA,NA,NA,NA,0.5
2024-02-07,"MCW",2023,2023-06-03,NA,"TM2","lower","8.0",NA,NA,NA,NA,NA,NA,NA,NA,NA,NA,"0.65","4.6",NA,"P","0.0","1.0",1,1,1,NA,"Y",NA,NA,NA,NA,NA,NA,0.5
2024-02-07,"MCW",2023,2023-06-03,NA,"TM2","lower","8.0",NA,NA,NA,NA,NA,NA,NA,NA,NA,NA,"0.68","14.3",NA,"P","0.0","1.0",2.3,1,1,NA,"Y",NA,NA,NA,NA,NA,NA,0.5
2024-02-07,"MCW",2023,2023-06-03,NA,"TM2","lower","8.0",NA,NA,NA,NA,NA,NA,NA,NA,NA,NA,"65.0","5.6",NA,"F","1.0","0.0",NA,1,1,NA,"N",NA,NA,NA,NA,NA,NA,65
2024-02-07,"MCW",2023,2023-06-03,NA,"TM2","lower","8.0",NA,NA,NA,NA,NA,NA,NA,NA,NA,NA,"0.75","11.5",NA,"P","0.0","2.0",2.2,1,1,NA,"Y",NA,NA,NA,NA,NA,NA,0.5
2024-02-07,"MCW",2023,2023-06-03,NA,"TM2","lower","8.0",NA,NA,NA,NA,NA,NA,NA,NA,NA,NA,"0.91","14.7",NA,"P","0.0","1.0",2.8,1,1,NA,"Y",NA,NA,NA,NA,NA,NA,0.5
2024-02-07,"MCW",2023,2023-06-03,NA,"TM2","lower","8.0",NA,NA,NA,NA,NA,NA,NA,NA,NA,NA,"0.53","2.8",NA,"V",NA,"0.0",NA,0,1,"0.8",NA,NA,NA,NA,NA,NA,NA,0.5
2024-02-07,"MCW",2023,2023-06-03,NA,"TM2","lower","8.0",NA,NA,NA,NA,NA,NA,NA,NA,NA,NA,NA,NA,NA,"X",NA,NA,NA,NA,NA,NA,NA,NA,NA,NA,NA,NA,NA,NA
2024-02-07,"MCW",2023,2023-06-03,NA,"TM2","lower","8.0",NA,NA,NA,NA,NA,NA,NA,NA,NA,NA,"0.92","15.1",NA,"P","0.0","1.0",2.6,1,1,NA,"Y",NA,NA,NA,NA,NA,NA,0.5
2024-02-07,"MCW",2023,2023-06-03,NA,"TM2","lower","8.0",NA,NA,NA,NA,NA,NA,NA,NA,NA,NA,"0.82","15.5",NA,"P","0.0","1.0",2.5,1,1,NA,"Y",NA,NA,NA,NA,NA,NA,0.5
2024-02-07,"MCW",2023,2023-06-03,NA,"TM2","lower","8.0",NA,NA,NA,NA,NA,NA,NA,NA,NA,NA,NA,NA,NA,"X",NA,NA,NA,NA,NA,NA,NA,NA,NA,NA,NA,NA,NA,NA
2024-02-07,"MCW",2023,2023-06-03,NA,"TM2","lower","8.0",NA,NA,NA,NA,NA,NA,NA,NA,NA,NA,"0.4","4.1",NA,"F","1.0","0.0",NA,1,1,NA,"N",NA,NA,NA,NA,NA,NA,0.5
2024-02-07,"MCW",2023,2023-06-03,NA,"TM2","lower","8.0",NA,NA,NA,NA,NA,NA,NA,NA,NA,NA,"0.69","12.2",NA,"P","0.0","1.0",1.7,1,1,NA,"Y",NA,NA,NA,NA,NA,NA,0.5
2024-02-07,"MCW",2023,2023-06-03,NA,"TM2","lower","8.0",NA,NA,NA,NA,NA,NA,NA,NA,NA,NA,"0.7","15.4",NA,"P","0.0","2.0",1.9,1,1,NA,"Y",NA,NA,NA,NA,NA,NA,0.5
2024-02-07,"MCW",2023,2023-06-03,NA,"TM2","lower","8.0",NA,NA,NA,NA,NA,NA,NA,NA,NA,NA,"0.57","7.0",NA,"B","0.0","0.0",NA,1,1,NA,"N",NA,NA,NA,NA,NA,NA,0.5
2024-02-07,"MCW",2023,2023-06-03,NA,"TM2","lower","8.0",NA,NA,NA,NA,NA,NA,NA,NA,NA,NA,"0.49","10.0",NA,"B","0.0","0.0",NA,1,1,NA,"Y",NA,NA,NA,NA,NA,NA,0.5
2024-02-07,"MCW",2023,2023-06-03,NA,"TM2","lower","8.0",NA,NA,NA,NA,NA,NA,NA,NA,NA,NA,"0.62","6.5",NA,"B","0.0","0.0",NA,1,1,NA,"Y",NA,NA,NA,NA,NA,NA,0.5
2024-02-07,"MCW",2023,2023-06-03,NA,"TM2","lower","8.0",NA,NA,NA,NA,NA,NA,NA,NA,NA,NA,"0.54","6.9",NA,"B","0.0","0.0",NA,1,1,NA,"Y",NA,NA,NA,NA,NA,NA,0.5
2024-02-07,"MCW",2023,2023-06-03,NA,"TM2","lower","8.0",NA,NA,NA,NA,NA,NA,NA,NA,NA,NA,"0.51","4.3",NA,"F","1.0","0.0",NA,1,1,NA,"Y",NA,NA,NA,NA,NA,NA,0.5
2024-02-07,"MCW",2023,2023-06-03,NA,"TM2","lower","8.0",NA,NA,NA,NA,NA,NA,NA,NA,NA,NA,NA,NA,NA,"X",NA,NA,NA,NA,NA,NA,NA,NA,NA,NA,NA,NA,NA,NA
2024-02-07,"MCW",2023,2023-06-03,NA,"TM2","lower","10.5",NA,NA,NA,NA,NA,NA,NA,NA,NA,NA,"1.22","22.0",NA,"P","0.0","0.0",6.2,1,1,NA,"Y",NA,NA,NA,NA,NA,"dying",1.22
2024-02-07,"MCW",2023,2023-06-03,NA,"TM2","lower","10.5",NA,NA,NA,NA,NA,NA,NA,NA,NA,NA,"1.06","23.5",NA,"P","0.0","0.0",6,1,1,NA,"N",NA,NA,NA,NA,NA,"dying",1.06
2024-02-07,"MCW",2023,2023-06-03,NA,"TM2","lower","10.5",NA,NA,NA,NA,NA,NA,NA,NA,NA,NA,"0.33","7.5",NA,"P","0.0","1.0",1.7,1,1,NA,"N",NA,NA,NA,NA,NA,NA,0.5
2024-02-07,"MCW",2023,2023-06-03,NA,"TM2","lower","10.5",NA,NA,NA,NA,NA,NA,NA,NA,NA,NA,"0.71","15.2",NA,"P","0.0","1.0",4.8,1,1,NA,"Y",NA,NA,NA,NA,NA,NA,0.5
2024-02-07,"MCW",2023,2023-06-03,NA,"TM2","lower","10.5",NA,NA,NA,NA,NA,NA,NA,NA,NA,NA,NA,NA,NA,"X",NA,NA,NA,NA,NA,NA,NA,NA,NA,NA,NA,NA,NA,NA
2024-02-07,"MCW",2023,2023-06-03,NA,"TM2","lower","10.5",NA,NA,NA,NA,NA,NA,NA,NA,NA,NA,"0.39","1.9",NA,"V","0.0","0.0",NA,0,1,"0.7","N",NA,NA,NA,NA,NA,NA,0.5
2024-02-07,"MCW",2023,2023-06-03,NA,"TM2","lower","10.5",NA,NA,NA,NA,NA,NA,NA,NA,NA,NA,"0.44","5.5",NA,"P","0.0","1.0",1.1,1,1,NA,"Y",NA,NA,NA,NA,NA,NA,0.5
2024-02-07,"MCW",2023,2023-06-03,NA,"TM2","lower","10.5",NA,NA,NA,NA,NA,NA,NA,NA,NA,NA,"0.87","16.5",NA,"P","0.0","2.0",4.2,1,1,NA,"N",NA,NA,NA,NA,NA,NA,0.5
2024-02-07,"MCW",2023,2023-06-03,NA,"TM2","lower","10.5",NA,NA,NA,NA,NA,NA,NA,NA,NA,NA,"0.99","19.0",NA,"P","0.0","2.0",4.7,1,1,NA,"N",NA,NA,NA,NA,NA,NA,0.5
2024-02-07,"MCW",2023,2023-06-03,NA,"TM2","lower","10.5",NA,NA,NA,NA,NA,NA,NA,NA,NA,NA,"0.82","6.6",NA,"P","1.0","1.0",0.5,1,1,NA,"Y",NA,NA,NA,NA,NA,NA,0.5
2024-02-07,"MCW",2023,2023-06-03,NA,"TM2","lower","10.5",NA,NA,NA,NA,NA,NA,NA,NA,NA,NA,"1.0","23.0",NA,"P","0.0","1.0",5,1,1,NA,"N",NA,NA,NA,NA,NA,"dying",1
2024-02-07,"MCW",2023,2023-06-03,NA,"TM2","lower","10.5",NA,NA,NA,NA,NA,NA,NA,NA,NA,NA,"0.7","10.5",NA,"P","0.0","1.0",1.6,1,1,NA,"Y",NA,NA,NA,NA,NA,NA,0.5
2024-02-07,"MCW",2023,2023-06-03,NA,"TM2","lower","10.5",NA,NA,NA,NA,NA,NA,NA,NA,NA,NA,"0.53","16.2",NA,"P","0.0","2.0",4.1,1,1,NA,"N",NA,NA,NA,NA,NA,NA,0.5
2024-02-07,"MCW",2023,2023-06-03,NA,"TM2","lower","10.5",NA,NA,NA,NA,NA,NA,NA,NA,NA,NA,"1.06","17.0",NA,"P","0.0","2.0",3,1,1,NA,"N",NA,NA,NA,NA,NA,"dying",1.06
2024-02-07,"MCW",2023,2023-06-03,NA,"TM2","lower","10.5",NA,NA,NA,NA,NA,NA,NA,NA,NA,NA,"0.96","19.1",NA,"P","0.0","2.0",4.6,1,1,NA,"N",NA,NA,NA,NA,NA,NA,0.5
2024-02-07,"MCW",2023,2023-06-03,NA,"TM2","lower","10.5",NA,NA,NA,NA,NA,NA,NA,NA,NA,NA,"1.36","23.9",NA,"P","0.0","2.0",6.1,1,1,NA,"Y",NA,NA,NA,NA,NA,"dying",1.36
2024-02-07,"MCW",2023,2023-06-03,NA,"TM2","lower","10.5",NA,NA,NA,NA,NA,NA,NA,NA,NA,NA,"0.91","3.5",NA,"V","0.0","0.0",NA,0,1,"0.8","Y",NA,NA,NA,NA,NA,NA,0.5
2024-02-07,"MCW",2023,2023-06-03,NA,"TM2","lower","10.5",NA,NA,NA,NA,NA,NA,NA,NA,NA,NA,"0.72","18.1",NA,"P","0.0","1.0",4.5,1,1,NA,"Y",NA,NA,NA,NA,NA,NA,0.5
2024-02-07,"MCW",2023,2023-06-03,NA,"TM2","lower","10.5",NA,NA,NA,NA,NA,NA,NA,NA,NA,NA,"0.61","19.5",NA,"P","1.0","2.0",1,1,1,NA,"Y",NA,NA,NA,NA,NA,NA,0.5
2024-02-07,"MCW",2023,2023-06-03,NA,"TM2","lower","10.5",NA,NA,NA,NA,NA,NA,NA,NA,NA,NA,"0.96","10.5",NA,"P","0.0","1.0",2.6,1,1,NA,"Y",NA,NA,NA,NA,NA,NA,0.5
2024-02-07,"MCW",2023,2023-06-03,NA,"TM2","lower","9.0",NA,NA,NA,NA,NA,NA,NA,NA,NA,NA,"0.45","7.9",NA,"B","0.0","0.0",0,1,1,NA,"Y",NA,NA,NA,NA,NA,NA,0.5
2024-02-07,"MCW",2023,2023-06-03,NA,"TM2","lower","9.0",NA,NA,NA,NA,NA,NA,NA,NA,NA,NA,"0.32","2.9",NA,"V","0.0","0.0",0,0,1,"0.6","Y",NA,NA,NA,NA,NA,NA,0.5
2024-02-07,"MCW",2023,2023-06-03,NA,"TM2","lower","9.0",NA,NA,NA,NA,NA,NA,NA,NA,NA,NA,"0.53","24.1",NA,"P","0.0","2.0",3,1,1,NA,"Y",NA,NA,NA,NA,NA,NA,0.5
2024-02-07,"MCW",2023,2023-06-03,NA,"TM2","lower","9.0",NA,NA,NA,NA,NA,NA,NA,NA,NA,NA,"0.42","16.9",NA,"P","0.0","1.0",2.6,1,1,NA,"Y",NA,NA,NA,NA,NA,NA,0.5
2024-02-07,"MCW",2023,2023-06-03,NA,"TM2","lower","9.0",NA,NA,NA,NA,NA,NA,NA,NA,NA,NA,"0.4","5.6",NA,"F","1.0","0.0",0,1,1,NA,"Y",NA,NA,NA,NA,NA,NA,0.5
2024-02-07,"MCW",2023,2023-06-03,NA,"TM2","lower","8.5",NA,NA,NA,NA,NA,NA,"red",288,40,48,"1.42","21.0",NA,"P","0.0","4.0",5,1,1,NA,"Y",NA,NA,NA,NA,NA,NA,1.42
2024-02-07,"MCW",2023,2023-06-03,NA,"TM2","lower","8.5",NA,NA,NA,NA,NA,NA,NA,NA,NA,NA,"0.99","24.3",NA,"P","0.0","2.0",4.4,1,1,NA,"Y",NA,NA,NA,NA,NA,NA,0.5
2024-02-07,"MCW",2023,2023-06-03,NA,"TM2","lower","8.5",NA,NA,NA,NA,NA,NA,NA,NA,NA,NA,"0.93","22.5",NA,"P","0.0","2.0",5.6,1,1,NA,"Y",NA,NA,NA,NA,NA,NA,0.5
2024-02-07,"MCW",2023,2023-06-03,NA,"TM2","lower","8.5",NA,NA,NA,NA,NA,NA,NA,NA,NA,NA,"0.96","14.6",NA,"P","0.0","2.0",3.1,1,1,NA,"Y",NA,NA,NA,NA,NA,NA,0.5
2024-02-07,"MCW",2023,2023-06-03,NA,"TM2","lower","8.5",NA,NA,NA,NA,NA,NA,"red",32,5,30,"1.39","26.8",NA,"P","0.0","2.0",4.5,1,1,NA,"Y",NA,NA,NA,NA,NA,NA,1.39
2024-02-07,"MCW",2023,2023-06-03,NA,"TM2","lower","8.5",NA,NA,NA,NA,NA,NA,NA,NA,NA,NA,"0.92","17.6",NA,"P","0.0","1.0",1.8,1,1,NA,"Y",NA,NA,NA,NA,NA,NA,0.5
2024-02-07,"MCW",2023,2023-06-03,NA,"TM2","lower","8.5",NA,NA,NA,NA,NA,NA,NA,NA,NA,NA,"0.69","3.9",NA,"B","0.0","0.0",NA,1,1,NA,"Y",NA,NA,NA,NA,NA,NA,0.5
2024-02-07,"MCW",2023,2023-06-03,NA,"TM2","lower","8.5",NA,NA,NA,NA,NA,NA,"red",241,2,24,"1.19","22.9",NA,"P","0.0","3.0",3.7,1,1,NA,"Y",NA,NA,NA,NA,NA,NA,1.19
2024-02-07,"MCW",2023,2023-06-03,NA,"TM2","lower","8.5",NA,NA,NA,NA,NA,NA,NA,NA,NA,NA,NA,NA,NA,"X",NA,NA,NA,NA,NA,NA,NA,NA,NA,NA,NA,NA,NA,NA
2024-02-07,"MCW",2023,2023-06-03,NA,"TM2","lower","8.5",NA,NA,NA,NA,NA,NA,NA,NA,NA,NA,NA,NA,NA,"X",NA,NA,NA,NA,NA,NA,NA,NA,NA,NA,NA,NA,NA,NA
2024-02-07,"MCW",2023,2023-06-03,NA,"TM2","lower","8.5",NA,NA,NA,NA,NA,NA,NA,NA,NA,NA,"0.3","4.0",NA,"F","1.0","0.0",NA,1,1,NA,"Y",NA,NA,NA,NA,NA,NA,0.5
2024-02-07,"MCW",2023,2023-06-03,NA,"TM2","lower","8.0",NA,NA,NA,NA,NA,NA,"white",945,NA,NA,NA,NA,NA,"X",NA,NA,NA,NA,NA,NA,NA,NA,NA,NA,NA,NA,NA,NA
2024-02-07,"MCW",2023,2023-06-03,NA,"TM2","lower","8.0",NA,NA,NA,NA,NA,NA,"white",281,NA,NA,NA,NA,NA,"X",NA,NA,NA,NA,NA,NA,NA,NA,NA,NA,NA,NA,NA,NA
2024-02-07,"MCW",2023,2023-06-03,NA,"TM2","lower","8.0",NA,NA,NA,NA,NA,NA,"white",373,NA,NA,NA,NA,NA,"X",NA,NA,NA,NA,NA,NA,NA,NA,NA,NA,NA,NA,NA,NA
2024-02-07,"MCW",2023,2023-06-03,NA,"TM2","lower","8.0",NA,NA,NA,NA,NA,NA,NA,NA,NA,NA,NA,NA,NA,"X",NA,NA,NA,NA,NA,NA,NA,NA,NA,NA,NA,NA,NA,NA
2024-02-07,"MCW",2023,2023-06-03,NA,"TM2","lower","8.0",NA,NA,NA,NA,NA,NA,NA,NA,NA,NA,NA,NA,NA,"X",NA,NA,NA,NA,NA,NA,NA,NA,NA,NA,NA,NA,NA,NA
2024-02-07,"MCW",2023,2023-06-03,NA,"TM2","lower","8.0",NA,NA,NA,NA,NA,NA,NA,NA,NA,NA,NA,NA,NA,"X",NA,NA,NA,NA,NA,NA,NA,NA,NA,NA,NA,NA,NA,NA
2024-02-07,"MCW",2023,2023-06-03,NA,"TM2","lower","8.0",NA,NA,NA,NA,NA,NA,NA,NA,NA,NA,NA,NA,NA,"X",NA,NA,NA,NA,NA,NA,NA,NA,NA,NA,NA,NA,NA,NA
2024-02-07,"MCW",2023,2023-06-03,NA,"TM2","lower","8.0",NA,NA,NA,NA,NA,NA,NA,NA,NA,NA,NA,NA,NA,"X",NA,NA,NA,NA,NA,NA,NA,NA,NA,NA,NA,NA,NA,NA
2024-02-07,"MCW",2023,2023-06-03,NA,"TM2","lower","8.0",NA,NA,NA,NA,NA,NA,NA,NA,NA,NA,"0.61","4.5",NA,"P","0.0","1.0",1,1,1,NA,"Y",NA,NA,NA,NA,NA,NA,0.5
2024-02-07,"MCW",2023,2023-06-03,NA,"TM2","lower","9.5",NA,NA,NA,NA,NA,NA,NA,NA,NA,NA,"0.4","5.0",NA,"V",NA,NA,NA,NA,1,"0.5","N",NA,NA,NA,NA,NA,NA,0.5
2024-02-07,"MCW",2023,2023-06-03,NA,"TM2","lower","9.5",NA,NA,NA,NA,NA,NA,NA,NA,NA,NA,"0.05","3.6",NA,"V",NA,NA,NA,NA,1,"0.3","N",NA,NA,NA,NA,NA,NA,0.5
2024-02-07,"MCW",2023,2023-06-03,NA,"TM2","lower","9.5",NA,NA,NA,NA,NA,NA,NA,NA,NA,NA,"0.6","7.5",NA,"P","0.0","1.0",1.8,1,1,NA,"N",NA,NA,NA,NA,NA,NA,0.5
2024-02-07,"MCW",2023,2023-06-03,NA,"TM2","lower","9.5",NA,NA,NA,NA,NA,NA,NA,NA,NA,NA,"0.69","16.2",NA,"P","0.0","1.0",3.8,1,1,NA,"N",NA,NA,NA,NA,NA,NA,0.5
2024-02-07,"MCW",2023,2023-06-03,NA,"TM2","lower","9.5",NA,NA,NA,NA,NA,NA,NA,NA,NA,NA,"0.5","11.0",NA,"P","0.0","1.0",2,1,1,NA,"N",NA,NA,NA,NA,NA,NA,0.5
2024-02-07,"MCW",2023,2023-06-03,NA,"TM2","lower","9.5",NA,NA,NA,NA,NA,NA,NA,NA,NA,NA,NA,NA,NA,"X",NA,NA,NA,NA,NA,NA,NA,NA,NA,NA,NA,NA,NA,NA
2024-02-07,"MCW",2023,2023-06-03,NA,"TM2","lower","9.5",NA,NA,NA,NA,NA,NA,NA,NA,NA,NA,NA,NA,NA,"X",NA,NA,NA,NA,NA,NA,NA,NA,NA,NA,NA,NA,NA,NA
2024-02-07,"MCW",2023,2023-06-03,NA,"TM2","lower","9.5",NA,NA,NA,NA,NA,NA,"red",564,15,25,"1.04","20.4",NA,"P","0.0","2.0",4.4,1,1,NA,"N",NA,NA,NA,NA,NA,NA,1.04
2024-02-07,"MCW",2023,2023-06-03,NA,"TM2","lower","10.0",NA,NA,NA,NA,NA,NA,NA,NA,NA,NA,NA,NA,NA,"X",NA,NA,NA,NA,NA,NA,NA,NA,NA,NA,NA,NA,NA,NA
2024-02-07,"MCW",2023,2023-06-03,NA,"TM2","lower","10.0",NA,NA,NA,NA,NA,NA,NA,NA,NA,NA,"0.72","11.0",NA,"P","0.0","1.0",3,1,1,NA,"N",NA,NA,NA,NA,NA,NA,0.5
2024-02-07,"MCW",2023,2023-06-03,NA,"TM2","lower","10.0",NA,NA,NA,NA,NA,NA,"red",138,22,42,"1.16","11.8",NA,"P","0.0","3.0",3.2,1,1,NA,"N",NA,NA,NA,NA,NA,NA,1.16
2024-02-07,"MCW",2023,2023-06-03,NA,"TM2","lower","10.0",NA,NA,NA,NA,NA,NA,NA,NA,NA,NA,"0.8","14.5",NA,"P","0.0","1.0",3.6,1,1,NA,"N",NA,NA,NA,NA,NA,NA,0.5
2024-02-07,"MCW",2023,2023-06-03,NA,"TM2","lower","10.0",NA,NA,NA,NA,NA,NA,NA,NA,NA,NA,"0.6","12.3",NA,"B","0.0","0.0",NA,1,1,NA,"N",NA,NA,NA,NA,NA,NA,0.5
2024-02-07,"MCW",2023,2023-06-03,NA,"TM2","lower","10.0",NA,NA,NA,NA,NA,NA,NA,NA,NA,NA,"0.89","19.4",NA,"P","0.0","2.0",2.6,1,1,NA,"N",NA,NA,NA,NA,NA,NA,0.5
2024-02-07,"MCW",2023,2023-06-03,NA,"TM2","lower","10.0",NA,NA,NA,NA,NA,NA,"red",144,35,14,"1.12","27.0",NA,"P","0.0","4.0",5,1,1,NA,"Y",NA,NA,NA,NA,NA,NA,1.12
2024-02-07,"MCW",2023,2023-06-03,NA,"TM2","lower","10.0",NA,NA,NA,NA,NA,NA,NA,NA,NA,NA,"0.94","21.2",NA,"P","0.0","2.0",5,1,1,NA,"N",NA,NA,NA,NA,NA,NA,0.5
2024-02-07,"MCW",2023,2023-06-03,NA,"TM2","lower","13.0",NA,NA,NA,NA,NA,NA,NA,NA,NA,NA,"0.68","10.2",NA,"B",NA,NA,NA,1,1,NA,"N",NA,NA,NA,NA,NA,NA,0.5
2024-02-07,"MCW",2023,2023-06-03,NA,"TM2","lower","13.0",NA,NA,NA,NA,NA,NA,NA,NA,NA,NA,"0.68","18.1",NA,"P","0.0","0.0",NA,1,1,NA,"N",NA,NA,NA,NA,NA,NA,0.5
2024-02-07,"MCW",2023,2023-06-03,NA,"TM2","lower","13.0",NA,NA,NA,NA,NA,NA,NA,NA,NA,NA,"0.95","13.4",NA,"P","0.0","2.0",1.1,1,1,NA,"Y",NA,NA,NA,NA,NA,NA,0.5
2024-02-07,"MCW",2023,2023-06-03,NA,"TM2","lower","13.0",NA,NA,NA,NA,NA,NA,NA,NA,NA,NA,"0.58","4.0",NA,"F","1.0",NA,NA,1,1,NA,"N",NA,NA,NA,NA,NA,NA,0.5
2024-02-07,"MCW",2023,2023-06-03,NA,"TM2","lower","13.0",NA,NA,NA,NA,NA,NA,"red",63,45,49,"1.16","27.3",NA,"P","0.0","3.0",4,1,1,NA,"N",NA,NA,NA,NA,NA,NA,1.16
2024-02-07,"MCW",2023,2023-06-03,NA,"TM2","lower","13.5",NA,NA,NA,NA,NA,NA,NA,NA,NA,NA,"0.49","9.7",NA,"B","0.0","0.0",NA,1,1,NA,"Y",NA,NA,NA,NA,NA,NA,0.5
2024-02-07,"MCW",2023,2023-06-03,NA,"TM2","lower","13.5",NA,NA,NA,NA,NA,NA,NA,NA,NA,NA,"0.38","9.9",NA,"B","0.0","0.0",NA,1,1,NA,"N",NA,NA,NA,NA,NA,NA,0.5
2024-02-07,"MCW",2023,2023-06-03,NA,"TM2","lower","13.5",NA,NA,NA,NA,NA,NA,NA,NA,NA,NA,"0.55","14.4",NA,"P","0.0","1.0",2.7,1,1,NA,"N",NA,NA,NA,NA,NA,NA,0.5
2024-02-07,"MCW",2023,2023-06-03,NA,"TM2","lower","13.5",NA,NA,NA,NA,NA,NA,NA,NA,NA,NA,"0.49","17.0",NA,"P","0.0","1.0",3.8,1,1,NA,"N",NA,NA,NA,NA,NA,NA,0.5
2024-02-07,"MCW",2023,2023-06-03,NA,"TM2","lower","13.5",NA,NA,NA,NA,NA,NA,NA,NA,NA,NA,"0.33","9.1",NA,"P","1.0","1.0",0.8,1,1,NA,"N",NA,NA,NA,NA,NA,NA,0.5
2024-02-07,"MCW",2023,2023-06-03,NA,"TM2","lower","13.5",NA,NA,NA,NA,NA,NA,NA,NA,NA,NA,"0.98","20.7",NA,"P","0.0","2.0",4.6,1,1,NA,"N",NA,NA,NA,NA,NA,NA,0.5
2024-02-07,"MCW",2023,2023-06-03,NA,"TM2","lower","12.0",NA,NA,NA,NA,NA,NA,NA,NA,NA,NA,"0.56","16.4",NA,"P","1.0","1.0",3.7,1,1,NA,"N",NA,NA,NA,NA,NA,NA,0.5
2024-02-07,"MCW",2023,2023-06-03,NA,"TM2","lower","12.0",NA,NA,NA,NA,NA,NA,NA,NA,NA,NA,"0.75","12.7",NA,"P","2.0","1.0",2.1,1,1,NA,"N",NA,NA,NA,NA,NA,NA,0.5
2024-02-07,"MCW",2023,2023-06-03,NA,"TM2","lower","12.0",NA,NA,NA,NA,NA,NA,NA,NA,NA,NA,"0.82","11.5",NA,"P","0.0","0.0",0,1,1,NA,"N",NA,NA,NA,NA,NA,NA,0.5
2024-02-07,"MCW",2023,2023-06-03,NA,"TM2","lower","12.5",NA,NA,NA,NA,NA,NA,NA,NA,NA,NA,"1.03","21.0",NA,"P","0.0","2.0",3.7,1,1,NA,"N",NA,NA,NA,NA,NA,"no leaves",1.03
2024-02-07,"MCW",2023,2023-06-03,NA,"TM2","lower","12.5",NA,NA,NA,NA,NA,NA,NA,NA,NA,NA,"1.33","22.0",NA,"P","0.0","3.0",4.9,1,1,NA,"N",NA,NA,NA,NA,NA,"no leaves",1.33
2024-02-07,"MCW",2023,2023-06-03,NA,"TM2","lower","12.5",NA,NA,NA,NA,NA,NA,NA,NA,NA,NA,"0.94","17.5",NA,"P","0.0","2.0",2.7,1,1,NA,"N",NA,NA,NA,NA,NA,NA,0.5
2024-02-07,"MCW",2023,2023-06-03,NA,"TM2","lower","12.5",NA,NA,NA,NA,NA,NA,NA,NA,NA,NA,"0.71","10.1",NA,"B",NA,NA,NA,1,1,NA,"N",NA,NA,NA,NA,NA,NA,0.5
2024-02-07,"MCW",2023,2023-06-03,NA,"TM2","lower","12.5",NA,NA,NA,NA,NA,NA,NA,NA,NA,NA,"1.13","19.2",NA,"P","0.0","2.0",3.8,1,1,NA,"N",NA,NA,NA,NA,NA,"no leaves",1.13
2024-02-07,"MCW",2023,2023-06-03,NA,"TM2","lower","12.5",NA,NA,NA,NA,NA,NA,"red",67,35,40,"1.12","24.0",NA,"P","0.0","5.0",2.3,1,1,NA,"N",NA,NA,NA,NA,NA,NA,1.12
2024-02-07,"MCW",2023,2023-06-03,NA,"TM2","lower","12.5",NA,NA,NA,NA,NA,NA,NA,NA,NA,NA,"0.93","15.0",NA,"P","0.0","1.0",3.1,1,1,NA,"N",NA,NA,NA,NA,NA,NA,0.5
2024-02-07,"MCW",2023,2023-06-03,NA,"TM2","lower","12.5",NA,NA,NA,NA,NA,NA,NA,NA,NA,NA,"0.88","19.5",NA,"P","0.0","2.0",3.5,1,1,NA,"N",NA,NA,NA,NA,NA,NA,0.5
2024-02-07,"MCW",2023,2023-06-03,NA,"TM2","lower","11.0",NA,NA,NA,NA,NA,NA,NA,NA,NA,NA,"1.37","25.6",NA,"P","0.0","3.0",5,1,1,NA,"N",NA,NA,NA,NA,NA,"no leaves",1.37
2024-02-07,"MCW",2023,2023-06-03,NA,"TM2","lower","11.0",NA,NA,NA,NA,NA,NA,NA,NA,NA,NA,"0.47","13.4",NA,"P","0.0","1.0",2.1,1,1,NA,"N",NA,NA,NA,NA,NA,NA,0.5
2024-02-07,"MCW",2023,2023-06-03,NA,"TM2","lower","11.0",NA,NA,NA,NA,NA,NA,NA,NA,NA,NA,"0.62","11.5",NA,"P","0.0","1.0",2.5,1,1,NA,"N",NA,NA,NA,NA,NA,NA,0.5
2024-02-07,"MCW",2023,2023-06-03,NA,"TM2","lower","11.0",NA,NA,NA,NA,NA,NA,NA,NA,NA,NA,"0.74","11.0",NA,"B","0.0","0.0",NA,1,1,NA,"N",NA,NA,NA,NA,NA,NA,0.5
2024-02-07,"MCW",2023,2023-06-03,NA,"TM2","lower","11.0",NA,NA,NA,NA,NA,NA,NA,NA,NA,NA,"0.55","11.2",NA,"P","0.0","1.0",2,1,1,NA,"N",NA,NA,NA,NA,NA,NA,0.5
2024-02-07,"MCW",2023,2023-06-03,NA,"TM2","lower","11.0",NA,NA,NA,NA,NA,NA,NA,NA,NA,NA,"0.69","8.9",NA,"P","0.0","2.0",1.9,1,1,NA,"N",NA,NA,NA,NA,NA,NA,0.5
2024-02-07,"MCW",2023,2023-06-03,NA,"TM2","lower","11.0",NA,NA,NA,NA,NA,NA,NA,NA,NA,NA,"0.88","19.6",NA,"P","0.0","2.0",3.5,1,1,NA,"N",NA,NA,NA,NA,NA,NA,0.5
2024-02-07,"MCW",2023,2023-06-03,NA,"TM2","lower","11.0",NA,NA,NA,NA,NA,NA,NA,NA,NA,NA,"0.85","18.6",NA,"P","0.0","3.0",4.9,1,1,NA,"N",NA,NA,NA,NA,NA,NA,0.5
2024-02-07,"MCW",2023,2023-06-03,NA,"TM2","lower","11.0",NA,NA,NA,NA,NA,NA,NA,NA,NA,NA,"0.71","12.0",NA,"P","1.0","1.0",1.3,1,1,NA,"N",NA,NA,NA,NA,NA,NA,0.5
2024-02-07,"MCW",2023,2023-06-03,NA,"TM2","lower","11.0",NA,NA,NA,NA,NA,NA,NA,NA,NA,NA,"0.82","18.8",NA,"P","0.0","4.0",3.3,1,1,NA,"N",NA,NA,NA,NA,NA,NA,0.5
2024-02-07,"MCW",2023,2023-06-03,NA,"TM2","lower","11.0",NA,NA,NA,NA,NA,NA,NA,NA,NA,NA,"0.75","12.6",NA,"P","0.0","2.0",1.5,1,1,NA,"N",NA,NA,NA,NA,NA,NA,0.5
2024-02-07,"MCW",2023,2023-06-03,NA,"TM2","lower","11.0",NA,NA,NA,NA,NA,NA,NA,NA,NA,NA,"0.25","6.8",NA,"F","0.0","0.0",NA,1,1,NA,"N",NA,NA,NA,NA,NA,NA,0.5
2024-02-07,"MCW",2023,2023-06-03,NA,"TM2","lower","11.0",NA,NA,NA,NA,NA,NA,NA,NA,NA,NA,"0.98","25.6",NA,"P","0.0","3.0",3.3,1,1,NA,"N",NA,NA,NA,NA,NA,NA,0.5
2024-02-07,"MCW",2023,2023-06-03,NA,"TM2","lower","11.0",NA,NA,NA,NA,NA,NA,NA,NA,NA,NA,"1.35","28.3",NA,"P","1.0","2.0",5.9,1,1,NA,"N",NA,NA,NA,NA,NA,"no leaves",1.35
2024-02-07,"MCW",2023,2023-06-03,NA,"TM2","lower","11.0",NA,NA,NA,NA,NA,NA,NA,NA,NA,NA,"1.05","26.6",NA,"P","0.0","2.0",5.2,1,1,NA,"N",NA,NA,NA,NA,NA,"no leaves",1.05
2024-02-07,"MCW",2023,2023-06-03,NA,"TM2","lower","11.0",NA,NA,NA,NA,NA,NA,NA,NA,NA,NA,"0.83","9.2",NA,"P","0.0","2.0",1.4,1,1,NA,"N",NA,NA,NA,NA,NA,NA,0.5
2024-02-07,"MCW",2023,2023-06-03,NA,"TM2","lower","11.0",NA,NA,NA,NA,NA,NA,"red",234,20,46,"1.3","19.5",NA,"P","0.0","2.0",5.2,1,1,NA,"N",NA,NA,NA,NA,NA,NA,1.3
2024-02-07,"MCW",2023,2023-06-03,NA,"TM2","lower","11.0",NA,NA,NA,NA,NA,NA,NA,NA,NA,NA,"0.96","5.9",NA,"F","1.0","0.0",NA,1,1,NA,"N",NA,NA,NA,NA,NA,NA,0.5
2024-02-07,"MCW",2023,2023-06-03,NA,"TM2","lower","11.0",NA,NA,NA,NA,NA,NA,NA,NA,NA,NA,"0.41","7.6",NA,"P","0.0","1.0",1.2,1,1,NA,"N",NA,NA,NA,NA,NA,NA,0.5
2024-02-07,"MCW",2023,2023-06-03,NA,"TM2","lower","11.0",NA,NA,NA,NA,NA,NA,NA,NA,NA,NA,"0.46","11.0",NA,"P","0.0","1.0",1.1,1,1,NA,"N",NA,NA,NA,NA,NA,NA,0.5
2024-02-07,"MCW",2023,2023-06-03,NA,"TM2","lower","11.5",NA,NA,NA,NA,NA,NA,"red",24,22,48,"1.09","23.6",NA,"P","0.0","3.0",3.4,1,1,NA,"N",NA,NA,NA,NA,NA,NA,1.09
2024-02-07,"MCW",2023,2023-06-03,NA,"TM2","lower","14.0",NA,NA,NA,NA,NA,NA,NA,NA,NA,NA,"0.6","12.1",NA,"P","0.0","1.0",2.2,1,1,NA,"N",NA,NA,NA,NA,NA,NA,0.5
2024-02-07,"MCW",2023,2023-06-03,NA,"TM2","lower","14.0",NA,NA,NA,NA,NA,NA,NA,NA,NA,NA,"0.83","17.0",NA,"P","0.0","2.0",3.1,1,1,NA,"N",NA,NA,NA,NA,NA,NA,0.5
2024-02-07,"MCW",2023,2023-06-03,NA,"TM2","lower","14.0",NA,NA,NA,NA,NA,NA,"red",438,18,27,"1.3","24.6",NA,"P","0.0","3.0",5.8,1,1,NA,"N",NA,NA,NA,NA,NA,NA,1.3
2024-02-07,"MCW",2023,2023-06-03,NA,"TM2","lower","14.0",NA,NA,NA,NA,NA,NA,NA,NA,NA,NA,"0.9","13.9",NA,"F","0.0",NA,NA,1,1,NA,"Y",NA,NA,NA,NA,NA,NA,0.5
2024-02-07,"MCW",2023,2023-06-03,NA,"TM2","lower","14.0",NA,NA,NA,NA,NA,NA,NA,NA,NA,NA,"0.54","1.4",NA,"V",NA,NA,NA,0,1,"0.3","N",NA,NA,NA,NA,NA,NA,0.5
2024-02-07,"MCW",2023,2023-06-03,NA,"TM2","lower","14.0",NA,NA,NA,NA,NA,NA,"red",149,49,40,"1.07","23.8",NA,"P","1.0","2.0",5,1,1,NA,"N",NA,NA,NA,NA,NA,NA,1.07
2024-02-07,"MCW",2023,2023-06-03,NA,"TM2","lower","14.0",NA,NA,NA,NA,NA,NA,NA,NA,NA,NA,"0.65","4.9",NA,"F","0.0",NA,NA,1,1,NA,"N",NA,NA,NA,NA,NA,NA,0.5
2024-02-07,"MCW",2023,2023-06-03,NA,"TM2","lower","14.0",NA,NA,NA,NA,NA,NA,NA,NA,NA,NA,"0.8","13.0",NA,"F","1.0",NA,NA,1,1,NA,"N",NA,NA,NA,NA,NA,NA,0.5
2024-02-07,"MCW",2023,2023-06-03,NA,"TM2","lower","14.0",NA,NA,NA,NA,NA,NA,NA,NA,NA,NA,"0.63","10.3",NA,"B",NA,NA,NA,1,1,NA,"N",NA,NA,NA,NA,NA,NA,0.5
2024-02-07,"MCW",2023,2023-06-03,NA,"TM2","lower","14.0",NA,NA,NA,NA,NA,NA,NA,NA,NA,NA,"0.6","15.2",NA,"P","0.0","1.0",2.9,1,1,NA,"N",NA,NA,NA,NA,NA,NA,0.5
2024-02-07,"MCW",2023,2023-06-03,NA,"TM2","lower","14.0",NA,NA,NA,NA,NA,NA,NA,NA,NA,NA,"0.64","9.4",NA,"B",NA,NA,NA,1,1,NA,"N",NA,NA,NA,NA,NA,NA,0.5
2024-02-07,"MCW",2023,2023-06-03,NA,"TM2","lower","14.0",NA,NA,NA,NA,NA,NA,NA,NA,NA,NA,"0.52","10.6",NA,"F","0.0",NA,NA,1,1,NA,"N",NA,NA,NA,NA,NA,NA,0.5
2024-02-07,"MCW",2023,2023-06-03,NA,"TM2","lower","14.5",NA,NA,NA,NA,NA,NA,NA,NA,NA,NA,"0.59","6.8",NA,"F","0.0","0.0",NA,1,1,NA,"N",NA,NA,NA,NA,NA,NA,0.5
2024-02-07,"MCW",2023,2023-06-03,NA,"TM2","lower","14.5",NA,NA,NA,NA,NA,NA,NA,NA,NA,NA,"0.83","10.6",NA,"B",NA,NA,NA,1,1,NA,"N",NA,NA,NA,NA,NA,NA,0.5
2024-02-07,"MCW",2023,2023-06-03,NA,"TM2","lower","14.5",NA,NA,NA,NA,NA,NA,NA,NA,NA,NA,"0.65","10.2",NA,"F",NA,NA,NA,1,1,NA,"N",NA,NA,NA,NA,NA,NA,0.5
2024-02-07,"MCW",2023,2023-06-03,NA,"TM2","lower","14.5",NA,NA,NA,NA,NA,NA,NA,NA,NA,NA,"0.55","9.2",NA,"F","1.0","0.0",NA,1,1,NA,"N",NA,NA,NA,NA,NA,NA,0.5
2024-02-07,"MCW",2023,2023-06-03,NA,"TM2","lower","14.5",NA,NA,NA,NA,NA,NA,NA,NA,NA,NA,"0.67","6.0",NA,"B",NA,NA,NA,1,1,NA,"N",NA,NA,NA,NA,NA,NA,0.5
2024-02-07,"MCW",2023,2023-06-03,NA,"TM2","lower","14.5",NA,NA,NA,NA,NA,NA,NA,NA,NA,NA,"0.68","13.5",NA,"P","0.0","1.0",2.1,1,1,NA,"N",NA,NA,NA,NA,NA,NA,0.5
2024-02-07,"MCW",2023,2023-06-03,NA,"TM2","lower","14.5",NA,NA,NA,NA,NA,NA,NA,NA,NA,NA,"0.43","6.2",NA,"B",NA,NA,NA,1,1,NA,"N",NA,NA,NA,NA,NA,NA,0.5
2024-02-07,"MCW",2023,2023-06-03,NA,"TM2","lower","14.5",NA,NA,NA,NA,NA,NA,NA,NA,NA,NA,"0.92","15.0",NA,"P","0.0","2.0",3.2,1,1,NA,"N",NA,NA,NA,NA,NA,NA,0.5
2024-02-07,"MCW",2023,2023-06-03,NA,"TM2","lower","14.5",NA,NA,NA,NA,NA,NA,NA,NA,NA,NA,"0.65","13.3",NA,"P","0.0","1.0",2.7,1,1,NA,"N",NA,NA,NA,NA,NA,NA,0.5
2024-02-07,"MCW",2023,2023-06-03,NA,"TM2","lower","14.5",NA,NA,NA,NA,NA,NA,NA,NA,NA,NA,"0.98","18.8",NA,"P","0.0","2.0",4.8,1,1,NA,"N",NA,NA,NA,NA,NA,NA,0.5
2024-02-07,"MCW",2023,2023-06-03,NA,"TM2","lower","14.5",NA,NA,NA,NA,NA,NA,NA,NA,NA,NA,"0.86","16.8",NA,"P","0.0","1.0",2.2,1,1,NA,"N",NA,NA,NA,NA,NA,NA,0.5
2024-02-07,"MCW",2023,2023-06-03,NA,"TM2","lower","14.5",NA,NA,NA,NA,NA,NA,NA,NA,NA,NA,"0.59","8.1",NA,"P","1.0","1.0",1.1,1,1,NA,"N",NA,NA,NA,NA,NA,NA,0.5
2024-02-07,"MCW",2023,2023-06-03,NA,"TM2","lower","14.5",NA,NA,NA,NA,NA,NA,NA,NA,NA,NA,"0.75","13.7",NA,"P","0.0","1.0",2.4,1,1,NA,"N",NA,NA,NA,NA,NA,NA,0.5
2024-02-07,"MCW",2023,2023-06-03,NA,"TM2","lower","14.5",NA,NA,NA,NA,NA,NA,NA,NA,NA,NA,"0.92","17.7",NA,"P","0.0","2.0",5.1,1,1,NA,"N",NA,NA,NA,NA,NA,NA,0.5
2024-02-07,"MCW",2023,2023-06-03,NA,"TM2","lower","14.5",NA,NA,NA,NA,NA,NA,NA,NA,NA,NA,"0.95","17.3",NA,"P","0.0","2.0",3.8,1,1,NA,"N",NA,NA,NA,NA,NA,NA,0.5
2024-02-07,"MCW",2023,2023-06-03,NA,"TM2","lower","14.5",NA,NA,NA,NA,NA,NA,NA,NA,NA,NA,"0.86","19.2",NA,"P","0.0","2.0",4.4,1,1,NA,"N",NA,NA,NA,NA,NA,NA,0.5
2024-02-07,"MCW",2023,2023-06-03,NA,"TM2","lower","14.5",NA,NA,NA,NA,NA,NA,NA,NA,NA,NA,"0.87","12.3",NA,"P","0.0","1.0",3.4,1,1,NA,"N",NA,NA,NA,NA,NA,NA,0.5
2024-02-07,"MCW",2023,2023-06-03,NA,"TM2","lower","14.5",NA,NA,NA,NA,NA,NA,NA,NA,NA,NA,"0.96","14.3",NA,"P","0.0","1.0",4.3,1,1,NA,"N",NA,NA,NA,NA,NA,NA,0.5
2024-02-07,"MCW",2023,2023-06-03,NA,"TM2","lower","14.5",NA,NA,NA,NA,NA,NA,NA,NA,NA,NA,"0.41","10.4",NA,"P","0.0","1.0",1.8,1,1,NA,"N",NA,NA,NA,NA,NA,NA,0.5
2024-02-07,"MCW",2023,2023-06-03,NA,"TM2","lower","14.5",NA,NA,NA,NA,NA,NA,"red",141,20,14,"1.09","1.8",NA,"B",NA,NA,NA,1,1,NA,"N",NA,NA,NA,NA,NA,NA,1.09
2024-02-07,"MCW",2023,2023-06-03,NA,"TM2","lower","14.5",NA,NA,NA,NA,NA,NA,"red",596,15,15,"1.07","5.5",NA,"B",NA,NA,NA,1,1,NA,"N",NA,NA,NA,NA,NA,NA,1.07
2024-02-07,"MCW",2023,2023-06-03,NA,"TM2","lower","14.5",NA,NA,NA,NA,NA,NA,NA,NA,NA,NA,"0.71","5.2",NA,"B",NA,NA,NA,1,1,NA,"Y",NA,NA,NA,NA,NA,NA,0.5
2024-02-07,"MCW",2023,2023-06-03,NA,"TM2","lower","14.5",NA,NA,NA,NA,NA,NA,NA,NA,NA,NA,"0.98","12.0",NA,"P","0.0","2.0",2.8,1,1,NA,"Y",NA,NA,NA,NA,NA,NA,0.5
2024-02-07,"MCW",2023,2023-06-03,NA,"TM2","lower","14.5",NA,NA,NA,NA,NA,NA,NA,NA,NA,NA,"1.04","23.1",NA,"P","0.0","2.0",4.6,1,1,NA,"N",NA,NA,NA,NA,NA,"almost dead (no band added)",1.04
2024-02-07,"MCW",2023,2023-06-03,NA,"TM2","lower","14.5",NA,NA,NA,NA,NA,NA,NA,NA,NA,NA,"0.68","13.1",NA,"P","0.0","1.0",2.9,1,1,NA,"N",NA,NA,NA,NA,NA,NA,0.5
2024-02-07,"MCW",2023,2023-06-03,NA,"TM2","lower","14.5",NA,NA,NA,NA,NA,NA,NA,NA,NA,NA,"0.67","18.0",NA,"P","0.0","2.0",4.2,1,1,NA,"N",NA,NA,NA,NA,NA,NA,0.5
2024-02-07,"MCW",2023,2023-06-03,NA,"TM2","lower","14.5",NA,NA,NA,NA,NA,NA,NA,NA,NA,NA,"0.88","13.0",NA,"P","0.0","1.0",1.5,1,1,NA,"N",NA,NA,NA,NA,NA,NA,0.5
2024-02-07,"MCW",2023,2023-06-03,NA,"TM2","lower","14.5",NA,NA,NA,NA,NA,NA,NA,NA,NA,NA,"0.68","10.9",NA,"F","0.0",NA,NA,1,1,NA,"N",NA,NA,NA,NA,NA,NA,0.5
2024-02-07,"MCW",2023,2023-06-03,NA,"TM2","lower","14.5",NA,NA,NA,NA,NA,NA,NA,NA,NA,NA,"0.84","15.9",NA,"P","0.0","1.0",1.8,1,1,NA,"N",NA,NA,NA,NA,NA,NA,0.5
2024-02-07,"MCW",2023,2023-06-03,NA,"TM2","lower","14.5",NA,NA,NA,NA,NA,NA,NA,NA,NA,NA,"0.79","11.7",NA,"P","0.0","1.0",2.7,1,1,NA,"N",NA,NA,NA,NA,NA,NA,0.5
2024-02-07,"MCW",2023,2023-06-03,NA,"TM2","lower","14.5",NA,NA,NA,NA,NA,NA,NA,NA,NA,NA,"0.97","13.6",NA,"F","0.0",NA,NA,1,1,NA,"N",NA,NA,NA,NA,NA,NA,0.5
2024-02-07,"MCW",2023,2023-06-03,NA,"TM2","lower","15.0",NA,NA,NA,NA,NA,NA,NA,NA,NA,NA,"0.49","4.3",NA,"F","1.0",NA,NA,1,1,NA,"N",NA,NA,NA,NA,NA,NA,0.5
2024-02-07,"MCW",2023,2023-06-03,NA,"TM2","lower","15.0",NA,NA,NA,NA,NA,NA,NA,NA,NA,NA,"0.38","2.9",NA,"B",NA,NA,NA,1,1,NA,"N",NA,NA,NA,NA,NA,NA,0.5
2024-02-07,"MCW",2023,2023-06-03,NA,"TM2","lower","15.0",NA,NA,NA,NA,NA,NA,NA,NA,NA,NA,"0.53","5.4",NA,"P","0.0","1.0",1,1,1,NA,"N",NA,NA,NA,NA,NA,NA,0.5
2024-02-07,"MCW",2023,2023-06-03,NA,"TM2","lower","15.0",NA,NA,NA,NA,NA,NA,"red",243,35,20,"0.12","24.0",NA,"P","0.0","4.0",4.8,1,1,NA,"N",NA,NA,NA,NA,NA,NA,0.5
2024-02-07,"MCW",2023,2023-06-03,NA,"TM2","lower","15.0",NA,NA,NA,NA,NA,NA,NA,NA,NA,NA,"0.49","4.6",NA,"B",NA,NA,NA,1,1,NA,"Y",NA,NA,NA,NA,NA,NA,0.5
2024-02-07,"MCW",2023,2023-06-03,NA,"TM2","lower","15.0",NA,NA,NA,NA,NA,NA,NA,NA,NA,NA,"0.8","12.0",NA,"P","0.0","1.0",2.7,1,1,NA,"N",NA,NA,NA,NA,NA,NA,0.5
2024-02-07,"MCW",2023,2023-06-03,NA,"TM2","lower","15.0",NA,NA,NA,NA,NA,NA,NA,NA,NA,NA,"0.96","15.8",NA,"P","0.0","2.0",3.7,1,1,NA,"N",NA,NA,NA,NA,NA,NA,0.5
2024-02-07,"MCW",2023,2023-06-03,NA,"TM2","lower","15.0",NA,NA,NA,NA,NA,NA,NA,NA,NA,NA,"0.87","14.5",NA,"P","0.0","1.0",4.4,1,1,NA,"N",NA,NA,NA,NA,NA,NA,0.5
2024-02-07,"MCW",2023,2023-06-03,NA,"TM2","lower","15.0",NA,NA,NA,NA,NA,NA,NA,NA,NA,NA,"0.97","18.5",NA,"P","0.0","1.0",2.1,1,1,NA,"NN",NA,NA,NA,NA,NA,NA,0.5
2024-02-07,"MCW",2023,2023-06-03,NA,"TM2","lower","15.0",NA,NA,NA,NA,NA,NA,NA,NA,NA,NA,"0.62","10.8",NA,"B","0.0","0.0",NA,1,1,NA,"N",NA,NA,NA,NA,NA,NA,0.5
2024-02-07,"MCW",2023,2023-06-03,NA,"TM2","lower","15.0",NA,NA,NA,NA,NA,NA,NA,NA,NA,NA,"0.92","18.6",NA,"P","0.0","1.0",1.9,1,1,NA,"Y",NA,NA,NA,NA,NA,NA,0.5
2024-02-07,"MCW",2023,2023-06-03,NA,"TM2","lower","15.0",NA,NA,NA,NA,NA,NA,NA,NA,NA,NA,"0.54","13.5",NA,"F","0.0","0.0",NA,1,1,NA,"N",NA,NA,NA,NA,NA,NA,0.5
2024-02-07,"MCW",2023,2023-06-03,NA,"TM2","lower","15.0",NA,NA,NA,NA,NA,NA,"red",208,10,43,"1.05","18.1",NA,"P","0.0","2.0",4.5,1,1,NA,"N",NA,NA,NA,NA,NA,NA,1.05
2024-02-07,"MCW",2023,2023-06-03,NA,"TM2","lower","15.0",NA,NA,NA,NA,NA,NA,NA,NA,NA,NA,"0.74","16.6",NA,"P","0.0","1.0",2.8,1,1,NA,"Y",NA,NA,NA,NA,NA,NA,0.5
2024-02-07,"MCW",2023,2023-06-03,NA,"TM2","lower","15.0",NA,NA,NA,NA,NA,NA,NA,NA,NA,NA,"0.85","14.1",NA,"B","0.0","0.0",NA,1,1,NA,"N",NA,NA,NA,NA,NA,NA,0.5
2024-02-07,"MCW",2023,2023-06-03,NA,"TM2","lower","15.0",NA,NA,NA,NA,NA,NA,NA,NA,NA,NA,"0.62","10.4",NA,"P","0.0","2.0",1,1,1,NA,"N",NA,NA,NA,NA,NA,NA,0.5
2024-02-07,"MCW",2023,2023-06-03,NA,"TM2","lower","15.0",NA,NA,NA,NA,NA,NA,NA,NA,NA,NA,"0.85","18.4",NA,"P","0.0","2.0",4.1,1,1,NA,"Y",NA,NA,NA,NA,NA,NA,0.5
2024-02-07,"MCW",2023,2023-06-03,NA,"TM2","lower","15.0",NA,NA,NA,NA,NA,NA,NA,NA,NA,NA,"0.9","16.2",NA,"P","1.0","1.0",0.8,1,1,NA,"N",NA,NA,NA,NA,NA,NA,0.5
2024-02-07,"MCW",2023,2023-06-03,NA,"TM2","lower","15.0",NA,NA,NA,NA,NA,NA,NA,NA,NA,NA,"1.16","20.5",NA,"P","0.0","2.0",6,1,1,NA,"N",NA,NA,NA,NA,NA,"no leaves (no band added)",1.16
2024-02-07,"MCW",2023,2023-06-03,NA,"TM2","lower","15.0",NA,NA,NA,NA,NA,NA,NA,NA,NA,NA,"0.72","14.7",NA,"P","0.0","1.0",3.4,1,1,NA,"N",NA,NA,NA,NA,NA,NA,0.5
2024-02-07,"MCW",2023,2023-06-03,NA,"TM2","lower","15.0",NA,NA,NA,NA,NA,NA,NA,NA,NA,NA,"0.71","10.4",NA,"P","0.0","2.0",0.9,1,1,NA,"Y",NA,NA,NA,NA,NA,NA,0.5
2024-02-07,"MCW",2023,2023-06-03,NA,"TM2","lower","15.0",NA,NA,NA,NA,NA,NA,NA,NA,NA,NA,"0.85","19.2",NA,"P","0.0","1.0",3.4,1,1,NA,"N",NA,NA,NA,NA,NA,NA,0.5
2024-02-07,"MCW",2023,2023-06-03,NA,"TM2","lower","15.0",NA,NA,NA,NA,NA,NA,"red",200,3,32,"1.2","19.0",NA,"P","0.0","2.0",4.7,1,1,NA,"N",NA,NA,NA,NA,NA,NA,1.2
2024-02-07,"MCW",2023,2023-06-03,NA,"TM2","lower","15.0",NA,NA,NA,NA,NA,NA,NA,NA,NA,NA,"0.62","10.5",NA,"P","0.0","1.0",1.8,1,1,NA,"N",NA,NA,NA,NA,NA,NA,0.5
2024-02-07,"MCW",2023,2023-06-03,NA,"TM2","lower","15.0",NA,NA,NA,NA,NA,NA,NA,NA,NA,NA,"0.97","15.5",NA,"P","0.0","2.0",3.6,1,1,NA,"N",NA,NA,NA,NA,NA,NA,0.5
2024-02-07,"MCW",2023,2023-06-03,NA,"TM2","lower","15.0",NA,NA,NA,NA,NA,NA,NA,NA,NA,NA,"0.87","5.9",NA,"B","0.0","0.0",NA,1,1,NA,"N",NA,NA,NA,NA,NA,NA,0.5
2024-02-07,"MCW",2023,2023-06-03,NA,"TM2","lower","15.0",NA,NA,NA,NA,NA,NA,NA,NA,NA,NA,"0.71","15.2",NA,"F","1.0","0.0",NA,1,1,NA,"N",NA,NA,NA,NA,NA,NA,0.5
2024-02-07,"MCW",2023,2023-06-03,NA,"TM2","lower","15.0",NA,NA,NA,NA,NA,NA,NA,NA,NA,NA,"1.19","17.6",NA,"P","0.0","2.0",4.5,1,1,NA,"N",NA,NA,NA,NA,NA,"only 1 leaf (no band added)",1.19
2024-02-07,"MCW",2023,2023-06-03,NA,"TM2","lower","15.0",NA,NA,NA,NA,NA,NA,"red",570,10,25,"1.0","18.0",NA,"F","1.0","0.0",NA,1,1,NA,"N",NA,NA,NA,NA,NA,"won't survive (no band added)",1
2024-02-07,"MCW",2023,2023-06-03,NA,"TM2","lower","15.0",NA,NA,NA,NA,NA,NA,NA,NA,NA,NA,"1.07","20.5",NA,"P","0.0","1.0",4.3,1,1,NA,"N",NA,NA,NA,NA,NA,NA,1.07
2024-02-07,"MCW",2023,2023-06-03,NA,"TM2","lower","15.0",NA,NA,NA,NA,NA,NA,NA,NA,NA,NA,"0.82","12.9",NA,"P","0.0","1.0",1,1,1,NA,"N",NA,NA,NA,NA,NA,NA,0.5
2024-02-07,"MCW",2023,2023-06-03,NA,"TM2","lower","15.0",NA,NA,NA,NA,NA,NA,NA,NA,NA,NA,"0.72","7.7",NA,"F","1.0","0.0",NA,1,1,NA,"N",NA,NA,NA,NA,NA,NA,0.5
2024-02-07,"MCW",2023,2023-06-03,NA,"TM2","lower","15.0",NA,NA,NA,NA,NA,NA,"red",273,8,20,"1.07","20.7",NA,"P","0.0","2.0",4.5,1,1,NA,"N",NA,NA,NA,NA,NA,"has red pick adjacent",1.07
2024-02-07,"MCW",2023,2023-06-03,NA,"TM2","lower","15.0",NA,NA,NA,NA,NA,NA,NA,NA,NA,NA,"0.49","8.1",NA,"F","1.0","0.0",NA,1,1,NA,"Y",NA,NA,NA,NA,NA,NA,0.5
2024-02-07,"MCW",2023,2023-06-03,NA,"TM2","lower","15.5",NA,NA,NA,NA,NA,NA,NA,NA,NA,NA,"0.49","6.1",NA,"P","1.0","1.0",0.9,1,1,NA,"N",NA,NA,NA,NA,NA,NA,0.5
2024-02-07,"MCW",2023,2023-06-03,NA,"TM2","lower","15.5",NA,NA,NA,NA,NA,NA,NA,NA,NA,NA,"0.26","6.8",NA,"P","1.0","1.0",1.4,1,1,NA,"N",NA,NA,NA,NA,NA,NA,0.5
2024-02-07,"MCW",2023,2023-06-03,NA,"TM2","lower","15.5",NA,NA,NA,NA,NA,NA,NA,NA,NA,NA,"0.48","4.0",NA,"F","1.0","0.0",NA,1,1,NA,"N",NA,NA,NA,NA,NA,NA,0.5
2024-02-07,"MCW",2023,2023-06-03,NA,"TM2","lower","15.5",NA,NA,NA,NA,NA,NA,NA,NA,NA,NA,"0.77","11.8",NA,"P","0.0","1.0",3.2,1,1,NA,"N",NA,NA,NA,NA,NA,NA,0.5
2024-02-07,"MCW",2023,2023-06-03,NA,"TM2","lower","15.5",NA,NA,NA,NA,NA,NA,NA,NA,NA,NA,"0.49","1.8",NA,"V",NA,NA,NA,0,1,"0.5","N",NA,NA,NA,NA,NA,NA,0.5
2024-02-07,"MCW",2023,2023-06-03,NA,"TM2","lower","15.5",NA,NA,NA,NA,NA,NA,NA,NA,NA,NA,"0.86","9.5",NA,"P","0.0","1.0",3.6,1,1,NA,"N",NA,NA,NA,NA,NA,NA,0.5
2024-02-07,"MCW",2023,2023-06-03,NA,"TM2","lower","15.5",NA,NA,NA,NA,NA,NA,NA,NA,NA,NA,"0.69","5.6",NA,"P","0.0","1.0",1.1,1,1,NA,"N",NA,NA,NA,NA,NA,NA,0.5
2024-02-07,"MCW",2023,2023-06-03,NA,"TM2","lower","15.5",NA,NA,NA,NA,NA,NA,NA,NA,NA,NA,"0.43","6.1",NA,"P","0.0","1.0",0.6,1,1,NA,"N",NA,NA,NA,NA,NA,NA,0.5
2024-02-07,"MCW",2023,2023-06-03,NA,"TM2","lower","15.5",NA,NA,NA,NA,NA,NA,NA,NA,NA,NA,"0.96","18.7",NA,"P","0.0","2.0",4.1,1,1,NA,"N",NA,NA,NA,NA,NA,NA,0.5
2024-02-07,"MCW",2023,2023-06-03,NA,"TM2","lower","15.5",NA,NA,NA,NA,NA,NA,"red",146,40,25,"1.18","24.8",NA,"P","0.0","4.0",4.2,1,1,NA,"N",NA,NA,NA,NA,NA,NA,1.18
2024-02-07,"MCW",2023,2023-06-03,NA,"TM2","lower","15.5",NA,NA,NA,NA,NA,NA,NA,NA,NA,NA,"0.49","7.1",NA,"P","0.0","1.0",1.5,1,1,NA,"N",NA,NA,NA,NA,NA,NA,0.5
2024-02-07,"MCW",2023,2023-06-03,NA,"TM2","lower","15.5",NA,NA,NA,NA,NA,NA,NA,NA,NA,NA,"0.69","13.9",NA,"P","0.0","2.0",3.9,1,1,NA,"N",NA,NA,NA,NA,NA,NA,0.5
2024-02-07,"MCW",2023,2023-06-03,NA,"TM2","lower","15.5",NA,NA,NA,NA,NA,NA,NA,NA,NA,NA,"0.96","4.7",NA,"P","0.0","2.0",4.5,1,1,NA,"N",NA,NA,NA,NA,NA,NA,0.5
2024-02-07,"MCW",2023,2023-06-03,NA,"TM2","lower","15.5",NA,NA,NA,NA,NA,NA,NA,NA,NA,NA,"0.99","19.0",NA,"P","0.0","2.0",4.5,1,1,NA,"Y",NA,NA,NA,NA,NA,NA,0.5
2024-02-07,"MCW",2023,2023-06-03,NA,"TM2","lower","15.5",NA,NA,NA,NA,NA,NA,NA,NA,NA,NA,"0.93","19.4",NA,"P","0.0","3.0",5.1,1,1,NA,"N",NA,NA,NA,NA,NA,NA,0.5
2024-02-07,"MCW",2023,2023-06-03,NA,"TM2","lower","15.5",NA,NA,NA,NA,NA,NA,NA,NA,NA,NA,"0.44","7.5",NA,"P","0.0","0.0",NA,1,1,NA,"N",NA,NA,NA,NA,NA,NA,0.5
2024-02-07,"MCW",2023,2023-06-03,NA,"TM2","lower","15.5",NA,NA,NA,NA,NA,NA,NA,NA,NA,NA,"0.53","5.7",NA,"P","0.0","1.0",1.3,1,1,NA,"N",NA,NA,NA,NA,NA,NA,0.5
2024-02-07,"MCW",2023,2023-06-03,NA,"TM2","lower","15.5",NA,NA,NA,NA,NA,NA,NA,NA,NA,NA,"0.55","6.5",NA,"F","1.0","0.0",NA,1,1,NA,"N",NA,NA,NA,NA,NA,NA,0.5
2024-02-07,"MCW",2023,2023-06-03,NA,"TM2","lower","15.5",NA,NA,NA,NA,NA,NA,NA,NA,NA,NA,"0.31","5.8",NA,"B","0.0","0.0",NA,1,1,NA,"N",NA,NA,NA,NA,NA,NA,0.5
2024-02-07,"MCW",2023,2023-06-03,NA,"TM2","lower","15.5",NA,NA,NA,NA,NA,NA,NA,NA,NA,NA,"0.78","15.2",NA,"P","0.0","2.0",3.2,1,1,NA,"Y",NA,NA,NA,NA,NA,NA,0.5
2024-02-07,"MCW",2023,2023-06-03,NA,"TM2","lower","15.5",NA,NA,NA,NA,NA,NA,NA,NA,NA,NA,"0.73","13.1",NA,"P","0.0","1.0",3.3,1,1,NA,"N",NA,NA,NA,NA,NA,NA,0.5
2024-02-07,"MCW",2023,2023-06-03,NA,"TM2","lower","15.5",NA,NA,NA,NA,NA,NA,NA,NA,NA,NA,"0.36","7.2",NA,"P","0.0","0.0",NA,1,1,NA,"N",NA,NA,NA,NA,NA,NA,0.5
2024-02-07,"MCW",2023,2023-06-03,NA,"TM2","lower","15.5",NA,NA,NA,NA,NA,NA,NA,NA,NA,NA,"0.52","10.5",NA,"P","0.0","1.0",0.8,1,1,NA,"N",NA,NA,NA,NA,NA,NA,0.5
2024-02-08,"SHS",2023,2023-06-03,NA,"TM2","lower","15.5",NA,NA,NA,NA,NA,NA,NA,NA,NA,NA,"0.91","13.7",NA,"P","0.0","2.0",2.6,1,1,NA,"N",NA,NA,NA,NA,NA,NA,0.5
2024-02-08,"SHS",2023,2023-06-03,NA,"TM2","lower","15.5",NA,NA,NA,NA,NA,NA,NA,NA,NA,NA,"0.6","11.0",NA,"P","0.0","1.0",2.4,1,1,NA,"N",NA,NA,NA,NA,NA,NA,0.5
2024-02-08,"SHS",2023,2023-06-03,NA,"TM2","lower","15.5",NA,NA,NA,NA,NA,NA,NA,NA,NA,NA,"0.94","14.6",NA,"P","0.0","2.0",2.8,1,1,NA,"N",NA,NA,NA,NA,NA,NA,0.5
2024-02-08,"SHS",2023,2023-06-03,NA,"TM2","lower","15.5",NA,NA,NA,NA,NA,NA,NA,NA,NA,NA,"0.63","14.3",NA,"P","0.0","1.0",2.2,1,1,NA,"N",NA,NA,NA,NA,NA,NA,0.5
2024-02-08,"SHS",2023,2023-06-03,NA,"TM2","lower","15.5",NA,NA,NA,NA,NA,NA,NA,NA,NA,NA,"0.66","12.0",NA,"P","0.0","2.0",2,1,1,NA,"N",NA,NA,NA,NA,NA,NA,0.5
2024-02-08,"SHS",2023,2023-06-03,NA,"TM2","lower","15.5",NA,NA,NA,NA,NA,NA,NA,NA,NA,NA,"0.57","11.6",NA,"P","0.0","1.0",2.5,1,1,NA,"N",NA,NA,NA,NA,NA,NA,0.5
2024-02-08,"SHS",2023,2023-06-03,NA,"TM2","lower","15.5",NA,NA,NA,NA,NA,NA,NA,NA,NA,NA,"0.65","14.8",NA,"P","0.0","1.0",4.2,1,1,NA,"N",NA,NA,NA,NA,NA,NA,0.5
2024-02-08,"SHS",2023,2023-06-03,NA,"TM2","lower","15.5",NA,NA,NA,NA,NA,NA,NA,NA,NA,NA,"0.7","10.5",NA,"P","0.0","2.0",3.3,1,1,NA,"N",NA,NA,NA,NA,NA,NA,0.5
2024-02-08,"SHS",2023,2023-06-03,NA,"TM2","lower","15.5",NA,NA,NA,NA,NA,NA,NA,NA,NA,NA,"0.82","14.1",NA,"P","0.0","1.0",2.3,1,1,NA,"N",NA,NA,NA,NA,NA,NA,0.5
2024-02-08,"SHS",2023,2023-06-03,NA,"TM2","lower","15.5",NA,NA,NA,NA,NA,NA,NA,NA,NA,NA,"0.31","6.3",NA,"F","1.0","0.0",NA,1,1,NA,"N",NA,NA,NA,NA,NA,NA,0.5
2024-02-08,"SHS",2023,2023-06-03,NA,"TM2","lower","15.5",NA,NA,NA,NA,NA,NA,NA,NA,NA,NA,"0.73","13.7",NA,"P","0.0","2.0",3.8,1,1,NA,"N",NA,NA,NA,NA,NA,NA,0.5
2024-02-08,"SHS",2023,2023-06-03,NA,"TM2","lower","15.5",NA,NA,NA,NA,NA,NA,NA,NA,NA,NA,"0.44","6.1",NA,"F","1.0","0.0",NA,1,1,NA,"N",NA,NA,NA,NA,NA,NA,0.5
2024-02-08,"SHS",2023,2023-06-03,NA,"TM2","lower","15.5",NA,NA,NA,NA,NA,NA,NA,NA,NA,NA,"0.76","13.0",NA,"P","0.0","2.0",2.7,1,1,NA,"N",NA,NA,NA,NA,NA,NA,0.5
2024-02-08,"SHS",2023,2023-06-03,NA,"TM2","lower","15.5",NA,NA,NA,NA,NA,NA,NA,NA,NA,NA,"0.48","5.9",NA,"P","0.0","1.0",0.5,1,1,NA,"N",NA,NA,NA,NA,NA,NA,0.5
2024-02-08,"SHS",2023,2023-06-03,NA,"TM2","lower","15.5",NA,NA,NA,NA,NA,NA,NA,NA,NA,NA,"0.62","13.7",NA,"P","0.0","1.0",2.1,1,1,NA,"N",NA,NA,NA,NA,NA,NA,0.5
2024-02-08,"SHS",2023,2023-06-03,NA,"TM2","lower","15.5",NA,NA,NA,NA,NA,NA,NA,NA,NA,NA,"1.01","21.2",NA,"P","0.0","3.0",5.4,1,1,NA,"N",NA,NA,NA,NA,NA,"going to die;no band added",1.01
2024-02-08,"SHS",2023,2023-06-03,NA,"TM2","lower","15.5",NA,NA,NA,NA,NA,NA,NA,NA,NA,NA,"0.83","15.0",NA,"P","0.0","1.0",5.8,1,1,NA,"Y",NA,NA,NA,NA,NA,NA,0.5
2024-02-08,"SHS",2023,2023-06-03,NA,"TM2","lower","15.5",NA,NA,NA,NA,NA,NA,NA,NA,NA,NA,"0.79","14.3",NA,"P","0.0","2.0",3.4,1,1,NA,"N",NA,NA,NA,NA,NA,NA,0.5
2024-02-08,"SHS",2023,2023-06-03,NA,"TM2","lower","15.5",NA,NA,NA,NA,NA,NA,NA,NA,NA,NA,"0.65","6.1",NA,"P","0.0","1.0",1.5,1,1,NA,"N",NA,NA,NA,NA,NA,NA,0.5
2024-02-08,"SHS",2023,2023-06-03,NA,"TM2","lower","15.5",NA,NA,NA,NA,NA,NA,NA,NA,NA,NA,"0.54","5.5",NA,"V",NA,NA,NA,0,1,"0.3","Y",NA,NA,NA,NA,NA,NA,0.5
2024-02-08,"SHS",2023,2023-06-03,NA,"TM2","lower","15.5",NA,NA,NA,NA,NA,NA,NA,NA,NA,NA,"0.69","17.2",NA,"P","0.0","2.0",4.6,1,1,NA,"N",NA,NA,NA,NA,NA,NA,0.5
2024-02-08,"SHS",2023,2023-06-03,NA,"TM2","lower","15.5",NA,NA,NA,NA,NA,NA,NA,NA,NA,NA,"0.69","7.2",NA,"P","0.0","1.0",1.6,1,1,NA,"N",NA,NA,NA,NA,NA,NA,0.5
2024-02-08,"SHS",2023,2023-06-03,NA,"TM2","lower","15.5",NA,NA,NA,NA,NA,NA,NA,NA,NA,NA,"0.77","17.4",NA,"P","0.0","2.0",3.3,1,1,NA,"N",NA,NA,NA,NA,NA,NA,0.5
2024-02-08,"SHS",2023,2023-06-03,NA,"TM2","lower","15.5",NA,NA,NA,NA,NA,NA,NA,NA,NA,NA,"0.51","9.2",NA,"P","0.0","1.0",2.5,1,1,NA,"N",NA,NA,NA,NA,NA,NA,0.5
2024-02-08,"SHS",2023,2023-06-03,NA,"TM2","lower","15.5",NA,NA,NA,NA,NA,NA,NA,NA,NA,NA,"0.76","13.5",NA,"P","0.0","1.0",2.7,1,1,NA,"N",NA,NA,NA,NA,NA,NA,0.5
2024-02-08,"SHS",2023,2023-06-03,NA,"TM2","lower","15.5",NA,NA,NA,NA,NA,NA,"red",263,5,27,"1.16","22.0",NA,"P","0.0","3.0",4.6,1,1,NA,"N",NA,NA,NA,NA,NA,NA,1.16
2024-02-08,"SHS",2023,2023-06-03,NA,"TM2","lower","15.5",NA,NA,NA,NA,NA,NA,NA,NA,NA,NA,"0.3","6.6",NA,"P","0.0","1.0",1.4,1,1,NA,"Y",NA,NA,NA,NA,NA,NA,0.5
2024-02-08,"SHS",2023,2023-06-03,NA,"TM2","lower","15.5",NA,NA,NA,NA,NA,NA,NA,NA,NA,NA,"0.45","6.1",NA,"P","0.0","0.0",NA,1,1,NA,"N",NA,NA,NA,NA,NA,NA,0.5
2024-02-08,"SHS",2023,2023-06-03,NA,"TM2","lower","15.5",NA,NA,NA,NA,NA,NA,NA,NA,NA,NA,"0.77","15.0",NA,"P","0.0","2.0",2.9,1,1,NA,"N",NA,NA,NA,NA,NA,NA,0.5
2024-02-08,"SHS",2023,2023-06-03,NA,"TM2","lower","15.5",NA,NA,NA,NA,NA,NA,NA,NA,NA,NA,"0.6","7.5",NA,"P","1.0","1.0",1.6,1,1,NA,"Y",NA,NA,NA,NA,NA,NA,0.5
2024-02-08,"SHS",2023,2023-06-03,NA,"TM2","lower","15.5",NA,NA,NA,NA,NA,NA,NA,NA,NA,NA,"0.43","8.8",NA,"P","0.0","1.0",1.7,1,1,NA,"N",NA,NA,NA,NA,NA,NA,0.5
2024-02-08,"SHS",2023,2023-06-03,NA,"TM2","lower","15.5",NA,NA,NA,NA,NA,NA,NA,NA,NA,NA,"0.51","7.5",NA,"P","0.0","1.0",0.9,1,1,NA,"Y",NA,NA,NA,NA,NA,NA,0.5
2024-02-08,"SHS",2023,2023-06-03,NA,"TM2","lower","15.5",NA,NA,NA,NA,NA,NA,NA,NA,NA,NA,"0.47","14.6",NA,"F","1.0",NA,NA,1,1,NA,"N",NA,NA,NA,NA,NA,NA,0.5
2024-02-08,"SHS",2023,2023-06-03,NA,"TM2","lower","16.0",NA,NA,NA,NA,NA,NA,NA,NA,NA,NA,"0.54","11.9",NA,"P","0.0","2.0",3,1,1,NA,"N",NA,NA,NA,NA,NA,NA,0.5
2024-02-08,"SHS",2023,2023-06-03,NA,"TM2","lower","16.0",NA,NA,NA,NA,NA,NA,NA,NA,NA,NA,"0.15","5.9",NA,"P","0.0","1.0",1.3,1,1,NA,"N",NA,NA,NA,NA,NA,NA,0.5
2024-02-08,"SHS",2023,2023-06-03,NA,"TM2","lower","16.0",NA,NA,NA,NA,NA,NA,NA,NA,NA,NA,"0.81","18.6",NA,"P","0.0","2.0",4.2,1,1,NA,"N",NA,NA,NA,NA,NA,NA,0.5
2024-02-08,"SHS",2023,2023-06-03,NA,"TM2","lower","16.0",NA,NA,NA,NA,NA,NA,NA,NA,NA,NA,"0.91","15.6",NA,"P","0.0","2.0",4.1,1,1,NA,"N",NA,NA,NA,NA,NA,NA,0.5
2024-02-08,"SHS",2023,2023-06-03,NA,"TM2","lower","16.0",NA,NA,NA,NA,NA,NA,NA,NA,NA,NA,"0.51","12.5",NA,"P","0.0","2.0",3.4,1,1,NA,"N",NA,NA,NA,NA,NA,NA,0.5
2024-02-08,"SHS",2023,2023-06-03,NA,"TM2","lower","16.0",NA,NA,NA,NA,NA,NA,"red",239,19,13,"1.17","22.2",NA,"P","0.0","6.0",5.5,1,1,NA,"N",NA,NA,NA,NA,NA,NA,1.17
2024-02-08,"SHS",2023,2023-06-03,NA,"TM2","lower","16.0",NA,NA,NA,NA,NA,NA,"red",147,18,14,"1.56","30.0",NA,"P","0.0","10.0",6.5,1,1,NA,"N",NA,NA,NA,NA,NA,NA,1.56
2024-02-08,"SHS",2023,2023-06-03,NA,"TM2","lower","16.0",NA,NA,NA,NA,NA,NA,"red",107,32,23,"1.17","27.1",NA,"P","0.0","11.0",6,1,1,NA,"N",NA,NA,NA,NA,NA,NA,1.17
2024-02-08,"SHS",2023,2023-06-03,NA,"TM2","lower","16.0",NA,NA,NA,NA,NA,NA,NA,NA,NA,NA,"0.79","17.2",NA,"P","0.0","4.0",6.4,1,1,NA,"N",NA,NA,NA,NA,NA,NA,0.5
2024-02-08,"SHS",2023,2023-06-03,NA,"TM2","lower","16.0",NA,NA,NA,NA,NA,NA,NA,NA,NA,NA,"0.34","6.9",NA,"P","0.0","1.0",1.9,1,1,NA,"N",NA,NA,NA,NA,NA,NA,0.5
2024-02-08,"SHS",2023,2023-06-03,NA,"TM2","lower","16.0",NA,NA,NA,NA,NA,NA,NA,NA,NA,NA,"0.8","11.5",NA,"P","0.0","1.0",2.8,1,1,NA,"N",NA,NA,NA,NA,NA,NA,0.5
2024-02-08,"SHS",2023,2023-06-03,NA,"TM2","lower","16.0",NA,NA,NA,NA,NA,NA,"red",868,27,33,"1.49","17.6",NA,"P","0.0","5.0",4.2,1,1,NA,"N",NA,NA,NA,NA,NA,NA,1.49
2024-02-08,"SHS",2023,2023-06-03,NA,"TM2","lower","16.0",NA,NA,NA,NA,NA,NA,NA,NA,NA,NA,"0.93","15.8",NA,"P","0.0","3.0",3.6,1,1,NA,"N",NA,NA,NA,NA,NA,NA,0.5
2024-02-08,"SHS",2023,2023-06-03,NA,"TM2","lower","16.0",NA,NA,NA,NA,NA,NA,"red",120,0,40,"1.04","22.0",NA,"P","0.0","4.0",5.3,1,1,NA,"N",NA,NA,NA,NA,NA,NA,1.04
2024-02-08,"SHS",2023,2023-06-03,NA,"TM2","lower","16.0",NA,NA,NA,NA,NA,NA,NA,NA,NA,NA,"0.57","11.2",NA,"P","0.0","2.0",3.8,1,1,NA,"N",NA,NA,NA,NA,NA,NA,0.5
2024-02-08,"SHS",2023,2023-06-03,NA,"TM2","lower","16.0",NA,NA,NA,NA,NA,NA,NA,NA,NA,NA,"0.59","19.1",NA,"P","0.0","3.0",3.2,1,1,NA,"N",NA,NA,NA,NA,NA,NA,0.5
2024-02-08,"SHS",2023,2023-06-03,NA,"TM2","lower","16.0",NA,NA,NA,NA,NA,NA,"red",433,24,41,"1.17","24.0",NA,"P","0.0","7.0",6.1,1,1,NA,"N",NA,NA,NA,NA,NA,NA,1.17
2024-02-08,"SHS",2023,2023-06-03,NA,"TM2","lower","16.0",NA,NA,NA,NA,NA,NA,NA,NA,NA,NA,"0.52","13.0",NA,"P","0.0","1.0",2.4,1,1,NA,"N",NA,NA,NA,NA,NA,NA,0.5
2024-02-08,"SHS",2023,2023-06-03,NA,"TM2","lower","16.0",NA,NA,NA,NA,NA,NA,NA,NA,NA,NA,"0.66","10.7",NA,"P","0.0","1.0",3,1,1,NA,"Y",NA,NA,NA,NA,NA,NA,0.5
2024-02-08,"SHS",2023,2023-06-03,NA,"TM2","lower","16.0",NA,NA,NA,NA,NA,NA,NA,NA,NA,NA,"0.36","14.0",NA,"P","0.0","2.0",3.8,1,1,NA,"N",NA,NA,NA,NA,NA,NA,0.5
2024-02-08,"SHS",2023,2023-06-03,NA,"TM2","lower","16.0",NA,NA,NA,NA,NA,NA,NA,NA,NA,NA,"0.42","9.5",NA,"P","0.0","1.0",1.8,1,1,NA,"N",NA,NA,NA,NA,NA,NA,0.5
2024-02-08,"SHS",2023,2023-06-03,NA,"TM2","lower","16.0",NA,NA,NA,NA,NA,NA,NA,NA,NA,NA,"0.69","16.3",NA,"P","0.0","1.0",3.2,1,1,NA,"N",NA,NA,NA,NA,NA,NA,0.5
2024-02-08,"SHS",2023,2023-06-03,NA,"TM2","lower","16.0",NA,NA,NA,NA,NA,NA,NA,NA,NA,NA,"0.87","15.8",NA,"P","0.0","5.0",3.9,1,1,NA,"N",NA,NA,NA,NA,NA,NA,0.5
2024-02-08,"SHS",2023,2023-06-03,NA,"TM2","lower","16.0",NA,NA,NA,NA,NA,NA,NA,NA,NA,NA,"0.45","13.3",NA,"P","0.0","2.0",2.3,1,1,NA,"N",NA,NA,NA,NA,NA,NA,0.5
2024-02-08,"SHS",2023,2023-06-03,NA,"TM2","lower","16.5",NA,NA,NA,NA,NA,NA,"red",860,37,24,"1.81","30.4",NA,"P","0.0","24.0",6.2,1,1,NA,"N",NA,NA,NA,NA,NA,NA,1.81
2024-02-08,"SHS",2023,2023-06-03,NA,"TM2","lower","16.5",NA,NA,NA,NA,NA,NA,NA,NA,NA,NA,"0.74","9.1",NA,"P","0.0","1.0",3.2,1,1,NA,"N",NA,NA,NA,NA,NA,NA,0.5
2024-02-08,"SHS",2023,2023-06-03,NA,"TM2","lower","16.5",NA,NA,NA,NA,NA,NA,NA,NA,NA,NA,"0.91","19.0",NA,"P","0.0","5.0",4.1,1,1,NA,"N",NA,NA,NA,NA,NA,NA,0.5
2024-02-08,"SHS",2023,2023-06-03,NA,"TM2","lower","16.5",NA,NA,NA,NA,NA,NA,"red",100,29,27,"1.2","25.7",NA,"P","0.0","7.0",6.6,1,1,NA,"N",NA,NA,NA,NA,NA,NA,1.2
2024-02-08,"SHS",2023,2023-06-03,NA,"TM2","lower","16.5",NA,NA,NA,NA,NA,NA,"red",858,7,28,"1.61","30.9",NA,"P","0.0","17.0",7.5,1,1,NA,"N",NA,NA,NA,NA,NA,NA,1.61
2024-02-08,"SHS",2023,2023-06-03,NA,"TM2","lower","16.5",NA,NA,NA,NA,NA,NA,NA,NA,NA,NA,"0.97","20.4",NA,"P","0.0","3.0",6.3,1,1,NA,"N",NA,NA,NA,NA,NA,NA,0.5
2024-02-08,"SHS",2023,2023-06-03,NA,"TM2","lower","16.5",NA,NA,NA,NA,NA,NA,"red",134,45,46,"1.57","37.6",NA,"P","0.0","12.0",6.9,1,1,NA,"N",NA,NA,NA,NA,NA,NA,1.57
2024-02-08,"SHS",2023,2023-06-03,NA,"TM2","lower","16.5",NA,NA,NA,NA,NA,NA,NA,NA,NA,NA,"1.0","26.4",NA,"P","0.0","5.0",6.5,1,1,NA,"N",NA,NA,NA,NA,NA,NA,1
2024-02-08,"SHS",2023,2023-06-03,NA,"TM2","lower","16.5",NA,NA,NA,NA,NA,NA,NA,NA,NA,NA,"0.75","16.2",NA,"P","0.0","2.0",3.4,1,1,NA,"N",NA,NA,NA,NA,NA,NA,0.5
2024-02-08,"SHS",2023,2023-06-03,NA,"TM2","lower","16.5",NA,NA,NA,NA,NA,NA,"red",130,16,49,"1.8","37.3",NA,"P","0.0","21.0",6.1,1,1,NA,"N",NA,NA,NA,NA,NA,NA,1.8
2024-02-08,"SHS",2023,2023-06-03,NA,"TM2","lower","17.0",NA,NA,NA,NA,NA,NA,"red",268,12,32,"1.62","29.6",NA,"P","0.0","14.0",4.3,1,1,NA,"N",NA,NA,NA,NA,NA,NA,1.62
2024-02-08,"SHS",2023,2023-06-03,NA,"TM2","lower","17.0",NA,NA,NA,NA,NA,NA,"red",778,34,48,"1.5","38.7",NA,"P","0.0","10.0",6,1,1,NA,"N",NA,NA,NA,NA,NA,NA,1.5
2024-02-08,"SHS",2023,2023-06-03,NA,"TM2","lower","17.0",NA,NA,NA,NA,NA,NA,NA,NA,NA,NA,"0.62","8.2",NA,"P","1.0","1.0",2.1,1,1,NA,"N",NA,NA,NA,NA,NA,NA,0.5
2024-02-08,"SHS",2023,2023-06-03,NA,"TM2","lower","17.0",NA,NA,NA,NA,NA,NA,NA,NA,NA,NA,"0.81","19.1",NA,"P","0.0","3.0",4.5,1,1,NA,"N",NA,NA,NA,NA,NA,NA,0.5
2024-02-08,"SHS",2023,2023-06-03,NA,"TM2","lower","17.0",NA,NA,NA,NA,NA,NA,NA,NA,NA,NA,"0.69","19.0",NA,"P","0.0","3.0",4,1,1,NA,"N",NA,NA,NA,NA,NA,NA,0.5
2024-02-08,"SHS",2023,2023-06-03,NA,"TM2","lower","17.0",NA,NA,NA,NA,NA,NA,NA,NA,NA,NA,"0.45","11.2",NA,"P","0.0","2.0",1.8,1,1,NA,"N",NA,NA,NA,NA,NA,NA,0.5
2024-02-08,"SHS",2023,2023-06-03,NA,"TM2","lower","17.0",NA,NA,NA,NA,NA,NA,NA,NA,NA,NA,"0.53","11.2",NA,"P","0.0","1.0",2,1,1,NA,"N",NA,NA,NA,NA,NA,NA,0.5
2024-02-08,"SHS",2023,2023-06-03,NA,"TM2","lower","17.0",NA,NA,NA,NA,NA,NA,NA,NA,NA,NA,"0.94","27.6",NA,"P","0.0","6.0",6.2,1,1,NA,"N",NA,NA,NA,NA,NA,NA,0.5
2024-02-08,"SHS",2023,2023-06-03,NA,"TM2","lower","17.5",NA,NA,NA,NA,NA,NA,NA,NA,NA,NA,"0.74","14.5",NA,"P","0.0","3.0",3.7,1,1,NA,"Y",NA,NA,NA,NA,NA,NA,0.5
2024-02-08,"SHS",2023,2023-06-03,NA,"TM2","lower","17.5",NA,NA,NA,NA,NA,NA,NA,NA,NA,NA,"0.43","9.2",NA,"F","1.0","0.0",0,1,1,NA,"N",NA,NA,NA,NA,NA,NA,0.5
2024-02-08,"SHS",2023,2023-06-03,NA,"TM2","lower","17.5",NA,NA,NA,NA,NA,NA,NA,NA,NA,NA,"0.87","13.8",NA,"P","2.0","1.0",2,1,1,NA,"Y",NA,NA,NA,NA,NA,NA,0.5
2024-02-08,"SHS",2023,2023-06-03,NA,"TM2","lower","17.5",NA,NA,NA,NA,NA,NA,"red",159,8,23,"1.33","24.9",NA,"P","4.0","11.0",5.6,1,1,NA,"N",NA,NA,NA,NA,NA,NA,1.33
2024-02-08,"SHS",2023,2023-06-03,NA,"TM2","lower","17.5",NA,NA,NA,NA,NA,NA,"red",18,7,28,"1.29","21.9",NA,"P","0.0","6.0",6.1,1,1,NA,"N",NA,NA,NA,NA,NA,NA,1.29
2024-02-08,"SHS",2023,2023-06-03,NA,"TM2","lower","17.5",NA,NA,NA,NA,NA,NA,"red",124,35,40,"1.44","33.0",NA,"P","0.0","8.0",6.4,1,1,NA,"N",NA,NA,NA,NA,NA,NA,1.44
2024-02-08,"SHS",2023,2023-06-03,NA,"TM2","lower","17.5",NA,NA,NA,NA,NA,NA,"red",136,30,48,"1.75","34.5",NA,"P","0.0","10.0",6.3,1,1,NA,"N",NA,NA,NA,NA,NA,NA,1.75
2024-02-08,"SHS",2023,2023-06-03,NA,"TM2","lower","18.0",NA,NA,NA,NA,NA,NA,NA,NA,NA,NA,"0.56","7.4",NA,"P","0.0","1.0",1.7,1,1,NA,"N",NA,NA,NA,NA,NA,NA,0.5
2024-02-08,"SHS",2023,2023-06-03,NA,"TM2","lower","18.0",NA,NA,NA,NA,NA,NA,NA,NA,NA,NA,"0.65","9.0",NA,"P","1.0","1.0",3.8,1,1,NA,"N",NA,NA,NA,NA,NA,NA,0.5
2024-02-08,"SHS",2023,2023-06-03,NA,"TM2","lower","18.0",NA,NA,NA,NA,NA,NA,NA,NA,NA,NA,"0.95","8.5",NA,"F","1.0","0.0",NA,1,1,NA,"N",NA,NA,NA,NA,NA,NA,0.5
2024-02-08,"SHS",2023,2023-06-03,NA,"TM2","lower","18.5",NA,NA,NA,NA,NA,NA,NA,NA,NA,NA,"0.68","11.5",NA,"P","0.0","1.0",3.7,1,1,NA,"N",NA,NA,NA,NA,NA,NA,0.5
2024-02-08,"SHS",2023,2023-06-03,NA,"TM2","lower","18.5",NA,NA,NA,NA,NA,NA,NA,NA,NA,NA,"0.75","17.5",NA,"P","0.0","2.0",3.7,1,1,NA,"N",NA,NA,NA,NA,NA,NA,0.5
2024-02-08,"SHS",2023,2023-06-03,NA,"TM2","lower","18.5",NA,NA,NA,NA,NA,NA,"red",121,15,40,"1.11","19.6",NA,"P","0.0","3.0",4,1,1,NA,"N",NA,NA,NA,NA,NA,NA,1.11
2024-02-08,"SHS",2023,2023-06-03,NA,"TM2","lower","18.5",NA,NA,NA,NA,NA,NA,NA,NA,NA,NA,"0.83","17.5",NA,"P","0.0","1.0",4.7,1,1,NA,"N",NA,NA,NA,NA,NA,NA,0.5
2024-02-08,"SHS",2023,2023-06-03,NA,"TM2","lower","18.5",NA,NA,NA,NA,NA,NA,NA,NA,NA,NA,"0.84","19.9",NA,"P","1.0","2.0",4.7,1,1,NA,"N",NA,NA,NA,NA,NA,NA,0.5
2024-02-08,"SHS",2023,2023-06-03,NA,"TM2","lower","18.5",NA,NA,NA,NA,NA,NA,NA,NA,NA,NA,"0.35","10.2",NA,"P","0.0","1.0",2.7,1,1,NA,"Y",NA,NA,NA,NA,NA,NA,0.5
2024-02-08,"SHS",2023,2023-06-13,NA,"TM2","outcrop",NA,NA,NA,NA,NA,NA,NA,"white",14,NA,NA,"7.4","27.1",NA,"P","0.0","18.0",6,1,1,NA,"Y",NA,NA,NA,NA,NA,"Ran out of time to collect data on outcrop 6/3;came back 6/13",7.4
2024-02-08,"SHS",2023,2023-06-13,NA,"TM2","outcrop",NA,NA,NA,NA,NA,NA,NA,"white",44,NA,NA,"7.02","28.8",NA,"P","0.0","35.0",7,4,4,NA,"Y",NA,NA,NA,NA,NA,NA,7.02
2024-02-08,"SHS",2023,2023-06-13,NA,"TM2","outcrop",NA,NA,NA,NA,NA,NA,NA,"white",22,NA,NA,"4.23","28.9",NA,"P","0.0","9.0",7.2,2,2,NA,"Y",NA,NA,NA,NA,NA,NA,4.23
2024-02-08,"SHS",2023,2023-06-13,NA,"TM2","outcrop",NA,NA,NA,NA,NA,NA,NA,"white",27,NA,NA,NA,NA,NA,"X",NA,NA,NA,NA,NA,NA,NA,NA,NA,NA,NA,NA,NA,NA
2024-02-08,"SHS",2023,2023-06-13,NA,"TM2","outcrop",NA,NA,NA,NA,NA,NA,NA,"white",26,NA,NA,NA,NA,NA,"X",NA,NA,NA,NA,NA,NA,NA,NA,NA,NA,NA,NA,NA,NA
2024-02-08,"SHS",2023,2023-06-13,NA,"TM2","outcrop",NA,NA,NA,NA,NA,NA,NA,"white",34,NA,NA,"9.3","24.7",NA,"P","0.0","45.0",5.5,1,1,NA,"Y",NA,NA,NA,NA,NA,NA,9.3
2024-02-08,"SHS",2023,2023-06-13,NA,"TM2","outcrop",NA,NA,NA,NA,NA,NA,NA,"white",272,NA,NA,NA,NA,NA,"X",NA,NA,NA,NA,NA,NA,NA,NA,NA,NA,NA,NA,NA,NA
2024-02-08,"SHS",2023,2023-06-13,NA,"TM2","outcrop",NA,NA,NA,NA,NA,NA,NA,"white",911,NA,NA,"5.63","24.4",NA,"P","0.0","13.0",4.8,3,3,NA,"Y",NA,NA,NA,NA,NA,NA,5.63
2024-02-08,"SHS",2023,2023-06-13,NA,"TM2","outcrop",NA,NA,NA,NA,NA,NA,NA,"white",47,NA,NA,NA,NA,NA,"X",NA,NA,NA,NA,NA,NA,NA,NA,NA,NA,NA,NA,NA,NA
2024-02-08,"SHS",2023,2023-06-13,NA,"TM2","outcrop",NA,NA,NA,NA,NA,NA,NA,"white",63,NA,NA,"5.79","44.5",NA,"P","0.0","27.0",7.4,4,4,NA,"Y",NA,NA,NA,NA,NA,NA,5.79
2024-02-08,"SHS",2023,2023-06-13,NA,"TM2","outcrop",NA,NA,NA,NA,NA,NA,NA,"white",98,NA,NA,"5.37","12.3",NA,"V","0.0","0.0",0,0,3,"3.1","Y",NA,NA,NA,NA,NA,NA,5.37
2024-02-08,"SHS",2023,2023-06-13,NA,"TM2","outcrop",NA,NA,NA,NA,NA,NA,NA,"white",83,NA,NA,"9.15","75.2",NA,"P","0.0","114.0",8.7,1,1,NA,NA,NA,NA,NA,NA,NA,NA,9.15
2024-02-08,"SHS",2023,2023-06-13,NA,"TM2","outcrop",NA,NA,NA,NA,NA,NA,NA,"white",17,NA,NA,"9.71","69.1",NA,"P","0.0","173.0",8.7,1,1,NA,"Y",NA,NA,NA,NA,NA,NA,9.71
2024-02-08,"SHS",2023,2023-06-13,NA,"TM2","outcrop",NA,NA,NA,NA,NA,NA,NA,"white",957,NA,NA,NA,NA,NA,"X",NA,NA,NA,NA,NA,NA,NA,NA,NA,NA,NA,NA,NA,NA
2024-02-08,"SHS",2023,2023-06-13,NA,"TM2","outcrop",NA,NA,NA,NA,NA,NA,NA,"white",36,NA,NA,NA,NA,NA,"X",NA,NA,NA,NA,NA,NA,NA,NA,NA,NA,NA,NA,NA,NA
2024-02-08,"SHS",2023,2023-06-13,NA,"TM2","outcrop",NA,NA,NA,NA,NA,NA,NA,"white",23,NA,NA,NA,NA,NA,"X",NA,NA,NA,NA,NA,NA,NA,NA,NA,NA,NA,NA,NA,NA
2024-02-08,"SHS",2023,2023-06-13,NA,"TM2","outcrop",NA,NA,NA,NA,NA,NA,NA,"white",48,NA,NA,"5.03","30.3",NA,"P","0.0","10.0",5.9,1,2,NA,"Y",NA,NA,NA,NA,NA,NA,5.03
2024-02-08,"SHS",2023,2023-06-13,NA,"TM2","outcrop",NA,NA,NA,NA,NA,NA,NA,"white",53,NA,NA,"4.2","46.8",NA,"P","0.0","46.0",7.7,1,1,NA,"Y",NA,NA,NA,NA,NA,NA,4.2
2024-02-08,"SHS",2023,2023-06-13,NA,"TM2","outcrop",NA,NA,NA,NA,NA,NA,NA,"white",15,NA,NA,NA,NA,NA,NA,NA,NA,NA,NA,NA,NA,NA,NA,NA,NA,NA,NA,"Could not find",NA
2024-02-08,"SHS",2023,2023-06-13,NA,"TM2","outcrop",NA,NA,NA,NA,NA,NA,NA,"white",33,NA,NA,NA,NA,NA,NA,NA,NA,NA,NA,NA,NA,NA,NA,NA,NA,NA,NA,"Checked map no plant",NA
2024-02-08,"SHS",2023,2023-06-13,NA,"TM2","outcrop",NA,NA,NA,NA,NA,NA,NA,"red",437,NA,NA,"2.01","6.3",NA,"V","0.0","0.0",0,0,1,"2.6","Y",NA,NA,NA,NA,NA,NA,2.01
2024-02-08,"SHS",2023,2023-06-13,NA,"TM2","outcrop",NA,NA,NA,NA,NA,NA,NA,"red",222,NA,NA,"1.28","4.8",NA,"V","0.0","0.0",0,0,1,"2.5","Y",NA,NA,NA,NA,NA,NA,1.28
2024-02-08,"SHS",2023,2023-06-13,NA,"TM2","outcrop",NA,NA,NA,NA,NA,NA,NA,"red",266,NA,NA,"1.14","5.2",NA,"V","0.0","0.0",0,0,1,"2.1","Y",NA,NA,NA,NA,NA,NA,1.14
2024-02-08,"SHS",2023,2023-06-13,NA,"TM2","outcrop",NA,NA,NA,NA,NA,NA,NA,"red",80,NA,NA,"1.85","5.8",NA,"V","0.0","0.0",0,0,1,"2.5","Y",NA,NA,NA,NA,NA,NA,1.85
2024-02-08,"SHS",2023,2023-06-13,NA,"TM2","outcrop",NA,NA,NA,NA,NA,NA,NA,"red",597,NA,NA,"1.24","4.9",NA,"V","0.0","0.0",0,0,1,"2.1","Y",NA,NA,NA,NA,NA,NA,1.24
2024-02-08,"SHS",2023,2023-06-13,NA,"TM2","outcrop",NA,NA,NA,NA,NA,NA,NA,"red",78,NA,NA,"2.04","5.4",NA,"V","0.0","0.0",0,0,1,"2.4","Y",NA,NA,NA,NA,NA,NA,2.04
2024-02-08,"SHS",2023,2023-06-13,NA,"TM2","outcrop",NA,NA,NA,NA,NA,NA,NA,"red",395,NA,NA,"2.79","11.5",NA,"V","0.0","0.0",0,0,1,"3.5","Y",NA,NA,NA,NA,NA,NA,2.79
2024-02-08,"SHS",2023,2023-06-13,NA,"TM2","outcrop",NA,NA,NA,NA,NA,NA,NA,"red",569,NA,NA,"2.25","12.4",NA,"V","0.0","0.0",0,0,1,"2.7","Y",NA,NA,NA,NA,NA,NA,2.25
2024-02-08,"SHS",2023,2023-06-13,NA,"TM2","outcrop",NA,NA,NA,NA,NA,NA,NA,"red",41,NA,NA,"2.54","39.0",NA,"P","0.0","5.0",6,1,1,NA,"Y",NA,NA,NA,NA,NA,NA,2.54
2024-02-08,"SHS",2023,2023-06-13,NA,"TM2","outcrop",NA,NA,NA,NA,NA,NA,NA,"red",62,NA,NA,"0.84","5.3",NA,"V","0.0","0.0",0,0,1,"1.7","Y",NA,NA,NA,NA,NA,NA,0.5
2024-02-08,"SHS",2023,2023-06-13,NA,"TM2","outcrop",NA,NA,NA,NA,NA,NA,NA,"red",89,NA,NA,"3.03","36.2",NA,"P","0.0","22.0",7.4,1,1,NA,"Y",NA,NA,NA,NA,NA,NA,3.03
2024-02-08,"SHS",2023,2023-06-13,NA,"TM2","outcrop",NA,NA,NA,NA,NA,NA,NA,"red",258,NA,NA,"1.95","14.0",NA,"B","0.0","0.0",0,1,1,NA,"Y",NA,NA,NA,NA,NA,NA,1.95
2024-02-08,"SHS",2023,2023-06-13,NA,"TM2","outcrop",NA,NA,NA,NA,NA,NA,NA,"red",40,NA,NA,"1.64","22.8",NA,"P","0.0","4.0",5.1,1,1,NA,"Y",NA,NA,NA,NA,NA,NA,1.64
2024-02-08,"SHS",2023,2023-06-13,NA,"TM2","outcrop",NA,NA,NA,NA,NA,NA,NA,"red",423,NA,NA,"1.66","17.2",NA,"V","0.0","0.0",0,1,1,"2.7","N",NA,NA,NA,NA,NA,NA,1.66
2024-02-08,"SHS",2023,2023-06-13,NA,"TM2","outcrop",NA,NA,NA,NA,NA,NA,NA,"red",60,NA,NA,"3.08","25.5",NA,"P","0.0","3.0",4.7,1,1,NA,"Y",NA,NA,NA,NA,NA,NA,3.08
2024-02-08,"SHS",2023,2023-06-13,NA,"TM2","outcrop",NA,NA,NA,NA,NA,NA,NA,"red",33,NA,NA,"4.54","26.6",NA,"P","0.0","8.0",6.5,1,1,NA,"Y",NA,NA,NA,NA,NA,NA,4.54
2024-02-08,"SHS",2023,2023-06-13,NA,"TM2","outcrop",NA,NA,NA,NA,NA,NA,NA,"red",1521,NA,NA,"1.26","12.2",NA,"P","0.0","1.0",1.7,1,1,NA,"Y",NA,NA,NA,NA,NA,NA,1.26
2024-02-08,"SHS",2023,2023-06-13,NA,"TM2","outcrop",NA,NA,NA,NA,NA,NA,NA,"red",39,NA,NA,"3.27","29.5",NA,"P","0.0","11.0",6.8,1,1,NA,"Y",NA,NA,NA,NA,NA,NA,3.27
2024-02-08,"SHS",2023,2023-06-13,NA,"TM2","outcrop",NA,NA,NA,NA,NA,NA,NA,"red",226,NA,NA,"1.99","29.0",NA,"P","0.0","3.0",5.3,1,1,NA,"Y",NA,NA,NA,NA,NA,"buds",1.99
2024-02-08,"SHS",2023,2023-06-13,NA,"TM2","outcrop",NA,NA,NA,NA,NA,NA,NA,"red",202,NA,NA,"1.35","9.2",NA,"V","0.0","0.0",0,0,1,"2.4","Y",NA,NA,NA,NA,NA,NA,1.35
