"Census_date","Site","Transect_plot","Quad","Phenology","Xcoord","Ycoord","Stem_diam_mm","Height_cm","Num_total_branches","Longest_leaf_cm","Num_flowers","Num_fruits","Longest_fruit_cm","Num_repro_branches","Notes","Census_year","Year_marked","Entered_by","Date_entered","Collected_by","Tag","2018tag","2019tag","Band","Band_color","Band_num","Pick_color","Sword_color","Canopy_width_cm","Leaf_thickness_mm","Buds","Herbivory","Num_leaves","Category_herbivory","Stem_diam_mm_UFA"
2017-07-26,"WL1","1","0","V",8,9,"<1","0.7",1,"0.3",NA,NA,NA,NA,"2 spring germ dead",2017,NA,NA,NA,NA,NA,NA,NA,NA,NA,NA,NA,NA,NA,NA,NA,NA,NA,NA,0.5
2017-07-26,"WL1","1","0.5",NA,NA,NA,NA,NA,NA,NA,NA,NA,NA,NA,NA,2017,NA,NA,NA,NA,NA,NA,NA,NA,NA,NA,NA,NA,NA,NA,NA,NA,NA,NA,NA
2017-07-26,"WL1","1","1",NA,NA,NA,NA,NA,NA,NA,NA,NA,NA,NA,NA,2017,NA,NA,NA,NA,NA,NA,NA,NA,NA,NA,NA,NA,NA,NA,NA,NA,NA,NA,NA
2017-07-26,"WL1","1","1.5",NA,NA,NA,NA,NA,NA,NA,NA,NA,NA,NA,NA,2017,NA,NA,NA,NA,NA,NA,NA,NA,NA,NA,NA,NA,NA,NA,NA,NA,NA,NA,NA
2017-07-26,"WL1","1","2","V",10,43,"<1","1.0",1,"0.5",NA,NA,NA,NA,"spring germ",2017,NA,NA,NA,NA,NA,NA,NA,NA,NA,NA,NA,NA,NA,NA,NA,NA,NA,NA,0.5
2017-07-26,"WL1","1","2.5",NA,NA,NA,NA,NA,NA,NA,NA,NA,NA,NA,NA,2017,NA,NA,NA,NA,NA,NA,NA,NA,NA,NA,NA,NA,NA,NA,NA,NA,NA,NA,NA
2017-07-26,"WL1","1","3",NA,NA,NA,NA,NA,NA,NA,NA,NA,NA,NA,NA,2017,NA,NA,NA,NA,NA,NA,NA,NA,NA,NA,NA,NA,NA,NA,NA,NA,NA,NA,NA
2017-07-26,"WL1","1","3.5",NA,NA,NA,NA,NA,NA,NA,NA,NA,NA,NA,"spring germ & 2 fall germ dead",2017,NA,NA,NA,NA,NA,NA,NA,NA,NA,NA,NA,NA,NA,NA,NA,NA,NA,NA,NA
2017-07-26,"WL1","1","4",NA,NA,NA,NA,NA,NA,NA,NA,NA,NA,NA,NA,2017,NA,NA,NA,NA,NA,NA,NA,NA,NA,NA,NA,NA,NA,NA,NA,NA,NA,NA,NA
2017-07-26,"WL1","1","4.5",NA,NA,NA,NA,NA,NA,NA,NA,NA,NA,NA,"spring germ & 2 fall germ dead",2017,NA,NA,NA,NA,NA,NA,NA,NA,NA,NA,NA,NA,NA,NA,NA,NA,NA,NA,NA
2017-07-26,"WL1","1","5",NA,NA,NA,NA,NA,NA,NA,NA,NA,NA,NA,"spring germ dead",2017,NA,NA,NA,NA,NA,NA,NA,NA,NA,NA,NA,NA,NA,NA,NA,NA,NA,NA,NA
2017-07-26,"WL1","1","5.5",NA,NA,NA,NA,NA,NA,NA,NA,NA,NA,NA,"3 spring, 1 fall germ dead",2017,NA,NA,NA,NA,NA,NA,NA,NA,NA,NA,NA,NA,NA,NA,NA,NA,NA,NA,NA
2017-07-26,"WL1","1","6",NA,NA,NA,NA,NA,NA,NA,NA,NA,NA,NA,"1 fall dead",2017,NA,NA,NA,NA,NA,NA,NA,NA,NA,NA,NA,NA,NA,NA,NA,NA,NA,NA,NA
2017-07-26,"WL1","1","6.5",NA,NA,NA,NA,NA,NA,NA,NA,NA,NA,NA,"1 spring, 1 fall dead",2017,NA,NA,NA,NA,NA,NA,NA,NA,NA,NA,NA,NA,NA,NA,NA,NA,NA,NA,NA
2017-07-26,"WL1","1","7",NA,NA,NA,NA,NA,NA,NA,NA,NA,NA,NA,NA,2017,NA,NA,NA,NA,NA,NA,NA,NA,NA,NA,NA,NA,NA,NA,NA,NA,NA,NA,NA
2017-07-26,"WL1","1","7.5",NA,NA,NA,NA,NA,NA,NA,NA,NA,NA,NA,"1 fall dead",2017,NA,NA,NA,NA,NA,NA,NA,NA,NA,NA,NA,NA,NA,NA,NA,NA,NA,NA,NA
2017-07-26,"WL1","1","8",NA,NA,NA,NA,NA,NA,NA,NA,NA,NA,NA,"3 spring dead",2017,NA,NA,NA,NA,NA,NA,NA,NA,NA,NA,NA,NA,NA,NA,NA,NA,NA,NA,NA
2017-07-26,"WL1","1","8.5",NA,NA,NA,NA,NA,NA,NA,NA,NA,NA,NA,"1 spring dead",2017,NA,NA,NA,NA,NA,NA,NA,NA,NA,NA,NA,NA,NA,NA,NA,NA,NA,NA,NA
2017-07-26,"WL1","1","9",NA,NA,NA,NA,NA,NA,NA,NA,NA,NA,NA,"1 spring, 1 fall dead",2017,NA,NA,NA,NA,NA,NA,NA,NA,NA,NA,NA,NA,NA,NA,NA,NA,NA,NA,NA
2017-07-26,"WL1","1","9.5",NA,NA,NA,NA,NA,NA,NA,NA,NA,NA,NA,NA,2017,NA,NA,NA,NA,NA,NA,NA,NA,NA,NA,NA,NA,NA,NA,NA,NA,NA,NA,NA
2017-07-26,"WL1","2","0","V",5,25,"~1","3.1",1,"0.9",NA,NA,NA,NA,NA,2017,NA,NA,NA,NA,NA,NA,NA,NA,NA,NA,NA,NA,NA,NA,NA,NA,NA,NA,0.5
2017-07-26,"WL1","2","0.5","V",25,38,"<1","1.6",1,"0.3",NA,NA,NA,NA,NA,2017,NA,NA,NA,NA,NA,NA,NA,NA,NA,NA,NA,NA,NA,NA,NA,NA,NA,NA,0.5
2017-07-26,"WL1","2","1","V",16,18,"<1","2.5",1,"1.0",NA,NA,NA,NA,NA,2017,NA,NA,NA,NA,NA,NA,NA,NA,NA,NA,NA,NA,NA,NA,NA,NA,NA,NA,0.5
2017-07-26,"WL1","2","1","V",33,39,"~1","2.9",1,"1.8",NA,NA,NA,NA,NA,2017,NA,NA,NA,NA,NA,NA,NA,NA,NA,NA,NA,NA,NA,NA,NA,NA,NA,NA,0.5
2017-07-26,"WL1","2","1","V",34,38,"<1","1.6",1,"0.6",NA,NA,NA,NA,"herbivory",2017,NA,NA,NA,NA,NA,NA,NA,NA,NA,NA,NA,NA,NA,NA,NA,NA,NA,NA,0.5
2017-07-26,"WL1","2","1","V",33,41,"<1","2.0",1,"1.7",NA,NA,NA,NA,NA,2017,NA,NA,NA,NA,NA,NA,NA,NA,NA,NA,NA,NA,NA,NA,NA,NA,NA,NA,0.5
2017-07-26,"WL1","2","1","V",33.5,43,"<1","1.1",1,"0.3",NA,NA,NA,NA,NA,2017,NA,NA,NA,NA,NA,NA,NA,NA,NA,NA,NA,NA,NA,NA,NA,NA,NA,NA,0.5
2017-07-26,"WL1","2","1","V",44,19,"<1","1.2",1,"1.3",NA,NA,NA,NA,NA,2017,NA,NA,NA,NA,NA,NA,NA,NA,NA,NA,NA,NA,NA,NA,NA,NA,NA,NA,0.5
2017-07-26,"WL1","2","1","V",49,23,"~1","3.1",1,"1.1",NA,NA,NA,NA,NA,2017,NA,NA,NA,NA,NA,NA,NA,NA,NA,NA,NA,NA,NA,NA,NA,NA,NA,NA,0.5
2017-07-26,"WL1","2","1.5","V",26,19,"<1","4.2",1,"1.1",NA,NA,NA,NA,NA,2017,NA,NA,NA,NA,NA,NA,NA,NA,NA,NA,NA,NA,NA,NA,NA,NA,NA,NA,0.5
2017-07-26,"WL1","2","1.5","V",29,4,"<1","2.4",1,"1.1",NA,NA,NA,NA,NA,2017,NA,NA,NA,NA,NA,NA,NA,NA,NA,NA,NA,NA,NA,NA,NA,NA,NA,NA,0.5
2017-07-26,"WL1","2","1.5","V",43,2,"<1","2.3",1,"1.1",NA,NA,NA,NA,NA,2017,NA,NA,NA,NA,NA,NA,NA,NA,NA,NA,NA,NA,NA,NA,NA,NA,NA,NA,0.5
2017-07-26,"WL1","2","1.5","V",46,14,"~1","3.0",1,"2.9",NA,NA,NA,NA,NA,2017,NA,NA,NA,NA,NA,NA,NA,NA,NA,NA,NA,NA,NA,NA,NA,NA,NA,NA,0.5
2017-07-26,"WL1","2","2","V",9,45,"<1","1.6",1,"1.1",NA,NA,NA,NA,NA,2017,NA,NA,NA,NA,NA,NA,NA,NA,NA,NA,NA,NA,NA,NA,NA,NA,NA,NA,0.5
2017-07-26,"WL1","2","2","V",38,32,"<1","2.1",1,"0.6",NA,NA,NA,NA,NA,2017,NA,NA,NA,NA,NA,NA,NA,NA,NA,NA,NA,NA,NA,NA,NA,NA,NA,NA,0.5
2017-07-26,"WL1","2","2","V",39,23,"<1","2.5",1,"1.8",NA,NA,NA,NA,NA,2017,NA,NA,NA,NA,NA,NA,NA,NA,NA,NA,NA,NA,NA,NA,NA,NA,NA,NA,0.5
2017-07-26,"WL1","2","2","V",47,28,"~1","2.9",1,"2.0",NA,NA,NA,NA,NA,2017,NA,NA,NA,NA,NA,NA,NA,NA,NA,NA,NA,NA,NA,NA,NA,NA,NA,NA,0.5
2017-07-26,"WL1","2","2.5","V",5,28,"<1","1.2",1,"0.6",NA,NA,NA,NA,NA,2017,NA,NA,NA,NA,NA,NA,NA,NA,NA,NA,NA,NA,NA,NA,NA,NA,NA,NA,0.5
2017-07-26,"WL1","2","2.5","V",23,34,"<1","1.9",1,"1.7",NA,NA,NA,NA,NA,2017,NA,NA,NA,NA,NA,NA,NA,NA,NA,NA,NA,NA,NA,NA,NA,NA,NA,NA,0.5
2017-07-26,"WL1","2","3","V",10,48,"<1","3.1",1,"1.1",NA,NA,NA,NA,NA,2017,NA,NA,NA,NA,NA,NA,NA,NA,NA,NA,NA,NA,NA,NA,NA,NA,NA,NA,0.5
2017-07-26,"WL1","2","3","V",34,9,"<1","2.1",1,"1.5",NA,NA,NA,NA,NA,2017,NA,NA,NA,NA,NA,NA,NA,NA,NA,NA,NA,NA,NA,NA,NA,NA,NA,NA,0.5
2017-07-26,"WL1","2","3","V",48,10,"<1","2.2",1,"1.8",NA,NA,NA,NA,NA,2017,NA,NA,NA,NA,NA,NA,NA,NA,NA,NA,NA,NA,NA,NA,NA,NA,NA,NA,0.5
2017-07-26,"WL1","2","3","V",39,45,"<1","1.7",1,"0.8",NA,NA,NA,NA,NA,2017,NA,NA,NA,NA,NA,NA,NA,NA,NA,NA,NA,NA,NA,NA,NA,NA,NA,NA,0.5
2017-07-26,"WL1","2","3.5","V",10,19,"<1","2.1",1,"1.2",NA,NA,NA,NA,NA,2017,NA,NA,NA,NA,NA,NA,NA,NA,NA,NA,NA,NA,NA,NA,NA,NA,NA,NA,0.5
2017-07-26,"WL1","2","3.5","V",9,32,"<1","1.2",1,"0.8",NA,NA,NA,NA,NA,2017,NA,NA,NA,NA,NA,NA,NA,NA,NA,NA,NA,NA,NA,NA,NA,NA,NA,NA,0.5
2017-07-26,"WL1","2","3.5","V",14,49,"<1","1.5",1,"1.4",NA,NA,NA,NA,NA,2017,NA,NA,NA,NA,NA,NA,NA,NA,NA,NA,NA,NA,NA,NA,NA,NA,NA,NA,0.5
2017-07-26,"WL1","2","3.5","V",28,19,"<1","1.3",1,"0.9",NA,NA,NA,NA,NA,2017,NA,NA,NA,NA,NA,NA,NA,NA,NA,NA,NA,NA,NA,NA,NA,NA,NA,NA,0.5
2017-07-26,"WL1","2","3.5","V",33,5,"<1","1.9",1,"1.4",NA,NA,NA,NA,NA,2017,NA,NA,NA,NA,NA,NA,NA,NA,NA,NA,NA,NA,NA,NA,NA,NA,NA,NA,0.5
2017-07-26,"WL1","2","3.5","V",35,20,"<1","3.8",1,"0.6",NA,NA,NA,NA,"coming out from rock, elongated ?",2017,NA,NA,NA,NA,NA,NA,NA,NA,NA,NA,NA,NA,NA,NA,NA,NA,NA,NA,0.5
2017-07-26,"WL1","2","3.5","V",37,11,"<1","2.5",1,"0.8",NA,NA,NA,NA,NA,2017,NA,NA,NA,NA,NA,NA,NA,NA,NA,NA,NA,NA,NA,NA,NA,NA,NA,NA,0.5
2017-07-26,"WL1","2","3.5","V",37,27,"<1","1.6",1,"0.9",NA,NA,NA,NA,NA,2017,NA,NA,NA,NA,NA,NA,NA,NA,NA,NA,NA,NA,NA,NA,NA,NA,NA,NA,0.5
2017-07-26,"WL1","2","3.5","V",39,39,"<1","1.8",1,"1.2",NA,NA,NA,NA,NA,2017,NA,NA,NA,NA,NA,NA,NA,NA,NA,NA,NA,NA,NA,NA,NA,NA,NA,NA,0.5
2017-07-26,"WL1","2","3.5","V",42,6,"<1","1.2",1,"1.3",NA,NA,NA,NA,NA,2017,NA,NA,NA,NA,NA,NA,NA,NA,NA,NA,NA,NA,NA,NA,NA,NA,NA,NA,0.5
2017-07-26,"WL1","2","4","V",11,21,"<1","2.0",1,"1.1",NA,NA,NA,NA,NA,2017,NA,NA,NA,NA,NA,NA,NA,NA,NA,NA,NA,NA,NA,NA,NA,NA,NA,NA,0.5
2017-07-26,"WL1","2","4","V",18,27,"<1","1.1",1,"0.6",NA,NA,NA,NA,NA,2017,NA,NA,NA,NA,NA,NA,NA,NA,NA,NA,NA,NA,NA,NA,NA,NA,NA,NA,0.5
2017-07-26,"WL1","2","4.5",NA,NA,NA,NA,NA,NA,NA,NA,NA,NA,NA,NA,2017,NA,NA,NA,NA,NA,NA,NA,NA,NA,NA,NA,NA,NA,NA,NA,NA,NA,NA,NA
2017-07-26,"WL1","2","5",NA,NA,NA,NA,NA,NA,NA,NA,NA,NA,NA,NA,2017,NA,NA,NA,NA,NA,NA,NA,NA,NA,NA,NA,NA,NA,NA,NA,NA,NA,NA,NA
2017-07-26,"WL1","2","5.5","V",17,49,"<1","2.8",1,"1.2",NA,NA,NA,NA,NA,2017,NA,NA,NA,NA,NA,NA,NA,NA,NA,NA,NA,NA,NA,NA,NA,NA,NA,NA,0.5
2017-07-26,"WL1","2","6","V",29,44,"<1","2.8",1,"1.1",NA,NA,NA,NA,"herbivory",2017,NA,NA,NA,NA,NA,NA,NA,NA,NA,NA,NA,NA,NA,NA,NA,NA,NA,NA,0.5
2017-07-26,"WL1","2","6","V",49,38,"~1","2.2",1,"1.7",NA,NA,NA,NA,NA,2017,NA,NA,NA,NA,NA,NA,NA,NA,NA,NA,NA,NA,NA,NA,NA,NA,NA,NA,0.5
2017-07-26,"WL1","2","6.5","V",7,33,"<1","2.5",1,"0.9",NA,NA,NA,NA,NA,2017,NA,NA,NA,NA,NA,NA,NA,NA,NA,NA,NA,NA,NA,NA,NA,NA,NA,NA,0.5
2017-07-26,"WL1","2","6.5","V",8,30,"<1","2.2",1,"1.1",NA,NA,NA,NA,NA,2017,NA,NA,NA,NA,NA,NA,NA,NA,NA,NA,NA,NA,NA,NA,NA,NA,NA,NA,0.5
2017-07-26,"WL1","2","6.5","V",18,38,"<1","2.0",1,"1.4",NA,NA,NA,NA,NA,2017,NA,NA,NA,NA,NA,NA,NA,NA,NA,NA,NA,NA,NA,NA,NA,NA,NA,NA,0.5
2017-07-26,"WL1","2","6.5","V",37,13,"<1","1.2",1,"0.6",NA,NA,NA,NA,NA,2017,NA,NA,NA,NA,NA,NA,NA,NA,NA,NA,NA,NA,NA,NA,NA,NA,NA,NA,0.5
2017-07-26,"WL1","2","7",NA,NA,NA,NA,NA,NA,NA,NA,NA,NA,NA,NA,2017,NA,NA,NA,NA,NA,NA,NA,NA,NA,NA,NA,NA,NA,NA,NA,NA,NA,NA,NA
2017-07-26,"WL1","2","7.5",NA,NA,NA,NA,NA,NA,NA,NA,NA,NA,NA,NA,2017,NA,NA,NA,NA,NA,NA,NA,NA,NA,NA,NA,NA,NA,NA,NA,NA,NA,NA,NA
2017-07-26,"WL1","2","8","V",8,38,"<1","1.4",1,"1.0",NA,NA,NA,NA,NA,2017,NA,NA,NA,NA,NA,NA,NA,NA,NA,NA,NA,NA,NA,NA,NA,NA,NA,NA,0.5
2017-07-26,"WL1","2","8.5","V",9,3,"<1","1.8",1,"0.9",NA,NA,NA,NA,NA,2017,NA,NA,NA,NA,NA,NA,NA,NA,NA,NA,NA,NA,NA,NA,NA,NA,NA,NA,0.5
2017-07-26,"WL1","2","8.5","V",12,19,"<1","1.1",1,"0.5",NA,NA,NA,NA,NA,2017,NA,NA,NA,NA,NA,NA,NA,NA,NA,NA,NA,NA,NA,NA,NA,NA,NA,NA,0.5
2017-07-26,"WL1","3","0","V",35,9,"<1","1.6",1,"0.8",NA,NA,NA,NA,NA,2017,NA,NA,NA,NA,NA,NA,NA,NA,NA,NA,NA,NA,NA,NA,NA,NA,NA,NA,0.5
2017-07-26,"WL1","3","0.5","V",16,5,"<1","2.5",1,"0.9",NA,NA,NA,NA,NA,2017,NA,NA,NA,NA,NA,NA,NA,NA,NA,NA,NA,NA,NA,NA,NA,NA,NA,NA,0.5
2017-07-26,"WL1","3","0.5","V",25,23,"<1","1.9",2,"0.6",NA,NA,NA,NA,"tiny branched veg!",2017,NA,NA,NA,NA,NA,NA,NA,NA,NA,NA,NA,NA,NA,NA,NA,NA,NA,NA,0.5
2017-07-26,"WL1","3","0.5","V",30,24,"<1","1.5",1,"1.1",NA,NA,NA,NA,NA,2017,NA,NA,NA,NA,NA,NA,NA,NA,NA,NA,NA,NA,NA,NA,NA,NA,NA,NA,0.5
2017-07-26,"WL1","3","0.5","V",32,27,"<1","1.6",1,"0.8",NA,NA,NA,NA,NA,2017,NA,NA,NA,NA,NA,NA,NA,NA,NA,NA,NA,NA,NA,NA,NA,NA,NA,NA,0.5
2017-07-26,"WL1","3","0.5","V",25,42,"~1","5.1",1,"1.5",NA,NA,NA,NA,NA,2017,NA,NA,NA,NA,NA,NA,NA,NA,NA,NA,NA,NA,NA,NA,NA,NA,NA,NA,0.5
2017-07-26,"WL1","3","0.5","V",28,50,"~1","4.4",1,"1.6",NA,NA,NA,NA,NA,2017,NA,NA,NA,NA,NA,NA,NA,NA,NA,NA,NA,NA,NA,NA,NA,NA,NA,NA,0.5
2017-07-26,"WL1","3","1","V",11,15,"<1","1.9",1,"1.4",NA,NA,NA,NA,NA,2017,NA,NA,NA,NA,NA,NA,NA,NA,NA,NA,NA,NA,NA,NA,NA,NA,NA,NA,0.5
2017-07-26,"WL1","3","1","V",2,35,"<1","1.9",1,"0.7",NA,NA,NA,NA,NA,2017,NA,NA,NA,NA,NA,NA,NA,NA,NA,NA,NA,NA,NA,NA,NA,NA,NA,NA,0.5
2017-07-26,"WL1","3","1","V",18,22,"<1","2.6",1,"1.0",NA,NA,NA,NA,NA,2017,NA,NA,NA,NA,NA,NA,NA,NA,NA,NA,NA,NA,NA,NA,NA,NA,NA,NA,0.5
2017-07-26,"WL1","3","1","V",37,3,"<1","1.1",1,"0.7",NA,NA,NA,NA,NA,2017,NA,NA,NA,NA,NA,NA,NA,NA,NA,NA,NA,NA,NA,NA,NA,NA,NA,NA,0.5
2017-07-26,"WL1","3","1","V",38,5,"<1","1.2",1,"0.6",NA,NA,NA,NA,NA,2017,NA,NA,NA,NA,NA,NA,NA,NA,NA,NA,NA,NA,NA,NA,NA,NA,NA,NA,0.5
2017-07-26,"WL1","3","1","V",39,3,"<1","1.9",1,"1.3",NA,NA,NA,NA,NA,2017,NA,NA,NA,NA,NA,NA,NA,NA,NA,NA,NA,NA,NA,NA,NA,NA,NA,NA,0.5
2017-07-26,"WL1","3","1","V",40,11,"<1","1.5",1,"0.9",NA,NA,NA,NA,NA,2017,NA,NA,NA,NA,NA,NA,NA,NA,NA,NA,NA,NA,NA,NA,NA,NA,NA,NA,0.5
2017-07-26,"WL1","3","1","V",45,8,"<1","2.1",1,"1.1",NA,NA,NA,NA,NA,2017,NA,NA,NA,NA,NA,NA,NA,NA,NA,NA,NA,NA,NA,NA,NA,NA,NA,NA,0.5
2017-07-26,"WL1","3","1","V",42,34,"<1","2.6",1,"1.1",NA,NA,NA,NA,NA,2017,NA,NA,NA,NA,NA,NA,NA,NA,NA,NA,NA,NA,NA,NA,NA,NA,NA,NA,0.5
2017-07-26,"WL1","3","1.5","V",41,23,"<1","2.2",1,"0.7",NA,NA,NA,NA,NA,2017,NA,NA,NA,NA,NA,NA,NA,NA,NA,NA,NA,NA,NA,NA,NA,NA,NA,NA,0.5
2017-07-26,"WL1","3","1.5","V",42,40,"<1","1.9",1,"0.9",NA,NA,NA,NA,NA,2017,NA,NA,NA,NA,NA,NA,NA,NA,NA,NA,NA,NA,NA,NA,NA,NA,NA,NA,0.5
2017-07-26,"WL1","3","2","V",14,24,"<1","1.1",1,"~1",NA,NA,NA,NA,"wilted leaves",2017,NA,NA,NA,NA,NA,NA,NA,NA,NA,NA,NA,NA,NA,NA,NA,NA,NA,NA,0.5
2017-07-26,"WL1","3","2","V",20,34,"<1","3.1",1,"1.1",NA,NA,NA,NA,NA,2017,NA,NA,NA,NA,NA,NA,NA,NA,NA,NA,NA,NA,NA,NA,NA,NA,NA,NA,0.5
2017-07-26,"WL1","3","2","V",28,10,"<1","2.0",1,"1.2",NA,NA,NA,NA,NA,2017,NA,NA,NA,NA,NA,NA,NA,NA,NA,NA,NA,NA,NA,NA,NA,NA,NA,NA,0.5
2017-07-26,"WL1","3","2.5","V",10,36,"<1","1.7",1,"0.9",NA,NA,NA,NA,NA,2017,NA,NA,NA,NA,NA,NA,NA,NA,NA,NA,NA,NA,NA,NA,NA,NA,NA,NA,0.5
2017-07-26,"WL1","3","2.5","V",23,44,"<1","0.8",1,"~0.5",NA,NA,NA,NA,"wilted leaves",2017,NA,NA,NA,NA,NA,NA,NA,NA,NA,NA,NA,NA,NA,NA,NA,NA,NA,NA,0.5
2017-07-26,"WL1","3","3","V",7,47,"<1","1.7",1,"0.9",NA,NA,NA,NA,NA,2017,NA,NA,NA,NA,NA,NA,NA,NA,NA,NA,NA,NA,NA,NA,NA,NA,NA,NA,0.5
2017-07-26,"WL1","3","3.5","V",2,25,"<1","1.2",1,"~0.6",NA,NA,NA,NA,"very wilted",2017,NA,NA,NA,NA,NA,NA,NA,NA,NA,NA,NA,NA,NA,NA,NA,NA,NA,NA,0.5
2017-07-26,"WL1","3","3.5","V",3,34,"<1","2.6",1,"0.9",NA,NA,NA,NA,NA,2017,NA,NA,NA,NA,NA,NA,NA,NA,NA,NA,NA,NA,NA,NA,NA,NA,NA,NA,0.5
2017-07-26,"WL1","3","3.5","V",5,52,"<1","3.6",1,"1.1",NA,NA,NA,NA,"herbivory",2017,NA,NA,NA,NA,NA,NA,NA,NA,NA,NA,NA,NA,NA,NA,NA,NA,NA,NA,0.5
2017-07-26,"WL1","3","3.5","V",13,1,"<1","2.5",1,"1.2",NA,NA,NA,NA,NA,2017,NA,NA,NA,NA,NA,NA,NA,NA,NA,NA,NA,NA,NA,NA,NA,NA,NA,NA,0.5
2017-07-26,"WL1","3","3.5","V",27,40,"~1","3.5",1,"1.6",NA,NA,NA,NA,NA,2017,NA,NA,NA,NA,NA,NA,NA,NA,NA,NA,NA,NA,NA,NA,NA,NA,NA,NA,0.5
2017-07-26,"WL1","3","4","V",22,14,"<1","2.4",1,"1.1",NA,NA,NA,NA,NA,2017,NA,NA,NA,NA,NA,NA,NA,NA,NA,NA,NA,NA,NA,NA,NA,NA,NA,NA,0.5
2017-07-26,"WL1","3","4","V",31,47,"<1","2.1",1,"0.9",NA,NA,NA,NA,NA,2017,NA,NA,NA,NA,NA,NA,NA,NA,NA,NA,NA,NA,NA,NA,NA,NA,NA,NA,0.5
2017-07-26,"WL1","3","4","V",45,40,"<1","1.3",1,"0.7",NA,NA,NA,NA,NA,2017,NA,NA,NA,NA,NA,NA,NA,NA,NA,NA,NA,NA,NA,NA,NA,NA,NA,NA,0.5
2017-07-26,"WL1","3","4","V",45,46,"<1","1.1",1,"0.4",NA,NA,NA,NA,NA,2017,NA,NA,NA,NA,NA,NA,NA,NA,NA,NA,NA,NA,NA,NA,NA,NA,NA,NA,0.5
2017-07-26,"WL1","3","4","V",47,46,"<1","1.1",1,"0.4",NA,NA,NA,NA,NA,2017,NA,NA,NA,NA,NA,NA,NA,NA,NA,NA,NA,NA,NA,NA,NA,NA,NA,NA,0.5
2017-07-26,"WL1","3","4.5","V",8,7,"<1","1.1",1,"0.4",NA,NA,NA,NA,NA,2017,NA,NA,NA,NA,NA,NA,NA,NA,NA,NA,NA,NA,NA,NA,NA,NA,NA,NA,0.5
2017-07-26,"WL1","3","4.5","V",25,44,"<1","3.4",1,"1.6",NA,NA,NA,NA,NA,2017,NA,NA,NA,NA,NA,NA,NA,NA,NA,NA,NA,NA,NA,NA,NA,NA,NA,NA,0.5
2018-07-06,"WL1","1","0","V",NA,NA,"~1","3.5",1,"1.3",NA,NA,NA,NA,NA,2018,NA,NA,NA,"Eva, Mimi, & Niel",NA,NA,NA,NA,NA,NA,"blu",NA,NA,NA,NA,"N",NA,NA,0.5
2018-07-06,"WL1","1","0.5","V",45,16,"1.33","3.7",1,"1.5",NA,NA,NA,NA,NA,2018,NA,NA,NA,"Eva, Mimi, & Niel",NA,NA,NA,NA,"blu",NA,"blu",NA,NA,NA,NA,"N",NA,NA,1.33
2018-07-06,"WL1","1","0.5","V",42,6,"1.12","3.2",1,"1.1",NA,NA,NA,NA,NA,2018,NA,NA,NA,"Eva, Mimi, & Niel",NA,NA,NA,NA,"blu",NA,"blu",NA,NA,NA,NA,"N",NA,NA,1.12
2018-07-06,"WL1","1","1","V",7,11,"~1","2.4",1,"0.9",NA,NA,NA,NA,NA,2018,NA,NA,NA,"Eva, Mimi, & Niel",NA,NA,NA,NA,"blu",NA,"blu",NA,NA,NA,NA,"N",NA,NA,0.5
2018-07-06,"WL1","1","1","V",10,0,"1.53","5.3",1,"1.6",NA,NA,NA,NA,NA,2018,NA,NA,NA,"Eva, Mimi, & Niel",NA,NA,NA,NA,"blu",NA,"blu",NA,NA,NA,NA,"N",NA,NA,1.53
2018-07-06,"WL1","1","1","X",NA,NA,NA,NA,NA,NA,NA,NA,NA,NA,NA,2018,NA,NA,NA,"Eva, Mimi, & Niel",NA,NA,NA,NA,NA,NA,"blu",NA,NA,NA,NA,NA,NA,NA,NA
2018-07-06,"WL1","1","1.5","V",30,32,"1.45","3.2",1,"1.9",NA,NA,NA,NA,NA,2018,NA,NA,NA,"Eva, Mimi, & Niel",NA,NA,NA,NA,"blu",NA,"blu",NA,NA,NA,NA,"N",NA,NA,1.45
2018-07-06,"WL1","1","2","X",NA,NA,NA,NA,NA,NA,NA,NA,NA,NA,NA,2018,NA,NA,NA,"Eva, Mimi, & Niel",NA,NA,NA,NA,NA,NA,"red",NA,NA,NA,NA,NA,NA,NA,NA
2018-07-06,"WL1","1","2","V",NA,NA,"<1","2.3",1,"0.7",NA,NA,NA,NA,"starting to die",2018,NA,NA,NA,"Eva, Mimi, & Niel",NA,NA,NA,NA,NA,NA,"red",NA,NA,NA,NA,"N",NA,NA,0.5
2018-07-06,"WL1","1","2","X",40,39,NA,NA,NA,NA,NA,NA,NA,NA,NA,2018,NA,NA,NA,"Eva, Mimi, & Niel",NA,NA,NA,NA,"blu",NA,"blu",NA,NA,NA,NA,NA,NA,NA,NA
2018-07-06,"WL1","1","2.5","V",NA,NA,"~1","2.2",1,"1.0",NA,NA,NA,NA,NA,2018,NA,NA,NA,"Eva, Mimi, & Niel",NA,NA,NA,NA,NA,NA,"blu",NA,NA,NA,NA,"N",NA,NA,0.5
2018-07-06,"WL1","1","3","X",NA,NA,NA,NA,NA,NA,NA,NA,NA,NA,NA,2018,NA,NA,NA,"Eva, Mimi, & Niel",NA,NA,NA,NA,NA,NA,"red",NA,NA,NA,NA,NA,NA,NA,NA
2018-07-06,"WL1","1","3","V",34,50,"1.23","4.0",1,"1.6",NA,NA,NA,NA,NA,2018,NA,NA,NA,"Eva, Mimi, & Niel",NA,NA,NA,NA,"blu",NA,"blu",NA,NA,NA,NA,"N",NA,NA,1.23
2018-07-06,"WL1","1","3.5","X",NA,NA,NA,NA,NA,NA,NA,NA,NA,NA,NA,2018,NA,NA,NA,"Eva, Mimi, & Niel",NA,NA,NA,NA,NA,NA,"blu",NA,NA,NA,NA,NA,NA,NA,NA
2018-07-06,"WL1","1","3.5","V",32,5,"~1","3.0",1,"1.5",NA,NA,NA,NA,NA,2018,NA,NA,NA,"Eva, Mimi, & Niel",NA,NA,NA,NA,"blu",NA,"red",NA,NA,NA,NA,"N",NA,NA,0.5
2018-07-06,"WL1","1","4",NA,NA,NA,NA,NA,NA,NA,NA,NA,NA,NA,NA,2018,NA,NA,NA,"Eva, Mimi, & Niel",NA,NA,NA,NA,NA,NA,NA,NA,NA,NA,NA,"no plants",NA,NA,NA
2018-07-06,"WL1","1","4.5","V",15,27,"<1","2.0",1,"0.5",NA,NA,NA,NA,NA,2018,NA,NA,NA,"Eva, Mimi, & Niel",NA,NA,NA,NA,"blu",NA,"blu",NA,NA,NA,NA,"N",NA,NA,0.5
2018-07-06,"WL1","1","4.5","V",27,38,"<1","4.0",1,"0.8",NA,NA,NA,NA,NA,2018,NA,NA,NA,"Eva, Mimi, & Niel",NA,NA,NA,NA,"blu",NA,"blu",NA,NA,NA,NA,"N",NA,NA,0.5
2018-07-06,"WL1","1","5",NA,NA,NA,NA,NA,NA,NA,NA,NA,NA,NA,NA,2018,NA,NA,NA,"Eva, Mimi, & Niel",NA,NA,NA,NA,NA,NA,NA,NA,NA,NA,NA,"no plants",NA,NA,NA
2018-07-06,"WL1","1","5.5","X",NA,NA,NA,NA,NA,NA,NA,NA,NA,NA,NA,2018,NA,NA,NA,"Eva, Mimi, & Niel",NA,NA,NA,NA,NA,NA,"blu",NA,NA,NA,NA,NA,NA,NA,NA
2018-07-06,"WL1","1","5.5","V",43,8,"~1","3.0",1,"1.0",NA,NA,NA,NA,NA,2018,NA,NA,NA,"Eva, Mimi, & Niel",NA,NA,NA,NA,"blu",NA,"blu",NA,NA,NA,NA,"N",NA,NA,0.5
2018-07-06,"WL1","1","6","X",NA,NA,NA,NA,NA,NA,NA,NA,NA,NA,NA,2018,NA,NA,NA,"Eva, Mimi, & Niel",NA,NA,NA,NA,NA,NA,"blu",NA,NA,NA,NA,NA,NA,NA,NA
2018-07-06,"WL1","1","6","X",NA,NA,NA,NA,NA,NA,NA,NA,NA,NA,NA,2018,NA,NA,NA,"Eva, Mimi, & Niel",NA,NA,NA,NA,NA,NA,"blu",NA,NA,NA,NA,NA,NA,NA,NA
2018-07-06,"WL1","1","6","X",NA,NA,NA,NA,NA,NA,NA,NA,NA,NA,NA,2018,NA,NA,NA,"Eva, Mimi, & Niel",NA,NA,NA,NA,NA,NA,"blu",NA,NA,NA,NA,NA,NA,NA,NA
2018-07-06,"WL1","1","6","X",NA,NA,NA,NA,NA,NA,NA,NA,NA,NA,NA,2018,NA,NA,NA,"Eva, Mimi, & Niel",NA,NA,NA,NA,NA,NA,"blu",NA,NA,NA,NA,NA,NA,NA,NA
2018-07-06,"WL1","1","6","X",NA,NA,NA,NA,NA,NA,NA,NA,NA,NA,NA,2018,NA,NA,NA,"Eva, Mimi, & Niel",NA,NA,NA,NA,NA,NA,"blu",NA,NA,NA,NA,NA,NA,NA,NA
2018-07-06,"WL1","1","6.5",NA,NA,NA,NA,NA,NA,NA,NA,NA,NA,NA,"no plants",2018,NA,NA,NA,"Eva, Mimi, & Niel",NA,NA,NA,NA,NA,NA,NA,NA,NA,NA,NA,NA,NA,NA,NA
2018-07-06,"WL1","1","7",NA,NA,NA,NA,NA,NA,NA,NA,NA,NA,NA,"no plants",2018,NA,NA,NA,"Eva, Mimi, & Niel",NA,NA,NA,NA,NA,NA,NA,NA,NA,NA,NA,NA,NA,NA,NA
2018-07-06,"WL1","1","7.5",NA,NA,NA,NA,NA,NA,NA,NA,NA,NA,NA,"no plants",2018,NA,NA,NA,"Eva, Mimi, & Niel",NA,NA,NA,NA,NA,NA,NA,NA,NA,NA,NA,NA,NA,NA,NA
2018-07-06,"WL1","1","8",NA,NA,NA,NA,NA,NA,NA,NA,NA,NA,NA,"no plants",2018,NA,NA,NA,"Eva, Mimi, & Niel",NA,NA,NA,NA,NA,NA,NA,NA,NA,NA,NA,NA,NA,NA,NA
2018-07-06,"WL1","1","8.5","V",NA,NA,"<1","2.1",1,"0.5",NA,NA,NA,NA,NA,2018,NA,NA,NA,"Eva, Mimi, & Niel",NA,NA,NA,NA,NA,NA,"blu",NA,NA,NA,NA,"N",NA,NA,0.5
2018-07-06,"WL1","1","9",NA,NA,NA,NA,NA,NA,NA,NA,NA,NA,NA,"no plants",2018,NA,NA,NA,"Eva, Mimi, & Niel",NA,NA,NA,NA,NA,NA,NA,NA,NA,NA,NA,NA,NA,NA,NA
2018-07-06,"WL1","1","9.5",NA,NA,NA,NA,NA,NA,NA,NA,NA,NA,NA,"no plants",2018,NA,NA,NA,"Eva, Mimi, & Niel",NA,NA,NA,NA,NA,NA,NA,NA,NA,NA,NA,NA,NA,NA,NA
2018-07-06,"WL1","2","0","X",NA,NA,NA,NA,NA,NA,NA,NA,NA,NA,NA,2018,NA,NA,NA,"Eva, Mimi, & Niel",NA,NA,NA,NA,NA,NA,"neon grn",NA,NA,NA,NA,NA,NA,NA,NA
2018-07-06,"WL1","2","0.5","V",NA,NA,"<1","2.2",0.3,NA,NA,NA,NA,NA,NA,2018,NA,NA,NA,"Eva, Mimi, & Niel",NA,NA,NA,NA,NA,NA,"neon grn",NA,NA,NA,NA,"N",NA,NA,0.5
2018-07-06,"WL1","2","0.5","V",NA,NA,"<1","2.4",0.5,NA,NA,NA,NA,NA,NA,2018,NA,NA,NA,"Eva, Mimi, & Niel",NA,NA,NA,NA,NA,NA,"neon grn",NA,NA,NA,NA,"N",NA,NA,0.5
2018-07-06,"WL1","2","0.5","V",11,24,"<1","3.9",0.8,NA,NA,NA,NA,NA,NA,2018,NA,NA,NA,"Eva, Mimi, & Niel",NA,NA,NA,NA,"blu",NA,"neon grn",NA,NA,NA,NA,"N",NA,NA,0.5
2018-07-06,"WL1","2","0.5","X",NA,NA,NA,NA,NA,NA,NA,NA,NA,NA,NA,2018,NA,NA,NA,"Eva, Mimi, & Niel",NA,NA,NA,NA,NA,NA,"neon grn",NA,NA,NA,NA,NA,NA,NA,NA
2018-07-06,"WL1","2","0.5","X",NA,NA,NA,NA,NA,NA,NA,NA,NA,NA,NA,2018,NA,NA,NA,"Eva, Mimi, & Niel",NA,NA,NA,NA,NA,NA,"neon grn",NA,NA,NA,NA,NA,NA,NA,NA
2018-07-06,"WL1","2","1","X",NA,NA,NA,NA,NA,NA,NA,NA,NA,NA,NA,2018,NA,NA,NA,"Eva, Mimi, & Niel",NA,NA,NA,NA,NA,NA,"neon grn",NA,NA,NA,NA,NA,NA,NA,NA
2018-07-06,"WL1","2","1","X",NA,NA,NA,NA,NA,NA,NA,NA,NA,NA,NA,2018,NA,NA,NA,"Eva, Mimi, & Niel",NA,NA,NA,NA,NA,NA,"neon grn",NA,NA,NA,NA,NA,NA,NA,NA
2018-07-06,"WL1","2","1","X",NA,NA,NA,NA,NA,NA,NA,NA,NA,NA,NA,2018,NA,NA,NA,"Eva, Mimi, & Niel",NA,NA,NA,NA,NA,NA,"neon grn",NA,NA,NA,NA,NA,NA,NA,NA
2018-07-06,"WL1","2","1","X",NA,NA,NA,NA,NA,NA,NA,NA,NA,NA,NA,2018,NA,NA,NA,"Eva, Mimi, & Niel",NA,NA,NA,NA,NA,NA,"neon grn",NA,NA,NA,NA,NA,NA,NA,NA
2018-07-06,"WL1","2","1","F",13,17,"1.85","16.6",1,NA,"4.0","1.0",2.6,1,NA,2018,NA,NA,NA,"Eva, Mimi, & Niel",NA,NA,NA,NA,"red",NA,NA,"red",NA,NA,NA,"N",NA,NA,1.85
2018-07-06,"WL1","2","1","X",NA,NA,NA,NA,NA,NA,NA,NA,NA,NA,NA,2018,NA,NA,NA,"Eva, Mimi, & Niel",NA,NA,NA,NA,"red",NA,NA,NA,NA,NA,NA,NA,NA,NA,NA
2018-07-06,"WL1","2","1","X",NA,NA,NA,NA,NA,NA,NA,NA,NA,NA,NA,2018,NA,NA,NA,"Eva, Mimi, & Niel",NA,NA,NA,NA,NA,NA,"grn",NA,NA,NA,NA,NA,NA,NA,NA
2018-07-06,"WL1","2","1","V",NA,NA,"<1","2.6",1,"0.5",NA,NA,NA,NA,NA,2018,NA,NA,NA,"Eva, Mimi, & Niel",NA,NA,NA,NA,"red",NA,NA,NA,NA,NA,NA,"N",NA,NA,0.5
2018-07-06,"WL1","2","1","V",NA,NA,"~1","4.1",1,"1.6",NA,NA,NA,NA,NA,2018,NA,NA,NA,"Eva, Mimi, & Niel",NA,NA,NA,NA,"red",NA,NA,NA,NA,NA,NA,"N",NA,NA,0.5
2018-07-06,"WL1","2","1","V",31,36,"2.25","3.7",1,"0.0",NA,NA,NA,NA,"no true leaves, apical meristem gone",2018,NA,NA,NA,"Eva, Mimi, & Niel",NA,NA,NA,NA,"red",NA,NA,NA,NA,NA,NA,"Y",NA,NA,2.25
2018-07-06,"WL1","2","1","F",48,23,"1.96","21.0",3,NA,"4.0","4.0",6.2,3,"apical meristem gone",2018,NA,NA,NA,"Eva, Mimi, & Niel",NA,NA,NA,NA,"red",NA,NA,"red",NA,NA,NA,"Y",NA,NA,1.96
2018-07-06,"WL1","2","1.5","F",26,20.5,"1.27","16.6",1,NA,"3.0","1.0",1.5,1,"apical meristem gone",2018,NA,NA,NA,"Eva, Mimi, & Niel",NA,NA,NA,NA,"red",NA,NA,"red",NA,NA,NA,"Y",NA,NA,1.27
2018-07-06,"WL1","2","1.5","F",29,6,"1.86","13.6",1,NA,"2.0","1.0",2.2,1,"apical meristem gone",2018,NA,NA,NA,"Eva, Mimi, & Niel",NA,NA,NA,NA,"red",NA,NA,"blu",NA,NA,NA,"Y",NA,NA,1.86
2018-07-06,"WL1","2","1.5","P",42,3.7,"1.43","13.4",1,NA,"0.0","2.0",3.7,1,NA,2018,NA,NA,NA,"Eva, Mimi, & Niel",NA,NA,NA,NA,"red",NA,NA,"white",NA,NA,NA,"N",NA,NA,1.43
2018-07-06,"WL1","2","1.5","P",45,15,"2.86","19.3",1,NA,"0.0","6.0",5.8,1,NA,2018,NA,NA,NA,"Eva, Mimi, & Niel",NA,NA,NA,NA,"red",NA,NA,"white",NA,NA,NA,"N",NA,NA,2.86
2018-07-06,"WL1","2","2","X",NA,NA,NA,NA,NA,NA,NA,NA,NA,NA,NA,2018,NA,NA,NA,"Eva, Mimi, & Niel",NA,NA,NA,NA,NA,NA,"neon grn",NA,NA,NA,NA,NA,NA,NA,NA
2018-07-06,"WL1","2","2","X",NA,NA,NA,NA,NA,NA,NA,NA,NA,NA,NA,2018,NA,NA,NA,"Eva, Mimi, & Niel",NA,NA,NA,NA,NA,NA,"neon grn",NA,NA,NA,NA,NA,NA,NA,NA
2018-07-06,"WL1","2","2","X",NA,NA,NA,NA,NA,NA,NA,NA,NA,NA,NA,2018,NA,NA,NA,"Eva, Mimi, & Niel",NA,NA,NA,NA,NA,NA,"neon grn",NA,NA,NA,NA,NA,NA,NA,NA
2018-07-06,"WL1","2","2","X",NA,NA,NA,NA,NA,NA,NA,NA,NA,NA,NA,2018,NA,NA,NA,"Eva, Mimi, & Niel",NA,NA,NA,NA,NA,NA,"grn",NA,NA,NA,NA,NA,NA,NA,NA
2018-07-06,"WL1","2","2","V",NA,NA,"<1","1.3",1,"0.4",NA,NA,NA,NA,NA,2018,NA,NA,NA,"Eva, Mimi, & Niel",NA,NA,NA,NA,NA,NA,"neon grn",NA,NA,NA,NA,"N",NA,NA,0.5
2018-07-06,"WL1","2","2","V",NA,NA,"<1","1.5",1,"0.3",NA,NA,NA,NA,NA,2018,NA,NA,NA,"Eva, Mimi, & Niel",NA,NA,NA,NA,NA,NA,"neon grn",NA,NA,NA,NA,"N",NA,NA,0.5
2018-07-06,"WL1","2","2","V",NA,NA,"<1","2.2",1,"0.3",NA,NA,NA,NA,NA,2018,NA,NA,NA,"Eva, Mimi, & Niel",NA,NA,NA,NA,NA,NA,"red",NA,NA,NA,NA,"N",NA,NA,0.5
2018-07-06,"WL1","2","2","V",NA,NA,"<1","1.3",1,"0.2",NA,NA,NA,NA,"poss. Dying",2018,NA,NA,NA,"Eva, Mimi, & Niel",NA,NA,NA,NA,NA,NA,"red",NA,NA,NA,NA,"N",NA,NA,0.5
2018-07-06,"WL1","2","2","X",NA,NA,NA,NA,NA,NA,NA,NA,NA,NA,NA,2018,NA,NA,NA,"Eva, Mimi, & Niel",NA,NA,NA,NA,NA,NA,"neon grn",NA,NA,NA,NA,NA,NA,NA,NA
2018-07-06,"WL1","2","2","X",NA,NA,NA,NA,NA,NA,NA,NA,NA,NA,NA,2018,NA,NA,NA,"Eva, Mimi, & Niel",NA,NA,NA,NA,"red",NA,NA,NA,NA,NA,NA,NA,NA,NA,NA
2018-07-06,"WL1","2","2","P",40,25,"1.0","12.7",3,NA,"0.0","4.0",4.4,3,"apical meristem damage",2018,NA,NA,NA,"Eva, Mimi, & Niel",NA,NA,NA,NA,"red",NA,NA,"white",NA,NA,NA,"Y",NA,NA,1
2018-07-06,"WL1","2","2","P",50,30,"2.2","19.5",3,NA,"0.0","18.0",6.8,3,NA,2018,NA,NA,NA,"Eva, Mimi, & Niel",NA,NA,NA,NA,"red",NA,NA,"red",NA,NA,NA,"N",NA,NA,2.2
2018-07-06,"WL1","2","2.5","X",NA,NA,NA,NA,NA,NA,NA,NA,NA,NA,NA,2018,NA,NA,NA,"Eva, Mimi, & Niel",NA,NA,NA,NA,"red",NA,NA,NA,NA,NA,NA,NA,NA,NA,NA
2018-07-06,"WL1","2","2.5","X",NA,NA,NA,NA,NA,NA,NA,NA,NA,NA,NA,2018,NA,NA,NA,"Eva, Mimi, & Niel",NA,NA,NA,NA,"red",NA,NA,NA,NA,NA,NA,NA,NA,NA,NA
2018-07-06,"WL1","2","2.5","V",8,26,"<1","2.1",1,"0.5",NA,NA,NA,NA,NA,2018,NA,NA,NA,"Eva, Mimi, & Niel",NA,NA,NA,NA,"blu",NA,"neon grn",NA,NA,NA,NA,"N",NA,NA,0.5
2018-07-06,"WL1","2","2.5","V",NA,NA,"<1","1.6",1,"0.4",NA,NA,NA,NA,NA,2018,NA,NA,NA,"Eva, Mimi, & Niel",NA,NA,NA,NA,NA,NA,"neon grn",NA,NA,NA,NA,"N",NA,NA,0.5
2018-07-06,"WL1","2","3","X",NA,NA,NA,NA,NA,NA,NA,NA,NA,NA,NA,2018,NA,NA,NA,"Eva, Mimi, & Niel",NA,NA,NA,NA,"red",NA,NA,NA,NA,NA,NA,NA,NA,NA,NA
2018-07-06,"WL1","2","3","P",35,5,"1.98","21.5",3,NA,"0.0","6.0",6,3,NA,2018,NA,NA,NA,"Eva, Mimi, & Niel",NA,NA,NA,NA,"red",NA,NA,"red",NA,NA,NA,"N",NA,NA,1.98
2018-07-06,"WL1","2","3","P",48,10,"2.43","31.5",3,NA,"0.0","22.0",6.2,3,"apical meristem damage",2018,NA,NA,NA,"Eva, Mimi, & Niel",NA,NA,NA,NA,"red",NA,NA,"red",NA,NA,NA,"Y",NA,NA,2.43
2018-07-06,"WL1","2","3","X",NA,NA,NA,NA,NA,NA,NA,NA,NA,NA,NA,2018,NA,NA,NA,"Eva, Mimi, & Niel",NA,NA,NA,NA,"red",NA,NA,NA,NA,NA,NA,NA,NA,NA,NA
2018-07-06,"WL1","2","3.5","P",7,20,"1.45","23.0",2,NA,"0.0","4.0",6.4,2,NA,2018,NA,NA,NA,"Eva, Mimi, & Niel",NA,NA,NA,NA,"red",NA,NA,"white",NA,NA,NA,"N",NA,NA,1.45
2018-07-06,"WL1","2","3.5","X",NA,NA,NA,NA,NA,NA,NA,NA,NA,NA,NA,2018,NA,NA,NA,"Eva, Mimi, & Niel",NA,NA,NA,NA,"red",NA,NA,NA,NA,NA,NA,NA,NA,NA,NA
2018-07-06,"WL1","2","3.5","P",17,31,"1.46","22.0",1,NA,"0.0","5.0",6.1,1,NA,2018,NA,NA,NA,"Eva, Mimi, & Niel",NA,NA,NA,NA,"red",NA,NA,"white",NA,NA,NA,"N",NA,NA,1.46
2018-07-06,"WL1","2","3.5","P",50,15,"1.89","29.0",2,NA,"0.0","7.0",5.2,2,NA,2018,NA,NA,NA,"Eva, Mimi, & Niel",NA,NA,NA,NA,"red",NA,NA,"white",NA,NA,NA,"N",NA,NA,1.89
2018-07-06,"WL1","2","3.5","V",27,34,"<1","1.1",1,"0.1",NA,NA,NA,NA,NA,2018,NA,NA,NA,"Eva, Mimi, & Niel",NA,NA,NA,NA,"blu",NA,"neon grn",NA,NA,NA,NA,"N",NA,NA,0.5
2018-07-06,"WL1","2","3.5","V",NA,NA,"<1","0.8",1,"0.2",NA,NA,NA,NA,NA,2018,NA,NA,NA,"Eva, Mimi, & Niel",NA,NA,NA,NA,NA,NA,"neon grn",NA,NA,NA,NA,"N",NA,NA,0.5
2018-07-06,"WL1","2","3.5","V",NA,NA,"<1","1.0",1,"0.3",NA,NA,NA,NA,NA,2018,NA,NA,NA,"Eva, Mimi, & Niel",NA,NA,NA,NA,NA,NA,"neon grn",NA,NA,NA,NA,"N",NA,NA,0.5
2018-07-06,"WL1","2","3.5","V",25,30,"<1","1.5",1,"0.4",NA,NA,NA,NA,NA,2018,NA,NA,NA,"Eva, Mimi, & Niel",NA,NA,NA,NA,"blu",NA,"neon grn",NA,NA,NA,NA,"N",NA,NA,0.5
2018-07-06,"WL1","2","3.5","V",NA,NA,"<1","2.1",1,"0.5",NA,NA,NA,NA,NA,2018,NA,NA,NA,"Eva, Mimi, & Niel",NA,NA,NA,NA,NA,NA,"neon grn",NA,NA,NA,NA,"N",NA,NA,0.5
2018-07-06,"WL1","2","3.5","P",37,20,"1.33","20.1",1,NA,"0.0","4.0",6.3,1,NA,2018,NA,NA,NA,"Eva, Mimi, & Niel",NA,NA,NA,NA,"red",NA,NA,"white",NA,NA,NA,"N",NA,NA,1.33
2018-07-06,"WL1","2","3.5","P",33,5,"2.07","15.5",2,NA,"0.0","7.0",5,2,NA,2018,NA,NA,NA,"Eva, Mimi, & Niel",NA,NA,NA,NA,"red",NA,NA,"white",NA,NA,NA,"N",NA,NA,2.07
2018-07-06,"WL1","2","3.5","P",34,20,"1.34","15.1",1,NA,"0.0","2.0",4.6,1,NA,2018,NA,NA,NA,"Eva, Mimi, & Niel",NA,NA,NA,NA,"red",NA,NA,"white",NA,NA,NA,"N",NA,NA,1.34
2018-07-06,"WL1","2","3.5","P",36,12,"1.28","32.7",2,NA,"0.0","2.0",2.8,2,"herb dam on apices",2018,NA,NA,NA,"Eva, Mimi, & Niel",NA,NA,NA,NA,"red",NA,NA,"white",NA,NA,NA,"Y",NA,NA,1.28
2018-07-06,"WL1","2","3.5","V?",40,5,"1.18","6.8",1,"0.0",NA,NA,NA,NA,"major herb, can't tell true height or pheno",2018,NA,NA,NA,"Eva, Mimi, & Niel",NA,NA,NA,NA,"red",NA,NA,NA,NA,NA,NA,"Y",NA,NA,1.18
2018-07-06,"WL1","2","3.5","P",38,39,"1.69","23.0",1,NA,"0.0","7.0",7.1,1,"must've missed flowering cohort b/c no swd",2018,NA,NA,NA,"Eva, Mimi, & Niel",NA,NA,NA,NA,"red",NA,NA,NA,NA,NA,NA,"N",NA,NA,1.69
2018-07-06,"WL1","2","3.5","V",NA,NA,"<1","2.0",1,"0.4",NA,NA,NA,NA,NA,2018,NA,NA,NA,"Eva, Mimi, & Niel",NA,NA,NA,NA,NA,NA,"neon grn",NA,NA,NA,NA,"N",NA,NA,0.5
2018-07-06,"WL1","2","4","P",9,23,"1.53","20.5",2,NA,"0.0","2.0",4.6,1,"apical meristem damage",2018,NA,NA,NA,"Eva, Mimi, & Niel",NA,NA,NA,NA,"red",NA,NA,"white",NA,NA,NA,"Y",NA,NA,1.53
2018-07-06,"WL1","2","4","V",16,30,"1.26","4.3",1,"1.7",NA,NA,NA,NA,NA,2018,NA,NA,NA,"Eva, Mimi, & Niel",NA,NA,NA,NA,"red",NA,NA,NA,NA,NA,NA,"N",NA,NA,1.26
2018-07-06,"WL1","2","4","V",NA,NA,"<1","1.8",1,"0.3",NA,NA,NA,NA,NA,2018,NA,NA,NA,"Eva, Mimi, & Niel",NA,NA,NA,NA,NA,NA,"red",NA,NA,NA,NA,"N",NA,NA,0.5
2018-07-06,"WL1","2","4.5",NA,NA,NA,NA,NA,NA,NA,NA,NA,NA,NA,"no plants",2018,NA,NA,NA,"Eva, Mimi, & Niel",NA,NA,NA,NA,NA,NA,NA,NA,NA,NA,NA,NA,NA,NA,NA
2018-07-06,"WL1","2","5",NA,NA,NA,NA,NA,NA,NA,NA,NA,NA,NA,"no plants",2018,NA,NA,NA,"Eva, Mimi, & Niel",NA,NA,NA,NA,NA,NA,NA,NA,NA,NA,NA,NA,NA,NA,NA
2018-07-06,"WL1","2","5.5",NA,NA,NA,NA,NA,NA,NA,NA,NA,NA,NA,"no plants",2018,NA,NA,NA,"Eva, Mimi, & Niel",NA,NA,NA,NA,NA,NA,NA,NA,NA,NA,NA,NA,NA,NA,NA
2018-07-06,"WL1","2","6","X",NA,NA,NA,NA,NA,NA,NA,NA,NA,NA,NA,2018,NA,NA,NA,"Eva, Mimi, & Niel",NA,NA,NA,NA,"red",NA,NA,NA,NA,NA,NA,NA,NA,NA,NA
2018-07-06,"WL1","2","6","P",45,42,"3.23","21.9",3,NA,"0.0","9.0",4,3,"apical meristem damage",2018,NA,NA,NA,"Eva, Mimi, & Niel",NA,NA,NA,NA,"red",NA,NA,"white",NA,NA,NA,"Y",NA,NA,3.23
2018-07-06,"WL1","2","6.5","X",NA,NA,NA,NA,NA,NA,NA,NA,NA,NA,NA,2018,NA,NA,NA,"Eva, Mimi, & Niel",NA,NA,NA,NA,"red",NA,NA,NA,NA,NA,NA,NA,NA,NA,NA
2018-07-06,"WL1","2","6.5","P",5,32,"1.78","19.5",2,NA,"0.0","3.0",5.6,2,NA,2018,NA,NA,NA,"Eva, Mimi, & Niel",NA,NA,NA,NA,"red",NA,NA,"white",NA,NA,NA,"N",NA,NA,1.78
2018-07-06,"WL1","2","6.5","P",16,40,"3.26","21.0",5,NA,"0.0","18.0",5.8,4,"5th repro branch is chewed off",2018,NA,NA,NA,"Eva, Mimi, & Niel",NA,NA,NA,NA,"red",NA,NA,"white",NA,NA,NA,"Y",NA,NA,3.26
2018-07-06,"WL1","2","6.5","X",NA,NA,NA,NA,NA,NA,NA,NA,NA,NA,NA,2018,NA,NA,NA,"Eva, Mimi, & Niel",NA,NA,NA,NA,"red",NA,NA,NA,NA,NA,NA,NA,NA,NA,NA
2018-07-06,"WL1","2","7","X",NA,NA,NA,NA,NA,NA,NA,NA,NA,NA,NA,2018,NA,NA,NA,"Eva, Mimi, & Niel",NA,NA,NA,NA,NA,NA,"neon grn",NA,NA,NA,NA,NA,NA,NA,NA
2018-07-06,"WL1","2","7.5",NA,NA,NA,NA,NA,NA,NA,NA,NA,NA,NA,"no plants",2018,NA,NA,NA,"Eva, Mimi, & Niel",NA,NA,NA,NA,NA,NA,NA,NA,NA,NA,NA,NA,NA,NA,NA
2018-07-06,"WL1","2","8","X",NA,NA,NA,NA,NA,NA,NA,NA,NA,NA,NA,2018,NA,NA,NA,"Eva, Mimi, & Niel",NA,NA,NA,NA,NA,NA,"red",NA,NA,NA,NA,NA,NA,NA,NA
2018-07-06,"WL1","2","8","X",NA,NA,NA,NA,NA,NA,NA,NA,NA,NA,NA,2018,NA,NA,NA,"Eva, Mimi, & Niel",NA,NA,NA,NA,"red",NA,NA,NA,NA,NA,NA,NA,NA,NA,NA
2018-07-06,"WL1","2","8.5","V",10,13,"1.19","2.3",1,"1.0",NA,NA,NA,NA,NA,2018,NA,NA,NA,"Eva, Mimi, & Niel",NA,NA,NA,NA,"red",NA,NA,NA,NA,NA,NA,"N",NA,NA,1.19
2018-07-06,"WL1","2","9",NA,NA,NA,NA,NA,NA,NA,NA,NA,NA,NA,"no plants",2018,NA,NA,NA,"Eva, Mimi, & Niel",NA,NA,NA,NA,NA,NA,NA,NA,NA,NA,NA,NA,NA,NA,NA
2018-07-06,"WL1","2","9.5",NA,NA,NA,NA,NA,NA,NA,NA,NA,NA,NA,"no plants",2018,NA,NA,NA,"Eva, Mimi, & Niel",NA,NA,NA,NA,NA,NA,NA,NA,NA,NA,NA,NA,NA,NA,NA
2018-07-06,"WL1","3","0","X",NA,NA,NA,NA,NA,NA,NA,NA,NA,NA,NA,2018,NA,NA,NA,NA,NA,NA,NA,NA,"red",NA,NA,NA,NA,NA,NA,NA,NA,NA,NA
2018-07-06,"WL1","3","0","V",27,6,"<1","3.0",1,"0.9",NA,NA,NA,NA,NA,2018,NA,NA,NA,NA,NA,NA,NA,NA,"blu",NA,"neon grn",NA,NA,NA,NA,"N",NA,NA,0.5
2018-07-06,"WL1","3","0","V",38,22,"<1","3.0",1,"0.5",NA,NA,NA,NA,NA,2018,NA,NA,NA,NA,NA,NA,NA,NA,"blu",NA,"red",NA,NA,NA,NA,"N",NA,NA,0.5
2018-07-06,"WL1","3","0.5","P",16.5,3,"1.69","17.1",1,NA,"0.0","4.0",5,1,"partial herb dam",2018,NA,NA,NA,NA,NA,NA,NA,NA,"red",NA,NA,"white",NA,NA,NA,"Y",NA,NA,1.69
2018-07-06,"WL1","3","0.5","V",NA,NA,"<1","1.0",1,"0.2",NA,NA,NA,NA,NA,2018,NA,NA,NA,NA,NA,NA,NA,NA,NA,NA,"red",NA,NA,NA,NA,"N",NA,NA,0.5
2018-07-06,"WL1","3","0.5","V",NA,NA,"<1","1.9",1,"0.3",NA,NA,NA,NA,NA,2018,NA,NA,NA,NA,NA,NA,NA,NA,NA,NA,"neon grn",NA,NA,NA,NA,"N",NA,NA,0.5
2018-07-06,"WL1","3","0.5","P",30,23,"2.52","34.0",1,NA,NA,"14.0",7.2,1,NA,2018,NA,NA,NA,NA,NA,NA,NA,NA,"red",NA,NA,"red",NA,NA,NA,"N",NA,NA,2.52
2018-07-06,"WL1","3","0.5","V",NA,NA,"<1","1.5",1,"0.3",NA,NA,NA,NA,NA,2018,NA,NA,NA,NA,NA,NA,NA,NA,NA,NA,"neon grn",NA,NA,NA,NA,"N",NA,NA,0.5
2018-07-06,"WL1","3","0.5","V",30,30,"<1","1.3",1,"0.4",NA,NA,NA,NA,NA,2018,NA,NA,NA,NA,NA,NA,NA,NA,"blu",NA,"neon blu",NA,NA,NA,NA,"N",NA,NA,0.5
2018-07-06,"WL1","3","0.5","P",27,40,"2.66","35.3",5,NA,NA,"24.0",NA,5,"herb dam on one silique only",2018,NA,NA,NA,NA,NA,NA,NA,NA,"red",NA,NA,"white",NA,NA,NA,"Y",NA,NA,2.66
2018-07-06,"WL1","3","0.5","V",40,26,"~1","3.2",1,"1.1",NA,NA,NA,NA,NA,2018,NA,NA,NA,NA,NA,NA,NA,NA,"blu",NA,"neon blu",NA,NA,NA,NA,"N",NA,NA,0.5
2018-07-06,"WL1","3","0.5","V",NA,NA,"<1","3.7",1,"0.4",NA,NA,NA,NA,NA,2018,NA,NA,NA,NA,NA,NA,NA,NA,NA,NA,"neon grn",NA,NA,NA,NA,"N",NA,NA,0.5
2018-07-06,"WL1","3","0.5","V",48,11,"<1","2.2",1,"0.6",NA,NA,NA,NA,NA,2018,NA,NA,NA,NA,NA,NA,NA,NA,"blu",NA,"red",NA,NA,NA,NA,"N",NA,NA,0.5
2018-07-06,"WL1","3","1","P",10,13,"2.04","34.5",2,NA,NA,"9.0",5.3,2,NA,2018,NA,NA,NA,NA,NA,NA,NA,NA,"red",NA,NA,"white",NA,NA,NA,"N",NA,NA,2.04
2018-07-06,"WL1","3","1","X",NA,NA,NA,NA,NA,NA,NA,NA,NA,NA,NA,2018,NA,NA,NA,NA,NA,NA,NA,NA,"red",NA,NA,NA,NA,NA,NA,NA,NA,NA,NA
2018-07-06,"WL1","3","1","P",41,10,"1.15","19.3",1,NA,NA,"4.0",4.8,1,NA,2018,NA,NA,NA,NA,NA,NA,NA,NA,"red",NA,NA,"white",NA,NA,NA,"N",NA,NA,1.15
2018-07-06,"WL1","3","1.5","X",NA,NA,NA,NA,NA,NA,NA,NA,NA,NA,NA,2018,NA,NA,NA,NA,NA,NA,NA,NA,"red",NA,NA,NA,NA,NA,NA,NA,NA,NA,NA
2018-07-06,"WL1","3","1.5","X",NA,NA,NA,NA,NA,NA,NA,NA,NA,NA,NA,2018,NA,NA,NA,NA,NA,NA,NA,NA,NA,NA,"neon grn",NA,NA,NA,NA,NA,NA,NA,NA
2018-07-06,"WL1","3","1.5","X",NA,NA,NA,NA,NA,NA,NA,NA,NA,NA,NA,2018,NA,NA,NA,NA,NA,NA,NA,NA,NA,NA,"neon grn",NA,NA,NA,NA,NA,NA,NA,NA
2018-07-06,"WL1","3","1.5","X",NA,NA,NA,NA,NA,NA,NA,NA,NA,NA,NA,2018,NA,NA,NA,NA,NA,NA,NA,NA,NA,NA,"neon grn",NA,NA,NA,NA,NA,NA,NA,NA
2018-07-06,"WL1","3","2","V",15,20,"~1","3.6",1,"1.1",NA,NA,NA,NA,NA,2018,NA,NA,NA,NA,NA,NA,NA,NA,"blu",NA,"neon grn",NA,NA,NA,NA,"N",NA,NA,0.5
2018-07-06,"WL1","3","2","V",20,20,"<1","4.0",1,"0.8",NA,NA,NA,NA,NA,2018,NA,NA,NA,NA,NA,NA,NA,NA,"blu",NA,"neon grn",NA,NA,NA,NA,"N",NA,NA,0.5
2018-07-06,"WL1","3","2","V",NA,NA,"<1","3.3",1,"0.7",NA,NA,NA,NA,"dying",2018,NA,NA,NA,NA,NA,NA,NA,NA,NA,NA,"neon grn",NA,NA,NA,NA,"N",NA,NA,0.5
2018-07-06,"WL1","3","2","X",NA,NA,NA,NA,NA,NA,NA,NA,NA,NA,NA,2018,NA,NA,NA,NA,NA,NA,NA,NA,NA,NA,"red",NA,NA,NA,NA,NA,NA,NA,NA
2018-07-06,"WL1","3","2","X",NA,NA,NA,NA,NA,NA,NA,NA,NA,NA,NA,2018,NA,NA,NA,NA,NA,NA,NA,NA,NA,NA,"red",NA,NA,NA,NA,NA,NA,NA,NA
2018-07-06,"WL1","3","2","X",NA,NA,NA,NA,NA,NA,NA,NA,NA,NA,NA,2018,NA,NA,NA,NA,NA,NA,NA,NA,NA,NA,"red",NA,NA,NA,NA,NA,NA,NA,NA
2018-07-06,"WL1","3","2","P",26,8,"1.92","27.6",4,NA,NA,"10.0",5.8,4,NA,2018,NA,NA,NA,NA,NA,NA,NA,NA,"red",NA,NA,"white",NA,NA,NA,"N",NA,NA,1.92
2018-07-06,"WL1","3","2","P",22,30,"2.37","27.5",3,NA,NA,"12.0",5.3,3,NA,2018,NA,NA,NA,NA,NA,NA,NA,NA,"red",NA,NA,"white",NA,NA,NA,"N",NA,NA,2.37
2018-07-06,"WL1","3","2","V",31,37,"~1","4.2",1,"1.5",NA,NA,NA,NA,NA,2018,NA,NA,NA,NA,NA,NA,NA,NA,"blu",NA,"neon grn",NA,NA,NA,NA,"N",NA,NA,0.5
2018-07-06,"WL1","3","2","V",NA,NA,"<1","2.8",1,"0.6",NA,NA,NA,NA,NA,2018,NA,NA,NA,NA,NA,NA,NA,NA,NA,NA,"neon grn",NA,NA,NA,NA,"N",NA,NA,0.5
2018-07-06,"WL1","3","2","X",NA,NA,NA,NA,NA,NA,NA,NA,NA,NA,NA,2018,NA,NA,NA,NA,NA,NA,NA,NA,NA,NA,"red",NA,NA,NA,NA,NA,NA,NA,NA
2018-07-06,"WL1","3","2","V",NA,NA,"<1","2.6",NA,"0.8",NA,NA,NA,NA,NA,2018,NA,NA,NA,NA,NA,NA,NA,NA,NA,NA,"red",NA,NA,NA,NA,"N",NA,NA,0.5
2018-07-06,"WL1","3","2.5","X",NA,NA,NA,NA,NA,NA,NA,NA,NA,NA,"8 neon grns pulled",2018,NA,NA,NA,NA,NA,NA,NA,NA,NA,NA,"neon grn",NA,NA,NA,NA,NA,NA,NA,NA
2018-07-06,"WL1","3","2.5","X",NA,NA,NA,NA,NA,NA,NA,NA,NA,NA,NA,2018,NA,NA,NA,NA,NA,NA,NA,NA,NA,NA,"red",NA,NA,NA,NA,NA,NA,NA,NA
2018-07-06,"WL1","3","2.5","V",NA,NA,"<1","2.0",1,"0.4",NA,NA,NA,NA,NA,2018,NA,NA,NA,NA,NA,NA,NA,NA,NA,NA,"neon grn",NA,NA,NA,NA,"N",NA,NA,0.5
2018-07-06,"WL1","3","2.5","V",3,34,"<1","3.4",1,"1.1",NA,NA,NA,NA,NA,2018,NA,NA,NA,NA,NA,NA,NA,NA,"blu",NA,"neon grn",NA,NA,NA,NA,"N",NA,NA,0.5
2018-07-06,"WL1","3","2.5","V",NA,NA,"<1","1.8",1,"0.3",NA,NA,NA,NA,"dying",2018,NA,NA,NA,NA,NA,NA,NA,NA,NA,NA,"red",NA,NA,NA,NA,"N",NA,NA,0.5
2018-07-06,"WL1","3","2.5","V",14,50,"1.23","2.1",1,"0.5",NA,NA,NA,NA,NA,2018,NA,NA,NA,NA,NA,NA,NA,NA,"blu",NA,"neon grn",NA,NA,NA,NA,"N",NA,NA,1.23
2018-07-06,"WL1","3","2.5","V",NA,NA,"<1","2.0",1,"0.4",NA,NA,NA,NA,"dying",2018,NA,NA,NA,NA,NA,NA,NA,NA,NA,NA,"red",NA,NA,NA,NA,"N",NA,NA,0.5
2018-07-06,"WL1","3","2.5","V",NA,NA,"<1","2.3",1,NA,NA,NA,NA,NA,NA,2018,NA,NA,NA,NA,NA,NA,NA,NA,NA,NA,"red",NA,NA,NA,NA,"N",NA,NA,0.5
2018-07-06,"WL1","3","2.5","P",18,32,"2.13","32.5",2,NA,NA,"14.0",6.3,2,NA,2018,NA,NA,NA,NA,NA,NA,NA,NA,"red",NA,NA,NA,NA,NA,NA,"N",NA,NA,2.13
2018-07-06,"WL1","3","2.5","V",NA,NA,"0.92","1.9",1,"0.7",NA,NA,NA,NA,NA,2018,NA,NA,NA,NA,NA,NA,NA,NA,"blu",NA,"neon grn",NA,NA,NA,NA,"N",NA,NA,0.5
2018-07-06,"WL1","3","2.5","V",NA,NA,"1.04","3.0",1,"0.7",NA,NA,NA,NA,NA,2018,NA,NA,NA,NA,NA,NA,NA,NA,"blu",NA,"neon grn",NA,NA,NA,NA,"N",NA,NA,1.04
2018-07-06,"WL1","3","2.5","V",NA,NA,"0.94","3.6",1,"1.5",NA,NA,NA,NA,NA,2018,NA,NA,NA,NA,NA,NA,NA,NA,"blu",NA,"neon grn",NA,NA,NA,NA,"Y",NA,NA,0.5
2018-07-06,"WL1","3","2.5","V",NA,NA,"<1","1.8",1,"0.3",NA,NA,NA,NA,"dying",2018,NA,NA,NA,NA,NA,NA,NA,NA,NA,NA,"red",NA,NA,NA,NA,"N",NA,NA,0.5
2018-07-06,"WL1","3","3","X",NA,NA,NA,NA,NA,NA,NA,NA,NA,NA,NA,2018,NA,NA,NA,NA,NA,NA,NA,NA,NA,NA,"neon grn",NA,NA,NA,NA,NA,NA,NA,NA
2018-07-06,"WL1","3","3","X",NA,NA,NA,NA,NA,NA,NA,NA,NA,NA,NA,2018,NA,NA,NA,NA,NA,NA,NA,NA,NA,NA,"neon grn",NA,NA,NA,NA,NA,NA,NA,NA
2018-07-06,"WL1","3","3","X",NA,NA,NA,NA,NA,NA,NA,NA,NA,NA,NA,2018,NA,NA,NA,NA,NA,NA,NA,NA,"red",NA,NA,"red",NA,NA,NA,NA,NA,NA,NA
2018-07-06,"WL1","3","3","X",NA,NA,NA,NA,NA,NA,NA,NA,NA,NA,NA,2018,NA,NA,NA,NA,NA,NA,NA,NA,"red",NA,NA,NA,NA,NA,NA,NA,NA,NA,NA
2018-07-06,"WL1","3","3.5","V",7,47,"0.95","3.3",1,"1.0",NA,NA,NA,NA,"no plants",2018,NA,NA,NA,NA,NA,NA,NA,NA,"blu",NA,"neon grn",NA,NA,NA,NA,"N",NA,NA,0.5
2018-07-06,"WL1","3","3.5","V",15,47,"<1","2.8",1,"0.8",NA,NA,NA,NA,NA,2018,NA,NA,NA,NA,NA,NA,NA,NA,"blu",NA,"neon grn",NA,NA,NA,NA,"N",NA,NA,0.5
2018-07-06,"WL1","3","3.5","V",15,49,"1.13","5.5",1,"1.6",NA,NA,NA,NA,NA,2018,NA,NA,NA,NA,NA,NA,NA,NA,"blu",NA,"neon grn",NA,NA,NA,NA,"N",NA,NA,1.13
2018-07-06,"WL1","3","4","X",NA,NA,NA,NA,NA,NA,NA,NA,NA,NA,"3 pulled",2018,NA,NA,NA,NA,NA,NA,NA,NA,"red",NA,NA,NA,NA,NA,NA,NA,NA,NA,NA
2019-08-07,"WL1","1","0.5","X",45,16,NA,NA,NA,NA,NA,NA,NA,NA,NA,2019,NA,NA,NA,"Maya & Eva",NA,NA,NA,NA,"blu",NA,NA,NA,NA,NA,NA,NA,NA,NA,NA
2019-08-07,"WL1","1","0.5","X",42,6,NA,NA,NA,NA,NA,NA,NA,NA,NA,2019,NA,NA,NA,"Maya & Eva",NA,NA,NA,NA,"blu",NA,NA,NA,NA,NA,NA,NA,NA,NA,NA
2019-08-07,"WL1","1","1","X",7,11,NA,NA,NA,NA,NA,NA,NA,NA,NA,2019,NA,NA,NA,"Maya & Eva",NA,NA,NA,NA,"blu",NA,NA,NA,NA,NA,NA,NA,NA,NA,NA
2019-08-07,"WL1","1","1","X",10,0,NA,NA,NA,NA,NA,NA,NA,NA,NA,2019,NA,NA,NA,"Maya & Eva",NA,NA,NA,NA,"blu",NA,NA,NA,NA,NA,NA,NA,NA,NA,NA
2019-08-07,"WL1","1","1.5","X",30,32,NA,NA,NA,NA,NA,NA,NA,NA,NA,2019,NA,NA,NA,"Maya & Eva",NA,NA,NA,NA,"blu",NA,NA,NA,NA,NA,NA,NA,NA,NA,NA
2019-08-07,"WL1","1","2","X",40,39,NA,NA,NA,NA,NA,NA,NA,NA,NA,2019,NA,NA,NA,"Maya & Eva",NA,NA,NA,NA,"blu",NA,NA,NA,NA,NA,NA,NA,NA,NA,NA
2019-08-07,"WL1","1","3","P",34,50,"2.31","33.2",3,NA,"0.0","14.0",8.5,3,NA,2019,NA,NA,NA,"Maya & Eva",NA,NA,NA,NA,"blu",NA,NA,"red",NA,NA,NA,"Y",NA,NA,2.31
2019-08-07,"WL1","1","3.5","X",32,5,NA,NA,NA,NA,NA,NA,NA,NA,NA,2019,NA,NA,NA,"Maya & Eva",NA,NA,NA,NA,"blu",NA,NA,NA,NA,NA,NA,NA,NA,NA,NA
2019-08-07,"WL1","1","4.5","X",15,27,NA,NA,NA,NA,NA,NA,NA,NA,NA,2019,NA,NA,NA,"Maya & Eva",NA,NA,NA,NA,"blu",NA,NA,NA,NA,NA,NA,NA,NA,NA,NA
2019-08-07,"WL1","1","4.5","X",27,38,NA,NA,NA,NA,NA,NA,NA,NA,NA,2019,NA,NA,NA,"Maya & Eva",NA,NA,NA,NA,"blu",NA,NA,NA,NA,NA,NA,NA,NA,NA,NA
2019-08-07,"WL1","1","5.5","X",43,8,NA,NA,NA,NA,NA,NA,NA,NA,NA,2019,NA,NA,NA,"Maya & Eva",NA,NA,NA,NA,"blu",NA,NA,NA,NA,NA,NA,NA,NA,NA,NA
2019-08-07,"WL1","2","0.5","X",11,24,NA,NA,NA,NA,NA,NA,NA,NA,NA,2019,NA,NA,NA,"Maya & Eva",NA,NA,NA,NA,"blu",NA,NA,NA,NA,NA,NA,NA,NA,NA,NA
2019-08-07,"WL1","2","1","X",13,17,NA,NA,NA,NA,NA,NA,NA,NA,NA,2019,NA,NA,NA,"Maya & Eva",NA,NA,NA,NA,"red",NA,NA,NA,NA,NA,NA,NA,NA,NA,NA
2019-08-07,"WL1","2","1","X",31,36,NA,NA,NA,NA,NA,NA,NA,NA,NA,2019,NA,NA,NA,"Maya & Eva",NA,NA,NA,NA,"red",NA,NA,NA,NA,NA,NA,NA,NA,NA,NA
2019-08-07,"WL1","2","1","X",48,23,NA,NA,NA,NA,NA,NA,NA,NA,NA,2019,NA,NA,NA,"Maya & Eva",NA,NA,NA,NA,"red",NA,NA,NA,NA,NA,NA,NA,NA,NA,NA
2019-08-07,"WL1","2","1.5","X",26,20.5,NA,NA,NA,NA,NA,NA,NA,NA,NA,2019,NA,NA,NA,"Maya & Eva",NA,NA,NA,NA,"red",NA,NA,NA,NA,NA,NA,NA,NA,NA,NA
2019-08-07,"WL1","2","1.5","X",29,6,NA,NA,NA,NA,NA,NA,NA,NA,NA,2019,NA,NA,NA,"Maya & Eva",NA,NA,NA,NA,"red",NA,NA,NA,NA,NA,NA,NA,NA,NA,NA
2019-08-07,"WL1","2","1.5","X",42,3.7,NA,NA,NA,NA,NA,NA,NA,NA,NA,2019,NA,NA,NA,"Maya & Eva",NA,NA,NA,NA,"red",NA,NA,NA,NA,NA,NA,NA,NA,NA,NA
2019-08-07,"WL1","2","1.5","X",45,15,NA,NA,NA,NA,NA,NA,NA,NA,NA,2019,NA,NA,NA,"Maya & Eva",NA,NA,NA,NA,"red",NA,NA,NA,NA,NA,NA,NA,NA,NA,NA
2019-08-07,"WL1","2","2","X",40,25,NA,NA,NA,NA,NA,NA,NA,NA,NA,2019,NA,NA,NA,"Maya & Eva",NA,NA,NA,NA,"red",NA,NA,NA,NA,NA,NA,NA,NA,NA,NA
2019-08-07,"WL1","2","2","X",50,30,NA,NA,NA,NA,NA,NA,NA,NA,NA,2019,NA,NA,NA,"Maya & Eva",NA,NA,NA,NA,"red",NA,NA,NA,NA,NA,NA,NA,NA,NA,NA
2019-08-07,"WL1","2","2.5","X",8,26,NA,NA,NA,NA,NA,NA,NA,NA,NA,2019,NA,NA,NA,"Maya & Eva",NA,NA,NA,NA,"blu",NA,NA,NA,NA,NA,NA,NA,NA,NA,NA
2019-08-07,"WL1","2","3","X",35,5,NA,NA,NA,NA,NA,NA,NA,NA,NA,2019,NA,NA,NA,"Maya & Eva",NA,NA,NA,NA,"red",NA,NA,NA,NA,NA,NA,NA,NA,NA,NA
2019-08-07,"WL1","2","3","X",48,10,NA,NA,NA,NA,NA,NA,NA,NA,NA,2019,NA,NA,NA,"Maya & Eva",NA,NA,NA,NA,"red",NA,NA,NA,NA,NA,NA,NA,NA,NA,NA
2019-08-07,"WL1","2","3.5","X",7,20,NA,NA,NA,NA,NA,NA,NA,NA,NA,2019,NA,NA,NA,"Maya & Eva",NA,NA,NA,NA,"red",NA,NA,NA,NA,NA,NA,NA,NA,NA,NA
2019-08-07,"WL1","2","3.5","X",17,31,NA,NA,NA,NA,NA,NA,NA,NA,NA,2019,NA,NA,NA,"Maya & Eva",NA,NA,NA,NA,"red",NA,NA,NA,NA,NA,NA,NA,NA,NA,NA
2019-08-07,"WL1","2","3.5","X",50,15,NA,NA,NA,NA,NA,NA,NA,NA,NA,2019,NA,NA,NA,"Maya & Eva",NA,NA,NA,NA,"red",NA,NA,NA,NA,NA,NA,NA,NA,NA,NA
2019-08-07,"WL1","2","3.5","X",27,34,NA,NA,NA,NA,NA,NA,NA,NA,NA,2019,NA,NA,NA,"Maya & Eva",NA,NA,NA,NA,"blu",NA,NA,NA,NA,NA,NA,NA,NA,NA,NA
2019-08-07,"WL1","2","3.5","X",25,30,NA,NA,NA,NA,NA,NA,NA,NA,NA,2019,NA,NA,NA,"Maya & Eva",NA,NA,NA,NA,"blu",NA,NA,NA,NA,NA,NA,NA,NA,NA,NA
2019-08-07,"WL1","2","3.5","X",37,20,NA,NA,NA,NA,NA,NA,NA,NA,NA,2019,NA,NA,NA,"Maya & Eva",NA,NA,NA,NA,"red",NA,NA,NA,NA,NA,NA,NA,NA,NA,NA
2019-08-07,"WL1","2","3.5","X",33,5,NA,NA,NA,NA,NA,NA,NA,NA,NA,2019,NA,NA,NA,"Maya & Eva",NA,NA,NA,NA,"red",NA,NA,NA,NA,NA,NA,NA,NA,NA,NA
2019-08-07,"WL1","2","3.5","X",34,20,NA,NA,NA,NA,NA,NA,NA,NA,NA,2019,NA,NA,NA,"Maya & Eva",NA,NA,NA,NA,"red",NA,NA,NA,NA,NA,NA,NA,NA,NA,NA
2019-08-07,"WL1","2","3.5","X",36,12,NA,NA,NA,NA,NA,NA,NA,NA,NA,2019,NA,NA,NA,"Maya & Eva",NA,NA,NA,NA,"red",NA,NA,NA,NA,NA,NA,NA,NA,NA,NA
2019-08-07,"WL1","2","3.5","X",40,5,NA,NA,NA,NA,NA,NA,NA,NA,NA,2019,NA,NA,NA,"Maya & Eva",NA,NA,NA,NA,"red",NA,NA,NA,NA,NA,NA,NA,NA,NA,NA
2019-08-07,"WL1","2","3.5","X",38,39,NA,NA,NA,NA,NA,NA,NA,NA,NA,2019,NA,NA,NA,"Maya & Eva",NA,NA,NA,NA,"red",NA,NA,NA,NA,NA,NA,NA,NA,NA,NA
2019-08-07,"WL1","2","4","X",9,23,NA,NA,NA,NA,NA,NA,NA,NA,NA,2019,NA,NA,NA,"Maya & Eva",NA,NA,NA,NA,"red",NA,NA,NA,NA,NA,NA,NA,NA,NA,NA
2019-08-07,"WL1","2","4","P",16,30,"1.77","17.1",4,NA,"0.0","0.0",0,4,"heavy herb dam",2019,NA,NA,NA,"Maya & Eva",NA,NA,NA,NA,"red",NA,NA,NA,NA,NA,NA,"Y",NA,NA,1.77
2019-08-07,"WL1","2","6","X",45,42,NA,NA,NA,NA,NA,NA,NA,NA,NA,2019,NA,NA,NA,"Maya & Eva",NA,NA,NA,NA,"red",NA,NA,NA,NA,NA,NA,NA,NA,NA,NA
2019-08-07,"WL1","2","6.5","X",5,32,NA,NA,NA,NA,NA,NA,NA,NA,NA,2019,NA,NA,NA,"Maya & Eva",NA,NA,NA,NA,"red",NA,NA,NA,NA,NA,NA,NA,NA,NA,NA
2019-08-07,"WL1","2","6.5","X",16,40,NA,NA,NA,NA,NA,NA,NA,NA,NA,2019,NA,NA,NA,"Maya & Eva",NA,NA,NA,NA,"red",NA,NA,NA,NA,NA,NA,NA,NA,NA,NA
2019-08-07,"WL1","2","8.5","P",10,13,"1.48","14.5",2,NA,"1.0","1.0",1,2,NA,2019,NA,NA,NA,"Maya & Eva",NA,NA,NA,NA,"red",NA,NA,"red",NA,NA,NA,"N",NA,NA,1.48
2019-08-07,"WL1","3","0","X",27,6,NA,NA,NA,NA,NA,NA,NA,NA,NA,2019,NA,NA,NA,"Maya & Eva",NA,NA,NA,NA,"blu",NA,NA,NA,NA,NA,NA,NA,NA,NA,NA
2019-08-07,"WL1","3","0.5","X",38,22,NA,NA,NA,NA,NA,NA,NA,NA,NA,2019,NA,NA,NA,"Maya & Eva",NA,NA,NA,NA,"red",NA,NA,NA,NA,NA,NA,NA,NA,NA,NA
2019-08-07,"WL1","3","0.5","X",16.5,3,NA,NA,NA,NA,NA,NA,NA,NA,NA,2019,NA,NA,NA,"Maya & Eva",NA,NA,NA,NA,"red",NA,NA,NA,NA,NA,NA,NA,NA,NA,NA
2019-08-07,"WL1","3","0.5","X",30,23,NA,NA,NA,NA,NA,NA,NA,NA,NA,2019,NA,NA,NA,"Maya & Eva",NA,NA,NA,NA,"red",NA,NA,NA,NA,NA,NA,NA,NA,NA,NA
2019-08-07,"WL1","3","0.5","X",30,30,NA,NA,NA,NA,NA,NA,NA,NA,NA,2019,NA,NA,NA,"Maya & Eva",NA,NA,NA,NA,"blu",NA,NA,NA,NA,NA,NA,NA,NA,NA,NA
2019-08-07,"WL1","3","0.5","X",27,40,NA,NA,NA,NA,NA,NA,NA,NA,NA,2019,NA,NA,NA,"Maya & Eva",NA,NA,NA,NA,"red",NA,NA,NA,NA,NA,NA,NA,NA,NA,NA
2019-08-07,"WL1","3","0.5","X",40,26,NA,NA,NA,NA,NA,NA,NA,NA,NA,2019,NA,NA,NA,"Maya & Eva",NA,NA,NA,NA,"blu",NA,NA,NA,NA,NA,NA,NA,NA,NA,NA
2019-08-07,"WL1","3","0.5","X",48,11,NA,NA,NA,NA,NA,NA,NA,NA,NA,2019,NA,NA,NA,"Maya & Eva",NA,NA,NA,NA,"blu",NA,NA,NA,NA,NA,NA,NA,NA,NA,NA
2019-08-07,"WL1","3","1","X",10,13,NA,NA,NA,NA,NA,NA,NA,NA,NA,2019,NA,NA,NA,"Maya & Eva",NA,NA,NA,NA,"red",NA,NA,NA,NA,NA,NA,NA,NA,NA,NA
2019-08-07,"WL1","3","1","X",41,10,NA,NA,NA,NA,NA,NA,NA,NA,NA,2019,NA,NA,NA,"Maya & Eva",NA,NA,NA,NA,"red",NA,NA,NA,NA,NA,NA,NA,NA,NA,NA
2019-08-07,"WL1","3","2","X",15,20,NA,NA,NA,NA,NA,NA,NA,NA,NA,2019,NA,NA,NA,"Maya & Eva",NA,NA,NA,NA,"blu",NA,NA,NA,NA,NA,NA,NA,NA,NA,NA
2019-08-07,"WL1","3","2","X",20,20,NA,NA,NA,NA,NA,NA,NA,NA,NA,2019,NA,NA,NA,"Maya & Eva",NA,NA,NA,NA,"blu",NA,NA,NA,NA,NA,NA,NA,NA,NA,NA
2019-08-07,"WL1","3","2","X",26,8,NA,NA,NA,NA,NA,NA,NA,NA,NA,2019,NA,NA,NA,"Maya & Eva",NA,NA,NA,NA,"red",NA,NA,NA,NA,NA,NA,NA,NA,NA,NA
2019-08-07,"WL1","3","2","X",22,30,NA,NA,NA,NA,NA,NA,NA,NA,NA,2019,NA,NA,NA,"Maya & Eva",NA,NA,NA,NA,"red",NA,NA,NA,NA,NA,NA,NA,NA,NA,NA
2019-08-07,"WL1","3","2","X",31,37,NA,NA,NA,NA,NA,NA,NA,NA,NA,2019,NA,NA,NA,"Maya & Eva",NA,NA,NA,NA,"blu",NA,NA,NA,NA,NA,NA,NA,NA,NA,NA
2019-08-07,"WL1","3","2.5",NA,3,34,NA,NA,NA,NA,NA,NA,NA,NA,NA,2019,NA,NA,NA,"Maya & Eva",NA,NA,NA,NA,"blu",NA,NA,NA,NA,NA,NA,NA,NA,NA,NA
2019-08-07,"WL1","3","2.5",NA,14,50,NA,NA,NA,NA,NA,NA,NA,NA,NA,2019,NA,NA,NA,"Maya & Eva",NA,NA,NA,NA,"blu",NA,NA,NA,NA,NA,NA,NA,NA,NA,NA
2019-08-07,"WL1","3","2.5","X",18,32,NA,NA,NA,NA,NA,NA,NA,NA,NA,2019,NA,NA,NA,"Laura & Megan",NA,NA,NA,NA,"red",NA,NA,NA,NA,NA,NA,NA,NA,NA,NA
2019-08-07,"WL1","3","3.5","X*",7,47,NA,NA,NA,NA,NA,NA,NA,NA,"*these may be the ones missing from quadrat 3 where there were 3 blue bands in approximately these locations",2019,NA,NA,NA,"Laura & Megan",NA,NA,NA,NA,"blu",NA,NA,NA,NA,NA,NA,NA,NA,NA,NA
2019-08-07,"WL1","3","3.5","X*",15,47,NA,NA,NA,NA,NA,NA,NA,NA,NA,2019,NA,NA,NA,"Laura & Megan",NA,NA,NA,NA,"blu",NA,NA,NA,NA,NA,NA,NA,NA,NA,NA
2019-08-07,"WL1","3","3.5","X*",15,49,NA,NA,NA,NA,NA,NA,NA,NA,NA,2019,NA,NA,NA,"Laura & Megan",NA,NA,NA,NA,"blu",NA,NA,NA,NA,NA,NA,NA,NA,NA,NA
2019-08-07,"WL1","1","0","V",NA,NA,"<1","3.4",1,"0.5",NA,NA,NA,NA,NA,2019,NA,NA,NA,"Maya & Eva",NA,NA,NA,NA,NA,NA,"grn",NA,NA,NA,NA,"N",NA,NA,0.5
2019-08-07,"WL1","1","0","V",NA,NA,"<1","3.7",1,"0.5",NA,NA,NA,NA,NA,2019,NA,NA,NA,"Maya & Eva",NA,NA,NA,NA,NA,NA,"grn",NA,NA,NA,NA,"Y",NA,NA,0.5
2019-08-07,"WL1","1","0","V",NA,NA,"<1","3.5",1,"0.6",NA,NA,NA,NA,NA,2019,NA,NA,NA,"Maya & Eva",NA,NA,NA,NA,NA,NA,"grn",NA,NA,NA,NA,"N",NA,NA,0.5
2019-08-07,"WL1","1","0","V",NA,NA,"<1","1.5",1,"0.2",NA,NA,NA,NA,NA,2019,NA,NA,NA,"Maya & Eva",NA,NA,NA,NA,NA,NA,"grn",NA,NA,NA,NA,"N",NA,NA,0.5
2019-08-07,"WL1","1","0.5","V",NA,NA,"<1","2.9",1,"0.7",NA,NA,NA,NA,NA,2019,NA,NA,NA,"Maya & Eva",NA,NA,NA,NA,NA,NA,"grn",NA,NA,NA,NA,"N",NA,NA,0.5
2019-08-07,"WL1","1","0.5","V",NA,NA,"<1","3.6",1,"1.1",NA,NA,NA,NA,NA,2019,NA,NA,NA,"Maya & Eva",NA,NA,NA,NA,NA,NA,"grn",NA,NA,NA,NA,"Y",NA,NA,0.5
2019-08-07,"WL1","1","0.5","V",NA,NA,"<1","2.8",1,"0.6",NA,NA,NA,NA,NA,2019,NA,NA,NA,"Maya & Eva",NA,NA,NA,NA,NA,NA,"grn",NA,NA,NA,NA,"N",NA,NA,0.5
2019-08-07,"WL1","1","0.5","X",NA,NA,NA,NA,NA,NA,NA,NA,NA,NA,NA,2019,NA,NA,NA,"Maya & Eva",NA,NA,NA,NA,NA,NA,"grn",NA,NA,NA,NA,NA,NA,NA,NA
2019-08-07,"WL1","1","0.5","V",NA,NA,"<1","1.3",1,"0.2",NA,NA,NA,NA,NA,2019,NA,NA,NA,"Maya & Eva",NA,NA,NA,NA,NA,NA,"grn",NA,NA,NA,NA,"N",NA,NA,0.5
2019-08-07,"WL1","1","0.5","V",NA,NA,"<1","2.6",1,"0.6",NA,NA,NA,NA,NA,2019,NA,NA,NA,"Maya & Eva",NA,NA,NA,NA,NA,NA,"grn",NA,NA,NA,NA,"N",NA,NA,0.5
2019-08-07,"WL1","1","0.5","X",NA,NA,NA,NA,NA,NA,NA,NA,NA,NA,NA,2019,NA,NA,NA,"Maya & Eva",NA,NA,NA,NA,NA,NA,"red",NA,NA,NA,NA,NA,NA,NA,NA
2019-08-07,"WL1","1","0.5","V",NA,NA,"<1","1.9",1,"0.4",NA,NA,NA,NA,NA,2019,NA,NA,NA,"Maya & Eva",NA,NA,NA,NA,NA,NA,"red",NA,NA,NA,NA,"N",NA,NA,0.5
2019-08-07,"WL1","1","0.5","V",NA,NA,"<1","2.0",1,"0.5",NA,NA,NA,NA,NA,2019,NA,NA,NA,"Maya & Eva",NA,NA,NA,NA,NA,NA,"red",NA,NA,NA,NA,"N",NA,NA,0.5
2019-08-07,"WL1","1","1","V",22,20,"1.14","4.6",1,"0.7",NA,NA,NA,NA,NA,2019,NA,NA,NA,"Maya & Eva",NA,NA,NA,NA,NA,48,"grn",NA,NA,NA,NA,"N",NA,NA,1.14
2019-08-07,"WL1","1","1.5",NA,NA,NA,NA,NA,NA,NA,NA,NA,NA,NA,"no plants found",2019,NA,NA,NA,"Maya & Eva",NA,NA,NA,NA,NA,NA,NA,NA,NA,NA,NA,NA,NA,NA,NA
2019-08-07,"WL1","1","2","X",NA,NA,NA,NA,NA,NA,NA,NA,NA,NA,NA,2019,NA,NA,NA,"Maya & Eva",NA,NA,NA,NA,NA,NA,"red",NA,NA,NA,NA,NA,NA,NA,NA
2019-08-07,"WL1","1","2","V",NA,NA,"<1","1.2",1,"0.3",NA,NA,NA,NA,NA,2019,NA,NA,NA,"Maya & Eva",NA,NA,NA,NA,NA,NA,NA,NA,NA,NA,NA,"N",NA,NA,0.5
2019-08-07,"WL1","1","2.5","V",10,50,"1.2","3.3",1,"1.5",NA,NA,NA,NA,NA,2019,NA,NA,NA,"Maya & Eva",NA,NA,NA,NA,NA,40,"grn",NA,NA,NA,NA,"N",NA,NA,1.2
2019-08-07,"WL1","1","2.5","X",NA,NA,NA,NA,NA,NA,NA,NA,NA,NA,NA,2019,NA,NA,NA,"Maya & Eva",NA,NA,NA,NA,NA,NA,"grn",NA,NA,NA,NA,NA,NA,NA,NA
2019-08-07,"WL1","1","2.5","V",NA,NA,"<1","2.2",1,"0.5",NA,NA,NA,NA,NA,2019,NA,NA,NA,"Maya & Eva",NA,NA,NA,NA,NA,NA,"grn",NA,NA,NA,NA,"N",NA,NA,0.5
2019-08-07,"WL1","1","3","V",NA,NA,"<1","2.1",1,"0.2",NA,NA,NA,NA,NA,2019,NA,NA,NA,"Maya & Eva",NA,NA,NA,NA,NA,NA,"grn",NA,NA,NA,NA,"N",NA,NA,0.5
2019-08-07,"WL1","1","3","V",NA,NA,"<1","1.9",1,"0.5",NA,NA,NA,NA,NA,2019,NA,NA,NA,"Maya & Eva",NA,NA,NA,NA,NA,NA,"red",NA,NA,NA,NA,"N",NA,NA,0.5
2019-08-07,"WL1","1","3","V",NA,NA,"<1","1.8",1,"0.5",NA,NA,NA,NA,NA,2019,NA,NA,NA,"Maya & Eva",NA,NA,NA,NA,NA,NA,"grn",NA,NA,NA,NA,"N",NA,NA,0.5
2019-08-07,"WL1","1","3","V",30,7,"1.0","3.0",1,"0.5",NA,NA,NA,NA,NA,2019,NA,NA,NA,"Maya & Eva",NA,NA,NA,NA,NA,23,"red",NA,NA,NA,NA,"N",NA,NA,1
2019-08-07,"WL1","1","3.5","V",0,42,"1.0","3.1",1,"1.1",NA,NA,NA,NA,NA,2019,NA,NA,NA,"Maya & Eva",NA,NA,NA,NA,NA,24,"grn",NA,NA,NA,NA,"N",NA,NA,1
2019-08-07,"WL1","2","0",NA,NA,NA,NA,NA,NA,NA,NA,NA,NA,NA,"no plants found",2019,NA,NA,NA,"Maya & Eva",NA,NA,NA,NA,NA,NA,NA,NA,NA,NA,NA,NA,NA,NA,NA
2019-08-07,"WL1","2","0.5","V",NA,NA,"<1","4.1",1,"1.1",NA,NA,NA,NA,NA,2019,NA,NA,NA,"Maya & Eva",NA,NA,NA,NA,NA,NA,"red",NA,NA,NA,NA,"Y",NA,NA,0.5
2019-08-07,"WL1","2","1","X",NA,NA,NA,NA,NA,NA,NA,NA,NA,NA,NA,2019,NA,NA,NA,"Maya & Eva",NA,NA,NA,NA,NA,NA,"grn",NA,NA,NA,NA,NA,NA,NA,NA
2019-08-07,"WL1","2","1","V",NA,NA,"<1","2.0",1,"0.7",NA,NA,NA,NA,NA,2019,NA,NA,NA,"Maya & Eva",NA,NA,NA,NA,NA,NA,"grn",NA,NA,NA,NA,"N",NA,NA,0.5
2019-08-07,"WL1","2","1.5","X",NA,NA,NA,NA,NA,NA,NA,NA,NA,NA,NA,2019,NA,NA,NA,"Maya & Eva",NA,NA,NA,NA,NA,NA,"grn",NA,NA,NA,NA,NA,NA,NA,NA
2019-08-07,"WL1","2","2","V",NA,NA,"<1","2.2",1,"0.3",NA,NA,NA,NA,NA,2019,NA,NA,NA,"Maya & Eva",NA,NA,NA,NA,NA,NA,"grn",NA,NA,NA,NA,"Y",NA,NA,0.5
2019-08-07,"WL1","2","2","X",NA,NA,NA,NA,NA,NA,NA,NA,NA,NA,NA,2019,NA,NA,NA,"Maya & Eva",NA,NA,NA,NA,NA,NA,"grn",NA,NA,NA,NA,NA,NA,NA,NA
2019-08-07,"WL1","2","2","X",NA,NA,NA,NA,NA,NA,NA,NA,NA,NA,NA,2019,NA,NA,NA,"Maya & Eva",NA,NA,NA,NA,NA,NA,"red",NA,NA,NA,NA,NA,NA,NA,NA
2019-08-07,"WL1","2","2","X",NA,NA,NA,NA,NA,NA,NA,NA,NA,NA,NA,2019,NA,NA,NA,"Maya & Eva",NA,NA,NA,NA,NA,NA,"red",NA,NA,NA,NA,NA,NA,NA,NA
2019-08-07,"WL1","2","2.5","V",NA,NA,"<1","1.5",1,"0.2",NA,NA,NA,NA,NA,2019,NA,NA,NA,"Maya & Eva",NA,NA,NA,NA,NA,NA,"red",NA,NA,NA,NA,"N",NA,NA,0.5
2019-08-07,"WL1","2","2.5","V",NA,NA,"<1","2.1",1,"0.6",NA,NA,NA,NA,NA,2019,NA,NA,NA,"Maya & Eva",NA,NA,NA,NA,NA,NA,"grn",NA,NA,NA,NA,"N",NA,NA,0.5
2019-08-07,"WL1","2","2.5","V",NA,NA,"<1","2.0",1,"0.4",NA,NA,NA,NA,NA,2019,NA,NA,NA,"Maya & Eva",NA,NA,NA,NA,NA,NA,"grn",NA,NA,NA,NA,"N",NA,NA,0.5
2019-08-07,"WL1","2","2.5","X",NA,NA,NA,NA,NA,NA,NA,NA,NA,NA,NA,2019,NA,NA,NA,"Maya & Eva",NA,NA,NA,NA,NA,NA,"red",NA,NA,NA,NA,NA,NA,NA,NA
2019-08-07,"WL1","2","2.5","X",NA,NA,NA,NA,NA,NA,NA,NA,NA,NA,NA,2019,NA,NA,NA,"Maya & Eva",NA,NA,NA,NA,NA,NA,"grn",NA,NA,NA,NA,NA,NA,NA,NA
2019-08-07,"WL1","2","2.5","X",NA,NA,NA,NA,NA,NA,NA,NA,NA,NA,NA,2019,NA,NA,NA,"Maya & Eva",NA,NA,NA,NA,NA,NA,"grn",NA,NA,NA,NA,NA,NA,NA,NA
2019-08-07,"WL1","2","3","V",NA,NA,"<1","1.8",1,"0.4",NA,NA,NA,NA,NA,2019,NA,NA,NA,"Maya & Eva",NA,NA,NA,NA,NA,NA,"grn",NA,NA,NA,NA,"N",NA,NA,0.5
2019-08-07,"WL1","2","3","V",35,33,"<1","1.6",2,"0.3",NA,NA,NA,NA,NA,2019,NA,NA,NA,"Maya & Eva",NA,NA,NA,NA,NA,35,"grn",NA,NA,NA,NA,"Y",NA,NA,0.5
2019-08-07,"WL1","2","3.5",NA,NA,NA,NA,NA,NA,NA,NA,NA,NA,NA,"no plants found",2019,NA,NA,NA,"Maya & Eva",NA,NA,NA,NA,NA,NA,NA,NA,NA,NA,NA,NA,NA,NA,NA
2019-08-07,"WL1","2","4",NA,NA,NA,NA,NA,NA,NA,NA,NA,NA,NA,"no plants found",2019,NA,NA,NA,"Maya & Eva",NA,NA,NA,NA,NA,NA,NA,NA,NA,NA,NA,NA,NA,NA,NA
2019-08-07,"WL1","3","0","X",NA,NA,NA,NA,NA,NA,NA,NA,NA,NA,NA,2019,NA,NA,NA,"Maya & Eva",NA,NA,NA,NA,NA,NA,"red",NA,NA,NA,NA,NA,NA,NA,NA
2019-08-07,"WL1","3","0","X",NA,NA,NA,NA,NA,NA,NA,NA,NA,NA,NA,2019,NA,NA,NA,"Maya & Eva",NA,NA,NA,NA,NA,NA,"red",NA,NA,NA,NA,NA,NA,NA,NA
2019-08-07,"WL1","3","0","V",25,34,"1.06","3.5",1,"1.2",NA,NA,NA,NA,NA,2019,NA,NA,NA,"Maya & Eva",NA,NA,NA,NA,NA,25,"grn",NA,NA,NA,NA,"N",NA,NA,1.06
2019-08-07,"WL1","3","0","V",NA,NA,"<1","2.7",1,"0.7",NA,NA,NA,NA,NA,2019,NA,NA,NA,"Maya & Eva",NA,NA,NA,NA,NA,NA,"red",NA,NA,NA,NA,"Y",NA,NA,0.5
2019-08-07,"WL1","3","0","V",NA,NA,"<1","1.8",1,"0.3",NA,NA,NA,NA,NA,2019,NA,NA,NA,"Maya & Eva",NA,NA,NA,NA,NA,NA,"red",NA,NA,NA,NA,"N",NA,NA,0.5
2019-08-07,"WL1","3","0","V",NA,NA,"<1","1.5",1,"0.4",NA,NA,NA,NA,NA,2019,NA,NA,NA,"Maya & Eva",NA,NA,NA,NA,NA,NA,"red",NA,NA,NA,NA,"N",NA,NA,0.5
2019-08-07,"WL1","3","0","V",35,42,"1.4","3.1",1,"1.0",NA,NA,NA,NA,NA,2019,NA,NA,NA,"Maya & Eva",NA,NA,NA,NA,NA,21,"red",NA,NA,NA,NA,"N",NA,NA,1.4
2019-08-07,"WL1","3","0.5","V",NA,NA,"<1","2.6",1,"0.7",NA,NA,NA,NA,NA,2019,NA,NA,NA,"Maya & Eva",NA,NA,NA,NA,NA,NA,"red",NA,NA,NA,NA,"N",NA,NA,0.5
2019-08-07,"WL1","3","0.5","V",NA,NA,"<1","2.8",1,"0.8",NA,NA,NA,NA,NA,2019,NA,NA,NA,"Maya & Eva",NA,NA,NA,NA,NA,NA,"red",NA,NA,NA,NA,"N",NA,NA,0.5
2019-08-07,"WL1","3","0.5","V",NA,NA,"<1","2.0",1,"0.6",NA,NA,NA,NA,NA,2019,NA,NA,NA,"Maya & Eva",NA,NA,NA,NA,NA,NA,"red",NA,NA,NA,NA,"N",NA,NA,0.5
2019-08-07,"WL1","3","0.5","X",NA,NA,NA,NA,NA,NA,NA,NA,NA,NA,NA,2019,NA,NA,NA,"Maya & Eva",NA,NA,NA,NA,NA,NA,"grn",NA,NA,NA,NA,NA,NA,NA,NA
2019-08-07,"WL1","3","0.5","X",NA,NA,NA,NA,NA,NA,NA,NA,NA,NA,NA,2019,NA,NA,NA,"Maya & Eva",NA,NA,NA,NA,NA,NA,"grn",NA,NA,NA,NA,NA,NA,NA,NA
2019-08-07,"WL1","3","0.5","X",NA,NA,NA,NA,NA,NA,NA,NA,NA,NA,NA,2019,NA,NA,NA,"Maya & Eva",NA,NA,NA,NA,NA,NA,"grn",NA,NA,NA,NA,NA,NA,NA,NA
2019-08-07,"WL1","3","0.5","X",NA,NA,NA,NA,NA,NA,NA,NA,NA,NA,NA,2019,NA,NA,NA,"Maya & Eva",NA,NA,NA,NA,NA,NA,"grn",NA,NA,NA,NA,NA,NA,NA,NA
2019-08-07,"WL1","3","0.5","X",NA,NA,NA,NA,NA,NA,NA,NA,NA,NA,NA,2019,NA,NA,NA,"Maya & Eva",NA,NA,NA,NA,NA,NA,"grn",NA,NA,NA,NA,NA,NA,NA,NA
2019-08-07,"WL1","3","0.5","X",NA,NA,NA,NA,NA,NA,NA,NA,NA,NA,NA,2019,NA,NA,NA,"Maya & Eva",NA,NA,NA,NA,NA,NA,"grn",NA,NA,NA,NA,NA,NA,NA,NA
2019-08-07,"WL1","2","8.5","P",6,0,"2.18","12.4",3,NA,"1.0","3.0",2.9,3,NA,2019,NA,NA,NA,"Laura & Megan",NA,NA,NA,NA,NA,4,NA,NA,NA,NA,NA,"N",NA,NA,2.18
2019-08-07,"WL1","2","8.5","P",28,0,"1.17","10.6",2,NA,"2.0","1.0",4,2,NA,2019,NA,NA,NA,"Laura & Megan",NA,NA,NA,NA,NA,72,NA,NA,NA,NA,NA,"N",NA,NA,1.17
2019-08-07,"WL1","2","9",NA,NA,NA,NA,NA,NA,NA,NA,NA,NA,NA,"no plants found",2019,NA,NA,NA,"Laura & Megan",NA,NA,NA,NA,NA,NA,NA,NA,NA,NA,NA,NA,NA,NA,NA
2019-08-07,"WL1","2","9.5",NA,NA,NA,NA,NA,NA,NA,NA,NA,NA,NA,"no plants found",2019,NA,NA,NA,"Laura & Megan",NA,NA,NA,NA,NA,NA,NA,NA,NA,NA,NA,NA,NA,NA,NA
2019-08-07,"WL1","2","4.5","V?",NA,NA,"<1","0.6",1,"0.2",NA,NA,NA,NA,"phen not noted, think it is V",2019,NA,NA,NA,"Laura & Megan",NA,NA,NA,NA,NA,NA,"grn",NA,NA,NA,NA,"N",NA,NA,0.5
2019-08-07,"WL1","2","4.5","V?",NA,NA,"<1","1.2",1,"0.2",NA,NA,NA,NA,"phen not noted, think it is V",2019,NA,NA,NA,"Laura & Megan",NA,NA,NA,NA,NA,NA,"grn",NA,NA,NA,NA,"N",NA,NA,0.5
2019-08-07,"WL1","3","2.5","X",NA,NA,NA,NA,NA,NA,NA,NA,NA,NA,NA,2019,NA,NA,NA,"Laura & Megan",NA,NA,NA,NA,NA,NA,"grn",NA,NA,NA,NA,NA,NA,NA,NA
2019-08-07,"WL1","3","2.5","X",NA,NA,NA,NA,NA,NA,NA,NA,NA,NA,NA,2019,NA,NA,NA,"Laura & Megan",NA,NA,NA,NA,NA,NA,"red",NA,NA,NA,NA,NA,NA,NA,NA
2019-08-07,"WL1","3","2.5","X",NA,NA,NA,NA,NA,NA,NA,NA,NA,NA,NA,2019,NA,NA,NA,"Laura & Megan",NA,NA,NA,NA,NA,NA,"grn",NA,NA,NA,NA,NA,NA,NA,NA
2019-08-07,"WL1","3","2.5","X",NA,NA,NA,NA,NA,NA,NA,NA,NA,NA,NA,2019,NA,NA,NA,"Laura & Megan",NA,NA,NA,NA,NA,NA,"grn",NA,NA,NA,NA,NA,NA,NA,NA
2019-08-07,"WL1","3","2.5","X",NA,NA,NA,NA,NA,NA,NA,NA,NA,NA,NA,2019,NA,NA,NA,"Laura & Megan",NA,NA,NA,NA,NA,NA,"grn",NA,NA,NA,NA,NA,NA,NA,NA
2019-08-07,"WL1","3","2.5","X",NA,NA,NA,NA,NA,NA,NA,NA,NA,NA,NA,2019,NA,NA,NA,"Laura & Megan",NA,NA,NA,NA,NA,NA,"red",NA,NA,NA,NA,NA,NA,NA,NA
2019-08-07,"WL1","3","2.5","V",NA,NA,"<1","2.9",1,"0.5",NA,NA,NA,NA,NA,2019,NA,NA,NA,"Laura & Megan",NA,NA,NA,NA,NA,NA,"grn",NA,NA,NA,NA,"N",NA,NA,0.5
2019-08-07,"WL1","3","2.5","X",NA,NA,NA,NA,NA,NA,NA,NA,NA,NA,NA,2019,NA,NA,NA,"Laura & Megan",NA,NA,NA,NA,NA,NA,"grn",NA,NA,NA,NA,NA,NA,NA,NA
2019-08-07,"WL1","3","2.5","X",NA,NA,NA,NA,NA,NA,NA,NA,NA,NA,NA,2019,NA,NA,NA,"Laura & Megan",NA,NA,NA,NA,NA,NA,"red",NA,NA,NA,NA,NA,NA,NA,NA
2019-08-07,"WL1","3","2.5","X",NA,NA,NA,NA,NA,NA,NA,NA,NA,NA,NA,2019,NA,NA,NA,"Laura & Megan",NA,NA,NA,NA,NA,NA,"grn",NA,NA,NA,NA,NA,NA,NA,NA
2019-08-07,"WL1","3","2.5","X",NA,NA,NA,NA,NA,NA,NA,NA,NA,NA,NA,2019,NA,NA,NA,"Laura & Megan",NA,NA,NA,NA,NA,NA,"grn",NA,NA,NA,NA,NA,NA,NA,NA
2019-08-07,"WL1","3","2.5","X",NA,NA,NA,NA,NA,NA,NA,NA,NA,NA,"blue band, not on list",2019,NA,NA,NA,"Laura & Megan",NA,NA,NA,NA,"blu",NA,NA,NA,NA,NA,NA,NA,NA,NA,NA
2019-08-07,"WL1","3","2.5","X",NA,NA,NA,NA,NA,NA,NA,NA,NA,NA,NA,2019,NA,NA,NA,"Laura & Megan",NA,NA,NA,NA,NA,NA,"red",NA,NA,NA,NA,NA,NA,NA,NA
2019-08-07,"WL1","3","2.5","X",NA,NA,NA,NA,NA,NA,NA,NA,NA,NA,NA,2019,NA,NA,NA,"Laura & Megan",NA,NA,NA,NA,NA,NA,"red",NA,NA,NA,NA,NA,NA,NA,NA
2019-08-07,"WL1","3","2.5","V",NA,NA,"<1","3.0",1,"0.4",NA,NA,NA,NA,NA,2019,NA,NA,NA,"Laura & Megan",NA,NA,NA,NA,NA,NA,"grn",NA,NA,NA,NA,"N",NA,NA,0.5
2019-08-07,"WL1","3","3","X*",NA,NA,NA,NA,NA,NA,NA,NA,NA,NA,"*all not on list, maybe listed in 3.5 by mistake?",2019,NA,NA,NA,"Laura & Megan",NA,NA,NA,NA,"blu",NA,NA,NA,NA,NA,NA,NA,NA,NA,NA
2019-08-07,"WL1","3","3","X*",NA,NA,NA,NA,NA,NA,NA,NA,NA,NA,NA,2019,NA,NA,NA,"Laura & Megan",NA,NA,NA,NA,"blu",NA,NA,NA,NA,NA,NA,NA,NA,NA,NA
2019-08-07,"WL1","3","3","X*",NA,NA,NA,NA,NA,NA,NA,NA,NA,NA,NA,2019,NA,NA,NA,"Laura & Megan",NA,NA,NA,NA,"blu",NA,NA,NA,NA,NA,NA,NA,NA,NA,NA
2019-08-07,"WL1","3","3","V",NA,NA,"<1","2.6",1,"0.6",NA,NA,NA,NA,NA,2019,NA,NA,NA,"Laura & Megan",NA,NA,NA,NA,NA,NA,"grn",NA,NA,NA,NA,"N",NA,NA,0.5
2019-08-07,"WL1","3","3","V",NA,NA,"<1","3.0",1,"0.3",NA,NA,NA,NA,NA,2019,NA,NA,NA,"Laura & Megan",NA,NA,NA,NA,NA,NA,"red",NA,NA,NA,NA,"N",NA,NA,0.5
2019-08-07,"WL1","3","3","V",NA,NA,"<1","3.6",1,"0.5",NA,NA,NA,NA,NA,2019,NA,NA,NA,"Laura & Megan",NA,NA,NA,NA,NA,NA,NA,NA,NA,NA,NA,"N",NA,NA,0.5
2019-08-07,"WL1","3","3","X",NA,NA,NA,NA,NA,NA,NA,NA,NA,NA,NA,2019,NA,NA,NA,"Laura & Megan",NA,NA,NA,NA,NA,NA,"red",NA,NA,NA,NA,NA,NA,NA,NA
2019-08-07,"WL1","3","3","X",NA,NA,NA,NA,NA,NA,NA,NA,NA,NA,NA,2019,NA,NA,NA,"Laura & Megan",NA,NA,NA,NA,NA,NA,"red",NA,NA,NA,NA,NA,NA,NA,NA
2019-08-07,"WL1","1","5","V",35,22,"1.16","3.2",1,"1.1",NA,NA,NA,NA,NA,2019,NA,NA,NA,"Laura & Megan",NA,NA,NA,NA,NA,39,"grn",NA,NA,NA,NA,"N",NA,NA,1.16
2019-08-07,"WL1","1","5","X",NA,NA,NA,NA,NA,NA,NA,NA,NA,NA,NA,2019,NA,NA,NA,"Laura & Megan",NA,NA,NA,NA,NA,NA,"grn",NA,NA,NA,NA,NA,NA,NA,NA
2019-08-07,"WL1","1","5","X",NA,NA,NA,NA,NA,NA,NA,NA,NA,NA,NA,2019,NA,NA,NA,"Laura & Megan",NA,NA,NA,NA,NA,NA,"red",NA,NA,NA,NA,NA,NA,NA,NA
2019-08-07,"WL1","1","5","V",NA,NA,"<1","1.3",1,"0.4",NA,NA,NA,NA,NA,2019,NA,NA,NA,"Laura & Megan",NA,NA,NA,NA,NA,NA,"red",NA,NA,NA,NA,"N",NA,NA,0.5
2019-08-07,"WL1","1","6","X",NA,NA,NA,NA,NA,NA,NA,NA,NA,NA,NA,2019,NA,NA,NA,"Laura & Megan",NA,NA,NA,NA,NA,NA,"grn",NA,NA,NA,NA,NA,NA,NA,NA
2019-08-07,"WL1","1","6","X",NA,NA,NA,NA,NA,NA,NA,NA,NA,NA,NA,2019,NA,NA,NA,"Laura & Megan",NA,NA,NA,NA,NA,NA,"grn",NA,NA,NA,NA,NA,NA,NA,NA
2019-08-07,"WL1","1","6.5","X",NA,NA,NA,NA,NA,NA,NA,NA,NA,NA,NA,2019,NA,NA,NA,"Laura & Megan",NA,NA,NA,NA,NA,NA,"grn",NA,NA,NA,NA,NA,NA,NA,NA
2019-08-07,"WL1","1","7","X",NA,NA,NA,NA,NA,NA,NA,NA,NA,NA,NA,2019,NA,NA,NA,"Laura & Megan",NA,NA,NA,NA,NA,NA,"grn",NA,NA,NA,NA,NA,NA,NA,NA
2019-08-07,"WL1","1","7","V",NA,NA,"<1","2.1",1,"0.6",NA,NA,NA,NA,NA,2019,NA,NA,NA,"Laura & Megan",NA,NA,NA,NA,NA,NA,"grn",NA,NA,NA,NA,"N",NA,NA,0.5
2019-08-07,"WL1","1","7","V",NA,NA,"<1","0.7",1,"0.3",NA,NA,NA,NA,NA,2019,NA,NA,NA,"Laura & Megan",NA,NA,NA,NA,NA,NA,"grn",NA,NA,NA,NA,"N",NA,NA,0.5
2019-08-07,"WL1","1","7.5","X",NA,NA,NA,NA,NA,NA,NA,NA,NA,NA,NA,2019,NA,NA,NA,"Laura & Megan",NA,NA,NA,NA,NA,NA,"grn",NA,NA,NA,NA,NA,NA,NA,NA
2019-08-07,"WL1","1","8","X",NA,NA,NA,NA,NA,NA,NA,NA,NA,NA,NA,2019,NA,NA,NA,"Laura & Megan",NA,NA,NA,NA,NA,NA,"red",NA,NA,NA,NA,NA,NA,NA,NA
2019-08-07,"WL1","1","8","V",NA,NA,"<1","1.2",1,"0.3",NA,NA,NA,NA,NA,2019,NA,NA,NA,"Laura & Megan",NA,NA,NA,NA,NA,NA,"red",NA,NA,NA,NA,"N",NA,NA,0.5
2019-08-07,"WL1","1","8","V",NA,NA,"<1","1.0",1,"0.3",NA,NA,NA,NA,NA,2019,NA,NA,NA,"Laura & Megan",NA,NA,NA,NA,NA,NA,"red",NA,NA,NA,NA,"N",NA,NA,0.5
2019-08-07,"WL1","1","8.5","X",NA,NA,NA,NA,NA,NA,NA,NA,NA,NA,NA,2019,NA,NA,NA,"Laura & Megan",NA,NA,NA,NA,NA,NA,"red",NA,NA,NA,NA,NA,NA,NA,NA
2019-08-07,"WL1","1","8.5","X",NA,NA,NA,NA,NA,NA,NA,NA,NA,NA,NA,2019,NA,NA,NA,"Laura & Megan",NA,NA,NA,NA,NA,NA,"grn",NA,NA,NA,NA,NA,NA,NA,NA
2019-08-07,"WL1","1","8.5","X",NA,NA,NA,NA,NA,NA,NA,NA,NA,NA,NA,2019,NA,NA,NA,"Laura & Megan",NA,NA,NA,NA,NA,NA,"grn",NA,NA,NA,NA,NA,NA,NA,NA
2019-08-07,"WL1","1","9","V",NA,NA,"<1","0.8",1,"0.3",NA,NA,NA,NA,NA,2019,NA,NA,NA,"Laura & Megan",NA,NA,NA,NA,NA,NA,"grn",NA,NA,NA,NA,"N",NA,NA,0.5
2019-08-07,"WL1","1","9.5","X",NA,NA,NA,NA,NA,NA,NA,NA,NA,NA,NA,2019,NA,NA,NA,"Laura & Megan",NA,NA,NA,NA,NA,NA,"red",NA,NA,NA,NA,NA,NA,NA,NA
2019-08-07,"WL1","1","4.5","V",NA,NA,"<1","1.4",1,"0.3",NA,NA,NA,NA,NA,2019,NA,NA,NA,"Laura & Megan",NA,NA,NA,NA,NA,NA,"red",NA,NA,NA,NA,"N",NA,NA,0.5
2019-08-07,"WL1","1","4.5","V",15,23,"1.18","2.2",1,"0.8",NA,NA,NA,NA,NA,2019,NA,NA,NA,"Laura & Megan",NA,NA,NA,NA,NA,20,"grn",NA,NA,NA,NA,"N",NA,NA,1.18
2019-08-07,"WL1","1","5.5",NA,NA,NA,NA,NA,NA,NA,NA,NA,NA,NA,"no plants found",2019,NA,NA,NA,"Laura & Megan",NA,NA,NA,NA,NA,NA,NA,NA,NA,NA,NA,NA,NA,NA,NA
2019-08-07,"WL1","1","4",NA,NA,NA,NA,NA,NA,NA,NA,NA,NA,NA,"no plants found",2019,NA,NA,NA,"Laura & Megan",NA,NA,NA,NA,NA,NA,NA,NA,NA,NA,NA,NA,NA,NA,NA
2019-08-07,"WL1","2","5",NA,NA,NA,NA,NA,NA,NA,NA,NA,NA,NA,"no plants found",2019,NA,NA,NA,"Laura & Megan",NA,NA,NA,NA,NA,NA,NA,NA,NA,NA,NA,NA,NA,NA,NA
2019-08-07,"WL1","2","5.5","V",NA,NA,"<1","2.0",1,"0.3",NA,NA,NA,NA,NA,2019,NA,NA,NA,"Laura & Megan",NA,NA,NA,NA,NA,NA,"grn",NA,NA,NA,NA,"N",NA,NA,0.5
2019-08-07,"WL1","2","6","X",NA,NA,NA,NA,NA,NA,NA,NA,NA,NA,NA,2019,NA,NA,NA,"Laura & Megan",NA,NA,NA,NA,NA,NA,"grn",NA,NA,NA,NA,NA,NA,NA,NA
2019-08-07,"WL1","2","6.5",NA,NA,NA,NA,NA,NA,NA,NA,NA,NA,NA,"no plants found",2019,NA,NA,NA,"Laura & Megan",NA,NA,NA,NA,NA,NA,NA,NA,NA,NA,NA,NA,NA,NA,NA
2019-08-07,"WL1","2","7",NA,NA,NA,NA,NA,NA,NA,NA,NA,NA,NA,"no plants found",2019,NA,NA,NA,"Laura & Megan",NA,NA,NA,NA,NA,NA,NA,NA,NA,NA,NA,NA,NA,NA,NA
2019-08-07,"WL1","2","7.5","X",NA,NA,NA,NA,NA,NA,NA,NA,NA,NA,NA,2019,NA,NA,NA,"Laura & Megan",NA,NA,NA,NA,NA,NA,"grn",NA,NA,NA,NA,NA,NA,NA,NA
2019-08-07,"WL1","2","8",NA,NA,NA,NA,NA,NA,NA,NA,NA,NA,NA,"no plants found",2019,NA,NA,NA,"Laura & Megan",NA,NA,NA,NA,NA,NA,NA,NA,NA,NA,NA,NA,NA,NA,NA
2019-08-07,"WL1","3","0.5","X",NA,NA,NA,NA,NA,NA,NA,NA,NA,NA,NA,2019,NA,NA,NA,"Maya & Eva",NA,NA,NA,NA,NA,NA,"red",NA,NA,NA,NA,NA,NA,NA,NA
2019-08-07,"WL1","3","0.5","V",NA,NA,"<1","1.6",1,"0.6",NA,NA,NA,NA,NA,2019,NA,NA,NA,"Maya & Eva",NA,NA,NA,NA,NA,NA,"grn",NA,NA,NA,NA,"N",NA,NA,0.5
2019-08-07,"WL1","3","0.5","V",10,15,"1.05","3.0",1,"1.3",NA,NA,NA,NA,NA,2019,NA,NA,NA,"Maya & Eva",NA,NA,NA,NA,NA,22,"grn",NA,NA,NA,NA,"N",NA,NA,1.05
2019-08-07,"WL1","3","0.5","V",NA,NA,"<1","1.8",1,"0.6",NA,NA,NA,NA,NA,2019,NA,NA,NA,"Maya & Eva",NA,NA,NA,NA,NA,NA,"grn",NA,NA,NA,NA,"N",NA,NA,0.5
2019-08-07,"WL1","3","1","X",NA,NA,NA,NA,NA,NA,NA,NA,NA,NA,"copied x6",2019,NA,NA,NA,"Maya & Eva",NA,NA,NA,NA,NA,NA,"red",NA,NA,NA,NA,NA,NA,NA,NA
2019-08-07,"WL1","3","1","X",NA,NA,NA,NA,NA,NA,NA,NA,NA,NA,NA,2019,NA,NA,NA,"Maya & Eva",NA,NA,NA,NA,NA,NA,"red",NA,NA,NA,NA,NA,NA,NA,NA
2019-08-07,"WL1","3","1","X",NA,NA,NA,NA,NA,NA,NA,NA,NA,NA,NA,2019,NA,NA,NA,"Maya & Eva",NA,NA,NA,NA,NA,NA,"red",NA,NA,NA,NA,NA,NA,NA,NA
2019-08-07,"WL1","3","1","X",NA,NA,NA,NA,NA,NA,NA,NA,NA,NA,NA,2019,NA,NA,NA,"Maya & Eva",NA,NA,NA,NA,NA,NA,"red",NA,NA,NA,NA,NA,NA,NA,NA
2019-08-07,"WL1","3","1","X",NA,NA,NA,NA,NA,NA,NA,NA,NA,NA,NA,2019,NA,NA,NA,"Maya & Eva",NA,NA,NA,NA,NA,NA,"red",NA,NA,NA,NA,NA,NA,NA,NA
2019-08-07,"WL1","3","1","X",NA,NA,NA,NA,NA,NA,NA,NA,NA,NA,NA,2019,NA,NA,NA,"Maya & Eva",NA,NA,NA,NA,NA,NA,"red",NA,NA,NA,NA,NA,NA,NA,NA
2019-08-07,"WL1","3","1","X",NA,NA,NA,NA,NA,NA,NA,NA,NA,NA,"copied x3",2019,NA,NA,NA,"Maya & Eva",NA,NA,NA,NA,NA,NA,"grn",NA,NA,NA,NA,NA,NA,NA,NA
2019-08-07,"WL1","3","1","X",NA,NA,NA,NA,NA,NA,NA,NA,NA,NA,NA,2019,NA,NA,NA,"Maya & Eva",NA,NA,NA,NA,NA,NA,"grn",NA,NA,NA,NA,NA,NA,NA,NA
2019-08-07,"WL1","3","1","X",NA,NA,NA,NA,NA,NA,NA,NA,NA,NA,NA,2019,NA,NA,NA,"Maya & Eva",NA,NA,NA,NA,NA,NA,"grn",NA,NA,NA,NA,NA,NA,NA,NA
2019-08-07,"WL1","3","1","V",NA,NA,"<1","1.6",1,"0.2",NA,NA,NA,NA,NA,2019,NA,NA,NA,"Maya & Eva",NA,NA,NA,NA,NA,NA,"grn",NA,NA,NA,NA,"N",NA,NA,0.5
2019-08-07,"WL1","3","1","X",NA,NA,NA,NA,NA,NA,NA,NA,NA,NA,NA,2019,NA,NA,NA,"Maya & Eva",NA,NA,NA,NA,NA,NA,"grn",NA,NA,NA,NA,NA,NA,NA,NA
2019-08-07,"WL1","3","1","X",NA,NA,NA,NA,NA,NA,NA,NA,NA,NA,NA,2019,NA,NA,NA,"Maya & Eva",NA,NA,NA,NA,NA,NA,"grn",NA,NA,NA,NA,NA,NA,NA,NA
2019-08-07,"WL1","3","1","V",NA,NA,"<1","2.3",1,"0.5",NA,NA,NA,NA,NA,2019,NA,NA,NA,"Maya & Eva",NA,NA,NA,NA,NA,NA,"grn",NA,NA,NA,NA,"N",NA,NA,0.5
2019-08-07,"WL1","3","1","V",NA,NA,"<1","3.2",1,"0.6",NA,NA,NA,NA,NA,2019,NA,NA,NA,"Maya & Eva",NA,NA,NA,NA,NA,NA,"grn",NA,NA,NA,NA,"N",NA,NA,0.5
2019-08-07,"WL1","3","1","V",NA,NA,"<1","3.4",1,"0.5",NA,NA,NA,NA,NA,2019,NA,NA,NA,"Maya & Eva",NA,NA,NA,NA,NA,NA,"red",NA,NA,NA,NA,"N",NA,NA,0.5
2019-08-07,"WL1","3","1.5","X",NA,NA,NA,NA,NA,NA,NA,NA,NA,NA,"copied x4",2019,NA,NA,NA,"Maya & Eva",NA,NA,NA,NA,NA,NA,"grn",NA,NA,NA,NA,NA,NA,NA,NA
2019-08-07,"WL1","3","1.5","X",NA,NA,NA,NA,NA,NA,NA,NA,NA,NA,NA,2019,NA,NA,NA,"Maya & Eva",NA,NA,NA,NA,NA,NA,"grn",NA,NA,NA,NA,NA,NA,NA,NA
2019-08-07,"WL1","3","1.5","X",NA,NA,NA,NA,NA,NA,NA,NA,NA,NA,NA,2019,NA,NA,NA,"Maya & Eva",NA,NA,NA,NA,NA,NA,"grn",NA,NA,NA,NA,NA,NA,NA,NA
2019-08-07,"WL1","3","1.5","X",NA,NA,NA,NA,NA,NA,NA,NA,NA,NA,NA,2019,NA,NA,NA,"Maya & Eva",NA,NA,NA,NA,NA,NA,"grn",NA,NA,NA,NA,NA,NA,NA,NA
2019-08-07,"WL1","3","1.5","V",NA,NA,"<1","2.6",1,"0.9",NA,NA,NA,NA,NA,2019,NA,NA,NA,"Maya & Eva",NA,NA,NA,NA,NA,NA,"grn",NA,NA,NA,NA,"N",NA,NA,0.5
2019-08-07,"WL1","3","1.5","V",NA,NA,"<1","2.6",1,"0.5",NA,NA,NA,NA,NA,2019,NA,NA,NA,"Maya & Eva",NA,NA,NA,NA,NA,NA,"grn",NA,NA,NA,NA,"N",NA,NA,0.5
2019-08-07,"WL1","3","1.5","V",NA,NA,"<1","4.3",1,"1.0",NA,NA,NA,NA,NA,2019,NA,NA,NA,"Maya & Eva",NA,NA,NA,NA,NA,NA,"grn",NA,NA,NA,NA,"N",NA,NA,0.5
2019-08-07,"WL1","3","1.5","V",NA,NA,"<1","4.6",1,"1.1",NA,NA,NA,NA,NA,2019,NA,NA,NA,"Maya & Eva",NA,NA,NA,NA,NA,NA,"grn",NA,NA,NA,NA,"N",NA,NA,0.5
2019-08-07,"WL1","3","1.5","V",NA,NA,"<1","3.0",1,"0.9",NA,NA,NA,NA,NA,2019,NA,NA,NA,"Maya & Eva",NA,NA,NA,NA,NA,NA,"grn",NA,NA,NA,NA,"N",NA,NA,0.5
2019-08-07,"WL1","3","2","X",NA,NA,NA,NA,NA,NA,NA,NA,NA,NA,"copied x3",2019,NA,NA,NA,"Maya & Eva",NA,NA,NA,NA,NA,NA,"red",NA,NA,NA,NA,NA,NA,NA,NA
2019-08-07,"WL1","3","2","X",NA,NA,NA,NA,NA,NA,NA,NA,NA,NA,NA,2019,NA,NA,NA,"Maya & Eva",NA,NA,NA,NA,NA,NA,"red",NA,NA,NA,NA,NA,NA,NA,NA
2019-08-07,"WL1","3","2","X",NA,NA,NA,NA,NA,NA,NA,NA,NA,NA,NA,2019,NA,NA,NA,"Maya & Eva",NA,NA,NA,NA,NA,NA,"red",NA,NA,NA,NA,NA,NA,NA,NA
2019-08-07,"WL1","3","2","X",NA,NA,NA,NA,NA,NA,NA,NA,NA,NA,"copied x3",2019,NA,NA,NA,"Maya & Eva",NA,NA,NA,NA,NA,NA,"grn",NA,NA,NA,NA,NA,NA,NA,NA
2019-08-07,"WL1","3","2","X",NA,NA,NA,NA,NA,NA,NA,NA,NA,NA,NA,2019,NA,NA,NA,"Maya & Eva",NA,NA,NA,NA,NA,NA,"grn",NA,NA,NA,NA,NA,NA,NA,NA
2019-08-07,"WL1","3","2","X",NA,NA,NA,NA,NA,NA,NA,NA,NA,NA,NA,2019,NA,NA,NA,"Maya & Eva",NA,NA,NA,NA,NA,NA,"grn",NA,NA,NA,NA,NA,NA,NA,NA
2019-08-07,"WL1","3","2","V",NA,NA,"<1","2.0",1,"0.7",NA,NA,NA,NA,NA,2019,NA,NA,NA,"Maya & Eva",NA,NA,NA,NA,NA,NA,"red",NA,NA,NA,NA,"N",NA,NA,0.5
2019-08-07,"WL1","3","2","V",NA,NA,"<1","2.6",1,"0.7",NA,NA,NA,NA,NA,2019,NA,NA,NA,"Maya & Eva",NA,NA,NA,NA,NA,NA,"red",NA,NA,NA,NA,"N",NA,NA,0.5
2019-08-07,"WL1","3","2","V",NA,NA,"<1","2.6",1,"0.6",NA,NA,NA,NA,NA,2019,NA,NA,NA,"Maya & Eva",NA,NA,NA,NA,NA,NA,"red",NA,NA,NA,NA,"N",NA,NA,0.5
2019-08-07,"WL1","3","2","V",NA,NA,"<1","4.3",1,"0.9",NA,NA,NA,NA,NA,2019,NA,NA,NA,"Maya & Eva",NA,NA,NA,NA,NA,NA,"grn",NA,NA,NA,NA,"N",NA,NA,0.5
2019-08-07,"WL1","3","0","X",NA,NA,NA,NA,NA,NA,NA,NA,NA,NA,NA,2019,NA,NA,NA,"Maya & Eva",NA,NA,NA,NA,NA,NA,"grn",NA,NA,NA,NA,NA,NA,NA,NA
2019-08-07,"WL1","3","0","X",NA,NA,NA,NA,NA,NA,NA,NA,NA,NA,NA,2019,NA,NA,NA,"Maya & Eva",NA,NA,NA,NA,NA,NA,"grn",NA,NA,NA,NA,NA,NA,NA,NA
2019-08-07,"WL1","3","0","X",NA,NA,NA,NA,NA,NA,NA,NA,NA,NA,NA,2019,NA,NA,NA,"Maya & Eva",NA,NA,NA,NA,NA,NA,"grn",NA,NA,NA,NA,NA,NA,NA,NA
2019-08-07,"WL1","3","0","V",NA,NA,"<1","3.2",1,"0.6",NA,NA,NA,NA,NA,2019,NA,NA,NA,"Maya & Eva",NA,NA,NA,NA,NA,NA,"grn",NA,NA,NA,NA,"Y",NA,NA,0.5
2019-08-07,"WL1","3","0","V",16,42,"1.2","3.7",1,"1.1",NA,NA,NA,NA,NA,2019,NA,NA,NA,"Maya & Eva",NA,NA,NA,NA,NA,44,"grn",NA,NA,NA,NA,"N",NA,NA,1.2
2019-08-07,"WL1","3","3","V",NA,NA,"<1","2.0",1,"0.3",NA,NA,NA,NA,NA,2019,NA,NA,NA,"Laura & Megan",NA,NA,NA,NA,NA,NA,"red",NA,NA,NA,NA,"N",NA,NA,0.5
2019-08-07,"WL1","3","3","V",NA,NA,"<1","3.4",1,"0.6",NA,NA,NA,NA,NA,2019,NA,NA,NA,"Laura & Megan",NA,NA,NA,NA,NA,NA,"red",NA,NA,NA,NA,"N",NA,NA,0.5
2019-08-07,"WL1","3","4","V",NA,NA,"<1","1.0",1,"0.3",NA,NA,NA,NA,NA,2019,NA,NA,NA,"Laura & Megan",NA,NA,NA,NA,NA,NA,"red",NA,NA,NA,NA,"N",NA,NA,0.5
2019-08-07,"WL1","3","4","V",NA,NA,"<1","2.6",1,"0.7",NA,NA,NA,NA,NA,2019,NA,NA,NA,"Laura & Megan",NA,NA,NA,NA,NA,NA,"red",NA,NA,NA,NA,"N",NA,NA,0.5
2019-08-07,"WL1","3","3.5",NA,NA,NA,NA,NA,NA,NA,NA,NA,NA,NA,"no plants found",2019,NA,NA,NA,"Laura & Megan",NA,NA,NA,NA,NA,NA,NA,NA,NA,NA,NA,NA,NA,NA,NA
2019-08-07,"WL1","3","4","V",NA,NA,"<1","2.5",1,"0.5",NA,NA,NA,NA,NA,2019,NA,NA,NA,"Laura & Megan",NA,NA,NA,NA,NA,NA,"grn",NA,NA,NA,NA,"N",NA,NA,0.5
2019-08-07,"WL1","3","4","X",NA,NA,NA,NA,NA,NA,NA,NA,NA,NA,NA,2019,NA,NA,NA,"Laura & Megan",NA,NA,NA,NA,NA,NA,"red",NA,NA,NA,NA,NA,NA,NA,NA
2019-08-07,"WL1","3","4","V",NA,NA,"<1","2.9",1,"0.5",NA,NA,NA,NA,NA,2019,NA,NA,NA,"Laura & Megan",NA,NA,NA,NA,NA,NA,"grn",NA,NA,NA,NA,"N",NA,NA,0.5
2019-08-07,"WL1","3","4","V",NA,NA,"<1","3.0",1,"0.5",NA,NA,NA,NA,NA,2019,NA,NA,NA,"Laura & Megan",NA,NA,NA,NA,NA,NA,"red",NA,NA,NA,NA,"N",NA,NA,0.5
2019-08-07,"WL1","3","4.5",NA,NA,NA,NA,NA,NA,NA,NA,NA,NA,NA,"no plants found",2019,NA,NA,NA,"Laura & Megan",NA,NA,NA,NA,NA,NA,NA,NA,NA,NA,NA,NA,NA,NA,NA
2020-07-17,"WL1","1","1","X",22,20,NA,NA,NA,NA,NA,NA,NA,NA,NA,2020,NA,"SRA",2021-07-07,NA,NA,NA,NA,NA,"red",48,NA,NA,NA,NA,NA,NA,NA,NA,NA
2020-07-17,"WL1","1","2.5","P",10,50,"2.22","25.7",2,NA,"0.0","12.0",5.4,2,NA,2020,NA,"SRA",2021-07-07,NA,NA,NA,NA,NA,"red",40,NA,NA,NA,NA,NA,"N",NA,NA,2.22
2020-07-17,"WL1","1","3","X",34,50,NA,NA,NA,NA,NA,NA,NA,NA,NA,2020,NA,"SHS",2021-07-13,NA,NA,NA,NA,NA,"blue",NA,NA,NA,NA,NA,NA,NA,NA,NA,NA
2020-07-17,"WL1","1","3","X",30,7,NA,NA,NA,NA,NA,NA,NA,NA,NA,2020,NA,"SHS",2021-07-13,NA,NA,NA,NA,NA,"red",23,NA,NA,NA,NA,NA,NA,NA,NA,NA
2020-07-17,"WL1","1","3.5","X",0,42,NA,NA,NA,NA,NA,NA,NA,NA,NA,2020,NA,"SHS",2021-07-13,NA,NA,NA,NA,NA,"red",24,NA,NA,NA,NA,NA,NA,NA,NA,NA
2020-07-17,"WL1","1","4.5","P",15,23,"1.42","13.2",3,NA,"0.0","5.0",3,3,NA,2020,NA,"SHS",2021-07-13,NA,NA,NA,NA,NA,"red",20,NA,NA,NA,NA,NA,"N",NA,NA,1.42
2020-07-17,"WL1","1","5","P",35,12,"2.07","19.5",4,NA,"0.0","13.0",6.1,4,"y=I2, not 22",2020,NA,"SHS",2021-07-13,NA,NA,NA,NA,NA,"red",39,NA,NA,NA,NA,NA,"N",NA,NA,2.07
2020-07-17,"WL1","2","3","X",35,33,NA,NA,NA,NA,NA,NA,NA,NA,"no plant",2020,NA,"SHS",2021-07-13,NA,NA,NA,NA,NA,"red",35,NA,NA,NA,NA,NA,NA,NA,NA,NA
2020-07-17,"WL1","2","8.5","X",6,0,NA,NA,NA,NA,NA,NA,NA,NA,"no plant",2020,NA,"SHS",2021-07-13,NA,NA,NA,NA,NA,"red",4,NA,NA,NA,NA,NA,NA,NA,NA,NA
2020-07-17,"WL1","2","8.5","X",28,0,NA,NA,NA,NA,NA,NA,NA,NA,"no plant",2020,NA,"SHS",2021-07-13,NA,NA,NA,NA,NA,"red",72,NA,NA,NA,NA,NA,NA,NA,NA,NA
2020-07-17,"WL1","3","0","X",25,34,NA,NA,NA,NA,NA,NA,NA,NA,"no plant or band",2020,NA,"SHS",2021-07-13,NA,NA,NA,NA,NA,"red",25,NA,NA,NA,NA,NA,NA,NA,NA,NA
2020-07-17,"WL1","3","0","X",35,42,NA,NA,NA,NA,NA,NA,NA,NA,"no plant or band",2020,NA,"SHS",2021-07-13,NA,NA,NA,NA,NA,"red",21,NA,NA,NA,NA,NA,NA,NA,NA,NA
2020-07-17,"WL1","3","0","X",16,42,NA,NA,NA,NA,NA,NA,NA,NA,"no plant or band",2020,NA,"SHS",2021-07-13,NA,NA,NA,NA,NA,"red",44,NA,NA,NA,NA,NA,NA,NA,NA,NA
2020-07-17,"WL1","3","0.5","X",10,15,NA,NA,NA,NA,NA,NA,NA,NA,"no plant or band",2020,NA,"SHS",2021-07-13,NA,NA,NA,NA,NA,"red",22,NA,NA,NA,NA,NA,NA,NA,NA,NA
2020-07-17,"WL1","1","0.5","P",28,28,"1.33","20.1",1,NA,"0.0","7.0",4,1,NA,2020,NA,"SHS",2021-07-13,NA,NA,NA,NA,NA,"blue",34,"red",NA,NA,NA,NA,"N",NA,NA,1.33
2020-07-17,"WL1","1","0.5","P",14,30,"1.33","18.8",1,NA,"0.0","5.0",7.3,1,NA,2020,NA,"SHS",2021-07-13,NA,NA,NA,NA,NA,"blue",10,"red",NA,NA,NA,NA,"N",NA,NA,1.33
2020-07-17,"WL1","1","0.5","P",15,37,"1.3","19.4",1,NA,"0.0","11.0",5.1,1,NA,2020,NA,"SHS",2021-07-13,NA,NA,NA,NA,NA,"blue",19,"red",NA,NA,NA,NA,"N",NA,NA,1.3
2020-07-17,"WL1","1","0.5","V",NA,NA,"0.66","3.5",1,"0.8",NA,NA,NA,0,NA,2020,NA,"SHS",2021-07-13,NA,NA,NA,NA,NA,NA,NA,NA,NA,NA,NA,NA,"N",NA,NA,0.5
2020-07-17,"WL1","1","0.5","V",NA,NA,"0.8","2.4",1,"0.7",NA,NA,NA,0,NA,2020,NA,"SHS",2021-07-13,NA,NA,NA,NA,NA,NA,NA,NA,NA,NA,NA,NA,"N",NA,NA,0.5
2020-07-17,"WL1","1","3","P",23,14,"1.14","14.7",1,NA,"0.0","4.0",5.9,1,NA,2020,NA,"SHS",2021-07-13,NA,NA,NA,NA,NA,"blue",60,NA,NA,NA,NA,NA,"N",NA,NA,1.14
2020-07-17,"WL1","1","3","P",37,27,"1.57","26.0",2,NA,"0.0","10.0",6.1,2,NA,2020,NA,"SHS",2021-07-13,NA,NA,NA,NA,NA,"blue",16,NA,NA,NA,NA,NA,"N",NA,NA,1.57
2020-07-17,"WL1","1","3","P",45,32,"2.09","24.0",3,NA,"0.0","31.0",7.5,3,NA,2020,NA,"SHS",2021-07-13,NA,NA,NA,NA,NA,"blue",41,NA,NA,NA,NA,NA,"N",NA,NA,2.09
2020-07-17,"WL1","1","4.5","X",NA,NA,NA,NA,NA,NA,NA,NA,NA,NA,"no plant",2020,NA,"SHS",2021-07-13,NA,NA,NA,NA,NA,NA,NA,"green",NA,NA,NA,NA,NA,NA,NA,NA
2020-07-17,"WL1","1","5","P",19,47,"1.99","23.3",1,NA,"0.0","12.0",7.6,1,NA,2020,NA,"SHS",2021-07-13,NA,NA,NA,NA,NA,"blue",22,"red",NA,NA,NA,NA,"N",NA,NA,1.99
2020-07-17,"WL1","1","7.5","X",NA,NA,NA,NA,NA,NA,NA,NA,NA,NA,"no plant",2020,NA,"SHS",2021-07-13,NA,NA,NA,NA,NA,NA,NA,"green",NA,NA,NA,NA,NA,NA,NA,NA
2020-07-17,"WL1","1","8.5","X",NA,NA,NA,NA,NA,NA,NA,NA,NA,NA,"no plant",2020,NA,"SHS",2021-07-13,NA,NA,NA,NA,NA,NA,NA,"green",NA,NA,NA,NA,NA,NA,NA,NA
2020-07-17,"WL1","1","8.5","X",NA,NA,NA,NA,NA,NA,NA,NA,NA,NA,"no plant",2020,NA,"SHS",2021-07-13,NA,NA,NA,NA,NA,NA,NA,"green",NA,NA,NA,NA,NA,NA,NA,NA
2020-07-17,"WL1","1","9","X",NA,NA,NA,NA,NA,NA,NA,NA,NA,NA,"no plant",2020,NA,"SHS",2021-07-13,NA,NA,NA,NA,NA,NA,NA,"green",NA,NA,NA,NA,NA,NA,NA,NA
2020-07-17,"WL1","2","0","X",NA,NA,NA,NA,NA,NA,NA,NA,NA,NA,"no plant",2020,NA,"SHS",2021-07-13,NA,NA,NA,NA,NA,NA,NA,"red",NA,NA,NA,NA,NA,NA,NA,NA
2020-07-17,"WL1","2","0","V",NA,NA,"0.25","14.0",1,"0.2",NA,NA,NA,0,NA,2020,NA,"SHS",2021-07-13,NA,NA,NA,NA,NA,NA,NA,"red",NA,NA,NA,NA,NA,NA,NA,0.5
2020-07-17,"WL1","2","0.5","P",NA,23,"1.52","19.1",2,NA,NA,"3.0",6.7,1,"1 branch broken",2020,NA,"SHS",2021-07-13,NA,NA,NA,NA,NA,"blue",57,"red",NA,NA,NA,NA,"Y",NA,NA,1.52
2020-07-17,"WL1","2","0.5","X",NA,NA,NA,NA,NA,NA,NA,NA,NA,NA,NA,2020,NA,"SHS",2021-07-13,NA,NA,NA,NA,NA,NA,NA,"red",NA,NA,NA,NA,NA,NA,NA,NA
2020-07-17,"WL1","2","0.5","X",NA,NA,NA,NA,NA,NA,NA,NA,NA,NA,NA,2020,NA,"SHS",2021-07-13,NA,NA,NA,NA,NA,NA,NA,"red",NA,NA,NA,NA,NA,NA,NA,NA
2020-07-17,"WL1","2","0.5","X",NA,NA,NA,NA,NA,NA,NA,NA,NA,NA,NA,2020,NA,"SHS",2021-07-13,NA,NA,NA,NA,NA,NA,NA,"red",NA,NA,NA,NA,NA,NA,NA,NA
2020-07-17,"WL1","2","0.5","X",NA,NA,NA,NA,NA,NA,NA,NA,NA,NA,NA,2020,NA,"SHS",2021-07-13,NA,NA,NA,NA,NA,NA,NA,"red",NA,NA,NA,NA,NA,NA,NA,NA
2020-07-17,"WL1","2","0.5","V",NA,NA,"0.6","2.3",1,"0.8",NA,NA,NA,0,NA,2020,NA,"SHS",2021-07-13,NA,NA,NA,NA,NA,NA,NA,NA,NA,NA,NA,NA,"N",NA,NA,0.5
2020-07-17,"WL1","2","1","X",NA,NA,NA,NA,NA,NA,NA,NA,NA,NA,NA,2020,NA,"SHS",2021-07-13,NA,NA,NA,NA,NA,NA,NA,"red",NA,NA,NA,NA,NA,NA,NA,NA
2020-07-17,"WL1","2","2","X",NA,NA,NA,NA,NA,NA,NA,NA,NA,NA,NA,2020,NA,"SHS",2021-07-13,NA,NA,NA,NA,NA,NA,NA,"red",NA,NA,NA,NA,NA,NA,NA,NA
2020-07-17,"WL1","2","2","X",NA,NA,NA,NA,NA,NA,NA,NA,NA,NA,NA,2020,NA,"SHS",2021-07-13,NA,NA,NA,NA,NA,NA,NA,"red",NA,NA,NA,NA,NA,NA,NA,NA
2020-07-17,"WL1","2","2","X",NA,NA,NA,NA,NA,NA,NA,NA,NA,NA,NA,2020,NA,"SHS",2021-07-13,NA,NA,NA,NA,NA,NA,NA,"red",NA,NA,NA,NA,NA,NA,NA,NA
2020-07-17,"WL1","2","2","V",3,4,"1.07","3.3",1,"1.3",NA,NA,NA,0,NA,2020,NA,"SHS",2021-07-13,NA,NA,NA,NA,NA,"blue",61,NA,NA,NA,NA,NA,"N",NA,NA,1.07
2020-07-17,"WL1","2","2","V",NA,NA,"0.56","3.9",1,"1.0",NA,NA,NA,0,NA,2020,NA,"SHS",2021-07-13,NA,NA,NA,NA,NA,NA,NA,"red",NA,NA,NA,NA,NA,NA,NA,0.5
2020-07-17,"WL1","2","2.5","V",NA,NA,"<1","1.4",1,"0.4",NA,NA,NA,0,NA,2020,NA,"SHS",2021-07-13,NA,NA,NA,NA,NA,NA,NA,NA,NA,NA,NA,NA,"N",NA,NA,0.5
2020-07-17,"WL1","2","2.5","V",NA,NA,"0.92","3.2",1,"0.7",NA,NA,NA,0,NA,2020,NA,"SHS",2021-07-13,NA,NA,NA,NA,NA,NA,NA,"red",NA,NA,NA,NA,"N",NA,NA,0.5
2020-07-17,"WL1","2","2.5","X",NA,NA,NA,NA,NA,NA,NA,NA,NA,NA,"no plant",2020,NA,"SHS",2021-07-13,NA,NA,NA,NA,NA,NA,NA,"red",NA,NA,NA,NA,NA,NA,NA,NA
2020-07-17,"WL1","2","2.5","X",NA,NA,NA,NA,NA,NA,NA,NA,NA,NA,"no plant",2020,NA,"SHS",2021-07-13,NA,NA,NA,NA,NA,NA,NA,"red",NA,NA,NA,NA,NA,NA,NA,NA
2020-07-17,"WL1","2","2.5","X",NA,NA,NA,NA,NA,NA,NA,NA,NA,NA,"no plant",2020,NA,"SHS",2021-07-13,NA,NA,NA,NA,NA,NA,NA,"red",NA,NA,NA,NA,NA,NA,NA,NA
2020-07-17,"WL1","2","2.5","X",NA,NA,NA,NA,NA,NA,NA,NA,NA,NA,"no plant",2020,NA,"SHS",2021-07-13,NA,NA,NA,NA,NA,NA,NA,"red",NA,NA,NA,NA,NA,NA,NA,NA
2020-07-17,"WL1","2","2.5","X",NA,NA,NA,NA,NA,NA,NA,NA,NA,NA,"no plant",2020,NA,"SHS",2021-07-13,NA,NA,NA,NA,NA,NA,NA,"red",NA,NA,NA,NA,NA,NA,NA,NA
2020-07-17,"WL1","2","2.5","X",NA,NA,NA,NA,NA,NA,NA,NA,NA,NA,"no plant",2020,NA,"SHS",2021-07-13,NA,NA,NA,NA,NA,NA,NA,"red",NA,NA,NA,NA,NA,NA,NA,NA
2020-07-17,"WL1","2","2.5","X",NA,NA,NA,NA,NA,NA,NA,NA,NA,NA,"no plant",2020,NA,"SHS",2021-07-13,NA,NA,NA,NA,NA,NA,NA,"red",NA,NA,NA,NA,NA,NA,NA,NA
2020-07-17,"WL1","2","2.5","X",NA,NA,NA,NA,NA,NA,NA,NA,NA,NA,"no plant",2020,NA,"SHS",2021-07-13,NA,NA,NA,NA,NA,NA,NA,"red",NA,NA,NA,NA,NA,NA,NA,NA
2020-07-17,"WL1","2","2.5","X",NA,NA,NA,NA,NA,NA,NA,NA,NA,NA,"no plant",2020,NA,"SHS",2021-07-13,NA,NA,NA,NA,NA,NA,NA,"red",NA,NA,NA,NA,NA,NA,NA,NA
2020-07-17,"WL1","2","3","V",NA,NA,"0.63","2.5",1,"0.6",NA,NA,NA,0,NA,2020,NA,"SHS",2021-07-13,NA,NA,NA,NA,NA,NA,NA,NA,NA,NA,NA,NA,"N",NA,NA,0.5
2020-07-17,"WL1","2","3","V",NA,NA,"<1","0.9",1,"0.2",NA,NA,NA,0,NA,2020,NA,"SHS",2021-07-13,NA,NA,NA,NA,NA,NA,NA,NA,NA,NA,NA,NA,"N",NA,NA,0.5
2020-07-17,"WL1","2","3","V",NA,NA,"0.59","1.4",1,"0.1",NA,NA,NA,0,NA,2020,NA,"SHS",2021-07-13,NA,NA,NA,NA,NA,NA,NA,"red",NA,NA,NA,NA,"N",NA,NA,0.5
2020-07-17,"WL1","2","3","V",NA,NA,"0.7","3.6",1,"0.8",NA,NA,NA,0,NA,2020,NA,"SHS",2021-07-13,NA,NA,NA,NA,NA,NA,NA,NA,NA,NA,NA,NA,"N",NA,NA,0.5
2020-07-17,"WL1","2","3","X",NA,NA,NA,NA,NA,NA,NA,NA,NA,NA,NA,2020,NA,"SHS",2021-07-13,NA,NA,NA,NA,NA,NA,NA,"red",NA,NA,NA,NA,NA,NA,NA,NA
2020-07-17,"WL1","2","3","X",NA,NA,NA,NA,NA,NA,NA,NA,NA,NA,NA,2020,NA,"SHS",2021-07-13,NA,NA,NA,NA,NA,NA,NA,"red",NA,NA,NA,NA,NA,NA,NA,NA
2020-07-17,"WL1","2","3","X",NA,NA,NA,NA,NA,NA,NA,NA,NA,NA,NA,2020,NA,"SHS",2021-07-13,NA,NA,NA,NA,NA,NA,NA,"red",NA,NA,NA,NA,"N",NA,NA,NA
2020-07-17,"WL1","2","3","X",NA,NA,NA,NA,NA,NA,NA,NA,NA,NA,NA,2020,NA,"SHS",2021-07-13,NA,NA,NA,NA,NA,NA,NA,"red",NA,NA,NA,NA,NA,NA,NA,NA
2020-07-17,"WL1","2","3","X",NA,NA,NA,NA,NA,NA,NA,NA,NA,NA,NA,2020,NA,"SHS",2021-07-13,NA,NA,NA,NA,NA,NA,NA,"red",NA,NA,NA,NA,NA,NA,NA,NA
2020-07-17,"WL1","2","3.5","V",NA,NA,"0.84","2.9",1,"0.8",NA,NA,NA,0,NA,2020,NA,"SHS",2021-07-13,NA,NA,NA,NA,NA,NA,NA,"red",NA,NA,NA,NA,NA,NA,NA,0.5
2020-07-17,"WL1","2","3.5","X",NA,NA,NA,NA,NA,NA,NA,NA,NA,NA,NA,2020,NA,"SHS",2021-07-13,NA,NA,NA,NA,NA,NA,NA,"red",NA,NA,NA,NA,NA,NA,NA,NA
2020-07-17,"WL1","2","3.5","X",NA,NA,NA,NA,NA,NA,NA,NA,NA,NA,NA,2020,NA,"SHS",2021-07-13,NA,NA,NA,NA,NA,NA,NA,"red",NA,NA,NA,NA,NA,NA,NA,NA
2020-07-17,"WL1","2","3.5","X",NA,NA,NA,NA,NA,NA,NA,NA,NA,NA,NA,2020,NA,"SHS",2021-07-13,NA,NA,NA,NA,NA,NA,NA,"red",NA,NA,NA,NA,NA,NA,NA,NA
2020-07-17,"WL1","2","3.5","X",NA,NA,NA,NA,NA,NA,NA,NA,NA,NA,NA,2020,NA,"SHS",2021-07-13,NA,NA,NA,NA,NA,NA,NA,"red",NA,NA,NA,NA,NA,NA,NA,NA
2020-07-17,"WL1","2","4","X",NA,NA,NA,NA,NA,NA,NA,NA,NA,NA,NA,2020,NA,"SHS",2021-07-13,NA,NA,NA,NA,NA,NA,NA,"red",NA,NA,NA,NA,NA,NA,NA,NA
2020-07-17,"WL1","2","4","X",NA,NA,NA,NA,NA,NA,NA,NA,NA,NA,NA,2020,NA,"SHS",2021-07-13,NA,NA,NA,NA,NA,NA,NA,"red",NA,NA,NA,NA,NA,NA,NA,NA
2020-07-17,"WL1","2","4","X",NA,NA,NA,NA,NA,NA,NA,NA,NA,NA,NA,2020,NA,"SHS",2021-07-13,NA,NA,NA,NA,NA,NA,NA,"red",NA,NA,NA,NA,NA,NA,NA,NA
2020-07-17,"WL1","2","4.5","X",NA,NA,NA,NA,NA,NA,NA,NA,NA,NA,NA,2020,NA,"SHS",2021-07-13,NA,NA,NA,NA,NA,NA,NA,"red",NA,NA,NA,NA,NA,NA,NA,NA
2020-07-17,"WL1","2","4.5","X",NA,NA,NA,NA,NA,NA,NA,NA,NA,NA,NA,2020,NA,"SHS",2021-07-13,NA,NA,NA,NA,NA,NA,NA,"red",NA,NA,NA,NA,NA,NA,NA,NA
2020-07-17,"WL1","2","4.5","X",NA,NA,NA,NA,NA,NA,NA,NA,NA,NA,NA,2020,NA,"SHS",2021-07-13,NA,NA,NA,NA,NA,NA,NA,"red",NA,NA,NA,NA,NA,NA,NA,NA
2020-07-17,"WL1","2","5","X",NA,NA,NA,NA,NA,NA,NA,NA,NA,NA,NA,2020,NA,"SHS",2021-07-13,NA,NA,NA,NA,NA,NA,NA,"red",NA,NA,NA,NA,NA,NA,NA,NA
2020-07-17,"WL1","2","5","X",NA,NA,NA,NA,NA,NA,NA,NA,NA,NA,NA,2020,NA,"SHS",2021-07-13,NA,NA,NA,NA,NA,NA,NA,"red",NA,NA,NA,NA,NA,NA,NA,NA
2020-07-17,"WL1","2","5","X",NA,NA,NA,NA,NA,NA,NA,NA,NA,NA,NA,2020,NA,"SHS",2021-07-13,NA,NA,NA,NA,NA,NA,NA,"red",NA,NA,NA,NA,NA,NA,NA,NA
2020-07-17,"WL1","2","5","X",NA,NA,NA,NA,NA,NA,NA,NA,NA,NA,NA,2020,NA,"SHS",2021-07-13,NA,NA,NA,NA,NA,NA,NA,"red",NA,NA,NA,NA,NA,NA,NA,NA
2020-07-17,"WL1","2","5.5","V",NA,NA,"0.66","3.8",1,NA,NA,NA,0.6,0,NA,2020,NA,"SHS",2021-07-13,NA,NA,NA,NA,NA,NA,NA,"red",NA,NA,NA,NA,"N",NA,NA,0.5
2020-07-17,"WL1","2","5.5","X",NA,NA,NA,NA,NA,NA,NA,NA,NA,NA,NA,2020,NA,"SHS",2021-07-13,NA,NA,NA,NA,NA,NA,NA,"red",NA,NA,NA,NA,NA,NA,NA,NA
2020-07-17,"WL1","2","6","X",NA,NA,NA,NA,NA,NA,NA,NA,NA,NA,NA,2020,NA,"SHS",2021-07-13,NA,NA,NA,NA,NA,NA,NA,"red",NA,NA,NA,NA,NA,NA,NA,NA
2020-07-17,"WL1","2","6","X",NA,NA,NA,NA,NA,NA,NA,NA,NA,NA,NA,2020,NA,"SHS",2021-07-13,NA,NA,NA,NA,NA,NA,NA,"red",NA,NA,NA,NA,NA,NA,NA,NA
2020-07-17,"WL1","2","6","X",NA,NA,NA,NA,NA,NA,NA,NA,NA,NA,NA,2020,NA,"SHS",2021-07-13,NA,NA,NA,NA,NA,NA,NA,"red",NA,NA,NA,NA,NA,NA,NA,NA
2020-07-17,"WL1","2","6","X",NA,NA,NA,NA,NA,NA,NA,NA,NA,NA,NA,2020,NA,"SHS",2021-07-13,NA,NA,NA,NA,NA,NA,NA,"red",NA,NA,NA,NA,NA,NA,NA,NA
2020-07-17,"WL1","2","6.5","V",NA,NA,"0.6","1.5",1,NA,NA,NA,0.3,0,NA,2020,NA,"SHS",2021-07-13,NA,NA,NA,NA,NA,NA,NA,NA,NA,NA,NA,NA,"N",NA,NA,0.5
2020-07-17,"WL1","2","6.5","V",NA,NA,"0.5","2.4",1,NA,NA,NA,0.4,0,NA,2020,NA,"SHS",2021-07-13,NA,NA,NA,NA,NA,NA,NA,"red",NA,NA,NA,NA,"N",NA,NA,0.5
2020-07-17,"WL1","2","6.5","X",NA,NA,NA,NA,NA,NA,NA,NA,NA,NA,NA,2020,NA,"SHS",2021-07-13,NA,NA,NA,NA,NA,NA,NA,"red",NA,NA,NA,NA,NA,NA,NA,NA
2020-07-17,"WL1","2","6.5","X",NA,NA,NA,NA,NA,NA,NA,NA,NA,NA,NA,2020,NA,"SHS",2021-07-13,NA,NA,NA,NA,NA,NA,NA,"red",NA,NA,NA,NA,NA,NA,NA,NA
2020-07-17,"WL1","2","6.5","X",NA,NA,NA,NA,NA,NA,NA,NA,NA,NA,NA,2020,NA,"SHS",2021-07-13,NA,NA,NA,NA,NA,NA,NA,"red",NA,NA,NA,NA,NA,NA,NA,NA
2020-07-17,"WL1","2","6.5","X",NA,NA,NA,NA,NA,NA,NA,NA,NA,NA,NA,2020,NA,"SHS",2021-07-13,NA,NA,NA,NA,NA,NA,NA,"red",NA,NA,NA,NA,NA,NA,NA,NA
2020-07-17,"WL1","2","6.5","X",NA,NA,NA,NA,NA,NA,NA,NA,NA,NA,NA,2020,NA,"SHS",2021-07-13,NA,NA,NA,NA,NA,NA,NA,"red",NA,NA,NA,NA,NA,NA,NA,NA
2020-07-17,"WL1","2","6.5","X",NA,NA,NA,NA,NA,NA,NA,NA,NA,NA,NA,2020,NA,"SHS",2021-07-13,NA,NA,NA,NA,NA,NA,NA,"red",NA,NA,NA,NA,NA,NA,NA,NA
2020-07-17,"WL1","2","6.5","X",NA,NA,NA,NA,NA,NA,NA,NA,NA,NA,NA,2020,NA,"SHS",2021-07-13,NA,NA,NA,NA,NA,NA,NA,"red",NA,NA,NA,NA,NA,NA,NA,NA
2020-07-17,"WL1","2","6.5","X",NA,NA,NA,NA,NA,NA,NA,NA,NA,NA,NA,2020,NA,"SHS",2021-07-13,NA,NA,NA,NA,NA,NA,NA,"red",NA,NA,NA,NA,NA,NA,NA,NA
2020-07-17,"WL1","2","6.5","X",NA,NA,NA,NA,NA,NA,NA,NA,NA,NA,NA,2020,NA,"SHS",2021-07-13,NA,NA,NA,NA,NA,NA,NA,"red",NA,NA,NA,NA,NA,NA,NA,NA
2020-07-17,"WL1","2","7.5","X",NA,NA,NA,NA,NA,NA,NA,NA,NA,NA,NA,2020,NA,"SHS",2021-07-13,NA,NA,NA,NA,NA,NA,NA,"red",NA,NA,NA,NA,NA,NA,NA,NA
2020-07-17,"WL1","2","7.5","X",NA,NA,NA,NA,NA,NA,NA,NA,NA,NA,NA,2020,NA,"SHS",2021-07-13,NA,NA,NA,NA,NA,NA,NA,"red",NA,NA,NA,NA,NA,NA,NA,NA
2020-07-17,"WL1","2","8","V",NA,NA,"0.56","2.5",1,"0.6",NA,NA,NA,0,NA,2020,NA,"SHS",2021-07-13,NA,NA,NA,NA,NA,NA,NA,NA,NA,NA,NA,NA,"N",NA,NA,0.5
2020-07-17,"WL1","2","8.5","X",NA,NA,NA,NA,NA,NA,NA,NA,NA,NA,"no plant",2020,NA,"SHS",2021-07-13,NA,NA,NA,NA,NA,"red",NA,NA,NA,NA,NA,NA,NA,NA,NA,NA
2020-07-17,"WL1","3","0","P",8,30,"1.22","5.1",2,NA,"0.0","1.0",1.6,2,NA,2020,NA,"SHS",2021-07-13,NA,NA,NA,NA,NA,"blue",20,"red",NA,NA,NA,NA,"N",NA,NA,1.22
2020-07-17,"WL1","3","0","P",20,47,"1.66","13.6",2,NA,"0.0","4.0",4.4,2,NA,2020,NA,"SHS",2021-07-13,NA,NA,NA,NA,NA,"blue",21,"red",NA,NA,NA,NA,"N",NA,NA,1.66
2020-07-17,"WL1","3","0","P",34,29,"1.38","21.0",2,NA,"0.0","1.0",2.5,1,"close four numbered blue band",2020,NA,"SHS",2021-07-13,NA,NA,NA,NA,NA,"blue",33,NA,NA,NA,NA,NA,"Y",NA,NA,1.38
2020-07-17,"WL1","3","0.5","P",NA,NA,"0.85","6.8",1,NA,"0.0","0.0",NA,1,NA,2020,NA,"SHS",2021-07-13,NA,NA,NA,NA,NA,NA,NA,"red",NA,NA,NA,NA,"N",NA,NA,0.5
2020-07-17,"WL1","3","0.5","P",13,15,"1.5","6.9",1,NA,"0.0","0.0",NA,1,NA,2020,NA,"SHS",2021-07-13,NA,NA,NA,NA,NA,"blue",11,"red",NA,NA,NA,NA,"Y",NA,NA,1.5
2020-07-17,"WL1","3","0.5","X",NA,NA,NA,NA,NA,NA,NA,NA,NA,NA,NA,2020,NA,"SHS",2021-07-13,NA,NA,NA,NA,NA,NA,NA,"red",NA,NA,NA,NA,NA,NA,NA,NA
2020-07-17,"WL1","3","1.5","P",11,36,"1.06","14.4",1,NA,"0.0","3.0",4.6,1,"broken by recorder",2020,NA,"SHS",2021-07-13,NA,NA,NA,NA,NA,"blue",50,"red",NA,NA,NA,NA,"N",NA,NA,1.06
2020-07-17,"WL1","3","1.5","X",NA,NA,NA,NA,NA,NA,NA,NA,NA,NA,"no plant",2020,NA,"SHS",2021-07-13,NA,NA,NA,NA,NA,NA,NA,"red",NA,NA,NA,NA,NA,NA,NA,NA
2020-07-17,"WL1","3","1.5","X",NA,NA,NA,NA,NA,NA,NA,NA,NA,NA,"no plant",2020,NA,"SHS",2021-07-13,NA,NA,NA,NA,NA,NA,NA,"red",NA,NA,NA,NA,NA,NA,NA,NA
2020-07-17,"WL1","3","1.5","P",NA,NA,"0.76","7.2",1,NA,NA,"1.0",2.4,1,NA,2020,NA,"SHS",2021-07-13,NA,NA,NA,NA,NA,NA,NA,"red",NA,NA,NA,NA,"N",NA,NA,0.5
2020-07-17,"WL1","3","2.5","X",NA,NA,NA,NA,NA,NA,NA,NA,NA,NA,"no plant",2020,NA,"SHS",2021-07-13,NA,NA,NA,NA,NA,NA,NA,"red",NA,NA,NA,NA,NA,NA,NA,NA
2020-07-17,"WL1","3","3","P",11,5,"1.06","13.6",1,NA,NA,"1.0",5.3,1,NA,2020,NA,"SHS",2021-07-13,NA,NA,NA,NA,NA,"blue",7,"red",NA,NA,NA,NA,"N",NA,NA,1.06
2020-07-17,"WL1","3","4","P",28,44,"2.08","17.5",1,NA,NA,"7.0",5.4,1,NA,2020,NA,"SHS",2021-07-13,NA,NA,NA,NA,NA,"blue",18,NA,NA,NA,NA,NA,"N",NA,NA,2.08
2021-06-16,"WL1","1","0","X",NA,NA,NA,NA,NA,NA,NA,NA,NA,NA,NA,2021,NA,"SER",2021-09-03,NA,NA,NA,NA,NA,NA,NA,"yellow",NA,NA,NA,NA,NA,NA,NA,NA
2021-06-16,"WL1","1","0.5",NA,NA,NA,NA,NA,NA,NA,NA,NA,NA,NA,"Not found",2021,NA,"SER",2021-09-03,NA,NA,NA,NA,NA,"blue",34,NA,NA,NA,NA,NA,NA,NA,NA,NA
2021-06-16,"WL1","1","0.5",NA,NA,NA,NA,NA,NA,NA,NA,NA,NA,NA,"Not found",2021,NA,"SER",2021-09-03,NA,NA,NA,NA,NA,"blue",10,NA,NA,NA,NA,NA,NA,NA,NA,NA
2021-06-16,"WL1","1","0.5",NA,NA,NA,NA,NA,NA,NA,NA,NA,NA,NA,"Not found",2021,NA,"SER",2021-09-03,NA,NA,NA,NA,NA,"blue",19,NA,NA,NA,NA,NA,NA,NA,NA,NA
2021-06-16,"WL1","1","2.5","X",NA,NA,NA,NA,NA,NA,NA,NA,NA,NA,"Band bleached to nearly yellow;# matches",2021,NA,"SER",2021-09-03,NA,NA,NA,NA,NA,"red",40,NA,NA,NA,NA,NA,NA,NA,NA,NA
2021-06-16,"WL1","1","2.5","V",14,50,"0.81","2.0",1,"1.1",NA,NA,NA,NA,NA,2021,NA,"SER",2021-09-03,NA,NA,NA,NA,NA,"purple",13,"yellow",NA,NA,NA,NA,"N",NA,NA,0.5
2021-06-16,"WL1","1","2.5","P",29,51,"1.94","14.0",2,NA,"0.0","0.0",NA,2,"2 inviable fruits;withered flower remnants only",2021,NA,"SER",2021-09-03,NA,NA,NA,NA,NA,"red",541,NA,"green",NA,NA,NA,"Y",NA,NA,1.94
2021-06-16,"WL1","1","3",NA,NA,NA,NA,NA,NA,NA,NA,NA,NA,NA,"Not found",2021,NA,"SER",2021-09-03,NA,NA,NA,NA,NA,"blue",60,NA,NA,NA,NA,NA,NA,NA,NA,NA
2021-06-16,"WL1","1","3",NA,NA,NA,NA,NA,NA,NA,NA,NA,NA,NA,"Not found",2021,NA,"SER",2021-09-03,NA,NA,NA,NA,NA,"blue",16,NA,NA,NA,NA,NA,NA,NA,NA,NA
2021-06-16,"WL1","1","3",NA,NA,NA,NA,NA,NA,NA,NA,NA,NA,NA,"Found sans plant/anchor in 3.5m",2021,NA,"SER",2021-09-03,NA,NA,NA,NA,NA,"blue",41,NA,NA,NA,NA,NA,NA,NA,NA,NA
2021-06-16,"WL1","1","4.5","X",NA,NA,NA,NA,NA,NA,NA,NA,NA,NA,"No plant;faded (band) to near yellow",2021,NA,"SER",2021-09-03,NA,NA,NA,NA,NA,"red",20,NA,NA,NA,NA,NA,NA,NA,NA,NA
2021-06-16,"WL1","1","5",NA,NA,NA,NA,NA,NA,NA,NA,NA,NA,NA,"Not found",2021,NA,"SER",2021-09-03,NA,NA,NA,NA,NA,"red",39,NA,NA,NA,NA,NA,NA,NA,NA,NA
2021-06-16,"WL1","1","5","X",NA,NA,NA,NA,NA,NA,NA,NA,NA,NA,"Found w/ pulled-up plant in 5.5m",2021,NA,"SER",2021-09-03,NA,NA,NA,NA,NA,"blue",22,NA,NA,NA,NA,NA,NA,NA,NA,NA
2021-06-16,"WL1","2","0.5","X",NA,NA,NA,NA,NA,NA,NA,NA,NA,NA,NA,2021,NA,"SER",2021-09-03,NA,NA,NA,NA,NA,"blue",57,NA,NA,NA,NA,NA,NA,NA,NA,NA
2021-06-16,"WL1","2","0.5","V",31,31,"1.31","4.2",1,"1.5",NA,NA,NA,NA,NA,2021,NA,"SER",2021-09-03,NA,NA,NA,NA,NA,"red",207,NA,NA,NA,NA,NA,"N",NA,NA,1.31
2021-06-16,"WL1","2","3","X",NA,NA,NA,NA,NA,NA,NA,NA,NA,NA,NA,2021,NA,"SER",2021-09-03,NA,NA,NA,NA,NA,NA,NA,"red",NA,NA,NA,NA,NA,NA,NA,NA
2021-06-16,"WL1","2","3","X",NA,NA,NA,NA,NA,NA,NA,NA,NA,NA,NA,2021,NA,"SER",2021-09-03,NA,NA,NA,NA,NA,NA,NA,"red",NA,NA,NA,NA,NA,NA,NA,NA
2021-06-16,"WL1","2","3","V",24,45.5,"0.14","0.8",1,"0.3",NA,NA,NA,NA,NA,2021,NA,"SER",2021-09-03,NA,NA,NA,NA,NA,"purple",46,"red",NA,NA,NA,NA,"N",NA,NA,0.5
2021-06-16,"WL1","2","3","V",45,25,"0.13","1.5",1,"0.4",NA,NA,NA,NA,NA,2021,NA,"SER",2021-09-03,NA,NA,NA,NA,NA,"purple",703,"red",NA,NA,NA,NA,"Y",NA,NA,0.5
2021-06-16,"WL1","2","3","V",49,9.5,"0.64","1.8",1,"0.5",NA,NA,NA,NA,"Leaf shows signs of munch",2021,NA,"SER",2021-09-03,NA,NA,NA,NA,NA,"purple",92,"red",NA,NA,NA,NA,"Y",NA,NA,0.5
2021-06-16,"WL1","2","3","V",40,9.5,"0.59","1.4",1,"0.5",NA,NA,NA,NA,NA,2021,NA,"SER",2021-09-03,NA,NA,NA,NA,NA,"purple",22,"red",NA,NA,NA,NA,"N",NA,NA,0.5
2021-06-16,"WL1","2","3.5","V",28,7,"0.49","2.5",1,"0.8",NA,NA,NA,NA,NA,2021,NA,"SER",2021-09-03,NA,NA,NA,NA,NA,"purple",45,"red",NA,NA,NA,NA,"N",NA,NA,0.5
2021-06-16,"WL1","2","3.5","V",29,25,"0.11","1.2",1,"0.9",NA,NA,NA,NA,NA,2021,NA,"SER",2021-09-03,NA,NA,NA,NA,NA,"purple",39,"red",NA,NA,NA,NA,"N",NA,NA,0.5
2021-06-16,"WL1","2","3.5","V",0.5,33,"0.6","2.0",1,"0.6",NA,NA,NA,NA,NA,2021,NA,"SER",2021-09-03,NA,NA,NA,NA,NA,"purple",82,"red",NA,NA,NA,NA,"N",NA,NA,0.5
2021-06-16,"WL1","2","2",NA,NA,NA,NA,NA,NA,NA,NA,NA,NA,NA,"Not found",2021,NA,"SER",2021-09-03,NA,NA,NA,NA,NA,"blue",61,NA,NA,NA,NA,NA,NA,NA,NA,NA
2021-06-16,"WL1","2","2","P",4,2,"0.97","9.0",1,NA,NA,"1.0",2.6,1,"Maybe munching on stem",2021,NA,"SER",2021-09-03,NA,NA,NA,NA,NA,"red",351,NA,"green",NA,NA,NA,"Y",NA,NA,0.5
2021-06-16,"WL1","2","5.5","V",15,41.5,"0.57","2.6",1,"1.0",NA,NA,NA,NA,NA,2021,NA,"SER",2021-09-03,NA,NA,NA,NA,NA,"purple",94,"red",NA,NA,NA,NA,"N",NA,NA,0.5
2021-06-16,"WL1","2","5.5","V",18,39,"0.76","3.1",1,"1.3",NA,NA,NA,NA,NA,2021,NA,"SER",2021-09-03,NA,NA,NA,NA,NA,"purple",27,"red",NA,NA,NA,NA,"N",NA,NA,0.5
2021-06-16,"WL1","2","8","P",28,44,"1.48","15.0",1,NA,NA,NA,NA,1,"Heavily herbivourized--no repro structures left except a couple dried petals",2021,NA,"SER",2021-09-03,NA,NA,NA,NA,NA,"red",543,NA,NA,NA,NA,NA,"Y",NA,NA,1.48
2021-06-16,"WL1","3","0","X",10,5,NA,NA,NA,NA,NA,NA,NA,NA,"No plant",2021,NA,"SER",2021-09-03,NA,NA,NA,NA,NA,"blue",20,NA,NA,NA,NA,NA,NA,NA,NA,NA
2021-06-16,"WL1","3","0",NA,NA,NA,NA,NA,NA,NA,NA,NA,NA,NA,"Not found",2021,NA,"SER",2021-09-03,NA,NA,NA,NA,NA,"blue",21,NA,NA,NA,NA,NA,NA,NA,NA,NA
2021-06-16,"WL1","3","0","X",38,6.5,NA,NA,NA,NA,NA,NA,NA,NA,"No plant",2021,NA,"SER",2021-09-03,NA,NA,NA,NA,NA,"blue",33,NA,NA,NA,NA,NA,NA,NA,NA,NA
2021-06-16,"WL1","3","0.5","X",NA,NA,NA,NA,NA,NA,NA,NA,NA,NA,"Found off transect;no plant",2021,NA,"SER",2021-09-03,NA,NA,NA,NA,NA,"blue",11,NA,NA,NA,NA,NA,NA,NA,NA,NA
2021-06-16,"WL1","3","1.5","X",NA,NA,NA,NA,NA,NA,NA,NA,NA,NA,"No plant",2021,NA,"SER",2021-09-03,NA,NA,NA,NA,NA,"blue",50,NA,NA,NA,NA,NA,NA,NA,NA,NA
2021-06-16,"WL1","3","3",NA,NA,NA,NA,NA,NA,NA,NA,NA,NA,NA,"Not found",2021,NA,"SER",2021-09-03,NA,NA,NA,NA,NA,"blue",7,NA,NA,NA,NA,NA,NA,NA,NA,NA
2021-06-16,"WL1","3","4","X",NA,NA,NA,NA,NA,NA,NA,NA,NA,NA,"No plant",2021,NA,"SER",2021-09-03,NA,NA,NA,NA,NA,"blue",18,NA,NA,NA,NA,NA,NA,NA,NA,NA
2021-06-16,"WL1","3","2","Na",NA,NA,NA,NA,NA,NA,NA,NA,NA,NA,"No living plants on transect",2021,NA,"SER",2021-09-03,NA,NA,NA,NA,NA,"small red",NA,NA,NA,NA,NA,NA,NA,NA,NA,NA
2021-06-16,"WL1","3","2",NA,NA,NA,NA,NA,NA,NA,NA,NA,NA,NA,"No living plants on transect",2021,NA,"SER",2021-09-03,NA,NA,NA,NA,NA,"small red",NA,NA,NA,NA,NA,NA,NA,NA,NA,NA
2021-06-16,"WL1","2","4","X",NA,NA,NA,NA,NA,NA,NA,NA,NA,NA,"Found dead plant/remains",2021,NA,"SER",2021-09-03,NA,NA,NA,NA,NA,"small red",NA,NA,NA,NA,NA,NA,NA,NA,NA,NA
2021-06-16,"WL1","1","0.5",NA,NA,NA,NA,NA,NA,NA,NA,NA,NA,NA,"No plant;[Data entry--tsct/plot & quad #s appear shifted over 1 column accidentally in scan, are entered here in ""correct"" columns]",2021,NA,"SER",2021-09-03,NA,NA,NA,NA,NA,"small red",NA,NA,NA,NA,NA,NA,NA,NA,NA,NA
2022-07-08,"WL1","1","0","V",24,21,"1.84","1.9",1,"2.1",NA,NA,NA,NA,NA,2022,NA,NA,NA,NA,NA,NA,NA,NA,"white",109,"green",NA,NA,NA,NA,"N",NA,NA,1.84
2022-07-08,"WL1","1","0","V",48,21,"2.08","3.4",1,"2.4",NA,NA,NA,NA,NA,2022,NA,NA,NA,NA,NA,NA,NA,NA,"white",108,"green",NA,NA,NA,NA,"N",NA,NA,2.08
2022-07-08,"WL1","1","0.5","X",NA,NA,NA,NA,NA,NA,NA,NA,NA,NA,NA,2022,NA,NA,NA,NA,NA,NA,NA,NA,NA,NA,"blue",NA,NA,NA,NA,NA,NA,NA,NA
2022-07-08,"WL1","1","0.5","V",27,22,"1.82","3.5",1,"2.1",NA,NA,NA,NA,NA,2022,NA,NA,NA,NA,NA,NA,NA,NA,"white",532,"blue",NA,NA,NA,NA,"N",NA,NA,1.82
2022-07-08,"WL1","1","0.5","V",49,31,"1.58","1.3",1,"1.7",NA,NA,NA,NA,NA,2022,NA,NA,NA,NA,NA,NA,NA,NA,"white",534,"blue",NA,NA,NA,NA,"N",NA,NA,1.58
2022-07-08,"WL1","1","0.5","V",1,49,"2.48","2.2",1,"2.5",NA,NA,NA,NA,NA,2022,NA,NA,NA,NA,NA,NA,NA,NA,"white",100,"green",NA,NA,NA,NA,"N",NA,NA,2.48
2022-07-08,"WL1","1","0.5","V",1,16,"2.31","3.5",1,"3.0",NA,NA,NA,NA,NA,2022,NA,NA,NA,NA,NA,NA,NA,NA,"white",521,"green",NA,NA,NA,NA,"N",NA,NA,2.31
2022-07-08,"WL1","1","0.5","V",8,5,"1.37","4.2",1,"1.8",NA,NA,NA,NA,NA,2022,NA,NA,NA,NA,NA,NA,NA,NA,"white",525,"green",NA,NA,NA,NA,"N",NA,NA,1.37
2022-07-08,"WL1","1","0.5","V",20,48,"2.27","1.8",1,"2.4",NA,NA,NA,NA,NA,2022,NA,NA,NA,NA,NA,NA,NA,NA,"white",536,"green",NA,NA,NA,NA,"N",NA,NA,2.27
2022-07-08,"WL1","1","0.5","V",NA,NA,"0.84","2.0",1,"1.4",NA,NA,NA,NA,NA,2022,NA,NA,NA,NA,NA,NA,NA,NA,NA,NA,"green",NA,NA,NA,NA,"N",NA,NA,0.5
2022-07-08,"WL1","1","0.5","V",30,6,"1.56","2.9",1,"1.9",NA,NA,NA,NA,NA,2022,NA,NA,NA,NA,NA,NA,NA,NA,"white",105,"green",NA,NA,NA,NA,"N",NA,NA,1.56
2022-07-08,"WL1","1","0.5","V",NA,NA,"1.29","3.0",1,"1.5",NA,NA,NA,NA,NA,2022,NA,NA,NA,NA,NA,NA,NA,NA,NA,NA,"green",NA,NA,NA,NA,"N",NA,NA,1.29
2022-07-08,"WL1","1","0.5","V",NA,NA,"1.66","3.5",1,"2.0",NA,NA,NA,NA,NA,2022,NA,NA,NA,NA,NA,NA,NA,NA,NA,NA,"green",NA,NA,NA,NA,"N",NA,NA,1.66
2022-07-08,"WL1","1","0.5","V",NA,NA,"1.73","3.8",1,"1.9",NA,NA,NA,NA,NA,2022,NA,NA,NA,NA,NA,NA,NA,NA,NA,NA,"green",NA,NA,NA,NA,"N",NA,NA,1.73
2022-07-08,"WL1","1","0.5","V",NA,NA,"1.8","1.6",1,"1.6",NA,NA,NA,NA,NA,2022,NA,NA,NA,NA,NA,NA,NA,NA,NA,NA,"green",NA,NA,NA,NA,"N",NA,NA,1.8
2022-07-08,"WL1","1","0.5","V",NA,NA,"1.95","1.8",1,"1.9",NA,NA,NA,NA,NA,2022,NA,NA,NA,NA,NA,NA,NA,NA,NA,NA,"green",NA,NA,NA,NA,"N",NA,NA,1.95
2022-07-08,"WL1","1","0.5","V",NA,NA,"2.0","1.4",1,"2.0",NA,NA,NA,NA,NA,2022,NA,NA,NA,NA,NA,NA,NA,NA,NA,NA,"green",NA,NA,NA,NA,"N",NA,NA,2
2022-07-08,"WL1","1","0.5","V",22,4,"1.17","4.2",1,"2.0",NA,NA,NA,NA,NA,2022,NA,NA,NA,NA,NA,NA,NA,NA,"white",106,"red",NA,NA,NA,NA,"N",NA,NA,1.17
2022-07-08,"WL1","1","1","V",21,40,"0.86","1.2",1,"0.5",NA,NA,NA,NA,NA,2022,NA,NA,NA,NA,NA,NA,NA,NA,"white",113,"blue",NA,NA,NA,NA,"N",NA,NA,0.5
2022-07-08,"WL1","1","1","V",6,12,"1.79","3.4",1,"2.2",NA,NA,NA,NA,NA,2022,NA,NA,NA,NA,NA,NA,NA,NA,"white",527,"green",NA,NA,NA,NA,"N",NA,NA,1.79
2022-07-08,"WL1","1","1","V",45,7,"2.01","3.1",1,"1.9",NA,NA,NA,NA,NA,2022,NA,NA,NA,NA,NA,NA,NA,NA,"white",107,"green",NA,NA,NA,NA,"N",NA,NA,2.01
2022-07-08,"WL1","1","1","V",NA,NA,"1.34","1.1",1,"1.6",NA,NA,NA,NA,NA,2022,NA,NA,NA,NA,NA,NA,NA,NA,NA,NA,"green",NA,NA,NA,NA,"N",NA,NA,1.34
2022-07-08,"WL1","1","1","V",23,24,"1.89","2.0",1,"1.8",NA,NA,NA,NA,NA,2022,NA,NA,NA,NA,NA,NA,NA,NA,"white",110,"green",NA,NA,NA,NA,"N",NA,NA,1.89
2022-07-08,"WL1","1","1","V",29,29,"2.05","1.9",1,"1.5",NA,NA,NA,NA,NA,2022,NA,NA,NA,NA,NA,NA,NA,NA,"white",533,"green",NA,NA,NA,NA,"N",NA,NA,2.05
2022-07-08,"WL1","1","1","V",NA,NA,"1.91","2.5",1,"3.1",NA,NA,NA,NA,NA,2022,NA,NA,NA,NA,NA,NA,NA,NA,NA,NA,"green",NA,NA,NA,NA,"N",NA,NA,1.91
2022-07-08,"WL1","1","1","V",32,30,"1.75","2.4",1,"1.9",NA,NA,NA,NA,NA,2022,NA,NA,NA,NA,NA,NA,NA,NA,"white",528,"green",NA,NA,NA,NA,"N",NA,NA,1.75
2022-07-08,"WL1","1","1","V",2,38,"1.08","1.3",1,"2.0",NA,NA,NA,NA,NA,2022,NA,NA,NA,NA,NA,NA,NA,NA,"white",530,"green",NA,NA,NA,NA,"N",NA,NA,1.08
2022-07-08,"WL1","1","1","V",40,46,"2.1","2.1",1,"2.7",NA,NA,NA,NA,NA,2022,NA,NA,NA,NA,NA,NA,NA,NA,"white",523,"green",NA,NA,NA,NA,"N",NA,NA,2.1
2022-07-08,"WL1","1","1","V",39,29,"1.94","1.4",1,"0.6",NA,NA,NA,NA,NA,2022,NA,NA,NA,NA,NA,NA,NA,NA,"white",526,"red",NA,NA,NA,NA,"N",NA,NA,1.94
2022-07-08,"WL1","1","1","V",39,32,"2.21","1.2",1,"1.1",NA,NA,NA,NA,NA,2022,NA,NA,NA,NA,NA,NA,NA,NA,"white",103,"red",NA,NA,NA,NA,"N",NA,NA,2.21
2022-07-08,"WL1","1","1.5","V",19,3,"2.62","2.8",1,"3.0",NA,NA,NA,NA,NA,2022,NA,NA,NA,NA,NA,NA,NA,NA,"white",102,"green",NA,NA,NA,NA,"N",NA,NA,2.62
2022-07-08,"WL1","1","1.5","V",18,31,"2.18","2.1",1,"2.3",NA,NA,NA,NA,NA,2022,NA,NA,NA,NA,NA,NA,NA,NA,"white",104,"green",NA,NA,NA,NA,"N",NA,NA,2.18
2022-07-08,"WL1","1","1.5","V",12,39,"1.55","2.6",1,"1.9",NA,NA,NA,NA,NA,2022,NA,NA,NA,NA,NA,NA,NA,NA,"white",101,"green",NA,NA,NA,NA,"N",NA,NA,1.55
2022-07-08,"WL1","1","1.5","V",12,50,"1.87","2.8",1,"2.1",NA,NA,NA,NA,NA,2022,NA,NA,NA,NA,NA,NA,NA,NA,"white",111,"green",NA,NA,NA,NA,"N",NA,NA,1.87
2022-07-08,"WL1","1","1.5","V",24,50,"1.23","1.8",1,"2.1",NA,NA,NA,NA,NA,2022,NA,NA,NA,NA,NA,NA,NA,NA,"white",522,"green",NA,NA,NA,NA,"N",NA,NA,1.23
2022-07-08,"WL1","1","1.5","V",25,50,"2.0","3.4",1,"2.2",NA,NA,NA,NA,NA,2022,NA,NA,NA,NA,NA,NA,NA,NA,"white",524,"green",NA,NA,NA,NA,"N",NA,NA,2
2022-07-08,"WL1","1","1.5","V",25,42,"2.07","1.3",1,"2.0",NA,NA,NA,NA,NA,2022,NA,NA,NA,NA,NA,NA,NA,NA,"white",114,"green",NA,NA,NA,NA,"Y",NA,NA,2.07
2022-07-08,"WL1","1","1.5","V",34,48,"2.26","2.1",2,"2.1",NA,NA,NA,NA,NA,2022,NA,NA,NA,NA,NA,NA,NA,NA,"white",32,"green",NA,NA,NA,NA,"N",NA,NA,2.26
2022-07-08,"WL1","1","1.5","V",40,35,"1.76","2.4",1,"1.6",NA,NA,NA,NA,"toasty",2022,NA,NA,NA,NA,NA,NA,NA,NA,"white",607,"green",NA,NA,NA,NA,"N",NA,NA,1.76
2022-07-08,"WL1","1","1.5","V",10,21,"1.74","2.2",1,"1.8",NA,NA,NA,NA,NA,2022,NA,NA,NA,NA,NA,NA,NA,NA,"white",529,"red",NA,NA,NA,NA,"N",NA,NA,1.74
2022-07-08,"WL1","1","2","V",15,27,"2.91","2.0",7,"1.9",NA,NA,NA,NA,NA,2022,NA,NA,NA,NA,NA,NA,NA,NA,"white",698,"green",NA,NA,NA,NA,"N",NA,NA,2.91
2022-07-08,"WL1","1","2","V",15,47,"3.37","1.8",1,"2.9",NA,NA,NA,NA,NA,2022,NA,NA,NA,NA,NA,NA,NA,NA,"white",588,"green",NA,NA,NA,NA,"N",NA,NA,3.37
2022-07-08,"WL1","1","2.5","X",NA,NA,NA,NA,NA,NA,NA,NA,NA,NA,NA,2022,NA,NA,NA,NA,NA,NA,NA,NA,NA,NA,"green",NA,NA,NA,NA,NA,NA,NA,NA
2022-07-08,"WL1","1","2.5","V",22,46,"1.34","1.2",1,"1.7",NA,NA,NA,NA,NA,2022,NA,NA,NA,NA,NA,NA,NA,NA,"white",645,"green",NA,NA,NA,NA,"N",NA,NA,1.34
2022-07-08,"WL1","1","2.5","V",5,24,"1.81","3.5",1,"2.3",NA,NA,NA,NA,NA,2022,NA,NA,NA,NA,NA,NA,NA,NA,"white",692,"red",NA,NA,NA,NA,"N",NA,NA,1.81
2022-07-08,"WL1","1","3","V",29,50,"2.21","3.5",1,"2.5",NA,NA,NA,NA,NA,2022,NA,NA,NA,NA,NA,NA,NA,NA,"white",22,"blue",NA,NA,NA,NA,"N",NA,NA,2.21
2022-07-08,"WL1","1","3","V",39,22,"2.19","3.1",1,"1.7",NA,NA,NA,NA,NA,2022,NA,NA,NA,NA,NA,NA,NA,NA,"white",40,"green",NA,NA,NA,NA,"N",NA,NA,2.19
2022-07-08,"WL1","1","3","V",50,15,"0.84","2.8",1,"1.2",NA,NA,NA,NA,NA,2022,NA,NA,NA,NA,NA,NA,NA,NA,"white",652,"green",NA,NA,NA,NA,"N",NA,NA,0.5
2022-07-08,"WL1","1","3","V",46,12,"0.84","2.1",1,"1.1",NA,NA,NA,NA,NA,2022,NA,NA,NA,NA,NA,NA,NA,NA,"white",802,"green",NA,NA,NA,NA,"N",NA,NA,0.5
2022-07-08,"WL1","1","3","V",45,5,"1.49","2.2",1,"1.6",NA,NA,NA,NA,NA,2022,NA,NA,NA,NA,NA,NA,NA,NA,"white",645,"green",NA,NA,NA,NA,"N",NA,NA,1.49
2022-07-08,"WL1","1","3","V",19,35,"1.41","2.3",1,"2.4",NA,NA,NA,NA,NA,2022,NA,NA,NA,NA,NA,NA,NA,NA,"white",11,"green",NA,NA,NA,NA,"N",NA,NA,1.41
2022-07-08,"WL1","1","3","V",18,44,"4.17","1.9",1,"2.1",NA,NA,NA,NA,NA,2022,NA,NA,NA,NA,NA,NA,NA,NA,"white",57,"green",NA,NA,NA,NA,"N",NA,NA,4.17
2022-07-08,"WL1","1","3","V",12,50,"1.94","3.2",1,"2.8",NA,NA,NA,NA,NA,2022,NA,NA,NA,NA,NA,NA,NA,NA,"white",36,"green",NA,NA,NA,NA,"N",NA,NA,1.94
2022-07-08,"WL1","1","3","V",24,50,"1.0","3.0",1,"1.9",NA,NA,NA,NA,NA,2022,NA,NA,NA,NA,NA,NA,NA,NA,"white",49,"green",NA,NA,NA,NA,"N",NA,NA,1
2022-07-08,"WL1","1","3","V",45,7,"0.58","1.4",1,"0.8",NA,NA,NA,NA,NA,2022,NA,NA,NA,NA,NA,NA,NA,NA,"white",648,"red",NA,NA,NA,NA,"N",NA,NA,0.5
2022-07-08,"WL1","1","3.5","V",1,25,"0.75","3.0",2,"1.0",NA,NA,NA,NA,NA,2022,NA,NA,NA,NA,NA,NA,NA,NA,"white",75,"blue",NA,NA,NA,NA,"N",NA,NA,0.5
2022-07-08,"WL1","1","3.5","V",10,21,"1.17","1.2",2,"1.3",NA,NA,NA,NA,NA,2022,NA,NA,NA,NA,NA,NA,NA,NA,"white",51,"blue",NA,NA,NA,NA,"N",NA,NA,1.17
2022-07-08,"WL1","1","3.5","P",33,15,"1.93","2.0",1,NA,"4.0","4.0",6,1,NA,2022,NA,NA,NA,NA,NA,NA,NA,NA,"white",630,"green","orange",NA,NA,NA,"N",NA,NA,1.93
2022-07-08,"WL1","1","3.5","X",NA,NA,NA,NA,NA,NA,NA,NA,NA,NA,NA,2022,NA,NA,NA,NA,NA,NA,NA,NA,NA,NA,"green",NA,NA,NA,NA,NA,NA,NA,NA
2022-07-08,"WL1","1","3.5","V",0,12,"1.64","2.7",1,"1.2",NA,NA,NA,NA,NA,2022,NA,NA,NA,NA,NA,NA,NA,NA,"white",89,"green",NA,NA,NA,NA,"N",NA,NA,1.64
2022-07-08,"WL1","1","3.5","V",1,10,"0.87","3.5",1,"1.6",NA,NA,NA,NA,NA,2022,NA,NA,NA,NA,NA,NA,NA,NA,"white",990,"green",NA,NA,NA,NA,"N",NA,NA,0.5
2022-07-08,"WL1","1","3.5","V",6,16,"1.59","1.8",NA,"2.0",NA,NA,NA,NA,NA,2022,NA,NA,NA,NA,NA,NA,NA,NA,"white",860,"green",NA,NA,NA,NA,"N",NA,NA,1.59
2022-07-08,"WL1","1","3.5","V",35,21,"1.63","2.5",1,"1.9",NA,NA,NA,NA,NA,2022,NA,NA,NA,NA,NA,NA,NA,NA,"white",8,"green",NA,NA,NA,NA,"N",NA,NA,1.63
2022-07-08,"WL1","1","3.5","V",NA,NA,"1.96","3.5",1,"2.0",NA,NA,NA,NA,NA,2022,NA,NA,NA,NA,NA,NA,NA,NA,NA,NA,"green",NA,NA,NA,NA,"N",NA,NA,1.96
2022-07-08,"WL1","1","3.5","V",NA,NA,"2.86","1.8",1,"3.1",NA,NA,NA,NA,NA,2022,NA,NA,NA,NA,NA,NA,NA,NA,NA,NA,"green",NA,NA,NA,NA,"N",NA,NA,2.86
2022-07-08,"WL1","1","3.5","V",NA,NA,"2.24","1.2",1,"2.9",NA,NA,NA,NA,NA,2022,NA,NA,NA,NA,NA,NA,NA,NA,NA,NA,"green",NA,NA,NA,NA,"N",NA,NA,2.24
2022-07-08,"WL1","1","3.5","V",NA,NA,"2.24","2.3",1,"1.9",NA,NA,NA,NA,NA,2022,NA,NA,NA,NA,NA,NA,NA,NA,NA,NA,"green",NA,NA,NA,NA,"N",NA,NA,2.24
2022-07-08,"WL1","1","3.5","V",NA,NA,"1.79","2.0",1,"1.6",NA,NA,NA,NA,NA,2022,NA,NA,NA,NA,NA,NA,NA,NA,NA,NA,"green",NA,NA,NA,NA,"N",NA,NA,1.79
2022-07-08,"WL1","1","3.5","V",37,15,"0.59",NA,1,"0.7",NA,NA,NA,NA,NA,2022,NA,NA,NA,NA,NA,NA,NA,NA,"white",632,"red",NA,NA,NA,NA,"N",NA,NA,0.5
2022-07-08,"WL1","1","3.5","V",50,49,"1.74","1.0",1,"1.6",NA,NA,NA,NA,NA,2022,NA,NA,NA,NA,NA,NA,NA,NA,"white",608,"red",NA,NA,NA,NA,"N",NA,NA,1.74
2022-07-08,"WL1","1","3.5","V",48,50,"1.34","1.0",1,"1.4",NA,NA,NA,NA,NA,2022,NA,NA,NA,NA,NA,NA,NA,NA,"white",45,"red",NA,NA,NA,NA,"N",NA,NA,1.34
2022-07-08,"WL1","1","4","V",33,39,"1.49","1.8",1,"0.4",NA,NA,NA,NA,NA,2022,NA,NA,NA,NA,NA,NA,NA,NA,"white",656,"blue",NA,NA,NA,NA,"N",NA,NA,1.49
2022-07-08,"WL1","1","4","V",4,29,"1.48","2.6",1,"1.6",NA,NA,NA,NA,NA,2022,NA,NA,NA,NA,NA,NA,NA,NA,"white",664,"green",NA,NA,NA,NA,"N",NA,NA,1.48
2022-07-08,"WL1","1","4","V",10,36,"3.0","3.4",1,"2.0",NA,NA,NA,NA,NA,2022,NA,NA,NA,NA,NA,NA,NA,NA,"white",829,"green",NA,NA,NA,NA,"N",NA,NA,3
2022-07-08,"WL1","1","4","V",5,40,"2.01","3.2",1,"2.1",NA,NA,NA,NA,NA,2022,NA,NA,NA,NA,NA,NA,NA,NA,"white",41,"green",NA,NA,NA,NA,"N",NA,NA,2.01
2022-07-08,"WL1","1","4","V",12,47,"2.26","2.8",1,"1.8",NA,NA,NA,NA,NA,2022,NA,NA,NA,NA,NA,NA,NA,NA,"white",74,"green",NA,NA,NA,NA,"N",NA,NA,2.26
2022-07-08,"WL1","1","4","V",0,47,"1.39","2.6",1,"1.8",NA,NA,NA,NA,NA,2022,NA,NA,NA,NA,NA,NA,NA,NA,"white",63,"green",NA,NA,NA,NA,"N",NA,NA,1.39
2022-07-08,"WL1","1","4.5","V",24,13,"1.59","1.5",1,"1.8",NA,NA,NA,NA,NA,2022,NA,NA,NA,NA,NA,NA,NA,NA,"white",50,"green",NA,NA,NA,NA,"N",NA,NA,1.59
2022-07-08,"WL1","1","4.5","V",24,10,"2.39","3.5",1,"2.0",NA,NA,NA,NA,NA,2022,NA,NA,NA,NA,NA,NA,NA,NA,"white",84,"green",NA,NA,NA,NA,"N",NA,NA,2.39
2022-07-08,"WL1","1","4.5","V",31,37,"1.94","0.9",1,"2.0",NA,NA,NA,NA,NA,2022,NA,NA,NA,NA,NA,NA,NA,NA,"white",690,"green",NA,NA,NA,NA,"N",NA,NA,1.94
2022-07-08,"WL1","1","4.5","V",13,30,"1.43","2.0",1,"2.2",NA,NA,NA,NA,NA,2022,NA,NA,NA,NA,NA,NA,NA,NA,"white",53,"green",NA,NA,NA,NA,"N",NA,NA,1.43
2022-07-08,"WL1","1","4.5","V",0,47,"2.64","2.0",1,"2.1",NA,NA,NA,NA,NA,2022,NA,NA,NA,NA,NA,NA,NA,NA,"white",44,"green",NA,NA,NA,NA,"N",NA,NA,2.64
2022-07-08,"WL1","1","4.5","V",47,6,"2.09","1.8",1,"2.3",NA,NA,NA,NA,NA,2022,NA,NA,NA,NA,NA,NA,NA,NA,"white",16,"green",NA,NA,NA,NA,"N",NA,NA,2.09
2022-07-08,"WL1","1","4.5","V",45,25,"1.06","1.3",1,"1.1",NA,NA,NA,NA,NA,2022,NA,NA,NA,NA,NA,NA,NA,NA,"white",49,"green",NA,NA,NA,NA,"N",NA,NA,1.06
2022-07-08,"WL1","1","4.5","V",NA,NA,"1.26","2.3",1,"1.6",NA,NA,NA,NA,NA,2022,NA,NA,NA,NA,NA,NA,NA,NA,NA,NA,"green",NA,NA,NA,NA,"N",NA,NA,1.26
2022-07-08,"WL1","1","4.5","V",NA,NA,"2.13","1.9",1,"1.7",NA,NA,NA,NA,NA,2022,NA,NA,NA,NA,NA,NA,NA,NA,NA,NA,"green",NA,NA,NA,NA,"N",NA,NA,2.13
2022-07-08,"WL1","1","4.5","P",19,50,"2.17","32.0",1,NA,"3.0","8.0",6.9,1,NA,2022,NA,NA,NA,NA,NA,NA,NA,NA,"white",43,"red","orange",NA,NA,NA,"N",NA,NA,2.17
2022-07-08,"WL1","1","4.5","V",47,46,"1.45","4.1",1,"2.1",NA,NA,NA,NA,NA,2022,NA,NA,NA,NA,NA,NA,NA,NA,"white",642,"red",NA,NA,NA,NA,"N",NA,NA,1.45
2022-07-08,"WL1","1","4.5","V",33,50,"2.44","1.6",2,"2.1",NA,NA,NA,NA,NA,2022,NA,NA,NA,NA,NA,NA,NA,NA,"white",695,"red",NA,NA,NA,NA,"N",NA,NA,2.44
2022-07-08,"WL1","1","5","V",48,8,"1.72","1.8",1,"2.3",NA,NA,NA,NA,NA,2022,NA,NA,NA,NA,NA,NA,NA,NA,"white",45,"green",NA,NA,NA,NA,"Y",NA,NA,1.72
2022-07-08,"WL1","1","5","V",19,42,"3.46","1.5",1,"2.5",NA,NA,NA,NA,NA,2022,NA,NA,NA,NA,NA,NA,NA,NA,"white",676,"green",NA,NA,NA,NA,"N",NA,NA,3.46
2022-07-08,"WL1","1","5","V",48,45,"2.39","2.0",1,"1.6",NA,NA,NA,NA,NA,2022,NA,NA,NA,NA,NA,NA,NA,NA,"white",680,"green",NA,NA,NA,NA,"N",NA,NA,2.39
2022-07-08,"WL1","1","5","V",50,21,"0.9","1.9",1,"1.6",NA,NA,NA,NA,NA,2022,NA,NA,NA,NA,NA,NA,NA,NA,"white",654,"red",NA,NA,NA,NA,"N",NA,NA,0.5
2022-07-08,"WL1","1","5.5","V",20,20,"1.9","2.3",1,"1.5",NA,NA,NA,NA,"upsite",2022,NA,NA,NA,NA,NA,NA,NA,NA,"white",89,"green",NA,NA,NA,NA,"N",NA,NA,1.9
2022-07-08,"WL1","1","5.5","V",30,23,"2.56","9.8",3,"1.7",NA,NA,NA,NA,NA,2022,NA,NA,NA,NA,NA,NA,NA,NA,"white",83,"green",NA,NA,NA,NA,"N",NA,NA,2.56
2022-07-08,"WL1","1","5.5","V",15,44,"1.68","1.2",1,"1.8",NA,NA,NA,NA,NA,2022,NA,NA,NA,NA,NA,NA,NA,NA,"white",63,"green",NA,NA,NA,NA,"N",NA,NA,1.68
2022-07-08,"WL1","1","5.5","V",39,20,"1.86","1.6",1,"1.6",NA,NA,NA,NA,NA,2022,NA,NA,NA,NA,NA,NA,NA,NA,"white",5,"green",NA,NA,NA,NA,"N",NA,NA,1.86
2022-07-08,"WL1","1","5.5","X",NA,NA,NA,NA,NA,NA,NA,NA,NA,NA,NA,2022,NA,NA,NA,NA,NA,NA,NA,NA,NA,NA,"green",NA,NA,NA,NA,NA,NA,NA,NA
2022-07-08,"WL1","1","5.5","V",45,34,"1.86","1.4",1,"1.2",NA,NA,NA,NA,NA,2022,NA,NA,NA,NA,NA,NA,NA,NA,"white",88,"green",NA,NA,NA,NA,"N",NA,NA,1.86
2022-07-08,"WL1","1","5.5","V",18,50,"1.29","2.2",1,"1.1",NA,NA,NA,NA,NA,2022,NA,NA,NA,NA,NA,NA,NA,NA,"white",39,"green",NA,NA,NA,NA,"N",NA,NA,1.29
2022-07-08,"WL1","1","5.5","V",29,50,"0.16","0.8",1,"0.3",NA,NA,NA,NA,NA,2022,NA,NA,NA,NA,NA,NA,NA,NA,"white",888,"green",NA,NA,NA,NA,"N",NA,NA,0.5
2022-07-08,"WL1","1","5.5","V",NA,NA,"1.1","2.3",1,"1.4",NA,NA,NA,NA,NA,2022,NA,NA,NA,NA,NA,NA,NA,NA,NA,NA,"green",NA,NA,NA,NA,"N",NA,NA,1.1
2022-07-08,"WL1","1","5.5","V",NA,NA,"2.29","1.8",1,"1.4",NA,NA,NA,NA,NA,2022,NA,NA,NA,NA,NA,NA,NA,NA,NA,NA,"green",NA,NA,NA,NA,"Y",NA,NA,2.29
2022-07-08,"WL1","1","5.5","V",NA,NA,"3.23","1.4",1,"1.1",NA,NA,NA,NA,NA,2022,NA,NA,NA,NA,NA,NA,NA,NA,NA,NA,"green",NA,NA,NA,NA,"N",NA,NA,3.23
2022-07-08,"WL1","1","5.5","V",NA,NA,"1.86","1.8",1,"1.4",NA,NA,NA,NA,NA,2022,NA,NA,NA,NA,NA,NA,NA,NA,NA,NA,"green",NA,NA,NA,NA,"N",NA,NA,1.86
2022-07-08,"WL1","1","5.5","V",NA,NA,"1.4","1.6",1,"1.1",NA,NA,NA,NA,NA,2022,NA,NA,NA,NA,NA,NA,NA,NA,NA,NA,"green",NA,NA,NA,NA,"N",NA,NA,1.4
2022-07-08,"WL1","1","5.5","V",NA,NA,"2.68","1.8",1,"2.5",NA,NA,NA,NA,NA,2022,NA,NA,NA,NA,NA,NA,NA,NA,NA,NA,"green",NA,NA,NA,NA,"N",NA,NA,2.68
2022-07-08,"WL1","1","5.5","V",39,16,"3.05","0.8",1,"0.9",NA,NA,NA,NA,NA,2022,NA,NA,NA,NA,NA,NA,NA,NA,"white",634,"red",NA,NA,NA,NA,"N",NA,NA,3.05
2022-07-08,"WL1","1","5.5","V",13,39,"1.38","0.9",1,"1.3",NA,NA,NA,NA,NA,2022,NA,NA,NA,NA,NA,NA,NA,NA,"white",643,"red",NA,NA,NA,NA,"N",NA,NA,1.38
2022-07-08,"WL1","1","5.5","V",45,50,"1.84","3.3",1,"1.9",NA,NA,NA,NA,NA,2022,NA,NA,NA,NA,NA,NA,NA,NA,"white",70,"red",NA,NA,NA,NA,"Y",NA,NA,1.84
2022-07-08,"WL1","1","6","V",NA,NA,"1.96","3.3",2,"1.8",NA,NA,NA,NA,NA,2022,NA,NA,NA,NA,NA,NA,NA,NA,NA,NA,"green",NA,NA,NA,NA,"N",NA,NA,1.96
2022-07-08,"WL1","1","6","V",NA,NA,"1.53","3.0",1,"1.5",NA,NA,NA,NA,NA,2022,NA,NA,NA,NA,NA,NA,NA,NA,NA,NA,"green",NA,NA,NA,NA,"N",NA,NA,1.53
2022-07-08,"WL1","1","6","V",NA,NA,"2.56","0.8",1,"2.2",NA,NA,NA,NA,NA,2022,NA,NA,NA,NA,NA,NA,NA,NA,NA,NA,"green",NA,NA,NA,NA,"N",NA,NA,2.56
2022-07-08,"WL1","1","6","V",NA,NA,"1.8","2.3",1,"1.4",NA,NA,NA,NA,NA,2022,NA,NA,NA,NA,NA,NA,NA,NA,NA,NA,"green",NA,NA,NA,NA,"N",NA,NA,1.8
2022-07-08,"WL1","1","6","V",5,12,"3.59","2.2",1,"2.5",NA,NA,NA,NA,NA,2022,NA,NA,NA,NA,NA,NA,NA,NA,"white",58,"green",NA,NA,NA,NA,"N",NA,NA,3.59
2022-07-08,"WL1","1","6","V",8,8,"2.31","2.7",1,"1.1",NA,NA,NA,NA,NA,2022,NA,NA,NA,NA,NA,NA,NA,NA,"white",348,"green",NA,NA,NA,NA,"N",NA,NA,2.31
2022-07-08,"WL1","1","6","V",11,50,"1.86","1.8",1,"1.7",NA,NA,NA,NA,NA,2022,NA,NA,NA,NA,NA,NA,NA,NA,"white",456,"green",NA,NA,NA,NA,"N",NA,NA,1.86
2022-07-08,"WL1","1","6","V",29,50,"1.36","2.6",1,"1.1",NA,NA,NA,NA,NA,2022,NA,NA,NA,NA,NA,NA,NA,NA,"white",554,"green",NA,NA,NA,NA,"N",NA,NA,1.36
2022-07-08,"WL1","1","6","V",50,40,"2.63","2.3",1,"2.0",NA,NA,NA,NA,NA,2022,NA,NA,NA,NA,NA,NA,NA,NA,"white",31,"green",NA,NA,NA,NA,"N",NA,NA,2.63
2022-07-08,"WL1","1","6","V",50,50,"2.81","1.5",6,"2.5",NA,NA,NA,NA,NA,2022,NA,NA,NA,NA,NA,NA,NA,NA,"white",2,"green",NA,NA,NA,NA,"N",NA,NA,2.81
2022-07-08,"WL1","1","6","V",42,50,"2.56","1.0",1,"1.4",NA,NA,NA,NA,NA,2022,NA,NA,NA,NA,NA,NA,NA,NA,"white",886,"green",NA,NA,NA,NA,"N",NA,NA,2.56
2022-07-08,"WL1","1","6","V",40,50,"1.57","2.9",1,"1.7",NA,NA,NA,NA,NA,2022,NA,NA,NA,NA,NA,NA,NA,NA,"white",643,"red",NA,NA,NA,NA,"N",NA,NA,1.57
2022-07-08,"WL1","1","6","V",28,50,"1.07","1.6",1,"1.9",NA,NA,NA,NA,NA,2022,NA,NA,NA,NA,NA,NA,NA,NA,"white",64,"red",NA,NA,NA,NA,"N",NA,NA,1.07
2022-07-08,"WL1","1","6","V",40,42,"1.33","0.6",1,"1.1",NA,NA,NA,NA,NA,2022,NA,NA,NA,NA,NA,NA,NA,NA,"white",380,"yellow",NA,NA,NA,NA,"N",NA,NA,1.33
2022-07-08,"WL1","1","6.5","V",21,19,"3.63","3.2",1,"2.1",NA,NA,NA,NA,NA,2022,NA,NA,NA,NA,NA,NA,NA,NA,"white",30,"green",NA,NA,NA,NA,"N",NA,NA,3.63
2022-07-08,"WL1","1","6.5","V",18,11,"1.09","1.9",2,"0.7",NA,NA,NA,NA,NA,2022,NA,NA,NA,NA,NA,NA,NA,NA,"white",38,"green",NA,NA,NA,NA,"Y",NA,NA,1.09
2022-07-08,"WL1","1","6.5","V",28,38,"1.77","3.1",1,"2.3",NA,NA,NA,NA,NA,2022,NA,NA,NA,NA,NA,NA,NA,NA,"white",36,"green",NA,NA,NA,NA,"Y",NA,NA,1.77
2022-07-08,"WL1","1","6.5","V",29,39,"1.36","3.1",1,"1.1",NA,NA,NA,NA,NA,2022,NA,NA,NA,NA,NA,NA,NA,NA,"white",0,"green",NA,NA,NA,NA,"Y",NA,NA,1.36
2022-07-08,"WL1","1","6.5","X",NA,NA,NA,NA,NA,NA,NA,NA,NA,NA,NA,2022,NA,NA,NA,NA,NA,NA,NA,NA,NA,NA,"green",NA,NA,NA,NA,NA,NA,NA,NA
2022-07-08,"WL1","1","6.5","X",NA,NA,NA,NA,NA,NA,NA,NA,NA,NA,NA,2022,NA,NA,NA,NA,NA,NA,NA,NA,NA,NA,"green",NA,NA,NA,NA,NA,NA,NA,NA
2022-07-08,"WL1","1","6.5","X",NA,NA,NA,NA,NA,NA,NA,NA,NA,NA,NA,2022,NA,NA,NA,NA,NA,NA,NA,NA,NA,NA,"green",NA,NA,NA,NA,NA,NA,NA,NA
2022-07-08,"WL1","1","6.5","X",NA,NA,NA,NA,NA,NA,NA,NA,NA,NA,NA,2022,NA,NA,NA,NA,NA,NA,NA,NA,NA,NA,"green",NA,NA,NA,NA,NA,NA,NA,NA
2022-07-08,"WL1","1","6.5","X",NA,NA,NA,NA,NA,NA,NA,NA,NA,NA,NA,2022,NA,NA,NA,NA,NA,NA,NA,NA,NA,NA,"green",NA,NA,NA,NA,NA,NA,NA,NA
2022-07-08,"WL1","1","6.5","V",32,7,"0.94","2.1",1,"0.7",NA,NA,NA,NA,NA,2022,NA,NA,NA,NA,NA,NA,NA,NA,"white",33,"green",NA,NA,NA,NA,"N",NA,NA,0.5
2022-07-08,"WL1","1","6.5","V",11,39,"0.97","1.8",1,"0.7",NA,NA,NA,NA,NA,2022,NA,NA,NA,NA,NA,NA,NA,NA,"white",822,"green",NA,NA,NA,NA,"N",NA,NA,0.5
2022-07-08,"WL1","1","6.5","V",18,40,"2.8","2.6",1,"2.4",NA,NA,NA,NA,NA,2022,NA,NA,NA,NA,NA,NA,NA,NA,"white",702,"green",NA,NA,NA,NA,"Y",NA,NA,2.8
2022-07-08,"WL1","1","6.5","V",18,45,"2.55","4.4",1,"1.9",NA,NA,NA,NA,NA,2022,NA,NA,NA,NA,NA,NA,NA,NA,"white",705,"green",NA,NA,NA,NA,"N",NA,NA,2.55
2022-07-08,"WL1","1","6.5","V",5,45,"2.6","3.8",2,"1.3",NA,NA,NA,NA,NA,2022,NA,NA,NA,NA,NA,NA,NA,NA,"white",25,"green",NA,NA,NA,NA,"N",NA,NA,2.6
2022-07-08,"WL1","1","6.5","V",1,50,"1.64","3.4",1,"1.7",NA,NA,NA,NA,NA,2022,NA,NA,NA,NA,NA,NA,NA,NA,"white",865,"red",NA,NA,NA,NA,"N",NA,NA,1.64
2022-07-08,"WL1","1","6.5","X",NA,NA,NA,NA,NA,NA,NA,NA,NA,NA,NA,2022,NA,NA,NA,NA,NA,NA,NA,NA,NA,NA,"red",NA,NA,NA,NA,NA,NA,NA,NA
2022-07-08,"WL1","1","7","V",29,47,"3.17","6.1",1,"2.2",NA,NA,NA,NA,NA,2022,NA,NA,NA,NA,NA,NA,NA,NA,"white",269,"green",NA,NA,NA,NA,"N",NA,NA,3.17
2022-07-08,"WL1","1","7","V",28,48,"0.56","2.1",1,"0.8",NA,NA,NA,NA,NA,2022,NA,NA,NA,NA,NA,NA,NA,NA,"white",44,"green",NA,NA,NA,NA,"N",NA,NA,0.5
2022-07-08,"WL1","1","7","V",35,50,"2.54","4.8",2,"1.6",NA,NA,NA,NA,NA,2022,NA,NA,NA,NA,NA,NA,NA,NA,"white",926,"green",NA,NA,NA,NA,"N",NA,NA,2.54
2022-07-08,"WL1","1","7","V",38,40,"3.55","4.1",1,"1.6",NA,NA,NA,NA,NA,2022,NA,NA,NA,NA,NA,NA,NA,NA,"white",648,"red",NA,NA,NA,NA,"N",NA,NA,3.55
2022-07-08,"WL1","1","7.5","V",40,50,"0.55","2.0",1,"0.5",NA,NA,NA,NA,NA,2022,NA,NA,NA,NA,NA,NA,NA,NA,"white",266,"green",NA,NA,NA,NA,"N",NA,NA,0.5
2022-07-08,"WL1","1","7.5","V",35,40,"2.01","2.0",1,"2.7",NA,NA,NA,NA,NA,2022,NA,NA,NA,NA,NA,NA,NA,NA,"white",798,"green",NA,NA,NA,NA,"N",NA,NA,2.01
2022-07-08,"WL1","1","7.5","V",11,36,"2.21","2.6",2,"1.9",NA,NA,NA,NA,NA,2022,NA,NA,NA,NA,NA,NA,NA,NA,"white",83,"red",NA,NA,NA,NA,"Y",NA,NA,2.21
2022-07-08,"WL1","1","8","V",45,49,"0.54","3.0",1,"1.2",NA,NA,NA,NA,NA,2022,NA,NA,NA,NA,NA,NA,NA,NA,"white",843,"blue",NA,NA,NA,NA,"N",NA,NA,0.5
2022-07-08,"WL1","1","8","V",NA,NA,"1.01","1.5",1,"0.6",NA,NA,NA,NA,NA,2022,NA,NA,NA,NA,NA,NA,NA,NA,NA,NA,"blue",NA,NA,NA,NA,"N",NA,NA,1.01
2022-07-08,"WL1","1","8","V",NA,NA,"1.25","2.4",1,"1.2",NA,NA,NA,NA,NA,2022,NA,NA,NA,NA,NA,NA,NA,NA,NA,NA,"green",NA,NA,NA,NA,"Y",NA,NA,1.25
2022-07-08,"WL1","1","8","V",NA,NA,"1.02","2.6",1,"1.1",NA,NA,NA,NA,NA,2022,NA,NA,NA,NA,NA,NA,NA,NA,NA,NA,"green",NA,NA,NA,NA,"Y",NA,NA,1.02
2022-07-08,"WL1","1","8","V",NA,NA,"1.03","2.0",1,"1.2",NA,NA,NA,NA,NA,2022,NA,NA,NA,NA,NA,NA,NA,NA,NA,NA,"green",NA,NA,NA,NA,"N",NA,NA,1.03
2022-07-08,"WL1","1","8","V",NA,NA,"1.21","2.5",1,"1.5",NA,NA,NA,NA,NA,2022,NA,NA,NA,NA,NA,NA,NA,NA,NA,NA,"green",NA,NA,NA,NA,"Y",NA,NA,1.21
2022-07-08,"WL1","1","8","V",NA,NA,"1.3","3.4",1,"1.4",NA,NA,NA,NA,NA,2022,NA,NA,NA,NA,NA,NA,NA,NA,NA,NA,"green",NA,NA,NA,NA,"N",NA,NA,1.3
2022-07-08,"WL1","1","8","V",NA,NA,"1.08","2.7",1,"1.3",NA,NA,NA,NA,NA,2022,NA,NA,NA,NA,NA,NA,NA,NA,NA,NA,"green",NA,NA,NA,NA,"N",NA,NA,1.08
2022-07-08,"WL1","1","8","V",NA,NA,"1.05","1.9",1,"0.8",NA,NA,NA,NA,NA,2022,NA,NA,NA,NA,NA,NA,NA,NA,NA,NA,"green",NA,NA,NA,NA,"N",NA,NA,1.05
2022-07-08,"WL1","1","8","V",45,49,"1.69","5.4",1,"2.2",NA,NA,NA,NA,NA,2022,NA,NA,NA,NA,NA,NA,NA,NA,"white",708,"green",NA,NA,NA,NA,"N",NA,NA,1.69
2022-07-08,"WL1","1","8","V",39,50,"2.39","4.4",1,"2.5",NA,NA,NA,NA,NA,2022,NA,NA,NA,NA,NA,NA,NA,NA,"white",723,"green",NA,NA,NA,NA,"N",NA,NA,2.39
2022-07-08,"WL1","1","8","X",NA,NA,NA,NA,NA,NA,NA,NA,NA,NA,"dead",2022,NA,NA,NA,NA,NA,NA,NA,NA,NA,NA,"green",NA,NA,NA,NA,NA,NA,NA,NA
2022-07-08,"WL1","1","8","X",NA,NA,NA,NA,NA,NA,NA,NA,NA,NA,"dead",2022,NA,NA,NA,NA,NA,NA,NA,NA,NA,NA,"green",NA,NA,NA,NA,NA,NA,NA,NA
2022-07-08,"WL1","1","8","V",49,44,"1.09","3.6",1,"1.4",NA,NA,NA,NA,NA,2022,NA,NA,NA,NA,NA,NA,NA,NA,"white",830,"green",NA,NA,NA,NA,"N",NA,NA,1.09
2022-07-08,"WL1","1","8","V",45,44,"2.27","4.2",1,"1.8",NA,NA,NA,NA,NA,2022,NA,NA,NA,NA,NA,NA,NA,NA,"white",703,"green",NA,NA,NA,NA,"Y",NA,NA,2.27
2022-07-08,"WL1","1","8","V",48,40,"1.69","4.0",1,"1.6",NA,NA,NA,NA,NA,2022,NA,NA,NA,NA,NA,NA,NA,NA,"white",709,"green",NA,NA,NA,NA,"N",NA,NA,1.69
2022-07-08,"WL1","1","8","V",10,44,"2.49","2.9",4,"1.5",NA,NA,NA,NA,NA,2022,NA,NA,NA,NA,NA,NA,NA,NA,"white",725,"green",NA,NA,NA,NA,"N",NA,NA,2.49
2022-07-08,"WL1","1","8","V",19,34,"3.63","5.0",4,"2.1",NA,NA,NA,NA,NA,2022,NA,NA,NA,NA,NA,NA,NA,NA,"white",724,"green",NA,NA,NA,NA,"N",NA,NA,3.63
2022-07-08,"WL1","1","8","V",NA,NA,"0.47","1.1",1,"0.7",NA,NA,NA,NA,NA,2022,NA,NA,NA,NA,NA,NA,NA,NA,NA,NA,"green",NA,NA,NA,NA,"Y",NA,NA,0.5
2022-07-08,"WL1","1","8","V",28,12,"1.48","3.0",1,"1.6",NA,NA,NA,NA,NA,2022,NA,NA,NA,NA,NA,NA,NA,NA,"white",706,"green",NA,NA,NA,NA,"Y",NA,NA,1.48
2022-07-08,"WL1","1","8","V",41,50,"0.74","2.5",1,"1.2",NA,NA,NA,NA,NA,2022,NA,NA,NA,NA,NA,NA,NA,NA,"white",847,"red",NA,NA,NA,NA,"N",NA,NA,0.5
2022-07-08,"WL1","1","8.5","V",NA,NA,"0.48","1.0",1,"0.4",NA,NA,NA,NA,NA,2022,NA,NA,NA,NA,NA,NA,NA,NA,NA,NA,"blue",NA,NA,NA,NA,"N",NA,NA,0.5
2022-07-08,"WL1","1","8.5","V",NA,NA,"0.48","2.1",1,"0.7",NA,NA,NA,NA,NA,2022,NA,NA,NA,NA,NA,NA,NA,NA,NA,NA,"green",NA,NA,NA,NA,"N",NA,NA,0.5
2022-07-08,"WL1","1","8.5","V",22,50,"1.14","2.3",1,"1.0",NA,NA,NA,NA,NA,2022,NA,NA,NA,NA,NA,NA,NA,NA,"white",722,"green",NA,NA,NA,NA,"N",NA,NA,1.14
2022-07-08,"WL1","1","8.5","V",8,24,"1.53","2.5",1,"1.4",NA,NA,NA,NA,NA,2022,NA,NA,NA,NA,NA,NA,NA,NA,"white",44,"green",NA,NA,NA,NA,"N",NA,NA,1.53
2022-07-08,"WL1","1","8.5","V",8,22,"1.93","4.3",1,"1.6",NA,NA,NA,NA,NA,2022,NA,NA,NA,NA,NA,NA,NA,NA,"white",704,"green",NA,NA,NA,NA,"Y",NA,NA,1.93
2022-07-08,"WL1","1","8.5","X",NA,NA,NA,NA,NA,NA,NA,NA,NA,NA,NA,2022,NA,NA,NA,NA,NA,NA,NA,NA,NA,NA,"green",NA,NA,NA,NA,NA,NA,NA,NA
2022-07-08,"WL1","1","8.5","V",12,14,"1.42","2.7",1,"1.4",NA,NA,NA,NA,NA,2022,NA,NA,NA,NA,NA,NA,NA,NA,"white",842,"green",NA,NA,NA,NA,"N",NA,NA,1.42
2022-07-08,"WL1","1","8.5","V",8,13,"1.13","2.4",1,"1.8",NA,NA,NA,NA,NA,2022,NA,NA,NA,NA,NA,NA,NA,NA,"white",864,"green",NA,NA,NA,NA,"N",NA,NA,1.13
2022-07-08,"WL1","1","8.5","V",47,15,"3.86","6.5",3,"2.5",NA,NA,NA,NA,NA,2022,NA,NA,NA,NA,NA,NA,NA,NA,"white",936,"green",NA,NA,NA,NA,"N",NA,NA,3.86
2022-07-08,"WL1","1","8.5","V",11,9,"1.17","3.5",1,"1.0",NA,NA,NA,NA,NA,2022,NA,NA,NA,NA,NA,NA,NA,NA,"white",848,"green",NA,NA,NA,NA,"N",NA,NA,1.17
2022-07-08,"WL1","1","8.5","V",12,37,"1.53","2.2",1,"1.2",NA,NA,NA,NA,NA,2022,NA,NA,NA,NA,NA,NA,NA,NA,"white",820,"red",NA,NA,NA,NA,"N",NA,NA,1.53
2022-07-08,"WL1","1","9","V",39,28,"1.1","4.0",1,"2.3",NA,NA,NA,NA,NA,2022,NA,NA,NA,NA,NA,NA,NA,NA,"white",940,"green",NA,NA,NA,NA,"N",NA,NA,1.1
2022-07-08,"WL1","1","9","V",49,4,"0.78","2.5",1,"1.1",NA,NA,NA,NA,NA,2022,NA,NA,NA,NA,NA,NA,NA,NA,"white",939,"red",NA,NA,NA,NA,"N",NA,NA,0.5
2022-07-08,"WL1","1","9.5","V",27,46,"1.06","2.0",1,"1.4",NA,NA,NA,NA,NA,2022,NA,NA,NA,NA,NA,NA,NA,NA,"white",924,"green",NA,NA,NA,NA,"N",NA,NA,1.06
2022-07-08,"WL1","1","9.5","V",12,13,"0.9","3.0",1,"1.5",NA,NA,NA,NA,NA,2022,NA,NA,NA,NA,NA,NA,NA,NA,"white",789,"red",NA,NA,NA,NA,"N",NA,NA,0.5
2022-07-08,"WL1","2","0","V",31,17,"1.31","5.0",1,"2.1",NA,NA,NA,NA,NA,2022,NA,NA,NA,NA,NA,NA,NA,NA,"white",500,"green",NA,NA,NA,NA,"N",NA,NA,1.31
2022-07-08,"WL1","2","0","V",45,5,"1.21","5.1",1,"2.0",NA,NA,NA,NA,NA,2022,NA,NA,NA,NA,NA,NA,NA,NA,"white",313,"green",NA,NA,NA,NA,"N",NA,NA,1.21
2022-07-08,"WL1","2","0","V",49,10,"0.75","7.5",1,"1.3",NA,NA,NA,NA,NA,2022,NA,NA,NA,NA,NA,NA,NA,NA,"white",5,"green",NA,NA,NA,NA,"N",NA,NA,0.5
2022-07-08,"WL1","2","0","V",20,37,"2.73","4.5",1,"2.6",NA,NA,NA,NA,NA,2022,NA,NA,NA,NA,NA,NA,NA,NA,"white",208,"green",NA,NA,NA,NA,"Y",NA,NA,2.73
2022-07-08,"WL1","2","0.5","P",31,31,"3.8","18.1",6,NA,"5.0","124.0",6,6,NA,2022,NA,NA,NA,NA,NA,NA,NA,NA,"purple",207,NA,"orange",NA,NA,NA,"N",NA,NA,3.8
2022-07-08,"WL1","2","0.5","V",35,12,"1.34","3.8",1,"2.1",NA,NA,NA,NA,NA,2022,NA,NA,NA,NA,NA,NA,NA,NA,"white",207,"green",NA,NA,NA,NA,"Y",NA,NA,1.34
2022-07-08,"WL1","2","0.5","V",38,24,"1.35","4.0",1,"1.5",NA,NA,NA,NA,NA,2022,NA,NA,NA,NA,NA,NA,NA,NA,"white",511,"green",NA,NA,NA,NA,"N",NA,NA,1.35
2022-07-08,"WL1","2","0.5","V",49,27,"1.39","3.8",1,"1.8",NA,NA,NA,NA,NA,2022,NA,NA,NA,NA,NA,NA,NA,NA,"white",501,"green",NA,NA,NA,NA,"N",NA,NA,1.39
2022-07-08,"WL1","2","0.5","V",35,30,"1.44","3.5",1,"1.4",NA,NA,NA,NA,NA,2022,NA,NA,NA,NA,NA,NA,NA,NA,"white",504,"green",NA,NA,NA,NA,"N",NA,NA,1.44
2022-07-08,"WL1","2","0.5","V",49,39,"1.15","2.8",1,"1.8",NA,NA,NA,NA,NA,2022,NA,NA,NA,NA,NA,NA,NA,NA,"white",312,"green",NA,NA,NA,NA,"N",NA,NA,1.15
2022-07-08,"WL1","2","0.5","V",13,23,"1.86","2.5",1,"2.0",NA,NA,NA,NA,NA,2022,NA,NA,NA,NA,NA,NA,NA,NA,"white",507,"green",NA,NA,NA,NA,"Y",NA,NA,1.86
2022-07-08,"WL1","2","0.5","V",11,26,"3.54","4.4",1,"2.0",NA,NA,NA,NA,NA,2022,NA,NA,NA,NA,NA,NA,NA,NA,"white",508,"green",NA,NA,NA,NA,"Y",NA,NA,3.54
2022-07-08,"WL1","2","1","V",15,36,"0.78","3.0",1,"0.8",NA,NA,NA,NA,NA,2022,NA,NA,NA,NA,NA,NA,NA,NA,"white",510,"blue",NA,NA,NA,NA,"N",NA,NA,0.5
2022-07-08,"WL1","2","1","V",1,26,"1.1","3.2",1,"1.7",NA,NA,NA,NA,NA,2022,NA,NA,NA,NA,NA,NA,NA,NA,"white",311,"green",NA,NA,NA,NA,"N",NA,NA,1.1
2022-07-08,"WL1","2","1","V",3,11,"1.3","2.1",1,"1.9",NA,NA,NA,NA,NA,2022,NA,NA,NA,NA,NA,NA,NA,NA,"white",516,"green",NA,NA,NA,NA,"N",NA,NA,1.3
2022-07-08,"WL1","2","1","V",15,15,"1.44","4.0",1,"2.4",NA,NA,NA,NA,NA,2022,NA,NA,NA,NA,NA,NA,NA,NA,"white",307,"green",NA,NA,NA,NA,"Y",NA,NA,1.44
2022-07-08,"WL1","2","1","V",29,50,"1.78","4.5",1,"2.1",NA,NA,NA,NA,NA,2022,NA,NA,NA,NA,NA,NA,NA,NA,"white",519,"green",NA,NA,NA,NA,"N",NA,NA,1.78
2022-07-08,"WL1","2","1","V",29,39,"1.2","5.5",1,"1.0",NA,NA,NA,NA,NA,2022,NA,NA,NA,NA,NA,NA,NA,NA,"white",506,"red",NA,NA,NA,NA,"N",NA,NA,1.2
2022-07-08,"WL1","2","1","X",NA,NA,NA,NA,NA,NA,NA,NA,NA,NA,NA,2022,NA,NA,NA,NA,NA,NA,NA,NA,NA,NA,"red",NA,NA,NA,NA,NA,NA,NA,NA
2022-07-08,"WL1","2","1.5","V",26,25,"1.69","3.8",1,"1.6",NA,NA,NA,NA,NA,2022,NA,NA,NA,NA,NA,NA,NA,NA,"white",502,"green",NA,NA,NA,NA,"N",NA,NA,1.69
2022-07-08,"WL1","2","1.5","V",10,38,"0.8","3.5",1,"1.1",NA,NA,NA,NA,NA,2022,NA,NA,NA,NA,NA,NA,NA,NA,"white",201,"green",NA,NA,NA,NA,"N",NA,NA,0.5
2022-07-08,"WL1","2","1.5","V",30,36,"1.0","2.9",1,"1.1",NA,NA,NA,NA,NA,2022,NA,NA,NA,NA,NA,NA,NA,NA,"white",204,"green",NA,NA,NA,NA,"N",NA,NA,1
2022-07-08,"WL1","2","1.5","V",NA,NA,"0.31","2.5",1,"0.6",NA,NA,NA,NA,NA,2022,NA,NA,NA,NA,NA,NA,NA,NA,NA,NA,"green",NA,NA,NA,NA,"N",NA,NA,0.5
2022-07-08,"WL1","2","1.5","V",45,47,"1.37","2.6",1,"1.3",NA,NA,NA,NA,NA,2022,NA,NA,NA,NA,NA,NA,NA,NA,"white",514,"green",NA,NA,NA,NA,"N",NA,NA,1.37
2022-07-08,"WL1","2","1.5","V",35,50,"1.45","3.4",1,"1.8",NA,NA,NA,NA,"spiderweb",2022,NA,NA,NA,NA,NA,NA,NA,NA,"white",517,"green",NA,NA,NA,NA,"N",NA,NA,1.45
2022-07-08,"WL1","2","1.5","V",NA,NA,"0.45","1.9",1,"0.8",NA,NA,NA,NA,NA,2022,NA,NA,NA,NA,NA,NA,NA,NA,NA,NA,"green",NA,NA,NA,NA,"N",NA,NA,0.5
2022-07-08,"WL1","2","2","V",8,14,"0.74","2.0",1,"0.6",NA,NA,NA,NA,NA,2022,NA,NA,NA,NA,NA,NA,NA,NA,"white",515,"green",NA,NA,NA,NA,"N",NA,NA,0.5
2022-07-08,"WL1","2","2","V",45,35,"0.86","4.0",1,"1.2",NA,NA,NA,NA,NA,2022,NA,NA,NA,NA,NA,NA,NA,NA,"white",505,"green",NA,NA,NA,NA,"N",NA,NA,0.5
2022-07-08,"WL1","2","2","V",NA,NA,"0.37","1.1",1,"0.5",NA,NA,NA,NA,NA,2022,NA,NA,NA,NA,NA,NA,NA,NA,NA,NA,"green",NA,NA,NA,NA,"N",NA,NA,0.5
2022-07-08,"WL1","2","2","V",40,45,"0.9","2.5",1,"0.9",NA,NA,NA,NA,NA,2022,NA,NA,NA,NA,NA,NA,NA,NA,"white",512,"green",NA,NA,NA,NA,"N",NA,NA,0.5
2022-07-08,"WL1","2","2","V",NA,NA,"0.26","0.8",1,"0.4",NA,NA,NA,NA,NA,2022,NA,NA,NA,NA,NA,NA,NA,NA,NA,NA,"green",NA,NA,NA,NA,"N",NA,NA,0.5
2022-07-08,"WL1","2","2","V",NA,NA,"0.33","2.0",1,"0.6",NA,NA,NA,NA,NA,2022,NA,NA,NA,NA,NA,NA,NA,NA,NA,NA,"green",NA,NA,NA,NA,"N",NA,NA,0.5
2022-07-08,"WL1","2","2","V",NA,NA,"0.41","2.0",1,"0.5",NA,NA,NA,NA,NA,2022,NA,NA,NA,NA,NA,NA,NA,NA,NA,NA,"green",NA,NA,NA,NA,"N",NA,NA,0.5
2022-07-08,"WL1","2","2","V",44,49,"0.91","2.5",1,"1.0",NA,NA,NA,NA,NA,2022,NA,NA,NA,NA,NA,NA,NA,NA,"white",503,"green",NA,NA,NA,NA,"N",NA,NA,0.5
2022-07-08,"WL1","2","2","V",NA,NA,"0.3","1.0",1,"0.4",NA,NA,NA,NA,NA,2022,NA,NA,NA,NA,NA,NA,NA,NA,NA,NA,"red",NA,NA,NA,NA,"N",NA,NA,0.5
2022-07-08,"WL1","2","2","V",NA,NA,"0.41","2.0",1,"0.6",NA,NA,NA,NA,NA,2022,NA,NA,NA,NA,NA,NA,NA,NA,NA,NA,"red",NA,NA,NA,NA,"N",NA,NA,0.5
2022-07-08,"WL1","2","2","V",NA,NA,"0.29","0.8",1,"0.5",NA,NA,NA,NA,NA,2022,NA,NA,NA,NA,NA,NA,NA,NA,NA,NA,"red",NA,NA,NA,NA,"N",NA,NA,0.5
2022-07-08,"WL1","2","2.5","V",11,41,"0.51","2.5",1,"0.6",NA,NA,NA,NA,NA,2022,NA,NA,NA,NA,NA,NA,NA,NA,"white",215,"green",NA,NA,NA,NA,"N",NA,NA,0.5
2022-07-08,"WL1","2","2.5","V",56,42,"1.09","3.6",1,"1.8",NA,NA,NA,NA,NA,2022,NA,NA,NA,NA,NA,NA,NA,NA,"white",509,"green",NA,NA,NA,NA,"N",NA,NA,1.09
2022-07-08,"WL1","2","2.5","V",20,50,"0.62","2.2",1,"1.0",NA,NA,NA,NA,NA,2022,NA,NA,NA,NA,NA,NA,NA,NA,"white",210,"green",NA,NA,NA,NA,"N",NA,NA,0.5
2022-07-08,"WL1","2","2.5","V",49,49,"0.98","3.5",2,"1.0",NA,NA,NA,NA,NA,2022,NA,NA,NA,NA,NA,NA,NA,NA,"white",304,"green",NA,NA,NA,NA,"N",NA,NA,0.5
2022-07-08,"WL1","2","2.5","X",NA,NA,NA,NA,NA,NA,NA,NA,NA,NA,"missing",2022,NA,NA,NA,NA,NA,NA,NA,NA,NA,NA,"red",NA,NA,NA,NA,NA,NA,NA,NA
2022-07-08,"WL1","2","3","P",49,10,"1.66","21.8",1,NA,"0.0","8.0",6.4,1,NA,2022,NA,NA,NA,NA,NA,NA,NA,NA,"purple",92,NA,"orange",NA,NA,NA,"Y",NA,NA,1.66
2022-07-08,"WL1","2","3","P",40,10,"2.31","24.0",1,NA,"3.0","8.0",6.5,1,NA,2022,NA,NA,NA,NA,NA,NA,NA,NA,"purple",22,NA,"orange",NA,NA,NA,"N",NA,NA,2.31
2022-07-08,"WL1","2","3","V",27,31,"0.97","1.8",1,"0.9",NA,NA,NA,NA,NA,2022,NA,NA,NA,NA,NA,NA,NA,NA,"white",12,"green",NA,NA,NA,NA,"N",NA,NA,0.5
2022-07-08,"WL1","2","3","V",31,28,"1.27","3.0",1,"1.4",NA,NA,NA,NA,NA,2022,NA,NA,NA,NA,NA,NA,NA,NA,"white",24,"green",NA,NA,NA,NA,"N",NA,NA,1.27
2022-07-08,"WL1","2","3","V",19,5,"1.01","1.8",1,"1.0",NA,NA,NA,NA,"lost pick",2022,NA,NA,NA,NA,NA,NA,NA,NA,"white",47,"red",NA,NA,NA,NA,"N",NA,NA,1.01
2022-07-08,"WL1","2","3","V",11,23,"0.76","3.2",1,"1.0",NA,NA,NA,NA,"lost pick",2022,NA,NA,NA,NA,NA,NA,NA,NA,"white",25,"red",NA,NA,NA,NA,"N",NA,NA,0.5
2022-07-08,"WL1","2","3","X",NA,NA,NA,NA,NA,NA,NA,NA,NA,NA,"missing",2022,NA,NA,NA,NA,NA,NA,NA,NA,NA,NA,"red",NA,NA,NA,NA,NA,NA,NA,NA
2022-07-08,"WL1","2","3.5","F",28,7,"1.74","12.2",1,NA,"2.0","0.0",NA,1,NA,2022,NA,NA,NA,NA,NA,NA,NA,NA,"purple",45,NA,NA,NA,NA,NA,"N",NA,NA,1.74
2022-07-08,"WL1","2","3.5","V",15,2,"1.23","2.8",1,"1.3",NA,NA,NA,NA,NA,2022,NA,NA,NA,NA,NA,NA,NA,NA,"white",58,"green",NA,NA,NA,NA,"N",NA,NA,1.23
2022-07-08,"WL1","2","3.5","V",20,5,"1.17","2.0",1,"1.6",NA,NA,NA,NA,NA,2022,NA,NA,NA,NA,NA,NA,NA,NA,"white",64,"green",NA,NA,NA,NA,"N",NA,NA,1.17
2022-07-08,"WL1","2","3.5","V",26,6,"1.14","3.1",1,"1.2",NA,NA,NA,NA,NA,2022,NA,NA,NA,NA,NA,NA,NA,NA,"white",83,"green",NA,NA,NA,NA,"N",NA,NA,1.14
2022-07-08,"WL1","2","3.5","V",35,7,"0.92","2.4",1,"1.1",NA,NA,NA,NA,NA,2022,NA,NA,NA,NA,NA,NA,NA,NA,"white",84,"green",NA,NA,NA,NA,"N",NA,NA,0.5
2022-07-08,"WL1","2","3.5","V",35,1,"0.91","2.1",1,"1.2",NA,NA,NA,NA,NA,2022,NA,NA,NA,NA,NA,NA,NA,NA,"white",71,"green",NA,NA,NA,NA,"N",NA,NA,0.5
2022-07-08,"WL1","2","3.5","V",NA,NA,"0.83","1.9",1,"0.7",NA,NA,NA,NA,NA,2022,NA,NA,NA,NA,NA,NA,NA,NA,NA,NA,"green",NA,NA,NA,NA,"N",NA,NA,0.5
2022-07-08,"WL1","2","3.5","V",21,14,"1.17","3.5",1,"1.8",NA,NA,NA,NA,NA,2022,NA,NA,NA,NA,NA,NA,NA,NA,"white",69,"green",NA,NA,NA,NA,"N",NA,NA,1.17
2022-07-08,"WL1","2","3.5","V",8,10,"0.98","2.7",1,"1.4",NA,NA,NA,NA,NA,2022,NA,NA,NA,NA,NA,NA,NA,NA,"white",35,"green",NA,NA,NA,NA,"N",NA,NA,0.5
2022-07-08,"WL1","2","3.5","V",6,16,"1.31","2.1",1,"2.0",NA,NA,NA,NA,NA,2022,NA,NA,NA,NA,NA,NA,NA,NA,"white",39,"green",NA,NA,NA,NA,"Y",NA,NA,1.31
2022-07-08,"WL1","2","3.5","V",NA,NA,"1.31","1.4",1,"1.8",NA,NA,NA,NA,NA,2022,NA,NA,NA,NA,NA,NA,NA,NA,NA,NA,"green",NA,NA,NA,NA,"N",NA,NA,1.31
2022-07-08,"WL1","2","3.5","V",NA,NA,"0.83","0.9",1,"1.3",NA,NA,NA,NA,NA,2022,NA,NA,NA,NA,NA,NA,NA,NA,NA,NA,"green",NA,NA,NA,NA,"N",NA,NA,0.5
2022-07-08,"WL1","2","3.5","V",NA,NA,"1.36","2.1",1,"1.6",NA,NA,NA,NA,NA,2022,NA,NA,NA,NA,NA,NA,NA,NA,NA,NA,"green",NA,NA,NA,NA,"N",NA,NA,1.36
2022-07-08,"WL1","2","3.5","V",NA,NA,"1.24","2.4",1,"1.5",NA,NA,NA,NA,NA,2022,NA,NA,NA,NA,NA,NA,NA,NA,NA,NA,"green",NA,NA,NA,NA,"N",NA,NA,1.24
2022-07-08,"WL1","2","3.5","V",NA,NA,"0.96","1.8",1,"1.1",NA,NA,NA,NA,NA,2022,NA,NA,NA,NA,NA,NA,NA,NA,NA,NA,"green",NA,NA,NA,NA,"N",NA,NA,0.5
2022-07-08,"WL1","2","3.5","V",NA,NA,"1.24","1.7",1,"1.5",NA,NA,NA,NA,NA,2022,NA,NA,NA,NA,NA,NA,NA,NA,NA,NA,"green",NA,NA,NA,NA,"N",NA,NA,1.24
2022-07-08,"WL1","2","3.5","V",NA,NA,"1.16","2.2",1,"1.5",NA,NA,NA,NA,NA,2022,NA,NA,NA,NA,NA,NA,NA,NA,NA,NA,"green",NA,NA,NA,NA,"Y",NA,NA,1.16
2022-07-08,"WL1","2","3.5","V",NA,NA,"0.78","1.1",1,"1.2",NA,NA,NA,NA,NA,2022,NA,NA,NA,NA,NA,NA,NA,NA,NA,NA,"green",NA,NA,NA,NA,"N",NA,NA,0.5
2022-07-08,"WL1","2","3.5","V",NA,NA,"1.18","1.3",1,"1.1",NA,NA,NA,NA,NA,2022,NA,NA,NA,NA,NA,NA,NA,NA,NA,NA,"green",NA,NA,NA,NA,"N",NA,NA,1.18
2022-07-08,"WL1","2","3.5","V",32,37,"1.5","1.5",1,"1.4",NA,NA,NA,NA,NA,2022,NA,NA,NA,NA,NA,NA,NA,NA,"white",79,"green",NA,NA,NA,NA,"N",NA,NA,1.5
2022-07-08,"WL1","2","3.5","V",NA,NA,"1.06","1.1",1,"0.8",NA,NA,NA,NA,NA,2022,NA,NA,NA,NA,NA,NA,NA,NA,NA,NA,"green",NA,NA,NA,NA,"N",NA,NA,1.06
2022-07-08,"WL1","2","3.5","V",NA,NA,"1.04","1.8",1,"1.8",NA,NA,NA,NA,NA,2022,NA,NA,NA,NA,NA,NA,NA,NA,NA,NA,"green",NA,NA,NA,NA,"N",NA,NA,1.04
2022-07-08,"WL1","2","3.5","V",NA,NA,"0.99","1.5",1,"1.2",NA,NA,NA,NA,NA,2022,NA,NA,NA,NA,NA,NA,NA,NA,NA,NA,"green",NA,NA,NA,NA,"Y",NA,NA,0.5
2022-07-08,"WL1","2","3.5","V",NA,NA,"1.06","1.6",1,"1.8",NA,NA,NA,NA,NA,2022,NA,NA,NA,NA,NA,NA,NA,NA,NA,NA,"green",NA,NA,NA,NA,"N",NA,NA,1.06
2022-07-08,"WL1","2","3.5","V",NA,NA,"0.96","1.3",1,"1.0",NA,NA,NA,NA,NA,2022,NA,NA,NA,NA,NA,NA,NA,NA,NA,NA,"green",NA,NA,NA,NA,"Y",NA,NA,0.5
2022-07-08,"WL1","2","3.5","V",NA,NA,"0.79","1.1",1,"1.0",NA,NA,NA,NA,NA,2022,NA,NA,NA,NA,NA,NA,NA,NA,NA,NA,"green",NA,NA,NA,NA,"Y",NA,NA,0.5
2022-07-08,"WL1","2","3.5","V",NA,NA,"1.2","1.3",1,"1.2",NA,NA,NA,NA,NA,2022,NA,NA,NA,NA,NA,NA,NA,NA,NA,NA,"green",NA,NA,NA,NA,"N",NA,NA,1.2
2022-07-08,"WL1","2","3.5","V",NA,NA,"0.97","1.9",1,"0.9",NA,NA,NA,NA,NA,2022,NA,NA,NA,NA,NA,NA,NA,NA,NA,NA,"green",NA,NA,NA,NA,"N",NA,NA,0.5
2022-07-08,"WL1","2","3.5","V",6,20,"0.71","1.7",1,"1.1",NA,NA,NA,NA,NA,2022,NA,NA,NA,NA,NA,NA,NA,NA,"white",62,"red",NA,NA,NA,NA,"N",NA,NA,0.5
2022-07-08,"WL1","2","4","V",NA,NA,"0.46","0.9",1,"0.3",NA,NA,NA,NA,NA,2022,NA,NA,NA,NA,NA,NA,NA,NA,NA,NA,"blue",NA,NA,NA,NA,"N",NA,NA,0.5
2022-07-08,"WL1","2","4","V",20,22,"0.55","0.9",1,"0.5",NA,NA,NA,NA,NA,2022,NA,NA,NA,NA,NA,NA,NA,NA,"white",37,"blue",NA,NA,NA,NA,"Y",NA,NA,0.5
2022-07-08,"WL1","2","4","V",7,15,"0.93","1.7",1,"1.0",NA,NA,NA,NA,NA,2022,NA,NA,NA,NA,NA,NA,NA,NA,"white",73,"green",NA,NA,NA,NA,"Y",NA,NA,0.5
2022-07-08,"WL1","2","4","V",6,23,"0.94","1.4",1,"1.5",NA,NA,NA,NA,NA,2022,NA,NA,NA,NA,NA,NA,NA,NA,"white",93,"green",NA,NA,NA,NA,"N",NA,NA,0.5
2022-07-08,"WL1","2","4","V",NA,NA,"0.73","1.6",1,"0.7",NA,NA,NA,NA,NA,2022,NA,NA,NA,NA,NA,NA,NA,NA,NA,NA,"green",NA,NA,NA,NA,"N",NA,NA,0.5
2022-07-08,"WL1","2","4","V",NA,NA,"0.6","1.3",1,"0.6",NA,NA,NA,NA,NA,2022,NA,NA,NA,NA,NA,NA,NA,NA,NA,NA,"green",NA,NA,NA,NA,"N",NA,NA,0.5
2022-07-08,"WL1","2","4","V",20,23,"0.73","1.7",1,"1.1",NA,NA,NA,NA,NA,2022,NA,NA,NA,NA,NA,NA,NA,NA,"white",54,"green",NA,NA,NA,NA,"N",NA,NA,0.5
2022-07-08,"WL1","2","4","V",17,33,"0.94","0.8",1,"1.0",NA,NA,NA,NA,NA,2022,NA,NA,NA,NA,NA,NA,NA,NA,"white",18,"green",NA,NA,NA,NA,"N",NA,NA,0.5
2022-07-08,"WL1","2","4","V",34,34,"0.72","1.8",1,"0.9",NA,NA,NA,NA,NA,2022,NA,NA,NA,NA,NA,NA,NA,NA,"white",33,"green",NA,NA,NA,NA,"N",NA,NA,0.5
2022-07-08,"WL1","2","4","V",33,49,"0.79","1.4",1,"1.1",NA,NA,NA,NA,NA,2022,NA,NA,NA,NA,NA,NA,NA,NA,"white",1,"green",NA,NA,NA,NA,"N",NA,NA,0.5
2022-07-08,"WL1","2","4","V",15,48,"1.06","1.4",1,"1.2",NA,NA,NA,NA,NA,2022,NA,NA,NA,NA,NA,NA,NA,NA,"white",26,"green",NA,NA,NA,NA,"N",NA,NA,1.06
2022-07-08,"WL1","2","4","V",3,17,"0.78","1.1",1,"0.7",NA,NA,NA,NA,NA,2022,NA,NA,NA,NA,NA,NA,NA,NA,"white",23,"red",NA,NA,NA,NA,"N",NA,NA,0.5
2022-07-08,"WL1","2","4","V",10,30,"0.72","0.9",1,"0.7",NA,NA,NA,NA,NA,2022,NA,NA,NA,NA,NA,NA,NA,NA,"white",15,"red",NA,NA,NA,NA,"N",NA,NA,0.5
2022-07-08,"WL1","2","4","V",NA,NA,"0.77","0.9",1,"0.7",NA,NA,NA,NA,NA,2022,NA,NA,NA,NA,NA,NA,NA,NA,NA,NA,"red",NA,NA,NA,NA,"N",NA,NA,0.5
2022-07-08,"WL1","2","4.5","X",NA,NA,NA,NA,NA,NA,NA,NA,NA,NA,NA,2022,NA,NA,NA,NA,NA,NA,NA,NA,NA,NA,"green",NA,NA,NA,NA,NA,NA,NA,NA
2022-07-08,"WL1","2","4.5","V",NA,NA,"0.4","1.3",1,"0.3",NA,NA,NA,NA,NA,2022,NA,NA,NA,NA,NA,NA,NA,NA,NA,NA,"green",NA,NA,NA,NA,"N",NA,NA,0.5
2022-07-08,"WL1","2","4.5","V",45,50,"0.71","2.5",1,"0.8",NA,NA,NA,NA,NA,2022,NA,NA,NA,NA,NA,NA,NA,NA,"white",21,"green",NA,NA,NA,NA,"N",NA,NA,0.5
2022-07-08,"WL1","2","4.5","V",10,39,"0.55","1.4",1,"0.8",NA,NA,NA,NA,NA,2022,NA,NA,NA,NA,NA,NA,NA,NA,"white",48,"green",NA,NA,NA,NA,"N",NA,NA,0.5
2022-07-08,"WL1","2","4.5","V",27,7,"1.13","2.3",1,"1.3",NA,NA,NA,NA,NA,2022,NA,NA,NA,NA,NA,NA,NA,NA,"white",55,"red",NA,NA,NA,NA,"N",NA,NA,1.13
2022-07-08,"WL1","2","4.5","V",41,47,"0.67","1.6",1,"1.1",NA,NA,NA,NA,NA,2022,NA,NA,NA,NA,NA,NA,NA,NA,"white",59,"red",NA,NA,NA,NA,"N",NA,NA,0.5
2022-07-08,"WL1","2","4.5","V",20,38,"0.67","1.2",1,"0.9",NA,NA,NA,NA,NA,2022,NA,NA,NA,NA,NA,NA,NA,NA,"white",78,"red",NA,NA,NA,NA,"Y",NA,NA,0.5
2022-07-08,"WL1","2","4.5","V",15,44,"1.01","2.4",1,"1.2",NA,NA,NA,NA,NA,2022,NA,NA,NA,NA,NA,NA,NA,NA,"white",42,"red",NA,NA,NA,NA,"N",NA,NA,1.01
2022-07-08,"WL1","2","4.5","V",11,44,"0.53","1.4",1,"0.5",NA,NA,NA,NA,NA,2022,NA,NA,NA,NA,NA,NA,NA,NA,"white",3,"red",NA,NA,NA,NA,"N",NA,NA,0.5
2022-07-08,"WL1","2","4.5","V",5,44,"0.65","2.4",1,"0.6",NA,NA,NA,NA,NA,2022,NA,NA,NA,NA,NA,NA,NA,NA,"white",56,"red",NA,NA,NA,NA,"N",NA,NA,0.5
2022-07-08,"WL1","2","4.5","V",6,52,"0.6","1.4",1,"0.4",NA,NA,NA,NA,NA,2022,NA,NA,NA,NA,NA,NA,NA,NA,"white",27,"red",NA,NA,NA,NA,"N",NA,NA,0.5
2022-07-08,"WL1","2","5","X",NA,NA,NA,NA,NA,NA,NA,NA,NA,NA,NA,2022,NA,NA,NA,NA,NA,NA,NA,NA,NA,NA,"green",NA,NA,NA,NA,NA,NA,NA,NA
2022-07-08,"WL1","2","5","V",NA,NA,"0.44","1.2",1,"0.3",NA,NA,NA,NA,NA,2022,NA,NA,NA,NA,NA,NA,NA,NA,NA,NA,"green",NA,NA,NA,NA,"N",NA,NA,0.5
2022-07-08,"WL1","2","5","V",35,47,"0.89","1.7",1,"1.3",NA,NA,NA,NA,NA,2022,NA,NA,NA,NA,NA,NA,NA,NA,"white",13,"green",NA,NA,NA,NA,"Y",NA,NA,0.5
2022-07-08,"WL1","2","5","V",42,47,"0.81","2.1",1,"0.9",NA,NA,NA,NA,NA,2022,NA,NA,NA,NA,NA,NA,NA,NA,"white",52,"green",NA,NA,NA,NA,"N",NA,NA,0.5
2022-07-08,"WL1","2","5","X",NA,NA,NA,NA,NA,NA,NA,NA,NA,NA,NA,2022,NA,NA,NA,NA,NA,NA,NA,NA,NA,NA,"blue",NA,NA,NA,NA,NA,NA,NA,NA
2022-07-08,"WL1","2","5.5","P",15,42,"3.11","28.2",1,NA,"0.0","20.0",5.5,1,NA,2022,NA,NA,NA,NA,NA,NA,NA,NA,"purple",94,NA,"orange",NA,NA,NA,"Y",NA,NA,3.11
2022-07-08,"WL1","2","5.5","V",33,32,"0.99","3.4",1,"0.9",NA,NA,NA,NA,NA,2022,NA,NA,NA,NA,NA,NA,NA,NA,"white",60,"green",NA,NA,NA,NA,"N",NA,NA,0.5
2022-07-08,"WL1","2","5.5","V",41,36,"1.11","3.2",1,"1.4",NA,NA,NA,NA,NA,2022,NA,NA,NA,NA,NA,NA,NA,NA,"white",28,"green",NA,NA,NA,NA,"N",NA,NA,1.11
2022-07-08,"WL1","2","5.5","V",43,38,"0.66","2.9",1,"0.8",NA,NA,NA,NA,NA,2022,NA,NA,NA,NA,NA,NA,NA,NA,"white",5,"green",NA,NA,NA,NA,"N",NA,NA,0.5
2022-07-08,"WL1","2","5.5","V",NA,NA,"0.49","1.2",1,"0.6",NA,NA,NA,NA,NA,2022,NA,NA,NA,NA,NA,NA,NA,NA,NA,NA,"green",NA,NA,NA,NA,"N",NA,NA,0.5
2022-07-08,"WL1","2","5.5","V",5,15,"1.16","2.1",1,"1.5",NA,NA,NA,NA,NA,2022,NA,NA,NA,NA,NA,NA,NA,NA,"white",2,"green",NA,NA,NA,NA,"Y",NA,NA,1.16
2022-07-08,"WL1","2","5.5","V",19,38,"0.6","1.7",1,"0.4",NA,NA,NA,NA,NA,2022,NA,NA,NA,NA,NA,NA,NA,NA,"white",75,"green",NA,NA,NA,NA,"N",NA,NA,0.5
2022-07-08,"WL1","2","5.5","V",NA,NA,"0.49","1.4",1,"0.4",NA,NA,NA,NA,NA,2022,NA,NA,NA,NA,NA,NA,NA,NA,NA,NA,"green",NA,NA,NA,NA,"N",NA,NA,0.5
2022-07-08,"WL1","2","5.5","V",NA,NA,"0.38","1.7",1,"0.3",NA,NA,NA,NA,NA,2022,NA,NA,NA,NA,NA,NA,NA,NA,NA,NA,"yellow",NA,NA,NA,NA,"N",NA,NA,0.5
2022-07-08,"WL1","2","6","X",NA,NA,NA,NA,NA,NA,NA,NA,NA,NA,NA,2022,NA,NA,NA,NA,NA,NA,NA,NA,NA,NA,"green",NA,NA,NA,NA,NA,NA,NA,NA
2022-07-08,"WL1","2","6","V",48,5,"0.91","2.4",1,"1.1",NA,NA,NA,NA,NA,2022,NA,NA,NA,NA,NA,NA,NA,NA,"white",10,"green",NA,NA,NA,NA,"Y",NA,NA,0.5
2022-07-08,"WL1","2","6","V",24,39,"0.97","2.5",1,"1.4",NA,NA,NA,NA,NA,2022,NA,NA,NA,NA,NA,NA,NA,NA,"white",7,"green",NA,NA,NA,NA,"N",NA,NA,0.5
2022-07-08,"WL1","2","6","V",30,45,"1.22","2.1",1,"1.4",NA,NA,NA,NA,NA,2022,NA,NA,NA,NA,NA,NA,NA,NA,"white",0,"green",NA,NA,NA,NA,"N",NA,NA,1.22
2022-07-08,"WL1","2","6","V",NA,NA,"0.58","1.4",1,"0.8",NA,NA,NA,NA,"dying",2022,NA,NA,NA,NA,NA,NA,NA,NA,NA,NA,"green",NA,NA,NA,NA,"N",NA,NA,0.5
2022-07-08,"WL1","2","6","V",8,50,"0.84","1.7",1,"1.5",NA,NA,NA,NA,NA,2022,NA,NA,NA,NA,NA,NA,NA,NA,"white",46,"green",NA,NA,NA,NA,"Y",NA,NA,0.5
2022-07-08,"WL1","2","6","V",49,1,"0.83","1.3",1,"0.9",NA,NA,NA,NA,NA,2022,NA,NA,NA,NA,NA,NA,NA,NA,"white",20,"red",NA,NA,NA,NA,"N",NA,NA,0.5
2022-07-08,"WL1","2","6","V",25,20,"0.66","2.8",1,"1.6",NA,NA,NA,NA,NA,2022,NA,NA,NA,NA,NA,NA,NA,NA,"white",29,"red",NA,NA,NA,NA,"N",NA,NA,0.5
2022-07-08,"WL1","2","6.5","X",NA,NA,NA,NA,NA,NA,NA,NA,NA,NA,NA,2022,NA,NA,NA,NA,NA,NA,NA,NA,NA,NA,"blue",NA,NA,NA,NA,NA,NA,NA,NA
2022-07-08,"WL1","2","6.5","V",22,2,"0.6","1.2",1,"0.6",NA,NA,NA,NA,NA,2022,NA,NA,NA,NA,NA,NA,NA,NA,"white",4,"green",NA,NA,NA,NA,"N",NA,NA,0.5
2022-07-08,"WL1","2","6.5","V",NA,NA,"0.71","0.7",1,"0.5",NA,NA,NA,NA,NA,2022,NA,NA,NA,NA,NA,NA,NA,NA,NA,NA,"green",NA,NA,NA,NA,"N",NA,NA,0.5
2022-07-08,"WL1","2","6.5","V",NA,NA,"0.36","0.9",1,"0.6",NA,NA,NA,NA,NA,2022,NA,NA,NA,NA,NA,NA,NA,NA,NA,NA,"green",NA,NA,NA,NA,"N",NA,NA,0.5
2022-07-08,"WL1","2","6.5","V",20,12,"1.2","0.73",1,"0.7",NA,NA,NA,NA,NA,2022,NA,NA,NA,NA,NA,NA,NA,NA,"white",67,"green",NA,NA,NA,NA,"Y",NA,NA,1.2
2022-07-08,"WL1","2","6.5","V",NA,NA,"0.43","0.7",1,"0.3",NA,NA,NA,NA,NA,2022,NA,NA,NA,NA,NA,NA,NA,NA,NA,NA,"green",NA,NA,NA,NA,"N",NA,NA,0.5
2022-07-08,"WL1","2","6.5","V",NA,NA,"0.43","1.3",1,"0.6",NA,NA,NA,NA,NA,2022,NA,NA,NA,NA,NA,NA,NA,NA,NA,NA,"green",NA,NA,NA,NA,"N",NA,NA,0.5
2022-07-08,"WL1","2","6.5","V",12,20,"1.32","1.7",1,"1.1",NA,NA,NA,NA,NA,2022,NA,NA,NA,NA,NA,NA,NA,NA,"white",17,"green",NA,NA,NA,NA,"N",NA,NA,1.32
2022-07-08,"WL1","2","6.5","V",NA,NA,"0.46","1.0",1,"0.5",NA,NA,NA,NA,NA,2022,NA,NA,NA,NA,NA,NA,NA,NA,NA,NA,"green",NA,NA,NA,NA,"N",NA,NA,0.5
2022-07-08,"WL1","2","6.5","X",NA,NA,NA,NA,NA,NA,NA,NA,NA,NA,NA,2022,NA,NA,NA,NA,NA,NA,NA,NA,NA,NA,"green",NA,NA,NA,NA,NA,NA,NA,NA
2022-07-08,"WL1","2","6.5","V",37,37,"0.75","1.4",1,"0.6",NA,NA,NA,NA,NA,2022,NA,NA,NA,NA,NA,NA,NA,NA,"white",85,"green",NA,NA,NA,NA,"N",NA,NA,0.5
2022-07-08,"WL1","2","6.5","V",25,37,"0.9","2.0",1,"0.6",NA,NA,NA,NA,NA,2022,NA,NA,NA,NA,NA,NA,NA,NA,"white",14,"green",NA,NA,NA,NA,"N",NA,NA,0.5
2022-07-08,"WL1","2","6.5","V",22,42,"0.57","1.2",1,"0.8",NA,NA,NA,NA,NA,2022,NA,NA,NA,NA,NA,NA,NA,NA,"white",38,"green",NA,NA,NA,NA,"N",NA,NA,0.5
2022-07-08,"WL1","2","6.5","V",NA,NA,"0.48","0.9",1,"0.5",NA,NA,NA,NA,NA,2022,NA,NA,NA,NA,NA,NA,NA,NA,NA,NA,"green",NA,NA,NA,NA,"N",NA,NA,0.5
2022-07-08,"WL1","2","6.5","V",35,49,"0.6","1.1",1,"0.6",NA,NA,NA,NA,NA,2022,NA,NA,NA,NA,NA,NA,NA,NA,"white",65,"green",NA,NA,NA,NA,"N",NA,NA,0.5
2022-07-08,"WL1","2","6.5","V",NA,NA,"0.44","0.6",1,"0.4",NA,NA,NA,NA,NA,2022,NA,NA,NA,NA,NA,NA,NA,NA,NA,NA,"red",NA,NA,NA,NA,"N",NA,NA,0.5
2022-07-08,"WL1","2","7","V",4,13,"0.53","1.3",1,"0.6",NA,NA,NA,NA,NA,2022,NA,NA,NA,NA,NA,NA,NA,NA,"white",905,"green",NA,NA,NA,NA,"N",NA,NA,0.5
2022-07-08,"WL1","2","7","V",NA,NA,"0.33","1.4",1,"0.5",NA,NA,NA,NA,NA,2022,NA,NA,NA,NA,NA,NA,NA,NA,NA,NA,"green",NA,NA,NA,NA,"N",NA,NA,0.5
2022-07-08,"WL1","2","7.5","V",10,17,"1.06","1.2",1,"0.7",NA,NA,NA,NA,NA,2022,NA,NA,NA,NA,NA,NA,NA,NA,"white",30,"green",NA,NA,NA,NA,"N",NA,NA,1.06
2022-07-08,"WL1","2","7.5","V",37,18,"1.37","1.6",1,"1.4",NA,NA,NA,NA,NA,2022,NA,NA,NA,NA,NA,NA,NA,NA,"white",72,"green",NA,NA,NA,NA,"Y",NA,NA,1.37
2022-07-08,"WL1","2","8","V",NA,NA,"0.34","1.4",1,"0.3",NA,NA,NA,NA,NA,2022,NA,NA,NA,NA,NA,NA,NA,NA,NA,NA,"blue",NA,NA,NA,NA,"N",NA,NA,0.5
2022-07-08,"WL1","2","8","V",NA,NA,"0.35","1.0",1,"0.7",NA,NA,NA,NA,NA,2022,NA,NA,NA,NA,NA,NA,NA,NA,NA,NA,"blue",NA,NA,NA,NA,"N",NA,NA,0.5
2022-07-08,"WL1","2","8","V",22,44,"1.1","2.2",1,"2.0",NA,NA,NA,NA,NA,2022,NA,NA,NA,NA,NA,NA,NA,NA,"white",948,"green",NA,NA,NA,NA,"N",NA,NA,1.1
2022-07-08,"WL1","2","8","V",14,46,"0.72","1.6",1,"1.6",NA,NA,NA,NA,NA,2022,NA,NA,NA,NA,NA,NA,NA,NA,"white",903,"green",NA,NA,NA,NA,"N",NA,NA,0.5
2022-07-08,"WL1","2","8","V",11,12,"0.63","1.3",1,"0.7",NA,NA,NA,NA,NA,2022,NA,NA,NA,NA,NA,NA,NA,NA,"white",61,"red",NA,NA,NA,NA,"N",NA,NA,0.5
2022-07-08,"WL1","2","8","V",21,10,"0.68","1.5",1,"0.5",NA,NA,NA,NA,NA,2022,NA,NA,NA,NA,NA,NA,NA,NA,"white",63,"red",NA,NA,NA,NA,"N",NA,NA,0.5
2022-07-08,"WL1","2","8","V",31,1,"0.58","1.6",1,"0.6",NA,NA,NA,NA,NA,2022,NA,NA,NA,NA,NA,NA,NA,NA,"white",19,"red",NA,NA,NA,NA,"N",NA,NA,0.5
2022-07-08,"WL1","2","8.5","V",33,27,"1.11","2.4",1,"1.1",NA,NA,NA,NA,NA,2022,NA,NA,NA,NA,NA,NA,NA,NA,"white",76,"green",NA,NA,NA,NA,"Y",NA,NA,1.11
2022-07-08,"WL1","2","8.5","V",25,4,"0.62","1.9",1,"0.4",NA,NA,NA,NA,NA,2022,NA,NA,NA,NA,NA,NA,NA,NA,"white",77,"red",NA,NA,NA,NA,"N",NA,NA,0.5
2022-07-08,"WL1","2","8.5","V",32,23,"1.1","2.2",1,"1.1",NA,NA,NA,NA,NA,2022,NA,NA,NA,NA,NA,NA,NA,NA,"white",34,"red",NA,NA,NA,NA,"Y",NA,NA,1.1
2022-07-08,"WL1","2","8.5","V",NA,NA,"0.44","1.9",1,"0.4",NA,NA,NA,NA,NA,2022,NA,NA,NA,NA,NA,NA,NA,NA,NA,NA,"red",NA,NA,NA,NA,"N",NA,NA,0.5
2022-07-08,"WL1","3","0","V",NA,NA,"0.32","1.1",1,"0.2",NA,NA,NA,NA,NA,2022,NA,NA,NA,NA,NA,NA,NA,NA,NA,NA,"blue",NA,NA,NA,NA,"N",NA,NA,0.5
2022-07-08,"WL1","3","0","V",NA,NA,"0.26","1.9",1,"0.6",NA,NA,NA,NA,NA,2022,NA,NA,NA,NA,NA,NA,NA,NA,NA,NA,"blue",NA,NA,NA,NA,"N",NA,NA,0.5
2022-07-08,"WL1","3","0","V",NA,NA,"0.42","1.4",1,"0.2",NA,NA,NA,NA,"shriveled",2022,NA,NA,NA,NA,NA,NA,NA,NA,NA,NA,"green",NA,NA,NA,NA,"N",NA,NA,0.5
2022-07-08,"WL1","3","0","V",NA,NA,"0.37","1.7",1,"0.6",NA,NA,NA,NA,NA,2022,NA,NA,NA,NA,NA,NA,NA,NA,NA,NA,"green",NA,NA,NA,NA,"N",NA,NA,0.5
2022-07-08,"WL1","3","0","V",NA,NA,"0.49","2.8",1,"0.6",NA,NA,NA,NA,NA,2022,NA,NA,NA,NA,NA,NA,NA,NA,NA,NA,"green",NA,NA,NA,NA,"N",NA,NA,0.5
2022-07-08,"WL1","3","0","V",28,34,"1.24","3.8",1,"1.1",NA,NA,NA,NA,NA,2022,NA,NA,NA,NA,NA,NA,NA,NA,"white",705,"green",NA,NA,NA,NA,"N",NA,NA,1.24
2022-07-08,"WL1","3","0","V",NA,NA,"0.48","3.2",1,"0.4",NA,NA,NA,NA,NA,2022,NA,NA,NA,NA,NA,NA,NA,NA,NA,NA,"red",NA,NA,NA,NA,"N",NA,NA,0.5
2022-07-08,"WL1","3","0","V",23,0,"1.09","1.8",1,"0.7",NA,NA,NA,NA,NA,2022,NA,NA,NA,NA,NA,NA,NA,NA,"white",835,"yellow",NA,NA,NA,NA,"N",NA,NA,1.09
2022-07-08,"WL1","3","0","V",NA,NA,"0.26","0.6",1,"0.2",NA,NA,NA,NA,NA,2022,NA,NA,NA,NA,NA,NA,NA,NA,NA,NA,"yellow",NA,NA,NA,NA,"N",NA,NA,0.5
2022-07-08,"WL1","3","0.5","V",26,5,"0.92","1.3",1,"0.6",NA,NA,NA,NA,NA,2022,NA,NA,NA,NA,NA,NA,NA,NA,"white",604,"blue",NA,NA,NA,NA,"N",NA,NA,0.5
2022-07-08,"WL1","3","0.5","V",NA,NA,"0.47","0.8",1,"0.3",NA,NA,NA,NA,NA,2022,NA,NA,NA,NA,NA,NA,NA,NA,NA,NA,"blue",NA,NA,NA,NA,"N",NA,NA,0.5
2022-07-08,"WL1","3","0.5","V",24,17,"0.92","1.1",1,"0.6",NA,NA,NA,NA,NA,2022,NA,NA,NA,NA,NA,NA,NA,NA,"white",173,"blue",NA,NA,NA,NA,"N",NA,NA,0.5
2022-07-08,"WL1","3","0.5","V",NA,NA,"0.47","1.4",1,"0.3",NA,NA,NA,NA,NA,2022,NA,NA,NA,NA,NA,NA,NA,NA,NA,NA,"blue",NA,NA,NA,NA,"N",NA,NA,0.5
2022-07-08,"WL1","3","0.5",NA,NA,NA,NA,NA,NA,NA,NA,NA,NA,NA,"not located",2022,NA,NA,NA,NA,NA,NA,NA,NA,NA,NA,"blue",NA,NA,NA,NA,NA,NA,NA,NA
2022-07-08,"WL1","3","0.5","V",43,3,"1.31","2.3",1,"1.4",NA,NA,NA,NA,NA,2022,NA,NA,NA,NA,NA,NA,NA,NA,"white",834,"green",NA,NA,NA,NA,"N",NA,NA,1.31
2022-07-08,"WL1","3","0.5","V",37,0,"1.43","2.7",1,"1.3",NA,NA,NA,NA,NA,2022,NA,NA,NA,NA,NA,NA,NA,NA,"white",161,"green",NA,NA,NA,NA,"N",NA,NA,1.43
2022-07-08,"WL1","3","0.5","V",22,5,"1.01","2.9",1,"1.5",NA,NA,NA,NA,NA,2022,NA,NA,NA,NA,NA,NA,NA,NA,"white",837,"green",NA,NA,NA,NA,"N",NA,NA,1.01
2022-07-08,"WL1","3","0.5","V",28,6,"1.03","2.0",1,"1.0",NA,NA,NA,NA,NA,2022,NA,NA,NA,NA,NA,NA,NA,NA,"white",174,"green",NA,NA,NA,NA,"N",NA,NA,1.03
2022-07-08,"WL1","3","0.5","V",25,7,"1.14","1.8",1,"0.6",NA,NA,NA,NA,NA,2022,NA,NA,NA,NA,NA,NA,NA,NA,"white",663,"green",NA,NA,NA,NA,"N",NA,NA,1.14
2022-07-08,"WL1","3","0.5","V",NA,NA,"0.95","1.9",1,"1.1",NA,NA,NA,NA,NA,2022,NA,NA,NA,NA,NA,NA,NA,NA,NA,NA,"green",NA,NA,NA,NA,"N",NA,NA,0.5
2022-07-08,"WL1","3","0.5","V",NA,NA,"1.6","2.6",1,"1.2",NA,NA,NA,NA,NA,2022,NA,NA,NA,NA,NA,NA,NA,NA,NA,NA,"green",NA,NA,NA,NA,"N",NA,NA,1.6
2022-07-08,"WL1","3","0.5","V",NA,NA,"1.09","2.4",1,"0.7",NA,NA,NA,NA,NA,2022,NA,NA,NA,NA,NA,NA,NA,NA,NA,NA,"green",NA,NA,NA,NA,"N",NA,NA,1.09
2022-07-08,"WL1","3","0.5","V",NA,NA,"1.23","2.7",1,"1.3",NA,NA,NA,NA,NA,2022,NA,NA,NA,NA,NA,NA,NA,NA,NA,NA,"green",NA,NA,NA,NA,"N",NA,NA,1.23
2022-07-08,"WL1","3","0.5","V",NA,NA,"1.65","2.5",1,"1.2",NA,NA,NA,NA,NA,2022,NA,NA,NA,NA,NA,NA,NA,NA,NA,NA,"green",NA,NA,NA,NA,"N",NA,NA,1.65
2022-07-08,"WL1","3","0.5","V",NA,NA,"1.18","2.2",1,"0.7",NA,NA,NA,NA,NA,2022,NA,NA,NA,NA,NA,NA,NA,NA,NA,NA,"green",NA,NA,NA,NA,"N",NA,NA,1.18
2022-07-08,"WL1","3","0.5","V",NA,NA,"0.64","1.1",1,"0.4",NA,NA,NA,NA,"shriveled/wilte",2022,NA,NA,NA,NA,NA,NA,NA,NA,NA,NA,"green",NA,NA,NA,NA,"N",NA,NA,0.5
2022-07-08,"WL1","3","0.5","V",NA,NA,"1.5","2.8",1,"1.8",NA,NA,NA,NA,NA,2022,NA,NA,NA,NA,NA,NA,NA,NA,NA,NA,"green",NA,NA,NA,NA,"N",NA,NA,1.5
2022-07-08,"WL1","3","0.5","V",NA,NA,"0.9","2.0",1,"0.7",NA,NA,NA,NA,NA,2022,NA,NA,NA,NA,NA,NA,NA,NA,NA,NA,"green",NA,NA,NA,NA,"N",NA,NA,0.5
2022-07-08,"WL1","3","0.5","V",NA,NA,"0.98","1.6",1,"0.8",NA,NA,NA,NA,NA,2022,NA,NA,NA,NA,NA,NA,NA,NA,NA,NA,"green",NA,NA,NA,NA,"N",NA,NA,0.5
2022-07-08,"WL1","3","0.5","V",NA,NA,"1.93","3.2",1,"1.6",NA,NA,NA,NA,NA,2022,NA,NA,NA,NA,NA,NA,NA,NA,NA,NA,"green",NA,NA,NA,NA,"N",NA,NA,1.93
2022-07-08,"WL1","3","0.5","V",NA,NA,"0.88","1.8",1,"0.5",NA,NA,NA,NA,NA,2022,NA,NA,NA,NA,NA,NA,NA,NA,NA,NA,"green",NA,NA,NA,NA,"N",NA,NA,0.5
2022-07-08,"WL1","3","0.5","V",NA,NA,"1.2","3.5",1,"2.0",NA,NA,NA,NA,NA,2022,NA,NA,NA,NA,NA,NA,NA,NA,NA,NA,"green",NA,NA,NA,NA,"N",NA,NA,1.2
2022-07-08,"WL1","3","0.5","V",NA,NA,"0.9","2.6",1,"0.5",NA,NA,NA,NA,NA,2022,NA,NA,NA,NA,NA,NA,NA,NA,NA,NA,"green",NA,NA,NA,NA,"N",NA,NA,0.5
2022-07-08,"WL1","3","0.5","V",NA,NA,"1.16","2.7",1,"0.2",NA,NA,NA,NA,NA,2022,NA,NA,NA,NA,NA,NA,NA,NA,NA,NA,"green",NA,NA,NA,NA,"N",NA,NA,1.16
2022-07-08,"WL1","3","0.5","V",0,9,"0.88","1.0",1,"0.6",NA,NA,NA,NA,NA,2022,NA,NA,NA,NA,NA,NA,NA,NA,"white",678,"green",NA,NA,NA,NA,"N",NA,NA,0.5
2022-07-08,"WL1","3","0.5",NA,NA,NA,NA,NA,NA,NA,NA,NA,NA,NA,"not located",2022,NA,NA,NA,NA,NA,NA,NA,NA,NA,NA,"green",NA,NA,NA,NA,NA,NA,NA,NA
2022-07-08,"WL1","3","0.5",NA,NA,NA,NA,NA,NA,NA,NA,NA,NA,NA,"not located",2022,NA,NA,NA,NA,NA,NA,NA,NA,NA,NA,"green",NA,NA,NA,NA,NA,NA,NA,NA
2022-07-08,"WL1","3","0.5","V",42,3,"1.5","3.5",1,"0.6",NA,NA,NA,NA,NA,2022,NA,NA,NA,NA,NA,NA,NA,NA,"white",10,"red",NA,NA,NA,NA,"N",NA,NA,1.5
2022-07-08,"WL1","3","0.5","V",41,2,"1.05","1.6",1,"0.5",NA,NA,NA,NA,NA,2022,NA,NA,NA,NA,NA,NA,NA,NA,"white",146,"red",NA,NA,NA,NA,"N",NA,NA,1.05
2022-07-08,"WL1","3","0.5","V",NA,NA,"0.38","1.0",1,"0.01",NA,NA,NA,NA,NA,2022,NA,NA,NA,NA,NA,NA,NA,NA,NA,NA,"red",NA,NA,NA,NA,"N",NA,NA,0.5
2022-07-08,"WL1","3","0.5","V",30,16,"1.95","1.5",1,"0.5",NA,NA,NA,NA,NA,2022,NA,NA,NA,NA,NA,NA,NA,NA,"white",206,"red",NA,NA,NA,NA,"N",NA,NA,1.95
2022-07-08,"WL1","3","0.5","V",NA,NA,"0.47","1.2",1,"0.7",NA,NA,NA,NA,NA,2022,NA,NA,NA,NA,NA,NA,NA,NA,NA,NA,"red",NA,NA,NA,NA,"N",NA,NA,0.5
2022-07-08,"WL1","3","0.5","V",32,0,"0.87","1.2",1,"0.3",NA,NA,NA,NA,NA,2022,NA,NA,NA,NA,NA,NA,NA,NA,"white",827,"yellow",NA,NA,NA,NA,"N",NA,NA,0.5
2022-07-08,"WL1","3","0.5","V",27,1,"0.67","1.2",1,"0.4",NA,NA,NA,NA,NA,2022,NA,NA,NA,NA,NA,NA,NA,NA,"white",830,"yellow",NA,NA,NA,NA,"N",NA,NA,0.5
2022-07-08,"WL1","3","1","V",28,5,"0.73","1.8",1,"0.5",NA,NA,NA,NA,"distance around 15x 5y is maybe trampled",2022,NA,NA,NA,NA,NA,NA,NA,NA,"white",169,"blue",NA,NA,NA,NA,"N",NA,NA,0.5
2022-07-08,"WL1","3","1","X",NA,NA,NA,NA,NA,NA,NA,NA,NA,NA,NA,2022,NA,NA,NA,NA,NA,NA,NA,NA,NA,NA,"blue",NA,NA,NA,NA,NA,NA,NA,NA
2022-07-08,"WL1","3","1","V",35,2,"1.61","3.2",1,"1.1",NA,NA,NA,NA,NA,2022,NA,NA,NA,NA,NA,NA,NA,NA,"white",700,"green",NA,NA,NA,NA,"N",NA,NA,1.61
2022-07-08,"WL1","3","1","V",45,6,"0.72","2.3",1,"0.4",NA,NA,NA,NA,NA,2022,NA,NA,NA,NA,NA,NA,NA,NA,"white",167,"green",NA,NA,NA,NA,"N",NA,NA,0.5
2022-07-08,"WL1","3","1",NA,NA,NA,"0.32","0.9",1,"0.4",NA,NA,NA,NA,NA,2022,NA,NA,NA,NA,NA,NA,NA,NA,NA,NA,"green",NA,NA,NA,NA,"N",NA,NA,0.5
2022-07-08,"WL1","3","1","V",NA,NA,"0.42","1.8",1,"0.4",NA,NA,NA,NA,NA,2022,NA,NA,NA,NA,NA,NA,NA,NA,NA,NA,"green",NA,NA,NA,NA,"N",NA,NA,0.5
2022-07-08,"WL1","3","1","V",26,10,"1.11","0.9",1,"0.8",NA,NA,NA,NA,NA,2022,NA,NA,NA,NA,NA,NA,NA,NA,"white",601,"green",NA,NA,NA,NA,"N",NA,NA,1.11
2022-07-08,"WL1","3","1","V",11,17,"1.37","3.2",1,"1.1",NA,NA,NA,NA,NA,2022,NA,NA,NA,NA,NA,NA,NA,NA,"white",674,"green",NA,NA,NA,NA,"N",NA,NA,1.37
2022-07-08,"WL1","3","1","V",9,16,"1.34","3.4",1,"1.2",NA,NA,NA,NA,NA,2022,NA,NA,NA,NA,NA,NA,NA,NA,"white",667,"green",NA,NA,NA,NA,"N",NA,NA,1.34
2022-07-08,"WL1","3","1","V",9,20,"1.27","1.7",1,"0.5",NA,NA,NA,NA,NA,2022,NA,NA,NA,NA,NA,NA,NA,NA,"white",150,"green",NA,NA,NA,NA,"N",NA,NA,1.27
2022-07-08,"WL1","3","1","V",NA,NA,"2.03","4.2",1,"0.9",NA,NA,NA,NA,NA,2022,NA,NA,NA,NA,NA,NA,NA,NA,NA,NA,"green",NA,NA,NA,NA,"N",NA,NA,2.03
2022-07-08,"WL1","3","1","V",NA,NA,"1.87","1.6",1,"1.7",NA,NA,NA,NA,NA,2022,NA,NA,NA,NA,NA,NA,NA,NA,NA,NA,"green",NA,NA,NA,NA,"N",NA,NA,1.87
2022-07-08,"WL1","3","1","V",NA,NA,"1.14","1.6",1,"0.9",NA,NA,NA,NA,NA,2022,NA,NA,NA,NA,NA,NA,NA,NA,NA,NA,"green",NA,NA,NA,NA,"N",NA,NA,1.14
2022-07-08,"WL1","3","1","V",NA,NA,"1.2","2.1",1,"1.0",NA,NA,NA,NA,NA,2022,NA,NA,NA,NA,NA,NA,NA,NA,NA,NA,"green",NA,NA,NA,NA,"N",NA,NA,1.2
2022-07-08,"WL1","3","1","V",NA,NA,"0.41","0.9",1,"0.3",NA,NA,NA,NA,NA,2022,NA,NA,NA,NA,NA,NA,NA,NA,NA,NA,"green",NA,NA,NA,NA,"N",NA,NA,0.5
2022-07-08,"WL1","3","1","V",NA,NA,"1.24","3.4",1,"1.2",NA,NA,NA,NA,NA,2022,NA,NA,NA,NA,NA,NA,NA,NA,NA,NA,"green",NA,NA,NA,NA,"N",NA,NA,1.24
2022-07-08,"WL1","3","1","V",NA,NA,"0.66","1.7",1,"0.6",NA,NA,NA,NA,NA,2022,NA,NA,NA,NA,NA,NA,NA,NA,NA,NA,"green",NA,NA,NA,NA,"N",NA,NA,0.5
2022-07-08,"WL1","3","1","V",NA,NA,"0.48","1.3",1,"0.2",NA,NA,NA,NA,NA,2022,NA,NA,NA,NA,NA,NA,NA,NA,NA,NA,"green",NA,NA,NA,NA,"N",NA,NA,0.5
2022-07-08,"WL1","3","1","V",NA,NA,"0.87","1.9",1,"0.5",NA,NA,NA,NA,NA,2022,NA,NA,NA,NA,NA,NA,NA,NA,NA,NA,"green",NA,NA,NA,NA,"N",NA,NA,0.5
2022-07-08,"WL1","3","1","V",NA,NA,"1.48","2.4",1,"1.2",NA,NA,NA,NA,NA,2022,NA,NA,NA,NA,NA,NA,NA,NA,NA,NA,"green",NA,NA,NA,NA,"N",NA,NA,1.48
2022-07-08,"WL1","3","1","V",NA,NA,"0.97","2.7",1,"0.6",NA,NA,NA,NA,NA,2022,NA,NA,NA,NA,NA,NA,NA,NA,NA,NA,"green",NA,NA,NA,NA,"N",NA,NA,0.5
2022-07-08,"WL1","3","1","V",NA,NA,"1.17","2.2",1,"0.8",NA,NA,NA,NA,NA,2022,NA,NA,NA,NA,NA,NA,NA,NA,NA,NA,"green",NA,NA,NA,NA,"N",NA,NA,1.17
2022-07-08,"WL1","3","1","V",NA,NA,"0.89","1.2",1,"0.8",NA,NA,NA,NA,NA,2022,NA,NA,NA,NA,NA,NA,NA,NA,NA,NA,"green",NA,NA,NA,NA,"N",NA,NA,0.5
2022-07-08,"WL1","3","1","V",NA,NA,"0.4","2.5",1,"0.6",NA,NA,NA,NA,NA,2022,NA,NA,NA,NA,NA,NA,NA,NA,NA,NA,"green",NA,NA,NA,NA,"N",NA,NA,0.5
2022-07-08,"WL1","3","1","X",NA,NA,NA,NA,NA,NA,NA,NA,NA,NA,NA,2022,NA,NA,NA,NA,NA,NA,NA,NA,NA,NA,"green",NA,NA,NA,NA,NA,NA,NA,NA
2022-07-08,"WL1","3","1","V",NA,NA,"0.56","1.9",1,"0.7",NA,NA,NA,NA,NA,2022,NA,NA,NA,NA,NA,NA,NA,NA,NA,NA,"green",NA,NA,NA,NA,"N",NA,NA,0.5
2022-07-08,"WL1","3","1","V",NA,NA,"0.15","0.6",1,"0.1",NA,NA,NA,NA,NA,2022,NA,NA,NA,NA,NA,NA,NA,NA,NA,NA,"green",NA,NA,NA,NA,"N",NA,NA,0.5
2022-07-08,"WL1","3","1","V",NA,NA,"0.17","0.4",1,"<0.1",NA,NA,NA,NA,NA,2022,NA,NA,NA,NA,NA,NA,NA,NA,NA,NA,"green",NA,NA,NA,NA,"N",NA,NA,0.5
2022-07-08,"WL1","3","1","V",NA,NA,"0.5","1.8",1,"0.3",NA,NA,NA,NA,NA,2022,NA,NA,NA,NA,NA,NA,NA,NA,NA,NA,"green",NA,NA,NA,NA,"N",NA,NA,0.5
2022-07-08,"WL1","3","1","V",NA,NA,"0.72","2.4",1,"0.9",NA,NA,NA,NA,NA,2022,NA,NA,NA,NA,NA,NA,NA,NA,NA,NA,"green",NA,NA,NA,NA,"N",NA,NA,0.5
2022-07-08,"WL1","3","1","V",NA,NA,"0.81","1.9",1,"0.7",NA,NA,NA,NA,NA,2022,NA,NA,NA,NA,NA,NA,NA,NA,NA,NA,"green",NA,NA,NA,NA,"N",NA,NA,0.5
2022-07-08,"WL1","3","1","V",NA,NA,"0.76","1.1",1,"0.6",NA,NA,NA,NA,NA,2022,NA,NA,NA,NA,NA,NA,NA,NA,NA,NA,"green",NA,NA,NA,NA,"N",NA,NA,0.5
2022-07-08,"WL1","3","1","V",12,17,"0.86","2.3",1,"0.4",NA,NA,NA,NA,NA,2022,NA,NA,NA,NA,NA,NA,NA,NA,"white",171,"green",NA,NA,NA,NA,"N",NA,NA,0.5
2022-07-08,"WL1","3","1","V",14,18,"1.22","3.4",1,"0.6",NA,NA,NA,NA,NA,2022,NA,NA,NA,NA,NA,NA,NA,NA,"white",702,"green",NA,NA,NA,NA,"N",NA,NA,1.22
2022-07-08,"WL1","3","1","X",NA,NA,NA,NA,NA,NA,NA,NA,NA,NA,NA,2022,NA,NA,NA,NA,NA,NA,NA,NA,NA,NA,"green",NA,NA,NA,NA,NA,NA,NA,NA
2022-07-08,"WL1","3","1","V",NA,NA,"0.77","1.2",1,"0.5",NA,NA,NA,NA,NA,2022,NA,NA,NA,NA,NA,NA,NA,NA,NA,NA,"green",NA,NA,NA,NA,"N",NA,NA,0.5
2022-07-08,"WL1","3","1","V",NA,NA,"1.35","1.7",1,"0.4",NA,NA,NA,NA,NA,2022,NA,NA,NA,NA,NA,NA,NA,NA,NA,NA,"green",NA,NA,NA,NA,"N",NA,NA,1.35
2022-07-08,"WL1","3","1","V",NA,NA,"1.27","3.1",1,"1.4",NA,NA,NA,NA,NA,2022,NA,NA,NA,NA,NA,NA,NA,NA,NA,NA,"green",NA,NA,NA,NA,"N",NA,NA,1.27
2022-07-08,"WL1","3","1","V",NA,NA,"0.46","1.8",1,"0.6",NA,NA,NA,NA,NA,2022,NA,NA,NA,NA,NA,NA,NA,NA,NA,NA,"green",NA,NA,NA,NA,"N",NA,NA,0.5
2022-07-08,"WL1","3","1","V",NA,NA,"0.52","1.2",1,"0.7",NA,NA,NA,NA,NA,2022,NA,NA,NA,NA,NA,NA,NA,NA,NA,NA,"green",NA,NA,NA,NA,"N",NA,NA,0.5
2022-07-08,"WL1","3","1","V",NA,NA,"0.22","2.3",1,"0.2",NA,NA,NA,NA,"crushed sideways",2022,NA,NA,NA,NA,NA,NA,NA,NA,NA,NA,"green",NA,NA,NA,NA,"N",NA,NA,0.5
2022-07-08,"WL1","3","1",NA,NA,NA,NA,NA,NA,NA,NA,NA,NA,NA,"not found;loose green pick in plot",2022,NA,NA,NA,NA,NA,NA,NA,NA,NA,NA,"green",NA,NA,NA,NA,NA,NA,NA,NA
2022-07-08,"WL1","3","1","V",NA,NA,"0.28","1.8",1,"0.3",NA,NA,NA,NA,NA,2022,NA,NA,NA,NA,NA,NA,NA,NA,NA,NA,"red",NA,NA,NA,NA,"N",NA,NA,0.5
2022-07-08,"WL1","3","1","V",NA,NA,"0.43","0.7",1,"0.3",NA,NA,NA,NA,NA,2022,NA,NA,NA,NA,NA,NA,NA,NA,NA,NA,"red",NA,NA,NA,NA,"N",NA,NA,0.5
2022-07-08,"WL1","3","1","V",3,1,"0.92","1.9",1,"0.4",NA,NA,NA,NA,NA,2022,NA,NA,NA,NA,NA,NA,NA,NA,"white",605,"red",NA,NA,NA,NA,"N",NA,NA,0.5
2022-07-08,"WL1","3","1","V",NA,NA,"0.64","0.8",1,"0.2",NA,NA,NA,NA,NA,2022,NA,NA,NA,NA,NA,NA,NA,NA,NA,NA,"red",NA,NA,NA,NA,"N",NA,NA,0.5
2022-07-08,"WL1","3","1","V",NA,NA,"0.8","0.8",1,"0.4",NA,NA,NA,NA,NA,2022,NA,NA,NA,NA,NA,NA,NA,NA,NA,NA,"red",NA,NA,NA,NA,"N",NA,NA,0.5
2022-07-08,"WL1","3","1","V",NA,NA,"0.76","2.1",1,"1.0",NA,NA,NA,NA,NA,2022,NA,NA,NA,NA,NA,NA,NA,NA,NA,NA,"red",NA,NA,NA,NA,"N",NA,NA,0.5
2022-07-08,"WL1","3","1","V",NA,NA,"0.72","1.9",1,"0.5",NA,NA,NA,NA,NA,2022,NA,NA,NA,NA,NA,NA,NA,NA,NA,NA,"red",NA,NA,NA,NA,"N",NA,NA,0.5
2022-07-08,"WL1","3","1","V",NA,NA,"0.62","1.1",1,"0.3",NA,NA,NA,NA,NA,2022,NA,NA,NA,NA,NA,NA,NA,NA,NA,NA,"red",NA,NA,NA,NA,"N",NA,NA,0.5
2022-07-08,"WL1","3","1","V",NA,NA,"0.72","1.9",1,"0.4",NA,NA,NA,NA,NA,2022,NA,NA,NA,NA,NA,NA,NA,NA,NA,NA,"yellow",NA,NA,NA,NA,"N",NA,NA,0.5
2022-07-08,"WL1","3","1.5","V",19,20,"0.59","1.9",1,"0.6",NA,NA,NA,NA,NA,2022,NA,NA,NA,NA,NA,NA,NA,NA,"white",165,"blue",NA,NA,NA,NA,"N",NA,NA,0.5
2022-07-08,"WL1","3","1.5","V",NA,NA,"0.37","0.7",1,"0.2",NA,NA,NA,NA,NA,2022,NA,NA,NA,NA,NA,NA,NA,NA,NA,NA,"blue",NA,NA,NA,NA,"N",NA,NA,0.5
2022-07-08,"WL1","3","1.5","V",9,44,"1.01","1.2",1,"0.7",NA,NA,NA,NA,NA,2022,NA,NA,NA,NA,NA,NA,NA,NA,"white",705,"blue",NA,NA,NA,NA,"N",NA,NA,1.01
2022-07-08,"WL1","3","1.5","V",NA,NA,"1.58","3.0",1,"1.7",NA,NA,NA,NA,NA,2022,NA,NA,NA,NA,NA,NA,NA,NA,NA,NA,"blue",NA,NA,NA,NA,"N",NA,NA,1.58
2022-07-08,"WL1","3","1.5","V",5,2,"0.95","1.2",1,"0.6",NA,NA,NA,NA,NA,2022,NA,NA,NA,NA,NA,NA,NA,NA,"white",163,"green",NA,NA,NA,NA,"N",NA,NA,0.5
2022-07-08,"WL1","3","1.5","V",8,0,"0.94","1.0",1,"0.6",NA,NA,NA,NA,NA,2022,NA,NA,NA,NA,NA,NA,NA,NA,"white",604,"green",NA,NA,NA,NA,"N",NA,NA,0.5
2022-07-08,"WL1","3","1.5","V",27,3,"1.18","2.7",1,"1.1",NA,NA,NA,NA,NA,2022,NA,NA,NA,NA,NA,NA,NA,NA,"white",160,"green",NA,NA,NA,NA,"N",NA,NA,1.18
2022-07-08,"WL1","3","1.5","V",23,3,"1.01","1.9",1,"0.7",NA,NA,NA,NA,NA,2022,NA,NA,NA,NA,NA,NA,NA,NA,"white",602,"green",NA,NA,NA,NA,"N",NA,NA,1.01
2022-07-08,"WL1","3","1.5","V",28,11,"1.37","2.0",1,"1.1",NA,NA,NA,NA,NA,2022,NA,NA,NA,NA,NA,NA,NA,NA,"white",162,"green",NA,NA,NA,NA,"Y",NA,NA,1.37
2022-07-08,"WL1","3","1.5","V",15,28,"0.92","2.1",1,"1.2",NA,NA,NA,NA,NA,2022,NA,NA,NA,NA,NA,NA,NA,NA,"white",704,"green",NA,NA,NA,NA,"N",NA,NA,0.5
2022-07-08,"WL1","3","1.5","V",19,16,"1.05","2.2",1,"0.6",NA,NA,NA,NA,NA,2022,NA,NA,NA,NA,NA,NA,NA,NA,"white",665,"green",NA,NA,NA,NA,"N",NA,NA,1.05
2022-07-08,"WL1","3","1.5","V",NA,NA,"1.23","2.9",1,"1.0",NA,NA,NA,NA,NA,2022,NA,NA,NA,NA,NA,NA,NA,NA,NA,NA,"green",NA,NA,NA,NA,"N",NA,NA,1.23
2022-07-08,"WL1","3","1.5","V",NA,NA,"1.24","3.4",1,"1.3",NA,NA,NA,NA,NA,2022,NA,NA,NA,NA,NA,NA,NA,NA,NA,NA,"green",NA,NA,NA,NA,"Y",NA,NA,1.24
2022-07-08,"WL1","3","1.5","V",NA,NA,"1.14","2.4",1,"0.9",NA,NA,NA,NA,NA,2022,NA,NA,NA,NA,NA,NA,NA,NA,NA,NA,"green",NA,NA,NA,NA,"N",NA,NA,1.14
2022-07-08,"WL1","3","1.5","V",NA,NA,"1.16","1.7",1,"0.5",NA,NA,NA,NA,NA,2022,NA,NA,NA,NA,NA,NA,NA,NA,NA,NA,"green",NA,NA,NA,NA,"N",NA,NA,1.16
2022-07-08,"WL1","3","1.5","V",NA,NA,"0.59","0.9",1,"0.2",NA,NA,NA,NA,NA,2022,NA,NA,NA,NA,NA,NA,NA,NA,NA,NA,"green",NA,NA,NA,NA,"N",NA,NA,0.5
2022-07-08,"WL1","3","1.5","V",NA,NA,"0.49","1.4",1,"0.6",NA,NA,NA,NA,NA,2022,NA,NA,NA,NA,NA,NA,NA,NA,NA,NA,"green",NA,NA,NA,NA,"N",NA,NA,0.5
2022-07-08,"WL1","3","1.5","V",NA,NA,"1.04","3.1",1,"1.2",NA,NA,NA,NA,NA,2022,NA,NA,NA,NA,NA,NA,NA,NA,NA,NA,"green",NA,NA,NA,NA,"N",NA,NA,1.04
2022-07-08,"WL1","3","1.5","V",NA,NA,"1.19","1.8",1,"0.4",NA,NA,NA,NA,NA,2022,NA,NA,NA,NA,NA,NA,NA,NA,NA,NA,"green",NA,NA,NA,NA,"Y",NA,NA,1.19
2022-07-08,"WL1","3","1.5","V",NA,NA,"0.76","2.1",1,"0.7",NA,NA,NA,NA,NA,2022,NA,NA,NA,NA,NA,NA,NA,NA,NA,NA,"green",NA,NA,NA,NA,"N",NA,NA,0.5
2022-07-08,"WL1","3","1.5","X",NA,NA,NA,NA,NA,NA,NA,NA,NA,NA,NA,2022,NA,NA,NA,NA,NA,NA,NA,NA,NA,NA,"green",NA,NA,NA,NA,NA,NA,NA,NA
2022-07-08,"WL1","3","1.5","V",NA,NA,"1.04","1.8",1,"0.8",NA,NA,NA,NA,NA,2022,NA,NA,NA,NA,NA,NA,NA,NA,NA,NA,"green",NA,NA,NA,NA,"N",NA,NA,1.04
2022-07-08,"WL1","3","1.5","V",NA,NA,"0.56","0.8",1,"0.2",NA,NA,NA,NA,NA,2022,NA,NA,NA,NA,NA,NA,NA,NA,NA,NA,"green",NA,NA,NA,NA,"N",NA,NA,0.5
2022-07-08,"WL1","3","1.5","V",NA,NA,"1.42","3.1",1,"1.3",NA,NA,NA,NA,NA,2022,NA,NA,NA,NA,NA,NA,NA,NA,NA,NA,"green",NA,NA,NA,NA,"N",NA,NA,1.42
2022-07-08,"WL1","3","1.5","V",NA,NA,"1.0","2.1",1,"0.9",NA,NA,NA,NA,NA,2022,NA,NA,NA,NA,NA,NA,NA,NA,NA,NA,"green",NA,NA,NA,NA,"Y",NA,NA,1
2022-07-08,"WL1","3","1.5","V",NA,NA,"1.54","2.3",1,"0.9",NA,NA,NA,NA,NA,2022,NA,NA,NA,NA,NA,NA,NA,NA,NA,NA,"green",NA,NA,NA,NA,"Y",NA,NA,1.54
2022-07-08,"WL1","3","1.5","V",NA,NA,"2.18","4.9",2,"1.9",NA,NA,NA,NA,NA,2022,NA,NA,NA,NA,NA,NA,NA,NA,NA,NA,"green",NA,NA,NA,NA,"N",NA,NA,2.18
2022-07-08,"WL1","3","1.5","V",NA,NA,"0.92","1.8",1,"0.8",NA,NA,NA,NA,NA,2022,NA,NA,NA,NA,NA,NA,NA,NA,NA,NA,"green",NA,NA,NA,NA,"N",NA,NA,0.5
2022-07-08,"WL1","3","1.5","V",NA,NA,"1.54","2.1",1,"0.8",NA,NA,NA,NA,NA,2022,NA,NA,NA,NA,NA,NA,NA,NA,NA,NA,"green",NA,NA,NA,NA,"N",NA,NA,1.54
2022-07-08,"WL1","3","1.5","V",NA,NA,"1.32","3.2",1,"1.1",NA,NA,NA,NA,NA,2022,NA,NA,NA,NA,NA,NA,NA,NA,NA,NA,"green",NA,NA,NA,NA,"Y",NA,NA,1.32
2022-07-08,"WL1","3","1.5","V",NA,NA,"1.26","3.3",1,"1.3",NA,NA,NA,NA,NA,2022,NA,NA,NA,NA,NA,NA,NA,NA,NA,NA,"green",NA,NA,NA,NA,"N",NA,NA,1.26
2022-07-08,"WL1","3","1.5","V",NA,NA,"0.63","1.7",1,"0.4",NA,NA,NA,NA,NA,2022,NA,NA,NA,NA,NA,NA,NA,NA,NA,NA,"green",NA,NA,NA,NA,"N",NA,NA,0.5
2022-07-08,"WL1","3","1.5","V",NA,NA,"1.0","1.8",1,"0.6",NA,NA,NA,NA,NA,2022,NA,NA,NA,NA,NA,NA,NA,NA,NA,NA,"green",NA,NA,NA,NA,"N",NA,NA,1
2022-07-08,"WL1","3","1.5","V",NA,NA,"1.23","2.3",1,"0.7",NA,NA,NA,NA,NA,2022,NA,NA,NA,NA,NA,NA,NA,NA,NA,NA,"green",NA,NA,NA,NA,"N",NA,NA,1.23
2022-07-08,"WL1","3","1.5","V",NA,NA,"1.01","2.6",1,"0.7",NA,NA,NA,NA,NA,2022,NA,NA,NA,NA,NA,NA,NA,NA,NA,NA,"green",NA,NA,NA,NA,"N",NA,NA,1.01
2022-07-08,"WL1","3","1.5","V",NA,NA,"0.56","1.4",1,"0.2",NA,NA,NA,NA,NA,2022,NA,NA,NA,NA,NA,NA,NA,NA,NA,NA,"green",NA,NA,NA,NA,"N",NA,NA,0.5
2022-07-08,"WL1","3","1.5","V",NA,NA,"1.46","4.9",1,"1.4",NA,NA,NA,NA,NA,2022,NA,NA,NA,NA,NA,NA,NA,NA,NA,NA,"green",NA,NA,NA,NA,"N",NA,NA,1.46
2022-07-08,"WL1","3","1.5","V",NA,NA,"1.25","3.2",1,"0.7",NA,NA,NA,NA,NA,2022,NA,NA,NA,NA,NA,NA,NA,NA,NA,NA,"green",NA,NA,NA,NA,"N",NA,NA,1.25
2022-07-08,"WL1","3","1.5","V",NA,NA,"1.8","2.3",1,"0.9",NA,NA,NA,NA,NA,2022,NA,NA,NA,NA,NA,NA,NA,NA,NA,NA,"green",NA,NA,NA,NA,"N",NA,NA,1.8
2022-07-08,"WL1","3","1.5","V",NA,NA,"1.16","2.4",2,"1.1",NA,NA,NA,NA,NA,2022,NA,NA,NA,NA,NA,NA,NA,NA,NA,NA,"green",NA,NA,NA,NA,"Y",NA,NA,1.16
2022-07-08,"WL1","3","1.5","V",NA,NA,"1.44","2.3",1,"0.7",NA,NA,NA,NA,NA,2022,NA,NA,NA,NA,NA,NA,NA,NA,NA,NA,"green",NA,NA,NA,NA,"N",NA,NA,1.44
2022-07-08,"WL1","3","1.5","V",NA,NA,"1.41","2.4",1,"1.2",NA,NA,NA,NA,NA,2022,NA,NA,NA,NA,NA,NA,NA,NA,NA,NA,"green",NA,NA,NA,NA,"N",NA,NA,1.41
2022-07-08,"WL1","3","1.5","V",NA,NA,"1.59","2.4",1,"1.2",NA,NA,NA,NA,NA,2022,NA,NA,NA,NA,NA,NA,NA,NA,NA,NA,"green",NA,NA,NA,NA,"N",NA,NA,1.59
2022-07-08,"WL1","3","1.5","V",NA,NA,"1.2","2.2",1,"0.8",NA,NA,NA,NA,NA,2022,NA,NA,NA,NA,NA,NA,NA,NA,NA,NA,"green",NA,NA,NA,NA,"N",NA,NA,1.2
2022-07-08,"WL1","3","1.5","V",NA,NA,"1.53","1.6",1,"0.9",NA,NA,NA,NA,NA,2022,NA,NA,NA,NA,NA,NA,NA,NA,NA,NA,"green",NA,NA,NA,NA,"N",NA,NA,1.53
2022-07-08,"WL1","3","1.5","V",NA,NA,"1.1","1.7",1,"0.4",NA,NA,NA,NA,NA,2022,NA,NA,NA,NA,NA,NA,NA,NA,NA,NA,"green",NA,NA,NA,NA,"N",NA,NA,1.1
2022-07-08,"WL1","3","1.5","V",NA,NA,"0.69","1.1",1,"0.3",NA,NA,NA,NA,NA,2022,NA,NA,NA,NA,NA,NA,NA,NA,NA,NA,"green",NA,NA,NA,NA,"N",NA,NA,0.5
2022-07-08,"WL1","3","1.5","V",NA,NA,"1.09","1.6",1,"0.8",NA,NA,NA,NA,NA,2022,NA,NA,NA,NA,NA,NA,NA,NA,NA,NA,"green",NA,NA,NA,NA,"Y",NA,NA,1.09
2022-07-08,"WL1","3","1.5","V",NA,NA,"1.68","2.9",1,"1.2",NA,NA,NA,NA,NA,2022,NA,NA,NA,NA,NA,NA,NA,NA,NA,NA,"green",NA,NA,NA,NA,"N",NA,NA,1.68
2022-07-08,"WL1","3","1.5","V",NA,NA,"1.34","2.6",1,"0.9",NA,NA,NA,NA,NA,2022,NA,NA,NA,NA,NA,NA,NA,NA,NA,NA,"green",NA,NA,NA,NA,"N",NA,NA,1.34
2022-07-08,"WL1","3","1.5","V",NA,NA,"1.01","2.4",1,"0.6",NA,NA,NA,NA,NA,2022,NA,NA,NA,NA,NA,NA,NA,NA,NA,NA,"green",NA,NA,NA,NA,"N",NA,NA,1.01
2022-07-08,"WL1","3","1.5","V",NA,NA,"1.23","3.2",1,"0.9",NA,NA,NA,NA,NA,2022,NA,NA,NA,NA,NA,NA,NA,NA,NA,NA,"green",NA,NA,NA,NA,"N",NA,NA,1.23
2022-07-08,"WL1","3","1.5","V",NA,NA,"1.4","3.4",1,"0.9",NA,NA,NA,NA,NA,2022,NA,NA,NA,NA,NA,NA,NA,NA,NA,NA,"green",NA,NA,NA,NA,"N",NA,NA,1.4
2022-07-08,"WL1","3","1.5","V",NA,NA,"1.01","3.1",1,"0.6",NA,NA,NA,NA,NA,2022,NA,NA,NA,NA,NA,NA,NA,NA,NA,NA,"green",NA,NA,NA,NA,"N",NA,NA,1.01
2022-07-08,"WL1","3","1.5","V",NA,NA,"1.56","4.2",1,"1.2",NA,NA,NA,NA,NA,2022,NA,NA,NA,NA,NA,NA,NA,NA,NA,NA,"green",NA,NA,NA,NA,"N",NA,NA,1.56
2022-07-08,"WL1","3","1.5","V",NA,NA,"1.59","3.5",1,"1.4",NA,NA,NA,NA,NA,2022,NA,NA,NA,NA,NA,NA,NA,NA,NA,NA,"green",NA,NA,NA,NA,"N",NA,NA,1.59
2022-07-08,"WL1","3","1.5","V",NA,NA,">0.5","0.4",1,"0.2",NA,NA,NA,NA,NA,2022,NA,NA,NA,NA,NA,NA,NA,NA,NA,NA,"green",NA,NA,NA,NA,"N",NA,NA,0.5
2022-07-08,"WL1","3","1.5","V",NA,NA,"1.14","2.3",1,"0.6",NA,NA,NA,NA,NA,2022,NA,NA,NA,NA,NA,NA,NA,NA,NA,NA,"green",NA,NA,NA,NA,"N",NA,NA,1.14
2022-07-08,"WL1","3","1.5","V",NA,NA,"1.15","4.5",1,"0.9",NA,NA,NA,NA,NA,2022,NA,NA,NA,NA,NA,NA,NA,NA,NA,NA,"green",NA,NA,NA,NA,"N",NA,NA,1.15
2022-07-08,"WL1","3","1.5","V",NA,NA,"1.14","3.1",1,"0.9",NA,NA,NA,NA,NA,2022,NA,NA,NA,NA,NA,NA,NA,NA,NA,NA,"green",NA,NA,NA,NA,"Y",NA,NA,1.14
2022-07-08,"WL1","3","1.5","V",NA,NA,"0.88","2.4",1,"0.8",NA,NA,NA,NA,NA,2022,NA,NA,NA,NA,NA,NA,NA,NA,NA,NA,"green",NA,NA,NA,NA,"N",NA,NA,0.5
2022-07-08,"WL1","3","1.5","V",NA,NA,"1.78","3.5",1,"1.7",NA,NA,NA,NA,NA,2022,NA,NA,NA,NA,NA,NA,NA,NA,NA,NA,"green",NA,NA,NA,NA,"N",NA,NA,1.78
2022-07-08,"WL1","3","1.5","V",NA,NA,"0.89","3.2",1,"0.6",NA,NA,NA,NA,NA,2022,NA,NA,NA,NA,NA,NA,NA,NA,NA,NA,"green",NA,NA,NA,NA,"N",NA,NA,0.5
2022-07-08,"WL1","3","1.5","V",NA,NA,"0.77","2.2",1,"0.4",NA,NA,NA,NA,NA,2022,NA,NA,NA,NA,NA,NA,NA,NA,NA,NA,"green",NA,NA,NA,NA,"N",NA,NA,0.5
2022-07-08,"WL1","3","1.5","V",NA,NA,"1.15","2.3",1,"0.5",NA,NA,NA,NA,NA,2022,NA,NA,NA,NA,NA,NA,NA,NA,NA,NA,"green",NA,NA,NA,NA,"Y",NA,NA,1.15
2022-07-08,"WL1","3","1.5","V",NA,NA,"0.8","2.0",1,"0.4",NA,NA,NA,NA,NA,2022,NA,NA,NA,NA,NA,NA,NA,NA,NA,NA,"green",NA,NA,NA,NA,"N",NA,NA,0.5
2022-07-08,"WL1","3","1.5","V",NA,NA,"1.72","2.4",1,"1.0",NA,NA,NA,NA,NA,2022,NA,NA,NA,NA,NA,NA,NA,NA,NA,NA,"green",NA,NA,NA,NA,"N",NA,NA,1.72
2022-07-08,"WL1","3","1.5","X",NA,NA,NA,NA,NA,NA,NA,NA,NA,NA,NA,2022,NA,NA,NA,NA,NA,NA,NA,NA,NA,NA,"red",NA,NA,NA,NA,NA,NA,NA,NA
2022-07-08,"WL1","3","1.5","V",31,41,"0.96","1.2",1,"0.6",NA,NA,NA,NA,NA,2022,NA,NA,NA,NA,NA,NA,NA,NA,"white",603,"red",NA,NA,NA,NA,"N",NA,NA,0.5
2022-07-08,"WL1","3","1.5","V",NA,NA,">0.1","0.4",1,"0.2",NA,NA,NA,NA,NA,2022,NA,NA,NA,NA,NA,NA,NA,NA,NA,NA,"red",NA,NA,NA,NA,"N",NA,NA,0.5
2022-07-08,"WL1","3","2","V",NA,NA,"0.46","1.7",1,"0.3",NA,NA,NA,NA,"in quad 2",2022,NA,NA,NA,NA,NA,NA,NA,NA,NA,NA,"red",NA,NA,NA,NA,"N",NA,NA,0.5
2022-07-08,"WL1","3","2","V",49,0,"1.36","1.4",1,"1.3",NA,NA,NA,NA,NA,2022,NA,NA,NA,NA,NA,NA,NA,NA,"white",164,"blue",NA,NA,NA,NA,"Y",NA,NA,1.36
2022-07-08,"WL1","3","2",NA,30,1,"1.78","1.8",3,"1.3",NA,NA,NA,NA,NA,2022,NA,NA,NA,NA,NA,NA,NA,NA,"white",170,"blue",NA,NA,NA,NA,"N",NA,NA,1.78
2022-07-08,"WL1","3","2",NA,NA,NA,"0.42","0.8",1,"0.2",NA,NA,NA,NA,NA,2022,NA,NA,NA,NA,NA,NA,NA,NA,NA,NA,"blue",NA,NA,NA,NA,"N",NA,NA,0.5
2022-07-08,"WL1","3","2",NA,NA,NA,"0.9","2.2",1,"0.7",NA,NA,NA,NA,NA,2022,NA,NA,NA,NA,NA,NA,NA,NA,NA,NA,"blue",NA,NA,NA,NA,"N",NA,NA,0.5
2022-07-08,"WL1","3","2",NA,NA,NA,"0.74","2.2",1,"0.4",NA,NA,NA,NA,NA,2022,NA,NA,NA,NA,NA,NA,NA,NA,NA,NA,"blue",NA,NA,NA,NA,"N",NA,NA,0.5
2022-07-08,"WL1","3","2",NA,48,0,"1.9","2.0",1,"1.6",NA,NA,NA,NA,NA,2022,NA,NA,NA,NA,NA,NA,NA,NA,"white",172,"green",NA,NA,NA,NA,"N",NA,NA,1.9
2022-07-08,"WL1","3","2",NA,39,1,"1.0","1.4",1,"0.9",NA,NA,NA,NA,NA,2022,NA,NA,NA,NA,NA,NA,NA,NA,"white",836,"green",NA,NA,NA,NA,"N",NA,NA,1
2022-07-08,"WL1","3","2",NA,35,0,"0.56","1.4",1,"0.7",NA,NA,NA,NA,NA,2022,NA,NA,NA,NA,NA,NA,NA,NA,"white",840,"green",NA,NA,NA,NA,"N",NA,NA,0.5
2022-07-08,"WL1","3","2",NA,39,12,"1.58","2.3",1,"1.1",NA,NA,NA,NA,NA,2022,NA,NA,NA,NA,NA,NA,NA,NA,"white",144,"green",NA,NA,NA,NA,"N",NA,NA,1.58
2022-07-08,"WL1","3","2",NA,8,7,"0.78","1.1",2,"0.7",NA,NA,NA,NA,NA,2022,NA,NA,NA,NA,NA,NA,NA,NA,"white",153,"green",NA,NA,NA,NA,"N",NA,NA,0.5
2022-07-08,"WL1","3","2",NA,45,16,"0.78","1.2",1,"0.4",NA,NA,NA,NA,NA,2022,NA,NA,NA,NA,NA,NA,NA,NA,"white",175,"green",NA,NA,NA,NA,"N",NA,NA,0.5
2022-07-08,"WL1","3","2",NA,43,22,"0.7","2.9",1,"0.6",NA,NA,NA,NA,NA,2022,NA,NA,NA,NA,NA,NA,NA,NA,"white",703,"green",NA,NA,NA,NA,"N",NA,NA,0.5
2022-07-08,"WL1","3","2",NA,49,20,"1.08","2.2",1,"0.9",NA,NA,NA,NA,NA,2022,NA,NA,NA,NA,NA,NA,NA,NA,"white",152,"green",NA,NA,NA,NA,"N",NA,NA,1.08
2022-07-08,"WL1","3","2",NA,50,20,"1.29","1.1",1,"0.6",NA,NA,NA,NA,NA,2022,NA,NA,NA,NA,NA,NA,NA,NA,"white",823,"green",NA,NA,NA,NA,"N",NA,NA,1.29
2022-07-08,"WL1","3","2",NA,NA,NA,"1.28","1.5",1,"0.4",NA,NA,NA,NA,NA,2022,NA,NA,NA,NA,NA,NA,NA,NA,NA,NA,"green",NA,NA,NA,NA,"N",NA,NA,1.28
2022-07-08,"WL1","3","2",NA,NA,NA,"1.4","2.1",1,"0.9",NA,NA,NA,NA,NA,2022,NA,NA,NA,NA,NA,NA,NA,NA,NA,NA,"green",NA,NA,NA,NA,"N",NA,NA,1.4
2022-07-08,"WL1","3","2",NA,NA,NA,"1.08","1.4",1,"0.9",NA,NA,NA,NA,NA,2022,NA,NA,NA,NA,NA,NA,NA,NA,NA,NA,"green",NA,NA,NA,NA,"N",NA,NA,1.08
2022-07-08,"WL1","3","2",NA,NA,NA,"1.04","2.2",1,"1.0",NA,NA,NA,NA,NA,2022,NA,NA,NA,NA,NA,NA,NA,NA,NA,NA,"green",NA,NA,NA,NA,"N",NA,NA,1.04
2022-07-08,"WL1","3","2",NA,NA,NA,"0.92","1.8",1,"0.5",NA,NA,NA,NA,NA,2022,NA,NA,NA,NA,NA,NA,NA,NA,NA,NA,"green",NA,NA,NA,NA,"N",NA,NA,0.5
2022-07-08,"WL1","3","2","X",NA,NA,NA,NA,NA,NA,NA,NA,NA,NA,NA,2022,NA,NA,NA,NA,NA,NA,NA,NA,NA,NA,"green",NA,NA,NA,NA,NA,NA,NA,NA
2022-07-08,"WL1","3","2",NA,NA,NA,"1.15","2.1",1,"1.1",NA,NA,NA,NA,NA,2022,NA,NA,NA,NA,NA,NA,NA,NA,NA,NA,"green",NA,NA,NA,NA,"Y",NA,NA,1.15
2022-07-08,"WL1","3","2",NA,NA,NA,"0.62","1.4",1,"0.8",NA,NA,NA,NA,NA,2022,NA,NA,NA,NA,NA,NA,NA,NA,NA,NA,"green",NA,NA,NA,NA,"N",NA,NA,0.5
2022-07-08,"WL1","3","2",NA,NA,NA,"1.32","2.5",1,"1.2",NA,NA,NA,NA,NA,2022,NA,NA,NA,NA,NA,NA,NA,NA,NA,NA,"green",NA,NA,NA,NA,"N",NA,NA,1.32
2022-07-08,"WL1","3","2",NA,NA,NA,"0.99","1.5",1,"0.6",NA,NA,NA,NA,NA,2022,NA,NA,NA,NA,NA,NA,NA,NA,NA,NA,"green",NA,NA,NA,NA,"N",NA,NA,0.5
2022-07-08,"WL1","3","2",NA,NA,NA,"1.19","2.0",1,"0.8",NA,NA,NA,NA,NA,2022,NA,NA,NA,NA,NA,NA,NA,NA,NA,NA,"green",NA,NA,NA,NA,"N",NA,NA,1.19
2022-07-08,"WL1","3","2",NA,NA,NA,"0.64","1.1",1,"0.4",NA,NA,NA,NA,NA,2022,NA,NA,NA,NA,NA,NA,NA,NA,NA,NA,"green",NA,NA,NA,NA,"N",NA,NA,0.5
2022-07-08,"WL1","3","2",NA,NA,NA,"1.15","1.8",1,"0.9",NA,NA,NA,NA,NA,2022,NA,NA,NA,NA,NA,NA,NA,NA,NA,NA,"green",NA,NA,NA,NA,"Y",NA,NA,1.15
2022-07-08,"WL1","3","2",NA,NA,NA,"0.74","1.8",1,"0.5",NA,NA,NA,NA,NA,2022,NA,NA,NA,NA,NA,NA,NA,NA,NA,NA,"green",NA,NA,NA,NA,"N",NA,NA,0.5
2022-07-08,"WL1","3","2",NA,NA,NA,"1.23","1.6",1,"0.9",NA,NA,NA,NA,NA,2022,NA,NA,NA,NA,NA,NA,NA,NA,NA,NA,"green",NA,NA,NA,NA,"N",NA,NA,1.23
2022-07-08,"WL1","3","2",NA,NA,NA,"1.83","2.2",1,"1.0",NA,NA,NA,NA,NA,2022,NA,NA,NA,NA,NA,NA,NA,NA,NA,NA,"green",NA,NA,NA,NA,"N",NA,NA,1.83
2022-07-08,"WL1","3","2","X",NA,NA,NA,NA,NA,NA,NA,NA,NA,NA,NA,2022,NA,NA,NA,NA,NA,NA,NA,NA,NA,NA,"green",NA,NA,NA,NA,NA,NA,NA,NA
2022-07-08,"WL1","3","2",NA,NA,NA,"1.03","1.1",1,"1.4",NA,NA,NA,NA,NA,2022,NA,NA,NA,NA,NA,NA,NA,NA,NA,NA,"green",NA,NA,NA,NA,"Y",NA,NA,1.03
2022-07-08,"WL1","3","2",NA,NA,NA,"1.0","1.6",1,"0.5",NA,NA,NA,NA,NA,2022,NA,NA,NA,NA,NA,NA,NA,NA,NA,NA,"green",NA,NA,NA,NA,"N",NA,NA,1
2022-07-08,"WL1","3","2",NA,NA,NA,"0.89","1.5",1,"0.5",NA,NA,NA,NA,NA,2022,NA,NA,NA,NA,NA,NA,NA,NA,NA,NA,"green",NA,NA,NA,NA,"Y",NA,NA,0.5
2022-07-08,"WL1","3","2",NA,NA,NA,"1.49","2.2",1,"1.2",NA,NA,NA,NA,NA,2022,NA,NA,NA,NA,NA,NA,NA,NA,NA,NA,"green",NA,NA,NA,NA,"Y",NA,NA,1.49
2022-07-08,"WL1","3","2",NA,NA,NA,"1.65","3.0",1,"1.3",NA,NA,NA,NA,NA,2022,NA,NA,NA,NA,NA,NA,NA,NA,NA,NA,"green",NA,NA,NA,NA,"Y",NA,NA,1.65
2022-07-08,"WL1","3","2",NA,NA,NA,"0.98","1.5",1,"0.3",NA,NA,NA,NA,NA,2022,NA,NA,NA,NA,NA,NA,NA,NA,NA,NA,"green",NA,NA,NA,NA,"N",NA,NA,0.5
2022-07-08,"WL1","3","2",NA,NA,NA,"1.15","2.4",1,"0.7",NA,NA,NA,NA,NA,2022,NA,NA,NA,NA,NA,NA,NA,NA,NA,NA,"green",NA,NA,NA,NA,"N",NA,NA,1.15
2022-07-08,"WL1","3","2","X",NA,NA,NA,NA,NA,NA,NA,NA,NA,NA,NA,2022,NA,NA,NA,NA,NA,NA,NA,NA,NA,NA,"green",NA,NA,NA,NA,NA,NA,NA,NA
2022-07-08,"WL1","3","2",NA,NA,NA,"0.82","1.3",1,"0.4",NA,NA,NA,NA,NA,2022,NA,NA,NA,NA,NA,NA,NA,NA,NA,NA,"green",NA,NA,NA,NA,"N",NA,NA,0.5
2022-07-08,"WL1","3","2",NA,NA,NA,"1.21","1.7",1,"1.0",NA,NA,NA,NA,NA,2022,NA,NA,NA,NA,NA,NA,NA,NA,NA,NA,"green",NA,NA,NA,NA,"N",NA,NA,1.21
2022-07-08,"WL1","3","2",NA,NA,NA,"1.48","2.3",1,"1.3",NA,NA,NA,NA,NA,2022,NA,NA,NA,NA,NA,NA,NA,NA,NA,NA,"green",NA,NA,NA,NA,"N",NA,NA,1.48
2022-07-08,"WL1","3","2",NA,NA,NA,"0.99","1.6",1,"1.1",NA,NA,NA,NA,NA,2022,NA,NA,NA,NA,NA,NA,NA,NA,NA,NA,"green",NA,NA,NA,NA,"N",NA,NA,0.5
2022-07-08,"WL1","3","2",NA,NA,NA,"1.18","2.4",1,"1.2",NA,NA,NA,NA,NA,2022,NA,NA,NA,NA,NA,NA,NA,NA,NA,NA,"green",NA,NA,NA,NA,"N",NA,NA,1.18
2022-07-08,"WL1","3","2",NA,NA,NA,"1.31","2.1",1,"0.9",NA,NA,NA,NA,NA,2022,NA,NA,NA,NA,NA,NA,NA,NA,NA,NA,"green",NA,NA,NA,NA,"N",NA,NA,1.31
2022-07-08,"WL1","3","2",NA,NA,NA,"2.01","3.1",1,"1.4",NA,NA,NA,NA,NA,2022,NA,NA,NA,NA,NA,NA,NA,NA,NA,NA,"green",NA,NA,NA,NA,"N",NA,NA,2.01
2022-07-08,"WL1","3","2",NA,NA,NA,"1.7","3.2",1,"1.8",NA,NA,NA,NA,NA,2022,NA,NA,NA,NA,NA,NA,NA,NA,NA,NA,"green",NA,NA,NA,NA,"N",NA,NA,1.7
2022-07-08,"WL1","3","2",NA,NA,NA,"1.5","2.0",1,"0.9",NA,NA,NA,NA,NA,2022,NA,NA,NA,NA,NA,NA,NA,NA,NA,NA,"green",NA,NA,NA,NA,"N",NA,NA,1.5
2022-07-08,"WL1","3","2",NA,NA,NA,"0.86","2.3",1,"1.5",NA,NA,NA,NA,NA,2022,NA,NA,NA,NA,NA,NA,NA,NA,NA,NA,"green",NA,NA,NA,NA,"N",NA,NA,0.5
2022-07-08,"WL1","3","2",NA,NA,NA,"1.58","2.6",1,"0.6",NA,NA,NA,NA,NA,2022,NA,NA,NA,NA,NA,NA,NA,NA,NA,NA,"green",NA,NA,NA,NA,"N",NA,NA,1.58
2022-07-08,"WL1","3","2",NA,NA,NA,"1.83","2.7",1,"2.4",NA,NA,NA,NA,NA,2022,NA,NA,NA,NA,NA,NA,NA,NA,NA,NA,"green",NA,NA,NA,NA,"Y",NA,NA,1.83
2022-07-08,"WL1","3","2",NA,NA,NA,"1.38","1.8",1,"1.2",NA,NA,NA,NA,NA,2022,NA,NA,NA,NA,NA,NA,NA,NA,NA,NA,"green",NA,NA,NA,NA,"N",NA,NA,1.38
2022-07-08,"WL1","3","2",NA,NA,NA,"1.62","2.7",1,"1.4",NA,NA,NA,NA,NA,2022,NA,NA,NA,NA,NA,NA,NA,NA,NA,NA,"green",NA,NA,NA,NA,"N",NA,NA,1.62
2022-07-08,"WL1","3","2",NA,NA,NA,"0.99","4.1",1,"0.8",NA,NA,NA,NA,NA,2022,NA,NA,NA,NA,NA,NA,NA,NA,NA,NA,"green",NA,NA,NA,NA,"N",NA,NA,0.5
2022-07-08,"WL1","3","2",NA,NA,NA,"0.86","1.5",1,"0.4",NA,NA,NA,NA,NA,2022,NA,NA,NA,NA,NA,NA,NA,NA,NA,NA,"green",NA,NA,NA,NA,"N",NA,NA,0.5
2022-07-08,"WL1","3","2",NA,NA,NA,"1.06","3.6",1,"1.4",NA,NA,NA,NA,NA,2022,NA,NA,NA,NA,NA,NA,NA,NA,NA,NA,"green",NA,NA,NA,NA,"N",NA,NA,1.06
2022-07-08,"WL1","3","2",NA,NA,NA,"1.07","1.8",1,"0.8",NA,NA,NA,NA,NA,2022,NA,NA,NA,NA,NA,NA,NA,NA,NA,NA,"green",NA,NA,NA,NA,"N",NA,NA,1.07
2022-07-08,"WL1","3","2",NA,NA,NA,"1.05","2.9",1,"0.9",NA,NA,NA,NA,NA,2022,NA,NA,NA,NA,NA,NA,NA,NA,NA,NA,"green",NA,NA,NA,NA,"Y",NA,NA,1.05
2022-07-08,"WL1","3","2",NA,NA,NA,"1.9","3.3",1,"1.2",NA,NA,NA,NA,NA,2022,NA,NA,NA,NA,NA,NA,NA,NA,NA,NA,"green",NA,NA,NA,NA,"Y",NA,NA,1.9
2022-07-08,"WL1","3","2",NA,NA,NA,"0.75","2.9",1,"0.9",NA,NA,NA,NA,NA,2022,NA,NA,NA,NA,NA,NA,NA,NA,NA,NA,"green",NA,NA,NA,NA,"N",NA,NA,0.5
2022-07-08,"WL1","3","2",NA,NA,NA,"1.55","5.4",1,"1.5",NA,NA,NA,NA,NA,2022,NA,NA,NA,NA,NA,NA,NA,NA,NA,NA,"green",NA,NA,NA,NA,"N",NA,NA,1.55
2022-07-08,"WL1","3","2",NA,NA,NA,"1.4","2.1",1,"1.0",NA,NA,NA,NA,NA,2022,NA,NA,NA,NA,NA,NA,NA,NA,NA,NA,"green",NA,NA,NA,NA,"N",NA,NA,1.4
2022-07-08,"WL1","3","2",NA,NA,NA,"0.77","1.9",1,"0.6",NA,NA,NA,NA,NA,2022,NA,NA,NA,NA,NA,NA,NA,NA,NA,NA,"green",NA,NA,NA,NA,"N",NA,NA,0.5
2022-07-08,"WL1","3","2","X",NA,NA,NA,NA,NA,NA,NA,NA,NA,NA,NA,2022,NA,NA,NA,NA,NA,NA,NA,NA,NA,NA,"green",NA,NA,NA,NA,NA,NA,NA,NA
2022-07-08,"WL1","3","2",NA,NA,NA,"1.2","1.6",1,"0.7",NA,NA,NA,NA,NA,2022,NA,NA,NA,NA,NA,NA,NA,NA,NA,NA,"green",NA,NA,NA,NA,"N",NA,NA,1.2
2022-07-08,"WL1","3","2",NA,NA,NA,"1.34","2.5",1,"0.7",NA,NA,NA,NA,NA,2022,NA,NA,NA,NA,NA,NA,NA,NA,NA,NA,"green",NA,NA,NA,NA,"N",NA,NA,1.34
2022-07-08,"WL1","3","2",NA,NA,NA,"1.31","2.3",1,"1.2",NA,NA,NA,NA,NA,2022,NA,NA,NA,NA,NA,NA,NA,NA,NA,NA,"green",NA,NA,NA,NA,"N",NA,NA,1.31
2022-07-08,"WL1","3","2",NA,NA,NA,"1.31","2.0",1,"0.6",NA,NA,NA,NA,NA,2022,NA,NA,NA,NA,NA,NA,NA,NA,NA,NA,"green",NA,NA,NA,NA,"N",NA,NA,1.31
2022-07-08,"WL1","3","2",NA,NA,NA,"0.86","1.7",1,"0.6",NA,NA,NA,NA,NA,2022,NA,NA,NA,NA,NA,NA,NA,NA,NA,NA,"green",NA,NA,NA,NA,"N",NA,NA,0.5
2022-07-08,"WL1","3","2",NA,NA,NA,NA,NA,NA,NA,NA,NA,NA,NA,NA,2022,NA,NA,NA,NA,NA,NA,NA,NA,NA,NA,"green",NA,NA,NA,NA,NA,NA,NA,NA
2022-07-08,"WL1","3","2",NA,NA,NA,NA,NA,NA,NA,NA,NA,NA,NA,NA,2022,NA,NA,NA,NA,NA,NA,NA,NA,NA,NA,"green",NA,NA,NA,NA,NA,NA,NA,NA
2022-07-08,"WL1","3","2",NA,NA,NA,NA,NA,NA,NA,NA,NA,NA,NA,NA,2022,NA,NA,NA,NA,NA,NA,NA,NA,NA,NA,"green",NA,NA,NA,NA,NA,NA,NA,NA
2022-07-08,"WL1","3","2",NA,NA,NA,NA,NA,NA,NA,NA,NA,NA,NA,NA,2022,NA,NA,NA,NA,NA,NA,NA,NA,NA,NA,"green",NA,NA,NA,NA,NA,NA,NA,NA
2022-07-08,"WL1","3","2",NA,NA,NA,NA,NA,NA,NA,NA,NA,NA,NA,NA,2022,NA,NA,NA,NA,NA,NA,NA,NA,NA,NA,"green",NA,NA,NA,NA,NA,NA,NA,NA
2022-07-08,"WL1","3","2",NA,NA,NA,NA,NA,NA,NA,NA,NA,NA,NA,NA,2022,NA,NA,NA,NA,NA,NA,NA,NA,NA,NA,"green",NA,NA,NA,NA,NA,NA,NA,NA
2022-07-08,"WL1","3","2",NA,NA,NA,NA,NA,NA,NA,NA,NA,NA,NA,NA,2022,NA,NA,NA,NA,NA,NA,NA,NA,NA,NA,"green",NA,NA,NA,NA,NA,NA,NA,NA
2022-07-08,"WL1","3","2",NA,NA,NA,NA,NA,NA,NA,NA,NA,NA,NA,NA,2022,NA,NA,NA,NA,NA,NA,NA,NA,NA,NA,"green",NA,NA,NA,NA,NA,NA,NA,NA
2022-07-08,"WL1","3","2",NA,NA,NA,NA,NA,NA,NA,NA,NA,NA,NA,NA,2022,NA,NA,NA,NA,NA,NA,NA,NA,NA,NA,"green",NA,NA,NA,NA,NA,NA,NA,NA
2022-07-08,"WL1","3","2",NA,NA,NA,NA,NA,NA,NA,NA,NA,NA,NA,NA,2022,NA,NA,NA,NA,NA,NA,NA,NA,NA,NA,"green",NA,NA,NA,NA,NA,NA,NA,NA
2022-07-08,"WL1","3","2",NA,NA,NA,NA,NA,NA,NA,NA,NA,NA,NA,NA,2022,NA,NA,NA,NA,NA,NA,NA,NA,NA,NA,"green",NA,NA,NA,NA,NA,NA,NA,NA
2022-07-08,"WL1","3","2","V",30,0,"1.28","0.9",1,"0.8",NA,NA,NA,NA,NA,2022,NA,NA,NA,NA,NA,NA,NA,NA,"white",151,"red",NA,NA,NA,NA,"N",NA,NA,1.28
2022-07-08,"WL1","3","2","X",NA,NA,NA,NA,NA,NA,NA,NA,NA,NA,NA,2022,NA,NA,NA,NA,NA,NA,NA,NA,NA,NA,"red",NA,NA,NA,NA,"N",NA,NA,NA
2022-07-08,"WL1","3","2","X",NA,NA,NA,NA,NA,NA,NA,NA,NA,NA,NA,2022,NA,NA,NA,NA,NA,NA,NA,NA,NA,NA,"red",NA,NA,NA,NA,"N",NA,NA,NA
2022-07-08,"WL1","3","2","V",NA,NA,"0.2","0.3",1,"0.1",NA,NA,NA,NA,NA,2022,NA,NA,NA,NA,NA,NA,NA,NA,NA,NA,"red",NA,NA,NA,NA,"N",NA,NA,0.5
2022-07-08,"WL1","3","2","V",NA,NA,"1.46","2.4",1,"1.0",NA,NA,NA,NA,NA,2022,NA,NA,NA,NA,NA,NA,NA,NA,NA,NA,"red",NA,NA,NA,NA,"N",NA,NA,1.46
2022-07-08,"WL1","3","2","V",NA,NA,"0.8","1.2",1,"0.3",NA,NA,NA,NA,NA,2022,NA,NA,NA,NA,NA,NA,NA,NA,NA,NA,"red",NA,NA,NA,NA,"N",NA,NA,0.5
2022-07-08,"WL1","3","2","V",NA,NA,"0.98","1.7",1,"0.5",NA,NA,NA,NA,NA,2022,NA,NA,NA,NA,NA,NA,NA,NA,NA,NA,"red",NA,NA,NA,NA,"N",NA,NA,0.5
2022-07-08,"WL1","3","2.5","V",NA,NA,"0.41","0.9",1,"0.4",NA,NA,NA,NA,NA,2022,NA,NA,NA,NA,NA,NA,NA,NA,NA,NA,"blue",NA,NA,NA,NA,"Y",NA,NA,0.5
2022-07-08,"WL1","3","2.5","X",NA,NA,NA,NA,NA,NA,NA,NA,NA,NA,NA,2022,NA,NA,NA,NA,NA,NA,NA,NA,NA,NA,"blue",NA,NA,NA,NA,NA,NA,NA,NA
2022-07-08,"WL1","3","2.5","V",NA,NA,"0.42","1.5",1,"0.6",NA,NA,NA,NA,NA,2022,NA,NA,NA,NA,NA,NA,NA,NA,NA,NA,"blue",NA,NA,NA,NA,"N",NA,NA,0.5
2022-07-08,"WL1","3","2.5","V",NA,NA,"0.22","0.6",1,"0.3",NA,NA,NA,NA,NA,2022,NA,NA,NA,NA,NA,NA,NA,NA,NA,NA,"blue",NA,NA,NA,NA,"N",NA,NA,0.5
2022-07-08,"WL1","3","2.5","V",NA,NA,"0.62","1.7",1,"1.1",NA,NA,NA,NA,NA,2022,NA,NA,NA,NA,NA,NA,NA,NA,NA,NA,"blue",NA,NA,NA,NA,"N",NA,NA,0.5
2022-07-08,"WL1","3","2.5","V",NA,NA,"0.49","1.6",1,"0.5",NA,NA,NA,NA,NA,2022,NA,NA,NA,NA,NA,NA,NA,NA,NA,NA,"blue",NA,NA,NA,NA,"N",NA,NA,0.5
2022-07-08,"WL1","3","2.5","V",47,2,"1.7","3.2",1,"2.0",NA,NA,NA,NA,NA,2022,NA,NA,NA,NA,NA,NA,NA,NA,"white",607,"green",NA,NA,NA,NA,"N",NA,NA,1.7
2022-07-08,"WL1","3","2.5","V",27,4,"1.65","2.6",1,"1.5",NA,NA,NA,NA,NA,2022,NA,NA,NA,NA,NA,NA,NA,NA,"white",168,"green",NA,NA,NA,NA,"Y",NA,NA,1.65
2022-07-08,"WL1","3","2.5","V",40,11,"1.38","0.5",1,"1.6",NA,NA,NA,NA,NA,2022,NA,NA,NA,NA,NA,NA,NA,NA,"white",166,"green",NA,NA,NA,NA,"N",NA,NA,1.38
2022-07-08,"WL1","3","2.5","V",22,3,"1.49","1.9",1,"1.1",NA,NA,NA,NA,NA,2022,NA,NA,NA,NA,NA,NA,NA,NA,"white",141,"green",NA,NA,NA,NA,"Y",NA,NA,1.49
2022-07-08,"WL1","3","2.5","V",28,19,"1.66","1.6",1,"0.7",NA,NA,NA,NA,NA,2022,NA,NA,NA,NA,NA,NA,NA,NA,"white",824,"green",NA,NA,NA,NA,"N",NA,NA,1.66
2022-07-08,"WL1","3","2.5","V",40,26,"1.73","2.0",1,"1.7",NA,NA,NA,NA,NA,2022,NA,NA,NA,NA,NA,NA,NA,NA,"white",706,"green",NA,NA,NA,NA,"N",NA,NA,1.73
2022-07-08,"WL1","3","2.5","V",6,28,"1.36","2.5",1,"0.6",NA,NA,NA,NA,NA,2022,NA,NA,NA,NA,NA,NA,NA,NA,"white",40,"green",NA,NA,NA,NA,"N",NA,NA,1.36
2022-07-08,"WL1","3","2.5","V",34,28,"1.28","2.6",1,"1.5",NA,NA,NA,NA,NA,2022,NA,NA,NA,NA,NA,NA,NA,NA,"white",825,"green",NA,NA,NA,NA,"N",NA,NA,1.28
2022-07-08,"WL1","3","2.5","V",NA,NA,"1.03","1.7",1,"0.8",NA,NA,NA,NA,NA,2022,NA,NA,NA,NA,NA,NA,NA,NA,NA,NA,"green",NA,NA,NA,NA,"N",NA,NA,1.03
2022-07-08,"WL1","3","2.5","V",NA,NA,"0.69","1.2",1,"0.9",NA,NA,NA,NA,NA,2022,NA,NA,NA,NA,NA,NA,NA,NA,NA,NA,"green",NA,NA,NA,NA,"N",NA,NA,0.5
2022-07-08,"WL1","3","2.5","V",NA,NA,"1.59","1.1",1,"1.6",NA,NA,NA,NA,NA,2022,NA,NA,NA,NA,NA,NA,NA,NA,NA,NA,"green",NA,NA,NA,NA,"N",NA,NA,1.59
2022-07-08,"WL1","3","2.5","V",NA,NA,"0.64","1.2",1,"1.0",NA,NA,NA,NA,NA,2022,NA,NA,NA,NA,NA,NA,NA,NA,NA,NA,"green",NA,NA,NA,NA,"N",NA,NA,0.5
2022-07-08,"WL1","3","2.5","V",NA,NA,"0.87","1.3",1,"0.7",NA,NA,NA,NA,NA,2022,NA,NA,NA,NA,NA,NA,NA,NA,NA,NA,"green",NA,NA,NA,NA,"N",NA,NA,0.5
2022-07-08,"WL1","3","2.5","V",NA,NA,"1.28","2.2",1,"1.4",NA,NA,NA,NA,"quad 3",2022,NA,NA,NA,NA,NA,NA,NA,NA,NA,NA,"green",NA,NA,NA,NA,"Y",NA,NA,1.28
2022-07-08,"WL1","3","2.5","V",NA,NA,"0.87","1.9",1,"1.4",NA,NA,NA,NA,"quad 3",2022,NA,NA,NA,NA,NA,NA,NA,NA,NA,NA,"green",NA,NA,NA,NA,"N",NA,NA,0.5
2022-07-08,"WL1","3","2.5","V",NA,NA,"1.87","2.4",1,"0.6",NA,NA,NA,NA,"quad 3",2022,NA,NA,NA,NA,NA,NA,NA,NA,NA,NA,"green",NA,NA,NA,NA,"Y",NA,NA,1.87
2022-07-08,"WL1","3","2.5","V",NA,NA,"0.7","4.1",1,"0.3",NA,NA,NA,NA,"quad 3",2022,NA,NA,NA,NA,NA,NA,NA,NA,NA,NA,"green",NA,NA,NA,NA,"N",NA,NA,0.5
2022-07-08,"WL1","3","2.5","V",NA,NA,"0.36","1.9",1,"0.4",NA,NA,NA,NA,"quad 3",2022,NA,NA,NA,NA,NA,NA,NA,NA,NA,NA,"green",NA,NA,NA,NA,"N",NA,NA,0.5
2022-07-08,"WL1","3","2.5","V",NA,NA,"0.6","2.2",1,"0.8",NA,NA,NA,NA,"quad 3",2022,NA,NA,NA,NA,NA,NA,NA,NA,NA,NA,"green",NA,NA,NA,NA,"N",NA,NA,0.5
2022-07-08,"WL1","3","2.5","V",NA,NA,"0.27","1.8",1,"0.6",NA,NA,NA,NA,"quad 3",2022,NA,NA,NA,NA,NA,NA,NA,NA,NA,NA,"green",NA,NA,NA,NA,"N",NA,NA,0.5
2022-07-08,"WL1","3","2.5","V",NA,NA,"0.38","1.2",1,"0.1",NA,NA,NA,NA,"quad 3",2022,NA,NA,NA,NA,NA,NA,NA,NA,NA,NA,"green",NA,NA,NA,NA,"N",NA,NA,0.5
2022-07-08,"WL1","3","2.5","V",NA,NA,"0.76","1.8",1,"0.7",NA,NA,NA,NA,"quad 3",2022,NA,NA,NA,NA,NA,NA,NA,NA,NA,NA,"green",NA,NA,NA,NA,"N",NA,NA,0.5
2022-07-08,"WL1","3","2.5","V",NA,NA,"0.78","0.9",1,"0.7",NA,NA,NA,NA,"quad 3",2022,NA,NA,NA,NA,NA,NA,NA,NA,NA,NA,"green",NA,NA,NA,NA,"N",NA,NA,0.5
2022-07-08,"WL1","3","2.5","V",NA,NA,"0.97","1.7",1,"0.6",NA,NA,NA,NA,NA,2022,NA,NA,NA,NA,NA,NA,NA,NA,NA,NA,"green",NA,NA,NA,NA,"N",NA,NA,0.5
2022-07-08,"WL1","3","2.5","V",NA,NA,"1.42","2.1",1,"1.2",NA,NA,NA,NA,NA,2022,NA,NA,NA,NA,NA,NA,NA,NA,NA,NA,"green",NA,NA,NA,NA,"Y",NA,NA,1.42
2022-07-08,"WL1","3","2.5","V",NA,NA,"0.72","2.4",1,"0.6",NA,NA,NA,NA,NA,2022,NA,NA,NA,NA,NA,NA,NA,NA,NA,NA,"green",NA,NA,NA,NA,"N",NA,NA,0.5
2022-07-08,"WL1","3","2.5","V",NA,NA,"0.54","2.1",1,"0.8",NA,NA,NA,NA,NA,2022,NA,NA,NA,NA,NA,NA,NA,NA,NA,NA,"green",NA,NA,NA,NA,"N",NA,NA,0.5
2022-07-08,"WL1","3","2.5","V",NA,NA,"0.59","2.5",1,"0.7",NA,NA,NA,NA,NA,2022,NA,NA,NA,NA,NA,NA,NA,NA,NA,NA,"green",NA,NA,NA,NA,"Y",NA,NA,0.5
2022-07-08,"WL1","3","2.5","V",NA,NA,"0.88","1.7",1,"0.7",NA,NA,NA,NA,NA,2022,NA,NA,NA,NA,NA,NA,NA,NA,NA,NA,"green",NA,NA,NA,NA,"N",NA,NA,0.5
2022-07-08,"WL1","3","2.5","V",NA,NA,"0.55","1.6",1,"0.7",NA,NA,NA,NA,NA,2022,NA,NA,NA,NA,NA,NA,NA,NA,NA,NA,"green",NA,NA,NA,NA,"N",NA,NA,0.5
2022-07-08,"WL1","3","2.5","V",NA,NA,"1.37","2.4",1,"1.4",NA,NA,NA,NA,NA,2022,NA,NA,NA,NA,NA,NA,NA,NA,NA,NA,"green",NA,NA,NA,NA,"N",NA,NA,1.37
2022-07-08,"WL1","3","2.5","V",NA,NA,"1.31","1.2",1,"0.3",NA,NA,NA,NA,NA,2022,NA,NA,NA,NA,NA,NA,NA,NA,NA,NA,"orange",NA,NA,NA,NA,"N",NA,NA,1.31
2022-07-08,"WL1","3","2.5","V",47,0,"2.42","3.1",3,"1.2",NA,NA,NA,NA,NA,2022,NA,NA,NA,NA,NA,NA,NA,NA,"white",664,"red",NA,NA,NA,NA,"Y",NA,NA,2.42
2022-07-08,"WL1","3","2.5","V",NA,NA,"0.32","0.8",1,"0.4",NA,NA,NA,NA,NA,2022,NA,NA,NA,NA,NA,NA,NA,NA,NA,NA,"red",NA,NA,NA,NA,"N",NA,NA,0.5
2022-07-08,"WL1","3","2.5","V",NA,NA,"0.48","0.86",1,"0.3",NA,NA,NA,NA,NA,2022,NA,NA,NA,NA,NA,NA,NA,NA,NA,NA,"red",NA,NA,NA,NA,"N",NA,NA,0.5
2022-07-08,"WL1","3","2.5","V",39,48,"0.72","0.4",1,"0.5",NA,NA,NA,NA,NA,2022,NA,NA,NA,NA,NA,NA,NA,NA,"white",146,"red",NA,NA,NA,NA,"N",NA,NA,0.5
2022-07-08,"WL1","3","2.5","V",NA,NA,"1.38","1.4",1,"1.2",NA,NA,NA,NA,NA,2022,NA,NA,NA,NA,NA,NA,NA,NA,NA,NA,"red",NA,NA,NA,NA,"N",NA,NA,1.38
2022-07-08,"WL1","3","2.5","V",NA,NA,"0.47","1.6",1,"0.7",NA,NA,NA,NA,NA,2022,NA,NA,NA,NA,NA,NA,NA,NA,NA,NA,"red",NA,NA,NA,NA,"N",NA,NA,0.5
2022-07-08,"WL1","3","2.5","V",NA,NA,"1.02","1.9",1,"1.0",NA,NA,NA,NA,NA,2022,NA,NA,NA,NA,NA,NA,NA,NA,NA,NA,"blue",NA,NA,NA,NA,"N",NA,NA,1.02
2022-07-08,"WL1","3","2.5","V",NA,NA,"1.54","2.2",1,"1.5",NA,NA,NA,NA,NA,2022,NA,NA,NA,NA,NA,NA,NA,NA,NA,NA,"green",NA,NA,NA,NA,"N",NA,NA,1.54
2022-07-08,"WL1","3","2.5","V",NA,NA,"0.99","1.7",1,"0.8",NA,NA,NA,NA,NA,2022,NA,NA,NA,NA,NA,NA,NA,NA,NA,NA,"green",NA,NA,NA,NA,"N",NA,NA,0.5
2022-07-08,"WL1","3","3","V",NA,NA,"0.42","1.1",1,"0.2",NA,NA,NA,NA,NA,2022,NA,NA,NA,NA,NA,NA,NA,NA,NA,NA,"blue",NA,NA,NA,NA,"N",NA,NA,0.5
2022-07-08,"WL1","3","3","V",39,43,"0.9","3.1",1,"1.1",NA,NA,NA,NA,NA,2022,NA,NA,NA,NA,NA,NA,NA,NA,"white",835,"blue",NA,NA,NA,NA,"N",NA,NA,0.5
2022-07-08,"WL1","3","3","V",NA,NA,"0.62","0.9",1,"0.5",NA,NA,NA,NA,NA,2022,NA,NA,NA,NA,NA,NA,NA,NA,NA,NA,"blue",NA,NA,NA,NA,"N",NA,NA,0.5
2022-07-08,"WL1","3","3","V",26,14,"0.99","2.6",1,"0.4",NA,NA,NA,NA,NA,2022,NA,NA,NA,NA,NA,NA,NA,NA,"white",142,"green",NA,NA,NA,NA,"N",NA,NA,0.5
2022-07-08,"WL1","3","3","V",NA,NA,"1.27","2.1",2,"1.1",NA,NA,NA,NA,NA,2022,NA,NA,NA,NA,NA,NA,NA,NA,"white",833,"green",NA,NA,NA,NA,"N",NA,NA,1.27
2022-07-08,"WL1","3","3","V",22,30,"0.72","2.4",1,"0.8",NA,NA,NA,NA,NA,2022,NA,NA,NA,NA,NA,NA,NA,NA,"white",839,"green",NA,NA,NA,NA,"N",NA,NA,0.5
2022-07-08,"WL1","3","3","V",17,25,"0.78","2.3",1,"0.8",NA,NA,NA,NA,NA,2022,NA,NA,NA,NA,NA,NA,NA,NA,"white",145,"green",NA,NA,NA,NA,"N",NA,NA,0.5
2022-07-08,"WL1","3","3","V",21,36,"0.95","3.2",1,"1.0",NA,NA,NA,NA,NA,2022,NA,NA,NA,NA,NA,NA,NA,NA,"white",822,"green",NA,NA,NA,NA,"N",NA,NA,0.5
2022-07-08,"WL1","3","3","V",38,42,"0.79","2.9",1,"1.3",NA,NA,NA,NA,NA,2022,NA,NA,NA,NA,NA,NA,NA,NA,"white",143,"green",NA,NA,NA,NA,"N",NA,NA,0.5
2022-07-08,"WL1","3","3","V",9,33,"1.01","2.6",1,"0.9",NA,NA,NA,NA,NA,2022,NA,NA,NA,NA,NA,NA,NA,NA,"white",829,"green",NA,NA,NA,NA,"N",NA,NA,1.01
2022-07-08,"WL1","3","3","V",35,45,"0.9","2.1",1,"1.3",NA,NA,NA,NA,NA,2022,NA,NA,NA,NA,NA,NA,NA,NA,"white",838,"green",NA,NA,NA,NA,"N",NA,NA,0.5
2022-07-08,"WL1","3","3","V",20,45,"1.14","3.1",1,"0.9",NA,NA,NA,NA,NA,2022,NA,NA,NA,NA,NA,NA,NA,NA,"white",826,"green",NA,NA,NA,NA,"N",NA,NA,1.14
2022-07-08,"WL1","3","3","V",NA,NA,"0.97","1.4",3,"0.6",NA,NA,NA,NA,NA,2022,NA,NA,NA,NA,NA,NA,NA,NA,NA,NA,"green",NA,NA,NA,NA,"N",NA,NA,0.5
2022-07-08,"WL1","3","3","V",NA,NA,"0.99","0.9",1,"0.3",NA,NA,NA,NA,NA,2022,NA,NA,NA,NA,NA,NA,NA,NA,NA,NA,"green",NA,NA,NA,NA,"N",NA,NA,0.5
2022-07-08,"WL1","3","3","V",NA,NA,"0.46","1.1",1,"0.3",NA,NA,NA,NA,NA,2022,NA,NA,NA,NA,NA,NA,NA,NA,NA,NA,"green",NA,NA,NA,NA,"N",NA,NA,0.5
2022-07-08,"WL1","3","3","V",NA,NA,"0.88","2.6",1,"0.4",NA,NA,NA,NA,NA,2022,NA,NA,NA,NA,NA,NA,NA,NA,NA,NA,"green",NA,NA,NA,NA,"N",NA,NA,0.5
2022-07-08,"WL1","3","3","V",NA,NA,"0.26","0.2",1,"0.2",NA,NA,NA,NA,NA,2022,NA,NA,NA,NA,NA,NA,NA,NA,NA,NA,"green",NA,NA,NA,NA,"N",NA,NA,0.5
2022-07-08,"WL1","3","3","V",NA,NA,"0.54","2.2",1,"0.7",NA,NA,NA,NA,NA,2022,NA,NA,NA,NA,NA,NA,NA,NA,NA,NA,"green",NA,NA,NA,NA,"N",NA,NA,0.5
2022-07-08,"WL1","3","3","V",NA,NA,"0.43","0.9",1,"0.2",NA,NA,NA,NA,NA,2022,NA,NA,NA,NA,NA,NA,NA,NA,NA,NA,"green",NA,NA,NA,NA,"N",NA,NA,0.5
2022-07-08,"WL1","3","3","V",NA,NA,"0.9","1.4",1,"0.5",NA,NA,NA,NA,NA,2022,NA,NA,NA,NA,NA,NA,NA,NA,NA,NA,"green",NA,NA,NA,NA,"N",NA,NA,0.5
2022-07-08,"WL1","3","3","V",NA,NA,"1.26","1.8",1,"0.8",NA,NA,NA,NA,NA,2022,NA,NA,NA,NA,NA,NA,NA,NA,NA,NA,"green",NA,NA,NA,NA,"N",NA,NA,1.26
2022-07-08,"WL1","3","3","V",NA,NA,"0.61","3.2",1,"0.7",NA,NA,NA,NA,"quad 2.5",2022,NA,NA,NA,NA,NA,NA,NA,NA,NA,NA,"green",NA,NA,NA,NA,"N",NA,NA,0.5
2022-07-08,"WL1","3","3","V",NA,NA,"0.79","1.8",1,"1.0",NA,NA,NA,NA,"quad 2.5",2022,NA,NA,NA,NA,NA,NA,NA,NA,NA,NA,"green",NA,NA,NA,NA,"N",NA,NA,0.5
2022-07-08,"WL1","3","3","V",NA,NA,"1.78","1.7",1,"0.6",NA,NA,NA,NA,"quad 2.5",2022,NA,NA,NA,NA,NA,NA,NA,NA,NA,NA,"green",NA,NA,NA,NA,"N",NA,NA,1.78
2022-07-08,"WL1","3","3","V",NA,NA,"1.2","2.2",1,"1.3",NA,NA,NA,NA,"quad 2.5",2022,NA,NA,NA,NA,NA,NA,NA,NA,NA,NA,"green",NA,NA,NA,NA,"N",NA,NA,1.2
2022-07-08,"WL1","3","3","V",NA,NA,"0.89","2.1",1,"1.4",NA,NA,NA,NA,"quad 2.5",2022,NA,NA,NA,NA,NA,NA,NA,NA,NA,NA,"green",NA,NA,NA,NA,"Y",NA,NA,0.5
2022-07-08,"WL1","3","3","V",NA,NA,"0.69","1.6",1,"0.7",NA,NA,NA,NA,"quad 2.5",2022,NA,NA,NA,NA,NA,NA,NA,NA,NA,NA,"green",NA,NA,NA,NA,"Y",NA,NA,0.5
2022-07-08,"WL1","3","3","V",NA,NA,"1.19","1.9",1,"1.1",NA,NA,NA,NA,"quad 2.5",2022,NA,NA,NA,NA,NA,NA,NA,NA,NA,NA,"green",NA,NA,NA,NA,"Y",NA,NA,1.19
2022-07-08,"WL1","3","3","V",NA,NA,"0.88","2.6",1,"0.9",NA,NA,NA,NA,"quad 2.5",2022,NA,NA,NA,NA,NA,NA,NA,NA,NA,NA,"green",NA,NA,NA,NA,"N",NA,NA,0.5
2022-07-08,"WL1","3","3","V",NA,NA,"0.32","1.8",1,"0.3",NA,NA,NA,NA,NA,2022,NA,NA,NA,NA,NA,NA,NA,NA,NA,NA,"green",NA,NA,NA,NA,"N",NA,NA,0.5
2022-07-08,"WL1","3","3","V",NA,NA,"0.72","2.2",1,"0.4",NA,NA,NA,NA,NA,2022,NA,NA,NA,NA,NA,NA,NA,NA,NA,NA,"green",NA,NA,NA,NA,"N",NA,NA,0.5
2022-07-08,"WL1","3","3",NA,NA,NA,"0.93","1.8",1,"0.3",NA,NA,NA,NA,NA,2022,NA,NA,NA,NA,NA,NA,NA,NA,NA,NA,"green",NA,NA,NA,NA,"N",NA,NA,0.5
2022-07-08,"WL1","3","3","V",NA,NA,"0.19","0.8",1,"0.1",NA,NA,NA,NA,NA,2022,NA,NA,NA,NA,NA,NA,NA,NA,NA,NA,"green",NA,NA,NA,NA,"N",NA,NA,0.5
2022-07-08,"WL1","3","3","V",NA,NA,"1.65","4.1",1,"1.7",NA,NA,NA,NA,NA,2022,NA,NA,NA,NA,NA,NA,NA,NA,NA,NA,"green",NA,NA,NA,NA,"N",NA,NA,1.65
2022-07-08,"WL1","3","3","V",NA,NA,"0.74","1.8",1,"0.7",NA,NA,NA,NA,NA,2022,NA,NA,NA,NA,NA,NA,NA,NA,NA,NA,"green",NA,NA,NA,NA,"N",NA,NA,0.5
2022-07-08,"WL1","3","3","V",NA,NA,"1.11","3.7",1,"1.6",NA,NA,NA,NA,NA,2022,NA,NA,NA,NA,NA,NA,NA,NA,NA,NA,"green",NA,NA,NA,NA,"N",NA,NA,1.11
2022-07-08,"WL1","3","3","V",NA,NA,"0.32","0.9",1,"0.1",NA,NA,NA,NA,"cotyledons",2022,NA,NA,NA,NA,NA,NA,NA,NA,NA,NA,"orange",NA,NA,NA,NA,"N",NA,NA,0.5
2022-07-08,"WL1","3","3","V",NA,NA,"0.69","2.1",1,"1.2",NA,NA,NA,NA,NA,2022,NA,NA,NA,NA,NA,NA,NA,NA,NA,NA,"yellow",NA,NA,NA,NA,"N",NA,NA,0.5
2022-07-08,"WL1","3","3","V",NA,NA,"0.39","0.7",1,"0.1",NA,NA,NA,NA,NA,2022,NA,NA,NA,NA,NA,NA,NA,NA,NA,NA,"yellow",NA,NA,NA,NA,"N",NA,NA,0.5
2022-07-08,"WL1","3","3.5","V",20,25,"0.53","2.1",1,"0.9",NA,NA,NA,NA,NA,2022,NA,NA,NA,NA,NA,NA,NA,NA,"white",8,"blue",NA,NA,NA,NA,"N",NA,NA,0.5
2022-07-08,"WL1","3","3.5","V",NA,NA,"0.2","1.0",1,"0.5",NA,NA,NA,NA,NA,2022,NA,NA,NA,NA,NA,NA,NA,NA,NA,NA,"blue",NA,NA,NA,NA,"N",NA,NA,0.5
2022-07-08,"WL1","3","3.5","V",NA,NA,"0.14","0.6",1,"0.2",NA,NA,NA,NA,NA,2022,NA,NA,NA,NA,NA,NA,NA,NA,NA,NA,"blue",NA,NA,NA,NA,"N",NA,NA,0.5
2022-07-08,"WL1","3","3.5","V",NA,NA,"0.19","0.6",1,"0.1",NA,NA,NA,NA,NA,2022,NA,NA,NA,NA,NA,NA,NA,NA,NA,NA,"blue",NA,NA,NA,NA,"N",NA,NA,0.5
2022-07-08,"WL1","3","3.5","X",NA,NA,NA,NA,NA,NA,NA,NA,NA,NA,NA,2022,NA,NA,NA,NA,NA,NA,NA,NA,NA,NA,"blue",NA,NA,NA,NA,NA,NA,NA,NA
2022-07-08,"WL1","3","3.5","V",9,17,"0.95","2.4",1,"1.6",NA,NA,NA,NA,NA,2022,NA,NA,NA,NA,NA,NA,NA,NA,"white",45,"green",NA,NA,NA,NA,"N",NA,NA,0.5
2022-07-08,"WL1","3","3.5","V",12,9,"0.93","1.8",1,"0.9",NA,NA,NA,NA,NA,2022,NA,NA,NA,NA,NA,NA,NA,NA,"white",37,"green",NA,NA,NA,NA,"N",NA,NA,0.5
2022-07-08,"WL1","3","3.5","V",NA,NA,"0.47","2.1",1,"0.3",NA,NA,NA,NA,NA,2022,NA,NA,NA,NA,NA,NA,NA,NA,NA,NA,"green",NA,NA,NA,NA,"N",NA,NA,0.5
2022-07-08,"WL1","3","3.5","V",15,0,"1.13","3.3",1,"1.2",NA,NA,NA,NA,NA,2022,NA,NA,NA,NA,NA,NA,NA,NA,"white",44,"green",NA,NA,NA,NA,"N",NA,NA,1.13
2022-07-08,"WL1","3","3.5","V",38,48,"1.17","2.6",1,"0.8",NA,NA,NA,NA,NA,2022,NA,NA,NA,NA,NA,NA,NA,NA,"white",41,"green",NA,NA,NA,NA,"N",NA,NA,1.17
2022-07-08,"WL1","3","4","V",NA,NA,"0.16","0.3",1,">0.1",NA,NA,NA,NA,NA,2022,NA,NA,NA,NA,NA,NA,NA,NA,NA,NA,"blue",NA,NA,NA,NA,"N",NA,NA,0.5
2022-07-08,"WL1","3","4","V",0,0,"1.84","1.9",1,"1.7",NA,NA,NA,NA,NA,2022,NA,NA,NA,NA,NA,NA,NA,NA,"white",40,"green",NA,NA,NA,NA,"N",NA,NA,1.84
2022-07-08,"WL1","3","4","V",7,2,"1.15","2.3",1,"1.1",NA,NA,NA,NA,NA,2022,NA,NA,NA,NA,NA,NA,NA,NA,"white",4,"green",NA,NA,NA,NA,"N",NA,NA,1.15
2022-07-08,"WL1","3","4","V",11,0,"0.92","1.8",1,"1.1",NA,NA,NA,NA,NA,2022,NA,NA,NA,NA,NA,NA,NA,NA,"white",5,"green",NA,NA,NA,NA,"N",NA,NA,0.5
2022-07-08,"WL1","3","4","V",26,9,"1.71","3.1",1,"1.3",NA,NA,NA,NA,NA,2022,NA,NA,NA,NA,NA,NA,NA,NA,"white",34,"green",NA,NA,NA,NA,"N",NA,NA,1.71
2022-07-08,"WL1","3","4","V",7,48,"0.94","2.6",1,"0.9",NA,NA,NA,NA,NA,2022,NA,NA,NA,NA,NA,NA,NA,NA,"white",7,"red",NA,NA,NA,NA,"N",NA,NA,0.5
2022-07-08,"WL1","3","4","X",NA,NA,NA,NA,NA,NA,NA,NA,NA,NA,NA,2022,NA,NA,NA,NA,NA,NA,NA,NA,NA,NA,"red",NA,NA,NA,NA,NA,NA,NA,NA
2022-07-08,"WL1","3","4.5","V",31,7,"1.42","5.1",1,"2.2",NA,NA,NA,NA,NA,2022,NA,NA,NA,NA,NA,NA,NA,NA,"white",43,"green",NA,NA,NA,NA,"N",NA,NA,1.42
2022-07-08,"WL1","3","4.5","V",34,40,"2.22","6.7",1,"1.9",NA,NA,NA,NA,NA,2022,NA,NA,NA,NA,NA,NA,NA,NA,"white",3,"red",NA,NA,NA,NA,"N",NA,NA,2.22
2022-07-08,"WL1","3","3.5","V",NA,NA,"0.34","1.7",1,"0.4",NA,NA,NA,NA,NA,2022,NA,NA,NA,NA,NA,NA,NA,NA,NA,NA,"green",NA,NA,NA,NA,"N",NA,NA,0.5
2022-07-08,"WL1","3","3.5","V",NA,NA,"0.46","1.8",1,"0.1",NA,NA,NA,NA,NA,2022,NA,NA,NA,NA,NA,NA,NA,NA,NA,NA,"green",NA,NA,NA,NA,"N",NA,NA,0.5
2022-07-08,"WL1","3","4","V",19,46,"1.21","1.2",1,"1.4",NA,NA,NA,NA,NA,2022,NA,NA,NA,NA,NA,NA,NA,NA,"white",35,"green",NA,NA,NA,NA,"N",NA,NA,1.21
2022-07-08,"WL1","3","4.5","V",2,34,"0.81","2.3",1,"1.2",NA,NA,NA,NA,NA,2022,NA,NA,NA,NA,NA,NA,NA,NA,"white",31,"green",NA,NA,NA,NA,"N",NA,NA,0.5
2023-07-20,"WL1","1","0.0","X",24,21,NA,NA,NA,NA,NA,NA,NA,NA,NA,2023,NA,"SY",2024-01-17,NA,NA,NA,NA,NA,"white",109,NA,NA,NA,NA,NA,NA,NA,NA,NA
2023-07-20,"WL1","1","0","X",48,21,NA,NA,NA,NA,NA,NA,NA,NA,NA,2023,NA,"SY",2024-01-17,NA,NA,NA,NA,NA,"white",108,NA,NA,NA,NA,NA,NA,NA,NA,NA
2023-07-20,"WL1","1","0.5","X",27,22,NA,NA,NA,NA,NA,NA,NA,NA,NA,2023,NA,"SY",2024-01-17,NA,NA,NA,NA,NA,"white",532,NA,NA,NA,NA,NA,NA,NA,NA,NA
2023-07-20,"WL1","1","0.5","X",49,31,NA,NA,NA,NA,NA,NA,NA,NA,NA,2023,NA,"SY",2024-01-17,NA,NA,NA,NA,NA,"white",534,NA,NA,NA,NA,NA,NA,NA,NA,NA
2023-07-20,"WL1","1","0.5","X",1,49,NA,NA,NA,NA,NA,NA,NA,NA,NA,2023,NA,"SY",2024-01-17,NA,NA,NA,NA,NA,"white",100,NA,NA,NA,NA,NA,NA,NA,NA,NA
2023-07-20,"WL1","1","0.5","X",1,16,NA,NA,NA,NA,NA,NA,NA,NA,NA,2023,NA,"SY",2024-01-17,NA,NA,NA,NA,NA,"white",521,NA,NA,NA,NA,NA,NA,NA,NA,NA
2023-07-20,"WL1","1","0.5","X",8,5,NA,NA,NA,NA,NA,NA,NA,NA,NA,2023,NA,"SY",2024-01-17,NA,NA,NA,NA,NA,"white",525,NA,NA,NA,NA,NA,NA,NA,NA,NA
2023-07-20,"WL1","1","0.5","X",20,48,NA,NA,NA,NA,NA,NA,NA,NA,NA,2023,NA,"SY",2024-01-17,NA,NA,NA,NA,NA,"white",536,NA,NA,NA,NA,NA,NA,NA,NA,NA
2023-07-20,"WL1","1","0.5","X",30,6,NA,NA,NA,NA,NA,NA,NA,NA,NA,2023,NA,"SY",2024-01-17,NA,NA,NA,NA,NA,"white",105,NA,NA,NA,NA,NA,NA,NA,NA,NA
2023-07-20,"WL1","1","0.5","X",22,4,NA,NA,NA,NA,NA,NA,NA,NA,NA,2023,NA,"SY",2024-01-17,NA,NA,NA,NA,NA,"white",106,NA,NA,NA,NA,NA,NA,NA,NA,NA
2023-07-20,"WL1","1","1","X",21,40,NA,NA,NA,NA,NA,NA,NA,NA,NA,2023,NA,"SY",2024-01-17,NA,NA,NA,NA,NA,"white",113,NA,NA,NA,NA,NA,NA,NA,NA,NA
2023-07-20,"WL1","1","1","X",6,12,NA,NA,NA,NA,NA,NA,NA,NA,NA,2023,NA,"SY",2024-01-17,NA,NA,NA,NA,NA,"white",527,NA,NA,NA,NA,NA,NA,NA,NA,NA
2023-07-20,"WL1","1","1","X",45,7,NA,NA,NA,NA,NA,NA,NA,NA,NA,2023,NA,"SY",2024-01-17,NA,NA,NA,NA,NA,"white",107,NA,NA,NA,NA,NA,NA,NA,NA,NA
2023-07-20,"WL1","1","1","X",23,24,NA,NA,NA,NA,NA,NA,NA,NA,NA,2023,NA,"SY",2024-01-17,NA,NA,NA,NA,NA,"white",110,NA,NA,NA,NA,NA,NA,NA,NA,NA
2023-07-20,"WL1","1","1","X",29,29,NA,NA,NA,NA,NA,NA,NA,NA,NA,2023,NA,"SY",2024-01-17,NA,NA,NA,NA,NA,"white",533,NA,NA,NA,NA,NA,NA,NA,NA,NA
2023-07-20,"WL1","1","1","X",32,30,NA,NA,NA,NA,NA,NA,NA,NA,NA,2023,NA,"SY",2024-01-17,NA,NA,NA,NA,NA,"white",528,NA,NA,NA,NA,NA,NA,NA,NA,NA
2023-07-20,"WL1","1","1","X",2,38,NA,NA,NA,NA,NA,NA,NA,NA,NA,2023,NA,"SY",2024-01-17,NA,NA,NA,NA,NA,"white",530,NA,NA,NA,NA,NA,NA,NA,NA,NA
2023-07-20,"WL1","1","1","X",40,46,NA,NA,NA,NA,NA,NA,NA,NA,NA,2023,NA,"SY",2024-01-17,NA,NA,NA,NA,NA,"white",523,NA,NA,NA,NA,NA,NA,NA,NA,NA
2023-07-20,"WL1","1","1","X",39,29,NA,NA,NA,NA,NA,NA,NA,NA,NA,2023,NA,"SY",2024-01-17,NA,NA,NA,NA,NA,"white",526,NA,NA,NA,NA,NA,NA,NA,NA,NA
2023-07-20,"WL1","1","1","X",39,32,NA,NA,NA,NA,NA,NA,NA,NA,NA,2023,NA,"SY",2024-01-17,NA,NA,NA,NA,NA,"white",103,NA,NA,NA,NA,NA,NA,NA,NA,NA
2023-07-20,"WL1","1","1.5","X",19,3,NA,NA,NA,NA,NA,NA,NA,NA,NA,2023,NA,"SY",2024-01-17,NA,NA,NA,NA,NA,"white",102,NA,NA,NA,NA,NA,NA,NA,NA,NA
2023-07-20,"WL1","1","1.5","X",18,31,NA,NA,NA,NA,NA,NA,NA,NA,NA,2023,NA,"SY",2024-01-17,NA,NA,NA,NA,NA,"white",104,NA,NA,NA,NA,NA,NA,NA,NA,NA
2023-07-20,"WL1","1","1.5","X",12,39,NA,NA,NA,NA,NA,NA,NA,NA,NA,2023,NA,"SY",2024-01-17,NA,NA,NA,NA,NA,"white",101,NA,NA,NA,NA,NA,NA,NA,NA,NA
2023-07-20,"WL1","1","1.5","X",12,50,NA,NA,NA,NA,NA,NA,NA,NA,NA,2023,NA,"SY",2024-01-17,NA,NA,NA,NA,NA,"white",111,NA,NA,NA,NA,NA,NA,NA,NA,NA
2023-07-20,"WL1","1","1.5","X",24,50,NA,NA,NA,NA,NA,NA,NA,NA,NA,2023,NA,"SY",2024-01-17,NA,NA,NA,NA,NA,"white",522,NA,NA,NA,NA,NA,NA,NA,NA,NA
2023-07-20,"WL1","1","1.5","X",25,50,NA,NA,NA,NA,NA,NA,NA,NA,NA,2023,NA,"SY",2024-01-17,NA,NA,NA,NA,NA,"white",524,NA,NA,NA,NA,NA,NA,NA,NA,NA
2023-07-20,"WL1","1","1.5","X",25,42,NA,NA,NA,NA,NA,NA,NA,NA,NA,2023,NA,"SY",2024-01-17,NA,NA,NA,NA,NA,"white",114,NA,NA,NA,NA,NA,NA,NA,NA,NA
2023-07-20,"WL1","1","1.5","X",34,48,NA,NA,NA,NA,NA,NA,NA,NA,NA,2023,NA,"SY",2024-01-17,NA,NA,NA,NA,NA,"white",32,NA,NA,NA,NA,NA,NA,NA,NA,NA
2023-07-20,"WL1","1","1.5","X",40,35,NA,NA,NA,NA,NA,NA,NA,NA,NA,2023,NA,"SY",2024-01-17,NA,NA,NA,NA,NA,"white",607,NA,NA,NA,NA,NA,NA,NA,NA,NA
2023-07-20,"WL1","1","1.5","X",10,21,NA,NA,NA,NA,NA,NA,NA,NA,NA,2023,NA,"SY",2024-01-17,NA,NA,NA,NA,NA,"white",529,NA,NA,NA,NA,NA,NA,NA,NA,NA
2023-07-20,"WL1","1","2","X",15,27,NA,NA,NA,NA,NA,NA,NA,NA,NA,2023,NA,"SY",2024-01-17,NA,NA,NA,NA,NA,"white",698,NA,NA,NA,NA,NA,NA,NA,NA,NA
2023-07-20,"WL1","1","2","X",15,47,NA,NA,NA,NA,NA,NA,NA,NA,NA,2023,NA,"SY",2024-01-17,NA,NA,NA,NA,NA,"white",588,NA,NA,NA,NA,NA,NA,NA,NA,NA
2023-07-20,"WL1","1","2.5","X",22,46,NA,NA,NA,NA,NA,NA,NA,NA,NA,2023,NA,"SY",2024-01-17,NA,NA,NA,NA,NA,"white",645,NA,NA,NA,NA,NA,NA,NA,NA,NA
2023-07-20,"WL1","1","2.5","X",5,24,NA,NA,NA,NA,NA,NA,NA,NA,NA,2023,NA,"SY",2024-01-17,NA,NA,NA,NA,NA,"white",692,NA,NA,NA,NA,NA,NA,NA,NA,NA
2023-07-20,"WL1","1","3","X",29,50,NA,NA,NA,NA,NA,NA,NA,NA,NA,2023,NA,"SY",2024-01-17,NA,NA,NA,NA,NA,"white",22,NA,NA,NA,NA,NA,NA,NA,NA,NA
2023-07-20,"WL1","1","3","X",39,22,NA,NA,NA,NA,NA,NA,NA,NA,NA,2023,NA,"SY",2024-01-17,NA,NA,NA,NA,NA,"white",40,NA,NA,NA,NA,NA,NA,NA,NA,NA
2023-07-20,"WL1","1","3","X",50,15,NA,NA,NA,NA,NA,NA,NA,NA,NA,2023,NA,"SY",2024-01-17,NA,NA,NA,NA,NA,"white",652,NA,NA,NA,NA,NA,NA,NA,NA,NA
2023-07-20,"WL1","1","3","X",46,12,NA,NA,NA,NA,NA,NA,NA,NA,NA,2023,NA,"SY",2024-01-17,NA,NA,NA,NA,NA,"white",802,NA,NA,NA,NA,NA,NA,NA,NA,NA
2023-07-20,"WL1","1","3","X",45,5,NA,NA,NA,NA,NA,NA,NA,NA,NA,2023,NA,"SY",2024-01-17,NA,NA,NA,NA,NA,"white",645,NA,NA,NA,NA,NA,NA,NA,NA,NA
2023-07-20,"WL1","1","3","X",19,35,NA,NA,NA,NA,NA,NA,NA,NA,NA,2023,NA,"SY",2024-01-17,NA,NA,NA,NA,NA,"white",11,NA,NA,NA,NA,NA,NA,NA,NA,NA
2023-07-20,"WL1","1","3","X",18,44,NA,NA,NA,NA,NA,NA,NA,NA,NA,2023,NA,"SY",2024-01-17,NA,NA,NA,NA,NA,"white",57,NA,NA,NA,NA,NA,NA,NA,NA,NA
2023-07-20,"WL1","1","3","X",12,50,NA,NA,NA,NA,NA,NA,NA,NA,NA,2023,NA,"SY",2024-01-17,NA,NA,NA,NA,NA,"white",36,NA,NA,NA,NA,NA,NA,NA,NA,NA
2023-07-20,"WL1","1","3","X",24,50,NA,NA,NA,NA,NA,NA,NA,NA,NA,2023,NA,"SY",2024-01-17,NA,NA,NA,NA,NA,"white",49,NA,NA,NA,NA,NA,NA,NA,NA,NA
2023-07-20,"WL1","1","3","X",45,7,NA,NA,NA,NA,NA,NA,NA,NA,NA,2023,NA,"SY",2024-01-17,NA,NA,NA,NA,NA,"white",648,NA,NA,NA,NA,NA,NA,NA,NA,NA
2023-07-20,"WL1","1","3.5","X",1,25,NA,NA,NA,NA,NA,NA,NA,NA,NA,2023,NA,"SY",2024-01-17,NA,NA,NA,NA,NA,"white",75,NA,NA,NA,NA,NA,NA,NA,NA,NA
2023-07-20,"WL1","1","3.5","X",10,21,NA,NA,NA,NA,NA,NA,NA,NA,NA,2023,NA,"SY",2024-01-17,NA,NA,NA,NA,NA,"white",51,NA,NA,NA,NA,NA,NA,NA,NA,NA
2023-07-20,"WL1","1","3.5","X",33,15,NA,NA,NA,NA,NA,NA,NA,NA,NA,2023,NA,"SY",2024-01-17,NA,NA,NA,NA,NA,"white",630,NA,NA,NA,NA,NA,NA,NA,NA,NA
2023-07-20,"WL1","1","3.5","X",0,12,NA,NA,NA,NA,NA,NA,NA,NA,NA,2023,NA,"SY",2024-01-17,NA,NA,NA,NA,NA,"white",89,NA,NA,NA,NA,NA,NA,NA,NA,NA
2023-07-20,"WL1","1","3.5","X",1,10,NA,NA,NA,NA,NA,NA,NA,NA,NA,2023,NA,"SY",2024-01-17,NA,NA,NA,NA,NA,"white",990,NA,NA,NA,NA,NA,NA,NA,NA,NA
2023-07-20,"WL1","1","3.5","X",6,16,NA,NA,NA,NA,NA,NA,NA,NA,NA,2023,NA,"SY",2024-01-17,NA,NA,NA,NA,NA,"white",860,NA,NA,NA,NA,NA,NA,NA,NA,NA
2023-07-20,"WL1","1","3.5","X",35,21,NA,NA,NA,NA,NA,NA,NA,NA,NA,2023,NA,"SY",2024-01-17,NA,NA,NA,NA,NA,"white",8,NA,NA,NA,NA,NA,NA,NA,NA,NA
2023-07-20,"WL1","1","3.5","X",37,15,NA,NA,NA,NA,NA,NA,NA,NA,NA,2023,NA,"SY",2024-01-17,NA,NA,NA,NA,NA,"white",632,NA,NA,NA,NA,NA,NA,NA,NA,NA
2023-07-20,"WL1","1","3.5","X",50,49,NA,NA,NA,NA,NA,NA,NA,NA,NA,2023,NA,"SY",2024-01-17,NA,NA,NA,NA,NA,"white",608,NA,NA,NA,NA,NA,NA,NA,NA,NA
2023-07-20,"WL1","1","3.5","X",48,50,NA,NA,NA,NA,NA,NA,NA,NA,NA,2023,NA,"SY",2024-01-17,NA,NA,NA,NA,NA,"white",45,NA,NA,NA,NA,NA,NA,NA,NA,NA
2023-07-20,"WL1","1","4","X",33,39,NA,NA,NA,NA,NA,NA,NA,NA,NA,2023,NA,"SY",2024-01-17,NA,NA,NA,NA,NA,"white",656,NA,NA,NA,NA,NA,NA,NA,NA,NA
2023-07-20,"WL1","1","4","X",4,29,NA,NA,NA,NA,NA,NA,NA,NA,NA,2023,NA,"SY",2024-01-17,NA,NA,NA,NA,NA,"white",664,NA,NA,NA,NA,NA,NA,NA,NA,NA
2023-07-20,"WL1","1","4","X",10,36,NA,NA,NA,NA,NA,NA,NA,NA,"missing band",2023,NA,"SY",2024-01-17,NA,NA,NA,NA,NA,"white",829,NA,NA,NA,NA,NA,NA,NA,NA,NA
2023-07-20,"WL1","1","4","X",5,40,NA,NA,NA,NA,NA,NA,NA,NA,NA,2023,NA,"SY",2024-01-17,NA,NA,NA,NA,NA,"white",41,NA,NA,NA,NA,NA,NA,NA,NA,NA
2023-07-20,"WL1","1","4","X",12,47,NA,NA,NA,NA,NA,NA,NA,NA,NA,2023,NA,"SY",2024-01-17,NA,NA,NA,NA,NA,"white",74,NA,NA,NA,NA,NA,NA,NA,NA,NA
2023-07-20,"WL1","1","4","X",0,47,NA,NA,NA,NA,NA,NA,NA,NA,NA,2023,NA,"SY",2024-01-17,NA,NA,NA,NA,NA,"white",63,NA,NA,NA,NA,NA,NA,NA,NA,NA
2023-07-20,"WL1","1","4.5","X",24,13,NA,NA,NA,NA,NA,NA,NA,NA,NA,2023,NA,"SY",2024-01-17,NA,NA,NA,NA,NA,"white",50,NA,NA,NA,NA,NA,NA,NA,NA,NA
2023-07-20,"WL1","1","4.5","X",24,10,NA,NA,NA,NA,NA,NA,NA,NA,NA,2023,NA,"SY",2024-01-17,NA,NA,NA,NA,NA,"white",84,NA,NA,NA,NA,NA,NA,NA,NA,NA
2023-07-20,"WL1","1","4.5","X",31,37,NA,NA,NA,NA,NA,NA,NA,NA,NA,2023,NA,"SY",2024-01-17,NA,NA,NA,NA,NA,"white",690,NA,NA,NA,NA,NA,NA,NA,NA,NA
2023-07-20,"WL1","1","4.5","X",13,30,NA,NA,NA,NA,NA,NA,NA,NA,NA,2023,NA,"SY",2024-01-17,NA,NA,NA,NA,NA,"white",53,NA,NA,NA,NA,NA,NA,NA,NA,NA
2023-07-20,"WL1","1","4.5","X",0,47,NA,NA,NA,NA,NA,NA,NA,NA,NA,2023,NA,"SY",2024-01-17,NA,NA,NA,NA,NA,"white",44,NA,NA,NA,NA,NA,NA,NA,NA,NA
2023-07-20,"WL1","1","4.5","X",47,6,NA,NA,NA,NA,NA,NA,NA,NA,NA,2023,NA,"SY",2024-01-17,NA,NA,NA,NA,NA,"white",16,NA,NA,NA,NA,NA,NA,NA,NA,NA
2023-07-20,"WL1","1","4.5","X",45,25,NA,NA,NA,NA,NA,NA,NA,NA,"band missing",2023,NA,"SY",2024-01-17,NA,NA,NA,NA,NA,"white",49,NA,NA,NA,NA,NA,NA,NA,NA,NA
2023-07-20,"WL1","1","4.5","X",19,50,NA,NA,NA,NA,NA,NA,NA,NA,NA,2023,NA,"SY",2024-01-17,NA,NA,NA,NA,NA,"white",43,NA,NA,NA,NA,NA,NA,NA,NA,NA
2023-07-20,"WL1","1","4.5","X",47,46,NA,NA,NA,NA,NA,NA,NA,NA,NA,2023,NA,"SY",2024-01-17,NA,NA,NA,NA,NA,"white",642,NA,NA,NA,NA,NA,NA,NA,NA,NA
2023-07-20,"WL1","1","4.5","X",33,50,NA,NA,NA,NA,NA,NA,NA,NA,"band missing",2023,NA,"SY",2024-01-17,NA,NA,NA,NA,NA,"white",695,NA,NA,NA,NA,NA,NA,NA,NA,NA
2023-07-20,"WL1","1","5","X",48,8,NA,NA,NA,NA,NA,NA,NA,NA,NA,2023,NA,"SY",2024-01-17,NA,NA,NA,NA,NA,"white",45,NA,NA,NA,NA,NA,NA,NA,NA,NA
2023-07-20,"WL1","1","5","X",19,42,NA,NA,NA,NA,NA,NA,NA,NA,NA,2023,NA,"SY",2024-01-17,NA,NA,NA,NA,NA,"white",676,NA,NA,NA,NA,NA,NA,NA,NA,NA
2023-07-20,"WL1","1","5","X",48,45,NA,NA,NA,NA,NA,NA,NA,NA,NA,2023,NA,"SY",2024-01-17,NA,NA,NA,NA,NA,"white",680,NA,NA,NA,NA,NA,NA,NA,NA,NA
2023-07-20,"WL1","1","5","X",50,21,NA,NA,NA,NA,NA,NA,NA,NA,NA,2023,NA,"SY",2024-01-17,NA,NA,NA,NA,NA,"white",654,NA,NA,NA,NA,NA,NA,NA,NA,NA
2023-07-20,"WL1","1","5.5","X",20,20,NA,NA,NA,NA,NA,NA,NA,NA,NA,2023,NA,"SY",2024-01-17,NA,NA,NA,NA,NA,"white",89,NA,NA,NA,NA,NA,NA,NA,NA,NA
2023-07-20,"WL1","1","5.5","X",30,23,NA,NA,NA,NA,NA,NA,NA,NA,NA,2023,NA,"SY",2024-01-17,NA,NA,NA,NA,NA,"white",83,NA,NA,NA,NA,NA,NA,NA,NA,NA
2023-07-20,"WL1","1","5.5","X",15,44,NA,NA,NA,NA,NA,NA,NA,NA,NA,2023,NA,"SY",2024-01-17,NA,NA,NA,NA,NA,"white",63,NA,NA,NA,NA,NA,NA,NA,NA,NA
2023-07-20,"WL1","1","5.5","X",39,20,NA,NA,NA,NA,NA,NA,NA,NA,NA,2023,NA,"SY",2024-01-17,NA,NA,NA,NA,NA,"white",5,NA,NA,NA,NA,NA,NA,NA,NA,NA
2023-07-20,"WL1","1","5.5","X",45,34,NA,NA,NA,NA,NA,NA,NA,NA,NA,2023,NA,"SY",2024-01-17,NA,NA,NA,NA,NA,"white",88,NA,NA,NA,NA,NA,NA,NA,NA,NA
2023-07-20,"WL1","1","5.5","X",18,50,NA,NA,NA,NA,NA,NA,NA,NA,NA,2023,NA,"SY",2024-01-17,NA,NA,NA,NA,NA,"white",39,NA,NA,NA,NA,NA,NA,NA,NA,NA
2023-07-20,"WL1","1","5.5","X",29,50,NA,NA,NA,NA,NA,NA,NA,NA,NA,2023,NA,"SY",2024-01-17,NA,NA,NA,NA,NA,"white",888,NA,NA,NA,NA,NA,NA,NA,NA,NA
2023-07-20,"WL1","1","5.5","X",39,16,NA,NA,NA,NA,NA,NA,NA,NA,NA,2023,NA,"SY",2024-01-17,NA,NA,NA,NA,NA,"white",634,NA,NA,NA,NA,NA,NA,NA,NA,NA
2023-07-20,"WL1","1","5.5","X",13,39,NA,NA,NA,NA,NA,NA,NA,NA,NA,2023,NA,"SY",2024-01-17,NA,NA,NA,NA,NA,"white",643,NA,NA,NA,NA,NA,NA,NA,NA,NA
2023-07-20,"WL1","1","5.5","X",45,50,NA,NA,NA,NA,NA,NA,NA,NA,"band missing",2023,NA,"SY",2024-01-17,NA,NA,NA,NA,NA,"white",70,NA,NA,NA,NA,NA,NA,NA,NA,NA
2023-07-20,"WL1","1","6","X",5,12,NA,NA,NA,NA,NA,NA,NA,NA,NA,2023,NA,"SY",2024-01-17,NA,NA,NA,NA,NA,"white",58,NA,NA,NA,NA,NA,NA,NA,NA,NA
2023-07-20,"WL1","1","6","X",8,8,NA,NA,NA,NA,NA,NA,NA,NA,NA,2023,NA,"SY",2024-01-17,NA,NA,NA,NA,NA,"white",348,NA,NA,NA,NA,NA,NA,NA,NA,NA
2023-07-20,"WL1","1","6","X",11,50,NA,NA,NA,NA,NA,NA,NA,NA,NA,2023,NA,"SY",2024-01-17,NA,NA,NA,NA,NA,"white",456,NA,NA,NA,NA,NA,NA,NA,NA,NA
2023-07-20,"WL1","1","6","X",29,50,NA,NA,NA,NA,NA,NA,NA,NA,NA,2023,NA,"SY",2024-01-17,NA,NA,NA,NA,NA,"white",554,NA,NA,NA,NA,NA,NA,NA,NA,NA
2023-07-20,"WL1","1","6","X",50,40,NA,NA,NA,NA,NA,NA,NA,NA,NA,2023,NA,"SY",2024-01-17,NA,NA,NA,NA,NA,"white",31,NA,NA,NA,NA,NA,NA,NA,NA,NA
2023-07-20,"WL1","1","6","X",50,50,NA,NA,NA,NA,NA,NA,NA,NA,NA,2023,NA,"SY",2024-01-17,NA,NA,NA,NA,NA,"white",2,NA,NA,NA,NA,NA,NA,NA,NA,NA
2023-07-20,"WL1","1","6","X",42,50,NA,NA,NA,NA,NA,NA,NA,NA,NA,2023,NA,"SY",2024-01-17,NA,NA,NA,NA,NA,"white",886,NA,NA,NA,NA,NA,NA,NA,NA,NA
2023-07-20,"WL1","1","6","X",40,50,NA,NA,NA,NA,NA,NA,NA,NA,NA,2023,NA,"SY",2024-01-17,NA,NA,NA,NA,NA,"white",643,NA,NA,NA,NA,NA,NA,NA,NA,NA
2023-07-20,"WL1","1","6","X",28,50,NA,NA,NA,NA,NA,NA,NA,NA,NA,2023,NA,"SY",2024-01-17,NA,NA,NA,NA,NA,"white",64,NA,NA,NA,NA,NA,NA,NA,NA,NA
2023-07-20,"WL1","1","6","X",40,42,NA,NA,NA,NA,NA,NA,NA,NA,NA,2023,NA,"SY",2024-01-17,NA,NA,NA,NA,NA,"white",380,NA,NA,NA,NA,NA,NA,NA,NA,NA
2023-07-20,"WL1","1","6.5","X",21,19,NA,NA,NA,NA,NA,NA,NA,NA,NA,2023,NA,"SY",2024-01-17,NA,NA,NA,NA,NA,"white",30,NA,NA,NA,NA,NA,NA,NA,NA,NA
2023-07-20,"WL1","1","6.5","X",18,11,NA,NA,NA,NA,NA,NA,NA,NA,NA,2023,NA,"SY",2024-01-17,NA,NA,NA,NA,NA,"white",38,NA,NA,NA,NA,NA,NA,NA,NA,NA
2023-07-20,"WL1","1","6.5","X",28,38,NA,NA,NA,NA,NA,NA,NA,NA,NA,2023,NA,"SY",2024-01-17,NA,NA,NA,NA,NA,"white",36,NA,NA,NA,NA,NA,NA,NA,NA,NA
2023-07-20,"WL1","1","6.5","X",29,39,NA,NA,NA,NA,NA,NA,NA,NA,NA,2023,NA,"SY",2024-01-17,NA,NA,NA,NA,NA,"white",0,NA,NA,NA,NA,NA,NA,NA,NA,NA
2023-07-20,"WL1","1","6.5","X",32,7,NA,NA,NA,NA,NA,NA,NA,NA,NA,2023,NA,"SY",2024-01-17,NA,NA,NA,NA,NA,"white",33,NA,NA,NA,NA,NA,NA,NA,NA,NA
2023-07-20,"WL1","1","6.5","X",11,39,NA,NA,NA,NA,NA,NA,NA,NA,NA,2023,NA,"SY",2024-01-17,NA,NA,NA,NA,NA,"white",822,NA,NA,NA,NA,NA,NA,NA,NA,NA
2023-07-20,"WL1","1","6.5","X",18,40,NA,NA,NA,NA,NA,NA,NA,NA,NA,2023,NA,"SY",2024-01-17,NA,NA,NA,NA,NA,"white",702,NA,NA,NA,NA,NA,NA,NA,NA,NA
2023-07-20,"WL1","1","6.5","X",18,45,NA,NA,NA,NA,NA,NA,NA,NA,NA,2023,NA,"SY",2024-01-17,NA,NA,NA,NA,NA,"white",705,NA,NA,NA,NA,NA,NA,NA,NA,NA
2023-07-20,"WL1","1","6.5","X",5,45,NA,NA,NA,NA,NA,NA,NA,NA,"band missing",2023,NA,"SY",2024-01-17,NA,NA,NA,NA,NA,"white",25,NA,NA,NA,NA,NA,NA,NA,NA,NA
2023-07-20,"WL1","1","6.5","X",1,50,NA,NA,NA,NA,NA,NA,NA,NA,NA,2023,NA,"SY",2024-01-17,NA,NA,NA,NA,NA,"white",865,NA,NA,NA,NA,NA,NA,NA,NA,NA
2023-07-20,"WL1","1","7","X",29,47,NA,NA,NA,NA,NA,NA,NA,NA,NA,2023,NA,"SY",2024-01-17,NA,NA,NA,NA,NA,"white",269,NA,NA,NA,NA,NA,NA,NA,NA,NA
2023-07-20,"WL1","1","7","X",28,48,NA,NA,NA,NA,NA,NA,NA,NA,NA,2023,NA,"SY",2024-01-17,NA,NA,NA,NA,NA,"white",44,NA,NA,NA,NA,NA,NA,NA,NA,NA
2023-07-20,"WL1","1","7","X",35,50,NA,NA,NA,NA,NA,NA,NA,NA,NA,2023,NA,"SY",2024-01-17,NA,NA,NA,NA,NA,"white",926,NA,NA,NA,NA,NA,NA,NA,NA,NA
2023-07-20,"WL1","1","7","X",38,40,NA,NA,NA,NA,NA,NA,NA,NA,NA,2023,NA,"SY",2024-01-17,NA,NA,NA,NA,NA,"white",648,NA,NA,NA,NA,NA,NA,NA,NA,NA
2023-07-20,"WL1","1","7.5","X",40,50,NA,NA,NA,NA,NA,NA,NA,NA,NA,2023,NA,"SY",2024-01-17,NA,NA,NA,NA,NA,"white",266,NA,NA,NA,NA,NA,NA,NA,NA,NA
2023-07-20,"WL1","1","7.5","X",35,40,NA,NA,NA,NA,NA,NA,NA,NA,NA,2023,NA,"SY",2024-01-17,NA,NA,NA,NA,NA,"white",798,NA,NA,NA,NA,NA,NA,NA,NA,NA
2023-07-20,"WL1","1","7.5","X",11,36,NA,NA,NA,NA,NA,NA,NA,NA,NA,2023,NA,"SY",2024-01-17,NA,NA,NA,NA,NA,"white",83,NA,NA,NA,NA,NA,NA,NA,NA,NA
2023-07-20,"WL1","1","8","X",45,49,NA,NA,NA,NA,NA,NA,NA,NA,NA,2023,NA,"SY",2024-01-17,NA,NA,NA,NA,NA,"white",843,NA,NA,NA,NA,NA,NA,NA,NA,NA
2023-07-20,"WL1","1","8","X",45,49,NA,NA,NA,NA,NA,NA,NA,NA,NA,2023,NA,"SY",2024-01-17,NA,NA,NA,NA,NA,"white",708,NA,NA,NA,NA,NA,NA,NA,NA,NA
2023-07-20,"WL1","1","8","X",39,50,NA,NA,NA,NA,NA,NA,NA,NA,NA,2023,NA,"SY",2024-01-17,NA,NA,NA,NA,NA,"white",723,NA,NA,NA,NA,NA,NA,NA,NA,NA
2023-07-20,"WL1","1","8","X",49,44,NA,NA,NA,NA,NA,NA,NA,NA,NA,2023,NA,"SY",2024-01-17,NA,NA,NA,NA,NA,"white",830,NA,NA,NA,NA,NA,NA,NA,NA,NA
2023-07-20,"WL1","1","8","X",45,44,NA,NA,NA,NA,NA,NA,NA,NA,NA,2023,NA,"SY",2024-01-17,NA,NA,NA,NA,NA,"white",703,NA,NA,NA,NA,NA,NA,NA,NA,NA
2023-07-20,"WL1","1","8","X",48,40,NA,NA,NA,NA,NA,NA,NA,NA,NA,2023,NA,"SY",2024-01-17,NA,NA,NA,NA,NA,"white",709,NA,NA,NA,NA,NA,NA,NA,NA,NA
2023-07-20,"WL1","1","8","X",10,44,NA,NA,NA,NA,NA,NA,NA,NA,NA,2023,NA,"SY",2024-01-17,NA,NA,NA,NA,NA,"white",725,NA,NA,NA,NA,NA,NA,NA,NA,NA
2023-07-20,"WL1","1","8","X",19,34,NA,NA,NA,NA,NA,NA,NA,NA,NA,2023,NA,"SY",2024-01-17,NA,NA,NA,NA,NA,"white",724,NA,NA,NA,NA,NA,NA,NA,NA,NA
2023-07-20,"WL1","1","8","X",28,12,NA,NA,NA,NA,NA,NA,NA,NA,NA,2023,NA,"SY",2024-01-17,NA,NA,NA,NA,NA,"white",706,NA,NA,NA,NA,NA,NA,NA,NA,NA
2023-07-20,"WL1","1","8","X",41,50,NA,NA,NA,NA,NA,NA,NA,NA,NA,2023,NA,"SY",2024-01-17,NA,NA,NA,NA,NA,"white",847,NA,NA,NA,NA,NA,NA,NA,NA,NA
2023-07-20,"WL1","1","8.5","X",22,50,NA,NA,NA,NA,NA,NA,NA,NA,NA,2023,NA,"SY",2024-01-17,NA,NA,NA,NA,NA,"white",722,NA,NA,NA,NA,NA,NA,NA,NA,NA
2023-07-20,"WL1","1","8.5","X",8,24,NA,NA,NA,NA,NA,NA,NA,NA,NA,2023,NA,"SY",2024-01-17,NA,NA,NA,NA,NA,"white",44,NA,NA,NA,NA,NA,NA,NA,NA,NA
2023-07-20,"WL1","1","8.5","X",8,22,NA,NA,NA,NA,NA,NA,NA,NA,NA,2023,NA,"SY",2024-01-17,NA,NA,NA,NA,NA,"white",704,NA,NA,NA,NA,NA,NA,NA,NA,NA
2023-07-20,"WL1","1","8.5","X",12,14,NA,NA,NA,NA,NA,NA,NA,NA,NA,2023,NA,"SY",2024-01-17,NA,NA,NA,NA,NA,"white",842,NA,NA,NA,NA,NA,NA,NA,NA,NA
2023-07-20,"WL1","1","8.5","X",8,13,NA,NA,NA,NA,NA,NA,NA,NA,NA,2023,NA,"SY",2024-01-17,NA,NA,NA,NA,NA,"white",864,NA,NA,NA,NA,NA,NA,NA,NA,NA
2023-07-20,"WL1","1","8.5","X",47,15,NA,NA,NA,NA,NA,NA,NA,NA,NA,2023,NA,"SY",2024-01-17,NA,NA,NA,NA,NA,"white",936,NA,NA,NA,NA,NA,NA,NA,NA,NA
2023-07-20,"WL1","1","8.5","X",11,9,NA,NA,NA,NA,NA,NA,NA,NA,NA,2023,NA,"SY",2024-01-17,NA,NA,NA,NA,NA,"white",848,NA,NA,NA,NA,NA,NA,NA,NA,NA
2023-07-20,"WL1","1","8.5","X",12,37,NA,NA,NA,NA,NA,NA,NA,NA,NA,2023,NA,"SY",2024-01-17,NA,NA,NA,NA,NA,"white",820,NA,NA,NA,NA,NA,NA,NA,NA,NA
2023-07-20,"WL1","1","9","X",39,28,NA,NA,NA,NA,NA,NA,NA,NA,"missing",2023,NA,"SY",2024-01-17,NA,NA,NA,NA,NA,"white",940,NA,NA,NA,NA,NA,NA,NA,NA,NA
2023-07-20,"WL1","1","9","X",49,4,NA,NA,NA,NA,NA,NA,NA,NA,"missing",2023,NA,"SY",2024-01-17,NA,NA,NA,NA,NA,"white",939,NA,NA,NA,NA,NA,NA,NA,NA,NA
2023-07-20,"WL1","1","9.5","P",27,46,"3.11","28.2",3,"4.9","0.0","14.0",4.9,3,NA,2023,NA,"SY",2024-01-17,NA,NA,NA,NA,NA,"white",924,NA,NA,NA,NA,NA,"Y",NA,NA,3.11
2023-07-20,"WL1","1","9.5","X",12,13,NA,NA,NA,NA,NA,NA,NA,NA,NA,2023,NA,"SY",2024-01-17,NA,NA,NA,NA,NA,"white",789,NA,NA,NA,NA,NA,NA,NA,NA,NA
2023-07-20,"WL1","1","3","V",NA,NA,"0.53","1.8",1,"1.1",NA,NA,NA,NA,NA,2023,NA,"SY",2024-01-17,NA,NA,NA,NA,NA,NA,NA,NA,NA,NA,NA,NA,"N",NA,NA,0.5
2023-07-20,"WL1","1","1.5","V",NA,NA,"0.91","1.7",1,"0.5",NA,NA,NA,NA,NA,2023,NA,"SY",2024-01-17,NA,NA,NA,NA,NA,NA,NA,NA,NA,NA,NA,NA,"N",NA,NA,0.5
2023-07-20,"WL1","1","4.5","V",NA,NA,"0.64","2.2",1,"0.9",NA,NA,NA,NA,NA,2023,NA,"SY",2024-01-17,NA,NA,NA,NA,NA,NA,NA,NA,NA,NA,NA,NA,"N",NA,NA,0.5
2023-07-20,"WL1","1","7","V",8,5,"1.98","2.8",1,"1.7",NA,NA,NA,NA,NA,2023,NA,"SY",2024-01-17,NA,NA,NA,NA,NA,"pink",653,NA,NA,NA,NA,NA,"N",NA,NA,1.98
2023-07-20,"WL1","2","0","P",31,17,"2.47","29.1",1,NA,"2.0","36.0",7,1,NA,2023,NA,"SY",2024-01-17,NA,NA,NA,NA,NA,"white",500,NA,NA,NA,NA,NA,"Y",NA,NA,2.47
2023-07-20,"WL1","2","0","P",45,5,"2.35","35.1",1,NA,"0.0","20.0",8.3,1,NA,2023,NA,"SY",2024-01-17,NA,NA,NA,NA,NA,"white",313,NA,NA,NA,NA,NA,"Y",NA,NA,2.35
2023-07-20,"WL1","2","0","X",49,10,NA,NA,NA,NA,NA,NA,NA,NA,NA,2023,NA,"SY",2024-01-17,NA,NA,NA,NA,NA,"white",5,NA,NA,NA,NA,NA,NA,NA,NA,NA
2023-07-20,"WL1","2","0","P",20,37,"3.6","21.2",3,NA,"15.0","20.0",4.4,3,NA,2023,NA,"SY",2024-01-17,NA,NA,NA,NA,NA,"white",208,NA,NA,NA,NA,NA,"N",NA,NA,3.6
2023-07-20,"WL1","2","0.5",NA,31,31,NA,NA,NA,NA,NA,NA,NA,NA,"found red band; no purple",2023,NA,"SY",2024-01-17,NA,NA,NA,NA,NA,"purple",207,NA,NA,NA,NA,NA,NA,NA,NA,NA
2023-07-20,"WL1","2","0.5","F",35,12,"1.53","7.6",1,NA,"2.0",NA,NA,1,NA,2023,NA,"SY",2024-01-17,NA,NA,NA,NA,NA,"white",207,NA,NA,NA,NA,NA,"N",NA,NA,1.53
2023-07-20,"WL1","2","0.5","X",38,24,NA,NA,NA,NA,NA,NA,NA,NA,NA,2023,NA,"SY",2024-01-17,NA,NA,NA,NA,NA,"white",511,NA,NA,NA,NA,NA,NA,NA,NA,NA
2023-07-20,"WL1","2","0.5","P",49,27,"2.8","35.6",1,NA,"0.0","19.0",8.6,1,NA,2023,NA,"SY",2024-01-17,NA,NA,NA,NA,NA,"white",501,NA,NA,NA,NA,NA,"N",NA,NA,2.8
2023-07-20,"WL1","2","0.5","V",35,30,"1.23","6.3",1,"0.7",NA,NA,NA,0,NA,2023,NA,"SY",2024-01-17,NA,NA,NA,NA,NA,"white",504,NA,NA,NA,NA,NA,"Y",NA,NA,1.23
2023-07-20,"WL1","2","0.5","X",49,39,NA,NA,NA,NA,NA,NA,NA,NA,NA,2023,NA,"SY",2024-01-17,NA,NA,NA,NA,NA,"white",312,NA,NA,NA,NA,NA,NA,NA,NA,NA
2023-07-20,"WL1","2","0.5","P",13,23,"2.14","10.1",1,NA,"5.0","6.0",1.4,1,NA,2023,NA,"SY",2024-01-17,NA,NA,NA,NA,NA,"white",507,NA,NA,NA,NA,NA,"N",NA,NA,2.14
2023-07-20,"WL1","2","0.5","P",11,26,"2.62","12.6",1,NA,"9.0","1.0",1.5,1,NA,2023,NA,"SY",2024-01-17,NA,NA,NA,NA,NA,"white",508,NA,NA,NA,NA,NA,"Y",NA,NA,2.62
2023-07-20,"WL1","2","1",NA,15,36,NA,NA,NA,NA,NA,NA,NA,NA,"gone",2023,NA,"SY",2024-01-17,NA,NA,NA,NA,NA,"white",510,NA,NA,NA,NA,NA,NA,NA,NA,NA
2023-07-20,"WL1","2","1","X",1,26,NA,NA,NA,NA,NA,NA,NA,NA,NA,2023,NA,"SY",2024-01-17,NA,NA,NA,NA,NA,"white",311,NA,NA,NA,NA,NA,NA,NA,NA,NA
2023-07-20,"WL1","2","1","F",3,11,"2.39","11.8",1,NA,"5.0",NA,NA,1,NA,2023,NA,"SY",2024-01-17,NA,NA,NA,NA,NA,"white",516,NA,NA,NA,NA,NA,"N",NA,NA,2.39
2023-07-20,"WL1","2","1","V",15,15,"1.42","6.6",1,"0.7",NA,NA,NA,0,NA,2023,NA,"SY",2024-01-17,NA,NA,NA,NA,NA,"white",307,NA,NA,NA,NA,NA,"N",NA,NA,1.42
2023-07-20,"WL1","2","1","P",29,50,"2.39","21.2",1,NA,"0.0","5.0",2.1,1,NA,2023,NA,"SY",2024-01-17,NA,NA,NA,NA,NA,"white",519,NA,NA,NA,NA,NA,"N",NA,NA,2.39
2023-07-20,"WL1","2","1","X",29,39,NA,NA,NA,NA,NA,NA,NA,NA,NA,2023,NA,"SY",2024-01-17,NA,NA,NA,NA,NA,"white",506,NA,NA,NA,NA,NA,NA,NA,NA,NA
2023-07-20,"WL1","2","1.5","V",26,25,"1.48","4.4",1,"1.2",NA,NA,NA,1,NA,2023,NA,"SY",2024-01-17,NA,NA,NA,NA,NA,"white",502,NA,NA,NA,NA,NA,"N",NA,NA,1.48
2023-07-20,"WL1","2","1.5","P",10,38,"1.02","14.9",1,NA,"1.0","6.0",4.9,1,NA,2023,NA,"SY",2024-01-17,NA,NA,NA,NA,NA,"white",201,NA,NA,NA,NA,NA,"N",NA,NA,1.02
2023-07-20,"WL1","2","1.5","P",30,36,"1.5","25.0",1,NA,"0.0","10.0",6.1,1,NA,2023,NA,"SY",2024-01-17,NA,NA,NA,NA,NA,"white",204,NA,NA,NA,NA,NA,"N",NA,NA,1.5
2023-07-20,"WL1","2","1.5","P",45,47,"1.98","18.7",1,NA,"0.0","11.0",6.2,1,NA,2023,NA,"SY",2024-01-17,NA,NA,NA,NA,NA,"white",514,NA,NA,NA,NA,NA,"N",NA,NA,1.98
2023-07-20,"WL1","2","1.5","X",35,50,NA,NA,NA,NA,NA,NA,NA,NA,NA,2023,NA,"SY",2024-01-17,NA,NA,NA,NA,NA,"white",517,NA,NA,NA,NA,NA,NA,NA,NA,NA
2023-07-20,"WL1","2","2","X",8,14,NA,NA,NA,NA,NA,NA,NA,NA,NA,2023,NA,"SY",2024-01-17,NA,NA,NA,NA,NA,"white",515,NA,NA,NA,NA,NA,NA,NA,NA,NA
2023-07-20,"WL1","2","2","P",45,35,"1.13","21.5",1,NA,"0.0","5.0",4.9,1,NA,2023,NA,"SY",2024-01-17,NA,NA,NA,NA,NA,"white",505,NA,NA,NA,NA,NA,"N",NA,NA,1.13
2023-07-20,"WL1","2","2","P",40,45,"0.57","12.1",1,NA,"0.0","2.0",5,1,"double check last year;smaller diameter",2023,NA,"SY",2024-01-17,NA,NA,NA,NA,NA,"white",512,NA,NA,NA,NA,NA,"N",NA,NA,0.5
2023-07-20,"WL1","2","2","X",44,49,NA,NA,NA,NA,NA,NA,NA,NA,NA,2023,NA,"SY",2024-01-17,NA,NA,NA,NA,NA,"white",503,NA,NA,NA,NA,NA,NA,NA,NA,NA
2023-07-20,"WL1","2","2.5","X",11,41,NA,NA,NA,NA,NA,NA,NA,NA,NA,2023,NA,"SY",2024-01-17,NA,NA,NA,NA,NA,"white",215,NA,NA,NA,NA,NA,NA,NA,NA,NA
2023-07-20,"WL1","2","2.5","P",56,42,"2.17","29.9",1,NA,"0.0","17.0",5.4,1,NA,2023,NA,"SY",2024-01-17,NA,NA,NA,NA,NA,"white",509,NA,NA,NA,NA,NA,"N",NA,NA,2.17
2023-07-20,"WL1","2","2.5","X",20,50,NA,NA,NA,NA,NA,NA,NA,NA,"plant gone",2023,NA,"SY",2024-01-17,NA,NA,NA,NA,NA,"white",210,NA,NA,NA,NA,NA,NA,NA,NA,NA
2023-07-20,"WL1","2","2.5","X",49,49,NA,NA,NA,NA,NA,NA,NA,NA,NA,2023,NA,"SY",2024-01-17,NA,NA,NA,NA,NA,"white",304,NA,NA,NA,NA,NA,NA,NA,NA,NA
2023-07-20,"WL1","2","3","X",49,10,NA,NA,NA,NA,NA,NA,NA,NA,NA,2023,NA,"SY",2024-01-17,NA,NA,NA,NA,NA,"purple",92,NA,NA,NA,NA,NA,NA,NA,NA,NA
2023-07-20,"WL1","2","3","X",40,10,NA,NA,NA,NA,NA,NA,NA,NA,NA,2023,NA,"SY",2024-01-17,NA,NA,NA,NA,NA,"purple",22,NA,NA,NA,NA,NA,NA,NA,NA,NA
2023-07-20,"WL1","2","3","P",27,31,"1.27","18.2",1,NA,"0.0","7.0",5.5,1,NA,2023,NA,"SY",2024-01-17,NA,NA,NA,NA,NA,"white",12,NA,NA,NA,NA,NA,"N",NA,NA,1.27
2023-07-20,"WL1","2","3","P",31,28,"2.27","22.4",1,NA,"0.0","13.0",4.5,1,NA,2023,NA,"SY",2024-01-17,NA,NA,NA,NA,NA,"white",24,NA,NA,NA,NA,NA,"N",NA,NA,2.27
2023-07-20,"WL1","2","3","P",19,5,"1.81","16.6",1,NA,"0.0","14.0",5.3,1,NA,2023,NA,"SY",2024-01-17,NA,NA,NA,NA,NA,"white",47,NA,NA,NA,NA,NA,"N",NA,NA,1.81
2023-07-20,"WL1","2","3","P",11,23,"1.5","19.3",1,NA,"0.0","6.0",5.4,1,NA,2023,NA,"SY",2024-01-17,NA,NA,NA,NA,NA,"white",25,NA,NA,NA,NA,NA,"N",NA,NA,1.5
2023-07-20,"WL1","2","3.5","X",28,7,NA,NA,NA,NA,NA,NA,NA,NA,NA,2023,NA,"SY",2024-01-17,NA,NA,NA,NA,NA,"purple",45,NA,NA,NA,NA,NA,NA,NA,NA,NA
2023-07-20,"WL1","2","3.5","P",15,2,"1.11","14.6",1,NA,"0.0","4.0",4.6,1,NA,2023,NA,"SY",2024-01-17,NA,NA,NA,NA,NA,"white",58,NA,NA,NA,NA,NA,"N",NA,NA,1.11
2023-07-20,"WL1","2","3.5","P",20,5,"1.35","20.8",1,NA,"0.0","8.0",6.1,1,NA,2023,NA,"SY",2024-01-17,NA,NA,NA,NA,NA,"white",64,NA,NA,NA,NA,NA,"N",NA,NA,1.35
2023-07-20,"WL1","2","3.5","P",26,6,"0.93","14.1",1,NA,"0.0","6.0",4.2,1,"double check last year;smaller than 1",2023,NA,"SY",2024-01-17,NA,NA,NA,NA,NA,"white",83,NA,NA,NA,NA,NA,"N",NA,NA,0.5
2023-07-20,"WL1","2","3.5","P",35,7,"0.8","13.2",1,NA,"0.0","4.0",4.6,1,"double check last year;smaller than 1",2023,NA,"SY",2024-01-17,NA,NA,NA,NA,NA,"white",84,NA,NA,NA,NA,NA,"N",NA,NA,0.5
2023-07-20,"WL1","2","3.5","P",35,1,"1.22","14.9",1,NA,"0.0","5.0",3.4,1,NA,2023,NA,"SY",2024-01-17,NA,NA,NA,NA,NA,"white",71,NA,NA,NA,NA,NA,"N",NA,NA,1.22
2023-07-20,"WL1","2","3.5","P",21,14,"1.17","25.1",1,"7.7","0.0","5.0",7.7,1,NA,2023,NA,"SY",2024-01-17,NA,NA,NA,NA,NA,"white",69,NA,NA,NA,NA,NA,"N",NA,NA,1.17
2023-07-20,"WL1","2","3.5","X",8,10,NA,NA,NA,NA,NA,NA,NA,NA,NA,2023,NA,"SY",2024-01-17,NA,NA,NA,NA,NA,"white",35,NA,NA,NA,NA,NA,NA,NA,NA,NA
2023-07-20,"WL1","2","3.5","V",6,16,"0.72","7.6",1,"0.4",NA,NA,NA,1,"double check last year;smaller than 1",2023,NA,"SY",2024-01-17,NA,NA,NA,NA,NA,"white",39,NA,NA,NA,NA,NA,"N",NA,NA,0.5
2023-07-20,"WL1","2","3.5","X",32,37,NA,NA,NA,NA,NA,NA,NA,NA,NA,2023,NA,"SY",2024-01-17,NA,NA,NA,NA,NA,"white",79,NA,NA,NA,NA,NA,NA,NA,NA,NA
2023-07-20,"WL1","2","3.5","X",6,20,NA,NA,NA,NA,NA,NA,NA,NA,NA,2023,NA,"SY",2024-01-17,NA,NA,NA,NA,NA,"white",62,NA,NA,NA,NA,NA,NA,NA,NA,NA
2023-07-20,"WL1","2","4","X",20,22,NA,NA,NA,NA,NA,NA,NA,NA,NA,2023,NA,"SY",2024-01-17,NA,NA,NA,NA,NA,"white",37,NA,NA,NA,NA,NA,NA,NA,NA,NA
2023-07-20,"WL1","2","4","X",7,15,NA,NA,NA,NA,NA,NA,NA,NA,NA,2023,NA,"SY",2024-01-17,NA,NA,NA,NA,NA,"white",73,NA,NA,NA,NA,NA,NA,NA,NA,NA
2023-07-20,"WL1","2","4","X",6,23,NA,NA,NA,NA,NA,NA,NA,NA,NA,2023,NA,"SHS",2024-01-18,NA,NA,NA,NA,NA,"white",93,NA,NA,NA,NA,NA,NA,NA,NA,NA
2023-07-20,"WL1","2","4","P",20,23,"0.78","7.2",1,NA,"0.0","1.0",1.1,1,"small stem;double check",2023,NA,"SHS",2024-01-18,NA,NA,NA,NA,NA,"white",54,NA,NA,NA,NA,NA,"N",NA,NA,0.5
2023-07-20,"WL1","2","4","V",17,33,"1.33","4.2",1,"1.3",NA,NA,NA,0,NA,2023,NA,"SHS",2024-01-18,NA,NA,NA,NA,NA,"white",18,NA,NA,NA,NA,NA,"N",NA,NA,1.33
2023-07-20,"WL1","2","4","P",34,34,"0.98","11.9",1,NA,"0.0","2.0",4.5,1,"small stem;double check",2023,NA,"SHS",2024-01-18,NA,NA,NA,NA,NA,"white",33,NA,NA,NA,NA,NA,"N",NA,NA,0.5
2023-07-20,"WL1","2","4","P",33,49,"1.54","18.0",1,NA,"1.0","7.0",4.9,1,NA,2023,NA,"SHS",2024-01-18,NA,NA,NA,NA,NA,"white",1,NA,NA,NA,NA,NA,"N",NA,NA,1.54
2023-07-20,"WL1","2","4","P",15,48,"1.08","11.8",1,NA,"0.0","3.0",3.9,1,NA,2023,NA,"SHS",2024-01-18,NA,NA,NA,NA,NA,"white",26,NA,NA,NA,NA,NA,"N",NA,NA,1.08
2023-07-20,"WL1","2","4","V",3,17,"1.09","3.4",1,"1.2",NA,NA,NA,0,NA,2023,NA,"SHS",2024-01-18,NA,NA,NA,NA,NA,"white",23,NA,NA,NA,NA,NA,"N",NA,NA,1.09
2023-07-20,"WL1","2","4","X",10,30,NA,NA,NA,NA,NA,NA,NA,NA,NA,2023,NA,"SHS",2024-01-18,NA,NA,NA,NA,NA,"white",15,NA,NA,NA,NA,NA,NA,NA,NA,NA
2023-07-20,"WL1","2","4.5","X",45,50,NA,NA,NA,NA,NA,NA,NA,NA,NA,2023,NA,"SHS",2024-01-18,NA,NA,NA,NA,NA,"white",21,NA,NA,NA,NA,NA,NA,NA,NA,NA
2023-07-20,"WL1","2","4.5","X",10,39,NA,NA,NA,NA,NA,NA,NA,NA,NA,2023,NA,"SHS",2024-01-18,NA,NA,NA,NA,NA,"white",48,NA,NA,NA,NA,NA,NA,NA,NA,NA
2023-07-20,"WL1","2","4.5","X",27,7,NA,NA,NA,NA,NA,NA,NA,NA,NA,2023,NA,"SHS",2024-01-18,NA,NA,NA,NA,NA,"white",55,NA,NA,NA,NA,NA,NA,NA,NA,NA
2023-07-20,"WL1","2","4.5","X",41,47,NA,NA,NA,NA,NA,NA,NA,NA,NA,2023,NA,"SHS",2024-01-18,NA,NA,NA,NA,NA,"white",59,NA,NA,NA,NA,NA,NA,NA,NA,NA
2023-07-20,"WL1","2","4.5","X",20,38,NA,NA,NA,NA,NA,NA,NA,NA,NA,2023,NA,"SHS",2024-01-18,NA,NA,NA,NA,NA,"white",78,NA,NA,NA,NA,NA,NA,NA,NA,NA
2023-07-20,"WL1","2","4.5","P",15,44,"1.59","17.1",1,NA,"1.0","6.0",5.9,1,NA,2023,NA,"SHS",2024-01-18,NA,NA,NA,NA,NA,"white",42,NA,NA,NA,NA,NA,"N",NA,NA,1.59
2023-07-20,"WL1","2","4.5","X",11,44,NA,NA,NA,NA,NA,NA,NA,NA,NA,2023,NA,"SHS",2024-01-18,NA,NA,NA,NA,NA,"white",3,NA,NA,NA,NA,NA,NA,NA,NA,NA
2023-07-20,"WL1","2","4.5","X",5,44,NA,NA,NA,NA,NA,NA,NA,NA,NA,2023,NA,"SHS",2024-01-18,NA,NA,NA,NA,NA,"white",56,NA,NA,NA,NA,NA,NA,NA,NA,NA
2023-07-20,"WL1","2","4.5","X",6,52,NA,NA,NA,NA,NA,NA,NA,NA,NA,2023,NA,"SHS",2024-01-18,NA,NA,NA,NA,NA,"white",27,NA,NA,NA,NA,NA,NA,NA,NA,NA
2023-07-20,"WL1","2","4","X",NA,NA,NA,NA,NA,NA,NA,NA,NA,NA,NA,2023,NA,"SHS",2024-01-18,NA,NA,NA,NA,NA,"purple",88,NA,NA,NA,NA,NA,NA,NA,NA,NA
2023-07-20,"WL1","2","5","P",35,47,"1.1","13.2",1,NA,"0.0","2.0",5.7,1,NA,2023,NA,"SHS",2024-01-18,NA,NA,NA,NA,NA,"white",13,NA,NA,NA,NA,NA,"Y",NA,NA,1.1
2023-07-20,"WL1","2","5","X",42,47,NA,NA,NA,NA,NA,NA,NA,NA,NA,2023,NA,"SHS",2024-01-18,NA,NA,NA,NA,NA,"white",52,NA,NA,NA,NA,NA,NA,NA,NA,NA
2023-07-20,"WL1","2","5.5","X",15,42,NA,NA,NA,NA,NA,NA,NA,NA,NA,2023,NA,"SHS",2024-01-18,NA,NA,NA,NA,NA,"purple",94,NA,NA,NA,NA,NA,NA,NA,NA,NA
2023-07-20,"WL1","2","5.5","X",33,32,NA,NA,NA,NA,NA,NA,NA,NA,NA,2023,NA,"SHS",2024-01-18,NA,NA,NA,NA,NA,"white",60,NA,NA,NA,NA,NA,NA,NA,NA,NA
2023-07-20,"WL1","2","5.5","P",41,36,"1.16","15.2",1,NA,"0.0","5.0",5.3,1,NA,2023,NA,"SHS",2024-01-18,NA,NA,NA,NA,NA,"white",28,NA,NA,NA,NA,NA,"Y",NA,NA,1.16
2023-07-20,"WL1","2","5.5","X",43,38,NA,NA,NA,NA,NA,NA,NA,NA,NA,2023,NA,"SHS",2024-01-18,NA,NA,NA,NA,NA,"white",5,NA,NA,NA,NA,NA,NA,NA,NA,NA
2023-07-20,"WL1","2","5.5","P",5,15,"1.3","12.9",1,NA,"0.0","7.0",4.8,1,NA,2023,NA,"SHS",2024-01-18,NA,NA,NA,NA,NA,"white",2,NA,NA,NA,NA,NA,"N",NA,NA,1.3
2023-07-20,"WL1","2","5.5","X",19,38,NA,NA,NA,NA,NA,NA,NA,NA,NA,2023,NA,"SHS",2024-01-18,NA,NA,NA,NA,NA,"white",75,NA,NA,NA,NA,NA,NA,NA,NA,NA
2023-07-20,"WL1","2","6","P",48,5,"1.28","11.1",1,NA,"0.0","7.0",3.5,1,"shifted below transect",2023,NA,"SHS",2024-01-18,NA,NA,NA,NA,NA,"white",10,NA,NA,NA,NA,NA,"N",NA,NA,1.28
2023-07-20,"WL1","2","6","P",24,39,"1.95","22.3",1,NA,"0.0","8.0",6.3,1,NA,2023,NA,"SHS",2024-01-18,NA,NA,NA,NA,NA,"white",7,NA,NA,NA,NA,NA,"N",NA,NA,1.95
2023-07-20,"WL1","2","6","X",30,45,NA,NA,NA,NA,NA,NA,NA,NA,NA,2023,NA,"SHS",2024-01-18,NA,NA,NA,NA,NA,"white",0,NA,NA,NA,NA,NA,NA,NA,NA,NA
2023-07-20,"WL1","2","6","X",8,50,NA,NA,NA,NA,NA,NA,NA,NA,NA,2023,NA,"SHS",2024-01-18,NA,NA,NA,NA,NA,"white",46,NA,NA,NA,NA,NA,NA,NA,NA,NA
2023-07-20,"WL1","2","6","P",49,1,"1.01","11.4",1,NA,"0.0","2.0",5.4,1,NA,2023,NA,"SHS",2024-01-18,NA,NA,NA,NA,NA,"white",20,NA,NA,NA,NA,NA,"N",NA,NA,1.01
2023-07-20,"WL1","2","6","X",25,20,NA,NA,NA,NA,NA,NA,NA,NA,"shifted below transect",2023,NA,"SHS",2024-01-18,NA,NA,NA,NA,NA,"white",29,NA,NA,NA,NA,NA,NA,NA,NA,NA
2023-07-20,"WL1","2","6.5","V",22,2,"0.89","2.6",1,"1.1","0.0",NA,NA,0,NA,2023,NA,"SHS",2024-01-18,NA,NA,NA,NA,NA,"white",4,NA,NA,NA,NA,NA,"N",NA,NA,0.5
2023-07-20,"WL1","2","6.5","X",20,12,NA,NA,NA,NA,NA,NA,NA,NA,NA,2023,NA,"SHS",2024-01-18,NA,NA,NA,NA,NA,"white",67,NA,NA,NA,NA,NA,NA,NA,NA,NA
2023-07-20,"WL1","2","6.5","X",12,20,NA,NA,NA,NA,NA,NA,NA,NA,NA,2023,NA,"SHS",2024-01-18,NA,NA,NA,NA,NA,"white",17,NA,NA,NA,NA,NA,NA,NA,NA,NA
2023-07-20,"WL1","2","6.5","V",37,37,"1.3","3.5",1,"1.4",NA,NA,NA,0,NA,2023,NA,"SHS",2024-01-18,NA,NA,NA,NA,NA,"white",85,NA,NA,NA,NA,NA,"N",NA,NA,1.3
2023-07-20,"WL1","2","6.5","P",25,37,"0.85","11.1",1,NA,"0.0","4.0",3.7,1,NA,2023,NA,"SHS",2024-01-18,NA,NA,NA,NA,NA,"white",14,NA,NA,NA,NA,NA,"N",NA,NA,0.5
2023-07-20,"WL1","2","6.5","X",22,42,NA,NA,NA,NA,NA,NA,NA,NA,NA,2023,NA,"SHS",2024-01-18,NA,NA,NA,NA,NA,"white",38,NA,NA,NA,NA,NA,NA,NA,NA,NA
2023-07-20,"WL1","2","6.5","X",35,49,NA,NA,NA,NA,NA,NA,NA,NA,NA,2023,NA,"SHS",2024-01-18,NA,NA,NA,NA,NA,"white",65,NA,NA,NA,NA,NA,NA,NA,NA,NA
2023-07-20,"WL1","2","7","P",4,13,"0.75","5.2",1,NA,"0.0","2.0",3.7,1,NA,2023,NA,"SHS",2024-01-18,NA,NA,NA,NA,NA,"white",905,NA,NA,NA,NA,NA,"N",NA,NA,0.5
2023-07-20,"WL1","2","7.5","P",10,17,"1.52","17.3",1,NA,"0.0","19.0",5.5,1,NA,2023,NA,"SHS",2024-01-18,NA,NA,NA,NA,NA,"white",30,NA,NA,NA,NA,NA,"N",NA,NA,1.52
2023-07-20,"WL1","2","7.5","P",37,18,"1.42","10.5",1,NA,"0.0","5.0",3.7,1,NA,2023,NA,"SHS",2024-01-18,NA,NA,NA,NA,NA,"white",72,NA,NA,NA,NA,NA,"N",NA,NA,1.42
2023-07-20,"WL1","2","8","X",22,44,NA,NA,NA,NA,NA,NA,NA,NA,NA,2023,NA,"SHS",2024-01-18,NA,NA,NA,NA,NA,"white",948,NA,NA,NA,NA,NA,NA,NA,NA,NA
2023-07-20,"WL1","2","8","P",14,46,"0.94","13.1",2,NA,"0.0","4.0",3.6,2,NA,2023,NA,"SHS",2024-01-18,NA,NA,NA,NA,NA,"white",903,NA,NA,NA,NA,NA,"N",NA,NA,0.5
2023-07-20,"WL1","2","8","V",11,12,"0.78","1.4",1,"0.4",NA,NA,NA,0,NA,2023,NA,"SHS",2024-01-18,NA,NA,NA,NA,NA,"white",61,NA,NA,NA,NA,NA,"N",NA,NA,0.5
2023-07-20,"WL1","2","8","X",21,10,NA,NA,NA,NA,NA,NA,NA,NA,NA,2023,NA,"SHS",2024-01-18,NA,NA,NA,NA,NA,"white",63,NA,NA,NA,NA,NA,NA,NA,NA,NA
2023-07-20,"WL1","2","8","X",31,1,NA,NA,NA,NA,NA,NA,NA,NA,NA,2023,NA,"SHS",2024-01-18,NA,NA,NA,NA,NA,"white",19,NA,NA,NA,NA,NA,NA,NA,NA,NA
2023-07-20,"WL1","2","8.5","P",33,27,"1.54","17.8",1,NA,"0.0","6.0",5.5,1,NA,2023,NA,"SHS",2024-01-18,NA,NA,NA,NA,NA,"white",76,NA,NA,NA,NA,NA,"Y",NA,NA,1.54
2023-07-20,"WL1","2","8.5","X",25,4,NA,NA,NA,NA,NA,NA,NA,NA,NA,2023,NA,"SHS",2024-01-18,NA,NA,NA,NA,NA,"white",77,NA,NA,NA,NA,NA,NA,NA,NA,NA
2023-07-20,"WL1","2","8.5","P",32,23,"1.37","13.7",1,NA,"0.0","3.0",6.2,1,NA,2023,NA,"SHS",2024-01-18,NA,NA,NA,NA,NA,"white",34,NA,NA,NA,NA,NA,"N",NA,NA,1.37
2023-07-20,"WL1","2","0.5","X",NA,NA,NA,NA,NA,NA,NA,NA,NA,NA,NA,2023,NA,"MW",2024-01-24,NA,NA,NA,NA,NA,"red",207,NA,NA,NA,NA,NA,NA,NA,NA,NA
2023-07-20,"WL1","2","0.5","V",NA,NA,"0.41","2.6",1,"0.4",NA,NA,NA,NA,NA,2023,NA,"MW",2024-01-24,NA,NA,NA,NA,NA,NA,NA,NA,NA,NA,NA,NA,"N",NA,NA,0.5
2023-07-20,"WL1","2","0.5","V",NA,NA,"0.23","1.8",1,"0.8",NA,NA,NA,NA,NA,2023,NA,"MW",2024-01-24,NA,NA,NA,NA,NA,NA,NA,NA,NA,NA,NA,NA,"N",NA,NA,0.5
2023-07-20,"WL1","2","0.5","V",NA,NA,"0.61","3.1",1,"1.1",NA,NA,NA,NA,NA,2023,NA,"MW",2024-01-24,NA,NA,NA,NA,NA,NA,NA,NA,NA,NA,NA,NA,"N",NA,NA,0.5
2023-07-20,"WL1","2","0.5","V",NA,NA,"0.35","2.1",1,"0.5",NA,NA,NA,NA,NA,2023,NA,"MW",2024-01-24,NA,NA,NA,NA,NA,NA,NA,NA,NA,NA,NA,NA,"N",NA,NA,0.5
2023-07-20,"WL1","2","0.5","V",NA,NA,"0.51","3.6",1,"0.9",NA,NA,NA,NA,NA,2023,NA,"MW",2024-01-24,NA,NA,NA,NA,NA,NA,NA,NA,NA,NA,NA,NA,"N",NA,NA,0.5
2023-07-20,"WL1","2","0.5","V",NA,NA,"0.49","1.9",1,"0.4",NA,NA,NA,NA,NA,2023,NA,"MW",2024-01-24,NA,NA,NA,NA,NA,NA,NA,NA,NA,NA,NA,NA,"N",NA,NA,0.5
2023-07-20,"WL1","2","0.5","V",NA,NA,"0.41","3.1",1,"0.6",NA,NA,NA,NA,NA,2023,NA,"MW",2024-01-24,NA,NA,NA,NA,NA,NA,NA,NA,NA,NA,NA,NA,"N",NA,NA,0.5
2023-07-20,"WL1","2","0.5","V",NA,NA,"0.38","2.4",1,"0.4",NA,NA,NA,NA,NA,2023,NA,"MW",2024-01-24,NA,NA,NA,NA,NA,NA,NA,NA,NA,NA,NA,NA,"N",NA,NA,0.5
2023-07-20,"WL1","2","0.5","V",NA,NA,"0.24","0.7",1,"0.3",NA,NA,NA,NA,NA,2023,NA,"MW",2024-01-24,NA,NA,NA,NA,NA,NA,NA,NA,NA,NA,NA,NA,"N",NA,NA,0.5
2023-07-20,"WL1","2","0.5","V",NA,NA,"0.69","2.0",1,"0.7",NA,NA,NA,NA,NA,2023,NA,"MW",2024-01-24,NA,NA,NA,NA,NA,NA,NA,NA,NA,NA,NA,NA,"N",NA,NA,0.5
2023-07-20,"WL1","2","0.5","V",NA,NA,"0.62","3.4",1,"0.9",NA,NA,NA,NA,NA,2023,NA,"MW",2024-01-24,NA,NA,NA,NA,NA,NA,NA,NA,NA,NA,NA,NA,"N",NA,NA,0.5
2023-07-20,"WL1","2","0.5","V",NA,NA,"0.21","2.2",1,"0.5",NA,NA,NA,NA,NA,2023,NA,"MW",2024-01-24,NA,NA,NA,NA,NA,NA,NA,NA,NA,NA,NA,NA,"N",NA,NA,0.5
2023-07-20,"WL1","2","0.5","V",NA,NA,"0.84","2.6",1,"1.0",NA,NA,NA,NA,NA,2023,NA,"MW",2024-01-24,NA,NA,NA,NA,NA,NA,NA,NA,NA,NA,NA,NA,"N",NA,NA,0.5
2023-07-20,"WL1","2","0.5","V",NA,NA,"0.88","1.9",1,"1.0",NA,NA,NA,NA,NA,2023,NA,"MW",2024-01-24,NA,NA,NA,NA,NA,NA,NA,NA,NA,NA,NA,NA,"N",NA,NA,0.5
2023-07-20,"WL1","2","0.5","V",NA,NA,"0.33","1.6",1,"0.3",NA,NA,NA,NA,NA,2023,NA,"MW",2024-01-24,NA,NA,NA,NA,NA,NA,NA,NA,NA,NA,NA,NA,"N",NA,NA,0.5
2023-07-20,"WL1","2","1","V",NA,NA,"0.61","4.8",1,"0.9",NA,NA,NA,NA,NA,2023,NA,"MW",2024-01-24,NA,NA,NA,NA,NA,NA,NA,NA,NA,NA,NA,NA,"N",NA,NA,0.5
2023-07-20,"WL1","2","1","P",14,24,"1.14","21.1",1,NA,"0.0","8.0",5.6,1,NA,2023,NA,"MW",2024-01-24,NA,NA,NA,NA,NA,"pink",357,NA,NA,NA,NA,NA,"Y",NA,NA,1.14
2023-07-20,"WL1","2","1","P",6,50,"1.87","27.8",1,NA,"0.0","14.0",7.4,1,NA,2023,NA,"MW",2024-01-24,NA,NA,NA,NA,NA,"pink",239,NA,NA,NA,NA,NA,"N",NA,NA,1.87
2023-07-20,"WL1","2","1.5","V",41,26,"1.02","2.8",1,"1.3",NA,NA,NA,1,NA,2023,NA,"MW",2024-01-24,NA,NA,NA,NA,NA,"pink",101,NA,NA,NA,NA,NA,"N",NA,NA,1.02
2023-07-20,"WL1","2","2","P",NA,NA,"0.81","11.4",1,NA,"0.0","2.0",3.6,1,NA,2023,NA,"MW",2024-01-24,NA,NA,NA,NA,NA,NA,NA,NA,NA,NA,NA,NA,"N",NA,NA,0.5
2023-07-20,"WL1","2","2","V",NA,NA,"0.63","2.5",1,"0.5",NA,NA,NA,NA,NA,2023,NA,"MW",2024-01-24,NA,NA,NA,NA,NA,NA,NA,NA,NA,NA,NA,NA,"N",NA,NA,0.5
2023-07-20,"WL1","2","2","P",NA,NA,"0.92","15.2",1,NA,"0.0","3.0",5.1,1,NA,2023,NA,"MW",2024-01-24,NA,NA,NA,NA,NA,NA,NA,NA,NA,NA,NA,NA,"N",NA,NA,0.5
2023-07-20,"WL1","2","2","P",NA,NA,"0.43","13.5",1,NA,"0.0","2.0",4.8,1,NA,2023,NA,"MW",2024-01-24,NA,NA,NA,NA,NA,NA,NA,NA,NA,NA,NA,NA,"N",NA,NA,0.5
2023-07-20,"WL1","2","2","V",39,49,"1.13","4.0",1,"1.6",NA,NA,NA,NA,NA,2023,NA,"MW",2024-01-24,NA,NA,NA,NA,NA,"pink",874,NA,NA,NA,NA,NA,"Y",NA,NA,1.13
2023-07-20,"WL1","2","2.5","P",NA,NA,"0.84","11.5",1,NA,"0.0","2.0",5.1,1,NA,2023,NA,"MW",2024-01-24,NA,NA,NA,NA,NA,NA,NA,NA,NA,NA,NA,NA,"N",NA,NA,0.5
2023-07-20,"WL1","2","3.5","V",36,11,"1.21","2.9",1,"7.4",NA,NA,NA,0,NA,2023,NA,"MW",2024-01-24,NA,NA,NA,NA,NA,"pink",888,NA,NA,NA,NA,NA,"Y",NA,NA,1.21
2023-07-20,"WL1","2","3.5","V",NA,NA,"0.95","3.6",1,"0.6",NA,NA,NA,1,NA,2023,NA,"MW",2024-01-24,NA,NA,NA,NA,NA,NA,NA,NA,NA,NA,NA,NA,"N",NA,NA,0.5
2023-07-20,"WL1","2","3.5","V",NA,NA,"0.26","1.8",1,"0.6",NA,NA,NA,1,NA,2023,NA,"MW",2024-01-24,NA,NA,NA,NA,NA,NA,NA,NA,NA,NA,NA,NA,"N",NA,NA,0.5
2023-07-20,"WL1","2","3.5","V",NA,NA,"0.53","2.2",1,"0.4",NA,NA,NA,1,NA,2023,NA,"MW",2024-01-24,NA,NA,NA,NA,NA,NA,NA,NA,NA,NA,NA,NA,"N",NA,NA,0.5
2023-07-20,"WL1","2","3.5","V",NA,NA,"0.71","2.3",1,"1.1",NA,NA,NA,1,NA,2023,NA,"MW",2024-01-24,NA,NA,NA,NA,NA,NA,NA,NA,NA,NA,NA,NA,"N",NA,NA,0.5
2023-07-20,"WL1","2","3.5","P",47,33,"1.76","15.6",1,NA,"0.0","5.0",6.1,1,NA,2023,NA,"MW",2024-01-24,NA,NA,NA,NA,NA,"pink",860,NA,NA,NA,NA,NA,"N",NA,NA,1.76
2023-07-20,"WL1","2","3.5","P",45,46,"1.16","10.2",1,NA,"0.0","2.0",5.3,1,NA,2023,NA,"MW",2024-01-24,NA,NA,NA,NA,NA,"pink",230,NA,NA,NA,NA,NA,"N",NA,NA,1.16
2023-07-20,"WL1","2","3.5","P",33,36,"1.21","23.2",1,NA,"0.0","7.0",5.6,1,NA,2023,NA,"MW",2024-01-24,NA,NA,NA,NA,NA,"pink",735,NA,NA,NA,NA,NA,"N",NA,NA,1.21
2023-07-20,"WL1","2","3.5","V",NA,NA,"0.89","4.1",1,"0.3",NA,NA,NA,1,NA,2023,NA,"MW",2024-01-24,NA,NA,NA,NA,NA,NA,NA,NA,NA,NA,NA,NA,"N",NA,NA,0.5
2023-07-20,"WL1","2","3.5","V",NA,NA,"0.50","4.9",1,"0.7",NA,NA,NA,1,NA,2023,NA,"MW",2024-01-24,NA,NA,NA,NA,NA,NA,NA,NA,NA,NA,NA,NA,"N",NA,NA,0.5
2023-07-20,"WL1","2","3.5","P",NA,NA,"0.65","13.1",1,NA,"0.0","3.0",4.7,1,NA,2023,NA,"MW",2024-01-24,NA,NA,NA,NA,NA,NA,NA,NA,NA,NA,NA,NA,"N",NA,NA,0.5
2023-07-20,"WL1","2","3.5","P",27,32,"1.09","15.9",1,NA,"0.0","3.0",5.4,1,NA,2023,NA,"MW",2024-01-24,NA,NA,NA,NA,NA,"pink",834,NA,NA,NA,NA,NA,"N",NA,NA,1.09
2023-07-20,"WL1","2","3.5","P",28,33,"1.13","16.3",1,NA,"0.0","8.0",5.4,1,NA,2023,NA,"MW",2024-01-24,NA,NA,NA,NA,NA,"pink",465,NA,NA,NA,NA,NA,"N",NA,NA,1.13
2023-07-20,"WL1","2","3.5","V",NA,NA,"0.79","3.5",1,"1.1",NA,NA,NA,1,NA,2023,NA,"MW",2024-01-24,NA,NA,NA,NA,NA,NA,NA,NA,NA,NA,NA,NA,"N",NA,NA,0.5
2023-07-20,"WL1","2","4","V",NA,NA,"0.53","2.3",1,"0.9",NA,NA,NA,0,NA,2023,NA,"MW",2024-01-24,NA,NA,NA,NA,NA,NA,NA,NA,NA,NA,NA,NA,"N",NA,NA,0.5
2023-07-20,"WL1","2","4","V",NA,NA,"0.47","2.2",1,"0.5",NA,NA,NA,0,NA,2023,NA,"MW",2024-01-24,NA,NA,NA,NA,NA,NA,NA,NA,NA,NA,NA,NA,"N",NA,NA,0.5
2023-07-20,"WL1","2","4","V",NA,NA,"0.44","2.9",1,"0.3",NA,NA,NA,0,NA,2023,NA,"MW",2024-01-24,NA,NA,NA,NA,NA,NA,NA,NA,NA,NA,NA,NA,"N",NA,NA,0.5
2023-07-20,"WL1","2","4.5","V",NA,NA,"0.74","2.7",1,"0.9",NA,NA,NA,0,NA,2023,NA,"MW",2024-01-24,NA,NA,NA,NA,NA,NA,NA,NA,NA,NA,NA,NA,"Y",NA,NA,0.5
2023-07-20,"WL1","2","6.5","V",12,13,"1.94","5.5",1,"2.0",NA,NA,NA,0,NA,2023,NA,"MW",2024-01-24,NA,NA,NA,NA,NA,"pink",235,NA,NA,NA,NA,NA,"N",NA,NA,1.94
2023-07-20,"WL1","3","0","V",28,34,"2.78","10.9",1,"0.4",NA,NA,NA,NA,"almost dead",2023,NA,"MW",2024-01-24,NA,NA,NA,NA,NA,"white",705,NA,NA,NA,NA,NA,"N",NA,NA,2.78
2023-07-20,"WL1","3","0","P",23,0,"1.52","11.4",1,NA,"0.0","4.0",3.9,1,NA,2023,NA,"MW",2024-01-24,NA,NA,NA,NA,NA,"white",835,NA,NA,NA,NA,NA,"N",NA,NA,1.52
2023-07-20,"WL1","3","0.5","P",26,5,"1.06","13.2",1,NA,"0.0","3.0",3.9,1,NA,2023,NA,"MW",2024-01-24,NA,NA,NA,NA,NA,"white",604,NA,NA,NA,NA,NA,"N",NA,NA,1.06
2023-07-20,"WL1","3","0.5","P",24,17,"1.09","13.1",2,NA,"0.0","3.0",3.1,1,NA,2023,NA,"MW",2024-01-24,NA,NA,NA,NA,NA,"white",173,NA,NA,NA,NA,NA,"N",NA,NA,1.09
2023-07-20,"WL1","3","0.5","X",43,3,NA,NA,NA,NA,NA,NA,NA,NA,NA,2023,NA,"MW",2024-01-24,NA,NA,NA,NA,NA,"white",834,NA,NA,NA,NA,NA,NA,NA,NA,NA
2023-07-20,"WL1","3","0.5","X",37,0,NA,NA,NA,NA,NA,NA,NA,NA,NA,2023,NA,"MW",2024-01-24,NA,NA,NA,NA,NA,"white",161,NA,NA,NA,NA,NA,NA,NA,NA,NA
2023-07-20,"WL1","3","0.5","X",22,5,NA,NA,NA,NA,NA,NA,NA,NA,NA,2023,NA,"MW",2024-01-24,NA,NA,NA,NA,NA,"white",837,NA,NA,NA,NA,NA,NA,NA,NA,NA
2023-07-20,"WL1","3","0.5","P",28,6,"1.32","11.1",1,NA,"0.0","3.0",4.4,1,NA,2023,NA,"MW",2024-01-24,NA,NA,NA,NA,NA,"white",174,NA,NA,NA,NA,NA,"N",NA,NA,1.32
2023-07-20,"WL1","3","0.5","P",25,7,"2.16","13.8",1,NA,"0.0","11.0",5.6,1,NA,2023,NA,"MW",2024-01-24,NA,NA,NA,NA,NA,"white",663,NA,NA,NA,NA,NA,"N",NA,NA,2.16
2023-07-20,"WL1","3","0.5","P",0,9,"1.08","15.7",1,NA,"0.0","3.0",4.1,1,NA,2023,NA,"MW",2024-01-24,NA,NA,NA,NA,NA,"white",678,NA,NA,NA,NA,NA,"N",NA,NA,1.08
2023-07-20,"WL1","3","0.5",NA,42,3,NA,NA,NA,NA,NA,NA,NA,NA,"band not found",2023,NA,"MW",2024-01-24,NA,NA,NA,NA,NA,"white",10,NA,NA,NA,NA,NA,NA,NA,NA,NA
2023-07-20,"WL1","3","0.5","P",41,2,"0.89","13.4",1,NA,"0.0","4.0",4.1,1,NA,2023,NA,"MW",2024-01-24,NA,NA,NA,NA,NA,"white",146,NA,NA,NA,NA,NA,"N",NA,NA,0.5
2023-07-20,"WL1","3","0.5","P",30,16,"1.1","14.4",1,NA,"0.0","3.0",4.2,1,NA,2023,NA,"MW",2024-01-24,NA,NA,NA,NA,NA,"white",206,NA,NA,NA,NA,NA,"N",NA,NA,1.1
2023-07-20,"WL1","3","0.5","X",32,0,NA,NA,NA,NA,NA,NA,NA,NA,NA,2023,NA,"MW",2024-01-24,NA,NA,NA,NA,NA,"white",827,NA,NA,NA,NA,NA,NA,NA,NA,NA
2023-07-20,"WL1","3","0.5","X",27,1,NA,NA,NA,NA,NA,NA,NA,NA,NA,2023,NA,"MW",2024-01-24,NA,NA,NA,NA,NA,"white",830,NA,NA,NA,NA,NA,NA,NA,NA,NA
2023-07-20,"WL1","3","1","X",28,5,NA,NA,NA,NA,NA,NA,NA,NA,NA,2023,NA,"MW",2024-01-31,NA,NA,NA,NA,NA,"white",169,NA,NA,NA,NA,NA,NA,NA,NA,NA
2023-07-20,"WL1","3","1","X",35,2,NA,NA,NA,NA,NA,NA,NA,NA,NA,2023,NA,"MW",2024-01-31,NA,NA,NA,NA,NA,"white",700,NA,NA,NA,NA,NA,NA,NA,NA,NA
2023-07-20,"WL1","3","1",NA,45,6,NA,NA,NA,NA,NA,NA,NA,NA,NA,2023,NA,"MW",2024-01-31,NA,NA,NA,NA,NA,"white",167,NA,NA,NA,NA,NA,NA,NA,NA,NA
2023-07-20,"WL1","3","1","X",26,10,NA,NA,NA,NA,NA,NA,NA,NA,NA,2023,NA,"MW",2024-01-31,NA,NA,NA,NA,NA,"white",601,NA,NA,NA,NA,NA,NA,NA,NA,NA
2023-07-20,"WL1","3","1","X",11,17,NA,NA,NA,NA,NA,NA,NA,NA,NA,2023,NA,"MW",2024-01-31,NA,NA,NA,NA,NA,"white",674,NA,NA,NA,NA,NA,NA,NA,NA,NA
2023-07-20,"WL1","3","1","P",9,16,"1.46","19.6",1,NA,"0.0","9.0",2.3,1,NA,2023,NA,"MW",2024-01-31,NA,NA,NA,NA,NA,"white",667,NA,NA,NA,NA,NA,"N",NA,NA,1.46
2023-07-20,"WL1","3","1","X",9,20,NA,NA,NA,NA,NA,NA,NA,NA,NA,2023,NA,"MW",2024-01-31,NA,NA,NA,NA,NA,"white",150,NA,NA,NA,NA,NA,NA,NA,NA,NA
2023-07-20,"WL1","3","1","X",12,17,NA,NA,NA,NA,NA,NA,NA,NA,NA,2023,NA,"MW",2024-01-31,NA,NA,NA,NA,NA,"white",171,NA,NA,NA,NA,NA,NA,NA,NA,NA
2023-07-20,"WL1","3","1","X",14,18,NA,NA,NA,NA,NA,NA,NA,NA,NA,2023,NA,"MW",2024-01-31,NA,NA,NA,NA,NA,"white",702,NA,NA,NA,NA,NA,NA,NA,NA,NA
2023-07-20,"WL1","3","1","P",3,1,"2.98","26.1",1,NA,"0.0","16.0",7.6,1,NA,2023,NA,"MW",2024-01-31,NA,NA,NA,NA,NA,"white",605,NA,NA,NA,NA,NA,"N",NA,NA,2.98
2023-07-20,"WL1","3","0.5","X",NA,NA,NA,NA,NA,NA,NA,NA,NA,NA,"band found- plant dead",2023,NA,"MW",2024-01-31,NA,NA,NA,NA,NA,"white",112,NA,NA,NA,NA,NA,NA,NA,NA,NA
2023-07-20,"WL1","3","1.5","X",19,20,NA,NA,NA,NA,NA,NA,NA,NA,NA,2023,NA,"MW",2024-01-31,NA,NA,NA,NA,NA,"white",165,NA,NA,NA,NA,NA,NA,NA,NA,NA
2023-07-20,"WL1","3","1.5","X",9,44,NA,NA,NA,NA,NA,NA,NA,NA,NA,2023,NA,"MW",2024-01-31,NA,NA,NA,NA,NA,"white",705,NA,NA,NA,NA,NA,NA,NA,NA,NA
2023-07-20,"WL1","3","1.5","X",5,2,NA,NA,NA,NA,NA,NA,NA,NA,NA,2023,NA,"MW",2024-01-31,NA,NA,NA,NA,NA,"white",163,NA,NA,NA,NA,NA,NA,NA,NA,NA
2023-07-20,"WL1","3","1.5","X",8,0,NA,NA,NA,NA,NA,NA,NA,NA,NA,2023,NA,"MW",2024-01-31,NA,NA,NA,NA,NA,"white",604,NA,NA,NA,NA,NA,NA,NA,NA,NA
2023-07-20,"WL1","3","1.5","X",27,3,NA,NA,NA,NA,NA,NA,NA,NA,NA,2023,NA,"MW",2024-01-31,NA,NA,NA,NA,NA,"white",160,NA,NA,NA,NA,NA,NA,NA,NA,NA
2023-07-20,"WL1","3","1.5","X",23,3,NA,NA,NA,NA,NA,NA,NA,NA,NA,2023,NA,"MW",2024-01-31,NA,NA,NA,NA,NA,"white",602,NA,NA,NA,NA,NA,NA,NA,NA,NA
2023-07-20,"WL1","3","1.5","P",28,11,"2.42","27.4",1,NA,"0.0","15.0",5.9,1,NA,2023,NA,"MW",2024-01-31,NA,NA,NA,NA,NA,"white",162,NA,NA,NA,NA,NA,"N",NA,NA,2.42
2023-07-20,"WL1","3","1.5","P",15,28,"1.24","18.5",1,NA,"0.0","3.0",2.3,1,NA,2023,NA,"MW",2024-01-31,NA,NA,NA,NA,NA,"white",704,NA,NA,NA,NA,NA,"N",NA,NA,1.24
2023-07-20,"WL1","3","1.5","X",19,16,NA,NA,NA,NA,NA,NA,NA,NA,NA,2023,NA,"MW",2024-01-31,NA,NA,NA,NA,NA,"white",665,NA,NA,NA,NA,NA,NA,NA,NA,NA
2023-07-20,"WL1","3","1.5","X",31,41,NA,NA,NA,NA,NA,NA,NA,NA,NA,2023,NA,"MW",2024-01-31,NA,NA,NA,NA,NA,"white",603,NA,NA,NA,NA,NA,NA,NA,NA,NA
2023-07-20,"WL1","3","2","X",49,0,NA,NA,NA,NA,NA,NA,NA,NA,NA,2023,NA,"MW",2024-01-31,NA,NA,NA,NA,NA,"white",164,NA,NA,NA,NA,NA,NA,NA,NA,NA
2023-07-20,"WL1","3","2","X",30,0,NA,NA,NA,NA,NA,NA,NA,NA,NA,2023,NA,"MW",2024-01-31,NA,NA,NA,NA,NA,"white",151,NA,NA,NA,NA,NA,NA,NA,NA,NA
2023-07-20,"WL1","3","2.5","P",47,2,"2.48","20.2",2,NA,"0.0","23.0",5.2,2,NA,2023,NA,"MW",2024-01-31,NA,NA,NA,NA,NA,"white",607,NA,NA,NA,NA,NA,"N",NA,NA,2.48
2023-07-20,"WL1","3","2.5","X",27,4,NA,NA,NA,NA,NA,NA,NA,NA,NA,2023,NA,"MW",2024-01-31,NA,NA,NA,NA,NA,"white",168,NA,NA,NA,NA,NA,NA,NA,NA,NA
2023-07-20,"WL1","3","2.5","X",40,11,NA,NA,NA,NA,NA,NA,NA,NA,NA,2023,NA,"MW",2024-01-31,NA,NA,NA,NA,NA,"white",166,NA,NA,NA,NA,NA,NA,NA,NA,NA
2023-07-20,"WL1","3","2.5","X",22,3,NA,NA,NA,NA,NA,NA,NA,NA,NA,2023,NA,"MW",2024-01-31,NA,NA,NA,NA,NA,"white",141,NA,NA,NA,NA,NA,NA,NA,NA,NA
2023-07-20,"WL1","3","2.5","X",28,19,NA,NA,NA,NA,NA,NA,NA,NA,NA,2023,NA,"MW",2024-01-31,NA,NA,NA,NA,NA,"white",824,NA,NA,NA,NA,NA,NA,NA,NA,NA
2023-07-20,"WL1","3","2.5","X",40,26,NA,NA,NA,NA,NA,NA,NA,NA,NA,2023,NA,"MW",2024-01-31,NA,NA,NA,NA,NA,"white",706,NA,NA,NA,NA,NA,NA,NA,NA,NA
2023-07-20,"WL1","3","2.5","X",6,28,NA,NA,NA,NA,NA,NA,NA,NA,NA,2023,NA,"MW",2024-01-31,NA,NA,NA,NA,NA,"white",40,NA,NA,NA,NA,NA,NA,NA,NA,NA
2023-07-20,"WL1","3","2.5","P",34,28,"1.92","25.4",1,NA,"0.0","7.0",4.4,1,NA,2023,NA,"MW",2024-01-31,NA,NA,NA,NA,NA,"white",825,NA,NA,NA,NA,NA,"Y",NA,NA,1.92
2023-07-20,"WL1","3","2.5","P",47,0,"3.93","28.5",3,NA,"0.0","62.0",5.7,3,NA,2023,NA,"MW",2024-01-31,NA,NA,NA,NA,NA,"white",664,NA,NA,NA,NA,NA,"Y",NA,NA,3.93
2023-07-20,"WL1","3","2.5","X",39,48,NA,NA,NA,NA,NA,NA,NA,NA,NA,2023,NA,"MW",2024-01-31,NA,NA,NA,NA,NA,"white",146,NA,NA,NA,NA,NA,NA,NA,NA,NA
2023-07-20,"WL1","3","3","X",39,43,NA,NA,NA,NA,NA,NA,NA,NA,NA,2023,NA,"MW",2024-01-31,NA,NA,NA,NA,NA,"white",835,NA,NA,NA,NA,NA,NA,NA,NA,NA
2023-07-20,"WL1","3","3","P",26,14,"1.7","33.5",1,NA,"0.0","14.0",5.1,1,NA,2023,NA,"MW",2024-01-31,NA,NA,NA,NA,NA,"white",142,NA,NA,NA,NA,NA,"N",NA,NA,1.7
2023-07-20,"WL1","3","3","X",NA,NA,NA,NA,NA,NA,NA,NA,NA,NA,NA,2023,NA,"MW",2024-01-31,NA,NA,NA,NA,NA,"white",833,NA,NA,NA,NA,NA,NA,NA,NA,NA
2023-07-20,"WL1","3","3","P",22,30,"1.19","20.6",1,NA,"0.0","8.0",4.8,1,NA,2023,NA,"MW",2024-01-31,NA,NA,NA,NA,NA,"white",839,NA,NA,NA,NA,NA,"N",NA,NA,1.19
2023-07-20,"WL1","3","3","X",17,25,NA,NA,NA,NA,NA,NA,NA,NA,NA,2023,NA,"MW",2024-01-31,NA,NA,NA,NA,NA,"white",145,NA,NA,NA,NA,NA,NA,NA,NA,NA
2023-07-20,"WL1","3","3","P",21,36,"1.46","30.3",1,NA,"0.0","20.0",6.5,1,NA,2023,NA,"MW",2024-01-31,NA,NA,NA,NA,NA,"white",822,NA,NA,NA,NA,NA,"N",NA,NA,1.46
2023-07-20,"WL1","3","3","X",38,42,NA,NA,NA,NA,NA,NA,NA,NA,NA,2023,NA,"MW",2024-01-31,NA,NA,NA,NA,NA,"white",143,NA,NA,NA,NA,NA,NA,NA,NA,NA
2023-07-20,"WL1","3","3","X",9,33,NA,NA,NA,NA,NA,NA,NA,NA,NA,2023,NA,"MW",2024-01-31,NA,NA,NA,NA,NA,"white",829,NA,NA,NA,NA,NA,NA,NA,NA,NA
2023-07-20,"WL1","3","3","X",35,45,NA,NA,NA,NA,NA,NA,NA,NA,NA,2023,NA,"MW",2024-01-31,NA,NA,NA,NA,NA,"white",838,NA,NA,NA,NA,NA,NA,NA,NA,NA
2023-07-20,"WL1","3","3","X",20,45,NA,NA,NA,NA,NA,NA,NA,NA,NA,2023,NA,"MW",2024-01-31,NA,NA,NA,NA,NA,"white",826,NA,NA,NA,NA,NA,NA,NA,NA,NA
2023-07-20,"WL1","3","3.5","X",20,25,NA,NA,NA,NA,NA,NA,NA,NA,NA,2023,NA,"MW",2024-01-31,NA,NA,NA,NA,NA,"white",8,NA,NA,NA,NA,NA,NA,NA,NA,NA
2023-07-20,"WL1","3","3.5","X",9,17,NA,NA,NA,NA,NA,NA,NA,NA,NA,2023,NA,"MW",2024-01-31,NA,NA,NA,NA,NA,"white",45,NA,NA,NA,NA,NA,NA,NA,NA,NA
2023-07-20,"WL1","3","3.5","X",12,9,NA,NA,NA,NA,NA,NA,NA,NA,NA,2023,NA,"MW",2024-01-31,NA,NA,NA,NA,NA,"white",37,NA,NA,NA,NA,NA,NA,NA,NA,NA
2023-07-20,"WL1","3","3.5","X",15,0,NA,NA,NA,NA,NA,NA,NA,NA,NA,2023,NA,"MW",2024-01-31,NA,NA,NA,NA,NA,"white",44,NA,NA,NA,NA,NA,NA,NA,NA,NA
2023-07-20,"WL1","3","3.5","X",38,48,NA,NA,NA,NA,NA,NA,NA,NA,NA,2023,NA,"MW",2024-01-31,NA,NA,NA,NA,NA,"white",41,NA,NA,NA,NA,NA,NA,NA,NA,NA
2023-07-20,"WL1","3","4","F",0,0,"1.97","5.7",1,NA,"1.0","0.0",NA,1,NA,2023,NA,"MW",2024-01-31,NA,NA,NA,NA,NA,"white",40,NA,NA,NA,NA,NA,"N",NA,NA,1.97
2023-07-20,"WL1","3","4","X",7,2,NA,NA,NA,NA,NA,NA,NA,NA,NA,2023,NA,"MW",2024-01-31,NA,NA,NA,NA,NA,"white",4,NA,NA,NA,NA,NA,NA,NA,NA,NA
2023-07-20,"WL1","3","4","X",11,0,NA,NA,NA,NA,NA,NA,NA,NA,NA,2023,NA,"MW",2024-01-31,NA,NA,NA,NA,NA,"white",5,NA,NA,NA,NA,NA,NA,NA,NA,NA
2023-07-20,"WL1","3","4","X",26,9,NA,NA,NA,NA,NA,NA,NA,NA,NA,2023,NA,"MW",2024-01-31,NA,NA,NA,NA,NA,"white",34,NA,NA,NA,NA,NA,NA,NA,NA,NA
2023-07-20,"WL1","3","4","X",7,48,NA,NA,NA,NA,NA,NA,NA,NA,NA,2023,NA,"MW",2024-01-31,NA,NA,NA,NA,NA,"white",7,NA,NA,NA,NA,NA,NA,NA,NA,NA
2023-07-20,"WL1","3","4","X",19,46,NA,NA,NA,NA,NA,NA,NA,NA,NA,2023,NA,"MW",2024-01-31,NA,NA,NA,NA,NA,"white",35,NA,NA,NA,NA,NA,NA,NA,NA,NA
2023-07-20,"WL1","3","4.5","P",31,7,"2.68","36.5",1,NA,"0.0","29.0",7,1,NA,2023,NA,"MW",2024-01-31,NA,NA,NA,NA,NA,"white",43,NA,NA,NA,NA,NA,"N",NA,NA,2.68
2023-07-20,"WL1","3","4.5","P",34,40,"3.73","36.9",1,NA,"4.0","98.0",5,1,NA,2023,NA,"MW",2024-01-31,NA,NA,NA,NA,NA,"white",3,NA,NA,NA,NA,NA,"Y",NA,NA,3.73
2023-07-20,"WL1","3","4.5","X",2,34,NA,NA,NA,NA,NA,NA,NA,NA,NA,2023,NA,"MW",2024-01-31,NA,NA,NA,NA,NA,"white",31,NA,NA,NA,NA,NA,NA,NA,NA,NA
2023-07-20,"WL1","3","4","P",5,50,"2.28","20.1",1,NA,"0.0","16.0",2.8,1,NA,2023,NA,"MW",2024-01-31,NA,NA,NA,NA,NA,"pink",632,NA,NA,NA,NA,NA,"N",NA,NA,2.28
2023-07-20,"WL1","3","3","V",NA,NA,"0.35","2.2",1,"0.5",NA,NA,NA,NA,NA,2023,NA,"MW",2024-01-31,NA,NA,NA,NA,NA,NA,NA,NA,NA,NA,NA,NA,"N",NA,NA,0.5
2023-07-20,"WL1","3","3","P",9,50,"1.75","19.5",1,NA,"0.0","22.0",5.4,1,NA,2023,NA,"MW",2024-01-31,NA,NA,NA,NA,NA,"pink",677,NA,NA,NA,NA,NA,"N",NA,NA,1.75
2023-07-20,"WL1","3","2.5","P",34,42,"2.72","25.6",1,NA,"0.0","25.0",5.9,1,NA,2023,NA,"MW",2024-01-31,NA,NA,NA,NA,NA,"pink",511,NA,NA,NA,NA,NA,"Y",NA,NA,2.72
2023-07-20,"WL1","3","0","P",36,20,"1.74","18.6",1,NA,"0.0","10.0",6.6,1,NA,2023,NA,"MW",2024-01-31,NA,NA,NA,NA,NA,"pink",657,NA,NA,NA,NA,NA,"N",NA,NA,1.74
2023-07-20,"WL1","3","0.5","P",10,30,"1.58","14.3",1,NA,"0.0","7.0",4.2,1,NA,2023,NA,"MW",2024-01-31,NA,NA,NA,NA,NA,"pink",776,NA,NA,NA,NA,NA,"N",NA,NA,1.58
2023-07-20,"WL1","3","0.5","P",16,28,"1.54","20.6",1,NA,"0.0","8.0",5,1,NA,2023,NA,"MW",2024-01-31,NA,NA,NA,NA,NA,"pink",473,NA,NA,NA,NA,NA,"N",NA,NA,1.54
2023-07-20,"WL1","3","0.5","P",27,35,"1.75","19.1",1,NA,"0.0","8.0",5.2,1,NA,2023,NA,"MW",2024-01-31,NA,NA,NA,NA,NA,"pink",256,NA,NA,NA,NA,NA,"N",NA,NA,1.75
2023-07-20,"WL1","3","0.5","P",35,35,"2.07","18.8",1,NA,"1.0","5.0",5.5,1,NA,2023,NA,"MW",2024-01-31,NA,NA,NA,NA,NA,"pink",803,NA,NA,NA,NA,NA,"N",NA,NA,2.07
2023-07-20,"WL1","3","0.5","P",35,40,"1.1","9.4",1,NA,"0.0","2.0",3.2,1,NA,2023,NA,"MW",2024-01-31,NA,NA,NA,NA,NA,"pink",400,NA,NA,NA,NA,NA,"N",NA,NA,1.1
2023-07-20,"WL1","3","0","P",46,10,"1.64","25.2",1,NA,"0.0","11.0",4.8,1,NA,2023,NA,"MW",2024-01-31,NA,NA,NA,NA,NA,"pink",709,NA,NA,NA,NA,NA,"N",NA,NA,1.64
2023-07-20,"WL1","3","0.5","P",0,35,"1.43","16.2",1,NA,"0.0","4.0",5.1,1,NA,2023,NA,"MW",2024-01-31,NA,NA,NA,NA,NA,"pink",855,NA,NA,NA,NA,NA,"N",NA,NA,1.43
2023-07-20,"WL1","3","1","P",10,31,"2.07","20.3",1,NA,"1.0","12.0",2.9,1,NA,2023,NA,"MW",2024-01-31,NA,NA,NA,NA,NA,"pink",860,NA,NA,NA,NA,NA,"N",NA,NA,2.07
2023-07-20,"WL1","3","1","P",10,37,"1.6","15.7",1,NA,"0.0","7.0",5.8,1,NA,2023,NA,"MW",2024-01-31,NA,NA,NA,NA,NA,"pink",736,NA,NA,NA,NA,NA,"N",NA,NA,1.6
2023-07-20,"WL1","3","1","P",10,38,"1.07","20.4",1,NA,"0.0","6.0",4.1,1,NA,2023,NA,"MW",2024-01-31,NA,NA,NA,NA,NA,"pink",67,NA,NA,NA,NA,NA,"N",NA,NA,1.07
2023-07-20,"WL1","3","1","P",28,33,"1.93","19.1",1,NA,"0.0","12.0",5.6,1,NA,2023,NA,"MW",2024-01-31,NA,NA,NA,NA,NA,"pink",863,NA,NA,NA,NA,NA,"N",NA,NA,1.93
2023-07-20,"WL1","3","1","P",32,50,"1.14","21.0",1,NA,"0.0","9.0",4.6,1,NA,2023,NA,"MW",2024-01-31,NA,NA,NA,NA,NA,"pink",836,NA,NA,NA,NA,NA,"N",NA,NA,1.14
2023-07-20,"WL1","3","1.5","P",10,29,"2.4","21.3",1,NA,"0.0","24.0",5.7,1,NA,2023,NA,"MW",2024-01-31,NA,NA,NA,NA,NA,"pink",486,NA,NA,NA,NA,NA,"N",NA,NA,2.4
2023-07-20,"WL1","3","1.5","P",22,31,"2.05","24.8",1,NA,"1.0","12.0",6.1,1,NA,2023,NA,"MW",2024-01-31,NA,NA,NA,NA,NA,"pink",456,NA,NA,NA,NA,NA,"N",NA,NA,2.05
2023-07-20,"WL1","3","1.5","P",33,29,"1.88","24.9",1,NA,"0.0","11.0",7.3,1,NA,2023,NA,"MW",2024-01-31,NA,NA,NA,NA,NA,"pink",471,NA,NA,NA,NA,NA,"N",NA,NA,1.88
2023-07-20,"WL1","3","1.5","P",38,31,"1.32","14.7",1,NA,"0.0","6.0",3.2,1,NA,2023,NA,"MW",2024-01-31,NA,NA,NA,NA,NA,"pink",132,NA,NA,NA,NA,NA,"N",NA,NA,1.32
2023-07-20,"WL1","3","1.5","P",39,20,"2.47","30.9",1,NA,"0.0","13.0",5.1,1,NA,2023,NA,"MW",2024-01-31,NA,NA,NA,NA,NA,"pink",859,NA,NA,NA,NA,NA,"N",NA,NA,2.47
2023-07-20,"WL1","3","1.5","P",NA,NA,"0.91","12.6",1,NA,"0.0","6.0",4.8,1,NA,2023,NA,"MW",2024-01-31,NA,NA,NA,NA,NA,NA,NA,NA,NA,NA,NA,NA,"N",NA,NA,0.5
2023-07-20,"WL1","3","1.5","P",34,43,"1.47","17.8",1,NA,"0.0","7.0",5,1,NA,2023,NA,"MW",2024-01-31,NA,NA,NA,NA,NA,"pink",245,NA,NA,NA,NA,NA,"N",NA,NA,1.47
2023-07-20,"WL1","3","1.5","P",34,24,"1.69","15.8",1,NA,"0.0","10.0",6.3,1,NA,2023,NA,"MW",2024-01-31,NA,NA,NA,NA,NA,"pink",697,NA,NA,NA,NA,NA,"N",NA,NA,1.69
2023-07-20,"WL1","3","1.5","P",26,40,"1.47","14.1",1,NA,"0.0","6.0",4.6,1,NA,2023,NA,"MW",2024-01-31,NA,NA,NA,NA,NA,"pink",844,NA,NA,NA,NA,NA,"N",NA,NA,1.47
2023-07-20,"WL1","3","2","X",NA,NA,NA,NA,NA,NA,NA,NA,NA,NA,"not pinned",2023,NA,"MW",2024-01-31,NA,NA,NA,NA,NA,"white",170,NA,NA,NA,NA,NA,NA,NA,NA,NA
2023-07-20,"WL1","3","2","X",NA,NA,NA,NA,NA,NA,NA,NA,NA,NA,"not pinned",2023,NA,"MW",2024-01-31,NA,NA,NA,NA,NA,"white",408,NA,NA,NA,NA,NA,NA,NA,NA,NA
2023-07-20,"WL1","3","2","X",NA,NA,NA,NA,NA,NA,NA,NA,NA,NA,"not pinned",2023,NA,"MW",2024-01-31,NA,NA,NA,NA,NA,"white",144,NA,NA,NA,NA,NA,NA,NA,NA,NA
2023-07-20,"WL1","3","2","X",NA,NA,NA,NA,NA,NA,NA,NA,NA,NA,"not pinned",2023,NA,"MW",2024-01-31,NA,NA,NA,NA,NA,"white",836,NA,NA,NA,NA,NA,NA,NA,NA,NA
2023-07-20,"WL1","3","2","X",NA,NA,NA,NA,NA,NA,NA,NA,NA,NA,"not pinned",2023,NA,"MW",2024-01-31,NA,NA,NA,NA,NA,"white",172,NA,NA,NA,NA,NA,NA,NA,NA,NA
2023-07-20,"WL1","3","2","X",NA,NA,NA,NA,NA,NA,NA,NA,NA,NA,"not pinned",2023,NA,"MW",2024-01-31,NA,NA,NA,NA,NA,"white",307,NA,NA,NA,NA,NA,NA,NA,NA,NA
2023-07-20,"WL1","3","2","X",NA,NA,NA,NA,NA,NA,NA,NA,NA,NA,"not pinned",2023,NA,"MW",2024-01-31,NA,NA,NA,NA,NA,"white",175,NA,NA,NA,NA,NA,NA,NA,NA,NA
2023-07-20,"WL1","3","2","X",NA,NA,NA,NA,NA,NA,NA,NA,NA,NA,"not pinned",2023,NA,"MW",2024-01-31,NA,NA,NA,NA,NA,"white",315,NA,NA,NA,NA,NA,NA,NA,NA,NA
2023-07-20,"WL1","3","2","P",44,40,"1.65","15.6",1,NA,"0.0","8.0",6.1,1,NA,2023,NA,"MW",2024-01-31,NA,NA,NA,NA,NA,"pink",946,NA,NA,NA,NA,NA,"Y",NA,NA,1.65
2023-07-20,"WL1","3","2","P",42,40,"1.11","15.7",1,NA,"0.0","5.0",4.8,1,NA,2023,NA,"MW",2024-01-31,NA,NA,NA,NA,NA,"pink",244,NA,NA,NA,NA,NA,"Y",NA,NA,1.11
2023-07-20,"WL1","3","2","P",28,42,"1.35","18.4",1,NA,"0.0","7.0",4.4,2,NA,2023,NA,"MW",2024-01-31,NA,NA,NA,NA,NA,"pink",785,NA,NA,NA,NA,NA,"N",NA,NA,1.35
2023-07-20,"WL1","3","2","P",11,45,"1.18","27.6",1,NA,"0.0","14.0",5.3,1,NA,2023,NA,"MW",2024-01-31,NA,NA,NA,NA,NA,"pink",250,NA,NA,NA,NA,NA,"N",NA,NA,1.18
2023-07-20,"WL1","3","2.5","X",NA,NA,NA,NA,NA,NA,NA,NA,NA,NA,"found out of plot",2023,NA,"MW",2024-01-31,NA,NA,NA,NA,NA,"white",823,NA,NA,NA,NA,NA,NA,NA,NA,NA
2023-07-20,"WL1","3","2.5","X",NA,NA,NA,NA,NA,NA,NA,NA,NA,NA,"plant not under band",2023,NA,"MW",2024-01-31,NA,NA,NA,NA,NA,"white",152,NA,NA,NA,NA,NA,NA,NA,NA,NA
2024-07-08,"WL1","1","7","X",8,5,NA,NA,NA,NA,NA,NA,NA,NA,NA,2024,NA,"GA",2024-07-11,NA,NA,NA,NA,NA,"pink",653,NA,NA,NA,NA,NA,NA,NA,NA,NA
2024-07-08,"WL1","1","9.5","X",27,46,NA,NA,NA,NA,NA,NA,NA,NA,NA,2024,NA,"GA",2024-07-11,NA,NA,NA,NA,NA,"white",924,NA,NA,NA,NA,NA,NA,NA,NA,NA
2024-07-08,"WL1","2","0","X",31,17,NA,NA,NA,NA,NA,NA,NA,NA,NA,2024,NA,"GA",2024-07-11,NA,NA,NA,NA,NA,"white",500,NA,NA,NA,NA,NA,NA,NA,NA,NA
2024-07-08,"WL1","2","0","X",45,5,NA,NA,NA,NA,NA,NA,NA,NA,NA,2024,NA,"GA",2024-07-11,NA,NA,NA,NA,NA,"white",313,NA,NA,NA,NA,NA,NA,NA,NA,NA
2024-07-08,"WL1","2","0","X",20,37,NA,NA,NA,NA,NA,NA,NA,NA,NA,2024,NA,"GA",2024-07-11,NA,NA,NA,NA,NA,"white",208,NA,NA,NA,NA,NA,NA,NA,NA,NA
2024-07-08,"WL1","2","0.5","X",35,12,NA,NA,NA,NA,NA,NA,NA,NA,"outside of plot",2024,NA,"GA",2024-07-11,NA,NA,NA,NA,NA,"white",207,NA,NA,NA,NA,NA,NA,NA,NA,NA
2024-07-08,"WL1","2","0.5","X",49,27,NA,NA,NA,NA,NA,NA,NA,NA,NA,2024,NA,"GA",2024-07-11,NA,NA,NA,NA,NA,"white",501,NA,NA,NA,NA,NA,NA,NA,NA,NA
2024-07-08,"WL1","2","0.5","X",35,30,NA,NA,NA,NA,NA,NA,NA,NA,NA,2024,NA,"GA",2024-07-11,NA,NA,NA,NA,NA,"white",504,NA,NA,NA,NA,NA,NA,NA,NA,NA
2024-07-08,"WL1","2","0.5","X",13,23,NA,NA,NA,NA,NA,NA,NA,NA,NA,2024,NA,"GA",2024-07-11,NA,NA,NA,NA,NA,"white",507,NA,NA,NA,NA,NA,NA,NA,NA,NA
2024-07-08,"WL1","2","0.5","X",11,26,NA,NA,NA,NA,NA,NA,NA,NA,NA,2024,NA,"GA",2024-07-11,NA,NA,NA,NA,NA,"white",508,NA,NA,NA,NA,NA,NA,NA,NA,NA
2024-07-08,"WL1","2","1","X",3,11,NA,NA,NA,NA,NA,NA,NA,NA,NA,2024,NA,"GA",2024-07-11,NA,NA,NA,NA,NA,"white",516,NA,NA,NA,NA,NA,NA,NA,NA,NA
2024-07-08,"WL1","2","1","X",15,15,NA,NA,NA,NA,NA,NA,NA,NA,NA,2024,NA,"GA",2024-07-11,NA,NA,NA,NA,NA,"white",307,NA,NA,NA,NA,NA,NA,NA,NA,NA
2024-07-08,"WL1","2","1","X",29,50,NA,NA,NA,NA,NA,NA,NA,NA,NA,2024,NA,"GA",2024-07-11,NA,NA,NA,NA,NA,"white",519,NA,NA,NA,NA,NA,NA,NA,NA,NA
2024-07-08,"WL1","2","1","X",14,24,NA,NA,NA,NA,NA,NA,NA,NA,NA,2024,NA,"GA",2024-07-11,NA,NA,NA,NA,NA,"pink",357,NA,NA,NA,NA,NA,NA,NA,NA,NA
2024-07-08,"WL1","2","1","X",6,50,NA,NA,NA,NA,NA,NA,NA,NA,NA,2024,NA,"GA",2024-07-11,NA,NA,NA,NA,NA,"pink",239,NA,NA,NA,NA,NA,NA,NA,NA,NA
2024-07-08,"WL1","2","1.5","X",26,25,NA,NA,NA,NA,NA,NA,NA,NA,NA,2024,NA,"GA",2024-07-11,NA,NA,NA,NA,NA,"white",502,NA,NA,NA,NA,NA,NA,NA,NA,NA
2024-07-08,"WL1","2","1.5","X",10,38,NA,NA,NA,NA,NA,NA,NA,NA,NA,2024,NA,"GA",2024-07-11,NA,NA,NA,NA,NA,"white",201,NA,NA,NA,NA,NA,NA,NA,NA,NA
2024-07-08,"WL1","2","1.5","X",30,36,NA,NA,NA,NA,NA,NA,NA,NA,NA,2024,NA,"GA",2024-07-11,NA,NA,NA,NA,NA,"white",204,NA,NA,NA,NA,NA,NA,NA,NA,NA
2024-07-08,"WL1","2","1.5","X",45,47,NA,NA,NA,NA,NA,NA,NA,NA,NA,2024,NA,"GA",2024-07-11,NA,NA,NA,NA,NA,"white",514,NA,NA,NA,NA,NA,NA,NA,NA,NA
2024-07-08,"WL1","2","1.5","P",41,26,"1.56","19.1",1,NA,"0.0","3.0",4.4,1,NA,2024,NA,"GA",2024-07-11,NA,NA,NA,NA,NA,"pink",101,NA,NA,NA,NA,NA,"N",NA,NA,1.56
2024-07-08,"WL1","2","2","X",45,35,NA,NA,NA,NA,NA,NA,NA,NA,NA,2024,NA,"GA",2024-07-11,NA,NA,NA,NA,NA,"white",505,NA,NA,NA,NA,NA,NA,NA,NA,NA
2024-07-08,"WL1","2","2","X",40,45,NA,NA,NA,NA,NA,NA,NA,NA,NA,2024,NA,"GA",2024-07-11,NA,NA,NA,NA,NA,"white",512,NA,NA,NA,NA,NA,NA,NA,NA,NA
2024-07-08,"WL1","2","2","X",39,49,NA,NA,NA,NA,NA,NA,NA,NA,NA,2024,NA,"GA",2024-07-11,NA,NA,NA,NA,NA,"pink",874,NA,NA,NA,NA,NA,NA,NA,NA,NA
2024-07-08,"WL1","2","2.5","X",56,42,NA,NA,NA,NA,NA,NA,NA,NA,NA,2024,NA,"GA",2024-07-11,NA,NA,NA,NA,NA,"white",509,NA,NA,NA,NA,NA,NA,NA,NA,NA
2024-07-08,"WL1","2","3","X",27,31,NA,NA,NA,NA,NA,NA,NA,NA,NA,2024,NA,"GA",2024-07-11,NA,NA,NA,NA,NA,"white",12,NA,NA,NA,NA,NA,NA,NA,NA,NA
2024-07-08,"WL1","2","3","X",31,28,NA,NA,NA,NA,NA,NA,NA,NA,NA,2024,NA,"GA",2024-07-11,NA,NA,NA,NA,NA,"white",24,NA,NA,NA,NA,NA,NA,NA,NA,NA
2024-07-08,"WL1","2","3","X",19,5,NA,NA,NA,NA,NA,NA,NA,NA,NA,2024,NA,"GA",2024-07-11,NA,NA,NA,NA,NA,"white",47,NA,NA,NA,NA,NA,NA,NA,NA,NA
2024-07-08,"WL1","2","3.0","X",11,23,NA,NA,NA,NA,NA,NA,NA,NA,NA,2024,NA,"GA",2024-07-11,NA,NA,NA,NA,NA,"white",25,NA,NA,NA,NA,NA,NA,NA,NA,NA
2024-07-08,"WL1","2","3.5","X",15,2,NA,NA,NA,NA,NA,NA,NA,NA,"out of plot",2024,NA,"GA",2024-07-11,NA,NA,NA,NA,NA,"white",58,NA,NA,NA,NA,NA,NA,NA,NA,NA
2024-07-08,"WL1","2","3.5","X",20,5,NA,NA,NA,NA,NA,NA,NA,NA,"out of plot",2024,NA,"GA",2024-07-11,NA,NA,NA,NA,NA,"white",64,NA,NA,NA,NA,NA,NA,NA,NA,NA
2024-07-08,"WL1","2","3.5","X",26,6,NA,NA,NA,NA,NA,NA,NA,NA,NA,2024,NA,"GA",2024-07-11,NA,NA,NA,NA,NA,"white",83,NA,NA,NA,NA,NA,NA,NA,NA,NA
2024-07-08,"WL1","2","3.5","X",35,7,NA,NA,NA,NA,NA,NA,NA,NA,NA,2024,NA,"GA",2024-07-11,NA,NA,NA,NA,NA,"white",84,NA,NA,NA,NA,NA,NA,NA,NA,NA
2024-07-08,"WL1","2","3.5","X",35,1,NA,NA,NA,NA,NA,NA,NA,NA,"out of plot",2024,NA,"GA",2024-07-11,NA,NA,NA,NA,NA,"white",71,NA,NA,NA,NA,NA,NA,NA,NA,NA
2024-07-08,"WL1","2","3.5","X",21,14,NA,NA,NA,NA,NA,NA,NA,NA,NA,2024,NA,"GA",2024-07-11,NA,NA,NA,NA,NA,"white",69,NA,NA,NA,NA,NA,NA,NA,NA,NA
2024-07-08,"WL1","2","3.5","X",6,16,NA,NA,NA,NA,NA,NA,NA,NA,NA,2024,NA,"GA",2024-07-11,NA,NA,NA,NA,NA,"white",39,NA,NA,NA,NA,NA,NA,NA,NA,NA
2024-07-08,"WL1","2","3.5","P",36,11,"1.7","8.9",1,NA,"3.0","1.0",1.4,1,NA,2024,NA,"GA",2024-07-11,NA,NA,NA,NA,NA,"pink",888,NA,NA,NA,NA,NA,"Y",NA,NA,1.7
2024-07-08,"WL1","2","3.5","X",47,33,NA,NA,NA,NA,NA,NA,NA,NA,NA,2024,NA,"GA",2024-07-11,NA,NA,NA,NA,NA,"pink",860,NA,NA,NA,NA,NA,NA,NA,NA,NA
2024-07-08,"WL1","2","3.5","X",45,46,NA,NA,NA,NA,NA,NA,NA,NA,NA,2024,NA,"GA",2024-07-11,NA,NA,NA,NA,NA,"pink",230,NA,NA,NA,NA,NA,NA,NA,NA,NA
2024-07-08,"WL1","2","3.5","X",33,36,NA,NA,NA,NA,NA,NA,NA,NA,NA,2024,NA,"GA",2024-07-11,NA,NA,NA,NA,NA,"pink",735,NA,NA,NA,NA,NA,NA,NA,NA,NA
2024-07-08,"WL1","2","3.5","X",27,32,NA,NA,NA,NA,NA,NA,NA,NA,NA,2024,NA,"GA",2024-07-11,NA,NA,NA,NA,NA,"pink",834,NA,NA,NA,NA,NA,NA,NA,NA,NA
2024-07-08,"WL1","2","3.5","X",28,33,NA,NA,NA,NA,NA,NA,NA,NA,NA,2024,NA,"GA",2024-07-11,NA,NA,NA,NA,NA,"pink",465,NA,NA,NA,NA,NA,NA,NA,NA,NA
2024-07-08,"WL1","2","4.0","X",20,23,NA,NA,NA,NA,NA,NA,NA,NA,NA,2024,NA,"GA",2024-07-11,NA,NA,NA,NA,NA,"white",54,NA,NA,NA,NA,NA,NA,NA,NA,NA
2024-07-08,"WL1","2","4.0","X",17,33,NA,NA,NA,NA,NA,NA,NA,NA,NA,2024,NA,"GA",2024-07-11,NA,NA,NA,NA,NA,"white",18,NA,NA,NA,NA,NA,NA,NA,NA,NA
2024-07-08,"WL1","2","4.0","X",34,34,NA,NA,NA,NA,NA,NA,NA,NA,NA,2024,NA,"GA",2024-07-11,NA,NA,NA,NA,NA,"white",33,NA,NA,NA,NA,NA,NA,NA,NA,NA
2024-07-08,"WL1","2","4.0","X",33,49,NA,NA,NA,NA,NA,NA,NA,NA,NA,2024,NA,"GA",2024-07-11,NA,NA,NA,NA,NA,"white",1,NA,NA,NA,NA,NA,NA,NA,NA,NA
2024-07-08,"WL1","2","4.0","X",15,48,NA,NA,NA,NA,NA,NA,NA,NA,NA,2024,NA,"GA",2024-07-11,NA,NA,NA,NA,NA,"white",26,NA,NA,NA,NA,NA,NA,NA,NA,NA
2024-07-08,"WL1","2","4.0","V",3,17,"0.97","2.6",1,"0.1",NA,NA,NA,0,"can't tell if herb. damage",2024,NA,"GA",2024-07-11,NA,NA,NA,NA,NA,"white",23,NA,NA,NA,NA,NA,NA,NA,NA,0.5
2024-07-08,"WL1","2","4.5","X",15,44,NA,NA,NA,NA,NA,NA,NA,NA,NA,2024,NA,"GA",2024-07-11,NA,NA,NA,NA,NA,"white",42,NA,NA,NA,NA,NA,NA,NA,NA,NA
2024-07-08,"WL1","2","5","X",35,47,NA,NA,NA,NA,NA,NA,NA,NA,NA,2024,NA,"GA",2024-07-11,NA,NA,NA,NA,NA,"white",13,NA,NA,NA,NA,NA,NA,NA,NA,NA
2024-07-08,"WL1","2","5.5","X",41,36,NA,NA,NA,NA,NA,NA,NA,NA,NA,2024,NA,"GA",2024-07-11,NA,NA,NA,NA,NA,"white",28,NA,NA,NA,NA,NA,NA,NA,NA,NA
2024-07-08,"WL1","2","5.5","X",5,15,NA,NA,NA,NA,NA,NA,NA,NA,NA,2024,NA,"GA",2024-07-11,NA,NA,NA,NA,NA,"white",2,NA,NA,NA,NA,NA,NA,NA,NA,NA
2024-07-08,"WL1","2","6","X",48,5,NA,NA,NA,NA,NA,NA,NA,NA,"outside transect",2024,NA,"GA",2024-07-11,NA,NA,NA,NA,NA,"white",10,NA,NA,NA,NA,NA,NA,NA,NA,NA
2024-07-08,"WL1","2","6","X",24,39,NA,NA,NA,NA,NA,NA,NA,NA,NA,2024,NA,"GA",2024-07-11,NA,NA,NA,NA,NA,"white",7,NA,NA,NA,NA,NA,NA,NA,NA,NA
2024-07-08,"WL1","2","6","X",49,1,NA,NA,NA,NA,NA,NA,NA,NA,"outside transect",2024,NA,"GA",2024-07-11,NA,NA,NA,NA,NA,"white",20,NA,NA,NA,NA,NA,NA,NA,NA,NA
2024-07-08,"WL1","2","6.5","P",22,2,"1.26","9.2",1,NA,NA,"1.0",3.4,0,"outside transect",2024,NA,"GA",2024-07-11,NA,NA,NA,NA,NA,"white",4,NA,NA,NA,NA,NA,"Y",NA,NA,1.26
2024-07-08,"WL1","2","6.5","B",37,37,"1.42","9.8",1,NA,"0.0",NA,NA,1,NA,2024,NA,"GA",2024-07-11,NA,NA,NA,NA,NA,"white",85,NA,NA,NA,NA,NA,"Y",NA,NA,1.42
2024-07-08,"WL1","2","6.5","X",25,37,NA,NA,NA,NA,NA,NA,NA,NA,NA,2024,NA,"GA",2024-07-11,NA,NA,NA,NA,NA,"white",14,NA,NA,NA,NA,NA,NA,NA,NA,NA
2024-07-08,"WL1","2","6.5","X",12,13,NA,NA,NA,NA,NA,NA,NA,NA,NA,2024,NA,"GA",2024-07-11,NA,NA,NA,NA,NA,"pink",235,NA,NA,NA,NA,NA,NA,NA,NA,NA
2024-07-08,"WL1","2","7","X",4,13,NA,NA,NA,NA,NA,NA,NA,NA,NA,2024,NA,"GA",2024-07-11,NA,NA,NA,NA,NA,"white",905,NA,NA,NA,NA,NA,NA,NA,NA,NA
2024-07-08,"WL1","2","7.5","X",10,17,NA,NA,NA,NA,NA,NA,NA,NA,NA,2024,NA,"GA",2024-07-11,NA,NA,NA,NA,NA,"white",30,NA,NA,NA,NA,NA,NA,NA,NA,NA
2024-07-08,"WL1","2","7.5","X",37,18,NA,NA,NA,NA,NA,NA,NA,NA,NA,2024,NA,"GA",2024-07-11,NA,NA,NA,NA,NA,"white",72,NA,NA,NA,NA,NA,NA,NA,NA,NA
2024-07-08,"WL1","2","8","X",14,46,NA,NA,NA,NA,NA,NA,NA,NA,NA,2024,NA,"GA",2024-07-11,NA,NA,NA,NA,NA,"white",903,NA,NA,NA,NA,NA,NA,NA,NA,NA
2024-07-08,"WL1","2","8","X",11,12,NA,NA,NA,NA,NA,NA,NA,NA,NA,2024,NA,"GA",2024-07-11,NA,NA,NA,NA,NA,"white",61,NA,NA,NA,NA,NA,NA,NA,NA,NA
2024-07-08,"WL1","2","8.5","X",33,27,NA,NA,NA,NA,NA,NA,NA,NA,NA,2024,NA,"GA",2024-07-11,NA,NA,NA,NA,NA,"white",76,NA,NA,NA,NA,NA,NA,NA,NA,NA
2024-07-08,"WL1","2","8.5","X",32,23,NA,NA,NA,NA,NA,NA,NA,NA,NA,2024,NA,"GA",2024-07-11,NA,NA,NA,NA,NA,"white",34,NA,NA,NA,NA,NA,NA,NA,NA,NA
2024-07-08,"WL1","3","0","X",28,34,NA,NA,NA,NA,NA,NA,NA,NA,NA,2024,NA,"GA",2024-07-11,NA,NA,NA,NA,NA,"white",705,NA,NA,NA,NA,NA,NA,NA,NA,NA
2024-07-08,"WL1","3","0","X",23,0,NA,NA,NA,NA,NA,NA,NA,NA,NA,2024,NA,"GA",2024-07-11,NA,NA,NA,NA,NA,"white",835,NA,NA,NA,NA,NA,NA,NA,NA,NA
2024-07-08,"WL1","3","0","X",36,20,NA,NA,NA,NA,NA,NA,NA,NA,NA,2024,NA,"GA",2024-07-11,NA,NA,NA,NA,NA,"pink",657,NA,NA,NA,NA,NA,NA,NA,NA,NA
2024-07-08,"WL1","3","0","X",46,10,NA,NA,NA,NA,NA,NA,NA,NA,NA,2024,NA,"GA",2024-07-11,NA,NA,NA,NA,NA,"pink",709,NA,NA,NA,NA,NA,NA,NA,NA,NA
2024-07-08,"WL1","3","0.5","X",26,5,NA,NA,NA,NA,NA,NA,NA,NA,NA,2024,NA,"GA",2024-07-11,NA,NA,NA,NA,NA,"white",604,NA,NA,NA,NA,NA,NA,NA,NA,NA
2024-07-08,"WL1","3","0.5","X",24,17,NA,NA,NA,NA,NA,NA,NA,NA,NA,2024,NA,"GA",2024-07-11,NA,NA,NA,NA,NA,"white",173,NA,NA,NA,NA,NA,NA,NA,NA,NA
2024-07-08,"WL1","3","0.5","X",28,6,NA,NA,NA,NA,NA,NA,NA,NA,NA,2024,NA,"GA",2024-07-11,NA,NA,NA,NA,NA,"white",174,NA,NA,NA,NA,NA,NA,NA,NA,NA
2024-07-08,"WL1","3","0.5","X",25,7,NA,NA,NA,NA,NA,NA,NA,NA,NA,2024,NA,"GA",2024-07-11,NA,NA,NA,NA,NA,"white",663,NA,NA,NA,NA,NA,NA,NA,NA,NA
2024-07-08,"WL1","3","0.5","X",0,9,NA,NA,NA,NA,NA,NA,NA,NA,NA,2024,NA,"GA",2024-07-11,NA,NA,NA,NA,NA,"white",678,NA,NA,NA,NA,NA,NA,NA,NA,NA
2024-07-08,"WL1","3","0.5","X",41,2,NA,NA,NA,NA,NA,NA,NA,NA,NA,2024,NA,"GA",2024-07-11,NA,NA,NA,NA,NA,"white",146,NA,NA,NA,NA,NA,NA,NA,NA,NA
2024-07-08,"WL1","3","0.5","X",30,16,NA,NA,NA,NA,NA,NA,NA,NA,NA,2024,NA,"GA",2024-07-11,NA,NA,NA,NA,NA,"white",206,NA,NA,NA,NA,NA,NA,NA,NA,NA
2024-07-08,"WL1","3","0.5","X",10,30,NA,NA,NA,NA,NA,NA,NA,NA,NA,2024,NA,"GA",2024-07-11,NA,NA,NA,NA,NA,"pink",776,NA,NA,NA,NA,NA,NA,NA,NA,NA
2024-07-08,"WL1","3","0.5","X",16,28,NA,NA,NA,NA,NA,NA,NA,NA,NA,2024,NA,"GA",2024-07-11,NA,NA,NA,NA,NA,"pink",473,NA,NA,NA,NA,NA,NA,NA,NA,NA
2024-07-08,"WL1","3","0.5","X",27,35,NA,NA,NA,NA,NA,NA,NA,NA,NA,2024,NA,"GA",2024-07-11,NA,NA,NA,NA,NA,"pink",256,NA,NA,NA,NA,NA,NA,NA,NA,NA
2024-07-08,"WL1","3","0.5","X",35,35,NA,NA,NA,NA,NA,NA,NA,NA,NA,2024,NA,"GA",2024-07-11,NA,NA,NA,NA,NA,"pink",803,NA,NA,NA,NA,NA,NA,NA,NA,NA
2024-07-08,"WL1","3","0.5",NA,35,40,NA,NA,NA,NA,NA,NA,NA,NA,"not relocated (NRL)",2024,NA,"GA",2024-07-11,NA,NA,NA,NA,NA,"pink",400,NA,NA,NA,NA,NA,NA,NA,NA,NA
2024-07-08,"WL1","3","0.5","X",0,35,NA,NA,NA,NA,NA,NA,NA,NA,NA,2024,NA,"GA",2024-07-11,NA,NA,NA,NA,NA,"pink",855,NA,NA,NA,NA,NA,NA,NA,NA,NA
2024-07-08,"WL1","3","1","X",9,16,NA,NA,NA,NA,NA,NA,NA,NA,NA,2024,NA,"GA",2024-07-11,NA,NA,NA,NA,NA,"white",667,NA,NA,NA,NA,NA,NA,NA,NA,NA
2024-07-08,"WL1","3","1.0","X",3,1,NA,NA,NA,NA,NA,NA,NA,NA,NA,2024,NA,"GA",2024-07-11,NA,NA,NA,NA,NA,"white",605,NA,NA,NA,NA,NA,NA,NA,NA,NA
2024-07-08,"WL1","3","1.0","X",10,31,NA,NA,NA,NA,NA,NA,NA,NA,NA,2024,NA,"GA",2024-07-11,NA,NA,NA,NA,NA,"pink",860,NA,NA,NA,NA,NA,NA,NA,NA,NA
2024-07-08,"WL1","3","1.0","X",10,37,NA,NA,NA,NA,NA,NA,NA,NA,NA,2024,NA,"GA",2024-07-11,NA,NA,NA,NA,NA,"pink",736,NA,NA,NA,NA,NA,NA,NA,NA,NA
2024-07-08,"WL1","3","1.0","X",10,38,NA,NA,NA,NA,NA,NA,NA,NA,NA,2024,NA,"GA",2024-07-11,NA,NA,NA,NA,NA,"pink",67,NA,NA,NA,NA,NA,NA,NA,NA,NA
2024-07-08,"WL1","3","1.0","X",28,33,NA,NA,NA,NA,NA,NA,NA,NA,NA,2024,NA,"GA",2024-07-11,NA,NA,NA,NA,NA,"pink",863,NA,NA,NA,NA,NA,NA,NA,NA,NA
2024-07-08,"WL1","3","1.0","X",32,50,NA,NA,NA,NA,NA,NA,NA,NA,NA,2024,NA,"GA",2024-07-11,NA,NA,NA,NA,NA,"pink",836,NA,NA,NA,NA,NA,NA,NA,NA,NA
2024-07-08,"WL1","3","1.5","X",28,11,NA,NA,NA,NA,NA,NA,NA,NA,NA,2024,NA,"GA",2024-07-11,NA,NA,NA,NA,NA,"white",162,NA,NA,NA,NA,NA,NA,NA,NA,NA
2024-07-08,"WL1","3","1.5","X",15,28,NA,NA,NA,NA,NA,NA,NA,NA,NA,2024,NA,"GA",2024-07-11,NA,NA,NA,NA,NA,"white",704,NA,NA,NA,NA,NA,NA,NA,NA,NA
2024-07-08,"WL1","3","1.5","X",10,29,NA,NA,NA,NA,NA,NA,NA,NA,NA,2024,NA,"GA",2024-07-11,NA,NA,NA,NA,NA,"pink",486,NA,NA,NA,NA,NA,NA,NA,NA,NA
2024-07-08,"WL1","3","1.5","X",22,31,NA,NA,NA,NA,NA,NA,NA,NA,NA,2024,NA,"GA",2024-07-11,NA,NA,NA,NA,NA,"pink",456,NA,NA,NA,NA,NA,NA,NA,NA,NA
2024-07-08,"WL1","3","1.5","X",33,29,NA,NA,NA,NA,NA,NA,NA,NA,NA,2024,NA,"GA",2024-07-11,NA,NA,NA,NA,NA,"pink",471,NA,NA,NA,NA,NA,NA,NA,NA,NA
2024-07-08,"WL1","3","1.5","X",38,31,NA,NA,NA,NA,NA,NA,NA,NA,NA,2024,NA,"GA",2024-07-11,NA,NA,NA,NA,NA,"pink",132,NA,NA,NA,NA,NA,NA,NA,NA,NA
2024-07-08,"WL1","3","1.5","X",39,20,NA,NA,NA,NA,NA,NA,NA,NA,NA,2024,NA,"GA",2024-07-11,NA,NA,NA,NA,NA,"pink",859,NA,NA,NA,NA,NA,NA,NA,NA,NA
2024-07-08,"WL1","3","1.5","X",34,43,NA,NA,NA,NA,NA,NA,NA,NA,NA,2024,NA,"GA",2024-07-11,NA,NA,NA,NA,NA,"pink",245,NA,NA,NA,NA,NA,NA,NA,NA,NA
2024-07-08,"WL1","3","1.5","X",34,24,NA,NA,NA,NA,NA,NA,NA,NA,NA,2024,NA,"GA",2024-07-11,NA,NA,NA,NA,NA,"pink",697,NA,NA,NA,NA,NA,NA,NA,NA,NA
2024-07-08,"WL1","3","1.5","X",26,40,NA,NA,NA,NA,NA,NA,NA,NA,NA,2024,NA,"GA",2024-07-11,NA,NA,NA,NA,NA,"pink",844,NA,NA,NA,NA,NA,NA,NA,NA,NA
2024-07-08,"WL1","3","2.0","X",44,40,NA,NA,NA,NA,NA,NA,NA,NA,NA,2024,NA,"GA",2024-07-11,NA,NA,NA,NA,NA,"pink",946,NA,NA,NA,NA,NA,NA,NA,NA,NA
2024-07-08,"WL1","3","2.0","X",42,40,NA,NA,NA,NA,NA,NA,NA,NA,NA,2024,NA,"GA",2024-07-11,NA,NA,NA,NA,NA,"pink",244,NA,NA,NA,NA,NA,NA,NA,NA,NA
2024-07-08,"WL1","3","2.0","X",28,42,NA,NA,NA,NA,NA,NA,NA,NA,NA,2024,NA,"GA",2024-07-11,NA,NA,NA,NA,NA,"pink",785,NA,NA,NA,NA,NA,NA,NA,NA,NA
2024-07-08,"WL1","3","2.0",NA,11,45,NA,NA,NA,NA,NA,NA,NA,NA,"NRL",2024,NA,"GA",2024-07-11,NA,NA,NA,NA,NA,"pink",250,NA,NA,NA,NA,NA,NA,NA,NA,NA
2024-07-08,"WL1","3","2.5","X",47,2,NA,NA,NA,NA,NA,NA,NA,NA,NA,2024,NA,"GA",2024-07-11,NA,NA,NA,NA,NA,"white",607,NA,NA,NA,NA,NA,NA,NA,NA,NA
2024-07-08,"WL1","3","2.5","X",34,28,NA,NA,NA,NA,NA,NA,NA,NA,NA,2024,NA,"GA",2024-07-11,NA,NA,NA,NA,NA,"white",825,NA,NA,NA,NA,NA,NA,NA,NA,NA
2024-07-08,"WL1","3","2.5","X",47,0,NA,NA,NA,NA,NA,NA,NA,NA,NA,2024,NA,"GA",2024-07-11,NA,NA,NA,NA,NA,"white",664,NA,NA,NA,NA,NA,NA,NA,NA,NA
2024-07-08,"WL1","3","2.5","X",34,42,NA,NA,NA,NA,NA,NA,NA,NA,NA,2024,NA,"GA",2024-07-11,NA,NA,NA,NA,NA,"pink",511,NA,NA,NA,NA,NA,NA,NA,NA,NA
2024-07-08,"WL1","3","3.0","X",26,14,NA,NA,NA,NA,NA,NA,NA,NA,NA,2024,NA,"GA",2024-07-11,NA,NA,NA,NA,NA,"white",142,NA,NA,NA,NA,NA,NA,NA,NA,NA
2024-07-08,"WL1","3","3.0","X",22,30,NA,NA,NA,NA,NA,NA,NA,NA,NA,2024,NA,"GA",2024-07-11,NA,NA,NA,NA,NA,"white",839,NA,NA,NA,NA,NA,NA,NA,NA,NA
2024-07-08,"WL1","3","3.0","X",21,36,NA,NA,NA,NA,NA,NA,NA,NA,NA,2024,NA,"GA",2024-07-11,NA,NA,NA,NA,NA,"white",822,NA,NA,NA,NA,NA,NA,NA,NA,NA
2024-07-08,"WL1","3","3.0","X",9,50,NA,NA,NA,NA,NA,NA,NA,NA,NA,2024,NA,"GA",2024-07-11,NA,NA,NA,NA,NA,"pink",677,NA,NA,NA,NA,NA,NA,NA,NA,NA
2024-07-08,"WL1","3","4.0","X",0,0,NA,NA,NA,NA,NA,NA,NA,NA,"outside transect",2024,NA,"GA",2024-07-11,NA,NA,NA,NA,NA,"white",40,NA,NA,NA,NA,NA,NA,NA,NA,NA
2024-07-08,"WL1","3","4.0","X",5,50,NA,NA,NA,NA,NA,NA,NA,NA,NA,2024,NA,"GA",2024-07-11,NA,NA,NA,NA,NA,"pink",632,NA,NA,NA,NA,NA,NA,NA,NA,NA
2024-07-08,"WL1","3","4.5","X",31,7,NA,NA,NA,NA,NA,NA,NA,NA,NA,2024,NA,"GA",2024-07-11,NA,NA,NA,NA,NA,"white",43,NA,NA,NA,NA,NA,NA,NA,NA,NA
2024-07-08,"WL1","3","4.5","X",34,40,NA,NA,NA,NA,NA,NA,NA,NA,"NRL",2024,NA,"GA",2024-07-11,NA,NA,NA,NA,NA,"white",3,NA,NA,NA,NA,NA,NA,NA,NA,NA
2024-07-08,"WL1","1","4.0","X",NA,NA,NA,NA,NA,NA,NA,NA,NA,NA,NA,2024,NA,"GA",2024-07-11,NA,NA,NA,NA,NA,"white",829,NA,NA,NA,NA,NA,NA,NA,NA,NA
2024-07-08,"WL1","1","4.5","X",NA,NA,NA,NA,NA,NA,NA,NA,NA,NA,NA,2024,NA,"GA",2024-07-11,NA,NA,NA,NA,NA,"white",642,NA,NA,NA,NA,NA,NA,NA,NA,NA
2024-07-08,"WL1","3","0.5","X",NA,NA,NA,NA,NA,NA,NA,NA,NA,NA,NA,2024,NA,"GA",2024-07-11,NA,NA,NA,NA,NA,"white",112,NA,NA,NA,NA,NA,NA,NA,NA,NA
2024-07-08,"WL1","3","0.5","X",NA,NA,NA,NA,NA,NA,NA,NA,NA,NA,NA,2024,NA,"GA",2024-07-11,NA,NA,NA,NA,NA,"pink",460,NA,NA,NA,NA,NA,NA,NA,NA,NA
2024-07-08,"WL1","1","5.5","X",NA,NA,NA,NA,NA,NA,NA,NA,NA,NA,"moved out of plot",2024,NA,"GA",2024-07-11,NA,NA,NA,NA,NA,"white",70,NA,NA,NA,NA,NA,NA,NA,NA,NA
2024-07-08,"WL1","1","9.0","X",40,25,NA,NA,NA,NA,NA,NA,NA,NA,NA,2024,NA,"GA",2024-07-11,NA,NA,NA,NA,NA,"white",940,NA,NA,NA,NA,NA,NA,NA,NA,NA
2024-07-08,"WL1","1","9.0","X",NA,NA,NA,NA,NA,NA,NA,NA,NA,NA,"below transect",2024,NA,"GA",2024-07-11,NA,NA,NA,NA,NA,"white",939,NA,NA,NA,NA,NA,NA,NA,NA,NA
