"Census_date","Site","Transect_plot","Quad","Phenology","Xcoord","Ycoord","Stem_diam_mm","Height_cm","Num_total_branches","Longest_leaf_cm","Num_flowers","Num_fruits","Longest_fruit_cm","Num_repro_branches","Notes","Census_year","Year_marked","Entered_by","Date_entered","Collected_by","Tag","2018tag","2019tag","Band","Band_color","Band_num","Pick_color","Sword_color","Canopy_width_cm","Leaf_thickness_mm","Buds","Herbivory","Num_leaves","Category_herbivory","Stem_diam_mm_UFA"
2017-08-03,"WL3","1","0-0.5","V",3,15,"<1","1.8",1,"0.3",NA,NA,NA,NA,NA,2017,NA,NA,NA,NA,NA,NA,NA,NA,NA,NA,NA,NA,NA,NA,NA,NA,NA,NA,0.5
2017-08-03,"WL3","1","0-0.5","F",30,23,"6.75","21.1",6,NA,"22.0","55.0",4.5,6,NA,2017,NA,NA,NA,NA,NA,NA,NA,NA,NA,NA,NA,NA,NA,NA,NA,NA,NA,NA,6.75
2017-08-03,"WL3","1","0.5","V",14,5,"~1","3.4",3,"0.9",NA,NA,NA,0,"(put in protocol) Primary branches from the bottom lvs dry and senescing",2017,NA,NA,NA,NA,NA,NA,NA,NA,NA,NA,NA,NA,NA,NA,NA,NA,NA,NA,0.5
2017-08-03,"WL3","1","0.5","PF",21,32,"<1","4.1",3,"no lvs","0.0","3.0",2.8,3,NA,2017,NA,NA,NA,NA,NA,NA,NA,NA,NA,NA,NA,NA,NA,NA,NA,NA,NA,NA,0.5
2017-08-03,"WL3","1","0.5","F",10,40,"1.6","10.5",3,NA,"1.0","3.0",4.8,3,NA,2017,NA,NA,NA,NA,NA,NA,NA,NA,NA,NA,NA,NA,NA,NA,NA,NA,NA,NA,1.6
2017-08-03,"WL3","1","0.5","V",38,41,"<1","1.8",1,"0.4",NA,NA,NA,NA,NA,2017,NA,NA,NA,NA,NA,NA,NA,NA,NA,NA,NA,NA,NA,NA,NA,NA,NA,NA,0.5
2017-08-03,"WL3","1","0.5","V",9,49,"<1","0.8",1,"0.3",NA,NA,NA,NA,NA,2017,NA,NA,NA,NA,NA,NA,NA,NA,NA,NA,NA,NA,NA,NA,NA,NA,NA,NA,0.5
2017-08-03,"WL3","1","1.0","V",4,4,"<1","0.9",1,"0.3",NA,NA,NA,NA,NA,2017,NA,NA,NA,NA,NA,NA,NA,NA,NA,NA,NA,NA,NA,NA,NA,NA,NA,NA,0.5
2017-08-03,"WL3","1","1.0","V",2,11,"<1","2.4",1,"0.6",NA,NA,NA,NA,NA,2017,NA,NA,NA,NA,NA,NA,NA,NA,NA,NA,NA,NA,NA,NA,NA,NA,NA,NA,0.5
2017-08-03,"WL3","1","1.0","V",15,12,"<1","0.9",1,"0.4",NA,NA,NA,NA,NA,2017,NA,NA,NA,NA,NA,NA,NA,NA,NA,NA,NA,NA,NA,NA,NA,NA,NA,NA,0.5
2017-08-03,"WL3","1","1.0","V",44,30,"<1","1.1",1,"0.5",NA,NA,NA,NA,NA,2017,NA,NA,NA,NA,NA,NA,NA,NA,NA,NA,NA,NA,NA,NA,NA,NA,NA,NA,0.5
2017-08-03,"WL3","1","1.5","V",12,5,"<1","1.3",1,"0.3",NA,NA,NA,NA,NA,2017,NA,NA,NA,NA,NA,NA,NA,NA,NA,NA,NA,NA,NA,NA,NA,NA,NA,NA,0.5
2017-08-03,"WL3","1","1.5","V",29,38,"<1","0.9",1,"0.4",NA,NA,NA,NA,NA,2017,NA,NA,NA,NA,NA,NA,NA,NA,NA,NA,NA,NA,NA,NA,NA,NA,NA,NA,0.5
2017-08-03,"WL3","1","1.5","V",39,19,"<1","0.6",1,"0.2",NA,NA,NA,NA,NA,2017,NA,NA,NA,NA,NA,NA,NA,NA,NA,NA,NA,NA,NA,NA,NA,NA,NA,NA,0.5
2017-08-03,"WL3","1","1.5","V",43,20,"<1","0.4",1,"0.2",NA,NA,NA,NA,NA,2017,NA,NA,NA,NA,NA,NA,NA,NA,NA,NA,NA,NA,NA,NA,NA,NA,NA,NA,0.5
2017-08-03,"WL3","1","1.5","V",46,21,"<1","1.4",1,"0.4",NA,NA,NA,NA,NA,2017,NA,NA,NA,NA,NA,NA,NA,NA,NA,NA,NA,NA,NA,NA,NA,NA,NA,NA,0.5
2017-08-03,"WL3","1","1.5","V",40,45,"<1","1.5",1,"0.4",NA,NA,NA,NA,NA,2017,NA,NA,NA,NA,NA,NA,NA,NA,NA,NA,NA,NA,NA,NA,NA,NA,NA,NA,0.5
2017-08-03,"WL3","1","2.0","V",1,21,"<1","0.2",1,"0.2",NA,NA,NA,NA,NA,2017,NA,NA,NA,NA,NA,NA,NA,NA,NA,NA,NA,NA,NA,NA,NA,NA,NA,NA,0.5
2017-08-03,"WL3","1","2.0","V",2,24,"<1","0.7",1,"0.2",NA,NA,NA,NA,NA,2017,NA,NA,NA,NA,NA,NA,NA,NA,NA,NA,NA,NA,NA,NA,NA,NA,NA,NA,0.5
2017-08-03,"WL3","1","2.0","V",6,28,"<1","0.9",1,"0.4",NA,NA,NA,NA,NA,2017,NA,NA,NA,NA,NA,NA,NA,NA,NA,NA,NA,NA,NA,NA,NA,NA,NA,NA,0.5
2017-08-03,"WL3","1","2.0","V",37,45,"<1","1.2",1,"0.8",NA,NA,NA,NA,NA,2017,NA,NA,NA,NA,NA,NA,NA,NA,NA,NA,NA,NA,NA,NA,NA,NA,NA,NA,0.5
2017-08-03,"WL3","1","2.0","V",41,15,"<1","2.3",1,"0.5",NA,NA,NA,NA,NA,2017,NA,NA,NA,NA,NA,NA,NA,NA,NA,NA,NA,NA,NA,NA,NA,NA,NA,NA,0.5
2017-08-03,"WL3","1","2.5","V",10,16,"<1","1.2",1,"0.6",NA,NA,NA,NA,NA,2017,NA,NA,NA,NA,NA,NA,NA,NA,NA,NA,NA,NA,NA,NA,NA,NA,NA,NA,0.5
2017-08-03,"WL3","1","2.5","V",47,35,"<1","1.5",1,"0.4",NA,NA,NA,NA,NA,2017,NA,NA,NA,NA,NA,NA,NA,NA,NA,NA,NA,NA,NA,NA,NA,NA,NA,NA,0.5
2017-08-03,"WL3","1","3.0","F",15,14,"2.98","12.4",3,NA,"11.0","6.0",4.1,3,NA,2017,NA,NA,NA,NA,NA,NA,NA,NA,NA,NA,NA,NA,NA,NA,NA,NA,NA,NA,2.98
2017-08-03,"WL3","1","3.0","F",34,4,"1.97","15.4",5,NA,"9.0","3.0",3.4,3,"2 veg branch, 5 buds",2017,NA,NA,NA,NA,NA,NA,NA,NA,NA,NA,NA,NA,NA,NA,NA,NA,NA,NA,1.97
2017-08-03,"WL3","1","3.0","V",41,38,"1.49","4.2",6,"1.2",NA,NA,NA,NA,NA,2017,NA,NA,NA,NA,NA,NA,NA,NA,NA,NA,NA,NA,NA,NA,NA,NA,NA,NA,1.49
2017-08-03,"WL3","1","3.5","V",36,22,"<1","1.1",1,"0.3",NA,NA,NA,NA,NA,2017,NA,NA,NA,NA,NA,NA,NA,NA,NA,NA,NA,NA,NA,NA,NA,NA,NA,NA,0.5
2017-08-03,"WL3","1","3.5","V",40,22,"<1","0.5",1,"0.2",NA,NA,NA,NA,NA,2017,NA,NA,NA,NA,NA,NA,NA,NA,NA,NA,NA,NA,NA,NA,NA,NA,NA,NA,0.5
2017-08-03,"WL3","1","3.5","V",2,32,"<1","0.7",1,"0.3",NA,NA,NA,NA,NA,2017,NA,NA,NA,NA,NA,NA,NA,NA,NA,NA,NA,NA,NA,NA,NA,NA,NA,NA,0.5
2017-08-03,"WL3","1","4.0","F",41,42,"2.03","11.9",6,NA,"7.0","2.0",2.9,5,NA,2017,NA,NA,NA,NA,NA,NA,NA,NA,NA,NA,NA,NA,NA,NA,NA,NA,NA,NA,2.03
2017-08-03,"WL3","1","4.5","V",5,7,"<1","1.2",1,"0.2",NA,NA,NA,NA,"none",2017,NA,NA,NA,NA,NA,NA,NA,NA,NA,NA,NA,NA,NA,NA,NA,NA,NA,NA,0.5
2017-08-03,"WL3","1","5.0",NA,NA,NA,NA,NA,NA,NA,NA,NA,NA,NA,"none",2017,NA,NA,NA,NA,NA,NA,NA,NA,NA,NA,NA,NA,NA,NA,NA,NA,NA,NA,NA
2017-08-03,"WL3","1","5.5",NA,NA,NA,NA,NA,NA,NA,NA,NA,NA,NA,"none",2017,NA,NA,NA,NA,NA,NA,NA,NA,NA,NA,NA,NA,NA,NA,NA,NA,NA,NA,NA
2017-08-03,"WL3","1","6.0",NA,NA,NA,NA,NA,NA,NA,NA,NA,NA,NA,"none",2017,NA,NA,NA,NA,NA,NA,NA,NA,NA,NA,NA,NA,NA,NA,NA,NA,NA,NA,NA
2017-08-03,"WL3","1","6.5",NA,NA,NA,NA,NA,NA,NA,NA,NA,NA,NA,"none",2017,NA,NA,NA,NA,NA,NA,NA,NA,NA,NA,NA,NA,NA,NA,NA,NA,NA,NA,NA
2017-08-03,"WL3","1","7.0",NA,NA,NA,NA,NA,NA,NA,NA,NA,NA,NA,"none",2017,NA,NA,NA,NA,NA,NA,NA,NA,NA,NA,NA,NA,NA,NA,NA,NA,NA,NA,NA
2017-08-03,"WL3","1","7.5",NA,NA,NA,NA,NA,NA,NA,NA,NA,NA,NA,"none",2017,NA,NA,NA,NA,NA,NA,NA,NA,NA,NA,NA,NA,NA,NA,NA,NA,NA,NA,NA
2017-08-03,"WL3","1","8.0",NA,NA,NA,NA,NA,NA,NA,NA,NA,NA,NA,"none",2017,NA,NA,NA,NA,NA,NA,NA,NA,NA,NA,NA,NA,NA,NA,NA,NA,NA,NA,NA
2017-08-03,"WL3","1","8.5","P",30,4,"2.35","20.5",8,NA,"14.0","26.0",5.7,8,NA,2017,NA,NA,NA,NA,NA,NA,NA,NA,NA,NA,NA,NA,NA,NA,NA,NA,NA,NA,2.35
2017-08-03,"WL3","1","8.5","F",28,22,"2.75","19.1",9,NA,"10.0","51.0",4.9,9,NA,2017,NA,NA,NA,NA,NA,NA,NA,NA,NA,NA,NA,NA,NA,NA,NA,NA,NA,NA,2.75
2017-08-03,"WL3","4","0.0",NA,NA,NA,NA,NA,NA,NA,NA,NA,NA,NA,"none",2017,NA,NA,NA,NA,NA,NA,NA,NA,NA,NA,NA,NA,NA,NA,NA,NA,NA,NA,NA
2017-08-03,"WL3","4","0.5",NA,NA,NA,NA,NA,NA,NA,NA,NA,NA,NA,"none",2017,NA,NA,NA,NA,NA,NA,NA,NA,NA,NA,NA,NA,NA,NA,NA,NA,NA,NA,NA
2017-08-03,"WL3","4","1.0",NA,NA,NA,NA,NA,NA,NA,NA,NA,NA,NA,"none",2017,NA,NA,NA,NA,NA,NA,NA,NA,NA,NA,NA,NA,NA,NA,NA,NA,NA,NA,NA
2017-08-03,"WL3","4","1.5","P",19,29,"2.09","15.9",2,NA,"0.0","9.0",5.6,2,NA,2017,NA,NA,NA,NA,NA,NA,NA,NA,NA,NA,NA,NA,NA,NA,NA,NA,NA,NA,2.09
2017-08-03,"WL3","4","2.0",NA,NA,NA,NA,NA,NA,NA,NA,NA,NA,NA,"none",2017,NA,NA,NA,NA,NA,NA,NA,NA,NA,NA,NA,NA,NA,NA,NA,NA,NA,NA,NA
2017-08-03,"WL3","4","2.5",NA,NA,NA,NA,NA,NA,NA,NA,NA,NA,NA,"none",2017,NA,NA,NA,NA,NA,NA,NA,NA,NA,NA,NA,NA,NA,NA,NA,NA,NA,NA,NA
2017-08-03,"WL3","4","3.0",NA,NA,NA,NA,NA,NA,NA,NA,NA,NA,NA,"none",2017,NA,NA,NA,NA,NA,NA,NA,NA,NA,NA,NA,NA,NA,NA,NA,NA,NA,NA,NA
2017-08-03,"WL3","4","3.5","F",26,44,"3.21","15.9",7,NA,"7.0","57.0",4.5,7,NA,2017,NA,NA,NA,NA,NA,NA,NA,NA,NA,NA,NA,NA,NA,NA,NA,NA,NA,NA,3.21
2017-08-03,"WL3","4","4.0",NA,NA,NA,NA,NA,NA,NA,NA,NA,NA,NA,"none",2017,NA,NA,NA,NA,NA,NA,NA,NA,NA,NA,NA,NA,NA,NA,NA,NA,NA,NA,NA
2017-08-03,"WL3","4","4.5","V",18,23,"<1","1.1",1,"0.8",NA,NA,NA,NA,NA,2017,NA,NA,NA,NA,NA,NA,NA,NA,NA,NA,NA,NA,NA,NA,NA,NA,NA,NA,0.5
2017-08-03,"WL3","4","5.0","V",20,36,"~1","6.1",2,"1.6",NA,NA,NA,NA,NA,2017,NA,NA,NA,NA,NA,NA,NA,NA,NA,NA,NA,NA,NA,NA,NA,NA,NA,NA,0.5
2017-08-03,"WL3","4","5.5","V",5,12,"<1","1.3",1,"0.8",NA,NA,NA,NA,NA,2017,NA,NA,NA,NA,NA,NA,NA,NA,NA,NA,NA,NA,NA,NA,NA,NA,NA,NA,0.5
2017-08-03,"WL3","4","5.5","V",7,47,"<1","0.5",1,"0.4",NA,NA,NA,NA,NA,2017,NA,NA,NA,NA,NA,NA,NA,NA,NA,NA,NA,NA,NA,NA,NA,NA,NA,NA,0.5
2017-08-03,"WL3","4","5.5","V",9,13,"<1","1.5",1,"0.9",NA,NA,NA,NA,NA,2017,NA,NA,NA,NA,NA,NA,NA,NA,NA,NA,NA,NA,NA,NA,NA,NA,NA,NA,0.5
2017-08-03,"WL3","4","5.5","V",20,21,"<1","1.6",1,"0.6",NA,NA,NA,NA,NA,2017,NA,NA,NA,NA,NA,NA,NA,NA,NA,NA,NA,NA,NA,NA,NA,NA,NA,NA,0.5
2017-08-03,"WL3","4","5.5","V",23,19,"<1","1.1",1,"1.0",NA,NA,NA,NA,NA,2017,NA,NA,NA,NA,NA,NA,NA,NA,NA,NA,NA,NA,NA,NA,NA,NA,NA,NA,0.5
2017-08-03,"WL3","4","5.5","V",24,14,"<1","2.0",1,"0.9",NA,NA,NA,NA,NA,2017,NA,NA,NA,NA,NA,NA,NA,NA,NA,NA,NA,NA,NA,NA,NA,NA,NA,NA,0.5
2017-08-03,"WL3","4","5.5","V",25,27,"<1","1.7",1,"1.1",NA,NA,NA,NA,NA,2017,NA,NA,NA,NA,NA,NA,NA,NA,NA,NA,NA,NA,NA,NA,NA,NA,NA,NA,0.5
2017-08-03,"WL3","4","5.5","V",27,11,"<1","1.7",1,"0.8",NA,NA,NA,NA,NA,2017,NA,NA,NA,NA,NA,NA,NA,NA,NA,NA,NA,NA,NA,NA,NA,NA,NA,NA,0.5
2017-08-03,"WL3","2","0.0","P",21,10,"~1","9.8",7,NA,"0.0","24.0",4.5,7,NA,2017,NA,NA,NA,NA,NA,NA,NA,NA,NA,NA,NA,NA,NA,NA,NA,NA,NA,NA,0.5
2017-08-03,"WL3","2","0.0","P",28,22,"~1","11.8",10,NA,"0.0","14.0",5.1,10,NA,2017,NA,NA,NA,NA,NA,NA,NA,NA,NA,NA,NA,NA,NA,NA,NA,NA,NA,NA,0.5
2017-08-03,"WL3","2","1.0","V",9,24,"<1","3.2",4,"1.1",NA,NA,NA,NA,NA,2017,NA,NA,NA,NA,NA,NA,NA,NA,NA,NA,NA,NA,NA,NA,NA,NA,NA,NA,0.5
2017-08-03,"WL3","2","1.0","P",19,6,"3.09","15.6",7,NA,"0.0","62.0",7,7,NA,2017,NA,NA,NA,NA,NA,NA,NA,NA,NA,NA,NA,NA,NA,NA,NA,NA,NA,NA,3.09
2017-08-03,"WL3","2","1.0","P",23,35,"2.69","13.3",8,NA,"0.0","31.0",4.5,7,NA,2017,NA,NA,NA,NA,NA,NA,NA,NA,NA,NA,NA,NA,NA,NA,NA,NA,NA,NA,2.69
2017-08-03,"WL3","2","1.0","P",31,7,"~1","9.4",3,NA,"0.0","7.0",3.1,3,NA,2017,NA,NA,NA,NA,NA,NA,NA,NA,NA,NA,NA,NA,NA,NA,NA,NA,NA,NA,0.5
2017-08-03,"WL3","2","1.0","V",31,28,"<1","1.2",1,"0.7",NA,NA,NA,NA,NA,2017,NA,NA,NA,NA,NA,NA,NA,NA,NA,NA,NA,NA,NA,NA,NA,NA,NA,NA,0.5
2017-08-03,"WL3","2","1.0","F",44,13,"1.64","17.5",2,NA,"3.0","5.0",4.7,1,NA,2017,NA,NA,NA,NA,NA,NA,NA,NA,NA,NA,NA,NA,NA,NA,NA,NA,NA,NA,1.64
2017-08-03,"WL3","2","1.0","P",40,49,"2.4","11.2",8,NA,"0.0","28.0",4.2,8,NA,2017,NA,NA,NA,NA,NA,NA,NA,NA,NA,NA,NA,NA,NA,NA,NA,NA,NA,NA,2.4
2017-08-03,"WL3","2","1.0","V",48,36,"<1","0.7",1,"0.4",NA,NA,NA,NA,NA,2017,NA,NA,NA,NA,NA,NA,NA,NA,NA,NA,NA,NA,NA,NA,NA,NA,NA,NA,0.5
2017-08-03,"WL3","2","1.0","V",49,38,"<1","0.4",1,"0.3",NA,NA,NA,NA,NA,2017,NA,NA,NA,NA,NA,NA,NA,NA,NA,NA,NA,NA,NA,NA,NA,NA,NA,NA,0.5
2017-08-03,"WL3","2","2.0","V",13,46,"~1","3.0",3,"1.2",NA,NA,NA,NA,NA,2017,NA,NA,NA,NA,NA,NA,NA,NA,NA,NA,NA,NA,NA,NA,NA,NA,NA,NA,0.5
2017-08-03,"WL3","2","2.0","P",22,12,"2.38","10.8",8,NA,"0.0","36.0",5,8,NA,2017,NA,NA,NA,NA,NA,NA,NA,NA,NA,NA,NA,NA,NA,NA,NA,NA,NA,NA,2.38
2017-08-03,"WL3","2","3.0","V",25,32,"<1","0.6",1,"0.3",NA,NA,NA,NA,NA,2017,NA,NA,NA,NA,NA,NA,NA,NA,NA,NA,NA,NA,NA,NA,NA,NA,NA,NA,0.5
2017-08-03,"WL3","2","3.0","V",29,13,"~1","1.9",1,"0.5",NA,NA,NA,NA,NA,2017,NA,NA,NA,NA,NA,NA,NA,NA,NA,NA,NA,NA,NA,NA,NA,NA,NA,NA,0.5
2017-08-03,"WL3","2","3.0","V",43,31,"<1","1.9",1,"0.6",NA,NA,NA,NA,NA,2017,NA,NA,NA,NA,NA,NA,NA,NA,NA,NA,NA,NA,NA,NA,NA,NA,NA,NA,0.5
2017-08-03,"WL3","2","3.0","P",45,43,"2.03","14.2",3,NA,"0.0","5.0",6.6,3,NA,2017,NA,NA,NA,NA,NA,NA,NA,NA,NA,NA,NA,NA,NA,NA,NA,NA,NA,NA,2.03
2017-08-03,"WL3","2","4.5","V",46,11,"1.62","3.0",8,"1.2",NA,NA,NA,NA,NA,2017,NA,NA,NA,NA,NA,NA,NA,NA,NA,NA,NA,NA,NA,NA,NA,NA,NA,NA,1.62
2017-08-03,"WL3","1","9.5","P",4,12,"1.76","6.5",4,NA,NA,"4.0",3.8,4,"one branch broken",2017,NA,NA,NA,NA,NA,NA,NA,NA,NA,NA,NA,NA,NA,NA,NA,NA,NA,NA,1.76
2017-08-03,"WL3","1","9.5","P",9,18,"1.43","11.5",8,NA,NA,"6.0",5.3,8,"one branch broke off",2017,NA,NA,NA,NA,NA,NA,NA,NA,NA,NA,NA,NA,NA,NA,NA,NA,NA,NA,1.43
2017-08-03,"WL3","1","9.5","V",11,45,"~1","2.5",1,"0.4",NA,NA,NA,NA,NA,2017,NA,NA,NA,NA,NA,NA,NA,NA,NA,NA,NA,NA,NA,NA,NA,NA,NA,NA,0.5
2017-08-03,"WL3","1","9.5","V",28,20,"<1","1.8",1,"0.3",NA,NA,NA,NA,NA,2017,NA,NA,NA,NA,NA,NA,NA,NA,NA,NA,NA,NA,NA,NA,NA,NA,NA,NA,0.5
2017-08-03,"WL3","1","9.5","V",34,24,"<1","1.7",1,"0.5",NA,NA,NA,NA,NA,2017,NA,NA,NA,NA,NA,NA,NA,NA,NA,NA,NA,NA,NA,NA,NA,NA,NA,NA,0.5
2017-08-03,"WL3","1","9.5","F",41,25,"2.06","11.6",5,NA,"3.0","14.0",5.2,5,NA,2017,NA,NA,NA,NA,NA,NA,NA,NA,NA,NA,NA,NA,NA,NA,NA,NA,NA,NA,2.06
2017-08-03,"WL3","1","9.5","P",49,40,"~1","12.6",2,NA,NA,"2.0",5.3,2,NA,2017,NA,NA,NA,NA,NA,NA,NA,NA,NA,NA,NA,NA,NA,NA,NA,NA,NA,NA,0.5
2017-08-03,"WL3","1","9.0","V",49,3,"~1","2.8",1,"0.9",NA,NA,NA,NA,NA,2017,NA,NA,NA,NA,NA,NA,NA,NA,NA,NA,NA,NA,NA,NA,NA,NA,NA,NA,0.5
2017-08-03,"WL3","1","9.0","V",48,3,"<1","1.9",1,"0.4",NA,NA,NA,NA,NA,2017,NA,NA,NA,NA,NA,NA,NA,NA,NA,NA,NA,NA,NA,NA,NA,NA,NA,NA,0.5
2017-08-03,"WL3","1","9.0","F",32,5,"1.83","10.5",3,NA,"7.0","6.0",5,3,"one branch broken off",2017,NA,NA,NA,NA,NA,NA,NA,NA,NA,NA,NA,NA,NA,NA,NA,NA,NA,NA,1.83
2017-08-03,"WL3","1","9.0","P",27,5,"1.76","8.0",4,NA,NA,"8.0",3.1,4,NA,2017,NA,NA,NA,NA,NA,NA,NA,NA,NA,NA,NA,NA,NA,NA,NA,NA,NA,NA,1.76
2017-08-03,"WL3","1","9.0","F",24,18,"1.38","9.4",5,NA,"1.0","4.0",2.4,5,NA,2017,NA,NA,NA,NA,NA,NA,NA,NA,NA,NA,NA,NA,NA,NA,NA,NA,NA,NA,1.38
2017-08-03,"WL3","1","9.0","F",21,43,"2.24","11.3",9,NA,"1.0","16.0",3.8,9,NA,2017,NA,NA,NA,NA,NA,NA,NA,NA,NA,NA,NA,NA,NA,NA,NA,NA,NA,NA,2.24
2017-08-03,"WL3","1","9.0","P",19,22,"2.99","14.5",11,NA,NA,"26.0",4,11,NA,2017,NA,NA,NA,NA,NA,NA,NA,NA,NA,NA,NA,NA,NA,NA,NA,NA,NA,NA,2.99
2017-08-03,"WL3","1","9.0","P",18,33,"2.3","15.0",9,NA,NA,"25.0",3.9,9,NA,2017,NA,NA,NA,NA,NA,NA,NA,NA,NA,NA,NA,NA,NA,NA,NA,NA,NA,NA,2.3
2017-08-03,"WL3","1","9.0","P",18,26,"1.94","11.2",9,NA,NA,"14.0",4.3,9,NA,2017,NA,NA,NA,NA,NA,NA,NA,NA,NA,NA,NA,NA,NA,NA,NA,NA,NA,NA,1.94
2017-08-03,"WL3","1","9.0","P",18,22,"2.1","24.0",12,NA,NA,"19.0",4.5,12,NA,2017,NA,NA,NA,NA,NA,NA,NA,NA,NA,NA,NA,NA,NA,NA,NA,NA,NA,NA,2.1
2017-08-03,"WL3","1","9.0","P",16,23,"1.58","14.7",4,NA,NA,"7.0",3.6,4,NA,2017,NA,NA,NA,NA,NA,NA,NA,NA,NA,NA,NA,NA,NA,NA,NA,NA,NA,NA,1.58
2017-08-03,"WL3","1","9.0","V",14,33,"<1","2.5",1,"0.3",NA,NA,NA,NA,NA,2017,NA,NA,NA,NA,NA,NA,NA,NA,NA,NA,NA,NA,NA,NA,NA,NA,NA,NA,0.5
2017-08-03,"WL3","1","9.0","P",4,22,"2.69","14.7",3,NA,NA,"25.0",5,3,NA,2017,NA,NA,NA,NA,NA,NA,NA,NA,NA,NA,NA,NA,NA,NA,NA,NA,NA,NA,2.69
2017-08-03,"WL3","3","0.0","V",0,31,"<1","1.5",1,"0.5",NA,NA,NA,NA,NA,2017,NA,NA,NA,NA,NA,NA,NA,NA,NA,NA,NA,NA,NA,NA,NA,NA,NA,NA,0.5
2017-08-03,"WL3","3","0.0","P",3,40,"2.16","15.5",3,NA,"0.0","12.0",5.1,3,NA,2017,NA,NA,NA,NA,NA,NA,NA,NA,NA,NA,NA,NA,NA,NA,NA,NA,NA,NA,2.16
2017-08-03,"WL3","3","0.0","F",0,38,"<1","7.1",5,NA,"2.0","1.0",2.1,5,NA,2017,NA,NA,NA,NA,NA,NA,NA,NA,NA,NA,NA,NA,NA,NA,NA,NA,NA,NA,0.5
2017-08-03,"WL3","3","0.0","F",0,41,"1.55","8.2",3,NA,"2.0","1.0",0.9,1,NA,2017,NA,NA,NA,NA,NA,NA,NA,NA,NA,NA,NA,NA,NA,NA,NA,NA,NA,NA,1.55
2017-08-03,"WL3","3","0.0","F",7,8,"1.31","9.5",4,NA,"5.0","0.0",NA,4,NA,2017,NA,NA,NA,NA,NA,NA,NA,NA,NA,NA,NA,NA,NA,NA,NA,NA,NA,NA,1.31
2017-08-03,"WL3","3","0.0","P",11,42,"~1","12.0",4,NA,"0.0","2.0",3.2,4,NA,2017,NA,NA,NA,NA,NA,NA,NA,NA,NA,NA,NA,NA,NA,NA,NA,NA,NA,NA,0.5
2017-08-03,"WL3","3","0.0","V",12,23,"<1","1.1",1,"0.3",NA,NA,NA,NA,NA,2017,NA,NA,NA,NA,NA,NA,NA,NA,NA,NA,NA,NA,NA,NA,NA,NA,NA,NA,0.5
2017-08-03,"WL3","3","0.0","P",0,13,"1.42","4.8",3,NA,"0.0","2.0",1.2,2,"*one broken off branch 4/29/25 MMA updated Num_repro_branches to intact count of 2",2017,NA,NA,NA,NA,NA,NA,NA,NA,NA,NA,NA,NA,NA,NA,NA,NA,NA,NA,1.42
2017-08-03,"WL3","3","0.0","V",14,5,"<1","1.0",1,"0.2",NA,NA,NA,NA,"lots of herbivory - longest leaf is fragment",2017,NA,NA,NA,NA,NA,NA,NA,NA,NA,NA,NA,NA,NA,NA,NA,NA,NA,NA,0.5
2017-08-03,"WL3","3","0.0","V",15,3,"<1","1.5",1,"0.4",NA,NA,NA,NA,NA,2017,NA,NA,NA,NA,NA,NA,NA,NA,NA,NA,NA,NA,NA,NA,NA,NA,NA,NA,0.5
2017-08-03,"WL3","3","0.0","V",16,6,"<1","1.0",1,"0.3",NA,NA,NA,NA,NA,2017,NA,NA,NA,NA,NA,NA,NA,NA,NA,NA,NA,NA,NA,NA,NA,NA,NA,NA,0.5
2017-08-03,"WL3","3","0.0","F",19,0,"1.37","6.0",2,NA,"1.0",NA,NA,1,"one branch broken off",2017,NA,NA,NA,NA,NA,NA,NA,NA,NA,NA,NA,NA,NA,NA,NA,NA,NA,NA,1.37
2017-08-03,"WL3","3","0.0","V",25,7,"<1","2.3",1,"0.4",NA,NA,NA,NA,NA,2017,NA,NA,NA,NA,NA,NA,NA,NA,NA,NA,NA,NA,NA,NA,NA,NA,NA,NA,0.5
2017-08-03,"WL3","3","0.0","P",40,12,"1.41","11.8",5,NA,NA,"7.0",2.8,5,NA,2017,NA,NA,NA,NA,NA,NA,NA,NA,NA,NA,NA,NA,NA,NA,NA,NA,NA,NA,1.41
2017-08-03,"WL3","3","0.0","V",40,49,"~1","3.5",1,"0.8",NA,NA,NA,NA,NA,2017,NA,NA,NA,NA,NA,NA,NA,NA,NA,NA,NA,NA,NA,NA,NA,NA,NA,NA,0.5
2017-08-03,"WL3","3","0.5",NA,NA,NA,NA,NA,NA,NA,NA,NA,NA,NA,"no plants",2017,NA,NA,NA,NA,NA,NA,NA,NA,NA,NA,NA,NA,NA,NA,NA,NA,NA,NA,NA
2017-08-03,"WL3","3","1.0","P",9,20,"~1","10.3",2,NA,NA,"4.0",3.6,2,NA,2017,NA,NA,NA,NA,NA,NA,NA,NA,NA,NA,NA,NA,NA,NA,NA,NA,NA,NA,0.5
2017-08-03,"WL3","3","1.5","V",27,42,"1.86","5.0",5,"1.7",NA,NA,NA,NA,NA,2017,NA,NA,NA,NA,NA,NA,NA,NA,NA,NA,NA,NA,NA,NA,NA,NA,NA,NA,1.86
2017-08-03,"WL3","3","1.5","P",39,29,"1.45","11.2",6,NA,NA,"9.0",5.3,6,NA,2017,NA,NA,NA,NA,NA,NA,NA,NA,NA,NA,NA,NA,NA,NA,NA,NA,NA,NA,1.45
2017-08-03,"WL3","3","1.5","V",41,37,"<1","0.2",1,"0.2",NA,NA,NA,NA,NA,2017,NA,NA,NA,NA,NA,NA,NA,NA,NA,NA,NA,NA,NA,NA,NA,NA,NA,NA,0.5
2017-08-03,"WL3","3","1.5","V",44,39.5,"<1","1.2",1,"0.3",NA,NA,NA,NA,NA,2017,NA,NA,NA,NA,NA,NA,NA,NA,NA,NA,NA,NA,NA,NA,NA,NA,NA,NA,0.5
2017-08-03,"WL3","4","5.5","V",30,11,"<1","1.5",1,"0.6",NA,NA,NA,NA,NA,2017,NA,NA,NA,NA,NA,NA,NA,NA,NA,NA,NA,NA,NA,NA,NA,NA,NA,NA,0.5
2017-08-03,"WL3","4","5.5","V",31,24,"<1","1.9",1,"0.6",NA,NA,NA,NA,NA,2017,NA,NA,NA,NA,NA,NA,NA,NA,NA,NA,NA,NA,NA,NA,NA,NA,NA,NA,0.5
2017-08-03,"WL3","4","5.5","V",31,29,"<1","1.5",1,"0.5",NA,NA,NA,NA,NA,2017,NA,NA,NA,NA,NA,NA,NA,NA,NA,NA,NA,NA,NA,NA,NA,NA,NA,NA,0.5
2017-08-03,"WL3","4","5.5","V",40,48,"<1","0.8",1,"0.3",NA,NA,NA,NA,NA,2017,NA,NA,NA,NA,NA,NA,NA,NA,NA,NA,NA,NA,NA,NA,NA,NA,NA,NA,0.5
2017-08-03,"WL3","4","6.0",NA,NA,NA,NA,NA,NA,NA,NA,NA,NA,NA,"none",2017,NA,NA,NA,NA,NA,NA,NA,NA,NA,NA,NA,NA,NA,NA,NA,NA,NA,NA,NA
2017-08-03,"WL3","4","6.5",NA,NA,NA,NA,NA,NA,NA,NA,NA,NA,NA,"none",2017,NA,NA,NA,NA,NA,NA,NA,NA,NA,NA,NA,NA,NA,NA,NA,NA,NA,NA,NA
2017-08-03,"WL3","4","7.0","PF",27,1,"3.18","23.1",8,NA,"6.0","32.0",5.1,8,NA,2017,NA,NA,NA,NA,NA,NA,NA,NA,NA,NA,NA,NA,NA,NA,NA,NA,NA,NA,3.18
2017-08-03,"WL3","4","7.5","PF",35,47,"1.5","14.4",3,NA,"0.0","16.0",4.7,3,NA,2017,NA,NA,NA,NA,NA,NA,NA,NA,NA,NA,NA,NA,NA,NA,NA,NA,NA,NA,1.5
2017-08-03,"WL3","4","7.5","PF",49,8,"2.04","14.9",5,NA,"0.0","10.0",3.7,5,NA,2017,NA,NA,NA,NA,NA,NA,NA,NA,NA,NA,NA,NA,NA,NA,NA,NA,NA,NA,2.04
2017-08-03,"WL3","4","8.0","PF",16,45,"2.55","16.2",10,NA,"0.0","39.0",6.1,10,NA,2017,NA,NA,NA,NA,NA,NA,NA,NA,NA,NA,NA,NA,NA,NA,NA,NA,NA,NA,2.55
2017-08-03,"WL3","4","8.5",NA,NA,NA,NA,NA,NA,NA,NA,NA,NA,NA,"none",2017,NA,NA,NA,NA,NA,NA,NA,NA,NA,NA,NA,NA,NA,NA,NA,NA,NA,NA,NA
2017-08-03,"WL3","4","9.0","PF",7,40,"1.5","15.2",6,NA,"0.0","14.0",2.7,2,NA,2017,NA,NA,NA,NA,NA,NA,NA,NA,NA,NA,NA,NA,NA,NA,NA,NA,NA,NA,1.5
2017-08-03,"WL3","4","9.5","PF",40,24,"1.3","16.6",2,NA,"0.0","6.0",3.9,2,NA,2017,NA,NA,NA,NA,NA,NA,NA,NA,NA,NA,NA,NA,NA,NA,NA,NA,NA,NA,1.3
2017-08-03,"WL3","3","9.5",NA,NA,NA,NA,NA,NA,NA,NA,NA,NA,NA,"none",2017,NA,NA,NA,NA,NA,NA,NA,NA,NA,NA,NA,NA,NA,NA,NA,NA,NA,NA,NA
2017-08-03,"WL3","3","9.0",NA,NA,NA,NA,NA,NA,NA,NA,NA,NA,NA,"none",2017,NA,NA,NA,NA,NA,NA,NA,NA,NA,NA,NA,NA,NA,NA,NA,NA,NA,NA,NA
2017-08-03,"WL3","3","8.5",NA,NA,NA,NA,NA,NA,NA,NA,NA,NA,NA,"none",2017,NA,NA,NA,NA,NA,NA,NA,NA,NA,NA,NA,NA,NA,NA,NA,NA,NA,NA,NA
2017-08-03,"WL3","3","8.0",NA,NA,NA,NA,NA,NA,NA,NA,NA,NA,NA,"none",2017,NA,NA,NA,NA,NA,NA,NA,NA,NA,NA,NA,NA,NA,NA,NA,NA,NA,NA,NA
2017-08-03,"WL3","3","7.5","F",11,17,"1.67","9.6",2,NA,"2.0","2.0",3.1,1,NA,2017,NA,NA,NA,NA,NA,NA,NA,NA,NA,NA,NA,NA,NA,NA,NA,NA,NA,NA,1.67
2017-08-03,"WL3","3","7.5","V",9,25,"<1","1.1",1,"0.4",NA,NA,NA,NA,NA,2017,NA,NA,NA,NA,NA,NA,NA,NA,NA,NA,NA,NA,NA,NA,NA,NA,NA,NA,0.5
2017-08-03,"WL3","3","7.5","V",8,44,"<1","1.4",1,"0.4",NA,NA,NA,NA,NA,2017,NA,NA,NA,NA,NA,NA,NA,NA,NA,NA,NA,NA,NA,NA,NA,NA,NA,NA,0.5
2017-08-03,"WL3","3","7.5","V",11,44,"<1","1.1",1,"0.3",NA,NA,NA,NA,NA,2017,NA,NA,NA,NA,NA,NA,NA,NA,NA,NA,NA,NA,NA,NA,NA,NA,NA,NA,0.5
2017-08-03,"WL3","3","7.5","V",14,43,"<1","1.7",1,"0.7",NA,NA,NA,NA,NA,2017,NA,NA,NA,NA,NA,NA,NA,NA,NA,NA,NA,NA,NA,NA,NA,NA,NA,NA,0.5
2017-08-03,"WL3","3","7.0",NA,NA,NA,NA,NA,NA,NA,NA,NA,NA,NA,"none",2017,NA,NA,NA,NA,NA,NA,NA,NA,NA,NA,NA,NA,NA,NA,NA,NA,NA,NA,NA
2017-08-03,"WL3","3","6.5","V",35,16,"<1","1.4",1,"0.6",NA,NA,NA,NA,NA,2017,NA,NA,NA,NA,NA,NA,NA,NA,NA,NA,NA,NA,NA,NA,NA,NA,NA,NA,0.5
2017-08-03,"WL3","3","6.5","V",28,20,"<1","1.0",1,"0.5",NA,NA,NA,NA,NA,2017,NA,NA,NA,NA,NA,NA,NA,NA,NA,NA,NA,NA,NA,NA,NA,NA,NA,NA,0.5
2017-08-03,"WL3","3","6.5","V",32,48,"<1","2.1",1,"0.8",NA,NA,NA,NA,NA,2017,NA,NA,NA,NA,NA,NA,NA,NA,NA,NA,NA,NA,NA,NA,NA,NA,NA,NA,0.5
2017-08-03,"WL3","3","6.5","V",13,46,"<1","0.9",1,"0.4",NA,NA,NA,NA,NA,2017,NA,NA,NA,NA,NA,NA,NA,NA,NA,NA,NA,NA,NA,NA,NA,NA,NA,NA,0.5
2017-08-03,"WL3","3","6.5","V",12,39,"<1","2.2",1,"0.5",NA,NA,NA,NA,NA,2017,NA,NA,NA,NA,NA,NA,NA,NA,NA,NA,NA,NA,NA,NA,NA,NA,NA,NA,0.5
2017-08-03,"WL3","3","6.5","V",11,33,"<1","0.5",1,"0.2",NA,NA,NA,NA,NA,2017,NA,NA,NA,NA,NA,NA,NA,NA,NA,NA,NA,NA,NA,NA,NA,NA,NA,NA,0.5
2017-08-03,"WL3","3","2.0","V",9,26,"1.26","4.5",2,"1.7",NA,NA,NA,NA,NA,2017,NA,NA,NA,NA,NA,NA,NA,NA,NA,NA,NA,NA,NA,NA,NA,NA,NA,NA,1.26
2017-08-03,"WL3","3","2.0","V",13,40,"<1","1.1",1,"0.3",NA,NA,NA,NA,NA,2017,NA,NA,NA,NA,NA,NA,NA,NA,NA,NA,NA,NA,NA,NA,NA,NA,NA,NA,0.5
2017-08-03,"WL3","3","2.0","V",16,39,"<1","1.2",1,"0.5",NA,NA,NA,NA,NA,2017,NA,NA,NA,NA,NA,NA,NA,NA,NA,NA,NA,NA,NA,NA,NA,NA,NA,NA,0.5
2017-08-03,"WL3","3","2.0","P",35,50,"1.49","9.9",9,NA,NA,"14.0",6,9,NA,2017,NA,NA,NA,NA,NA,NA,NA,NA,NA,NA,NA,NA,NA,NA,NA,NA,NA,NA,1.49
2017-08-03,"WL3","3","2.0","V",38,18,"~1","3.0",1,"0.5",NA,NA,NA,NA,NA,2017,NA,NA,NA,NA,NA,NA,NA,NA,NA,NA,NA,NA,NA,NA,NA,NA,NA,NA,0.5
2017-08-03,"WL3","3","2.5","V",0,28,"<1","0.9",1,"0.3",NA,NA,NA,NA,NA,2017,NA,NA,NA,NA,NA,NA,NA,NA,NA,NA,NA,NA,NA,NA,NA,NA,NA,NA,0.5
2017-08-03,"WL3","3","2.5","V",10,6,"<1","1.5",1,"0.6",NA,NA,NA,NA,NA,2017,NA,NA,NA,NA,NA,NA,NA,NA,NA,NA,NA,NA,NA,NA,NA,NA,NA,NA,0.5
2017-08-03,"WL3","3","2.5","V",21,9,"1.2","3.9",3,"2.2",NA,NA,NA,NA,NA,2017,NA,NA,NA,NA,NA,NA,NA,NA,NA,NA,NA,NA,NA,NA,NA,NA,NA,NA,1.2
2017-08-03,"WL3","3","3.0","V",39,17,"<1","2.1",1,"0.4",NA,NA,NA,NA,"shriveled up",2017,NA,NA,NA,NA,NA,NA,NA,NA,NA,NA,NA,NA,NA,NA,NA,NA,NA,NA,0.5
2017-08-03,"WL3","3","3.5","V",7,25,"~1","1.8",1,"1.3",NA,NA,NA,NA,NA,2017,NA,NA,NA,NA,NA,NA,NA,NA,NA,NA,NA,NA,NA,NA,NA,NA,NA,NA,0.5
2017-08-03,"WL3","3","3.5","V",27,50,"~1","2.8",2,"1.2",NA,NA,NA,NA,NA,2017,NA,NA,NA,NA,NA,NA,NA,NA,NA,NA,NA,NA,NA,NA,NA,NA,NA,NA,0.5
2017-08-03,"WL3","3","3.5","V",32,39,"~1","3.3",2,"1.2",NA,NA,NA,NA,"herbivory",2017,NA,NA,NA,NA,NA,NA,NA,NA,NA,NA,NA,NA,NA,NA,NA,NA,NA,NA,0.5
2017-08-03,"WL3","3","3.5","V",36,12,"<1","2.9",1,"0.3",NA,NA,NA,NA,"shriveled up",2017,NA,NA,NA,NA,NA,NA,NA,NA,NA,NA,NA,NA,NA,NA,NA,NA,NA,NA,0.5
2017-08-03,"WL3","3","3.5","F",43,44,"2.32","6.0",4,NA,NA,NA,NA,NA,"*the only one reprod. branch broken off",2017,NA,NA,NA,NA,NA,NA,NA,NA,NA,NA,NA,NA,NA,NA,NA,NA,NA,NA,2.32
2017-08-03,"WL3","3","3.5","V",44,49,"<1","0.8",1,"0.3",NA,NA,NA,NA,NA,2017,NA,NA,NA,NA,NA,NA,NA,NA,NA,NA,NA,NA,NA,NA,NA,NA,NA,NA,0.5
2017-08-03,"WL3","3","4.0","P",0,44,"~1","8.0",3,NA,NA,"1.0",2.4,2,"one branch broken off",2017,NA,NA,NA,NA,NA,NA,NA,NA,NA,NA,NA,NA,NA,NA,NA,NA,NA,NA,0.5
2017-08-03,"WL3","3","4.5","P",33,2,"1.36","13.5",6,NA,NA,"8.0",3.5,6,NA,2017,NA,NA,NA,NA,NA,NA,NA,NA,NA,NA,NA,NA,NA,NA,NA,NA,NA,NA,1.36
2017-08-03,"WL3","3","4.5","P",32,40,"1.25","9.0",2,NA,NA,"2.0",4.1,2,NA,2017,NA,NA,NA,NA,NA,NA,NA,NA,NA,NA,NA,NA,NA,NA,NA,NA,NA,NA,1.25
2017-08-03,"WL3","3","4.5","V",45,30,"<1","1.1",1,"0.3",NA,NA,NA,NA,NA,2017,NA,NA,NA,NA,NA,NA,NA,NA,NA,NA,NA,NA,NA,NA,NA,NA,NA,NA,0.5
2017-08-03,"WL3","3","5.0","V",45,17,"~1","5.0",1,"1.5",NA,NA,NA,NA,NA,2017,NA,NA,NA,NA,NA,NA,NA,NA,NA,NA,NA,NA,NA,NA,NA,NA,NA,NA,0.5
2017-08-03,"WL3","3","5.5","F",8,28,"~1","9.8",2,NA,"1.0","2.0",1.2,2,NA,2017,NA,NA,NA,NA,NA,NA,NA,NA,NA,NA,NA,NA,NA,NA,NA,NA,NA,NA,0.5
2017-08-03,"WL3","3","5.5","V",47,10,"1.56","4.0",3,"1.6",NA,NA,NA,NA,NA,2017,NA,NA,NA,NA,NA,NA,NA,NA,NA,NA,NA,NA,NA,NA,NA,NA,NA,NA,1.56
2017-08-03,"WL3","3","6.0","V",28,38,"<1","1.5",1,"0.3",NA,NA,NA,NA,NA,2017,NA,NA,NA,NA,NA,NA,NA,NA,NA,NA,NA,NA,NA,NA,NA,NA,NA,NA,0.5
2017-08-03,"WL3","3","6.0","F",35,48,"~1","5.1",2,NA,"2.0","1.0",0.6,1,"(checking note: flower# entered as 1 but physical data sheet has 2)",2017,NA,NA,NA,NA,NA,NA,NA,NA,NA,NA,NA,NA,NA,NA,NA,NA,NA,NA,0.5
2017-08-03,"WL3","3","6.0","P",36,8,"~1","10.8",2,NA,NA,"2.0",4.1,2,"(checking note: flower# entered as 2 but physical data sheet has NA)",2017,NA,NA,NA,NA,NA,NA,NA,NA,NA,NA,NA,NA,NA,NA,NA,NA,NA,NA,0.5
2017-08-03,"WL3","3","6.0","P",46,29,"2.32","10.0",4,NA,"10.0","10.0",4.3,4,NA,2017,NA,NA,NA,NA,NA,NA,NA,NA,NA,NA,NA,NA,NA,NA,NA,NA,NA,NA,2.32
2017-08-03,"WL3","3","6.0","V",49,1,"1.9","4.0",4,"1.8",NA,NA,NA,NA,NA,2017,NA,NA,NA,NA,NA,NA,NA,NA,NA,NA,NA,NA,NA,NA,NA,NA,NA,NA,1.9
2017-08-03,"WL3","3","6.0","V",49,35,"<1","0.9",1,"0.2",NA,NA,NA,NA,NA,2017,NA,NA,NA,NA,NA,NA,NA,NA,NA,NA,NA,NA,NA,NA,NA,NA,NA,NA,0.5
2018-07-30,"WL3","2","1","X",31,28,NA,NA,NA,NA,NA,NA,NA,NA,NA,2018,2017,NA,NA,"Jenna & Elena",NA,NA,NA,NA,"red",NA,NA,NA,NA,NA,NA,NA,NA,NA,NA
2018-07-30,"WL3","2","1","X",44,13,NA,NA,NA,NA,NA,NA,NA,NA,NA,2018,2017,NA,NA,"Jenna & Elena",NA,NA,NA,NA,"grn",NA,NA,NA,NA,NA,NA,NA,NA,NA,NA
2018-07-30,"WL3","2","1","X",40,49,NA,NA,NA,NA,NA,NA,NA,NA,NA,2018,2017,NA,NA,"Jenna & Elena",NA,NA,NA,NA,"grn",NA,NA,NA,NA,NA,NA,NA,NA,NA,NA
2018-07-30,"WL3","2","1","blank (probably X)",48,36,NA,NA,NA,NA,NA,NA,NA,NA,NA,2018,2017,NA,NA,"Jenna & Elena",NA,NA,NA,NA,"red",NA,NA,NA,NA,NA,NA,NA,NA,NA,NA
2018-07-30,"WL3","2","1","P",49,38,"1.84","15.6",5,NA,"0","6",4.1,5,NA,2018,2017,NA,NA,"Jenna & Elena",NA,NA,NA,NA,"red",NA,NA,"white",NA,NA,NA,NA,NA,NA,1.84
2018-07-30,"WL3","2","2","X",13,46,NA,NA,NA,NA,NA,NA,NA,NA,NA,2018,2017,NA,NA,"Jenna & Elena",NA,NA,NA,NA,"red",NA,NA,NA,NA,NA,NA,NA,NA,NA,NA
2018-07-30,"WL3","2","2","X",22,12,NA,NA,NA,NA,NA,NA,NA,NA,NA,2018,2017,NA,NA,"Jenna & Elena",NA,NA,NA,NA,"grn",NA,NA,NA,NA,NA,NA,NA,NA,NA,NA
2018-07-30,"WL3","2","3","X",25,32,NA,NA,NA,NA,NA,NA,NA,NA,NA,2018,2017,NA,NA,"Jenna & Elena",NA,NA,NA,NA,"red",NA,NA,NA,NA,NA,NA,NA,NA,NA,NA
2018-07-30,"WL3","2","3","P",29,13,"1.83","15.4",3,NA,"0","11",5.2,3,NA,2018,2017,NA,NA,"Jenna & Elena",NA,NA,NA,NA,"red",NA,NA,"white",NA,NA,NA,"no",NA,NA,1.83
2018-07-30,"WL3","2","3","X",43,31,NA,NA,NA,NA,NA,NA,NA,NA,NA,2018,2017,NA,NA,"Jenna & Elena",NA,NA,NA,NA,"red",NA,NA,NA,NA,NA,NA,NA,NA,NA,NA
2018-07-30,"WL3","2","3","X",45,43,NA,NA,NA,NA,NA,NA,NA,NA,NA,2018,2017,NA,NA,"Jenna & Elena",NA,NA,NA,NA,"grn",NA,NA,NA,NA,NA,NA,NA,NA,NA,NA
2018-07-30,"WL3","2","4.5","P",46,11,"2.97","20",16,NA,"0","65",5,16,NA,2018,2017,NA,NA,"Jenna & Elena",NA,NA,NA,NA,"red",NA,NA,"white",NA,NA,NA,"no",NA,NA,2.97
2018-07-30,"WL3","3","0","S",0,31,"1.51","14",3,NA,"0","4",5.2,3,NA,2018,2017,NA,NA,"Jenna & Elena",NA,NA,NA,NA,"red",NA,NA,NA,NA,NA,NA,"no",NA,NA,1.51
2018-07-30,"WL3","3","0","X",3,40,NA,NA,NA,NA,NA,NA,NA,NA,NA,2018,2017,NA,NA,"Jenna & Elena",NA,NA,NA,NA,"grn",NA,NA,NA,NA,NA,NA,NA,NA,NA,NA
2018-07-30,"WL3","3","0","X",0,38,NA,NA,NA,NA,NA,NA,NA,NA,NA,2018,2017,NA,NA,"Jenna & Elena",NA,NA,NA,NA,"grn",NA,NA,NA,NA,NA,NA,NA,NA,NA,NA
2018-07-30,"WL3","3","0","X",0,41,NA,NA,NA,NA,NA,NA,NA,NA,NA,2018,2017,NA,NA,"Jenna & Elena",NA,NA,NA,NA,"grn",NA,NA,NA,NA,NA,NA,NA,NA,NA,NA
2018-07-30,"WL3","3","0","X",7,8,NA,NA,NA,NA,NA,NA,NA,NA,NA,2018,2017,NA,NA,"Jenna & Elena",NA,NA,NA,NA,"grn",NA,NA,NA,NA,NA,NA,NA,NA,NA,NA
2018-07-30,"WL3","3","0","X",11,42,NA,NA,NA,NA,NA,NA,NA,NA,NA,2018,2017,NA,NA,"Jenna & Elena",NA,NA,NA,NA,"grn",NA,NA,NA,NA,NA,NA,NA,NA,NA,NA
2018-07-30,"WL3","3","0","X",12,23,NA,NA,NA,NA,NA,NA,NA,NA,NA,2018,2017,NA,NA,"Jenna & Elena",NA,NA,NA,NA,"red",NA,NA,NA,NA,NA,NA,NA,NA,NA,NA
2018-07-30,"WL3","3","0","X",0,13,NA,NA,NA,NA,NA,NA,NA,NA,NA,2018,2017,NA,NA,"Jenna & Elena",NA,NA,NA,NA,"grn",NA,NA,NA,NA,NA,NA,NA,NA,NA,NA
2018-07-30,"WL3","3","0","X",14,5,NA,NA,NA,NA,NA,NA,NA,NA,NA,2018,2017,NA,NA,"Jenna & Elena",NA,NA,NA,NA,"red",NA,NA,NA,NA,NA,NA,NA,NA,NA,NA
2018-07-30,"WL3","3","0","PF",15,3,"2.29","13.5",4,NA,NA,"16",5.5,4,NA,2018,2017,NA,NA,"Jenna & Elena",NA,NA,NA,NA,"red",NA,NA,"white",NA,NA,NA,"no",NA,NA,2.29
2018-07-30,"WL3","3","0","X",16,6,NA,NA,NA,NA,NA,NA,NA,NA,NA,2018,2017,NA,NA,"Jenna & Elena",NA,NA,NA,NA,"red",NA,NA,NA,NA,NA,NA,NA,NA,NA,NA
2018-07-30,"WL3","3","0","X",19,0,NA,NA,NA,NA,NA,NA,NA,NA,NA,2018,2017,NA,NA,"Jenna & Elena",NA,NA,NA,NA,"grn",NA,NA,NA,NA,NA,NA,NA,NA,NA,NA
2018-07-30,"WL3","3","0","X",25,7,NA,NA,NA,NA,NA,NA,NA,NA,NA,2018,2017,NA,NA,"Jenna & Elena",NA,NA,NA,NA,"red",NA,NA,NA,NA,NA,NA,NA,NA,NA,NA
2018-07-30,"WL3","3","0","X",40,12,NA,NA,NA,NA,NA,NA,NA,NA,NA,2018,2017,NA,NA,"Jenna & Elena",NA,NA,NA,NA,"grn",NA,NA,NA,NA,NA,NA,NA,NA,NA,NA
2018-07-30,"WL3","3","0","X",40,49,NA,NA,NA,NA,NA,NA,NA,NA,NA,2018,2017,NA,NA,"Jenna & Elena",NA,NA,NA,NA,"red",NA,NA,NA,NA,NA,NA,NA,NA,NA,NA
2018-07-30,"WL3","3","1","X",9,20,NA,NA,NA,NA,NA,NA,NA,NA,NA,2018,2017,NA,NA,"Jenna & Elena",NA,NA,NA,NA,"grn",NA,NA,NA,NA,NA,NA,NA,NA,NA,NA
2018-07-30,"WL3","3","1.5","S",27,42,"4.1500000000000004","27",5,NA,"0","35",6.1,5,NA,2018,2017,NA,NA,"Jenna & Elena",NA,NA,NA,NA,"red",NA,NA,NA,NA,NA,NA,"no",NA,NA,4.15
2018-07-30,"WL3","3","1.5","X",39,29,NA,NA,NA,NA,NA,NA,NA,NA,NA,2018,2017,NA,NA,"Jenna & Elena",NA,NA,NA,NA,"red",NA,NA,NA,NA,NA,NA,NA,NA,NA,NA
2018-07-30,"WL3","3","1.5","X",41,37,NA,NA,NA,NA,NA,NA,NA,NA,NA,2018,2017,NA,NA,"blank",NA,NA,NA,NA,"red",NA,NA,NA,NA,NA,NA,NA,NA,NA,NA
2018-07-30,"WL3","3","1.5","X",44,39.5,NA,NA,NA,NA,NA,NA,NA,NA,NA,2018,2017,NA,NA,"blank",NA,NA,NA,NA,"red",NA,NA,NA,NA,NA,NA,NA,NA,NA,NA
2018-07-30,"WL3","3","7.5","P",11,17,"4.7","28.4",10,NA,"0","37",6.5,10,NA,2018,2017,NA,NA,"blank",NA,NA,NA,NA,"grn",NA,NA,"no",NA,NA,NA,"no",NA,NA,4.7
2018-07-30,"WL3","3","7.5","X",9,25,NA,NA,NA,NA,NA,NA,NA,NA,NA,2018,2017,NA,NA,"blank",NA,NA,NA,NA,"red",NA,NA,NA,NA,NA,NA,NA,NA,NA,NA
2018-07-30,"WL3","3","7.5","X",8,44,NA,NA,NA,NA,NA,NA,NA,NA,NA,2018,2017,NA,NA,"blank",NA,NA,NA,NA,"red",NA,NA,NA,NA,NA,NA,NA,NA,NA,NA
2018-07-30,"WL3","3","7.5","X",11,44,NA,NA,NA,NA,NA,NA,NA,NA,NA,2018,2017,NA,NA,"blank",NA,NA,NA,NA,"red",NA,NA,NA,NA,NA,NA,NA,NA,NA,NA
2018-07-30,"WL3","3","7.5","X",14,43,NA,NA,NA,NA,NA,NA,NA,NA,NA,2018,2017,NA,NA,"blank",NA,NA,NA,NA,"red",NA,NA,NA,NA,NA,NA,NA,NA,NA,NA
2018-07-30,"WL3","3","6.5","X",35,16,NA,NA,NA,NA,NA,NA,NA,NA,NA,2018,2017,NA,NA,"blank",NA,NA,NA,NA,"red",NA,NA,NA,NA,NA,NA,NA,NA,NA,NA
2018-07-30,"WL3","3","6.5","P",28,20,"1.7","22.2",2,NA,NA,"9",4.7,2,NA,2018,2017,NA,NA,"blank",NA,NA,NA,NA,"red",NA,NA,"no",NA,NA,NA,"no",NA,NA,1.7
2018-07-30,"WL3","3","6.5","V",32,48,"1.42","3.9",3,"0.9",NA,NA,NA,NA,NA,2018,2017,NA,NA,"blank",NA,NA,NA,NA,"red",NA,NA,NA,NA,NA,NA,"no",NA,NA,1.42
2018-07-30,"WL3","3","6.5","X",13,46,NA,NA,NA,NA,NA,NA,NA,NA,NA,2018,2017,NA,NA,"blank",NA,NA,NA,NA,"red",NA,NA,NA,NA,NA,NA,NA,NA,NA,NA
2018-07-30,"WL3","3","6.5","X",12,39,NA,NA,NA,NA,NA,NA,NA,NA,NA,2018,2017,NA,NA,"blank",NA,NA,NA,NA,"red",NA,NA,NA,NA,NA,NA,NA,NA,NA,NA
2018-07-30,"WL3","3","6.5","V",11,33,"0.97","2.2000000000000002",3,"0.3",NA,NA,NA,NA,NA,2018,2017,NA,NA,"blank",NA,NA,NA,NA,"red",NA,NA,NA,NA,NA,NA,"no",NA,NA,0.5
2018-07-30,"WL3","3","2","S",9,26,"3.58","13",2,NA,"0","10",4.5,2,NA,2018,2017,NA,NA,"blank",NA,NA,NA,NA,"red",NA,NA,"white",NA,NA,NA,"no",NA,NA,3.58
2018-07-30,"WL3","3","2","X",13,40,NA,NA,NA,NA,NA,NA,NA,NA,NA,2018,2017,NA,NA,"blank",NA,NA,NA,NA,"red",NA,NA,NA,NA,NA,NA,NA,NA,NA,NA
2018-07-30,"WL3","3","2","PF",16,39,"<1","6",2,NA,"0","2",2.9,2,NA,2018,2017,NA,NA,"blank",NA,NA,NA,NA,"red",NA,NA,"white",NA,NA,NA,"no",NA,NA,0.5
2018-07-30,"WL3","3","2","X",35,50,NA,NA,NA,NA,NA,NA,NA,NA,NA,2018,2017,NA,NA,"blank",NA,NA,NA,NA,"grn",NA,NA,NA,NA,NA,NA,NA,NA,NA,NA
2018-07-30,"WL3","3","2","PF",38,18,"1.79","16",4,NA,"0","7",7.2,4,NA,2018,2017,NA,NA,"blank",NA,NA,NA,NA,"red",NA,NA,"white",NA,NA,NA,"no",NA,NA,1.79
2018-07-30,"WL3","3","2.5","X",0,28,NA,NA,NA,NA,NA,NA,NA,NA,NA,2018,2017,NA,NA,"blank",NA,NA,NA,NA,"red",NA,NA,NA,NA,NA,NA,NA,NA,NA,NA
2018-07-30,"WL3","3","2.5","X",10,6,NA,NA,NA,NA,NA,NA,NA,NA,NA,2018,2017,NA,NA,"blank",NA,NA,NA,NA,"red",NA,NA,NA,NA,NA,NA,NA,NA,NA,NA
2018-07-30,"WL3","3","2.5","PF",21,9,"3.99","21.4",3,NA,"0","66",5,3,NA,2018,2017,NA,NA,"blank",NA,NA,NA,NA,"red",NA,NA,NA,NA,NA,NA,"no",NA,NA,3.99
2018-07-30,"WL3","3","3","X",39,17,NA,NA,NA,NA,NA,NA,NA,NA,NA,2018,2017,NA,NA,"blank",NA,NA,NA,NA,"red",NA,NA,NA,NA,NA,NA,NA,NA,NA,NA
2018-07-30,"WL3","3","3.5","X",7,25,NA,NA,NA,NA,NA,NA,NA,NA,NA,2018,2017,NA,NA,"blank",NA,NA,NA,NA,"red",NA,NA,NA,NA,NA,NA,NA,NA,NA,NA
2018-07-30,"WL3","3","3.5","PF",27,50,"1.93","21",4,NA,"0","13",6.3,4,NA,2018,2017,NA,NA,"blank",NA,NA,NA,NA,"red",NA,NA,NA,NA,NA,NA,"no",NA,NA,1.93
2018-07-30,"WL3","3","3.5","PF",32,39,"2.13","12.5",2,NA,"0","15",5.9,2,NA,2018,2017,NA,NA,"blank",NA,NA,NA,NA,"red",NA,NA,NA,NA,NA,NA,"no",NA,NA,2.13
2018-07-30,"WL3","3","3.5","X",36,12,NA,NA,NA,NA,NA,NA,NA,NA,NA,2018,2017,NA,NA,"blank",NA,NA,NA,NA,"red",NA,NA,NA,NA,NA,NA,NA,NA,NA,NA
2018-07-30,"WL3","3","3.5","X",43,44,NA,NA,NA,NA,NA,NA,NA,NA,NA,2018,2017,NA,NA,"blank",NA,NA,NA,NA,"grn",NA,NA,NA,NA,NA,NA,NA,NA,NA,NA
2018-07-30,"WL3","3","3.5","PF",44,49,"4.34","21.2",3,NA,"0","37",6.5,3,NA,2018,2017,NA,NA,"blank",NA,NA,NA,NA,"red",NA,NA,NA,NA,NA,NA,"no",NA,NA,4.34
2018-07-30,"WL3","3","4","X",0,4,NA,NA,NA,NA,NA,NA,NA,NA,NA,2018,2017,NA,NA,"blank",NA,NA,NA,NA,"grn",NA,NA,NA,NA,NA,NA,NA,NA,NA,NA
2018-07-30,"WL3","3","4.5","X",33,2,NA,NA,NA,NA,NA,NA,NA,NA,NA,2018,2017,NA,NA,"blank",NA,NA,NA,NA,"grn",NA,NA,NA,NA,NA,NA,NA,NA,NA,NA
2018-07-30,"WL3","2","3","X",NA,NA,NA,NA,NA,NA,NA,NA,NA,NA,NA,2018,2018,NA,NA,"Eva, Mimi, and Niel",NA,NA,NA,NA,NA,NA,NA,"grn",NA,NA,NA,NA,NA,NA,NA
2018-07-30,"WL3","2","3","X",NA,NA,NA,NA,NA,NA,NA,NA,NA,NA,NA,2018,2018,NA,NA,"Eva, Mimi, and Niel",NA,NA,NA,NA,NA,NA,NA,"grn",NA,NA,NA,NA,NA,NA,NA
2018-07-30,"WL3","2","3.5","V",9,5,"<1","1.6",1,"0.6",NA,NA,NA,NA,NA,2018,2018,NA,NA,"Eva, Mimi, and Niel",NA,NA,NA,NA,"blue",NA,NA,"grn",NA,NA,NA,"no",NA,NA,0.5
2018-07-30,"WL3","2","3.5","V",0,11,"<1","1.7",1,"0.3",NA,NA,NA,NA,NA,2018,2018,NA,NA,"Eva, Mimi, and Niel",NA,NA,NA,NA,"blue",NA,NA,"grn",NA,NA,NA,"no",NA,NA,0.5
2018-07-30,"WL3","2","3.5","V",43,11,"<1","2",1,"0.2",NA,NA,NA,NA,NA,2018,2018,NA,NA,"Eva, Mimi, and Niel",NA,NA,NA,NA,"blue",NA,NA,"grn",NA,NA,NA,"no",NA,NA,0.5
2018-07-30,"WL3","2","3.5","V",12,35,"<1","1.9",1,"0.7",NA,NA,NA,NA,NA,2018,2018,NA,NA,"Eva, Mimi, and Niel",NA,NA,NA,NA,"blue",NA,NA,"grn",NA,NA,NA,"no",NA,NA,0.5
2018-07-30,"WL3","2","3.5","V",0,30,"<1","1.7",1,"0.5",NA,NA,NA,NA,NA,2018,2018,NA,NA,"Eva, Mimi, and Niel",NA,NA,NA,NA,"blue",NA,NA,"grn",NA,NA,NA,"no",NA,NA,0.5
2018-07-30,"WL3","2","3.5","X",NA,NA,NA,NA,NA,NA,NA,NA,NA,NA,NA,2018,2018,NA,NA,"Eva, Mimi, and Niel",NA,NA,NA,NA,NA,NA,NA,"pink",NA,NA,NA,"no",NA,NA,NA
2018-07-30,"WL3","2","4","V",2,45,"<1","2.4",1,"0.9",NA,NA,NA,NA,NA,2018,2018,NA,NA,"Eva, Mimi, and Niel",NA,NA,NA,NA,"blue",NA,NA,"grn",NA,NA,NA,"no",NA,NA,0.5
2018-07-30,"WL3","2","4","V",5,7,"<1","1.2",1,"0.6",NA,NA,NA,NA,NA,2018,2018,NA,NA,"Eva, Mimi, and Niel",NA,NA,NA,NA,"blue",NA,NA,"grn",NA,NA,NA,"no",NA,NA,0.5
2018-07-30,"WL3","2","4","V",35,3,"<1","2.7",1,"0.8",NA,NA,NA,NA,NA,2018,2018,NA,NA,"Eva, Mimi, and Niel",NA,NA,NA,NA,"blue",NA,NA,"grn",NA,NA,NA,"no",NA,NA,0.5
2018-07-30,"WL3","3","4.5","V",30,32,"<1","1.6",1,"0.3",NA,NA,NA,NA,NA,2018,2018,NA,NA,"Eva, Mimi, and Niel",NA,NA,NA,NA,"blue",NA,NA,"grn",NA,NA,NA,"no",NA,NA,0.5
2018-07-30,"WL3","3","4.5","V",44,43,"<1","1.1000000000000001",1,"0.2",NA,NA,NA,NA,NA,2018,2018,NA,NA,"Eva, Mimi, and Niel",NA,NA,NA,NA,"blue",NA,NA,"ylw",NA,NA,NA,"no",NA,NA,0.5
2018-07-30,"WL3","3","0","V",19,7,"<1","2",1,"0.5",NA,NA,NA,NA,NA,2018,2018,NA,NA,"Eva, Mimi, and Niel",NA,NA,NA,NA,"blue",NA,NA,"grn",NA,NA,NA,"no",NA,NA,0.5
2018-07-30,"WL3","3","0","V",29,4,"<1","3.3",1,"1.2",NA,NA,NA,NA,NA,2018,2018,NA,NA,"Eva, Mimi, and Niel",NA,NA,NA,NA,"blue",NA,NA,"grn",NA,NA,NA,"no",NA,NA,0.5
2018-07-30,"WL3","3","0","X",NA,NA,NA,NA,NA,NA,NA,NA,NA,NA,NA,2018,2018,NA,NA,"Eva, Mimi, and Niel",NA,NA,NA,NA,NA,NA,NA,"grn",NA,NA,NA,NA,NA,NA,NA
2018-07-30,"WL3","3","0","X",NA,NA,NA,NA,NA,NA,NA,NA,NA,NA,NA,2018,2018,NA,NA,"Eva, Mimi, and Niel",NA,NA,NA,NA,NA,NA,NA,"grn",NA,NA,NA,NA,NA,NA,NA
2018-07-30,"WL3","3","2","V",42,45,"<1","1.7",1,"0.5",NA,NA,NA,NA,NA,2018,2018,NA,NA,"Eva, Mimi, and Niel",NA,NA,NA,NA,"blue",NA,NA,"grn",NA,NA,NA,"no",NA,NA,0.5
2018-07-30,"WL3","3","2","X",NA,NA,NA,NA,NA,NA,NA,NA,NA,NA,NA,2018,2018,NA,NA,"Eva, Mimi, and Niel",NA,NA,NA,NA,NA,NA,NA,"grn",NA,NA,NA,NA,NA,NA,NA
2018-07-30,"WL3","3","3","X",NA,NA,NA,NA,NA,NA,NA,NA,NA,NA,NA,2018,2018,NA,NA,"Eva, Mimi, and Niel",NA,NA,NA,NA,NA,NA,NA,"grn",NA,NA,NA,NA,NA,NA,NA
2018-07-30,"WL3","3","4","V",40,42,"<1","2",1,"0.6",NA,NA,NA,NA,NA,2018,2018,NA,NA,"Eva, Mimi, and Niel",NA,NA,NA,NA,"blue",NA,NA,"grn",NA,NA,NA,"no",NA,NA,0.5
2018-07-30,"WL3","3","4","X",NA,NA,NA,NA,NA,NA,NA,NA,NA,NA,NA,2018,2018,NA,NA,"Eva, Mimi, and Niel",NA,NA,NA,NA,NA,NA,NA,"pink",NA,NA,NA,NA,NA,NA,NA
2018-07-30,"WL3","3","5","X",NA,NA,NA,NA,NA,NA,NA,NA,NA,NA,NA,2018,2018,NA,NA,"Eva, Mimi, and Niel",NA,NA,NA,NA,NA,NA,NA,"grn",NA,NA,NA,NA,NA,NA,NA
2018-07-30,"WL3","3","6","V",6,32,"<1","1.1000000000000001",1,"0.2",NA,NA,NA,NA,NA,2018,2018,NA,NA,"Eva, Mimi, and Niel",NA,NA,NA,NA,"blue",NA,NA,"grn",NA,NA,NA,"no",NA,NA,0.5
2018-07-30,"WL3","3","6","V",23,32,"<1","1.7",2,"0.4",NA,NA,NA,NA,NA,2018,2018,NA,NA,"Eva, Mimi, and Niel",NA,NA,NA,NA,"blue",NA,NA,"grn",NA,NA,NA,"no",NA,NA,0.5
2018-07-30,"WL3","3","6","V",24,34,"<1","0.8",1,"0.1",NA,NA,NA,NA,NA,2018,2018,NA,NA,"Eva, Mimi, and Niel",NA,NA,NA,NA,"blue",NA,NA,"grn",NA,NA,NA,"no",NA,NA,0.5
2018-07-30,"WL3","3","6","V",23,35,"<1","1.3",1,"0.2",NA,NA,NA,NA,NA,2018,2018,NA,NA,"Eva, Mimi, and Niel",NA,NA,NA,NA,"blue",NA,NA,"grn",NA,NA,NA,"no",NA,NA,0.5
2018-07-30,"WL3","3","6","X",NA,NA,NA,NA,NA,NA,NA,NA,NA,NA,NA,2018,2018,NA,NA,"Eva, Mimi, and Niel",NA,NA,NA,NA,NA,NA,NA,"grn",NA,NA,NA,NA,NA,NA,NA
2018-07-30,"WL3","3","6","X",NA,NA,NA,NA,NA,NA,NA,NA,NA,NA,NA,2018,2018,NA,NA,"Eva, Mimi, and Niel",NA,NA,NA,NA,NA,NA,NA,"grn",NA,NA,NA,NA,NA,NA,NA
2018-07-30,"WL3","3","6","X",NA,NA,NA,NA,NA,NA,NA,NA,NA,NA,NA,2018,2018,NA,NA,"Eva, Mimi, and Niel",NA,NA,NA,NA,NA,NA,NA,"grn",NA,NA,NA,NA,NA,NA,NA
2018-07-30,"WL3","3","3","V",48,10,"<1","25",1,"0.5",NA,NA,NA,NA,"not listed but found",2018,2018,NA,NA,"Eva, Mimi, and Niel",NA,NA,NA,NA,"blue",NA,NA,"grn",NA,NA,NA,"no",NA,NA,0.5
2018-07-30,"WL3","3","3","X",NA,NA,NA,NA,NA,NA,NA,NA,NA,NA,"not listed but found",2018,2018,NA,NA,"Eva, Mimi, and Niel",NA,NA,NA,NA,NA,NA,NA,NA,NA,NA,NA,NA,NA,NA,NA
2018-07-26,"WL3","1","0-0.5","X",3,15,NA,NA,NA,NA,NA,NA,NA,NA,NA,2018,2017,NA,NA,"Elena & Jenna",NA,NA,NA,NA,"red",NA,NA,NA,NA,NA,NA,NA,NA,NA,NA
2018-07-26,"WL3","1","0-0.5","X",30,23,NA,NA,NA,NA,NA,NA,NA,NA,NA,2018,2017,NA,NA,"Elena & Jenna",NA,NA,NA,NA,"grn",NA,NA,NA,NA,NA,NA,NA,NA,NA,NA
2018-07-26,"WL3","1","0.5","S",14,5,"<1","4",1,NA,"0","0",NA,1,NA,2018,2017,NA,NA,"Elena & Jenna",NA,NA,NA,NA,"red",NA,NA,NA,NA,NA,NA,"no",NA,NA,0.5
2018-07-26,"WL3","1","0.5","X",21,32,NA,NA,NA,NA,NA,NA,NA,NA,NA,2018,2017,NA,NA,"Elena & Jenna",NA,NA,NA,NA,"grn",NA,NA,NA,NA,NA,NA,NA,NA,NA,NA
2018-07-26,"WL3","1","0.5","X",10,40,NA,NA,NA,NA,NA,NA,NA,NA,NA,2018,2017,NA,NA,"Elena & Jenna",NA,NA,NA,NA,"grn",NA,NA,NA,NA,NA,NA,NA,NA,NA,NA
2018-07-26,"WL3","1","0.5","X",38,41,NA,NA,NA,NA,NA,NA,NA,NA,NA,2018,2017,NA,NA,"Elena & Jenna",NA,NA,NA,NA,"red",NA,NA,NA,NA,NA,NA,NA,NA,NA,NA
2018-07-26,"WL3","1","0.5","X",9,49,NA,NA,NA,NA,NA,NA,NA,NA,NA,2018,2017,NA,NA,"Elena & Jenna",NA,NA,NA,NA,"red",NA,NA,NA,NA,NA,NA,NA,NA,NA,NA
2018-07-26,"WL3","1","1","X",4,4,NA,NA,NA,NA,NA,NA,NA,NA,NA,2018,2017,NA,NA,"Elena & Jenna",NA,NA,NA,NA,"red",NA,NA,NA,NA,NA,NA,NA,NA,NA,NA
2018-07-26,"WL3","1","1","X",2,11,NA,NA,NA,NA,NA,NA,NA,NA,NA,2018,2017,NA,NA,"Elena & Jenna",NA,NA,NA,NA,"red",NA,NA,NA,NA,NA,NA,NA,NA,NA,NA
2018-07-26,"WL3","1","1","X",15,12,NA,NA,NA,NA,NA,NA,NA,NA,NA,2018,2017,NA,NA,"Elena & Jenna",NA,NA,NA,NA,"red",NA,NA,NA,NA,NA,NA,NA,NA,NA,NA
2018-07-26,"WL3","1","1","X",44,30,NA,NA,NA,NA,NA,NA,NA,NA,NA,2018,2017,NA,NA,"Elena & Jenna",NA,NA,NA,NA,"red",NA,NA,NA,NA,NA,NA,NA,NA,NA,NA
2018-07-26,"WL3","1","1.5","X",12,5,NA,NA,NA,NA,NA,NA,NA,NA,NA,2018,2017,NA,NA,"Elena & Jenna",NA,NA,NA,NA,"red",NA,NA,NA,NA,NA,NA,NA,NA,NA,NA
2018-07-26,"WL3","1","1.5","V",29,38,"<1","2.4",1,"0.9",NA,NA,NA,NA,NA,2018,2017,NA,NA,"Elena & Jenna",NA,NA,NA,NA,"red",NA,NA,NA,NA,NA,NA,"no",NA,NA,0.5
2018-07-26,"WL3","1","1.5","X",39,19,NA,NA,NA,NA,NA,NA,NA,NA,NA,2018,2017,NA,NA,"Elena & Jenna",NA,NA,NA,NA,"red",NA,NA,NA,NA,NA,NA,NA,NA,NA,NA
2018-07-26,"WL3","1","1.5","X",43,20,NA,NA,NA,NA,NA,NA,NA,NA,NA,2018,2017,NA,NA,"Elena & Jenna",NA,NA,NA,NA,"red",NA,NA,NA,NA,NA,NA,NA,NA,NA,NA
2018-07-26,"WL3","1","1.5","V",46,21,"<1","6.5",1,"1.4",NA,NA,NA,NA,NA,2018,2017,NA,NA,"Elena & Jenna",NA,NA,NA,NA,"red",NA,NA,NA,NA,NA,NA,"no",NA,NA,0.5
2018-07-26,"WL3","1","1.5","X",40,45,NA,NA,NA,NA,NA,NA,NA,NA,NA,2018,2017,NA,NA,"Elena & Jenna",NA,NA,NA,NA,"red",NA,NA,NA,NA,NA,NA,NA,NA,NA,NA
2018-07-26,"WL3","1","2","X",1,21,NA,NA,NA,NA,NA,NA,NA,NA,NA,2018,2017,NA,NA,"Elena & Jenna",NA,NA,NA,NA,"red",NA,NA,NA,NA,NA,NA,NA,NA,NA,NA
2018-07-26,"WL3","1","2","V",2,24,"1.1000000000000001","7",3,"1.6",NA,NA,NA,NA,NA,2018,2017,NA,NA,"Elena & Jenna",NA,NA,NA,NA,"red",NA,NA,NA,NA,NA,NA,"no",NA,NA,1.1
2018-07-26,"WL3","1","2","X",6,28,NA,NA,NA,NA,NA,NA,NA,NA,NA,2018,2017,NA,NA,"Elena & Jenna",NA,NA,NA,NA,"red",NA,NA,NA,NA,NA,NA,NA,NA,NA,NA
2018-07-26,"WL3","1","2","P",37,45,"1.28","16",6,NA,"0","10",4.8,6,NA,2018,2017,NA,NA,"Elena & Jenna",NA,NA,NA,NA,"red",NA,NA,NA,NA,NA,NA,"no",NA,NA,1.28
2018-07-26,"WL3","1","2","X",41,15,NA,NA,NA,NA,NA,NA,NA,NA,NA,2018,2017,NA,NA,"Elena & Jenna",NA,NA,NA,NA,"red",NA,NA,NA,NA,NA,NA,NA,NA,NA,NA
2018-07-26,"WL3","1","2.5","S",10,16,"<1","5",1,NA,"0","2",3.5,1,NA,2018,2017,NA,NA,"Elena & Jenna",NA,NA,NA,NA,"red",NA,NA,"white",NA,NA,NA,"no",NA,NA,0.5
2018-07-26,"WL3","1","2.5","X",47,35,NA,NA,NA,NA,NA,NA,NA,NA,NA,2018,2017,NA,NA,"Elena & Jenna",NA,NA,NA,NA,"red",NA,NA,NA,NA,NA,NA,NA,NA,NA,NA
2018-07-26,"WL3","1","3","X",15,14,NA,NA,NA,NA,NA,NA,NA,NA,NA,2018,2017,NA,NA,"Elena & Jenna",NA,NA,NA,NA,"grn",NA,NA,NA,NA,NA,NA,NA,NA,NA,NA
2018-07-26,"WL3","1","3","X",34,4,NA,NA,NA,NA,NA,NA,NA,NA,NA,2018,2017,NA,NA,"Elena & Jenna",NA,NA,NA,NA,"grn",NA,NA,NA,NA,NA,NA,NA,NA,NA,NA
2018-07-26,"WL3","1","3","X",41,38,NA,NA,NA,NA,NA,NA,NA,NA,NA,2018,2017,NA,NA,"Elena & Jenna",NA,NA,NA,NA,"red",NA,NA,NA,NA,NA,NA,NA,NA,NA,NA
2018-07-26,"WL3","1","3.5","V",36,22,"1.59","3.5",4,"1.3",NA,NA,NA,NA,NA,2018,2017,NA,NA,"Elena & Jenna",NA,NA,NA,NA,"red",NA,NA,NA,NA,NA,NA,NA,NA,NA,1.59
2018-07-26,"WL3","1","3.5","V",40,22,"<1","2.8",1,"0.9",NA,NA,NA,NA,NA,2018,2017,NA,NA,"Elena & Jenna",NA,NA,NA,NA,"red",NA,NA,NA,NA,NA,NA,NA,NA,NA,0.5
2018-07-26,"WL3","1","3.5","X",2,32,NA,NA,NA,NA,NA,NA,NA,NA,NA,2018,2017,NA,NA,"Elena & Jenna",NA,NA,NA,NA,"red",NA,NA,NA,NA,NA,NA,NA,NA,NA,NA
2018-07-26,"WL3","1","4","X",41,42,NA,NA,NA,NA,NA,NA,NA,NA,NA,2018,2017,NA,NA,"Eva & Niel",NA,NA,NA,NA,"grn",NA,NA,NA,NA,NA,NA,NA,NA,NA,NA
2018-07-26,"WL3","1","4.5","X",5,7,NA,NA,NA,NA,NA,NA,NA,NA,NA,2018,2017,NA,NA,"Eva & Niel",NA,NA,NA,NA,"red",NA,NA,NA,NA,NA,NA,NA,NA,NA,NA
2018-07-26,"WL3","1","8.5","X",30,4,NA,NA,NA,NA,NA,NA,NA,NA,NA,2018,2017,NA,NA,"Eva & Niel",NA,NA,NA,NA,"grn",NA,NA,NA,NA,NA,NA,NA,NA,NA,NA
2018-07-26,"WL3","1","8.5","X",28,22,NA,NA,NA,NA,NA,NA,NA,NA,NA,2018,2017,NA,NA,"Eva & Niel",NA,NA,NA,NA,"grn",NA,NA,NA,NA,NA,NA,NA,NA,NA,NA
2018-07-26,"WL3","1","9.5","X",4,12,NA,NA,NA,NA,NA,NA,NA,NA,NA,2018,2017,NA,NA,"Eva & Niel",NA,NA,NA,NA,"grn",NA,NA,NA,NA,NA,NA,NA,NA,NA,NA
2018-07-26,"WL3","1","9.5","X",9,18,NA,NA,NA,NA,NA,NA,NA,NA,NA,2018,2017,NA,NA,"Eva & Niel",NA,NA,NA,NA,"grn",NA,NA,NA,NA,NA,NA,NA,NA,NA,NA
2018-07-26,"WL3","1","9.5","X",11,45,NA,NA,NA,NA,NA,NA,NA,NA,NA,2018,2017,NA,NA,"Eva & Niel",NA,NA,NA,NA,"red",NA,NA,NA,NA,NA,NA,NA,NA,NA,NA
2018-07-26,"WL3","1","9.5","X",28,20,NA,NA,NA,NA,NA,NA,NA,NA,NA,2018,2017,NA,NA,"Eva & Niel",NA,NA,NA,NA,"red",NA,NA,NA,NA,NA,NA,NA,NA,NA,NA
2018-07-26,"WL3","1","9.5","X",34,24,NA,NA,NA,NA,NA,NA,NA,NA,NA,2018,2017,NA,NA,"Eva & Niel",NA,NA,NA,NA,"red",NA,NA,NA,NA,NA,NA,NA,NA,NA,NA
2018-07-26,"WL3","1","9.5","X",41,25,NA,NA,NA,NA,NA,NA,NA,NA,NA,2018,2017,NA,NA,"Eva & Niel",NA,NA,NA,NA,"grn",NA,NA,NA,NA,NA,NA,NA,NA,NA,NA
2018-07-26,"WL3","1","9.5","X",49,40,NA,NA,NA,NA,NA,NA,NA,NA,NA,2018,2017,NA,NA,"Eva & Niel",NA,NA,NA,NA,"grn",NA,NA,NA,NA,NA,NA,NA,NA,NA,NA
2018-07-26,"WL3","1","9","X",49,3,NA,NA,NA,NA,NA,NA,NA,NA,NA,2018,2017,NA,NA,"Eva & Niel",NA,NA,NA,NA,"red",NA,NA,NA,NA,NA,NA,NA,NA,NA,NA
2018-07-26,"WL3","1","9","X",48,3,NA,NA,NA,NA,NA,NA,NA,NA,NA,2018,2017,NA,NA,"Eva & Niel",NA,NA,NA,NA,"red",NA,NA,NA,NA,NA,NA,NA,NA,NA,NA
2018-07-26,"WL3","1","9","X",32,5,NA,NA,NA,NA,NA,NA,NA,NA,NA,2018,2017,NA,NA,"Eva & Niel",NA,NA,NA,NA,"grn",NA,NA,NA,NA,NA,NA,NA,NA,NA,NA
2018-07-26,"WL3","1","9","X",27,5,NA,NA,NA,NA,NA,NA,NA,NA,NA,2018,2017,NA,NA,"Eva & Niel",NA,NA,NA,NA,"grn",NA,NA,NA,NA,NA,NA,NA,NA,NA,NA
2018-07-26,"WL3","1","9","X",24,18,NA,NA,NA,NA,NA,NA,NA,NA,NA,2018,2017,NA,NA,"Eva & Niel",NA,NA,NA,NA,"grn",NA,NA,NA,NA,NA,NA,NA,NA,NA,NA
2018-07-26,"WL3","1","9","X",21,43,NA,NA,NA,NA,NA,NA,NA,NA,NA,2018,2017,NA,NA,"Eva & Niel",NA,NA,NA,NA,"grn",NA,NA,NA,NA,NA,NA,NA,NA,NA,NA
2018-07-26,"WL3","1","9","X",19,22,NA,NA,NA,NA,NA,NA,NA,NA,NA,2018,2017,NA,NA,"Eva & Niel",NA,NA,NA,NA,"grn",NA,NA,NA,NA,NA,NA,NA,NA,NA,NA
2018-07-26,"WL3","1","9","X",18,33,NA,NA,NA,NA,NA,NA,NA,NA,NA,2018,2017,NA,NA,"Eva & Niel",NA,NA,NA,NA,"grn",NA,NA,NA,NA,NA,NA,NA,NA,NA,NA
2018-07-26,"WL3","1","9","X",18,26,NA,NA,NA,NA,NA,NA,NA,NA,NA,2018,2017,NA,NA,"Eva & Niel",NA,NA,NA,NA,"grn",NA,NA,NA,NA,NA,NA,NA,NA,NA,NA
2018-07-26,"WL3","1","9","X",18,22,NA,NA,NA,NA,NA,NA,NA,NA,NA,2018,2017,NA,NA,"Eva & Niel",NA,NA,NA,NA,"grn",NA,NA,NA,NA,NA,NA,NA,NA,NA,NA
2018-07-26,"WL3","1","9","X",16,23,NA,NA,NA,NA,NA,NA,NA,NA,NA,2018,2017,NA,NA,"Eva & Niel",NA,NA,NA,NA,"grn",NA,NA,NA,NA,NA,NA,NA,NA,NA,NA
2018-07-26,"WL3","1","9","X",14,33,NA,NA,NA,NA,NA,NA,NA,NA,NA,2018,2017,NA,NA,"Eva & Niel",NA,NA,NA,NA,"red",NA,NA,NA,NA,NA,NA,NA,NA,NA,NA
2018-07-26,"WL3","1","9","X",4,22,NA,NA,NA,NA,NA,NA,NA,NA,NA,2018,2017,NA,NA,"Eva & Niel",NA,NA,NA,NA,"grn",NA,NA,NA,NA,NA,NA,NA,NA,NA,NA
2018-07-26,"WL3","2","0","X",21,10,NA,NA,NA,NA,NA,NA,NA,NA,NA,2018,2017,NA,NA,"Eva & Niel",NA,NA,NA,NA,"grn",NA,NA,NA,NA,NA,NA,NA,NA,NA,NA
2018-07-26,"WL3","2","0","X",28,22,NA,NA,NA,NA,NA,NA,NA,NA,NA,2018,2017,NA,NA,"Eva & Niel",NA,NA,NA,NA,"grn",NA,NA,NA,NA,NA,NA,NA,NA,NA,NA
2018-07-26,"WL3","2","1","V",9,24,"1.49","4.2",3,"see note",NA,NA,NA,NA,"leaves too crispy to measure",2018,2017,NA,NA,"Eva & Niel",NA,NA,NA,NA,"red",NA,NA,NA,NA,NA,NA,"no",NA,NA,1.49
2018-07-26,"WL3","2","1","X",19,6,NA,NA,NA,NA,NA,NA,NA,NA,NA,2018,2017,NA,NA,"Eva & Niel",NA,NA,NA,NA,"grn",NA,NA,NA,NA,NA,NA,NA,NA,NA,NA
2018-07-26,"WL3","2","1","X",23,35,NA,NA,NA,NA,NA,NA,NA,NA,NA,2018,2017,NA,NA,"Eva & Niel",NA,NA,NA,NA,"grn",NA,NA,NA,NA,NA,NA,NA,NA,NA,NA
2018-07-26,"WL3","2","1","X",31,7,NA,NA,NA,NA,NA,NA,NA,NA,NA,2018,2017,NA,NA,"Eva & Niel",NA,NA,NA,NA,"grn",NA,NA,NA,NA,NA,NA,NA,NA,NA,NA
2018-07-26,"WL3","3","4.5","X",32,40,NA,NA,NA,NA,NA,NA,NA,NA,NA,2018,2017,NA,NA,"Eva & Niel",NA,NA,NA,NA,"grn",NA,NA,NA,NA,NA,NA,NA,NA,NA,NA
2018-07-26,"WL3","3","4.5","X",45,30,NA,NA,NA,NA,NA,NA,NA,NA,NA,2018,2017,NA,NA,"Eva & Niel",NA,NA,NA,NA,"red",NA,NA,NA,NA,NA,NA,NA,NA,NA,NA
2018-07-26,"WL3","3","5","P",45,17,"2.2400000000000002","18.2",5,NA,"0","9",5.5,5,NA,2018,2017,NA,NA,"Eva & Niel",NA,NA,NA,NA,"red",NA,NA,"white",NA,NA,NA,"no",NA,NA,2.24
2018-07-26,"WL3","3","5.5","X",8,28,NA,NA,NA,NA,NA,NA,NA,NA,NA,2018,2017,NA,NA,"Eva & Niel",NA,NA,NA,NA,"grn",NA,NA,NA,NA,NA,NA,NA,NA,NA,NA
2018-07-26,"WL3","3","5.5","P",47,10,"3.31","13.6",10,NA,"0","19",5.1,10,NA,2018,2017,NA,NA,"Eva & Niel",NA,NA,NA,NA,"red",NA,NA,"0",NA,NA,NA,"no",NA,NA,3.31
2018-07-26,"WL3","3","6","X",28,38,NA,NA,NA,NA,NA,NA,NA,NA,NA,2018,2017,NA,NA,"Eva & Niel",NA,NA,NA,NA,"red",NA,NA,NA,NA,NA,NA,NA,NA,NA,NA
2018-07-26,"WL3","3","6","P",35,48,"2.09","12.9",5,NA,"0","9",4.5,4,NA,2018,2017,NA,NA,"Eva & Niel",NA,NA,NA,NA,"grn",NA,NA,"white",NA,NA,NA,"no",NA,NA,2.09
2018-07-26,"WL3","3","6","X",36,8,NA,NA,NA,NA,NA,NA,NA,NA,NA,2018,2017,NA,NA,"Eva & Niel",NA,NA,NA,NA,"grn",NA,NA,NA,NA,NA,NA,NA,NA,NA,NA
2018-07-26,"WL3","3","6","X",46,29,NA,NA,NA,NA,NA,NA,NA,NA,NA,2018,2017,NA,NA,"Eva & Niel",NA,NA,NA,NA,"grn",NA,NA,NA,NA,NA,NA,NA,NA,NA,NA
2018-07-26,"WL3","3","6","P",49,1,"4.1900000000000004","17.600000000000001",13,NA,"0","40",5.6,13,NA,2018,2017,NA,NA,"Eva & Niel",NA,NA,NA,NA,"red",NA,NA,"white",NA,NA,NA,"no",NA,NA,4.19
2018-07-26,"WL3","3","6","X",49,35,NA,NA,NA,NA,NA,NA,NA,NA,NA,2018,2017,NA,NA,"Eva & Niel",NA,NA,NA,NA,"red",NA,NA,NA,NA,NA,NA,NA,NA,NA,NA
2018-07-26,"WL3","4","1.5","X",19,29,NA,NA,NA,NA,NA,NA,NA,NA,NA,2018,2017,NA,NA,"Eva & Niel",NA,NA,NA,NA,"grn",NA,NA,NA,NA,NA,NA,NA,NA,NA,NA
2018-07-26,"WL3","4","3.5","X",26,44,NA,NA,NA,NA,NA,NA,NA,NA,NA,2018,2017,NA,NA,"Eva & Niel",NA,NA,NA,NA,"grn",NA,NA,NA,NA,NA,NA,NA,NA,NA,NA
2018-07-26,"WL3","4","4.5","F",18,23,"<1","9.1999999999999993",2,NA,"1","0",0,1,NA,2018,2017,NA,NA,"Eva & Niel",NA,NA,NA,NA,"red",NA,NA,"green",NA,NA,NA,"no",NA,NA,0.5
2018-07-26,"WL3","4","5","X",20,36,NA,NA,NA,NA,NA,NA,NA,NA,NA,2018,2017,NA,NA,"Eva & Niel",NA,NA,NA,NA,"red",NA,NA,NA,NA,NA,NA,NA,NA,NA,NA
2018-07-26,"WL3","4","5.5","V",5,12,"1.31","3.4",7,"0.8",NA,NA,NA,NA,NA,2018,2017,NA,NA,"Eva & Niel",NA,NA,NA,NA,"red",NA,NA,NA,NA,NA,NA,"no",NA,NA,1.31
2018-07-26,"WL3","4","5.5","X",7,47,NA,NA,NA,NA,NA,NA,NA,NA,NA,2018,2017,NA,NA,"Eva & Niel",NA,NA,NA,NA,"red",NA,NA,NA,NA,NA,NA,NA,NA,NA,NA
2018-07-26,"WL3","4","5.5","X",9,13,NA,NA,NA,NA,NA,NA,NA,NA,NA,2018,2017,NA,NA,"Eva & Niel",NA,NA,NA,NA,"red",NA,NA,NA,NA,NA,NA,NA,NA,NA,NA
2018-07-26,"WL3","4","5.5","P",20,21,"1.18","13.7",4,NA,NA,"3",3.7,4,NA,2018,2017,NA,NA,"Eva & Niel",NA,NA,NA,NA,"red",NA,NA,"white",NA,NA,NA,"no",NA,NA,1.18
2018-07-26,"WL3","4","5.5","P",23,19,"1.72","14.3",5,NA,NA,"9",4.6,5,NA,2018,2017,NA,NA,"Eva & Niel",NA,NA,NA,NA,"red",NA,NA,"white",NA,NA,NA,"no",NA,NA,1.72
2018-07-26,"WL3","4","5.5","V",24,14,"1.74","6.1",5,"1",NA,NA,NA,NA,NA,2018,2017,NA,NA,"Eva & Niel",NA,NA,NA,NA,"red",NA,NA,NA,NA,NA,NA,"no",NA,NA,1.74
2018-07-26,"WL3","4","5.5","P",25,27,"1.5","14.6",6,NA,"0","4",4.4,5,NA,2018,2017,NA,NA,"Eva & Niel",NA,NA,NA,NA,"red",NA,NA,"white",NA,NA,NA,"no",NA,NA,1.5
2018-07-26,"WL3","4","5.5","P",27,25,"1.54","12.8",5,NA,NA,"4",5.1,5,"Y coordinate changed from 11 to 25 (11 was off)",2018,2017,NA,NA,"Eva & Niel",NA,NA,NA,NA,"red",NA,NA,"white",NA,NA,NA,"no",NA,NA,1.54
2018-07-26,"WL3","4","5.5","X",30,11,NA,NA,NA,NA,NA,NA,NA,NA,NA,2018,2017,NA,NA,"Eva & Niel",NA,NA,NA,NA,"red",NA,NA,NA,NA,NA,NA,NA,NA,NA,NA
2018-07-26,"WL3","4","5.5","P",31,24,"1.89","18.2",5,NA,NA,"9",5.2,4,NA,2018,2017,NA,NA,"Eva & Niel",NA,NA,NA,NA,"red",NA,NA,"white",NA,NA,NA,"no",NA,NA,1.89
2018-07-26,"WL3","4","5.5","P",31,29,"1.9","13.6",6,NA,NA,"7",6.1,6,NA,2018,2017,NA,NA,"Eva & Niel",NA,NA,NA,NA,"red",NA,NA,"white",NA,NA,NA,"no",NA,NA,1.9
2018-07-26,"WL3","4","5.5","X",40,48,NA,NA,NA,NA,NA,NA,NA,NA,NA,2018,2017,NA,NA,"Eva & Niel",NA,NA,NA,NA,"red",NA,NA,NA,NA,NA,NA,NA,NA,NA,NA
2018-07-26,"WL3","4","7","S",27,1,"2.4300000000000002","30.5",3,NA,NA,"0",0,0,"not sure if this reproduced this year, looks like skeleton",2018,2017,NA,NA,"Eva & Niel",NA,NA,NA,NA,"grn",NA,NA,"0",NA,NA,NA,"no",NA,NA,2.43
2018-07-26,"WL3","4","7.5","S",35,47,"1.04","12.5",3,NA,NA,"0",0,0,"not sure if this reproduced this year, looks like skeleton",2018,2017,NA,NA,"Eva & Niel",NA,NA,NA,NA,"grn",NA,NA,"0",NA,NA,NA,"no",NA,NA,1.04
2018-07-26,"WL3","4","7.5","S",49,8,"1.02","12.1",1,NA,NA,"0",0,0,"not sure if this reproduced this year, looks like skeleton",2018,2017,NA,NA,"Eva & Niel",NA,NA,NA,NA,"grn",NA,NA,"0",NA,NA,NA,"no",NA,NA,1.02
2018-07-26,"WL3","4","8","S",16,45,"1.54","21.3",7,NA,NA,NA,NA,NA,"not sure if this reproduced this year, looks like skeleton",2018,2017,NA,NA,NA,NA,NA,NA,NA,"grn",NA,NA,NA,NA,NA,NA,NA,NA,NA,1.54
2018-07-26,"WL3","4","9","X",7,40,NA,NA,NA,NA,NA,NA,NA,NA,NA,2018,2017,NA,NA,"Elena & Jenna (plot 1 quads 0-3.5), Niel & Eva (plot 1, quads 4-end)",NA,NA,NA,NA,"grn",NA,NA,NA,NA,NA,NA,NA,NA,NA,NA
2018-07-26,"WL3","4","9.5","X",40,24,NA,NA,NA,NA,NA,NA,NA,NA,NA,2018,2017,NA,NA,"Elena & Jenna (plot 1 quads 0-3.5), Niel & Eva (plot 1, quads 4-end)",NA,NA,NA,NA,"grn",NA,NA,NA,NA,NA,NA,NA,NA,NA,NA
2018-07-26,"WL3","1","0.5","V",17,21,"<1","2",1,"0.3",NA,NA,NA,NA,NA,2018,2018,NA,NA,"Elena & Jenna (plot 1 quads 0-3.5), Niel & Eva (plot 1, quads 4-end)",NA,NA,NA,NA,"blue",NA,"grn",NA,NA,NA,NA,"no",NA,NA,0.5
2018-07-26,"WL3","1","0.5","V",48,23,"<1","1.2",1,"0.2",NA,NA,NA,NA,NA,2018,2018,NA,NA,"Elena & Jenna (plot 1 quads 0-3.5), Niel & Eva (plot 1, quads 4-end)",NA,NA,NA,NA,"blue",NA,"grn",NA,NA,NA,NA,"no",NA,NA,0.5
2018-07-26,"WL3","1","0.5","V",25,41,"<1","1.5",1,"0.4",NA,NA,NA,NA,NA,2018,2018,NA,NA,"Elena & Jenna (plot 1 quads 0-3.5), Niel & Eva (plot 1, quads 4-end)",NA,NA,NA,NA,"blue",NA,"grn",NA,NA,NA,NA,"no",NA,NA,0.5
2018-07-26,"WL3","1","0.5","V",31,38,"<1","0.8",1,"0.2",NA,NA,NA,NA,NA,2018,2018,NA,NA,"Elena & Jenna (plot 1 quads 0-3.5), Niel & Eva (plot 1, quads 4-end)",NA,NA,NA,NA,"blue",NA,"grn",NA,NA,NA,NA,"no",NA,NA,0.5
2018-07-26,"WL3","1","1.5","V",27,41,"<1","2",1,"0.4",NA,NA,NA,NA,NA,2018,2018,NA,NA,"Elena & Jenna (plot 1 quads 0-3.5), Niel & Eva (plot 1, quads 4-end)",NA,NA,NA,NA,"blue",NA,"grn",NA,NA,NA,NA,"no",NA,NA,0.5
2018-07-26,"WL3","1","3.5","V",7,56,"<1","1.2",1,"0.2",NA,NA,NA,NA,NA,2018,2018,NA,NA,"Elena & Jenna (plot 1 quads 0-3.5), Niel & Eva (plot 1, quads 4-end)",NA,NA,NA,NA,"blue",NA,"grn",NA,NA,NA,NA,"no",NA,NA,0.5
2018-07-26,"WL3","1","3.5","V",38,54,"<1","1.9",1,"0.3",NA,NA,NA,NA,NA,2018,2018,NA,NA,"Elena & Jenna (plot 1 quads 0-3.5), Niel & Eva (plot 1, quads 4-end)",NA,NA,NA,NA,"blue",NA,"grn",NA,NA,NA,NA,"no",NA,NA,0.5
2018-07-26,"WL3","1","3.5","V",33,54,"<1","2",1,"0.7",NA,NA,NA,NA,NA,2018,2018,NA,NA,"Elena & Jenna (plot 1 quads 0-3.5), Niel & Eva (plot 1, quads 4-end)",NA,NA,NA,NA,"blue",NA,"grn",NA,NA,NA,NA,"no",NA,NA,0.5
2018-07-26,"WL3","1","3.5","V",47,11,"<1","1.5",1,"0.4",NA,NA,NA,NA,NA,2018,2018,NA,NA,"Elena & Jenna (plot 1 quads 0-3.5), Niel & Eva (plot 1, quads 4-end)",NA,NA,NA,NA,"blue",NA,"grn",NA,NA,NA,NA,"no",NA,NA,0.5
2018-07-26,"WL3","1","4.5","X",NA,NA,NA,NA,NA,NA,NA,NA,NA,NA,NA,2018,2018,NA,NA,"Elena & Jenna (plot 1 quads 0-3.5), Niel & Eva (plot 1, quads 4-end)",NA,NA,NA,NA,NA,NA,"grn",NA,NA,NA,NA,NA,NA,NA,NA
2018-07-26,"WL3","1","4.5","X",NA,NA,NA,NA,NA,NA,NA,NA,NA,NA,NA,2018,2018,NA,NA,"Elena & Jenna (plot 1 quads 0-3.5), Niel & Eva (plot 1, quads 4-end)",NA,NA,NA,NA,NA,NA,"grn",NA,NA,NA,NA,NA,NA,NA,NA
2018-07-26,"WL3","1","4.5","X",NA,NA,NA,NA,NA,NA,NA,NA,NA,NA,NA,2018,2018,NA,NA,"Elena & Jenna (plot 1 quads 0-3.5), Niel & Eva (plot 1, quads 4-end)",NA,NA,NA,NA,NA,NA,"grn",NA,NA,NA,NA,NA,NA,NA,NA
2018-07-26,"WL3","1","4.5","X",NA,NA,NA,NA,NA,NA,NA,NA,NA,NA,NA,2018,2018,NA,NA,"Elena & Jenna (plot 1 quads 0-3.5), Niel & Eva (plot 1, quads 4-end)",NA,NA,NA,NA,NA,NA,"grn",NA,NA,NA,NA,NA,NA,NA,NA
2018-07-26,"WL3","1","4.5","X",NA,NA,NA,NA,NA,NA,NA,NA,NA,NA,NA,2018,2018,NA,NA,"Elena & Jenna (plot 1 quads 0-3.5), Niel & Eva (plot 1, quads 4-end)",NA,NA,NA,NA,NA,NA,"grn",NA,NA,NA,NA,NA,NA,NA,NA
2018-07-26,"WL3","1","4.5","V",18,13,"<1","2.2000000000000002",1,"0.7",NA,NA,NA,NA,NA,2018,2018,NA,NA,"Elena & Jenna (plot 1 quads 0-3.5), Niel & Eva (plot 1, quads 4-end)",NA,NA,NA,NA,"blue",NA,"grn",NA,NA,NA,NA,"no",NA,NA,0.5
2018-07-26,"WL3","1","4.5","V",23,14,"<1","2.5",1,"0.5",NA,NA,NA,NA,NA,2018,2018,NA,NA,"Elena & Jenna (plot 1 quads 0-3.5), Niel & Eva (plot 1, quads 4-end)",NA,NA,NA,NA,"blue",NA,"grn",NA,NA,NA,NA,"no",NA,NA,0.5
2018-07-26,"WL3","1","4.5","V",33,22,"<1","1.7",1,"0.4",NA,NA,NA,NA,NA,2018,2018,NA,NA,"Elena & Jenna (plot 1 quads 0-3.5), Niel & Eva (plot 1, quads 4-end)",NA,NA,NA,NA,"blue",NA,"grn",NA,NA,NA,NA,"no",NA,NA,0.5
2018-07-26,"WL3","1","8.5","X",NA,NA,NA,NA,NA,NA,NA,NA,NA,NA,NA,2018,2018,NA,NA,"Elena & Jenna (plot 1 quads 0-3.5), Niel & Eva (plot 1, quads 4-end)",NA,NA,NA,NA,NA,NA,"grn",NA,NA,NA,NA,NA,NA,NA,NA
2018-07-26,"WL3","1","8.5","X",NA,NA,NA,NA,NA,NA,NA,NA,NA,NA,NA,2018,2018,NA,NA,"Elena & Jenna (plot 1 quads 0-3.5), Niel & Eva (plot 1, quads 4-end)",NA,NA,NA,NA,NA,NA,"grn",NA,NA,NA,NA,NA,NA,NA,NA
2018-07-26,"WL3","1","8.5","X",NA,NA,NA,NA,NA,NA,NA,NA,NA,NA,NA,2018,2018,NA,NA,"Elena & Jenna (plot 1 quads 0-3.5), Niel & Eva (plot 1, quads 4-end)",NA,NA,NA,NA,NA,NA,"grn",NA,NA,NA,NA,NA,NA,NA,NA
2018-07-26,"WL3","1","8.5","X",NA,NA,NA,NA,NA,NA,NA,NA,NA,NA,NA,2018,2018,NA,NA,"Elena & Jenna (plot 1 quads 0-3.5), Niel & Eva (plot 1, quads 4-end)",NA,NA,NA,NA,NA,NA,"grn",NA,NA,NA,NA,NA,NA,NA,NA
2018-07-26,"WL3","1","8.5","X",NA,NA,NA,NA,NA,NA,NA,NA,NA,NA,NA,2018,2018,NA,NA,"Elena & Jenna (plot 1 quads 0-3.5), Niel & Eva (plot 1, quads 4-end)",NA,NA,NA,NA,NA,NA,"grn",NA,NA,NA,NA,NA,NA,NA,NA
2018-07-26,"WL3","1","8.5","X",NA,NA,NA,NA,NA,NA,NA,NA,NA,NA,NA,2018,2018,NA,NA,"Elena & Jenna (plot 1 quads 0-3.5), Niel & Eva (plot 1, quads 4-end)",NA,NA,NA,NA,NA,NA,"grn",NA,NA,NA,NA,NA,NA,NA,NA
2018-07-26,"WL3","1","8.5","X",NA,NA,NA,NA,NA,NA,NA,NA,NA,NA,NA,2018,2018,NA,NA,"Elena & Jenna (plot 1 quads 0-3.5), Niel & Eva (plot 1, quads 4-end)",NA,NA,NA,NA,NA,NA,"grn",NA,NA,NA,NA,NA,NA,NA,NA
2018-07-26,"WL3","1","8.5","X",NA,NA,NA,NA,NA,NA,NA,NA,NA,NA,NA,2018,2018,NA,NA,"Elena & Jenna (plot 1 quads 0-3.5), Niel & Eva (plot 1, quads 4-end)",NA,NA,NA,NA,NA,NA,"grn",NA,NA,NA,NA,NA,NA,NA,NA
2018-07-26,"WL3","1","8.5","X",NA,NA,NA,NA,NA,NA,NA,NA,NA,NA,NA,2018,2018,NA,NA,"Elena & Jenna (plot 1 quads 0-3.5), Niel & Eva (plot 1, quads 4-end)",NA,NA,NA,NA,NA,NA,"grn",NA,NA,NA,NA,NA,NA,NA,NA
2018-07-26,"WL3","1","8.5","X",NA,NA,NA,NA,NA,NA,NA,NA,NA,NA,NA,2018,2018,NA,NA,"Elena & Jenna (plot 1 quads 0-3.5), Niel & Eva (plot 1, quads 4-end)",NA,NA,NA,NA,NA,NA,"grn",NA,NA,NA,NA,NA,NA,NA,NA
2018-07-26,"WL3","1","8.5","X",NA,NA,NA,NA,NA,NA,NA,NA,NA,NA,NA,2018,2018,NA,NA,"Eva & Niel",NA,NA,NA,NA,NA,NA,"grn",NA,NA,NA,NA,NA,NA,NA,NA
2018-07-26,"WL3","1","8.5","X",NA,NA,NA,NA,NA,NA,NA,NA,NA,NA,NA,2018,2018,NA,NA,"Eva & Niel",NA,NA,NA,NA,NA,NA,"grn",NA,NA,NA,NA,NA,NA,NA,NA
2018-07-26,"WL3","1","8.5","X",NA,NA,NA,NA,NA,NA,NA,NA,NA,NA,NA,2018,2018,NA,NA,"Eva & Niel",NA,NA,NA,NA,NA,NA,"grn",NA,NA,NA,NA,NA,NA,NA,NA
2018-07-26,"WL3","1","8.5","X",NA,NA,NA,NA,NA,NA,NA,NA,NA,NA,NA,2018,2018,NA,NA,"Eva & Niel",NA,NA,NA,NA,NA,NA,"grn",NA,NA,NA,NA,NA,NA,NA,NA
2018-07-26,"WL3","1","8.5","X",NA,NA,NA,NA,NA,NA,NA,NA,NA,NA,NA,2018,2018,NA,NA,"Eva & Niel",NA,NA,NA,NA,NA,NA,"grn",NA,NA,NA,NA,NA,NA,NA,NA
2018-07-26,"WL3","1","8.5","X",NA,NA,NA,NA,NA,NA,NA,NA,NA,NA,NA,2018,2018,NA,NA,"Eva & Niel",NA,NA,NA,NA,NA,NA,"grn",NA,NA,NA,NA,NA,NA,NA,NA
2018-07-26,"WL3","1","8.5","X",NA,NA,NA,NA,NA,NA,NA,NA,NA,NA,NA,2018,2018,NA,NA,"Eva & Niel",NA,NA,NA,NA,NA,NA,"grn",NA,NA,NA,NA,NA,NA,NA,NA
2018-07-26,"WL3","1","8.5","X",NA,NA,NA,NA,NA,NA,NA,NA,NA,NA,NA,2018,2018,NA,NA,"Eva & Niel",NA,NA,NA,NA,NA,NA,"grn",NA,NA,NA,NA,NA,NA,NA,NA
2018-07-26,"WL3","1","8.5","X",NA,NA,NA,NA,NA,NA,NA,NA,NA,NA,NA,2018,2018,NA,NA,"Eva & Niel",NA,NA,NA,NA,NA,NA,"grn",NA,NA,NA,NA,NA,NA,NA,NA
2018-07-26,"WL3","1","8.5","X",NA,NA,NA,NA,NA,NA,NA,NA,NA,NA,NA,2018,2018,NA,NA,"Eva & Niel",NA,NA,NA,NA,NA,NA,"grn",NA,NA,NA,NA,NA,NA,NA,NA
2018-07-26,"WL3","1","8.5","X",NA,NA,NA,NA,NA,NA,NA,NA,NA,NA,NA,2018,2018,NA,NA,"Eva & Niel",NA,NA,NA,NA,NA,NA,"grn",NA,NA,NA,NA,NA,NA,NA,NA
2018-07-26,"WL3","1","8.5","X",NA,NA,NA,NA,NA,NA,NA,NA,NA,NA,NA,2018,2018,NA,NA,"Eva & Niel",NA,NA,NA,NA,NA,NA,"grn",NA,NA,NA,NA,NA,NA,NA,NA
2018-07-26,"WL3","1","8.5","X",NA,NA,NA,NA,NA,NA,NA,NA,NA,NA,NA,2018,2018,NA,NA,"Eva & Niel",NA,NA,NA,NA,NA,NA,"grn",NA,NA,NA,NA,NA,NA,NA,NA
2018-07-26,"WL3","1","8.5","X",NA,NA,NA,NA,NA,NA,NA,NA,NA,NA,NA,2018,2018,NA,NA,"Eva & Niel",NA,NA,NA,NA,NA,NA,"grn",NA,NA,NA,NA,NA,NA,NA,NA
2018-07-26,"WL3","1","8.5","X",NA,NA,NA,NA,NA,NA,NA,NA,NA,NA,NA,2018,2018,NA,NA,"Eva & Niel",NA,NA,NA,NA,NA,NA,"grn",NA,NA,NA,NA,NA,NA,NA,NA
2018-07-26,"WL3","1","8.5","X",NA,NA,NA,NA,NA,NA,NA,NA,NA,NA,NA,2018,2018,NA,NA,"Eva & Niel",NA,NA,NA,NA,NA,NA,"grn",NA,NA,NA,NA,NA,NA,NA,NA
2018-07-26,"WL3","1","8.5","X",NA,NA,NA,NA,NA,NA,NA,NA,NA,NA,NA,2018,2018,NA,NA,"Eva & Niel",NA,NA,NA,NA,NA,NA,"grn",NA,NA,NA,NA,NA,NA,NA,NA
2018-07-26,"WL3","1","8.5","X",NA,NA,NA,NA,NA,NA,NA,NA,NA,NA,NA,2018,2018,NA,NA,"Eva & Niel",NA,NA,NA,NA,NA,NA,"grn",NA,NA,NA,NA,NA,NA,NA,NA
2018-07-26,"WL3","1","8.5","V",47,27,"<1","2.5",1,"0.7",NA,NA,NA,NA,NA,2018,2018,NA,NA,"Eva & Niel",NA,NA,NA,NA,"blue",NA,"grn",NA,NA,NA,NA,"no",NA,NA,0.5
2018-07-26,"WL3","1","8.5","V",46,29,"<1","0.7",1,"0.2",NA,NA,NA,NA,NA,2018,2018,NA,NA,"Eva & Niel",NA,NA,NA,NA,"blue",NA,"grn",NA,NA,NA,NA,"no",NA,NA,0.5
2018-07-26,"WL3","1","8.5","V",46,30,"<1","1.3",1,"0.2",NA,NA,NA,NA,NA,2018,2018,NA,NA,"Eva & Niel",NA,NA,NA,NA,"blue",NA,"grn",NA,NA,NA,NA,"no",NA,NA,0.5
2018-07-26,"WL3","1","8.5","V",50,35,"<1","1.6",1,"0.5",NA,NA,NA,NA,NA,2018,2018,NA,NA,"Eva & Niel",NA,NA,NA,NA,"blue",NA,"grn",NA,NA,NA,NA,"yes",NA,NA,0.5
2018-07-26,"WL3","1","8.5","V",50,37,"<1","1.4",1,"0.3",NA,NA,NA,NA,NA,2018,2018,NA,NA,"Eva & Niel",NA,NA,NA,NA,"blue",NA,"grn",NA,NA,NA,NA,"no",NA,NA,0.5
2018-07-26,"WL3","1","8.5","V",49,36,"<1","1.6",1,"0.1",NA,NA,NA,NA,NA,2018,2018,NA,NA,"Eva & Niel",NA,NA,NA,NA,"blue",NA,"grn",NA,NA,NA,NA,"no",NA,NA,0.5
2018-07-26,"WL3","1","8.5","V",44,20,"<1","2.6",1,"0.6",NA,NA,NA,NA,NA,2018,2018,NA,NA,"Eva & Niel",NA,NA,NA,NA,"blue",NA,"grn",NA,NA,NA,NA,"yes",NA,NA,0.5
2018-07-26,"WL3","1","8.5","V",50,10,"<1","1.5",1,"0.4",NA,NA,NA,NA,NA,2018,2018,NA,NA,"Eva & Niel",NA,NA,NA,NA,"blue",NA,"grn",NA,NA,NA,NA,"no",NA,NA,0.5
2018-07-26,"WL3","1","8.5","V",40,3,"<1","1.5",1,"0.3",NA,NA,NA,NA,NA,2018,2018,NA,NA,"Eva & Niel",NA,NA,NA,NA,"blue",NA,"grn",NA,NA,NA,NA,"no",NA,NA,0.5
2018-07-26,"WL3","1","8.5","V",41,2,"<1","2.5",1,"0.7",NA,NA,NA,NA,NA,2018,2018,NA,NA,"Eva & Niel",NA,NA,NA,NA,"blue",NA,"grn",NA,NA,NA,NA,"no",NA,NA,0.5
2018-07-26,"WL3","1","8.5","V",32,16,"<1","3.2",1,"0.8",NA,NA,NA,NA,NA,2018,2018,NA,NA,"Eva & Niel",NA,NA,NA,NA,"blue",NA,"grn",NA,NA,NA,NA,"no",NA,NA,0.5
2018-07-26,"WL3","1","8.5","V",24,10,"<1","1.7",1,"0.3",NA,NA,NA,NA,NA,2018,2018,NA,NA,"Eva & Niel",NA,NA,NA,NA,"blue",NA,"grn",NA,NA,NA,NA,"no",NA,NA,0.5
2018-07-26,"WL3","1","8.5","V",8,10,"<1","1.5",1,"0.3",NA,NA,NA,NA,NA,2018,2018,NA,NA,"Eva & Niel",NA,NA,NA,NA,"blue",NA,"grn",NA,NA,NA,NA,"yes",NA,NA,0.5
2018-07-26,"WL3","1","8.5","V",5,20,"<1","1.9",1,"0.4",NA,NA,NA,NA,NA,2018,2018,NA,NA,"Eva & Niel",NA,NA,NA,NA,"blue",NA,"grn",NA,NA,NA,NA,"no",NA,NA,0.5
2018-07-26,"WL3","1","9.5","X",NA,NA,NA,NA,NA,NA,NA,NA,NA,NA,NA,2018,2018,NA,NA,"Eva & Niel",NA,NA,NA,NA,NA,NA,"grn",NA,NA,NA,NA,NA,NA,NA,NA
2018-07-26,"WL3","1","9.5","X",NA,NA,NA,NA,NA,NA,NA,NA,NA,NA,NA,2018,2018,NA,NA,"Eva & Niel",NA,NA,NA,NA,NA,NA,"grn",NA,NA,NA,NA,NA,NA,NA,NA
2018-07-26,"WL3","1","9.5","X",NA,NA,NA,NA,NA,NA,NA,NA,NA,NA,NA,2018,2018,NA,NA,"Eva & Niel",NA,NA,NA,NA,NA,NA,"grn",NA,NA,NA,NA,NA,NA,NA,NA
2018-07-26,"WL3","1","9.5","X",NA,NA,NA,NA,NA,NA,NA,NA,NA,NA,NA,2018,2018,NA,NA,"Eva & Niel",NA,NA,NA,NA,NA,NA,"grn",NA,NA,NA,NA,NA,NA,NA,NA
2018-07-26,"WL3","1","9.5","V",6,2,"<1","1.7",1,"0.5",NA,NA,NA,NA,NA,2018,2018,NA,NA,"Eva & Niel",NA,NA,NA,NA,"blue",NA,"grn",NA,NA,NA,NA,"no",NA,NA,0.5
2018-07-26,"WL3","2","0","X",NA,NA,NA,NA,NA,NA,NA,NA,NA,NA,NA,2018,2018,NA,NA,"Eva & Niel",NA,NA,NA,NA,NA,NA,"grn",NA,NA,NA,NA,NA,NA,NA,NA
2018-07-26,"WL3","2","0","X",NA,NA,NA,NA,NA,NA,NA,NA,NA,NA,NA,2018,2018,NA,NA,"Eva & Niel",NA,NA,NA,NA,NA,NA,"grn",NA,NA,NA,NA,NA,NA,NA,NA
2018-07-26,"WL3","2","0","X",NA,NA,NA,NA,NA,NA,NA,NA,NA,NA,NA,2018,2018,NA,NA,"Eva & Niel",NA,NA,NA,NA,NA,NA,"grn",NA,NA,NA,NA,NA,NA,NA,NA
2018-07-26,"WL3","2","0","X",NA,NA,NA,NA,NA,NA,NA,NA,NA,NA,NA,2018,2018,NA,NA,"Eva & Niel",NA,NA,NA,NA,NA,NA,"grn",NA,NA,NA,NA,NA,NA,NA,NA
2018-07-26,"WL3","2","0","X",NA,NA,NA,NA,NA,NA,NA,NA,NA,NA,NA,2018,2018,NA,NA,"Eva & Niel",NA,NA,NA,NA,NA,NA,"grn",NA,NA,NA,NA,NA,NA,NA,NA
2018-07-26,"WL3","2","0","X",NA,NA,NA,NA,NA,NA,NA,NA,NA,NA,NA,2018,2018,NA,NA,"Eva & Niel",NA,NA,NA,NA,NA,NA,"grn",NA,NA,NA,NA,NA,NA,NA,NA
2018-07-26,"WL3","2","0","X",NA,NA,NA,NA,NA,NA,NA,NA,NA,NA,NA,2018,2018,NA,NA,"Eva & Niel",NA,NA,NA,NA,NA,NA,"grn",NA,NA,NA,NA,NA,NA,NA,NA
2018-07-26,"WL3","2","0","X",NA,NA,NA,NA,NA,NA,NA,NA,NA,NA,NA,2018,2018,NA,NA,"Eva & Niel",NA,NA,NA,NA,NA,NA,"pink",NA,NA,NA,NA,NA,NA,NA,NA
2018-07-26,"WL3","2","0","X",NA,NA,NA,NA,NA,NA,NA,NA,NA,NA,NA,2018,2018,NA,NA,"Eva & Niel",NA,NA,NA,NA,NA,NA,"pink",NA,NA,NA,NA,NA,NA,NA,NA
2018-07-26,"WL3","2","0.5","X",NA,NA,NA,NA,NA,NA,NA,NA,NA,NA,NA,2018,2018,NA,NA,"Eva & Niel",NA,NA,NA,NA,NA,NA,"grn",NA,NA,NA,NA,NA,NA,NA,NA
2018-07-26,"WL3","2","1","X",NA,NA,NA,NA,NA,NA,NA,NA,NA,NA,NA,2018,2018,NA,NA,"Eva & Niel",NA,NA,NA,NA,NA,NA,"ylw",NA,NA,NA,NA,NA,NA,NA,NA
2018-07-26,"WL3","2","1","X",NA,NA,NA,NA,NA,NA,NA,NA,NA,NA,NA,2018,2018,NA,NA,"Eva & Niel",NA,NA,NA,NA,NA,NA,"ylw",NA,NA,NA,NA,NA,NA,NA,NA
2018-07-26,"WL3","2","1.5","X",NA,NA,NA,NA,NA,NA,NA,NA,NA,NA,NA,2018,2018,NA,NA,"Eva & Niel",NA,NA,NA,NA,NA,NA,"grn",NA,NA,NA,NA,NA,NA,NA,NA
2018-07-26,"WL3","2","1.5","X",NA,NA,NA,NA,NA,NA,NA,NA,NA,NA,NA,2018,2018,NA,NA,"Eva & Niel",NA,NA,NA,NA,NA,NA,"grn",NA,NA,NA,NA,NA,NA,NA,NA
2018-07-26,"WL3","2","1.5","V",22,23,"<1","2.6",1,"0.9",NA,NA,NA,NA,NA,2018,2018,NA,NA,"Eva & Niel",NA,NA,NA,NA,"blue",NA,"grn",NA,NA,NA,NA,"no",NA,NA,0.5
2018-07-26,"WL3","2","2","X",NA,NA,NA,NA,NA,NA,NA,NA,NA,NA,NA,2018,2018,NA,NA,"Eva & Niel",NA,NA,NA,NA,NA,NA,"grn",NA,NA,NA,NA,NA,NA,NA,NA
2018-07-26,"WL3","2","2","X",NA,NA,NA,NA,NA,NA,NA,NA,NA,NA,NA,2018,2018,NA,NA,"Eva & Niel",NA,NA,NA,NA,NA,NA,"grn",NA,NA,NA,NA,NA,NA,NA,NA
2018-07-26,"WL3","2","2","X",NA,NA,NA,NA,NA,NA,NA,NA,NA,NA,NA,2018,2018,NA,NA,"Eva & Niel",NA,NA,NA,NA,NA,NA,"grn",NA,NA,NA,NA,NA,NA,NA,NA
2018-07-26,"WL3","2","2","V",29,2,"<1","1.7",1,"0.6",NA,NA,NA,NA,NA,2018,2018,NA,NA,"Eva & Niel",NA,NA,NA,NA,"blue",NA,"grn",NA,NA,NA,NA,"no",NA,NA,0.5
2018-07-26,"WL3","2","2.5","X",NA,NA,NA,NA,NA,NA,NA,NA,NA,NA,NA,2018,2018,NA,NA,"Eva & Niel",NA,NA,NA,NA,NA,NA,"grn",NA,NA,NA,NA,NA,NA,NA,NA
2018-07-26,"WL3","2","3","V",20,19,"<1","3.1",1,"0.2",NA,NA,NA,NA,NA,2018,2018,NA,NA,"Eva & Niel",NA,NA,NA,NA,"blue",NA,"grn",NA,NA,NA,NA,"no",NA,NA,0.5
2018-07-26,"WL3","2","3","X",NA,NA,NA,NA,NA,NA,NA,NA,NA,NA,NA,2018,2018,NA,NA,"Eva & Niel",NA,NA,NA,NA,NA,NA,"grn",NA,NA,NA,NA,NA,NA,NA,NA
2018-07-26,"WL3","2","3","X",NA,NA,NA,NA,NA,NA,NA,NA,NA,NA,NA,2018,2018,NA,NA,"Eva & Niel",NA,NA,NA,NA,NA,NA,"grn",NA,NA,NA,NA,NA,NA,NA,NA
2018-07-26,"WL3","2","3","X",NA,NA,NA,NA,NA,NA,NA,NA,NA,NA,NA,2018,2018,NA,NA,"Eva & Niel",NA,NA,NA,NA,NA,NA,"grn",NA,NA,NA,NA,NA,NA,NA,NA
2018-07-26,"WL3","3","6","X",NA,NA,NA,NA,NA,NA,NA,NA,NA,NA,NA,2018,2018,NA,NA,"Eva & Niel",NA,NA,NA,NA,NA,NA,NA,"grn",NA,NA,NA,NA,NA,NA,NA
2018-07-26,"WL3","3","6","X",NA,NA,NA,NA,NA,NA,NA,NA,NA,NA,NA,2018,2018,NA,NA,"Eva & Niel",NA,NA,NA,NA,NA,NA,NA,"grn",NA,NA,NA,NA,NA,NA,NA
2018-07-26,"WL3","3","6","X",NA,NA,NA,NA,NA,NA,NA,NA,NA,NA,NA,2018,2018,NA,NA,"Eva & Niel",NA,NA,NA,NA,NA,NA,NA,"grn",NA,NA,NA,NA,NA,NA,NA
2018-07-26,"WL3","3","6","V",30,48,"<1","2.4",1,"0.7",NA,NA,NA,NA,NA,2018,2018,NA,NA,"Eva & Niel",NA,NA,NA,NA,"blue",NA,NA,"ylw",NA,NA,NA,"no",NA,NA,0.5
2018-07-26,"WL3","3","7","V",3,45,"<1","1.9",1,"0.3",NA,NA,NA,NA,NA,2018,2018,NA,NA,"Eva & Niel",NA,NA,NA,NA,"blue",NA,NA,"grn",NA,NA,NA,"no",NA,NA,0.5
2018-07-26,"WL3","3","9","X",NA,NA,NA,NA,NA,NA,NA,NA,NA,NA,NA,2018,2018,NA,NA,"Eva & Niel",NA,NA,NA,NA,NA,NA,NA,"grn",NA,NA,NA,NA,NA,NA,NA
2018-07-26,"WL3","4","0","X",NA,NA,NA,NA,NA,NA,NA,NA,NA,NA,NA,2018,2018,NA,NA,"Eva & Niel",NA,NA,NA,NA,NA,NA,NA,"grn",NA,NA,NA,NA,NA,NA,NA
2018-07-26,"WL3","4","0","V",49,25,"<1","3",1,"0.4",NA,NA,NA,NA,NA,2018,2018,NA,NA,"Eva & Niel",NA,NA,NA,NA,"blue",NA,NA,"grn",NA,NA,NA,"no",NA,NA,0.5
2018-07-26,"WL3","4","1.5","X",NA,NA,NA,NA,NA,NA,NA,NA,NA,NA,NA,2018,2018,NA,NA,"Eva & Niel",NA,NA,NA,NA,NA,NA,NA,"grn",NA,NA,NA,NA,NA,NA,NA
2018-07-26,"WL3","4","2.5","X",NA,NA,NA,NA,NA,NA,NA,NA,NA,NA,NA,2018,2018,NA,NA,"Eva & Niel",NA,NA,NA,NA,NA,NA,NA,"grn",NA,NA,NA,NA,NA,NA,NA
2018-07-26,"WL3","4","4.5","X",NA,NA,NA,NA,NA,NA,NA,NA,NA,NA,NA,2018,2018,NA,NA,"Eva & Niel",NA,NA,NA,NA,NA,NA,NA,"grn",NA,NA,NA,NA,NA,NA,NA
2018-07-26,"WL3","4","4.5","X",NA,NA,NA,NA,NA,NA,NA,NA,NA,NA,NA,2018,2018,NA,NA,"Eva & Niel",NA,NA,NA,NA,NA,NA,NA,"grn",NA,NA,NA,NA,NA,NA,NA
2018-07-26,"WL3","4","5.5","V",10,0,"<1","2.2000000000000002",1,"0.3",NA,NA,NA,NA,NA,2018,2018,NA,NA,"Eva & Niel",NA,NA,NA,NA,"blue",NA,NA,"grn",NA,NA,NA,"no",NA,NA,0.5
2018-07-26,"WL3","4","5.5","V",27,21,"<1","1.1000000000000001",1,"0.2",NA,NA,NA,NA,NA,2018,2018,NA,NA,"Eva & Niel",NA,NA,NA,NA,"blue",NA,NA,"grn",NA,NA,NA,"no",NA,NA,0.5
2018-07-26,"WL3","4","5.5","V",6,44,"<1","4.2",1,"1.1000000000000001",NA,NA,NA,NA,NA,2018,2018,NA,NA,"Eva & Niel",NA,NA,NA,NA,"blue",NA,NA,"grn",NA,NA,NA,"no",NA,NA,0.5
2018-07-26,"WL3","4","5.5","V",34,50,"<1","2.6",1,"0.3",NA,NA,NA,NA,NA,2018,2018,NA,NA,"Eva & Niel",NA,NA,NA,NA,"blue",NA,NA,"grn",NA,NA,NA,"no",NA,NA,0.5
2018-07-26,"WL3","4","5.5","X",NA,NA,NA,NA,NA,NA,NA,NA,NA,NA,NA,2018,2018,NA,NA,"Eva & Niel",NA,NA,NA,NA,NA,NA,NA,"grn",NA,NA,NA,NA,NA,NA,NA
2018-07-26,"WL3","4","5.5","X",NA,NA,NA,NA,NA,NA,NA,NA,NA,NA,NA,2018,2018,NA,NA,"Eva & Niel",NA,NA,NA,NA,NA,NA,NA,"grn",NA,NA,NA,NA,NA,NA,NA
2018-07-26,"WL3","4","5.5","X",NA,NA,NA,NA,NA,NA,NA,NA,NA,NA,NA,2018,2018,NA,NA,"Eva & Niel",NA,NA,NA,NA,NA,NA,NA,"grn",NA,NA,NA,NA,NA,NA,NA
2018-07-26,"WL3","4","6.5","X",NA,NA,NA,NA,NA,NA,NA,NA,NA,NA,NA,2018,2018,NA,NA,"Eva & Niel",NA,NA,NA,NA,NA,NA,NA,"grn",NA,NA,NA,NA,NA,NA,NA
2018-07-26,"WL3","4","6.5","V",0,10,"<1","2.9",1,"0.5",NA,NA,NA,NA,NA,2018,2018,NA,NA,"Eva & Niel",NA,NA,NA,NA,"blue",NA,NA,"grn",NA,NA,NA,"no",NA,NA,0.5
2018-07-26,"WL3","4","6.5","X",NA,NA,NA,NA,NA,NA,NA,NA,NA,NA,NA,2018,2018,NA,NA,"Eva & Niel",NA,NA,NA,NA,NA,NA,NA,"grn",NA,NA,NA,NA,NA,NA,NA
2018-07-26,"WL3","4","8.5","X",NA,NA,NA,NA,NA,NA,NA,NA,NA,NA,NA,2018,2018,NA,NA,"Eva & Niel",NA,NA,NA,NA,NA,NA,NA,"grn",NA,NA,NA,NA,NA,NA,NA
2018-07-26,"WL3","4","9.5","V",37,0,"<1","3.6",1,"0.5",NA,NA,NA,NA,NA,2018,2018,NA,NA,"Eva & Niel",NA,NA,NA,NA,"blue",NA,NA,"grn",NA,NA,NA,"no",NA,NA,0.5
2018-07-26,"WL3","1","4","P",19,0,"2.2999999999999998","19.399999999999999",5,NA,"0","4",7.4,1,"unmarked plant",2018,2018,NA,NA,"Eva & Niel",NA,NA,NA,NA,"GB+BB",NA,NA,NA,NA,NA,NA,"no",NA,NA,2.3
2018-07-26,"WL3","4","3","P",29,21,"1","9.9",3,NA,"0","0",0,3,"unmarked plant",2018,2018,NA,NA,"Eva & Niel",NA,NA,NA,NA,"GB+BB",NA,"white",NA,NA,NA,NA,"no",NA,NA,1
2018-07-26,"WL3","4","4.5","X",NA,NA,NA,NA,NA,NA,NA,NA,NA,NA,"unmarked plant",2018,2018,NA,NA,"Eva & Niel",NA,NA,NA,NA,NA,NA,NA,"ylw",NA,NA,NA,NA,NA,NA,NA
2018-07-26,"WL3","4","4.5","F",41,26,"2.12","20.2",7,NA,"4","21",6.6,7,"unmarked plant",2018,2018,NA,NA,"Eva & Niel",NA,NA,NA,NA,"GB+BB",NA,"white",NA,NA,NA,NA,"no",NA,NA,2.12
2019-08-07,"WL3","1","0.5","X",14,5,NA,NA,NA,NA,NA,NA,NA,NA,NA,2019,NA,NA,NA,"Laura & Megan",NA,NA,NA,NA,"red",NA,NA,NA,NA,NA,NA,NA,NA,NA,NA
2019-08-07,"WL3","1","0.5","X",17,21,NA,NA,NA,NA,NA,NA,NA,NA,NA,2019,NA,NA,NA,"Laura & Megan",NA,NA,NA,NA,"blu",NA,NA,NA,NA,NA,NA,NA,NA,NA,NA
2019-08-07,"WL3","1","0.5","X",48,23,NA,NA,NA,NA,NA,NA,NA,NA,NA,2019,NA,NA,NA,"Laura & Megan",NA,NA,NA,NA,"blu",NA,NA,NA,NA,NA,NA,NA,NA,NA,NA
2019-08-07,"WL3","1","0.5","X",25,41,NA,NA,NA,NA,NA,NA,NA,NA,NA,2019,NA,NA,NA,"Laura & Megan",NA,NA,NA,NA,"blu",NA,NA,NA,NA,NA,NA,NA,NA,NA,NA
2019-08-07,"WL3","1","0.5","X",31,38,NA,NA,NA,NA,NA,NA,NA,NA,NA,2019,NA,NA,NA,"Laura & Megan",NA,NA,NA,NA,"blu",NA,NA,NA,NA,NA,NA,NA,NA,NA,NA
2019-08-07,"WL3","1","1.5","X",29,38,NA,NA,NA,NA,NA,NA,NA,NA,NA,2019,NA,NA,NA,"Laura & Megan",NA,NA,NA,NA,"red",NA,NA,NA,NA,NA,NA,NA,NA,NA,NA
2019-08-07,"WL3","1","1.5","X",46,21,NA,NA,NA,NA,NA,NA,NA,NA,NA,2019,NA,NA,NA,"Laura & Megan",NA,NA,NA,NA,"red",NA,NA,NA,NA,NA,NA,NA,NA,NA,NA
2019-08-07,"WL3","1","1.5","X",27,41,NA,NA,NA,NA,NA,NA,NA,NA,NA,2019,NA,NA,NA,"Laura & Megan",NA,NA,NA,NA,"blu",NA,NA,NA,NA,NA,NA,NA,NA,NA,NA
2019-08-07,"WL3","1","2","X",2,24,NA,NA,NA,NA,NA,NA,NA,NA,NA,2019,NA,NA,NA,"Laura & Megan",NA,NA,NA,NA,"red",NA,NA,NA,NA,NA,NA,NA,NA,NA,NA
2019-08-07,"WL3","1","2","P",37,45,"2.36","14.6",4,NA,"2.0","28.0",4.6,3,NA,2019,NA,NA,NA,"Laura & Megan",NA,NA,NA,NA,"red",NA,NA,"blu",NA,NA,NA,"Y",NA,NA,2.36
2019-08-07,"WL3","1","2.5","X",10,16,NA,NA,NA,NA,NA,NA,NA,NA,NA,2019,NA,NA,NA,"Laura & Megan",NA,NA,NA,NA,"red",NA,NA,NA,NA,NA,NA,NA,NA,NA,NA
2019-08-07,"WL3","1","3.5","P",36,22,"2.03","4.5",6,NA,"0.0","3.0",3.5,2,NA,2019,NA,NA,NA,"Laura & Megan",NA,NA,NA,NA,"red",NA,NA,"blu",NA,NA,NA,"N",NA,NA,2.03
2019-08-07,"WL3","1","3.5","X",40,22,NA,NA,NA,NA,NA,NA,NA,NA,NA,2019,NA,NA,NA,"Laura & Megan",NA,NA,NA,NA,"red",NA,NA,NA,NA,NA,NA,NA,NA,NA,NA
2019-08-07,"WL3","1","3.5","X",7,56,NA,NA,NA,NA,NA,NA,NA,NA,NA,2019,NA,NA,NA,"Laura & Megan",NA,NA,NA,NA,"blu",NA,NA,NA,NA,NA,NA,NA,NA,NA,NA
2019-08-07,"WL3","1","3.5","X",38,54,NA,NA,NA,NA,NA,NA,NA,NA,NA,2019,NA,NA,NA,"Laura & Megan",NA,NA,NA,NA,"blu",NA,NA,NA,NA,NA,NA,NA,NA,NA,NA
2019-08-07,"WL3","1","3.5","X",33,54,NA,NA,NA,NA,NA,NA,NA,NA,NA,2019,NA,NA,NA,"Laura & Megan",NA,NA,NA,NA,"blu",NA,NA,NA,NA,NA,NA,NA,NA,NA,NA
2019-08-07,"WL3","1","3.5","X",47,11,NA,NA,NA,NA,NA,NA,NA,NA,NA,2019,NA,NA,NA,"Laura & Megan",NA,NA,NA,NA,"blu",NA,NA,NA,NA,NA,NA,NA,NA,NA,NA
2019-08-07,"WL3","1","4","P",19,0,"1.54","10.5",5,NA,"10.0","7.0",2.6,5,NA,2019,NA,NA,NA,"Laura & Megan",NA,NA,NA,NA,"GBB",NA,NA,NA,NA,NA,NA,"Y",NA,NA,1.54
2019-08-07,"WL3","1","4.5","X",18,13,NA,NA,NA,NA,NA,NA,NA,NA,NA,2019,NA,NA,NA,"Laura & Megan",NA,NA,NA,NA,"blu",NA,NA,NA,NA,NA,NA,NA,NA,NA,NA
2019-08-07,"WL3","1","4.5","X",23,14,NA,NA,NA,NA,NA,NA,NA,NA,NA,2019,NA,NA,NA,"Laura & Megan",NA,NA,NA,NA,"blu",NA,NA,NA,NA,NA,NA,NA,NA,NA,NA
2019-08-07,"WL3","1","4.5","X",33,22,NA,NA,NA,NA,NA,NA,NA,NA,NA,2019,NA,NA,NA,"Laura & Megan",NA,NA,NA,NA,"blu",NA,NA,NA,NA,NA,NA,NA,NA,NA,NA
2019-08-07,"WL3","1","8.5","X",47,27,NA,NA,NA,NA,NA,NA,NA,NA,NA,2019,NA,NA,NA,"Laura & Megan",NA,NA,NA,NA,"blu",NA,NA,NA,NA,NA,NA,NA,NA,NA,NA
2019-08-07,"WL3","1","8.5","X",46,29,NA,NA,NA,NA,NA,NA,NA,NA,NA,2019,NA,NA,NA,"Laura & Megan",NA,NA,NA,NA,"blu",NA,NA,NA,NA,NA,NA,NA,NA,NA,NA
2019-08-07,"WL3","1","8.5","X",46,30,NA,NA,NA,NA,NA,NA,NA,NA,NA,2019,NA,NA,NA,"Laura & Megan",NA,NA,NA,NA,"blu",NA,NA,NA,NA,NA,NA,NA,NA,NA,NA
2019-08-07,"WL3","1","8.5","X",50,35,NA,NA,NA,NA,NA,NA,NA,NA,NA,2019,NA,NA,NA,"Laura & Megan",NA,NA,NA,NA,"blu",NA,NA,NA,NA,NA,NA,NA,NA,NA,NA
2019-08-07,"WL3","1","8.5","X",50,37,NA,NA,NA,NA,NA,NA,NA,NA,NA,2019,NA,NA,NA,"Laura & Megan",NA,NA,NA,NA,"blu",NA,NA,NA,NA,NA,NA,NA,NA,NA,NA
2019-08-07,"WL3","1","8.5","X",49,36,NA,NA,NA,NA,NA,NA,NA,NA,NA,2019,NA,NA,NA,"Laura & Megan",NA,NA,NA,NA,"blu",NA,NA,NA,NA,NA,NA,NA,NA,NA,NA
2019-08-07,"WL3","1","8.5","X",44,20,NA,NA,NA,NA,NA,NA,NA,NA,NA,2019,NA,NA,NA,"Laura & Megan",NA,NA,NA,NA,"blu",NA,NA,NA,NA,NA,NA,NA,NA,NA,NA
2019-08-07,"WL3","1","8.5","X",50,10,NA,NA,NA,NA,NA,NA,NA,NA,NA,2019,NA,NA,NA,"Laura & Megan",NA,NA,NA,NA,"blu",NA,NA,NA,NA,NA,NA,NA,NA,NA,NA
2019-08-07,"WL3","1","8.5","X",40,3,NA,NA,NA,NA,NA,NA,NA,NA,NA,2019,NA,NA,NA,"Laura & Megan",NA,NA,NA,NA,"blu",NA,NA,NA,NA,NA,NA,NA,NA,NA,NA
2019-08-07,"WL3","1","8.5","X",41,2,NA,NA,NA,NA,NA,NA,NA,NA,NA,2019,NA,NA,NA,"Laura, Megan, Eva, & Maya",NA,NA,NA,NA,"blu",NA,NA,NA,NA,NA,NA,NA,NA,NA,NA
2019-08-07,"WL3","1","8.5","X",32,16,NA,NA,NA,NA,NA,NA,NA,NA,NA,2019,NA,NA,NA,"Laura, Megan, Eva, & Maya",NA,NA,NA,NA,"blu",NA,NA,NA,NA,NA,NA,NA,NA,NA,NA
2019-08-07,"WL3","1","8.5","X",24,10,NA,NA,NA,NA,NA,NA,NA,NA,NA,2019,NA,NA,NA,"Laura, Megan, Eva, & Maya",NA,NA,NA,NA,"blu",NA,NA,NA,NA,NA,NA,NA,NA,NA,NA
2019-08-07,"WL3","1","8.5","X",8,10,NA,NA,NA,NA,NA,NA,NA,NA,NA,2019,NA,NA,NA,"Laura, Megan, Eva, & Maya",NA,NA,NA,NA,"blu",NA,NA,NA,NA,NA,NA,NA,NA,NA,NA
2019-08-07,"WL3","1","8.5","X",5,20,NA,NA,NA,NA,NA,NA,NA,NA,NA,2019,NA,NA,NA,"Laura, Megan, Eva, & Maya",NA,NA,NA,NA,"blu",NA,NA,NA,NA,NA,NA,NA,NA,NA,NA
2019-08-07,"WL3","1","9.5","X",6,2,NA,NA,NA,NA,NA,NA,NA,NA,NA,2019,NA,NA,NA,"Laura, Megan, Eva, & Maya",NA,NA,NA,NA,"blu",NA,NA,NA,NA,NA,NA,NA,NA,NA,NA
2019-08-07,"WL3","2","1","X",9,24,NA,NA,NA,NA,NA,NA,NA,NA,NA,2019,NA,NA,NA,"Laura, Megan, Eva, & Maya",NA,NA,NA,NA,"red",NA,NA,NA,NA,NA,NA,NA,NA,NA,NA
2019-08-07,"WL3","2","1","X",49,38,NA,NA,NA,NA,NA,NA,NA,NA,NA,2019,NA,NA,NA,"Laura, Megan, Eva, & Maya",NA,NA,NA,NA,"red",NA,NA,NA,NA,NA,NA,NA,NA,NA,NA
2019-08-07,"WL3","2","1.5","X",22,23,NA,NA,NA,NA,NA,NA,NA,NA,NA,2019,NA,NA,NA,"Laura, Megan, Eva, & Maya",NA,NA,NA,NA,"blu",NA,NA,NA,NA,NA,NA,NA,NA,NA,NA
2019-08-07,"WL3","2","2","X",29,2,NA,NA,NA,NA,NA,NA,NA,NA,NA,2019,NA,NA,NA,"Laura, Megan, Eva, & Maya",NA,NA,NA,NA,"blu",NA,NA,NA,NA,NA,NA,NA,NA,NA,NA
2019-08-07,"WL3","2","3","X",20,19,NA,NA,NA,NA,NA,NA,NA,NA,NA,2019,NA,NA,NA,"Laura, Megan, Eva, & Maya",NA,NA,NA,NA,"blu",NA,NA,NA,NA,NA,NA,NA,NA,NA,NA
2019-08-07,"WL3","2","3","X",29,13,NA,NA,NA,NA,NA,NA,NA,NA,NA,2019,NA,NA,NA,"Laura, Megan, Eva, & Maya",NA,NA,NA,NA,"red",NA,NA,NA,NA,NA,NA,NA,NA,NA,NA
2019-08-07,"WL3","2","3.5","*",9,5,NA,NA,NA,NA,NA,NA,NA,NA,"*found plant in this spot that looks like a perennial, the BB is lost, we tagged it #58 and took data",2019,NA,NA,NA,"Laura, Megan, Eva, & Maya",NA,NA,NA,NA,"blu",58,NA,NA,NA,NA,NA,NA,NA,NA,NA
2019-08-07,"WL3","2","3.5","X",0,11,NA,NA,NA,NA,NA,NA,NA,NA,NA,2019,NA,NA,NA,"Laura, Megan, Eva, & Maya",NA,NA,NA,NA,"blu",NA,NA,NA,NA,NA,NA,NA,NA,NA,NA
2019-08-07,"WL3","2","3.5","X",43,11,NA,NA,NA,NA,NA,NA,NA,NA,NA,2019,NA,NA,NA,"Laura, Megan, Eva, & Maya",NA,NA,NA,NA,"blu",NA,NA,NA,NA,NA,NA,NA,NA,NA,NA
2019-08-07,"WL3","2","3.5","V",12,35,"1.41","5.5",3,"1.4",NA,NA,NA,NA,NA,2019,NA,NA,NA,"Laura, Megan, Eva, & Maya",NA,NA,NA,NA,"blu",NA,NA,NA,NA,NA,NA,"N",NA,NA,1.41
2019-08-07,"WL3","2","3.5","V",0,30,"1.21","3.3",3,"1.1",NA,NA,NA,NA,NA,2019,NA,NA,NA,"Laura, Megan, Eva, & Maya",NA,NA,NA,NA,"blu",NA,NA,NA,NA,NA,NA,"N",NA,NA,1.21
2019-08-07,"WL3","2","4","P",2,45,"1.96","12.5",5,NA,"1.0","5.0",5.5,5,NA,2019,NA,NA,NA,"Laura, Megan, Eva, & Maya",NA,NA,NA,NA,"blu",NA,NA,"ylw",NA,NA,NA,"N",NA,NA,1.96
2019-08-07,"WL3","2","4","X",5,7,NA,NA,NA,NA,NA,NA,NA,NA,NA,2019,NA,NA,NA,"Laura, Megan, Eva, & Maya",NA,NA,NA,NA,"blu",NA,NA,NA,NA,NA,NA,NA,NA,NA,NA
2019-08-07,"WL3","2","4","P",35,3,"1.37","10.2",5,NA,"0.0","5.0",4.6,3,NA,2019,NA,NA,NA,"Laura, Megan, Eva, & Maya",NA,NA,NA,NA,"blu",NA,NA,"ylw",NA,NA,NA,"N",NA,NA,1.37
2019-08-07,"WL3","2","4.5","X",30,32,NA,NA,NA,NA,NA,NA,NA,NA,NA,2019,NA,NA,NA,"Laura, Megan, Eva, & Maya",NA,NA,NA,NA,"blu",NA,NA,NA,NA,NA,NA,NA,NA,NA,NA
2019-08-07,"WL3","2","4.5","X",44,43,NA,NA,NA,NA,NA,NA,NA,NA,NA,2019,NA,NA,NA,"Laura, Megan, Eva, & Maya",NA,NA,NA,NA,"blu",NA,NA,NA,NA,NA,NA,NA,NA,NA,NA
2019-08-07,"WL3","2","4.5","X",46,11,NA,NA,NA,NA,NA,NA,NA,NA,NA,2019,NA,NA,NA,"Laura, Megan, Eva, & Maya",NA,NA,NA,NA,"red",NA,NA,NA,NA,NA,NA,NA,NA,NA,NA
2019-08-07,"WL3","3","0","X",0,31,NA,NA,NA,NA,NA,NA,NA,NA,NA,2019,NA,NA,NA,"Laura, Megan, Eva, & Maya",NA,NA,NA,NA,"red",NA,NA,NA,NA,NA,NA,NA,NA,NA,NA
2019-08-07,"WL3","3","0","X",15,3,NA,NA,NA,NA,NA,NA,NA,NA,NA,2019,NA,NA,NA,"Laura, Megan, Eva, & Maya",NA,NA,NA,NA,"red",NA,NA,NA,NA,NA,NA,NA,NA,NA,NA
2019-08-07,"WL3","3","0","X",19,7,NA,NA,NA,NA,NA,NA,NA,NA,NA,2019,NA,NA,NA,"Laura, Megan, Eva, & Maya",NA,NA,NA,NA,"blu",NA,NA,NA,NA,NA,NA,NA,NA,NA,NA
2019-08-07,"WL3","3","0","X",29,4,NA,NA,NA,NA,NA,NA,NA,NA,NA,2019,NA,NA,NA,"Laura, Megan, Eva, & Maya",NA,NA,NA,NA,"blu",NA,NA,NA,NA,NA,NA,NA,NA,NA,NA
2019-08-07,"WL3","3","1.5","X",27,42,NA,NA,NA,NA,NA,NA,NA,NA,NA,2019,NA,NA,NA,"Laura, Megan, Eva, & Maya",NA,NA,NA,NA,"red",NA,NA,NA,NA,NA,NA,NA,NA,NA,NA
2019-08-07,"WL3","3","2","X",42,45,NA,NA,NA,NA,NA,NA,NA,NA,NA,2019,NA,NA,NA,"Laura & Megan",NA,NA,NA,NA,"red",NA,NA,NA,NA,NA,NA,NA,NA,NA,NA
2019-08-07,"WL3","3","2","X",9,26,NA,NA,NA,NA,NA,NA,NA,NA,NA,2019,NA,NA,NA,"Laura & Megan",NA,NA,NA,NA,"red",NA,NA,NA,NA,NA,NA,NA,NA,NA,NA
2019-08-07,"WL3","3","2","X",16,39,NA,NA,NA,NA,NA,NA,NA,NA,NA,2019,NA,NA,NA,"Laura & Megan",NA,NA,NA,NA,"red",NA,NA,NA,NA,NA,NA,NA,NA,NA,NA
2019-08-07,"WL3","3","2","X",38,18,NA,NA,NA,NA,NA,NA,NA,NA,NA,2019,NA,NA,NA,"Laura & Megan",NA,NA,NA,NA,"red",NA,NA,NA,NA,NA,NA,NA,NA,NA,NA
2019-08-07,"WL3","3","2.5","X",21,9,NA,NA,NA,NA,NA,NA,NA,NA,NA,2019,NA,NA,NA,"Laura & Megan",NA,NA,NA,NA,"red",NA,NA,NA,NA,NA,NA,NA,NA,NA,NA
2019-08-07,"WL3","3","3.5","X",27,50,NA,NA,NA,NA,NA,NA,NA,NA,NA,2019,NA,NA,NA,"Laura & Megan",NA,NA,NA,NA,"red",NA,NA,NA,NA,NA,NA,NA,NA,NA,NA
2019-08-07,"WL3","3","3.5","X",32,39,NA,NA,NA,NA,NA,NA,NA,NA,NA,2019,NA,NA,NA,"Laura & Megan",NA,NA,NA,NA,"red",NA,NA,NA,NA,NA,NA,NA,NA,NA,NA
2019-08-07,"WL3","3","3.5","X",44,49,NA,NA,NA,NA,NA,NA,NA,NA,NA,2019,NA,NA,NA,"Laura & Megan",NA,NA,NA,NA,"red",NA,NA,NA,NA,NA,NA,NA,NA,NA,NA
2019-08-07,"WL3","3","4","X",40,42,NA,NA,NA,NA,NA,NA,NA,NA,NA,2019,NA,NA,NA,"Laura & Megan",NA,NA,NA,NA,"blu",NA,NA,"blu",NA,NA,NA,NA,NA,NA,NA
2019-08-07,"WL3","3","5","X",45,17,NA,NA,NA,NA,NA,NA,NA,NA,NA,2019,NA,NA,NA,"Laura & Megan",NA,NA,NA,NA,"red",NA,NA,NA,NA,NA,NA,NA,NA,NA,NA
2019-08-07,"WL3","3","5.5","X",47,10,NA,NA,NA,NA,NA,NA,NA,NA,NA,2019,NA,NA,NA,"Laura & Megan",NA,NA,NA,NA,"red",NA,NA,NA,NA,NA,NA,NA,NA,NA,NA
2019-08-07,"WL3","3","6","X",35,48,NA,NA,NA,NA,NA,NA,NA,NA,NA,2019,NA,NA,NA,"Laura & Megan",NA,NA,NA,NA,"red",NA,NA,NA,NA,NA,NA,NA,NA,NA,NA
2019-08-07,"WL3","3","6","X",49,1,NA,NA,NA,NA,NA,NA,NA,NA,NA,2019,NA,NA,NA,"Laura & Megan",NA,NA,NA,NA,"red",NA,NA,NA,NA,NA,NA,NA,NA,NA,NA
2019-08-07,"WL3","3","6","X",6,32,NA,NA,NA,NA,NA,NA,NA,NA,NA,2019,NA,NA,NA,"Laura & Megan",NA,NA,NA,NA,"blu",NA,NA,NA,NA,NA,NA,NA,NA,NA,NA
2019-08-07,"WL3","3","6","X",23,32,NA,NA,NA,NA,NA,NA,NA,NA,NA,2019,NA,NA,NA,"Laura & Megan",NA,NA,NA,NA,"red",NA,NA,NA,NA,NA,NA,NA,NA,NA,NA
2019-08-07,"WL3","3","6","X",24,34,NA,NA,NA,NA,NA,NA,NA,NA,NA,2019,NA,NA,NA,"Laura & Megan",NA,NA,NA,NA,"red",NA,NA,NA,NA,NA,NA,NA,NA,NA,NA
2019-08-07,"WL3","3","6","X",23,35,NA,NA,NA,NA,NA,NA,NA,NA,NA,2019,NA,NA,NA,"Laura & Megan",NA,NA,NA,NA,"red",NA,NA,NA,NA,NA,NA,NA,NA,NA,NA
2019-08-07,"WL3","3","6","X",30,48,NA,NA,NA,NA,NA,NA,NA,NA,NA,2019,NA,NA,NA,"Laura & Megan",NA,NA,NA,NA,"blu",NA,NA,NA,NA,NA,NA,NA,NA,NA,NA
2019-08-07,"WL3","3","6.5","X",28,20,NA,NA,NA,NA,NA,NA,NA,NA,NA,2019,NA,NA,NA,"Laura & Megan",NA,NA,NA,NA,"red",NA,NA,NA,NA,NA,NA,NA,NA,NA,NA
2019-08-07,"WL3","3","6.5","X",32,48,NA,NA,NA,NA,NA,NA,NA,NA,NA,2019,NA,NA,NA,"Laura & Megan",NA,NA,NA,NA,"red",NA,NA,NA,NA,NA,NA,NA,NA,NA,NA
2019-08-07,"WL3","3","7","X",3,45,NA,NA,NA,NA,NA,NA,NA,NA,NA,2019,NA,NA,NA,"Laura & Megan",NA,NA,NA,NA,"blu",NA,NA,NA,NA,NA,NA,NA,NA,NA,NA
2019-08-07,"WL3","3","7.5","X",11,17,NA,NA,NA,NA,NA,NA,NA,NA,NA,2019,NA,NA,NA,"Laura & Megan",NA,NA,NA,NA,"grn",NA,NA,NA,NA,NA,NA,NA,NA,NA,NA
2019-08-07,"WL3","4","0","X",49,25,NA,NA,NA,NA,NA,NA,NA,NA,NA,2019,NA,NA,NA,"Laura & Megan",NA,NA,NA,NA,"blu",NA,NA,NA,NA,NA,NA,NA,NA,NA,NA
2019-08-07,"WL3","4","3","X",29,21,NA,NA,NA,NA,NA,NA,NA,NA,NA,2019,NA,NA,NA,"Laura & Megan",NA,NA,NA,NA,"GBB",NA,NA,NA,NA,NA,NA,NA,NA,NA,NA
2019-08-07,"WL3","4","4.5","P",41,26,"1.46","15.5",2,NA,"0.0","5.0",4,2,NA,2019,NA,NA,NA,"Laura & Megan",NA,NA,NA,NA,"GBB",NA,NA,"ylw",NA,NA,NA,"Y",NA,NA,1.46
2019-08-07,"WL3","4","4.5","X",18,23,NA,NA,NA,NA,NA,NA,NA,NA,NA,2019,NA,NA,NA,"Laura & Megan",NA,NA,NA,NA,"red",NA,NA,NA,NA,NA,NA,NA,NA,NA,NA
2019-08-07,"WL3","4","5.5","X",5,12,NA,NA,NA,NA,NA,NA,NA,NA,NA,2019,NA,NA,NA,"Laura & Megan",NA,NA,NA,NA,"red",NA,NA,NA,NA,NA,NA,NA,NA,NA,NA
2019-08-07,"WL3","4","5.5","X",20,21,NA,NA,NA,NA,NA,NA,NA,NA,NA,2019,NA,NA,NA,"Laura & Megan",NA,NA,NA,NA,"red",NA,NA,NA,NA,NA,NA,NA,NA,NA,NA
2019-08-07,"WL3","4","5.5","X",23,19,NA,NA,NA,NA,NA,NA,NA,NA,NA,2019,NA,NA,NA,"Laura & Megan",NA,NA,NA,NA,"red",NA,NA,NA,NA,NA,NA,NA,NA,NA,NA
2019-08-07,"WL3","4","5.5","F",24,14,"2.23","9.2",5,NA,"2.0",NA,NA,5,NA,2019,NA,NA,NA,"Laura & Megan",NA,NA,NA,NA,"red",NA,NA,"ylw",NA,NA,NA,"Y",NA,NA,2.23
2019-08-07,"WL3","4","5.5","X",25,27,NA,NA,NA,NA,NA,NA,NA,NA,NA,2019,NA,NA,NA,"Laura & Megan",NA,NA,NA,NA,"red",NA,NA,NA,NA,NA,NA,NA,NA,NA,NA
2019-08-07,"WL3","4","5.5","X",27,25,NA,NA,NA,NA,NA,NA,NA,NA,NA,2019,NA,NA,NA,"Laura & Megan",NA,NA,NA,NA,"red",NA,NA,NA,NA,NA,NA,NA,NA,NA,NA
2019-08-07,"WL3","4","5.5","X",31,24,NA,NA,NA,NA,NA,NA,NA,NA,NA,2019,NA,NA,NA,"Laura & Megan",NA,NA,NA,NA,"red",NA,NA,NA,NA,NA,NA,NA,NA,NA,NA
2019-08-07,"WL3","4","5.5","X",31,29,NA,NA,NA,NA,NA,NA,NA,NA,NA,2019,NA,NA,NA,"Laura & Megan",NA,NA,NA,NA,"red",NA,NA,NA,NA,NA,NA,NA,NA,NA,NA
2019-08-07,"WL3","4","5.5","X",10,0,NA,NA,NA,NA,NA,NA,NA,NA,NA,2019,NA,NA,NA,"Laura & Megan",NA,NA,NA,NA,"blu",NA,NA,NA,NA,NA,NA,NA,NA,NA,NA
2019-08-07,"WL3","4","5.5","X",27,21,NA,NA,NA,NA,NA,NA,NA,NA,NA,2019,NA,NA,NA,"Laura & Megan",NA,NA,NA,NA,"blu",NA,NA,NA,NA,NA,NA,NA,NA,NA,NA
2019-08-07,"WL3","4","5.5","X",6,44,NA,NA,NA,NA,NA,NA,NA,NA,NA,2019,NA,NA,NA,"Laura & Megan",NA,NA,NA,NA,"blu",NA,NA,NA,NA,NA,NA,NA,NA,NA,NA
2019-08-07,"WL3","4","5.5","X",34,50,NA,NA,NA,NA,NA,NA,NA,NA,NA,2019,NA,NA,NA,"Laura & Megan",NA,NA,NA,NA,"blu",NA,NA,NA,NA,NA,NA,NA,NA,NA,NA
2019-08-07,"WL3","4","6.5","X",0,10,NA,NA,NA,NA,NA,NA,NA,NA,NA,2019,NA,NA,NA,"Laura & Megan",NA,NA,NA,NA,"blu",NA,NA,NA,NA,NA,NA,NA,NA,NA,NA
2019-08-07,"WL3","4","7","X",27,1,NA,NA,NA,NA,NA,NA,NA,NA,NA,2019,NA,NA,NA,"Laura & Megan",NA,NA,NA,NA,"grn",NA,NA,NA,NA,NA,NA,NA,NA,NA,NA
2019-08-07,"WL3","4","7.5","X",35,47,NA,NA,NA,NA,NA,NA,NA,NA,NA,2019,NA,NA,NA,"Laura & Megan",NA,NA,NA,NA,"grn",NA,NA,NA,NA,NA,NA,NA,NA,NA,NA
2019-08-07,"WL3","4","7.5","X",49,8,NA,NA,NA,NA,NA,NA,NA,NA,NA,2019,NA,NA,NA,"Laura & Megan",NA,NA,NA,NA,"grn",NA,NA,NA,NA,NA,NA,NA,NA,NA,NA
2019-08-07,"WL3","4","8","X",16,45,NA,NA,NA,NA,NA,NA,NA,NA,NA,2019,NA,NA,NA,"Laura & Megan",NA,NA,NA,NA,"grn",NA,NA,NA,NA,NA,NA,NA,NA,NA,NA
2019-08-07,"WL3","4","9.5","X",37,0,NA,NA,NA,NA,NA,NA,NA,NA,"can't find plant here at all, just BB and swd",2019,NA,NA,NA,"Laura & Megan",NA,NA,NA,NA,"blu",NA,NA,"ylw",NA,NA,NA,NA,NA,NA,NA
2019-08-07,"WL3","1","0.5","X",NA,NA,NA,NA,NA,NA,NA,NA,NA,NA,"copied x12",2019,NA,NA,NA,"Laura & Megan",NA,NA,NA,NA,NA,NA,"red",NA,NA,NA,NA,NA,NA,NA,NA
2019-08-07,"WL3","1","0.5","X",NA,NA,NA,NA,NA,NA,NA,NA,NA,NA,NA,2019,NA,NA,NA,"Laura & Megan",NA,NA,NA,NA,NA,NA,"red",NA,NA,NA,NA,NA,NA,NA,NA
2019-08-07,"WL3","1","0.5","X",NA,NA,NA,NA,NA,NA,NA,NA,NA,NA,NA,2019,NA,NA,NA,"Laura & Megan",NA,NA,NA,NA,NA,NA,"red",NA,NA,NA,NA,NA,NA,NA,NA
2019-08-07,"WL3","1","0.5","X",NA,NA,NA,NA,NA,NA,NA,NA,NA,NA,NA,2019,NA,NA,NA,"Laura & Megan",NA,NA,NA,NA,NA,NA,"red",NA,NA,NA,NA,NA,NA,NA,NA
2019-08-07,"WL3","1","0.5","X",NA,NA,NA,NA,NA,NA,NA,NA,NA,NA,NA,2019,NA,NA,NA,"Laura & Megan",NA,NA,NA,NA,NA,NA,"red",NA,NA,NA,NA,NA,NA,NA,NA
2019-08-07,"WL3","1","0.5","X",NA,NA,NA,NA,NA,NA,NA,NA,NA,NA,NA,2019,NA,NA,NA,"Laura & Megan",NA,NA,NA,NA,NA,NA,"red",NA,NA,NA,NA,NA,NA,NA,NA
2019-08-07,"WL3","1","0.5","X",NA,NA,NA,NA,NA,NA,NA,NA,NA,NA,NA,2019,NA,NA,NA,"Laura & Megan",NA,NA,NA,NA,NA,NA,"red",NA,NA,NA,NA,NA,NA,NA,NA
2019-08-07,"WL3","1","0.5","X",NA,NA,NA,NA,NA,NA,NA,NA,NA,NA,NA,2019,NA,NA,NA,"Laura & Megan",NA,NA,NA,NA,NA,NA,"red",NA,NA,NA,NA,NA,NA,NA,NA
2019-08-07,"WL3","1","0.5","X",NA,NA,NA,NA,NA,NA,NA,NA,NA,NA,NA,2019,NA,NA,NA,"Laura & Megan",NA,NA,NA,NA,NA,NA,"red",NA,NA,NA,NA,NA,NA,NA,NA
2019-08-07,"WL3","1","0.5","X",NA,NA,NA,NA,NA,NA,NA,NA,NA,NA,NA,2019,NA,NA,NA,"Laura & Megan",NA,NA,NA,NA,NA,NA,"red",NA,NA,NA,NA,NA,NA,NA,NA
2019-08-07,"WL3","1","0.5","X",NA,NA,NA,NA,NA,NA,NA,NA,NA,NA,NA,2019,NA,NA,NA,"Laura & Megan",NA,NA,NA,NA,NA,NA,"red",NA,NA,NA,NA,NA,NA,NA,NA
2019-08-07,"WL3","1","0.5","X",NA,NA,NA,NA,NA,NA,NA,NA,NA,NA,NA,2019,NA,NA,NA,"Laura & Megan",NA,NA,NA,NA,NA,NA,"red",NA,NA,NA,NA,NA,NA,NA,NA
2019-08-07,"WL3","1","0.5","V",NA,NA,"<1","0.8",1,"0.2",NA,NA,NA,NA,NA,2019,NA,NA,NA,"Laura & Megan",NA,NA,NA,NA,NA,NA,"red",NA,NA,NA,NA,"N",NA,NA,0.5
2019-08-07,"WL3","1","0.5","V",NA,NA,"<1","1.5",1,"0.3",NA,NA,NA,NA,NA,2019,NA,NA,NA,"Laura & Megan",NA,NA,NA,NA,NA,NA,"red",NA,NA,NA,NA,"N",NA,NA,0.5
2019-08-07,"WL3","1","0.5","V",NA,NA,"<1","0.9",1,"0.2",NA,NA,NA,NA,NA,2019,NA,NA,NA,"Laura & Megan",NA,NA,NA,NA,NA,NA,NA,NA,NA,NA,NA,"N",NA,NA,0.5
2019-08-07,"WL3","1","0.5","V",NA,NA,"<1","1.5",1,"0.3",NA,NA,NA,NA,NA,2019,NA,NA,NA,"Laura & Megan",NA,NA,NA,NA,NA,NA,"red",NA,NA,NA,NA,"N",NA,NA,0.5
2019-08-07,"WL3","1","0.5","V",NA,NA,"<1","0.8",1,"0.2",NA,NA,NA,NA,NA,2019,NA,NA,NA,"Laura & Megan",NA,NA,NA,NA,NA,NA,"red",NA,NA,NA,NA,"N",NA,NA,0.5
2019-08-07,"WL3","1","0.5","V",NA,NA,"<1","1.1",1,"0.3",NA,NA,NA,NA,NA,2019,NA,NA,NA,"Laura & Megan",NA,NA,NA,NA,NA,NA,"red",NA,NA,NA,NA,"N",NA,NA,0.5
2019-08-07,"WL3","1","0.5","V",NA,NA,"<1","2.2",1,"0.3",NA,NA,NA,NA,NA,2019,NA,NA,NA,"Laura & Megan",NA,NA,NA,NA,NA,NA,"red",NA,NA,NA,NA,"N",NA,NA,0.5
2019-08-07,"WL3","1","0.5","P",21,47,"1.15","6.5",4,NA,"0.0","6.0",3.2,3,NA,2019,NA,NA,NA,"Laura & Megan",NA,NA,NA,NA,NA,49,NA,"ylw",NA,NA,NA,"N",NA,NA,1.15
2019-08-07,"WL3","1","1.5","V",NA,NA,"<1","1.5",1,"0.4",NA,NA,NA,NA,NA,2019,NA,NA,NA,"Laura & Megan",NA,NA,NA,NA,NA,NA,"red",NA,NA,NA,NA,"N",NA,NA,0.5
2019-08-07,"WL3","1","1.5","V",NA,NA,"<1","0.6",1,"0.3",NA,NA,NA,NA,NA,2019,NA,NA,NA,"Laura & Megan",NA,NA,NA,NA,NA,NA,"red",NA,NA,NA,NA,"N",NA,NA,0.5
2019-08-07,"WL3","1","1.5","X",NA,NA,NA,NA,NA,NA,NA,NA,NA,NA,NA,2019,NA,NA,NA,"Laura & Megan",NA,NA,NA,NA,NA,NA,"red",NA,NA,NA,NA,NA,NA,NA,NA
2019-08-07,"WL3","1","1.5","V",NA,NA,"<1","0.6",1,"0.1",NA,NA,NA,NA,NA,2019,NA,NA,NA,"Laura & Megan",NA,NA,NA,NA,NA,NA,"red",NA,NA,NA,NA,"N",NA,NA,0.5
2019-08-07,"WL3","1","1.5","V",NA,NA,"<1","1.3",1,"0.3",NA,NA,NA,NA,NA,2019,NA,NA,NA,"Laura & Megan",NA,NA,NA,NA,NA,NA,"red",NA,NA,NA,NA,"N",NA,NA,0.5
2019-08-07,"WL3","1","1.5","V",NA,NA,"<1","1.2",1,"0.3",NA,NA,NA,NA,NA,2019,NA,NA,NA,"Laura & Megan",NA,NA,NA,NA,NA,NA,"red",NA,NA,NA,NA,"N",NA,NA,0.5
2019-08-07,"WL3","1","1.5","X",NA,NA,NA,NA,NA,NA,NA,NA,NA,NA,NA,2019,NA,NA,NA,"Laura & Megan",NA,NA,NA,NA,NA,NA,"red",NA,NA,NA,NA,NA,NA,NA,NA
2019-08-07,"WL3","1","2.5","V",NA,NA,"<1","2.0",1,"0.7",NA,NA,NA,NA,NA,2019,NA,NA,NA,"Laura & Megan",NA,NA,NA,NA,NA,NA,"red",NA,NA,NA,NA,"N",NA,NA,0.5
2019-08-07,"WL3","1","2.5","V",NA,NA,"<1","1.4",1,"0.3",NA,NA,NA,NA,NA,2019,NA,NA,NA,"Laura & Megan",NA,NA,NA,NA,NA,NA,"red",NA,NA,NA,NA,"N",NA,NA,0.5
2019-08-07,"WL3","1","2.5","V",NA,NA,"<1","1.6",1,"0.4",NA,NA,NA,NA,NA,2019,NA,NA,NA,"Laura & Megan",NA,NA,NA,NA,NA,NA,"red",NA,NA,NA,NA,"N",NA,NA,0.5
2019-08-07,"WL3","1","3.5","V",NA,NA,"<1","1.0",1,"0.2",NA,NA,NA,NA,NA,2019,NA,NA,NA,"Laura & Megan",NA,NA,NA,NA,NA,NA,"red",NA,NA,NA,NA,"N",NA,NA,0.5
2019-08-07,"WL3","1","3.5","X",NA,NA,NA,NA,NA,NA,NA,NA,NA,NA,NA,2019,NA,NA,NA,"Laura & Megan",NA,NA,NA,NA,NA,NA,"red",NA,NA,NA,NA,NA,NA,NA,NA
2019-08-07,"WL3","1","4.5","X",NA,NA,NA,NA,NA,NA,NA,NA,NA,NA,"copied x24",2019,NA,NA,NA,"Laura & Megan",NA,NA,NA,NA,NA,NA,"red",NA,NA,NA,NA,NA,NA,NA,NA
2019-08-07,"WL3","1","4.5","X",NA,NA,NA,NA,NA,NA,NA,NA,NA,NA,NA,2019,NA,NA,NA,"Laura & Megan",NA,NA,NA,NA,NA,NA,"red",NA,NA,NA,NA,NA,NA,NA,NA
2019-08-07,"WL3","1","4.5","X",NA,NA,NA,NA,NA,NA,NA,NA,NA,NA,NA,2019,NA,NA,NA,"Laura & Megan",NA,NA,NA,NA,NA,NA,"red",NA,NA,NA,NA,NA,NA,NA,NA
2019-08-07,"WL3","1","4.5","X",NA,NA,NA,NA,NA,NA,NA,NA,NA,NA,NA,2019,NA,NA,NA,"Laura & Megan",NA,NA,NA,NA,NA,NA,"red",NA,NA,NA,NA,NA,NA,NA,NA
2019-08-07,"WL3","1","4.5","X",NA,NA,NA,NA,NA,NA,NA,NA,NA,NA,NA,2019,NA,NA,NA,"Laura & Megan",NA,NA,NA,NA,NA,NA,"red",NA,NA,NA,NA,NA,NA,NA,NA
2019-08-07,"WL3","1","4.5","X",NA,NA,NA,NA,NA,NA,NA,NA,NA,NA,NA,2019,NA,NA,NA,"Laura & Megan",NA,NA,NA,NA,NA,NA,"red",NA,NA,NA,NA,NA,NA,NA,NA
2019-08-07,"WL3","1","4.5","X",NA,NA,NA,NA,NA,NA,NA,NA,NA,NA,NA,2019,NA,NA,NA,"Laura & Megan",NA,NA,NA,NA,NA,NA,"red",NA,NA,NA,NA,NA,NA,NA,NA
2019-08-07,"WL3","1","4.5","X",NA,NA,NA,NA,NA,NA,NA,NA,NA,NA,NA,2019,NA,NA,NA,"Laura & Megan",NA,NA,NA,NA,NA,NA,"red",NA,NA,NA,NA,NA,NA,NA,NA
2019-08-07,"WL3","1","4.5","X",NA,NA,NA,NA,NA,NA,NA,NA,NA,NA,NA,2019,NA,NA,NA,"Laura & Megan",NA,NA,NA,NA,NA,NA,"red",NA,NA,NA,NA,NA,NA,NA,NA
2019-08-07,"WL3","1","4.5","X",NA,NA,NA,NA,NA,NA,NA,NA,NA,NA,NA,2019,NA,NA,NA,"Laura & Megan",NA,NA,NA,NA,NA,NA,"red",NA,NA,NA,NA,NA,NA,NA,NA
2019-08-07,"WL3","1","4.5","X",NA,NA,NA,NA,NA,NA,NA,NA,NA,NA,NA,2019,NA,NA,NA,"Laura & Megan",NA,NA,NA,NA,NA,NA,"red",NA,NA,NA,NA,NA,NA,NA,NA
2019-08-07,"WL3","1","4.5","X",NA,NA,NA,NA,NA,NA,NA,NA,NA,NA,NA,2019,NA,NA,NA,"Laura & Megan",NA,NA,NA,NA,NA,NA,"red",NA,NA,NA,NA,NA,NA,NA,NA
2019-08-07,"WL3","1","4.5","X",NA,NA,NA,NA,NA,NA,NA,NA,NA,NA,NA,2019,NA,NA,NA,"Laura & Megan",NA,NA,NA,NA,NA,NA,"red",NA,NA,NA,NA,NA,NA,NA,NA
2019-08-07,"WL3","1","4.5","X",NA,NA,NA,NA,NA,NA,NA,NA,NA,NA,NA,2019,NA,NA,NA,"Laura & Megan",NA,NA,NA,NA,NA,NA,"red",NA,NA,NA,NA,NA,NA,NA,NA
2019-08-07,"WL3","1","4.5","X",NA,NA,NA,NA,NA,NA,NA,NA,NA,NA,NA,2019,NA,NA,NA,"Laura & Megan",NA,NA,NA,NA,NA,NA,"red",NA,NA,NA,NA,NA,NA,NA,NA
2019-08-07,"WL3","1","4.5","X",NA,NA,NA,NA,NA,NA,NA,NA,NA,NA,NA,2019,NA,NA,NA,"Laura & Megan",NA,NA,NA,NA,NA,NA,"red",NA,NA,NA,NA,NA,NA,NA,NA
2019-08-07,"WL3","1","4.5","X",NA,NA,NA,NA,NA,NA,NA,NA,NA,NA,NA,2019,NA,NA,NA,"Laura & Megan",NA,NA,NA,NA,NA,NA,"red",NA,NA,NA,NA,NA,NA,NA,NA
2019-08-07,"WL3","1","4.5","X",NA,NA,NA,NA,NA,NA,NA,NA,NA,NA,NA,2019,NA,NA,NA,"Laura & Megan",NA,NA,NA,NA,NA,NA,"red",NA,NA,NA,NA,NA,NA,NA,NA
2019-08-07,"WL3","1","4.5","X",NA,NA,NA,NA,NA,NA,NA,NA,NA,NA,NA,2019,NA,NA,NA,"Laura & Megan",NA,NA,NA,NA,NA,NA,"red",NA,NA,NA,NA,NA,NA,NA,NA
2019-08-07,"WL3","1","4.5","X",NA,NA,NA,NA,NA,NA,NA,NA,NA,NA,NA,2019,NA,NA,NA,"Laura & Megan",NA,NA,NA,NA,NA,NA,"red",NA,NA,NA,NA,NA,NA,NA,NA
2019-08-07,"WL3","1","4.5","X",NA,NA,NA,NA,NA,NA,NA,NA,NA,NA,NA,2019,NA,NA,NA,"Laura & Megan",NA,NA,NA,NA,NA,NA,"red",NA,NA,NA,NA,NA,NA,NA,NA
2019-08-07,"WL3","1","4.5","X",NA,NA,NA,NA,NA,NA,NA,NA,NA,NA,NA,2019,NA,NA,NA,"Laura & Megan",NA,NA,NA,NA,NA,NA,"red",NA,NA,NA,NA,NA,NA,NA,NA
2019-08-07,"WL3","1","4.5","X",NA,NA,NA,NA,NA,NA,NA,NA,NA,NA,NA,2019,NA,NA,NA,"Laura & Megan",NA,NA,NA,NA,NA,NA,"red",NA,NA,NA,NA,NA,NA,NA,NA
2019-08-07,"WL3","1","4.5","X",NA,NA,NA,NA,NA,NA,NA,NA,NA,NA,NA,2019,NA,NA,NA,"Laura & Megan",NA,NA,NA,NA,NA,NA,"red",NA,NA,NA,NA,NA,NA,NA,NA
2019-08-07,"WL3","1","4.5","V",4,50,"<1","1.5",4,"0.5",NA,NA,NA,NA,NA,2019,NA,NA,NA,"Laura & Megan",NA,NA,NA,NA,NA,45,"red",NA,NA,NA,NA,"N",NA,NA,0.5
2019-08-07,"WL3","1","5.5",NA,NA,NA,NA,NA,NA,NA,NA,NA,NA,NA,"no plants",2019,NA,NA,NA,"Laura & Megan",NA,NA,NA,NA,NA,NA,NA,NA,NA,NA,NA,NA,NA,NA,NA
2019-08-07,"WL3","1","6.5",NA,NA,NA,NA,NA,NA,NA,NA,NA,NA,NA,"no plants",2019,NA,NA,NA,"Laura & Megan",NA,NA,NA,NA,NA,NA,NA,NA,NA,NA,NA,NA,NA,NA,NA
2019-08-07,"WL3","1","7.5",NA,NA,NA,NA,NA,NA,NA,NA,NA,NA,NA,"no plants",2019,NA,NA,NA,"Laura & Megan",NA,NA,NA,NA,NA,NA,NA,NA,NA,NA,NA,NA,NA,NA,NA
2019-08-07,"WL3","1","8.5","X",NA,NA,NA,NA,NA,NA,NA,NA,NA,NA,"copied x10",2019,NA,NA,NA,"Laura & Megan",NA,NA,NA,NA,NA,NA,"red",NA,NA,NA,NA,NA,NA,NA,NA
2019-08-07,"WL3","1","8.5","X",NA,NA,NA,NA,NA,NA,NA,NA,NA,NA,NA,2019,NA,NA,NA,"Laura & Megan",NA,NA,NA,NA,NA,NA,"red",NA,NA,NA,NA,NA,NA,NA,NA
2019-08-07,"WL3","1","8.5","X",NA,NA,NA,NA,NA,NA,NA,NA,NA,NA,NA,2019,NA,NA,NA,"Laura & Megan",NA,NA,NA,NA,NA,NA,"red",NA,NA,NA,NA,NA,NA,NA,NA
2019-08-07,"WL3","1","8.5","X",NA,NA,NA,NA,NA,NA,NA,NA,NA,NA,NA,2019,NA,NA,NA,"Laura & Megan",NA,NA,NA,NA,NA,NA,"red",NA,NA,NA,NA,NA,NA,NA,NA
2019-08-07,"WL3","1","8.5","X",NA,NA,NA,NA,NA,NA,NA,NA,NA,NA,NA,2019,NA,NA,NA,"Laura & Megan",NA,NA,NA,NA,NA,NA,"red",NA,NA,NA,NA,NA,NA,NA,NA
2019-08-07,"WL3","1","8.5","X",NA,NA,NA,NA,NA,NA,NA,NA,NA,NA,NA,2019,NA,NA,NA,"Laura & Megan",NA,NA,NA,NA,NA,NA,"red",NA,NA,NA,NA,NA,NA,NA,NA
2019-08-07,"WL3","1","8.5","X",NA,NA,NA,NA,NA,NA,NA,NA,NA,NA,NA,2019,NA,NA,NA,"Laura & Megan",NA,NA,NA,NA,NA,NA,"red",NA,NA,NA,NA,NA,NA,NA,NA
2019-08-07,"WL3","1","8.5","X",NA,NA,NA,NA,NA,NA,NA,NA,NA,NA,NA,2019,NA,NA,NA,"Laura & Megan",NA,NA,NA,NA,NA,NA,"red",NA,NA,NA,NA,NA,NA,NA,NA
2019-08-07,"WL3","1","8.5","X",NA,NA,NA,NA,NA,NA,NA,NA,NA,NA,NA,2019,NA,NA,NA,"Laura & Megan",NA,NA,NA,NA,NA,NA,"red",NA,NA,NA,NA,NA,NA,NA,NA
2019-08-07,"WL3","1","8.5","X",NA,NA,NA,NA,NA,NA,NA,NA,NA,NA,NA,2019,NA,NA,NA,"Laura & Megan",NA,NA,NA,NA,NA,NA,"red",NA,NA,NA,NA,NA,NA,NA,NA
2019-08-07,"WL3","1","8.5","V",NA,NA,"<1","2.5",1,"0.7",NA,NA,NA,NA,NA,2019,NA,NA,NA,"Laura & Megan",NA,NA,NA,NA,NA,NA,"red",NA,NA,NA,NA,"N",NA,NA,0.5
2019-08-07,"WL3","1","8.5","V",NA,NA,"<1","1.0",1,"0.3",NA,NA,NA,NA,NA,2019,NA,NA,NA,"Laura & Megan",NA,NA,NA,NA,NA,NA,"red",NA,NA,NA,NA,"N",NA,NA,0.5
2019-08-07,"WL3","1","8.5","V",NA,NA,"<1","1.1",1,"0.5",NA,NA,NA,NA,NA,2019,NA,NA,NA,"Laura & Megan",NA,NA,NA,NA,NA,NA,"red",NA,NA,NA,NA,"N",NA,NA,0.5
2019-08-07,"WL3","1","8.5","V",NA,NA,"<1","1.5",1,"0.4",NA,NA,NA,NA,NA,2019,NA,NA,NA,"Laura & Megan",NA,NA,NA,NA,NA,NA,"red",NA,NA,NA,NA,NA,NA,NA,0.5
2019-08-07,"WL3","1","9.5","X",NA,NA,NA,NA,NA,NA,NA,NA,NA,NA,NA,2019,NA,NA,NA,"Laura & Megan",NA,NA,NA,NA,NA,NA,"red",NA,NA,NA,NA,NA,NA,NA,NA
2019-08-07,"WL3","1","9.5","V",6,50,"<1","3.9",3,"0.3",NA,NA,NA,NA,NA,2019,NA,NA,NA,"Laura & Megan",NA,NA,NA,NA,NA,59,"red",NA,NA,NA,NA,NA,NA,NA,0.5
2019-08-07,"WL3","2","4.5","X",NA,NA,NA,NA,NA,NA,NA,NA,NA,NA,"copied x51",2019,NA,NA,NA,"Laura & Megan",NA,NA,NA,NA,NA,NA,"red",NA,NA,NA,NA,NA,NA,NA,NA
2019-08-07,"WL3","2","4.5","X",NA,NA,NA,NA,NA,NA,NA,NA,NA,NA,NA,2019,NA,NA,NA,"Laura & Megan",NA,NA,NA,NA,NA,NA,"red",NA,NA,NA,NA,NA,NA,NA,NA
2019-08-07,"WL3","2","4.5","X",NA,NA,NA,NA,NA,NA,NA,NA,NA,NA,NA,2019,NA,NA,NA,"Laura & Megan",NA,NA,NA,NA,NA,NA,"red",NA,NA,NA,NA,NA,NA,NA,NA
2019-08-07,"WL3","2","4.5","X",NA,NA,NA,NA,NA,NA,NA,NA,NA,NA,NA,2019,NA,NA,NA,"Laura & Megan",NA,NA,NA,NA,NA,NA,"red",NA,NA,NA,NA,NA,NA,NA,NA
2019-08-07,"WL3","2","4.5","X",NA,NA,NA,NA,NA,NA,NA,NA,NA,NA,NA,2019,NA,NA,NA,"Laura & Megan",NA,NA,NA,NA,NA,NA,"red",NA,NA,NA,NA,NA,NA,NA,NA
2019-08-07,"WL3","2","4.5","X",NA,NA,NA,NA,NA,NA,NA,NA,NA,NA,NA,2019,NA,NA,NA,"Laura & Megan",NA,NA,NA,NA,NA,NA,"red",NA,NA,NA,NA,NA,NA,NA,NA
2019-08-07,"WL3","2","4.5","X",NA,NA,NA,NA,NA,NA,NA,NA,NA,NA,NA,2019,NA,NA,NA,"Laura & Megan",NA,NA,NA,NA,NA,NA,"red",NA,NA,NA,NA,NA,NA,NA,NA
2019-08-07,"WL3","2","4.5","X",NA,NA,NA,NA,NA,NA,NA,NA,NA,NA,NA,2019,NA,NA,NA,"Laura & Megan",NA,NA,NA,NA,NA,NA,"red",NA,NA,NA,NA,NA,NA,NA,NA
2019-08-07,"WL3","2","4.5","X",NA,NA,NA,NA,NA,NA,NA,NA,NA,NA,NA,2019,NA,NA,NA,"Laura & Megan",NA,NA,NA,NA,NA,NA,"red",NA,NA,NA,NA,NA,NA,NA,NA
2019-08-07,"WL3","2","4.5","X",NA,NA,NA,NA,NA,NA,NA,NA,NA,NA,NA,2019,NA,NA,NA,"Laura & Megan",NA,NA,NA,NA,NA,NA,"red",NA,NA,NA,NA,NA,NA,NA,NA
2019-08-07,"WL3","2","4.5","X",NA,NA,NA,NA,NA,NA,NA,NA,NA,NA,NA,2019,NA,NA,NA,"Laura & Megan",NA,NA,NA,NA,NA,NA,"red",NA,NA,NA,NA,NA,NA,NA,NA
2019-08-07,"WL3","2","4.5","X",NA,NA,NA,NA,NA,NA,NA,NA,NA,NA,NA,2019,NA,NA,NA,"Laura & Megan",NA,NA,NA,NA,NA,NA,"red",NA,NA,NA,NA,NA,NA,NA,NA
2019-08-07,"WL3","2","4.5","X",NA,NA,NA,NA,NA,NA,NA,NA,NA,NA,NA,2019,NA,NA,NA,"Laura & Megan",NA,NA,NA,NA,NA,NA,"red",NA,NA,NA,NA,NA,NA,NA,NA
2019-08-07,"WL3","2","4.5","X",NA,NA,NA,NA,NA,NA,NA,NA,NA,NA,NA,2019,NA,NA,NA,"Laura & Megan",NA,NA,NA,NA,NA,NA,"red",NA,NA,NA,NA,NA,NA,NA,NA
2019-08-07,"WL3","2","4.5","X",NA,NA,NA,NA,NA,NA,NA,NA,NA,NA,NA,2019,NA,NA,NA,"Laura & Megan",NA,NA,NA,NA,NA,NA,"red",NA,NA,NA,NA,NA,NA,NA,NA
2019-08-07,"WL3","2","4.5","X",NA,NA,NA,NA,NA,NA,NA,NA,NA,NA,NA,2019,NA,NA,NA,"Laura & Megan",NA,NA,NA,NA,NA,NA,"red",NA,NA,NA,NA,NA,NA,NA,NA
2019-08-07,"WL3","2","4.5","X",NA,NA,NA,NA,NA,NA,NA,NA,NA,NA,NA,2019,NA,NA,NA,"Laura & Megan",NA,NA,NA,NA,NA,NA,"red",NA,NA,NA,NA,NA,NA,NA,NA
2019-08-07,"WL3","2","4.5","X",NA,NA,NA,NA,NA,NA,NA,NA,NA,NA,NA,2019,NA,NA,NA,"Laura & Megan",NA,NA,NA,NA,NA,NA,"red",NA,NA,NA,NA,NA,NA,NA,NA
2019-08-07,"WL3","2","4.5","X",NA,NA,NA,NA,NA,NA,NA,NA,NA,NA,NA,2019,NA,NA,NA,"Laura & Megan",NA,NA,NA,NA,NA,NA,"red",NA,NA,NA,NA,NA,NA,NA,NA
2019-08-07,"WL3","2","4.5","X",NA,NA,NA,NA,NA,NA,NA,NA,NA,NA,NA,2019,NA,NA,NA,"Laura & Megan",NA,NA,NA,NA,NA,NA,"red",NA,NA,NA,NA,NA,NA,NA,NA
2019-08-07,"WL3","2","4.5","X",NA,NA,NA,NA,NA,NA,NA,NA,NA,NA,NA,2019,NA,NA,NA,"Laura & Megan",NA,NA,NA,NA,NA,NA,"red",NA,NA,NA,NA,NA,NA,NA,NA
2019-08-07,"WL3","2","4.5","X",NA,NA,NA,NA,NA,NA,NA,NA,NA,NA,NA,2019,NA,NA,NA,"Laura & Megan",NA,NA,NA,NA,NA,NA,"red",NA,NA,NA,NA,NA,NA,NA,NA
2019-08-07,"WL3","2","4.5","X",NA,NA,NA,NA,NA,NA,NA,NA,NA,NA,NA,2019,NA,NA,NA,"Laura & Megan",NA,NA,NA,NA,NA,NA,"red",NA,NA,NA,NA,NA,NA,NA,NA
2019-08-07,"WL3","2","4.5","X",NA,NA,NA,NA,NA,NA,NA,NA,NA,NA,NA,2019,NA,NA,NA,"Laura & Megan",NA,NA,NA,NA,NA,NA,"red",NA,NA,NA,NA,NA,NA,NA,NA
2019-08-07,"WL3","2","4.5","X",NA,NA,NA,NA,NA,NA,NA,NA,NA,NA,NA,2019,NA,NA,NA,"Laura & Megan",NA,NA,NA,NA,NA,NA,"red",NA,NA,NA,NA,NA,NA,NA,NA
2019-08-07,"WL3","2","4.5","X",NA,NA,NA,NA,NA,NA,NA,NA,NA,NA,NA,2019,NA,NA,NA,"Laura & Megan",NA,NA,NA,NA,NA,NA,"red",NA,NA,NA,NA,NA,NA,NA,NA
2019-08-07,"WL3","2","4.5","X",NA,NA,NA,NA,NA,NA,NA,NA,NA,NA,NA,2019,NA,NA,NA,"Laura & Megan",NA,NA,NA,NA,NA,NA,"red",NA,NA,NA,NA,NA,NA,NA,NA
2019-08-07,"WL3","2","4.5","X",NA,NA,NA,NA,NA,NA,NA,NA,NA,NA,NA,2019,NA,NA,NA,"Laura & Megan",NA,NA,NA,NA,NA,NA,"red",NA,NA,NA,NA,NA,NA,NA,NA
2019-08-07,"WL3","2","4.5","X",NA,NA,NA,NA,NA,NA,NA,NA,NA,NA,NA,2019,NA,NA,NA,"Laura & Megan",NA,NA,NA,NA,NA,NA,"red",NA,NA,NA,NA,NA,NA,NA,NA
2019-08-07,"WL3","2","4.5","X",NA,NA,NA,NA,NA,NA,NA,NA,NA,NA,NA,2019,NA,NA,NA,"Laura & Megan",NA,NA,NA,NA,NA,NA,"red",NA,NA,NA,NA,NA,NA,NA,NA
2019-08-07,"WL3","2","4.5","X",NA,NA,NA,NA,NA,NA,NA,NA,NA,NA,NA,2019,NA,NA,NA,"Laura & Megan",NA,NA,NA,NA,NA,NA,"red",NA,NA,NA,NA,NA,NA,NA,NA
2019-08-07,"WL3","2","4.5","X",NA,NA,NA,NA,NA,NA,NA,NA,NA,NA,NA,2019,NA,NA,NA,"Laura & Megan",NA,NA,NA,NA,NA,NA,"red",NA,NA,NA,NA,NA,NA,NA,NA
2019-08-07,"WL3","2","4.5","X",NA,NA,NA,NA,NA,NA,NA,NA,NA,NA,NA,2019,NA,NA,NA,"Laura & Megan",NA,NA,NA,NA,NA,NA,"red",NA,NA,NA,NA,NA,NA,NA,NA
2019-08-07,"WL3","2","4.5","X",NA,NA,NA,NA,NA,NA,NA,NA,NA,NA,NA,2019,NA,NA,NA,"Laura & Megan",NA,NA,NA,NA,NA,NA,"red",NA,NA,NA,NA,NA,NA,NA,NA
2019-08-07,"WL3","2","4.5","X",NA,NA,NA,NA,NA,NA,NA,NA,NA,NA,NA,2019,NA,NA,NA,"Laura & Megan",NA,NA,NA,NA,NA,NA,"red",NA,NA,NA,NA,NA,NA,NA,NA
2019-08-07,"WL3","2","4.5","X",NA,NA,NA,NA,NA,NA,NA,NA,NA,NA,NA,2019,NA,NA,NA,"Laura & Megan",NA,NA,NA,NA,NA,NA,"red",NA,NA,NA,NA,NA,NA,NA,NA
2019-08-07,"WL3","2","4.5","X",NA,NA,NA,NA,NA,NA,NA,NA,NA,NA,NA,2019,NA,NA,NA,"Laura & Megan",NA,NA,NA,NA,NA,NA,"red",NA,NA,NA,NA,NA,NA,NA,NA
2019-08-07,"WL3","2","4.5","X",NA,NA,NA,NA,NA,NA,NA,NA,NA,NA,NA,2019,NA,NA,NA,"Laura & Megan",NA,NA,NA,NA,NA,NA,"red",NA,NA,NA,NA,NA,NA,NA,NA
2019-08-07,"WL3","2","4.5","X",NA,NA,NA,NA,NA,NA,NA,NA,NA,NA,NA,2019,NA,NA,NA,"Laura & Megan",NA,NA,NA,NA,NA,NA,"red",NA,NA,NA,NA,NA,NA,NA,NA
2019-08-07,"WL3","2","4.5","X",NA,NA,NA,NA,NA,NA,NA,NA,NA,NA,NA,2019,NA,NA,NA,"Laura & Megan",NA,NA,NA,NA,NA,NA,"red",NA,NA,NA,NA,NA,NA,NA,NA
2019-08-07,"WL3","2","4.5","X",NA,NA,NA,NA,NA,NA,NA,NA,NA,NA,NA,2019,NA,NA,NA,"Laura & Megan",NA,NA,NA,NA,NA,NA,"red",NA,NA,NA,NA,NA,NA,NA,NA
2019-08-07,"WL3","2","4.5","X",NA,NA,NA,NA,NA,NA,NA,NA,NA,NA,NA,2019,NA,NA,NA,"Laura & Megan",NA,NA,NA,NA,NA,NA,"red",NA,NA,NA,NA,NA,NA,NA,NA
2019-08-07,"WL3","2","4.5","X",NA,NA,NA,NA,NA,NA,NA,NA,NA,NA,NA,2019,NA,NA,NA,"Laura & Megan",NA,NA,NA,NA,NA,NA,"red",NA,NA,NA,NA,NA,NA,NA,NA
2019-08-07,"WL3","2","4.5","X",NA,NA,NA,NA,NA,NA,NA,NA,NA,NA,NA,2019,NA,NA,NA,"Laura & Megan",NA,NA,NA,NA,NA,NA,"red",NA,NA,NA,NA,NA,NA,NA,NA
2019-08-07,"WL3","2","4.5","X",NA,NA,NA,NA,NA,NA,NA,NA,NA,NA,NA,2019,NA,NA,NA,"Laura & Megan",NA,NA,NA,NA,NA,NA,"red",NA,NA,NA,NA,NA,NA,NA,NA
2019-08-07,"WL3","2","4.5","X",NA,NA,NA,NA,NA,NA,NA,NA,NA,NA,NA,2019,NA,NA,NA,"Laura & Megan",NA,NA,NA,NA,NA,NA,"red",NA,NA,NA,NA,NA,NA,NA,NA
2019-08-07,"WL3","2","4.5","X",NA,NA,NA,NA,NA,NA,NA,NA,NA,NA,NA,2019,NA,NA,NA,"Laura & Megan",NA,NA,NA,NA,NA,NA,"red",NA,NA,NA,NA,NA,NA,NA,NA
2019-08-07,"WL3","2","4.5","X",NA,NA,NA,NA,NA,NA,NA,NA,NA,NA,NA,2019,NA,NA,NA,"Laura & Megan",NA,NA,NA,NA,NA,NA,"red",NA,NA,NA,NA,NA,NA,NA,NA
2019-08-07,"WL3","2","4.5","X",NA,NA,NA,NA,NA,NA,NA,NA,NA,NA,NA,2019,NA,NA,NA,"Laura & Megan",NA,NA,NA,NA,NA,NA,"red",NA,NA,NA,NA,NA,NA,NA,NA
2019-08-07,"WL3","2","4.5","X",NA,NA,NA,NA,NA,NA,NA,NA,NA,NA,NA,2019,NA,NA,NA,"Laura & Megan",NA,NA,NA,NA,NA,NA,"red",NA,NA,NA,NA,NA,NA,NA,NA
2019-08-07,"WL3","2","4.5","X",NA,NA,NA,NA,NA,NA,NA,NA,NA,NA,NA,2019,NA,NA,NA,"Laura & Megan",NA,NA,NA,NA,NA,NA,"red",NA,NA,NA,NA,NA,NA,NA,NA
2019-08-07,"WL3","2","4.5","V",NA,NA,"<1","0.5",1,"0.1",NA,NA,NA,NA,NA,2019,NA,NA,NA,"Laura & Megan",NA,NA,NA,NA,NA,NA,"red",NA,NA,NA,NA,"N",NA,NA,0.5
2019-08-07,"WL3","2","4.5","V",NA,NA,"<1","1.0",1,"0.1",NA,NA,NA,NA,NA,2019,NA,NA,NA,"Laura & Megan",NA,NA,NA,NA,NA,NA,"red",NA,NA,NA,NA,"N",NA,NA,0.5
2019-08-07,"WL3","2","4.5","V",NA,NA,"<1","1.2",1,"0.3",NA,NA,NA,NA,NA,2019,NA,NA,NA,"Laura & Megan",NA,NA,NA,NA,NA,NA,"red",NA,NA,NA,NA,"N",NA,NA,0.5
2019-08-07,"WL3","2","4.5","V",NA,NA,"<1","1.0",1,"0.2",NA,NA,NA,NA,NA,2019,NA,NA,NA,"Laura & Megan",NA,NA,NA,NA,NA,NA,"red",NA,NA,NA,NA,"N",NA,NA,0.5
2019-08-07,"WL3","2","4.5","V",NA,NA,"<1","1.1",1,"0.3",NA,NA,NA,NA,NA,2019,NA,NA,NA,"Laura & Megan",NA,NA,NA,NA,NA,NA,"red",NA,NA,NA,NA,"N",NA,NA,0.5
2019-08-07,"WL3","2","4.5","V",NA,NA,"<1","0.7",1,"0.2",NA,NA,NA,NA,NA,2019,NA,NA,NA,"Laura & Megan",NA,NA,NA,NA,NA,NA,"red",NA,NA,NA,NA,"N",NA,NA,0.5
2019-08-07,"WL3","2","4.5","V",NA,NA,"<1","0.5",1,"0.1",NA,NA,NA,NA,NA,2019,NA,NA,NA,"Laura & Megan",NA,NA,NA,NA,NA,NA,"red",NA,NA,NA,NA,"N",NA,NA,0.5
2019-08-07,"WL3","2","4.5","V",NA,NA,"<1","1.0",1,"0.2",NA,NA,NA,NA,NA,2019,NA,NA,NA,"Laura & Megan",NA,NA,NA,NA,NA,NA,"red",NA,NA,NA,NA,"N",NA,NA,0.5
2019-08-07,"WL3","2","4.5","V",NA,NA,"<1","1.3",1,"0.2",NA,NA,NA,NA,NA,2019,NA,NA,NA,"Laura & Megan",NA,NA,NA,NA,NA,NA,"red",NA,NA,NA,NA,"N",NA,NA,0.5
2019-08-07,"WL3","2","4.5","V",NA,NA,"<1","0.9",1,"0.3",NA,NA,NA,NA,NA,2019,NA,NA,NA,"Laura & Megan",NA,NA,NA,NA,NA,NA,"red",NA,NA,NA,NA,"N",NA,NA,0.5
2019-08-07,"WL3","2","4.5","V",NA,NA,"<1","1.1",1,"0.1",NA,NA,NA,NA,NA,2019,NA,NA,NA,"Laura & Megan",NA,NA,NA,NA,NA,NA,"red",NA,NA,NA,NA,"N",NA,NA,0.5
2019-08-07,"WL3","2","4.5","V",NA,NA,"<1","1.2",1,"0.2",NA,NA,NA,NA,NA,2019,NA,NA,NA,"Laura & Megan",NA,NA,NA,NA,NA,NA,"red",NA,NA,NA,NA,"Y",NA,NA,0.5
2019-08-07,"WL3","2","4.5","V",NA,NA,"<1","1.6",1,"0.2",NA,NA,NA,NA,NA,2019,NA,NA,NA,"Laura & Megan",NA,NA,NA,NA,NA,NA,"red",NA,NA,NA,NA,"N",NA,NA,0.5
2019-08-07,"WL3","2","4.5","V",NA,NA,"<1","1.6",1,"0.1",NA,NA,NA,NA,NA,2019,NA,NA,NA,"Laura & Megan",NA,NA,NA,NA,NA,NA,"red",NA,NA,NA,NA,"N",NA,NA,0.5
2019-08-07,"WL3","2","4.5","V",NA,NA,"<1","1.1",1,"0.2",NA,NA,NA,NA,NA,2019,NA,NA,NA,"Laura & Megan",NA,NA,NA,NA,NA,NA,"red",NA,NA,NA,NA,"N",NA,NA,0.5
2019-08-07,"WL3","2","4.5","V",NA,NA,"<1","2.0",1,"0.4",NA,NA,NA,NA,NA,2019,NA,NA,NA,"Laura & Megan",NA,NA,NA,NA,NA,NA,"red",NA,NA,NA,NA,"N",NA,NA,0.5
2019-08-07,"WL3","2","4.5","V",NA,NA,"<1","1.5",1,"0.2",NA,NA,NA,NA,NA,2019,NA,NA,NA,"Laura & Megan",NA,NA,NA,NA,NA,NA,"red",NA,NA,NA,NA,"N",NA,NA,0.5
2019-08-07,"WL3","2","4.5","V",NA,NA,"<1","0.3",1,"0.1",NA,NA,NA,NA,NA,2019,NA,NA,NA,"Laura & Megan",NA,NA,NA,NA,NA,NA,"red",NA,NA,NA,NA,"N",NA,NA,0.5
2019-08-07,"WL3","2","4.5","V",NA,NA,"<1","1.0",1,"0.1",NA,NA,NA,NA,NA,2019,NA,NA,NA,"Laura & Megan",NA,NA,NA,NA,NA,NA,"red",NA,NA,NA,NA,"N",NA,NA,0.5
2019-08-07,"WL3","2","4.5","V",NA,NA,"<1","0.6",1,"0.2",NA,NA,NA,NA,NA,2019,NA,NA,NA,"Laura & Megan",NA,NA,NA,NA,NA,NA,"red",NA,NA,NA,NA,"N",NA,NA,0.5
2019-08-07,"WL3","2","4.5","V",NA,NA,"<1","0.9",1,"0.2",NA,NA,NA,NA,NA,2019,NA,NA,NA,"Laura & Megan",NA,NA,NA,NA,NA,NA,"red",NA,NA,NA,NA,"N",NA,NA,0.5
2019-08-07,"WL3","2","4.5","V",NA,NA,"<1","0.8",1,"0.3",NA,NA,NA,NA,NA,2019,NA,NA,NA,"Laura & Megan",NA,NA,NA,NA,NA,NA,"red",NA,NA,NA,NA,"N",NA,NA,0.5
2019-08-07,"WL3","2","4.5","V",NA,NA,"<1","0.5",1,"0.1",NA,NA,NA,NA,NA,2019,NA,NA,NA,"Laura & Megan",NA,NA,NA,NA,NA,NA,"red",NA,NA,NA,NA,"N",NA,NA,0.5
2019-08-07,"WL3","2","4.5","V",NA,NA,"<1","0.5",1,"0.2",NA,NA,NA,NA,NA,2019,NA,NA,NA,"Laura & Megan",NA,NA,NA,NA,NA,NA,"red",NA,NA,NA,NA,"N",NA,NA,0.5
2019-08-07,"WL3","2","4.5","V",NA,NA,"<1","0.9",1,"0.2",NA,NA,NA,NA,NA,2019,NA,NA,NA,"Laura & Megan",NA,NA,NA,NA,NA,NA,"red",NA,NA,NA,NA,"Y",NA,NA,0.5
2019-08-07,"WL3","2","4.5","V",NA,NA,"<1","0.7",1,"0.1",NA,NA,NA,NA,NA,2019,NA,NA,NA,"Laura & Megan",NA,NA,NA,NA,NA,NA,"red",NA,NA,NA,NA,"N",NA,NA,0.5
2019-08-07,"WL3","2","4.5","V",NA,NA,"<1","0.3",1,"0.2",NA,NA,NA,NA,NA,2019,NA,NA,NA,"Laura & Megan",NA,NA,NA,NA,NA,NA,"red",NA,NA,NA,NA,"N",NA,NA,0.5
2019-08-07,"WL3","2","4.5","X",NA,NA,NA,NA,NA,NA,NA,NA,NA,NA,NA,2019,NA,NA,NA,"Laura & Megan",NA,NA,NA,NA,NA,NA,"red",NA,NA,NA,NA,NA,NA,NA,NA
2019-08-07,"WL3","2","4.5","X",NA,NA,NA,NA,NA,NA,NA,NA,NA,NA,NA,2019,NA,NA,NA,"Laura & Megan",NA,NA,NA,NA,NA,NA,"red",NA,NA,NA,NA,NA,NA,NA,NA
2019-08-07,"WL3","2","4.5","V",NA,NA,"<1","0.5",1,"0.2",NA,NA,NA,NA,NA,2019,NA,NA,NA,"Laura & Megan",NA,NA,NA,NA,NA,NA,"red",NA,NA,NA,NA,"N",NA,NA,0.5
2019-08-07,"WL3","2","2.5","X",NA,NA,NA,NA,NA,NA,NA,NA,NA,NA,"copied x3",2019,NA,NA,NA,"Maya & Eva",NA,NA,NA,NA,NA,NA,"ylw",NA,NA,NA,NA,NA,NA,NA,NA
2019-08-07,"WL3","2","2.5","X",NA,NA,NA,NA,NA,NA,NA,NA,NA,NA,NA,2019,NA,NA,NA,"Maya & Eva",NA,NA,NA,NA,NA,NA,"ylw",NA,NA,NA,NA,NA,NA,NA,NA
2019-08-07,"WL3","2","2.5","X",NA,NA,NA,NA,NA,NA,NA,NA,NA,NA,NA,2019,NA,NA,NA,"Maya & Eva",NA,NA,NA,NA,NA,NA,"ylw",NA,NA,NA,NA,NA,NA,NA,NA
2019-08-07,"WL3","2","2.5","V",NA,NA,"<1","1.4",1,"0.4",NA,NA,NA,NA,NA,2019,NA,NA,NA,"Maya & Eva",NA,NA,NA,NA,NA,NA,"red",NA,NA,NA,NA,"N",NA,NA,0.5
2019-08-07,"WL3","2","2.5","V",NA,NA,"<1","1.2",1,"0.2",NA,NA,NA,NA,NA,2019,NA,NA,NA,"Maya & Eva",NA,NA,NA,NA,NA,NA,"red",NA,NA,NA,NA,"N",NA,NA,0.5
2019-08-07,"WL3","2","2.5","V",NA,NA,"<1","0.7",1,"0.3",NA,NA,NA,NA,NA,2019,NA,NA,NA,"Maya & Eva",NA,NA,NA,NA,NA,NA,"red",NA,NA,NA,NA,"N",NA,NA,0.5
2019-08-07,"WL3","2","3",NA,NA,NA,NA,NA,NA,NA,NA,NA,NA,NA,"found additional blue and GBB bird bands dead here",2019,NA,NA,NA,"Maya & Eva",NA,NA,NA,NA,NA,NA,NA,NA,NA,NA,NA,NA,NA,NA,NA
2019-08-07,"WL3","2","3","X",NA,NA,NA,NA,NA,NA,NA,NA,NA,NA,"copied x5",2019,NA,NA,NA,"Maya & Eva",NA,NA,NA,NA,NA,NA,"red",NA,NA,NA,NA,NA,NA,NA,NA
2019-08-07,"WL3","2","3","X",NA,NA,NA,NA,NA,NA,NA,NA,NA,NA,NA,2019,NA,NA,NA,"Maya & Eva",NA,NA,NA,NA,NA,NA,"red",NA,NA,NA,NA,NA,NA,NA,NA
2019-08-07,"WL3","2","3","X",NA,NA,NA,NA,NA,NA,NA,NA,NA,NA,NA,2019,NA,NA,NA,"Maya & Eva",NA,NA,NA,NA,NA,NA,"red",NA,NA,NA,NA,NA,NA,NA,NA
2019-08-07,"WL3","2","3","X",NA,NA,NA,NA,NA,NA,NA,NA,NA,NA,NA,2019,NA,NA,NA,"Maya & Eva",NA,NA,NA,NA,NA,NA,"red",NA,NA,NA,NA,NA,NA,NA,NA
2019-08-07,"WL3","2","3","X",NA,NA,NA,NA,NA,NA,NA,NA,NA,NA,NA,2019,NA,NA,NA,"Maya & Eva",NA,NA,NA,NA,NA,NA,"red",NA,NA,NA,NA,NA,NA,NA,NA
2019-08-07,"WL3","2","3","V",NA,NA,"<1","1.5",1,"0.2",NA,NA,NA,NA,NA,2019,NA,NA,NA,"Maya & Eva",NA,NA,NA,NA,NA,NA,"red",NA,NA,NA,NA,"N",NA,NA,0.5
2019-08-07,"WL3","2","3","V",NA,NA,"<1","1.0",1,"0.3",NA,NA,NA,NA,NA,2019,NA,NA,NA,"Maya & Eva",NA,NA,NA,NA,NA,NA,"red",NA,NA,NA,NA,"N",NA,NA,0.5
2019-08-07,"WL3","2","3","V",NA,NA,"<1","1.6",1,"0.4",NA,NA,NA,NA,NA,2019,NA,NA,NA,"Maya & Eva",NA,NA,NA,NA,NA,NA,"red",NA,NA,NA,NA,"N",NA,NA,0.5
2019-08-07,"WL3","2","3.5","V",9,5,"1.9","2.9",3,"1.6",NA,NA,NA,NA,NA,2019,NA,NA,NA,"Maya & Eva",NA,NA,NA,NA,NA,58,NA,NA,NA,NA,NA,"Y",NA,NA,1.9
2019-08-07,"WL3","3","0","X",NA,NA,NA,NA,NA,NA,NA,NA,NA,NA,NA,2019,NA,NA,NA,"Maya & Eva",NA,NA,NA,NA,NA,NA,"red",NA,NA,NA,NA,NA,NA,NA,NA
2019-08-07,"WL3","3","0","X",NA,NA,NA,NA,NA,NA,NA,NA,NA,NA,NA,2019,NA,NA,NA,"Maya & Eva",NA,NA,NA,NA,NA,NA,"red",NA,NA,NA,NA,NA,NA,NA,NA
2019-08-07,"WL3","3","0","X",NA,NA,NA,NA,NA,NA,NA,NA,NA,NA,NA,2019,NA,NA,NA,"Maya & Eva",NA,NA,NA,NA,NA,NA,"red",NA,NA,NA,NA,NA,NA,NA,NA
2019-08-07,"WL3","3","0","V",NA,NA,"<1","0.4",1,"0.1",NA,NA,NA,NA,NA,2019,NA,NA,NA,"Maya & Eva",NA,NA,NA,NA,NA,NA,"red",NA,NA,NA,NA,"N",NA,NA,0.5
2019-08-07,"WL3","3","0","V",NA,NA,"<1","1.5",1,"0.8",NA,NA,NA,NA,NA,2019,NA,NA,NA,"Maya & Eva",NA,NA,NA,NA,NA,NA,"red",NA,NA,NA,NA,"N",NA,NA,0.5
2019-08-07,"WL3","3","1","X",NA,NA,NA,NA,NA,NA,NA,NA,NA,NA,NA,2019,NA,NA,NA,"Maya & Eva",NA,NA,NA,NA,NA,NA,"red",NA,NA,NA,NA,NA,NA,NA,NA
2019-08-07,"WL3","3","1","V",NA,NA,"<1","0.7",1,"0.3",NA,NA,NA,NA,NA,2019,NA,NA,NA,"Maya & Eva",NA,NA,NA,NA,NA,NA,"red",NA,NA,NA,NA,"N",NA,NA,0.5
2019-08-07,"WL3","3","2","X",NA,NA,NA,NA,NA,NA,NA,NA,NA,NA,NA,2019,NA,NA,NA,"Maya & Eva",NA,NA,NA,NA,NA,NA,"ylw",NA,NA,NA,NA,NA,NA,NA,NA
2019-08-07,"WL3","3","2","X",NA,NA,NA,NA,NA,NA,NA,NA,NA,NA,NA,2019,NA,NA,NA,"Maya & Eva",NA,NA,NA,NA,NA,NA,"ylw",NA,NA,NA,NA,NA,NA,NA,NA
2019-08-07,"WL3","3","2","X",NA,NA,NA,NA,NA,NA,NA,NA,NA,NA,"copied x12",2019,NA,NA,NA,"Maya & Eva",NA,NA,NA,NA,NA,NA,"red",NA,NA,NA,NA,NA,NA,NA,NA
2019-08-07,"WL3","3","2","X",NA,NA,NA,NA,NA,NA,NA,NA,NA,NA,NA,2019,NA,NA,NA,"Maya & Eva",NA,NA,NA,NA,NA,NA,"red",NA,NA,NA,NA,NA,NA,NA,NA
2019-08-07,"WL3","3","2","X",NA,NA,NA,NA,NA,NA,NA,NA,NA,NA,NA,2019,NA,NA,NA,"Maya & Eva",NA,NA,NA,NA,NA,NA,"red",NA,NA,NA,NA,NA,NA,NA,NA
2019-08-07,"WL3","3","2","X",NA,NA,NA,NA,NA,NA,NA,NA,NA,NA,NA,2019,NA,NA,NA,"Maya & Eva",NA,NA,NA,NA,NA,NA,"red",NA,NA,NA,NA,NA,NA,NA,NA
2019-08-07,"WL3","3","2","X",NA,NA,NA,NA,NA,NA,NA,NA,NA,NA,NA,2019,NA,NA,NA,"Maya & Eva",NA,NA,NA,NA,NA,NA,"red",NA,NA,NA,NA,NA,NA,NA,NA
2019-08-07,"WL3","3","2","X",NA,NA,NA,NA,NA,NA,NA,NA,NA,NA,NA,2019,NA,NA,NA,"Maya & Eva",NA,NA,NA,NA,NA,NA,"red",NA,NA,NA,NA,NA,NA,NA,NA
2019-08-07,"WL3","3","2","X",NA,NA,NA,NA,NA,NA,NA,NA,NA,NA,NA,2019,NA,NA,NA,"Maya & Eva",NA,NA,NA,NA,NA,NA,"red",NA,NA,NA,NA,NA,NA,NA,NA
2019-08-07,"WL3","3","2","X",NA,NA,NA,NA,NA,NA,NA,NA,NA,NA,NA,2019,NA,NA,NA,"Maya & Eva",NA,NA,NA,NA,NA,NA,"red",NA,NA,NA,NA,NA,NA,NA,NA
2019-08-07,"WL3","3","2","X",NA,NA,NA,NA,NA,NA,NA,NA,NA,NA,NA,2019,NA,NA,NA,"Maya & Eva",NA,NA,NA,NA,NA,NA,"red",NA,NA,NA,NA,NA,NA,NA,NA
2019-08-07,"WL3","3","2","X",NA,NA,NA,NA,NA,NA,NA,NA,NA,NA,NA,2019,NA,NA,NA,"Maya & Eva",NA,NA,NA,NA,NA,NA,"red",NA,NA,NA,NA,NA,NA,NA,NA
2019-08-07,"WL3","3","2","X",NA,NA,NA,NA,NA,NA,NA,NA,NA,NA,NA,2019,NA,NA,NA,"Maya & Eva",NA,NA,NA,NA,NA,NA,"red",NA,NA,NA,NA,NA,NA,NA,NA
2019-08-07,"WL3","3","2","X",NA,NA,NA,NA,NA,NA,NA,NA,NA,NA,NA,2019,NA,NA,NA,"Maya & Eva",NA,NA,NA,NA,NA,NA,"red",NA,NA,NA,NA,NA,NA,NA,NA
2019-08-07,"WL3","3","2","V",NA,NA,"<1","0.6",1,"0.1",NA,NA,NA,NA,NA,2019,NA,NA,NA,"Maya & Eva",NA,NA,NA,NA,NA,NA,"red",NA,NA,NA,NA,"N",NA,NA,0.5
2019-08-07,"WL3","3","2","V",NA,NA,"<1","1.1",1,"0.1",NA,NA,NA,NA,NA,2019,NA,NA,NA,"Maya & Eva",NA,NA,NA,NA,NA,NA,"red",NA,NA,NA,NA,"N",NA,NA,0.5
2019-08-07,"WL3","3","2","V",NA,NA,"<1","1.0",1,"0.2",NA,NA,NA,NA,NA,2019,NA,NA,NA,"Maya & Eva",NA,NA,NA,NA,NA,NA,"red",NA,NA,NA,NA,"N",NA,NA,0.5
2019-08-07,"WL3","3","2","V",NA,NA,"<1","2.0",1,"0.3",NA,NA,NA,NA,NA,2019,NA,NA,NA,"Maya & Eva",NA,NA,NA,NA,NA,NA,"red",NA,NA,NA,NA,"N",NA,NA,0.5
2019-08-07,"WL3","3","2","V",NA,NA,"<1","0.5",1,"0.1",NA,NA,NA,NA,NA,2019,NA,NA,NA,"Maya & Eva",NA,NA,NA,NA,NA,NA,"red",NA,NA,NA,NA,"N",NA,NA,0.5
2019-08-07,"WL3","3","2","V",NA,NA,"<1","1.0",1,"0.2",NA,NA,NA,NA,NA,2019,NA,NA,NA,"Maya & Eva",NA,NA,NA,NA,NA,NA,"red",NA,NA,NA,NA,"N",NA,NA,0.5
2019-08-07,"WL3","3","3","X",NA,NA,NA,NA,NA,NA,NA,NA,NA,NA,NA,2019,NA,NA,NA,"Maya & Eva",NA,NA,NA,NA,NA,NA,"red",NA,NA,NA,NA,NA,NA,NA,NA
2019-08-07,"WL3","3","3.5",NA,NA,NA,NA,NA,NA,NA,NA,NA,NA,NA,"found additional dead blue bird band",2019,NA,NA,NA,"Maya & Eva",NA,NA,NA,NA,NA,NA,NA,NA,NA,NA,NA,NA,NA,NA,NA
2019-08-07,"WL3","3","4","X",NA,NA,NA,NA,NA,NA,NA,NA,NA,NA,"copied x12",2019,NA,NA,NA,"Maya & Eva",NA,NA,NA,NA,NA,NA,"red",NA,NA,NA,NA,NA,NA,NA,NA
2019-08-07,"WL3","3","4","X",NA,NA,NA,NA,NA,NA,NA,NA,NA,NA,NA,2019,NA,NA,NA,"Maya & Eva",NA,NA,NA,NA,NA,NA,"red",NA,NA,NA,NA,NA,NA,NA,NA
2019-08-07,"WL3","3","4","X",NA,NA,NA,NA,NA,NA,NA,NA,NA,NA,NA,2019,NA,NA,NA,"Maya & Eva",NA,NA,NA,NA,NA,NA,"red",NA,NA,NA,NA,NA,NA,NA,NA
2019-08-07,"WL3","3","4","X",NA,NA,NA,NA,NA,NA,NA,NA,NA,NA,NA,2019,NA,NA,NA,"Maya & Eva",NA,NA,NA,NA,NA,NA,"red",NA,NA,NA,NA,NA,NA,NA,NA
2019-08-07,"WL3","3","4","X",NA,NA,NA,NA,NA,NA,NA,NA,NA,NA,NA,2019,NA,NA,NA,"Maya & Eva",NA,NA,NA,NA,NA,NA,"red",NA,NA,NA,NA,NA,NA,NA,NA
2019-08-07,"WL3","3","4","X",NA,NA,NA,NA,NA,NA,NA,NA,NA,NA,NA,2019,NA,NA,NA,"Maya & Eva",NA,NA,NA,NA,NA,NA,"red",NA,NA,NA,NA,NA,NA,NA,NA
2019-08-07,"WL3","3","4","X",NA,NA,NA,NA,NA,NA,NA,NA,NA,NA,NA,2019,NA,NA,NA,"Maya & Eva",NA,NA,NA,NA,NA,NA,"red",NA,NA,NA,NA,NA,NA,NA,NA
2019-08-07,"WL3","3","4","X",NA,NA,NA,NA,NA,NA,NA,NA,NA,NA,NA,2019,NA,NA,NA,"Maya & Eva",NA,NA,NA,NA,NA,NA,"red",NA,NA,NA,NA,NA,NA,NA,NA
2019-08-07,"WL3","3","4","X",NA,NA,NA,NA,NA,NA,NA,NA,NA,NA,NA,2019,NA,NA,NA,"Maya & Eva",NA,NA,NA,NA,NA,NA,"red",NA,NA,NA,NA,NA,NA,NA,NA
2019-08-07,"WL3","3","4","X",NA,NA,NA,NA,NA,NA,NA,NA,NA,NA,NA,2019,NA,NA,NA,"Maya & Eva",NA,NA,NA,NA,NA,NA,"red",NA,NA,NA,NA,NA,NA,NA,NA
2019-08-07,"WL3","3","4","X",NA,NA,NA,NA,NA,NA,NA,NA,NA,NA,NA,2019,NA,NA,NA,"Maya & Eva",NA,NA,NA,NA,NA,NA,"red",NA,NA,NA,NA,NA,NA,NA,NA
2019-08-07,"WL3","3","4","X",NA,NA,NA,NA,NA,NA,NA,NA,NA,NA,NA,2019,NA,NA,NA,"Maya & Eva",NA,NA,NA,NA,NA,NA,"red",NA,NA,NA,NA,NA,NA,NA,NA
2019-08-07,"WL3","3","4","V",NA,NA,"<1","0.8",1,"0.2",NA,NA,NA,NA,NA,2019,NA,NA,NA,"Maya & Eva",NA,NA,NA,NA,NA,NA,"red",NA,NA,NA,NA,"N",NA,NA,0.5
2019-08-07,"WL3","3","5","X",NA,NA,NA,NA,NA,NA,NA,NA,NA,NA,"copied x4",2019,NA,NA,NA,"Maya & Eva",NA,NA,NA,NA,NA,NA,"red",NA,NA,NA,NA,NA,NA,NA,NA
2019-08-07,"WL3","3","5","X",NA,NA,NA,NA,NA,NA,NA,NA,NA,NA,NA,2019,NA,NA,NA,"Maya & Eva",NA,NA,NA,NA,NA,NA,"red",NA,NA,NA,NA,NA,NA,NA,NA
2019-08-07,"WL3","3","5","X",NA,NA,NA,NA,NA,NA,NA,NA,NA,NA,NA,2019,NA,NA,NA,"Maya & Eva",NA,NA,NA,NA,NA,NA,"red",NA,NA,NA,NA,NA,NA,NA,NA
2019-08-07,"WL3","3","5","X",NA,NA,NA,NA,NA,NA,NA,NA,NA,NA,NA,2019,NA,NA,NA,"Maya & Eva",NA,NA,NA,NA,NA,NA,"red",NA,NA,NA,NA,NA,NA,NA,NA
2019-08-07,"WL3","3","5","V",NA,NA,"<1","1.2",1,"0.4",NA,NA,NA,NA,NA,2019,NA,NA,NA,"Maya & Eva",NA,NA,NA,NA,NA,NA,"red",NA,NA,NA,NA,"N",NA,NA,0.5
2019-08-07,"WL3","3","6",NA,NA,NA,NA,NA,NA,NA,NA,NA,NA,NA,"found grn bird band",2019,NA,NA,NA,"Maya & Eva",NA,NA,NA,NA,NA,NA,NA,NA,NA,NA,NA,NA,NA,NA,NA
2019-08-07,"WL3","3","6","X",NA,NA,NA,NA,NA,NA,NA,NA,NA,NA,"copied x13",2019,NA,NA,NA,"Maya & Eva",NA,NA,NA,NA,NA,NA,"red",NA,NA,NA,NA,NA,NA,NA,NA
2019-08-07,"WL3","3","6","X",NA,NA,NA,NA,NA,NA,NA,NA,NA,NA,NA,2019,NA,NA,NA,"Maya & Eva",NA,NA,NA,NA,NA,NA,"red",NA,NA,NA,NA,NA,NA,NA,NA
2019-08-07,"WL3","3","6","X",NA,NA,NA,NA,NA,NA,NA,NA,NA,NA,NA,2019,NA,NA,NA,"Maya & Eva",NA,NA,NA,NA,NA,NA,"red",NA,NA,NA,NA,NA,NA,NA,NA
2019-08-07,"WL3","3","6","X",NA,NA,NA,NA,NA,NA,NA,NA,NA,NA,NA,2019,NA,NA,NA,"Maya & Eva",NA,NA,NA,NA,NA,NA,"red",NA,NA,NA,NA,NA,NA,NA,NA
2019-08-07,"WL3","3","6","X",NA,NA,NA,NA,NA,NA,NA,NA,NA,NA,NA,2019,NA,NA,NA,"Maya & Eva",NA,NA,NA,NA,NA,NA,"red",NA,NA,NA,NA,NA,NA,NA,NA
2019-08-07,"WL3","3","6","X",NA,NA,NA,NA,NA,NA,NA,NA,NA,NA,NA,2019,NA,NA,NA,"Maya & Eva",NA,NA,NA,NA,NA,NA,"red",NA,NA,NA,NA,NA,NA,NA,NA
2019-08-07,"WL3","3","6","X",NA,NA,NA,NA,NA,NA,NA,NA,NA,NA,NA,2019,NA,NA,NA,"Maya & Eva",NA,NA,NA,NA,NA,NA,"red",NA,NA,NA,NA,NA,NA,NA,NA
2019-08-07,"WL3","3","6","X",NA,NA,NA,NA,NA,NA,NA,NA,NA,NA,NA,2019,NA,NA,NA,"Maya & Eva",NA,NA,NA,NA,NA,NA,"red",NA,NA,NA,NA,NA,NA,NA,NA
2019-08-07,"WL3","3","6","X",NA,NA,NA,NA,NA,NA,NA,NA,NA,NA,NA,2019,NA,NA,NA,"Maya & Eva",NA,NA,NA,NA,NA,NA,"red",NA,NA,NA,NA,NA,NA,NA,NA
2019-08-07,"WL3","3","6","X",NA,NA,NA,NA,NA,NA,NA,NA,NA,NA,NA,2019,NA,NA,NA,"Maya & Eva",NA,NA,NA,NA,NA,NA,"red",NA,NA,NA,NA,NA,NA,NA,NA
2019-08-07,"WL3","3","6","X",NA,NA,NA,NA,NA,NA,NA,NA,NA,NA,NA,2019,NA,NA,NA,"Maya & Eva",NA,NA,NA,NA,NA,NA,"red",NA,NA,NA,NA,NA,NA,NA,NA
2019-08-07,"WL3","3","6","X",NA,NA,NA,NA,NA,NA,NA,NA,NA,NA,NA,2019,NA,NA,NA,"Maya & Eva",NA,NA,NA,NA,NA,NA,"red",NA,NA,NA,NA,NA,NA,NA,NA
2019-08-07,"WL3","3","6","X",NA,NA,NA,NA,NA,NA,NA,NA,NA,NA,NA,2019,NA,NA,NA,"Maya & Eva",NA,NA,NA,NA,NA,NA,"red",NA,NA,NA,NA,NA,NA,NA,NA
2019-08-07,"WL3","3","6","V",NA,NA,"<1","1.6",1,"0.3",NA,NA,NA,NA,NA,2019,NA,NA,NA,"Maya & Eva",NA,NA,NA,NA,NA,NA,"red",NA,NA,NA,NA,"N",NA,NA,0.5
2019-08-07,"WL3","3","6","V",NA,NA,"<1","1.0",1,"0.4",NA,NA,NA,NA,NA,2019,NA,NA,NA,"Maya & Eva",NA,NA,NA,NA,NA,NA,"red",NA,NA,NA,NA,"N",NA,NA,0.5
2019-08-07,"WL3","3","7","X",NA,NA,NA,NA,NA,NA,NA,NA,NA,NA,"copied x5",2019,NA,NA,NA,"Maya & Eva",NA,NA,NA,NA,NA,NA,"red",NA,NA,NA,NA,NA,NA,NA,NA
2019-08-07,"WL3","3","7","X",NA,NA,NA,NA,NA,NA,NA,NA,NA,NA,NA,2019,NA,NA,NA,"Maya & Eva",NA,NA,NA,NA,NA,NA,"red",NA,NA,NA,NA,NA,NA,NA,NA
2019-08-07,"WL3","3","7","X",NA,NA,NA,NA,NA,NA,NA,NA,NA,NA,NA,2019,NA,NA,NA,"Maya & Eva",NA,NA,NA,NA,NA,NA,"red",NA,NA,NA,NA,NA,NA,NA,NA
2019-08-07,"WL3","3","7","X",NA,NA,NA,NA,NA,NA,NA,NA,NA,NA,NA,2019,NA,NA,NA,"Maya & Eva",NA,NA,NA,NA,NA,NA,"red",NA,NA,NA,NA,NA,NA,NA,NA
2019-08-07,"WL3","3","7","X",NA,NA,NA,NA,NA,NA,NA,NA,NA,NA,NA,2019,NA,NA,NA,"Maya & Eva",NA,NA,NA,NA,NA,NA,"red",NA,NA,NA,NA,NA,NA,NA,NA
2019-08-07,"WL3","3","8","X",NA,NA,NA,NA,NA,NA,NA,NA,NA,NA,NA,2019,NA,NA,NA,"Maya & Eva",NA,NA,NA,NA,NA,NA,"ylw",NA,NA,NA,NA,NA,NA,NA,NA
2019-08-07,"WL3","4","0.5",NA,NA,NA,NA,NA,NA,NA,NA,NA,NA,NA,"no plants",2019,NA,NA,NA,"Maya & Eva",NA,NA,NA,NA,NA,NA,NA,NA,NA,NA,NA,NA,NA,NA,NA
2019-08-07,"WL3","4","1.5",NA,NA,NA,NA,NA,NA,NA,NA,NA,NA,NA,"no plants",2019,NA,NA,NA,"Maya & Eva",NA,NA,NA,NA,NA,NA,NA,NA,NA,NA,NA,NA,NA,NA,NA
2019-08-07,"WL3","4","2.5","V",NA,NA,"<1","1.3",1,"0.2",NA,NA,NA,NA,NA,2019,NA,NA,NA,"Maya & Eva",NA,NA,NA,NA,NA,NA,"ylw",NA,NA,NA,NA,"N",NA,NA,0.5
2019-08-07,"WL3","4","3.5","X",NA,NA,NA,NA,NA,NA,NA,NA,NA,NA,"copied x2",2019,NA,NA,NA,"Maya & Eva",NA,NA,NA,NA,NA,NA,"red",NA,NA,NA,NA,NA,NA,NA,NA
2019-08-07,"WL3","4","3.5","X",NA,NA,NA,NA,NA,NA,NA,NA,NA,NA,NA,2019,NA,NA,NA,"Maya & Eva",NA,NA,NA,NA,NA,NA,"red",NA,NA,NA,NA,NA,NA,NA,NA
2019-08-07,"WL3","4","3.5","V",NA,NA,"<1","1.5",1,"0.6",NA,NA,NA,NA,NA,2019,NA,NA,NA,"Maya & Eva",NA,NA,NA,NA,NA,NA,"red",NA,NA,NA,NA,"N",NA,NA,0.5
2019-08-07,"WL3","4","4.5","V",NA,NA,"<1","0.9",1,"0.3",NA,NA,NA,NA,NA,2019,NA,NA,NA,"Maya & Eva",NA,NA,NA,NA,NA,NA,"red",NA,NA,NA,NA,"N",NA,NA,0.5
2019-08-07,"WL3","4","5.5","X",NA,NA,NA,NA,NA,NA,NA,NA,NA,NA,NA,2019,NA,NA,NA,"Maya & Eva",NA,NA,NA,NA,NA,NA,"red",NA,NA,NA,NA,NA,NA,NA,NA
2019-08-07,"WL3","4","5.5","V",NA,NA,"<1","1.6",1,"0.6",NA,NA,NA,NA,NA,2019,NA,NA,NA,"Maya & Eva",NA,NA,NA,NA,NA,NA,"red",NA,NA,NA,NA,"N",NA,NA,0.5
2019-08-07,"WL3","4","5.5","V",NA,NA,"<1","2.2",1,"0.4",NA,NA,NA,NA,NA,2019,NA,NA,NA,"Maya & Eva",NA,NA,NA,NA,NA,NA,"red",NA,NA,NA,NA,"N",NA,NA,0.5
2019-08-07,"WL3","4","6.5","X",NA,NA,NA,NA,NA,NA,NA,NA,NA,NA,NA,2019,NA,NA,NA,"Maya & Eva",NA,NA,NA,NA,NA,NA,"red",NA,NA,NA,NA,NA,NA,NA,NA
2019-08-07,"WL3","4","7.5","X",NA,NA,NA,NA,NA,NA,NA,NA,NA,NA,NA,2019,NA,NA,NA,"Maya & Eva",NA,NA,NA,NA,NA,NA,"red",NA,NA,NA,NA,NA,NA,NA,NA
2019-08-07,"WL3","4","8.5",NA,NA,NA,NA,NA,NA,NA,NA,NA,NA,NA,"No plants",2019,NA,NA,NA,"Maya & Eva",NA,NA,NA,NA,NA,NA,NA,NA,NA,NA,NA,NA,NA,NA,NA
2019-08-07,"WL3","4","9.5",NA,NA,NA,NA,NA,NA,NA,NA,NA,NA,NA,"No plants",2019,NA,NA,NA,"Maya & Eva",NA,NA,NA,NA,NA,NA,NA,NA,NA,NA,NA,NA,NA,NA,NA
2019-08-07,"WL3","2","0","X",NA,NA,NA,NA,NA,NA,NA,NA,NA,NA,"copied x17",2019,NA,NA,NA,"Maya & Eva",NA,NA,NA,NA,NA,NA,"red",NA,NA,NA,NA,NA,NA,NA,NA
2019-08-07,"WL3","2","0","X",NA,NA,NA,NA,NA,NA,NA,NA,NA,NA,NA,2019,NA,NA,NA,"Maya & Eva",NA,NA,NA,NA,NA,NA,"red",NA,NA,NA,NA,NA,NA,NA,NA
2019-08-07,"WL3","2","0","X",NA,NA,NA,NA,NA,NA,NA,NA,NA,NA,NA,2019,NA,NA,NA,"Maya & Eva",NA,NA,NA,NA,NA,NA,"red",NA,NA,NA,NA,NA,NA,NA,NA
2019-08-07,"WL3","2","0","X",NA,NA,NA,NA,NA,NA,NA,NA,NA,NA,NA,2019,NA,NA,NA,"Maya & Eva",NA,NA,NA,NA,NA,NA,"red",NA,NA,NA,NA,NA,NA,NA,NA
2019-08-07,"WL3","2","0","X",NA,NA,NA,NA,NA,NA,NA,NA,NA,NA,NA,2019,NA,NA,NA,"Maya & Eva",NA,NA,NA,NA,NA,NA,"red",NA,NA,NA,NA,NA,NA,NA,NA
2019-08-07,"WL3","2","0","X",NA,NA,NA,NA,NA,NA,NA,NA,NA,NA,NA,2019,NA,NA,NA,"Maya & Eva",NA,NA,NA,NA,NA,NA,"red",NA,NA,NA,NA,NA,NA,NA,NA
2019-08-07,"WL3","2","0","X",NA,NA,NA,NA,NA,NA,NA,NA,NA,NA,NA,2019,NA,NA,NA,"Maya & Eva",NA,NA,NA,NA,NA,NA,"red",NA,NA,NA,NA,NA,NA,NA,NA
2019-08-07,"WL3","2","0","X",NA,NA,NA,NA,NA,NA,NA,NA,NA,NA,NA,2019,NA,NA,NA,"Maya & Eva",NA,NA,NA,NA,NA,NA,"red",NA,NA,NA,NA,NA,NA,NA,NA
2019-08-07,"WL3","2","0","X",NA,NA,NA,NA,NA,NA,NA,NA,NA,NA,NA,2019,NA,NA,NA,"Maya & Eva",NA,NA,NA,NA,NA,NA,"red",NA,NA,NA,NA,NA,NA,NA,NA
2019-08-07,"WL3","2","0","X",NA,NA,NA,NA,NA,NA,NA,NA,NA,NA,NA,2019,NA,NA,NA,"Maya & Eva",NA,NA,NA,NA,NA,NA,"red",NA,NA,NA,NA,NA,NA,NA,NA
2019-08-07,"WL3","2","0","X",NA,NA,NA,NA,NA,NA,NA,NA,NA,NA,NA,2019,NA,NA,NA,"Maya & Eva",NA,NA,NA,NA,NA,NA,"red",NA,NA,NA,NA,NA,NA,NA,NA
2019-08-07,"WL3","2","0","X",NA,NA,NA,NA,NA,NA,NA,NA,NA,NA,NA,2019,NA,NA,NA,"Maya & Eva",NA,NA,NA,NA,NA,NA,"red",NA,NA,NA,NA,NA,NA,NA,NA
2019-08-07,"WL3","2","0","X",NA,NA,NA,NA,NA,NA,NA,NA,NA,NA,NA,2019,NA,NA,NA,"Maya & Eva",NA,NA,NA,NA,NA,NA,"red",NA,NA,NA,NA,NA,NA,NA,NA
2019-08-07,"WL3","2","0","X",NA,NA,NA,NA,NA,NA,NA,NA,NA,NA,NA,2019,NA,NA,NA,"Maya & Eva",NA,NA,NA,NA,NA,NA,"red",NA,NA,NA,NA,NA,NA,NA,NA
2019-08-07,"WL3","2","0","X",NA,NA,NA,NA,NA,NA,NA,NA,NA,NA,NA,2019,NA,NA,NA,"Maya & Eva",NA,NA,NA,NA,NA,NA,"red",NA,NA,NA,NA,NA,NA,NA,NA
2019-08-07,"WL3","2","0","X",NA,NA,NA,NA,NA,NA,NA,NA,NA,NA,NA,2019,NA,NA,NA,"Maya & Eva",NA,NA,NA,NA,NA,NA,"red",NA,NA,NA,NA,NA,NA,NA,NA
2019-08-07,"WL3","2","0","X",NA,NA,NA,NA,NA,NA,NA,NA,NA,NA,NA,2019,NA,NA,NA,"Maya & Eva",NA,NA,NA,NA,NA,NA,"red",NA,NA,NA,NA,NA,NA,NA,NA
2019-08-07,"WL3","2","0","V",NA,NA,"4.0","1.3",1,"0.2",NA,NA,NA,NA,NA,2019,NA,NA,NA,"Maya & Eva",NA,NA,NA,NA,NA,NA,"red",NA,NA,NA,NA,"N",NA,NA,4
2019-08-07,"WL3","2","0.5","X",NA,NA,NA,NA,NA,NA,NA,NA,NA,NA,"copied x18",2019,NA,NA,NA,"Maya & Eva",NA,NA,NA,NA,NA,NA,"red",NA,NA,NA,NA,NA,NA,NA,NA
2019-08-07,"WL3","2","0.5","X",NA,NA,NA,NA,NA,NA,NA,NA,NA,NA,NA,2019,NA,NA,NA,"Maya & Eva",NA,NA,NA,NA,NA,NA,"red",NA,NA,NA,NA,NA,NA,NA,NA
2019-08-07,"WL3","2","0.5","X",NA,NA,NA,NA,NA,NA,NA,NA,NA,NA,NA,2019,NA,NA,NA,"Maya & Eva",NA,NA,NA,NA,NA,NA,"red",NA,NA,NA,NA,NA,NA,NA,NA
2019-08-07,"WL3","2","0.5","X",NA,NA,NA,NA,NA,NA,NA,NA,NA,NA,NA,2019,NA,NA,NA,"Maya & Eva",NA,NA,NA,NA,NA,NA,"red",NA,NA,NA,NA,NA,NA,NA,NA
2019-08-07,"WL3","2","0.5","X",NA,NA,NA,NA,NA,NA,NA,NA,NA,NA,NA,2019,NA,NA,NA,"Maya & Eva",NA,NA,NA,NA,NA,NA,"red",NA,NA,NA,NA,NA,NA,NA,NA
2019-08-07,"WL3","2","0.5","X",NA,NA,NA,NA,NA,NA,NA,NA,NA,NA,NA,2019,NA,NA,NA,"Maya & Eva",NA,NA,NA,NA,NA,NA,"red",NA,NA,NA,NA,NA,NA,NA,NA
2019-08-07,"WL3","2","0.5","X",NA,NA,NA,NA,NA,NA,NA,NA,NA,NA,NA,2019,NA,NA,NA,"Maya & Eva",NA,NA,NA,NA,NA,NA,"red",NA,NA,NA,NA,NA,NA,NA,NA
2019-08-07,"WL3","2","0.5","X",NA,NA,NA,NA,NA,NA,NA,NA,NA,NA,NA,2019,NA,NA,NA,"Maya & Eva",NA,NA,NA,NA,NA,NA,"red",NA,NA,NA,NA,NA,NA,NA,NA
2019-08-07,"WL3","2","0.5","X",NA,NA,NA,NA,NA,NA,NA,NA,NA,NA,NA,2019,NA,NA,NA,"Maya & Eva",NA,NA,NA,NA,NA,NA,"red",NA,NA,NA,NA,NA,NA,NA,NA
2019-08-07,"WL3","2","0.5","X",NA,NA,NA,NA,NA,NA,NA,NA,NA,NA,NA,2019,NA,NA,NA,"Maya & Eva",NA,NA,NA,NA,NA,NA,"red",NA,NA,NA,NA,NA,NA,NA,NA
2019-08-07,"WL3","2","0.5","X",NA,NA,NA,NA,NA,NA,NA,NA,NA,NA,NA,2019,NA,NA,NA,"Maya & Eva",NA,NA,NA,NA,NA,NA,"red",NA,NA,NA,NA,NA,NA,NA,NA
2019-08-07,"WL3","2","0.5","X",NA,NA,NA,NA,NA,NA,NA,NA,NA,NA,NA,2019,NA,NA,NA,"Maya & Eva",NA,NA,NA,NA,NA,NA,"red",NA,NA,NA,NA,NA,NA,NA,NA
2019-08-07,"WL3","2","0.5","X",NA,NA,NA,NA,NA,NA,NA,NA,NA,NA,NA,2019,NA,NA,NA,"Maya & Eva",NA,NA,NA,NA,NA,NA,"red",NA,NA,NA,NA,NA,NA,NA,NA
2019-08-07,"WL3","2","0.5","X",NA,NA,NA,NA,NA,NA,NA,NA,NA,NA,NA,2019,NA,NA,NA,"Maya & Eva",NA,NA,NA,NA,NA,NA,"red",NA,NA,NA,NA,NA,NA,NA,NA
2019-08-07,"WL3","2","0.5","X",NA,NA,NA,NA,NA,NA,NA,NA,NA,NA,NA,2019,NA,NA,NA,"Maya & Eva",NA,NA,NA,NA,NA,NA,"red",NA,NA,NA,NA,NA,NA,NA,NA
2019-08-07,"WL3","2","0.5","X",NA,NA,NA,NA,NA,NA,NA,NA,NA,NA,NA,2019,NA,NA,NA,"Maya & Eva",NA,NA,NA,NA,NA,NA,"red",NA,NA,NA,NA,NA,NA,NA,NA
2019-08-07,"WL3","2","0.5","X",NA,NA,NA,NA,NA,NA,NA,NA,NA,NA,NA,2019,NA,NA,NA,"Maya & Eva",NA,NA,NA,NA,NA,NA,"red",NA,NA,NA,NA,NA,NA,NA,NA
2019-08-07,"WL3","2","0.5","X",NA,NA,NA,NA,NA,NA,NA,NA,NA,NA,NA,2019,NA,NA,NA,"Maya & Eva",NA,NA,NA,NA,NA,NA,"red",NA,NA,NA,NA,NA,NA,NA,NA
2019-08-07,"WL3","2","1","X",NA,NA,NA,NA,NA,NA,NA,NA,NA,NA,"copied x5",2019,NA,NA,NA,"Maya & Eva",NA,NA,NA,NA,NA,NA,"red",NA,NA,NA,NA,NA,NA,NA,NA
2019-08-07,"WL3","2","1","X",NA,NA,NA,NA,NA,NA,NA,NA,NA,NA,NA,2019,NA,NA,NA,"Maya & Eva",NA,NA,NA,NA,NA,NA,"red",NA,NA,NA,NA,NA,NA,NA,NA
2019-08-07,"WL3","2","1","X",NA,NA,NA,NA,NA,NA,NA,NA,NA,NA,NA,2019,NA,NA,NA,"Maya & Eva",NA,NA,NA,NA,NA,NA,"red",NA,NA,NA,NA,NA,NA,NA,NA
2019-08-07,"WL3","2","1","X",NA,NA,NA,NA,NA,NA,NA,NA,NA,NA,NA,2019,NA,NA,NA,"Maya & Eva",NA,NA,NA,NA,NA,NA,"red",NA,NA,NA,NA,NA,NA,NA,NA
2019-08-07,"WL3","2","1","X",NA,NA,NA,NA,NA,NA,NA,NA,NA,NA,NA,2019,NA,NA,NA,"Maya & Eva",NA,NA,NA,NA,NA,NA,"red",NA,NA,NA,NA,NA,NA,NA,NA
2019-08-07,"WL3","2","1.5","X",NA,NA,NA,NA,NA,NA,NA,NA,NA,NA,"copied x7",2019,NA,NA,NA,"Maya & Eva",NA,NA,NA,NA,NA,NA,"red",NA,NA,NA,NA,NA,NA,NA,NA
2019-08-07,"WL3","2","1.5","X",NA,NA,NA,NA,NA,NA,NA,NA,NA,NA,NA,2019,NA,NA,NA,"Maya & Eva",NA,NA,NA,NA,NA,NA,"red",NA,NA,NA,NA,NA,NA,NA,NA
2019-08-07,"WL3","2","1.5","X",NA,NA,NA,NA,NA,NA,NA,NA,NA,NA,NA,2019,NA,NA,NA,"Maya & Eva",NA,NA,NA,NA,NA,NA,"red",NA,NA,NA,NA,NA,NA,NA,NA
2019-08-07,"WL3","2","1.5","X",NA,NA,NA,NA,NA,NA,NA,NA,NA,NA,NA,2019,NA,NA,NA,"Maya & Eva",NA,NA,NA,NA,NA,NA,"red",NA,NA,NA,NA,NA,NA,NA,NA
2019-08-07,"WL3","2","1.5","X",NA,NA,NA,NA,NA,NA,NA,NA,NA,NA,NA,2019,NA,NA,NA,"Maya & Eva",NA,NA,NA,NA,NA,NA,"red",NA,NA,NA,NA,NA,NA,NA,NA
2019-08-07,"WL3","2","1.5","X",NA,NA,NA,NA,NA,NA,NA,NA,NA,NA,NA,2019,NA,NA,NA,"Maya & Eva",NA,NA,NA,NA,NA,NA,"red",NA,NA,NA,NA,NA,NA,NA,NA
2019-08-07,"WL3","2","1.5","X",NA,NA,NA,NA,NA,NA,NA,NA,NA,NA,NA,2019,NA,NA,NA,"Maya & Eva",NA,NA,NA,NA,NA,NA,"red",NA,NA,NA,NA,NA,NA,NA,NA
2019-08-07,"WL3","2","1.5","X",NA,NA,NA,NA,NA,NA,NA,NA,NA,NA,"copied x6",2019,NA,NA,NA,"Maya & Eva",NA,NA,NA,NA,NA,NA,"ylw",NA,NA,NA,NA,NA,NA,NA,NA
2019-08-07,"WL3","2","1.5","X",NA,NA,NA,NA,NA,NA,NA,NA,NA,NA,NA,2019,NA,NA,NA,"Maya & Eva",NA,NA,NA,NA,NA,NA,"ylw",NA,NA,NA,NA,NA,NA,NA,NA
2019-08-07,"WL3","2","1.5","X",NA,NA,NA,NA,NA,NA,NA,NA,NA,NA,NA,2019,NA,NA,NA,"Maya & Eva",NA,NA,NA,NA,NA,NA,"ylw",NA,NA,NA,NA,NA,NA,NA,NA
2019-08-07,"WL3","2","1.5","X",NA,NA,NA,NA,NA,NA,NA,NA,NA,NA,NA,2019,NA,NA,NA,"Maya & Eva",NA,NA,NA,NA,NA,NA,"ylw",NA,NA,NA,NA,NA,NA,NA,NA
2019-08-07,"WL3","2","1.5","X",NA,NA,NA,NA,NA,NA,NA,NA,NA,NA,NA,2019,NA,NA,NA,"Maya & Eva",NA,NA,NA,NA,NA,NA,"ylw",NA,NA,NA,NA,NA,NA,NA,NA
2019-08-07,"WL3","2","1.5","X",NA,NA,NA,NA,NA,NA,NA,NA,NA,NA,NA,2019,NA,NA,NA,"Maya & Eva",NA,NA,NA,NA,NA,NA,"ylw",NA,NA,NA,NA,NA,NA,NA,NA
2019-08-07,"WL3","2","1.5","V",NA,NA,"<1","0.7",1,"0.3",NA,NA,NA,NA,NA,2019,NA,NA,NA,"Maya & Eva",NA,NA,NA,NA,NA,NA,"ylw",NA,NA,NA,NA,"N",NA,NA,0.5
2019-08-07,"WL3","2","1.5","V",NA,NA,"<1","0.7",1,"0.3",NA,NA,NA,NA,NA,2019,NA,NA,NA,"Maya & Eva",NA,NA,NA,NA,NA,NA,"red",NA,NA,NA,NA,"N",NA,NA,0.5
2019-08-07,"WL3","2","1.5","V",NA,NA,"<1","1.7",1,"0.3",NA,NA,NA,NA,NA,2019,NA,NA,NA,"Maya & Eva",NA,NA,NA,NA,NA,NA,"red",NA,NA,NA,NA,"N",NA,NA,0.5
2019-08-07,"WL3","2","1.5","V",NA,NA,"<1","1.1",1,"0.2",NA,NA,NA,NA,NA,2019,NA,NA,NA,"Maya & Eva",NA,NA,NA,NA,NA,NA,"red",NA,NA,NA,NA,"N",NA,NA,0.5
2019-08-07,"WL3","2","1.5","V",NA,NA,"<1","1.0",1,"0.2",NA,NA,NA,NA,NA,2019,NA,NA,NA,"Maya & Eva",NA,NA,NA,NA,NA,NA,"red",NA,NA,NA,NA,"N",NA,NA,0.5
2019-08-07,"WL3","2","1.5","V",NA,NA,"<1","1.5",1,"0.4",NA,NA,NA,NA,NA,2019,NA,NA,NA,"Maya & Eva",NA,NA,NA,NA,NA,NA,"red",NA,NA,NA,NA,"N",NA,NA,0.5
2019-08-07,"WL3","2","1.5","V",NA,NA,"<1","1.0",1,"0.2",NA,NA,NA,NA,NA,2019,NA,NA,NA,"Maya & Eva",NA,NA,NA,NA,NA,NA,"red",NA,NA,NA,NA,"N",NA,NA,0.5
2019-08-07,"WL3","2","2",NA,NA,NA,NA,NA,NA,NA,NA,NA,NA,NA,"found red bird band, dead in this quadrat",2019,NA,NA,NA,"Maya & Eva",NA,NA,NA,NA,NA,NA,NA,NA,NA,NA,NA,NA,NA,NA,NA
2019-08-07,"WL3","2","2","X",NA,NA,NA,NA,NA,NA,NA,NA,NA,NA,"copied x11",2019,NA,NA,NA,"Maya & Eva",NA,NA,NA,NA,NA,NA,"red",NA,NA,NA,NA,NA,NA,NA,NA
2019-08-07,"WL3","2","2","X",NA,NA,NA,NA,NA,NA,NA,NA,NA,NA,NA,2019,NA,NA,NA,"Maya & Eva",NA,NA,NA,NA,NA,NA,"red",NA,NA,NA,NA,NA,NA,NA,NA
2019-08-07,"WL3","2","2","X",NA,NA,NA,NA,NA,NA,NA,NA,NA,NA,NA,2019,NA,NA,NA,"Maya & Eva",NA,NA,NA,NA,NA,NA,"red",NA,NA,NA,NA,NA,NA,NA,NA
2019-08-07,"WL3","2","2","X",NA,NA,NA,NA,NA,NA,NA,NA,NA,NA,NA,2019,NA,NA,NA,"Maya & Eva",NA,NA,NA,NA,NA,NA,"red",NA,NA,NA,NA,NA,NA,NA,NA
2019-08-07,"WL3","2","2","X",NA,NA,NA,NA,NA,NA,NA,NA,NA,NA,NA,2019,NA,NA,NA,"Maya & Eva",NA,NA,NA,NA,NA,NA,"red",NA,NA,NA,NA,NA,NA,NA,NA
2019-08-07,"WL3","2","2","X",NA,NA,NA,NA,NA,NA,NA,NA,NA,NA,NA,2019,NA,NA,NA,"Maya & Eva",NA,NA,NA,NA,NA,NA,"red",NA,NA,NA,NA,NA,NA,NA,NA
2019-08-07,"WL3","2","2","X",NA,NA,NA,NA,NA,NA,NA,NA,NA,NA,NA,2019,NA,NA,NA,"Maya & Eva",NA,NA,NA,NA,NA,NA,"red",NA,NA,NA,NA,NA,NA,NA,NA
2019-08-07,"WL3","2","2","X",NA,NA,NA,NA,NA,NA,NA,NA,NA,NA,NA,2019,NA,NA,NA,"Maya & Eva",NA,NA,NA,NA,NA,NA,"red",NA,NA,NA,NA,NA,NA,NA,NA
2019-08-07,"WL3","2","2","X",NA,NA,NA,NA,NA,NA,NA,NA,NA,NA,NA,2019,NA,NA,NA,"Maya & Eva",NA,NA,NA,NA,NA,NA,"red",NA,NA,NA,NA,NA,NA,NA,NA
2019-08-07,"WL3","2","2","X",NA,NA,NA,NA,NA,NA,NA,NA,NA,NA,NA,2019,NA,NA,NA,"Maya & Eva",NA,NA,NA,NA,NA,NA,"red",NA,NA,NA,NA,NA,NA,NA,NA
2019-08-07,"WL3","2","2","X",NA,NA,NA,NA,NA,NA,NA,NA,NA,NA,NA,2019,NA,NA,NA,"Maya & Eva",NA,NA,NA,NA,NA,NA,"red",NA,NA,NA,NA,NA,NA,NA,NA
2019-08-07,"WL3","2","2","V",NA,NA,"<1","0.9",1,"0.3",NA,NA,NA,NA,NA,2019,NA,NA,NA,"Maya & Eva",NA,NA,NA,NA,NA,NA,"red",NA,NA,NA,NA,"N",NA,NA,0.5
2019-08-07,"WL3","2","2","X",NA,NA,NA,NA,NA,NA,NA,NA,NA,NA,NA,2019,NA,NA,NA,"Maya & Eva",NA,NA,NA,NA,NA,NA,"ylw",NA,NA,NA,NA,NA,NA,NA,NA
2019-08-07,"WL3","2","2.5","X",NA,NA,NA,NA,NA,NA,NA,NA,NA,NA,"copied x18",2019,NA,NA,NA,"Maya & Eva",NA,NA,NA,NA,NA,NA,"red",NA,NA,NA,NA,NA,NA,NA,NA
2019-08-07,"WL3","2","2.5","X",NA,NA,NA,NA,NA,NA,NA,NA,NA,NA,NA,2019,NA,NA,NA,"Maya & Eva",NA,NA,NA,NA,NA,NA,"red",NA,NA,NA,NA,NA,NA,NA,NA
2019-08-07,"WL3","2","2.5","X",NA,NA,NA,NA,NA,NA,NA,NA,NA,NA,NA,2019,NA,NA,NA,"Maya & Eva",NA,NA,NA,NA,NA,NA,"red",NA,NA,NA,NA,NA,NA,NA,NA
2019-08-07,"WL3","2","2.5","X",NA,NA,NA,NA,NA,NA,NA,NA,NA,NA,NA,2019,NA,NA,NA,"Maya & Eva",NA,NA,NA,NA,NA,NA,"red",NA,NA,NA,NA,NA,NA,NA,NA
2019-08-07,"WL3","2","2.5","X",NA,NA,NA,NA,NA,NA,NA,NA,NA,NA,NA,2019,NA,NA,NA,"Maya & Eva",NA,NA,NA,NA,NA,NA,"red",NA,NA,NA,NA,NA,NA,NA,NA
2019-08-07,"WL3","2","2.5","X",NA,NA,NA,NA,NA,NA,NA,NA,NA,NA,NA,2019,NA,NA,NA,"Maya & Eva",NA,NA,NA,NA,NA,NA,"red",NA,NA,NA,NA,NA,NA,NA,NA
2019-08-07,"WL3","2","2.5","X",NA,NA,NA,NA,NA,NA,NA,NA,NA,NA,NA,2019,NA,NA,NA,"Maya & Eva",NA,NA,NA,NA,NA,NA,"red",NA,NA,NA,NA,NA,NA,NA,NA
2019-08-07,"WL3","2","2.5","X",NA,NA,NA,NA,NA,NA,NA,NA,NA,NA,NA,2019,NA,NA,NA,"Maya & Eva",NA,NA,NA,NA,NA,NA,"red",NA,NA,NA,NA,NA,NA,NA,NA
2019-08-07,"WL3","2","2.5","X",NA,NA,NA,NA,NA,NA,NA,NA,NA,NA,NA,2019,NA,NA,NA,"Maya & Eva",NA,NA,NA,NA,NA,NA,"red",NA,NA,NA,NA,NA,NA,NA,NA
2019-08-07,"WL3","2","2.5","X",NA,NA,NA,NA,NA,NA,NA,NA,NA,NA,NA,2019,NA,NA,NA,"Maya & Eva",NA,NA,NA,NA,NA,NA,"red",NA,NA,NA,NA,NA,NA,NA,NA
2019-08-07,"WL3","2","2.5","X",NA,NA,NA,NA,NA,NA,NA,NA,NA,NA,NA,2019,NA,NA,NA,"Maya & Eva",NA,NA,NA,NA,NA,NA,"red",NA,NA,NA,NA,NA,NA,NA,NA
2019-08-07,"WL3","2","2.5","X",NA,NA,NA,NA,NA,NA,NA,NA,NA,NA,NA,2019,NA,NA,NA,"Maya & Eva",NA,NA,NA,NA,NA,NA,"red",NA,NA,NA,NA,NA,NA,NA,NA
2019-08-07,"WL3","2","2.5","X",NA,NA,NA,NA,NA,NA,NA,NA,NA,NA,NA,2019,NA,NA,NA,"Maya & Eva",NA,NA,NA,NA,NA,NA,"red",NA,NA,NA,NA,NA,NA,NA,NA
2019-08-07,"WL3","2","2.5","X",NA,NA,NA,NA,NA,NA,NA,NA,NA,NA,NA,2019,NA,NA,NA,"Maya & Eva",NA,NA,NA,NA,NA,NA,"red",NA,NA,NA,NA,NA,NA,NA,NA
2019-08-07,"WL3","2","2.5","X",NA,NA,NA,NA,NA,NA,NA,NA,NA,NA,NA,2019,NA,NA,NA,"Maya & Eva",NA,NA,NA,NA,NA,NA,"red",NA,NA,NA,NA,NA,NA,NA,NA
2019-08-07,"WL3","2","2.5","X",NA,NA,NA,NA,NA,NA,NA,NA,NA,NA,NA,2019,NA,NA,NA,"Maya & Eva",NA,NA,NA,NA,NA,NA,"red",NA,NA,NA,NA,NA,NA,NA,NA
2019-08-07,"WL3","2","2.5","X",NA,NA,NA,NA,NA,NA,NA,NA,NA,NA,NA,2019,NA,NA,NA,"Maya & Eva",NA,NA,NA,NA,NA,NA,"red",NA,NA,NA,NA,NA,NA,NA,NA
2019-08-07,"WL3","2","2.5","X",NA,NA,NA,NA,NA,NA,NA,NA,NA,NA,NA,2019,NA,NA,NA,"Maya & Eva",NA,NA,NA,NA,NA,NA,"red",NA,NA,NA,NA,NA,NA,NA,NA
2020-07-27,"WL3","1","0",NA,NA,NA,NA,NA,NA,NA,NA,NA,NA,NA,NA,2020,NA,"SHS",2021-07-23,NA,NA,NA,NA,NA,NA,NA,NA,NA,NA,NA,NA,NA,NA,NA,NA
2020-07-27,"WL3","1","0.5","X",21,47,NA,NA,NA,NA,NA,NA,NA,NA,NA,2020,NA,"SHS",2021-07-23,NA,NA,NA,NA,NA,NA,49,NA,NA,NA,NA,NA,NA,NA,NA,NA
2020-07-27,"WL3","1","0.5","V",45,42,"1.14","4.5",2,"1.1",NA,NA,NA,NA,NA,2020,NA,"SHS",2021-07-23,NA,NA,NA,NA,NA,"red",53,NA,NA,NA,NA,NA,"Y",NA,NA,1.14
2020-07-27,"WL3","1","0.5","V",NA,NA,"<1","1.2",1,"0.5",NA,NA,NA,NA,NA,2020,NA,"SHS",2021-07-23,NA,NA,NA,NA,NA,NA,NA,NA,NA,NA,NA,NA,"N",NA,NA,0.5
2020-07-27,"WL3","1","0.5","V",NA,NA,"<1","1.0",1,"0.5",NA,NA,NA,NA,NA,2020,NA,"SHS",2021-07-23,NA,NA,NA,NA,NA,NA,NA,NA,NA,NA,NA,NA,"N",NA,NA,0.5
2020-07-27,"WL3","1","1","F",38,24,"1.75","11.1",2,NA,"0.0","0.0",NA,2,"chewed off at base",2020,NA,"SHS",2021-07-23,NA,NA,NA,NA,NA,"red",44,NA,NA,NA,NA,NA,NA,NA,NA,1.75
2020-07-27,"WL3","1","1","P",40,35,"1.57","9.9",2,NA,"1.0","12.0",3.3,2,NA,2020,NA,"SHS",2021-07-23,NA,NA,NA,NA,NA,"red",47,NA,NA,NA,NA,NA,"N",NA,NA,1.57
2020-07-27,"WL3","1","1","V",NA,NA,"<1","1.5",1,"0.5",NA,NA,NA,NA,NA,2020,NA,"SHS",2021-07-23,NA,NA,NA,NA,NA,NA,NA,NA,NA,NA,NA,NA,"Y",NA,NA,0.5
2020-07-27,"WL3","1","1","V",NA,NA,"<1","2.0",1,"0.4",NA,NA,NA,NA,NA,2020,NA,"SHS",2021-07-23,NA,NA,NA,NA,NA,NA,NA,NA,NA,NA,NA,NA,"Y",NA,NA,0.5
2020-07-27,"WL3","1","1","V",NA,NA,"<1","1.5",1,"0.3",NA,NA,NA,NA,NA,2020,NA,"SHS",2021-07-23,NA,NA,NA,NA,NA,NA,NA,NA,NA,NA,NA,NA,"N",NA,NA,0.5
2020-07-27,"WL3","1","1","V",NA,NA,"<1","2.0",1,"0.4",NA,NA,NA,NA,NA,2020,NA,"SHS",2021-07-23,NA,NA,NA,NA,NA,NA,NA,NA,NA,NA,NA,NA,"N",NA,NA,0.5
2020-07-27,"WL3","1","1","V",NA,NA,"<1","1.1",1,"0.5",NA,NA,NA,NA,NA,2020,NA,"SHS",2021-07-23,NA,NA,NA,NA,NA,NA,NA,NA,NA,NA,NA,NA,"N",NA,NA,0.5
2020-07-27,"WL3","1","1","V",NA,NA,"<1","2.2",1,"0.8",NA,NA,NA,NA,NA,2020,NA,"SHS",2021-07-23,NA,NA,NA,NA,NA,NA,NA,NA,NA,NA,NA,NA,NA,NA,NA,0.5
2020-07-27,"WL3","1","1","V",NA,NA,"<1","2.3",1,"0.8",NA,NA,NA,NA,NA,2020,NA,"SHS",2021-07-23,NA,NA,NA,NA,NA,NA,NA,NA,NA,NA,NA,NA,"Y",NA,NA,0.5
2020-07-27,"WL3","1","1","V",NA,NA,"<1","2.6",1,"0.6",NA,NA,NA,NA,NA,2020,NA,"SHS",2021-07-23,NA,NA,NA,NA,NA,NA,NA,NA,NA,NA,NA,NA,"N",NA,NA,0.5
2020-07-27,"WL3","1","1","V",NA,NA,"<1","1.3",1,"0.2",NA,NA,NA,NA,NA,2020,NA,"SHS",2021-07-23,NA,NA,NA,NA,NA,NA,NA,NA,NA,NA,NA,NA,"N",NA,NA,0.5
2020-07-27,"WL3","1","1","V",NA,NA,"<1","1.5",1,"0.5",NA,NA,NA,NA,NA,2020,NA,"SHS",2021-07-23,NA,NA,NA,NA,NA,NA,NA,NA,NA,NA,NA,NA,"N",NA,NA,0.5
2020-07-27,"WL3","1","1.5","V",NA,NA,"<1","2.2",1,"0.6",NA,NA,NA,NA,NA,2020,NA,"SHS",2021-07-23,NA,NA,NA,NA,NA,NA,NA,NA,NA,NA,NA,NA,"N",NA,NA,0.5
2020-07-27,"WL3","1","1.5","V",NA,NA,"<1","1.5",1,"0.4",NA,NA,NA,NA,NA,2020,NA,"SHS",2021-07-23,NA,NA,NA,NA,NA,NA,NA,NA,NA,NA,NA,NA,"N",NA,NA,0.5
2020-07-27,"WL3","1","1.5","V",NA,NA,"<1","1.4",1,"0.3",NA,NA,NA,NA,NA,2020,NA,"SHS",2021-07-23,NA,NA,NA,NA,NA,NA,NA,NA,NA,NA,NA,NA,"N",NA,NA,0.5
2020-07-27,"WL3","1","1.5","V",NA,NA,"<1","1.2",1,"0.2",NA,NA,NA,NA,NA,2020,NA,"SHS",2021-07-23,NA,NA,NA,NA,NA,NA,NA,NA,NA,NA,NA,NA,"N",NA,NA,0.5
2020-07-27,"WL3","1","1.5","V",NA,NA,"<1","1.3",1,"0.5",NA,NA,NA,NA,NA,2020,NA,"SHS",2021-07-23,NA,NA,NA,NA,NA,NA,NA,NA,NA,NA,NA,NA,"N",NA,NA,0.5
2020-07-27,"WL3","1","1.5","V",NA,NA,"<1","0.9",1,"0.2",NA,NA,NA,NA,NA,2020,NA,"SHS",2021-07-23,NA,NA,NA,NA,NA,NA,NA,NA,NA,NA,NA,NA,"N",NA,NA,0.5
2020-07-27,"WL3","1","1.5","V",NA,NA,"<1","1.2",1,"0.5",NA,NA,NA,NA,NA,2020,NA,"SHS",2021-07-23,NA,NA,NA,NA,NA,NA,NA,NA,NA,NA,NA,NA,"N",NA,NA,0.5
2020-07-27,"WL3","1","2","V",NA,NA,"<1","2.5",1,"0.7",NA,NA,NA,NA,NA,2020,NA,"SHS",2021-07-23,NA,NA,NA,NA,NA,NA,NA,NA,NA,NA,NA,NA,"N",NA,NA,0.5
2020-07-27,"WL3","1","2","V",NA,NA,"<1","0.9",1,"0.2",NA,NA,NA,NA,NA,2020,NA,"SHS",2021-07-23,NA,NA,NA,NA,NA,NA,NA,NA,NA,NA,NA,NA,"N",NA,NA,0.5
2020-07-27,"WL3","1","2","V",NA,NA,"<1","1.1",1,"0.3",NA,NA,NA,NA,NA,2020,NA,"SHS",2021-07-23,NA,NA,NA,NA,NA,NA,NA,NA,NA,NA,NA,NA,"N",NA,NA,0.5
2020-07-27,"WL3","1","2","V",NA,NA,"<1","1.7",1,"0.5",NA,NA,NA,NA,NA,2020,NA,"SHS",2021-07-23,NA,NA,NA,NA,NA,NA,NA,NA,NA,NA,NA,NA,"N",NA,NA,0.5
2020-07-27,"WL3","1","2","V",NA,NA,"<1","1.6",1,"0.4",NA,NA,NA,NA,NA,2020,NA,"SHS",2021-07-23,NA,NA,NA,NA,NA,NA,NA,NA,NA,NA,NA,NA,"N",NA,NA,0.5
2020-07-27,"WL3","1","2","V",NA,NA,"<1","1.4",1,"0.4",NA,NA,NA,NA,NA,2020,NA,"SHS",2021-07-23,NA,NA,NA,NA,NA,NA,NA,NA,NA,NA,NA,NA,"N",NA,NA,0.5
2020-07-27,"WL3","1","2","V",NA,NA,"<1","1.5",1,"0.3",NA,NA,NA,NA,NA,2020,NA,"SHS",2021-07-23,NA,NA,NA,NA,NA,NA,NA,NA,NA,NA,NA,NA,"N",NA,NA,0.5
2020-07-27,"WL3","1","2","X",37,45,NA,NA,NA,NA,NA,NA,NA,NA,NA,2020,NA,"SHS",2021-07-23,NA,NA,NA,NA,NA,"red",NA,NA,NA,NA,NA,NA,NA,NA,NA,NA
2020-07-27,"WL3","1","2.5","V",NA,NA,"<1","2.5",1,"0.5",NA,NA,NA,NA,NA,2020,NA,"SHS",2021-07-23,NA,NA,NA,NA,NA,NA,NA,NA,NA,NA,NA,NA,"N",NA,NA,0.5
2020-07-27,"WL3","1","3","V",NA,NA,"<1","1.5",1,"0.4",NA,NA,NA,NA,NA,2020,NA,"SHS",2021-07-23,NA,NA,NA,NA,NA,NA,NA,NA,NA,NA,NA,NA,"N",NA,NA,0.5
2020-07-27,"WL3","1","3.5","V",NA,NA,"<1","2.0",1,"0.9",NA,NA,NA,NA,NA,2020,NA,"SHS",2021-07-23,NA,NA,NA,NA,NA,NA,NA,NA,NA,NA,NA,NA,"N",NA,NA,0.5
2020-07-27,"WL3","1","3.5","X",36,22,NA,NA,NA,NA,NA,NA,NA,NA,NA,2020,NA,"SHS",2021-07-23,NA,NA,NA,NA,NA,"red",NA,NA,NA,NA,NA,NA,NA,NA,NA,NA
2020-07-27,"WL3","1","4","V",NA,NA,"<1","2.4",1,"0.4",NA,NA,NA,NA,NA,2020,NA,"SHS",2021-07-23,NA,NA,NA,NA,NA,NA,NA,NA,NA,NA,NA,NA,"N",NA,NA,0.5
2020-07-27,"WL3","1","4","V",NA,NA,"<1","1.1",1,"0.4",NA,NA,NA,NA,NA,2020,NA,"SHS",2021-07-23,NA,NA,NA,NA,NA,NA,NA,NA,NA,NA,NA,NA,"N",NA,NA,0.5
2020-07-27,"WL3","1","4","V",NA,NA,"<1","1.0",1,"0.4",NA,NA,NA,NA,NA,2020,NA,"SHS",2021-07-23,NA,NA,NA,NA,NA,NA,NA,NA,NA,NA,NA,NA,"N",NA,NA,0.5
2020-07-27,"WL3","1","4","V",NA,NA,"<1","0.9",1,"0.4",NA,NA,NA,NA,NA,2020,NA,"SHS",2021-07-23,NA,NA,NA,NA,NA,NA,NA,NA,NA,NA,NA,NA,"N",NA,NA,0.5
2020-07-27,"WL3","1","4","V",NA,NA,"<1","0.9",1,"0.4",NA,NA,NA,NA,NA,2020,NA,"SHS",2021-07-23,NA,NA,NA,NA,NA,NA,NA,NA,NA,NA,NA,NA,"N",NA,NA,0.5
2020-07-27,"WL3","1","4","V",NA,NA,"<1","0.8",1,"0.4",NA,NA,NA,NA,NA,2020,NA,"SHS",2021-07-23,NA,NA,NA,NA,NA,NA,NA,NA,NA,NA,NA,NA,"N",NA,NA,0.5
2020-07-27,"WL3","1","4","V",NA,NA,"<1","1.5",1,"0.4",NA,NA,NA,NA,NA,2020,NA,"SHS",2021-07-23,NA,NA,NA,NA,NA,NA,NA,NA,NA,NA,NA,NA,"N",NA,NA,0.5
2020-07-27,"WL3","1","4","X",19,0,NA,NA,NA,NA,NA,NA,NA,NA,NA,2020,NA,"SHS",2021-07-23,NA,NA,NA,NA,NA,"green",NA,NA,NA,NA,NA,NA,NA,NA,NA,NA
2020-07-27,"WL3","1","4.5","X",4,50,NA,NA,NA,NA,NA,NA,NA,NA,NA,2020,NA,"SHS",2021-07-23,NA,NA,NA,NA,NA,NA,45,NA,NA,NA,NA,NA,NA,NA,NA,NA
2020-07-27,"WL3","1","4.5","V",NA,NA,"<1","1.0",1,"0.4",NA,NA,NA,NA,NA,2020,NA,"SHS",2021-07-23,NA,NA,NA,NA,NA,NA,NA,NA,NA,NA,NA,NA,"N",NA,NA,0.5
2020-07-27,"WL3","1","4.5","V",NA,NA,"<1","1.3",1,"0.3",NA,NA,NA,NA,NA,2020,NA,"SHS",2021-07-23,NA,NA,NA,NA,NA,NA,NA,NA,NA,NA,NA,NA,"N",NA,NA,0.5
2020-07-27,"WL3","1","5",NA,NA,NA,NA,NA,NA,NA,NA,NA,NA,NA,"NO PLANTS",2020,NA,"SHS",2021-07-23,NA,NA,NA,NA,NA,NA,NA,NA,NA,NA,NA,NA,NA,NA,NA,NA
2020-07-27,"WL3","1","5.5",NA,NA,NA,NA,NA,NA,NA,NA,NA,NA,NA,"NO PLANTS",2020,NA,"SHS",2021-07-23,NA,NA,NA,NA,NA,NA,NA,NA,NA,NA,NA,NA,NA,NA,NA,NA
2020-07-27,"WL3","1","6",NA,NA,NA,NA,NA,NA,NA,NA,NA,NA,NA,"NO PLANTS",2020,NA,"SHS",2021-07-23,NA,NA,NA,NA,NA,NA,NA,NA,NA,NA,NA,NA,NA,NA,NA,NA
2020-07-27,"WL3","1","6.5",NA,NA,NA,NA,NA,NA,NA,NA,NA,NA,NA,"NO PLANTS",2020,NA,"SHS",2021-07-23,NA,NA,NA,NA,NA,NA,NA,NA,NA,NA,NA,NA,NA,NA,NA,NA
2020-07-27,"WL3","1","7","V",40,19,"<1","1.4",1,"0.6",NA,NA,NA,NA,NA,2020,NA,"SHS",2021-07-23,NA,NA,NA,NA,NA,NA,NA,NA,NA,NA,NA,NA,"N",NA,NA,0.5
2020-07-27,"WL3","1","7.5",NA,NA,NA,NA,NA,NA,NA,NA,NA,NA,NA,"NO PLANTS",2020,NA,"SHS",2021-07-23,NA,NA,NA,NA,NA,NA,NA,NA,NA,NA,NA,NA,NA,NA,NA,NA
2020-07-27,"WL3","1","8",NA,NA,NA,NA,NA,NA,NA,NA,NA,NA,NA,"NO PLANTS",2020,NA,"SHS",2021-07-23,NA,NA,NA,NA,NA,NA,NA,NA,NA,NA,NA,NA,NA,NA,NA,NA
2020-07-27,"WL3","1","8.5","P",35,28,"2.74","14.0",4,NA,"0.0","27.0",7.1,3,NA,2020,NA,"SHS",2021-07-23,NA,NA,NA,NA,NA,"red",41,NA,NA,NA,NA,NA,"N",NA,NA,2.74
2020-07-27,"WL3","1","8.5","V",47,17,"1.19","4.2",3,"1.5",NA,NA,NA,NA,NA,2020,NA,"SHS",2021-07-23,NA,NA,NA,NA,NA,"red",986,NA,NA,NA,NA,NA,"N",NA,NA,1.19
2020-07-27,"WL3","1","8.5","V",30,10,"<1","2.2",1,"0.5",NA,NA,NA,NA,NA,2020,NA,"SHS",2021-07-23,NA,NA,NA,NA,NA,NA,NA,NA,NA,NA,NA,NA,"N",NA,NA,0.5
2020-07-27,"WL3","1","8.5","V",29,27,"<1","2.2",1,"0.7",NA,NA,NA,NA,NA,2020,NA,"SHS",2021-07-23,NA,NA,NA,NA,NA,NA,NA,NA,NA,NA,NA,NA,"N",NA,NA,0.5
2020-07-27,"WL3","1","9","V",13,50,"1.11","3.9",1,"1.7",NA,NA,NA,NA,NA,2020,NA,"SHS",2021-07-23,NA,NA,NA,NA,NA,"red",10,NA,NA,NA,NA,NA,"N",NA,NA,1.11
2020-07-27,"WL3","1","9","V",3,50,"<1","4.7",1,"1.0",NA,NA,NA,NA,NA,2020,NA,"SHS",2021-07-23,NA,NA,NA,NA,NA,NA,NA,NA,NA,NA,NA,NA,"N",NA,NA,0.5
2020-07-27,"WL3","1","9","V",4,50,"<1","4.2",1,"0.9",NA,NA,NA,NA,NA,2020,NA,"SHS",2021-07-23,NA,NA,NA,NA,NA,NA,NA,NA,NA,NA,NA,NA,"Y",NA,NA,0.5
2020-07-27,"WL3","1","9","V",18,19,"<1","1.9",1,"0.5",NA,NA,NA,NA,NA,2020,NA,"SHS",2021-07-23,NA,NA,NA,NA,NA,NA,NA,NA,NA,NA,NA,NA,"Y",NA,NA,0.5
2020-07-27,"WL3","1","9.5","X",5,50,NA,NA,NA,NA,NA,NA,NA,NA,NA,2020,NA,"SHS",2021-07-23,NA,NA,NA,NA,NA,NA,59,NA,NA,NA,NA,NA,NA,NA,NA,NA
2020-07-27,"WL3","1","9.5","V",36,26,"<1","1.1",1,"0.4",NA,NA,NA,NA,NA,2020,NA,"SHS",2021-07-23,NA,NA,NA,NA,NA,NA,NA,NA,NA,NA,NA,NA,"N",NA,NA,0.5
2020-07-27,"WL3","1","9.5","V",21,11,"<1","1.5",1,"0.4",NA,NA,NA,NA,NA,2020,NA,"SHS",2021-07-23,NA,NA,NA,NA,NA,NA,NA,NA,NA,NA,NA,NA,"Y",NA,NA,0.5
2020-07-27,"WL3","2","0","V",18,4,"<1","0.9",1,"0.4",NA,NA,NA,NA,NA,2020,NA,"SHS",2021-07-23,NA,NA,NA,NA,NA,NA,NA,NA,NA,NA,NA,NA,"N",NA,NA,0.5
2020-07-27,"WL3","2","0","V",21,1,"<1","1.5",1,"0.3",NA,NA,NA,NA,NA,2020,NA,"SHS",2021-07-23,NA,NA,NA,NA,NA,NA,NA,NA,NA,NA,NA,NA,"N",NA,NA,0.5
2020-07-27,"WL3","2","0","V",18,7,"<1","1.2",1,"1.2",NA,NA,NA,NA,NA,2020,NA,"SHS",2021-07-23,NA,NA,NA,NA,NA,NA,NA,NA,NA,NA,NA,NA,"N",NA,NA,0.5
2020-07-27,"WL3","2","0","V",15,9,"<1","1.9",1,"0.4",NA,NA,NA,NA,NA,2020,NA,"SHS",2021-07-23,NA,NA,NA,NA,NA,NA,NA,NA,NA,NA,NA,NA,"N",NA,NA,0.5
2020-07-27,"WL3","2","0","V",17,10,"<1","1.0",1,"0.3",NA,NA,NA,NA,NA,2020,NA,"SHS",2021-07-23,NA,NA,NA,NA,NA,NA,NA,NA,NA,NA,NA,NA,"N",NA,NA,0.5
2020-07-27,"WL3","2","0","V",22,15,"<1","1.5",1,"0.5",NA,NA,NA,NA,NA,2020,NA,"SHS",2021-07-23,NA,NA,NA,NA,NA,NA,NA,NA,NA,NA,NA,NA,"N",NA,NA,0.5
2020-07-27,"WL3","2","0","V",16,22,"<1","1.5",1,"0.4",NA,NA,NA,NA,NA,2020,NA,"SHS",2021-07-23,NA,NA,NA,NA,NA,NA,NA,NA,NA,NA,NA,NA,"N",NA,NA,0.5
2020-07-27,"WL3","2","0","V",43,11,"<1","1.1",1,"0.3",NA,NA,NA,NA,NA,2020,NA,"SHS",2021-07-23,NA,NA,NA,NA,NA,NA,NA,NA,NA,NA,NA,NA,"N",NA,NA,0.5
2020-07-27,"WL3","2","0","V",48,21,"<1","1.9",1,"0.7",NA,NA,NA,NA,NA,2020,NA,"SHS",2021-07-23,NA,NA,NA,NA,NA,NA,NA,NA,NA,NA,NA,NA,"N",NA,NA,0.5
2020-07-27,"WL3","2","0","V",43,22,"<1","1.3",1,"0.4",NA,NA,NA,NA,NA,2020,NA,"SHS",2021-07-23,NA,NA,NA,NA,NA,NA,NA,NA,NA,NA,NA,NA,"N",NA,NA,0.5
2020-07-27,"WL3","2","0","V",47,33,"<1","1.8",1,"0.6",NA,NA,NA,NA,NA,2020,NA,"SHS",2021-07-23,NA,NA,NA,NA,NA,NA,NA,NA,NA,NA,NA,NA,"N",NA,NA,0.5
2020-07-27,"WL3","2","0","V",47,41,"<1","1.1",1,"0.2",NA,NA,NA,NA,NA,2020,NA,"SHS",2021-07-23,NA,NA,NA,NA,NA,NA,NA,NA,NA,NA,NA,NA,"N",NA,NA,0.5
2020-07-27,"WL3","2","0.5","V",22,5,"<1","2.1",1,"0.6",NA,NA,NA,NA,NA,2020,NA,"SHS",2021-07-23,NA,NA,NA,NA,NA,NA,NA,NA,NA,NA,NA,NA,"N",NA,NA,0.5
2020-07-27,"WL3","2","0.5","V",6,31,"<1","1.4",1,"0.3",NA,NA,NA,NA,NA,2020,NA,"SHS",2021-07-23,NA,NA,NA,NA,NA,NA,NA,NA,NA,NA,NA,NA,"N",NA,NA,0.5
2020-07-27,"WL3","2","0.5","V",9,43,"<1","2.4",1,"0.5",NA,NA,NA,NA,NA,2020,NA,"SHS",2021-07-23,NA,NA,NA,NA,NA,NA,NA,NA,NA,NA,NA,NA,"N",NA,NA,0.5
2020-07-27,"WL3","2","0.5","V",3,45,"<1","1.4",1,"0.3",NA,NA,NA,NA,NA,2020,NA,"SHS",2021-07-23,NA,NA,NA,NA,NA,NA,NA,NA,NA,NA,NA,NA,"N",NA,NA,0.5
2020-07-27,"WL3","2","0.5","V",3,46,"<1","1.3",1,"0.5",NA,NA,NA,NA,NA,2020,NA,"SHS",2021-07-23,NA,NA,NA,NA,NA,NA,NA,NA,NA,NA,NA,NA,"N",NA,NA,0.5
2020-07-27,"WL3","2","0.5","V",31,33,"<1","1.2",1,"0.4",NA,NA,NA,NA,NA,2020,NA,"SHS",2021-07-23,NA,NA,NA,NA,NA,NA,NA,NA,NA,NA,NA,NA,"N",NA,NA,0.5
2020-07-27,"WL3","2","1","V",3,2,"<1","1.0",1,"0.3",NA,NA,NA,NA,NA,2020,NA,"SHS",2021-07-23,NA,NA,NA,NA,NA,NA,NA,NA,NA,NA,NA,NA,"N",NA,NA,0.5
2020-07-27,"WL3","2","1","V",18,4,"<1","1.5",1,"0.4",NA,NA,NA,NA,NA,2020,NA,"SHS",2021-07-23,NA,NA,NA,NA,NA,NA,NA,NA,NA,NA,NA,NA,"N",NA,NA,0.5
2020-07-27,"WL3","2","1","V",31,5,"<1","0.9",1,"0.4",NA,NA,NA,NA,NA,2020,NA,"SHS",2021-07-23,NA,NA,NA,NA,NA,NA,NA,NA,NA,NA,NA,NA,"N",NA,NA,0.5
2020-07-27,"WL3","2","1","V",32,3,"<1","1.3",1,"0.3",NA,NA,NA,NA,NA,2020,NA,"SHS",2021-07-23,NA,NA,NA,NA,NA,NA,NA,NA,NA,NA,NA,NA,"Y",NA,NA,0.5
2020-07-27,"WL3","2","1","V",36,3,"<1","1.5",1,"0.4",NA,NA,NA,NA,NA,2020,NA,"SHS",2021-07-23,NA,NA,NA,NA,NA,NA,NA,NA,NA,NA,NA,NA,"N",NA,NA,0.5
2020-07-27,"WL3","2","1","V",46,2,"<1","1.0",1,"0.4",NA,NA,NA,NA,NA,2020,NA,"SHS",2021-07-23,NA,NA,NA,NA,NA,NA,NA,NA,NA,NA,NA,NA,"N",NA,NA,0.5
2020-07-27,"WL3","2","1","V",37,7,"<1","1.3",1,"0.7",NA,NA,NA,NA,NA,2020,NA,"SHS",2021-07-23,NA,NA,NA,NA,NA,NA,NA,NA,NA,NA,NA,NA,"N",NA,NA,0.5
2020-07-27,"WL3","2","1","V",42,7,"<1","1.0",1,"0.3",NA,NA,NA,NA,NA,2020,NA,"SHS",2021-07-23,NA,NA,NA,NA,NA,NA,NA,NA,NA,NA,NA,NA,"N",NA,NA,0.5
2020-07-27,"WL3","2","1","V",43,7,"<1","2.1",1,"0.7",NA,NA,NA,NA,NA,2020,NA,"SHS",2021-07-23,NA,NA,NA,NA,NA,NA,NA,NA,NA,NA,NA,NA,"Y",NA,NA,0.5
2020-07-27,"WL3","2","1","V",41,11,"<1","0.0",1,"0.4",NA,NA,NA,NA,NA,2020,NA,"SHS",2021-07-23,NA,NA,NA,NA,NA,NA,NA,NA,NA,NA,NA,NA,"N",NA,NA,0.5
2020-07-27,"WL3","2","1","V",24,13,"<1","2.0",1,"0.4",NA,NA,NA,NA,NA,2020,NA,"SHS",2021-07-23,NA,NA,NA,NA,NA,NA,NA,NA,NA,NA,NA,NA,"N",NA,NA,0.5
2020-07-27,"WL3","2","1","V",43,22,"<1","1.0",1,"0.6",NA,NA,NA,NA,NA,2020,NA,"SHS",2021-07-23,NA,NA,NA,NA,NA,NA,NA,NA,NA,NA,NA,NA,"N",NA,NA,0.5
2020-07-27,"WL3","2","1","V",18,42,"<1","1.0",1,"0.2",NA,NA,NA,NA,NA,2020,NA,"SHS",2021-07-23,NA,NA,NA,NA,NA,NA,NA,NA,NA,NA,NA,NA,"N",NA,NA,0.5
2020-07-27,"WL3","2","1.5",NA,NA,NA,NA,NA,NA,NA,NA,NA,NA,NA,"NO PLANTS",2020,NA,"SHS",2021-07-23,NA,NA,NA,NA,NA,NA,NA,NA,NA,NA,NA,NA,NA,NA,NA,NA
2020-07-27,"WL3","2","2","V",NA,NA,"<1","2.3",1,"0.8",NA,NA,NA,NA,NA,2020,NA,"SHS",2021-07-23,NA,NA,NA,NA,NA,NA,NA,NA,NA,NA,NA,NA,"Y",NA,NA,0.5
2020-07-27,"WL3","2","2.5","V",NA,NA,"<1","3.3",1,"1.2",NA,NA,NA,NA,NA,2020,NA,"SHS",2021-07-23,NA,NA,NA,NA,NA,NA,NA,NA,NA,NA,NA,NA,"N",NA,NA,0.5
2020-07-27,"WL3","2","2.5","V",NA,NA,"<1","3.8",1,"1.1",NA,NA,NA,NA,NA,2020,NA,"SHS",2021-07-23,NA,NA,NA,NA,NA,NA,NA,NA,NA,NA,NA,NA,"N",NA,NA,0.5
2020-07-27,"WL3","2","2.5","V",NA,NA,"<1","1.6",1,"0.3",NA,NA,NA,NA,NA,2020,NA,"SHS",2021-07-23,NA,NA,NA,NA,NA,NA,NA,NA,NA,NA,NA,NA,"N",NA,NA,0.5
2020-07-27,"WL3","2","2.5","V",NA,NA,"<1","0.9",1,"0.3",NA,NA,NA,NA,NA,2020,NA,"SHS",2021-07-23,NA,NA,NA,NA,NA,NA,NA,NA,NA,NA,NA,NA,"N",NA,NA,0.5
2020-07-27,"WL3","2","2.5","V",NA,NA,"<1","2.2",1,"0.6",NA,NA,NA,NA,NA,2020,NA,"SHS",2021-07-23,NA,NA,NA,NA,NA,NA,NA,NA,NA,NA,NA,NA,"N",NA,NA,0.5
2020-07-27,"WL3","2","3","V",NA,NA,"<1","1.8",1,"0.4",NA,NA,NA,NA,NA,2020,NA,"SHS",2021-07-23,NA,NA,NA,NA,NA,NA,NA,NA,NA,NA,NA,NA,"N",NA,NA,0.5
2020-07-27,"WL3","2","3","V",NA,NA,"<1","1.8",1,"0.4",NA,NA,NA,NA,NA,2020,NA,"SHS",2021-07-23,NA,NA,NA,NA,NA,NA,NA,NA,NA,NA,NA,NA,"N",NA,NA,0.5
2020-07-27,"WL3","2","3","V",NA,NA,"<1","1.2",1,"0.5",NA,NA,NA,NA,NA,2020,NA,"SHS",2021-07-23,NA,NA,NA,NA,NA,NA,NA,NA,NA,NA,NA,NA,"N",NA,NA,0.5
2020-07-27,"WL3","2","3","V",NA,NA,"<1","1.7",1,"0.2",NA,NA,NA,NA,NA,2020,NA,"SHS",2021-07-23,NA,NA,NA,NA,NA,NA,NA,NA,NA,NA,NA,NA,"N",NA,NA,0.5
2020-07-27,"WL3","2","3","V",NA,NA,"<1","0.8",1,"0.2",NA,NA,NA,NA,NA,2020,NA,"SHS",2021-07-23,NA,NA,NA,NA,NA,NA,NA,NA,NA,NA,NA,NA,"N",NA,NA,0.5
2020-07-27,"WL3","2","3","V",NA,NA,"<1","1.8",1,"0.5",NA,NA,NA,NA,NA,2020,NA,"SHS",2021-07-23,NA,NA,NA,NA,NA,NA,NA,NA,NA,NA,NA,NA,"N",NA,NA,0.5
2020-07-27,"WL3","2","3","V",NA,NA,"<1","1.7",1,"0.4",NA,NA,NA,NA,NA,2020,NA,"SHS",2021-07-23,NA,NA,NA,NA,NA,NA,NA,NA,NA,NA,NA,NA,"N",NA,NA,0.5
2020-07-27,"WL3","2","3","V",NA,NA,"<1","1.7",1,"0.3",NA,NA,NA,NA,NA,2020,NA,"SHS",2021-07-23,NA,NA,NA,NA,NA,NA,NA,NA,NA,NA,NA,NA,"N",NA,NA,0.5
2020-07-27,"WL3","2","3.5","X",9,5,NA,NA,NA,NA,NA,NA,NA,NA,NA,2020,NA,"SHS",2021-07-23,NA,NA,NA,NA,NA,NA,58,NA,NA,NA,NA,NA,NA,NA,NA,NA
2020-07-27,"WL3","2","3.5","V",NA,NA,"<1","1.6",1,"0.6",NA,NA,NA,NA,NA,2020,NA,"SHS",2021-07-23,NA,NA,NA,NA,NA,NA,NA,NA,NA,NA,NA,NA,"N",NA,NA,0.5
2020-07-27,"WL3","2","3.5","V",NA,NA,"<1","2.1",1,"0.4",NA,NA,NA,NA,NA,2020,NA,"SHS",2021-07-23,NA,NA,NA,NA,NA,NA,NA,NA,NA,NA,NA,NA,"N",NA,NA,0.5
2020-07-27,"WL3","2","3.5","V",NA,NA,"<1","1.2",1,"0.3",NA,NA,NA,NA,NA,2020,NA,"SHS",2021-07-23,NA,NA,NA,NA,NA,NA,NA,NA,NA,NA,NA,NA,"N",NA,NA,0.5
2020-07-27,"WL3","2","3.5","V",NA,NA,"<1","1.6",1,"0.4",NA,NA,NA,NA,NA,2020,NA,"SHS",2021-07-23,NA,NA,NA,NA,NA,NA,NA,NA,NA,NA,NA,NA,"N",NA,NA,0.5
2020-07-27,"WL3","2","3.5","X",12,35,NA,NA,NA,NA,NA,NA,NA,NA,NA,2020,NA,"SHS",2021-07-23,NA,NA,NA,NA,NA,"blue",NA,NA,NA,NA,NA,NA,NA,NA,NA,NA
2020-07-27,"WL3","2","3.5","X",0,30,NA,NA,NA,NA,NA,NA,NA,NA,NA,2020,NA,"SHS",2021-07-23,NA,NA,NA,NA,NA,"blue",NA,NA,NA,NA,NA,NA,NA,NA,NA,NA
2020-07-27,"WL3","2","4","P",35,3,"3.5","19.1",2,NA,"0.0","36.0",6.7,2,"added new bird band, red #606",2020,NA,"SHS",2021-07-23,NA,NA,NA,NA,NA,"blue",606,NA,NA,NA,NA,NA,"N",NA,NA,3.5
2020-07-27,"WL3","2","4","V",NA,NA,"<1","1.3",1,"0.2",NA,NA,NA,NA,NA,2020,NA,"SHS",2021-07-23,NA,NA,NA,NA,NA,NA,NA,NA,NA,NA,NA,NA,"N",NA,NA,0.5
2020-07-27,"WL3","2","4","V",NA,NA,"<1","0.9",1,"0.2",NA,NA,NA,NA,NA,2020,NA,"SHS",2021-07-23,NA,NA,NA,NA,NA,NA,NA,NA,NA,NA,NA,NA,"Y",NA,NA,0.5
2020-07-27,"WL3","2","4","X",2,45,NA,NA,NA,NA,NA,NA,NA,NA,NA,2020,NA,"SHS",2021-07-23,NA,NA,NA,NA,NA,"blue",NA,NA,NA,NA,NA,NA,NA,NA,NA,NA
2020-07-27,"WL3","2","4.5","V",NA,NA,"<1","2.1",1,"0.5",NA,NA,NA,NA,NA,2020,NA,"SHS",2021-07-23,NA,NA,NA,NA,NA,NA,NA,NA,NA,NA,NA,NA,"N",NA,NA,0.5
2020-07-27,"WL3","2","4.5","V",NA,NA,"<1","2.3",1,"0.8",NA,NA,NA,NA,NA,2020,NA,"SHS",2021-07-23,NA,NA,NA,NA,NA,NA,NA,NA,NA,NA,NA,NA,"Y",NA,NA,0.5
2020-07-27,"WL3","2","4.5","V",NA,NA,"<1","1.6",1,"0.6",NA,NA,NA,NA,NA,2020,NA,"SHS",2021-07-23,NA,NA,NA,NA,NA,NA,NA,NA,NA,NA,NA,NA,"Y",NA,NA,0.5
2020-07-27,"WL3","2","4.5","V",NA,NA,"<1","1.4",1,"0.5",NA,NA,NA,NA,NA,2020,NA,"SHS",2021-07-23,NA,NA,NA,NA,NA,NA,NA,NA,NA,NA,NA,NA,"N",NA,NA,0.5
2020-07-27,"WL3","2","4.5","V",NA,NA,"<1","1.7",1,"0.3",NA,NA,NA,NA,NA,2020,NA,"SHS",2021-07-23,NA,NA,NA,NA,NA,NA,NA,NA,NA,NA,NA,NA,"N",NA,NA,0.5
2020-07-27,"WL3","2","4.5","V",NA,NA,"<1","2.3",1,"0.6",NA,NA,NA,NA,NA,2020,NA,"SHS",2021-07-23,NA,NA,NA,NA,NA,NA,NA,NA,NA,NA,NA,NA,"N",NA,NA,0.5
2020-07-27,"WL3","2","4.5","V",NA,NA,"<1","1.7",1,"0.4",NA,NA,NA,NA,NA,2020,NA,"SHS",2021-07-23,NA,NA,NA,NA,NA,NA,NA,NA,NA,NA,NA,NA,"N",NA,NA,0.5
2020-07-27,"WL3","2","4.5","V",NA,NA,"<1","1.3",1,"0.5",NA,NA,NA,NA,NA,2020,NA,"SHS",2021-07-23,NA,NA,NA,NA,NA,NA,NA,NA,NA,NA,NA,NA,"N",NA,NA,0.5
2020-07-27,"WL3","2","4.5","V",NA,NA,"<1","0.9",1,"0.4",NA,NA,NA,NA,NA,2020,NA,"SHS",2021-07-23,NA,NA,NA,NA,NA,NA,NA,NA,NA,NA,NA,NA,"N",NA,NA,0.5
2020-07-27,"WL3","3","0","P",30,45,"1.63","9.5",2,NA,"0.0","4.0",4.3,1,NA,2020,NA,"SHS",2021-07-23,NA,NA,NA,NA,NA,"red",40,NA,NA,NA,NA,NA,"N",NA,NA,1.63
2020-07-27,"WL3","3","0","V",10,3,"1.0","2.7",1,"1.0",NA,NA,NA,NA,NA,2020,NA,"SHS",2021-07-23,NA,NA,NA,NA,NA,"red",45,NA,NA,NA,NA,NA,"N",NA,NA,1
2020-07-27,"WL3","3","0","V",NA,NA,"<1","3.5",NA,"0.8",NA,NA,NA,NA,NA,2020,NA,"SHS",2021-07-23,NA,NA,NA,NA,NA,NA,NA,NA,NA,NA,NA,NA,"N",NA,NA,0.5
2020-07-27,"WL3","3","0","V",NA,NA,"<1","2.1",1,"0.3",NA,NA,NA,NA,NA,2020,NA,"SHS",2021-07-23,NA,NA,NA,NA,NA,NA,NA,NA,NA,NA,NA,NA,"N",NA,NA,0.5
2020-07-27,"WL3","3","0.5",NA,NA,NA,NA,NA,NA,NA,NA,NA,NA,NA,NA,2020,NA,"SHS",2021-07-23,NA,NA,NA,NA,NA,NA,NA,NA,NA,NA,NA,NA,NA,NA,NA,NA
2020-07-27,"WL3","3","1",NA,NA,NA,NA,NA,NA,NA,NA,NA,NA,NA,NA,2020,NA,"SHS",2021-07-23,NA,NA,NA,NA,NA,NA,NA,NA,NA,NA,NA,NA,NA,NA,NA,NA
2020-07-27,"WL3","3","1.5","V",NA,NA,"<1","1.2",1,"0.3",NA,NA,NA,NA,NA,2020,NA,"SHS",2021-07-23,NA,NA,NA,NA,NA,NA,NA,NA,NA,NA,NA,NA,"N",NA,NA,0.5
2020-07-27,"WL3","3","2","V",NA,NA,"<1","1.9",1,"0.3",NA,NA,NA,NA,NA,2020,NA,"SHS",2021-07-23,NA,NA,NA,NA,NA,NA,NA,NA,NA,NA,NA,NA,"N",NA,NA,0.5
2020-07-27,"WL3","3","2","V",NA,NA,"<1","1.4",1,"0.4",NA,NA,NA,NA,NA,2020,NA,"SHS",2021-07-23,NA,NA,NA,NA,NA,NA,NA,NA,NA,NA,NA,NA,"N",NA,NA,0.5
2020-07-27,"WL3","3","2","V",NA,NA,"<1","1.5",2,"0.3",NA,NA,NA,NA,NA,2020,NA,"SHS",2021-07-23,NA,NA,NA,NA,NA,NA,NA,NA,NA,NA,NA,NA,"Y",NA,NA,0.5
2020-07-27,"WL3","3","2.5","V",20,50,"1.3","2.7",3,"1.0",NA,NA,NA,NA,NA,2020,NA,"SHS",2021-07-23,NA,NA,NA,NA,NA,"red",43,NA,NA,NA,NA,NA,"N",NA,NA,1.3
2020-07-27,"WL3","3","2.5","V",NA,NA,"<1","1.0",1,"0.2",NA,NA,NA,NA,NA,2020,NA,"SHS",2021-07-23,NA,NA,NA,NA,NA,NA,NA,NA,NA,NA,NA,NA,"N",NA,NA,0.5
2020-07-27,"WL3","3","3",NA,NA,NA,NA,NA,NA,NA,NA,NA,NA,NA,NA,2020,NA,"SHS",2021-07-23,NA,NA,NA,NA,NA,NA,NA,NA,NA,NA,NA,NA,NA,NA,NA,NA
2020-07-27,"WL3","3","3.5","V",NA,NA,"<1","1.5",1,"0.3",NA,NA,NA,NA,NA,2020,NA,"SHS",2021-07-23,NA,NA,NA,NA,NA,NA,NA,NA,NA,NA,NA,NA,"N",NA,NA,0.5
2020-07-27,"WL3","3","3.5","V",NA,NA,"<1","1.6",1,"0.2",NA,NA,NA,NA,NA,2020,NA,"SHS",2021-07-23,NA,NA,NA,NA,NA,NA,NA,NA,NA,NA,NA,NA,"N",NA,NA,0.5
2020-07-27,"WL3","3","3.5","V",NA,NA,"<1","1.9",1,"0.3",NA,NA,NA,NA,NA,2020,NA,"SHS",2021-07-23,NA,NA,NA,NA,NA,NA,NA,NA,NA,NA,NA,NA,"N",NA,NA,0.5
2020-07-27,"WL3","3","3.5","V",NA,NA,"<1","1.4",1,"0.3",NA,NA,NA,NA,NA,2020,NA,"SHS",2021-07-23,NA,NA,NA,NA,NA,NA,NA,NA,NA,NA,NA,NA,"N",NA,NA,0.5
2020-07-27,"WL3","3","3.5","V",NA,NA,"<1","1.3",1,"0.3",NA,NA,NA,NA,NA,2020,NA,"SHS",2021-07-23,NA,NA,NA,NA,NA,NA,NA,NA,NA,NA,NA,NA,NA,NA,NA,0.5
2020-07-27,"WL3","3","3.5","V",NA,NA,"<1","1.0",1,"0.2",NA,NA,NA,NA,NA,2020,NA,"SHS",2021-07-23,NA,NA,NA,NA,NA,NA,NA,NA,NA,NA,NA,NA,"N",NA,NA,0.5
2020-07-27,"WL3","3","3.5","V",NA,NA,"<1","0.8",1,"0.2",NA,NA,NA,NA,NA,2020,NA,"SHS",2021-07-23,NA,NA,NA,NA,NA,NA,NA,NA,NA,NA,NA,NA,"N",NA,NA,0.5
2020-07-27,"WL3","3","3.5","V",NA,NA,"<1","1.0",1,"0.2",NA,NA,NA,NA,NA,2020,NA,"SHS",2021-07-23,NA,NA,NA,NA,NA,NA,NA,NA,NA,NA,NA,NA,"N",NA,NA,0.5
2020-07-27,"WL3","3","3.5","V",NA,NA,"<1","1.2",1,"0.2",NA,NA,NA,NA,NA,2020,NA,"SHS",2021-07-23,NA,NA,NA,NA,NA,NA,NA,NA,NA,NA,NA,NA,"N",NA,NA,0.5
2020-07-27,"WL3","3","3.5","V",NA,NA,"<1","1.0",1,"0.2",NA,NA,NA,NA,NA,2020,NA,"SHS",2021-07-23,NA,NA,NA,NA,NA,NA,NA,NA,NA,NA,NA,NA,"N",NA,NA,0.5
2020-07-27,"WL3","3","4","V",NA,NA,"<1","1.2",1,"0.3",NA,NA,NA,NA,NA,2020,NA,"SHS",2021-07-23,NA,NA,NA,NA,NA,NA,NA,NA,NA,NA,NA,NA,"N",NA,NA,0.5
2020-07-27,"WL3","3","4","V",NA,NA,"<1","1.5",1,"0.3",NA,NA,NA,NA,NA,2020,NA,"SHS",2021-07-23,NA,NA,NA,NA,NA,NA,NA,NA,NA,NA,NA,NA,"N",NA,NA,0.5
2020-07-27,"WL3","3","4.5",NA,NA,NA,NA,NA,NA,NA,NA,NA,NA,NA,NA,2020,NA,"SHS",2021-07-23,NA,NA,NA,NA,NA,NA,NA,NA,NA,NA,NA,NA,NA,NA,NA,NA
2020-07-27,"WL3","3","5","V",NA,NA,"<1","1.2",1,"0.2",NA,NA,NA,NA,NA,2020,NA,"SHS",2021-07-23,NA,NA,NA,NA,NA,NA,NA,NA,NA,NA,NA,NA,"N",NA,NA,0.5
2020-07-27,"WL3","3","5.5","V",NA,NA,"<1","1.1",1,"0.3",NA,NA,NA,NA,NA,2020,NA,"SHS",2021-07-23,NA,NA,NA,NA,NA,NA,NA,NA,NA,NA,NA,NA,"N",NA,NA,0.5
2020-07-27,"WL3","3","6","V",NA,NA,"<1","1.5",1,"0.3",NA,NA,NA,NA,NA,2020,NA,"SHS",2021-07-23,NA,NA,NA,NA,NA,NA,NA,NA,NA,NA,NA,NA,"N",NA,NA,0.5
2020-07-27,"WL3","3","6","V",NA,NA,"<1","0.8",1,"0.2",NA,NA,NA,NA,NA,2020,NA,"SHS",2021-07-23,NA,NA,NA,NA,NA,NA,NA,NA,NA,NA,NA,NA,"N",NA,NA,0.5
2020-07-27,"WL3","3","6.5","P",20,49,"1.56","11.5",1,NA,"0.0","3.0",4.8,1,NA,2020,NA,"SHS",2021-07-23,NA,NA,NA,NA,NA,"red",57,NA,NA,NA,NA,NA,"N",NA,NA,1.56
2020-07-27,"WL3","3","6.5","V",14,10,"<1","1.4",1,"0.5",NA,NA,NA,NA,NA,2020,NA,"SHS",2021-07-23,NA,NA,NA,NA,NA,NA,NA,NA,NA,NA,NA,NA,"N",NA,NA,0.5
2020-07-27,"WL3","3","6.5","V",9,4,"<1","0.6",1,"0.3",NA,NA,NA,NA,NA,2020,NA,"SHS",2021-07-23,NA,NA,NA,NA,NA,NA,NA,NA,NA,NA,NA,NA,"N",NA,NA,0.5
2020-07-27,"WL3","3","6.5","V",3,14,"<1","1.0",1,"0.2",NA,NA,NA,NA,NA,2020,NA,"SHS",2021-07-23,NA,NA,NA,NA,NA,NA,NA,NA,NA,NA,NA,NA,"N",NA,NA,0.5
2020-07-27,"WL3","3","6.5","V",7,8,"<1","0.3",1,"0.2",NA,NA,NA,NA,NA,2020,NA,"SHS",2021-07-23,NA,NA,NA,NA,NA,NA,NA,NA,NA,NA,NA,NA,"N",NA,NA,0.5
2020-07-27,"WL3","3","6.5","V",26,8,"<1","1.1",1,"0.3",NA,NA,NA,NA,NA,2020,NA,"SHS",2021-07-23,NA,NA,NA,NA,NA,NA,NA,NA,NA,NA,NA,NA,"N",NA,NA,0.5
2020-07-27,"WL3","3","6.5","V",26,9,"<1","0.5",1,"0.2",NA,NA,NA,NA,NA,2020,NA,"SHS",2021-07-23,NA,NA,NA,NA,NA,NA,NA,NA,NA,NA,NA,NA,"N",NA,NA,0.5
2020-07-27,"WL3","3","6.5","V",28,12,"<1","0.8",1,"0.1",NA,NA,NA,NA,NA,2020,NA,"SHS",2021-07-23,NA,NA,NA,NA,NA,NA,NA,NA,NA,NA,NA,NA,"N",NA,NA,0.5
2020-07-27,"WL3","3","6.5","V",37,9,"<1","1.4",1,"0.3",NA,NA,NA,NA,NA,2020,NA,"SHS",2021-07-23,NA,NA,NA,NA,NA,NA,NA,NA,NA,NA,NA,NA,"N",NA,NA,0.5
2020-07-27,"WL3","3","6.5","V",24,19,"<1","0.7",1,"0.2",NA,NA,NA,NA,NA,2020,NA,"SHS",2021-07-23,NA,NA,NA,NA,NA,NA,NA,NA,NA,NA,NA,NA,"N",NA,NA,0.5
2020-07-27,"WL3","3","6.5","V",40,46,"<1","0.9",1,"0.4",NA,NA,NA,NA,NA,2020,NA,"SHS",2021-07-23,NA,NA,NA,NA,NA,NA,NA,NA,NA,NA,NA,NA,"N",NA,NA,0.5
2020-07-27,"WL3","3","7",NA,NA,NA,NA,NA,NA,NA,NA,NA,NA,NA,"NO PLANTS",2020,NA,"SHS",2021-07-23,NA,NA,NA,NA,NA,NA,NA,NA,NA,NA,NA,NA,NA,NA,NA,NA
2020-07-27,"WL3","3","7.5","V",1,47,"<1","3.5",1,"1.0",NA,NA,NA,NA,NA,2020,NA,"SHS",2021-07-23,NA,NA,NA,NA,NA,NA,NA,NA,NA,NA,NA,NA,"Y",NA,NA,0.5
2020-07-27,"WL3","3","7.5","V",17,49,"<1","0.9",1,"0.2",NA,NA,NA,NA,NA,2020,NA,"SHS",2021-07-23,NA,NA,NA,NA,NA,NA,NA,NA,NA,NA,NA,NA,"N",NA,NA,0.5
2020-07-27,"WL3","3","8",NA,NA,NA,NA,NA,NA,NA,NA,NA,NA,NA,"NO PLANTS",2020,NA,"SHS",2021-07-23,NA,NA,NA,NA,NA,NA,NA,NA,NA,NA,NA,NA,NA,NA,NA,NA
2020-07-27,"WL3","3","8.5",NA,NA,NA,NA,NA,NA,NA,NA,NA,NA,NA,"NO PLANTS",2020,NA,"SHS",2021-07-23,NA,NA,NA,NA,NA,NA,NA,NA,NA,NA,NA,NA,NA,NA,NA,NA
2020-07-27,"WL3","3","9",NA,NA,NA,NA,NA,NA,NA,NA,NA,NA,NA,"NO PLANTS",2020,NA,"SHS",2021-07-23,NA,NA,NA,NA,NA,NA,NA,NA,NA,NA,NA,NA,NA,NA,NA,NA
2020-07-27,"WL3","3","9.5",NA,NA,NA,NA,NA,NA,NA,NA,NA,NA,NA,"NO PLANTS",2020,NA,"SHS",2021-07-23,NA,NA,NA,NA,NA,NA,NA,NA,NA,NA,NA,NA,NA,NA,NA,NA
2020-07-27,"WL3","4","0",NA,NA,NA,NA,NA,NA,NA,NA,NA,NA,NA,NA,2020,NA,"SHS",2021-07-23,NA,NA,NA,NA,NA,NA,NA,NA,NA,NA,NA,NA,NA,NA,NA,NA
2020-07-27,"WL3","4","0.5",NA,NA,NA,NA,NA,NA,NA,NA,NA,NA,NA,NA,2020,NA,"SHS",2021-07-23,NA,NA,NA,NA,NA,NA,NA,NA,NA,NA,NA,NA,NA,NA,NA,NA
2020-07-27,"WL3","4","1",NA,NA,NA,NA,NA,NA,NA,NA,NA,NA,NA,NA,2020,NA,"SHS",2021-07-23,NA,NA,NA,NA,NA,NA,NA,NA,NA,NA,NA,NA,NA,NA,NA,NA
2020-07-27,"WL3","4","1.5",NA,NA,NA,NA,NA,NA,NA,NA,NA,NA,NA,"NO PLANTS",2020,NA,"SHS",2021-07-23,NA,NA,NA,NA,NA,NA,NA,NA,NA,NA,NA,NA,NA,NA,NA,NA
2020-07-27,"WL3","4","2","V",NA,NA,"<1","2.8",1,"0.6",NA,NA,NA,NA,NA,2020,NA,"SHS",2021-07-23,NA,NA,NA,NA,NA,NA,NA,NA,NA,NA,NA,NA,"N",NA,NA,0.5
2020-07-27,"WL3","4","2.5",NA,NA,NA,NA,NA,NA,NA,NA,NA,NA,NA,"NO PLANTS",2020,NA,"SHS",2021-07-23,NA,NA,NA,NA,NA,NA,NA,NA,NA,NA,NA,NA,NA,NA,NA,NA
2020-07-27,"WL3","4","3",NA,NA,NA,NA,NA,NA,NA,NA,NA,NA,NA,"NO PLANTS",2020,NA,"SHS",2021-07-23,NA,NA,NA,NA,NA,NA,NA,NA,NA,NA,NA,NA,NA,NA,NA,NA
2020-07-27,"WL3","4","3.5",NA,NA,NA,NA,NA,NA,NA,NA,NA,NA,NA,"NO PLANTS",2020,NA,"SHS",2021-07-23,NA,NA,NA,NA,NA,NA,NA,NA,NA,NA,NA,NA,NA,NA,NA,NA
2020-07-27,"WL3","4","4",NA,NA,NA,NA,NA,NA,NA,NA,NA,NA,NA,"NO PLANTS",2020,NA,"SHS",2021-07-23,NA,NA,NA,NA,NA,NA,NA,NA,NA,NA,NA,NA,NA,NA,NA,NA
2020-07-27,"WL3","4","4.5","V",NA,NA,"<1","1.4",1,"0.4",NA,NA,NA,NA,NA,2020,NA,"SHS",2021-07-23,NA,NA,NA,NA,NA,NA,NA,NA,NA,NA,NA,NA,"N",NA,NA,0.5
2020-07-27,"WL3","4","4.5","X",41,26,NA,NA,NA,NA,NA,NA,NA,NA,NA,2020,NA,"SHS",2021-07-23,NA,NA,NA,NA,NA,"green",NA,NA,NA,NA,NA,NA,NA,NA,NA,NA
2020-07-27,"WL3","4","5","V",NA,NA,"<1","0.7",1,"0.3",NA,NA,NA,NA,NA,2020,NA,"SHS",2021-07-23,NA,NA,NA,NA,NA,NA,NA,NA,NA,NA,NA,NA,"Y",NA,NA,0.5
2020-07-27,"WL3","4","5.5","P",4,30,"2.45","20.1",2,NA,"0.0","21.0",7.1,2,NA,2020,NA,"SHS",2021-07-23,NA,NA,NA,NA,NA,"red",42,NA,NA,NA,NA,NA,"N",NA,NA,2.45
2020-07-27,"WL3","4","5.5","V",NA,NA,"<1","1.6",1,"0.3",NA,NA,NA,NA,NA,2020,NA,"SHS",2021-07-23,NA,NA,NA,NA,NA,NA,NA,NA,NA,NA,NA,NA,"N",NA,NA,0.5
2020-07-27,"WL3","4","5.5","V",NA,NA,"<1","2.1",1,"0.7",NA,NA,NA,NA,NA,2020,NA,"SHS",2021-07-23,NA,NA,NA,NA,NA,NA,NA,NA,NA,NA,NA,NA,"Y",NA,NA,0.5
2020-07-27,"WL3","4","5.5","V",NA,NA,"<1","1.9",1,"0.3",NA,NA,NA,NA,NA,2020,NA,"SHS",2021-07-23,NA,NA,NA,NA,NA,NA,NA,NA,NA,NA,NA,NA,"N",NA,NA,0.5
2020-07-27,"WL3","4","5.5","X",24,14,NA,NA,NA,NA,NA,NA,NA,NA,NA,2020,NA,"SHS",2021-07-23,NA,NA,NA,NA,NA,"red",NA,NA,NA,NA,NA,NA,NA,NA,NA,NA
2020-07-27,"WL3","4","6",NA,NA,NA,NA,NA,NA,NA,NA,NA,NA,NA,"NO PLANTS",2020,NA,"SHS",2021-07-23,NA,NA,NA,NA,NA,NA,NA,NA,NA,NA,NA,NA,NA,NA,NA,NA
2020-07-27,"WL3","4","6.5",NA,NA,NA,NA,NA,NA,NA,NA,NA,NA,NA,"NO PLANTS",2020,NA,"SHS",2021-07-23,NA,NA,NA,NA,NA,NA,NA,NA,NA,NA,NA,NA,NA,NA,NA,NA
2020-07-27,"WL3","4","7","V",9,9,"<1","1.4",1,"0.4",NA,NA,NA,NA,NA,2020,NA,"SHS",2021-07-23,NA,NA,NA,NA,NA,NA,NA,NA,NA,NA,NA,NA,"N",NA,NA,0.5
2020-07-27,"WL3","4","7","V",48,37,"<1","2.3",1,"1.1",NA,NA,NA,NA,NA,2020,NA,"SHS",2021-07-23,NA,NA,NA,NA,NA,NA,NA,NA,NA,NA,NA,NA,"N",NA,NA,0.5
2020-07-27,"WL3","4","7","V",48,38,"<1","1.8",11,"0.3",NA,NA,NA,NA,NA,2020,NA,"SHS",2021-07-23,NA,NA,NA,NA,NA,NA,NA,NA,NA,NA,NA,NA,"N",NA,NA,0.5
2020-07-27,"WL3","4","7","V",49,39,"<1","2.5",1,"0.8",NA,NA,NA,NA,NA,2020,NA,"SHS",2021-07-23,NA,NA,NA,NA,NA,NA,NA,NA,NA,NA,NA,NA,"N",NA,NA,0.5
2020-07-27,"WL3","4","7.5","V",10,21,"<1","2.0",1,"0.7",NA,NA,NA,NA,NA,2020,NA,"SHS",2021-07-23,NA,NA,NA,NA,NA,NA,NA,NA,NA,NA,NA,NA,"N",NA,NA,0.5
2020-07-27,"WL3","4","7.5","V",6,24,"<1","1.9",1,"0.9",NA,NA,NA,NA,NA,2020,NA,"SHS",2021-07-23,NA,NA,NA,NA,NA,NA,NA,NA,NA,NA,NA,NA,"N",NA,NA,0.5
2020-07-27,"WL3","4","7.5","V",3,12,"<1","2.5",1,"1.0",NA,NA,NA,NA,NA,2020,NA,"SHS",2021-07-23,NA,NA,NA,NA,NA,NA,NA,NA,NA,NA,NA,NA,"N",NA,NA,0.5
2020-07-27,"WL3","4","7.5","V",2,5,"<1","1.5",1,"0.1",NA,NA,NA,NA,NA,2020,NA,"SHS",2021-07-23,NA,NA,NA,NA,NA,NA,NA,NA,NA,NA,NA,NA,"N",NA,NA,0.5
2020-07-27,"WL3","4","8","V",26,23,"<1","2.0",1,"0.9",NA,NA,NA,NA,NA,2020,NA,"SHS",2021-07-23,NA,NA,NA,NA,NA,NA,NA,NA,NA,NA,NA,NA,NA,NA,NA,0.5
2020-07-27,"WL3","4","8","V",5,12,"<1","2.8",1,"0.8",NA,NA,NA,NA,NA,2020,NA,"SHS",2021-07-23,NA,NA,NA,NA,NA,NA,NA,NA,NA,NA,NA,NA,"N",NA,NA,0.5
2020-07-27,"WL3","4","8","V",15,14,"<1","2.2",1,"0.4",NA,NA,NA,NA,NA,2020,NA,"SHS",2021-07-23,NA,NA,NA,NA,NA,NA,NA,NA,NA,NA,NA,NA,"N",NA,NA,0.5
2020-07-27,"WL3","4","8","V",17,16,"<1","2.1",1,"0.5",NA,NA,NA,NA,NA,2020,NA,"SHS",2021-07-23,NA,NA,NA,NA,NA,NA,NA,NA,NA,NA,NA,NA,"N",NA,NA,0.5
2020-07-27,"WL3","4","8","V",5,22,"<1","3.0",1,"0.8",NA,NA,NA,NA,NA,2020,NA,"SHS",2021-07-23,NA,NA,NA,NA,NA,NA,NA,NA,NA,NA,NA,NA,"N",NA,NA,0.5
2020-07-27,"WL3","4","8.5",NA,NA,NA,NA,NA,NA,NA,NA,NA,NA,NA,"NO PLANTS",2020,NA,"SHS",2021-07-23,NA,NA,NA,NA,NA,NA,NA,NA,NA,NA,NA,NA,NA,NA,NA,NA
2020-07-27,"WL3","4","9",NA,NA,NA,NA,NA,NA,NA,NA,NA,NA,NA,"NO PLANTS",2020,NA,"SHS",2021-07-23,NA,NA,NA,NA,NA,NA,NA,NA,NA,NA,NA,NA,NA,NA,NA,NA
2020-07-27,"WL3","4","9.5",NA,NA,NA,NA,NA,NA,NA,NA,NA,NA,NA,NA,2020,NA,"SHS",2021-07-23,NA,NA,NA,NA,NA,NA,NA,NA,NA,NA,NA,NA,"N",NA,NA,NA
2021-07-27,"WL3","1","0","V",NA,NA,"<1","1.2",1,"0.4",NA,NA,NA,NA,NA,2021,NA,"KT",2021-11-03,NA,NA,NA,NA,NA,NA,NA,"blue",NA,NA,NA,NA,"Y",NA,NA,0.5
2021-07-27,"WL3","1","0.5","V",NA,NA,"<1","0.7",1,"0.3",NA,NA,NA,NA,"dying",2021,NA,"KT",2021-11-03,NA,NA,NA,NA,NA,NA,NA,"blue",NA,NA,NA,NA,"N",NA,NA,0.5
2021-07-27,"WL3","1","0.5","V",NA,NA,"<1","1.7",1,"0.5",NA,NA,NA,NA,NA,2021,NA,"KT",2021-11-03,NA,NA,NA,NA,NA,NA,NA,"blue",NA,NA,NA,NA,"Y",NA,NA,0.5
2021-07-27,"WL3","1","0.5","V",NA,NA,"<1","0.6",1,"0.2",NA,NA,NA,NA,"dying",2021,NA,"KT",2021-11-03,NA,NA,NA,NA,NA,NA,NA,"yellow",NA,NA,NA,NA,"Y",NA,NA,0.5
2021-07-27,"WL3","1","0.5",NA,45,42,NA,NA,NA,NA,NA,NA,NA,NA,"missing",2021,NA,"KT",2021-11-03,NA,NA,NA,NA,NA,"red",53,NA,NA,NA,NA,NA,NA,NA,NA,NA
2021-07-27,"WL3","1","1","V",NA,NA,"<1","1.6",1,"0.6",NA,NA,NA,NA,NA,2021,NA,"KT",2021-11-03,NA,NA,NA,NA,NA,NA,NA,"blue",NA,NA,NA,NA,"Y",NA,NA,0.5
2021-07-27,"WL3","1","1","V",NA,NA,"<1","2.2",1,"0.9",NA,NA,NA,NA,NA,2021,NA,"KT",2021-11-03,NA,NA,NA,NA,NA,NA,NA,"blue",NA,NA,NA,NA,"Y",NA,NA,0.5
2021-07-27,"WL3","1","1",NA,38,24,NA,NA,NA,NA,NA,NA,NA,NA,"missing",2021,NA,"KT",2021-11-03,NA,NA,NA,NA,NA,"red",44,NA,NA,NA,NA,NA,NA,NA,NA,NA
2021-07-27,"WL3","1","1","X",40,35,NA,NA,NA,NA,NA,NA,NA,NA,"dead",2021,NA,"KT",2021-11-03,NA,NA,NA,NA,NA,"red",47,NA,NA,NA,NA,NA,NA,NA,NA,NA
2021-07-27,"WL3","1","1","V",20,6,"1.32","2.5",1,"1.2",NA,NA,NA,NA,NA,2021,NA,"KT",2021-11-03,NA,NA,NA,NA,NA,"orange",87,NA,NA,NA,NA,NA,"N",NA,NA,1.32
2021-07-27,"WL3","1","1.5","V",NA,NA,"<1","1.6",1,"1.2",NA,NA,NA,NA,NA,2021,NA,"KT",2021-11-03,NA,NA,NA,NA,NA,NA,NA,"blue",NA,NA,NA,NA,"Y",NA,NA,0.5
2021-07-27,"WL3","1","1.5","V",NA,NA,"<1","2.8",1,"1.7",NA,NA,NA,NA,NA,2021,NA,"KT",2021-11-03,NA,NA,NA,NA,NA,NA,NA,"blue",NA,NA,NA,NA,"N",NA,NA,0.5
2021-07-27,"WL3","1","1.5","V",NA,NA,"<1","0.6",1,"0.4",NA,NA,NA,NA,NA,2021,NA,"KT",2021-11-03,NA,NA,NA,NA,NA,NA,NA,"yellow",NA,NA,NA,NA,NA,NA,NA,0.5
2021-07-27,"WL3","1","1.5","V",NA,NA,"<1","1.3",1,"0.7",NA,NA,NA,NA,NA,2021,NA,"KT",2021-11-03,NA,NA,NA,NA,NA,NA,NA,"red",NA,NA,NA,NA,"Y",NA,NA,0.5
2021-07-27,"WL3","1","2","V",NA,NA,"<1","1.2",1,"0.8",NA,NA,NA,NA,NA,2021,NA,"KT",2021-11-03,NA,NA,NA,NA,NA,NA,NA,"blue",NA,NA,NA,NA,"Y",NA,NA,0.5
2021-07-27,"WL3","1","2","V",NA,NA,"<1","2.1",1,"0.8",NA,NA,NA,NA,NA,2021,NA,"KT",2021-11-03,NA,NA,NA,NA,NA,NA,NA,"blue",NA,NA,NA,NA,"N",NA,NA,0.5
2021-07-27,"WL3","1","2","V",NA,NA,"<1","1.4",1,"0.6",NA,NA,NA,NA,NA,2021,NA,"KT",2021-11-03,NA,NA,NA,NA,NA,NA,NA,"blue",NA,NA,NA,NA,"Y",NA,NA,0.5
2021-07-27,"WL3","1","2","V",NA,NA,"<1","1.8",1,"0.8",NA,NA,NA,NA,NA,2021,NA,"KT",2021-11-03,NA,NA,NA,NA,NA,NA,NA,"yellow",NA,NA,NA,NA,"N",NA,NA,0.5
2021-07-27,"WL3","1","2","V",NA,NA,"<1","0.9",1,"0.6",NA,NA,NA,NA,NA,2021,NA,"KT",2021-11-03,NA,NA,NA,NA,NA,NA,NA,"yellow",NA,NA,NA,NA,"Y",NA,NA,0.5
2021-07-27,"WL3","1","2","V",NA,NA,"<1","1.8",1,"0.4",NA,NA,NA,NA,NA,2021,NA,"KT",2021-11-03,NA,NA,NA,NA,NA,NA,NA,"red",NA,NA,NA,NA,"N",NA,NA,0.5
2021-07-27,"WL3","1","2","P",11,25,"1.51","10.8",1,NA,"0.0","18.0",4.4,1,NA,2021,NA,"KT",2021-11-03,NA,NA,NA,NA,NA,"orange",94,NA,"green",NA,NA,NA,"Y",NA,NA,1.51
2021-07-27,"WL3","1","2","P",41,4,"<1","6.6",1,NA,"0.0","5.0",2.7,1,NA,2021,NA,"KT",2021-11-03,NA,NA,NA,NA,NA,"orange",569,NA,"green",NA,NA,NA,"N",NA,NA,0.5
2021-07-27,"WL3","1","2.5","V",NA,NA,"<1","1.8",1,"0.9",NA,NA,NA,NA,NA,2021,NA,"KT",2021-11-03,NA,NA,NA,NA,NA,NA,NA,"blue",NA,NA,NA,NA,"Y",NA,NA,0.5
2021-07-27,"WL3","1","2.5","V",NA,NA,"<1","1.1",1,"0.7",NA,NA,NA,NA,NA,2021,NA,"KT",2021-11-03,NA,NA,NA,NA,NA,NA,NA,"blue",NA,NA,NA,NA,"Y",NA,NA,0.5
2021-07-27,"WL3","1","2.5","V",NA,NA,"<1","2.9",1,"0.9",NA,NA,NA,NA,NA,2021,NA,"KT",2021-11-03,NA,NA,NA,NA,NA,NA,NA,"blue",NA,NA,NA,NA,"N",NA,NA,0.5
2021-07-27,"WL3","1","2.5","V",NA,NA,"<1","1.7",1,"1.0",NA,NA,NA,NA,NA,2021,NA,"KT",2021-11-03,NA,NA,NA,NA,NA,NA,NA,"blue",NA,NA,NA,NA,"Y",NA,NA,0.5
2021-07-27,"WL3","1","2.5","V",NA,NA,"<1","1.5",1,"0.5",NA,NA,NA,NA,NA,2021,NA,"KT",2021-11-03,NA,NA,NA,NA,NA,NA,NA,"red",NA,NA,NA,NA,"Y",NA,NA,0.5
2021-07-27,"WL3","1","3","V",NA,NA,"<1","2.5",1,"0.6",NA,NA,NA,NA,NA,2021,NA,"KT",2021-11-03,NA,NA,NA,NA,NA,NA,NA,"yellow",NA,NA,NA,NA,"Y",NA,NA,0.5
2021-07-27,"WL3","1","3.5","V",NA,NA,"<1","1.1",1,"0.6",NA,NA,NA,NA,NA,2021,NA,"KT",2021-11-03,NA,NA,NA,NA,NA,NA,NA,"blue",NA,NA,NA,NA,"N",NA,NA,0.5
2021-07-27,"WL3","1","3.5","V",NA,NA,"<1","2.0",1,"1.3",NA,NA,NA,NA,NA,2021,NA,"KT",2021-11-03,NA,NA,NA,NA,NA,NA,NA,"blue",NA,NA,NA,NA,"N",NA,NA,0.5
2021-07-27,"WL3","1","3.5","X",NA,NA,NA,NA,NA,NA,NA,NA,NA,NA,"dead",2021,NA,"KT",2021-11-03,NA,NA,NA,NA,NA,NA,NA,"yellow",NA,NA,NA,NA,NA,NA,NA,NA
2021-07-27,"WL3","1","3.5","V",NA,NA,"<1","1.8",1,"0.7",NA,NA,NA,NA,NA,2021,NA,"KT",2021-11-03,NA,NA,NA,NA,NA,NA,NA,"yellow",NA,NA,NA,NA,"Y",NA,NA,0.5
2021-07-27,"WL3","1","3.5","V",NA,NA,"<1","2.2",1,"1.4",NA,NA,NA,NA,NA,2021,NA,"KT",2021-11-03,NA,NA,NA,NA,NA,NA,NA,"yellow",NA,NA,NA,NA,"N",NA,NA,0.5
2021-07-27,"WL3","1","3.5","V",11,42,"2.46","4.8",2,"2.1",NA,NA,NA,NA,NA,2021,NA,"KT",2021-11-03,NA,NA,NA,NA,NA,"orange",978,NA,NA,NA,NA,NA,"Y",NA,NA,2.46
2021-07-27,"WL3","1","4","V",NA,NA,"<1","1.3",1,"0.7",NA,NA,NA,NA,NA,2021,NA,"KT",2021-11-03,NA,NA,NA,NA,NA,NA,NA,"blue",NA,NA,NA,NA,"N",NA,NA,0.5
2021-07-27,"WL3","1","4","V",NA,NA,"<1","1.1",1,"0.5",NA,NA,NA,NA,NA,2021,NA,"KT",2021-11-03,NA,NA,NA,NA,NA,NA,NA,"blue",NA,NA,NA,NA,"N",NA,NA,0.5
2021-07-27,"WL3","1","4","V",NA,NA,"<1","1.2",1,"0.7",NA,NA,NA,NA,NA,2021,NA,"KT",2021-11-03,NA,NA,NA,NA,NA,NA,NA,"blue",NA,NA,NA,NA,"Y",NA,NA,0.5
2021-07-27,"WL3","1","4","V",NA,NA,"<1","1.8",1,"1.0",NA,NA,NA,NA,NA,2021,NA,"KT",2021-11-03,NA,NA,NA,NA,NA,NA,NA,"blue",NA,NA,NA,NA,"N",NA,NA,0.5
2021-07-27,"WL3","1","4","V",NA,NA,"<1","1.7",1,"1.0",NA,NA,NA,NA,NA,2021,NA,"KT",2021-11-03,NA,NA,NA,NA,NA,NA,NA,"blue",NA,NA,NA,NA,"Y",NA,NA,0.5
2021-07-27,"WL3","1","4","V",NA,NA,"<1","3.5",1,"2.6",NA,NA,NA,NA,NA,2021,NA,"KT",2021-11-03,NA,NA,NA,NA,NA,NA,NA,"blue",NA,NA,NA,NA,"N",NA,NA,0.5
2021-07-27,"WL3","1","4","V",NA,NA,"<1","2.0",1,"1.1",NA,NA,NA,NA,NA,2021,NA,"KT",2021-11-03,NA,NA,NA,NA,NA,NA,NA,"blue",NA,NA,NA,NA,"N",NA,NA,0.5
2021-07-27,"WL3","1","4","V",NA,NA,"<1","1.6",1,"0.9",NA,NA,NA,NA,NA,2021,NA,"KT",2021-11-03,NA,NA,NA,NA,NA,NA,NA,"blue",NA,NA,NA,NA,"N",NA,NA,0.5
2021-07-27,"WL3","1","4","V",NA,NA,"<1","1.5",1,"0.9",NA,NA,NA,NA,NA,2021,NA,"KT",2021-11-03,NA,NA,NA,NA,NA,NA,NA,"blue",NA,NA,NA,NA,"Y",NA,NA,0.5
2021-07-27,"WL3","1","4","X",NA,NA,NA,NA,NA,NA,NA,NA,NA,NA,NA,2021,NA,"KT",2021-11-03,NA,NA,NA,NA,NA,NA,NA,"blue",NA,NA,NA,NA,NA,NA,NA,NA
2021-07-27,"WL3","1","4","V",NA,NA,"<1","1.5",1,"0.7",NA,NA,NA,NA,NA,2021,NA,"KT",2021-11-03,NA,NA,NA,NA,NA,NA,NA,"blue",NA,NA,NA,NA,"N",NA,NA,0.5
2021-07-27,"WL3","1","4","V",NA,NA,"<1","1.6",1,"0.7",NA,NA,NA,NA,NA,2021,NA,"KT",2021-11-03,NA,NA,NA,NA,NA,NA,NA,"blue",NA,NA,NA,NA,"N",NA,NA,0.5
2021-07-27,"WL3","1","4","V",NA,NA,"<1","1.6",1,"1.1",NA,NA,NA,NA,NA,2021,NA,"KT",2021-11-03,NA,NA,NA,NA,NA,NA,NA,"yellow",NA,NA,NA,NA,"N",NA,NA,0.5
2021-07-27,"WL3","1","4","V",NA,NA,"<1","1.7",1,"0.7",NA,NA,NA,NA,NA,2021,NA,"KT",2021-11-03,NA,NA,NA,NA,NA,NA,NA,"yellow",NA,NA,NA,NA,"N",NA,NA,0.5
2021-07-27,"WL3","1","4","V",NA,NA,"<1","0.9",1,"0.7",NA,NA,NA,NA,NA,2021,NA,"KT",2021-11-03,NA,NA,NA,NA,NA,NA,NA,"red",NA,NA,NA,NA,"N",NA,NA,0.5
2021-07-27,"WL3","1","4","V",NA,NA,"<1","0.7",1,"0.5",NA,NA,NA,NA,NA,2021,NA,"KT",2021-11-03,NA,NA,NA,NA,NA,NA,NA,"red",NA,NA,NA,NA,"Y",NA,NA,0.5
2021-07-27,"WL3","1","4","X",NA,NA,NA,NA,NA,NA,NA,NA,NA,NA,NA,2021,NA,"KT",2021-11-03,NA,NA,NA,NA,NA,NA,NA,"red",NA,NA,NA,NA,NA,NA,NA,NA
2021-07-27,"WL3","1","4","X",NA,NA,NA,NA,NA,NA,NA,NA,NA,NA,NA,2021,NA,"KT",2021-11-03,NA,NA,NA,NA,NA,NA,NA,"red",NA,NA,NA,NA,NA,NA,NA,NA
2021-07-27,"WL3","1","4.5","V",NA,NA,"<1","1.4",1,"0.9",NA,NA,NA,NA,NA,2021,NA,"KT",2021-11-03,NA,NA,NA,NA,NA,NA,NA,"blue",NA,NA,NA,NA,"Y",NA,NA,0.5
2021-07-27,"WL3","1","4.5","V",NA,NA,"<1","0.9",1,"0.6",NA,NA,NA,NA,NA,2021,NA,"KT",2021-11-03,NA,NA,NA,NA,NA,NA,NA,"blue",NA,NA,NA,NA,"N",NA,NA,0.5
2021-07-27,"WL3","1","4.5","V",NA,NA,"<1","1.1",1,"0.7",NA,NA,NA,NA,NA,2021,NA,"KT",2021-11-03,NA,NA,NA,NA,NA,NA,NA,"blue",NA,NA,NA,NA,"Y",NA,NA,0.5
2021-07-27,"WL3","1","4.5","V",NA,NA,"<1","0.9",1,"0.6",NA,NA,NA,NA,NA,2021,NA,"KT",2021-11-03,NA,NA,NA,NA,NA,NA,NA,"blue",NA,NA,NA,NA,"Y",NA,NA,0.5
2021-07-27,"WL3","1","4.5","V",NA,NA,"<1","2.1",1,"0.7",NA,NA,NA,NA,NA,2021,NA,"KT",2021-11-03,NA,NA,NA,NA,NA,NA,NA,"blue",NA,NA,NA,NA,"N",NA,NA,0.5
2021-07-27,"WL3","1","4.5","V",NA,NA,"<1","1.5",1,"0.5",NA,NA,NA,NA,NA,2021,NA,"KT",2021-11-03,NA,NA,NA,NA,NA,NA,NA,"blue",NA,NA,NA,NA,"N",NA,NA,0.5
2021-07-27,"WL3","1","4.5","V",NA,NA,"<1","1.1",1,"0.4",NA,NA,NA,NA,NA,2021,NA,"KT",2021-11-03,NA,NA,NA,NA,NA,NA,NA,"blue",NA,NA,NA,NA,"Y",NA,NA,0.5
2021-07-27,"WL3","1","4.5","V",NA,NA,"<1","0.5",1,"0.3",NA,NA,NA,NA,NA,2021,NA,"KT",2021-11-03,NA,NA,NA,NA,NA,NA,NA,"yellow",NA,NA,NA,NA,"Y",NA,NA,0.5
2021-07-27,"WL3","1","4.5","V",NA,NA,"<1","1.7",1,"0.5",NA,NA,NA,NA,NA,2021,NA,"KT",2021-11-03,NA,NA,NA,NA,NA,NA,NA,"yellow",NA,NA,NA,NA,"Y",NA,NA,0.5
2021-07-27,"WL3","1","4.5","V",NA,NA,"<1","1.6",1,"0.7",NA,NA,NA,NA,NA,2021,NA,"KT",2021-11-03,NA,NA,NA,NA,NA,NA,NA,"yellow",NA,NA,NA,NA,"N",NA,NA,0.5
2021-07-27,"WL3","1","4.5","V",NA,NA,"<1","0.8",1,"0.5",NA,NA,NA,NA,NA,2021,NA,"KT",2021-11-03,NA,NA,NA,NA,NA,NA,NA,"red",NA,NA,NA,NA,"N",NA,NA,0.5
2021-07-27,"WL3","1","0.5","V",NA,NA,"<1","0.6",1,"0.3",NA,NA,NA,NA,NA,2021,NA,"KT",2021-11-03,NA,NA,NA,NA,NA,NA,NA,NA,NA,NA,NA,NA,"N",NA,NA,0.5
2021-07-27,"WL3","1","2","V",NA,NA,"<1","3.2",1,"1.3",NA,NA,NA,NA,NA,2021,NA,"KT",2021-11-03,NA,NA,NA,NA,NA,NA,NA,"blue",NA,NA,NA,NA,"N",NA,NA,0.5
2021-07-27,"WL3","1","2","X",NA,NA,NA,NA,1,NA,NA,NA,NA,NA,"dead",2021,NA,"KT",2021-11-03,NA,NA,NA,NA,NA,NA,NA,"yellow",NA,NA,NA,NA,NA,NA,NA,NA
2021-07-27,"WL3","1","5","V",NA,NA,"<1","1.5",1,"0.4",NA,NA,NA,NA,NA,2021,NA,"KT",2021-11-04,NA,NA,NA,NA,NA,NA,NA,"blue",NA,NA,NA,NA,"N",NA,NA,0.5
2021-07-27,"WL3","1","5","V",NA,NA,"<1","0.5",1,"0.4",NA,NA,NA,NA,NA,2021,NA,"KT",2021-11-04,NA,NA,NA,NA,NA,NA,NA,"blue",NA,NA,NA,NA,"N",NA,NA,0.5
2021-07-27,"WL3","1","7.5","V",NA,NA,"<1","1.0",1,"0.3",NA,NA,NA,NA,NA,2021,NA,"KT",2021-11-04,NA,NA,NA,NA,NA,NA,NA,"red",NA,NA,NA,NA,"N",NA,NA,0.5
2021-07-27,"WL3","1","7.5","V",NA,NA,"<1","2.1",1,"1.0",NA,NA,NA,NA,NA,2021,NA,"KT",2021-11-04,NA,NA,NA,NA,NA,NA,NA,"blue",NA,NA,NA,NA,"N",NA,NA,0.5
2021-07-27,"WL3","1","8.5","V",NA,NA,"<1","1.2",1,"0.4",NA,NA,NA,NA,NA,2021,NA,"KT",2021-11-04,NA,NA,NA,NA,NA,NA,NA,"blue",NA,NA,NA,NA,"N",NA,NA,0.5
2021-07-27,"WL3","1","8.5","V",NA,NA,"<1","2.3",1,"1.4",NA,NA,NA,NA,NA,2021,NA,"KT",2021-11-04,NA,NA,NA,NA,NA,NA,NA,"blue",NA,NA,NA,NA,"N",NA,NA,0.5
2021-07-27,"WL3","1","8.5","V",NA,NA,"<1","1.6",1,"0.4",NA,NA,NA,NA,NA,2021,NA,"KT",2021-11-04,NA,NA,NA,NA,NA,NA,NA,"blue",NA,NA,NA,NA,"N",NA,NA,0.5
2021-07-27,"WL3","1","8.5","V",NA,NA,"<1","2.8",1,"1.3",NA,NA,NA,NA,NA,2021,NA,"KT",2021-11-04,NA,NA,NA,NA,NA,NA,NA,"blue",NA,NA,NA,NA,"N",NA,NA,0.5
2021-07-27,"WL3","1","8.5","V",NA,NA,"<1","1.1",1,"1.1",NA,NA,NA,NA,NA,2021,NA,"KT",2021-11-04,NA,NA,NA,NA,NA,NA,NA,"blue",NA,NA,NA,NA,"N",NA,NA,0.5
2021-07-27,"WL3","1","8.5","V",NA,NA,"<1","1.6",1,"0.5",NA,NA,NA,NA,NA,2021,NA,"KT",2021-11-04,NA,NA,NA,NA,NA,NA,NA,"blue",NA,NA,NA,NA,"N",NA,NA,0.5
2021-07-27,"WL3","1","8.5",NA,NA,NA,NA,NA,NA,NA,NA,NA,NA,NA,NA,2021,NA,"KT",2021-11-04,NA,NA,NA,NA,NA,NA,NA,"blue",NA,NA,NA,NA,NA,NA,NA,NA
2021-07-27,"WL3","1","8.5","V",NA,NA,"<1","1.2",1,"0.7",NA,NA,NA,NA,NA,2021,NA,"KT",2021-11-04,NA,NA,NA,NA,NA,NA,NA,"blue",NA,NA,NA,NA,"N",NA,NA,0.5
2021-07-27,"WL3","1","8.5","V",NA,NA,"<1","1.5",1,"0.5",NA,NA,NA,NA,NA,2021,NA,"KT",2021-11-04,NA,NA,NA,NA,NA,NA,NA,"blue",NA,NA,NA,NA,"N",NA,NA,0.5
2021-07-27,"WL3","1","8.5","V",NA,NA,"<1","2.0",1,"0.7",NA,NA,NA,NA,"wilting",2021,NA,"KT",2021-11-04,NA,NA,NA,NA,NA,NA,NA,"blue",NA,NA,NA,NA,"N",NA,NA,0.5
2021-07-27,"WL3","1","8.5","V",NA,NA,"<1","2.1",1,"0.6",NA,NA,NA,NA,NA,2021,NA,"KT",2021-11-04,NA,NA,NA,NA,NA,NA,NA,"blue",NA,NA,NA,NA,"N",NA,NA,0.5
2021-07-27,"WL3","1","8.5","V",NA,NA,"<1","1.4",1,"0.9",NA,NA,NA,NA,NA,2021,NA,"KT",2021-11-04,NA,NA,NA,NA,NA,NA,NA,"blue",NA,NA,NA,NA,"N",NA,NA,0.5
2021-07-27,"WL3","1","8.5","V",NA,NA,"<1","1.2",1,"0.6",NA,NA,NA,NA,NA,2021,NA,"KT",2021-11-04,NA,NA,NA,NA,NA,NA,NA,"blue",NA,NA,NA,NA,"N",NA,NA,0.5
2021-07-27,"WL3","1","8.5","V",NA,NA,"<1","0.2",1,"0.2",NA,NA,NA,NA,NA,2021,NA,"KT",2021-11-04,NA,NA,NA,NA,NA,NA,NA,"yellow",NA,NA,NA,NA,"N",NA,NA,0.5
2021-07-27,"WL3","1","8.5","X",35,28,NA,NA,NA,NA,NA,NA,NA,NA,"herbivorized",2021,NA,"KT",2021-11-04,NA,NA,NA,NA,NA,"red",41,NA,NA,NA,NA,NA,NA,NA,NA,NA
2021-07-27,"WL3","1","8.5","X",47,17,NA,NA,NA,NA,NA,NA,NA,NA,NA,2021,NA,"KT",2021-11-04,NA,NA,NA,NA,NA,"red",986,NA,"green",NA,NA,NA,NA,NA,NA,NA
2021-07-27,"WL3","1","8.5","P",45,5,"2.19","11.0",2,NA,NA,"23.0",3.4,2,NA,2021,NA,"KT",2021-11-04,NA,NA,NA,NA,NA,"orange",76,NA,"green",NA,NA,NA,"Y",NA,NA,2.19
2021-07-27,"WL3","1","9","V",NA,NA,"<1","2.3",1,"0.8",NA,NA,NA,NA,NA,2021,NA,"KT",2021-11-04,NA,NA,NA,NA,NA,NA,NA,"blue",NA,NA,NA,NA,"N",NA,NA,0.5
2021-07-27,"WL3","1","9","V",NA,NA,"<1","1.3",1,"0.4",NA,NA,NA,NA,NA,2021,NA,"KT",2021-11-04,NA,NA,NA,NA,NA,NA,NA,"blue",NA,NA,NA,NA,"N",NA,NA,0.5
2021-07-27,"WL3","1","9","V",NA,NA,"<1","1.2",1,"0.2",NA,NA,NA,NA,NA,2021,NA,"KT",2021-11-04,NA,NA,NA,NA,NA,NA,NA,"blue",NA,NA,NA,NA,"N",NA,NA,0.5
2021-07-27,"WL3","1","9","V",NA,NA,"<1","1.6",1,"0.6",NA,NA,NA,NA,NA,2021,NA,"KT",2021-11-05,NA,NA,NA,NA,NA,NA,NA,"blue",NA,NA,NA,NA,"N",NA,NA,0.5
2021-07-27,"WL3","1","9","V",NA,NA,"<1","1.6",1,"0.6",NA,NA,NA,NA,NA,2021,NA,"KT",2021-11-05,NA,NA,NA,NA,NA,NA,NA,"blue",NA,NA,NA,NA,"N",NA,NA,0.5
2021-07-27,"WL3","1","9","V",NA,NA,"<1","1.4",1,"0.3",NA,NA,NA,NA,NA,2021,NA,"KT",2021-11-05,NA,NA,NA,NA,NA,NA,NA,"blue",NA,NA,NA,NA,"N",NA,NA,0.5
2021-07-27,"WL3","1","9","X",NA,NA,"<1",NA,NA,NA,NA,NA,NA,NA,NA,2021,NA,"KT",2021-11-05,NA,NA,NA,NA,NA,NA,NA,"yellow",NA,NA,NA,NA,NA,NA,NA,0.5
2021-07-27,"WL3","1","9","V",NA,NA,"<1","1.1",1,"0.2",NA,NA,NA,NA,NA,2021,NA,"KT",2021-11-05,NA,NA,NA,NA,NA,NA,NA,"yellow",NA,NA,NA,NA,"N",NA,NA,0.5
2021-07-27,"WL3","1","9","X",13,50,"<1",NA,NA,NA,NA,NA,NA,NA,"bird bend is gone",2021,NA,"KT",2021-11-05,NA,NA,NA,NA,NA,"red",10,NA,NA,NA,NA,NA,NA,NA,NA,0.5
2021-07-27,"WL3","1","9.5","V",NA,NA,"<1","1.1",1,"0.2",NA,NA,NA,NA,NA,2021,NA,"KT",2021-11-05,NA,NA,NA,NA,NA,NA,NA,"blue",NA,NA,NA,NA,"N",NA,NA,0.5
2021-07-27,"WL3","1","9.5","V",NA,NA,"<1","0.9",1,"0.2",NA,NA,NA,NA,NA,2021,NA,"KT",2021-11-05,NA,NA,NA,NA,NA,NA,NA,"blue",NA,NA,NA,NA,"N",NA,NA,0.5
2021-07-27,"WL3","1","9.5","V",NA,NA,"<1","2.5",1,"0.6",NA,NA,NA,NA,NA,2021,NA,"KT",2021-11-05,NA,NA,NA,NA,NA,NA,NA,"blue",NA,NA,NA,NA,"N",NA,NA,0.5
2021-07-27,"WL3","2","0","V",NA,NA,"<1","1.6",1,"0.7",NA,NA,NA,NA,NA,2021,NA,"KT",2021-11-05,NA,NA,NA,NA,NA,NA,NA,"yellow",NA,NA,NA,NA,"N",NA,NA,0.5
2021-07-27,"WL3","2","0.5","X",NA,NA,"<1","2.0",1,"0.4",NA,NA,NA,NA,NA,2021,NA,"KT",2021-11-05,NA,NA,NA,NA,NA,NA,NA,"blue",NA,NA,NA,NA,"N",NA,NA,0.5
2021-07-27,"WL3","2","0.5","V",NA,NA,"<1","1.0",1,"0.5",NA,NA,NA,NA,"dying",2021,NA,"KT",2021-11-05,NA,NA,NA,NA,NA,NA,NA,"blue",NA,NA,NA,NA,"N",NA,NA,0.5
2021-07-27,"WL3","2","0.5","V",NA,NA,"<1","1.5",1,"0.7",NA,NA,NA,NA,NA,2021,NA,"KT",2021-11-05,NA,NA,NA,NA,NA,NA,NA,"blue",NA,NA,NA,NA,"N",NA,NA,0.5
2021-07-27,"WL3","2","0.5","X",NA,NA,NA,NA,NA,NA,NA,NA,NA,NA,NA,2021,NA,"KT",2021-11-05,NA,NA,NA,NA,NA,NA,NA,"blue",NA,NA,NA,NA,NA,NA,NA,NA
2021-07-27,"WL3","2","0.5","V",NA,NA,"<1","2.0",1,"0.7",NA,NA,NA,NA,NA,2021,NA,"KT",2021-11-05,NA,NA,NA,NA,NA,NA,NA,"blue",NA,NA,NA,NA,"N",NA,NA,0.5
2021-07-27,"WL3","2","0.5","V",NA,NA,"<1","1.2",1,"0.4",NA,NA,NA,NA,NA,2021,NA,"KT",2021-11-05,NA,NA,NA,NA,NA,NA,NA,"red",NA,NA,NA,NA,"N",NA,NA,0.5
2021-07-27,"WL3","2","1","X",NA,NA,NA,NA,NA,NA,NA,NA,NA,NA,NA,2021,NA,"KT",2021-11-05,NA,NA,NA,NA,NA,NA,NA,"blue",NA,NA,NA,NA,NA,NA,NA,NA
2021-07-27,"WL3","2","1","X",NA,NA,NA,NA,NA,NA,NA,NA,NA,NA,NA,2021,NA,"KT",2021-11-05,NA,NA,NA,NA,NA,NA,NA,"blue",NA,NA,NA,NA,NA,NA,NA,NA
2021-07-27,"WL3","2","1","V",NA,NA,"<1","1.3",1,"0.5",NA,NA,NA,NA,NA,2021,NA,"KT",2021-11-05,NA,NA,NA,NA,NA,NA,NA,"blue",NA,NA,NA,NA,"N",NA,NA,0.5
2021-07-27,"WL3","2","1","V",NA,NA,"<1","1.0",1,"0.4",NA,NA,NA,NA,NA,2021,NA,"KT",2021-11-05,NA,NA,NA,NA,NA,NA,NA,"blue",NA,NA,NA,NA,"N",NA,NA,0.5
2021-07-27,"WL3","2","1","V",NA,NA,"<1","1.6",1,"0.4",NA,NA,NA,NA,NA,2021,NA,"KT",2021-11-05,NA,NA,NA,NA,NA,NA,NA,"blue",NA,NA,NA,NA,"N",NA,NA,0.5
2021-07-27,"WL3","2","1","V",NA,NA,"<1","1.4",1,"0.6",NA,NA,NA,NA,NA,2021,NA,"KT",2021-11-05,NA,NA,NA,NA,NA,NA,NA,"blue",NA,NA,NA,NA,"N",NA,NA,0.5
2021-07-27,"WL3","2","1","V",NA,NA,"<1","0.8",1,"0.3",NA,NA,NA,NA,NA,2021,NA,"KT",2021-11-05,NA,NA,NA,NA,NA,NA,NA,"blue",NA,NA,NA,NA,"N",NA,NA,0.5
2021-07-27,"WL3","2","1","V",NA,NA,"<1","0.7",1,"0.3",NA,NA,NA,NA,NA,2021,NA,"KT",2021-11-05,NA,NA,NA,NA,NA,NA,NA,"blue",NA,NA,NA,NA,"N",NA,NA,0.5
2021-07-27,"WL3","2","1","V",NA,NA,"<1","0.9",1,"0.5",NA,NA,NA,NA,NA,2021,NA,"KT",2021-11-05,NA,NA,NA,NA,NA,NA,NA,"blue",NA,NA,NA,NA,"N",NA,NA,0.5
2021-07-27,"WL3","2","1","V",NA,NA,"<1","1.2",1,"0.4",NA,NA,NA,NA,NA,2021,NA,"KT",2021-11-05,NA,NA,NA,NA,NA,NA,NA,"blue",NA,NA,NA,NA,"N",NA,NA,0.5
2021-07-27,"WL3","2","1","X",NA,NA,NA,NA,NA,NA,NA,NA,NA,NA,NA,2021,NA,"KT",2021-11-05,NA,NA,NA,NA,NA,NA,NA,"yellow",NA,NA,NA,NA,NA,NA,NA,NA
2021-07-27,"WL3","2","1","V",NA,NA,"<1","2.1",1,"0.7",NA,NA,NA,NA,NA,2021,NA,"KT",2021-11-05,NA,NA,NA,NA,NA,NA,NA,"yellow",NA,NA,NA,NA,"N",NA,NA,0.5
2021-07-27,"WL3","2","1.5","V",NA,NA,"<1","0.9",1,"0.5",NA,NA,NA,NA,NA,2021,NA,"KT",2021-11-05,NA,NA,NA,NA,NA,NA,NA,"blue",NA,NA,NA,NA,"N",NA,NA,0.5
2021-07-27,"WL3","2","1.5","V",NA,NA,"<1","1.1",1,"0.7",NA,NA,NA,NA,NA,2021,NA,"KT",2021-11-05,NA,NA,NA,NA,NA,NA,NA,"blue",NA,NA,NA,NA,"N",NA,NA,0.5
2021-07-27,"WL3","2","1.5","V",NA,NA,"<1","0.7",1,"0.6",NA,NA,NA,NA,NA,2021,NA,"KT",2021-11-05,NA,NA,NA,NA,NA,NA,NA,"blue",NA,NA,NA,NA,"Y",NA,NA,0.5
2021-07-27,"WL3","2","1.5","V",NA,NA,"<1","0.6",1,"0.3",NA,NA,NA,NA,NA,2021,NA,"KT",2021-11-05,NA,NA,NA,NA,NA,NA,NA,"yellow",NA,NA,NA,NA,"N",NA,NA,0.5
2021-07-27,"WL3","2","1.5","V",NA,NA,"<1","0.9",1,"0.3",NA,NA,NA,NA,NA,2021,NA,"KT",2021-11-05,NA,NA,NA,NA,NA,NA,NA,"yellow",NA,NA,NA,NA,"N",NA,NA,0.5
2021-07-27,"WL3","2","1.5","V",33,2,"1.0","1.7",4,"0.7",NA,NA,NA,NA,NA,2021,NA,"KT",2021-11-05,NA,NA,NA,NA,NA,"orange",5,NA,NA,NA,NA,NA,"Y",NA,NA,1
2021-07-27,"WL3","2","2","X",NA,NA,NA,NA,NA,NA,NA,NA,NA,NA,NA,2021,NA,"KT",2021-11-05,NA,NA,NA,NA,NA,NA,NA,"blue",NA,NA,NA,NA,NA,NA,NA,NA
2021-07-27,"WL3","2","2","V",NA,NA,"<1","0.9",1,"0.7",NA,NA,NA,NA,NA,2021,NA,"KT",2021-11-05,NA,NA,NA,NA,NA,NA,NA,"blue",NA,NA,NA,NA,"N",NA,NA,0.5
2021-07-27,"WL3","2","2","V",NA,NA,"<1","1.1",1,"0.5",NA,NA,NA,NA,NA,2021,NA,"KT",2021-11-05,NA,NA,NA,NA,NA,NA,NA,"blue",NA,NA,NA,NA,"N",NA,NA,0.5
2021-07-27,"WL3","2","2","X",NA,NA,NA,NA,NA,NA,NA,NA,NA,NA,NA,2021,NA,"KT",2021-11-05,NA,NA,NA,NA,NA,NA,NA,"yellow",NA,NA,NA,NA,NA,NA,NA,NA
2021-07-27,"WL3","2","2","X",NA,NA,NA,NA,NA,NA,NA,NA,NA,NA,NA,2021,NA,"KT",2021-11-05,NA,NA,NA,NA,NA,NA,NA,"yellow",NA,NA,NA,NA,NA,NA,NA,NA
2021-07-27,"WL3","2","2","V",NA,NA,"<1","0.9",1,"0.5",NA,NA,NA,NA,NA,2021,NA,"KT",2021-11-05,NA,NA,NA,NA,NA,NA,NA,"yellow",NA,NA,NA,NA,"N",NA,NA,0.5
2021-07-27,"WL3","2","2","V",NA,NA,"<1","1.0",1,"0.4",NA,NA,NA,NA,"dying",2021,NA,"KT",2021-11-05,NA,NA,NA,NA,NA,NA,NA,"yellow",NA,NA,NA,NA,"N",NA,NA,0.5
2021-07-27,"WL3","2","2","V",NA,NA,"<1","1.5",1,"0.6",NA,NA,NA,NA,NA,2021,NA,"KT",2021-11-05,NA,NA,NA,NA,NA,NA,NA,"red",NA,NA,NA,NA,"N",NA,NA,0.5
2021-07-27,"WL3","2","2.5","V",NA,NA,NA,NA,NA,NA,NA,NA,NA,NA,NA,2021,NA,"KT",2021-11-05,NA,NA,NA,NA,NA,NA,NA,"blue",NA,NA,NA,NA,NA,NA,NA,NA
2021-07-27,"WL3","2","2.5","X",NA,NA,NA,NA,NA,NA,NA,NA,NA,NA,NA,2021,NA,"KT",2021-11-05,NA,NA,NA,NA,NA,NA,NA,"yellow",NA,NA,NA,NA,NA,NA,NA,NA
2021-07-27,"WL3","2","3","X",NA,NA,"<1","1.1",1,"0.5",NA,NA,NA,NA,NA,2021,NA,"KT",2021-11-05,NA,NA,NA,NA,NA,NA,NA,"blue",NA,NA,NA,NA,"N",NA,NA,0.5
2021-07-27,"WL3","2","3","V",NA,NA,"<1","1.0",1,"0.4",NA,NA,NA,NA,NA,2021,NA,"KT",2021-11-05,NA,NA,NA,NA,NA,NA,NA,"yellow",NA,NA,NA,NA,"N",NA,NA,0.5
2021-07-27,"WL3","2","3","V",NA,NA,"<1","1.2",1,"0.5",NA,NA,NA,NA,NA,2021,NA,"KT",2021-11-05,NA,NA,NA,NA,NA,NA,NA,"yellow",NA,NA,NA,NA,"Y",NA,NA,0.5
2021-07-27,"WL3","2","3","V",NA,NA,"<1","1.3",1,"0.5",NA,NA,NA,NA,NA,2021,NA,"KT",2021-11-05,NA,NA,NA,NA,NA,NA,NA,"yellow",NA,NA,NA,NA,"N",NA,NA,0.5
2021-07-27,"WL3","2","3","V",NA,NA,"<1","1.1",1,"0.5",NA,NA,NA,NA,NA,2021,NA,"KT",2021-11-05,NA,NA,NA,NA,NA,NA,NA,"yellow",NA,NA,NA,NA,"N",NA,NA,0.5
2021-07-27,"WL3","2","3","V",NA,NA,"<1","1.2",1,"0.6",NA,NA,NA,NA,NA,2021,NA,"KT",2021-11-05,NA,NA,NA,NA,NA,NA,NA,"yellow",NA,NA,NA,NA,"N",NA,NA,0.5
2021-07-27,"WL3","2","3","V",NA,NA,"<1","0.5",1,"0.3",NA,NA,NA,NA,"sad",2021,NA,"KT",2021-11-05,NA,NA,NA,NA,NA,NA,NA,"yellow",NA,NA,NA,NA,"Y",NA,NA,0.5
2021-07-27,"WL3","2","3","V",49,7,"1.42","2.4",2,"1.1",NA,NA,NA,NA,NA,2021,NA,"KT",2021-11-05,NA,NA,NA,NA,NA,"orange",406,NA,NA,NA,NA,NA,"N",NA,NA,1.42
2021-07-27,"WL3","2","3.5","V",NA,NA,"<1","1.4",1,"0.6",NA,NA,NA,NA,NA,2021,NA,"KT",2021-11-05,NA,NA,NA,NA,NA,NA,NA,"blue",NA,NA,NA,NA,"N",NA,NA,0.5
2021-07-27,"WL3","2","3.5","V",NA,NA,"<1","0.4",1,"0.9",NA,NA,NA,NA,NA,2021,NA,"KT",2021-11-05,NA,NA,NA,NA,NA,NA,NA,"blue",NA,NA,NA,NA,"N",NA,NA,0.5
2021-07-27,"WL3","2","3.5","V",NA,NA,"<1","0.7",1,"0.5",NA,NA,NA,NA,NA,2021,NA,"KT",2021-11-05,NA,NA,NA,NA,NA,NA,NA,"blue",NA,NA,NA,NA,"N",NA,NA,0.5
2021-07-27,"WL3","2","3.5","V",NA,NA,"<1","0.7",1,"0.3",NA,NA,NA,NA,NA,2021,NA,"KT",2021-11-05,NA,NA,NA,NA,NA,NA,NA,"yellow",NA,NA,NA,NA,"N",NA,NA,0.5
2021-07-27,"WL3","2","4","V",NA,NA,"<1","1.7",1,"0.6",NA,NA,NA,NA,NA,2021,NA,"KT",2021-11-05,NA,NA,NA,NA,NA,NA,NA,"blue",NA,NA,NA,NA,"N",NA,NA,0.5
2021-07-27,"WL3","2","4","V",NA,NA,"<1","2.3",1,"0.7",NA,NA,NA,NA,NA,2021,NA,"KT",2021-11-06,NA,NA,NA,NA,NA,NA,NA,"blue",NA,NA,NA,NA,"N",NA,NA,0.5
2021-07-27,"WL3","2","4","V",NA,NA,"<1","1.6",1,"0.5",NA,NA,NA,NA,NA,2021,NA,"KT",2021-11-06,NA,NA,NA,NA,NA,NA,NA,"blue",NA,NA,NA,NA,"N",NA,NA,0.5
2021-07-27,"WL3","2","4","V",NA,NA,"<1","1.2",1,"0.7",NA,NA,NA,NA,NA,2021,NA,"KT",2021-11-06,NA,NA,NA,NA,NA,NA,NA,"yellow",NA,NA,NA,NA,"N",NA,NA,0.5
2021-07-27,"WL3","2","4","X",35,3,NA,NA,NA,NA,NA,NA,NA,NA,"missing",2021,NA,"KT",2021-11-06,NA,NA,NA,NA,NA,"blue",606,NA,NA,NA,NA,NA,NA,NA,NA,NA
2021-07-27,"WL3","2","4","X",NA,NA,NA,NA,NA,NA,NA,NA,NA,NA,NA,2021,NA,"KT",2021-11-06,NA,NA,NA,NA,NA,"orange",3,NA,NA,NA,NA,NA,NA,NA,NA,NA
2021-07-27,"WL3","2","4.5","V",NA,NA,"<1","2.4",1,"0.6",NA,NA,NA,NA,NA,2021,NA,"KT",2021-11-06,NA,NA,NA,NA,NA,NA,NA,"blue",NA,NA,NA,NA,"N",NA,NA,0.5
2021-07-27,"WL3","2","4.5","V",NA,NA,"<1","2.2",1,"0.7",NA,NA,NA,NA,NA,2021,NA,"KT",2021-11-06,NA,NA,NA,NA,NA,NA,NA,"blue",NA,NA,NA,NA,"N",NA,NA,0.5
2021-07-27,"WL3","2","4.5","V",NA,NA,"<1","1.6",1,"0.6",NA,NA,NA,NA,NA,2021,NA,"KT",2021-11-06,NA,NA,NA,NA,NA,NA,NA,"blue",NA,NA,NA,NA,"N",NA,NA,0.5
2021-07-27,"WL3","2","4.5","V",NA,NA,"<1","1.1",1,"0.3",NA,NA,NA,NA,NA,2021,NA,"KT",2021-11-06,NA,NA,NA,NA,NA,NA,NA,"blue",NA,NA,NA,NA,"Y",NA,NA,0.5
2021-07-27,"WL3","2","4.5","V",NA,NA,"<1","0.8",1,"0.4",NA,NA,NA,NA,NA,2021,NA,"KT",2021-11-06,NA,NA,NA,NA,NA,NA,NA,"blue",NA,NA,NA,NA,"N",NA,NA,0.5
2021-07-27,"WL3","2","4.5","V",NA,NA,"<1","0.9",1,"0.6",NA,NA,NA,NA,NA,2021,NA,"KT",2021-11-06,NA,NA,NA,NA,NA,NA,NA,"blue",NA,NA,NA,NA,"Y",NA,NA,0.5
2021-07-27,"WL3","2","4.5","V",NA,NA,"<1","1.0",2,"0.4",NA,NA,NA,NA,NA,2021,NA,"KT",2021-11-06,NA,NA,NA,NA,NA,NA,NA,"yellow",NA,NA,NA,NA,"Y",NA,NA,0.5
2021-07-27,"WL3","2","4.5","V",NA,NA,"<1","1.2",1,"0.8",NA,NA,NA,NA,NA,2021,NA,"KT",2021-11-06,NA,NA,NA,NA,NA,NA,NA,"yellow",NA,NA,NA,NA,"Y",NA,NA,0.5
2021-07-27,"WL3","2","4.5","V",NA,NA,"<1","1.2",1,"0.4",NA,NA,NA,NA,NA,2021,NA,"KT",2021-11-06,NA,NA,NA,NA,NA,NA,NA,"yellow",NA,NA,NA,NA,"N",NA,NA,0.5
2021-07-27,"WL3","2","4.5","V",NA,NA,"<1","1.1",1,"0.4",NA,NA,NA,NA,NA,2021,NA,"KT",2021-11-06,NA,NA,NA,NA,NA,NA,NA,"yellow",NA,NA,NA,NA,"N",NA,NA,0.5
2021-07-27,"WL3","2","4.5","V",NA,NA,"<1","1.0",1,"0.6",NA,NA,NA,NA,NA,2021,NA,"KT",2021-11-06,NA,NA,NA,NA,NA,NA,NA,"yellow",NA,NA,NA,NA,"N",NA,NA,0.5
2021-07-27,"WL3","2","4.5","V",11,17,"1.2","1.1",3,"0.4",NA,NA,NA,NA,NA,2021,NA,"KT",2021-11-06,NA,NA,NA,NA,NA,"orange",69,NA,NA,NA,NA,NA,"Y",NA,NA,1.2
2021-07-27,"WL3","2","4.5","P",29,37,"0.86","5.2",2,NA,"0.0","3.0",3.9,2,NA,2021,NA,"KT",2021-11-06,NA,NA,NA,NA,NA,"orange",75,NA,"orange",NA,NA,NA,"Y",NA,NA,0.5
2021-07-27,"WL3","2","4.5","V",NA,NA,"<1","0.9",2,"0.3",NA,NA,NA,NA,NA,2021,NA,"KT",2021-11-06,NA,NA,NA,NA,NA,NA,NA,NA,NA,NA,NA,NA,"Y",NA,NA,0.5
2021-07-27,"WL3","2","4.5","V",NA,NA,"<1","0.7",2,"0.2",NA,NA,NA,NA,NA,2021,NA,"KT",2021-11-06,NA,NA,NA,NA,NA,NA,NA,NA,NA,NA,NA,NA,"Y",NA,NA,0.5
2021-07-27,"WL3","3","0","X",NA,NA,NA,NA,NA,NA,NA,NA,NA,NA,NA,2021,NA,"KT",2021-11-06,NA,NA,NA,NA,NA,NA,NA,"blue",NA,NA,NA,NA,NA,NA,NA,NA
2021-07-27,"WL3","3","0","X",NA,NA,NA,NA,NA,NA,NA,NA,NA,NA,NA,2021,NA,"KT",2021-11-06,NA,NA,NA,NA,NA,NA,NA,"red",NA,NA,NA,NA,NA,NA,NA,NA
2021-07-27,"WL3","3","0","V",NA,NA,"<1","2.0",1,"0.6",NA,NA,NA,NA,NA,2021,NA,"KT",2021-11-06,NA,NA,NA,NA,NA,NA,NA,"red",NA,NA,NA,NA,"N",NA,NA,0.5
2021-07-27,"WL3","3","0","P",30,45,"2.34","12.5",1,NA,NA,NA,3.7,NA,"silique measured",2021,NA,"KT",2021-11-06,NA,NA,NA,NA,NA,"red",40,NA,"green",NA,NA,NA,"Y",NA,NA,2.34
2021-07-27,"WL3","3","0","X",10,3,NA,NA,NA,NA,NA,NA,NA,NA,NA,2021,NA,"KT",2021-11-06,NA,NA,NA,NA,NA,"red",45,NA,NA,NA,NA,NA,NA,NA,NA,NA
2021-07-27,"WL3","3","0","P",12,1,"2.13","8.4",4,NA,NA,NA,3.6,4,NA,2021,NA,"KT",2021-11-06,NA,NA,NA,NA,NA,"orange",18,NA,"green",NA,NA,NA,"Y",NA,NA,2.13
2021-07-27,"WL3","3","0.5","V",NA,NA,"<1","0.9",1,"0.4",NA,NA,NA,NA,NA,2021,NA,"KT",2021-11-06,NA,NA,NA,NA,NA,NA,NA,"blue",NA,NA,NA,NA,"N",NA,NA,0.5
2021-07-27,"WL3","3","0.5","V",NA,NA,"<1","2.0",1,"0.4",NA,NA,NA,NA,NA,2021,NA,"KT",2021-11-06,NA,NA,NA,NA,NA,NA,NA,"blue",NA,NA,NA,NA,"Y",NA,NA,0.5
2021-07-27,"WL3","3","1.5","X",NA,NA,NA,NA,NA,NA,NA,NA,NA,NA,"wilted",2021,NA,"KT",2021-11-06,NA,NA,NA,NA,NA,NA,NA,"blue",NA,NA,NA,NA,NA,NA,NA,NA
2021-07-27,"WL3","3","1.5","V",NA,NA,"<1","2.0",1,"0.4",NA,NA,NA,NA,"wilted",2021,NA,"KT",2021-11-06,NA,NA,NA,NA,NA,NA,NA,"blue",NA,NA,NA,NA,"N",NA,NA,0.5
2021-07-27,"WL3","3","1.5","V",NA,NA,"<1","1.2",1,"0.7",NA,NA,NA,NA,NA,2021,NA,"KT",2021-11-06,NA,NA,NA,NA,NA,NA,NA,"blue",NA,NA,NA,NA,"N",NA,NA,0.5
2021-07-27,"WL3","3","1.5","V",NA,NA,"<1","1.7",1,"0.3",NA,NA,NA,NA,NA,2021,NA,"KT",2021-11-06,NA,NA,NA,NA,NA,NA,NA,"blue",NA,NA,NA,NA,"N",NA,NA,0.5
2021-07-27,"WL3","3","1.5","V",NA,NA,"<1","1.5",1,"0.8",NA,NA,NA,NA,NA,2021,NA,"KT",2021-11-06,NA,NA,NA,NA,NA,NA,NA,"blue",NA,NA,NA,NA,"N",NA,NA,0.5
2021-07-27,"WL3","3","1.5","X",NA,NA,NA,NA,NA,NA,NA,NA,NA,NA,NA,2021,NA,"KT",2021-11-06,NA,NA,NA,NA,NA,NA,NA,"blue",NA,NA,NA,NA,NA,NA,NA,NA
2021-07-27,"WL3","3","1.5","V",NA,NA,"<1","0.7",1,"0.4",NA,NA,NA,NA,NA,2021,NA,"KT",2021-11-06,NA,NA,NA,NA,NA,NA,NA,"blue",NA,NA,NA,NA,"N",NA,NA,0.5
2021-07-27,"WL3","3","1.5","V",NA,NA,"<1","2.4",1,"0.8",NA,NA,NA,NA,NA,2021,NA,"KT",2021-11-06,NA,NA,NA,NA,NA,NA,NA,"blue",NA,NA,NA,NA,"N",NA,NA,0.5
2021-07-27,"WL3","3","2","X",NA,NA,NA,NA,NA,NA,NA,NA,NA,NA,"loose toothpick",2021,NA,"KT",2021-11-06,NA,NA,NA,NA,NA,NA,NA,"blue",NA,NA,NA,NA,NA,NA,NA,NA
2021-07-27,"WL3","3","2","X",NA,NA,NA,NA,NA,NA,NA,NA,NA,NA,"no plant",2021,NA,"KT",2021-11-06,NA,NA,NA,NA,NA,NA,NA,"blue",NA,NA,NA,NA,NA,NA,NA,NA
2021-07-27,"WL3","3","2","V",NA,NA,"<1","1.6",1,"0.7",NA,NA,NA,NA,NA,2021,NA,"KT",2021-11-06,NA,NA,NA,NA,NA,NA,NA,"blue",NA,NA,NA,NA,"Y",NA,NA,0.5
2021-07-27,"WL3","3","2","V",NA,NA,"<1","2.7",1,"0.6",NA,NA,NA,NA,NA,2021,NA,"KT",2021-11-06,NA,NA,NA,NA,NA,NA,NA,"blue",NA,NA,NA,NA,"N",NA,NA,0.5
2021-07-27,"WL3","3","2","V",NA,NA,"<1","1.6",1,"0.8",NA,NA,NA,NA,NA,2021,NA,"KT",2021-11-06,NA,NA,NA,NA,NA,NA,NA,"blue",NA,NA,NA,NA,"N",NA,NA,0.5
2021-07-27,"WL3","3","2","V",NA,NA,"<1","2.1",1,"0.7",NA,NA,NA,NA,NA,2021,NA,"KT",2021-11-06,NA,NA,NA,NA,NA,NA,NA,"blue",NA,NA,NA,NA,"N",NA,NA,0.5
2021-07-27,"WL3","3","2","V",NA,NA,"<1","0.6",1,"0.5",NA,NA,NA,NA,NA,2021,NA,"KT",2021-11-06,NA,NA,NA,NA,NA,NA,NA,"yellow",NA,NA,NA,NA,"N",NA,NA,0.5
2021-07-27,"WL3","3","2.5","V",NA,NA,"<1","2.3",1,"0.7",NA,NA,NA,NA,NA,2021,NA,"KT",2021-11-06,NA,NA,NA,NA,NA,NA,NA,"blue",NA,NA,NA,NA,"N",NA,NA,0.5
2021-07-27,"WL3","3","2.5","X",20,50,NA,NA,NA,NA,NA,NA,NA,NA,NA,2021,NA,"KT",2021-11-06,NA,NA,NA,NA,NA,"red",43,NA,NA,NA,NA,NA,NA,NA,NA,NA
2021-07-27,"WL3","3","3","V",NA,NA,"<1","1.4",1,"0.4",NA,NA,NA,NA,NA,2021,NA,"KT",2021-11-09,NA,NA,NA,NA,NA,NA,NA,"blue",NA,NA,NA,NA,"N",NA,NA,0.5
2021-07-27,"WL3","3","3.5","V",NA,NA,"<1","2.2",1,"0.7",NA,NA,NA,NA,NA,2021,NA,"KT",2021-11-09,NA,NA,NA,NA,NA,NA,NA,"blue",NA,NA,NA,NA,"Y",NA,NA,0.5
2021-07-27,"WL3","3","3.5","V",NA,NA,"<1","1.7",1,"0.5",NA,NA,NA,NA,NA,2021,NA,"KT",2021-11-09,NA,NA,NA,NA,NA,NA,NA,"blue",NA,NA,NA,NA,"Y",NA,NA,0.5
2021-07-27,"WL3","3","3.5","V",NA,NA,"<1","0.7",1,"0.5",NA,NA,NA,NA,NA,2021,NA,"KT",2021-11-09,NA,NA,NA,NA,NA,NA,NA,"blue",NA,NA,NA,NA,"N",NA,NA,0.5
2021-07-27,"WL3","3","3.5","V",NA,NA,"<1","1.5",1,"0.7",NA,NA,NA,NA,NA,2021,NA,"KT",2021-11-09,NA,NA,NA,NA,NA,NA,NA,"blue",NA,NA,NA,NA,"N",NA,NA,0.5
2021-07-27,"WL3","3","3.5","X",NA,NA,NA,NA,NA,NA,NA,NA,NA,NA,NA,2021,NA,"KT",2021-11-09,NA,NA,NA,NA,NA,NA,NA,"blue",NA,NA,NA,NA,NA,NA,NA,NA
2021-07-27,"WL3","3","3.5","V",NA,NA,"<1","1.2",1,"0.3",NA,NA,NA,NA,NA,2021,NA,"KT",2021-11-09,NA,NA,NA,NA,NA,NA,NA,"blue",NA,NA,NA,NA,"N",NA,NA,0.5
2021-07-27,"WL3","3","3.5","V",NA,NA,"<1","1.1",1,"0.2",NA,NA,NA,NA,NA,2021,NA,"KT",2021-11-09,NA,NA,NA,NA,NA,NA,NA,"blue",NA,NA,NA,NA,"N",NA,NA,0.5
2021-07-27,"WL3","3","3.5","V",NA,NA,"<1","1.6",1,"0.6",NA,NA,NA,NA,NA,2021,NA,"KT",2021-11-09,NA,NA,NA,NA,NA,NA,NA,"blue",NA,NA,NA,NA,"N",NA,NA,0.5
2021-07-27,"WL3","3","3.5","V",NA,NA,"<1","1.3",1,"0.5",NA,NA,NA,NA,NA,2021,NA,"KT",2021-11-09,NA,NA,NA,NA,NA,NA,NA,"blue",NA,NA,NA,NA,"N",NA,NA,0.5
2021-07-27,"WL3","3","3.5","V",NA,NA,"<1","2.5",1,"0.7",NA,NA,NA,NA,NA,2021,NA,"KT",2021-11-09,NA,NA,NA,NA,NA,NA,NA,"blue",NA,NA,NA,NA,"N",NA,NA,0.5
2021-07-27,"WL3","3","3.5","V",NA,NA,"<1","2.2",1,"0.7",NA,NA,NA,NA,NA,2021,NA,"KT",2021-11-09,NA,NA,NA,NA,NA,NA,NA,"blue",NA,NA,NA,NA,"N",NA,NA,0.5
2021-07-27,"WL3","3","3.5","V",NA,NA,"<1","1.4",1,"0.4",NA,NA,NA,NA,NA,2021,NA,"KT",2021-11-09,NA,NA,NA,NA,NA,NA,NA,"blue",NA,NA,NA,NA,"N",NA,NA,0.5
2021-07-27,"WL3","3","3.5","V",NA,NA,"<1","1.0",1,"0.3",NA,NA,NA,NA,NA,2021,NA,"KT",2021-11-09,NA,NA,NA,NA,NA,NA,NA,"blue",NA,NA,NA,NA,"N",NA,NA,0.5
2021-07-27,"WL3","3","3.5","V",NA,NA,"<1","1.4",1,"0.4",NA,NA,NA,NA,NA,2021,NA,"KT",2021-11-09,NA,NA,NA,NA,NA,NA,NA,"blue",NA,NA,NA,NA,"N",NA,NA,0.5
2021-07-27,"WL3","3","3.5","V",NA,NA,"<1","1.6",1,"0.6",NA,NA,NA,NA,NA,2021,NA,"KT",2021-11-09,NA,NA,NA,NA,NA,NA,NA,"blue",NA,NA,NA,NA,"N",NA,NA,0.5
2021-07-27,"WL3","3","3.5","V",NA,NA,"<1","1.3",1,"0.5",NA,NA,NA,NA,NA,2021,NA,"KT",2021-11-09,NA,NA,NA,NA,NA,NA,NA,"blue",NA,NA,NA,NA,"N",NA,NA,0.5
2021-07-27,"WL3","3","3.5","V",NA,NA,"<1","0.9",1,"0.4",NA,NA,NA,NA,NA,2021,NA,"KT",2021-11-09,NA,NA,NA,NA,NA,NA,NA,"blue",NA,NA,NA,NA,"N",NA,NA,0.5
2021-07-27,"WL3","3","4","V",NA,NA,"<1","1.0",1,"0.3",NA,NA,NA,NA,"dying",2021,NA,"KT",2021-11-09,NA,NA,NA,NA,NA,NA,NA,"blue",NA,NA,NA,NA,"N",NA,NA,0.5
2021-07-27,"WL3","3","4","V",NA,NA,"<1","1.1",1,"0.3",NA,NA,NA,NA,NA,2021,NA,"KT",2021-11-09,NA,NA,NA,NA,NA,NA,NA,"blue",NA,NA,NA,NA,"N",NA,NA,0.5
2021-07-27,"WL3","3","4","V",NA,NA,"<1","1.0",1,"0.2",NA,NA,NA,NA,NA,2021,NA,"KT",2021-11-09,NA,NA,NA,NA,NA,NA,NA,"blue",NA,NA,NA,NA,"Y",NA,NA,0.5
2021-07-27,"WL3","3","4","X",NA,NA,NA,NA,NA,NA,NA,NA,NA,NA,NA,2021,NA,"KT",2021-11-09,NA,NA,NA,NA,NA,NA,NA,"blue",NA,NA,NA,NA,NA,NA,NA,NA
2021-07-27,"WL3","3","4","V",NA,NA,"<1","1.2",1,"0.2",NA,NA,NA,NA,NA,2021,NA,"KT",2021-11-09,NA,NA,NA,NA,NA,NA,NA,"blue",NA,NA,NA,NA,"N",NA,NA,0.5
2021-07-27,"WL3","3","4","V",NA,NA,"<1","1.7",1,"0.3",NA,NA,NA,NA,NA,2021,NA,"KT",2021-11-09,NA,NA,NA,NA,NA,NA,NA,"blue",NA,NA,NA,NA,"N",NA,NA,0.5
2021-07-27,"WL3","3","4","V",NA,NA,"<1","1.6",1,"0.4",NA,NA,NA,NA,NA,2021,NA,"KT",2021-11-09,NA,NA,NA,NA,NA,NA,NA,"blue",NA,NA,NA,NA,"Y",NA,NA,0.5
2021-07-27,"WL3","3","4","V",NA,NA,"<1","1.7",1,"0.4",NA,NA,NA,NA,NA,2021,NA,"KT",2021-11-09,NA,NA,NA,NA,NA,NA,NA,"blue",NA,NA,NA,NA,"N",NA,NA,0.5
2021-07-27,"WL3","3","4","V",NA,NA,"<1","1.7",1,"0.3",NA,NA,NA,NA,NA,2021,NA,"KT",2021-11-09,NA,NA,NA,NA,NA,NA,NA,"blue",NA,NA,NA,NA,"Y",NA,NA,0.5
2021-07-27,"WL3","3","4","V",NA,NA,"<1","1.3",1,"0.4",NA,NA,NA,NA,NA,2021,NA,"KT",2021-11-09,NA,NA,NA,NA,NA,NA,NA,"blue",NA,NA,NA,NA,"Y",NA,NA,0.5
2021-07-27,"WL3","3","4","V",NA,NA,"<1","1.7",1,"0.6",NA,NA,NA,NA,NA,2021,NA,"KT",2021-11-09,NA,NA,NA,NA,NA,NA,NA,"blue",NA,NA,NA,NA,"N",NA,NA,0.5
2021-07-27,"WL3","3","4","V",NA,NA,"<1","1.8",1,"0.4",NA,NA,NA,NA,NA,2021,NA,"KT",2021-11-09,NA,NA,NA,NA,NA,NA,NA,"blue",NA,NA,NA,NA,"Y",NA,NA,0.5
2021-07-27,"WL3","3","4","V",NA,NA,"<1","0.9",1,"0.3",NA,NA,NA,NA,NA,2021,NA,"KT",2021-11-09,NA,NA,NA,NA,NA,NA,NA,"blue",NA,NA,NA,NA,"N",NA,NA,0.5
2021-07-27,"WL3","3","4","V",NA,NA,"<1","1.5",1,"0.3",NA,NA,NA,NA,NA,2021,NA,"KT",2021-11-09,NA,NA,NA,NA,NA,NA,NA,"yellow",NA,NA,NA,NA,"N",NA,NA,0.5
2021-07-27,"WL3","3","4","V",NA,NA,"<1","1.5",1,"0.4",NA,NA,NA,NA,NA,2021,NA,"KT",2021-11-09,NA,NA,NA,NA,NA,NA,NA,"red",NA,NA,NA,NA,"Y",NA,NA,0.5
2021-07-27,"WL3","3","4.5","X",NA,NA,NA,NA,NA,NA,NA,NA,NA,NA,NA,2021,NA,"KT",2021-11-09,NA,NA,NA,NA,NA,NA,NA,"blue",NA,NA,NA,NA,NA,NA,NA,NA
2021-07-27,"WL3","3","4.5","V",NA,NA,"<1","1.4",1,"0.2",NA,NA,NA,NA,"dying",2021,NA,"KT",2021-11-09,NA,NA,NA,NA,NA,NA,NA,"blue",NA,NA,NA,NA,"N",NA,NA,0.5
2021-07-27,"WL3","3","4.5","V",NA,NA,"<1","0.8",1,"0.3",NA,NA,NA,NA,NA,2021,NA,"KT",2021-11-09,NA,NA,NA,NA,NA,NA,NA,"blue",NA,NA,NA,NA,"Y",NA,NA,0.5
2021-07-27,"WL3","3","5","V",NA,NA,"<1","1.6",1,"0.7",NA,NA,NA,NA,NA,2021,NA,"KT",2021-11-09,NA,NA,NA,NA,NA,NA,NA,"blue",NA,NA,NA,NA,"Y",NA,NA,0.5
2021-07-27,"WL3","3","5","X",NA,NA,NA,NA,NA,NA,NA,NA,NA,NA,NA,2021,NA,"KT",2021-11-09,NA,NA,NA,NA,NA,NA,NA,"blue",NA,NA,NA,NA,NA,NA,NA,NA
2021-07-27,"WL3","3","5","V",NA,NA,"<1","1.8",1,"0.3",NA,NA,NA,NA,NA,2021,NA,"KT",2021-11-09,NA,NA,NA,NA,NA,NA,NA,"blue",NA,NA,NA,NA,"N",NA,NA,0.5
2021-07-27,"WL3","3","5","V",NA,NA,"<1","2.7",1,"0.7",NA,NA,NA,NA,NA,2021,NA,"KT",2021-11-09,NA,NA,NA,NA,NA,NA,NA,"blue",NA,NA,NA,NA,"Y",NA,NA,0.5
2021-07-27,"WL3","3","6","V",NA,NA,"<1","0.7",1,"0.2",NA,NA,NA,NA,NA,2021,NA,"KT",2021-11-09,NA,NA,NA,NA,NA,NA,NA,"blue",NA,NA,NA,NA,"N",NA,NA,0.5
2021-07-27,"WL3","3","6","V",NA,NA,"<1","0.6",1,"0.2",NA,NA,NA,NA,NA,2021,NA,"KT",2021-11-09,NA,NA,NA,NA,NA,NA,NA,"blue",NA,NA,NA,NA,"N",NA,NA,0.5
2021-07-27,"WL3","3","6","V",NA,NA,"<1","1.0",1,"0.3",NA,NA,NA,NA,NA,2021,NA,"KT",2021-11-09,NA,NA,NA,NA,NA,NA,NA,"blue",NA,NA,NA,NA,"Y",NA,NA,0.5
2021-07-27,"WL3","3","6","V",NA,NA,"<1","1.1",1,"0.4",NA,NA,NA,NA,NA,2021,NA,"KT",2021-11-09,NA,NA,NA,NA,NA,NA,NA,"blue",NA,NA,NA,NA,"N",NA,NA,0.5
2021-07-27,"WL3","3","6","V",NA,NA,"<1","0.6",1,"0.4",NA,NA,NA,NA,NA,2021,NA,"KT",2021-11-09,NA,NA,NA,NA,NA,NA,NA,"blue",NA,NA,NA,NA,"N",NA,NA,0.5
2021-07-27,"WL3","3","6","V",NA,NA,"<1","0.9",1,"0.6",NA,NA,NA,NA,NA,2021,NA,"KT",2021-11-09,NA,NA,NA,NA,NA,NA,NA,"blue",NA,NA,NA,NA,"N",NA,NA,0.5
2021-07-27,"WL3","3","6","V",NA,NA,"<1","0.9",1,"0.3",NA,NA,NA,NA,NA,2021,NA,"KT",2021-11-09,NA,NA,NA,NA,NA,NA,NA,"blue",NA,NA,NA,NA,"N",NA,NA,0.5
2021-07-27,"WL3","3","6","V",NA,NA,"<1","1.5",1,"0.3",NA,NA,NA,NA,NA,2021,NA,"KT",2021-11-09,NA,NA,NA,NA,NA,NA,NA,"blue",NA,NA,NA,NA,"N",NA,NA,0.5
2021-07-27,"WL3","3","6","V",NA,NA,"<1","1.7",1,"0.4",NA,NA,NA,NA,NA,2021,NA,"KT",2021-11-09,NA,NA,NA,NA,NA,NA,NA,"blue",NA,NA,NA,NA,"N",NA,NA,0.5
2021-07-27,"WL3","3","6","V",NA,NA,"<1","1.3",1,"0.3",NA,NA,NA,NA,NA,2021,NA,"KT",2021-11-09,NA,NA,NA,NA,NA,NA,NA,"blue",NA,NA,NA,NA,"N",NA,NA,0.5
2021-07-27,"WL3","3","6","V",NA,NA,"<1","1.2",1,"0.4",NA,NA,NA,NA,NA,2021,NA,"KT",2021-11-09,NA,NA,NA,NA,NA,NA,NA,"blue",NA,NA,NA,NA,"N",NA,NA,0.5
2021-07-27,"WL3","3","6","V",NA,NA,"<1","1.5",1,"0.4",NA,NA,NA,NA,NA,2021,NA,"KT",2021-11-09,NA,NA,NA,NA,NA,NA,NA,"blue",NA,NA,NA,NA,"N",NA,NA,0.5
2021-07-27,"WL3","3","6","V",NA,NA,"<1","0.8",1,"0.4",NA,NA,NA,NA,NA,2021,NA,"KT",2021-11-09,NA,NA,NA,NA,NA,NA,NA,"blue",NA,NA,NA,NA,"N",NA,NA,0.5
2021-07-27,"WL3","3","6","V",NA,NA,"<1","0.4",1,"0.2",NA,NA,NA,NA,NA,2021,NA,"KT",2021-11-09,NA,NA,NA,NA,NA,NA,NA,"blue",NA,NA,NA,NA,"N",NA,NA,0.5
2021-07-27,"WL3","3","6","V",NA,NA,"<1","0.4",1,"0.2",NA,NA,NA,NA,NA,2021,NA,"KT",2021-11-09,NA,NA,NA,NA,NA,NA,NA,"blue",NA,NA,NA,NA,"N",NA,NA,0.5
2021-07-27,"WL3","3","6","V",NA,NA,"<1","0.6",1,"0.2",NA,NA,NA,NA,NA,2021,NA,"KT",2021-11-09,NA,NA,NA,NA,NA,NA,NA,"red",NA,NA,NA,NA,"N",NA,NA,0.5
2021-07-27,"WL3","3","6.5","V",NA,NA,"<1","1.0",1,"0.5",NA,NA,NA,NA,NA,2021,NA,"KT",2021-11-09,NA,NA,NA,NA,NA,NA,NA,"blue",NA,NA,NA,NA,"Y",NA,NA,0.5
2021-07-27,"WL3","3","6.5","V",NA,NA,"<1","0.4",1,"0.2",NA,NA,NA,NA,NA,2021,NA,"KT",2021-11-09,NA,NA,NA,NA,NA,NA,NA,"blue",NA,NA,NA,NA,"N",NA,NA,0.5
2021-07-27,"WL3","3","6.5","V",NA,NA,"<1","1.1",1,"0.5",NA,NA,NA,NA,NA,2021,NA,"KT",2021-11-09,NA,NA,NA,NA,NA,NA,NA,"blue",NA,NA,NA,NA,"N",NA,NA,0.5
2021-07-27,"WL3","3","6.5","V",NA,NA,"<1","1.0",1,"0.3",NA,NA,NA,NA,NA,2021,NA,"KT",2021-11-09,NA,NA,NA,NA,NA,NA,NA,"blue",NA,NA,NA,NA,"N",NA,NA,0.5
2021-07-27,"WL3","3","6.5","V",NA,NA,"<1","0.8",1,"0.4",NA,NA,NA,NA,NA,2021,NA,"KT",2021-11-09,NA,NA,NA,NA,NA,NA,NA,"blue",NA,NA,NA,NA,"N",NA,NA,0.5
2021-07-27,"WL3","3","6.5","V",NA,NA,"<1","1.3",1,"0.7",NA,NA,NA,NA,NA,2021,NA,"KT",2021-11-09,NA,NA,NA,NA,NA,NA,NA,"blue",NA,NA,NA,NA,"Y",NA,NA,0.5
2021-07-27,"WL3","3","6.5","V",NA,NA,"<1","1.4",1,"0.3",NA,NA,NA,NA,"dying",2021,NA,"KT",2021-11-09,NA,NA,NA,NA,NA,NA,NA,"blue",NA,NA,NA,NA,"N",NA,NA,0.5
2021-07-27,"WL3","3","6.5","V",NA,NA,"<1","0.6",1,"0.4",NA,NA,NA,NA,NA,2021,NA,"KT",2021-11-09,NA,NA,NA,NA,NA,NA,NA,"blue",NA,NA,NA,NA,"N",NA,NA,0.5
2021-07-27,"WL3","3","6.5","V",NA,NA,"<1","0.9",1,"0.5",NA,NA,NA,NA,NA,2021,NA,"KT",2021-11-09,NA,NA,NA,NA,NA,NA,NA,"blue",NA,NA,NA,NA,"N",NA,NA,0.5
2021-07-27,"WL3","3","6.5","V",NA,NA,"<1","1.2",1,"0.6",NA,NA,NA,NA,NA,2021,NA,"KT",2021-11-09,NA,NA,NA,NA,NA,NA,NA,"blue",NA,NA,NA,NA,"N",NA,NA,0.5
2021-07-27,"WL3","3","6.5","V",NA,NA,"<1","1.0",1,"0.5",NA,NA,NA,NA,NA,2021,NA,"KT",2021-11-09,NA,NA,NA,NA,NA,NA,NA,"blue",NA,NA,NA,NA,"N",NA,NA,0.5
2021-07-27,"WL3","3","6.5","V",NA,NA,"<1","0.5",1,"0.3",NA,NA,NA,NA,NA,2021,NA,"KT",2021-11-09,NA,NA,NA,NA,NA,NA,NA,"blue",NA,NA,NA,NA,"Y",NA,NA,0.5
2021-07-27,"WL3","3","6.5","V",NA,NA,"<1","1.0",1,"0.5",NA,NA,NA,NA,NA,2021,NA,"KT",2021-11-09,NA,NA,NA,NA,NA,NA,NA,"blue",NA,NA,NA,NA,"Y",NA,NA,0.5
2021-07-27,"WL3","3","6.5","V",NA,NA,"<1","0.8",1,"0.4",NA,NA,NA,NA,NA,2021,NA,"KT",2021-11-09,NA,NA,NA,NA,NA,NA,NA,"blue",NA,NA,NA,NA,"N",NA,NA,0.5
2021-07-27,"WL3","3","6.5","V",NA,NA,"<1","0.5",1,"0.3",NA,NA,NA,NA,NA,2021,NA,"KT",2021-11-09,NA,NA,NA,NA,NA,NA,NA,"blue",NA,NA,NA,NA,"N",NA,NA,0.5
2021-07-27,"WL3","3","6.5","V",NA,NA,"<1","2.0",1,"0.4",NA,NA,NA,NA,NA,2021,NA,"KT",2021-11-09,NA,NA,NA,NA,NA,NA,NA,"blue",NA,NA,NA,NA,"N",NA,NA,0.5
2021-07-27,"WL3","3","6.5","V",NA,NA,"<1","1.0",1,"0.5",NA,NA,NA,NA,NA,2021,NA,"KT",2021-11-09,NA,NA,NA,NA,NA,NA,NA,"blue",NA,NA,NA,NA,"N",NA,NA,0.5
2021-07-27,"WL3","3","6.5","X",NA,NA,NA,NA,NA,NA,NA,NA,NA,NA,NA,2021,NA,"KT",2021-11-09,NA,NA,NA,NA,NA,NA,NA,"yellow",NA,NA,NA,NA,NA,NA,NA,NA
2021-07-27,"WL3","3","6.5","X",20,49,NA,NA,NA,NA,NA,NA,NA,NA,NA,2021,NA,"KT",2021-11-09,NA,NA,NA,NA,NA,"red",57,NA,NA,NA,NA,NA,NA,NA,NA,NA
2021-07-27,"WL3","3","7.5","V",NA,NA,"<1","0.9",1,"0.3",NA,NA,NA,NA,NA,2021,NA,"KT",2021-11-09,NA,NA,NA,NA,NA,NA,NA,"blue",NA,NA,NA,NA,"N",NA,NA,0.5
2021-07-27,"WL3","3","8","V",NA,NA,"<1","1.4",1,"0.5",NA,NA,NA,NA,NA,2021,NA,"KT",2021-11-09,NA,NA,NA,NA,NA,NA,NA,"blue",NA,NA,NA,NA,"N",NA,NA,0.5
2021-07-27,"WL3","3","8","V",NA,NA,"<1","1.2",1,"0.4",NA,NA,NA,NA,NA,2021,NA,"KT",2021-11-09,NA,NA,NA,NA,NA,NA,NA,"blue",NA,NA,NA,NA,"N",NA,NA,0.5
2021-07-27,"WL3","3","8","V",NA,NA,"<1","1.4",1,"0.3",NA,NA,NA,NA,NA,2021,NA,"KT",2021-11-09,NA,NA,NA,NA,NA,NA,NA,"blue",NA,NA,NA,NA,"N",NA,NA,0.5
2021-07-27,"WL3","3","8","V",NA,NA,"<1","1.4",1,"0.3",NA,NA,NA,NA,"crispy",2021,NA,"KT",2021-11-09,NA,NA,NA,NA,NA,NA,NA,"blue",NA,NA,NA,NA,"N",NA,NA,0.5
2021-07-27,"WL3","3","8","V",NA,NA,"<1","1.0",1,"0.4",NA,NA,NA,NA,NA,2021,NA,"KT",2021-11-09,NA,NA,NA,NA,NA,NA,NA,"blue",NA,NA,NA,NA,"Y",NA,NA,0.5
2021-07-27,"WL3","3","8.5","V",NA,NA,"<1","1.9",1,"0.8",NA,NA,NA,NA,NA,2021,NA,"KT",2021-11-09,NA,NA,NA,NA,NA,NA,NA,"blue",NA,NA,NA,NA,"Y",NA,NA,0.5
2021-07-27,"WL3","3","6","V",NA,NA,"<1","0.8",1,"0.3",NA,NA,NA,NA,NA,2021,NA,"KT",2021-11-09,NA,NA,NA,NA,NA,NA,NA,NA,NA,NA,NA,NA,"N",NA,NA,0.5
2021-07-27,"WL3","3","6.5","V",NA,NA,"<1","0.9",1,"0.5",NA,NA,NA,NA,NA,2021,NA,"KT",2021-11-09,NA,NA,NA,NA,NA,NA,NA,NA,NA,NA,NA,NA,"N",NA,NA,0.5
2021-07-27,"WL3","3","6.5","V",NA,NA,"<1","0.4",1,"0.3",NA,NA,NA,NA,NA,2021,NA,"KT",2021-11-09,NA,NA,NA,NA,NA,NA,NA,NA,NA,NA,NA,NA,"N",NA,NA,0.5
2021-07-27,"WL3","3","6.5","V",NA,NA,"<1","0.6",1,"0.5",NA,NA,NA,NA,NA,2021,NA,"KT",2021-11-09,NA,NA,NA,NA,NA,NA,NA,NA,NA,NA,NA,NA,"N",NA,NA,0.5
2021-07-27,"WL3","4","2","V",NA,NA,"<1","0.7",1,"0.4",NA,NA,NA,NA,NA,2021,NA,"KT",2021-11-09,NA,NA,NA,NA,NA,NA,NA,"blue",NA,NA,NA,NA,"N",NA,NA,0.5
2021-07-27,"WL3","4","3.5","V",NA,NA,"<1","0.8",1,"0.4",NA,NA,NA,NA,NA,2021,NA,"KT",2021-11-09,NA,NA,NA,NA,NA,NA,NA,"blue",NA,NA,NA,NA,"Y",NA,NA,0.5
2021-07-27,"WL3","4","4.5","V",NA,NA,"<1","1.0",1,"0.5",NA,NA,NA,NA,NA,2021,NA,"KT",2021-11-09,NA,NA,NA,NA,NA,NA,NA,"blue",NA,NA,NA,NA,"N",NA,NA,0.5
2021-07-27,"WL3","4","4.5","V",NA,NA,"<1","0.9",1,"0.5",NA,NA,NA,NA,NA,2021,NA,"KT",2021-11-09,NA,NA,NA,NA,NA,NA,NA,"blue",NA,NA,NA,NA,"N",NA,NA,0.5
2021-07-27,"WL3","4","4.5","V",NA,NA,"<1","1.0",1,"0.4",NA,NA,NA,NA,NA,2021,NA,"KT",2021-11-09,NA,NA,NA,NA,NA,NA,NA,"yellow",NA,NA,NA,NA,"N",NA,NA,0.5
2021-07-27,"WL3","4","5","V",NA,NA,"<1","2.3",1,"0.6",NA,NA,NA,NA,NA,2021,NA,"KT",2021-11-09,NA,NA,NA,NA,NA,NA,NA,"blue",NA,NA,NA,NA,"N",NA,NA,0.5
2021-07-27,"WL3","4","5","V",NA,NA,"<1","2.8",1,"0.7",NA,NA,NA,NA,NA,2021,NA,"KT",2021-11-09,NA,NA,NA,NA,NA,NA,NA,"blue",NA,NA,NA,NA,"Y",NA,NA,0.5
2021-07-27,"WL3","4","5","V",NA,NA,"<1","1.2",1,"0.4",NA,NA,NA,NA,NA,2021,NA,"KT",2021-11-09,NA,NA,NA,NA,NA,NA,NA,"yellow",NA,NA,NA,NA,"Y",NA,NA,0.5
2021-07-27,"WL3","4","5","V",NA,NA,"<1","0.8",1,"0.4",NA,NA,NA,NA,NA,2021,NA,"KT",2021-11-09,NA,NA,NA,NA,NA,NA,NA,"yellow",NA,NA,NA,NA,"Y",NA,NA,0.5
2021-07-27,"WL3","4","5","V",NA,NA,"<1","1.2",1,"0.3",NA,NA,NA,NA,NA,2021,NA,"KT",2021-11-09,NA,NA,NA,NA,NA,NA,NA,"yellow",NA,NA,NA,NA,"Y",NA,NA,0.5
2021-07-27,"WL3","4","5","X",NA,NA,NA,NA,NA,NA,NA,NA,NA,NA,NA,2021,NA,"KT",2021-11-09,NA,NA,NA,NA,NA,NA,NA,"yellow",NA,NA,NA,NA,NA,NA,NA,NA
2021-07-27,"WL3","4","5","V",NA,NA,"<1","0.8",1,"0.3",NA,NA,NA,NA,NA,2021,NA,"KT",2021-11-09,NA,NA,NA,NA,NA,NA,NA,"yellow",NA,NA,NA,NA,"N",NA,NA,0.5
2021-07-27,"WL3","4","5","V",NA,NA,"<1","0.7",1,"0.4",NA,NA,NA,NA,NA,2021,NA,"KT",2021-11-09,NA,NA,NA,NA,NA,NA,NA,"red",NA,NA,NA,NA,"N",NA,NA,0.5
2021-07-27,"WL3","4","5.5","V",NA,NA,"<1","2.2",1,"0.4",NA,NA,NA,NA,NA,2021,NA,"KT",2021-11-09,NA,NA,NA,NA,NA,NA,NA,"blue",NA,NA,NA,NA,"N",NA,NA,0.5
2021-07-27,"WL3","4","5.5","V",3,39,"1.08","3.1",1,"1.1",NA,NA,NA,NA,NA,2021,NA,"KT",2021-11-09,NA,NA,NA,NA,NA,"purple",834,"blue",NA,NA,NA,NA,"Y",NA,NA,1.08
2021-07-27,"WL3","4","5.5","V",NA,NA,"<1","0.6",1,"0.2",NA,NA,NA,NA,NA,2021,NA,"KT",2021-11-09,NA,NA,NA,NA,NA,NA,NA,"yellow",NA,NA,NA,NA,"Y",NA,NA,0.5
2021-07-27,"WL3","4","5.5","V",NA,NA,"<1","0.8",1,"0.4",NA,NA,NA,NA,NA,2021,NA,"KT",2021-11-09,NA,NA,NA,NA,NA,NA,NA,"yellow",NA,NA,NA,NA,"N",NA,NA,0.5
2021-07-27,"WL3","4","5.5","V",NA,NA,"<1","1.9",1,"0.6",NA,NA,NA,NA,NA,2021,NA,"KT",2021-11-09,NA,NA,NA,NA,NA,NA,NA,"yellow",NA,NA,NA,NA,"N",NA,NA,0.5
2021-07-27,"WL3","4","5.5","V",NA,NA,"<1","1.5",1,"0.5",NA,NA,NA,NA,NA,2021,NA,"KT",2021-11-09,NA,NA,NA,NA,NA,NA,NA,"yellow",NA,NA,NA,NA,"N",NA,NA,0.5
2021-07-27,"WL3","4","5.5","V",30,40,"1.09","3.1",1,"1.0",NA,NA,NA,NA,NA,2021,NA,"KT",2021-11-09,NA,NA,NA,NA,NA,"orange",49,NA,NA,NA,NA,NA,"Y",NA,NA,1.09
2021-07-27,"WL3","4","5.5","X",4,30,NA,NA,NA,NA,NA,NA,NA,NA,NA,2021,NA,"KT",2021-11-09,NA,NA,NA,NA,NA,"red",42,NA,NA,NA,NA,NA,NA,NA,NA,NA
2021-07-27,"WL3","4","7","V",NA,NA,"<1","0.9",1,"0.5",NA,NA,NA,NA,NA,2021,NA,"KT",2021-11-09,NA,NA,NA,NA,NA,NA,NA,"blue",NA,NA,NA,NA,"N",NA,NA,0.5
2021-07-27,"WL3","4","7.5","V",NA,NA,"<1","2.0",1,"0.6",NA,NA,NA,NA,NA,2021,NA,"KT",2021-11-09,NA,NA,NA,NA,NA,NA,NA,"blue",NA,NA,NA,NA,"Y",NA,NA,0.5
2021-07-27,"WL3","4","7.5","P",1,37,"0.98","12.5",1,NA,"0.0","5.0",3.1,1,NA,2021,NA,"KT",2021-11-09,NA,NA,NA,NA,NA,"orange",58,NA,"green",NA,NA,NA,"N",NA,NA,0.5
2021-07-27,"WL3","4","7.5","V",1,41,"0.74","2.5",1,"0.9",NA,NA,NA,NA,NA,2021,NA,"KT",2021-11-09,NA,NA,NA,NA,NA,"orange",43,NA,NA,NA,NA,NA,"N",NA,NA,0.5
2021-07-27,"WL3","4","8","V",6,17,"1.58","4.3",1,"1.1",NA,NA,NA,NA,NA,2021,NA,"KT",2021-11-09,NA,NA,NA,NA,NA,"orange",54,NA,NA,NA,NA,NA,"Y",NA,NA,1.58
2021-07-27,"WL3","4","8","X",NA,NA,NA,NA,NA,NA,NA,NA,NA,NA,NA,2021,NA,"KT",2021-11-09,NA,NA,NA,NA,NA,"orange",30,NA,NA,NA,NA,NA,NA,NA,NA,NA
2021-07-27,"WL3","4","8","X",NA,NA,NA,NA,NA,NA,NA,NA,NA,NA,NA,2021,NA,"KT",2021-11-09,NA,NA,NA,NA,NA,"orange",88,NA,NA,NA,NA,NA,NA,NA,NA,NA
2021-07-27,"WL3","4","8","V",26,29,"1.06","3.0",1,"1.7",NA,NA,NA,NA,NA,2021,NA,"KT",2021-11-09,NA,NA,NA,NA,NA,"orange",97,NA,NA,NA,NA,NA,"Y",NA,NA,1.06
2021-07-27,"WL3","4","8.5","V",NA,NA,"<1","0.9",1,"0.6",NA,NA,NA,NA,NA,2021,NA,"KT",2021-11-09,NA,NA,NA,NA,NA,NA,NA,"blue",NA,NA,NA,NA,"Y",NA,NA,0.5
2022-07-27,"WL3","1","0","X",NA,NA,NA,NA,NA,NA,NA,NA,NA,NA,NA,2022,NA,"YHW",2022-08-30,NA,NA,NA,NA,NA,NA,NA,"blue",NA,NA,NA,NA,NA,NA,NA,NA
2022-07-27,"WL3","1","0","V",NA,NA,"0.32","0.5",1,"0.2",NA,NA,NA,NA,NA,2022,NA,"YHW",2022-08-30,NA,NA,NA,NA,NA,NA,NA,"red",NA,NA,NA,NA,"N",NA,NA,0.5
2022-07-27,"WL3","1","0","V",NA,NA,"0.37","1.8",1,"0.3",NA,NA,NA,NA,NA,2022,NA,"YHW",2022-08-30,NA,NA,NA,NA,NA,NA,NA,"red",NA,NA,NA,NA,"N",NA,NA,0.5
2022-07-27,"WL3","1","0","V",NA,NA,"0.29","0.7",1,"0.2",NA,NA,NA,NA,NA,2022,NA,"YHW",2022-08-30,NA,NA,NA,NA,NA,NA,NA,"red",NA,NA,NA,NA,"N",NA,NA,0.5
2022-07-27,"WL3","1","0","V",NA,NA,"0.43","1.0",1,"0.2",NA,NA,NA,NA,NA,2022,NA,"YHW",2022-08-30,NA,NA,NA,NA,NA,NA,NA,"red",NA,NA,NA,NA,"N",NA,NA,0.5
2022-07-27,"WL3","1","0","V",NA,NA,"0.31","0.6",1,"0.2",NA,NA,NA,NA,NA,2022,NA,"YHW",2022-08-30,NA,NA,NA,NA,NA,NA,NA,"red",NA,NA,NA,NA,"N",NA,NA,0.5
2022-07-27,"WL3","1","0","V",NA,NA,"0.48","0.6",1,"0.2",NA,NA,NA,NA,NA,2022,NA,"YHW",2022-08-30,NA,NA,NA,NA,NA,NA,NA,"red",NA,NA,NA,NA,"Y",NA,NA,0.5
2022-07-27,"WL3","1","0.5","V",42,8,"1.62","2.1",1,"1.5",NA,NA,NA,NA,NA,2022,NA,"YHW",2022-08-30,NA,NA,NA,NA,NA,"white",44,"red",NA,NA,NA,NA,"N",NA,NA,1.62
2022-07-27,"WL3","1","0.5","V",22,30,"0.61","2.0",1,"0.4",NA,NA,NA,NA,NA,2022,NA,"YHW",2022-08-30,NA,NA,NA,NA,NA,"white",26,"red",NA,NA,NA,NA,"N",NA,NA,0.5
2022-07-27,"WL3","1","0.5","X",NA,NA,NA,NA,NA,NA,NA,NA,NA,NA,NA,2022,NA,"YHW",2022-08-30,NA,NA,NA,NA,NA,NA,NA,"red",NA,NA,NA,NA,NA,NA,NA,NA
2022-07-27,"WL3","1","0.5","V",NA,NA,"0.38","0.7",1,"0.2",NA,NA,NA,NA,NA,2022,NA,"YHW",2022-08-30,NA,NA,NA,NA,NA,NA,NA,"red",NA,NA,NA,NA,"Y",NA,NA,0.5
2022-07-27,"WL3","1","0.5","V",NA,NA,"0.19","1.4",1,"0.3",NA,NA,NA,NA,NA,2022,NA,"YHW",2022-08-30,NA,NA,NA,NA,NA,NA,NA,"red",NA,NA,NA,NA,"Y",NA,NA,0.5
2022-07-27,"WL3","1","0.5","X",NA,NA,NA,NA,NA,NA,NA,NA,NA,NA,NA,2022,NA,"YHW",2022-08-30,NA,NA,NA,NA,NA,NA,NA,"red",NA,NA,NA,NA,NA,NA,NA,NA
2022-07-27,"WL3","1","1","V",NA,NA,"0.48","1.5",1,"0.6",NA,NA,NA,NA,NA,2022,NA,"YHW",2022-08-30,NA,NA,NA,NA,NA,NA,NA,"red",NA,NA,NA,NA,"Y",NA,NA,0.5
2022-07-27,"WL3","1","1","V",48,5,"0.82","2.2",1,"1.3",NA,NA,NA,NA,NA,2022,NA,"YHW",2022-08-30,NA,NA,NA,NA,NA,"white",39,"red",NA,NA,NA,NA,"N",NA,NA,0.5
2022-07-27,"WL3","1","1","V",20,10,"0.72","1.9",1,"0.9",NA,NA,NA,NA,NA,2022,NA,"YHW",2022-08-30,NA,NA,NA,NA,NA,"white",31,"red",NA,NA,NA,NA,"N",NA,NA,0.5
2022-07-27,"WL3","1","1","V",5,37,"0.66","2.5",1,"0.7",NA,NA,NA,NA,NA,2022,NA,"YHW",2022-08-30,NA,NA,NA,NA,NA,"white",47,"red",NA,NA,NA,NA,"N",NA,NA,0.5
2022-07-27,"WL3","1","1","V",34,33,"0.66","2.3",1,"1.0",NA,NA,NA,NA,NA,2022,NA,"YHW",2022-08-30,NA,NA,NA,NA,NA,"white",7,"red",NA,NA,NA,NA,"N",NA,NA,0.5
2022-07-27,"WL3","1","1","V",38,39,"0.74","2.1",1,"0.9",NA,NA,NA,NA,NA,2022,NA,"YHW",2022-08-30,NA,NA,NA,NA,NA,"white",48,"red",NA,NA,NA,NA,"N",NA,NA,0.5
2022-07-27,"WL3","1","1","X",NA,NA,NA,NA,NA,NA,NA,NA,NA,NA,NA,2022,NA,"YHW",2022-08-30,NA,NA,NA,NA,NA,NA,NA,"red",NA,NA,NA,NA,NA,NA,NA,NA
2022-07-27,"WL3","1","1.5","V",NA,NA,"0.45","1.2",1,"0.8",NA,NA,NA,NA,NA,2022,NA,"YHW",2022-08-30,NA,NA,NA,NA,NA,NA,NA,"red",NA,NA,NA,NA,"N",NA,NA,0.5
2022-07-27,"WL3","1","1.5","V",45,22,"0.83","1.7",1,"0.7",NA,NA,NA,NA,NA,2022,NA,"YHW",2022-08-30,NA,NA,NA,NA,NA,"white",21,"red",NA,NA,NA,NA,"N",NA,NA,0.5
2022-07-27,"WL3","1","1.5","V",11,40,"0.55","2.1",1,"0.4",NA,NA,NA,NA,NA,2022,NA,"YHW",2022-08-30,NA,NA,NA,NA,NA,"white",29,"red",NA,NA,NA,NA,"N",NA,NA,0.5
2022-07-27,"WL3","1","2","P",25,40,"2.65","20.0",7,NA,"0.0","54.0",4.4,7,NA,2022,NA,"YHW",2022-08-30,NA,NA,NA,NA,NA,"blue",13,NA,"yellow",NA,NA,NA,"N",NA,NA,2.65
2022-07-27,"WL3","1","2","P",22,13,"3.63","24.0",11,NA,"21.0","108.0",4.7,11,NA,2022,NA,"YHW",2022-08-30,NA,NA,NA,NA,NA,"blue",56,NA,"orange",NA,NA,NA,"Y",NA,NA,3.63
2022-07-27,"WL3","1","2","X",NA,NA,NA,NA,NA,NA,NA,NA,NA,NA,NA,2022,NA,"YHW",2022-08-30,NA,NA,NA,NA,NA,NA,NA,"red",NA,NA,NA,NA,NA,NA,NA,NA
2022-07-27,"WL3","1","2","X",NA,NA,NA,NA,NA,NA,NA,NA,NA,NA,NA,2022,NA,"YHW",2022-08-30,NA,NA,NA,NA,NA,NA,NA,"red",NA,NA,NA,NA,NA,NA,NA,NA
2022-07-27,"WL3","1","2","X",NA,NA,NA,NA,NA,NA,NA,NA,NA,NA,NA,2022,NA,"YHW",2022-08-30,NA,NA,NA,NA,NA,NA,NA,"red",NA,NA,NA,NA,NA,NA,NA,NA
2022-07-27,"WL3","1","2","V",15,10,"0.94","2.4",1,"1.2",NA,NA,NA,NA,NA,2022,NA,"YHW",2022-08-30,NA,NA,NA,NA,NA,"white",9,"red",NA,NA,NA,NA,"N",NA,NA,0.5
2022-07-27,"WL3","1","2","V",11,28,"1.07","3.1",1,"1.8",NA,NA,NA,NA,NA,2022,NA,"YHW",2022-08-30,NA,NA,NA,NA,NA,"white",19,"red",NA,NA,NA,NA,"N",NA,NA,1.07
2022-07-27,"WL3","1","2","V",1,20,"1.25","2.5",1,"1.3",NA,NA,NA,NA,NA,2022,NA,"YHW",2022-08-30,NA,NA,NA,NA,NA,"white",35,"red",NA,NA,NA,NA,"N",NA,NA,1.25
2022-07-27,"WL3","1","2","V",0,27,"1.1","2.3",1,"0.8",NA,NA,NA,NA,NA,2022,NA,"YHW",2022-08-30,NA,NA,NA,NA,NA,"white",3,"red",NA,NA,NA,NA,"N",NA,NA,1.1
2022-07-27,"WL3","1","2","V",NA,NA,"0.48","1.6",1,"0.4",NA,NA,NA,NA,NA,2022,NA,"YHW",2022-08-30,NA,NA,NA,NA,NA,NA,NA,"red",NA,NA,NA,NA,"N",NA,NA,0.5
2022-07-27,"WL3","1","2","V",11,32,"0.65","2.0",1,"0.6",NA,NA,NA,NA,NA,2022,NA,"YHW",2022-08-30,NA,NA,NA,NA,NA,"white",42,"red",NA,NA,NA,NA,"N",NA,NA,0.5
2022-07-27,"WL3","1","2","V",19,30,"0.61","2.1",1,"0.5",NA,NA,NA,NA,NA,2022,NA,"YHW",2022-08-30,NA,NA,NA,NA,NA,"white",41,"red",NA,NA,NA,NA,"N",NA,NA,0.5
2022-07-27,"WL3","1","2","V",13,36,"0.75","3.5",1,"1.3",NA,NA,NA,NA,NA,2022,NA,"YHW",2022-08-30,NA,NA,NA,NA,NA,"white",22,"red",NA,NA,NA,NA,"N",NA,NA,0.5
2022-07-27,"WL3","1","2","V",NA,NA,"0.49","1.9",1,"0.5",NA,NA,NA,NA,NA,2022,NA,"YHW",2022-08-30,NA,NA,NA,NA,NA,NA,NA,"red",NA,NA,NA,NA,"N",NA,NA,0.5
2022-07-27,"WL3","1","3","V",38,30,"0.98","6.1",1,"2.4",NA,NA,NA,NA,NA,2022,NA,"YHW",2022-08-30,NA,NA,NA,NA,NA,"white",6,"red",NA,NA,NA,NA,"N",NA,NA,0.5
2022-07-27,"WL3","1","3.5","P",36,31,"5.0","29.0",5,NA,"2.0","115.0",56,5,NA,2022,NA,"YHW",2022-08-30,NA,NA,NA,NA,NA,"blue",60,NA,"yellow",NA,NA,NA,"N",NA,NA,5
2022-07-27,"WL3","1","3.5","V",10,18,"0.74","3.1",1,"2.0",NA,NA,NA,NA,NA,2022,NA,"YHW",2022-08-30,NA,NA,NA,NA,NA,"white",49,"red",NA,NA,NA,NA,"N",NA,NA,0.5
2022-07-27,"WL3","1","3.5","V",NA,NA,"0.46","2.5",1,"1.3",NA,NA,NA,NA,NA,2022,NA,"YHW",2022-08-30,NA,NA,NA,NA,NA,NA,NA,"red",NA,NA,NA,NA,"N",NA,NA,0.5
2022-07-27,"WL3","1","3.5","V",40,23,"0.72","1.9",1,"1.1",NA,NA,NA,NA,NA,2022,NA,"YHW",2022-08-30,NA,NA,NA,NA,NA,"white",28,"red",NA,NA,NA,NA,"N",NA,NA,0.5
2022-07-27,"WL3","1","4","P",34,11,"1.97","17.0",4,NA,"1.0","23.0",5.1,4,NA,2022,NA,"YHW",2022-08-30,NA,NA,NA,NA,NA,"blue",127,NA,"green",NA,NA,NA,"N",NA,NA,1.97
2022-07-27,"WL3","1","4","P",31,4,"1.72","13.0",4,NA,"1.0","19.0",4.8,4,NA,2022,NA,"YHW",2022-08-30,NA,NA,NA,NA,NA,"blue",756,NA,"yellow",NA,NA,NA,"N",NA,NA,1.72
2022-07-27,"WL3","1","4","V",NA,NA,"0.39","1.8",1,"0.4",NA,NA,NA,NA,NA,2022,NA,"YHW",2022-08-30,NA,NA,NA,NA,NA,NA,NA,"blue",NA,NA,NA,NA,"N",NA,NA,0.5
2022-07-27,"WL3","1","4","V",45,50,"1.05","1.7",1,"1.6",NA,NA,NA,NA,NA,2022,NA,"YHW",2022-08-30,NA,NA,NA,NA,NA,"white",24,"red",NA,NA,NA,NA,"N",NA,NA,1.05
2022-07-27,"WL3","1","4",NA,NA,NA,"0.46","1.8",1,"0.1",NA,NA,NA,NA,NA,2022,NA,"YHW",2022-08-30,NA,NA,NA,NA,NA,NA,NA,"red",NA,NA,NA,NA,"N",NA,NA,0.5
2022-07-27,"WL3","1","4.5","P",34,4,"1.18","9.1",2,NA,"2.0","20.0",3.5,2,NA,2022,NA,"YHW",2022-08-30,NA,NA,NA,NA,NA,"blue",59,NA,"yellow",NA,NA,NA,"N",NA,NA,1.18
2022-07-27,"WL3","1","4.5","V",8,27,"0.83","2.4",1,"1.1",NA,NA,NA,NA,NA,2022,NA,"YHW",2022-08-30,NA,NA,NA,NA,NA,"white",14,"red",NA,NA,NA,NA,"N",NA,NA,0.5
2022-07-27,"WL3","1","4.5","V",NA,NA,"0.45","1.8",1,"0.7",NA,NA,NA,NA,NA,2022,NA,"YHW",2022-08-30,NA,NA,NA,NA,NA,NA,NA,"red",NA,NA,NA,NA,"N",NA,NA,0.5
2022-07-27,"WL3","1","4.5","V",49,23,"0.75","2.1",1,"0.9",NA,NA,NA,NA,NA,2022,NA,"YHW",2022-08-30,NA,NA,NA,NA,NA,"white",46,"red",NA,NA,NA,NA,"N",NA,NA,0.5
2022-07-27,"WL3","1","4.5","V",NA,NA,"0.46","1.8",1,"0.6",NA,NA,NA,NA,NA,2022,NA,"YHW",2022-08-30,NA,NA,NA,NA,NA,NA,NA,"red",NA,NA,NA,NA,"N",NA,NA,0.5
2022-07-27,"WL3","1","4.5","V",20,50,"0.52","3.7",1,"0.8",NA,NA,NA,NA,NA,2022,NA,"YHW",2022-08-30,NA,NA,NA,NA,NA,"white",34,"red",NA,NA,NA,NA,"N",NA,NA,0.5
2022-07-27,"WL3","1","5","P",23,5,"3.23","18.5",7,NA,"1.0","82.0",5,7,NA,2022,NA,"YHW",2022-08-30,NA,NA,NA,NA,NA,"blue",129,NA,"yellow",NA,NA,NA,"N",NA,NA,3.23
2022-07-27,"WL3","1","5","X",NA,NA,NA,NA,NA,NA,NA,NA,NA,NA,NA,2022,NA,"YHW",2022-08-30,NA,NA,NA,NA,NA,NA,NA,"blue",NA,NA,NA,NA,NA,NA,NA,NA
2022-07-27,"WL3","1","5","V",13,31,"0.71","3.2",1,"1.0",NA,NA,NA,NA,NA,2022,NA,"YHW",2022-08-30,NA,NA,NA,NA,NA,"white",18,"red",NA,NA,NA,NA,"N",NA,NA,0.5
2022-07-27,"WL3","1","5","V",NA,NA,"0.26","0.9",1,"0.3",NA,NA,NA,NA,NA,2022,NA,"YHW",2022-08-30,NA,NA,NA,NA,NA,NA,NA,"red",NA,NA,NA,NA,"N",NA,NA,0.5
2022-07-27,"WL3","1","5.5","X",NA,NA,NA,NA,NA,NA,NA,NA,NA,NA,"could not find",2022,NA,"YHW",2022-08-30,NA,NA,NA,NA,NA,NA,NA,"red",NA,NA,NA,NA,NA,NA,NA,NA
2022-07-27,"WL3","1","6","V",NA,NA,"0.34","3.1",1,"0.8",NA,NA,NA,NA,NA,2022,NA,"YHW",2022-08-30,NA,NA,NA,NA,NA,NA,NA,"red",NA,NA,NA,NA,"N",NA,NA,0.5
2022-07-27,"WL3","1","6.5","V",47,5,"0.86","2.4",1,"-0.9",NA,NA,NA,NA,"added 7/27",2022,NA,"YHW",2022-08-30,NA,NA,NA,NA,NA,"white",38,"red",NA,NA,NA,NA,"N",NA,NA,0.5
2022-07-27,"WL3","1","5","V",NA,NA,"0.32","2.1",1,"0.7",NA,NA,NA,NA,NA,2022,NA,"YHW",2022-08-30,NA,NA,NA,NA,NA,NA,NA,"blue",NA,NA,NA,NA,"N",NA,NA,0.5
2022-07-27,"WL3","1","5","V",NA,NA,"0.42","2.0",1,"0.6",NA,NA,NA,NA,NA,2022,NA,"YHW",2022-08-30,NA,NA,NA,NA,NA,NA,NA,"blue",NA,NA,NA,NA,"N",NA,NA,0.5
2022-07-27,"WL3","1","7","V",NA,NA,"0.48","4.6",2,"1.3",NA,NA,NA,NA,NA,2022,NA,"YHW",2022-08-30,NA,NA,NA,NA,NA,NA,NA,"red",NA,NA,NA,NA,"N",NA,NA,0.5
2022-07-27,"WL3","1","8","V",NA,NA,"0.45","2.3",1,"0.5",NA,NA,NA,NA,NA,2022,NA,"YHW",2022-08-30,NA,NA,NA,NA,NA,NA,NA,"red",NA,NA,NA,NA,"N",NA,NA,0.5
2022-07-27,"WL3","1","8","V",NA,NA,"0.47","1.8",1,"0.4",NA,NA,NA,NA,NA,2022,NA,"YHW",2022-08-30,NA,NA,NA,NA,NA,NA,NA,"red",NA,NA,NA,NA,"N",NA,NA,0.5
2022-07-27,"WL3","1","8","V",NA,NA,"0.44","1.3",1,"0.6",NA,NA,NA,NA,NA,2022,NA,"YHW",2022-08-30,NA,NA,NA,NA,NA,NA,NA,"red",NA,NA,NA,NA,"Y",NA,NA,0.5
2022-07-27,"WL3","1","8","V",49,23,"0.5","2.4",1,"0.9",NA,NA,NA,NA,NA,2022,NA,"YHW",2022-08-30,NA,NA,NA,NA,NA,"white",8,"red",NA,NA,NA,NA,"Y",NA,NA,0.5
2022-07-27,"WL3","1","8","V",NA,NA,"0.33","1.1",1,"1.0",NA,NA,NA,NA,NA,2022,NA,"YHW",2022-08-30,NA,NA,NA,NA,NA,NA,NA,"red",NA,NA,NA,NA,"Y",NA,NA,0.5
2022-07-27,"WL3","1","8","V",NA,NA,"0.31","2.1",1,"1.1",NA,NA,NA,NA,NA,2022,NA,"YHW",2022-08-30,NA,NA,NA,NA,NA,NA,NA,"red",NA,NA,NA,NA,"Y",NA,NA,0.5
2022-07-27,"WL3","1","8.5","X",NA,NA,NA,NA,NA,NA,NA,NA,NA,NA,NA,2022,NA,"YHW",2022-08-30,NA,NA,NA,NA,NA,NA,NA,"red",NA,NA,NA,NA,"N",NA,NA,NA
2022-07-27,"WL3","1","8.5","X",NA,NA,NA,NA,NA,NA,NA,NA,NA,NA,NA,2022,NA,"YHW",2022-08-30,NA,NA,NA,NA,NA,NA,NA,"red",NA,NA,NA,NA,"N",NA,NA,NA
2022-07-27,"WL3","1","8.5","X",NA,NA,NA,NA,NA,NA,NA,NA,NA,NA,NA,2022,NA,"YHW",2022-08-30,NA,NA,NA,NA,NA,NA,NA,"red",NA,NA,NA,NA,"N",NA,NA,NA
2022-07-27,"WL3","1","8.5","X",NA,NA,NA,NA,NA,NA,NA,NA,NA,NA,NA,2022,NA,"YHW",2022-08-30,NA,NA,NA,NA,NA,NA,NA,"red",NA,NA,NA,NA,"N",NA,NA,NA
2022-07-27,"WL3","1","8.5","X",NA,NA,NA,NA,NA,NA,NA,NA,NA,NA,NA,2022,NA,"YHW",2022-08-30,NA,NA,NA,NA,NA,NA,NA,"red",NA,NA,NA,NA,"N",NA,NA,NA
2022-07-27,"WL3","1","8.5","V",5,8,"0.73","1.3",1,"0.7",NA,NA,NA,NA,NA,2022,NA,"YHW",2022-08-30,NA,NA,NA,NA,NA,"white",262,"red",NA,NA,NA,NA,"N",NA,NA,0.5
2022-07-27,"WL3","1","8.5","V",NA,NA,"0.38","2.1",1,"1.5",NA,NA,NA,NA,NA,2022,NA,"YHW",2022-08-30,NA,NA,NA,NA,NA,NA,NA,"red",NA,NA,NA,NA,"N",NA,NA,0.5
2022-07-27,"WL3","1","8.5","V",NA,NA,"0.33","2.1",1,"0.9",NA,NA,NA,NA,NA,2022,NA,"YHW",2022-08-30,NA,NA,NA,NA,NA,NA,NA,"red",NA,NA,NA,NA,"N",NA,NA,0.5
2022-07-27,"WL3","1","8.5","V",NA,NA,"0.4","3.1",1,"1.0",NA,NA,NA,NA,NA,2022,NA,"YHW",2022-08-30,NA,NA,NA,NA,NA,NA,NA,"red",NA,NA,NA,NA,"N",NA,NA,0.5
2022-07-27,"WL3","1","8.5","V",13,15,"0.58","3.6",2,"1.0",NA,NA,NA,NA,NA,2022,NA,"YHW",2022-08-30,NA,NA,NA,NA,NA,"white",234,"red",NA,NA,NA,NA,"N",NA,NA,0.5
2022-07-27,"WL3","1","8.5","V",NA,NA,"0.36","2.1",1,"1.1",NA,NA,NA,NA,NA,2022,NA,"YHW",2022-08-30,NA,NA,NA,NA,NA,NA,NA,"red",NA,NA,NA,NA,"N",NA,NA,0.5
2022-07-27,"WL3","1","8.5","V",16,18,"0.74","2.8",2,"1.6",NA,NA,NA,NA,NA,2022,NA,"YHW",2022-08-30,NA,NA,NA,NA,NA,"white",92,"red",NA,NA,NA,NA,"N",NA,NA,0.5
2022-07-27,"WL3","1","8.5","V",24,24,"0.73","1.5",1,"1.3",NA,NA,NA,NA,NA,2022,NA,"YHW",2022-08-30,NA,NA,NA,NA,NA,"white",101,"red",NA,NA,NA,NA,"N",NA,NA,0.5
2022-07-27,"WL3","1","8.5","V",41,29,"0.83","2.7",1,"1.0",NA,NA,NA,NA,NA,2022,NA,"YHW",2022-08-30,NA,NA,NA,NA,NA,"white",157,"red",NA,NA,NA,NA,"N",NA,NA,0.5
2022-07-27,"WL3","1","8.5","V",NA,NA,"0.45","2.2",1,"0.7",NA,NA,NA,NA,NA,2022,NA,"YHW",2022-08-30,NA,NA,NA,NA,NA,NA,NA,"red",NA,NA,NA,NA,"N",NA,NA,0.5
2022-07-27,"WL3","1","9","V",36,23,"0.8","2.0",1,"1.2",NA,NA,NA,NA,NA,2022,NA,"YHW",2022-08-30,NA,NA,NA,NA,NA,"white",123,"red",NA,NA,NA,NA,"Y",NA,NA,0.5
2022-07-27,"WL3","1","9","V",NA,NA,"0.32","2.1",1,"0.5",NA,NA,NA,NA,NA,2022,NA,"YHW",2022-08-30,NA,NA,NA,NA,NA,NA,NA,"red",NA,NA,NA,NA,"N",NA,NA,0.5
2022-07-27,"WL3","1","9","V",NA,NA,"0.28","2.7",1,"0.8",NA,NA,NA,NA,NA,2022,NA,"YHW",2022-08-30,NA,NA,NA,NA,NA,NA,NA,"red",NA,NA,NA,NA,"N",NA,NA,0.5
2022-07-27,"WL3","1","9","V",NA,NA,"0.3","3.1",1,"0.8",NA,NA,NA,NA,NA,2022,NA,"YHW",2022-08-30,NA,NA,NA,NA,NA,NA,NA,"red",NA,NA,NA,NA,"N",NA,NA,0.5
2022-07-27,"WL3","1","9","V",NA,NA,"0.32","3.1",1,"0.6",NA,NA,NA,NA,NA,2022,NA,"YHW",2022-08-30,NA,NA,NA,NA,NA,NA,NA,"red",NA,NA,NA,NA,"N",NA,NA,0.5
2022-07-27,"WL3","1","9","V",NA,NA,"0.41","2.1",1,"0.7",NA,NA,NA,NA,NA,2022,NA,"YHW",2022-08-30,NA,NA,NA,NA,NA,NA,NA,"red",NA,NA,NA,NA,"Y",NA,NA,0.5
2022-07-27,"WL3","1","9.5","P",19,50,"3.15","15.5",6,NA,"8.0","52.0",4.5,5,NA,2022,NA,"YHW",2022-08-30,NA,NA,NA,NA,NA,"blue",61,NA,"yellow",NA,NA,NA,"Y",NA,NA,3.15
2022-07-27,"WL3","1","9.5","V",45,15,"0.77","2.7",1,"1.3",NA,NA,NA,NA,NA,2022,NA,"YHW",2022-08-30,NA,NA,NA,NA,NA,"white",340,"red",NA,NA,NA,NA,"N",NA,NA,0.5
2022-07-27,"WL3","1","9.5","V",3,27,"0.51","1.7",1,"0.9",NA,NA,NA,NA,NA,2022,NA,"YHW",2022-08-30,NA,NA,NA,NA,NA,"white",347,"red",NA,NA,NA,NA,"N",NA,NA,0.5
2022-07-27,"WL3","1","9.5","V",NA,NA,"0.26","1.5",1,"0.4",NA,NA,NA,NA,NA,2022,NA,"YHW",2022-08-30,NA,NA,NA,NA,NA,NA,NA,"red",NA,NA,NA,NA,"N",NA,NA,0.5
2022-07-27,"WL3","2","0","V",NA,NA,"0.3","0.6",1,"0.2",NA,NA,NA,NA,NA,2022,NA,"YHW",2022-08-30,NA,NA,NA,NA,NA,NA,NA,"blue",NA,NA,NA,NA,"N",NA,NA,0.5
2022-07-27,"WL3","2","0","X",NA,NA,NA,NA,NA,NA,NA,NA,NA,NA,NA,2022,NA,"YHW",2022-08-30,NA,NA,NA,NA,NA,NA,NA,"red",NA,NA,NA,NA,NA,NA,NA,NA
2022-07-27,"WL3","2","0","X",NA,NA,NA,NA,NA,NA,NA,NA,NA,NA,NA,2022,NA,"YHW",2022-08-30,NA,NA,NA,NA,NA,NA,NA,"red",NA,NA,NA,NA,NA,NA,NA,NA
2022-07-27,"WL3","2","0","X",NA,NA,NA,NA,NA,NA,NA,NA,NA,NA,NA,2022,NA,"YHW",2022-08-30,NA,NA,NA,NA,NA,NA,NA,"red",NA,NA,NA,NA,NA,NA,NA,NA
2022-07-27,"WL3","2","0","X",NA,NA,NA,NA,NA,NA,NA,NA,NA,NA,NA,2022,NA,"YHW",2022-08-30,NA,NA,NA,NA,NA,NA,NA,"red",NA,NA,NA,NA,NA,NA,NA,NA
2022-07-27,"WL3","2","0","X",NA,NA,NA,NA,NA,NA,NA,NA,NA,NA,NA,2022,NA,"YHW",2022-08-30,NA,NA,NA,NA,NA,NA,NA,"red",NA,NA,NA,NA,NA,NA,NA,NA
2022-07-27,"WL3","2","0","X",NA,NA,NA,NA,NA,NA,NA,NA,NA,NA,NA,2022,NA,"YHW",2022-08-30,NA,NA,NA,NA,NA,NA,NA,"red",NA,NA,NA,NA,NA,NA,NA,NA
2022-07-27,"WL3","2","0","X",NA,NA,NA,NA,NA,NA,NA,NA,NA,NA,NA,2022,NA,"YHW",2022-08-30,NA,NA,NA,NA,NA,NA,NA,"red",NA,NA,NA,NA,NA,NA,NA,NA
2022-07-27,"WL3","2","0","X",NA,NA,NA,NA,NA,NA,NA,NA,NA,NA,NA,2022,NA,"YHW",2022-08-30,NA,NA,NA,NA,NA,NA,NA,"red",NA,NA,NA,NA,NA,NA,NA,NA
2022-07-27,"WL3","2","0","V",NA,NA,"0.45","1.0",1,"0.3",NA,NA,NA,NA,NA,2022,NA,"YHW",2022-08-30,NA,NA,NA,NA,NA,NA,NA,"red",NA,NA,NA,NA,"N",NA,NA,0.5
2022-07-27,"WL3","2","0","V",NA,NA,"0.25","1.4",1,"0.3",NA,NA,NA,NA,NA,2022,NA,"YHW",2022-08-30,NA,NA,NA,NA,NA,NA,NA,"red",NA,NA,NA,NA,"N",NA,NA,0.5
2022-07-27,"WL3","2","0","V",NA,NA,"0.48","1.5",1,"0.4",NA,NA,NA,NA,NA,2022,NA,"YHW",2022-08-30,NA,NA,NA,NA,NA,NA,NA,"red",NA,NA,NA,NA,"N",NA,NA,0.5
2022-07-27,"WL3","2","0","V",NA,NA,"0.32","0.6",1,"0.3",NA,NA,NA,NA,NA,2022,NA,"YHW",2022-08-30,NA,NA,NA,NA,NA,NA,NA,"red",NA,NA,NA,NA,"N",NA,NA,0.5
2022-07-27,"WL3","2","0","V",NA,NA,"0.18","0.4",1,"0.1",NA,NA,NA,NA,NA,2022,NA,"YHW",2022-08-30,NA,NA,NA,NA,NA,NA,NA,"red",NA,NA,NA,NA,"N",NA,NA,0.5
2022-07-27,"WL3","2","0","V",NA,NA,"0.46","1.2",1,"0.4",NA,NA,NA,NA,NA,2022,NA,"YHW",2022-08-30,NA,NA,NA,NA,NA,NA,NA,"red",NA,NA,NA,NA,"N",NA,NA,0.5
2022-07-27,"WL3","2","0","V",NA,NA,"0.39","0.9",1,"0.2",NA,NA,NA,NA,NA,2022,NA,"YHW",2022-08-30,NA,NA,NA,NA,NA,NA,NA,"red",NA,NA,NA,NA,"N",NA,NA,0.5
2022-07-27,"WL3","2","0","V",NA,NA,"0.41","1.2",1,"0.4",NA,NA,NA,NA,NA,2022,NA,"YHW",2022-08-30,NA,NA,NA,NA,NA,NA,NA,"red",NA,NA,NA,NA,"N",NA,NA,0.5
2022-07-27,"WL3","2","0","V",NA,NA,"0.43","1.2",1,"0.3",NA,NA,NA,NA,NA,2022,NA,"YHW",2022-08-30,NA,NA,NA,NA,NA,NA,NA,"red",NA,NA,NA,NA,"N",NA,NA,0.5
2022-07-27,"WL3","2","0","V",NA,NA,"0.35","1.1",1,"0.3",NA,NA,NA,NA,NA,2022,NA,"YHW",2022-08-30,NA,NA,NA,NA,NA,NA,NA,"red",NA,NA,NA,NA,"N",NA,NA,0.5
2022-07-27,"WL3","2","0","X",NA,NA,NA,NA,NA,NA,NA,NA,NA,NA,NA,2022,NA,"YHW",2022-08-30,NA,NA,NA,NA,NA,NA,NA,"red",NA,NA,NA,NA,NA,NA,NA,NA
2022-07-27,"WL3","2","0","V",NA,NA,"0.32","1.3",1,"0.3",NA,NA,NA,NA,NA,2022,NA,"YHW",2022-08-30,NA,NA,NA,NA,NA,NA,NA,"red",NA,NA,NA,NA,"N",NA,NA,0.5
2022-07-27,"WL3","2","0","V",NA,NA,"0.3","0.5",1,"0.1",NA,NA,NA,NA,NA,2022,NA,"YHW",2022-08-30,NA,NA,NA,NA,NA,NA,NA,"red",NA,NA,NA,NA,"N",NA,NA,0.5
2022-07-27,"WL3","2","0","V",NA,NA,"0.32","1.0",1,"0.2",NA,NA,NA,NA,NA,2022,NA,"YHW",2022-08-30,NA,NA,NA,NA,NA,NA,NA,"red",NA,NA,NA,NA,"N",NA,NA,0.5
2022-07-27,"WL3","2","0","V",NA,NA,"0.27","0.5",1,"0.3",NA,NA,NA,NA,NA,2022,NA,"YHW",2022-08-30,NA,NA,NA,NA,NA,NA,NA,"red",NA,NA,NA,NA,"N",NA,NA,0.5
2022-07-27,"WL3","2","0","V",NA,NA,"0.36","1.5",1,"0.3",NA,NA,NA,NA,NA,2022,NA,"YHW",2022-08-30,NA,NA,NA,NA,NA,NA,NA,"red",NA,NA,NA,NA,"N",NA,NA,0.5
2022-07-27,"WL3","2","0","V",NA,NA,"0.33","1.2",1,"0.2",NA,NA,NA,NA,NA,2022,NA,"YHW",2022-08-30,NA,NA,NA,NA,NA,NA,NA,"red",NA,NA,NA,NA,"N",NA,NA,0.5
2022-07-27,"WL3","2","0","V",NA,NA,"0.38","1.1",1,"0.2",NA,NA,NA,NA,NA,2022,NA,"YHW",2022-08-30,NA,NA,NA,NA,NA,NA,NA,"red",NA,NA,NA,NA,"Y",NA,NA,0.5
2022-07-27,"WL3","2","0","V",NA,NA,"0.24","1.1",1,"0.4",NA,NA,NA,NA,NA,2022,NA,"YHW",2022-08-30,NA,NA,NA,NA,NA,NA,NA,"red",NA,NA,NA,NA,"N",NA,NA,0.5
2022-07-27,"WL3","2","0","V",NA,NA,"0.36","1.2",1,"0.3",NA,NA,NA,NA,NA,2022,NA,"YHW",2022-08-30,NA,NA,NA,NA,NA,NA,NA,"red",NA,NA,NA,NA,"N",NA,NA,0.5
2022-07-27,"WL3","2","0","V",NA,NA,"0.41","1.9",1,"0.5",NA,NA,NA,NA,NA,2022,NA,"YHW",2022-08-30,NA,NA,NA,NA,NA,NA,NA,"red",NA,NA,NA,NA,"N",NA,NA,0.5
2022-07-27,"WL3","2","0","V",NA,NA,"0.27","1.1",1,"0.3",NA,NA,NA,NA,NA,2022,NA,"YHW",2022-08-30,NA,NA,NA,NA,NA,NA,NA,"red",NA,NA,NA,NA,"N",NA,NA,0.5
2022-07-27,"WL3","2","0","V",NA,NA,"0.34","1.4",1,"0.5",NA,NA,NA,NA,NA,2022,NA,"YHW",2022-08-30,NA,NA,NA,NA,NA,NA,NA,"red",NA,NA,NA,NA,"N",NA,NA,0.5
2022-07-27,"WL3","2","0","V",NA,NA,"0.25","1.7",1,"0.5",NA,NA,NA,NA,NA,2022,NA,"YHW",2022-08-30,NA,NA,NA,NA,NA,NA,NA,"red",NA,NA,NA,NA,"N",NA,NA,0.5
2022-07-27,"WL3","2","0","V",NA,NA,"0.33","0.7",1,"0.3",NA,NA,NA,NA,NA,2022,NA,"YHW",2022-08-30,NA,NA,NA,NA,NA,NA,NA,"red",NA,NA,NA,NA,"N",NA,NA,0.5
2022-07-27,"WL3","2","0","V",NA,NA,"0.41","1.0",1,"0.3",NA,NA,NA,NA,NA,2022,NA,"YHW",2022-08-30,NA,NA,NA,NA,NA,NA,NA,"red",NA,NA,NA,NA,"N",NA,NA,0.5
2022-07-27,"WL3","2","0","V",NA,NA,"0.48","1.4",1,"0.5",NA,NA,NA,NA,NA,2022,NA,"YHW",2022-08-30,NA,NA,NA,NA,NA,NA,NA,"red",NA,NA,NA,NA,"N",NA,NA,0.5
2022-07-27,"WL3","2","0","V",NA,NA,"0.39","1.5",1,"0.4",NA,NA,NA,NA,NA,2022,NA,"YHW",2022-08-30,NA,NA,NA,NA,NA,NA,NA,"red",NA,NA,NA,NA,"N",NA,NA,0.5
2022-07-27,"WL3","2","0","V",NA,NA,"0.47","2.2",1,"0.4",NA,NA,NA,NA,NA,2022,NA,"YHW",2022-08-30,NA,NA,NA,NA,NA,NA,NA,"red",NA,NA,NA,NA,"N",NA,NA,0.5
2022-07-27,"WL3","2","0","V",NA,NA,"0.32","1.4",1,"0.3",NA,NA,NA,NA,NA,2022,NA,"YHW",2022-08-30,NA,NA,NA,NA,NA,NA,NA,"red",NA,NA,NA,NA,"N",NA,NA,0.5
2022-07-27,"WL3","2","0","V",NA,NA,"0.32","1.1",1,"0.3",NA,NA,NA,NA,NA,2022,NA,"YHW",2022-08-30,NA,NA,NA,NA,NA,NA,NA,"red",NA,NA,NA,NA,"N",NA,NA,0.5
2022-07-27,"WL3","2","0","V",NA,NA,"0.2","0.7",1,"0.2",NA,NA,NA,NA,NA,2022,NA,"YHW",2022-08-30,NA,NA,NA,NA,NA,NA,NA,"red",NA,NA,NA,NA,"N",NA,NA,0.5
2022-07-27,"WL3","2","0","X",NA,NA,NA,NA,NA,NA,NA,NA,NA,NA,NA,2022,NA,"YHW",2022-08-30,NA,NA,NA,NA,NA,NA,NA,"red",NA,NA,NA,NA,NA,NA,NA,NA
2022-07-27,"WL3","2","0","X",NA,NA,NA,NA,NA,NA,NA,NA,NA,NA,NA,2022,NA,"YHW",2022-08-30,NA,NA,NA,NA,NA,NA,NA,"red",NA,NA,NA,NA,NA,NA,NA,NA
2022-07-27,"WL3","2","0","V",NA,NA,"0.23","0.6",1,"0.3",NA,NA,NA,NA,NA,2022,NA,"YHW",2022-08-30,NA,NA,NA,NA,NA,NA,NA,"red",NA,NA,NA,NA,"N",NA,NA,0.5
2022-07-27,"WL3","2","0","V",NA,NA,"0.43","1.0",1,"0.3",NA,NA,NA,NA,NA,2022,NA,"YHW",2022-08-30,NA,NA,NA,NA,NA,NA,NA,"red",NA,NA,NA,NA,"N",NA,NA,0.5
2022-07-27,"WL3","2","0","V",NA,NA,"0.44","2.1",1,"0.5",NA,NA,NA,NA,NA,2022,NA,"YHW",2022-08-30,NA,NA,NA,NA,NA,NA,NA,"red",NA,NA,NA,NA,"N",NA,NA,0.5
2022-07-27,"WL3","2","0","V",NA,NA,"0.38","1.7",1,"0.6",NA,NA,NA,NA,NA,2022,NA,"YHW",2022-08-30,NA,NA,NA,NA,NA,NA,NA,"red",NA,NA,NA,NA,"N",NA,NA,0.5
2022-07-27,"WL3","2","0","V",NA,NA,"0.39","0.6",1,"0.3",NA,NA,NA,NA,NA,2022,NA,"YHW",2022-08-30,NA,NA,NA,NA,NA,NA,NA,"red",NA,NA,NA,NA,"N",NA,NA,0.5
2022-07-27,"WL3","2","0","V",NA,NA,"0.46","2.7",1,"0.5",NA,NA,NA,NA,NA,2022,NA,"YHW",2022-08-30,NA,NA,NA,NA,NA,NA,NA,"red",NA,NA,NA,NA,"N",NA,NA,0.5
2022-07-27,"WL3","2","0.5","V",NA,NA,"0.44","1.0",1,"0.4",NA,NA,NA,NA,NA,2022,NA,"YHW",2022-08-30,NA,NA,NA,NA,NA,NA,NA,"blue",NA,NA,NA,NA,"N",NA,NA,0.5
2022-07-27,"WL3","2","0.5","X",NA,NA,NA,NA,NA,NA,NA,NA,NA,NA,NA,2022,NA,"YHW",2022-08-30,NA,NA,NA,NA,NA,NA,NA,"blue",NA,NA,NA,NA,NA,NA,NA,NA
2022-07-27,"WL3","2","0.5","V",NA,NA,"0.34","1.6",1,"0.3",NA,NA,NA,NA,NA,2022,NA,"YHW",2022-08-30,NA,NA,NA,NA,NA,NA,NA,"red",NA,NA,NA,NA,"N",NA,NA,0.5
2022-07-27,"WL3","2","0.5","V",14,8,"0.6","2.1",1,"0.6",NA,NA,NA,NA,NA,2022,NA,"YHW",2022-08-30,NA,NA,NA,NA,NA,"white",265,"red",NA,NA,NA,NA,"N",NA,NA,0.5
2022-07-27,"WL3","2","0.5","V",NA,NA,"0.38","1.2",1,"0.4",NA,NA,NA,NA,NA,2022,NA,"YHW",2022-08-30,NA,NA,NA,NA,NA,NA,NA,"red",NA,NA,NA,NA,"N",NA,NA,0.5
2022-07-27,"WL3","2","0.5","X",NA,NA,NA,NA,NA,NA,NA,NA,NA,NA,NA,2022,NA,"YHW",2022-08-30,NA,NA,NA,NA,NA,NA,NA,"red",NA,NA,NA,NA,NA,NA,NA,NA
2022-07-27,"WL3","2","0.5","X",NA,NA,NA,NA,NA,NA,NA,NA,NA,NA,NA,2022,NA,"YHW",2022-08-30,NA,NA,NA,NA,NA,NA,NA,"red",NA,NA,NA,NA,NA,NA,NA,NA
2022-07-27,"WL3","2","0.5","X",NA,NA,NA,NA,NA,NA,NA,NA,NA,NA,NA,2022,NA,"YHW",2022-08-30,NA,NA,NA,NA,NA,NA,NA,"red",NA,NA,NA,NA,NA,NA,NA,NA
2022-07-27,"WL3","2","0.5","V",NA,NA,"0.32","1.1",1,"0.3",NA,NA,NA,NA,NA,2022,NA,"YHW",2022-08-30,NA,NA,NA,NA,NA,NA,NA,"red",NA,NA,NA,NA,"N",NA,NA,0.5
2022-07-27,"WL3","2","0.5","V",NA,NA,"0.41","1.5",1,"0.4",NA,NA,NA,NA,NA,2022,NA,"YHW",2022-08-30,NA,NA,NA,NA,NA,NA,NA,"red",NA,NA,NA,NA,"N",NA,NA,0.5
2022-07-27,"WL3","2","0.5","V",23,33,"0.78","2.1",1,"0.7",NA,NA,NA,NA,NA,2022,NA,"YHW",2022-08-30,NA,NA,NA,NA,NA,"white",322,"red",NA,NA,NA,NA,"N",NA,NA,0.5
2022-07-27,"WL3","2","0.5","V",33,40,"1.08","2.3",1,"1.4",NA,NA,NA,NA,NA,2022,NA,"YHW",2022-08-30,NA,NA,NA,NA,NA,"white",240,"red",NA,NA,NA,NA,"Y",NA,NA,1.08
2022-07-27,"WL3","2","0.5","V",NA,NA,"0.41","1.4",1,"0.5",NA,NA,NA,NA,NA,2022,NA,"YHW",2022-08-30,NA,NA,NA,NA,NA,NA,NA,"red",NA,NA,NA,NA,"N",NA,NA,0.5
2022-07-27,"WL3","2","0.5","X",NA,NA,NA,NA,NA,NA,NA,NA,NA,NA,NA,2022,NA,"YHW",2022-08-30,NA,NA,NA,NA,NA,NA,NA,"red",NA,NA,NA,NA,NA,NA,NA,NA
2022-07-27,"WL3","2","0.5","V",45,47,"0.97","2.1",1,"1.4",NA,NA,NA,NA,NA,2022,NA,"YHW",2022-08-30,NA,NA,NA,NA,NA,"white",126,"red",NA,NA,NA,NA,"N",NA,NA,0.5
2022-07-27,"WL3","2","0.5","V",NA,NA,"0.48","2.6",1,"1.0",NA,NA,NA,NA,NA,2022,NA,"YHW",2022-08-30,NA,NA,NA,NA,NA,NA,NA,"red",NA,NA,NA,NA,"Y",NA,NA,0.5
2022-07-27,"WL3","2","0.5","X",NA,NA,NA,NA,NA,NA,NA,NA,NA,NA,NA,2022,NA,"YHW",2022-08-30,NA,NA,NA,NA,NA,NA,NA,"red",NA,NA,NA,NA,NA,NA,NA,NA
2022-07-27,"WL3","2","0.5","V",NA,NA,"0.44","1.6",1,"0.3",NA,NA,NA,NA,NA,2022,NA,"YHW",2022-08-30,NA,NA,NA,NA,NA,NA,NA,"red",NA,NA,NA,NA,"N",NA,NA,0.5
2022-07-27,"WL3","2","0.5","V",NA,NA,"0.48","1.7",1,"0.5",NA,NA,NA,NA,NA,2022,NA,"YHW",2022-08-30,NA,NA,NA,NA,NA,NA,NA,"red",NA,NA,NA,NA,"N",NA,NA,0.5
2022-07-27,"WL3","2","0.5","V",NA,NA,"0.32","1.2",1,"0.2",NA,NA,NA,NA,NA,2022,NA,"YHW",2022-08-30,NA,NA,NA,NA,NA,NA,NA,"red",NA,NA,NA,NA,"N",NA,NA,0.5
2022-07-27,"WL3","2","0.5","X",NA,NA,NA,NA,NA,NA,NA,NA,NA,NA,NA,2022,NA,"YHW",2022-08-30,NA,NA,NA,NA,NA,NA,NA,"red",NA,NA,NA,NA,NA,NA,NA,NA
2022-07-27,"WL3","2","0.5","V",NA,NA,"0.47","1.3",1,"0.4",NA,NA,NA,NA,NA,2022,NA,"YHW",2022-08-30,NA,NA,NA,NA,NA,NA,NA,"red",NA,NA,NA,NA,"N",NA,NA,0.5
2022-07-27,"WL3","2","0.5","V",NA,NA,"0.35","1.3",1,"0.3",NA,NA,NA,NA,NA,2022,NA,"YHW",2022-08-30,NA,NA,NA,NA,NA,NA,NA,"red",NA,NA,NA,NA,"N",NA,NA,0.5
2022-07-27,"WL3","2","1","X",NA,NA,NA,NA,NA,NA,NA,NA,NA,NA,NA,2022,NA,"YHW",2022-08-30,NA,NA,NA,NA,NA,NA,NA,"red",NA,NA,NA,NA,NA,NA,NA,NA
2022-07-27,"WL3","2","1","X",NA,NA,NA,NA,NA,NA,NA,NA,NA,NA,NA,2022,NA,"YHW",2022-08-30,NA,NA,NA,NA,NA,NA,NA,"red",NA,NA,NA,NA,NA,NA,NA,NA
2022-07-27,"WL3","2","1","X",NA,NA,NA,NA,NA,NA,NA,NA,NA,NA,NA,2022,NA,"YHW",2022-08-30,NA,NA,NA,NA,NA,NA,NA,"red",NA,NA,NA,NA,NA,NA,NA,NA
2022-07-27,"WL3","2","1","X",NA,NA,NA,NA,NA,NA,NA,NA,NA,NA,NA,2022,NA,"YHW",2022-08-30,NA,NA,NA,NA,NA,NA,NA,"red",NA,NA,NA,NA,NA,NA,NA,NA
2022-07-27,"WL3","2","1","X",NA,NA,NA,NA,NA,NA,NA,NA,NA,NA,NA,2022,NA,"YHW",2022-08-30,NA,NA,NA,NA,NA,NA,NA,"red",NA,NA,NA,NA,NA,NA,NA,NA
2022-07-27,"WL3","2","1","X",NA,NA,NA,NA,NA,NA,NA,NA,NA,NA,NA,2022,NA,"YHW",2022-08-30,NA,NA,NA,NA,NA,NA,NA,"red",NA,NA,NA,NA,NA,NA,NA,NA
2022-07-27,"WL3","2","1","X",NA,NA,NA,NA,NA,NA,NA,NA,NA,NA,NA,2022,NA,"YHW",2022-08-30,NA,NA,NA,NA,NA,NA,NA,"red",NA,NA,NA,NA,NA,NA,NA,NA
2022-07-27,"WL3","2","1","X",NA,NA,NA,NA,NA,NA,NA,NA,NA,NA,NA,2022,NA,"YHW",2022-08-30,NA,NA,NA,NA,NA,NA,NA,"red",NA,NA,NA,NA,NA,NA,NA,NA
2022-07-27,"WL3","2","1","X",NA,NA,NA,NA,NA,NA,NA,NA,NA,NA,NA,2022,NA,"YHW",2022-08-30,NA,NA,NA,NA,NA,NA,NA,"red",NA,NA,NA,NA,NA,NA,NA,NA
2022-07-27,"WL3","2","1","X",NA,NA,NA,NA,NA,NA,NA,NA,NA,NA,NA,2022,NA,"YHW",2022-08-30,NA,NA,NA,NA,NA,NA,NA,"red",NA,NA,NA,NA,NA,NA,NA,NA
2022-07-27,"WL3","2","1","V",5,1,"0.6","1.6",1,"0.6",NA,NA,NA,NA,NA,2022,NA,"YHW",2022-08-30,NA,NA,NA,NA,NA,"white",144,"red",NA,NA,NA,NA,"N",NA,NA,0.5
2022-07-27,"WL3","2","1","V",NA,NA,"0.43","1.6",1,"0.5",NA,NA,NA,NA,NA,2022,NA,"YHW",2022-08-30,NA,NA,NA,NA,NA,NA,NA,"red",NA,NA,NA,NA,"N",NA,NA,0.5
2022-07-27,"WL3","2","1","V",NA,NA,"0.19","1.0",1,"0.2",NA,NA,NA,NA,NA,2022,NA,"YHW",2022-08-30,NA,NA,NA,NA,NA,NA,NA,"red",NA,NA,NA,NA,"N",NA,NA,0.5
2022-07-27,"WL3","2","1","V",6,7,"0.91","1.9",1,"0.9",NA,NA,NA,NA,NA,2022,NA,"YHW",2022-08-30,NA,NA,NA,NA,NA,"white",342,"red",NA,NA,NA,NA,"N",NA,NA,0.5
2022-07-27,"WL3","2","1","V",NA,NA,"0.35","1.1",1,"0.5",NA,NA,NA,NA,NA,2022,NA,"YHW",2022-08-30,NA,NA,NA,NA,NA,NA,NA,"red",NA,NA,NA,NA,"N",NA,NA,0.5
2022-07-27,"WL3","2","1","V",NA,NA,"0.42","0.7",1,"0.4",NA,NA,NA,NA,NA,2022,NA,"YHW",2022-08-30,NA,NA,NA,NA,NA,NA,NA,"red",NA,NA,NA,NA,"N",NA,NA,0.5
2022-07-27,"WL3","2","1","V",NA,NA,"0.42","0.9",1,"0.7",NA,NA,NA,NA,NA,2022,NA,"YHW",2022-08-30,NA,NA,NA,NA,NA,NA,NA,"red",NA,NA,NA,NA,"N",NA,NA,0.5
2022-07-27,"WL3","2","1","V",22,11,"0.53","2.0",1,"0.6",NA,NA,NA,NA,NA,2022,NA,"YHW",2022-08-30,NA,NA,NA,NA,NA,"white",131,"red",NA,NA,NA,NA,"N",NA,NA,0.5
2022-07-27,"WL3","2","1","V",33,3,"0.8","1.6",1,"1.2",NA,NA,NA,NA,NA,2022,NA,"YHW",2022-08-30,NA,NA,NA,NA,NA,"white",91,"red",NA,NA,NA,NA,"N",NA,NA,0.5
2022-07-27,"WL3","2","1","V",21,12,"0.94","2.2",1,"0.7",NA,NA,NA,NA,NA,2022,NA,"YHW",2022-08-30,NA,NA,NA,NA,NA,"white",20,"red",NA,NA,NA,NA,"N",NA,NA,0.5
2022-07-27,"WL3","2","1","V",46,2,"0.86","1.5",1,"0.7",NA,NA,NA,NA,NA,2022,NA,"YHW",2022-08-30,NA,NA,NA,NA,NA,"white",45,"red",NA,NA,NA,NA,"N",NA,NA,0.5
2022-07-27,"WL3","2","1","V",28,11,"0.53","1.3",1,"0.4",NA,NA,NA,NA,NA,2022,NA,"YHW",2022-08-30,NA,NA,NA,NA,NA,"white",103,"red",NA,NA,NA,NA,"N",NA,NA,0.5
2022-07-27,"WL3","2","1","X",NA,NA,NA,NA,NA,NA,NA,NA,NA,NA,NA,2022,NA,"YHW",2022-08-30,NA,NA,NA,NA,NA,NA,NA,"red",NA,NA,NA,NA,NA,NA,NA,NA
2022-07-27,"WL3","2","1","V",16,19,"0.94","1.7",1,"0.8",NA,NA,NA,NA,NA,2022,NA,"YHW",2022-08-30,NA,NA,NA,NA,NA,"white",97,"red",NA,NA,NA,NA,"N",NA,NA,0.5
2022-07-27,"WL3","2","1","V",41,25,"0.87","1.7",1,"0.6",NA,NA,NA,NA,NA,2022,NA,"YHW",2022-08-30,NA,NA,NA,NA,NA,"white",100,"red",NA,NA,NA,NA,"N",NA,NA,0.5
2022-07-27,"WL3","2","1","V",10,50,"0.75","2.1",1,"0.7",NA,NA,NA,NA,NA,2022,NA,"YHW",2022-08-30,NA,NA,NA,NA,NA,"white",158,"red",NA,NA,NA,NA,"N",NA,NA,0.5
2022-07-27,"WL3","2","1","V",NA,NA,"0.54","1.1",1,"0.3",NA,NA,NA,NA,NA,2022,NA,"YHW",2022-08-30,NA,NA,NA,NA,NA,NA,NA,"red",NA,NA,NA,NA,"N",NA,NA,0.5
2022-07-27,"WL3","2","1","V",NA,NA,"0.89","3.1",1,"0.7",NA,NA,NA,NA,NA,2022,NA,"YHW",2022-08-30,NA,NA,NA,NA,NA,NA,NA,"red",NA,NA,NA,NA,"N",NA,NA,0.5
2022-07-27,"WL3","2","1","V",NA,NA,"0.31","1.1",1,"0.2",NA,NA,NA,NA,NA,2022,NA,"YHW",2022-08-30,NA,NA,NA,NA,NA,NA,NA,"red",NA,NA,NA,NA,"N",NA,NA,0.5
2022-07-27,"WL3","2","1","V",NA,NA,"0.3","1.0",1,"0.2",NA,NA,NA,NA,NA,2022,NA,"YHW",2022-08-30,NA,NA,NA,NA,NA,NA,NA,"red",NA,NA,NA,NA,"N",NA,NA,0.5
2022-07-27,"WL3","2","1","V",NA,NA,"0.67","1.1",1,"0.6",NA,NA,NA,NA,NA,2022,NA,"YHW",2022-08-30,NA,NA,NA,NA,NA,NA,NA,"red",NA,NA,NA,NA,"N",NA,NA,0.5
2022-07-27,"WL3","2","1","V",NA,NA,"0.59","1.6",1,"0.5",NA,NA,NA,NA,NA,2022,NA,"YHW",2022-08-30,NA,NA,NA,NA,NA,NA,NA,"red",NA,NA,NA,NA,"N",NA,NA,0.5
2022-07-27,"WL3","2","1","V",NA,NA,"0.53","1.4",1,"0.6",NA,NA,NA,NA,NA,2022,NA,"YHW",2022-08-30,NA,NA,NA,NA,NA,NA,NA,"red",NA,NA,NA,NA,"N",NA,NA,0.5
2022-07-27,"WL3","2","1","V",NA,NA,"0.51","1.5",1,"0.7",NA,NA,NA,NA,NA,2022,NA,"YHW",2022-08-30,NA,NA,NA,NA,NA,NA,NA,"red",NA,NA,NA,NA,"N",NA,NA,0.5
2022-07-27,"WL3","2","1","V",NA,NA,"0.33","1.0",1,"0.2",NA,NA,NA,NA,NA,2022,NA,"YHW",2022-08-30,NA,NA,NA,NA,NA,NA,NA,"red",NA,NA,NA,NA,"N",NA,NA,0.5
2022-07-27,"WL3","2","1","V",NA,NA,"0.42","1.2",1,"0.4",NA,NA,NA,NA,NA,2022,NA,"YHW",2022-08-30,NA,NA,NA,NA,NA,NA,NA,"red",NA,NA,NA,NA,"N",NA,NA,0.5
2022-07-27,"WL3","2","1","V",NA,NA,"0.41","0.8",1,"0.3",NA,NA,NA,NA,NA,2022,NA,"YHW",2022-08-30,NA,NA,NA,NA,NA,NA,NA,"red",NA,NA,NA,NA,"N",NA,NA,0.5
2022-07-27,"WL3","2","1","V",NA,NA,"0.71","1.5",1,"0.6",NA,NA,NA,NA,NA,2022,NA,"YHW",2022-08-30,NA,NA,NA,NA,NA,NA,NA,"red",NA,NA,NA,NA,"N",NA,NA,0.5
2022-07-27,"WL3","2","1","V",NA,NA,"0.43","1.6",1,"0.3",NA,NA,NA,NA,NA,2022,NA,"YHW",2022-08-30,NA,NA,NA,NA,NA,NA,NA,"red",NA,NA,NA,NA,"N",NA,NA,0.5
2022-07-27,"WL3","2","1","V",NA,NA,"0.6","1.9",1,"0.6",NA,NA,NA,NA,NA,2022,NA,"YHW",2022-08-30,NA,NA,NA,NA,NA,NA,NA,"red",NA,NA,NA,NA,"N",NA,NA,0.5
2022-07-27,"WL3","2","1","X",NA,NA,NA,NA,NA,NA,NA,NA,NA,NA,NA,2022,NA,"YHW",2022-08-30,NA,NA,NA,NA,NA,NA,NA,"red",NA,NA,NA,NA,NA,NA,NA,NA
2022-07-27,"WL3","2","1","V",NA,NA,"0.65","1.4",1,"0.5",NA,NA,NA,NA,NA,2022,NA,"YHW",2022-08-30,NA,NA,NA,NA,NA,NA,NA,"red",NA,NA,NA,NA,"N",NA,NA,0.5
2022-07-27,"WL3","2","1","V",NA,NA,"0.58","1.1",1,"0.5",NA,NA,NA,NA,NA,2022,NA,"YHW",2022-08-30,NA,NA,NA,NA,NA,NA,NA,"red",NA,NA,NA,NA,"N",NA,NA,0.5
2022-07-27,"WL3","2","1","V",NA,NA,"0.43","1.0",1,"0.4",NA,NA,NA,NA,NA,2022,NA,"YHW",2022-08-30,NA,NA,NA,NA,NA,NA,NA,"red",NA,NA,NA,NA,"N",NA,NA,0.5
2022-07-27,"WL3","2","1","V",NA,NA,"0.75","1.6",1,"0.6",NA,NA,NA,NA,NA,2022,NA,"YHW",2022-08-30,NA,NA,NA,NA,NA,NA,NA,"red",NA,NA,NA,NA,"N",NA,NA,0.5
2022-07-27,"WL3","2","1","V",NA,NA,"0.35","0.6",1,"0.3",NA,NA,NA,NA,NA,2022,NA,"YHW",2022-08-30,NA,NA,NA,NA,NA,NA,NA,"red",NA,NA,NA,NA,"N",NA,NA,0.5
2022-07-27,"WL3","2","1","V",NA,NA,"0.39","0.7",1,"0.7",NA,NA,NA,NA,NA,2022,NA,"YHW",2022-08-30,NA,NA,NA,NA,NA,NA,NA,"red",NA,NA,NA,NA,"N",NA,NA,0.5
2022-07-27,"WL3","2","1","X",NA,NA,NA,NA,NA,NA,NA,NA,NA,NA,NA,2022,NA,"YHW",2022-08-30,NA,NA,NA,NA,NA,NA,NA,"white",NA,NA,NA,NA,NA,NA,NA,NA
2022-07-27,"WL3","2","1","X",NA,NA,NA,NA,NA,NA,NA,NA,NA,NA,NA,2022,NA,"YHW",2022-08-30,NA,NA,NA,NA,NA,NA,NA,"white",NA,NA,NA,NA,NA,NA,NA,NA
2022-07-27,"WL3","2","1.5","P",20,30,"1.06","13.0",1,NA,"0.0","10.0",5.2,1,NA,2022,NA,"YHW",2022-08-30,NA,NA,NA,NA,NA,"blue",77,NA,"yellow",NA,NA,NA,"N",NA,NA,1.06
2022-07-27,"WL3","2","1.5","P",35,15,"1.6","10.3",3,NA,"0.0","15.0",3.4,3,NA,2022,NA,"YHW",2022-08-30,NA,NA,NA,NA,NA,"blue",89,NA,"yellow",NA,NA,NA,"Y",NA,NA,1.6
2022-07-27,"WL3","2","1.5","X",NA,NA,NA,NA,NA,NA,NA,NA,NA,NA,NA,2022,NA,"YHW",2022-08-30,NA,NA,NA,NA,NA,NA,NA,"red",NA,NA,NA,NA,NA,NA,NA,NA
2022-07-27,"WL3","2","1.5","X",NA,NA,NA,NA,NA,NA,NA,NA,NA,NA,NA,2022,NA,"YHW",2022-08-30,NA,NA,NA,NA,NA,NA,NA,"red",NA,NA,NA,NA,NA,NA,NA,NA
2022-07-27,"WL3","2","1.5","V",4,3,"0.8","3.0",3,"1.0",NA,NA,NA,NA,NA,2022,NA,"YHW",2022-08-30,NA,NA,NA,NA,NA,"white",103,"red",NA,NA,NA,NA,"N",NA,NA,0.5
2022-07-27,"WL3","2","1.5","V",19,7,"1.99","6.0",2,"1.4",NA,NA,NA,NA,NA,2022,NA,"YHW",2022-08-30,NA,NA,NA,NA,NA,"white",93,"red",NA,NA,NA,NA,"N",NA,NA,1.99
2022-07-27,"WL3","2","1.5","V",NA,NA,"0.21","0.9",1,"0.2",NA,NA,NA,NA,NA,2022,NA,"YHW",2022-08-30,NA,NA,NA,NA,NA,NA,NA,"red",NA,NA,NA,NA,"N",NA,NA,0.5
2022-07-27,"WL3","2","1.5","V",NA,NA,"0.27","1.2",1,"0.7",NA,NA,NA,NA,NA,2022,NA,"YHW",2022-08-30,NA,NA,NA,NA,NA,NA,NA,"red",NA,NA,NA,NA,"N",NA,NA,0.5
2022-07-27,"WL3","2","2","X",NA,NA,NA,NA,NA,NA,NA,NA,NA,NA,NA,2022,NA,"YHW",2022-08-30,NA,NA,NA,NA,NA,NA,NA,"blue",NA,NA,NA,NA,NA,NA,NA,NA
2022-07-27,"WL3","2","2","V",NA,NA,"0.34","1.2",1,"0.7",NA,NA,NA,NA,NA,2022,NA,"YHW",2022-08-30,NA,NA,NA,NA,NA,NA,NA,"red",NA,NA,NA,NA,"N",NA,NA,0.5
2022-07-27,"WL3","2","2","V",NA,NA,"0.25","1.0",1,"0.6",NA,NA,NA,NA,NA,2022,NA,"YHW",2022-08-30,NA,NA,NA,NA,NA,NA,NA,"red",NA,NA,NA,NA,"N",NA,NA,0.5
2022-07-27,"WL3","2","2","V",NA,NA,"0.36","1.3",1,"0.7",NA,NA,NA,NA,NA,2022,NA,"YHW",2022-08-30,NA,NA,NA,NA,NA,NA,NA,"red",NA,NA,NA,NA,"N",NA,NA,0.5
2022-07-27,"WL3","2","2","V",NA,NA,"0.42","1.2",1,"0.6",NA,NA,NA,NA,NA,2022,NA,"YHW",2022-08-30,NA,NA,NA,NA,NA,NA,NA,"red",NA,NA,NA,NA,"N",NA,NA,0.5
2022-07-27,"WL3","2","2","V",NA,NA,"0.35","2.1",1,"0.7",NA,NA,NA,NA,NA,2022,NA,"YHW",2022-08-30,NA,NA,NA,NA,NA,NA,NA,"red",NA,NA,NA,NA,"N",NA,NA,0.5
2022-07-27,"WL3","2","2","V",NA,NA,"0.2","1.1",1,"0.5",NA,NA,NA,NA,NA,2022,NA,"YHW",2022-08-30,NA,NA,NA,NA,NA,NA,NA,"red",NA,NA,NA,NA,"Y",NA,NA,0.5
2022-07-27,"WL3","2","2","X",NA,NA,NA,NA,NA,NA,NA,NA,NA,NA,"could not find",2022,NA,"YHW",2022-08-30,NA,NA,NA,NA,NA,NA,NA,"red",NA,NA,NA,NA,NA,NA,NA,NA
2022-07-27,"WL3","2","2.5","X",NA,NA,NA,NA,NA,NA,NA,NA,NA,NA,NA,2022,NA,"YHW",2022-08-30,NA,NA,NA,NA,NA,NA,NA,"red",NA,NA,NA,NA,NA,NA,NA,NA
2022-07-27,"WL3","2","2.5","X",NA,NA,NA,NA,NA,NA,NA,NA,NA,NA,NA,2022,NA,"YHW",2022-08-30,NA,NA,NA,NA,NA,NA,NA,"red",NA,NA,NA,NA,NA,NA,NA,NA
2022-07-27,"WL3","2","2.5","X",NA,NA,NA,NA,NA,NA,NA,NA,NA,NA,NA,2022,NA,"YHW",2022-08-30,NA,NA,NA,NA,NA,NA,NA,"red",NA,NA,NA,NA,NA,NA,NA,NA
2022-07-27,"WL3","2","2.5","X",NA,NA,NA,NA,NA,NA,NA,NA,NA,NA,NA,2022,NA,"YHW",2022-08-30,NA,NA,NA,NA,NA,NA,NA,"red",NA,NA,NA,NA,NA,NA,NA,NA
2022-07-27,"WL3","2","2.5","X",NA,NA,NA,NA,NA,NA,NA,NA,NA,NA,NA,2022,NA,"YHW",2022-08-30,NA,NA,NA,NA,NA,NA,NA,"red",NA,NA,NA,NA,NA,NA,NA,NA
2022-07-27,"WL3","2","2.5","V",NA,NA,"0.42","1.2",1,"0.9",NA,NA,NA,NA,NA,2022,NA,"YHW",2022-08-30,NA,NA,NA,NA,NA,NA,NA,"red",NA,NA,NA,NA,"N",NA,NA,0.5
2022-07-27,"WL3","2","2.5","V",NA,NA,"0.47","2.1",1,"0.8",NA,NA,NA,NA,NA,2022,NA,"YHW",2022-08-30,NA,NA,NA,NA,NA,NA,NA,"red",NA,NA,NA,NA,"N",NA,NA,0.5
2022-07-27,"WL3","2","2.5","V",NA,NA,"0.43","2.2",1,"0.9",NA,NA,NA,NA,NA,2022,NA,"YHW",2022-08-30,NA,NA,NA,NA,NA,NA,NA,"red",NA,NA,NA,NA,"N",NA,NA,0.5
2022-07-27,"WL3","2","2.5","V",NA,NA,"0.32","1.6",1,"0.5",NA,NA,NA,NA,NA,2022,NA,"YHW",2022-08-30,NA,NA,NA,NA,NA,NA,NA,"red",NA,NA,NA,NA,"N",NA,NA,0.5
2022-07-27,"WL3","2","2.5","V",NA,NA,"0.27","1.0",1,"0.3",NA,NA,NA,NA,NA,2022,NA,"YHW",2022-08-30,NA,NA,NA,NA,NA,NA,NA,"red",NA,NA,NA,NA,"N",NA,NA,0.5
2022-07-27,"WL3","2","1.5","P",24,19,"1.3","9.5",4,NA,"0.0","8.0",4.4,3,"repro plant with no band, added 7/27",2022,NA,"YHW",2022-08-30,NA,NA,NA,NA,NA,"white",36,NA,NA,NA,NA,NA,"N",NA,NA,1.3
2022-07-27,"WL3","2","3","V",NA,NA,"0.46","1.1",1,"1.0",NA,NA,NA,NA,NA,2022,NA,"YHW",2022-08-30,NA,NA,NA,NA,NA,NA,NA,"red",NA,NA,NA,NA,"N",NA,NA,0.5
2022-07-27,"WL3","2","3","V",NA,NA,"0.3","1.2",1,"0.6",NA,NA,NA,NA,NA,2022,NA,"YHW",2022-08-30,NA,NA,NA,NA,NA,NA,NA,"red",NA,NA,NA,NA,"N",NA,NA,0.5
2022-07-27,"WL3","2","4","V",NA,NA,"0.21","0.8",1,"0.3",NA,NA,NA,NA,NA,2022,NA,"YHW",2022-08-30,NA,NA,NA,NA,NA,NA,NA,"red",NA,NA,NA,NA,"N",NA,NA,0.5
2022-07-27,"WL3","2","4","V",NA,NA,"0.48","0.9",1,"0.6",NA,NA,NA,NA,NA,2022,NA,"YHW",2022-08-30,NA,NA,NA,NA,NA,NA,NA,"red",NA,NA,NA,NA,"N",NA,NA,0.5
2022-07-27,"WL3","2","4","V",NA,NA,"0.24","0.6",1,"0.2",NA,NA,NA,NA,NA,2022,NA,"YHW",2022-08-30,NA,NA,NA,NA,NA,NA,NA,"red",NA,NA,NA,NA,"N",NA,NA,0.5
2022-07-27,"WL3","2","4.5","P",NA,NA,"2.16","15.5",2,NA,NA,NA,NA,NA,NA,2022,NA,"YHW",2022-08-30,NA,NA,NA,NA,NA,"blue",35,NA,"yellow",NA,NA,NA,"N",NA,NA,2.16
2022-07-27,"WL3","2","4.5","P",NA,NA,"1.56","13.0",4,NA,NA,NA,NA,NA,NA,2022,NA,"YHW",2022-08-30,NA,NA,NA,NA,NA,"orange",75,NA,"yellow",NA,NA,NA,"N",NA,NA,1.56
2022-07-27,"WL3","2","4.5","X",NA,NA,NA,NA,NA,NA,NA,NA,NA,NA,NA,2022,NA,"YHW",2022-08-30,NA,NA,NA,NA,NA,NA,NA,"blue",NA,NA,NA,NA,NA,NA,NA,NA
2022-07-27,"WL3","2","4.5","X",NA,NA,NA,NA,NA,NA,NA,NA,NA,NA,NA,2022,NA,"YHW",2022-08-30,NA,NA,NA,NA,NA,NA,NA,"red",NA,NA,NA,NA,NA,NA,NA,NA
2022-07-27,"WL3","2","4.5","V",NA,NA,"0.21","1.7",1,"0.4",NA,NA,NA,NA,NA,2022,NA,"YHW",2022-08-30,NA,NA,NA,NA,NA,NA,NA,"red",NA,NA,NA,NA,"N",NA,NA,0.5
2022-07-27,"WL3","2","4.5","V",NA,NA,"0.3","1.0",1,"0.4",NA,NA,NA,NA,NA,2022,NA,"YHW",2022-08-30,NA,NA,NA,NA,NA,NA,NA,"red",NA,NA,NA,NA,"N",NA,NA,0.5
2022-07-27,"WL3","2","4.5","V",NA,NA,"0.27","1.6",1,"0.5",NA,NA,NA,NA,NA,2022,NA,"YHW",2022-08-30,NA,NA,NA,NA,NA,NA,NA,"red",NA,NA,NA,NA,"N",NA,NA,0.5
2022-07-27,"WL3","2","4.5","V",NA,NA,"0.33","1.4",1,"0.7",NA,NA,NA,NA,NA,2022,NA,"YHW",2022-08-30,NA,NA,NA,NA,NA,NA,NA,"red",NA,NA,NA,NA,"N",NA,NA,0.5
2022-07-27,"WL3","2","3","X",NA,NA,NA,NA,NA,NA,NA,NA,NA,NA,NA,2022,NA,"YHW",2022-08-30,NA,NA,NA,NA,NA,NA,NA,"red",NA,NA,NA,NA,NA,NA,NA,NA
2022-07-27,"WL3","3","0","P",46,50,"4.57","22.6",1,NA,"0.0","93.0",5.8,1,NA,2022,NA,"YHW",2022-08-30,NA,NA,NA,NA,NA,"blue",78,NA,"orange",NA,NA,NA,"Y",NA,NA,4.57
2022-07-27,"WL3","3","0","X",NA,NA,NA,NA,NA,NA,NA,NA,NA,NA,NA,2022,NA,"YHW",2022-08-30,NA,NA,NA,NA,NA,NA,NA,"blue",NA,NA,NA,NA,NA,NA,NA,NA
2022-07-27,"WL3","3","0","V",14,9,"0.55","3.2",1,"0.7",NA,NA,NA,NA,NA,2022,NA,"YHW",2022-08-30,NA,NA,NA,NA,NA,"white",5,"blue",NA,NA,NA,NA,"N",NA,NA,0.5
2022-07-27,"WL3","3","0","V",16,7,"0.76","3.2",2,"0.6",NA,NA,NA,NA,NA,2022,NA,"YHW",2022-08-30,NA,NA,NA,NA,NA,"white",32,"blue",NA,NA,NA,NA,"Y",NA,NA,0.5
2022-07-27,"WL3","3","0","V",43,42,"0.59","1.8",1,"0.8",NA,NA,NA,NA,NA,2022,NA,"YHW",2022-08-30,NA,NA,NA,NA,NA,"white",55,"red",NA,NA,NA,NA,"Y",NA,NA,0.5
2022-07-27,"WL3","3","0","V",47,36,"1.36","1.9",1,"1.3",NA,NA,NA,NA,NA,2022,NA,"YHW",2022-08-30,NA,NA,NA,NA,NA,"white",12,"red",NA,NA,NA,NA,"Y",NA,NA,1.36
2022-07-27,"WL3","3","0","V",44,34,"1.04","2.7",1,"1.6",NA,NA,NA,NA,NA,2022,NA,"YHW",2022-08-30,NA,NA,NA,NA,NA,"white",37,"red",NA,NA,NA,NA,"Y",NA,NA,1.04
2022-07-27,"WL3","3","0","V",10,48,"0.52","0.8",1,"0.3",NA,NA,NA,NA,NA,2022,NA,"YHW",2022-08-30,NA,NA,NA,NA,NA,"white",62,"red",NA,NA,NA,NA,"N",NA,NA,0.5
2022-07-27,"WL3","3","0","V",0,22,"0.51","2.9",1,"0.7",NA,NA,NA,NA,NA,2022,NA,"YHW",2022-08-30,NA,NA,NA,NA,NA,"white",67,"red",NA,NA,NA,NA,"Y",NA,NA,0.5
2022-07-27,"WL3","3","0","V",29,8,"0.93","2.6",1,"1.8",NA,NA,NA,NA,NA,2022,NA,"YHW",2022-08-30,NA,NA,NA,NA,NA,"white",54,"red",NA,NA,NA,NA,"N",NA,NA,0.5
2022-07-27,"WL3","3","0","V",27,9,"0.93","4.0",1,"1.3",NA,NA,NA,NA,NA,2022,NA,"YHW",2022-08-30,NA,NA,NA,NA,NA,"white",64,"red",NA,NA,NA,NA,"N",NA,NA,0.5
2022-07-27,"WL3","3","0","V",5,5,"1.12","4.7",1,"1.8",NA,NA,NA,NA,NA,2022,NA,"YHW",2022-08-30,NA,NA,NA,NA,NA,"white",82,"red",NA,NA,NA,NA,"Y",NA,NA,1.12
2022-07-27,"WL3","3","0","V",NA,NA,"0.66","2.5",1,"1.0",NA,NA,NA,NA,NA,2022,NA,"YHW",2022-08-30,NA,NA,NA,NA,NA,NA,NA,"red",NA,NA,NA,NA,"N",NA,NA,0.5
2022-07-27,"WL3","3","0","V",NA,NA,"1.06","4.8",1,"2.0",NA,NA,NA,NA,NA,2022,NA,"YHW",2022-08-30,NA,NA,NA,NA,NA,NA,NA,"red",NA,NA,NA,NA,"Y",NA,NA,1.06
2022-07-27,"WL3","3","0.5","V",34,5,"0.51","2.0",1,"0.6",NA,NA,NA,NA,NA,2022,NA,"YHW",2022-08-30,NA,NA,NA,NA,NA,"white",72,"blue",NA,NA,NA,NA,"Y",NA,NA,0.5
2022-07-27,"WL3","3","0.5","V",20,32,"1.15","3.5",1,"2.0",NA,NA,NA,NA,NA,2022,NA,"YHW",2022-08-30,NA,NA,NA,NA,NA,"white",70,"red",NA,NA,NA,NA,"Y",NA,NA,1.15
2022-07-27,"WL3","3","1","V",17,4,"0.82","2.6",1,"1.6",NA,NA,NA,NA,NA,2022,NA,"YHW",2022-08-30,NA,NA,NA,NA,NA,"white",74,"red",NA,NA,NA,NA,"N",NA,NA,0.5
2022-07-27,"WL3","3","1.5","V",NA,NA,"0.39","0.9",1,"0.3",NA,NA,NA,NA,NA,2022,NA,"YHW",2022-08-30,NA,NA,NA,NA,NA,NA,NA,"blue",NA,NA,NA,NA,"N",NA,NA,0.5
2022-07-27,"WL3","3","1.5","X",NA,NA,NA,NA,NA,NA,NA,NA,NA,NA,NA,2022,NA,"YHW",2022-08-30,NA,NA,NA,NA,NA,NA,NA,"red",NA,NA,NA,NA,NA,NA,NA,NA
2022-07-27,"WL3","3","1.5","V",43,2,"1.24","2.2",1,"1.9",NA,NA,NA,NA,NA,2022,NA,"YHW",2022-08-30,NA,NA,NA,NA,NA,"white",75,"red",NA,NA,NA,NA,"Y",NA,NA,1.24
2022-07-27,"WL3","3","1.5","V",NA,NA,"0.43","1.1",1,"0.4",NA,NA,NA,NA,NA,2022,NA,"YHW",2022-08-30,NA,NA,NA,NA,NA,NA,NA,"red",NA,NA,NA,NA,"N",NA,NA,0.5
2022-07-27,"WL3","3","1.5","V",23,5,"1.26","1.7",1,"1.7",NA,NA,NA,NA,NA,2022,NA,"YHW",2022-08-30,NA,NA,NA,NA,NA,"white",2,"red",NA,NA,NA,NA,"N",NA,NA,1.26
2022-07-27,"WL3","3","1.5","V",20,16,"0.52","1.8",1,"0.4",NA,NA,NA,NA,NA,2022,NA,"YHW",2022-08-30,NA,NA,NA,NA,NA,"white",23,"red",NA,NA,NA,NA,"Y",NA,NA,0.5
2022-07-27,"WL3","3","1.5","V",20,19,"0.87","4.3",1,"1.9",NA,NA,NA,NA,NA,2022,NA,"YHW",2022-08-30,NA,NA,NA,NA,NA,"white",50,"red",NA,NA,NA,NA,"N",NA,NA,0.5
2022-07-27,"WL3","3","1.5","V",41,34,"1.41","2.5",1,"1.7",NA,NA,NA,NA,NA,2022,NA,"YHW",2022-08-30,NA,NA,NA,NA,NA,"white",98,"red",NA,NA,NA,NA,"Y",NA,NA,1.41
2022-07-27,"WL3","3","1.5","V",9,25,"1.67","3.8",4,"2.1",NA,NA,NA,NA,NA,2022,NA,"YHW",2022-08-30,NA,NA,NA,NA,NA,"white",63,"red",NA,NA,NA,NA,"Y",NA,NA,1.67
2022-07-27,"WL3","3","1.5","V",0,33,"1.34","3.0",1,"1.7",NA,NA,NA,NA,NA,2022,NA,"YHW",2022-08-30,NA,NA,NA,NA,NA,"white",65,"red",NA,NA,NA,NA,"N",NA,NA,1.34
2022-07-27,"WL3","3","2","V",0,11,"0.58","1.8",1,"0.9",NA,NA,NA,NA,NA,2022,NA,"YHW",2022-08-30,NA,NA,NA,NA,NA,"white",68,"blue",NA,NA,NA,NA,"N",NA,NA,0.5
2022-07-27,"WL3","3","2","V",36,10,"1.39","3.1",1,"1.7",NA,NA,NA,NA,NA,2022,NA,"YHW",2022-08-30,NA,NA,NA,NA,NA,"white",56,"red",NA,NA,NA,NA,"N",NA,NA,1.39
2022-07-27,"WL3","3","2","V",32,36,"1.38","3.2",1,"3.1",NA,NA,NA,NA,NA,2022,NA,"YHW",2022-08-30,NA,NA,NA,NA,NA,"white",84,"red",NA,NA,NA,NA,"N",NA,NA,1.38
2022-07-27,"WL3","3","2.5","V",42,22,"0.76","3.0",1,"1.4",NA,NA,NA,NA,NA,2022,NA,"YHW",2022-08-30,NA,NA,NA,NA,NA,"white",53,"red",NA,NA,NA,NA,"Y",NA,NA,0.5
2022-07-27,"WL3","3","2.5","V",2,19,"1.02","2.4",1,"1.0",NA,NA,NA,NA,NA,2022,NA,"YHW",2022-08-30,NA,NA,NA,NA,NA,"white",87,"red",NA,NA,NA,NA,"Y",NA,NA,1.02
2022-07-27,"WL3","3","2.5","V",1,19,"1.24","2.5",1,"2.3",NA,NA,NA,NA,NA,2022,NA,"YHW",2022-08-30,NA,NA,NA,NA,NA,"white",58,"red",NA,NA,NA,NA,"Y",NA,NA,1.24
2022-07-27,"WL3","3","2","V",3,49,"1.31","3.5",1,"2.1",NA,NA,NA,NA,"found extra red",2022,NA,"YHW",2022-08-30,NA,NA,NA,NA,NA,"white",59,"red",NA,NA,NA,NA,"Y",NA,NA,1.31
2022-07-27,"WL3","3","3.5","P",49,22,"3.25","19.2",1,NA,"0.0","14.0",5.1,1,NA,2022,NA,"YHW",2022-08-30,NA,NA,NA,NA,NA,"blue",2,NA,"yellow",NA,NA,NA,"N",NA,NA,3.25
2022-07-27,"WL3","3","3.5","P",43,25,"2.27","11.7",5,NA,"1.0","7.0",5.3,1,NA,2022,NA,"YHW",2022-08-30,NA,NA,NA,NA,NA,"blue",47,NA,"blue",NA,NA,NA,"Y",NA,NA,2.27
2022-07-27,"WL3","3","3.5","P",12,34,"2.38","26.8",2,NA,"0.0","34.0",7.6,2,NA,2022,NA,"YHW",2022-08-30,NA,NA,NA,NA,NA,"blue",9,NA,"yellow",NA,NA,NA,"Y",NA,NA,2.38
2022-07-27,"WL3","3","3.5","P",35,42,"2.11","23.0",1,NA,"2.0","43.0",5.4,1,NA,2022,NA,"YHW",2022-08-30,NA,NA,NA,NA,NA,"blue",69,NA,"yellow",NA,NA,NA,"N",NA,NA,2.11
2022-07-27,"WL3","3","3.5","X",NA,NA,NA,NA,NA,NA,NA,NA,NA,NA,NA,2022,NA,"YHW",2022-08-30,NA,NA,NA,NA,NA,NA,NA,"blue",NA,NA,NA,NA,NA,NA,NA,NA
2022-07-27,"WL3","3","3.5","X",NA,NA,NA,NA,NA,NA,NA,NA,NA,NA,NA,2022,NA,"YHW",2022-08-30,NA,NA,NA,NA,NA,NA,NA,"red",NA,NA,NA,NA,NA,NA,NA,NA
2022-07-27,"WL3","3","3.5","X",NA,NA,NA,NA,NA,NA,NA,NA,NA,NA,NA,2022,NA,"YHW",2022-08-30,NA,NA,NA,NA,NA,NA,NA,"red",NA,NA,NA,NA,NA,NA,NA,NA
2022-07-27,"WL3","3","3.5","X",NA,NA,NA,NA,NA,NA,NA,NA,NA,NA,NA,2022,NA,"YHW",2022-08-30,NA,NA,NA,NA,NA,NA,NA,"red",NA,NA,NA,NA,NA,NA,NA,NA
2022-07-27,"WL3","3","3.5","X",NA,NA,NA,NA,NA,NA,NA,NA,NA,NA,NA,2022,NA,"YHW",2022-08-30,NA,NA,NA,NA,NA,NA,NA,"red",NA,NA,NA,NA,NA,NA,NA,NA
2022-07-27,"WL3","3","3.5","V",45,10,"0.59","2.4",1,"0.4",NA,NA,NA,NA,NA,2022,NA,"YHW",2022-08-30,NA,NA,NA,NA,NA,"white",1,"red",NA,NA,NA,NA,"N",NA,NA,0.5
2022-07-27,"WL3","3","3.5","V",46,12,"0.94","2.2",1,"0.9",NA,NA,NA,NA,NA,2022,NA,"YHW",2022-08-30,NA,NA,NA,NA,NA,"white",61,"red",NA,NA,NA,NA,"N",NA,NA,0.5
2022-07-27,"WL3","3","3.5","V",NA,NA,"0.45","1.5",1,"0.4",NA,NA,NA,NA,"dying",2022,NA,"YHW",2022-08-30,NA,NA,NA,NA,NA,NA,NA,"red",NA,NA,NA,NA,"Y",NA,NA,0.5
2022-07-27,"WL3","3","3.5","V",49,19,"0.58","1.7",1,"0.4",NA,NA,NA,NA,NA,2022,NA,"YHW",2022-08-30,NA,NA,NA,NA,NA,"white",79,"red",NA,NA,NA,NA,"N",NA,NA,0.5
2022-07-27,"WL3","3","3.5","V",NA,NA,"0.26","1.4",1,"0.2",NA,NA,NA,NA,NA,2022,NA,"YHW",2022-08-30,NA,NA,NA,NA,NA,NA,NA,"red",NA,NA,NA,NA,"N",NA,NA,0.5
2022-07-27,"WL3","3","3.5","V",NA,NA,"0.37","1.8",1,"0.3",NA,NA,NA,NA,"dying",2022,NA,"YHW",2022-08-30,NA,NA,NA,NA,NA,NA,NA,"red",NA,NA,NA,NA,"N",NA,NA,0.5
2022-07-27,"WL3","3","3.5","V",48,22,"0.69","3.1",1,"0.6",NA,NA,NA,NA,NA,2022,NA,"YHW",2022-08-30,NA,NA,NA,NA,NA,"white",51,"red",NA,NA,NA,NA,"N",NA,NA,0.5
2022-07-27,"WL3","3","3.5","V",49,23,"1.18","2.8",1,"1.1",NA,NA,NA,NA,NA,2022,NA,"YHW",2022-08-30,NA,NA,NA,NA,NA,"white",83,"red",NA,NA,NA,NA,"N",NA,NA,1.18
2022-07-27,"WL3","3","3.5","V",NA,NA,"0.29","2.0",1,"0.2",NA,NA,NA,NA,NA,2022,NA,"YHW",2022-08-30,NA,NA,NA,NA,NA,NA,NA,"red",NA,NA,NA,NA,"N",NA,NA,0.5
2022-07-27,"WL3","3","3.5","V",35,21,"0.56","1.8",1,"0.7",NA,NA,NA,NA,NA,2022,NA,"YHW",2022-08-30,NA,NA,NA,NA,NA,"white",71,"red",NA,NA,NA,NA,"N",NA,NA,0.5
2022-07-27,"WL3","3","3.5","V",NA,NA,"0.21","1.3",1,"0.3",NA,NA,NA,NA,NA,2022,NA,"YHW",2022-08-30,NA,NA,NA,NA,NA,NA,NA,"red",NA,NA,NA,NA,"N",NA,NA,0.5
2022-07-27,"WL3","3","3.5","V",21,25,"0.58","1.7",1,"0.7",NA,NA,NA,NA,NA,2022,NA,"YHW",2022-08-30,NA,NA,NA,NA,NA,"white",57,"red",NA,NA,NA,NA,"N",NA,NA,0.5
2022-07-27,"WL3","3","3.5","V",20,23,"0.59","1.7",1,"0.7",NA,NA,NA,NA,NA,2022,NA,"YHW",2022-08-30,NA,NA,NA,NA,NA,"white",78,"red",NA,NA,NA,NA,"N",NA,NA,0.5
2022-07-27,"WL3","3","3.5","V",25,48,"0.55","2.3",1,"0.4",NA,NA,NA,NA,NA,2022,NA,"YHW",2022-08-30,NA,NA,NA,NA,NA,"white",80,"red",NA,NA,NA,NA,"N",NA,NA,0.5
2022-07-27,"WL3","3","3.5","V",40,50,"0.5","1.4",1,"0.5",NA,NA,NA,NA,NA,2022,NA,"YHW",2022-08-30,NA,NA,NA,NA,NA,"white",52,"red",NA,NA,NA,NA,"Y",NA,NA,0.5
2022-07-27,"WL3","3","3.5","V",NA,NA,"0.38","1.7",1,"0.3",NA,NA,NA,NA,NA,2022,NA,"YHW",2022-08-30,NA,NA,NA,NA,NA,NA,NA,"red",NA,NA,NA,NA,"N",NA,NA,0.5
2022-07-27,"WL3","3","3.5","V",NA,NA,"0.66","1.3",1,"0.5",NA,NA,NA,NA,NA,2022,NA,"YHW",2022-08-30,NA,NA,NA,NA,NA,NA,NA,"red",NA,NA,NA,NA,"N",NA,NA,0.5
2022-07-27,"WL3","3","3.5","V",NA,NA,"0.61","2.4",1,"0.8",NA,NA,NA,NA,NA,2022,NA,"YHW",2022-08-30,NA,NA,NA,NA,NA,NA,NA,"red",NA,NA,NA,NA,"N",NA,NA,0.5
2022-07-27,"WL3","3","3.5","V",NA,NA,"0.55","2.2",1,"0.7",NA,NA,NA,NA,NA,2022,NA,"YHW",2022-08-30,NA,NA,NA,NA,NA,NA,NA,"red",NA,NA,NA,NA,"N",NA,NA,0.5
2022-07-27,"WL3","3","3.5","V",NA,NA,"0.34","1.2",1,"0.2",NA,NA,NA,NA,NA,2022,NA,"YHW",2022-08-30,NA,NA,NA,NA,NA,NA,NA,"red",NA,NA,NA,NA,"N",NA,NA,0.5
2022-07-27,"WL3","3","3.5","P",10,36,"2.14","13.4",1,NA,"2.0","5.0",7.3,1,"second plant next to band 6",2022,NA,"YHW",2022-08-30,NA,NA,NA,NA,NA,"blue",76,NA,NA,NA,NA,NA,"Y",NA,NA,2.14
2022-07-27,"WL3","3","4","P",36,23,"1.83","21.4",4,NA,"0.0","16.0",7,1,NA,2022,NA,"YHW",2022-08-30,NA,NA,NA,NA,NA,"blue",400,NA,"green",NA,NA,NA,"N",NA,NA,1.83
2022-07-27,"WL3","3","4","V",34,32,"0.86","1.6",1,"0.1",NA,NA,NA,NA,NA,2022,NA,"YHW",2022-08-30,NA,NA,NA,NA,NA,"white",76,"red",NA,NA,NA,NA,"N",NA,NA,0.5
2022-07-27,"WL3","3","4","V",8,23,"1.63","3.0",1,"1.0",NA,NA,NA,NA,NA,2022,NA,"YHW",2022-08-30,NA,NA,NA,NA,NA,"white",16,"red",NA,NA,NA,NA,"N",NA,NA,1.63
2022-07-27,"WL3","3","4","V",5,5,"0.65","1.9",1,"0.7",NA,NA,NA,NA,NA,2022,NA,"YHW",2022-08-30,NA,NA,NA,NA,NA,"white",85,"red",NA,NA,NA,NA,"N",NA,NA,0.5
2022-07-27,"WL3","3","4","V",8,11,"0.61","1.8",1,"0.8",NA,NA,NA,NA,NA,2022,NA,"YHW",2022-08-30,NA,NA,NA,NA,NA,"white",81,"red",NA,NA,NA,NA,"N",NA,NA,0.5
2022-07-27,"WL3","3","4.5","V",31,9,"0.62","1.7",1,"0.6",NA,NA,NA,NA,NA,2022,NA,"YHW",2022-08-30,NA,NA,NA,NA,NA,"white",109,"red",NA,NA,NA,NA,"N",NA,NA,0.5
2022-07-27,"WL3","3","5","P",15,9,"3.09","18.5",6,NA,"0.0","53.0",6.5,6,NA,2022,NA,"YHW",2022-08-30,NA,NA,NA,NA,NA,"blue",93,NA,"yellow",NA,NA,NA,"N",NA,NA,3.09
2022-07-27,"WL3","3","5","V",NA,NA,"0.42","1.2",1,"0.5",NA,NA,NA,NA,NA,2022,NA,"YHW",2022-08-30,NA,NA,NA,NA,NA,NA,NA,"red",NA,NA,NA,NA,"N",NA,NA,0.5
2022-07-27,"WL3","3","5","V",35,21,"0.83","2.5",1,"1.1",NA,NA,NA,NA,NA,2022,NA,"YHW",2022-08-30,NA,NA,NA,NA,NA,"white",273,"red",NA,NA,NA,NA,"N",NA,NA,0.5
2022-07-27,"WL3","3","5","V",40,30,"0.69","1.6",1,"1.1",NA,NA,NA,NA,NA,2022,NA,"YHW",2022-08-30,NA,NA,NA,NA,NA,"white",145,"red",NA,NA,NA,NA,"Y",NA,NA,0.5
2022-07-27,"WL3","3","5","V",49,50,"0.79","1.4",1,"1.2",NA,NA,NA,NA,NA,2022,NA,"YHW",2022-08-30,NA,NA,NA,NA,NA,"white",701,"red",NA,NA,NA,NA,"N",NA,NA,0.5
2022-07-27,"WL3","3","5.5","V",NA,NA,"0.37","1.2",1,"0.2",NA,NA,NA,NA,NA,2022,NA,"YHW",2022-08-30,NA,NA,NA,NA,NA,NA,NA,"blue",NA,NA,NA,NA,"N",NA,NA,0.5
2022-07-27,"WL3","3","5.5","V",28,2,"0.55","1.7",1,"0.4",NA,NA,NA,NA,NA,2022,NA,"YHW",2022-08-30,NA,NA,NA,NA,NA,"white",140,"red",NA,NA,NA,NA,"N",NA,NA,0.5
2022-07-27,"WL3","3","5.5","V",27,1,"0.73","2.3",1,"0.8",NA,NA,NA,NA,NA,2022,NA,"YHW",2022-08-30,NA,NA,NA,NA,NA,"white",269,"red",NA,NA,NA,NA,"N",NA,NA,0.5
2022-07-27,"WL3","3","5.5","V",4,5,"1.03","1.7",1,"1.4",NA,NA,NA,NA,NA,2022,NA,"YHW",2022-08-30,NA,NA,NA,NA,NA,"white",170,"red",NA,NA,NA,NA,"Y",NA,NA,1.03
2022-07-27,"WL3","3","5.5","V",10,12,"0.53","1.7",1,"0.7",NA,NA,NA,NA,NA,2022,NA,"YHW",2022-08-30,NA,NA,NA,NA,NA,"white",263,"red",NA,NA,NA,NA,"Y",NA,NA,0.5
2022-07-27,"WL3","3","5.5","V",2,15,"0.81","1.6",1,"1.0",NA,NA,NA,NA,NA,2022,NA,"YHW",2022-08-30,NA,NA,NA,NA,NA,"white",155,"red",NA,NA,NA,NA,"Y",NA,NA,0.5
2022-07-27,"WL3","3","5.5","V",1,21,"0.51","1.4",1,"0.6",NA,NA,NA,NA,NA,2022,NA,"YHW",2022-08-30,NA,NA,NA,NA,NA,"white",238,"red",NA,NA,NA,NA,"Y",NA,NA,0.5
2022-07-27,"WL3","3","5.5","V",1,31,"0.84","2.5",1,"1.2",NA,NA,NA,NA,NA,2022,NA,"YHW",2022-08-30,NA,NA,NA,NA,NA,"white",162,"red",NA,NA,NA,NA,"N",NA,NA,0.5
2022-07-27,"WL3","3","5.5","V",NA,NA,"0.44","2.0",1,"0.6",NA,NA,NA,NA,NA,2022,NA,"YHW",2022-08-30,NA,NA,NA,NA,NA,NA,NA,"red",NA,NA,NA,NA,"N",NA,NA,0.5
2022-07-27,"WL3","3","4","V",30,7,"0.92","2.0",1,"1.6",NA,NA,NA,NA,"2 more red picks not on data sheet",2022,NA,"YHW",2022-08-30,NA,NA,NA,NA,NA,"white",50,"red",NA,NA,NA,NA,"Y",NA,NA,0.5
2022-07-27,"WL3","3","4","V",NA,NA,"0.48","1.1",1,"0.4",NA,NA,NA,NA,NA,2022,NA,"YHW",2022-08-30,NA,NA,NA,NA,NA,NA,NA,"red",NA,NA,NA,NA,"N",NA,NA,0.5
2022-07-27,"WL3","3","6","P",38,25,"1.37","13.5",2,NA,"0.0","13.0",5.1,2,NA,2022,NA,"YHW",2022-08-30,NA,NA,NA,NA,NA,"blue",12,NA,"yellow",NA,NA,NA,"N",NA,NA,1.37
2022-07-27,"WL3","3","6","P",22,32,"2.32","16.9",2,NA,"0.0","56.0",4.3,2,NA,2022,NA,"YHW",2022-08-30,NA,NA,NA,NA,NA,"blue",5,NA,"yellow",NA,NA,NA,"N",NA,NA,2.32
2022-07-27,"WL3","3","6","V",NA,NA,"0.26","1.6",1,"0.4",NA,NA,NA,NA,NA,2022,NA,"YHW",2022-08-30,NA,NA,NA,NA,NA,NA,NA,"blue",NA,NA,NA,NA,"N",NA,NA,0.5
2022-07-27,"WL3","3","6","V",NA,NA,"0.29","1.7",1,"0.3",NA,NA,NA,NA,NA,2022,NA,"YHW",2022-08-30,NA,NA,NA,NA,NA,NA,NA,"red",NA,NA,NA,NA,"N",NA,NA,0.5
2022-07-27,"WL3","3","6","V",NA,NA,"0.49","1.2",1,"0.5",NA,NA,NA,NA,NA,2022,NA,"YHW",2022-08-30,NA,NA,NA,NA,NA,NA,NA,"red",NA,NA,NA,NA,"N",NA,NA,0.5
2022-07-27,"WL3","3","6","V",NA,NA,"0.41","1.0",1,"0.5",NA,NA,NA,NA,NA,2022,NA,"YHW",2022-08-30,NA,NA,NA,NA,NA,NA,NA,"red",NA,NA,NA,NA,"N",NA,NA,0.5
2022-07-27,"WL3","3","6","V",NA,NA,"0.35","1.3",1,"0.4",NA,NA,NA,NA,NA,2022,NA,"YHW",2022-08-30,NA,NA,NA,NA,NA,NA,NA,"red",NA,NA,NA,NA,"N",NA,NA,0.5
2022-07-27,"WL3","3","6","V",NA,NA,"0.32","0.9",1,"0.4",NA,NA,NA,NA,NA,2022,NA,"YHW",2022-08-30,NA,NA,NA,NA,NA,NA,NA,"red",NA,NA,NA,NA,"N",NA,NA,0.5
2022-07-27,"WL3","3","6","V",NA,NA,"0.44","1.7",1,"0.7",NA,NA,NA,NA,NA,2022,NA,"YHW",2022-08-30,NA,NA,NA,NA,NA,NA,NA,"red",NA,NA,NA,NA,"N",NA,NA,0.5
2022-07-27,"WL3","3","6","V",NA,NA,"0.33","0.8",1,"0.6",NA,NA,NA,NA,NA,2022,NA,"YHW",2022-08-30,NA,NA,NA,NA,NA,NA,NA,"red",NA,NA,NA,NA,"N",NA,NA,0.5
2022-07-27,"WL3","3","6","V",NA,NA,"0.3","0.8",1,"0.5",NA,NA,NA,NA,NA,2022,NA,"YHW",2022-08-30,NA,NA,NA,NA,NA,NA,NA,"red",NA,NA,NA,NA,"N",NA,NA,0.5
2022-07-27,"WL3","3","6.5","P",7,27,"2.75","15.0",1,NA,"0.0","49.0",4.1,1,NA,2022,NA,"YHW",2022-08-30,NA,NA,NA,NA,NA,"blue",11,NA,"yellow",NA,NA,NA,"N",NA,NA,2.75
2022-07-27,"WL3","3","6.5","P",8,5,"2.32","18.5",1,NA,"0.0","34.0",4.7,1,NA,2022,NA,"YHW",2022-08-30,NA,NA,NA,NA,NA,"blue",3,NA,"yellow",NA,NA,NA,"N",NA,NA,2.32
2022-07-27,"WL3","3","6.5","P",22,15,"1.74","12.1",3,NA,"0.0","18.0",4.4,2,NA,2022,NA,"YHW",2022-08-30,NA,NA,NA,NA,NA,"blue",55,NA,"yellow",NA,NA,NA,"N",NA,NA,1.74
2022-07-27,"WL3","3","6.5","V",NA,NA,"0.41","1.0",1,"0.3",NA,NA,NA,NA,NA,2022,NA,"YHW",2022-08-30,NA,NA,NA,NA,NA,NA,NA,"blue",NA,NA,NA,NA,"Y",NA,NA,0.5
2022-07-27,"WL3","3","6.5","V",32,18,"0.53","0.9",1,"0.4",NA,NA,NA,NA,NA,2022,NA,"YHW",2022-08-30,NA,NA,NA,NA,NA,"white",211,"red",NA,NA,NA,NA,"N",NA,NA,0.5
2022-07-27,"WL3","3","6.5","V",37,23,"0.69","1.9",1,"1.0",NA,NA,NA,NA,NA,2022,NA,"YHW",2022-08-30,NA,NA,NA,NA,NA,"white",235,"red",NA,NA,NA,NA,"N",NA,NA,0.5
2022-07-27,"WL3","3","6.5","V",36,30,"0.96","2.4",1,"1.5",NA,NA,NA,NA,NA,2022,NA,"YHW",2022-08-30,NA,NA,NA,NA,NA,"white",130,"red",NA,NA,NA,NA,"N",NA,NA,0.5
2022-07-27,"WL3","3","6.5","V",42,31,"1.07","3.5",1,"1.7",NA,NA,NA,NA,NA,2022,NA,"YHW",2022-08-30,NA,NA,NA,NA,NA,"white",139,"red",NA,NA,NA,NA,"N",NA,NA,1.07
2022-07-27,"WL3","3","6.5","V",38,47,"0.82","2.6",1,"1.7",NA,NA,NA,NA,NA,2022,NA,"YHW",2022-08-30,NA,NA,NA,NA,NA,"white",237,"red",NA,NA,NA,NA,"N",NA,NA,0.5
2022-07-27,"WL3","3","6.5","V",NA,NA,"0.44","1.3",1,"0.5",NA,NA,NA,NA,NA,2022,NA,"YHW",2022-08-30,NA,NA,NA,NA,NA,NA,NA,"red",NA,NA,NA,NA,"N",NA,NA,0.5
2022-07-27,"WL3","3","6.5","V",24,30,"0.6","2.1",1,"0.7",NA,NA,NA,NA,NA,2022,NA,"YHW",2022-08-30,NA,NA,NA,NA,NA,"white",138,"red",NA,NA,NA,NA,"Y",NA,NA,0.5
2022-07-27,"WL3","3","6.5","V",NA,NA,"0.49","1.7",1,"0.6",NA,NA,NA,NA,NA,2022,NA,"YHW",2022-08-30,NA,NA,NA,NA,NA,NA,NA,"red",NA,NA,NA,NA,"N",NA,NA,0.5
2022-07-27,"WL3","3","6.5","V",16,31,"0.58","0.8",1,"0.7",NA,NA,NA,NA,NA,2022,NA,"YHW",2022-08-30,NA,NA,NA,NA,NA,"white",549,"red",NA,NA,NA,NA,"Y",NA,NA,0.5
2022-07-27,"WL3","3","6.5","V",NA,NA,"0.3","0.7",1,"0.2",NA,NA,NA,NA,NA,2022,NA,"YHW",2022-08-30,NA,NA,NA,NA,NA,NA,NA,"red",NA,NA,NA,NA,"N",NA,NA,0.5
2022-07-27,"WL3","3","6.5","V",NA,NA,"0.25","0.9",1,"0.2",NA,NA,NA,NA,NA,2022,NA,"YHW",2022-08-30,NA,NA,NA,NA,NA,NA,NA,"red",NA,NA,NA,NA,"N",NA,NA,0.5
2022-07-27,"WL3","3","6.5","V",NA,NA,"0.35","0.8",1,"0.4",NA,NA,NA,NA,NA,2022,NA,"YHW",2022-08-30,NA,NA,NA,NA,NA,NA,NA,"red",NA,NA,NA,NA,"Y",NA,NA,0.5
2022-07-27,"WL3","3","6","V",0,18,"0.55","1.4",1,"0.3",NA,NA,NA,NA,NA,2022,NA,"YHW",2022-08-30,NA,NA,NA,NA,NA,"white",609,"red",NA,NA,NA,NA,"N",NA,NA,0.5
2022-07-27,"WL3","3","7","V",NA,NA,"0.48","2.4",1,"0.7",NA,NA,NA,NA,NA,2022,NA,"YHW",2022-08-30,NA,NA,NA,NA,NA,NA,NA,"red",NA,NA,NA,NA,"Y",NA,NA,0.5
2022-07-27,"WL3","3","7","V",2,15,"1.01","3.2",1,"1.5",NA,NA,NA,NA,NA,2022,NA,"YHW",2022-08-30,NA,NA,NA,NA,NA,"white",202,"red",NA,NA,NA,NA,"N",NA,NA,1.01
2022-07-27,"WL3","3","7","V",7,31,"0.9","2.7",1,"1.6",NA,NA,NA,NA,NA,2022,NA,"YHW",2022-08-30,NA,NA,NA,NA,NA,"white",43,"red",NA,NA,NA,NA,"N",NA,NA,0.5
2022-07-27,"WL3","3","7","V",8,41,"0.67","2.4",1,"0.8",NA,NA,NA,NA,NA,2022,NA,"YHW",2022-08-30,NA,NA,NA,NA,NA,"white",239,"red",NA,NA,NA,NA,"N",NA,NA,0.5
2022-07-27,"WL3","3","7","V",19,17,"0.54","3.1",1,"0.7",NA,NA,NA,NA,NA,2022,NA,"YHW",2022-08-30,NA,NA,NA,NA,NA,"white",153,"red",NA,NA,NA,NA,"N",NA,NA,0.5
2022-07-27,"WL3","3","7","V",40,40,"0.5","1.9",1,"0.9",NA,NA,NA,NA,NA,2022,NA,"YHW",2022-08-30,NA,NA,NA,NA,NA,"white",159,"red",NA,NA,NA,NA,"N",NA,NA,0.5
2022-07-27,"WL3","3","7","V",NA,NA,"0.42","1.7",1,"0.8",NA,NA,NA,NA,NA,2022,NA,"YHW",2022-08-30,NA,NA,NA,NA,NA,NA,NA,"red",NA,NA,NA,NA,"N",NA,NA,0.5
2022-07-27,"WL3","3","8","X",NA,NA,NA,NA,NA,NA,NA,NA,NA,NA,NA,2022,NA,"YHW",2022-08-30,NA,NA,NA,NA,NA,NA,NA,"red",NA,NA,NA,NA,NA,NA,NA,NA
2022-07-27,"WL3","3","8","V",10,30,"1.37","3.0",4,"1.4",NA,NA,NA,NA,NA,2022,NA,"YHW",2022-08-30,NA,NA,NA,NA,NA,"white",227,"red",NA,NA,NA,NA,"Y",NA,NA,1.37
2022-07-27,"WL3","3","8","V",6,34,"1.01","2.8",1,"1.7",NA,NA,NA,NA,NA,2022,NA,"YHW",2022-08-30,NA,NA,NA,NA,NA,"white",135,"red",NA,NA,NA,NA,"Y",NA,NA,1.01
2022-07-27,"WL3","3","8","V",NA,NA,"0.43","1.7",1,"0.6",NA,NA,NA,NA,NA,2022,NA,"YHW",2022-08-30,NA,NA,NA,NA,NA,NA,NA,"red",NA,NA,NA,NA,"N",NA,NA,0.5
2022-07-27,"WL3","3","8","V",44,36,"0.86","2.5",1,"1.5",NA,NA,NA,NA,NA,2022,NA,"YHW",2022-08-30,NA,NA,NA,NA,NA,"white",222,"red",NA,NA,NA,NA,"Y",NA,NA,0.5
2022-07-27,"WL3","3","8","V",45,9,"0.64","2.3",1,"1.2",NA,NA,NA,NA,NA,2022,NA,"YHW",2022-08-30,NA,NA,NA,NA,NA,"white",498,"red",NA,NA,NA,NA,"N",NA,NA,0.5
2022-07-27,"WL3","3","8","V",NA,NA,"0.39","1.6",1,"0.6",NA,NA,NA,NA,NA,2022,NA,"YHW",2022-08-30,NA,NA,NA,NA,NA,NA,NA,"red",NA,NA,NA,NA,"Y",NA,NA,0.5
2022-07-27,"WL3","3","8.5","X",NA,NA,NA,NA,NA,NA,NA,NA,NA,NA,NA,2022,NA,"YHW",2022-08-30,NA,NA,NA,NA,NA,NA,NA,"red",NA,NA,NA,NA,NA,NA,NA,NA
2022-07-27,"WL3","3","8.5","V",12,32,"0.61","2.9",1,"2.5",NA,NA,NA,NA,NA,2022,NA,"YHW",2022-08-30,NA,NA,NA,NA,NA,"white",208,"red",NA,NA,NA,NA,"N",NA,NA,0.5
2022-07-27,"WL3","3","9","X",NA,NA,NA,NA,NA,NA,NA,NA,NA,NA,NA,2022,NA,"YHW",2022-08-30,NA,NA,NA,NA,NA,NA,NA,"red",NA,NA,NA,NA,NA,NA,NA,NA
2022-07-27,"WL3","4","1.5","X",NA,NA,NA,NA,NA,NA,NA,NA,NA,NA,NA,2022,NA,"YHW",2022-08-30,NA,NA,NA,NA,NA,NA,NA,"red",NA,NA,NA,NA,NA,NA,NA,NA
2022-07-27,"WL3","4","2","V",NA,NA,"0.47","0.9",1,"0.4",NA,NA,NA,NA,NA,2022,NA,"YHW",2022-08-30,NA,NA,NA,NA,NA,NA,NA,"red",NA,NA,NA,NA,"Y",NA,NA,0.5
2022-07-27,"WL3","4","2","V",40,49,"0.66","2.1",1,"0.8",NA,NA,NA,NA,NA,2022,NA,"YHW",2022-08-30,NA,NA,NA,NA,NA,"white",586,"red",NA,NA,NA,NA,"Y",NA,NA,0.5
2022-07-27,"WL3","4","2.5","V",7,24,"0.64","1.9",1,"1.0",NA,NA,NA,NA,NA,2022,NA,"YHW",2022-08-30,NA,NA,NA,NA,NA,"white",132,"red",NA,NA,NA,NA,"N",NA,NA,0.5
2022-07-27,"WL3","4","3","X",NA,NA,NA,NA,NA,NA,NA,NA,NA,NA,NA,2022,NA,"YHW",2022-08-30,NA,NA,NA,NA,NA,NA,NA,"red",NA,NA,NA,NA,NA,NA,NA,NA
2022-07-27,"WL3","4","3","X",NA,NA,NA,NA,NA,NA,NA,NA,NA,NA,NA,2022,NA,"YHW",2022-08-30,NA,NA,NA,NA,NA,NA,NA,"red",NA,NA,NA,NA,NA,NA,NA,NA
2022-07-27,"WL3","4","3","V",27,3,"0.76","1.5",1,"0.7",NA,NA,NA,NA,NA,2022,NA,"YHW",2022-08-30,NA,NA,NA,NA,NA,"white",143,"red",NA,NA,NA,NA,"N",NA,NA,0.5
2022-07-27,"WL3","4","3","V",NA,NA,"0.41","1.4",1,"0.5",NA,NA,NA,NA,NA,2022,NA,"YHW",2022-08-30,NA,NA,NA,NA,NA,NA,NA,"red",NA,NA,NA,NA,"N",NA,NA,0.5
2022-07-27,"WL3","4","3","V",NA,NA,"0.3","0.7",1,"0.4",NA,NA,NA,NA,NA,2022,NA,"YHW",2022-08-30,NA,NA,NA,NA,NA,NA,NA,"red",NA,NA,NA,NA,"N",NA,NA,0.5
2022-07-27,"WL3","4","3","V",39,46,"0.83","1.5",1,"1.1",NA,NA,NA,NA,NA,2022,NA,"YHW",2022-08-30,NA,NA,NA,NA,NA,"white",94,"red",NA,NA,NA,NA,"N",NA,NA,0.5
2022-07-27,"WL3","4","3","V",NA,NA,"0.42","1.1",1,"0.4",NA,NA,NA,NA,NA,2022,NA,"YHW",2022-08-30,NA,NA,NA,NA,NA,NA,NA,"red",NA,NA,NA,NA,"N",NA,NA,0.5
2022-07-27,"WL3","4","3.5","V",NA,NA,"0.3","2.0",1,"0.4",NA,NA,NA,NA,NA,2022,NA,"YHW",2022-08-30,NA,NA,NA,NA,NA,NA,NA,"red",NA,NA,NA,NA,"N",NA,NA,0.5
2022-07-27,"WL3","4","3.5","V",11,20,"0.66","1.4",1,"1.0",NA,NA,NA,NA,NA,2022,NA,"YHW",2022-08-30,NA,NA,NA,NA,NA,"white",110,"red",NA,NA,NA,NA,"N",NA,NA,0.5
2022-07-27,"WL3","4","4.5","X",NA,NA,NA,NA,NA,NA,NA,NA,NA,NA,NA,2022,NA,"YHW",2022-08-30,NA,NA,NA,NA,NA,NA,NA,"red",NA,NA,NA,NA,NA,NA,NA,NA
2022-07-27,"WL3","4","5","P",30,45,"1.28","10.0",1,NA,"0.0","11.0",4.3,1,NA,2022,NA,"YHW",2022-08-30,NA,NA,NA,NA,NA,"blue",54,NA,"green",NA,NA,NA,"N",NA,NA,1.28
2022-07-27,"WL3","4","5","P",3,39,"1.91","21.5",1,NA,"9.0","25.0",6,1,NA,2022,NA,"YHW",2022-08-30,NA,NA,NA,NA,NA,"purple",834,NA,"yellow",NA,NA,NA,"N",NA,NA,1.91
2022-07-27,"WL3","4","5","V",30,15,"0.71","3.1",1,"0.9",NA,NA,NA,NA,NA,2022,NA,"YHW",2022-08-30,NA,NA,NA,NA,NA,"white",780,"red",NA,NA,NA,NA,"N",NA,NA,0.5
2022-07-27,"WL3","4","5","V",35,25,"0.81","2.0",1,"1.0",NA,NA,NA,NA,NA,2022,NA,"YHW",2022-08-30,NA,NA,NA,NA,NA,"white",150,"red",NA,NA,NA,NA,"Y",NA,NA,0.5
2022-07-27,"WL3","4","5.5","P",15,26,"1.33","14.6",2,NA,"0.0","2.0",3.5,2,"dying, one green side branch",2022,NA,"YHW",2022-08-30,NA,NA,NA,NA,NA,"blue",18,NA,"green",NA,NA,NA,"N",NA,NA,1.33
2022-07-27,"WL3","4","5.5","V",30,40,"1.79","4.2",1,"2.1",NA,NA,NA,NA,NA,2022,NA,"YHW",2022-08-30,NA,NA,NA,NA,NA,"orange",49,NA,NA,NA,NA,NA,"Y",NA,NA,1.79
2022-07-27,"WL3","4","5.5","X",NA,NA,NA,NA,NA,NA,NA,NA,NA,NA,NA,2022,NA,"YHW",2022-08-30,NA,NA,NA,NA,NA,NA,NA,"blue",NA,NA,NA,NA,NA,NA,NA,NA
2022-07-27,"WL3","4","5.5","V",NA,NA,"0.2","1.5",1,"0.3",NA,NA,NA,NA,NA,2022,NA,"YHW",2022-08-30,NA,NA,NA,NA,NA,NA,NA,"blue",NA,NA,NA,NA,"N",NA,NA,0.5
2022-07-27,"WL3","4","5.5","V",NA,NA,"0.27","0.7",1,"0.5",NA,NA,NA,NA,NA,2022,NA,"YHW",2022-08-30,NA,NA,NA,NA,NA,NA,NA,"blue",NA,NA,NA,NA,"N",NA,NA,0.5
2022-07-27,"WL3","4","5.5","X",NA,NA,NA,NA,NA,NA,NA,NA,NA,NA,NA,2022,NA,"YHW",2022-08-30,NA,NA,NA,NA,NA,NA,NA,"red",NA,NA,NA,NA,NA,NA,NA,NA
2022-07-27,"WL3","4","5.5","V",NA,NA,"0.47","1.3",1,"0.5",NA,NA,NA,NA,NA,2022,NA,"YHW",2022-08-30,NA,NA,NA,NA,NA,NA,NA,"red",NA,NA,NA,NA,"N",NA,NA,0.5
2022-07-27,"WL3","4","5.5","V",NA,NA,"0.46","1.4",1,"0.6",NA,NA,NA,NA,NA,2022,NA,"YHW",2022-08-30,NA,NA,NA,NA,NA,NA,NA,"red",NA,NA,NA,NA,"Y",NA,NA,0.5
2022-07-27,"WL3","4","5.5","V",15,13,"0.54","2.0",1,"0.4",NA,NA,NA,NA,NA,2022,NA,"YHW",2022-08-30,NA,NA,NA,NA,NA,"white",231,"red",NA,NA,NA,NA,"N",NA,NA,0.5
2022-07-27,"WL3","4","5.5","V",NA,NA,"0.45","2.0",1,"0.6",NA,NA,NA,NA,NA,2022,NA,"YHW",2022-08-30,NA,NA,NA,NA,NA,NA,NA,"red",NA,NA,NA,NA,"N",NA,NA,0.5
2022-07-27,"WL3","4","5.5","V",NA,NA,"0.49","2.1",1,"0.6",NA,NA,NA,NA,NA,2022,NA,"YHW",2022-08-30,NA,NA,NA,NA,NA,NA,NA,"red",NA,NA,NA,NA,"N",NA,NA,0.5
2022-07-27,"WL3","4","5.5","V",NA,NA,"0.43","1.3",1,"0.5",NA,NA,NA,NA,NA,2022,NA,"YHW",2022-08-30,NA,NA,NA,NA,NA,NA,NA,"red",NA,NA,NA,NA,"Y",NA,NA,0.5
2022-07-27,"WL3","4","5.5","V",NA,NA,"0.37","1.4",1,"0.6",NA,NA,NA,NA,NA,2022,NA,"YHW",2022-08-30,NA,NA,NA,NA,NA,NA,NA,"red",NA,NA,NA,NA,"N",NA,NA,0.5
2022-07-27,"WL3","4","5.5","X",NA,NA,NA,NA,NA,NA,NA,NA,NA,NA,NA,2022,NA,"YHW",2022-08-30,NA,NA,NA,NA,NA,NA,NA,"red",NA,NA,NA,NA,NA,NA,NA,NA
2022-07-27,"WL3","4","5.5","V",7,31,"0.56","1.5",1,"0.8",NA,NA,NA,NA,NA,2022,NA,"YHW",2022-08-30,NA,NA,NA,NA,NA,"white",344,"red",NA,NA,NA,NA,"N",NA,NA,0.5
2022-07-27,"WL3","4","6","V",NA,NA,"0.48","1.4",1,"0.3",NA,NA,NA,NA,NA,2022,NA,"YHW",2022-08-30,NA,NA,NA,NA,NA,NA,NA,"blue",NA,NA,NA,NA,"N",NA,NA,0.5
2022-07-27,"WL3","4","6","X",NA,NA,NA,NA,NA,NA,NA,NA,NA,NA,NA,2022,NA,"YHW",2022-08-30,NA,NA,NA,NA,NA,NA,NA,"red",NA,NA,NA,NA,NA,NA,NA,NA
2022-07-27,"WL3","4","6","V",3,13,"0.56","1.9",1,"0.6",NA,NA,NA,NA,NA,2022,NA,"YHW",2022-08-30,NA,NA,NA,NA,NA,"white",15,"red",NA,NA,NA,NA,"N",NA,NA,0.5
2022-07-27,"WL3","4","6.5","V",30,49,"0.52","1.5",1,"0.6",NA,NA,NA,NA,NA,2022,NA,"YHW",2022-08-30,NA,NA,NA,NA,NA,"white",161,"red",NA,NA,NA,NA,"N",NA,NA,0.5
2022-07-27,"WL3","4","7","V",NA,NA,"0.43","1.2",1,"0.8",NA,NA,NA,NA,NA,2022,NA,"YHW",2022-08-30,NA,NA,NA,NA,NA,NA,NA,"red",NA,NA,NA,NA,"N",NA,NA,0.5
2022-07-27,"WL3","4","7","V",50,40,"0.69","2.5",1,"1.3",NA,NA,NA,NA,"was buried, dug a little in ant hill",2022,NA,"YHW",2022-08-30,NA,NA,NA,NA,NA,"white",270,"red",NA,NA,NA,NA,"N",NA,NA,0.5
2022-07-27,"WL3","4","7.5","X",NA,NA,NA,NA,NA,NA,NA,NA,NA,NA,NA,2022,NA,"YHW",2022-08-30,NA,NA,NA,NA,NA,NA,NA,"red",NA,NA,NA,NA,NA,NA,NA,NA
2022-07-27,"WL3","4","7.5","X",NA,NA,NA,NA,NA,NA,NA,NA,NA,NA,NA,2022,NA,"YHW",2022-08-30,NA,NA,NA,NA,NA,NA,NA,"red",NA,NA,NA,NA,NA,NA,NA,NA
2022-07-27,"WL3","4","7.5","X",NA,NA,NA,NA,NA,NA,NA,NA,NA,NA,NA,2022,NA,"YHW",2022-08-30,NA,NA,NA,NA,NA,NA,NA,"red",NA,NA,NA,NA,NA,NA,NA,NA
2022-07-27,"WL3","4","7.5","X",NA,NA,NA,NA,NA,NA,NA,NA,NA,NA,NA,2022,NA,"YHW",2022-08-30,NA,NA,NA,NA,NA,NA,NA,"red",NA,NA,NA,NA,NA,NA,NA,NA
2022-07-27,"WL3","4","7.5","X",NA,NA,NA,NA,NA,NA,NA,NA,NA,NA,NA,2022,NA,"YHW",2022-08-30,NA,NA,NA,NA,NA,NA,NA,"red",NA,NA,NA,NA,NA,NA,NA,NA
2022-07-27,"WL3","4","7.5","V",NA,NA,"0.52","2.3",1,"0.6",NA,NA,NA,NA,NA,2022,NA,"YHW",2022-08-30,NA,NA,NA,NA,NA,"white",NA,"red",NA,NA,NA,NA,"N",NA,NA,0.5
2022-07-27,"WL3","4","8","P",5,20,"2.4","22.1",1,NA,"0.0","16.0",5.9,1,NA,2022,NA,"YHW",2022-08-30,NA,NA,NA,NA,NA,"orange",97,NA,"yellow",NA,NA,NA,"N",NA,NA,2.4
2022-07-27,"WL3","4","8","V",NA,NA,"0.42","1.2",1,"0.5",NA,NA,NA,NA,NA,2022,NA,"YHW",2022-08-30,NA,NA,NA,NA,NA,NA,NA,"blue",NA,NA,NA,NA,"N",NA,NA,0.5
2022-07-27,"WL3","4","8","X",NA,NA,NA,NA,NA,NA,NA,NA,NA,NA,NA,2022,NA,"YHW",2022-08-30,NA,NA,NA,NA,NA,NA,NA,"red",NA,NA,NA,NA,NA,NA,NA,NA
2022-07-27,"WL3","4","8","V",24,45,"0.6","1.5",1,"1.1",NA,NA,NA,NA,NA,2022,NA,"YHW",2022-08-30,NA,NA,NA,NA,NA,"white",550,"red",NA,NA,NA,NA,"Y",NA,NA,0.5
2022-07-27,"WL3","4","8.5","P",38,47,"1.5","13.8",2,NA,"0.0","13.0",5.6,2,"buried in ant hill, dug to stem",2022,NA,"YHW",2022-08-30,NA,NA,NA,NA,NA,"blue",23,NA,"yellow",NA,NA,NA,"N",NA,NA,1.5
2022-07-27,"WL3","4","8.5","X",NA,NA,NA,NA,NA,NA,NA,NA,NA,NA,NA,2022,NA,"YHW",2022-08-30,NA,NA,NA,NA,NA,NA,NA,"red",NA,NA,NA,NA,NA,NA,NA,NA
2022-07-27,"WL3","4","9.5","V",NA,NA,"0.33","2.2",1,"0.4",NA,NA,NA,NA,NA,2022,NA,"YHW",2022-08-30,NA,NA,NA,NA,NA,NA,NA,"red",NA,NA,NA,NA,"N",NA,NA,0.5
2023-08-17,"WL3","1","0.5",NA,42,8,NA,NA,NA,NA,NA,NA,NA,NA,"band missing",2023,NA,"SY",2024-02-14,NA,NA,NA,NA,NA,"white",44,NA,NA,NA,NA,NA,NA,NA,NA,NA
2023-08-17,"WL3","1","0.5",NA,22,30,NA,NA,NA,NA,NA,NA,NA,NA,"band missing",2023,NA,"SY",2024-02-14,NA,NA,NA,NA,NA,"white",26,NA,NA,NA,NA,NA,NA,NA,NA,NA
2023-08-17,"WL3","1","1",NA,48,5,NA,NA,NA,NA,NA,NA,NA,NA,"band missing",2023,NA,"SY",2024-02-14,NA,NA,NA,NA,NA,"white",39,NA,NA,NA,NA,NA,NA,NA,NA,NA
2023-08-17,"WL3","1","1",NA,20,10,NA,NA,NA,NA,NA,NA,NA,NA,"band missing",2023,NA,"SY",2024-02-14,NA,NA,NA,NA,NA,"white",31,NA,NA,NA,NA,NA,NA,NA,NA,NA
2023-08-17,"WL3","1","1",NA,5,37,NA,NA,NA,NA,NA,NA,NA,NA,"band missing",2023,NA,"SY",2024-02-14,NA,NA,NA,NA,NA,"white",47,NA,NA,NA,NA,NA,NA,NA,NA,NA
2023-08-17,"WL3","1","1",NA,34,33,NA,NA,NA,NA,NA,NA,NA,NA,"band missing",2023,NA,"SY",2024-02-14,NA,NA,NA,NA,NA,"white",7,NA,NA,NA,NA,NA,NA,NA,NA,NA
2023-08-17,"WL3","1","1",NA,38,39,NA,NA,NA,NA,NA,NA,NA,NA,"band missing",2023,NA,"SY",2024-02-14,NA,NA,NA,NA,NA,"white",48,NA,NA,NA,NA,NA,NA,NA,NA,NA
2023-08-17,"WL3","1","1.5",NA,45,22,NA,NA,NA,NA,NA,NA,NA,NA,"band missing",2023,NA,"SY",2024-02-14,NA,NA,NA,NA,NA,"white",21,NA,NA,NA,NA,NA,NA,NA,NA,NA
2023-08-17,"WL3","1","1.5",NA,11,40,NA,NA,NA,NA,NA,NA,NA,NA,"band missing",2023,NA,"SY",2024-02-14,NA,NA,NA,NA,NA,"white",29,NA,NA,NA,NA,NA,NA,NA,NA,NA
2023-08-17,"WL3","1","2",NA,25,40,NA,NA,NA,NA,NA,NA,NA,NA,"band missing",2023,NA,"SY",2024-02-14,NA,NA,NA,NA,NA,"blue",13,NA,NA,NA,NA,NA,NA,NA,NA,NA
2023-08-17,"WL3","1","2",NA,22,13,NA,NA,NA,NA,NA,NA,NA,NA,"band missing",2023,NA,"SY",2024-02-14,NA,NA,NA,NA,NA,"blue",56,NA,NA,NA,NA,NA,NA,NA,NA,NA
2023-08-17,"WL3","1","2",NA,15,10,NA,NA,NA,NA,NA,NA,NA,NA,"band missing",2023,NA,"SY",2024-02-14,NA,NA,NA,NA,NA,"white",9,NA,NA,NA,NA,NA,NA,NA,NA,NA
2023-08-17,"WL3","1","2",NA,11,28,NA,NA,NA,NA,NA,NA,NA,NA,"band missing",2023,NA,"SY",2024-02-14,NA,NA,NA,NA,NA,"white",19,NA,NA,NA,NA,NA,NA,NA,NA,NA
2023-08-17,"WL3","1","2",NA,1,20,NA,NA,NA,NA,NA,NA,NA,NA,"band missing",2023,NA,"SY",2024-02-14,NA,NA,NA,NA,NA,"white",35,NA,NA,NA,NA,NA,NA,NA,NA,NA
2023-08-17,"WL3","1","2",NA,0,27,NA,NA,NA,NA,NA,NA,NA,NA,"band missing",2023,NA,"SY",2024-02-14,NA,NA,NA,NA,NA,"white",3,NA,NA,NA,NA,NA,NA,NA,NA,NA
2023-08-17,"WL3","1","2",NA,11,32,NA,NA,NA,NA,NA,NA,NA,NA,"band missing",2023,NA,"SY",2024-02-14,NA,NA,NA,NA,NA,"white",42,NA,NA,NA,NA,NA,NA,NA,NA,NA
2023-08-17,"WL3","1","2",NA,19,30,NA,NA,NA,NA,NA,NA,NA,NA,"band missing",2023,NA,"SY",2024-02-14,NA,NA,NA,NA,NA,"white",41,NA,NA,NA,NA,NA,NA,NA,NA,NA
2023-08-17,"WL3","1","2",NA,13,36,NA,NA,NA,NA,NA,NA,NA,NA,"band missing",2023,NA,"SY",2024-02-14,NA,NA,NA,NA,NA,"white",22,NA,NA,NA,NA,NA,NA,NA,NA,NA
2023-08-17,"WL3","1","3",NA,38,30,NA,NA,NA,NA,NA,NA,NA,NA,"band missing",2023,NA,"SY",2024-02-14,NA,NA,NA,NA,NA,"white",6,NA,NA,NA,NA,NA,NA,NA,NA,NA
2023-08-17,"WL3","1","3.5",NA,36,31,NA,NA,NA,NA,NA,NA,NA,NA,"band missing",2023,NA,"SY",2024-02-14,NA,NA,NA,NA,NA,"blue",60,NA,NA,NA,NA,NA,NA,NA,NA,NA
2023-08-17,"WL3","1","3.5",NA,10,18,NA,NA,NA,NA,NA,NA,NA,NA,"band missing",2023,NA,"SY",2024-02-14,NA,NA,NA,NA,NA,"white",49,NA,NA,NA,NA,NA,NA,NA,NA,NA
2023-08-17,"WL3","1","3.5",NA,40,23,NA,NA,NA,NA,NA,NA,NA,NA,"band missing",2023,NA,"SY",2024-02-14,NA,NA,NA,NA,NA,"white",28,NA,NA,NA,NA,NA,NA,NA,NA,NA
2023-08-17,"WL3","1","4",NA,34,11,NA,NA,NA,NA,NA,NA,NA,NA,"band missing",2023,NA,"SY",2024-02-14,NA,NA,NA,NA,NA,"blue",127,NA,NA,NA,NA,NA,NA,NA,NA,NA
2023-08-17,"WL3","1","4",NA,31,4,NA,NA,NA,NA,NA,NA,NA,NA,"band missing",2023,NA,"SY",2024-02-14,NA,NA,NA,NA,NA,"blue",756,NA,NA,NA,NA,NA,NA,NA,NA,NA
2023-08-17,"WL3","1","4","X",45,50,NA,NA,NA,NA,NA,NA,NA,NA,"gone",2023,NA,"SY",2024-02-14,NA,NA,NA,NA,NA,"white",24,NA,NA,NA,NA,NA,NA,NA,NA,NA
2023-08-17,"WL3","1","4.5","X",34,4,NA,NA,NA,NA,NA,NA,NA,NA,"dead/buried",2023,NA,"SY",2024-02-14,NA,NA,NA,NA,NA,"blue",59,NA,NA,NA,NA,NA,NA,NA,NA,NA
2023-08-17,"WL3","1","4.5","X",8,27,NA,NA,NA,NA,NA,NA,NA,NA,"gone",2023,NA,"SY",2024-02-14,NA,NA,NA,NA,NA,"white",14,NA,NA,NA,NA,NA,NA,NA,NA,NA
2023-08-17,"WL3","1","4.5","X",49,23,NA,NA,NA,NA,NA,NA,NA,NA,"band moved",2023,NA,"SY",2024-02-14,NA,NA,NA,NA,NA,"white",46,NA,NA,NA,NA,NA,NA,NA,NA,NA
2023-08-17,"WL3","1","4.5",NA,20,50,NA,NA,NA,NA,NA,NA,NA,NA,"band missing",2023,NA,"SY",2024-02-14,NA,NA,NA,NA,NA,"white",34,NA,NA,NA,NA,NA,NA,NA,NA,NA
2023-08-17,"WL3","1","5",NA,23,5,NA,NA,NA,NA,NA,NA,NA,NA,"dead",2023,NA,"SY",2024-02-14,NA,NA,NA,NA,NA,"blue",129,NA,NA,NA,NA,NA,NA,NA,NA,NA
2023-08-17,"WL3","1","5","X",13,31,NA,NA,NA,NA,NA,NA,NA,NA,"dead",2023,NA,"SY",2024-02-14,NA,NA,NA,NA,NA,"white",18,NA,NA,NA,NA,NA,NA,NA,NA,NA
2023-08-17,"WL3","1","6.5",NA,47,5,NA,NA,NA,NA,NA,NA,NA,NA,"band missing",2023,NA,"SY",2024-02-14,NA,NA,NA,NA,NA,"white",38,NA,NA,NA,NA,NA,NA,NA,NA,NA
2023-08-17,"WL3","1","8","X",49,23,NA,NA,NA,NA,NA,NA,NA,NA,"dead;maybe 800 not 8",2023,NA,"SY",2024-02-14,NA,NA,NA,NA,NA,"white",800,NA,NA,NA,NA,NA,NA,NA,NA,NA
2023-08-17,"WL3","1","8.5","X",5,8,NA,NA,NA,NA,NA,NA,NA,NA,"gone",2023,NA,"SY",2024-02-14,NA,NA,NA,NA,NA,"white",262,NA,NA,NA,NA,NA,NA,NA,NA,NA
2023-08-17,"WL3","1","8.5",NA,13,15,NA,NA,NA,NA,NA,NA,NA,NA,"missing band",2023,NA,"SY",2024-02-14,NA,NA,NA,NA,NA,"white",234,NA,NA,NA,NA,NA,NA,NA,NA,NA
2023-08-17,"WL3","1","8.5",NA,16,18,NA,NA,NA,NA,NA,NA,NA,NA,"missing band",2023,NA,"SY",2024-02-14,NA,NA,NA,NA,NA,"white",92,NA,NA,NA,NA,NA,NA,NA,NA,NA
2023-08-17,"WL3","1","8.5",NA,24,24,NA,NA,NA,NA,NA,NA,NA,NA,"missing band",2023,NA,"SY",2024-02-14,NA,NA,NA,NA,NA,"white",101,NA,NA,NA,NA,NA,NA,NA,NA,NA
2023-08-17,"WL3","1","8.5","X",41,29,NA,NA,NA,NA,NA,NA,NA,NA,"gone",2023,NA,"SY",2024-02-14,NA,NA,NA,NA,NA,"white",157,NA,NA,NA,NA,NA,NA,NA,NA,NA
2023-08-17,"WL3","1","9",NA,36,23,NA,NA,NA,NA,NA,NA,NA,NA,"gone",2023,NA,"SY",2024-02-14,NA,NA,NA,NA,NA,"white",123,NA,NA,NA,NA,NA,NA,NA,NA,NA
2023-08-17,"WL3","1","9.5",NA,19,50,NA,NA,NA,NA,NA,NA,NA,NA,"band missing",2023,NA,"SY",2024-02-14,NA,NA,NA,NA,NA,"blue",61,NA,NA,NA,NA,NA,NA,NA,NA,NA
2023-08-17,"WL3","1","9.5","X",45,15,NA,NA,NA,NA,NA,NA,NA,NA,"gone",2023,NA,"SY",2024-02-14,NA,NA,NA,NA,NA,"white",340,NA,NA,NA,NA,NA,NA,NA,NA,NA
2023-08-17,"WL3","1","9.5",NA,3,27,NA,NA,NA,NA,NA,NA,NA,NA,"band missing",2023,NA,"SY",2024-02-14,NA,NA,NA,NA,NA,"white",347,NA,NA,NA,NA,NA,NA,NA,NA,NA
2023-08-17,"WL3","1","1.5","X",43,15,NA,NA,NA,NA,NA,NA,NA,NA,"unmarked band found",2023,NA,"SY",2024-02-14,NA,NA,NA,NA,NA,"orange",NA,NA,NA,NA,NA,NA,NA,NA,NA,NA
2023-08-17,"WL3","1","0","V",14,12,"0.51","0.9",1,"0.5",NA,NA,NA,NA,NA,2023,NA,"SY",2024-02-14,NA,NA,NA,NA,NA,"red",253,NA,NA,NA,NA,NA,"N",NA,NA,0.5
2023-08-17,"WL3","1","0","V",39,11,"0.74","1.3",1,"0.7",NA,NA,NA,NA,NA,2023,NA,"SY",2024-02-14,NA,NA,NA,NA,NA,"red",143,NA,NA,NA,NA,NA,"N",NA,NA,0.5
2023-08-17,"WL3","1","1","P",49,18,"2.15","15.1",8,NA,"0.0","32.0",4.9,8,NA,2023,NA,"SY",2024-02-14,NA,NA,NA,NA,NA,"red",227,NA,NA,NA,NA,NA,"N",NA,NA,2.15
2023-08-17,"WL3","1","1.5","V",14,12,"0.58","1.2",1,"1.0",NA,NA,NA,NA,NA,2023,NA,"SY",2024-02-14,NA,NA,NA,NA,NA,"red",575,NA,NA,NA,NA,NA,"Y",NA,NA,0.5
2023-08-17,"WL3","1","1.5","V",29,0,"0.4","1.3",1,"1.3",NA,NA,NA,NA,NA,2023,NA,"SY",2024-02-14,NA,NA,NA,NA,NA,"red",797,NA,NA,NA,NA,NA,"Y",NA,NA,0.5
2023-08-17,"WL3","1","1.5","V",36,11,"0.56","1.4",1,"0.6",NA,NA,NA,NA,NA,2023,NA,"SY",2024-02-14,NA,NA,NA,NA,NA,"red",274,NA,NA,NA,NA,NA,"N",NA,NA,0.5
2023-08-17,"WL3","1","2","V",5,15,"0.58","1.6",1,"1.0",NA,NA,NA,NA,NA,2023,NA,"SY",2024-02-14,NA,NA,NA,NA,NA,"red",4,NA,NA,NA,NA,NA,"Y",NA,NA,0.5
2023-08-17,"WL3","1","2","V",7,2,"0.43","1.1",1,"0.8",NA,NA,NA,NA,NA,2023,NA,"SY",2024-02-14,NA,NA,NA,NA,NA,"red",238,NA,NA,NA,NA,NA,"Y",NA,NA,0.5
2023-08-17,"WL3","1","2","V",15,11,"0.52","1.6",1,"1.6",NA,NA,NA,NA,NA,2023,NA,"SY",2024-02-14,NA,NA,NA,NA,NA,"red",789,NA,NA,NA,NA,NA,"Y",NA,NA,0.5
2023-08-17,"WL3","1","2","V",13,2,"0.48","0.7",1,"0.6",NA,NA,NA,NA,NA,2023,NA,"SY",2024-02-14,NA,NA,NA,NA,NA,"red",115,NA,NA,NA,NA,NA,"Y",NA,NA,0.5
2023-08-17,"WL3","1","2","V",20,8,"0.46","1.4",1,"0.9",NA,NA,NA,NA,NA,2023,NA,"SY",2024-02-14,NA,NA,NA,NA,NA,"red",562,NA,NA,NA,NA,NA,"Y",NA,NA,0.5
2023-08-17,"WL3","1","2","V",22,4,"0.58","2.5",1,"1.0",NA,NA,NA,NA,NA,2023,NA,"SY",2024-02-14,NA,NA,NA,NA,NA,"red",204,NA,NA,NA,NA,NA,"Y",NA,NA,0.5
2023-08-17,"WL3","1","2","V",24,3,"0.36","2.7",1,"1.7",NA,NA,NA,NA,NA,2023,NA,"SY",2024-02-14,NA,NA,NA,NA,NA,"red",76,NA,NA,NA,NA,NA,"N",NA,NA,0.5
2023-08-17,"WL3","1","2","V",24,1,"0.32","0.7",1,"0.2",NA,NA,NA,NA,NA,2023,NA,"SY",2024-02-14,NA,NA,NA,NA,NA,"red",102,NA,NA,NA,NA,NA,"N",NA,NA,0.5
2023-08-17,"WL3","1","2","V",36,20,"0.21","1.5",1,"0.8",NA,NA,NA,NA,NA,2023,NA,"SY",2024-02-14,NA,NA,NA,NA,NA,"red",48,NA,NA,NA,NA,NA,"Y",NA,NA,0.5
2023-08-17,"WL3","1","2","V",39,41,"0.61","1.1",1,"1.2",NA,NA,NA,NA,NA,2023,NA,"SY",2024-02-14,NA,NA,NA,NA,NA,"red",702,NA,NA,NA,NA,NA,"N",NA,NA,0.5
2023-08-17,"WL3","1","2.5","V",0,9,"0.79","1.7",1,"1.7",NA,NA,NA,NA,NA,2023,NA,"SY",2024-02-14,NA,NA,NA,NA,NA,"red",700,NA,NA,NA,NA,NA,"N",NA,NA,0.5
2023-08-17,"WL3","1","2.5","V",0,6,"0.35","0.7",1,"0.8",NA,NA,NA,NA,NA,2023,NA,"SY",2024-02-14,NA,NA,NA,NA,NA,"red",409,NA,NA,NA,NA,NA,"N",NA,NA,0.5
2023-08-17,"WL3","1","2.5","V",4,7,"0.3","0.5",1,"0.5",NA,NA,NA,NA,NA,2023,NA,"SY",2024-02-14,NA,NA,NA,NA,NA,"red",242,NA,NA,NA,NA,NA,"Y",NA,NA,0.5
2023-08-17,"WL3","1","2.5","V",10,8,"0.4","1.6",1,"1.0",NA,NA,NA,NA,NA,2023,NA,"SY",2024-02-14,NA,NA,NA,NA,NA,"red",799,NA,NA,NA,NA,NA,"N",NA,NA,0.5
2023-08-17,"WL3","1","2.5","V",11,30,"0.77","2.1",1,"1.9",NA,NA,NA,NA,NA,2023,NA,"SY",2024-02-14,NA,NA,NA,NA,NA,"red",64,NA,NA,NA,NA,NA,"N",NA,NA,0.5
2023-08-17,"WL3","1","2.5","V",6,39,"0.59","2.1",1,"1.1",NA,NA,NA,NA,NA,2023,NA,"SY",2024-02-14,NA,NA,NA,NA,NA,"red",252,NA,NA,NA,NA,NA,"N",NA,NA,0.5
2023-08-17,"WL3","1","2.5","V",9,49,"0.6","1.2",1,"1.5",NA,NA,NA,NA,NA,2023,NA,"SY",2024-02-14,NA,NA,NA,NA,NA,"red",154,NA,NA,NA,NA,NA,"N",NA,NA,0.5
2023-08-17,"WL3","1","2.5","V",17,10,"0.43","3.1",1,"1.2",NA,NA,NA,NA,NA,2023,NA,"SY",2024-02-14,NA,NA,NA,NA,NA,"red",565,NA,NA,NA,NA,NA,"N",NA,NA,0.5
2023-08-17,"WL3","1","2.5","V",22,9,"0.21","1.2",1,"0.6",NA,NA,NA,0,NA,2023,NA,"SY",2024-02-14,NA,NA,NA,NA,NA,"red",94,NA,NA,NA,NA,NA,"Y",NA,NA,0.5
2023-08-17,"WL3","1","3","V",12,23,"0.89","1.2",1,"1.3",NA,NA,NA,0,NA,2023,NA,"SY",2024-02-14,NA,NA,NA,NA,NA,"red",98,NA,NA,NA,NA,NA,"N",NA,NA,0.5
2023-08-17,"WL3","1","3","V",38,40,"0.47","1.0",1,"0.7",NA,NA,NA,0,NA,2023,NA,"SY",2024-02-14,NA,NA,NA,NA,NA,"red",235,NA,NA,NA,NA,NA,"Y",NA,NA,0.5
2023-08-17,"WL3","1","3.5","V",50,26,"0.75","1.4",1,"0.9",NA,NA,NA,0,NA,2023,NA,"SY",2024-02-14,NA,NA,NA,NA,NA,"red",790,NA,NA,NA,NA,NA,"Y",NA,NA,0.5
2023-08-17,"WL3","1","3.5","V",40,9,"0.76","1.5",1,"1.2",NA,NA,NA,0,NA,2023,NA,"SY",2024-02-14,NA,NA,NA,NA,NA,"red",247,NA,NA,NA,NA,NA,"N",NA,NA,0.5
2023-08-17,"WL3","1","3.5","V",37,35,"0.42","2.1",1,"1.1",NA,NA,NA,0,NA,2023,NA,"SY",2024-02-14,NA,NA,NA,NA,NA,"red",265,NA,NA,NA,NA,NA,"N",NA,NA,0.5
2023-08-17,"WL3","1","3.5","V",10,36,"0.71","1.2",1,"0.6",NA,NA,NA,0,NA,2023,NA,"SY",2024-02-14,NA,NA,NA,NA,NA,"red",250,NA,NA,NA,NA,NA,"Y",NA,NA,0.5
2023-08-17,"WL3","1","3.5","P",13,12,"2.05","14.4",1,NA,"0.0","18.0",3.5,1,NA,2023,NA,"SY",2024-02-14,NA,NA,NA,NA,NA,"red",2,NA,NA,NA,NA,NA,"N",NA,NA,2.05
2023-08-17,"WL3","1","4","V",5,17,"0.73","1.1",1,"0.8",NA,NA,NA,0,NA,2023,NA,"SY",2024-02-14,NA,NA,NA,NA,NA,"red",108,NA,NA,NA,NA,NA,"Y",NA,NA,0.5
2023-08-17,"WL3","1","4","V",3,23,"0.68","1.2",1,"1.2",NA,NA,NA,0,NA,2023,NA,"SY",2024-02-14,NA,NA,NA,NA,NA,"red",260,NA,NA,NA,NA,NA,"Y",NA,NA,0.5
2023-08-17,"WL3","1","4","V",22,19,"0.64","1.4",1,"1.5",NA,NA,NA,0,NA,2023,NA,"SY",2024-02-14,NA,NA,NA,NA,NA,"red",255,NA,NA,NA,NA,NA,"N",NA,NA,0.5
2023-08-17,"WL3","1","4","V",24,6,"0.26","0.7",1,"0.5",NA,NA,NA,0,NA,2023,NA,"SY",2024-02-14,NA,NA,NA,NA,NA,"red",132,NA,NA,NA,NA,NA,"N",NA,NA,0.5
2023-08-17,"WL3","1","4","V",25,12,"0.81","1.5",1,"1.7",NA,NA,NA,0,NA,2023,NA,"SY",2024-02-14,NA,NA,NA,NA,NA,"red",31,NA,NA,NA,NA,NA,"Y",NA,NA,0.5
2023-08-17,"WL3","1","4","V",37,5,"0.38","1.1",1,"0.4",NA,NA,NA,0,NA,2023,NA,"SY",2024-02-14,NA,NA,NA,NA,NA,"red",594,NA,NA,NA,NA,NA,"N",NA,NA,0.5
2023-08-17,"WL3","1","5.5","V",25,32,"1.05","0.9",1,"1.7",NA,NA,NA,0,NA,2023,NA,"SY",2024-02-14,NA,NA,NA,NA,NA,"red",223,NA,NA,NA,NA,NA,"Y",NA,NA,1.05
2023-08-17,"WL3","1","5.5","V",40,34,"0.9","1.4",1,"1.2",NA,NA,NA,0,NA,2023,NA,"SY",2024-02-14,NA,NA,NA,NA,NA,"red",122,NA,NA,NA,NA,NA,"N",NA,NA,0.5
2023-08-17,"WL3","1","5.5","V",37,25,"0.61","1.6",1,"1.1",NA,NA,NA,0,NA,2023,NA,"SY",2024-02-14,NA,NA,NA,NA,NA,"red",1,NA,NA,NA,NA,NA,"N",NA,NA,0.5
2023-08-17,"WL3","1","5.5","V",5,26,"0.48","1.0",1,"0.8",NA,NA,NA,0,NA,2023,NA,"SY",2024-02-14,NA,NA,NA,NA,NA,"red",424,NA,NA,NA,NA,NA,"N",NA,NA,0.5
2023-08-17,"WL3","1","5.5","V",35,8,"0.81","1.8",1,"1.4",NA,NA,NA,0,NA,2023,NA,"SY",2024-02-14,NA,NA,NA,NA,NA,"red",68,NA,NA,NA,NA,NA,"N",NA,NA,0.5
2023-08-17,"WL3","1","5.5","V",42,10,"1.01","1.3",1,"1.2",NA,NA,NA,0,NA,2023,NA,"SY",2024-02-14,NA,NA,NA,NA,NA,"red",259,NA,NA,NA,NA,NA,"Y",NA,NA,1.01
2023-08-17,"WL3","1","7.5","V",1,44,"0.89","1.4",1,"1.2",NA,NA,NA,0,NA,2023,NA,"SY",2024-02-14,NA,NA,NA,NA,NA,"red",10,NA,NA,NA,NA,NA,"Y",NA,NA,0.5
2023-08-17,"WL3","1","8.5","V",26,17,"0.46","1.5",1,"1.3",NA,NA,NA,0,NA,2023,NA,"SY",2024-02-14,NA,NA,NA,NA,NA,"red",400,NA,NA,NA,NA,NA,"Y",NA,NA,0.5
2023-08-17,"WL3","1","9.5","V",7,4,"0.7","0.7",1,"0.9",NA,NA,NA,0,NA,2023,NA,"SY",2024-02-14,NA,NA,NA,NA,NA,"red",88,NA,NA,NA,NA,NA,"N",NA,NA,0.5
2023-08-17,"WL3","1","9.5","V",30,4,"0.53","1.4",1,"0.8",NA,NA,NA,0,NA,2023,NA,"SY",2024-02-14,NA,NA,NA,NA,NA,"red",156,NA,NA,NA,NA,NA,"N",NA,NA,0.5
2023-08-17,"WL3","1","9.5","V",0,50,"0.42","1.0",1,"0.9",NA,NA,NA,0,NA,2023,NA,"SY",2024-02-14,NA,NA,NA,NA,NA,"red",363,NA,NA,NA,NA,NA,"N",NA,NA,0.5
2023-08-17,"WL3","1","9.5","V",1,49,"0.58","1.5",1,"1.0",NA,NA,NA,0,NA,2023,NA,"SY",2024-02-14,NA,NA,NA,NA,NA,"red",593,NA,NA,NA,NA,NA,"N",NA,NA,0.5
2023-08-17,"WL3","1","9.5","V",3,49,"0.39","0.6",1,"0.8",NA,NA,NA,0,NA,2023,NA,"SY",2024-02-14,NA,NA,NA,NA,NA,"red",809,NA,NA,NA,NA,NA,"Y",NA,NA,0.5
2023-08-17,"WL3","1","9.5","V",5,48,"0.49","0.9",1,"1.0",NA,NA,NA,0,NA,2023,NA,"SY",2024-02-14,NA,NA,NA,NA,NA,"red",803,NA,NA,NA,NA,NA,"Y",NA,NA,0.5
2023-08-17,"WL3","1","9.5","V",39,0,"0.38","0.9",1,"0.4",NA,NA,NA,0,NA,2023,NA,"SY",2024-02-14,NA,NA,NA,NA,NA,"red",837,NA,NA,NA,NA,NA,"Y",NA,NA,0.5
2023-08-17,"WL3","1","9.5","V",40,11,"0.48","1.1",1,"1.1",NA,NA,NA,0,NA,2023,NA,"SY",2024-02-14,NA,NA,NA,NA,NA,"red",892,NA,NA,NA,NA,NA,"Y",NA,NA,0.5
2023-08-17,"WL3","1","9.5","V",39,28,"0.92","1.8",1,"1.7",NA,NA,NA,0,NA,2023,NA,"SY",2024-02-14,NA,NA,NA,NA,NA,"red",748,NA,NA,NA,NA,NA,"Y",NA,NA,0.5
2023-08-17,"WL3","1","9.5","V",50,27,"0.86","2.1",1,"1.4",NA,NA,NA,0,NA,2023,NA,"SY",2024-02-14,NA,NA,NA,NA,NA,"red",835,NA,NA,NA,NA,NA,"Y",NA,NA,0.5
2023-08-17,"WL3","2","4","V",5,3,"0.59","2.2",1,"1.2",NA,NA,NA,NA,NA,2023,NA,"SY",2024-02-14,NA,NA,NA,NA,NA,"red",52,NA,NA,NA,NA,NA,"N",NA,NA,0.5
2023-08-17,"WL3","2","4","V",40,5,"0.6","1.2",1,"0.3",NA,NA,NA,NA,NA,2023,NA,"SY",2024-02-14,NA,NA,NA,NA,NA,"red",47,NA,NA,NA,NA,NA,"Y",NA,NA,0.5
2023-08-17,"WL3","2","4","V",47,18,"0.74","0.8",1,"0.8",NA,NA,NA,NA,NA,2023,NA,"SY",2024-02-14,NA,NA,NA,NA,NA,"red",110,NA,NA,NA,NA,NA,"Y",NA,NA,0.5
2023-08-17,"WL3","2","4","V",37,23,"0.54","0.5",1,"0.7",NA,NA,NA,NA,NA,2023,NA,"SY",2024-02-14,NA,NA,NA,NA,NA,"red",425,NA,NA,NA,NA,NA,"N",NA,NA,0.5
2023-08-17,"WL3","2","4","V",25,37,"0.45","0.5",1,"0.4",NA,NA,NA,NA,NA,2023,NA,"SY",2024-02-14,NA,NA,NA,NA,NA,"red",587,NA,NA,NA,NA,NA,"Y",NA,NA,0.5
2023-08-17,"WL3","2","4.5","P",NA,NA,"1.15","13.5",2,NA,"0.0","8.0",3.9,2,NA,2023,NA,"SY",2024-02-14,NA,NA,NA,NA,NA,NA,NA,NA,NA,NA,NA,NA,"Y",NA,NA,1.15
2023-08-17,"WL3","2","4.5","V",28,10,"0.48","1.0",1,"0.3",NA,NA,NA,NA,NA,2023,NA,"SY",2024-02-14,NA,NA,NA,NA,NA,"red",670,NA,NA,NA,NA,NA,"Y",NA,NA,0.5
2023-08-17,"WL3","2","4.5","V",23,10,"0.47","1.1",1,"0.6",NA,NA,NA,NA,NA,2023,NA,"SY",2024-02-14,NA,NA,NA,NA,NA,"red",406,NA,NA,NA,NA,NA,"N",NA,NA,0.5
2023-08-17,"WL3","2","4.5","V",40,16,"0.61","1.2",1,"0.5",NA,NA,NA,NA,NA,2023,NA,"SY",2024-02-14,NA,NA,NA,NA,NA,"red",684,NA,NA,NA,NA,NA,"N",NA,NA,0.5
2023-08-17,"WL3","2","4.5","V",35,25,"0.79","1.5",1,"0.7",NA,NA,NA,NA,NA,2023,NA,"SY",2024-02-14,NA,NA,NA,NA,NA,"red",261,NA,NA,NA,NA,NA,"Y",NA,NA,0.5
2023-08-17,"WL3","2","4.5","V",30,29,"0.59","1.1",1,"1.1",NA,NA,NA,NA,NA,2023,NA,"SY",2024-02-14,NA,NA,NA,NA,NA,"red",91,NA,NA,NA,NA,NA,"Y",NA,NA,0.5
2023-08-17,"WL3","2","4.5","V",4,21,"0.45","0.7",1,"0.5",NA,NA,NA,NA,NA,2023,NA,"SY",2024-02-14,NA,NA,NA,NA,NA,"red",574,NA,NA,NA,NA,NA,"Y",NA,NA,0.5
2023-08-17,"WL3","2","4.5","V",15,32,"0.48","1.5",1,"0.8",NA,NA,NA,NA,NA,2023,NA,"SY",2024-02-14,NA,NA,NA,NA,NA,"red",408,NA,NA,NA,NA,NA,"N",NA,NA,0.5
2023-08-17,"WL3","2","4.5","V",20,32,"0.44","1.6",1,"0.7",NA,NA,NA,NA,NA,2023,NA,"SY",2024-02-14,NA,NA,NA,NA,NA,"red",680,NA,NA,NA,NA,NA,"N",NA,NA,0.5
2023-08-17,"WL3","2","4.5","V",21,32,"0.36","1.2",1,"0.7",NA,NA,NA,NA,NA,2023,NA,"SY",2024-02-14,NA,NA,NA,NA,NA,"red",675,NA,NA,NA,NA,NA,"Y",NA,NA,0.5
2023-08-17,"WL3","2","4.5","V",37,37,"0.35","1.3",1,"0.5",NA,NA,NA,NA,NA,2023,NA,"SY",2024-02-14,NA,NA,NA,NA,NA,"red",788,NA,NA,NA,NA,NA,"Y",NA,NA,0.5
2023-08-17,"WL3","2","4.5","V",NA,NA,"<1","0.7",1,"0.3",NA,NA,NA,NA,NA,2023,NA,"SY",2024-02-14,NA,NA,NA,NA,NA,NA,NA,NA,NA,NA,NA,NA,"N",NA,NA,0.5
2023-08-17,"WL3","2","4.5","V",NA,NA,"<1","0.7",1,"0.4",NA,NA,NA,NA,NA,2023,NA,"SY",2024-02-14,NA,NA,NA,NA,NA,NA,NA,NA,NA,NA,NA,NA,"Y",NA,NA,0.5
2023-08-17,"WL3","2","4.5","V",NA,NA,"<1","1.0",1,"0.3",NA,NA,NA,NA,NA,2023,NA,"SY",2024-02-14,NA,NA,NA,NA,NA,NA,NA,NA,NA,NA,NA,NA,"N",NA,NA,0.5
2023-08-17,"WL3","2","4.5","V",NA,NA,"<1","0.8",1,"0.5",NA,NA,NA,NA,NA,2023,NA,"SY",2024-02-14,NA,NA,NA,NA,NA,NA,NA,NA,NA,NA,NA,NA,"Y",NA,NA,0.5
2023-08-17,"WL3","2","4.5","V",NA,NA,"<1","0.8",1,"0.7",NA,NA,NA,NA,NA,2023,NA,"SY",2024-02-14,NA,NA,NA,NA,NA,NA,NA,NA,NA,NA,NA,NA,"N",NA,NA,0.5
2023-08-17,"WL3","4","8.5","V",10,42,"0.73","1.8",1,"1.0",NA,NA,NA,NA,NA,2023,NA,"SY",2024-02-14,NA,NA,NA,NA,NA,"red",677,NA,NA,NA,NA,NA,"Y",NA,NA,0.5
2023-08-17,"WL3","4","8","V",4,26,"0.63","1.8",1,"1.1",NA,NA,NA,NA,NA,2023,NA,"SY",2024-02-14,NA,NA,NA,NA,NA,"red",674,NA,NA,NA,NA,NA,"N",NA,NA,0.5
2023-08-17,"WL3","4","7.5","P",9,33,"2.39","20.5",5,NA,"0.0","32.0",5.3,5,NA,2023,NA,"SY",2024-02-14,NA,NA,NA,NA,NA,"red",682,NA,NA,NA,NA,NA,"Y",NA,NA,2.39
2023-08-17,"WL3","4","7.5","P",NA,NA,"3.58","21.2",6,NA,"0.0","47.0",5.4,6,"dying",2023,NA,"SY",2024-02-14,NA,NA,NA,NA,NA,NA,NA,NA,NA,NA,NA,NA,"Y",NA,NA,3.58
2023-08-17,"WL3","2","0.5","P",14,8,"2.92","12.7",5,NA,"0.0","26.0",5.8,5,NA,2023,NA,"SY",2024-02-14,NA,NA,NA,NA,NA,"white",265,NA,NA,NA,NA,NA,"Y",NA,NA,2.92
2023-08-17,"WL3","2","0.5","P",23,33,"2.7","11.1",8,NA,"3.0","30.0",3.7,8,NA,2023,NA,"SY",2024-02-14,NA,NA,NA,NA,NA,"white",322,NA,NA,NA,NA,NA,"Y",NA,NA,2.7
2023-08-17,"WL3","2","0.5","X",33,40,NA,NA,NA,NA,NA,NA,NA,NA,NA,2023,NA,"SY",2024-02-14,NA,NA,NA,NA,NA,"white",240,NA,NA,NA,NA,NA,NA,NA,NA,NA
2023-08-17,"WL3","2","0.5","P",45,47,"2.45","15.7",6,NA,"0.0","0.0",41,6,NA,2023,NA,"SY",2024-02-14,NA,NA,NA,NA,NA,"white",126,NA,NA,NA,NA,NA,NA,NA,NA,2.45
2023-08-17,"WL3","2","1","P",5,1,"1.77","14.2",4,NA,"0.0","0.0",13,4.8,NA,2023,NA,"SY",2024-02-14,NA,NA,NA,NA,NA,"white",144,NA,NA,NA,NA,NA,"Y",NA,NA,1.77
2023-08-17,"WL3","2","1","X",6,7,NA,NA,NA,NA,NA,NA,NA,NA,NA,2023,NA,"SY",2024-02-14,NA,NA,NA,NA,NA,"white",342,NA,NA,NA,NA,NA,NA,NA,NA,NA
2023-08-17,"WL3","2","1","X",22,11,NA,NA,NA,NA,NA,NA,NA,NA,NA,2023,NA,"SY",2024-02-14,NA,NA,NA,NA,NA,"white",131,NA,NA,NA,NA,NA,NA,NA,NA,NA
2023-08-17,"WL3","2","1","X",33,3,NA,NA,NA,NA,NA,NA,NA,NA,"off transect",2023,NA,"SY",2024-02-14,NA,NA,NA,NA,NA,"white",91,NA,NA,NA,NA,NA,NA,NA,NA,NA
2023-08-17,"WL3","2","1","P",21,12,"1.55","9.3",6,NA,"0.0","18.0",4.1,6,NA,2023,NA,"SY",2024-02-14,NA,NA,NA,NA,NA,"white",20,NA,NA,NA,NA,NA,"Y",NA,NA,1.55
2023-08-17,"WL3","2","1","X",46,2,NA,NA,NA,NA,NA,NA,NA,NA,NA,2023,NA,"SY",2024-02-14,NA,NA,NA,NA,NA,"white",45,NA,NA,NA,NA,NA,NA,NA,NA,NA
2023-08-17,"WL3","2","1","X",28,11,NA,NA,NA,NA,NA,NA,NA,NA,NA,2023,NA,"SY",2024-02-14,NA,NA,NA,NA,NA,"white",103,NA,NA,NA,NA,NA,NA,NA,NA,NA
2023-08-17,"WL3","2","1","V",16,19,"2.34","4.0",3,"0.7",NA,NA,NA,NA,NA,2023,NA,"SY",2024-02-14,NA,NA,NA,NA,NA,"white",97,NA,NA,NA,NA,NA,"Y",NA,NA,2.34
2023-08-17,"WL3","2","1","X",41,25,NA,NA,NA,NA,NA,NA,NA,NA,NA,2023,NA,"SY",2024-02-14,NA,NA,NA,NA,NA,"white",100,NA,NA,NA,NA,NA,NA,NA,NA,NA
2023-08-17,"WL3","2","1","P",10,50,"2.18","18.1",4,NA,"1.0","16.0",4.9,4,NA,2023,NA,"SY",2024-02-14,NA,NA,NA,NA,NA,"white",158,NA,NA,NA,NA,NA,"Y",NA,NA,2.18
2023-08-17,"WL3","2","1.5","X",20,30,NA,NA,NA,NA,NA,NA,NA,NA,NA,2023,NA,"SY",2024-02-14,NA,NA,NA,NA,NA,"blue",77,NA,NA,NA,NA,NA,NA,NA,NA,NA
2023-08-17,"WL3","2","1.5","X",35,15,NA,NA,NA,NA,NA,NA,NA,NA,NA,2023,NA,"SY",2024-02-14,NA,NA,NA,NA,NA,"blue",89,NA,NA,NA,NA,NA,NA,NA,NA,NA
2023-08-17,"WL3","2","1.5","X",4,3,NA,NA,NA,NA,NA,NA,NA,NA,NA,2023,NA,"SY",2024-02-14,NA,NA,NA,NA,NA,"white",103,NA,NA,NA,NA,NA,NA,NA,NA,NA
2023-08-17,"WL3","2","1.5","P",19,7,"1.98","8.3",2,NA,"0.0","7.0",2.2,2,NA,2023,NA,"SY",2024-02-14,NA,NA,NA,NA,NA,"white",93,NA,NA,NA,NA,NA,"Y",NA,NA,1.98
2023-08-17,"WL3","2","1.5","P",24,19,"1.77","17.7",4,NA,"0.0","51.0",5.7,4,NA,2023,NA,"SY",2024-02-14,NA,NA,NA,NA,NA,"white",36,NA,NA,NA,NA,NA,"Y",NA,NA,1.77
2023-08-17,"WL3","2","4.5","X",NA,NA,NA,NA,NA,NA,NA,NA,NA,NA,NA,2023,NA,"SY",2024-02-14,NA,NA,NA,NA,NA,"blue",35,NA,NA,NA,NA,NA,NA,NA,NA,NA
2023-08-17,"WL3","2","4.5","X",NA,NA,NA,NA,NA,NA,NA,NA,NA,NA,NA,2023,NA,"SY",2024-02-14,NA,NA,NA,NA,NA,"orange",75,NA,NA,NA,NA,NA,NA,NA,NA,NA
2023-08-17,"WL3","2","0","V",10,8,"0.41","0.8",1,"0.3",NA,NA,NA,NA,NA,2023,NA,"SY",2024-02-14,NA,NA,NA,NA,NA,"red",254,NA,NA,NA,NA,NA,"Y",NA,NA,0.5
2023-08-17,"WL3","2","0","V",16,13,"0.5","0.7",1,"0.5",NA,NA,NA,NA,NA,2023,NA,"SY",2024-02-14,NA,NA,NA,NA,NA,"red",153,NA,NA,NA,NA,NA,"Y",NA,NA,0.5
2023-08-17,"WL3","2","0","V",20,12,"0.51","0.7",1,"0.5",NA,NA,NA,NA,NA,2023,NA,"SY",2024-02-14,NA,NA,NA,NA,NA,"red",118,NA,NA,NA,NA,NA,"Y",NA,NA,0.5
2023-08-17,"WL3","2","0","V",15,7,"1.44","3.3",1,"1.7",NA,NA,NA,NA,NA,2023,NA,"SY",2024-02-14,NA,NA,NA,NA,NA,"red",93,NA,NA,NA,NA,NA,"Y",NA,NA,1.44
2023-08-17,"WL3","2","0","V",10,28,"0.56","0.7",1,"0.7",NA,NA,NA,NA,NA,2023,NA,"SY",2024-02-14,NA,NA,NA,NA,NA,"red",151,NA,NA,NA,NA,NA,"Y",NA,NA,0.5
2023-08-17,"WL3","2","0","V",41,44,"0.77","2.7",1,"1.0",NA,NA,NA,NA,NA,2023,NA,"SY",2024-02-14,NA,NA,NA,NA,NA,"red",117,NA,NA,NA,NA,NA,"N",NA,NA,0.5
2023-08-17,"WL3","2","0","P",25,19,"1.22","12.0",1,NA,"0.0","9.0",3.9,1,NA,2023,NA,"SY",2024-02-14,NA,NA,NA,NA,NA,"red",59,NA,NA,NA,NA,NA,"Y",NA,NA,1.22
2023-08-17,"WL3","2","0","P",NA,NA,"1.23","11.1",1,NA,"0.0","10.0",5.1,1,"dying",2023,NA,"SY",2024-02-14,NA,NA,NA,NA,NA,"red",NA,NA,NA,NA,NA,NA,"N",NA,NA,1.23
2023-08-17,"WL3","2","0","P",NA,NA,"1.18","10.2",3,NA,"0.0","8.0",3.5,3,"dying",2023,NA,"SY",2024-02-14,NA,NA,NA,NA,NA,"red",NA,NA,NA,NA,NA,NA,"N",NA,NA,1.18
2023-08-17,"WL3","2","1","V",4,42,"0.72","1.3",1,"0.7",NA,NA,NA,NA,NA,2023,NA,"SY",2024-02-14,NA,NA,NA,NA,NA,"red",90,NA,NA,NA,NA,NA,"N",NA,NA,0.5
2023-08-17,"WL3","2","1","V",7,28,"1.55","6.4",3,"1.4",NA,NA,NA,NA,NA,2023,NA,"SY",2024-02-14,NA,NA,NA,NA,NA,"red",8,NA,NA,NA,NA,NA,"Y",NA,NA,1.55
2023-08-17,"WL3","2","1","V",35,19,"0.48","1.6",1,"0.5",NA,NA,NA,NA,NA,2023,NA,"SY",2024-02-14,NA,NA,NA,NA,NA,"red",135,NA,NA,NA,NA,NA,"N",NA,NA,0.5
2023-08-17,"WL3","2","1","F",32,35,"0.92","2.0",1,"0.8",NA,NA,NA,NA,"dying?",2023,NA,"SY",2024-02-14,NA,NA,NA,NA,NA,"red",27,NA,NA,NA,NA,NA,"Y",NA,NA,0.5
2023-08-17,"WL3","2","1","P",32,38,"1.04","5.7",3,NA,"1.0","0.0",0,1,NA,2023,NA,"SY",2024-02-14,NA,NA,NA,NA,NA,"red",128,NA,NA,NA,NA,NA,"Y",NA,NA,1.04
2023-08-17,"WL3","2","1","P",8,13,"1.48","15.6",1,NA,"0.0","18.0",4.4,1,NA,2023,NA,"SY",2024-02-14,NA,NA,NA,NA,NA,"red",703,NA,NA,NA,NA,NA,"Y",NA,NA,1.48
2023-08-17,"WL3","2","1","V",NA,NA,"1.38","12.8",4,NA,"0.0","11.0",4.2,4,"dying",2023,NA,"SY",2024-02-14,NA,NA,NA,NA,NA,"red",NA,NA,NA,NA,NA,NA,"Y",NA,NA,1.38
2023-08-17,"WL3","2","1.5","V",27,8,"0.34","1.4",1,"0.4",NA,NA,NA,NA,NA,2023,NA,"SY",2024-02-14,NA,NA,NA,NA,NA,"red",23,NA,NA,NA,NA,NA,"Y",NA,NA,0.5
2023-08-17,"WL3","2","1.5","V",37,11,"0.48","1.2",1,"0.6",NA,NA,NA,NA,NA,2023,NA,"SY",2024-02-14,NA,NA,NA,NA,NA,"red",125,NA,NA,NA,NA,NA,"N",NA,NA,0.5
2023-08-17,"WL3","2","1.5","V",22,14,"0.36","1.1",1,"0.3",NA,NA,NA,NA,NA,2023,NA,"SY",2024-02-14,NA,NA,NA,NA,NA,"red",281,NA,NA,NA,NA,NA,"N",NA,NA,0.5
2023-08-17,"WL3","2","1.5","V",25,20,"0.46","0.8",1,"0.4",NA,NA,NA,NA,NA,2023,NA,"SY",2024-02-14,NA,NA,NA,NA,NA,"red",272,NA,NA,NA,NA,NA,"Y",NA,NA,0.5
2023-08-17,"WL3","2","1.5","V",44,25,"0.52","1.7",1,"0.9",NA,NA,NA,NA,NA,2023,NA,"SY",2024-02-14,NA,NA,NA,NA,NA,"red",81,NA,NA,NA,NA,NA,"N",NA,NA,0.5
2023-08-17,"WL3","2","1.5","V",22,40,"0.49","1.2",1,"0.3",NA,NA,NA,NA,NA,2023,NA,"SY",2024-02-14,NA,NA,NA,NA,NA,"red",56,NA,NA,NA,NA,NA,"N",NA,NA,0.5
2023-08-17,"WL3","2","1.5","P",5,24,"2.4","12.7",4,NA,"0.0","7.0",3.7,4,NA,2023,NA,"SY",2024-02-14,NA,NA,NA,NA,NA,"red",300,NA,NA,NA,NA,NA,"Y",NA,NA,2.4
2023-08-17,"WL3","2","2","P",23,4,"1.87","17.0",5,NA,"0.0","21.0",3.8,5,NA,2023,NA,"SY",2024-02-14,NA,NA,NA,NA,NA,"red",207,NA,NA,NA,NA,NA,"Y",NA,NA,1.87
2023-08-17,"WL3","2","2.5","V",46,41,"0.57","1.7",1,"1.1",NA,NA,NA,NA,NA,2023,NA,"SY",2024-02-14,NA,NA,NA,NA,NA,"red",589,NA,NA,NA,NA,NA,"N",NA,NA,0.5
2023-08-17,"WL3","2","3","P",16,12,"1.87","13.2",3,NA,"1.0","18.0",4.3,3,NA,2023,NA,"SY",2024-02-14,NA,NA,NA,NA,NA,"red",44,NA,NA,NA,NA,NA,"Y",NA,NA,1.87
2023-08-17,"WL3","2","3.5","V",49,9,"0.72","1.3",1,"0.8",NA,NA,NA,NA,NA,2023,NA,"SY",2024-02-14,NA,NA,NA,NA,NA,"red",798,NA,NA,NA,NA,NA,"N",NA,NA,0.5
2023-08-17,"WL3","2","3.5","V",28,24,"0.63","1.2",1,"0.7",NA,NA,NA,NA,NA,2023,NA,"SY",2024-02-14,NA,NA,NA,NA,NA,"red",55,NA,NA,NA,NA,NA,"N",NA,NA,0.5
2023-08-17,"WL3","2","4","P",45,13,"1.49","21.1",4,NA,"0.0","43.0",4.7,4,NA,2023,NA,"SY",2024-02-14,NA,NA,NA,NA,NA,"red",133,NA,NA,NA,NA,NA,NA,NA,NA,1.49
2023-08-17,"WL3","3","0","X",46,50,NA,NA,NA,NA,NA,NA,NA,NA,NA,2023,NA,"SY",2024-02-14,NA,NA,NA,NA,NA,"blue",78,NA,NA,NA,NA,NA,NA,NA,NA,NA
2023-08-17,"WL3","3","0","X",14,9,NA,NA,NA,NA,NA,NA,NA,NA,NA,2023,NA,"SY",2024-02-14,NA,NA,NA,NA,NA,"white",5,NA,NA,NA,NA,NA,NA,NA,NA,NA
2023-08-17,"WL3","3","0","X",16,7,NA,NA,NA,NA,NA,NA,NA,NA,NA,2023,NA,"SY",2024-02-14,NA,NA,NA,NA,NA,"white",32,NA,NA,NA,NA,NA,NA,NA,NA,NA
2023-08-17,"WL3","3","0","X",43,42,NA,NA,NA,NA,NA,NA,NA,NA,NA,2023,NA,"SY",2024-02-14,NA,NA,NA,NA,NA,"white",55,NA,NA,NA,NA,NA,NA,NA,NA,NA
2023-08-17,"WL3","3","0","X",47,36,NA,NA,NA,NA,NA,NA,NA,NA,"not found",2023,NA,"SY",2024-02-14,NA,NA,NA,NA,NA,"white",12,NA,NA,NA,NA,NA,NA,NA,NA,NA
2023-08-17,"WL3","3","0","X",44,34,NA,NA,NA,NA,NA,NA,NA,NA,"not found",2023,NA,"SY",2024-02-14,NA,NA,NA,NA,NA,"white",37,NA,NA,NA,NA,NA,NA,NA,NA,NA
2023-08-17,"WL3","3","0","X",10,48,NA,NA,NA,NA,NA,NA,NA,NA,NA,2023,NA,"SY",2024-02-14,NA,NA,NA,NA,NA,"white",62,NA,NA,NA,NA,NA,NA,NA,NA,NA
2023-08-17,"WL3","3","0","X",0,22,NA,NA,NA,NA,NA,NA,NA,NA,NA,2023,NA,"SY",2024-02-14,NA,NA,NA,NA,NA,"white",67,NA,NA,NA,NA,NA,NA,NA,NA,NA
2023-08-17,"WL3","3","0","X",29,8,NA,NA,NA,NA,NA,NA,NA,NA,"not found",2023,NA,"SY",2024-02-14,NA,NA,NA,NA,NA,"white",54,NA,NA,NA,NA,NA,NA,NA,NA,NA
2023-08-17,"WL3","3","0","X",27,9,NA,NA,NA,NA,NA,NA,NA,NA,NA,2023,NA,"SY",2024-02-14,NA,NA,NA,NA,NA,"white",64,NA,NA,NA,NA,NA,NA,NA,NA,NA
2023-08-17,"WL3","3","0","X",5,5,NA,NA,NA,NA,NA,NA,NA,NA,NA,2023,NA,"SY",2024-02-14,NA,NA,NA,NA,NA,"white",82,NA,NA,NA,NA,NA,NA,NA,NA,NA
2023-08-17,"WL3","3","0.5","X",34,5,NA,NA,NA,NA,NA,NA,NA,NA,NA,2023,NA,"SY",2024-02-14,NA,NA,NA,NA,NA,"white",72,NA,NA,NA,NA,NA,NA,NA,NA,NA
2023-08-17,"WL3","3","0.5","X",20,32,NA,NA,NA,NA,NA,NA,NA,NA,NA,2023,NA,"SY",2024-02-14,NA,NA,NA,NA,NA,"white",70,NA,NA,NA,NA,NA,NA,NA,NA,NA
2023-08-17,"WL3","3","1","X",17,4,NA,NA,NA,NA,NA,NA,NA,NA,"not found",2023,NA,"SY",2024-02-14,NA,NA,NA,NA,NA,"white",74,NA,NA,NA,NA,NA,NA,NA,NA,NA
2023-08-17,"WL3","3","1.5","X",43,2,NA,NA,NA,NA,NA,NA,NA,NA,"not found",2023,NA,"SY",2024-02-14,NA,NA,NA,NA,NA,"white",75,NA,NA,NA,NA,NA,NA,NA,NA,NA
2023-08-17,"WL3","3","1.5","X",23,5,NA,NA,NA,NA,NA,NA,NA,NA,NA,2023,NA,"SY",2024-02-14,NA,NA,NA,NA,NA,"white",2,NA,NA,NA,NA,NA,NA,NA,NA,NA
2023-08-17,"WL3","3","1.5","X",20,16,NA,NA,NA,NA,NA,NA,NA,NA,NA,2023,NA,"SY",2024-02-14,NA,NA,NA,NA,NA,"white",23,NA,NA,NA,NA,NA,NA,NA,NA,NA
2023-08-17,"WL3","3","1.5","X",20,19,NA,NA,NA,NA,NA,NA,NA,NA,NA,2023,NA,"SY",2024-02-14,NA,NA,NA,NA,NA,"white",50,NA,NA,NA,NA,NA,NA,NA,NA,NA
2023-08-17,"WL3","3","1.5","X",41,34,NA,NA,NA,NA,NA,NA,NA,NA,NA,2023,NA,"SY",2024-02-14,NA,NA,NA,NA,NA,"white",98,NA,NA,NA,NA,NA,NA,NA,NA,NA
2023-08-17,"WL3","3","1.5","X",9,25,NA,NA,NA,NA,NA,NA,NA,NA,"not found",2023,NA,"SY",2024-02-14,NA,NA,NA,NA,NA,"white",63,NA,NA,NA,NA,NA,NA,NA,NA,NA
2023-08-17,"WL3","3","1.5","X",0,33,NA,NA,NA,NA,NA,NA,NA,NA,NA,2023,NA,"SY",2024-02-14,NA,NA,NA,NA,NA,"white",65,NA,NA,NA,NA,NA,NA,NA,NA,NA
2023-08-17,"WL3","3","2","X",0,11,NA,NA,NA,NA,NA,NA,NA,NA,NA,2023,NA,"SY",2024-02-14,NA,NA,NA,NA,NA,"white",68,NA,NA,NA,NA,NA,NA,NA,NA,NA
2023-08-17,"WL3","3","2","X",36,10,NA,NA,NA,NA,NA,NA,NA,NA,"not found",2023,NA,"SY",2024-02-14,NA,NA,NA,NA,NA,"white",56,NA,NA,NA,NA,NA,NA,NA,NA,NA
2023-08-17,"WL3","3","2","X",32,36,NA,NA,NA,NA,NA,NA,NA,NA,NA,2023,NA,"SY",2024-02-14,NA,NA,NA,NA,NA,"white",84,NA,NA,NA,NA,NA,NA,NA,NA,NA
2023-08-17,"WL3","3","2.5","X",42,22,NA,NA,NA,NA,NA,NA,NA,NA,"not found",2023,NA,"SY",2024-02-14,NA,NA,NA,NA,NA,"white",53,NA,NA,NA,NA,NA,NA,NA,NA,NA
2023-08-17,"WL3","3","2.5","X",2,19,NA,NA,NA,NA,NA,NA,NA,NA,"not found/no plant",2023,NA,"SHS",2024-02-15,NA,NA,NA,NA,NA,"white",87,NA,NA,NA,NA,NA,NA,NA,NA,NA
2023-08-17,"WL3","3","2.5","X",1,19,NA,NA,NA,NA,NA,NA,NA,NA,"not found/no plant",2023,NA,"SHS",2024-02-15,NA,NA,NA,NA,NA,"white",58,NA,NA,NA,NA,NA,NA,NA,NA,NA
2023-08-17,"WL3","3","2","X",3,49,NA,NA,NA,NA,NA,NA,NA,NA,NA,2023,NA,"SHS",2024-02-15,NA,NA,NA,NA,NA,"white",59,NA,NA,NA,NA,NA,NA,NA,NA,NA
2023-08-17,"WL3","3","3.5","X",49,22,NA,NA,NA,NA,NA,NA,NA,NA,"not found/no plant",2023,NA,"SHS",2024-02-15,NA,NA,NA,NA,NA,"blue",2,NA,NA,NA,NA,NA,NA,NA,NA,NA
2023-08-17,"WL3","3","3.5","X",43,25,NA,NA,NA,NA,NA,NA,NA,NA,NA,2023,NA,"SHS",2024-02-15,NA,NA,NA,NA,NA,"blue",47,NA,NA,NA,NA,NA,NA,NA,NA,NA
2023-08-17,"WL3","3","3.5","X",12,34,NA,NA,NA,NA,NA,NA,NA,NA,NA,2023,NA,"SHS",2024-02-15,NA,NA,NA,NA,NA,"blue",9,NA,NA,NA,NA,NA,NA,NA,NA,NA
2023-08-17,"WL3","3","3.5","X",35,42,NA,NA,NA,NA,NA,NA,NA,NA,NA,2023,NA,"SHS",2024-02-15,NA,NA,NA,NA,NA,"blue",69,NA,NA,NA,NA,NA,NA,NA,NA,NA
2023-08-17,"WL3","3","3.5","X",45,10,NA,NA,NA,NA,NA,NA,NA,NA,NA,2023,NA,"SHS",2024-02-15,NA,NA,NA,NA,NA,"white",1,NA,NA,NA,NA,NA,NA,NA,NA,NA
2023-08-17,"WL3","3","3.5","X",46,12,NA,NA,NA,NA,NA,NA,NA,NA,NA,2023,NA,"SHS",2024-02-15,NA,NA,NA,NA,NA,"white",61,NA,NA,NA,NA,NA,NA,NA,NA,NA
2023-08-17,"WL3","3","3.5","X",49,19,NA,NA,NA,NA,NA,NA,NA,NA,NA,2023,NA,"SHS",2024-02-15,NA,NA,NA,NA,NA,"white",79,NA,NA,NA,NA,NA,NA,NA,NA,NA
2023-08-17,"WL3","3","3.5","V",48,22,"0.51","2.9",1,"1.1","0.0","0.0",NA,0,NA,2023,NA,"SHS",2024-02-15,NA,NA,NA,NA,NA,"white",51,NA,NA,NA,NA,NA,"Y",NA,NA,0.5
2023-08-17,"WL3","3","3.5","X",49,23,NA,NA,NA,NA,NA,NA,NA,NA,NA,2023,NA,"SHS",2024-02-15,NA,NA,NA,NA,NA,"white",83,NA,NA,NA,NA,NA,NA,NA,NA,NA
2023-08-17,"WL3","3","3.5","X",35,21,NA,NA,NA,NA,NA,NA,NA,NA,NA,2023,NA,"SHS",2024-02-15,NA,NA,NA,NA,NA,"white",71,NA,NA,NA,NA,NA,NA,NA,NA,NA
2023-08-17,"WL3","3","3.5","X",21,25,NA,NA,NA,NA,NA,NA,NA,NA,NA,2023,NA,"SHS",2024-02-15,NA,NA,NA,NA,NA,"white",57,NA,NA,NA,NA,NA,NA,NA,NA,NA
2023-08-17,"WL3","3","3.5","X",20,23,NA,NA,NA,NA,NA,NA,NA,NA,NA,2023,NA,"SHS",2024-02-15,NA,NA,NA,NA,NA,"white",78,NA,NA,NA,NA,NA,NA,NA,NA,NA
2023-08-17,"WL3","3","3.5","X",25,48,NA,NA,NA,NA,NA,NA,NA,NA,NA,2023,NA,"SHS",2024-02-15,NA,NA,NA,NA,NA,"white",80,NA,NA,NA,NA,NA,NA,NA,NA,NA
2023-08-17,"WL3","3","3.5","P",40,50,"1.35","11.6",3,NA,"0.0","3.0",5.2,2,NA,2023,NA,"SHS",2024-02-15,NA,NA,NA,NA,NA,"white",52,NA,NA,NA,NA,NA,"Y",NA,NA,1.35
2023-08-17,"WL3","3","3.5","X",10,36,NA,NA,NA,NA,NA,NA,NA,NA,NA,2023,NA,"SHS",2024-02-15,NA,NA,NA,NA,NA,"blue",76,NA,NA,NA,NA,NA,NA,NA,NA,NA
2023-08-17,"WL3","3","4","P",36,23,"2.54","8.2",3,NA,"0.0","2.0",0.7,2,NA,2023,NA,"SHS",2024-02-15,NA,NA,NA,NA,NA,"blue",400,NA,NA,NA,NA,NA,"Y",NA,NA,2.54
2023-08-17,"WL3","3","4","X",34,32,NA,NA,NA,NA,NA,NA,NA,NA,NA,2023,NA,"SHS",2024-02-15,NA,NA,NA,NA,NA,"white",76,NA,NA,NA,NA,NA,NA,NA,NA,NA
2023-08-17,"WL3","3","4","X",8,23,NA,NA,NA,NA,NA,NA,NA,NA,NA,2023,NA,"SHS",2024-02-15,NA,NA,NA,NA,NA,"white",16,NA,NA,NA,NA,NA,NA,NA,NA,NA
2023-08-17,"WL3","3","4","X",5,5,NA,NA,NA,NA,NA,NA,NA,NA,NA,2023,NA,"SHS",2024-02-15,NA,NA,NA,NA,NA,"white",85,NA,NA,NA,NA,NA,NA,NA,NA,NA
2023-08-17,"WL3","3","4","B",8,11,"1.24","4.2",2,NA,"0.0","0.0",NA,1,NA,2023,NA,"SHS",2024-02-15,NA,NA,NA,NA,NA,"white",81,NA,NA,NA,NA,NA,"Y",NA,NA,1.24
2023-08-17,"WL3","3","4.5","X",31,9,NA,NA,NA,NA,NA,NA,NA,NA,"not found/no plant",2023,NA,"SHS",2024-02-15,NA,NA,NA,NA,NA,"white",109,NA,NA,NA,NA,NA,NA,NA,NA,NA
2023-08-17,"WL3","3","5","X",15,9,NA,NA,NA,NA,NA,NA,NA,NA,NA,2023,NA,"SHS",2024-02-15,NA,NA,NA,NA,NA,"blue",93,NA,NA,NA,NA,NA,NA,NA,NA,NA
2023-08-17,"WL3","3","5","F",35,21,"1.57","9.9",4,NA,"1.0","0.0",NA,4,NA,2023,NA,"SHS",2024-02-15,NA,NA,NA,NA,NA,"white",273,NA,NA,NA,NA,NA,"Y",NA,NA,1.57
2023-08-17,"WL3","3","5","V",40,30,"1.37","6.0",1,"1.2",NA,NA,NA,NA,"new band red 725",2023,NA,"SHS",2024-02-15,NA,NA,NA,NA,NA,"white",145,NA,NA,NA,NA,NA,"N",NA,NA,1.37
2023-08-17,"WL3","3","5","P",49,50,"1.17","11.5",3,NA,"0.0","8.0",2.5,3,NA,2023,NA,"SHS",2024-02-15,NA,NA,NA,NA,NA,"white",701,NA,NA,NA,NA,NA,"N",NA,NA,1.17
2023-08-17,"WL3","3","5.5","X",28,2,NA,NA,NA,NA,NA,NA,NA,NA,"not found",2023,NA,"SHS",2024-02-15,NA,NA,NA,NA,NA,"white",140,NA,NA,NA,NA,NA,NA,NA,NA,NA
2023-08-17,"WL3","3","5.5","X",27,1,NA,NA,NA,NA,NA,NA,NA,NA,NA,2023,NA,"SHS",2024-02-15,NA,NA,NA,NA,NA,"white",269,NA,NA,NA,NA,NA,NA,NA,NA,NA
2023-08-17,"WL3","3","5.5","X",4,5,NA,NA,NA,NA,NA,NA,NA,NA,NA,2023,NA,"SHS",2024-02-15,NA,NA,NA,NA,NA,"white",170,NA,NA,NA,NA,NA,NA,NA,NA,NA
2023-08-17,"WL3","3","5.5","X",10,12,NA,NA,NA,NA,NA,NA,NA,NA,NA,2023,NA,"SHS",2024-02-15,NA,NA,NA,NA,NA,"white",263,NA,NA,NA,NA,NA,NA,NA,NA,NA
2023-08-17,"WL3","3","5.5","P",2,15,"1.71","8.6",1,NA,"0.0","10.0",2.5,1,NA,2023,NA,"SHS",2024-02-15,NA,NA,NA,NA,NA,"white",155,NA,NA,NA,NA,NA,"Y",NA,NA,1.71
2023-08-17,"WL3","3","5.5","X",1,21,NA,NA,NA,NA,NA,NA,NA,NA,"not found",2023,NA,"SHS",2024-02-15,NA,NA,NA,NA,NA,"white",238,NA,NA,NA,NA,NA,NA,NA,NA,NA
2023-08-17,"WL3","3","5.5","X",1,31,NA,NA,NA,NA,NA,NA,NA,NA,NA,2023,NA,"SHS",2024-02-15,NA,NA,NA,NA,NA,"white",162,NA,NA,NA,NA,NA,NA,NA,NA,NA
2023-08-17,"WL3","3","4","X",30,7,NA,NA,NA,NA,NA,NA,NA,NA,NA,2023,NA,"SHS",2024-02-15,NA,NA,NA,NA,NA,"white",50,NA,NA,NA,NA,NA,NA,NA,NA,NA
2023-08-17,"WL3","3","6","X",38,25,NA,NA,NA,NA,NA,NA,NA,NA,NA,2023,NA,"SHS",2024-02-15,NA,NA,NA,NA,NA,"blue",12,NA,NA,NA,NA,NA,NA,NA,NA,NA
2023-08-17,"WL3","3","6","X",22,32,NA,NA,NA,NA,NA,NA,NA,NA,NA,2023,NA,"SHS",2024-02-15,NA,NA,NA,NA,NA,"blue",5,NA,NA,NA,NA,NA,NA,NA,NA,NA
2023-08-17,"WL3","3","6.5","X",7,27,NA,NA,NA,NA,NA,NA,NA,NA,NA,2023,NA,"SHS",2024-02-15,NA,NA,NA,NA,NA,"blue",11,NA,NA,NA,NA,NA,NA,NA,NA,NA
2023-08-17,"WL3","3","6.5","X",8,5,NA,NA,NA,NA,NA,NA,NA,NA,"no band/plant",2023,NA,"SHS",2024-02-15,NA,NA,NA,NA,NA,"blue",3,NA,NA,NA,NA,NA,NA,NA,NA,NA
2023-08-17,"WL3","3","6.5","X",22,15,NA,NA,NA,NA,NA,NA,NA,NA,NA,2023,NA,"SHS",2024-02-15,NA,NA,NA,NA,NA,"blue",55,NA,NA,NA,NA,NA,NA,NA,NA,NA
2023-08-17,"WL3","3","6.5","X",32,18,NA,NA,NA,NA,NA,NA,NA,NA,NA,2023,NA,"SHS",2024-02-15,NA,NA,NA,NA,NA,"white",211,NA,NA,NA,NA,NA,NA,NA,NA,NA
2023-08-17,"WL3","3","6.5","X",37,23,NA,NA,NA,NA,NA,NA,NA,NA,NA,2023,NA,"SHS",2024-02-15,NA,NA,NA,NA,NA,"white",235,NA,NA,NA,NA,NA,NA,NA,NA,NA
2023-08-17,"WL3","3","6.5","P",36,30,"1.23","7.4",1,NA,"0.0","4.0",3,1,NA,2023,NA,"SHS",2024-02-15,NA,NA,NA,NA,NA,"white",130,NA,NA,NA,NA,NA,"Y",NA,NA,1.23
2023-08-17,"WL3","3","6.5","X",42,31,NA,NA,NA,NA,NA,NA,NA,NA,NA,2023,NA,"SHS",2024-02-15,NA,NA,NA,NA,NA,"white",139,NA,NA,NA,NA,NA,NA,NA,NA,NA
2023-08-17,"WL3","3","6.5","X",38,47,NA,NA,NA,NA,NA,NA,NA,NA,NA,2023,NA,"SHS",2024-02-15,NA,NA,NA,NA,NA,"white",237,NA,NA,NA,NA,NA,NA,NA,NA,NA
2023-08-17,"WL3","3","6.5","P",24,30,"1.88","14.2",6,NA,"0.0","24.0",4.1,6,NA,2023,NA,"SHS",2024-02-15,NA,NA,NA,NA,NA,"white",138,NA,NA,NA,NA,NA,"Y",NA,NA,1.88
2023-08-17,"WL3","3","6.5","X",16,31,NA,NA,NA,NA,NA,NA,NA,NA,NA,2023,NA,"SHS",2024-02-15,NA,NA,NA,NA,NA,"white",549,NA,NA,NA,NA,NA,NA,NA,NA,NA
2023-08-17,"WL3","3","6","X",0,18,NA,NA,NA,NA,NA,NA,NA,NA,NA,2023,NA,"SHS",2024-02-15,NA,NA,NA,NA,NA,"white",609,NA,NA,NA,NA,NA,NA,NA,NA,NA
2023-08-17,"WL3","3","7","P",2,15,"1.35","8.4",1,NA,"1.0","2.0",2.1,1,NA,2023,NA,"SHS",2024-02-15,NA,NA,NA,NA,NA,"white",202,NA,NA,NA,NA,NA,"Y",NA,NA,1.35
2023-08-17,"WL3","3","7","P",7,31,"2.15","18.5",1,NA,"0.0","17.0",5.2,1,NA,2023,NA,"SHS",2024-02-15,NA,NA,NA,NA,NA,"white",43,NA,NA,NA,NA,NA,"Y",NA,NA,2.15
2023-08-17,"WL3","3","7","P",8,41,"1.67","14.7",1,NA,"0.0","2.0",4.3,1,NA,2023,NA,"SHS",2024-02-15,NA,NA,NA,NA,NA,"white",239,NA,NA,NA,NA,NA,"Y",NA,NA,1.67
2023-08-17,"WL3","3","7","X",19,17,NA,NA,NA,NA,NA,NA,NA,NA,NA,2023,NA,"SHS",2024-02-15,NA,NA,NA,NA,NA,"white",153,NA,NA,NA,NA,NA,NA,NA,NA,NA
2023-08-17,"WL3","3","7","P",40,40,"1.12","8.3",1,NA,"0.0","7.0",1.7,1,NA,2023,NA,"SHS",2024-02-15,NA,NA,NA,NA,NA,"white",159,NA,NA,NA,NA,NA,"Y",NA,NA,1.12
2023-08-17,"WL3","3","8","X",10,30,NA,NA,NA,NA,NA,NA,NA,NA,"no band/plant",2023,NA,"SHS",2024-02-15,NA,NA,NA,NA,NA,"white",227,NA,NA,NA,NA,NA,NA,NA,NA,NA
2023-08-17,"WL3","3","8","X",6,34,NA,NA,NA,NA,NA,NA,NA,NA,NA,2023,NA,"SHS",2024-02-15,NA,NA,NA,NA,NA,"white",135,NA,NA,NA,NA,NA,NA,NA,NA,NA
2023-08-17,"WL3","3","8","P",44,36,"2.11","13.4",5,NA,"0.0","7.0",3.9,5,NA,2023,NA,"SHS",2024-02-15,NA,NA,NA,NA,NA,"white",222,NA,NA,NA,NA,NA,"Y",NA,NA,2.11
2023-08-17,"WL3","3","8","X",45,9,NA,NA,NA,NA,NA,NA,NA,NA,NA,2023,NA,"SHS",2024-02-15,NA,NA,NA,NA,NA,"white",498,NA,NA,NA,NA,NA,NA,NA,NA,NA
2023-08-17,"WL3","3","8.5","P",12,32,"1.68","12.7",6,NA,"0.0","16.0",3.7,6,NA,2023,NA,"SHS",2024-02-15,NA,NA,NA,NA,NA,"white",208,NA,NA,NA,NA,NA,"Y",NA,NA,1.68
2023-08-17,"WL3","3","0","P",20,5,"2.11","12.6",1,NA,"0.0","48.0",4.2,1,NA,2023,NA,"SHS",2024-02-15,NA,NA,NA,NA,NA,"red",566,NA,NA,NA,NA,NA,"Y",NA,NA,2.11
2023-08-17,"WL3","3","0","V",34,18,"1.15","1.8",1,"1.0",NA,NA,NA,NA,NA,2023,NA,"SHS",2024-02-15,NA,NA,NA,NA,NA,"red",85,NA,NA,NA,NA,NA,"Y",NA,NA,1.15
2023-08-17,"WL3","3","0","V",23,2,"0.79","2.6",1,"1.2",NA,NA,NA,NA,NA,2023,NA,"SHS",2024-02-15,NA,NA,NA,NA,NA,"red",79,NA,NA,NA,NA,NA,"Y",NA,NA,0.5
2023-08-17,"WL3","3","0","V",2,38,"0.97","1.5",1,"2.4",NA,NA,NA,NA,NA,2023,NA,"SHS",2024-02-15,NA,NA,NA,NA,NA,"red",16,NA,NA,NA,NA,NA,"Y",NA,NA,0.5
2023-08-17,"WL3","3","0","V",2,40,"1.0","2.6",1,"1.4",NA,NA,NA,NA,NA,2023,NA,"SHS",2024-02-15,NA,NA,NA,NA,NA,"red",145,NA,NA,NA,NA,NA,"Y",NA,NA,1
2023-08-17,"WL3","3","0","V",4,28,"0.93","1.9",1,"1.3",NA,NA,NA,NA,NA,2023,NA,"SHS",2024-02-15,NA,NA,NA,NA,NA,"red",269,NA,NA,NA,NA,NA,"Y",NA,NA,0.5
2023-08-17,"WL3","3","0","V",11,10,"0.88","3.6",1,"0.9",NA,NA,NA,NA,NA,2023,NA,"SHS",2024-02-15,NA,NA,NA,NA,NA,"red",53,NA,NA,NA,NA,NA,"Y",NA,NA,0.5
2023-08-17,"WL3","3","0","V",41,45,"0.68","1.4",1,"0.8",NA,NA,NA,NA,NA,2023,NA,"SHS",2024-02-15,NA,NA,NA,NA,NA,"red",173,NA,NA,NA,NA,NA,"Y",NA,NA,0.5
2023-08-17,"WL3","3","0","V",1,50,"1.13","1.7",1,"1.3",NA,NA,NA,NA,NA,2023,NA,"SHS",2024-02-15,NA,NA,NA,NA,NA,"red",112,NA,NA,NA,NA,NA,"Y",NA,NA,1.13
2023-08-17,"WL3","3","0","V",3,47,"1.06","2.3",1,"1.1",NA,NA,NA,NA,NA,2023,NA,"SHS",2024-02-15,NA,NA,NA,NA,NA,"red",237,NA,NA,NA,NA,NA,"Y",NA,NA,1.06
2023-08-17,"WL3","3","0","V",NA,NA,"0.56","2.7",1,"0.8",NA,NA,NA,NA,NA,2023,NA,"SHS",2024-02-15,NA,NA,NA,NA,NA,NA,NA,NA,NA,NA,NA,NA,"Y",NA,NA,0.5
2023-08-17,"WL3","3","0","V",NA,NA,"0.53","1.7",1,"0.7",NA,NA,NA,NA,NA,2023,NA,"SHS",2024-02-15,NA,NA,NA,NA,NA,NA,NA,NA,NA,NA,NA,NA,"Y",NA,NA,0.5
2023-08-17,"WL3","3","0","V",NA,NA,"0.65","2.4",1,"0.8",NA,NA,NA,NA,NA,2023,NA,"SHS",2024-02-15,NA,NA,NA,NA,NA,NA,NA,NA,NA,NA,NA,NA,"Y",NA,NA,0.5
2023-08-17,"WL3","3","0","V",NA,NA,"0.46","2.4",1,"0.9",NA,NA,NA,NA,NA,2023,NA,"SHS",2024-02-15,NA,NA,NA,NA,NA,NA,NA,NA,NA,NA,NA,NA,"Y",NA,NA,0.5
2023-08-17,"WL3","3","0","V",NA,NA,"0.63","1.6",1,"0.6",NA,NA,NA,NA,NA,2023,NA,"SHS",2024-02-15,NA,NA,NA,NA,NA,NA,NA,NA,NA,NA,NA,NA,"Y",NA,NA,0.5
2023-08-17,"WL3","3","0","V",NA,NA,"0.36","0.9",1,"0.7",NA,NA,NA,NA,NA,2023,NA,"SHS",2024-02-15,NA,NA,NA,NA,NA,NA,NA,NA,NA,NA,NA,NA,"N",NA,NA,0.5
2023-08-17,"WL3","3","0","V",NA,NA,"0.7","2.2",1,"0.8",NA,NA,NA,NA,NA,2023,NA,"SHS",2024-02-15,NA,NA,NA,NA,NA,NA,NA,NA,NA,NA,NA,NA,"Y",NA,NA,0.5
2023-08-17,"WL3","3","0","V",NA,NA,"0.74","1.9",1,"0.9",NA,NA,NA,NA,NA,2023,NA,"SHS",2024-02-15,NA,NA,NA,NA,NA,NA,NA,NA,NA,NA,NA,NA,"Y",NA,NA,0.5
2023-08-17,"WL3","3","0","V",NA,NA,"0.82","2.1",1,"0.3",NA,NA,NA,NA,NA,2023,NA,"SHS",2024-02-15,NA,NA,NA,NA,NA,NA,NA,NA,NA,NA,NA,NA,"Y",NA,NA,0.5
2023-08-17,"WL3","3","0","V",NA,NA,"0.73","1.7",1,"0.5",NA,NA,NA,NA,NA,2023,NA,"SHS",2024-02-15,NA,NA,NA,NA,NA,NA,NA,NA,NA,NA,NA,NA,"Y",NA,NA,0.5
2023-08-17,"WL3","3","0","V",NA,NA,"0.74","1.4",1,"0.8",NA,NA,NA,NA,NA,2023,NA,"SHS",2024-02-15,NA,NA,NA,NA,NA,NA,NA,NA,NA,NA,NA,NA,"Y",NA,NA,0.5
2023-08-17,"WL3","3","0","V",NA,NA,"0.53","1.2",1,"0.6",NA,NA,NA,NA,NA,2023,NA,"SHS",2024-02-15,NA,NA,NA,NA,NA,NA,NA,NA,NA,NA,NA,NA,"Y",NA,NA,0.5
2023-08-17,"WL3","3","0.5","V",19,26,"1.66","3.6",1,"1.7",NA,NA,NA,NA,NA,2023,NA,"SHS",2024-02-15,NA,NA,NA,NA,NA,"red",407,NA,NA,NA,NA,NA,"Y",NA,NA,1.66
2023-08-17,"WL3","3","1","V",44,7,"0.69","1.3",1,"1.2",NA,NA,NA,NA,NA,2023,NA,"SHS",2024-02-15,NA,NA,NA,NA,NA,"red",74,NA,NA,NA,NA,NA,"N",NA,NA,0.5
2023-08-17,"WL3","3","1.5","V",5,8,"0.97","1.6",1,"0.8",NA,NA,NA,NA,NA,2023,NA,"SHS",2024-02-15,NA,NA,NA,NA,NA,"red",46,NA,NA,NA,NA,NA,"Y",NA,NA,0.5
2023-08-17,"WL3","3","1.5","V",26,19,"0.52","1.8",1,"0.3",NA,NA,NA,NA,NA,2023,NA,"SHS",2024-02-15,NA,NA,NA,NA,NA,"red",98,NA,NA,NA,NA,NA,"Y",NA,NA,0.5
2023-08-17,"WL3","3","1.5","V",20,19,"0.75","1.4",1,"0.6",NA,NA,NA,NA,NA,2023,NA,"SHS",2024-02-15,NA,NA,NA,NA,NA,"red",422,NA,NA,NA,NA,NA,"Y",NA,NA,0.5
2023-08-17,"WL3","3","1.5","V",29,16,"1.31","4.2",2,"0.8",NA,NA,NA,NA,NA,2023,NA,"SHS",2024-02-15,NA,NA,NA,NA,NA,"red",298,NA,NA,NA,NA,NA,"Y",NA,NA,1.31
2023-08-17,"WL3","3","2","V",17,7,"0.85","2.0",1,"1.0",NA,NA,NA,NA,NA,2023,NA,"SHS",2024-02-15,NA,NA,NA,NA,NA,"red",297,NA,NA,NA,NA,NA,"N",NA,NA,0.5
2023-08-17,"WL3","3","2","V",24,22,"0.83","0.9",1,"0.9",NA,NA,NA,NA,NA,2023,NA,"SHS",2024-02-15,NA,NA,NA,NA,NA,"red",25,NA,NA,NA,NA,NA,"Y",NA,NA,0.5
2023-08-17,"WL3","3","2.5","V",21,5,"0.75","1.2",2,"1.0",NA,NA,NA,NA,NA,2023,NA,"SHS",2024-02-15,NA,NA,NA,NA,NA,"red",10,NA,NA,NA,NA,NA,"Y",NA,NA,0.5
2023-08-17,"WL3","3","2.5","V",15,46,"0.69","1.4",1,"0.8",NA,NA,NA,NA,NA,2023,NA,"SHS",2024-02-15,NA,NA,NA,NA,NA,"red",83,NA,NA,NA,NA,NA,"N",NA,NA,0.5
2023-08-17,"WL3","3","2.5","V",45,45,"0.85","1.1",1,"1.0",NA,NA,NA,NA,NA,2023,NA,"SHS",2024-02-15,NA,NA,NA,NA,NA,"red",236,NA,NA,NA,NA,NA,"N",NA,NA,0.5
2023-08-17,"WL3","3","2.5","V",17,29,"0.4","1.1",1,"0.6",NA,NA,NA,NA,NA,2023,NA,"SHS",2024-02-15,NA,NA,NA,NA,NA,"red",857,NA,NA,NA,NA,NA,"Y",NA,NA,0.5
2023-08-17,"WL3","3","2.5","V",18,30,"0.57","1.3",1,"1.0",NA,NA,NA,NA,NA,2023,NA,"SHS",2024-02-15,NA,NA,NA,NA,NA,"red",42,NA,NA,NA,NA,NA,"Y",NA,NA,0.5
2023-08-17,"WL3","3","3","V",3,4,"0.87","1.4",1,"1.0",NA,NA,NA,NA,NA,2023,NA,"SHS",2024-02-15,NA,NA,NA,NA,NA,"red",779,NA,NA,NA,NA,NA,"Y",NA,NA,0.5
2023-08-17,"WL3","3","3","V",10,14,"0.94","1.7",1,"1.2",NA,NA,NA,NA,NA,2023,NA,"SHS",2024-02-15,NA,NA,NA,NA,NA,"red",787,NA,NA,NA,NA,NA,"Y",NA,NA,0.5
2023-08-17,"WL3","3","3","V",19,32,"0.71","1.8",1,"1.2",NA,NA,NA,NA,NA,2023,NA,"SHS",2024-02-15,NA,NA,NA,NA,NA,"red",22,NA,NA,NA,NA,NA,"Y",NA,NA,0.5
2023-08-17,"WL3","3","3","V",19,42,"0.82","1.3",1,"1.2",NA,NA,NA,NA,NA,2023,NA,"SHS",2024-02-15,NA,NA,NA,NA,NA,"red",5,NA,NA,NA,NA,NA,"Y",NA,NA,0.5
2023-08-17,"WL3","3","3","V",26,38,"0.68","1.5",1,"0.6",NA,NA,NA,NA,NA,2023,NA,"SHS",2024-02-15,NA,NA,NA,NA,NA,"red",708,NA,NA,NA,NA,NA,"N",NA,NA,0.5
2023-08-17,"WL3","3","3","V",28,33,"0.42","1.1",1,"0.3",NA,NA,NA,NA,NA,2023,NA,"SHS",2024-02-15,NA,NA,NA,NA,NA,"red",32,NA,NA,NA,NA,NA,"Y",NA,NA,0.5
2023-08-17,"WL3","3","3","V",30,39,"0.42","0.8",1,"0.5",NA,NA,NA,NA,NA,2023,NA,"SHS",2024-02-15,NA,NA,NA,NA,NA,"red",796,NA,NA,NA,NA,NA,"Y",NA,NA,0.5
2023-08-17,"WL3","3","3","V",32,45,"0.31","0.9",1,"0.3",NA,NA,NA,NA,NA,2023,NA,"SHS",2024-02-15,NA,NA,NA,NA,NA,"red",51,NA,NA,NA,NA,NA,"Y",NA,NA,0.5
2023-08-17,"WL3","3","3.5","P",30,50,"1.63","11.0",1,NA,"0.0","10.0",4,1,NA,2023,NA,"SHS",2024-02-15,NA,NA,NA,NA,NA,"red",20,NA,NA,NA,NA,NA,"Y",NA,NA,1.63
2023-08-17,"WL3","3","3.5","V",8,4,"0.84","1.6",1,"1.7",NA,NA,NA,NA,NA,2023,NA,"SHS",2024-02-15,NA,NA,NA,NA,NA,"red",35,NA,NA,NA,NA,NA,"Y",NA,NA,0.5
2023-08-17,"WL3","3","3.5","V",16,6,"1.06","1.7",1,"1.0",NA,NA,NA,NA,NA,2023,NA,"SHS",2024-02-15,NA,NA,NA,NA,NA,"red",392,NA,NA,NA,NA,NA,"Y",NA,NA,1.06
2023-08-17,"WL3","3","3.5","V",15,10,"0.53","1.1",1,"1.0",NA,NA,NA,NA,NA,2023,NA,"SHS",2024-02-15,NA,NA,NA,NA,NA,"red",129,NA,NA,NA,NA,NA,"Y",NA,NA,0.5
2023-08-17,"WL3","3","3.5","V",20,12,"0.51","2.2",1,"1.1",NA,NA,NA,NA,NA,2023,NA,"SHS",2024-02-15,NA,NA,NA,NA,NA,"red",270,NA,NA,NA,NA,NA,"N",NA,NA,0.5
2023-08-17,"WL3","3","3.5","V",49,4,"0.56","2.1",1,"1.1",NA,NA,NA,NA,NA,2023,NA,"SHS",2024-02-15,NA,NA,NA,NA,NA,"red",271,NA,NA,NA,NA,NA,"Y",NA,NA,0.5
2023-08-17,"WL3","3","3.5","V",26,22,"0.68","2.6",1,"1.3",NA,NA,NA,NA,NA,2023,NA,"SHS",2024-02-15,NA,NA,NA,NA,NA,"red",576,NA,NA,NA,NA,NA,"N",NA,NA,0.5
2023-08-17,"WL3","3","3.5","V",19,2,"0.97","1.9",1,"1.3",NA,NA,NA,NA,NA,2023,NA,"SHS",2024-02-15,NA,NA,NA,NA,NA,"red",61,NA,NA,NA,NA,NA,"N",NA,NA,0.5
2023-08-17,"WL3","3","3.5","V",42,1,"0.94","2.3",1,"0.9",NA,NA,NA,NA,NA,2023,NA,"SHS",2024-02-15,NA,NA,NA,NA,NA,"red",70,NA,NA,NA,NA,NA,"Y",NA,NA,0.5
2023-08-17,"WL3","3","3.5","V",22,2,"0.84","1.6",1,"0.9",NA,NA,NA,NA,NA,2023,NA,"SHS",2024-02-15,NA,NA,NA,NA,NA,"red",702,NA,NA,NA,NA,NA,"Y",NA,NA,0.5
2023-08-17,"WL3","3","3.5","V",NA,NA,"0.84","1.4",1,"0.9",NA,NA,NA,NA,NA,2023,NA,"SHS",2024-02-15,NA,NA,NA,NA,NA,NA,NA,NA,NA,NA,NA,NA,"Y",NA,NA,0.5
2023-08-17,"WL3","3","3.5","V",NA,NA,"0.62","1.5",1,"0.6",NA,NA,NA,NA,NA,2023,NA,"SHS",2024-02-15,NA,NA,NA,NA,NA,NA,NA,NA,NA,NA,NA,NA,"Y",NA,NA,0.5
2023-08-17,"WL3","3","3.5","V",NA,NA,"0.28","0.9",1,"0.4",NA,NA,NA,NA,NA,2023,NA,"SHS",2024-02-15,NA,NA,NA,NA,NA,NA,NA,NA,NA,NA,NA,NA,"Y",NA,NA,0.5
2023-08-17,"WL3","3","3.5","V",NA,NA,"0.56","0.8",1,"0.3",NA,NA,NA,NA,NA,2023,NA,"SHS",2024-02-15,NA,NA,NA,NA,NA,NA,NA,NA,NA,NA,NA,NA,"N",NA,NA,0.5
2023-08-17,"WL3","3","3.5","V",NA,NA,"0.43","1.3",1,"0.6",NA,NA,NA,NA,NA,2023,NA,"SHS",2024-02-15,NA,NA,NA,NA,NA,NA,NA,NA,NA,NA,NA,NA,"N",NA,NA,0.5
2023-08-17,"WL3","3","3.5","V",NA,NA,"0.5","1.4",1,"0.3",NA,NA,NA,NA,NA,2023,NA,"SHS",2024-02-15,NA,NA,NA,NA,NA,NA,NA,NA,NA,NA,NA,NA,"Y",NA,NA,0.5
2023-08-17,"WL3","3","3.5","V",NA,NA,"0.5","0.8",1,"0.4",NA,NA,NA,NA,NA,2023,NA,"SHS",2024-02-15,NA,NA,NA,NA,NA,NA,NA,NA,NA,NA,NA,NA,"N",NA,NA,0.5
2023-08-17,"WL3","3","3.5","V",NA,NA,"0.43","1.2",1,"0.5",NA,NA,NA,NA,NA,2023,NA,"SHS",2024-02-15,NA,NA,NA,NA,NA,NA,NA,NA,NA,NA,NA,NA,"Y",NA,NA,0.5
2023-08-17,"WL3","3","3.5","V",NA,NA,"0.36","1.4",1,"0.5",NA,NA,NA,NA,NA,2023,NA,"SHS",2024-02-15,NA,NA,NA,NA,NA,NA,NA,NA,NA,NA,NA,NA,"Y",NA,NA,0.5
2023-08-17,"WL3","3","3.5","V",NA,NA,"0.64","1.6",1,"0.8",NA,NA,NA,NA,NA,2023,NA,"SHS",2024-02-15,NA,NA,NA,NA,NA,NA,NA,NA,NA,NA,NA,NA,"Y",NA,NA,0.5
2023-08-17,"WL3","3","3.5","V",NA,NA,"0.45","0.8",1,"0.3",NA,NA,NA,NA,NA,2023,NA,"SHS",2024-02-15,NA,NA,NA,NA,NA,NA,NA,NA,NA,NA,NA,NA,"Y",NA,NA,0.5
2023-08-17,"WL3","3","3.5","V",NA,NA,"0.33","1.7",1,"0.4",NA,NA,NA,NA,NA,2023,NA,"SHS",2024-02-15,NA,NA,NA,NA,NA,NA,NA,NA,NA,NA,NA,NA,"Y",NA,NA,0.5
2023-08-17,"WL3","3","3.5","V",NA,NA,"0.81","1.6",1,"0.9",NA,NA,NA,NA,NA,2023,NA,"SHS",2024-02-15,NA,NA,NA,NA,NA,NA,NA,NA,NA,NA,NA,NA,"Y",NA,NA,0.5
2023-08-17,"WL3","3","3.5","V",NA,NA,"0.43","0.6",1,"0.7",NA,NA,NA,NA,NA,2023,NA,"SHS",2024-02-15,NA,NA,NA,NA,NA,NA,NA,NA,NA,NA,NA,NA,"Y",NA,NA,0.5
2023-08-17,"WL3","3","3.5","V",NA,NA,"0.56","0.9",1,"0.7",NA,NA,NA,NA,NA,2023,NA,"SHS",2024-02-15,NA,NA,NA,NA,NA,NA,NA,NA,NA,NA,NA,NA,"N",NA,NA,0.5
2023-08-17,"WL3","3","3.5","V",NA,NA,"0.57","0.7",1,"0.6",NA,NA,NA,NA,NA,2023,NA,"SHS",2024-02-15,NA,NA,NA,NA,NA,NA,NA,NA,NA,NA,NA,NA,"N",NA,NA,0.5
2023-08-17,"WL3","3","3.5","V",NA,NA,"0.44","1.3",1,"0.5",NA,NA,NA,NA,NA,2023,NA,"SHS",2024-02-15,NA,NA,NA,NA,NA,NA,NA,NA,NA,NA,NA,NA,"N",NA,NA,0.5
2023-08-17,"WL3","3","3.5","V",NA,NA,"0.45","1.6",1,"0.4",NA,NA,NA,NA,NA,2023,NA,"SHS",2024-02-15,NA,NA,NA,NA,NA,NA,NA,NA,NA,NA,NA,NA,"Y",NA,NA,0.5
2023-08-17,"WL3","3","3.5","V",NA,NA,"0.45","2.2",1,"0.8",NA,NA,NA,NA,NA,2023,NA,"SHS",2024-02-15,NA,NA,NA,NA,NA,NA,NA,NA,NA,NA,NA,NA,"Y",NA,NA,0.5
2023-08-17,"WL3","3","3.5","V",NA,NA,"0.64","1.9",1,"0.8",NA,NA,NA,NA,NA,2023,NA,"SHS",2024-02-15,NA,NA,NA,NA,NA,NA,NA,NA,NA,NA,NA,NA,"N",NA,NA,0.5
2023-08-17,"WL3","3","3.5","V",NA,NA,"0.63","2.1",1,"0.8",NA,NA,NA,NA,NA,2023,NA,"SHS",2024-02-15,NA,NA,NA,NA,NA,NA,NA,NA,NA,NA,NA,NA,"Y",NA,NA,0.5
2023-08-17,"WL3","3","3.5","V",NA,NA,"0.51","1.1",1,"0.4",NA,NA,NA,NA,NA,2023,NA,"SHS",2024-02-15,NA,NA,NA,NA,NA,NA,NA,NA,NA,NA,NA,NA,"Y",NA,NA,0.5
2023-08-17,"WL3","3","3.5","V",NA,NA,"0.4","1.2",1,"0.3",NA,NA,NA,NA,NA,2023,NA,"SHS",2024-02-15,NA,NA,NA,NA,NA,NA,NA,NA,NA,NA,NA,NA,"N",NA,NA,0.5
2023-08-17,"WL3","3","3.5","V",NA,NA,"0.74","1.5",1,"0.6",NA,NA,NA,NA,NA,2023,NA,"SHS",2024-02-15,NA,NA,NA,NA,NA,NA,NA,NA,NA,NA,NA,NA,"Y",NA,NA,0.5
2023-08-17,"WL3","3","3.5","V",NA,NA,"0.62","1.1",1,"0.6",NA,NA,NA,NA,NA,2023,NA,"SHS",2024-02-15,NA,NA,NA,NA,NA,NA,NA,NA,NA,NA,NA,NA,"Y",NA,NA,0.5
2023-08-17,"WL3","3","3.5","V",NA,NA,"0.7","1.4",1,"1.0",NA,NA,NA,NA,NA,2023,NA,"SHS",2024-02-15,NA,NA,NA,NA,NA,NA,NA,NA,NA,NA,NA,NA,"Y",NA,NA,0.5
2023-08-17,"WL3","3","3.5","V",NA,NA,"0.43","1.3",1,"0.2",NA,NA,NA,NA,NA,2023,NA,"SHS",2024-02-15,NA,NA,NA,NA,NA,NA,NA,NA,NA,NA,NA,NA,"Y",NA,NA,0.5
2023-08-17,"WL3","3","4","F",33,28,"1.28","4.5",1,NA,"1.0","0.0",NA,1,NA,2023,NA,"SHS",2024-02-15,NA,NA,NA,NA,NA,"red",244,NA,NA,NA,NA,NA,"N",NA,NA,1.28
2023-08-17,"WL3","3","4","V",42,10,"0.86","2.0",1,"1.3",NA,NA,NA,NA,NA,2023,NA,"SHS",2024-02-15,NA,NA,NA,NA,NA,"red",588,NA,NA,NA,NA,NA,"N",NA,NA,0.5
2023-08-17,"WL3","3","4","V",16,5,"0.53","1.6",1,"0.9",NA,NA,NA,NA,NA,2023,NA,"SHS",2024-02-15,NA,NA,NA,NA,NA,"red",582,NA,NA,NA,NA,NA,"Y",NA,NA,0.5
2023-08-17,"WL3","3","4","V",13,2,"0.68","2.6",1,"0.7",NA,NA,NA,NA,NA,2023,NA,"SHS",2024-02-15,NA,NA,NA,NA,NA,"red",34,NA,NA,NA,NA,NA,"Y",NA,NA,0.5
2023-08-17,"WL3","3","4","V",22,2,"0.43","1.4",1,"0.6",NA,NA,NA,NA,NA,2023,NA,"SHS",2024-02-15,NA,NA,NA,NA,NA,"red",58,NA,NA,NA,NA,NA,"N",NA,NA,0.5
2023-08-17,"WL3","3","4","V",16,8,"0.73","1.2",1,"0.8",NA,NA,NA,NA,NA,2023,NA,"SHS",2024-02-15,NA,NA,NA,NA,NA,"red",104,NA,NA,NA,NA,NA,"N",NA,NA,0.5
2023-08-17,"WL3","3","4","V",31,9,"0.61","1.7",1,"0.7",NA,NA,NA,NA,NA,2023,NA,"SHS",2024-02-15,NA,NA,NA,NA,NA,"red",21,NA,NA,NA,NA,NA,"Y",NA,NA,0.5
2023-08-17,"WL3","3","4","V",30,9,"0.51","1.7",1,"0.7",NA,NA,NA,NA,NA,2023,NA,"SHS",2024-02-15,NA,NA,NA,NA,NA,"red",84,NA,NA,NA,NA,NA,"Y",NA,NA,0.5
2023-08-17,"WL3","3","4","V",40,27,"0.53","1.4",1,"0.7",NA,NA,NA,NA,NA,2023,NA,"SHS",2024-02-15,NA,NA,NA,NA,NA,"red",264,NA,NA,NA,NA,NA,"Y",NA,NA,0.5
2023-08-17,"WL3","3","4","V",24,38,"0.66","1.2",1,"0.6",NA,NA,NA,NA,NA,2023,NA,"SHS",2024-02-15,NA,NA,NA,NA,NA,"red",577,NA,NA,NA,NA,NA,"N",NA,NA,0.5
2023-08-17,"WL3","3","4","V",NA,NA,"0.32","1.9",1,"0.6",NA,NA,NA,NA,NA,2023,NA,"SHS",2024-02-15,NA,NA,NA,NA,NA,NA,NA,NA,NA,NA,NA,NA,"Y",NA,NA,0.5
2023-08-17,"WL3","3","4","V",NA,NA,"0.43","1.5",1,"0.4",NA,NA,NA,NA,NA,2023,NA,"SHS",2024-02-15,NA,NA,NA,NA,NA,NA,NA,NA,NA,NA,NA,NA,"Y",NA,NA,0.5
2023-08-17,"WL3","3","4","V",NA,NA,"0.66","1.7",1,"0.6",NA,NA,NA,NA,NA,2023,NA,"SHS",2024-02-15,NA,NA,NA,NA,NA,NA,NA,NA,NA,NA,NA,NA,"Y",NA,NA,0.5
2023-08-17,"WL3","3","4.5","P",83,6,"1.66","15.3",1,NA,"0.0","3.0",2.4,1,NA,2023,NA,"SHS",2024-02-15,NA,NA,NA,NA,NA,"red",863,NA,NA,NA,NA,NA,"Y",NA,NA,1.66
2023-08-17,"WL3","3","4.5","V",19,21,"0.48","2.2",1,"1.1",NA,NA,NA,NA,NA,2023,NA,"SHS",2024-02-15,NA,NA,NA,NA,NA,"red",897,NA,NA,NA,NA,NA,"N",NA,NA,0.5
2023-08-17,"WL3","3","4.5","V",9,21,"0.5","1.6",1,"0.9",NA,NA,NA,NA,NA,2023,NA,"SHS",2024-02-15,NA,NA,NA,NA,NA,"red",586,NA,NA,NA,NA,NA,"Y",NA,NA,0.5
2023-08-17,"WL3","3","4.5","V",49,5,"0.41","1.4",1,"0.8",NA,NA,NA,NA,NA,2023,NA,"SHS",2024-02-15,NA,NA,NA,NA,NA,"red",705,NA,NA,NA,NA,NA,"N",NA,NA,0.5
2023-08-17,"WL3","3","4.5","V",49,14,"0.82","1.8",1,"0.6",NA,NA,NA,NA,NA,2023,NA,"SHS",2024-02-15,NA,NA,NA,NA,NA,"red",733,NA,NA,NA,NA,NA,"Y",NA,NA,0.5
2023-08-17,"WL3","3","4.5","V",34,37,"0.49","1.0",1,"0.7",NA,NA,NA,NA,NA,2023,NA,"SHS",2024-02-15,NA,NA,NA,NA,NA,"red",17,NA,NA,NA,NA,NA,"Y",NA,NA,0.5
2023-08-17,"WL3","3","4.5","V",48,38,"0.18","1.6",1,"0.6",NA,NA,NA,NA,NA,2023,NA,"SHS",2024-02-15,NA,NA,NA,NA,NA,"red",744,NA,NA,NA,NA,NA,"N",NA,NA,0.5
2023-08-17,"WL3","3","4.5","V",49,2,"0.55","1.6",1,"0.8",NA,NA,NA,NA,NA,2023,NA,"SHS",2024-02-15,NA,NA,NA,NA,NA,"red",737,NA,NA,NA,NA,NA,"N",NA,NA,0.5
2023-08-17,"WL3","3","4.5","V",5,4,"0.75","1.3",1,"0.7",NA,NA,NA,NA,NA,2023,NA,"SHS",2024-02-15,NA,NA,NA,NA,NA,"red",884,NA,NA,NA,NA,NA,"N",NA,NA,0.5
2023-08-17,"WL3","3","4.5","V",6,4,"0.52","1.8",1,"0.6",NA,NA,NA,NA,NA,2023,NA,"SHS",2024-02-15,NA,NA,NA,NA,NA,"red",730,NA,NA,NA,NA,NA,"N",NA,NA,0.5
2023-08-17,"WL3","3","4.5","V",NA,NA,"0.31","1.3",1,"0.4",NA,NA,NA,NA,NA,2023,NA,"SHS",2024-02-15,NA,NA,NA,NA,NA,NA,NA,NA,NA,NA,NA,NA,"N",NA,NA,0.5
2023-08-17,"WL3","3","4.5","V",NA,NA,"0.27","0.9",1,"0.3",NA,NA,NA,NA,NA,2023,NA,"SHS",2024-02-15,NA,NA,NA,NA,NA,NA,NA,NA,NA,NA,NA,NA,"N",NA,NA,0.5
2023-08-17,"WL3","3","4.5","V",NA,NA,"0.17","0.6",1,"0.2",NA,NA,NA,NA,NA,2023,NA,"SHS",2024-02-15,NA,NA,NA,NA,NA,NA,NA,NA,NA,NA,NA,NA,"Y",NA,NA,0.5
2023-08-17,"WL3","3","4.5","V",NA,NA,"0.43","1.2",1,"0.5",NA,NA,NA,NA,NA,2023,NA,"SHS",2024-02-15,NA,NA,NA,NA,NA,NA,NA,NA,NA,NA,NA,NA,"N",NA,NA,0.5
2023-08-17,"WL3","3","4.5","V",NA,NA,"0.6","1.3",1,"0.4",NA,NA,NA,NA,NA,2023,NA,"SHS",2024-02-15,NA,NA,NA,NA,NA,NA,NA,NA,NA,NA,NA,NA,"N",NA,NA,0.5
2023-08-17,"WL3","3","4.5","V",NA,NA,"0.36","1.6",1,"0.7",NA,NA,NA,NA,NA,2023,NA,"SHS",2024-02-15,NA,NA,NA,NA,NA,NA,NA,NA,NA,NA,NA,NA,"N",NA,NA,0.5
2023-08-17,"WL3","3","4.5","V",NA,NA,"0.45","1.4",1,"0.6",NA,NA,NA,NA,NA,2023,NA,"SHS",2024-02-15,NA,NA,NA,NA,NA,NA,NA,NA,NA,NA,NA,NA,"N",NA,NA,0.5
2023-08-17,"WL3","3","4.5","V",NA,NA,"0.69","1.3",1,"0.4",NA,NA,NA,NA,NA,2023,NA,"SHS",2024-02-15,NA,NA,NA,NA,NA,NA,NA,NA,NA,NA,NA,NA,"Y",NA,NA,0.5
2023-08-17,"WL3","3","5","V",15,32,"0.44","1.5",1,"0.6",NA,NA,NA,NA,NA,2023,NA,"SHS",2024-02-15,NA,NA,NA,NA,NA,"red",856,NA,NA,NA,NA,NA,"N",NA,NA,0.5
2023-08-17,"WL3","3","5","V",19,11,"0.69","1.4",1,"0.4",NA,NA,NA,NA,NA,2023,NA,"SHS",2024-02-15,NA,NA,NA,NA,NA,"red",291,NA,NA,NA,NA,NA,"N",NA,NA,0.5
2023-08-17,"WL3","3","5","V",15,24,"0.71","1.1",1,"0.5",NA,NA,NA,NA,NA,2023,NA,"SHS",2024-02-15,NA,NA,NA,NA,NA,"red",894,NA,NA,NA,NA,NA,"N",NA,NA,0.5
2023-08-17,"WL3","3","5","V",12,1,"0.53","1.4",1,"0.8",NA,NA,NA,NA,NA,2023,NA,"SHS",2024-02-15,NA,NA,NA,NA,NA,"red",872,NA,NA,NA,NA,NA,"Y",NA,NA,0.5
2023-08-17,"WL3","3","5","V",9,12,"0.68","1.3",1,"0.6",NA,NA,NA,NA,NA,2023,NA,"SHS",2024-02-15,NA,NA,NA,NA,NA,"red",883,NA,NA,NA,NA,NA,"N",NA,NA,0.5
2023-08-17,"WL3","3","5","V",5,10,"0.66","1.1",1,"0.4",NA,NA,NA,NA,NA,2023,NA,"SHS",2024-02-15,NA,NA,NA,NA,NA,"red",726,NA,NA,NA,NA,NA,"Y",NA,NA,0.5
2023-08-17,"WL3","3","5","V",32,39,"0.47","1.0",1,"0.3",NA,NA,NA,NA,NA,2023,NA,"SHS",2024-02-15,NA,NA,NA,NA,NA,"red",833,NA,NA,NA,NA,NA,"N",NA,NA,0.5
2023-08-17,"WL3","3","5","V",13,18,"0.45","1.5",1,"0.5",NA,NA,NA,NA,NA,2023,NA,"SHS",2024-02-15,NA,NA,NA,NA,NA,"red",578,NA,NA,NA,NA,NA,"Y",NA,NA,0.5
2023-08-17,"WL3","3","5","V",29,25,"0.5","2.1",1,"0.3",NA,NA,NA,NA,NA,2023,NA,"SHS",2024-02-15,NA,NA,NA,NA,NA,"red",867,NA,NA,NA,NA,NA,"N",NA,NA,0.5
2023-08-17,"WL3","3","5","V",20,45,"0.61","2.3",1,"0.4",NA,NA,NA,NA,NA,2023,NA,"SHS",2024-02-15,NA,NA,NA,NA,NA,"red",857,NA,NA,NA,NA,NA,"Y",NA,NA,0.5
2023-08-17,"WL3","3","5","V",NA,NA,"0.37","0.7",1,"0.3",NA,NA,NA,NA,NA,2023,NA,"SHS",2024-02-15,NA,NA,NA,NA,NA,NA,NA,NA,NA,NA,NA,NA,"Y",NA,NA,0.5
2023-08-17,"WL3","3","5","V",NA,NA,"0.32","0.9",1,"0.4",NA,NA,NA,NA,NA,2023,NA,"SHS",2024-02-15,NA,NA,NA,NA,NA,NA,NA,NA,NA,NA,NA,NA,"Y",NA,NA,0.5
2023-08-17,"WL3","3","5","V",NA,NA,"0.57","1.4",1,"0.4",NA,NA,NA,NA,NA,2023,NA,"SHS",2024-02-15,NA,NA,NA,NA,NA,NA,NA,NA,NA,NA,NA,NA,"N",NA,NA,0.5
2023-08-17,"WL3","3","5","V",NA,NA,"0.52","1.3",1,"0.3",NA,NA,NA,NA,NA,2023,NA,"SHS",2024-02-15,NA,NA,NA,NA,NA,NA,NA,NA,NA,NA,NA,NA,"Y",NA,NA,0.5
2023-08-17,"WL3","3","5","V",NA,NA,"0.54","1.1",1,"0.4",NA,NA,NA,NA,NA,2023,NA,"SHS",2024-02-15,NA,NA,NA,NA,NA,NA,NA,NA,NA,NA,NA,NA,"Y",NA,NA,0.5
2023-08-17,"WL3","3","5","V",NA,NA,"0.46","1.2",1,"0.2",NA,NA,NA,NA,NA,2023,NA,"SHS",2024-02-15,NA,NA,NA,NA,NA,NA,NA,NA,NA,NA,NA,NA,"Y",NA,NA,0.5
2023-08-17,"WL3","3","5","V",NA,NA,"0.36","1.1",1,"0.3",NA,NA,NA,NA,NA,2023,NA,"SHS",2024-02-15,NA,NA,NA,NA,NA,NA,NA,NA,NA,NA,NA,NA,"Y",NA,NA,0.5
2023-08-17,"WL3","3","5","V",NA,NA,"0.18","1.0",1,"0.2",NA,NA,NA,NA,NA,2023,NA,"SHS",2024-02-15,NA,NA,NA,NA,NA,NA,NA,NA,NA,NA,NA,NA,"Y",NA,NA,0.5
2023-08-17,"WL3","3","5","V",NA,NA,"0.32","1.9",1,"0.4",NA,NA,NA,NA,NA,2023,NA,"SHS",2024-02-15,NA,NA,NA,NA,NA,NA,NA,NA,NA,NA,NA,NA,"Y",NA,NA,0.5
2023-08-17,"WL3","3","5","V",NA,NA,"0.2","1.8",1,"0.5",NA,NA,NA,NA,NA,2023,NA,"SHS",2024-02-15,NA,NA,NA,NA,NA,NA,NA,NA,NA,NA,NA,NA,"Y",NA,NA,0.5
2023-08-17,"WL3","3","5","V",NA,NA,"0.34","0.8",1,"0.3",NA,NA,NA,NA,NA,2023,NA,"SHS",2024-02-15,NA,NA,NA,NA,NA,NA,NA,NA,NA,NA,NA,NA,"N",NA,NA,0.5
2023-08-17,"WL3","3","5","V",NA,NA,"0.17","1.2",1,"0.2",NA,NA,NA,NA,NA,2023,NA,"SHS",2024-02-15,NA,NA,NA,NA,NA,NA,NA,NA,NA,NA,NA,NA,"N",NA,NA,0.5
2023-08-17,"WL3","3","5","V",NA,NA,"0.2","0.9",1,"0.2",NA,NA,NA,NA,NA,2023,NA,"SHS",2024-02-15,NA,NA,NA,NA,NA,NA,NA,NA,NA,NA,NA,NA,"Y",NA,NA,0.5
2023-08-17,"WL3","3","5","V",NA,NA,"0.17","1.4",1,"0.3",NA,NA,NA,NA,NA,2023,NA,"SHS",2024-02-15,NA,NA,NA,NA,NA,NA,NA,NA,NA,NA,NA,NA,"Y",NA,NA,0.5
2023-08-17,"WL3","3","5","V",NA,NA,"0.18","1.2",1,"0.3",NA,NA,NA,NA,NA,2023,NA,"SHS",2024-02-15,NA,NA,NA,NA,NA,NA,NA,NA,NA,NA,NA,NA,"Y",NA,NA,0.5
2023-08-17,"WL3","3","5.5","V",2,25,"1.19","5.0",1,"0.6",NA,NA,NA,NA,NA,2023,NA,"SHS",2024-02-15,NA,NA,NA,NA,NA,"red",698,NA,NA,NA,NA,NA,"N",NA,NA,1.19
2023-08-17,"WL3","3","5.5","V",40,11,"0.19","1.7",1,"0.4",NA,NA,NA,NA,NA,2023,NA,"SHS",2024-02-15,NA,NA,NA,NA,NA,"red",729,NA,NA,NA,NA,NA,"Y",NA,NA,0.5
2023-08-17,"WL3","3","5.5","V",28,32,"0.77","1.8",1,"0.5",NA,NA,NA,NA,NA,2023,NA,"SHS",2024-02-15,NA,NA,NA,NA,NA,"red",979,NA,NA,NA,NA,NA,"Y",NA,NA,0.5
2023-08-17,"WL3","3","5.5","V",31,32,"1.08","2.7",1,"0.5",NA,NA,NA,NA,NA,2023,NA,"SHS",2024-02-15,NA,NA,NA,NA,NA,"red",28,NA,NA,NA,NA,NA,"N",NA,NA,1.08
2023-08-17,"WL3","3","5.5","V",32,45,"0.27","2.4",1,"0.6",NA,NA,NA,NA,NA,2023,NA,"SHS",2024-02-15,NA,NA,NA,NA,NA,"red",15,NA,NA,NA,NA,NA,"Y",NA,NA,0.5
2023-08-17,"WL3","3","5.5","V",29,45,"0.54","1.5",1,"0.6",NA,NA,NA,NA,NA,2023,NA,"SB",2024-02-15,NA,NA,NA,NA,NA,"red",702,NA,NA,NA,NA,NA,"N",NA,NA,0.5
2023-08-17,"WL3","3","5.5","V",45,26,"0.45","0.9",1,"0.2",NA,NA,NA,NA,NA,2023,NA,"SB",2024-02-15,NA,NA,NA,NA,NA,"red",743,NA,NA,NA,NA,NA,"N",NA,NA,0.5
2023-08-17,"WL3","3","5.5","V",40,43,"0.37","1.7",1,"0.3",NA,NA,NA,NA,NA,2023,NA,"SB",2024-02-15,NA,NA,NA,NA,NA,"red",573,NA,NA,NA,NA,NA,"Y",NA,NA,0.5
2023-08-17,"WL3","3","5.5","V",37,23,"0.36","2.2",1,"0.3",NA,NA,NA,NA,NA,2023,NA,"SB",2024-02-15,NA,NA,NA,NA,NA,"red",54,NA,NA,NA,NA,NA,"N",NA,NA,0.5
2023-08-17,"WL3","3","5.5","V",45,28,"0.3","1.7",1,"0.3",NA,NA,NA,NA,NA,2023,NA,"SB",2024-02-15,NA,NA,NA,NA,NA,"red",749,NA,NA,NA,NA,NA,"Y",NA,NA,0.5
2023-08-17,"WL3","3","5.5","V",NA,NA,"0.37","1.9",1,"0.3",NA,NA,NA,NA,NA,2023,NA,"SB",2024-02-15,NA,NA,NA,NA,NA,NA,NA,NA,NA,NA,NA,NA,"N",NA,NA,0.5
2023-08-17,"WL3","3","5.5","V",NA,NA,"0.37","2.1",1,"0.3",NA,NA,NA,NA,NA,2023,NA,"SB",2024-02-15,NA,NA,NA,NA,NA,NA,NA,NA,NA,NA,NA,NA,"Y",NA,NA,0.5
2023-08-17,"WL3","3","5.5","V",NA,NA,"0.38","0.8",1,"0.2",NA,NA,NA,NA,NA,2023,NA,"SB",2024-02-15,NA,NA,NA,NA,NA,NA,NA,NA,NA,NA,NA,NA,"Y",NA,NA,0.5
2023-08-17,"WL3","3","6","P",15,7,"1.24","16.5",1,NA,"0.0","7.0",2.9,1,NA,2023,NA,"SB",2024-02-15,NA,NA,NA,NA,NA,"red",838,NA,NA,NA,NA,NA,"Y",NA,NA,1.24
2023-08-17,"WL3","3","6","P",17,6,"1.96","17.0",1,NA,"0.0","7.0",4.5,1,NA,2023,NA,"SB",2024-02-15,NA,NA,NA,NA,NA,"red",735,NA,NA,NA,NA,NA,"Y",NA,NA,1.96
2023-08-17,"WL3","3","6","V",33,17,"0.51","1.5",1,"0.4",NA,NA,NA,NA,NA,2023,NA,"SB",2024-02-15,NA,NA,NA,NA,NA,"red",859,NA,NA,NA,NA,NA,"N",NA,NA,0.5
2023-08-17,"WL3","3","6","V",10,27,"0.44","1.3",1,"0.3",NA,NA,NA,NA,NA,2023,NA,"SB",2024-02-15,NA,NA,NA,NA,NA,"red",875,NA,NA,NA,NA,NA,"N",NA,NA,0.5
2023-08-17,"WL3","3","6","V",31,38,"0.51","1.0",1,"0.2",NA,NA,NA,NA,NA,2023,NA,"SB",2024-02-15,NA,NA,NA,NA,NA,"red",808,NA,NA,NA,NA,NA,"N",NA,NA,0.5
2023-08-17,"WL3","3","6","V",35,18,"0.4","1.6",1,"0.2",NA,NA,NA,NA,NA,2023,NA,"SB",2024-02-15,NA,NA,NA,NA,NA,"red",865,NA,NA,NA,NA,NA,"N",NA,NA,0.5
2023-08-17,"WL3","3","6","V",25,18,"0.43","1.2",1,"0.4",NA,NA,NA,NA,NA,2023,NA,"SB",2024-02-15,NA,NA,NA,NA,NA,"red",877,NA,NA,NA,NA,NA,"N",NA,NA,0.5
2023-08-17,"WL3","3","6","V",21,27,"0.46","1.7",1,"0.2",NA,NA,NA,NA,NA,2023,NA,"SB",2024-02-15,NA,NA,NA,NA,NA,"red",745,NA,NA,NA,NA,NA,"N",NA,NA,0.5
2023-08-17,"WL3","3","6","V",38,30,"0.34","1.4",1,"0.2",NA,NA,NA,NA,NA,2023,NA,"SB",2024-02-15,NA,NA,NA,NA,NA,"red",887,NA,NA,NA,NA,NA,"Y",NA,NA,0.5
2023-08-17,"WL3","3","6","V",13,16,"0.43","2.2",1,"0.3",NA,NA,NA,NA,NA,2023,NA,"SB",2024-02-15,NA,NA,NA,NA,NA,"red",882,NA,NA,NA,NA,NA,"N",NA,NA,0.5
2023-08-23,"WL3","3","6","P",NA,NA,"1.3","7.8",5,NA,"1.0","9.0",2.7,5,NA,2023,NA,"SB",2024-02-15,NA,NA,NA,NA,NA,NA,NA,NA,NA,NA,NA,NA,"Y",NA,NA,1.3
2023-08-23,"WL3","3","6","V",NA,NA,"<1","2.1",1,"0.5",NA,NA,NA,NA,NA,2023,NA,"SB",2024-02-15,NA,NA,NA,NA,NA,NA,NA,NA,NA,NA,NA,NA,"Y",NA,NA,0.5
2023-08-23,"WL3","3","6","V",NA,NA,"<1","0.8",1,"0.4",NA,NA,NA,NA,NA,2023,NA,"SB",2024-02-15,NA,NA,NA,NA,NA,NA,NA,NA,NA,NA,NA,NA,"N",NA,NA,0.5
2023-08-23,"WL3","3","6","V",NA,NA,"<1","1.0",1,"0.6",NA,NA,NA,NA,NA,2023,NA,"SB",2024-02-15,NA,NA,NA,NA,NA,NA,NA,NA,NA,NA,NA,NA,"N",NA,NA,0.5
2023-08-23,"WL3","3","6","V",NA,NA,"<1","0.7",1,"0.4",NA,NA,NA,NA,NA,2023,NA,"SB",2024-02-15,NA,NA,NA,NA,NA,NA,NA,NA,NA,NA,NA,NA,"Y",NA,NA,0.5
2023-08-23,"WL3","3","6","V",NA,NA,"<1","1.1",1,"0.4",NA,NA,NA,NA,NA,2023,NA,"SB",2024-02-15,NA,NA,NA,NA,NA,NA,NA,NA,NA,NA,NA,NA,"N",NA,NA,0.5
2023-08-23,"WL3","3","6","V",NA,NA,"<1","0.7",1,"0.3",NA,NA,NA,NA,NA,2023,NA,"SB",2024-02-15,NA,NA,NA,NA,NA,NA,NA,NA,NA,NA,NA,NA,"N",NA,NA,0.5
2023-08-23,"WL3","3","6","V",NA,NA,"<1","0.6",1,"0.6",NA,NA,NA,NA,NA,2023,NA,"SB",2024-02-15,NA,NA,NA,NA,NA,NA,NA,NA,NA,NA,NA,NA,"Y",NA,NA,0.5
2023-08-23,"WL3","3","6","V",NA,NA,"<1","0.7",1,"0.5",NA,NA,NA,NA,NA,2023,NA,"SB",2024-02-15,NA,NA,NA,NA,NA,NA,NA,NA,NA,NA,NA,NA,"Y",NA,NA,0.5
2023-08-23,"WL3","3","6","V",NA,NA,"<1","0.8",1,"0.4",NA,NA,NA,NA,NA,2023,NA,"SB",2024-02-15,NA,NA,NA,NA,NA,NA,NA,NA,NA,NA,NA,NA,"Y",NA,NA,0.5
2023-08-23,"WL3","3","6","V",NA,NA,"<1","0.7",1,"0.4",NA,NA,NA,NA,NA,2023,NA,"SB",2024-02-15,NA,NA,NA,NA,NA,NA,NA,NA,NA,NA,NA,NA,"N",NA,NA,0.5
2023-08-23,"WL3","3","6","V",NA,NA,"<1","1.1",1,"0.3",NA,NA,NA,NA,NA,2023,NA,"SB",2024-02-15,NA,NA,NA,NA,NA,NA,NA,NA,NA,NA,NA,NA,"Y",NA,NA,0.5
2023-08-23,"WL3","3","6","V",NA,NA,"<1","0.7",1,"0.3",NA,NA,NA,NA,NA,2023,NA,"SB",2024-02-15,NA,NA,NA,NA,NA,NA,NA,NA,NA,NA,NA,NA,"Y",NA,NA,0.5
2023-08-23,"WL3","3","6","V",NA,NA,"<1","1.3",1,"0.4",NA,NA,NA,NA,NA,2023,NA,"SB",2024-02-15,NA,NA,NA,NA,NA,NA,NA,NA,NA,NA,NA,NA,"N",NA,NA,0.5
2023-08-23,"WL3","3","6","V",NA,NA,"<1","1.6",1,"0.4",NA,NA,NA,NA,NA,2023,NA,"SB",2024-02-15,NA,NA,NA,NA,NA,NA,NA,NA,NA,NA,NA,NA,"Y",NA,NA,0.5
2023-08-23,"WL3","3","6","V",NA,NA,"<1","0.7",1,"0.4",NA,NA,NA,NA,NA,2023,NA,"SB",2024-02-15,NA,NA,NA,NA,NA,NA,NA,NA,NA,NA,NA,NA,"Y",NA,NA,0.5
2023-08-23,"WL3","3","6","V",NA,NA,"<1","1.0",1,"0.4",NA,NA,NA,NA,NA,2023,NA,"SB",2024-02-15,NA,NA,NA,NA,NA,NA,NA,NA,NA,NA,NA,NA,"N",NA,NA,0.5
2023-08-23,"WL3","3","6","V",NA,NA,"<1","0.7",1,"0.4",NA,NA,NA,NA,NA,2023,NA,"SB",2024-02-15,NA,NA,NA,NA,NA,NA,NA,NA,NA,NA,NA,NA,"Y",NA,NA,0.5
2023-08-23,"WL3","3","6","V",NA,NA,"<1","1.7",1,"0.5",NA,NA,NA,NA,NA,2023,NA,"SB",2024-02-15,NA,NA,NA,NA,NA,NA,NA,NA,NA,NA,NA,NA,"N",NA,NA,0.5
2023-08-23,"WL3","3","6","V",NA,NA,"<1","1.1",1,"0.7",NA,NA,NA,NA,NA,2023,NA,"SB",2024-02-15,NA,NA,NA,NA,NA,NA,NA,NA,NA,NA,NA,NA,"Y",NA,NA,0.5
2023-08-23,"WL3","3","6","V",NA,NA,"<1","1.2",1,"0.5",NA,NA,NA,NA,NA,2023,NA,"SB",2024-02-15,NA,NA,NA,NA,NA,NA,NA,NA,NA,NA,NA,NA,"Y",NA,NA,0.5
2023-08-23,"WL3","3","6","V",NA,NA,"<1","1.5",1,"0.5",NA,NA,NA,NA,NA,2023,NA,"SB",2024-02-15,NA,NA,NA,NA,NA,NA,NA,NA,NA,NA,NA,NA,"Y",NA,NA,0.5
2023-08-23,"WL3","3","6","V",NA,NA,"<1","0.9",1,"0.4",NA,NA,NA,NA,NA,2023,NA,"SB",2024-02-15,NA,NA,NA,NA,NA,NA,NA,NA,NA,NA,NA,NA,"Y",NA,NA,0.5
2023-08-23,"WL3","3","6","V",NA,NA,"<1","0.9",1,"0.5",NA,NA,NA,NA,NA,2023,NA,"SB",2024-02-15,NA,NA,NA,NA,NA,NA,NA,NA,NA,NA,NA,NA,"Y",NA,NA,0.5
2023-08-23,"WL3","3","6","V",NA,NA,"<1","0.7",1,"0.3",NA,NA,NA,NA,NA,2023,NA,"SB",2024-02-15,NA,NA,NA,NA,NA,NA,NA,NA,NA,NA,NA,NA,"N",NA,NA,0.5
2023-08-23,"WL3","3","6","V",NA,NA,"<1","0.7",1,"0.5",NA,NA,NA,NA,NA,2023,NA,"SB",2024-02-15,NA,NA,NA,NA,NA,NA,NA,NA,NA,NA,NA,NA,"N",NA,NA,0.5
2023-08-23,"WL3","3","6","V",NA,NA,"<1","0.8",1,"0.3",NA,NA,NA,NA,NA,2023,NA,"SB",2024-02-15,NA,NA,NA,NA,NA,NA,NA,NA,NA,NA,NA,NA,"Y",NA,NA,0.5
2023-08-23,"WL3","3","6","V",NA,NA,"<1","0.8",1,"0.2",NA,NA,NA,NA,NA,2023,NA,"SB",2024-02-15,NA,NA,NA,NA,NA,NA,NA,NA,NA,NA,NA,NA,"Y",NA,NA,0.5
2023-08-23,"WL3","3","6","V",NA,NA,"<1","0.7",1,"0.4",NA,NA,NA,NA,NA,2023,NA,"SB",2024-02-15,NA,NA,NA,NA,NA,NA,NA,NA,NA,NA,NA,NA,"N",NA,NA,0.5
2023-08-23,"WL3","3","6","V",NA,NA,"<1","0.9",1,"0.4",NA,NA,NA,NA,NA,2023,NA,"SB",2024-02-15,NA,NA,NA,NA,NA,NA,NA,NA,NA,NA,NA,NA,"N",NA,NA,0.5
2023-08-23,"WL3","3","6","V",NA,NA,"<1","1.4",1,"0.5",NA,NA,NA,NA,NA,2023,NA,"SB",2024-02-15,NA,NA,NA,NA,NA,NA,NA,NA,NA,NA,NA,NA,"N",NA,NA,0.5
2023-08-23,"WL3","3","6","V",NA,NA,"<1","1.8",1,"0.4",NA,NA,NA,NA,NA,2023,NA,"SB",2024-02-15,NA,NA,NA,NA,NA,NA,NA,NA,NA,NA,NA,NA,"N",NA,NA,0.5
2023-08-23,"WL3","3","6","V",NA,NA,"<1","0.6",1,"0.3",NA,NA,NA,NA,NA,2023,NA,"SB",2024-02-15,NA,NA,NA,NA,NA,NA,NA,NA,NA,NA,NA,NA,"N",NA,NA,0.5
2023-08-23,"WL3","3","6","V",NA,NA,"<1","1.0",1,"0.4",NA,NA,NA,NA,NA,2023,NA,"SB",2024-02-15,NA,NA,NA,NA,NA,NA,NA,NA,NA,NA,NA,NA,"N",NA,NA,0.5
2023-08-23,"WL3","3","6","V",NA,NA,"<1","1.0",1,"0.3",NA,NA,NA,NA,NA,2023,NA,"SB",2024-02-15,NA,NA,NA,NA,NA,NA,NA,NA,NA,NA,NA,NA,"N",NA,NA,0.5
2023-08-23,"WL3","3","6","V",NA,NA,"<1","1.1",1,"0.4",NA,NA,NA,NA,NA,2023,NA,"SB",2024-02-15,NA,NA,NA,NA,NA,NA,NA,NA,NA,NA,NA,NA,"N",NA,NA,0.5
2023-08-23,"WL3","3","6","V",NA,NA,"<1","1.2",1,"0.4",NA,NA,NA,NA,NA,2023,NA,"SB",2024-02-15,NA,NA,NA,NA,NA,NA,NA,NA,NA,NA,NA,NA,"Y",NA,NA,0.5
2023-08-23,"WL3","3","6","V",NA,NA,"<1","1.5",1,"0.4",NA,NA,NA,NA,NA,2023,NA,"SB",2024-02-15,NA,NA,NA,NA,NA,NA,NA,NA,NA,NA,NA,NA,"N",NA,NA,0.5
2023-08-23,"WL3","3","6","V",NA,NA,"<1","0.8",1,"0.6",NA,NA,NA,NA,NA,2023,NA,"SB",2024-02-15,NA,NA,NA,NA,NA,NA,NA,NA,NA,NA,NA,NA,"N",NA,NA,0.5
2023-08-23,"WL3","3","6","V",NA,NA,"<1","1.1",1,"0.3",NA,NA,NA,NA,NA,2023,NA,"SB",2024-02-15,NA,NA,NA,NA,NA,NA,NA,NA,NA,NA,NA,NA,"N",NA,NA,0.5
2023-08-23,"WL3","3","6","V",NA,NA,"<1","0.6",1,"0.3",NA,NA,NA,NA,NA,2023,NA,"SB",2024-02-15,NA,NA,NA,NA,NA,NA,NA,NA,NA,NA,NA,NA,"N",NA,NA,0.5
2023-08-23,"WL3","3","6","V",NA,NA,"<1","1.4",1,"0.3",NA,NA,NA,NA,NA,2023,NA,"SB",2024-02-15,NA,NA,NA,NA,NA,NA,NA,NA,NA,NA,NA,NA,"N",NA,NA,0.5
2023-08-23,"WL3","3","6","V",NA,NA,"<1","1.0",1,"0.4",NA,NA,NA,NA,NA,2023,NA,"SB",2024-02-15,NA,NA,NA,NA,NA,NA,NA,NA,NA,NA,NA,NA,"N",NA,NA,0.5
2023-08-23,"WL3","3","6","V",NA,NA,"<1","1.1",1,"0.6",NA,NA,NA,NA,NA,2023,NA,"SB",2024-02-15,NA,NA,NA,NA,NA,NA,NA,NA,NA,NA,NA,NA,"Y",NA,NA,0.5
2023-08-23,"WL3","3","6","V",NA,NA,"<1","0.7",1,"0.2",NA,NA,NA,NA,NA,2023,NA,"SB",2024-02-15,NA,NA,NA,NA,NA,NA,NA,NA,NA,NA,NA,NA,"N",NA,NA,0.5
2023-08-23,"WL3","3","6","V",NA,NA,"<1","1.0",1,"0.4",NA,NA,NA,NA,NA,2023,NA,"SB",2024-02-15,NA,NA,NA,NA,NA,NA,NA,NA,NA,NA,NA,NA,"N",NA,NA,0.5
2023-08-23,"WL3","3","6","V",NA,NA,"<1","0.7",1,"0.5",NA,NA,NA,NA,NA,2023,NA,"SB",2024-02-15,NA,NA,NA,NA,NA,NA,NA,NA,NA,NA,NA,NA,"N",NA,NA,0.5
2023-08-23,"WL3","3","6","V",NA,NA,"<1","0.6",1,"0.3",NA,NA,NA,NA,NA,2023,NA,"SB",2024-02-15,NA,NA,NA,NA,NA,NA,NA,NA,NA,NA,NA,NA,"N",NA,NA,0.5
2023-08-23,"WL3","3","6","V",NA,NA,"<1","0.5",1,"0.3",NA,NA,NA,NA,NA,2023,NA,"SB",2024-02-15,NA,NA,NA,NA,NA,NA,NA,NA,NA,NA,NA,NA,"N",NA,NA,0.5
2023-08-23,"WL3","3","6","V",NA,NA,"<1","0.6",1,"0.2",NA,NA,NA,NA,NA,2023,NA,"SB",2024-02-15,NA,NA,NA,NA,NA,NA,NA,NA,NA,NA,NA,NA,"N",NA,NA,0.5
2023-08-23,"WL3","3","6","V",NA,NA,"<1","1.3",1,"0.5",NA,NA,NA,NA,NA,2023,NA,"SB",2024-02-15,NA,NA,NA,NA,NA,NA,NA,NA,NA,NA,NA,NA,"Y",NA,NA,0.5
2023-08-23,"WL3","3","6","V",NA,NA,"<1","1.5",1,"0.7",NA,NA,NA,NA,NA,2023,NA,"SB",2024-02-15,NA,NA,NA,NA,NA,NA,NA,NA,NA,NA,NA,NA,"N",NA,NA,0.5
2023-08-23,"WL3","3","6","V",NA,NA,"<1","1.1",1,"0.5",NA,NA,NA,NA,NA,2023,NA,"SB",2024-02-15,NA,NA,NA,NA,NA,NA,NA,NA,NA,NA,NA,NA,"N",NA,NA,0.5
2023-08-23,"WL3","3","6","V",NA,NA,"<1","0.9",1,"0.3",NA,NA,NA,NA,NA,2023,NA,"SB",2024-02-15,NA,NA,NA,NA,NA,NA,NA,NA,NA,NA,NA,NA,"N",NA,NA,0.5
2023-08-23,"WL3","3","6","V",NA,NA,"<1","1.4",1,"0.8",NA,NA,NA,NA,NA,2023,NA,"SB",2024-02-15,NA,NA,NA,NA,NA,NA,NA,NA,NA,NA,NA,NA,"N",NA,NA,0.5
2023-08-23,"WL3","3","6","V",NA,NA,"<1","0.8",1,"0.4",NA,NA,NA,NA,NA,2023,NA,"SB",2024-02-15,NA,NA,NA,NA,NA,NA,NA,NA,NA,NA,NA,NA,"N",NA,NA,0.5
2023-08-23,"WL3","3","6","V",NA,NA,"<1","1.4",1,"0.4",NA,NA,NA,NA,NA,2023,NA,"SB",2024-02-15,NA,NA,NA,NA,NA,NA,NA,NA,NA,NA,NA,NA,"N",NA,NA,0.5
2023-08-23,"WL3","3","6","V",NA,NA,"<1","1.6",1,"0.5",NA,NA,NA,NA,NA,2023,NA,"SB",2024-02-15,NA,NA,NA,NA,NA,NA,NA,NA,NA,NA,NA,NA,"N",NA,NA,0.5
2023-08-23,"WL3","3","6","V",NA,NA,"<1","1.4",1,"0.8",NA,NA,NA,NA,NA,2023,NA,"SB",2024-02-15,NA,NA,NA,NA,NA,NA,NA,NA,NA,NA,NA,NA,"N",NA,NA,0.5
2023-08-23,"WL3","3","6","V",NA,NA,"<1","1.2",1,"0.5",NA,NA,NA,NA,NA,2023,NA,"SB",2024-02-15,NA,NA,NA,NA,NA,NA,NA,NA,NA,NA,NA,NA,"Y",NA,NA,0.5
2023-08-23,"WL3","3","6","V",NA,NA,"<1","1.7",1,"0.4",NA,NA,NA,NA,NA,2023,NA,"SB",2024-02-15,NA,NA,NA,NA,NA,NA,NA,NA,NA,NA,NA,NA,"N",NA,NA,0.5
2023-08-23,"WL3","3","6","V",NA,NA,"<1","0.9",1,"0.8",NA,NA,NA,NA,NA,2023,NA,"SB",2024-02-15,NA,NA,NA,NA,NA,NA,NA,NA,NA,NA,NA,NA,"N",NA,NA,0.5
2023-08-23,"WL3","3","6","V",NA,NA,"<1","1.1",1,"0.3",NA,NA,NA,NA,NA,2023,NA,"SB",2024-02-15,NA,NA,NA,NA,NA,NA,NA,NA,NA,NA,NA,NA,"Y",NA,NA,0.5
2023-08-23,"WL3","3","6","V",NA,NA,"<1","1.5",1,"0.5",NA,NA,NA,NA,NA,2023,NA,"SB",2024-02-15,NA,NA,NA,NA,NA,NA,NA,NA,NA,NA,NA,NA,"N",NA,NA,0.5
2023-08-23,"WL3","3","6","V",NA,NA,"<1","1.4",1,"0.8",NA,NA,NA,NA,NA,2023,NA,"SB",2024-02-15,NA,NA,NA,NA,NA,NA,NA,NA,NA,NA,NA,NA,"N",NA,NA,0.5
2023-08-23,"WL3","3","6","V",NA,NA,"<1","1.4",1,"0.2",NA,NA,NA,NA,NA,2023,NA,"SB",2024-02-15,NA,NA,NA,NA,NA,NA,NA,NA,NA,NA,NA,NA,"N",NA,NA,0.5
2023-08-23,"WL3","3","6","V",NA,NA,"<1","1.3",1,"0.4",NA,NA,NA,NA,NA,2023,NA,"SB",2024-02-15,NA,NA,NA,NA,NA,NA,NA,NA,NA,NA,NA,NA,"N",NA,NA,0.5
2023-08-23,"WL3","3","6","V",NA,NA,"<1","1.5",1,"0.7",NA,NA,NA,NA,NA,2023,NA,"SB",2024-02-15,NA,NA,NA,NA,NA,NA,NA,NA,NA,NA,NA,NA,"N",NA,NA,0.5
2023-08-23,"WL3","3","6","V",NA,NA,"<1","1.5",1,"0.8",NA,NA,NA,NA,NA,2023,NA,"SB",2024-02-15,NA,NA,NA,NA,NA,NA,NA,NA,NA,NA,NA,NA,"Y",NA,NA,0.5
2023-08-23,"WL3","3","6","V",NA,NA,"<1","1.9",1,"0.6",NA,NA,NA,NA,NA,2023,NA,"SB",2024-02-15,NA,NA,NA,NA,NA,NA,NA,NA,NA,NA,NA,NA,"N",NA,NA,0.5
2023-08-23,"WL3","3","6","V",NA,NA,"<1","1.7",1,"0.2",NA,NA,NA,NA,NA,2023,NA,"SB",2024-02-15,NA,NA,NA,NA,NA,NA,NA,NA,NA,NA,NA,NA,"N",NA,NA,0.5
2023-08-23,"WL3","3","6","V",NA,NA,"<1","0.8",1,"0.6",NA,NA,NA,NA,NA,2023,NA,"SB",2024-02-15,NA,NA,NA,NA,NA,NA,NA,NA,NA,NA,NA,NA,"N",NA,NA,0.5
2023-08-23,"WL3","3","6","V",NA,NA,"<1","1.5",1,"0.7",NA,NA,NA,NA,NA,2023,NA,"SB",2024-02-15,NA,NA,NA,NA,NA,NA,NA,NA,NA,NA,NA,NA,"N",NA,NA,0.5
2023-08-23,"WL3","3","6","V",NA,NA,"<1","0.8",1,"0.3",NA,NA,NA,NA,NA,2023,NA,"SB",2024-02-15,NA,NA,NA,NA,NA,NA,NA,NA,NA,NA,NA,NA,"N",NA,NA,0.5
2023-08-23,"WL3","3","6","V",NA,NA,"<1","0.7",1,"0.4",NA,NA,NA,NA,NA,2023,NA,"SB",2024-02-15,NA,NA,NA,NA,NA,NA,NA,NA,NA,NA,NA,NA,"N",NA,NA,0.5
2023-08-23,"WL3","3","6","V",NA,NA,"<1","1.2",1,"0.5",NA,NA,NA,NA,NA,2023,NA,"SB",2024-02-15,NA,NA,NA,NA,NA,NA,NA,NA,NA,NA,NA,NA,"N",NA,NA,0.5
2023-08-23,"WL3","3","6","V",NA,NA,"<1","1.0",1,"0.6",NA,NA,NA,NA,NA,2023,NA,"SB",2024-02-15,NA,NA,NA,NA,NA,NA,NA,NA,NA,NA,NA,NA,"N",NA,NA,0.5
2023-08-23,"WL3","3","6","V",NA,NA,"<1","0.5",1,"0.3",NA,NA,NA,NA,NA,2023,NA,"SB",2024-02-15,NA,NA,NA,NA,NA,NA,NA,NA,NA,NA,NA,NA,"Y",NA,NA,0.5
2023-08-23,"WL3","3","6","V",NA,NA,"<1","1.4",1,"0.4",NA,NA,NA,NA,NA,2023,NA,"SB",2024-02-15,NA,NA,NA,NA,NA,NA,NA,NA,NA,NA,NA,NA,"N",NA,NA,0.5
2023-08-23,"WL3","3","6","V",NA,NA,"<1","1.1",1,"0.5",NA,NA,NA,NA,NA,2023,NA,"SB",2024-02-15,NA,NA,NA,NA,NA,NA,NA,NA,NA,NA,NA,NA,"N",NA,NA,0.5
2023-08-23,"WL3","3","6","V",NA,NA,"<1","1.0",1,"0.5",NA,NA,NA,NA,NA,2023,NA,"SB",2024-02-15,NA,NA,NA,NA,NA,NA,NA,NA,NA,NA,NA,NA,"N",NA,NA,0.5
2023-08-23,"WL3","3","6","V",NA,NA,"<1","0.9",1,"0.9",NA,NA,NA,NA,NA,2023,NA,"SB",2024-02-15,NA,NA,NA,NA,NA,NA,NA,NA,NA,NA,NA,NA,"N",NA,NA,0.5
2023-08-23,"WL3","3","6","V",NA,NA,"<1","1.1",1,"0.3",NA,NA,NA,NA,NA,2023,NA,"SB",2024-02-15,NA,NA,NA,NA,NA,NA,NA,NA,NA,NA,NA,NA,"Y",NA,NA,0.5
2023-08-23,"WL3","3","6","V",NA,NA,"<1","1.2",1,"0.2",NA,NA,NA,NA,NA,2023,NA,"SB",2024-02-15,NA,NA,NA,NA,NA,NA,NA,NA,NA,NA,NA,NA,"Y",NA,NA,0.5
2023-08-23,"WL3","3","6","V",NA,NA,"<1","1.0",1,"0.7",NA,NA,NA,NA,NA,2023,NA,"SB",2024-02-15,NA,NA,NA,NA,NA,NA,NA,NA,NA,NA,NA,NA,"Y",NA,NA,0.5
2023-08-23,"WL3","3","6","V",NA,NA,"<1","0.8",1,"0.6",NA,NA,NA,NA,NA,2023,NA,"SB",2024-02-15,NA,NA,NA,NA,NA,NA,NA,NA,NA,NA,NA,NA,"N",NA,NA,0.5
2023-08-23,"WL3","3","6","V",NA,NA,"<1","1.1",1,"0.3",NA,NA,NA,NA,NA,2023,NA,"SB",2024-02-15,NA,NA,NA,NA,NA,NA,NA,NA,NA,NA,NA,NA,"N",NA,NA,0.5
2023-08-23,"WL3","3","6","V",NA,NA,"<1","0.7",1,"0.3",NA,NA,NA,NA,NA,2023,NA,"SB",2024-02-15,NA,NA,NA,NA,NA,NA,NA,NA,NA,NA,NA,NA,"N",NA,NA,0.5
2023-08-23,"WL3","3","6","V",NA,NA,"<1","0.6",1,"0.5",NA,NA,NA,NA,NA,2023,NA,"SB",2024-02-15,NA,NA,NA,NA,NA,NA,NA,NA,NA,NA,NA,NA,"N",NA,NA,0.5
2023-08-23,"WL3","3","6","V",NA,NA,"<1","1.0",1,"0.6",NA,NA,NA,NA,NA,2023,NA,"SB",2024-02-15,NA,NA,NA,NA,NA,NA,NA,NA,NA,NA,NA,NA,"N",NA,NA,0.5
2023-08-23,"WL3","3","6","V",NA,NA,"<1","0.6",1,"0.4",NA,NA,NA,NA,NA,2023,NA,"SB",2024-02-15,NA,NA,NA,NA,NA,NA,NA,NA,NA,NA,NA,NA,"N",NA,NA,0.5
2023-08-23,"WL3","3","6","V",NA,NA,"<1","1.2",1,"1.2",NA,NA,NA,NA,NA,2023,NA,"SB",2024-02-15,NA,NA,NA,NA,NA,NA,NA,NA,NA,NA,NA,NA,"N",NA,NA,0.5
2023-08-23,"WL3","3","6","V",NA,NA,"<1","1.7",1,"0.6",NA,NA,NA,NA,NA,2023,NA,"SB",2024-02-15,NA,NA,NA,NA,NA,NA,NA,NA,NA,NA,NA,NA,"N",NA,NA,0.5
2023-08-23,"WL3","3","6.5","V",6,6,"0.85","0.8",1,"0.6",NA,NA,NA,NA,NA,2023,NA,"SB",2024-02-15,NA,NA,NA,NA,NA,"red",647,NA,NA,NA,NA,NA,"Y",NA,NA,0.5
2023-08-23,"WL3","3","6.5","V",16,10,"0.53","0.9",1,"0.6",NA,NA,NA,NA,NA,2023,NA,"SB",2024-02-15,NA,NA,NA,NA,NA,"red",617,NA,NA,NA,NA,NA,"N",NA,NA,0.5
2023-08-23,"WL3","3","6.5","V",10,30,"0.82","1.0",1,"0.6",NA,NA,NA,NA,NA,2023,NA,"SB",2024-02-15,NA,NA,NA,NA,NA,"red",660,NA,NA,NA,NA,NA,"N",NA,NA,0.5
2023-08-23,"WL3","3","6.5","V",18,30,"0.55","0.9",1,"0.4",NA,NA,NA,NA,NA,2023,NA,"SB",2024-02-15,NA,NA,NA,NA,NA,"red",667,NA,NA,NA,NA,NA,"Y",NA,NA,0.5
2023-08-23,"WL3","3","6.5","V",20,34,"0.63","1.3",2,"0.7",NA,NA,NA,NA,NA,2023,NA,"SB",2024-02-15,NA,NA,NA,NA,NA,"red",643,NA,NA,NA,NA,NA,"N",NA,NA,0.5
2023-08-23,"WL3","3","6.5","V",27,31,"0.57","0.8",1,"0.6",NA,NA,NA,NA,NA,2023,NA,"SB",2024-02-15,NA,NA,NA,NA,NA,"red",631,NA,NA,NA,NA,NA,"N",NA,NA,0.5
2023-08-23,"WL3","3","6.5","V",39,42,"0.6","1.5",1,"1.1",NA,NA,NA,NA,NA,2023,NA,"SB",2024-02-15,NA,NA,NA,NA,NA,"red",615,NA,NA,NA,NA,NA,"N",NA,NA,0.5
2023-08-23,"WL3","3","6.5","V",24,41,"0.38","1.3",1,"0.7",NA,NA,NA,NA,NA,2023,NA,"SB",2024-02-15,NA,NA,NA,NA,NA,"red",648,NA,NA,NA,NA,NA,"Y",NA,NA,0.5
2023-08-23,"WL3","3","6.5","V",25,37,"0.52","1.1",1,"0.5",NA,NA,NA,NA,NA,2023,NA,"SB",2024-02-15,NA,NA,NA,NA,NA,"red",662,NA,NA,NA,NA,NA,"N",NA,NA,0.5
2023-08-23,"WL3","3","6.5","V",4,48,"0.47","1.1",1,"0.7",NA,NA,NA,NA,NA,2023,NA,"SB",2024-02-15,NA,NA,NA,NA,NA,"red",663,NA,NA,NA,NA,NA,"Y",NA,NA,0.5
2023-08-23,"WL3","3","6.5","V",NA,NA,"<1","0.7",1,"0.4",NA,NA,NA,NA,NA,2023,NA,"SB",2024-02-15,NA,NA,NA,NA,NA,NA,NA,NA,NA,NA,NA,NA,"Y",NA,NA,0.5
2023-08-23,"WL3","3","6.5","V",NA,NA,"<1","0.6",1,"0.4",NA,NA,NA,NA,NA,2023,NA,"SB",2024-02-15,NA,NA,NA,NA,NA,NA,NA,NA,NA,NA,NA,NA,"Y",NA,NA,0.5
2023-08-23,"WL3","3","6.5","V",NA,NA,"<1","0.6",1,"0.3",NA,NA,NA,NA,NA,2023,NA,"SB",2024-02-15,NA,NA,NA,NA,NA,NA,NA,NA,NA,NA,NA,NA,"N",NA,NA,0.5
2023-08-23,"WL3","3","6.5","V",NA,NA,"<1","1.1",1,"0.2",NA,NA,NA,NA,NA,2023,NA,"SB",2024-02-15,NA,NA,NA,NA,NA,NA,NA,NA,NA,NA,NA,NA,"Y",NA,NA,0.5
2023-08-23,"WL3","3","6.5","V",NA,NA,"<1","0.8",1,"0.3",NA,NA,NA,NA,NA,2023,NA,"SB",2024-02-15,NA,NA,NA,NA,NA,NA,NA,NA,NA,NA,NA,NA,"N",NA,NA,0.5
2023-08-23,"WL3","3","6.5","V",NA,NA,"<1","0.5",1,"0.2",NA,NA,NA,NA,NA,2023,NA,"SB",2024-02-15,NA,NA,NA,NA,NA,NA,NA,NA,NA,NA,NA,NA,"Y",NA,NA,0.5
2023-08-23,"WL3","3","6.5","V",NA,NA,"<1","1.1",1,"0.6",NA,NA,NA,NA,NA,2023,NA,"SB",2024-02-15,NA,NA,NA,NA,NA,NA,NA,NA,NA,NA,NA,NA,"N",NA,NA,0.5
2023-08-23,"WL3","3","6.5","V",NA,NA,"<1","0.7",1,"0.5",NA,NA,NA,NA,NA,2023,NA,"SB",2024-02-15,NA,NA,NA,NA,NA,NA,NA,NA,NA,NA,NA,NA,"N",NA,NA,0.5
2023-08-23,"WL3","3","6.5","V",NA,NA,"<1","0.5",1,"0.4",NA,NA,NA,NA,NA,2023,NA,"SB",2024-02-15,NA,NA,NA,NA,NA,NA,NA,NA,NA,NA,NA,NA,"Y",NA,NA,0.5
2023-08-23,"WL3","3","6.5","V",NA,NA,"<1","1.0",1,"0.4",NA,NA,NA,NA,NA,2023,NA,"SB",2024-02-15,NA,NA,NA,NA,NA,NA,NA,NA,NA,NA,NA,NA,"N",NA,NA,0.5
2023-08-23,"WL3","3","6.5","V",NA,NA,"<1","0.8",1,"0.6",NA,NA,NA,NA,NA,2023,NA,"SB",2024-02-15,NA,NA,NA,NA,NA,NA,NA,NA,NA,NA,NA,NA,"Y",NA,NA,0.5
2023-08-23,"WL3","3","6.5","V",NA,NA,"<1","0.9",1,"0.5",NA,NA,NA,NA,NA,2023,NA,"SB",2024-02-15,NA,NA,NA,NA,NA,NA,NA,NA,NA,NA,NA,NA,"N",NA,NA,0.5
2023-08-23,"WL3","3","6.5","V",NA,NA,"<1","0.5",1,"0.3",NA,NA,NA,NA,NA,2023,NA,"SB",2024-02-15,NA,NA,NA,NA,NA,NA,NA,NA,NA,NA,NA,NA,"Y",NA,NA,0.5
2023-08-23,"WL3","3","6.5","V",NA,NA,"<1","0.8",1,"0.7",NA,NA,NA,NA,NA,2023,NA,"SB",2024-02-15,NA,NA,NA,NA,NA,NA,NA,NA,NA,NA,NA,NA,"Y",NA,NA,0.5
2023-08-23,"WL3","3","6.5","V",NA,NA,"<1","0.7",1,"0.3",NA,NA,NA,NA,NA,2023,NA,"SB",2024-02-15,NA,NA,NA,NA,NA,NA,NA,NA,NA,NA,NA,NA,"Y",NA,NA,0.5
2023-08-23,"WL3","3","6.5","V",NA,NA,"<1","0.9",1,"0.4",NA,NA,NA,NA,NA,2023,NA,"SB",2024-02-15,NA,NA,NA,NA,NA,NA,NA,NA,NA,NA,NA,NA,"N",NA,NA,0.5
2023-08-23,"WL3","3","6.5","V",NA,NA,"<1","1.4",1,"0.7",NA,NA,NA,NA,NA,2023,NA,"SB",2024-02-15,NA,NA,NA,NA,NA,NA,NA,NA,NA,NA,NA,NA,"N",NA,NA,0.5
2023-08-23,"WL3","3","6.5","V",NA,NA,"<1","0.6",1,"0.3",NA,NA,NA,NA,NA,2023,NA,"SB",2024-02-15,NA,NA,NA,NA,NA,NA,NA,NA,NA,NA,NA,NA,"N",NA,NA,0.5
2023-08-23,"WL3","3","6.5","V",NA,NA,"<1","0.7",1,"0.3",NA,NA,NA,NA,NA,2023,NA,"SB",2024-02-15,NA,NA,NA,NA,NA,NA,NA,NA,NA,NA,NA,NA,"N",NA,NA,0.5
2023-08-23,"WL3","3","6.5","V",NA,NA,"<1","1.0",1,"0.6",NA,NA,NA,NA,NA,2023,NA,"SB",2024-02-15,NA,NA,NA,NA,NA,NA,NA,NA,NA,NA,NA,NA,"N",NA,NA,0.5
2023-08-23,"WL3","3","6.5","V",NA,NA,"<1","0.6",1,"0.8",NA,NA,NA,NA,NA,2023,NA,"SB",2024-02-15,NA,NA,NA,NA,NA,NA,NA,NA,NA,NA,NA,NA,"N",NA,NA,0.5
2023-08-23,"WL3","3","6.5","V",NA,NA,"<1","1.3",1,"0.7",NA,NA,NA,NA,NA,2023,NA,"SB",2024-02-15,NA,NA,NA,NA,NA,NA,NA,NA,NA,NA,NA,NA,"N",NA,NA,0.5
2023-08-23,"WL3","3","6.5","V",NA,NA,"<1","1.2",1,"0.7",NA,NA,NA,NA,NA,2023,NA,"SB",2024-02-15,NA,NA,NA,NA,NA,NA,NA,NA,NA,NA,NA,NA,"N",NA,NA,0.5
2023-08-23,"WL3","3","6.5","V",NA,NA,"<1","1.0",1,"0.6",NA,NA,NA,NA,NA,2023,NA,"SB",2024-02-15,NA,NA,NA,NA,NA,NA,NA,NA,NA,NA,NA,NA,"N",NA,NA,0.5
2023-08-23,"WL3","3","6.5","V",NA,NA,"<1","0.8",1,"0.3",NA,NA,NA,NA,NA,2023,NA,"SB",2024-02-15,NA,NA,NA,NA,NA,NA,NA,NA,NA,NA,NA,NA,"N",NA,NA,0.5
2023-08-23,"WL3","3","6.5","V",NA,NA,"<1","0.8",1,"0.7",NA,NA,NA,NA,NA,2023,NA,"SB",2024-02-15,NA,NA,NA,NA,NA,NA,NA,NA,NA,NA,NA,NA,"Y",NA,NA,0.5
2023-08-23,"WL3","3","6.5","V",NA,NA,"<1","0.7",1,"0.7",NA,NA,NA,NA,NA,2023,NA,"SB",2024-02-15,NA,NA,NA,NA,NA,NA,NA,NA,NA,NA,NA,NA,"Y",NA,NA,0.5
2023-08-23,"WL3","3","6.5","V",NA,NA,"<1","0.6",1,"0.3",NA,NA,NA,NA,NA,2023,NA,"SB",2024-02-15,NA,NA,NA,NA,NA,NA,NA,NA,NA,NA,NA,NA,"N",NA,NA,0.5
2023-08-23,"WL3","3","6.5","V",NA,NA,"<1","0.5",1,"0.3",NA,NA,NA,NA,NA,2023,NA,"SB",2024-02-15,NA,NA,NA,NA,NA,NA,NA,NA,NA,NA,NA,NA,"Y",NA,NA,0.5
2023-08-23,"WL3","3","6.5","V",NA,NA,"<1","1.4",1,"0.7",NA,NA,NA,NA,NA,2023,NA,"SB",2024-02-15,NA,NA,NA,NA,NA,NA,NA,NA,NA,NA,NA,NA,"N",NA,NA,0.5
2023-08-23,"WL3","3","6.5","V",NA,NA,"<1","1.3",1,"0.6",NA,NA,NA,NA,NA,2023,NA,"SB",2024-02-15,NA,NA,NA,NA,NA,NA,NA,NA,NA,NA,NA,NA,"N",NA,NA,0.5
2023-08-23,"WL3","3","6.5","V",NA,NA,"<1","1.3",1,"0.5",NA,NA,NA,NA,NA,2023,NA,"SB",2024-02-15,NA,NA,NA,NA,NA,NA,NA,NA,NA,NA,NA,NA,"Y",NA,NA,0.5
2023-08-23,"WL3","3","6.5","V",NA,NA,"<1","0.8",1,"0.5",NA,NA,NA,NA,NA,2023,NA,"SB",2024-02-15,NA,NA,NA,NA,NA,NA,NA,NA,NA,NA,NA,NA,"N",NA,NA,0.5
2023-08-23,"WL3","3","6.5","V",NA,NA,"<1","0.7",1,"0.3",NA,NA,NA,NA,NA,2023,NA,"SB",2024-02-15,NA,NA,NA,NA,NA,NA,NA,NA,NA,NA,NA,NA,"N",NA,NA,0.5
2023-08-23,"WL3","3","6.5","V",NA,NA,"<1","0.9",1,"0.4",NA,NA,NA,NA,NA,2023,NA,"SB",2024-02-15,NA,NA,NA,NA,NA,NA,NA,NA,NA,NA,NA,NA,"N",NA,NA,0.5
2023-08-23,"WL3","3","6.5","V",NA,NA,"<1","0.6",1,"0.3",NA,NA,NA,NA,NA,2023,NA,"SB",2024-02-15,NA,NA,NA,NA,NA,NA,NA,NA,NA,NA,NA,NA,"N",NA,NA,0.5
2023-08-23,"WL3","3","7","V",20,43,"0.42","2.1",1,"0.6",NA,NA,NA,NA,NA,2023,NA,"SB",2024-02-15,NA,NA,NA,NA,NA,"red",693,NA,NA,NA,NA,NA,"N",NA,NA,0.5
2023-08-23,"WL3","3","7","V",43,35,"0.44","1.4",1,"0.4",NA,NA,NA,NA,NA,2023,NA,"SB",2024-02-15,NA,NA,NA,NA,NA,"red",610,NA,NA,NA,NA,NA,"Y",NA,NA,0.5
2023-08-23,"WL3","3","8","P",47,4,"1.91","20.3",4,NA,"0.0","21.0",3.2,4,NA,2023,NA,"SB",2024-02-15,NA,NA,NA,NA,NA,"red",637,NA,NA,NA,NA,NA,"Y",NA,NA,1.91
2023-08-23,"WL3","3","8.5","P",38,48,"1.39","15.6",1,NA,"0.0","20.0",3.8,1,NA,2023,NA,"SB",2024-02-15,NA,NA,NA,NA,NA,"red",687,NA,NA,NA,NA,NA,"Y",NA,NA,1.39
2023-08-23,"WL3","3","9","V",15,47,"0.51","1.7",1,"0.7",NA,NA,NA,NA,NA,2023,NA,"SB",2024-02-15,NA,NA,NA,NA,NA,"red",649,NA,NA,NA,NA,NA,"Y",NA,NA,0.5
2023-08-17,"WL3","4","2","X",40,49,NA,NA,NA,NA,NA,NA,NA,NA,"gone",2023,NA,"SB",2024-02-15,NA,NA,NA,NA,NA,"white",586,NA,NA,NA,NA,NA,NA,NA,NA,NA
2023-08-17,"WL3","4","2.5","X",7,24,NA,NA,NA,NA,NA,NA,NA,NA,"gone",2023,NA,"SB",2024-02-15,NA,NA,NA,NA,NA,"white",132,NA,NA,NA,NA,NA,NA,NA,NA,NA
2023-08-17,"WL3","4","3",NA,27,3,NA,NA,NA,NA,NA,NA,NA,NA,"band missing",2023,NA,"SB",2024-02-15,NA,NA,NA,NA,NA,"white",143,NA,NA,NA,NA,NA,NA,NA,NA,NA
2023-08-17,"WL3","4","3","X",39,46,NA,NA,NA,NA,NA,NA,NA,NA,"gone",2023,NA,"SB",2024-02-15,NA,NA,NA,NA,NA,"white",94,NA,NA,NA,NA,NA,NA,NA,NA,NA
2023-08-17,"WL3","4","3.5",NA,11,20,NA,NA,NA,NA,NA,NA,NA,NA,"band missing",2023,NA,"SB",2024-02-15,NA,NA,NA,NA,NA,"white",110,NA,NA,NA,NA,NA,NA,NA,NA,NA
2023-08-17,"WL3","4","5","X",30,45,NA,NA,NA,NA,NA,NA,NA,NA,"gone",2023,NA,"SB",2024-02-15,NA,NA,NA,NA,NA,"blue",54,NA,NA,NA,NA,NA,NA,NA,NA,NA
2023-08-17,"WL3","4","5","X",3,39,NA,NA,NA,NA,NA,NA,NA,NA,"gone",2023,NA,"SB",2024-02-15,NA,NA,NA,NA,NA,"purple",834,NA,NA,NA,NA,NA,NA,NA,NA,NA
2023-08-17,"WL3","4","5","P",30,15,"2.21","27.1",1,NA,"2.0","38.0",6.5,1,NA,2023,NA,"SB",2024-02-15,NA,NA,NA,NA,NA,"white",780,NA,NA,NA,NA,NA,"N",NA,NA,2.21
2023-08-17,"WL3","4","5",NA,35,25,NA,NA,NA,NA,NA,NA,NA,NA,"band missing",2023,NA,"SB",2024-02-15,NA,NA,NA,NA,NA,"white",150,NA,NA,NA,NA,NA,NA,NA,NA,NA
2023-08-17,"WL3","4","5.5",NA,15,26,NA,NA,NA,NA,NA,NA,NA,NA,"band missing",2023,NA,"SB",2024-02-15,NA,NA,NA,NA,NA,"blue",18,NA,NA,NA,NA,NA,NA,NA,NA,NA
2023-08-17,"WL3","4","5.5","P",30,40,"4.43","21.3",4,NA,"2.0","46.0",5.6,3,NA,2023,NA,"SB",2024-02-15,NA,NA,NA,NA,NA,"orange",49,NA,NA,NA,NA,NA,"N",NA,NA,4.43
2023-08-17,"WL3","4","5.5","X",15,13,NA,NA,NA,NA,NA,NA,NA,NA,"gone",2023,NA,"SB",2024-02-15,NA,NA,NA,NA,NA,"white",231,NA,NA,NA,NA,NA,NA,NA,NA,NA
2023-08-17,"WL3","4","5.5",NA,7,31,NA,NA,NA,NA,NA,NA,NA,NA,"band missing",2023,NA,"SB",2024-02-15,NA,NA,NA,NA,NA,"white",344,NA,NA,NA,NA,NA,NA,NA,NA,NA
2023-08-17,"WL3","4","6","P",3,13,"1.66","14.4",1,NA,"0.0","11.0",2.9,1,NA,2023,NA,"SB",2024-02-15,NA,NA,NA,NA,NA,"white",15,NA,NA,NA,NA,NA,"N",NA,NA,1.66
2023-08-17,"WL3","4","6.5","X",30,49,NA,NA,NA,NA,NA,NA,NA,NA,"gone",2023,NA,"SB",2024-02-15,NA,NA,NA,NA,NA,"white",161,NA,NA,NA,NA,NA,NA,NA,NA,NA
2023-08-17,"WL3","4","7",NA,50,40,NA,NA,NA,NA,NA,NA,NA,NA,"band missing",2023,NA,"SB",2024-02-15,NA,NA,NA,NA,NA,"white",270,NA,NA,NA,NA,NA,NA,NA,NA,NA
2023-08-17,"WL3","4","8",NA,5,20,NA,NA,NA,NA,NA,NA,NA,NA,"band missing",2023,NA,"SB",2024-02-15,NA,NA,NA,NA,NA,"orange",97,NA,NA,NA,NA,NA,NA,NA,NA,NA
2023-08-17,"WL3","4","8","X",24,45,NA,NA,NA,NA,NA,NA,NA,NA,"gone",2023,NA,"SB",2024-02-15,NA,NA,NA,NA,NA,"white",550,NA,NA,NA,NA,NA,NA,NA,NA,NA
2023-08-17,"WL3","4","8.5","X",38,47,NA,NA,NA,NA,NA,NA,NA,NA,"gone",2023,NA,"SB",2024-02-15,NA,NA,NA,NA,NA,"blue",23,NA,NA,NA,NA,NA,NA,NA,NA,NA
2023-08-17,"WL3","4","8",NA,NA,NA,NA,NA,NA,NA,NA,NA,NA,NA,"found; no plant",2023,NA,"SB",2024-02-15,NA,NA,NA,NA,NA,"white",319,NA,NA,NA,NA,NA,NA,NA,NA,NA
2023-08-17,"WL3","4","2","V",35,16,"0.31","0.6",1,"0.4",NA,NA,NA,NA,NA,2023,NA,"SB",2024-02-15,NA,NA,NA,NA,NA,"red",734,NA,NA,NA,NA,NA,"N",NA,NA,0.5
2023-08-17,"WL3","4","2","P",39,47,"0.81","7.5",2,NA,"0.0","4.0",2.2,2,NA,2023,NA,"SB",2024-02-15,NA,NA,NA,NA,NA,"red",854,NA,NA,NA,NA,NA,"N",NA,NA,0.5
2023-08-17,"WL3","4","3","P",4,5,"0.99","11.2",1,NA,"1.0","6.0",5.1,1,NA,2023,NA,"SB",2024-02-15,NA,NA,NA,NA,NA,"red",855,NA,NA,NA,NA,NA,"N",NA,NA,0.5
2023-08-17,"WL3","4","3","V",34,29,"0.31","1.1",1,"0.6",NA,NA,NA,NA,NA,2023,NA,"SB",2024-02-15,NA,NA,NA,NA,NA,"red",836,NA,NA,NA,NA,NA,"Y",NA,NA,0.5
2023-08-17,"WL3","4","3.5","V",22,29,"0.84","1.2",3,"0.4",NA,NA,NA,NA,NA,2023,NA,"SB",2024-02-15,NA,NA,NA,NA,NA,"red",722,NA,NA,NA,NA,NA,"N",NA,NA,0.5
2023-08-17,"WL3","4","3.5","V",39,3,"0.67","1.4",2,"0.8",NA,NA,NA,NA,NA,2023,NA,"SB",2024-02-15,NA,NA,NA,NA,NA,"red",885,NA,NA,NA,NA,NA,"Y",NA,NA,0.5
2023-08-17,"WL3","4","4.5","V",50,13,"0.48","1.6",1,"0.8",NA,NA,NA,NA,NA,2023,NA,"SY",2024-02-21,NA,NA,NA,NA,NA,"red",860,NA,NA,NA,NA,NA,"N",NA,NA,0.5
2023-08-17,"WL3","4","4.5","V",46,10,"0.37","2.3",1,"0.4",NA,NA,NA,NA,NA,2023,NA,"SY",2024-02-21,NA,NA,NA,NA,NA,"red",844,NA,NA,NA,NA,NA,"N",NA,NA,0.5
2023-08-17,"WL3","4","4.5","V",19,27,"0.56","2.0",1,"0.4",NA,NA,NA,NA,NA,2023,NA,"SY",2024-02-21,NA,NA,NA,NA,NA,"red",736,NA,NA,NA,NA,NA,"N",NA,NA,0.5
2023-08-17,"WL3","4","4.5","V",7,41,"0.56","2.4",1,"1.2",NA,NA,NA,NA,NA,2023,NA,"SY",2024-02-21,NA,NA,NA,NA,NA,"red",873,NA,NA,NA,NA,NA,"N",NA,NA,0.5
2023-08-17,"WL3","4","4.5","V",50,37,"0.62","2.5",1,"1.2",NA,NA,NA,NA,NA,2023,NA,"SY",2024-02-21,NA,NA,NA,NA,NA,"red",870,NA,NA,NA,NA,NA,"N",NA,NA,0.5
2023-08-17,"WL3","4","4.5","V",49,44,"0.4","2.3",1,"1.2",NA,NA,NA,NA,NA,2023,NA,"SY",2024-02-21,NA,NA,NA,NA,NA,"red",700,NA,NA,NA,NA,NA,"N",NA,NA,0.5
2023-08-17,"WL3","4","5","V",35,35,"0.75","2.0",1,"1.6",NA,NA,NA,NA,NA,2023,NA,"SY",2024-02-21,NA,NA,NA,NA,NA,"red",746,NA,NA,NA,NA,NA,"N",NA,NA,0.5
2023-08-17,"WL3","4","5","V",39,48,"0.69","2.4",1,"1.8",NA,NA,NA,NA,NA,2023,NA,"SY",2024-02-21,NA,NA,NA,NA,NA,"red",706,NA,NA,NA,NA,NA,"N",NA,NA,0.5
2023-08-17,"WL3","4","5","V",10,15,"0.47","1.6",1,"0.9",NA,NA,NA,NA,NA,2023,NA,"SY",2024-02-21,NA,NA,NA,NA,NA,"red",862,NA,NA,NA,NA,NA,"N",NA,NA,0.5
2023-08-17,"WL3","4","5","V",5,37,"0.92","2.4",1,"1.3",NA,NA,NA,NA,NA,2023,NA,"SY",2024-02-21,NA,NA,NA,NA,NA,"red",740,NA,NA,NA,NA,NA,"Y",NA,NA,0.5
2023-08-17,"WL3","4","5","V",36,28,"0.56","1.9",1,"1.5",NA,NA,NA,NA,NA,2023,NA,"SY",2024-02-21,NA,NA,NA,NA,NA,"red",858,NA,NA,NA,NA,NA,"Y",NA,NA,0.5
2023-08-17,"WL3","4","5","V",27,20,"0.52","1.5",1,"1.0",NA,NA,NA,NA,NA,2023,NA,"SY",2024-02-21,NA,NA,NA,NA,NA,"red",705,NA,NA,NA,NA,NA,"N",NA,NA,0.5
2023-08-17,"WL3","4","5","V",27,47,"0.67","2.3",1,"1.8",NA,NA,NA,NA,NA,2023,NA,"SY",2024-02-21,NA,NA,NA,NA,NA,"red",895,NA,NA,NA,NA,NA,"N",NA,NA,0.5
2023-08-17,"WL3","4","5","V",30,38,"0.54","1.4",1,"1.3",NA,NA,NA,NA,NA,2023,NA,"SY",2024-02-21,NA,NA,NA,NA,NA,"red",843,NA,NA,NA,NA,NA,"Y",NA,NA,0.5
2023-08-17,"WL3","4","5","V",10,38,"0.51","2.4",1,"1.0",NA,NA,NA,NA,NA,2023,NA,"SY",2024-02-21,NA,NA,NA,NA,NA,"red",641,NA,NA,NA,NA,NA,"N",NA,NA,0.5
2023-08-17,"WL3","4","5","V",34,32,"0.5","2.5",1,"1.9",NA,NA,NA,NA,NA,2023,NA,"SY",2024-02-21,NA,NA,NA,NA,NA,"red",646,NA,NA,NA,NA,NA,"N",NA,NA,0.5
2023-08-17,"WL3","4","5","V",NA,NA,"<1","1.5",1,"0.9",NA,NA,NA,NA,NA,2023,NA,"SY",2024-02-21,NA,NA,NA,NA,NA,NA,NA,NA,NA,NA,NA,NA,"N",NA,NA,0.5
2023-08-17,"WL3","4","5","V",NA,NA,"<1","1.4",1,"0.7",NA,NA,NA,NA,NA,2023,NA,"SY",2024-02-21,NA,NA,NA,NA,NA,NA,NA,NA,NA,NA,NA,NA,"N",NA,NA,0.5
2023-08-17,"WL3","4","5","V",NA,NA,"<1","1.8",1,"0.8",NA,NA,NA,NA,NA,2023,NA,"SY",2024-02-21,NA,NA,NA,NA,NA,NA,NA,NA,NA,NA,NA,NA,"N",NA,NA,0.5
2023-08-17,"WL3","4","5","V",NA,NA,"<1","1.7",1,"1.1",NA,NA,NA,NA,NA,2023,NA,"SY",2024-02-21,NA,NA,NA,NA,NA,NA,NA,NA,NA,NA,NA,NA,"N",NA,NA,0.5
2023-08-17,"WL3","4","5","V",NA,NA,"<1","1.2",1,"0.5",NA,NA,NA,NA,NA,2023,NA,"SY",2024-02-21,NA,NA,NA,NA,NA,NA,NA,NA,NA,NA,NA,NA,"N",NA,NA,0.5
2023-08-17,"WL3","4","5","V",NA,NA,"<1","1.8",1,"0.6",NA,NA,NA,NA,NA,2023,NA,"SY",2024-02-21,NA,NA,NA,NA,NA,NA,NA,NA,NA,NA,NA,NA,"Y",NA,NA,0.5
2023-08-17,"WL3","4","5","V",NA,NA,"<1","1.1",1,"0.8",NA,NA,NA,NA,NA,2023,NA,"SY",2024-02-21,NA,NA,NA,NA,NA,NA,NA,NA,NA,NA,NA,NA,"N",NA,NA,0.5
2023-08-17,"WL3","4","5","V",NA,NA,"<1","1.2",1,"0.4",NA,NA,NA,NA,NA,2023,NA,"SY",2024-02-21,NA,NA,NA,NA,NA,NA,NA,NA,NA,NA,NA,NA,"N",NA,NA,0.5
2023-08-17,"WL3","4","5","V",NA,NA,"<1","1.9",1,"0.8",NA,NA,NA,NA,NA,2023,NA,"SY",2024-02-21,NA,NA,NA,NA,NA,NA,NA,NA,NA,NA,NA,NA,"N",NA,NA,0.5
2023-08-17,"WL3","4","5","V",NA,NA,"<1","1.9",1,"0.5",NA,NA,NA,NA,NA,2023,NA,"SY",2024-02-21,NA,NA,NA,NA,NA,NA,NA,NA,NA,NA,NA,NA,"N",NA,NA,0.5
2023-08-17,"WL3","4","5","V",NA,NA,"<1","1.3",1,"0.6",NA,NA,NA,NA,NA,2023,NA,"SY",2024-02-21,NA,NA,NA,NA,NA,NA,NA,NA,NA,NA,NA,NA,"N",NA,NA,0.5
2023-08-17,"WL3","4","5","V",NA,NA,"<1","1.2",1,"0.6",NA,NA,NA,NA,NA,2023,NA,"SY",2024-02-21,NA,NA,NA,NA,NA,NA,NA,NA,NA,NA,NA,NA,"N",NA,NA,0.5
2023-08-17,"WL3","4","5","V",NA,NA,"<1","1.4",1,"0.7",NA,NA,NA,NA,NA,2023,NA,"SY",2024-02-21,NA,NA,NA,NA,NA,NA,NA,NA,NA,NA,NA,NA,"N",NA,NA,0.5
2023-08-17,"WL3","4","5","V",NA,NA,"<1","1.6",1,"0.6",NA,NA,NA,NA,NA,2023,NA,"SY",2024-02-21,NA,NA,NA,NA,NA,NA,NA,NA,NA,NA,NA,NA,"Y",NA,NA,0.5
2023-08-17,"WL3","4","5","V",NA,NA,"<1","1.3",1,"1.0",NA,NA,NA,NA,NA,2023,NA,"SY",2024-02-21,NA,NA,NA,NA,NA,NA,NA,NA,NA,NA,NA,NA,"N",NA,NA,0.5
2023-08-17,"WL3","4","5","V",NA,NA,"<1","2.0",1,"0.4",NA,NA,NA,NA,NA,2023,NA,"SY",2024-02-21,NA,NA,NA,NA,NA,NA,NA,NA,NA,NA,NA,NA,"N",NA,NA,0.5
2023-08-17,"WL3","4","5","V",NA,NA,"<1","1.9",1,"0.6",NA,NA,NA,NA,NA,2023,NA,"SY",2024-02-21,NA,NA,NA,NA,NA,NA,NA,NA,NA,NA,NA,NA,"N",NA,NA,0.5
2023-08-17,"WL3","4","5","V",NA,NA,"<1","1.8",1,"0.5",NA,NA,NA,NA,NA,2023,NA,"SY",2024-02-21,NA,NA,NA,NA,NA,NA,NA,NA,NA,NA,NA,NA,"N",NA,NA,0.5
2023-08-17,"WL3","4","5","V",NA,NA,"<1","0.8",1,"0.5",NA,NA,NA,NA,NA,2023,NA,"SY",2024-02-21,NA,NA,NA,NA,NA,NA,NA,NA,NA,NA,NA,NA,"Y",NA,NA,0.5
2023-08-17,"WL3","4","5","V",NA,NA,"<1","1.2",1,"0.6",NA,NA,NA,NA,NA,2023,NA,"SY",2024-02-21,NA,NA,NA,NA,NA,NA,NA,NA,NA,NA,NA,NA,"N",NA,NA,0.5
2023-08-17,"WL3","4","5","V",NA,NA,"<1","0.9",1,"1.0",NA,NA,NA,NA,NA,2023,NA,"SY",2024-02-21,NA,NA,NA,NA,NA,NA,NA,NA,NA,NA,NA,NA,"Y",NA,NA,0.5
2023-08-17,"WL3","4","5","V",NA,NA,"<1","0.6",1,"0.6",NA,NA,NA,NA,NA,2023,NA,"SY",2024-02-21,NA,NA,NA,NA,NA,NA,NA,NA,NA,NA,NA,NA,"Y",NA,NA,0.5
2023-08-17,"WL3","4","5","V",NA,NA,"<1","1.9",1,"1.2",NA,NA,NA,NA,NA,2023,NA,"SY",2024-02-21,NA,NA,NA,NA,NA,NA,NA,NA,NA,NA,NA,NA,"Y",NA,NA,0.5
2023-08-17,"WL3","4","5","V",NA,NA,"<1","0.7",1,"0.9",NA,NA,NA,NA,NA,2023,NA,"SY",2024-02-21,NA,NA,NA,NA,NA,NA,NA,NA,NA,NA,NA,NA,"N",NA,NA,0.5
2023-08-17,"WL3","4","5","V",NA,NA,"<1","1.8",1,"1.1",NA,NA,NA,NA,NA,2023,NA,"SY",2024-02-21,NA,NA,NA,NA,NA,NA,NA,NA,NA,NA,NA,NA,"N",NA,NA,0.5
2023-08-17,"WL3","4","5","V",NA,NA,"<1","1.5",1,"0.9",NA,NA,NA,NA,NA,2023,NA,"SY",2024-02-21,NA,NA,NA,NA,NA,NA,NA,NA,NA,NA,NA,NA,"N",NA,NA,0.5
2023-08-17,"WL3","4","5","V",NA,NA,"<1","1.3",1,"1.0",NA,NA,NA,NA,NA,2023,NA,"SY",2024-02-21,NA,NA,NA,NA,NA,NA,NA,NA,NA,NA,NA,NA,"N",NA,NA,0.5
2023-08-17,"WL3","4","5","V",NA,NA,"<1","1.7",1,"0.6",NA,NA,NA,NA,NA,2023,NA,"SY",2024-02-21,NA,NA,NA,NA,NA,NA,NA,NA,NA,NA,NA,NA,"N",NA,NA,0.5
2023-08-17,"WL3","4","5","V",NA,NA,"<1","1.8",1,"1.0",NA,NA,NA,NA,NA,2023,NA,"SY",2024-02-21,NA,NA,NA,NA,NA,NA,NA,NA,NA,NA,NA,NA,"Y",NA,NA,0.5
2023-08-17,"WL3","4","5","V",NA,NA,"<1","1.0",1,"0.8",NA,NA,NA,NA,NA,2023,NA,"SY",2024-02-21,NA,NA,NA,NA,NA,NA,NA,NA,NA,NA,NA,NA,"Y",NA,NA,0.5
2023-08-17,"WL3","4","5","V",NA,NA,"<1","2.1",1,"1.4",NA,NA,NA,NA,NA,2023,NA,"SY",2024-02-21,NA,NA,NA,NA,NA,NA,NA,NA,NA,NA,NA,NA,"Y",NA,NA,0.5
2023-08-17,"WL3","4","5","V",NA,NA,"<1","1.3",1,"0.6",NA,NA,NA,NA,NA,2023,NA,"SY",2024-02-21,NA,NA,NA,NA,NA,NA,NA,NA,NA,NA,NA,NA,"N",NA,NA,0.5
2023-08-17,"WL3","4","5","V",NA,NA,"<1","1.6",1,"0.7",NA,NA,NA,NA,NA,2023,NA,"SY",2024-02-21,NA,NA,NA,NA,NA,NA,NA,NA,NA,NA,NA,NA,"N",NA,NA,0.5
2023-08-17,"WL3","4","5","V",NA,NA,"<1","1.2",1,"0.5",NA,NA,NA,NA,NA,2023,NA,"SY",2024-02-21,NA,NA,NA,NA,NA,NA,NA,NA,NA,NA,NA,NA,"N",NA,NA,0.5
2023-08-17,"WL3","4","5","V",NA,NA,"<1","2.6",1,"0.6",NA,NA,NA,NA,NA,2023,NA,"SY",2024-02-21,NA,NA,NA,NA,NA,NA,NA,NA,NA,NA,NA,NA,"Y",NA,NA,0.5
2023-08-17,"WL3","4","5","V",NA,NA,"<1","0.7",1,"0.9",NA,NA,NA,NA,NA,2023,NA,"SY",2024-02-21,NA,NA,NA,NA,NA,NA,NA,NA,NA,NA,NA,NA,"N",NA,NA,0.5
2023-08-17,"WL3","4","5","V",NA,NA,"<1","1.0",1,"1.1",NA,NA,NA,NA,NA,2023,NA,"SY",2024-02-21,NA,NA,NA,NA,NA,NA,NA,NA,NA,NA,NA,NA,"N",NA,NA,0.5
2023-08-17,"WL3","4","5","V",NA,NA,"<1","1.2",1,"0.6",NA,NA,NA,NA,NA,2023,NA,"SY",2024-02-21,NA,NA,NA,NA,NA,NA,NA,NA,NA,NA,NA,NA,"N",NA,NA,0.5
2023-08-17,"WL3","4","5","V",NA,NA,"<1","1.0",1,"0.5",NA,NA,NA,NA,NA,2023,NA,"SY",2024-02-21,NA,NA,NA,NA,NA,NA,NA,NA,NA,NA,NA,NA,"N",NA,NA,0.5
2023-08-17,"WL3","4","5","V",NA,NA,"<1","1.1",1,"0.6",NA,NA,NA,NA,NA,2023,NA,"SY",2024-02-21,NA,NA,NA,NA,NA,NA,NA,NA,NA,NA,NA,NA,"N",NA,NA,0.5
2023-08-17,"WL3","4","5","V",NA,NA,"<1","1.2",1,"0.7",NA,NA,NA,NA,NA,2023,NA,"SY",2024-02-21,NA,NA,NA,NA,NA,NA,NA,NA,NA,NA,NA,NA,"N",NA,NA,0.5
2023-08-17,"WL3","4","5","V",NA,NA,"<1","1.0",1,"0.8",NA,NA,NA,NA,NA,2023,NA,"SY",2024-02-21,NA,NA,NA,NA,NA,NA,NA,NA,NA,NA,NA,NA,"N",NA,NA,0.5
2023-08-17,"WL3","4","5","V",NA,NA,"<1","1.8",1,"0.7",NA,NA,NA,NA,NA,2023,NA,"SY",2024-02-21,NA,NA,NA,NA,NA,NA,NA,NA,NA,NA,NA,NA,"N",NA,NA,0.5
2023-08-17,"WL3","4","5","V",NA,NA,"<1","1.4",1,"0.7",NA,NA,NA,NA,NA,2023,NA,"SY",2024-02-21,NA,NA,NA,NA,NA,NA,NA,NA,NA,NA,NA,NA,"N",NA,NA,0.5
2023-08-17,"WL3","4","5","V",NA,NA,"<1","1.7",1,"0.7",NA,NA,NA,NA,NA,2023,NA,"SY",2024-02-21,NA,NA,NA,NA,NA,NA,NA,NA,NA,NA,NA,NA,"N",NA,NA,0.5
2023-08-17,"WL3","4","5","V",NA,NA,"<1","0.8",1,"0.6",NA,NA,NA,NA,NA,2023,NA,"SY",2024-02-21,NA,NA,NA,NA,NA,NA,NA,NA,NA,NA,NA,NA,"N",NA,NA,0.5
2023-08-17,"WL3","4","5","V",NA,NA,"<1","1.2",1,"0.7",NA,NA,NA,NA,NA,2023,NA,"SY",2024-02-21,NA,NA,NA,NA,NA,NA,NA,NA,NA,NA,NA,NA,"Y",NA,NA,0.5
2023-08-17,"WL3","4","5","V",NA,NA,"<1","1.1",1,"0.7",NA,NA,NA,NA,NA,2023,NA,"SY",2024-02-21,NA,NA,NA,NA,NA,NA,NA,NA,NA,NA,NA,NA,"Y",NA,NA,0.5
2023-08-17,"WL3","4","5","V",NA,NA,"<1","1.3",1,"1.1",NA,NA,NA,NA,NA,2023,NA,"SY",2024-02-21,NA,NA,NA,NA,NA,NA,NA,NA,NA,NA,NA,NA,"Y",NA,NA,0.5
2023-08-17,"WL3","4","5","V",NA,NA,"<1","1.5",1,"1.1",NA,NA,NA,NA,NA,2023,NA,"SY",2024-02-21,NA,NA,NA,NA,NA,NA,NA,NA,NA,NA,NA,NA,"N",NA,NA,0.5
2023-08-17,"WL3","4","5","V",NA,NA,"<1","1.1",1,"0.8",NA,NA,NA,NA,NA,2023,NA,"SY",2024-02-21,NA,NA,NA,NA,NA,NA,NA,NA,NA,NA,NA,NA,"N",NA,NA,0.5
2023-08-17,"WL3","4","5","V",NA,NA,"<1","1.2",1,"0.9",NA,NA,NA,NA,NA,2023,NA,"SY",2024-02-21,NA,NA,NA,NA,NA,NA,NA,NA,NA,NA,NA,NA,"Y",NA,NA,0.5
2023-08-17,"WL3","4","5","V",NA,NA,"<1","1.8",1,"1.2",NA,NA,NA,NA,NA,2023,NA,"SY",2024-02-21,NA,NA,NA,NA,NA,NA,NA,NA,NA,NA,NA,NA,"N",NA,NA,0.5
2023-08-17,"WL3","4","7.5","V",5,7,"0.61","1.6",1,"0.6",NA,NA,NA,NA,NA,2023,NA,"SY",2024-02-21,NA,NA,NA,NA,NA,"red",673,NA,NA,NA,NA,NA,"Y",NA,NA,0.5
2023-08-17,"WL3","4","7.5","V",10,10,"0.88","1.1",1,"1.1",NA,NA,NA,NA,NA,2023,NA,"SY",2024-02-21,NA,NA,NA,NA,NA,"red",658,NA,NA,NA,NA,NA,"N",NA,NA,0.5
2023-08-17,"WL3","4","7.5","V",32,18,"0.63","1.5",1,"0.6",NA,NA,NA,NA,NA,2023,NA,"SY",2024-02-21,NA,NA,NA,NA,NA,"red",688,NA,NA,NA,NA,NA,"N",NA,NA,0.5
2023-08-17,"WL3","4","7.5","V",36,33,"0.55","0.8",1,"0.6",NA,NA,NA,NA,NA,2023,NA,"SY",2024-02-21,NA,NA,NA,NA,NA,"red",690,NA,NA,NA,NA,NA,"N",NA,NA,0.5
2023-08-17,"WL3","4","7.5","V",31,31,"0.55","1.4",1,"0.6",NA,NA,NA,NA,NA,2023,NA,"SY",2024-02-21,NA,NA,NA,NA,NA,"red",691,NA,NA,NA,NA,NA,"Y",NA,NA,0.5
2023-08-17,"WL3","4","7.5","V",29,33,"0.46","0.7",1,"0.6",NA,NA,NA,NA,NA,2023,NA,"SY",2024-02-21,NA,NA,NA,NA,NA,"red",686,NA,NA,NA,NA,NA,"N",NA,NA,0.5
2023-08-17,"WL3","4","7.5","V",5,36,"0.73","1.3",1,"0.7",NA,NA,NA,NA,NA,2023,NA,"SY",2024-02-21,NA,NA,NA,NA,NA,"red",699,NA,NA,NA,NA,NA,"Y",NA,NA,0.5
2023-08-17,"WL3","4","7.5","V",30,43,"0.6","1.1",1,"0.8",NA,NA,NA,NA,NA,2023,NA,"SY",2024-02-21,NA,NA,NA,NA,NA,"red",657,NA,NA,NA,NA,NA,"Y",NA,NA,0.5
2023-08-17,"WL3","4","7.5","V",40,46,"0.7","1.8",1,"1.2",NA,NA,NA,NA,NA,2023,NA,"SY",2024-02-21,NA,NA,NA,NA,NA,"red",644,NA,NA,NA,NA,NA,"Y",NA,NA,0.5
2023-08-17,"WL3","4","7.5","V",NA,NA,"0.52","1.0",1,"0.7",NA,NA,NA,NA,NA,2023,NA,"SY",2024-02-21,NA,NA,NA,NA,NA,"red",NA,NA,NA,NA,NA,NA,"N",NA,NA,0.5
2023-08-17,"WL3","4","7","V",40,10,"0.48","1.5",1,"0.5",NA,NA,NA,NA,NA,2023,NA,"SY",2024-02-21,NA,NA,NA,NA,NA,"red",678,NA,NA,NA,NA,NA,"N",NA,NA,0.5
2023-08-17,"WL3","4","6","V",14,15,"0.43","1.5",1,"0.6",NA,NA,NA,NA,NA,2023,NA,"SY",2024-02-21,NA,NA,NA,NA,NA,"red",652,NA,NA,NA,NA,NA,"Y",NA,NA,0.5
2023-08-17,"WL3","4","6","V",19,11,"0.54","1.8",1,"0.6",NA,NA,NA,NA,NA,2023,NA,"SY",2024-02-21,NA,NA,NA,NA,NA,"red",672,NA,NA,NA,NA,NA,"N",NA,NA,0.5
2023-08-17,"WL3","4","6","V",28,19,"0.49","2.0",1,"0.7",NA,NA,NA,NA,NA,2023,NA,"SY",2024-02-21,NA,NA,NA,NA,NA,"red",679,NA,NA,NA,NA,NA,"N",NA,NA,0.5
2023-08-17,"WL3","4","6","V",20,42,"0.53","2.2",1,"0.7",NA,NA,NA,NA,NA,2023,NA,"SY",2024-02-21,NA,NA,NA,NA,NA,"red",683,NA,NA,NA,NA,NA,"Y",NA,NA,0.5
2023-08-17,"WL3","4","6","V",4,48,"0.76","2.1",1,"1.0",NA,NA,NA,NA,NA,2023,NA,"SY",2024-02-21,NA,NA,NA,NA,NA,"red",695,NA,NA,NA,NA,NA,"Y",NA,NA,0.5
2023-08-17,"WL3","4","6","P",NA,NA,"1.37","16.5",6,NA,"0.0","20.0",5.2,6,"dying",2023,NA,"SY",2024-02-21,NA,NA,NA,NA,NA,NA,NA,NA,NA,NA,NA,NA,"Y",NA,NA,1.37
2023-08-17,"WL3","4","5.5","V",40,50,"0.44","2.2",1,"0.4",NA,NA,NA,NA,NA,2023,NA,"SY",2024-02-21,NA,NA,NA,NA,NA,"red",697,NA,NA,NA,NA,NA,"N",NA,NA,0.5
2023-08-17,"WL3","4","5.5","V",39,47,"0.45","1.4",1,"0.3",NA,NA,NA,NA,NA,2023,NA,"SY",2024-02-21,NA,NA,NA,NA,NA,"red",696,NA,NA,NA,NA,NA,"N",NA,NA,0.5
2023-08-17,"WL3","4","5.5","V",36,47,"0.58","1.6",1,"0.4",NA,NA,NA,NA,NA,2023,NA,"SY",2024-02-21,NA,NA,NA,NA,NA,"red",676,NA,NA,NA,NA,NA,"N",NA,NA,0.5
2023-08-17,"WL3","4","5.5","V",28,45,"0.73","1.5",1,"0.5",NA,NA,NA,NA,NA,2023,NA,"SY",2024-02-21,NA,NA,NA,NA,NA,"red",689,NA,NA,NA,NA,NA,"N",NA,NA,0.5
2023-08-17,"WL3","4","5.5","V",28,50,"0.43","1.5",1,"0.3",NA,NA,NA,NA,NA,2023,NA,"SY",2024-02-21,NA,NA,NA,NA,NA,"red",694,NA,NA,NA,NA,NA,"Y",NA,NA,0.5
2023-08-17,"WL3","4","5.5","V",20,47,"0.36","1.5",1,"0.2",NA,NA,NA,NA,NA,2023,NA,"SY",2024-02-21,NA,NA,NA,NA,NA,"red",698,NA,NA,NA,NA,NA,"N",NA,NA,0.5
2023-08-17,"WL3","4","5.5","V",20,50,"0.53","0.8",1,"0.5",NA,NA,NA,NA,NA,2023,NA,"SY",2024-02-21,NA,NA,NA,NA,NA,"red",692,NA,NA,NA,NA,NA,"N",NA,NA,0.5
2023-08-17,"WL3","4","5.5","V",10,38,"0.56","1.3",1,"0.8",NA,NA,NA,NA,NA,2023,NA,"SY",2024-02-21,NA,NA,NA,NA,NA,"red",665,NA,NA,NA,NA,NA,"N",NA,NA,0.5
2023-08-17,"WL3","4","5.5","V",11,37,"0.74","1.5",1,"0.8",NA,NA,NA,NA,NA,2023,NA,"SY",2024-02-21,NA,NA,NA,NA,NA,"red",653,NA,NA,NA,NA,NA,"Y",NA,NA,0.5
2023-08-17,"WL3","4","5.5","V",4,34,"0.56","2.1",1,"0.7",NA,NA,NA,NA,NA,2023,NA,"SY",2024-02-21,NA,NA,NA,NA,NA,"red",685,NA,NA,NA,NA,NA,"Y",NA,NA,0.5
2023-08-17,"WL3","4","5.5","P",NA,NA,"1.72","12.2",9,"0.0","0.0","16.0",4.8,9,NA,2023,NA,"SY",2024-02-21,NA,NA,NA,NA,NA,NA,NA,NA,NA,NA,NA,NA,"Y",NA,NA,1.72
2023-08-17,"WL3","4","5.5","P",NA,NA,"2.1","21.6",3,"0.0","0.0","21.0",5.4,3,NA,2023,NA,"SY",2024-02-21,NA,NA,NA,NA,NA,NA,NA,NA,NA,NA,NA,NA,"Y",NA,NA,2.1
2023-08-17,"WL3","4","5.5","P",NA,NA,"1.73","15.7",6,"0.0","1.0","9.0",5.7,5,NA,2023,NA,"SY",2024-02-21,NA,NA,NA,NA,NA,NA,NA,NA,NA,NA,NA,NA,"Y",NA,NA,1.73
2023-08-17,"WL3","4","5.5","P",NA,NA,"2.41","13.4",1,"0.0","0.0","9.0",4.2,1,NA,2023,NA,"SY",2024-02-21,NA,NA,NA,NA,NA,NA,NA,NA,NA,NA,NA,NA,"Y",NA,NA,2.41
2023-08-17,"WL3","4","5.5","P",NA,NA,"2.37","19.0",2,"0.0","1.0","11.0",4.7,2,NA,2023,NA,"SY",2024-02-21,NA,NA,NA,NA,NA,NA,NA,NA,NA,NA,NA,NA,"Y",NA,NA,2.37
