"","Census_date","Site","Transect_plot","Quad","Phenology","Xcoord","Ycoord","Stem_diam_mm","Height_cm","Num_total_branches","Longest_leaf_cm","Num_flowers","Num_fruits","Longest_fruit_cm","Num_repro_branches","Notes","Census_year","Year_marked","Entered_by","Date_entered","Collected_by","Tag","2018tag","2019tag","Band","Band_color","Band_num","Pick_color","Sword_color","Canopy_width_cm","Leaf_thickness_mm","Buds","Herbivory","Num_leaves","Category_herbivory","Stem_diam_mm_UFA"
"1",2017-08-03,"WL3","1","0-0.5","V",3,15,"<1","1.8",1,"0.3",NA,NA,NA,NA,NA,2017,NA,NA,NA,NA,NA,NA,NA,NA,NA,NA,NA,NA,NA,NA,NA,NA,NA,NA,0.5
"2",2017-08-03,"WL3","1","0-0.5","F",30,23,"6.75","21.1",6,NA,"22.0","55.0",4.5,6,NA,2017,NA,NA,NA,NA,NA,NA,NA,NA,NA,NA,NA,NA,NA,NA,NA,NA,NA,NA,6.75
"3",2017-08-03,"WL3","1","0.5","V",14,5,"~1","3.4",3,"0.9",NA,NA,NA,0,"(put in protocol) Primary branches from the bottom lvs dry and senescing",2017,NA,NA,NA,NA,NA,NA,NA,NA,NA,NA,NA,NA,NA,NA,NA,NA,NA,NA,0.5
"4",2017-08-03,"WL3","1","0.5","PF",21,32,"<1","4.1",3,"no lvs","0.0","3.0",2.8,3,NA,2017,NA,NA,NA,NA,NA,NA,NA,NA,NA,NA,NA,NA,NA,NA,NA,NA,NA,NA,0.5
"5",2017-08-03,"WL3","1","0.5","F",10,40,"1.6","10.5",3,NA,"1.0","3.0",4.8,3,NA,2017,NA,NA,NA,NA,NA,NA,NA,NA,NA,NA,NA,NA,NA,NA,NA,NA,NA,NA,1.6
"6",2017-08-03,"WL3","1","0.5","V",38,41,"<1","1.8",1,"0.4",NA,NA,NA,NA,NA,2017,NA,NA,NA,NA,NA,NA,NA,NA,NA,NA,NA,NA,NA,NA,NA,NA,NA,NA,0.5
"7",2017-08-03,"WL3","1","0.5","V",9,49,"<1","0.8",1,"0.3",NA,NA,NA,NA,NA,2017,NA,NA,NA,NA,NA,NA,NA,NA,NA,NA,NA,NA,NA,NA,NA,NA,NA,NA,0.5
"8",2017-08-03,"WL3","1","1.0","V",4,4,"<1","0.9",1,"0.3",NA,NA,NA,NA,NA,2017,NA,NA,NA,NA,NA,NA,NA,NA,NA,NA,NA,NA,NA,NA,NA,NA,NA,NA,0.5
"9",2017-08-03,"WL3","1","1.0","V",2,11,"<1","2.4",1,"0.6",NA,NA,NA,NA,NA,2017,NA,NA,NA,NA,NA,NA,NA,NA,NA,NA,NA,NA,NA,NA,NA,NA,NA,NA,0.5
"10",2017-08-03,"WL3","1","1.0","V",15,12,"<1","0.9",1,"0.4",NA,NA,NA,NA,NA,2017,NA,NA,NA,NA,NA,NA,NA,NA,NA,NA,NA,NA,NA,NA,NA,NA,NA,NA,0.5
"11",2017-08-03,"WL3","1","1.0","V",44,30,"<1","1.1",1,"0.5",NA,NA,NA,NA,NA,2017,NA,NA,NA,NA,NA,NA,NA,NA,NA,NA,NA,NA,NA,NA,NA,NA,NA,NA,0.5
"12",2017-08-03,"WL3","1","1.5","V",12,5,"<1","1.3",1,"0.3",NA,NA,NA,NA,NA,2017,NA,NA,NA,NA,NA,NA,NA,NA,NA,NA,NA,NA,NA,NA,NA,NA,NA,NA,0.5
"13",2017-08-03,"WL3","1","1.5","V",29,38,"<1","0.9",1,"0.4",NA,NA,NA,NA,NA,2017,NA,NA,NA,NA,NA,NA,NA,NA,NA,NA,NA,NA,NA,NA,NA,NA,NA,NA,0.5
"14",2017-08-03,"WL3","1","1.5","V",39,19,"<1","0.6",1,"0.2",NA,NA,NA,NA,NA,2017,NA,NA,NA,NA,NA,NA,NA,NA,NA,NA,NA,NA,NA,NA,NA,NA,NA,NA,0.5
"15",2017-08-03,"WL3","1","1.5","V",43,20,"<1","0.4",1,"0.2",NA,NA,NA,NA,NA,2017,NA,NA,NA,NA,NA,NA,NA,NA,NA,NA,NA,NA,NA,NA,NA,NA,NA,NA,0.5
"16",2017-08-03,"WL3","1","1.5","V",46,21,"<1","1.4",1,"0.4",NA,NA,NA,NA,NA,2017,NA,NA,NA,NA,NA,NA,NA,NA,NA,NA,NA,NA,NA,NA,NA,NA,NA,NA,0.5
"17",2017-08-03,"WL3","1","1.5","V",40,45,"<1","1.5",1,"0.4",NA,NA,NA,NA,NA,2017,NA,NA,NA,NA,NA,NA,NA,NA,NA,NA,NA,NA,NA,NA,NA,NA,NA,NA,0.5
"18",2017-08-03,"WL3","1","2.0","V",1,21,"<1","0.2",1,"0.2",NA,NA,NA,NA,NA,2017,NA,NA,NA,NA,NA,NA,NA,NA,NA,NA,NA,NA,NA,NA,NA,NA,NA,NA,0.5
"19",2017-08-03,"WL3","1","2.0","V",2,24,"<1","0.7",1,"0.2",NA,NA,NA,NA,NA,2017,NA,NA,NA,NA,NA,NA,NA,NA,NA,NA,NA,NA,NA,NA,NA,NA,NA,NA,0.5
"20",2017-08-03,"WL3","1","2.0","V",6,28,"<1","0.9",1,"0.4",NA,NA,NA,NA,NA,2017,NA,NA,NA,NA,NA,NA,NA,NA,NA,NA,NA,NA,NA,NA,NA,NA,NA,NA,0.5
"21",2017-08-03,"WL3","1","2.0","V",37,45,"<1","1.2",1,"0.8",NA,NA,NA,NA,NA,2017,NA,NA,NA,NA,NA,NA,NA,NA,NA,NA,NA,NA,NA,NA,NA,NA,NA,NA,0.5
"22",2017-08-03,"WL3","1","2.0","V",41,15,"<1","2.3",1,"0.5",NA,NA,NA,NA,NA,2017,NA,NA,NA,NA,NA,NA,NA,NA,NA,NA,NA,NA,NA,NA,NA,NA,NA,NA,0.5
"23",2017-08-03,"WL3","1","2.5","V",10,16,"<1","1.2",1,"0.6",NA,NA,NA,NA,NA,2017,NA,NA,NA,NA,NA,NA,NA,NA,NA,NA,NA,NA,NA,NA,NA,NA,NA,NA,0.5
"24",2017-08-03,"WL3","1","2.5","V",47,35,"<1","1.5",1,"0.4",NA,NA,NA,NA,NA,2017,NA,NA,NA,NA,NA,NA,NA,NA,NA,NA,NA,NA,NA,NA,NA,NA,NA,NA,0.5
"25",2017-08-03,"WL3","1","3.0","F",15,14,"2.98","12.4",3,NA,"11.0","6.0",4.1,3,NA,2017,NA,NA,NA,NA,NA,NA,NA,NA,NA,NA,NA,NA,NA,NA,NA,NA,NA,NA,2.98
"26",2017-08-03,"WL3","1","3.0","F",34,4,"1.97","15.4",5,NA,"9.0","3.0",3.4,3,"2 veg branch, 5 buds",2017,NA,NA,NA,NA,NA,NA,NA,NA,NA,NA,NA,NA,NA,NA,NA,NA,NA,NA,1.97
"27",2017-08-03,"WL3","1","3.0","V",41,38,"1.49","4.2",6,"1.2",NA,NA,NA,NA,NA,2017,NA,NA,NA,NA,NA,NA,NA,NA,NA,NA,NA,NA,NA,NA,NA,NA,NA,NA,1.49
"28",2017-08-03,"WL3","1","3.5","V",36,22,"<1","1.1",1,"0.3",NA,NA,NA,NA,NA,2017,NA,NA,NA,NA,NA,NA,NA,NA,NA,NA,NA,NA,NA,NA,NA,NA,NA,NA,0.5
"29",2017-08-03,"WL3","1","3.5","V",40,22,"<1","0.5",1,"0.2",NA,NA,NA,NA,NA,2017,NA,NA,NA,NA,NA,NA,NA,NA,NA,NA,NA,NA,NA,NA,NA,NA,NA,NA,0.5
"30",2017-08-03,"WL3","1","3.5","V",2,32,"<1","0.7",1,"0.3",NA,NA,NA,NA,NA,2017,NA,NA,NA,NA,NA,NA,NA,NA,NA,NA,NA,NA,NA,NA,NA,NA,NA,NA,0.5
"31",2017-08-03,"WL3","1","4.0","F",41,42,"2.03","11.9",6,NA,"7.0","2.0",2.9,5,NA,2017,NA,NA,NA,NA,NA,NA,NA,NA,NA,NA,NA,NA,NA,NA,NA,NA,NA,NA,2.03
"32",2017-08-03,"WL3","1","4.5","V",5,7,"<1","1.2",1,"0.2",NA,NA,NA,NA,"none",2017,NA,NA,NA,NA,NA,NA,NA,NA,NA,NA,NA,NA,NA,NA,NA,NA,NA,NA,0.5
"33",2017-08-03,"WL3","1","5.0",NA,NA,NA,NA,NA,NA,NA,NA,NA,NA,NA,"none",2017,NA,NA,NA,NA,NA,NA,NA,NA,NA,NA,NA,NA,NA,NA,NA,NA,NA,NA,NA
"34",2017-08-03,"WL3","1","5.5",NA,NA,NA,NA,NA,NA,NA,NA,NA,NA,NA,"none",2017,NA,NA,NA,NA,NA,NA,NA,NA,NA,NA,NA,NA,NA,NA,NA,NA,NA,NA,NA
"35",2017-08-03,"WL3","1","6.0",NA,NA,NA,NA,NA,NA,NA,NA,NA,NA,NA,"none",2017,NA,NA,NA,NA,NA,NA,NA,NA,NA,NA,NA,NA,NA,NA,NA,NA,NA,NA,NA
"36",2017-08-03,"WL3","1","6.5",NA,NA,NA,NA,NA,NA,NA,NA,NA,NA,NA,"none",2017,NA,NA,NA,NA,NA,NA,NA,NA,NA,NA,NA,NA,NA,NA,NA,NA,NA,NA,NA
"37",2017-08-03,"WL3","1","7.0",NA,NA,NA,NA,NA,NA,NA,NA,NA,NA,NA,"none",2017,NA,NA,NA,NA,NA,NA,NA,NA,NA,NA,NA,NA,NA,NA,NA,NA,NA,NA,NA
"38",2017-08-03,"WL3","1","7.5",NA,NA,NA,NA,NA,NA,NA,NA,NA,NA,NA,"none",2017,NA,NA,NA,NA,NA,NA,NA,NA,NA,NA,NA,NA,NA,NA,NA,NA,NA,NA,NA
"39",2017-08-03,"WL3","1","8.0",NA,NA,NA,NA,NA,NA,NA,NA,NA,NA,NA,"none",2017,NA,NA,NA,NA,NA,NA,NA,NA,NA,NA,NA,NA,NA,NA,NA,NA,NA,NA,NA
"40",2017-08-03,"WL3","1","8.5","P",30,4,"2.35","20.5",8,NA,"14.0","26.0",5.7,8,NA,2017,NA,NA,NA,NA,NA,NA,NA,NA,NA,NA,NA,NA,NA,NA,NA,NA,NA,NA,2.35
"41",2017-08-03,"WL3","1","8.5","F",28,22,"2.75","19.1",9,NA,"10.0","51.0",4.9,9,NA,2017,NA,NA,NA,NA,NA,NA,NA,NA,NA,NA,NA,NA,NA,NA,NA,NA,NA,NA,2.75
"42",2017-08-03,"WL3","4","0.0",NA,NA,NA,NA,NA,NA,NA,NA,NA,NA,NA,"none",2017,NA,NA,NA,NA,NA,NA,NA,NA,NA,NA,NA,NA,NA,NA,NA,NA,NA,NA,NA
"43",2017-08-03,"WL3","4","0.5",NA,NA,NA,NA,NA,NA,NA,NA,NA,NA,NA,"none",2017,NA,NA,NA,NA,NA,NA,NA,NA,NA,NA,NA,NA,NA,NA,NA,NA,NA,NA,NA
"44",2017-08-03,"WL3","4","1.0",NA,NA,NA,NA,NA,NA,NA,NA,NA,NA,NA,"none",2017,NA,NA,NA,NA,NA,NA,NA,NA,NA,NA,NA,NA,NA,NA,NA,NA,NA,NA,NA
"45",2017-08-03,"WL3","4","1.5","P",19,29,"2.09","15.9",2,NA,"0.0","9.0",5.6,2,NA,2017,NA,NA,NA,NA,NA,NA,NA,NA,NA,NA,NA,NA,NA,NA,NA,NA,NA,NA,2.09
"46",2017-08-03,"WL3","4","2.0",NA,NA,NA,NA,NA,NA,NA,NA,NA,NA,NA,"none",2017,NA,NA,NA,NA,NA,NA,NA,NA,NA,NA,NA,NA,NA,NA,NA,NA,NA,NA,NA
"47",2017-08-03,"WL3","4","2.5",NA,NA,NA,NA,NA,NA,NA,NA,NA,NA,NA,"none",2017,NA,NA,NA,NA,NA,NA,NA,NA,NA,NA,NA,NA,NA,NA,NA,NA,NA,NA,NA
"48",2017-08-03,"WL3","4","3.0",NA,NA,NA,NA,NA,NA,NA,NA,NA,NA,NA,"none",2017,NA,NA,NA,NA,NA,NA,NA,NA,NA,NA,NA,NA,NA,NA,NA,NA,NA,NA,NA
"49",2017-08-03,"WL3","4","3.5","F",26,44,"3.21","15.9",7,NA,"7.0","57.0",4.5,7,NA,2017,NA,NA,NA,NA,NA,NA,NA,NA,NA,NA,NA,NA,NA,NA,NA,NA,NA,NA,3.21
"50",2017-08-03,"WL3","4","4.0",NA,NA,NA,NA,NA,NA,NA,NA,NA,NA,NA,"none",2017,NA,NA,NA,NA,NA,NA,NA,NA,NA,NA,NA,NA,NA,NA,NA,NA,NA,NA,NA
"51",2017-08-03,"WL3","4","4.5","V",18,23,"<1","1.1",1,"0.8",NA,NA,NA,NA,NA,2017,NA,NA,NA,NA,NA,NA,NA,NA,NA,NA,NA,NA,NA,NA,NA,NA,NA,NA,0.5
"52",2017-08-03,"WL3","4","5.0","V",20,36,"~1","6.1",2,"1.6",NA,NA,NA,NA,NA,2017,NA,NA,NA,NA,NA,NA,NA,NA,NA,NA,NA,NA,NA,NA,NA,NA,NA,NA,0.5
"53",2017-08-03,"WL3","4","5.5","V",5,12,"<1","1.3",1,"0.8",NA,NA,NA,NA,NA,2017,NA,NA,NA,NA,NA,NA,NA,NA,NA,NA,NA,NA,NA,NA,NA,NA,NA,NA,0.5
"54",2017-08-03,"WL3","4","5.5","V",7,47,"<1","0.5",1,"0.4",NA,NA,NA,NA,NA,2017,NA,NA,NA,NA,NA,NA,NA,NA,NA,NA,NA,NA,NA,NA,NA,NA,NA,NA,0.5
"55",2017-08-03,"WL3","4","5.5","V",9,13,"<1","1.5",1,"0.9",NA,NA,NA,NA,NA,2017,NA,NA,NA,NA,NA,NA,NA,NA,NA,NA,NA,NA,NA,NA,NA,NA,NA,NA,0.5
"56",2017-08-03,"WL3","4","5.5","V",20,21,"<1","1.6",1,"0.6",NA,NA,NA,NA,NA,2017,NA,NA,NA,NA,NA,NA,NA,NA,NA,NA,NA,NA,NA,NA,NA,NA,NA,NA,0.5
"57",2017-08-03,"WL3","4","5.5","V",23,19,"<1","1.1",1,"1.0",NA,NA,NA,NA,NA,2017,NA,NA,NA,NA,NA,NA,NA,NA,NA,NA,NA,NA,NA,NA,NA,NA,NA,NA,0.5
"58",2017-08-03,"WL3","4","5.5","V",24,14,"<1","2.0",1,"0.9",NA,NA,NA,NA,NA,2017,NA,NA,NA,NA,NA,NA,NA,NA,NA,NA,NA,NA,NA,NA,NA,NA,NA,NA,0.5
"59",2017-08-03,"WL3","4","5.5","V",25,27,"<1","1.7",1,"1.1",NA,NA,NA,NA,NA,2017,NA,NA,NA,NA,NA,NA,NA,NA,NA,NA,NA,NA,NA,NA,NA,NA,NA,NA,0.5
"60",2017-08-03,"WL3","4","5.5","V",27,11,"<1","1.7",1,"0.8",NA,NA,NA,NA,NA,2017,NA,NA,NA,NA,NA,NA,NA,NA,NA,NA,NA,NA,NA,NA,NA,NA,NA,NA,0.5
"61",2017-08-03,"WL3","2","0.0","P",21,10,"~1","9.8",7,NA,"0.0","24.0",4.5,7,NA,2017,NA,NA,NA,NA,NA,NA,NA,NA,NA,NA,NA,NA,NA,NA,NA,NA,NA,NA,0.5
"62",2017-08-03,"WL3","2","0.0","P",28,22,"~1","11.8",10,NA,"0.0","14.0",5.1,10,NA,2017,NA,NA,NA,NA,NA,NA,NA,NA,NA,NA,NA,NA,NA,NA,NA,NA,NA,NA,0.5
"63",2017-08-03,"WL3","2","1.0","V",9,24,"<1","3.2",4,"1.1",NA,NA,NA,NA,NA,2017,NA,NA,NA,NA,NA,NA,NA,NA,NA,NA,NA,NA,NA,NA,NA,NA,NA,NA,0.5
"64",2017-08-03,"WL3","2","1.0","P",19,6,"3.09","15.6",7,NA,"0.0","62.0",7,7,NA,2017,NA,NA,NA,NA,NA,NA,NA,NA,NA,NA,NA,NA,NA,NA,NA,NA,NA,NA,3.09
"65",2017-08-03,"WL3","2","1.0","P",23,35,"2.69","13.3",8,NA,"0.0","31.0",4.5,7,NA,2017,NA,NA,NA,NA,NA,NA,NA,NA,NA,NA,NA,NA,NA,NA,NA,NA,NA,NA,2.69
"66",2017-08-03,"WL3","2","1.0","P",31,7,"~1","9.4",3,NA,"0.0","7.0",3.1,3,NA,2017,NA,NA,NA,NA,NA,NA,NA,NA,NA,NA,NA,NA,NA,NA,NA,NA,NA,NA,0.5
"67",2017-08-03,"WL3","2","1.0","V",31,28,"<1","1.2",1,"0.7",NA,NA,NA,NA,NA,2017,NA,NA,NA,NA,NA,NA,NA,NA,NA,NA,NA,NA,NA,NA,NA,NA,NA,NA,0.5
"68",2017-08-03,"WL3","2","1.0","F",44,13,"1.64","17.5",2,NA,"3.0","5.0",4.7,1,NA,2017,NA,NA,NA,NA,NA,NA,NA,NA,NA,NA,NA,NA,NA,NA,NA,NA,NA,NA,1.64
"69",2017-08-03,"WL3","2","1.0","P",40,49,"2.4","11.2",8,NA,"0.0","28.0",4.2,8,NA,2017,NA,NA,NA,NA,NA,NA,NA,NA,NA,NA,NA,NA,NA,NA,NA,NA,NA,NA,2.4
"70",2017-08-03,"WL3","2","1.0","V",48,36,"<1","0.7",1,"0.4",NA,NA,NA,NA,NA,2017,NA,NA,NA,NA,NA,NA,NA,NA,NA,NA,NA,NA,NA,NA,NA,NA,NA,NA,0.5
"71",2017-08-03,"WL3","2","1.0","V",49,38,"<1","0.4",1,"0.3",NA,NA,NA,NA,NA,2017,NA,NA,NA,NA,NA,NA,NA,NA,NA,NA,NA,NA,NA,NA,NA,NA,NA,NA,0.5
"72",2017-08-03,"WL3","2","2.0","V",13,46,"~1","3.0",3,"1.2",NA,NA,NA,NA,NA,2017,NA,NA,NA,NA,NA,NA,NA,NA,NA,NA,NA,NA,NA,NA,NA,NA,NA,NA,0.5
"73",2017-08-03,"WL3","2","2.0","P",22,12,"2.38","10.8",8,NA,"0.0","36.0",5,8,NA,2017,NA,NA,NA,NA,NA,NA,NA,NA,NA,NA,NA,NA,NA,NA,NA,NA,NA,NA,2.38
"74",2017-08-03,"WL3","2","3.0","V",25,32,"<1","0.6",1,"0.3",NA,NA,NA,NA,NA,2017,NA,NA,NA,NA,NA,NA,NA,NA,NA,NA,NA,NA,NA,NA,NA,NA,NA,NA,0.5
"75",2017-08-03,"WL3","2","3.0","V",29,13,"~1","1.9",1,"0.5",NA,NA,NA,NA,NA,2017,NA,NA,NA,NA,NA,NA,NA,NA,NA,NA,NA,NA,NA,NA,NA,NA,NA,NA,0.5
"76",2017-08-03,"WL3","2","3.0","V",43,31,"<1","1.9",1,"0.6",NA,NA,NA,NA,NA,2017,NA,NA,NA,NA,NA,NA,NA,NA,NA,NA,NA,NA,NA,NA,NA,NA,NA,NA,0.5
"77",2017-08-03,"WL3","2","3.0","P",45,43,"2.03","14.2",3,NA,"0.0","5.0",6.6,3,NA,2017,NA,NA,NA,NA,NA,NA,NA,NA,NA,NA,NA,NA,NA,NA,NA,NA,NA,NA,2.03
"78",2017-08-03,"WL3","2","4.5","V",46,11,"1.62","3.0",8,"1.2",NA,NA,NA,NA,NA,2017,NA,NA,NA,NA,NA,NA,NA,NA,NA,NA,NA,NA,NA,NA,NA,NA,NA,NA,1.62
"79",2017-08-03,"WL3","1","9.5","P",4,12,"1.76","6.5",4,NA,NA,"4.0",3.8,4,"one branch broken",2017,NA,NA,NA,NA,NA,NA,NA,NA,NA,NA,NA,NA,NA,NA,NA,NA,NA,NA,1.76
"80",2017-08-03,"WL3","1","9.5","P",9,18,"1.43","11.5",8,NA,NA,"6.0",5.3,8,"one branch broke off",2017,NA,NA,NA,NA,NA,NA,NA,NA,NA,NA,NA,NA,NA,NA,NA,NA,NA,NA,1.43
"81",2017-08-03,"WL3","1","9.5","V",11,45,"~1","2.5",1,"0.4",NA,NA,NA,NA,NA,2017,NA,NA,NA,NA,NA,NA,NA,NA,NA,NA,NA,NA,NA,NA,NA,NA,NA,NA,0.5
"82",2017-08-03,"WL3","1","9.5","V",28,20,"<1","1.8",1,"0.3",NA,NA,NA,NA,NA,2017,NA,NA,NA,NA,NA,NA,NA,NA,NA,NA,NA,NA,NA,NA,NA,NA,NA,NA,0.5
"83",2017-08-03,"WL3","1","9.5","V",34,24,"<1","1.7",1,"0.5",NA,NA,NA,NA,NA,2017,NA,NA,NA,NA,NA,NA,NA,NA,NA,NA,NA,NA,NA,NA,NA,NA,NA,NA,0.5
"84",2017-08-03,"WL3","1","9.5","F",41,25,"2.06","11.6",5,NA,"3.0","14.0",5.2,5,NA,2017,NA,NA,NA,NA,NA,NA,NA,NA,NA,NA,NA,NA,NA,NA,NA,NA,NA,NA,2.06
"85",2017-08-03,"WL3","1","9.5","P",49,40,"~1","12.6",2,NA,NA,"2.0",5.3,2,NA,2017,NA,NA,NA,NA,NA,NA,NA,NA,NA,NA,NA,NA,NA,NA,NA,NA,NA,NA,0.5
"86",2017-08-03,"WL3","1","9.0","V",49,3,"~1","2.8",1,"0.9",NA,NA,NA,NA,NA,2017,NA,NA,NA,NA,NA,NA,NA,NA,NA,NA,NA,NA,NA,NA,NA,NA,NA,NA,0.5
"87",2017-08-03,"WL3","1","9.0","V",48,3,"<1","1.9",1,"0.4",NA,NA,NA,NA,NA,2017,NA,NA,NA,NA,NA,NA,NA,NA,NA,NA,NA,NA,NA,NA,NA,NA,NA,NA,0.5
"88",2017-08-03,"WL3","1","9.0","F",32,5,"1.83","10.5",3,NA,"7.0","6.0",5,3,"one branch broken off",2017,NA,NA,NA,NA,NA,NA,NA,NA,NA,NA,NA,NA,NA,NA,NA,NA,NA,NA,1.83
"89",2017-08-03,"WL3","1","9.0","P",27,5,"1.76","8.0",4,NA,NA,"8.0",3.1,4,NA,2017,NA,NA,NA,NA,NA,NA,NA,NA,NA,NA,NA,NA,NA,NA,NA,NA,NA,NA,1.76
"90",2017-08-03,"WL3","1","9.0","F",24,18,"1.38","9.4",5,NA,"1.0","4.0",2.4,5,NA,2017,NA,NA,NA,NA,NA,NA,NA,NA,NA,NA,NA,NA,NA,NA,NA,NA,NA,NA,1.38
"91",2017-08-03,"WL3","1","9.0","F",21,43,"2.24","11.3",9,NA,"1.0","16.0",3.8,9,NA,2017,NA,NA,NA,NA,NA,NA,NA,NA,NA,NA,NA,NA,NA,NA,NA,NA,NA,NA,2.24
"92",2017-08-03,"WL3","1","9.0","P",19,22,"2.99","14.5",11,NA,NA,"26.0",4,11,NA,2017,NA,NA,NA,NA,NA,NA,NA,NA,NA,NA,NA,NA,NA,NA,NA,NA,NA,NA,2.99
"93",2017-08-03,"WL3","1","9.0","P",18,33,"2.3","15.0",9,NA,NA,"25.0",3.9,9,NA,2017,NA,NA,NA,NA,NA,NA,NA,NA,NA,NA,NA,NA,NA,NA,NA,NA,NA,NA,2.3
"94",2017-08-03,"WL3","1","9.0","P",18,26,"1.94","11.2",9,NA,NA,"14.0",4.3,9,NA,2017,NA,NA,NA,NA,NA,NA,NA,NA,NA,NA,NA,NA,NA,NA,NA,NA,NA,NA,1.94
"95",2017-08-03,"WL3","1","9.0","P",18,22,"2.1","24.0",12,NA,NA,"19.0",4.5,12,NA,2017,NA,NA,NA,NA,NA,NA,NA,NA,NA,NA,NA,NA,NA,NA,NA,NA,NA,NA,2.1
"96",2017-08-03,"WL3","1","9.0","P",16,23,"1.58","14.7",4,NA,NA,"7.0",3.6,4,NA,2017,NA,NA,NA,NA,NA,NA,NA,NA,NA,NA,NA,NA,NA,NA,NA,NA,NA,NA,1.58
"97",2017-08-03,"WL3","1","9.0","V",14,33,"<1","2.5",1,"0.3",NA,NA,NA,NA,NA,2017,NA,NA,NA,NA,NA,NA,NA,NA,NA,NA,NA,NA,NA,NA,NA,NA,NA,NA,0.5
"98",2017-08-03,"WL3","1","9.0","P",4,22,"2.69","14.7",3,NA,NA,"25.0",5,3,NA,2017,NA,NA,NA,NA,NA,NA,NA,NA,NA,NA,NA,NA,NA,NA,NA,NA,NA,NA,2.69
"99",2017-08-03,"WL3","3","0.0","V",0,31,"<1","1.5",1,"0.5",NA,NA,NA,NA,NA,2017,NA,NA,NA,NA,NA,NA,NA,NA,NA,NA,NA,NA,NA,NA,NA,NA,NA,NA,0.5
"100",2017-08-03,"WL3","3","0.0","P",3,40,"2.16","15.5",3,NA,"0.0","12.0",5.1,3,NA,2017,NA,NA,NA,NA,NA,NA,NA,NA,NA,NA,NA,NA,NA,NA,NA,NA,NA,NA,2.16
"101",2017-08-03,"WL3","3","0.0","F",0,38,"<1","7.1",5,NA,"2.0","1.0",2.1,5,NA,2017,NA,NA,NA,NA,NA,NA,NA,NA,NA,NA,NA,NA,NA,NA,NA,NA,NA,NA,0.5
"102",2017-08-03,"WL3","3","0.0","F",0,41,"1.55","8.2",3,NA,"2.0","1.0",0.9,1,NA,2017,NA,NA,NA,NA,NA,NA,NA,NA,NA,NA,NA,NA,NA,NA,NA,NA,NA,NA,1.55
"103",2017-08-03,"WL3","3","0.0","F",7,8,"1.31","9.5",4,NA,"5.0","0.0",NA,4,NA,2017,NA,NA,NA,NA,NA,NA,NA,NA,NA,NA,NA,NA,NA,NA,NA,NA,NA,NA,1.31
"104",2017-08-03,"WL3","3","0.0","P",11,42,"~1","12.0",4,NA,"0.0","2.0",3.2,4,NA,2017,NA,NA,NA,NA,NA,NA,NA,NA,NA,NA,NA,NA,NA,NA,NA,NA,NA,NA,0.5
"105",2017-08-03,"WL3","3","0.0","V",12,23,"<1","1.1",1,"0.3",NA,NA,NA,NA,NA,2017,NA,NA,NA,NA,NA,NA,NA,NA,NA,NA,NA,NA,NA,NA,NA,NA,NA,NA,0.5
"106",2017-08-03,"WL3","3","0.0","P",0,13,"1.42","4.8",3,NA,"0.0","2.0",1.2,2,"*one broken off branch 4/29/25 MMA updated Num_repro_branches to intact count of 2",2017,NA,NA,NA,NA,NA,NA,NA,NA,NA,NA,NA,NA,NA,NA,NA,NA,NA,NA,1.42
"107",2017-08-03,"WL3","3","0.0","V",14,5,"<1","1.0",1,"0.2",NA,NA,NA,NA,"lots of herbivory - longest leaf is fragment",2017,NA,NA,NA,NA,NA,NA,NA,NA,NA,NA,NA,NA,NA,NA,NA,NA,NA,NA,0.5
"108",2017-08-03,"WL3","3","0.0","V",15,3,"<1","1.5",1,"0.4",NA,NA,NA,NA,NA,2017,NA,NA,NA,NA,NA,NA,NA,NA,NA,NA,NA,NA,NA,NA,NA,NA,NA,NA,0.5
"109",2017-08-03,"WL3","3","0.0","V",16,6,"<1","1.0",1,"0.3",NA,NA,NA,NA,NA,2017,NA,NA,NA,NA,NA,NA,NA,NA,NA,NA,NA,NA,NA,NA,NA,NA,NA,NA,0.5
"110",2017-08-03,"WL3","3","0.0","F",19,0,"1.37","6.0",2,NA,"1.0",NA,NA,1,"one branch broken off",2017,NA,NA,NA,NA,NA,NA,NA,NA,NA,NA,NA,NA,NA,NA,NA,NA,NA,NA,1.37
"111",2017-08-03,"WL3","3","0.0","V",25,7,"<1","2.3",1,"0.4",NA,NA,NA,NA,NA,2017,NA,NA,NA,NA,NA,NA,NA,NA,NA,NA,NA,NA,NA,NA,NA,NA,NA,NA,0.5
"112",2017-08-03,"WL3","3","0.0","P",40,12,"1.41","11.8",5,NA,NA,"7.0",2.8,5,NA,2017,NA,NA,NA,NA,NA,NA,NA,NA,NA,NA,NA,NA,NA,NA,NA,NA,NA,NA,1.41
"113",2017-08-03,"WL3","3","0.0","V",40,49,"~1","3.5",1,"0.8",NA,NA,NA,NA,NA,2017,NA,NA,NA,NA,NA,NA,NA,NA,NA,NA,NA,NA,NA,NA,NA,NA,NA,NA,0.5
"114",2017-08-03,"WL3","3","0.5",NA,NA,NA,NA,NA,NA,NA,NA,NA,NA,NA,"no plants",2017,NA,NA,NA,NA,NA,NA,NA,NA,NA,NA,NA,NA,NA,NA,NA,NA,NA,NA,NA
"115",2017-08-03,"WL3","3","1.0","P",9,20,"~1","10.3",2,NA,NA,"4.0",3.6,2,NA,2017,NA,NA,NA,NA,NA,NA,NA,NA,NA,NA,NA,NA,NA,NA,NA,NA,NA,NA,0.5
"116",2017-08-03,"WL3","3","1.5","V",27,42,"1.86","5.0",5,"1.7",NA,NA,NA,NA,NA,2017,NA,NA,NA,NA,NA,NA,NA,NA,NA,NA,NA,NA,NA,NA,NA,NA,NA,NA,1.86
"117",2017-08-03,"WL3","3","1.5","P",39,29,"1.45","11.2",6,NA,NA,"9.0",5.3,6,NA,2017,NA,NA,NA,NA,NA,NA,NA,NA,NA,NA,NA,NA,NA,NA,NA,NA,NA,NA,1.45
"118",2017-08-03,"WL3","3","1.5","V",41,37,"<1","0.2",1,"0.2",NA,NA,NA,NA,NA,2017,NA,NA,NA,NA,NA,NA,NA,NA,NA,NA,NA,NA,NA,NA,NA,NA,NA,NA,0.5
"119",2017-08-03,"WL3","3","1.5","V",44,39.5,"<1","1.2",1,"0.3",NA,NA,NA,NA,NA,2017,NA,NA,NA,NA,NA,NA,NA,NA,NA,NA,NA,NA,NA,NA,NA,NA,NA,NA,0.5
"120",2017-08-03,"WL3","4","5.5","V",30,11,"<1","1.5",1,"0.6",NA,NA,NA,NA,NA,2017,NA,NA,NA,NA,NA,NA,NA,NA,NA,NA,NA,NA,NA,NA,NA,NA,NA,NA,0.5
"121",2017-08-03,"WL3","4","5.5","V",31,24,"<1","1.9",1,"0.6",NA,NA,NA,NA,NA,2017,NA,NA,NA,NA,NA,NA,NA,NA,NA,NA,NA,NA,NA,NA,NA,NA,NA,NA,0.5
"122",2017-08-03,"WL3","4","5.5","V",31,29,"<1","1.5",1,"0.5",NA,NA,NA,NA,NA,2017,NA,NA,NA,NA,NA,NA,NA,NA,NA,NA,NA,NA,NA,NA,NA,NA,NA,NA,0.5
"123",2017-08-03,"WL3","4","5.5","V",40,48,"<1","0.8",1,"0.3",NA,NA,NA,NA,NA,2017,NA,NA,NA,NA,NA,NA,NA,NA,NA,NA,NA,NA,NA,NA,NA,NA,NA,NA,0.5
"124",2017-08-03,"WL3","4","6.0",NA,NA,NA,NA,NA,NA,NA,NA,NA,NA,NA,"none",2017,NA,NA,NA,NA,NA,NA,NA,NA,NA,NA,NA,NA,NA,NA,NA,NA,NA,NA,NA
"125",2017-08-03,"WL3","4","6.5",NA,NA,NA,NA,NA,NA,NA,NA,NA,NA,NA,"none",2017,NA,NA,NA,NA,NA,NA,NA,NA,NA,NA,NA,NA,NA,NA,NA,NA,NA,NA,NA
"126",2017-08-03,"WL3","4","7.0","PF",27,1,"3.18","23.1",8,NA,"6.0","32.0",5.1,8,NA,2017,NA,NA,NA,NA,NA,NA,NA,NA,NA,NA,NA,NA,NA,NA,NA,NA,NA,NA,3.18
"127",2017-08-03,"WL3","4","7.5","PF",35,47,"1.5","14.4",3,NA,"0.0","16.0",4.7,3,NA,2017,NA,NA,NA,NA,NA,NA,NA,NA,NA,NA,NA,NA,NA,NA,NA,NA,NA,NA,1.5
"128",2017-08-03,"WL3","4","7.5","PF",49,8,"2.04","14.9",5,NA,"0.0","10.0",3.7,5,NA,2017,NA,NA,NA,NA,NA,NA,NA,NA,NA,NA,NA,NA,NA,NA,NA,NA,NA,NA,2.04
"129",2017-08-03,"WL3","4","8.0","PF",16,45,"2.55","16.2",10,NA,"0.0","39.0",6.1,10,NA,2017,NA,NA,NA,NA,NA,NA,NA,NA,NA,NA,NA,NA,NA,NA,NA,NA,NA,NA,2.55
"130",2017-08-03,"WL3","4","8.5",NA,NA,NA,NA,NA,NA,NA,NA,NA,NA,NA,"none",2017,NA,NA,NA,NA,NA,NA,NA,NA,NA,NA,NA,NA,NA,NA,NA,NA,NA,NA,NA
"131",2017-08-03,"WL3","4","9.0","PF",7,40,"1.5","15.2",6,NA,"0.0","14.0",2.7,2,NA,2017,NA,NA,NA,NA,NA,NA,NA,NA,NA,NA,NA,NA,NA,NA,NA,NA,NA,NA,1.5
"132",2017-08-03,"WL3","4","9.5","PF",40,24,"1.3","16.6",2,NA,"0.0","6.0",3.9,2,NA,2017,NA,NA,NA,NA,NA,NA,NA,NA,NA,NA,NA,NA,NA,NA,NA,NA,NA,NA,1.3
"133",2017-08-03,"WL3","3","9.5",NA,NA,NA,NA,NA,NA,NA,NA,NA,NA,NA,"none",2017,NA,NA,NA,NA,NA,NA,NA,NA,NA,NA,NA,NA,NA,NA,NA,NA,NA,NA,NA
"134",2017-08-03,"WL3","3","9.0",NA,NA,NA,NA,NA,NA,NA,NA,NA,NA,NA,"none",2017,NA,NA,NA,NA,NA,NA,NA,NA,NA,NA,NA,NA,NA,NA,NA,NA,NA,NA,NA
"135",2017-08-03,"WL3","3","8.5",NA,NA,NA,NA,NA,NA,NA,NA,NA,NA,NA,"none",2017,NA,NA,NA,NA,NA,NA,NA,NA,NA,NA,NA,NA,NA,NA,NA,NA,NA,NA,NA
"136",2017-08-03,"WL3","3","8.0",NA,NA,NA,NA,NA,NA,NA,NA,NA,NA,NA,"none",2017,NA,NA,NA,NA,NA,NA,NA,NA,NA,NA,NA,NA,NA,NA,NA,NA,NA,NA,NA
"137",2017-08-03,"WL3","3","7.5","F",11,17,"1.67","9.6",2,NA,"2.0","2.0",3.1,1,NA,2017,NA,NA,NA,NA,NA,NA,NA,NA,NA,NA,NA,NA,NA,NA,NA,NA,NA,NA,1.67
"138",2017-08-03,"WL3","3","7.5","V",9,25,"<1","1.1",1,"0.4",NA,NA,NA,NA,NA,2017,NA,NA,NA,NA,NA,NA,NA,NA,NA,NA,NA,NA,NA,NA,NA,NA,NA,NA,0.5
"139",2017-08-03,"WL3","3","7.5","V",8,44,"<1","1.4",1,"0.4",NA,NA,NA,NA,NA,2017,NA,NA,NA,NA,NA,NA,NA,NA,NA,NA,NA,NA,NA,NA,NA,NA,NA,NA,0.5
"140",2017-08-03,"WL3","3","7.5","V",11,44,"<1","1.1",1,"0.3",NA,NA,NA,NA,NA,2017,NA,NA,NA,NA,NA,NA,NA,NA,NA,NA,NA,NA,NA,NA,NA,NA,NA,NA,0.5
"141",2017-08-03,"WL3","3","7.5","V",14,43,"<1","1.7",1,"0.7",NA,NA,NA,NA,NA,2017,NA,NA,NA,NA,NA,NA,NA,NA,NA,NA,NA,NA,NA,NA,NA,NA,NA,NA,0.5
"142",2017-08-03,"WL3","3","7.0",NA,NA,NA,NA,NA,NA,NA,NA,NA,NA,NA,"none",2017,NA,NA,NA,NA,NA,NA,NA,NA,NA,NA,NA,NA,NA,NA,NA,NA,NA,NA,NA
"143",2017-08-03,"WL3","3","6.5","V",35,16,"<1","1.4",1,"0.6",NA,NA,NA,NA,NA,2017,NA,NA,NA,NA,NA,NA,NA,NA,NA,NA,NA,NA,NA,NA,NA,NA,NA,NA,0.5
"144",2017-08-03,"WL3","3","6.5","V",28,20,"<1","1.0",1,"0.5",NA,NA,NA,NA,NA,2017,NA,NA,NA,NA,NA,NA,NA,NA,NA,NA,NA,NA,NA,NA,NA,NA,NA,NA,0.5
"145",2017-08-03,"WL3","3","6.5","V",32,48,"<1","2.1",1,"0.8",NA,NA,NA,NA,NA,2017,NA,NA,NA,NA,NA,NA,NA,NA,NA,NA,NA,NA,NA,NA,NA,NA,NA,NA,0.5
"146",2017-08-03,"WL3","3","6.5","V",13,46,"<1","0.9",1,"0.4",NA,NA,NA,NA,NA,2017,NA,NA,NA,NA,NA,NA,NA,NA,NA,NA,NA,NA,NA,NA,NA,NA,NA,NA,0.5
"147",2017-08-03,"WL3","3","6.5","V",12,39,"<1","2.2",1,"0.5",NA,NA,NA,NA,NA,2017,NA,NA,NA,NA,NA,NA,NA,NA,NA,NA,NA,NA,NA,NA,NA,NA,NA,NA,0.5
"148",2017-08-03,"WL3","3","6.5","V",11,33,"<1","0.5",1,"0.2",NA,NA,NA,NA,NA,2017,NA,NA,NA,NA,NA,NA,NA,NA,NA,NA,NA,NA,NA,NA,NA,NA,NA,NA,0.5
"149",2017-08-03,"WL3","3","2.0","V",9,26,"1.26","4.5",2,"1.7",NA,NA,NA,NA,NA,2017,NA,NA,NA,NA,NA,NA,NA,NA,NA,NA,NA,NA,NA,NA,NA,NA,NA,NA,1.26
"150",2017-08-03,"WL3","3","2.0","V",13,40,"<1","1.1",1,"0.3",NA,NA,NA,NA,NA,2017,NA,NA,NA,NA,NA,NA,NA,NA,NA,NA,NA,NA,NA,NA,NA,NA,NA,NA,0.5
"151",2017-08-03,"WL3","3","2.0","V",16,39,"<1","1.2",1,"0.5",NA,NA,NA,NA,NA,2017,NA,NA,NA,NA,NA,NA,NA,NA,NA,NA,NA,NA,NA,NA,NA,NA,NA,NA,0.5
"152",2017-08-03,"WL3","3","2.0","P",35,50,"1.49","9.9",9,NA,NA,"14.0",6,9,NA,2017,NA,NA,NA,NA,NA,NA,NA,NA,NA,NA,NA,NA,NA,NA,NA,NA,NA,NA,1.49
"153",2017-08-03,"WL3","3","2.0","V",38,18,"~1","3.0",1,"0.5",NA,NA,NA,NA,NA,2017,NA,NA,NA,NA,NA,NA,NA,NA,NA,NA,NA,NA,NA,NA,NA,NA,NA,NA,0.5
"154",2017-08-03,"WL3","3","2.5","V",0,28,"<1","0.9",1,"0.3",NA,NA,NA,NA,NA,2017,NA,NA,NA,NA,NA,NA,NA,NA,NA,NA,NA,NA,NA,NA,NA,NA,NA,NA,0.5
"155",2017-08-03,"WL3","3","2.5","V",10,6,"<1","1.5",1,"0.6",NA,NA,NA,NA,NA,2017,NA,NA,NA,NA,NA,NA,NA,NA,NA,NA,NA,NA,NA,NA,NA,NA,NA,NA,0.5
"156",2017-08-03,"WL3","3","2.5","V",21,9,"1.2","3.9",3,"2.2",NA,NA,NA,NA,NA,2017,NA,NA,NA,NA,NA,NA,NA,NA,NA,NA,NA,NA,NA,NA,NA,NA,NA,NA,1.2
"157",2017-08-03,"WL3","3","3.0","V",39,17,"<1","2.1",1,"0.4",NA,NA,NA,NA,"shriveled up",2017,NA,NA,NA,NA,NA,NA,NA,NA,NA,NA,NA,NA,NA,NA,NA,NA,NA,NA,0.5
"158",2017-08-03,"WL3","3","3.5","V",7,25,"~1","1.8",1,"1.3",NA,NA,NA,NA,NA,2017,NA,NA,NA,NA,NA,NA,NA,NA,NA,NA,NA,NA,NA,NA,NA,NA,NA,NA,0.5
"159",2017-08-03,"WL3","3","3.5","V",27,50,"~1","2.8",2,"1.2",NA,NA,NA,NA,NA,2017,NA,NA,NA,NA,NA,NA,NA,NA,NA,NA,NA,NA,NA,NA,NA,NA,NA,NA,0.5
"160",2017-08-03,"WL3","3","3.5","V",32,39,"~1","3.3",2,"1.2",NA,NA,NA,NA,"herbivory",2017,NA,NA,NA,NA,NA,NA,NA,NA,NA,NA,NA,NA,NA,NA,NA,NA,NA,NA,0.5
"161",2017-08-03,"WL3","3","3.5","V",36,12,"<1","2.9",1,"0.3",NA,NA,NA,NA,"shriveled up",2017,NA,NA,NA,NA,NA,NA,NA,NA,NA,NA,NA,NA,NA,NA,NA,NA,NA,NA,0.5
"162",2017-08-03,"WL3","3","3.5","F",43,44,"2.32","6.0",4,NA,NA,NA,NA,NA,"*the only one reprod. branch broken off",2017,NA,NA,NA,NA,NA,NA,NA,NA,NA,NA,NA,NA,NA,NA,NA,NA,NA,NA,2.32
"163",2017-08-03,"WL3","3","3.5","V",44,49,"<1","0.8",1,"0.3",NA,NA,NA,NA,NA,2017,NA,NA,NA,NA,NA,NA,NA,NA,NA,NA,NA,NA,NA,NA,NA,NA,NA,NA,0.5
"164",2017-08-03,"WL3","3","4.0","P",0,44,"~1","8.0",3,NA,NA,"1.0",2.4,2,"one branch broken off",2017,NA,NA,NA,NA,NA,NA,NA,NA,NA,NA,NA,NA,NA,NA,NA,NA,NA,NA,0.5
"165",2017-08-03,"WL3","3","4.5","P",33,2,"1.36","13.5",6,NA,NA,"8.0",3.5,6,NA,2017,NA,NA,NA,NA,NA,NA,NA,NA,NA,NA,NA,NA,NA,NA,NA,NA,NA,NA,1.36
"166",2017-08-03,"WL3","3","4.5","P",32,40,"1.25","9.0",2,NA,NA,"2.0",4.1,2,NA,2017,NA,NA,NA,NA,NA,NA,NA,NA,NA,NA,NA,NA,NA,NA,NA,NA,NA,NA,1.25
"167",2017-08-03,"WL3","3","4.5","V",45,30,"<1","1.1",1,"0.3",NA,NA,NA,NA,NA,2017,NA,NA,NA,NA,NA,NA,NA,NA,NA,NA,NA,NA,NA,NA,NA,NA,NA,NA,0.5
"168",2017-08-03,"WL3","3","5.0","V",45,17,"~1","5.0",1,"1.5",NA,NA,NA,NA,NA,2017,NA,NA,NA,NA,NA,NA,NA,NA,NA,NA,NA,NA,NA,NA,NA,NA,NA,NA,0.5
"169",2017-08-03,"WL3","3","5.5","F",8,28,"~1","9.8",2,NA,"1.0","2.0",1.2,2,NA,2017,NA,NA,NA,NA,NA,NA,NA,NA,NA,NA,NA,NA,NA,NA,NA,NA,NA,NA,0.5
"170",2017-08-03,"WL3","3","5.5","V",47,10,"1.56","4.0",3,"1.6",NA,NA,NA,NA,NA,2017,NA,NA,NA,NA,NA,NA,NA,NA,NA,NA,NA,NA,NA,NA,NA,NA,NA,NA,1.56
"171",2017-08-03,"WL3","3","6.0","V",28,38,"<1","1.5",1,"0.3",NA,NA,NA,NA,NA,2017,NA,NA,NA,NA,NA,NA,NA,NA,NA,NA,NA,NA,NA,NA,NA,NA,NA,NA,0.5
"172",2017-08-03,"WL3","3","6.0","F",35,48,"~1","5.1",2,NA,"2.0","1.0",0.6,1,"(checking note: flower# entered as 1 but physical data sheet has 2)",2017,NA,NA,NA,NA,NA,NA,NA,NA,NA,NA,NA,NA,NA,NA,NA,NA,NA,NA,0.5
"173",2017-08-03,"WL3","3","6.0","P",36,8,"~1","10.8",2,NA,NA,"2.0",4.1,2,"(checking note: flower# entered as 2 but physical data sheet has NA)",2017,NA,NA,NA,NA,NA,NA,NA,NA,NA,NA,NA,NA,NA,NA,NA,NA,NA,NA,0.5
"174",2017-08-03,"WL3","3","6.0","P",46,29,"2.32","10.0",4,NA,"10.0","10.0",4.3,4,NA,2017,NA,NA,NA,NA,NA,NA,NA,NA,NA,NA,NA,NA,NA,NA,NA,NA,NA,NA,2.32
"175",2017-08-03,"WL3","3","6.0","V",49,1,"1.9","4.0",4,"1.8",NA,NA,NA,NA,NA,2017,NA,NA,NA,NA,NA,NA,NA,NA,NA,NA,NA,NA,NA,NA,NA,NA,NA,NA,1.9
"176",2017-08-03,"WL3","3","6.0","V",49,35,"<1","0.9",1,"0.2",NA,NA,NA,NA,NA,2017,NA,NA,NA,NA,NA,NA,NA,NA,NA,NA,NA,NA,NA,NA,NA,NA,NA,NA,0.5
"177",2018-07-30,"WL3","2","1","X",31,28,NA,NA,NA,NA,NA,NA,NA,NA,NA,2018,2017,NA,NA,"Jenna & Elena",NA,NA,NA,NA,"red",NA,NA,NA,NA,NA,NA,NA,NA,NA,NA
"178",2018-07-30,"WL3","2","1","X",44,13,NA,NA,NA,NA,NA,NA,NA,NA,NA,2018,2017,NA,NA,"Jenna & Elena",NA,NA,NA,NA,"grn",NA,NA,NA,NA,NA,NA,NA,NA,NA,NA
"179",2018-07-30,"WL3","2","1","X",40,49,NA,NA,NA,NA,NA,NA,NA,NA,NA,2018,2017,NA,NA,"Jenna & Elena",NA,NA,NA,NA,"grn",NA,NA,NA,NA,NA,NA,NA,NA,NA,NA
"180",2018-07-30,"WL3","2","1","blank (probably X)",48,36,NA,NA,NA,NA,NA,NA,NA,NA,NA,2018,2017,NA,NA,"Jenna & Elena",NA,NA,NA,NA,"red",NA,NA,NA,NA,NA,NA,NA,NA,NA,NA
"181",2018-07-30,"WL3","2","1","P",49,38,"1.84","15.6",5,NA,"0","6",4.1,5,NA,2018,2017,NA,NA,"Jenna & Elena",NA,NA,NA,NA,"red",NA,NA,"white",NA,NA,NA,NA,NA,NA,1.84
"182",2018-07-30,"WL3","2","2","X",13,46,NA,NA,NA,NA,NA,NA,NA,NA,NA,2018,2017,NA,NA,"Jenna & Elena",NA,NA,NA,NA,"red",NA,NA,NA,NA,NA,NA,NA,NA,NA,NA
"183",2018-07-30,"WL3","2","2","X",22,12,NA,NA,NA,NA,NA,NA,NA,NA,NA,2018,2017,NA,NA,"Jenna & Elena",NA,NA,NA,NA,"grn",NA,NA,NA,NA,NA,NA,NA,NA,NA,NA
"184",2018-07-30,"WL3","2","3","X",25,32,NA,NA,NA,NA,NA,NA,NA,NA,NA,2018,2017,NA,NA,"Jenna & Elena",NA,NA,NA,NA,"red",NA,NA,NA,NA,NA,NA,NA,NA,NA,NA
"185",2018-07-30,"WL3","2","3","P",29,13,"1.83","15.4",3,NA,"0","11",5.2,3,NA,2018,2017,NA,NA,"Jenna & Elena",NA,NA,NA,NA,"red",NA,NA,"white",NA,NA,NA,"no",NA,NA,1.83
"186",2018-07-30,"WL3","2","3","X",43,31,NA,NA,NA,NA,NA,NA,NA,NA,NA,2018,2017,NA,NA,"Jenna & Elena",NA,NA,NA,NA,"red",NA,NA,NA,NA,NA,NA,NA,NA,NA,NA
"187",2018-07-30,"WL3","2","3","X",45,43,NA,NA,NA,NA,NA,NA,NA,NA,NA,2018,2017,NA,NA,"Jenna & Elena",NA,NA,NA,NA,"grn",NA,NA,NA,NA,NA,NA,NA,NA,NA,NA
"188",2018-07-30,"WL3","2","4.5","P",46,11,"2.97","20",16,NA,"0","65",5,16,NA,2018,2017,NA,NA,"Jenna & Elena",NA,NA,NA,NA,"red",NA,NA,"white",NA,NA,NA,"no",NA,NA,2.97
"189",2018-07-30,"WL3","3","0","S",0,31,"1.51","14",3,NA,"0","4",5.2,3,NA,2018,2017,NA,NA,"Jenna & Elena",NA,NA,NA,NA,"red",NA,NA,NA,NA,NA,NA,"no",NA,NA,1.51
"190",2018-07-30,"WL3","3","0","X",3,40,NA,NA,NA,NA,NA,NA,NA,NA,NA,2018,2017,NA,NA,"Jenna & Elena",NA,NA,NA,NA,"grn",NA,NA,NA,NA,NA,NA,NA,NA,NA,NA
"191",2018-07-30,"WL3","3","0","X",0,38,NA,NA,NA,NA,NA,NA,NA,NA,NA,2018,2017,NA,NA,"Jenna & Elena",NA,NA,NA,NA,"grn",NA,NA,NA,NA,NA,NA,NA,NA,NA,NA
"192",2018-07-30,"WL3","3","0","X",0,41,NA,NA,NA,NA,NA,NA,NA,NA,NA,2018,2017,NA,NA,"Jenna & Elena",NA,NA,NA,NA,"grn",NA,NA,NA,NA,NA,NA,NA,NA,NA,NA
"193",2018-07-30,"WL3","3","0","X",7,8,NA,NA,NA,NA,NA,NA,NA,NA,NA,2018,2017,NA,NA,"Jenna & Elena",NA,NA,NA,NA,"grn",NA,NA,NA,NA,NA,NA,NA,NA,NA,NA
"194",2018-07-30,"WL3","3","0","X",11,42,NA,NA,NA,NA,NA,NA,NA,NA,NA,2018,2017,NA,NA,"Jenna & Elena",NA,NA,NA,NA,"grn",NA,NA,NA,NA,NA,NA,NA,NA,NA,NA
"195",2018-07-30,"WL3","3","0","X",12,23,NA,NA,NA,NA,NA,NA,NA,NA,NA,2018,2017,NA,NA,"Jenna & Elena",NA,NA,NA,NA,"red",NA,NA,NA,NA,NA,NA,NA,NA,NA,NA
"196",2018-07-30,"WL3","3","0","X",0,13,NA,NA,NA,NA,NA,NA,NA,NA,NA,2018,2017,NA,NA,"Jenna & Elena",NA,NA,NA,NA,"grn",NA,NA,NA,NA,NA,NA,NA,NA,NA,NA
"197",2018-07-30,"WL3","3","0","X",14,5,NA,NA,NA,NA,NA,NA,NA,NA,NA,2018,2017,NA,NA,"Jenna & Elena",NA,NA,NA,NA,"red",NA,NA,NA,NA,NA,NA,NA,NA,NA,NA
"198",2018-07-30,"WL3","3","0","PF",15,3,"2.29","13.5",4,NA,NA,"16",5.5,4,NA,2018,2017,NA,NA,"Jenna & Elena",NA,NA,NA,NA,"red",NA,NA,"white",NA,NA,NA,"no",NA,NA,2.29
"199",2018-07-30,"WL3","3","0","X",16,6,NA,NA,NA,NA,NA,NA,NA,NA,NA,2018,2017,NA,NA,"Jenna & Elena",NA,NA,NA,NA,"red",NA,NA,NA,NA,NA,NA,NA,NA,NA,NA
"200",2018-07-30,"WL3","3","0","X",19,0,NA,NA,NA,NA,NA,NA,NA,NA,NA,2018,2017,NA,NA,"Jenna & Elena",NA,NA,NA,NA,"grn",NA,NA,NA,NA,NA,NA,NA,NA,NA,NA
"201",2018-07-30,"WL3","3","0","X",25,7,NA,NA,NA,NA,NA,NA,NA,NA,NA,2018,2017,NA,NA,"Jenna & Elena",NA,NA,NA,NA,"red",NA,NA,NA,NA,NA,NA,NA,NA,NA,NA
"202",2018-07-30,"WL3","3","0","X",40,12,NA,NA,NA,NA,NA,NA,NA,NA,NA,2018,2017,NA,NA,"Jenna & Elena",NA,NA,NA,NA,"grn",NA,NA,NA,NA,NA,NA,NA,NA,NA,NA
"203",2018-07-30,"WL3","3","0","X",40,49,NA,NA,NA,NA,NA,NA,NA,NA,NA,2018,2017,NA,NA,"Jenna & Elena",NA,NA,NA,NA,"red",NA,NA,NA,NA,NA,NA,NA,NA,NA,NA
"204",2018-07-30,"WL3","3","1","X",9,20,NA,NA,NA,NA,NA,NA,NA,NA,NA,2018,2017,NA,NA,"Jenna & Elena",NA,NA,NA,NA,"grn",NA,NA,NA,NA,NA,NA,NA,NA,NA,NA
"205",2018-07-30,"WL3","3","1.5","S",27,42,"4.1500000000000004","27",5,NA,"0","35",6.1,5,NA,2018,2017,NA,NA,"Jenna & Elena",NA,NA,NA,NA,"red",NA,NA,NA,NA,NA,NA,"no",NA,NA,4.15
"206",2018-07-30,"WL3","3","1.5","X",39,29,NA,NA,NA,NA,NA,NA,NA,NA,NA,2018,2017,NA,NA,"Jenna & Elena",NA,NA,NA,NA,"red",NA,NA,NA,NA,NA,NA,NA,NA,NA,NA
"207",2018-07-30,"WL3","3","1.5","X",41,37,NA,NA,NA,NA,NA,NA,NA,NA,NA,2018,2017,NA,NA,"blank",NA,NA,NA,NA,"red",NA,NA,NA,NA,NA,NA,NA,NA,NA,NA
"208",2018-07-30,"WL3","3","1.5","X",44,39.5,NA,NA,NA,NA,NA,NA,NA,NA,NA,2018,2017,NA,NA,"blank",NA,NA,NA,NA,"red",NA,NA,NA,NA,NA,NA,NA,NA,NA,NA
"209",2018-07-30,"WL3","3","7.5","P",11,17,"4.7","28.4",10,NA,"0","37",6.5,10,NA,2018,2017,NA,NA,"blank",NA,NA,NA,NA,"grn",NA,NA,"no",NA,NA,NA,"no",NA,NA,4.7
"210",2018-07-30,"WL3","3","7.5","X",9,25,NA,NA,NA,NA,NA,NA,NA,NA,NA,2018,2017,NA,NA,"blank",NA,NA,NA,NA,"red",NA,NA,NA,NA,NA,NA,NA,NA,NA,NA
"211",2018-07-30,"WL3","3","7.5","X",8,44,NA,NA,NA,NA,NA,NA,NA,NA,NA,2018,2017,NA,NA,"blank",NA,NA,NA,NA,"red",NA,NA,NA,NA,NA,NA,NA,NA,NA,NA
"212",2018-07-30,"WL3","3","7.5","X",11,44,NA,NA,NA,NA,NA,NA,NA,NA,NA,2018,2017,NA,NA,"blank",NA,NA,NA,NA,"red",NA,NA,NA,NA,NA,NA,NA,NA,NA,NA
"213",2018-07-30,"WL3","3","7.5","X",14,43,NA,NA,NA,NA,NA,NA,NA,NA,NA,2018,2017,NA,NA,"blank",NA,NA,NA,NA,"red",NA,NA,NA,NA,NA,NA,NA,NA,NA,NA
"214",2018-07-30,"WL3","3","6.5","X",35,16,NA,NA,NA,NA,NA,NA,NA,NA,NA,2018,2017,NA,NA,"blank",NA,NA,NA,NA,"red",NA,NA,NA,NA,NA,NA,NA,NA,NA,NA
"215",2018-07-30,"WL3","3","6.5","P",28,20,"1.7","22.2",2,NA,NA,"9",4.7,2,NA,2018,2017,NA,NA,"blank",NA,NA,NA,NA,"red",NA,NA,"no",NA,NA,NA,"no",NA,NA,1.7
"216",2018-07-30,"WL3","3","6.5","V",32,48,"1.42","3.9",3,"0.9",NA,NA,NA,NA,NA,2018,2017,NA,NA,"blank",NA,NA,NA,NA,"red",NA,NA,NA,NA,NA,NA,"no",NA,NA,1.42
"217",2018-07-30,"WL3","3","6.5","X",13,46,NA,NA,NA,NA,NA,NA,NA,NA,NA,2018,2017,NA,NA,"blank",NA,NA,NA,NA,"red",NA,NA,NA,NA,NA,NA,NA,NA,NA,NA
"218",2018-07-30,"WL3","3","6.5","X",12,39,NA,NA,NA,NA,NA,NA,NA,NA,NA,2018,2017,NA,NA,"blank",NA,NA,NA,NA,"red",NA,NA,NA,NA,NA,NA,NA,NA,NA,NA
"219",2018-07-30,"WL3","3","6.5","V",11,33,"0.97","2.2000000000000002",3,"0.3",NA,NA,NA,NA,NA,2018,2017,NA,NA,"blank",NA,NA,NA,NA,"red",NA,NA,NA,NA,NA,NA,"no",NA,NA,0.5
"220",2018-07-30,"WL3","3","2","S",9,26,"3.58","13",2,NA,"0","10",4.5,2,NA,2018,2017,NA,NA,"blank",NA,NA,NA,NA,"red",NA,NA,"white",NA,NA,NA,"no",NA,NA,3.58
"221",2018-07-30,"WL3","3","2","X",13,40,NA,NA,NA,NA,NA,NA,NA,NA,NA,2018,2017,NA,NA,"blank",NA,NA,NA,NA,"red",NA,NA,NA,NA,NA,NA,NA,NA,NA,NA
"222",2018-07-30,"WL3","3","2","PF",16,39,"<1","6",2,NA,"0","2",2.9,2,NA,2018,2017,NA,NA,"blank",NA,NA,NA,NA,"red",NA,NA,"white",NA,NA,NA,"no",NA,NA,0.5
"223",2018-07-30,"WL3","3","2","X",35,50,NA,NA,NA,NA,NA,NA,NA,NA,NA,2018,2017,NA,NA,"blank",NA,NA,NA,NA,"grn",NA,NA,NA,NA,NA,NA,NA,NA,NA,NA
"224",2018-07-30,"WL3","3","2","PF",38,18,"1.79","16",4,NA,"0","7",7.2,4,NA,2018,2017,NA,NA,"blank",NA,NA,NA,NA,"red",NA,NA,"white",NA,NA,NA,"no",NA,NA,1.79
"225",2018-07-30,"WL3","3","2.5","X",0,28,NA,NA,NA,NA,NA,NA,NA,NA,NA,2018,2017,NA,NA,"blank",NA,NA,NA,NA,"red",NA,NA,NA,NA,NA,NA,NA,NA,NA,NA
"226",2018-07-30,"WL3","3","2.5","X",10,6,NA,NA,NA,NA,NA,NA,NA,NA,NA,2018,2017,NA,NA,"blank",NA,NA,NA,NA,"red",NA,NA,NA,NA,NA,NA,NA,NA,NA,NA
"227",2018-07-30,"WL3","3","2.5","PF",21,9,"3.99","21.4",3,NA,"0","66",5,3,NA,2018,2017,NA,NA,"blank",NA,NA,NA,NA,"red",NA,NA,NA,NA,NA,NA,"no",NA,NA,3.99
"228",2018-07-30,"WL3","3","3","X",39,17,NA,NA,NA,NA,NA,NA,NA,NA,NA,2018,2017,NA,NA,"blank",NA,NA,NA,NA,"red",NA,NA,NA,NA,NA,NA,NA,NA,NA,NA
"229",2018-07-30,"WL3","3","3.5","X",7,25,NA,NA,NA,NA,NA,NA,NA,NA,NA,2018,2017,NA,NA,"blank",NA,NA,NA,NA,"red",NA,NA,NA,NA,NA,NA,NA,NA,NA,NA
"230",2018-07-30,"WL3","3","3.5","PF",27,50,"1.93","21",4,NA,"0","13",6.3,4,NA,2018,2017,NA,NA,"blank",NA,NA,NA,NA,"red",NA,NA,NA,NA,NA,NA,"no",NA,NA,1.93
"231",2018-07-30,"WL3","3","3.5","PF",32,39,"2.13","12.5",2,NA,"0","15",5.9,2,NA,2018,2017,NA,NA,"blank",NA,NA,NA,NA,"red",NA,NA,NA,NA,NA,NA,"no",NA,NA,2.13
"232",2018-07-30,"WL3","3","3.5","X",36,12,NA,NA,NA,NA,NA,NA,NA,NA,NA,2018,2017,NA,NA,"blank",NA,NA,NA,NA,"red",NA,NA,NA,NA,NA,NA,NA,NA,NA,NA
"233",2018-07-30,"WL3","3","3.5","X",43,44,NA,NA,NA,NA,NA,NA,NA,NA,NA,2018,2017,NA,NA,"blank",NA,NA,NA,NA,"grn",NA,NA,NA,NA,NA,NA,NA,NA,NA,NA
"234",2018-07-30,"WL3","3","3.5","PF",44,49,"4.34","21.2",3,NA,"0","37",6.5,3,NA,2018,2017,NA,NA,"blank",NA,NA,NA,NA,"red",NA,NA,NA,NA,NA,NA,"no",NA,NA,4.34
"235",2018-07-30,"WL3","3","4","X",0,4,NA,NA,NA,NA,NA,NA,NA,NA,NA,2018,2017,NA,NA,"blank",NA,NA,NA,NA,"grn",NA,NA,NA,NA,NA,NA,NA,NA,NA,NA
"236",2018-07-30,"WL3","3","4.5","X",33,2,NA,NA,NA,NA,NA,NA,NA,NA,NA,2018,2017,NA,NA,"blank",NA,NA,NA,NA,"grn",NA,NA,NA,NA,NA,NA,NA,NA,NA,NA
"237",2018-07-30,"WL3","2","3","X",NA,NA,NA,NA,NA,NA,NA,NA,NA,NA,NA,2018,2018,NA,NA,"Eva, Mimi, and Niel",NA,NA,NA,NA,NA,NA,NA,"grn",NA,NA,NA,NA,NA,NA,NA
"238",2018-07-30,"WL3","2","3","X",NA,NA,NA,NA,NA,NA,NA,NA,NA,NA,NA,2018,2018,NA,NA,"Eva, Mimi, and Niel",NA,NA,NA,NA,NA,NA,NA,"grn",NA,NA,NA,NA,NA,NA,NA
"239",2018-07-30,"WL3","2","3.5","V",9,5,"<1","1.6",1,"0.6",NA,NA,NA,NA,NA,2018,2018,NA,NA,"Eva, Mimi, and Niel",NA,NA,NA,NA,"blue",NA,NA,"grn",NA,NA,NA,"no",NA,NA,0.5
"240",2018-07-30,"WL3","2","3.5","V",0,11,"<1","1.7",1,"0.3",NA,NA,NA,NA,NA,2018,2018,NA,NA,"Eva, Mimi, and Niel",NA,NA,NA,NA,"blue",NA,NA,"grn",NA,NA,NA,"no",NA,NA,0.5
"241",2018-07-30,"WL3","2","3.5","V",43,11,"<1","2",1,"0.2",NA,NA,NA,NA,NA,2018,2018,NA,NA,"Eva, Mimi, and Niel",NA,NA,NA,NA,"blue",NA,NA,"grn",NA,NA,NA,"no",NA,NA,0.5
"242",2018-07-30,"WL3","2","3.5","V",12,35,"<1","1.9",1,"0.7",NA,NA,NA,NA,NA,2018,2018,NA,NA,"Eva, Mimi, and Niel",NA,NA,NA,NA,"blue",NA,NA,"grn",NA,NA,NA,"no",NA,NA,0.5
"243",2018-07-30,"WL3","2","3.5","V",0,30,"<1","1.7",1,"0.5",NA,NA,NA,NA,NA,2018,2018,NA,NA,"Eva, Mimi, and Niel",NA,NA,NA,NA,"blue",NA,NA,"grn",NA,NA,NA,"no",NA,NA,0.5
"244",2018-07-30,"WL3","2","3.5","X",NA,NA,NA,NA,NA,NA,NA,NA,NA,NA,NA,2018,2018,NA,NA,"Eva, Mimi, and Niel",NA,NA,NA,NA,NA,NA,NA,"pink",NA,NA,NA,"no",NA,NA,NA
"245",2018-07-30,"WL3","2","4","V",2,45,"<1","2.4",1,"0.9",NA,NA,NA,NA,NA,2018,2018,NA,NA,"Eva, Mimi, and Niel",NA,NA,NA,NA,"blue",NA,NA,"grn",NA,NA,NA,"no",NA,NA,0.5
"246",2018-07-30,"WL3","2","4","V",5,7,"<1","1.2",1,"0.6",NA,NA,NA,NA,NA,2018,2018,NA,NA,"Eva, Mimi, and Niel",NA,NA,NA,NA,"blue",NA,NA,"grn",NA,NA,NA,"no",NA,NA,0.5
"247",2018-07-30,"WL3","2","4","V",35,3,"<1","2.7",1,"0.8",NA,NA,NA,NA,NA,2018,2018,NA,NA,"Eva, Mimi, and Niel",NA,NA,NA,NA,"blue",NA,NA,"grn",NA,NA,NA,"no",NA,NA,0.5
"248",2018-07-30,"WL3","3","4.5","V",30,32,"<1","1.6",1,"0.3",NA,NA,NA,NA,NA,2018,2018,NA,NA,"Eva, Mimi, and Niel",NA,NA,NA,NA,"blue",NA,NA,"grn",NA,NA,NA,"no",NA,NA,0.5
"249",2018-07-30,"WL3","3","4.5","V",44,43,"<1","1.1000000000000001",1,"0.2",NA,NA,NA,NA,NA,2018,2018,NA,NA,"Eva, Mimi, and Niel",NA,NA,NA,NA,"blue",NA,NA,"ylw",NA,NA,NA,"no",NA,NA,0.5
"250",2018-07-30,"WL3","3","0","V",19,7,"<1","2",1,"0.5",NA,NA,NA,NA,NA,2018,2018,NA,NA,"Eva, Mimi, and Niel",NA,NA,NA,NA,"blue",NA,NA,"grn",NA,NA,NA,"no",NA,NA,0.5
"251",2018-07-30,"WL3","3","0","V",29,4,"<1","3.3",1,"1.2",NA,NA,NA,NA,NA,2018,2018,NA,NA,"Eva, Mimi, and Niel",NA,NA,NA,NA,"blue",NA,NA,"grn",NA,NA,NA,"no",NA,NA,0.5
"252",2018-07-30,"WL3","3","0","X",NA,NA,NA,NA,NA,NA,NA,NA,NA,NA,NA,2018,2018,NA,NA,"Eva, Mimi, and Niel",NA,NA,NA,NA,NA,NA,NA,"grn",NA,NA,NA,NA,NA,NA,NA
"253",2018-07-30,"WL3","3","0","X",NA,NA,NA,NA,NA,NA,NA,NA,NA,NA,NA,2018,2018,NA,NA,"Eva, Mimi, and Niel",NA,NA,NA,NA,NA,NA,NA,"grn",NA,NA,NA,NA,NA,NA,NA
"254",2018-07-30,"WL3","3","2","V",42,45,"<1","1.7",1,"0.5",NA,NA,NA,NA,NA,2018,2018,NA,NA,"Eva, Mimi, and Niel",NA,NA,NA,NA,"blue",NA,NA,"grn",NA,NA,NA,"no",NA,NA,0.5
"255",2018-07-30,"WL3","3","2","X",NA,NA,NA,NA,NA,NA,NA,NA,NA,NA,NA,2018,2018,NA,NA,"Eva, Mimi, and Niel",NA,NA,NA,NA,NA,NA,NA,"grn",NA,NA,NA,NA,NA,NA,NA
"256",2018-07-30,"WL3","3","3","X",NA,NA,NA,NA,NA,NA,NA,NA,NA,NA,NA,2018,2018,NA,NA,"Eva, Mimi, and Niel",NA,NA,NA,NA,NA,NA,NA,"grn",NA,NA,NA,NA,NA,NA,NA
"257",2018-07-30,"WL3","3","4","V",40,42,"<1","2",1,"0.6",NA,NA,NA,NA,NA,2018,2018,NA,NA,"Eva, Mimi, and Niel",NA,NA,NA,NA,"blue",NA,NA,"grn",NA,NA,NA,"no",NA,NA,0.5
"258",2018-07-30,"WL3","3","4","X",NA,NA,NA,NA,NA,NA,NA,NA,NA,NA,NA,2018,2018,NA,NA,"Eva, Mimi, and Niel",NA,NA,NA,NA,NA,NA,NA,"pink",NA,NA,NA,NA,NA,NA,NA
"259",2018-07-30,"WL3","3","5","X",NA,NA,NA,NA,NA,NA,NA,NA,NA,NA,NA,2018,2018,NA,NA,"Eva, Mimi, and Niel",NA,NA,NA,NA,NA,NA,NA,"grn",NA,NA,NA,NA,NA,NA,NA
"260",2018-07-30,"WL3","3","6","V",6,32,"<1","1.1000000000000001",1,"0.2",NA,NA,NA,NA,NA,2018,2018,NA,NA,"Eva, Mimi, and Niel",NA,NA,NA,NA,"blue",NA,NA,"grn",NA,NA,NA,"no",NA,NA,0.5
"261",2018-07-30,"WL3","3","6","V",23,32,"<1","1.7",2,"0.4",NA,NA,NA,NA,NA,2018,2018,NA,NA,"Eva, Mimi, and Niel",NA,NA,NA,NA,"blue",NA,NA,"grn",NA,NA,NA,"no",NA,NA,0.5
"262",2018-07-30,"WL3","3","6","V",24,34,"<1","0.8",1,"0.1",NA,NA,NA,NA,NA,2018,2018,NA,NA,"Eva, Mimi, and Niel",NA,NA,NA,NA,"blue",NA,NA,"grn",NA,NA,NA,"no",NA,NA,0.5
"263",2018-07-30,"WL3","3","6","V",23,35,"<1","1.3",1,"0.2",NA,NA,NA,NA,NA,2018,2018,NA,NA,"Eva, Mimi, and Niel",NA,NA,NA,NA,"blue",NA,NA,"grn",NA,NA,NA,"no",NA,NA,0.5
"264",2018-07-30,"WL3","3","6","X",NA,NA,NA,NA,NA,NA,NA,NA,NA,NA,NA,2018,2018,NA,NA,"Eva, Mimi, and Niel",NA,NA,NA,NA,NA,NA,NA,"grn",NA,NA,NA,NA,NA,NA,NA
"265",2018-07-30,"WL3","3","6","X",NA,NA,NA,NA,NA,NA,NA,NA,NA,NA,NA,2018,2018,NA,NA,"Eva, Mimi, and Niel",NA,NA,NA,NA,NA,NA,NA,"grn",NA,NA,NA,NA,NA,NA,NA
"266",2018-07-30,"WL3","3","6","X",NA,NA,NA,NA,NA,NA,NA,NA,NA,NA,NA,2018,2018,NA,NA,"Eva, Mimi, and Niel",NA,NA,NA,NA,NA,NA,NA,"grn",NA,NA,NA,NA,NA,NA,NA
"267",2018-07-30,"WL3","3","3","V",48,10,"<1","25",1,"0.5",NA,NA,NA,NA,"not listed but found",2018,2018,NA,NA,"Eva, Mimi, and Niel",NA,NA,NA,NA,"blue",NA,NA,"grn",NA,NA,NA,"no",NA,NA,0.5
"268",2018-07-30,"WL3","3","3","X",NA,NA,NA,NA,NA,NA,NA,NA,NA,NA,"not listed but found",2018,2018,NA,NA,"Eva, Mimi, and Niel",NA,NA,NA,NA,NA,NA,NA,NA,NA,NA,NA,NA,NA,NA,NA
"269",2018-07-26,"WL3","1","0-0.5","X",3,15,NA,NA,NA,NA,NA,NA,NA,NA,NA,2018,2017,NA,NA,"Elena & Jenna",NA,NA,NA,NA,"red",NA,NA,NA,NA,NA,NA,NA,NA,NA,NA
"270",2018-07-26,"WL3","1","0-0.5","X",30,23,NA,NA,NA,NA,NA,NA,NA,NA,NA,2018,2017,NA,NA,"Elena & Jenna",NA,NA,NA,NA,"grn",NA,NA,NA,NA,NA,NA,NA,NA,NA,NA
"271",2018-07-26,"WL3","1","0.5","S",14,5,"<1","4",1,NA,"0","0",NA,1,NA,2018,2017,NA,NA,"Elena & Jenna",NA,NA,NA,NA,"red",NA,NA,NA,NA,NA,NA,"no",NA,NA,0.5
"272",2018-07-26,"WL3","1","0.5","X",21,32,NA,NA,NA,NA,NA,NA,NA,NA,NA,2018,2017,NA,NA,"Elena & Jenna",NA,NA,NA,NA,"grn",NA,NA,NA,NA,NA,NA,NA,NA,NA,NA
"273",2018-07-26,"WL3","1","0.5","X",10,40,NA,NA,NA,NA,NA,NA,NA,NA,NA,2018,2017,NA,NA,"Elena & Jenna",NA,NA,NA,NA,"grn",NA,NA,NA,NA,NA,NA,NA,NA,NA,NA
"274",2018-07-26,"WL3","1","0.5","X",38,41,NA,NA,NA,NA,NA,NA,NA,NA,NA,2018,2017,NA,NA,"Elena & Jenna",NA,NA,NA,NA,"red",NA,NA,NA,NA,NA,NA,NA,NA,NA,NA
"275",2018-07-26,"WL3","1","0.5","X",9,49,NA,NA,NA,NA,NA,NA,NA,NA,NA,2018,2017,NA,NA,"Elena & Jenna",NA,NA,NA,NA,"red",NA,NA,NA,NA,NA,NA,NA,NA,NA,NA
"276",2018-07-26,"WL3","1","1","X",4,4,NA,NA,NA,NA,NA,NA,NA,NA,NA,2018,2017,NA,NA,"Elena & Jenna",NA,NA,NA,NA,"red",NA,NA,NA,NA,NA,NA,NA,NA,NA,NA
"277",2018-07-26,"WL3","1","1","X",2,11,NA,NA,NA,NA,NA,NA,NA,NA,NA,2018,2017,NA,NA,"Elena & Jenna",NA,NA,NA,NA,"red",NA,NA,NA,NA,NA,NA,NA,NA,NA,NA
"278",2018-07-26,"WL3","1","1","X",15,12,NA,NA,NA,NA,NA,NA,NA,NA,NA,2018,2017,NA,NA,"Elena & Jenna",NA,NA,NA,NA,"red",NA,NA,NA,NA,NA,NA,NA,NA,NA,NA
"279",2018-07-26,"WL3","1","1","X",44,30,NA,NA,NA,NA,NA,NA,NA,NA,NA,2018,2017,NA,NA,"Elena & Jenna",NA,NA,NA,NA,"red",NA,NA,NA,NA,NA,NA,NA,NA,NA,NA
"280",2018-07-26,"WL3","1","1.5","X",12,5,NA,NA,NA,NA,NA,NA,NA,NA,NA,2018,2017,NA,NA,"Elena & Jenna",NA,NA,NA,NA,"red",NA,NA,NA,NA,NA,NA,NA,NA,NA,NA
"281",2018-07-26,"WL3","1","1.5","V",29,38,"<1","2.4",1,"0.9",NA,NA,NA,NA,NA,2018,2017,NA,NA,"Elena & Jenna",NA,NA,NA,NA,"red",NA,NA,NA,NA,NA,NA,"no",NA,NA,0.5
"282",2018-07-26,"WL3","1","1.5","X",39,19,NA,NA,NA,NA,NA,NA,NA,NA,NA,2018,2017,NA,NA,"Elena & Jenna",NA,NA,NA,NA,"red",NA,NA,NA,NA,NA,NA,NA,NA,NA,NA
"283",2018-07-26,"WL3","1","1.5","X",43,20,NA,NA,NA,NA,NA,NA,NA,NA,NA,2018,2017,NA,NA,"Elena & Jenna",NA,NA,NA,NA,"red",NA,NA,NA,NA,NA,NA,NA,NA,NA,NA
"284",2018-07-26,"WL3","1","1.5","V",46,21,"<1","6.5",1,"1.4",NA,NA,NA,NA,NA,2018,2017,NA,NA,"Elena & Jenna",NA,NA,NA,NA,"red",NA,NA,NA,NA,NA,NA,"no",NA,NA,0.5
"285",2018-07-26,"WL3","1","1.5","X",40,45,NA,NA,NA,NA,NA,NA,NA,NA,NA,2018,2017,NA,NA,"Elena & Jenna",NA,NA,NA,NA,"red",NA,NA,NA,NA,NA,NA,NA,NA,NA,NA
"286",2018-07-26,"WL3","1","2","X",1,21,NA,NA,NA,NA,NA,NA,NA,NA,NA,2018,2017,NA,NA,"Elena & Jenna",NA,NA,NA,NA,"red",NA,NA,NA,NA,NA,NA,NA,NA,NA,NA
"287",2018-07-26,"WL3","1","2","V",2,24,"1.1000000000000001","7",3,"1.6",NA,NA,NA,NA,NA,2018,2017,NA,NA,"Elena & Jenna",NA,NA,NA,NA,"red",NA,NA,NA,NA,NA,NA,"no",NA,NA,1.1
"288",2018-07-26,"WL3","1","2","X",6,28,NA,NA,NA,NA,NA,NA,NA,NA,NA,2018,2017,NA,NA,"Elena & Jenna",NA,NA,NA,NA,"red",NA,NA,NA,NA,NA,NA,NA,NA,NA,NA
"289",2018-07-26,"WL3","1","2","P",37,45,"1.28","16",6,NA,"0","10",4.8,6,NA,2018,2017,NA,NA,"Elena & Jenna",NA,NA,NA,NA,"red",NA,NA,NA,NA,NA,NA,"no",NA,NA,1.28
"290",2018-07-26,"WL3","1","2","X",41,15,NA,NA,NA,NA,NA,NA,NA,NA,NA,2018,2017,NA,NA,"Elena & Jenna",NA,NA,NA,NA,"red",NA,NA,NA,NA,NA,NA,NA,NA,NA,NA
"291",2018-07-26,"WL3","1","2.5","S",10,16,"<1","5",1,NA,"0","2",3.5,1,NA,2018,2017,NA,NA,"Elena & Jenna",NA,NA,NA,NA,"red",NA,NA,"white",NA,NA,NA,"no",NA,NA,0.5
"292",2018-07-26,"WL3","1","2.5","X",47,35,NA,NA,NA,NA,NA,NA,NA,NA,NA,2018,2017,NA,NA,"Elena & Jenna",NA,NA,NA,NA,"red",NA,NA,NA,NA,NA,NA,NA,NA,NA,NA
"293",2018-07-26,"WL3","1","3","X",15,14,NA,NA,NA,NA,NA,NA,NA,NA,NA,2018,2017,NA,NA,"Elena & Jenna",NA,NA,NA,NA,"grn",NA,NA,NA,NA,NA,NA,NA,NA,NA,NA
"294",2018-07-26,"WL3","1","3","X",34,4,NA,NA,NA,NA,NA,NA,NA,NA,NA,2018,2017,NA,NA,"Elena & Jenna",NA,NA,NA,NA,"grn",NA,NA,NA,NA,NA,NA,NA,NA,NA,NA
"295",2018-07-26,"WL3","1","3","X",41,38,NA,NA,NA,NA,NA,NA,NA,NA,NA,2018,2017,NA,NA,"Elena & Jenna",NA,NA,NA,NA,"red",NA,NA,NA,NA,NA,NA,NA,NA,NA,NA
"296",2018-07-26,"WL3","1","3.5","V",36,22,"1.59","3.5",4,"1.3",NA,NA,NA,NA,NA,2018,2017,NA,NA,"Elena & Jenna",NA,NA,NA,NA,"red",NA,NA,NA,NA,NA,NA,NA,NA,NA,1.59
"297",2018-07-26,"WL3","1","3.5","V",40,22,"<1","2.8",1,"0.9",NA,NA,NA,NA,NA,2018,2017,NA,NA,"Elena & Jenna",NA,NA,NA,NA,"red",NA,NA,NA,NA,NA,NA,NA,NA,NA,0.5
"298",2018-07-26,"WL3","1","3.5","X",2,32,NA,NA,NA,NA,NA,NA,NA,NA,NA,2018,2017,NA,NA,"Elena & Jenna",NA,NA,NA,NA,"red",NA,NA,NA,NA,NA,NA,NA,NA,NA,NA
"299",2018-07-26,"WL3","1","4","X",41,42,NA,NA,NA,NA,NA,NA,NA,NA,NA,2018,2017,NA,NA,"Eva & Niel",NA,NA,NA,NA,"grn",NA,NA,NA,NA,NA,NA,NA,NA,NA,NA
"300",2018-07-26,"WL3","1","4.5","X",5,7,NA,NA,NA,NA,NA,NA,NA,NA,NA,2018,2017,NA,NA,"Eva & Niel",NA,NA,NA,NA,"red",NA,NA,NA,NA,NA,NA,NA,NA,NA,NA
"301",2018-07-26,"WL3","1","8.5","X",30,4,NA,NA,NA,NA,NA,NA,NA,NA,NA,2018,2017,NA,NA,"Eva & Niel",NA,NA,NA,NA,"grn",NA,NA,NA,NA,NA,NA,NA,NA,NA,NA
"302",2018-07-26,"WL3","1","8.5","X",28,22,NA,NA,NA,NA,NA,NA,NA,NA,NA,2018,2017,NA,NA,"Eva & Niel",NA,NA,NA,NA,"grn",NA,NA,NA,NA,NA,NA,NA,NA,NA,NA
"303",2018-07-26,"WL3","1","9.5","X",4,12,NA,NA,NA,NA,NA,NA,NA,NA,NA,2018,2017,NA,NA,"Eva & Niel",NA,NA,NA,NA,"grn",NA,NA,NA,NA,NA,NA,NA,NA,NA,NA
"304",2018-07-26,"WL3","1","9.5","X",9,18,NA,NA,NA,NA,NA,NA,NA,NA,NA,2018,2017,NA,NA,"Eva & Niel",NA,NA,NA,NA,"grn",NA,NA,NA,NA,NA,NA,NA,NA,NA,NA
"305",2018-07-26,"WL3","1","9.5","X",11,45,NA,NA,NA,NA,NA,NA,NA,NA,NA,2018,2017,NA,NA,"Eva & Niel",NA,NA,NA,NA,"red",NA,NA,NA,NA,NA,NA,NA,NA,NA,NA
"306",2018-07-26,"WL3","1","9.5","X",28,20,NA,NA,NA,NA,NA,NA,NA,NA,NA,2018,2017,NA,NA,"Eva & Niel",NA,NA,NA,NA,"red",NA,NA,NA,NA,NA,NA,NA,NA,NA,NA
"307",2018-07-26,"WL3","1","9.5","X",34,24,NA,NA,NA,NA,NA,NA,NA,NA,NA,2018,2017,NA,NA,"Eva & Niel",NA,NA,NA,NA,"red",NA,NA,NA,NA,NA,NA,NA,NA,NA,NA
"308",2018-07-26,"WL3","1","9.5","X",41,25,NA,NA,NA,NA,NA,NA,NA,NA,NA,2018,2017,NA,NA,"Eva & Niel",NA,NA,NA,NA,"grn",NA,NA,NA,NA,NA,NA,NA,NA,NA,NA
"309",2018-07-26,"WL3","1","9.5","X",49,40,NA,NA,NA,NA,NA,NA,NA,NA,NA,2018,2017,NA,NA,"Eva & Niel",NA,NA,NA,NA,"grn",NA,NA,NA,NA,NA,NA,NA,NA,NA,NA
"310",2018-07-26,"WL3","1","9","X",49,3,NA,NA,NA,NA,NA,NA,NA,NA,NA,2018,2017,NA,NA,"Eva & Niel",NA,NA,NA,NA,"red",NA,NA,NA,NA,NA,NA,NA,NA,NA,NA
"311",2018-07-26,"WL3","1","9","X",48,3,NA,NA,NA,NA,NA,NA,NA,NA,NA,2018,2017,NA,NA,"Eva & Niel",NA,NA,NA,NA,"red",NA,NA,NA,NA,NA,NA,NA,NA,NA,NA
"312",2018-07-26,"WL3","1","9","X",32,5,NA,NA,NA,NA,NA,NA,NA,NA,NA,2018,2017,NA,NA,"Eva & Niel",NA,NA,NA,NA,"grn",NA,NA,NA,NA,NA,NA,NA,NA,NA,NA
"313",2018-07-26,"WL3","1","9","X",27,5,NA,NA,NA,NA,NA,NA,NA,NA,NA,2018,2017,NA,NA,"Eva & Niel",NA,NA,NA,NA,"grn",NA,NA,NA,NA,NA,NA,NA,NA,NA,NA
"314",2018-07-26,"WL3","1","9","X",24,18,NA,NA,NA,NA,NA,NA,NA,NA,NA,2018,2017,NA,NA,"Eva & Niel",NA,NA,NA,NA,"grn",NA,NA,NA,NA,NA,NA,NA,NA,NA,NA
"315",2018-07-26,"WL3","1","9","X",21,43,NA,NA,NA,NA,NA,NA,NA,NA,NA,2018,2017,NA,NA,"Eva & Niel",NA,NA,NA,NA,"grn",NA,NA,NA,NA,NA,NA,NA,NA,NA,NA
"316",2018-07-26,"WL3","1","9","X",19,22,NA,NA,NA,NA,NA,NA,NA,NA,NA,2018,2017,NA,NA,"Eva & Niel",NA,NA,NA,NA,"grn",NA,NA,NA,NA,NA,NA,NA,NA,NA,NA
"317",2018-07-26,"WL3","1","9","X",18,33,NA,NA,NA,NA,NA,NA,NA,NA,NA,2018,2017,NA,NA,"Eva & Niel",NA,NA,NA,NA,"grn",NA,NA,NA,NA,NA,NA,NA,NA,NA,NA
"318",2018-07-26,"WL3","1","9","X",18,26,NA,NA,NA,NA,NA,NA,NA,NA,NA,2018,2017,NA,NA,"Eva & Niel",NA,NA,NA,NA,"grn",NA,NA,NA,NA,NA,NA,NA,NA,NA,NA
"319",2018-07-26,"WL3","1","9","X",18,22,NA,NA,NA,NA,NA,NA,NA,NA,NA,2018,2017,NA,NA,"Eva & Niel",NA,NA,NA,NA,"grn",NA,NA,NA,NA,NA,NA,NA,NA,NA,NA
"320",2018-07-26,"WL3","1","9","X",16,23,NA,NA,NA,NA,NA,NA,NA,NA,NA,2018,2017,NA,NA,"Eva & Niel",NA,NA,NA,NA,"grn",NA,NA,NA,NA,NA,NA,NA,NA,NA,NA
"321",2018-07-26,"WL3","1","9","X",14,33,NA,NA,NA,NA,NA,NA,NA,NA,NA,2018,2017,NA,NA,"Eva & Niel",NA,NA,NA,NA,"red",NA,NA,NA,NA,NA,NA,NA,NA,NA,NA
"322",2018-07-26,"WL3","1","9","X",4,22,NA,NA,NA,NA,NA,NA,NA,NA,NA,2018,2017,NA,NA,"Eva & Niel",NA,NA,NA,NA,"grn",NA,NA,NA,NA,NA,NA,NA,NA,NA,NA
"323",2018-07-26,"WL3","2","0","X",21,10,NA,NA,NA,NA,NA,NA,NA,NA,NA,2018,2017,NA,NA,"Eva & Niel",NA,NA,NA,NA,"grn",NA,NA,NA,NA,NA,NA,NA,NA,NA,NA
"324",2018-07-26,"WL3","2","0","X",28,22,NA,NA,NA,NA,NA,NA,NA,NA,NA,2018,2017,NA,NA,"Eva & Niel",NA,NA,NA,NA,"grn",NA,NA,NA,NA,NA,NA,NA,NA,NA,NA
"325",2018-07-26,"WL3","2","1","V",9,24,"1.49","4.2",3,"see note",NA,NA,NA,NA,"leaves too crispy to measure",2018,2017,NA,NA,"Eva & Niel",NA,NA,NA,NA,"red",NA,NA,NA,NA,NA,NA,"no",NA,NA,1.49
"326",2018-07-26,"WL3","2","1","X",19,6,NA,NA,NA,NA,NA,NA,NA,NA,NA,2018,2017,NA,NA,"Eva & Niel",NA,NA,NA,NA,"grn",NA,NA,NA,NA,NA,NA,NA,NA,NA,NA
"327",2018-07-26,"WL3","2","1","X",23,35,NA,NA,NA,NA,NA,NA,NA,NA,NA,2018,2017,NA,NA,"Eva & Niel",NA,NA,NA,NA,"grn",NA,NA,NA,NA,NA,NA,NA,NA,NA,NA
"328",2018-07-26,"WL3","2","1","X",31,7,NA,NA,NA,NA,NA,NA,NA,NA,NA,2018,2017,NA,NA,"Eva & Niel",NA,NA,NA,NA,"grn",NA,NA,NA,NA,NA,NA,NA,NA,NA,NA
"329",2018-07-26,"WL3","3","4.5","X",32,40,NA,NA,NA,NA,NA,NA,NA,NA,NA,2018,2017,NA,NA,"Eva & Niel",NA,NA,NA,NA,"grn",NA,NA,NA,NA,NA,NA,NA,NA,NA,NA
"330",2018-07-26,"WL3","3","4.5","X",45,30,NA,NA,NA,NA,NA,NA,NA,NA,NA,2018,2017,NA,NA,"Eva & Niel",NA,NA,NA,NA,"red",NA,NA,NA,NA,NA,NA,NA,NA,NA,NA
"331",2018-07-26,"WL3","3","5","P",45,17,"2.2400000000000002","18.2",5,NA,"0","9",5.5,5,NA,2018,2017,NA,NA,"Eva & Niel",NA,NA,NA,NA,"red",NA,NA,"white",NA,NA,NA,"no",NA,NA,2.24
"332",2018-07-26,"WL3","3","5.5","X",8,28,NA,NA,NA,NA,NA,NA,NA,NA,NA,2018,2017,NA,NA,"Eva & Niel",NA,NA,NA,NA,"grn",NA,NA,NA,NA,NA,NA,NA,NA,NA,NA
"333",2018-07-26,"WL3","3","5.5","P",47,10,"3.31","13.6",10,NA,"0","19",5.1,10,NA,2018,2017,NA,NA,"Eva & Niel",NA,NA,NA,NA,"red",NA,NA,"0",NA,NA,NA,"no",NA,NA,3.31
"334",2018-07-26,"WL3","3","6","X",28,38,NA,NA,NA,NA,NA,NA,NA,NA,NA,2018,2017,NA,NA,"Eva & Niel",NA,NA,NA,NA,"red",NA,NA,NA,NA,NA,NA,NA,NA,NA,NA
"335",2018-07-26,"WL3","3","6","P",35,48,"2.09","12.9",5,NA,"0","9",4.5,4,NA,2018,2017,NA,NA,"Eva & Niel",NA,NA,NA,NA,"grn",NA,NA,"white",NA,NA,NA,"no",NA,NA,2.09
"336",2018-07-26,"WL3","3","6","X",36,8,NA,NA,NA,NA,NA,NA,NA,NA,NA,2018,2017,NA,NA,"Eva & Niel",NA,NA,NA,NA,"grn",NA,NA,NA,NA,NA,NA,NA,NA,NA,NA
"337",2018-07-26,"WL3","3","6","X",46,29,NA,NA,NA,NA,NA,NA,NA,NA,NA,2018,2017,NA,NA,"Eva & Niel",NA,NA,NA,NA,"grn",NA,NA,NA,NA,NA,NA,NA,NA,NA,NA
"338",2018-07-26,"WL3","3","6","P",49,1,"4.1900000000000004","17.600000000000001",13,NA,"0","40",5.6,13,NA,2018,2017,NA,NA,"Eva & Niel",NA,NA,NA,NA,"red",NA,NA,"white",NA,NA,NA,"no",NA,NA,4.19
"339",2018-07-26,"WL3","3","6","X",49,35,NA,NA,NA,NA,NA,NA,NA,NA,NA,2018,2017,NA,NA,"Eva & Niel",NA,NA,NA,NA,"red",NA,NA,NA,NA,NA,NA,NA,NA,NA,NA
"340",2018-07-26,"WL3","4","1.5","X",19,29,NA,NA,NA,NA,NA,NA,NA,NA,NA,2018,2017,NA,NA,"Eva & Niel",NA,NA,NA,NA,"grn",NA,NA,NA,NA,NA,NA,NA,NA,NA,NA
"341",2018-07-26,"WL3","4","3.5","X",26,44,NA,NA,NA,NA,NA,NA,NA,NA,NA,2018,2017,NA,NA,"Eva & Niel",NA,NA,NA,NA,"grn",NA,NA,NA,NA,NA,NA,NA,NA,NA,NA
"342",2018-07-26,"WL3","4","4.5","F",18,23,"<1","9.1999999999999993",2,NA,"1","0",0,1,NA,2018,2017,NA,NA,"Eva & Niel",NA,NA,NA,NA,"red",NA,NA,"green",NA,NA,NA,"no",NA,NA,0.5
"343",2018-07-26,"WL3","4","5","X",20,36,NA,NA,NA,NA,NA,NA,NA,NA,NA,2018,2017,NA,NA,"Eva & Niel",NA,NA,NA,NA,"red",NA,NA,NA,NA,NA,NA,NA,NA,NA,NA
"344",2018-07-26,"WL3","4","5.5","V",5,12,"1.31","3.4",7,"0.8",NA,NA,NA,NA,NA,2018,2017,NA,NA,"Eva & Niel",NA,NA,NA,NA,"red",NA,NA,NA,NA,NA,NA,"no",NA,NA,1.31
"345",2018-07-26,"WL3","4","5.5","X",7,47,NA,NA,NA,NA,NA,NA,NA,NA,NA,2018,2017,NA,NA,"Eva & Niel",NA,NA,NA,NA,"red",NA,NA,NA,NA,NA,NA,NA,NA,NA,NA
"346",2018-07-26,"WL3","4","5.5","X",9,13,NA,NA,NA,NA,NA,NA,NA,NA,NA,2018,2017,NA,NA,"Eva & Niel",NA,NA,NA,NA,"red",NA,NA,NA,NA,NA,NA,NA,NA,NA,NA
"347",2018-07-26,"WL3","4","5.5","P",20,21,"1.18","13.7",4,NA,NA,"3",3.7,4,NA,2018,2017,NA,NA,"Eva & Niel",NA,NA,NA,NA,"red",NA,NA,"white",NA,NA,NA,"no",NA,NA,1.18
"348",2018-07-26,"WL3","4","5.5","P",23,19,"1.72","14.3",5,NA,NA,"9",4.6,5,NA,2018,2017,NA,NA,"Eva & Niel",NA,NA,NA,NA,"red",NA,NA,"white",NA,NA,NA,"no",NA,NA,1.72
"349",2018-07-26,"WL3","4","5.5","V",24,14,"1.74","6.1",5,"1",NA,NA,NA,NA,NA,2018,2017,NA,NA,"Eva & Niel",NA,NA,NA,NA,"red",NA,NA,NA,NA,NA,NA,"no",NA,NA,1.74
"350",2018-07-26,"WL3","4","5.5","P",25,27,"1.5","14.6",6,NA,"0","4",4.4,5,NA,2018,2017,NA,NA,"Eva & Niel",NA,NA,NA,NA,"red",NA,NA,"white",NA,NA,NA,"no",NA,NA,1.5
"351",2018-07-26,"WL3","4","5.5","P",27,25,"1.54","12.8",5,NA,NA,"4",5.1,5,"Y coordinate changed from 11 to 25 (11 was off)",2018,2017,NA,NA,"Eva & Niel",NA,NA,NA,NA,"red",NA,NA,"white",NA,NA,NA,"no",NA,NA,1.54
"352",2018-07-26,"WL3","4","5.5","X",30,11,NA,NA,NA,NA,NA,NA,NA,NA,NA,2018,2017,NA,NA,"Eva & Niel",NA,NA,NA,NA,"red",NA,NA,NA,NA,NA,NA,NA,NA,NA,NA
"353",2018-07-26,"WL3","4","5.5","P",31,24,"1.89","18.2",5,NA,NA,"9",5.2,4,NA,2018,2017,NA,NA,"Eva & Niel",NA,NA,NA,NA,"red",NA,NA,"white",NA,NA,NA,"no",NA,NA,1.89
"354",2018-07-26,"WL3","4","5.5","P",31,29,"1.9","13.6",6,NA,NA,"7",6.1,6,NA,2018,2017,NA,NA,"Eva & Niel",NA,NA,NA,NA,"red",NA,NA,"white",NA,NA,NA,"no",NA,NA,1.9
"355",2018-07-26,"WL3","4","5.5","X",40,48,NA,NA,NA,NA,NA,NA,NA,NA,NA,2018,2017,NA,NA,"Eva & Niel",NA,NA,NA,NA,"red",NA,NA,NA,NA,NA,NA,NA,NA,NA,NA
"356",2018-07-26,"WL3","4","7","S",27,1,"2.4300000000000002","30.5",3,NA,NA,"0",0,0,"not sure if this reproduced this year, looks like skeleton",2018,2017,NA,NA,"Eva & Niel",NA,NA,NA,NA,"grn",NA,NA,"0",NA,NA,NA,"no",NA,NA,2.43
"357",2018-07-26,"WL3","4","7.5","S",35,47,"1.04","12.5",3,NA,NA,"0",0,0,"not sure if this reproduced this year, looks like skeleton",2018,2017,NA,NA,"Eva & Niel",NA,NA,NA,NA,"grn",NA,NA,"0",NA,NA,NA,"no",NA,NA,1.04
"358",2018-07-26,"WL3","4","7.5","S",49,8,"1.02","12.1",1,NA,NA,"0",0,0,"not sure if this reproduced this year, looks like skeleton",2018,2017,NA,NA,"Eva & Niel",NA,NA,NA,NA,"grn",NA,NA,"0",NA,NA,NA,"no",NA,NA,1.02
"359",2018-07-26,"WL3","4","8","S",16,45,"1.54","21.3",7,NA,NA,NA,NA,NA,"not sure if this reproduced this year, looks like skeleton",2018,2017,NA,NA,NA,NA,NA,NA,NA,"grn",NA,NA,NA,NA,NA,NA,NA,NA,NA,1.54
"360",2018-07-26,"WL3","4","9","X",7,40,NA,NA,NA,NA,NA,NA,NA,NA,NA,2018,2017,NA,NA,"Elena & Jenna (plot 1 quads 0-3.5), Niel & Eva (plot 1, quads 4-end)",NA,NA,NA,NA,"grn",NA,NA,NA,NA,NA,NA,NA,NA,NA,NA
"361",2018-07-26,"WL3","4","9.5","X",40,24,NA,NA,NA,NA,NA,NA,NA,NA,NA,2018,2017,NA,NA,"Elena & Jenna (plot 1 quads 0-3.5), Niel & Eva (plot 1, quads 4-end)",NA,NA,NA,NA,"grn",NA,NA,NA,NA,NA,NA,NA,NA,NA,NA
"362",2018-07-26,"WL3","1","0.5","V",17,21,"<1","2",1,"0.3",NA,NA,NA,NA,NA,2018,2018,NA,NA,"Elena & Jenna (plot 1 quads 0-3.5), Niel & Eva (plot 1, quads 4-end)",NA,NA,NA,NA,"blue",NA,"grn",NA,NA,NA,NA,"no",NA,NA,0.5
"363",2018-07-26,"WL3","1","0.5","V",48,23,"<1","1.2",1,"0.2",NA,NA,NA,NA,NA,2018,2018,NA,NA,"Elena & Jenna (plot 1 quads 0-3.5), Niel & Eva (plot 1, quads 4-end)",NA,NA,NA,NA,"blue",NA,"grn",NA,NA,NA,NA,"no",NA,NA,0.5
"364",2018-07-26,"WL3","1","0.5","V",25,41,"<1","1.5",1,"0.4",NA,NA,NA,NA,NA,2018,2018,NA,NA,"Elena & Jenna (plot 1 quads 0-3.5), Niel & Eva (plot 1, quads 4-end)",NA,NA,NA,NA,"blue",NA,"grn",NA,NA,NA,NA,"no",NA,NA,0.5
"365",2018-07-26,"WL3","1","0.5","V",31,38,"<1","0.8",1,"0.2",NA,NA,NA,NA,NA,2018,2018,NA,NA,"Elena & Jenna (plot 1 quads 0-3.5), Niel & Eva (plot 1, quads 4-end)",NA,NA,NA,NA,"blue",NA,"grn",NA,NA,NA,NA,"no",NA,NA,0.5
"366",2018-07-26,"WL3","1","1.5","V",27,41,"<1","2",1,"0.4",NA,NA,NA,NA,NA,2018,2018,NA,NA,"Elena & Jenna (plot 1 quads 0-3.5), Niel & Eva (plot 1, quads 4-end)",NA,NA,NA,NA,"blue",NA,"grn",NA,NA,NA,NA,"no",NA,NA,0.5
"367",2018-07-26,"WL3","1","3.5","V",7,56,"<1","1.2",1,"0.2",NA,NA,NA,NA,NA,2018,2018,NA,NA,"Elena & Jenna (plot 1 quads 0-3.5), Niel & Eva (plot 1, quads 4-end)",NA,NA,NA,NA,"blue",NA,"grn",NA,NA,NA,NA,"no",NA,NA,0.5
"368",2018-07-26,"WL3","1","3.5","V",38,54,"<1","1.9",1,"0.3",NA,NA,NA,NA,NA,2018,2018,NA,NA,"Elena & Jenna (plot 1 quads 0-3.5), Niel & Eva (plot 1, quads 4-end)",NA,NA,NA,NA,"blue",NA,"grn",NA,NA,NA,NA,"no",NA,NA,0.5
"369",2018-07-26,"WL3","1","3.5","V",33,54,"<1","2",1,"0.7",NA,NA,NA,NA,NA,2018,2018,NA,NA,"Elena & Jenna (plot 1 quads 0-3.5), Niel & Eva (plot 1, quads 4-end)",NA,NA,NA,NA,"blue",NA,"grn",NA,NA,NA,NA,"no",NA,NA,0.5
"370",2018-07-26,"WL3","1","3.5","V",47,11,"<1","1.5",1,"0.4",NA,NA,NA,NA,NA,2018,2018,NA,NA,"Elena & Jenna (plot 1 quads 0-3.5), Niel & Eva (plot 1, quads 4-end)",NA,NA,NA,NA,"blue",NA,"grn",NA,NA,NA,NA,"no",NA,NA,0.5
"371",2018-07-26,"WL3","1","4.5","X",NA,NA,NA,NA,NA,NA,NA,NA,NA,NA,NA,2018,2018,NA,NA,"Elena & Jenna (plot 1 quads 0-3.5), Niel & Eva (plot 1, quads 4-end)",NA,NA,NA,NA,NA,NA,"grn",NA,NA,NA,NA,NA,NA,NA,NA
"372",2018-07-26,"WL3","1","4.5","X",NA,NA,NA,NA,NA,NA,NA,NA,NA,NA,NA,2018,2018,NA,NA,"Elena & Jenna (plot 1 quads 0-3.5), Niel & Eva (plot 1, quads 4-end)",NA,NA,NA,NA,NA,NA,"grn",NA,NA,NA,NA,NA,NA,NA,NA
"373",2018-07-26,"WL3","1","4.5","X",NA,NA,NA,NA,NA,NA,NA,NA,NA,NA,NA,2018,2018,NA,NA,"Elena & Jenna (plot 1 quads 0-3.5), Niel & Eva (plot 1, quads 4-end)",NA,NA,NA,NA,NA,NA,"grn",NA,NA,NA,NA,NA,NA,NA,NA
"374",2018-07-26,"WL3","1","4.5","X",NA,NA,NA,NA,NA,NA,NA,NA,NA,NA,NA,2018,2018,NA,NA,"Elena & Jenna (plot 1 quads 0-3.5), Niel & Eva (plot 1, quads 4-end)",NA,NA,NA,NA,NA,NA,"grn",NA,NA,NA,NA,NA,NA,NA,NA
"375",2018-07-26,"WL3","1","4.5","X",NA,NA,NA,NA,NA,NA,NA,NA,NA,NA,NA,2018,2018,NA,NA,"Elena & Jenna (plot 1 quads 0-3.5), Niel & Eva (plot 1, quads 4-end)",NA,NA,NA,NA,NA,NA,"grn",NA,NA,NA,NA,NA,NA,NA,NA
"376",2018-07-26,"WL3","1","4.5","V",18,13,"<1","2.2000000000000002",1,"0.7",NA,NA,NA,NA,NA,2018,2018,NA,NA,"Elena & Jenna (plot 1 quads 0-3.5), Niel & Eva (plot 1, quads 4-end)",NA,NA,NA,NA,"blue",NA,"grn",NA,NA,NA,NA,"no",NA,NA,0.5
"377",2018-07-26,"WL3","1","4.5","V",23,14,"<1","2.5",1,"0.5",NA,NA,NA,NA,NA,2018,2018,NA,NA,"Elena & Jenna (plot 1 quads 0-3.5), Niel & Eva (plot 1, quads 4-end)",NA,NA,NA,NA,"blue",NA,"grn",NA,NA,NA,NA,"no",NA,NA,0.5
"378",2018-07-26,"WL3","1","4.5","V",33,22,"<1","1.7",1,"0.4",NA,NA,NA,NA,NA,2018,2018,NA,NA,"Elena & Jenna (plot 1 quads 0-3.5), Niel & Eva (plot 1, quads 4-end)",NA,NA,NA,NA,"blue",NA,"grn",NA,NA,NA,NA,"no",NA,NA,0.5
"379",2018-07-26,"WL3","1","8.5","X",NA,NA,NA,NA,NA,NA,NA,NA,NA,NA,NA,2018,2018,NA,NA,"Elena & Jenna (plot 1 quads 0-3.5), Niel & Eva (plot 1, quads 4-end)",NA,NA,NA,NA,NA,NA,"grn",NA,NA,NA,NA,NA,NA,NA,NA
"380",2018-07-26,"WL3","1","8.5","X",NA,NA,NA,NA,NA,NA,NA,NA,NA,NA,NA,2018,2018,NA,NA,"Elena & Jenna (plot 1 quads 0-3.5), Niel & Eva (plot 1, quads 4-end)",NA,NA,NA,NA,NA,NA,"grn",NA,NA,NA,NA,NA,NA,NA,NA
"381",2018-07-26,"WL3","1","8.5","X",NA,NA,NA,NA,NA,NA,NA,NA,NA,NA,NA,2018,2018,NA,NA,"Elena & Jenna (plot 1 quads 0-3.5), Niel & Eva (plot 1, quads 4-end)",NA,NA,NA,NA,NA,NA,"grn",NA,NA,NA,NA,NA,NA,NA,NA
"382",2018-07-26,"WL3","1","8.5","X",NA,NA,NA,NA,NA,NA,NA,NA,NA,NA,NA,2018,2018,NA,NA,"Elena & Jenna (plot 1 quads 0-3.5), Niel & Eva (plot 1, quads 4-end)",NA,NA,NA,NA,NA,NA,"grn",NA,NA,NA,NA,NA,NA,NA,NA
"383",2018-07-26,"WL3","1","8.5","X",NA,NA,NA,NA,NA,NA,NA,NA,NA,NA,NA,2018,2018,NA,NA,"Elena & Jenna (plot 1 quads 0-3.5), Niel & Eva (plot 1, quads 4-end)",NA,NA,NA,NA,NA,NA,"grn",NA,NA,NA,NA,NA,NA,NA,NA
"384",2018-07-26,"WL3","1","8.5","X",NA,NA,NA,NA,NA,NA,NA,NA,NA,NA,NA,2018,2018,NA,NA,"Elena & Jenna (plot 1 quads 0-3.5), Niel & Eva (plot 1, quads 4-end)",NA,NA,NA,NA,NA,NA,"grn",NA,NA,NA,NA,NA,NA,NA,NA
"385",2018-07-26,"WL3","1","8.5","X",NA,NA,NA,NA,NA,NA,NA,NA,NA,NA,NA,2018,2018,NA,NA,"Elena & Jenna (plot 1 quads 0-3.5), Niel & Eva (plot 1, quads 4-end)",NA,NA,NA,NA,NA,NA,"grn",NA,NA,NA,NA,NA,NA,NA,NA
"386",2018-07-26,"WL3","1","8.5","X",NA,NA,NA,NA,NA,NA,NA,NA,NA,NA,NA,2018,2018,NA,NA,"Elena & Jenna (plot 1 quads 0-3.5), Niel & Eva (plot 1, quads 4-end)",NA,NA,NA,NA,NA,NA,"grn",NA,NA,NA,NA,NA,NA,NA,NA
"387",2018-07-26,"WL3","1","8.5","X",NA,NA,NA,NA,NA,NA,NA,NA,NA,NA,NA,2018,2018,NA,NA,"Elena & Jenna (plot 1 quads 0-3.5), Niel & Eva (plot 1, quads 4-end)",NA,NA,NA,NA,NA,NA,"grn",NA,NA,NA,NA,NA,NA,NA,NA
"388",2018-07-26,"WL3","1","8.5","X",NA,NA,NA,NA,NA,NA,NA,NA,NA,NA,NA,2018,2018,NA,NA,"Elena & Jenna (plot 1 quads 0-3.5), Niel & Eva (plot 1, quads 4-end)",NA,NA,NA,NA,NA,NA,"grn",NA,NA,NA,NA,NA,NA,NA,NA
"389",2018-07-26,"WL3","1","8.5","X",NA,NA,NA,NA,NA,NA,NA,NA,NA,NA,NA,2018,2018,NA,NA,"Eva & Niel",NA,NA,NA,NA,NA,NA,"grn",NA,NA,NA,NA,NA,NA,NA,NA
"390",2018-07-26,"WL3","1","8.5","X",NA,NA,NA,NA,NA,NA,NA,NA,NA,NA,NA,2018,2018,NA,NA,"Eva & Niel",NA,NA,NA,NA,NA,NA,"grn",NA,NA,NA,NA,NA,NA,NA,NA
"391",2018-07-26,"WL3","1","8.5","X",NA,NA,NA,NA,NA,NA,NA,NA,NA,NA,NA,2018,2018,NA,NA,"Eva & Niel",NA,NA,NA,NA,NA,NA,"grn",NA,NA,NA,NA,NA,NA,NA,NA
"392",2018-07-26,"WL3","1","8.5","X",NA,NA,NA,NA,NA,NA,NA,NA,NA,NA,NA,2018,2018,NA,NA,"Eva & Niel",NA,NA,NA,NA,NA,NA,"grn",NA,NA,NA,NA,NA,NA,NA,NA
"393",2018-07-26,"WL3","1","8.5","X",NA,NA,NA,NA,NA,NA,NA,NA,NA,NA,NA,2018,2018,NA,NA,"Eva & Niel",NA,NA,NA,NA,NA,NA,"grn",NA,NA,NA,NA,NA,NA,NA,NA
"394",2018-07-26,"WL3","1","8.5","X",NA,NA,NA,NA,NA,NA,NA,NA,NA,NA,NA,2018,2018,NA,NA,"Eva & Niel",NA,NA,NA,NA,NA,NA,"grn",NA,NA,NA,NA,NA,NA,NA,NA
"395",2018-07-26,"WL3","1","8.5","X",NA,NA,NA,NA,NA,NA,NA,NA,NA,NA,NA,2018,2018,NA,NA,"Eva & Niel",NA,NA,NA,NA,NA,NA,"grn",NA,NA,NA,NA,NA,NA,NA,NA
"396",2018-07-26,"WL3","1","8.5","X",NA,NA,NA,NA,NA,NA,NA,NA,NA,NA,NA,2018,2018,NA,NA,"Eva & Niel",NA,NA,NA,NA,NA,NA,"grn",NA,NA,NA,NA,NA,NA,NA,NA
"397",2018-07-26,"WL3","1","8.5","X",NA,NA,NA,NA,NA,NA,NA,NA,NA,NA,NA,2018,2018,NA,NA,"Eva & Niel",NA,NA,NA,NA,NA,NA,"grn",NA,NA,NA,NA,NA,NA,NA,NA
"398",2018-07-26,"WL3","1","8.5","X",NA,NA,NA,NA,NA,NA,NA,NA,NA,NA,NA,2018,2018,NA,NA,"Eva & Niel",NA,NA,NA,NA,NA,NA,"grn",NA,NA,NA,NA,NA,NA,NA,NA
"399",2018-07-26,"WL3","1","8.5","X",NA,NA,NA,NA,NA,NA,NA,NA,NA,NA,NA,2018,2018,NA,NA,"Eva & Niel",NA,NA,NA,NA,NA,NA,"grn",NA,NA,NA,NA,NA,NA,NA,NA
"400",2018-07-26,"WL3","1","8.5","X",NA,NA,NA,NA,NA,NA,NA,NA,NA,NA,NA,2018,2018,NA,NA,"Eva & Niel",NA,NA,NA,NA,NA,NA,"grn",NA,NA,NA,NA,NA,NA,NA,NA
"401",2018-07-26,"WL3","1","8.5","X",NA,NA,NA,NA,NA,NA,NA,NA,NA,NA,NA,2018,2018,NA,NA,"Eva & Niel",NA,NA,NA,NA,NA,NA,"grn",NA,NA,NA,NA,NA,NA,NA,NA
"402",2018-07-26,"WL3","1","8.5","X",NA,NA,NA,NA,NA,NA,NA,NA,NA,NA,NA,2018,2018,NA,NA,"Eva & Niel",NA,NA,NA,NA,NA,NA,"grn",NA,NA,NA,NA,NA,NA,NA,NA
"403",2018-07-26,"WL3","1","8.5","X",NA,NA,NA,NA,NA,NA,NA,NA,NA,NA,NA,2018,2018,NA,NA,"Eva & Niel",NA,NA,NA,NA,NA,NA,"grn",NA,NA,NA,NA,NA,NA,NA,NA
"404",2018-07-26,"WL3","1","8.5","X",NA,NA,NA,NA,NA,NA,NA,NA,NA,NA,NA,2018,2018,NA,NA,"Eva & Niel",NA,NA,NA,NA,NA,NA,"grn",NA,NA,NA,NA,NA,NA,NA,NA
"405",2018-07-26,"WL3","1","8.5","X",NA,NA,NA,NA,NA,NA,NA,NA,NA,NA,NA,2018,2018,NA,NA,"Eva & Niel",NA,NA,NA,NA,NA,NA,"grn",NA,NA,NA,NA,NA,NA,NA,NA
"406",2018-07-26,"WL3","1","8.5","X",NA,NA,NA,NA,NA,NA,NA,NA,NA,NA,NA,2018,2018,NA,NA,"Eva & Niel",NA,NA,NA,NA,NA,NA,"grn",NA,NA,NA,NA,NA,NA,NA,NA
"407",2018-07-26,"WL3","1","8.5","V",47,27,"<1","2.5",1,"0.7",NA,NA,NA,NA,NA,2018,2018,NA,NA,"Eva & Niel",NA,NA,NA,NA,"blue",NA,"grn",NA,NA,NA,NA,"no",NA,NA,0.5
"408",2018-07-26,"WL3","1","8.5","V",46,29,"<1","0.7",1,"0.2",NA,NA,NA,NA,NA,2018,2018,NA,NA,"Eva & Niel",NA,NA,NA,NA,"blue",NA,"grn",NA,NA,NA,NA,"no",NA,NA,0.5
"409",2018-07-26,"WL3","1","8.5","V",46,30,"<1","1.3",1,"0.2",NA,NA,NA,NA,NA,2018,2018,NA,NA,"Eva & Niel",NA,NA,NA,NA,"blue",NA,"grn",NA,NA,NA,NA,"no",NA,NA,0.5
"410",2018-07-26,"WL3","1","8.5","V",50,35,"<1","1.6",1,"0.5",NA,NA,NA,NA,NA,2018,2018,NA,NA,"Eva & Niel",NA,NA,NA,NA,"blue",NA,"grn",NA,NA,NA,NA,"yes",NA,NA,0.5
"411",2018-07-26,"WL3","1","8.5","V",50,37,"<1","1.4",1,"0.3",NA,NA,NA,NA,NA,2018,2018,NA,NA,"Eva & Niel",NA,NA,NA,NA,"blue",NA,"grn",NA,NA,NA,NA,"no",NA,NA,0.5
"412",2018-07-26,"WL3","1","8.5","V",49,36,"<1","1.6",1,"0.1",NA,NA,NA,NA,NA,2018,2018,NA,NA,"Eva & Niel",NA,NA,NA,NA,"blue",NA,"grn",NA,NA,NA,NA,"no",NA,NA,0.5
"413",2018-07-26,"WL3","1","8.5","V",44,20,"<1","2.6",1,"0.6",NA,NA,NA,NA,NA,2018,2018,NA,NA,"Eva & Niel",NA,NA,NA,NA,"blue",NA,"grn",NA,NA,NA,NA,"yes",NA,NA,0.5
"414",2018-07-26,"WL3","1","8.5","V",50,10,"<1","1.5",1,"0.4",NA,NA,NA,NA,NA,2018,2018,NA,NA,"Eva & Niel",NA,NA,NA,NA,"blue",NA,"grn",NA,NA,NA,NA,"no",NA,NA,0.5
"415",2018-07-26,"WL3","1","8.5","V",40,3,"<1","1.5",1,"0.3",NA,NA,NA,NA,NA,2018,2018,NA,NA,"Eva & Niel",NA,NA,NA,NA,"blue",NA,"grn",NA,NA,NA,NA,"no",NA,NA,0.5
"416",2018-07-26,"WL3","1","8.5","V",41,2,"<1","2.5",1,"0.7",NA,NA,NA,NA,NA,2018,2018,NA,NA,"Eva & Niel",NA,NA,NA,NA,"blue",NA,"grn",NA,NA,NA,NA,"no",NA,NA,0.5
"417",2018-07-26,"WL3","1","8.5","V",32,16,"<1","3.2",1,"0.8",NA,NA,NA,NA,NA,2018,2018,NA,NA,"Eva & Niel",NA,NA,NA,NA,"blue",NA,"grn",NA,NA,NA,NA,"no",NA,NA,0.5
"418",2018-07-26,"WL3","1","8.5","V",24,10,"<1","1.7",1,"0.3",NA,NA,NA,NA,NA,2018,2018,NA,NA,"Eva & Niel",NA,NA,NA,NA,"blue",NA,"grn",NA,NA,NA,NA,"no",NA,NA,0.5
"419",2018-07-26,"WL3","1","8.5","V",8,10,"<1","1.5",1,"0.3",NA,NA,NA,NA,NA,2018,2018,NA,NA,"Eva & Niel",NA,NA,NA,NA,"blue",NA,"grn",NA,NA,NA,NA,"yes",NA,NA,0.5
"420",2018-07-26,"WL3","1","8.5","V",5,20,"<1","1.9",1,"0.4",NA,NA,NA,NA,NA,2018,2018,NA,NA,"Eva & Niel",NA,NA,NA,NA,"blue",NA,"grn",NA,NA,NA,NA,"no",NA,NA,0.5
"421",2018-07-26,"WL3","1","9.5","X",NA,NA,NA,NA,NA,NA,NA,NA,NA,NA,NA,2018,2018,NA,NA,"Eva & Niel",NA,NA,NA,NA,NA,NA,"grn",NA,NA,NA,NA,NA,NA,NA,NA
"422",2018-07-26,"WL3","1","9.5","X",NA,NA,NA,NA,NA,NA,NA,NA,NA,NA,NA,2018,2018,NA,NA,"Eva & Niel",NA,NA,NA,NA,NA,NA,"grn",NA,NA,NA,NA,NA,NA,NA,NA
"423",2018-07-26,"WL3","1","9.5","X",NA,NA,NA,NA,NA,NA,NA,NA,NA,NA,NA,2018,2018,NA,NA,"Eva & Niel",NA,NA,NA,NA,NA,NA,"grn",NA,NA,NA,NA,NA,NA,NA,NA
"424",2018-07-26,"WL3","1","9.5","X",NA,NA,NA,NA,NA,NA,NA,NA,NA,NA,NA,2018,2018,NA,NA,"Eva & Niel",NA,NA,NA,NA,NA,NA,"grn",NA,NA,NA,NA,NA,NA,NA,NA
"425",2018-07-26,"WL3","1","9.5","V",6,2,"<1","1.7",1,"0.5",NA,NA,NA,NA,NA,2018,2018,NA,NA,"Eva & Niel",NA,NA,NA,NA,"blue",NA,"grn",NA,NA,NA,NA,"no",NA,NA,0.5
"426",2018-07-26,"WL3","2","0","X",NA,NA,NA,NA,NA,NA,NA,NA,NA,NA,NA,2018,2018,NA,NA,"Eva & Niel",NA,NA,NA,NA,NA,NA,"grn",NA,NA,NA,NA,NA,NA,NA,NA
"427",2018-07-26,"WL3","2","0","X",NA,NA,NA,NA,NA,NA,NA,NA,NA,NA,NA,2018,2018,NA,NA,"Eva & Niel",NA,NA,NA,NA,NA,NA,"grn",NA,NA,NA,NA,NA,NA,NA,NA
"428",2018-07-26,"WL3","2","0","X",NA,NA,NA,NA,NA,NA,NA,NA,NA,NA,NA,2018,2018,NA,NA,"Eva & Niel",NA,NA,NA,NA,NA,NA,"grn",NA,NA,NA,NA,NA,NA,NA,NA
"429",2018-07-26,"WL3","2","0","X",NA,NA,NA,NA,NA,NA,NA,NA,NA,NA,NA,2018,2018,NA,NA,"Eva & Niel",NA,NA,NA,NA,NA,NA,"grn",NA,NA,NA,NA,NA,NA,NA,NA
"430",2018-07-26,"WL3","2","0","X",NA,NA,NA,NA,NA,NA,NA,NA,NA,NA,NA,2018,2018,NA,NA,"Eva & Niel",NA,NA,NA,NA,NA,NA,"grn",NA,NA,NA,NA,NA,NA,NA,NA
"431",2018-07-26,"WL3","2","0","X",NA,NA,NA,NA,NA,NA,NA,NA,NA,NA,NA,2018,2018,NA,NA,"Eva & Niel",NA,NA,NA,NA,NA,NA,"grn",NA,NA,NA,NA,NA,NA,NA,NA
"432",2018-07-26,"WL3","2","0","X",NA,NA,NA,NA,NA,NA,NA,NA,NA,NA,NA,2018,2018,NA,NA,"Eva & Niel",NA,NA,NA,NA,NA,NA,"grn",NA,NA,NA,NA,NA,NA,NA,NA
"433",2018-07-26,"WL3","2","0","X",NA,NA,NA,NA,NA,NA,NA,NA,NA,NA,NA,2018,2018,NA,NA,"Eva & Niel",NA,NA,NA,NA,NA,NA,"pink",NA,NA,NA,NA,NA,NA,NA,NA
"434",2018-07-26,"WL3","2","0","X",NA,NA,NA,NA,NA,NA,NA,NA,NA,NA,NA,2018,2018,NA,NA,"Eva & Niel",NA,NA,NA,NA,NA,NA,"pink",NA,NA,NA,NA,NA,NA,NA,NA
"435",2018-07-26,"WL3","2","0.5","X",NA,NA,NA,NA,NA,NA,NA,NA,NA,NA,NA,2018,2018,NA,NA,"Eva & Niel",NA,NA,NA,NA,NA,NA,"grn",NA,NA,NA,NA,NA,NA,NA,NA
"436",2018-07-26,"WL3","2","1","X",NA,NA,NA,NA,NA,NA,NA,NA,NA,NA,NA,2018,2018,NA,NA,"Eva & Niel",NA,NA,NA,NA,NA,NA,"ylw",NA,NA,NA,NA,NA,NA,NA,NA
"437",2018-07-26,"WL3","2","1","X",NA,NA,NA,NA,NA,NA,NA,NA,NA,NA,NA,2018,2018,NA,NA,"Eva & Niel",NA,NA,NA,NA,NA,NA,"ylw",NA,NA,NA,NA,NA,NA,NA,NA
"438",2018-07-26,"WL3","2","1.5","X",NA,NA,NA,NA,NA,NA,NA,NA,NA,NA,NA,2018,2018,NA,NA,"Eva & Niel",NA,NA,NA,NA,NA,NA,"grn",NA,NA,NA,NA,NA,NA,NA,NA
"439",2018-07-26,"WL3","2","1.5","X",NA,NA,NA,NA,NA,NA,NA,NA,NA,NA,NA,2018,2018,NA,NA,"Eva & Niel",NA,NA,NA,NA,NA,NA,"grn",NA,NA,NA,NA,NA,NA,NA,NA
"440",2018-07-26,"WL3","2","1.5","V",22,23,"<1","2.6",1,"0.9",NA,NA,NA,NA,NA,2018,2018,NA,NA,"Eva & Niel",NA,NA,NA,NA,"blue",NA,"grn",NA,NA,NA,NA,"no",NA,NA,0.5
"441",2018-07-26,"WL3","2","2","X",NA,NA,NA,NA,NA,NA,NA,NA,NA,NA,NA,2018,2018,NA,NA,"Eva & Niel",NA,NA,NA,NA,NA,NA,"grn",NA,NA,NA,NA,NA,NA,NA,NA
"442",2018-07-26,"WL3","2","2","X",NA,NA,NA,NA,NA,NA,NA,NA,NA,NA,NA,2018,2018,NA,NA,"Eva & Niel",NA,NA,NA,NA,NA,NA,"grn",NA,NA,NA,NA,NA,NA,NA,NA
"443",2018-07-26,"WL3","2","2","X",NA,NA,NA,NA,NA,NA,NA,NA,NA,NA,NA,2018,2018,NA,NA,"Eva & Niel",NA,NA,NA,NA,NA,NA,"grn",NA,NA,NA,NA,NA,NA,NA,NA
"444",2018-07-26,"WL3","2","2","V",29,2,"<1","1.7",1,"0.6",NA,NA,NA,NA,NA,2018,2018,NA,NA,"Eva & Niel",NA,NA,NA,NA,"blue",NA,"grn",NA,NA,NA,NA,"no",NA,NA,0.5
"445",2018-07-26,"WL3","2","2.5","X",NA,NA,NA,NA,NA,NA,NA,NA,NA,NA,NA,2018,2018,NA,NA,"Eva & Niel",NA,NA,NA,NA,NA,NA,"grn",NA,NA,NA,NA,NA,NA,NA,NA
"446",2018-07-26,"WL3","2","3","V",20,19,"<1","3.1",1,"0.2",NA,NA,NA,NA,NA,2018,2018,NA,NA,"Eva & Niel",NA,NA,NA,NA,"blue",NA,"grn",NA,NA,NA,NA,"no",NA,NA,0.5
"447",2018-07-26,"WL3","2","3","X",NA,NA,NA,NA,NA,NA,NA,NA,NA,NA,NA,2018,2018,NA,NA,"Eva & Niel",NA,NA,NA,NA,NA,NA,"grn",NA,NA,NA,NA,NA,NA,NA,NA
"448",2018-07-26,"WL3","2","3","X",NA,NA,NA,NA,NA,NA,NA,NA,NA,NA,NA,2018,2018,NA,NA,"Eva & Niel",NA,NA,NA,NA,NA,NA,"grn",NA,NA,NA,NA,NA,NA,NA,NA
"449",2018-07-26,"WL3","2","3","X",NA,NA,NA,NA,NA,NA,NA,NA,NA,NA,NA,2018,2018,NA,NA,"Eva & Niel",NA,NA,NA,NA,NA,NA,"grn",NA,NA,NA,NA,NA,NA,NA,NA
"450",2018-07-26,"WL3","3","6","X",NA,NA,NA,NA,NA,NA,NA,NA,NA,NA,NA,2018,2018,NA,NA,"Eva & Niel",NA,NA,NA,NA,NA,NA,NA,"grn",NA,NA,NA,NA,NA,NA,NA
"451",2018-07-26,"WL3","3","6","X",NA,NA,NA,NA,NA,NA,NA,NA,NA,NA,NA,2018,2018,NA,NA,"Eva & Niel",NA,NA,NA,NA,NA,NA,NA,"grn",NA,NA,NA,NA,NA,NA,NA
"452",2018-07-26,"WL3","3","6","X",NA,NA,NA,NA,NA,NA,NA,NA,NA,NA,NA,2018,2018,NA,NA,"Eva & Niel",NA,NA,NA,NA,NA,NA,NA,"grn",NA,NA,NA,NA,NA,NA,NA
"453",2018-07-26,"WL3","3","6","V",30,48,"<1","2.4",1,"0.7",NA,NA,NA,NA,NA,2018,2018,NA,NA,"Eva & Niel",NA,NA,NA,NA,"blue",NA,NA,"ylw",NA,NA,NA,"no",NA,NA,0.5
"454",2018-07-26,"WL3","3","7","V",3,45,"<1","1.9",1,"0.3",NA,NA,NA,NA,NA,2018,2018,NA,NA,"Eva & Niel",NA,NA,NA,NA,"blue",NA,NA,"grn",NA,NA,NA,"no",NA,NA,0.5
"455",2018-07-26,"WL3","3","9","X",NA,NA,NA,NA,NA,NA,NA,NA,NA,NA,NA,2018,2018,NA,NA,"Eva & Niel",NA,NA,NA,NA,NA,NA,NA,"grn",NA,NA,NA,NA,NA,NA,NA
"456",2018-07-26,"WL3","4","0","X",NA,NA,NA,NA,NA,NA,NA,NA,NA,NA,NA,2018,2018,NA,NA,"Eva & Niel",NA,NA,NA,NA,NA,NA,NA,"grn",NA,NA,NA,NA,NA,NA,NA
"457",2018-07-26,"WL3","4","0","V",49,25,"<1","3",1,"0.4",NA,NA,NA,NA,NA,2018,2018,NA,NA,"Eva & Niel",NA,NA,NA,NA,"blue",NA,NA,"grn",NA,NA,NA,"no",NA,NA,0.5
"458",2018-07-26,"WL3","4","1.5","X",NA,NA,NA,NA,NA,NA,NA,NA,NA,NA,NA,2018,2018,NA,NA,"Eva & Niel",NA,NA,NA,NA,NA,NA,NA,"grn",NA,NA,NA,NA,NA,NA,NA
"459",2018-07-26,"WL3","4","2.5","X",NA,NA,NA,NA,NA,NA,NA,NA,NA,NA,NA,2018,2018,NA,NA,"Eva & Niel",NA,NA,NA,NA,NA,NA,NA,"grn",NA,NA,NA,NA,NA,NA,NA
"460",2018-07-26,"WL3","4","4.5","X",NA,NA,NA,NA,NA,NA,NA,NA,NA,NA,NA,2018,2018,NA,NA,"Eva & Niel",NA,NA,NA,NA,NA,NA,NA,"grn",NA,NA,NA,NA,NA,NA,NA
"461",2018-07-26,"WL3","4","4.5","X",NA,NA,NA,NA,NA,NA,NA,NA,NA,NA,NA,2018,2018,NA,NA,"Eva & Niel",NA,NA,NA,NA,NA,NA,NA,"grn",NA,NA,NA,NA,NA,NA,NA
"462",2018-07-26,"WL3","4","5.5","V",10,0,"<1","2.2000000000000002",1,"0.3",NA,NA,NA,NA,NA,2018,2018,NA,NA,"Eva & Niel",NA,NA,NA,NA,"blue",NA,NA,"grn",NA,NA,NA,"no",NA,NA,0.5
"463",2018-07-26,"WL3","4","5.5","V",27,21,"<1","1.1000000000000001",1,"0.2",NA,NA,NA,NA,NA,2018,2018,NA,NA,"Eva & Niel",NA,NA,NA,NA,"blue",NA,NA,"grn",NA,NA,NA,"no",NA,NA,0.5
"464",2018-07-26,"WL3","4","5.5","V",6,44,"<1","4.2",1,"1.1000000000000001",NA,NA,NA,NA,NA,2018,2018,NA,NA,"Eva & Niel",NA,NA,NA,NA,"blue",NA,NA,"grn",NA,NA,NA,"no",NA,NA,0.5
"465",2018-07-26,"WL3","4","5.5","V",34,50,"<1","2.6",1,"0.3",NA,NA,NA,NA,NA,2018,2018,NA,NA,"Eva & Niel",NA,NA,NA,NA,"blue",NA,NA,"grn",NA,NA,NA,"no",NA,NA,0.5
"466",2018-07-26,"WL3","4","5.5","X",NA,NA,NA,NA,NA,NA,NA,NA,NA,NA,NA,2018,2018,NA,NA,"Eva & Niel",NA,NA,NA,NA,NA,NA,NA,"grn",NA,NA,NA,NA,NA,NA,NA
"467",2018-07-26,"WL3","4","5.5","X",NA,NA,NA,NA,NA,NA,NA,NA,NA,NA,NA,2018,2018,NA,NA,"Eva & Niel",NA,NA,NA,NA,NA,NA,NA,"grn",NA,NA,NA,NA,NA,NA,NA
"468",2018-07-26,"WL3","4","5.5","X",NA,NA,NA,NA,NA,NA,NA,NA,NA,NA,NA,2018,2018,NA,NA,"Eva & Niel",NA,NA,NA,NA,NA,NA,NA,"grn",NA,NA,NA,NA,NA,NA,NA
"469",2018-07-26,"WL3","4","6.5","X",NA,NA,NA,NA,NA,NA,NA,NA,NA,NA,NA,2018,2018,NA,NA,"Eva & Niel",NA,NA,NA,NA,NA,NA,NA,"grn",NA,NA,NA,NA,NA,NA,NA
"470",2018-07-26,"WL3","4","6.5","V",0,10,"<1","2.9",1,"0.5",NA,NA,NA,NA,NA,2018,2018,NA,NA,"Eva & Niel",NA,NA,NA,NA,"blue",NA,NA,"grn",NA,NA,NA,"no",NA,NA,0.5
"471",2018-07-26,"WL3","4","6.5","X",NA,NA,NA,NA,NA,NA,NA,NA,NA,NA,NA,2018,2018,NA,NA,"Eva & Niel",NA,NA,NA,NA,NA,NA,NA,"grn",NA,NA,NA,NA,NA,NA,NA
"472",2018-07-26,"WL3","4","8.5","X",NA,NA,NA,NA,NA,NA,NA,NA,NA,NA,NA,2018,2018,NA,NA,"Eva & Niel",NA,NA,NA,NA,NA,NA,NA,"grn",NA,NA,NA,NA,NA,NA,NA
"473",2018-07-26,"WL3","4","9.5","V",37,0,"<1","3.6",1,"0.5",NA,NA,NA,NA,NA,2018,2018,NA,NA,"Eva & Niel",NA,NA,NA,NA,"blue",NA,NA,"grn",NA,NA,NA,"no",NA,NA,0.5
"474",2018-07-26,"WL3","1","4","P",19,0,"2.2999999999999998","19.399999999999999",5,NA,"0","4",7.4,1,"unmarked plant",2018,2018,NA,NA,"Eva & Niel",NA,NA,NA,NA,"GB+BB",NA,NA,NA,NA,NA,NA,"no",NA,NA,2.3
"475",2018-07-26,"WL3","4","3","P",29,21,"1","9.9",3,NA,"0","0",0,3,"unmarked plant",2018,2018,NA,NA,"Eva & Niel",NA,NA,NA,NA,"GB+BB",NA,"white",NA,NA,NA,NA,"no",NA,NA,1
"476",2018-07-26,"WL3","4","4.5","X",NA,NA,NA,NA,NA,NA,NA,NA,NA,NA,"unmarked plant",2018,2018,NA,NA,"Eva & Niel",NA,NA,NA,NA,NA,NA,NA,"ylw",NA,NA,NA,NA,NA,NA,NA
"477",2018-07-26,"WL3","4","4.5","F",41,26,"2.12","20.2",7,NA,"4","21",6.6,7,"unmarked plant",2018,2018,NA,NA,"Eva & Niel",NA,NA,NA,NA,"GB+BB",NA,"white",NA,NA,NA,NA,"no",NA,NA,2.12
"478",2019-08-07,"WL3","1","0.5","X",14,5,NA,NA,NA,NA,NA,NA,NA,NA,NA,2019,NA,NA,NA,"Laura & Megan",NA,NA,NA,NA,"red",NA,NA,NA,NA,NA,NA,NA,NA,NA,NA
"479",2019-08-07,"WL3","1","0.5","X",17,21,NA,NA,NA,NA,NA,NA,NA,NA,NA,2019,NA,NA,NA,"Laura & Megan",NA,NA,NA,NA,"blu",NA,NA,NA,NA,NA,NA,NA,NA,NA,NA
"480",2019-08-07,"WL3","1","0.5","X",48,23,NA,NA,NA,NA,NA,NA,NA,NA,NA,2019,NA,NA,NA,"Laura & Megan",NA,NA,NA,NA,"blu",NA,NA,NA,NA,NA,NA,NA,NA,NA,NA
"481",2019-08-07,"WL3","1","0.5","X",25,41,NA,NA,NA,NA,NA,NA,NA,NA,NA,2019,NA,NA,NA,"Laura & Megan",NA,NA,NA,NA,"blu",NA,NA,NA,NA,NA,NA,NA,NA,NA,NA
"482",2019-08-07,"WL3","1","0.5","X",31,38,NA,NA,NA,NA,NA,NA,NA,NA,NA,2019,NA,NA,NA,"Laura & Megan",NA,NA,NA,NA,"blu",NA,NA,NA,NA,NA,NA,NA,NA,NA,NA
"483",2019-08-07,"WL3","1","1.5","X",29,38,NA,NA,NA,NA,NA,NA,NA,NA,NA,2019,NA,NA,NA,"Laura & Megan",NA,NA,NA,NA,"red",NA,NA,NA,NA,NA,NA,NA,NA,NA,NA
"484",2019-08-07,"WL3","1","1.5","X",46,21,NA,NA,NA,NA,NA,NA,NA,NA,NA,2019,NA,NA,NA,"Laura & Megan",NA,NA,NA,NA,"red",NA,NA,NA,NA,NA,NA,NA,NA,NA,NA
"485",2019-08-07,"WL3","1","1.5","X",27,41,NA,NA,NA,NA,NA,NA,NA,NA,NA,2019,NA,NA,NA,"Laura & Megan",NA,NA,NA,NA,"blu",NA,NA,NA,NA,NA,NA,NA,NA,NA,NA
"486",2019-08-07,"WL3","1","2","X",2,24,NA,NA,NA,NA,NA,NA,NA,NA,NA,2019,NA,NA,NA,"Laura & Megan",NA,NA,NA,NA,"red",NA,NA,NA,NA,NA,NA,NA,NA,NA,NA
"487",2019-08-07,"WL3","1","2","P",37,45,"2.36","14.6",4,NA,"2.0","28.0",4.6,3,NA,2019,NA,NA,NA,"Laura & Megan",NA,NA,NA,NA,"red",NA,NA,"blu",NA,NA,NA,"Y",NA,NA,2.36
"488",2019-08-07,"WL3","1","2.5","X",10,16,NA,NA,NA,NA,NA,NA,NA,NA,NA,2019,NA,NA,NA,"Laura & Megan",NA,NA,NA,NA,"red",NA,NA,NA,NA,NA,NA,NA,NA,NA,NA
"489",2019-08-07,"WL3","1","3.5","P",36,22,"2.03","4.5",6,NA,"0.0","3.0",3.5,2,NA,2019,NA,NA,NA,"Laura & Megan",NA,NA,NA,NA,"red",NA,NA,"blu",NA,NA,NA,"N",NA,NA,2.03
"490",2019-08-07,"WL3","1","3.5","X",40,22,NA,NA,NA,NA,NA,NA,NA,NA,NA,2019,NA,NA,NA,"Laura & Megan",NA,NA,NA,NA,"red",NA,NA,NA,NA,NA,NA,NA,NA,NA,NA
"491",2019-08-07,"WL3","1","3.5","X",7,56,NA,NA,NA,NA,NA,NA,NA,NA,NA,2019,NA,NA,NA,"Laura & Megan",NA,NA,NA,NA,"blu",NA,NA,NA,NA,NA,NA,NA,NA,NA,NA
"492",2019-08-07,"WL3","1","3.5","X",38,54,NA,NA,NA,NA,NA,NA,NA,NA,NA,2019,NA,NA,NA,"Laura & Megan",NA,NA,NA,NA,"blu",NA,NA,NA,NA,NA,NA,NA,NA,NA,NA
"493",2019-08-07,"WL3","1","3.5","X",33,54,NA,NA,NA,NA,NA,NA,NA,NA,NA,2019,NA,NA,NA,"Laura & Megan",NA,NA,NA,NA,"blu",NA,NA,NA,NA,NA,NA,NA,NA,NA,NA
"494",2019-08-07,"WL3","1","3.5","X",47,11,NA,NA,NA,NA,NA,NA,NA,NA,NA,2019,NA,NA,NA,"Laura & Megan",NA,NA,NA,NA,"blu",NA,NA,NA,NA,NA,NA,NA,NA,NA,NA
"495",2019-08-07,"WL3","1","4","P",19,0,"1.54","10.5",5,NA,"10.0","7.0",2.6,5,NA,2019,NA,NA,NA,"Laura & Megan",NA,NA,NA,NA,"GBB",NA,NA,NA,NA,NA,NA,"Y",NA,NA,1.54
"496",2019-08-07,"WL3","1","4.5","X",18,13,NA,NA,NA,NA,NA,NA,NA,NA,NA,2019,NA,NA,NA,"Laura & Megan",NA,NA,NA,NA,"blu",NA,NA,NA,NA,NA,NA,NA,NA,NA,NA
"497",2019-08-07,"WL3","1","4.5","X",23,14,NA,NA,NA,NA,NA,NA,NA,NA,NA,2019,NA,NA,NA,"Laura & Megan",NA,NA,NA,NA,"blu",NA,NA,NA,NA,NA,NA,NA,NA,NA,NA
"498",2019-08-07,"WL3","1","4.5","X",33,22,NA,NA,NA,NA,NA,NA,NA,NA,NA,2019,NA,NA,NA,"Laura & Megan",NA,NA,NA,NA,"blu",NA,NA,NA,NA,NA,NA,NA,NA,NA,NA
"499",2019-08-07,"WL3","1","8.5","X",47,27,NA,NA,NA,NA,NA,NA,NA,NA,NA,2019,NA,NA,NA,"Laura & Megan",NA,NA,NA,NA,"blu",NA,NA,NA,NA,NA,NA,NA,NA,NA,NA
"500",2019-08-07,"WL3","1","8.5","X",46,29,NA,NA,NA,NA,NA,NA,NA,NA,NA,2019,NA,NA,NA,"Laura & Megan",NA,NA,NA,NA,"blu",NA,NA,NA,NA,NA,NA,NA,NA,NA,NA
"501",2019-08-07,"WL3","1","8.5","X",46,30,NA,NA,NA,NA,NA,NA,NA,NA,NA,2019,NA,NA,NA,"Laura & Megan",NA,NA,NA,NA,"blu",NA,NA,NA,NA,NA,NA,NA,NA,NA,NA
"502",2019-08-07,"WL3","1","8.5","X",50,35,NA,NA,NA,NA,NA,NA,NA,NA,NA,2019,NA,NA,NA,"Laura & Megan",NA,NA,NA,NA,"blu",NA,NA,NA,NA,NA,NA,NA,NA,NA,NA
"503",2019-08-07,"WL3","1","8.5","X",50,37,NA,NA,NA,NA,NA,NA,NA,NA,NA,2019,NA,NA,NA,"Laura & Megan",NA,NA,NA,NA,"blu",NA,NA,NA,NA,NA,NA,NA,NA,NA,NA
"504",2019-08-07,"WL3","1","8.5","X",49,36,NA,NA,NA,NA,NA,NA,NA,NA,NA,2019,NA,NA,NA,"Laura & Megan",NA,NA,NA,NA,"blu",NA,NA,NA,NA,NA,NA,NA,NA,NA,NA
"505",2019-08-07,"WL3","1","8.5","X",44,20,NA,NA,NA,NA,NA,NA,NA,NA,NA,2019,NA,NA,NA,"Laura & Megan",NA,NA,NA,NA,"blu",NA,NA,NA,NA,NA,NA,NA,NA,NA,NA
"506",2019-08-07,"WL3","1","8.5","X",50,10,NA,NA,NA,NA,NA,NA,NA,NA,NA,2019,NA,NA,NA,"Laura & Megan",NA,NA,NA,NA,"blu",NA,NA,NA,NA,NA,NA,NA,NA,NA,NA
"507",2019-08-07,"WL3","1","8.5","X",40,3,NA,NA,NA,NA,NA,NA,NA,NA,NA,2019,NA,NA,NA,"Laura & Megan",NA,NA,NA,NA,"blu",NA,NA,NA,NA,NA,NA,NA,NA,NA,NA
"508",2019-08-07,"WL3","1","8.5","X",41,2,NA,NA,NA,NA,NA,NA,NA,NA,NA,2019,NA,NA,NA,"Laura, Megan, Eva, & Maya",NA,NA,NA,NA,"blu",NA,NA,NA,NA,NA,NA,NA,NA,NA,NA
"509",2019-08-07,"WL3","1","8.5","X",32,16,NA,NA,NA,NA,NA,NA,NA,NA,NA,2019,NA,NA,NA,"Laura, Megan, Eva, & Maya",NA,NA,NA,NA,"blu",NA,NA,NA,NA,NA,NA,NA,NA,NA,NA
"510",2019-08-07,"WL3","1","8.5","X",24,10,NA,NA,NA,NA,NA,NA,NA,NA,NA,2019,NA,NA,NA,"Laura, Megan, Eva, & Maya",NA,NA,NA,NA,"blu",NA,NA,NA,NA,NA,NA,NA,NA,NA,NA
"511",2019-08-07,"WL3","1","8.5","X",8,10,NA,NA,NA,NA,NA,NA,NA,NA,NA,2019,NA,NA,NA,"Laura, Megan, Eva, & Maya",NA,NA,NA,NA,"blu",NA,NA,NA,NA,NA,NA,NA,NA,NA,NA
"512",2019-08-07,"WL3","1","8.5","X",5,20,NA,NA,NA,NA,NA,NA,NA,NA,NA,2019,NA,NA,NA,"Laura, Megan, Eva, & Maya",NA,NA,NA,NA,"blu",NA,NA,NA,NA,NA,NA,NA,NA,NA,NA
"513",2019-08-07,"WL3","1","9.5","X",6,2,NA,NA,NA,NA,NA,NA,NA,NA,NA,2019,NA,NA,NA,"Laura, Megan, Eva, & Maya",NA,NA,NA,NA,"blu",NA,NA,NA,NA,NA,NA,NA,NA,NA,NA
"514",2019-08-07,"WL3","2","1","X",9,24,NA,NA,NA,NA,NA,NA,NA,NA,NA,2019,NA,NA,NA,"Laura, Megan, Eva, & Maya",NA,NA,NA,NA,"red",NA,NA,NA,NA,NA,NA,NA,NA,NA,NA
"515",2019-08-07,"WL3","2","1","X",49,38,NA,NA,NA,NA,NA,NA,NA,NA,NA,2019,NA,NA,NA,"Laura, Megan, Eva, & Maya",NA,NA,NA,NA,"red",NA,NA,NA,NA,NA,NA,NA,NA,NA,NA
"516",2019-08-07,"WL3","2","1.5","X",22,23,NA,NA,NA,NA,NA,NA,NA,NA,NA,2019,NA,NA,NA,"Laura, Megan, Eva, & Maya",NA,NA,NA,NA,"blu",NA,NA,NA,NA,NA,NA,NA,NA,NA,NA
"517",2019-08-07,"WL3","2","2","X",29,2,NA,NA,NA,NA,NA,NA,NA,NA,NA,2019,NA,NA,NA,"Laura, Megan, Eva, & Maya",NA,NA,NA,NA,"blu",NA,NA,NA,NA,NA,NA,NA,NA,NA,NA
"518",2019-08-07,"WL3","2","3","X",20,19,NA,NA,NA,NA,NA,NA,NA,NA,NA,2019,NA,NA,NA,"Laura, Megan, Eva, & Maya",NA,NA,NA,NA,"blu",NA,NA,NA,NA,NA,NA,NA,NA,NA,NA
"519",2019-08-07,"WL3","2","3","X",29,13,NA,NA,NA,NA,NA,NA,NA,NA,NA,2019,NA,NA,NA,"Laura, Megan, Eva, & Maya",NA,NA,NA,NA,"red",NA,NA,NA,NA,NA,NA,NA,NA,NA,NA
"520",2019-08-07,"WL3","2","3.5","*",9,5,NA,NA,NA,NA,NA,NA,NA,NA,"*found plant in this spot that looks like a perennial, the BB is lost, we tagged it #58 and took data",2019,NA,NA,NA,"Laura, Megan, Eva, & Maya",NA,NA,NA,NA,"blu",58,NA,NA,NA,NA,NA,NA,NA,NA,NA
"521",2019-08-07,"WL3","2","3.5","X",0,11,NA,NA,NA,NA,NA,NA,NA,NA,NA,2019,NA,NA,NA,"Laura, Megan, Eva, & Maya",NA,NA,NA,NA,"blu",NA,NA,NA,NA,NA,NA,NA,NA,NA,NA
"522",2019-08-07,"WL3","2","3.5","X",43,11,NA,NA,NA,NA,NA,NA,NA,NA,NA,2019,NA,NA,NA,"Laura, Megan, Eva, & Maya",NA,NA,NA,NA,"blu",NA,NA,NA,NA,NA,NA,NA,NA,NA,NA
"523",2019-08-07,"WL3","2","3.5","V",12,35,"1.41","5.5",3,"1.4",NA,NA,NA,NA,NA,2019,NA,NA,NA,"Laura, Megan, Eva, & Maya",NA,NA,NA,NA,"blu",NA,NA,NA,NA,NA,NA,"N",NA,NA,1.41
"524",2019-08-07,"WL3","2","3.5","V",0,30,"1.21","3.3",3,"1.1",NA,NA,NA,NA,NA,2019,NA,NA,NA,"Laura, Megan, Eva, & Maya",NA,NA,NA,NA,"blu",NA,NA,NA,NA,NA,NA,"N",NA,NA,1.21
"525",2019-08-07,"WL3","2","4","P",2,45,"1.96","12.5",5,NA,"1.0","5.0",5.5,5,NA,2019,NA,NA,NA,"Laura, Megan, Eva, & Maya",NA,NA,NA,NA,"blu",NA,NA,"ylw",NA,NA,NA,"N",NA,NA,1.96
"526",2019-08-07,"WL3","2","4","X",5,7,NA,NA,NA,NA,NA,NA,NA,NA,NA,2019,NA,NA,NA,"Laura, Megan, Eva, & Maya",NA,NA,NA,NA,"blu",NA,NA,NA,NA,NA,NA,NA,NA,NA,NA
"527",2019-08-07,"WL3","2","4","P",35,3,"1.37","10.2",5,NA,"0.0","5.0",4.6,3,NA,2019,NA,NA,NA,"Laura, Megan, Eva, & Maya",NA,NA,NA,NA,"blu",NA,NA,"ylw",NA,NA,NA,"N",NA,NA,1.37
"528",2019-08-07,"WL3","2","4.5","X",30,32,NA,NA,NA,NA,NA,NA,NA,NA,NA,2019,NA,NA,NA,"Laura, Megan, Eva, & Maya",NA,NA,NA,NA,"blu",NA,NA,NA,NA,NA,NA,NA,NA,NA,NA
"529",2019-08-07,"WL3","2","4.5","X",44,43,NA,NA,NA,NA,NA,NA,NA,NA,NA,2019,NA,NA,NA,"Laura, Megan, Eva, & Maya",NA,NA,NA,NA,"blu",NA,NA,NA,NA,NA,NA,NA,NA,NA,NA
"530",2019-08-07,"WL3","2","4.5","X",46,11,NA,NA,NA,NA,NA,NA,NA,NA,NA,2019,NA,NA,NA,"Laura, Megan, Eva, & Maya",NA,NA,NA,NA,"red",NA,NA,NA,NA,NA,NA,NA,NA,NA,NA
"531",2019-08-07,"WL3","3","0","X",0,31,NA,NA,NA,NA,NA,NA,NA,NA,NA,2019,NA,NA,NA,"Laura, Megan, Eva, & Maya",NA,NA,NA,NA,"red",NA,NA,NA,NA,NA,NA,NA,NA,NA,NA
"532",2019-08-07,"WL3","3","0","X",15,3,NA,NA,NA,NA,NA,NA,NA,NA,NA,2019,NA,NA,NA,"Laura, Megan, Eva, & Maya",NA,NA,NA,NA,"red",NA,NA,NA,NA,NA,NA,NA,NA,NA,NA
"533",2019-08-07,"WL3","3","0","X",19,7,NA,NA,NA,NA,NA,NA,NA,NA,NA,2019,NA,NA,NA,"Laura, Megan, Eva, & Maya",NA,NA,NA,NA,"blu",NA,NA,NA,NA,NA,NA,NA,NA,NA,NA
"534",2019-08-07,"WL3","3","0","X",29,4,NA,NA,NA,NA,NA,NA,NA,NA,NA,2019,NA,NA,NA,"Laura, Megan, Eva, & Maya",NA,NA,NA,NA,"blu",NA,NA,NA,NA,NA,NA,NA,NA,NA,NA
"535",2019-08-07,"WL3","3","1.5","X",27,42,NA,NA,NA,NA,NA,NA,NA,NA,NA,2019,NA,NA,NA,"Laura, Megan, Eva, & Maya",NA,NA,NA,NA,"red",NA,NA,NA,NA,NA,NA,NA,NA,NA,NA
"536",2019-08-07,"WL3","3","2","X",42,45,NA,NA,NA,NA,NA,NA,NA,NA,NA,2019,NA,NA,NA,"Laura & Megan",NA,NA,NA,NA,"red",NA,NA,NA,NA,NA,NA,NA,NA,NA,NA
"537",2019-08-07,"WL3","3","2","X",9,26,NA,NA,NA,NA,NA,NA,NA,NA,NA,2019,NA,NA,NA,"Laura & Megan",NA,NA,NA,NA,"red",NA,NA,NA,NA,NA,NA,NA,NA,NA,NA
"538",2019-08-07,"WL3","3","2","X",16,39,NA,NA,NA,NA,NA,NA,NA,NA,NA,2019,NA,NA,NA,"Laura & Megan",NA,NA,NA,NA,"red",NA,NA,NA,NA,NA,NA,NA,NA,NA,NA
"539",2019-08-07,"WL3","3","2","X",38,18,NA,NA,NA,NA,NA,NA,NA,NA,NA,2019,NA,NA,NA,"Laura & Megan",NA,NA,NA,NA,"red",NA,NA,NA,NA,NA,NA,NA,NA,NA,NA
"540",2019-08-07,"WL3","3","2.5","X",21,9,NA,NA,NA,NA,NA,NA,NA,NA,NA,2019,NA,NA,NA,"Laura & Megan",NA,NA,NA,NA,"red",NA,NA,NA,NA,NA,NA,NA,NA,NA,NA
"541",2019-08-07,"WL3","3","3.5","X",27,50,NA,NA,NA,NA,NA,NA,NA,NA,NA,2019,NA,NA,NA,"Laura & Megan",NA,NA,NA,NA,"red",NA,NA,NA,NA,NA,NA,NA,NA,NA,NA
"542",2019-08-07,"WL3","3","3.5","X",32,39,NA,NA,NA,NA,NA,NA,NA,NA,NA,2019,NA,NA,NA,"Laura & Megan",NA,NA,NA,NA,"red",NA,NA,NA,NA,NA,NA,NA,NA,NA,NA
"543",2019-08-07,"WL3","3","3.5","X",44,49,NA,NA,NA,NA,NA,NA,NA,NA,NA,2019,NA,NA,NA,"Laura & Megan",NA,NA,NA,NA,"red",NA,NA,NA,NA,NA,NA,NA,NA,NA,NA
"544",2019-08-07,"WL3","3","4","X",40,42,NA,NA,NA,NA,NA,NA,NA,NA,NA,2019,NA,NA,NA,"Laura & Megan",NA,NA,NA,NA,"blu",NA,NA,"blu",NA,NA,NA,NA,NA,NA,NA
"545",2019-08-07,"WL3","3","5","X",45,17,NA,NA,NA,NA,NA,NA,NA,NA,NA,2019,NA,NA,NA,"Laura & Megan",NA,NA,NA,NA,"red",NA,NA,NA,NA,NA,NA,NA,NA,NA,NA
"546",2019-08-07,"WL3","3","5.5","X",47,10,NA,NA,NA,NA,NA,NA,NA,NA,NA,2019,NA,NA,NA,"Laura & Megan",NA,NA,NA,NA,"red",NA,NA,NA,NA,NA,NA,NA,NA,NA,NA
"547",2019-08-07,"WL3","3","6","X",35,48,NA,NA,NA,NA,NA,NA,NA,NA,NA,2019,NA,NA,NA,"Laura & Megan",NA,NA,NA,NA,"red",NA,NA,NA,NA,NA,NA,NA,NA,NA,NA
"548",2019-08-07,"WL3","3","6","X",49,1,NA,NA,NA,NA,NA,NA,NA,NA,NA,2019,NA,NA,NA,"Laura & Megan",NA,NA,NA,NA,"red",NA,NA,NA,NA,NA,NA,NA,NA,NA,NA
"549",2019-08-07,"WL3","3","6","X",6,32,NA,NA,NA,NA,NA,NA,NA,NA,NA,2019,NA,NA,NA,"Laura & Megan",NA,NA,NA,NA,"blu",NA,NA,NA,NA,NA,NA,NA,NA,NA,NA
"550",2019-08-07,"WL3","3","6","X",23,32,NA,NA,NA,NA,NA,NA,NA,NA,NA,2019,NA,NA,NA,"Laura & Megan",NA,NA,NA,NA,"red",NA,NA,NA,NA,NA,NA,NA,NA,NA,NA
"551",2019-08-07,"WL3","3","6","X",24,34,NA,NA,NA,NA,NA,NA,NA,NA,NA,2019,NA,NA,NA,"Laura & Megan",NA,NA,NA,NA,"red",NA,NA,NA,NA,NA,NA,NA,NA,NA,NA
"552",2019-08-07,"WL3","3","6","X",23,35,NA,NA,NA,NA,NA,NA,NA,NA,NA,2019,NA,NA,NA,"Laura & Megan",NA,NA,NA,NA,"red",NA,NA,NA,NA,NA,NA,NA,NA,NA,NA
"553",2019-08-07,"WL3","3","6","X",30,48,NA,NA,NA,NA,NA,NA,NA,NA,NA,2019,NA,NA,NA,"Laura & Megan",NA,NA,NA,NA,"blu",NA,NA,NA,NA,NA,NA,NA,NA,NA,NA
"554",2019-08-07,"WL3","3","6.5","X",28,20,NA,NA,NA,NA,NA,NA,NA,NA,NA,2019,NA,NA,NA,"Laura & Megan",NA,NA,NA,NA,"red",NA,NA,NA,NA,NA,NA,NA,NA,NA,NA
"555",2019-08-07,"WL3","3","6.5","X",32,48,NA,NA,NA,NA,NA,NA,NA,NA,NA,2019,NA,NA,NA,"Laura & Megan",NA,NA,NA,NA,"red",NA,NA,NA,NA,NA,NA,NA,NA,NA,NA
"556",2019-08-07,"WL3","3","7","X",3,45,NA,NA,NA,NA,NA,NA,NA,NA,NA,2019,NA,NA,NA,"Laura & Megan",NA,NA,NA,NA,"blu",NA,NA,NA,NA,NA,NA,NA,NA,NA,NA
"557",2019-08-07,"WL3","3","7.5","X",11,17,NA,NA,NA,NA,NA,NA,NA,NA,NA,2019,NA,NA,NA,"Laura & Megan",NA,NA,NA,NA,"grn",NA,NA,NA,NA,NA,NA,NA,NA,NA,NA
"558",2019-08-07,"WL3","4","0","X",49,25,NA,NA,NA,NA,NA,NA,NA,NA,NA,2019,NA,NA,NA,"Laura & Megan",NA,NA,NA,NA,"blu",NA,NA,NA,NA,NA,NA,NA,NA,NA,NA
"559",2019-08-07,"WL3","4","3","X",29,21,NA,NA,NA,NA,NA,NA,NA,NA,NA,2019,NA,NA,NA,"Laura & Megan",NA,NA,NA,NA,"GBB",NA,NA,NA,NA,NA,NA,NA,NA,NA,NA
"560",2019-08-07,"WL3","4","4.5","P",41,26,"1.46","15.5",2,NA,"0.0","5.0",4,2,NA,2019,NA,NA,NA,"Laura & Megan",NA,NA,NA,NA,"GBB",NA,NA,"ylw",NA,NA,NA,"Y",NA,NA,1.46
"561",2019-08-07,"WL3","4","4.5","X",18,23,NA,NA,NA,NA,NA,NA,NA,NA,NA,2019,NA,NA,NA,"Laura & Megan",NA,NA,NA,NA,"red",NA,NA,NA,NA,NA,NA,NA,NA,NA,NA
"562",2019-08-07,"WL3","4","5.5","X",5,12,NA,NA,NA,NA,NA,NA,NA,NA,NA,2019,NA,NA,NA,"Laura & Megan",NA,NA,NA,NA,"red",NA,NA,NA,NA,NA,NA,NA,NA,NA,NA
"563",2019-08-07,"WL3","4","5.5","X",20,21,NA,NA,NA,NA,NA,NA,NA,NA,NA,2019,NA,NA,NA,"Laura & Megan",NA,NA,NA,NA,"red",NA,NA,NA,NA,NA,NA,NA,NA,NA,NA
"564",2019-08-07,"WL3","4","5.5","X",23,19,NA,NA,NA,NA,NA,NA,NA,NA,NA,2019,NA,NA,NA,"Laura & Megan",NA,NA,NA,NA,"red",NA,NA,NA,NA,NA,NA,NA,NA,NA,NA
"565",2019-08-07,"WL3","4","5.5","F",24,14,"2.23","9.2",5,NA,"2.0",NA,NA,5,NA,2019,NA,NA,NA,"Laura & Megan",NA,NA,NA,NA,"red",NA,NA,"ylw",NA,NA,NA,"Y",NA,NA,2.23
"566",2019-08-07,"WL3","4","5.5","X",25,27,NA,NA,NA,NA,NA,NA,NA,NA,NA,2019,NA,NA,NA,"Laura & Megan",NA,NA,NA,NA,"red",NA,NA,NA,NA,NA,NA,NA,NA,NA,NA
"567",2019-08-07,"WL3","4","5.5","X",27,25,NA,NA,NA,NA,NA,NA,NA,NA,NA,2019,NA,NA,NA,"Laura & Megan",NA,NA,NA,NA,"red",NA,NA,NA,NA,NA,NA,NA,NA,NA,NA
"568",2019-08-07,"WL3","4","5.5","X",31,24,NA,NA,NA,NA,NA,NA,NA,NA,NA,2019,NA,NA,NA,"Laura & Megan",NA,NA,NA,NA,"red",NA,NA,NA,NA,NA,NA,NA,NA,NA,NA
"569",2019-08-07,"WL3","4","5.5","X",31,29,NA,NA,NA,NA,NA,NA,NA,NA,NA,2019,NA,NA,NA,"Laura & Megan",NA,NA,NA,NA,"red",NA,NA,NA,NA,NA,NA,NA,NA,NA,NA
"570",2019-08-07,"WL3","4","5.5","X",10,0,NA,NA,NA,NA,NA,NA,NA,NA,NA,2019,NA,NA,NA,"Laura & Megan",NA,NA,NA,NA,"blu",NA,NA,NA,NA,NA,NA,NA,NA,NA,NA
"571",2019-08-07,"WL3","4","5.5","X",27,21,NA,NA,NA,NA,NA,NA,NA,NA,NA,2019,NA,NA,NA,"Laura & Megan",NA,NA,NA,NA,"blu",NA,NA,NA,NA,NA,NA,NA,NA,NA,NA
"572",2019-08-07,"WL3","4","5.5","X",6,44,NA,NA,NA,NA,NA,NA,NA,NA,NA,2019,NA,NA,NA,"Laura & Megan",NA,NA,NA,NA,"blu",NA,NA,NA,NA,NA,NA,NA,NA,NA,NA
"573",2019-08-07,"WL3","4","5.5","X",34,50,NA,NA,NA,NA,NA,NA,NA,NA,NA,2019,NA,NA,NA,"Laura & Megan",NA,NA,NA,NA,"blu",NA,NA,NA,NA,NA,NA,NA,NA,NA,NA
"574",2019-08-07,"WL3","4","6.5","X",0,10,NA,NA,NA,NA,NA,NA,NA,NA,NA,2019,NA,NA,NA,"Laura & Megan",NA,NA,NA,NA,"blu",NA,NA,NA,NA,NA,NA,NA,NA,NA,NA
"575",2019-08-07,"WL3","4","7","X",27,1,NA,NA,NA,NA,NA,NA,NA,NA,NA,2019,NA,NA,NA,"Laura & Megan",NA,NA,NA,NA,"grn",NA,NA,NA,NA,NA,NA,NA,NA,NA,NA
"576",2019-08-07,"WL3","4","7.5","X",35,47,NA,NA,NA,NA,NA,NA,NA,NA,NA,2019,NA,NA,NA,"Laura & Megan",NA,NA,NA,NA,"grn",NA,NA,NA,NA,NA,NA,NA,NA,NA,NA
"577",2019-08-07,"WL3","4","7.5","X",49,8,NA,NA,NA,NA,NA,NA,NA,NA,NA,2019,NA,NA,NA,"Laura & Megan",NA,NA,NA,NA,"grn",NA,NA,NA,NA,NA,NA,NA,NA,NA,NA
"578",2019-08-07,"WL3","4","8","X",16,45,NA,NA,NA,NA,NA,NA,NA,NA,NA,2019,NA,NA,NA,"Laura & Megan",NA,NA,NA,NA,"grn",NA,NA,NA,NA,NA,NA,NA,NA,NA,NA
"579",2019-08-07,"WL3","4","9.5","X",37,0,NA,NA,NA,NA,NA,NA,NA,NA,"can't find plant here at all, just BB and swd",2019,NA,NA,NA,"Laura & Megan",NA,NA,NA,NA,"blu",NA,NA,"ylw",NA,NA,NA,NA,NA,NA,NA
"580",2019-08-07,"WL3","1","0.5","X",NA,NA,NA,NA,NA,NA,NA,NA,NA,NA,"copied x12",2019,NA,NA,NA,"Laura & Megan",NA,NA,NA,NA,NA,NA,"red",NA,NA,NA,NA,NA,NA,NA,NA
"581",2019-08-07,"WL3","1","0.5","X",NA,NA,NA,NA,NA,NA,NA,NA,NA,NA,NA,2019,NA,NA,NA,"Laura & Megan",NA,NA,NA,NA,NA,NA,"red",NA,NA,NA,NA,NA,NA,NA,NA
"582",2019-08-07,"WL3","1","0.5","X",NA,NA,NA,NA,NA,NA,NA,NA,NA,NA,NA,2019,NA,NA,NA,"Laura & Megan",NA,NA,NA,NA,NA,NA,"red",NA,NA,NA,NA,NA,NA,NA,NA
"583",2019-08-07,"WL3","1","0.5","X",NA,NA,NA,NA,NA,NA,NA,NA,NA,NA,NA,2019,NA,NA,NA,"Laura & Megan",NA,NA,NA,NA,NA,NA,"red",NA,NA,NA,NA,NA,NA,NA,NA
"584",2019-08-07,"WL3","1","0.5","X",NA,NA,NA,NA,NA,NA,NA,NA,NA,NA,NA,2019,NA,NA,NA,"Laura & Megan",NA,NA,NA,NA,NA,NA,"red",NA,NA,NA,NA,NA,NA,NA,NA
"585",2019-08-07,"WL3","1","0.5","X",NA,NA,NA,NA,NA,NA,NA,NA,NA,NA,NA,2019,NA,NA,NA,"Laura & Megan",NA,NA,NA,NA,NA,NA,"red",NA,NA,NA,NA,NA,NA,NA,NA
"586",2019-08-07,"WL3","1","0.5","X",NA,NA,NA,NA,NA,NA,NA,NA,NA,NA,NA,2019,NA,NA,NA,"Laura & Megan",NA,NA,NA,NA,NA,NA,"red",NA,NA,NA,NA,NA,NA,NA,NA
"587",2019-08-07,"WL3","1","0.5","X",NA,NA,NA,NA,NA,NA,NA,NA,NA,NA,NA,2019,NA,NA,NA,"Laura & Megan",NA,NA,NA,NA,NA,NA,"red",NA,NA,NA,NA,NA,NA,NA,NA
"588",2019-08-07,"WL3","1","0.5","X",NA,NA,NA,NA,NA,NA,NA,NA,NA,NA,NA,2019,NA,NA,NA,"Laura & Megan",NA,NA,NA,NA,NA,NA,"red",NA,NA,NA,NA,NA,NA,NA,NA
"589",2019-08-07,"WL3","1","0.5","X",NA,NA,NA,NA,NA,NA,NA,NA,NA,NA,NA,2019,NA,NA,NA,"Laura & Megan",NA,NA,NA,NA,NA,NA,"red",NA,NA,NA,NA,NA,NA,NA,NA
"590",2019-08-07,"WL3","1","0.5","X",NA,NA,NA,NA,NA,NA,NA,NA,NA,NA,NA,2019,NA,NA,NA,"Laura & Megan",NA,NA,NA,NA,NA,NA,"red",NA,NA,NA,NA,NA,NA,NA,NA
"591",2019-08-07,"WL3","1","0.5","X",NA,NA,NA,NA,NA,NA,NA,NA,NA,NA,NA,2019,NA,NA,NA,"Laura & Megan",NA,NA,NA,NA,NA,NA,"red",NA,NA,NA,NA,NA,NA,NA,NA
"592",2019-08-07,"WL3","1","0.5","V",NA,NA,"<1","0.8",1,"0.2",NA,NA,NA,NA,NA,2019,NA,NA,NA,"Laura & Megan",NA,NA,NA,NA,NA,NA,"red",NA,NA,NA,NA,"N",NA,NA,0.5
"593",2019-08-07,"WL3","1","0.5","V",NA,NA,"<1","1.5",1,"0.3",NA,NA,NA,NA,NA,2019,NA,NA,NA,"Laura & Megan",NA,NA,NA,NA,NA,NA,"red",NA,NA,NA,NA,"N",NA,NA,0.5
"594",2019-08-07,"WL3","1","0.5","V",NA,NA,"<1","0.9",1,"0.2",NA,NA,NA,NA,NA,2019,NA,NA,NA,"Laura & Megan",NA,NA,NA,NA,NA,NA,NA,NA,NA,NA,NA,"N",NA,NA,0.5
"595",2019-08-07,"WL3","1","0.5","V",NA,NA,"<1","1.5",1,"0.3",NA,NA,NA,NA,NA,2019,NA,NA,NA,"Laura & Megan",NA,NA,NA,NA,NA,NA,"red",NA,NA,NA,NA,"N",NA,NA,0.5
"596",2019-08-07,"WL3","1","0.5","V",NA,NA,"<1","0.8",1,"0.2",NA,NA,NA,NA,NA,2019,NA,NA,NA,"Laura & Megan",NA,NA,NA,NA,NA,NA,"red",NA,NA,NA,NA,"N",NA,NA,0.5
"597",2019-08-07,"WL3","1","0.5","V",NA,NA,"<1","1.1",1,"0.3",NA,NA,NA,NA,NA,2019,NA,NA,NA,"Laura & Megan",NA,NA,NA,NA,NA,NA,"red",NA,NA,NA,NA,"N",NA,NA,0.5
"598",2019-08-07,"WL3","1","0.5","V",NA,NA,"<1","2.2",1,"0.3",NA,NA,NA,NA,NA,2019,NA,NA,NA,"Laura & Megan",NA,NA,NA,NA,NA,NA,"red",NA,NA,NA,NA,"N",NA,NA,0.5
"599",2019-08-07,"WL3","1","0.5","P",21,47,"1.15","6.5",4,NA,"0.0","6.0",3.2,3,NA,2019,NA,NA,NA,"Laura & Megan",NA,NA,NA,NA,NA,49,NA,"ylw",NA,NA,NA,"N",NA,NA,1.15
"600",2019-08-07,"WL3","1","1.5","V",NA,NA,"<1","1.5",1,"0.4",NA,NA,NA,NA,NA,2019,NA,NA,NA,"Laura & Megan",NA,NA,NA,NA,NA,NA,"red",NA,NA,NA,NA,"N",NA,NA,0.5
"601",2019-08-07,"WL3","1","1.5","V",NA,NA,"<1","0.6",1,"0.3",NA,NA,NA,NA,NA,2019,NA,NA,NA,"Laura & Megan",NA,NA,NA,NA,NA,NA,"red",NA,NA,NA,NA,"N",NA,NA,0.5
"602",2019-08-07,"WL3","1","1.5","X",NA,NA,NA,NA,NA,NA,NA,NA,NA,NA,NA,2019,NA,NA,NA,"Laura & Megan",NA,NA,NA,NA,NA,NA,"red",NA,NA,NA,NA,NA,NA,NA,NA
"603",2019-08-07,"WL3","1","1.5","V",NA,NA,"<1","0.6",1,"0.1",NA,NA,NA,NA,NA,2019,NA,NA,NA,"Laura & Megan",NA,NA,NA,NA,NA,NA,"red",NA,NA,NA,NA,"N",NA,NA,0.5
"604",2019-08-07,"WL3","1","1.5","V",NA,NA,"<1","1.3",1,"0.3",NA,NA,NA,NA,NA,2019,NA,NA,NA,"Laura & Megan",NA,NA,NA,NA,NA,NA,"red",NA,NA,NA,NA,"N",NA,NA,0.5
"605",2019-08-07,"WL3","1","1.5","V",NA,NA,"<1","1.2",1,"0.3",NA,NA,NA,NA,NA,2019,NA,NA,NA,"Laura & Megan",NA,NA,NA,NA,NA,NA,"red",NA,NA,NA,NA,"N",NA,NA,0.5
"606",2019-08-07,"WL3","1","1.5","X",NA,NA,NA,NA,NA,NA,NA,NA,NA,NA,NA,2019,NA,NA,NA,"Laura & Megan",NA,NA,NA,NA,NA,NA,"red",NA,NA,NA,NA,NA,NA,NA,NA
"607",2019-08-07,"WL3","1","2.5","V",NA,NA,"<1","2.0",1,"0.7",NA,NA,NA,NA,NA,2019,NA,NA,NA,"Laura & Megan",NA,NA,NA,NA,NA,NA,"red",NA,NA,NA,NA,"N",NA,NA,0.5
"608",2019-08-07,"WL3","1","2.5","V",NA,NA,"<1","1.4",1,"0.3",NA,NA,NA,NA,NA,2019,NA,NA,NA,"Laura & Megan",NA,NA,NA,NA,NA,NA,"red",NA,NA,NA,NA,"N",NA,NA,0.5
"609",2019-08-07,"WL3","1","2.5","V",NA,NA,"<1","1.6",1,"0.4",NA,NA,NA,NA,NA,2019,NA,NA,NA,"Laura & Megan",NA,NA,NA,NA,NA,NA,"red",NA,NA,NA,NA,"N",NA,NA,0.5
"610",2019-08-07,"WL3","1","3.5","V",NA,NA,"<1","1.0",1,"0.2",NA,NA,NA,NA,NA,2019,NA,NA,NA,"Laura & Megan",NA,NA,NA,NA,NA,NA,"red",NA,NA,NA,NA,"N",NA,NA,0.5
"611",2019-08-07,"WL3","1","3.5","X",NA,NA,NA,NA,NA,NA,NA,NA,NA,NA,NA,2019,NA,NA,NA,"Laura & Megan",NA,NA,NA,NA,NA,NA,"red",NA,NA,NA,NA,NA,NA,NA,NA
"612",2019-08-07,"WL3","1","4.5","X",NA,NA,NA,NA,NA,NA,NA,NA,NA,NA,"copied x24",2019,NA,NA,NA,"Laura & Megan",NA,NA,NA,NA,NA,NA,"red",NA,NA,NA,NA,NA,NA,NA,NA
"613",2019-08-07,"WL3","1","4.5","X",NA,NA,NA,NA,NA,NA,NA,NA,NA,NA,NA,2019,NA,NA,NA,"Laura & Megan",NA,NA,NA,NA,NA,NA,"red",NA,NA,NA,NA,NA,NA,NA,NA
"614",2019-08-07,"WL3","1","4.5","X",NA,NA,NA,NA,NA,NA,NA,NA,NA,NA,NA,2019,NA,NA,NA,"Laura & Megan",NA,NA,NA,NA,NA,NA,"red",NA,NA,NA,NA,NA,NA,NA,NA
"615",2019-08-07,"WL3","1","4.5","X",NA,NA,NA,NA,NA,NA,NA,NA,NA,NA,NA,2019,NA,NA,NA,"Laura & Megan",NA,NA,NA,NA,NA,NA,"red",NA,NA,NA,NA,NA,NA,NA,NA
"616",2019-08-07,"WL3","1","4.5","X",NA,NA,NA,NA,NA,NA,NA,NA,NA,NA,NA,2019,NA,NA,NA,"Laura & Megan",NA,NA,NA,NA,NA,NA,"red",NA,NA,NA,NA,NA,NA,NA,NA
"617",2019-08-07,"WL3","1","4.5","X",NA,NA,NA,NA,NA,NA,NA,NA,NA,NA,NA,2019,NA,NA,NA,"Laura & Megan",NA,NA,NA,NA,NA,NA,"red",NA,NA,NA,NA,NA,NA,NA,NA
"618",2019-08-07,"WL3","1","4.5","X",NA,NA,NA,NA,NA,NA,NA,NA,NA,NA,NA,2019,NA,NA,NA,"Laura & Megan",NA,NA,NA,NA,NA,NA,"red",NA,NA,NA,NA,NA,NA,NA,NA
"619",2019-08-07,"WL3","1","4.5","X",NA,NA,NA,NA,NA,NA,NA,NA,NA,NA,NA,2019,NA,NA,NA,"Laura & Megan",NA,NA,NA,NA,NA,NA,"red",NA,NA,NA,NA,NA,NA,NA,NA
"620",2019-08-07,"WL3","1","4.5","X",NA,NA,NA,NA,NA,NA,NA,NA,NA,NA,NA,2019,NA,NA,NA,"Laura & Megan",NA,NA,NA,NA,NA,NA,"red",NA,NA,NA,NA,NA,NA,NA,NA
"621",2019-08-07,"WL3","1","4.5","X",NA,NA,NA,NA,NA,NA,NA,NA,NA,NA,NA,2019,NA,NA,NA,"Laura & Megan",NA,NA,NA,NA,NA,NA,"red",NA,NA,NA,NA,NA,NA,NA,NA
"622",2019-08-07,"WL3","1","4.5","X",NA,NA,NA,NA,NA,NA,NA,NA,NA,NA,NA,2019,NA,NA,NA,"Laura & Megan",NA,NA,NA,NA,NA,NA,"red",NA,NA,NA,NA,NA,NA,NA,NA
"623",2019-08-07,"WL3","1","4.5","X",NA,NA,NA,NA,NA,NA,NA,NA,NA,NA,NA,2019,NA,NA,NA,"Laura & Megan",NA,NA,NA,NA,NA,NA,"red",NA,NA,NA,NA,NA,NA,NA,NA
"624",2019-08-07,"WL3","1","4.5","X",NA,NA,NA,NA,NA,NA,NA,NA,NA,NA,NA,2019,NA,NA,NA,"Laura & Megan",NA,NA,NA,NA,NA,NA,"red",NA,NA,NA,NA,NA,NA,NA,NA
"625",2019-08-07,"WL3","1","4.5","X",NA,NA,NA,NA,NA,NA,NA,NA,NA,NA,NA,2019,NA,NA,NA,"Laura & Megan",NA,NA,NA,NA,NA,NA,"red",NA,NA,NA,NA,NA,NA,NA,NA
"626",2019-08-07,"WL3","1","4.5","X",NA,NA,NA,NA,NA,NA,NA,NA,NA,NA,NA,2019,NA,NA,NA,"Laura & Megan",NA,NA,NA,NA,NA,NA,"red",NA,NA,NA,NA,NA,NA,NA,NA
"627",2019-08-07,"WL3","1","4.5","X",NA,NA,NA,NA,NA,NA,NA,NA,NA,NA,NA,2019,NA,NA,NA,"Laura & Megan",NA,NA,NA,NA,NA,NA,"red",NA,NA,NA,NA,NA,NA,NA,NA
"628",2019-08-07,"WL3","1","4.5","X",NA,NA,NA,NA,NA,NA,NA,NA,NA,NA,NA,2019,NA,NA,NA,"Laura & Megan",NA,NA,NA,NA,NA,NA,"red",NA,NA,NA,NA,NA,NA,NA,NA
"629",2019-08-07,"WL3","1","4.5","X",NA,NA,NA,NA,NA,NA,NA,NA,NA,NA,NA,2019,NA,NA,NA,"Laura & Megan",NA,NA,NA,NA,NA,NA,"red",NA,NA,NA,NA,NA,NA,NA,NA
"630",2019-08-07,"WL3","1","4.5","X",NA,NA,NA,NA,NA,NA,NA,NA,NA,NA,NA,2019,NA,NA,NA,"Laura & Megan",NA,NA,NA,NA,NA,NA,"red",NA,NA,NA,NA,NA,NA,NA,NA
"631",2019-08-07,"WL3","1","4.5","X",NA,NA,NA,NA,NA,NA,NA,NA,NA,NA,NA,2019,NA,NA,NA,"Laura & Megan",NA,NA,NA,NA,NA,NA,"red",NA,NA,NA,NA,NA,NA,NA,NA
"632",2019-08-07,"WL3","1","4.5","X",NA,NA,NA,NA,NA,NA,NA,NA,NA,NA,NA,2019,NA,NA,NA,"Laura & Megan",NA,NA,NA,NA,NA,NA,"red",NA,NA,NA,NA,NA,NA,NA,NA
"633",2019-08-07,"WL3","1","4.5","X",NA,NA,NA,NA,NA,NA,NA,NA,NA,NA,NA,2019,NA,NA,NA,"Laura & Megan",NA,NA,NA,NA,NA,NA,"red",NA,NA,NA,NA,NA,NA,NA,NA
"634",2019-08-07,"WL3","1","4.5","X",NA,NA,NA,NA,NA,NA,NA,NA,NA,NA,NA,2019,NA,NA,NA,"Laura & Megan",NA,NA,NA,NA,NA,NA,"red",NA,NA,NA,NA,NA,NA,NA,NA
"635",2019-08-07,"WL3","1","4.5","X",NA,NA,NA,NA,NA,NA,NA,NA,NA,NA,NA,2019,NA,NA,NA,"Laura & Megan",NA,NA,NA,NA,NA,NA,"red",NA,NA,NA,NA,NA,NA,NA,NA
"636",2019-08-07,"WL3","1","4.5","V",4,50,"<1","1.5",4,"0.5",NA,NA,NA,NA,NA,2019,NA,NA,NA,"Laura & Megan",NA,NA,NA,NA,NA,45,"red",NA,NA,NA,NA,"N",NA,NA,0.5
"637",2019-08-07,"WL3","1","5.5",NA,NA,NA,NA,NA,NA,NA,NA,NA,NA,NA,"no plants",2019,NA,NA,NA,"Laura & Megan",NA,NA,NA,NA,NA,NA,NA,NA,NA,NA,NA,NA,NA,NA,NA
"638",2019-08-07,"WL3","1","6.5",NA,NA,NA,NA,NA,NA,NA,NA,NA,NA,NA,"no plants",2019,NA,NA,NA,"Laura & Megan",NA,NA,NA,NA,NA,NA,NA,NA,NA,NA,NA,NA,NA,NA,NA
"639",2019-08-07,"WL3","1","7.5",NA,NA,NA,NA,NA,NA,NA,NA,NA,NA,NA,"no plants",2019,NA,NA,NA,"Laura & Megan",NA,NA,NA,NA,NA,NA,NA,NA,NA,NA,NA,NA,NA,NA,NA
"640",2019-08-07,"WL3","1","8.5","X",NA,NA,NA,NA,NA,NA,NA,NA,NA,NA,"copied x10",2019,NA,NA,NA,"Laura & Megan",NA,NA,NA,NA,NA,NA,"red",NA,NA,NA,NA,NA,NA,NA,NA
"641",2019-08-07,"WL3","1","8.5","X",NA,NA,NA,NA,NA,NA,NA,NA,NA,NA,NA,2019,NA,NA,NA,"Laura & Megan",NA,NA,NA,NA,NA,NA,"red",NA,NA,NA,NA,NA,NA,NA,NA
"642",2019-08-07,"WL3","1","8.5","X",NA,NA,NA,NA,NA,NA,NA,NA,NA,NA,NA,2019,NA,NA,NA,"Laura & Megan",NA,NA,NA,NA,NA,NA,"red",NA,NA,NA,NA,NA,NA,NA,NA
"643",2019-08-07,"WL3","1","8.5","X",NA,NA,NA,NA,NA,NA,NA,NA,NA,NA,NA,2019,NA,NA,NA,"Laura & Megan",NA,NA,NA,NA,NA,NA,"red",NA,NA,NA,NA,NA,NA,NA,NA
"644",2019-08-07,"WL3","1","8.5","X",NA,NA,NA,NA,NA,NA,NA,NA,NA,NA,NA,2019,NA,NA,NA,"Laura & Megan",NA,NA,NA,NA,NA,NA,"red",NA,NA,NA,NA,NA,NA,NA,NA
"645",2019-08-07,"WL3","1","8.5","X",NA,NA,NA,NA,NA,NA,NA,NA,NA,NA,NA,2019,NA,NA,NA,"Laura & Megan",NA,NA,NA,NA,NA,NA,"red",NA,NA,NA,NA,NA,NA,NA,NA
"646",2019-08-07,"WL3","1","8.5","X",NA,NA,NA,NA,NA,NA,NA,NA,NA,NA,NA,2019,NA,NA,NA,"Laura & Megan",NA,NA,NA,NA,NA,NA,"red",NA,NA,NA,NA,NA,NA,NA,NA
"647",2019-08-07,"WL3","1","8.5","X",NA,NA,NA,NA,NA,NA,NA,NA,NA,NA,NA,2019,NA,NA,NA,"Laura & Megan",NA,NA,NA,NA,NA,NA,"red",NA,NA,NA,NA,NA,NA,NA,NA
"648",2019-08-07,"WL3","1","8.5","X",NA,NA,NA,NA,NA,NA,NA,NA,NA,NA,NA,2019,NA,NA,NA,"Laura & Megan",NA,NA,NA,NA,NA,NA,"red",NA,NA,NA,NA,NA,NA,NA,NA
"649",2019-08-07,"WL3","1","8.5","X",NA,NA,NA,NA,NA,NA,NA,NA,NA,NA,NA,2019,NA,NA,NA,"Laura & Megan",NA,NA,NA,NA,NA,NA,"red",NA,NA,NA,NA,NA,NA,NA,NA
"650",2019-08-07,"WL3","1","8.5","V",NA,NA,"<1","2.5",1,"0.7",NA,NA,NA,NA,NA,2019,NA,NA,NA,"Laura & Megan",NA,NA,NA,NA,NA,NA,"red",NA,NA,NA,NA,"N",NA,NA,0.5
"651",2019-08-07,"WL3","1","8.5","V",NA,NA,"<1","1.0",1,"0.3",NA,NA,NA,NA,NA,2019,NA,NA,NA,"Laura & Megan",NA,NA,NA,NA,NA,NA,"red",NA,NA,NA,NA,"N",NA,NA,0.5
"652",2019-08-07,"WL3","1","8.5","V",NA,NA,"<1","1.1",1,"0.5",NA,NA,NA,NA,NA,2019,NA,NA,NA,"Laura & Megan",NA,NA,NA,NA,NA,NA,"red",NA,NA,NA,NA,"N",NA,NA,0.5
"653",2019-08-07,"WL3","1","8.5","V",NA,NA,"<1","1.5",1,"0.4",NA,NA,NA,NA,NA,2019,NA,NA,NA,"Laura & Megan",NA,NA,NA,NA,NA,NA,"red",NA,NA,NA,NA,NA,NA,NA,0.5
"654",2019-08-07,"WL3","1","9.5","X",NA,NA,NA,NA,NA,NA,NA,NA,NA,NA,NA,2019,NA,NA,NA,"Laura & Megan",NA,NA,NA,NA,NA,NA,"red",NA,NA,NA,NA,NA,NA,NA,NA
"655",2019-08-07,"WL3","1","9.5","V",6,50,"<1","3.9",3,"0.3",NA,NA,NA,NA,NA,2019,NA,NA,NA,"Laura & Megan",NA,NA,NA,NA,NA,59,"red",NA,NA,NA,NA,NA,NA,NA,0.5
"656",2019-08-07,"WL3","2","4.5","X",NA,NA,NA,NA,NA,NA,NA,NA,NA,NA,"copied x51",2019,NA,NA,NA,"Laura & Megan",NA,NA,NA,NA,NA,NA,"red",NA,NA,NA,NA,NA,NA,NA,NA
"657",2019-08-07,"WL3","2","4.5","X",NA,NA,NA,NA,NA,NA,NA,NA,NA,NA,NA,2019,NA,NA,NA,"Laura & Megan",NA,NA,NA,NA,NA,NA,"red",NA,NA,NA,NA,NA,NA,NA,NA
"658",2019-08-07,"WL3","2","4.5","X",NA,NA,NA,NA,NA,NA,NA,NA,NA,NA,NA,2019,NA,NA,NA,"Laura & Megan",NA,NA,NA,NA,NA,NA,"red",NA,NA,NA,NA,NA,NA,NA,NA
"659",2019-08-07,"WL3","2","4.5","X",NA,NA,NA,NA,NA,NA,NA,NA,NA,NA,NA,2019,NA,NA,NA,"Laura & Megan",NA,NA,NA,NA,NA,NA,"red",NA,NA,NA,NA,NA,NA,NA,NA
"660",2019-08-07,"WL3","2","4.5","X",NA,NA,NA,NA,NA,NA,NA,NA,NA,NA,NA,2019,NA,NA,NA,"Laura & Megan",NA,NA,NA,NA,NA,NA,"red",NA,NA,NA,NA,NA,NA,NA,NA
"661",2019-08-07,"WL3","2","4.5","X",NA,NA,NA,NA,NA,NA,NA,NA,NA,NA,NA,2019,NA,NA,NA,"Laura & Megan",NA,NA,NA,NA,NA,NA,"red",NA,NA,NA,NA,NA,NA,NA,NA
"662",2019-08-07,"WL3","2","4.5","X",NA,NA,NA,NA,NA,NA,NA,NA,NA,NA,NA,2019,NA,NA,NA,"Laura & Megan",NA,NA,NA,NA,NA,NA,"red",NA,NA,NA,NA,NA,NA,NA,NA
"663",2019-08-07,"WL3","2","4.5","X",NA,NA,NA,NA,NA,NA,NA,NA,NA,NA,NA,2019,NA,NA,NA,"Laura & Megan",NA,NA,NA,NA,NA,NA,"red",NA,NA,NA,NA,NA,NA,NA,NA
"664",2019-08-07,"WL3","2","4.5","X",NA,NA,NA,NA,NA,NA,NA,NA,NA,NA,NA,2019,NA,NA,NA,"Laura & Megan",NA,NA,NA,NA,NA,NA,"red",NA,NA,NA,NA,NA,NA,NA,NA
"665",2019-08-07,"WL3","2","4.5","X",NA,NA,NA,NA,NA,NA,NA,NA,NA,NA,NA,2019,NA,NA,NA,"Laura & Megan",NA,NA,NA,NA,NA,NA,"red",NA,NA,NA,NA,NA,NA,NA,NA
"666",2019-08-07,"WL3","2","4.5","X",NA,NA,NA,NA,NA,NA,NA,NA,NA,NA,NA,2019,NA,NA,NA,"Laura & Megan",NA,NA,NA,NA,NA,NA,"red",NA,NA,NA,NA,NA,NA,NA,NA
"667",2019-08-07,"WL3","2","4.5","X",NA,NA,NA,NA,NA,NA,NA,NA,NA,NA,NA,2019,NA,NA,NA,"Laura & Megan",NA,NA,NA,NA,NA,NA,"red",NA,NA,NA,NA,NA,NA,NA,NA
"668",2019-08-07,"WL3","2","4.5","X",NA,NA,NA,NA,NA,NA,NA,NA,NA,NA,NA,2019,NA,NA,NA,"Laura & Megan",NA,NA,NA,NA,NA,NA,"red",NA,NA,NA,NA,NA,NA,NA,NA
"669",2019-08-07,"WL3","2","4.5","X",NA,NA,NA,NA,NA,NA,NA,NA,NA,NA,NA,2019,NA,NA,NA,"Laura & Megan",NA,NA,NA,NA,NA,NA,"red",NA,NA,NA,NA,NA,NA,NA,NA
"670",2019-08-07,"WL3","2","4.5","X",NA,NA,NA,NA,NA,NA,NA,NA,NA,NA,NA,2019,NA,NA,NA,"Laura & Megan",NA,NA,NA,NA,NA,NA,"red",NA,NA,NA,NA,NA,NA,NA,NA
"671",2019-08-07,"WL3","2","4.5","X",NA,NA,NA,NA,NA,NA,NA,NA,NA,NA,NA,2019,NA,NA,NA,"Laura & Megan",NA,NA,NA,NA,NA,NA,"red",NA,NA,NA,NA,NA,NA,NA,NA
"672",2019-08-07,"WL3","2","4.5","X",NA,NA,NA,NA,NA,NA,NA,NA,NA,NA,NA,2019,NA,NA,NA,"Laura & Megan",NA,NA,NA,NA,NA,NA,"red",NA,NA,NA,NA,NA,NA,NA,NA
"673",2019-08-07,"WL3","2","4.5","X",NA,NA,NA,NA,NA,NA,NA,NA,NA,NA,NA,2019,NA,NA,NA,"Laura & Megan",NA,NA,NA,NA,NA,NA,"red",NA,NA,NA,NA,NA,NA,NA,NA
"674",2019-08-07,"WL3","2","4.5","X",NA,NA,NA,NA,NA,NA,NA,NA,NA,NA,NA,2019,NA,NA,NA,"Laura & Megan",NA,NA,NA,NA,NA,NA,"red",NA,NA,NA,NA,NA,NA,NA,NA
"675",2019-08-07,"WL3","2","4.5","X",NA,NA,NA,NA,NA,NA,NA,NA,NA,NA,NA,2019,NA,NA,NA,"Laura & Megan",NA,NA,NA,NA,NA,NA,"red",NA,NA,NA,NA,NA,NA,NA,NA
"676",2019-08-07,"WL3","2","4.5","X",NA,NA,NA,NA,NA,NA,NA,NA,NA,NA,NA,2019,NA,NA,NA,"Laura & Megan",NA,NA,NA,NA,NA,NA,"red",NA,NA,NA,NA,NA,NA,NA,NA
"677",2019-08-07,"WL3","2","4.5","X",NA,NA,NA,NA,NA,NA,NA,NA,NA,NA,NA,2019,NA,NA,NA,"Laura & Megan",NA,NA,NA,NA,NA,NA,"red",NA,NA,NA,NA,NA,NA,NA,NA
"678",2019-08-07,"WL3","2","4.5","X",NA,NA,NA,NA,NA,NA,NA,NA,NA,NA,NA,2019,NA,NA,NA,"Laura & Megan",NA,NA,NA,NA,NA,NA,"red",NA,NA,NA,NA,NA,NA,NA,NA
"679",2019-08-07,"WL3","2","4.5","X",NA,NA,NA,NA,NA,NA,NA,NA,NA,NA,NA,2019,NA,NA,NA,"Laura & Megan",NA,NA,NA,NA,NA,NA,"red",NA,NA,NA,NA,NA,NA,NA,NA
"680",2019-08-07,"WL3","2","4.5","X",NA,NA,NA,NA,NA,NA,NA,NA,NA,NA,NA,2019,NA,NA,NA,"Laura & Megan",NA,NA,NA,NA,NA,NA,"red",NA,NA,NA,NA,NA,NA,NA,NA
"681",2019-08-07,"WL3","2","4.5","X",NA,NA,NA,NA,NA,NA,NA,NA,NA,NA,NA,2019,NA,NA,NA,"Laura & Megan",NA,NA,NA,NA,NA,NA,"red",NA,NA,NA,NA,NA,NA,NA,NA
"682",2019-08-07,"WL3","2","4.5","X",NA,NA,NA,NA,NA,NA,NA,NA,NA,NA,NA,2019,NA,NA,NA,"Laura & Megan",NA,NA,NA,NA,NA,NA,"red",NA,NA,NA,NA,NA,NA,NA,NA
"683",2019-08-07,"WL3","2","4.5","X",NA,NA,NA,NA,NA,NA,NA,NA,NA,NA,NA,2019,NA,NA,NA,"Laura & Megan",NA,NA,NA,NA,NA,NA,"red",NA,NA,NA,NA,NA,NA,NA,NA
"684",2019-08-07,"WL3","2","4.5","X",NA,NA,NA,NA,NA,NA,NA,NA,NA,NA,NA,2019,NA,NA,NA,"Laura & Megan",NA,NA,NA,NA,NA,NA,"red",NA,NA,NA,NA,NA,NA,NA,NA
"685",2019-08-07,"WL3","2","4.5","X",NA,NA,NA,NA,NA,NA,NA,NA,NA,NA,NA,2019,NA,NA,NA,"Laura & Megan",NA,NA,NA,NA,NA,NA,"red",NA,NA,NA,NA,NA,NA,NA,NA
"686",2019-08-07,"WL3","2","4.5","X",NA,NA,NA,NA,NA,NA,NA,NA,NA,NA,NA,2019,NA,NA,NA,"Laura & Megan",NA,NA,NA,NA,NA,NA,"red",NA,NA,NA,NA,NA,NA,NA,NA
"687",2019-08-07,"WL3","2","4.5","X",NA,NA,NA,NA,NA,NA,NA,NA,NA,NA,NA,2019,NA,NA,NA,"Laura & Megan",NA,NA,NA,NA,NA,NA,"red",NA,NA,NA,NA,NA,NA,NA,NA
"688",2019-08-07,"WL3","2","4.5","X",NA,NA,NA,NA,NA,NA,NA,NA,NA,NA,NA,2019,NA,NA,NA,"Laura & Megan",NA,NA,NA,NA,NA,NA,"red",NA,NA,NA,NA,NA,NA,NA,NA
"689",2019-08-07,"WL3","2","4.5","X",NA,NA,NA,NA,NA,NA,NA,NA,NA,NA,NA,2019,NA,NA,NA,"Laura & Megan",NA,NA,NA,NA,NA,NA,"red",NA,NA,NA,NA,NA,NA,NA,NA
"690",2019-08-07,"WL3","2","4.5","X",NA,NA,NA,NA,NA,NA,NA,NA,NA,NA,NA,2019,NA,NA,NA,"Laura & Megan",NA,NA,NA,NA,NA,NA,"red",NA,NA,NA,NA,NA,NA,NA,NA
"691",2019-08-07,"WL3","2","4.5","X",NA,NA,NA,NA,NA,NA,NA,NA,NA,NA,NA,2019,NA,NA,NA,"Laura & Megan",NA,NA,NA,NA,NA,NA,"red",NA,NA,NA,NA,NA,NA,NA,NA
"692",2019-08-07,"WL3","2","4.5","X",NA,NA,NA,NA,NA,NA,NA,NA,NA,NA,NA,2019,NA,NA,NA,"Laura & Megan",NA,NA,NA,NA,NA,NA,"red",NA,NA,NA,NA,NA,NA,NA,NA
"693",2019-08-07,"WL3","2","4.5","X",NA,NA,NA,NA,NA,NA,NA,NA,NA,NA,NA,2019,NA,NA,NA,"Laura & Megan",NA,NA,NA,NA,NA,NA,"red",NA,NA,NA,NA,NA,NA,NA,NA
"694",2019-08-07,"WL3","2","4.5","X",NA,NA,NA,NA,NA,NA,NA,NA,NA,NA,NA,2019,NA,NA,NA,"Laura & Megan",NA,NA,NA,NA,NA,NA,"red",NA,NA,NA,NA,NA,NA,NA,NA
"695",2019-08-07,"WL3","2","4.5","X",NA,NA,NA,NA,NA,NA,NA,NA,NA,NA,NA,2019,NA,NA,NA,"Laura & Megan",NA,NA,NA,NA,NA,NA,"red",NA,NA,NA,NA,NA,NA,NA,NA
"696",2019-08-07,"WL3","2","4.5","X",NA,NA,NA,NA,NA,NA,NA,NA,NA,NA,NA,2019,NA,NA,NA,"Laura & Megan",NA,NA,NA,NA,NA,NA,"red",NA,NA,NA,NA,NA,NA,NA,NA
"697",2019-08-07,"WL3","2","4.5","X",NA,NA,NA,NA,NA,NA,NA,NA,NA,NA,NA,2019,NA,NA,NA,"Laura & Megan",NA,NA,NA,NA,NA,NA,"red",NA,NA,NA,NA,NA,NA,NA,NA
"698",2019-08-07,"WL3","2","4.5","X",NA,NA,NA,NA,NA,NA,NA,NA,NA,NA,NA,2019,NA,NA,NA,"Laura & Megan",NA,NA,NA,NA,NA,NA,"red",NA,NA,NA,NA,NA,NA,NA,NA
"699",2019-08-07,"WL3","2","4.5","X",NA,NA,NA,NA,NA,NA,NA,NA,NA,NA,NA,2019,NA,NA,NA,"Laura & Megan",NA,NA,NA,NA,NA,NA,"red",NA,NA,NA,NA,NA,NA,NA,NA
"700",2019-08-07,"WL3","2","4.5","X",NA,NA,NA,NA,NA,NA,NA,NA,NA,NA,NA,2019,NA,NA,NA,"Laura & Megan",NA,NA,NA,NA,NA,NA,"red",NA,NA,NA,NA,NA,NA,NA,NA
"701",2019-08-07,"WL3","2","4.5","X",NA,NA,NA,NA,NA,NA,NA,NA,NA,NA,NA,2019,NA,NA,NA,"Laura & Megan",NA,NA,NA,NA,NA,NA,"red",NA,NA,NA,NA,NA,NA,NA,NA
"702",2019-08-07,"WL3","2","4.5","X",NA,NA,NA,NA,NA,NA,NA,NA,NA,NA,NA,2019,NA,NA,NA,"Laura & Megan",NA,NA,NA,NA,NA,NA,"red",NA,NA,NA,NA,NA,NA,NA,NA
"703",2019-08-07,"WL3","2","4.5","X",NA,NA,NA,NA,NA,NA,NA,NA,NA,NA,NA,2019,NA,NA,NA,"Laura & Megan",NA,NA,NA,NA,NA,NA,"red",NA,NA,NA,NA,NA,NA,NA,NA
"704",2019-08-07,"WL3","2","4.5","X",NA,NA,NA,NA,NA,NA,NA,NA,NA,NA,NA,2019,NA,NA,NA,"Laura & Megan",NA,NA,NA,NA,NA,NA,"red",NA,NA,NA,NA,NA,NA,NA,NA
"705",2019-08-07,"WL3","2","4.5","X",NA,NA,NA,NA,NA,NA,NA,NA,NA,NA,NA,2019,NA,NA,NA,"Laura & Megan",NA,NA,NA,NA,NA,NA,"red",NA,NA,NA,NA,NA,NA,NA,NA
"706",2019-08-07,"WL3","2","4.5","X",NA,NA,NA,NA,NA,NA,NA,NA,NA,NA,NA,2019,NA,NA,NA,"Laura & Megan",NA,NA,NA,NA,NA,NA,"red",NA,NA,NA,NA,NA,NA,NA,NA
"707",2019-08-07,"WL3","2","4.5","V",NA,NA,"<1","0.5",1,"0.1",NA,NA,NA,NA,NA,2019,NA,NA,NA,"Laura & Megan",NA,NA,NA,NA,NA,NA,"red",NA,NA,NA,NA,"N",NA,NA,0.5
"708",2019-08-07,"WL3","2","4.5","V",NA,NA,"<1","1.0",1,"0.1",NA,NA,NA,NA,NA,2019,NA,NA,NA,"Laura & Megan",NA,NA,NA,NA,NA,NA,"red",NA,NA,NA,NA,"N",NA,NA,0.5
"709",2019-08-07,"WL3","2","4.5","V",NA,NA,"<1","1.2",1,"0.3",NA,NA,NA,NA,NA,2019,NA,NA,NA,"Laura & Megan",NA,NA,NA,NA,NA,NA,"red",NA,NA,NA,NA,"N",NA,NA,0.5
"710",2019-08-07,"WL3","2","4.5","V",NA,NA,"<1","1.0",1,"0.2",NA,NA,NA,NA,NA,2019,NA,NA,NA,"Laura & Megan",NA,NA,NA,NA,NA,NA,"red",NA,NA,NA,NA,"N",NA,NA,0.5
"711",2019-08-07,"WL3","2","4.5","V",NA,NA,"<1","1.1",1,"0.3",NA,NA,NA,NA,NA,2019,NA,NA,NA,"Laura & Megan",NA,NA,NA,NA,NA,NA,"red",NA,NA,NA,NA,"N",NA,NA,0.5
"712",2019-08-07,"WL3","2","4.5","V",NA,NA,"<1","0.7",1,"0.2",NA,NA,NA,NA,NA,2019,NA,NA,NA,"Laura & Megan",NA,NA,NA,NA,NA,NA,"red",NA,NA,NA,NA,"N",NA,NA,0.5
"713",2019-08-07,"WL3","2","4.5","V",NA,NA,"<1","0.5",1,"0.1",NA,NA,NA,NA,NA,2019,NA,NA,NA,"Laura & Megan",NA,NA,NA,NA,NA,NA,"red",NA,NA,NA,NA,"N",NA,NA,0.5
"714",2019-08-07,"WL3","2","4.5","V",NA,NA,"<1","1.0",1,"0.2",NA,NA,NA,NA,NA,2019,NA,NA,NA,"Laura & Megan",NA,NA,NA,NA,NA,NA,"red",NA,NA,NA,NA,"N",NA,NA,0.5
"715",2019-08-07,"WL3","2","4.5","V",NA,NA,"<1","1.3",1,"0.2",NA,NA,NA,NA,NA,2019,NA,NA,NA,"Laura & Megan",NA,NA,NA,NA,NA,NA,"red",NA,NA,NA,NA,"N",NA,NA,0.5
"716",2019-08-07,"WL3","2","4.5","V",NA,NA,"<1","0.9",1,"0.3",NA,NA,NA,NA,NA,2019,NA,NA,NA,"Laura & Megan",NA,NA,NA,NA,NA,NA,"red",NA,NA,NA,NA,"N",NA,NA,0.5
"717",2019-08-07,"WL3","2","4.5","V",NA,NA,"<1","1.1",1,"0.1",NA,NA,NA,NA,NA,2019,NA,NA,NA,"Laura & Megan",NA,NA,NA,NA,NA,NA,"red",NA,NA,NA,NA,"N",NA,NA,0.5
"718",2019-08-07,"WL3","2","4.5","V",NA,NA,"<1","1.2",1,"0.2",NA,NA,NA,NA,NA,2019,NA,NA,NA,"Laura & Megan",NA,NA,NA,NA,NA,NA,"red",NA,NA,NA,NA,"Y",NA,NA,0.5
"719",2019-08-07,"WL3","2","4.5","V",NA,NA,"<1","1.6",1,"0.2",NA,NA,NA,NA,NA,2019,NA,NA,NA,"Laura & Megan",NA,NA,NA,NA,NA,NA,"red",NA,NA,NA,NA,"N",NA,NA,0.5
"720",2019-08-07,"WL3","2","4.5","V",NA,NA,"<1","1.6",1,"0.1",NA,NA,NA,NA,NA,2019,NA,NA,NA,"Laura & Megan",NA,NA,NA,NA,NA,NA,"red",NA,NA,NA,NA,"N",NA,NA,0.5
"721",2019-08-07,"WL3","2","4.5","V",NA,NA,"<1","1.1",1,"0.2",NA,NA,NA,NA,NA,2019,NA,NA,NA,"Laura & Megan",NA,NA,NA,NA,NA,NA,"red",NA,NA,NA,NA,"N",NA,NA,0.5
"722",2019-08-07,"WL3","2","4.5","V",NA,NA,"<1","2.0",1,"0.4",NA,NA,NA,NA,NA,2019,NA,NA,NA,"Laura & Megan",NA,NA,NA,NA,NA,NA,"red",NA,NA,NA,NA,"N",NA,NA,0.5
"723",2019-08-07,"WL3","2","4.5","V",NA,NA,"<1","1.5",1,"0.2",NA,NA,NA,NA,NA,2019,NA,NA,NA,"Laura & Megan",NA,NA,NA,NA,NA,NA,"red",NA,NA,NA,NA,"N",NA,NA,0.5
"724",2019-08-07,"WL3","2","4.5","V",NA,NA,"<1","0.3",1,"0.1",NA,NA,NA,NA,NA,2019,NA,NA,NA,"Laura & Megan",NA,NA,NA,NA,NA,NA,"red",NA,NA,NA,NA,"N",NA,NA,0.5
"725",2019-08-07,"WL3","2","4.5","V",NA,NA,"<1","1.0",1,"0.1",NA,NA,NA,NA,NA,2019,NA,NA,NA,"Laura & Megan",NA,NA,NA,NA,NA,NA,"red",NA,NA,NA,NA,"N",NA,NA,0.5
"726",2019-08-07,"WL3","2","4.5","V",NA,NA,"<1","0.6",1,"0.2",NA,NA,NA,NA,NA,2019,NA,NA,NA,"Laura & Megan",NA,NA,NA,NA,NA,NA,"red",NA,NA,NA,NA,"N",NA,NA,0.5
"727",2019-08-07,"WL3","2","4.5","V",NA,NA,"<1","0.9",1,"0.2",NA,NA,NA,NA,NA,2019,NA,NA,NA,"Laura & Megan",NA,NA,NA,NA,NA,NA,"red",NA,NA,NA,NA,"N",NA,NA,0.5
"728",2019-08-07,"WL3","2","4.5","V",NA,NA,"<1","0.8",1,"0.3",NA,NA,NA,NA,NA,2019,NA,NA,NA,"Laura & Megan",NA,NA,NA,NA,NA,NA,"red",NA,NA,NA,NA,"N",NA,NA,0.5
"729",2019-08-07,"WL3","2","4.5","V",NA,NA,"<1","0.5",1,"0.1",NA,NA,NA,NA,NA,2019,NA,NA,NA,"Laura & Megan",NA,NA,NA,NA,NA,NA,"red",NA,NA,NA,NA,"N",NA,NA,0.5
"730",2019-08-07,"WL3","2","4.5","V",NA,NA,"<1","0.5",1,"0.2",NA,NA,NA,NA,NA,2019,NA,NA,NA,"Laura & Megan",NA,NA,NA,NA,NA,NA,"red",NA,NA,NA,NA,"N",NA,NA,0.5
"731",2019-08-07,"WL3","2","4.5","V",NA,NA,"<1","0.9",1,"0.2",NA,NA,NA,NA,NA,2019,NA,NA,NA,"Laura & Megan",NA,NA,NA,NA,NA,NA,"red",NA,NA,NA,NA,"Y",NA,NA,0.5
"732",2019-08-07,"WL3","2","4.5","V",NA,NA,"<1","0.7",1,"0.1",NA,NA,NA,NA,NA,2019,NA,NA,NA,"Laura & Megan",NA,NA,NA,NA,NA,NA,"red",NA,NA,NA,NA,"N",NA,NA,0.5
"733",2019-08-07,"WL3","2","4.5","V",NA,NA,"<1","0.3",1,"0.2",NA,NA,NA,NA,NA,2019,NA,NA,NA,"Laura & Megan",NA,NA,NA,NA,NA,NA,"red",NA,NA,NA,NA,"N",NA,NA,0.5
"734",2019-08-07,"WL3","2","4.5","X",NA,NA,NA,NA,NA,NA,NA,NA,NA,NA,NA,2019,NA,NA,NA,"Laura & Megan",NA,NA,NA,NA,NA,NA,"red",NA,NA,NA,NA,NA,NA,NA,NA
"735",2019-08-07,"WL3","2","4.5","X",NA,NA,NA,NA,NA,NA,NA,NA,NA,NA,NA,2019,NA,NA,NA,"Laura & Megan",NA,NA,NA,NA,NA,NA,"red",NA,NA,NA,NA,NA,NA,NA,NA
"736",2019-08-07,"WL3","2","4.5","V",NA,NA,"<1","0.5",1,"0.2",NA,NA,NA,NA,NA,2019,NA,NA,NA,"Laura & Megan",NA,NA,NA,NA,NA,NA,"red",NA,NA,NA,NA,"N",NA,NA,0.5
"737",2019-08-07,"WL3","2","2.5","X",NA,NA,NA,NA,NA,NA,NA,NA,NA,NA,"copied x3",2019,NA,NA,NA,"Maya & Eva",NA,NA,NA,NA,NA,NA,"ylw",NA,NA,NA,NA,NA,NA,NA,NA
"738",2019-08-07,"WL3","2","2.5","X",NA,NA,NA,NA,NA,NA,NA,NA,NA,NA,NA,2019,NA,NA,NA,"Maya & Eva",NA,NA,NA,NA,NA,NA,"ylw",NA,NA,NA,NA,NA,NA,NA,NA
"739",2019-08-07,"WL3","2","2.5","X",NA,NA,NA,NA,NA,NA,NA,NA,NA,NA,NA,2019,NA,NA,NA,"Maya & Eva",NA,NA,NA,NA,NA,NA,"ylw",NA,NA,NA,NA,NA,NA,NA,NA
"740",2019-08-07,"WL3","2","2.5","V",NA,NA,"<1","1.4",1,"0.4",NA,NA,NA,NA,NA,2019,NA,NA,NA,"Maya & Eva",NA,NA,NA,NA,NA,NA,"red",NA,NA,NA,NA,"N",NA,NA,0.5
"741",2019-08-07,"WL3","2","2.5","V",NA,NA,"<1","1.2",1,"0.2",NA,NA,NA,NA,NA,2019,NA,NA,NA,"Maya & Eva",NA,NA,NA,NA,NA,NA,"red",NA,NA,NA,NA,"N",NA,NA,0.5
"742",2019-08-07,"WL3","2","2.5","V",NA,NA,"<1","0.7",1,"0.3",NA,NA,NA,NA,NA,2019,NA,NA,NA,"Maya & Eva",NA,NA,NA,NA,NA,NA,"red",NA,NA,NA,NA,"N",NA,NA,0.5
"743",2019-08-07,"WL3","2","3",NA,NA,NA,NA,NA,NA,NA,NA,NA,NA,NA,"found additional blue and GBB bird bands dead here",2019,NA,NA,NA,"Maya & Eva",NA,NA,NA,NA,NA,NA,NA,NA,NA,NA,NA,NA,NA,NA,NA
"744",2019-08-07,"WL3","2","3","X",NA,NA,NA,NA,NA,NA,NA,NA,NA,NA,"copied x5",2019,NA,NA,NA,"Maya & Eva",NA,NA,NA,NA,NA,NA,"red",NA,NA,NA,NA,NA,NA,NA,NA
"745",2019-08-07,"WL3","2","3","X",NA,NA,NA,NA,NA,NA,NA,NA,NA,NA,NA,2019,NA,NA,NA,"Maya & Eva",NA,NA,NA,NA,NA,NA,"red",NA,NA,NA,NA,NA,NA,NA,NA
"746",2019-08-07,"WL3","2","3","X",NA,NA,NA,NA,NA,NA,NA,NA,NA,NA,NA,2019,NA,NA,NA,"Maya & Eva",NA,NA,NA,NA,NA,NA,"red",NA,NA,NA,NA,NA,NA,NA,NA
"747",2019-08-07,"WL3","2","3","X",NA,NA,NA,NA,NA,NA,NA,NA,NA,NA,NA,2019,NA,NA,NA,"Maya & Eva",NA,NA,NA,NA,NA,NA,"red",NA,NA,NA,NA,NA,NA,NA,NA
"748",2019-08-07,"WL3","2","3","X",NA,NA,NA,NA,NA,NA,NA,NA,NA,NA,NA,2019,NA,NA,NA,"Maya & Eva",NA,NA,NA,NA,NA,NA,"red",NA,NA,NA,NA,NA,NA,NA,NA
"749",2019-08-07,"WL3","2","3","V",NA,NA,"<1","1.5",1,"0.2",NA,NA,NA,NA,NA,2019,NA,NA,NA,"Maya & Eva",NA,NA,NA,NA,NA,NA,"red",NA,NA,NA,NA,"N",NA,NA,0.5
"750",2019-08-07,"WL3","2","3","V",NA,NA,"<1","1.0",1,"0.3",NA,NA,NA,NA,NA,2019,NA,NA,NA,"Maya & Eva",NA,NA,NA,NA,NA,NA,"red",NA,NA,NA,NA,"N",NA,NA,0.5
"751",2019-08-07,"WL3","2","3","V",NA,NA,"<1","1.6",1,"0.4",NA,NA,NA,NA,NA,2019,NA,NA,NA,"Maya & Eva",NA,NA,NA,NA,NA,NA,"red",NA,NA,NA,NA,"N",NA,NA,0.5
"752",2019-08-07,"WL3","2","3.5","V",9,5,"1.9","2.9",3,"1.6",NA,NA,NA,NA,NA,2019,NA,NA,NA,"Maya & Eva",NA,NA,NA,NA,NA,58,NA,NA,NA,NA,NA,"Y",NA,NA,1.9
"753",2019-08-07,"WL3","3","0","X",NA,NA,NA,NA,NA,NA,NA,NA,NA,NA,NA,2019,NA,NA,NA,"Maya & Eva",NA,NA,NA,NA,NA,NA,"red",NA,NA,NA,NA,NA,NA,NA,NA
"754",2019-08-07,"WL3","3","0","X",NA,NA,NA,NA,NA,NA,NA,NA,NA,NA,NA,2019,NA,NA,NA,"Maya & Eva",NA,NA,NA,NA,NA,NA,"red",NA,NA,NA,NA,NA,NA,NA,NA
"755",2019-08-07,"WL3","3","0","X",NA,NA,NA,NA,NA,NA,NA,NA,NA,NA,NA,2019,NA,NA,NA,"Maya & Eva",NA,NA,NA,NA,NA,NA,"red",NA,NA,NA,NA,NA,NA,NA,NA
"756",2019-08-07,"WL3","3","0","V",NA,NA,"<1","0.4",1,"0.1",NA,NA,NA,NA,NA,2019,NA,NA,NA,"Maya & Eva",NA,NA,NA,NA,NA,NA,"red",NA,NA,NA,NA,"N",NA,NA,0.5
"757",2019-08-07,"WL3","3","0","V",NA,NA,"<1","1.5",1,"0.8",NA,NA,NA,NA,NA,2019,NA,NA,NA,"Maya & Eva",NA,NA,NA,NA,NA,NA,"red",NA,NA,NA,NA,"N",NA,NA,0.5
"758",2019-08-07,"WL3","3","1","X",NA,NA,NA,NA,NA,NA,NA,NA,NA,NA,NA,2019,NA,NA,NA,"Maya & Eva",NA,NA,NA,NA,NA,NA,"red",NA,NA,NA,NA,NA,NA,NA,NA
"759",2019-08-07,"WL3","3","1","V",NA,NA,"<1","0.7",1,"0.3",NA,NA,NA,NA,NA,2019,NA,NA,NA,"Maya & Eva",NA,NA,NA,NA,NA,NA,"red",NA,NA,NA,NA,"N",NA,NA,0.5
"760",2019-08-07,"WL3","3","2","X",NA,NA,NA,NA,NA,NA,NA,NA,NA,NA,NA,2019,NA,NA,NA,"Maya & Eva",NA,NA,NA,NA,NA,NA,"ylw",NA,NA,NA,NA,NA,NA,NA,NA
"761",2019-08-07,"WL3","3","2","X",NA,NA,NA,NA,NA,NA,NA,NA,NA,NA,NA,2019,NA,NA,NA,"Maya & Eva",NA,NA,NA,NA,NA,NA,"ylw",NA,NA,NA,NA,NA,NA,NA,NA
"762",2019-08-07,"WL3","3","2","X",NA,NA,NA,NA,NA,NA,NA,NA,NA,NA,"copied x12",2019,NA,NA,NA,"Maya & Eva",NA,NA,NA,NA,NA,NA,"red",NA,NA,NA,NA,NA,NA,NA,NA
"763",2019-08-07,"WL3","3","2","X",NA,NA,NA,NA,NA,NA,NA,NA,NA,NA,NA,2019,NA,NA,NA,"Maya & Eva",NA,NA,NA,NA,NA,NA,"red",NA,NA,NA,NA,NA,NA,NA,NA
"764",2019-08-07,"WL3","3","2","X",NA,NA,NA,NA,NA,NA,NA,NA,NA,NA,NA,2019,NA,NA,NA,"Maya & Eva",NA,NA,NA,NA,NA,NA,"red",NA,NA,NA,NA,NA,NA,NA,NA
"765",2019-08-07,"WL3","3","2","X",NA,NA,NA,NA,NA,NA,NA,NA,NA,NA,NA,2019,NA,NA,NA,"Maya & Eva",NA,NA,NA,NA,NA,NA,"red",NA,NA,NA,NA,NA,NA,NA,NA
"766",2019-08-07,"WL3","3","2","X",NA,NA,NA,NA,NA,NA,NA,NA,NA,NA,NA,2019,NA,NA,NA,"Maya & Eva",NA,NA,NA,NA,NA,NA,"red",NA,NA,NA,NA,NA,NA,NA,NA
"767",2019-08-07,"WL3","3","2","X",NA,NA,NA,NA,NA,NA,NA,NA,NA,NA,NA,2019,NA,NA,NA,"Maya & Eva",NA,NA,NA,NA,NA,NA,"red",NA,NA,NA,NA,NA,NA,NA,NA
"768",2019-08-07,"WL3","3","2","X",NA,NA,NA,NA,NA,NA,NA,NA,NA,NA,NA,2019,NA,NA,NA,"Maya & Eva",NA,NA,NA,NA,NA,NA,"red",NA,NA,NA,NA,NA,NA,NA,NA
"769",2019-08-07,"WL3","3","2","X",NA,NA,NA,NA,NA,NA,NA,NA,NA,NA,NA,2019,NA,NA,NA,"Maya & Eva",NA,NA,NA,NA,NA,NA,"red",NA,NA,NA,NA,NA,NA,NA,NA
"770",2019-08-07,"WL3","3","2","X",NA,NA,NA,NA,NA,NA,NA,NA,NA,NA,NA,2019,NA,NA,NA,"Maya & Eva",NA,NA,NA,NA,NA,NA,"red",NA,NA,NA,NA,NA,NA,NA,NA
"771",2019-08-07,"WL3","3","2","X",NA,NA,NA,NA,NA,NA,NA,NA,NA,NA,NA,2019,NA,NA,NA,"Maya & Eva",NA,NA,NA,NA,NA,NA,"red",NA,NA,NA,NA,NA,NA,NA,NA
"772",2019-08-07,"WL3","3","2","X",NA,NA,NA,NA,NA,NA,NA,NA,NA,NA,NA,2019,NA,NA,NA,"Maya & Eva",NA,NA,NA,NA,NA,NA,"red",NA,NA,NA,NA,NA,NA,NA,NA
"773",2019-08-07,"WL3","3","2","X",NA,NA,NA,NA,NA,NA,NA,NA,NA,NA,NA,2019,NA,NA,NA,"Maya & Eva",NA,NA,NA,NA,NA,NA,"red",NA,NA,NA,NA,NA,NA,NA,NA
"774",2019-08-07,"WL3","3","2","V",NA,NA,"<1","0.6",1,"0.1",NA,NA,NA,NA,NA,2019,NA,NA,NA,"Maya & Eva",NA,NA,NA,NA,NA,NA,"red",NA,NA,NA,NA,"N",NA,NA,0.5
"775",2019-08-07,"WL3","3","2","V",NA,NA,"<1","1.1",1,"0.1",NA,NA,NA,NA,NA,2019,NA,NA,NA,"Maya & Eva",NA,NA,NA,NA,NA,NA,"red",NA,NA,NA,NA,"N",NA,NA,0.5
"776",2019-08-07,"WL3","3","2","V",NA,NA,"<1","1.0",1,"0.2",NA,NA,NA,NA,NA,2019,NA,NA,NA,"Maya & Eva",NA,NA,NA,NA,NA,NA,"red",NA,NA,NA,NA,"N",NA,NA,0.5
"777",2019-08-07,"WL3","3","2","V",NA,NA,"<1","2.0",1,"0.3",NA,NA,NA,NA,NA,2019,NA,NA,NA,"Maya & Eva",NA,NA,NA,NA,NA,NA,"red",NA,NA,NA,NA,"N",NA,NA,0.5
"778",2019-08-07,"WL3","3","2","V",NA,NA,"<1","0.5",1,"0.1",NA,NA,NA,NA,NA,2019,NA,NA,NA,"Maya & Eva",NA,NA,NA,NA,NA,NA,"red",NA,NA,NA,NA,"N",NA,NA,0.5
"779",2019-08-07,"WL3","3","2","V",NA,NA,"<1","1.0",1,"0.2",NA,NA,NA,NA,NA,2019,NA,NA,NA,"Maya & Eva",NA,NA,NA,NA,NA,NA,"red",NA,NA,NA,NA,"N",NA,NA,0.5
"780",2019-08-07,"WL3","3","3","X",NA,NA,NA,NA,NA,NA,NA,NA,NA,NA,NA,2019,NA,NA,NA,"Maya & Eva",NA,NA,NA,NA,NA,NA,"red",NA,NA,NA,NA,NA,NA,NA,NA
"781",2019-08-07,"WL3","3","3.5",NA,NA,NA,NA,NA,NA,NA,NA,NA,NA,NA,"found additional dead blue bird band",2019,NA,NA,NA,"Maya & Eva",NA,NA,NA,NA,NA,NA,NA,NA,NA,NA,NA,NA,NA,NA,NA
"782",2019-08-07,"WL3","3","4","X",NA,NA,NA,NA,NA,NA,NA,NA,NA,NA,"copied x12",2019,NA,NA,NA,"Maya & Eva",NA,NA,NA,NA,NA,NA,"red",NA,NA,NA,NA,NA,NA,NA,NA
"783",2019-08-07,"WL3","3","4","X",NA,NA,NA,NA,NA,NA,NA,NA,NA,NA,NA,2019,NA,NA,NA,"Maya & Eva",NA,NA,NA,NA,NA,NA,"red",NA,NA,NA,NA,NA,NA,NA,NA
"784",2019-08-07,"WL3","3","4","X",NA,NA,NA,NA,NA,NA,NA,NA,NA,NA,NA,2019,NA,NA,NA,"Maya & Eva",NA,NA,NA,NA,NA,NA,"red",NA,NA,NA,NA,NA,NA,NA,NA
"785",2019-08-07,"WL3","3","4","X",NA,NA,NA,NA,NA,NA,NA,NA,NA,NA,NA,2019,NA,NA,NA,"Maya & Eva",NA,NA,NA,NA,NA,NA,"red",NA,NA,NA,NA,NA,NA,NA,NA
"786",2019-08-07,"WL3","3","4","X",NA,NA,NA,NA,NA,NA,NA,NA,NA,NA,NA,2019,NA,NA,NA,"Maya & Eva",NA,NA,NA,NA,NA,NA,"red",NA,NA,NA,NA,NA,NA,NA,NA
"787",2019-08-07,"WL3","3","4","X",NA,NA,NA,NA,NA,NA,NA,NA,NA,NA,NA,2019,NA,NA,NA,"Maya & Eva",NA,NA,NA,NA,NA,NA,"red",NA,NA,NA,NA,NA,NA,NA,NA
"788",2019-08-07,"WL3","3","4","X",NA,NA,NA,NA,NA,NA,NA,NA,NA,NA,NA,2019,NA,NA,NA,"Maya & Eva",NA,NA,NA,NA,NA,NA,"red",NA,NA,NA,NA,NA,NA,NA,NA
"789",2019-08-07,"WL3","3","4","X",NA,NA,NA,NA,NA,NA,NA,NA,NA,NA,NA,2019,NA,NA,NA,"Maya & Eva",NA,NA,NA,NA,NA,NA,"red",NA,NA,NA,NA,NA,NA,NA,NA
"790",2019-08-07,"WL3","3","4","X",NA,NA,NA,NA,NA,NA,NA,NA,NA,NA,NA,2019,NA,NA,NA,"Maya & Eva",NA,NA,NA,NA,NA,NA,"red",NA,NA,NA,NA,NA,NA,NA,NA
"791",2019-08-07,"WL3","3","4","X",NA,NA,NA,NA,NA,NA,NA,NA,NA,NA,NA,2019,NA,NA,NA,"Maya & Eva",NA,NA,NA,NA,NA,NA,"red",NA,NA,NA,NA,NA,NA,NA,NA
"792",2019-08-07,"WL3","3","4","X",NA,NA,NA,NA,NA,NA,NA,NA,NA,NA,NA,2019,NA,NA,NA,"Maya & Eva",NA,NA,NA,NA,NA,NA,"red",NA,NA,NA,NA,NA,NA,NA,NA
"793",2019-08-07,"WL3","3","4","X",NA,NA,NA,NA,NA,NA,NA,NA,NA,NA,NA,2019,NA,NA,NA,"Maya & Eva",NA,NA,NA,NA,NA,NA,"red",NA,NA,NA,NA,NA,NA,NA,NA
"794",2019-08-07,"WL3","3","4","V",NA,NA,"<1","0.8",1,"0.2",NA,NA,NA,NA,NA,2019,NA,NA,NA,"Maya & Eva",NA,NA,NA,NA,NA,NA,"red",NA,NA,NA,NA,"N",NA,NA,0.5
"795",2019-08-07,"WL3","3","5","X",NA,NA,NA,NA,NA,NA,NA,NA,NA,NA,"copied x4",2019,NA,NA,NA,"Maya & Eva",NA,NA,NA,NA,NA,NA,"red",NA,NA,NA,NA,NA,NA,NA,NA
"796",2019-08-07,"WL3","3","5","X",NA,NA,NA,NA,NA,NA,NA,NA,NA,NA,NA,2019,NA,NA,NA,"Maya & Eva",NA,NA,NA,NA,NA,NA,"red",NA,NA,NA,NA,NA,NA,NA,NA
"797",2019-08-07,"WL3","3","5","X",NA,NA,NA,NA,NA,NA,NA,NA,NA,NA,NA,2019,NA,NA,NA,"Maya & Eva",NA,NA,NA,NA,NA,NA,"red",NA,NA,NA,NA,NA,NA,NA,NA
"798",2019-08-07,"WL3","3","5","X",NA,NA,NA,NA,NA,NA,NA,NA,NA,NA,NA,2019,NA,NA,NA,"Maya & Eva",NA,NA,NA,NA,NA,NA,"red",NA,NA,NA,NA,NA,NA,NA,NA
"799",2019-08-07,"WL3","3","5","V",NA,NA,"<1","1.2",1,"0.4",NA,NA,NA,NA,NA,2019,NA,NA,NA,"Maya & Eva",NA,NA,NA,NA,NA,NA,"red",NA,NA,NA,NA,"N",NA,NA,0.5
"800",2019-08-07,"WL3","3","6",NA,NA,NA,NA,NA,NA,NA,NA,NA,NA,NA,"found grn bird band",2019,NA,NA,NA,"Maya & Eva",NA,NA,NA,NA,NA,NA,NA,NA,NA,NA,NA,NA,NA,NA,NA
"801",2019-08-07,"WL3","3","6","X",NA,NA,NA,NA,NA,NA,NA,NA,NA,NA,"copied x13",2019,NA,NA,NA,"Maya & Eva",NA,NA,NA,NA,NA,NA,"red",NA,NA,NA,NA,NA,NA,NA,NA
"802",2019-08-07,"WL3","3","6","X",NA,NA,NA,NA,NA,NA,NA,NA,NA,NA,NA,2019,NA,NA,NA,"Maya & Eva",NA,NA,NA,NA,NA,NA,"red",NA,NA,NA,NA,NA,NA,NA,NA
"803",2019-08-07,"WL3","3","6","X",NA,NA,NA,NA,NA,NA,NA,NA,NA,NA,NA,2019,NA,NA,NA,"Maya & Eva",NA,NA,NA,NA,NA,NA,"red",NA,NA,NA,NA,NA,NA,NA,NA
"804",2019-08-07,"WL3","3","6","X",NA,NA,NA,NA,NA,NA,NA,NA,NA,NA,NA,2019,NA,NA,NA,"Maya & Eva",NA,NA,NA,NA,NA,NA,"red",NA,NA,NA,NA,NA,NA,NA,NA
"805",2019-08-07,"WL3","3","6","X",NA,NA,NA,NA,NA,NA,NA,NA,NA,NA,NA,2019,NA,NA,NA,"Maya & Eva",NA,NA,NA,NA,NA,NA,"red",NA,NA,NA,NA,NA,NA,NA,NA
"806",2019-08-07,"WL3","3","6","X",NA,NA,NA,NA,NA,NA,NA,NA,NA,NA,NA,2019,NA,NA,NA,"Maya & Eva",NA,NA,NA,NA,NA,NA,"red",NA,NA,NA,NA,NA,NA,NA,NA
"807",2019-08-07,"WL3","3","6","X",NA,NA,NA,NA,NA,NA,NA,NA,NA,NA,NA,2019,NA,NA,NA,"Maya & Eva",NA,NA,NA,NA,NA,NA,"red",NA,NA,NA,NA,NA,NA,NA,NA
"808",2019-08-07,"WL3","3","6","X",NA,NA,NA,NA,NA,NA,NA,NA,NA,NA,NA,2019,NA,NA,NA,"Maya & Eva",NA,NA,NA,NA,NA,NA,"red",NA,NA,NA,NA,NA,NA,NA,NA
"809",2019-08-07,"WL3","3","6","X",NA,NA,NA,NA,NA,NA,NA,NA,NA,NA,NA,2019,NA,NA,NA,"Maya & Eva",NA,NA,NA,NA,NA,NA,"red",NA,NA,NA,NA,NA,NA,NA,NA
"810",2019-08-07,"WL3","3","6","X",NA,NA,NA,NA,NA,NA,NA,NA,NA,NA,NA,2019,NA,NA,NA,"Maya & Eva",NA,NA,NA,NA,NA,NA,"red",NA,NA,NA,NA,NA,NA,NA,NA
"811",2019-08-07,"WL3","3","6","X",NA,NA,NA,NA,NA,NA,NA,NA,NA,NA,NA,2019,NA,NA,NA,"Maya & Eva",NA,NA,NA,NA,NA,NA,"red",NA,NA,NA,NA,NA,NA,NA,NA
"812",2019-08-07,"WL3","3","6","X",NA,NA,NA,NA,NA,NA,NA,NA,NA,NA,NA,2019,NA,NA,NA,"Maya & Eva",NA,NA,NA,NA,NA,NA,"red",NA,NA,NA,NA,NA,NA,NA,NA
"813",2019-08-07,"WL3","3","6","X",NA,NA,NA,NA,NA,NA,NA,NA,NA,NA,NA,2019,NA,NA,NA,"Maya & Eva",NA,NA,NA,NA,NA,NA,"red",NA,NA,NA,NA,NA,NA,NA,NA
"814",2019-08-07,"WL3","3","6","V",NA,NA,"<1","1.6",1,"0.3",NA,NA,NA,NA,NA,2019,NA,NA,NA,"Maya & Eva",NA,NA,NA,NA,NA,NA,"red",NA,NA,NA,NA,"N",NA,NA,0.5
"815",2019-08-07,"WL3","3","6","V",NA,NA,"<1","1.0",1,"0.4",NA,NA,NA,NA,NA,2019,NA,NA,NA,"Maya & Eva",NA,NA,NA,NA,NA,NA,"red",NA,NA,NA,NA,"N",NA,NA,0.5
"816",2019-08-07,"WL3","3","7","X",NA,NA,NA,NA,NA,NA,NA,NA,NA,NA,"copied x5",2019,NA,NA,NA,"Maya & Eva",NA,NA,NA,NA,NA,NA,"red",NA,NA,NA,NA,NA,NA,NA,NA
"817",2019-08-07,"WL3","3","7","X",NA,NA,NA,NA,NA,NA,NA,NA,NA,NA,NA,2019,NA,NA,NA,"Maya & Eva",NA,NA,NA,NA,NA,NA,"red",NA,NA,NA,NA,NA,NA,NA,NA
"818",2019-08-07,"WL3","3","7","X",NA,NA,NA,NA,NA,NA,NA,NA,NA,NA,NA,2019,NA,NA,NA,"Maya & Eva",NA,NA,NA,NA,NA,NA,"red",NA,NA,NA,NA,NA,NA,NA,NA
"819",2019-08-07,"WL3","3","7","X",NA,NA,NA,NA,NA,NA,NA,NA,NA,NA,NA,2019,NA,NA,NA,"Maya & Eva",NA,NA,NA,NA,NA,NA,"red",NA,NA,NA,NA,NA,NA,NA,NA
"820",2019-08-07,"WL3","3","7","X",NA,NA,NA,NA,NA,NA,NA,NA,NA,NA,NA,2019,NA,NA,NA,"Maya & Eva",NA,NA,NA,NA,NA,NA,"red",NA,NA,NA,NA,NA,NA,NA,NA
"821",2019-08-07,"WL3","3","8","X",NA,NA,NA,NA,NA,NA,NA,NA,NA,NA,NA,2019,NA,NA,NA,"Maya & Eva",NA,NA,NA,NA,NA,NA,"ylw",NA,NA,NA,NA,NA,NA,NA,NA
"822",2019-08-07,"WL3","4","0.5",NA,NA,NA,NA,NA,NA,NA,NA,NA,NA,NA,"no plants",2019,NA,NA,NA,"Maya & Eva",NA,NA,NA,NA,NA,NA,NA,NA,NA,NA,NA,NA,NA,NA,NA
"823",2019-08-07,"WL3","4","1.5",NA,NA,NA,NA,NA,NA,NA,NA,NA,NA,NA,"no plants",2019,NA,NA,NA,"Maya & Eva",NA,NA,NA,NA,NA,NA,NA,NA,NA,NA,NA,NA,NA,NA,NA
"824",2019-08-07,"WL3","4","2.5","V",NA,NA,"<1","1.3",1,"0.2",NA,NA,NA,NA,NA,2019,NA,NA,NA,"Maya & Eva",NA,NA,NA,NA,NA,NA,"ylw",NA,NA,NA,NA,"N",NA,NA,0.5
"825",2019-08-07,"WL3","4","3.5","X",NA,NA,NA,NA,NA,NA,NA,NA,NA,NA,"copied x2",2019,NA,NA,NA,"Maya & Eva",NA,NA,NA,NA,NA,NA,"red",NA,NA,NA,NA,NA,NA,NA,NA
"826",2019-08-07,"WL3","4","3.5","X",NA,NA,NA,NA,NA,NA,NA,NA,NA,NA,NA,2019,NA,NA,NA,"Maya & Eva",NA,NA,NA,NA,NA,NA,"red",NA,NA,NA,NA,NA,NA,NA,NA
"827",2019-08-07,"WL3","4","3.5","V",NA,NA,"<1","1.5",1,"0.6",NA,NA,NA,NA,NA,2019,NA,NA,NA,"Maya & Eva",NA,NA,NA,NA,NA,NA,"red",NA,NA,NA,NA,"N",NA,NA,0.5
"828",2019-08-07,"WL3","4","4.5","V",NA,NA,"<1","0.9",1,"0.3",NA,NA,NA,NA,NA,2019,NA,NA,NA,"Maya & Eva",NA,NA,NA,NA,NA,NA,"red",NA,NA,NA,NA,"N",NA,NA,0.5
"829",2019-08-07,"WL3","4","5.5","X",NA,NA,NA,NA,NA,NA,NA,NA,NA,NA,NA,2019,NA,NA,NA,"Maya & Eva",NA,NA,NA,NA,NA,NA,"red",NA,NA,NA,NA,NA,NA,NA,NA
"830",2019-08-07,"WL3","4","5.5","V",NA,NA,"<1","1.6",1,"0.6",NA,NA,NA,NA,NA,2019,NA,NA,NA,"Maya & Eva",NA,NA,NA,NA,NA,NA,"red",NA,NA,NA,NA,"N",NA,NA,0.5
"831",2019-08-07,"WL3","4","5.5","V",NA,NA,"<1","2.2",1,"0.4",NA,NA,NA,NA,NA,2019,NA,NA,NA,"Maya & Eva",NA,NA,NA,NA,NA,NA,"red",NA,NA,NA,NA,"N",NA,NA,0.5
"832",2019-08-07,"WL3","4","6.5","X",NA,NA,NA,NA,NA,NA,NA,NA,NA,NA,NA,2019,NA,NA,NA,"Maya & Eva",NA,NA,NA,NA,NA,NA,"red",NA,NA,NA,NA,NA,NA,NA,NA
"833",2019-08-07,"WL3","4","7.5","X",NA,NA,NA,NA,NA,NA,NA,NA,NA,NA,NA,2019,NA,NA,NA,"Maya & Eva",NA,NA,NA,NA,NA,NA,"red",NA,NA,NA,NA,NA,NA,NA,NA
"834",2019-08-07,"WL3","4","8.5",NA,NA,NA,NA,NA,NA,NA,NA,NA,NA,NA,"No plants",2019,NA,NA,NA,"Maya & Eva",NA,NA,NA,NA,NA,NA,NA,NA,NA,NA,NA,NA,NA,NA,NA
"835",2019-08-07,"WL3","4","9.5",NA,NA,NA,NA,NA,NA,NA,NA,NA,NA,NA,"No plants",2019,NA,NA,NA,"Maya & Eva",NA,NA,NA,NA,NA,NA,NA,NA,NA,NA,NA,NA,NA,NA,NA
"836",2019-08-07,"WL3","2","0","X",NA,NA,NA,NA,NA,NA,NA,NA,NA,NA,"copied x17",2019,NA,NA,NA,"Maya & Eva",NA,NA,NA,NA,NA,NA,"red",NA,NA,NA,NA,NA,NA,NA,NA
"837",2019-08-07,"WL3","2","0","X",NA,NA,NA,NA,NA,NA,NA,NA,NA,NA,NA,2019,NA,NA,NA,"Maya & Eva",NA,NA,NA,NA,NA,NA,"red",NA,NA,NA,NA,NA,NA,NA,NA
"838",2019-08-07,"WL3","2","0","X",NA,NA,NA,NA,NA,NA,NA,NA,NA,NA,NA,2019,NA,NA,NA,"Maya & Eva",NA,NA,NA,NA,NA,NA,"red",NA,NA,NA,NA,NA,NA,NA,NA
"839",2019-08-07,"WL3","2","0","X",NA,NA,NA,NA,NA,NA,NA,NA,NA,NA,NA,2019,NA,NA,NA,"Maya & Eva",NA,NA,NA,NA,NA,NA,"red",NA,NA,NA,NA,NA,NA,NA,NA
"840",2019-08-07,"WL3","2","0","X",NA,NA,NA,NA,NA,NA,NA,NA,NA,NA,NA,2019,NA,NA,NA,"Maya & Eva",NA,NA,NA,NA,NA,NA,"red",NA,NA,NA,NA,NA,NA,NA,NA
"841",2019-08-07,"WL3","2","0","X",NA,NA,NA,NA,NA,NA,NA,NA,NA,NA,NA,2019,NA,NA,NA,"Maya & Eva",NA,NA,NA,NA,NA,NA,"red",NA,NA,NA,NA,NA,NA,NA,NA
"842",2019-08-07,"WL3","2","0","X",NA,NA,NA,NA,NA,NA,NA,NA,NA,NA,NA,2019,NA,NA,NA,"Maya & Eva",NA,NA,NA,NA,NA,NA,"red",NA,NA,NA,NA,NA,NA,NA,NA
"843",2019-08-07,"WL3","2","0","X",NA,NA,NA,NA,NA,NA,NA,NA,NA,NA,NA,2019,NA,NA,NA,"Maya & Eva",NA,NA,NA,NA,NA,NA,"red",NA,NA,NA,NA,NA,NA,NA,NA
"844",2019-08-07,"WL3","2","0","X",NA,NA,NA,NA,NA,NA,NA,NA,NA,NA,NA,2019,NA,NA,NA,"Maya & Eva",NA,NA,NA,NA,NA,NA,"red",NA,NA,NA,NA,NA,NA,NA,NA
"845",2019-08-07,"WL3","2","0","X",NA,NA,NA,NA,NA,NA,NA,NA,NA,NA,NA,2019,NA,NA,NA,"Maya & Eva",NA,NA,NA,NA,NA,NA,"red",NA,NA,NA,NA,NA,NA,NA,NA
"846",2019-08-07,"WL3","2","0","X",NA,NA,NA,NA,NA,NA,NA,NA,NA,NA,NA,2019,NA,NA,NA,"Maya & Eva",NA,NA,NA,NA,NA,NA,"red",NA,NA,NA,NA,NA,NA,NA,NA
"847",2019-08-07,"WL3","2","0","X",NA,NA,NA,NA,NA,NA,NA,NA,NA,NA,NA,2019,NA,NA,NA,"Maya & Eva",NA,NA,NA,NA,NA,NA,"red",NA,NA,NA,NA,NA,NA,NA,NA
"848",2019-08-07,"WL3","2","0","X",NA,NA,NA,NA,NA,NA,NA,NA,NA,NA,NA,2019,NA,NA,NA,"Maya & Eva",NA,NA,NA,NA,NA,NA,"red",NA,NA,NA,NA,NA,NA,NA,NA
"849",2019-08-07,"WL3","2","0","X",NA,NA,NA,NA,NA,NA,NA,NA,NA,NA,NA,2019,NA,NA,NA,"Maya & Eva",NA,NA,NA,NA,NA,NA,"red",NA,NA,NA,NA,NA,NA,NA,NA
"850",2019-08-07,"WL3","2","0","X",NA,NA,NA,NA,NA,NA,NA,NA,NA,NA,NA,2019,NA,NA,NA,"Maya & Eva",NA,NA,NA,NA,NA,NA,"red",NA,NA,NA,NA,NA,NA,NA,NA
"851",2019-08-07,"WL3","2","0","X",NA,NA,NA,NA,NA,NA,NA,NA,NA,NA,NA,2019,NA,NA,NA,"Maya & Eva",NA,NA,NA,NA,NA,NA,"red",NA,NA,NA,NA,NA,NA,NA,NA
"852",2019-08-07,"WL3","2","0","X",NA,NA,NA,NA,NA,NA,NA,NA,NA,NA,NA,2019,NA,NA,NA,"Maya & Eva",NA,NA,NA,NA,NA,NA,"red",NA,NA,NA,NA,NA,NA,NA,NA
"853",2019-08-07,"WL3","2","0","V",NA,NA,"4.0","1.3",1,"0.2",NA,NA,NA,NA,NA,2019,NA,NA,NA,"Maya & Eva",NA,NA,NA,NA,NA,NA,"red",NA,NA,NA,NA,"N",NA,NA,4
"854",2019-08-07,"WL3","2","0.5","X",NA,NA,NA,NA,NA,NA,NA,NA,NA,NA,"copied x18",2019,NA,NA,NA,"Maya & Eva",NA,NA,NA,NA,NA,NA,"red",NA,NA,NA,NA,NA,NA,NA,NA
"855",2019-08-07,"WL3","2","0.5","X",NA,NA,NA,NA,NA,NA,NA,NA,NA,NA,NA,2019,NA,NA,NA,"Maya & Eva",NA,NA,NA,NA,NA,NA,"red",NA,NA,NA,NA,NA,NA,NA,NA
"856",2019-08-07,"WL3","2","0.5","X",NA,NA,NA,NA,NA,NA,NA,NA,NA,NA,NA,2019,NA,NA,NA,"Maya & Eva",NA,NA,NA,NA,NA,NA,"red",NA,NA,NA,NA,NA,NA,NA,NA
"857",2019-08-07,"WL3","2","0.5","X",NA,NA,NA,NA,NA,NA,NA,NA,NA,NA,NA,2019,NA,NA,NA,"Maya & Eva",NA,NA,NA,NA,NA,NA,"red",NA,NA,NA,NA,NA,NA,NA,NA
"858",2019-08-07,"WL3","2","0.5","X",NA,NA,NA,NA,NA,NA,NA,NA,NA,NA,NA,2019,NA,NA,NA,"Maya & Eva",NA,NA,NA,NA,NA,NA,"red",NA,NA,NA,NA,NA,NA,NA,NA
"859",2019-08-07,"WL3","2","0.5","X",NA,NA,NA,NA,NA,NA,NA,NA,NA,NA,NA,2019,NA,NA,NA,"Maya & Eva",NA,NA,NA,NA,NA,NA,"red",NA,NA,NA,NA,NA,NA,NA,NA
"860",2019-08-07,"WL3","2","0.5","X",NA,NA,NA,NA,NA,NA,NA,NA,NA,NA,NA,2019,NA,NA,NA,"Maya & Eva",NA,NA,NA,NA,NA,NA,"red",NA,NA,NA,NA,NA,NA,NA,NA
"861",2019-08-07,"WL3","2","0.5","X",NA,NA,NA,NA,NA,NA,NA,NA,NA,NA,NA,2019,NA,NA,NA,"Maya & Eva",NA,NA,NA,NA,NA,NA,"red",NA,NA,NA,NA,NA,NA,NA,NA
"862",2019-08-07,"WL3","2","0.5","X",NA,NA,NA,NA,NA,NA,NA,NA,NA,NA,NA,2019,NA,NA,NA,"Maya & Eva",NA,NA,NA,NA,NA,NA,"red",NA,NA,NA,NA,NA,NA,NA,NA
"863",2019-08-07,"WL3","2","0.5","X",NA,NA,NA,NA,NA,NA,NA,NA,NA,NA,NA,2019,NA,NA,NA,"Maya & Eva",NA,NA,NA,NA,NA,NA,"red",NA,NA,NA,NA,NA,NA,NA,NA
"864",2019-08-07,"WL3","2","0.5","X",NA,NA,NA,NA,NA,NA,NA,NA,NA,NA,NA,2019,NA,NA,NA,"Maya & Eva",NA,NA,NA,NA,NA,NA,"red",NA,NA,NA,NA,NA,NA,NA,NA
"865",2019-08-07,"WL3","2","0.5","X",NA,NA,NA,NA,NA,NA,NA,NA,NA,NA,NA,2019,NA,NA,NA,"Maya & Eva",NA,NA,NA,NA,NA,NA,"red",NA,NA,NA,NA,NA,NA,NA,NA
"866",2019-08-07,"WL3","2","0.5","X",NA,NA,NA,NA,NA,NA,NA,NA,NA,NA,NA,2019,NA,NA,NA,"Maya & Eva",NA,NA,NA,NA,NA,NA,"red",NA,NA,NA,NA,NA,NA,NA,NA
"867",2019-08-07,"WL3","2","0.5","X",NA,NA,NA,NA,NA,NA,NA,NA,NA,NA,NA,2019,NA,NA,NA,"Maya & Eva",NA,NA,NA,NA,NA,NA,"red",NA,NA,NA,NA,NA,NA,NA,NA
"868",2019-08-07,"WL3","2","0.5","X",NA,NA,NA,NA,NA,NA,NA,NA,NA,NA,NA,2019,NA,NA,NA,"Maya & Eva",NA,NA,NA,NA,NA,NA,"red",NA,NA,NA,NA,NA,NA,NA,NA
"869",2019-08-07,"WL3","2","0.5","X",NA,NA,NA,NA,NA,NA,NA,NA,NA,NA,NA,2019,NA,NA,NA,"Maya & Eva",NA,NA,NA,NA,NA,NA,"red",NA,NA,NA,NA,NA,NA,NA,NA
"870",2019-08-07,"WL3","2","0.5","X",NA,NA,NA,NA,NA,NA,NA,NA,NA,NA,NA,2019,NA,NA,NA,"Maya & Eva",NA,NA,NA,NA,NA,NA,"red",NA,NA,NA,NA,NA,NA,NA,NA
"871",2019-08-07,"WL3","2","0.5","X",NA,NA,NA,NA,NA,NA,NA,NA,NA,NA,NA,2019,NA,NA,NA,"Maya & Eva",NA,NA,NA,NA,NA,NA,"red",NA,NA,NA,NA,NA,NA,NA,NA
"872",2019-08-07,"WL3","2","1","X",NA,NA,NA,NA,NA,NA,NA,NA,NA,NA,"copied x5",2019,NA,NA,NA,"Maya & Eva",NA,NA,NA,NA,NA,NA,"red",NA,NA,NA,NA,NA,NA,NA,NA
"873",2019-08-07,"WL3","2","1","X",NA,NA,NA,NA,NA,NA,NA,NA,NA,NA,NA,2019,NA,NA,NA,"Maya & Eva",NA,NA,NA,NA,NA,NA,"red",NA,NA,NA,NA,NA,NA,NA,NA
"874",2019-08-07,"WL3","2","1","X",NA,NA,NA,NA,NA,NA,NA,NA,NA,NA,NA,2019,NA,NA,NA,"Maya & Eva",NA,NA,NA,NA,NA,NA,"red",NA,NA,NA,NA,NA,NA,NA,NA
"875",2019-08-07,"WL3","2","1","X",NA,NA,NA,NA,NA,NA,NA,NA,NA,NA,NA,2019,NA,NA,NA,"Maya & Eva",NA,NA,NA,NA,NA,NA,"red",NA,NA,NA,NA,NA,NA,NA,NA
"876",2019-08-07,"WL3","2","1","X",NA,NA,NA,NA,NA,NA,NA,NA,NA,NA,NA,2019,NA,NA,NA,"Maya & Eva",NA,NA,NA,NA,NA,NA,"red",NA,NA,NA,NA,NA,NA,NA,NA
"877",2019-08-07,"WL3","2","1.5","X",NA,NA,NA,NA,NA,NA,NA,NA,NA,NA,"copied x7",2019,NA,NA,NA,"Maya & Eva",NA,NA,NA,NA,NA,NA,"red",NA,NA,NA,NA,NA,NA,NA,NA
"878",2019-08-07,"WL3","2","1.5","X",NA,NA,NA,NA,NA,NA,NA,NA,NA,NA,NA,2019,NA,NA,NA,"Maya & Eva",NA,NA,NA,NA,NA,NA,"red",NA,NA,NA,NA,NA,NA,NA,NA
"879",2019-08-07,"WL3","2","1.5","X",NA,NA,NA,NA,NA,NA,NA,NA,NA,NA,NA,2019,NA,NA,NA,"Maya & Eva",NA,NA,NA,NA,NA,NA,"red",NA,NA,NA,NA,NA,NA,NA,NA
"880",2019-08-07,"WL3","2","1.5","X",NA,NA,NA,NA,NA,NA,NA,NA,NA,NA,NA,2019,NA,NA,NA,"Maya & Eva",NA,NA,NA,NA,NA,NA,"red",NA,NA,NA,NA,NA,NA,NA,NA
"881",2019-08-07,"WL3","2","1.5","X",NA,NA,NA,NA,NA,NA,NA,NA,NA,NA,NA,2019,NA,NA,NA,"Maya & Eva",NA,NA,NA,NA,NA,NA,"red",NA,NA,NA,NA,NA,NA,NA,NA
"882",2019-08-07,"WL3","2","1.5","X",NA,NA,NA,NA,NA,NA,NA,NA,NA,NA,NA,2019,NA,NA,NA,"Maya & Eva",NA,NA,NA,NA,NA,NA,"red",NA,NA,NA,NA,NA,NA,NA,NA
"883",2019-08-07,"WL3","2","1.5","X",NA,NA,NA,NA,NA,NA,NA,NA,NA,NA,NA,2019,NA,NA,NA,"Maya & Eva",NA,NA,NA,NA,NA,NA,"red",NA,NA,NA,NA,NA,NA,NA,NA
"884",2019-08-07,"WL3","2","1.5","X",NA,NA,NA,NA,NA,NA,NA,NA,NA,NA,"copied x6",2019,NA,NA,NA,"Maya & Eva",NA,NA,NA,NA,NA,NA,"ylw",NA,NA,NA,NA,NA,NA,NA,NA
"885",2019-08-07,"WL3","2","1.5","X",NA,NA,NA,NA,NA,NA,NA,NA,NA,NA,NA,2019,NA,NA,NA,"Maya & Eva",NA,NA,NA,NA,NA,NA,"ylw",NA,NA,NA,NA,NA,NA,NA,NA
"886",2019-08-07,"WL3","2","1.5","X",NA,NA,NA,NA,NA,NA,NA,NA,NA,NA,NA,2019,NA,NA,NA,"Maya & Eva",NA,NA,NA,NA,NA,NA,"ylw",NA,NA,NA,NA,NA,NA,NA,NA
"887",2019-08-07,"WL3","2","1.5","X",NA,NA,NA,NA,NA,NA,NA,NA,NA,NA,NA,2019,NA,NA,NA,"Maya & Eva",NA,NA,NA,NA,NA,NA,"ylw",NA,NA,NA,NA,NA,NA,NA,NA
"888",2019-08-07,"WL3","2","1.5","X",NA,NA,NA,NA,NA,NA,NA,NA,NA,NA,NA,2019,NA,NA,NA,"Maya & Eva",NA,NA,NA,NA,NA,NA,"ylw",NA,NA,NA,NA,NA,NA,NA,NA
"889",2019-08-07,"WL3","2","1.5","X",NA,NA,NA,NA,NA,NA,NA,NA,NA,NA,NA,2019,NA,NA,NA,"Maya & Eva",NA,NA,NA,NA,NA,NA,"ylw",NA,NA,NA,NA,NA,NA,NA,NA
"890",2019-08-07,"WL3","2","1.5","V",NA,NA,"<1","0.7",1,"0.3",NA,NA,NA,NA,NA,2019,NA,NA,NA,"Maya & Eva",NA,NA,NA,NA,NA,NA,"ylw",NA,NA,NA,NA,"N",NA,NA,0.5
"891",2019-08-07,"WL3","2","1.5","V",NA,NA,"<1","0.7",1,"0.3",NA,NA,NA,NA,NA,2019,NA,NA,NA,"Maya & Eva",NA,NA,NA,NA,NA,NA,"red",NA,NA,NA,NA,"N",NA,NA,0.5
"892",2019-08-07,"WL3","2","1.5","V",NA,NA,"<1","1.7",1,"0.3",NA,NA,NA,NA,NA,2019,NA,NA,NA,"Maya & Eva",NA,NA,NA,NA,NA,NA,"red",NA,NA,NA,NA,"N",NA,NA,0.5
"893",2019-08-07,"WL3","2","1.5","V",NA,NA,"<1","1.1",1,"0.2",NA,NA,NA,NA,NA,2019,NA,NA,NA,"Maya & Eva",NA,NA,NA,NA,NA,NA,"red",NA,NA,NA,NA,"N",NA,NA,0.5
"894",2019-08-07,"WL3","2","1.5","V",NA,NA,"<1","1.0",1,"0.2",NA,NA,NA,NA,NA,2019,NA,NA,NA,"Maya & Eva",NA,NA,NA,NA,NA,NA,"red",NA,NA,NA,NA,"N",NA,NA,0.5
"895",2019-08-07,"WL3","2","1.5","V",NA,NA,"<1","1.5",1,"0.4",NA,NA,NA,NA,NA,2019,NA,NA,NA,"Maya & Eva",NA,NA,NA,NA,NA,NA,"red",NA,NA,NA,NA,"N",NA,NA,0.5
"896",2019-08-07,"WL3","2","1.5","V",NA,NA,"<1","1.0",1,"0.2",NA,NA,NA,NA,NA,2019,NA,NA,NA,"Maya & Eva",NA,NA,NA,NA,NA,NA,"red",NA,NA,NA,NA,"N",NA,NA,0.5
"897",2019-08-07,"WL3","2","2",NA,NA,NA,NA,NA,NA,NA,NA,NA,NA,NA,"found red bird band, dead in this quadrat",2019,NA,NA,NA,"Maya & Eva",NA,NA,NA,NA,NA,NA,NA,NA,NA,NA,NA,NA,NA,NA,NA
"898",2019-08-07,"WL3","2","2","X",NA,NA,NA,NA,NA,NA,NA,NA,NA,NA,"copied x11",2019,NA,NA,NA,"Maya & Eva",NA,NA,NA,NA,NA,NA,"red",NA,NA,NA,NA,NA,NA,NA,NA
"899",2019-08-07,"WL3","2","2","X",NA,NA,NA,NA,NA,NA,NA,NA,NA,NA,NA,2019,NA,NA,NA,"Maya & Eva",NA,NA,NA,NA,NA,NA,"red",NA,NA,NA,NA,NA,NA,NA,NA
"900",2019-08-07,"WL3","2","2","X",NA,NA,NA,NA,NA,NA,NA,NA,NA,NA,NA,2019,NA,NA,NA,"Maya & Eva",NA,NA,NA,NA,NA,NA,"red",NA,NA,NA,NA,NA,NA,NA,NA
"901",2019-08-07,"WL3","2","2","X",NA,NA,NA,NA,NA,NA,NA,NA,NA,NA,NA,2019,NA,NA,NA,"Maya & Eva",NA,NA,NA,NA,NA,NA,"red",NA,NA,NA,NA,NA,NA,NA,NA
"902",2019-08-07,"WL3","2","2","X",NA,NA,NA,NA,NA,NA,NA,NA,NA,NA,NA,2019,NA,NA,NA,"Maya & Eva",NA,NA,NA,NA,NA,NA,"red",NA,NA,NA,NA,NA,NA,NA,NA
"903",2019-08-07,"WL3","2","2","X",NA,NA,NA,NA,NA,NA,NA,NA,NA,NA,NA,2019,NA,NA,NA,"Maya & Eva",NA,NA,NA,NA,NA,NA,"red",NA,NA,NA,NA,NA,NA,NA,NA
"904",2019-08-07,"WL3","2","2","X",NA,NA,NA,NA,NA,NA,NA,NA,NA,NA,NA,2019,NA,NA,NA,"Maya & Eva",NA,NA,NA,NA,NA,NA,"red",NA,NA,NA,NA,NA,NA,NA,NA
"905",2019-08-07,"WL3","2","2","X",NA,NA,NA,NA,NA,NA,NA,NA,NA,NA,NA,2019,NA,NA,NA,"Maya & Eva",NA,NA,NA,NA,NA,NA,"red",NA,NA,NA,NA,NA,NA,NA,NA
"906",2019-08-07,"WL3","2","2","X",NA,NA,NA,NA,NA,NA,NA,NA,NA,NA,NA,2019,NA,NA,NA,"Maya & Eva",NA,NA,NA,NA,NA,NA,"red",NA,NA,NA,NA,NA,NA,NA,NA
"907",2019-08-07,"WL3","2","2","X",NA,NA,NA,NA,NA,NA,NA,NA,NA,NA,NA,2019,NA,NA,NA,"Maya & Eva",NA,NA,NA,NA,NA,NA,"red",NA,NA,NA,NA,NA,NA,NA,NA
"908",2019-08-07,"WL3","2","2","X",NA,NA,NA,NA,NA,NA,NA,NA,NA,NA,NA,2019,NA,NA,NA,"Maya & Eva",NA,NA,NA,NA,NA,NA,"red",NA,NA,NA,NA,NA,NA,NA,NA
"909",2019-08-07,"WL3","2","2","V",NA,NA,"<1","0.9",1,"0.3",NA,NA,NA,NA,NA,2019,NA,NA,NA,"Maya & Eva",NA,NA,NA,NA,NA,NA,"red",NA,NA,NA,NA,"N",NA,NA,0.5
"910",2019-08-07,"WL3","2","2","X",NA,NA,NA,NA,NA,NA,NA,NA,NA,NA,NA,2019,NA,NA,NA,"Maya & Eva",NA,NA,NA,NA,NA,NA,"ylw",NA,NA,NA,NA,NA,NA,NA,NA
"911",2019-08-07,"WL3","2","2.5","X",NA,NA,NA,NA,NA,NA,NA,NA,NA,NA,"copied x18",2019,NA,NA,NA,"Maya & Eva",NA,NA,NA,NA,NA,NA,"red",NA,NA,NA,NA,NA,NA,NA,NA
"912",2019-08-07,"WL3","2","2.5","X",NA,NA,NA,NA,NA,NA,NA,NA,NA,NA,NA,2019,NA,NA,NA,"Maya & Eva",NA,NA,NA,NA,NA,NA,"red",NA,NA,NA,NA,NA,NA,NA,NA
"913",2019-08-07,"WL3","2","2.5","X",NA,NA,NA,NA,NA,NA,NA,NA,NA,NA,NA,2019,NA,NA,NA,"Maya & Eva",NA,NA,NA,NA,NA,NA,"red",NA,NA,NA,NA,NA,NA,NA,NA
"914",2019-08-07,"WL3","2","2.5","X",NA,NA,NA,NA,NA,NA,NA,NA,NA,NA,NA,2019,NA,NA,NA,"Maya & Eva",NA,NA,NA,NA,NA,NA,"red",NA,NA,NA,NA,NA,NA,NA,NA
"915",2019-08-07,"WL3","2","2.5","X",NA,NA,NA,NA,NA,NA,NA,NA,NA,NA,NA,2019,NA,NA,NA,"Maya & Eva",NA,NA,NA,NA,NA,NA,"red",NA,NA,NA,NA,NA,NA,NA,NA
"916",2019-08-07,"WL3","2","2.5","X",NA,NA,NA,NA,NA,NA,NA,NA,NA,NA,NA,2019,NA,NA,NA,"Maya & Eva",NA,NA,NA,NA,NA,NA,"red",NA,NA,NA,NA,NA,NA,NA,NA
"917",2019-08-07,"WL3","2","2.5","X",NA,NA,NA,NA,NA,NA,NA,NA,NA,NA,NA,2019,NA,NA,NA,"Maya & Eva",NA,NA,NA,NA,NA,NA,"red",NA,NA,NA,NA,NA,NA,NA,NA
"918",2019-08-07,"WL3","2","2.5","X",NA,NA,NA,NA,NA,NA,NA,NA,NA,NA,NA,2019,NA,NA,NA,"Maya & Eva",NA,NA,NA,NA,NA,NA,"red",NA,NA,NA,NA,NA,NA,NA,NA
"919",2019-08-07,"WL3","2","2.5","X",NA,NA,NA,NA,NA,NA,NA,NA,NA,NA,NA,2019,NA,NA,NA,"Maya & Eva",NA,NA,NA,NA,NA,NA,"red",NA,NA,NA,NA,NA,NA,NA,NA
"920",2019-08-07,"WL3","2","2.5","X",NA,NA,NA,NA,NA,NA,NA,NA,NA,NA,NA,2019,NA,NA,NA,"Maya & Eva",NA,NA,NA,NA,NA,NA,"red",NA,NA,NA,NA,NA,NA,NA,NA
"921",2019-08-07,"WL3","2","2.5","X",NA,NA,NA,NA,NA,NA,NA,NA,NA,NA,NA,2019,NA,NA,NA,"Maya & Eva",NA,NA,NA,NA,NA,NA,"red",NA,NA,NA,NA,NA,NA,NA,NA
"922",2019-08-07,"WL3","2","2.5","X",NA,NA,NA,NA,NA,NA,NA,NA,NA,NA,NA,2019,NA,NA,NA,"Maya & Eva",NA,NA,NA,NA,NA,NA,"red",NA,NA,NA,NA,NA,NA,NA,NA
"923",2019-08-07,"WL3","2","2.5","X",NA,NA,NA,NA,NA,NA,NA,NA,NA,NA,NA,2019,NA,NA,NA,"Maya & Eva",NA,NA,NA,NA,NA,NA,"red",NA,NA,NA,NA,NA,NA,NA,NA
"924",2019-08-07,"WL3","2","2.5","X",NA,NA,NA,NA,NA,NA,NA,NA,NA,NA,NA,2019,NA,NA,NA,"Maya & Eva",NA,NA,NA,NA,NA,NA,"red",NA,NA,NA,NA,NA,NA,NA,NA
"925",2019-08-07,"WL3","2","2.5","X",NA,NA,NA,NA,NA,NA,NA,NA,NA,NA,NA,2019,NA,NA,NA,"Maya & Eva",NA,NA,NA,NA,NA,NA,"red",NA,NA,NA,NA,NA,NA,NA,NA
"926",2019-08-07,"WL3","2","2.5","X",NA,NA,NA,NA,NA,NA,NA,NA,NA,NA,NA,2019,NA,NA,NA,"Maya & Eva",NA,NA,NA,NA,NA,NA,"red",NA,NA,NA,NA,NA,NA,NA,NA
"927",2019-08-07,"WL3","2","2.5","X",NA,NA,NA,NA,NA,NA,NA,NA,NA,NA,NA,2019,NA,NA,NA,"Maya & Eva",NA,NA,NA,NA,NA,NA,"red",NA,NA,NA,NA,NA,NA,NA,NA
"928",2019-08-07,"WL3","2","2.5","X",NA,NA,NA,NA,NA,NA,NA,NA,NA,NA,NA,2019,NA,NA,NA,"Maya & Eva",NA,NA,NA,NA,NA,NA,"red",NA,NA,NA,NA,NA,NA,NA,NA
"929",2020-07-27,"WL3","1","0",NA,NA,NA,NA,NA,NA,NA,NA,NA,NA,NA,NA,2020,NA,"SHS",2021-07-23,NA,NA,NA,NA,NA,NA,NA,NA,NA,NA,NA,NA,NA,NA,NA,NA
"930",2020-07-27,"WL3","1","0.5","X",21,47,NA,NA,NA,NA,NA,NA,NA,NA,NA,2020,NA,"SHS",2021-07-23,NA,NA,NA,NA,NA,NA,49,NA,NA,NA,NA,NA,NA,NA,NA,NA
"931",2020-07-27,"WL3","1","0.5","V",45,42,"1.14","4.5",2,"1.1",NA,NA,NA,NA,NA,2020,NA,"SHS",2021-07-23,NA,NA,NA,NA,NA,"red",53,NA,NA,NA,NA,NA,"Y",NA,NA,1.14
"932",2020-07-27,"WL3","1","0.5","V",NA,NA,"<1","1.2",1,"0.5",NA,NA,NA,NA,NA,2020,NA,"SHS",2021-07-23,NA,NA,NA,NA,NA,NA,NA,NA,NA,NA,NA,NA,"N",NA,NA,0.5
"933",2020-07-27,"WL3","1","0.5","V",NA,NA,"<1","1.0",1,"0.5",NA,NA,NA,NA,NA,2020,NA,"SHS",2021-07-23,NA,NA,NA,NA,NA,NA,NA,NA,NA,NA,NA,NA,"N",NA,NA,0.5
"934",2020-07-27,"WL3","1","1","F",38,24,"1.75","11.1",2,NA,"0.0","0.0",NA,2,"chewed off at base",2020,NA,"SHS",2021-07-23,NA,NA,NA,NA,NA,"red",44,NA,NA,NA,NA,NA,NA,NA,NA,1.75
"935",2020-07-27,"WL3","1","1","P",40,35,"1.57","9.9",2,NA,"1.0","12.0",3.3,2,NA,2020,NA,"SHS",2021-07-23,NA,NA,NA,NA,NA,"red",47,NA,NA,NA,NA,NA,"N",NA,NA,1.57
"936",2020-07-27,"WL3","1","1","V",NA,NA,"<1","1.5",1,"0.5",NA,NA,NA,NA,NA,2020,NA,"SHS",2021-07-23,NA,NA,NA,NA,NA,NA,NA,NA,NA,NA,NA,NA,"Y",NA,NA,0.5
"937",2020-07-27,"WL3","1","1","V",NA,NA,"<1","2.0",1,"0.4",NA,NA,NA,NA,NA,2020,NA,"SHS",2021-07-23,NA,NA,NA,NA,NA,NA,NA,NA,NA,NA,NA,NA,"Y",NA,NA,0.5
"938",2020-07-27,"WL3","1","1","V",NA,NA,"<1","1.5",1,"0.3",NA,NA,NA,NA,NA,2020,NA,"SHS",2021-07-23,NA,NA,NA,NA,NA,NA,NA,NA,NA,NA,NA,NA,"N",NA,NA,0.5
"939",2020-07-27,"WL3","1","1","V",NA,NA,"<1","2.0",1,"0.4",NA,NA,NA,NA,NA,2020,NA,"SHS",2021-07-23,NA,NA,NA,NA,NA,NA,NA,NA,NA,NA,NA,NA,"N",NA,NA,0.5
"940",2020-07-27,"WL3","1","1","V",NA,NA,"<1","1.1",1,"0.5",NA,NA,NA,NA,NA,2020,NA,"SHS",2021-07-23,NA,NA,NA,NA,NA,NA,NA,NA,NA,NA,NA,NA,"N",NA,NA,0.5
"941",2020-07-27,"WL3","1","1","V",NA,NA,"<1","2.2",1,"0.8",NA,NA,NA,NA,NA,2020,NA,"SHS",2021-07-23,NA,NA,NA,NA,NA,NA,NA,NA,NA,NA,NA,NA,NA,NA,NA,0.5
"942",2020-07-27,"WL3","1","1","V",NA,NA,"<1","2.3",1,"0.8",NA,NA,NA,NA,NA,2020,NA,"SHS",2021-07-23,NA,NA,NA,NA,NA,NA,NA,NA,NA,NA,NA,NA,"Y",NA,NA,0.5
"943",2020-07-27,"WL3","1","1","V",NA,NA,"<1","2.6",1,"0.6",NA,NA,NA,NA,NA,2020,NA,"SHS",2021-07-23,NA,NA,NA,NA,NA,NA,NA,NA,NA,NA,NA,NA,"N",NA,NA,0.5
"944",2020-07-27,"WL3","1","1","V",NA,NA,"<1","1.3",1,"0.2",NA,NA,NA,NA,NA,2020,NA,"SHS",2021-07-23,NA,NA,NA,NA,NA,NA,NA,NA,NA,NA,NA,NA,"N",NA,NA,0.5
"945",2020-07-27,"WL3","1","1","V",NA,NA,"<1","1.5",1,"0.5",NA,NA,NA,NA,NA,2020,NA,"SHS",2021-07-23,NA,NA,NA,NA,NA,NA,NA,NA,NA,NA,NA,NA,"N",NA,NA,0.5
"946",2020-07-27,"WL3","1","1.5","V",NA,NA,"<1","2.2",1,"0.6",NA,NA,NA,NA,NA,2020,NA,"SHS",2021-07-23,NA,NA,NA,NA,NA,NA,NA,NA,NA,NA,NA,NA,"N",NA,NA,0.5
"947",2020-07-27,"WL3","1","1.5","V",NA,NA,"<1","1.5",1,"0.4",NA,NA,NA,NA,NA,2020,NA,"SHS",2021-07-23,NA,NA,NA,NA,NA,NA,NA,NA,NA,NA,NA,NA,"N",NA,NA,0.5
"948",2020-07-27,"WL3","1","1.5","V",NA,NA,"<1","1.4",1,"0.3",NA,NA,NA,NA,NA,2020,NA,"SHS",2021-07-23,NA,NA,NA,NA,NA,NA,NA,NA,NA,NA,NA,NA,"N",NA,NA,0.5
"949",2020-07-27,"WL3","1","1.5","V",NA,NA,"<1","1.2",1,"0.2",NA,NA,NA,NA,NA,2020,NA,"SHS",2021-07-23,NA,NA,NA,NA,NA,NA,NA,NA,NA,NA,NA,NA,"N",NA,NA,0.5
"950",2020-07-27,"WL3","1","1.5","V",NA,NA,"<1","1.3",1,"0.5",NA,NA,NA,NA,NA,2020,NA,"SHS",2021-07-23,NA,NA,NA,NA,NA,NA,NA,NA,NA,NA,NA,NA,"N",NA,NA,0.5
"951",2020-07-27,"WL3","1","1.5","V",NA,NA,"<1","0.9",1,"0.2",NA,NA,NA,NA,NA,2020,NA,"SHS",2021-07-23,NA,NA,NA,NA,NA,NA,NA,NA,NA,NA,NA,NA,"N",NA,NA,0.5
"952",2020-07-27,"WL3","1","1.5","V",NA,NA,"<1","1.2",1,"0.5",NA,NA,NA,NA,NA,2020,NA,"SHS",2021-07-23,NA,NA,NA,NA,NA,NA,NA,NA,NA,NA,NA,NA,"N",NA,NA,0.5
"953",2020-07-27,"WL3","1","2","V",NA,NA,"<1","2.5",1,"0.7",NA,NA,NA,NA,NA,2020,NA,"SHS",2021-07-23,NA,NA,NA,NA,NA,NA,NA,NA,NA,NA,NA,NA,"N",NA,NA,0.5
"954",2020-07-27,"WL3","1","2","V",NA,NA,"<1","0.9",1,"0.2",NA,NA,NA,NA,NA,2020,NA,"SHS",2021-07-23,NA,NA,NA,NA,NA,NA,NA,NA,NA,NA,NA,NA,"N",NA,NA,0.5
"955",2020-07-27,"WL3","1","2","V",NA,NA,"<1","1.1",1,"0.3",NA,NA,NA,NA,NA,2020,NA,"SHS",2021-07-23,NA,NA,NA,NA,NA,NA,NA,NA,NA,NA,NA,NA,"N",NA,NA,0.5
"956",2020-07-27,"WL3","1","2","V",NA,NA,"<1","1.7",1,"0.5",NA,NA,NA,NA,NA,2020,NA,"SHS",2021-07-23,NA,NA,NA,NA,NA,NA,NA,NA,NA,NA,NA,NA,"N",NA,NA,0.5
"957",2020-07-27,"WL3","1","2","V",NA,NA,"<1","1.6",1,"0.4",NA,NA,NA,NA,NA,2020,NA,"SHS",2021-07-23,NA,NA,NA,NA,NA,NA,NA,NA,NA,NA,NA,NA,"N",NA,NA,0.5
"958",2020-07-27,"WL3","1","2","V",NA,NA,"<1","1.4",1,"0.4",NA,NA,NA,NA,NA,2020,NA,"SHS",2021-07-23,NA,NA,NA,NA,NA,NA,NA,NA,NA,NA,NA,NA,"N",NA,NA,0.5
"959",2020-07-27,"WL3","1","2","V",NA,NA,"<1","1.5",1,"0.3",NA,NA,NA,NA,NA,2020,NA,"SHS",2021-07-23,NA,NA,NA,NA,NA,NA,NA,NA,NA,NA,NA,NA,"N",NA,NA,0.5
"960",2020-07-27,"WL3","1","2","X",37,45,NA,NA,NA,NA,NA,NA,NA,NA,NA,2020,NA,"SHS",2021-07-23,NA,NA,NA,NA,NA,"red",NA,NA,NA,NA,NA,NA,NA,NA,NA,NA
"961",2020-07-27,"WL3","1","2.5","V",NA,NA,"<1","2.5",1,"0.5",NA,NA,NA,NA,NA,2020,NA,"SHS",2021-07-23,NA,NA,NA,NA,NA,NA,NA,NA,NA,NA,NA,NA,"N",NA,NA,0.5
"962",2020-07-27,"WL3","1","3","V",NA,NA,"<1","1.5",1,"0.4",NA,NA,NA,NA,NA,2020,NA,"SHS",2021-07-23,NA,NA,NA,NA,NA,NA,NA,NA,NA,NA,NA,NA,"N",NA,NA,0.5
"963",2020-07-27,"WL3","1","3.5","V",NA,NA,"<1","2.0",1,"0.9",NA,NA,NA,NA,NA,2020,NA,"SHS",2021-07-23,NA,NA,NA,NA,NA,NA,NA,NA,NA,NA,NA,NA,"N",NA,NA,0.5
"964",2020-07-27,"WL3","1","3.5","X",36,22,NA,NA,NA,NA,NA,NA,NA,NA,NA,2020,NA,"SHS",2021-07-23,NA,NA,NA,NA,NA,"red",NA,NA,NA,NA,NA,NA,NA,NA,NA,NA
"965",2020-07-27,"WL3","1","4","V",NA,NA,"<1","2.4",1,"0.4",NA,NA,NA,NA,NA,2020,NA,"SHS",2021-07-23,NA,NA,NA,NA,NA,NA,NA,NA,NA,NA,NA,NA,"N",NA,NA,0.5
"966",2020-07-27,"WL3","1","4","V",NA,NA,"<1","1.1",1,"0.4",NA,NA,NA,NA,NA,2020,NA,"SHS",2021-07-23,NA,NA,NA,NA,NA,NA,NA,NA,NA,NA,NA,NA,"N",NA,NA,0.5
"967",2020-07-27,"WL3","1","4","V",NA,NA,"<1","1.0",1,"0.4",NA,NA,NA,NA,NA,2020,NA,"SHS",2021-07-23,NA,NA,NA,NA,NA,NA,NA,NA,NA,NA,NA,NA,"N",NA,NA,0.5
"968",2020-07-27,"WL3","1","4","V",NA,NA,"<1","0.9",1,"0.4",NA,NA,NA,NA,NA,2020,NA,"SHS",2021-07-23,NA,NA,NA,NA,NA,NA,NA,NA,NA,NA,NA,NA,"N",NA,NA,0.5
"969",2020-07-27,"WL3","1","4","V",NA,NA,"<1","0.9",1,"0.4",NA,NA,NA,NA,NA,2020,NA,"SHS",2021-07-23,NA,NA,NA,NA,NA,NA,NA,NA,NA,NA,NA,NA,"N",NA,NA,0.5
"970",2020-07-27,"WL3","1","4","V",NA,NA,"<1","0.8",1,"0.4",NA,NA,NA,NA,NA,2020,NA,"SHS",2021-07-23,NA,NA,NA,NA,NA,NA,NA,NA,NA,NA,NA,NA,"N",NA,NA,0.5
"971",2020-07-27,"WL3","1","4","V",NA,NA,"<1","1.5",1,"0.4",NA,NA,NA,NA,NA,2020,NA,"SHS",2021-07-23,NA,NA,NA,NA,NA,NA,NA,NA,NA,NA,NA,NA,"N",NA,NA,0.5
"972",2020-07-27,"WL3","1","4","X",19,0,NA,NA,NA,NA,NA,NA,NA,NA,NA,2020,NA,"SHS",2021-07-23,NA,NA,NA,NA,NA,"green",NA,NA,NA,NA,NA,NA,NA,NA,NA,NA
"973",2020-07-27,"WL3","1","4.5","X",4,50,NA,NA,NA,NA,NA,NA,NA,NA,NA,2020,NA,"SHS",2021-07-23,NA,NA,NA,NA,NA,NA,45,NA,NA,NA,NA,NA,NA,NA,NA,NA
"974",2020-07-27,"WL3","1","4.5","V",NA,NA,"<1","1.0",1,"0.4",NA,NA,NA,NA,NA,2020,NA,"SHS",2021-07-23,NA,NA,NA,NA,NA,NA,NA,NA,NA,NA,NA,NA,"N",NA,NA,0.5
"975",2020-07-27,"WL3","1","4.5","V",NA,NA,"<1","1.3",1,"0.3",NA,NA,NA,NA,NA,2020,NA,"SHS",2021-07-23,NA,NA,NA,NA,NA,NA,NA,NA,NA,NA,NA,NA,"N",NA,NA,0.5
"976",2020-07-27,"WL3","1","5",NA,NA,NA,NA,NA,NA,NA,NA,NA,NA,NA,"NO PLANTS",2020,NA,"SHS",2021-07-23,NA,NA,NA,NA,NA,NA,NA,NA,NA,NA,NA,NA,NA,NA,NA,NA
"977",2020-07-27,"WL3","1","5.5",NA,NA,NA,NA,NA,NA,NA,NA,NA,NA,NA,"NO PLANTS",2020,NA,"SHS",2021-07-23,NA,NA,NA,NA,NA,NA,NA,NA,NA,NA,NA,NA,NA,NA,NA,NA
"978",2020-07-27,"WL3","1","6",NA,NA,NA,NA,NA,NA,NA,NA,NA,NA,NA,"NO PLANTS",2020,NA,"SHS",2021-07-23,NA,NA,NA,NA,NA,NA,NA,NA,NA,NA,NA,NA,NA,NA,NA,NA
"979",2020-07-27,"WL3","1","6.5",NA,NA,NA,NA,NA,NA,NA,NA,NA,NA,NA,"NO PLANTS",2020,NA,"SHS",2021-07-23,NA,NA,NA,NA,NA,NA,NA,NA,NA,NA,NA,NA,NA,NA,NA,NA
"980",2020-07-27,"WL3","1","7","V",40,19,"<1","1.4",1,"0.6",NA,NA,NA,NA,NA,2020,NA,"SHS",2021-07-23,NA,NA,NA,NA,NA,NA,NA,NA,NA,NA,NA,NA,"N",NA,NA,0.5
"981",2020-07-27,"WL3","1","7.5",NA,NA,NA,NA,NA,NA,NA,NA,NA,NA,NA,"NO PLANTS",2020,NA,"SHS",2021-07-23,NA,NA,NA,NA,NA,NA,NA,NA,NA,NA,NA,NA,NA,NA,NA,NA
"982",2020-07-27,"WL3","1","8",NA,NA,NA,NA,NA,NA,NA,NA,NA,NA,NA,"NO PLANTS",2020,NA,"SHS",2021-07-23,NA,NA,NA,NA,NA,NA,NA,NA,NA,NA,NA,NA,NA,NA,NA,NA
"983",2020-07-27,"WL3","1","8.5","P",35,28,"2.74","14.0",4,NA,"0.0","27.0",7.1,3,NA,2020,NA,"SHS",2021-07-23,NA,NA,NA,NA,NA,"red",41,NA,NA,NA,NA,NA,"N",NA,NA,2.74
"984",2020-07-27,"WL3","1","8.5","V",47,17,"1.19","4.2",3,"1.5",NA,NA,NA,NA,NA,2020,NA,"SHS",2021-07-23,NA,NA,NA,NA,NA,"red",986,NA,NA,NA,NA,NA,"N",NA,NA,1.19
"985",2020-07-27,"WL3","1","8.5","V",30,10,"<1","2.2",1,"0.5",NA,NA,NA,NA,NA,2020,NA,"SHS",2021-07-23,NA,NA,NA,NA,NA,NA,NA,NA,NA,NA,NA,NA,"N",NA,NA,0.5
"986",2020-07-27,"WL3","1","8.5","V",29,27,"<1","2.2",1,"0.7",NA,NA,NA,NA,NA,2020,NA,"SHS",2021-07-23,NA,NA,NA,NA,NA,NA,NA,NA,NA,NA,NA,NA,"N",NA,NA,0.5
"987",2020-07-27,"WL3","1","9","V",13,50,"1.11","3.9",1,"1.7",NA,NA,NA,NA,NA,2020,NA,"SHS",2021-07-23,NA,NA,NA,NA,NA,"red",10,NA,NA,NA,NA,NA,"N",NA,NA,1.11
"988",2020-07-27,"WL3","1","9","V",3,50,"<1","4.7",1,"1.0",NA,NA,NA,NA,NA,2020,NA,"SHS",2021-07-23,NA,NA,NA,NA,NA,NA,NA,NA,NA,NA,NA,NA,"N",NA,NA,0.5
"989",2020-07-27,"WL3","1","9","V",4,50,"<1","4.2",1,"0.9",NA,NA,NA,NA,NA,2020,NA,"SHS",2021-07-23,NA,NA,NA,NA,NA,NA,NA,NA,NA,NA,NA,NA,"Y",NA,NA,0.5
"990",2020-07-27,"WL3","1","9","V",18,19,"<1","1.9",1,"0.5",NA,NA,NA,NA,NA,2020,NA,"SHS",2021-07-23,NA,NA,NA,NA,NA,NA,NA,NA,NA,NA,NA,NA,"Y",NA,NA,0.5
"991",2020-07-27,"WL3","1","9.5","X",5,50,NA,NA,NA,NA,NA,NA,NA,NA,NA,2020,NA,"SHS",2021-07-23,NA,NA,NA,NA,NA,NA,59,NA,NA,NA,NA,NA,NA,NA,NA,NA
"992",2020-07-27,"WL3","1","9.5","V",36,26,"<1","1.1",1,"0.4",NA,NA,NA,NA,NA,2020,NA,"SHS",2021-07-23,NA,NA,NA,NA,NA,NA,NA,NA,NA,NA,NA,NA,"N",NA,NA,0.5
"993",2020-07-27,"WL3","1","9.5","V",21,11,"<1","1.5",1,"0.4",NA,NA,NA,NA,NA,2020,NA,"SHS",2021-07-23,NA,NA,NA,NA,NA,NA,NA,NA,NA,NA,NA,NA,"Y",NA,NA,0.5
"994",2020-07-27,"WL3","2","0","V",18,4,"<1","0.9",1,"0.4",NA,NA,NA,NA,NA,2020,NA,"SHS",2021-07-23,NA,NA,NA,NA,NA,NA,NA,NA,NA,NA,NA,NA,"N",NA,NA,0.5
"995",2020-07-27,"WL3","2","0","V",21,1,"<1","1.5",1,"0.3",NA,NA,NA,NA,NA,2020,NA,"SHS",2021-07-23,NA,NA,NA,NA,NA,NA,NA,NA,NA,NA,NA,NA,"N",NA,NA,0.5
"996",2020-07-27,"WL3","2","0","V",18,7,"<1","1.2",1,"1.2",NA,NA,NA,NA,NA,2020,NA,"SHS",2021-07-23,NA,NA,NA,NA,NA,NA,NA,NA,NA,NA,NA,NA,"N",NA,NA,0.5
"997",2020-07-27,"WL3","2","0","V",15,9,"<1","1.9",1,"0.4",NA,NA,NA,NA,NA,2020,NA,"SHS",2021-07-23,NA,NA,NA,NA,NA,NA,NA,NA,NA,NA,NA,NA,"N",NA,NA,0.5
"998",2020-07-27,"WL3","2","0","V",17,10,"<1","1.0",1,"0.3",NA,NA,NA,NA,NA,2020,NA,"SHS",2021-07-23,NA,NA,NA,NA,NA,NA,NA,NA,NA,NA,NA,NA,"N",NA,NA,0.5
"999",2020-07-27,"WL3","2","0","V",22,15,"<1","1.5",1,"0.5",NA,NA,NA,NA,NA,2020,NA,"SHS",2021-07-23,NA,NA,NA,NA,NA,NA,NA,NA,NA,NA,NA,NA,"N",NA,NA,0.5
"1000",2020-07-27,"WL3","2","0","V",16,22,"<1","1.5",1,"0.4",NA,NA,NA,NA,NA,2020,NA,"SHS",2021-07-23,NA,NA,NA,NA,NA,NA,NA,NA,NA,NA,NA,NA,"N",NA,NA,0.5
"1001",2020-07-27,"WL3","2","0","V",43,11,"<1","1.1",1,"0.3",NA,NA,NA,NA,NA,2020,NA,"SHS",2021-07-23,NA,NA,NA,NA,NA,NA,NA,NA,NA,NA,NA,NA,"N",NA,NA,0.5
"1002",2020-07-27,"WL3","2","0","V",48,21,"<1","1.9",1,"0.7",NA,NA,NA,NA,NA,2020,NA,"SHS",2021-07-23,NA,NA,NA,NA,NA,NA,NA,NA,NA,NA,NA,NA,"N",NA,NA,0.5
"1003",2020-07-27,"WL3","2","0","V",43,22,"<1","1.3",1,"0.4",NA,NA,NA,NA,NA,2020,NA,"SHS",2021-07-23,NA,NA,NA,NA,NA,NA,NA,NA,NA,NA,NA,NA,"N",NA,NA,0.5
"1004",2020-07-27,"WL3","2","0","V",47,33,"<1","1.8",1,"0.6",NA,NA,NA,NA,NA,2020,NA,"SHS",2021-07-23,NA,NA,NA,NA,NA,NA,NA,NA,NA,NA,NA,NA,"N",NA,NA,0.5
"1005",2020-07-27,"WL3","2","0","V",47,41,"<1","1.1",1,"0.2",NA,NA,NA,NA,NA,2020,NA,"SHS",2021-07-23,NA,NA,NA,NA,NA,NA,NA,NA,NA,NA,NA,NA,"N",NA,NA,0.5
"1006",2020-07-27,"WL3","2","0.5","V",22,5,"<1","2.1",1,"0.6",NA,NA,NA,NA,NA,2020,NA,"SHS",2021-07-23,NA,NA,NA,NA,NA,NA,NA,NA,NA,NA,NA,NA,"N",NA,NA,0.5
"1007",2020-07-27,"WL3","2","0.5","V",6,31,"<1","1.4",1,"0.3",NA,NA,NA,NA,NA,2020,NA,"SHS",2021-07-23,NA,NA,NA,NA,NA,NA,NA,NA,NA,NA,NA,NA,"N",NA,NA,0.5
"1008",2020-07-27,"WL3","2","0.5","V",9,43,"<1","2.4",1,"0.5",NA,NA,NA,NA,NA,2020,NA,"SHS",2021-07-23,NA,NA,NA,NA,NA,NA,NA,NA,NA,NA,NA,NA,"N",NA,NA,0.5
"1009",2020-07-27,"WL3","2","0.5","V",3,45,"<1","1.4",1,"0.3",NA,NA,NA,NA,NA,2020,NA,"SHS",2021-07-23,NA,NA,NA,NA,NA,NA,NA,NA,NA,NA,NA,NA,"N",NA,NA,0.5
"1010",2020-07-27,"WL3","2","0.5","V",3,46,"<1","1.3",1,"0.5",NA,NA,NA,NA,NA,2020,NA,"SHS",2021-07-23,NA,NA,NA,NA,NA,NA,NA,NA,NA,NA,NA,NA,"N",NA,NA,0.5
"1011",2020-07-27,"WL3","2","0.5","V",31,33,"<1","1.2",1,"0.4",NA,NA,NA,NA,NA,2020,NA,"SHS",2021-07-23,NA,NA,NA,NA,NA,NA,NA,NA,NA,NA,NA,NA,"N",NA,NA,0.5
"1012",2020-07-27,"WL3","2","1","V",3,2,"<1","1.0",1,"0.3",NA,NA,NA,NA,NA,2020,NA,"SHS",2021-07-23,NA,NA,NA,NA,NA,NA,NA,NA,NA,NA,NA,NA,"N",NA,NA,0.5
"1013",2020-07-27,"WL3","2","1","V",18,4,"<1","1.5",1,"0.4",NA,NA,NA,NA,NA,2020,NA,"SHS",2021-07-23,NA,NA,NA,NA,NA,NA,NA,NA,NA,NA,NA,NA,"N",NA,NA,0.5
"1014",2020-07-27,"WL3","2","1","V",31,5,"<1","0.9",1,"0.4",NA,NA,NA,NA,NA,2020,NA,"SHS",2021-07-23,NA,NA,NA,NA,NA,NA,NA,NA,NA,NA,NA,NA,"N",NA,NA,0.5
"1015",2020-07-27,"WL3","2","1","V",32,3,"<1","1.3",1,"0.3",NA,NA,NA,NA,NA,2020,NA,"SHS",2021-07-23,NA,NA,NA,NA,NA,NA,NA,NA,NA,NA,NA,NA,"Y",NA,NA,0.5
"1016",2020-07-27,"WL3","2","1","V",36,3,"<1","1.5",1,"0.4",NA,NA,NA,NA,NA,2020,NA,"SHS",2021-07-23,NA,NA,NA,NA,NA,NA,NA,NA,NA,NA,NA,NA,"N",NA,NA,0.5
"1017",2020-07-27,"WL3","2","1","V",46,2,"<1","1.0",1,"0.4",NA,NA,NA,NA,NA,2020,NA,"SHS",2021-07-23,NA,NA,NA,NA,NA,NA,NA,NA,NA,NA,NA,NA,"N",NA,NA,0.5
"1018",2020-07-27,"WL3","2","1","V",37,7,"<1","1.3",1,"0.7",NA,NA,NA,NA,NA,2020,NA,"SHS",2021-07-23,NA,NA,NA,NA,NA,NA,NA,NA,NA,NA,NA,NA,"N",NA,NA,0.5
"1019",2020-07-27,"WL3","2","1","V",42,7,"<1","1.0",1,"0.3",NA,NA,NA,NA,NA,2020,NA,"SHS",2021-07-23,NA,NA,NA,NA,NA,NA,NA,NA,NA,NA,NA,NA,"N",NA,NA,0.5
"1020",2020-07-27,"WL3","2","1","V",43,7,"<1","2.1",1,"0.7",NA,NA,NA,NA,NA,2020,NA,"SHS",2021-07-23,NA,NA,NA,NA,NA,NA,NA,NA,NA,NA,NA,NA,"Y",NA,NA,0.5
"1021",2020-07-27,"WL3","2","1","V",41,11,"<1","0.0",1,"0.4",NA,NA,NA,NA,NA,2020,NA,"SHS",2021-07-23,NA,NA,NA,NA,NA,NA,NA,NA,NA,NA,NA,NA,"N",NA,NA,0.5
"1022",2020-07-27,"WL3","2","1","V",24,13,"<1","2.0",1,"0.4",NA,NA,NA,NA,NA,2020,NA,"SHS",2021-07-23,NA,NA,NA,NA,NA,NA,NA,NA,NA,NA,NA,NA,"N",NA,NA,0.5
"1023",2020-07-27,"WL3","2","1","V",43,22,"<1","1.0",1,"0.6",NA,NA,NA,NA,NA,2020,NA,"SHS",2021-07-23,NA,NA,NA,NA,NA,NA,NA,NA,NA,NA,NA,NA,"N",NA,NA,0.5
"1024",2020-07-27,"WL3","2","1","V",18,42,"<1","1.0",1,"0.2",NA,NA,NA,NA,NA,2020,NA,"SHS",2021-07-23,NA,NA,NA,NA,NA,NA,NA,NA,NA,NA,NA,NA,"N",NA,NA,0.5
"1025",2020-07-27,"WL3","2","1.5",NA,NA,NA,NA,NA,NA,NA,NA,NA,NA,NA,"NO PLANTS",2020,NA,"SHS",2021-07-23,NA,NA,NA,NA,NA,NA,NA,NA,NA,NA,NA,NA,NA,NA,NA,NA
"1026",2020-07-27,"WL3","2","2","V",NA,NA,"<1","2.3",1,"0.8",NA,NA,NA,NA,NA,2020,NA,"SHS",2021-07-23,NA,NA,NA,NA,NA,NA,NA,NA,NA,NA,NA,NA,"Y",NA,NA,0.5
"1027",2020-07-27,"WL3","2","2.5","V",NA,NA,"<1","3.3",1,"1.2",NA,NA,NA,NA,NA,2020,NA,"SHS",2021-07-23,NA,NA,NA,NA,NA,NA,NA,NA,NA,NA,NA,NA,"N",NA,NA,0.5
"1028",2020-07-27,"WL3","2","2.5","V",NA,NA,"<1","3.8",1,"1.1",NA,NA,NA,NA,NA,2020,NA,"SHS",2021-07-23,NA,NA,NA,NA,NA,NA,NA,NA,NA,NA,NA,NA,"N",NA,NA,0.5
"1029",2020-07-27,"WL3","2","2.5","V",NA,NA,"<1","1.6",1,"0.3",NA,NA,NA,NA,NA,2020,NA,"SHS",2021-07-23,NA,NA,NA,NA,NA,NA,NA,NA,NA,NA,NA,NA,"N",NA,NA,0.5
"1030",2020-07-27,"WL3","2","2.5","V",NA,NA,"<1","0.9",1,"0.3",NA,NA,NA,NA,NA,2020,NA,"SHS",2021-07-23,NA,NA,NA,NA,NA,NA,NA,NA,NA,NA,NA,NA,"N",NA,NA,0.5
"1031",2020-07-27,"WL3","2","2.5","V",NA,NA,"<1","2.2",1,"0.6",NA,NA,NA,NA,NA,2020,NA,"SHS",2021-07-23,NA,NA,NA,NA,NA,NA,NA,NA,NA,NA,NA,NA,"N",NA,NA,0.5
"1032",2020-07-27,"WL3","2","3","V",NA,NA,"<1","1.8",1,"0.4",NA,NA,NA,NA,NA,2020,NA,"SHS",2021-07-23,NA,NA,NA,NA,NA,NA,NA,NA,NA,NA,NA,NA,"N",NA,NA,0.5
"1033",2020-07-27,"WL3","2","3","V",NA,NA,"<1","1.8",1,"0.4",NA,NA,NA,NA,NA,2020,NA,"SHS",2021-07-23,NA,NA,NA,NA,NA,NA,NA,NA,NA,NA,NA,NA,"N",NA,NA,0.5
"1034",2020-07-27,"WL3","2","3","V",NA,NA,"<1","1.2",1,"0.5",NA,NA,NA,NA,NA,2020,NA,"SHS",2021-07-23,NA,NA,NA,NA,NA,NA,NA,NA,NA,NA,NA,NA,"N",NA,NA,0.5
"1035",2020-07-27,"WL3","2","3","V",NA,NA,"<1","1.7",1,"0.2",NA,NA,NA,NA,NA,2020,NA,"SHS",2021-07-23,NA,NA,NA,NA,NA,NA,NA,NA,NA,NA,NA,NA,"N",NA,NA,0.5
"1036",2020-07-27,"WL3","2","3","V",NA,NA,"<1","0.8",1,"0.2",NA,NA,NA,NA,NA,2020,NA,"SHS",2021-07-23,NA,NA,NA,NA,NA,NA,NA,NA,NA,NA,NA,NA,"N",NA,NA,0.5
"1037",2020-07-27,"WL3","2","3","V",NA,NA,"<1","1.8",1,"0.5",NA,NA,NA,NA,NA,2020,NA,"SHS",2021-07-23,NA,NA,NA,NA,NA,NA,NA,NA,NA,NA,NA,NA,"N",NA,NA,0.5
"1038",2020-07-27,"WL3","2","3","V",NA,NA,"<1","1.7",1,"0.4",NA,NA,NA,NA,NA,2020,NA,"SHS",2021-07-23,NA,NA,NA,NA,NA,NA,NA,NA,NA,NA,NA,NA,"N",NA,NA,0.5
"1039",2020-07-27,"WL3","2","3","V",NA,NA,"<1","1.7",1,"0.3",NA,NA,NA,NA,NA,2020,NA,"SHS",2021-07-23,NA,NA,NA,NA,NA,NA,NA,NA,NA,NA,NA,NA,"N",NA,NA,0.5
"1040",2020-07-27,"WL3","2","3.5","X",9,5,NA,NA,NA,NA,NA,NA,NA,NA,NA,2020,NA,"SHS",2021-07-23,NA,NA,NA,NA,NA,NA,58,NA,NA,NA,NA,NA,NA,NA,NA,NA
"1041",2020-07-27,"WL3","2","3.5","V",NA,NA,"<1","1.6",1,"0.6",NA,NA,NA,NA,NA,2020,NA,"SHS",2021-07-23,NA,NA,NA,NA,NA,NA,NA,NA,NA,NA,NA,NA,"N",NA,NA,0.5
"1042",2020-07-27,"WL3","2","3.5","V",NA,NA,"<1","2.1",1,"0.4",NA,NA,NA,NA,NA,2020,NA,"SHS",2021-07-23,NA,NA,NA,NA,NA,NA,NA,NA,NA,NA,NA,NA,"N",NA,NA,0.5
"1043",2020-07-27,"WL3","2","3.5","V",NA,NA,"<1","1.2",1,"0.3",NA,NA,NA,NA,NA,2020,NA,"SHS",2021-07-23,NA,NA,NA,NA,NA,NA,NA,NA,NA,NA,NA,NA,"N",NA,NA,0.5
"1044",2020-07-27,"WL3","2","3.5","V",NA,NA,"<1","1.6",1,"0.4",NA,NA,NA,NA,NA,2020,NA,"SHS",2021-07-23,NA,NA,NA,NA,NA,NA,NA,NA,NA,NA,NA,NA,"N",NA,NA,0.5
"1045",2020-07-27,"WL3","2","3.5","X",12,35,NA,NA,NA,NA,NA,NA,NA,NA,NA,2020,NA,"SHS",2021-07-23,NA,NA,NA,NA,NA,"blue",NA,NA,NA,NA,NA,NA,NA,NA,NA,NA
"1046",2020-07-27,"WL3","2","3.5","X",0,30,NA,NA,NA,NA,NA,NA,NA,NA,NA,2020,NA,"SHS",2021-07-23,NA,NA,NA,NA,NA,"blue",NA,NA,NA,NA,NA,NA,NA,NA,NA,NA
"1047",2020-07-27,"WL3","2","4","P",35,3,"3.5","19.1",2,NA,"0.0","36.0",6.7,2,"added new bird band, red #606",2020,NA,"SHS",2021-07-23,NA,NA,NA,NA,NA,"blue",606,NA,NA,NA,NA,NA,"N",NA,NA,3.5
"1048",2020-07-27,"WL3","2","4","V",NA,NA,"<1","1.3",1,"0.2",NA,NA,NA,NA,NA,2020,NA,"SHS",2021-07-23,NA,NA,NA,NA,NA,NA,NA,NA,NA,NA,NA,NA,"N",NA,NA,0.5
"1049",2020-07-27,"WL3","2","4","V",NA,NA,"<1","0.9",1,"0.2",NA,NA,NA,NA,NA,2020,NA,"SHS",2021-07-23,NA,NA,NA,NA,NA,NA,NA,NA,NA,NA,NA,NA,"Y",NA,NA,0.5
"1050",2020-07-27,"WL3","2","4","X",2,45,NA,NA,NA,NA,NA,NA,NA,NA,NA,2020,NA,"SHS",2021-07-23,NA,NA,NA,NA,NA,"blue",NA,NA,NA,NA,NA,NA,NA,NA,NA,NA
"1051",2020-07-27,"WL3","2","4.5","V",NA,NA,"<1","2.1",1,"0.5",NA,NA,NA,NA,NA,2020,NA,"SHS",2021-07-23,NA,NA,NA,NA,NA,NA,NA,NA,NA,NA,NA,NA,"N",NA,NA,0.5
"1052",2020-07-27,"WL3","2","4.5","V",NA,NA,"<1","2.3",1,"0.8",NA,NA,NA,NA,NA,2020,NA,"SHS",2021-07-23,NA,NA,NA,NA,NA,NA,NA,NA,NA,NA,NA,NA,"Y",NA,NA,0.5
"1053",2020-07-27,"WL3","2","4.5","V",NA,NA,"<1","1.6",1,"0.6",NA,NA,NA,NA,NA,2020,NA,"SHS",2021-07-23,NA,NA,NA,NA,NA,NA,NA,NA,NA,NA,NA,NA,"Y",NA,NA,0.5
"1054",2020-07-27,"WL3","2","4.5","V",NA,NA,"<1","1.4",1,"0.5",NA,NA,NA,NA,NA,2020,NA,"SHS",2021-07-23,NA,NA,NA,NA,NA,NA,NA,NA,NA,NA,NA,NA,"N",NA,NA,0.5
"1055",2020-07-27,"WL3","2","4.5","V",NA,NA,"<1","1.7",1,"0.3",NA,NA,NA,NA,NA,2020,NA,"SHS",2021-07-23,NA,NA,NA,NA,NA,NA,NA,NA,NA,NA,NA,NA,"N",NA,NA,0.5
"1056",2020-07-27,"WL3","2","4.5","V",NA,NA,"<1","2.3",1,"0.6",NA,NA,NA,NA,NA,2020,NA,"SHS",2021-07-23,NA,NA,NA,NA,NA,NA,NA,NA,NA,NA,NA,NA,"N",NA,NA,0.5
"1057",2020-07-27,"WL3","2","4.5","V",NA,NA,"<1","1.7",1,"0.4",NA,NA,NA,NA,NA,2020,NA,"SHS",2021-07-23,NA,NA,NA,NA,NA,NA,NA,NA,NA,NA,NA,NA,"N",NA,NA,0.5
"1058",2020-07-27,"WL3","2","4.5","V",NA,NA,"<1","1.3",1,"0.5",NA,NA,NA,NA,NA,2020,NA,"SHS",2021-07-23,NA,NA,NA,NA,NA,NA,NA,NA,NA,NA,NA,NA,"N",NA,NA,0.5
"1059",2020-07-27,"WL3","2","4.5","V",NA,NA,"<1","0.9",1,"0.4",NA,NA,NA,NA,NA,2020,NA,"SHS",2021-07-23,NA,NA,NA,NA,NA,NA,NA,NA,NA,NA,NA,NA,"N",NA,NA,0.5
"1060",2020-07-27,"WL3","3","0","P",30,45,"1.63","9.5",2,NA,"0.0","4.0",4.3,1,NA,2020,NA,"SHS",2021-07-23,NA,NA,NA,NA,NA,"red",40,NA,NA,NA,NA,NA,"N",NA,NA,1.63
"1061",2020-07-27,"WL3","3","0","V",10,3,"1.0","2.7",1,"1.0",NA,NA,NA,NA,NA,2020,NA,"SHS",2021-07-23,NA,NA,NA,NA,NA,"red",45,NA,NA,NA,NA,NA,"N",NA,NA,1
"1062",2020-07-27,"WL3","3","0","V",NA,NA,"<1","3.5",NA,"0.8",NA,NA,NA,NA,NA,2020,NA,"SHS",2021-07-23,NA,NA,NA,NA,NA,NA,NA,NA,NA,NA,NA,NA,"N",NA,NA,0.5
"1063",2020-07-27,"WL3","3","0","V",NA,NA,"<1","2.1",1,"0.3",NA,NA,NA,NA,NA,2020,NA,"SHS",2021-07-23,NA,NA,NA,NA,NA,NA,NA,NA,NA,NA,NA,NA,"N",NA,NA,0.5
"1064",2020-07-27,"WL3","3","0.5",NA,NA,NA,NA,NA,NA,NA,NA,NA,NA,NA,NA,2020,NA,"SHS",2021-07-23,NA,NA,NA,NA,NA,NA,NA,NA,NA,NA,NA,NA,NA,NA,NA,NA
"1065",2020-07-27,"WL3","3","1",NA,NA,NA,NA,NA,NA,NA,NA,NA,NA,NA,NA,2020,NA,"SHS",2021-07-23,NA,NA,NA,NA,NA,NA,NA,NA,NA,NA,NA,NA,NA,NA,NA,NA
"1066",2020-07-27,"WL3","3","1.5","V",NA,NA,"<1","1.2",1,"0.3",NA,NA,NA,NA,NA,2020,NA,"SHS",2021-07-23,NA,NA,NA,NA,NA,NA,NA,NA,NA,NA,NA,NA,"N",NA,NA,0.5
"1067",2020-07-27,"WL3","3","2","V",NA,NA,"<1","1.9",1,"0.3",NA,NA,NA,NA,NA,2020,NA,"SHS",2021-07-23,NA,NA,NA,NA,NA,NA,NA,NA,NA,NA,NA,NA,"N",NA,NA,0.5
"1068",2020-07-27,"WL3","3","2","V",NA,NA,"<1","1.4",1,"0.4",NA,NA,NA,NA,NA,2020,NA,"SHS",2021-07-23,NA,NA,NA,NA,NA,NA,NA,NA,NA,NA,NA,NA,"N",NA,NA,0.5
"1069",2020-07-27,"WL3","3","2","V",NA,NA,"<1","1.5",2,"0.3",NA,NA,NA,NA,NA,2020,NA,"SHS",2021-07-23,NA,NA,NA,NA,NA,NA,NA,NA,NA,NA,NA,NA,"Y",NA,NA,0.5
"1070",2020-07-27,"WL3","3","2.5","V",20,50,"1.3","2.7",3,"1.0",NA,NA,NA,NA,NA,2020,NA,"SHS",2021-07-23,NA,NA,NA,NA,NA,"red",43,NA,NA,NA,NA,NA,"N",NA,NA,1.3
"1071",2020-07-27,"WL3","3","2.5","V",NA,NA,"<1","1.0",1,"0.2",NA,NA,NA,NA,NA,2020,NA,"SHS",2021-07-23,NA,NA,NA,NA,NA,NA,NA,NA,NA,NA,NA,NA,"N",NA,NA,0.5
"1072",2020-07-27,"WL3","3","3",NA,NA,NA,NA,NA,NA,NA,NA,NA,NA,NA,NA,2020,NA,"SHS",2021-07-23,NA,NA,NA,NA,NA,NA,NA,NA,NA,NA,NA,NA,NA,NA,NA,NA
"1073",2020-07-27,"WL3","3","3.5","V",NA,NA,"<1","1.5",1,"0.3",NA,NA,NA,NA,NA,2020,NA,"SHS",2021-07-23,NA,NA,NA,NA,NA,NA,NA,NA,NA,NA,NA,NA,"N",NA,NA,0.5
"1074",2020-07-27,"WL3","3","3.5","V",NA,NA,"<1","1.6",1,"0.2",NA,NA,NA,NA,NA,2020,NA,"SHS",2021-07-23,NA,NA,NA,NA,NA,NA,NA,NA,NA,NA,NA,NA,"N",NA,NA,0.5
"1075",2020-07-27,"WL3","3","3.5","V",NA,NA,"<1","1.9",1,"0.3",NA,NA,NA,NA,NA,2020,NA,"SHS",2021-07-23,NA,NA,NA,NA,NA,NA,NA,NA,NA,NA,NA,NA,"N",NA,NA,0.5
"1076",2020-07-27,"WL3","3","3.5","V",NA,NA,"<1","1.4",1,"0.3",NA,NA,NA,NA,NA,2020,NA,"SHS",2021-07-23,NA,NA,NA,NA,NA,NA,NA,NA,NA,NA,NA,NA,"N",NA,NA,0.5
"1077",2020-07-27,"WL3","3","3.5","V",NA,NA,"<1","1.3",1,"0.3",NA,NA,NA,NA,NA,2020,NA,"SHS",2021-07-23,NA,NA,NA,NA,NA,NA,NA,NA,NA,NA,NA,NA,NA,NA,NA,0.5
"1078",2020-07-27,"WL3","3","3.5","V",NA,NA,"<1","1.0",1,"0.2",NA,NA,NA,NA,NA,2020,NA,"SHS",2021-07-23,NA,NA,NA,NA,NA,NA,NA,NA,NA,NA,NA,NA,"N",NA,NA,0.5
"1079",2020-07-27,"WL3","3","3.5","V",NA,NA,"<1","0.8",1,"0.2",NA,NA,NA,NA,NA,2020,NA,"SHS",2021-07-23,NA,NA,NA,NA,NA,NA,NA,NA,NA,NA,NA,NA,"N",NA,NA,0.5
"1080",2020-07-27,"WL3","3","3.5","V",NA,NA,"<1","1.0",1,"0.2",NA,NA,NA,NA,NA,2020,NA,"SHS",2021-07-23,NA,NA,NA,NA,NA,NA,NA,NA,NA,NA,NA,NA,"N",NA,NA,0.5
"1081",2020-07-27,"WL3","3","3.5","V",NA,NA,"<1","1.2",1,"0.2",NA,NA,NA,NA,NA,2020,NA,"SHS",2021-07-23,NA,NA,NA,NA,NA,NA,NA,NA,NA,NA,NA,NA,"N",NA,NA,0.5
"1082",2020-07-27,"WL3","3","3.5","V",NA,NA,"<1","1.0",1,"0.2",NA,NA,NA,NA,NA,2020,NA,"SHS",2021-07-23,NA,NA,NA,NA,NA,NA,NA,NA,NA,NA,NA,NA,"N",NA,NA,0.5
"1083",2020-07-27,"WL3","3","4","V",NA,NA,"<1","1.2",1,"0.3",NA,NA,NA,NA,NA,2020,NA,"SHS",2021-07-23,NA,NA,NA,NA,NA,NA,NA,NA,NA,NA,NA,NA,"N",NA,NA,0.5
"1084",2020-07-27,"WL3","3","4","V",NA,NA,"<1","1.5",1,"0.3",NA,NA,NA,NA,NA,2020,NA,"SHS",2021-07-23,NA,NA,NA,NA,NA,NA,NA,NA,NA,NA,NA,NA,"N",NA,NA,0.5
"1085",2020-07-27,"WL3","3","4.5",NA,NA,NA,NA,NA,NA,NA,NA,NA,NA,NA,NA,2020,NA,"SHS",2021-07-23,NA,NA,NA,NA,NA,NA,NA,NA,NA,NA,NA,NA,NA,NA,NA,NA
"1086",2020-07-27,"WL3","3","5","V",NA,NA,"<1","1.2",1,"0.2",NA,NA,NA,NA,NA,2020,NA,"SHS",2021-07-23,NA,NA,NA,NA,NA,NA,NA,NA,NA,NA,NA,NA,"N",NA,NA,0.5
"1087",2020-07-27,"WL3","3","5.5","V",NA,NA,"<1","1.1",1,"0.3",NA,NA,NA,NA,NA,2020,NA,"SHS",2021-07-23,NA,NA,NA,NA,NA,NA,NA,NA,NA,NA,NA,NA,"N",NA,NA,0.5
"1088",2020-07-27,"WL3","3","6","V",NA,NA,"<1","1.5",1,"0.3",NA,NA,NA,NA,NA,2020,NA,"SHS",2021-07-23,NA,NA,NA,NA,NA,NA,NA,NA,NA,NA,NA,NA,"N",NA,NA,0.5
"1089",2020-07-27,"WL3","3","6","V",NA,NA,"<1","0.8",1,"0.2",NA,NA,NA,NA,NA,2020,NA,"SHS",2021-07-23,NA,NA,NA,NA,NA,NA,NA,NA,NA,NA,NA,NA,"N",NA,NA,0.5
"1090",2020-07-27,"WL3","3","6.5","P",20,49,"1.56","11.5",1,NA,"0.0","3.0",4.8,1,NA,2020,NA,"SHS",2021-07-23,NA,NA,NA,NA,NA,"red",57,NA,NA,NA,NA,NA,"N",NA,NA,1.56
"1091",2020-07-27,"WL3","3","6.5","V",14,10,"<1","1.4",1,"0.5",NA,NA,NA,NA,NA,2020,NA,"SHS",2021-07-23,NA,NA,NA,NA,NA,NA,NA,NA,NA,NA,NA,NA,"N",NA,NA,0.5
"1092",2020-07-27,"WL3","3","6.5","V",9,4,"<1","0.6",1,"0.3",NA,NA,NA,NA,NA,2020,NA,"SHS",2021-07-23,NA,NA,NA,NA,NA,NA,NA,NA,NA,NA,NA,NA,"N",NA,NA,0.5
"1093",2020-07-27,"WL3","3","6.5","V",3,14,"<1","1.0",1,"0.2",NA,NA,NA,NA,NA,2020,NA,"SHS",2021-07-23,NA,NA,NA,NA,NA,NA,NA,NA,NA,NA,NA,NA,"N",NA,NA,0.5
"1094",2020-07-27,"WL3","3","6.5","V",7,8,"<1","0.3",1,"0.2",NA,NA,NA,NA,NA,2020,NA,"SHS",2021-07-23,NA,NA,NA,NA,NA,NA,NA,NA,NA,NA,NA,NA,"N",NA,NA,0.5
"1095",2020-07-27,"WL3","3","6.5","V",26,8,"<1","1.1",1,"0.3",NA,NA,NA,NA,NA,2020,NA,"SHS",2021-07-23,NA,NA,NA,NA,NA,NA,NA,NA,NA,NA,NA,NA,"N",NA,NA,0.5
"1096",2020-07-27,"WL3","3","6.5","V",26,9,"<1","0.5",1,"0.2",NA,NA,NA,NA,NA,2020,NA,"SHS",2021-07-23,NA,NA,NA,NA,NA,NA,NA,NA,NA,NA,NA,NA,"N",NA,NA,0.5
"1097",2020-07-27,"WL3","3","6.5","V",28,12,"<1","0.8",1,"0.1",NA,NA,NA,NA,NA,2020,NA,"SHS",2021-07-23,NA,NA,NA,NA,NA,NA,NA,NA,NA,NA,NA,NA,"N",NA,NA,0.5
"1098",2020-07-27,"WL3","3","6.5","V",37,9,"<1","1.4",1,"0.3",NA,NA,NA,NA,NA,2020,NA,"SHS",2021-07-23,NA,NA,NA,NA,NA,NA,NA,NA,NA,NA,NA,NA,"N",NA,NA,0.5
"1099",2020-07-27,"WL3","3","6.5","V",24,19,"<1","0.7",1,"0.2",NA,NA,NA,NA,NA,2020,NA,"SHS",2021-07-23,NA,NA,NA,NA,NA,NA,NA,NA,NA,NA,NA,NA,"N",NA,NA,0.5
"1100",2020-07-27,"WL3","3","6.5","V",40,46,"<1","0.9",1,"0.4",NA,NA,NA,NA,NA,2020,NA,"SHS",2021-07-23,NA,NA,NA,NA,NA,NA,NA,NA,NA,NA,NA,NA,"N",NA,NA,0.5
"1101",2020-07-27,"WL3","3","7",NA,NA,NA,NA,NA,NA,NA,NA,NA,NA,NA,"NO PLANTS",2020,NA,"SHS",2021-07-23,NA,NA,NA,NA,NA,NA,NA,NA,NA,NA,NA,NA,NA,NA,NA,NA
"1102",2020-07-27,"WL3","3","7.5","V",1,47,"<1","3.5",1,"1.0",NA,NA,NA,NA,NA,2020,NA,"SHS",2021-07-23,NA,NA,NA,NA,NA,NA,NA,NA,NA,NA,NA,NA,"Y",NA,NA,0.5
"1103",2020-07-27,"WL3","3","7.5","V",17,49,"<1","0.9",1,"0.2",NA,NA,NA,NA,NA,2020,NA,"SHS",2021-07-23,NA,NA,NA,NA,NA,NA,NA,NA,NA,NA,NA,NA,"N",NA,NA,0.5
"1104",2020-07-27,"WL3","3","8",NA,NA,NA,NA,NA,NA,NA,NA,NA,NA,NA,"NO PLANTS",2020,NA,"SHS",2021-07-23,NA,NA,NA,NA,NA,NA,NA,NA,NA,NA,NA,NA,NA,NA,NA,NA
"1105",2020-07-27,"WL3","3","8.5",NA,NA,NA,NA,NA,NA,NA,NA,NA,NA,NA,"NO PLANTS",2020,NA,"SHS",2021-07-23,NA,NA,NA,NA,NA,NA,NA,NA,NA,NA,NA,NA,NA,NA,NA,NA
"1106",2020-07-27,"WL3","3","9",NA,NA,NA,NA,NA,NA,NA,NA,NA,NA,NA,"NO PLANTS",2020,NA,"SHS",2021-07-23,NA,NA,NA,NA,NA,NA,NA,NA,NA,NA,NA,NA,NA,NA,NA,NA
"1107",2020-07-27,"WL3","3","9.5",NA,NA,NA,NA,NA,NA,NA,NA,NA,NA,NA,"NO PLANTS",2020,NA,"SHS",2021-07-23,NA,NA,NA,NA,NA,NA,NA,NA,NA,NA,NA,NA,NA,NA,NA,NA
"1108",2020-07-27,"WL3","4","0",NA,NA,NA,NA,NA,NA,NA,NA,NA,NA,NA,NA,2020,NA,"SHS",2021-07-23,NA,NA,NA,NA,NA,NA,NA,NA,NA,NA,NA,NA,NA,NA,NA,NA
"1109",2020-07-27,"WL3","4","0.5",NA,NA,NA,NA,NA,NA,NA,NA,NA,NA,NA,NA,2020,NA,"SHS",2021-07-23,NA,NA,NA,NA,NA,NA,NA,NA,NA,NA,NA,NA,NA,NA,NA,NA
"1110",2020-07-27,"WL3","4","1",NA,NA,NA,NA,NA,NA,NA,NA,NA,NA,NA,NA,2020,NA,"SHS",2021-07-23,NA,NA,NA,NA,NA,NA,NA,NA,NA,NA,NA,NA,NA,NA,NA,NA
"1111",2020-07-27,"WL3","4","1.5",NA,NA,NA,NA,NA,NA,NA,NA,NA,NA,NA,"NO PLANTS",2020,NA,"SHS",2021-07-23,NA,NA,NA,NA,NA,NA,NA,NA,NA,NA,NA,NA,NA,NA,NA,NA
"1112",2020-07-27,"WL3","4","2","V",NA,NA,"<1","2.8",1,"0.6",NA,NA,NA,NA,NA,2020,NA,"SHS",2021-07-23,NA,NA,NA,NA,NA,NA,NA,NA,NA,NA,NA,NA,"N",NA,NA,0.5
"1113",2020-07-27,"WL3","4","2.5",NA,NA,NA,NA,NA,NA,NA,NA,NA,NA,NA,"NO PLANTS",2020,NA,"SHS",2021-07-23,NA,NA,NA,NA,NA,NA,NA,NA,NA,NA,NA,NA,NA,NA,NA,NA
"1114",2020-07-27,"WL3","4","3",NA,NA,NA,NA,NA,NA,NA,NA,NA,NA,NA,"NO PLANTS",2020,NA,"SHS",2021-07-23,NA,NA,NA,NA,NA,NA,NA,NA,NA,NA,NA,NA,NA,NA,NA,NA
"1115",2020-07-27,"WL3","4","3.5",NA,NA,NA,NA,NA,NA,NA,NA,NA,NA,NA,"NO PLANTS",2020,NA,"SHS",2021-07-23,NA,NA,NA,NA,NA,NA,NA,NA,NA,NA,NA,NA,NA,NA,NA,NA
"1116",2020-07-27,"WL3","4","4",NA,NA,NA,NA,NA,NA,NA,NA,NA,NA,NA,"NO PLANTS",2020,NA,"SHS",2021-07-23,NA,NA,NA,NA,NA,NA,NA,NA,NA,NA,NA,NA,NA,NA,NA,NA
"1117",2020-07-27,"WL3","4","4.5","V",NA,NA,"<1","1.4",1,"0.4",NA,NA,NA,NA,NA,2020,NA,"SHS",2021-07-23,NA,NA,NA,NA,NA,NA,NA,NA,NA,NA,NA,NA,"N",NA,NA,0.5
"1118",2020-07-27,"WL3","4","4.5","X",41,26,NA,NA,NA,NA,NA,NA,NA,NA,NA,2020,NA,"SHS",2021-07-23,NA,NA,NA,NA,NA,"green",NA,NA,NA,NA,NA,NA,NA,NA,NA,NA
"1119",2020-07-27,"WL3","4","5","V",NA,NA,"<1","0.7",1,"0.3",NA,NA,NA,NA,NA,2020,NA,"SHS",2021-07-23,NA,NA,NA,NA,NA,NA,NA,NA,NA,NA,NA,NA,"Y",NA,NA,0.5
"1120",2020-07-27,"WL3","4","5.5","P",4,30,"2.45","20.1",2,NA,"0.0","21.0",7.1,2,NA,2020,NA,"SHS",2021-07-23,NA,NA,NA,NA,NA,"red",42,NA,NA,NA,NA,NA,"N",NA,NA,2.45
"1121",2020-07-27,"WL3","4","5.5","V",NA,NA,"<1","1.6",1,"0.3",NA,NA,NA,NA,NA,2020,NA,"SHS",2021-07-23,NA,NA,NA,NA,NA,NA,NA,NA,NA,NA,NA,NA,"N",NA,NA,0.5
"1122",2020-07-27,"WL3","4","5.5","V",NA,NA,"<1","2.1",1,"0.7",NA,NA,NA,NA,NA,2020,NA,"SHS",2021-07-23,NA,NA,NA,NA,NA,NA,NA,NA,NA,NA,NA,NA,"Y",NA,NA,0.5
"1123",2020-07-27,"WL3","4","5.5","V",NA,NA,"<1","1.9",1,"0.3",NA,NA,NA,NA,NA,2020,NA,"SHS",2021-07-23,NA,NA,NA,NA,NA,NA,NA,NA,NA,NA,NA,NA,"N",NA,NA,0.5
"1124",2020-07-27,"WL3","4","5.5","X",24,14,NA,NA,NA,NA,NA,NA,NA,NA,NA,2020,NA,"SHS",2021-07-23,NA,NA,NA,NA,NA,"red",NA,NA,NA,NA,NA,NA,NA,NA,NA,NA
"1125",2020-07-27,"WL3","4","6",NA,NA,NA,NA,NA,NA,NA,NA,NA,NA,NA,"NO PLANTS",2020,NA,"SHS",2021-07-23,NA,NA,NA,NA,NA,NA,NA,NA,NA,NA,NA,NA,NA,NA,NA,NA
"1126",2020-07-27,"WL3","4","6.5",NA,NA,NA,NA,NA,NA,NA,NA,NA,NA,NA,"NO PLANTS",2020,NA,"SHS",2021-07-23,NA,NA,NA,NA,NA,NA,NA,NA,NA,NA,NA,NA,NA,NA,NA,NA
"1127",2020-07-27,"WL3","4","7","V",9,9,"<1","1.4",1,"0.4",NA,NA,NA,NA,NA,2020,NA,"SHS",2021-07-23,NA,NA,NA,NA,NA,NA,NA,NA,NA,NA,NA,NA,"N",NA,NA,0.5
"1128",2020-07-27,"WL3","4","7","V",48,37,"<1","2.3",1,"1.1",NA,NA,NA,NA,NA,2020,NA,"SHS",2021-07-23,NA,NA,NA,NA,NA,NA,NA,NA,NA,NA,NA,NA,"N",NA,NA,0.5
"1129",2020-07-27,"WL3","4","7","V",48,38,"<1","1.8",11,"0.3",NA,NA,NA,NA,NA,2020,NA,"SHS",2021-07-23,NA,NA,NA,NA,NA,NA,NA,NA,NA,NA,NA,NA,"N",NA,NA,0.5
"1130",2020-07-27,"WL3","4","7","V",49,39,"<1","2.5",1,"0.8",NA,NA,NA,NA,NA,2020,NA,"SHS",2021-07-23,NA,NA,NA,NA,NA,NA,NA,NA,NA,NA,NA,NA,"N",NA,NA,0.5
"1131",2020-07-27,"WL3","4","7.5","V",10,21,"<1","2.0",1,"0.7",NA,NA,NA,NA,NA,2020,NA,"SHS",2021-07-23,NA,NA,NA,NA,NA,NA,NA,NA,NA,NA,NA,NA,"N",NA,NA,0.5
"1132",2020-07-27,"WL3","4","7.5","V",6,24,"<1","1.9",1,"0.9",NA,NA,NA,NA,NA,2020,NA,"SHS",2021-07-23,NA,NA,NA,NA,NA,NA,NA,NA,NA,NA,NA,NA,"N",NA,NA,0.5
"1133",2020-07-27,"WL3","4","7.5","V",3,12,"<1","2.5",1,"1.0",NA,NA,NA,NA,NA,2020,NA,"SHS",2021-07-23,NA,NA,NA,NA,NA,NA,NA,NA,NA,NA,NA,NA,"N",NA,NA,0.5
"1134",2020-07-27,"WL3","4","7.5","V",2,5,"<1","1.5",1,"0.1",NA,NA,NA,NA,NA,2020,NA,"SHS",2021-07-23,NA,NA,NA,NA,NA,NA,NA,NA,NA,NA,NA,NA,"N",NA,NA,0.5
"1135",2020-07-27,"WL3","4","8","V",26,23,"<1","2.0",1,"0.9",NA,NA,NA,NA,NA,2020,NA,"SHS",2021-07-23,NA,NA,NA,NA,NA,NA,NA,NA,NA,NA,NA,NA,NA,NA,NA,0.5
"1136",2020-07-27,"WL3","4","8","V",5,12,"<1","2.8",1,"0.8",NA,NA,NA,NA,NA,2020,NA,"SHS",2021-07-23,NA,NA,NA,NA,NA,NA,NA,NA,NA,NA,NA,NA,"N",NA,NA,0.5
"1137",2020-07-27,"WL3","4","8","V",15,14,"<1","2.2",1,"0.4",NA,NA,NA,NA,NA,2020,NA,"SHS",2021-07-23,NA,NA,NA,NA,NA,NA,NA,NA,NA,NA,NA,NA,"N",NA,NA,0.5
"1138",2020-07-27,"WL3","4","8","V",17,16,"<1","2.1",1,"0.5",NA,NA,NA,NA,NA,2020,NA,"SHS",2021-07-23,NA,NA,NA,NA,NA,NA,NA,NA,NA,NA,NA,NA,"N",NA,NA,0.5
"1139",2020-07-27,"WL3","4","8","V",5,22,"<1","3.0",1,"0.8",NA,NA,NA,NA,NA,2020,NA,"SHS",2021-07-23,NA,NA,NA,NA,NA,NA,NA,NA,NA,NA,NA,NA,"N",NA,NA,0.5
"1140",2020-07-27,"WL3","4","8.5",NA,NA,NA,NA,NA,NA,NA,NA,NA,NA,NA,"NO PLANTS",2020,NA,"SHS",2021-07-23,NA,NA,NA,NA,NA,NA,NA,NA,NA,NA,NA,NA,NA,NA,NA,NA
"1141",2020-07-27,"WL3","4","9",NA,NA,NA,NA,NA,NA,NA,NA,NA,NA,NA,"NO PLANTS",2020,NA,"SHS",2021-07-23,NA,NA,NA,NA,NA,NA,NA,NA,NA,NA,NA,NA,NA,NA,NA,NA
"1142",2020-07-27,"WL3","4","9.5",NA,NA,NA,NA,NA,NA,NA,NA,NA,NA,NA,NA,2020,NA,"SHS",2021-07-23,NA,NA,NA,NA,NA,NA,NA,NA,NA,NA,NA,NA,"N",NA,NA,NA
"1143",2021-07-27,"WL3","1","0","V",NA,NA,"<1","1.2",1,"0.4",NA,NA,NA,NA,NA,2021,NA,"KT",2021-11-03,NA,NA,NA,NA,NA,NA,NA,"blue",NA,NA,NA,NA,"Y",NA,NA,0.5
"1144",2021-07-27,"WL3","1","0.5","V",NA,NA,"<1","0.7",1,"0.3",NA,NA,NA,NA,"dying",2021,NA,"KT",2021-11-03,NA,NA,NA,NA,NA,NA,NA,"blue",NA,NA,NA,NA,"N",NA,NA,0.5
"1145",2021-07-27,"WL3","1","0.5","V",NA,NA,"<1","1.7",1,"0.5",NA,NA,NA,NA,NA,2021,NA,"KT",2021-11-03,NA,NA,NA,NA,NA,NA,NA,"blue",NA,NA,NA,NA,"Y",NA,NA,0.5
"1146",2021-07-27,"WL3","1","0.5","V",NA,NA,"<1","0.6",1,"0.2",NA,NA,NA,NA,"dying",2021,NA,"KT",2021-11-03,NA,NA,NA,NA,NA,NA,NA,"yellow",NA,NA,NA,NA,"Y",NA,NA,0.5
"1147",2021-07-27,"WL3","1","0.5",NA,45,42,NA,NA,NA,NA,NA,NA,NA,NA,"missing",2021,NA,"KT",2021-11-03,NA,NA,NA,NA,NA,"red",53,NA,NA,NA,NA,NA,NA,NA,NA,NA
"1148",2021-07-27,"WL3","1","1","V",NA,NA,"<1","1.6",1,"0.6",NA,NA,NA,NA,NA,2021,NA,"KT",2021-11-03,NA,NA,NA,NA,NA,NA,NA,"blue",NA,NA,NA,NA,"Y",NA,NA,0.5
"1149",2021-07-27,"WL3","1","1","V",NA,NA,"<1","2.2",1,"0.9",NA,NA,NA,NA,NA,2021,NA,"KT",2021-11-03,NA,NA,NA,NA,NA,NA,NA,"blue",NA,NA,NA,NA,"Y",NA,NA,0.5
"1150",2021-07-27,"WL3","1","1",NA,38,24,NA,NA,NA,NA,NA,NA,NA,NA,"missing",2021,NA,"KT",2021-11-03,NA,NA,NA,NA,NA,"red",44,NA,NA,NA,NA,NA,NA,NA,NA,NA
"1151",2021-07-27,"WL3","1","1","X",40,35,NA,NA,NA,NA,NA,NA,NA,NA,"dead",2021,NA,"KT",2021-11-03,NA,NA,NA,NA,NA,"red",47,NA,NA,NA,NA,NA,NA,NA,NA,NA
"1152",2021-07-27,"WL3","1","1","V",20,6,"1.32","2.5",1,"1.2",NA,NA,NA,NA,NA,2021,NA,"KT",2021-11-03,NA,NA,NA,NA,NA,"orange",87,NA,NA,NA,NA,NA,"N",NA,NA,1.32
"1153",2021-07-27,"WL3","1","1.5","V",NA,NA,"<1","1.6",1,"1.2",NA,NA,NA,NA,NA,2021,NA,"KT",2021-11-03,NA,NA,NA,NA,NA,NA,NA,"blue",NA,NA,NA,NA,"Y",NA,NA,0.5
"1154",2021-07-27,"WL3","1","1.5","V",NA,NA,"<1","2.8",1,"1.7",NA,NA,NA,NA,NA,2021,NA,"KT",2021-11-03,NA,NA,NA,NA,NA,NA,NA,"blue",NA,NA,NA,NA,"N",NA,NA,0.5
"1155",2021-07-27,"WL3","1","1.5","V",NA,NA,"<1","0.6",1,"0.4",NA,NA,NA,NA,NA,2021,NA,"KT",2021-11-03,NA,NA,NA,NA,NA,NA,NA,"yellow",NA,NA,NA,NA,NA,NA,NA,0.5
"1156",2021-07-27,"WL3","1","1.5","V",NA,NA,"<1","1.3",1,"0.7",NA,NA,NA,NA,NA,2021,NA,"KT",2021-11-03,NA,NA,NA,NA,NA,NA,NA,"red",NA,NA,NA,NA,"Y",NA,NA,0.5
"1157",2021-07-27,"WL3","1","2","V",NA,NA,"<1","1.2",1,"0.8",NA,NA,NA,NA,NA,2021,NA,"KT",2021-11-03,NA,NA,NA,NA,NA,NA,NA,"blue",NA,NA,NA,NA,"Y",NA,NA,0.5
"1158",2021-07-27,"WL3","1","2","V",NA,NA,"<1","2.1",1,"0.8",NA,NA,NA,NA,NA,2021,NA,"KT",2021-11-03,NA,NA,NA,NA,NA,NA,NA,"blue",NA,NA,NA,NA,"N",NA,NA,0.5
"1159",2021-07-27,"WL3","1","2","V",NA,NA,"<1","1.4",1,"0.6",NA,NA,NA,NA,NA,2021,NA,"KT",2021-11-03,NA,NA,NA,NA,NA,NA,NA,"blue",NA,NA,NA,NA,"Y",NA,NA,0.5
"1160",2021-07-27,"WL3","1","2","V",NA,NA,"<1","1.8",1,"0.8",NA,NA,NA,NA,NA,2021,NA,"KT",2021-11-03,NA,NA,NA,NA,NA,NA,NA,"yellow",NA,NA,NA,NA,"N",NA,NA,0.5
"1161",2021-07-27,"WL3","1","2","V",NA,NA,"<1","0.9",1,"0.6",NA,NA,NA,NA,NA,2021,NA,"KT",2021-11-03,NA,NA,NA,NA,NA,NA,NA,"yellow",NA,NA,NA,NA,"Y",NA,NA,0.5
"1162",2021-07-27,"WL3","1","2","V",NA,NA,"<1","1.8",1,"0.4",NA,NA,NA,NA,NA,2021,NA,"KT",2021-11-03,NA,NA,NA,NA,NA,NA,NA,"red",NA,NA,NA,NA,"N",NA,NA,0.5
"1163",2021-07-27,"WL3","1","2","P",11,25,"1.51","10.8",1,NA,"0.0","18.0",4.4,1,NA,2021,NA,"KT",2021-11-03,NA,NA,NA,NA,NA,"orange",94,NA,"green",NA,NA,NA,"Y",NA,NA,1.51
"1164",2021-07-27,"WL3","1","2","P",41,4,"<1","6.6",1,NA,"0.0","5.0",2.7,1,NA,2021,NA,"KT",2021-11-03,NA,NA,NA,NA,NA,"orange",569,NA,"green",NA,NA,NA,"N",NA,NA,0.5
"1165",2021-07-27,"WL3","1","2.5","V",NA,NA,"<1","1.8",1,"0.9",NA,NA,NA,NA,NA,2021,NA,"KT",2021-11-03,NA,NA,NA,NA,NA,NA,NA,"blue",NA,NA,NA,NA,"Y",NA,NA,0.5
"1166",2021-07-27,"WL3","1","2.5","V",NA,NA,"<1","1.1",1,"0.7",NA,NA,NA,NA,NA,2021,NA,"KT",2021-11-03,NA,NA,NA,NA,NA,NA,NA,"blue",NA,NA,NA,NA,"Y",NA,NA,0.5
"1167",2021-07-27,"WL3","1","2.5","V",NA,NA,"<1","2.9",1,"0.9",NA,NA,NA,NA,NA,2021,NA,"KT",2021-11-03,NA,NA,NA,NA,NA,NA,NA,"blue",NA,NA,NA,NA,"N",NA,NA,0.5
"1168",2021-07-27,"WL3","1","2.5","V",NA,NA,"<1","1.7",1,"1.0",NA,NA,NA,NA,NA,2021,NA,"KT",2021-11-03,NA,NA,NA,NA,NA,NA,NA,"blue",NA,NA,NA,NA,"Y",NA,NA,0.5
"1169",2021-07-27,"WL3","1","2.5","V",NA,NA,"<1","1.5",1,"0.5",NA,NA,NA,NA,NA,2021,NA,"KT",2021-11-03,NA,NA,NA,NA,NA,NA,NA,"red",NA,NA,NA,NA,"Y",NA,NA,0.5
"1170",2021-07-27,"WL3","1","3","V",NA,NA,"<1","2.5",1,"0.6",NA,NA,NA,NA,NA,2021,NA,"KT",2021-11-03,NA,NA,NA,NA,NA,NA,NA,"yellow",NA,NA,NA,NA,"Y",NA,NA,0.5
"1171",2021-07-27,"WL3","1","3.5","V",NA,NA,"<1","1.1",1,"0.6",NA,NA,NA,NA,NA,2021,NA,"KT",2021-11-03,NA,NA,NA,NA,NA,NA,NA,"blue",NA,NA,NA,NA,"N",NA,NA,0.5
"1172",2021-07-27,"WL3","1","3.5","V",NA,NA,"<1","2.0",1,"1.3",NA,NA,NA,NA,NA,2021,NA,"KT",2021-11-03,NA,NA,NA,NA,NA,NA,NA,"blue",NA,NA,NA,NA,"N",NA,NA,0.5
"1173",2021-07-27,"WL3","1","3.5","X",NA,NA,NA,NA,NA,NA,NA,NA,NA,NA,"dead",2021,NA,"KT",2021-11-03,NA,NA,NA,NA,NA,NA,NA,"yellow",NA,NA,NA,NA,NA,NA,NA,NA
"1174",2021-07-27,"WL3","1","3.5","V",NA,NA,"<1","1.8",1,"0.7",NA,NA,NA,NA,NA,2021,NA,"KT",2021-11-03,NA,NA,NA,NA,NA,NA,NA,"yellow",NA,NA,NA,NA,"Y",NA,NA,0.5
"1175",2021-07-27,"WL3","1","3.5","V",NA,NA,"<1","2.2",1,"1.4",NA,NA,NA,NA,NA,2021,NA,"KT",2021-11-03,NA,NA,NA,NA,NA,NA,NA,"yellow",NA,NA,NA,NA,"N",NA,NA,0.5
"1176",2021-07-27,"WL3","1","3.5","V",11,42,"2.46","4.8",2,"2.1",NA,NA,NA,NA,NA,2021,NA,"KT",2021-11-03,NA,NA,NA,NA,NA,"orange",978,NA,NA,NA,NA,NA,"Y",NA,NA,2.46
"1177",2021-07-27,"WL3","1","4","V",NA,NA,"<1","1.3",1,"0.7",NA,NA,NA,NA,NA,2021,NA,"KT",2021-11-03,NA,NA,NA,NA,NA,NA,NA,"blue",NA,NA,NA,NA,"N",NA,NA,0.5
"1178",2021-07-27,"WL3","1","4","V",NA,NA,"<1","1.1",1,"0.5",NA,NA,NA,NA,NA,2021,NA,"KT",2021-11-03,NA,NA,NA,NA,NA,NA,NA,"blue",NA,NA,NA,NA,"N",NA,NA,0.5
"1179",2021-07-27,"WL3","1","4","V",NA,NA,"<1","1.2",1,"0.7",NA,NA,NA,NA,NA,2021,NA,"KT",2021-11-03,NA,NA,NA,NA,NA,NA,NA,"blue",NA,NA,NA,NA,"Y",NA,NA,0.5
"1180",2021-07-27,"WL3","1","4","V",NA,NA,"<1","1.8",1,"1.0",NA,NA,NA,NA,NA,2021,NA,"KT",2021-11-03,NA,NA,NA,NA,NA,NA,NA,"blue",NA,NA,NA,NA,"N",NA,NA,0.5
"1181",2021-07-27,"WL3","1","4","V",NA,NA,"<1","1.7",1,"1.0",NA,NA,NA,NA,NA,2021,NA,"KT",2021-11-03,NA,NA,NA,NA,NA,NA,NA,"blue",NA,NA,NA,NA,"Y",NA,NA,0.5
"1182",2021-07-27,"WL3","1","4","V",NA,NA,"<1","3.5",1,"2.6",NA,NA,NA,NA,NA,2021,NA,"KT",2021-11-03,NA,NA,NA,NA,NA,NA,NA,"blue",NA,NA,NA,NA,"N",NA,NA,0.5
"1183",2021-07-27,"WL3","1","4","V",NA,NA,"<1","2.0",1,"1.1",NA,NA,NA,NA,NA,2021,NA,"KT",2021-11-03,NA,NA,NA,NA,NA,NA,NA,"blue",NA,NA,NA,NA,"N",NA,NA,0.5
"1184",2021-07-27,"WL3","1","4","V",NA,NA,"<1","1.6",1,"0.9",NA,NA,NA,NA,NA,2021,NA,"KT",2021-11-03,NA,NA,NA,NA,NA,NA,NA,"blue",NA,NA,NA,NA,"N",NA,NA,0.5
"1185",2021-07-27,"WL3","1","4","V",NA,NA,"<1","1.5",1,"0.9",NA,NA,NA,NA,NA,2021,NA,"KT",2021-11-03,NA,NA,NA,NA,NA,NA,NA,"blue",NA,NA,NA,NA,"Y",NA,NA,0.5
"1186",2021-07-27,"WL3","1","4","X",NA,NA,NA,NA,NA,NA,NA,NA,NA,NA,NA,2021,NA,"KT",2021-11-03,NA,NA,NA,NA,NA,NA,NA,"blue",NA,NA,NA,NA,NA,NA,NA,NA
"1187",2021-07-27,"WL3","1","4","V",NA,NA,"<1","1.5",1,"0.7",NA,NA,NA,NA,NA,2021,NA,"KT",2021-11-03,NA,NA,NA,NA,NA,NA,NA,"blue",NA,NA,NA,NA,"N",NA,NA,0.5
"1188",2021-07-27,"WL3","1","4","V",NA,NA,"<1","1.6",1,"0.7",NA,NA,NA,NA,NA,2021,NA,"KT",2021-11-03,NA,NA,NA,NA,NA,NA,NA,"blue",NA,NA,NA,NA,"N",NA,NA,0.5
"1189",2021-07-27,"WL3","1","4","V",NA,NA,"<1","1.6",1,"1.1",NA,NA,NA,NA,NA,2021,NA,"KT",2021-11-03,NA,NA,NA,NA,NA,NA,NA,"yellow",NA,NA,NA,NA,"N",NA,NA,0.5
"1190",2021-07-27,"WL3","1","4","V",NA,NA,"<1","1.7",1,"0.7",NA,NA,NA,NA,NA,2021,NA,"KT",2021-11-03,NA,NA,NA,NA,NA,NA,NA,"yellow",NA,NA,NA,NA,"N",NA,NA,0.5
"1191",2021-07-27,"WL3","1","4","V",NA,NA,"<1","0.9",1,"0.7",NA,NA,NA,NA,NA,2021,NA,"KT",2021-11-03,NA,NA,NA,NA,NA,NA,NA,"red",NA,NA,NA,NA,"N",NA,NA,0.5
"1192",2021-07-27,"WL3","1","4","V",NA,NA,"<1","0.7",1,"0.5",NA,NA,NA,NA,NA,2021,NA,"KT",2021-11-03,NA,NA,NA,NA,NA,NA,NA,"red",NA,NA,NA,NA,"Y",NA,NA,0.5
"1193",2021-07-27,"WL3","1","4","X",NA,NA,NA,NA,NA,NA,NA,NA,NA,NA,NA,2021,NA,"KT",2021-11-03,NA,NA,NA,NA,NA,NA,NA,"red",NA,NA,NA,NA,NA,NA,NA,NA
"1194",2021-07-27,"WL3","1","4","X",NA,NA,NA,NA,NA,NA,NA,NA,NA,NA,NA,2021,NA,"KT",2021-11-03,NA,NA,NA,NA,NA,NA,NA,"red",NA,NA,NA,NA,NA,NA,NA,NA
"1195",2021-07-27,"WL3","1","4.5","V",NA,NA,"<1","1.4",1,"0.9",NA,NA,NA,NA,NA,2021,NA,"KT",2021-11-03,NA,NA,NA,NA,NA,NA,NA,"blue",NA,NA,NA,NA,"Y",NA,NA,0.5
"1196",2021-07-27,"WL3","1","4.5","V",NA,NA,"<1","0.9",1,"0.6",NA,NA,NA,NA,NA,2021,NA,"KT",2021-11-03,NA,NA,NA,NA,NA,NA,NA,"blue",NA,NA,NA,NA,"N",NA,NA,0.5
"1197",2021-07-27,"WL3","1","4.5","V",NA,NA,"<1","1.1",1,"0.7",NA,NA,NA,NA,NA,2021,NA,"KT",2021-11-03,NA,NA,NA,NA,NA,NA,NA,"blue",NA,NA,NA,NA,"Y",NA,NA,0.5
"1198",2021-07-27,"WL3","1","4.5","V",NA,NA,"<1","0.9",1,"0.6",NA,NA,NA,NA,NA,2021,NA,"KT",2021-11-03,NA,NA,NA,NA,NA,NA,NA,"blue",NA,NA,NA,NA,"Y",NA,NA,0.5
"1199",2021-07-27,"WL3","1","4.5","V",NA,NA,"<1","2.1",1,"0.7",NA,NA,NA,NA,NA,2021,NA,"KT",2021-11-03,NA,NA,NA,NA,NA,NA,NA,"blue",NA,NA,NA,NA,"N",NA,NA,0.5
"1200",2021-07-27,"WL3","1","4.5","V",NA,NA,"<1","1.5",1,"0.5",NA,NA,NA,NA,NA,2021,NA,"KT",2021-11-03,NA,NA,NA,NA,NA,NA,NA,"blue",NA,NA,NA,NA,"N",NA,NA,0.5
"1201",2021-07-27,"WL3","1","4.5","V",NA,NA,"<1","1.1",1,"0.4",NA,NA,NA,NA,NA,2021,NA,"KT",2021-11-03,NA,NA,NA,NA,NA,NA,NA,"blue",NA,NA,NA,NA,"Y",NA,NA,0.5
"1202",2021-07-27,"WL3","1","4.5","V",NA,NA,"<1","0.5",1,"0.3",NA,NA,NA,NA,NA,2021,NA,"KT",2021-11-03,NA,NA,NA,NA,NA,NA,NA,"yellow",NA,NA,NA,NA,"Y",NA,NA,0.5
"1203",2021-07-27,"WL3","1","4.5","V",NA,NA,"<1","1.7",1,"0.5",NA,NA,NA,NA,NA,2021,NA,"KT",2021-11-03,NA,NA,NA,NA,NA,NA,NA,"yellow",NA,NA,NA,NA,"Y",NA,NA,0.5
"1204",2021-07-27,"WL3","1","4.5","V",NA,NA,"<1","1.6",1,"0.7",NA,NA,NA,NA,NA,2021,NA,"KT",2021-11-03,NA,NA,NA,NA,NA,NA,NA,"yellow",NA,NA,NA,NA,"N",NA,NA,0.5
"1205",2021-07-27,"WL3","1","4.5","V",NA,NA,"<1","0.8",1,"0.5",NA,NA,NA,NA,NA,2021,NA,"KT",2021-11-03,NA,NA,NA,NA,NA,NA,NA,"red",NA,NA,NA,NA,"N",NA,NA,0.5
"1206",2021-07-27,"WL3","1","0.5","V",NA,NA,"<1","0.6",1,"0.3",NA,NA,NA,NA,NA,2021,NA,"KT",2021-11-03,NA,NA,NA,NA,NA,NA,NA,NA,NA,NA,NA,NA,"N",NA,NA,0.5
"1207",2021-07-27,"WL3","1","2","V",NA,NA,"<1","3.2",1,"1.3",NA,NA,NA,NA,NA,2021,NA,"KT",2021-11-03,NA,NA,NA,NA,NA,NA,NA,"blue",NA,NA,NA,NA,"N",NA,NA,0.5
"1208",2021-07-27,"WL3","1","2","X",NA,NA,NA,NA,1,NA,NA,NA,NA,NA,"dead",2021,NA,"KT",2021-11-03,NA,NA,NA,NA,NA,NA,NA,"yellow",NA,NA,NA,NA,NA,NA,NA,NA
"1209",2021-07-27,"WL3","1","5","V",NA,NA,"<1","1.5",1,"0.4",NA,NA,NA,NA,NA,2021,NA,"KT",2021-11-04,NA,NA,NA,NA,NA,NA,NA,"blue",NA,NA,NA,NA,"N",NA,NA,0.5
"1210",2021-07-27,"WL3","1","5","V",NA,NA,"<1","0.5",1,"0.4",NA,NA,NA,NA,NA,2021,NA,"KT",2021-11-04,NA,NA,NA,NA,NA,NA,NA,"blue",NA,NA,NA,NA,"N",NA,NA,0.5
"1211",2021-07-27,"WL3","1","7.5","V",NA,NA,"<1","1.0",1,"0.3",NA,NA,NA,NA,NA,2021,NA,"KT",2021-11-04,NA,NA,NA,NA,NA,NA,NA,"red",NA,NA,NA,NA,"N",NA,NA,0.5
"1212",2021-07-27,"WL3","1","7.5","V",NA,NA,"<1","2.1",1,"1.0",NA,NA,NA,NA,NA,2021,NA,"KT",2021-11-04,NA,NA,NA,NA,NA,NA,NA,"blue",NA,NA,NA,NA,"N",NA,NA,0.5
"1213",2021-07-27,"WL3","1","8.5","V",NA,NA,"<1","1.2",1,"0.4",NA,NA,NA,NA,NA,2021,NA,"KT",2021-11-04,NA,NA,NA,NA,NA,NA,NA,"blue",NA,NA,NA,NA,"N",NA,NA,0.5
"1214",2021-07-27,"WL3","1","8.5","V",NA,NA,"<1","2.3",1,"1.4",NA,NA,NA,NA,NA,2021,NA,"KT",2021-11-04,NA,NA,NA,NA,NA,NA,NA,"blue",NA,NA,NA,NA,"N",NA,NA,0.5
"1215",2021-07-27,"WL3","1","8.5","V",NA,NA,"<1","1.6",1,"0.4",NA,NA,NA,NA,NA,2021,NA,"KT",2021-11-04,NA,NA,NA,NA,NA,NA,NA,"blue",NA,NA,NA,NA,"N",NA,NA,0.5
"1216",2021-07-27,"WL3","1","8.5","V",NA,NA,"<1","2.8",1,"1.3",NA,NA,NA,NA,NA,2021,NA,"KT",2021-11-04,NA,NA,NA,NA,NA,NA,NA,"blue",NA,NA,NA,NA,"N",NA,NA,0.5
"1217",2021-07-27,"WL3","1","8.5","V",NA,NA,"<1","1.1",1,"1.1",NA,NA,NA,NA,NA,2021,NA,"KT",2021-11-04,NA,NA,NA,NA,NA,NA,NA,"blue",NA,NA,NA,NA,"N",NA,NA,0.5
"1218",2021-07-27,"WL3","1","8.5","V",NA,NA,"<1","1.6",1,"0.5",NA,NA,NA,NA,NA,2021,NA,"KT",2021-11-04,NA,NA,NA,NA,NA,NA,NA,"blue",NA,NA,NA,NA,"N",NA,NA,0.5
"1219",2021-07-27,"WL3","1","8.5",NA,NA,NA,NA,NA,NA,NA,NA,NA,NA,NA,NA,2021,NA,"KT",2021-11-04,NA,NA,NA,NA,NA,NA,NA,"blue",NA,NA,NA,NA,NA,NA,NA,NA
"1220",2021-07-27,"WL3","1","8.5","V",NA,NA,"<1","1.2",1,"0.7",NA,NA,NA,NA,NA,2021,NA,"KT",2021-11-04,NA,NA,NA,NA,NA,NA,NA,"blue",NA,NA,NA,NA,"N",NA,NA,0.5
"1221",2021-07-27,"WL3","1","8.5","V",NA,NA,"<1","1.5",1,"0.5",NA,NA,NA,NA,NA,2021,NA,"KT",2021-11-04,NA,NA,NA,NA,NA,NA,NA,"blue",NA,NA,NA,NA,"N",NA,NA,0.5
"1222",2021-07-27,"WL3","1","8.5","V",NA,NA,"<1","2.0",1,"0.7",NA,NA,NA,NA,"wilting",2021,NA,"KT",2021-11-04,NA,NA,NA,NA,NA,NA,NA,"blue",NA,NA,NA,NA,"N",NA,NA,0.5
"1223",2021-07-27,"WL3","1","8.5","V",NA,NA,"<1","2.1",1,"0.6",NA,NA,NA,NA,NA,2021,NA,"KT",2021-11-04,NA,NA,NA,NA,NA,NA,NA,"blue",NA,NA,NA,NA,"N",NA,NA,0.5
"1224",2021-07-27,"WL3","1","8.5","V",NA,NA,"<1","1.4",1,"0.9",NA,NA,NA,NA,NA,2021,NA,"KT",2021-11-04,NA,NA,NA,NA,NA,NA,NA,"blue",NA,NA,NA,NA,"N",NA,NA,0.5
"1225",2021-07-27,"WL3","1","8.5","V",NA,NA,"<1","1.2",1,"0.6",NA,NA,NA,NA,NA,2021,NA,"KT",2021-11-04,NA,NA,NA,NA,NA,NA,NA,"blue",NA,NA,NA,NA,"N",NA,NA,0.5
"1226",2021-07-27,"WL3","1","8.5","V",NA,NA,"<1","0.2",1,"0.2",NA,NA,NA,NA,NA,2021,NA,"KT",2021-11-04,NA,NA,NA,NA,NA,NA,NA,"yellow",NA,NA,NA,NA,"N",NA,NA,0.5
"1227",2021-07-27,"WL3","1","8.5","X",35,28,NA,NA,NA,NA,NA,NA,NA,NA,"herbivorized",2021,NA,"KT",2021-11-04,NA,NA,NA,NA,NA,"red",41,NA,NA,NA,NA,NA,NA,NA,NA,NA
"1228",2021-07-27,"WL3","1","8.5","X",47,17,NA,NA,NA,NA,NA,NA,NA,NA,NA,2021,NA,"KT",2021-11-04,NA,NA,NA,NA,NA,"red",986,NA,"green",NA,NA,NA,NA,NA,NA,NA
"1229",2021-07-27,"WL3","1","8.5","P",45,5,"2.19","11.0",2,NA,NA,"23.0",3.4,2,NA,2021,NA,"KT",2021-11-04,NA,NA,NA,NA,NA,"orange",76,NA,"green",NA,NA,NA,"Y",NA,NA,2.19
"1230",2021-07-27,"WL3","1","9","V",NA,NA,"<1","2.3",1,"0.8",NA,NA,NA,NA,NA,2021,NA,"KT",2021-11-04,NA,NA,NA,NA,NA,NA,NA,"blue",NA,NA,NA,NA,"N",NA,NA,0.5
"1231",2021-07-27,"WL3","1","9","V",NA,NA,"<1","1.3",1,"0.4",NA,NA,NA,NA,NA,2021,NA,"KT",2021-11-04,NA,NA,NA,NA,NA,NA,NA,"blue",NA,NA,NA,NA,"N",NA,NA,0.5
"1232",2021-07-27,"WL3","1","9","V",NA,NA,"<1","1.2",1,"0.2",NA,NA,NA,NA,NA,2021,NA,"KT",2021-11-04,NA,NA,NA,NA,NA,NA,NA,"blue",NA,NA,NA,NA,"N",NA,NA,0.5
"1233",2021-07-27,"WL3","1","9","V",NA,NA,"<1","1.6",1,"0.6",NA,NA,NA,NA,NA,2021,NA,"KT",2021-11-05,NA,NA,NA,NA,NA,NA,NA,"blue",NA,NA,NA,NA,"N",NA,NA,0.5
"1234",2021-07-27,"WL3","1","9","V",NA,NA,"<1","1.6",1,"0.6",NA,NA,NA,NA,NA,2021,NA,"KT",2021-11-05,NA,NA,NA,NA,NA,NA,NA,"blue",NA,NA,NA,NA,"N",NA,NA,0.5
"1235",2021-07-27,"WL3","1","9","V",NA,NA,"<1","1.4",1,"0.3",NA,NA,NA,NA,NA,2021,NA,"KT",2021-11-05,NA,NA,NA,NA,NA,NA,NA,"blue",NA,NA,NA,NA,"N",NA,NA,0.5
"1236",2021-07-27,"WL3","1","9","X",NA,NA,"<1",NA,NA,NA,NA,NA,NA,NA,NA,2021,NA,"KT",2021-11-05,NA,NA,NA,NA,NA,NA,NA,"yellow",NA,NA,NA,NA,NA,NA,NA,0.5
"1237",2021-07-27,"WL3","1","9","V",NA,NA,"<1","1.1",1,"0.2",NA,NA,NA,NA,NA,2021,NA,"KT",2021-11-05,NA,NA,NA,NA,NA,NA,NA,"yellow",NA,NA,NA,NA,"N",NA,NA,0.5
"1238",2021-07-27,"WL3","1","9","X",13,50,"<1",NA,NA,NA,NA,NA,NA,NA,"bird bend is gone",2021,NA,"KT",2021-11-05,NA,NA,NA,NA,NA,"red",10,NA,NA,NA,NA,NA,NA,NA,NA,0.5
"1239",2021-07-27,"WL3","1","9.5","V",NA,NA,"<1","1.1",1,"0.2",NA,NA,NA,NA,NA,2021,NA,"KT",2021-11-05,NA,NA,NA,NA,NA,NA,NA,"blue",NA,NA,NA,NA,"N",NA,NA,0.5
"1240",2021-07-27,"WL3","1","9.5","V",NA,NA,"<1","0.9",1,"0.2",NA,NA,NA,NA,NA,2021,NA,"KT",2021-11-05,NA,NA,NA,NA,NA,NA,NA,"blue",NA,NA,NA,NA,"N",NA,NA,0.5
"1241",2021-07-27,"WL3","1","9.5","V",NA,NA,"<1","2.5",1,"0.6",NA,NA,NA,NA,NA,2021,NA,"KT",2021-11-05,NA,NA,NA,NA,NA,NA,NA,"blue",NA,NA,NA,NA,"N",NA,NA,0.5
"1242",2021-07-27,"WL3","2","0","V",NA,NA,"<1","1.6",1,"0.7",NA,NA,NA,NA,NA,2021,NA,"KT",2021-11-05,NA,NA,NA,NA,NA,NA,NA,"yellow",NA,NA,NA,NA,"N",NA,NA,0.5
"1243",2021-07-27,"WL3","2","0.5","X",NA,NA,"<1","2.0",1,"0.4",NA,NA,NA,NA,NA,2021,NA,"KT",2021-11-05,NA,NA,NA,NA,NA,NA,NA,"blue",NA,NA,NA,NA,"N",NA,NA,0.5
"1244",2021-07-27,"WL3","2","0.5","V",NA,NA,"<1","1.0",1,"0.5",NA,NA,NA,NA,"dying",2021,NA,"KT",2021-11-05,NA,NA,NA,NA,NA,NA,NA,"blue",NA,NA,NA,NA,"N",NA,NA,0.5
"1245",2021-07-27,"WL3","2","0.5","V",NA,NA,"<1","1.5",1,"0.7",NA,NA,NA,NA,NA,2021,NA,"KT",2021-11-05,NA,NA,NA,NA,NA,NA,NA,"blue",NA,NA,NA,NA,"N",NA,NA,0.5
"1246",2021-07-27,"WL3","2","0.5","X",NA,NA,NA,NA,NA,NA,NA,NA,NA,NA,NA,2021,NA,"KT",2021-11-05,NA,NA,NA,NA,NA,NA,NA,"blue",NA,NA,NA,NA,NA,NA,NA,NA
"1247",2021-07-27,"WL3","2","0.5","V",NA,NA,"<1","2.0",1,"0.7",NA,NA,NA,NA,NA,2021,NA,"KT",2021-11-05,NA,NA,NA,NA,NA,NA,NA,"blue",NA,NA,NA,NA,"N",NA,NA,0.5
"1248",2021-07-27,"WL3","2","0.5","V",NA,NA,"<1","1.2",1,"0.4",NA,NA,NA,NA,NA,2021,NA,"KT",2021-11-05,NA,NA,NA,NA,NA,NA,NA,"red",NA,NA,NA,NA,"N",NA,NA,0.5
"1249",2021-07-27,"WL3","2","1","X",NA,NA,NA,NA,NA,NA,NA,NA,NA,NA,NA,2021,NA,"KT",2021-11-05,NA,NA,NA,NA,NA,NA,NA,"blue",NA,NA,NA,NA,NA,NA,NA,NA
"1250",2021-07-27,"WL3","2","1","X",NA,NA,NA,NA,NA,NA,NA,NA,NA,NA,NA,2021,NA,"KT",2021-11-05,NA,NA,NA,NA,NA,NA,NA,"blue",NA,NA,NA,NA,NA,NA,NA,NA
"1251",2021-07-27,"WL3","2","1","V",NA,NA,"<1","1.3",1,"0.5",NA,NA,NA,NA,NA,2021,NA,"KT",2021-11-05,NA,NA,NA,NA,NA,NA,NA,"blue",NA,NA,NA,NA,"N",NA,NA,0.5
"1252",2021-07-27,"WL3","2","1","V",NA,NA,"<1","1.0",1,"0.4",NA,NA,NA,NA,NA,2021,NA,"KT",2021-11-05,NA,NA,NA,NA,NA,NA,NA,"blue",NA,NA,NA,NA,"N",NA,NA,0.5
"1253",2021-07-27,"WL3","2","1","V",NA,NA,"<1","1.6",1,"0.4",NA,NA,NA,NA,NA,2021,NA,"KT",2021-11-05,NA,NA,NA,NA,NA,NA,NA,"blue",NA,NA,NA,NA,"N",NA,NA,0.5
"1254",2021-07-27,"WL3","2","1","V",NA,NA,"<1","1.4",1,"0.6",NA,NA,NA,NA,NA,2021,NA,"KT",2021-11-05,NA,NA,NA,NA,NA,NA,NA,"blue",NA,NA,NA,NA,"N",NA,NA,0.5
"1255",2021-07-27,"WL3","2","1","V",NA,NA,"<1","0.8",1,"0.3",NA,NA,NA,NA,NA,2021,NA,"KT",2021-11-05,NA,NA,NA,NA,NA,NA,NA,"blue",NA,NA,NA,NA,"N",NA,NA,0.5
"1256",2021-07-27,"WL3","2","1","V",NA,NA,"<1","0.7",1,"0.3",NA,NA,NA,NA,NA,2021,NA,"KT",2021-11-05,NA,NA,NA,NA,NA,NA,NA,"blue",NA,NA,NA,NA,"N",NA,NA,0.5
"1257",2021-07-27,"WL3","2","1","V",NA,NA,"<1","0.9",1,"0.5",NA,NA,NA,NA,NA,2021,NA,"KT",2021-11-05,NA,NA,NA,NA,NA,NA,NA,"blue",NA,NA,NA,NA,"N",NA,NA,0.5
"1258",2021-07-27,"WL3","2","1","V",NA,NA,"<1","1.2",1,"0.4",NA,NA,NA,NA,NA,2021,NA,"KT",2021-11-05,NA,NA,NA,NA,NA,NA,NA,"blue",NA,NA,NA,NA,"N",NA,NA,0.5
"1259",2021-07-27,"WL3","2","1","X",NA,NA,NA,NA,NA,NA,NA,NA,NA,NA,NA,2021,NA,"KT",2021-11-05,NA,NA,NA,NA,NA,NA,NA,"yellow",NA,NA,NA,NA,NA,NA,NA,NA
"1260",2021-07-27,"WL3","2","1","V",NA,NA,"<1","2.1",1,"0.7",NA,NA,NA,NA,NA,2021,NA,"KT",2021-11-05,NA,NA,NA,NA,NA,NA,NA,"yellow",NA,NA,NA,NA,"N",NA,NA,0.5
"1261",2021-07-27,"WL3","2","1.5","V",NA,NA,"<1","0.9",1,"0.5",NA,NA,NA,NA,NA,2021,NA,"KT",2021-11-05,NA,NA,NA,NA,NA,NA,NA,"blue",NA,NA,NA,NA,"N",NA,NA,0.5
"1262",2021-07-27,"WL3","2","1.5","V",NA,NA,"<1","1.1",1,"0.7",NA,NA,NA,NA,NA,2021,NA,"KT",2021-11-05,NA,NA,NA,NA,NA,NA,NA,"blue",NA,NA,NA,NA,"N",NA,NA,0.5
"1263",2021-07-27,"WL3","2","1.5","V",NA,NA,"<1","0.7",1,"0.6",NA,NA,NA,NA,NA,2021,NA,"KT",2021-11-05,NA,NA,NA,NA,NA,NA,NA,"blue",NA,NA,NA,NA,"Y",NA,NA,0.5
"1264",2021-07-27,"WL3","2","1.5","V",NA,NA,"<1","0.6",1,"0.3",NA,NA,NA,NA,NA,2021,NA,"KT",2021-11-05,NA,NA,NA,NA,NA,NA,NA,"yellow",NA,NA,NA,NA,"N",NA,NA,0.5
"1265",2021-07-27,"WL3","2","1.5","V",NA,NA,"<1","0.9",1,"0.3",NA,NA,NA,NA,NA,2021,NA,"KT",2021-11-05,NA,NA,NA,NA,NA,NA,NA,"yellow",NA,NA,NA,NA,"N",NA,NA,0.5
"1266",2021-07-27,"WL3","2","1.5","V",33,2,"1.0","1.7",4,"0.7",NA,NA,NA,NA,NA,2021,NA,"KT",2021-11-05,NA,NA,NA,NA,NA,"orange",5,NA,NA,NA,NA,NA,"Y",NA,NA,1
"1267",2021-07-27,"WL3","2","2","X",NA,NA,NA,NA,NA,NA,NA,NA,NA,NA,NA,2021,NA,"KT",2021-11-05,NA,NA,NA,NA,NA,NA,NA,"blue",NA,NA,NA,NA,NA,NA,NA,NA
"1268",2021-07-27,"WL3","2","2","V",NA,NA,"<1","0.9",1,"0.7",NA,NA,NA,NA,NA,2021,NA,"KT",2021-11-05,NA,NA,NA,NA,NA,NA,NA,"blue",NA,NA,NA,NA,"N",NA,NA,0.5
"1269",2021-07-27,"WL3","2","2","V",NA,NA,"<1","1.1",1,"0.5",NA,NA,NA,NA,NA,2021,NA,"KT",2021-11-05,NA,NA,NA,NA,NA,NA,NA,"blue",NA,NA,NA,NA,"N",NA,NA,0.5
"1270",2021-07-27,"WL3","2","2","X",NA,NA,NA,NA,NA,NA,NA,NA,NA,NA,NA,2021,NA,"KT",2021-11-05,NA,NA,NA,NA,NA,NA,NA,"yellow",NA,NA,NA,NA,NA,NA,NA,NA
"1271",2021-07-27,"WL3","2","2","X",NA,NA,NA,NA,NA,NA,NA,NA,NA,NA,NA,2021,NA,"KT",2021-11-05,NA,NA,NA,NA,NA,NA,NA,"yellow",NA,NA,NA,NA,NA,NA,NA,NA
"1272",2021-07-27,"WL3","2","2","V",NA,NA,"<1","0.9",1,"0.5",NA,NA,NA,NA,NA,2021,NA,"KT",2021-11-05,NA,NA,NA,NA,NA,NA,NA,"yellow",NA,NA,NA,NA,"N",NA,NA,0.5
"1273",2021-07-27,"WL3","2","2","V",NA,NA,"<1","1.0",1,"0.4",NA,NA,NA,NA,"dying",2021,NA,"KT",2021-11-05,NA,NA,NA,NA,NA,NA,NA,"yellow",NA,NA,NA,NA,"N",NA,NA,0.5
"1274",2021-07-27,"WL3","2","2","V",NA,NA,"<1","1.5",1,"0.6",NA,NA,NA,NA,NA,2021,NA,"KT",2021-11-05,NA,NA,NA,NA,NA,NA,NA,"red",NA,NA,NA,NA,"N",NA,NA,0.5
"1275",2021-07-27,"WL3","2","2.5","V",NA,NA,NA,NA,NA,NA,NA,NA,NA,NA,NA,2021,NA,"KT",2021-11-05,NA,NA,NA,NA,NA,NA,NA,"blue",NA,NA,NA,NA,NA,NA,NA,NA
"1276",2021-07-27,"WL3","2","2.5","X",NA,NA,NA,NA,NA,NA,NA,NA,NA,NA,NA,2021,NA,"KT",2021-11-05,NA,NA,NA,NA,NA,NA,NA,"yellow",NA,NA,NA,NA,NA,NA,NA,NA
"1277",2021-07-27,"WL3","2","3","X",NA,NA,"<1","1.1",1,"0.5",NA,NA,NA,NA,NA,2021,NA,"KT",2021-11-05,NA,NA,NA,NA,NA,NA,NA,"blue",NA,NA,NA,NA,"N",NA,NA,0.5
"1278",2021-07-27,"WL3","2","3","V",NA,NA,"<1","1.0",1,"0.4",NA,NA,NA,NA,NA,2021,NA,"KT",2021-11-05,NA,NA,NA,NA,NA,NA,NA,"yellow",NA,NA,NA,NA,"N",NA,NA,0.5
"1279",2021-07-27,"WL3","2","3","V",NA,NA,"<1","1.2",1,"0.5",NA,NA,NA,NA,NA,2021,NA,"KT",2021-11-05,NA,NA,NA,NA,NA,NA,NA,"yellow",NA,NA,NA,NA,"Y",NA,NA,0.5
"1280",2021-07-27,"WL3","2","3","V",NA,NA,"<1","1.3",1,"0.5",NA,NA,NA,NA,NA,2021,NA,"KT",2021-11-05,NA,NA,NA,NA,NA,NA,NA,"yellow",NA,NA,NA,NA,"N",NA,NA,0.5
"1281",2021-07-27,"WL3","2","3","V",NA,NA,"<1","1.1",1,"0.5",NA,NA,NA,NA,NA,2021,NA,"KT",2021-11-05,NA,NA,NA,NA,NA,NA,NA,"yellow",NA,NA,NA,NA,"N",NA,NA,0.5
"1282",2021-07-27,"WL3","2","3","V",NA,NA,"<1","1.2",1,"0.6",NA,NA,NA,NA,NA,2021,NA,"KT",2021-11-05,NA,NA,NA,NA,NA,NA,NA,"yellow",NA,NA,NA,NA,"N",NA,NA,0.5
"1283",2021-07-27,"WL3","2","3","V",NA,NA,"<1","0.5",1,"0.3",NA,NA,NA,NA,"sad",2021,NA,"KT",2021-11-05,NA,NA,NA,NA,NA,NA,NA,"yellow",NA,NA,NA,NA,"Y",NA,NA,0.5
"1284",2021-07-27,"WL3","2","3","V",49,7,"1.42","2.4",2,"1.1",NA,NA,NA,NA,NA,2021,NA,"KT",2021-11-05,NA,NA,NA,NA,NA,"orange",406,NA,NA,NA,NA,NA,"N",NA,NA,1.42
"1285",2021-07-27,"WL3","2","3.5","V",NA,NA,"<1","1.4",1,"0.6",NA,NA,NA,NA,NA,2021,NA,"KT",2021-11-05,NA,NA,NA,NA,NA,NA,NA,"blue",NA,NA,NA,NA,"N",NA,NA,0.5
"1286",2021-07-27,"WL3","2","3.5","V",NA,NA,"<1","0.4",1,"0.9",NA,NA,NA,NA,NA,2021,NA,"KT",2021-11-05,NA,NA,NA,NA,NA,NA,NA,"blue",NA,NA,NA,NA,"N",NA,NA,0.5
"1287",2021-07-27,"WL3","2","3.5","V",NA,NA,"<1","0.7",1,"0.5",NA,NA,NA,NA,NA,2021,NA,"KT",2021-11-05,NA,NA,NA,NA,NA,NA,NA,"blue",NA,NA,NA,NA,"N",NA,NA,0.5
"1288",2021-07-27,"WL3","2","3.5","V",NA,NA,"<1","0.7",1,"0.3",NA,NA,NA,NA,NA,2021,NA,"KT",2021-11-05,NA,NA,NA,NA,NA,NA,NA,"yellow",NA,NA,NA,NA,"N",NA,NA,0.5
"1289",2021-07-27,"WL3","2","4","V",NA,NA,"<1","1.7",1,"0.6",NA,NA,NA,NA,NA,2021,NA,"KT",2021-11-05,NA,NA,NA,NA,NA,NA,NA,"blue",NA,NA,NA,NA,"N",NA,NA,0.5
"1290",2021-07-27,"WL3","2","4","V",NA,NA,"<1","2.3",1,"0.7",NA,NA,NA,NA,NA,2021,NA,"KT",2021-11-06,NA,NA,NA,NA,NA,NA,NA,"blue",NA,NA,NA,NA,"N",NA,NA,0.5
"1291",2021-07-27,"WL3","2","4","V",NA,NA,"<1","1.6",1,"0.5",NA,NA,NA,NA,NA,2021,NA,"KT",2021-11-06,NA,NA,NA,NA,NA,NA,NA,"blue",NA,NA,NA,NA,"N",NA,NA,0.5
"1292",2021-07-27,"WL3","2","4","V",NA,NA,"<1","1.2",1,"0.7",NA,NA,NA,NA,NA,2021,NA,"KT",2021-11-06,NA,NA,NA,NA,NA,NA,NA,"yellow",NA,NA,NA,NA,"N",NA,NA,0.5
"1293",2021-07-27,"WL3","2","4","X",35,3,NA,NA,NA,NA,NA,NA,NA,NA,"missing",2021,NA,"KT",2021-11-06,NA,NA,NA,NA,NA,"blue",606,NA,NA,NA,NA,NA,NA,NA,NA,NA
"1294",2021-07-27,"WL3","2","4","X",NA,NA,NA,NA,NA,NA,NA,NA,NA,NA,NA,2021,NA,"KT",2021-11-06,NA,NA,NA,NA,NA,"orange",3,NA,NA,NA,NA,NA,NA,NA,NA,NA
"1295",2021-07-27,"WL3","2","4.5","V",NA,NA,"<1","2.4",1,"0.6",NA,NA,NA,NA,NA,2021,NA,"KT",2021-11-06,NA,NA,NA,NA,NA,NA,NA,"blue",NA,NA,NA,NA,"N",NA,NA,0.5
"1296",2021-07-27,"WL3","2","4.5","V",NA,NA,"<1","2.2",1,"0.7",NA,NA,NA,NA,NA,2021,NA,"KT",2021-11-06,NA,NA,NA,NA,NA,NA,NA,"blue",NA,NA,NA,NA,"N",NA,NA,0.5
"1297",2021-07-27,"WL3","2","4.5","V",NA,NA,"<1","1.6",1,"0.6",NA,NA,NA,NA,NA,2021,NA,"KT",2021-11-06,NA,NA,NA,NA,NA,NA,NA,"blue",NA,NA,NA,NA,"N",NA,NA,0.5
"1298",2021-07-27,"WL3","2","4.5","V",NA,NA,"<1","1.1",1,"0.3",NA,NA,NA,NA,NA,2021,NA,"KT",2021-11-06,NA,NA,NA,NA,NA,NA,NA,"blue",NA,NA,NA,NA,"Y",NA,NA,0.5
"1299",2021-07-27,"WL3","2","4.5","V",NA,NA,"<1","0.8",1,"0.4",NA,NA,NA,NA,NA,2021,NA,"KT",2021-11-06,NA,NA,NA,NA,NA,NA,NA,"blue",NA,NA,NA,NA,"N",NA,NA,0.5
"1300",2021-07-27,"WL3","2","4.5","V",NA,NA,"<1","0.9",1,"0.6",NA,NA,NA,NA,NA,2021,NA,"KT",2021-11-06,NA,NA,NA,NA,NA,NA,NA,"blue",NA,NA,NA,NA,"Y",NA,NA,0.5
"1301",2021-07-27,"WL3","2","4.5","V",NA,NA,"<1","1.0",2,"0.4",NA,NA,NA,NA,NA,2021,NA,"KT",2021-11-06,NA,NA,NA,NA,NA,NA,NA,"yellow",NA,NA,NA,NA,"Y",NA,NA,0.5
"1302",2021-07-27,"WL3","2","4.5","V",NA,NA,"<1","1.2",1,"0.8",NA,NA,NA,NA,NA,2021,NA,"KT",2021-11-06,NA,NA,NA,NA,NA,NA,NA,"yellow",NA,NA,NA,NA,"Y",NA,NA,0.5
"1303",2021-07-27,"WL3","2","4.5","V",NA,NA,"<1","1.2",1,"0.4",NA,NA,NA,NA,NA,2021,NA,"KT",2021-11-06,NA,NA,NA,NA,NA,NA,NA,"yellow",NA,NA,NA,NA,"N",NA,NA,0.5
"1304",2021-07-27,"WL3","2","4.5","V",NA,NA,"<1","1.1",1,"0.4",NA,NA,NA,NA,NA,2021,NA,"KT",2021-11-06,NA,NA,NA,NA,NA,NA,NA,"yellow",NA,NA,NA,NA,"N",NA,NA,0.5
"1305",2021-07-27,"WL3","2","4.5","V",NA,NA,"<1","1.0",1,"0.6",NA,NA,NA,NA,NA,2021,NA,"KT",2021-11-06,NA,NA,NA,NA,NA,NA,NA,"yellow",NA,NA,NA,NA,"N",NA,NA,0.5
"1306",2021-07-27,"WL3","2","4.5","V",11,17,"1.2","1.1",3,"0.4",NA,NA,NA,NA,NA,2021,NA,"KT",2021-11-06,NA,NA,NA,NA,NA,"orange",69,NA,NA,NA,NA,NA,"Y",NA,NA,1.2
"1307",2021-07-27,"WL3","2","4.5","P",29,37,"0.86","5.2",2,NA,"0.0","3.0",3.9,2,NA,2021,NA,"KT",2021-11-06,NA,NA,NA,NA,NA,"orange",75,NA,"orange",NA,NA,NA,"Y",NA,NA,0.5
"1308",2021-07-27,"WL3","2","4.5","V",NA,NA,"<1","0.9",2,"0.3",NA,NA,NA,NA,NA,2021,NA,"KT",2021-11-06,NA,NA,NA,NA,NA,NA,NA,NA,NA,NA,NA,NA,"Y",NA,NA,0.5
"1309",2021-07-27,"WL3","2","4.5","V",NA,NA,"<1","0.7",2,"0.2",NA,NA,NA,NA,NA,2021,NA,"KT",2021-11-06,NA,NA,NA,NA,NA,NA,NA,NA,NA,NA,NA,NA,"Y",NA,NA,0.5
"1310",2021-07-27,"WL3","3","0","X",NA,NA,NA,NA,NA,NA,NA,NA,NA,NA,NA,2021,NA,"KT",2021-11-06,NA,NA,NA,NA,NA,NA,NA,"blue",NA,NA,NA,NA,NA,NA,NA,NA
"1311",2021-07-27,"WL3","3","0","X",NA,NA,NA,NA,NA,NA,NA,NA,NA,NA,NA,2021,NA,"KT",2021-11-06,NA,NA,NA,NA,NA,NA,NA,"red",NA,NA,NA,NA,NA,NA,NA,NA
"1312",2021-07-27,"WL3","3","0","V",NA,NA,"<1","2.0",1,"0.6",NA,NA,NA,NA,NA,2021,NA,"KT",2021-11-06,NA,NA,NA,NA,NA,NA,NA,"red",NA,NA,NA,NA,"N",NA,NA,0.5
"1313",2021-07-27,"WL3","3","0","P",30,45,"2.34","12.5",1,NA,NA,NA,3.7,NA,"silique measured",2021,NA,"KT",2021-11-06,NA,NA,NA,NA,NA,"red",40,NA,"green",NA,NA,NA,"Y",NA,NA,2.34
"1314",2021-07-27,"WL3","3","0","X",10,3,NA,NA,NA,NA,NA,NA,NA,NA,NA,2021,NA,"KT",2021-11-06,NA,NA,NA,NA,NA,"red",45,NA,NA,NA,NA,NA,NA,NA,NA,NA
"1315",2021-07-27,"WL3","3","0","P",12,1,"2.13","8.4",4,NA,NA,NA,3.6,4,NA,2021,NA,"KT",2021-11-06,NA,NA,NA,NA,NA,"orange",18,NA,"green",NA,NA,NA,"Y",NA,NA,2.13
"1316",2021-07-27,"WL3","3","0.5","V",NA,NA,"<1","0.9",1,"0.4",NA,NA,NA,NA,NA,2021,NA,"KT",2021-11-06,NA,NA,NA,NA,NA,NA,NA,"blue",NA,NA,NA,NA,"N",NA,NA,0.5
"1317",2021-07-27,"WL3","3","0.5","V",NA,NA,"<1","2.0",1,"0.4",NA,NA,NA,NA,NA,2021,NA,"KT",2021-11-06,NA,NA,NA,NA,NA,NA,NA,"blue",NA,NA,NA,NA,"Y",NA,NA,0.5
"1318",2021-07-27,"WL3","3","1.5","X",NA,NA,NA,NA,NA,NA,NA,NA,NA,NA,"wilted",2021,NA,"KT",2021-11-06,NA,NA,NA,NA,NA,NA,NA,"blue",NA,NA,NA,NA,NA,NA,NA,NA
"1319",2021-07-27,"WL3","3","1.5","V",NA,NA,"<1","2.0",1,"0.4",NA,NA,NA,NA,"wilted",2021,NA,"KT",2021-11-06,NA,NA,NA,NA,NA,NA,NA,"blue",NA,NA,NA,NA,"N",NA,NA,0.5
"1320",2021-07-27,"WL3","3","1.5","V",NA,NA,"<1","1.2",1,"0.7",NA,NA,NA,NA,NA,2021,NA,"KT",2021-11-06,NA,NA,NA,NA,NA,NA,NA,"blue",NA,NA,NA,NA,"N",NA,NA,0.5
"1321",2021-07-27,"WL3","3","1.5","V",NA,NA,"<1","1.7",1,"0.3",NA,NA,NA,NA,NA,2021,NA,"KT",2021-11-06,NA,NA,NA,NA,NA,NA,NA,"blue",NA,NA,NA,NA,"N",NA,NA,0.5
"1322",2021-07-27,"WL3","3","1.5","V",NA,NA,"<1","1.5",1,"0.8",NA,NA,NA,NA,NA,2021,NA,"KT",2021-11-06,NA,NA,NA,NA,NA,NA,NA,"blue",NA,NA,NA,NA,"N",NA,NA,0.5
"1323",2021-07-27,"WL3","3","1.5","X",NA,NA,NA,NA,NA,NA,NA,NA,NA,NA,NA,2021,NA,"KT",2021-11-06,NA,NA,NA,NA,NA,NA,NA,"blue",NA,NA,NA,NA,NA,NA,NA,NA
"1324",2021-07-27,"WL3","3","1.5","V",NA,NA,"<1","0.7",1,"0.4",NA,NA,NA,NA,NA,2021,NA,"KT",2021-11-06,NA,NA,NA,NA,NA,NA,NA,"blue",NA,NA,NA,NA,"N",NA,NA,0.5
"1325",2021-07-27,"WL3","3","1.5","V",NA,NA,"<1","2.4",1,"0.8",NA,NA,NA,NA,NA,2021,NA,"KT",2021-11-06,NA,NA,NA,NA,NA,NA,NA,"blue",NA,NA,NA,NA,"N",NA,NA,0.5
"1326",2021-07-27,"WL3","3","2","X",NA,NA,NA,NA,NA,NA,NA,NA,NA,NA,"loose toothpick",2021,NA,"KT",2021-11-06,NA,NA,NA,NA,NA,NA,NA,"blue",NA,NA,NA,NA,NA,NA,NA,NA
"1327",2021-07-27,"WL3","3","2","X",NA,NA,NA,NA,NA,NA,NA,NA,NA,NA,"no plant",2021,NA,"KT",2021-11-06,NA,NA,NA,NA,NA,NA,NA,"blue",NA,NA,NA,NA,NA,NA,NA,NA
"1328",2021-07-27,"WL3","3","2","V",NA,NA,"<1","1.6",1,"0.7",NA,NA,NA,NA,NA,2021,NA,"KT",2021-11-06,NA,NA,NA,NA,NA,NA,NA,"blue",NA,NA,NA,NA,"Y",NA,NA,0.5
"1329",2021-07-27,"WL3","3","2","V",NA,NA,"<1","2.7",1,"0.6",NA,NA,NA,NA,NA,2021,NA,"KT",2021-11-06,NA,NA,NA,NA,NA,NA,NA,"blue",NA,NA,NA,NA,"N",NA,NA,0.5
"1330",2021-07-27,"WL3","3","2","V",NA,NA,"<1","1.6",1,"0.8",NA,NA,NA,NA,NA,2021,NA,"KT",2021-11-06,NA,NA,NA,NA,NA,NA,NA,"blue",NA,NA,NA,NA,"N",NA,NA,0.5
"1331",2021-07-27,"WL3","3","2","V",NA,NA,"<1","2.1",1,"0.7",NA,NA,NA,NA,NA,2021,NA,"KT",2021-11-06,NA,NA,NA,NA,NA,NA,NA,"blue",NA,NA,NA,NA,"N",NA,NA,0.5
"1332",2021-07-27,"WL3","3","2","V",NA,NA,"<1","0.6",1,"0.5",NA,NA,NA,NA,NA,2021,NA,"KT",2021-11-06,NA,NA,NA,NA,NA,NA,NA,"yellow",NA,NA,NA,NA,"N",NA,NA,0.5
"1333",2021-07-27,"WL3","3","2.5","V",NA,NA,"<1","2.3",1,"0.7",NA,NA,NA,NA,NA,2021,NA,"KT",2021-11-06,NA,NA,NA,NA,NA,NA,NA,"blue",NA,NA,NA,NA,"N",NA,NA,0.5
"1334",2021-07-27,"WL3","3","2.5","X",20,50,NA,NA,NA,NA,NA,NA,NA,NA,NA,2021,NA,"KT",2021-11-06,NA,NA,NA,NA,NA,"red",43,NA,NA,NA,NA,NA,NA,NA,NA,NA
"1335",2021-07-27,"WL3","3","3","V",NA,NA,"<1","1.4",1,"0.4",NA,NA,NA,NA,NA,2021,NA,"KT",2021-11-09,NA,NA,NA,NA,NA,NA,NA,"blue",NA,NA,NA,NA,"N",NA,NA,0.5
"1336",2021-07-27,"WL3","3","3.5","V",NA,NA,"<1","2.2",1,"0.7",NA,NA,NA,NA,NA,2021,NA,"KT",2021-11-09,NA,NA,NA,NA,NA,NA,NA,"blue",NA,NA,NA,NA,"Y",NA,NA,0.5
"1337",2021-07-27,"WL3","3","3.5","V",NA,NA,"<1","1.7",1,"0.5",NA,NA,NA,NA,NA,2021,NA,"KT",2021-11-09,NA,NA,NA,NA,NA,NA,NA,"blue",NA,NA,NA,NA,"Y",NA,NA,0.5
"1338",2021-07-27,"WL3","3","3.5","V",NA,NA,"<1","0.7",1,"0.5",NA,NA,NA,NA,NA,2021,NA,"KT",2021-11-09,NA,NA,NA,NA,NA,NA,NA,"blue",NA,NA,NA,NA,"N",NA,NA,0.5
"1339",2021-07-27,"WL3","3","3.5","V",NA,NA,"<1","1.5",1,"0.7",NA,NA,NA,NA,NA,2021,NA,"KT",2021-11-09,NA,NA,NA,NA,NA,NA,NA,"blue",NA,NA,NA,NA,"N",NA,NA,0.5
"1340",2021-07-27,"WL3","3","3.5","X",NA,NA,NA,NA,NA,NA,NA,NA,NA,NA,NA,2021,NA,"KT",2021-11-09,NA,NA,NA,NA,NA,NA,NA,"blue",NA,NA,NA,NA,NA,NA,NA,NA
"1341",2021-07-27,"WL3","3","3.5","V",NA,NA,"<1","1.2",1,"0.3",NA,NA,NA,NA,NA,2021,NA,"KT",2021-11-09,NA,NA,NA,NA,NA,NA,NA,"blue",NA,NA,NA,NA,"N",NA,NA,0.5
"1342",2021-07-27,"WL3","3","3.5","V",NA,NA,"<1","1.1",1,"0.2",NA,NA,NA,NA,NA,2021,NA,"KT",2021-11-09,NA,NA,NA,NA,NA,NA,NA,"blue",NA,NA,NA,NA,"N",NA,NA,0.5
"1343",2021-07-27,"WL3","3","3.5","V",NA,NA,"<1","1.6",1,"0.6",NA,NA,NA,NA,NA,2021,NA,"KT",2021-11-09,NA,NA,NA,NA,NA,NA,NA,"blue",NA,NA,NA,NA,"N",NA,NA,0.5
"1344",2021-07-27,"WL3","3","3.5","V",NA,NA,"<1","1.3",1,"0.5",NA,NA,NA,NA,NA,2021,NA,"KT",2021-11-09,NA,NA,NA,NA,NA,NA,NA,"blue",NA,NA,NA,NA,"N",NA,NA,0.5
"1345",2021-07-27,"WL3","3","3.5","V",NA,NA,"<1","2.5",1,"0.7",NA,NA,NA,NA,NA,2021,NA,"KT",2021-11-09,NA,NA,NA,NA,NA,NA,NA,"blue",NA,NA,NA,NA,"N",NA,NA,0.5
"1346",2021-07-27,"WL3","3","3.5","V",NA,NA,"<1","2.2",1,"0.7",NA,NA,NA,NA,NA,2021,NA,"KT",2021-11-09,NA,NA,NA,NA,NA,NA,NA,"blue",NA,NA,NA,NA,"N",NA,NA,0.5
"1347",2021-07-27,"WL3","3","3.5","V",NA,NA,"<1","1.4",1,"0.4",NA,NA,NA,NA,NA,2021,NA,"KT",2021-11-09,NA,NA,NA,NA,NA,NA,NA,"blue",NA,NA,NA,NA,"N",NA,NA,0.5
"1348",2021-07-27,"WL3","3","3.5","V",NA,NA,"<1","1.0",1,"0.3",NA,NA,NA,NA,NA,2021,NA,"KT",2021-11-09,NA,NA,NA,NA,NA,NA,NA,"blue",NA,NA,NA,NA,"N",NA,NA,0.5
"1349",2021-07-27,"WL3","3","3.5","V",NA,NA,"<1","1.4",1,"0.4",NA,NA,NA,NA,NA,2021,NA,"KT",2021-11-09,NA,NA,NA,NA,NA,NA,NA,"blue",NA,NA,NA,NA,"N",NA,NA,0.5
"1350",2021-07-27,"WL3","3","3.5","V",NA,NA,"<1","1.6",1,"0.6",NA,NA,NA,NA,NA,2021,NA,"KT",2021-11-09,NA,NA,NA,NA,NA,NA,NA,"blue",NA,NA,NA,NA,"N",NA,NA,0.5
"1351",2021-07-27,"WL3","3","3.5","V",NA,NA,"<1","1.3",1,"0.5",NA,NA,NA,NA,NA,2021,NA,"KT",2021-11-09,NA,NA,NA,NA,NA,NA,NA,"blue",NA,NA,NA,NA,"N",NA,NA,0.5
"1352",2021-07-27,"WL3","3","3.5","V",NA,NA,"<1","0.9",1,"0.4",NA,NA,NA,NA,NA,2021,NA,"KT",2021-11-09,NA,NA,NA,NA,NA,NA,NA,"blue",NA,NA,NA,NA,"N",NA,NA,0.5
"1353",2021-07-27,"WL3","3","4","V",NA,NA,"<1","1.0",1,"0.3",NA,NA,NA,NA,"dying",2021,NA,"KT",2021-11-09,NA,NA,NA,NA,NA,NA,NA,"blue",NA,NA,NA,NA,"N",NA,NA,0.5
"1354",2021-07-27,"WL3","3","4","V",NA,NA,"<1","1.1",1,"0.3",NA,NA,NA,NA,NA,2021,NA,"KT",2021-11-09,NA,NA,NA,NA,NA,NA,NA,"blue",NA,NA,NA,NA,"N",NA,NA,0.5
"1355",2021-07-27,"WL3","3","4","V",NA,NA,"<1","1.0",1,"0.2",NA,NA,NA,NA,NA,2021,NA,"KT",2021-11-09,NA,NA,NA,NA,NA,NA,NA,"blue",NA,NA,NA,NA,"Y",NA,NA,0.5
"1356",2021-07-27,"WL3","3","4","X",NA,NA,NA,NA,NA,NA,NA,NA,NA,NA,NA,2021,NA,"KT",2021-11-09,NA,NA,NA,NA,NA,NA,NA,"blue",NA,NA,NA,NA,NA,NA,NA,NA
"1357",2021-07-27,"WL3","3","4","V",NA,NA,"<1","1.2",1,"0.2",NA,NA,NA,NA,NA,2021,NA,"KT",2021-11-09,NA,NA,NA,NA,NA,NA,NA,"blue",NA,NA,NA,NA,"N",NA,NA,0.5
"1358",2021-07-27,"WL3","3","4","V",NA,NA,"<1","1.7",1,"0.3",NA,NA,NA,NA,NA,2021,NA,"KT",2021-11-09,NA,NA,NA,NA,NA,NA,NA,"blue",NA,NA,NA,NA,"N",NA,NA,0.5
"1359",2021-07-27,"WL3","3","4","V",NA,NA,"<1","1.6",1,"0.4",NA,NA,NA,NA,NA,2021,NA,"KT",2021-11-09,NA,NA,NA,NA,NA,NA,NA,"blue",NA,NA,NA,NA,"Y",NA,NA,0.5
"1360",2021-07-27,"WL3","3","4","V",NA,NA,"<1","1.7",1,"0.4",NA,NA,NA,NA,NA,2021,NA,"KT",2021-11-09,NA,NA,NA,NA,NA,NA,NA,"blue",NA,NA,NA,NA,"N",NA,NA,0.5
"1361",2021-07-27,"WL3","3","4","V",NA,NA,"<1","1.7",1,"0.3",NA,NA,NA,NA,NA,2021,NA,"KT",2021-11-09,NA,NA,NA,NA,NA,NA,NA,"blue",NA,NA,NA,NA,"Y",NA,NA,0.5
"1362",2021-07-27,"WL3","3","4","V",NA,NA,"<1","1.3",1,"0.4",NA,NA,NA,NA,NA,2021,NA,"KT",2021-11-09,NA,NA,NA,NA,NA,NA,NA,"blue",NA,NA,NA,NA,"Y",NA,NA,0.5
"1363",2021-07-27,"WL3","3","4","V",NA,NA,"<1","1.7",1,"0.6",NA,NA,NA,NA,NA,2021,NA,"KT",2021-11-09,NA,NA,NA,NA,NA,NA,NA,"blue",NA,NA,NA,NA,"N",NA,NA,0.5
"1364",2021-07-27,"WL3","3","4","V",NA,NA,"<1","1.8",1,"0.4",NA,NA,NA,NA,NA,2021,NA,"KT",2021-11-09,NA,NA,NA,NA,NA,NA,NA,"blue",NA,NA,NA,NA,"Y",NA,NA,0.5
"1365",2021-07-27,"WL3","3","4","V",NA,NA,"<1","0.9",1,"0.3",NA,NA,NA,NA,NA,2021,NA,"KT",2021-11-09,NA,NA,NA,NA,NA,NA,NA,"blue",NA,NA,NA,NA,"N",NA,NA,0.5
"1366",2021-07-27,"WL3","3","4","V",NA,NA,"<1","1.5",1,"0.3",NA,NA,NA,NA,NA,2021,NA,"KT",2021-11-09,NA,NA,NA,NA,NA,NA,NA,"yellow",NA,NA,NA,NA,"N",NA,NA,0.5
"1367",2021-07-27,"WL3","3","4","V",NA,NA,"<1","1.5",1,"0.4",NA,NA,NA,NA,NA,2021,NA,"KT",2021-11-09,NA,NA,NA,NA,NA,NA,NA,"red",NA,NA,NA,NA,"Y",NA,NA,0.5
"1368",2021-07-27,"WL3","3","4.5","X",NA,NA,NA,NA,NA,NA,NA,NA,NA,NA,NA,2021,NA,"KT",2021-11-09,NA,NA,NA,NA,NA,NA,NA,"blue",NA,NA,NA,NA,NA,NA,NA,NA
"1369",2021-07-27,"WL3","3","4.5","V",NA,NA,"<1","1.4",1,"0.2",NA,NA,NA,NA,"dying",2021,NA,"KT",2021-11-09,NA,NA,NA,NA,NA,NA,NA,"blue",NA,NA,NA,NA,"N",NA,NA,0.5
"1370",2021-07-27,"WL3","3","4.5","V",NA,NA,"<1","0.8",1,"0.3",NA,NA,NA,NA,NA,2021,NA,"KT",2021-11-09,NA,NA,NA,NA,NA,NA,NA,"blue",NA,NA,NA,NA,"Y",NA,NA,0.5
"1371",2021-07-27,"WL3","3","5","V",NA,NA,"<1","1.6",1,"0.7",NA,NA,NA,NA,NA,2021,NA,"KT",2021-11-09,NA,NA,NA,NA,NA,NA,NA,"blue",NA,NA,NA,NA,"Y",NA,NA,0.5
"1372",2021-07-27,"WL3","3","5","X",NA,NA,NA,NA,NA,NA,NA,NA,NA,NA,NA,2021,NA,"KT",2021-11-09,NA,NA,NA,NA,NA,NA,NA,"blue",NA,NA,NA,NA,NA,NA,NA,NA
"1373",2021-07-27,"WL3","3","5","V",NA,NA,"<1","1.8",1,"0.3",NA,NA,NA,NA,NA,2021,NA,"KT",2021-11-09,NA,NA,NA,NA,NA,NA,NA,"blue",NA,NA,NA,NA,"N",NA,NA,0.5
"1374",2021-07-27,"WL3","3","5","V",NA,NA,"<1","2.7",1,"0.7",NA,NA,NA,NA,NA,2021,NA,"KT",2021-11-09,NA,NA,NA,NA,NA,NA,NA,"blue",NA,NA,NA,NA,"Y",NA,NA,0.5
"1375",2021-07-27,"WL3","3","6","V",NA,NA,"<1","0.7",1,"0.2",NA,NA,NA,NA,NA,2021,NA,"KT",2021-11-09,NA,NA,NA,NA,NA,NA,NA,"blue",NA,NA,NA,NA,"N",NA,NA,0.5
"1376",2021-07-27,"WL3","3","6","V",NA,NA,"<1","0.6",1,"0.2",NA,NA,NA,NA,NA,2021,NA,"KT",2021-11-09,NA,NA,NA,NA,NA,NA,NA,"blue",NA,NA,NA,NA,"N",NA,NA,0.5
"1377",2021-07-27,"WL3","3","6","V",NA,NA,"<1","1.0",1,"0.3",NA,NA,NA,NA,NA,2021,NA,"KT",2021-11-09,NA,NA,NA,NA,NA,NA,NA,"blue",NA,NA,NA,NA,"Y",NA,NA,0.5
"1378",2021-07-27,"WL3","3","6","V",NA,NA,"<1","1.1",1,"0.4",NA,NA,NA,NA,NA,2021,NA,"KT",2021-11-09,NA,NA,NA,NA,NA,NA,NA,"blue",NA,NA,NA,NA,"N",NA,NA,0.5
"1379",2021-07-27,"WL3","3","6","V",NA,NA,"<1","0.6",1,"0.4",NA,NA,NA,NA,NA,2021,NA,"KT",2021-11-09,NA,NA,NA,NA,NA,NA,NA,"blue",NA,NA,NA,NA,"N",NA,NA,0.5
"1380",2021-07-27,"WL3","3","6","V",NA,NA,"<1","0.9",1,"0.6",NA,NA,NA,NA,NA,2021,NA,"KT",2021-11-09,NA,NA,NA,NA,NA,NA,NA,"blue",NA,NA,NA,NA,"N",NA,NA,0.5
"1381",2021-07-27,"WL3","3","6","V",NA,NA,"<1","0.9",1,"0.3",NA,NA,NA,NA,NA,2021,NA,"KT",2021-11-09,NA,NA,NA,NA,NA,NA,NA,"blue",NA,NA,NA,NA,"N",NA,NA,0.5
"1382",2021-07-27,"WL3","3","6","V",NA,NA,"<1","1.5",1,"0.3",NA,NA,NA,NA,NA,2021,NA,"KT",2021-11-09,NA,NA,NA,NA,NA,NA,NA,"blue",NA,NA,NA,NA,"N",NA,NA,0.5
"1383",2021-07-27,"WL3","3","6","V",NA,NA,"<1","1.7",1,"0.4",NA,NA,NA,NA,NA,2021,NA,"KT",2021-11-09,NA,NA,NA,NA,NA,NA,NA,"blue",NA,NA,NA,NA,"N",NA,NA,0.5
"1384",2021-07-27,"WL3","3","6","V",NA,NA,"<1","1.3",1,"0.3",NA,NA,NA,NA,NA,2021,NA,"KT",2021-11-09,NA,NA,NA,NA,NA,NA,NA,"blue",NA,NA,NA,NA,"N",NA,NA,0.5
"1385",2021-07-27,"WL3","3","6","V",NA,NA,"<1","1.2",1,"0.4",NA,NA,NA,NA,NA,2021,NA,"KT",2021-11-09,NA,NA,NA,NA,NA,NA,NA,"blue",NA,NA,NA,NA,"N",NA,NA,0.5
"1386",2021-07-27,"WL3","3","6","V",NA,NA,"<1","1.5",1,"0.4",NA,NA,NA,NA,NA,2021,NA,"KT",2021-11-09,NA,NA,NA,NA,NA,NA,NA,"blue",NA,NA,NA,NA,"N",NA,NA,0.5
"1387",2021-07-27,"WL3","3","6","V",NA,NA,"<1","0.8",1,"0.4",NA,NA,NA,NA,NA,2021,NA,"KT",2021-11-09,NA,NA,NA,NA,NA,NA,NA,"blue",NA,NA,NA,NA,"N",NA,NA,0.5
"1388",2021-07-27,"WL3","3","6","V",NA,NA,"<1","0.4",1,"0.2",NA,NA,NA,NA,NA,2021,NA,"KT",2021-11-09,NA,NA,NA,NA,NA,NA,NA,"blue",NA,NA,NA,NA,"N",NA,NA,0.5
"1389",2021-07-27,"WL3","3","6","V",NA,NA,"<1","0.4",1,"0.2",NA,NA,NA,NA,NA,2021,NA,"KT",2021-11-09,NA,NA,NA,NA,NA,NA,NA,"blue",NA,NA,NA,NA,"N",NA,NA,0.5
"1390",2021-07-27,"WL3","3","6","V",NA,NA,"<1","0.6",1,"0.2",NA,NA,NA,NA,NA,2021,NA,"KT",2021-11-09,NA,NA,NA,NA,NA,NA,NA,"red",NA,NA,NA,NA,"N",NA,NA,0.5
"1391",2021-07-27,"WL3","3","6.5","V",NA,NA,"<1","1.0",1,"0.5",NA,NA,NA,NA,NA,2021,NA,"KT",2021-11-09,NA,NA,NA,NA,NA,NA,NA,"blue",NA,NA,NA,NA,"Y",NA,NA,0.5
"1392",2021-07-27,"WL3","3","6.5","V",NA,NA,"<1","0.4",1,"0.2",NA,NA,NA,NA,NA,2021,NA,"KT",2021-11-09,NA,NA,NA,NA,NA,NA,NA,"blue",NA,NA,NA,NA,"N",NA,NA,0.5
"1393",2021-07-27,"WL3","3","6.5","V",NA,NA,"<1","1.1",1,"0.5",NA,NA,NA,NA,NA,2021,NA,"KT",2021-11-09,NA,NA,NA,NA,NA,NA,NA,"blue",NA,NA,NA,NA,"N",NA,NA,0.5
"1394",2021-07-27,"WL3","3","6.5","V",NA,NA,"<1","1.0",1,"0.3",NA,NA,NA,NA,NA,2021,NA,"KT",2021-11-09,NA,NA,NA,NA,NA,NA,NA,"blue",NA,NA,NA,NA,"N",NA,NA,0.5
"1395",2021-07-27,"WL3","3","6.5","V",NA,NA,"<1","0.8",1,"0.4",NA,NA,NA,NA,NA,2021,NA,"KT",2021-11-09,NA,NA,NA,NA,NA,NA,NA,"blue",NA,NA,NA,NA,"N",NA,NA,0.5
"1396",2021-07-27,"WL3","3","6.5","V",NA,NA,"<1","1.3",1,"0.7",NA,NA,NA,NA,NA,2021,NA,"KT",2021-11-09,NA,NA,NA,NA,NA,NA,NA,"blue",NA,NA,NA,NA,"Y",NA,NA,0.5
"1397",2021-07-27,"WL3","3","6.5","V",NA,NA,"<1","1.4",1,"0.3",NA,NA,NA,NA,"dying",2021,NA,"KT",2021-11-09,NA,NA,NA,NA,NA,NA,NA,"blue",NA,NA,NA,NA,"N",NA,NA,0.5
"1398",2021-07-27,"WL3","3","6.5","V",NA,NA,"<1","0.6",1,"0.4",NA,NA,NA,NA,NA,2021,NA,"KT",2021-11-09,NA,NA,NA,NA,NA,NA,NA,"blue",NA,NA,NA,NA,"N",NA,NA,0.5
"1399",2021-07-27,"WL3","3","6.5","V",NA,NA,"<1","0.9",1,"0.5",NA,NA,NA,NA,NA,2021,NA,"KT",2021-11-09,NA,NA,NA,NA,NA,NA,NA,"blue",NA,NA,NA,NA,"N",NA,NA,0.5
"1400",2021-07-27,"WL3","3","6.5","V",NA,NA,"<1","1.2",1,"0.6",NA,NA,NA,NA,NA,2021,NA,"KT",2021-11-09,NA,NA,NA,NA,NA,NA,NA,"blue",NA,NA,NA,NA,"N",NA,NA,0.5
"1401",2021-07-27,"WL3","3","6.5","V",NA,NA,"<1","1.0",1,"0.5",NA,NA,NA,NA,NA,2021,NA,"KT",2021-11-09,NA,NA,NA,NA,NA,NA,NA,"blue",NA,NA,NA,NA,"N",NA,NA,0.5
"1402",2021-07-27,"WL3","3","6.5","V",NA,NA,"<1","0.5",1,"0.3",NA,NA,NA,NA,NA,2021,NA,"KT",2021-11-09,NA,NA,NA,NA,NA,NA,NA,"blue",NA,NA,NA,NA,"Y",NA,NA,0.5
"1403",2021-07-27,"WL3","3","6.5","V",NA,NA,"<1","1.0",1,"0.5",NA,NA,NA,NA,NA,2021,NA,"KT",2021-11-09,NA,NA,NA,NA,NA,NA,NA,"blue",NA,NA,NA,NA,"Y",NA,NA,0.5
"1404",2021-07-27,"WL3","3","6.5","V",NA,NA,"<1","0.8",1,"0.4",NA,NA,NA,NA,NA,2021,NA,"KT",2021-11-09,NA,NA,NA,NA,NA,NA,NA,"blue",NA,NA,NA,NA,"N",NA,NA,0.5
"1405",2021-07-27,"WL3","3","6.5","V",NA,NA,"<1","0.5",1,"0.3",NA,NA,NA,NA,NA,2021,NA,"KT",2021-11-09,NA,NA,NA,NA,NA,NA,NA,"blue",NA,NA,NA,NA,"N",NA,NA,0.5
"1406",2021-07-27,"WL3","3","6.5","V",NA,NA,"<1","2.0",1,"0.4",NA,NA,NA,NA,NA,2021,NA,"KT",2021-11-09,NA,NA,NA,NA,NA,NA,NA,"blue",NA,NA,NA,NA,"N",NA,NA,0.5
"1407",2021-07-27,"WL3","3","6.5","V",NA,NA,"<1","1.0",1,"0.5",NA,NA,NA,NA,NA,2021,NA,"KT",2021-11-09,NA,NA,NA,NA,NA,NA,NA,"blue",NA,NA,NA,NA,"N",NA,NA,0.5
"1408",2021-07-27,"WL3","3","6.5","X",NA,NA,NA,NA,NA,NA,NA,NA,NA,NA,NA,2021,NA,"KT",2021-11-09,NA,NA,NA,NA,NA,NA,NA,"yellow",NA,NA,NA,NA,NA,NA,NA,NA
"1409",2021-07-27,"WL3","3","6.5","X",20,49,NA,NA,NA,NA,NA,NA,NA,NA,NA,2021,NA,"KT",2021-11-09,NA,NA,NA,NA,NA,"red",57,NA,NA,NA,NA,NA,NA,NA,NA,NA
"1410",2021-07-27,"WL3","3","7.5","V",NA,NA,"<1","0.9",1,"0.3",NA,NA,NA,NA,NA,2021,NA,"KT",2021-11-09,NA,NA,NA,NA,NA,NA,NA,"blue",NA,NA,NA,NA,"N",NA,NA,0.5
"1411",2021-07-27,"WL3","3","8","V",NA,NA,"<1","1.4",1,"0.5",NA,NA,NA,NA,NA,2021,NA,"KT",2021-11-09,NA,NA,NA,NA,NA,NA,NA,"blue",NA,NA,NA,NA,"N",NA,NA,0.5
"1412",2021-07-27,"WL3","3","8","V",NA,NA,"<1","1.2",1,"0.4",NA,NA,NA,NA,NA,2021,NA,"KT",2021-11-09,NA,NA,NA,NA,NA,NA,NA,"blue",NA,NA,NA,NA,"N",NA,NA,0.5
"1413",2021-07-27,"WL3","3","8","V",NA,NA,"<1","1.4",1,"0.3",NA,NA,NA,NA,NA,2021,NA,"KT",2021-11-09,NA,NA,NA,NA,NA,NA,NA,"blue",NA,NA,NA,NA,"N",NA,NA,0.5
"1414",2021-07-27,"WL3","3","8","V",NA,NA,"<1","1.4",1,"0.3",NA,NA,NA,NA,"crispy",2021,NA,"KT",2021-11-09,NA,NA,NA,NA,NA,NA,NA,"blue",NA,NA,NA,NA,"N",NA,NA,0.5
"1415",2021-07-27,"WL3","3","8","V",NA,NA,"<1","1.0",1,"0.4",NA,NA,NA,NA,NA,2021,NA,"KT",2021-11-09,NA,NA,NA,NA,NA,NA,NA,"blue",NA,NA,NA,NA,"Y",NA,NA,0.5
"1416",2021-07-27,"WL3","3","8.5","V",NA,NA,"<1","1.9",1,"0.8",NA,NA,NA,NA,NA,2021,NA,"KT",2021-11-09,NA,NA,NA,NA,NA,NA,NA,"blue",NA,NA,NA,NA,"Y",NA,NA,0.5
"1417",2021-07-27,"WL3","3","6","V",NA,NA,"<1","0.8",1,"0.3",NA,NA,NA,NA,NA,2021,NA,"KT",2021-11-09,NA,NA,NA,NA,NA,NA,NA,NA,NA,NA,NA,NA,"N",NA,NA,0.5
"1418",2021-07-27,"WL3","3","6.5","V",NA,NA,"<1","0.9",1,"0.5",NA,NA,NA,NA,NA,2021,NA,"KT",2021-11-09,NA,NA,NA,NA,NA,NA,NA,NA,NA,NA,NA,NA,"N",NA,NA,0.5
"1419",2021-07-27,"WL3","3","6.5","V",NA,NA,"<1","0.4",1,"0.3",NA,NA,NA,NA,NA,2021,NA,"KT",2021-11-09,NA,NA,NA,NA,NA,NA,NA,NA,NA,NA,NA,NA,"N",NA,NA,0.5
"1420",2021-07-27,"WL3","3","6.5","V",NA,NA,"<1","0.6",1,"0.5",NA,NA,NA,NA,NA,2021,NA,"KT",2021-11-09,NA,NA,NA,NA,NA,NA,NA,NA,NA,NA,NA,NA,"N",NA,NA,0.5
"1421",2021-07-27,"WL3","4","2","V",NA,NA,"<1","0.7",1,"0.4",NA,NA,NA,NA,NA,2021,NA,"KT",2021-11-09,NA,NA,NA,NA,NA,NA,NA,"blue",NA,NA,NA,NA,"N",NA,NA,0.5
"1422",2021-07-27,"WL3","4","3.5","V",NA,NA,"<1","0.8",1,"0.4",NA,NA,NA,NA,NA,2021,NA,"KT",2021-11-09,NA,NA,NA,NA,NA,NA,NA,"blue",NA,NA,NA,NA,"Y",NA,NA,0.5
"1423",2021-07-27,"WL3","4","4.5","V",NA,NA,"<1","1.0",1,"0.5",NA,NA,NA,NA,NA,2021,NA,"KT",2021-11-09,NA,NA,NA,NA,NA,NA,NA,"blue",NA,NA,NA,NA,"N",NA,NA,0.5
"1424",2021-07-27,"WL3","4","4.5","V",NA,NA,"<1","0.9",1,"0.5",NA,NA,NA,NA,NA,2021,NA,"KT",2021-11-09,NA,NA,NA,NA,NA,NA,NA,"blue",NA,NA,NA,NA,"N",NA,NA,0.5
"1425",2021-07-27,"WL3","4","4.5","V",NA,NA,"<1","1.0",1,"0.4",NA,NA,NA,NA,NA,2021,NA,"KT",2021-11-09,NA,NA,NA,NA,NA,NA,NA,"yellow",NA,NA,NA,NA,"N",NA,NA,0.5
"1426",2021-07-27,"WL3","4","5","V",NA,NA,"<1","2.3",1,"0.6",NA,NA,NA,NA,NA,2021,NA,"KT",2021-11-09,NA,NA,NA,NA,NA,NA,NA,"blue",NA,NA,NA,NA,"N",NA,NA,0.5
"1427",2021-07-27,"WL3","4","5","V",NA,NA,"<1","2.8",1,"0.7",NA,NA,NA,NA,NA,2021,NA,"KT",2021-11-09,NA,NA,NA,NA,NA,NA,NA,"blue",NA,NA,NA,NA,"Y",NA,NA,0.5
"1428",2021-07-27,"WL3","4","5","V",NA,NA,"<1","1.2",1,"0.4",NA,NA,NA,NA,NA,2021,NA,"KT",2021-11-09,NA,NA,NA,NA,NA,NA,NA,"yellow",NA,NA,NA,NA,"Y",NA,NA,0.5
"1429",2021-07-27,"WL3","4","5","V",NA,NA,"<1","0.8",1,"0.4",NA,NA,NA,NA,NA,2021,NA,"KT",2021-11-09,NA,NA,NA,NA,NA,NA,NA,"yellow",NA,NA,NA,NA,"Y",NA,NA,0.5
"1430",2021-07-27,"WL3","4","5","V",NA,NA,"<1","1.2",1,"0.3",NA,NA,NA,NA,NA,2021,NA,"KT",2021-11-09,NA,NA,NA,NA,NA,NA,NA,"yellow",NA,NA,NA,NA,"Y",NA,NA,0.5
"1431",2021-07-27,"WL3","4","5","X",NA,NA,NA,NA,NA,NA,NA,NA,NA,NA,NA,2021,NA,"KT",2021-11-09,NA,NA,NA,NA,NA,NA,NA,"yellow",NA,NA,NA,NA,NA,NA,NA,NA
"1432",2021-07-27,"WL3","4","5","V",NA,NA,"<1","0.8",1,"0.3",NA,NA,NA,NA,NA,2021,NA,"KT",2021-11-09,NA,NA,NA,NA,NA,NA,NA,"yellow",NA,NA,NA,NA,"N",NA,NA,0.5
"1433",2021-07-27,"WL3","4","5","V",NA,NA,"<1","0.7",1,"0.4",NA,NA,NA,NA,NA,2021,NA,"KT",2021-11-09,NA,NA,NA,NA,NA,NA,NA,"red",NA,NA,NA,NA,"N",NA,NA,0.5
"1434",2021-07-27,"WL3","4","5.5","V",NA,NA,"<1","2.2",1,"0.4",NA,NA,NA,NA,NA,2021,NA,"KT",2021-11-09,NA,NA,NA,NA,NA,NA,NA,"blue",NA,NA,NA,NA,"N",NA,NA,0.5
"1435",2021-07-27,"WL3","4","5.5","V",3,39,"1.08","3.1",1,"1.1",NA,NA,NA,NA,NA,2021,NA,"KT",2021-11-09,NA,NA,NA,NA,NA,"purple",834,"blue",NA,NA,NA,NA,"Y",NA,NA,1.08
"1436",2021-07-27,"WL3","4","5.5","V",NA,NA,"<1","0.6",1,"0.2",NA,NA,NA,NA,NA,2021,NA,"KT",2021-11-09,NA,NA,NA,NA,NA,NA,NA,"yellow",NA,NA,NA,NA,"Y",NA,NA,0.5
"1437",2021-07-27,"WL3","4","5.5","V",NA,NA,"<1","0.8",1,"0.4",NA,NA,NA,NA,NA,2021,NA,"KT",2021-11-09,NA,NA,NA,NA,NA,NA,NA,"yellow",NA,NA,NA,NA,"N",NA,NA,0.5
"1438",2021-07-27,"WL3","4","5.5","V",NA,NA,"<1","1.9",1,"0.6",NA,NA,NA,NA,NA,2021,NA,"KT",2021-11-09,NA,NA,NA,NA,NA,NA,NA,"yellow",NA,NA,NA,NA,"N",NA,NA,0.5
"1439",2021-07-27,"WL3","4","5.5","V",NA,NA,"<1","1.5",1,"0.5",NA,NA,NA,NA,NA,2021,NA,"KT",2021-11-09,NA,NA,NA,NA,NA,NA,NA,"yellow",NA,NA,NA,NA,"N",NA,NA,0.5
"1440",2021-07-27,"WL3","4","5.5","V",30,40,"1.09","3.1",1,"1.0",NA,NA,NA,NA,NA,2021,NA,"KT",2021-11-09,NA,NA,NA,NA,NA,"orange",49,NA,NA,NA,NA,NA,"Y",NA,NA,1.09
"1441",2021-07-27,"WL3","4","5.5","X",4,30,NA,NA,NA,NA,NA,NA,NA,NA,NA,2021,NA,"KT",2021-11-09,NA,NA,NA,NA,NA,"red",42,NA,NA,NA,NA,NA,NA,NA,NA,NA
"1442",2021-07-27,"WL3","4","7","V",NA,NA,"<1","0.9",1,"0.5",NA,NA,NA,NA,NA,2021,NA,"KT",2021-11-09,NA,NA,NA,NA,NA,NA,NA,"blue",NA,NA,NA,NA,"N",NA,NA,0.5
"1443",2021-07-27,"WL3","4","7.5","V",NA,NA,"<1","2.0",1,"0.6",NA,NA,NA,NA,NA,2021,NA,"KT",2021-11-09,NA,NA,NA,NA,NA,NA,NA,"blue",NA,NA,NA,NA,"Y",NA,NA,0.5
"1444",2021-07-27,"WL3","4","7.5","P",1,37,"0.98","12.5",1,NA,"0.0","5.0",3.1,1,NA,2021,NA,"KT",2021-11-09,NA,NA,NA,NA,NA,"orange",58,NA,"green",NA,NA,NA,"N",NA,NA,0.5
"1445",2021-07-27,"WL3","4","7.5","V",1,41,"0.74","2.5",1,"0.9",NA,NA,NA,NA,NA,2021,NA,"KT",2021-11-09,NA,NA,NA,NA,NA,"orange",43,NA,NA,NA,NA,NA,"N",NA,NA,0.5
"1446",2021-07-27,"WL3","4","8","V",6,17,"1.58","4.3",1,"1.1",NA,NA,NA,NA,NA,2021,NA,"KT",2021-11-09,NA,NA,NA,NA,NA,"orange",54,NA,NA,NA,NA,NA,"Y",NA,NA,1.58
"1447",2021-07-27,"WL3","4","8","X",NA,NA,NA,NA,NA,NA,NA,NA,NA,NA,NA,2021,NA,"KT",2021-11-09,NA,NA,NA,NA,NA,"orange",30,NA,NA,NA,NA,NA,NA,NA,NA,NA
"1448",2021-07-27,"WL3","4","8","X",NA,NA,NA,NA,NA,NA,NA,NA,NA,NA,NA,2021,NA,"KT",2021-11-09,NA,NA,NA,NA,NA,"orange",88,NA,NA,NA,NA,NA,NA,NA,NA,NA
"1449",2021-07-27,"WL3","4","8","V",26,29,"1.06","3.0",1,"1.7",NA,NA,NA,NA,NA,2021,NA,"KT",2021-11-09,NA,NA,NA,NA,NA,"orange",97,NA,NA,NA,NA,NA,"Y",NA,NA,1.06
"1450",2021-07-27,"WL3","4","8.5","V",NA,NA,"<1","0.9",1,"0.6",NA,NA,NA,NA,NA,2021,NA,"KT",2021-11-09,NA,NA,NA,NA,NA,NA,NA,"blue",NA,NA,NA,NA,"Y",NA,NA,0.5
"1451",2022-07-27,"WL3","1","0","X",NA,NA,NA,NA,NA,NA,NA,NA,NA,NA,NA,2022,NA,"YHW",2022-08-30,NA,NA,NA,NA,NA,NA,NA,"blue",NA,NA,NA,NA,NA,NA,NA,NA
"1452",2022-07-27,"WL3","1","0","V",NA,NA,"0.32","0.5",1,"0.2",NA,NA,NA,NA,NA,2022,NA,"YHW",2022-08-30,NA,NA,NA,NA,NA,NA,NA,"red",NA,NA,NA,NA,"N",NA,NA,0.5
"1453",2022-07-27,"WL3","1","0","V",NA,NA,"0.37","1.8",1,"0.3",NA,NA,NA,NA,NA,2022,NA,"YHW",2022-08-30,NA,NA,NA,NA,NA,NA,NA,"red",NA,NA,NA,NA,"N",NA,NA,0.5
"1454",2022-07-27,"WL3","1","0","V",NA,NA,"0.29","0.7",1,"0.2",NA,NA,NA,NA,NA,2022,NA,"YHW",2022-08-30,NA,NA,NA,NA,NA,NA,NA,"red",NA,NA,NA,NA,"N",NA,NA,0.5
"1455",2022-07-27,"WL3","1","0","V",NA,NA,"0.43","1.0",1,"0.2",NA,NA,NA,NA,NA,2022,NA,"YHW",2022-08-30,NA,NA,NA,NA,NA,NA,NA,"red",NA,NA,NA,NA,"N",NA,NA,0.5
"1456",2022-07-27,"WL3","1","0","V",NA,NA,"0.31","0.6",1,"0.2",NA,NA,NA,NA,NA,2022,NA,"YHW",2022-08-30,NA,NA,NA,NA,NA,NA,NA,"red",NA,NA,NA,NA,"N",NA,NA,0.5
"1457",2022-07-27,"WL3","1","0","V",NA,NA,"0.48","0.6",1,"0.2",NA,NA,NA,NA,NA,2022,NA,"YHW",2022-08-30,NA,NA,NA,NA,NA,NA,NA,"red",NA,NA,NA,NA,"Y",NA,NA,0.5
"1458",2022-07-27,"WL3","1","0.5","V",42,8,"1.62","2.1",1,"1.5",NA,NA,NA,NA,NA,2022,NA,"YHW",2022-08-30,NA,NA,NA,NA,NA,"white",44,"red",NA,NA,NA,NA,"N",NA,NA,1.62
"1459",2022-07-27,"WL3","1","0.5","V",22,30,"0.61","2.0",1,"0.4",NA,NA,NA,NA,NA,2022,NA,"YHW",2022-08-30,NA,NA,NA,NA,NA,"white",26,"red",NA,NA,NA,NA,"N",NA,NA,0.5
"1460",2022-07-27,"WL3","1","0.5","X",NA,NA,NA,NA,NA,NA,NA,NA,NA,NA,NA,2022,NA,"YHW",2022-08-30,NA,NA,NA,NA,NA,NA,NA,"red",NA,NA,NA,NA,NA,NA,NA,NA
"1461",2022-07-27,"WL3","1","0.5","V",NA,NA,"0.38","0.7",1,"0.2",NA,NA,NA,NA,NA,2022,NA,"YHW",2022-08-30,NA,NA,NA,NA,NA,NA,NA,"red",NA,NA,NA,NA,"Y",NA,NA,0.5
"1462",2022-07-27,"WL3","1","0.5","V",NA,NA,"0.19","1.4",1,"0.3",NA,NA,NA,NA,NA,2022,NA,"YHW",2022-08-30,NA,NA,NA,NA,NA,NA,NA,"red",NA,NA,NA,NA,"Y",NA,NA,0.5
"1463",2022-07-27,"WL3","1","0.5","X",NA,NA,NA,NA,NA,NA,NA,NA,NA,NA,NA,2022,NA,"YHW",2022-08-30,NA,NA,NA,NA,NA,NA,NA,"red",NA,NA,NA,NA,NA,NA,NA,NA
"1464",2022-07-27,"WL3","1","1","V",NA,NA,"0.48","1.5",1,"0.6",NA,NA,NA,NA,NA,2022,NA,"YHW",2022-08-30,NA,NA,NA,NA,NA,NA,NA,"red",NA,NA,NA,NA,"Y",NA,NA,0.5
"1465",2022-07-27,"WL3","1","1","V",48,5,"0.82","2.2",1,"1.3",NA,NA,NA,NA,NA,2022,NA,"YHW",2022-08-30,NA,NA,NA,NA,NA,"white",39,"red",NA,NA,NA,NA,"N",NA,NA,0.5
"1466",2022-07-27,"WL3","1","1","V",20,10,"0.72","1.9",1,"0.9",NA,NA,NA,NA,NA,2022,NA,"YHW",2022-08-30,NA,NA,NA,NA,NA,"white",31,"red",NA,NA,NA,NA,"N",NA,NA,0.5
"1467",2022-07-27,"WL3","1","1","V",5,37,"0.66","2.5",1,"0.7",NA,NA,NA,NA,NA,2022,NA,"YHW",2022-08-30,NA,NA,NA,NA,NA,"white",47,"red",NA,NA,NA,NA,"N",NA,NA,0.5
"1468",2022-07-27,"WL3","1","1","V",34,33,"0.66","2.3",1,"1.0",NA,NA,NA,NA,NA,2022,NA,"YHW",2022-08-30,NA,NA,NA,NA,NA,"white",7,"red",NA,NA,NA,NA,"N",NA,NA,0.5
"1469",2022-07-27,"WL3","1","1","V",38,39,"0.74","2.1",1,"0.9",NA,NA,NA,NA,NA,2022,NA,"YHW",2022-08-30,NA,NA,NA,NA,NA,"white",48,"red",NA,NA,NA,NA,"N",NA,NA,0.5
"1470",2022-07-27,"WL3","1","1","X",NA,NA,NA,NA,NA,NA,NA,NA,NA,NA,NA,2022,NA,"YHW",2022-08-30,NA,NA,NA,NA,NA,NA,NA,"red",NA,NA,NA,NA,NA,NA,NA,NA
"1471",2022-07-27,"WL3","1","1.5","V",NA,NA,"0.45","1.2",1,"0.8",NA,NA,NA,NA,NA,2022,NA,"YHW",2022-08-30,NA,NA,NA,NA,NA,NA,NA,"red",NA,NA,NA,NA,"N",NA,NA,0.5
"1472",2022-07-27,"WL3","1","1.5","V",45,22,"0.83","1.7",1,"0.7",NA,NA,NA,NA,NA,2022,NA,"YHW",2022-08-30,NA,NA,NA,NA,NA,"white",21,"red",NA,NA,NA,NA,"N",NA,NA,0.5
"1473",2022-07-27,"WL3","1","1.5","V",11,40,"0.55","2.1",1,"0.4",NA,NA,NA,NA,NA,2022,NA,"YHW",2022-08-30,NA,NA,NA,NA,NA,"white",29,"red",NA,NA,NA,NA,"N",NA,NA,0.5
"1474",2022-07-27,"WL3","1","2","P",25,40,"2.65","20.0",7,NA,"0.0","54.0",4.4,7,NA,2022,NA,"YHW",2022-08-30,NA,NA,NA,NA,NA,"blue",13,NA,"yellow",NA,NA,NA,"N",NA,NA,2.65
"1475",2022-07-27,"WL3","1","2","P",22,13,"3.63","24.0",11,NA,"21.0","108.0",4.7,11,NA,2022,NA,"YHW",2022-08-30,NA,NA,NA,NA,NA,"blue",56,NA,"orange",NA,NA,NA,"Y",NA,NA,3.63
"1476",2022-07-27,"WL3","1","2","X",NA,NA,NA,NA,NA,NA,NA,NA,NA,NA,NA,2022,NA,"YHW",2022-08-30,NA,NA,NA,NA,NA,NA,NA,"red",NA,NA,NA,NA,NA,NA,NA,NA
"1477",2022-07-27,"WL3","1","2","X",NA,NA,NA,NA,NA,NA,NA,NA,NA,NA,NA,2022,NA,"YHW",2022-08-30,NA,NA,NA,NA,NA,NA,NA,"red",NA,NA,NA,NA,NA,NA,NA,NA
"1478",2022-07-27,"WL3","1","2","X",NA,NA,NA,NA,NA,NA,NA,NA,NA,NA,NA,2022,NA,"YHW",2022-08-30,NA,NA,NA,NA,NA,NA,NA,"red",NA,NA,NA,NA,NA,NA,NA,NA
"1479",2022-07-27,"WL3","1","2","V",15,10,"0.94","2.4",1,"1.2",NA,NA,NA,NA,NA,2022,NA,"YHW",2022-08-30,NA,NA,NA,NA,NA,"white",9,"red",NA,NA,NA,NA,"N",NA,NA,0.5
"1480",2022-07-27,"WL3","1","2","V",11,28,"1.07","3.1",1,"1.8",NA,NA,NA,NA,NA,2022,NA,"YHW",2022-08-30,NA,NA,NA,NA,NA,"white",19,"red",NA,NA,NA,NA,"N",NA,NA,1.07
"1481",2022-07-27,"WL3","1","2","V",1,20,"1.25","2.5",1,"1.3",NA,NA,NA,NA,NA,2022,NA,"YHW",2022-08-30,NA,NA,NA,NA,NA,"white",35,"red",NA,NA,NA,NA,"N",NA,NA,1.25
"1482",2022-07-27,"WL3","1","2","V",0,27,"1.1","2.3",1,"0.8",NA,NA,NA,NA,NA,2022,NA,"YHW",2022-08-30,NA,NA,NA,NA,NA,"white",3,"red",NA,NA,NA,NA,"N",NA,NA,1.1
"1483",2022-07-27,"WL3","1","2","V",NA,NA,"0.48","1.6",1,"0.4",NA,NA,NA,NA,NA,2022,NA,"YHW",2022-08-30,NA,NA,NA,NA,NA,NA,NA,"red",NA,NA,NA,NA,"N",NA,NA,0.5
"1484",2022-07-27,"WL3","1","2","V",11,32,"0.65","2.0",1,"0.6",NA,NA,NA,NA,NA,2022,NA,"YHW",2022-08-30,NA,NA,NA,NA,NA,"white",42,"red",NA,NA,NA,NA,"N",NA,NA,0.5
"1485",2022-07-27,"WL3","1","2","V",19,30,"0.61","2.1",1,"0.5",NA,NA,NA,NA,NA,2022,NA,"YHW",2022-08-30,NA,NA,NA,NA,NA,"white",41,"red",NA,NA,NA,NA,"N",NA,NA,0.5
"1486",2022-07-27,"WL3","1","2","V",13,36,"0.75","3.5",1,"1.3",NA,NA,NA,NA,NA,2022,NA,"YHW",2022-08-30,NA,NA,NA,NA,NA,"white",22,"red",NA,NA,NA,NA,"N",NA,NA,0.5
"1487",2022-07-27,"WL3","1","2","V",NA,NA,"0.49","1.9",1,"0.5",NA,NA,NA,NA,NA,2022,NA,"YHW",2022-08-30,NA,NA,NA,NA,NA,NA,NA,"red",NA,NA,NA,NA,"N",NA,NA,0.5
"1488",2022-07-27,"WL3","1","3","V",38,30,"0.98","6.1",1,"2.4",NA,NA,NA,NA,NA,2022,NA,"YHW",2022-08-30,NA,NA,NA,NA,NA,"white",6,"red",NA,NA,NA,NA,"N",NA,NA,0.5
"1489",2022-07-27,"WL3","1","3.5","P",36,31,"5.0","29.0",5,NA,"2.0","115.0",56,5,NA,2022,NA,"YHW",2022-08-30,NA,NA,NA,NA,NA,"blue",60,NA,"yellow",NA,NA,NA,"N",NA,NA,5
"1490",2022-07-27,"WL3","1","3.5","V",10,18,"0.74","3.1",1,"2.0",NA,NA,NA,NA,NA,2022,NA,"YHW",2022-08-30,NA,NA,NA,NA,NA,"white",49,"red",NA,NA,NA,NA,"N",NA,NA,0.5
"1491",2022-07-27,"WL3","1","3.5","V",NA,NA,"0.46","2.5",1,"1.3",NA,NA,NA,NA,NA,2022,NA,"YHW",2022-08-30,NA,NA,NA,NA,NA,NA,NA,"red",NA,NA,NA,NA,"N",NA,NA,0.5
"1492",2022-07-27,"WL3","1","3.5","V",40,23,"0.72","1.9",1,"1.1",NA,NA,NA,NA,NA,2022,NA,"YHW",2022-08-30,NA,NA,NA,NA,NA,"white",28,"red",NA,NA,NA,NA,"N",NA,NA,0.5
"1493",2022-07-27,"WL3","1","4","P",34,11,"1.97","17.0",4,NA,"1.0","23.0",5.1,4,NA,2022,NA,"YHW",2022-08-30,NA,NA,NA,NA,NA,"blue",127,NA,"green",NA,NA,NA,"N",NA,NA,1.97
"1494",2022-07-27,"WL3","1","4","P",31,4,"1.72","13.0",4,NA,"1.0","19.0",4.8,4,NA,2022,NA,"YHW",2022-08-30,NA,NA,NA,NA,NA,"blue",756,NA,"yellow",NA,NA,NA,"N",NA,NA,1.72
"1495",2022-07-27,"WL3","1","4","V",NA,NA,"0.39","1.8",1,"0.4",NA,NA,NA,NA,NA,2022,NA,"YHW",2022-08-30,NA,NA,NA,NA,NA,NA,NA,"blue",NA,NA,NA,NA,"N",NA,NA,0.5
"1496",2022-07-27,"WL3","1","4","V",45,50,"1.05","1.7",1,"1.6",NA,NA,NA,NA,NA,2022,NA,"YHW",2022-08-30,NA,NA,NA,NA,NA,"white",24,"red",NA,NA,NA,NA,"N",NA,NA,1.05
"1497",2022-07-27,"WL3","1","4",NA,NA,NA,"0.46","1.8",1,"0.1",NA,NA,NA,NA,NA,2022,NA,"YHW",2022-08-30,NA,NA,NA,NA,NA,NA,NA,"red",NA,NA,NA,NA,"N",NA,NA,0.5
"1498",2022-07-27,"WL3","1","4.5","P",34,4,"1.18","9.1",2,NA,"2.0","20.0",3.5,2,NA,2022,NA,"YHW",2022-08-30,NA,NA,NA,NA,NA,"blue",59,NA,"yellow",NA,NA,NA,"N",NA,NA,1.18
"1499",2022-07-27,"WL3","1","4.5","V",8,27,"0.83","2.4",1,"1.1",NA,NA,NA,NA,NA,2022,NA,"YHW",2022-08-30,NA,NA,NA,NA,NA,"white",14,"red",NA,NA,NA,NA,"N",NA,NA,0.5
"1500",2022-07-27,"WL3","1","4.5","V",NA,NA,"0.45","1.8",1,"0.7",NA,NA,NA,NA,NA,2022,NA,"YHW",2022-08-30,NA,NA,NA,NA,NA,NA,NA,"red",NA,NA,NA,NA,"N",NA,NA,0.5
"1501",2022-07-27,"WL3","1","4.5","V",49,23,"0.75","2.1",1,"0.9",NA,NA,NA,NA,NA,2022,NA,"YHW",2022-08-30,NA,NA,NA,NA,NA,"white",46,"red",NA,NA,NA,NA,"N",NA,NA,0.5
"1502",2022-07-27,"WL3","1","4.5","V",NA,NA,"0.46","1.8",1,"0.6",NA,NA,NA,NA,NA,2022,NA,"YHW",2022-08-30,NA,NA,NA,NA,NA,NA,NA,"red",NA,NA,NA,NA,"N",NA,NA,0.5
"1503",2022-07-27,"WL3","1","4.5","V",20,50,"0.52","3.7",1,"0.8",NA,NA,NA,NA,NA,2022,NA,"YHW",2022-08-30,NA,NA,NA,NA,NA,"white",34,"red",NA,NA,NA,NA,"N",NA,NA,0.5
"1504",2022-07-27,"WL3","1","5","P",23,5,"3.23","18.5",7,NA,"1.0","82.0",5,7,NA,2022,NA,"YHW",2022-08-30,NA,NA,NA,NA,NA,"blue",129,NA,"yellow",NA,NA,NA,"N",NA,NA,3.23
"1505",2022-07-27,"WL3","1","5","X",NA,NA,NA,NA,NA,NA,NA,NA,NA,NA,NA,2022,NA,"YHW",2022-08-30,NA,NA,NA,NA,NA,NA,NA,"blue",NA,NA,NA,NA,NA,NA,NA,NA
"1506",2022-07-27,"WL3","1","5","V",13,31,"0.71","3.2",1,"1.0",NA,NA,NA,NA,NA,2022,NA,"YHW",2022-08-30,NA,NA,NA,NA,NA,"white",18,"red",NA,NA,NA,NA,"N",NA,NA,0.5
"1507",2022-07-27,"WL3","1","5","V",NA,NA,"0.26","0.9",1,"0.3",NA,NA,NA,NA,NA,2022,NA,"YHW",2022-08-30,NA,NA,NA,NA,NA,NA,NA,"red",NA,NA,NA,NA,"N",NA,NA,0.5
"1508",2022-07-27,"WL3","1","5.5","X",NA,NA,NA,NA,NA,NA,NA,NA,NA,NA,"could not find",2022,NA,"YHW",2022-08-30,NA,NA,NA,NA,NA,NA,NA,"red",NA,NA,NA,NA,NA,NA,NA,NA
"1509",2022-07-27,"WL3","1","6","V",NA,NA,"0.34","3.1",1,"0.8",NA,NA,NA,NA,NA,2022,NA,"YHW",2022-08-30,NA,NA,NA,NA,NA,NA,NA,"red",NA,NA,NA,NA,"N",NA,NA,0.5
"1510",2022-07-27,"WL3","1","6.5","V",47,5,"0.86","2.4",1,"-0.9",NA,NA,NA,NA,"added 7/27",2022,NA,"YHW",2022-08-30,NA,NA,NA,NA,NA,"white",38,"red",NA,NA,NA,NA,"N",NA,NA,0.5
"1511",2022-07-27,"WL3","1","5","V",NA,NA,"0.32","2.1",1,"0.7",NA,NA,NA,NA,NA,2022,NA,"YHW",2022-08-30,NA,NA,NA,NA,NA,NA,NA,"blue",NA,NA,NA,NA,"N",NA,NA,0.5
"1512",2022-07-27,"WL3","1","5","V",NA,NA,"0.42","2.0",1,"0.6",NA,NA,NA,NA,NA,2022,NA,"YHW",2022-08-30,NA,NA,NA,NA,NA,NA,NA,"blue",NA,NA,NA,NA,"N",NA,NA,0.5
"1513",2022-07-27,"WL3","1","7","V",NA,NA,"0.48","4.6",2,"1.3",NA,NA,NA,NA,NA,2022,NA,"YHW",2022-08-30,NA,NA,NA,NA,NA,NA,NA,"red",NA,NA,NA,NA,"N",NA,NA,0.5
"1514",2022-07-27,"WL3","1","8","V",NA,NA,"0.45","2.3",1,"0.5",NA,NA,NA,NA,NA,2022,NA,"YHW",2022-08-30,NA,NA,NA,NA,NA,NA,NA,"red",NA,NA,NA,NA,"N",NA,NA,0.5
"1515",2022-07-27,"WL3","1","8","V",NA,NA,"0.47","1.8",1,"0.4",NA,NA,NA,NA,NA,2022,NA,"YHW",2022-08-30,NA,NA,NA,NA,NA,NA,NA,"red",NA,NA,NA,NA,"N",NA,NA,0.5
"1516",2022-07-27,"WL3","1","8","V",NA,NA,"0.44","1.3",1,"0.6",NA,NA,NA,NA,NA,2022,NA,"YHW",2022-08-30,NA,NA,NA,NA,NA,NA,NA,"red",NA,NA,NA,NA,"Y",NA,NA,0.5
"1517",2022-07-27,"WL3","1","8","V",49,23,"0.5","2.4",1,"0.9",NA,NA,NA,NA,NA,2022,NA,"YHW",2022-08-30,NA,NA,NA,NA,NA,"white",8,"red",NA,NA,NA,NA,"Y",NA,NA,0.5
"1518",2022-07-27,"WL3","1","8","V",NA,NA,"0.33","1.1",1,"1.0",NA,NA,NA,NA,NA,2022,NA,"YHW",2022-08-30,NA,NA,NA,NA,NA,NA,NA,"red",NA,NA,NA,NA,"Y",NA,NA,0.5
"1519",2022-07-27,"WL3","1","8","V",NA,NA,"0.31","2.1",1,"1.1",NA,NA,NA,NA,NA,2022,NA,"YHW",2022-08-30,NA,NA,NA,NA,NA,NA,NA,"red",NA,NA,NA,NA,"Y",NA,NA,0.5
"1520",2022-07-27,"WL3","1","8.5","X",NA,NA,NA,NA,NA,NA,NA,NA,NA,NA,NA,2022,NA,"YHW",2022-08-30,NA,NA,NA,NA,NA,NA,NA,"red",NA,NA,NA,NA,"N",NA,NA,NA
"1521",2022-07-27,"WL3","1","8.5","X",NA,NA,NA,NA,NA,NA,NA,NA,NA,NA,NA,2022,NA,"YHW",2022-08-30,NA,NA,NA,NA,NA,NA,NA,"red",NA,NA,NA,NA,"N",NA,NA,NA
"1522",2022-07-27,"WL3","1","8.5","X",NA,NA,NA,NA,NA,NA,NA,NA,NA,NA,NA,2022,NA,"YHW",2022-08-30,NA,NA,NA,NA,NA,NA,NA,"red",NA,NA,NA,NA,"N",NA,NA,NA
"1523",2022-07-27,"WL3","1","8.5","X",NA,NA,NA,NA,NA,NA,NA,NA,NA,NA,NA,2022,NA,"YHW",2022-08-30,NA,NA,NA,NA,NA,NA,NA,"red",NA,NA,NA,NA,"N",NA,NA,NA
"1524",2022-07-27,"WL3","1","8.5","X",NA,NA,NA,NA,NA,NA,NA,NA,NA,NA,NA,2022,NA,"YHW",2022-08-30,NA,NA,NA,NA,NA,NA,NA,"red",NA,NA,NA,NA,"N",NA,NA,NA
"1525",2022-07-27,"WL3","1","8.5","V",5,8,"0.73","1.3",1,"0.7",NA,NA,NA,NA,NA,2022,NA,"YHW",2022-08-30,NA,NA,NA,NA,NA,"white",262,"red",NA,NA,NA,NA,"N",NA,NA,0.5
"1526",2022-07-27,"WL3","1","8.5","V",NA,NA,"0.38","2.1",1,"1.5",NA,NA,NA,NA,NA,2022,NA,"YHW",2022-08-30,NA,NA,NA,NA,NA,NA,NA,"red",NA,NA,NA,NA,"N",NA,NA,0.5
"1527",2022-07-27,"WL3","1","8.5","V",NA,NA,"0.33","2.1",1,"0.9",NA,NA,NA,NA,NA,2022,NA,"YHW",2022-08-30,NA,NA,NA,NA,NA,NA,NA,"red",NA,NA,NA,NA,"N",NA,NA,0.5
"1528",2022-07-27,"WL3","1","8.5","V",NA,NA,"0.4","3.1",1,"1.0",NA,NA,NA,NA,NA,2022,NA,"YHW",2022-08-30,NA,NA,NA,NA,NA,NA,NA,"red",NA,NA,NA,NA,"N",NA,NA,0.5
"1529",2022-07-27,"WL3","1","8.5","V",13,15,"0.58","3.6",2,"1.0",NA,NA,NA,NA,NA,2022,NA,"YHW",2022-08-30,NA,NA,NA,NA,NA,"white",234,"red",NA,NA,NA,NA,"N",NA,NA,0.5
"1530",2022-07-27,"WL3","1","8.5","V",NA,NA,"0.36","2.1",1,"1.1",NA,NA,NA,NA,NA,2022,NA,"YHW",2022-08-30,NA,NA,NA,NA,NA,NA,NA,"red",NA,NA,NA,NA,"N",NA,NA,0.5
"1531",2022-07-27,"WL3","1","8.5","V",16,18,"0.74","2.8",2,"1.6",NA,NA,NA,NA,NA,2022,NA,"YHW",2022-08-30,NA,NA,NA,NA,NA,"white",92,"red",NA,NA,NA,NA,"N",NA,NA,0.5
"1532",2022-07-27,"WL3","1","8.5","V",24,24,"0.73","1.5",1,"1.3",NA,NA,NA,NA,NA,2022,NA,"YHW",2022-08-30,NA,NA,NA,NA,NA,"white",101,"red",NA,NA,NA,NA,"N",NA,NA,0.5
"1533",2022-07-27,"WL3","1","8.5","V",41,29,"0.83","2.7",1,"1.0",NA,NA,NA,NA,NA,2022,NA,"YHW",2022-08-30,NA,NA,NA,NA,NA,"white",157,"red",NA,NA,NA,NA,"N",NA,NA,0.5
"1534",2022-07-27,"WL3","1","8.5","V",NA,NA,"0.45","2.2",1,"0.7",NA,NA,NA,NA,NA,2022,NA,"YHW",2022-08-30,NA,NA,NA,NA,NA,NA,NA,"red",NA,NA,NA,NA,"N",NA,NA,0.5
"1535",2022-07-27,"WL3","1","9","V",36,23,"0.8","2.0",1,"1.2",NA,NA,NA,NA,NA,2022,NA,"YHW",2022-08-30,NA,NA,NA,NA,NA,"white",123,"red",NA,NA,NA,NA,"Y",NA,NA,0.5
"1536",2022-07-27,"WL3","1","9","V",NA,NA,"0.32","2.1",1,"0.5",NA,NA,NA,NA,NA,2022,NA,"YHW",2022-08-30,NA,NA,NA,NA,NA,NA,NA,"red",NA,NA,NA,NA,"N",NA,NA,0.5
"1537",2022-07-27,"WL3","1","9","V",NA,NA,"0.28","2.7",1,"0.8",NA,NA,NA,NA,NA,2022,NA,"YHW",2022-08-30,NA,NA,NA,NA,NA,NA,NA,"red",NA,NA,NA,NA,"N",NA,NA,0.5
"1538",2022-07-27,"WL3","1","9","V",NA,NA,"0.3","3.1",1,"0.8",NA,NA,NA,NA,NA,2022,NA,"YHW",2022-08-30,NA,NA,NA,NA,NA,NA,NA,"red",NA,NA,NA,NA,"N",NA,NA,0.5
"1539",2022-07-27,"WL3","1","9","V",NA,NA,"0.32","3.1",1,"0.6",NA,NA,NA,NA,NA,2022,NA,"YHW",2022-08-30,NA,NA,NA,NA,NA,NA,NA,"red",NA,NA,NA,NA,"N",NA,NA,0.5
"1540",2022-07-27,"WL3","1","9","V",NA,NA,"0.41","2.1",1,"0.7",NA,NA,NA,NA,NA,2022,NA,"YHW",2022-08-30,NA,NA,NA,NA,NA,NA,NA,"red",NA,NA,NA,NA,"Y",NA,NA,0.5
"1541",2022-07-27,"WL3","1","9.5","P",19,50,"3.15","15.5",6,NA,"8.0","52.0",4.5,5,NA,2022,NA,"YHW",2022-08-30,NA,NA,NA,NA,NA,"blue",61,NA,"yellow",NA,NA,NA,"Y",NA,NA,3.15
"1542",2022-07-27,"WL3","1","9.5","V",45,15,"0.77","2.7",1,"1.3",NA,NA,NA,NA,NA,2022,NA,"YHW",2022-08-30,NA,NA,NA,NA,NA,"white",340,"red",NA,NA,NA,NA,"N",NA,NA,0.5
"1543",2022-07-27,"WL3","1","9.5","V",3,27,"0.51","1.7",1,"0.9",NA,NA,NA,NA,NA,2022,NA,"YHW",2022-08-30,NA,NA,NA,NA,NA,"white",347,"red",NA,NA,NA,NA,"N",NA,NA,0.5
"1544",2022-07-27,"WL3","1","9.5","V",NA,NA,"0.26","1.5",1,"0.4",NA,NA,NA,NA,NA,2022,NA,"YHW",2022-08-30,NA,NA,NA,NA,NA,NA,NA,"red",NA,NA,NA,NA,"N",NA,NA,0.5
"1545",2022-07-27,"WL3","2","0","V",NA,NA,"0.3","0.6",1,"0.2",NA,NA,NA,NA,NA,2022,NA,"YHW",2022-08-30,NA,NA,NA,NA,NA,NA,NA,"blue",NA,NA,NA,NA,"N",NA,NA,0.5
"1546",2022-07-27,"WL3","2","0","X",NA,NA,NA,NA,NA,NA,NA,NA,NA,NA,NA,2022,NA,"YHW",2022-08-30,NA,NA,NA,NA,NA,NA,NA,"red",NA,NA,NA,NA,NA,NA,NA,NA
"1547",2022-07-27,"WL3","2","0","X",NA,NA,NA,NA,NA,NA,NA,NA,NA,NA,NA,2022,NA,"YHW",2022-08-30,NA,NA,NA,NA,NA,NA,NA,"red",NA,NA,NA,NA,NA,NA,NA,NA
"1548",2022-07-27,"WL3","2","0","X",NA,NA,NA,NA,NA,NA,NA,NA,NA,NA,NA,2022,NA,"YHW",2022-08-30,NA,NA,NA,NA,NA,NA,NA,"red",NA,NA,NA,NA,NA,NA,NA,NA
"1549",2022-07-27,"WL3","2","0","X",NA,NA,NA,NA,NA,NA,NA,NA,NA,NA,NA,2022,NA,"YHW",2022-08-30,NA,NA,NA,NA,NA,NA,NA,"red",NA,NA,NA,NA,NA,NA,NA,NA
"1550",2022-07-27,"WL3","2","0","X",NA,NA,NA,NA,NA,NA,NA,NA,NA,NA,NA,2022,NA,"YHW",2022-08-30,NA,NA,NA,NA,NA,NA,NA,"red",NA,NA,NA,NA,NA,NA,NA,NA
"1551",2022-07-27,"WL3","2","0","X",NA,NA,NA,NA,NA,NA,NA,NA,NA,NA,NA,2022,NA,"YHW",2022-08-30,NA,NA,NA,NA,NA,NA,NA,"red",NA,NA,NA,NA,NA,NA,NA,NA
"1552",2022-07-27,"WL3","2","0","X",NA,NA,NA,NA,NA,NA,NA,NA,NA,NA,NA,2022,NA,"YHW",2022-08-30,NA,NA,NA,NA,NA,NA,NA,"red",NA,NA,NA,NA,NA,NA,NA,NA
"1553",2022-07-27,"WL3","2","0","X",NA,NA,NA,NA,NA,NA,NA,NA,NA,NA,NA,2022,NA,"YHW",2022-08-30,NA,NA,NA,NA,NA,NA,NA,"red",NA,NA,NA,NA,NA,NA,NA,NA
"1554",2022-07-27,"WL3","2","0","V",NA,NA,"0.45","1.0",1,"0.3",NA,NA,NA,NA,NA,2022,NA,"YHW",2022-08-30,NA,NA,NA,NA,NA,NA,NA,"red",NA,NA,NA,NA,"N",NA,NA,0.5
"1555",2022-07-27,"WL3","2","0","V",NA,NA,"0.25","1.4",1,"0.3",NA,NA,NA,NA,NA,2022,NA,"YHW",2022-08-30,NA,NA,NA,NA,NA,NA,NA,"red",NA,NA,NA,NA,"N",NA,NA,0.5
"1556",2022-07-27,"WL3","2","0","V",NA,NA,"0.48","1.5",1,"0.4",NA,NA,NA,NA,NA,2022,NA,"YHW",2022-08-30,NA,NA,NA,NA,NA,NA,NA,"red",NA,NA,NA,NA,"N",NA,NA,0.5
"1557",2022-07-27,"WL3","2","0","V",NA,NA,"0.32","0.6",1,"0.3",NA,NA,NA,NA,NA,2022,NA,"YHW",2022-08-30,NA,NA,NA,NA,NA,NA,NA,"red",NA,NA,NA,NA,"N",NA,NA,0.5
"1558",2022-07-27,"WL3","2","0","V",NA,NA,"0.18","0.4",1,"0.1",NA,NA,NA,NA,NA,2022,NA,"YHW",2022-08-30,NA,NA,NA,NA,NA,NA,NA,"red",NA,NA,NA,NA,"N",NA,NA,0.5
"1559",2022-07-27,"WL3","2","0","V",NA,NA,"0.46","1.2",1,"0.4",NA,NA,NA,NA,NA,2022,NA,"YHW",2022-08-30,NA,NA,NA,NA,NA,NA,NA,"red",NA,NA,NA,NA,"N",NA,NA,0.5
"1560",2022-07-27,"WL3","2","0","V",NA,NA,"0.39","0.9",1,"0.2",NA,NA,NA,NA,NA,2022,NA,"YHW",2022-08-30,NA,NA,NA,NA,NA,NA,NA,"red",NA,NA,NA,NA,"N",NA,NA,0.5
"1561",2022-07-27,"WL3","2","0","V",NA,NA,"0.41","1.2",1,"0.4",NA,NA,NA,NA,NA,2022,NA,"YHW",2022-08-30,NA,NA,NA,NA,NA,NA,NA,"red",NA,NA,NA,NA,"N",NA,NA,0.5
"1562",2022-07-27,"WL3","2","0","V",NA,NA,"0.43","1.2",1,"0.3",NA,NA,NA,NA,NA,2022,NA,"YHW",2022-08-30,NA,NA,NA,NA,NA,NA,NA,"red",NA,NA,NA,NA,"N",NA,NA,0.5
"1563",2022-07-27,"WL3","2","0","V",NA,NA,"0.35","1.1",1,"0.3",NA,NA,NA,NA,NA,2022,NA,"YHW",2022-08-30,NA,NA,NA,NA,NA,NA,NA,"red",NA,NA,NA,NA,"N",NA,NA,0.5
"1564",2022-07-27,"WL3","2","0","X",NA,NA,NA,NA,NA,NA,NA,NA,NA,NA,NA,2022,NA,"YHW",2022-08-30,NA,NA,NA,NA,NA,NA,NA,"red",NA,NA,NA,NA,NA,NA,NA,NA
"1565",2022-07-27,"WL3","2","0","V",NA,NA,"0.32","1.3",1,"0.3",NA,NA,NA,NA,NA,2022,NA,"YHW",2022-08-30,NA,NA,NA,NA,NA,NA,NA,"red",NA,NA,NA,NA,"N",NA,NA,0.5
"1566",2022-07-27,"WL3","2","0","V",NA,NA,"0.3","0.5",1,"0.1",NA,NA,NA,NA,NA,2022,NA,"YHW",2022-08-30,NA,NA,NA,NA,NA,NA,NA,"red",NA,NA,NA,NA,"N",NA,NA,0.5
"1567",2022-07-27,"WL3","2","0","V",NA,NA,"0.32","1.0",1,"0.2",NA,NA,NA,NA,NA,2022,NA,"YHW",2022-08-30,NA,NA,NA,NA,NA,NA,NA,"red",NA,NA,NA,NA,"N",NA,NA,0.5
"1568",2022-07-27,"WL3","2","0","V",NA,NA,"0.27","0.5",1,"0.3",NA,NA,NA,NA,NA,2022,NA,"YHW",2022-08-30,NA,NA,NA,NA,NA,NA,NA,"red",NA,NA,NA,NA,"N",NA,NA,0.5
"1569",2022-07-27,"WL3","2","0","V",NA,NA,"0.36","1.5",1,"0.3",NA,NA,NA,NA,NA,2022,NA,"YHW",2022-08-30,NA,NA,NA,NA,NA,NA,NA,"red",NA,NA,NA,NA,"N",NA,NA,0.5
"1570",2022-07-27,"WL3","2","0","V",NA,NA,"0.33","1.2",1,"0.2",NA,NA,NA,NA,NA,2022,NA,"YHW",2022-08-30,NA,NA,NA,NA,NA,NA,NA,"red",NA,NA,NA,NA,"N",NA,NA,0.5
"1571",2022-07-27,"WL3","2","0","V",NA,NA,"0.38","1.1",1,"0.2",NA,NA,NA,NA,NA,2022,NA,"YHW",2022-08-30,NA,NA,NA,NA,NA,NA,NA,"red",NA,NA,NA,NA,"Y",NA,NA,0.5
"1572",2022-07-27,"WL3","2","0","V",NA,NA,"0.24","1.1",1,"0.4",NA,NA,NA,NA,NA,2022,NA,"YHW",2022-08-30,NA,NA,NA,NA,NA,NA,NA,"red",NA,NA,NA,NA,"N",NA,NA,0.5
"1573",2022-07-27,"WL3","2","0","V",NA,NA,"0.36","1.2",1,"0.3",NA,NA,NA,NA,NA,2022,NA,"YHW",2022-08-30,NA,NA,NA,NA,NA,NA,NA,"red",NA,NA,NA,NA,"N",NA,NA,0.5
"1574",2022-07-27,"WL3","2","0","V",NA,NA,"0.41","1.9",1,"0.5",NA,NA,NA,NA,NA,2022,NA,"YHW",2022-08-30,NA,NA,NA,NA,NA,NA,NA,"red",NA,NA,NA,NA,"N",NA,NA,0.5
"1575",2022-07-27,"WL3","2","0","V",NA,NA,"0.27","1.1",1,"0.3",NA,NA,NA,NA,NA,2022,NA,"YHW",2022-08-30,NA,NA,NA,NA,NA,NA,NA,"red",NA,NA,NA,NA,"N",NA,NA,0.5
"1576",2022-07-27,"WL3","2","0","V",NA,NA,"0.34","1.4",1,"0.5",NA,NA,NA,NA,NA,2022,NA,"YHW",2022-08-30,NA,NA,NA,NA,NA,NA,NA,"red",NA,NA,NA,NA,"N",NA,NA,0.5
"1577",2022-07-27,"WL3","2","0","V",NA,NA,"0.25","1.7",1,"0.5",NA,NA,NA,NA,NA,2022,NA,"YHW",2022-08-30,NA,NA,NA,NA,NA,NA,NA,"red",NA,NA,NA,NA,"N",NA,NA,0.5
"1578",2022-07-27,"WL3","2","0","V",NA,NA,"0.33","0.7",1,"0.3",NA,NA,NA,NA,NA,2022,NA,"YHW",2022-08-30,NA,NA,NA,NA,NA,NA,NA,"red",NA,NA,NA,NA,"N",NA,NA,0.5
"1579",2022-07-27,"WL3","2","0","V",NA,NA,"0.41","1.0",1,"0.3",NA,NA,NA,NA,NA,2022,NA,"YHW",2022-08-30,NA,NA,NA,NA,NA,NA,NA,"red",NA,NA,NA,NA,"N",NA,NA,0.5
"1580",2022-07-27,"WL3","2","0","V",NA,NA,"0.48","1.4",1,"0.5",NA,NA,NA,NA,NA,2022,NA,"YHW",2022-08-30,NA,NA,NA,NA,NA,NA,NA,"red",NA,NA,NA,NA,"N",NA,NA,0.5
"1581",2022-07-27,"WL3","2","0","V",NA,NA,"0.39","1.5",1,"0.4",NA,NA,NA,NA,NA,2022,NA,"YHW",2022-08-30,NA,NA,NA,NA,NA,NA,NA,"red",NA,NA,NA,NA,"N",NA,NA,0.5
"1582",2022-07-27,"WL3","2","0","V",NA,NA,"0.47","2.2",1,"0.4",NA,NA,NA,NA,NA,2022,NA,"YHW",2022-08-30,NA,NA,NA,NA,NA,NA,NA,"red",NA,NA,NA,NA,"N",NA,NA,0.5
"1583",2022-07-27,"WL3","2","0","V",NA,NA,"0.32","1.4",1,"0.3",NA,NA,NA,NA,NA,2022,NA,"YHW",2022-08-30,NA,NA,NA,NA,NA,NA,NA,"red",NA,NA,NA,NA,"N",NA,NA,0.5
"1584",2022-07-27,"WL3","2","0","V",NA,NA,"0.32","1.1",1,"0.3",NA,NA,NA,NA,NA,2022,NA,"YHW",2022-08-30,NA,NA,NA,NA,NA,NA,NA,"red",NA,NA,NA,NA,"N",NA,NA,0.5
"1585",2022-07-27,"WL3","2","0","V",NA,NA,"0.2","0.7",1,"0.2",NA,NA,NA,NA,NA,2022,NA,"YHW",2022-08-30,NA,NA,NA,NA,NA,NA,NA,"red",NA,NA,NA,NA,"N",NA,NA,0.5
"1586",2022-07-27,"WL3","2","0","X",NA,NA,NA,NA,NA,NA,NA,NA,NA,NA,NA,2022,NA,"YHW",2022-08-30,NA,NA,NA,NA,NA,NA,NA,"red",NA,NA,NA,NA,NA,NA,NA,NA
"1587",2022-07-27,"WL3","2","0","X",NA,NA,NA,NA,NA,NA,NA,NA,NA,NA,NA,2022,NA,"YHW",2022-08-30,NA,NA,NA,NA,NA,NA,NA,"red",NA,NA,NA,NA,NA,NA,NA,NA
"1588",2022-07-27,"WL3","2","0","V",NA,NA,"0.23","0.6",1,"0.3",NA,NA,NA,NA,NA,2022,NA,"YHW",2022-08-30,NA,NA,NA,NA,NA,NA,NA,"red",NA,NA,NA,NA,"N",NA,NA,0.5
"1589",2022-07-27,"WL3","2","0","V",NA,NA,"0.43","1.0",1,"0.3",NA,NA,NA,NA,NA,2022,NA,"YHW",2022-08-30,NA,NA,NA,NA,NA,NA,NA,"red",NA,NA,NA,NA,"N",NA,NA,0.5
"1590",2022-07-27,"WL3","2","0","V",NA,NA,"0.44","2.1",1,"0.5",NA,NA,NA,NA,NA,2022,NA,"YHW",2022-08-30,NA,NA,NA,NA,NA,NA,NA,"red",NA,NA,NA,NA,"N",NA,NA,0.5
"1591",2022-07-27,"WL3","2","0","V",NA,NA,"0.38","1.7",1,"0.6",NA,NA,NA,NA,NA,2022,NA,"YHW",2022-08-30,NA,NA,NA,NA,NA,NA,NA,"red",NA,NA,NA,NA,"N",NA,NA,0.5
"1592",2022-07-27,"WL3","2","0","V",NA,NA,"0.39","0.6",1,"0.3",NA,NA,NA,NA,NA,2022,NA,"YHW",2022-08-30,NA,NA,NA,NA,NA,NA,NA,"red",NA,NA,NA,NA,"N",NA,NA,0.5
"1593",2022-07-27,"WL3","2","0","V",NA,NA,"0.46","2.7",1,"0.5",NA,NA,NA,NA,NA,2022,NA,"YHW",2022-08-30,NA,NA,NA,NA,NA,NA,NA,"red",NA,NA,NA,NA,"N",NA,NA,0.5
"1594",2022-07-27,"WL3","2","0.5","V",NA,NA,"0.44","1.0",1,"0.4",NA,NA,NA,NA,NA,2022,NA,"YHW",2022-08-30,NA,NA,NA,NA,NA,NA,NA,"blue",NA,NA,NA,NA,"N",NA,NA,0.5
"1595",2022-07-27,"WL3","2","0.5","X",NA,NA,NA,NA,NA,NA,NA,NA,NA,NA,NA,2022,NA,"YHW",2022-08-30,NA,NA,NA,NA,NA,NA,NA,"blue",NA,NA,NA,NA,NA,NA,NA,NA
"1596",2022-07-27,"WL3","2","0.5","V",NA,NA,"0.34","1.6",1,"0.3",NA,NA,NA,NA,NA,2022,NA,"YHW",2022-08-30,NA,NA,NA,NA,NA,NA,NA,"red",NA,NA,NA,NA,"N",NA,NA,0.5
"1597",2022-07-27,"WL3","2","0.5","V",14,8,"0.6","2.1",1,"0.6",NA,NA,NA,NA,NA,2022,NA,"YHW",2022-08-30,NA,NA,NA,NA,NA,"white",265,"red",NA,NA,NA,NA,"N",NA,NA,0.5
"1598",2022-07-27,"WL3","2","0.5","V",NA,NA,"0.38","1.2",1,"0.4",NA,NA,NA,NA,NA,2022,NA,"YHW",2022-08-30,NA,NA,NA,NA,NA,NA,NA,"red",NA,NA,NA,NA,"N",NA,NA,0.5
"1599",2022-07-27,"WL3","2","0.5","X",NA,NA,NA,NA,NA,NA,NA,NA,NA,NA,NA,2022,NA,"YHW",2022-08-30,NA,NA,NA,NA,NA,NA,NA,"red",NA,NA,NA,NA,NA,NA,NA,NA
"1600",2022-07-27,"WL3","2","0.5","X",NA,NA,NA,NA,NA,NA,NA,NA,NA,NA,NA,2022,NA,"YHW",2022-08-30,NA,NA,NA,NA,NA,NA,NA,"red",NA,NA,NA,NA,NA,NA,NA,NA
"1601",2022-07-27,"WL3","2","0.5","X",NA,NA,NA,NA,NA,NA,NA,NA,NA,NA,NA,2022,NA,"YHW",2022-08-30,NA,NA,NA,NA,NA,NA,NA,"red",NA,NA,NA,NA,NA,NA,NA,NA
"1602",2022-07-27,"WL3","2","0.5","V",NA,NA,"0.32","1.1",1,"0.3",NA,NA,NA,NA,NA,2022,NA,"YHW",2022-08-30,NA,NA,NA,NA,NA,NA,NA,"red",NA,NA,NA,NA,"N",NA,NA,0.5
"1603",2022-07-27,"WL3","2","0.5","V",NA,NA,"0.41","1.5",1,"0.4",NA,NA,NA,NA,NA,2022,NA,"YHW",2022-08-30,NA,NA,NA,NA,NA,NA,NA,"red",NA,NA,NA,NA,"N",NA,NA,0.5
"1604",2022-07-27,"WL3","2","0.5","V",23,33,"0.78","2.1",1,"0.7",NA,NA,NA,NA,NA,2022,NA,"YHW",2022-08-30,NA,NA,NA,NA,NA,"white",322,"red",NA,NA,NA,NA,"N",NA,NA,0.5
"1605",2022-07-27,"WL3","2","0.5","V",33,40,"1.08","2.3",1,"1.4",NA,NA,NA,NA,NA,2022,NA,"YHW",2022-08-30,NA,NA,NA,NA,NA,"white",240,"red",NA,NA,NA,NA,"Y",NA,NA,1.08
"1606",2022-07-27,"WL3","2","0.5","V",NA,NA,"0.41","1.4",1,"0.5",NA,NA,NA,NA,NA,2022,NA,"YHW",2022-08-30,NA,NA,NA,NA,NA,NA,NA,"red",NA,NA,NA,NA,"N",NA,NA,0.5
"1607",2022-07-27,"WL3","2","0.5","X",NA,NA,NA,NA,NA,NA,NA,NA,NA,NA,NA,2022,NA,"YHW",2022-08-30,NA,NA,NA,NA,NA,NA,NA,"red",NA,NA,NA,NA,NA,NA,NA,NA
"1608",2022-07-27,"WL3","2","0.5","V",45,47,"0.97","2.1",1,"1.4",NA,NA,NA,NA,NA,2022,NA,"YHW",2022-08-30,NA,NA,NA,NA,NA,"white",126,"red",NA,NA,NA,NA,"N",NA,NA,0.5
"1609",2022-07-27,"WL3","2","0.5","V",NA,NA,"0.48","2.6",1,"1.0",NA,NA,NA,NA,NA,2022,NA,"YHW",2022-08-30,NA,NA,NA,NA,NA,NA,NA,"red",NA,NA,NA,NA,"Y",NA,NA,0.5
"1610",2022-07-27,"WL3","2","0.5","X",NA,NA,NA,NA,NA,NA,NA,NA,NA,NA,NA,2022,NA,"YHW",2022-08-30,NA,NA,NA,NA,NA,NA,NA,"red",NA,NA,NA,NA,NA,NA,NA,NA
"1611",2022-07-27,"WL3","2","0.5","V",NA,NA,"0.44","1.6",1,"0.3",NA,NA,NA,NA,NA,2022,NA,"YHW",2022-08-30,NA,NA,NA,NA,NA,NA,NA,"red",NA,NA,NA,NA,"N",NA,NA,0.5
"1612",2022-07-27,"WL3","2","0.5","V",NA,NA,"0.48","1.7",1,"0.5",NA,NA,NA,NA,NA,2022,NA,"YHW",2022-08-30,NA,NA,NA,NA,NA,NA,NA,"red",NA,NA,NA,NA,"N",NA,NA,0.5
"1613",2022-07-27,"WL3","2","0.5","V",NA,NA,"0.32","1.2",1,"0.2",NA,NA,NA,NA,NA,2022,NA,"YHW",2022-08-30,NA,NA,NA,NA,NA,NA,NA,"red",NA,NA,NA,NA,"N",NA,NA,0.5
"1614",2022-07-27,"WL3","2","0.5","X",NA,NA,NA,NA,NA,NA,NA,NA,NA,NA,NA,2022,NA,"YHW",2022-08-30,NA,NA,NA,NA,NA,NA,NA,"red",NA,NA,NA,NA,NA,NA,NA,NA
"1615",2022-07-27,"WL3","2","0.5","V",NA,NA,"0.47","1.3",1,"0.4",NA,NA,NA,NA,NA,2022,NA,"YHW",2022-08-30,NA,NA,NA,NA,NA,NA,NA,"red",NA,NA,NA,NA,"N",NA,NA,0.5
"1616",2022-07-27,"WL3","2","0.5","V",NA,NA,"0.35","1.3",1,"0.3",NA,NA,NA,NA,NA,2022,NA,"YHW",2022-08-30,NA,NA,NA,NA,NA,NA,NA,"red",NA,NA,NA,NA,"N",NA,NA,0.5
"1617",2022-07-27,"WL3","2","1","X",NA,NA,NA,NA,NA,NA,NA,NA,NA,NA,NA,2022,NA,"YHW",2022-08-30,NA,NA,NA,NA,NA,NA,NA,"red",NA,NA,NA,NA,NA,NA,NA,NA
"1618",2022-07-27,"WL3","2","1","X",NA,NA,NA,NA,NA,NA,NA,NA,NA,NA,NA,2022,NA,"YHW",2022-08-30,NA,NA,NA,NA,NA,NA,NA,"red",NA,NA,NA,NA,NA,NA,NA,NA
"1619",2022-07-27,"WL3","2","1","X",NA,NA,NA,NA,NA,NA,NA,NA,NA,NA,NA,2022,NA,"YHW",2022-08-30,NA,NA,NA,NA,NA,NA,NA,"red",NA,NA,NA,NA,NA,NA,NA,NA
"1620",2022-07-27,"WL3","2","1","X",NA,NA,NA,NA,NA,NA,NA,NA,NA,NA,NA,2022,NA,"YHW",2022-08-30,NA,NA,NA,NA,NA,NA,NA,"red",NA,NA,NA,NA,NA,NA,NA,NA
"1621",2022-07-27,"WL3","2","1","X",NA,NA,NA,NA,NA,NA,NA,NA,NA,NA,NA,2022,NA,"YHW",2022-08-30,NA,NA,NA,NA,NA,NA,NA,"red",NA,NA,NA,NA,NA,NA,NA,NA
"1622",2022-07-27,"WL3","2","1","X",NA,NA,NA,NA,NA,NA,NA,NA,NA,NA,NA,2022,NA,"YHW",2022-08-30,NA,NA,NA,NA,NA,NA,NA,"red",NA,NA,NA,NA,NA,NA,NA,NA
"1623",2022-07-27,"WL3","2","1","X",NA,NA,NA,NA,NA,NA,NA,NA,NA,NA,NA,2022,NA,"YHW",2022-08-30,NA,NA,NA,NA,NA,NA,NA,"red",NA,NA,NA,NA,NA,NA,NA,NA
"1624",2022-07-27,"WL3","2","1","X",NA,NA,NA,NA,NA,NA,NA,NA,NA,NA,NA,2022,NA,"YHW",2022-08-30,NA,NA,NA,NA,NA,NA,NA,"red",NA,NA,NA,NA,NA,NA,NA,NA
"1625",2022-07-27,"WL3","2","1","X",NA,NA,NA,NA,NA,NA,NA,NA,NA,NA,NA,2022,NA,"YHW",2022-08-30,NA,NA,NA,NA,NA,NA,NA,"red",NA,NA,NA,NA,NA,NA,NA,NA
"1626",2022-07-27,"WL3","2","1","X",NA,NA,NA,NA,NA,NA,NA,NA,NA,NA,NA,2022,NA,"YHW",2022-08-30,NA,NA,NA,NA,NA,NA,NA,"red",NA,NA,NA,NA,NA,NA,NA,NA
"1627",2022-07-27,"WL3","2","1","V",5,1,"0.6","1.6",1,"0.6",NA,NA,NA,NA,NA,2022,NA,"YHW",2022-08-30,NA,NA,NA,NA,NA,"white",144,"red",NA,NA,NA,NA,"N",NA,NA,0.5
"1628",2022-07-27,"WL3","2","1","V",NA,NA,"0.43","1.6",1,"0.5",NA,NA,NA,NA,NA,2022,NA,"YHW",2022-08-30,NA,NA,NA,NA,NA,NA,NA,"red",NA,NA,NA,NA,"N",NA,NA,0.5
"1629",2022-07-27,"WL3","2","1","V",NA,NA,"0.19","1.0",1,"0.2",NA,NA,NA,NA,NA,2022,NA,"YHW",2022-08-30,NA,NA,NA,NA,NA,NA,NA,"red",NA,NA,NA,NA,"N",NA,NA,0.5
"1630",2022-07-27,"WL3","2","1","V",6,7,"0.91","1.9",1,"0.9",NA,NA,NA,NA,NA,2022,NA,"YHW",2022-08-30,NA,NA,NA,NA,NA,"white",342,"red",NA,NA,NA,NA,"N",NA,NA,0.5
"1631",2022-07-27,"WL3","2","1","V",NA,NA,"0.35","1.1",1,"0.5",NA,NA,NA,NA,NA,2022,NA,"YHW",2022-08-30,NA,NA,NA,NA,NA,NA,NA,"red",NA,NA,NA,NA,"N",NA,NA,0.5
"1632",2022-07-27,"WL3","2","1","V",NA,NA,"0.42","0.7",1,"0.4",NA,NA,NA,NA,NA,2022,NA,"YHW",2022-08-30,NA,NA,NA,NA,NA,NA,NA,"red",NA,NA,NA,NA,"N",NA,NA,0.5
"1633",2022-07-27,"WL3","2","1","V",NA,NA,"0.42","0.9",1,"0.7",NA,NA,NA,NA,NA,2022,NA,"YHW",2022-08-30,NA,NA,NA,NA,NA,NA,NA,"red",NA,NA,NA,NA,"N",NA,NA,0.5
"1634",2022-07-27,"WL3","2","1","V",22,11,"0.53","2.0",1,"0.6",NA,NA,NA,NA,NA,2022,NA,"YHW",2022-08-30,NA,NA,NA,NA,NA,"white",131,"red",NA,NA,NA,NA,"N",NA,NA,0.5
"1635",2022-07-27,"WL3","2","1","V",33,3,"0.8","1.6",1,"1.2",NA,NA,NA,NA,NA,2022,NA,"YHW",2022-08-30,NA,NA,NA,NA,NA,"white",91,"red",NA,NA,NA,NA,"N",NA,NA,0.5
"1636",2022-07-27,"WL3","2","1","V",21,12,"0.94","2.2",1,"0.7",NA,NA,NA,NA,NA,2022,NA,"YHW",2022-08-30,NA,NA,NA,NA,NA,"white",20,"red",NA,NA,NA,NA,"N",NA,NA,0.5
"1637",2022-07-27,"WL3","2","1","V",46,2,"0.86","1.5",1,"0.7",NA,NA,NA,NA,NA,2022,NA,"YHW",2022-08-30,NA,NA,NA,NA,NA,"white",45,"red",NA,NA,NA,NA,"N",NA,NA,0.5
"1638",2022-07-27,"WL3","2","1","V",28,11,"0.53","1.3",1,"0.4",NA,NA,NA,NA,NA,2022,NA,"YHW",2022-08-30,NA,NA,NA,NA,NA,"white",103,"red",NA,NA,NA,NA,"N",NA,NA,0.5
"1639",2022-07-27,"WL3","2","1","X",NA,NA,NA,NA,NA,NA,NA,NA,NA,NA,NA,2022,NA,"YHW",2022-08-30,NA,NA,NA,NA,NA,NA,NA,"red",NA,NA,NA,NA,NA,NA,NA,NA
"1640",2022-07-27,"WL3","2","1","V",16,19,"0.94","1.7",1,"0.8",NA,NA,NA,NA,NA,2022,NA,"YHW",2022-08-30,NA,NA,NA,NA,NA,"white",97,"red",NA,NA,NA,NA,"N",NA,NA,0.5
"1641",2022-07-27,"WL3","2","1","V",41,25,"0.87","1.7",1,"0.6",NA,NA,NA,NA,NA,2022,NA,"YHW",2022-08-30,NA,NA,NA,NA,NA,"white",100,"red",NA,NA,NA,NA,"N",NA,NA,0.5
"1642",2022-07-27,"WL3","2","1","V",10,50,"0.75","2.1",1,"0.7",NA,NA,NA,NA,NA,2022,NA,"YHW",2022-08-30,NA,NA,NA,NA,NA,"white",158,"red",NA,NA,NA,NA,"N",NA,NA,0.5
"1643",2022-07-27,"WL3","2","1","V",NA,NA,"0.54","1.1",1,"0.3",NA,NA,NA,NA,NA,2022,NA,"YHW",2022-08-30,NA,NA,NA,NA,NA,NA,NA,"red",NA,NA,NA,NA,"N",NA,NA,0.5
"1644",2022-07-27,"WL3","2","1","V",NA,NA,"0.89","3.1",1,"0.7",NA,NA,NA,NA,NA,2022,NA,"YHW",2022-08-30,NA,NA,NA,NA,NA,NA,NA,"red",NA,NA,NA,NA,"N",NA,NA,0.5
"1645",2022-07-27,"WL3","2","1","V",NA,NA,"0.31","1.1",1,"0.2",NA,NA,NA,NA,NA,2022,NA,"YHW",2022-08-30,NA,NA,NA,NA,NA,NA,NA,"red",NA,NA,NA,NA,"N",NA,NA,0.5
"1646",2022-07-27,"WL3","2","1","V",NA,NA,"0.3","1.0",1,"0.2",NA,NA,NA,NA,NA,2022,NA,"YHW",2022-08-30,NA,NA,NA,NA,NA,NA,NA,"red",NA,NA,NA,NA,"N",NA,NA,0.5
"1647",2022-07-27,"WL3","2","1","V",NA,NA,"0.67","1.1",1,"0.6",NA,NA,NA,NA,NA,2022,NA,"YHW",2022-08-30,NA,NA,NA,NA,NA,NA,NA,"red",NA,NA,NA,NA,"N",NA,NA,0.5
"1648",2022-07-27,"WL3","2","1","V",NA,NA,"0.59","1.6",1,"0.5",NA,NA,NA,NA,NA,2022,NA,"YHW",2022-08-30,NA,NA,NA,NA,NA,NA,NA,"red",NA,NA,NA,NA,"N",NA,NA,0.5
"1649",2022-07-27,"WL3","2","1","V",NA,NA,"0.53","1.4",1,"0.6",NA,NA,NA,NA,NA,2022,NA,"YHW",2022-08-30,NA,NA,NA,NA,NA,NA,NA,"red",NA,NA,NA,NA,"N",NA,NA,0.5
"1650",2022-07-27,"WL3","2","1","V",NA,NA,"0.51","1.5",1,"0.7",NA,NA,NA,NA,NA,2022,NA,"YHW",2022-08-30,NA,NA,NA,NA,NA,NA,NA,"red",NA,NA,NA,NA,"N",NA,NA,0.5
"1651",2022-07-27,"WL3","2","1","V",NA,NA,"0.33","1.0",1,"0.2",NA,NA,NA,NA,NA,2022,NA,"YHW",2022-08-30,NA,NA,NA,NA,NA,NA,NA,"red",NA,NA,NA,NA,"N",NA,NA,0.5
"1652",2022-07-27,"WL3","2","1","V",NA,NA,"0.42","1.2",1,"0.4",NA,NA,NA,NA,NA,2022,NA,"YHW",2022-08-30,NA,NA,NA,NA,NA,NA,NA,"red",NA,NA,NA,NA,"N",NA,NA,0.5
"1653",2022-07-27,"WL3","2","1","V",NA,NA,"0.41","0.8",1,"0.3",NA,NA,NA,NA,NA,2022,NA,"YHW",2022-08-30,NA,NA,NA,NA,NA,NA,NA,"red",NA,NA,NA,NA,"N",NA,NA,0.5
"1654",2022-07-27,"WL3","2","1","V",NA,NA,"0.71","1.5",1,"0.6",NA,NA,NA,NA,NA,2022,NA,"YHW",2022-08-30,NA,NA,NA,NA,NA,NA,NA,"red",NA,NA,NA,NA,"N",NA,NA,0.5
"1655",2022-07-27,"WL3","2","1","V",NA,NA,"0.43","1.6",1,"0.3",NA,NA,NA,NA,NA,2022,NA,"YHW",2022-08-30,NA,NA,NA,NA,NA,NA,NA,"red",NA,NA,NA,NA,"N",NA,NA,0.5
"1656",2022-07-27,"WL3","2","1","V",NA,NA,"0.6","1.9",1,"0.6",NA,NA,NA,NA,NA,2022,NA,"YHW",2022-08-30,NA,NA,NA,NA,NA,NA,NA,"red",NA,NA,NA,NA,"N",NA,NA,0.5
"1657",2022-07-27,"WL3","2","1","X",NA,NA,NA,NA,NA,NA,NA,NA,NA,NA,NA,2022,NA,"YHW",2022-08-30,NA,NA,NA,NA,NA,NA,NA,"red",NA,NA,NA,NA,NA,NA,NA,NA
"1658",2022-07-27,"WL3","2","1","V",NA,NA,"0.65","1.4",1,"0.5",NA,NA,NA,NA,NA,2022,NA,"YHW",2022-08-30,NA,NA,NA,NA,NA,NA,NA,"red",NA,NA,NA,NA,"N",NA,NA,0.5
"1659",2022-07-27,"WL3","2","1","V",NA,NA,"0.58","1.1",1,"0.5",NA,NA,NA,NA,NA,2022,NA,"YHW",2022-08-30,NA,NA,NA,NA,NA,NA,NA,"red",NA,NA,NA,NA,"N",NA,NA,0.5
"1660",2022-07-27,"WL3","2","1","V",NA,NA,"0.43","1.0",1,"0.4",NA,NA,NA,NA,NA,2022,NA,"YHW",2022-08-30,NA,NA,NA,NA,NA,NA,NA,"red",NA,NA,NA,NA,"N",NA,NA,0.5
"1661",2022-07-27,"WL3","2","1","V",NA,NA,"0.75","1.6",1,"0.6",NA,NA,NA,NA,NA,2022,NA,"YHW",2022-08-30,NA,NA,NA,NA,NA,NA,NA,"red",NA,NA,NA,NA,"N",NA,NA,0.5
"1662",2022-07-27,"WL3","2","1","V",NA,NA,"0.35","0.6",1,"0.3",NA,NA,NA,NA,NA,2022,NA,"YHW",2022-08-30,NA,NA,NA,NA,NA,NA,NA,"red",NA,NA,NA,NA,"N",NA,NA,0.5
"1663",2022-07-27,"WL3","2","1","V",NA,NA,"0.39","0.7",1,"0.7",NA,NA,NA,NA,NA,2022,NA,"YHW",2022-08-30,NA,NA,NA,NA,NA,NA,NA,"red",NA,NA,NA,NA,"N",NA,NA,0.5
"1664",2022-07-27,"WL3","2","1","X",NA,NA,NA,NA,NA,NA,NA,NA,NA,NA,NA,2022,NA,"YHW",2022-08-30,NA,NA,NA,NA,NA,NA,NA,"white",NA,NA,NA,NA,NA,NA,NA,NA
"1665",2022-07-27,"WL3","2","1","X",NA,NA,NA,NA,NA,NA,NA,NA,NA,NA,NA,2022,NA,"YHW",2022-08-30,NA,NA,NA,NA,NA,NA,NA,"white",NA,NA,NA,NA,NA,NA,NA,NA
"1666",2022-07-27,"WL3","2","1.5","P",20,30,"1.06","13.0",1,NA,"0.0","10.0",5.2,1,NA,2022,NA,"YHW",2022-08-30,NA,NA,NA,NA,NA,"blue",77,NA,"yellow",NA,NA,NA,"N",NA,NA,1.06
"1667",2022-07-27,"WL3","2","1.5","P",35,15,"1.6","10.3",3,NA,"0.0","15.0",3.4,3,NA,2022,NA,"YHW",2022-08-30,NA,NA,NA,NA,NA,"blue",89,NA,"yellow",NA,NA,NA,"Y",NA,NA,1.6
"1668",2022-07-27,"WL3","2","1.5","X",NA,NA,NA,NA,NA,NA,NA,NA,NA,NA,NA,2022,NA,"YHW",2022-08-30,NA,NA,NA,NA,NA,NA,NA,"red",NA,NA,NA,NA,NA,NA,NA,NA
"1669",2022-07-27,"WL3","2","1.5","X",NA,NA,NA,NA,NA,NA,NA,NA,NA,NA,NA,2022,NA,"YHW",2022-08-30,NA,NA,NA,NA,NA,NA,NA,"red",NA,NA,NA,NA,NA,NA,NA,NA
"1670",2022-07-27,"WL3","2","1.5","V",4,3,"0.8","3.0",3,"1.0",NA,NA,NA,NA,NA,2022,NA,"YHW",2022-08-30,NA,NA,NA,NA,NA,"white",103,"red",NA,NA,NA,NA,"N",NA,NA,0.5
"1671",2022-07-27,"WL3","2","1.5","V",19,7,"1.99","6.0",2,"1.4",NA,NA,NA,NA,NA,2022,NA,"YHW",2022-08-30,NA,NA,NA,NA,NA,"white",93,"red",NA,NA,NA,NA,"N",NA,NA,1.99
"1672",2022-07-27,"WL3","2","1.5","V",NA,NA,"0.21","0.9",1,"0.2",NA,NA,NA,NA,NA,2022,NA,"YHW",2022-08-30,NA,NA,NA,NA,NA,NA,NA,"red",NA,NA,NA,NA,"N",NA,NA,0.5
"1673",2022-07-27,"WL3","2","1.5","V",NA,NA,"0.27","1.2",1,"0.7",NA,NA,NA,NA,NA,2022,NA,"YHW",2022-08-30,NA,NA,NA,NA,NA,NA,NA,"red",NA,NA,NA,NA,"N",NA,NA,0.5
"1674",2022-07-27,"WL3","2","2","X",NA,NA,NA,NA,NA,NA,NA,NA,NA,NA,NA,2022,NA,"YHW",2022-08-30,NA,NA,NA,NA,NA,NA,NA,"blue",NA,NA,NA,NA,NA,NA,NA,NA
"1675",2022-07-27,"WL3","2","2","V",NA,NA,"0.34","1.2",1,"0.7",NA,NA,NA,NA,NA,2022,NA,"YHW",2022-08-30,NA,NA,NA,NA,NA,NA,NA,"red",NA,NA,NA,NA,"N",NA,NA,0.5
"1676",2022-07-27,"WL3","2","2","V",NA,NA,"0.25","1.0",1,"0.6",NA,NA,NA,NA,NA,2022,NA,"YHW",2022-08-30,NA,NA,NA,NA,NA,NA,NA,"red",NA,NA,NA,NA,"N",NA,NA,0.5
"1677",2022-07-27,"WL3","2","2","V",NA,NA,"0.36","1.3",1,"0.7",NA,NA,NA,NA,NA,2022,NA,"YHW",2022-08-30,NA,NA,NA,NA,NA,NA,NA,"red",NA,NA,NA,NA,"N",NA,NA,0.5
"1678",2022-07-27,"WL3","2","2","V",NA,NA,"0.42","1.2",1,"0.6",NA,NA,NA,NA,NA,2022,NA,"YHW",2022-08-30,NA,NA,NA,NA,NA,NA,NA,"red",NA,NA,NA,NA,"N",NA,NA,0.5
"1679",2022-07-27,"WL3","2","2","V",NA,NA,"0.35","2.1",1,"0.7",NA,NA,NA,NA,NA,2022,NA,"YHW",2022-08-30,NA,NA,NA,NA,NA,NA,NA,"red",NA,NA,NA,NA,"N",NA,NA,0.5
"1680",2022-07-27,"WL3","2","2","V",NA,NA,"0.2","1.1",1,"0.5",NA,NA,NA,NA,NA,2022,NA,"YHW",2022-08-30,NA,NA,NA,NA,NA,NA,NA,"red",NA,NA,NA,NA,"Y",NA,NA,0.5
"1681",2022-07-27,"WL3","2","2","X",NA,NA,NA,NA,NA,NA,NA,NA,NA,NA,"could not find",2022,NA,"YHW",2022-08-30,NA,NA,NA,NA,NA,NA,NA,"red",NA,NA,NA,NA,NA,NA,NA,NA
"1682",2022-07-27,"WL3","2","2.5","X",NA,NA,NA,NA,NA,NA,NA,NA,NA,NA,NA,2022,NA,"YHW",2022-08-30,NA,NA,NA,NA,NA,NA,NA,"red",NA,NA,NA,NA,NA,NA,NA,NA
"1683",2022-07-27,"WL3","2","2.5","X",NA,NA,NA,NA,NA,NA,NA,NA,NA,NA,NA,2022,NA,"YHW",2022-08-30,NA,NA,NA,NA,NA,NA,NA,"red",NA,NA,NA,NA,NA,NA,NA,NA
"1684",2022-07-27,"WL3","2","2.5","X",NA,NA,NA,NA,NA,NA,NA,NA,NA,NA,NA,2022,NA,"YHW",2022-08-30,NA,NA,NA,NA,NA,NA,NA,"red",NA,NA,NA,NA,NA,NA,NA,NA
"1685",2022-07-27,"WL3","2","2.5","X",NA,NA,NA,NA,NA,NA,NA,NA,NA,NA,NA,2022,NA,"YHW",2022-08-30,NA,NA,NA,NA,NA,NA,NA,"red",NA,NA,NA,NA,NA,NA,NA,NA
"1686",2022-07-27,"WL3","2","2.5","X",NA,NA,NA,NA,NA,NA,NA,NA,NA,NA,NA,2022,NA,"YHW",2022-08-30,NA,NA,NA,NA,NA,NA,NA,"red",NA,NA,NA,NA,NA,NA,NA,NA
"1687",2022-07-27,"WL3","2","2.5","V",NA,NA,"0.42","1.2",1,"0.9",NA,NA,NA,NA,NA,2022,NA,"YHW",2022-08-30,NA,NA,NA,NA,NA,NA,NA,"red",NA,NA,NA,NA,"N",NA,NA,0.5
"1688",2022-07-27,"WL3","2","2.5","V",NA,NA,"0.47","2.1",1,"0.8",NA,NA,NA,NA,NA,2022,NA,"YHW",2022-08-30,NA,NA,NA,NA,NA,NA,NA,"red",NA,NA,NA,NA,"N",NA,NA,0.5
"1689",2022-07-27,"WL3","2","2.5","V",NA,NA,"0.43","2.2",1,"0.9",NA,NA,NA,NA,NA,2022,NA,"YHW",2022-08-30,NA,NA,NA,NA,NA,NA,NA,"red",NA,NA,NA,NA,"N",NA,NA,0.5
"1690",2022-07-27,"WL3","2","2.5","V",NA,NA,"0.32","1.6",1,"0.5",NA,NA,NA,NA,NA,2022,NA,"YHW",2022-08-30,NA,NA,NA,NA,NA,NA,NA,"red",NA,NA,NA,NA,"N",NA,NA,0.5
"1691",2022-07-27,"WL3","2","2.5","V",NA,NA,"0.27","1.0",1,"0.3",NA,NA,NA,NA,NA,2022,NA,"YHW",2022-08-30,NA,NA,NA,NA,NA,NA,NA,"red",NA,NA,NA,NA,"N",NA,NA,0.5
"1692",2022-07-27,"WL3","2","1.5","P",24,19,"1.3","9.5",4,NA,"0.0","8.0",4.4,3,"repro plant with no band, added 7/27",2022,NA,"YHW",2022-08-30,NA,NA,NA,NA,NA,"white",36,NA,NA,NA,NA,NA,"N",NA,NA,1.3
"1693",2022-07-27,"WL3","2","3","V",NA,NA,"0.46","1.1",1,"1.0",NA,NA,NA,NA,NA,2022,NA,"YHW",2022-08-30,NA,NA,NA,NA,NA,NA,NA,"red",NA,NA,NA,NA,"N",NA,NA,0.5
"1694",2022-07-27,"WL3","2","3","V",NA,NA,"0.3","1.2",1,"0.6",NA,NA,NA,NA,NA,2022,NA,"YHW",2022-08-30,NA,NA,NA,NA,NA,NA,NA,"red",NA,NA,NA,NA,"N",NA,NA,0.5
"1695",2022-07-27,"WL3","2","4","V",NA,NA,"0.21","0.8",1,"0.3",NA,NA,NA,NA,NA,2022,NA,"YHW",2022-08-30,NA,NA,NA,NA,NA,NA,NA,"red",NA,NA,NA,NA,"N",NA,NA,0.5
"1696",2022-07-27,"WL3","2","4","V",NA,NA,"0.48","0.9",1,"0.6",NA,NA,NA,NA,NA,2022,NA,"YHW",2022-08-30,NA,NA,NA,NA,NA,NA,NA,"red",NA,NA,NA,NA,"N",NA,NA,0.5
"1697",2022-07-27,"WL3","2","4","V",NA,NA,"0.24","0.6",1,"0.2",NA,NA,NA,NA,NA,2022,NA,"YHW",2022-08-30,NA,NA,NA,NA,NA,NA,NA,"red",NA,NA,NA,NA,"N",NA,NA,0.5
"1698",2022-07-27,"WL3","2","4.5","P",NA,NA,"2.16","15.5",2,NA,NA,NA,NA,NA,NA,2022,NA,"YHW",2022-08-30,NA,NA,NA,NA,NA,"blue",35,NA,"yellow",NA,NA,NA,"N",NA,NA,2.16
"1699",2022-07-27,"WL3","2","4.5","P",NA,NA,"1.56","13.0",4,NA,NA,NA,NA,NA,NA,2022,NA,"YHW",2022-08-30,NA,NA,NA,NA,NA,"orange",75,NA,"yellow",NA,NA,NA,"N",NA,NA,1.56
"1700",2022-07-27,"WL3","2","4.5","X",NA,NA,NA,NA,NA,NA,NA,NA,NA,NA,NA,2022,NA,"YHW",2022-08-30,NA,NA,NA,NA,NA,NA,NA,"blue",NA,NA,NA,NA,NA,NA,NA,NA
"1701",2022-07-27,"WL3","2","4.5","X",NA,NA,NA,NA,NA,NA,NA,NA,NA,NA,NA,2022,NA,"YHW",2022-08-30,NA,NA,NA,NA,NA,NA,NA,"red",NA,NA,NA,NA,NA,NA,NA,NA
"1702",2022-07-27,"WL3","2","4.5","V",NA,NA,"0.21","1.7",1,"0.4",NA,NA,NA,NA,NA,2022,NA,"YHW",2022-08-30,NA,NA,NA,NA,NA,NA,NA,"red",NA,NA,NA,NA,"N",NA,NA,0.5
"1703",2022-07-27,"WL3","2","4.5","V",NA,NA,"0.3","1.0",1,"0.4",NA,NA,NA,NA,NA,2022,NA,"YHW",2022-08-30,NA,NA,NA,NA,NA,NA,NA,"red",NA,NA,NA,NA,"N",NA,NA,0.5
"1704",2022-07-27,"WL3","2","4.5","V",NA,NA,"0.27","1.6",1,"0.5",NA,NA,NA,NA,NA,2022,NA,"YHW",2022-08-30,NA,NA,NA,NA,NA,NA,NA,"red",NA,NA,NA,NA,"N",NA,NA,0.5
"1705",2022-07-27,"WL3","2","4.5","V",NA,NA,"0.33","1.4",1,"0.7",NA,NA,NA,NA,NA,2022,NA,"YHW",2022-08-30,NA,NA,NA,NA,NA,NA,NA,"red",NA,NA,NA,NA,"N",NA,NA,0.5
"1706",2022-07-27,"WL3","2","3","X",NA,NA,NA,NA,NA,NA,NA,NA,NA,NA,NA,2022,NA,"YHW",2022-08-30,NA,NA,NA,NA,NA,NA,NA,"red",NA,NA,NA,NA,NA,NA,NA,NA
"1707",2022-07-27,"WL3","3","0","P",46,50,"4.57","22.6",1,NA,"0.0","93.0",5.8,1,NA,2022,NA,"YHW",2022-08-30,NA,NA,NA,NA,NA,"blue",78,NA,"orange",NA,NA,NA,"Y",NA,NA,4.57
"1708",2022-07-27,"WL3","3","0","X",NA,NA,NA,NA,NA,NA,NA,NA,NA,NA,NA,2022,NA,"YHW",2022-08-30,NA,NA,NA,NA,NA,NA,NA,"blue",NA,NA,NA,NA,NA,NA,NA,NA
"1709",2022-07-27,"WL3","3","0","V",14,9,"0.55","3.2",1,"0.7",NA,NA,NA,NA,NA,2022,NA,"YHW",2022-08-30,NA,NA,NA,NA,NA,"white",5,"blue",NA,NA,NA,NA,"N",NA,NA,0.5
"1710",2022-07-27,"WL3","3","0","V",16,7,"0.76","3.2",2,"0.6",NA,NA,NA,NA,NA,2022,NA,"YHW",2022-08-30,NA,NA,NA,NA,NA,"white",32,"blue",NA,NA,NA,NA,"Y",NA,NA,0.5
"1711",2022-07-27,"WL3","3","0","V",43,42,"0.59","1.8",1,"0.8",NA,NA,NA,NA,NA,2022,NA,"YHW",2022-08-30,NA,NA,NA,NA,NA,"white",55,"red",NA,NA,NA,NA,"Y",NA,NA,0.5
"1712",2022-07-27,"WL3","3","0","V",47,36,"1.36","1.9",1,"1.3",NA,NA,NA,NA,NA,2022,NA,"YHW",2022-08-30,NA,NA,NA,NA,NA,"white",12,"red",NA,NA,NA,NA,"Y",NA,NA,1.36
"1713",2022-07-27,"WL3","3","0","V",44,34,"1.04","2.7",1,"1.6",NA,NA,NA,NA,NA,2022,NA,"YHW",2022-08-30,NA,NA,NA,NA,NA,"white",37,"red",NA,NA,NA,NA,"Y",NA,NA,1.04
"1714",2022-07-27,"WL3","3","0","V",10,48,"0.52","0.8",1,"0.3",NA,NA,NA,NA,NA,2022,NA,"YHW",2022-08-30,NA,NA,NA,NA,NA,"white",62,"red",NA,NA,NA,NA,"N",NA,NA,0.5
"1715",2022-07-27,"WL3","3","0","V",0,22,"0.51","2.9",1,"0.7",NA,NA,NA,NA,NA,2022,NA,"YHW",2022-08-30,NA,NA,NA,NA,NA,"white",67,"red",NA,NA,NA,NA,"Y",NA,NA,0.5
"1716",2022-07-27,"WL3","3","0","V",29,8,"0.93","2.6",1,"1.8",NA,NA,NA,NA,NA,2022,NA,"YHW",2022-08-30,NA,NA,NA,NA,NA,"white",54,"red",NA,NA,NA,NA,"N",NA,NA,0.5
"1717",2022-07-27,"WL3","3","0","V",27,9,"0.93","4.0",1,"1.3",NA,NA,NA,NA,NA,2022,NA,"YHW",2022-08-30,NA,NA,NA,NA,NA,"white",64,"red",NA,NA,NA,NA,"N",NA,NA,0.5
"1718",2022-07-27,"WL3","3","0","V",5,5,"1.12","4.7",1,"1.8",NA,NA,NA,NA,NA,2022,NA,"YHW",2022-08-30,NA,NA,NA,NA,NA,"white",82,"red",NA,NA,NA,NA,"Y",NA,NA,1.12
"1719",2022-07-27,"WL3","3","0","V",NA,NA,"0.66","2.5",1,"1.0",NA,NA,NA,NA,NA,2022,NA,"YHW",2022-08-30,NA,NA,NA,NA,NA,NA,NA,"red",NA,NA,NA,NA,"N",NA,NA,0.5
"1720",2022-07-27,"WL3","3","0","V",NA,NA,"1.06","4.8",1,"2.0",NA,NA,NA,NA,NA,2022,NA,"YHW",2022-08-30,NA,NA,NA,NA,NA,NA,NA,"red",NA,NA,NA,NA,"Y",NA,NA,1.06
"1721",2022-07-27,"WL3","3","0.5","V",34,5,"0.51","2.0",1,"0.6",NA,NA,NA,NA,NA,2022,NA,"YHW",2022-08-30,NA,NA,NA,NA,NA,"white",72,"blue",NA,NA,NA,NA,"Y",NA,NA,0.5
"1722",2022-07-27,"WL3","3","0.5","V",20,32,"1.15","3.5",1,"2.0",NA,NA,NA,NA,NA,2022,NA,"YHW",2022-08-30,NA,NA,NA,NA,NA,"white",70,"red",NA,NA,NA,NA,"Y",NA,NA,1.15
"1723",2022-07-27,"WL3","3","1","V",17,4,"0.82","2.6",1,"1.6",NA,NA,NA,NA,NA,2022,NA,"YHW",2022-08-30,NA,NA,NA,NA,NA,"white",74,"red",NA,NA,NA,NA,"N",NA,NA,0.5
"1724",2022-07-27,"WL3","3","1.5","V",NA,NA,"0.39","0.9",1,"0.3",NA,NA,NA,NA,NA,2022,NA,"YHW",2022-08-30,NA,NA,NA,NA,NA,NA,NA,"blue",NA,NA,NA,NA,"N",NA,NA,0.5
"1725",2022-07-27,"WL3","3","1.5","X",NA,NA,NA,NA,NA,NA,NA,NA,NA,NA,NA,2022,NA,"YHW",2022-08-30,NA,NA,NA,NA,NA,NA,NA,"red",NA,NA,NA,NA,NA,NA,NA,NA
"1726",2022-07-27,"WL3","3","1.5","V",43,2,"1.24","2.2",1,"1.9",NA,NA,NA,NA,NA,2022,NA,"YHW",2022-08-30,NA,NA,NA,NA,NA,"white",75,"red",NA,NA,NA,NA,"Y",NA,NA,1.24
"1727",2022-07-27,"WL3","3","1.5","V",NA,NA,"0.43","1.1",1,"0.4",NA,NA,NA,NA,NA,2022,NA,"YHW",2022-08-30,NA,NA,NA,NA,NA,NA,NA,"red",NA,NA,NA,NA,"N",NA,NA,0.5
"1728",2022-07-27,"WL3","3","1.5","V",23,5,"1.26","1.7",1,"1.7",NA,NA,NA,NA,NA,2022,NA,"YHW",2022-08-30,NA,NA,NA,NA,NA,"white",2,"red",NA,NA,NA,NA,"N",NA,NA,1.26
"1729",2022-07-27,"WL3","3","1.5","V",20,16,"0.52","1.8",1,"0.4",NA,NA,NA,NA,NA,2022,NA,"YHW",2022-08-30,NA,NA,NA,NA,NA,"white",23,"red",NA,NA,NA,NA,"Y",NA,NA,0.5
"1730",2022-07-27,"WL3","3","1.5","V",20,19,"0.87","4.3",1,"1.9",NA,NA,NA,NA,NA,2022,NA,"YHW",2022-08-30,NA,NA,NA,NA,NA,"white",50,"red",NA,NA,NA,NA,"N",NA,NA,0.5
"1731",2022-07-27,"WL3","3","1.5","V",41,34,"1.41","2.5",1,"1.7",NA,NA,NA,NA,NA,2022,NA,"YHW",2022-08-30,NA,NA,NA,NA,NA,"white",98,"red",NA,NA,NA,NA,"Y",NA,NA,1.41
"1732",2022-07-27,"WL3","3","1.5","V",9,25,"1.67","3.8",4,"2.1",NA,NA,NA,NA,NA,2022,NA,"YHW",2022-08-30,NA,NA,NA,NA,NA,"white",63,"red",NA,NA,NA,NA,"Y",NA,NA,1.67
"1733",2022-07-27,"WL3","3","1.5","V",0,33,"1.34","3.0",1,"1.7",NA,NA,NA,NA,NA,2022,NA,"YHW",2022-08-30,NA,NA,NA,NA,NA,"white",65,"red",NA,NA,NA,NA,"N",NA,NA,1.34
"1734",2022-07-27,"WL3","3","2","V",0,11,"0.58","1.8",1,"0.9",NA,NA,NA,NA,NA,2022,NA,"YHW",2022-08-30,NA,NA,NA,NA,NA,"white",68,"blue",NA,NA,NA,NA,"N",NA,NA,0.5
"1735",2022-07-27,"WL3","3","2","V",36,10,"1.39","3.1",1,"1.7",NA,NA,NA,NA,NA,2022,NA,"YHW",2022-08-30,NA,NA,NA,NA,NA,"white",56,"red",NA,NA,NA,NA,"N",NA,NA,1.39
"1736",2022-07-27,"WL3","3","2","V",32,36,"1.38","3.2",1,"3.1",NA,NA,NA,NA,NA,2022,NA,"YHW",2022-08-30,NA,NA,NA,NA,NA,"white",84,"red",NA,NA,NA,NA,"N",NA,NA,1.38
"1737",2022-07-27,"WL3","3","2.5","V",42,22,"0.76","3.0",1,"1.4",NA,NA,NA,NA,NA,2022,NA,"YHW",2022-08-30,NA,NA,NA,NA,NA,"white",53,"red",NA,NA,NA,NA,"Y",NA,NA,0.5
"1738",2022-07-27,"WL3","3","2.5","V",2,19,"1.02","2.4",1,"1.0",NA,NA,NA,NA,NA,2022,NA,"YHW",2022-08-30,NA,NA,NA,NA,NA,"white",87,"red",NA,NA,NA,NA,"Y",NA,NA,1.02
"1739",2022-07-27,"WL3","3","2.5","V",1,19,"1.24","2.5",1,"2.3",NA,NA,NA,NA,NA,2022,NA,"YHW",2022-08-30,NA,NA,NA,NA,NA,"white",58,"red",NA,NA,NA,NA,"Y",NA,NA,1.24
"1740",2022-07-27,"WL3","3","2","V",3,49,"1.31","3.5",1,"2.1",NA,NA,NA,NA,"found extra red",2022,NA,"YHW",2022-08-30,NA,NA,NA,NA,NA,"white",59,"red",NA,NA,NA,NA,"Y",NA,NA,1.31
"1741",2022-07-27,"WL3","3","3.5","P",49,22,"3.25","19.2",1,NA,"0.0","14.0",5.1,1,NA,2022,NA,"YHW",2022-08-30,NA,NA,NA,NA,NA,"blue",2,NA,"yellow",NA,NA,NA,"N",NA,NA,3.25
"1742",2022-07-27,"WL3","3","3.5","P",43,25,"2.27","11.7",5,NA,"1.0","7.0",5.3,1,NA,2022,NA,"YHW",2022-08-30,NA,NA,NA,NA,NA,"blue",47,NA,"blue",NA,NA,NA,"Y",NA,NA,2.27
"1743",2022-07-27,"WL3","3","3.5","P",12,34,"2.38","26.8",2,NA,"0.0","34.0",7.6,2,NA,2022,NA,"YHW",2022-08-30,NA,NA,NA,NA,NA,"blue",9,NA,"yellow",NA,NA,NA,"Y",NA,NA,2.38
"1744",2022-07-27,"WL3","3","3.5","P",35,42,"2.11","23.0",1,NA,"2.0","43.0",5.4,1,NA,2022,NA,"YHW",2022-08-30,NA,NA,NA,NA,NA,"blue",69,NA,"yellow",NA,NA,NA,"N",NA,NA,2.11
"1745",2022-07-27,"WL3","3","3.5","X",NA,NA,NA,NA,NA,NA,NA,NA,NA,NA,NA,2022,NA,"YHW",2022-08-30,NA,NA,NA,NA,NA,NA,NA,"blue",NA,NA,NA,NA,NA,NA,NA,NA
"1746",2022-07-27,"WL3","3","3.5","X",NA,NA,NA,NA,NA,NA,NA,NA,NA,NA,NA,2022,NA,"YHW",2022-08-30,NA,NA,NA,NA,NA,NA,NA,"red",NA,NA,NA,NA,NA,NA,NA,NA
"1747",2022-07-27,"WL3","3","3.5","X",NA,NA,NA,NA,NA,NA,NA,NA,NA,NA,NA,2022,NA,"YHW",2022-08-30,NA,NA,NA,NA,NA,NA,NA,"red",NA,NA,NA,NA,NA,NA,NA,NA
"1748",2022-07-27,"WL3","3","3.5","X",NA,NA,NA,NA,NA,NA,NA,NA,NA,NA,NA,2022,NA,"YHW",2022-08-30,NA,NA,NA,NA,NA,NA,NA,"red",NA,NA,NA,NA,NA,NA,NA,NA
"1749",2022-07-27,"WL3","3","3.5","X",NA,NA,NA,NA,NA,NA,NA,NA,NA,NA,NA,2022,NA,"YHW",2022-08-30,NA,NA,NA,NA,NA,NA,NA,"red",NA,NA,NA,NA,NA,NA,NA,NA
"1750",2022-07-27,"WL3","3","3.5","V",45,10,"0.59","2.4",1,"0.4",NA,NA,NA,NA,NA,2022,NA,"YHW",2022-08-30,NA,NA,NA,NA,NA,"white",1,"red",NA,NA,NA,NA,"N",NA,NA,0.5
"1751",2022-07-27,"WL3","3","3.5","V",46,12,"0.94","2.2",1,"0.9",NA,NA,NA,NA,NA,2022,NA,"YHW",2022-08-30,NA,NA,NA,NA,NA,"white",61,"red",NA,NA,NA,NA,"N",NA,NA,0.5
"1752",2022-07-27,"WL3","3","3.5","V",NA,NA,"0.45","1.5",1,"0.4",NA,NA,NA,NA,"dying",2022,NA,"YHW",2022-08-30,NA,NA,NA,NA,NA,NA,NA,"red",NA,NA,NA,NA,"Y",NA,NA,0.5
"1753",2022-07-27,"WL3","3","3.5","V",49,19,"0.58","1.7",1,"0.4",NA,NA,NA,NA,NA,2022,NA,"YHW",2022-08-30,NA,NA,NA,NA,NA,"white",79,"red",NA,NA,NA,NA,"N",NA,NA,0.5
"1754",2022-07-27,"WL3","3","3.5","V",NA,NA,"0.26","1.4",1,"0.2",NA,NA,NA,NA,NA,2022,NA,"YHW",2022-08-30,NA,NA,NA,NA,NA,NA,NA,"red",NA,NA,NA,NA,"N",NA,NA,0.5
"1755",2022-07-27,"WL3","3","3.5","V",NA,NA,"0.37","1.8",1,"0.3",NA,NA,NA,NA,"dying",2022,NA,"YHW",2022-08-30,NA,NA,NA,NA,NA,NA,NA,"red",NA,NA,NA,NA,"N",NA,NA,0.5
"1756",2022-07-27,"WL3","3","3.5","V",48,22,"0.69","3.1",1,"0.6",NA,NA,NA,NA,NA,2022,NA,"YHW",2022-08-30,NA,NA,NA,NA,NA,"white",51,"red",NA,NA,NA,NA,"N",NA,NA,0.5
"1757",2022-07-27,"WL3","3","3.5","V",49,23,"1.18","2.8",1,"1.1",NA,NA,NA,NA,NA,2022,NA,"YHW",2022-08-30,NA,NA,NA,NA,NA,"white",83,"red",NA,NA,NA,NA,"N",NA,NA,1.18
"1758",2022-07-27,"WL3","3","3.5","V",NA,NA,"0.29","2.0",1,"0.2",NA,NA,NA,NA,NA,2022,NA,"YHW",2022-08-30,NA,NA,NA,NA,NA,NA,NA,"red",NA,NA,NA,NA,"N",NA,NA,0.5
"1759",2022-07-27,"WL3","3","3.5","V",35,21,"0.56","1.8",1,"0.7",NA,NA,NA,NA,NA,2022,NA,"YHW",2022-08-30,NA,NA,NA,NA,NA,"white",71,"red",NA,NA,NA,NA,"N",NA,NA,0.5
"1760",2022-07-27,"WL3","3","3.5","V",NA,NA,"0.21","1.3",1,"0.3",NA,NA,NA,NA,NA,2022,NA,"YHW",2022-08-30,NA,NA,NA,NA,NA,NA,NA,"red",NA,NA,NA,NA,"N",NA,NA,0.5
"1761",2022-07-27,"WL3","3","3.5","V",21,25,"0.58","1.7",1,"0.7",NA,NA,NA,NA,NA,2022,NA,"YHW",2022-08-30,NA,NA,NA,NA,NA,"white",57,"red",NA,NA,NA,NA,"N",NA,NA,0.5
"1762",2022-07-27,"WL3","3","3.5","V",20,23,"0.59","1.7",1,"0.7",NA,NA,NA,NA,NA,2022,NA,"YHW",2022-08-30,NA,NA,NA,NA,NA,"white",78,"red",NA,NA,NA,NA,"N",NA,NA,0.5
"1763",2022-07-27,"WL3","3","3.5","V",25,48,"0.55","2.3",1,"0.4",NA,NA,NA,NA,NA,2022,NA,"YHW",2022-08-30,NA,NA,NA,NA,NA,"white",80,"red",NA,NA,NA,NA,"N",NA,NA,0.5
"1764",2022-07-27,"WL3","3","3.5","V",40,50,"0.5","1.4",1,"0.5",NA,NA,NA,NA,NA,2022,NA,"YHW",2022-08-30,NA,NA,NA,NA,NA,"white",52,"red",NA,NA,NA,NA,"Y",NA,NA,0.5
"1765",2022-07-27,"WL3","3","3.5","V",NA,NA,"0.38","1.7",1,"0.3",NA,NA,NA,NA,NA,2022,NA,"YHW",2022-08-30,NA,NA,NA,NA,NA,NA,NA,"red",NA,NA,NA,NA,"N",NA,NA,0.5
"1766",2022-07-27,"WL3","3","3.5","V",NA,NA,"0.66","1.3",1,"0.5",NA,NA,NA,NA,NA,2022,NA,"YHW",2022-08-30,NA,NA,NA,NA,NA,NA,NA,"red",NA,NA,NA,NA,"N",NA,NA,0.5
"1767",2022-07-27,"WL3","3","3.5","V",NA,NA,"0.61","2.4",1,"0.8",NA,NA,NA,NA,NA,2022,NA,"YHW",2022-08-30,NA,NA,NA,NA,NA,NA,NA,"red",NA,NA,NA,NA,"N",NA,NA,0.5
"1768",2022-07-27,"WL3","3","3.5","V",NA,NA,"0.55","2.2",1,"0.7",NA,NA,NA,NA,NA,2022,NA,"YHW",2022-08-30,NA,NA,NA,NA,NA,NA,NA,"red",NA,NA,NA,NA,"N",NA,NA,0.5
"1769",2022-07-27,"WL3","3","3.5","V",NA,NA,"0.34","1.2",1,"0.2",NA,NA,NA,NA,NA,2022,NA,"YHW",2022-08-30,NA,NA,NA,NA,NA,NA,NA,"red",NA,NA,NA,NA,"N",NA,NA,0.5
"1770",2022-07-27,"WL3","3","3.5","P",10,36,"2.14","13.4",1,NA,"2.0","5.0",7.3,1,"second plant next to band 6",2022,NA,"YHW",2022-08-30,NA,NA,NA,NA,NA,"blue",76,NA,NA,NA,NA,NA,"Y",NA,NA,2.14
"1771",2022-07-27,"WL3","3","4","P",36,23,"1.83","21.4",4,NA,"0.0","16.0",7,1,NA,2022,NA,"YHW",2022-08-30,NA,NA,NA,NA,NA,"blue",400,NA,"green",NA,NA,NA,"N",NA,NA,1.83
"1772",2022-07-27,"WL3","3","4","V",34,32,"0.86","1.6",1,"0.1",NA,NA,NA,NA,NA,2022,NA,"YHW",2022-08-30,NA,NA,NA,NA,NA,"white",76,"red",NA,NA,NA,NA,"N",NA,NA,0.5
"1773",2022-07-27,"WL3","3","4","V",8,23,"1.63","3.0",1,"1.0",NA,NA,NA,NA,NA,2022,NA,"YHW",2022-08-30,NA,NA,NA,NA,NA,"white",16,"red",NA,NA,NA,NA,"N",NA,NA,1.63
"1774",2022-07-27,"WL3","3","4","V",5,5,"0.65","1.9",1,"0.7",NA,NA,NA,NA,NA,2022,NA,"YHW",2022-08-30,NA,NA,NA,NA,NA,"white",85,"red",NA,NA,NA,NA,"N",NA,NA,0.5
"1775",2022-07-27,"WL3","3","4","V",8,11,"0.61","1.8",1,"0.8",NA,NA,NA,NA,NA,2022,NA,"YHW",2022-08-30,NA,NA,NA,NA,NA,"white",81,"red",NA,NA,NA,NA,"N",NA,NA,0.5
"1776",2022-07-27,"WL3","3","4.5","V",31,9,"0.62","1.7",1,"0.6",NA,NA,NA,NA,NA,2022,NA,"YHW",2022-08-30,NA,NA,NA,NA,NA,"white",109,"red",NA,NA,NA,NA,"N",NA,NA,0.5
"1777",2022-07-27,"WL3","3","5","P",15,9,"3.09","18.5",6,NA,"0.0","53.0",6.5,6,NA,2022,NA,"YHW",2022-08-30,NA,NA,NA,NA,NA,"blue",93,NA,"yellow",NA,NA,NA,"N",NA,NA,3.09
"1778",2022-07-27,"WL3","3","5","V",NA,NA,"0.42","1.2",1,"0.5",NA,NA,NA,NA,NA,2022,NA,"YHW",2022-08-30,NA,NA,NA,NA,NA,NA,NA,"red",NA,NA,NA,NA,"N",NA,NA,0.5
"1779",2022-07-27,"WL3","3","5","V",35,21,"0.83","2.5",1,"1.1",NA,NA,NA,NA,NA,2022,NA,"YHW",2022-08-30,NA,NA,NA,NA,NA,"white",273,"red",NA,NA,NA,NA,"N",NA,NA,0.5
"1780",2022-07-27,"WL3","3","5","V",40,30,"0.69","1.6",1,"1.1",NA,NA,NA,NA,NA,2022,NA,"YHW",2022-08-30,NA,NA,NA,NA,NA,"white",145,"red",NA,NA,NA,NA,"Y",NA,NA,0.5
"1781",2022-07-27,"WL3","3","5","V",49,50,"0.79","1.4",1,"1.2",NA,NA,NA,NA,NA,2022,NA,"YHW",2022-08-30,NA,NA,NA,NA,NA,"white",701,"red",NA,NA,NA,NA,"N",NA,NA,0.5
"1782",2022-07-27,"WL3","3","5.5","V",NA,NA,"0.37","1.2",1,"0.2",NA,NA,NA,NA,NA,2022,NA,"YHW",2022-08-30,NA,NA,NA,NA,NA,NA,NA,"blue",NA,NA,NA,NA,"N",NA,NA,0.5
"1783",2022-07-27,"WL3","3","5.5","V",28,2,"0.55","1.7",1,"0.4",NA,NA,NA,NA,NA,2022,NA,"YHW",2022-08-30,NA,NA,NA,NA,NA,"white",140,"red",NA,NA,NA,NA,"N",NA,NA,0.5
"1784",2022-07-27,"WL3","3","5.5","V",27,1,"0.73","2.3",1,"0.8",NA,NA,NA,NA,NA,2022,NA,"YHW",2022-08-30,NA,NA,NA,NA,NA,"white",269,"red",NA,NA,NA,NA,"N",NA,NA,0.5
"1785",2022-07-27,"WL3","3","5.5","V",4,5,"1.03","1.7",1,"1.4",NA,NA,NA,NA,NA,2022,NA,"YHW",2022-08-30,NA,NA,NA,NA,NA,"white",170,"red",NA,NA,NA,NA,"Y",NA,NA,1.03
"1786",2022-07-27,"WL3","3","5.5","V",10,12,"0.53","1.7",1,"0.7",NA,NA,NA,NA,NA,2022,NA,"YHW",2022-08-30,NA,NA,NA,NA,NA,"white",263,"red",NA,NA,NA,NA,"Y",NA,NA,0.5
"1787",2022-07-27,"WL3","3","5.5","V",2,15,"0.81","1.6",1,"1.0",NA,NA,NA,NA,NA,2022,NA,"YHW",2022-08-30,NA,NA,NA,NA,NA,"white",155,"red",NA,NA,NA,NA,"Y",NA,NA,0.5
"1788",2022-07-27,"WL3","3","5.5","V",1,21,"0.51","1.4",1,"0.6",NA,NA,NA,NA,NA,2022,NA,"YHW",2022-08-30,NA,NA,NA,NA,NA,"white",238,"red",NA,NA,NA,NA,"Y",NA,NA,0.5
"1789",2022-07-27,"WL3","3","5.5","V",1,31,"0.84","2.5",1,"1.2",NA,NA,NA,NA,NA,2022,NA,"YHW",2022-08-30,NA,NA,NA,NA,NA,"white",162,"red",NA,NA,NA,NA,"N",NA,NA,0.5
"1790",2022-07-27,"WL3","3","5.5","V",NA,NA,"0.44","2.0",1,"0.6",NA,NA,NA,NA,NA,2022,NA,"YHW",2022-08-30,NA,NA,NA,NA,NA,NA,NA,"red",NA,NA,NA,NA,"N",NA,NA,0.5
"1791",2022-07-27,"WL3","3","4","V",30,7,"0.92","2.0",1,"1.6",NA,NA,NA,NA,"2 more red picks not on data sheet",2022,NA,"YHW",2022-08-30,NA,NA,NA,NA,NA,"white",50,"red",NA,NA,NA,NA,"Y",NA,NA,0.5
"1792",2022-07-27,"WL3","3","4","V",NA,NA,"0.48","1.1",1,"0.4",NA,NA,NA,NA,NA,2022,NA,"YHW",2022-08-30,NA,NA,NA,NA,NA,NA,NA,"red",NA,NA,NA,NA,"N",NA,NA,0.5
"1793",2022-07-27,"WL3","3","6","P",38,25,"1.37","13.5",2,NA,"0.0","13.0",5.1,2,NA,2022,NA,"YHW",2022-08-30,NA,NA,NA,NA,NA,"blue",12,NA,"yellow",NA,NA,NA,"N",NA,NA,1.37
"1794",2022-07-27,"WL3","3","6","P",22,32,"2.32","16.9",2,NA,"0.0","56.0",4.3,2,NA,2022,NA,"YHW",2022-08-30,NA,NA,NA,NA,NA,"blue",5,NA,"yellow",NA,NA,NA,"N",NA,NA,2.32
"1795",2022-07-27,"WL3","3","6","V",NA,NA,"0.26","1.6",1,"0.4",NA,NA,NA,NA,NA,2022,NA,"YHW",2022-08-30,NA,NA,NA,NA,NA,NA,NA,"blue",NA,NA,NA,NA,"N",NA,NA,0.5
"1796",2022-07-27,"WL3","3","6","V",NA,NA,"0.29","1.7",1,"0.3",NA,NA,NA,NA,NA,2022,NA,"YHW",2022-08-30,NA,NA,NA,NA,NA,NA,NA,"red",NA,NA,NA,NA,"N",NA,NA,0.5
"1797",2022-07-27,"WL3","3","6","V",NA,NA,"0.49","1.2",1,"0.5",NA,NA,NA,NA,NA,2022,NA,"YHW",2022-08-30,NA,NA,NA,NA,NA,NA,NA,"red",NA,NA,NA,NA,"N",NA,NA,0.5
"1798",2022-07-27,"WL3","3","6","V",NA,NA,"0.41","1.0",1,"0.5",NA,NA,NA,NA,NA,2022,NA,"YHW",2022-08-30,NA,NA,NA,NA,NA,NA,NA,"red",NA,NA,NA,NA,"N",NA,NA,0.5
"1799",2022-07-27,"WL3","3","6","V",NA,NA,"0.35","1.3",1,"0.4",NA,NA,NA,NA,NA,2022,NA,"YHW",2022-08-30,NA,NA,NA,NA,NA,NA,NA,"red",NA,NA,NA,NA,"N",NA,NA,0.5
"1800",2022-07-27,"WL3","3","6","V",NA,NA,"0.32","0.9",1,"0.4",NA,NA,NA,NA,NA,2022,NA,"YHW",2022-08-30,NA,NA,NA,NA,NA,NA,NA,"red",NA,NA,NA,NA,"N",NA,NA,0.5
"1801",2022-07-27,"WL3","3","6","V",NA,NA,"0.44","1.7",1,"0.7",NA,NA,NA,NA,NA,2022,NA,"YHW",2022-08-30,NA,NA,NA,NA,NA,NA,NA,"red",NA,NA,NA,NA,"N",NA,NA,0.5
"1802",2022-07-27,"WL3","3","6","V",NA,NA,"0.33","0.8",1,"0.6",NA,NA,NA,NA,NA,2022,NA,"YHW",2022-08-30,NA,NA,NA,NA,NA,NA,NA,"red",NA,NA,NA,NA,"N",NA,NA,0.5
"1803",2022-07-27,"WL3","3","6","V",NA,NA,"0.3","0.8",1,"0.5",NA,NA,NA,NA,NA,2022,NA,"YHW",2022-08-30,NA,NA,NA,NA,NA,NA,NA,"red",NA,NA,NA,NA,"N",NA,NA,0.5
"1804",2022-07-27,"WL3","3","6.5","P",7,27,"2.75","15.0",1,NA,"0.0","49.0",4.1,1,NA,2022,NA,"YHW",2022-08-30,NA,NA,NA,NA,NA,"blue",11,NA,"yellow",NA,NA,NA,"N",NA,NA,2.75
"1805",2022-07-27,"WL3","3","6.5","P",8,5,"2.32","18.5",1,NA,"0.0","34.0",4.7,1,NA,2022,NA,"YHW",2022-08-30,NA,NA,NA,NA,NA,"blue",3,NA,"yellow",NA,NA,NA,"N",NA,NA,2.32
"1806",2022-07-27,"WL3","3","6.5","P",22,15,"1.74","12.1",3,NA,"0.0","18.0",4.4,2,NA,2022,NA,"YHW",2022-08-30,NA,NA,NA,NA,NA,"blue",55,NA,"yellow",NA,NA,NA,"N",NA,NA,1.74
"1807",2022-07-27,"WL3","3","6.5","V",NA,NA,"0.41","1.0",1,"0.3",NA,NA,NA,NA,NA,2022,NA,"YHW",2022-08-30,NA,NA,NA,NA,NA,NA,NA,"blue",NA,NA,NA,NA,"Y",NA,NA,0.5
"1808",2022-07-27,"WL3","3","6.5","V",32,18,"0.53","0.9",1,"0.4",NA,NA,NA,NA,NA,2022,NA,"YHW",2022-08-30,NA,NA,NA,NA,NA,"white",211,"red",NA,NA,NA,NA,"N",NA,NA,0.5
"1809",2022-07-27,"WL3","3","6.5","V",37,23,"0.69","1.9",1,"1.0",NA,NA,NA,NA,NA,2022,NA,"YHW",2022-08-30,NA,NA,NA,NA,NA,"white",235,"red",NA,NA,NA,NA,"N",NA,NA,0.5
"1810",2022-07-27,"WL3","3","6.5","V",36,30,"0.96","2.4",1,"1.5",NA,NA,NA,NA,NA,2022,NA,"YHW",2022-08-30,NA,NA,NA,NA,NA,"white",130,"red",NA,NA,NA,NA,"N",NA,NA,0.5
"1811",2022-07-27,"WL3","3","6.5","V",42,31,"1.07","3.5",1,"1.7",NA,NA,NA,NA,NA,2022,NA,"YHW",2022-08-30,NA,NA,NA,NA,NA,"white",139,"red",NA,NA,NA,NA,"N",NA,NA,1.07
"1812",2022-07-27,"WL3","3","6.5","V",38,47,"0.82","2.6",1,"1.7",NA,NA,NA,NA,NA,2022,NA,"YHW",2022-08-30,NA,NA,NA,NA,NA,"white",237,"red",NA,NA,NA,NA,"N",NA,NA,0.5
"1813",2022-07-27,"WL3","3","6.5","V",NA,NA,"0.44","1.3",1,"0.5",NA,NA,NA,NA,NA,2022,NA,"YHW",2022-08-30,NA,NA,NA,NA,NA,NA,NA,"red",NA,NA,NA,NA,"N",NA,NA,0.5
"1814",2022-07-27,"WL3","3","6.5","V",24,30,"0.6","2.1",1,"0.7",NA,NA,NA,NA,NA,2022,NA,"YHW",2022-08-30,NA,NA,NA,NA,NA,"white",138,"red",NA,NA,NA,NA,"Y",NA,NA,0.5
"1815",2022-07-27,"WL3","3","6.5","V",NA,NA,"0.49","1.7",1,"0.6",NA,NA,NA,NA,NA,2022,NA,"YHW",2022-08-30,NA,NA,NA,NA,NA,NA,NA,"red",NA,NA,NA,NA,"N",NA,NA,0.5
"1816",2022-07-27,"WL3","3","6.5","V",16,31,"0.58","0.8",1,"0.7",NA,NA,NA,NA,NA,2022,NA,"YHW",2022-08-30,NA,NA,NA,NA,NA,"white",549,"red",NA,NA,NA,NA,"Y",NA,NA,0.5
"1817",2022-07-27,"WL3","3","6.5","V",NA,NA,"0.3","0.7",1,"0.2",NA,NA,NA,NA,NA,2022,NA,"YHW",2022-08-30,NA,NA,NA,NA,NA,NA,NA,"red",NA,NA,NA,NA,"N",NA,NA,0.5
"1818",2022-07-27,"WL3","3","6.5","V",NA,NA,"0.25","0.9",1,"0.2",NA,NA,NA,NA,NA,2022,NA,"YHW",2022-08-30,NA,NA,NA,NA,NA,NA,NA,"red",NA,NA,NA,NA,"N",NA,NA,0.5
"1819",2022-07-27,"WL3","3","6.5","V",NA,NA,"0.35","0.8",1,"0.4",NA,NA,NA,NA,NA,2022,NA,"YHW",2022-08-30,NA,NA,NA,NA,NA,NA,NA,"red",NA,NA,NA,NA,"Y",NA,NA,0.5
"1820",2022-07-27,"WL3","3","6","V",0,18,"0.55","1.4",1,"0.3",NA,NA,NA,NA,NA,2022,NA,"YHW",2022-08-30,NA,NA,NA,NA,NA,"white",609,"red",NA,NA,NA,NA,"N",NA,NA,0.5
"1821",2022-07-27,"WL3","3","7","V",NA,NA,"0.48","2.4",1,"0.7",NA,NA,NA,NA,NA,2022,NA,"YHW",2022-08-30,NA,NA,NA,NA,NA,NA,NA,"red",NA,NA,NA,NA,"Y",NA,NA,0.5
"1822",2022-07-27,"WL3","3","7","V",2,15,"1.01","3.2",1,"1.5",NA,NA,NA,NA,NA,2022,NA,"YHW",2022-08-30,NA,NA,NA,NA,NA,"white",202,"red",NA,NA,NA,NA,"N",NA,NA,1.01
"1823",2022-07-27,"WL3","3","7","V",7,31,"0.9","2.7",1,"1.6",NA,NA,NA,NA,NA,2022,NA,"YHW",2022-08-30,NA,NA,NA,NA,NA,"white",43,"red",NA,NA,NA,NA,"N",NA,NA,0.5
"1824",2022-07-27,"WL3","3","7","V",8,41,"0.67","2.4",1,"0.8",NA,NA,NA,NA,NA,2022,NA,"YHW",2022-08-30,NA,NA,NA,NA,NA,"white",239,"red",NA,NA,NA,NA,"N",NA,NA,0.5
"1825",2022-07-27,"WL3","3","7","V",19,17,"0.54","3.1",1,"0.7",NA,NA,NA,NA,NA,2022,NA,"YHW",2022-08-30,NA,NA,NA,NA,NA,"white",153,"red",NA,NA,NA,NA,"N",NA,NA,0.5
"1826",2022-07-27,"WL3","3","7","V",40,40,"0.5","1.9",1,"0.9",NA,NA,NA,NA,NA,2022,NA,"YHW",2022-08-30,NA,NA,NA,NA,NA,"white",159,"red",NA,NA,NA,NA,"N",NA,NA,0.5
"1827",2022-07-27,"WL3","3","7","V",NA,NA,"0.42","1.7",1,"0.8",NA,NA,NA,NA,NA,2022,NA,"YHW",2022-08-30,NA,NA,NA,NA,NA,NA,NA,"red",NA,NA,NA,NA,"N",NA,NA,0.5
"1828",2022-07-27,"WL3","3","8","X",NA,NA,NA,NA,NA,NA,NA,NA,NA,NA,NA,2022,NA,"YHW",2022-08-30,NA,NA,NA,NA,NA,NA,NA,"red",NA,NA,NA,NA,NA,NA,NA,NA
"1829",2022-07-27,"WL3","3","8","V",10,30,"1.37","3.0",4,"1.4",NA,NA,NA,NA,NA,2022,NA,"YHW",2022-08-30,NA,NA,NA,NA,NA,"white",227,"red",NA,NA,NA,NA,"Y",NA,NA,1.37
"1830",2022-07-27,"WL3","3","8","V",6,34,"1.01","2.8",1,"1.7",NA,NA,NA,NA,NA,2022,NA,"YHW",2022-08-30,NA,NA,NA,NA,NA,"white",135,"red",NA,NA,NA,NA,"Y",NA,NA,1.01
"1831",2022-07-27,"WL3","3","8","V",NA,NA,"0.43","1.7",1,"0.6",NA,NA,NA,NA,NA,2022,NA,"YHW",2022-08-30,NA,NA,NA,NA,NA,NA,NA,"red",NA,NA,NA,NA,"N",NA,NA,0.5
"1832",2022-07-27,"WL3","3","8","V",44,36,"0.86","2.5",1,"1.5",NA,NA,NA,NA,NA,2022,NA,"YHW",2022-08-30,NA,NA,NA,NA,NA,"white",222,"red",NA,NA,NA,NA,"Y",NA,NA,0.5
"1833",2022-07-27,"WL3","3","8","V",45,9,"0.64","2.3",1,"1.2",NA,NA,NA,NA,NA,2022,NA,"YHW",2022-08-30,NA,NA,NA,NA,NA,"white",498,"red",NA,NA,NA,NA,"N",NA,NA,0.5
"1834",2022-07-27,"WL3","3","8","V",NA,NA,"0.39","1.6",1,"0.6",NA,NA,NA,NA,NA,2022,NA,"YHW",2022-08-30,NA,NA,NA,NA,NA,NA,NA,"red",NA,NA,NA,NA,"Y",NA,NA,0.5
"1835",2022-07-27,"WL3","3","8.5","X",NA,NA,NA,NA,NA,NA,NA,NA,NA,NA,NA,2022,NA,"YHW",2022-08-30,NA,NA,NA,NA,NA,NA,NA,"red",NA,NA,NA,NA,NA,NA,NA,NA
"1836",2022-07-27,"WL3","3","8.5","V",12,32,"0.61","2.9",1,"2.5",NA,NA,NA,NA,NA,2022,NA,"YHW",2022-08-30,NA,NA,NA,NA,NA,"white",208,"red",NA,NA,NA,NA,"N",NA,NA,0.5
"1837",2022-07-27,"WL3","3","9","X",NA,NA,NA,NA,NA,NA,NA,NA,NA,NA,NA,2022,NA,"YHW",2022-08-30,NA,NA,NA,NA,NA,NA,NA,"red",NA,NA,NA,NA,NA,NA,NA,NA
"1838",2022-07-27,"WL3","4","1.5","X",NA,NA,NA,NA,NA,NA,NA,NA,NA,NA,NA,2022,NA,"YHW",2022-08-30,NA,NA,NA,NA,NA,NA,NA,"red",NA,NA,NA,NA,NA,NA,NA,NA
"1839",2022-07-27,"WL3","4","2","V",NA,NA,"0.47","0.9",1,"0.4",NA,NA,NA,NA,NA,2022,NA,"YHW",2022-08-30,NA,NA,NA,NA,NA,NA,NA,"red",NA,NA,NA,NA,"Y",NA,NA,0.5
"1840",2022-07-27,"WL3","4","2","V",40,49,"0.66","2.1",1,"0.8",NA,NA,NA,NA,NA,2022,NA,"YHW",2022-08-30,NA,NA,NA,NA,NA,"white",586,"red",NA,NA,NA,NA,"Y",NA,NA,0.5
"1841",2022-07-27,"WL3","4","2.5","V",7,24,"0.64","1.9",1,"1.0",NA,NA,NA,NA,NA,2022,NA,"YHW",2022-08-30,NA,NA,NA,NA,NA,"white",132,"red",NA,NA,NA,NA,"N",NA,NA,0.5
"1842",2022-07-27,"WL3","4","3","X",NA,NA,NA,NA,NA,NA,NA,NA,NA,NA,NA,2022,NA,"YHW",2022-08-30,NA,NA,NA,NA,NA,NA,NA,"red",NA,NA,NA,NA,NA,NA,NA,NA
"1843",2022-07-27,"WL3","4","3","X",NA,NA,NA,NA,NA,NA,NA,NA,NA,NA,NA,2022,NA,"YHW",2022-08-30,NA,NA,NA,NA,NA,NA,NA,"red",NA,NA,NA,NA,NA,NA,NA,NA
"1844",2022-07-27,"WL3","4","3","V",27,3,"0.76","1.5",1,"0.7",NA,NA,NA,NA,NA,2022,NA,"YHW",2022-08-30,NA,NA,NA,NA,NA,"white",143,"red",NA,NA,NA,NA,"N",NA,NA,0.5
"1845",2022-07-27,"WL3","4","3","V",NA,NA,"0.41","1.4",1,"0.5",NA,NA,NA,NA,NA,2022,NA,"YHW",2022-08-30,NA,NA,NA,NA,NA,NA,NA,"red",NA,NA,NA,NA,"N",NA,NA,0.5
"1846",2022-07-27,"WL3","4","3","V",NA,NA,"0.3","0.7",1,"0.4",NA,NA,NA,NA,NA,2022,NA,"YHW",2022-08-30,NA,NA,NA,NA,NA,NA,NA,"red",NA,NA,NA,NA,"N",NA,NA,0.5
"1847",2022-07-27,"WL3","4","3","V",39,46,"0.83","1.5",1,"1.1",NA,NA,NA,NA,NA,2022,NA,"YHW",2022-08-30,NA,NA,NA,NA,NA,"white",94,"red",NA,NA,NA,NA,"N",NA,NA,0.5
"1848",2022-07-27,"WL3","4","3","V",NA,NA,"0.42","1.1",1,"0.4",NA,NA,NA,NA,NA,2022,NA,"YHW",2022-08-30,NA,NA,NA,NA,NA,NA,NA,"red",NA,NA,NA,NA,"N",NA,NA,0.5
"1849",2022-07-27,"WL3","4","3.5","V",NA,NA,"0.3","2.0",1,"0.4",NA,NA,NA,NA,NA,2022,NA,"YHW",2022-08-30,NA,NA,NA,NA,NA,NA,NA,"red",NA,NA,NA,NA,"N",NA,NA,0.5
"1850",2022-07-27,"WL3","4","3.5","V",11,20,"0.66","1.4",1,"1.0",NA,NA,NA,NA,NA,2022,NA,"YHW",2022-08-30,NA,NA,NA,NA,NA,"white",110,"red",NA,NA,NA,NA,"N",NA,NA,0.5
"1851",2022-07-27,"WL3","4","4.5","X",NA,NA,NA,NA,NA,NA,NA,NA,NA,NA,NA,2022,NA,"YHW",2022-08-30,NA,NA,NA,NA,NA,NA,NA,"red",NA,NA,NA,NA,NA,NA,NA,NA
"1852",2022-07-27,"WL3","4","5","P",30,45,"1.28","10.0",1,NA,"0.0","11.0",4.3,1,NA,2022,NA,"YHW",2022-08-30,NA,NA,NA,NA,NA,"blue",54,NA,"green",NA,NA,NA,"N",NA,NA,1.28
"1853",2022-07-27,"WL3","4","5","P",3,39,"1.91","21.5",1,NA,"9.0","25.0",6,1,NA,2022,NA,"YHW",2022-08-30,NA,NA,NA,NA,NA,"purple",834,NA,"yellow",NA,NA,NA,"N",NA,NA,1.91
"1854",2022-07-27,"WL3","4","5","V",30,15,"0.71","3.1",1,"0.9",NA,NA,NA,NA,NA,2022,NA,"YHW",2022-08-30,NA,NA,NA,NA,NA,"white",780,"red",NA,NA,NA,NA,"N",NA,NA,0.5
"1855",2022-07-27,"WL3","4","5","V",35,25,"0.81","2.0",1,"1.0",NA,NA,NA,NA,NA,2022,NA,"YHW",2022-08-30,NA,NA,NA,NA,NA,"white",150,"red",NA,NA,NA,NA,"Y",NA,NA,0.5
"1856",2022-07-27,"WL3","4","5.5","P",15,26,"1.33","14.6",2,NA,"0.0","2.0",3.5,2,"dying, one green side branch",2022,NA,"YHW",2022-08-30,NA,NA,NA,NA,NA,"blue",18,NA,"green",NA,NA,NA,"N",NA,NA,1.33
"1857",2022-07-27,"WL3","4","5.5","V",30,40,"1.79","4.2",1,"2.1",NA,NA,NA,NA,NA,2022,NA,"YHW",2022-08-30,NA,NA,NA,NA,NA,"orange",49,NA,NA,NA,NA,NA,"Y",NA,NA,1.79
"1858",2022-07-27,"WL3","4","5.5","X",NA,NA,NA,NA,NA,NA,NA,NA,NA,NA,NA,2022,NA,"YHW",2022-08-30,NA,NA,NA,NA,NA,NA,NA,"blue",NA,NA,NA,NA,NA,NA,NA,NA
"1859",2022-07-27,"WL3","4","5.5","V",NA,NA,"0.2","1.5",1,"0.3",NA,NA,NA,NA,NA,2022,NA,"YHW",2022-08-30,NA,NA,NA,NA,NA,NA,NA,"blue",NA,NA,NA,NA,"N",NA,NA,0.5
"1860",2022-07-27,"WL3","4","5.5","V",NA,NA,"0.27","0.7",1,"0.5",NA,NA,NA,NA,NA,2022,NA,"YHW",2022-08-30,NA,NA,NA,NA,NA,NA,NA,"blue",NA,NA,NA,NA,"N",NA,NA,0.5
"1861",2022-07-27,"WL3","4","5.5","X",NA,NA,NA,NA,NA,NA,NA,NA,NA,NA,NA,2022,NA,"YHW",2022-08-30,NA,NA,NA,NA,NA,NA,NA,"red",NA,NA,NA,NA,NA,NA,NA,NA
"1862",2022-07-27,"WL3","4","5.5","V",NA,NA,"0.47","1.3",1,"0.5",NA,NA,NA,NA,NA,2022,NA,"YHW",2022-08-30,NA,NA,NA,NA,NA,NA,NA,"red",NA,NA,NA,NA,"N",NA,NA,0.5
"1863",2022-07-27,"WL3","4","5.5","V",NA,NA,"0.46","1.4",1,"0.6",NA,NA,NA,NA,NA,2022,NA,"YHW",2022-08-30,NA,NA,NA,NA,NA,NA,NA,"red",NA,NA,NA,NA,"Y",NA,NA,0.5
"1864",2022-07-27,"WL3","4","5.5","V",15,13,"0.54","2.0",1,"0.4",NA,NA,NA,NA,NA,2022,NA,"YHW",2022-08-30,NA,NA,NA,NA,NA,"white",231,"red",NA,NA,NA,NA,"N",NA,NA,0.5
"1865",2022-07-27,"WL3","4","5.5","V",NA,NA,"0.45","2.0",1,"0.6",NA,NA,NA,NA,NA,2022,NA,"YHW",2022-08-30,NA,NA,NA,NA,NA,NA,NA,"red",NA,NA,NA,NA,"N",NA,NA,0.5
"1866",2022-07-27,"WL3","4","5.5","V",NA,NA,"0.49","2.1",1,"0.6",NA,NA,NA,NA,NA,2022,NA,"YHW",2022-08-30,NA,NA,NA,NA,NA,NA,NA,"red",NA,NA,NA,NA,"N",NA,NA,0.5
"1867",2022-07-27,"WL3","4","5.5","V",NA,NA,"0.43","1.3",1,"0.5",NA,NA,NA,NA,NA,2022,NA,"YHW",2022-08-30,NA,NA,NA,NA,NA,NA,NA,"red",NA,NA,NA,NA,"Y",NA,NA,0.5
"1868",2022-07-27,"WL3","4","5.5","V",NA,NA,"0.37","1.4",1,"0.6",NA,NA,NA,NA,NA,2022,NA,"YHW",2022-08-30,NA,NA,NA,NA,NA,NA,NA,"red",NA,NA,NA,NA,"N",NA,NA,0.5
"1869",2022-07-27,"WL3","4","5.5","X",NA,NA,NA,NA,NA,NA,NA,NA,NA,NA,NA,2022,NA,"YHW",2022-08-30,NA,NA,NA,NA,NA,NA,NA,"red",NA,NA,NA,NA,NA,NA,NA,NA
"1870",2022-07-27,"WL3","4","5.5","V",7,31,"0.56","1.5",1,"0.8",NA,NA,NA,NA,NA,2022,NA,"YHW",2022-08-30,NA,NA,NA,NA,NA,"white",344,"red",NA,NA,NA,NA,"N",NA,NA,0.5
"1871",2022-07-27,"WL3","4","6","V",NA,NA,"0.48","1.4",1,"0.3",NA,NA,NA,NA,NA,2022,NA,"YHW",2022-08-30,NA,NA,NA,NA,NA,NA,NA,"blue",NA,NA,NA,NA,"N",NA,NA,0.5
"1872",2022-07-27,"WL3","4","6","X",NA,NA,NA,NA,NA,NA,NA,NA,NA,NA,NA,2022,NA,"YHW",2022-08-30,NA,NA,NA,NA,NA,NA,NA,"red",NA,NA,NA,NA,NA,NA,NA,NA
"1873",2022-07-27,"WL3","4","6","V",3,13,"0.56","1.9",1,"0.6",NA,NA,NA,NA,NA,2022,NA,"YHW",2022-08-30,NA,NA,NA,NA,NA,"white",15,"red",NA,NA,NA,NA,"N",NA,NA,0.5
"1874",2022-07-27,"WL3","4","6.5","V",30,49,"0.52","1.5",1,"0.6",NA,NA,NA,NA,NA,2022,NA,"YHW",2022-08-30,NA,NA,NA,NA,NA,"white",161,"red",NA,NA,NA,NA,"N",NA,NA,0.5
"1875",2022-07-27,"WL3","4","7","V",NA,NA,"0.43","1.2",1,"0.8",NA,NA,NA,NA,NA,2022,NA,"YHW",2022-08-30,NA,NA,NA,NA,NA,NA,NA,"red",NA,NA,NA,NA,"N",NA,NA,0.5
"1876",2022-07-27,"WL3","4","7","V",50,40,"0.69","2.5",1,"1.3",NA,NA,NA,NA,"was buried, dug a little in ant hill",2022,NA,"YHW",2022-08-30,NA,NA,NA,NA,NA,"white",270,"red",NA,NA,NA,NA,"N",NA,NA,0.5
"1877",2022-07-27,"WL3","4","7.5","X",NA,NA,NA,NA,NA,NA,NA,NA,NA,NA,NA,2022,NA,"YHW",2022-08-30,NA,NA,NA,NA,NA,NA,NA,"red",NA,NA,NA,NA,NA,NA,NA,NA
"1878",2022-07-27,"WL3","4","7.5","X",NA,NA,NA,NA,NA,NA,NA,NA,NA,NA,NA,2022,NA,"YHW",2022-08-30,NA,NA,NA,NA,NA,NA,NA,"red",NA,NA,NA,NA,NA,NA,NA,NA
"1879",2022-07-27,"WL3","4","7.5","X",NA,NA,NA,NA,NA,NA,NA,NA,NA,NA,NA,2022,NA,"YHW",2022-08-30,NA,NA,NA,NA,NA,NA,NA,"red",NA,NA,NA,NA,NA,NA,NA,NA
"1880",2022-07-27,"WL3","4","7.5","X",NA,NA,NA,NA,NA,NA,NA,NA,NA,NA,NA,2022,NA,"YHW",2022-08-30,NA,NA,NA,NA,NA,NA,NA,"red",NA,NA,NA,NA,NA,NA,NA,NA
"1881",2022-07-27,"WL3","4","7.5","X",NA,NA,NA,NA,NA,NA,NA,NA,NA,NA,NA,2022,NA,"YHW",2022-08-30,NA,NA,NA,NA,NA,NA,NA,"red",NA,NA,NA,NA,NA,NA,NA,NA
"1882",2022-07-27,"WL3","4","7.5","V",NA,NA,"0.52","2.3",1,"0.6",NA,NA,NA,NA,NA,2022,NA,"YHW",2022-08-30,NA,NA,NA,NA,NA,"white",NA,"red",NA,NA,NA,NA,"N",NA,NA,0.5
"1883",2022-07-27,"WL3","4","8","P",5,20,"2.4","22.1",1,NA,"0.0","16.0",5.9,1,NA,2022,NA,"YHW",2022-08-30,NA,NA,NA,NA,NA,"orange",97,NA,"yellow",NA,NA,NA,"N",NA,NA,2.4
"1884",2022-07-27,"WL3","4","8","V",NA,NA,"0.42","1.2",1,"0.5",NA,NA,NA,NA,NA,2022,NA,"YHW",2022-08-30,NA,NA,NA,NA,NA,NA,NA,"blue",NA,NA,NA,NA,"N",NA,NA,0.5
"1885",2022-07-27,"WL3","4","8","X",NA,NA,NA,NA,NA,NA,NA,NA,NA,NA,NA,2022,NA,"YHW",2022-08-30,NA,NA,NA,NA,NA,NA,NA,"red",NA,NA,NA,NA,NA,NA,NA,NA
"1886",2022-07-27,"WL3","4","8","V",24,45,"0.6","1.5",1,"1.1",NA,NA,NA,NA,NA,2022,NA,"YHW",2022-08-30,NA,NA,NA,NA,NA,"white",550,"red",NA,NA,NA,NA,"Y",NA,NA,0.5
"1887",2022-07-27,"WL3","4","8.5","P",38,47,"1.5","13.8",2,NA,"0.0","13.0",5.6,2,"buried in ant hill, dug to stem",2022,NA,"YHW",2022-08-30,NA,NA,NA,NA,NA,"blue",23,NA,"yellow",NA,NA,NA,"N",NA,NA,1.5
"1888",2022-07-27,"WL3","4","8.5","X",NA,NA,NA,NA,NA,NA,NA,NA,NA,NA,NA,2022,NA,"YHW",2022-08-30,NA,NA,NA,NA,NA,NA,NA,"red",NA,NA,NA,NA,NA,NA,NA,NA
"1889",2022-07-27,"WL3","4","9.5","V",NA,NA,"0.33","2.2",1,"0.4",NA,NA,NA,NA,NA,2022,NA,"YHW",2022-08-30,NA,NA,NA,NA,NA,NA,NA,"red",NA,NA,NA,NA,"N",NA,NA,0.5
"1890",2023-08-17,"WL3","1","0.5",NA,42,8,NA,NA,NA,NA,NA,NA,NA,NA,"band missing",2023,NA,"SY",2024-02-14,NA,NA,NA,NA,NA,"white",44,NA,NA,NA,NA,NA,NA,NA,NA,NA
"1891",2023-08-17,"WL3","1","0.5",NA,22,30,NA,NA,NA,NA,NA,NA,NA,NA,"band missing",2023,NA,"SY",2024-02-14,NA,NA,NA,NA,NA,"white",26,NA,NA,NA,NA,NA,NA,NA,NA,NA
"1892",2023-08-17,"WL3","1","1",NA,48,5,NA,NA,NA,NA,NA,NA,NA,NA,"band missing",2023,NA,"SY",2024-02-14,NA,NA,NA,NA,NA,"white",39,NA,NA,NA,NA,NA,NA,NA,NA,NA
"1893",2023-08-17,"WL3","1","1",NA,20,10,NA,NA,NA,NA,NA,NA,NA,NA,"band missing",2023,NA,"SY",2024-02-14,NA,NA,NA,NA,NA,"white",31,NA,NA,NA,NA,NA,NA,NA,NA,NA
"1894",2023-08-17,"WL3","1","1",NA,5,37,NA,NA,NA,NA,NA,NA,NA,NA,"band missing",2023,NA,"SY",2024-02-14,NA,NA,NA,NA,NA,"white",47,NA,NA,NA,NA,NA,NA,NA,NA,NA
"1895",2023-08-17,"WL3","1","1",NA,34,33,NA,NA,NA,NA,NA,NA,NA,NA,"band missing",2023,NA,"SY",2024-02-14,NA,NA,NA,NA,NA,"white",7,NA,NA,NA,NA,NA,NA,NA,NA,NA
"1896",2023-08-17,"WL3","1","1",NA,38,39,NA,NA,NA,NA,NA,NA,NA,NA,"band missing",2023,NA,"SY",2024-02-14,NA,NA,NA,NA,NA,"white",48,NA,NA,NA,NA,NA,NA,NA,NA,NA
"1897",2023-08-17,"WL3","1","1.5",NA,45,22,NA,NA,NA,NA,NA,NA,NA,NA,"band missing",2023,NA,"SY",2024-02-14,NA,NA,NA,NA,NA,"white",21,NA,NA,NA,NA,NA,NA,NA,NA,NA
"1898",2023-08-17,"WL3","1","1.5",NA,11,40,NA,NA,NA,NA,NA,NA,NA,NA,"band missing",2023,NA,"SY",2024-02-14,NA,NA,NA,NA,NA,"white",29,NA,NA,NA,NA,NA,NA,NA,NA,NA
"1899",2023-08-17,"WL3","1","2",NA,25,40,NA,NA,NA,NA,NA,NA,NA,NA,"band missing",2023,NA,"SY",2024-02-14,NA,NA,NA,NA,NA,"blue",13,NA,NA,NA,NA,NA,NA,NA,NA,NA
"1900",2023-08-17,"WL3","1","2",NA,22,13,NA,NA,NA,NA,NA,NA,NA,NA,"band missing",2023,NA,"SY",2024-02-14,NA,NA,NA,NA,NA,"blue",56,NA,NA,NA,NA,NA,NA,NA,NA,NA
"1901",2023-08-17,"WL3","1","2",NA,15,10,NA,NA,NA,NA,NA,NA,NA,NA,"band missing",2023,NA,"SY",2024-02-14,NA,NA,NA,NA,NA,"white",9,NA,NA,NA,NA,NA,NA,NA,NA,NA
"1902",2023-08-17,"WL3","1","2",NA,11,28,NA,NA,NA,NA,NA,NA,NA,NA,"band missing",2023,NA,"SY",2024-02-14,NA,NA,NA,NA,NA,"white",19,NA,NA,NA,NA,NA,NA,NA,NA,NA
"1903",2023-08-17,"WL3","1","2",NA,1,20,NA,NA,NA,NA,NA,NA,NA,NA,"band missing",2023,NA,"SY",2024-02-14,NA,NA,NA,NA,NA,"white",35,NA,NA,NA,NA,NA,NA,NA,NA,NA
"1904",2023-08-17,"WL3","1","2",NA,0,27,NA,NA,NA,NA,NA,NA,NA,NA,"band missing",2023,NA,"SY",2024-02-14,NA,NA,NA,NA,NA,"white",3,NA,NA,NA,NA,NA,NA,NA,NA,NA
"1905",2023-08-17,"WL3","1","2",NA,11,32,NA,NA,NA,NA,NA,NA,NA,NA,"band missing",2023,NA,"SY",2024-02-14,NA,NA,NA,NA,NA,"white",42,NA,NA,NA,NA,NA,NA,NA,NA,NA
"1906",2023-08-17,"WL3","1","2",NA,19,30,NA,NA,NA,NA,NA,NA,NA,NA,"band missing",2023,NA,"SY",2024-02-14,NA,NA,NA,NA,NA,"white",41,NA,NA,NA,NA,NA,NA,NA,NA,NA
"1907",2023-08-17,"WL3","1","2",NA,13,36,NA,NA,NA,NA,NA,NA,NA,NA,"band missing",2023,NA,"SY",2024-02-14,NA,NA,NA,NA,NA,"white",22,NA,NA,NA,NA,NA,NA,NA,NA,NA
"1908",2023-08-17,"WL3","1","3",NA,38,30,NA,NA,NA,NA,NA,NA,NA,NA,"band missing",2023,NA,"SY",2024-02-14,NA,NA,NA,NA,NA,"white",6,NA,NA,NA,NA,NA,NA,NA,NA,NA
"1909",2023-08-17,"WL3","1","3.5",NA,36,31,NA,NA,NA,NA,NA,NA,NA,NA,"band missing",2023,NA,"SY",2024-02-14,NA,NA,NA,NA,NA,"blue",60,NA,NA,NA,NA,NA,NA,NA,NA,NA
"1910",2023-08-17,"WL3","1","3.5",NA,10,18,NA,NA,NA,NA,NA,NA,NA,NA,"band missing",2023,NA,"SY",2024-02-14,NA,NA,NA,NA,NA,"white",49,NA,NA,NA,NA,NA,NA,NA,NA,NA
"1911",2023-08-17,"WL3","1","3.5",NA,40,23,NA,NA,NA,NA,NA,NA,NA,NA,"band missing",2023,NA,"SY",2024-02-14,NA,NA,NA,NA,NA,"white",28,NA,NA,NA,NA,NA,NA,NA,NA,NA
"1912",2023-08-17,"WL3","1","4",NA,34,11,NA,NA,NA,NA,NA,NA,NA,NA,"band missing",2023,NA,"SY",2024-02-14,NA,NA,NA,NA,NA,"blue",127,NA,NA,NA,NA,NA,NA,NA,NA,NA
"1913",2023-08-17,"WL3","1","4",NA,31,4,NA,NA,NA,NA,NA,NA,NA,NA,"band missing",2023,NA,"SY",2024-02-14,NA,NA,NA,NA,NA,"blue",756,NA,NA,NA,NA,NA,NA,NA,NA,NA
"1914",2023-08-17,"WL3","1","4","X",45,50,NA,NA,NA,NA,NA,NA,NA,NA,"gone",2023,NA,"SY",2024-02-14,NA,NA,NA,NA,NA,"white",24,NA,NA,NA,NA,NA,NA,NA,NA,NA
"1915",2023-08-17,"WL3","1","4.5","X",34,4,NA,NA,NA,NA,NA,NA,NA,NA,"dead/buried",2023,NA,"SY",2024-02-14,NA,NA,NA,NA,NA,"blue",59,NA,NA,NA,NA,NA,NA,NA,NA,NA
"1916",2023-08-17,"WL3","1","4.5","X",8,27,NA,NA,NA,NA,NA,NA,NA,NA,"gone",2023,NA,"SY",2024-02-14,NA,NA,NA,NA,NA,"white",14,NA,NA,NA,NA,NA,NA,NA,NA,NA
"1917",2023-08-17,"WL3","1","4.5","X",49,23,NA,NA,NA,NA,NA,NA,NA,NA,"band moved",2023,NA,"SY",2024-02-14,NA,NA,NA,NA,NA,"white",46,NA,NA,NA,NA,NA,NA,NA,NA,NA
"1918",2023-08-17,"WL3","1","4.5",NA,20,50,NA,NA,NA,NA,NA,NA,NA,NA,"band missing",2023,NA,"SY",2024-02-14,NA,NA,NA,NA,NA,"white",34,NA,NA,NA,NA,NA,NA,NA,NA,NA
"1919",2023-08-17,"WL3","1","5",NA,23,5,NA,NA,NA,NA,NA,NA,NA,NA,"dead",2023,NA,"SY",2024-02-14,NA,NA,NA,NA,NA,"blue",129,NA,NA,NA,NA,NA,NA,NA,NA,NA
"1920",2023-08-17,"WL3","1","5","X",13,31,NA,NA,NA,NA,NA,NA,NA,NA,"dead",2023,NA,"SY",2024-02-14,NA,NA,NA,NA,NA,"white",18,NA,NA,NA,NA,NA,NA,NA,NA,NA
"1921",2023-08-17,"WL3","1","6.5",NA,47,5,NA,NA,NA,NA,NA,NA,NA,NA,"band missing",2023,NA,"SY",2024-02-14,NA,NA,NA,NA,NA,"white",38,NA,NA,NA,NA,NA,NA,NA,NA,NA
"1922",2023-08-17,"WL3","1","8","X",49,23,NA,NA,NA,NA,NA,NA,NA,NA,"dead;maybe 800 not 8",2023,NA,"SY",2024-02-14,NA,NA,NA,NA,NA,"white",800,NA,NA,NA,NA,NA,NA,NA,NA,NA
"1923",2023-08-17,"WL3","1","8.5","X",5,8,NA,NA,NA,NA,NA,NA,NA,NA,"gone",2023,NA,"SY",2024-02-14,NA,NA,NA,NA,NA,"white",262,NA,NA,NA,NA,NA,NA,NA,NA,NA
"1924",2023-08-17,"WL3","1","8.5",NA,13,15,NA,NA,NA,NA,NA,NA,NA,NA,"missing band",2023,NA,"SY",2024-02-14,NA,NA,NA,NA,NA,"white",234,NA,NA,NA,NA,NA,NA,NA,NA,NA
"1925",2023-08-17,"WL3","1","8.5",NA,16,18,NA,NA,NA,NA,NA,NA,NA,NA,"missing band",2023,NA,"SY",2024-02-14,NA,NA,NA,NA,NA,"white",92,NA,NA,NA,NA,NA,NA,NA,NA,NA
"1926",2023-08-17,"WL3","1","8.5",NA,24,24,NA,NA,NA,NA,NA,NA,NA,NA,"missing band",2023,NA,"SY",2024-02-14,NA,NA,NA,NA,NA,"white",101,NA,NA,NA,NA,NA,NA,NA,NA,NA
"1927",2023-08-17,"WL3","1","8.5","X",41,29,NA,NA,NA,NA,NA,NA,NA,NA,"gone",2023,NA,"SY",2024-02-14,NA,NA,NA,NA,NA,"white",157,NA,NA,NA,NA,NA,NA,NA,NA,NA
"1928",2023-08-17,"WL3","1","9",NA,36,23,NA,NA,NA,NA,NA,NA,NA,NA,"gone",2023,NA,"SY",2024-02-14,NA,NA,NA,NA,NA,"white",123,NA,NA,NA,NA,NA,NA,NA,NA,NA
"1929",2023-08-17,"WL3","1","9.5",NA,19,50,NA,NA,NA,NA,NA,NA,NA,NA,"band missing",2023,NA,"SY",2024-02-14,NA,NA,NA,NA,NA,"blue",61,NA,NA,NA,NA,NA,NA,NA,NA,NA
"1930",2023-08-17,"WL3","1","9.5","X",45,15,NA,NA,NA,NA,NA,NA,NA,NA,"gone",2023,NA,"SY",2024-02-14,NA,NA,NA,NA,NA,"white",340,NA,NA,NA,NA,NA,NA,NA,NA,NA
"1931",2023-08-17,"WL3","1","9.5",NA,3,27,NA,NA,NA,NA,NA,NA,NA,NA,"band missing",2023,NA,"SY",2024-02-14,NA,NA,NA,NA,NA,"white",347,NA,NA,NA,NA,NA,NA,NA,NA,NA
"1932",2023-08-17,"WL3","1","1.5","X",43,15,NA,NA,NA,NA,NA,NA,NA,NA,"unmarked band found",2023,NA,"SY",2024-02-14,NA,NA,NA,NA,NA,"orange",NA,NA,NA,NA,NA,NA,NA,NA,NA,NA
"1933",2023-08-17,"WL3","1","0","V",14,12,"0.51","0.9",1,"0.5",NA,NA,NA,NA,NA,2023,NA,"SY",2024-02-14,NA,NA,NA,NA,NA,"red",253,NA,NA,NA,NA,NA,"N",NA,NA,0.5
"1934",2023-08-17,"WL3","1","0","V",39,11,"0.74","1.3",1,"0.7",NA,NA,NA,NA,NA,2023,NA,"SY",2024-02-14,NA,NA,NA,NA,NA,"red",143,NA,NA,NA,NA,NA,"N",NA,NA,0.5
"1935",2023-08-17,"WL3","1","1","P",49,18,"2.15","15.1",8,NA,"0.0","32.0",4.9,8,NA,2023,NA,"SY",2024-02-14,NA,NA,NA,NA,NA,"red",227,NA,NA,NA,NA,NA,"N",NA,NA,2.15
"1936",2023-08-17,"WL3","1","1.5","V",14,12,"0.58","1.2",1,"1.0",NA,NA,NA,NA,NA,2023,NA,"SY",2024-02-14,NA,NA,NA,NA,NA,"red",575,NA,NA,NA,NA,NA,"Y",NA,NA,0.5
"1937",2023-08-17,"WL3","1","1.5","V",29,0,"0.4","1.3",1,"1.3",NA,NA,NA,NA,NA,2023,NA,"SY",2024-02-14,NA,NA,NA,NA,NA,"red",797,NA,NA,NA,NA,NA,"Y",NA,NA,0.5
"1938",2023-08-17,"WL3","1","1.5","V",36,11,"0.56","1.4",1,"0.6",NA,NA,NA,NA,NA,2023,NA,"SY",2024-02-14,NA,NA,NA,NA,NA,"red",274,NA,NA,NA,NA,NA,"N",NA,NA,0.5
"1939",2023-08-17,"WL3","1","2","V",5,15,"0.58","1.6",1,"1.0",NA,NA,NA,NA,NA,2023,NA,"SY",2024-02-14,NA,NA,NA,NA,NA,"red",4,NA,NA,NA,NA,NA,"Y",NA,NA,0.5
"1940",2023-08-17,"WL3","1","2","V",7,2,"0.43","1.1",1,"0.8",NA,NA,NA,NA,NA,2023,NA,"SY",2024-02-14,NA,NA,NA,NA,NA,"red",238,NA,NA,NA,NA,NA,"Y",NA,NA,0.5
"1941",2023-08-17,"WL3","1","2","V",15,11,"0.52","1.6",1,"1.6",NA,NA,NA,NA,NA,2023,NA,"SY",2024-02-14,NA,NA,NA,NA,NA,"red",789,NA,NA,NA,NA,NA,"Y",NA,NA,0.5
"1942",2023-08-17,"WL3","1","2","V",13,2,"0.48","0.7",1,"0.6",NA,NA,NA,NA,NA,2023,NA,"SY",2024-02-14,NA,NA,NA,NA,NA,"red",115,NA,NA,NA,NA,NA,"Y",NA,NA,0.5
"1943",2023-08-17,"WL3","1","2","V",20,8,"0.46","1.4",1,"0.9",NA,NA,NA,NA,NA,2023,NA,"SY",2024-02-14,NA,NA,NA,NA,NA,"red",562,NA,NA,NA,NA,NA,"Y",NA,NA,0.5
"1944",2023-08-17,"WL3","1","2","V",22,4,"0.58","2.5",1,"1.0",NA,NA,NA,NA,NA,2023,NA,"SY",2024-02-14,NA,NA,NA,NA,NA,"red",204,NA,NA,NA,NA,NA,"Y",NA,NA,0.5
"1945",2023-08-17,"WL3","1","2","V",24,3,"0.36","2.7",1,"1.7",NA,NA,NA,NA,NA,2023,NA,"SY",2024-02-14,NA,NA,NA,NA,NA,"red",76,NA,NA,NA,NA,NA,"N",NA,NA,0.5
"1946",2023-08-17,"WL3","1","2","V",24,1,"0.32","0.7",1,"0.2",NA,NA,NA,NA,NA,2023,NA,"SY",2024-02-14,NA,NA,NA,NA,NA,"red",102,NA,NA,NA,NA,NA,"N",NA,NA,0.5
"1947",2023-08-17,"WL3","1","2","V",36,20,"0.21","1.5",1,"0.8",NA,NA,NA,NA,NA,2023,NA,"SY",2024-02-14,NA,NA,NA,NA,NA,"red",48,NA,NA,NA,NA,NA,"Y",NA,NA,0.5
"1948",2023-08-17,"WL3","1","2","V",39,41,"0.61","1.1",1,"1.2",NA,NA,NA,NA,NA,2023,NA,"SY",2024-02-14,NA,NA,NA,NA,NA,"red",702,NA,NA,NA,NA,NA,"N",NA,NA,0.5
"1949",2023-08-17,"WL3","1","2.5","V",0,9,"0.79","1.7",1,"1.7",NA,NA,NA,NA,NA,2023,NA,"SY",2024-02-14,NA,NA,NA,NA,NA,"red",700,NA,NA,NA,NA,NA,"N",NA,NA,0.5
"1950",2023-08-17,"WL3","1","2.5","V",0,6,"0.35","0.7",1,"0.8",NA,NA,NA,NA,NA,2023,NA,"SY",2024-02-14,NA,NA,NA,NA,NA,"red",409,NA,NA,NA,NA,NA,"N",NA,NA,0.5
"1951",2023-08-17,"WL3","1","2.5","V",4,7,"0.3","0.5",1,"0.5",NA,NA,NA,NA,NA,2023,NA,"SY",2024-02-14,NA,NA,NA,NA,NA,"red",242,NA,NA,NA,NA,NA,"Y",NA,NA,0.5
"1952",2023-08-17,"WL3","1","2.5","V",10,8,"0.4","1.6",1,"1.0",NA,NA,NA,NA,NA,2023,NA,"SY",2024-02-14,NA,NA,NA,NA,NA,"red",799,NA,NA,NA,NA,NA,"N",NA,NA,0.5
"1953",2023-08-17,"WL3","1","2.5","V",11,30,"0.77","2.1",1,"1.9",NA,NA,NA,NA,NA,2023,NA,"SY",2024-02-14,NA,NA,NA,NA,NA,"red",64,NA,NA,NA,NA,NA,"N",NA,NA,0.5
"1954",2023-08-17,"WL3","1","2.5","V",6,39,"0.59","2.1",1,"1.1",NA,NA,NA,NA,NA,2023,NA,"SY",2024-02-14,NA,NA,NA,NA,NA,"red",252,NA,NA,NA,NA,NA,"N",NA,NA,0.5
"1955",2023-08-17,"WL3","1","2.5","V",9,49,"0.6","1.2",1,"1.5",NA,NA,NA,NA,NA,2023,NA,"SY",2024-02-14,NA,NA,NA,NA,NA,"red",154,NA,NA,NA,NA,NA,"N",NA,NA,0.5
"1956",2023-08-17,"WL3","1","2.5","V",17,10,"0.43","3.1",1,"1.2",NA,NA,NA,NA,NA,2023,NA,"SY",2024-02-14,NA,NA,NA,NA,NA,"red",565,NA,NA,NA,NA,NA,"N",NA,NA,0.5
"1957",2023-08-17,"WL3","1","2.5","V",22,9,"0.21","1.2",1,"0.6",NA,NA,NA,0,NA,2023,NA,"SY",2024-02-14,NA,NA,NA,NA,NA,"red",94,NA,NA,NA,NA,NA,"Y",NA,NA,0.5
"1958",2023-08-17,"WL3","1","3","V",12,23,"0.89","1.2",1,"1.3",NA,NA,NA,0,NA,2023,NA,"SY",2024-02-14,NA,NA,NA,NA,NA,"red",98,NA,NA,NA,NA,NA,"N",NA,NA,0.5
"1959",2023-08-17,"WL3","1","3","V",38,40,"0.47","1.0",1,"0.7",NA,NA,NA,0,NA,2023,NA,"SY",2024-02-14,NA,NA,NA,NA,NA,"red",235,NA,NA,NA,NA,NA,"Y",NA,NA,0.5
"1960",2023-08-17,"WL3","1","3.5","V",50,26,"0.75","1.4",1,"0.9",NA,NA,NA,0,NA,2023,NA,"SY",2024-02-14,NA,NA,NA,NA,NA,"red",790,NA,NA,NA,NA,NA,"Y",NA,NA,0.5
"1961",2023-08-17,"WL3","1","3.5","V",40,9,"0.76","1.5",1,"1.2",NA,NA,NA,0,NA,2023,NA,"SY",2024-02-14,NA,NA,NA,NA,NA,"red",247,NA,NA,NA,NA,NA,"N",NA,NA,0.5
"1962",2023-08-17,"WL3","1","3.5","V",37,35,"0.42","2.1",1,"1.1",NA,NA,NA,0,NA,2023,NA,"SY",2024-02-14,NA,NA,NA,NA,NA,"red",265,NA,NA,NA,NA,NA,"N",NA,NA,0.5
"1963",2023-08-17,"WL3","1","3.5","V",10,36,"0.71","1.2",1,"0.6",NA,NA,NA,0,NA,2023,NA,"SY",2024-02-14,NA,NA,NA,NA,NA,"red",250,NA,NA,NA,NA,NA,"Y",NA,NA,0.5
"1964",2023-08-17,"WL3","1","3.5","P",13,12,"2.05","14.4",1,NA,"0.0","18.0",3.5,1,NA,2023,NA,"SY",2024-02-14,NA,NA,NA,NA,NA,"red",2,NA,NA,NA,NA,NA,"N",NA,NA,2.05
"1965",2023-08-17,"WL3","1","4","V",5,17,"0.73","1.1",1,"0.8",NA,NA,NA,0,NA,2023,NA,"SY",2024-02-14,NA,NA,NA,NA,NA,"red",108,NA,NA,NA,NA,NA,"Y",NA,NA,0.5
"1966",2023-08-17,"WL3","1","4","V",3,23,"0.68","1.2",1,"1.2",NA,NA,NA,0,NA,2023,NA,"SY",2024-02-14,NA,NA,NA,NA,NA,"red",260,NA,NA,NA,NA,NA,"Y",NA,NA,0.5
"1967",2023-08-17,"WL3","1","4","V",22,19,"0.64","1.4",1,"1.5",NA,NA,NA,0,NA,2023,NA,"SY",2024-02-14,NA,NA,NA,NA,NA,"red",255,NA,NA,NA,NA,NA,"N",NA,NA,0.5
"1968",2023-08-17,"WL3","1","4","V",24,6,"0.26","0.7",1,"0.5",NA,NA,NA,0,NA,2023,NA,"SY",2024-02-14,NA,NA,NA,NA,NA,"red",132,NA,NA,NA,NA,NA,"N",NA,NA,0.5
"1969",2023-08-17,"WL3","1","4","V",25,12,"0.81","1.5",1,"1.7",NA,NA,NA,0,NA,2023,NA,"SY",2024-02-14,NA,NA,NA,NA,NA,"red",31,NA,NA,NA,NA,NA,"Y",NA,NA,0.5
"1970",2023-08-17,"WL3","1","4","V",37,5,"0.38","1.1",1,"0.4",NA,NA,NA,0,NA,2023,NA,"SY",2024-02-14,NA,NA,NA,NA,NA,"red",594,NA,NA,NA,NA,NA,"N",NA,NA,0.5
"1971",2023-08-17,"WL3","1","5.5","V",25,32,"1.05","0.9",1,"1.7",NA,NA,NA,0,NA,2023,NA,"SY",2024-02-14,NA,NA,NA,NA,NA,"red",223,NA,NA,NA,NA,NA,"Y",NA,NA,1.05
"1972",2023-08-17,"WL3","1","5.5","V",40,34,"0.9","1.4",1,"1.2",NA,NA,NA,0,NA,2023,NA,"SY",2024-02-14,NA,NA,NA,NA,NA,"red",122,NA,NA,NA,NA,NA,"N",NA,NA,0.5
"1973",2023-08-17,"WL3","1","5.5","V",37,25,"0.61","1.6",1,"1.1",NA,NA,NA,0,NA,2023,NA,"SY",2024-02-14,NA,NA,NA,NA,NA,"red",1,NA,NA,NA,NA,NA,"N",NA,NA,0.5
"1974",2023-08-17,"WL3","1","5.5","V",5,26,"0.48","1.0",1,"0.8",NA,NA,NA,0,NA,2023,NA,"SY",2024-02-14,NA,NA,NA,NA,NA,"red",424,NA,NA,NA,NA,NA,"N",NA,NA,0.5
"1975",2023-08-17,"WL3","1","5.5","V",35,8,"0.81","1.8",1,"1.4",NA,NA,NA,0,NA,2023,NA,"SY",2024-02-14,NA,NA,NA,NA,NA,"red",68,NA,NA,NA,NA,NA,"N",NA,NA,0.5
"1976",2023-08-17,"WL3","1","5.5","V",42,10,"1.01","1.3",1,"1.2",NA,NA,NA,0,NA,2023,NA,"SY",2024-02-14,NA,NA,NA,NA,NA,"red",259,NA,NA,NA,NA,NA,"Y",NA,NA,1.01
"1977",2023-08-17,"WL3","1","7.5","V",1,44,"0.89","1.4",1,"1.2",NA,NA,NA,0,NA,2023,NA,"SY",2024-02-14,NA,NA,NA,NA,NA,"red",10,NA,NA,NA,NA,NA,"Y",NA,NA,0.5
"1978",2023-08-17,"WL3","1","8.5","V",26,17,"0.46","1.5",1,"1.3",NA,NA,NA,0,NA,2023,NA,"SY",2024-02-14,NA,NA,NA,NA,NA,"red",400,NA,NA,NA,NA,NA,"Y",NA,NA,0.5
"1979",2023-08-17,"WL3","1","9.5","V",7,4,"0.7","0.7",1,"0.9",NA,NA,NA,0,NA,2023,NA,"SY",2024-02-14,NA,NA,NA,NA,NA,"red",88,NA,NA,NA,NA,NA,"N",NA,NA,0.5
"1980",2023-08-17,"WL3","1","9.5","V",30,4,"0.53","1.4",1,"0.8",NA,NA,NA,0,NA,2023,NA,"SY",2024-02-14,NA,NA,NA,NA,NA,"red",156,NA,NA,NA,NA,NA,"N",NA,NA,0.5
"1981",2023-08-17,"WL3","1","9.5","V",0,50,"0.42","1.0",1,"0.9",NA,NA,NA,0,NA,2023,NA,"SY",2024-02-14,NA,NA,NA,NA,NA,"red",363,NA,NA,NA,NA,NA,"N",NA,NA,0.5
"1982",2023-08-17,"WL3","1","9.5","V",1,49,"0.58","1.5",1,"1.0",NA,NA,NA,0,NA,2023,NA,"SY",2024-02-14,NA,NA,NA,NA,NA,"red",593,NA,NA,NA,NA,NA,"N",NA,NA,0.5
"1983",2023-08-17,"WL3","1","9.5","V",3,49,"0.39","0.6",1,"0.8",NA,NA,NA,0,NA,2023,NA,"SY",2024-02-14,NA,NA,NA,NA,NA,"red",809,NA,NA,NA,NA,NA,"Y",NA,NA,0.5
"1984",2023-08-17,"WL3","1","9.5","V",5,48,"0.49","0.9",1,"1.0",NA,NA,NA,0,NA,2023,NA,"SY",2024-02-14,NA,NA,NA,NA,NA,"red",803,NA,NA,NA,NA,NA,"Y",NA,NA,0.5
"1985",2023-08-17,"WL3","1","9.5","V",39,0,"0.38","0.9",1,"0.4",NA,NA,NA,0,NA,2023,NA,"SY",2024-02-14,NA,NA,NA,NA,NA,"red",837,NA,NA,NA,NA,NA,"Y",NA,NA,0.5
"1986",2023-08-17,"WL3","1","9.5","V",40,11,"0.48","1.1",1,"1.1",NA,NA,NA,0,NA,2023,NA,"SY",2024-02-14,NA,NA,NA,NA,NA,"red",892,NA,NA,NA,NA,NA,"Y",NA,NA,0.5
"1987",2023-08-17,"WL3","1","9.5","V",39,28,"0.92","1.8",1,"1.7",NA,NA,NA,0,NA,2023,NA,"SY",2024-02-14,NA,NA,NA,NA,NA,"red",748,NA,NA,NA,NA,NA,"Y",NA,NA,0.5
"1988",2023-08-17,"WL3","1","9.5","V",50,27,"0.86","2.1",1,"1.4",NA,NA,NA,0,NA,2023,NA,"SY",2024-02-14,NA,NA,NA,NA,NA,"red",835,NA,NA,NA,NA,NA,"Y",NA,NA,0.5
"1989",2023-08-17,"WL3","2","4","V",5,3,"0.59","2.2",1,"1.2",NA,NA,NA,NA,NA,2023,NA,"SY",2024-02-14,NA,NA,NA,NA,NA,"red",52,NA,NA,NA,NA,NA,"N",NA,NA,0.5
"1990",2023-08-17,"WL3","2","4","V",40,5,"0.6","1.2",1,"0.3",NA,NA,NA,NA,NA,2023,NA,"SY",2024-02-14,NA,NA,NA,NA,NA,"red",47,NA,NA,NA,NA,NA,"Y",NA,NA,0.5
"1991",2023-08-17,"WL3","2","4","V",47,18,"0.74","0.8",1,"0.8",NA,NA,NA,NA,NA,2023,NA,"SY",2024-02-14,NA,NA,NA,NA,NA,"red",110,NA,NA,NA,NA,NA,"Y",NA,NA,0.5
"1992",2023-08-17,"WL3","2","4","V",37,23,"0.54","0.5",1,"0.7",NA,NA,NA,NA,NA,2023,NA,"SY",2024-02-14,NA,NA,NA,NA,NA,"red",425,NA,NA,NA,NA,NA,"N",NA,NA,0.5
"1993",2023-08-17,"WL3","2","4","V",25,37,"0.45","0.5",1,"0.4",NA,NA,NA,NA,NA,2023,NA,"SY",2024-02-14,NA,NA,NA,NA,NA,"red",587,NA,NA,NA,NA,NA,"Y",NA,NA,0.5
"1994",2023-08-17,"WL3","2","4.5","P",NA,NA,"1.15","13.5",2,NA,"0.0","8.0",3.9,2,NA,2023,NA,"SY",2024-02-14,NA,NA,NA,NA,NA,NA,NA,NA,NA,NA,NA,NA,"Y",NA,NA,1.15
"1995",2023-08-17,"WL3","2","4.5","V",28,10,"0.48","1.0",1,"0.3",NA,NA,NA,NA,NA,2023,NA,"SY",2024-02-14,NA,NA,NA,NA,NA,"red",670,NA,NA,NA,NA,NA,"Y",NA,NA,0.5
"1996",2023-08-17,"WL3","2","4.5","V",23,10,"0.47","1.1",1,"0.6",NA,NA,NA,NA,NA,2023,NA,"SY",2024-02-14,NA,NA,NA,NA,NA,"red",406,NA,NA,NA,NA,NA,"N",NA,NA,0.5
"1997",2023-08-17,"WL3","2","4.5","V",40,16,"0.61","1.2",1,"0.5",NA,NA,NA,NA,NA,2023,NA,"SY",2024-02-14,NA,NA,NA,NA,NA,"red",684,NA,NA,NA,NA,NA,"N",NA,NA,0.5
"1998",2023-08-17,"WL3","2","4.5","V",35,25,"0.79","1.5",1,"0.7",NA,NA,NA,NA,NA,2023,NA,"SY",2024-02-14,NA,NA,NA,NA,NA,"red",261,NA,NA,NA,NA,NA,"Y",NA,NA,0.5
"1999",2023-08-17,"WL3","2","4.5","V",30,29,"0.59","1.1",1,"1.1",NA,NA,NA,NA,NA,2023,NA,"SY",2024-02-14,NA,NA,NA,NA,NA,"red",91,NA,NA,NA,NA,NA,"Y",NA,NA,0.5
"2000",2023-08-17,"WL3","2","4.5","V",4,21,"0.45","0.7",1,"0.5",NA,NA,NA,NA,NA,2023,NA,"SY",2024-02-14,NA,NA,NA,NA,NA,"red",574,NA,NA,NA,NA,NA,"Y",NA,NA,0.5
"2001",2023-08-17,"WL3","2","4.5","V",15,32,"0.48","1.5",1,"0.8",NA,NA,NA,NA,NA,2023,NA,"SY",2024-02-14,NA,NA,NA,NA,NA,"red",408,NA,NA,NA,NA,NA,"N",NA,NA,0.5
"2002",2023-08-17,"WL3","2","4.5","V",20,32,"0.44","1.6",1,"0.7",NA,NA,NA,NA,NA,2023,NA,"SY",2024-02-14,NA,NA,NA,NA,NA,"red",680,NA,NA,NA,NA,NA,"N",NA,NA,0.5
"2003",2023-08-17,"WL3","2","4.5","V",21,32,"0.36","1.2",1,"0.7",NA,NA,NA,NA,NA,2023,NA,"SY",2024-02-14,NA,NA,NA,NA,NA,"red",675,NA,NA,NA,NA,NA,"Y",NA,NA,0.5
"2004",2023-08-17,"WL3","2","4.5","V",37,37,"0.35","1.3",1,"0.5",NA,NA,NA,NA,NA,2023,NA,"SY",2024-02-14,NA,NA,NA,NA,NA,"red",788,NA,NA,NA,NA,NA,"Y",NA,NA,0.5
"2005",2023-08-17,"WL3","2","4.5","V",NA,NA,"<1","0.7",1,"0.3",NA,NA,NA,NA,NA,2023,NA,"SY",2024-02-14,NA,NA,NA,NA,NA,NA,NA,NA,NA,NA,NA,NA,"N",NA,NA,0.5
"2006",2023-08-17,"WL3","2","4.5","V",NA,NA,"<1","0.7",1,"0.4",NA,NA,NA,NA,NA,2023,NA,"SY",2024-02-14,NA,NA,NA,NA,NA,NA,NA,NA,NA,NA,NA,NA,"Y",NA,NA,0.5
"2007",2023-08-17,"WL3","2","4.5","V",NA,NA,"<1","1.0",1,"0.3",NA,NA,NA,NA,NA,2023,NA,"SY",2024-02-14,NA,NA,NA,NA,NA,NA,NA,NA,NA,NA,NA,NA,"N",NA,NA,0.5
"2008",2023-08-17,"WL3","2","4.5","V",NA,NA,"<1","0.8",1,"0.5",NA,NA,NA,NA,NA,2023,NA,"SY",2024-02-14,NA,NA,NA,NA,NA,NA,NA,NA,NA,NA,NA,NA,"Y",NA,NA,0.5
"2009",2023-08-17,"WL3","2","4.5","V",NA,NA,"<1","0.8",1,"0.7",NA,NA,NA,NA,NA,2023,NA,"SY",2024-02-14,NA,NA,NA,NA,NA,NA,NA,NA,NA,NA,NA,NA,"N",NA,NA,0.5
"2010",2023-08-17,"WL3","4","8.5","V",10,42,"0.73","1.8",1,"1.0",NA,NA,NA,NA,NA,2023,NA,"SY",2024-02-14,NA,NA,NA,NA,NA,"red",677,NA,NA,NA,NA,NA,"Y",NA,NA,0.5
"2011",2023-08-17,"WL3","4","8","V",4,26,"0.63","1.8",1,"1.1",NA,NA,NA,NA,NA,2023,NA,"SY",2024-02-14,NA,NA,NA,NA,NA,"red",674,NA,NA,NA,NA,NA,"N",NA,NA,0.5
"2012",2023-08-17,"WL3","4","7.5","P",9,33,"2.39","20.5",5,NA,"0.0","32.0",5.3,5,NA,2023,NA,"SY",2024-02-14,NA,NA,NA,NA,NA,"red",682,NA,NA,NA,NA,NA,"Y",NA,NA,2.39
"2013",2023-08-17,"WL3","4","7.5","P",NA,NA,"3.58","21.2",6,NA,"0.0","47.0",5.4,6,"dying",2023,NA,"SY",2024-02-14,NA,NA,NA,NA,NA,NA,NA,NA,NA,NA,NA,NA,"Y",NA,NA,3.58
"2014",2023-08-17,"WL3","2","0.5","P",14,8,"2.92","12.7",5,NA,"0.0","26.0",5.8,5,NA,2023,NA,"SY",2024-02-14,NA,NA,NA,NA,NA,"white",265,NA,NA,NA,NA,NA,"Y",NA,NA,2.92
"2015",2023-08-17,"WL3","2","0.5","P",23,33,"2.7","11.1",8,NA,"3.0","30.0",3.7,8,NA,2023,NA,"SY",2024-02-14,NA,NA,NA,NA,NA,"white",322,NA,NA,NA,NA,NA,"Y",NA,NA,2.7
"2016",2023-08-17,"WL3","2","0.5","X",33,40,NA,NA,NA,NA,NA,NA,NA,NA,NA,2023,NA,"SY",2024-02-14,NA,NA,NA,NA,NA,"white",240,NA,NA,NA,NA,NA,NA,NA,NA,NA
"2017",2023-08-17,"WL3","2","0.5","P",45,47,"2.45","15.7",6,NA,"0.0","0.0",41,6,NA,2023,NA,"SY",2024-02-14,NA,NA,NA,NA,NA,"white",126,NA,NA,NA,NA,NA,NA,NA,NA,2.45
"2018",2023-08-17,"WL3","2","1","P",5,1,"1.77","14.2",4,NA,"0.0","0.0",13,4.8,NA,2023,NA,"SY",2024-02-14,NA,NA,NA,NA,NA,"white",144,NA,NA,NA,NA,NA,"Y",NA,NA,1.77
"2019",2023-08-17,"WL3","2","1","X",6,7,NA,NA,NA,NA,NA,NA,NA,NA,NA,2023,NA,"SY",2024-02-14,NA,NA,NA,NA,NA,"white",342,NA,NA,NA,NA,NA,NA,NA,NA,NA
"2020",2023-08-17,"WL3","2","1","X",22,11,NA,NA,NA,NA,NA,NA,NA,NA,NA,2023,NA,"SY",2024-02-14,NA,NA,NA,NA,NA,"white",131,NA,NA,NA,NA,NA,NA,NA,NA,NA
"2021",2023-08-17,"WL3","2","1","X",33,3,NA,NA,NA,NA,NA,NA,NA,NA,"off transect",2023,NA,"SY",2024-02-14,NA,NA,NA,NA,NA,"white",91,NA,NA,NA,NA,NA,NA,NA,NA,NA
"2022",2023-08-17,"WL3","2","1","P",21,12,"1.55","9.3",6,NA,"0.0","18.0",4.1,6,NA,2023,NA,"SY",2024-02-14,NA,NA,NA,NA,NA,"white",20,NA,NA,NA,NA,NA,"Y",NA,NA,1.55
"2023",2023-08-17,"WL3","2","1","X",46,2,NA,NA,NA,NA,NA,NA,NA,NA,NA,2023,NA,"SY",2024-02-14,NA,NA,NA,NA,NA,"white",45,NA,NA,NA,NA,NA,NA,NA,NA,NA
"2024",2023-08-17,"WL3","2","1","X",28,11,NA,NA,NA,NA,NA,NA,NA,NA,NA,2023,NA,"SY",2024-02-14,NA,NA,NA,NA,NA,"white",103,NA,NA,NA,NA,NA,NA,NA,NA,NA
"2025",2023-08-17,"WL3","2","1","V",16,19,"2.34","4.0",3,"0.7",NA,NA,NA,NA,NA,2023,NA,"SY",2024-02-14,NA,NA,NA,NA,NA,"white",97,NA,NA,NA,NA,NA,"Y",NA,NA,2.34
"2026",2023-08-17,"WL3","2","1","X",41,25,NA,NA,NA,NA,NA,NA,NA,NA,NA,2023,NA,"SY",2024-02-14,NA,NA,NA,NA,NA,"white",100,NA,NA,NA,NA,NA,NA,NA,NA,NA
"2027",2023-08-17,"WL3","2","1","P",10,50,"2.18","18.1",4,NA,"1.0","16.0",4.9,4,NA,2023,NA,"SY",2024-02-14,NA,NA,NA,NA,NA,"white",158,NA,NA,NA,NA,NA,"Y",NA,NA,2.18
"2028",2023-08-17,"WL3","2","1.5","X",20,30,NA,NA,NA,NA,NA,NA,NA,NA,NA,2023,NA,"SY",2024-02-14,NA,NA,NA,NA,NA,"blue",77,NA,NA,NA,NA,NA,NA,NA,NA,NA
"2029",2023-08-17,"WL3","2","1.5","X",35,15,NA,NA,NA,NA,NA,NA,NA,NA,NA,2023,NA,"SY",2024-02-14,NA,NA,NA,NA,NA,"blue",89,NA,NA,NA,NA,NA,NA,NA,NA,NA
"2030",2023-08-17,"WL3","2","1.5","X",4,3,NA,NA,NA,NA,NA,NA,NA,NA,NA,2023,NA,"SY",2024-02-14,NA,NA,NA,NA,NA,"white",103,NA,NA,NA,NA,NA,NA,NA,NA,NA
"2031",2023-08-17,"WL3","2","1.5","P",19,7,"1.98","8.3",2,NA,"0.0","7.0",2.2,2,NA,2023,NA,"SY",2024-02-14,NA,NA,NA,NA,NA,"white",93,NA,NA,NA,NA,NA,"Y",NA,NA,1.98
"2032",2023-08-17,"WL3","2","1.5","P",24,19,"1.77","17.7",4,NA,"0.0","51.0",5.7,4,NA,2023,NA,"SY",2024-02-14,NA,NA,NA,NA,NA,"white",36,NA,NA,NA,NA,NA,"Y",NA,NA,1.77
"2033",2023-08-17,"WL3","2","4.5","X",NA,NA,NA,NA,NA,NA,NA,NA,NA,NA,NA,2023,NA,"SY",2024-02-14,NA,NA,NA,NA,NA,"blue",35,NA,NA,NA,NA,NA,NA,NA,NA,NA
"2034",2023-08-17,"WL3","2","4.5","X",NA,NA,NA,NA,NA,NA,NA,NA,NA,NA,NA,2023,NA,"SY",2024-02-14,NA,NA,NA,NA,NA,"orange",75,NA,NA,NA,NA,NA,NA,NA,NA,NA
"2035",2023-08-17,"WL3","2","0","V",10,8,"0.41","0.8",1,"0.3",NA,NA,NA,NA,NA,2023,NA,"SY",2024-02-14,NA,NA,NA,NA,NA,"red",254,NA,NA,NA,NA,NA,"Y",NA,NA,0.5
"2036",2023-08-17,"WL3","2","0","V",16,13,"0.5","0.7",1,"0.5",NA,NA,NA,NA,NA,2023,NA,"SY",2024-02-14,NA,NA,NA,NA,NA,"red",153,NA,NA,NA,NA,NA,"Y",NA,NA,0.5
"2037",2023-08-17,"WL3","2","0","V",20,12,"0.51","0.7",1,"0.5",NA,NA,NA,NA,NA,2023,NA,"SY",2024-02-14,NA,NA,NA,NA,NA,"red",118,NA,NA,NA,NA,NA,"Y",NA,NA,0.5
"2038",2023-08-17,"WL3","2","0","V",15,7,"1.44","3.3",1,"1.7",NA,NA,NA,NA,NA,2023,NA,"SY",2024-02-14,NA,NA,NA,NA,NA,"red",93,NA,NA,NA,NA,NA,"Y",NA,NA,1.44
"2039",2023-08-17,"WL3","2","0","V",10,28,"0.56","0.7",1,"0.7",NA,NA,NA,NA,NA,2023,NA,"SY",2024-02-14,NA,NA,NA,NA,NA,"red",151,NA,NA,NA,NA,NA,"Y",NA,NA,0.5
"2040",2023-08-17,"WL3","2","0","V",41,44,"0.77","2.7",1,"1.0",NA,NA,NA,NA,NA,2023,NA,"SY",2024-02-14,NA,NA,NA,NA,NA,"red",117,NA,NA,NA,NA,NA,"N",NA,NA,0.5
"2041",2023-08-17,"WL3","2","0","P",25,19,"1.22","12.0",1,NA,"0.0","9.0",3.9,1,NA,2023,NA,"SY",2024-02-14,NA,NA,NA,NA,NA,"red",59,NA,NA,NA,NA,NA,"Y",NA,NA,1.22
"2042",2023-08-17,"WL3","2","0","P",NA,NA,"1.23","11.1",1,NA,"0.0","10.0",5.1,1,"dying",2023,NA,"SY",2024-02-14,NA,NA,NA,NA,NA,"red",NA,NA,NA,NA,NA,NA,"N",NA,NA,1.23
"2043",2023-08-17,"WL3","2","0","P",NA,NA,"1.18","10.2",3,NA,"0.0","8.0",3.5,3,"dying",2023,NA,"SY",2024-02-14,NA,NA,NA,NA,NA,"red",NA,NA,NA,NA,NA,NA,"N",NA,NA,1.18
"2044",2023-08-17,"WL3","2","1","V",4,42,"0.72","1.3",1,"0.7",NA,NA,NA,NA,NA,2023,NA,"SY",2024-02-14,NA,NA,NA,NA,NA,"red",90,NA,NA,NA,NA,NA,"N",NA,NA,0.5
"2045",2023-08-17,"WL3","2","1","V",7,28,"1.55","6.4",3,"1.4",NA,NA,NA,NA,NA,2023,NA,"SY",2024-02-14,NA,NA,NA,NA,NA,"red",8,NA,NA,NA,NA,NA,"Y",NA,NA,1.55
"2046",2023-08-17,"WL3","2","1","V",35,19,"0.48","1.6",1,"0.5",NA,NA,NA,NA,NA,2023,NA,"SY",2024-02-14,NA,NA,NA,NA,NA,"red",135,NA,NA,NA,NA,NA,"N",NA,NA,0.5
"2047",2023-08-17,"WL3","2","1","F",32,35,"0.92","2.0",1,"0.8",NA,NA,NA,NA,"dying?",2023,NA,"SY",2024-02-14,NA,NA,NA,NA,NA,"red",27,NA,NA,NA,NA,NA,"Y",NA,NA,0.5
"2048",2023-08-17,"WL3","2","1","P",32,38,"1.04","5.7",3,NA,"1.0","0.0",0,1,NA,2023,NA,"SY",2024-02-14,NA,NA,NA,NA,NA,"red",128,NA,NA,NA,NA,NA,"Y",NA,NA,1.04
"2049",2023-08-17,"WL3","2","1","P",8,13,"1.48","15.6",1,NA,"0.0","18.0",4.4,1,NA,2023,NA,"SY",2024-02-14,NA,NA,NA,NA,NA,"red",703,NA,NA,NA,NA,NA,"Y",NA,NA,1.48
"2050",2023-08-17,"WL3","2","1","V",NA,NA,"1.38","12.8",4,NA,"0.0","11.0",4.2,4,"dying",2023,NA,"SY",2024-02-14,NA,NA,NA,NA,NA,"red",NA,NA,NA,NA,NA,NA,"Y",NA,NA,1.38
"2051",2023-08-17,"WL3","2","1.5","V",27,8,"0.34","1.4",1,"0.4",NA,NA,NA,NA,NA,2023,NA,"SY",2024-02-14,NA,NA,NA,NA,NA,"red",23,NA,NA,NA,NA,NA,"Y",NA,NA,0.5
"2052",2023-08-17,"WL3","2","1.5","V",37,11,"0.48","1.2",1,"0.6",NA,NA,NA,NA,NA,2023,NA,"SY",2024-02-14,NA,NA,NA,NA,NA,"red",125,NA,NA,NA,NA,NA,"N",NA,NA,0.5
"2053",2023-08-17,"WL3","2","1.5","V",22,14,"0.36","1.1",1,"0.3",NA,NA,NA,NA,NA,2023,NA,"SY",2024-02-14,NA,NA,NA,NA,NA,"red",281,NA,NA,NA,NA,NA,"N",NA,NA,0.5
"2054",2023-08-17,"WL3","2","1.5","V",25,20,"0.46","0.8",1,"0.4",NA,NA,NA,NA,NA,2023,NA,"SY",2024-02-14,NA,NA,NA,NA,NA,"red",272,NA,NA,NA,NA,NA,"Y",NA,NA,0.5
"2055",2023-08-17,"WL3","2","1.5","V",44,25,"0.52","1.7",1,"0.9",NA,NA,NA,NA,NA,2023,NA,"SY",2024-02-14,NA,NA,NA,NA,NA,"red",81,NA,NA,NA,NA,NA,"N",NA,NA,0.5
"2056",2023-08-17,"WL3","2","1.5","V",22,40,"0.49","1.2",1,"0.3",NA,NA,NA,NA,NA,2023,NA,"SY",2024-02-14,NA,NA,NA,NA,NA,"red",56,NA,NA,NA,NA,NA,"N",NA,NA,0.5
"2057",2023-08-17,"WL3","2","1.5","P",5,24,"2.4","12.7",4,NA,"0.0","7.0",3.7,4,NA,2023,NA,"SY",2024-02-14,NA,NA,NA,NA,NA,"red",300,NA,NA,NA,NA,NA,"Y",NA,NA,2.4
"2058",2023-08-17,"WL3","2","2","P",23,4,"1.87","17.0",5,NA,"0.0","21.0",3.8,5,NA,2023,NA,"SY",2024-02-14,NA,NA,NA,NA,NA,"red",207,NA,NA,NA,NA,NA,"Y",NA,NA,1.87
"2059",2023-08-17,"WL3","2","2.5","V",46,41,"0.57","1.7",1,"1.1",NA,NA,NA,NA,NA,2023,NA,"SY",2024-02-14,NA,NA,NA,NA,NA,"red",589,NA,NA,NA,NA,NA,"N",NA,NA,0.5
"2060",2023-08-17,"WL3","2","3","P",16,12,"1.87","13.2",3,NA,"1.0","18.0",4.3,3,NA,2023,NA,"SY",2024-02-14,NA,NA,NA,NA,NA,"red",44,NA,NA,NA,NA,NA,"Y",NA,NA,1.87
"2061",2023-08-17,"WL3","2","3.5","V",49,9,"0.72","1.3",1,"0.8",NA,NA,NA,NA,NA,2023,NA,"SY",2024-02-14,NA,NA,NA,NA,NA,"red",798,NA,NA,NA,NA,NA,"N",NA,NA,0.5
"2062",2023-08-17,"WL3","2","3.5","V",28,24,"0.63","1.2",1,"0.7",NA,NA,NA,NA,NA,2023,NA,"SY",2024-02-14,NA,NA,NA,NA,NA,"red",55,NA,NA,NA,NA,NA,"N",NA,NA,0.5
"2063",2023-08-17,"WL3","2","4","P",45,13,"1.49","21.1",4,NA,"0.0","43.0",4.7,4,NA,2023,NA,"SY",2024-02-14,NA,NA,NA,NA,NA,"red",133,NA,NA,NA,NA,NA,NA,NA,NA,1.49
"2064",2023-08-17,"WL3","3","0","X",46,50,NA,NA,NA,NA,NA,NA,NA,NA,NA,2023,NA,"SY",2024-02-14,NA,NA,NA,NA,NA,"blue",78,NA,NA,NA,NA,NA,NA,NA,NA,NA
"2065",2023-08-17,"WL3","3","0","X",14,9,NA,NA,NA,NA,NA,NA,NA,NA,NA,2023,NA,"SY",2024-02-14,NA,NA,NA,NA,NA,"white",5,NA,NA,NA,NA,NA,NA,NA,NA,NA
"2066",2023-08-17,"WL3","3","0","X",16,7,NA,NA,NA,NA,NA,NA,NA,NA,NA,2023,NA,"SY",2024-02-14,NA,NA,NA,NA,NA,"white",32,NA,NA,NA,NA,NA,NA,NA,NA,NA
"2067",2023-08-17,"WL3","3","0","X",43,42,NA,NA,NA,NA,NA,NA,NA,NA,NA,2023,NA,"SY",2024-02-14,NA,NA,NA,NA,NA,"white",55,NA,NA,NA,NA,NA,NA,NA,NA,NA
"2068",2023-08-17,"WL3","3","0","X",47,36,NA,NA,NA,NA,NA,NA,NA,NA,"not found",2023,NA,"SY",2024-02-14,NA,NA,NA,NA,NA,"white",12,NA,NA,NA,NA,NA,NA,NA,NA,NA
"2069",2023-08-17,"WL3","3","0","X",44,34,NA,NA,NA,NA,NA,NA,NA,NA,"not found",2023,NA,"SY",2024-02-14,NA,NA,NA,NA,NA,"white",37,NA,NA,NA,NA,NA,NA,NA,NA,NA
"2070",2023-08-17,"WL3","3","0","X",10,48,NA,NA,NA,NA,NA,NA,NA,NA,NA,2023,NA,"SY",2024-02-14,NA,NA,NA,NA,NA,"white",62,NA,NA,NA,NA,NA,NA,NA,NA,NA
"2071",2023-08-17,"WL3","3","0","X",0,22,NA,NA,NA,NA,NA,NA,NA,NA,NA,2023,NA,"SY",2024-02-14,NA,NA,NA,NA,NA,"white",67,NA,NA,NA,NA,NA,NA,NA,NA,NA
"2072",2023-08-17,"WL3","3","0","X",29,8,NA,NA,NA,NA,NA,NA,NA,NA,"not found",2023,NA,"SY",2024-02-14,NA,NA,NA,NA,NA,"white",54,NA,NA,NA,NA,NA,NA,NA,NA,NA
"2073",2023-08-17,"WL3","3","0","X",27,9,NA,NA,NA,NA,NA,NA,NA,NA,NA,2023,NA,"SY",2024-02-14,NA,NA,NA,NA,NA,"white",64,NA,NA,NA,NA,NA,NA,NA,NA,NA
"2074",2023-08-17,"WL3","3","0","X",5,5,NA,NA,NA,NA,NA,NA,NA,NA,NA,2023,NA,"SY",2024-02-14,NA,NA,NA,NA,NA,"white",82,NA,NA,NA,NA,NA,NA,NA,NA,NA
"2075",2023-08-17,"WL3","3","0.5","X",34,5,NA,NA,NA,NA,NA,NA,NA,NA,NA,2023,NA,"SY",2024-02-14,NA,NA,NA,NA,NA,"white",72,NA,NA,NA,NA,NA,NA,NA,NA,NA
"2076",2023-08-17,"WL3","3","0.5","X",20,32,NA,NA,NA,NA,NA,NA,NA,NA,NA,2023,NA,"SY",2024-02-14,NA,NA,NA,NA,NA,"white",70,NA,NA,NA,NA,NA,NA,NA,NA,NA
"2077",2023-08-17,"WL3","3","1","X",17,4,NA,NA,NA,NA,NA,NA,NA,NA,"not found",2023,NA,"SY",2024-02-14,NA,NA,NA,NA,NA,"white",74,NA,NA,NA,NA,NA,NA,NA,NA,NA
"2078",2023-08-17,"WL3","3","1.5","X",43,2,NA,NA,NA,NA,NA,NA,NA,NA,"not found",2023,NA,"SY",2024-02-14,NA,NA,NA,NA,NA,"white",75,NA,NA,NA,NA,NA,NA,NA,NA,NA
"2079",2023-08-17,"WL3","3","1.5","X",23,5,NA,NA,NA,NA,NA,NA,NA,NA,NA,2023,NA,"SY",2024-02-14,NA,NA,NA,NA,NA,"white",2,NA,NA,NA,NA,NA,NA,NA,NA,NA
"2080",2023-08-17,"WL3","3","1.5","X",20,16,NA,NA,NA,NA,NA,NA,NA,NA,NA,2023,NA,"SY",2024-02-14,NA,NA,NA,NA,NA,"white",23,NA,NA,NA,NA,NA,NA,NA,NA,NA
"2081",2023-08-17,"WL3","3","1.5","X",20,19,NA,NA,NA,NA,NA,NA,NA,NA,NA,2023,NA,"SY",2024-02-14,NA,NA,NA,NA,NA,"white",50,NA,NA,NA,NA,NA,NA,NA,NA,NA
"2082",2023-08-17,"WL3","3","1.5","X",41,34,NA,NA,NA,NA,NA,NA,NA,NA,NA,2023,NA,"SY",2024-02-14,NA,NA,NA,NA,NA,"white",98,NA,NA,NA,NA,NA,NA,NA,NA,NA
"2083",2023-08-17,"WL3","3","1.5","X",9,25,NA,NA,NA,NA,NA,NA,NA,NA,"not found",2023,NA,"SY",2024-02-14,NA,NA,NA,NA,NA,"white",63,NA,NA,NA,NA,NA,NA,NA,NA,NA
"2084",2023-08-17,"WL3","3","1.5","X",0,33,NA,NA,NA,NA,NA,NA,NA,NA,NA,2023,NA,"SY",2024-02-14,NA,NA,NA,NA,NA,"white",65,NA,NA,NA,NA,NA,NA,NA,NA,NA
"2085",2023-08-17,"WL3","3","2","X",0,11,NA,NA,NA,NA,NA,NA,NA,NA,NA,2023,NA,"SY",2024-02-14,NA,NA,NA,NA,NA,"white",68,NA,NA,NA,NA,NA,NA,NA,NA,NA
"2086",2023-08-17,"WL3","3","2","X",36,10,NA,NA,NA,NA,NA,NA,NA,NA,"not found",2023,NA,"SY",2024-02-14,NA,NA,NA,NA,NA,"white",56,NA,NA,NA,NA,NA,NA,NA,NA,NA
"2087",2023-08-17,"WL3","3","2","X",32,36,NA,NA,NA,NA,NA,NA,NA,NA,NA,2023,NA,"SY",2024-02-14,NA,NA,NA,NA,NA,"white",84,NA,NA,NA,NA,NA,NA,NA,NA,NA
"2088",2023-08-17,"WL3","3","2.5","X",42,22,NA,NA,NA,NA,NA,NA,NA,NA,"not found",2023,NA,"SY",2024-02-14,NA,NA,NA,NA,NA,"white",53,NA,NA,NA,NA,NA,NA,NA,NA,NA
"2089",2023-08-17,"WL3","3","2.5","X",2,19,NA,NA,NA,NA,NA,NA,NA,NA,"not found/no plant",2023,NA,"SHS",2024-02-15,NA,NA,NA,NA,NA,"white",87,NA,NA,NA,NA,NA,NA,NA,NA,NA
"2090",2023-08-17,"WL3","3","2.5","X",1,19,NA,NA,NA,NA,NA,NA,NA,NA,"not found/no plant",2023,NA,"SHS",2024-02-15,NA,NA,NA,NA,NA,"white",58,NA,NA,NA,NA,NA,NA,NA,NA,NA
"2091",2023-08-17,"WL3","3","2","X",3,49,NA,NA,NA,NA,NA,NA,NA,NA,NA,2023,NA,"SHS",2024-02-15,NA,NA,NA,NA,NA,"white",59,NA,NA,NA,NA,NA,NA,NA,NA,NA
"2092",2023-08-17,"WL3","3","3.5","X",49,22,NA,NA,NA,NA,NA,NA,NA,NA,"not found/no plant",2023,NA,"SHS",2024-02-15,NA,NA,NA,NA,NA,"blue",2,NA,NA,NA,NA,NA,NA,NA,NA,NA
"2093",2023-08-17,"WL3","3","3.5","X",43,25,NA,NA,NA,NA,NA,NA,NA,NA,NA,2023,NA,"SHS",2024-02-15,NA,NA,NA,NA,NA,"blue",47,NA,NA,NA,NA,NA,NA,NA,NA,NA
"2094",2023-08-17,"WL3","3","3.5","X",12,34,NA,NA,NA,NA,NA,NA,NA,NA,NA,2023,NA,"SHS",2024-02-15,NA,NA,NA,NA,NA,"blue",9,NA,NA,NA,NA,NA,NA,NA,NA,NA
"2095",2023-08-17,"WL3","3","3.5","X",35,42,NA,NA,NA,NA,NA,NA,NA,NA,NA,2023,NA,"SHS",2024-02-15,NA,NA,NA,NA,NA,"blue",69,NA,NA,NA,NA,NA,NA,NA,NA,NA
"2096",2023-08-17,"WL3","3","3.5","X",45,10,NA,NA,NA,NA,NA,NA,NA,NA,NA,2023,NA,"SHS",2024-02-15,NA,NA,NA,NA,NA,"white",1,NA,NA,NA,NA,NA,NA,NA,NA,NA
"2097",2023-08-17,"WL3","3","3.5","X",46,12,NA,NA,NA,NA,NA,NA,NA,NA,NA,2023,NA,"SHS",2024-02-15,NA,NA,NA,NA,NA,"white",61,NA,NA,NA,NA,NA,NA,NA,NA,NA
"2098",2023-08-17,"WL3","3","3.5","X",49,19,NA,NA,NA,NA,NA,NA,NA,NA,NA,2023,NA,"SHS",2024-02-15,NA,NA,NA,NA,NA,"white",79,NA,NA,NA,NA,NA,NA,NA,NA,NA
"2099",2023-08-17,"WL3","3","3.5","V",48,22,"0.51","2.9",1,"1.1","0.0","0.0",NA,0,NA,2023,NA,"SHS",2024-02-15,NA,NA,NA,NA,NA,"white",51,NA,NA,NA,NA,NA,"Y",NA,NA,0.5
"2100",2023-08-17,"WL3","3","3.5","X",49,23,NA,NA,NA,NA,NA,NA,NA,NA,NA,2023,NA,"SHS",2024-02-15,NA,NA,NA,NA,NA,"white",83,NA,NA,NA,NA,NA,NA,NA,NA,NA
"2101",2023-08-17,"WL3","3","3.5","X",35,21,NA,NA,NA,NA,NA,NA,NA,NA,NA,2023,NA,"SHS",2024-02-15,NA,NA,NA,NA,NA,"white",71,NA,NA,NA,NA,NA,NA,NA,NA,NA
"2102",2023-08-17,"WL3","3","3.5","X",21,25,NA,NA,NA,NA,NA,NA,NA,NA,NA,2023,NA,"SHS",2024-02-15,NA,NA,NA,NA,NA,"white",57,NA,NA,NA,NA,NA,NA,NA,NA,NA
"2103",2023-08-17,"WL3","3","3.5","X",20,23,NA,NA,NA,NA,NA,NA,NA,NA,NA,2023,NA,"SHS",2024-02-15,NA,NA,NA,NA,NA,"white",78,NA,NA,NA,NA,NA,NA,NA,NA,NA
"2104",2023-08-17,"WL3","3","3.5","X",25,48,NA,NA,NA,NA,NA,NA,NA,NA,NA,2023,NA,"SHS",2024-02-15,NA,NA,NA,NA,NA,"white",80,NA,NA,NA,NA,NA,NA,NA,NA,NA
"2105",2023-08-17,"WL3","3","3.5","P",40,50,"1.35","11.6",3,NA,"0.0","3.0",5.2,2,NA,2023,NA,"SHS",2024-02-15,NA,NA,NA,NA,NA,"white",52,NA,NA,NA,NA,NA,"Y",NA,NA,1.35
"2106",2023-08-17,"WL3","3","3.5","X",10,36,NA,NA,NA,NA,NA,NA,NA,NA,NA,2023,NA,"SHS",2024-02-15,NA,NA,NA,NA,NA,"blue",76,NA,NA,NA,NA,NA,NA,NA,NA,NA
"2107",2023-08-17,"WL3","3","4","P",36,23,"2.54","8.2",3,NA,"0.0","2.0",0.7,2,NA,2023,NA,"SHS",2024-02-15,NA,NA,NA,NA,NA,"blue",400,NA,NA,NA,NA,NA,"Y",NA,NA,2.54
"2108",2023-08-17,"WL3","3","4","X",34,32,NA,NA,NA,NA,NA,NA,NA,NA,NA,2023,NA,"SHS",2024-02-15,NA,NA,NA,NA,NA,"white",76,NA,NA,NA,NA,NA,NA,NA,NA,NA
"2109",2023-08-17,"WL3","3","4","X",8,23,NA,NA,NA,NA,NA,NA,NA,NA,NA,2023,NA,"SHS",2024-02-15,NA,NA,NA,NA,NA,"white",16,NA,NA,NA,NA,NA,NA,NA,NA,NA
"2110",2023-08-17,"WL3","3","4","X",5,5,NA,NA,NA,NA,NA,NA,NA,NA,NA,2023,NA,"SHS",2024-02-15,NA,NA,NA,NA,NA,"white",85,NA,NA,NA,NA,NA,NA,NA,NA,NA
"2111",2023-08-17,"WL3","3","4","B",8,11,"1.24","4.2",2,NA,"0.0","0.0",NA,1,NA,2023,NA,"SHS",2024-02-15,NA,NA,NA,NA,NA,"white",81,NA,NA,NA,NA,NA,"Y",NA,NA,1.24
"2112",2023-08-17,"WL3","3","4.5","X",31,9,NA,NA,NA,NA,NA,NA,NA,NA,"not found/no plant",2023,NA,"SHS",2024-02-15,NA,NA,NA,NA,NA,"white",109,NA,NA,NA,NA,NA,NA,NA,NA,NA
"2113",2023-08-17,"WL3","3","5","X",15,9,NA,NA,NA,NA,NA,NA,NA,NA,NA,2023,NA,"SHS",2024-02-15,NA,NA,NA,NA,NA,"blue",93,NA,NA,NA,NA,NA,NA,NA,NA,NA
"2114",2023-08-17,"WL3","3","5","F",35,21,"1.57","9.9",4,NA,"1.0","0.0",NA,4,NA,2023,NA,"SHS",2024-02-15,NA,NA,NA,NA,NA,"white",273,NA,NA,NA,NA,NA,"Y",NA,NA,1.57
"2115",2023-08-17,"WL3","3","5","V",40,30,"1.37","6.0",1,"1.2",NA,NA,NA,NA,"new band red 725",2023,NA,"SHS",2024-02-15,NA,NA,NA,NA,NA,"white",145,NA,NA,NA,NA,NA,"N",NA,NA,1.37
"2116",2023-08-17,"WL3","3","5","P",49,50,"1.17","11.5",3,NA,"0.0","8.0",2.5,3,NA,2023,NA,"SHS",2024-02-15,NA,NA,NA,NA,NA,"white",701,NA,NA,NA,NA,NA,"N",NA,NA,1.17
"2117",2023-08-17,"WL3","3","5.5","X",28,2,NA,NA,NA,NA,NA,NA,NA,NA,"not found",2023,NA,"SHS",2024-02-15,NA,NA,NA,NA,NA,"white",140,NA,NA,NA,NA,NA,NA,NA,NA,NA
"2118",2023-08-17,"WL3","3","5.5","X",27,1,NA,NA,NA,NA,NA,NA,NA,NA,NA,2023,NA,"SHS",2024-02-15,NA,NA,NA,NA,NA,"white",269,NA,NA,NA,NA,NA,NA,NA,NA,NA
"2119",2023-08-17,"WL3","3","5.5","X",4,5,NA,NA,NA,NA,NA,NA,NA,NA,NA,2023,NA,"SHS",2024-02-15,NA,NA,NA,NA,NA,"white",170,NA,NA,NA,NA,NA,NA,NA,NA,NA
"2120",2023-08-17,"WL3","3","5.5","X",10,12,NA,NA,NA,NA,NA,NA,NA,NA,NA,2023,NA,"SHS",2024-02-15,NA,NA,NA,NA,NA,"white",263,NA,NA,NA,NA,NA,NA,NA,NA,NA
"2121",2023-08-17,"WL3","3","5.5","P",2,15,"1.71","8.6",1,NA,"0.0","10.0",2.5,1,NA,2023,NA,"SHS",2024-02-15,NA,NA,NA,NA,NA,"white",155,NA,NA,NA,NA,NA,"Y",NA,NA,1.71
"2122",2023-08-17,"WL3","3","5.5","X",1,21,NA,NA,NA,NA,NA,NA,NA,NA,"not found",2023,NA,"SHS",2024-02-15,NA,NA,NA,NA,NA,"white",238,NA,NA,NA,NA,NA,NA,NA,NA,NA
"2123",2023-08-17,"WL3","3","5.5","X",1,31,NA,NA,NA,NA,NA,NA,NA,NA,NA,2023,NA,"SHS",2024-02-15,NA,NA,NA,NA,NA,"white",162,NA,NA,NA,NA,NA,NA,NA,NA,NA
"2124",2023-08-17,"WL3","3","4","X",30,7,NA,NA,NA,NA,NA,NA,NA,NA,NA,2023,NA,"SHS",2024-02-15,NA,NA,NA,NA,NA,"white",50,NA,NA,NA,NA,NA,NA,NA,NA,NA
"2125",2023-08-17,"WL3","3","6","X",38,25,NA,NA,NA,NA,NA,NA,NA,NA,NA,2023,NA,"SHS",2024-02-15,NA,NA,NA,NA,NA,"blue",12,NA,NA,NA,NA,NA,NA,NA,NA,NA
"2126",2023-08-17,"WL3","3","6","X",22,32,NA,NA,NA,NA,NA,NA,NA,NA,NA,2023,NA,"SHS",2024-02-15,NA,NA,NA,NA,NA,"blue",5,NA,NA,NA,NA,NA,NA,NA,NA,NA
"2127",2023-08-17,"WL3","3","6.5","X",7,27,NA,NA,NA,NA,NA,NA,NA,NA,NA,2023,NA,"SHS",2024-02-15,NA,NA,NA,NA,NA,"blue",11,NA,NA,NA,NA,NA,NA,NA,NA,NA
"2128",2023-08-17,"WL3","3","6.5","X",8,5,NA,NA,NA,NA,NA,NA,NA,NA,"no band/plant",2023,NA,"SHS",2024-02-15,NA,NA,NA,NA,NA,"blue",3,NA,NA,NA,NA,NA,NA,NA,NA,NA
"2129",2023-08-17,"WL3","3","6.5","X",22,15,NA,NA,NA,NA,NA,NA,NA,NA,NA,2023,NA,"SHS",2024-02-15,NA,NA,NA,NA,NA,"blue",55,NA,NA,NA,NA,NA,NA,NA,NA,NA
"2130",2023-08-17,"WL3","3","6.5","X",32,18,NA,NA,NA,NA,NA,NA,NA,NA,NA,2023,NA,"SHS",2024-02-15,NA,NA,NA,NA,NA,"white",211,NA,NA,NA,NA,NA,NA,NA,NA,NA
"2131",2023-08-17,"WL3","3","6.5","X",37,23,NA,NA,NA,NA,NA,NA,NA,NA,NA,2023,NA,"SHS",2024-02-15,NA,NA,NA,NA,NA,"white",235,NA,NA,NA,NA,NA,NA,NA,NA,NA
"2132",2023-08-17,"WL3","3","6.5","P",36,30,"1.23","7.4",1,NA,"0.0","4.0",3,1,NA,2023,NA,"SHS",2024-02-15,NA,NA,NA,NA,NA,"white",130,NA,NA,NA,NA,NA,"Y",NA,NA,1.23
"2133",2023-08-17,"WL3","3","6.5","X",42,31,NA,NA,NA,NA,NA,NA,NA,NA,NA,2023,NA,"SHS",2024-02-15,NA,NA,NA,NA,NA,"white",139,NA,NA,NA,NA,NA,NA,NA,NA,NA
"2134",2023-08-17,"WL3","3","6.5","X",38,47,NA,NA,NA,NA,NA,NA,NA,NA,NA,2023,NA,"SHS",2024-02-15,NA,NA,NA,NA,NA,"white",237,NA,NA,NA,NA,NA,NA,NA,NA,NA
"2135",2023-08-17,"WL3","3","6.5","P",24,30,"1.88","14.2",6,NA,"0.0","24.0",4.1,6,NA,2023,NA,"SHS",2024-02-15,NA,NA,NA,NA,NA,"white",138,NA,NA,NA,NA,NA,"Y",NA,NA,1.88
"2136",2023-08-17,"WL3","3","6.5","X",16,31,NA,NA,NA,NA,NA,NA,NA,NA,NA,2023,NA,"SHS",2024-02-15,NA,NA,NA,NA,NA,"white",549,NA,NA,NA,NA,NA,NA,NA,NA,NA
"2137",2023-08-17,"WL3","3","6","X",0,18,NA,NA,NA,NA,NA,NA,NA,NA,NA,2023,NA,"SHS",2024-02-15,NA,NA,NA,NA,NA,"white",609,NA,NA,NA,NA,NA,NA,NA,NA,NA
"2138",2023-08-17,"WL3","3","7","P",2,15,"1.35","8.4",1,NA,"1.0","2.0",2.1,1,NA,2023,NA,"SHS",2024-02-15,NA,NA,NA,NA,NA,"white",202,NA,NA,NA,NA,NA,"Y",NA,NA,1.35
"2139",2023-08-17,"WL3","3","7","P",7,31,"2.15","18.5",1,NA,"0.0","17.0",5.2,1,NA,2023,NA,"SHS",2024-02-15,NA,NA,NA,NA,NA,"white",43,NA,NA,NA,NA,NA,"Y",NA,NA,2.15
"2140",2023-08-17,"WL3","3","7","P",8,41,"1.67","14.7",1,NA,"0.0","2.0",4.3,1,NA,2023,NA,"SHS",2024-02-15,NA,NA,NA,NA,NA,"white",239,NA,NA,NA,NA,NA,"Y",NA,NA,1.67
"2141",2023-08-17,"WL3","3","7","X",19,17,NA,NA,NA,NA,NA,NA,NA,NA,NA,2023,NA,"SHS",2024-02-15,NA,NA,NA,NA,NA,"white",153,NA,NA,NA,NA,NA,NA,NA,NA,NA
"2142",2023-08-17,"WL3","3","7","P",40,40,"1.12","8.3",1,NA,"0.0","7.0",1.7,1,NA,2023,NA,"SHS",2024-02-15,NA,NA,NA,NA,NA,"white",159,NA,NA,NA,NA,NA,"Y",NA,NA,1.12
"2143",2023-08-17,"WL3","3","8","X",10,30,NA,NA,NA,NA,NA,NA,NA,NA,"no band/plant",2023,NA,"SHS",2024-02-15,NA,NA,NA,NA,NA,"white",227,NA,NA,NA,NA,NA,NA,NA,NA,NA
"2144",2023-08-17,"WL3","3","8","X",6,34,NA,NA,NA,NA,NA,NA,NA,NA,NA,2023,NA,"SHS",2024-02-15,NA,NA,NA,NA,NA,"white",135,NA,NA,NA,NA,NA,NA,NA,NA,NA
"2145",2023-08-17,"WL3","3","8","P",44,36,"2.11","13.4",5,NA,"0.0","7.0",3.9,5,NA,2023,NA,"SHS",2024-02-15,NA,NA,NA,NA,NA,"white",222,NA,NA,NA,NA,NA,"Y",NA,NA,2.11
"2146",2023-08-17,"WL3","3","8","X",45,9,NA,NA,NA,NA,NA,NA,NA,NA,NA,2023,NA,"SHS",2024-02-15,NA,NA,NA,NA,NA,"white",498,NA,NA,NA,NA,NA,NA,NA,NA,NA
"2147",2023-08-17,"WL3","3","8.5","P",12,32,"1.68","12.7",6,NA,"0.0","16.0",3.7,6,NA,2023,NA,"SHS",2024-02-15,NA,NA,NA,NA,NA,"white",208,NA,NA,NA,NA,NA,"Y",NA,NA,1.68
"2148",2023-08-17,"WL3","3","0","P",20,5,"2.11","12.6",1,NA,"0.0","48.0",4.2,1,NA,2023,NA,"SHS",2024-02-15,NA,NA,NA,NA,NA,"red",566,NA,NA,NA,NA,NA,"Y",NA,NA,2.11
"2149",2023-08-17,"WL3","3","0","V",34,18,"1.15","1.8",1,"1.0",NA,NA,NA,NA,NA,2023,NA,"SHS",2024-02-15,NA,NA,NA,NA,NA,"red",85,NA,NA,NA,NA,NA,"Y",NA,NA,1.15
"2150",2023-08-17,"WL3","3","0","V",23,2,"0.79","2.6",1,"1.2",NA,NA,NA,NA,NA,2023,NA,"SHS",2024-02-15,NA,NA,NA,NA,NA,"red",79,NA,NA,NA,NA,NA,"Y",NA,NA,0.5
"2151",2023-08-17,"WL3","3","0","V",2,38,"0.97","1.5",1,"2.4",NA,NA,NA,NA,NA,2023,NA,"SHS",2024-02-15,NA,NA,NA,NA,NA,"red",16,NA,NA,NA,NA,NA,"Y",NA,NA,0.5
"2152",2023-08-17,"WL3","3","0","V",2,40,"1.0","2.6",1,"1.4",NA,NA,NA,NA,NA,2023,NA,"SHS",2024-02-15,NA,NA,NA,NA,NA,"red",145,NA,NA,NA,NA,NA,"Y",NA,NA,1
"2153",2023-08-17,"WL3","3","0","V",4,28,"0.93","1.9",1,"1.3",NA,NA,NA,NA,NA,2023,NA,"SHS",2024-02-15,NA,NA,NA,NA,NA,"red",269,NA,NA,NA,NA,NA,"Y",NA,NA,0.5
"2154",2023-08-17,"WL3","3","0","V",11,10,"0.88","3.6",1,"0.9",NA,NA,NA,NA,NA,2023,NA,"SHS",2024-02-15,NA,NA,NA,NA,NA,"red",53,NA,NA,NA,NA,NA,"Y",NA,NA,0.5
"2155",2023-08-17,"WL3","3","0","V",41,45,"0.68","1.4",1,"0.8",NA,NA,NA,NA,NA,2023,NA,"SHS",2024-02-15,NA,NA,NA,NA,NA,"red",173,NA,NA,NA,NA,NA,"Y",NA,NA,0.5
"2156",2023-08-17,"WL3","3","0","V",1,50,"1.13","1.7",1,"1.3",NA,NA,NA,NA,NA,2023,NA,"SHS",2024-02-15,NA,NA,NA,NA,NA,"red",112,NA,NA,NA,NA,NA,"Y",NA,NA,1.13
"2157",2023-08-17,"WL3","3","0","V",3,47,"1.06","2.3",1,"1.1",NA,NA,NA,NA,NA,2023,NA,"SHS",2024-02-15,NA,NA,NA,NA,NA,"red",237,NA,NA,NA,NA,NA,"Y",NA,NA,1.06
"2158",2023-08-17,"WL3","3","0","V",NA,NA,"0.56","2.7",1,"0.8",NA,NA,NA,NA,NA,2023,NA,"SHS",2024-02-15,NA,NA,NA,NA,NA,NA,NA,NA,NA,NA,NA,NA,"Y",NA,NA,0.5
"2159",2023-08-17,"WL3","3","0","V",NA,NA,"0.53","1.7",1,"0.7",NA,NA,NA,NA,NA,2023,NA,"SHS",2024-02-15,NA,NA,NA,NA,NA,NA,NA,NA,NA,NA,NA,NA,"Y",NA,NA,0.5
"2160",2023-08-17,"WL3","3","0","V",NA,NA,"0.65","2.4",1,"0.8",NA,NA,NA,NA,NA,2023,NA,"SHS",2024-02-15,NA,NA,NA,NA,NA,NA,NA,NA,NA,NA,NA,NA,"Y",NA,NA,0.5
"2161",2023-08-17,"WL3","3","0","V",NA,NA,"0.46","2.4",1,"0.9",NA,NA,NA,NA,NA,2023,NA,"SHS",2024-02-15,NA,NA,NA,NA,NA,NA,NA,NA,NA,NA,NA,NA,"Y",NA,NA,0.5
"2162",2023-08-17,"WL3","3","0","V",NA,NA,"0.63","1.6",1,"0.6",NA,NA,NA,NA,NA,2023,NA,"SHS",2024-02-15,NA,NA,NA,NA,NA,NA,NA,NA,NA,NA,NA,NA,"Y",NA,NA,0.5
"2163",2023-08-17,"WL3","3","0","V",NA,NA,"0.36","0.9",1,"0.7",NA,NA,NA,NA,NA,2023,NA,"SHS",2024-02-15,NA,NA,NA,NA,NA,NA,NA,NA,NA,NA,NA,NA,"N",NA,NA,0.5
"2164",2023-08-17,"WL3","3","0","V",NA,NA,"0.7","2.2",1,"0.8",NA,NA,NA,NA,NA,2023,NA,"SHS",2024-02-15,NA,NA,NA,NA,NA,NA,NA,NA,NA,NA,NA,NA,"Y",NA,NA,0.5
"2165",2023-08-17,"WL3","3","0","V",NA,NA,"0.74","1.9",1,"0.9",NA,NA,NA,NA,NA,2023,NA,"SHS",2024-02-15,NA,NA,NA,NA,NA,NA,NA,NA,NA,NA,NA,NA,"Y",NA,NA,0.5
"2166",2023-08-17,"WL3","3","0","V",NA,NA,"0.82","2.1",1,"0.3",NA,NA,NA,NA,NA,2023,NA,"SHS",2024-02-15,NA,NA,NA,NA,NA,NA,NA,NA,NA,NA,NA,NA,"Y",NA,NA,0.5
"2167",2023-08-17,"WL3","3","0","V",NA,NA,"0.73","1.7",1,"0.5",NA,NA,NA,NA,NA,2023,NA,"SHS",2024-02-15,NA,NA,NA,NA,NA,NA,NA,NA,NA,NA,NA,NA,"Y",NA,NA,0.5
"2168",2023-08-17,"WL3","3","0","V",NA,NA,"0.74","1.4",1,"0.8",NA,NA,NA,NA,NA,2023,NA,"SHS",2024-02-15,NA,NA,NA,NA,NA,NA,NA,NA,NA,NA,NA,NA,"Y",NA,NA,0.5
"2169",2023-08-17,"WL3","3","0","V",NA,NA,"0.53","1.2",1,"0.6",NA,NA,NA,NA,NA,2023,NA,"SHS",2024-02-15,NA,NA,NA,NA,NA,NA,NA,NA,NA,NA,NA,NA,"Y",NA,NA,0.5
"2170",2023-08-17,"WL3","3","0.5","V",19,26,"1.66","3.6",1,"1.7",NA,NA,NA,NA,NA,2023,NA,"SHS",2024-02-15,NA,NA,NA,NA,NA,"red",407,NA,NA,NA,NA,NA,"Y",NA,NA,1.66
"2171",2023-08-17,"WL3","3","1","V",44,7,"0.69","1.3",1,"1.2",NA,NA,NA,NA,NA,2023,NA,"SHS",2024-02-15,NA,NA,NA,NA,NA,"red",74,NA,NA,NA,NA,NA,"N",NA,NA,0.5
"2172",2023-08-17,"WL3","3","1.5","V",5,8,"0.97","1.6",1,"0.8",NA,NA,NA,NA,NA,2023,NA,"SHS",2024-02-15,NA,NA,NA,NA,NA,"red",46,NA,NA,NA,NA,NA,"Y",NA,NA,0.5
"2173",2023-08-17,"WL3","3","1.5","V",26,19,"0.52","1.8",1,"0.3",NA,NA,NA,NA,NA,2023,NA,"SHS",2024-02-15,NA,NA,NA,NA,NA,"red",98,NA,NA,NA,NA,NA,"Y",NA,NA,0.5
"2174",2023-08-17,"WL3","3","1.5","V",20,19,"0.75","1.4",1,"0.6",NA,NA,NA,NA,NA,2023,NA,"SHS",2024-02-15,NA,NA,NA,NA,NA,"red",422,NA,NA,NA,NA,NA,"Y",NA,NA,0.5
"2175",2023-08-17,"WL3","3","1.5","V",29,16,"1.31","4.2",2,"0.8",NA,NA,NA,NA,NA,2023,NA,"SHS",2024-02-15,NA,NA,NA,NA,NA,"red",298,NA,NA,NA,NA,NA,"Y",NA,NA,1.31
"2176",2023-08-17,"WL3","3","2","V",17,7,"0.85","2.0",1,"1.0",NA,NA,NA,NA,NA,2023,NA,"SHS",2024-02-15,NA,NA,NA,NA,NA,"red",297,NA,NA,NA,NA,NA,"N",NA,NA,0.5
"2177",2023-08-17,"WL3","3","2","V",24,22,"0.83","0.9",1,"0.9",NA,NA,NA,NA,NA,2023,NA,"SHS",2024-02-15,NA,NA,NA,NA,NA,"red",25,NA,NA,NA,NA,NA,"Y",NA,NA,0.5
"2178",2023-08-17,"WL3","3","2.5","V",21,5,"0.75","1.2",2,"1.0",NA,NA,NA,NA,NA,2023,NA,"SHS",2024-02-15,NA,NA,NA,NA,NA,"red",10,NA,NA,NA,NA,NA,"Y",NA,NA,0.5
"2179",2023-08-17,"WL3","3","2.5","V",15,46,"0.69","1.4",1,"0.8",NA,NA,NA,NA,NA,2023,NA,"SHS",2024-02-15,NA,NA,NA,NA,NA,"red",83,NA,NA,NA,NA,NA,"N",NA,NA,0.5
"2180",2023-08-17,"WL3","3","2.5","V",45,45,"0.85","1.1",1,"1.0",NA,NA,NA,NA,NA,2023,NA,"SHS",2024-02-15,NA,NA,NA,NA,NA,"red",236,NA,NA,NA,NA,NA,"N",NA,NA,0.5
"2181",2023-08-17,"WL3","3","2.5","V",17,29,"0.4","1.1",1,"0.6",NA,NA,NA,NA,NA,2023,NA,"SHS",2024-02-15,NA,NA,NA,NA,NA,"red",857,NA,NA,NA,NA,NA,"Y",NA,NA,0.5
"2182",2023-08-17,"WL3","3","2.5","V",18,30,"0.57","1.3",1,"1.0",NA,NA,NA,NA,NA,2023,NA,"SHS",2024-02-15,NA,NA,NA,NA,NA,"red",42,NA,NA,NA,NA,NA,"Y",NA,NA,0.5
"2183",2023-08-17,"WL3","3","3","V",3,4,"0.87","1.4",1,"1.0",NA,NA,NA,NA,NA,2023,NA,"SHS",2024-02-15,NA,NA,NA,NA,NA,"red",779,NA,NA,NA,NA,NA,"Y",NA,NA,0.5
"2184",2023-08-17,"WL3","3","3","V",10,14,"0.94","1.7",1,"1.2",NA,NA,NA,NA,NA,2023,NA,"SHS",2024-02-15,NA,NA,NA,NA,NA,"red",787,NA,NA,NA,NA,NA,"Y",NA,NA,0.5
"2185",2023-08-17,"WL3","3","3","V",19,32,"0.71","1.8",1,"1.2",NA,NA,NA,NA,NA,2023,NA,"SHS",2024-02-15,NA,NA,NA,NA,NA,"red",22,NA,NA,NA,NA,NA,"Y",NA,NA,0.5
"2186",2023-08-17,"WL3","3","3","V",19,42,"0.82","1.3",1,"1.2",NA,NA,NA,NA,NA,2023,NA,"SHS",2024-02-15,NA,NA,NA,NA,NA,"red",5,NA,NA,NA,NA,NA,"Y",NA,NA,0.5
"2187",2023-08-17,"WL3","3","3","V",26,38,"0.68","1.5",1,"0.6",NA,NA,NA,NA,NA,2023,NA,"SHS",2024-02-15,NA,NA,NA,NA,NA,"red",708,NA,NA,NA,NA,NA,"N",NA,NA,0.5
"2188",2023-08-17,"WL3","3","3","V",28,33,"0.42","1.1",1,"0.3",NA,NA,NA,NA,NA,2023,NA,"SHS",2024-02-15,NA,NA,NA,NA,NA,"red",32,NA,NA,NA,NA,NA,"Y",NA,NA,0.5
"2189",2023-08-17,"WL3","3","3","V",30,39,"0.42","0.8",1,"0.5",NA,NA,NA,NA,NA,2023,NA,"SHS",2024-02-15,NA,NA,NA,NA,NA,"red",796,NA,NA,NA,NA,NA,"Y",NA,NA,0.5
"2190",2023-08-17,"WL3","3","3","V",32,45,"0.31","0.9",1,"0.3",NA,NA,NA,NA,NA,2023,NA,"SHS",2024-02-15,NA,NA,NA,NA,NA,"red",51,NA,NA,NA,NA,NA,"Y",NA,NA,0.5
"2191",2023-08-17,"WL3","3","3.5","P",30,50,"1.63","11.0",1,NA,"0.0","10.0",4,1,NA,2023,NA,"SHS",2024-02-15,NA,NA,NA,NA,NA,"red",20,NA,NA,NA,NA,NA,"Y",NA,NA,1.63
"2192",2023-08-17,"WL3","3","3.5","V",8,4,"0.84","1.6",1,"1.7",NA,NA,NA,NA,NA,2023,NA,"SHS",2024-02-15,NA,NA,NA,NA,NA,"red",35,NA,NA,NA,NA,NA,"Y",NA,NA,0.5
"2193",2023-08-17,"WL3","3","3.5","V",16,6,"1.06","1.7",1,"1.0",NA,NA,NA,NA,NA,2023,NA,"SHS",2024-02-15,NA,NA,NA,NA,NA,"red",392,NA,NA,NA,NA,NA,"Y",NA,NA,1.06
"2194",2023-08-17,"WL3","3","3.5","V",15,10,"0.53","1.1",1,"1.0",NA,NA,NA,NA,NA,2023,NA,"SHS",2024-02-15,NA,NA,NA,NA,NA,"red",129,NA,NA,NA,NA,NA,"Y",NA,NA,0.5
"2195",2023-08-17,"WL3","3","3.5","V",20,12,"0.51","2.2",1,"1.1",NA,NA,NA,NA,NA,2023,NA,"SHS",2024-02-15,NA,NA,NA,NA,NA,"red",270,NA,NA,NA,NA,NA,"N",NA,NA,0.5
"2196",2023-08-17,"WL3","3","3.5","V",49,4,"0.56","2.1",1,"1.1",NA,NA,NA,NA,NA,2023,NA,"SHS",2024-02-15,NA,NA,NA,NA,NA,"red",271,NA,NA,NA,NA,NA,"Y",NA,NA,0.5
"2197",2023-08-17,"WL3","3","3.5","V",26,22,"0.68","2.6",1,"1.3",NA,NA,NA,NA,NA,2023,NA,"SHS",2024-02-15,NA,NA,NA,NA,NA,"red",576,NA,NA,NA,NA,NA,"N",NA,NA,0.5
"2198",2023-08-17,"WL3","3","3.5","V",19,2,"0.97","1.9",1,"1.3",NA,NA,NA,NA,NA,2023,NA,"SHS",2024-02-15,NA,NA,NA,NA,NA,"red",61,NA,NA,NA,NA,NA,"N",NA,NA,0.5
"2199",2023-08-17,"WL3","3","3.5","V",42,1,"0.94","2.3",1,"0.9",NA,NA,NA,NA,NA,2023,NA,"SHS",2024-02-15,NA,NA,NA,NA,NA,"red",70,NA,NA,NA,NA,NA,"Y",NA,NA,0.5
"2200",2023-08-17,"WL3","3","3.5","V",22,2,"0.84","1.6",1,"0.9",NA,NA,NA,NA,NA,2023,NA,"SHS",2024-02-15,NA,NA,NA,NA,NA,"red",702,NA,NA,NA,NA,NA,"Y",NA,NA,0.5
"2201",2023-08-17,"WL3","3","3.5","V",NA,NA,"0.84","1.4",1,"0.9",NA,NA,NA,NA,NA,2023,NA,"SHS",2024-02-15,NA,NA,NA,NA,NA,NA,NA,NA,NA,NA,NA,NA,"Y",NA,NA,0.5
"2202",2023-08-17,"WL3","3","3.5","V",NA,NA,"0.62","1.5",1,"0.6",NA,NA,NA,NA,NA,2023,NA,"SHS",2024-02-15,NA,NA,NA,NA,NA,NA,NA,NA,NA,NA,NA,NA,"Y",NA,NA,0.5
"2203",2023-08-17,"WL3","3","3.5","V",NA,NA,"0.28","0.9",1,"0.4",NA,NA,NA,NA,NA,2023,NA,"SHS",2024-02-15,NA,NA,NA,NA,NA,NA,NA,NA,NA,NA,NA,NA,"Y",NA,NA,0.5
"2204",2023-08-17,"WL3","3","3.5","V",NA,NA,"0.56","0.8",1,"0.3",NA,NA,NA,NA,NA,2023,NA,"SHS",2024-02-15,NA,NA,NA,NA,NA,NA,NA,NA,NA,NA,NA,NA,"N",NA,NA,0.5
"2205",2023-08-17,"WL3","3","3.5","V",NA,NA,"0.43","1.3",1,"0.6",NA,NA,NA,NA,NA,2023,NA,"SHS",2024-02-15,NA,NA,NA,NA,NA,NA,NA,NA,NA,NA,NA,NA,"N",NA,NA,0.5
"2206",2023-08-17,"WL3","3","3.5","V",NA,NA,"0.5","1.4",1,"0.3",NA,NA,NA,NA,NA,2023,NA,"SHS",2024-02-15,NA,NA,NA,NA,NA,NA,NA,NA,NA,NA,NA,NA,"Y",NA,NA,0.5
"2207",2023-08-17,"WL3","3","3.5","V",NA,NA,"0.5","0.8",1,"0.4",NA,NA,NA,NA,NA,2023,NA,"SHS",2024-02-15,NA,NA,NA,NA,NA,NA,NA,NA,NA,NA,NA,NA,"N",NA,NA,0.5
"2208",2023-08-17,"WL3","3","3.5","V",NA,NA,"0.43","1.2",1,"0.5",NA,NA,NA,NA,NA,2023,NA,"SHS",2024-02-15,NA,NA,NA,NA,NA,NA,NA,NA,NA,NA,NA,NA,"Y",NA,NA,0.5
"2209",2023-08-17,"WL3","3","3.5","V",NA,NA,"0.36","1.4",1,"0.5",NA,NA,NA,NA,NA,2023,NA,"SHS",2024-02-15,NA,NA,NA,NA,NA,NA,NA,NA,NA,NA,NA,NA,"Y",NA,NA,0.5
"2210",2023-08-17,"WL3","3","3.5","V",NA,NA,"0.64","1.6",1,"0.8",NA,NA,NA,NA,NA,2023,NA,"SHS",2024-02-15,NA,NA,NA,NA,NA,NA,NA,NA,NA,NA,NA,NA,"Y",NA,NA,0.5
"2211",2023-08-17,"WL3","3","3.5","V",NA,NA,"0.45","0.8",1,"0.3",NA,NA,NA,NA,NA,2023,NA,"SHS",2024-02-15,NA,NA,NA,NA,NA,NA,NA,NA,NA,NA,NA,NA,"Y",NA,NA,0.5
"2212",2023-08-17,"WL3","3","3.5","V",NA,NA,"0.33","1.7",1,"0.4",NA,NA,NA,NA,NA,2023,NA,"SHS",2024-02-15,NA,NA,NA,NA,NA,NA,NA,NA,NA,NA,NA,NA,"Y",NA,NA,0.5
"2213",2023-08-17,"WL3","3","3.5","V",NA,NA,"0.81","1.6",1,"0.9",NA,NA,NA,NA,NA,2023,NA,"SHS",2024-02-15,NA,NA,NA,NA,NA,NA,NA,NA,NA,NA,NA,NA,"Y",NA,NA,0.5
"2214",2023-08-17,"WL3","3","3.5","V",NA,NA,"0.43","0.6",1,"0.7",NA,NA,NA,NA,NA,2023,NA,"SHS",2024-02-15,NA,NA,NA,NA,NA,NA,NA,NA,NA,NA,NA,NA,"Y",NA,NA,0.5
"2215",2023-08-17,"WL3","3","3.5","V",NA,NA,"0.56","0.9",1,"0.7",NA,NA,NA,NA,NA,2023,NA,"SHS",2024-02-15,NA,NA,NA,NA,NA,NA,NA,NA,NA,NA,NA,NA,"N",NA,NA,0.5
"2216",2023-08-17,"WL3","3","3.5","V",NA,NA,"0.57","0.7",1,"0.6",NA,NA,NA,NA,NA,2023,NA,"SHS",2024-02-15,NA,NA,NA,NA,NA,NA,NA,NA,NA,NA,NA,NA,"N",NA,NA,0.5
"2217",2023-08-17,"WL3","3","3.5","V",NA,NA,"0.44","1.3",1,"0.5",NA,NA,NA,NA,NA,2023,NA,"SHS",2024-02-15,NA,NA,NA,NA,NA,NA,NA,NA,NA,NA,NA,NA,"N",NA,NA,0.5
"2218",2023-08-17,"WL3","3","3.5","V",NA,NA,"0.45","1.6",1,"0.4",NA,NA,NA,NA,NA,2023,NA,"SHS",2024-02-15,NA,NA,NA,NA,NA,NA,NA,NA,NA,NA,NA,NA,"Y",NA,NA,0.5
"2219",2023-08-17,"WL3","3","3.5","V",NA,NA,"0.45","2.2",1,"0.8",NA,NA,NA,NA,NA,2023,NA,"SHS",2024-02-15,NA,NA,NA,NA,NA,NA,NA,NA,NA,NA,NA,NA,"Y",NA,NA,0.5
"2220",2023-08-17,"WL3","3","3.5","V",NA,NA,"0.64","1.9",1,"0.8",NA,NA,NA,NA,NA,2023,NA,"SHS",2024-02-15,NA,NA,NA,NA,NA,NA,NA,NA,NA,NA,NA,NA,"N",NA,NA,0.5
"2221",2023-08-17,"WL3","3","3.5","V",NA,NA,"0.63","2.1",1,"0.8",NA,NA,NA,NA,NA,2023,NA,"SHS",2024-02-15,NA,NA,NA,NA,NA,NA,NA,NA,NA,NA,NA,NA,"Y",NA,NA,0.5
"2222",2023-08-17,"WL3","3","3.5","V",NA,NA,"0.51","1.1",1,"0.4",NA,NA,NA,NA,NA,2023,NA,"SHS",2024-02-15,NA,NA,NA,NA,NA,NA,NA,NA,NA,NA,NA,NA,"Y",NA,NA,0.5
"2223",2023-08-17,"WL3","3","3.5","V",NA,NA,"0.4","1.2",1,"0.3",NA,NA,NA,NA,NA,2023,NA,"SHS",2024-02-15,NA,NA,NA,NA,NA,NA,NA,NA,NA,NA,NA,NA,"N",NA,NA,0.5
"2224",2023-08-17,"WL3","3","3.5","V",NA,NA,"0.74","1.5",1,"0.6",NA,NA,NA,NA,NA,2023,NA,"SHS",2024-02-15,NA,NA,NA,NA,NA,NA,NA,NA,NA,NA,NA,NA,"Y",NA,NA,0.5
"2225",2023-08-17,"WL3","3","3.5","V",NA,NA,"0.62","1.1",1,"0.6",NA,NA,NA,NA,NA,2023,NA,"SHS",2024-02-15,NA,NA,NA,NA,NA,NA,NA,NA,NA,NA,NA,NA,"Y",NA,NA,0.5
"2226",2023-08-17,"WL3","3","3.5","V",NA,NA,"0.7","1.4",1,"1.0",NA,NA,NA,NA,NA,2023,NA,"SHS",2024-02-15,NA,NA,NA,NA,NA,NA,NA,NA,NA,NA,NA,NA,"Y",NA,NA,0.5
"2227",2023-08-17,"WL3","3","3.5","V",NA,NA,"0.43","1.3",1,"0.2",NA,NA,NA,NA,NA,2023,NA,"SHS",2024-02-15,NA,NA,NA,NA,NA,NA,NA,NA,NA,NA,NA,NA,"Y",NA,NA,0.5
"2228",2023-08-17,"WL3","3","4","F",33,28,"1.28","4.5",1,NA,"1.0","0.0",NA,1,NA,2023,NA,"SHS",2024-02-15,NA,NA,NA,NA,NA,"red",244,NA,NA,NA,NA,NA,"N",NA,NA,1.28
"2229",2023-08-17,"WL3","3","4","V",42,10,"0.86","2.0",1,"1.3",NA,NA,NA,NA,NA,2023,NA,"SHS",2024-02-15,NA,NA,NA,NA,NA,"red",588,NA,NA,NA,NA,NA,"N",NA,NA,0.5
"2230",2023-08-17,"WL3","3","4","V",16,5,"0.53","1.6",1,"0.9",NA,NA,NA,NA,NA,2023,NA,"SHS",2024-02-15,NA,NA,NA,NA,NA,"red",582,NA,NA,NA,NA,NA,"Y",NA,NA,0.5
"2231",2023-08-17,"WL3","3","4","V",13,2,"0.68","2.6",1,"0.7",NA,NA,NA,NA,NA,2023,NA,"SHS",2024-02-15,NA,NA,NA,NA,NA,"red",34,NA,NA,NA,NA,NA,"Y",NA,NA,0.5
"2232",2023-08-17,"WL3","3","4","V",22,2,"0.43","1.4",1,"0.6",NA,NA,NA,NA,NA,2023,NA,"SHS",2024-02-15,NA,NA,NA,NA,NA,"red",58,NA,NA,NA,NA,NA,"N",NA,NA,0.5
"2233",2023-08-17,"WL3","3","4","V",16,8,"0.73","1.2",1,"0.8",NA,NA,NA,NA,NA,2023,NA,"SHS",2024-02-15,NA,NA,NA,NA,NA,"red",104,NA,NA,NA,NA,NA,"N",NA,NA,0.5
"2234",2023-08-17,"WL3","3","4","V",31,9,"0.61","1.7",1,"0.7",NA,NA,NA,NA,NA,2023,NA,"SHS",2024-02-15,NA,NA,NA,NA,NA,"red",21,NA,NA,NA,NA,NA,"Y",NA,NA,0.5
"2235",2023-08-17,"WL3","3","4","V",30,9,"0.51","1.7",1,"0.7",NA,NA,NA,NA,NA,2023,NA,"SHS",2024-02-15,NA,NA,NA,NA,NA,"red",84,NA,NA,NA,NA,NA,"Y",NA,NA,0.5
"2236",2023-08-17,"WL3","3","4","V",40,27,"0.53","1.4",1,"0.7",NA,NA,NA,NA,NA,2023,NA,"SHS",2024-02-15,NA,NA,NA,NA,NA,"red",264,NA,NA,NA,NA,NA,"Y",NA,NA,0.5
"2237",2023-08-17,"WL3","3","4","V",24,38,"0.66","1.2",1,"0.6",NA,NA,NA,NA,NA,2023,NA,"SHS",2024-02-15,NA,NA,NA,NA,NA,"red",577,NA,NA,NA,NA,NA,"N",NA,NA,0.5
"2238",2023-08-17,"WL3","3","4","V",NA,NA,"0.32","1.9",1,"0.6",NA,NA,NA,NA,NA,2023,NA,"SHS",2024-02-15,NA,NA,NA,NA,NA,NA,NA,NA,NA,NA,NA,NA,"Y",NA,NA,0.5
"2239",2023-08-17,"WL3","3","4","V",NA,NA,"0.43","1.5",1,"0.4",NA,NA,NA,NA,NA,2023,NA,"SHS",2024-02-15,NA,NA,NA,NA,NA,NA,NA,NA,NA,NA,NA,NA,"Y",NA,NA,0.5
"2240",2023-08-17,"WL3","3","4","V",NA,NA,"0.66","1.7",1,"0.6",NA,NA,NA,NA,NA,2023,NA,"SHS",2024-02-15,NA,NA,NA,NA,NA,NA,NA,NA,NA,NA,NA,NA,"Y",NA,NA,0.5
"2241",2023-08-17,"WL3","3","4.5","P",83,6,"1.66","15.3",1,NA,"0.0","3.0",2.4,1,NA,2023,NA,"SHS",2024-02-15,NA,NA,NA,NA,NA,"red",863,NA,NA,NA,NA,NA,"Y",NA,NA,1.66
"2242",2023-08-17,"WL3","3","4.5","V",19,21,"0.48","2.2",1,"1.1",NA,NA,NA,NA,NA,2023,NA,"SHS",2024-02-15,NA,NA,NA,NA,NA,"red",897,NA,NA,NA,NA,NA,"N",NA,NA,0.5
"2243",2023-08-17,"WL3","3","4.5","V",9,21,"0.5","1.6",1,"0.9",NA,NA,NA,NA,NA,2023,NA,"SHS",2024-02-15,NA,NA,NA,NA,NA,"red",586,NA,NA,NA,NA,NA,"Y",NA,NA,0.5
"2244",2023-08-17,"WL3","3","4.5","V",49,5,"0.41","1.4",1,"0.8",NA,NA,NA,NA,NA,2023,NA,"SHS",2024-02-15,NA,NA,NA,NA,NA,"red",705,NA,NA,NA,NA,NA,"N",NA,NA,0.5
"2245",2023-08-17,"WL3","3","4.5","V",49,14,"0.82","1.8",1,"0.6",NA,NA,NA,NA,NA,2023,NA,"SHS",2024-02-15,NA,NA,NA,NA,NA,"red",733,NA,NA,NA,NA,NA,"Y",NA,NA,0.5
"2246",2023-08-17,"WL3","3","4.5","V",34,37,"0.49","1.0",1,"0.7",NA,NA,NA,NA,NA,2023,NA,"SHS",2024-02-15,NA,NA,NA,NA,NA,"red",17,NA,NA,NA,NA,NA,"Y",NA,NA,0.5
"2247",2023-08-17,"WL3","3","4.5","V",48,38,"0.18","1.6",1,"0.6",NA,NA,NA,NA,NA,2023,NA,"SHS",2024-02-15,NA,NA,NA,NA,NA,"red",744,NA,NA,NA,NA,NA,"N",NA,NA,0.5
"2248",2023-08-17,"WL3","3","4.5","V",49,2,"0.55","1.6",1,"0.8",NA,NA,NA,NA,NA,2023,NA,"SHS",2024-02-15,NA,NA,NA,NA,NA,"red",737,NA,NA,NA,NA,NA,"N",NA,NA,0.5
"2249",2023-08-17,"WL3","3","4.5","V",5,4,"0.75","1.3",1,"0.7",NA,NA,NA,NA,NA,2023,NA,"SHS",2024-02-15,NA,NA,NA,NA,NA,"red",884,NA,NA,NA,NA,NA,"N",NA,NA,0.5
"2250",2023-08-17,"WL3","3","4.5","V",6,4,"0.52","1.8",1,"0.6",NA,NA,NA,NA,NA,2023,NA,"SHS",2024-02-15,NA,NA,NA,NA,NA,"red",730,NA,NA,NA,NA,NA,"N",NA,NA,0.5
"2251",2023-08-17,"WL3","3","4.5","V",NA,NA,"0.31","1.3",1,"0.4",NA,NA,NA,NA,NA,2023,NA,"SHS",2024-02-15,NA,NA,NA,NA,NA,NA,NA,NA,NA,NA,NA,NA,"N",NA,NA,0.5
"2252",2023-08-17,"WL3","3","4.5","V",NA,NA,"0.27","0.9",1,"0.3",NA,NA,NA,NA,NA,2023,NA,"SHS",2024-02-15,NA,NA,NA,NA,NA,NA,NA,NA,NA,NA,NA,NA,"N",NA,NA,0.5
"2253",2023-08-17,"WL3","3","4.5","V",NA,NA,"0.17","0.6",1,"0.2",NA,NA,NA,NA,NA,2023,NA,"SHS",2024-02-15,NA,NA,NA,NA,NA,NA,NA,NA,NA,NA,NA,NA,"Y",NA,NA,0.5
"2254",2023-08-17,"WL3","3","4.5","V",NA,NA,"0.43","1.2",1,"0.5",NA,NA,NA,NA,NA,2023,NA,"SHS",2024-02-15,NA,NA,NA,NA,NA,NA,NA,NA,NA,NA,NA,NA,"N",NA,NA,0.5
"2255",2023-08-17,"WL3","3","4.5","V",NA,NA,"0.6","1.3",1,"0.4",NA,NA,NA,NA,NA,2023,NA,"SHS",2024-02-15,NA,NA,NA,NA,NA,NA,NA,NA,NA,NA,NA,NA,"N",NA,NA,0.5
"2256",2023-08-17,"WL3","3","4.5","V",NA,NA,"0.36","1.6",1,"0.7",NA,NA,NA,NA,NA,2023,NA,"SHS",2024-02-15,NA,NA,NA,NA,NA,NA,NA,NA,NA,NA,NA,NA,"N",NA,NA,0.5
"2257",2023-08-17,"WL3","3","4.5","V",NA,NA,"0.45","1.4",1,"0.6",NA,NA,NA,NA,NA,2023,NA,"SHS",2024-02-15,NA,NA,NA,NA,NA,NA,NA,NA,NA,NA,NA,NA,"N",NA,NA,0.5
"2258",2023-08-17,"WL3","3","4.5","V",NA,NA,"0.69","1.3",1,"0.4",NA,NA,NA,NA,NA,2023,NA,"SHS",2024-02-15,NA,NA,NA,NA,NA,NA,NA,NA,NA,NA,NA,NA,"Y",NA,NA,0.5
"2259",2023-08-17,"WL3","3","5","V",15,32,"0.44","1.5",1,"0.6",NA,NA,NA,NA,NA,2023,NA,"SHS",2024-02-15,NA,NA,NA,NA,NA,"red",856,NA,NA,NA,NA,NA,"N",NA,NA,0.5
"2260",2023-08-17,"WL3","3","5","V",19,11,"0.69","1.4",1,"0.4",NA,NA,NA,NA,NA,2023,NA,"SHS",2024-02-15,NA,NA,NA,NA,NA,"red",291,NA,NA,NA,NA,NA,"N",NA,NA,0.5
"2261",2023-08-17,"WL3","3","5","V",15,24,"0.71","1.1",1,"0.5",NA,NA,NA,NA,NA,2023,NA,"SHS",2024-02-15,NA,NA,NA,NA,NA,"red",894,NA,NA,NA,NA,NA,"N",NA,NA,0.5
"2262",2023-08-17,"WL3","3","5","V",12,1,"0.53","1.4",1,"0.8",NA,NA,NA,NA,NA,2023,NA,"SHS",2024-02-15,NA,NA,NA,NA,NA,"red",872,NA,NA,NA,NA,NA,"Y",NA,NA,0.5
"2263",2023-08-17,"WL3","3","5","V",9,12,"0.68","1.3",1,"0.6",NA,NA,NA,NA,NA,2023,NA,"SHS",2024-02-15,NA,NA,NA,NA,NA,"red",883,NA,NA,NA,NA,NA,"N",NA,NA,0.5
"2264",2023-08-17,"WL3","3","5","V",5,10,"0.66","1.1",1,"0.4",NA,NA,NA,NA,NA,2023,NA,"SHS",2024-02-15,NA,NA,NA,NA,NA,"red",726,NA,NA,NA,NA,NA,"Y",NA,NA,0.5
"2265",2023-08-17,"WL3","3","5","V",32,39,"0.47","1.0",1,"0.3",NA,NA,NA,NA,NA,2023,NA,"SHS",2024-02-15,NA,NA,NA,NA,NA,"red",833,NA,NA,NA,NA,NA,"N",NA,NA,0.5
"2266",2023-08-17,"WL3","3","5","V",13,18,"0.45","1.5",1,"0.5",NA,NA,NA,NA,NA,2023,NA,"SHS",2024-02-15,NA,NA,NA,NA,NA,"red",578,NA,NA,NA,NA,NA,"Y",NA,NA,0.5
"2267",2023-08-17,"WL3","3","5","V",29,25,"0.5","2.1",1,"0.3",NA,NA,NA,NA,NA,2023,NA,"SHS",2024-02-15,NA,NA,NA,NA,NA,"red",867,NA,NA,NA,NA,NA,"N",NA,NA,0.5
"2268",2023-08-17,"WL3","3","5","V",20,45,"0.61","2.3",1,"0.4",NA,NA,NA,NA,NA,2023,NA,"SHS",2024-02-15,NA,NA,NA,NA,NA,"red",857,NA,NA,NA,NA,NA,"Y",NA,NA,0.5
"2269",2023-08-17,"WL3","3","5","V",NA,NA,"0.37","0.7",1,"0.3",NA,NA,NA,NA,NA,2023,NA,"SHS",2024-02-15,NA,NA,NA,NA,NA,NA,NA,NA,NA,NA,NA,NA,"Y",NA,NA,0.5
"2270",2023-08-17,"WL3","3","5","V",NA,NA,"0.32","0.9",1,"0.4",NA,NA,NA,NA,NA,2023,NA,"SHS",2024-02-15,NA,NA,NA,NA,NA,NA,NA,NA,NA,NA,NA,NA,"Y",NA,NA,0.5
"2271",2023-08-17,"WL3","3","5","V",NA,NA,"0.57","1.4",1,"0.4",NA,NA,NA,NA,NA,2023,NA,"SHS",2024-02-15,NA,NA,NA,NA,NA,NA,NA,NA,NA,NA,NA,NA,"N",NA,NA,0.5
"2272",2023-08-17,"WL3","3","5","V",NA,NA,"0.52","1.3",1,"0.3",NA,NA,NA,NA,NA,2023,NA,"SHS",2024-02-15,NA,NA,NA,NA,NA,NA,NA,NA,NA,NA,NA,NA,"Y",NA,NA,0.5
"2273",2023-08-17,"WL3","3","5","V",NA,NA,"0.54","1.1",1,"0.4",NA,NA,NA,NA,NA,2023,NA,"SHS",2024-02-15,NA,NA,NA,NA,NA,NA,NA,NA,NA,NA,NA,NA,"Y",NA,NA,0.5
"2274",2023-08-17,"WL3","3","5","V",NA,NA,"0.46","1.2",1,"0.2",NA,NA,NA,NA,NA,2023,NA,"SHS",2024-02-15,NA,NA,NA,NA,NA,NA,NA,NA,NA,NA,NA,NA,"Y",NA,NA,0.5
"2275",2023-08-17,"WL3","3","5","V",NA,NA,"0.36","1.1",1,"0.3",NA,NA,NA,NA,NA,2023,NA,"SHS",2024-02-15,NA,NA,NA,NA,NA,NA,NA,NA,NA,NA,NA,NA,"Y",NA,NA,0.5
"2276",2023-08-17,"WL3","3","5","V",NA,NA,"0.18","1.0",1,"0.2",NA,NA,NA,NA,NA,2023,NA,"SHS",2024-02-15,NA,NA,NA,NA,NA,NA,NA,NA,NA,NA,NA,NA,"Y",NA,NA,0.5
"2277",2023-08-17,"WL3","3","5","V",NA,NA,"0.32","1.9",1,"0.4",NA,NA,NA,NA,NA,2023,NA,"SHS",2024-02-15,NA,NA,NA,NA,NA,NA,NA,NA,NA,NA,NA,NA,"Y",NA,NA,0.5
"2278",2023-08-17,"WL3","3","5","V",NA,NA,"0.2","1.8",1,"0.5",NA,NA,NA,NA,NA,2023,NA,"SHS",2024-02-15,NA,NA,NA,NA,NA,NA,NA,NA,NA,NA,NA,NA,"Y",NA,NA,0.5
"2279",2023-08-17,"WL3","3","5","V",NA,NA,"0.34","0.8",1,"0.3",NA,NA,NA,NA,NA,2023,NA,"SHS",2024-02-15,NA,NA,NA,NA,NA,NA,NA,NA,NA,NA,NA,NA,"N",NA,NA,0.5
"2280",2023-08-17,"WL3","3","5","V",NA,NA,"0.17","1.2",1,"0.2",NA,NA,NA,NA,NA,2023,NA,"SHS",2024-02-15,NA,NA,NA,NA,NA,NA,NA,NA,NA,NA,NA,NA,"N",NA,NA,0.5
"2281",2023-08-17,"WL3","3","5","V",NA,NA,"0.2","0.9",1,"0.2",NA,NA,NA,NA,NA,2023,NA,"SHS",2024-02-15,NA,NA,NA,NA,NA,NA,NA,NA,NA,NA,NA,NA,"Y",NA,NA,0.5
"2282",2023-08-17,"WL3","3","5","V",NA,NA,"0.17","1.4",1,"0.3",NA,NA,NA,NA,NA,2023,NA,"SHS",2024-02-15,NA,NA,NA,NA,NA,NA,NA,NA,NA,NA,NA,NA,"Y",NA,NA,0.5
"2283",2023-08-17,"WL3","3","5","V",NA,NA,"0.18","1.2",1,"0.3",NA,NA,NA,NA,NA,2023,NA,"SHS",2024-02-15,NA,NA,NA,NA,NA,NA,NA,NA,NA,NA,NA,NA,"Y",NA,NA,0.5
"2284",2023-08-17,"WL3","3","5.5","V",2,25,"1.19","5.0",1,"0.6",NA,NA,NA,NA,NA,2023,NA,"SHS",2024-02-15,NA,NA,NA,NA,NA,"red",698,NA,NA,NA,NA,NA,"N",NA,NA,1.19
"2285",2023-08-17,"WL3","3","5.5","V",40,11,"0.19","1.7",1,"0.4",NA,NA,NA,NA,NA,2023,NA,"SHS",2024-02-15,NA,NA,NA,NA,NA,"red",729,NA,NA,NA,NA,NA,"Y",NA,NA,0.5
"2286",2023-08-17,"WL3","3","5.5","V",28,32,"0.77","1.8",1,"0.5",NA,NA,NA,NA,NA,2023,NA,"SHS",2024-02-15,NA,NA,NA,NA,NA,"red",979,NA,NA,NA,NA,NA,"Y",NA,NA,0.5
"2287",2023-08-17,"WL3","3","5.5","V",31,32,"1.08","2.7",1,"0.5",NA,NA,NA,NA,NA,2023,NA,"SHS",2024-02-15,NA,NA,NA,NA,NA,"red",28,NA,NA,NA,NA,NA,"N",NA,NA,1.08
"2288",2023-08-17,"WL3","3","5.5","V",32,45,"0.27","2.4",1,"0.6",NA,NA,NA,NA,NA,2023,NA,"SHS",2024-02-15,NA,NA,NA,NA,NA,"red",15,NA,NA,NA,NA,NA,"Y",NA,NA,0.5
"2289",2023-08-17,"WL3","3","5.5","V",29,45,"0.54","1.5",1,"0.6",NA,NA,NA,NA,NA,2023,NA,"SB",2024-02-15,NA,NA,NA,NA,NA,"red",702,NA,NA,NA,NA,NA,"N",NA,NA,0.5
"2290",2023-08-17,"WL3","3","5.5","V",45,26,"0.45","0.9",1,"0.2",NA,NA,NA,NA,NA,2023,NA,"SB",2024-02-15,NA,NA,NA,NA,NA,"red",743,NA,NA,NA,NA,NA,"N",NA,NA,0.5
"2291",2023-08-17,"WL3","3","5.5","V",40,43,"0.37","1.7",1,"0.3",NA,NA,NA,NA,NA,2023,NA,"SB",2024-02-15,NA,NA,NA,NA,NA,"red",573,NA,NA,NA,NA,NA,"Y",NA,NA,0.5
"2292",2023-08-17,"WL3","3","5.5","V",37,23,"0.36","2.2",1,"0.3",NA,NA,NA,NA,NA,2023,NA,"SB",2024-02-15,NA,NA,NA,NA,NA,"red",54,NA,NA,NA,NA,NA,"N",NA,NA,0.5
"2293",2023-08-17,"WL3","3","5.5","V",45,28,"0.3","1.7",1,"0.3",NA,NA,NA,NA,NA,2023,NA,"SB",2024-02-15,NA,NA,NA,NA,NA,"red",749,NA,NA,NA,NA,NA,"Y",NA,NA,0.5
"2294",2023-08-17,"WL3","3","5.5","V",NA,NA,"0.37","1.9",1,"0.3",NA,NA,NA,NA,NA,2023,NA,"SB",2024-02-15,NA,NA,NA,NA,NA,NA,NA,NA,NA,NA,NA,NA,"N",NA,NA,0.5
"2295",2023-08-17,"WL3","3","5.5","V",NA,NA,"0.37","2.1",1,"0.3",NA,NA,NA,NA,NA,2023,NA,"SB",2024-02-15,NA,NA,NA,NA,NA,NA,NA,NA,NA,NA,NA,NA,"Y",NA,NA,0.5
"2296",2023-08-17,"WL3","3","5.5","V",NA,NA,"0.38","0.8",1,"0.2",NA,NA,NA,NA,NA,2023,NA,"SB",2024-02-15,NA,NA,NA,NA,NA,NA,NA,NA,NA,NA,NA,NA,"Y",NA,NA,0.5
"2297",2023-08-17,"WL3","3","6","P",15,7,"1.24","16.5",1,NA,"0.0","7.0",2.9,1,NA,2023,NA,"SB",2024-02-15,NA,NA,NA,NA,NA,"red",838,NA,NA,NA,NA,NA,"Y",NA,NA,1.24
"2298",2023-08-17,"WL3","3","6","P",17,6,"1.96","17.0",1,NA,"0.0","7.0",4.5,1,NA,2023,NA,"SB",2024-02-15,NA,NA,NA,NA,NA,"red",735,NA,NA,NA,NA,NA,"Y",NA,NA,1.96
"2299",2023-08-17,"WL3","3","6","V",33,17,"0.51","1.5",1,"0.4",NA,NA,NA,NA,NA,2023,NA,"SB",2024-02-15,NA,NA,NA,NA,NA,"red",859,NA,NA,NA,NA,NA,"N",NA,NA,0.5
"2300",2023-08-17,"WL3","3","6","V",10,27,"0.44","1.3",1,"0.3",NA,NA,NA,NA,NA,2023,NA,"SB",2024-02-15,NA,NA,NA,NA,NA,"red",875,NA,NA,NA,NA,NA,"N",NA,NA,0.5
"2301",2023-08-17,"WL3","3","6","V",31,38,"0.51","1.0",1,"0.2",NA,NA,NA,NA,NA,2023,NA,"SB",2024-02-15,NA,NA,NA,NA,NA,"red",808,NA,NA,NA,NA,NA,"N",NA,NA,0.5
"2302",2023-08-17,"WL3","3","6","V",35,18,"0.4","1.6",1,"0.2",NA,NA,NA,NA,NA,2023,NA,"SB",2024-02-15,NA,NA,NA,NA,NA,"red",865,NA,NA,NA,NA,NA,"N",NA,NA,0.5
"2303",2023-08-17,"WL3","3","6","V",25,18,"0.43","1.2",1,"0.4",NA,NA,NA,NA,NA,2023,NA,"SB",2024-02-15,NA,NA,NA,NA,NA,"red",877,NA,NA,NA,NA,NA,"N",NA,NA,0.5
"2304",2023-08-17,"WL3","3","6","V",21,27,"0.46","1.7",1,"0.2",NA,NA,NA,NA,NA,2023,NA,"SB",2024-02-15,NA,NA,NA,NA,NA,"red",745,NA,NA,NA,NA,NA,"N",NA,NA,0.5
"2305",2023-08-17,"WL3","3","6","V",38,30,"0.34","1.4",1,"0.2",NA,NA,NA,NA,NA,2023,NA,"SB",2024-02-15,NA,NA,NA,NA,NA,"red",887,NA,NA,NA,NA,NA,"Y",NA,NA,0.5
"2306",2023-08-17,"WL3","3","6","V",13,16,"0.43","2.2",1,"0.3",NA,NA,NA,NA,NA,2023,NA,"SB",2024-02-15,NA,NA,NA,NA,NA,"red",882,NA,NA,NA,NA,NA,"N",NA,NA,0.5
"2307",2023-08-23,"WL3","3","6","P",NA,NA,"1.3","7.8",5,NA,"1.0","9.0",2.7,5,NA,2023,NA,"SB",2024-02-15,NA,NA,NA,NA,NA,NA,NA,NA,NA,NA,NA,NA,"Y",NA,NA,1.3
"2308",2023-08-23,"WL3","3","6","V",NA,NA,"<1","2.1",1,"0.5",NA,NA,NA,NA,NA,2023,NA,"SB",2024-02-15,NA,NA,NA,NA,NA,NA,NA,NA,NA,NA,NA,NA,"Y",NA,NA,0.5
"2309",2023-08-23,"WL3","3","6","V",NA,NA,"<1","0.8",1,"0.4",NA,NA,NA,NA,NA,2023,NA,"SB",2024-02-15,NA,NA,NA,NA,NA,NA,NA,NA,NA,NA,NA,NA,"N",NA,NA,0.5
"2310",2023-08-23,"WL3","3","6","V",NA,NA,"<1","1.0",1,"0.6",NA,NA,NA,NA,NA,2023,NA,"SB",2024-02-15,NA,NA,NA,NA,NA,NA,NA,NA,NA,NA,NA,NA,"N",NA,NA,0.5
"2311",2023-08-23,"WL3","3","6","V",NA,NA,"<1","0.7",1,"0.4",NA,NA,NA,NA,NA,2023,NA,"SB",2024-02-15,NA,NA,NA,NA,NA,NA,NA,NA,NA,NA,NA,NA,"Y",NA,NA,0.5
"2312",2023-08-23,"WL3","3","6","V",NA,NA,"<1","1.1",1,"0.4",NA,NA,NA,NA,NA,2023,NA,"SB",2024-02-15,NA,NA,NA,NA,NA,NA,NA,NA,NA,NA,NA,NA,"N",NA,NA,0.5
"2313",2023-08-23,"WL3","3","6","V",NA,NA,"<1","0.7",1,"0.3",NA,NA,NA,NA,NA,2023,NA,"SB",2024-02-15,NA,NA,NA,NA,NA,NA,NA,NA,NA,NA,NA,NA,"N",NA,NA,0.5
"2314",2023-08-23,"WL3","3","6","V",NA,NA,"<1","0.6",1,"0.6",NA,NA,NA,NA,NA,2023,NA,"SB",2024-02-15,NA,NA,NA,NA,NA,NA,NA,NA,NA,NA,NA,NA,"Y",NA,NA,0.5
"2315",2023-08-23,"WL3","3","6","V",NA,NA,"<1","0.7",1,"0.5",NA,NA,NA,NA,NA,2023,NA,"SB",2024-02-15,NA,NA,NA,NA,NA,NA,NA,NA,NA,NA,NA,NA,"Y",NA,NA,0.5
"2316",2023-08-23,"WL3","3","6","V",NA,NA,"<1","0.8",1,"0.4",NA,NA,NA,NA,NA,2023,NA,"SB",2024-02-15,NA,NA,NA,NA,NA,NA,NA,NA,NA,NA,NA,NA,"Y",NA,NA,0.5
"2317",2023-08-23,"WL3","3","6","V",NA,NA,"<1","0.7",1,"0.4",NA,NA,NA,NA,NA,2023,NA,"SB",2024-02-15,NA,NA,NA,NA,NA,NA,NA,NA,NA,NA,NA,NA,"N",NA,NA,0.5
"2318",2023-08-23,"WL3","3","6","V",NA,NA,"<1","1.1",1,"0.3",NA,NA,NA,NA,NA,2023,NA,"SB",2024-02-15,NA,NA,NA,NA,NA,NA,NA,NA,NA,NA,NA,NA,"Y",NA,NA,0.5
"2319",2023-08-23,"WL3","3","6","V",NA,NA,"<1","0.7",1,"0.3",NA,NA,NA,NA,NA,2023,NA,"SB",2024-02-15,NA,NA,NA,NA,NA,NA,NA,NA,NA,NA,NA,NA,"Y",NA,NA,0.5
"2320",2023-08-23,"WL3","3","6","V",NA,NA,"<1","1.3",1,"0.4",NA,NA,NA,NA,NA,2023,NA,"SB",2024-02-15,NA,NA,NA,NA,NA,NA,NA,NA,NA,NA,NA,NA,"N",NA,NA,0.5
"2321",2023-08-23,"WL3","3","6","V",NA,NA,"<1","1.6",1,"0.4",NA,NA,NA,NA,NA,2023,NA,"SB",2024-02-15,NA,NA,NA,NA,NA,NA,NA,NA,NA,NA,NA,NA,"Y",NA,NA,0.5
"2322",2023-08-23,"WL3","3","6","V",NA,NA,"<1","0.7",1,"0.4",NA,NA,NA,NA,NA,2023,NA,"SB",2024-02-15,NA,NA,NA,NA,NA,NA,NA,NA,NA,NA,NA,NA,"Y",NA,NA,0.5
"2323",2023-08-23,"WL3","3","6","V",NA,NA,"<1","1.0",1,"0.4",NA,NA,NA,NA,NA,2023,NA,"SB",2024-02-15,NA,NA,NA,NA,NA,NA,NA,NA,NA,NA,NA,NA,"N",NA,NA,0.5
"2324",2023-08-23,"WL3","3","6","V",NA,NA,"<1","0.7",1,"0.4",NA,NA,NA,NA,NA,2023,NA,"SB",2024-02-15,NA,NA,NA,NA,NA,NA,NA,NA,NA,NA,NA,NA,"Y",NA,NA,0.5
"2325",2023-08-23,"WL3","3","6","V",NA,NA,"<1","1.7",1,"0.5",NA,NA,NA,NA,NA,2023,NA,"SB",2024-02-15,NA,NA,NA,NA,NA,NA,NA,NA,NA,NA,NA,NA,"N",NA,NA,0.5
"2326",2023-08-23,"WL3","3","6","V",NA,NA,"<1","1.1",1,"0.7",NA,NA,NA,NA,NA,2023,NA,"SB",2024-02-15,NA,NA,NA,NA,NA,NA,NA,NA,NA,NA,NA,NA,"Y",NA,NA,0.5
"2327",2023-08-23,"WL3","3","6","V",NA,NA,"<1","1.2",1,"0.5",NA,NA,NA,NA,NA,2023,NA,"SB",2024-02-15,NA,NA,NA,NA,NA,NA,NA,NA,NA,NA,NA,NA,"Y",NA,NA,0.5
"2328",2023-08-23,"WL3","3","6","V",NA,NA,"<1","1.5",1,"0.5",NA,NA,NA,NA,NA,2023,NA,"SB",2024-02-15,NA,NA,NA,NA,NA,NA,NA,NA,NA,NA,NA,NA,"Y",NA,NA,0.5
"2329",2023-08-23,"WL3","3","6","V",NA,NA,"<1","0.9",1,"0.4",NA,NA,NA,NA,NA,2023,NA,"SB",2024-02-15,NA,NA,NA,NA,NA,NA,NA,NA,NA,NA,NA,NA,"Y",NA,NA,0.5
"2330",2023-08-23,"WL3","3","6","V",NA,NA,"<1","0.9",1,"0.5",NA,NA,NA,NA,NA,2023,NA,"SB",2024-02-15,NA,NA,NA,NA,NA,NA,NA,NA,NA,NA,NA,NA,"Y",NA,NA,0.5
"2331",2023-08-23,"WL3","3","6","V",NA,NA,"<1","0.7",1,"0.3",NA,NA,NA,NA,NA,2023,NA,"SB",2024-02-15,NA,NA,NA,NA,NA,NA,NA,NA,NA,NA,NA,NA,"N",NA,NA,0.5
"2332",2023-08-23,"WL3","3","6","V",NA,NA,"<1","0.7",1,"0.5",NA,NA,NA,NA,NA,2023,NA,"SB",2024-02-15,NA,NA,NA,NA,NA,NA,NA,NA,NA,NA,NA,NA,"N",NA,NA,0.5
"2333",2023-08-23,"WL3","3","6","V",NA,NA,"<1","0.8",1,"0.3",NA,NA,NA,NA,NA,2023,NA,"SB",2024-02-15,NA,NA,NA,NA,NA,NA,NA,NA,NA,NA,NA,NA,"Y",NA,NA,0.5
"2334",2023-08-23,"WL3","3","6","V",NA,NA,"<1","0.8",1,"0.2",NA,NA,NA,NA,NA,2023,NA,"SB",2024-02-15,NA,NA,NA,NA,NA,NA,NA,NA,NA,NA,NA,NA,"Y",NA,NA,0.5
"2335",2023-08-23,"WL3","3","6","V",NA,NA,"<1","0.7",1,"0.4",NA,NA,NA,NA,NA,2023,NA,"SB",2024-02-15,NA,NA,NA,NA,NA,NA,NA,NA,NA,NA,NA,NA,"N",NA,NA,0.5
"2336",2023-08-23,"WL3","3","6","V",NA,NA,"<1","0.9",1,"0.4",NA,NA,NA,NA,NA,2023,NA,"SB",2024-02-15,NA,NA,NA,NA,NA,NA,NA,NA,NA,NA,NA,NA,"N",NA,NA,0.5
"2337",2023-08-23,"WL3","3","6","V",NA,NA,"<1","1.4",1,"0.5",NA,NA,NA,NA,NA,2023,NA,"SB",2024-02-15,NA,NA,NA,NA,NA,NA,NA,NA,NA,NA,NA,NA,"N",NA,NA,0.5
"2338",2023-08-23,"WL3","3","6","V",NA,NA,"<1","1.8",1,"0.4",NA,NA,NA,NA,NA,2023,NA,"SB",2024-02-15,NA,NA,NA,NA,NA,NA,NA,NA,NA,NA,NA,NA,"N",NA,NA,0.5
"2339",2023-08-23,"WL3","3","6","V",NA,NA,"<1","0.6",1,"0.3",NA,NA,NA,NA,NA,2023,NA,"SB",2024-02-15,NA,NA,NA,NA,NA,NA,NA,NA,NA,NA,NA,NA,"N",NA,NA,0.5
"2340",2023-08-23,"WL3","3","6","V",NA,NA,"<1","1.0",1,"0.4",NA,NA,NA,NA,NA,2023,NA,"SB",2024-02-15,NA,NA,NA,NA,NA,NA,NA,NA,NA,NA,NA,NA,"N",NA,NA,0.5
"2341",2023-08-23,"WL3","3","6","V",NA,NA,"<1","1.0",1,"0.3",NA,NA,NA,NA,NA,2023,NA,"SB",2024-02-15,NA,NA,NA,NA,NA,NA,NA,NA,NA,NA,NA,NA,"N",NA,NA,0.5
"2342",2023-08-23,"WL3","3","6","V",NA,NA,"<1","1.1",1,"0.4",NA,NA,NA,NA,NA,2023,NA,"SB",2024-02-15,NA,NA,NA,NA,NA,NA,NA,NA,NA,NA,NA,NA,"N",NA,NA,0.5
"2343",2023-08-23,"WL3","3","6","V",NA,NA,"<1","1.2",1,"0.4",NA,NA,NA,NA,NA,2023,NA,"SB",2024-02-15,NA,NA,NA,NA,NA,NA,NA,NA,NA,NA,NA,NA,"Y",NA,NA,0.5
"2344",2023-08-23,"WL3","3","6","V",NA,NA,"<1","1.5",1,"0.4",NA,NA,NA,NA,NA,2023,NA,"SB",2024-02-15,NA,NA,NA,NA,NA,NA,NA,NA,NA,NA,NA,NA,"N",NA,NA,0.5
"2345",2023-08-23,"WL3","3","6","V",NA,NA,"<1","0.8",1,"0.6",NA,NA,NA,NA,NA,2023,NA,"SB",2024-02-15,NA,NA,NA,NA,NA,NA,NA,NA,NA,NA,NA,NA,"N",NA,NA,0.5
"2346",2023-08-23,"WL3","3","6","V",NA,NA,"<1","1.1",1,"0.3",NA,NA,NA,NA,NA,2023,NA,"SB",2024-02-15,NA,NA,NA,NA,NA,NA,NA,NA,NA,NA,NA,NA,"N",NA,NA,0.5
"2347",2023-08-23,"WL3","3","6","V",NA,NA,"<1","0.6",1,"0.3",NA,NA,NA,NA,NA,2023,NA,"SB",2024-02-15,NA,NA,NA,NA,NA,NA,NA,NA,NA,NA,NA,NA,"N",NA,NA,0.5
"2348",2023-08-23,"WL3","3","6","V",NA,NA,"<1","1.4",1,"0.3",NA,NA,NA,NA,NA,2023,NA,"SB",2024-02-15,NA,NA,NA,NA,NA,NA,NA,NA,NA,NA,NA,NA,"N",NA,NA,0.5
"2349",2023-08-23,"WL3","3","6","V",NA,NA,"<1","1.0",1,"0.4",NA,NA,NA,NA,NA,2023,NA,"SB",2024-02-15,NA,NA,NA,NA,NA,NA,NA,NA,NA,NA,NA,NA,"N",NA,NA,0.5
"2350",2023-08-23,"WL3","3","6","V",NA,NA,"<1","1.1",1,"0.6",NA,NA,NA,NA,NA,2023,NA,"SB",2024-02-15,NA,NA,NA,NA,NA,NA,NA,NA,NA,NA,NA,NA,"Y",NA,NA,0.5
"2351",2023-08-23,"WL3","3","6","V",NA,NA,"<1","0.7",1,"0.2",NA,NA,NA,NA,NA,2023,NA,"SB",2024-02-15,NA,NA,NA,NA,NA,NA,NA,NA,NA,NA,NA,NA,"N",NA,NA,0.5
"2352",2023-08-23,"WL3","3","6","V",NA,NA,"<1","1.0",1,"0.4",NA,NA,NA,NA,NA,2023,NA,"SB",2024-02-15,NA,NA,NA,NA,NA,NA,NA,NA,NA,NA,NA,NA,"N",NA,NA,0.5
"2353",2023-08-23,"WL3","3","6","V",NA,NA,"<1","0.7",1,"0.5",NA,NA,NA,NA,NA,2023,NA,"SB",2024-02-15,NA,NA,NA,NA,NA,NA,NA,NA,NA,NA,NA,NA,"N",NA,NA,0.5
"2354",2023-08-23,"WL3","3","6","V",NA,NA,"<1","0.6",1,"0.3",NA,NA,NA,NA,NA,2023,NA,"SB",2024-02-15,NA,NA,NA,NA,NA,NA,NA,NA,NA,NA,NA,NA,"N",NA,NA,0.5
"2355",2023-08-23,"WL3","3","6","V",NA,NA,"<1","0.5",1,"0.3",NA,NA,NA,NA,NA,2023,NA,"SB",2024-02-15,NA,NA,NA,NA,NA,NA,NA,NA,NA,NA,NA,NA,"N",NA,NA,0.5
"2356",2023-08-23,"WL3","3","6","V",NA,NA,"<1","0.6",1,"0.2",NA,NA,NA,NA,NA,2023,NA,"SB",2024-02-15,NA,NA,NA,NA,NA,NA,NA,NA,NA,NA,NA,NA,"N",NA,NA,0.5
"2357",2023-08-23,"WL3","3","6","V",NA,NA,"<1","1.3",1,"0.5",NA,NA,NA,NA,NA,2023,NA,"SB",2024-02-15,NA,NA,NA,NA,NA,NA,NA,NA,NA,NA,NA,NA,"Y",NA,NA,0.5
"2358",2023-08-23,"WL3","3","6","V",NA,NA,"<1","1.5",1,"0.7",NA,NA,NA,NA,NA,2023,NA,"SB",2024-02-15,NA,NA,NA,NA,NA,NA,NA,NA,NA,NA,NA,NA,"N",NA,NA,0.5
"2359",2023-08-23,"WL3","3","6","V",NA,NA,"<1","1.1",1,"0.5",NA,NA,NA,NA,NA,2023,NA,"SB",2024-02-15,NA,NA,NA,NA,NA,NA,NA,NA,NA,NA,NA,NA,"N",NA,NA,0.5
"2360",2023-08-23,"WL3","3","6","V",NA,NA,"<1","0.9",1,"0.3",NA,NA,NA,NA,NA,2023,NA,"SB",2024-02-15,NA,NA,NA,NA,NA,NA,NA,NA,NA,NA,NA,NA,"N",NA,NA,0.5
"2361",2023-08-23,"WL3","3","6","V",NA,NA,"<1","1.4",1,"0.8",NA,NA,NA,NA,NA,2023,NA,"SB",2024-02-15,NA,NA,NA,NA,NA,NA,NA,NA,NA,NA,NA,NA,"N",NA,NA,0.5
"2362",2023-08-23,"WL3","3","6","V",NA,NA,"<1","0.8",1,"0.4",NA,NA,NA,NA,NA,2023,NA,"SB",2024-02-15,NA,NA,NA,NA,NA,NA,NA,NA,NA,NA,NA,NA,"N",NA,NA,0.5
"2363",2023-08-23,"WL3","3","6","V",NA,NA,"<1","1.4",1,"0.4",NA,NA,NA,NA,NA,2023,NA,"SB",2024-02-15,NA,NA,NA,NA,NA,NA,NA,NA,NA,NA,NA,NA,"N",NA,NA,0.5
"2364",2023-08-23,"WL3","3","6","V",NA,NA,"<1","1.6",1,"0.5",NA,NA,NA,NA,NA,2023,NA,"SB",2024-02-15,NA,NA,NA,NA,NA,NA,NA,NA,NA,NA,NA,NA,"N",NA,NA,0.5
"2365",2023-08-23,"WL3","3","6","V",NA,NA,"<1","1.4",1,"0.8",NA,NA,NA,NA,NA,2023,NA,"SB",2024-02-15,NA,NA,NA,NA,NA,NA,NA,NA,NA,NA,NA,NA,"N",NA,NA,0.5
"2366",2023-08-23,"WL3","3","6","V",NA,NA,"<1","1.2",1,"0.5",NA,NA,NA,NA,NA,2023,NA,"SB",2024-02-15,NA,NA,NA,NA,NA,NA,NA,NA,NA,NA,NA,NA,"Y",NA,NA,0.5
"2367",2023-08-23,"WL3","3","6","V",NA,NA,"<1","1.7",1,"0.4",NA,NA,NA,NA,NA,2023,NA,"SB",2024-02-15,NA,NA,NA,NA,NA,NA,NA,NA,NA,NA,NA,NA,"N",NA,NA,0.5
"2368",2023-08-23,"WL3","3","6","V",NA,NA,"<1","0.9",1,"0.8",NA,NA,NA,NA,NA,2023,NA,"SB",2024-02-15,NA,NA,NA,NA,NA,NA,NA,NA,NA,NA,NA,NA,"N",NA,NA,0.5
"2369",2023-08-23,"WL3","3","6","V",NA,NA,"<1","1.1",1,"0.3",NA,NA,NA,NA,NA,2023,NA,"SB",2024-02-15,NA,NA,NA,NA,NA,NA,NA,NA,NA,NA,NA,NA,"Y",NA,NA,0.5
"2370",2023-08-23,"WL3","3","6","V",NA,NA,"<1","1.5",1,"0.5",NA,NA,NA,NA,NA,2023,NA,"SB",2024-02-15,NA,NA,NA,NA,NA,NA,NA,NA,NA,NA,NA,NA,"N",NA,NA,0.5
"2371",2023-08-23,"WL3","3","6","V",NA,NA,"<1","1.4",1,"0.8",NA,NA,NA,NA,NA,2023,NA,"SB",2024-02-15,NA,NA,NA,NA,NA,NA,NA,NA,NA,NA,NA,NA,"N",NA,NA,0.5
"2372",2023-08-23,"WL3","3","6","V",NA,NA,"<1","1.4",1,"0.2",NA,NA,NA,NA,NA,2023,NA,"SB",2024-02-15,NA,NA,NA,NA,NA,NA,NA,NA,NA,NA,NA,NA,"N",NA,NA,0.5
"2373",2023-08-23,"WL3","3","6","V",NA,NA,"<1","1.3",1,"0.4",NA,NA,NA,NA,NA,2023,NA,"SB",2024-02-15,NA,NA,NA,NA,NA,NA,NA,NA,NA,NA,NA,NA,"N",NA,NA,0.5
"2374",2023-08-23,"WL3","3","6","V",NA,NA,"<1","1.5",1,"0.7",NA,NA,NA,NA,NA,2023,NA,"SB",2024-02-15,NA,NA,NA,NA,NA,NA,NA,NA,NA,NA,NA,NA,"N",NA,NA,0.5
"2375",2023-08-23,"WL3","3","6","V",NA,NA,"<1","1.5",1,"0.8",NA,NA,NA,NA,NA,2023,NA,"SB",2024-02-15,NA,NA,NA,NA,NA,NA,NA,NA,NA,NA,NA,NA,"Y",NA,NA,0.5
"2376",2023-08-23,"WL3","3","6","V",NA,NA,"<1","1.9",1,"0.6",NA,NA,NA,NA,NA,2023,NA,"SB",2024-02-15,NA,NA,NA,NA,NA,NA,NA,NA,NA,NA,NA,NA,"N",NA,NA,0.5
"2377",2023-08-23,"WL3","3","6","V",NA,NA,"<1","1.7",1,"0.2",NA,NA,NA,NA,NA,2023,NA,"SB",2024-02-15,NA,NA,NA,NA,NA,NA,NA,NA,NA,NA,NA,NA,"N",NA,NA,0.5
"2378",2023-08-23,"WL3","3","6","V",NA,NA,"<1","0.8",1,"0.6",NA,NA,NA,NA,NA,2023,NA,"SB",2024-02-15,NA,NA,NA,NA,NA,NA,NA,NA,NA,NA,NA,NA,"N",NA,NA,0.5
"2379",2023-08-23,"WL3","3","6","V",NA,NA,"<1","1.5",1,"0.7",NA,NA,NA,NA,NA,2023,NA,"SB",2024-02-15,NA,NA,NA,NA,NA,NA,NA,NA,NA,NA,NA,NA,"N",NA,NA,0.5
"2380",2023-08-23,"WL3","3","6","V",NA,NA,"<1","0.8",1,"0.3",NA,NA,NA,NA,NA,2023,NA,"SB",2024-02-15,NA,NA,NA,NA,NA,NA,NA,NA,NA,NA,NA,NA,"N",NA,NA,0.5
"2381",2023-08-23,"WL3","3","6","V",NA,NA,"<1","0.7",1,"0.4",NA,NA,NA,NA,NA,2023,NA,"SB",2024-02-15,NA,NA,NA,NA,NA,NA,NA,NA,NA,NA,NA,NA,"N",NA,NA,0.5
"2382",2023-08-23,"WL3","3","6","V",NA,NA,"<1","1.2",1,"0.5",NA,NA,NA,NA,NA,2023,NA,"SB",2024-02-15,NA,NA,NA,NA,NA,NA,NA,NA,NA,NA,NA,NA,"N",NA,NA,0.5
"2383",2023-08-23,"WL3","3","6","V",NA,NA,"<1","1.0",1,"0.6",NA,NA,NA,NA,NA,2023,NA,"SB",2024-02-15,NA,NA,NA,NA,NA,NA,NA,NA,NA,NA,NA,NA,"N",NA,NA,0.5
"2384",2023-08-23,"WL3","3","6","V",NA,NA,"<1","0.5",1,"0.3",NA,NA,NA,NA,NA,2023,NA,"SB",2024-02-15,NA,NA,NA,NA,NA,NA,NA,NA,NA,NA,NA,NA,"Y",NA,NA,0.5
"2385",2023-08-23,"WL3","3","6","V",NA,NA,"<1","1.4",1,"0.4",NA,NA,NA,NA,NA,2023,NA,"SB",2024-02-15,NA,NA,NA,NA,NA,NA,NA,NA,NA,NA,NA,NA,"N",NA,NA,0.5
"2386",2023-08-23,"WL3","3","6","V",NA,NA,"<1","1.1",1,"0.5",NA,NA,NA,NA,NA,2023,NA,"SB",2024-02-15,NA,NA,NA,NA,NA,NA,NA,NA,NA,NA,NA,NA,"N",NA,NA,0.5
"2387",2023-08-23,"WL3","3","6","V",NA,NA,"<1","1.0",1,"0.5",NA,NA,NA,NA,NA,2023,NA,"SB",2024-02-15,NA,NA,NA,NA,NA,NA,NA,NA,NA,NA,NA,NA,"N",NA,NA,0.5
"2388",2023-08-23,"WL3","3","6","V",NA,NA,"<1","0.9",1,"0.9",NA,NA,NA,NA,NA,2023,NA,"SB",2024-02-15,NA,NA,NA,NA,NA,NA,NA,NA,NA,NA,NA,NA,"N",NA,NA,0.5
"2389",2023-08-23,"WL3","3","6","V",NA,NA,"<1","1.1",1,"0.3",NA,NA,NA,NA,NA,2023,NA,"SB",2024-02-15,NA,NA,NA,NA,NA,NA,NA,NA,NA,NA,NA,NA,"Y",NA,NA,0.5
"2390",2023-08-23,"WL3","3","6","V",NA,NA,"<1","1.2",1,"0.2",NA,NA,NA,NA,NA,2023,NA,"SB",2024-02-15,NA,NA,NA,NA,NA,NA,NA,NA,NA,NA,NA,NA,"Y",NA,NA,0.5
"2391",2023-08-23,"WL3","3","6","V",NA,NA,"<1","1.0",1,"0.7",NA,NA,NA,NA,NA,2023,NA,"SB",2024-02-15,NA,NA,NA,NA,NA,NA,NA,NA,NA,NA,NA,NA,"Y",NA,NA,0.5
"2392",2023-08-23,"WL3","3","6","V",NA,NA,"<1","0.8",1,"0.6",NA,NA,NA,NA,NA,2023,NA,"SB",2024-02-15,NA,NA,NA,NA,NA,NA,NA,NA,NA,NA,NA,NA,"N",NA,NA,0.5
"2393",2023-08-23,"WL3","3","6","V",NA,NA,"<1","1.1",1,"0.3",NA,NA,NA,NA,NA,2023,NA,"SB",2024-02-15,NA,NA,NA,NA,NA,NA,NA,NA,NA,NA,NA,NA,"N",NA,NA,0.5
"2394",2023-08-23,"WL3","3","6","V",NA,NA,"<1","0.7",1,"0.3",NA,NA,NA,NA,NA,2023,NA,"SB",2024-02-15,NA,NA,NA,NA,NA,NA,NA,NA,NA,NA,NA,NA,"N",NA,NA,0.5
"2395",2023-08-23,"WL3","3","6","V",NA,NA,"<1","0.6",1,"0.5",NA,NA,NA,NA,NA,2023,NA,"SB",2024-02-15,NA,NA,NA,NA,NA,NA,NA,NA,NA,NA,NA,NA,"N",NA,NA,0.5
"2396",2023-08-23,"WL3","3","6","V",NA,NA,"<1","1.0",1,"0.6",NA,NA,NA,NA,NA,2023,NA,"SB",2024-02-15,NA,NA,NA,NA,NA,NA,NA,NA,NA,NA,NA,NA,"N",NA,NA,0.5
"2397",2023-08-23,"WL3","3","6","V",NA,NA,"<1","0.6",1,"0.4",NA,NA,NA,NA,NA,2023,NA,"SB",2024-02-15,NA,NA,NA,NA,NA,NA,NA,NA,NA,NA,NA,NA,"N",NA,NA,0.5
"2398",2023-08-23,"WL3","3","6","V",NA,NA,"<1","1.2",1,"1.2",NA,NA,NA,NA,NA,2023,NA,"SB",2024-02-15,NA,NA,NA,NA,NA,NA,NA,NA,NA,NA,NA,NA,"N",NA,NA,0.5
"2399",2023-08-23,"WL3","3","6","V",NA,NA,"<1","1.7",1,"0.6",NA,NA,NA,NA,NA,2023,NA,"SB",2024-02-15,NA,NA,NA,NA,NA,NA,NA,NA,NA,NA,NA,NA,"N",NA,NA,0.5
"2400",2023-08-23,"WL3","3","6.5","V",6,6,"0.85","0.8",1,"0.6",NA,NA,NA,NA,NA,2023,NA,"SB",2024-02-15,NA,NA,NA,NA,NA,"red",647,NA,NA,NA,NA,NA,"Y",NA,NA,0.5
"2401",2023-08-23,"WL3","3","6.5","V",16,10,"0.53","0.9",1,"0.6",NA,NA,NA,NA,NA,2023,NA,"SB",2024-02-15,NA,NA,NA,NA,NA,"red",617,NA,NA,NA,NA,NA,"N",NA,NA,0.5
"2402",2023-08-23,"WL3","3","6.5","V",10,30,"0.82","1.0",1,"0.6",NA,NA,NA,NA,NA,2023,NA,"SB",2024-02-15,NA,NA,NA,NA,NA,"red",660,NA,NA,NA,NA,NA,"N",NA,NA,0.5
"2403",2023-08-23,"WL3","3","6.5","V",18,30,"0.55","0.9",1,"0.4",NA,NA,NA,NA,NA,2023,NA,"SB",2024-02-15,NA,NA,NA,NA,NA,"red",667,NA,NA,NA,NA,NA,"Y",NA,NA,0.5
"2404",2023-08-23,"WL3","3","6.5","V",20,34,"0.63","1.3",2,"0.7",NA,NA,NA,NA,NA,2023,NA,"SB",2024-02-15,NA,NA,NA,NA,NA,"red",643,NA,NA,NA,NA,NA,"N",NA,NA,0.5
"2405",2023-08-23,"WL3","3","6.5","V",27,31,"0.57","0.8",1,"0.6",NA,NA,NA,NA,NA,2023,NA,"SB",2024-02-15,NA,NA,NA,NA,NA,"red",631,NA,NA,NA,NA,NA,"N",NA,NA,0.5
"2406",2023-08-23,"WL3","3","6.5","V",39,42,"0.6","1.5",1,"1.1",NA,NA,NA,NA,NA,2023,NA,"SB",2024-02-15,NA,NA,NA,NA,NA,"red",615,NA,NA,NA,NA,NA,"N",NA,NA,0.5
"2407",2023-08-23,"WL3","3","6.5","V",24,41,"0.38","1.3",1,"0.7",NA,NA,NA,NA,NA,2023,NA,"SB",2024-02-15,NA,NA,NA,NA,NA,"red",648,NA,NA,NA,NA,NA,"Y",NA,NA,0.5
"2408",2023-08-23,"WL3","3","6.5","V",25,37,"0.52","1.1",1,"0.5",NA,NA,NA,NA,NA,2023,NA,"SB",2024-02-15,NA,NA,NA,NA,NA,"red",662,NA,NA,NA,NA,NA,"N",NA,NA,0.5
"2409",2023-08-23,"WL3","3","6.5","V",4,48,"0.47","1.1",1,"0.7",NA,NA,NA,NA,NA,2023,NA,"SB",2024-02-15,NA,NA,NA,NA,NA,"red",663,NA,NA,NA,NA,NA,"Y",NA,NA,0.5
"2410",2023-08-23,"WL3","3","6.5","V",NA,NA,"<1","0.7",1,"0.4",NA,NA,NA,NA,NA,2023,NA,"SB",2024-02-15,NA,NA,NA,NA,NA,NA,NA,NA,NA,NA,NA,NA,"Y",NA,NA,0.5
"2411",2023-08-23,"WL3","3","6.5","V",NA,NA,"<1","0.6",1,"0.4",NA,NA,NA,NA,NA,2023,NA,"SB",2024-02-15,NA,NA,NA,NA,NA,NA,NA,NA,NA,NA,NA,NA,"Y",NA,NA,0.5
"2412",2023-08-23,"WL3","3","6.5","V",NA,NA,"<1","0.6",1,"0.3",NA,NA,NA,NA,NA,2023,NA,"SB",2024-02-15,NA,NA,NA,NA,NA,NA,NA,NA,NA,NA,NA,NA,"N",NA,NA,0.5
"2413",2023-08-23,"WL3","3","6.5","V",NA,NA,"<1","1.1",1,"0.2",NA,NA,NA,NA,NA,2023,NA,"SB",2024-02-15,NA,NA,NA,NA,NA,NA,NA,NA,NA,NA,NA,NA,"Y",NA,NA,0.5
"2414",2023-08-23,"WL3","3","6.5","V",NA,NA,"<1","0.8",1,"0.3",NA,NA,NA,NA,NA,2023,NA,"SB",2024-02-15,NA,NA,NA,NA,NA,NA,NA,NA,NA,NA,NA,NA,"N",NA,NA,0.5
"2415",2023-08-23,"WL3","3","6.5","V",NA,NA,"<1","0.5",1,"0.2",NA,NA,NA,NA,NA,2023,NA,"SB",2024-02-15,NA,NA,NA,NA,NA,NA,NA,NA,NA,NA,NA,NA,"Y",NA,NA,0.5
"2416",2023-08-23,"WL3","3","6.5","V",NA,NA,"<1","1.1",1,"0.6",NA,NA,NA,NA,NA,2023,NA,"SB",2024-02-15,NA,NA,NA,NA,NA,NA,NA,NA,NA,NA,NA,NA,"N",NA,NA,0.5
"2417",2023-08-23,"WL3","3","6.5","V",NA,NA,"<1","0.7",1,"0.5",NA,NA,NA,NA,NA,2023,NA,"SB",2024-02-15,NA,NA,NA,NA,NA,NA,NA,NA,NA,NA,NA,NA,"N",NA,NA,0.5
"2418",2023-08-23,"WL3","3","6.5","V",NA,NA,"<1","0.5",1,"0.4",NA,NA,NA,NA,NA,2023,NA,"SB",2024-02-15,NA,NA,NA,NA,NA,NA,NA,NA,NA,NA,NA,NA,"Y",NA,NA,0.5
"2419",2023-08-23,"WL3","3","6.5","V",NA,NA,"<1","1.0",1,"0.4",NA,NA,NA,NA,NA,2023,NA,"SB",2024-02-15,NA,NA,NA,NA,NA,NA,NA,NA,NA,NA,NA,NA,"N",NA,NA,0.5
"2420",2023-08-23,"WL3","3","6.5","V",NA,NA,"<1","0.8",1,"0.6",NA,NA,NA,NA,NA,2023,NA,"SB",2024-02-15,NA,NA,NA,NA,NA,NA,NA,NA,NA,NA,NA,NA,"Y",NA,NA,0.5
"2421",2023-08-23,"WL3","3","6.5","V",NA,NA,"<1","0.9",1,"0.5",NA,NA,NA,NA,NA,2023,NA,"SB",2024-02-15,NA,NA,NA,NA,NA,NA,NA,NA,NA,NA,NA,NA,"N",NA,NA,0.5
"2422",2023-08-23,"WL3","3","6.5","V",NA,NA,"<1","0.5",1,"0.3",NA,NA,NA,NA,NA,2023,NA,"SB",2024-02-15,NA,NA,NA,NA,NA,NA,NA,NA,NA,NA,NA,NA,"Y",NA,NA,0.5
"2423",2023-08-23,"WL3","3","6.5","V",NA,NA,"<1","0.8",1,"0.7",NA,NA,NA,NA,NA,2023,NA,"SB",2024-02-15,NA,NA,NA,NA,NA,NA,NA,NA,NA,NA,NA,NA,"Y",NA,NA,0.5
"2424",2023-08-23,"WL3","3","6.5","V",NA,NA,"<1","0.7",1,"0.3",NA,NA,NA,NA,NA,2023,NA,"SB",2024-02-15,NA,NA,NA,NA,NA,NA,NA,NA,NA,NA,NA,NA,"Y",NA,NA,0.5
"2425",2023-08-23,"WL3","3","6.5","V",NA,NA,"<1","0.9",1,"0.4",NA,NA,NA,NA,NA,2023,NA,"SB",2024-02-15,NA,NA,NA,NA,NA,NA,NA,NA,NA,NA,NA,NA,"N",NA,NA,0.5
"2426",2023-08-23,"WL3","3","6.5","V",NA,NA,"<1","1.4",1,"0.7",NA,NA,NA,NA,NA,2023,NA,"SB",2024-02-15,NA,NA,NA,NA,NA,NA,NA,NA,NA,NA,NA,NA,"N",NA,NA,0.5
"2427",2023-08-23,"WL3","3","6.5","V",NA,NA,"<1","0.6",1,"0.3",NA,NA,NA,NA,NA,2023,NA,"SB",2024-02-15,NA,NA,NA,NA,NA,NA,NA,NA,NA,NA,NA,NA,"N",NA,NA,0.5
"2428",2023-08-23,"WL3","3","6.5","V",NA,NA,"<1","0.7",1,"0.3",NA,NA,NA,NA,NA,2023,NA,"SB",2024-02-15,NA,NA,NA,NA,NA,NA,NA,NA,NA,NA,NA,NA,"N",NA,NA,0.5
"2429",2023-08-23,"WL3","3","6.5","V",NA,NA,"<1","1.0",1,"0.6",NA,NA,NA,NA,NA,2023,NA,"SB",2024-02-15,NA,NA,NA,NA,NA,NA,NA,NA,NA,NA,NA,NA,"N",NA,NA,0.5
"2430",2023-08-23,"WL3","3","6.5","V",NA,NA,"<1","0.6",1,"0.8",NA,NA,NA,NA,NA,2023,NA,"SB",2024-02-15,NA,NA,NA,NA,NA,NA,NA,NA,NA,NA,NA,NA,"N",NA,NA,0.5
"2431",2023-08-23,"WL3","3","6.5","V",NA,NA,"<1","1.3",1,"0.7",NA,NA,NA,NA,NA,2023,NA,"SB",2024-02-15,NA,NA,NA,NA,NA,NA,NA,NA,NA,NA,NA,NA,"N",NA,NA,0.5
"2432",2023-08-23,"WL3","3","6.5","V",NA,NA,"<1","1.2",1,"0.7",NA,NA,NA,NA,NA,2023,NA,"SB",2024-02-15,NA,NA,NA,NA,NA,NA,NA,NA,NA,NA,NA,NA,"N",NA,NA,0.5
"2433",2023-08-23,"WL3","3","6.5","V",NA,NA,"<1","1.0",1,"0.6",NA,NA,NA,NA,NA,2023,NA,"SB",2024-02-15,NA,NA,NA,NA,NA,NA,NA,NA,NA,NA,NA,NA,"N",NA,NA,0.5
"2434",2023-08-23,"WL3","3","6.5","V",NA,NA,"<1","0.8",1,"0.3",NA,NA,NA,NA,NA,2023,NA,"SB",2024-02-15,NA,NA,NA,NA,NA,NA,NA,NA,NA,NA,NA,NA,"N",NA,NA,0.5
"2435",2023-08-23,"WL3","3","6.5","V",NA,NA,"<1","0.8",1,"0.7",NA,NA,NA,NA,NA,2023,NA,"SB",2024-02-15,NA,NA,NA,NA,NA,NA,NA,NA,NA,NA,NA,NA,"Y",NA,NA,0.5
"2436",2023-08-23,"WL3","3","6.5","V",NA,NA,"<1","0.7",1,"0.7",NA,NA,NA,NA,NA,2023,NA,"SB",2024-02-15,NA,NA,NA,NA,NA,NA,NA,NA,NA,NA,NA,NA,"Y",NA,NA,0.5
"2437",2023-08-23,"WL3","3","6.5","V",NA,NA,"<1","0.6",1,"0.3",NA,NA,NA,NA,NA,2023,NA,"SB",2024-02-15,NA,NA,NA,NA,NA,NA,NA,NA,NA,NA,NA,NA,"N",NA,NA,0.5
"2438",2023-08-23,"WL3","3","6.5","V",NA,NA,"<1","0.5",1,"0.3",NA,NA,NA,NA,NA,2023,NA,"SB",2024-02-15,NA,NA,NA,NA,NA,NA,NA,NA,NA,NA,NA,NA,"Y",NA,NA,0.5
"2439",2023-08-23,"WL3","3","6.5","V",NA,NA,"<1","1.4",1,"0.7",NA,NA,NA,NA,NA,2023,NA,"SB",2024-02-15,NA,NA,NA,NA,NA,NA,NA,NA,NA,NA,NA,NA,"N",NA,NA,0.5
"2440",2023-08-23,"WL3","3","6.5","V",NA,NA,"<1","1.3",1,"0.6",NA,NA,NA,NA,NA,2023,NA,"SB",2024-02-15,NA,NA,NA,NA,NA,NA,NA,NA,NA,NA,NA,NA,"N",NA,NA,0.5
"2441",2023-08-23,"WL3","3","6.5","V",NA,NA,"<1","1.3",1,"0.5",NA,NA,NA,NA,NA,2023,NA,"SB",2024-02-15,NA,NA,NA,NA,NA,NA,NA,NA,NA,NA,NA,NA,"Y",NA,NA,0.5
"2442",2023-08-23,"WL3","3","6.5","V",NA,NA,"<1","0.8",1,"0.5",NA,NA,NA,NA,NA,2023,NA,"SB",2024-02-15,NA,NA,NA,NA,NA,NA,NA,NA,NA,NA,NA,NA,"N",NA,NA,0.5
"2443",2023-08-23,"WL3","3","6.5","V",NA,NA,"<1","0.7",1,"0.3",NA,NA,NA,NA,NA,2023,NA,"SB",2024-02-15,NA,NA,NA,NA,NA,NA,NA,NA,NA,NA,NA,NA,"N",NA,NA,0.5
"2444",2023-08-23,"WL3","3","6.5","V",NA,NA,"<1","0.9",1,"0.4",NA,NA,NA,NA,NA,2023,NA,"SB",2024-02-15,NA,NA,NA,NA,NA,NA,NA,NA,NA,NA,NA,NA,"N",NA,NA,0.5
"2445",2023-08-23,"WL3","3","6.5","V",NA,NA,"<1","0.6",1,"0.3",NA,NA,NA,NA,NA,2023,NA,"SB",2024-02-15,NA,NA,NA,NA,NA,NA,NA,NA,NA,NA,NA,NA,"N",NA,NA,0.5
"2446",2023-08-23,"WL3","3","7","V",20,43,"0.42","2.1",1,"0.6",NA,NA,NA,NA,NA,2023,NA,"SB",2024-02-15,NA,NA,NA,NA,NA,"red",693,NA,NA,NA,NA,NA,"N",NA,NA,0.5
"2447",2023-08-23,"WL3","3","7","V",43,35,"0.44","1.4",1,"0.4",NA,NA,NA,NA,NA,2023,NA,"SB",2024-02-15,NA,NA,NA,NA,NA,"red",610,NA,NA,NA,NA,NA,"Y",NA,NA,0.5
"2448",2023-08-23,"WL3","3","8","P",47,4,"1.91","20.3",4,NA,"0.0","21.0",3.2,4,NA,2023,NA,"SB",2024-02-15,NA,NA,NA,NA,NA,"red",637,NA,NA,NA,NA,NA,"Y",NA,NA,1.91
"2449",2023-08-23,"WL3","3","8.5","P",38,48,"1.39","15.6",1,NA,"0.0","20.0",3.8,1,NA,2023,NA,"SB",2024-02-15,NA,NA,NA,NA,NA,"red",687,NA,NA,NA,NA,NA,"Y",NA,NA,1.39
"2450",2023-08-23,"WL3","3","9","V",15,47,"0.51","1.7",1,"0.7",NA,NA,NA,NA,NA,2023,NA,"SB",2024-02-15,NA,NA,NA,NA,NA,"red",649,NA,NA,NA,NA,NA,"Y",NA,NA,0.5
"2451",2023-08-17,"WL3","4","2","X",40,49,NA,NA,NA,NA,NA,NA,NA,NA,"gone",2023,NA,"SB",2024-02-15,NA,NA,NA,NA,NA,"white",586,NA,NA,NA,NA,NA,NA,NA,NA,NA
"2452",2023-08-17,"WL3","4","2.5","X",7,24,NA,NA,NA,NA,NA,NA,NA,NA,"gone",2023,NA,"SB",2024-02-15,NA,NA,NA,NA,NA,"white",132,NA,NA,NA,NA,NA,NA,NA,NA,NA
"2453",2023-08-17,"WL3","4","3",NA,27,3,NA,NA,NA,NA,NA,NA,NA,NA,"band missing",2023,NA,"SB",2024-02-15,NA,NA,NA,NA,NA,"white",143,NA,NA,NA,NA,NA,NA,NA,NA,NA
"2454",2023-08-17,"WL3","4","3","X",39,46,NA,NA,NA,NA,NA,NA,NA,NA,"gone",2023,NA,"SB",2024-02-15,NA,NA,NA,NA,NA,"white",94,NA,NA,NA,NA,NA,NA,NA,NA,NA
"2455",2023-08-17,"WL3","4","3.5",NA,11,20,NA,NA,NA,NA,NA,NA,NA,NA,"band missing",2023,NA,"SB",2024-02-15,NA,NA,NA,NA,NA,"white",110,NA,NA,NA,NA,NA,NA,NA,NA,NA
"2456",2023-08-17,"WL3","4","5","X",30,45,NA,NA,NA,NA,NA,NA,NA,NA,"gone",2023,NA,"SB",2024-02-15,NA,NA,NA,NA,NA,"blue",54,NA,NA,NA,NA,NA,NA,NA,NA,NA
"2457",2023-08-17,"WL3","4","5","X",3,39,NA,NA,NA,NA,NA,NA,NA,NA,"gone",2023,NA,"SB",2024-02-15,NA,NA,NA,NA,NA,"purple",834,NA,NA,NA,NA,NA,NA,NA,NA,NA
"2458",2023-08-17,"WL3","4","5","P",30,15,"2.21","27.1",1,NA,"2.0","38.0",6.5,1,NA,2023,NA,"SB",2024-02-15,NA,NA,NA,NA,NA,"white",780,NA,NA,NA,NA,NA,"N",NA,NA,2.21
"2459",2023-08-17,"WL3","4","5",NA,35,25,NA,NA,NA,NA,NA,NA,NA,NA,"band missing",2023,NA,"SB",2024-02-15,NA,NA,NA,NA,NA,"white",150,NA,NA,NA,NA,NA,NA,NA,NA,NA
"2460",2023-08-17,"WL3","4","5.5",NA,15,26,NA,NA,NA,NA,NA,NA,NA,NA,"band missing",2023,NA,"SB",2024-02-15,NA,NA,NA,NA,NA,"blue",18,NA,NA,NA,NA,NA,NA,NA,NA,NA
"2461",2023-08-17,"WL3","4","5.5","P",30,40,"4.43","21.3",4,NA,"2.0","46.0",5.6,3,NA,2023,NA,"SB",2024-02-15,NA,NA,NA,NA,NA,"orange",49,NA,NA,NA,NA,NA,"N",NA,NA,4.43
"2462",2023-08-17,"WL3","4","5.5","X",15,13,NA,NA,NA,NA,NA,NA,NA,NA,"gone",2023,NA,"SB",2024-02-15,NA,NA,NA,NA,NA,"white",231,NA,NA,NA,NA,NA,NA,NA,NA,NA
"2463",2023-08-17,"WL3","4","5.5",NA,7,31,NA,NA,NA,NA,NA,NA,NA,NA,"band missing",2023,NA,"SB",2024-02-15,NA,NA,NA,NA,NA,"white",344,NA,NA,NA,NA,NA,NA,NA,NA,NA
"2464",2023-08-17,"WL3","4","6","P",3,13,"1.66","14.4",1,NA,"0.0","11.0",2.9,1,NA,2023,NA,"SB",2024-02-15,NA,NA,NA,NA,NA,"white",15,NA,NA,NA,NA,NA,"N",NA,NA,1.66
"2465",2023-08-17,"WL3","4","6.5","X",30,49,NA,NA,NA,NA,NA,NA,NA,NA,"gone",2023,NA,"SB",2024-02-15,NA,NA,NA,NA,NA,"white",161,NA,NA,NA,NA,NA,NA,NA,NA,NA
"2466",2023-08-17,"WL3","4","7",NA,50,40,NA,NA,NA,NA,NA,NA,NA,NA,"band missing",2023,NA,"SB",2024-02-15,NA,NA,NA,NA,NA,"white",270,NA,NA,NA,NA,NA,NA,NA,NA,NA
"2467",2023-08-17,"WL3","4","8",NA,5,20,NA,NA,NA,NA,NA,NA,NA,NA,"band missing",2023,NA,"SB",2024-02-15,NA,NA,NA,NA,NA,"orange",97,NA,NA,NA,NA,NA,NA,NA,NA,NA
"2468",2023-08-17,"WL3","4","8","X",24,45,NA,NA,NA,NA,NA,NA,NA,NA,"gone",2023,NA,"SB",2024-02-15,NA,NA,NA,NA,NA,"white",550,NA,NA,NA,NA,NA,NA,NA,NA,NA
"2469",2023-08-17,"WL3","4","8.5","X",38,47,NA,NA,NA,NA,NA,NA,NA,NA,"gone",2023,NA,"SB",2024-02-15,NA,NA,NA,NA,NA,"blue",23,NA,NA,NA,NA,NA,NA,NA,NA,NA
"2470",2023-08-17,"WL3","4","8",NA,NA,NA,NA,NA,NA,NA,NA,NA,NA,NA,"found; no plant",2023,NA,"SB",2024-02-15,NA,NA,NA,NA,NA,"white",319,NA,NA,NA,NA,NA,NA,NA,NA,NA
"2471",2023-08-17,"WL3","4","2","V",35,16,"0.31","0.6",1,"0.4",NA,NA,NA,NA,NA,2023,NA,"SB",2024-02-15,NA,NA,NA,NA,NA,"red",734,NA,NA,NA,NA,NA,"N",NA,NA,0.5
"2472",2023-08-17,"WL3","4","2","P",39,47,"0.81","7.5",2,NA,"0.0","4.0",2.2,2,NA,2023,NA,"SB",2024-02-15,NA,NA,NA,NA,NA,"red",854,NA,NA,NA,NA,NA,"N",NA,NA,0.5
"2473",2023-08-17,"WL3","4","3","P",4,5,"0.99","11.2",1,NA,"1.0","6.0",5.1,1,NA,2023,NA,"SB",2024-02-15,NA,NA,NA,NA,NA,"red",855,NA,NA,NA,NA,NA,"N",NA,NA,0.5
"2474",2023-08-17,"WL3","4","3","V",34,29,"0.31","1.1",1,"0.6",NA,NA,NA,NA,NA,2023,NA,"SB",2024-02-15,NA,NA,NA,NA,NA,"red",836,NA,NA,NA,NA,NA,"Y",NA,NA,0.5
"2475",2023-08-17,"WL3","4","3.5","V",22,29,"0.84","1.2",3,"0.4",NA,NA,NA,NA,NA,2023,NA,"SB",2024-02-15,NA,NA,NA,NA,NA,"red",722,NA,NA,NA,NA,NA,"N",NA,NA,0.5
"2476",2023-08-17,"WL3","4","3.5","V",39,3,"0.67","1.4",2,"0.8",NA,NA,NA,NA,NA,2023,NA,"SB",2024-02-15,NA,NA,NA,NA,NA,"red",885,NA,NA,NA,NA,NA,"Y",NA,NA,0.5
"2477",2023-08-17,"WL3","4","4.5","V",50,13,"0.48","1.6",1,"0.8",NA,NA,NA,NA,NA,2023,NA,"SY",2024-02-21,NA,NA,NA,NA,NA,"red",860,NA,NA,NA,NA,NA,"N",NA,NA,0.5
"2478",2023-08-17,"WL3","4","4.5","V",46,10,"0.37","2.3",1,"0.4",NA,NA,NA,NA,NA,2023,NA,"SY",2024-02-21,NA,NA,NA,NA,NA,"red",844,NA,NA,NA,NA,NA,"N",NA,NA,0.5
"2479",2023-08-17,"WL3","4","4.5","V",19,27,"0.56","2.0",1,"0.4",NA,NA,NA,NA,NA,2023,NA,"SY",2024-02-21,NA,NA,NA,NA,NA,"red",736,NA,NA,NA,NA,NA,"N",NA,NA,0.5
"2480",2023-08-17,"WL3","4","4.5","V",7,41,"0.56","2.4",1,"1.2",NA,NA,NA,NA,NA,2023,NA,"SY",2024-02-21,NA,NA,NA,NA,NA,"red",873,NA,NA,NA,NA,NA,"N",NA,NA,0.5
"2481",2023-08-17,"WL3","4","4.5","V",50,37,"0.62","2.5",1,"1.2",NA,NA,NA,NA,NA,2023,NA,"SY",2024-02-21,NA,NA,NA,NA,NA,"red",870,NA,NA,NA,NA,NA,"N",NA,NA,0.5
"2482",2023-08-17,"WL3","4","4.5","V",49,44,"0.4","2.3",1,"1.2",NA,NA,NA,NA,NA,2023,NA,"SY",2024-02-21,NA,NA,NA,NA,NA,"red",700,NA,NA,NA,NA,NA,"N",NA,NA,0.5
"2483",2023-08-17,"WL3","4","5","V",35,35,"0.75","2.0",1,"1.6",NA,NA,NA,NA,NA,2023,NA,"SY",2024-02-21,NA,NA,NA,NA,NA,"red",746,NA,NA,NA,NA,NA,"N",NA,NA,0.5
"2484",2023-08-17,"WL3","4","5","V",39,48,"0.69","2.4",1,"1.8",NA,NA,NA,NA,NA,2023,NA,"SY",2024-02-21,NA,NA,NA,NA,NA,"red",706,NA,NA,NA,NA,NA,"N",NA,NA,0.5
"2485",2023-08-17,"WL3","4","5","V",10,15,"0.47","1.6",1,"0.9",NA,NA,NA,NA,NA,2023,NA,"SY",2024-02-21,NA,NA,NA,NA,NA,"red",862,NA,NA,NA,NA,NA,"N",NA,NA,0.5
"2486",2023-08-17,"WL3","4","5","V",5,37,"0.92","2.4",1,"1.3",NA,NA,NA,NA,NA,2023,NA,"SY",2024-02-21,NA,NA,NA,NA,NA,"red",740,NA,NA,NA,NA,NA,"Y",NA,NA,0.5
"2487",2023-08-17,"WL3","4","5","V",36,28,"0.56","1.9",1,"1.5",NA,NA,NA,NA,NA,2023,NA,"SY",2024-02-21,NA,NA,NA,NA,NA,"red",858,NA,NA,NA,NA,NA,"Y",NA,NA,0.5
"2488",2023-08-17,"WL3","4","5","V",27,20,"0.52","1.5",1,"1.0",NA,NA,NA,NA,NA,2023,NA,"SY",2024-02-21,NA,NA,NA,NA,NA,"red",705,NA,NA,NA,NA,NA,"N",NA,NA,0.5
"2489",2023-08-17,"WL3","4","5","V",27,47,"0.67","2.3",1,"1.8",NA,NA,NA,NA,NA,2023,NA,"SY",2024-02-21,NA,NA,NA,NA,NA,"red",895,NA,NA,NA,NA,NA,"N",NA,NA,0.5
"2490",2023-08-17,"WL3","4","5","V",30,38,"0.54","1.4",1,"1.3",NA,NA,NA,NA,NA,2023,NA,"SY",2024-02-21,NA,NA,NA,NA,NA,"red",843,NA,NA,NA,NA,NA,"Y",NA,NA,0.5
"2491",2023-08-17,"WL3","4","5","V",10,38,"0.51","2.4",1,"1.0",NA,NA,NA,NA,NA,2023,NA,"SY",2024-02-21,NA,NA,NA,NA,NA,"red",641,NA,NA,NA,NA,NA,"N",NA,NA,0.5
"2492",2023-08-17,"WL3","4","5","V",34,32,"0.5","2.5",1,"1.9",NA,NA,NA,NA,NA,2023,NA,"SY",2024-02-21,NA,NA,NA,NA,NA,"red",646,NA,NA,NA,NA,NA,"N",NA,NA,0.5
"2493",2023-08-17,"WL3","4","5","V",NA,NA,"<1","1.5",1,"0.9",NA,NA,NA,NA,NA,2023,NA,"SY",2024-02-21,NA,NA,NA,NA,NA,NA,NA,NA,NA,NA,NA,NA,"N",NA,NA,0.5
"2494",2023-08-17,"WL3","4","5","V",NA,NA,"<1","1.4",1,"0.7",NA,NA,NA,NA,NA,2023,NA,"SY",2024-02-21,NA,NA,NA,NA,NA,NA,NA,NA,NA,NA,NA,NA,"N",NA,NA,0.5
"2495",2023-08-17,"WL3","4","5","V",NA,NA,"<1","1.8",1,"0.8",NA,NA,NA,NA,NA,2023,NA,"SY",2024-02-21,NA,NA,NA,NA,NA,NA,NA,NA,NA,NA,NA,NA,"N",NA,NA,0.5
"2496",2023-08-17,"WL3","4","5","V",NA,NA,"<1","1.7",1,"1.1",NA,NA,NA,NA,NA,2023,NA,"SY",2024-02-21,NA,NA,NA,NA,NA,NA,NA,NA,NA,NA,NA,NA,"N",NA,NA,0.5
"2497",2023-08-17,"WL3","4","5","V",NA,NA,"<1","1.2",1,"0.5",NA,NA,NA,NA,NA,2023,NA,"SY",2024-02-21,NA,NA,NA,NA,NA,NA,NA,NA,NA,NA,NA,NA,"N",NA,NA,0.5
"2498",2023-08-17,"WL3","4","5","V",NA,NA,"<1","1.8",1,"0.6",NA,NA,NA,NA,NA,2023,NA,"SY",2024-02-21,NA,NA,NA,NA,NA,NA,NA,NA,NA,NA,NA,NA,"Y",NA,NA,0.5
"2499",2023-08-17,"WL3","4","5","V",NA,NA,"<1","1.1",1,"0.8",NA,NA,NA,NA,NA,2023,NA,"SY",2024-02-21,NA,NA,NA,NA,NA,NA,NA,NA,NA,NA,NA,NA,"N",NA,NA,0.5
"2500",2023-08-17,"WL3","4","5","V",NA,NA,"<1","1.2",1,"0.4",NA,NA,NA,NA,NA,2023,NA,"SY",2024-02-21,NA,NA,NA,NA,NA,NA,NA,NA,NA,NA,NA,NA,"N",NA,NA,0.5
"2501",2023-08-17,"WL3","4","5","V",NA,NA,"<1","1.9",1,"0.8",NA,NA,NA,NA,NA,2023,NA,"SY",2024-02-21,NA,NA,NA,NA,NA,NA,NA,NA,NA,NA,NA,NA,"N",NA,NA,0.5
"2502",2023-08-17,"WL3","4","5","V",NA,NA,"<1","1.9",1,"0.5",NA,NA,NA,NA,NA,2023,NA,"SY",2024-02-21,NA,NA,NA,NA,NA,NA,NA,NA,NA,NA,NA,NA,"N",NA,NA,0.5
"2503",2023-08-17,"WL3","4","5","V",NA,NA,"<1","1.3",1,"0.6",NA,NA,NA,NA,NA,2023,NA,"SY",2024-02-21,NA,NA,NA,NA,NA,NA,NA,NA,NA,NA,NA,NA,"N",NA,NA,0.5
"2504",2023-08-17,"WL3","4","5","V",NA,NA,"<1","1.2",1,"0.6",NA,NA,NA,NA,NA,2023,NA,"SY",2024-02-21,NA,NA,NA,NA,NA,NA,NA,NA,NA,NA,NA,NA,"N",NA,NA,0.5
"2505",2023-08-17,"WL3","4","5","V",NA,NA,"<1","1.4",1,"0.7",NA,NA,NA,NA,NA,2023,NA,"SY",2024-02-21,NA,NA,NA,NA,NA,NA,NA,NA,NA,NA,NA,NA,"N",NA,NA,0.5
"2506",2023-08-17,"WL3","4","5","V",NA,NA,"<1","1.6",1,"0.6",NA,NA,NA,NA,NA,2023,NA,"SY",2024-02-21,NA,NA,NA,NA,NA,NA,NA,NA,NA,NA,NA,NA,"Y",NA,NA,0.5
"2507",2023-08-17,"WL3","4","5","V",NA,NA,"<1","1.3",1,"1.0",NA,NA,NA,NA,NA,2023,NA,"SY",2024-02-21,NA,NA,NA,NA,NA,NA,NA,NA,NA,NA,NA,NA,"N",NA,NA,0.5
"2508",2023-08-17,"WL3","4","5","V",NA,NA,"<1","2.0",1,"0.4",NA,NA,NA,NA,NA,2023,NA,"SY",2024-02-21,NA,NA,NA,NA,NA,NA,NA,NA,NA,NA,NA,NA,"N",NA,NA,0.5
"2509",2023-08-17,"WL3","4","5","V",NA,NA,"<1","1.9",1,"0.6",NA,NA,NA,NA,NA,2023,NA,"SY",2024-02-21,NA,NA,NA,NA,NA,NA,NA,NA,NA,NA,NA,NA,"N",NA,NA,0.5
"2510",2023-08-17,"WL3","4","5","V",NA,NA,"<1","1.8",1,"0.5",NA,NA,NA,NA,NA,2023,NA,"SY",2024-02-21,NA,NA,NA,NA,NA,NA,NA,NA,NA,NA,NA,NA,"N",NA,NA,0.5
"2511",2023-08-17,"WL3","4","5","V",NA,NA,"<1","0.8",1,"0.5",NA,NA,NA,NA,NA,2023,NA,"SY",2024-02-21,NA,NA,NA,NA,NA,NA,NA,NA,NA,NA,NA,NA,"Y",NA,NA,0.5
"2512",2023-08-17,"WL3","4","5","V",NA,NA,"<1","1.2",1,"0.6",NA,NA,NA,NA,NA,2023,NA,"SY",2024-02-21,NA,NA,NA,NA,NA,NA,NA,NA,NA,NA,NA,NA,"N",NA,NA,0.5
"2513",2023-08-17,"WL3","4","5","V",NA,NA,"<1","0.9",1,"1.0",NA,NA,NA,NA,NA,2023,NA,"SY",2024-02-21,NA,NA,NA,NA,NA,NA,NA,NA,NA,NA,NA,NA,"Y",NA,NA,0.5
"2514",2023-08-17,"WL3","4","5","V",NA,NA,"<1","0.6",1,"0.6",NA,NA,NA,NA,NA,2023,NA,"SY",2024-02-21,NA,NA,NA,NA,NA,NA,NA,NA,NA,NA,NA,NA,"Y",NA,NA,0.5
"2515",2023-08-17,"WL3","4","5","V",NA,NA,"<1","1.9",1,"1.2",NA,NA,NA,NA,NA,2023,NA,"SY",2024-02-21,NA,NA,NA,NA,NA,NA,NA,NA,NA,NA,NA,NA,"Y",NA,NA,0.5
"2516",2023-08-17,"WL3","4","5","V",NA,NA,"<1","0.7",1,"0.9",NA,NA,NA,NA,NA,2023,NA,"SY",2024-02-21,NA,NA,NA,NA,NA,NA,NA,NA,NA,NA,NA,NA,"N",NA,NA,0.5
"2517",2023-08-17,"WL3","4","5","V",NA,NA,"<1","1.8",1,"1.1",NA,NA,NA,NA,NA,2023,NA,"SY",2024-02-21,NA,NA,NA,NA,NA,NA,NA,NA,NA,NA,NA,NA,"N",NA,NA,0.5
"2518",2023-08-17,"WL3","4","5","V",NA,NA,"<1","1.5",1,"0.9",NA,NA,NA,NA,NA,2023,NA,"SY",2024-02-21,NA,NA,NA,NA,NA,NA,NA,NA,NA,NA,NA,NA,"N",NA,NA,0.5
"2519",2023-08-17,"WL3","4","5","V",NA,NA,"<1","1.3",1,"1.0",NA,NA,NA,NA,NA,2023,NA,"SY",2024-02-21,NA,NA,NA,NA,NA,NA,NA,NA,NA,NA,NA,NA,"N",NA,NA,0.5
"2520",2023-08-17,"WL3","4","5","V",NA,NA,"<1","1.7",1,"0.6",NA,NA,NA,NA,NA,2023,NA,"SY",2024-02-21,NA,NA,NA,NA,NA,NA,NA,NA,NA,NA,NA,NA,"N",NA,NA,0.5
"2521",2023-08-17,"WL3","4","5","V",NA,NA,"<1","1.8",1,"1.0",NA,NA,NA,NA,NA,2023,NA,"SY",2024-02-21,NA,NA,NA,NA,NA,NA,NA,NA,NA,NA,NA,NA,"Y",NA,NA,0.5
"2522",2023-08-17,"WL3","4","5","V",NA,NA,"<1","1.0",1,"0.8",NA,NA,NA,NA,NA,2023,NA,"SY",2024-02-21,NA,NA,NA,NA,NA,NA,NA,NA,NA,NA,NA,NA,"Y",NA,NA,0.5
"2523",2023-08-17,"WL3","4","5","V",NA,NA,"<1","2.1",1,"1.4",NA,NA,NA,NA,NA,2023,NA,"SY",2024-02-21,NA,NA,NA,NA,NA,NA,NA,NA,NA,NA,NA,NA,"Y",NA,NA,0.5
"2524",2023-08-17,"WL3","4","5","V",NA,NA,"<1","1.3",1,"0.6",NA,NA,NA,NA,NA,2023,NA,"SY",2024-02-21,NA,NA,NA,NA,NA,NA,NA,NA,NA,NA,NA,NA,"N",NA,NA,0.5
"2525",2023-08-17,"WL3","4","5","V",NA,NA,"<1","1.6",1,"0.7",NA,NA,NA,NA,NA,2023,NA,"SY",2024-02-21,NA,NA,NA,NA,NA,NA,NA,NA,NA,NA,NA,NA,"N",NA,NA,0.5
"2526",2023-08-17,"WL3","4","5","V",NA,NA,"<1","1.2",1,"0.5",NA,NA,NA,NA,NA,2023,NA,"SY",2024-02-21,NA,NA,NA,NA,NA,NA,NA,NA,NA,NA,NA,NA,"N",NA,NA,0.5
"2527",2023-08-17,"WL3","4","5","V",NA,NA,"<1","2.6",1,"0.6",NA,NA,NA,NA,NA,2023,NA,"SY",2024-02-21,NA,NA,NA,NA,NA,NA,NA,NA,NA,NA,NA,NA,"Y",NA,NA,0.5
"2528",2023-08-17,"WL3","4","5","V",NA,NA,"<1","0.7",1,"0.9",NA,NA,NA,NA,NA,2023,NA,"SY",2024-02-21,NA,NA,NA,NA,NA,NA,NA,NA,NA,NA,NA,NA,"N",NA,NA,0.5
"2529",2023-08-17,"WL3","4","5","V",NA,NA,"<1","1.0",1,"1.1",NA,NA,NA,NA,NA,2023,NA,"SY",2024-02-21,NA,NA,NA,NA,NA,NA,NA,NA,NA,NA,NA,NA,"N",NA,NA,0.5
"2530",2023-08-17,"WL3","4","5","V",NA,NA,"<1","1.2",1,"0.6",NA,NA,NA,NA,NA,2023,NA,"SY",2024-02-21,NA,NA,NA,NA,NA,NA,NA,NA,NA,NA,NA,NA,"N",NA,NA,0.5
"2531",2023-08-17,"WL3","4","5","V",NA,NA,"<1","1.0",1,"0.5",NA,NA,NA,NA,NA,2023,NA,"SY",2024-02-21,NA,NA,NA,NA,NA,NA,NA,NA,NA,NA,NA,NA,"N",NA,NA,0.5
"2532",2023-08-17,"WL3","4","5","V",NA,NA,"<1","1.1",1,"0.6",NA,NA,NA,NA,NA,2023,NA,"SY",2024-02-21,NA,NA,NA,NA,NA,NA,NA,NA,NA,NA,NA,NA,"N",NA,NA,0.5
"2533",2023-08-17,"WL3","4","5","V",NA,NA,"<1","1.2",1,"0.7",NA,NA,NA,NA,NA,2023,NA,"SY",2024-02-21,NA,NA,NA,NA,NA,NA,NA,NA,NA,NA,NA,NA,"N",NA,NA,0.5
"2534",2023-08-17,"WL3","4","5","V",NA,NA,"<1","1.0",1,"0.8",NA,NA,NA,NA,NA,2023,NA,"SY",2024-02-21,NA,NA,NA,NA,NA,NA,NA,NA,NA,NA,NA,NA,"N",NA,NA,0.5
"2535",2023-08-17,"WL3","4","5","V",NA,NA,"<1","1.8",1,"0.7",NA,NA,NA,NA,NA,2023,NA,"SY",2024-02-21,NA,NA,NA,NA,NA,NA,NA,NA,NA,NA,NA,NA,"N",NA,NA,0.5
"2536",2023-08-17,"WL3","4","5","V",NA,NA,"<1","1.4",1,"0.7",NA,NA,NA,NA,NA,2023,NA,"SY",2024-02-21,NA,NA,NA,NA,NA,NA,NA,NA,NA,NA,NA,NA,"N",NA,NA,0.5
"2537",2023-08-17,"WL3","4","5","V",NA,NA,"<1","1.7",1,"0.7",NA,NA,NA,NA,NA,2023,NA,"SY",2024-02-21,NA,NA,NA,NA,NA,NA,NA,NA,NA,NA,NA,NA,"N",NA,NA,0.5
"2538",2023-08-17,"WL3","4","5","V",NA,NA,"<1","0.8",1,"0.6",NA,NA,NA,NA,NA,2023,NA,"SY",2024-02-21,NA,NA,NA,NA,NA,NA,NA,NA,NA,NA,NA,NA,"N",NA,NA,0.5
"2539",2023-08-17,"WL3","4","5","V",NA,NA,"<1","1.2",1,"0.7",NA,NA,NA,NA,NA,2023,NA,"SY",2024-02-21,NA,NA,NA,NA,NA,NA,NA,NA,NA,NA,NA,NA,"Y",NA,NA,0.5
"2540",2023-08-17,"WL3","4","5","V",NA,NA,"<1","1.1",1,"0.7",NA,NA,NA,NA,NA,2023,NA,"SY",2024-02-21,NA,NA,NA,NA,NA,NA,NA,NA,NA,NA,NA,NA,"Y",NA,NA,0.5
"2541",2023-08-17,"WL3","4","5","V",NA,NA,"<1","1.3",1,"1.1",NA,NA,NA,NA,NA,2023,NA,"SY",2024-02-21,NA,NA,NA,NA,NA,NA,NA,NA,NA,NA,NA,NA,"Y",NA,NA,0.5
"2542",2023-08-17,"WL3","4","5","V",NA,NA,"<1","1.5",1,"1.1",NA,NA,NA,NA,NA,2023,NA,"SY",2024-02-21,NA,NA,NA,NA,NA,NA,NA,NA,NA,NA,NA,NA,"N",NA,NA,0.5
"2543",2023-08-17,"WL3","4","5","V",NA,NA,"<1","1.1",1,"0.8",NA,NA,NA,NA,NA,2023,NA,"SY",2024-02-21,NA,NA,NA,NA,NA,NA,NA,NA,NA,NA,NA,NA,"N",NA,NA,0.5
"2544",2023-08-17,"WL3","4","5","V",NA,NA,"<1","1.2",1,"0.9",NA,NA,NA,NA,NA,2023,NA,"SY",2024-02-21,NA,NA,NA,NA,NA,NA,NA,NA,NA,NA,NA,NA,"Y",NA,NA,0.5
"2545",2023-08-17,"WL3","4","5","V",NA,NA,"<1","1.8",1,"1.2",NA,NA,NA,NA,NA,2023,NA,"SY",2024-02-21,NA,NA,NA,NA,NA,NA,NA,NA,NA,NA,NA,NA,"N",NA,NA,0.5
"2546",2023-08-17,"WL3","4","7.5","V",5,7,"0.61","1.6",1,"0.6",NA,NA,NA,NA,NA,2023,NA,"SY",2024-02-21,NA,NA,NA,NA,NA,"red",673,NA,NA,NA,NA,NA,"Y",NA,NA,0.5
"2547",2023-08-17,"WL3","4","7.5","V",10,10,"0.88","1.1",1,"1.1",NA,NA,NA,NA,NA,2023,NA,"SY",2024-02-21,NA,NA,NA,NA,NA,"red",658,NA,NA,NA,NA,NA,"N",NA,NA,0.5
"2548",2023-08-17,"WL3","4","7.5","V",32,18,"0.63","1.5",1,"0.6",NA,NA,NA,NA,NA,2023,NA,"SY",2024-02-21,NA,NA,NA,NA,NA,"red",688,NA,NA,NA,NA,NA,"N",NA,NA,0.5
"2549",2023-08-17,"WL3","4","7.5","V",36,33,"0.55","0.8",1,"0.6",NA,NA,NA,NA,NA,2023,NA,"SY",2024-02-21,NA,NA,NA,NA,NA,"red",690,NA,NA,NA,NA,NA,"N",NA,NA,0.5
"2550",2023-08-17,"WL3","4","7.5","V",31,31,"0.55","1.4",1,"0.6",NA,NA,NA,NA,NA,2023,NA,"SY",2024-02-21,NA,NA,NA,NA,NA,"red",691,NA,NA,NA,NA,NA,"Y",NA,NA,0.5
"2551",2023-08-17,"WL3","4","7.5","V",29,33,"0.46","0.7",1,"0.6",NA,NA,NA,NA,NA,2023,NA,"SY",2024-02-21,NA,NA,NA,NA,NA,"red",686,NA,NA,NA,NA,NA,"N",NA,NA,0.5
"2552",2023-08-17,"WL3","4","7.5","V",5,36,"0.73","1.3",1,"0.7",NA,NA,NA,NA,NA,2023,NA,"SY",2024-02-21,NA,NA,NA,NA,NA,"red",699,NA,NA,NA,NA,NA,"Y",NA,NA,0.5
"2553",2023-08-17,"WL3","4","7.5","V",30,43,"0.6","1.1",1,"0.8",NA,NA,NA,NA,NA,2023,NA,"SY",2024-02-21,NA,NA,NA,NA,NA,"red",657,NA,NA,NA,NA,NA,"Y",NA,NA,0.5
"2554",2023-08-17,"WL3","4","7.5","V",40,46,"0.7","1.8",1,"1.2",NA,NA,NA,NA,NA,2023,NA,"SY",2024-02-21,NA,NA,NA,NA,NA,"red",644,NA,NA,NA,NA,NA,"Y",NA,NA,0.5
"2555",2023-08-17,"WL3","4","7.5","V",NA,NA,"0.52","1.0",1,"0.7",NA,NA,NA,NA,NA,2023,NA,"SY",2024-02-21,NA,NA,NA,NA,NA,"red",NA,NA,NA,NA,NA,NA,"N",NA,NA,0.5
"2556",2023-08-17,"WL3","4","7","V",40,10,"0.48","1.5",1,"0.5",NA,NA,NA,NA,NA,2023,NA,"SY",2024-02-21,NA,NA,NA,NA,NA,"red",678,NA,NA,NA,NA,NA,"N",NA,NA,0.5
"2557",2023-08-17,"WL3","4","6","V",14,15,"0.43","1.5",1,"0.6",NA,NA,NA,NA,NA,2023,NA,"SY",2024-02-21,NA,NA,NA,NA,NA,"red",652,NA,NA,NA,NA,NA,"Y",NA,NA,0.5
"2558",2023-08-17,"WL3","4","6","V",19,11,"0.54","1.8",1,"0.6",NA,NA,NA,NA,NA,2023,NA,"SY",2024-02-21,NA,NA,NA,NA,NA,"red",672,NA,NA,NA,NA,NA,"N",NA,NA,0.5
"2559",2023-08-17,"WL3","4","6","V",28,19,"0.49","2.0",1,"0.7",NA,NA,NA,NA,NA,2023,NA,"SY",2024-02-21,NA,NA,NA,NA,NA,"red",679,NA,NA,NA,NA,NA,"N",NA,NA,0.5
"2560",2023-08-17,"WL3","4","6","V",20,42,"0.53","2.2",1,"0.7",NA,NA,NA,NA,NA,2023,NA,"SY",2024-02-21,NA,NA,NA,NA,NA,"red",683,NA,NA,NA,NA,NA,"Y",NA,NA,0.5
"2561",2023-08-17,"WL3","4","6","V",4,48,"0.76","2.1",1,"1.0",NA,NA,NA,NA,NA,2023,NA,"SY",2024-02-21,NA,NA,NA,NA,NA,"red",695,NA,NA,NA,NA,NA,"Y",NA,NA,0.5
"2562",2023-08-17,"WL3","4","6","P",NA,NA,"1.37","16.5",6,NA,"0.0","20.0",5.2,6,"dying",2023,NA,"SY",2024-02-21,NA,NA,NA,NA,NA,NA,NA,NA,NA,NA,NA,NA,"Y",NA,NA,1.37
"2563",2023-08-17,"WL3","4","5.5","V",40,50,"0.44","2.2",1,"0.4",NA,NA,NA,NA,NA,2023,NA,"SY",2024-02-21,NA,NA,NA,NA,NA,"red",697,NA,NA,NA,NA,NA,"N",NA,NA,0.5
"2564",2023-08-17,"WL3","4","5.5","V",39,47,"0.45","1.4",1,"0.3",NA,NA,NA,NA,NA,2023,NA,"SY",2024-02-21,NA,NA,NA,NA,NA,"red",696,NA,NA,NA,NA,NA,"N",NA,NA,0.5
"2565",2023-08-17,"WL3","4","5.5","V",36,47,"0.58","1.6",1,"0.4",NA,NA,NA,NA,NA,2023,NA,"SY",2024-02-21,NA,NA,NA,NA,NA,"red",676,NA,NA,NA,NA,NA,"N",NA,NA,0.5
"2566",2023-08-17,"WL3","4","5.5","V",28,45,"0.73","1.5",1,"0.5",NA,NA,NA,NA,NA,2023,NA,"SY",2024-02-21,NA,NA,NA,NA,NA,"red",689,NA,NA,NA,NA,NA,"N",NA,NA,0.5
"2567",2023-08-17,"WL3","4","5.5","V",28,50,"0.43","1.5",1,"0.3",NA,NA,NA,NA,NA,2023,NA,"SY",2024-02-21,NA,NA,NA,NA,NA,"red",694,NA,NA,NA,NA,NA,"Y",NA,NA,0.5
"2568",2023-08-17,"WL3","4","5.5","V",20,47,"0.36","1.5",1,"0.2",NA,NA,NA,NA,NA,2023,NA,"SY",2024-02-21,NA,NA,NA,NA,NA,"red",698,NA,NA,NA,NA,NA,"N",NA,NA,0.5
"2569",2023-08-17,"WL3","4","5.5","V",20,50,"0.53","0.8",1,"0.5",NA,NA,NA,NA,NA,2023,NA,"SY",2024-02-21,NA,NA,NA,NA,NA,"red",692,NA,NA,NA,NA,NA,"N",NA,NA,0.5
"2570",2023-08-17,"WL3","4","5.5","V",10,38,"0.56","1.3",1,"0.8",NA,NA,NA,NA,NA,2023,NA,"SY",2024-02-21,NA,NA,NA,NA,NA,"red",665,NA,NA,NA,NA,NA,"N",NA,NA,0.5
"2571",2023-08-17,"WL3","4","5.5","V",11,37,"0.74","1.5",1,"0.8",NA,NA,NA,NA,NA,2023,NA,"SY",2024-02-21,NA,NA,NA,NA,NA,"red",653,NA,NA,NA,NA,NA,"Y",NA,NA,0.5
"2572",2023-08-17,"WL3","4","5.5","V",4,34,"0.56","2.1",1,"0.7",NA,NA,NA,NA,NA,2023,NA,"SY",2024-02-21,NA,NA,NA,NA,NA,"red",685,NA,NA,NA,NA,NA,"Y",NA,NA,0.5
"2573",2023-08-17,"WL3","4","5.5","P",NA,NA,"1.72","12.2",9,"0.0","0.0","16.0",4.8,9,NA,2023,NA,"SY",2024-02-21,NA,NA,NA,NA,NA,NA,NA,NA,NA,NA,NA,NA,"Y",NA,NA,1.72
"2574",2023-08-17,"WL3","4","5.5","P",NA,NA,"2.1","21.6",3,"0.0","0.0","21.0",5.4,3,NA,2023,NA,"SY",2024-02-21,NA,NA,NA,NA,NA,NA,NA,NA,NA,NA,NA,NA,"Y",NA,NA,2.1
"2575",2023-08-17,"WL3","4","5.5","P",NA,NA,"1.73","15.7",6,"0.0","1.0","9.0",5.7,5,NA,2023,NA,"SY",2024-02-21,NA,NA,NA,NA,NA,NA,NA,NA,NA,NA,NA,NA,"Y",NA,NA,1.73
"2576",2023-08-17,"WL3","4","5.5","P",NA,NA,"2.41","13.4",1,"0.0","0.0","9.0",4.2,1,NA,2023,NA,"SY",2024-02-21,NA,NA,NA,NA,NA,NA,NA,NA,NA,NA,NA,NA,"Y",NA,NA,2.41
"2577",2023-08-17,"WL3","4","5.5","P",NA,NA,"2.37","19.0",2,"0.0","1.0","11.0",4.7,2,NA,2023,NA,"SY",2024-02-21,NA,NA,NA,NA,NA,NA,NA,NA,NA,NA,NA,NA,"Y",NA,NA,2.37
"2578",2024-07-08,"WL3","1","0","X",14,12,NA,NA,NA,NA,NA,NA,NA,NA,NA,2024,NA,"Hollis Allen",2024-07-24,NA,NA,NA,NA,NA,"red",253,NA,NA,NA,NA,NA,NA,NA,NA,NA
"2579",2024-07-08,"WL3","1","0","X",39,11,NA,NA,NA,NA,NA,NA,NA,NA,NA,2024,NA,"Hollis Allen",2024-07-24,NA,NA,NA,NA,NA,"red",143,NA,NA,NA,NA,NA,NA,NA,NA,NA
"2580",2024-07-08,"WL3","1","1","X",49,18,NA,NA,NA,NA,NA,NA,NA,NA,NA,2024,NA,"Hollis Allen",2024-07-24,NA,NA,NA,NA,NA,"red",227,NA,NA,NA,NA,NA,NA,NA,NA,NA
"2581",2024-07-08,"WL3","1","1.5","X",14,12,NA,NA,NA,NA,NA,NA,NA,NA,NA,2024,NA,"Hollis Allen",2024-07-24,NA,NA,NA,NA,NA,"red",575,NA,NA,NA,NA,NA,NA,NA,NA,NA
"2582",2024-07-08,"WL3","1","1.5","X",29,0,NA,NA,NA,NA,NA,NA,NA,NA,NA,2024,NA,"Hollis Allen",2024-07-24,NA,NA,NA,NA,NA,"red",797,NA,NA,NA,NA,NA,NA,NA,NA,NA
"2583",2024-07-08,"WL3","1","1.5","X",36,11,NA,NA,NA,NA,NA,NA,NA,NA,NA,2024,NA,"Hollis Allen",2024-07-24,NA,NA,NA,NA,NA,"red",274,NA,NA,NA,NA,NA,NA,NA,NA,NA
"2584",2024-07-08,"WL3","1","2","X",5,15,NA,NA,NA,NA,NA,NA,NA,NA,NA,2024,NA,"Hollis Allen",2024-07-24,NA,NA,NA,NA,NA,"red",4,NA,NA,NA,NA,NA,NA,NA,NA,NA
"2585",2024-07-08,"WL3","1","2","X",7,2,NA,NA,NA,NA,NA,NA,NA,NA,NA,2024,NA,"Hollis Allen",2024-07-24,NA,NA,NA,NA,NA,"red",238,NA,NA,NA,NA,NA,NA,NA,NA,NA
"2586",2024-07-08,"WL3","1","2","X",15,11,NA,NA,NA,NA,NA,NA,NA,NA,NA,2024,NA,"Hollis Allen",2024-07-24,NA,NA,NA,NA,NA,"red",789,NA,NA,NA,NA,NA,NA,NA,NA,NA
"2587",2024-07-08,"WL3","1","2","X",13,2,NA,NA,NA,NA,NA,NA,NA,NA,NA,2024,NA,"Hollis Allen",2024-07-24,NA,NA,NA,NA,NA,"red",115,NA,NA,NA,NA,NA,NA,NA,NA,NA
"2588",2024-07-08,"WL3","1","2","X",20,8,NA,NA,NA,NA,NA,NA,NA,NA,NA,2024,NA,"Hollis Allen",2024-07-24,NA,NA,NA,NA,NA,"red",562,NA,NA,NA,NA,NA,NA,NA,NA,NA
"2589",2024-07-08,"WL3","1","2","X",22,4,NA,NA,NA,NA,NA,NA,NA,NA,NA,2024,NA,"Hollis Allen",2024-07-24,NA,NA,NA,NA,NA,"red",204,NA,NA,NA,NA,NA,NA,NA,NA,NA
"2590",2024-07-08,"WL3","1","2","X",24,3,NA,NA,NA,NA,NA,NA,NA,NA,NA,2024,NA,"Hollis Allen",2024-07-24,NA,NA,NA,NA,NA,"red",76,NA,NA,NA,NA,NA,NA,NA,NA,NA
"2591",2024-07-08,"WL3","1","2","X",24,1,NA,NA,NA,NA,NA,NA,NA,NA,NA,2024,NA,"Hollis Allen",2024-07-24,NA,NA,NA,NA,NA,"red",102,NA,NA,NA,NA,NA,NA,NA,NA,NA
"2592",2024-07-08,"WL3","1","2","X",36,20,NA,NA,NA,NA,NA,NA,NA,NA,NA,2024,NA,"Hollis Allen",2024-07-24,NA,NA,NA,NA,NA,"red",48,NA,NA,NA,NA,NA,NA,NA,NA,NA
"2593",2024-07-08,"WL3","1","2","X",39,41,NA,NA,NA,NA,NA,NA,NA,NA,NA,2024,NA,"Hollis Allen",2024-07-24,NA,NA,NA,NA,NA,"red",702,NA,NA,NA,NA,NA,NA,NA,NA,NA
"2594",2024-07-08,"WL3","1","2.5","X",0,9,NA,NA,NA,NA,NA,NA,NA,NA,NA,2024,NA,"Hollis Allen",2024-07-24,NA,NA,NA,NA,NA,"red",700,NA,NA,NA,NA,NA,NA,NA,NA,NA
"2595",2024-07-08,"WL3","1","2.5","X",0,6,NA,NA,NA,NA,NA,NA,NA,NA,NA,2024,NA,"Hollis Allen",2024-07-24,NA,NA,NA,NA,NA,"red",409,NA,NA,NA,NA,NA,NA,NA,NA,NA
"2596",2024-07-08,"WL3","1","2.5","X",4,7,NA,NA,NA,NA,NA,NA,NA,NA,NA,2024,NA,"Hollis Allen",2024-07-24,NA,NA,NA,NA,NA,"red",242,NA,NA,NA,NA,NA,NA,NA,NA,NA
"2597",2024-07-08,"WL3","1","2.5","X",10,8,NA,NA,NA,NA,NA,NA,NA,NA,NA,2024,NA,"Hollis Allen",2024-07-24,NA,NA,NA,NA,NA,"red",799,NA,NA,NA,NA,NA,NA,NA,NA,NA
"2598",2024-07-08,"WL3","1","2.5","X",11,30,NA,NA,NA,NA,NA,NA,NA,NA,NA,2024,NA,"Hollis Allen",2024-07-24,NA,NA,NA,NA,NA,"red",64,NA,NA,NA,NA,NA,NA,NA,NA,NA
"2599",2024-07-08,"WL3","1","2.5","X",6,39,NA,NA,NA,NA,NA,NA,NA,NA,NA,2024,NA,"Hollis Allen",2024-07-24,NA,NA,NA,NA,NA,"red",252,NA,NA,NA,NA,NA,NA,NA,NA,NA
"2600",2024-07-08,"WL3","1","2.5","X",9,49,NA,NA,NA,NA,NA,NA,NA,NA,NA,2024,NA,"Hollis Allen",2024-07-24,NA,NA,NA,NA,NA,"red",154,NA,NA,NA,NA,NA,NA,NA,NA,NA
"2601",2024-07-08,"WL3","1","2.5","X",17,10,NA,NA,NA,NA,NA,NA,NA,NA,NA,2024,NA,"Hollis Allen",2024-07-24,NA,NA,NA,NA,NA,"red",565,NA,NA,NA,NA,NA,NA,NA,NA,NA
"2602",2024-07-08,"WL3","1","2.5","X",22,9,NA,NA,NA,NA,NA,NA,NA,NA,NA,2024,NA,"Hollis Allen",2024-07-24,NA,NA,NA,NA,NA,"red",94,NA,NA,NA,NA,NA,NA,NA,NA,NA
"2603",2024-07-08,"WL3","1","3","X",12,23,NA,NA,NA,NA,NA,NA,NA,NA,NA,2024,NA,"Hollis Allen",2024-07-24,NA,NA,NA,NA,NA,"red",98,NA,NA,NA,NA,NA,NA,NA,NA,NA
"2604",2024-07-08,"WL3","1","3","X",38,40,NA,NA,NA,NA,NA,NA,NA,NA,NA,2024,NA,"Hollis Allen",2024-07-24,NA,NA,NA,NA,NA,"red",235,NA,NA,NA,NA,NA,NA,NA,NA,NA
"2605",2024-07-08,"WL3","1","3.5","X",50,26,NA,NA,NA,NA,NA,NA,NA,NA,NA,2024,NA,"Hollis Allen",2024-07-24,NA,NA,NA,NA,NA,"red",790,NA,NA,NA,NA,NA,NA,NA,NA,NA
"2606",2024-07-08,"WL3","1","3.5","X",40,9,NA,NA,NA,NA,NA,NA,NA,NA,NA,2024,NA,"Hollis Allen",2024-07-24,NA,NA,NA,NA,NA,"red",247,NA,NA,NA,NA,NA,NA,NA,NA,NA
"2607",2024-07-08,"WL3","1","3.5","X",37,35,NA,NA,NA,NA,NA,NA,NA,NA,NA,2024,NA,"Hollis Allen",2024-07-24,NA,NA,NA,NA,NA,"red",265,NA,NA,NA,NA,NA,NA,NA,NA,NA
"2608",2024-07-08,"WL3","1","3.5","X",10,36,NA,NA,NA,NA,NA,NA,NA,NA,NA,2024,NA,"Hollis Allen",2024-07-24,NA,NA,NA,NA,NA,"red",250,NA,NA,NA,NA,NA,NA,NA,NA,NA
"2609",2024-07-08,"WL3","1","3.5","X",13,12,NA,NA,NA,NA,NA,NA,NA,NA,NA,2024,NA,"Hollis Allen",2024-07-24,NA,NA,NA,NA,NA,"red",2,NA,NA,NA,NA,NA,NA,NA,NA,NA
"2610",2024-07-08,"WL3","1","4","X",5,17,NA,NA,NA,NA,NA,NA,NA,NA,NA,2024,NA,"Hollis Allen",2024-07-24,NA,NA,NA,NA,NA,"red",108,NA,NA,NA,NA,NA,NA,NA,NA,NA
"2611",2024-07-08,"WL3","1","4","X",3,23,NA,NA,NA,NA,NA,NA,NA,NA,NA,2024,NA,"Hollis Allen",2024-07-24,NA,NA,NA,NA,NA,"red",260,NA,NA,NA,NA,NA,NA,NA,NA,NA
"2612",2024-07-08,"WL3","1","4","X",22,19,NA,NA,NA,NA,NA,NA,NA,NA,NA,2024,NA,"Hollis Allen",2024-07-24,NA,NA,NA,NA,NA,"red",255,NA,NA,NA,NA,NA,NA,NA,NA,NA
"2613",2024-07-08,"WL3","1","4","X",24,6,NA,NA,NA,NA,NA,NA,NA,NA,NA,2024,NA,"Hollis Allen",2024-07-24,NA,NA,NA,NA,NA,"red",132,NA,NA,NA,NA,NA,NA,NA,NA,NA
"2614",2024-07-08,"WL3","1","4","X",25,12,NA,NA,NA,NA,NA,NA,NA,NA,NA,2024,NA,"Hollis Allen",2024-07-24,NA,NA,NA,NA,NA,"red",31,NA,NA,NA,NA,NA,NA,NA,NA,NA
"2615",2024-07-08,"WL3","1","4","X",37,5,NA,NA,NA,NA,NA,NA,NA,NA,NA,2024,NA,"Hollis Allen",2024-07-24,NA,NA,NA,NA,NA,"red",594,NA,NA,NA,NA,NA,NA,NA,NA,NA
"2616",2024-07-08,"WL3","1","5.5","X",25,32,NA,NA,NA,NA,NA,NA,NA,NA,NA,2024,NA,"Hollis Allen",2024-07-24,NA,NA,NA,NA,NA,"red",223,NA,NA,NA,NA,NA,NA,NA,NA,NA
"2617",2024-07-08,"WL3","1","5.5","X",40,34,NA,NA,NA,NA,NA,NA,NA,NA,NA,2024,NA,"Hollis Allen",2024-07-24,NA,NA,NA,NA,NA,"red",122,NA,NA,NA,NA,NA,NA,NA,NA,NA
"2618",2024-07-08,"WL3","1","5.5",NA,37,25,NA,NA,NA,NA,NA,NA,NA,NA,"Not Recovered",2024,NA,"Hollis Allen",2024-07-24,NA,NA,NA,NA,NA,"red",1,NA,NA,NA,NA,NA,NA,NA,NA,NA
"2619",2024-07-08,"WL3","1","5.5","X",5,26,NA,NA,NA,NA,NA,NA,NA,NA,NA,2024,NA,"Hollis Allen",2024-07-24,NA,NA,NA,NA,NA,"red",424,NA,NA,NA,NA,NA,NA,NA,NA,NA
"2620",2024-07-08,"WL3","1","5.5","X",35,8,NA,NA,NA,NA,NA,NA,NA,NA,NA,2024,NA,"Hollis Allen",2024-07-24,NA,NA,NA,NA,NA,"red",68,NA,NA,NA,NA,NA,NA,NA,NA,NA
"2621",2024-07-08,"WL3","1","5.5","X",42,10,NA,NA,NA,NA,NA,NA,NA,NA,NA,2024,NA,"Hollis Allen",2024-07-24,NA,NA,NA,NA,NA,"red",259,NA,NA,NA,NA,NA,NA,NA,NA,NA
"2622",2024-07-08,"WL3","1","7.5","X",1,44,NA,NA,NA,NA,NA,NA,NA,NA,NA,2024,NA,"Hollis Allen",2024-07-24,NA,NA,NA,NA,NA,"red",10,NA,NA,NA,NA,NA,NA,NA,NA,NA
"2623",2024-07-08,"WL3","1","8.5","X",26,17,NA,NA,NA,NA,NA,NA,NA,NA,"Outside of Transect",2024,NA,"Hollis Allen",2024-07-24,NA,NA,NA,NA,NA,"red",400,NA,NA,NA,NA,NA,NA,NA,NA,NA
"2624",2024-07-08,"WL3","1","9.5","X",7,4,NA,NA,NA,NA,NA,NA,NA,NA,NA,2024,NA,"Hollis Allen",2024-07-24,NA,NA,NA,NA,NA,"red",88,NA,NA,NA,NA,NA,NA,NA,NA,NA
"2625",2024-07-08,"WL3","1","9.5","X",30,4,NA,NA,NA,NA,NA,NA,NA,NA,NA,2024,NA,"Hollis Allen",2024-07-24,NA,NA,NA,NA,NA,"red",156,NA,NA,NA,NA,NA,NA,NA,NA,NA
"2626",2024-07-08,"WL3","1","9.5","X",0,50,NA,NA,NA,NA,NA,NA,NA,NA,NA,2024,NA,"Hollis Allen",2024-07-24,NA,NA,NA,NA,NA,"red",363,NA,NA,NA,NA,NA,NA,NA,NA,NA
"2627",2024-07-08,"WL3","1","9.5","X",1,49,NA,NA,NA,NA,NA,NA,NA,NA,NA,2024,NA,"Hollis Allen",2024-07-24,NA,NA,NA,NA,NA,"red",593,NA,NA,NA,NA,NA,NA,NA,NA,NA
"2628",2024-07-08,"WL3","1","9.5","X",3,49,NA,NA,NA,NA,NA,NA,NA,NA,NA,2024,NA,"Hollis Allen",2024-07-24,NA,NA,NA,NA,NA,"red",809,NA,NA,NA,NA,NA,NA,NA,NA,NA
"2629",2024-07-08,"WL3","1","9.5","X",5,48,NA,NA,NA,NA,NA,NA,NA,NA,NA,2024,NA,"Hollis Allen",2024-07-24,NA,NA,NA,NA,NA,"red",803,NA,NA,NA,NA,NA,NA,NA,NA,NA
"2630",2024-07-08,"WL3","1","9.5","X",39,0,NA,NA,NA,NA,NA,NA,NA,NA,NA,2024,NA,"Hollis Allen",2024-07-24,NA,NA,NA,NA,NA,"red",837,NA,NA,NA,NA,NA,NA,NA,NA,NA
"2631",2024-07-08,"WL3","1","9.5","X",40,11,NA,NA,NA,NA,NA,NA,NA,NA,NA,2024,NA,"Hollis Allen",2024-07-24,NA,NA,NA,NA,NA,"red",892,NA,NA,NA,NA,NA,NA,NA,NA,NA
"2632",2024-07-08,"WL3","1","9.5","X",39,28,NA,NA,NA,NA,NA,NA,NA,NA,NA,2024,NA,"Hollis Allen",2024-07-24,NA,NA,NA,NA,NA,"red",748,NA,NA,NA,NA,NA,NA,NA,NA,NA
"2633",2024-07-08,"WL3","1","9.5","X",50,27,NA,NA,NA,NA,NA,NA,NA,NA,NA,2024,NA,"Hollis Allen",2024-07-24,NA,NA,NA,NA,NA,"red",835,NA,NA,NA,NA,NA,NA,NA,NA,NA
"2634",2024-07-08,"WL3","2","0","X",10,8,NA,NA,NA,NA,NA,NA,NA,NA,NA,2024,NA,"Hollis Allen",2024-07-24,NA,NA,NA,NA,NA,"red",254,NA,NA,NA,NA,NA,NA,NA,NA,NA
"2635",2024-07-08,"WL3","2","0","X",16,13,NA,NA,NA,NA,NA,NA,NA,NA,NA,2024,NA,"Hollis Allen",2024-07-24,NA,NA,NA,NA,NA,"red",153,NA,NA,NA,NA,NA,NA,NA,NA,NA
"2636",2024-07-08,"WL3","2","0","X",20,12,NA,NA,NA,NA,NA,NA,NA,NA,NA,2024,NA,"Hollis Allen",2024-07-24,NA,NA,NA,NA,NA,"red",118,NA,NA,NA,NA,NA,NA,NA,NA,NA
"2637",2024-07-08,"WL3","2","0","X",15,7,NA,NA,NA,NA,NA,NA,NA,NA,NA,2024,NA,"Hollis Allen",2024-07-24,NA,NA,NA,NA,NA,"red",93,NA,NA,NA,NA,NA,NA,NA,NA,NA
"2638",2024-07-08,"WL3","2","0","X",10,28,NA,NA,NA,NA,NA,NA,NA,NA,NA,2024,NA,"Hollis Allen",2024-07-24,NA,NA,NA,NA,NA,"red",151,NA,NA,NA,NA,NA,NA,NA,NA,NA
"2639",2024-07-08,"WL3","2","0","X",41,44,NA,NA,NA,NA,NA,NA,NA,NA,NA,2024,NA,"Hollis Allen",2024-07-24,NA,NA,NA,NA,NA,"red",117,NA,NA,NA,NA,NA,NA,NA,NA,NA
"2640",2024-07-08,"WL3","2","0","X",25,19,NA,NA,NA,NA,NA,NA,NA,NA,NA,2024,NA,"Hollis Allen",2024-07-24,NA,NA,NA,NA,NA,"red",59,NA,NA,NA,NA,NA,NA,NA,NA,NA
"2641",2024-07-08,"WL3","2","0.5",NA,14,8,NA,NA,NA,NA,NA,NA,NA,NA,"Gone",2024,NA,"Hollis Allen",2024-07-24,NA,NA,NA,NA,NA,"white",265,NA,NA,NA,NA,NA,NA,NA,NA,NA
"2642",2024-07-08,"WL3","2","0.5","X",23,33,NA,NA,NA,NA,NA,NA,NA,NA,NA,2024,NA,"Hollis Allen",2024-07-24,NA,NA,NA,NA,NA,"white",322,NA,NA,NA,NA,NA,NA,NA,NA,NA
"2643",2024-07-08,"WL3","2","0.5","X",45,47,NA,NA,NA,NA,NA,NA,NA,NA,NA,2024,NA,"Hollis Allen",2024-07-24,NA,NA,NA,NA,NA,"white",126,NA,NA,NA,NA,NA,NA,NA,NA,NA
"2644",2024-07-08,"WL3","2","1","X",5,1,NA,NA,NA,NA,NA,NA,NA,NA,NA,2024,NA,"Hollis Allen",2024-07-24,NA,NA,NA,NA,NA,"white",144,NA,NA,NA,NA,NA,NA,NA,NA,NA
"2645",2024-07-08,"WL3","2","1","X",21,12,NA,NA,NA,NA,NA,NA,NA,NA,NA,2024,NA,"Hollis Allen",2024-07-24,NA,NA,NA,NA,NA,"white",20,NA,NA,NA,NA,NA,NA,NA,NA,NA
"2646",2024-07-08,"WL3","2","1","X",16,19,NA,NA,NA,NA,NA,NA,NA,NA,NA,2024,NA,"Hollis Allen",2024-07-24,NA,NA,NA,NA,NA,"white",97,NA,NA,NA,NA,NA,NA,NA,NA,NA
"2647",2024-07-08,"WL3","2","1","X",10,50,NA,NA,NA,NA,NA,NA,NA,NA,NA,2024,NA,"Hollis Allen",2024-07-24,NA,NA,NA,NA,NA,"white",158,NA,NA,NA,NA,NA,NA,NA,NA,NA
"2648",2024-07-08,"WL3","2","1",NA,4,42,NA,NA,NA,NA,NA,NA,NA,NA,NA,2024,NA,"Hollis Allen",2024-07-24,NA,NA,NA,NA,NA,"red",90,NA,NA,NA,NA,NA,NA,NA,NA,NA
"2649",2024-07-08,"WL3","2","1","X",7,28,NA,NA,NA,NA,NA,NA,NA,NA,NA,2024,NA,"Hollis Allen",2024-07-24,NA,NA,NA,NA,NA,"red",8,NA,NA,NA,NA,NA,NA,NA,NA,NA
"2650",2024-07-08,"WL3","2","1","X",35,19,NA,NA,NA,NA,NA,NA,NA,NA,NA,2024,NA,"Hollis Allen",2024-07-24,NA,NA,NA,NA,NA,"red",135,NA,NA,NA,NA,NA,NA,NA,NA,NA
"2651",2024-07-08,"WL3","2","1","X",32,35,NA,NA,NA,NA,NA,NA,NA,NA,NA,2024,NA,"Hollis Allen",2024-07-24,NA,NA,NA,NA,NA,"red",27,NA,NA,NA,NA,NA,NA,NA,NA,NA
"2652",2024-07-08,"WL3","2","1","X",32,38,NA,NA,NA,NA,NA,NA,NA,NA,NA,2024,NA,"Hollis Allen",2024-07-24,NA,NA,NA,NA,NA,"red",128,NA,NA,NA,NA,NA,NA,NA,NA,NA
"2653",2024-07-08,"WL3","2","1","X",8,13,NA,NA,NA,NA,NA,NA,NA,NA,NA,2024,NA,"Hollis Allen",2024-07-24,NA,NA,NA,NA,NA,"red",703,NA,NA,NA,NA,NA,NA,NA,NA,NA
"2654",2024-07-08,"WL3","2","1.5",NA,19,7,NA,NA,NA,NA,NA,NA,NA,NA,NA,2024,NA,"Hollis Allen",2024-07-24,NA,NA,NA,NA,NA,"white",93,NA,NA,NA,NA,NA,NA,NA,NA,NA
"2655",2024-07-08,"WL3","2","1.5",NA,24,19,NA,NA,NA,NA,NA,NA,NA,NA,NA,2024,NA,"Hollis Allen",2024-07-24,NA,NA,NA,NA,NA,"white",36,NA,NA,NA,NA,NA,NA,NA,NA,NA
"2656",2024-07-08,"WL3","2","1.5",NA,27,8,NA,NA,NA,NA,NA,NA,NA,NA,NA,2024,NA,"Hollis Allen",2024-07-24,NA,NA,NA,NA,NA,"red",23,NA,NA,NA,NA,NA,NA,NA,NA,NA
"2657",2024-07-08,"WL3","2","1.5","X",37,11,NA,NA,NA,NA,NA,NA,NA,NA,NA,2024,NA,"Hollis Allen",2024-07-24,NA,NA,NA,NA,NA,"red",125,NA,NA,NA,NA,NA,NA,NA,NA,NA
"2658",2024-07-08,"WL3","2","1.5","X",22,14,NA,NA,NA,NA,NA,NA,NA,NA,"x2?",2024,NA,"Hollis Allen",2024-07-24,NA,NA,NA,NA,NA,"red",281,NA,NA,NA,NA,NA,NA,NA,NA,NA
"2659",2024-07-08,"WL3","2","1.5","X",25,20,NA,NA,NA,NA,NA,NA,NA,NA,NA,2024,NA,"Hollis Allen",2024-07-24,NA,NA,NA,NA,NA,"red",272,NA,NA,NA,NA,NA,NA,NA,NA,NA
"2660",2024-07-08,"WL3","2","1.5","X",44,25,NA,NA,NA,NA,NA,NA,NA,NA,NA,2024,NA,"Hollis Allen",2024-07-24,NA,NA,NA,NA,NA,"red",81,NA,NA,NA,NA,NA,NA,NA,NA,NA
"2661",2024-07-08,"WL3","2","1.5","X",22,40,NA,NA,NA,NA,NA,NA,NA,NA,NA,2024,NA,"Hollis Allen",2024-07-24,NA,NA,NA,NA,NA,"red",56,NA,NA,NA,NA,NA,NA,NA,NA,NA
"2662",2024-07-08,"WL3","2","1.5","X",5,24,NA,NA,NA,NA,NA,NA,NA,NA,NA,2024,NA,"Hollis Allen",2024-07-24,NA,NA,NA,NA,NA,"red",300,NA,NA,NA,NA,NA,NA,NA,NA,NA
"2663",2024-07-08,"WL3","2","2","X",23,4,NA,NA,NA,NA,NA,NA,NA,NA,NA,2024,NA,"Hollis Allen",2024-07-24,NA,NA,NA,NA,NA,"red",207,NA,NA,NA,NA,NA,NA,NA,NA,NA
"2664",2024-07-08,"WL3","2","2.5","X",46,41,NA,NA,NA,NA,NA,NA,NA,NA,NA,2024,NA,"Hollis Allen",2024-07-24,NA,NA,NA,NA,NA,"red",589,NA,NA,NA,NA,NA,NA,NA,NA,NA
"2665",2024-07-08,"WL3","2","3","X",16,12,NA,NA,NA,NA,NA,NA,NA,NA,NA,2024,NA,"Hollis Allen",2024-07-24,NA,NA,NA,NA,NA,"red",44,NA,NA,NA,NA,NA,NA,NA,NA,NA
"2666",2024-07-08,"WL3","2","3.5","X",49,9,NA,NA,NA,NA,NA,NA,NA,NA,NA,2024,NA,"Hollis Allen",2024-07-24,NA,NA,NA,NA,NA,"red",798,NA,NA,NA,NA,NA,NA,NA,NA,NA
"2667",2024-07-08,"WL3","2","3.5","X",28,24,NA,NA,NA,NA,NA,NA,NA,NA,NA,2024,NA,"Hollis Allen",2024-07-24,NA,NA,NA,NA,NA,"red",55,NA,NA,NA,NA,NA,NA,NA,NA,NA
"2668",2024-07-08,"WL3","2","4","X",5,3,NA,NA,NA,NA,NA,NA,NA,NA,NA,2024,NA,"Hollis Allen",2024-07-24,NA,NA,NA,NA,NA,"red",52,NA,NA,NA,NA,NA,NA,NA,NA,NA
"2669",2024-07-08,"WL3","2","4","X",40,5,NA,NA,NA,NA,NA,NA,NA,NA,NA,2024,NA,"Hollis Allen",2024-07-24,NA,NA,NA,NA,NA,"red",47,NA,NA,NA,NA,NA,NA,NA,NA,NA
"2670",2024-07-08,"WL3","2","4","X",47,18,NA,NA,NA,NA,NA,NA,NA,NA,NA,2024,NA,"Hollis Allen",2024-07-24,NA,NA,NA,NA,NA,"red",110,NA,NA,NA,NA,NA,NA,NA,NA,NA
"2671",2024-07-08,"WL3","2","4","X",37,23,NA,NA,NA,NA,NA,NA,NA,NA,NA,2024,NA,"Hollis Allen",2024-07-24,NA,NA,NA,NA,NA,"red",425,NA,NA,NA,NA,NA,NA,NA,NA,NA
"2672",2024-07-08,"WL3","2","4","X",25,37,NA,NA,NA,NA,NA,NA,NA,NA,NA,2024,NA,"Hollis Allen",2024-07-24,NA,NA,NA,NA,NA,"red",587,NA,NA,NA,NA,NA,NA,NA,NA,NA
"2673",2024-07-08,"WL3","2","4","X",45,13,NA,NA,NA,NA,NA,NA,NA,NA,NA,2024,NA,"Hollis Allen",2024-07-24,NA,NA,NA,NA,NA,"red",133,NA,NA,NA,NA,NA,NA,NA,NA,NA
"2674",2024-07-08,"WL3","2","4.5","X",28,10,NA,NA,NA,NA,NA,NA,NA,NA,NA,2024,NA,"Hollis Allen",2024-07-24,NA,NA,NA,NA,NA,"red",670,NA,NA,NA,NA,NA,NA,NA,NA,NA
"2675",2024-07-08,"WL3","2","4.5","X",23,10,NA,NA,NA,NA,NA,NA,NA,NA,NA,2024,NA,"Hollis Allen",2024-07-24,NA,NA,NA,NA,NA,"red",406,NA,NA,NA,NA,NA,NA,NA,NA,NA
"2676",2024-07-08,"WL3","2","4.5","X",40,16,NA,NA,NA,NA,NA,NA,NA,NA,NA,2024,NA,"Hollis Allen",2024-07-24,NA,NA,NA,NA,NA,"red",684,NA,NA,NA,NA,NA,NA,NA,NA,NA
"2677",2024-07-08,"WL3","2","4.5","X",35,25,NA,NA,NA,NA,NA,NA,NA,NA,NA,2024,NA,"Hollis Allen",2024-07-24,NA,NA,NA,NA,NA,"red",261,NA,NA,NA,NA,NA,NA,NA,NA,NA
"2678",2024-07-08,"WL3","2","4.5","X",30,29,NA,NA,NA,NA,NA,NA,NA,NA,NA,2024,NA,"Hollis Allen",2024-07-24,NA,NA,NA,NA,NA,"red",91,NA,NA,NA,NA,NA,NA,NA,NA,NA
"2679",2024-07-08,"WL3","2","4.5","X",4,21,NA,NA,NA,NA,NA,NA,NA,NA,NA,2024,NA,"Hollis Allen",2024-07-24,NA,NA,NA,NA,NA,"red",574,NA,NA,NA,NA,NA,NA,NA,NA,NA
"2680",2024-07-08,"WL3","2","4.5","X",15,32,NA,NA,NA,NA,NA,NA,NA,NA,NA,2024,NA,"Hollis Allen",2024-07-24,NA,NA,NA,NA,NA,"red",408,NA,NA,NA,NA,NA,NA,NA,NA,NA
"2681",2024-07-08,"WL3","2","4.5","X",20,32,NA,NA,NA,NA,NA,NA,NA,NA,NA,2024,NA,"Hollis Allen",2024-07-24,NA,NA,NA,NA,NA,"red",680,NA,NA,NA,NA,NA,NA,NA,NA,NA
"2682",2024-07-08,"WL3","2","4.5","X",21,32,NA,NA,NA,NA,NA,NA,NA,NA,NA,2024,NA,"Hollis Allen",2024-07-24,NA,NA,NA,NA,NA,"red",675,NA,NA,NA,NA,NA,NA,NA,NA,NA
"2683",2024-07-08,"WL3","2","4.5","X",37,37,NA,NA,NA,NA,NA,NA,NA,NA,NA,2024,NA,"Hollis Allen",2024-07-24,NA,NA,NA,NA,NA,"red",788,NA,NA,NA,NA,NA,NA,NA,NA,NA
"2684",2024-07-08,"WL3","3","0","X",20,5,NA,NA,NA,NA,NA,NA,NA,NA,NA,2024,NA,"Hollis Allen",2024-07-24,NA,NA,NA,NA,NA,"red",566,NA,NA,NA,NA,NA,NA,NA,NA,NA
"2685",2024-07-08,"WL3","3","0","X",34,18,NA,NA,NA,NA,NA,NA,NA,NA,NA,2024,NA,"Hollis Allen",2024-07-24,NA,NA,NA,NA,NA,"red",85,NA,NA,NA,NA,NA,NA,NA,NA,NA
"2686",2024-07-08,"WL3","3","0","X",23,2,NA,NA,NA,NA,NA,NA,NA,NA,NA,2024,NA,"Hollis Allen",2024-07-24,NA,NA,NA,NA,NA,"red",79,NA,NA,NA,NA,NA,NA,NA,NA,NA
"2687",2024-07-08,"WL3","3","0","X",2,38,NA,NA,NA,NA,NA,NA,NA,NA,NA,2024,NA,"Hollis Allen",2024-07-24,NA,NA,NA,NA,NA,"red",16,NA,NA,NA,NA,NA,NA,NA,NA,NA
"2688",2024-07-08,"WL3","3","0","X",2,40,NA,NA,NA,NA,NA,NA,NA,NA,NA,2024,NA,"Hollis Allen",2024-07-24,NA,NA,NA,NA,NA,"red",145,NA,NA,NA,NA,NA,NA,NA,NA,NA
"2689",2024-07-08,"WL3","3","0","X",4,28,NA,NA,NA,NA,NA,NA,NA,NA,NA,2024,NA,"Hollis Allen",2024-07-24,NA,NA,NA,NA,NA,"red",269,NA,NA,NA,NA,NA,NA,NA,NA,NA
"2690",2024-07-08,"WL3","3","0","X",11,10,NA,NA,NA,NA,NA,NA,NA,NA,NA,2024,NA,"Hollis Allen",2024-07-24,NA,NA,NA,NA,NA,"red",53,NA,NA,NA,NA,NA,NA,NA,NA,NA
"2691",2024-07-08,"WL3","3","0","X",41,45,NA,NA,NA,NA,NA,NA,NA,NA,NA,2024,NA,"Hollis Allen",2024-07-24,NA,NA,NA,NA,NA,"red",173,NA,NA,NA,NA,NA,NA,NA,NA,NA
"2692",2024-07-08,"WL3","3","0","X",1,50,NA,NA,NA,NA,NA,NA,NA,NA,NA,2024,NA,"Hollis Allen",2024-07-24,NA,NA,NA,NA,NA,"red",112,NA,NA,NA,NA,NA,NA,NA,NA,NA
"2693",2024-07-08,"WL3","3","0","X",3,47,NA,NA,NA,NA,NA,NA,NA,NA,NA,2024,NA,"Hollis Allen",2024-07-24,NA,NA,NA,NA,NA,"red",237,NA,NA,NA,NA,NA,NA,NA,NA,NA
"2694",2024-07-08,"WL3","3","0.5",NA,19,26,NA,NA,NA,NA,NA,NA,NA,NA,"Not Recovered",2024,NA,"Hollis Allen",2024-07-24,NA,NA,NA,NA,NA,"red",407,NA,NA,NA,NA,NA,NA,NA,NA,NA
"2695",2024-07-08,"WL3","3","1","X",44,7,NA,NA,NA,NA,NA,NA,NA,NA,NA,2024,NA,"Hollis Allen",2024-07-24,NA,NA,NA,NA,NA,"red",74,NA,NA,NA,NA,NA,NA,NA,NA,NA
"2696",2024-07-08,"WL3","3","1.5","X",5,8,NA,NA,NA,NA,NA,NA,NA,NA,NA,2024,NA,"Hollis Allen",2024-07-24,NA,NA,NA,NA,NA,"red",46,NA,NA,NA,NA,NA,NA,NA,NA,NA
"2697",2024-07-08,"WL3","3","1.5","X",26,19,NA,NA,NA,NA,NA,NA,NA,NA,NA,2024,NA,"Hollis Allen",2024-07-24,NA,NA,NA,NA,NA,"red",98,NA,NA,NA,NA,NA,NA,NA,NA,NA
"2698",2024-07-08,"WL3","3","1.5","X",20,19,NA,NA,NA,NA,NA,NA,NA,NA,NA,2024,NA,"Hollis Allen",2024-07-24,NA,NA,NA,NA,NA,"red",422,NA,NA,NA,NA,NA,NA,NA,NA,NA
"2699",2024-07-08,"WL3","3","1.5",NA,29,16,NA,NA,NA,NA,NA,NA,NA,NA,"Not Recovered",2024,NA,"Hollis Allen",2024-07-24,NA,NA,NA,NA,NA,"red",298,NA,NA,NA,NA,NA,NA,NA,NA,NA
"2700",2024-07-08,"WL3","3","2","X",17,7,NA,NA,NA,NA,NA,NA,NA,NA,NA,2024,NA,"Hollis Allen",2024-07-24,NA,NA,NA,NA,NA,"red",297,NA,NA,NA,NA,NA,NA,NA,NA,NA
"2701",2024-07-08,"WL3","3","2","X",24,22,NA,NA,NA,NA,NA,NA,NA,NA,NA,2024,NA,"Hollis Allen",2024-07-24,NA,NA,NA,NA,NA,"red",25,NA,NA,NA,NA,NA,NA,NA,NA,NA
"2702",2024-07-08,"WL3","3","2.5","X",21,5,NA,NA,NA,NA,NA,NA,NA,NA,NA,2024,NA,"Hollis Allen",2024-07-24,NA,NA,NA,NA,NA,"red",10,NA,NA,NA,NA,NA,NA,NA,NA,NA
"2703",2024-07-08,"WL3","3","2.5","X",15,46,NA,NA,NA,NA,NA,NA,NA,NA,NA,2024,NA,"Hollis Allen",2024-07-24,NA,NA,NA,NA,NA,"red",83,NA,NA,NA,NA,NA,NA,NA,NA,NA
"2704",2024-07-08,"WL3","3","2.5","X",45,45,NA,NA,NA,NA,NA,NA,NA,NA,NA,2024,NA,"Hollis Allen",2024-07-24,NA,NA,NA,NA,NA,"red",236,NA,NA,NA,NA,NA,NA,NA,NA,NA
"2705",2024-07-08,"WL3","3","2.5","X",17,29,NA,NA,NA,NA,NA,NA,NA,NA,NA,2024,NA,"Hollis Allen",2024-07-24,NA,NA,NA,NA,NA,"red",857,NA,NA,NA,NA,NA,NA,NA,NA,NA
"2706",2024-07-08,"WL3","3","2.5","X",18,30,NA,NA,NA,NA,NA,NA,NA,NA,NA,2024,NA,"Hollis Allen",2024-07-24,NA,NA,NA,NA,NA,"red",42,NA,NA,NA,NA,NA,NA,NA,NA,NA
"2707",2024-07-08,"WL3","3","3","X",3,4,NA,NA,NA,NA,NA,NA,NA,NA,NA,2024,NA,"Hollis Allen",2024-07-24,NA,NA,NA,NA,NA,"red",779,NA,NA,NA,NA,NA,NA,NA,NA,NA
"2708",2024-07-08,"WL3","3","3","X",10,14,NA,NA,NA,NA,NA,NA,NA,NA,NA,2024,NA,"Hollis Allen",2024-07-24,NA,NA,NA,NA,NA,"red",787,NA,NA,NA,NA,NA,NA,NA,NA,NA
"2709",2024-07-08,"WL3","3","3","X",19,32,NA,NA,NA,NA,NA,NA,NA,NA,NA,2024,NA,"Hollis Allen",2024-07-24,NA,NA,NA,NA,NA,"red",22,NA,NA,NA,NA,NA,NA,NA,NA,NA
"2710",2024-07-08,"WL3","3","3","X",19,42,NA,NA,NA,NA,NA,NA,NA,NA,NA,2024,NA,"Hollis Allen",2024-07-24,NA,NA,NA,NA,NA,"red",5,NA,NA,NA,NA,NA,NA,NA,NA,NA
"2711",2024-07-08,"WL3","3","3","X",26,38,NA,NA,NA,NA,NA,NA,NA,NA,NA,2024,NA,"Hollis Allen",2024-07-24,NA,NA,NA,NA,NA,"red",708,NA,NA,NA,NA,NA,NA,NA,NA,NA
"2712",2024-07-08,"WL3","3","3","X",28,33,NA,NA,NA,NA,NA,NA,NA,NA,NA,2024,NA,"Hollis Allen",2024-07-24,NA,NA,NA,NA,NA,"red",32,NA,NA,NA,NA,NA,NA,NA,NA,NA
"2713",2024-07-08,"WL3","3","3","X",30,39,NA,NA,NA,NA,NA,NA,NA,NA,NA,2024,NA,"Hollis Allen",2024-07-24,NA,NA,NA,NA,NA,"red",796,NA,NA,NA,NA,NA,NA,NA,NA,NA
"2714",2024-07-08,"WL3","3","3","X",32,45,NA,NA,NA,NA,NA,NA,NA,NA,NA,2024,NA,"Hollis Allen",2024-07-24,NA,NA,NA,NA,NA,"red",51,NA,NA,NA,NA,NA,NA,NA,NA,NA
"2715",2024-07-08,"WL3","3","3.5","X",48,22,NA,NA,NA,NA,NA,NA,NA,NA,NA,2024,NA,"Hollis Allen",2024-07-24,NA,NA,NA,NA,NA,"white",51,NA,NA,NA,NA,NA,NA,NA,NA,NA
"2716",2024-07-08,"WL3","3","3.5","X",40,50,NA,NA,NA,NA,NA,NA,NA,NA,NA,2024,NA,"Hollis Allen",2024-07-24,NA,NA,NA,NA,NA,"white",52,NA,NA,NA,NA,NA,NA,NA,NA,NA
"2717",2024-07-08,"WL3","3","3.5","X",30,50,NA,NA,NA,NA,NA,NA,NA,NA,NA,2024,NA,"Hollis Allen",2024-07-24,NA,NA,NA,NA,NA,"red",20,NA,NA,NA,NA,NA,NA,NA,NA,NA
"2718",2024-07-08,"WL3","3","3.5","X",8,4,NA,NA,NA,NA,NA,NA,NA,NA,NA,2024,NA,"Hollis Allen",2024-07-24,NA,NA,NA,NA,NA,"red",35,NA,NA,NA,NA,NA,NA,NA,NA,NA
"2719",2024-07-08,"WL3","3","3.5","X",16,6,NA,NA,NA,NA,NA,NA,NA,NA,NA,2024,NA,"Hollis Allen",2024-07-24,NA,NA,NA,NA,NA,"red",392,NA,NA,NA,NA,NA,NA,NA,NA,NA
"2720",2024-07-08,"WL3","3","3.5","X",15,10,NA,NA,NA,NA,NA,NA,NA,NA,NA,2024,NA,"Hollis Allen",2024-07-24,NA,NA,NA,NA,NA,"red",129,NA,NA,NA,NA,NA,NA,NA,NA,NA
"2721",2024-07-08,"WL3","3","3.5","X",20,12,NA,NA,NA,NA,NA,NA,NA,NA,NA,2024,NA,"Hollis Allen",2024-07-24,NA,NA,NA,NA,NA,"red",270,NA,NA,NA,NA,NA,NA,NA,NA,NA
"2722",2024-07-08,"WL3","3","3.5",NA,49,4,NA,NA,NA,NA,NA,NA,NA,NA,"Not Recovered",2024,NA,"Hollis Allen",2024-07-24,NA,NA,NA,NA,NA,"red",271,NA,NA,NA,NA,NA,NA,NA,NA,NA
"2723",2024-07-08,"WL3","3","3.5","X",26,22,NA,NA,NA,NA,NA,NA,NA,NA,NA,2024,NA,"Hollis Allen",2024-07-24,NA,NA,NA,NA,NA,"red",576,NA,NA,NA,NA,NA,NA,NA,NA,NA
"2724",2024-07-08,"WL3","3","3.5","X",19,2,NA,NA,NA,NA,NA,NA,NA,NA,NA,2024,NA,"Hollis Allen",2024-07-24,NA,NA,NA,NA,NA,"red",61,NA,NA,NA,NA,NA,NA,NA,NA,NA
"2725",2024-07-08,"WL3","3","3.5","X",42,1,NA,NA,NA,NA,NA,NA,NA,NA,NA,2024,NA,"Hollis Allen",2024-07-24,NA,NA,NA,NA,NA,"red",70,NA,NA,NA,NA,NA,NA,NA,NA,NA
"2726",2024-07-08,"WL3","3","3.5",NA,22,2,NA,NA,NA,NA,NA,NA,NA,NA,"Not Recovered",2024,NA,"Hollis Allen",2024-07-24,NA,NA,NA,NA,NA,"red",702,NA,NA,NA,NA,NA,NA,NA,NA,NA
"2727",2024-07-08,"WL3","3","4","X",36,23,NA,NA,NA,NA,NA,NA,NA,NA,NA,2024,NA,"Hollis Allen",2024-07-24,NA,NA,NA,NA,NA,"blue",400,NA,NA,NA,NA,NA,NA,NA,NA,NA
"2728",2024-07-08,"WL3","3","4","X",8,11,NA,NA,NA,NA,NA,NA,NA,NA,NA,2024,NA,"Hollis Allen",2024-07-24,NA,NA,NA,NA,NA,"white",81,NA,NA,NA,NA,NA,NA,NA,NA,NA
"2729",2024-07-08,"WL3","3","4","X",33,28,NA,NA,NA,NA,NA,NA,NA,NA,NA,2024,NA,"Hollis Allen",2024-07-24,NA,NA,NA,NA,NA,"red",244,NA,NA,NA,NA,NA,NA,NA,NA,NA
"2730",2024-07-08,"WL3","3","4","X",42,10,NA,NA,NA,NA,NA,NA,NA,NA,NA,2024,NA,"Hollis Allen",2024-07-24,NA,NA,NA,NA,NA,"red",588,NA,NA,NA,NA,NA,NA,NA,NA,NA
"2731",2024-07-08,"WL3","3","4","X",16,5,NA,NA,NA,NA,NA,NA,NA,NA,NA,2024,NA,"Hollis Allen",2024-07-24,NA,NA,NA,NA,NA,"red",582,NA,NA,NA,NA,NA,NA,NA,NA,NA
"2732",2024-07-08,"WL3","3","4","X",13,2,NA,NA,NA,NA,NA,NA,NA,NA,NA,2024,NA,"Hollis Allen",2024-07-24,NA,NA,NA,NA,NA,"red",34,NA,NA,NA,NA,NA,NA,NA,NA,NA
"2733",2024-07-08,"WL3","3","4","X",22,2,NA,NA,NA,NA,NA,NA,NA,NA,NA,2024,NA,"Hollis Allen",2024-07-24,NA,NA,NA,NA,NA,"red",58,NA,NA,NA,NA,NA,NA,NA,NA,NA
"2734",2024-07-08,"WL3","3","4","X",16,8,NA,NA,NA,NA,NA,NA,NA,NA,NA,2024,NA,"Hollis Allen",2024-07-24,NA,NA,NA,NA,NA,"red",104,NA,NA,NA,NA,NA,NA,NA,NA,NA
"2735",2024-07-08,"WL3","3","4","X",31,9,NA,NA,NA,NA,NA,NA,NA,NA,NA,2024,NA,"Hollis Allen",2024-07-24,NA,NA,NA,NA,NA,"red",21,NA,NA,NA,NA,NA,NA,NA,NA,NA
"2736",2024-07-08,"WL3","3","4","X",30,9,NA,NA,NA,NA,NA,NA,NA,NA,NA,2024,NA,"Hollis Allen",2024-07-24,NA,NA,NA,NA,NA,"red",84,NA,NA,NA,NA,NA,NA,NA,NA,NA
"2737",2024-07-08,"WL3","3","4","X",40,27,NA,NA,NA,NA,NA,NA,NA,NA,NA,2024,NA,"Hollis Allen",2024-07-24,NA,NA,NA,NA,NA,"red",264,NA,NA,NA,NA,NA,NA,NA,NA,NA
"2738",2024-07-08,"WL3","3","4","X",24,38,NA,NA,NA,NA,NA,NA,NA,NA,NA,2024,NA,"Hollis Allen",2024-07-24,NA,NA,NA,NA,NA,"red",577,NA,NA,NA,NA,NA,NA,NA,NA,NA
"2739",2024-07-08,"WL3","3","4.5","X",83,6,NA,NA,NA,NA,NA,NA,NA,NA,NA,2024,NA,"Hollis Allen",2024-07-24,NA,NA,NA,NA,NA,"red",863,NA,NA,NA,NA,NA,NA,NA,NA,NA
"2740",2024-07-08,"WL3","3","4.5","X",19,21,NA,NA,NA,NA,NA,NA,NA,NA,NA,2024,NA,"Hollis Allen",2024-07-24,NA,NA,NA,NA,NA,"red",897,NA,NA,NA,NA,NA,NA,NA,NA,NA
"2741",2024-07-08,"WL3","3","4.5","X",9,21,NA,NA,NA,NA,NA,NA,NA,NA,NA,2024,NA,"Hollis Allen",2024-07-24,NA,NA,NA,NA,NA,"red",586,NA,NA,NA,NA,NA,NA,NA,NA,NA
"2742",2024-07-08,"WL3","3","4.5","X",49,5,NA,NA,NA,NA,NA,NA,NA,NA,NA,2024,NA,"Hollis Allen",2024-07-24,NA,NA,NA,NA,NA,"red",705,NA,NA,NA,NA,NA,NA,NA,NA,NA
"2743",2024-07-08,"WL3","3","4.5","X",49,14,NA,NA,NA,NA,NA,NA,NA,NA,NA,2024,NA,"Hollis Allen",2024-07-24,NA,NA,NA,NA,NA,"red",733,NA,NA,NA,NA,NA,NA,NA,NA,NA
"2744",2024-07-08,"WL3","3","4.5","X",34,37,NA,NA,NA,NA,NA,NA,NA,NA,NA,2024,NA,"Hollis Allen",2024-07-24,NA,NA,NA,NA,NA,"red",17,NA,NA,NA,NA,NA,NA,NA,NA,NA
"2745",2024-07-08,"WL3","3","4.5","X",48,38,NA,NA,NA,NA,NA,NA,NA,NA,"Out of Quad",2024,NA,"Hollis Allen",2024-07-24,NA,NA,NA,NA,NA,"red",744,NA,NA,NA,NA,NA,NA,NA,NA,NA
"2746",2024-07-08,"WL3","3","4.5","X",49,2,NA,NA,NA,NA,NA,NA,NA,NA,NA,2024,NA,"Hollis Allen",2024-07-24,NA,NA,NA,NA,NA,"red",737,NA,NA,NA,NA,NA,NA,NA,NA,NA
"2747",2024-07-08,"WL3","3","4.5","X",5,4,NA,NA,NA,NA,NA,NA,NA,NA,NA,2024,NA,"Hollis Allen",2024-07-24,NA,NA,NA,NA,NA,"red",884,NA,NA,NA,NA,NA,NA,NA,NA,NA
"2748",2024-07-08,"WL3","3","4.5","X",6,4,NA,NA,NA,NA,NA,NA,NA,NA,NA,2024,NA,"Hollis Allen",2024-07-24,NA,NA,NA,NA,NA,"red",730,NA,NA,NA,NA,NA,NA,NA,NA,NA
"2749",2024-07-08,"WL3","3","5","X",35,21,NA,NA,NA,NA,NA,NA,NA,NA,NA,2024,NA,"Hollis Allen",2024-07-24,NA,NA,NA,NA,NA,"white",273,NA,NA,NA,NA,NA,NA,NA,NA,NA
"2750",2024-07-08,"WL3","3","5",NA,40,30,NA,NA,NA,NA,NA,NA,NA,NA,"Not Recovered",2024,NA,"Hollis Allen",2024-07-24,NA,NA,NA,NA,NA,"white",145,NA,NA,NA,NA,NA,NA,NA,NA,NA
"2751",2024-07-08,"WL3","3","5","X",49,50,NA,NA,NA,NA,NA,NA,NA,NA,NA,2024,NA,"Hollis Allen",2024-07-24,NA,NA,NA,NA,NA,"white",701,NA,NA,NA,NA,NA,NA,NA,NA,NA
"2752",2024-07-08,"WL3","3","5","X",15,32,NA,NA,NA,NA,NA,NA,NA,NA,NA,2024,NA,"Hollis Allen",2024-07-24,NA,NA,NA,NA,NA,"red",856,NA,NA,NA,NA,NA,NA,NA,NA,NA
"2753",2024-07-08,"WL3","3","5","X",19,11,NA,NA,NA,NA,NA,NA,NA,NA,NA,2024,NA,"Hollis Allen",2024-07-24,NA,NA,NA,NA,NA,"red",291,NA,NA,NA,NA,NA,NA,NA,NA,NA
"2754",2024-07-08,"WL3","3","5","X",15,24,NA,NA,NA,NA,NA,NA,NA,NA,NA,2024,NA,"Hollis Allen",2024-07-24,NA,NA,NA,NA,NA,"red",894,NA,NA,NA,NA,NA,NA,NA,NA,NA
"2755",2024-07-08,"WL3","3","5","X",12,1,NA,NA,NA,NA,NA,NA,NA,NA,NA,2024,NA,"Hollis Allen",2024-07-24,NA,NA,NA,NA,NA,"red",872,NA,NA,NA,NA,NA,NA,NA,NA,NA
"2756",2024-07-08,"WL3","3","5","X",9,12,NA,NA,NA,NA,NA,NA,NA,NA,NA,2024,NA,"Hollis Allen",2024-07-24,NA,NA,NA,NA,NA,"red",883,NA,NA,NA,NA,NA,NA,NA,NA,NA
"2757",2024-07-08,"WL3","3","5","X",NA,NA,NA,NA,NA,NA,NA,NA,NA,NA,"not on original data sheet",2024,NA,"Hollis Allen",2024-07-24,NA,NA,NA,NA,NA,"red",725,NA,NA,NA,NA,NA,NA,NA,NA,NA
"2758",2024-07-08,"WL3","3","5","X",5,10,NA,NA,NA,NA,NA,NA,NA,NA,NA,2024,NA,"Hollis Allen",2024-07-24,NA,NA,NA,NA,NA,"red",726,NA,NA,NA,NA,NA,NA,NA,NA,NA
"2759",2024-07-08,"WL3","3","5","X",32,39,NA,NA,NA,NA,NA,NA,NA,NA,NA,2024,NA,"Hollis Allen",2024-07-24,NA,NA,NA,NA,NA,"red",833,NA,NA,NA,NA,NA,NA,NA,NA,NA
"2760",2024-07-08,"WL3","3","5","X",13,18,NA,NA,NA,NA,NA,NA,NA,NA,NA,2024,NA,"Hollis Allen",2024-07-24,NA,NA,NA,NA,NA,"red",578,NA,NA,NA,NA,NA,NA,NA,NA,NA
"2761",2024-07-08,"WL3","3","5","X",29,25,NA,NA,NA,NA,NA,NA,NA,NA,NA,2024,NA,"Hollis Allen",2024-07-24,NA,NA,NA,NA,NA,"red",867,NA,NA,NA,NA,NA,NA,NA,NA,NA
"2762",2024-07-08,"WL3","3","5","X",20,45,NA,NA,NA,NA,NA,NA,NA,NA,NA,2024,NA,"Hollis Allen",2024-07-24,NA,NA,NA,NA,NA,"red",857,NA,NA,NA,NA,NA,NA,NA,NA,NA
"2763",2024-07-08,"WL3","3","5.5",NA,2,15,NA,NA,NA,NA,NA,NA,NA,NA,"Not Recovered",2024,NA,"Hollis Allen",2024-07-24,NA,NA,NA,NA,NA,"white",155,NA,NA,NA,NA,NA,NA,NA,NA,NA
"2764",2024-07-08,"WL3","3","5.5","X",2,25,NA,NA,NA,NA,NA,NA,NA,NA,NA,2024,NA,"Hollis Allen",2024-07-24,NA,NA,NA,NA,NA,"red",698,NA,NA,NA,NA,NA,NA,NA,NA,NA
"2765",2024-07-08,"WL3","3","5.5","X",40,11,NA,NA,NA,NA,NA,NA,NA,NA,NA,2024,NA,"Hollis Allen",2024-07-24,NA,NA,NA,NA,NA,"red",729,NA,NA,NA,NA,NA,NA,NA,NA,NA
"2766",2024-07-08,"WL3","3","5.5",NA,28,32,NA,NA,NA,NA,NA,NA,NA,NA,"Not Recovered",2024,NA,"Hollis Allen",2024-07-24,NA,NA,NA,NA,NA,"red",979,NA,NA,NA,NA,NA,NA,NA,NA,NA
"2767",2024-07-08,"WL3","3","5.5",NA,31,32,NA,NA,NA,NA,NA,NA,NA,NA,"Not Recovered",2024,NA,"Hollis Allen",2024-07-24,NA,NA,NA,NA,NA,"red",28,NA,NA,NA,NA,NA,NA,NA,NA,NA
"2768",2024-07-08,"WL3","3","5.5","X",32,45,NA,NA,NA,NA,NA,NA,NA,NA,NA,2024,NA,"Hollis Allen",2024-07-24,NA,NA,NA,NA,NA,"red",15,NA,NA,NA,NA,NA,NA,NA,NA,NA
"2769",2024-07-08,"WL3","3","5.5","X",29,45,NA,NA,NA,NA,NA,NA,NA,NA,NA,2024,NA,"Hollis Allen",2024-07-24,NA,NA,NA,NA,NA,"red",702,NA,NA,NA,NA,NA,NA,NA,NA,NA
"2770",2024-07-08,"WL3","3","5.5","X",45,26,NA,NA,NA,NA,NA,NA,NA,NA,NA,2024,NA,"Hollis Allen",2024-07-24,NA,NA,NA,NA,NA,"red",743,NA,NA,NA,NA,NA,NA,NA,NA,NA
"2771",2024-07-08,"WL3","3","5.5","X",40,43,NA,NA,NA,NA,NA,NA,NA,NA,NA,2024,NA,"Hollis Allen",2024-07-24,NA,NA,NA,NA,NA,"red",573,NA,NA,NA,NA,NA,NA,NA,NA,NA
"2772",2024-07-08,"WL3","3","5.5","X",37,23,NA,NA,NA,NA,NA,NA,NA,NA,NA,2024,NA,"Hollis Allen",2024-07-24,NA,NA,NA,NA,NA,"red",54,NA,NA,NA,NA,NA,NA,NA,NA,NA
"2773",2024-07-08,"WL3","3","5.5","X",45,28,NA,NA,NA,NA,NA,NA,NA,NA,"No data taken?",2024,NA,"Hollis Allen",2024-07-24,NA,NA,NA,NA,NA,"red",749,NA,NA,NA,NA,NA,NA,NA,NA,NA
"2774",2024-07-08,"WL3","3","6","X",15,7,NA,NA,NA,NA,NA,NA,NA,NA,NA,2024,NA,"Hollis Allen",2024-07-24,NA,NA,NA,NA,NA,"red",838,NA,NA,NA,NA,NA,NA,NA,NA,NA
"2775",2024-07-08,"WL3","3","6","X",17,6,NA,NA,NA,NA,NA,NA,NA,NA,NA,2024,NA,"Hollis Allen",2024-07-24,NA,NA,NA,NA,NA,"red",735,NA,NA,NA,NA,NA,NA,NA,NA,NA
"2776",2024-07-08,"WL3","3","6","X",33,17,NA,NA,NA,NA,NA,NA,NA,NA,NA,2024,NA,"Hollis Allen",2024-07-24,NA,NA,NA,NA,NA,"red",859,NA,NA,NA,NA,NA,NA,NA,NA,NA
"2777",2024-07-08,"WL3","3","6","X",10,27,NA,NA,NA,NA,NA,NA,NA,NA,NA,2024,NA,"Hollis Allen",2024-07-24,NA,NA,NA,NA,NA,"red",875,NA,NA,NA,NA,NA,NA,NA,NA,NA
"2778",2024-07-08,"WL3","3","6","X",31,38,NA,NA,NA,NA,NA,NA,NA,NA,NA,2024,NA,"Hollis Allen",2024-07-24,NA,NA,NA,NA,NA,"red",808,NA,NA,NA,NA,NA,NA,NA,NA,NA
"2779",2024-07-08,"WL3","3","6","X",35,18,NA,NA,NA,NA,NA,NA,NA,NA,NA,2024,NA,"Hollis Allen",2024-07-24,NA,NA,NA,NA,NA,"red",865,NA,NA,NA,NA,NA,NA,NA,NA,NA
"2780",2024-07-08,"WL3","3","6","X",25,18,NA,NA,NA,NA,NA,NA,NA,NA,NA,2024,NA,"Hollis Allen",2024-07-24,NA,NA,NA,NA,NA,"red",877,NA,NA,NA,NA,NA,NA,NA,NA,NA
"2781",2024-07-08,"WL3","3","6","X",21,27,NA,NA,NA,NA,NA,NA,NA,NA,NA,2024,NA,"Hollis Allen",2024-07-24,NA,NA,NA,NA,NA,"red",745,NA,NA,NA,NA,NA,NA,NA,NA,NA
"2782",2024-07-08,"WL3","3","6","X",38,30,NA,NA,NA,NA,NA,NA,NA,NA,NA,2024,NA,"Hollis Allen",2024-07-24,NA,NA,NA,NA,NA,"red",887,NA,NA,NA,NA,NA,NA,NA,NA,NA
"2783",2024-07-08,"WL3","3","6","X",13,16,NA,NA,NA,NA,NA,NA,NA,NA,NA,2024,NA,"Hollis Allen",2024-07-24,NA,NA,NA,NA,NA,"red",882,NA,NA,NA,NA,NA,NA,NA,NA,NA
"2784",2024-07-08,"WL3","3","5.5","X",NA,NA,NA,NA,NA,NA,NA,NA,NA,NA,"not on data sheet",2024,NA,"Hollis Allen",2024-07-24,NA,NA,NA,NA,NA,"red",878,NA,NA,NA,NA,NA,NA,NA,NA,NA
"2785",2024-07-08,"WL3","3","6.5","X",36,30,NA,NA,NA,NA,NA,NA,NA,NA,NA,2024,NA,"Hollis Allen",2024-07-24,NA,NA,NA,NA,NA,"white",130,NA,NA,NA,NA,NA,NA,NA,NA,NA
"2786",2024-07-08,"WL3","3","6.5","X",24,30,NA,NA,NA,NA,NA,NA,NA,NA,NA,2024,NA,"Hollis Allen",2024-07-24,NA,NA,NA,NA,NA,"white",138,NA,NA,NA,NA,NA,NA,NA,NA,NA
"2787",2024-07-08,"WL3","3","6.5","X",6,6,NA,NA,NA,NA,NA,NA,NA,NA,NA,2024,NA,"Hollis Allen",2024-07-24,NA,NA,NA,NA,NA,"red",647,NA,NA,NA,NA,NA,NA,NA,NA,NA
"2788",2024-07-08,"WL3","3","6.5","X",16,10,NA,NA,NA,NA,NA,NA,NA,NA,NA,2024,NA,"Hollis Allen",2024-07-24,NA,NA,NA,NA,NA,"red",617,NA,NA,NA,NA,NA,NA,NA,NA,NA
"2789",2024-07-08,"WL3","3","6.5","X",10,30,NA,NA,NA,NA,NA,NA,NA,NA,NA,2024,NA,"Hollis Allen",2024-07-24,NA,NA,NA,NA,NA,"red",660,NA,NA,NA,NA,NA,NA,NA,NA,NA
"2790",2024-07-08,"WL3","3","6.5","X",18,30,NA,NA,NA,NA,NA,NA,NA,NA,NA,2024,NA,"Hollis Allen",2024-07-24,NA,NA,NA,NA,NA,"red",667,NA,NA,NA,NA,NA,NA,NA,NA,NA
"2791",2024-07-08,"WL3","3","6.5","X",20,34,NA,NA,NA,NA,NA,NA,NA,NA,NA,2024,NA,"Hollis Allen",2024-07-24,NA,NA,NA,NA,NA,"red",643,NA,NA,NA,NA,NA,NA,NA,NA,NA
"2792",2024-07-08,"WL3","3","6.5","X",27,31,NA,NA,NA,NA,NA,NA,NA,NA,NA,2024,NA,"Hollis Allen",2024-07-24,NA,NA,NA,NA,NA,"red",631,NA,NA,NA,NA,NA,NA,NA,NA,NA
"2793",2024-07-08,"WL3","3","6.5","X",39,42,NA,NA,NA,NA,NA,NA,NA,NA,NA,2024,NA,"Hollis Allen",2024-07-24,NA,NA,NA,NA,NA,"red",615,NA,NA,NA,NA,NA,NA,NA,NA,NA
"2794",2024-07-08,"WL3","3","6.5","X",24,41,NA,NA,NA,NA,NA,NA,NA,NA,NA,2024,NA,"Hollis Allen",2024-07-24,NA,NA,NA,NA,NA,"red",648,NA,NA,NA,NA,NA,NA,NA,NA,NA
"2795",2024-07-08,"WL3","3","6.5","X",25,37,NA,NA,NA,NA,NA,NA,NA,NA,NA,2024,NA,"Hollis Allen",2024-07-24,NA,NA,NA,NA,NA,"red",662,NA,NA,NA,NA,NA,NA,NA,NA,NA
"2796",2024-07-08,"WL3","3","6.5","X",4,48,NA,NA,NA,NA,NA,NA,NA,NA,NA,2024,NA,"Hollis Allen",2024-07-24,NA,NA,NA,NA,NA,"red",663,NA,NA,NA,NA,NA,NA,NA,NA,NA
"2797",2024-07-08,"WL3","3","7","X",2,15,NA,NA,NA,NA,NA,NA,NA,NA,NA,2024,NA,"Hollis Allen",2024-07-24,NA,NA,NA,NA,NA,"white",202,NA,NA,NA,NA,NA,NA,NA,NA,NA
"2798",2024-07-08,"WL3","3","7","X",7,31,NA,NA,NA,NA,NA,NA,NA,NA,NA,2024,NA,"Hollis Allen",2024-07-24,NA,NA,NA,NA,NA,"white",43,NA,NA,NA,NA,NA,NA,NA,NA,NA
"2799",2024-07-08,"WL3","3","7","X",8,41,NA,NA,NA,NA,NA,NA,NA,NA,NA,2024,NA,"Hollis Allen",2024-07-24,NA,NA,NA,NA,NA,"white",239,NA,NA,NA,NA,NA,NA,NA,NA,NA
"2800",2024-07-08,"WL3","3","7","X",40,40,NA,NA,NA,NA,NA,NA,NA,NA,NA,2024,NA,"Hollis Allen",2024-07-24,NA,NA,NA,NA,NA,"white",159,NA,NA,NA,NA,NA,NA,NA,NA,NA
"2801",2024-07-08,"WL3","3","7","X",20,43,NA,NA,NA,NA,NA,NA,NA,NA,NA,2024,NA,"Hollis Allen",2024-07-24,NA,NA,NA,NA,NA,"red",693,NA,NA,NA,NA,NA,NA,NA,NA,NA
"2802",2024-07-08,"WL3","3","7","X",43,35,NA,NA,NA,NA,NA,NA,NA,NA,NA,2024,NA,"Hollis Allen",2024-07-24,NA,NA,NA,NA,NA,"red",610,NA,NA,NA,NA,NA,NA,NA,NA,NA
"2803",2024-07-08,"WL3","3","8",NA,44,36,NA,NA,NA,NA,NA,NA,NA,NA,NA,2024,NA,"Hollis Allen",2024-07-24,NA,NA,NA,NA,NA,"white",222,NA,NA,NA,NA,NA,NA,NA,NA,NA
"2804",2024-07-08,"WL3","3","8","X",47,4,NA,NA,NA,NA,NA,NA,NA,NA,NA,2024,NA,"Hollis Allen",2024-07-24,NA,NA,NA,NA,NA,"red",637,NA,NA,NA,NA,NA,NA,NA,NA,NA
"2805",2024-07-08,"WL3","3","8.5","X",12,32,NA,NA,NA,NA,NA,NA,NA,NA,NA,2024,NA,"Hollis Allen",2024-07-24,NA,NA,NA,NA,NA,"white",208,NA,NA,NA,NA,NA,NA,NA,NA,NA
"2806",2024-07-08,"WL3","3","8.5","X",38,48,NA,NA,NA,NA,NA,NA,NA,NA,NA,2024,NA,"Hollis Allen",2024-07-24,NA,NA,NA,NA,NA,"red",687,NA,NA,NA,NA,NA,NA,NA,NA,NA
"2807",2024-07-08,"WL3","3","9","X",15,47,NA,NA,NA,NA,NA,NA,NA,NA,NA,2024,NA,"Hollis Allen",2024-07-24,NA,NA,NA,NA,NA,"red",649,NA,NA,NA,NA,NA,NA,NA,NA,NA
"2808",2024-07-08,"WL3","4","2","X",35,16,NA,NA,NA,NA,NA,NA,NA,NA,NA,2024,NA,"Hollis Allen",2024-07-24,NA,NA,NA,NA,NA,"red",734,NA,NA,NA,NA,NA,NA,NA,NA,NA
"2809",2024-07-08,"WL3","4","2","X",39,47,NA,NA,NA,NA,NA,NA,NA,NA,NA,2024,NA,"Hollis Allen",2024-07-24,NA,NA,NA,NA,NA,"red",854,NA,NA,NA,NA,NA,NA,NA,NA,NA
"2810",2024-07-08,"WL3","4","3","X",4,5,NA,NA,NA,NA,NA,NA,NA,NA,NA,2024,NA,"Hollis Allen",2024-07-24,NA,NA,NA,NA,NA,"red",855,NA,NA,NA,NA,NA,NA,NA,NA,NA
"2811",2024-07-08,"WL3","4","3","X",34,29,NA,NA,NA,NA,NA,NA,NA,NA,NA,2024,NA,"Hollis Allen",2024-07-24,NA,NA,NA,NA,NA,"red",836,NA,NA,NA,NA,NA,NA,NA,NA,NA
"2812",2024-07-08,"WL3","4","3.5","X",22,29,NA,NA,NA,NA,NA,NA,NA,NA,NA,2024,NA,"Hollis Allen",2024-07-24,NA,NA,NA,NA,NA,"red",722,NA,NA,NA,NA,NA,NA,NA,NA,NA
"2813",2024-07-08,"WL3","4","3.5","X",39,3,NA,NA,NA,NA,NA,NA,NA,NA,NA,2024,NA,"Hollis Allen",2024-07-24,NA,NA,NA,NA,NA,"red",885,NA,NA,NA,NA,NA,NA,NA,NA,NA
"2814",2024-07-08,"WL3","4","4.5","X",50,13,NA,NA,NA,NA,NA,NA,NA,NA,NA,2024,NA,"Hollis Allen",2024-07-24,NA,NA,NA,NA,NA,"red",860,NA,NA,NA,NA,NA,NA,NA,NA,NA
"2815",2024-07-08,"WL3","4","4.5","X",46,10,NA,NA,NA,NA,NA,NA,NA,NA,NA,2024,NA,"Hollis Allen",2024-07-24,NA,NA,NA,NA,NA,"red",844,NA,NA,NA,NA,NA,NA,NA,NA,NA
"2816",2024-07-08,"WL3","4","4.5","X",19,27,NA,NA,NA,NA,NA,NA,NA,NA,NA,2024,NA,"Hollis Allen",2024-07-24,NA,NA,NA,NA,NA,"red",736,NA,NA,NA,NA,NA,NA,NA,NA,NA
"2817",2024-07-08,"WL3","4","4.5","X",7,41,NA,NA,NA,NA,NA,NA,NA,NA,NA,2024,NA,"Hollis Allen",2024-07-24,NA,NA,NA,NA,NA,"red",873,NA,NA,NA,NA,NA,NA,NA,NA,NA
"2818",2024-07-08,"WL3","4","4.5","X",50,37,NA,NA,NA,NA,NA,NA,NA,NA,NA,2024,NA,"Hollis Allen",2024-07-24,NA,NA,NA,NA,NA,"red",870,NA,NA,NA,NA,NA,NA,NA,NA,NA
"2819",2024-07-08,"WL3","4","4.5","X",49,44,NA,NA,NA,NA,NA,NA,NA,NA,NA,2024,NA,"Hollis Allen",2024-07-24,NA,NA,NA,NA,NA,"red",700,NA,NA,NA,NA,NA,NA,NA,NA,NA
"2820",2024-07-08,"WL3","4","5","X",30,15,NA,NA,NA,NA,NA,NA,NA,NA,NA,2024,NA,"Hollis Allen",2024-07-24,NA,NA,NA,NA,NA,"white",780,NA,NA,NA,NA,NA,NA,NA,NA,NA
"2821",2024-07-08,"WL3","4","5","X",35,35,NA,NA,NA,NA,NA,NA,NA,NA,NA,2024,NA,"Hollis Allen",2024-07-24,NA,NA,NA,NA,NA,"red",746,NA,NA,NA,NA,NA,NA,NA,NA,NA
"2822",2024-07-08,"WL3","4","5","X",39,48,NA,NA,NA,NA,NA,NA,NA,NA,NA,2024,NA,"Hollis Allen",2024-07-24,NA,NA,NA,NA,NA,"red",706,NA,NA,NA,NA,NA,NA,NA,NA,NA
"2823",2024-07-08,"WL3","4","5","X",10,15,NA,NA,NA,NA,NA,NA,NA,NA,NA,2024,NA,"Hollis Allen",2024-07-24,NA,NA,NA,NA,NA,"red",862,NA,NA,NA,NA,NA,NA,NA,NA,NA
"2824",2024-07-08,"WL3","4","5","X",5,37,NA,NA,NA,NA,NA,NA,NA,NA,NA,2024,NA,"Hollis Allen",2024-07-24,NA,NA,NA,NA,NA,"red",740,NA,NA,NA,NA,NA,NA,NA,NA,NA
"2825",2024-07-08,"WL3","4","5","X",36,28,NA,NA,NA,NA,NA,NA,NA,NA,NA,2024,NA,"Hollis Allen",2024-07-24,NA,NA,NA,NA,NA,"red",858,NA,NA,NA,NA,NA,NA,NA,NA,NA
"2826",2024-07-08,"WL3","4","5","X",27,20,NA,NA,NA,NA,NA,NA,NA,NA,NA,2024,NA,"Hollis Allen",2024-07-24,NA,NA,NA,NA,NA,"red",705,NA,NA,NA,NA,NA,NA,NA,NA,NA
"2827",2024-07-08,"WL3","4","5","X",27,47,NA,NA,NA,NA,NA,NA,NA,NA,NA,2024,NA,"Hollis Allen",2024-07-24,NA,NA,NA,NA,NA,"red",895,NA,NA,NA,NA,NA,NA,NA,NA,NA
"2828",2024-07-08,"WL3","4","5","X",30,38,NA,NA,NA,NA,NA,NA,NA,NA,NA,2024,NA,"Hollis Allen",2024-07-24,NA,NA,NA,NA,NA,"red",843,NA,NA,NA,NA,NA,NA,NA,NA,NA
"2829",2024-07-08,"WL3","4","5","X",10,38,NA,NA,NA,NA,NA,NA,NA,NA,NA,2024,NA,"Hollis Allen",2024-07-24,NA,NA,NA,NA,NA,"red",641,NA,NA,NA,NA,NA,NA,NA,NA,NA
"2830",2024-07-08,"WL3","4","5","X",34,32,NA,NA,NA,NA,NA,NA,NA,NA,NA,2024,NA,"Hollis Allen",2024-07-24,NA,NA,NA,NA,NA,"red",646,NA,NA,NA,NA,NA,NA,NA,NA,NA
"2831",2024-07-08,"WL3","4","5.5","X",30,40,NA,NA,NA,NA,NA,NA,NA,NA,NA,2024,NA,"Hollis Allen",2024-07-24,NA,NA,NA,NA,NA,"orange",49,NA,NA,NA,NA,NA,NA,NA,NA,NA
"2832",2024-07-08,"WL3","4","5.5","X",40,50,NA,NA,NA,NA,NA,NA,NA,NA,NA,2024,NA,"Hollis Allen",2024-07-24,NA,NA,NA,NA,NA,"red",697,NA,NA,NA,NA,NA,NA,NA,NA,NA
"2833",2024-07-08,"WL3","4","5.5","X",39,47,NA,NA,NA,NA,NA,NA,NA,NA,NA,2024,NA,"Hollis Allen",2024-07-24,NA,NA,NA,NA,NA,"red",696,NA,NA,NA,NA,NA,NA,NA,NA,NA
"2834",2024-07-08,"WL3","4","5.5","X",36,47,NA,NA,NA,NA,NA,NA,NA,NA,NA,2024,NA,"Hollis Allen",2024-07-24,NA,NA,NA,NA,NA,"red",676,NA,NA,NA,NA,NA,NA,NA,NA,NA
"2835",2024-07-08,"WL3","4","5.5","X",28,45,NA,NA,NA,NA,NA,NA,NA,NA,NA,2024,NA,"Hollis Allen",2024-07-24,NA,NA,NA,NA,NA,"red",689,NA,NA,NA,NA,NA,NA,NA,NA,NA
"2836",2024-07-08,"WL3","4","5.5","X",28,50,NA,NA,NA,NA,NA,NA,NA,NA,NA,2024,NA,"Hollis Allen",2024-07-24,NA,NA,NA,NA,NA,"red",694,NA,NA,NA,NA,NA,NA,NA,NA,NA
"2837",2024-07-08,"WL3","4","5.5","X",20,47,NA,NA,NA,NA,NA,NA,NA,NA,NA,2024,NA,"Hollis Allen",2024-07-24,NA,NA,NA,NA,NA,"red",698,NA,NA,NA,NA,NA,NA,NA,NA,NA
"2838",2024-07-08,"WL3","4","5.5","X",20,50,NA,NA,NA,NA,NA,NA,NA,NA,NA,2024,NA,"Hollis Allen",2024-07-24,NA,NA,NA,NA,NA,"red",692,NA,NA,NA,NA,NA,NA,NA,NA,NA
"2839",2024-07-08,"WL3","4","5.5","X",10,38,NA,NA,NA,NA,NA,NA,NA,NA,NA,2024,NA,"Hollis Allen",2024-07-24,NA,NA,NA,NA,NA,"red",665,NA,NA,NA,NA,NA,NA,NA,NA,NA
"2840",2024-07-08,"WL3","4","5.5","X",11,37,NA,NA,NA,NA,NA,NA,NA,NA,NA,2024,NA,"Hollis Allen",2024-07-24,NA,NA,NA,NA,NA,"red",653,NA,NA,NA,NA,NA,NA,NA,NA,NA
"2841",2024-07-08,"WL3","4","5.5","X",4,34,NA,NA,NA,NA,NA,NA,NA,NA,NA,2024,NA,"Hollis Allen",2024-07-24,NA,NA,NA,NA,NA,"red",685,NA,NA,NA,NA,NA,NA,NA,NA,NA
"2842",2024-07-08,"WL3","4","6","X",3,13,NA,NA,NA,NA,NA,NA,NA,NA,NA,2024,NA,"Hollis Allen",2024-07-24,NA,NA,NA,NA,NA,"white",15,NA,NA,NA,NA,NA,NA,NA,NA,NA
"2843",2024-07-08,"WL3","4","6","X",14,15,NA,NA,NA,NA,NA,NA,NA,NA,NA,2024,NA,"Hollis Allen",2024-07-24,NA,NA,NA,NA,NA,"red",652,NA,NA,NA,NA,NA,NA,NA,NA,NA
"2844",2024-07-08,"WL3","4","6","X",19,11,NA,NA,NA,NA,NA,NA,NA,NA,NA,2024,NA,"Hollis Allen",2024-07-24,NA,NA,NA,NA,NA,"red",672,NA,NA,NA,NA,NA,NA,NA,NA,NA
"2845",2024-07-08,"WL3","4","6","X",28,19,NA,NA,NA,NA,NA,NA,NA,NA,NA,2024,NA,"Hollis Allen",2024-07-24,NA,NA,NA,NA,NA,"red",679,NA,NA,NA,NA,NA,NA,NA,NA,NA
"2846",2024-07-08,"WL3","4","6","X",20,42,NA,NA,NA,NA,NA,NA,NA,NA,NA,2024,NA,"Hollis Allen",2024-07-24,NA,NA,NA,NA,NA,"red",683,NA,NA,NA,NA,NA,NA,NA,NA,NA
"2847",2024-07-08,"WL3","4","6",NA,4,48,NA,NA,NA,NA,NA,NA,NA,NA,NA,2024,NA,"Hollis Allen",2024-07-24,NA,NA,NA,NA,NA,"red",695,NA,NA,NA,NA,NA,NA,NA,NA,NA
"2848",2024-07-08,"WL3","4","7","X",40,10,NA,NA,NA,NA,NA,NA,NA,NA,NA,2024,NA,"Hollis Allen",2024-07-24,NA,NA,NA,NA,NA,"red",678,NA,NA,NA,NA,NA,NA,NA,NA,NA
"2849",2024-07-08,"WL3","4","7.5","X",9,33,NA,NA,NA,NA,NA,NA,NA,NA,NA,2024,NA,"Hollis Allen",2024-07-24,NA,NA,NA,NA,NA,"red",682,NA,NA,NA,NA,NA,NA,NA,NA,NA
"2850",2024-07-08,"WL3","4","7.5","X",5,7,NA,NA,NA,NA,NA,NA,NA,NA,NA,2024,NA,"Hollis Allen",2024-07-24,NA,NA,NA,NA,NA,"red",673,NA,NA,NA,NA,NA,NA,NA,NA,NA
"2851",2024-07-08,"WL3","4","7.5",NA,10,10,NA,NA,NA,NA,NA,NA,NA,NA,NA,2024,NA,"Hollis Allen",2024-07-24,NA,NA,NA,NA,NA,"red",658,NA,NA,NA,NA,NA,NA,NA,NA,NA
"2852",2024-07-08,"WL3","4","7.5","X",32,18,NA,NA,NA,NA,NA,NA,NA,NA,NA,2024,NA,"Hollis Allen",2024-07-24,NA,NA,NA,NA,NA,"red",688,NA,NA,NA,NA,NA,NA,NA,NA,NA
"2853",2024-07-08,"WL3","4","7.5","X",36,33,NA,NA,NA,NA,NA,NA,NA,NA,NA,2024,NA,"Hollis Allen",2024-07-24,NA,NA,NA,NA,NA,"red",690,NA,NA,NA,NA,NA,NA,NA,NA,NA
"2854",2024-07-08,"WL3","4","7.5","X",31,31,NA,NA,NA,NA,NA,NA,NA,NA,NA,2024,NA,"Hollis Allen",2024-07-24,NA,NA,NA,NA,NA,"red",691,NA,NA,NA,NA,NA,NA,NA,NA,NA
"2855",2024-07-08,"WL3","4","7.5","X",29,33,NA,NA,NA,NA,NA,NA,NA,NA,NA,2024,NA,"Hollis Allen",2024-07-24,NA,NA,NA,NA,NA,"red",686,NA,NA,NA,NA,NA,NA,NA,NA,NA
"2856",2024-07-08,"WL3","4","7.5","X",5,36,NA,NA,NA,NA,NA,NA,NA,NA,NA,2024,NA,"Hollis Allen",2024-07-24,NA,NA,NA,NA,NA,"red",699,NA,NA,NA,NA,NA,NA,NA,NA,NA
"2857",2024-07-08,"WL3","4","7.5",NA,30,43,NA,NA,NA,NA,NA,NA,NA,NA,NA,2024,NA,"Hollis Allen",2024-07-24,NA,NA,NA,NA,NA,"red",657,NA,NA,NA,NA,NA,NA,NA,NA,NA
"2858",2024-07-08,"WL3","4","7.5","X",40,46,NA,NA,NA,NA,NA,NA,NA,NA,NA,2024,NA,"Hollis Allen",2024-07-24,NA,NA,NA,NA,NA,"red",644,NA,NA,NA,NA,NA,NA,NA,NA,NA
"2859",2024-07-08,"WL3","4","7.5",NA,NA,NA,NA,NA,NA,NA,NA,NA,NA,NA,NA,2024,NA,"Hollis Allen",2024-07-24,NA,NA,NA,NA,NA,"red",NA,NA,NA,NA,NA,NA,NA,NA,NA,NA
"2860",2024-07-08,"WL3","4","8","X",4,26,NA,NA,NA,NA,NA,NA,NA,NA,NA,2024,NA,"Hollis Allen",2024-07-24,NA,NA,NA,NA,NA,"red",674,NA,NA,NA,NA,NA,NA,NA,NA,NA
"2861",2024-07-08,"WL3","4","8.5","X",10,42,NA,NA,NA,NA,NA,NA,NA,NA,NA,2024,NA,"Hollis Allen",2024-07-24,NA,NA,NA,NA,NA,"red",677,NA,NA,NA,NA,NA,NA,NA,NA,NA
"2862",2024-07-08,"WL3","1","4","X",NA,NA,NA,NA,NA,NA,NA,NA,NA,NA,NA,2024,NA,"Hollis Allen",2024-07-24,NA,NA,NA,NA,NA,"blue",127,NA,NA,NA,NA,NA,NA,NA,NA,NA
"2863",2024-07-08,"WL3","1","4","X",NA,NA,NA,NA,NA,NA,NA,NA,NA,NA,NA,2024,NA,"Hollis Allen",2024-07-24,NA,NA,NA,NA,NA,"blue",756,NA,NA,NA,NA,NA,NA,NA,NA,NA
"2864",2024-07-08,"WL3","4","7.5","X",NA,NA,NA,NA,NA,NA,NA,NA,NA,NA,NA,2024,NA,"Hollis Allen",2024-07-24,NA,NA,NA,NA,NA,"white",270,NA,NA,NA,NA,NA,NA,NA,NA,NA
