"Transect_plot","Quad","Phenology","Xcoord","Ycoord","Band_color","Pick_color","Sword_color","Stem_diam_mm","Height_cm","Num_total_branches","Longest_leaf_cm","Num_flowers","Num_fruits","Longest_fruit_cm","Num_repro_branches","Herbivory","Notes","Collected_by","Census_date","Site","Entered_by","Date_entered","Band","Band_num","Tag","2018tag","2019tag","Leaf_thickness_mm","Canopy_width_cm","Buds","Year_marked","Category_herbivory","Num_leaves","Census_year","Stem_diam_mm_UFA"
"1","0.5","P",35,10,"blue","N/A","N/A","1.95","26.1",4,"N/A","0.0","11.0",6.6,1,"no","4 total branches, 2 are veg, one repro, one alive but nothing on it","Eva & Jenny",2018-07-11,"YOSE8",NA,NA,NA,NA,NA,NA,NA,NA,NA,NA,NA,NA,NA,2018,1.95
"1","0.5","V",45,4,"green","N/A","N/A","1.33","1.4",1,"1.6","N/A","N/A",NA,NA,"no",NA,"Eva & Jenny",2018-07-11,"YOSE8",NA,NA,NA,NA,NA,NA,NA,NA,NA,NA,NA,NA,NA,2018,1.33
"1","0.5","V",NA,NA,"N/A","N/A","N/A","<1","2.0",1,"0.6","N/A","N/A",NA,NA,"yes",NA,"Eva & Jenny",2018-07-11,"YOSE8",NA,NA,NA,NA,NA,NA,NA,NA,NA,NA,NA,NA,NA,2018,0.5
"1","0.5","V",NA,NA,"N/A","N/A","N/A","<1","1.1",1,"0.9","N/A","N/A",NA,NA,"no",NA,"Eva & Jenny",2018-07-11,"YOSE8",NA,NA,NA,NA,NA,NA,NA,NA,NA,NA,NA,NA,NA,2018,0.5
"1","0.5","V",41,28,"green","N/A","N/A","1.3","1.1",1,"1.4","N/A","N/A",NA,NA,"no",NA,"Eva & Jenny",2018-07-11,"YOSE8",NA,NA,NA,NA,NA,NA,NA,NA,NA,NA,NA,NA,NA,2018,1.3
"1","0.5","V",20,24,"green","N/A","N/A","1.06","2.4",1,"1.1","N/A","N/A",NA,NA,"no",NA,"Eva & Jenny",2018-07-11,"YOSE8",NA,NA,NA,NA,NA,NA,NA,NA,NA,NA,NA,NA,NA,2018,1.06
"1","0.5","F",23,30,"blue","N/A","N/A","1.9","18.2",3,"N/A","2.0","3.0",1.5,1,"no","4 buds","Eva & Jenny",2018-07-11,"YOSE8",NA,NA,NA,NA,NA,NA,NA,NA,NA,NA,NA,NA,NA,2018,1.9
"1","0.5","V",20,33,"green","N/A","N/A","1.67","2.1",1,"1.2","N/A","N/A",NA,NA,"no",NA,"Eva & Jenny",2018-07-11,"YOSE8",NA,NA,NA,NA,NA,NA,NA,NA,NA,NA,NA,NA,NA,2018,1.67
"1","0.5","V",15,46,"green","N/A","N/A","1.3","2.3",1,"1.2","N/A","N/A",NA,NA,"no",NA,"Eva & Jenny",2018-07-11,"YOSE8",NA,NA,NA,NA,NA,NA,NA,NA,NA,NA,NA,NA,NA,2018,1.3
"1","0.5","V",16,49,"green","N/A","N/A","1.51","2.6",1,"1.1","N/A","N/A",NA,NA,"no","this is actually out, did it anyway","Eva & Jenny",2018-07-11,"YOSE8",NA,NA,NA,NA,NA,NA,NA,NA,NA,NA,NA,NA,NA,2018,1.51
"1","0.5","V",40,52,"green","N/A","N/A","1.06","2.0",1,"0.9","N/A","N/A",NA,NA,"no",NA,"Eva & Jenny",2018-07-11,"YOSE8",NA,NA,NA,NA,NA,NA,NA,NA,NA,NA,NA,NA,NA,2018,1.06
"1","0.5","V",NA,NA,"N/A","N/A","N/A","<1","1.3",1,"0.9","N/A","N/A",NA,NA,"no",NA,"Eva & Jenny",2018-07-11,"YOSE8",NA,NA,NA,NA,NA,NA,NA,NA,NA,NA,NA,NA,NA,2018,0.5
"1","0.5","V",NA,NA,"N/A","N/A","N/A","<1","2.4",1,"1.2","N/A","N/A",NA,NA,"no",NA,"Eva & Jenny",2018-07-11,"YOSE8",NA,NA,NA,NA,NA,NA,NA,NA,NA,NA,NA,NA,NA,2018,0.5
"1","1.0","V",11,19,"green","N/A","N/A","1.45","3.6",2,"1.2","N/A","N/A",NA,NA,"yes","not apical","Eva & Jenny",2018-07-11,"YOSE8",NA,NA,NA,NA,NA,NA,NA,NA,NA,NA,NA,NA,NA,2018,1.45
"1","1.0","V",NA,NA,"N/A","N/A","N/A","<1","1.6",1,"0.6","N/A","N/A",NA,NA,"yes",NA,"Eva & Jenny",2018-07-11,"YOSE8",NA,NA,NA,NA,NA,NA,NA,NA,NA,NA,NA,NA,NA,2018,0.5
"1","1.0","V",NA,NA,"N/A","N/A","N/A","<1","1.1",1,"0.4","N/A","N/A",NA,NA,"no",NA,"Eva & Jenny",2018-07-11,"YOSE8",NA,NA,NA,NA,NA,NA,NA,NA,NA,NA,NA,NA,NA,2018,0.5
"1","1.0","V",NA,NA,"N/A","N/A","N/A","<1","1.2",1,"0.6","N/A","N/A",NA,NA,"no",NA,"Eva & Jenny",2018-07-11,"YOSE8",NA,NA,NA,NA,NA,NA,NA,NA,NA,NA,NA,NA,NA,2018,0.5
"1","1.0","V",27,18,"green","N/A","N/A","1.78","2.2",1,"1.6","N/A","N/A",NA,NA,"no",NA,"Eva & Jenny",2018-07-11,"YOSE8",NA,NA,NA,NA,NA,NA,NA,NA,NA,NA,NA,NA,NA,2018,1.78
"1","1.0","V",NA,NA,"N/A","N/A","N/A","<1","1.6",1,"0.4","N/A","N/A",NA,NA,"no",NA,"Eva & Jenny",2018-07-11,"YOSE8",NA,NA,NA,NA,NA,NA,NA,NA,NA,NA,NA,NA,NA,2018,0.5
"1","1.0","V",34,7,"green","N/A","N/A","1.34","3.2",1,"1.2","N/A","N/A",NA,NA,"no",NA,"Eva & Jenny",2018-07-11,"YOSE8",NA,NA,NA,NA,NA,NA,NA,NA,NA,NA,NA,NA,NA,2018,1.34
"1","1.0","V",48,15,"green","N/A","N/A","1.26","3.4",1,"1.2","N/A","N/A",NA,NA,"no",NA,"Eva & Jenny",2018-07-11,"YOSE8",NA,NA,NA,NA,NA,NA,NA,NA,NA,NA,NA,NA,NA,2018,1.26
"1","1.0","V",NA,NA,"N/A","N/A","N/A","<1","1.4",1,"0.5","N/A","N/A",NA,NA,"no",NA,"Eva & Jenny",2018-07-11,"YOSE8",NA,NA,NA,NA,NA,NA,NA,NA,NA,NA,NA,NA,NA,2018,0.5
"1","1.0","V",NA,NA,"N/A","N/A","N/A","<1","0.7",1,"0.3","N/A","N/A",NA,NA,"no",NA,"Eva & Jenny",2018-07-11,"YOSE8",NA,NA,NA,NA,NA,NA,NA,NA,NA,NA,NA,NA,NA,2018,0.5
"1","1.0","V",NA,NA,"N/A","N/A","N/A","<1","0.9",1,"0.5","N/A","N/A",NA,NA,"no",NA,"Eva & Jenny",2018-07-11,"YOSE8",NA,NA,NA,NA,NA,NA,NA,NA,NA,NA,NA,NA,NA,2018,0.5
"1","1.0","V",5,51,"green","N/A","N/A","1.18","2.1",1,"0.9","N/A","N/A",NA,NA,"no","slightly out of bounds","Eva & Jenny",2018-07-11,"YOSE8",NA,NA,NA,NA,NA,NA,NA,NA,NA,NA,NA,NA,NA,2018,1.18
"1","1.0","P",25,50,"blue","N/A","N/A","2.43","30.2",3,"N/A","0.0","19.0",6.7,3,"no","1 rep branch broken","Eva & Jenny",2018-07-11,"YOSE8",NA,NA,NA,NA,NA,NA,NA,NA,NA,NA,NA,NA,NA,2018,2.43
"1","1.0","P",26,49,"blue","N/A","N/A","2.16","36.5",3,"N/A","4.0","22.0",5.5,3,"no","flowers are actually just stigmas that will likely become siliques","Eva & Jenny",2018-07-11,"YOSE8",NA,NA,NA,NA,NA,NA,NA,NA,NA,NA,NA,NA,NA,2018,2.16
"1","1.0","V",25,40,"green","N/A","N/A","1.38","1.7",1,"1.1","N/A","N/A",NA,NA,"no",NA,"Eva & Jenny",2018-07-11,"YOSE8",NA,NA,NA,NA,NA,NA,NA,NA,NA,NA,NA,NA,NA,2018,1.38
"1","1.0","V",NA,NA,"N/A","N/A","N/A","<1","1.2",1,"0.6","N/A","N/A",NA,NA,"no",NA,"Eva & Jenny",2018-07-11,"YOSE8",NA,NA,NA,NA,NA,NA,NA,NA,NA,NA,NA,NA,NA,2018,0.5
"1","1.0","V",NA,NA,"N/A","N/A","N/A","<1","2.9",1,"0.9","N/A","N/A",NA,NA,"no",NA,"Eva & Jenny",2018-07-11,"YOSE8",NA,NA,NA,NA,NA,NA,NA,NA,NA,NA,NA,NA,NA,2018,0.5
"1","1.5","V",5,14,"green","N/A","N/A","1.57","3.6",1,"1.5","N/A","N/A",NA,NA,"no",NA,"Eva & Mimi",2018-07-11,"YOSE8",NA,NA,NA,NA,NA,NA,NA,NA,NA,NA,NA,NA,NA,2018,1.57
"1","1.5","V",7,11,"green","N/A","N/A","1.25","5.1",1,"1.1","N/A","N/A",NA,NA,"no",NA,"Eva & Mimi",2018-07-11,"YOSE8",NA,NA,NA,NA,NA,NA,NA,NA,NA,NA,NA,NA,NA,2018,1.25
"1","1.5","V",0,20,"green","N/A","N/A","1.09","2.4",1,"1.4","N/A","N/A",NA,NA,"no",NA,"Eva & Mimi",2018-07-11,"YOSE8",NA,NA,NA,NA,NA,NA,NA,NA,NA,NA,NA,NA,NA,2018,1.09
"1","1.5","V",NA,NA,"N/A","N/A","N/A","<1","4.1",2,"1.1","N/A","N/A",NA,NA,"no",NA,"Eva & Mimi",2018-07-11,"YOSE8",NA,NA,NA,NA,NA,NA,NA,NA,NA,NA,NA,NA,NA,2018,0.5
"1","1.5","V",3,24,"green","N/A","N/A","1.03","1.9",2,"0.8","N/A","N/A",NA,NA,"no",NA,"Eva & Mimi",2018-07-11,"YOSE8",NA,NA,NA,NA,NA,NA,NA,NA,NA,NA,NA,NA,NA,2018,1.03
"1","1.5","V",NA,NA,"N/A","N/A","N/A","<1","2.8",1,"1.1","N/A","N/A",NA,NA,"no",NA,"Eva & Mimi",2018-07-11,"YOSE8",NA,NA,NA,NA,NA,NA,NA,NA,NA,NA,NA,NA,NA,2018,0.5
"1","1.5","P",21,27,"blue","N/A","N/A","1.3","21.5",1,"N/A","0.0","5.0",6.4,1,"no",NA,"Eva & Mimi",2018-07-11,"YOSE8",NA,NA,NA,NA,NA,NA,NA,NA,NA,NA,NA,NA,NA,2018,1.3
"1","1.5","V",NA,NA,"N/A","N/A","N/A","<1","1.0",1,"0.3","N/A","N/A",NA,NA,"no",NA,"Eva & Mimi",2018-07-11,"YOSE8",NA,NA,NA,NA,NA,NA,NA,NA,NA,NA,NA,NA,NA,2018,0.5
"1","1.5","V",NA,NA,"N/A","N/A","N/A","<1","1.4",1,"0.5","N/A","N/A",NA,NA,"no",NA,"Eva & Mimi",2018-07-11,"YOSE8",NA,NA,NA,NA,NA,NA,NA,NA,NA,NA,NA,NA,NA,2018,0.5
"1","1.5","V",NA,NA,"N/A","N/A","N/A","<1","1.1",1,"0.4","N/A","N/A",NA,NA,"no",NA,"Eva & Mimi",2018-07-11,"YOSE8",NA,NA,NA,NA,NA,NA,NA,NA,NA,NA,NA,NA,NA,2018,0.5
"1","1.5","V",NA,NA,"N/A","N/A","N/A","<1","2.3",1,"0.3","N/A","N/A",NA,NA,"no",NA,"Eva & Mimi",2018-07-11,"YOSE8",NA,NA,NA,NA,NA,NA,NA,NA,NA,NA,NA,NA,NA,2018,0.5
"1","1.5","V",NA,NA,"N/A","N/A","N/A","<1","2.1",1,"0.3","N/A","N/A",NA,NA,"no",NA,"Eva & Mimi",2018-07-11,"YOSE8",NA,NA,NA,NA,NA,NA,NA,NA,NA,NA,NA,NA,NA,2018,0.5
"1","1.5","V",NA,NA,"N/A","N/A","N/A","<1","2.4",1,"0.3","N/A","N/A",NA,NA,"no",NA,"Eva & Mimi",2018-07-11,"YOSE8",NA,NA,NA,NA,NA,NA,NA,NA,NA,NA,NA,NA,NA,2018,0.5
"1","1.5","F",34,50,"blue","N/A","N/A","3.35","39.9",6,"N/A","4.0","45.0",6.5,6,"no","broke one branch","Eva & Mimi",2018-07-11,"YOSE8",NA,NA,NA,NA,NA,NA,NA,NA,NA,NA,NA,NA,NA,2018,3.35
"1","1.5","V",NA,NA,"N/A","N/A","N/A","4.0","1.4",1,"0.4","N/A","N/A",NA,NA,"no",NA,"Eva & Mimi",2018-07-11,"YOSE8",NA,NA,NA,NA,NA,NA,NA,NA,NA,NA,NA,NA,NA,2018,4
"1","1.5","V",NA,NA,"N/A","N/A","N/A","<1","2.0",1,"0.8","N/A","N/A",NA,NA,"yes",NA,"Eva & Mimi",2018-07-11,"YOSE8",NA,NA,NA,NA,NA,NA,NA,NA,NA,NA,NA,NA,NA,2018,0.5
"1","4.5","F",8,0,"blue","N/A","N/A","3.0","34.9",6,"N/A","14.0","17.0",5.6,6,"no","5 buds","Eva & Mimi",2018-07-11,"YOSE8",NA,NA,NA,NA,NA,NA,NA,NA,NA,NA,NA,NA,NA,2018,3
"1","4.5","F",9,8,"blue","N/A","N/A","1.79","23.2",2,"N/A","4.0","8.0",4.6,2,"no","only one branch flowering, other is post flower","Eva & Mimi",2018-07-11,"YOSE8",NA,NA,NA,NA,NA,NA,NA,NA,NA,NA,NA,NA,NA,2018,1.79
"1","4.5","P",20,4,"blue","N/A","N/A","1.2","25.4",1,"N/A","0.0","2.0",4.7,1,"no",NA,"Eva & Mimi",2018-07-11,"YOSE8",NA,NA,NA,NA,NA,NA,NA,NA,NA,NA,NA,NA,NA,2018,1.2
"1","4.5","V",NA,NA,"N/A","N/A","N/A","<1","1.4",1,"0.9","N/A","N/A",NA,NA,"no",NA,"Eva & Mimi",2018-07-11,"YOSE8",NA,NA,NA,NA,NA,NA,NA,NA,NA,NA,NA,NA,NA,2018,0.5
"1","4.5","F",15,12,"blue","N/A","N/A","2.55","32.3",5,"N/A","6.0","57.0",6.1,5,"no",NA,"Eva & Mimi",2018-07-11,"YOSE8",NA,NA,NA,NA,NA,NA,NA,NA,NA,NA,NA,NA,NA,2018,2.55
"1","4.5","P",12,22,"blue","N/A","N/A","<1","18.0",1,"N/A","0.0","4.0",4.1,1,"no",NA,"Eva & Mimi",2018-07-11,"YOSE8",NA,NA,NA,NA,NA,NA,NA,NA,NA,NA,NA,NA,NA,2018,0.5
"1","4.5","F",14,27,"blue","N/A","N/A","1.84","26.0",2,"N/A","2.0","8.0",4.6,2,"no",NA,"Eva & Mimi",2018-07-11,"YOSE8",NA,NA,NA,NA,NA,NA,NA,NA,NA,NA,NA,NA,NA,2018,1.84
"1","4.5","P",15,31,"blue","N/A","N/A","1.06","15.6",1,"N/A","0.0","5.0",3.4,1,"no",NA,"Eva & Mimi",2018-07-11,"YOSE8",NA,NA,NA,NA,NA,NA,NA,NA,NA,NA,NA,NA,NA,2018,1.06
"1","4.5","V",NA,NA,"N/A","N/A","N/A","<1","1.9",1,"0.3","N/A","N/A",NA,NA,"no",NA,"Eva & Mimi",2018-07-11,"YOSE8",NA,NA,NA,NA,NA,NA,NA,NA,NA,NA,NA,NA,NA,2018,0.5
"1","4.5","V",NA,NA,"N/A","N/A","N/A","<1","1.2",1,"0.2","N/A","N/A",NA,NA,"no",NA,"Eva & Mimi",2018-07-11,"YOSE8",NA,NA,NA,NA,NA,NA,NA,NA,NA,NA,NA,NA,NA,2018,0.5
"1","4.5","V",NA,NA,"N/A","N/A","N/A","<1","1.3",1,"0.4","N/A","N/A",NA,NA,"no",NA,"Eva & Mimi",2018-07-11,"YOSE8",NA,NA,NA,NA,NA,NA,NA,NA,NA,NA,NA,NA,NA,2018,0.5
"1","4.5","P",20,40,"blue","N/A","N/A","2.51","35.1",2,"N/A","0.0","15.0",7.8,2,"no","bird band going next to plant","Eva & Mimi",2018-07-11,"YOSE8",NA,NA,NA,NA,NA,NA,NA,NA,NA,NA,NA,NA,NA,2018,2.51
"1","4.5","P",20,39,"blue","N/A","N/A","2.33","29.9",1,"N/A","0.0","10.0",5.6,1,"no",NA,"Eva & Mimi",2018-07-11,"YOSE8",NA,NA,NA,NA,NA,NA,NA,NA,NA,NA,NA,NA,NA,2018,2.33
"1","0.0","V",35,22,"green","N/A","N/A","1.63","4.0",1,"2.5","N/A","N/A",NA,NA,"no",NA,"Niel & Mimi",2018-07-11,"YOSE8",NA,NA,NA,NA,NA,NA,NA,NA,NA,NA,NA,NA,NA,2018,1.63
"1","0.0","F",44,16,"blue","N/A","N/A","2.64","42.6",3,"N/A","2.0","15.0",6,2,"no","also includes a vegetative stalk","Niel & Mimi",2018-07-11,"YOSE8",NA,NA,NA,NA,NA,NA,NA,NA,NA,NA,NA,NA,NA,2018,2.64
"1","2.0","V",2,15,"N/A","N/A","N/A","0.78","2.9",1,"1.1","N/A","N/A",1,NA,"no",NA,"Niel & Mimi",2018-07-11,"YOSE8",NA,NA,NA,NA,NA,NA,NA,NA,NA,NA,NA,NA,NA,2018,0.5
"1","2.0","V",NA,NA,"N/A","N/A","N/A","<1","2.0",1,"0.8","N/A","N/A",NA,NA,"no",NA,"Niel & Mimi",2018-07-11,"YOSE8",NA,NA,NA,NA,NA,NA,NA,NA,NA,NA,NA,NA,NA,2018,0.5
"1","2.0","V",NA,NA,"N/A","N/A","N/A","<1","2.0",1,"0.9","N/A","N/A",NA,NA,"no",NA,"Niel & Mimi",2018-07-11,"YOSE8",NA,NA,NA,NA,NA,NA,NA,NA,NA,NA,NA,NA,NA,2018,0.5
"1","2.0","V",37,50,"green","N/A","N/A","1.33","5.0",1,"2.0","N/A","N/A",NA,NA,"no",NA,"Niel & Mimi",2018-07-11,"YOSE8",NA,NA,NA,NA,NA,NA,NA,NA,NA,NA,NA,NA,NA,2018,1.33
"1","2.0","P",37.5,50,"blue","N/A","N/A","0.77","12.0",1,"N/A","N/A","2.0",2,1,"no",NA,"Niel & Mimi",2018-07-11,"YOSE8",NA,NA,NA,NA,NA,NA,NA,NA,NA,NA,NA,NA,NA,2018,0.5
"1","2.0","V",NA,NA,"N/A","N/A","N/A","<1","1.7",1,"0.3","N/A","N/A",NA,NA,"no",NA,"Niel & Mimi",2018-07-11,"YOSE8",NA,NA,NA,NA,NA,NA,NA,NA,NA,NA,NA,NA,NA,2018,0.5
"1","2.0","V",NA,NA,"N/A","N/A","N/A","<1","2.1",1,"1.0","N/A","N/A",NA,NA,"no",NA,"Niel & Mimi",2018-07-11,"YOSE8",NA,NA,NA,NA,NA,NA,NA,NA,NA,NA,NA,NA,NA,2018,0.5
"1","2.0","V",NA,NA,"N/A","N/A","N/A","<1","2.8",1,"0.5","N/A","N/A",NA,NA,"no",NA,"Niel & Mimi",2018-07-11,"YOSE8",NA,NA,NA,NA,NA,NA,NA,NA,NA,NA,NA,NA,NA,2018,0.5
"1","2.0","V",NA,NA,"N/A","N/A","N/A","<1","3.0",1,"1.0","N/A","N/A",NA,NA,"no","dying","Niel & Mimi",2018-07-11,"YOSE8",NA,NA,NA,NA,NA,NA,NA,NA,NA,NA,NA,NA,NA,2018,0.5
"1","2.0","V",NA,NA,"N/A","N/A","N/A","<1","1.5",1,"0.3","N/A","N/A",NA,NA,"no","dying","Niel & Mimi",2018-07-11,"YOSE8",NA,NA,NA,NA,NA,NA,NA,NA,NA,NA,NA,NA,NA,2018,0.5
"1","2.0","V",44,45,"green","N/A","N/A","1.18","3.5",1,"1.2","N/A","N/A",NA,NA,"no",NA,"Niel & Mimi",2018-07-11,"YOSE8",NA,NA,NA,NA,NA,NA,NA,NA,NA,NA,NA,NA,NA,2018,1.18
"1","2.5","V",9,7,"green","N/A","N/A","1.06","2.8",1,"1.2","N/A","N/A",NA,NA,"no",NA,"Niel & Mimi",2018-07-11,"YOSE8",NA,NA,NA,NA,NA,NA,NA,NA,NA,NA,NA,NA,NA,2018,1.06
"1","2.5","V",7,30,"green","N/A","N/A","1.15","4.0",1,"1.9","N/A","N/A",NA,NA,"no",NA,"Niel & Mimi",2018-07-11,"YOSE8",NA,NA,NA,NA,NA,NA,NA,NA,NA,NA,NA,NA,NA,2018,1.15
"1","2.5","P",15,30,"blue","N/A","N/A","2.24","38.5",3,"N/A","N/A","29.0",4.8,3,"no",NA,"Niel & Mimi",2018-07-11,"YOSE8",NA,NA,NA,NA,NA,NA,NA,NA,NA,NA,NA,NA,NA,2018,2.24
"1","2.5","P",22,40,"blue","N/A","N/A","1.61","27.0",1,"N/A","N/A","6.0",7,1,"no",NA,"Niel & Mimi",2018-07-11,"YOSE8",NA,NA,NA,NA,NA,NA,NA,NA,NA,NA,NA,NA,NA,2018,1.61
"1","2.5","V",50,11,"green","N/A","N/A","1.19","3.0",1,"1.0","N/A","N/A",NA,NA,"no",NA,"Niel & Mimi",2018-07-11,"YOSE8",NA,NA,NA,NA,NA,NA,NA,NA,NA,NA,NA,NA,NA,2018,1.19
"1","2.5","P",45,5,"blue","N/A","N/A","2.13","31.0",3,"N/A","N/A","10.0",5.6,3,"no",NA,"Niel & Mimi",2018-07-11,"YOSE8",NA,NA,NA,NA,NA,NA,NA,NA,NA,NA,NA,NA,NA,2018,2.13
"1","3.0","V",6,19,"green","N/A","N/A","1.38","2.9",1,"1.0","N/A","N/A",NA,NA,"no",NA,"Niel & Mimi",2018-07-11,"YOSE8",NA,NA,NA,NA,NA,NA,NA,NA,NA,NA,NA,NA,NA,2018,1.38
"1","3.0","V",6,8,"green","N/A","N/A","1.13","2.0",1,"1.0","N/A","N/A",NA,NA,"no",NA,"Niel & Mimi",2018-07-11,"YOSE8",NA,NA,NA,NA,NA,NA,NA,NA,NA,NA,NA,NA,NA,2018,1.13
"1","3.0","P",10,13,"blue","N/A","N/A","2.26","24.5",3,"N/A","N/A","17.0",3.8,3,"no",NA,"Niel & Mimi",2018-07-11,"YOSE8",NA,NA,NA,NA,NA,NA,NA,NA,NA,NA,NA,NA,NA,2018,2.26
"1","3.0","P",9,3,"blue","N/A","N/A","2.38","32.0",3,"N/A","N/A","7.0",4.8,1,"no","vegetative structures coming from base","Niel & Mimi",2018-07-11,"YOSE8",NA,NA,NA,NA,NA,NA,NA,NA,NA,NA,NA,NA,NA,2018,2.38
"1","3.0","V",32,15,"green","N/A","N/A","1.02","3.5",2,"0.5","N/A","N/A",NA,NA,"no","vegetative from base","Niel & Mimi",2018-07-11,"YOSE8",NA,NA,NA,NA,NA,NA,NA,NA,NA,NA,NA,NA,NA,2018,1.02
"1","3.0","P",42,31,"blue","N/A","N/A","1.68","19.5",2,"N/A","N/A","7.0",3.8,2,"no",NA,"Niel & Mimi",2018-07-11,"YOSE8",NA,NA,NA,NA,NA,NA,NA,NA,NA,NA,NA,NA,NA,2018,1.68
"1","3.0","V",NA,NA,"N/A","N/A","N/A","<1","1.5",1,"0.5","N/A","N/A",NA,NA,"no",NA,"Niel & Mimi",2018-07-11,"YOSE8",NA,NA,NA,NA,NA,NA,NA,NA,NA,NA,NA,NA,NA,2018,0.5
"1","3.0","V",42.5,11,"green","N/A","N/A","0.97","2.0",1,"1.0","N/A","N/A",NA,NA,"no",NA,"Niel & Mimi",2018-07-11,"YOSE8",NA,NA,NA,NA,NA,NA,NA,NA,NA,NA,NA,NA,NA,2018,0.5
"1","3.5","P",7,22,"blue","N/A","N/A","1.2","15.0",1,"N/A","N/A","4.0",4,1,"no",NA,"Niel & Mimi",2018-07-11,"YOSE8",NA,NA,NA,NA,NA,NA,NA,NA,NA,NA,NA,NA,NA,2018,1.2
"1","3.5","V",13,17,"green","N/A","N/A","1.04","3.5",1,"1.5","N/A","N/A",NA,NA,"no",NA,"Niel & Mimi",2018-07-11,"YOSE8",NA,NA,NA,NA,NA,NA,NA,NA,NA,NA,NA,NA,NA,2018,1.04
"1","3.5","V",NA,NA,"N/A","N/A","N/A","<1","3.7",1,"1.0","N/A","N/A",NA,NA,"no",NA,"Niel & Mimi",2018-07-11,"YOSE8",NA,NA,NA,NA,NA,NA,NA,NA,NA,NA,NA,NA,NA,2018,0.5
"1","3.5","V",NA,NA,"N/A","N/A","N/A","<1","3.2",2,"0.6","N/A","N/A",NA,NA,"no","one dead branch","Niel & Mimi",2018-07-11,"YOSE8",NA,NA,NA,NA,NA,NA,NA,NA,NA,NA,NA,NA,NA,2018,0.5
"1","3.5","V",19,48,"green","N/A","N/A","1.15","3.5",1,"1.4","N/A","N/A",NA,NA,"no",NA,"Niel & Mimi",2018-07-11,"YOSE8",NA,NA,NA,NA,NA,NA,NA,NA,NA,NA,NA,NA,NA,2018,1.15
"1","4.0","P",11,47,"blue","N/A","N/A","1.4","29.0",1,"N/A","N/A","8.0",3.5,1,"no",NA,"Niel & Mimi",2018-07-11,"YOSE8",NA,NA,NA,NA,NA,NA,NA,NA,NA,NA,NA,NA,NA,2018,1.4
"1","4.0","F",17,39,"blue","N/A","N/A","1.48","33.0",1,"N/A","2.0","9.0",6.2,1,"no",NA,"Niel & Mimi",2018-07-11,"YOSE8",NA,NA,NA,NA,NA,NA,NA,NA,NA,NA,NA,NA,NA,2018,1.48
"1","4.0","P",24,43,"blue","N/A","N/A","2.09","37.0",3,"N/A","N/A","17.0",6,3,"no",NA,"Niel & Mimi",2018-07-11,"YOSE8",NA,NA,NA,NA,NA,NA,NA,NA,NA,NA,NA,NA,NA,2018,2.09
"1","4.0","P",35,32,"blue","N/A","N/A","0.89","14.2",1,"N/A","N/A","3.0",3.5,1,"no",NA,"Niel & Mimi",2018-07-11,"YOSE8",NA,NA,NA,NA,NA,NA,NA,NA,NA,NA,NA,NA,NA,2018,0.5
"1","4.0","F",42,12,"blue","N/A","N/A","1.83","28.6",2,"N/A","4.0","17.0",5.5,1,"no","vegetative structure at base","Niel & Mimi",2018-07-11,"YOSE8",NA,NA,NA,NA,NA,NA,NA,NA,NA,NA,NA,NA,NA,2018,1.83
"1","4.5","F",50,27,"bobby pin","N/A","N/A","3.06","44.0",7,"N/A","16.0","60.0",4.3,7,"no","difficult estimation of stem diameter","Niel & Mimi",2018-07-11,"YOSE8",NA,NA,NA,NA,NA,NA,NA,NA,NA,NA,NA,NA,NA,2018,3.06
"1","4.5","P",43,36,"blue","N/A","N/A","1.21","24.3",1,"N/A","N/A","5.0",5,1,"no",NA,"Niel & Mimi",2018-07-11,"YOSE8",NA,NA,NA,NA,NA,NA,NA,NA,NA,NA,NA,NA,NA,2018,1.21
"1","4.5","V",42.5,36,"green","N/A","N/A","1.14","3.8",1,"1.5","N/A","N/A",NA,NA,"no",NA,"Niel & Mimi",2018-07-11,"YOSE8",NA,NA,NA,NA,NA,NA,NA,NA,NA,NA,NA,NA,NA,2018,1.14
"1","4.5","P",35,46,"blue","N/A","N/A","1.98","28.2",7,"N/A","N/A","33.0",5.1,7,"no","bird band next to plant","Niel & Mimi",2018-07-11,"YOSE8",NA,NA,NA,NA,NA,NA,NA,NA,NA,NA,NA,NA,NA,2018,1.98
"1","4.5","V",NA,NA,"N/A","N/A","N/A","<1","2.8",1,"0.5","N/A","N/A",NA,NA,"no",NA,"Niel & Mimi",2018-07-11,"YOSE8",NA,NA,NA,NA,NA,NA,NA,NA,NA,NA,NA,NA,NA,2018,0.5
"2","1.0","V",5,8,"g",NA,NA,"1.64","3.9",1,"1.1",NA,NA,NA,NA,"no",NA,"Mimi & Eva",2018-07-12,"YOSE8",NA,NA,NA,NA,NA,NA,NA,NA,NA,NA,NA,NA,NA,2018,1.64
"2","1.0","F",43,12,"b",NA,NA,"1.76","28.8",2,NA,"6.0","2.0",2.2,1,"no","silique not fully elongated","Mimi & Eva",2018-07-12,"YOSE8",NA,NA,NA,NA,NA,NA,NA,NA,NA,NA,NA,NA,NA,2018,1.76
"2","1.5",NA,NA,NA,NA,NA,NA,NA,NA,NA,NA,NA,NA,NA,NA,NA,"NO PLANTS","Mimi & Eva",2018-07-12,"YOSE8",NA,NA,NA,NA,NA,NA,NA,NA,NA,NA,NA,NA,NA,2018,NA
"2","2.0",NA,NA,NA,NA,NA,NA,NA,NA,NA,NA,NA,NA,NA,NA,NA,"NO PLANTS","Mimi & Eva",2018-07-12,"YOSE8",NA,NA,NA,NA,NA,NA,NA,NA,NA,NA,NA,NA,NA,2018,NA
"2","2.5","F",42,39,"b",NA,NA,"2.13","31.1",1,NA,"1.0","8.0",6.1,1,"no",NA,"Mimi & Eva",2018-07-12,"YOSE8",NA,NA,NA,NA,NA,NA,NA,NA,NA,NA,NA,NA,NA,2018,2.13
"2","2.5","V",NA,NA,NA,NA,NA,"<1","2.1",1,"0.8",NA,NA,NA,NA,"no",NA,"Mimi & Eva",2018-07-12,"YOSE8",NA,NA,NA,NA,NA,NA,NA,NA,NA,NA,NA,NA,NA,2018,0.5
"2","2.5","V",48,12,"g",NA,NA,"1.17","2.1",1,"0.9",NA,NA,NA,NA,"no",NA,"Mimi & Eva",2018-07-12,"YOSE8",NA,NA,NA,NA,NA,NA,NA,NA,NA,NA,NA,NA,NA,2018,1.17
"2","2.5","V",NA,NA,NA,NA,NA,"<1","1.2",1,"0.5",NA,NA,NA,NA,"no",NA,"Mimi & Eva",2018-07-12,"YOSE8",NA,NA,NA,NA,NA,NA,NA,NA,NA,NA,NA,NA,NA,2018,0.5
"2","2.5","V",49,45,"g",NA,NA,"1.94","2.6",1,"1.1",NA,NA,NA,NA,"no",NA,"Mimi & Eva",2018-07-12,"YOSE8",NA,NA,NA,NA,NA,NA,NA,NA,NA,NA,NA,NA,NA,2018,1.94
"2","3.0","F",13,7,"b",NA,NA,"2.83","32.4",4,NA,"3.0","28.0",5.2,3,"no","1 branch broken","Mimi & Eva",2018-07-12,"YOSE8",NA,NA,NA,NA,NA,NA,NA,NA,NA,NA,NA,NA,NA,2018,2.83
"2","3.0","V",37,28,"g",NA,NA,"1.5","1.4",1,"1.1",NA,NA,NA,NA,"no",NA,"Mimi & Eva",2018-07-12,"YOSE8",NA,NA,NA,NA,NA,NA,NA,NA,NA,NA,NA,NA,NA,2018,1.5
"2","3.0","V",NA,NA,NA,NA,NA,"<1","1.2",1,"0.4",NA,NA,NA,NA,"no",NA,"Mimi & Eva",2018-07-12,"YOSE8",NA,NA,NA,NA,NA,NA,NA,NA,NA,NA,NA,NA,NA,2018,0.5
"2","3.0","F",42,0,"b",NA,NA,"2.36","37.5",2,NA,"3.0","29.0",5.1,2,"no",NA,"Mimi & Eva",2018-07-12,"YOSE8",NA,NA,NA,NA,NA,NA,NA,NA,NA,NA,NA,NA,NA,2018,2.36
"2","3.0","P",41,18,"b",NA,NA,"2.17","29.7",5,NA,"0.0","17.0",7.5,3,"no","band next to plant","Mimi & Eva",2018-07-12,"YOSE8",NA,NA,NA,NA,NA,NA,NA,NA,NA,NA,NA,NA,NA,2018,2.17
"2","3.5","V",35,13,"g",NA,NA,"1.4","3.7",1,"1.3",NA,NA,NA,NA,"no",NA,"Mimi & Eva",2018-07-12,"YOSE8",NA,NA,NA,NA,NA,NA,NA,NA,NA,NA,NA,NA,NA,2018,1.4
"2","3.5","F",41,30,"b",NA,NA,"2.35","29.5",4,NA,"3.0","36.0",5.6,4,"no",NA,"Mimi & Eva",2018-07-12,"YOSE8",NA,NA,NA,NA,NA,NA,NA,NA,NA,NA,NA,NA,NA,2018,2.35
"2","3.5","F",45,33,"b",NA,NA,"1.71","23.3",2,NA,"2.0","9.0",7.3,2,"no",NA,"Mimi & Eva",2018-07-12,"YOSE8",NA,NA,NA,NA,NA,NA,NA,NA,NA,NA,NA,NA,NA,2018,1.71
"2","3.5","V",NA,NA,NA,NA,NA,"<1","1.0",1,"0.3",NA,NA,NA,NA,"no",NA,"Mimi & Eva",2018-07-12,"YOSE8",NA,NA,NA,NA,NA,NA,NA,NA,NA,NA,NA,NA,NA,2018,0.5
"2","6.0","V",49,21,"g",NA,NA,"1.9","5.3",5,"1.5",NA,NA,NA,NA,"no",NA,"Mimi & Eva",2018-07-12,"YOSE8",NA,NA,NA,NA,NA,NA,NA,NA,NA,NA,NA,NA,NA,2018,1.9
"2","6.5","V",10,22,"g",NA,NA,"1.49","2.1",4,"0.9",NA,NA,NA,NA,"yes",NA,"Mimi & Eva",2018-07-12,"YOSE8",NA,NA,NA,NA,NA,NA,NA,NA,NA,NA,NA,NA,NA,2018,1.49
"2","6.5","V",15,38,"g",NA,NA,"1.31","3.2",3,"1.4",NA,NA,NA,NA,"no",NA,"Mimi & Eva",2018-07-12,"YOSE8",NA,NA,NA,NA,NA,NA,NA,NA,NA,NA,NA,NA,NA,2018,1.31
"2","6.5","V",NA,NA,NA,NA,NA,"<1","2.3",2,"0.5",NA,NA,NA,NA,"yes",NA,"Mimi & Eva",2018-07-12,"YOSE8",NA,NA,NA,NA,NA,NA,NA,NA,NA,NA,NA,NA,NA,2018,0.5
"2","6.5","V",25,48,"g",NA,NA,"2.2","4.4",1,"1.7",NA,NA,NA,NA,"no",NA,"Mimi & Eva",2018-07-12,"YOSE8",NA,NA,NA,NA,NA,NA,NA,NA,NA,NA,NA,NA,NA,2018,2.2
"2","6.5","V",27,48,"g",NA,NA,"1.41","5.9",2,"1.9",NA,NA,NA,NA,"no",NA,"Mimi & Eva",2018-07-12,"YOSE8",NA,NA,NA,NA,NA,NA,NA,NA,NA,NA,NA,NA,NA,2018,1.41
"2","6.5","V",29,50,"g",NA,NA,"1.53","5.6",1,"1.2",NA,NA,NA,NA,"no",NA,"Mimi & Eva",2018-07-12,"YOSE8",NA,NA,NA,NA,NA,NA,NA,NA,NA,NA,NA,NA,NA,2018,1.53
"2","6.5","V",40,34,"g",NA,NA,"1.35","5.8",1,"1.9",NA,NA,NA,NA,"no",NA,"Mimi & Eva",2018-07-12,"YOSE8",NA,NA,NA,NA,NA,NA,NA,NA,NA,NA,NA,NA,NA,2018,1.35
"2","6.5","V",NA,NA,NA,NA,NA,"<1","5.1",1,"1.1",NA,NA,NA,NA,"no",NA,"Mimi & Eva",2018-07-12,"YOSE8",NA,NA,NA,NA,NA,NA,NA,NA,NA,NA,NA,NA,NA,2018,0.5
"2","6.5","V",35,6,"9.0",NA,NA,"1.23","4.4",1,"1.4",NA,NA,NA,NA,"no",NA,"Mimi & Eva",2018-07-12,"YOSE8",NA,NA,NA,NA,NA,NA,NA,NA,NA,NA,NA,NA,NA,2018,1.23
"2","6.5","V",NA,NA,NA,NA,NA,"<1","3.0",1,"0.6",NA,NA,NA,NA,"no",NA,"Mimi & Eva",2018-07-12,"YOSE8",NA,NA,NA,NA,NA,NA,NA,NA,NA,NA,NA,NA,NA,2018,0.5
"2","6.5","P",12,12,"b",NA,NA,"2.24","35.1",4,NA,"0.0","12.0",6.6,3,"no","band next to plant","Mimi & Eva",2018-07-12,"YOSE8",NA,NA,NA,NA,NA,NA,NA,NA,NA,NA,NA,NA,NA,2018,2.24
"2","6.5","V",42,15,"g",NA,NA,"1.2","5.3",1,"1.1",NA,NA,NA,NA,"no",NA,"Mimi & Eva",2018-07-12,"YOSE8",NA,NA,NA,NA,NA,NA,NA,NA,NA,NA,NA,NA,NA,2018,1.2
"2","0.0-0.5","F",24,22,"B",NA,NA,"3.13","34.0",7,NA,"3.0","12.0",6.4,4,"no","3 veg branches, one repro branch broken/bent","Jenny & Niel",2018-07-12,"YOSE8",NA,NA,NA,NA,NA,NA,NA,NA,NA,NA,NA,NA,NA,2018,3.13
"2","0.5-1.0",NA,NA,NA,NA,NA,NA,NA,NA,NA,NA,NA,NA,NA,NA,NA,"NO PLANTS","Jenny & Niel",2018-07-12,"YOSE8",NA,NA,NA,NA,NA,NA,NA,NA,NA,NA,NA,NA,NA,2018,NA
"2","4.0-4.5","V",10,30,"g",NA,NA,"1.02","1.2",1,"0.7",NA,NA,NA,NA,"no",NA,"Jenny & Niel",2018-07-12,"YOSE8",NA,NA,NA,NA,NA,NA,NA,NA,NA,NA,NA,NA,NA,2018,1.02
"2","4.5-5.0","F",3,48,"b",NA,NA,"2.07","20.0",4,NA,"13.0","7.0",4.5,1,"yes",NA,"Jenny & Niel",2018-07-12,"YOSE8",NA,NA,NA,NA,NA,NA,NA,NA,NA,NA,NA,NA,NA,2018,2.07
"2","4.5","V",14,31,"g",NA,NA,"1.72","3.5",1,"1.2",NA,NA,NA,NA,"no",NA,"Jenny & Niel",2018-07-12,"YOSE8",NA,NA,NA,NA,NA,NA,NA,NA,NA,NA,NA,NA,NA,2018,1.72
"2","4.5","V",26,30,"g",NA,NA,"2.0","3.2",1,"1.4",NA,NA,NA,NA,"yes",NA,"Jenny & Niel",2018-07-12,"YOSE8",NA,NA,NA,NA,NA,NA,NA,NA,NA,NA,NA,NA,NA,2018,2
"2","4.5","V",38,29,"g",NA,NA,"1.02","4.5",1,"2.0",NA,NA,NA,NA,"no",NA,"Jenny & Niel",2018-07-12,"YOSE8",NA,NA,NA,NA,NA,NA,NA,NA,NA,NA,NA,NA,NA,2018,1.02
"2","5.0-5.5","V",11,39,"g",NA,NA,"1.84","3.5",1,"1.8",NA,NA,NA,NA,"no",NA,"Jenny & Niel",2018-07-12,"YOSE8",NA,NA,NA,NA,NA,NA,NA,NA,NA,NA,NA,NA,NA,2018,1.84
"2","5.0-5.5","P",20,7,"b",NA,NA,"2.08","28.0",3,NA,"0.0","36.0",4.7,3,"no","1 repro branch bent/broken, band is next to plant","Jenny & Niel",2018-07-12,"YOSE8",NA,NA,NA,NA,NA,NA,NA,NA,NA,NA,NA,NA,NA,2018,2.08
"2","5.0-5.5","F",37,16,"b",NA,NA,"2.14","34.5",3,NA,"4.0","19.0",5.6,3,"no","hard to measure diameter, band next to plant","Jenny & Niel",2018-07-12,"YOSE8",NA,NA,NA,NA,NA,NA,NA,NA,NA,NA,NA,NA,NA,2018,2.14
"2","5.0-5.5","F",38,28,"b",NA,NA,"2.9","45.0",1,NA,"7.0","8.0",6.7,1,"no",NA,"Jenny & Niel",2018-07-12,"YOSE8",NA,NA,NA,NA,NA,NA,NA,NA,NA,NA,NA,NA,NA,2018,2.9
"2","5.5-6.0","P",2,20,"b",NA,NA,"1.9","29.4",2,NA,"0.0","11.0",5,2,"no","smaller branch is bent","Jenny & Niel",2018-07-12,"YOSE8",NA,NA,NA,NA,NA,NA,NA,NA,NA,NA,NA,NA,NA,2018,1.9
"2","5.5","P",15,25,"b",NA,NA,"2.02","33.6",1,NA,"0.0","17.0",4.2,1,"no",NA,"Jenny & Niel",2018-07-12,"YOSE8",NA,NA,NA,NA,NA,NA,NA,NA,NA,NA,NA,NA,NA,2018,2.02
"2","5.5","V",28,17,"g",NA,NA,"1.33","2.4",1,"1.8",NA,NA,NA,NA,"yes",NA,"Jenny & Niel",2018-07-12,"YOSE8",NA,NA,NA,NA,NA,NA,NA,NA,NA,NA,NA,NA,NA,2018,1.33
"2","5.5","F",30,20,"b",NA,NA,"2.79","38.0",1,NA,"1.0","6.0",7.7,1,"no",NA,"Jenny & Niel",2018-07-12,"YOSE8",NA,NA,NA,NA,NA,NA,NA,NA,NA,NA,NA,NA,NA,2018,2.79
"2","5.5","F",47,41,"b",NA,NA,"2.0","34.1",3,NA,"2.0","12.0",6.7,2,"no",NA,"Jenny & Niel",2018-07-12,"YOSE8",NA,NA,NA,NA,NA,NA,NA,NA,NA,NA,NA,NA,NA,2018,2
"2","5.5","F",39,29,"b",NA,NA,"3.06","33.6",2,NA,"4.0","18.0",6.1,2,"no",NA,"Jenny & Niel",2018-07-12,"YOSE8",NA,NA,NA,NA,NA,NA,NA,NA,NA,NA,NA,NA,NA,2018,3.06
"1","0","X",35,22,"grn",NA,NA,NA,NA,NA,NA,NA,NA,NA,NA,NA,NA,"Maya & Eva",2019-07-30,"YOSE8",NA,NA,NA,NA,NA,NA,NA,NA,NA,NA,NA,NA,NA,2019,NA
"1","0","X",44,16,"blu",NA,NA,NA,NA,NA,NA,NA,NA,NA,NA,NA,NA,"Maya & Eva",2019-07-30,"YOSE8",NA,NA,NA,NA,NA,NA,NA,NA,NA,NA,NA,NA,NA,2019,NA
"1","0.5","X",35,10,"blu",NA,NA,NA,NA,NA,NA,NA,NA,NA,NA,NA,NA,"Maya & Eva",2019-07-30,"YOSE8",NA,NA,NA,NA,NA,NA,NA,NA,NA,NA,NA,NA,NA,2019,NA
"1","0.5","X",45,4,"grn",NA,NA,NA,NA,NA,NA,NA,NA,NA,NA,NA,NA,"Maya & Eva",2019-07-30,"YOSE8",NA,NA,NA,NA,NA,NA,NA,NA,NA,NA,NA,NA,NA,2019,NA
"1","0.5","X",41,28,"grn",NA,NA,NA,NA,NA,NA,NA,NA,NA,NA,NA,NA,"Maya & Eva",2019-07-30,"YOSE8",NA,NA,NA,NA,NA,NA,NA,NA,NA,NA,NA,NA,NA,2019,NA
"1","0.5","X",20,24,"grn",NA,NA,NA,NA,NA,NA,NA,NA,NA,NA,NA,NA,"Maya & Eva",2019-07-30,"YOSE8",NA,NA,NA,NA,NA,NA,NA,NA,NA,NA,NA,NA,NA,2019,NA
"1","0.5","X",23,30,"blu",NA,NA,NA,NA,NA,NA,NA,NA,NA,NA,NA,NA,"Maya & Eva",2019-07-30,"YOSE8",NA,NA,NA,NA,NA,NA,NA,NA,NA,NA,NA,NA,NA,2019,NA
"1","0.5","X",20,33,"grn",NA,NA,NA,NA,NA,NA,NA,NA,NA,NA,NA,NA,"Maya & Eva",2019-07-30,"YOSE8",NA,NA,NA,NA,NA,NA,NA,NA,NA,NA,NA,NA,NA,2019,NA
"1","0.5","X",15,46,"grn",NA,NA,NA,NA,NA,NA,NA,NA,NA,NA,NA,NA,"Maya & Eva",2019-07-30,"YOSE8",NA,NA,NA,NA,NA,NA,NA,NA,NA,NA,NA,NA,NA,2019,NA
"1","0.5","X",16,49,"grn",NA,NA,NA,NA,NA,NA,NA,NA,NA,NA,NA,NA,"Maya & Eva",2019-07-30,"YOSE8",NA,NA,NA,NA,NA,NA,NA,NA,NA,NA,NA,NA,NA,2019,NA
"1","0.5","X",40,52,"grn",NA,NA,NA,NA,NA,NA,NA,NA,NA,NA,NA,NA,"Maya & Eva",2019-07-30,"YOSE8",NA,NA,NA,NA,NA,NA,NA,NA,NA,NA,NA,NA,NA,2019,NA
"1","1","X",11,19,"grn",NA,NA,NA,NA,NA,NA,NA,NA,NA,NA,NA,NA,"Maya & Eva",2019-07-30,"YOSE8",NA,NA,NA,NA,NA,NA,NA,NA,NA,NA,NA,NA,NA,2019,NA
"1","1","X",27,18,"grn",NA,NA,NA,NA,NA,NA,NA,NA,NA,NA,NA,NA,"Maya & Eva",2019-07-30,"YOSE8",NA,NA,NA,NA,NA,NA,NA,NA,NA,NA,NA,NA,NA,2019,NA
"1","1","X",34,7,"grn",NA,NA,NA,NA,NA,NA,NA,NA,NA,NA,NA,NA,"Maya & Eva",2019-07-30,"YOSE8",NA,NA,NA,NA,NA,NA,NA,NA,NA,NA,NA,NA,NA,2019,NA
"1","1","X",48,15,"grn",NA,NA,NA,NA,NA,NA,NA,NA,NA,NA,NA,NA,"Maya & Eva",2019-07-30,"YOSE8",NA,NA,NA,NA,NA,NA,NA,NA,NA,NA,NA,NA,NA,2019,NA
"1","1","X",5,51,"grn",NA,NA,NA,NA,NA,NA,NA,NA,NA,NA,NA,NA,"Maya & Eva",2019-07-30,"YOSE8",NA,NA,NA,NA,NA,NA,NA,NA,NA,NA,NA,NA,NA,2019,NA
"1","1","X",25,50,"blu",NA,NA,NA,NA,NA,NA,NA,NA,NA,NA,NA,NA,"Maya & Eva",2019-07-30,"YOSE8",NA,NA,NA,NA,NA,NA,NA,NA,NA,NA,NA,NA,NA,2019,NA
"1","1","X",26,49,"blu",NA,NA,NA,NA,NA,NA,NA,NA,NA,NA,NA,NA,"Maya & Eva",2019-07-30,"YOSE8",NA,NA,NA,NA,NA,NA,NA,NA,NA,NA,NA,NA,NA,2019,NA
"1","1","X",25,40,"grn",NA,NA,NA,NA,NA,NA,NA,NA,NA,NA,NA,NA,"Maya & Eva",2019-07-30,"YOSE8",NA,NA,NA,NA,NA,NA,NA,NA,NA,NA,NA,NA,NA,2019,NA
"1","1.5","X",5,14,"grn",NA,NA,NA,NA,NA,NA,NA,NA,NA,NA,NA,NA,"Maya & Eva",2019-07-30,"YOSE8",NA,NA,NA,NA,NA,NA,NA,NA,NA,NA,NA,NA,NA,2019,NA
"1","1.5","X",7,11,"grn",NA,NA,NA,NA,NA,NA,NA,NA,NA,NA,NA,NA,"Maya & Eva",2019-07-30,"YOSE8",NA,NA,NA,NA,NA,NA,NA,NA,NA,NA,NA,NA,NA,2019,NA
"1","1.5","X",0,20,"grn",NA,NA,NA,NA,NA,NA,NA,NA,NA,NA,NA,NA,"Maya & Eva",2019-07-30,"YOSE8",NA,NA,NA,NA,NA,NA,NA,NA,NA,NA,NA,NA,NA,2019,NA
"1","1.5","X",3,24,"grn",NA,NA,NA,NA,NA,NA,NA,NA,NA,NA,NA,NA,"Maya & Eva",2019-07-30,"YOSE8",NA,NA,NA,NA,NA,NA,NA,NA,NA,NA,NA,NA,NA,2019,NA
"1","1.5","X",21,27,"blu",NA,NA,NA,NA,NA,NA,NA,NA,NA,NA,NA,NA,"Maya & Eva",2019-07-30,"YOSE8",NA,NA,NA,NA,NA,NA,NA,NA,NA,NA,NA,NA,NA,2019,NA
"1","1.5","X",34,50,"blu",NA,NA,NA,NA,NA,NA,NA,NA,NA,NA,NA,"band not found","Maya & Eva",2019-07-30,"YOSE8",NA,NA,NA,NA,NA,NA,NA,NA,NA,NA,NA,NA,NA,2019,NA
"1","2","X",2,15,"grn",NA,NA,NA,NA,NA,NA,NA,NA,NA,NA,NA,NA,"Maya & Eva",2019-07-30,"YOSE8",NA,NA,NA,NA,NA,NA,NA,NA,NA,NA,NA,NA,NA,2019,NA
"1","2","X",37,50,"grn",NA,NA,NA,NA,NA,NA,NA,NA,NA,NA,NA,NA,"Maya & Eva",2019-07-30,"YOSE8",NA,NA,NA,NA,NA,NA,NA,NA,NA,NA,NA,NA,NA,2019,NA
"1","2","X",37.5,50,"blu",NA,NA,NA,NA,NA,NA,NA,NA,NA,NA,NA,NA,"Maya & Eva",2019-07-30,"YOSE8",NA,NA,NA,NA,NA,NA,NA,NA,NA,NA,NA,NA,NA,2019,NA
"1","2","X",44,45,"grn",NA,NA,NA,NA,NA,NA,NA,NA,NA,NA,NA,NA,"Maya & Eva",2019-07-30,"YOSE8",NA,NA,NA,NA,NA,NA,NA,NA,NA,NA,NA,NA,NA,2019,NA
"1","2.5","X",9,7,"grn",NA,NA,NA,NA,NA,NA,NA,NA,NA,NA,NA,NA,"Maya & Eva",2019-07-30,"YOSE8",NA,NA,NA,NA,NA,NA,NA,NA,NA,NA,NA,NA,NA,2019,NA
"1","2.5","X",7,30,"grn",NA,NA,NA,NA,NA,NA,NA,NA,NA,NA,NA,NA,"Laura & Maca",2019-07-30,"YOSE8",NA,NA,NA,NA,NA,NA,NA,NA,NA,NA,NA,NA,NA,2019,NA
"1","2.5","X",15,30,"blu",NA,NA,NA,NA,NA,NA,NA,NA,NA,NA,NA,NA,"Laura & Maca",2019-07-30,"YOSE8",NA,NA,NA,NA,NA,NA,NA,NA,NA,NA,NA,NA,NA,2019,NA
"1","2.5","X",22,40,"blu",NA,NA,NA,NA,NA,NA,NA,NA,NA,NA,NA,NA,"Laura & Maca",2019-07-30,"YOSE8",NA,NA,NA,NA,NA,NA,NA,NA,NA,NA,NA,NA,NA,2019,NA
"1","2.5","X",50,11,"grn",NA,NA,NA,NA,NA,NA,NA,NA,NA,NA,NA,NA,"Laura & Maca",2019-07-30,"YOSE8",NA,NA,NA,NA,NA,NA,NA,NA,NA,NA,NA,NA,NA,2019,NA
"1","2.5","X",45,5,"blu",NA,NA,NA,NA,NA,NA,NA,NA,NA,NA,NA,NA,"Laura & Maca",2019-07-30,"YOSE8",NA,NA,NA,NA,NA,NA,NA,NA,NA,NA,NA,NA,NA,2019,NA
"1","3","X",6,19,"grn",NA,NA,NA,NA,NA,NA,NA,NA,NA,NA,NA,NA,"Laura & Maca",2019-07-30,"YOSE8",NA,NA,NA,NA,NA,NA,NA,NA,NA,NA,NA,NA,NA,2019,NA
"1","3","X",6,8,"grn",NA,NA,NA,NA,NA,NA,NA,NA,NA,NA,NA,NA,"Laura & Maca",2019-07-30,"YOSE8",NA,NA,NA,NA,NA,NA,NA,NA,NA,NA,NA,NA,NA,2019,NA
"1","3","X",10,13,"blu",NA,NA,NA,NA,NA,NA,NA,NA,NA,NA,NA,NA,"Laura & Maca",2019-07-30,"YOSE8",NA,NA,NA,NA,NA,NA,NA,NA,NA,NA,NA,NA,NA,2019,NA
"1","3","X",9,3,"blu",NA,NA,NA,NA,NA,NA,NA,NA,NA,NA,NA,NA,"Laura & Maca",2019-07-30,"YOSE8",NA,NA,NA,NA,NA,NA,NA,NA,NA,NA,NA,NA,NA,2019,NA
"1","3","X",32,15,"grn",NA,NA,NA,NA,NA,NA,NA,NA,NA,NA,NA,NA,"Laura & Maca",2019-07-30,"YOSE8",NA,NA,NA,NA,NA,NA,NA,NA,NA,NA,NA,NA,NA,2019,NA
"1","3","X",42,31,"blu",NA,NA,NA,NA,NA,NA,NA,NA,NA,NA,NA,NA,"Laura & Maca",2019-07-30,"YOSE8",NA,NA,NA,NA,NA,NA,NA,NA,NA,NA,NA,NA,NA,2019,NA
"1","3","X",42.5,11,"grn",NA,NA,NA,NA,NA,NA,NA,NA,NA,NA,NA,NA,"Laura & Maca",2019-07-30,"YOSE8",NA,NA,NA,NA,NA,NA,NA,NA,NA,NA,NA,NA,NA,2019,NA
"1","3.5","X",7,22,"blu",NA,NA,NA,NA,NA,NA,NA,NA,NA,NA,NA,NA,"Laura & Maca",2019-07-30,"YOSE8",NA,NA,NA,NA,NA,NA,NA,NA,NA,NA,NA,NA,NA,2019,NA
"1","3.5","X",13,17,"grn",NA,NA,NA,NA,NA,NA,NA,NA,NA,NA,NA,NA,"Laura & Maca",2019-07-30,"YOSE8",NA,NA,NA,NA,NA,NA,NA,NA,NA,NA,NA,NA,NA,2019,NA
"1","3.5","X",19,48,"grn",NA,NA,NA,NA,NA,NA,NA,NA,NA,NA,NA,NA,"Laura & Maca",2019-07-30,"YOSE8",NA,NA,NA,NA,NA,NA,NA,NA,NA,NA,NA,NA,NA,2019,NA
"1","4","X",11,47,"blu",NA,NA,NA,NA,NA,NA,NA,NA,NA,NA,NA,NA,"Laura & Maca",2019-07-30,"YOSE8",NA,NA,NA,NA,NA,NA,NA,NA,NA,NA,NA,NA,NA,2019,NA
"1","4","X",17,39,"blu",NA,NA,NA,NA,NA,NA,NA,NA,NA,NA,NA,NA,"Laura & Maca",2019-07-30,"YOSE8",NA,NA,NA,NA,NA,NA,NA,NA,NA,NA,NA,NA,NA,2019,NA
"1","4","X",24,43,"blu",NA,NA,NA,NA,NA,NA,NA,NA,NA,NA,NA,NA,"Laura & Maca",2019-07-30,"YOSE8",NA,NA,NA,NA,NA,NA,NA,NA,NA,NA,NA,NA,NA,2019,NA
"1","4","X",35,32,"blu",NA,NA,NA,NA,NA,NA,NA,NA,NA,NA,NA,NA,"Laura & Maca",2019-07-30,"YOSE8",NA,NA,NA,NA,NA,NA,NA,NA,NA,NA,NA,NA,NA,2019,NA
"1","4","X",42,12,"blu",NA,NA,NA,NA,NA,NA,NA,NA,NA,NA,NA,NA,"Laura & Maca",2019-07-30,"YOSE8",NA,NA,NA,NA,NA,NA,NA,NA,NA,NA,NA,NA,NA,2019,NA
"1","4.5","X",50,27,"blu",NA,NA,NA,NA,NA,NA,NA,NA,NA,NA,NA,NA,"Laura & Maca",2019-07-30,"YOSE8",NA,NA,NA,NA,NA,NA,NA,NA,NA,NA,NA,NA,NA,2019,NA
"1","4.5","X",43,36,"blu",NA,NA,NA,NA,NA,NA,NA,NA,NA,NA,NA,NA,"Laura & Maca",2019-07-30,"YOSE8",NA,NA,NA,NA,NA,NA,NA,NA,NA,NA,NA,NA,NA,2019,NA
"1","4.5","X",42.5,36,"grn",NA,NA,NA,NA,NA,NA,NA,NA,NA,NA,NA,NA,"Laura & Maca",2019-07-30,"YOSE8",NA,NA,NA,NA,NA,NA,NA,NA,NA,NA,NA,NA,NA,2019,NA
"1","4.5","X",35,46,"blu",NA,NA,NA,NA,NA,NA,NA,NA,NA,NA,NA,NA,"Laura & Maca",2019-07-30,"YOSE8",NA,NA,NA,NA,NA,NA,NA,NA,NA,NA,NA,NA,NA,2019,NA
"1","4.5","X",8,0,"blu",NA,NA,NA,NA,NA,NA,NA,NA,NA,NA,NA,NA,"Laura & Maca",2019-07-30,"YOSE8",NA,NA,NA,NA,NA,NA,NA,NA,NA,NA,NA,NA,NA,2019,NA
"1","4.5","X",9,8,"blu",NA,NA,NA,NA,NA,NA,NA,NA,NA,NA,NA,NA,"Laura & Maca",2019-07-30,"YOSE8",NA,NA,NA,NA,NA,NA,NA,NA,NA,NA,NA,NA,NA,2019,NA
"1","4.5","X",20,4,"blu",NA,NA,NA,NA,NA,NA,NA,NA,NA,NA,NA,NA,"Laura & Maca",2019-07-30,"YOSE8",NA,NA,NA,NA,NA,NA,NA,NA,NA,NA,NA,NA,NA,2019,NA
"1","4.5","X",15,12,"blu",NA,NA,NA,NA,NA,NA,NA,NA,NA,NA,NA,NA,"Laura & Maca",2019-07-30,"YOSE8",NA,NA,NA,NA,NA,NA,NA,NA,NA,NA,NA,NA,NA,2019,NA
"1","4.5","X",12,22,"blu",NA,NA,NA,NA,NA,NA,NA,NA,NA,NA,NA,NA,"Laura & Maca",2019-07-30,"YOSE8",NA,NA,NA,NA,NA,NA,NA,NA,NA,NA,NA,NA,NA,2019,NA
"1","4.5","X",14,27,"blu",NA,NA,NA,NA,NA,NA,NA,NA,NA,NA,NA,NA,"Laura & Maca",2019-07-30,"YOSE8",NA,NA,NA,NA,NA,NA,NA,NA,NA,NA,NA,NA,NA,2019,NA
"1","4.5",NA,15,31,"blu",NA,NA,NA,NA,NA,NA,NA,NA,NA,NA,NA,"can't find","Laura & Maca",2019-07-30,"YOSE8",NA,NA,NA,NA,NA,NA,NA,NA,NA,NA,NA,NA,NA,2019,NA
"1","4.5","X",20,40,"blu",NA,NA,NA,NA,NA,NA,NA,NA,NA,NA,NA,NA,"Laura & Maca",2019-07-30,"YOSE8",NA,NA,NA,NA,NA,NA,NA,NA,NA,NA,NA,NA,NA,2019,NA
"1","4.5","X",20,39,"blu",NA,NA,NA,NA,NA,NA,NA,NA,NA,NA,NA,NA,"Laura & Maca",2019-07-30,"YOSE8",NA,NA,NA,NA,NA,NA,NA,NA,NA,NA,NA,NA,NA,2019,NA
"2","0","X",24,22,"blu",NA,NA,NA,NA,NA,NA,NA,NA,NA,NA,NA,NA,"Maya & Eva",2019-07-30,"YOSE8",NA,NA,NA,NA,NA,NA,NA,NA,NA,NA,NA,NA,NA,2019,NA
"2","1","X",5,8,"grn",NA,NA,NA,NA,NA,NA,NA,NA,NA,NA,NA,NA,"Maya & Eva",2019-07-30,"YOSE8",NA,NA,NA,NA,NA,NA,NA,NA,NA,NA,NA,NA,NA,2019,NA
"2","1","X",43,12,"blu",NA,NA,NA,NA,NA,NA,NA,NA,NA,NA,NA,NA,"Maya & Eva",2019-07-30,"YOSE8",NA,NA,NA,NA,NA,NA,NA,NA,NA,NA,NA,NA,NA,2019,NA
"2","2.5","X",42,39,"blu",NA,NA,NA,NA,NA,NA,NA,NA,NA,NA,NA,NA,"Maya & Eva",2019-07-30,"YOSE8",NA,NA,NA,NA,NA,NA,NA,NA,NA,NA,NA,NA,NA,2019,NA
"2","2.5","X",48,12,"grn",NA,NA,NA,NA,NA,NA,NA,NA,NA,NA,NA,NA,"Maya & Eva",2019-07-30,"YOSE8",NA,NA,NA,NA,NA,NA,NA,NA,NA,NA,NA,NA,NA,2019,NA
"2","2.5","X",49,45,"grn",NA,NA,NA,NA,NA,NA,NA,NA,NA,NA,NA,NA,"Maya & Eva",2019-07-30,"YOSE8",NA,NA,NA,NA,NA,NA,NA,NA,NA,NA,NA,NA,NA,2019,NA
"2","3","X",13,7,"blu",NA,NA,NA,NA,NA,NA,NA,NA,NA,NA,NA,NA,"Maya & Eva",2019-07-30,"YOSE8",NA,NA,NA,NA,NA,NA,NA,NA,NA,NA,NA,NA,NA,2019,NA
"2","3","F",37,28,"grn",NA,NA,"2.13","21.1",3,NA,"3.0",NA,NA,NA,"Y",NA,"Maya & Eva",2019-07-30,"YOSE8",NA,NA,NA,NA,NA,NA,NA,NA,NA,NA,NA,NA,NA,2019,2.13
"2","3","X",42,0,"blu",NA,NA,NA,NA,NA,NA,NA,NA,NA,NA,NA,NA,"Maya & Eva",2019-07-30,"YOSE8",NA,NA,NA,NA,NA,NA,NA,NA,NA,NA,NA,NA,NA,2019,NA
"2","3","X",41,18,"blu",NA,NA,NA,NA,NA,NA,NA,NA,NA,NA,NA,NA,"Maya & Eva",2019-07-30,"YOSE8",NA,NA,NA,NA,NA,NA,NA,NA,NA,NA,NA,NA,NA,2019,NA
"2","3.5","X",35,13,"grn",NA,NA,NA,NA,NA,NA,NA,NA,NA,NA,NA,NA,"Maya & Eva",2019-07-30,"YOSE8",NA,NA,NA,NA,NA,NA,NA,NA,NA,NA,NA,NA,NA,2019,NA
"2","3.5","X",41,30,"blu",NA,NA,NA,NA,NA,NA,NA,NA,NA,NA,NA,NA,"Maya & Eva",2019-07-30,"YOSE8",NA,NA,NA,NA,NA,NA,NA,NA,NA,NA,NA,NA,NA,2019,NA
"2","3.5","X",45,33,"blu",NA,NA,NA,NA,NA,NA,NA,NA,NA,NA,NA,NA,"Maya & Eva",2019-07-30,"YOSE8",NA,NA,NA,NA,NA,NA,NA,NA,NA,NA,NA,NA,NA,2019,NA
"2","4","X",10,30,"grn",NA,NA,NA,NA,NA,NA,NA,NA,NA,NA,NA,NA,"Maya & Eva",2019-07-30,"YOSE8",NA,NA,NA,NA,NA,NA,NA,NA,NA,NA,NA,NA,NA,2019,NA
"2","4","X",3,48,"blu",NA,NA,NA,NA,NA,NA,NA,NA,NA,NA,NA,NA,"Maya & Eva",2019-07-30,"YOSE8",NA,NA,NA,NA,NA,NA,NA,NA,NA,NA,NA,NA,NA,2019,NA
"2","4.5","P",14,31,"grn",NA,NA,"1.29","19.0",4,NA,"15.0","1.0",3.2,4,"N",NA,"Laura & Maca",2019-07-30,"YOSE8",NA,NA,NA,NA,NA,NA,NA,NA,NA,NA,NA,NA,NA,2019,1.29
"2","4.5","X",26,30,"grn",NA,NA,NA,NA,NA,NA,NA,NA,NA,NA,NA,NA,"Laura & Maca",2019-07-30,"YOSE8",NA,NA,NA,NA,NA,NA,NA,NA,NA,NA,NA,NA,NA,2019,NA
"2","4.5","V",38,29,"grn",NA,NA,"0.89","4.0",5,"1.0",NA,NA,NA,NA,"N",NA,"Laura & Maca",2019-07-30,"YOSE8",NA,NA,NA,NA,NA,NA,NA,NA,NA,NA,NA,NA,NA,2019,0.5
"2","5","X",11,39,"grn",NA,NA,NA,NA,NA,NA,NA,NA,NA,NA,NA,NA,"Laura & Maca",2019-07-30,"YOSE8",NA,NA,NA,NA,NA,NA,NA,NA,NA,NA,NA,NA,NA,2019,NA
"2","5","X",20,7,"blu",NA,NA,NA,NA,NA,NA,NA,NA,NA,NA,NA,NA,"Laura & Maca",2019-07-30,"YOSE8",NA,NA,NA,NA,NA,NA,NA,NA,NA,NA,NA,NA,NA,2019,NA
"2","5","X",37,16,"blu",NA,NA,NA,NA,NA,NA,NA,NA,NA,NA,NA,NA,"Laura & Maca",2019-07-30,"YOSE8",NA,NA,NA,NA,NA,NA,NA,NA,NA,NA,NA,NA,NA,2019,NA
"2","5","X",38,28,"blu",NA,NA,NA,NA,NA,NA,NA,NA,NA,NA,NA,NA,"Laura & Maca",2019-07-30,"YOSE8",NA,NA,NA,NA,NA,NA,NA,NA,NA,NA,NA,NA,NA,2019,NA
"2","5.5","X",2,20,"blu",NA,NA,NA,NA,NA,NA,NA,NA,NA,NA,NA,NA,"Laura & Maca",2019-07-30,"YOSE8",NA,NA,NA,NA,NA,NA,NA,NA,NA,NA,NA,NA,NA,2019,NA
"2","5.5","X",15,25,"blu",NA,NA,NA,NA,NA,NA,NA,NA,NA,NA,NA,NA,"Laura & Maca",2019-07-30,"YOSE8",NA,NA,NA,NA,NA,NA,NA,NA,NA,NA,NA,NA,NA,2019,NA
"2","5.5","F",28,17,"grn",NA,NA,"0.47","16.0",4,NA,"3.0",NA,NA,3,"N",NA,"Laura & Maca",2019-07-30,"YOSE8",NA,NA,NA,NA,NA,NA,NA,NA,NA,NA,NA,NA,NA,2019,0.5
"2","5.5","X",30,20,"blu",NA,NA,NA,NA,NA,NA,NA,NA,NA,NA,NA,NA,"Laura & Maca",2019-07-30,"YOSE8",NA,NA,NA,NA,NA,NA,NA,NA,NA,NA,NA,NA,NA,2019,NA
"2","5.5","X",47,41,"blu",NA,NA,NA,NA,NA,NA,NA,NA,NA,NA,NA,NA,"Laura & Maca",2019-07-30,"YOSE8",NA,NA,NA,NA,NA,NA,NA,NA,NA,NA,NA,NA,NA,2019,NA
"2","5.5","X",39,29,"blu",NA,NA,NA,NA,NA,NA,NA,NA,NA,NA,NA,NA,"Laura & Maca",2019-07-30,"YOSE8",NA,NA,NA,NA,NA,NA,NA,NA,NA,NA,NA,NA,NA,2019,NA
"2","6",NA,49,21,"grn",NA,NA,NA,NA,NA,NA,NA,NA,NA,NA,NA,"couldn't find","Laura & Maca",2019-07-30,"YOSE8",NA,NA,NA,NA,NA,NA,NA,NA,NA,NA,NA,NA,NA,2019,NA
"2","6.5","P",10,22,"grn",NA,NA,"1.95","23.0",4,NA,"8.0","1.0",4,4,"N","grn band + 97 orange band","Laura & Maca",2019-07-30,"YOSE8",NA,NA,NA,NA,NA,NA,NA,NA,NA,NA,NA,NA,NA,2019,1.95
"2","6.5","X",15,38,"grn",NA,NA,NA,NA,NA,NA,NA,NA,NA,NA,NA,NA,"Laura & Maca",2019-07-30,"YOSE8",NA,NA,NA,NA,NA,NA,NA,NA,NA,NA,NA,NA,NA,2019,NA
"2","6.5","X",25,48,"grn",NA,NA,NA,NA,NA,NA,NA,NA,NA,NA,NA,NA,"Laura & Maca",2019-07-30,"YOSE8",NA,NA,NA,NA,NA,NA,NA,NA,NA,NA,NA,NA,NA,2019,NA
"2","6.5","X",37,48,"grn",NA,NA,NA,NA,NA,NA,NA,NA,NA,NA,NA,NA,"Laura & Maca",2019-07-30,"YOSE8",NA,NA,NA,NA,NA,NA,NA,NA,NA,NA,NA,NA,NA,2019,NA
"2","6.5","F",29,50,"grn",NA,NA,"1.92","24.0",5,NA,"9.0",NA,NA,4,"N",NA,"Laura & Maca",2019-07-30,"YOSE8",NA,NA,NA,NA,NA,NA,NA,NA,NA,NA,NA,NA,NA,2019,1.92
"2","6.5","X",40,34,"grn",NA,NA,NA,NA,NA,NA,NA,NA,NA,NA,NA,NA,"Laura & Maca",2019-07-30,"YOSE8",NA,NA,NA,NA,NA,NA,NA,NA,NA,NA,NA,NA,NA,2019,NA
"2","6.5","X",35,6,"grn",NA,NA,NA,NA,NA,NA,NA,NA,NA,NA,NA,NA,"Laura & Maca",2019-07-30,"YOSE8",NA,NA,NA,NA,NA,NA,NA,NA,NA,NA,NA,NA,NA,2019,NA
"2","6.5","X",12,12,"blu",NA,NA,NA,NA,NA,NA,NA,NA,NA,NA,NA,NA,"Laura & Maca",2019-07-30,"YOSE8",NA,NA,NA,NA,NA,NA,NA,NA,NA,NA,NA,NA,NA,2019,NA
"2","6.5","P",42,15,"grn",NA,NA,"0.31","20.0",1,NA,"0.0","2.0",5.5,1,"N",NA,"Laura & Maca",2019-07-30,"YOSE8",NA,NA,NA,NA,NA,NA,NA,NA,NA,NA,NA,NA,NA,2019,0.5
"1","0","V",NA,NA,NA,NA,NA,"<1","2.8",1,"0.7",NA,NA,NA,NA,"N",NA,"Maya & Eva",2019-07-30,"YOSE8",NA,NA,NA,NA,NA,NA,NA,NA,NA,NA,NA,NA,NA,2019,0.5
"1","0","V",NA,NA,NA,NA,NA,"<1","1.2",1,"0.4",NA,NA,NA,NA,"N",NA,"Maya & Eva",2019-07-30,"YOSE8",NA,NA,NA,NA,NA,NA,NA,NA,NA,NA,NA,NA,NA,2019,0.5
"1","0","V",NA,NA,NA,NA,NA,"<1","1.2",1,"0.3",NA,NA,NA,NA,"Y",NA,"Maya & Eva",2019-07-30,"YOSE8",NA,NA,NA,NA,NA,NA,NA,NA,NA,NA,NA,NA,NA,2019,0.5
"1","0","V",NA,NA,NA,NA,NA,"<1","1.7",1,"0.2",NA,NA,NA,NA,"N",NA,"Maya & Eva",2019-07-30,"YOSE8",NA,NA,NA,NA,NA,NA,NA,NA,NA,NA,NA,NA,NA,2019,0.5
"1","0","V",50,32,"68.0",NA,NA,"1.29","3.5",1,"1.3",NA,NA,NA,NA,"Y",NA,"Maya & Eva",2019-07-30,"YOSE8",NA,NA,NA,NA,NA,NA,NA,NA,NA,NA,NA,NA,NA,2019,1.29
"1","0","V",NA,NA,NA,NA,NA,"<1","1.1",1,"0.2",NA,NA,NA,NA,"N",NA,"Maya & Eva",2019-07-30,"YOSE8",NA,NA,NA,NA,NA,NA,NA,NA,NA,NA,NA,NA,NA,2019,0.5
"1","0.5","V",NA,NA,NA,NA,NA,"<1","2.0",1,"0.5",NA,NA,NA,NA,"N",NA,"Maya & Eva",2019-07-30,"YOSE8",NA,NA,NA,NA,NA,NA,NA,NA,NA,NA,NA,NA,NA,2019,0.5
"1","0.5","V",NA,NA,NA,NA,NA,"<1","2.6",1,"0.7",NA,NA,NA,NA,"N",NA,"Maya & Eva",2019-07-30,"YOSE8",NA,NA,NA,NA,NA,NA,NA,NA,NA,NA,NA,NA,NA,2019,0.5
"1","0.5","V",NA,NA,NA,NA,NA,"<1","2.1",1,"0.5",NA,NA,NA,NA,"N",NA,"Maya & Eva",2019-07-30,"YOSE8",NA,NA,NA,NA,NA,NA,NA,NA,NA,NA,NA,NA,NA,2019,0.5
"1","0.5","V",NA,NA,NA,NA,NA,"<1","2.2",1,"0.5",NA,NA,NA,NA,"N",NA,"Maya & Eva",2019-07-30,"YOSE8",NA,NA,NA,NA,NA,NA,NA,NA,NA,NA,NA,NA,NA,2019,0.5
"1","0.5","V",NA,NA,NA,NA,NA,"<1","0.8",1,"0.2",NA,NA,NA,NA,"N",NA,"Maya & Eva",2019-07-30,"YOSE8",NA,NA,NA,NA,NA,NA,NA,NA,NA,NA,NA,NA,NA,2019,0.5
"1","0.5","V",NA,NA,NA,NA,NA,"<1","2.6",1,"0.7",NA,NA,NA,NA,"N",NA,"Maya & Eva",2019-07-30,"YOSE8",NA,NA,NA,NA,NA,NA,NA,NA,NA,NA,NA,NA,NA,2019,0.5
"1","0.5","V",NA,NA,NA,NA,NA,"<1","1.6",1,"0.6",NA,NA,NA,NA,"N",NA,"Maya & Eva",2019-07-30,"YOSE8",NA,NA,NA,NA,NA,NA,NA,NA,NA,NA,NA,NA,NA,2019,0.5
"1","0.5","V",NA,NA,NA,NA,NA,"<1","1.2",1,"0.2",NA,NA,NA,NA,"N",NA,"Maya & Eva",2019-07-30,"YOSE8",NA,NA,NA,NA,NA,NA,NA,NA,NA,NA,NA,NA,NA,2019,0.5
"1","0.5","V",NA,NA,NA,NA,NA,"<1","1.9",1,"0.5",NA,NA,NA,NA,"N",NA,"Maya & Eva",2019-07-30,"YOSE8",NA,NA,NA,NA,NA,NA,NA,NA,NA,NA,NA,NA,NA,2019,0.5
"1","0.5","V",NA,NA,NA,NA,NA,"<1","1.3",1,"0.3",NA,NA,NA,NA,"N",NA,"Maya & Eva",2019-07-30,"YOSE8",NA,NA,NA,NA,NA,NA,NA,NA,NA,NA,NA,NA,NA,2019,0.5
"1","0.5","V",NA,NA,NA,NA,NA,"<1","1.1",1,"0.4",NA,NA,NA,NA,"N",NA,"Maya & Eva",2019-07-30,"YOSE8",NA,NA,NA,NA,NA,NA,NA,NA,NA,NA,NA,NA,NA,2019,0.5
"1","1","V",NA,NA,NA,NA,NA,"<1","1.5",1,"0.5",NA,NA,NA,NA,"Y",NA,"Maya & Eva",2019-07-30,"YOSE8",NA,NA,NA,NA,NA,NA,NA,NA,NA,NA,NA,NA,NA,2019,0.5
"1","1","V",NA,NA,NA,NA,NA,"<1","2.1",1,"0.6",NA,NA,NA,NA,"N",NA,"Maya & Eva",2019-07-30,"YOSE8",NA,NA,NA,NA,NA,NA,NA,NA,NA,NA,NA,NA,NA,2019,0.5
"1","1","V",NA,NA,NA,NA,NA,"<1","0.9",1,"0.3",NA,NA,NA,NA,"N",NA,"Maya & Eva",2019-07-30,"YOSE8",NA,NA,NA,NA,NA,NA,NA,NA,NA,NA,NA,NA,NA,2019,0.5
"1","1","V",NA,NA,NA,NA,NA,"<1","0.5",1,"0.1",NA,NA,NA,NA,"N",NA,"Maya & Eva",2019-07-30,"YOSE8",NA,NA,NA,NA,NA,NA,NA,NA,NA,NA,NA,NA,NA,2019,0.5
"1","1.5","V",NA,NA,NA,NA,NA,"<1","3.1",1,"0.5",NA,NA,NA,NA,"N",NA,"Maya & Eva",2019-07-30,"YOSE8",NA,NA,NA,NA,NA,NA,NA,NA,NA,NA,NA,NA,NA,2019,0.5
"1","1.5","V",NA,NA,NA,NA,NA,"<1","3.7",1,"0.4",NA,NA,NA,NA,"N",NA,"Maya & Eva",2019-07-30,"YOSE8",NA,NA,NA,NA,NA,NA,NA,NA,NA,NA,NA,NA,NA,2019,0.5
"1","1.5","V",NA,NA,NA,NA,NA,"<1","1.5",1,"0.4",NA,NA,NA,NA,"N",NA,"Maya & Eva",2019-07-30,"YOSE8",NA,NA,NA,NA,NA,NA,NA,NA,NA,NA,NA,NA,NA,2019,0.5
"1","1.5","V",NA,NA,NA,NA,NA,"<1","1.0",1,"0.3",NA,NA,NA,NA,"Y",NA,"Maya & Eva",2019-07-30,"YOSE8",NA,NA,NA,NA,NA,NA,NA,NA,NA,NA,NA,NA,NA,2019,0.5
"1","1.5","V",NA,NA,NA,NA,NA,"<1","2.2",1,"0.3",NA,NA,NA,NA,"N",NA,"Maya & Eva",2019-07-30,"YOSE8",NA,NA,NA,NA,NA,NA,NA,NA,NA,NA,NA,NA,NA,2019,0.5
"1","2","V",NA,NA,NA,NA,NA,"<1","1.2",1,"0.3",NA,NA,NA,NA,"N",NA,"Maya & Eva",2019-07-30,"YOSE8",NA,NA,NA,NA,NA,NA,NA,NA,NA,NA,NA,NA,NA,2019,0.5
"1","2","V",NA,NA,NA,NA,NA,"<1","1.0",1,"0.2",NA,NA,NA,NA,"N",NA,"Maya & Eva",2019-07-30,"YOSE8",NA,NA,NA,NA,NA,NA,NA,NA,NA,NA,NA,NA,NA,2019,0.5
"1","2","V",NA,NA,NA,NA,NA,"<1","1.2",1,"0.3",NA,NA,NA,NA,"N",NA,"Maya & Eva",2019-07-30,"YOSE8",NA,NA,NA,NA,NA,NA,NA,NA,NA,NA,NA,NA,NA,2019,0.5
"2","3.5","V",19,5,"52.0",NA,NA,"1.05","3.1",1,"0.2",NA,NA,NA,NA,"N",NA,"Maya & Eva",2019-07-30,"YOSE8",NA,NA,NA,NA,NA,NA,NA,NA,NA,NA,NA,NA,NA,2019,1.05
"2","3.5","V",NA,NA,NA,NA,NA,"<1","2.1",1,"0.8",NA,NA,NA,NA,"N",NA,"Maya & Eva",2019-07-30,"YOSE8",NA,NA,NA,NA,NA,NA,NA,NA,NA,NA,NA,NA,NA,2019,0.5
"2","3.5","V",NA,NA,NA,NA,NA,"<1","1.6",1,"0.4",NA,NA,NA,NA,"N",NA,"Maya & Eva",2019-07-30,"YOSE8",NA,NA,NA,NA,NA,NA,NA,NA,NA,NA,NA,NA,NA,2019,0.5
"2","3.5","V",NA,NA,NA,NA,NA,"<1","2.1",1,"0.8",NA,NA,NA,NA,"N",NA,"Maya & Eva",2019-07-30,"YOSE8",NA,NA,NA,NA,NA,NA,NA,NA,NA,NA,NA,NA,NA,2019,0.5
"2","3.5","V",NA,NA,NA,NA,NA,"<1","0.9",1,"0.2",NA,NA,NA,NA,"N",NA,"Maya & Eva",2019-07-30,"YOSE8",NA,NA,NA,NA,NA,NA,NA,NA,NA,NA,NA,NA,NA,2019,0.5
"2","3.5","V",NA,NA,NA,NA,NA,"<1","2.4",1,"0.6",NA,NA,NA,NA,"N",NA,"Maya & Eva",2019-07-30,"YOSE8",NA,NA,NA,NA,NA,NA,NA,NA,NA,NA,NA,NA,NA,2019,0.5
"2","3.5","V",NA,NA,NA,NA,NA,"<1","1.9",1,"0.5",NA,NA,NA,NA,"N",NA,"Maya & Eva",2019-07-30,"YOSE8",NA,NA,NA,NA,NA,NA,NA,NA,NA,NA,NA,NA,NA,2019,0.5
"2","3.5","V",42,41,"66.0",NA,NA,"1.2","3.1",3,"1.1",NA,NA,NA,NA,"N",NA,"Maya & Eva",2019-07-30,"YOSE8",NA,NA,NA,NA,NA,NA,NA,NA,NA,NA,NA,NA,NA,2019,1.2
"2","3.5","V",NA,NA,NA,NA,NA,"<1","2.1",1,"1.0",NA,NA,NA,NA,"N",NA,"Maya & Eva",2019-07-30,"YOSE8",NA,NA,NA,NA,NA,NA,NA,NA,NA,NA,NA,NA,NA,2019,0.5
"2","3.5","V",NA,NA,NA,NA,NA,"<1","1.5",1,"0.8",NA,NA,NA,NA,"N",NA,"Maya & Eva",2019-07-30,"YOSE8",NA,NA,NA,NA,NA,NA,NA,NA,NA,NA,NA,NA,NA,2019,0.5
"2","3.5","V",NA,NA,NA,NA,NA,"<1","1.8",1,"0.4",NA,NA,NA,NA,"N",NA,"Maya & Eva",2019-07-30,"YOSE8",NA,NA,NA,NA,NA,NA,NA,NA,NA,NA,NA,NA,NA,2019,0.5
"2","4","V",NA,NA,NA,NA,NA,"<1","1.9",1,"0.6",NA,NA,NA,NA,"N",NA,"Maya & Eva",2019-07-30,"YOSE8",NA,NA,NA,NA,NA,NA,NA,NA,NA,NA,NA,NA,NA,2019,0.5
"2","4","V",NA,NA,NA,NA,NA,"<1","1.2",1,"0.3",NA,NA,NA,NA,"N",NA,"Maya & Eva",2019-07-30,"YOSE8",NA,NA,NA,NA,NA,NA,NA,NA,NA,NA,NA,NA,NA,2019,0.5
"2","4","V",NA,NA,NA,NA,NA,"<1","1.9",1,"0.3",NA,NA,NA,NA,"N",NA,"Maya & Eva",2019-07-30,"YOSE8",NA,NA,NA,NA,NA,NA,NA,NA,NA,NA,NA,NA,NA,2019,0.5
"2","4","V",NA,NA,NA,NA,NA,"<1","2.2",1,"0.6",NA,NA,NA,NA,"N",NA,"Maya & Eva",2019-07-30,"YOSE8",NA,NA,NA,NA,NA,NA,NA,NA,NA,NA,NA,NA,NA,2019,0.5
"2","4","V",NA,NA,NA,NA,NA,"<1","2.3",1,"0.9",NA,NA,NA,NA,"N",NA,"Maya & Eva",2019-07-30,"YOSE8",NA,NA,NA,NA,NA,NA,NA,NA,NA,NA,NA,NA,NA,2019,0.5
"2","4","V",NA,NA,NA,NA,NA,"<1","1.2",1,"0.3",NA,NA,NA,NA,"N",NA,"Maya & Eva",2019-07-30,"YOSE8",NA,NA,NA,NA,NA,NA,NA,NA,NA,NA,NA,NA,NA,2019,0.5
"2","4","V",NA,NA,NA,NA,NA,"<1","1.2",1,"0.3",NA,NA,NA,NA,"N",NA,"Maya & Eva",2019-07-30,"YOSE8",NA,NA,NA,NA,NA,NA,NA,NA,NA,NA,NA,NA,NA,2019,0.5
"2","4","V",NA,NA,NA,NA,NA,"<1","1.2",1,"0.3",NA,NA,NA,NA,"N",NA,"Maya & Eva",2019-07-30,"YOSE8",NA,NA,NA,NA,NA,NA,NA,NA,NA,NA,NA,NA,NA,2019,0.5
"2","4","V",NA,NA,NA,NA,NA,"<1","1.0",1,"0.5",NA,NA,NA,NA,"N",NA,"Maya & Eva",2019-07-30,"YOSE8",NA,NA,NA,NA,NA,NA,NA,NA,NA,NA,NA,NA,NA,2019,0.5
"2","4","V",NA,NA,NA,NA,NA,"<1","2.2",1,"1.1",NA,NA,NA,NA,"Y",NA,"Maya & Eva",2019-07-30,"YOSE8",NA,NA,NA,NA,NA,NA,NA,NA,NA,NA,NA,NA,NA,2019,0.5
"2","4","V",NA,NA,NA,NA,NA,"<1","2.5",1,"0.8",NA,NA,NA,NA,"N",NA,"Maya & Eva",2019-07-30,"YOSE8",NA,NA,NA,NA,NA,NA,NA,NA,NA,NA,NA,NA,NA,2019,0.5
"2","4","V",NA,NA,NA,NA,NA,"<1","3.3",1,"1.1",NA,NA,NA,NA,"N",NA,"Maya & Eva",2019-07-30,"YOSE8",NA,NA,NA,NA,NA,NA,NA,NA,NA,NA,NA,NA,NA,2019,0.5
"2","4","V",NA,NA,NA,NA,NA,"<1","2.1",1,"0.3",NA,NA,NA,NA,"N",NA,"Maya & Eva",2019-07-30,"YOSE8",NA,NA,NA,NA,NA,NA,NA,NA,NA,NA,NA,NA,NA,2019,0.5
"2","4","V",NA,NA,NA,NA,NA,"<1","1.3",1,"0.4",NA,NA,NA,NA,"Y",NA,"Maya & Eva",2019-07-30,"YOSE8",NA,NA,NA,NA,NA,NA,NA,NA,NA,NA,NA,NA,NA,2019,0.5
"2","4","V",NA,NA,NA,NA,NA,"<1","1.7",1,"0.6",NA,NA,NA,NA,"N",NA,"Maya & Eva",2019-07-30,"YOSE8",NA,NA,NA,NA,NA,NA,NA,NA,NA,NA,NA,NA,NA,2019,0.5
"2","4","V",NA,NA,NA,NA,NA,"<1","1.7",1,"0.6",NA,NA,NA,NA,"N",NA,"Maya & Eva",2019-07-30,"YOSE8",NA,NA,NA,NA,NA,NA,NA,NA,NA,NA,NA,NA,NA,2019,0.5
"2","4","V",NA,NA,NA,NA,NA,"<1","1.6",2,"0.5",NA,NA,NA,NA,"Y",NA,"Maya & Eva",2019-07-30,"YOSE8",NA,NA,NA,NA,NA,NA,NA,NA,NA,NA,NA,NA,NA,2019,0.5
"2","4","V",NA,NA,NA,NA,NA,"<1","2.2",1,"0.7",NA,NA,NA,NA,"N",NA,"Maya & Eva",2019-07-30,"YOSE8",NA,NA,NA,NA,NA,NA,NA,NA,NA,NA,NA,NA,NA,2019,0.5
"2","4","V",NA,NA,NA,NA,NA,"<1","1.1",1,"0.4",NA,NA,NA,NA,"N",NA,"Maya & Eva",2019-07-30,"YOSE8",NA,NA,NA,NA,NA,NA,NA,NA,NA,NA,NA,NA,NA,2019,0.5
"2","4.5","V",NA,NA,NA,NA,NA,"<1","1.0",1,"0.5",NA,NA,NA,NA,"N",NA,"Laura & Maca",2019-07-30,"YOSE8",NA,NA,NA,NA,NA,NA,NA,NA,NA,NA,NA,NA,NA,2019,0.5
"2","4.5","V",NA,NA,NA,NA,NA,"<1","0.5",1,"0.1",NA,NA,NA,NA,"N","copied x8","Laura & Maca",2019-07-30,"YOSE8",NA,NA,NA,NA,NA,NA,NA,NA,NA,NA,NA,NA,NA,2019,0.5
"2","4.5","V",NA,NA,NA,NA,NA,"<1","0.5",1,"0.1",NA,NA,NA,NA,"N",NA,"Laura & Maca",2019-07-30,"YOSE8",NA,NA,NA,NA,NA,NA,NA,NA,NA,NA,NA,NA,NA,2019,0.5
"2","4.5","V",NA,NA,NA,NA,NA,"<1","0.5",2,"0.1",NA,NA,NA,NA,"N",NA,"Laura & Maca",2019-07-30,"YOSE8",NA,NA,NA,NA,NA,NA,NA,NA,NA,NA,NA,NA,NA,2019,0.5
"2","4.5","V",NA,NA,NA,NA,NA,"<1","0.5",1,"0.1",NA,NA,NA,NA,"N",NA,"Laura & Maca",2019-07-30,"YOSE8",NA,NA,NA,NA,NA,NA,NA,NA,NA,NA,NA,NA,NA,2019,0.5
"2","4.5","V",NA,NA,NA,NA,NA,"<1","0.5",1,"0.1",NA,NA,NA,NA,"N",NA,"Laura & Maca",2019-07-30,"YOSE8",NA,NA,NA,NA,NA,NA,NA,NA,NA,NA,NA,NA,NA,2019,0.5
"2","4.5","V",NA,NA,NA,NA,NA,"<1","0.5",1,"0.1",NA,NA,NA,NA,"N",NA,"Laura & Maca",2019-07-30,"YOSE8",NA,NA,NA,NA,NA,NA,NA,NA,NA,NA,NA,NA,NA,2019,0.5
"2","4.5","V",NA,NA,NA,NA,NA,"<1","0.5",1,"0.1",NA,NA,NA,NA,"N",NA,"Laura & Maca",2019-07-30,"YOSE8",NA,NA,NA,NA,NA,NA,NA,NA,NA,NA,NA,NA,NA,2019,0.5
"2","4.5","V",NA,NA,NA,NA,NA,"<1","0.5",1,"0.1",NA,NA,NA,NA,"N",NA,"Laura & Maca",2019-07-30,"YOSE8",NA,NA,NA,NA,NA,NA,NA,NA,NA,NA,NA,NA,NA,2019,0.5
"1","4.5","V",NA,NA,NA,NA,NA,"<1","2.1",1,"0.5",NA,NA,NA,NA,"N",NA,"Laura & Maca",2019-07-30,"YOSE8",NA,NA,NA,NA,NA,NA,NA,NA,NA,NA,NA,NA,NA,2019,0.5
"1","4.5","V",NA,NA,NA,NA,NA,"<1","3.5",1,"0.6",NA,NA,NA,NA,"N",NA,"Laura & Maca",2019-07-30,"YOSE8",NA,NA,NA,NA,NA,NA,NA,NA,NA,NA,NA,NA,NA,2019,0.5
"1","4.5","V",NA,NA,NA,NA,NA,"<1","10.0",1,"0.6",NA,NA,NA,NA,"N",NA,"Laura & Maca",2019-07-30,"YOSE8",NA,NA,NA,NA,NA,NA,NA,NA,NA,NA,NA,NA,NA,2019,0.5
"1","4.5","V",NA,NA,NA,NA,NA,"<1","1.5",1,"0.5",NA,NA,NA,NA,"N",NA,"Laura & Maca",2019-07-30,"YOSE8",NA,NA,NA,NA,NA,NA,NA,NA,NA,NA,NA,NA,NA,2019,0.5
"1","4.5","V",NA,NA,NA,NA,NA,"<1","2.0",1,"0.5",NA,NA,NA,NA,"N",NA,"Laura & Maca",2019-07-30,"YOSE8",NA,NA,NA,NA,NA,NA,NA,NA,NA,NA,NA,NA,NA,2019,0.5
"1","4.5","V",NA,NA,NA,NA,NA,"<1","1.0",1,"0.5",NA,NA,NA,NA,"N","copied x40","Laura & Maca",2019-07-30,"YOSE8",NA,NA,NA,NA,NA,NA,NA,NA,NA,NA,NA,NA,NA,2019,0.5
"1","4.5","V",NA,NA,NA,NA,NA,"<1","1.0",1,"0.5",NA,NA,NA,NA,"N",NA,"Laura & Maca",2019-07-30,"YOSE8",NA,NA,NA,NA,NA,NA,NA,NA,NA,NA,NA,NA,NA,2019,0.5
"1","4.5","V",NA,NA,NA,NA,NA,"<1","1.0",1,"0.5",NA,NA,NA,NA,"N",NA,"Laura & Maca",2019-07-30,"YOSE8",NA,NA,NA,NA,NA,NA,NA,NA,NA,NA,NA,NA,NA,2019,0.5
"1","4.5","V",NA,NA,NA,NA,NA,"<1","1.0",1,"0.5",NA,NA,NA,NA,"N",NA,"Laura & Maca",2019-07-30,"YOSE8",NA,NA,NA,NA,NA,NA,NA,NA,NA,NA,NA,NA,NA,2019,0.5
"1","4.5","V",NA,NA,NA,NA,NA,"<1","1.0",1,"0.5",NA,NA,NA,NA,"N",NA,"Laura & Maca",2019-07-30,"YOSE8",NA,NA,NA,NA,NA,NA,NA,NA,NA,NA,NA,NA,NA,2019,0.5
"1","4.5","V",NA,NA,NA,NA,NA,"<1","1.0",1,"0.5",NA,NA,NA,NA,"N",NA,"Laura & Maca",2019-07-30,"YOSE8",NA,NA,NA,NA,NA,NA,NA,NA,NA,NA,NA,NA,NA,2019,0.5
"1","4.5","V",NA,NA,NA,NA,NA,"<1","1.0",1,"0.5",NA,NA,NA,NA,"N",NA,"Laura & Maca",2019-07-30,"YOSE8",NA,NA,NA,NA,NA,NA,NA,NA,NA,NA,NA,NA,NA,2019,0.5
"1","4.5","V",NA,NA,NA,NA,NA,"<1","1.0",1,"0.5",NA,NA,NA,NA,"N",NA,"Laura & Maca",2019-07-30,"YOSE8",NA,NA,NA,NA,NA,NA,NA,NA,NA,NA,NA,NA,NA,2019,0.5
"1","4.5","V",NA,NA,NA,NA,NA,"<1","1.0",1,"0.5",NA,NA,NA,NA,"N",NA,"Laura & Maca",2019-07-30,"YOSE8",NA,NA,NA,NA,NA,NA,NA,NA,NA,NA,NA,NA,NA,2019,0.5
"1","4.5","V",NA,NA,NA,NA,NA,"<1","1.0",1,"0.5",NA,NA,NA,NA,"N",NA,"Laura & Maca",2019-07-30,"YOSE8",NA,NA,NA,NA,NA,NA,NA,NA,NA,NA,NA,NA,NA,2019,0.5
"1","4.5","V",NA,NA,NA,NA,NA,"<1","1.0",1,"0.5",NA,NA,NA,NA,"N",NA,"Laura & Maca",2019-07-30,"YOSE8",NA,NA,NA,NA,NA,NA,NA,NA,NA,NA,NA,NA,NA,2019,0.5
"1","4.5","V",NA,NA,NA,NA,NA,"<1","1.0",1,"0.5",NA,NA,NA,NA,"N",NA,"Laura & Maca",2019-07-30,"YOSE8",NA,NA,NA,NA,NA,NA,NA,NA,NA,NA,NA,NA,NA,2019,0.5
"1","4.5","V",NA,NA,NA,NA,NA,"<1","1.0",1,"0.5",NA,NA,NA,NA,"N",NA,"Laura & Maca",2019-07-30,"YOSE8",NA,NA,NA,NA,NA,NA,NA,NA,NA,NA,NA,NA,NA,2019,0.5
"1","4.5","V",NA,NA,NA,NA,NA,"<1","1.0",1,"0.5",NA,NA,NA,NA,"N",NA,"Laura & Maca",2019-07-30,"YOSE8",NA,NA,NA,NA,NA,NA,NA,NA,NA,NA,NA,NA,NA,2019,0.5
"1","4.5","V",NA,NA,NA,NA,NA,"<1","1.0",1,"0.5",NA,NA,NA,NA,"N",NA,"Laura & Maca",2019-07-30,"YOSE8",NA,NA,NA,NA,NA,NA,NA,NA,NA,NA,NA,NA,NA,2019,0.5
"1","4.5","V",NA,NA,NA,NA,NA,"<1","1.0",1,"0.5",NA,NA,NA,NA,"N",NA,"Laura & Maca",2019-07-30,"YOSE8",NA,NA,NA,NA,NA,NA,NA,NA,NA,NA,NA,NA,NA,2019,0.5
"1","4.5","V",NA,NA,NA,NA,NA,"<1","1.0",1,"0.5",NA,NA,NA,NA,"N",NA,"Laura & Maca",2019-07-30,"YOSE8",NA,NA,NA,NA,NA,NA,NA,NA,NA,NA,NA,NA,NA,2019,0.5
"1","4.5","V",NA,NA,NA,NA,NA,"<1","1.0",1,"0.5",NA,NA,NA,NA,"N",NA,"Laura & Maca",2019-07-30,"YOSE8",NA,NA,NA,NA,NA,NA,NA,NA,NA,NA,NA,NA,NA,2019,0.5
"1","4.5","V",NA,NA,NA,NA,NA,"<1","1.0",1,"0.5",NA,NA,NA,NA,"N",NA,"Laura & Maca",2019-07-30,"YOSE8",NA,NA,NA,NA,NA,NA,NA,NA,NA,NA,NA,NA,NA,2019,0.5
"1","4.5","V",NA,NA,NA,NA,NA,"<1","1.0",1,"0.5",NA,NA,NA,NA,"N",NA,"Laura & Maca",2019-07-30,"YOSE8",NA,NA,NA,NA,NA,NA,NA,NA,NA,NA,NA,NA,NA,2019,0.5
"1","4.5","V",NA,NA,NA,NA,NA,"<1","1.0",1,"0.5",NA,NA,NA,NA,"N",NA,"Laura & Maca",2019-07-30,"YOSE8",NA,NA,NA,NA,NA,NA,NA,NA,NA,NA,NA,NA,NA,2019,0.5
"1","4.5","V",NA,NA,NA,NA,NA,"<1","1.0",1,"0.5",NA,NA,NA,NA,"N",NA,"Laura & Maca",2019-07-30,"YOSE8",NA,NA,NA,NA,NA,NA,NA,NA,NA,NA,NA,NA,NA,2019,0.5
"1","4.5","V",NA,NA,NA,NA,NA,"<1","1.0",1,"0.5",NA,NA,NA,NA,"N",NA,"Laura & Maca",2019-07-30,"YOSE8",NA,NA,NA,NA,NA,NA,NA,NA,NA,NA,NA,NA,NA,2019,0.5
"1","4.5","V",NA,NA,NA,NA,NA,"<1","1.0",1,"0.5",NA,NA,NA,NA,"N",NA,"Laura & Maca",2019-07-30,"YOSE8",NA,NA,NA,NA,NA,NA,NA,NA,NA,NA,NA,NA,NA,2019,0.5
"1","4.5","V",NA,NA,NA,NA,NA,"<1","1.0",1,"0.5",NA,NA,NA,NA,"N",NA,"Laura & Maca",2019-07-30,"YOSE8",NA,NA,NA,NA,NA,NA,NA,NA,NA,NA,NA,NA,NA,2019,0.5
"1","4.5","V",NA,NA,NA,NA,NA,"<1","1.0",1,"0.5",NA,NA,NA,NA,"N",NA,"Laura & Maca",2019-07-30,"YOSE8",NA,NA,NA,NA,NA,NA,NA,NA,NA,NA,NA,NA,NA,2019,0.5
"1","4.5","V",NA,NA,NA,NA,NA,"<1","1.0",1,"0.5",NA,NA,NA,NA,"N",NA,"Laura & Maca",2019-07-30,"YOSE8",NA,NA,NA,NA,NA,NA,NA,NA,NA,NA,NA,NA,NA,2019,0.5
"1","4.5","V",NA,NA,NA,NA,NA,"<1","1.0",1,"0.5",NA,NA,NA,NA,"N",NA,"Laura & Maca",2019-07-30,"YOSE8",NA,NA,NA,NA,NA,NA,NA,NA,NA,NA,NA,NA,NA,2019,0.5
"1","4.5","V",NA,NA,NA,NA,NA,"<1","1.0",1,"0.5",NA,NA,NA,NA,"N",NA,"Laura & Maca",2019-07-30,"YOSE8",NA,NA,NA,NA,NA,NA,NA,NA,NA,NA,NA,NA,NA,2019,0.5
"1","4.5","V",NA,NA,NA,NA,NA,"<1","1.0",1,"0.5",NA,NA,NA,NA,"N",NA,"Laura & Maca",2019-07-30,"YOSE8",NA,NA,NA,NA,NA,NA,NA,NA,NA,NA,NA,NA,NA,2019,0.5
"1","4.5","V",NA,NA,NA,NA,NA,"<1","1.0",1,"0.5",NA,NA,NA,NA,"N",NA,"Laura & Maca",2019-07-30,"YOSE8",NA,NA,NA,NA,NA,NA,NA,NA,NA,NA,NA,NA,NA,2019,0.5
"1","4.5","V",NA,NA,NA,NA,NA,"<1","1.0",1,"0.5",NA,NA,NA,NA,"N",NA,"Laura & Maca",2019-07-30,"YOSE8",NA,NA,NA,NA,NA,NA,NA,NA,NA,NA,NA,NA,NA,2019,0.5
"1","4.5","V",NA,NA,NA,NA,NA,"<1","1.0",1,"0.5",NA,NA,NA,NA,"N",NA,"Laura & Maca",2019-07-30,"YOSE8",NA,NA,NA,NA,NA,NA,NA,NA,NA,NA,NA,NA,NA,2019,0.5
"1","4.5","V",NA,NA,NA,NA,NA,"<1","1.0",1,"0.5",NA,NA,NA,NA,"N",NA,"Laura & Maca",2019-07-30,"YOSE8",NA,NA,NA,NA,NA,NA,NA,NA,NA,NA,NA,NA,NA,2019,0.5
"1","4.5","V",NA,NA,NA,NA,NA,"<1","1.0",1,"0.5",NA,NA,NA,NA,"N",NA,"Laura & Maca",2019-07-30,"YOSE8",NA,NA,NA,NA,NA,NA,NA,NA,NA,NA,NA,NA,NA,2019,0.5
"1","4.5","V",NA,NA,NA,NA,NA,"<1","1.0",1,"0.5",NA,NA,NA,NA,"N",NA,"Laura & Maca",2019-07-30,"YOSE8",NA,NA,NA,NA,NA,NA,NA,NA,NA,NA,NA,NA,NA,2019,0.5
"1","4.5","V",NA,NA,NA,NA,NA,"<1","1.0",1,"0.5",NA,NA,NA,NA,"N",NA,"Laura & Maca",2019-07-30,"YOSE8",NA,NA,NA,NA,NA,NA,NA,NA,NA,NA,NA,NA,NA,2019,0.5
"1","4.5","V",NA,NA,NA,NA,NA,"<1","1.0",1,"0.5",NA,NA,NA,NA,"N",NA,"Laura & Maca",2019-07-30,"YOSE8",NA,NA,NA,NA,NA,NA,NA,NA,NA,NA,NA,NA,NA,2019,0.5
"1","4.5","V",NA,NA,NA,NA,NA,"<1","1.0",1,"0.5",NA,NA,NA,NA,"N",NA,"Laura & Maca",2019-07-30,"YOSE8",NA,NA,NA,NA,NA,NA,NA,NA,NA,NA,NA,NA,NA,2019,0.5
"1","4.5","V",NA,NA,NA,NA,NA,"<1","1.0",1,"0.5",NA,NA,NA,NA,"N",NA,"Laura & Maca",2019-07-30,"YOSE8",NA,NA,NA,NA,NA,NA,NA,NA,NA,NA,NA,NA,NA,2019,0.5
"1","4","V",NA,NA,NA,NA,NA,"<1","2.5",1,"0.6",NA,NA,NA,NA,"N",NA,"Laura & Maca",2019-07-30,"YOSE8",NA,NA,NA,NA,NA,NA,NA,NA,NA,NA,NA,NA,NA,2019,0.5
"1","4","V",NA,NA,NA,NA,NA,"<1","3.5",1,"0.4",NA,NA,NA,NA,"N",NA,"Laura & Maca",2019-07-30,"YOSE8",NA,NA,NA,NA,NA,NA,NA,NA,NA,NA,NA,NA,NA,2019,0.5
"1","4","V",NA,NA,NA,NA,NA,"<1","1.0",1,"0.4",NA,NA,NA,NA,"N",NA,"Laura & Maca",2019-07-30,"YOSE8",NA,NA,NA,NA,NA,NA,NA,NA,NA,NA,NA,NA,NA,2019,0.5
"1","4","V",NA,NA,NA,NA,NA,"<1","0.5",1,"0.1",NA,NA,NA,NA,"N","copied x13","Laura & Maca",2019-07-30,"YOSE8",NA,NA,NA,NA,NA,NA,NA,NA,NA,NA,NA,NA,NA,2019,0.5
"1","4","V",NA,NA,NA,NA,NA,"<1","0.5",1,"0.1",NA,NA,NA,NA,"N",NA,"Laura & Maca",2019-07-30,"YOSE8",NA,NA,NA,NA,NA,NA,NA,NA,NA,NA,NA,NA,NA,2019,0.5
"1","4","V",NA,NA,NA,NA,NA,"<1","0.5",1,"0.1",NA,NA,NA,NA,"N",NA,"Laura & Maca",2019-07-30,"YOSE8",NA,NA,NA,NA,NA,NA,NA,NA,NA,NA,NA,NA,NA,2019,0.5
"1","4","V",NA,NA,NA,NA,NA,"<1","0.5",1,"0.1",NA,NA,NA,NA,"N",NA,"Laura & Maca",2019-07-30,"YOSE8",NA,NA,NA,NA,NA,NA,NA,NA,NA,NA,NA,NA,NA,2019,0.5
"1","4","V",NA,NA,NA,NA,NA,"<1","0.5",1,"0.1",NA,NA,NA,NA,"N",NA,"Laura & Maca",2019-07-30,"YOSE8",NA,NA,NA,NA,NA,NA,NA,NA,NA,NA,NA,NA,NA,2019,0.5
"1","4","V",NA,NA,NA,NA,NA,"<1","0.5",1,"0.1",NA,NA,NA,NA,"N",NA,"Laura & Maca",2019-07-30,"YOSE8",NA,NA,NA,NA,NA,NA,NA,NA,NA,NA,NA,NA,NA,2019,0.5
"1","4","V",NA,NA,NA,NA,NA,"<1","0.5",1,"0.1",NA,NA,NA,NA,"N",NA,"Laura & Maca",2019-07-30,"YOSE8",NA,NA,NA,NA,NA,NA,NA,NA,NA,NA,NA,NA,NA,2019,0.5
"1","4","V",NA,NA,NA,NA,NA,"<1","0.5",1,"0.1",NA,NA,NA,NA,"N",NA,"Laura & Maca",2019-07-30,"YOSE8",NA,NA,NA,NA,NA,NA,NA,NA,NA,NA,NA,NA,NA,2019,0.5
"1","4","V",NA,NA,NA,NA,NA,"<1","0.5",1,"0.1",NA,NA,NA,NA,"N",NA,"Laura & Maca",2019-07-30,"YOSE8",NA,NA,NA,NA,NA,NA,NA,NA,NA,NA,NA,NA,NA,2019,0.5
"1","4","V",NA,NA,NA,NA,NA,"<1","0.5",1,"0.1",NA,NA,NA,NA,"N",NA,"Laura & Maca",2019-07-30,"YOSE8",NA,NA,NA,NA,NA,NA,NA,NA,NA,NA,NA,NA,NA,2019,0.5
"1","4","V",NA,NA,NA,NA,NA,"<1","0.5",1,"0.1",NA,NA,NA,NA,"N",NA,"Laura & Maca",2019-07-30,"YOSE8",NA,NA,NA,NA,NA,NA,NA,NA,NA,NA,NA,NA,NA,2019,0.5
"1","4","V",NA,NA,NA,NA,NA,"<1","0.5",1,"0.1",NA,NA,NA,NA,"N",NA,"Laura & Maca",2019-07-30,"YOSE8",NA,NA,NA,NA,NA,NA,NA,NA,NA,NA,NA,NA,NA,2019,0.5
"1","4","V",NA,NA,NA,NA,NA,"<1","0.5",1,"0.1",NA,NA,NA,NA,"N",NA,"Laura & Maca",2019-07-30,"YOSE8",NA,NA,NA,NA,NA,NA,NA,NA,NA,NA,NA,NA,NA,2019,0.5
"1","3.5","V",NA,NA,NA,NA,NA,"<1","1.6",2,"0.5",NA,NA,NA,NA,"N",NA,"Laura & Maca",2019-07-30,"YOSE8",NA,NA,NA,NA,NA,NA,NA,NA,NA,NA,NA,NA,NA,2019,0.5
"1","3.5","V",NA,NA,NA,NA,NA,"<1","1.5",1,"0.5",NA,NA,NA,NA,"N",NA,"Laura & Maca",2019-07-30,"YOSE8",NA,NA,NA,NA,NA,NA,NA,NA,NA,NA,NA,NA,NA,2019,0.5
"1","3.5","V",NA,NA,NA,NA,NA,"<1","0.5",1,"0.1",NA,NA,NA,NA,"N","copied x3","Laura & Maca",2019-07-30,"YOSE8",NA,NA,NA,NA,NA,NA,NA,NA,NA,NA,NA,NA,NA,2019,0.5
"1","3.5","V",NA,NA,NA,NA,NA,"<1","0.5",1,"0.1",NA,NA,NA,NA,"N",NA,"Laura & Maca",2019-07-30,"YOSE8",NA,NA,NA,NA,NA,NA,NA,NA,NA,NA,NA,NA,NA,2019,0.5
"1","3.5","V",NA,NA,NA,NA,NA,"<1","0.5",1,"0.1",NA,NA,NA,NA,"N",NA,"Laura & Maca",2019-07-30,"YOSE8",NA,NA,NA,NA,NA,NA,NA,NA,NA,NA,NA,NA,NA,2019,0.5
"1","3","V",NA,NA,NA,NA,NA,"<1","3.0",1,"0.6",NA,NA,NA,NA,"N",NA,"Laura & Maca",2019-07-30,"YOSE8",NA,NA,NA,NA,NA,NA,NA,NA,NA,NA,NA,NA,NA,2019,0.5
"1","3","V",NA,NA,NA,NA,NA,"<1","2.5",1,"0.5",NA,NA,NA,NA,"N",NA,"Laura & Maca",2019-07-30,"YOSE8",NA,NA,NA,NA,NA,NA,NA,NA,NA,NA,NA,NA,NA,2019,0.5
"1","3","V",NA,NA,NA,NA,NA,"<1","2.5",1,"0.4",NA,NA,NA,NA,"N",NA,"Laura & Maca",2019-07-30,"YOSE8",NA,NA,NA,NA,NA,NA,NA,NA,NA,NA,NA,NA,NA,2019,0.5
"1","3","V",NA,NA,NA,NA,NA,"<1","2.0",1,"0.5",NA,NA,NA,NA,"N",NA,"Laura & Maca",2019-07-30,"YOSE8",NA,NA,NA,NA,NA,NA,NA,NA,NA,NA,NA,NA,NA,2019,0.5
"1","3","V",NA,NA,NA,NA,NA,"<1","1.8",1,"0.6",NA,NA,NA,NA,"N",NA,"Laura & Maca",2019-07-30,"YOSE8",NA,NA,NA,NA,NA,NA,NA,NA,NA,NA,NA,NA,NA,2019,0.5
"1","3","V",NA,NA,NA,NA,NA,"<1","2.6",1,"0.5",NA,NA,NA,NA,"N",NA,"Laura & Maca",2019-07-30,"YOSE8",NA,NA,NA,NA,NA,NA,NA,NA,NA,NA,NA,NA,NA,2019,0.5
"1","3","V",NA,NA,NA,NA,NA,"<1","3.6",1,"0.5",NA,NA,NA,NA,"N",NA,"Laura & Maca",2019-07-30,"YOSE8",NA,NA,NA,NA,NA,NA,NA,NA,NA,NA,NA,NA,NA,2019,0.5
"1","3","V",NA,NA,NA,NA,NA,"<1","1.0",1,"0.5",NA,NA,NA,NA,"N","copied x11","Laura & Maca",2019-07-30,"YOSE8",NA,NA,NA,NA,NA,NA,NA,NA,NA,NA,NA,NA,NA,2019,0.5
"1","3","V",NA,NA,NA,NA,NA,"<1","1.0",1,"0.5",NA,NA,NA,NA,"N",NA,"Laura & Maca",2019-07-30,"YOSE8",NA,NA,NA,NA,NA,NA,NA,NA,NA,NA,NA,NA,NA,2019,0.5
"1","3","V",NA,NA,NA,NA,NA,"<1","1.0",1,"0.5",NA,NA,NA,NA,"N",NA,"Laura & Maca",2019-07-30,"YOSE8",NA,NA,NA,NA,NA,NA,NA,NA,NA,NA,NA,NA,NA,2019,0.5
"1","3","V",NA,NA,NA,NA,NA,"<1","1.0",1,"0.5",NA,NA,NA,NA,"N",NA,"Laura & Maca",2019-07-30,"YOSE8",NA,NA,NA,NA,NA,NA,NA,NA,NA,NA,NA,NA,NA,2019,0.5
"1","3","V",NA,NA,NA,NA,NA,"<1","1.0",1,"0.5",NA,NA,NA,NA,"N",NA,"Laura & Maca",2019-07-30,"YOSE8",NA,NA,NA,NA,NA,NA,NA,NA,NA,NA,NA,NA,NA,2019,0.5
"1","3","V",NA,NA,NA,NA,NA,"<1","1.0",1,"0.5",NA,NA,NA,NA,"N",NA,"Laura & Maca",2019-07-30,"YOSE8",NA,NA,NA,NA,NA,NA,NA,NA,NA,NA,NA,NA,NA,2019,0.5
"1","3","V",NA,NA,NA,NA,NA,"<1","1.0",1,"0.5",NA,NA,NA,NA,"N",NA,"Laura & Maca",2019-07-30,"YOSE8",NA,NA,NA,NA,NA,NA,NA,NA,NA,NA,NA,NA,NA,2019,0.5
"1","3","V",NA,NA,NA,NA,NA,"<1","1.0",1,"0.5",NA,NA,NA,NA,"N",NA,"Laura & Maca",2019-07-30,"YOSE8",NA,NA,NA,NA,NA,NA,NA,NA,NA,NA,NA,NA,NA,2019,0.5
"1","3","V",NA,NA,NA,NA,NA,"<1","1.0",1,"0.5",NA,NA,NA,NA,"N",NA,"Laura & Maca",2019-07-30,"YOSE8",NA,NA,NA,NA,NA,NA,NA,NA,NA,NA,NA,NA,NA,2019,0.5
"1","3","V",NA,NA,NA,NA,NA,"<1","1.0",1,"0.5",NA,NA,NA,NA,"N",NA,"Laura & Maca",2019-07-30,"YOSE8",NA,NA,NA,NA,NA,NA,NA,NA,NA,NA,NA,NA,NA,2019,0.5
"1","3","V",NA,NA,NA,NA,NA,"<1","1.0",1,"0.5",NA,NA,NA,NA,"N",NA,"Laura & Maca",2019-07-30,"YOSE8",NA,NA,NA,NA,NA,NA,NA,NA,NA,NA,NA,NA,NA,2019,0.5
"1","2.5","V",NA,NA,NA,NA,NA,"<1","3.0",1,"1.0",NA,NA,NA,NA,"N",NA,"Laura & Maca",2019-07-30,"YOSE8",NA,NA,NA,NA,NA,NA,NA,NA,NA,NA,NA,NA,NA,2019,0.5
"1","2.5","V",NA,NA,NA,NA,NA,"<1","1.8",1,"0.5",NA,NA,NA,NA,"N",NA,"Laura & Maca",2019-07-30,"YOSE8",NA,NA,NA,NA,NA,NA,NA,NA,NA,NA,NA,NA,NA,2019,0.5
"1","2.5","V",NA,NA,NA,NA,NA,"<1","1.0",1,"0.5",NA,NA,NA,NA,"N","copied x4","Laura & Maca",2019-07-30,"YOSE8",NA,NA,NA,NA,NA,NA,NA,NA,NA,NA,NA,NA,NA,2019,0.5
"1","2.5","V",NA,NA,NA,NA,NA,"<1","1.0",1,"0.5",NA,NA,NA,NA,"N",NA,"Laura & Maca",2019-07-30,"YOSE8",NA,NA,NA,NA,NA,NA,NA,NA,NA,NA,NA,NA,NA,2019,0.5
"1","2.5","V",NA,NA,NA,NA,NA,"<1","1.0",1,"0.5",NA,NA,NA,NA,"N",NA,"Laura & Maca",2019-07-30,"YOSE8",NA,NA,NA,NA,NA,NA,NA,NA,NA,NA,NA,NA,NA,2019,0.5
"1","2.5","V",NA,NA,NA,NA,NA,"<1","1.0",1,"0.5",NA,NA,NA,NA,"N",NA,"Laura & Maca",2019-07-30,"YOSE8",NA,NA,NA,NA,NA,NA,NA,NA,NA,NA,NA,NA,NA,2019,0.5
"2","6","V",NA,NA,NA,NA,NA,"<1","2.0",1,"0.5",NA,NA,NA,NA,"N",NA,"Laura & Maca",2019-07-30,"YOSE8",NA,NA,NA,NA,NA,NA,NA,NA,NA,NA,NA,NA,NA,2019,0.5
"2","6","V",NA,NA,NA,NA,NA,"<1","0.5",1,"0.1",NA,NA,NA,NA,"N","copied x11","Laura & Maca",2019-07-30,"YOSE8",NA,NA,NA,NA,NA,NA,NA,NA,NA,NA,NA,NA,NA,2019,0.5
"2","6","V",NA,NA,NA,NA,NA,"<1","0.5",1,"0.1",NA,NA,NA,NA,"N",NA,"Laura & Maca",2019-07-30,"YOSE8",NA,NA,NA,NA,NA,NA,NA,NA,NA,NA,NA,NA,NA,2019,0.5
"2","6","V",NA,NA,NA,NA,NA,"<1","0.5",1,"0.1",NA,NA,NA,NA,"N",NA,"Laura & Maca",2019-07-30,"YOSE8",NA,NA,NA,NA,NA,NA,NA,NA,NA,NA,NA,NA,NA,2019,0.5
"2","6","V",NA,NA,NA,NA,NA,"<1","0.5",1,"0.1",NA,NA,NA,NA,"N",NA,"Laura & Maca",2019-07-30,"YOSE8",NA,NA,NA,NA,NA,NA,NA,NA,NA,NA,NA,NA,NA,2019,0.5
"2","6","V",NA,NA,NA,NA,NA,"<1","0.5",1,"0.1",NA,NA,NA,NA,"N",NA,"Laura & Maca",2019-07-30,"YOSE8",NA,NA,NA,NA,NA,NA,NA,NA,NA,NA,NA,NA,NA,2019,0.5
"2","6","V",NA,NA,NA,NA,NA,"<1","0.5",1,"0.1",NA,NA,NA,NA,"N",NA,"Laura & Maca",2019-07-30,"YOSE8",NA,NA,NA,NA,NA,NA,NA,NA,NA,NA,NA,NA,NA,2019,0.5
"2","6","V",NA,NA,NA,NA,NA,"<1","0.5",1,"0.1",NA,NA,NA,NA,"N",NA,"Laura & Maca",2019-07-30,"YOSE8",NA,NA,NA,NA,NA,NA,NA,NA,NA,NA,NA,NA,NA,2019,0.5
"2","6","V",NA,NA,NA,NA,NA,"<1","0.5",1,"0.1",NA,NA,NA,NA,"N",NA,"Laura & Maca",2019-07-30,"YOSE8",NA,NA,NA,NA,NA,NA,NA,NA,NA,NA,NA,NA,NA,2019,0.5
"2","6","V",NA,NA,NA,NA,NA,"<1","0.5",1,"0.1",NA,NA,NA,NA,"N",NA,"Laura & Maca",2019-07-30,"YOSE8",NA,NA,NA,NA,NA,NA,NA,NA,NA,NA,NA,NA,NA,2019,0.5
"2","6","V",NA,NA,NA,NA,NA,"<1","0.5",1,"0.1",NA,NA,NA,NA,"N",NA,"Laura & Maca",2019-07-30,"YOSE8",NA,NA,NA,NA,NA,NA,NA,NA,NA,NA,NA,NA,NA,2019,0.5
"2","6","V",NA,NA,NA,NA,NA,"<1","0.5",1,"0.1",NA,NA,NA,NA,"N",NA,"Laura & Maca",2019-07-30,"YOSE8",NA,NA,NA,NA,NA,NA,NA,NA,NA,NA,NA,NA,NA,2019,0.5
"2","6","V",NA,NA,NA,NA,NA,"<1","1.5",1,"0.5",NA,NA,NA,NA,"N",NA,"Laura & Maca",2019-07-30,"YOSE8",NA,NA,NA,NA,NA,NA,NA,NA,NA,NA,NA,NA,NA,2019,0.5
"2","5.5","V",NA,NA,NA,NA,NA,"<1","1.5",1,"1.5",NA,NA,NA,NA,"N",NA,"Laura & Maca",2019-07-30,"YOSE8",NA,NA,NA,NA,NA,NA,NA,NA,NA,NA,NA,NA,NA,2019,0.5
"2","5.5","V",NA,NA,NA,NA,NA,"<1","2.7",1,"0.6",NA,NA,NA,NA,"N",NA,"Laura & Maca",2019-07-30,"YOSE8",NA,NA,NA,NA,NA,NA,NA,NA,NA,NA,NA,NA,NA,2019,0.5
"2","5.5","V",NA,NA,NA,NA,NA,"<1","1.6",1,"0.5",NA,NA,NA,NA,"N",NA,"Laura & Maca",2019-07-30,"YOSE8",NA,NA,NA,NA,NA,NA,NA,NA,NA,NA,NA,NA,NA,2019,0.5
"2","5.5","V",NA,NA,NA,NA,NA,"<1","1.8",1,"0.5",NA,NA,NA,NA,"N",NA,"Laura & Maca",2019-07-30,"YOSE8",NA,NA,NA,NA,NA,NA,NA,NA,NA,NA,NA,NA,NA,2019,0.5
"2","5.5","V",NA,NA,NA,NA,NA,"<1","1.5",1,"0.6",NA,NA,NA,NA,"N",NA,"Laura & Maca",2019-07-30,"YOSE8",NA,NA,NA,NA,NA,NA,NA,NA,NA,NA,NA,NA,NA,2019,0.5
"2","5.5","V",NA,NA,NA,NA,NA,"<1","1.3",1,"0.5",NA,NA,NA,NA,"N",NA,"Laura & Maca",2019-07-30,"YOSE8",NA,NA,NA,NA,NA,NA,NA,NA,NA,NA,NA,NA,NA,2019,0.5
"2","5.5","V",NA,NA,NA,NA,NA,"<1","1.0",1,"0.1",NA,NA,NA,NA,"N","copied x27","Laura & Maca",2019-07-30,"YOSE8",NA,NA,NA,NA,NA,NA,NA,NA,NA,NA,NA,NA,NA,2019,0.5
"2","5.5","V",NA,NA,NA,NA,NA,"<1","1.0",1,"0.1",NA,NA,NA,NA,"N",NA,"Laura & Maca",2019-07-30,"YOSE8",NA,NA,NA,NA,NA,NA,NA,NA,NA,NA,NA,NA,NA,2019,0.5
"2","5.5","V",NA,NA,NA,NA,NA,"<1","1.0",1,"0.1",NA,NA,NA,NA,"N",NA,"Laura & Maca",2019-07-30,"YOSE8",NA,NA,NA,NA,NA,NA,NA,NA,NA,NA,NA,NA,NA,2019,0.5
"2","5.5","V",NA,NA,NA,NA,NA,"<1","1.0",1,"0.1",NA,NA,NA,NA,"N",NA,"Laura & Maca",2019-07-30,"YOSE8",NA,NA,NA,NA,NA,NA,NA,NA,NA,NA,NA,NA,NA,2019,0.5
"2","5.5","V",NA,NA,NA,NA,NA,"<1","1.0",1,"0.1",NA,NA,NA,NA,"N",NA,"Laura & Maca",2019-07-30,"YOSE8",NA,NA,NA,NA,NA,NA,NA,NA,NA,NA,NA,NA,NA,2019,0.5
"2","5.5","V",NA,NA,NA,NA,NA,"<1","1.0",1,"0.1",NA,NA,NA,NA,"N",NA,"Laura & Maca",2019-07-30,"YOSE8",NA,NA,NA,NA,NA,NA,NA,NA,NA,NA,NA,NA,NA,2019,0.5
"2","5.5","V",NA,NA,NA,NA,NA,"<1","1.0",1,"0.1",NA,NA,NA,NA,"N",NA,"Laura & Maca",2019-07-30,"YOSE8",NA,NA,NA,NA,NA,NA,NA,NA,NA,NA,NA,NA,NA,2019,0.5
"2","5.5","V",NA,NA,NA,NA,NA,"<1","1.0",1,"0.1",NA,NA,NA,NA,"N",NA,"Laura & Maca",2019-07-30,"YOSE8",NA,NA,NA,NA,NA,NA,NA,NA,NA,NA,NA,NA,NA,2019,0.5
"2","5.5","V",NA,NA,NA,NA,NA,"<1","1.0",1,"0.1",NA,NA,NA,NA,"N",NA,"Laura & Maca",2019-07-30,"YOSE8",NA,NA,NA,NA,NA,NA,NA,NA,NA,NA,NA,NA,NA,2019,0.5
"2","5.5","V",NA,NA,NA,NA,NA,"<1","1.0",1,"0.1",NA,NA,NA,NA,"N",NA,"Laura & Maca",2019-07-30,"YOSE8",NA,NA,NA,NA,NA,NA,NA,NA,NA,NA,NA,NA,NA,2019,0.5
"2","5.5","V",NA,NA,NA,NA,NA,"<1","1.0",1,"0.1",NA,NA,NA,NA,"N",NA,"Laura & Maca",2019-07-30,"YOSE8",NA,NA,NA,NA,NA,NA,NA,NA,NA,NA,NA,NA,NA,2019,0.5
"2","5.5","V",NA,NA,NA,NA,NA,"<1","1.0",1,"0.1",NA,NA,NA,NA,"N",NA,"Laura & Maca",2019-07-30,"YOSE8",NA,NA,NA,NA,NA,NA,NA,NA,NA,NA,NA,NA,NA,2019,0.5
"2","5.5","V",NA,NA,NA,NA,NA,"<1","1.0",1,"0.1",NA,NA,NA,NA,"N",NA,"Laura & Maca",2019-07-30,"YOSE8",NA,NA,NA,NA,NA,NA,NA,NA,NA,NA,NA,NA,NA,2019,0.5
"2","5.5","V",NA,NA,NA,NA,NA,"<1","1.0",1,"0.1",NA,NA,NA,NA,"N",NA,"Laura & Maca",2019-07-30,"YOSE8",NA,NA,NA,NA,NA,NA,NA,NA,NA,NA,NA,NA,NA,2019,0.5
"2","5.5","V",NA,NA,NA,NA,NA,"<1","1.0",1,"0.1",NA,NA,NA,NA,"N",NA,"Laura & Maca",2019-07-30,"YOSE8",NA,NA,NA,NA,NA,NA,NA,NA,NA,NA,NA,NA,NA,2019,0.5
"2","5.5","V",NA,NA,NA,NA,NA,"<1","1.0",1,"0.1",NA,NA,NA,NA,"N",NA,"Laura & Maca",2019-07-30,"YOSE8",NA,NA,NA,NA,NA,NA,NA,NA,NA,NA,NA,NA,NA,2019,0.5
"2","5.5","V",NA,NA,NA,NA,NA,"<1","1.0",1,"0.1",NA,NA,NA,NA,"N",NA,"Laura & Maca",2019-07-30,"YOSE8",NA,NA,NA,NA,NA,NA,NA,NA,NA,NA,NA,NA,NA,2019,0.5
"2","5.5","V",NA,NA,NA,NA,NA,"<1","1.0",1,"0.1",NA,NA,NA,NA,"N",NA,"Laura & Maca",2019-07-30,"YOSE8",NA,NA,NA,NA,NA,NA,NA,NA,NA,NA,NA,NA,NA,2019,0.5
"2","5.5","V",NA,NA,NA,NA,NA,"<1","1.0",1,"0.1",NA,NA,NA,NA,"N",NA,"Laura & Maca",2019-07-30,"YOSE8",NA,NA,NA,NA,NA,NA,NA,NA,NA,NA,NA,NA,NA,2019,0.5
"2","5.5","V",NA,NA,NA,NA,NA,"<1","1.0",1,"0.1",NA,NA,NA,NA,"N",NA,"Laura & Maca",2019-07-30,"YOSE8",NA,NA,NA,NA,NA,NA,NA,NA,NA,NA,NA,NA,NA,2019,0.5
"2","5.5","V",NA,NA,NA,NA,NA,"<1","1.0",1,"0.1",NA,NA,NA,NA,"N",NA,"Laura & Maca",2019-07-30,"YOSE8",NA,NA,NA,NA,NA,NA,NA,NA,NA,NA,NA,NA,NA,2019,0.5
"2","5.5","V",NA,NA,NA,NA,NA,"<1","1.0",1,"0.1",NA,NA,NA,NA,"N",NA,"Laura & Maca",2019-07-30,"YOSE8",NA,NA,NA,NA,NA,NA,NA,NA,NA,NA,NA,NA,NA,2019,0.5
"2","5.5","V",NA,NA,NA,NA,NA,"<1","1.0",1,"0.1",NA,NA,NA,NA,"N",NA,"Laura & Maca",2019-07-30,"YOSE8",NA,NA,NA,NA,NA,NA,NA,NA,NA,NA,NA,NA,NA,2019,0.5
"2","5.5","V",NA,NA,NA,NA,NA,"<1","1.0",1,"0.1",NA,NA,NA,NA,"N",NA,"Laura & Maca",2019-07-30,"YOSE8",NA,NA,NA,NA,NA,NA,NA,NA,NA,NA,NA,NA,NA,2019,0.5
"2","5.5","V",NA,NA,NA,NA,NA,"<1","1.0",1,"0.1",NA,NA,NA,NA,"N",NA,"Laura & Maca",2019-07-30,"YOSE8",NA,NA,NA,NA,NA,NA,NA,NA,NA,NA,NA,NA,NA,2019,0.5
"2","5.5","V",NA,NA,NA,NA,NA,"<1","1.0",1,"0.1",NA,NA,NA,NA,"N",NA,"Laura & Maca",2019-07-30,"YOSE8",NA,NA,NA,NA,NA,NA,NA,NA,NA,NA,NA,NA,NA,2019,0.5
"2","5.5","V",NA,NA,NA,NA,NA,"<1","1.0",1,"0.1",NA,NA,NA,NA,"N",NA,"Laura & Maca",2019-07-30,"YOSE8",NA,NA,NA,NA,NA,NA,NA,NA,NA,NA,NA,NA,NA,2019,0.5
"2","5","V",NA,NA,NA,NA,NA,"<1","1.6",1,"0.6",NA,NA,NA,NA,"N",NA,"Laura & Maca",2019-07-30,"YOSE8",NA,NA,NA,NA,NA,NA,NA,NA,NA,NA,NA,NA,NA,2019,0.5
"2","5","V",NA,NA,NA,NA,NA,"<1","3.5",1,"1.0",NA,NA,NA,NA,"N",NA,"Laura & Maca",2019-07-30,"YOSE8",NA,NA,NA,NA,NA,NA,NA,NA,NA,NA,NA,NA,NA,2019,0.5
"2","5","V",NA,NA,NA,NA,NA,"<1","1.5",1,"0.5",NA,NA,NA,NA,"N",NA,"Laura & Maca",2019-07-30,"YOSE8",NA,NA,NA,NA,NA,NA,NA,NA,NA,NA,NA,NA,NA,2019,0.5
"2","5","V",NA,NA,NA,NA,NA,"<1","3.2",1,"1.0",NA,NA,NA,NA,"N",NA,"Laura & Maca",2019-07-30,"YOSE8",NA,NA,NA,NA,NA,NA,NA,NA,NA,NA,NA,NA,NA,2019,0.5
"2","5","V",NA,NA,NA,NA,NA,"<1","2.0",1,"0.6",NA,NA,NA,NA,"N",NA,"Laura & Maca",2019-07-30,"YOSE8",NA,NA,NA,NA,NA,NA,NA,NA,NA,NA,NA,NA,NA,2019,0.5
"2","5","V",NA,NA,NA,NA,NA,"<1","1.0",1,"0.6",NA,NA,NA,NA,"N",NA,"Laura & Maca",2019-07-30,"YOSE8",NA,NA,NA,NA,NA,NA,NA,NA,NA,NA,NA,NA,NA,2019,0.5
"2","5","V",NA,NA,NA,NA,NA,"<1","2.0",1,"0.5",NA,NA,NA,NA,"N",NA,"Laura & Maca",2019-07-30,"YOSE8",NA,NA,NA,NA,NA,NA,NA,NA,NA,NA,NA,NA,NA,2019,0.5
"2","5","V",NA,NA,NA,NA,NA,"<1","3.0",1,"0.6",NA,NA,NA,NA,"N",NA,"Laura & Maca",2019-07-30,"YOSE8",NA,NA,NA,NA,NA,NA,NA,NA,NA,NA,NA,NA,NA,2019,0.5
"2","5","V",NA,NA,NA,NA,NA,"<1","2.5",1,"0.5",NA,NA,NA,NA,"N",NA,"Laura & Maca",2019-07-30,"YOSE8",NA,NA,NA,NA,NA,NA,NA,NA,NA,NA,NA,NA,NA,2019,0.5
"2","5","V",NA,NA,NA,NA,NA,"<1","1.0",1,"0.5",NA,NA,NA,NA,"N",NA,"Laura & Maca",2019-07-30,"YOSE8",NA,NA,NA,NA,NA,NA,NA,NA,NA,NA,NA,NA,NA,2019,0.5
"2","5","V",NA,NA,NA,NA,NA,"<1","1.0",1,"0.7",NA,NA,NA,NA,"N",NA,"Laura & Maca",2019-07-30,"YOSE8",NA,NA,NA,NA,NA,NA,NA,NA,NA,NA,NA,NA,NA,2019,0.5
"2","5","V",NA,NA,NA,NA,NA,"<1","1.0",1,"0.1",NA,NA,NA,NA,"N","copied x32","Laura & Maca",2019-07-30,"YOSE8",NA,NA,NA,NA,NA,NA,NA,NA,NA,NA,NA,NA,NA,2019,0.5
"2","5","V",NA,NA,NA,NA,NA,"<1","1.0",1,"0.1",NA,NA,NA,NA,"N",NA,"Laura & Maca",2019-07-30,"YOSE8",NA,NA,NA,NA,NA,NA,NA,NA,NA,NA,NA,NA,NA,2019,0.5
"2","5","V",NA,NA,NA,NA,NA,"<1","1.0",1,"0.1",NA,NA,NA,NA,"N",NA,"Laura & Maca",2019-07-30,"YOSE8",NA,NA,NA,NA,NA,NA,NA,NA,NA,NA,NA,NA,NA,2019,0.5
"2","5","V",NA,NA,NA,NA,NA,"<1","1.0",1,"0.1",NA,NA,NA,NA,"N",NA,"Laura & Maca",2019-07-30,"YOSE8",NA,NA,NA,NA,NA,NA,NA,NA,NA,NA,NA,NA,NA,2019,0.5
"2","5","V",NA,NA,NA,NA,NA,"<1","1.0",1,"0.1",NA,NA,NA,NA,"N",NA,"Laura & Maca",2019-07-30,"YOSE8",NA,NA,NA,NA,NA,NA,NA,NA,NA,NA,NA,NA,NA,2019,0.5
"2","5","V",NA,NA,NA,NA,NA,"<1","1.0",1,"0.1",NA,NA,NA,NA,"N",NA,"Laura & Maca",2019-07-30,"YOSE8",NA,NA,NA,NA,NA,NA,NA,NA,NA,NA,NA,NA,NA,2019,0.5
"2","5","V",NA,NA,NA,NA,NA,"<1","1.0",1,"0.1",NA,NA,NA,NA,"N",NA,"Laura & Maca",2019-07-30,"YOSE8",NA,NA,NA,NA,NA,NA,NA,NA,NA,NA,NA,NA,NA,2019,0.5
"2","5","V",NA,NA,NA,NA,NA,"<1","1.0",1,"0.1",NA,NA,NA,NA,"N",NA,"Laura & Maca",2019-07-30,"YOSE8",NA,NA,NA,NA,NA,NA,NA,NA,NA,NA,NA,NA,NA,2019,0.5
"2","5","V",NA,NA,NA,NA,NA,"<1","1.0",1,"0.1",NA,NA,NA,NA,"N",NA,"Laura & Maca",2019-07-30,"YOSE8",NA,NA,NA,NA,NA,NA,NA,NA,NA,NA,NA,NA,NA,2019,0.5
"2","5","V",NA,NA,NA,NA,NA,"<1","1.0",1,"0.1",NA,NA,NA,NA,"N",NA,"Laura & Maca",2019-07-30,"YOSE8",NA,NA,NA,NA,NA,NA,NA,NA,NA,NA,NA,NA,NA,2019,0.5
"2","5","V",NA,NA,NA,NA,NA,"<1","1.0",1,"0.1",NA,NA,NA,NA,"N",NA,"Laura & Maca",2019-07-30,"YOSE8",NA,NA,NA,NA,NA,NA,NA,NA,NA,NA,NA,NA,NA,2019,0.5
"2","5","V",NA,NA,NA,NA,NA,"<1","1.0",1,"0.1",NA,NA,NA,NA,"N",NA,"Laura & Maca",2019-07-30,"YOSE8",NA,NA,NA,NA,NA,NA,NA,NA,NA,NA,NA,NA,NA,2019,0.5
"2","5","V",NA,NA,NA,NA,NA,"<1","1.0",1,"0.1",NA,NA,NA,NA,"N",NA,"Laura & Maca",2019-07-30,"YOSE8",NA,NA,NA,NA,NA,NA,NA,NA,NA,NA,NA,NA,NA,2019,0.5
"2","5","V",NA,NA,NA,NA,NA,"<1","1.0",1,"0.1",NA,NA,NA,NA,"N",NA,"Laura & Maca",2019-07-30,"YOSE8",NA,NA,NA,NA,NA,NA,NA,NA,NA,NA,NA,NA,NA,2019,0.5
"2","5","V",NA,NA,NA,NA,NA,"<1","1.0",1,"0.1",NA,NA,NA,NA,"N",NA,"Laura & Maca",2019-07-30,"YOSE8",NA,NA,NA,NA,NA,NA,NA,NA,NA,NA,NA,NA,NA,2019,0.5
"2","5","V",NA,NA,NA,NA,NA,"<1","1.0",1,"0.1",NA,NA,NA,NA,"N",NA,"Laura & Maca",2019-07-30,"YOSE8",NA,NA,NA,NA,NA,NA,NA,NA,NA,NA,NA,NA,NA,2019,0.5
"2","5","V",NA,NA,NA,NA,NA,"<1","1.0",1,"0.1",NA,NA,NA,NA,"N",NA,"Laura & Maca",2019-07-30,"YOSE8",NA,NA,NA,NA,NA,NA,NA,NA,NA,NA,NA,NA,NA,2019,0.5
"2","5","V",NA,NA,NA,NA,NA,"<1","1.0",1,"0.1",NA,NA,NA,NA,"N",NA,"Laura & Maca",2019-07-30,"YOSE8",NA,NA,NA,NA,NA,NA,NA,NA,NA,NA,NA,NA,NA,2019,0.5
"2","5","V",NA,NA,NA,NA,NA,"<1","1.0",1,"0.1",NA,NA,NA,NA,"N",NA,"Laura & Maca",2019-07-30,"YOSE8",NA,NA,NA,NA,NA,NA,NA,NA,NA,NA,NA,NA,NA,2019,0.5
"2","5","V",NA,NA,NA,NA,NA,"<1","1.0",1,"0.1",NA,NA,NA,NA,"N",NA,"Laura & Maca",2019-07-30,"YOSE8",NA,NA,NA,NA,NA,NA,NA,NA,NA,NA,NA,NA,NA,2019,0.5
"2","5","V",NA,NA,NA,NA,NA,"<1","1.0",1,"0.1",NA,NA,NA,NA,"N",NA,"Laura & Maca",2019-07-30,"YOSE8",NA,NA,NA,NA,NA,NA,NA,NA,NA,NA,NA,NA,NA,2019,0.5
"2","5","V",NA,NA,NA,NA,NA,"<1","1.0",1,"0.1",NA,NA,NA,NA,"N",NA,"Laura & Maca",2019-07-30,"YOSE8",NA,NA,NA,NA,NA,NA,NA,NA,NA,NA,NA,NA,NA,2019,0.5
"2","5","V",NA,NA,NA,NA,NA,"<1","1.0",1,"0.1",NA,NA,NA,NA,"N",NA,"Laura & Maca",2019-07-30,"YOSE8",NA,NA,NA,NA,NA,NA,NA,NA,NA,NA,NA,NA,NA,2019,0.5
"2","5","V",NA,NA,NA,NA,NA,"<1","1.0",1,"0.1",NA,NA,NA,NA,"N",NA,"Laura & Maca",2019-07-30,"YOSE8",NA,NA,NA,NA,NA,NA,NA,NA,NA,NA,NA,NA,NA,2019,0.5
"2","5","V",NA,NA,NA,NA,NA,"<1","1.0",1,"0.1",NA,NA,NA,NA,"N",NA,"Laura & Maca",2019-07-30,"YOSE8",NA,NA,NA,NA,NA,NA,NA,NA,NA,NA,NA,NA,NA,2019,0.5
"2","5","V",NA,NA,NA,NA,NA,"<1","1.0",1,"0.1",NA,NA,NA,NA,"N",NA,"Laura & Maca",2019-07-30,"YOSE8",NA,NA,NA,NA,NA,NA,NA,NA,NA,NA,NA,NA,NA,2019,0.5
"2","5","V",NA,NA,NA,NA,NA,"<1","1.0",1,"0.1",NA,NA,NA,NA,"N",NA,"Laura & Maca",2019-07-30,"YOSE8",NA,NA,NA,NA,NA,NA,NA,NA,NA,NA,NA,NA,NA,2019,0.5
"2","5","V",NA,NA,NA,NA,NA,"<1","1.0",1,"0.1",NA,NA,NA,NA,"N",NA,"Laura & Maca",2019-07-30,"YOSE8",NA,NA,NA,NA,NA,NA,NA,NA,NA,NA,NA,NA,NA,2019,0.5
"2","5","V",NA,NA,NA,NA,NA,"<1","1.0",1,"0.1",NA,NA,NA,NA,"N",NA,"Laura & Maca",2019-07-30,"YOSE8",NA,NA,NA,NA,NA,NA,NA,NA,NA,NA,NA,NA,NA,2019,0.5
"2","5","V",NA,NA,NA,NA,NA,"<1","1.0",1,"0.1",NA,NA,NA,NA,"N",NA,"Laura & Maca",2019-07-30,"YOSE8",NA,NA,NA,NA,NA,NA,NA,NA,NA,NA,NA,NA,NA,2019,0.5
"2","5","V",NA,NA,NA,NA,NA,"<1","1.0",1,"0.1",NA,NA,NA,NA,"N",NA,"Laura & Maca",2019-07-30,"YOSE8",NA,NA,NA,NA,NA,NA,NA,NA,NA,NA,NA,NA,NA,2019,0.5
"2","5","V",NA,NA,NA,NA,NA,"<1","1.0",1,"0.1",NA,NA,NA,NA,"N",NA,"Laura & Maca",2019-07-30,"YOSE8",NA,NA,NA,NA,NA,NA,NA,NA,NA,NA,NA,NA,NA,2019,0.5
"2","4.5","V",NA,NA,NA,NA,NA,"<1","2.0",1,"0.9",NA,NA,NA,NA,"N",NA,"Laura & Maca",2019-07-30,"YOSE8",NA,NA,NA,NA,NA,NA,NA,NA,NA,NA,NA,NA,NA,2019,0.5
"2","4.5","V",NA,NA,NA,NA,NA,"<1","1.0",1,"0.9",NA,NA,NA,NA,"N",NA,"Laura & Maca",2019-07-30,"YOSE8",NA,NA,NA,NA,NA,NA,NA,NA,NA,NA,NA,NA,NA,2019,0.5
"2","4.5","V",NA,NA,NA,NA,NA,"<1","0.4",1,"0.3",NA,NA,NA,NA,"N",NA,"Laura & Maca",2019-07-30,"YOSE8",NA,NA,NA,NA,NA,NA,NA,NA,NA,NA,NA,NA,NA,2019,0.5
"2","4.5","V",NA,NA,NA,NA,NA,"<1","2.0",1,"1.0",NA,NA,NA,NA,"N",NA,"Laura & Maca",2019-07-30,"YOSE8",NA,NA,NA,NA,NA,NA,NA,NA,NA,NA,NA,NA,NA,2019,0.5
"2","4.5","V",NA,NA,NA,NA,NA,"<1","2.5",1,"0.9",NA,NA,NA,NA,"N",NA,"Laura & Maca",2019-07-30,"YOSE8",NA,NA,NA,NA,NA,NA,NA,NA,NA,NA,NA,NA,NA,2019,0.5
"2","4.5","V",NA,NA,NA,NA,NA,"<1","2.5",1,"1.2",NA,NA,NA,NA,"N",NA,"Laura & Maca",2019-07-30,"YOSE8",NA,NA,NA,NA,NA,NA,NA,NA,NA,NA,NA,NA,NA,2019,0.5
"2","4.5","V",NA,NA,NA,NA,NA,"<1","2.7",1,"1.0",NA,NA,NA,NA,"N",NA,"Laura & Maca",2019-07-30,"YOSE8",NA,NA,NA,NA,NA,NA,NA,NA,NA,NA,NA,NA,NA,2019,0.5
"2","4.5","V",NA,NA,NA,NA,NA,"<1","2.9",1,"0.6",NA,NA,NA,NA,"N",NA,"Laura & Maca",2019-07-30,"YOSE8",NA,NA,NA,NA,NA,NA,NA,NA,NA,NA,NA,NA,NA,2019,0.5
"2","0","V",NA,NA,NA,NA,NA,"<1","5.1",1,"1.2",NA,NA,NA,NA,"N",NA,"Maya & Eva",2019-07-30,"YOSE8",NA,NA,NA,NA,NA,NA,NA,NA,NA,NA,NA,NA,NA,2019,0.5
"2","0","V",NA,NA,NA,NA,NA,"<1","3.1",1,"1.3",NA,NA,NA,NA,"N",NA,"Maya & Eva",2019-07-30,"YOSE8",NA,NA,NA,NA,NA,NA,NA,NA,NA,NA,NA,NA,NA,2019,0.5
"2","0","V",30,3,"0.0",NA,NA,"1.15","2.1",3,"1.0",NA,NA,NA,NA,"Y",NA,"Maya & Eva",2019-07-30,"YOSE8",NA,NA,NA,NA,NA,NA,NA,NA,NA,NA,NA,NA,NA,2019,1.15
"2","0","V",NA,NA,NA,NA,NA,"<1","1.0",1,"0.6",NA,NA,NA,NA,"N",NA,"Maya & Eva",2019-07-30,"YOSE8",NA,NA,NA,NA,NA,NA,NA,NA,NA,NA,NA,NA,NA,2019,0.5
"2","0","V",NA,NA,NA,NA,NA,"<1","0.5",1,"0.2",NA,NA,NA,NA,"N",NA,"Maya & Eva",2019-07-30,"YOSE8",NA,NA,NA,NA,NA,NA,NA,NA,NA,NA,NA,NA,NA,2019,0.5
"2","0","V",29,7,"73.0",NA,NA,"1.36","1.3",3,"0.7",NA,NA,NA,NA,"Y",NA,"Maya & Eva",2019-07-30,"YOSE8",NA,NA,NA,NA,NA,NA,NA,NA,NA,NA,NA,NA,NA,2019,1.36
"2","0","V",NA,NA,NA,NA,NA,"<1","2.0",1,"0.5",NA,NA,NA,NA,"N",NA,"Maya & Eva",2019-07-30,"YOSE8",NA,NA,NA,NA,NA,NA,NA,NA,NA,NA,NA,NA,NA,2019,0.5
"2","0","V",NA,NA,NA,NA,NA,"<1","2.7",1,"1.1",NA,NA,NA,NA,"N",NA,"Maya & Eva",2019-07-30,"YOSE8",NA,NA,NA,NA,NA,NA,NA,NA,NA,NA,NA,NA,NA,2019,0.5
"2","0","V",NA,NA,NA,NA,NA,"<1","2.8",1,"1.1",NA,NA,NA,NA,"N",NA,"Maya & Eva",2019-07-30,"YOSE8",NA,NA,NA,NA,NA,NA,NA,NA,NA,NA,NA,NA,NA,2019,0.5
"2","0","V",NA,NA,NA,NA,NA,"<1","1.4",1,"0.6",NA,NA,NA,NA,"N",NA,"Maya & Eva",2019-07-30,"YOSE8",NA,NA,NA,NA,NA,NA,NA,NA,NA,NA,NA,NA,NA,2019,0.5
"2","0","V",NA,NA,NA,NA,NA,"<1","1.8",1,"0.4",NA,NA,NA,NA,"N",NA,"Maya & Eva",2019-07-30,"YOSE8",NA,NA,NA,NA,NA,NA,NA,NA,NA,NA,NA,NA,NA,2019,0.5
"2","0","V",NA,NA,NA,NA,NA,"<1","1.5",1,"0.3",NA,NA,NA,NA,"N",NA,"Maya & Eva",2019-07-30,"YOSE8",NA,NA,NA,NA,NA,NA,NA,NA,NA,NA,NA,NA,NA,2019,0.5
"2","0","V",NA,NA,NA,NA,NA,"<1","1.8",1,"0.5",NA,NA,NA,NA,"N",NA,"Maya & Eva",2019-07-30,"YOSE8",NA,NA,NA,NA,NA,NA,NA,NA,NA,NA,NA,NA,NA,2019,0.5
"2","0","V",NA,NA,NA,NA,NA,"<1","1.1",1,"0.4",NA,NA,NA,NA,"N",NA,"Maya & Eva",2019-07-30,"YOSE8",NA,NA,NA,NA,NA,NA,NA,NA,NA,NA,NA,NA,NA,2019,0.5
"2","0","V",NA,NA,NA,NA,NA,"<1","1.1",1,"0.4",NA,NA,NA,NA,"N",NA,"Maya & Eva",2019-07-30,"YOSE8",NA,NA,NA,NA,NA,NA,NA,NA,NA,NA,NA,NA,NA,2019,0.5
"2","0","V",NA,NA,NA,NA,NA,"<1","3.5",1,"1.1",NA,NA,NA,NA,"N",NA,"Maya & Eva",2019-07-30,"YOSE8",NA,NA,NA,NA,NA,NA,NA,NA,NA,NA,NA,NA,NA,2019,0.5
"2","0","V",NA,NA,NA,NA,NA,"<1","2.1",1,"0.6",NA,NA,NA,NA,"N",NA,"Maya & Eva",2019-07-30,"YOSE8",NA,NA,NA,NA,NA,NA,NA,NA,NA,NA,NA,NA,NA,2019,0.5
"2","0.5","V",NA,NA,NA,NA,NA,"<1","2.0",1,"0.4",NA,NA,NA,NA,"N",NA,"Maya & Eva",2019-07-30,"YOSE8",NA,NA,NA,NA,NA,NA,NA,NA,NA,NA,NA,NA,NA,2019,0.5
"2","0.5","V",NA,NA,NA,NA,NA,"<1","1.9",1,"0.6",NA,NA,NA,NA,"N",NA,"Maya & Eva",2019-07-30,"YOSE8",NA,NA,NA,NA,NA,NA,NA,NA,NA,NA,NA,NA,NA,2019,0.5
"2","0.5","V",NA,NA,NA,NA,NA,"<1","3.1",1,"0.7",NA,NA,NA,NA,"N",NA,"Maya & Eva",2019-07-30,"YOSE8",NA,NA,NA,NA,NA,NA,NA,NA,NA,NA,NA,NA,NA,2019,0.5
"2","0.5","V",NA,NA,NA,NA,NA,"<1","2.2",1,"0.5",NA,NA,NA,NA,"N",NA,"Maya & Eva",2019-07-30,"YOSE8",NA,NA,NA,NA,NA,NA,NA,NA,NA,NA,NA,NA,NA,2019,0.5
"2","0.5","V",NA,NA,NA,NA,NA,"<1","1.6",1,"0.5",NA,NA,NA,NA,"N",NA,"Maya & Eva",2019-07-30,"YOSE8",NA,NA,NA,NA,NA,NA,NA,NA,NA,NA,NA,NA,NA,2019,0.5
"2","0.5","V",NA,NA,NA,NA,NA,"<1","3.3",1,"0.6",NA,NA,NA,NA,"N",NA,"Maya & Eva",2019-07-30,"YOSE8",NA,NA,NA,NA,NA,NA,NA,NA,NA,NA,NA,NA,NA,2019,0.5
"2","0.5","V",NA,NA,NA,NA,NA,"<1","2.5",1,"1.0",NA,NA,NA,NA,"N",NA,"Maya & Eva",2019-07-30,"YOSE8",NA,NA,NA,NA,NA,NA,NA,NA,NA,NA,NA,NA,NA,2019,0.5
"2","0.5","V",NA,NA,NA,NA,NA,"<1","3.1",1,"0.5",NA,NA,NA,NA,"N",NA,"Maya & Eva",2019-07-30,"YOSE8",NA,NA,NA,NA,NA,NA,NA,NA,NA,NA,NA,NA,NA,2019,0.5
"2","1","V",NA,NA,NA,NA,NA,"<1","1.3",1,"0.4",NA,NA,NA,NA,"N",NA,"Maya & Eva",2019-07-30,"YOSE8",NA,NA,NA,NA,NA,NA,NA,NA,NA,NA,NA,NA,NA,2019,0.5
"2","1","V",NA,NA,NA,NA,NA,"<1","2.6",1,"0.6",NA,NA,NA,NA,"N",NA,"Maya & Eva",2019-07-30,"YOSE8",NA,NA,NA,NA,NA,NA,NA,NA,NA,NA,NA,NA,NA,2019,0.5
"2","1","V",NA,NA,NA,NA,NA,"<1","2.2",1,"0.4",NA,NA,NA,NA,"N",NA,"Maya & Eva",2019-07-30,"YOSE8",NA,NA,NA,NA,NA,NA,NA,NA,NA,NA,NA,NA,NA,2019,0.5
"2","1","V",NA,NA,NA,NA,NA,"<1","1.4",1,"0.3",NA,NA,NA,NA,"N",NA,"Maya & Eva",2019-07-30,"YOSE8",NA,NA,NA,NA,NA,NA,NA,NA,NA,NA,NA,NA,NA,2019,0.5
"2","1","V",NA,NA,NA,NA,NA,"<1","0.6",1,"0.2",NA,NA,NA,NA,"N",NA,"Maya & Eva",2019-07-30,"YOSE8",NA,NA,NA,NA,NA,NA,NA,NA,NA,NA,NA,NA,NA,2019,0.5
"2","1","V",NA,NA,NA,NA,NA,"<1","1.0",1,"0.3",NA,NA,NA,NA,"N",NA,"Maya & Eva",2019-07-30,"YOSE8",NA,NA,NA,NA,NA,NA,NA,NA,NA,NA,NA,NA,NA,2019,0.5
"2","1.5","V",NA,NA,NA,NA,NA,"<1","0.5",1,"0.2",NA,NA,NA,NA,"N",NA,"Maya & Eva",2019-07-30,"YOSE8",NA,NA,NA,NA,NA,NA,NA,NA,NA,NA,NA,NA,NA,2019,0.5
"2","1.5","V",NA,NA,NA,NA,NA,"<1","1.6",1,"0.4",NA,NA,NA,NA,"N",NA,"Maya & Eva",2019-07-30,"YOSE8",NA,NA,NA,NA,NA,NA,NA,NA,NA,NA,NA,NA,NA,2019,0.5
"2","1.5","V",NA,NA,NA,NA,NA,"<1","1.2",1,"0.3",NA,NA,NA,NA,"N",NA,"Maya & Eva",2019-07-30,"YOSE8",NA,NA,NA,NA,NA,NA,NA,NA,NA,NA,NA,NA,NA,2019,0.5
"2","1.5","V",NA,NA,NA,NA,NA,"<1","1.9",1,"0.6",NA,NA,NA,NA,"N",NA,"Maya & Eva",2019-07-30,"YOSE8",NA,NA,NA,NA,NA,NA,NA,NA,NA,NA,NA,NA,NA,2019,0.5
"2","2",NA,NA,NA,NA,NA,NA,NA,NA,NA,NA,NA,NA,NA,NA,NA,"no plants","Maya & Eva",2019-07-30,"YOSE8",NA,NA,NA,NA,NA,NA,NA,NA,NA,NA,NA,NA,NA,2019,NA
"2","2.5","V",NA,NA,NA,NA,NA,"<1","2.6",1,"0.5",NA,NA,NA,NA,"N",NA,"Maya & Eva",2019-07-30,"YOSE8",NA,NA,NA,NA,NA,NA,NA,NA,NA,NA,NA,NA,NA,2019,0.5
"2","2.5","V",NA,NA,NA,NA,NA,"<1","1.1",1,"0.3",NA,NA,NA,NA,"N",NA,"Maya & Eva",2019-07-30,"YOSE8",NA,NA,NA,NA,NA,NA,NA,NA,NA,NA,NA,NA,NA,2019,0.5
"2","2.5","V",NA,NA,NA,NA,NA,"<1","0.6",1,"0.3",NA,NA,NA,NA,"N",NA,"Maya & Eva",2019-07-30,"YOSE8",NA,NA,NA,NA,NA,NA,NA,NA,NA,NA,NA,NA,NA,2019,0.5
"2","2.5","V",NA,NA,NA,NA,NA,"<1","1.1",1,"0.3",NA,NA,NA,NA,"N",NA,"Maya & Eva",2019-07-30,"YOSE8",NA,NA,NA,NA,NA,NA,NA,NA,NA,NA,NA,NA,NA,2019,0.5
"2","2.5","V",NA,NA,NA,NA,NA,"<1","1.9",1,"0.4",NA,NA,NA,NA,"N",NA,"Maya & Eva",2019-07-30,"YOSE8",NA,NA,NA,NA,NA,NA,NA,NA,NA,NA,NA,NA,NA,2019,0.5
"2","2.5","V",NA,NA,NA,NA,NA,"<1","1.8",1,"0.6",NA,NA,NA,NA,"N",NA,"Maya & Eva",2019-07-30,"YOSE8",NA,NA,NA,NA,NA,NA,NA,NA,NA,NA,NA,NA,NA,2019,0.5
"2","2.5","V",NA,NA,NA,NA,NA,"<1","1.0",1,"0.4",NA,NA,NA,NA,"N",NA,"Maya & Eva",2019-07-30,"YOSE8",NA,NA,NA,NA,NA,NA,NA,NA,NA,NA,NA,NA,NA,2019,0.5
"2","2.5","V",NA,NA,NA,NA,NA,"<1","1.0",1,"0.4",NA,NA,NA,NA,"N",NA,"Maya & Eva",2019-07-30,"YOSE8",NA,NA,NA,NA,NA,NA,NA,NA,NA,NA,NA,NA,NA,2019,0.5
"2","2.5","V",NA,NA,NA,NA,NA,"<1","2.0",1,"0.5",NA,NA,NA,NA,"N",NA,"Maya & Eva",2019-07-30,"YOSE8",NA,NA,NA,NA,NA,NA,NA,NA,NA,NA,NA,NA,NA,2019,0.5
"2","3","V",NA,NA,NA,NA,NA,"<1","1.1",1,"0.3",NA,NA,NA,NA,"N",NA,"Maya & Eva",2019-07-30,"YOSE8",NA,NA,NA,NA,NA,NA,NA,NA,NA,NA,NA,NA,NA,2019,0.5
"2","3","V",NA,NA,NA,NA,NA,"<1","2.9",1,"0.7",NA,NA,NA,NA,"N",NA,"Maya & Eva",2019-07-30,"YOSE8",NA,NA,NA,NA,NA,NA,NA,NA,NA,NA,NA,NA,NA,2019,0.5
"2","3","V",NA,NA,NA,NA,NA,"<1","2.6",1,"0.4",NA,NA,NA,NA,"N",NA,"Maya & Eva",2019-07-30,"YOSE8",NA,NA,NA,NA,NA,NA,NA,NA,NA,NA,NA,NA,NA,2019,0.5
"2","3","V",NA,NA,NA,NA,NA,"<1","1.5",1,"0.3",NA,NA,NA,NA,"N",NA,"Maya & Eva",2019-07-30,"YOSE8",NA,NA,NA,NA,NA,NA,NA,NA,NA,NA,NA,NA,NA,2019,0.5
"2","3","V",NA,NA,NA,NA,NA,"<1","1.7",1,"0.6",NA,NA,NA,NA,"Y",NA,"Maya & Eva",2019-07-30,"YOSE8",NA,NA,NA,NA,NA,NA,NA,NA,NA,NA,NA,NA,NA,2019,0.5
"2","3","V",NA,NA,NA,NA,NA,"<1","1.1",1,"0.3",NA,NA,NA,NA,"N",NA,"Maya & Eva",2019-07-30,"YOSE8",NA,NA,NA,NA,NA,NA,NA,NA,NA,NA,NA,NA,NA,2019,0.5
"2","3","V",NA,NA,NA,NA,NA,"<1","0.9",1,"0.3",NA,NA,NA,NA,"Y",NA,"Maya & Eva",2019-07-30,"YOSE8",NA,NA,NA,NA,NA,NA,NA,NA,NA,NA,NA,NA,NA,2019,0.5
"2","3","V",NA,NA,NA,NA,NA,"<1","1.4",1,"0.5",NA,NA,NA,NA,"N",NA,"Maya & Eva",2019-07-30,"YOSE8",NA,NA,NA,NA,NA,NA,NA,NA,NA,NA,NA,NA,NA,2019,0.5
"2","3","V",NA,NA,NA,NA,NA,"<1","1.5",1,"0.5",NA,NA,NA,NA,"N",NA,"Maya & Eva",2019-07-30,"YOSE8",NA,NA,NA,NA,NA,NA,NA,NA,NA,NA,NA,NA,NA,2019,0.5
"2","3","V",NA,NA,NA,NA,NA,"<1","0.9",1,"0.5",NA,NA,NA,NA,"N",NA,"Maya & Eva",2019-07-30,"YOSE8",NA,NA,NA,NA,NA,NA,NA,NA,NA,NA,NA,NA,NA,2019,0.5
"2","3","V",NA,NA,NA,NA,NA,"<1","1.5",1,"0.4",NA,NA,NA,NA,"N",NA,"Maya & Eva",2019-07-30,"YOSE8",NA,NA,NA,NA,NA,NA,NA,NA,NA,NA,NA,NA,NA,2019,0.5
"2","3","V",NA,NA,NA,NA,NA,"<1","0.9",1,"0.2",NA,NA,NA,NA,"N",NA,"Maya & Eva",2019-07-30,"YOSE8",NA,NA,NA,NA,NA,NA,NA,NA,NA,NA,NA,NA,NA,2019,0.5
"2","3.5","V",NA,NA,NA,NA,NA,"<1","2.1",1,"0.7",NA,NA,NA,NA,"N",NA,"Maya & Eva",2019-07-30,"YOSE8",NA,NA,NA,NA,NA,NA,NA,NA,NA,NA,NA,NA,NA,2019,0.5
"2","3.5","V",NA,NA,NA,NA,NA,"<1","1.2",1,"0.4",NA,NA,NA,NA,"N",NA,"Maya & Eva",2019-07-30,"YOSE8",NA,NA,NA,NA,NA,NA,NA,NA,NA,NA,NA,NA,NA,2019,0.5
"2","3.5","V",NA,NA,NA,NA,NA,"<1","1.9",1,"0.4",NA,NA,NA,NA,"N",NA,"Maya & Eva",2019-07-30,"YOSE8",NA,NA,NA,NA,NA,NA,NA,NA,NA,NA,NA,NA,NA,2019,0.5
"2","0","X",43,2,"yellow",NA,NA,NA,NA,NA,NA,NA,NA,NA,NA,NA,NA,NA,2020-07-23,"YOSE7","SHS",2021-07-15,NA,59,NA,NA,NA,NA,NA,NA,NA,NA,NA,2020,NA
"2","1.5","X",15,3,"yellow",NA,NA,NA,NA,NA,NA,NA,NA,NA,NA,NA,NA,NA,2020-07-23,"YOSE7","SHS",2021-07-15,NA,23,NA,NA,NA,NA,NA,NA,NA,NA,NA,2020,NA
"2","2.5","X",NA,NA,"yellow",NA,NA,NA,NA,NA,NA,NA,NA,NA,NA,NA,NA,NA,2020-07-23,"YOSE7","SHS",2021-07-15,NA,45,NA,NA,NA,NA,NA,NA,NA,NA,NA,2020,NA
"2","2.5","X",NA,NA,"yellow",NA,NA,NA,NA,NA,NA,NA,NA,NA,NA,NA,NA,NA,2020-07-23,"YOSE7","SHS",2021-07-15,NA,18,NA,NA,NA,NA,NA,NA,NA,NA,NA,2020,NA
"3","0","F",NA,NA,NA,NA,NA,"<1","7.2",1,NA,"1.0",NA,NA,NA,"N",NA,NA,2020-07-23,"YOSE7","SHS",2021-07-15,NA,NA,NA,NA,NA,NA,NA,NA,NA,NA,NA,2020,0.5
"3","0","V",28,17,"red",NA,NA,"1.16","4.5",1,"1.3",NA,NA,NA,1,"N",NA,NA,2020-07-23,"YOSE7","SHS",2021-07-15,NA,96,NA,NA,NA,NA,NA,NA,NA,NA,NA,2020,1.16
"3","0","V",NA,NA,NA,NA,NA,"<1","2.6",1,"0.5",NA,NA,NA,NA,"N",NA,NA,2020-07-23,"YOSE7","SHS",2021-07-15,NA,NA,NA,NA,NA,NA,NA,NA,NA,NA,NA,2020,0.5
"3","0","V",NA,NA,NA,NA,NA,"<1","2.5",2,"0.4",NA,NA,NA,NA,"N",NA,NA,2020-07-23,"YOSE7","SHS",2021-07-15,NA,NA,NA,NA,NA,NA,NA,NA,NA,NA,NA,2020,0.5
"3","0","V",NA,NA,NA,NA,NA,"<1","2.2",1,"0.5",NA,NA,NA,NA,"N",NA,NA,2020-07-23,"YOSE7","SHS",2021-07-15,NA,NA,NA,NA,NA,NA,NA,NA,NA,NA,NA,2020,0.5
"3","0.5","V",NA,NA,NA,NA,NA,"<1","2.0",1,"0.8",NA,NA,NA,NA,"N",NA,NA,2020-07-23,"YOSE7","SHS",2021-07-15,NA,NA,NA,NA,NA,NA,NA,NA,NA,NA,NA,2020,0.5
"3","0.5","V",NA,NA,NA,NA,NA,"<1","2.0",2,"0.7",NA,NA,NA,NA,"N",NA,NA,2020-07-23,"YOSE7","SHS",2021-07-15,NA,NA,NA,NA,NA,NA,NA,NA,NA,NA,NA,2020,0.5
"3","0.5","V",NA,NA,NA,NA,NA,"<1","3.0",1,"0.9",NA,NA,NA,NA,"N",NA,NA,2020-07-23,"YOSE7","SHS",2021-07-15,NA,NA,NA,NA,NA,NA,NA,NA,NA,NA,NA,2020,0.5
"3","1","P",NA,NA,NA,NA,NA,"<1","0.6",1,NA,"0.0","2.0",3.6,NA,"N",NA,NA,2020-07-23,"YOSE7","SHS",2021-07-15,NA,NA,NA,NA,NA,NA,NA,NA,NA,NA,NA,2020,0.5
"3","1","V",6,20,"red",NA,NA,"1.01","5.2",3,"1.1",NA,NA,NA,NA,"N",NA,NA,2020-07-23,"YOSE7","SHS",2021-07-15,NA,900,NA,NA,NA,NA,NA,NA,NA,NA,NA,2020,1.01
"3","1","P",NA,NA,NA,NA,NA,"<1","7.2",1,NA,"0.0","1.0",2.3,NA,"N",NA,NA,2020-07-23,"YOSE7","SHS",2021-07-15,NA,NA,NA,NA,NA,NA,NA,NA,NA,NA,NA,2020,0.5
"3","1","V",15,6,"red",NA,NA,"1.01","3.7",2,"1.0","0.0","1.0",3.9,NA,"N",NA,NA,2020-07-23,"YOSE7","SHS",2021-07-15,NA,607,NA,NA,NA,NA,NA,NA,NA,NA,NA,2020,1.01
"3","1","V",NA,NA,NA,NA,NA,"<1","8.2",1,"1.0",NA,NA,NA,NA,"Y",NA,NA,2020-07-23,"YOSE7","SHS",2021-07-15,NA,NA,NA,NA,NA,NA,NA,NA,NA,NA,NA,2020,0.5
"3","1","V",NA,NA,NA,NA,NA,"<1","2.8",1,"0.8",NA,NA,NA,NA,"N",NA,NA,2020-07-23,"YOSE7","SHS",2021-07-15,NA,NA,NA,NA,NA,NA,NA,NA,NA,NA,NA,2020,0.5
"3","1","V",NA,NA,NA,NA,NA,"<1","2.8",1,"0.6",NA,NA,NA,NA,"N",NA,NA,2020-07-23,"YOSE7","SHS",2021-07-15,NA,NA,NA,NA,NA,NA,NA,NA,NA,NA,NA,2020,0.5
"3","1","V",NA,NA,NA,NA,NA,"<1","2.6",1,"0.5",NA,NA,NA,NA,"N",NA,NA,2020-07-23,"YOSE7","SHS",2021-07-15,NA,NA,NA,NA,NA,NA,NA,NA,NA,NA,NA,2020,0.5
"3","1","V",NA,NA,NA,NA,NA,"<1","0.6",1,"0.6",NA,NA,NA,NA,"N",NA,NA,2020-07-23,"YOSE7","SHS",2021-07-15,NA,NA,NA,NA,NA,NA,NA,NA,NA,NA,NA,2020,0.5
"3","1","V",40,3,"red",NA,NA,"1.12","4.6",1,"1.1",NA,NA,NA,NA,"N",NA,NA,2020-07-23,"YOSE7","SHS",2021-07-15,NA,806,NA,NA,NA,NA,NA,NA,NA,NA,NA,2020,1.12
"3","1","V",NA,NA,NA,NA,NA,"<1","3.2",1,"0.8",NA,NA,NA,NA,"N",NA,NA,2020-07-23,"YOSE7","SHS",2021-07-15,NA,NA,NA,NA,NA,NA,NA,NA,NA,NA,NA,2020,0.5
"3","1","V",NA,NA,NA,NA,NA,"<1","2.5",1,"0.5",NA,NA,NA,NA,"N",NA,NA,2020-07-23,"YOSE7","SHS",2021-07-15,NA,NA,NA,NA,NA,NA,NA,NA,NA,NA,NA,2020,0.5
"3","1","F",NA,NA,NA,NA,NA,"<1","7.5",1,NA,"1.0",NA,NA,1,"N",NA,NA,2020-07-23,"YOSE7","SHS",2021-07-15,NA,NA,NA,NA,NA,NA,NA,NA,NA,NA,NA,2020,0.5
"3","1","P",NA,NA,NA,NA,NA,"<1","12.1",1,NA,"0.0","1.0",2.1,1,"N",NA,NA,2020-07-23,"YOSE7","SHS",2021-07-15,NA,NA,NA,NA,NA,NA,NA,NA,NA,NA,NA,2020,0.5
"3","1","P",NA,NA,NA,NA,NA,"<1","6.2",2,NA,NA,"2.0",4.5,1,"N",NA,NA,2020-07-23,"YOSE7","SHS",2021-07-15,NA,NA,NA,NA,NA,NA,NA,NA,NA,NA,NA,2020,0.5
"3","1","V",NA,NA,"red",NA,NA,"1.03","3.2",2,"0.8",NA,NA,NA,NA,NA,NA,NA,2020-07-23,"YOSE7","SHS",2021-07-15,NA,969,NA,NA,NA,NA,NA,NA,NA,NA,NA,2020,1.03
"3","1","V",NA,NA,NA,NA,NA,"<1","2.3",1,"0.5",NA,NA,NA,NA,"N",NA,NA,2020-07-23,"YOSE7","SHS",2021-07-15,NA,NA,NA,NA,NA,NA,NA,NA,NA,NA,NA,2020,0.5
"3","1","V",NA,NA,NA,NA,NA,"<1","4.3",2,"0.7",NA,NA,NA,NA,"N",NA,NA,2020-07-23,"YOSE7","SHS",2021-07-15,NA,NA,NA,NA,NA,NA,NA,NA,NA,NA,NA,2020,0.5
"3","1","P",NA,NA,NA,NA,NA,"<1","9.4",1,NA,"0.0","2.0",3.3,1,"N",NA,NA,2020-07-23,"YOSE7","SHS",2021-07-15,NA,NA,NA,NA,NA,NA,NA,NA,NA,NA,NA,2020,0.5
"3","1","P",NA,NA,NA,NA,NA,"<1","8.5",2,NA,"0.0","3.0",3.5,1,"N",NA,NA,2020-07-23,"YOSE7","SHS",2021-07-15,NA,NA,NA,NA,NA,NA,NA,NA,NA,NA,NA,2020,0.5
"3","1","P",NA,NA,NA,NA,NA,"<1","7.3",4,NA,"0.0","5.0",4.2,4,"N",NA,NA,2020-07-23,"YOSE7","SHS",2021-07-15,NA,NA,NA,NA,NA,NA,NA,NA,NA,NA,NA,2020,0.5
"3","1","P",48,47,"red",NA,NA,"1.03","8.2",6,NA,"0.0","4.0",4.5,6,"N",NA,NA,2020-07-23,"YOSE7","SHS",2021-07-15,NA,988,NA,NA,NA,NA,NA,NA,NA,NA,NA,2020,1.03
"3","1.5","V",NA,NA,NA,NA,NA,"<1","4.4",1,"1.1",NA,NA,NA,NA,"N",NA,NA,2020-07-23,"YOSE7","SHS",2021-07-15,NA,NA,NA,NA,NA,NA,NA,NA,NA,NA,NA,2020,0.5
"3","1.5","B",NA,NA,NA,NA,NA,"<1","6.9",1,"1.0",NA,NA,NA,NA,"N",NA,NA,2020-07-23,"YOSE7","SHS",2021-07-15,NA,NA,NA,NA,NA,NA,NA,NA,NA,NA,NA,2020,0.5
"3","1.5","P",11,5,"red",NA,NA,"1.34","13.4",5,NA,"3.0","2.0",4.4,2,"N",NA,NA,2020-07-23,"YOSE7","SHS",2021-07-15,NA,600,NA,NA,NA,NA,NA,NA,NA,NA,NA,2020,1.34
"3","1.5","V",NA,NA,NA,NA,NA,"<1","2.1",1,"0.3",NA,NA,NA,NA,"N",NA,NA,2020-07-23,"YOSE7","SHS",2021-07-15,NA,NA,NA,NA,NA,NA,NA,NA,NA,NA,NA,2020,0.5
"3","1.5","P",NA,NA,"red",NA,NA,"1.13","7.4",3,NA,"0.0","5.0",3.3,3,"N",NA,NA,2020-07-23,"YOSE7","SHS",2021-07-15,NA,70,NA,NA,NA,NA,NA,NA,NA,NA,NA,2020,1.13
"3","1.5","P",35,49,"red",NA,NA,"1.02","15.8",2,NA,NA,"5.0",5.6,2,"N",NA,NA,2020-07-23,"YOSE7","SHS",2021-07-15,NA,66,NA,NA,NA,NA,NA,NA,NA,NA,NA,2020,1.02
"3","1.5","V",NA,NA,NA,NA,NA,"<1","1.6",1,"0.4",NA,NA,NA,NA,"N",NA,NA,2020-07-23,"YOSE7","SHS",2021-07-15,NA,NA,NA,NA,NA,NA,NA,NA,NA,NA,NA,2020,0.5
"3","1.5","V",NA,NA,NA,NA,NA,"<1","2.1",1,"0.5",NA,NA,NA,NA,"N",NA,NA,2020-07-23,"YOSE7","SHS",2021-07-15,NA,NA,NA,NA,NA,NA,NA,NA,NA,NA,NA,2020,0.5
"3","1.5","V",40,43,"red",NA,NA,"1.32","4.7",2,"0.9",NA,NA,NA,NA,"N",NA,NA,2020-07-23,"YOSE7","SHS",2021-07-15,NA,99,NA,NA,NA,NA,NA,NA,NA,NA,NA,2020,1.32
"3","1.5","V",38,48,"red",NA,NA,"1.13","4.2",2,"1.2",NA,NA,NA,NA,"N",NA,NA,2020-07-23,"YOSE7","SHS",2021-07-15,NA,2,NA,NA,NA,NA,NA,NA,NA,NA,NA,2020,1.13
"3","1.5","V",NA,NA,NA,NA,NA,"<1","4.8",1,"1.0",NA,NA,NA,NA,"N",NA,NA,2020-07-23,"YOSE7","SHS",2021-07-15,NA,NA,NA,NA,NA,NA,NA,NA,NA,NA,NA,2020,0.5
"3","2","P",33,48,NA,NA,NA,"1.35","7.2",5,NA,"1.0","2.0",3.5,4,"N",NA,NA,2020-07-23,"YOSE7","SHS",2021-07-15,NA,126,NA,NA,NA,NA,NA,NA,NA,NA,NA,2020,1.35
"3","2.5",NA,NA,NA,NA,NA,NA,NA,NA,NA,NA,NA,NA,NA,NA,NA,"no plants",NA,2020-07-23,"YOSE7","SHS",2021-07-15,NA,NA,NA,NA,NA,NA,NA,NA,NA,NA,NA,2020,NA
"3","3",NA,NA,NA,NA,NA,NA,NA,NA,NA,NA,NA,NA,NA,NA,NA,"no plants",NA,2020-07-23,"YOSE7","SHS",2021-07-15,NA,NA,NA,NA,NA,NA,NA,NA,NA,NA,NA,2020,NA
"3","3.5",NA,NA,NA,NA,NA,NA,NA,NA,NA,NA,NA,NA,NA,NA,NA,"no plants",NA,2020-07-23,"YOSE7","SHS",2021-07-15,NA,NA,NA,NA,NA,NA,NA,NA,NA,NA,NA,2020,NA
"3","4",NA,NA,NA,NA,NA,NA,NA,NA,NA,NA,NA,NA,NA,NA,NA,"no plants",NA,2020-07-23,"YOSE7","SHS",2021-07-15,NA,NA,NA,NA,NA,NA,NA,NA,NA,NA,NA,2020,NA
"3","4.5",NA,NA,NA,NA,NA,NA,NA,NA,NA,NA,NA,NA,NA,NA,NA,"no plants",NA,2020-07-23,"YOSE7","SHS",2021-07-15,NA,NA,NA,NA,NA,NA,NA,NA,NA,NA,NA,2020,NA
"2","3.5","X",NA,NA,"yellow",NA,NA,NA,NA,NA,NA,NA,NA,NA,NA,NA,NA,NA,2020-07-23,"YOSE7","SHS",2021-07-15,NA,15,NA,NA,NA,NA,NA,NA,NA,NA,NA,2020,NA
"2","3.5","X",NA,NA,"yellow",NA,NA,NA,NA,NA,NA,NA,NA,NA,NA,NA,NA,NA,2020-07-23,"YOSE7","SHS",2021-07-15,NA,28,NA,NA,NA,NA,NA,NA,NA,NA,NA,2020,NA
"2","3.5","X",NA,NA,"yellow",NA,NA,NA,NA,NA,NA,NA,NA,NA,NA,NA,NA,NA,2020-07-23,"YOSE7","SHS",2021-07-15,NA,27,NA,NA,NA,NA,NA,NA,NA,NA,NA,2020,NA
"2","3.5","X",NA,NA,"yellow",NA,NA,NA,NA,NA,NA,NA,NA,NA,NA,NA,NA,NA,2020-07-23,"YOSE7","SHS",2021-07-15,NA,38,NA,NA,NA,NA,NA,NA,NA,NA,NA,2020,NA
"2","3.5","X",NA,NA,"yellow",NA,NA,NA,NA,NA,NA,NA,NA,NA,NA,NA,NA,NA,2020-07-23,"YOSE7","SHS",2021-07-15,NA,44,NA,NA,NA,NA,NA,NA,NA,NA,NA,2020,NA
"2","4.5","X",NA,NA,"yellow",NA,NA,NA,NA,NA,NA,NA,NA,NA,NA,NA,NA,NA,2020-07-23,"YOSE7","SHS",2021-07-15,NA,43,NA,NA,NA,NA,NA,NA,NA,NA,NA,2020,NA
"2","4.5","X",NA,NA,"yellow",NA,NA,NA,NA,NA,NA,NA,NA,NA,NA,NA,NA,NA,2020-07-23,"YOSE7","SHS",2021-07-15,NA,19,NA,NA,NA,NA,NA,NA,NA,NA,NA,2020,NA
"2","4.5","X",NA,NA,"yellow",NA,NA,NA,NA,NA,NA,NA,NA,NA,NA,NA,NA,NA,2020-07-23,"YOSE7","SHS",2021-07-15,NA,22,NA,NA,NA,NA,NA,NA,NA,NA,NA,2020,NA
"3","1.5","X",NA,NA,"yellow",NA,NA,NA,NA,NA,NA,NA,NA,NA,NA,NA,NA,NA,2020-07-23,"YOSE7","SHS",2021-07-15,NA,14,NA,NA,NA,NA,NA,NA,NA,NA,NA,2020,NA
"2","3","V",NA,NA,NA,NA,NA,"<1","3.0",1,"0.7",NA,NA,NA,NA,"N",NA,NA,2020-07-23,"YOSE7","SHS",2021-07-15,NA,NA,NA,NA,NA,NA,NA,NA,NA,NA,NA,2020,0.5
"2","3","V",NA,NA,NA,NA,NA,"<1","2.8",1,"0.5",NA,NA,NA,NA,"N",NA,NA,2020-07-23,"YOSE7","SHS",2021-07-15,NA,NA,NA,NA,NA,NA,NA,NA,NA,NA,NA,2020,0.5
"2","3","V",NA,NA,NA,NA,NA,"<1","2.3",1,"0.6",NA,NA,NA,NA,"N",NA,NA,2020-07-23,"YOSE7","SHS",2021-07-15,NA,NA,NA,NA,NA,NA,NA,NA,NA,NA,NA,2020,0.5
"2","3","V",48,3,"red",NA,NA,"1.07","4.0",3,"0.9",NA,NA,NA,NA,"N",NA,NA,2020-07-23,"YOSE7","SHS",2021-07-15,NA,48,NA,NA,NA,NA,NA,NA,NA,NA,NA,2020,1.07
"2","3","V",NA,NA,NA,NA,NA,"<1","1.8",1,"0.4",NA,NA,NA,NA,"N",NA,NA,2020-07-23,"YOSE7","SHS",2021-07-15,NA,NA,NA,NA,NA,NA,NA,NA,NA,NA,NA,2020,0.5
"2","3.5","P",NA,NA,NA,NA,NA,"<1","12.6",1,NA,"2.0","1.0",4.3,NA,"Y",NA,NA,2020-07-23,"YOSE7","SHS",2021-07-15,NA,NA,NA,NA,NA,NA,NA,NA,NA,NA,NA,2020,0.5
"2","3.5","V",NA,NA,NA,NA,NA,"<1","1.6",1,"0.3",NA,NA,NA,NA,"N",NA,NA,2020-07-23,"YOSE7","SHS",2021-07-15,NA,NA,NA,NA,NA,NA,NA,NA,NA,NA,NA,2020,0.5
"2","3.5","V",NA,NA,NA,NA,NA,"<1","4.1",1,"0.9",NA,NA,NA,NA,"N",NA,NA,2020-07-23,"YOSE7","SHS",2021-07-15,NA,NA,NA,NA,NA,NA,NA,NA,NA,NA,NA,2020,0.5
"2","3.5","V",NA,NA,NA,NA,NA,"<1","3.0",1,"0.7",NA,NA,NA,NA,"N",NA,NA,2020-07-23,"YOSE7","SHS",2021-07-15,NA,NA,NA,NA,NA,NA,NA,NA,NA,NA,NA,2020,0.5
"2","3.5","V",NA,NA,NA,NA,NA,"<1","2.1",1,"0.5",NA,NA,NA,NA,"N",NA,NA,2020-07-23,"YOSE7","SHS",2021-07-15,NA,NA,NA,NA,NA,NA,NA,NA,NA,NA,NA,2020,0.5
"2","3.5","V",NA,NA,NA,NA,NA,"<1","2.5",1,"0.4",NA,NA,NA,NA,"N",NA,NA,2020-07-23,"YOSE7","SHS",2021-07-15,NA,NA,NA,NA,NA,NA,NA,NA,NA,NA,NA,2020,0.5
"2","3.5","V",NA,NA,NA,NA,NA,"<1","3.4",1,"0.6",NA,NA,NA,NA,"N",NA,NA,2020-07-23,"YOSE7","SHS",2021-07-15,NA,NA,NA,NA,NA,NA,NA,NA,NA,NA,NA,2020,0.5
"2","3.5","V",NA,NA,NA,NA,NA,"<1","2.9",2,"0.9",NA,NA,NA,NA,"N",NA,NA,2020-07-23,"YOSE7","SHS",2021-07-15,NA,NA,NA,NA,NA,NA,NA,NA,NA,NA,NA,2020,0.5
"2","3.5","V",NA,NA,NA,NA,NA,"<1","2.0",1,"0.3",NA,NA,NA,NA,"N",NA,NA,2020-07-23,"YOSE7","SHS",2021-07-15,NA,NA,NA,NA,NA,NA,NA,NA,NA,NA,NA,2020,0.5
"2","3.5","V",NA,NA,NA,NA,NA,"<1","2.0",1,"0.4",NA,NA,NA,NA,"N",NA,NA,2020-07-23,"YOSE7","SHS",2021-07-15,NA,NA,NA,NA,NA,NA,NA,NA,NA,NA,NA,2020,0.5
"2","3.5","V",NA,NA,NA,NA,NA,"<1","4.0",1,"1.0",NA,NA,NA,NA,"N",NA,NA,2020-07-23,"YOSE7","SHS",2021-07-15,NA,NA,NA,NA,NA,NA,NA,NA,NA,NA,NA,2020,0.5
"2","3.5","V",NA,NA,NA,NA,NA,"<1","2.8",1,"0.5",NA,NA,NA,NA,"N",NA,NA,2020-07-23,"YOSE7","SHS",2021-07-15,NA,NA,NA,NA,NA,NA,NA,NA,NA,NA,NA,2020,0.5
"2","3.5","V",NA,NA,NA,NA,NA,"<1","3.4",1,"0.6",NA,NA,NA,NA,"N",NA,NA,2020-07-23,"YOSE7","SHS",2021-07-15,NA,NA,NA,NA,NA,NA,NA,NA,NA,NA,NA,2020,0.5
"2","4","P",7,50,"red",NA,NA,"3.17","10.8",0,NA,"4.0","8.0",3.1,6,"N",NA,NA,2020-07-23,"YOSE7","SHS",2021-07-15,NA,9,NA,NA,NA,NA,NA,NA,NA,NA,NA,2020,3.17
"2","4","V",NA,NA,NA,NA,NA,"<1","1.2",1,"0.3",NA,NA,NA,NA,"N",NA,NA,2020-07-23,"YOSE7","SHS",2021-07-15,NA,NA,NA,NA,NA,NA,NA,NA,NA,NA,NA,2020,0.5
"2","4","V",NA,NA,NA,NA,NA,"<1","2.5",1,"0.3",NA,NA,NA,NA,"N",NA,NA,2020-07-23,"YOSE7","SHS",2021-07-15,NA,NA,NA,NA,NA,NA,NA,NA,NA,NA,NA,2020,0.5
"2","4","V",NA,NA,NA,NA,NA,"<1","2.2",1,"0.5",NA,NA,NA,NA,"N",NA,NA,2020-07-23,"YOSE7","SHS",2021-07-15,NA,NA,NA,NA,NA,NA,NA,NA,NA,NA,NA,2020,0.5
"2","4","V",NA,NA,NA,NA,NA,"<1","3.4",1,"0.7",NA,NA,NA,NA,"N",NA,NA,2020-07-23,"YOSE7","SHS",2021-07-15,NA,NA,NA,NA,NA,NA,NA,NA,NA,NA,NA,2020,0.5
"2","4","V",NA,NA,NA,NA,NA,"<1","2.5",1,"0.5",NA,NA,NA,NA,"N",NA,NA,2020-07-23,"YOSE7","SHS",2021-07-15,NA,NA,NA,NA,NA,NA,NA,NA,NA,NA,NA,2020,0.5
"2","4","P",NA,NA,NA,NA,NA,"<1","7.2",2,NA,NA,"3.0",3,2,"N",NA,NA,2020-07-23,"YOSE7","SHS",2021-07-15,NA,NA,NA,NA,NA,NA,NA,NA,NA,NA,NA,2020,0.5
"2","4","V",NA,NA,NA,NA,NA,"<1","2.4",1,"0.6",NA,NA,NA,NA,"N",NA,NA,2020-07-23,"YOSE7","SHS",2021-07-15,NA,NA,NA,NA,NA,NA,NA,NA,NA,NA,NA,2020,0.5
"2","4","V",NA,NA,NA,NA,NA,"<1","1.2",1,"0.2",NA,NA,NA,NA,"N",NA,NA,2020-07-23,"YOSE7","SHS",2021-07-15,NA,NA,NA,NA,NA,NA,NA,NA,NA,NA,NA,2020,0.5
"2","4","V",NA,NA,NA,NA,NA,"<1","1.4",1,"0.3",NA,NA,NA,NA,"N",NA,NA,2020-07-23,"YOSE7","SHS",2021-07-15,NA,NA,NA,NA,NA,NA,NA,NA,NA,NA,NA,2020,0.5
"2","4","V",NA,NA,NA,NA,NA,"<1","1.2",1,"0.3",NA,NA,NA,NA,"N",NA,NA,2020-07-23,"YOSE7","SHS",2021-07-15,NA,NA,NA,NA,NA,NA,NA,NA,NA,NA,NA,2020,0.5
"2","4.5","V",NA,NA,NA,NA,NA,"<1","1.8",1,"0.6",NA,NA,NA,NA,"N",NA,NA,2020-07-23,"YOSE7","SHS",2021-07-15,NA,NA,NA,NA,NA,NA,NA,NA,NA,NA,NA,2020,0.5
"2","4.5","V",NA,NA,NA,NA,NA,"<1","1.5",1,"0.5",NA,NA,NA,NA,"N",NA,NA,2020-07-23,"YOSE7","SHS",2021-07-15,NA,NA,NA,NA,NA,NA,NA,NA,NA,NA,NA,2020,0.5
"2","4.5","V",NA,NA,NA,NA,NA,"<1","2.6",1,"0.7",NA,NA,NA,NA,"N",NA,NA,2020-07-23,"YOSE7","SHS",2021-07-15,NA,NA,NA,NA,NA,NA,NA,NA,NA,NA,NA,2020,0.5
"2","4.5","V",NA,NA,NA,NA,NA,"<1","1.5",1,"0.4",NA,NA,NA,NA,"N",NA,NA,2020-07-23,"YOSE7","SHS",2021-07-15,NA,NA,NA,NA,NA,NA,NA,NA,NA,NA,NA,2020,0.5
"2","4.5","V",NA,NA,NA,NA,NA,"<1","4.2",1,"0.8",NA,NA,NA,NA,"N",NA,NA,2020-07-23,"YOSE7","SHS",2021-07-15,NA,NA,NA,NA,NA,NA,NA,NA,NA,NA,NA,2020,0.5
"2","4.5","V",10,17,"red",NA,NA,"1.0","3.0",3,"1.1",NA,NA,NA,NA,"N",NA,NA,2020-07-23,"YOSE7","SHS",2021-07-15,NA,80,NA,NA,NA,NA,NA,NA,NA,NA,NA,2020,1
"2","4.5","V",NA,NA,NA,NA,NA,"<1","2.1",1,"0.6",NA,NA,NA,NA,"N",NA,NA,2020-07-23,"YOSE7","SHS",2021-07-15,NA,NA,NA,NA,NA,NA,NA,NA,NA,NA,NA,2020,0.5
"2","4.5","V",NA,NA,NA,NA,NA,"<1","1.9",1,"0.4",NA,NA,NA,NA,"N",NA,NA,2020-07-23,"YOSE7","SHS",2021-07-15,NA,NA,NA,NA,NA,NA,NA,NA,NA,NA,NA,2020,0.5
"2","4.5",NA,NA,NA,NA,NA,NA,NA,NA,NA,NA,NA,NA,NA,NA,"N",NA,NA,2020-07-23,"YOSE7","SHS",2021-07-15,NA,NA,NA,NA,NA,NA,NA,NA,NA,NA,NA,2020,NA
"2","4.5",NA,NA,NA,NA,NA,NA,NA,NA,NA,NA,NA,NA,NA,NA,"N",NA,NA,2020-07-23,"YOSE7","SHS",2021-07-15,NA,NA,NA,NA,NA,NA,NA,NA,NA,NA,NA,2020,NA
"2","4.5",NA,NA,NA,NA,NA,NA,NA,NA,NA,NA,NA,NA,NA,NA,"N",NA,NA,2020-07-23,"YOSE7","SHS",2021-07-15,NA,NA,NA,NA,NA,NA,NA,NA,NA,NA,NA,2020,NA
"2","4.5",NA,NA,NA,NA,NA,NA,NA,NA,NA,NA,NA,NA,NA,NA,"N",NA,NA,2020-07-23,"YOSE7","SHS",2021-07-15,NA,NA,NA,NA,NA,NA,NA,NA,NA,NA,NA,2020,NA
"2","4.5",NA,NA,NA,NA,NA,NA,NA,NA,NA,NA,NA,NA,NA,NA,"N",NA,NA,2020-07-23,"YOSE7","SHS",2021-07-15,NA,NA,NA,NA,NA,NA,NA,NA,NA,NA,NA,2020,NA
"2","4.5",NA,NA,NA,NA,NA,NA,NA,NA,NA,NA,NA,NA,NA,NA,"N",NA,NA,2020-07-23,"YOSE7","SHS",2021-07-15,NA,NA,NA,NA,NA,NA,NA,NA,NA,NA,NA,2020,NA
"2","4.5",NA,NA,NA,NA,NA,NA,NA,NA,NA,NA,NA,NA,NA,NA,"N",NA,NA,2020-07-23,"YOSE7","SHS",2021-07-15,NA,NA,NA,NA,NA,NA,NA,NA,NA,NA,NA,2020,NA
"2","4.5",NA,NA,NA,NA,NA,NA,NA,NA,NA,NA,NA,NA,NA,NA,"N",NA,NA,2020-07-23,"YOSE7","SHS",2021-07-15,NA,NA,NA,NA,NA,NA,NA,NA,NA,NA,NA,2020,NA
"2","4.5",NA,NA,NA,NA,NA,NA,NA,NA,NA,NA,NA,NA,NA,NA,"N",NA,NA,2020-07-23,"YOSE7","SHS",2021-07-15,NA,NA,NA,NA,NA,NA,NA,NA,NA,NA,NA,2020,NA
"2","4.5",NA,NA,NA,NA,NA,NA,NA,NA,NA,NA,NA,NA,NA,NA,"N",NA,NA,2020-07-23,"YOSE7","SHS",2021-07-15,NA,NA,NA,NA,NA,NA,NA,NA,NA,NA,NA,2020,NA
"2","0",NA,NA,NA,NA,NA,NA,NA,NA,NA,NA,NA,NA,NA,NA,NA,"no plants",NA,2020-07-23,"YOSE7","SHS",2021-07-15,NA,NA,NA,NA,NA,NA,NA,NA,NA,NA,NA,2020,NA
"2","0.5",NA,NA,NA,NA,NA,NA,NA,NA,NA,NA,NA,NA,NA,NA,NA,"no plants",NA,2020-07-23,"YOSE7","SHS",2021-07-15,NA,NA,NA,NA,NA,NA,NA,NA,NA,NA,NA,2020,NA
"2","1","P",NA,NA,NA,NA,NA,"<1","8.5",1,NA,"0.0","1.0",3,1,"N",NA,NA,2020-07-23,"YOSE7","SHS",2021-07-15,NA,NA,NA,NA,NA,NA,NA,NA,NA,NA,NA,2020,0.5
"2","1","V",NA,NA,NA,NA,NA,"<1","2.3",1,"0.3",NA,NA,NA,NA,"N",NA,NA,2020-07-23,"YOSE7","SHS",2021-07-15,NA,NA,NA,NA,NA,NA,NA,NA,NA,NA,NA,2020,0.5
"2","1","V",NA,NA,NA,NA,NA,"<1","2.0",2,"0.2",NA,NA,NA,NA,"yes",NA,NA,2020-07-23,"YOSE7","SHS",2021-07-15,NA,NA,NA,NA,NA,NA,NA,NA,NA,NA,NA,2020,0.5
"2","1","V",10,45,"red",NA,NA,"1.01","3.5",3,"0.9",NA,NA,NA,NA,"N",NA,NA,2020-07-23,"YOSE7","SHS",2021-07-15,NA,95,NA,NA,NA,NA,NA,NA,NA,NA,NA,2020,1.01
"2","1","P",NA,NA,NA,NA,NA,"<1","5.2",2,NA,"0.0","2.0",2.2,2,"N",NA,NA,2020-07-23,"YOSE7","SHS",2021-07-15,NA,NA,NA,NA,NA,NA,NA,NA,NA,NA,NA,2020,0.5
"2","1","P",NA,NA,NA,NA,NA,"<1","6.7",3,NA,"0.0","1.0",2.6,3,"N",NA,NA,2020-07-23,"YOSE7","SHS",2021-07-15,NA,NA,NA,NA,NA,NA,NA,NA,NA,NA,NA,2020,0.5
"2","1","V",NA,NA,NA,NA,NA,"<1","1.5",1,"0.5",NA,NA,NA,NA,"N",NA,NA,2020-07-23,"YOSE7","SHS",2021-07-15,NA,NA,NA,NA,NA,NA,NA,NA,NA,NA,NA,2020,0.5
"2","1","V",NA,NA,NA,NA,NA,"<1","4.5",1,"0.7",NA,NA,NA,NA,"N",NA,NA,2020-07-23,"YOSE7","SHS",2021-07-15,NA,NA,NA,NA,NA,NA,NA,NA,NA,NA,NA,2020,0.5
"2","1","V",NA,NA,NA,NA,NA,"<1","4.5",1,"1.1",NA,NA,NA,NA,"N",NA,NA,2020-07-23,"YOSE7","SHS",2021-07-15,NA,NA,NA,NA,NA,NA,NA,NA,NA,NA,NA,2020,0.5
"2","1.5","P",NA,NA,NA,NA,NA,"<1","10.2",2,NA,"3.0","1.0",1.2,2,"N",NA,NA,2020-07-23,"YOSE7","SHS",2021-07-15,NA,NA,NA,NA,NA,NA,NA,NA,NA,NA,NA,2020,0.5
"2","2","V",NA,NA,NA,NA,NA,"<1","3.6",1,"0.9",NA,NA,NA,NA,"N",NA,NA,2020-07-23,"YOSE7","SHS",2021-07-15,NA,NA,NA,NA,NA,NA,NA,NA,NA,NA,NA,2020,0.5
"2","2","V",NA,NA,NA,NA,NA,"<1","2.2",1,"0.5",NA,NA,NA,NA,"N",NA,NA,2020-07-23,"YOSE7","SHS",2021-07-15,NA,NA,NA,NA,NA,NA,NA,NA,NA,NA,NA,2020,0.5
"2","2","V",NA,NA,NA,NA,NA,"<1","3.0",1,"0.3",NA,NA,NA,NA,"N",NA,NA,2020-07-23,"YOSE7","SHS",2021-07-15,NA,NA,NA,NA,NA,NA,NA,NA,NA,NA,NA,2020,0.5
"2","2","V",NA,NA,NA,NA,NA,"<1","3.2",1,"0.5",NA,NA,NA,NA,"N",NA,NA,2020-07-23,"YOSE7","SHS",2021-07-15,NA,NA,NA,NA,NA,NA,NA,NA,NA,NA,NA,2020,0.5
"2","2.5","V",NA,NA,NA,NA,NA,"<1","1.5",1,"0.5",NA,NA,NA,NA,"N",NA,NA,2020-07-23,"YOSE7","SHS",2021-07-15,NA,NA,NA,NA,NA,NA,NA,NA,NA,NA,NA,2020,0.5
"2","2.5","V",NA,NA,NA,NA,NA,"<1","1.3",1,"0.4",NA,NA,NA,NA,"N",NA,NA,2020-07-23,"YOSE7","SHS",2021-07-15,NA,NA,NA,NA,NA,NA,NA,NA,NA,NA,NA,2020,0.5
"2","2.5","V",NA,NA,NA,NA,NA,"<1","2.8",1,"0.7",NA,NA,NA,NA,"N",NA,NA,2020-07-23,"YOSE7","SHS",2021-07-15,NA,NA,NA,NA,NA,NA,NA,NA,NA,NA,NA,2020,0.5
"2","2.5","P",NA,NA,NA,NA,NA,"<1","6.0",1,NA,"0.0","1.0",2.2,1,"N",NA,NA,2020-07-23,"YOSE7","SHS",2021-07-15,NA,NA,NA,NA,NA,NA,NA,NA,NA,NA,NA,2020,0.5
"2","2.5","V",NA,NA,NA,NA,NA,"<1","1.0",1,"0.4",NA,NA,NA,NA,"N",NA,NA,2020-07-23,"YOSE7","SHS",2021-07-15,NA,NA,NA,NA,NA,NA,NA,NA,NA,NA,NA,2020,0.5
"2","2.5","V",NA,NA,NA,NA,NA,"<1","1.6",1,"0.5",NA,NA,NA,NA,"N",NA,NA,2020-07-23,"YOSE7","SHS",2021-07-15,NA,NA,NA,NA,NA,NA,NA,NA,NA,NA,NA,2020,0.5
"2","3","V",NA,NA,NA,NA,NA,"<1","4.0",1,"1.2",NA,NA,NA,NA,"N",NA,NA,2020-07-23,"YOSE7","SHS",2021-07-15,NA,NA,NA,NA,NA,NA,NA,NA,NA,NA,NA,2020,0.5
"2","3","V",NA,NA,NA,NA,NA,"<1","1.4",1,"0.7",NA,NA,NA,NA,"N",NA,NA,2020-07-23,"YOSE7","SHS",2021-07-15,NA,NA,NA,NA,NA,NA,NA,NA,NA,NA,NA,2020,0.5
"2","3","V",NA,NA,NA,NA,NA,"<1","2.3",3,"0.6",NA,NA,NA,NA,"N",NA,NA,2020-07-23,"YOSE7","SHS",2021-07-15,NA,NA,NA,NA,NA,NA,NA,NA,NA,NA,NA,2020,0.5
"2","3","V",NA,NA,NA,NA,NA,"<1","2.0",1,"0.5",NA,NA,NA,NA,"N",NA,NA,2020-07-23,"YOSE7","SHS",2021-07-15,NA,NA,NA,NA,NA,NA,NA,NA,NA,NA,NA,2020,0.5
"2","3","V",NA,NA,NA,NA,NA,"<1","1.0",1,"0.3",NA,NA,NA,NA,"N",NA,NA,2020-07-23,"YOSE7","SHS",2021-07-15,NA,NA,NA,NA,NA,NA,NA,NA,NA,NA,NA,2020,0.5
"2","3","V",21,43,"red",NA,NA,"1.01","3.9",1,"1.2",NA,NA,NA,NA,"N",NA,NA,2020-07-23,"YOSE7","SHS",2021-07-15,NA,999,NA,NA,NA,NA,NA,NA,NA,NA,NA,2020,1.01
"2","3","V",NA,NA,NA,NA,NA,"<1","4.1",1,"1.0",NA,NA,NA,NA,"N",NA,NA,2020-07-23,"YOSE7","SHS",2021-07-15,NA,NA,NA,NA,NA,NA,NA,NA,NA,NA,NA,2020,0.5
"2","3","P",NA,NA,NA,NA,NA,"<1","8.9",1,NA,"0.0","1.0",1.5,1,"N",NA,NA,2020-07-23,"YOSE7","SHS",2021-07-15,NA,NA,NA,NA,NA,NA,NA,NA,NA,NA,NA,2020,0.5
"2","3","V",NA,NA,NA,NA,NA,"0.23","1.2",1,"0.3",NA,NA,NA,NA,"N",NA,NA,2021-07-21,"YOSE7","EC",2021-09-02,NA,NA,NA,NA,NA,NA,NA,NA,NA,NA,NA,2021,0.5
"2","3","V",NA,NA,NA,NA,NA,"0.14","1.3",1,"0.5",NA,NA,NA,NA,"N",NA,NA,2021-07-21,"YOSE7","EC",2021-09-02,NA,NA,NA,NA,NA,NA,NA,NA,NA,NA,NA,2021,0.5
"2","3","V",12,34,"purple",NA,NA,"0.54","1.9",1,"0.6",NA,NA,NA,NA,"N",NA,NA,2021-07-21,"YOSE7","EC",2021-09-02,NA,NA,NA,NA,NA,NA,NA,NA,NA,NA,NA,2021,0.5
"2","3","V",NA,NA,NA,NA,NA,"0.25","1.2",1,"0.4",NA,NA,NA,NA,"N",NA,NA,2021-07-21,"YOSE7","EC",2021-09-02,NA,NA,NA,NA,NA,NA,NA,NA,NA,NA,NA,2021,0.5
"2","3","V",NA,NA,NA,NA,NA,"0.33","2.0",1,"0.6",NA,NA,NA,NA,"N",NA,NA,2021-07-21,"YOSE7","EC",2021-09-02,NA,NA,NA,NA,NA,NA,NA,NA,NA,NA,NA,2021,0.5
"2","3","V",NA,NA,NA,NA,NA,"0.27","2.4",1,"0.8",NA,NA,NA,NA,"N",NA,NA,2021-07-21,"YOSE7","EC",2021-09-02,NA,NA,NA,NA,NA,NA,NA,NA,NA,NA,NA,2021,0.5
"2","3","V",NA,NA,NA,NA,NA,"0.66","2.3",1,"0.9",NA,NA,NA,NA,"N",NA,NA,2021-07-21,"YOSE7","EC",2021-09-02,NA,NA,NA,NA,NA,NA,NA,NA,NA,NA,NA,2021,0.5
"2","3","V",NA,NA,NA,NA,NA,"0.77","2.6",1,"1.1",NA,NA,NA,NA,"N",NA,NA,2021-07-21,"YOSE7","EC",2021-09-02,NA,NA,NA,NA,NA,NA,NA,NA,NA,NA,NA,2021,0.5
"2","3","V",NA,NA,NA,NA,NA,"0.61","2.0",1,"0.5",NA,NA,NA,NA,"N",NA,NA,2021-07-21,"YOSE7","EC",2021-09-02,NA,NA,NA,NA,NA,NA,NA,NA,NA,NA,NA,2021,0.5
"2","3","V",NA,NA,NA,NA,NA,"0.4","1.5",1,"0.4",NA,NA,NA,NA,"N",NA,NA,2021-07-21,"YOSE7","EC",2021-09-02,NA,NA,NA,NA,NA,NA,NA,NA,NA,NA,NA,2021,0.5
"2","3","V",NA,NA,NA,NA,NA,"0.35","1.4",1,"0.3",NA,NA,NA,NA,"N",NA,NA,2021-07-21,"YOSE7","EC",2021-09-02,NA,NA,NA,NA,NA,NA,NA,NA,NA,NA,NA,2021,0.5
"2","3","V",NA,NA,NA,NA,NA,"0.45","2.1",1,"0.6",NA,NA,NA,NA,"N",NA,NA,2021-07-21,"YOSE7","EC",2021-09-02,NA,NA,NA,NA,NA,NA,NA,NA,NA,NA,NA,2021,0.5
"2","3","V",NA,NA,NA,NA,NA,"0.97","2.5",1,"1.1",NA,NA,NA,NA,"N",NA,NA,2021-07-21,"YOSE7","EC",2021-09-02,NA,NA,NA,NA,NA,NA,NA,NA,NA,NA,NA,2021,0.5
"2","3","V",NA,NA,NA,NA,NA,"<1","1.3",1,"0.5",NA,NA,NA,NA,"Y",NA,NA,2021-07-21,"YOSE7","EC",2021-09-02,NA,NA,NA,NA,NA,NA,NA,NA,NA,NA,NA,2021,0.5
"2","3","V",NA,NA,NA,NA,NA,"<1","1.5",1,"0.3",NA,NA,NA,NA,"N",NA,NA,2021-07-21,"YOSE7","EC",2021-09-02,NA,NA,NA,NA,NA,NA,NA,NA,NA,NA,NA,2021,0.5
"2","3","V",NA,NA,NA,NA,NA,"<1","2.9",1,"1.3",NA,NA,NA,NA,"Y",NA,NA,2021-07-21,"YOSE7","EC",2021-09-02,NA,NA,NA,NA,NA,NA,NA,NA,NA,NA,NA,2021,0.5
"2","3","P",35,27,"purple",NA,NA,"1.23","9.2",1,NA,"6.0","0.0",3.9,1,"Y",NA,NA,2021-07-21,"YOSE7","EC",2021-09-02,NA,72,NA,NA,NA,NA,NA,"0.0",NA,NA,NA,2021,1.23
"2","3","V",NA,NA,NA,NA,NA,"<1","2.4",1,"1.3",NA,NA,NA,NA,"N",NA,NA,2021-07-21,"YOSE7","EC",2021-09-02,NA,NA,NA,NA,NA,NA,NA,NA,NA,NA,NA,2021,0.5
"2","4","V",NA,NA,NA,NA,NA,"<1","3.4",1,"1.0",NA,NA,NA,NA,"Y",NA,NA,2021-07-21,"YOSE7","EC",2021-09-02,NA,NA,NA,NA,NA,NA,NA,NA,NA,NA,NA,2021,0.5
"2","4","V",NA,NA,NA,NA,NA,"<1","3.1",1,"0.7",NA,NA,NA,NA,"Y",NA,NA,2021-07-21,"YOSE7","EC",2021-09-02,NA,NA,NA,NA,NA,NA,NA,NA,NA,NA,NA,2021,0.5
"2","4","V",NA,NA,NA,NA,NA,"<1","2.5",1,"0.5",NA,NA,NA,NA,"N",NA,NA,2021-07-21,"YOSE7","EC",2021-09-02,NA,NA,NA,NA,NA,NA,NA,NA,NA,NA,NA,2021,0.5
"2","4","V",NA,NA,NA,NA,NA,"<1","2.4",1,"0.5",NA,NA,NA,NA,"N",NA,NA,2021-07-21,"YOSE7","EC",2021-09-02,NA,NA,NA,NA,NA,NA,NA,NA,NA,NA,NA,2021,0.5
"2","4","V",NA,NA,NA,NA,NA,"<1","2.4",1,"0.6",NA,NA,NA,NA,"Y",NA,NA,2021-07-21,"YOSE7","EC",2021-09-02,NA,NA,NA,NA,NA,NA,NA,NA,NA,NA,NA,2021,0.5
"2","4","V",NA,NA,NA,NA,NA,"<1","2.4",1,"0.5",NA,NA,NA,NA,"N",NA,NA,2021-07-21,"YOSE7","EC",2021-09-02,NA,NA,NA,NA,NA,NA,NA,NA,NA,NA,NA,2021,0.5
"2","4","V",NA,NA,NA,NA,NA,"<1","1.9",1,"0.6",NA,NA,NA,NA,"N",NA,NA,2021-07-21,"YOSE7","EC",2021-09-02,NA,NA,NA,NA,NA,NA,NA,NA,NA,NA,NA,2021,0.5
"2","4","V",NA,NA,NA,NA,NA,"<1","2.6",1,"0.6",NA,NA,NA,NA,"Y",NA,NA,2021-07-21,"YOSE7","EC",2021-09-02,NA,NA,NA,NA,NA,NA,NA,NA,NA,NA,NA,2021,0.5
"2","4","V",NA,NA,NA,NA,NA,"<1","3.2",1,"0.8",NA,NA,NA,NA,"Y",NA,NA,2021-07-21,"YOSE7","EC",2021-09-02,NA,NA,NA,NA,NA,NA,NA,NA,NA,NA,NA,2021,0.5
"2","4","V",NA,NA,NA,NA,NA,"<1","2.0",1,"0.7",NA,NA,NA,NA,"Y",NA,NA,2021-07-21,"YOSE7","EC",2021-09-02,NA,NA,NA,NA,NA,NA,NA,NA,NA,NA,NA,2021,0.5
"2","4","V",NA,NA,NA,NA,NA,"<1","1.8",1,"0.2",NA,NA,NA,NA,"N",NA,NA,2021-07-21,"YOSE7","EC",2021-09-02,NA,NA,NA,NA,NA,NA,NA,NA,NA,NA,NA,2021,0.5
"2","4","V",NA,NA,NA,NA,NA,"<1","2.1",1,"0.4",NA,NA,NA,NA,"Y",NA,NA,2021-07-21,"YOSE7","EC",2021-09-02,NA,NA,NA,NA,NA,NA,NA,NA,NA,NA,NA,2021,0.5
"2","4","V",NA,NA,NA,NA,NA,"<1","1.4",1,"0.4",NA,NA,NA,NA,"Y",NA,NA,2021-07-21,"YOSE7","EC",2021-09-02,NA,NA,NA,NA,NA,NA,NA,NA,NA,NA,NA,2021,0.5
"3","0","F",28,18,"red",NA,NA,"2.07","11.8",1,NA,"5.0","22.0",5,1,"Y",NA,NA,2021-07-21,"YOSE7","EC",2021-09-02,NA,96,NA,NA,NA,NA,NA,"0.0",NA,NA,NA,2021,2.07
"3","1","P",7,18,"red",NA,NA,"1.63","14.5",1,NA,"1.0","10.0",4.6,1,"Y",NA,NA,2021-07-21,"YOSE7","EC",2021-09-02,NA,900,NA,NA,NA,NA,NA,"1.0",NA,NA,NA,2021,1.63
"3","1","P",15,6,"red/purple",NA,NA,"1.35","10.0",1,NA,"0.0","9.0",3.7,1,"Y","band not found",NA,2021-07-21,"YOSE7","EC",2021-09-02,NA,NA,NA,NA,NA,NA,NA,"0.0",NA,NA,NA,2021,1.35
"3","1","P",41,2,"red",NA,NA,"1.16","12.0",1,NA,"0.0","7.0",4.2,1,"Y",NA,NA,2021-07-21,"YOSE7","EC",2021-09-02,NA,806,NA,NA,NA,NA,NA,"0.0",NA,NA,NA,2021,1.16
"3","1","P",36,40,"red",NA,NA,"1.34","12.5",1,NA,"0.0","6.0",3.2,1,"Y",NA,NA,2021-07-21,"YOSE7","EC",2021-09-02,NA,969,NA,NA,NA,NA,NA,"0.0",NA,NA,NA,2021,1.34
"3","1","X",NA,NA,"red",NA,NA,NA,NA,NA,NA,NA,NA,NA,NA,NA,NA,NA,2021-07-21,"YOSE7","EC",2021-09-02,NA,988,NA,NA,NA,NA,NA,NA,NA,NA,NA,2021,NA
"3","1.5","P",13,8,"red",NA,NA,NA,"14.0",3,NA,"0.0","2.0",5.6,1,"Y","2 dead branch",NA,2021-07-21,"YOSE7","EC",2021-09-02,NA,600,NA,NA,NA,NA,NA,"0.0",NA,NA,NA,2021,NA
"3","1.5","X",NA,NA,"red",NA,NA,NA,NA,NA,NA,NA,NA,NA,NA,NA,NA,NA,2021-07-21,"YOSE7","EC",2021-09-05,NA,70,NA,NA,NA,NA,NA,NA,NA,NA,NA,2021,NA
"3","1.5","X",NA,NA,"red",NA,NA,NA,NA,NA,NA,NA,NA,NA,NA,NA,NA,NA,2021-07-21,"YOSE7","EC",2021-09-05,NA,66,NA,NA,NA,NA,NA,NA,NA,NA,NA,2021,NA
"3","1.5","X",NA,NA,"red",NA,NA,NA,NA,NA,NA,NA,NA,NA,NA,NA,NA,NA,2021-07-21,"YOSE7","EC",2021-09-05,NA,99,NA,NA,NA,NA,NA,NA,NA,NA,NA,2021,NA
"3","1.5","P",38,48,"purple",NA,NA,"1.33","12.5",1,NA,"0.0","2.0",4.5,1,"Y","buried;found;new band;0 bud",NA,2021-07-21,"YOSE7","EC",2021-09-05,NA,106,NA,NA,NA,NA,NA,"0.0",NA,NA,NA,2021,1.33
"3","2","X",NA,NA,NA,NA,NA,NA,NA,NA,NA,NA,NA,NA,NA,NA,NA,NA,2021-07-21,"YOSE7","EC",2021-09-05,NA,126,NA,NA,NA,NA,NA,"0.0",NA,NA,NA,2021,NA
"3","1","V",NA,NA,NA,NA,NA,"<1","2.3",1,"0.9",NA,NA,NA,NA,"N",NA,NA,2021-07-21,"YOSE7","EC",2021-09-05,NA,NA,NA,NA,NA,NA,NA,"0.0",NA,NA,NA,2021,0.5
"3","1","V",NA,NA,NA,NA,NA,"<1","1.4",1,"0.7",NA,NA,NA,NA,"Y",NA,NA,2021-07-21,"YOSE7","EC",2021-09-05,NA,NA,NA,NA,NA,NA,NA,"0.0",NA,NA,NA,2021,0.5
"3","1","V",NA,NA,NA,NA,NA,"<1","1.7",1,"0.6",NA,NA,NA,NA,"N",NA,NA,2021-07-21,"YOSE7","EC",2021-09-05,NA,NA,NA,NA,NA,NA,NA,"0.0",NA,NA,NA,2021,0.5
"3","1","V",NA,NA,NA,NA,NA,"<1","1.7",1,"0.5",NA,NA,NA,NA,"N",NA,NA,2021-07-21,"YOSE7","EC",2021-09-05,NA,NA,NA,NA,NA,NA,NA,"0.0",NA,NA,NA,2021,0.5
"3","1","V",NA,NA,NA,NA,NA,"<1","2.0",1,"0.8",NA,NA,NA,NA,"N",NA,NA,2021-07-21,"YOSE7","EC",2021-09-05,NA,NA,NA,NA,NA,NA,NA,"0.0",NA,NA,NA,2021,0.5
"3","1","V",NA,NA,NA,NA,NA,"<1","2.0",1,"0.8",NA,NA,NA,NA,"N",NA,NA,2021-07-21,"YOSE7","EC",2021-09-05,NA,NA,NA,NA,NA,NA,NA,"0.0",NA,NA,NA,2021,0.5
"3","1","F",NA,NA,NA,NA,NA,"0.76","7.0",1,NA,"0.0","0.0",0,1,"N","flowering stem; dead",NA,2021-07-21,"YOSE7","EC",2021-09-05,NA,NA,NA,NA,NA,NA,NA,"0.0",NA,NA,NA,2021,0.5
"3","1","V",NA,NA,NA,NA,NA,"<1","1.5",1,"0.76",NA,NA,NA,NA,"N",NA,NA,2021-07-21,"YOSE7","EC",2021-09-05,NA,NA,NA,NA,NA,NA,NA,"0.0",NA,NA,NA,2021,0.5
"3","1","V",NA,NA,NA,NA,NA,"<1","2.5",1,"0.9",NA,NA,NA,NA,"N",NA,NA,2021-07-21,"YOSE7","EC",2021-09-05,NA,NA,NA,NA,NA,NA,NA,"0.0",NA,NA,NA,2021,0.5
"3","1","V",NA,NA,NA,NA,NA,"<1","1.7",1,"0.6",NA,NA,NA,NA,"Y",NA,NA,2021-07-21,"YOSE7","EC",2021-09-05,NA,NA,NA,NA,NA,NA,NA,"0.0",NA,NA,NA,2021,0.5
"3","1.5","P",3,38,"purple",NA,NA,"2.07","12.6",1,NA,"0.0","20.0",4.9,1,"Y",NA,NA,2021-07-21,"YOSE7","EC",2021-09-05,NA,48,NA,NA,NA,NA,NA,"0.0",NA,NA,NA,2021,2.07
"3","1.5","V",NA,NA,NA,NA,NA,"<1","2.4",1,"0.5",NA,NA,NA,NA,"N",NA,NA,2021-07-21,"YOSE7","EC",2021-09-05,NA,NA,NA,NA,NA,NA,NA,NA,NA,NA,NA,2021,0.5
"3","1.5","V",NA,NA,NA,NA,NA,"<1","1.0",1,"0.3",NA,NA,NA,NA,"Y",NA,NA,2021-07-21,"YOSE7","EC",2021-09-05,NA,NA,NA,NA,NA,NA,NA,NA,NA,NA,NA,2021,0.5
"2","1","P",15,46,"red",NA,NA,"1.46","14.9",1,NA,"2.0","5.0",4.9,1,"Y",NA,NA,2021-07-21,"YOSE7","EC",2021-09-05,NA,95,NA,NA,NA,NA,NA,"1.0",NA,NA,NA,2021,1.46
"2","3",NA,NA,NA,"red",NA,NA,NA,NA,NA,NA,NA,NA,NA,NA,NA,"found off t sets",NA,2021-07-21,"YOSE7","EC",2021-09-05,NA,48,NA,NA,NA,NA,NA,NA,NA,NA,NA,2021,NA
"2","3","V",5,19,"red",NA,NA,"0.49","2.3",1,"0.9",NA,NA,NA,NA,"Y",NA,NA,2021-07-21,"YOSE7","EC",2021-09-05,NA,999,NA,NA,NA,NA,NA,NA,NA,NA,NA,2021,0.5
"2","4","X",NA,NA,"red",NA,NA,NA,NA,NA,NA,NA,NA,NA,NA,NA,"dead",NA,2021-07-21,"YOSE7","EC",2021-09-05,NA,9,NA,NA,NA,NA,NA,NA,NA,NA,NA,2021,NA
"2","4.5",NA,NA,NA,"red",NA,NA,NA,NA,NA,NA,NA,NA,NA,NA,NA,"no plant; band",NA,2021-07-21,"YOSE7","EC",2021-09-05,NA,80,NA,NA,NA,NA,NA,NA,NA,NA,NA,2021,NA
"2","1","V",42,14,"purple",NA,NA,"0.61","2.8",1,"0.9",NA,NA,NA,NA,"N",NA,NA,2021-07-21,"YOSE7","EC",2021-09-05,NA,NA,NA,NA,NA,NA,NA,NA,NA,NA,NA,2021,0.5
"2","1","V",NA,NA,NA,NA,NA,"0.24","1.6",1,"0.4",NA,NA,NA,NA,"N",NA,NA,2021-07-21,"YOSE7","EC",2021-09-05,NA,NA,NA,NA,NA,NA,NA,NA,NA,NA,NA,2021,0.5
"2","1","V",NA,NA,NA,NA,NA,"0.34","1.9",1,"0.4",NA,NA,NA,NA,"N",NA,NA,2021-07-21,"YOSE7","EC",2021-09-05,NA,NA,NA,NA,NA,NA,NA,NA,NA,NA,NA,2021,0.5
"2","1","V",NA,NA,NA,NA,NA,"0.31","1.3",1,"0.2",NA,NA,NA,NA,"N",NA,NA,2021-07-21,"YOSE7","EC",2021-09-05,NA,NA,NA,NA,NA,NA,NA,NA,NA,NA,NA,2021,0.5
"2","1","V",NA,NA,NA,NA,NA,"0.3","1.6",1,"0.4",NA,NA,NA,NA,"N",NA,NA,2021-07-21,"YOSE7","EC",2021-09-05,NA,NA,NA,NA,NA,NA,NA,NA,NA,NA,NA,2021,0.5
"2","1","V",NA,NA,NA,NA,NA,"0.4","2.2",1,"0.6",NA,NA,NA,NA,"Y",NA,NA,2021-07-21,"YOSE7","EC",2021-09-05,NA,NA,NA,NA,NA,NA,NA,NA,NA,NA,NA,2021,0.5
"2","1","V",NA,NA,NA,NA,NA,"0.38","1.5",1,"0.5",NA,NA,NA,NA,"N",NA,NA,2021-07-21,"YOSE7","EC",2021-09-05,NA,NA,NA,NA,NA,NA,NA,NA,NA,NA,NA,2021,0.5
"2","1","V",NA,NA,NA,NA,NA,"0.37","1.1",1,"0.3",NA,NA,NA,NA,"Y",NA,NA,2021-07-21,"YOSE7","EC",2021-09-05,NA,NA,NA,NA,NA,NA,NA,NA,NA,NA,NA,2021,0.5
"2","1","V",NA,NA,NA,NA,NA,"0.47","2.1",1,"0.6",NA,NA,NA,NA,"N",NA,NA,2021-07-21,"YOSE7","EC",2021-09-05,NA,NA,NA,NA,NA,NA,NA,NA,NA,NA,NA,2021,0.5
"2","1","V",NA,NA,NA,NA,NA,"0.39","1.8",1,"0.4",NA,NA,NA,NA,"N",NA,NA,2021-07-21,"YOSE7","EC",2021-09-05,NA,NA,NA,NA,NA,NA,NA,NA,NA,NA,NA,2021,0.5
"2","1","V",NA,NA,NA,NA,NA,"0.44","1.1",1,"0.3",NA,NA,NA,NA,"Y",NA,NA,2021-07-21,"YOSE7","EC",2021-09-05,NA,NA,NA,NA,NA,NA,NA,NA,NA,NA,NA,2021,0.5
"2","1","V",NA,NA,NA,NA,NA,"0.44","1.5",1,"0.7",NA,NA,NA,NA,"Y",NA,NA,2021-07-21,"YOSE7","EC",2021-09-05,NA,NA,NA,NA,NA,NA,NA,NA,NA,NA,NA,2021,0.5
"2","1","V",NA,NA,NA,NA,NA,"0.21","1.9",1,"0.2",NA,NA,NA,NA,"N",NA,NA,2021-07-21,"YOSE7","EC",2021-09-05,NA,NA,NA,NA,NA,NA,NA,NA,NA,NA,NA,2021,0.5
"2","1","V",NA,NA,NA,NA,NA,"0.3","2.0",1,"0.6",NA,NA,NA,NA,"N",NA,NA,2021-07-21,"YOSE7","EC",2021-09-05,NA,NA,NA,NA,NA,NA,NA,NA,NA,NA,NA,2021,0.5
"2","1","V",NA,NA,NA,NA,NA,"0.49","2.4",1,"0.6",NA,NA,NA,NA,"N",NA,NA,2021-07-21,"YOSE7","EC",2021-09-05,NA,NA,NA,NA,NA,NA,NA,NA,NA,NA,NA,2021,0.5
"2","1","P",11,49,"purple",NA,NA,"1.37","5.9",1,NA,"1.0","3.0",3,1,"Y",NA,NA,2021-07-21,"YOSE7","EC",2021-09-05,NA,349,NA,NA,NA,NA,NA,"2.0",NA,NA,NA,2021,1.37
"2","1","V",NA,NA,NA,NA,NA,"0.45","2.1",1,"0.4",NA,NA,NA,NA,"N",NA,NA,2021-07-21,"YOSE7","EC",2021-09-05,NA,NA,NA,NA,NA,NA,NA,NA,NA,NA,NA,2021,0.5
"2","1","V",NA,NA,NA,NA,NA,"0.3","1.5",1,"0.3",NA,NA,NA,NA,"N",NA,NA,2021-07-21,"YOSE7","EC",2021-09-05,NA,NA,NA,NA,NA,NA,NA,NA,NA,NA,NA,2021,0.5
"2","1","V",NA,NA,NA,NA,NA,"0.41","1.6",1,"0.4",NA,NA,NA,NA,"N",NA,NA,2021-07-21,"YOSE7","EC",2021-09-05,NA,NA,NA,NA,NA,NA,NA,NA,NA,NA,NA,2021,0.5
"2","2","V",35,44,"purple",NA,NA,"0.5","1.8",1,"0.8",NA,NA,NA,NA,"N","nothing",NA,2021-07-21,"YOSE7","EC",2021-09-05,NA,NA,NA,NA,NA,NA,NA,NA,NA,NA,NA,2021,0.5
"2","2","V",NA,NA,NA,NA,NA,"0.29","1.9",1,"0.5",NA,NA,NA,NA,"N",NA,NA,2021-07-21,"YOSE7","EC",2021-09-05,NA,NA,NA,NA,NA,NA,NA,NA,NA,NA,NA,2021,0.5
"2","2","V",NA,NA,NA,NA,NA,"0.32","1.6",1,"0.4",NA,NA,NA,NA,"N",NA,NA,2021-07-21,"YOSE7","EC",2021-09-05,NA,NA,NA,NA,NA,NA,NA,NA,NA,NA,NA,2021,0.5
"2","2","V",NA,NA,NA,NA,NA,"0.25","1.6",1,"0.6",NA,NA,NA,NA,"N",NA,NA,2021-07-21,"YOSE7","EC",2021-09-05,NA,NA,NA,NA,NA,NA,NA,NA,NA,NA,NA,2021,0.5
"2","2","V",NA,NA,NA,NA,NA,"0.18","1.1",1,"0.2",NA,NA,NA,NA,"N",NA,NA,2021-07-21,"YOSE7","EC",2021-09-05,NA,NA,NA,NA,NA,NA,NA,NA,NA,NA,NA,2021,0.5
"2","2.5","V",25,1,"purple",NA,NA,"0.64","1.5",1,"0.6",NA,NA,NA,NA,"N",NA,NA,2021-07-21,"YOSE7","EC",2021-09-05,NA,NA,NA,NA,NA,NA,NA,NA,NA,NA,NA,2021,0.5
"2","2.5","V",32,2,"purple",NA,NA,"0.6","2.1",1,"0.9",NA,NA,NA,NA,"N",NA,NA,2021-07-21,"YOSE7","EC",2021-09-05,NA,NA,NA,NA,NA,NA,NA,NA,NA,NA,NA,2021,0.5
"2","2.5","V",39,2,"purple",NA,NA,"0.7","2.3",1,"0.6",NA,NA,NA,NA,"N",NA,NA,2021-07-21,"YOSE7","EC",2021-09-05,NA,NA,NA,NA,NA,NA,NA,NA,NA,NA,NA,2021,0.5
"2","2.5","V",12,18,"purple",NA,NA,"0.54","1.8",2,"0.5",NA,NA,NA,NA,"Y",NA,NA,2021-07-21,"YOSE7","EC",2021-09-05,NA,NA,NA,NA,NA,NA,NA,NA,NA,NA,NA,2021,0.5
"2","2.5","V",24,24,"purple",NA,NA,"0.55","2.0",1,"1.0",NA,NA,NA,NA,"N",NA,NA,2021-07-21,"YOSE7","EC",2021-09-05,NA,NA,NA,NA,NA,NA,NA,NA,NA,NA,NA,2021,0.5
"2","2.5","V",NA,NA,NA,NA,NA,"<1","2.9",1,"1.0",NA,NA,NA,NA,"Y",NA,NA,2021-07-21,"YOSE7","EC",2021-09-05,NA,NA,NA,NA,NA,NA,NA,NA,NA,NA,NA,2021,0.5
"2","2.5","V",NA,NA,NA,NA,NA,"<1","2.0",1,"0.8",NA,NA,NA,NA,"Y",NA,NA,2021-07-21,"YOSE7","EC",2021-09-05,NA,NA,NA,NA,NA,NA,NA,NA,NA,NA,NA,2021,0.5
"3","0","P",49,26,"purple",NA,NA,"1.83","7.5",2,NA,"2.0","3.0",4.8,1,"N",NA,NA,2021-07-21,"YOSE7","EC",2021-09-05,NA,360,NA,NA,NA,NA,NA,"1.0",NA,NA,NA,2021,1.83
"3","0.5","V",40,22,"purple",NA,NA,"0.68","2.5",1,"1.1",NA,NA,NA,NA,"N","nothing",NA,2021-07-21,"YOSE7","EC",2021-09-05,NA,NA,NA,NA,NA,NA,NA,NA,NA,NA,NA,2021,0.5
"3","0.5","V",42,25,"purple",NA,NA,"0.53","1.8",1,"0.8",NA,NA,NA,NA,"N",NA,NA,2021-07-21,"YOSE7","EC",2021-09-05,NA,NA,NA,NA,NA,NA,NA,NA,NA,NA,NA,2021,0.5
"3","0.5","P",27,32,"purple",NA,NA,"1.47","13.5",2,NA,"0.0","10.0",4.4,1,"Y",NA,NA,2021-07-21,"YOSE7","EC",2021-09-05,NA,350,NA,NA,NA,NA,NA,"0.0",NA,NA,NA,2021,1.47
"3","0.5","V",38,36,"purple",NA,NA,"0.59","1.7",3,"0.9",NA,NA,NA,NA,"N",NA,NA,2021-07-21,"YOSE7","EC",2021-09-05,NA,NA,NA,NA,NA,NA,NA,NA,NA,NA,NA,2021,0.5
"3","0.5","P",36,42,"purple",NA,NA,"1.92","12.0",1,NA,"0.0","14.0",3.9,1,"N",NA,NA,2021-07-21,"YOSE7","EC",2021-09-05,NA,356,NA,NA,NA,NA,NA,"0.0",NA,NA,NA,2021,1.92
"3","1","V",NA,NA,NA,NA,NA,"0.49","1.4",1,"0.9",NA,NA,NA,NA,"Y",NA,NA,2021-07-21,"YOSE7","EC",2021-09-05,NA,NA,NA,NA,NA,NA,NA,NA,NA,NA,NA,2021,0.5
"3","1","P",43,7,"purple",NA,NA,"1.36","10.5",1,NA,"0.0","12.0",4.6,1,"N",NA,NA,2021-07-21,"YOSE7","EC",2021-09-05,NA,7,NA,NA,NA,NA,NA,"0.0",NA,NA,NA,2021,1.36
"3","1","V",NA,NA,NA,NA,NA,"0.49","1.4",1,"0.4",NA,NA,NA,NA,"N",NA,NA,2021-07-21,"YOSE7","EC",2021-09-05,NA,NA,NA,NA,NA,NA,NA,NA,NA,NA,NA,2021,0.5
"3","1","V",NA,NA,NA,NA,NA,"0.47","1.7",1,"0.7",NA,NA,NA,NA,"N",NA,NA,2021-07-21,"YOSE7","EC",2021-09-05,NA,NA,NA,NA,NA,NA,NA,NA,NA,NA,NA,2021,0.5
"3","1","V",NA,NA,NA,NA,NA,"0.44","2.2",1,"1.0",NA,NA,NA,NA,"N",NA,NA,2021-07-21,"YOSE7","EC",2021-09-05,NA,NA,NA,NA,NA,NA,NA,NA,NA,NA,NA,2021,0.5
"3","1","V",47,6,"purple",NA,NA,"0.57","2.0",1,"0.7",NA,NA,NA,NA,"N",NA,NA,2021-07-21,"YOSE7","EC",2021-09-05,NA,NA,NA,NA,NA,NA,NA,NA,NA,NA,NA,2021,0.5
"3","1","V",NA,NA,NA,NA,NA,"0.46","1.5",1,"0.7",NA,NA,NA,NA,"N",NA,NA,2021-07-21,"YOSE7","EC",2021-09-05,NA,NA,NA,NA,NA,NA,NA,NA,NA,NA,NA,2021,0.5
"3","1","V",NA,NA,NA,NA,NA,"0.43","1.5",1,"0.8",NA,NA,NA,NA,"N",NA,NA,2021-07-21,"YOSE7","EC",2021-09-05,NA,NA,NA,NA,NA,NA,NA,NA,NA,NA,NA,2021,0.5
"3","1","X",NA,NA,NA,NA,NA,NA,NA,NA,NA,NA,NA,NA,NA,NA,NA,NA,2021-07-21,"YOSE7","EC",2021-09-05,NA,NA,NA,NA,NA,NA,NA,NA,NA,NA,NA,2021,NA
"3","1","V",50,31,"purple",NA,NA,"0.81","2.3",1,"1.3",NA,NA,NA,NA,"Y",NA,NA,2021-07-21,"YOSE7","EC",2021-09-05,NA,NA,NA,NA,NA,NA,NA,NA,NA,NA,NA,2021,0.5
"3","1","V",44,33,"purple",NA,NA,"0.73","1.7",1,"0.9",NA,NA,NA,NA,"N",NA,NA,2021-07-21,"YOSE7","EC",2021-09-05,NA,NA,NA,NA,NA,NA,NA,NA,NA,NA,NA,2021,0.5
"3","1","V",NA,NA,NA,NA,NA,"0.33","0.8",1,"0.3",NA,NA,NA,NA,"N",NA,NA,2021-07-21,"YOSE7","EC",2021-09-05,NA,NA,NA,NA,NA,NA,NA,NA,NA,NA,NA,2021,0.5
"3","1","V",47,46,"purple",NA,NA,"0.75","3.6",1,"1.2",NA,NA,NA,NA,"N",NA,NA,2021-07-21,"YOSE7","EC",2021-09-05,NA,NA,NA,NA,NA,NA,NA,NA,NA,NA,NA,2021,0.5
"3","1","V",50,50,"purple",NA,NA,"0.77","2.9",1,"1.4",NA,NA,NA,NA,"N",NA,NA,2021-07-21,"YOSE7","EC",2021-09-05,NA,NA,NA,NA,NA,NA,NA,NA,NA,NA,NA,2021,0.5
"3","1","P",34,16,"purple",NA,NA,"1.09","8.5",1,NA,"0.0","6.0",4.6,1,"N",NA,NA,2021-07-21,"YOSE7","EC",2021-09-05,NA,137,NA,NA,NA,NA,NA,"0.0",NA,NA,NA,2021,1.09
"3","2.5","V",NA,NA,NA,NA,NA,"0.27","0.5",1,"0.3",NA,NA,NA,NA,"N",NA,NA,2021-07-21,"YOSE7","EC",2021-09-05,NA,NA,NA,NA,NA,NA,NA,NA,NA,NA,NA,2021,0.5
"3","2","V",2,43,"purple",NA,NA,"0.8","3.0",1,"1.9",NA,NA,NA,NA,"Y",NA,NA,2021-07-21,"YOSE7","EC",2021-09-05,NA,NA,NA,NA,NA,NA,NA,NA,NA,NA,NA,2021,0.5
"3","2","V",NA,NA,NA,NA,NA,"0.39","1.6",1,"0.5",NA,NA,NA,NA,"N",NA,NA,2021-07-21,"YOSE7","EC",2021-09-05,NA,NA,NA,NA,NA,NA,NA,NA,NA,NA,NA,2021,0.5
"3","2","V",NA,NA,NA,NA,NA,"0.3","1.8",1,"0.4",NA,NA,NA,NA,"N",NA,NA,2021-07-21,"YOSE7","EC",2021-09-05,NA,NA,NA,NA,NA,NA,NA,NA,NA,NA,NA,2021,0.5
"3","1.5","V",6,1,"purple",NA,NA,"1.16","3.1",3,"0.7",NA,NA,NA,NA,"N",NA,NA,2021-07-21,"YOSE7","EC",2021-09-05,NA,354,NA,NA,NA,NA,NA,NA,NA,NA,NA,2021,1.16
"3","1.5","V",NA,NA,NA,NA,NA,"<1","1.8",1,"0.4",NA,NA,NA,NA,"Y",NA,NA,2021-07-21,"YOSE7","EC",2021-09-05,NA,NA,NA,NA,NA,NA,NA,NA,NA,NA,NA,2021,0.5
"3","1.5","V",7,3,"purple",NA,NA,"0.98","4.2",1,"0.9",NA,NA,NA,NA,"Y",NA,NA,2021-07-21,"YOSE7","EC",2021-09-05,NA,NA,NA,NA,NA,NA,NA,NA,NA,NA,NA,2021,0.5
"3","1.5","V",7,3,"purple",NA,NA,"1.17","3.5",1,"1.0",NA,NA,NA,NA,"Y",NA,NA,2021-07-21,"YOSE7","EC",2021-09-05,NA,86,NA,NA,NA,NA,NA,NA,NA,NA,NA,2021,1.17
"3","1.5","V",NA,NA,NA,NA,NA,"<1","1.7",1,"0.5",NA,NA,NA,NA,"Y",NA,NA,2021-07-21,"YOSE7","EC",2021-09-05,NA,NA,NA,NA,NA,NA,NA,NA,NA,NA,NA,2021,0.5
"3","1.5","X",NA,NA,NA,NA,NA,NA,NA,NA,NA,NA,NA,NA,NA,NA,NA,NA,2021-07-21,"YOSE7","EC",2021-09-05,NA,NA,NA,NA,NA,NA,NA,NA,NA,NA,NA,2021,NA
"3","1.5","V",NA,NA,NA,NA,NA,"<1","1.1",1,"0.4",NA,NA,NA,NA,"N",NA,NA,2021-07-21,"YOSE7","EC",2021-09-05,NA,NA,NA,NA,NA,NA,NA,NA,NA,NA,NA,2021,0.5
"3","1.5","X",NA,NA,NA,NA,NA,NA,NA,NA,NA,NA,NA,NA,NA,NA,NA,NA,2021-07-21,"YOSE7","EC",2021-09-05,NA,NA,NA,NA,NA,NA,NA,NA,NA,NA,NA,2021,NA
"3","1.5","V",4,7,"purple",NA,NA,"0.7","1.3",1,"0.6",NA,NA,NA,NA,"N",NA,NA,2021-07-21,"YOSE7","EC",2021-09-05,NA,NA,NA,NA,NA,NA,NA,NA,NA,NA,NA,2021,0.5
"3","1.5","V",10,12,"purple",NA,NA,"0.7","2.4",1,"1.1",NA,NA,NA,NA,"N",NA,NA,2021-07-21,"YOSE7","EC",2021-09-05,NA,NA,NA,NA,NA,NA,NA,NA,NA,NA,NA,2021,0.5
"3","1.5","V",8,14,"purple",NA,NA,"0.79","3.2",1,"0.9",NA,NA,NA,NA,"Y",NA,NA,2021-07-21,"YOSE7","EC",2021-09-05,NA,NA,NA,NA,NA,NA,NA,NA,NA,NA,NA,2021,0.5
"3","1.5","V",3,16,"purple",NA,NA,"1.08","3.3",1,"0.9",NA,NA,NA,NA,"Y",NA,NA,2021-07-21,"YOSE7","EC",2021-09-05,NA,200,NA,NA,NA,NA,NA,NA,NA,NA,NA,2021,1.08
"3","1.5","V",10,18,"purple",NA,NA,"0.68","3.1",1,"1.1",NA,NA,NA,NA,"N",NA,NA,2021-07-21,"YOSE7","EC",2021-09-05,NA,NA,NA,NA,NA,NA,NA,NA,NA,NA,NA,2021,0.5
"3","1.5","V",10,33,"purple",NA,NA,"1.33","5.2",1,"1.2",NA,NA,NA,NA,"Y",NA,NA,2021-07-21,"YOSE7","EC",2021-09-05,NA,708,NA,NA,NA,NA,NA,NA,NA,NA,NA,2021,1.33
"2","4.5","P",13,7,"purple",NA,NA,"1.51","7.2",2,NA,"0.0","10.0",2.9,1,"N",NA,NA,2021-07-21,"YOSE7","EC",2021-09-05,NA,357,NA,NA,NA,NA,NA,"0.0",NA,NA,NA,2021,1.51
"2","4.5","V",43,3,"purple",NA,NA,"2.48","8.4",1,"1.3",NA,NA,NA,NA,"N",NA,NA,2021-07-21,"YOSE7","EC",2021-09-05,NA,355,NA,NA,NA,NA,NA,NA,NA,NA,NA,2021,2.48
"2","4.5","V",NA,NA,NA,NA,NA,"0.42","1.7",1,"0.4",NA,NA,NA,NA,"Y",NA,NA,2021-07-21,"YOSE7","EC",2021-09-05,NA,NA,NA,NA,NA,NA,NA,NA,NA,NA,NA,2021,0.5
"2","4.5","P",31,21,"purple",NA,NA,"2.03","13.8",1,NA,NA,"21.0",4.1,1,"Y","1 vegetative branch",NA,2021-07-21,"YOSE7","EC",2021-09-05,NA,51,NA,NA,NA,NA,NA,NA,NA,NA,NA,2021,2.03
"2","4.5","V",5,20,"purple",NA,NA,"0.61","2.6",1,"1.8",NA,NA,NA,NA,"N","1 vegetative branch",NA,2021-07-21,"YOSE7","EC",2021-09-05,NA,NA,NA,NA,NA,NA,NA,NA,NA,NA,NA,2021,0.5
"2","4.5","U",1,23,"purple",NA,NA,"0.81","3.4",1,"0.8",NA,NA,NA,NA,"N",NA,NA,2021-07-21,"YOSE7","EC",2021-09-05,NA,NA,NA,NA,NA,NA,NA,NA,NA,NA,NA,2021,0.5
"2","4.5","P",13,31,"purple",NA,NA,"1.52","12.5",3,NA,NA,"21.0",5.3,3,"Y",NA,NA,2021-07-21,"YOSE7","EC",2021-09-05,NA,145,NA,NA,NA,NA,NA,"1.0",NA,NA,NA,2021,1.52
"2","4.5","V",11,48,"purple",NA,NA,"0.96","2.8",2,"1.4",NA,NA,NA,NA,"N",NA,NA,2021-07-21,"YOSE7","EC",2021-09-05,NA,NA,NA,NA,NA,NA,NA,NA,NA,NA,NA,2021,0.5
"2","4","V",NA,NA,NA,NA,NA,"<1","1.1",1,"0.4",NA,NA,NA,NA,"N",NA,NA,2021-07-21,"YOSE7","EC",2021-09-05,NA,NA,NA,NA,NA,NA,NA,NA,NA,NA,NA,2021,0.5
"2","4","P",4,10,"purple",NA,NA,"1.57","12.7",1,NA,"0.0","8.0",4.7,1,"Y",NA,NA,2021-07-21,"YOSE7","EC",2021-09-05,NA,139,NA,NA,NA,NA,NA,"0.0",NA,NA,NA,2021,1.57
"2","4","V",31,10,"purple",NA,NA,"1.07","1.4",1,"0.6",NA,NA,NA,NA,"N",NA,NA,2021-07-21,"YOSE7","EC",2021-09-05,NA,40,NA,NA,NA,NA,NA,NA,NA,NA,NA,2021,1.07
"2","4","X",NA,NA,NA,NA,NA,NA,NA,NA,NA,NA,NA,NA,NA,NA,NA,NA,2021-07-21,"YOSE7","EC",2021-09-05,NA,NA,NA,NA,NA,NA,NA,NA,NA,NA,NA,2021,NA
"2","4","V",13,20,"purple",NA,NA,"0.73","1.1",1,"0.3",NA,NA,NA,NA,"N",NA,NA,2021-07-21,"YOSE7","EC",2021-09-05,NA,NA,NA,NA,NA,NA,NA,NA,NA,NA,NA,2021,0.5
"2","4","V",34,9,"purple",NA,NA,"1.05","2.7",1,"1.0",NA,NA,NA,NA,"Y",NA,NA,2021-07-21,"YOSE7","EC",2021-09-05,NA,17,NA,NA,NA,NA,NA,NA,NA,NA,NA,2021,1.05
"2","4","V",NA,NA,NA,NA,NA,"<1","1.7",1,"0.4",NA,NA,NA,NA,"Y",NA,NA,2021-07-21,"YOSE7","EC",2021-09-05,NA,NA,NA,NA,NA,NA,NA,NA,NA,NA,NA,2021,0.5
"2","4","V",NA,NA,NA,NA,NA,"<1","1.8",1,"0.4",NA,NA,NA,NA,"N",NA,NA,2021-07-21,"YOSE7","EC",2021-09-05,NA,NA,NA,NA,NA,NA,NA,NA,NA,NA,NA,2021,0.5
"2","4","V",NA,NA,NA,NA,NA,"<1","1.6",1,"0.4",NA,NA,NA,NA,"Y",NA,NA,2021-07-21,"YOSE7","EC",2021-09-05,NA,NA,NA,NA,NA,NA,NA,NA,NA,NA,NA,2021,0.5
"2","4","V",NA,NA,NA,NA,NA,"<1","2.2",1,"0.4",NA,NA,NA,NA,"N",NA,NA,2021-07-21,"YOSE7","EC",2021-09-05,NA,NA,NA,NA,NA,NA,NA,NA,NA,NA,NA,2021,0.5
"2","4","V",39,31,"purple",NA,NA,"0.8","2.8",1,"0.9",NA,NA,NA,NA,"Y",NA,NA,2021-07-21,"YOSE7","EC",2021-09-05,NA,NA,NA,NA,NA,NA,NA,NA,NA,NA,NA,2021,0.5
"2","4","V",NA,NA,NA,NA,NA,"<1","1.6",1,"0.5",NA,NA,NA,NA,"Y",NA,NA,2021-07-21,"YOSE7","EC",2021-09-05,NA,NA,NA,NA,NA,NA,NA,NA,NA,NA,NA,2021,0.5
"2","4","V",9,27,"purple",NA,NA,"0.62","1.6",1,"0.6",NA,NA,NA,NA,"Y",NA,NA,2021-07-21,"YOSE7","EC",2021-09-05,NA,NA,NA,NA,NA,NA,NA,NA,NA,NA,NA,2021,0.5
"2","4","X",NA,NA,NA,NA,NA,NA,NA,NA,NA,NA,NA,NA,NA,NA,NA,NA,2021-07-21,"YOSE7","EC",2021-09-05,NA,NA,NA,NA,NA,NA,NA,NA,NA,NA,NA,2021,NA
"2","4","V",17,31,"purple",NA,NA,"0.86","3.3",1,"0.8",NA,NA,NA,NA,"Y",NA,NA,2021-07-21,"YOSE7","EC",2021-09-05,NA,NA,NA,NA,NA,NA,NA,NA,NA,NA,NA,2021,0.5
"2","4","V",16,34,"purple",NA,NA,"0.66","2.6",1,"0.6",NA,NA,NA,NA,"N",NA,NA,2021-07-21,"YOSE7","EC",2021-09-05,NA,NA,NA,NA,NA,NA,NA,NA,NA,NA,NA,2021,0.5
"2","4","V",NA,NA,NA,NA,NA,"<1","3.3",1,"0.9",NA,NA,NA,NA,"Y",NA,NA,2021-07-21,"YOSE7","EC",2021-09-05,NA,NA,NA,NA,NA,NA,NA,NA,NA,NA,NA,2021,0.5
"2","4","V",NA,NA,NA,NA,NA,"<1","2.3",1,"0.7",NA,NA,NA,NA,"N",NA,NA,2021-07-21,"YOSE7","EC",2021-09-05,NA,NA,NA,NA,NA,NA,NA,NA,NA,NA,NA,2021,0.5
"2","4","V",NA,NA,NA,NA,NA,"<1","2.2",1,"0.5",NA,NA,NA,NA,"N",NA,NA,2021-07-21,"YOSE7","EC",2021-09-05,NA,NA,NA,NA,NA,NA,NA,NA,NA,NA,NA,2021,0.5
"2","4","V",NA,NA,NA,NA,NA,"<1","3.3",1,"0.9",NA,NA,NA,NA,"N",NA,NA,2021-07-21,"YOSE7","EC",2021-09-05,NA,NA,NA,NA,NA,NA,NA,NA,NA,NA,NA,2021,0.5
"2","4","V",NA,NA,NA,NA,NA,"<1","1.8",1,"0.6",NA,NA,NA,NA,"Y",NA,NA,2021-07-21,"YOSE7","EC",2021-09-05,NA,NA,NA,NA,NA,NA,NA,NA,NA,NA,NA,2021,0.5
"2","4","V",NA,NA,NA,NA,NA,"<1","2.1",1,"0.3",NA,NA,NA,NA,"Y",NA,NA,2021-07-21,"YOSE7","EC",2021-09-05,NA,NA,NA,NA,NA,NA,NA,NA,NA,NA,NA,2021,0.5
"2","4","V",NA,NA,NA,NA,NA,"<1","1.2",1,"0.3",NA,NA,NA,NA,"N","wilting",NA,2021-07-21,"YOSE7","EC",2021-09-05,NA,NA,NA,NA,NA,NA,NA,NA,NA,NA,NA,2021,0.5
"2","4","V",NA,NA,NA,NA,NA,"<1","2.4",1,"0.7",NA,NA,NA,NA,"Y",NA,NA,2021-07-21,"YOSE7","EC",2021-09-05,NA,NA,NA,NA,NA,NA,NA,NA,NA,NA,NA,2021,0.5
"2","4","V",NA,NA,NA,NA,NA,"<1","2.1",1,"0.5",NA,NA,NA,NA,"Y",NA,NA,2021-07-21,"YOSE7","EC",2021-09-05,NA,NA,NA,NA,NA,NA,NA,NA,NA,NA,NA,2021,0.5
"2","4","V",NA,NA,NA,NA,NA,"<1","1.5",1,"0.3",NA,NA,NA,NA,"N",NA,NA,2021-07-21,"YOSE7","EC",2021-09-05,NA,NA,NA,NA,NA,NA,NA,NA,NA,NA,NA,2021,0.5
"2","4","V",NA,NA,NA,NA,NA,"<1","2.8",1,"0.7",NA,NA,NA,NA,"Y",NA,NA,2021-07-21,"YOSE7","EC",2021-09-05,NA,NA,NA,NA,NA,NA,NA,NA,NA,NA,NA,2021,0.5
"2","4","V",NA,NA,NA,NA,NA,"<1","2.3",1,"0.6",NA,NA,NA,NA,"Y",NA,NA,2021-07-21,"YOSE7","EC",2021-09-05,NA,NA,NA,NA,NA,NA,NA,NA,NA,NA,NA,2021,0.5
"2","4","V",NA,NA,NA,NA,NA,"<1","2.7",1,"0.8",NA,NA,NA,NA,"Y",NA,NA,2021-07-21,"YOSE7","EC",2021-09-05,NA,NA,NA,NA,NA,NA,NA,NA,NA,NA,NA,2021,0.5
"2","4","V",NA,NA,NA,NA,NA,"<1","3.1",1,"0.9",NA,NA,NA,NA,"Y",NA,NA,2021-07-21,"YOSE7","EC",2021-09-05,NA,NA,NA,NA,NA,NA,NA,NA,NA,NA,NA,2021,0.5
"2","0","V",NA,NA,"blue",NA,NA,"0.41","0.8",1,"0.3",NA,NA,NA,NA,"Y",NA,NA,2022-08-02,"YOSE7","YHW",2022-09-12,NA,NA,NA,NA,NA,NA,NA,NA,NA,NA,NA,2022,0.5
"2","0","V",NA,NA,"blue",NA,NA,"0.32","2.1",1,"0.5",NA,NA,NA,NA,"Y",NA,NA,2022-08-02,"YOSE7","YHW",2022-09-12,NA,NA,NA,NA,NA,NA,NA,NA,NA,NA,NA,2022,0.5
"2","1","V",20,44,"blue",NA,NA,"1.14","4.0",1,"1.0",NA,NA,NA,NA,"Y",NA,NA,2022-08-02,"YOSE7","YHW",2022-09-12,NA,22,NA,NA,NA,NA,NA,NA,NA,NA,NA,2022,1.14
"2","1","V",21,48,"blue",NA,NA,"0.72","2.1",1,"0.9",NA,NA,NA,NA,"Y",NA,NA,2022-08-02,"YOSE7","YHW",2022-09-12,NA,99,NA,NA,NA,NA,NA,NA,NA,NA,NA,2022,0.5
"2","1","V",NA,NA,"blue",NA,NA,"0.41","1.3",1,"0.7",NA,NA,NA,NA,"N",NA,NA,2022-08-02,"YOSE7","YHW",2022-09-12,NA,NA,NA,NA,NA,NA,NA,NA,NA,NA,NA,2022,0.5
"2","1","V",NA,NA,"blue",NA,NA,"0.38","1.8",1,"0.6",NA,NA,NA,NA,"N",NA,NA,2022-08-02,"YOSE7","YHW",2022-09-12,NA,NA,NA,NA,NA,NA,NA,NA,NA,NA,NA,2022,0.5
"2","1","V",NA,NA,"blue",NA,NA,"0.49","2.0",1,"0.6",NA,NA,NA,NA,"N",NA,NA,2022-08-02,"YOSE7","YHW",2022-09-12,NA,NA,NA,NA,NA,NA,NA,NA,NA,NA,NA,2022,0.5
"2","1","V",NA,NA,"blue",NA,NA,"0.35","1.6",1,"0.4",NA,NA,NA,NA,"Y",NA,NA,2022-08-02,"YOSE7","YHW",2022-09-12,NA,NA,NA,NA,NA,NA,NA,NA,NA,NA,NA,2022,0.5
"2","1","V",NA,NA,"blue",NA,NA,"0.28","1.1",1,"0.4",NA,NA,NA,NA,"Y",NA,NA,2022-08-02,"YOSE7","YHW",2022-09-12,NA,NA,NA,NA,NA,NA,NA,NA,NA,NA,NA,2022,0.5
"2","1","V",NA,NA,"blue",NA,NA,"0.24","0.8",1,"0.3",NA,NA,NA,NA,"N",NA,NA,2022-08-02,"YOSE7","YHW",2022-09-12,NA,NA,NA,NA,NA,NA,NA,NA,NA,NA,NA,2022,0.5
"2","1","V",NA,NA,"blue",NA,NA,"0.41","1.2",1,"0.7",NA,NA,NA,NA,"N",NA,NA,2022-08-02,"YOSE7","YHW",2022-09-12,NA,NA,NA,NA,NA,NA,NA,NA,NA,NA,NA,2022,0.5
"2","1","V",10,47,"blue",NA,NA,"0.58","4.0",1,"1.1",NA,NA,NA,NA,"Y",NA,NA,2022-08-02,"YOSE7","YHW",2022-09-12,NA,2,NA,NA,NA,NA,NA,NA,NA,NA,NA,2022,0.5
"2","1","V",NA,NA,"blue",NA,NA,"0.13","1.2",1,"0.4",NA,NA,NA,NA,"N",NA,NA,2022-08-02,"YOSE7","YHW",2022-09-12,NA,NA,NA,NA,NA,NA,NA,NA,NA,NA,NA,2022,0.5
"2","2","V",7,26,"blue",NA,NA,"0.5","2.7",1,"0.8",NA,NA,NA,NA,"Y",NA,NA,2022-08-02,"YOSE7","YHW",2022-09-12,NA,93,NA,NA,NA,NA,NA,NA,NA,NA,NA,2022,0.5
"2","2","V",20,50,"blue",NA,NA,"0.53","3.6",1,"1.4",NA,NA,NA,NA,"Y",NA,NA,2022-08-02,"YOSE7","YHW",2022-09-12,NA,20,NA,NA,NA,NA,NA,NA,NA,NA,NA,2022,0.5
"2","2","V",NA,NA,"blue",NA,NA,"0.31","2.0",1,"0.7",NA,NA,NA,NA,"Y",NA,NA,2022-08-02,"YOSE7","YHW",2022-09-12,NA,NA,NA,NA,NA,NA,NA,NA,NA,NA,NA,2022,0.5
"2","2.5","P",38,38,"blue",NA,NA,"1.99","16.1",1,NA,"0.0","30.0",4.2,1,"Y",NA,NA,2022-08-02,"YOSE7","YHW",2022-09-12,NA,17,NA,NA,NA,NA,NA,NA,NA,NA,NA,2022,1.99
"2","2.5","V",NA,NA,"blue",NA,NA,"0.45","1.0",1,"0.5",NA,NA,NA,NA,"N",NA,NA,2022-08-02,"YOSE7","YHW",2022-09-12,NA,NA,NA,NA,NA,NA,NA,NA,NA,NA,NA,2022,0.5
"2","2.5","V",NA,NA,"blue",NA,NA,"0.47","1.5",1,"0.8",NA,NA,NA,NA,"N",NA,NA,2022-08-02,"YOSE7","YHW",2022-09-12,NA,NA,NA,NA,NA,NA,NA,NA,NA,NA,NA,2022,0.5
"3","4.5","V",NA,NA,"blue",NA,NA,"0.22","1.6",1,"0.4",NA,NA,NA,NA,"Y",NA,NA,2022-08-02,"YOSE7","YHW",2022-09-12,NA,NA,NA,NA,NA,NA,NA,NA,NA,NA,NA,2022,0.5
"3","2","P",18,50,"blue",NA,NA,"1.58","11.1",1,NA,"0.0","17.0",5.6,1,"N",NA,NA,2022-08-02,"YOSE7","YHW",2022-09-12,NA,72,NA,NA,NA,NA,NA,NA,NA,NA,NA,2022,1.58
"3","2","P",20,49,"blue",NA,NA,"1.36","13.3",1,NA,"0.0","11.0",4.6,1,"Y",NA,NA,2022-08-02,"YOSE7","YHW",2022-09-12,NA,21,NA,NA,NA,NA,NA,NA,NA,NA,NA,2022,1.36
"2","1","X",15,46,"red",NA,NA,NA,NA,NA,NA,NA,NA,NA,NA,NA,"plant missing",NA,2022-08-02,"YOSE7","YHW",2022-09-12,NA,95,NA,NA,NA,NA,NA,NA,NA,NA,NA,2022,NA
"2","1","X",42,14,"purple",NA,NA,NA,NA,NA,NA,NA,NA,NA,NA,NA,"plant missing",NA,2022-08-02,"YOSE7","YHW",2022-09-12,NA,NA,NA,NA,NA,NA,NA,NA,NA,NA,NA,2022,NA
"2","1","X",11,49,"purple",NA,NA,NA,NA,NA,NA,NA,NA,NA,NA,NA,"plant missing",NA,2022-08-02,"YOSE7","YHW",2022-09-12,NA,349,NA,NA,NA,NA,NA,NA,NA,NA,NA,2022,NA
"2","2","X",35,44,"purple",NA,NA,NA,NA,NA,NA,NA,NA,NA,NA,NA,"plant missing",NA,2022-08-02,"YOSE7","YHW",2022-09-12,NA,NA,NA,NA,NA,NA,NA,NA,NA,NA,NA,2022,NA
"2","2.5",NA,25,1,"purple",NA,NA,NA,NA,NA,NA,NA,NA,NA,NA,NA,"plant missing",NA,2022-08-02,"YOSE7","YHW",2022-09-12,NA,NA,NA,NA,NA,NA,NA,NA,NA,NA,NA,2022,NA
"2","2.5",NA,32,2,"purple",NA,NA,NA,NA,NA,NA,NA,NA,NA,NA,NA,"plant missing",NA,2022-08-02,"YOSE7","YHW",2022-09-12,NA,NA,NA,NA,NA,NA,NA,NA,NA,NA,NA,2022,NA
"2","2.5","P",39,2,"purple",NA,NA,"1.71","18.2",4,NA,"0.0","31.0",4.3,4,"Y",NA,NA,2022-08-02,"YOSE7","YHW",2022-09-12,NA,NA,NA,NA,NA,NA,NA,NA,NA,NA,NA,2022,1.71
"2","2.5",NA,12,18,"purple",NA,NA,NA,NA,NA,NA,NA,NA,NA,NA,NA,"plant missing",NA,2022-08-02,"YOSE7","YHW",2022-09-12,NA,NA,NA,NA,NA,NA,NA,NA,NA,NA,NA,2022,NA
"2","2.5",NA,24,24,"purple",NA,NA,NA,NA,NA,NA,NA,NA,NA,NA,NA,"plant missing",NA,2022-08-02,"YOSE7","YHW",2022-09-12,NA,NA,NA,NA,NA,NA,NA,NA,NA,NA,NA,2022,NA
"2","3","X",12,34,"purple",NA,NA,NA,NA,NA,NA,NA,NA,NA,NA,NA,NA,NA,2022-08-01,"YOSE7","YHW",2022-09-12,NA,NA,NA,NA,NA,NA,NA,NA,NA,NA,NA,2022,NA
"2","3","X",35,27,"purple",NA,NA,NA,NA,NA,NA,NA,NA,NA,NA,NA,NA,NA,2022-08-01,"YOSE7","YHW",2022-09-12,NA,72,NA,NA,NA,NA,NA,NA,NA,NA,NA,2022,NA
"2","3","X",5,19,"red",NA,NA,NA,NA,NA,NA,NA,NA,NA,NA,NA,"could not find",NA,2022-08-01,"YOSE7","YHW",2022-09-12,NA,999,NA,NA,NA,NA,NA,NA,NA,NA,NA,2022,NA
"2","3","X",NA,NA,"purple",NA,NA,NA,NA,NA,NA,NA,NA,NA,NA,NA,"could not find",NA,2022-08-01,"YOSE7","YHW",2022-09-12,NA,NA,NA,NA,NA,NA,NA,NA,NA,NA,NA,2022,NA
"2","3","X",NA,NA,"purple",NA,NA,NA,NA,NA,NA,NA,NA,NA,NA,NA,"from last year, not on data sheet",NA,2022-08-01,"YOSE7","YHW",2022-09-12,NA,67,NA,NA,NA,NA,NA,NA,NA,NA,NA,2022,NA
"2","3","V",NA,NA,NA,NA,NA,"0.26","1.0",1,"0.6",NA,NA,NA,NA,"Y",NA,NA,2022-08-01,"YOSE7","YHW",2022-09-12,NA,NA,NA,NA,NA,NA,NA,NA,NA,NA,NA,2022,0.5
"2","3","V",24,10,"blue",NA,NA,"0.53","2.5",1,"0.4",NA,NA,NA,NA,"N",NA,NA,2022-08-01,"YOSE7","YHW",2022-09-12,NA,86,NA,NA,NA,NA,NA,NA,NA,NA,NA,2022,0.5
"2","3","V",NA,NA,NA,NA,NA,"0.38","1.8",1,"0.5",NA,NA,NA,NA,"N",NA,NA,2022-08-01,"YOSE7","YHW",2022-09-12,NA,NA,NA,NA,NA,NA,NA,NA,NA,NA,NA,2022,0.5
"2","3","V",NA,NA,NA,NA,NA,"0.34","1.7",1,"0.7",NA,NA,NA,NA,"N",NA,NA,2022-08-01,"YOSE7","YHW",2022-09-12,NA,NA,NA,NA,NA,NA,NA,NA,NA,NA,NA,2022,0.5
"2","3","V",NA,NA,NA,NA,NA,"0.35","0.8",1,"0.5",NA,NA,NA,NA,"N",NA,NA,2022-08-01,"YOSE7","YHW",2022-09-12,NA,NA,NA,NA,NA,NA,NA,NA,NA,NA,NA,2022,0.5
"2","3","V",NA,NA,NA,NA,NA,"0.18","1.2",1,"0.4",NA,NA,NA,NA,"N",NA,NA,2022-08-01,"YOSE7","YHW",2022-09-12,NA,NA,NA,NA,NA,NA,NA,NA,NA,NA,NA,2022,0.5
"2","3","V",45,32,"blue",NA,NA,"0.51","2.1",1,"0.6",NA,NA,NA,NA,"N",NA,NA,2022-08-01,"YOSE7","YHW",2022-09-12,NA,85,NA,NA,NA,NA,NA,NA,NA,NA,NA,2022,0.5
"2","3","V",46,32,"blue",NA,NA,"0.51","1.7",1,"0.6",NA,NA,NA,NA,"N",NA,NA,2022-08-01,"YOSE7","YHW",2022-09-12,NA,52,NA,NA,NA,NA,NA,NA,NA,NA,NA,2022,0.5
"2","3","V",NA,NA,NA,NA,NA,"0.45","2.1",1,"0.6",NA,NA,NA,NA,"N",NA,NA,2022-08-01,"YOSE7","YHW",2022-09-12,NA,NA,NA,NA,NA,NA,NA,NA,NA,NA,NA,2022,0.5
"2","3","V",28,50,"blue",NA,NA,"0.62","2.5",1,"0.8",NA,NA,NA,NA,"N",NA,NA,2022-08-01,"YOSE7","YHW",2022-09-12,NA,59,NA,NA,NA,NA,NA,NA,NA,NA,NA,2022,0.5
"2","3","V",35,50,"blue",NA,NA,"0.52","2.4",1,"1.0",NA,NA,NA,NA,"N",NA,NA,2022-08-01,"YOSE7","YHW",2022-09-12,NA,82,NA,NA,NA,NA,NA,NA,NA,NA,NA,2022,0.5
"2","3.5","P",28,13,"blue",NA,NA,"1.68","14.5",6,NA,"0.0","35.0",4.4,6,"Y",NA,NA,2022-08-01,"YOSE7","YHW",2022-09-12,NA,12,NA,NA,NA,NA,NA,NA,NA,NA,NA,2022,1.68
"2","3.5","V",NA,NA,NA,NA,NA,"0.16","1.0",1,"0.3",NA,NA,NA,NA,"N",NA,NA,2022-08-01,"YOSE7","YHW",2022-09-12,NA,NA,NA,NA,NA,NA,NA,NA,NA,NA,NA,2022,0.5
"2","3.5","V",NA,NA,NA,NA,NA,"0.45","2.2",1,"0.8",NA,NA,NA,NA,"N",NA,NA,2022-08-01,"YOSE7","YHW",2022-09-12,NA,NA,NA,NA,NA,NA,NA,NA,NA,NA,NA,2022,0.5
"2","3.5","V",NA,NA,NA,NA,NA,"0.48","1.6",1,"0.5",NA,NA,NA,NA,"N",NA,NA,2022-08-02,"YOSE7","YHW",2022-09-12,NA,NA,NA,NA,NA,NA,NA,NA,NA,NA,NA,2022,0.5
"2","3.5","V",NA,NA,NA,NA,NA,"0.29","1.1",1,"0.4",NA,NA,NA,NA,"Y",NA,NA,2022-08-02,"YOSE7","YHW",2022-09-12,NA,NA,NA,NA,NA,NA,NA,NA,NA,NA,NA,2022,0.5
"2","3.5","V",17,13,"blue",NA,NA,"1.51","4.0",3,"1.1",NA,NA,NA,NA,"Y",NA,NA,2022-08-02,"YOSE7","YHW",2022-09-12,NA,4,NA,NA,NA,NA,NA,NA,NA,NA,NA,2022,1.51
"2","3.5","V",NA,NA,NA,NA,NA,"0.36","2.1",1,"0.6",NA,NA,NA,NA,"N",NA,NA,2022-08-02,"YOSE7","YHW",2022-09-12,NA,NA,NA,NA,NA,NA,NA,NA,NA,NA,NA,2022,0.5
"2","3.5","V",NA,NA,NA,NA,NA,"0.25","2.1",1,"0.5",NA,NA,NA,NA,"N",NA,NA,2022-08-02,"YOSE7","YHW",2022-09-12,NA,NA,NA,NA,NA,NA,NA,NA,NA,NA,NA,2022,0.5
"2","3.5","V",10,17,"blue",NA,NA,"0.66","1.2",1,"0.6",NA,NA,NA,NA,"N",NA,NA,2022-08-02,"YOSE7","YHW",2022-09-12,NA,49,NA,NA,NA,NA,NA,NA,NA,NA,NA,2022,0.5
"2","3.5","V",NA,NA,NA,NA,NA,"0.49","1.5",1,"0.6",NA,NA,NA,NA,"N",NA,NA,2022-08-02,"YOSE7","YHW",2022-09-12,NA,NA,NA,NA,NA,NA,NA,NA,NA,NA,NA,2022,0.5
"2","3.5","V",NA,NA,NA,NA,NA,"0.43","1.4",1,"0.7",NA,NA,NA,NA,"N",NA,NA,2022-08-02,"YOSE7","YHW",2022-09-12,NA,NA,NA,NA,NA,NA,NA,NA,NA,NA,NA,2022,0.5
"2","3.5","V",NA,NA,NA,NA,NA,"0.26","1.3",1,"0.3",NA,NA,NA,NA,"N",NA,NA,2022-08-02,"YOSE7","YHW",2022-09-12,NA,NA,NA,NA,NA,NA,NA,NA,NA,NA,NA,2022,0.5
"2","3.5","V",15,21,"blue",NA,NA,"0.7","1.3",1,"0.7",NA,NA,NA,NA,"N",NA,NA,2022-08-02,"YOSE7","YHW",2022-09-12,NA,97,NA,NA,NA,NA,NA,NA,NA,NA,NA,2022,0.5
"2","3.5","V",NA,NA,NA,NA,NA,"0.23","1.6",1,"0.6",NA,NA,NA,NA,"N",NA,NA,2022-08-02,"YOSE7","YHW",2022-09-12,NA,NA,NA,NA,NA,NA,NA,NA,NA,NA,NA,2022,0.5
"2","3.5","V",NA,NA,NA,NA,NA,"0.37","1.3",1,"0.5",NA,NA,NA,NA,"N",NA,NA,2022-08-02,"YOSE7","YHW",2022-09-12,NA,NA,NA,NA,NA,NA,NA,NA,NA,NA,NA,2022,0.5
"2","3.5","V",NA,NA,NA,NA,NA,"0.33","1.2",1,"0.5",NA,NA,NA,NA,"N",NA,NA,2022-08-01,"YOSE7","YHW",2022-09-12,NA,NA,NA,NA,NA,NA,NA,NA,NA,NA,NA,2022,0.5
"2","3.5","V",NA,NA,NA,NA,NA,"0.4","1.2",1,"0.4",NA,NA,NA,NA,"N",NA,NA,2022-08-01,"YOSE7","YHW",2022-09-18,NA,NA,NA,NA,NA,NA,NA,NA,NA,NA,NA,2022,0.5
"2","3.5","V",NA,NA,NA,NA,NA,"0.35","1.8",1,"0.7",NA,NA,NA,NA,"N",NA,NA,2022-08-01,"YOSE7","YHW",2022-09-18,NA,NA,NA,NA,NA,NA,NA,NA,NA,NA,NA,2022,0.5
"2","3.5","V",NA,NA,NA,NA,NA,"0.47","2.0",1,"0.6",NA,NA,NA,NA,"N",NA,NA,2022-08-01,"YOSE7","YHW",2022-09-18,NA,NA,NA,NA,NA,NA,NA,NA,NA,NA,NA,2022,0.5
"2","3.5","V",NA,NA,NA,NA,NA,"0.32","2.2",1,"1.1",NA,NA,NA,NA,"N",NA,NA,2022-08-01,"YOSE7","YHW",2022-09-18,NA,NA,NA,NA,NA,NA,NA,NA,NA,NA,NA,2022,0.5
"2","3.5","V",NA,NA,NA,NA,NA,"0.32","1.0",1,"0.4",NA,NA,NA,NA,"N",NA,NA,2022-08-01,"YOSE7","YHW",2022-09-18,NA,NA,NA,NA,NA,NA,NA,NA,NA,NA,NA,2022,0.5
"2","3.5","V",NA,NA,NA,NA,NA,"0.29","2.7",1,"0.5",NA,NA,NA,NA,"N",NA,NA,2022-08-01,"YOSE7","YHW",2022-09-18,NA,NA,NA,NA,NA,NA,NA,NA,NA,NA,NA,2022,0.5
"2","3.5","V",NA,NA,NA,NA,NA,"0.45","1.2",1,"0.5",NA,NA,NA,NA,"Y",NA,NA,2022-08-01,"YOSE7","YHW",2022-09-18,NA,NA,NA,NA,NA,NA,NA,NA,NA,NA,NA,2022,0.5
"2","3.5","V",NA,NA,NA,NA,NA,"0.12","0.6",1,"0.3",NA,NA,NA,NA,"N",NA,NA,2022-08-01,"YOSE7","YHW",2022-09-18,NA,NA,NA,NA,NA,NA,NA,NA,NA,NA,NA,2022,0.5
"2","3.5","V",NA,NA,NA,NA,NA,"0.21","1.8",1,"0.5",NA,NA,NA,NA,"N",NA,NA,2022-08-01,"YOSE7","YHW",2022-09-18,NA,NA,NA,NA,NA,NA,NA,NA,NA,NA,NA,2022,0.5
"2","3.5","P",41,43,"blue",NA,NA,"1.16","11.2",3,NA,"0.0","9.0",3.7,3,"N",NA,NA,2022-08-01,"YOSE7","YHW",2022-09-18,NA,10,NA,NA,NA,NA,NA,NA,NA,NA,NA,2022,1.16
"2","3.5","P",46,35,"blue",NA,NA,"1.37","11.4",5,NA,"0.0","13.0",3.2,5,"N",NA,NA,2022-08-01,"YOSE7","YHW",2022-09-18,NA,73,NA,NA,NA,NA,NA,NA,NA,NA,NA,2022,1.37
"2","4","X",4,10,"purple",NA,NA,NA,NA,NA,NA,NA,NA,NA,NA,NA,NA,NA,2022-08-01,"YOSE7","YHW",2022-09-18,NA,139,NA,NA,NA,NA,NA,NA,NA,NA,NA,2022,NA
"2","4","X",31,10,"purple",NA,NA,NA,NA,NA,NA,NA,NA,NA,NA,NA,NA,NA,2022-08-01,"YOSE7","YHW",2022-09-18,NA,40,NA,NA,NA,NA,NA,NA,NA,NA,NA,2022,NA
"2","4","P",13,20,"purple",NA,NA,"0.82","11.0",4,NA,"0.0","7.0",4.7,2,"Y",NA,NA,2022-08-01,"YOSE7","YHW",2022-09-18,NA,NA,NA,NA,NA,NA,NA,NA,NA,NA,NA,2022,0.5
"2","4","X",34,9,"purple",NA,NA,NA,NA,NA,NA,NA,NA,NA,NA,NA,NA,NA,2022-08-01,"YOSE7","YHW",2022-09-18,NA,17,NA,NA,NA,NA,NA,NA,NA,NA,NA,2022,NA
"2","4","X",39,31,"purple",NA,NA,NA,NA,NA,NA,NA,NA,NA,NA,NA,NA,NA,2022-08-01,"YOSE7","YHW",2022-09-18,NA,NA,NA,NA,NA,NA,NA,NA,NA,NA,NA,2022,NA
"2","4","X",9,27,"purple",NA,NA,NA,NA,NA,NA,NA,NA,NA,NA,NA,NA,NA,2022-08-01,"YOSE7","YHW",2022-09-18,NA,NA,NA,NA,NA,NA,NA,NA,NA,NA,NA,2022,NA
"2","4","X",17,31,"purple",NA,NA,NA,NA,NA,NA,NA,NA,NA,NA,NA,NA,NA,2022-08-01,"YOSE7","YHW",2022-09-18,NA,NA,NA,NA,NA,NA,NA,NA,NA,NA,NA,2022,NA
"2","4","X",16,34,"purple",NA,NA,NA,NA,NA,NA,NA,NA,NA,NA,NA,"did not find",NA,2022-08-01,"YOSE7","YHW",2022-09-18,NA,NA,NA,NA,NA,NA,NA,NA,NA,NA,NA,2022,NA
"2","4.5","X",13,7,"purple",NA,NA,NA,NA,NA,NA,NA,NA,NA,NA,NA,NA,NA,2022-08-01,"YOSE7","YHW",2022-09-18,NA,357,NA,NA,NA,NA,NA,NA,NA,NA,NA,2022,NA
"2","4.5","X",43,3,"purple",NA,NA,NA,NA,NA,NA,NA,NA,NA,NA,NA,"did not find",NA,2022-08-01,"YOSE7","YHW",2022-09-18,NA,355,NA,NA,NA,NA,NA,NA,NA,NA,NA,2022,NA
"2","4.5","X",31,21,"purple",NA,NA,NA,NA,NA,NA,NA,NA,NA,NA,NA,NA,NA,2022-08-01,"YOSE7","YHW",2022-09-18,NA,51,NA,NA,NA,NA,NA,NA,NA,NA,NA,2022,NA
"2","4.5","X",5,20,"purple",NA,NA,NA,NA,NA,NA,NA,NA,NA,NA,NA,NA,NA,2022-08-01,"YOSE7","YHW",2022-09-18,NA,NA,NA,NA,NA,NA,NA,NA,NA,NA,NA,2022,NA
"2","4.5","X",13,31,"purple",NA,NA,NA,NA,NA,NA,NA,NA,NA,NA,NA,NA,NA,2022-08-01,"YOSE7","YHW",2022-09-18,NA,145,NA,NA,NA,NA,NA,NA,NA,NA,NA,2022,NA
"2","4.5","X",11,48,"purple",NA,NA,NA,NA,NA,NA,NA,NA,NA,NA,NA,NA,NA,2022-08-01,"YOSE7","YHW",2022-09-18,NA,NA,NA,NA,NA,NA,NA,NA,NA,NA,NA,2022,NA
"2","4.5","X",NA,NA,"purple",NA,NA,NA,NA,NA,NA,NA,NA,NA,NA,NA,NA,NA,2022-08-01,"YOSE7","YHW",2022-09-18,NA,NA,NA,NA,NA,NA,NA,NA,NA,NA,NA,2022,NA
"2","4.5","V",10,14,"blue",NA,NA,"0.55","1.5",1,"0.5",NA,NA,NA,NA,"N",NA,NA,2022-08-01,"YOSE7","YHW",2022-09-18,NA,63,NA,NA,NA,NA,NA,NA,NA,NA,NA,2022,0.5
"2","4.5","V",25,12,"blue",NA,NA,"0.71","2.2",1,"0.9",NA,NA,NA,NA,"N",NA,NA,2022-08-01,"YOSE7","YHW",2022-09-18,NA,86,NA,NA,NA,NA,NA,NA,NA,NA,NA,2022,0.5
"2","4.5","V",NA,NA,NA,NA,NA,"0.24","0.6",1,"0.5",NA,NA,NA,NA,"N",NA,NA,2022-08-01,"YOSE7","YHW",2022-09-18,NA,NA,NA,NA,NA,NA,NA,NA,NA,NA,NA,2022,0.5
"2","4.5","V",NA,NA,NA,NA,NA,"0.46","2.3",1,"1.1",NA,NA,NA,NA,"N",NA,NA,2022-08-01,"YOSE7","YHW",2022-09-18,NA,NA,NA,NA,NA,NA,NA,NA,NA,NA,NA,2022,0.5
"2","4.5","V",NA,NA,NA,NA,NA,"0.33","1.9",1,"1.1",NA,NA,NA,NA,"N",NA,NA,2022-08-01,"YOSE7","YHW",2022-09-18,NA,NA,NA,NA,NA,NA,NA,NA,NA,NA,NA,2022,0.5
"2","4","V",NA,NA,NA,NA,NA,"0.48","1.7",1,"0.7",NA,NA,NA,NA,"N",NA,NA,2022-08-01,"YOSE7","YHW",2022-09-18,NA,NA,NA,NA,NA,NA,NA,NA,NA,NA,NA,2022,0.5
"2","4","V",28,12,"blue",NA,NA,"0.69","1.7",1,"1.0",NA,NA,NA,NA,"N",NA,NA,2022-08-01,"YOSE7","YHW",2022-09-18,NA,64,NA,NA,NA,NA,NA,NA,NA,NA,NA,2022,0.5
"2","4","V",45,6,"blue",NA,NA,"0.61","1.1",1,"0.5",NA,NA,NA,NA,"N",NA,NA,2022-08-01,"YOSE7","YHW",2022-09-18,NA,67,NA,NA,NA,NA,NA,NA,NA,NA,NA,2022,0.5
"2","4","V",NA,16,"blue",NA,NA,"0.92","2.3",1,"1.1",NA,NA,NA,NA,"N",NA,NA,2022-08-01,"YOSE7","YHW",2022-09-18,NA,71,NA,NA,NA,NA,NA,NA,NA,NA,NA,2022,0.5
"2","4","V",NA,22,"blue",NA,NA,"0.68","1.8",1,"0.6",NA,NA,NA,NA,"N",NA,NA,2022-08-01,"YOSE7","YHW",2022-09-18,NA,91,NA,NA,NA,NA,NA,NA,NA,NA,NA,2022,0.5
"2","4","P",13,20,"blue",NA,NA,"1.59","12.3",3,NA,"0.0","9.0",4.6,3,"Y",NA,NA,2022-08-01,"YOSE7","YHW",2022-09-18,NA,37,NA,NA,NA,NA,NA,NA,NA,NA,NA,2022,1.59
"2","4","V",19,43,"blue",NA,NA,"0.87","3.0",2,"3.6",NA,NA,NA,NA,"N",NA,NA,2022-08-01,"YOSE7","YHW",2022-09-18,NA,53,NA,NA,NA,NA,NA,NA,NA,NA,NA,2022,0.5
"2","4","V",31,49,"blue",NA,NA,"1.79","3.3",5,"1.5",NA,NA,NA,NA,"Y",NA,NA,2022-08-01,"YOSE7","YHW",2022-09-18,NA,74,NA,NA,NA,NA,NA,NA,NA,NA,NA,2022,1.79
"2","4","V",NA,NA,NA,NA,NA,"0.22","0.6",1,"0.2",NA,NA,NA,NA,"N",NA,NA,2022-08-01,"YOSE7","YHW",2022-09-18,NA,NA,NA,NA,NA,NA,NA,NA,NA,NA,NA,2022,0.5
"2","4","P",36,31,"blue",NA,NA,"1.26","15.5",2,NA,"0.0","5.0",2.4,2,"N",NA,NA,2022-08-01,"YOSE7","YHW",2022-09-18,NA,8,NA,NA,NA,NA,NA,NA,NA,NA,NA,2022,1.26
"2","4","P",39,35,"blue",NA,NA,"1.6","11.1",5,NA,"0.0","14.0",4,5,"N",NA,NA,2022-08-01,"YOSE7","YHW",2022-09-18,NA,88,NA,NA,NA,NA,NA,NA,NA,NA,NA,2022,1.6
"2","4","P",42,37,"blue",NA,NA,"1.28","16.7",3,NA,"0.0","14.0",3.4,3,"N",NA,NA,2022-08-01,"YOSE7","YHW",2022-09-18,NA,63,NA,NA,NA,NA,NA,NA,NA,NA,NA,2022,1.28
"3","0","X",28,18,"red",NA,NA,NA,NA,NA,NA,NA,NA,NA,NA,NA,NA,NA,2022-08-01,"YOSE7","YHW",2022-09-18,NA,96,NA,NA,NA,NA,NA,NA,NA,NA,NA,2022,NA
"3","0","P",49,26,"purple",NA,NA,"1.59","18.2",1,NA,"0.0","9.0",5.1,1,"Y",NA,NA,2022-08-01,"YOSE7","YHW",2022-09-18,NA,360,NA,NA,NA,NA,NA,NA,NA,NA,NA,2022,1.59
"3","0.5","P",40,22,"purple",NA,NA,"1.56","16.5",2,NA,"0.0","7.0",6.5,1,"Y",NA,NA,2022-08-01,"YOSE7","YHW",2022-09-18,NA,NA,NA,NA,NA,NA,NA,NA,NA,NA,NA,2022,1.56
"3","0.5","P",42,25,"purple",NA,NA,"1.15","16.4",2,NA,"0.0","8.0",5,2,"Y",NA,NA,2022-08-01,"YOSE7","YHW",2022-09-18,NA,NA,NA,NA,NA,NA,NA,NA,NA,NA,NA,2022,1.15
"3","0.5","P",27,32,"purple",NA,NA,"1.41","14.5",2,NA,"0.0","14.0",4.2,1,"Y",NA,NA,2022-08-01,"YOSE7","YHW",2022-09-18,NA,350,NA,NA,NA,NA,NA,NA,NA,NA,NA,2022,1.41
"3","0.5","P",38,36,"purple",NA,NA,"1.16","12.1",2,NA,"0.0","8.0",5.3,2,"Y",NA,NA,2022-08-01,"YOSE7","YHW",2022-09-18,NA,NA,NA,NA,NA,NA,NA,NA,NA,NA,NA,2022,1.16
"3","0.5","X",36,42,"purple",NA,NA,NA,NA,NA,NA,NA,NA,NA,NA,NA,NA,NA,2022-08-01,"YOSE7","YHW",2022-09-18,NA,356,NA,NA,NA,NA,NA,NA,NA,NA,NA,2022,NA
"3","0","V",40,9,"blue",NA,NA,"0.84","1.6",1,"1.7",NA,NA,NA,NA,"Y",NA,NA,2022-08-01,"YOSE7","YHW",2022-09-18,NA,13,NA,NA,NA,NA,NA,NA,NA,NA,NA,2022,0.5
"3","0","V",50,21,"blue",NA,NA,"0.72","2.0",1,"0.8",NA,NA,NA,NA,"N",NA,NA,2022-08-01,"YOSE7","YHW",2022-09-18,NA,47,NA,NA,NA,NA,NA,NA,NA,NA,NA,2022,0.5
"3","0","V",38,19,"blue",NA,NA,"0.77","2.1",1,"1.5",NA,NA,NA,NA,"Y",NA,NA,2022-08-01,"YOSE7","YHW",2022-09-18,NA,51,NA,NA,NA,NA,NA,NA,NA,NA,NA,2022,0.5
"3","0","X",NA,NA,NA,NA,NA,NA,NA,NA,NA,NA,NA,NA,NA,NA,NA,NA,2022-08-01,"YOSE7","YHW",2022-09-18,NA,NA,NA,NA,NA,NA,NA,NA,NA,NA,NA,2022,NA
"3","0","V",40,26,"blue",NA,NA,"0.52","1.7",1,"1.0",NA,NA,NA,NA,"Y",NA,NA,2022-08-01,"YOSE7","YHW",2022-09-18,NA,4,NA,NA,NA,NA,NA,NA,NA,NA,NA,2022,0.5
"3","0","V",30,14,"blue",NA,NA,"0.71","2.9",1,"0.8",NA,NA,NA,NA,"Y",NA,NA,2022-08-01,"YOSE7","YHW",2022-09-18,NA,40,NA,NA,NA,NA,NA,NA,NA,NA,NA,2022,0.5
"3","0","X",NA,NA,NA,NA,NA,NA,NA,NA,NA,NA,NA,NA,NA,NA,NA,NA,2022-08-01,"YOSE7","YHW",2022-09-18,NA,NA,NA,NA,NA,NA,NA,NA,NA,NA,NA,2022,NA
"3","0","V",NA,NA,NA,NA,NA,"0.31","1.0",1,"1.1",NA,NA,NA,NA,"Y",NA,NA,2022-08-01,"YOSE7","YHW",2022-09-18,NA,NA,NA,NA,NA,NA,NA,NA,NA,NA,NA,2022,0.5
"3","0","V",16,28,"blue",NA,NA,"0.53","2.8",2,"0.9",NA,NA,NA,NA,"Y",NA,NA,2022-08-01,"YOSE7","YHW",2022-09-18,NA,80,NA,NA,NA,NA,NA,NA,NA,NA,NA,2022,0.5
"3","0","V",20,30,"blue",NA,NA,"0.52","2.2",1,"1.2",NA,NA,NA,NA,"N",NA,NA,2022-08-01,"YOSE7","YHW",2022-09-18,NA,23,NA,NA,NA,NA,NA,NA,NA,NA,NA,2022,0.5
"3","0","V",22,37,"blue",NA,NA,"0.71","2.4",1,"1.1",NA,NA,NA,NA,"Y",NA,NA,2022-08-01,"YOSE7","YHW",2022-09-18,NA,34,NA,NA,NA,NA,NA,NA,NA,NA,NA,2022,0.5
"3","0","V",NA,NA,NA,NA,NA,"0.44","2.2",1,"0.8",NA,NA,NA,NA,"N",NA,NA,2022-08-01,"YOSE7","YHW",2022-09-18,NA,NA,NA,NA,NA,NA,NA,NA,NA,NA,NA,2022,0.5
"3","0","V",27,47,"blue",NA,NA,"0.66","1.9",2,"0.4",NA,NA,NA,NA,"Y",NA,NA,2022-08-01,"YOSE7","YHW",2022-09-18,NA,35,NA,NA,NA,NA,NA,NA,NA,NA,NA,2022,0.5
"3","0.5","X",NA,NA,NA,NA,NA,NA,NA,NA,NA,NA,NA,NA,NA,NA,NA,NA,2022-08-01,"YOSE7","YHW",2022-09-18,NA,NA,NA,NA,NA,NA,NA,NA,NA,NA,NA,2022,NA
"3","0.5","X",NA,NA,NA,NA,NA,NA,NA,NA,NA,NA,NA,NA,NA,NA,NA,NA,2022-08-01,"YOSE7","YHW",2022-09-18,NA,NA,NA,NA,NA,NA,NA,NA,NA,NA,NA,2022,NA
"3","0.5","X",NA,NA,NA,NA,NA,NA,NA,NA,NA,NA,NA,NA,NA,NA,NA,NA,2022-08-01,"YOSE7","YHW",2022-09-18,NA,NA,NA,NA,NA,NA,NA,NA,NA,NA,NA,2022,NA
"3","0.5","V",25,5,"blue",NA,NA,"0.61","1.6",1,"0.8",NA,NA,NA,NA,"N",NA,NA,2022-08-01,"YOSE7","YHW",2022-09-18,NA,16,NA,NA,NA,NA,NA,NA,NA,NA,NA,2022,0.5
"3","0.5","V",24,13,"blue",NA,NA,"0.51","1.5",1,"0.7",NA,NA,NA,NA,"N",NA,NA,2022-08-01,"YOSE7","YHW",2022-09-18,NA,48,NA,NA,NA,NA,NA,NA,NA,NA,NA,2022,0.5
"3","0.5","V",34,21,"blue",NA,NA,"0.55","2.7",1,"1.1",NA,NA,NA,NA,"Y",NA,NA,2022-08-01,"YOSE7","YHW",2022-09-18,NA,33,NA,NA,NA,NA,NA,NA,NA,NA,NA,2022,0.5
"3","0.5","V",50,21,"blue",NA,NA,"0.46","3.5",1,"1.4",NA,NA,NA,NA,"Y",NA,NA,2022-08-01,"YOSE7","YHW",2022-09-18,NA,45,NA,NA,NA,NA,NA,NA,NA,NA,NA,2022,0.5
"3","0.5","V",NA,NA,NA,NA,NA,"0.43","2.0",1,"1.1",NA,NA,NA,NA,"Y",NA,NA,2022-08-01,"YOSE7","YHW",2022-09-18,NA,NA,NA,NA,NA,NA,NA,NA,NA,NA,NA,2022,0.5
"3","0.5","V",7,33,"blue",NA,NA,"0.58","4.1",1,"1.2",NA,NA,NA,NA,"Y",NA,NA,2022-08-01,"YOSE7","YHW",2022-09-18,NA,95,NA,NA,NA,NA,NA,NA,NA,NA,NA,2022,0.5
"3","1","X",7,18,"red",NA,NA,NA,NA,NA,NA,NA,NA,NA,NA,NA,NA,NA,2022-08-01,"YOSE7","YHW",2022-09-18,NA,900,NA,NA,NA,NA,NA,NA,NA,NA,NA,2022,NA
"3","1","X",15,6,"red/pruple",NA,NA,NA,NA,NA,NA,NA,NA,NA,NA,NA,"pruple 58",NA,2022-08-01,"YOSE7","YHW",2022-09-18,NA,NA,NA,NA,NA,NA,NA,NA,NA,NA,NA,2022,NA
"3","1","X",41,2,"red",NA,NA,NA,NA,NA,NA,NA,NA,NA,NA,NA,NA,NA,2022-08-01,"YOSE7","YHW",2022-09-18,NA,806,NA,NA,NA,NA,NA,NA,NA,NA,NA,2022,NA
"3","1","X",36,40,"red",NA,NA,NA,NA,NA,NA,NA,NA,NA,NA,NA,NA,NA,2022-08-01,"YOSE7","YHW",2022-09-18,NA,969,NA,NA,NA,NA,NA,NA,NA,NA,NA,2022,NA
"3","1","X",43,7,"purple",NA,NA,NA,NA,NA,NA,NA,NA,NA,NA,NA,NA,NA,2022-08-01,"YOSE7","YHW",2022-09-18,NA,7,NA,NA,NA,NA,NA,NA,NA,NA,NA,2022,NA
"3","1","X",47,6,"purple",NA,NA,NA,NA,NA,NA,NA,NA,NA,NA,NA,NA,NA,2022-08-01,"YOSE7","YHW",2022-09-18,NA,NA,NA,NA,NA,NA,NA,NA,NA,NA,NA,2022,NA
"3","1","P",50,31,"purple",NA,NA,"1.48","15.6",1,NA,"0.0","5.0",5.2,1,"Y",NA,NA,2022-08-01,"YOSE7","YHW",2022-09-18,NA,NA,NA,NA,NA,NA,NA,NA,NA,NA,NA,2022,1.48
"3","1","X",44,33,"purple",NA,NA,NA,NA,NA,NA,NA,NA,NA,NA,NA,NA,NA,2022-08-01,"YOSE7","YHW",2022-09-18,NA,NA,NA,NA,NA,NA,NA,NA,NA,NA,NA,2022,NA
"3","1","P",47,46,"purple",NA,NA,"1.28","15.6",1,NA,"0.0","11.0",6.6,1,"Y",NA,NA,2022-08-01,"YOSE7","YHW",2022-09-18,NA,NA,NA,NA,NA,NA,NA,NA,NA,NA,NA,2022,1.28
"3","1","P",50,50,"purple",NA,NA,"2.05","20.1",2,NA,"0.0","36.0",2.6,2,"Y",NA,NA,2022-08-01,"YOSE7","YHW",2022-09-18,NA,NA,NA,NA,NA,NA,NA,NA,NA,NA,NA,2022,2.05
"3","1","X",34,16,"purple",NA,NA,NA,NA,NA,NA,NA,NA,NA,NA,NA,NA,NA,2022-08-01,"YOSE7","YHW",2022-09-18,NA,137,NA,NA,NA,NA,NA,NA,NA,NA,NA,2022,NA
"3","1.5","X",13,8,"red",NA,NA,NA,NA,NA,NA,NA,NA,NA,NA,NA,NA,NA,2022-08-01,"YOSE7","YHW",2022-09-18,NA,600,NA,NA,NA,NA,NA,NA,NA,NA,NA,2022,NA
"3","1.5","P",38,48,"purple",NA,NA,"1.24","13.6",1,NA,"0.0","27.0",4.3,1,"Y",NA,NA,2022-08-01,"YOSE7","YHW",2022-09-18,NA,106,NA,NA,NA,NA,NA,NA,NA,NA,NA,2022,1.24
"3","1.5","X",3,38,"purple",NA,NA,NA,NA,NA,NA,NA,NA,NA,NA,NA,NA,NA,2022-08-01,"YOSE7","YHW",2022-09-18,NA,48,NA,NA,NA,NA,NA,NA,NA,NA,NA,2022,NA
"3","1.5","P",6,1,"purple",NA,NA,"1.82","18.5",2,NA,"0.0","22.0",5.7,2,"Y",NA,NA,2022-08-01,"YOSE7","YHW",2022-09-18,NA,354,NA,NA,NA,NA,NA,NA,NA,NA,NA,2022,1.82
"3","1.5","X",7,3,"purple",NA,NA,NA,NA,NA,NA,NA,NA,NA,NA,NA,NA,NA,2022-08-01,"YOSE7","YHW",2022-09-18,NA,NA,NA,NA,NA,NA,NA,NA,NA,NA,NA,2022,NA
"3","1.5","P",7,3,"purple",NA,NA,"1.42","17.7",2,NA,"0.0","26.0",5.2,2,"Y",NA,NA,2022-08-01,"YOSE7","YHW",2022-09-18,NA,86,NA,NA,NA,NA,NA,NA,NA,NA,NA,2022,1.42
"3","1.5","V",4,7,"purple",NA,NA,"0.79","1.5",2,"1.1",NA,NA,NA,NA,"Y",NA,NA,2022-08-01,"YOSE7","YHW",2022-09-18,NA,NA,NA,NA,NA,NA,NA,NA,NA,NA,NA,2022,0.5
"3","1.5","P",10,12,"purple",NA,NA,"1.14","19.4",1,NA,"0.0","6.0",6.1,1,"Y",NA,NA,2022-08-01,"YOSE7","YHW",2022-09-18,NA,NA,NA,NA,NA,NA,NA,NA,NA,NA,NA,2022,1.14
"3","1.5","P",8,14,"purple",NA,NA,"1.17","13.0",1,NA,"0.0","7.0",3.8,1,"N",NA,NA,2022-08-01,"YOSE7","YHW",2022-09-18,NA,NA,NA,NA,NA,NA,NA,NA,NA,NA,NA,2022,1.17
"3","1.5","P",3,16,"purple",NA,NA,"1.55","14.1",2,NA,"0.0","18.0",5.2,1,"Y",NA,NA,2022-08-01,"YOSE7","YHW",2022-09-18,NA,200,NA,NA,NA,NA,NA,NA,NA,NA,NA,2022,1.55
"3","1.5","P",10,18,"purple",NA,NA,"1.14","12.4",1,NA,"0.0","7.0",5.3,1,"N",NA,NA,2022-08-01,"YOSE7","YHW",2022-09-18,NA,NA,NA,NA,NA,NA,NA,NA,NA,NA,NA,2022,1.14
"3","1.5","P",10,33,"purple",NA,NA,"1.99","10.5",1,NA,"0.0","46.0",6,1,"Y",NA,NA,2022-08-01,"YOSE7","YHW",2022-09-18,NA,708,NA,NA,NA,NA,NA,NA,NA,NA,NA,2022,1.99
"3","1","P",32,30,"blue",NA,NA,"1.07","11.9",1,NA,"0.0","3.0",6.6,1,"Y",NA,NA,2022-08-01,"YOSE7","YHW",2022-09-18,NA,44,NA,NA,NA,NA,NA,NA,NA,NA,NA,2022,1.07
"3","1","V",45,7,"blue",NA,NA,"0.83","2.5",1,"0.9",NA,NA,NA,NA,"Y",NA,NA,2022-08-01,"YOSE7","YHW",2022-09-18,NA,65,NA,NA,NA,NA,NA,NA,NA,NA,NA,2022,0.5
"3","1","V",45,13,"blue",NA,NA,"0.58","3.5",1,"1.3",NA,NA,NA,NA,"Y",NA,NA,2022-08-01,"YOSE7","YHW",2022-09-18,NA,31,NA,NA,NA,NA,NA,NA,NA,NA,NA,2022,0.5
"3","1","V",10,30,"blue",NA,NA,"0.53","2.0",1,"0.9",NA,NA,NA,NA,"Y",NA,NA,2022-08-01,"YOSE7","YHW",2022-09-18,NA,18,NA,NA,NA,NA,NA,NA,NA,NA,NA,2022,0.5
"3","1","V",NA,NA,NA,NA,NA,"0.29","0.6",1,"0.6",NA,NA,NA,NA,"Y",NA,NA,2022-08-01,"YOSE7","YHW",2022-09-18,NA,NA,NA,NA,NA,NA,NA,NA,NA,NA,NA,2022,0.5
"3","1","V",19,34,"blue",NA,NA,"0.5","1.1",1,"0.9",NA,NA,NA,NA,"N",NA,NA,2022-08-01,"YOSE7","YHW",2022-09-18,NA,14,NA,NA,NA,NA,NA,NA,NA,NA,NA,2022,0.5
"3","1","V",NA,NA,NA,NA,NA,"0.38","2.2",1,"1.2",NA,NA,NA,NA,"Y",NA,NA,2022-08-01,"YOSE7","YHW",2022-09-18,NA,NA,NA,NA,NA,NA,NA,NA,NA,NA,NA,2022,0.5
"3","1.5","X",NA,NA,"red",NA,NA,NA,NA,NA,NA,NA,NA,NA,NA,NA,NA,NA,2022-08-01,"YOSE7","YHW",2022-09-18,NA,70,NA,NA,NA,NA,NA,NA,NA,NA,NA,2022,NA
"3","1.5","X",NA,NA,"red",NA,NA,NA,NA,NA,NA,NA,NA,NA,NA,NA,NA,NA,2022-08-01,"YOSE7","YHW",2022-09-18,NA,66,NA,NA,NA,NA,NA,NA,NA,NA,NA,2022,NA
"3","1.5","X",NA,NA,"blue",NA,NA,NA,NA,NA,NA,NA,NA,NA,NA,NA,NA,NA,2022-08-01,"YOSE7","YHW",2022-09-18,NA,44,NA,NA,NA,NA,NA,NA,NA,NA,NA,2022,NA
"3","1.5","V",3,5,"blue",NA,NA,"1.04","3.9",1,"1.1",NA,NA,NA,NA,"Y",NA,NA,2022-08-01,"YOSE7","YHW",2022-09-18,NA,5,NA,NA,NA,NA,NA,NA,NA,NA,NA,2022,1.04
"3","1.5","V",NA,NA,NA,NA,NA,"0.33","1.4",1,"0.5",NA,NA,NA,NA,"N",NA,NA,2022-08-01,"YOSE7","YHW",2022-09-18,NA,NA,NA,NA,NA,NA,NA,NA,NA,NA,NA,2022,0.5
"3","1.5","V",21,24,"blue",NA,NA,"0.36","3.5",1,"1.3",NA,NA,NA,NA,"Y",NA,NA,2022-08-01,"YOSE7","YHW",2022-09-18,NA,94,NA,NA,NA,NA,NA,NA,NA,NA,NA,2022,0.5
"3","1.5","P",40,48,"blue",NA,NA,"1.68","18.1",1,NA,"0.0","36.0",4.2,1,"Y",NA,NA,2022-08-01,"YOSE7","YHW",2022-09-18,NA,15,NA,NA,NA,NA,NA,NA,NA,NA,NA,2022,1.68
"3","1.5","P",42,48,"blue",NA,NA,"1.76","17.0",1,NA,"0.0","45.0",4.9,1,"Y",NA,NA,2022-08-01,"YOSE7","YHW",2022-09-18,NA,30,NA,NA,NA,NA,NA,NA,NA,NA,NA,2022,1.76
"3","2","X",2,43,"purple",NA,NA,NA,NA,NA,NA,NA,NA,NA,NA,NA,"plant missing",NA,2022-08-01,"YOSE7","YHW",2022-09-18,NA,NA,NA,NA,NA,NA,NA,NA,NA,NA,NA,2022,NA
"2","1","X",20,44,"blue",NA,NA,NA,NA,NA,NA,NA,NA,NA,NA,NA,"missing band",NA,2023-08-08,"YOSE7","SB",2024-02-01,NA,22,NA,NA,NA,NA,NA,NA,NA,NA,NA,2023,NA
"2","1","X",21,48,"blue",NA,NA,NA,NA,NA,NA,NA,NA,NA,NA,NA,NA,NA,2023-08-08,"YOSE7","SB",2024-02-01,NA,99,NA,NA,NA,NA,NA,NA,NA,NA,NA,2023,NA
"2","1","B",10,47,"blue",NA,NA,"1.31","10.5",1,NA,"0.0","0.0",NA,1,"N",NA,NA,2023-08-08,"YOSE7","SB",2024-02-01,NA,2,NA,NA,NA,NA,NA,NA,NA,NA,NA,2023,1.31
"2","2","X",7,26,"blue",NA,NA,NA,NA,NA,NA,NA,NA,NA,NA,NA,"missing plant",NA,2023-08-08,"YOSE7","SB",2024-02-01,NA,93,NA,NA,NA,NA,NA,NA,NA,NA,NA,2023,NA
"2","2","X",20,50,"blue",NA,NA,NA,NA,NA,NA,NA,NA,NA,NA,NA,"missing plant",NA,2023-08-08,"YOSE7","SB",2024-02-01,NA,20,NA,NA,NA,NA,NA,NA,NA,NA,NA,2023,NA
"2","2.5","X",38,38,"blue",NA,NA,NA,NA,NA,NA,NA,NA,NA,NA,NA,NA,NA,2023-08-08,"YOSE7","SB",2024-02-01,NA,17,NA,NA,NA,NA,NA,NA,NA,NA,NA,2023,NA
"2","3","X",24,10,"blue",NA,NA,NA,NA,NA,NA,NA,NA,NA,NA,NA,"missing plant",NA,2023-08-08,"YOSE7","SB",2024-02-01,NA,86,NA,NA,NA,NA,NA,NA,NA,NA,NA,2023,NA
"2","3",NA,45,32,"blue",NA,NA,NA,NA,NA,NA,NA,NA,NA,NA,NA,"missing band",NA,2023-08-08,"YOSE7","SB",2024-02-01,NA,85,NA,NA,NA,NA,NA,NA,NA,NA,NA,2023,NA
"2","3","X",46,32,"blue",NA,NA,NA,NA,NA,NA,NA,NA,NA,NA,NA,"missing plant",NA,2023-08-08,"YOSE7","SB",2024-02-01,NA,52,NA,NA,NA,NA,NA,NA,NA,NA,NA,2023,NA
"2","3","X",28,50,"blue",NA,NA,NA,NA,NA,NA,NA,NA,NA,NA,NA,"missing band",NA,2023-08-08,"YOSE7","SB",2024-02-01,NA,59,NA,NA,NA,NA,NA,NA,NA,NA,NA,2023,NA
"2","3","X",35,50,"blue",NA,NA,NA,NA,NA,NA,NA,NA,NA,NA,NA,"missing plant",NA,2023-08-08,"YOSE7","SB",2024-02-01,NA,82,NA,NA,NA,NA,NA,NA,NA,NA,NA,2023,NA
"2","3.5","X",28,13,"blue",NA,NA,NA,NA,NA,NA,NA,NA,NA,NA,NA,"missing plant",NA,2023-08-08,"YOSE7","SB",2024-02-01,NA,12,NA,NA,NA,NA,NA,NA,NA,NA,NA,2023,NA
"2","3.5","X",17,13,"blue",NA,NA,NA,NA,NA,NA,NA,NA,NA,NA,NA,"missing plant",NA,2023-08-08,"YOSE7","SB",2024-02-01,NA,4,NA,NA,NA,NA,NA,NA,NA,NA,NA,2023,NA
"2","3.5","X",10,17,"blue",NA,NA,NA,NA,NA,NA,NA,NA,NA,NA,NA,"missing plant",NA,2023-08-08,"YOSE7","SB",2024-02-01,NA,49,NA,NA,NA,NA,NA,NA,NA,NA,NA,2023,NA
"2","3.5","X",15,21,"blue",NA,NA,NA,NA,NA,NA,NA,NA,NA,NA,NA,"missing band",NA,2023-08-08,"YOSE7","SB",2024-02-01,NA,97,NA,NA,NA,NA,NA,NA,NA,NA,NA,2023,NA
"2","3.5","X",41,43,"blue",NA,NA,NA,NA,NA,NA,NA,NA,NA,NA,NA,"missing band",NA,2023-08-08,"YOSE7","SB",2024-02-01,NA,10,NA,NA,NA,NA,NA,NA,NA,NA,NA,2023,NA
"2","3.5","X",46,35,"blue",NA,NA,NA,NA,NA,NA,NA,NA,NA,NA,NA,"gone",NA,2023-08-08,"YOSE7","SB",2024-02-01,NA,73,NA,NA,NA,NA,NA,NA,NA,NA,NA,2023,NA
"2","4",NA,28,12,"blue",NA,NA,NA,NA,NA,NA,NA,NA,NA,NA,NA,"missing band",NA,2023-08-08,"YOSE7","SB",2024-02-01,NA,64,NA,NA,NA,NA,NA,NA,NA,NA,NA,2023,NA
"2","4",NA,45,6,"blue",NA,NA,NA,NA,NA,NA,NA,NA,NA,NA,NA,"missing band",NA,2023-08-08,"YOSE7","SB",2024-02-01,NA,67,NA,NA,NA,NA,NA,NA,NA,NA,NA,2023,NA
"2","4","F",NA,16,"blue",NA,NA,"1.16","15.9",1,NA,"17.0",NA,NA,1,"N",NA,NA,2023-08-08,"YOSE7","SB",2024-02-01,NA,71,NA,NA,NA,NA,NA,NA,NA,NA,NA,2023,1.16
"2","4","F",NA,22,"blue",NA,NA,"0.63","8.1",1,NA,"4.0",NA,NA,1,"N",NA,NA,2023-08-08,"YOSE7","SB",2024-02-01,NA,91,NA,NA,NA,NA,NA,NA,NA,NA,NA,2023,0.5
"2","4","X",13,20,"blue",NA,NA,NA,NA,NA,NA,NA,NA,NA,NA,NA,"dead",NA,2023-08-08,"YOSE7","SB",2024-02-01,NA,37,NA,NA,NA,NA,NA,NA,NA,NA,NA,2023,NA
"2","4","X",19,43,"blue",NA,NA,NA,NA,NA,NA,NA,NA,NA,NA,NA,"dead",NA,2023-08-08,"YOSE7","SB",2024-02-01,NA,53,NA,NA,NA,NA,NA,NA,NA,NA,NA,2023,NA
"2","4","X",31,49,"blue",NA,NA,NA,NA,NA,NA,NA,NA,NA,NA,NA,"missing; new plant in place",NA,2023-08-08,"YOSE7","SB",2024-02-01,NA,74,NA,NA,NA,NA,NA,NA,NA,NA,NA,2023,NA
"2","4","X",36,31,"blue",NA,NA,NA,NA,NA,NA,NA,NA,NA,NA,NA,"missing",NA,2023-08-08,"YOSE7","SB",2024-02-01,NA,8,NA,NA,NA,NA,NA,NA,NA,NA,NA,2023,NA
"2","4","X",39,35,"blue",NA,NA,NA,NA,NA,NA,NA,NA,NA,NA,NA,"dead",NA,2023-08-08,"YOSE7","SB",2024-02-01,NA,88,NA,NA,NA,NA,NA,NA,NA,NA,NA,2023,NA
"2","4","X",42,37,"blue",NA,NA,NA,NA,NA,NA,NA,NA,NA,NA,NA,"dead",NA,2023-08-08,"YOSE7","SB",2024-02-01,NA,63,NA,NA,NA,NA,NA,NA,NA,NA,NA,2023,NA
"2","4.5","X",10,14,"blue",NA,NA,NA,NA,NA,NA,NA,NA,NA,NA,NA,"data sheet said 63; actually 68",NA,2023-08-08,"YOSE7","SB",2024-02-01,NA,68,NA,NA,NA,NA,NA,NA,NA,NA,NA,2023,NA
"2","4.5","X",25,12,"blue",NA,NA,NA,NA,NA,NA,NA,NA,NA,NA,NA,"dead",NA,2023-08-08,"YOSE7","SB",2024-02-01,NA,86,NA,NA,NA,NA,NA,NA,NA,NA,NA,2023,NA
"2","4.5","V",NA,NA,NA,NA,NA,"0.27","1.8",1,"0.9",NA,NA,NA,NA,"N",NA,NA,2023-08-08,"YOSE7","SB",2024-02-01,NA,NA,NA,NA,NA,NA,NA,NA,NA,NA,NA,2023,0.5
"2","4.5","V",NA,NA,NA,NA,NA,"0.35","1.0",1,"0.3",NA,NA,NA,NA,"N",NA,NA,2023-08-08,"YOSE7","SB",2024-02-01,NA,NA,NA,NA,NA,NA,NA,NA,NA,NA,NA,2023,0.5
"2","4.5","F",21,27,"pink",NA,NA,"1.19","5.2",1,NA,"9.0",NA,NA,1,"N",NA,NA,2023-08-08,"YOSE7","SB",2024-02-01,NA,133,NA,NA,NA,NA,NA,NA,NA,NA,NA,2023,1.19
"2","4.5","V",NA,NA,NA,NA,NA,"0.15","1.2",1,"0.4",NA,NA,NA,NA,"N",NA,NA,2023-08-08,"YOSE7","SB",2024-02-01,NA,NA,NA,NA,NA,NA,NA,NA,NA,NA,NA,2023,0.5
"2","4.5","V",NA,NA,NA,NA,NA,"0.13","0.4",1,"0.3",NA,NA,NA,NA,"N",NA,NA,2023-08-08,"YOSE7","SB",2024-02-01,NA,NA,NA,NA,NA,NA,NA,NA,NA,NA,NA,2023,0.5
"2","4.5","V",NA,NA,NA,NA,NA,"0.15","0.9",1,"0.5",NA,NA,NA,NA,"N",NA,NA,2023-08-08,"YOSE7","SB",2024-02-01,NA,NA,NA,NA,NA,NA,NA,NA,NA,NA,NA,2023,0.5
"2","4.5","V",NA,NA,NA,NA,NA,"0.11","1.1",1,"0.9",NA,NA,NA,NA,"N",NA,NA,2023-08-08,"YOSE7","SB",2024-02-01,NA,NA,NA,NA,NA,NA,NA,NA,NA,NA,NA,2023,0.5
"2","4.5","V",NA,NA,NA,NA,NA,"0.26","1.1",1,"1.0",NA,NA,NA,NA,"N",NA,NA,2023-08-08,"YOSE7","SB",2024-02-01,NA,NA,NA,NA,NA,NA,NA,NA,NA,NA,NA,2023,0.5
"2","4.5","V",NA,NA,NA,NA,NA,"0.12","1.8",1,"1.1",NA,NA,NA,NA,"N",NA,NA,2023-08-08,"YOSE7","SB",2024-02-01,NA,NA,NA,NA,NA,NA,NA,NA,NA,NA,NA,2023,0.5
"2","4.5","V",NA,NA,NA,NA,NA,"0.06","1.0",1,"0.6",NA,NA,NA,NA,"N",NA,NA,2023-08-08,"YOSE7","SB",2024-02-01,NA,NA,NA,NA,NA,NA,NA,NA,NA,NA,NA,2023,0.5
"2","4.5","V",NA,NA,NA,NA,NA,"<1","1.2",1,"0.6",NA,NA,NA,NA,"N",NA,NA,2023-08-08,"YOSE7","SB",2024-02-01,NA,NA,NA,NA,NA,NA,NA,NA,NA,NA,NA,2023,0.5
"2","4.5","V",NA,NA,NA,NA,NA,"<1","1.4",1,"0.7",NA,NA,NA,NA,"N",NA,NA,2023-08-08,"YOSE7","SB",2024-02-01,NA,NA,NA,NA,NA,NA,NA,NA,NA,NA,NA,2023,0.5
"2","4.5","V",NA,NA,NA,NA,NA,"<1","1.7",1,"0.5",NA,NA,NA,NA,"N",NA,NA,2023-08-08,"YOSE7","SB",2024-02-01,NA,NA,NA,NA,NA,NA,NA,NA,NA,NA,NA,2023,0.5
"2","4.5","V",NA,NA,NA,NA,NA,"<1","1.2",1,"0.6",NA,NA,NA,NA,"N",NA,NA,2023-08-08,"YOSE7","SB",2024-02-01,NA,NA,NA,NA,NA,NA,NA,NA,NA,NA,NA,2023,0.5
"2","4.5","V",NA,NA,NA,NA,NA,"<1","0.9",1,"0.8",NA,NA,NA,NA,"N",NA,NA,2023-08-08,"YOSE7","SB",2024-02-01,NA,NA,NA,NA,NA,NA,NA,NA,NA,NA,NA,2023,0.5
"2","4.5","V",NA,NA,NA,NA,NA,"<1","1.1",1,"0.5",NA,NA,NA,NA,"N",NA,NA,2023-08-08,"YOSE7","SB",2024-02-01,NA,NA,NA,NA,NA,NA,NA,NA,NA,NA,NA,2023,0.5
"2","4.5","V",NA,NA,NA,NA,NA,"<1","0.9",1,"0.4",NA,NA,NA,NA,"N",NA,NA,2023-08-08,"YOSE7","SB",2024-02-01,NA,NA,NA,NA,NA,NA,NA,NA,NA,NA,NA,2023,0.5
"2","4.5","V",NA,NA,NA,NA,NA,"<1","0.6",1,"0.6",NA,NA,NA,NA,"N",NA,NA,2023-08-08,"YOSE7","SB",2024-02-01,NA,NA,NA,NA,NA,NA,NA,NA,NA,NA,NA,2023,0.5
"2","4.5","V",NA,NA,NA,NA,NA,"<1","0.4",1,"0.3",NA,NA,NA,NA,"N",NA,NA,2023-08-08,"YOSE7","SB",2024-02-01,NA,NA,NA,NA,NA,NA,NA,NA,NA,NA,NA,2023,0.5
"2","4.5","V",NA,NA,NA,NA,NA,"<1","0.5",1,"0.3",NA,NA,NA,NA,"N",NA,NA,2023-08-08,"YOSE7","SB",2024-02-01,NA,NA,NA,NA,NA,NA,NA,NA,NA,NA,NA,2023,0.5
"2","4.5","V",NA,NA,NA,NA,NA,"<1","1.4",1,"0.7",NA,NA,NA,NA,"Y",NA,NA,2023-08-08,"YOSE7","SB",2024-02-01,NA,NA,NA,NA,NA,NA,NA,NA,NA,NA,NA,2023,0.5
"2","0","V",NA,NA,NA,NA,NA,"0.57","0.9",1,"1.0",NA,NA,NA,0,"N",NA,NA,2023-08-08,"YOSE7","SB",2024-02-01,NA,NA,NA,NA,NA,NA,NA,NA,NA,NA,NA,2023,0.5
"2","0","V",NA,NA,NA,NA,NA,"0.33","1.0",1,"0.5",NA,NA,NA,0,"N",NA,NA,2023-08-08,"YOSE7","SB",2024-02-01,NA,NA,NA,NA,NA,NA,NA,NA,NA,NA,NA,2023,0.5
"2","0","V",NA,NA,NA,NA,NA,"0.3","1.2",1,"0.5",NA,NA,NA,0,"N",NA,NA,2023-08-08,"YOSE7","SB",2024-02-01,NA,NA,NA,NA,NA,NA,NA,NA,NA,NA,NA,2023,0.5
"2","0","V",NA,NA,NA,NA,NA,"0.36","0.6",1,"0.3",NA,NA,NA,0,"N",NA,NA,2023-08-08,"YOSE7","SB",2024-02-01,NA,NA,NA,NA,NA,NA,NA,NA,NA,NA,NA,2023,0.5
"2","0","V",NA,NA,NA,NA,NA,"0.42","0.6",1,"0.5",NA,NA,NA,0,"N",NA,NA,2023-08-08,"YOSE7","SB",2024-02-01,NA,NA,NA,NA,NA,NA,NA,NA,NA,NA,NA,2023,0.5
"2","0","V",NA,NA,NA,NA,NA,"0.36","1.5",1,"0.5",NA,NA,NA,0,"N",NA,NA,2023-08-08,"YOSE7","SB",2024-02-01,NA,NA,NA,NA,NA,NA,NA,NA,NA,NA,NA,2023,0.5
"2","0","V",NA,NA,NA,NA,NA,"0.22","0.5",1,"0.2",NA,NA,NA,0,"N",NA,NA,2023-08-08,"YOSE7","SB",2024-02-01,NA,NA,NA,NA,NA,NA,NA,NA,NA,NA,NA,2023,0.5
"2","0","V",NA,NA,NA,NA,NA,"0.49","0.9",1,"0.3",NA,NA,NA,0,"N",NA,NA,2023-08-08,"YOSE7","SB",2024-02-01,NA,NA,NA,NA,NA,NA,NA,NA,NA,NA,NA,2023,0.5
"2","0.5","V",NA,NA,NA,NA,NA,"0.46","1.0",1,"0.7",NA,NA,NA,0,"N",NA,NA,2023-08-08,"YOSE7","SB",2024-02-01,NA,NA,NA,NA,NA,NA,NA,NA,NA,NA,NA,2023,0.5
"2","0.5","V",NA,NA,NA,NA,NA,"0.45","1.1",1,"0.8",NA,NA,NA,0,"N",NA,NA,2023-08-08,"YOSE7","SB",2024-02-01,NA,NA,NA,NA,NA,NA,NA,NA,NA,NA,NA,2023,0.5
"2","0.5","V",NA,NA,NA,NA,NA,"0.38","1.1",1,"0.5",NA,NA,NA,0,"N",NA,NA,2023-08-08,"YOSE7","SB",2024-02-01,NA,NA,NA,NA,NA,NA,NA,NA,NA,NA,NA,2023,0.5
"2","0.5","V",NA,NA,NA,NA,NA,"0.37","1.4",1,"0.5",NA,NA,NA,0,"N",NA,NA,2023-08-08,"YOSE7","SB",2024-02-01,NA,NA,NA,NA,NA,NA,NA,NA,NA,NA,NA,2023,0.5
"2","0.5","V",NA,NA,NA,NA,NA,"0.42","0.7",1,"0.4",NA,NA,NA,0,"N",NA,NA,2023-08-08,"YOSE7","SB",2024-02-01,NA,NA,NA,NA,NA,NA,NA,NA,NA,NA,NA,2023,0.5
"2","1","V",NA,NA,NA,NA,NA,"0.42","1.9",1,"0.4",NA,NA,NA,0,"N",NA,NA,2023-08-08,"YOSE7","SB",2024-02-01,NA,NA,NA,NA,NA,NA,NA,NA,NA,NA,NA,2023,0.5
"2","1","V",NA,NA,NA,NA,NA,"0.32","2.0",1,"0.8",NA,NA,NA,0,"N",NA,NA,2023-08-08,"YOSE7","SB",2024-02-01,NA,NA,NA,NA,NA,NA,NA,NA,NA,NA,NA,2023,0.5
"2","1","V",NA,NA,NA,NA,NA,"<1","1.1",1,"0.5",NA,NA,NA,0,"N",NA,NA,2023-08-08,"YOSE7","SB",2024-02-01,NA,NA,NA,NA,NA,NA,NA,NA,NA,NA,NA,2023,0.5
"2","1","V",NA,NA,NA,NA,NA,"<1","0.6",1,"0.6",NA,NA,NA,0,"N",NA,NA,2023-08-08,"YOSE7","SB",2024-02-01,NA,NA,NA,NA,NA,NA,NA,NA,NA,NA,NA,2023,0.5
"2","1","V",NA,NA,NA,NA,NA,"0.43","2.1",1,"0.6",NA,NA,NA,0,"N",NA,NA,2023-08-08,"YOSE7","SB",2024-02-01,NA,NA,NA,NA,NA,NA,NA,NA,NA,NA,NA,2023,0.5
"2","1","V",NA,NA,NA,NA,NA,"0.31","2.2",1,"1.2",NA,NA,NA,0,"N",NA,NA,2023-08-08,"YOSE7","SB",2024-02-01,NA,NA,NA,NA,NA,NA,NA,NA,NA,NA,NA,2023,0.5
"2","1","V",NA,NA,NA,NA,NA,"<1","1.2",1,"0.6",NA,NA,NA,0,"N",NA,NA,2023-08-08,"YOSE7","SB",2024-02-01,NA,NA,NA,NA,NA,NA,NA,NA,NA,NA,NA,2023,0.5
"2","1","V",NA,NA,NA,NA,NA,"<1","0.9",1,"0.6",NA,NA,NA,0,"N",NA,NA,2023-08-08,"YOSE7","SB",2024-02-01,NA,NA,NA,NA,NA,NA,NA,NA,NA,NA,NA,2023,0.5
"2","1","V",NA,NA,NA,NA,NA,"0.44","2.9",1,"1.2",NA,NA,NA,0,"N",NA,NA,2023-08-08,"YOSE7","SB",2024-02-01,NA,NA,NA,NA,NA,NA,NA,NA,NA,NA,NA,2023,0.5
"2","1","V",NA,NA,NA,NA,NA,"<1","1.6",1,"0.7",NA,NA,NA,0,"N",NA,NA,2023-08-08,"YOSE7","SB",2024-02-01,NA,NA,NA,NA,NA,NA,NA,NA,NA,NA,NA,2023,0.5
"2","1","V",NA,NA,NA,NA,NA,"<1","1.1",1,"0.4",NA,NA,NA,0,"N",NA,NA,2023-08-08,"YOSE7","SB",2024-02-01,NA,NA,NA,NA,NA,NA,NA,NA,NA,NA,NA,2023,0.5
"2","1","V",NA,NA,NA,NA,NA,"<1","1.2",1,"0.9",NA,NA,NA,0,"N",NA,NA,2023-08-08,"YOSE7","SB",2024-02-01,NA,NA,NA,NA,NA,NA,NA,NA,NA,NA,NA,2023,0.5
"2","1","V",NA,NA,NA,NA,NA,"<1","2.4",1,"1.0",NA,NA,NA,0,"N",NA,NA,2023-08-08,"YOSE7","SB",2024-02-01,NA,NA,NA,NA,NA,NA,NA,NA,NA,NA,NA,2023,0.5
"2","1","V",NA,NA,NA,NA,NA,"<1","1.8",1,"0.6",NA,NA,NA,0,"N",NA,NA,2023-08-08,"YOSE7","SB",2024-02-01,NA,NA,NA,NA,NA,NA,NA,NA,NA,NA,NA,2023,0.5
"2","1","V",NA,NA,NA,NA,NA,"<1","1.1",1,"0.6",NA,NA,NA,0,"Y",NA,NA,2023-08-08,"YOSE7","SB",2024-02-01,NA,NA,NA,NA,NA,NA,NA,NA,NA,NA,NA,2023,0.5
"2","1","V",NA,NA,NA,NA,NA,"<1","2.7",1,"1.2",NA,NA,NA,0,"N",NA,NA,2023-08-08,"YOSE7","SB",2024-02-01,NA,NA,NA,NA,NA,NA,NA,NA,NA,NA,NA,2023,0.5
"2","1","V",NA,NA,NA,NA,NA,"<1","1.3",1,"0.6",NA,NA,NA,0,"N",NA,NA,2023-08-08,"YOSE7","SB",2024-02-01,NA,NA,NA,NA,NA,NA,NA,NA,NA,NA,NA,2023,0.5
"2","1","V",NA,NA,NA,NA,NA,"<1","1.3",1,"0.6",NA,NA,NA,0,"Y",NA,NA,2023-08-08,"YOSE7","SB",2024-02-01,NA,NA,NA,NA,NA,NA,NA,NA,NA,NA,NA,2023,0.5
"2","1","V",NA,NA,NA,NA,NA,"<1","2.5",1,"0.6",NA,NA,NA,0,"Y",NA,NA,2023-08-08,"YOSE7","SB",2024-02-01,NA,NA,NA,NA,NA,NA,NA,NA,NA,NA,NA,2023,0.5
"2","1","V",NA,NA,NA,NA,NA,"<1","1.8",1,"0.8",NA,NA,NA,0,"N",NA,NA,2023-08-08,"YOSE7","SB",2024-02-01,NA,NA,NA,NA,NA,NA,NA,NA,NA,NA,NA,2023,0.5
"2","1","V",NA,NA,NA,NA,NA,"<1","1.6",1,"0.6",NA,NA,NA,0,"N",NA,NA,2023-08-08,"YOSE7","SB",2024-02-01,NA,NA,NA,NA,NA,NA,NA,NA,NA,NA,NA,2023,0.5
"2","1","V",NA,NA,NA,NA,NA,"<1","1.2",1,"0.4",NA,NA,NA,0,"N",NA,NA,2023-08-08,"YOSE7","SB",2024-02-01,NA,NA,NA,NA,NA,NA,NA,NA,NA,NA,NA,2023,0.5
"2","1","V",NA,NA,NA,NA,NA,"<1","1.3",1,"0.4",NA,NA,NA,0,"N",NA,NA,2023-08-08,"YOSE7","SB",2024-02-01,NA,NA,NA,NA,NA,NA,NA,NA,NA,NA,NA,2023,0.5
"2","1","V",NA,NA,NA,NA,NA,"<1","1.1",1,"0.3",NA,NA,NA,0,"N",NA,NA,2023-08-08,"YOSE7","SB",2024-02-01,NA,NA,NA,NA,NA,NA,NA,NA,NA,NA,NA,2023,0.5
"2","1","V",NA,NA,NA,NA,NA,"<1","1.4",1,"0.5",NA,NA,NA,0,"N",NA,NA,2023-08-08,"YOSE7","SB",2024-02-01,NA,NA,NA,NA,NA,NA,NA,NA,NA,NA,NA,2023,0.5
"2","1","V",NA,NA,NA,NA,NA,"<1","0.8",1,"0.4",NA,NA,NA,0,"N",NA,NA,2023-08-08,"YOSE7","SB",2024-02-01,NA,NA,NA,NA,NA,NA,NA,NA,NA,NA,NA,2023,0.5
"2","1","V",NA,NA,NA,NA,NA,"<1","1.8",1,"0.5",NA,NA,NA,0,"N",NA,NA,2023-08-08,"YOSE7","SB",2024-02-01,NA,NA,NA,NA,NA,NA,NA,NA,NA,NA,NA,2023,0.5
"2","1","V",NA,NA,NA,NA,NA,"<1","1.3",1,"0.2",NA,NA,NA,0,"N",NA,NA,2023-08-08,"YOSE7","SB",2024-02-01,NA,NA,NA,NA,NA,NA,NA,NA,NA,NA,NA,2023,0.5
"2","1","V",NA,NA,NA,NA,NA,"<1","1.2",1,"0.3",NA,NA,NA,0,"N",NA,NA,2023-08-08,"YOSE7","SB",2024-02-01,NA,NA,NA,NA,NA,NA,NA,NA,NA,NA,NA,2023,0.5
"2","1","V",NA,NA,NA,NA,NA,"<1","1.5",1,"0.5",NA,NA,NA,0,"N",NA,NA,2023-08-08,"YOSE7","SB",2024-02-01,NA,NA,NA,NA,NA,NA,NA,NA,NA,NA,NA,2023,0.5
"2","1","V",NA,NA,NA,NA,NA,"<1","1.6",1,"0.5",NA,NA,NA,0,"N",NA,NA,2023-08-08,"YOSE7","SB",2024-02-01,NA,NA,NA,NA,NA,NA,NA,NA,NA,NA,NA,2023,0.5
"2","1","V",NA,NA,NA,NA,NA,"<1","1.6",1,"0.8",NA,NA,NA,0,"N",NA,NA,2023-08-08,"YOSE7","SB",2024-02-01,NA,NA,NA,NA,NA,NA,NA,NA,NA,NA,NA,2023,0.5
"2","1","V",NA,NA,NA,NA,NA,"<1","1.8",1,"0.4",NA,NA,NA,0,"N",NA,NA,2023-08-08,"YOSE7","SB",2024-02-01,NA,NA,NA,NA,NA,NA,NA,NA,NA,NA,NA,2023,0.5
"2","1","V",NA,NA,NA,NA,NA,"<1","1.9",1,"0.6",NA,NA,NA,0,"N",NA,NA,2023-08-08,"YOSE7","SB",2024-02-01,NA,NA,NA,NA,NA,NA,NA,NA,NA,NA,NA,2023,0.5
"2","1","V",NA,NA,NA,NA,NA,"<1","1.4",1,"0.9",NA,NA,NA,0,"Y",NA,NA,2023-08-08,"YOSE7","SB",2024-02-01,NA,NA,NA,NA,NA,NA,NA,NA,NA,NA,NA,2023,0.5
"2","1","V",11,38,"pink",NA,NA,"0.8","2.6",1,"1.1",NA,NA,NA,0,"N",NA,NA,2023-08-08,"YOSE7","SB",2024-02-01,NA,835,NA,NA,NA,NA,NA,NA,NA,NA,NA,2023,0.5
"2","1","V",NA,NA,NA,NA,NA,"<1","1.2",1,"0.8",NA,NA,NA,0,"N",NA,NA,2023-08-08,"YOSE7","SB",2024-02-01,NA,NA,NA,NA,NA,NA,NA,NA,NA,NA,NA,2023,0.5
"2","1","V",NA,NA,NA,NA,NA,"<1","1.4",1,"0.7",NA,NA,NA,0,"N",NA,NA,2023-08-08,"YOSE7","SB",2024-02-01,NA,NA,NA,NA,NA,NA,NA,NA,NA,NA,NA,2023,0.5
"2","1","V",NA,NA,NA,NA,NA,"<1","1.1",1,"0.7",NA,NA,NA,0,"N",NA,NA,2023-08-08,"YOSE7","SB",2024-02-01,NA,NA,NA,NA,NA,NA,NA,NA,NA,NA,NA,2023,0.5
"2","1","V",NA,NA,NA,NA,NA,"<1","0.9",1,"0.7",NA,NA,NA,0,"N",NA,NA,2023-08-08,"YOSE7","SB",2024-02-01,NA,NA,NA,NA,NA,NA,NA,NA,NA,NA,NA,2023,0.5
"2","1","V",NA,NA,NA,NA,NA,"<1","1.0",1,"0.5",NA,NA,NA,0,"N",NA,NA,2023-08-08,"YOSE7","SB",2024-02-01,NA,NA,NA,NA,NA,NA,NA,NA,NA,NA,NA,2023,0.5
"2","1","V",NA,NA,NA,NA,NA,"<1","1.3",1,"0.7",NA,NA,NA,0,"N",NA,NA,2023-08-08,"YOSE7","SB",2024-02-01,NA,NA,NA,NA,NA,NA,NA,NA,NA,NA,NA,2023,0.5
"2","1","V",NA,NA,NA,NA,NA,"<1","1.2",1,"0.5",NA,NA,NA,0,"N",NA,NA,2023-08-08,"YOSE7","SB",2024-02-01,NA,NA,NA,NA,NA,NA,NA,NA,NA,NA,NA,2023,0.5
"2","1","V",NA,NA,NA,NA,NA,"<1","1.4",1,"0.6",NA,NA,NA,0,"N",NA,NA,2023-08-08,"YOSE7","SB",2024-02-01,NA,NA,NA,NA,NA,NA,NA,NA,NA,NA,NA,2023,0.5
"2","1","V",NA,NA,NA,NA,NA,"<1","1.5",1,"0.6",NA,NA,NA,0,"N",NA,NA,2023-08-08,"YOSE7","SB",2024-02-01,NA,NA,NA,NA,NA,NA,NA,NA,NA,NA,NA,2023,0.5
"2","1","V",NA,NA,NA,NA,NA,"<1","0.9",1,"0.4",NA,NA,NA,0,"N",NA,NA,2023-08-08,"YOSE7","SB",2024-02-01,NA,NA,NA,NA,NA,NA,NA,NA,NA,NA,NA,2023,0.5
"2","2","V",25,14,"pink",NA,NA,"0.39","1.1",1,"1.3",NA,NA,NA,0,"N",NA,NA,2023-08-08,"YOSE7","SB",2024-02-01,NA,809,NA,NA,NA,NA,NA,NA,NA,NA,NA,2023,0.5
"2","2","V",50,15,"pink",NA,NA,"0.31","1.3",1,"1.0",NA,NA,NA,0,"N",NA,NA,2023-08-08,"YOSE7","SB",2024-02-01,NA,877,NA,NA,NA,NA,NA,NA,NA,NA,NA,2023,0.5
"2","2","V",33,25,"pink",NA,NA,"0.33","0.9",1,"0.5",NA,NA,NA,0,"N",NA,NA,2023-08-08,"YOSE7","SB",2024-02-01,NA,107,NA,NA,NA,NA,NA,NA,NA,NA,NA,2023,0.5
"2","2","V",29,30,"pink",NA,NA,"0.3","1.1",1,"0.8",NA,NA,NA,0,"N",NA,NA,2023-08-08,"YOSE7","SB",2024-02-01,NA,144,NA,NA,NA,NA,NA,NA,NA,NA,NA,2023,0.5
"2","2","V",40,28,"pink",NA,NA,"0.32","0.5",1,"0.4",NA,NA,NA,0,"N",NA,NA,2023-08-08,"YOSE7","SB",2024-02-01,NA,876,NA,NA,NA,NA,NA,NA,NA,NA,NA,2023,0.5
"2","2","V",26,38,"pink",NA,NA,"0.26","1.2",1,"1.0",NA,NA,NA,0,"N",NA,NA,2023-08-08,"YOSE7","SB",2024-02-01,NA,452,NA,NA,NA,NA,NA,NA,NA,NA,NA,2023,0.5
"2","2","V",31,40,"pink",NA,NA,"0.2","1.4",1,"0.7",NA,NA,NA,0,"N",NA,NA,2023-08-08,"YOSE7","SB",2024-02-01,NA,806,NA,NA,NA,NA,NA,NA,NA,NA,NA,2023,0.5
"2","2","V",36,42,"pink",NA,NA,"0.36","1.7",1,"0.8",NA,NA,NA,0,"N",NA,NA,2023-08-08,"YOSE7","SB",2024-02-01,NA,898,NA,NA,NA,NA,NA,NA,NA,NA,NA,2023,0.5
"2","2","V",17,36,"pink",NA,NA,"0.23","1.2",1,"1.1",NA,NA,NA,0,"N",NA,NA,2023-08-08,"YOSE7","SB",2024-02-01,NA,697,NA,NA,NA,NA,NA,NA,NA,NA,NA,2023,0.5
"2","2","V",23,46,"pink",NA,NA,"0.4","1.6",1,"1.2",NA,NA,NA,0,"N",NA,NA,2023-08-08,"YOSE7","SB",2024-02-01,NA,777,NA,NA,NA,NA,NA,NA,NA,NA,NA,2023,0.5
"2","2.5","V",23,9,"pink",NA,NA,"0.59","2.1",1,"0.9",NA,NA,NA,0,"N",NA,NA,2023-08-08,"YOSE7","SB",2024-02-01,NA,349,NA,NA,NA,NA,NA,NA,NA,NA,NA,2023,0.5
"2","2.5","V",22,6,"pink",NA,NA,"0.44","1.6",1,"0.7",NA,NA,NA,0,"N",NA,NA,2023-08-08,"YOSE7","SB",2024-02-01,NA,879,NA,NA,NA,NA,NA,NA,NA,NA,NA,2023,0.5
"2","2.5","F",28,26,"pink",NA,NA,"1.44","11.5",3,NA,"5.0","0.0",NA,2,"N",NA,NA,2023-08-08,"YOSE7","SB",2024-02-01,NA,148,NA,NA,NA,NA,NA,NA,NA,NA,NA,2023,1.44
"2","2.5","V",27,46,"pink",NA,NA,"0.74","2.8",1,"1.6",NA,NA,NA,0,"N",NA,NA,2023-08-08,"YOSE7","SB",2024-02-01,NA,878,NA,NA,NA,NA,NA,NA,NA,NA,NA,2023,0.5
"2","2.5","V",10,23,"pink",NA,NA,"0.48","1.8",1,"0.9",NA,NA,NA,0,"N",NA,NA,2023-08-08,"YOSE7","SB",2024-02-01,NA,833,NA,NA,NA,NA,NA,NA,NA,NA,NA,2023,0.5
"2","2.5","V",40,10,"pink",NA,NA,"0.36","1.5",1,"0.7",NA,NA,NA,0,"Y",NA,NA,2023-08-08,"YOSE7","SB",2024-02-01,NA,356,NA,NA,NA,NA,NA,NA,NA,NA,NA,2023,0.5
"2","2.5","V",48,8,"pink",NA,NA,"0.45","1.1",1,"0.6",NA,NA,NA,0,"N",NA,NA,2023-08-08,"YOSE7","SB",2024-02-01,NA,458,NA,NA,NA,NA,NA,NA,NA,NA,NA,2023,0.5
"2","2.5","V",45,20,"pink",NA,NA,"0.29","0.7",1,"0.7",NA,NA,NA,0,"N",NA,NA,2023-08-08,"YOSE7","SB",2024-02-01,NA,249,NA,NA,NA,NA,NA,NA,NA,NA,NA,2023,0.5
"2","2.5","V",35,39,"pink",NA,NA,"0.53","1.9",1,"0.9",NA,NA,NA,0,"N",NA,NA,2023-08-08,"YOSE7","SB",2024-02-01,NA,943,NA,NA,NA,NA,NA,NA,NA,NA,NA,2023,0.5
"2","2.5","V",15,42,"pink",NA,NA,"0.4","0.7",1,"0.4",NA,NA,NA,0,"N",NA,NA,2023-08-08,"YOSE7","SB",2024-02-01,NA,864,NA,NA,NA,NA,NA,NA,NA,NA,NA,2023,0.5
"2","2.5","V",NA,NA,NA,NA,NA,"<1","1.6",1,"0.9",NA,NA,NA,0,"N",NA,NA,2023-08-08,"YOSE7","SB",2024-02-01,NA,NA,NA,NA,NA,NA,NA,NA,NA,NA,NA,2023,0.5
"2","2.5","V",NA,NA,NA,NA,NA,"<1","0.6",1,"0.3",NA,NA,NA,0,"N",NA,NA,2023-08-08,"YOSE7","SB",2024-02-01,NA,NA,NA,NA,NA,NA,NA,NA,NA,NA,NA,2023,0.5
"2","2.5","V",NA,NA,NA,NA,NA,"<1","1.1",1,"0.5",NA,NA,NA,0,"N",NA,NA,2023-08-08,"YOSE7","SB",2024-02-01,NA,NA,NA,NA,NA,NA,NA,NA,NA,NA,NA,2023,0.5
"2","2.5","V",NA,NA,NA,NA,NA,"<1","0.2",1,"0.3",NA,NA,NA,0,"N",NA,NA,2023-08-08,"YOSE7","SB",2024-02-01,NA,NA,NA,NA,NA,NA,NA,NA,NA,NA,NA,2023,0.5
"2","2.5","V",NA,NA,NA,NA,NA,"<1","0.6",1,"0.3",NA,NA,NA,0,"N",NA,NA,2023-08-08,"YOSE7","SB",2024-02-01,NA,NA,NA,NA,NA,NA,NA,NA,NA,NA,NA,2023,0.5
"2","2.5","V",NA,NA,NA,NA,NA,"<1","1.2",1,"0.7",NA,NA,NA,0,"N",NA,NA,2023-08-08,"YOSE7","SB",2024-02-01,NA,NA,NA,NA,NA,NA,NA,NA,NA,NA,NA,2023,0.5
"2","2.5","V",NA,NA,NA,NA,NA,"<1","0.9",1,"0.5",NA,NA,NA,0,"N",NA,NA,2023-08-08,"YOSE7","SB",2024-02-01,NA,NA,NA,NA,NA,NA,NA,NA,NA,NA,NA,2023,0.5
"2","2.5","V",NA,NA,NA,NA,NA,"<1","1.1",1,"0.6",NA,NA,NA,0,"N",NA,NA,2023-08-08,"YOSE7","SB",2024-02-01,NA,NA,NA,NA,NA,NA,NA,NA,NA,NA,NA,2023,0.5
"2","2.5","V",NA,NA,NA,NA,NA,"<1","1.7",1,"0.6",NA,NA,NA,0,"N",NA,NA,2023-08-08,"YOSE7","SB",2024-02-01,NA,NA,NA,NA,NA,NA,NA,NA,NA,NA,NA,2023,0.5
"2","2.5","V",NA,NA,NA,NA,NA,"<1","0.9",1,"0.7",NA,NA,NA,0,"N",NA,NA,2023-08-08,"YOSE7","SB",2024-02-01,NA,NA,NA,NA,NA,NA,NA,NA,NA,NA,NA,2023,0.5
"2","2.5","V",NA,NA,NA,NA,NA,"<1","0.3",1,"0.1",NA,NA,NA,0,"N",NA,NA,2023-08-08,"YOSE7","SB",2024-02-01,NA,NA,NA,NA,NA,NA,NA,NA,NA,NA,NA,2023,0.5
"2","2.5","V",NA,NA,NA,NA,NA,"<1","0.7",1,"0.3",NA,NA,NA,0,"N",NA,NA,2023-08-08,"YOSE7","SB",2024-02-01,NA,NA,NA,NA,NA,NA,NA,NA,NA,NA,NA,2023,0.5
"2","2.5","V",NA,NA,NA,NA,NA,"<1","0.4",1,"0.3",NA,NA,NA,0,"N",NA,NA,2023-08-08,"YOSE7","SB",2024-02-01,NA,NA,NA,NA,NA,NA,NA,NA,NA,NA,NA,2023,0.5
"2","2.5","V",NA,NA,NA,NA,NA,"<1","0.5",1,"0.5",NA,NA,NA,0,"N",NA,NA,2023-08-08,"YOSE7","SB",2024-02-01,NA,NA,NA,NA,NA,NA,NA,NA,NA,NA,NA,2023,0.5
"2","2.5","V",NA,NA,NA,NA,NA,"<1","0.8",1,"0.5",NA,NA,NA,0,"N",NA,NA,2023-08-08,"YOSE7","SB",2024-02-01,NA,NA,NA,NA,NA,NA,NA,NA,NA,NA,NA,2023,0.5
"2","2.5","V",NA,NA,NA,NA,NA,"<1","0.7",1,"0.3",NA,NA,NA,0,"N",NA,NA,2023-08-08,"YOSE7","SB",2024-02-01,NA,NA,NA,NA,NA,NA,NA,NA,NA,NA,NA,2023,0.5
"2","2.5","V",NA,NA,NA,NA,NA,"<1","0.4",1,"0.3",NA,NA,NA,0,"N",NA,NA,2023-08-08,"YOSE7","SB",2024-02-01,NA,NA,NA,NA,NA,NA,NA,NA,NA,NA,NA,2023,0.5
"2","2.5","V",NA,NA,NA,NA,NA,"<1","0.3",1,"0.2",NA,NA,NA,0,"N",NA,NA,2023-08-08,"YOSE7","SB",2024-02-01,NA,NA,NA,NA,NA,NA,NA,NA,NA,NA,NA,2023,0.5
"2","2.5","V",NA,NA,NA,NA,NA,"<1","1.0",1,"0.5",NA,NA,NA,0,"N",NA,NA,2023-08-08,"YOSE7","SB",2024-02-01,NA,NA,NA,NA,NA,NA,NA,NA,NA,NA,NA,2023,0.5
"2","2.5","V",NA,NA,NA,NA,NA,"<1","0.8",1,"0.4",NA,NA,NA,0,"N",NA,NA,2023-08-08,"YOSE7","SB",2024-02-01,NA,NA,NA,NA,NA,NA,NA,NA,NA,NA,NA,2023,0.5
"2","2.5","V",NA,NA,NA,NA,NA,"<1","0.3",1,"0.2",NA,NA,NA,0,"N",NA,NA,2023-08-08,"YOSE7","SB",2024-02-01,NA,NA,NA,NA,NA,NA,NA,NA,NA,NA,NA,2023,0.5
"2","2.5","V",NA,NA,NA,NA,NA,"0.2","0.7",1,"0.4",NA,NA,NA,0,"N",NA,NA,2023-08-09,"YOSE7","SB",2024-02-01,NA,NA,NA,NA,NA,NA,NA,NA,NA,NA,NA,2023,0.5
"2","2.5","V",NA,NA,NA,NA,NA,"0.32","1.4",1,"0.5",NA,NA,NA,0,"N",NA,NA,2023-08-09,"YOSE7","SB",2024-02-01,NA,NA,NA,NA,NA,NA,NA,NA,NA,NA,NA,2023,0.5
"2","2.5","V",NA,NA,NA,NA,NA,"0.3","1.1",1,"0.7",NA,NA,NA,0,"N",NA,NA,2023-08-09,"YOSE7","SB",2024-02-01,NA,NA,NA,NA,NA,NA,NA,NA,NA,NA,NA,2023,0.5
"2","2.5","V",NA,NA,NA,NA,NA,"0.42","1.0",1,"0.6",NA,NA,NA,0,"N",NA,NA,2023-08-09,"YOSE7","SB",2024-02-01,NA,NA,NA,NA,NA,NA,NA,NA,NA,NA,NA,2023,0.5
"2","2.5","V",NA,NA,NA,NA,NA,"0.44","0.8",1,"0.4",NA,NA,NA,0,"N",NA,NA,2023-08-09,"YOSE7","SB",2024-02-01,NA,NA,NA,NA,NA,NA,NA,NA,NA,NA,NA,2023,0.5
"2","2.5","V",NA,NA,NA,NA,NA,"0.43","0.6",1,"0.9",NA,NA,NA,0,"N",NA,NA,2023-08-09,"YOSE7","SB",2024-02-01,NA,NA,NA,NA,NA,NA,NA,NA,NA,NA,NA,2023,0.5
"2","2.5","V",NA,NA,NA,NA,NA,"<1","0.9",1,"0.4",NA,NA,NA,0,"N",NA,NA,2023-08-09,"YOSE7","SB",2024-02-01,NA,NA,NA,NA,NA,NA,NA,NA,NA,NA,NA,2023,0.5
"2","2.5","V",NA,NA,NA,NA,NA,"<1","1.0",1,"0.6",NA,NA,NA,0,"N",NA,NA,2023-08-09,"YOSE7","SB",2024-02-01,NA,NA,NA,NA,NA,NA,NA,NA,NA,NA,NA,2023,0.5
"2","2.5","V",NA,NA,NA,NA,NA,"<1","0.7",1,"0.3",NA,NA,NA,0,"N",NA,NA,2023-08-09,"YOSE7","SB",2024-02-01,NA,NA,NA,NA,NA,NA,NA,NA,NA,NA,NA,2023,0.5
"2","2.5","V",NA,NA,NA,NA,NA,"<1","1.1",1,"1.0",NA,NA,NA,0,"N",NA,NA,2023-08-09,"YOSE7","SB",2024-02-01,NA,NA,NA,NA,NA,NA,NA,NA,NA,NA,NA,2023,0.5
"2","2.5","V",NA,NA,NA,NA,NA,"<1","1.0",1,"0.5",NA,NA,NA,0,"N",NA,NA,2023-08-09,"YOSE7","SB",2024-02-01,NA,NA,NA,NA,NA,NA,NA,NA,NA,NA,NA,2023,0.5
"2","2.5","V",NA,NA,NA,NA,NA,"<1","0.7",1,"0.4",NA,NA,NA,0,"N",NA,NA,2023-08-09,"YOSE7","SB",2024-02-01,NA,NA,NA,NA,NA,NA,NA,NA,NA,NA,NA,2023,0.5
"2","2.5","V",NA,NA,NA,NA,NA,"<1","1.0",1,"0.7",NA,NA,NA,0,"N",NA,NA,2023-08-09,"YOSE7","SB",2024-02-01,NA,NA,NA,NA,NA,NA,NA,NA,NA,NA,NA,2023,0.5
"2","2.5","V",NA,NA,NA,NA,NA,"<1","1.0",1,"0.8",NA,NA,NA,0,"N",NA,NA,2023-08-09,"YOSE7","SB",2024-02-01,NA,NA,NA,NA,NA,NA,NA,NA,NA,NA,NA,2023,0.5
"2","2.5","V",NA,NA,NA,NA,NA,"<1","1.3",1,"0.7",NA,NA,NA,0,"N",NA,NA,2023-08-09,"YOSE7","SB",2024-02-01,NA,NA,NA,NA,NA,NA,NA,NA,NA,NA,NA,2023,0.5
"2","2.5","V",NA,NA,NA,NA,NA,"<1","1.3",1,"0.7",NA,NA,NA,0,"N",NA,NA,2023-08-09,"YOSE7","SB",2024-02-01,NA,NA,NA,NA,NA,NA,NA,NA,NA,NA,NA,2023,0.5
"2","2.5","V",NA,NA,NA,NA,NA,"<1","1.0",1,"0.7",NA,NA,NA,0,"N",NA,NA,2023-08-09,"YOSE7","SB",2024-02-01,NA,NA,NA,NA,NA,NA,NA,NA,NA,NA,NA,2023,0.5
"2","2.5","V",NA,NA,NA,NA,NA,"<1","0.2",1,"0.2",NA,NA,NA,0,"N",NA,NA,2023-08-09,"YOSE7","SB",2024-02-01,NA,NA,NA,NA,NA,NA,NA,NA,NA,NA,NA,2023,0.5
"2","2.5","V",NA,NA,NA,NA,NA,"<1","0.5",1,"0.4",NA,NA,NA,0,"N",NA,NA,2023-08-09,"YOSE7","SB",2024-02-01,NA,NA,NA,NA,NA,NA,NA,NA,NA,NA,NA,2023,0.5
"2","2.5","V",NA,NA,NA,NA,NA,"<1","0.8",1,"0.8",NA,NA,NA,0,"N",NA,NA,2023-08-09,"YOSE7","SB",2024-02-01,NA,NA,NA,NA,NA,NA,NA,NA,NA,NA,NA,2023,0.5
"2","2.5","V",NA,NA,NA,NA,NA,"<1","0.6",1,"0.5",NA,NA,NA,0,"N",NA,NA,2023-08-09,"YOSE7","SB",2024-02-01,NA,NA,NA,NA,NA,NA,NA,NA,NA,NA,NA,2023,0.5
"2","2.5","V",NA,NA,NA,NA,NA,"<1","0.5",1,"0.4",NA,NA,NA,0,"N",NA,NA,2023-08-09,"YOSE7","SB",2024-02-01,NA,NA,NA,NA,NA,NA,NA,NA,NA,NA,NA,2023,0.5
"2","2.5","V",NA,NA,NA,NA,NA,"<1","0.9",1,"0.5",NA,NA,NA,0,"Y",NA,NA,2023-08-09,"YOSE7","SB",2024-02-01,NA,NA,NA,NA,NA,NA,NA,NA,NA,NA,NA,2023,0.5
"2","2.5","V",NA,NA,NA,NA,NA,"<1","0.8",1,"0.5",NA,NA,NA,0,"N",NA,NA,2023-08-09,"YOSE7","SB",2024-02-01,NA,NA,NA,NA,NA,NA,NA,NA,NA,NA,NA,2023,0.5
"2","2.5","V",NA,NA,NA,NA,NA,"<1","0.9",1,"0.4",NA,NA,NA,0,"N",NA,NA,2023-08-09,"YOSE7","SB",2024-02-01,NA,NA,NA,NA,NA,NA,NA,NA,NA,NA,NA,2023,0.5
"2","2.5","V",NA,NA,NA,NA,NA,"<1","1.2",1,"0.6",NA,NA,NA,0,"N",NA,NA,2023-08-09,"YOSE7","SB",2024-02-01,NA,NA,NA,NA,NA,NA,NA,NA,NA,NA,NA,2023,0.5
"2","2.5","V",NA,NA,NA,NA,NA,"<1","1.0",1,"0.7",NA,NA,NA,0,"N",NA,NA,2023-08-09,"YOSE7","SB",2024-02-01,NA,NA,NA,NA,NA,NA,NA,NA,NA,NA,NA,2023,0.5
"2","2.5","V",NA,NA,NA,NA,NA,"<1","0.4",1,"0.4",NA,NA,NA,0,"N",NA,NA,2023-08-09,"YOSE7","SB",2024-02-01,NA,NA,NA,NA,NA,NA,NA,NA,NA,NA,NA,2023,0.5
"2","2.5","V",NA,NA,NA,NA,NA,"<1","0.7",1,"0.5",NA,NA,NA,0,"N",NA,NA,2023-08-09,"YOSE7","SB",2024-02-01,NA,NA,NA,NA,NA,NA,NA,NA,NA,NA,NA,2023,0.5
"2","2.5","V",NA,NA,NA,NA,NA,"<1","2.0",1,"0.8",NA,NA,NA,0,"N",NA,NA,2023-08-09,"YOSE7","SB",2024-02-01,NA,NA,NA,NA,NA,NA,NA,NA,NA,NA,NA,2023,0.5
"2","2.5","V",NA,NA,NA,NA,NA,"<1","0.8",1,"0.6",NA,NA,NA,0,"N",NA,NA,2023-08-09,"YOSE7","SB",2024-02-01,NA,NA,NA,NA,NA,NA,NA,NA,NA,NA,NA,2023,0.5
"2","2.5","V",NA,NA,NA,NA,NA,"<1","0.4",1,"0.3",NA,NA,NA,0,"N",NA,NA,2023-08-09,"YOSE7","SB",2024-02-01,NA,NA,NA,NA,NA,NA,NA,NA,NA,NA,NA,2023,0.5
"2","2.5","V",NA,NA,NA,NA,NA,"<1","1.0",1,"0.5",NA,NA,NA,0,"N",NA,NA,2023-08-09,"YOSE7","SB",2024-02-01,NA,NA,NA,NA,NA,NA,NA,NA,NA,NA,NA,2023,0.5
"2","2.5","V",NA,NA,NA,NA,NA,"<1","0.6",1,"0.6",NA,NA,NA,0,"N",NA,NA,2023-08-09,"YOSE7","SB",2024-02-01,NA,NA,NA,NA,NA,NA,NA,NA,NA,NA,NA,2023,0.5
"2","2.5","V",NA,NA,NA,NA,NA,"<1","1.0",1,"0.5",NA,NA,NA,0,"N",NA,NA,2023-08-09,"YOSE7","SB",2024-02-01,NA,NA,NA,NA,NA,NA,NA,NA,NA,NA,NA,2023,0.5
"2","2.5","V",NA,NA,NA,NA,NA,"<1","1.4",1,"0.9",NA,NA,NA,0,"N",NA,NA,2023-08-09,"YOSE7","SB",2024-02-01,NA,NA,NA,NA,NA,NA,NA,NA,NA,NA,NA,2023,0.5
"2","2.5","V",NA,NA,NA,NA,NA,"<1","1.2",1,"0.6",NA,NA,NA,0,"N",NA,NA,2023-08-09,"YOSE7","SB",2024-02-01,NA,NA,NA,NA,NA,NA,NA,NA,NA,NA,NA,2023,0.5
"2","2.5","V",NA,NA,NA,NA,NA,"<1","0.5",1,"0.3",NA,NA,NA,0,"N",NA,NA,2023-08-09,"YOSE7","SB",2024-02-01,NA,NA,NA,NA,NA,NA,NA,NA,NA,NA,NA,2023,0.5
"2","2.5","V",NA,NA,NA,NA,NA,"<1","0.7",1,"0.4",NA,NA,NA,0,"N",NA,NA,2023-08-09,"YOSE7","SB",2024-02-01,NA,NA,NA,NA,NA,NA,NA,NA,NA,NA,NA,2023,0.5
"2","2.5","V",NA,NA,NA,NA,NA,"<1","1.3",1,"0.7",NA,NA,NA,0,"N",NA,NA,2023-08-09,"YOSE7","SB",2024-02-01,NA,NA,NA,NA,NA,NA,NA,NA,NA,NA,NA,2023,0.5
"2","2.5","V",NA,NA,NA,NA,NA,"<1","1.3",1,"0.7",NA,NA,NA,0,"N",NA,NA,2023-08-09,"YOSE7","SB",2024-02-01,NA,NA,NA,NA,NA,NA,NA,NA,NA,NA,NA,2023,0.5
"2","2.5","V",NA,NA,NA,NA,NA,"<1","1.0",1,"0.4",NA,NA,NA,0,"N",NA,NA,2023-08-09,"YOSE7","SB",2024-02-01,NA,NA,NA,NA,NA,NA,NA,NA,NA,NA,NA,2023,0.5
"2","2.5","V",NA,NA,NA,NA,NA,"<1","1.1",1,"0.4",NA,NA,NA,0,"N",NA,NA,2023-08-09,"YOSE7","SB",2024-02-01,NA,NA,NA,NA,NA,NA,NA,NA,NA,NA,NA,2023,0.5
"2","2.5","V",NA,NA,NA,NA,NA,"<1","0.8",1,"0.5",NA,NA,NA,0,"N",NA,NA,2023-08-09,"YOSE7","SB",2024-02-01,NA,NA,NA,NA,NA,NA,NA,NA,NA,NA,NA,2023,0.5
"2","2.5","V",NA,NA,NA,NA,NA,"<1","0.7",1,"0.4",NA,NA,NA,0,"N",NA,NA,2023-08-09,"YOSE7","SB",2024-02-01,NA,NA,NA,NA,NA,NA,NA,NA,NA,NA,NA,2023,0.5
"2","2.5","V",NA,NA,NA,NA,NA,"<1","1.4",1,"0.8",NA,NA,NA,0,"Y",NA,NA,2023-08-09,"YOSE7","SB",2024-02-01,NA,NA,NA,NA,NA,NA,NA,NA,NA,NA,NA,2023,0.5
"2","2.5","V",NA,NA,NA,NA,NA,"<1","0.6",1,"0.3",NA,NA,NA,0,"N",NA,NA,2023-08-09,"YOSE7","SB",2024-02-01,NA,NA,NA,NA,NA,NA,NA,NA,NA,NA,NA,2023,0.5
"2","2.5","V",NA,NA,NA,NA,NA,"<1","0.7",1,"0.6",NA,NA,NA,0,"N",NA,NA,2023-08-09,"YOSE7","SB",2024-02-01,NA,NA,NA,NA,NA,NA,NA,NA,NA,NA,NA,2023,0.5
"2","2.5","V",NA,NA,NA,NA,NA,"<1","0.7",1,"0.5",NA,NA,NA,0,"N",NA,NA,2023-08-09,"YOSE7","SB",2024-02-01,NA,NA,NA,NA,NA,NA,NA,NA,NA,NA,NA,2023,0.5
"2","2.5","V",NA,NA,NA,NA,NA,"<1","<1",1,"<0.5",NA,NA,NA,0,"N","little to no herbivory",NA,2023-08-09,"YOSE7","SB",2024-02-01,NA,NA,NA,NA,NA,NA,NA,NA,NA,NA,NA,2023,0.5
"2","2.5","V",NA,NA,NA,NA,NA,"<1","<1",1,"<0.5",NA,NA,NA,0,"N","little to no herbivory",NA,2023-08-09,"YOSE7","SB",2024-02-01,NA,NA,NA,NA,NA,NA,NA,NA,NA,NA,NA,2023,0.5
"2","2.5","V",NA,NA,NA,NA,NA,"<1","<1",1,"<0.5",NA,NA,NA,0,"N","little to no herbivory",NA,2023-08-09,"YOSE7","SB",2024-02-01,NA,NA,NA,NA,NA,NA,NA,NA,NA,NA,NA,2023,0.5
"2","2.5","V",NA,NA,NA,NA,NA,"<1","<1",1,"<0.5",NA,NA,NA,0,"N","little to no herbivory",NA,2023-08-09,"YOSE7","SB",2024-02-01,NA,NA,NA,NA,NA,NA,NA,NA,NA,NA,NA,2023,0.5
"2","2.5","V",NA,NA,NA,NA,NA,"<1","<1",1,"<0.5",NA,NA,NA,0,"N","little to no herbivory",NA,2023-08-09,"YOSE7","SB",2024-02-01,NA,NA,NA,NA,NA,NA,NA,NA,NA,NA,NA,2023,0.5
"2","2.5","V",NA,NA,NA,NA,NA,"<1","<1",1,"<0.5",NA,NA,NA,0,"N","little to no herbivory",NA,2023-08-09,"YOSE7","SB",2024-02-01,NA,NA,NA,NA,NA,NA,NA,NA,NA,NA,NA,2023,0.5
"2","2.5","V",NA,NA,NA,NA,NA,"<1","<1",1,"<0.5",NA,NA,NA,0,"N","little to no herbivory",NA,2023-08-09,"YOSE7","SB",2024-02-01,NA,NA,NA,NA,NA,NA,NA,NA,NA,NA,NA,2023,0.5
"2","2.5","V",NA,NA,NA,NA,NA,"<1","<1",1,"<0.5",NA,NA,NA,0,"N","little to no herbivory",NA,2023-08-09,"YOSE7","SB",2024-02-01,NA,NA,NA,NA,NA,NA,NA,NA,NA,NA,NA,2023,0.5
"2","2.5","V",NA,NA,NA,NA,NA,"<1","<1",1,"<0.5",NA,NA,NA,0,"N","little to no herbivory",NA,2023-08-09,"YOSE7","SB",2024-02-01,NA,NA,NA,NA,NA,NA,NA,NA,NA,NA,NA,2023,0.5
"2","2.5","V",NA,NA,NA,NA,NA,"<1","<1",1,"<0.5",NA,NA,NA,0,"N","little to no herbivory",NA,2023-08-09,"YOSE7","SB",2024-02-01,NA,NA,NA,NA,NA,NA,NA,NA,NA,NA,NA,2023,0.5
"2","2.5","V",NA,NA,NA,NA,NA,"<1","<1",1,"<0.5",NA,NA,NA,0,"N","little to no herbivory",NA,2023-08-09,"YOSE7","SB",2024-02-01,NA,NA,NA,NA,NA,NA,NA,NA,NA,NA,NA,2023,0.5
"2","2.5","V",NA,NA,NA,NA,NA,"<1","<1",1,"<0.5",NA,NA,NA,0,"N","little to no herbivory",NA,2023-08-09,"YOSE7","SB",2024-02-01,NA,NA,NA,NA,NA,NA,NA,NA,NA,NA,NA,2023,0.5
"2","2.5","V",NA,NA,NA,NA,NA,"<1","<1",1,"<0.5",NA,NA,NA,0,"N","little to no herbivory",NA,2023-08-09,"YOSE7","SB",2024-02-01,NA,NA,NA,NA,NA,NA,NA,NA,NA,NA,NA,2023,0.5
"2","2.5","V",NA,NA,NA,NA,NA,"<1","<1",1,"<0.5",NA,NA,NA,0,"N","little to no herbivory",NA,2023-08-09,"YOSE7","SB",2024-02-01,NA,NA,NA,NA,NA,NA,NA,NA,NA,NA,NA,2023,0.5
"2","2.5","V",NA,NA,NA,NA,NA,"<1","<1",1,"<0.5",NA,NA,NA,0,"N","little to no herbivory",NA,2023-08-09,"YOSE7","SB",2024-02-01,NA,NA,NA,NA,NA,NA,NA,NA,NA,NA,NA,2023,0.5
"2","2.5","V",NA,NA,NA,NA,NA,"<1","<1",1,"<0.5",NA,NA,NA,0,"N","little to no herbivory",NA,2023-08-09,"YOSE7","SB",2024-02-01,NA,NA,NA,NA,NA,NA,NA,NA,NA,NA,NA,2023,0.5
"2","2.5","V",NA,NA,NA,NA,NA,"<1","<1",1,"<0.5",NA,NA,NA,0,"N","little to no herbivory",NA,2023-08-09,"YOSE7","SB",2024-02-01,NA,NA,NA,NA,NA,NA,NA,NA,NA,NA,NA,2023,0.5
"2","2.5","V",NA,NA,NA,NA,NA,"<1","<1",1,"<0.5",NA,NA,NA,0,"N","little to no herbivory",NA,2023-08-09,"YOSE7","SB",2024-02-01,NA,NA,NA,NA,NA,NA,NA,NA,NA,NA,NA,2023,0.5
"2","2.5","V",NA,NA,NA,NA,NA,"<1","<1",1,"<0.5",NA,NA,NA,0,"N","little to no herbivory",NA,2023-08-09,"YOSE7","SB",2024-02-01,NA,NA,NA,NA,NA,NA,NA,NA,NA,NA,NA,2023,0.5
"2","2.5","V",NA,NA,NA,NA,NA,"<1","<1",1,"<0.5",NA,NA,NA,0,"N","little to no herbivory",NA,2023-08-09,"YOSE7","SB",2024-02-01,NA,NA,NA,NA,NA,NA,NA,NA,NA,NA,NA,2023,0.5
"2","2.5","V",NA,NA,NA,NA,NA,"<1","<1",1,"<0.5",NA,NA,NA,0,"N","little to no herbivory",NA,2023-08-09,"YOSE7","SB",2024-02-01,NA,NA,NA,NA,NA,NA,NA,NA,NA,NA,NA,2023,0.5
"2","2.5","V",NA,NA,NA,NA,NA,"<1","<1",1,"<0.5",NA,NA,NA,0,"N","little to no herbivory",NA,2023-08-09,"YOSE7","SB",2024-02-01,NA,NA,NA,NA,NA,NA,NA,NA,NA,NA,NA,2023,0.5
"2","2.5","V",NA,NA,NA,NA,NA,"<1","<1",1,"<0.5",NA,NA,NA,0,"N","little to no herbivory",NA,2023-08-09,"YOSE7","SB",2024-02-01,NA,NA,NA,NA,NA,NA,NA,NA,NA,NA,NA,2023,0.5
"2","2.5","V",NA,NA,NA,NA,NA,"<1","<1",1,"<0.5",NA,NA,NA,0,"N","little to no herbivory",NA,2023-08-09,"YOSE7","SB",2024-02-01,NA,NA,NA,NA,NA,NA,NA,NA,NA,NA,NA,2023,0.5
"2","2.5","V",NA,NA,NA,NA,NA,"<1","<1",1,"<0.5",NA,NA,NA,0,"N","little to no herbivory",NA,2023-08-09,"YOSE7","SB",2024-02-01,NA,NA,NA,NA,NA,NA,NA,NA,NA,NA,NA,2023,0.5
"2","2.5","V",NA,NA,NA,NA,NA,"<1","<1",1,"<0.5",NA,NA,NA,0,"N","little to no herbivory",NA,2023-08-09,"YOSE7","SB",2024-02-01,NA,NA,NA,NA,NA,NA,NA,NA,NA,NA,NA,2023,0.5
"2","2.5","V",NA,NA,NA,NA,NA,"<1","<1",1,"<0.5",NA,NA,NA,0,"N","little to no herbivory",NA,2023-08-09,"YOSE7","SB",2024-02-01,NA,NA,NA,NA,NA,NA,NA,NA,NA,NA,NA,2023,0.5
"2","2.5","V",NA,NA,NA,NA,NA,"<1","<1",1,"<0.5",NA,NA,NA,0,"N","little to no herbivory",NA,2023-08-09,"YOSE7","SB",2024-02-01,NA,NA,NA,NA,NA,NA,NA,NA,NA,NA,NA,2023,0.5
"2","2.5","V",NA,NA,NA,NA,NA,"<1","<1",1,"<0.5",NA,NA,NA,0,"N","little to no herbivory",NA,2023-08-09,"YOSE7","SB",2024-02-01,NA,NA,NA,NA,NA,NA,NA,NA,NA,NA,NA,2023,0.5
"2","2.5","V",NA,NA,NA,NA,NA,"<1","<1",1,"<0.5",NA,NA,NA,0,"N","little to no herbivory",NA,2023-08-09,"YOSE7","SB",2024-02-01,NA,NA,NA,NA,NA,NA,NA,NA,NA,NA,NA,2023,0.5
"2","2.5","V",NA,NA,NA,NA,NA,"<1","<1",1,"<0.5",NA,NA,NA,0,"N","little to no herbivory",NA,2023-08-09,"YOSE7","SB",2024-02-01,NA,NA,NA,NA,NA,NA,NA,NA,NA,NA,NA,2023,0.5
"2","2.5","V",NA,NA,NA,NA,NA,"<1","<1",1,"<0.5",NA,NA,NA,0,"N","little to no herbivory",NA,2023-08-09,"YOSE7","SB",2024-02-01,NA,NA,NA,NA,NA,NA,NA,NA,NA,NA,NA,2023,0.5
"2","2.5","V",NA,NA,NA,NA,NA,"<1","<1",1,"<0.5",NA,NA,NA,0,"N","little to no herbivory",NA,2023-08-09,"YOSE7","SB",2024-02-01,NA,NA,NA,NA,NA,NA,NA,NA,NA,NA,NA,2023,0.5
"2","2.5","V",NA,NA,NA,NA,NA,"<1","<1",1,"<0.5",NA,NA,NA,0,"N","little to no herbivory",NA,2023-08-09,"YOSE7","SB",2024-02-01,NA,NA,NA,NA,NA,NA,NA,NA,NA,NA,NA,2023,0.5
"2","2.5","V",NA,NA,NA,NA,NA,"<1","<1",1,"<0.5",NA,NA,NA,0,"N","little to no herbivory",NA,2023-08-09,"YOSE7","SB",2024-02-01,NA,NA,NA,NA,NA,NA,NA,NA,NA,NA,NA,2023,0.5
"2","2.5","V",NA,NA,NA,NA,NA,"<1","<1",1,"<0.5",NA,NA,NA,0,"N","little to no herbivory",NA,2023-08-09,"YOSE7","SB",2024-02-01,NA,NA,NA,NA,NA,NA,NA,NA,NA,NA,NA,2023,0.5
"2","2.5","V",NA,NA,NA,NA,NA,"<1","<1",1,"<0.5",NA,NA,NA,0,"N","little to no herbivory",NA,2023-08-09,"YOSE7","SB",2024-02-01,NA,NA,NA,NA,NA,NA,NA,NA,NA,NA,NA,2023,0.5
"2","2.5","V",NA,NA,NA,NA,NA,"<1","<1",1,"<0.5",NA,NA,NA,0,"N","little to no herbivory",NA,2023-08-09,"YOSE7","SB",2024-02-01,NA,NA,NA,NA,NA,NA,NA,NA,NA,NA,NA,2023,0.5
"2","2.5","V",NA,NA,NA,NA,NA,"<1","<1",1,"<0.5",NA,NA,NA,0,"N","little to no herbivory",NA,2023-08-09,"YOSE7","SB",2024-02-01,NA,NA,NA,NA,NA,NA,NA,NA,NA,NA,NA,2023,0.5
"2","2.5","V",NA,NA,NA,NA,NA,"<1","<1",1,"<0.5",NA,NA,NA,0,"N","little to no herbivory",NA,2023-08-09,"YOSE7","SB",2024-02-01,NA,NA,NA,NA,NA,NA,NA,NA,NA,NA,NA,2023,0.5
"2","2.5","V",NA,NA,NA,NA,NA,"<1","<1",1,"<0.5",NA,NA,NA,0,"N","little to no herbivory",NA,2023-08-09,"YOSE7","SB",2024-02-01,NA,NA,NA,NA,NA,NA,NA,NA,NA,NA,NA,2023,0.5
"2","2.5","V",NA,NA,NA,NA,NA,"<1","<1",1,"<0.5",NA,NA,NA,0,"N","little to no herbivory",NA,2023-08-09,"YOSE7","SB",2024-02-01,NA,NA,NA,NA,NA,NA,NA,NA,NA,NA,NA,2023,0.5
"2","2.5","V",NA,NA,NA,NA,NA,"<1","<1",1,"<0.5",NA,NA,NA,0,"N","little to no herbivory",NA,2023-08-09,"YOSE7","SB",2024-02-01,NA,NA,NA,NA,NA,NA,NA,NA,NA,NA,NA,2023,0.5
"2","2.5","V",NA,NA,NA,NA,NA,"<1","<1",1,"<0.5",NA,NA,NA,0,"N","little to no herbivory",NA,2023-08-09,"YOSE7","SB",2024-02-01,NA,NA,NA,NA,NA,NA,NA,NA,NA,NA,NA,2023,0.5
"2","2.5","V",NA,NA,NA,NA,NA,"<1","<1",1,"<0.5",NA,NA,NA,0,"N","little to no herbivory",NA,2023-08-09,"YOSE7","SB",2024-02-01,NA,NA,NA,NA,NA,NA,NA,NA,NA,NA,NA,2023,0.5
"2","2.5","V",NA,NA,NA,NA,NA,"<1","<1",1,"<0.5",NA,NA,NA,0,"N","little to no herbivory",NA,2023-08-09,"YOSE7","SB",2024-02-01,NA,NA,NA,NA,NA,NA,NA,NA,NA,NA,NA,2023,0.5
"2","2.5","V",NA,NA,NA,NA,NA,"<1","<1",1,"<0.5",NA,NA,NA,0,"N","little to no herbivory",NA,2023-08-09,"YOSE7","SB",2024-02-01,NA,NA,NA,NA,NA,NA,NA,NA,NA,NA,NA,2023,0.5
"2","2.5","V",NA,NA,NA,NA,NA,"<1","<1",1,"<0.5",NA,NA,NA,0,"N","little to no herbivory",NA,2023-08-09,"YOSE7","SB",2024-02-01,NA,NA,NA,NA,NA,NA,NA,NA,NA,NA,NA,2023,0.5
"2","2.5","V",NA,NA,NA,NA,NA,"<1","<1",1,"<0.5",NA,NA,NA,0,"N","little to no herbivory",NA,2023-08-09,"YOSE7","SB",2024-02-01,NA,NA,NA,NA,NA,NA,NA,NA,NA,NA,NA,2023,0.5
"2","2.5","V",NA,NA,NA,NA,NA,"<1","<1",1,"<0.5",NA,NA,NA,0,"N","little to no herbivory",NA,2023-08-09,"YOSE7","SB",2024-02-01,NA,NA,NA,NA,NA,NA,NA,NA,NA,NA,NA,2023,0.5
"2","2.5","V",NA,NA,NA,NA,NA,"<1","<1",1,"<0.5",NA,NA,NA,0,"N","little to no herbivory",NA,2023-08-09,"YOSE7","SB",2024-02-01,NA,NA,NA,NA,NA,NA,NA,NA,NA,NA,NA,2023,0.5
"2","2.5","V",NA,NA,NA,NA,NA,"<1","<1",1,"<0.5",NA,NA,NA,0,"N","little to no herbivory",NA,2023-08-09,"YOSE7","SB",2024-02-01,NA,NA,NA,NA,NA,NA,NA,NA,NA,NA,NA,2023,0.5
"2","2.5","V",NA,NA,NA,NA,NA,"<1","<1",1,"<0.5",NA,NA,NA,0,"N","little to no herbivory",NA,2023-08-09,"YOSE7","SB",2024-02-01,NA,NA,NA,NA,NA,NA,NA,NA,NA,NA,NA,2023,0.5
"2","2.5","V",NA,NA,NA,NA,NA,"<1","<1",1,"<0.5",NA,NA,NA,0,"N","little to no herbivory",NA,2023-08-09,"YOSE7","SB",2024-02-01,NA,NA,NA,NA,NA,NA,NA,NA,NA,NA,NA,2023,0.5
"2","2.5","V",NA,NA,NA,NA,NA,"<1","<1",1,"<0.5",NA,NA,NA,0,"N","little to no herbivory",NA,2023-08-09,"YOSE7","SB",2024-02-01,NA,NA,NA,NA,NA,NA,NA,NA,NA,NA,NA,2023,0.5
"2","2.5","V",NA,NA,NA,NA,NA,"<1","<1",1,"<0.5",NA,NA,NA,0,"N","little to no herbivory",NA,2023-08-09,"YOSE7","SB",2024-02-01,NA,NA,NA,NA,NA,NA,NA,NA,NA,NA,NA,2023,0.5
"2","2.5","V",NA,NA,NA,NA,NA,"<1","<1",1,"<0.5",NA,NA,NA,0,"N","little to no herbivory",NA,2023-08-09,"YOSE7","SB",2024-02-01,NA,NA,NA,NA,NA,NA,NA,NA,NA,NA,NA,2023,0.5
"2","2.5","V",NA,NA,NA,NA,NA,"<1","<1",1,"<0.5",NA,NA,NA,0,"N","little to no herbivory",NA,2023-08-09,"YOSE7","SB",2024-02-01,NA,NA,NA,NA,NA,NA,NA,NA,NA,NA,NA,2023,0.5
"2","2.5","V",NA,NA,NA,NA,NA,"<1","<1",1,"<0.5",NA,NA,NA,0,"N","little to no herbivory",NA,2023-08-09,"YOSE7","SB",2024-02-01,NA,NA,NA,NA,NA,NA,NA,NA,NA,NA,NA,2023,0.5
"2","2.5","V",NA,NA,NA,NA,NA,"<1","<1",1,"<0.5",NA,NA,NA,0,"N","little to no herbivory",NA,2023-08-09,"YOSE7","SB",2024-02-01,NA,NA,NA,NA,NA,NA,NA,NA,NA,NA,NA,2023,0.5
"2","2.5","V",NA,NA,NA,NA,NA,"<1","<1",1,"<0.5",NA,NA,NA,0,"N","little to no herbivory",NA,2023-08-09,"YOSE7","SB",2024-02-01,NA,NA,NA,NA,NA,NA,NA,NA,NA,NA,NA,2023,0.5
"2","2.5","V",NA,NA,NA,NA,NA,"<1","<1",1,"<0.5",NA,NA,NA,0,"N","little to no herbivory",NA,2023-08-09,"YOSE7","SB",2024-02-01,NA,NA,NA,NA,NA,NA,NA,NA,NA,NA,NA,2023,0.5
"2","2.5","V",NA,NA,NA,NA,NA,"<1","<1",1,"<0.5",NA,NA,NA,0,"N","little to no herbivory",NA,2023-08-09,"YOSE7","SB",2024-02-01,NA,NA,NA,NA,NA,NA,NA,NA,NA,NA,NA,2023,0.5
"2","2.5","V",NA,NA,NA,NA,NA,"<1","<1",1,"<0.5",NA,NA,NA,0,"N","little to no herbivory",NA,2023-08-09,"YOSE7","SB",2024-02-01,NA,NA,NA,NA,NA,NA,NA,NA,NA,NA,NA,2023,0.5
"2","2.5","V",NA,NA,NA,NA,NA,"<1","<1",1,"<0.5",NA,NA,NA,0,"N","little to no herbivory",NA,2023-08-09,"YOSE7","SB",2024-02-01,NA,NA,NA,NA,NA,NA,NA,NA,NA,NA,NA,2023,0.5
"2","2.5","V",NA,NA,NA,NA,NA,"<1","<1",1,"<0.5",NA,NA,NA,0,"N","little to no herbivory",NA,2023-08-09,"YOSE7","SB",2024-02-01,NA,NA,NA,NA,NA,NA,NA,NA,NA,NA,NA,2023,0.5
"2","2.5","V",NA,NA,NA,NA,NA,"<1","<1",1,"<0.5",NA,NA,NA,0,"N","little to no herbivory",NA,2023-08-09,"YOSE7","SB",2024-02-01,NA,NA,NA,NA,NA,NA,NA,NA,NA,NA,NA,2023,0.5
"2","2.5","V",NA,NA,NA,NA,NA,"<1","<1",1,"<0.5",NA,NA,NA,0,"N","little to no herbivory",NA,2023-08-09,"YOSE7","SB",2024-02-01,NA,NA,NA,NA,NA,NA,NA,NA,NA,NA,NA,2023,0.5
"2","2.5","V",NA,NA,NA,NA,NA,"<1","<1",1,"<0.5",NA,NA,NA,0,"N","little to no herbivory",NA,2023-08-09,"YOSE7","SB",2024-02-01,NA,NA,NA,NA,NA,NA,NA,NA,NA,NA,NA,2023,0.5
"2","2.5","V",NA,NA,NA,NA,NA,"<1","<1",1,"<0.5",NA,NA,NA,0,"N","little to no herbivory",NA,2023-08-09,"YOSE7","SB",2024-02-01,NA,NA,NA,NA,NA,NA,NA,NA,NA,NA,NA,2023,0.5
"2","2.5","V",NA,NA,NA,NA,NA,"<1","<1",1,"<0.5",NA,NA,NA,0,"N","little to no herbivory",NA,2023-08-09,"YOSE7","SB",2024-02-01,NA,NA,NA,NA,NA,NA,NA,NA,NA,NA,NA,2023,0.5
"2","2.5","V",NA,NA,NA,NA,NA,"<1","<1",1,"<0.5",NA,NA,NA,0,"N","little to no herbivory",NA,2023-08-09,"YOSE7","SB",2024-02-01,NA,NA,NA,NA,NA,NA,NA,NA,NA,NA,NA,2023,0.5
"2","2.5","V",NA,NA,NA,NA,NA,"<1","<1",1,"<0.5",NA,NA,NA,0,"N","little to no herbivory",NA,2023-08-09,"YOSE7","SB",2024-02-01,NA,NA,NA,NA,NA,NA,NA,NA,NA,NA,NA,2023,0.5
"2","2.5","V",NA,NA,NA,NA,NA,"<1","<1",1,"<0.5",NA,NA,NA,0,"N","little to no herbivory",NA,2023-08-09,"YOSE7","SB",2024-02-01,NA,NA,NA,NA,NA,NA,NA,NA,NA,NA,NA,2023,0.5
"2","2.5","V",NA,NA,NA,NA,NA,"<1","<1",1,"<0.5",NA,NA,NA,0,"N","little to no herbivory",NA,2023-08-09,"YOSE7","SB",2024-02-01,NA,NA,NA,NA,NA,NA,NA,NA,NA,NA,NA,2023,0.5
"2","2.5","V",NA,NA,NA,NA,NA,"<1","<1",1,"<0.5",NA,NA,NA,0,"N","little to no herbivory",NA,2023-08-09,"YOSE7","SB",2024-02-01,NA,NA,NA,NA,NA,NA,NA,NA,NA,NA,NA,2023,0.5
"2","2.5","V",NA,NA,NA,NA,NA,"<1","<1",1,"<0.5",NA,NA,NA,0,"N","little to no herbivory",NA,2023-08-09,"YOSE7","SB",2024-02-01,NA,NA,NA,NA,NA,NA,NA,NA,NA,NA,NA,2023,0.5
"2","2.5","V",NA,NA,NA,NA,NA,"<1","<1",1,"<0.5",NA,NA,NA,0,"N","little to no herbivory",NA,2023-08-09,"YOSE7","SB",2024-02-01,NA,NA,NA,NA,NA,NA,NA,NA,NA,NA,NA,2023,0.5
"2","2.5","V",NA,NA,NA,NA,NA,"<1","<1",1,"<0.5",NA,NA,NA,0,"N","little to no herbivory",NA,2023-08-09,"YOSE7","SB",2024-02-01,NA,NA,NA,NA,NA,NA,NA,NA,NA,NA,NA,2023,0.5
"2","2.5","V",NA,NA,NA,NA,NA,"<1","<1",1,"<0.5",NA,NA,NA,0,"N","little to no herbivory",NA,2023-08-09,"YOSE7","SB",2024-02-01,NA,NA,NA,NA,NA,NA,NA,NA,NA,NA,NA,2023,0.5
"2","2.5","V",NA,NA,NA,NA,NA,"<1","<1",1,"<0.5",NA,NA,NA,0,"N","little to no herbivory",NA,2023-08-09,"YOSE7","SB",2024-02-01,NA,NA,NA,NA,NA,NA,NA,NA,NA,NA,NA,2023,0.5
"2","2.5","V",NA,NA,NA,NA,NA,"<1","<1",1,"<0.5",NA,NA,NA,0,"N","little to no herbivory",NA,2023-08-09,"YOSE7","SB",2024-02-01,NA,NA,NA,NA,NA,NA,NA,NA,NA,NA,NA,2023,0.5
"2","2.5","V",NA,NA,NA,NA,NA,"<1","<1",1,"<0.5",NA,NA,NA,0,"N","little to no herbivory",NA,2023-08-09,"YOSE7","SB",2024-02-01,NA,NA,NA,NA,NA,NA,NA,NA,NA,NA,NA,2023,0.5
"2","2.5","V",NA,NA,NA,NA,NA,"<1","<1",1,"<0.5",NA,NA,NA,0,"N","little to no herbivory",NA,2023-08-09,"YOSE7","SB",2024-02-01,NA,NA,NA,NA,NA,NA,NA,NA,NA,NA,NA,2023,0.5
"2","2.5","V",NA,NA,NA,NA,NA,"<1","<1",1,"<0.5",NA,NA,NA,0,"N","little to no herbivory",NA,2023-08-09,"YOSE7","SB",2024-02-01,NA,NA,NA,NA,NA,NA,NA,NA,NA,NA,NA,2023,0.5
"2","2.5","V",NA,NA,NA,NA,NA,"<1","<1",1,"<0.5",NA,NA,NA,0,"N","little to no herbivory",NA,2023-08-09,"YOSE7","SB",2024-02-01,NA,NA,NA,NA,NA,NA,NA,NA,NA,NA,NA,2023,0.5
"2","2.5","V",NA,NA,NA,NA,NA,"<1","<1",1,"<0.5",NA,NA,NA,0,"N","little to no herbivory",NA,2023-08-09,"YOSE7","SB",2024-02-01,NA,NA,NA,NA,NA,NA,NA,NA,NA,NA,NA,2023,0.5
"2","2.5","V",NA,NA,NA,NA,NA,"<1","<1",1,"<0.5",NA,NA,NA,0,"N","little to no herbivory",NA,2023-08-09,"YOSE7","SB",2024-02-01,NA,NA,NA,NA,NA,NA,NA,NA,NA,NA,NA,2023,0.5
"2","2.5","V",NA,NA,NA,NA,NA,"<1","<1",1,"<0.5",NA,NA,NA,0,"N","little to no herbivory",NA,2023-08-09,"YOSE7","SB",2024-02-01,NA,NA,NA,NA,NA,NA,NA,NA,NA,NA,NA,2023,0.5
"2","2.5","V",NA,NA,NA,NA,NA,"<1","<1",1,"<0.5",NA,NA,NA,0,"N","little to no herbivory",NA,2023-08-09,"YOSE7","SB",2024-02-01,NA,NA,NA,NA,NA,NA,NA,NA,NA,NA,NA,2023,0.5
"2","2.5","V",NA,NA,NA,NA,NA,"<1","<1",1,"<0.5",NA,NA,NA,0,"N","little to no herbivory",NA,2023-08-09,"YOSE7","SB",2024-02-01,NA,NA,NA,NA,NA,NA,NA,NA,NA,NA,NA,2023,0.5
"2","2.5","V",NA,NA,NA,NA,NA,"<1","<1",1,"<0.5",NA,NA,NA,0,"N","little to no herbivory",NA,2023-08-09,"YOSE7","SB",2024-02-01,NA,NA,NA,NA,NA,NA,NA,NA,NA,NA,NA,2023,0.5
"2","2.5","V",NA,NA,NA,NA,NA,"<1","<1",1,"<0.5",NA,NA,NA,0,"N","little to no herbivory",NA,2023-08-09,"YOSE7","SB",2024-02-01,NA,NA,NA,NA,NA,NA,NA,NA,NA,NA,NA,2023,0.5
"2","2.5","V",NA,NA,NA,NA,NA,"<1","<1",1,"<0.5",NA,NA,NA,0,"N","little to no herbivory",NA,2023-08-09,"YOSE7","SB",2024-02-01,NA,NA,NA,NA,NA,NA,NA,NA,NA,NA,NA,2023,0.5
"2","2.5","V",NA,NA,NA,NA,NA,"<1","<1",1,"<0.5",NA,NA,NA,0,"N","little to no herbivory",NA,2023-08-09,"YOSE7","SB",2024-02-01,NA,NA,NA,NA,NA,NA,NA,NA,NA,NA,NA,2023,0.5
"2","2.5","V",NA,NA,NA,NA,NA,"<1","<1",1,"<0.5",NA,NA,NA,0,"N","little to no herbivory",NA,2023-08-09,"YOSE7","SB",2024-02-01,NA,NA,NA,NA,NA,NA,NA,NA,NA,NA,NA,2023,0.5
"2","2.5","V",NA,NA,NA,NA,NA,"<1","<1",1,"<0.5",NA,NA,NA,0,"N","little to no herbivory",NA,2023-08-09,"YOSE7","SB",2024-02-01,NA,NA,NA,NA,NA,NA,NA,NA,NA,NA,NA,2023,0.5
"2","2.5","V",NA,NA,NA,NA,NA,"<1","<1",1,"<0.5",NA,NA,NA,0,"N","little to no herbivory",NA,2023-08-09,"YOSE7","SB",2024-02-01,NA,NA,NA,NA,NA,NA,NA,NA,NA,NA,NA,2023,0.5
"2","2.5","V",NA,NA,NA,NA,NA,"<1","<1",1,"<0.5",NA,NA,NA,0,"N","little to no herbivory",NA,2023-08-09,"YOSE7","SB",2024-02-01,NA,NA,NA,NA,NA,NA,NA,NA,NA,NA,NA,2023,0.5
"2","2.5","V",NA,NA,NA,NA,NA,"<1","<1",1,"<0.5",NA,NA,NA,0,"N","little to no herbivory",NA,2023-08-09,"YOSE7","SB",2024-02-01,NA,NA,NA,NA,NA,NA,NA,NA,NA,NA,NA,2023,0.5
"2","2.5","V",NA,NA,NA,NA,NA,"<1","<1",1,"<0.5",NA,NA,NA,0,"N","little to no herbivory",NA,2023-08-09,"YOSE7","SB",2024-02-01,NA,NA,NA,NA,NA,NA,NA,NA,NA,NA,NA,2023,0.5
"2","2.5","V",NA,NA,NA,NA,NA,"<1","<1",1,"<0.5",NA,NA,NA,0,"N","little to no herbivory",NA,2023-08-09,"YOSE7","SB",2024-02-01,NA,NA,NA,NA,NA,NA,NA,NA,NA,NA,NA,2023,0.5
"2","2.5","V",NA,NA,NA,NA,NA,"<1","<1",1,"<0.5",NA,NA,NA,0,"N","little to no herbivory",NA,2023-08-09,"YOSE7","SB",2024-02-01,NA,NA,NA,NA,NA,NA,NA,NA,NA,NA,NA,2023,0.5
"2","2.5","V",NA,NA,NA,NA,NA,"<1","<1",1,"<0.5",NA,NA,NA,0,"N","little to no herbivory",NA,2023-08-09,"YOSE7","SB",2024-02-01,NA,NA,NA,NA,NA,NA,NA,NA,NA,NA,NA,2023,0.5
"2","2.5","V",NA,NA,NA,NA,NA,"<1","<1",1,"<0.5",NA,NA,NA,0,"N","little to no herbivory",NA,2023-08-09,"YOSE7","SB",2024-02-01,NA,NA,NA,NA,NA,NA,NA,NA,NA,NA,NA,2023,0.5
"2","2.5","V",NA,NA,NA,NA,NA,"<1","<1",1,"<0.5",NA,NA,NA,0,"N","little to no herbivory",NA,2023-08-09,"YOSE7","SB",2024-02-01,NA,NA,NA,NA,NA,NA,NA,NA,NA,NA,NA,2023,0.5
"2","2.5","V",NA,NA,NA,NA,NA,"<1","<1",1,"<0.5",NA,NA,NA,0,"N","little to no herbivory",NA,2023-08-09,"YOSE7","SB",2024-02-01,NA,NA,NA,NA,NA,NA,NA,NA,NA,NA,NA,2023,0.5
"2","2.5","V",NA,NA,NA,NA,NA,"<1","<1",1,"<0.5",NA,NA,NA,0,"N","little to no herbivory",NA,2023-08-09,"YOSE7","SB",2024-02-01,NA,NA,NA,NA,NA,NA,NA,NA,NA,NA,NA,2023,0.5
"2","2.5","V",NA,NA,NA,NA,NA,"<1","<1",1,"<0.5",NA,NA,NA,0,"N","little to no herbivory",NA,2023-08-09,"YOSE7","SB",2024-02-01,NA,NA,NA,NA,NA,NA,NA,NA,NA,NA,NA,2023,0.5
"2","2.5","V",NA,NA,NA,NA,NA,"<1","<1",1,"<0.5",NA,NA,NA,0,"N","little to no herbivory",NA,2023-08-09,"YOSE7","SB",2024-02-01,NA,NA,NA,NA,NA,NA,NA,NA,NA,NA,NA,2023,0.5
"2","2.5","V",NA,NA,NA,NA,NA,"<1","<1",1,"<0.5",NA,NA,NA,0,"N","little to no herbivory",NA,2023-08-09,"YOSE7","SB",2024-02-01,NA,NA,NA,NA,NA,NA,NA,NA,NA,NA,NA,2023,0.5
"2","2.5","V",NA,NA,NA,NA,NA,"<1","<1",1,"<0.5",NA,NA,NA,0,"N","little to no herbivory",NA,2023-08-09,"YOSE7","SB",2024-02-01,NA,NA,NA,NA,NA,NA,NA,NA,NA,NA,NA,2023,0.5
"2","2.5","V",NA,NA,NA,NA,NA,"<1","<1",1,"<0.5",NA,NA,NA,0,"N","little to no herbivory",NA,2023-08-09,"YOSE7","SB",2024-02-01,NA,NA,NA,NA,NA,NA,NA,NA,NA,NA,NA,2023,0.5
"2","2.5","V",NA,NA,NA,NA,NA,"<1","<1",1,"<0.5",NA,NA,NA,0,"N","little to no herbivory",NA,2023-08-09,"YOSE7","SB",2024-02-01,NA,NA,NA,NA,NA,NA,NA,NA,NA,NA,NA,2023,0.5
"2","2.5","V",NA,NA,NA,NA,NA,"<1","<1",1,"<0.5",NA,NA,NA,0,"N","little to no herbivory",NA,2023-08-09,"YOSE7","SB",2024-02-01,NA,NA,NA,NA,NA,NA,NA,NA,NA,NA,NA,2023,0.5
"2","2.5","V",NA,NA,NA,NA,NA,"<1","<1",1,"<0.5",NA,NA,NA,0,"N","little to no herbivory",NA,2023-08-09,"YOSE7","SB",2024-02-01,NA,NA,NA,NA,NA,NA,NA,NA,NA,NA,NA,2023,0.5
"2","2.5","V",NA,NA,NA,NA,NA,"<1","<1",1,"<0.5",NA,NA,NA,0,"N","little to no herbivory",NA,2023-08-09,"YOSE7","SB",2024-02-01,NA,NA,NA,NA,NA,NA,NA,NA,NA,NA,NA,2023,0.5
"2","2.5","V",NA,NA,NA,NA,NA,"<1","<1",1,"<0.5",NA,NA,NA,0,"N","little to no herbivory",NA,2023-08-09,"YOSE7","SB",2024-02-01,NA,NA,NA,NA,NA,NA,NA,NA,NA,NA,NA,2023,0.5
"2","2.5","V",NA,NA,NA,NA,NA,"<1","<1",1,"<0.5",NA,NA,NA,0,"N","little to no herbivory",NA,2023-08-09,"YOSE7","SB",2024-02-01,NA,NA,NA,NA,NA,NA,NA,NA,NA,NA,NA,2023,0.5
"2","2.5","V",NA,NA,NA,NA,NA,"<1","<1",1,"<0.5",NA,NA,NA,0,"N","little to no herbivory",NA,2023-08-09,"YOSE7","SB",2024-02-01,NA,NA,NA,NA,NA,NA,NA,NA,NA,NA,NA,2023,0.5
"2","2.5","V",NA,NA,NA,NA,NA,"<1","<1",1,"<0.5",NA,NA,NA,0,"N","little to no herbivory",NA,2023-08-09,"YOSE7","SB",2024-02-01,NA,NA,NA,NA,NA,NA,NA,NA,NA,NA,NA,2023,0.5
"2","2.5","V",NA,NA,NA,NA,NA,"<1","<1",1,"<0.5",NA,NA,NA,0,"N","little to no herbivory",NA,2023-08-09,"YOSE7","SB",2024-02-01,NA,NA,NA,NA,NA,NA,NA,NA,NA,NA,NA,2023,0.5
"2","2.5","V",NA,NA,NA,NA,NA,"<1","<1",1,"<0.5",NA,NA,NA,0,"N","little to no herbivory",NA,2023-08-09,"YOSE7","SB",2024-02-01,NA,NA,NA,NA,NA,NA,NA,NA,NA,NA,NA,2023,0.5
"2","2.5","V",NA,NA,NA,NA,NA,"<1","<1",1,"<0.5",NA,NA,NA,0,"N","little to no herbivory",NA,2023-08-09,"YOSE7","SB",2024-02-01,NA,NA,NA,NA,NA,NA,NA,NA,NA,NA,NA,2023,0.5
"2","2.5","V",NA,NA,NA,NA,NA,"<1","<1",1,"<0.5",NA,NA,NA,0,"N","little to no herbivory",NA,2023-08-09,"YOSE7","SB",2024-02-01,NA,NA,NA,NA,NA,NA,NA,NA,NA,NA,NA,2023,0.5
"2","2.5","V",NA,NA,NA,NA,NA,"<1","<1",1,"<0.5",NA,NA,NA,0,"N","little to no herbivory",NA,2023-08-09,"YOSE7","SB",2024-02-01,NA,NA,NA,NA,NA,NA,NA,NA,NA,NA,NA,2023,0.5
"2","2.5","V",NA,NA,NA,NA,NA,"<1","<1",1,"<0.5",NA,NA,NA,0,"N","little to no herbivory",NA,2023-08-09,"YOSE7","SB",2024-02-01,NA,NA,NA,NA,NA,NA,NA,NA,NA,NA,NA,2023,0.5
"2","2.5","V",NA,NA,NA,NA,NA,"<1","<1",1,"<0.5",NA,NA,NA,0,"N","little to no herbivory",NA,2023-08-09,"YOSE7","SB",2024-02-01,NA,NA,NA,NA,NA,NA,NA,NA,NA,NA,NA,2023,0.5
"2","2.5","V",NA,NA,NA,NA,NA,"<1","<1",1,"<0.5",NA,NA,NA,0,"N","little to no herbivory",NA,2023-08-09,"YOSE7","SB",2024-02-01,NA,NA,NA,NA,NA,NA,NA,NA,NA,NA,NA,2023,0.5
"2","2.5","V",NA,NA,NA,NA,NA,"<1","<1",1,"<0.5",NA,NA,NA,0,"N","little to no herbivory",NA,2023-08-09,"YOSE7","SB",2024-02-01,NA,NA,NA,NA,NA,NA,NA,NA,NA,NA,NA,2023,0.5
"2","2.5","V",NA,NA,NA,NA,NA,"<1","<1",1,"<0.5",NA,NA,NA,0,"N","little to no herbivory",NA,2023-08-09,"YOSE7","SB",2024-02-01,NA,NA,NA,NA,NA,NA,NA,NA,NA,NA,NA,2023,0.5
"2","2.5","V",NA,NA,NA,NA,NA,"<1","<1",1,"<0.5",NA,NA,NA,0,"N","little to no herbivory",NA,2023-08-09,"YOSE7","SB",2024-02-01,NA,NA,NA,NA,NA,NA,NA,NA,NA,NA,NA,2023,0.5
"2","2.5","V",NA,NA,NA,NA,NA,"<1","<1",1,"<0.5",NA,NA,NA,0,"N","little to no herbivory",NA,2023-08-09,"YOSE7","SB",2024-02-01,NA,NA,NA,NA,NA,NA,NA,NA,NA,NA,NA,2023,0.5
"2","2.5","V",NA,NA,NA,NA,NA,"<1","<1",1,"<0.5",NA,NA,NA,0,"N","little to no herbivory",NA,2023-08-09,"YOSE7","SB",2024-02-01,NA,NA,NA,NA,NA,NA,NA,NA,NA,NA,NA,2023,0.5
"2","2.5","V",NA,NA,NA,NA,NA,"<1","<1",1,"<0.5",NA,NA,NA,0,"N","little to no herbivory",NA,2023-08-09,"YOSE7","SB",2024-02-01,NA,NA,NA,NA,NA,NA,NA,NA,NA,NA,NA,2023,0.5
"2","2.5","V",NA,NA,NA,NA,NA,"<1","<1",1,"<0.5",NA,NA,NA,0,"N","little to no herbivory",NA,2023-08-09,"YOSE7","SB",2024-02-01,NA,NA,NA,NA,NA,NA,NA,NA,NA,NA,NA,2023,0.5
"2","2.5","V",NA,NA,NA,NA,NA,"<1","<1",1,"<0.5",NA,NA,NA,0,"N","little to no herbivory",NA,2023-08-09,"YOSE7","SB",2024-02-01,NA,NA,NA,NA,NA,NA,NA,NA,NA,NA,NA,2023,0.5
"2","2.5","V",NA,NA,NA,NA,NA,"<1","<1",1,"<0.5",NA,NA,NA,0,"N","little to no herbivory",NA,2023-08-09,"YOSE7","SB",2024-02-01,NA,NA,NA,NA,NA,NA,NA,NA,NA,NA,NA,2023,0.5
"2","2.5","V",NA,NA,NA,NA,NA,"<1","<1",1,"<0.5",NA,NA,NA,0,"N","little to no herbivory",NA,2023-08-09,"YOSE7","SB",2024-02-01,NA,NA,NA,NA,NA,NA,NA,NA,NA,NA,NA,2023,0.5
"2","2.5","V",NA,NA,NA,NA,NA,"<1","<1",1,"<0.5",NA,NA,NA,0,"N","little to no herbivory",NA,2023-08-09,"YOSE7","SB",2024-02-01,NA,NA,NA,NA,NA,NA,NA,NA,NA,NA,NA,2023,0.5
"2","2.5","V",NA,NA,NA,NA,NA,"<1","<1",1,"<0.5",NA,NA,NA,0,"N","little to no herbivory",NA,2023-08-09,"YOSE7","SB",2024-02-01,NA,NA,NA,NA,NA,NA,NA,NA,NA,NA,NA,2023,0.5
"2","2.5","V",NA,NA,NA,NA,NA,"<1","<1",1,"<0.5",NA,NA,NA,0,"N","little to no herbivory",NA,2023-08-09,"YOSE7","SB",2024-02-01,NA,NA,NA,NA,NA,NA,NA,NA,NA,NA,NA,2023,0.5
"2","2.5","V",NA,NA,NA,NA,NA,"<1","<1",1,"<0.5",NA,NA,NA,0,"N","little to no herbivory",NA,2023-08-09,"YOSE7","SB",2024-02-01,NA,NA,NA,NA,NA,NA,NA,NA,NA,NA,NA,2023,0.5
"2","2.5","V",NA,NA,NA,NA,NA,"<1","<1",1,"<0.5",NA,NA,NA,0,"N","little to no herbivory",NA,2023-08-09,"YOSE7","SB",2024-02-01,NA,NA,NA,NA,NA,NA,NA,NA,NA,NA,NA,2023,0.5
"2","2.5","V",NA,NA,NA,NA,NA,"<1","<1",1,"<0.5",NA,NA,NA,0,"N","little to no herbivory",NA,2023-08-09,"YOSE7","SB",2024-02-01,NA,NA,NA,NA,NA,NA,NA,NA,NA,NA,NA,2023,0.5
"2","2.5","V",NA,NA,NA,NA,NA,"<1","<1",1,"<0.5",NA,NA,NA,0,"N","little to no herbivory",NA,2023-08-09,"YOSE7","SB",2024-02-01,NA,NA,NA,NA,NA,NA,NA,NA,NA,NA,NA,2023,0.5
"2","2.5","V",NA,NA,NA,NA,NA,"<1","<1",1,"<0.5",NA,NA,NA,0,"N","little to no herbivory",NA,2023-08-09,"YOSE7","SB",2024-02-01,NA,NA,NA,NA,NA,NA,NA,NA,NA,NA,NA,2023,0.5
"2","2.5","V",NA,NA,NA,NA,NA,"<1","<1",1,"<0.5",NA,NA,NA,0,"N","little to no herbivory",NA,2023-08-09,"YOSE7","SB",2024-02-01,NA,NA,NA,NA,NA,NA,NA,NA,NA,NA,NA,2023,0.5
"2","2.5","V",NA,NA,NA,NA,NA,"<1","<1",1,"<0.5",NA,NA,NA,0,"N","little to no herbivory",NA,2023-08-09,"YOSE7","SB",2024-02-01,NA,NA,NA,NA,NA,NA,NA,NA,NA,NA,NA,2023,0.5
"2","2.5","V",NA,NA,NA,NA,NA,"<1","<1",1,"<0.5",NA,NA,NA,0,"N","little to no herbivory",NA,2023-08-09,"YOSE7","SB",2024-02-01,NA,NA,NA,NA,NA,NA,NA,NA,NA,NA,NA,2023,0.5
"2","2.5","V",NA,NA,NA,NA,NA,"<1","<1",1,"<0.5",NA,NA,NA,0,"N","little to no herbivory",NA,2023-08-09,"YOSE7","SB",2024-02-01,NA,NA,NA,NA,NA,NA,NA,NA,NA,NA,NA,2023,0.5
"2","2.5","V",NA,NA,NA,NA,NA,"<1","<1",1,"<0.5",NA,NA,NA,0,"N","little to no herbivory",NA,2023-08-09,"YOSE7","SB",2024-02-01,NA,NA,NA,NA,NA,NA,NA,NA,NA,NA,NA,2023,0.5
"2","2.5","V",NA,NA,NA,NA,NA,"<1","<1",1,"<0.5",NA,NA,NA,0,"N","little to no herbivory",NA,2023-08-09,"YOSE7","SB",2024-02-01,NA,NA,NA,NA,NA,NA,NA,NA,NA,NA,NA,2023,0.5
"2","2.5","V",NA,NA,NA,NA,NA,"<1","<1",1,"<0.5",NA,NA,NA,0,"N","little to no herbivory",NA,2023-08-09,"YOSE7","SB",2024-02-01,NA,NA,NA,NA,NA,NA,NA,NA,NA,NA,NA,2023,0.5
"2","2.5","V",NA,NA,NA,NA,NA,"<1","<1",1,"<0.5",NA,NA,NA,0,"N","little to no herbivory",NA,2023-08-09,"YOSE7","SB",2024-02-01,NA,NA,NA,NA,NA,NA,NA,NA,NA,NA,NA,2023,0.5
"2","2.5","V",NA,NA,NA,NA,NA,"<1","<1",1,"<0.5",NA,NA,NA,0,"N","little to no herbivory",NA,2023-08-09,"YOSE7","SB",2024-02-01,NA,NA,NA,NA,NA,NA,NA,NA,NA,NA,NA,2023,0.5
"2","2.5","V",NA,NA,NA,NA,NA,"<1","<1",1,"<0.5",NA,NA,NA,0,"N","little to no herbivory",NA,2023-08-09,"YOSE7","SB",2024-02-01,NA,NA,NA,NA,NA,NA,NA,NA,NA,NA,NA,2023,0.5
"2","2.5","V",NA,NA,NA,NA,NA,"<1","<1",1,"<0.5",NA,NA,NA,0,"N","little to no herbivory",NA,2023-08-09,"YOSE7","SB",2024-02-01,NA,NA,NA,NA,NA,NA,NA,NA,NA,NA,NA,2023,0.5
"2","2.5","V",NA,NA,NA,NA,NA,"<1","<1",1,"<0.5",NA,NA,NA,0,"N","little to no herbivory",NA,2023-08-09,"YOSE7","SB",2024-02-01,NA,NA,NA,NA,NA,NA,NA,NA,NA,NA,NA,2023,0.5
"2","2.5","V",NA,NA,NA,NA,NA,"<1","<1",1,"<0.5",NA,NA,NA,0,"N","little to no herbivory",NA,2023-08-09,"YOSE7","SB",2024-02-01,NA,NA,NA,NA,NA,NA,NA,NA,NA,NA,NA,2023,0.5
"2","2.5","V",NA,NA,NA,NA,NA,"<1","<1",1,"<0.5",NA,NA,NA,0,"N","little to no herbivory",NA,2023-08-09,"YOSE7","SB",2024-02-01,NA,NA,NA,NA,NA,NA,NA,NA,NA,NA,NA,2023,0.5
"2","2.5","V",NA,NA,NA,NA,NA,"<1","<1",1,"<0.5",NA,NA,NA,0,"N","little to no herbivory",NA,2023-08-09,"YOSE7","SB",2024-02-01,NA,NA,NA,NA,NA,NA,NA,NA,NA,NA,NA,2023,0.5
"2","2.5","V",NA,NA,NA,NA,NA,"<1","<1",1,"<0.5",NA,NA,NA,0,"N","little to no herbivory",NA,2023-08-09,"YOSE7","SB",2024-02-01,NA,NA,NA,NA,NA,NA,NA,NA,NA,NA,NA,2023,0.5
"2","2.5","V",NA,NA,NA,NA,NA,"<1","<1",1,"<0.5",NA,NA,NA,0,"N","little to no herbivory",NA,2023-08-09,"YOSE7","SB",2024-02-01,NA,NA,NA,NA,NA,NA,NA,NA,NA,NA,NA,2023,0.5
"2","2.5","V",NA,NA,NA,NA,NA,"<1","<1",1,"<0.5",NA,NA,NA,0,"N","little to no herbivory",NA,2023-08-09,"YOSE7","SB",2024-02-01,NA,NA,NA,NA,NA,NA,NA,NA,NA,NA,NA,2023,0.5
"2","2.5","V",NA,NA,NA,NA,NA,"<1","<1",1,"<0.5",NA,NA,NA,0,"N","little to no herbivory",NA,2023-08-09,"YOSE7","SB",2024-02-01,NA,NA,NA,NA,NA,NA,NA,NA,NA,NA,NA,2023,0.5
"2","2.5","V",NA,NA,NA,NA,NA,"<1","<1",1,"<0.5",NA,NA,NA,0,"N","little to no herbivory",NA,2023-08-09,"YOSE7","SB",2024-02-01,NA,NA,NA,NA,NA,NA,NA,NA,NA,NA,NA,2023,0.5
"2","2.5","V",NA,NA,NA,NA,NA,"<1","<1",1,"<0.5",NA,NA,NA,0,"N","little to no herbivory",NA,2023-08-09,"YOSE7","SB",2024-02-01,NA,NA,NA,NA,NA,NA,NA,NA,NA,NA,NA,2023,0.5
"2","2.5","V",NA,NA,NA,NA,NA,"<1","<1",1,"<0.5",NA,NA,NA,0,"N","little to no herbivory",NA,2023-08-09,"YOSE7","SB",2024-02-01,NA,NA,NA,NA,NA,NA,NA,NA,NA,NA,NA,2023,0.5
"2","2.5","V",NA,NA,NA,NA,NA,"<1","<1",1,"<0.5",NA,NA,NA,0,"N","little to no herbivory",NA,2023-08-09,"YOSE7","SB",2024-02-01,NA,NA,NA,NA,NA,NA,NA,NA,NA,NA,NA,2023,0.5
"2","2.5","V",NA,NA,NA,NA,NA,"<1","<1",1,"<0.5",NA,NA,NA,0,"N","little to no herbivory",NA,2023-08-09,"YOSE7","SB",2024-02-01,NA,NA,NA,NA,NA,NA,NA,NA,NA,NA,NA,2023,0.5
"2","2.5","V",NA,NA,NA,NA,NA,"<1","<1",1,"<0.5",NA,NA,NA,0,"N","little to no herbivory",NA,2023-08-09,"YOSE7","SB",2024-02-01,NA,NA,NA,NA,NA,NA,NA,NA,NA,NA,NA,2023,0.5
"2","2.5","V",NA,NA,NA,NA,NA,"<1","<1",1,"<0.5",NA,NA,NA,0,"N","little to no herbivory",NA,2023-08-09,"YOSE7","SB",2024-02-01,NA,NA,NA,NA,NA,NA,NA,NA,NA,NA,NA,2023,0.5
"2","2.5","V",NA,NA,NA,NA,NA,"<1","<1",1,"<0.5",NA,NA,NA,0,"N","little to no herbivory",NA,2023-08-09,"YOSE7","SB",2024-02-01,NA,NA,NA,NA,NA,NA,NA,NA,NA,NA,NA,2023,0.5
"2","2.5","V",NA,NA,NA,NA,NA,"<1","<1",1,"<0.5",NA,NA,NA,0,"N","little to no herbivory",NA,2023-08-09,"YOSE7","SB",2024-02-01,NA,NA,NA,NA,NA,NA,NA,NA,NA,NA,NA,2023,0.5
"2","2.5","V",NA,NA,NA,NA,NA,"<1","<1",1,"<0.5",NA,NA,NA,0,"N","little to no herbivory",NA,2023-08-09,"YOSE7","SB",2024-02-01,NA,NA,NA,NA,NA,NA,NA,NA,NA,NA,NA,2023,0.5
"2","2.5","V",NA,NA,NA,NA,NA,"<1","<1",1,"<0.5",NA,NA,NA,0,"N","little to no herbivory",NA,2023-08-09,"YOSE7","SB",2024-02-01,NA,NA,NA,NA,NA,NA,NA,NA,NA,NA,NA,2023,0.5
"2","2.5","V",NA,NA,NA,NA,NA,"<1","<1",1,"<0.5",NA,NA,NA,0,"N","little to no herbivory",NA,2023-08-09,"YOSE7","SB",2024-02-01,NA,NA,NA,NA,NA,NA,NA,NA,NA,NA,NA,2023,0.5
"2","2.5","V",NA,NA,NA,NA,NA,"<1","<1",1,"<0.5",NA,NA,NA,0,"N","little to no herbivory",NA,2023-08-09,"YOSE7","SB",2024-02-01,NA,NA,NA,NA,NA,NA,NA,NA,NA,NA,NA,2023,0.5
"2","2.5","V",NA,NA,NA,NA,NA,"<1","<1",1,"<0.5",NA,NA,NA,0,"N","little to no herbivory",NA,2023-08-09,"YOSE7","SB",2024-02-01,NA,NA,NA,NA,NA,NA,NA,NA,NA,NA,NA,2023,0.5
"2","2.5","V",NA,NA,NA,NA,NA,"<1","<1",1,"<0.5",NA,NA,NA,0,"N","little to no herbivory",NA,2023-08-09,"YOSE7","SB",2024-02-01,NA,NA,NA,NA,NA,NA,NA,NA,NA,NA,NA,2023,0.5
"2","2.5","V",NA,NA,NA,NA,NA,"<1","<1",1,"<0.5",NA,NA,NA,0,"N","little to no herbivory",NA,2023-08-09,"YOSE7","SB",2024-02-01,NA,NA,NA,NA,NA,NA,NA,NA,NA,NA,NA,2023,0.5
"2","2.5","V",NA,NA,NA,NA,NA,"<1","<1",1,"<0.5",NA,NA,NA,0,"N","little to no herbivory",NA,2023-08-09,"YOSE7","SB",2024-02-01,NA,NA,NA,NA,NA,NA,NA,NA,NA,NA,NA,2023,0.5
"2","2.5","V",NA,NA,NA,NA,NA,"<1","<1",1,"<0.5",NA,NA,NA,0,"N","little to no herbivory",NA,2023-08-09,"YOSE7","SB",2024-02-01,NA,NA,NA,NA,NA,NA,NA,NA,NA,NA,NA,2023,0.5
"2","2.5","V",NA,NA,NA,NA,NA,"<1","<1",1,"<0.5",NA,NA,NA,0,"N","little to no herbivory",NA,2023-08-09,"YOSE7","SB",2024-02-01,NA,NA,NA,NA,NA,NA,NA,NA,NA,NA,NA,2023,0.5
"2","2.5","V",NA,NA,NA,NA,NA,"<1","<1",1,"<0.5",NA,NA,NA,0,"N","little to no herbivory",NA,2023-08-09,"YOSE7","SB",2024-02-01,NA,NA,NA,NA,NA,NA,NA,NA,NA,NA,NA,2023,0.5
"2","2.5","V",NA,NA,NA,NA,NA,"<1","<1",1,"<0.5",NA,NA,NA,0,"N","little to no herbivory",NA,2023-08-09,"YOSE7","SB",2024-02-01,NA,NA,NA,NA,NA,NA,NA,NA,NA,NA,NA,2023,0.5
"2","2.5","V",NA,NA,NA,NA,NA,"<1","<1",1,"<0.5",NA,NA,NA,0,"N","little to no herbivory",NA,2023-08-09,"YOSE7","SB",2024-02-01,NA,NA,NA,NA,NA,NA,NA,NA,NA,NA,NA,2023,0.5
"2","2.5","V",NA,NA,NA,NA,NA,"<1","<1",1,"<0.5",NA,NA,NA,0,"N","little to no herbivory",NA,2023-08-09,"YOSE7","SB",2024-02-01,NA,NA,NA,NA,NA,NA,NA,NA,NA,NA,NA,2023,0.5
"2","2.5","V",NA,NA,NA,NA,NA,"<1","<1",1,"<0.5",NA,NA,NA,0,"N","little to no herbivory",NA,2023-08-09,"YOSE7","SB",2024-02-01,NA,NA,NA,NA,NA,NA,NA,NA,NA,NA,NA,2023,0.5
"2","2.5","V",NA,NA,NA,NA,NA,"<1","<1",1,"<0.5",NA,NA,NA,0,"N","little to no herbivory",NA,2023-08-09,"YOSE7","SB",2024-02-01,NA,NA,NA,NA,NA,NA,NA,NA,NA,NA,NA,2023,0.5
"2","2.5","V",NA,NA,NA,NA,NA,"<1","<1",1,"<0.5",NA,NA,NA,0,"N","little to no herbivory",NA,2023-08-09,"YOSE7","SB",2024-02-01,NA,NA,NA,NA,NA,NA,NA,NA,NA,NA,NA,2023,0.5
"2","2.5","V",NA,NA,NA,NA,NA,"<1","<1",1,"<0.5",NA,NA,NA,0,"N","little to no herbivory",NA,2023-08-09,"YOSE7","SB",2024-02-01,NA,NA,NA,NA,NA,NA,NA,NA,NA,NA,NA,2023,0.5
"2","2.5","V",NA,NA,NA,NA,NA,"<1","<1",1,"<0.5",NA,NA,NA,0,"N","little to no herbivory",NA,2023-08-09,"YOSE7","SB",2024-02-01,NA,NA,NA,NA,NA,NA,NA,NA,NA,NA,NA,2023,0.5
"2","2.5","V",NA,NA,NA,NA,NA,"<1","<1",1,"<0.5",NA,NA,NA,0,"N","little to no herbivory",NA,2023-08-09,"YOSE7","SB",2024-02-01,NA,NA,NA,NA,NA,NA,NA,NA,NA,NA,NA,2023,0.5
"2","2.5","V",NA,NA,NA,NA,NA,"<1","<1",1,"<0.5",NA,NA,NA,0,"N","little to no herbivory",NA,2023-08-09,"YOSE7","SB",2024-02-01,NA,NA,NA,NA,NA,NA,NA,NA,NA,NA,NA,2023,0.5
"2","2.5","V",NA,NA,NA,NA,NA,"<1","<1",1,"<0.5",NA,NA,NA,0,"N","little to no herbivory",NA,2023-08-09,"YOSE7","SB",2024-02-01,NA,NA,NA,NA,NA,NA,NA,NA,NA,NA,NA,2023,0.5
"2","2.5","V",NA,NA,NA,NA,NA,"<1","<1",1,"<0.5",NA,NA,NA,0,"N","little to no herbivory",NA,2023-08-09,"YOSE7","SB",2024-02-01,NA,NA,NA,NA,NA,NA,NA,NA,NA,NA,NA,2023,0.5
"2","2.5","V",NA,NA,NA,NA,NA,"<1","<1",1,"<0.5",NA,NA,NA,0,"N","little to no herbivory",NA,2023-08-09,"YOSE7","SB",2024-02-01,NA,NA,NA,NA,NA,NA,NA,NA,NA,NA,NA,2023,0.5
"2","2.5","V",NA,NA,NA,NA,NA,"<1","<1",1,"<0.5",NA,NA,NA,0,"N","little to no herbivory",NA,2023-08-09,"YOSE7","SB",2024-02-01,NA,NA,NA,NA,NA,NA,NA,NA,NA,NA,NA,2023,0.5
"2","2.5","V",NA,NA,NA,NA,NA,"<1","<1",1,"<0.5",NA,NA,NA,0,"N","little to no herbivory",NA,2023-08-09,"YOSE7","SB",2024-02-01,NA,NA,NA,NA,NA,NA,NA,NA,NA,NA,NA,2023,0.5
"2","2.5","V",NA,NA,NA,NA,NA,"<1","<1",1,"<0.5",NA,NA,NA,0,"N","little to no herbivory",NA,2023-08-09,"YOSE7","SB",2024-02-01,NA,NA,NA,NA,NA,NA,NA,NA,NA,NA,NA,2023,0.5
"2","2.5","V",NA,NA,NA,NA,NA,"<1","<1",1,"<0.5",NA,NA,NA,0,"N","little to no herbivory",NA,2023-08-09,"YOSE7","SB",2024-02-01,NA,NA,NA,NA,NA,NA,NA,NA,NA,NA,NA,2023,0.5
"2","2.5","V",NA,NA,NA,NA,NA,"<1","<1",1,"<0.5",NA,NA,NA,0,"N","little to no herbivory",NA,2023-08-09,"YOSE7","SB",2024-02-01,NA,NA,NA,NA,NA,NA,NA,NA,NA,NA,NA,2023,0.5
"2","2.5","V",NA,NA,NA,NA,NA,"<1","<1",1,"<0.5",NA,NA,NA,0,"N","little to no herbivory",NA,2023-08-09,"YOSE7","SB",2024-02-01,NA,NA,NA,NA,NA,NA,NA,NA,NA,NA,NA,2023,0.5
"2","2.5","V",NA,NA,NA,NA,NA,"<1","<1",1,"<0.5",NA,NA,NA,0,"N","little to no herbivory",NA,2023-08-09,"YOSE7","SB",2024-02-01,NA,NA,NA,NA,NA,NA,NA,NA,NA,NA,NA,2023,0.5
"2","2.5","V",NA,NA,NA,NA,NA,"<1","<1",1,"<0.5",NA,NA,NA,0,"N","little to no herbivory",NA,2023-08-09,"YOSE7","SB",2024-02-01,NA,NA,NA,NA,NA,NA,NA,NA,NA,NA,NA,2023,0.5
"2","2.5","V",NA,NA,NA,NA,NA,"<1","<1",1,"<0.5",NA,NA,NA,0,"N","little to no herbivory",NA,2023-08-09,"YOSE7","SB",2024-02-01,NA,NA,NA,NA,NA,NA,NA,NA,NA,NA,NA,2023,0.5
"2","2.5","V",NA,NA,NA,NA,NA,"<1","<1",1,"<0.5",NA,NA,NA,0,"N","little to no herbivory",NA,2023-08-09,"YOSE7","SB",2024-02-01,NA,NA,NA,NA,NA,NA,NA,NA,NA,NA,NA,2023,0.5
"2","2.5","V",NA,NA,NA,NA,NA,"<1","<1",1,"<0.5",NA,NA,NA,0,"N","little to no herbivory",NA,2023-08-09,"YOSE7","SB",2024-02-01,NA,NA,NA,NA,NA,NA,NA,NA,NA,NA,NA,2023,0.5
"2","2.5","V",NA,NA,NA,NA,NA,"<1","<1",1,"<0.5",NA,NA,NA,0,"N","little to no herbivory",NA,2023-08-09,"YOSE7","SB",2024-02-01,NA,NA,NA,NA,NA,NA,NA,NA,NA,NA,NA,2023,0.5
"2","2.5","V",NA,NA,NA,NA,NA,"<1","<1",1,"<0.5",NA,NA,NA,0,"N","little to no herbivory",NA,2023-08-09,"YOSE7","SB",2024-02-01,NA,NA,NA,NA,NA,NA,NA,NA,NA,NA,NA,2023,0.5
"2","2.5","V",NA,NA,NA,NA,NA,"<1","<1",1,"<0.5",NA,NA,NA,0,"N","little to no herbivory",NA,2023-08-09,"YOSE7","SB",2024-02-01,NA,NA,NA,NA,NA,NA,NA,NA,NA,NA,NA,2023,0.5
"2","2.5","V",NA,NA,NA,NA,NA,"<1","<1",1,"<0.5",NA,NA,NA,0,"N","little to no herbivory",NA,2023-08-09,"YOSE7","SB",2024-02-01,NA,NA,NA,NA,NA,NA,NA,NA,NA,NA,NA,2023,0.5
"2","2.5","V",NA,NA,NA,NA,NA,"<1","<1",1,"<0.5",NA,NA,NA,0,"N","little to no herbivory",NA,2023-08-09,"YOSE7","SB",2024-02-01,NA,NA,NA,NA,NA,NA,NA,NA,NA,NA,NA,2023,0.5
"2","2.5","V",NA,NA,NA,NA,NA,"<1","<1",1,"<0.5",NA,NA,NA,0,"N","little to no herbivory",NA,2023-08-09,"YOSE7","SB",2024-02-01,NA,NA,NA,NA,NA,NA,NA,NA,NA,NA,NA,2023,0.5
"2","2.5","V",NA,NA,NA,NA,NA,"<1","<1",1,"<0.5",NA,NA,NA,0,"N","little to no herbivory",NA,2023-08-09,"YOSE7","SB",2024-02-01,NA,NA,NA,NA,NA,NA,NA,NA,NA,NA,NA,2023,0.5
"2","2.5","V",NA,NA,NA,NA,NA,"<1","<1",1,"<0.5",NA,NA,NA,0,"N","little to no herbivory",NA,2023-08-09,"YOSE7","SB",2024-02-01,NA,NA,NA,NA,NA,NA,NA,NA,NA,NA,NA,2023,0.5
"2","2.5","V",NA,NA,NA,NA,NA,"<1","<1",1,"<0.5",NA,NA,NA,0,"N","little to no herbivory",NA,2023-08-09,"YOSE7","SB",2024-02-01,NA,NA,NA,NA,NA,NA,NA,NA,NA,NA,NA,2023,0.5
"2","2.5","V",NA,NA,NA,NA,NA,"<1","<1",1,"<0.5",NA,NA,NA,0,"N","little to no herbivory",NA,2023-08-09,"YOSE7","SB",2024-02-01,NA,NA,NA,NA,NA,NA,NA,NA,NA,NA,NA,2023,0.5
"2","2.5","V",NA,NA,NA,NA,NA,"<1","<1",1,"<0.5",NA,NA,NA,0,"N","little to no herbivory",NA,2023-08-09,"YOSE7","SB",2024-02-01,NA,NA,NA,NA,NA,NA,NA,NA,NA,NA,NA,2023,0.5
"2","2.5","V",NA,NA,NA,NA,NA,"<1","<1",1,"<0.5",NA,NA,NA,0,"N","little to no herbivory",NA,2023-08-09,"YOSE7","SB",2024-02-01,NA,NA,NA,NA,NA,NA,NA,NA,NA,NA,NA,2023,0.5
"2","2.5","V",NA,NA,NA,NA,NA,"<1","<1",1,"<0.5",NA,NA,NA,0,"N","little to no herbivory",NA,2023-08-09,"YOSE7","SB",2024-02-01,NA,NA,NA,NA,NA,NA,NA,NA,NA,NA,NA,2023,0.5
"2","2.5","V",NA,NA,NA,NA,NA,"<1","<1",1,"<0.5",NA,NA,NA,0,"N","little to no herbivory",NA,2023-08-09,"YOSE7","SB",2024-02-01,NA,NA,NA,NA,NA,NA,NA,NA,NA,NA,NA,2023,0.5
"2","2.5","V",NA,NA,NA,NA,NA,"<1","<1",1,"<0.5",NA,NA,NA,0,"N","little to no herbivory",NA,2023-08-09,"YOSE7","SB",2024-02-01,NA,NA,NA,NA,NA,NA,NA,NA,NA,NA,NA,2023,0.5
"2","2.5","V",NA,NA,NA,NA,NA,"<1","<1",1,"<0.5",NA,NA,NA,0,"N","little to no herbivory",NA,2023-08-09,"YOSE7","SB",2024-02-01,NA,NA,NA,NA,NA,NA,NA,NA,NA,NA,NA,2023,0.5
"2","2.5","V",NA,NA,NA,NA,NA,"<1","<1",1,"<0.5",NA,NA,NA,0,"N","little to no herbivory",NA,2023-08-09,"YOSE7","SB",2024-02-01,NA,NA,NA,NA,NA,NA,NA,NA,NA,NA,NA,2023,0.5
"2","2.5","V",NA,NA,NA,NA,NA,"<1","<1",1,"<0.5",NA,NA,NA,0,"N","little to no herbivory",NA,2023-08-09,"YOSE7","SB",2024-02-01,NA,NA,NA,NA,NA,NA,NA,NA,NA,NA,NA,2023,0.5
"2","2.5","V",NA,NA,NA,NA,NA,"<1","<1",1,"<0.5",NA,NA,NA,0,"N","little to no herbivory",NA,2023-08-09,"YOSE7","SB",2024-02-01,NA,NA,NA,NA,NA,NA,NA,NA,NA,NA,NA,2023,0.5
"2","2.5","V",NA,NA,NA,NA,NA,"<1","<1",1,"<0.5",NA,NA,NA,0,"N","little to no herbivory",NA,2023-08-09,"YOSE7","SB",2024-02-01,NA,NA,NA,NA,NA,NA,NA,NA,NA,NA,NA,2023,0.5
"2","2.5","V",NA,NA,NA,NA,NA,"<1","<1",1,"<0.5",NA,NA,NA,0,"N","little to no herbivory",NA,2023-08-09,"YOSE7","SB",2024-02-01,NA,NA,NA,NA,NA,NA,NA,NA,NA,NA,NA,2023,0.5
"2","2.5","V",NA,NA,NA,NA,NA,"<1","<1",1,"<0.5",NA,NA,NA,0,"N","little to no herbivory",NA,2023-08-09,"YOSE7","SB",2024-02-01,NA,NA,NA,NA,NA,NA,NA,NA,NA,NA,NA,2023,0.5
"2","2.5","V",NA,NA,NA,NA,NA,"<1","<1",1,"<0.5",NA,NA,NA,0,"N","little to no herbivory",NA,2023-08-09,"YOSE7","SB",2024-02-01,NA,NA,NA,NA,NA,NA,NA,NA,NA,NA,NA,2023,0.5
"2","2.5","V",NA,NA,NA,NA,NA,"<1","<1",1,"<0.5",NA,NA,NA,0,"N","little to no herbivory",NA,2023-08-09,"YOSE7","SB",2024-02-01,NA,NA,NA,NA,NA,NA,NA,NA,NA,NA,NA,2023,0.5
"2","2.5","V",NA,NA,NA,NA,NA,"<1","<1",1,"<0.5",NA,NA,NA,0,"N","little to no herbivory",NA,2023-08-09,"YOSE7","SB",2024-02-01,NA,NA,NA,NA,NA,NA,NA,NA,NA,NA,NA,2023,0.5
"2","2.5","V",NA,NA,NA,NA,NA,"<1","<1",1,"<0.5",NA,NA,NA,0,"N","little to no herbivory",NA,2023-08-09,"YOSE7","SB",2024-02-01,NA,NA,NA,NA,NA,NA,NA,NA,NA,NA,NA,2023,0.5
"2","2.5","V",NA,NA,NA,NA,NA,"<1","<1",1,"<0.5",NA,NA,NA,0,"N","little to no herbivory",NA,2023-08-09,"YOSE7","SB",2024-02-01,NA,NA,NA,NA,NA,NA,NA,NA,NA,NA,NA,2023,0.5
"2","2.5","V",NA,NA,NA,NA,NA,"<1","<1",1,"<0.5",NA,NA,NA,0,"N","little to no herbivory",NA,2023-08-09,"YOSE7","SB",2024-02-01,NA,NA,NA,NA,NA,NA,NA,NA,NA,NA,NA,2023,0.5
"2","2.5","V",NA,NA,NA,NA,NA,"<1","<1",1,"<0.5",NA,NA,NA,0,"N","little to no herbivory",NA,2023-08-09,"YOSE7","SB",2024-02-01,NA,NA,NA,NA,NA,NA,NA,NA,NA,NA,NA,2023,0.5
"2","2.5","V",NA,NA,NA,NA,NA,"<1","<1",1,"<0.5",NA,NA,NA,0,"N","little to no herbivory",NA,2023-08-09,"YOSE7","SB",2024-02-01,NA,NA,NA,NA,NA,NA,NA,NA,NA,NA,NA,2023,0.5
"2","2.5","V",NA,NA,NA,NA,NA,"<1","<1",1,"<0.5",NA,NA,NA,0,"N","little to no herbivory",NA,2023-08-09,"YOSE7","SB",2024-02-01,NA,NA,NA,NA,NA,NA,NA,NA,NA,NA,NA,2023,0.5
"2","2.5","V",NA,NA,NA,NA,NA,"<1","<1",1,"<0.5",NA,NA,NA,0,"N","little to no herbivory",NA,2023-08-09,"YOSE7","SB",2024-02-01,NA,NA,NA,NA,NA,NA,NA,NA,NA,NA,NA,2023,0.5
"2","2.5","V",NA,NA,NA,NA,NA,"<1","<1",1,"<0.5",NA,NA,NA,0,"N","little to no herbivory",NA,2023-08-09,"YOSE7","SB",2024-02-01,NA,NA,NA,NA,NA,NA,NA,NA,NA,NA,NA,2023,0.5
"2","2.5","V",NA,NA,NA,NA,NA,"<1","<1",1,"<0.5",NA,NA,NA,0,"N","little to no herbivory",NA,2023-08-09,"YOSE7","SB",2024-02-01,NA,NA,NA,NA,NA,NA,NA,NA,NA,NA,NA,2023,0.5
"2","2.5","V",NA,NA,NA,NA,NA,"<1","<1",1,"<0.5",NA,NA,NA,0,"N","little to no herbivory",NA,2023-08-09,"YOSE7","SB",2024-02-01,NA,NA,NA,NA,NA,NA,NA,NA,NA,NA,NA,2023,0.5
"2","2.5","V",NA,NA,NA,NA,NA,"<1","<1",1,"<0.5",NA,NA,NA,0,"N","little to no herbivory",NA,2023-08-09,"YOSE7","SB",2024-02-01,NA,NA,NA,NA,NA,NA,NA,NA,NA,NA,NA,2023,0.5
"2","2.5","V",NA,NA,NA,NA,NA,"<1","<1",1,"<0.5",NA,NA,NA,0,"N","little to no herbivory",NA,2023-08-09,"YOSE7","SB",2024-02-01,NA,NA,NA,NA,NA,NA,NA,NA,NA,NA,NA,2023,0.5
"2","2.5","V",NA,NA,NA,NA,NA,"<1","<1",1,"<0.5",NA,NA,NA,0,"N","little to no herbivory",NA,2023-08-09,"YOSE7","SB",2024-02-01,NA,NA,NA,NA,NA,NA,NA,NA,NA,NA,NA,2023,0.5
"2","2.5","V",NA,NA,NA,NA,NA,"<1","<1",1,"<0.5",NA,NA,NA,0,"N","little to no herbivory",NA,2023-08-09,"YOSE7","SB",2024-02-01,NA,NA,NA,NA,NA,NA,NA,NA,NA,NA,NA,2023,0.5
"2","2.5","V",NA,NA,NA,NA,NA,"<1","<1",1,"<0.5",NA,NA,NA,0,"N","little to no herbivory",NA,2023-08-09,"YOSE7","SB",2024-02-01,NA,NA,NA,NA,NA,NA,NA,NA,NA,NA,NA,2023,0.5
"2","2.5","V",NA,NA,NA,NA,NA,"<1","<1",1,"<0.5",NA,NA,NA,0,"N","little to no herbivory",NA,2023-08-09,"YOSE7","SB",2024-02-01,NA,NA,NA,NA,NA,NA,NA,NA,NA,NA,NA,2023,0.5
"2","2.5","V",NA,NA,NA,NA,NA,"<1","<1",1,"<0.5",NA,NA,NA,0,"N","little to no herbivory",NA,2023-08-09,"YOSE7","SB",2024-02-01,NA,NA,NA,NA,NA,NA,NA,NA,NA,NA,NA,2023,0.5
"2","2.5","V",NA,NA,NA,NA,NA,"<1","<1",1,"<0.5",NA,NA,NA,0,"N","little to no herbivory",NA,2023-08-09,"YOSE7","SB",2024-02-01,NA,NA,NA,NA,NA,NA,NA,NA,NA,NA,NA,2023,0.5
"2","2.5","V",NA,NA,NA,NA,NA,"<1","<1",1,"<0.5",NA,NA,NA,0,"N","little to no herbivory",NA,2023-08-09,"YOSE7","SB",2024-02-01,NA,NA,NA,NA,NA,NA,NA,NA,NA,NA,NA,2023,0.5
"2","2.5","V",NA,NA,NA,NA,NA,"<1","<1",1,"<0.5",NA,NA,NA,0,"N","little to no herbivory",NA,2023-08-09,"YOSE7","SB",2024-02-01,NA,NA,NA,NA,NA,NA,NA,NA,NA,NA,NA,2023,0.5
"2","2.5","V",NA,NA,NA,NA,NA,"<1","<1",1,"<0.5",NA,NA,NA,0,"N","little to no herbivory",NA,2023-08-09,"YOSE7","SB",2024-02-01,NA,NA,NA,NA,NA,NA,NA,NA,NA,NA,NA,2023,0.5
"2","2.5","V",NA,NA,NA,NA,NA,"<1","<1",1,"<0.5",NA,NA,NA,0,"N","little to no herbivory",NA,2023-08-09,"YOSE7","SB",2024-02-01,NA,NA,NA,NA,NA,NA,NA,NA,NA,NA,NA,2023,0.5
"2","2.5","V",NA,NA,NA,NA,NA,"<1","<1",1,"<0.5",NA,NA,NA,0,"N","little to no herbivory",NA,2023-08-09,"YOSE7","SB",2024-02-01,NA,NA,NA,NA,NA,NA,NA,NA,NA,NA,NA,2023,0.5
"2","2.5","V",NA,NA,NA,NA,NA,"<1","<1",1,"<0.5",NA,NA,NA,0,"N","little to no herbivory",NA,2023-08-09,"YOSE7","SB",2024-02-01,NA,NA,NA,NA,NA,NA,NA,NA,NA,NA,NA,2023,0.5
"2","2.5","V",NA,NA,NA,NA,NA,"<1","<1",1,"<0.5",NA,NA,NA,0,"N","little to no herbivory",NA,2023-08-09,"YOSE7","SB",2024-02-01,NA,NA,NA,NA,NA,NA,NA,NA,NA,NA,NA,2023,0.5
"2","2.5","V",NA,NA,NA,NA,NA,"<1","<1",1,"<0.5",NA,NA,NA,0,"N","little to no herbivory",NA,2023-08-09,"YOSE7","SB",2024-02-01,NA,NA,NA,NA,NA,NA,NA,NA,NA,NA,NA,2023,0.5
"2","2.5","V",NA,NA,NA,NA,NA,"<1","<1",1,"<0.5",NA,NA,NA,0,"N","little to no herbivory",NA,2023-08-09,"YOSE7","SB",2024-02-01,NA,NA,NA,NA,NA,NA,NA,NA,NA,NA,NA,2023,0.5
"2","2.5","V",NA,NA,NA,NA,NA,"<1","<1",1,"<0.5",NA,NA,NA,0,"N","little to no herbivory",NA,2023-08-09,"YOSE7","SB",2024-02-01,NA,NA,NA,NA,NA,NA,NA,NA,NA,NA,NA,2023,0.5
"2","2.5","V",NA,NA,NA,NA,NA,"<1","<1",1,"<0.5",NA,NA,NA,0,"N","little to no herbivory",NA,2023-08-09,"YOSE7","SB",2024-02-01,NA,NA,NA,NA,NA,NA,NA,NA,NA,NA,NA,2023,0.5
"2","2.5","V",NA,NA,NA,NA,NA,"<1","<1",1,"<0.5",NA,NA,NA,0,"N","little to no herbivory",NA,2023-08-09,"YOSE7","SB",2024-02-01,NA,NA,NA,NA,NA,NA,NA,NA,NA,NA,NA,2023,0.5
"2","2.5","V",NA,NA,NA,NA,NA,"<1","<1",1,"<0.5",NA,NA,NA,0,"N","little to no herbivory",NA,2023-08-09,"YOSE7","SB",2024-02-01,NA,NA,NA,NA,NA,NA,NA,NA,NA,NA,NA,2023,0.5
"2","2.5","V",NA,NA,NA,NA,NA,"<1","<1",1,"<0.5",NA,NA,NA,0,"N","little to no herbivory",NA,2023-08-09,"YOSE7","SB",2024-02-01,NA,NA,NA,NA,NA,NA,NA,NA,NA,NA,NA,2023,0.5
"2","2.5","V",NA,NA,NA,NA,NA,"<1","<1",1,"<0.5",NA,NA,NA,0,"N","little to no herbivory",NA,2023-08-09,"YOSE7","SB",2024-02-01,NA,NA,NA,NA,NA,NA,NA,NA,NA,NA,NA,2023,0.5
"2","2.5","V",NA,NA,NA,NA,NA,"<1","<1",1,"<0.5",NA,NA,NA,0,"N","little to no herbivory",NA,2023-08-09,"YOSE7","SB",2024-02-01,NA,NA,NA,NA,NA,NA,NA,NA,NA,NA,NA,2023,0.5
"2","2.5","V",NA,NA,NA,NA,NA,"<1","<1",1,"<0.5",NA,NA,NA,0,"N","little to no herbivory",NA,2023-08-09,"YOSE7","SB",2024-02-01,NA,NA,NA,NA,NA,NA,NA,NA,NA,NA,NA,2023,0.5
"2","2.5","V",NA,NA,NA,NA,NA,"<1","<1",1,"<0.5",NA,NA,NA,0,"N","little to no herbivory",NA,2023-08-09,"YOSE7","SB",2024-02-01,NA,NA,NA,NA,NA,NA,NA,NA,NA,NA,NA,2023,0.5
"2","2.5","V",NA,NA,NA,NA,NA,"<1","<1",1,"<0.5",NA,NA,NA,0,"N","little to no herbivory",NA,2023-08-09,"YOSE7","SB",2024-02-01,NA,NA,NA,NA,NA,NA,NA,NA,NA,NA,NA,2023,0.5
"2","2.5","V",NA,NA,NA,NA,NA,"<1","<1",1,"<0.5",NA,NA,NA,0,"N","little to no herbivory",NA,2023-08-09,"YOSE7","SB",2024-02-01,NA,NA,NA,NA,NA,NA,NA,NA,NA,NA,NA,2023,0.5
"2","2.5","V",NA,NA,NA,NA,NA,"<1","<1",1,"<0.5",NA,NA,NA,0,"N","little to no herbivory",NA,2023-08-09,"YOSE7","SB",2024-02-01,NA,NA,NA,NA,NA,NA,NA,NA,NA,NA,NA,2023,0.5
"2","2.5","V",NA,NA,NA,NA,NA,"<1","<1",1,"<0.5",NA,NA,NA,0,"N","little to no herbivory",NA,2023-08-09,"YOSE7","SB",2024-02-01,NA,NA,NA,NA,NA,NA,NA,NA,NA,NA,NA,2023,0.5
"2","2.5","V",NA,NA,NA,NA,NA,"<1","<1",1,"<0.5",NA,NA,NA,0,"N","little to no herbivory",NA,2023-08-09,"YOSE7","SB",2024-02-01,NA,NA,NA,NA,NA,NA,NA,NA,NA,NA,NA,2023,0.5
"2","2.5","V",NA,NA,NA,NA,NA,"<1","<1",1,"<0.5",NA,NA,NA,0,"N","little to no herbivory",NA,2023-08-09,"YOSE7","SB",2024-02-01,NA,NA,NA,NA,NA,NA,NA,NA,NA,NA,NA,2023,0.5
"2","2.5","V",NA,NA,NA,NA,NA,"<1","<1",1,"<0.5",NA,NA,NA,0,"N","little to no herbivory",NA,2023-08-09,"YOSE7","SB",2024-02-01,NA,NA,NA,NA,NA,NA,NA,NA,NA,NA,NA,2023,0.5
"2","2.5","V",NA,NA,NA,NA,NA,"<1","<1",1,"<0.5",NA,NA,NA,0,"N","little to no herbivory",NA,2023-08-09,"YOSE7","SB",2024-02-01,NA,NA,NA,NA,NA,NA,NA,NA,NA,NA,NA,2023,0.5
"2","2.5","V",NA,NA,NA,NA,NA,"<1","<1",1,"<0.5",NA,NA,NA,0,"N","little to no herbivory",NA,2023-08-09,"YOSE7","SB",2024-02-01,NA,NA,NA,NA,NA,NA,NA,NA,NA,NA,NA,2023,0.5
"2","2.5","V",NA,NA,NA,NA,NA,"<1","<1",1,"<0.5",NA,NA,NA,0,"N","little to no herbivory",NA,2023-08-09,"YOSE7","SB",2024-02-01,NA,NA,NA,NA,NA,NA,NA,NA,NA,NA,NA,2023,0.5
"2","2.5","V",NA,NA,NA,NA,NA,"<1","<1",1,"<0.5",NA,NA,NA,0,"N","little to no herbivory",NA,2023-08-09,"YOSE7","SB",2024-02-01,NA,NA,NA,NA,NA,NA,NA,NA,NA,NA,NA,2023,0.5
"2","2.5","V",NA,NA,NA,NA,NA,"<1","1.0",1,"0.5",NA,NA,NA,0,"N",NA,NA,2023-08-09,"YOSE7","SB",2024-02-01,NA,NA,NA,NA,NA,NA,NA,NA,NA,NA,NA,2023,0.5
"2","2.5","V",NA,NA,NA,NA,NA,"<1","0.9",1,"0.6",NA,NA,NA,0,"N",NA,NA,2023-08-09,"YOSE7","SB",2024-02-01,NA,NA,NA,NA,NA,NA,NA,NA,NA,NA,NA,2023,0.5
"2","2.5","V",NA,NA,NA,NA,NA,"<1","1.0",1,"0.7",NA,NA,NA,0,"N",NA,NA,2023-08-09,"YOSE7","SB",2024-02-01,NA,NA,NA,NA,NA,NA,NA,NA,NA,NA,NA,2023,0.5
"2","2.5","V",NA,NA,NA,NA,NA,"<1","1.1",1,"0.7",NA,NA,NA,0,"N",NA,NA,2023-08-09,"YOSE7","SB",2024-02-01,NA,NA,NA,NA,NA,NA,NA,NA,NA,NA,NA,2023,0.5
"2","2.5","V",NA,NA,NA,NA,NA,"<1","0.9",1,"0.4",NA,NA,NA,0,"N",NA,NA,2023-08-09,"YOSE7","SB",2024-02-01,NA,NA,NA,NA,NA,NA,NA,NA,NA,NA,NA,2023,0.5
"2","2.5","V",NA,NA,NA,NA,NA,"<1","1.2",1,"0.6",NA,NA,NA,0,"N",NA,NA,2023-08-09,"YOSE7","SB",2024-02-01,NA,NA,NA,NA,NA,NA,NA,NA,NA,NA,NA,2023,0.5
"2","2.5","V",NA,NA,NA,NA,NA,"<1","0.9",1,"0.7",NA,NA,NA,0,"N",NA,NA,2023-08-09,"YOSE7","SB",2024-02-01,NA,NA,NA,NA,NA,NA,NA,NA,NA,NA,NA,2023,0.5
"2","2.5","V",NA,NA,NA,NA,NA,"<1","1.0",1,"0.5",NA,NA,NA,0,"N",NA,NA,2023-08-09,"YOSE7","SB",2024-02-01,NA,NA,NA,NA,NA,NA,NA,NA,NA,NA,NA,2023,0.5
"2","2.5","V",NA,NA,NA,NA,NA,"<1","0.7",1,"0.7",NA,NA,NA,0,"N",NA,NA,2023-08-09,"YOSE7","SB",2024-02-01,NA,NA,NA,NA,NA,NA,NA,NA,NA,NA,NA,2023,0.5
"2","2.5","V",NA,NA,NA,NA,NA,"<1","1.1",1,"0.6",NA,NA,NA,0,"Y",NA,NA,2023-08-09,"YOSE7","SB",2024-02-01,NA,NA,NA,NA,NA,NA,NA,NA,NA,NA,NA,2023,0.5
"2","2.5","V",NA,NA,NA,NA,NA,"<1","0.7",1,"0.7",NA,NA,NA,0,"N",NA,NA,2023-08-09,"YOSE7","SB",2024-02-01,NA,NA,NA,NA,NA,NA,NA,NA,NA,NA,NA,2023,0.5
"2","2.5","V",NA,NA,NA,NA,NA,"<1","1.3",1,"1.1",NA,NA,NA,0,"N",NA,NA,2023-08-09,"YOSE7","SB",2024-02-01,NA,NA,NA,NA,NA,NA,NA,NA,NA,NA,NA,2023,0.5
"2","2.5","V",NA,NA,NA,NA,NA,"<1","1.0",1,"0.7",NA,NA,NA,0,"N",NA,NA,2023-08-09,"YOSE7","SB",2024-02-01,NA,NA,NA,NA,NA,NA,NA,NA,NA,NA,NA,2023,0.5
"2","2.5","V",NA,NA,NA,NA,NA,"<1","1.2",1,"0.7",NA,NA,NA,0,"N",NA,NA,2023-08-09,"YOSE7","SB",2024-02-01,NA,NA,NA,NA,NA,NA,NA,NA,NA,NA,NA,2023,0.5
"2","2.5","V",NA,NA,NA,NA,NA,"<1","1.2",1,"0.4",NA,NA,NA,0,"N",NA,NA,2023-08-09,"YOSE7","SB",2024-02-01,NA,NA,NA,NA,NA,NA,NA,NA,NA,NA,NA,2023,0.5
"2","2.5","V",NA,NA,NA,NA,NA,"<1","1.1",1,"0.5",NA,NA,NA,0,"N",NA,NA,2023-08-09,"YOSE7","SB",2024-02-01,NA,NA,NA,NA,NA,NA,NA,NA,NA,NA,NA,2023,0.5
"2","2.5","V",NA,NA,NA,NA,NA,"<1","1.2",1,"0.6",NA,NA,NA,0,"N",NA,NA,2023-08-09,"YOSE7","SB",2024-02-01,NA,NA,NA,NA,NA,NA,NA,NA,NA,NA,NA,2023,0.5
"2","2.5","V",NA,NA,NA,NA,NA,"<1","0.9",1,"0.7",NA,NA,NA,0,"N",NA,NA,2023-08-09,"YOSE7","SB",2024-02-01,NA,NA,NA,NA,NA,NA,NA,NA,NA,NA,NA,2023,0.5
"2","2.5","V",NA,NA,NA,NA,NA,"<1","1.2",1,"0.7",NA,NA,NA,0,"N",NA,NA,2023-08-09,"YOSE7","SB",2024-02-01,NA,NA,NA,NA,NA,NA,NA,NA,NA,NA,NA,2023,0.5
"2","2.5","V",NA,NA,NA,NA,NA,"<1","0.7",1,"0.6",NA,NA,NA,0,"N",NA,NA,2023-08-09,"YOSE7","SB",2024-02-01,NA,NA,NA,NA,NA,NA,NA,NA,NA,NA,NA,2023,0.5
"2","2.5","V",NA,NA,NA,NA,NA,"<1","1.3",1,"0.5",NA,NA,NA,0,"N",NA,NA,2023-08-09,"YOSE7","SB",2024-02-01,NA,NA,NA,NA,NA,NA,NA,NA,NA,NA,NA,2023,0.5
"2","2.5","V",NA,NA,NA,NA,NA,"<1","1.0",1,"0.7",NA,NA,NA,0,"N",NA,NA,2023-08-09,"YOSE7","SB",2024-02-01,NA,NA,NA,NA,NA,NA,NA,NA,NA,NA,NA,2023,0.5
"2","2.5","V",NA,NA,NA,NA,NA,"<1","1.1",1,"0.6",NA,NA,NA,0,"N",NA,NA,2023-08-09,"YOSE7","SB",2024-02-01,NA,NA,NA,NA,NA,NA,NA,NA,NA,NA,NA,2023,0.5
"2","2.5","V",NA,NA,NA,NA,NA,"<1","1.6",1,"0.6",NA,NA,NA,0,"N",NA,NA,2023-08-09,"YOSE7","SB",2024-02-01,NA,NA,NA,NA,NA,NA,NA,NA,NA,NA,NA,2023,0.5
"2","2.5","V",NA,NA,NA,NA,NA,"<1","1.1",1,"0.4",NA,NA,NA,0,"N",NA,NA,2023-08-09,"YOSE7","SB",2024-02-01,NA,NA,NA,NA,NA,NA,NA,NA,NA,NA,NA,2023,0.5
"2","2.5","V",NA,NA,NA,NA,NA,"<1","1.4",1,"0.6",NA,NA,NA,0,"N",NA,NA,2023-08-09,"YOSE7","SB",2024-02-01,NA,NA,NA,NA,NA,NA,NA,NA,NA,NA,NA,2023,0.5
"2","2.5","V",NA,NA,NA,NA,NA,"<1","0.9",1,"0.7",NA,NA,NA,0,"N",NA,NA,2023-08-09,"YOSE7","SB",2024-02-01,NA,NA,NA,NA,NA,NA,NA,NA,NA,NA,NA,2023,0.5
"2","2.5","V",NA,NA,NA,NA,NA,"<1","0.5",1,"0.9",NA,NA,NA,0,"N",NA,NA,2023-08-09,"YOSE7","SB",2024-02-01,NA,NA,NA,NA,NA,NA,NA,NA,NA,NA,NA,2023,0.5
"2","2.5","V",NA,NA,NA,NA,NA,"<1","1.1",1,"0.9",NA,NA,NA,0,"N",NA,NA,2023-08-09,"YOSE7","SB",2024-02-01,NA,NA,NA,NA,NA,NA,NA,NA,NA,NA,NA,2023,0.5
"2","2.5","V",NA,NA,NA,NA,NA,"<1","1.1",1,"0.9",NA,NA,NA,0,"Y",NA,NA,2023-08-09,"YOSE7","SB",2024-02-01,NA,NA,NA,NA,NA,NA,NA,NA,NA,NA,NA,2023,0.5
"2","2.5","V",NA,NA,NA,NA,NA,"<1","1.0",1,"0.7",NA,NA,NA,0,"N",NA,NA,2023-08-09,"YOSE7","SB",2024-02-01,NA,NA,NA,NA,NA,NA,NA,NA,NA,NA,NA,2023,0.5
"2","2.5","V",NA,NA,NA,NA,NA,"<1","0.7",1,"1.1",NA,NA,NA,0,"N",NA,NA,2023-08-09,"YOSE7","SB",2024-02-01,NA,NA,NA,NA,NA,NA,NA,NA,NA,NA,NA,2023,0.5
"2","2.5","V",NA,NA,NA,NA,NA,"<1","1.5",1,"0.6",NA,NA,NA,0,"N",NA,NA,2023-08-09,"YOSE7","SB",2024-02-01,NA,NA,NA,NA,NA,NA,NA,NA,NA,NA,NA,2023,0.5
"2","2.5","V",NA,NA,NA,NA,NA,"<1","1.4",1,"0.6",NA,NA,NA,0,"N",NA,NA,2023-08-09,"YOSE7","SB",2024-02-01,NA,NA,NA,NA,NA,NA,NA,NA,NA,NA,NA,2023,0.5
"2","2.5","V",NA,NA,NA,NA,NA,"<1","1.2",1,"0.5",NA,NA,NA,0,"N",NA,NA,2023-08-09,"YOSE7","SB",2024-02-01,NA,NA,NA,NA,NA,NA,NA,NA,NA,NA,NA,2023,0.5
"2","2.5","V",NA,NA,NA,NA,NA,"<1","1.0",1,"0.8",NA,NA,NA,0,"N",NA,NA,2023-08-09,"YOSE7","SB",2024-02-01,NA,NA,NA,NA,NA,NA,NA,NA,NA,NA,NA,2023,0.5
"2","2.5","V",NA,NA,NA,NA,NA,"<1","1.4",1,"0.7",NA,NA,NA,0,"N",NA,NA,2023-08-09,"YOSE7","SB",2024-02-01,NA,NA,NA,NA,NA,NA,NA,NA,NA,NA,NA,2023,0.5
"2","2.5","V",NA,NA,NA,NA,NA,"<1","1.5",1,"0.5",NA,NA,NA,0,"N",NA,NA,2023-08-09,"YOSE7","SB",2024-02-01,NA,NA,NA,NA,NA,NA,NA,NA,NA,NA,NA,2023,0.5
"2","2.5","V",NA,NA,NA,NA,NA,"<1","1.3",1,"0.7",NA,NA,NA,0,"N",NA,NA,2023-08-09,"YOSE7","SB",2024-02-01,NA,NA,NA,NA,NA,NA,NA,NA,NA,NA,NA,2023,0.5
"2","2.5","V",NA,NA,NA,NA,NA,"<1","1.2",1,"0.4",NA,NA,NA,0,"N",NA,NA,2023-08-09,"YOSE7","SB",2024-02-01,NA,NA,NA,NA,NA,NA,NA,NA,NA,NA,NA,2023,0.5
"2","2.5","V",NA,NA,NA,NA,NA,"<1","1.1",1,"0.7",NA,NA,NA,0,"N",NA,NA,2023-08-09,"YOSE7","SB",2024-02-01,NA,NA,NA,NA,NA,NA,NA,NA,NA,NA,NA,2023,0.5
"2","2.5","V",NA,NA,NA,NA,NA,"<1","1.2",1,"0.6",NA,NA,NA,0,"N",NA,NA,2023-08-09,"YOSE7","SB",2024-02-01,NA,NA,NA,NA,NA,NA,NA,NA,NA,NA,NA,2023,0.5
"2","2.5","V",NA,NA,NA,NA,NA,"<1","1.0",1,"0.7",NA,NA,NA,0,"N",NA,NA,2023-08-09,"YOSE7","SB",2024-02-01,NA,NA,NA,NA,NA,NA,NA,NA,NA,NA,NA,2023,0.5
"2","2.5","V",NA,NA,NA,NA,NA,"<1","0.9",1,"0.8",NA,NA,NA,0,"N",NA,NA,2023-08-09,"YOSE7","SB",2024-02-01,NA,NA,NA,NA,NA,NA,NA,NA,NA,NA,NA,2023,0.5
"2","3","V",12,38,"pink",NA,NA,"0.59","1.6",1,"1.2",NA,NA,NA,0,"Y",NA,NA,2023-08-09,"YOSE7","SB",2024-02-01,NA,506,NA,NA,NA,NA,NA,NA,NA,NA,NA,2023,0.5
"2","3","V",22,20,"pink",NA,NA,"0.63","2.2",1,"1.4",NA,NA,NA,0,"N",NA,NA,2023-08-09,"YOSE7","SB",2024-02-01,NA,157,NA,NA,NA,NA,NA,NA,NA,NA,NA,2023,0.5
"2","3","F",48,29,"pink",NA,NA,"1.46","10.2",1,NA,"2.0",NA,NA,1,"N",NA,NA,2023-08-09,"YOSE7","SB",2024-02-01,NA,759,NA,NA,NA,NA,NA,NA,NA,NA,NA,2023,1.46
"2","3","V",35,42,"pink",NA,NA,"0.52","2.1",1,"1.1",NA,NA,NA,0,"N",NA,NA,2023-08-09,"YOSE7","SB",2024-02-01,NA,850,NA,NA,NA,NA,NA,NA,NA,NA,NA,2023,0.5
"2","3","V",2,10,"pink",NA,NA,"0.54","1.5",1,"1.7",NA,NA,NA,0,"Y",NA,NA,2023-08-09,"YOSE7","SB",2024-02-01,NA,111,NA,NA,NA,NA,NA,NA,NA,NA,NA,2023,0.5
"2","3","V",33,34,"pink",NA,NA,"0.47","1.0",1,"1.3",NA,NA,NA,0,"N",NA,NA,2023-08-09,"YOSE7","SB",2024-02-01,NA,630,NA,NA,NA,NA,NA,NA,NA,NA,NA,2023,0.5
"2","3","V",21,45,"pink",NA,NA,"0.71","2.0",1,"1.3",NA,NA,NA,0,"N",NA,NA,2023-08-09,"YOSE7","SB",2024-02-01,NA,122,NA,NA,NA,NA,NA,NA,NA,NA,NA,2023,0.5
"2","3","V",18,47,"pink",NA,NA,"0.55","2.1",1,"0.9",NA,NA,NA,0,"N",NA,NA,2023-08-09,"YOSE7","SB",2024-02-01,NA,358,NA,NA,NA,NA,NA,NA,NA,NA,NA,2023,0.5
"2","3","V",14,21,"pink",NA,NA,"0.67","2.0",1,"1.3",NA,NA,NA,0,"N",NA,NA,2023-08-09,"YOSE7","SB",2024-02-01,NA,62,NA,NA,NA,NA,NA,NA,NA,NA,NA,2023,0.5
"2","3","V",33,9,"pink",NA,NA,"0.53","1.1",1,"0.8",NA,NA,NA,0,"N",NA,NA,2023-08-09,"YOSE7","SB",2024-02-01,NA,128,NA,NA,NA,NA,NA,NA,NA,NA,NA,2023,0.5
"2","3","V",NA,NA,NA,NA,NA,"<1","1.2",1,"0.7",NA,NA,NA,0,"N",NA,NA,2023-08-09,"YOSE7","SB",2024-02-01,NA,NA,NA,NA,NA,NA,NA,NA,NA,NA,NA,2023,0.5
"2","3","V",NA,NA,NA,NA,NA,"<1","1.5",1,"0.5",NA,NA,NA,0,"N",NA,NA,2023-08-09,"YOSE7","SB",2024-02-01,NA,NA,NA,NA,NA,NA,NA,NA,NA,NA,NA,2023,0.5
"2","3","V",NA,NA,NA,NA,NA,"<1","1.1",1,"0.7",NA,NA,NA,0,"N",NA,NA,2023-08-09,"YOSE7","SB",2024-02-01,NA,NA,NA,NA,NA,NA,NA,NA,NA,NA,NA,2023,0.5
"2","3","V",NA,NA,NA,NA,NA,"<1","1.2",1,"0.6",NA,NA,NA,0,"N",NA,NA,2023-08-09,"YOSE7","SB",2024-02-01,NA,NA,NA,NA,NA,NA,NA,NA,NA,NA,NA,2023,0.5
"2","3","V",NA,NA,NA,NA,NA,"<1","2.0",1,"0.8",NA,NA,NA,0,"N",NA,NA,2023-08-09,"YOSE7","SB",2024-02-01,NA,NA,NA,NA,NA,NA,NA,NA,NA,NA,NA,2023,0.5
"2","3","V",NA,NA,NA,NA,NA,"<1","1.0",1,"0.7",NA,NA,NA,0,"N",NA,NA,2023-08-09,"YOSE7","SB",2024-02-01,NA,NA,NA,NA,NA,NA,NA,NA,NA,NA,NA,2023,0.5
"2","3","V",NA,NA,NA,NA,NA,"<1","0.5",1,"1.0",NA,NA,NA,0,"Y",NA,NA,2023-08-09,"YOSE7","SB",2024-02-01,NA,NA,NA,NA,NA,NA,NA,NA,NA,NA,NA,2023,0.5
"2","3","V",NA,NA,NA,NA,NA,"<1","1.1",1,"0.8",NA,NA,NA,0,"N",NA,NA,2023-08-09,"YOSE7","SB",2024-02-01,NA,NA,NA,NA,NA,NA,NA,NA,NA,NA,NA,2023,0.5
"2","3","V",NA,NA,NA,NA,NA,"<1","0.9",1,"0.8",NA,NA,NA,0,"N",NA,NA,2023-08-09,"YOSE7","SB",2024-02-01,NA,NA,NA,NA,NA,NA,NA,NA,NA,NA,NA,2023,0.5
"2","3","V",NA,NA,NA,NA,NA,"<1","1.1",1,"0.6",NA,NA,NA,0,"N",NA,NA,2023-08-09,"YOSE7","SB",2024-02-01,NA,NA,NA,NA,NA,NA,NA,NA,NA,NA,NA,2023,0.5
"2","3","V",NA,NA,NA,NA,NA,"<1","2.3",1,"0.7",NA,NA,NA,0,"Y",NA,NA,2023-08-09,"YOSE7","SB",2024-02-01,NA,NA,NA,NA,NA,NA,NA,NA,NA,NA,NA,2023,0.5
"2","3","V",NA,NA,NA,NA,NA,"<1","1.5",1,"1.0",NA,NA,NA,0,"N",NA,NA,2023-08-09,"YOSE7","SB",2024-02-01,NA,NA,NA,NA,NA,NA,NA,NA,NA,NA,NA,2023,0.5
"2","3","V",NA,NA,NA,NA,NA,"<1","1.5",1,"0.9",NA,NA,NA,0,"N",NA,NA,2023-08-09,"YOSE7","SB",2024-02-01,NA,NA,NA,NA,NA,NA,NA,NA,NA,NA,NA,2023,0.5
"2","3","V",NA,NA,NA,NA,NA,"<1","1.3",1,"0.6",NA,NA,NA,0,"N",NA,NA,2023-08-09,"YOSE7","SB",2024-02-01,NA,NA,NA,NA,NA,NA,NA,NA,NA,NA,NA,2023,0.5
"2","3","V",NA,NA,NA,NA,NA,"<1","1.2",1,"1.0",NA,NA,NA,0,"N",NA,NA,2023-08-09,"YOSE7","SB",2024-02-01,NA,NA,NA,NA,NA,NA,NA,NA,NA,NA,NA,2023,0.5
"2","3","V",NA,NA,NA,NA,NA,"<1","1.6",1,"1.0",NA,NA,NA,0,"N",NA,NA,2023-08-09,"YOSE7","SB",2024-02-01,NA,NA,NA,NA,NA,NA,NA,NA,NA,NA,NA,2023,0.5
"2","3","V",NA,NA,NA,NA,NA,"<1","1.7",1,"0.5",NA,NA,NA,0,"N",NA,NA,2023-08-09,"YOSE7","SB",2024-02-01,NA,NA,NA,NA,NA,NA,NA,NA,NA,NA,NA,2023,0.5
"2","3","V",NA,NA,NA,NA,NA,"<1","1.1",1,"0.9",NA,NA,NA,0,"N",NA,NA,2023-08-09,"YOSE7","SB",2024-02-01,NA,NA,NA,NA,NA,NA,NA,NA,NA,NA,NA,2023,0.5
"2","3","V",NA,NA,NA,NA,NA,"<1","1.6",1,"1.1",NA,NA,NA,0,"N",NA,NA,2023-08-09,"YOSE7","SB",2024-02-01,NA,NA,NA,NA,NA,NA,NA,NA,NA,NA,NA,2023,0.5
"2","3","V",NA,NA,NA,NA,NA,"<1","2.1",1,"0.5",NA,NA,NA,0,"N",NA,NA,2023-08-09,"YOSE7","SB",2024-02-01,NA,NA,NA,NA,NA,NA,NA,NA,NA,NA,NA,2023,0.5
"2","3","V",NA,NA,NA,NA,NA,"<1","1.4",1,"0.7",NA,NA,NA,0,"N",NA,NA,2023-08-09,"YOSE7","SB",2024-02-01,NA,NA,NA,NA,NA,NA,NA,NA,NA,NA,NA,2023,0.5
"2","4.5","V",NA,NA,NA,NA,NA,"<1","0.7",1,"0.3",NA,NA,NA,NA,"N",NA,NA,2023-08-09,"YOSE7","SB",2024-02-01,NA,NA,NA,NA,NA,NA,NA,NA,NA,NA,NA,2023,0.5
"2","4.5","V",NA,NA,NA,NA,NA,"<1","0.9",1,"0.9",NA,NA,NA,NA,"N",NA,NA,2023-08-09,"YOSE7","SB",2024-02-01,NA,NA,NA,NA,NA,NA,NA,NA,NA,NA,NA,2023,0.5
"2","4.5","V",NA,NA,NA,NA,NA,"<1","0.5",1,"0.9",NA,NA,NA,NA,"N",NA,NA,2023-08-09,"YOSE7","SB",2024-02-01,NA,NA,NA,NA,NA,NA,NA,NA,NA,NA,NA,2023,0.5
"2","4.5","V",NA,NA,NA,NA,NA,"<1","0.7",1,"0.3",NA,NA,NA,NA,"N",NA,NA,2023-08-08,"YOSE7","SY",2024-02-07,NA,NA,NA,NA,NA,NA,NA,NA,NA,NA,NA,2023,0.5
"2","4.5","V",NA,NA,NA,NA,NA,"<1","0.9",1,"0.9",NA,NA,NA,NA,"N",NA,NA,2023-08-08,"YOSE7","SY",2024-02-07,NA,NA,NA,NA,NA,NA,NA,NA,NA,NA,NA,2023,0.5
"2","4.5","V",NA,NA,NA,NA,NA,"<1","0.5",1,"0.9",NA,NA,NA,NA,"N",NA,NA,2023-08-08,"YOSE7","SY",2024-02-07,NA,NA,NA,NA,NA,NA,NA,NA,NA,NA,NA,2023,0.5
"2","4.5","V",NA,NA,NA,NA,NA,"<1","1.4",1,"1.5",NA,NA,NA,NA,"N",NA,NA,2023-08-08,"YOSE7","SY",2024-02-07,NA,NA,NA,NA,NA,NA,NA,NA,NA,NA,NA,2023,0.5
"2","4.5","V",NA,NA,NA,NA,NA,"<1","1.2",1,"1.6",NA,NA,NA,NA,"N",NA,NA,2023-08-08,"YOSE7","SY",2024-02-07,NA,NA,NA,NA,NA,NA,NA,NA,NA,NA,NA,2023,0.5
"2","4.5","V",NA,NA,NA,NA,NA,"<1","0.5",1,"0.6",NA,NA,NA,NA,"N",NA,NA,2023-08-08,"YOSE7","SY",2024-02-07,NA,NA,NA,NA,NA,NA,NA,NA,NA,NA,NA,2023,0.5
"2","4.5","V",NA,NA,NA,NA,NA,"<1","0.3",1,"0.2",NA,NA,NA,NA,"N",NA,NA,2023-08-08,"YOSE7","SY",2024-02-07,NA,NA,NA,NA,NA,NA,NA,NA,NA,NA,NA,2023,0.5
"2","4.5","V",NA,NA,NA,NA,NA,"<1","1.3",1,"0.6",NA,NA,NA,NA,"Y",NA,NA,2023-08-08,"YOSE7","SY",2024-02-07,NA,NA,NA,NA,NA,NA,NA,NA,NA,NA,NA,2023,0.5
"2","4.5","B",25,10,"pink",NA,NA,"0.9","7.7",1,"1.8",NA,NA,NA,NA,"N",NA,NA,2023-08-08,"YOSE7","SY",2024-02-07,NA,858,NA,NA,NA,NA,NA,NA,NA,NA,NA,2023,0.5
"2","4.5","V",NA,NA,NA,NA,NA,"<1","0.6",1,"0.2",NA,NA,NA,NA,"N",NA,NA,2023-08-08,"YOSE7","SY",2024-02-07,NA,NA,NA,NA,NA,NA,NA,NA,NA,NA,NA,2023,0.5
"2","4.5","V",NA,NA,NA,NA,NA,"<1","1.2",1,"0.7",NA,NA,NA,NA,"N",NA,NA,2023-08-08,"YOSE7","SY",2024-02-07,NA,NA,NA,NA,NA,NA,NA,NA,NA,NA,NA,2023,0.5
"2","4.5","V",NA,NA,NA,NA,NA,"<1","1.1",1,"1.0",NA,NA,NA,NA,"N",NA,NA,2023-08-08,"YOSE7","SY",2024-02-07,NA,NA,NA,NA,NA,NA,NA,NA,NA,NA,NA,2023,0.5
"2","4.5","V",NA,NA,NA,NA,NA,"<1","1.0",1,"0.7",NA,NA,NA,NA,"N",NA,NA,2023-08-08,"YOSE7","SY",2024-02-07,NA,NA,NA,NA,NA,NA,NA,NA,NA,NA,NA,2023,0.5
"2","4.5","V",NA,NA,NA,NA,NA,"<1","0.8",1,"0.5",NA,NA,NA,NA,"N",NA,NA,2023-08-08,"YOSE7","SY",2024-02-07,NA,NA,NA,NA,NA,NA,NA,NA,NA,NA,NA,2023,0.5
"2","4.5","V",NA,NA,NA,NA,NA,"<1","0.9",1,"0.8",NA,NA,NA,NA,"N",NA,NA,2023-08-08,"YOSE7","SY",2024-02-07,NA,NA,NA,NA,NA,NA,NA,NA,NA,NA,NA,2023,0.5
"2","4.5","V",NA,NA,NA,NA,NA,"<1","0.7",1,"0.4",NA,NA,NA,NA,"N",NA,NA,2023-08-08,"YOSE7","SY",2024-02-07,NA,NA,NA,NA,NA,NA,NA,NA,NA,NA,NA,2023,0.5
"2","4.5","V",NA,NA,NA,NA,NA,"<1","0.9",1,"1.0",NA,NA,NA,NA,"N",NA,NA,2023-08-08,"YOSE7","SY",2024-02-07,NA,NA,NA,NA,NA,NA,NA,NA,NA,NA,NA,2023,0.5
"2","4.5","V",NA,NA,NA,NA,NA,"<1","0.4",1,"0.3",NA,NA,NA,NA,"N",NA,NA,2023-08-08,"YOSE7","SY",2024-02-07,NA,NA,NA,NA,NA,NA,NA,NA,NA,NA,NA,2023,0.5
"2","4.5","V",NA,NA,NA,NA,NA,"<1","0.7",1,"0.6",NA,NA,NA,NA,"N",NA,NA,2023-08-08,"YOSE7","SY",2024-02-07,NA,NA,NA,NA,NA,NA,NA,NA,NA,NA,NA,2023,0.5
"2","4.5","V",NA,NA,NA,NA,NA,"<1","1.1",1,"0.5",NA,NA,NA,NA,"N",NA,NA,2023-08-08,"YOSE7","SY",2024-02-07,NA,NA,NA,NA,NA,NA,NA,NA,NA,NA,NA,2023,0.5
"2","4.5","V",40,35,"pink",NA,NA,"0.77","1.7",1,"1.5",NA,NA,NA,NA,"N",NA,NA,2023-08-08,"YOSE7","SY",2024-02-07,NA,854,NA,NA,NA,NA,NA,NA,NA,NA,NA,2023,0.5
"2","4.5","V",13,35,"pink",NA,NA,"0.31","1.0",1,"0.9",NA,NA,NA,NA,"N",NA,NA,2023-08-08,"YOSE7","SY",2024-02-07,NA,765,NA,NA,NA,NA,NA,NA,NA,NA,NA,2023,0.5
"2","4.5","V",22,45,"pink",NA,NA,"0.33","1.3",1,"1.0",NA,NA,NA,NA,"N",NA,NA,2023-08-08,"YOSE7","SY",2024-02-07,NA,125,NA,NA,NA,NA,NA,NA,NA,NA,NA,2023,0.5
"2","4.5","V",32,35,"pink",NA,NA,"0.3","1.1",1,"0.8",NA,NA,NA,NA,"N",NA,NA,2023-08-08,"YOSE7","SY",2024-02-07,NA,872,NA,NA,NA,NA,NA,NA,NA,NA,NA,2023,0.5
"2","4.5","V",18,33,"pink",NA,NA,"0.42","1.4",1,"1.1",NA,NA,NA,NA,"N",NA,NA,2023-08-08,"YOSE7","SY",2024-02-07,NA,246,NA,NA,NA,NA,NA,NA,NA,NA,NA,2023,0.5
"2","4.5","V",30,40,"pink",NA,NA,"0.31","2.2",1,"1.1",NA,NA,NA,NA,"N",NA,NA,2023-08-08,"YOSE7","SY",2024-02-07,NA,830,NA,NA,NA,NA,NA,NA,NA,NA,NA,2023,0.5
"2","4.5","V",20,39,"pink",NA,NA,"0.27","1.5",1,"1.2",NA,NA,NA,NA,"N",NA,NA,2023-08-08,"YOSE7","SY",2024-02-07,NA,153,NA,NA,NA,NA,NA,NA,NA,NA,NA,2023,0.5
"2","4.5","V",35,30,"pink",NA,NA,"0.4","1.0",1,"0.9",NA,NA,NA,NA,"N",NA,NA,2023-08-08,"YOSE7","SY",2024-02-07,NA,791,NA,NA,NA,NA,NA,NA,NA,NA,NA,2023,0.5
"2","4.5","V",NA,NA,NA,NA,NA,"<1","1.2",1,"0.8",NA,NA,NA,NA,"N",NA,NA,2023-08-08,"YOSE7","SY",2024-02-07,NA,NA,NA,NA,NA,NA,NA,NA,NA,NA,NA,2023,0.5
"2","4.5","V",NA,NA,NA,NA,NA,"<1","1.1",1,"0.6",NA,NA,NA,NA,"N",NA,NA,2023-08-08,"YOSE7","SY",2024-02-07,NA,NA,NA,NA,NA,NA,NA,NA,NA,NA,NA,2023,0.5
"2","4.5","V",NA,NA,NA,NA,NA,"<1","0.9",1,"0.6",NA,NA,NA,NA,"Y",NA,NA,2023-08-08,"YOSE7","SY",2024-02-07,NA,NA,NA,NA,NA,NA,NA,NA,NA,NA,NA,2023,0.5
"2","4.5","V",NA,NA,NA,NA,NA,"<1","1.2",1,"0.6",NA,NA,NA,NA,"N",NA,NA,2023-08-08,"YOSE7","SY",2024-02-07,NA,NA,NA,NA,NA,NA,NA,NA,NA,NA,NA,2023,0.5
"2","4.5","V",NA,NA,NA,NA,NA,"<1","1.2",1,"1.0",NA,NA,NA,NA,"N",NA,NA,2023-08-08,"YOSE7","SY",2024-02-07,NA,NA,NA,NA,NA,NA,NA,NA,NA,NA,NA,2023,0.5
"2","4.5","V",NA,NA,NA,NA,NA,"<1","1.6",1,"0.9",NA,NA,NA,NA,"N",NA,NA,2023-08-08,"YOSE7","SY",2024-02-07,NA,NA,NA,NA,NA,NA,NA,NA,NA,NA,NA,2023,0.5
"2","4.5","V",NA,NA,NA,NA,NA,"<1","1.3",1,"1.4",NA,NA,NA,NA,"N",NA,NA,2023-08-08,"YOSE7","SY",2024-02-07,NA,NA,NA,NA,NA,NA,NA,NA,NA,NA,NA,2023,0.5
"2","4.5","V",NA,NA,NA,NA,NA,"<1","1.3",1,"0.5",NA,NA,NA,NA,"N",NA,NA,2023-08-08,"YOSE7","SY",2024-02-07,NA,NA,NA,NA,NA,NA,NA,NA,NA,NA,NA,2023,0.5
"2","4.5","V",NA,NA,NA,NA,NA,"<1","0.9",1,"0.7",NA,NA,NA,NA,"N",NA,NA,2023-08-08,"YOSE7","SY",2024-02-07,NA,NA,NA,NA,NA,NA,NA,NA,NA,NA,NA,2023,0.5
"2","4.5","V",NA,NA,NA,NA,NA,"<1","0.7",1,"0.6",NA,NA,NA,NA,"N",NA,NA,2023-08-08,"YOSE7","SY",2024-02-07,NA,NA,NA,NA,NA,NA,NA,NA,NA,NA,NA,2023,0.5
"2","4.5","V",NA,NA,NA,NA,NA,"<1","0.7",1,"0.3",NA,NA,NA,NA,"N",NA,NA,2023-08-08,"YOSE7","SY",2024-02-07,NA,NA,NA,NA,NA,NA,NA,NA,NA,NA,NA,2023,0.5
"2","4.5","V",NA,NA,NA,NA,NA,"<1","1.4",1,"0.4",NA,NA,NA,NA,"Y",NA,NA,2023-08-08,"YOSE7","SY",2024-02-07,NA,NA,NA,NA,NA,NA,NA,NA,NA,NA,NA,2023,0.5
"2","4.5","V",NA,NA,NA,NA,NA,"<1","0.6",1,"0.5",NA,NA,NA,NA,"N",NA,NA,2023-08-08,"YOSE7","SY",2024-02-07,NA,NA,NA,NA,NA,NA,NA,NA,NA,NA,NA,2023,0.5
"2","4.5","V",NA,NA,NA,NA,NA,"<1","0.9",1,"0.6",NA,NA,NA,NA,"N",NA,NA,2023-08-08,"YOSE7","SY",2024-02-07,NA,NA,NA,NA,NA,NA,NA,NA,NA,NA,NA,2023,0.5
"2","4.5","V",NA,NA,NA,NA,NA,"<1","0.8",1,"0.3",NA,NA,NA,NA,"N",NA,NA,2023-08-08,"YOSE7","SY",2024-02-07,NA,NA,NA,NA,NA,NA,NA,NA,NA,NA,NA,2023,0.5
"2","4.5","V",NA,NA,NA,NA,NA,"<1","0.6",1,"0.7",NA,NA,NA,NA,"N",NA,NA,2023-08-08,"YOSE7","SY",2024-02-07,NA,NA,NA,NA,NA,NA,NA,NA,NA,NA,NA,2023,0.5
"2","4.5","V",NA,NA,NA,NA,NA,"<1","1.1",1,"0.6",NA,NA,NA,NA,"N",NA,NA,2023-08-08,"YOSE7","SY",2024-02-07,NA,NA,NA,NA,NA,NA,NA,NA,NA,NA,NA,2023,0.5
"2","4.5","V",NA,NA,NA,NA,NA,"<1","0.7",1,"0.6",NA,NA,NA,NA,"N",NA,NA,2023-08-08,"YOSE7","SY",2024-02-07,NA,NA,NA,NA,NA,NA,NA,NA,NA,NA,NA,2023,0.5
"2","4.5","V",NA,NA,NA,NA,NA,"<1","1.1",1,"0.8",NA,NA,NA,NA,"N",NA,NA,2023-08-08,"YOSE7","SY",2024-02-07,NA,NA,NA,NA,NA,NA,NA,NA,NA,NA,NA,2023,0.5
"2","4.5","V",NA,NA,NA,NA,NA,"<1","0.6",1,"0.3",NA,NA,NA,NA,"N",NA,NA,2023-08-08,"YOSE7","SY",2024-02-07,NA,NA,NA,NA,NA,NA,NA,NA,NA,NA,NA,2023,0.5
"2","4.5","V",NA,NA,NA,NA,NA,"<1","0.6",1,"0.3",NA,NA,NA,NA,"N",NA,NA,2023-08-08,"YOSE7","SY",2024-02-07,NA,NA,NA,NA,NA,NA,NA,NA,NA,NA,NA,2023,0.5
"2","4.5","V",NA,NA,NA,NA,NA,"<1","0.6",1,"0.4",NA,NA,NA,NA,"Y",NA,NA,2023-08-08,"YOSE7","SY",2024-02-07,NA,NA,NA,NA,NA,NA,NA,NA,NA,NA,NA,2023,0.5
"2","4.5","V",NA,NA,NA,NA,NA,"<1","0.9",1,"0.4",NA,NA,NA,NA,"N",NA,NA,2023-08-09,"YOSE7","SY",2024-02-07,NA,NA,NA,NA,NA,NA,NA,NA,NA,NA,NA,2023,0.5
"2","4.5","V",NA,NA,NA,NA,NA,"<1","0.7",1,"0.4",NA,NA,NA,NA,"N",NA,NA,2023-08-09,"YOSE7","SY",2024-02-07,NA,NA,NA,NA,NA,NA,NA,NA,NA,NA,NA,2023,0.5
"2","4.5","V",NA,NA,NA,NA,NA,"<1","0.6",1,"0.5",NA,NA,NA,NA,"Y",NA,NA,2023-08-09,"YOSE7","SY",2024-02-07,NA,NA,NA,NA,NA,NA,NA,NA,NA,NA,NA,2023,0.5
"2","4","F",4,2,"pink",NA,NA,"0.92","15.3",1,NA,NA,NA,NA,NA,"N",NA,NA,2023-08-09,"YOSE7","SY",2024-02-07,NA,837,NA,NA,NA,NA,NA,NA,NA,NA,NA,2023,0.5
"2","4","F",15,25,"pink",NA,NA,"0.76","7.1",1,NA,NA,NA,NA,NA,"N",NA,NA,2023-08-09,"YOSE7","SY",2024-02-07,NA,887,NA,NA,NA,NA,NA,NA,NA,NA,NA,2023,0.5
"2","4","V",35,4,"pink",NA,NA,"0.4","0.7",1,"1.5",NA,NA,NA,NA,"N",NA,NA,2023-08-09,"YOSE7","SY",2024-02-07,NA,768,NA,NA,NA,NA,NA,NA,NA,NA,NA,2023,0.5
"2","4","V",45,17,"pink",NA,NA,"0.34","2.2",1,"1.4",NA,NA,NA,NA,"N",NA,NA,2023-08-09,"YOSE7","SY",2024-02-07,NA,870,NA,NA,NA,NA,NA,NA,NA,NA,NA,2023,0.5
"2","4","V",30,18,"pink",NA,NA,"0.41","1.8",1,"1.5",NA,NA,NA,NA,"N",NA,NA,2023-08-09,"YOSE7","SY",2024-02-07,NA,746,NA,NA,NA,NA,NA,NA,NA,NA,NA,2023,0.5
"2","4","V",25,10,"pink",NA,NA,"0.29","1.6",1,"1.5",NA,NA,NA,NA,"N",NA,NA,2023-08-09,"YOSE7","SY",2024-02-07,NA,853,NA,NA,NA,NA,NA,NA,NA,NA,NA,2023,0.5
"2","4","V",15,4,"pink",NA,NA,"0.34","1.3",1,"1.7",NA,NA,NA,NA,"N",NA,NA,2023-08-09,"YOSE7","SY",2024-02-07,NA,236,NA,NA,NA,NA,NA,NA,NA,NA,NA,2023,0.5
"2","4","V",20,17,"pink",NA,NA,"0.27","1.3",1,"1.0",NA,NA,NA,NA,"N",NA,NA,2023-08-09,"YOSE7","SY",2024-02-07,NA,845,NA,NA,NA,NA,NA,NA,NA,NA,NA,2023,0.5
"2","4","V",38,12,"pink",NA,NA,"0.42","1.4",1,"0.8",NA,NA,NA,NA,"N",NA,NA,2023-08-09,"YOSE7","SY",2024-02-07,NA,149,NA,NA,NA,NA,NA,NA,NA,NA,NA,2023,0.5
"2","4","V",22,37,"pink",NA,NA,"0.21","1.2",1,"1.1",NA,NA,NA,NA,"N",NA,NA,2023-08-09,"YOSE7","SY",2024-02-07,NA,881,NA,NA,NA,NA,NA,NA,NA,NA,NA,2023,0.5
"2","4","V",NA,NA,NA,NA,NA,"<1","0.7",1,"0.6",NA,NA,NA,NA,"Y",NA,NA,2023-08-09,"YOSE7","SY",2024-02-07,NA,NA,NA,NA,NA,NA,NA,NA,NA,NA,NA,2023,0.5
"2","4","V",NA,NA,NA,NA,NA,"<1","0.9",1,"0.7",NA,NA,NA,NA,"N",NA,NA,2023-08-09,"YOSE7","SY",2024-02-07,NA,NA,NA,NA,NA,NA,NA,NA,NA,NA,NA,2023,0.5
"2","4","V",NA,NA,NA,NA,NA,"<1","1.1",1,"0.9",NA,NA,NA,NA,"N",NA,NA,2023-08-09,"YOSE7","SY",2024-02-07,NA,NA,NA,NA,NA,NA,NA,NA,NA,NA,NA,2023,0.5
"2","4","V",NA,NA,NA,NA,NA,"<1","1.3",1,"0.9",NA,NA,NA,NA,"N",NA,NA,2023-08-09,"YOSE7","SY",2024-02-07,NA,NA,NA,NA,NA,NA,NA,NA,NA,NA,NA,2023,0.5
"2","4","V",NA,NA,NA,NA,NA,"<1","1.8",1,"0.9",NA,NA,NA,NA,"N",NA,NA,2023-08-09,"YOSE7","SY",2024-02-07,NA,NA,NA,NA,NA,NA,NA,NA,NA,NA,NA,2023,0.5
"2","4","V",NA,NA,NA,NA,NA,"<1","1.9",1,"1.0",NA,NA,NA,NA,"N",NA,NA,2023-08-09,"YOSE7","SY",2024-02-07,NA,NA,NA,NA,NA,NA,NA,NA,NA,NA,NA,2023,0.5
"2","4","V",NA,NA,NA,NA,NA,"<1","1.4",1,"1.3",NA,NA,NA,NA,"Y",NA,NA,2023-08-09,"YOSE7","SY",2024-02-07,NA,NA,NA,NA,NA,NA,NA,NA,NA,NA,NA,2023,0.5
"2","4","V",NA,NA,NA,NA,NA,"<1","1.4",1,"0.7",NA,NA,NA,NA,"Y",NA,NA,2023-08-09,"YOSE7","SY",2024-02-07,NA,NA,NA,NA,NA,NA,NA,NA,NA,NA,NA,2023,0.5
"2","4","V",NA,NA,NA,NA,NA,"<1","0.9",1,"0.6",NA,NA,NA,NA,"N",NA,NA,2023-08-09,"YOSE7","SY",2024-02-07,NA,NA,NA,NA,NA,NA,NA,NA,NA,NA,NA,2023,0.5
"2","4","V",NA,NA,NA,NA,NA,"<1","0.6",1,"0.6",NA,NA,NA,NA,"Y",NA,NA,2023-08-09,"YOSE7","SY",2024-02-07,NA,NA,NA,NA,NA,NA,NA,NA,NA,NA,NA,2023,0.5
"2","4","V",NA,NA,NA,NA,NA,"<1","0.7",1,"0.6",NA,NA,NA,NA,"Y",NA,NA,2023-08-09,"YOSE7","SY",2024-02-07,NA,NA,NA,NA,NA,NA,NA,NA,NA,NA,NA,2023,0.5
"2","4","V",NA,NA,NA,NA,NA,"<1","0.9",1,"0.7",NA,NA,NA,NA,"N",NA,NA,2023-08-09,"YOSE7","SY",2024-02-07,NA,NA,NA,NA,NA,NA,NA,NA,NA,NA,NA,2023,0.5
"2","4","V",NA,NA,NA,NA,NA,"<1","1.9",1,"1.0",NA,NA,NA,NA,"N",NA,NA,2023-08-09,"YOSE7","SY",2024-02-07,NA,NA,NA,NA,NA,NA,NA,NA,NA,NA,NA,2023,0.5
"2","4","V",NA,NA,NA,NA,NA,"<1","1.2",1,"0.9",NA,NA,NA,NA,"N",NA,NA,2023-08-09,"YOSE7","SY",2024-02-07,NA,NA,NA,NA,NA,NA,NA,NA,NA,NA,NA,2023,0.5
"2","4","V",NA,NA,NA,NA,NA,"<1","0.9",1,"0.7",NA,NA,NA,NA,"N",NA,NA,2023-08-09,"YOSE7","SY",2024-02-07,NA,NA,NA,NA,NA,NA,NA,NA,NA,NA,NA,2023,0.5
"2","4","V",NA,NA,NA,NA,NA,"<1","1.6",1,"1.5",NA,NA,NA,NA,"N",NA,NA,2023-08-09,"YOSE7","SY",2024-02-07,NA,NA,NA,NA,NA,NA,NA,NA,NA,NA,NA,2023,0.5
"2","4","V",NA,NA,NA,NA,NA,"<1","0.8",1,"0.7",NA,NA,NA,NA,"N",NA,NA,2023-08-09,"YOSE7","SY",2024-02-07,NA,NA,NA,NA,NA,NA,NA,NA,NA,NA,NA,2023,0.5
"2","4","V",NA,NA,NA,NA,NA,"<1","1.3",1,"1.5",NA,NA,NA,NA,"Y",NA,NA,2023-08-09,"YOSE7","SY",2024-02-07,NA,NA,NA,NA,NA,NA,NA,NA,NA,NA,NA,2023,0.5
"2","4","V",NA,NA,NA,NA,NA,"0.3","2.1",1,"1.0",NA,NA,NA,NA,"N",NA,NA,2023-08-09,"YOSE7","SY",2024-02-07,NA,NA,NA,NA,NA,NA,NA,NA,NA,NA,NA,2023,0.5
"2","4","V",NA,NA,NA,NA,NA,"<1","0.4",1,"0.3",NA,NA,NA,NA,"N",NA,NA,2023-08-09,"YOSE7","SY",2024-02-07,NA,NA,NA,NA,NA,NA,NA,NA,NA,NA,NA,2023,0.5
"2","4","V",NA,NA,NA,NA,NA,"<1","0.7",1,"0.3",NA,NA,NA,NA,"N",NA,NA,2023-08-09,"YOSE7","SY",2024-02-07,NA,NA,NA,NA,NA,NA,NA,NA,NA,NA,NA,2023,0.5
"2","4","V",NA,NA,NA,NA,NA,"<1","0.9",1,"0.4",NA,NA,NA,NA,"N",NA,NA,2023-08-09,"YOSE7","SY",2024-02-07,NA,NA,NA,NA,NA,NA,NA,NA,NA,NA,NA,2023,0.5
"2","4","V",NA,NA,NA,NA,NA,"<1","1.3",1,"0.7",NA,NA,NA,NA,"N",NA,NA,2023-08-09,"YOSE7","SY",2024-02-07,NA,NA,NA,NA,NA,NA,NA,NA,NA,NA,NA,2023,0.5
"2","4","V",NA,NA,NA,NA,NA,"<1","1.1",1,"0.9",NA,NA,NA,NA,"N",NA,NA,2023-08-09,"YOSE7","SY",2024-02-07,NA,NA,NA,NA,NA,NA,NA,NA,NA,NA,NA,2023,0.5
"2","4","V",NA,NA,NA,NA,NA,"<1","1.2",1,"0.8",NA,NA,NA,NA,"N",NA,NA,2023-08-09,"YOSE7","SY",2024-02-07,NA,NA,NA,NA,NA,NA,NA,NA,NA,NA,NA,2023,0.5
"2","4","V",NA,NA,NA,NA,NA,"<1","0.9",1,"1.0",NA,NA,NA,NA,"N",NA,NA,2023-08-09,"YOSE7","SY",2024-02-07,NA,NA,NA,NA,NA,NA,NA,NA,NA,NA,NA,2023,0.5
"2","4","V",NA,NA,NA,NA,NA,"<1","1.7",1,"1.1",NA,NA,NA,NA,"N",NA,NA,2023-08-09,"YOSE7","SY",2024-02-07,NA,NA,NA,NA,NA,NA,NA,NA,NA,NA,NA,2023,0.5
"2","4","V",NA,NA,NA,NA,NA,"<1","1.2",1,"0.9",NA,NA,NA,NA,"N",NA,NA,2023-08-09,"YOSE7","SY",2024-02-07,NA,NA,NA,NA,NA,NA,NA,NA,NA,NA,NA,2023,0.5
"2","4","V",NA,NA,NA,NA,NA,"<1","0.8",1,"0.7",NA,NA,NA,NA,"N",NA,NA,2023-08-09,"YOSE7","SY",2024-02-07,NA,NA,NA,NA,NA,NA,NA,NA,NA,NA,NA,2023,0.5
"2","4","V",NA,NA,NA,NA,NA,"<1","0.8",1,"0.6",NA,NA,NA,NA,"N",NA,NA,2023-08-09,"YOSE7","SY",2024-02-07,NA,NA,NA,NA,NA,NA,NA,NA,NA,NA,NA,2023,0.5
"2","4","V",NA,NA,NA,NA,NA,"<1","0.9",1,"0.9",NA,NA,NA,NA,"N",NA,NA,2023-08-09,"YOSE7","SY",2024-02-07,NA,NA,NA,NA,NA,NA,NA,NA,NA,NA,NA,2023,0.5
"2","4","V",NA,NA,NA,NA,NA,"<1","1.2",1,"0.6",NA,NA,NA,NA,"N",NA,NA,2023-08-09,"YOSE7","SY",2024-02-07,NA,NA,NA,NA,NA,NA,NA,NA,NA,NA,NA,2023,0.5
"2","4","V",NA,NA,NA,NA,NA,"<1","0.9",1,"0.8",NA,NA,NA,NA,"N",NA,NA,2023-08-09,"YOSE7","SY",2024-02-07,NA,NA,NA,NA,NA,NA,NA,NA,NA,NA,NA,2023,0.5
"2","4","V",NA,NA,NA,NA,NA,"<1","0.6",1,"0.3",NA,NA,NA,NA,"N",NA,NA,2023-08-09,"YOSE7","SY",2024-02-07,NA,NA,NA,NA,NA,NA,NA,NA,NA,NA,NA,2023,0.5
"2","4","V",NA,NA,NA,NA,NA,"<1","0.9",1,"0.4",NA,NA,NA,NA,"N",NA,NA,2023-08-09,"YOSE7","SY",2024-02-07,NA,NA,NA,NA,NA,NA,NA,NA,NA,NA,NA,2023,0.5
"2","4","V",NA,NA,NA,NA,NA,"<1","0.8",1,"0.7",NA,NA,NA,NA,"N",NA,NA,2023-08-09,"YOSE7","SY",2024-02-07,NA,NA,NA,NA,NA,NA,NA,NA,NA,NA,NA,2023,0.5
"2","4","V",NA,NA,NA,NA,NA,"<1","1.0",1,"0.4",NA,NA,NA,NA,"Y",NA,NA,2023-08-09,"YOSE7","SY",2024-02-07,NA,NA,NA,NA,NA,NA,NA,NA,NA,NA,NA,2023,0.5
"2","4","V",NA,NA,NA,NA,NA,"<1","1.4",1,"0.7",NA,NA,NA,NA,"N",NA,NA,2023-08-09,"YOSE7","SY",2024-02-07,NA,NA,NA,NA,NA,NA,NA,NA,NA,NA,NA,2023,0.5
"2","4","V",NA,NA,NA,NA,NA,"<1","1.5",1,"0.8",NA,NA,NA,NA,"N",NA,NA,2023-08-09,"YOSE7","SY",2024-02-07,NA,NA,NA,NA,NA,NA,NA,NA,NA,NA,NA,2023,0.5
"2","4","V",NA,NA,NA,NA,NA,"<1","0.5",1,"0.6",NA,NA,NA,NA,"N",NA,NA,2023-08-09,"YOSE7","SY",2024-02-07,NA,NA,NA,NA,NA,NA,NA,NA,NA,NA,NA,2023,0.5
"2","4","V",NA,NA,NA,NA,NA,"<1","1.7",1,"0.7",NA,NA,NA,NA,"N",NA,NA,2023-08-09,"YOSE7","SY",2024-02-07,NA,NA,NA,NA,NA,NA,NA,NA,NA,NA,NA,2023,0.5
"2","4","V",NA,NA,NA,NA,NA,"<1","1.3",1,"0.4",NA,NA,NA,NA,"N",NA,NA,2023-08-09,"YOSE7","SY",2024-02-07,NA,NA,NA,NA,NA,NA,NA,NA,NA,NA,NA,2023,0.5
"2","4","V",NA,NA,NA,NA,NA,"<1","1.6",1,"0.7",NA,NA,NA,NA,"N",NA,NA,2023-08-09,"YOSE7","SY",2024-02-07,NA,NA,NA,NA,NA,NA,NA,NA,NA,NA,NA,2023,0.5
"2","4","V",NA,NA,NA,NA,NA,"<1","1.3",1,"0.8",NA,NA,NA,NA,"N",NA,NA,2023-08-09,"YOSE7","SY",2024-02-07,NA,NA,NA,NA,NA,NA,NA,NA,NA,NA,NA,2023,0.5
"2","4","V",NA,NA,NA,NA,NA,"<1","0.9",1,"0.7",NA,NA,NA,NA,"N",NA,NA,2023-08-09,"YOSE7","SY",2024-02-07,NA,NA,NA,NA,NA,NA,NA,NA,NA,NA,NA,2023,0.5
"2","4","V",NA,NA,NA,NA,NA,"<1","1.1",1,"1.2",NA,NA,NA,NA,"N",NA,NA,2023-08-09,"YOSE7","SY",2024-02-07,NA,NA,NA,NA,NA,NA,NA,NA,NA,NA,NA,2023,0.5
"2","4","V",NA,NA,NA,NA,NA,"<1","0.9",1,"0.7",NA,NA,NA,NA,"N",NA,NA,2023-08-09,"YOSE7","SY",2024-02-07,NA,NA,NA,NA,NA,NA,NA,NA,NA,NA,NA,2023,0.5
"2","4","V",NA,NA,NA,NA,NA,"<1","1.6",1,"0.9",NA,NA,NA,NA,"N",NA,NA,2023-08-09,"YOSE7","SY",2024-02-07,NA,NA,NA,NA,NA,NA,NA,NA,NA,NA,NA,2023,0.5
"2","4","V",NA,NA,NA,NA,NA,"<1","2.2",1,"1.0",NA,NA,NA,NA,"N",NA,NA,2023-08-09,"YOSE7","SY",2024-02-07,NA,NA,NA,NA,NA,NA,NA,NA,NA,NA,NA,2023,0.5
"2","4","V",NA,NA,NA,NA,NA,"<1","1.3",1,"0.7",NA,NA,NA,NA,"N",NA,NA,2023-08-09,"YOSE7","SY",2024-02-07,NA,NA,NA,NA,NA,NA,NA,NA,NA,NA,NA,2023,0.5
"2","4","V",NA,NA,NA,NA,NA,"<1","0.8",1,"0.5",NA,NA,NA,NA,"N",NA,NA,2023-08-09,"YOSE7","SY",2024-02-07,NA,NA,NA,NA,NA,NA,NA,NA,NA,NA,NA,2023,0.5
"2","4","V",NA,NA,NA,NA,NA,"<1","0.9",1,"1.4",NA,NA,NA,NA,"N",NA,NA,2023-08-09,"YOSE7","SY",2024-02-07,NA,NA,NA,NA,NA,NA,NA,NA,NA,NA,NA,2023,0.5
"2","4","V",NA,NA,NA,NA,NA,"<1","1.4",1,"0.6",NA,NA,NA,NA,"N",NA,NA,2023-08-09,"YOSE7","SY",2024-02-07,NA,NA,NA,NA,NA,NA,NA,NA,NA,NA,NA,2023,0.5
"2","4","V",NA,NA,NA,NA,NA,"<1","0.9",1,"0.3",NA,NA,NA,NA,"N",NA,NA,2023-08-09,"YOSE7","SY",2024-02-07,NA,NA,NA,NA,NA,NA,NA,NA,NA,NA,NA,2023,0.5
"2","4","V",NA,NA,NA,NA,NA,"<1","1.6",1,"0.7",NA,NA,NA,NA,"N",NA,NA,2023-08-09,"YOSE7","SY",2024-02-07,NA,NA,NA,NA,NA,NA,NA,NA,NA,NA,NA,2023,0.5
"2","4","V",NA,NA,NA,NA,NA,"<1","1.2",1,"0.7",NA,NA,NA,NA,"N",NA,NA,2023-08-09,"YOSE7","SY",2024-02-07,NA,NA,NA,NA,NA,NA,NA,NA,NA,NA,NA,2023,0.5
"2","4","V",NA,NA,NA,NA,NA,"<1","0.8",1,"0.9",NA,NA,NA,NA,"N",NA,NA,2023-08-09,"YOSE7","SY",2024-02-07,NA,NA,NA,NA,NA,NA,NA,NA,NA,NA,NA,2023,0.5
"2","4","V",NA,NA,NA,NA,NA,"<1","<1",1,"<0.5",NA,NA,NA,NA,"N",NA,NA,2023-08-09,"YOSE7","SY",2024-02-07,NA,NA,NA,NA,NA,NA,NA,NA,NA,NA,NA,2023,0.5
"2","4","V",NA,NA,NA,NA,NA,"<1","<1",1,"<0.5",NA,NA,NA,NA,"N",NA,NA,2023-08-09,"YOSE7","SB",2024-02-08,NA,NA,NA,NA,NA,NA,NA,NA,NA,NA,NA,2023,0.5
"2","4","V",NA,NA,NA,NA,NA,"<1","<1",1,"<0.5",NA,NA,NA,NA,"N",NA,NA,2023-08-09,"YOSE7","SB",2024-02-08,NA,NA,NA,NA,NA,NA,NA,NA,NA,NA,NA,2023,0.5
"2","4","V",NA,NA,NA,NA,NA,"<1","<1",1,"<0.5",NA,NA,NA,NA,"N",NA,NA,2023-08-09,"YOSE7","SB",2024-02-08,NA,NA,NA,NA,NA,NA,NA,NA,NA,NA,NA,2023,0.5
"2","4","V",NA,NA,NA,NA,NA,"<1","<1",1,"<0.5",NA,NA,NA,NA,"N",NA,NA,2023-08-09,"YOSE7","SB",2024-02-08,NA,NA,NA,NA,NA,NA,NA,NA,NA,NA,NA,2023,0.5
"2","4","V",NA,NA,NA,NA,NA,"<1","<1",1,"<0.5",NA,NA,NA,NA,"N",NA,NA,2023-08-09,"YOSE7","SB",2024-02-08,NA,NA,NA,NA,NA,NA,NA,NA,NA,NA,NA,2023,0.5
"2","4","V",NA,NA,NA,NA,NA,"<1","<1",1,"<0.5",NA,NA,NA,NA,"N",NA,NA,2023-08-09,"YOSE7","SB",2024-02-08,NA,NA,NA,NA,NA,NA,NA,NA,NA,NA,NA,2023,0.5
"2","4","V",NA,NA,NA,NA,NA,"<1","<1",1,"<0.5",NA,NA,NA,NA,"N",NA,NA,2023-08-09,"YOSE7","SB",2024-02-08,NA,NA,NA,NA,NA,NA,NA,NA,NA,NA,NA,2023,0.5
"2","4","V",NA,NA,NA,NA,NA,"<1","<1",1,"<0.5",NA,NA,NA,NA,"N",NA,NA,2023-08-09,"YOSE7","SB",2024-02-08,NA,NA,NA,NA,NA,NA,NA,NA,NA,NA,NA,2023,0.5
"2","4","V",NA,NA,NA,NA,NA,"<1","<1",1,"<0.5",NA,NA,NA,NA,"N",NA,NA,2023-08-09,"YOSE7","SB",2024-02-08,NA,NA,NA,NA,NA,NA,NA,NA,NA,NA,NA,2023,0.5
"2","4","V",NA,NA,NA,NA,NA,"<1","<1",1,"<0.5",NA,NA,NA,NA,"N",NA,NA,2023-08-09,"YOSE7","SB",2024-02-08,NA,NA,NA,NA,NA,NA,NA,NA,NA,NA,NA,2023,0.5
"2","4","V",NA,NA,NA,NA,NA,"<1","<1",1,"<0.5",NA,NA,NA,NA,"N",NA,NA,2023-08-09,"YOSE7","SB",2024-02-08,NA,NA,NA,NA,NA,NA,NA,NA,NA,NA,NA,2023,0.5
"2","4","V",NA,NA,NA,NA,NA,"<1","<1",1,"<0.5",NA,NA,NA,NA,"N",NA,NA,2023-08-09,"YOSE7","SB",2024-02-08,NA,NA,NA,NA,NA,NA,NA,NA,NA,NA,NA,2023,0.5
"2","4","V",NA,NA,NA,NA,NA,"<1","<1",1,"<0.5",NA,NA,NA,NA,"N",NA,NA,2023-08-09,"YOSE7","SB",2024-02-08,NA,NA,NA,NA,NA,NA,NA,NA,NA,NA,NA,2023,0.5
"2","4","V",NA,NA,NA,NA,NA,"<1","<1",1,"<0.5",NA,NA,NA,NA,"N",NA,NA,2023-08-09,"YOSE7","SB",2024-02-08,NA,NA,NA,NA,NA,NA,NA,NA,NA,NA,NA,2023,0.5
"2","4","V",NA,NA,NA,NA,NA,"<1","<1",1,"<0.5",NA,NA,NA,NA,"N",NA,NA,2023-08-09,"YOSE7","SB",2024-02-08,NA,NA,NA,NA,NA,NA,NA,NA,NA,NA,NA,2023,0.5
"2","4","V",NA,NA,NA,NA,NA,"<1","<1",1,"<0.5",NA,NA,NA,NA,"N",NA,NA,2023-08-09,"YOSE7","SB",2024-02-08,NA,NA,NA,NA,NA,NA,NA,NA,NA,NA,NA,2023,0.5
"2","4","V",NA,NA,NA,NA,NA,"<1","<1",1,"<0.5",NA,NA,NA,NA,"N",NA,NA,2023-08-09,"YOSE7","SB",2024-02-08,NA,NA,NA,NA,NA,NA,NA,NA,NA,NA,NA,2023,0.5
"2","4","V",NA,NA,NA,NA,NA,"<1","<1",1,"<0.5",NA,NA,NA,NA,"N",NA,NA,2023-08-09,"YOSE7","SB",2024-02-08,NA,NA,NA,NA,NA,NA,NA,NA,NA,NA,NA,2023,0.5
"2","4","V",NA,NA,NA,NA,NA,"<1","<1",1,"<0.5",NA,NA,NA,NA,"N",NA,NA,2023-08-09,"YOSE7","SB",2024-02-08,NA,NA,NA,NA,NA,NA,NA,NA,NA,NA,NA,2023,0.5
"2","4","V",NA,NA,NA,NA,NA,"<1","<1",1,"<0.5",NA,NA,NA,NA,"N",NA,NA,2023-08-09,"YOSE7","SB",2024-02-08,NA,NA,NA,NA,NA,NA,NA,NA,NA,NA,NA,2023,0.5
"2","4","V",NA,NA,NA,NA,NA,"<1","<1",1,"<0.5",NA,NA,NA,NA,"N",NA,NA,2023-08-09,"YOSE7","SB",2024-02-08,NA,NA,NA,NA,NA,NA,NA,NA,NA,NA,NA,2023,0.5
"2","4","V",NA,NA,NA,NA,NA,"<1","<1",1,"<0.5",NA,NA,NA,NA,"N",NA,NA,2023-08-09,"YOSE7","SB",2024-02-08,NA,NA,NA,NA,NA,NA,NA,NA,NA,NA,NA,2023,0.5
"2","4","V",NA,NA,NA,NA,NA,"<1","<1",1,"<0.5",NA,NA,NA,NA,"N",NA,NA,2023-08-09,"YOSE7","SB",2024-02-08,NA,NA,NA,NA,NA,NA,NA,NA,NA,NA,NA,2023,0.5
"2","4","V",NA,NA,NA,NA,NA,"<1","<1",1,"<0.5",NA,NA,NA,NA,"N",NA,NA,2023-08-09,"YOSE7","SB",2024-02-08,NA,NA,NA,NA,NA,NA,NA,NA,NA,NA,NA,2023,0.5
"2","4","V",NA,NA,NA,NA,NA,"<1","<1",1,"<0.5",NA,NA,NA,NA,"N",NA,NA,2023-08-09,"YOSE7","SB",2024-02-08,NA,NA,NA,NA,NA,NA,NA,NA,NA,NA,NA,2023,0.5
"2","4","V",NA,NA,NA,NA,NA,"<1","<1",1,"<0.5",NA,NA,NA,NA,"N",NA,NA,2023-08-09,"YOSE7","SB",2024-02-08,NA,NA,NA,NA,NA,NA,NA,NA,NA,NA,NA,2023,0.5
"2","4","V",NA,NA,NA,NA,NA,"<1","<1",1,"<0.5",NA,NA,NA,NA,"N",NA,NA,2023-08-09,"YOSE7","SB",2024-02-08,NA,NA,NA,NA,NA,NA,NA,NA,NA,NA,NA,2023,0.5
"2","4","V",NA,NA,NA,NA,NA,"<1","<1",1,"<0.5",NA,NA,NA,NA,"N",NA,NA,2023-08-09,"YOSE7","SB",2024-02-08,NA,NA,NA,NA,NA,NA,NA,NA,NA,NA,NA,2023,0.5
"2","4","V",NA,NA,NA,NA,NA,"<1","<1",1,"<0.5",NA,NA,NA,NA,"N",NA,NA,2023-08-09,"YOSE7","SB",2024-02-08,NA,NA,NA,NA,NA,NA,NA,NA,NA,NA,NA,2023,0.5
"2","4","V",NA,NA,NA,NA,NA,"<1","<1",1,"<0.5",NA,NA,NA,NA,"N",NA,NA,2023-08-09,"YOSE7","SB",2024-02-08,NA,NA,NA,NA,NA,NA,NA,NA,NA,NA,NA,2023,0.5
"2","4","V",NA,NA,NA,NA,NA,"<1","<1",1,"<0.5",NA,NA,NA,NA,"N",NA,NA,2023-08-09,"YOSE7","SB",2024-02-08,NA,NA,NA,NA,NA,NA,NA,NA,NA,NA,NA,2023,0.5
"2","4","V",NA,NA,NA,NA,NA,"<1","<0.8",1,"<0.4",NA,NA,NA,NA,"N",NA,NA,2023-08-09,"YOSE7","SY",2024-02-07,NA,NA,NA,NA,NA,NA,NA,NA,NA,NA,NA,2023,0.5
"2","4","V",NA,NA,NA,NA,NA,"<1","<0.8",1,"<0.4",NA,NA,NA,NA,"N",NA,NA,2023-08-09,"YOSE7","SB",2024-02-08,NA,NA,NA,NA,NA,NA,NA,NA,NA,NA,NA,2023,0.5
"2","4","V",NA,NA,NA,NA,NA,"<1","<0.8",1,"<0.4",NA,NA,NA,NA,"N",NA,NA,2023-08-09,"YOSE7","SB",2024-02-08,NA,NA,NA,NA,NA,NA,NA,NA,NA,NA,NA,2023,0.5
"2","4","V",NA,NA,NA,NA,NA,"<1","<0.8",1,"<0.4",NA,NA,NA,NA,"N",NA,NA,2023-08-09,"YOSE7","SB",2024-02-08,NA,NA,NA,NA,NA,NA,NA,NA,NA,NA,NA,2023,0.5
"2","4","V",NA,NA,NA,NA,NA,"<1","<0.8",1,"<0.4",NA,NA,NA,NA,"N",NA,NA,2023-08-09,"YOSE7","SB",2024-02-08,NA,NA,NA,NA,NA,NA,NA,NA,NA,NA,NA,2023,0.5
"2","4","V",NA,NA,NA,NA,NA,"<1","<0.8",1,"<0.4",NA,NA,NA,NA,"N",NA,NA,2023-08-09,"YOSE7","SB",2024-02-08,NA,NA,NA,NA,NA,NA,NA,NA,NA,NA,NA,2023,0.5
"2","4","V",NA,NA,NA,NA,NA,"<1","<0.8",1,"<0.4",NA,NA,NA,NA,"N",NA,NA,2023-08-09,"YOSE7","SB",2024-02-08,NA,NA,NA,NA,NA,NA,NA,NA,NA,NA,NA,2023,0.5
"2","4","V",NA,NA,NA,NA,NA,"<1","<0.8",1,"<0.4",NA,NA,NA,NA,"N",NA,NA,2023-08-09,"YOSE7","SB",2024-02-08,NA,NA,NA,NA,NA,NA,NA,NA,NA,NA,NA,2023,0.5
"2","4","V",NA,NA,NA,NA,NA,"<1","<0.8",1,"<0.4",NA,NA,NA,NA,"N",NA,NA,2023-08-09,"YOSE7","SB",2024-02-08,NA,NA,NA,NA,NA,NA,NA,NA,NA,NA,NA,2023,0.5
"2","4","V",NA,NA,NA,NA,NA,"<1","<0.8",1,"<0.4",NA,NA,NA,NA,"N",NA,NA,2023-08-09,"YOSE7","SB",2024-02-08,NA,NA,NA,NA,NA,NA,NA,NA,NA,NA,NA,2023,0.5
"2","4","V",NA,NA,NA,NA,NA,"<1","<0.8",1,"<0.4",NA,NA,NA,NA,"N",NA,NA,2023-08-09,"YOSE7","SB",2024-02-08,NA,NA,NA,NA,NA,NA,NA,NA,NA,NA,NA,2023,0.5
"2","4","V",NA,NA,NA,NA,NA,"<1","<0.8",1,"<0.4",NA,NA,NA,NA,"N",NA,NA,2023-08-09,"YOSE7","SB",2024-02-08,NA,NA,NA,NA,NA,NA,NA,NA,NA,NA,NA,2023,0.5
"2","4","V",NA,NA,NA,NA,NA,"<1","<0.8",1,"<0.4",NA,NA,NA,NA,"N",NA,NA,2023-08-09,"YOSE7","SB",2024-02-08,NA,NA,NA,NA,NA,NA,NA,NA,NA,NA,NA,2023,0.5
"2","4","V",NA,NA,NA,NA,NA,"<1","<0.8",1,"<0.4",NA,NA,NA,NA,"N",NA,NA,2023-08-09,"YOSE7","SB",2024-02-08,NA,NA,NA,NA,NA,NA,NA,NA,NA,NA,NA,2023,0.5
"2","4","V",NA,NA,NA,NA,NA,"<1","<0.8",1,"<0.4",NA,NA,NA,NA,"N",NA,NA,2023-08-09,"YOSE7","SB",2024-02-08,NA,NA,NA,NA,NA,NA,NA,NA,NA,NA,NA,2023,0.5
"2","4","V",NA,NA,NA,NA,NA,"<1","<0.8",1,"<0.4",NA,NA,NA,NA,"N",NA,NA,2023-08-09,"YOSE7","SB",2024-02-08,NA,NA,NA,NA,NA,NA,NA,NA,NA,NA,NA,2023,0.5
"2","4","V",NA,NA,NA,NA,NA,"<1","<0.8",1,"<0.4",NA,NA,NA,NA,"N",NA,NA,2023-08-09,"YOSE7","SB",2024-02-08,NA,NA,NA,NA,NA,NA,NA,NA,NA,NA,NA,2023,0.5
"2","4","V",NA,NA,NA,NA,NA,"<1","<0.8",1,"<0.4",NA,NA,NA,NA,"N",NA,NA,2023-08-09,"YOSE7","SB",2024-02-08,NA,NA,NA,NA,NA,NA,NA,NA,NA,NA,NA,2023,0.5
"2","4","V",NA,NA,NA,NA,NA,"<1","<0.8",1,"<0.4",NA,NA,NA,NA,"N",NA,NA,2023-08-09,"YOSE7","SB",2024-02-08,NA,NA,NA,NA,NA,NA,NA,NA,NA,NA,NA,2023,0.5
"2","4","V",NA,NA,NA,NA,NA,"<1","<0.8",1,"<0.4",NA,NA,NA,NA,"N",NA,NA,2023-08-09,"YOSE7","SB",2024-02-08,NA,NA,NA,NA,NA,NA,NA,NA,NA,NA,NA,2023,0.5
"2","4","V",NA,NA,NA,NA,NA,"<1","<0.8",1,"<0.4",NA,NA,NA,NA,"N",NA,NA,2023-08-09,"YOSE7","SB",2024-02-08,NA,NA,NA,NA,NA,NA,NA,NA,NA,NA,NA,2023,0.5
"2","4","V",NA,NA,NA,NA,NA,"<1","<0.8",1,"<0.4",NA,NA,NA,NA,"N",NA,NA,2023-08-09,"YOSE7","SB",2024-02-08,NA,NA,NA,NA,NA,NA,NA,NA,NA,NA,NA,2023,0.5
"2","4","V",NA,NA,NA,NA,NA,"<1","<0.8",1,"<0.4",NA,NA,NA,NA,"N",NA,NA,2023-08-09,"YOSE7","SB",2024-02-08,NA,NA,NA,NA,NA,NA,NA,NA,NA,NA,NA,2023,0.5
"2","4","V",NA,NA,NA,NA,NA,"<1","<0.8",1,"<0.4",NA,NA,NA,NA,"N",NA,NA,2023-08-09,"YOSE7","SB",2024-02-08,NA,NA,NA,NA,NA,NA,NA,NA,NA,NA,NA,2023,0.5
"2","4","V",NA,NA,NA,NA,NA,"<1","<0.8",1,"<0.4",NA,NA,NA,NA,"N",NA,NA,2023-08-09,"YOSE7","SB",2024-02-08,NA,NA,NA,NA,NA,NA,NA,NA,NA,NA,NA,2023,0.5
"2","4","V",NA,NA,NA,NA,NA,"<1","<0.8",1,"<0.4",NA,NA,NA,NA,"N",NA,NA,2023-08-09,"YOSE7","SB",2024-02-08,NA,NA,NA,NA,NA,NA,NA,NA,NA,NA,NA,2023,0.5
"2","4","V",NA,NA,NA,NA,NA,"<1","<0.8",1,"<0.4",NA,NA,NA,NA,"N",NA,NA,2023-08-09,"YOSE7","SB",2024-02-08,NA,NA,NA,NA,NA,NA,NA,NA,NA,NA,NA,2023,0.5
"2","4","V",NA,NA,NA,NA,NA,"<1","<0.8",1,"<0.4",NA,NA,NA,NA,"N",NA,NA,2023-08-09,"YOSE7","SB",2024-02-08,NA,NA,NA,NA,NA,NA,NA,NA,NA,NA,NA,2023,0.5
"2","4","V",NA,NA,NA,NA,NA,"<1","<0.8",1,"<0.4",NA,NA,NA,NA,"N",NA,NA,2023-08-09,"YOSE7","SB",2024-02-08,NA,NA,NA,NA,NA,NA,NA,NA,NA,NA,NA,2023,0.5
"2","4","V",NA,NA,NA,NA,NA,"<1","<0.8",1,"<0.4",NA,NA,NA,NA,"N",NA,NA,2023-08-09,"YOSE7","SB",2024-02-08,NA,NA,NA,NA,NA,NA,NA,NA,NA,NA,NA,2023,0.5
"2","4","V",NA,NA,NA,NA,NA,"<1","<0.8",1,"<0.4",NA,NA,NA,NA,"N",NA,NA,2023-08-09,"YOSE7","SB",2024-02-08,NA,NA,NA,NA,NA,NA,NA,NA,NA,NA,NA,2023,0.5
"2","4","V",NA,NA,NA,NA,NA,"<1","<0.8",1,"<0.4",NA,NA,NA,NA,"N",NA,NA,2023-08-09,"YOSE7","SB",2024-02-08,NA,NA,NA,NA,NA,NA,NA,NA,NA,NA,NA,2023,0.5
"2","4","V",NA,NA,NA,NA,NA,"<1","1.0",1,"0.7",NA,NA,NA,NA,"Y",NA,NA,2023-08-09,"YOSE7","SY",2024-02-07,NA,NA,NA,NA,NA,NA,NA,NA,NA,NA,NA,2023,0.5
"2","4","V",NA,NA,NA,NA,NA,"<1","1.2",1,"0.6",NA,NA,NA,NA,"N",NA,NA,2023-08-09,"YOSE7","SY",2024-02-07,NA,NA,NA,NA,NA,NA,NA,NA,NA,NA,NA,2023,0.5
"2","4","V",NA,NA,NA,NA,NA,"<1","1.4",1,"1.0",NA,NA,NA,NA,"N",NA,NA,2023-08-09,"YOSE7","SY",2024-02-07,NA,NA,NA,NA,NA,NA,NA,NA,NA,NA,NA,2023,0.5
"2","4","V",NA,NA,NA,NA,NA,"<1","2.0",1,"0.6",NA,NA,NA,NA,"N",NA,NA,2023-08-09,"YOSE7","SY",2024-02-07,NA,NA,NA,NA,NA,NA,NA,NA,NA,NA,NA,2023,0.5
"2","4","V",NA,NA,NA,NA,NA,"<1","1.2",1,"0.9",NA,NA,NA,NA,"N",NA,NA,2023-08-09,"YOSE7","SY",2024-02-07,NA,NA,NA,NA,NA,NA,NA,NA,NA,NA,NA,2023,0.5
"2","4","V",NA,NA,NA,NA,NA,"<1","1.1",1,"0.6",NA,NA,NA,NA,"N",NA,NA,2023-08-09,"YOSE7","SY",2024-02-07,NA,NA,NA,NA,NA,NA,NA,NA,NA,NA,NA,2023,0.5
"2","4","V",NA,NA,NA,NA,NA,"<1","1.1",1,"0.7",NA,NA,NA,NA,"N",NA,NA,2023-08-09,"YOSE7","SY",2024-02-07,NA,NA,NA,NA,NA,NA,NA,NA,NA,NA,NA,2023,0.5
"2","4","V",NA,NA,NA,NA,NA,"<1","0.9",1,"0.7",NA,NA,NA,NA,"N",NA,NA,2023-08-09,"YOSE7","SY",2024-02-07,NA,NA,NA,NA,NA,NA,NA,NA,NA,NA,NA,2023,0.5
"2","4","V",NA,NA,NA,NA,NA,"<1","1.9",1,"0.8",NA,NA,NA,NA,"N",NA,NA,2023-08-09,"YOSE7","SY",2024-02-07,NA,NA,NA,NA,NA,NA,NA,NA,NA,NA,NA,2023,0.5
"2","4","V",NA,NA,NA,NA,NA,"<1","<1",1,"<0.5",NA,NA,NA,NA,"N",NA,NA,2023-08-09,"YOSE7","SY",2024-02-07,NA,NA,NA,NA,NA,NA,NA,NA,NA,NA,NA,2023,0.5
"2","4","V",NA,NA,NA,NA,NA,"<1","<1",1,"<0.5",NA,NA,NA,NA,"N",NA,NA,2023-08-09,"YOSE7","SB",2024-02-08,NA,NA,NA,NA,NA,NA,NA,NA,NA,NA,NA,2023,0.5
"2","4","V",NA,NA,NA,NA,NA,"<1","<1",1,"<0.5",NA,NA,NA,NA,"N",NA,NA,2023-08-09,"YOSE7","SB",2024-02-08,NA,NA,NA,NA,NA,NA,NA,NA,NA,NA,NA,2023,0.5
"2","4","V",NA,NA,NA,NA,NA,"<1","<1",1,"<0.5",NA,NA,NA,NA,"N",NA,NA,2023-08-09,"YOSE7","SB",2024-02-08,NA,NA,NA,NA,NA,NA,NA,NA,NA,NA,NA,2023,0.5
"2","4","V",NA,NA,NA,NA,NA,"<1","<1",1,"<0.5",NA,NA,NA,NA,"N",NA,NA,2023-08-09,"YOSE7","SB",2024-02-08,NA,NA,NA,NA,NA,NA,NA,NA,NA,NA,NA,2023,0.5
"2","4","V",NA,NA,NA,NA,NA,"<1","<1",1,"<0.5",NA,NA,NA,NA,"N",NA,NA,2023-08-09,"YOSE7","SB",2024-02-08,NA,NA,NA,NA,NA,NA,NA,NA,NA,NA,NA,2023,0.5
"2","4","V",NA,NA,NA,NA,NA,"<1","<1",1,"<0.5",NA,NA,NA,NA,"N",NA,NA,2023-08-09,"YOSE7","SB",2024-02-08,NA,NA,NA,NA,NA,NA,NA,NA,NA,NA,NA,2023,0.5
"2","4","V",NA,NA,NA,NA,NA,"<1","<1",1,"<0.5",NA,NA,NA,NA,"N",NA,NA,2023-08-09,"YOSE7","SB",2024-02-08,NA,NA,NA,NA,NA,NA,NA,NA,NA,NA,NA,2023,0.5
"2","4","V",NA,NA,NA,NA,NA,"<1","<1",1,"<0.5",NA,NA,NA,NA,"N",NA,NA,2023-08-09,"YOSE7","SB",2024-02-08,NA,NA,NA,NA,NA,NA,NA,NA,NA,NA,NA,2023,0.5
"2","4","V",NA,NA,NA,NA,NA,"<1","<1",1,"<0.5",NA,NA,NA,NA,"N",NA,NA,2023-08-09,"YOSE7","SB",2024-02-08,NA,NA,NA,NA,NA,NA,NA,NA,NA,NA,NA,2023,0.5
"2","4","V",NA,NA,NA,NA,NA,"<1","<1",1,"<0.5",NA,NA,NA,NA,"N",NA,NA,2023-08-09,"YOSE7","SB",2024-02-08,NA,NA,NA,NA,NA,NA,NA,NA,NA,NA,NA,2023,0.5
"2","4","V",NA,NA,NA,NA,NA,"<1","<1",1,"<0.5",NA,NA,NA,NA,"N",NA,NA,2023-08-09,"YOSE7","SB",2024-02-08,NA,NA,NA,NA,NA,NA,NA,NA,NA,NA,NA,2023,0.5
"2","4","V",NA,NA,NA,NA,NA,"<1","<1",1,"<0.5",NA,NA,NA,NA,"N",NA,NA,2023-08-09,"YOSE7","SB",2024-02-08,NA,NA,NA,NA,NA,NA,NA,NA,NA,NA,NA,2023,0.5
"2","4","V",NA,NA,NA,NA,NA,"<1","<1",1,"<0.5",NA,NA,NA,NA,"N",NA,NA,2023-08-09,"YOSE7","SB",2024-02-08,NA,NA,NA,NA,NA,NA,NA,NA,NA,NA,NA,2023,0.5
"2","4","V",NA,NA,NA,NA,NA,"<1","<1",1,"<0.5",NA,NA,NA,NA,"N",NA,NA,2023-08-09,"YOSE7","SB",2024-02-08,NA,NA,NA,NA,NA,NA,NA,NA,NA,NA,NA,2023,0.5
"2","4","V",NA,NA,NA,NA,NA,"<1","<1",1,"<0.5",NA,NA,NA,NA,"N",NA,NA,2023-08-09,"YOSE7","SB",2024-02-08,NA,NA,NA,NA,NA,NA,NA,NA,NA,NA,NA,2023,0.5
"2","4","V",NA,NA,NA,NA,NA,"<1","<1",1,"<0.5",NA,NA,NA,NA,"N",NA,NA,2023-08-09,"YOSE7","SB",2024-02-08,NA,NA,NA,NA,NA,NA,NA,NA,NA,NA,NA,2023,0.5
"2","4","V",NA,NA,NA,NA,NA,"<1","<1",1,"<0.5",NA,NA,NA,NA,"N",NA,NA,2023-08-09,"YOSE7","SB",2024-02-08,NA,NA,NA,NA,NA,NA,NA,NA,NA,NA,NA,2023,0.5
"2","4","V",NA,NA,NA,NA,NA,"<1","<1",1,"<0.5",NA,NA,NA,NA,"N",NA,NA,2023-08-09,"YOSE7","SB",2024-02-08,NA,NA,NA,NA,NA,NA,NA,NA,NA,NA,NA,2023,0.5
"2","4","V",NA,NA,NA,NA,NA,"<1","<1",1,"<0.5",NA,NA,NA,NA,"N",NA,NA,2023-08-09,"YOSE7","SB",2024-02-08,NA,NA,NA,NA,NA,NA,NA,NA,NA,NA,NA,2023,0.5
"2","4","V",NA,NA,NA,NA,NA,"<1","<1",1,"<0.5",NA,NA,NA,NA,"N",NA,NA,2023-08-09,"YOSE7","SB",2024-02-08,NA,NA,NA,NA,NA,NA,NA,NA,NA,NA,NA,2023,0.5
"2","4","V",NA,NA,NA,NA,NA,"<1","<1",1,"<0.5",NA,NA,NA,NA,"N",NA,NA,2023-08-09,"YOSE7","SB",2024-02-08,NA,NA,NA,NA,NA,NA,NA,NA,NA,NA,NA,2023,0.5
"2","4","V",NA,NA,NA,NA,NA,"<1","<1",1,"<0.5",NA,NA,NA,NA,"N",NA,NA,2023-08-09,"YOSE7","SB",2024-02-08,NA,NA,NA,NA,NA,NA,NA,NA,NA,NA,NA,2023,0.5
"2","4","V",NA,NA,NA,NA,NA,"<1","<1",1,"<0.5",NA,NA,NA,NA,"N",NA,NA,2023-08-09,"YOSE7","SB",2024-02-08,NA,NA,NA,NA,NA,NA,NA,NA,NA,NA,NA,2023,0.5
"2","4","V",NA,NA,NA,NA,NA,"<1","<1",1,"<0.5",NA,NA,NA,NA,"N",NA,NA,2023-08-09,"YOSE7","SB",2024-02-08,NA,NA,NA,NA,NA,NA,NA,NA,NA,NA,NA,2023,0.5
"2","4","V",NA,NA,NA,NA,NA,"<1","<1",1,"<0.5",NA,NA,NA,NA,"N",NA,NA,2023-08-09,"YOSE7","SB",2024-02-08,NA,NA,NA,NA,NA,NA,NA,NA,NA,NA,NA,2023,0.5
"2","4","V",NA,NA,NA,NA,NA,"<1","<1",1,"<0.5",NA,NA,NA,NA,"N",NA,NA,2023-08-09,"YOSE7","SB",2024-02-08,NA,NA,NA,NA,NA,NA,NA,NA,NA,NA,NA,2023,0.5
"2","4","V",NA,NA,NA,NA,NA,"<1","<1",1,"<0.5",NA,NA,NA,NA,"N",NA,NA,2023-08-09,"YOSE7","SB",2024-02-08,NA,NA,NA,NA,NA,NA,NA,NA,NA,NA,NA,2023,0.5
"2","4","V",NA,NA,NA,NA,NA,"<1","<1",1,"<0.5",NA,NA,NA,NA,"N",NA,NA,2023-08-09,"YOSE7","SB",2024-02-08,NA,NA,NA,NA,NA,NA,NA,NA,NA,NA,NA,2023,0.5
"2","4","V",NA,NA,NA,NA,NA,"<1","<1",1,"<0.5",NA,NA,NA,NA,"N",NA,NA,2023-08-09,"YOSE7","SB",2024-02-08,NA,NA,NA,NA,NA,NA,NA,NA,NA,NA,NA,2023,0.5
"2","4","V",NA,NA,NA,NA,NA,"<1","<1",1,"<0.5",NA,NA,NA,NA,"N",NA,NA,2023-08-09,"YOSE7","SB",2024-02-08,NA,NA,NA,NA,NA,NA,NA,NA,NA,NA,NA,2023,0.5
"2","4","V",NA,NA,NA,NA,NA,"<1","<1",1,"<0.5",NA,NA,NA,NA,"N",NA,NA,2023-08-09,"YOSE7","SB",2024-02-08,NA,NA,NA,NA,NA,NA,NA,NA,NA,NA,NA,2023,0.5
"2","4","V",NA,NA,NA,NA,NA,"<1","<1",1,"<0.5",NA,NA,NA,NA,"N",NA,NA,2023-08-09,"YOSE7","SB",2024-02-08,NA,NA,NA,NA,NA,NA,NA,NA,NA,NA,NA,2023,0.5
"2","4","V",NA,NA,NA,NA,NA,"<1","<1",1,"<0.5",NA,NA,NA,NA,"N",NA,NA,2023-08-09,"YOSE7","SB",2024-02-08,NA,NA,NA,NA,NA,NA,NA,NA,NA,NA,NA,2023,0.5
"2","4","V",NA,NA,NA,NA,NA,"<1","<1",1,"<0.5",NA,NA,NA,NA,"N",NA,NA,2023-08-09,"YOSE7","SB",2024-02-08,NA,NA,NA,NA,NA,NA,NA,NA,NA,NA,NA,2023,0.5
"2","4","V",NA,NA,NA,NA,NA,"<1","<1",1,"<0.5",NA,NA,NA,NA,"N",NA,NA,2023-08-09,"YOSE7","SB",2024-02-08,NA,NA,NA,NA,NA,NA,NA,NA,NA,NA,NA,2023,0.5
"2","4","V",NA,NA,NA,NA,NA,"<1","<1",1,"<0.5",NA,NA,NA,NA,"N",NA,NA,2023-08-09,"YOSE7","SB",2024-02-08,NA,NA,NA,NA,NA,NA,NA,NA,NA,NA,NA,2023,0.5
"2","4","V",NA,NA,NA,NA,NA,"<1","<1",1,"<0.5",NA,NA,NA,NA,"N",NA,NA,2023-08-09,"YOSE7","SB",2024-02-08,NA,NA,NA,NA,NA,NA,NA,NA,NA,NA,NA,2023,0.5
"2","4","V",NA,NA,NA,NA,NA,"<1","<1",1,"<0.5",NA,NA,NA,NA,"N",NA,NA,2023-08-09,"YOSE7","SB",2024-02-08,NA,NA,NA,NA,NA,NA,NA,NA,NA,NA,NA,2023,0.5
"2","4","V",NA,NA,NA,NA,NA,"<1","<1",1,"<0.5",NA,NA,NA,NA,"N",NA,NA,2023-08-09,"YOSE7","SB",2024-02-08,NA,NA,NA,NA,NA,NA,NA,NA,NA,NA,NA,2023,0.5
"2","4","V",NA,NA,NA,NA,NA,"<1","<1",1,"<0.5",NA,NA,NA,NA,"N",NA,NA,2023-08-09,"YOSE7","SB",2024-02-08,NA,NA,NA,NA,NA,NA,NA,NA,NA,NA,NA,2023,0.5
"2","4","V",NA,NA,NA,NA,NA,"<1","<1",1,"<0.5",NA,NA,NA,NA,"N",NA,NA,2023-08-09,"YOSE7","SB",2024-02-08,NA,NA,NA,NA,NA,NA,NA,NA,NA,NA,NA,2023,0.5
"2","4","V",NA,NA,NA,NA,NA,"<1","<1",1,"<0.5",NA,NA,NA,NA,"N",NA,NA,2023-08-09,"YOSE7","SB",2024-02-08,NA,NA,NA,NA,NA,NA,NA,NA,NA,NA,NA,2023,0.5
"2","4","V",NA,NA,NA,NA,NA,"<1","<1",1,"<0.5",NA,NA,NA,NA,"N",NA,NA,2023-08-09,"YOSE7","SB",2024-02-08,NA,NA,NA,NA,NA,NA,NA,NA,NA,NA,NA,2023,0.5
"2","4","V",NA,NA,NA,NA,NA,"<1","<1",1,"<0.5",NA,NA,NA,NA,"N",NA,NA,2023-08-09,"YOSE7","SB",2024-02-08,NA,NA,NA,NA,NA,NA,NA,NA,NA,NA,NA,2023,0.5
"2","4","V",NA,NA,NA,NA,NA,"<1","<1",1,"<0.5",NA,NA,NA,NA,"N",NA,NA,2023-08-09,"YOSE7","SB",2024-02-08,NA,NA,NA,NA,NA,NA,NA,NA,NA,NA,NA,2023,0.5
"2","4","V",NA,NA,NA,NA,NA,"<1","<1",1,"<0.5",NA,NA,NA,NA,"N",NA,NA,2023-08-09,"YOSE7","SB",2024-02-08,NA,NA,NA,NA,NA,NA,NA,NA,NA,NA,NA,2023,0.5
"2","4","V",NA,NA,NA,NA,NA,"<1","<1",1,"<0.5",NA,NA,NA,NA,"N",NA,NA,2023-08-09,"YOSE7","SB",2024-02-08,NA,NA,NA,NA,NA,NA,NA,NA,NA,NA,NA,2023,0.5
"2","4","V",NA,NA,NA,NA,NA,"<1","<1",1,"<0.5",NA,NA,NA,NA,"N",NA,NA,2023-08-09,"YOSE7","SB",2024-02-08,NA,NA,NA,NA,NA,NA,NA,NA,NA,NA,NA,2023,0.5
"2","4","V",NA,NA,NA,NA,NA,"<1","<1",1,"<0.5",NA,NA,NA,NA,"N",NA,NA,2023-08-09,"YOSE7","SB",2024-02-08,NA,NA,NA,NA,NA,NA,NA,NA,NA,NA,NA,2023,0.5
"2","4","V",NA,NA,NA,NA,NA,"<1","<1",1,"<0.5",NA,NA,NA,NA,"N",NA,NA,2023-08-09,"YOSE7","SB",2024-02-08,NA,NA,NA,NA,NA,NA,NA,NA,NA,NA,NA,2023,0.5
"2","4","V",NA,NA,NA,NA,NA,"<1","<1",1,"<0.5",NA,NA,NA,NA,"N",NA,NA,2023-08-09,"YOSE7","SY",2024-02-07,NA,NA,NA,NA,NA,NA,NA,NA,NA,NA,NA,2023,0.5
"2","4","V",NA,NA,NA,NA,NA,"<1","<1",1,"<0.5",NA,NA,NA,NA,"N",NA,NA,2023-08-09,"YOSE7","SB",2024-02-08,NA,NA,NA,NA,NA,NA,NA,NA,NA,NA,NA,2023,0.5
"2","4","V",NA,NA,NA,NA,NA,"<1","<1",1,"<0.5",NA,NA,NA,NA,"N",NA,NA,2023-08-09,"YOSE7","SB",2024-02-08,NA,NA,NA,NA,NA,NA,NA,NA,NA,NA,NA,2023,0.5
"2","4","V",NA,NA,NA,NA,NA,"<1","<1",1,"<0.5",NA,NA,NA,NA,"N",NA,NA,2023-08-09,"YOSE7","SB",2024-02-08,NA,NA,NA,NA,NA,NA,NA,NA,NA,NA,NA,2023,0.5
"2","4","V",NA,NA,NA,NA,NA,"<1","<1",1,"<0.5",NA,NA,NA,NA,"N",NA,NA,2023-08-09,"YOSE7","SB",2024-02-08,NA,NA,NA,NA,NA,NA,NA,NA,NA,NA,NA,2023,0.5
"2","4","V",NA,NA,NA,NA,NA,"<1","<1",1,"<0.5",NA,NA,NA,NA,"N",NA,NA,2023-08-09,"YOSE7","SB",2024-02-08,NA,NA,NA,NA,NA,NA,NA,NA,NA,NA,NA,2023,0.5
"2","4","V",NA,NA,NA,NA,NA,"<1","<1",1,"<0.5",NA,NA,NA,NA,"N",NA,NA,2023-08-09,"YOSE7","SB",2024-02-08,NA,NA,NA,NA,NA,NA,NA,NA,NA,NA,NA,2023,0.5
"2","4","V",NA,NA,NA,NA,NA,"<1","<1",1,"<0.5",NA,NA,NA,NA,"N",NA,NA,2023-08-09,"YOSE7","SB",2024-02-08,NA,NA,NA,NA,NA,NA,NA,NA,NA,NA,NA,2023,0.5
"2","4","V",NA,NA,NA,NA,NA,"<1","<1",1,"<0.5",NA,NA,NA,NA,"N",NA,NA,2023-08-09,"YOSE7","SB",2024-02-08,NA,NA,NA,NA,NA,NA,NA,NA,NA,NA,NA,2023,0.5
"2","4","V",NA,NA,NA,NA,NA,"<1","<1",1,"<0.5",NA,NA,NA,NA,"N",NA,NA,2023-08-09,"YOSE7","SB",2024-02-08,NA,NA,NA,NA,NA,NA,NA,NA,NA,NA,NA,2023,0.5
"2","4","V",NA,NA,NA,NA,NA,"<1","<1",1,"<0.5",NA,NA,NA,NA,"N",NA,NA,2023-08-09,"YOSE7","SB",2024-02-08,NA,NA,NA,NA,NA,NA,NA,NA,NA,NA,NA,2023,0.5
"2","4","V",NA,NA,NA,NA,NA,"<1","<1",1,"<0.5",NA,NA,NA,NA,"N",NA,NA,2023-08-09,"YOSE7","SB",2024-02-08,NA,NA,NA,NA,NA,NA,NA,NA,NA,NA,NA,2023,0.5
"2","4","V",NA,NA,NA,NA,NA,"<1","<1",1,"<0.5",NA,NA,NA,NA,"N",NA,NA,2023-08-09,"YOSE7","SB",2024-02-08,NA,NA,NA,NA,NA,NA,NA,NA,NA,NA,NA,2023,0.5
"2","4","V",NA,NA,NA,NA,NA,"<1","<1",1,"<0.5",NA,NA,NA,NA,"N",NA,NA,2023-08-09,"YOSE7","SB",2024-02-08,NA,NA,NA,NA,NA,NA,NA,NA,NA,NA,NA,2023,0.5
"2","4","V",NA,NA,NA,NA,NA,"<1","<1",1,"<0.5",NA,NA,NA,NA,"N",NA,NA,2023-08-09,"YOSE7","SB",2024-02-08,NA,NA,NA,NA,NA,NA,NA,NA,NA,NA,NA,2023,0.5
"2","4","V",NA,NA,NA,NA,NA,"<1","<1",1,"<0.5",NA,NA,NA,NA,"N",NA,NA,2023-08-09,"YOSE7","SB",2024-02-08,NA,NA,NA,NA,NA,NA,NA,NA,NA,NA,NA,2023,0.5
"2","4","V",NA,NA,NA,NA,NA,"<1","<1",1,"<0.5",NA,NA,NA,NA,"N",NA,NA,2023-08-09,"YOSE7","SB",2024-02-08,NA,NA,NA,NA,NA,NA,NA,NA,NA,NA,NA,2023,0.5
"2","4","V",NA,NA,NA,NA,NA,"<1","<1",1,"<0.5",NA,NA,NA,NA,"N",NA,NA,2023-08-09,"YOSE7","SB",2024-02-08,NA,NA,NA,NA,NA,NA,NA,NA,NA,NA,NA,2023,0.5
"2","4","V",NA,NA,NA,NA,NA,"<1","<1",1,"<0.5",NA,NA,NA,NA,"N",NA,NA,2023-08-09,"YOSE7","SB",2024-02-08,NA,NA,NA,NA,NA,NA,NA,NA,NA,NA,NA,2023,0.5
"2","4","V",NA,NA,NA,NA,NA,"<1","<1",1,"<0.5",NA,NA,NA,NA,"N",NA,NA,2023-08-09,"YOSE7","SB",2024-02-08,NA,NA,NA,NA,NA,NA,NA,NA,NA,NA,NA,2023,0.5
"2","4","V",NA,NA,NA,NA,NA,"<1","<1",1,"<0.5",NA,NA,NA,NA,"N",NA,NA,2023-08-09,"YOSE7","SB",2024-02-08,NA,NA,NA,NA,NA,NA,NA,NA,NA,NA,NA,2023,0.5
"2","4","V",NA,NA,NA,NA,NA,"<1","<1",1,"<0.5",NA,NA,NA,NA,"N",NA,NA,2023-08-09,"YOSE7","SB",2024-02-08,NA,NA,NA,NA,NA,NA,NA,NA,NA,NA,NA,2023,0.5
"2","4","V",NA,NA,NA,NA,NA,"<1","<1",1,"<0.5",NA,NA,NA,NA,"N",NA,NA,2023-08-09,"YOSE7","SB",2024-02-08,NA,NA,NA,NA,NA,NA,NA,NA,NA,NA,NA,2023,0.5
"2","4","V",NA,NA,NA,NA,NA,"<1","<1",1,"<0.5",NA,NA,NA,NA,"N",NA,NA,2023-08-09,"YOSE7","SB",2024-02-08,NA,NA,NA,NA,NA,NA,NA,NA,NA,NA,NA,2023,0.5
"2","4","V",NA,NA,NA,NA,NA,"<1","<1",1,"<0.5",NA,NA,NA,NA,"N",NA,NA,2023-08-09,"YOSE7","SB",2024-02-08,NA,NA,NA,NA,NA,NA,NA,NA,NA,NA,NA,2023,0.5
"2","4","V",NA,NA,NA,NA,NA,"<1","<1",1,"<0.5",NA,NA,NA,NA,"N",NA,NA,2023-08-09,"YOSE7","SB",2024-02-08,NA,NA,NA,NA,NA,NA,NA,NA,NA,NA,NA,2023,0.5
"2","4","V",NA,NA,NA,NA,NA,"<1","<1",1,"<0.5",NA,NA,NA,NA,"N",NA,NA,2023-08-09,"YOSE7","SB",2024-02-08,NA,NA,NA,NA,NA,NA,NA,NA,NA,NA,NA,2023,0.5
"2","4","V",NA,NA,NA,NA,NA,"<1","<1",1,"<0.5",NA,NA,NA,NA,"N",NA,NA,2023-08-09,"YOSE7","SB",2024-02-08,NA,NA,NA,NA,NA,NA,NA,NA,NA,NA,NA,2023,0.5
"2","4","V",NA,NA,NA,NA,NA,"<1","<1",1,"<0.5",NA,NA,NA,NA,"N",NA,NA,2023-08-09,"YOSE7","SB",2024-02-08,NA,NA,NA,NA,NA,NA,NA,NA,NA,NA,NA,2023,0.5
"2","4","V",NA,NA,NA,NA,NA,"<1","<1",1,"<0.5",NA,NA,NA,NA,"N",NA,NA,2023-08-09,"YOSE7","SB",2024-02-08,NA,NA,NA,NA,NA,NA,NA,NA,NA,NA,NA,2023,0.5
"2","4","V",NA,NA,NA,NA,NA,"<1","<1",1,"<0.5",NA,NA,NA,NA,"N",NA,NA,2023-08-09,"YOSE7","SB",2024-02-08,NA,NA,NA,NA,NA,NA,NA,NA,NA,NA,NA,2023,0.5
"2","4","V",NA,NA,NA,NA,NA,"<1","<1",1,"<0.5",NA,NA,NA,NA,"N",NA,NA,2023-08-09,"YOSE7","SB",2024-02-08,NA,NA,NA,NA,NA,NA,NA,NA,NA,NA,NA,2023,0.5
"2","4","V",NA,NA,NA,NA,NA,"<1","<1",1,"<0.5",NA,NA,NA,NA,"N",NA,NA,2023-08-09,"YOSE7","SB",2024-02-08,NA,NA,NA,NA,NA,NA,NA,NA,NA,NA,NA,2023,0.5
"2","3.5","F",10,9,"pink",NA,NA,"0.75","12.5",3,NA,"12.0",NA,NA,3,"N",NA,NA,2023-08-09,"YOSE7","SY",2024-02-07,NA,459,NA,NA,NA,NA,NA,NA,NA,NA,NA,2023,0.5
"2","3.5","F",20,20,"pink",NA,NA,"0.81","14.1",2,NA,"4.0",NA,NA,2,"N",NA,NA,2023-08-09,"YOSE7","SY",2024-02-07,NA,883,NA,NA,NA,NA,NA,NA,NA,NA,NA,2023,0.5
"2","3.5","V",12,12,"pink",NA,NA,"1.2","2.8",3,"2.3",NA,NA,NA,NA,"N",NA,NA,2023-08-09,"YOSE7","SY",2024-02-07,NA,764,NA,NA,NA,NA,NA,NA,NA,NA,NA,2023,1.2
"2","3.5","B",35,28,"pink",NA,NA,"0.22","3.1",1,"0.8",NA,NA,NA,1,"N",NA,NA,2023-08-09,"YOSE7","SY",2024-02-07,NA,871,NA,NA,NA,NA,NA,NA,NA,NA,NA,2023,0.5
"2","3.5","V",16,1,"pink",NA,NA,"0.4","1.8",1,"1.1",NA,NA,NA,NA,"N",NA,NA,2023-08-09,"YOSE7","SY",2024-02-07,NA,980,NA,NA,NA,NA,NA,NA,NA,NA,NA,2023,0.5
"2","3.5","V",35,25,"pink",NA,NA,"0.28","1.5",1,"1.0",NA,NA,NA,NA,"N",NA,NA,2023-08-09,"YOSE7","SY",2024-02-07,NA,705,NA,NA,NA,NA,NA,NA,NA,NA,NA,2023,0.5
"2","3.5","F",50,21,"pink",NA,NA,"0.73","14.7",1,NA,"2.0",NA,NA,1,"Y",NA,NA,2023-08-09,"YOSE7","SY",2024-02-07,NA,84,NA,NA,NA,NA,NA,NA,NA,NA,NA,2023,0.5
"2","3.5","V",38,5,"pink",NA,NA,"0.19","1.9",1,"0.6",NA,NA,NA,NA,"N",NA,NA,2023-08-09,"YOSE7","SY",2024-02-07,NA,790,NA,NA,NA,NA,NA,NA,NA,NA,NA,2023,0.5
"2","3.5","V",40,30,"pink",NA,NA,"0.21","1.4",1,"0.6",NA,NA,NA,NA,"N",NA,NA,2023-08-09,"YOSE7","SY",2024-02-07,NA,873,NA,NA,NA,NA,NA,NA,NA,NA,NA,2023,0.5
"2","3.5","V",10,33,"pink",NA,NA,"0.2","1.1",1,"0.9",NA,NA,NA,NA,"N",NA,NA,2023-08-09,"YOSE7","SY",2024-02-07,NA,34,NA,NA,NA,NA,NA,NA,NA,NA,NA,2023,0.5
"2","3.5","V",NA,NA,NA,NA,NA,"<1","1.1",1,"0.7",NA,NA,NA,NA,"Y",NA,NA,2023-08-09,"YOSE7","SY",2024-02-07,NA,NA,NA,NA,NA,NA,NA,NA,NA,NA,NA,2023,0.5
"2","3.5","V",NA,NA,NA,NA,NA,"<1","1.0",1,"0.6",NA,NA,NA,NA,"N",NA,NA,2023-08-09,"YOSE7","SY",2024-02-07,NA,NA,NA,NA,NA,NA,NA,NA,NA,NA,NA,2023,0.5
"2","3.5","V",NA,NA,NA,NA,NA,"<1","0.8",1,"0.6",NA,NA,NA,NA,"N",NA,NA,2023-08-09,"YOSE7","SY",2024-02-07,NA,NA,NA,NA,NA,NA,NA,NA,NA,NA,NA,2023,0.5
"2","3.5","V",NA,NA,NA,NA,NA,"<1","1.1",1,"0.7",NA,NA,NA,NA,"N",NA,NA,2023-08-09,"YOSE7","SY",2024-02-07,NA,NA,NA,NA,NA,NA,NA,NA,NA,NA,NA,2023,0.5
"2","3.5","V",NA,NA,NA,NA,NA,"<1","1.6",1,"1.3",NA,NA,NA,NA,"Y",NA,NA,2023-08-09,"YOSE7","SY",2024-02-07,NA,NA,NA,NA,NA,NA,NA,NA,NA,NA,NA,2023,0.5
"2","3.5","V",NA,NA,NA,NA,NA,"<1","1.7",1,"1.0",NA,NA,NA,NA,"Y",NA,NA,2023-08-09,"YOSE7","SY",2024-02-07,NA,NA,NA,NA,NA,NA,NA,NA,NA,NA,NA,2023,0.5
"2","3.5","V",NA,NA,NA,NA,NA,"<1","1.3",1,"0.5",NA,NA,NA,NA,"N",NA,NA,2023-08-09,"YOSE7","SY",2024-02-07,NA,NA,NA,NA,NA,NA,NA,NA,NA,NA,NA,2023,0.5
"2","3.5","V",NA,NA,NA,NA,NA,"<1","0.8",1,"0.8",NA,NA,NA,NA,"N",NA,NA,2023-08-09,"YOSE7","SY",2024-02-07,NA,NA,NA,NA,NA,NA,NA,NA,NA,NA,NA,2023,0.5
"2","3.5","V",NA,NA,NA,NA,NA,"<1","0.9",1,"0.8",NA,NA,NA,NA,"Y",NA,NA,2023-08-09,"YOSE7","SY",2024-02-07,NA,NA,NA,NA,NA,NA,NA,NA,NA,NA,NA,2023,0.5
"2","3.5","V",NA,NA,NA,NA,NA,"<1","0.6",1,"1.2",NA,NA,NA,NA,"N",NA,NA,2023-08-09,"YOSE7","SY",2024-02-07,NA,NA,NA,NA,NA,NA,NA,NA,NA,NA,NA,2023,0.5
"2","3.5","V",NA,NA,NA,NA,NA,"<1","0.4",1,"0.6",NA,NA,NA,NA,"N",NA,NA,2023-08-09,"YOSE7","SY",2024-02-07,NA,NA,NA,NA,NA,NA,NA,NA,NA,NA,NA,2023,0.5
"2","3.5","V",NA,NA,NA,NA,NA,"<1","1.0",1,"0.6",NA,NA,NA,NA,"N",NA,NA,2023-08-09,"YOSE7","SY",2024-02-07,NA,NA,NA,NA,NA,NA,NA,NA,NA,NA,NA,2023,0.5
"2","3.5","V",NA,NA,NA,NA,NA,"<1","1.7",1,"0.9",NA,NA,NA,NA,"N",NA,NA,2023-08-09,"YOSE7","SY",2024-02-07,NA,NA,NA,NA,NA,NA,NA,NA,NA,NA,NA,2023,0.5
"2","3.5","V",NA,NA,NA,NA,NA,"<1","0.8",1,"0.6",NA,NA,NA,NA,"N",NA,NA,2023-08-09,"YOSE7","SY",2024-02-07,NA,NA,NA,NA,NA,NA,NA,NA,NA,NA,NA,2023,0.5
"2","3.5","V",NA,NA,NA,NA,NA,"<1","1.2",1,"1.3",NA,NA,NA,NA,"N",NA,NA,2023-08-09,"YOSE7","SY",2024-02-07,NA,NA,NA,NA,NA,NA,NA,NA,NA,NA,NA,2023,0.5
"2","3.5","V",NA,NA,NA,NA,NA,"<1","0.6",1,"1.1",NA,NA,NA,NA,"N",NA,NA,2023-08-09,"YOSE7","SY",2024-02-07,NA,NA,NA,NA,NA,NA,NA,NA,NA,NA,NA,2023,0.5
"2","3.5","V",NA,NA,NA,NA,NA,"<1","1.5",1,"1.1",NA,NA,NA,NA,"N",NA,NA,2023-08-09,"YOSE7","SY",2024-02-07,NA,NA,NA,NA,NA,NA,NA,NA,NA,NA,NA,2023,0.5
"2","3.5","V",NA,NA,NA,NA,NA,"<1","0.6",1,"0.9",NA,NA,NA,NA,"N",NA,NA,2023-08-09,"YOSE7","SY",2024-02-07,NA,NA,NA,NA,NA,NA,NA,NA,NA,NA,NA,2023,0.5
"2","3.5","V",NA,NA,NA,NA,NA,"<1","0.5",1,"0.7",NA,NA,NA,NA,"N",NA,NA,2023-08-09,"YOSE7","SY",2024-02-07,NA,NA,NA,NA,NA,NA,NA,NA,NA,NA,NA,2023,0.5
"2","3.5","V",NA,NA,NA,NA,NA,"<1","1.5",1,"1.0",NA,NA,NA,NA,"N",NA,NA,2023-08-09,"YOSE7","SY",2024-02-07,NA,NA,NA,NA,NA,NA,NA,NA,NA,NA,NA,2023,0.5
"2","3.5","V",NA,NA,NA,NA,NA,"<1","0.8",1,"0.9",NA,NA,NA,NA,"N",NA,NA,2023-08-09,"YOSE7","SY",2024-02-07,NA,NA,NA,NA,NA,NA,NA,NA,NA,NA,NA,2023,0.5
"2","3.5","V",NA,NA,NA,NA,NA,"<1","1.3",1,"1.5",NA,NA,NA,NA,"Y",NA,NA,2023-08-09,"YOSE7","SY",2024-02-07,NA,NA,NA,NA,NA,NA,NA,NA,NA,NA,NA,2023,0.5
"2","3.5","V",NA,NA,NA,NA,NA,"<1","0.7",1,"0.9",NA,NA,NA,NA,"N",NA,NA,2023-08-09,"YOSE7","SY",2024-02-07,NA,NA,NA,NA,NA,NA,NA,NA,NA,NA,NA,2023,0.5
"2","3.5","V",NA,NA,NA,NA,NA,"<1","1.1",1,"0.6",NA,NA,NA,NA,"N",NA,NA,2023-08-09,"YOSE7","SY",2024-02-07,NA,NA,NA,NA,NA,NA,NA,NA,NA,NA,NA,2023,0.5
"2","3.5","V",NA,NA,NA,NA,NA,"<1","1.2",1,"0.4",NA,NA,NA,NA,"N",NA,NA,2023-08-09,"YOSE7","SY",2024-02-07,NA,NA,NA,NA,NA,NA,NA,NA,NA,NA,NA,2023,0.5
"2","3.5","V",NA,NA,NA,NA,NA,"<1","0.9",1,"0.8",NA,NA,NA,NA,"N",NA,NA,2023-08-09,"YOSE7","SY",2024-02-07,NA,NA,NA,NA,NA,NA,NA,NA,NA,NA,NA,2023,0.5
"2","3.5","V",NA,NA,NA,NA,NA,"<1","2.0",1,"0.7",NA,NA,NA,NA,"N",NA,NA,2023-08-09,"YOSE7","SY",2024-02-07,NA,NA,NA,NA,NA,NA,NA,NA,NA,NA,NA,2023,0.5
"2","3.5","V",NA,NA,NA,NA,NA,"<1","0.9",1,"0.4",NA,NA,NA,NA,"N",NA,NA,2023-08-09,"YOSE7","SY",2024-02-07,NA,NA,NA,NA,NA,NA,NA,NA,NA,NA,NA,2023,0.5
"2","3.5","V",NA,NA,NA,NA,NA,"<1","1.6",1,"0.6",NA,NA,NA,NA,"N",NA,NA,2023-08-09,"YOSE7","SY",2024-02-07,NA,NA,NA,NA,NA,NA,NA,NA,NA,NA,NA,2023,0.5
"2","3.5","V",NA,NA,NA,NA,NA,"<1","1.3",1,"0.5",NA,NA,NA,NA,"N",NA,NA,2023-08-09,"YOSE7","SY",2024-02-07,NA,NA,NA,NA,NA,NA,NA,NA,NA,NA,NA,2023,0.5
"2","3.5","V",NA,NA,NA,NA,NA,"<1","1.6",1,"1.5",NA,NA,NA,NA,"N",NA,NA,2023-08-09,"YOSE7","SY",2024-02-07,NA,NA,NA,NA,NA,NA,NA,NA,NA,NA,NA,2023,0.5
"2","3.5","V",NA,NA,NA,NA,NA,"<1","1.6",1,"1.0",NA,NA,NA,NA,"N",NA,NA,2023-08-09,"YOSE7","SY",2024-02-07,NA,NA,NA,NA,NA,NA,NA,NA,NA,NA,NA,2023,0.5
"2","3.5","V",NA,NA,NA,NA,NA,"<1","0.7",1,"0.4",NA,NA,NA,NA,"N",NA,NA,2023-08-09,"YOSE7","SY",2024-02-07,NA,NA,NA,NA,NA,NA,NA,NA,NA,NA,NA,2023,0.5
"2","3.5","V",NA,NA,NA,NA,NA,"<1","1.4",1,"1.1",NA,NA,NA,NA,"N",NA,NA,2023-08-09,"YOSE7","SY",2024-02-07,NA,NA,NA,NA,NA,NA,NA,NA,NA,NA,NA,2023,0.5
"2","3.5","V",NA,NA,NA,NA,NA,"<1","1.2",1,"0.4",NA,NA,NA,NA,"N",NA,NA,2023-08-09,"YOSE7","SY",2024-02-07,NA,NA,NA,NA,NA,NA,NA,NA,NA,NA,NA,2023,0.5
"2","3.5","V",NA,NA,NA,NA,NA,"<1","1.3",1,"0.6",NA,NA,NA,NA,"N",NA,NA,2023-08-09,"YOSE7","SY",2024-02-07,NA,NA,NA,NA,NA,NA,NA,NA,NA,NA,NA,2023,0.5
"2","3.5","V",NA,NA,NA,NA,NA,"<1","1.1",1,"0.6",NA,NA,NA,NA,"N",NA,NA,2023-08-09,"YOSE7","SY",2024-02-07,NA,NA,NA,NA,NA,NA,NA,NA,NA,NA,NA,2023,0.5
"2","3.5","V",NA,NA,NA,NA,NA,"<1","0.9",1,"1.0",NA,NA,NA,NA,"Y",NA,NA,2023-08-09,"YOSE7","SY",2024-02-07,NA,NA,NA,NA,NA,NA,NA,NA,NA,NA,NA,2023,0.5
"2","3.5","V",NA,NA,NA,NA,NA,"<1","0.9",1,"0.9",NA,NA,NA,NA,"N",NA,NA,2023-08-09,"YOSE7","SY",2024-02-07,NA,NA,NA,NA,NA,NA,NA,NA,NA,NA,NA,2023,0.5
"2","3.5","V",NA,NA,NA,NA,NA,"<1","1.0",1,"0.5",NA,NA,NA,NA,"N",NA,NA,2023-08-09,"YOSE7","SY",2024-02-07,NA,NA,NA,NA,NA,NA,NA,NA,NA,NA,NA,2023,0.5
"2","3.5","V",NA,NA,NA,NA,NA,"<1","1.5",1,"0.6",NA,NA,NA,NA,"N",NA,NA,2023-08-09,"YOSE7","SY",2024-02-07,NA,NA,NA,NA,NA,NA,NA,NA,NA,NA,NA,2023,0.5
"2","3.5","V",NA,NA,NA,NA,NA,"<1","1.0",1,"0.4",NA,NA,NA,NA,"N",NA,NA,2023-08-09,"YOSE7","SY",2024-02-07,NA,NA,NA,NA,NA,NA,NA,NA,NA,NA,NA,2023,0.5
"2","3.5","V",NA,NA,NA,NA,NA,"<1","1.9",1,"0.4",NA,NA,NA,NA,"Y",NA,NA,2023-08-09,"YOSE7","SY",2024-02-07,NA,NA,NA,NA,NA,NA,NA,NA,NA,NA,NA,2023,0.5
"2","3.5","V",NA,NA,NA,NA,NA,"<1","0.7",1,"0.4",NA,NA,NA,NA,"N",NA,NA,2023-08-09,"YOSE7","SY",2024-02-07,NA,NA,NA,NA,NA,NA,NA,NA,NA,NA,NA,2023,0.5
"2","3.5","V",NA,NA,NA,NA,NA,"<1","1.1",1,"0.3",NA,NA,NA,NA,"N",NA,NA,2023-08-09,"YOSE7","SY",2024-02-07,NA,NA,NA,NA,NA,NA,NA,NA,NA,NA,NA,2023,0.5
"2","3.5","V",NA,NA,NA,NA,NA,"<1","1.4",1,"0.7",NA,NA,NA,NA,"N",NA,NA,2023-08-09,"YOSE7","SY",2024-02-07,NA,NA,NA,NA,NA,NA,NA,NA,NA,NA,NA,2023,0.5
"2","3.5","V",NA,NA,NA,NA,NA,"<1","1.4",1,"0.7",NA,NA,NA,NA,"N",NA,NA,2023-08-09,"YOSE7","SY",2024-02-07,NA,NA,NA,NA,NA,NA,NA,NA,NA,NA,NA,2023,0.5
"2","3.5","V",NA,NA,NA,NA,NA,"<1","1.2",1,"0.5",NA,NA,NA,NA,"N",NA,NA,2023-08-09,"YOSE7","SY",2024-02-07,NA,NA,NA,NA,NA,NA,NA,NA,NA,NA,NA,2023,0.5
"2","3.5","V",NA,NA,NA,NA,NA,"<1","1.0",1,"0.4",NA,NA,NA,NA,"N",NA,NA,2023-08-09,"YOSE7","SY",2024-02-07,NA,NA,NA,NA,NA,NA,NA,NA,NA,NA,NA,2023,0.5
"2","3.5","V",NA,NA,NA,NA,NA,"<1","0.9",1,"0.5",NA,NA,NA,NA,"N",NA,NA,2023-08-09,"YOSE7","SY",2024-02-07,NA,NA,NA,NA,NA,NA,NA,NA,NA,NA,NA,2023,0.5
"2","3.5","V",NA,NA,NA,NA,NA,"<1","<1",1,"<0.5",NA,NA,NA,NA,"N",NA,NA,2023-08-09,"YOSE7","SY",2024-02-07,NA,NA,NA,NA,NA,NA,NA,NA,NA,NA,NA,2023,0.5
"2","3.5","V",NA,NA,NA,NA,NA,"<1","<1",1,"<0.5",NA,NA,NA,NA,"N",NA,NA,2023-08-09,"YOSE7","SB",2024-02-08,NA,NA,NA,NA,NA,NA,NA,NA,NA,NA,NA,2023,0.5
"2","3.5","V",NA,NA,NA,NA,NA,"<1","<1",1,"<0.5",NA,NA,NA,NA,"N",NA,NA,2023-08-09,"YOSE7","SB",2024-02-08,NA,NA,NA,NA,NA,NA,NA,NA,NA,NA,NA,2023,0.5
"2","3.5","V",NA,NA,NA,NA,NA,"<1","<1",1,"<0.5",NA,NA,NA,NA,"N",NA,NA,2023-08-09,"YOSE7","SB",2024-02-08,NA,NA,NA,NA,NA,NA,NA,NA,NA,NA,NA,2023,0.5
"2","3.5","V",NA,NA,NA,NA,NA,"<1","<1",1,"<0.5",NA,NA,NA,NA,"N",NA,NA,2023-08-09,"YOSE7","SB",2024-02-08,NA,NA,NA,NA,NA,NA,NA,NA,NA,NA,NA,2023,0.5
"2","3.5","V",NA,NA,NA,NA,NA,"<1","<1",1,"<0.5",NA,NA,NA,NA,"N",NA,NA,2023-08-09,"YOSE7","SB",2024-02-08,NA,NA,NA,NA,NA,NA,NA,NA,NA,NA,NA,2023,0.5
"2","3.5","V",NA,NA,NA,NA,NA,"<1","<1",1,"<0.5",NA,NA,NA,NA,"N",NA,NA,2023-08-09,"YOSE7","SB",2024-02-08,NA,NA,NA,NA,NA,NA,NA,NA,NA,NA,NA,2023,0.5
"2","3.5","V",NA,NA,NA,NA,NA,"<1","<1",1,"<0.5",NA,NA,NA,NA,"N",NA,NA,2023-08-09,"YOSE7","SB",2024-02-08,NA,NA,NA,NA,NA,NA,NA,NA,NA,NA,NA,2023,0.5
"2","3.5","V",NA,NA,NA,NA,NA,"<1","<1",1,"<0.5",NA,NA,NA,NA,"N",NA,NA,2023-08-09,"YOSE7","SB",2024-02-08,NA,NA,NA,NA,NA,NA,NA,NA,NA,NA,NA,2023,0.5
"2","3.5","V",NA,NA,NA,NA,NA,"<1","<1",1,"<0.5",NA,NA,NA,NA,"N",NA,NA,2023-08-09,"YOSE7","SB",2024-02-08,NA,NA,NA,NA,NA,NA,NA,NA,NA,NA,NA,2023,0.5
"2","3.5","V",NA,NA,NA,NA,NA,"<1","<1",1,"<0.5",NA,NA,NA,NA,"N",NA,NA,2023-08-09,"YOSE7","SB",2024-02-08,NA,NA,NA,NA,NA,NA,NA,NA,NA,NA,NA,2023,0.5
"2","3.5","V",NA,NA,NA,NA,NA,"<1","<1",1,"<0.5",NA,NA,NA,NA,"N",NA,NA,2023-08-09,"YOSE7","SB",2024-02-08,NA,NA,NA,NA,NA,NA,NA,NA,NA,NA,NA,2023,0.5
"2","3.5","V",NA,NA,NA,NA,NA,"<1","<1",1,"<0.5",NA,NA,NA,NA,"N",NA,NA,2023-08-09,"YOSE7","SB",2024-02-08,NA,NA,NA,NA,NA,NA,NA,NA,NA,NA,NA,2023,0.5
"2","3.5","V",NA,NA,NA,NA,NA,"<1","<1",1,"<0.5",NA,NA,NA,NA,"N",NA,NA,2023-08-09,"YOSE7","SB",2024-02-08,NA,NA,NA,NA,NA,NA,NA,NA,NA,NA,NA,2023,0.5
"2","3.5","V",NA,NA,NA,NA,NA,"<1","<1",1,"<0.5",NA,NA,NA,NA,"N",NA,NA,2023-08-09,"YOSE7","SB",2024-02-08,NA,NA,NA,NA,NA,NA,NA,NA,NA,NA,NA,2023,0.5
"2","3.5","V",NA,NA,NA,NA,NA,"<1","<1",1,"<0.5",NA,NA,NA,NA,"N",NA,NA,2023-08-09,"YOSE7","SY",2024-02-07,NA,NA,NA,NA,NA,NA,NA,NA,NA,NA,NA,2023,0.5
"2","3.5","V",NA,NA,NA,NA,NA,"<1","<1",1,"<0.5",NA,NA,NA,NA,"N",NA,NA,2023-08-09,"YOSE7","SB",2024-02-08,NA,NA,NA,NA,NA,NA,NA,NA,NA,NA,NA,2023,0.5
"2","3.5","V",NA,NA,NA,NA,NA,"<1","<1",1,"<0.5",NA,NA,NA,NA,"N",NA,NA,2023-08-09,"YOSE7","SB",2024-02-08,NA,NA,NA,NA,NA,NA,NA,NA,NA,NA,NA,2023,0.5
"2","3.5","V",NA,NA,NA,NA,NA,"<1","<1",1,"<0.5",NA,NA,NA,NA,"N",NA,NA,2023-08-09,"YOSE7","SB",2024-02-08,NA,NA,NA,NA,NA,NA,NA,NA,NA,NA,NA,2023,0.5
"2","3.5","V",NA,NA,NA,NA,NA,"<1","<1",1,"<0.5",NA,NA,NA,NA,"N",NA,NA,2023-08-09,"YOSE7","SB",2024-02-08,NA,NA,NA,NA,NA,NA,NA,NA,NA,NA,NA,2023,0.5
"2","3.5","V",NA,NA,NA,NA,NA,"<1","<1",1,"<0.5",NA,NA,NA,NA,"N",NA,NA,2023-08-09,"YOSE7","SB",2024-02-08,NA,NA,NA,NA,NA,NA,NA,NA,NA,NA,NA,2023,0.5
"2","3.5","V",NA,NA,NA,NA,NA,"<1","<1",1,"<0.5",NA,NA,NA,NA,"N",NA,NA,2023-08-09,"YOSE7","SB",2024-02-08,NA,NA,NA,NA,NA,NA,NA,NA,NA,NA,NA,2023,0.5
"2","3.5","V",NA,NA,NA,NA,NA,"<1","<1",1,"<0.5",NA,NA,NA,NA,"N",NA,NA,2023-08-09,"YOSE7","SB",2024-02-08,NA,NA,NA,NA,NA,NA,NA,NA,NA,NA,NA,2023,0.5
"2","3.5","V",NA,NA,NA,NA,NA,"<1","<1",1,"<0.5",NA,NA,NA,NA,"N",NA,NA,2023-08-09,"YOSE7","SB",2024-02-08,NA,NA,NA,NA,NA,NA,NA,NA,NA,NA,NA,2023,0.5
"2","3.5","V",NA,NA,NA,NA,NA,"<1","<1",1,"<0.5",NA,NA,NA,NA,"N",NA,NA,2023-08-09,"YOSE7","SB",2024-02-08,NA,NA,NA,NA,NA,NA,NA,NA,NA,NA,NA,2023,0.5
"2","3.5","V",NA,NA,NA,NA,NA,"<1","<1",1,"<0.5",NA,NA,NA,NA,"N",NA,NA,2023-08-09,"YOSE7","SB",2024-02-08,NA,NA,NA,NA,NA,NA,NA,NA,NA,NA,NA,2023,0.5
"2","3.5","V",NA,NA,NA,NA,NA,"<1","<1",1,"<0.5",NA,NA,NA,NA,"N",NA,NA,2023-08-09,"YOSE7","SB",2024-02-08,NA,NA,NA,NA,NA,NA,NA,NA,NA,NA,NA,2023,0.5
"2","3.5","V",NA,NA,NA,NA,NA,"<1","<1",1,"<0.5",NA,NA,NA,NA,"N",NA,NA,2023-08-09,"YOSE7","SB",2024-02-08,NA,NA,NA,NA,NA,NA,NA,NA,NA,NA,NA,2023,0.5
"2","3.5","V",NA,NA,NA,NA,NA,"<1","<1",1,"<0.5",NA,NA,NA,NA,"N",NA,NA,2023-08-09,"YOSE7","SB",2024-02-08,NA,NA,NA,NA,NA,NA,NA,NA,NA,NA,NA,2023,0.5
"2","3.5","V",NA,NA,NA,NA,NA,"<1","<1",1,"<0.5",NA,NA,NA,NA,"N",NA,NA,2023-08-09,"YOSE7","SB",2024-02-08,NA,NA,NA,NA,NA,NA,NA,NA,NA,NA,NA,2023,0.5
"2","3.5","V",NA,NA,NA,NA,NA,"<1","<1",1,"<0.5",NA,NA,NA,NA,"N",NA,NA,2023-08-09,"YOSE7","SB",2024-02-08,NA,NA,NA,NA,NA,NA,NA,NA,NA,NA,NA,2023,0.5
"2","3.5","V",NA,NA,NA,NA,NA,"<1","<1",1,"<0.5",NA,NA,NA,NA,"N",NA,NA,2023-08-09,"YOSE7","SB",2024-02-08,NA,NA,NA,NA,NA,NA,NA,NA,NA,NA,NA,2023,0.5
"2","3.5","V",NA,NA,NA,NA,NA,"<1","<1",1,"<0.5",NA,NA,NA,NA,"N",NA,NA,2023-08-09,"YOSE7","SB",2024-02-08,NA,NA,NA,NA,NA,NA,NA,NA,NA,NA,NA,2023,0.5
"2","3.5","V",NA,NA,NA,NA,NA,"<1","<1",1,"<0.5",NA,NA,NA,NA,"N",NA,NA,2023-08-09,"YOSE7","SB",2024-02-08,NA,NA,NA,NA,NA,NA,NA,NA,NA,NA,NA,2023,0.5
"2","3.5","V",NA,NA,NA,NA,NA,"<1","<1",1,"<0.5",NA,NA,NA,NA,"N",NA,NA,2023-08-09,"YOSE7","SB",2024-02-08,NA,NA,NA,NA,NA,NA,NA,NA,NA,NA,NA,2023,0.5
"2","3.5","V",NA,NA,NA,NA,NA,"<1","<1",1,"<0.5",NA,NA,NA,NA,"N",NA,NA,2023-08-09,"YOSE7","SB",2024-02-08,NA,NA,NA,NA,NA,NA,NA,NA,NA,NA,NA,2023,0.5
"2","3.5","V",NA,NA,NA,NA,NA,"<1","<1",1,"<0.5",NA,NA,NA,NA,"N",NA,NA,2023-08-09,"YOSE7","SB",2024-02-08,NA,NA,NA,NA,NA,NA,NA,NA,NA,NA,NA,2023,0.5
"2","3.5","V",NA,NA,NA,NA,NA,"<1","<1",1,"<0.5",NA,NA,NA,NA,"N",NA,NA,2023-08-09,"YOSE7","SB",2024-02-08,NA,NA,NA,NA,NA,NA,NA,NA,NA,NA,NA,2023,0.5
"2","3.5","V",NA,NA,NA,NA,NA,"<1","<1",1,"<0.5",NA,NA,NA,NA,"N",NA,NA,2023-08-09,"YOSE7","SB",2024-02-08,NA,NA,NA,NA,NA,NA,NA,NA,NA,NA,NA,2023,0.5
"2","3.5","V",NA,NA,NA,NA,NA,"<1","<1",1,"<0.5",NA,NA,NA,NA,"N",NA,NA,2023-08-09,"YOSE7","SB",2024-02-08,NA,NA,NA,NA,NA,NA,NA,NA,NA,NA,NA,2023,0.5
"2","3.5","V",NA,NA,NA,NA,NA,"<1","<1",1,"<0.5",NA,NA,NA,NA,"N",NA,NA,2023-08-09,"YOSE7","SB",2024-02-08,NA,NA,NA,NA,NA,NA,NA,NA,NA,NA,NA,2023,0.5
"2","3.5","V",NA,NA,NA,NA,NA,"<1","<1",1,"<0.5",NA,NA,NA,NA,"N",NA,NA,2023-08-09,"YOSE7","SB",2024-02-08,NA,NA,NA,NA,NA,NA,NA,NA,NA,NA,NA,2023,0.5
"2","3.5","V",NA,NA,NA,NA,NA,"<1","<1",1,"<0.5",NA,NA,NA,NA,"N",NA,NA,2023-08-09,"YOSE7","SB",2024-02-08,NA,NA,NA,NA,NA,NA,NA,NA,NA,NA,NA,2023,0.5
"2","3.5","V",NA,NA,NA,NA,NA,"<1","<1",1,"<0.5",NA,NA,NA,NA,"N",NA,NA,2023-08-09,"YOSE7","SB",2024-02-08,NA,NA,NA,NA,NA,NA,NA,NA,NA,NA,NA,2023,0.5
"2","3.5","V",NA,NA,NA,NA,NA,"<1","<1",1,"<0.5",NA,NA,NA,NA,"N",NA,NA,2023-08-09,"YOSE7","SB",2024-02-08,NA,NA,NA,NA,NA,NA,NA,NA,NA,NA,NA,2023,0.5
"2","3.5","V",NA,NA,NA,NA,NA,"<1","<1",1,"<0.5",NA,NA,NA,NA,"N",NA,NA,2023-08-09,"YOSE7","SB",2024-02-08,NA,NA,NA,NA,NA,NA,NA,NA,NA,NA,NA,2023,0.5
"2","3.5","V",NA,NA,NA,NA,NA,"<1","<1",1,"<0.5",NA,NA,NA,NA,"N",NA,NA,2023-08-09,"YOSE7","SB",2024-02-08,NA,NA,NA,NA,NA,NA,NA,NA,NA,NA,NA,2023,0.5
"2","3.5","V",NA,NA,NA,NA,NA,"<1","<1",1,"<0.5",NA,NA,NA,NA,"N",NA,NA,2023-08-09,"YOSE7","SB",2024-02-08,NA,NA,NA,NA,NA,NA,NA,NA,NA,NA,NA,2023,0.5
"2","3.5","V",NA,NA,NA,NA,NA,"<1","<1",1,"<0.5",NA,NA,NA,NA,"N",NA,NA,2023-08-09,"YOSE7","SB",2024-02-08,NA,NA,NA,NA,NA,NA,NA,NA,NA,NA,NA,2023,0.5
"2","3.5","V",NA,NA,NA,NA,NA,"<1","<1",1,"<0.5",NA,NA,NA,NA,"N",NA,NA,2023-08-09,"YOSE7","SB",2024-02-08,NA,NA,NA,NA,NA,NA,NA,NA,NA,NA,NA,2023,0.5
"2","3.5","V",NA,NA,NA,NA,NA,"<1","<1",1,"<0.5",NA,NA,NA,NA,"N",NA,NA,2023-08-09,"YOSE7","SB",2024-02-08,NA,NA,NA,NA,NA,NA,NA,NA,NA,NA,NA,2023,0.5
"2","3.5","V",NA,NA,NA,NA,NA,"<1","<1",1,"<0.5",NA,NA,NA,NA,"N",NA,NA,2023-08-09,"YOSE7","SB",2024-02-08,NA,NA,NA,NA,NA,NA,NA,NA,NA,NA,NA,2023,0.5
"2","3.5","V",NA,NA,NA,NA,NA,"<1","<1",1,"<0.5",NA,NA,NA,NA,"N",NA,NA,2023-08-09,"YOSE7","SY",2024-02-07,NA,NA,NA,NA,NA,NA,NA,NA,NA,NA,NA,2023,0.5
"2","3.5","V",NA,NA,NA,NA,NA,"<1","<1",1,"<0.5",NA,NA,NA,NA,"N",NA,NA,2023-08-09,"YOSE7","SB",2024-02-08,NA,NA,NA,NA,NA,NA,NA,NA,NA,NA,NA,2023,0.5
"2","3.5","V",NA,NA,NA,NA,NA,"<1","<1",1,"<0.5",NA,NA,NA,NA,"N",NA,NA,2023-08-09,"YOSE7","SB",2024-02-08,NA,NA,NA,NA,NA,NA,NA,NA,NA,NA,NA,2023,0.5
"2","3.5","V",NA,NA,NA,NA,NA,"<1","<1",1,"<0.5",NA,NA,NA,NA,"N",NA,NA,2023-08-09,"YOSE7","SB",2024-02-08,NA,NA,NA,NA,NA,NA,NA,NA,NA,NA,NA,2023,0.5
"2","3.5","V",NA,NA,NA,NA,NA,"<1","<1",1,"<0.5",NA,NA,NA,NA,"N",NA,NA,2023-08-09,"YOSE7","SB",2024-02-08,NA,NA,NA,NA,NA,NA,NA,NA,NA,NA,NA,2023,0.5
"2","3.5","V",NA,NA,NA,NA,NA,"<1","<1",1,"<0.5",NA,NA,NA,NA,"N",NA,NA,2023-08-09,"YOSE7","SB",2024-02-08,NA,NA,NA,NA,NA,NA,NA,NA,NA,NA,NA,2023,0.5
"2","3.5","V",NA,NA,NA,NA,NA,"<1","<1",1,"<0.5",NA,NA,NA,NA,"N",NA,NA,2023-08-09,"YOSE7","SB",2024-02-08,NA,NA,NA,NA,NA,NA,NA,NA,NA,NA,NA,2023,0.5
"2","3.5","V",NA,NA,NA,NA,NA,"<1","<1",1,"<0.5",NA,NA,NA,NA,"N",NA,NA,2023-08-09,"YOSE7","SB",2024-02-08,NA,NA,NA,NA,NA,NA,NA,NA,NA,NA,NA,2023,0.5
"2","3.5","V",NA,NA,NA,NA,NA,"<1","<1",1,"<0.5",NA,NA,NA,NA,"N",NA,NA,2023-08-09,"YOSE7","SB",2024-02-08,NA,NA,NA,NA,NA,NA,NA,NA,NA,NA,NA,2023,0.5
"2","3.5","V",NA,NA,NA,NA,NA,"<1","<1",1,"<0.5",NA,NA,NA,NA,"N",NA,NA,2023-08-09,"YOSE7","SB",2024-02-08,NA,NA,NA,NA,NA,NA,NA,NA,NA,NA,NA,2023,0.5
"2","3.5","V",NA,NA,NA,NA,NA,"<1","<1",1,"<0.5",NA,NA,NA,NA,"N",NA,NA,2023-08-09,"YOSE7","SB",2024-02-08,NA,NA,NA,NA,NA,NA,NA,NA,NA,NA,NA,2023,0.5
"2","3.5","V",NA,NA,NA,NA,NA,"<1","<1",1,"<0.5",NA,NA,NA,NA,"N",NA,NA,2023-08-09,"YOSE7","SB",2024-02-08,NA,NA,NA,NA,NA,NA,NA,NA,NA,NA,NA,2023,0.5
"2","3.5","V",NA,NA,NA,NA,NA,"<1","<1",1,"<0.5",NA,NA,NA,NA,"N",NA,NA,2023-08-09,"YOSE7","SB",2024-02-08,NA,NA,NA,NA,NA,NA,NA,NA,NA,NA,NA,2023,0.5
"2","3.5","V",NA,NA,NA,NA,NA,"<1","<1",1,"<0.5",NA,NA,NA,NA,"N",NA,NA,2023-08-09,"YOSE7","SB",2024-02-08,NA,NA,NA,NA,NA,NA,NA,NA,NA,NA,NA,2023,0.5
"2","3.5","V",NA,NA,NA,NA,NA,"<1","<1",1,"<0.5",NA,NA,NA,NA,"N",NA,NA,2023-08-09,"YOSE7","SB",2024-02-08,NA,NA,NA,NA,NA,NA,NA,NA,NA,NA,NA,2023,0.5
"2","3.5","V",NA,NA,NA,NA,NA,"<1","<1",1,"<0.5",NA,NA,NA,NA,"N",NA,NA,2023-08-09,"YOSE7","SB",2024-02-08,NA,NA,NA,NA,NA,NA,NA,NA,NA,NA,NA,2023,0.5
"2","3.5","V",NA,NA,NA,NA,NA,"<1","<1",1,"<0.5",NA,NA,NA,NA,"N",NA,NA,2023-08-09,"YOSE7","SB",2024-02-08,NA,NA,NA,NA,NA,NA,NA,NA,NA,NA,NA,2023,0.5
"2","3.5","V",NA,NA,NA,NA,NA,"<1","<1",1,"<0.5",NA,NA,NA,NA,"N",NA,NA,2023-08-09,"YOSE7","SB",2024-02-08,NA,NA,NA,NA,NA,NA,NA,NA,NA,NA,NA,2023,0.5
"2","3.5","V",NA,NA,NA,NA,NA,"<1","<1",1,"<0.5",NA,NA,NA,NA,"N",NA,NA,2023-08-09,"YOSE7","SB",2024-02-08,NA,NA,NA,NA,NA,NA,NA,NA,NA,NA,NA,2023,0.5
"2","3.5","V",NA,NA,NA,NA,NA,"<1","<1",1,"<0.5",NA,NA,NA,NA,"N",NA,NA,2023-08-09,"YOSE7","SB",2024-02-08,NA,NA,NA,NA,NA,NA,NA,NA,NA,NA,NA,2023,0.5
"2","3.5","V",NA,NA,NA,NA,NA,"<1","<1",1,"<0.5",NA,NA,NA,NA,"N",NA,NA,2023-08-09,"YOSE7","SB",2024-02-08,NA,NA,NA,NA,NA,NA,NA,NA,NA,NA,NA,2023,0.5
"2","3.5","V",NA,NA,NA,NA,NA,"<1","<1",1,"<0.5",NA,NA,NA,NA,"N",NA,NA,2023-08-09,"YOSE7","SB",2024-02-08,NA,NA,NA,NA,NA,NA,NA,NA,NA,NA,NA,2023,0.5
"2","3.5","V",NA,NA,NA,NA,NA,"<1","<1",1,"<0.5",NA,NA,NA,NA,"N",NA,NA,2023-08-09,"YOSE7","SB",2024-02-08,NA,NA,NA,NA,NA,NA,NA,NA,NA,NA,NA,2023,0.5
"2","3.5","V",NA,NA,NA,NA,NA,"<1","<1",1,"<0.5",NA,NA,NA,NA,"N",NA,NA,2023-08-09,"YOSE7","SB",2024-02-08,NA,NA,NA,NA,NA,NA,NA,NA,NA,NA,NA,2023,0.5
"2","3.5","V",NA,NA,NA,NA,NA,"<1","<1",1,"<0.5",NA,NA,NA,NA,"N",NA,NA,2023-08-09,"YOSE7","SB",2024-02-08,NA,NA,NA,NA,NA,NA,NA,NA,NA,NA,NA,2023,0.5
"2","3.5","V",NA,NA,NA,NA,NA,"<1","<1",1,"<0.5",NA,NA,NA,NA,"N",NA,NA,2023-08-09,"YOSE7","SB",2024-02-08,NA,NA,NA,NA,NA,NA,NA,NA,NA,NA,NA,2023,0.5
"2","3.5","V",NA,NA,NA,NA,NA,"<1","<1",1,"<0.5",NA,NA,NA,NA,"N",NA,NA,2023-08-09,"YOSE7","SB",2024-02-08,NA,NA,NA,NA,NA,NA,NA,NA,NA,NA,NA,2023,0.5
"2","3.5","V",NA,NA,NA,NA,NA,"<1","<1",1,"<0.5",NA,NA,NA,NA,"N",NA,NA,2023-08-09,"YOSE7","SB",2024-02-08,NA,NA,NA,NA,NA,NA,NA,NA,NA,NA,NA,2023,0.5
"2","3.5","V",NA,NA,NA,NA,NA,"<1","<1",1,"<0.5",NA,NA,NA,NA,"N",NA,NA,2023-08-09,"YOSE7","SB",2024-02-08,NA,NA,NA,NA,NA,NA,NA,NA,NA,NA,NA,2023,0.5
"2","3.5","V",NA,NA,NA,NA,NA,"<1","<1",1,"<0.5",NA,NA,NA,NA,"N",NA,NA,2023-08-09,"YOSE7","SB",2024-02-08,NA,NA,NA,NA,NA,NA,NA,NA,NA,NA,NA,2023,0.5
"2","3.5","V",NA,NA,NA,NA,NA,"<1","<1",1,"<0.5",NA,NA,NA,NA,"N",NA,NA,2023-08-09,"YOSE7","SB",2024-02-08,NA,NA,NA,NA,NA,NA,NA,NA,NA,NA,NA,2023,0.5
"2","3.5","V",NA,NA,NA,NA,NA,"<1","<1",1,"<0.5",NA,NA,NA,NA,"N",NA,NA,2023-08-09,"YOSE7","SB",2024-02-08,NA,NA,NA,NA,NA,NA,NA,NA,NA,NA,NA,2023,0.5
"2","3.5","V",NA,NA,NA,NA,NA,"<1","<1",1,"<0.5",NA,NA,NA,NA,"N",NA,NA,2023-08-09,"YOSE7","SB",2024-02-08,NA,NA,NA,NA,NA,NA,NA,NA,NA,NA,NA,2023,0.5
"2","3.5","V",NA,NA,NA,NA,NA,"<1","<1",1,"<0.5",NA,NA,NA,NA,"N",NA,NA,2023-08-09,"YOSE7","SB",2024-02-08,NA,NA,NA,NA,NA,NA,NA,NA,NA,NA,NA,2023,0.5
"2","3.5","V",NA,NA,NA,NA,NA,"<1","<1",1,"<0.5",NA,NA,NA,NA,"N",NA,NA,2023-08-09,"YOSE7","SB",2024-02-08,NA,NA,NA,NA,NA,NA,NA,NA,NA,NA,NA,2023,0.5
"2","3.5","V",NA,NA,NA,NA,NA,"<1","<1",1,"<0.5",NA,NA,NA,NA,"N",NA,NA,2023-08-09,"YOSE7","SB",2024-02-08,NA,NA,NA,NA,NA,NA,NA,NA,NA,NA,NA,2023,0.5
"2","3.5","V",NA,NA,NA,NA,NA,"<1","<1",1,"<0.5",NA,NA,NA,NA,"N",NA,NA,2023-08-09,"YOSE7","SB",2024-02-08,NA,NA,NA,NA,NA,NA,NA,NA,NA,NA,NA,2023,0.5
"2","3.5","V",NA,NA,NA,NA,NA,"<1","<1",1,"<0.5",NA,NA,NA,NA,"N",NA,NA,2023-08-09,"YOSE7","SB",2024-02-08,NA,NA,NA,NA,NA,NA,NA,NA,NA,NA,NA,2023,0.5
"2","3.5","V",NA,NA,NA,NA,NA,"<1","<1",1,"<0.5",NA,NA,NA,NA,"N",NA,NA,2023-08-09,"YOSE7","SB",2024-02-08,NA,NA,NA,NA,NA,NA,NA,NA,NA,NA,NA,2023,0.5
"2","3.5","V",NA,NA,NA,NA,NA,"<1","<1",1,"<0.5",NA,NA,NA,NA,"N",NA,NA,2023-08-09,"YOSE7","SB",2024-02-08,NA,NA,NA,NA,NA,NA,NA,NA,NA,NA,NA,2023,0.5
"2","3.5","V",NA,NA,NA,NA,NA,"<1","<1",1,"<0.5",NA,NA,NA,NA,"N",NA,NA,2023-08-09,"YOSE7","SB",2024-02-08,NA,NA,NA,NA,NA,NA,NA,NA,NA,NA,NA,2023,0.5
"2","3.5","V",NA,NA,NA,NA,NA,"<1","<1",1,"<0.5",NA,NA,NA,NA,"N",NA,NA,2023-08-09,"YOSE7","SB",2024-02-08,NA,NA,NA,NA,NA,NA,NA,NA,NA,NA,NA,2023,0.5
"2","3.5","V",NA,NA,NA,NA,NA,"<1","<1",1,"<0.5",NA,NA,NA,NA,"N",NA,NA,2023-08-09,"YOSE7","SB",2024-02-08,NA,NA,NA,NA,NA,NA,NA,NA,NA,NA,NA,2023,0.5
"2","3.5","V",NA,NA,NA,NA,NA,"<1","<1",1,"<0.5",NA,NA,NA,NA,"N",NA,NA,2023-08-09,"YOSE7","SB",2024-02-08,NA,NA,NA,NA,NA,NA,NA,NA,NA,NA,NA,2023,0.5
"2","3.5","V",NA,NA,NA,NA,NA,"<1","<1",1,"<0.5",NA,NA,NA,NA,"N",NA,NA,2023-08-09,"YOSE7","SB",2024-02-08,NA,NA,NA,NA,NA,NA,NA,NA,NA,NA,NA,2023,0.5
"2","3.5","V",NA,NA,NA,NA,NA,"<1","<1",1,"<0.5",NA,NA,NA,NA,"N",NA,NA,2023-08-09,"YOSE7","SB",2024-02-08,NA,NA,NA,NA,NA,NA,NA,NA,NA,NA,NA,2023,0.5
"2","3.5","V",NA,NA,NA,NA,NA,"<1","<1",1,"<0.5",NA,NA,NA,NA,"N",NA,NA,2023-08-09,"YOSE7","SB",2024-02-08,NA,NA,NA,NA,NA,NA,NA,NA,NA,NA,NA,2023,0.5
"2","3.5","V",NA,NA,NA,NA,NA,"<1","<1",1,"<0.5",NA,NA,NA,NA,"N",NA,NA,2023-08-09,"YOSE7","SB",2024-02-08,NA,NA,NA,NA,NA,NA,NA,NA,NA,NA,NA,2023,0.5
"2","3.5","V",NA,NA,NA,NA,NA,"<1","<1",1,"<0.5",NA,NA,NA,NA,"N",NA,NA,2023-08-09,"YOSE7","SB",2024-02-08,NA,NA,NA,NA,NA,NA,NA,NA,NA,NA,NA,2023,0.5
"2","3.5","V",NA,NA,NA,NA,NA,"<1","<1",1,"<0.5",NA,NA,NA,NA,"N",NA,NA,2023-08-09,"YOSE7","SB",2024-02-08,NA,NA,NA,NA,NA,NA,NA,NA,NA,NA,NA,2023,0.5
"2","3.5","V",NA,NA,NA,NA,NA,"<1","<1",1,"<0.5",NA,NA,NA,NA,"N",NA,NA,2023-08-09,"YOSE7","SB",2024-02-08,NA,NA,NA,NA,NA,NA,NA,NA,NA,NA,NA,2023,0.5
"2","3.5","V",NA,NA,NA,NA,NA,"<1","<1",1,"<0.5",NA,NA,NA,NA,"N",NA,NA,2023-08-09,"YOSE7","SB",2024-02-08,NA,NA,NA,NA,NA,NA,NA,NA,NA,NA,NA,2023,0.5
"2","3.5","V",NA,NA,NA,NA,NA,"<1","<1",1,"<0.5",NA,NA,NA,NA,"N",NA,NA,2023-08-09,"YOSE7","SB",2024-02-08,NA,NA,NA,NA,NA,NA,NA,NA,NA,NA,NA,2023,0.5
"2","3.5","V",NA,NA,NA,NA,NA,"<1","<1",1,"<0.5",NA,NA,NA,NA,"N",NA,NA,2023-08-09,"YOSE7","SB",2024-02-08,NA,NA,NA,NA,NA,NA,NA,NA,NA,NA,NA,2023,0.5
"2","3.5","V",NA,NA,NA,NA,NA,"<1","<1",1,"<0.5",NA,NA,NA,NA,"N",NA,NA,2023-08-09,"YOSE7","SB",2024-02-08,NA,NA,NA,NA,NA,NA,NA,NA,NA,NA,NA,2023,0.5
"2","3.5","V",NA,NA,NA,NA,NA,"<1","<1",1,"<0.5",NA,NA,NA,NA,"N",NA,NA,2023-08-09,"YOSE7","SB",2024-02-08,NA,NA,NA,NA,NA,NA,NA,NA,NA,NA,NA,2023,0.5
"2","3.5","V",NA,NA,NA,NA,NA,"<1","<1",1,"<0.5",NA,NA,NA,NA,"N",NA,NA,2023-08-09,"YOSE7","SB",2024-02-08,NA,NA,NA,NA,NA,NA,NA,NA,NA,NA,NA,2023,0.5
"2","3.5","V",NA,NA,NA,NA,NA,"<1","<1",1,"<0.5",NA,NA,NA,NA,"N",NA,NA,2023-08-09,"YOSE7","SB",2024-02-08,NA,NA,NA,NA,NA,NA,NA,NA,NA,NA,NA,2023,0.5
"2","3.5","V",NA,NA,NA,NA,NA,"<1","<1",1,"<0.5",NA,NA,NA,NA,"N",NA,NA,2023-08-09,"YOSE7","SB",2024-02-08,NA,NA,NA,NA,NA,NA,NA,NA,NA,NA,NA,2023,0.5
"2","3.5","V",NA,NA,NA,NA,NA,"<1","<1",1,"<0.5",NA,NA,NA,NA,"N",NA,NA,2023-08-09,"YOSE7","SB",2024-02-08,NA,NA,NA,NA,NA,NA,NA,NA,NA,NA,NA,2023,0.5
"2","3.5","V",NA,NA,NA,NA,NA,"<1","<1",1,"<0.5",NA,NA,NA,NA,"N",NA,NA,2023-08-09,"YOSE7","SB",2024-02-08,NA,NA,NA,NA,NA,NA,NA,NA,NA,NA,NA,2023,0.5
"2","3.5","V",NA,NA,NA,NA,NA,"<1","<1",1,"<0.5",NA,NA,NA,NA,"N",NA,NA,2023-08-09,"YOSE7","SB",2024-02-08,NA,NA,NA,NA,NA,NA,NA,NA,NA,NA,NA,2023,0.5
"2","3.5","V",NA,NA,NA,NA,NA,"<1","<1",1,"<0.5",NA,NA,NA,NA,"N",NA,NA,2023-08-09,"YOSE7","SB",2024-02-08,NA,NA,NA,NA,NA,NA,NA,NA,NA,NA,NA,2023,0.5
"2","3.5","V",NA,NA,NA,NA,NA,"<1","<1",1,"<0.5",NA,NA,NA,NA,"N",NA,NA,2023-08-09,"YOSE7","SB",2024-02-08,NA,NA,NA,NA,NA,NA,NA,NA,NA,NA,NA,2023,0.5
"2","3.5","V",NA,NA,NA,NA,NA,"<1","<1",1,"<0.5",NA,NA,NA,NA,"N",NA,NA,2023-08-09,"YOSE7","SB",2024-02-08,NA,NA,NA,NA,NA,NA,NA,NA,NA,NA,NA,2023,0.5
"2","3.5","V",NA,NA,NA,NA,NA,"<1","<1",1,"<0.5",NA,NA,NA,NA,"N",NA,NA,2023-08-09,"YOSE7","SB",2024-02-08,NA,NA,NA,NA,NA,NA,NA,NA,NA,NA,NA,2023,0.5
"2","3.5","V",NA,NA,NA,NA,NA,"<1","<1",1,"<0.5",NA,NA,NA,NA,"N",NA,NA,2023-08-09,"YOSE7","SB",2024-02-08,NA,NA,NA,NA,NA,NA,NA,NA,NA,NA,NA,2023,0.5
"2","3.5","V",NA,NA,NA,NA,NA,"<1","<1",1,"<0.5",NA,NA,NA,NA,"N",NA,NA,2023-08-09,"YOSE7","SB",2024-02-08,NA,NA,NA,NA,NA,NA,NA,NA,NA,NA,NA,2023,0.5
"2","3.5","V",NA,NA,NA,NA,NA,"<1","<1",1,"<0.5",NA,NA,NA,NA,"N",NA,NA,2023-08-09,"YOSE7","SB",2024-02-08,NA,NA,NA,NA,NA,NA,NA,NA,NA,NA,NA,2023,0.5
"2","3.5","V",NA,NA,NA,NA,NA,"<1","<1",1,"<0.5",NA,NA,NA,NA,"N",NA,NA,2023-08-09,"YOSE7","SB",2024-02-08,NA,NA,NA,NA,NA,NA,NA,NA,NA,NA,NA,2023,0.5
"2","3.5","V",NA,NA,NA,NA,NA,"<1","<1",1,"<0.5",NA,NA,NA,NA,"N",NA,NA,2023-08-09,"YOSE7","SB",2024-02-08,NA,NA,NA,NA,NA,NA,NA,NA,NA,NA,NA,2023,0.5
"2","3.5","V",NA,NA,NA,NA,NA,"<1","<1",1,"<0.5",NA,NA,NA,NA,"N",NA,NA,2023-08-09,"YOSE7","SB",2024-02-08,NA,NA,NA,NA,NA,NA,NA,NA,NA,NA,NA,2023,0.5
"2","3.5","V",NA,NA,NA,NA,NA,"<1","<1",1,"<0.5",NA,NA,NA,NA,"N",NA,NA,2023-08-09,"YOSE7","SB",2024-02-08,NA,NA,NA,NA,NA,NA,NA,NA,NA,NA,NA,2023,0.5
"2","3.5","V",NA,NA,NA,NA,NA,"<1","<1",1,"<0.5",NA,NA,NA,NA,"N",NA,NA,2023-08-09,"YOSE7","SB",2024-02-08,NA,NA,NA,NA,NA,NA,NA,NA,NA,NA,NA,2023,0.5
"2","3.5","V",NA,NA,NA,NA,NA,"<1","<1",1,"<0.5",NA,NA,NA,NA,"N",NA,NA,2023-08-09,"YOSE7","SB",2024-02-08,NA,NA,NA,NA,NA,NA,NA,NA,NA,NA,NA,2023,0.5
"2","3.5","V",NA,NA,NA,NA,NA,"<1","<1",1,"<0.5",NA,NA,NA,NA,"N",NA,NA,2023-08-09,"YOSE7","SB",2024-02-08,NA,NA,NA,NA,NA,NA,NA,NA,NA,NA,NA,2023,0.5
"2","3.5","V",NA,NA,NA,NA,NA,"<1","<1",1,"<0.5",NA,NA,NA,NA,"N",NA,NA,2023-08-09,"YOSE7","SB",2024-02-08,NA,NA,NA,NA,NA,NA,NA,NA,NA,NA,NA,2023,0.5
"2","3.5","V",NA,NA,NA,NA,NA,"<1","<1",1,"<0.5",NA,NA,NA,NA,"N",NA,NA,2023-08-09,"YOSE7","SB",2024-02-08,NA,NA,NA,NA,NA,NA,NA,NA,NA,NA,NA,2023,0.5
"2","3.5","V",NA,NA,NA,NA,NA,"<1","<1",1,"<0.5",NA,NA,NA,NA,"N",NA,NA,2023-08-09,"YOSE7","SB",2024-02-08,NA,NA,NA,NA,NA,NA,NA,NA,NA,NA,NA,2023,0.5
"2","3.5","V",NA,NA,NA,NA,NA,"<1","<1",1,"<0.5",NA,NA,NA,NA,"N",NA,NA,2023-08-09,"YOSE7","SB",2024-02-08,NA,NA,NA,NA,NA,NA,NA,NA,NA,NA,NA,2023,0.5
"2","3.5","V",NA,NA,NA,NA,NA,"<1","<1",1,"<0.5",NA,NA,NA,NA,"N",NA,NA,2023-08-09,"YOSE7","SB",2024-02-08,NA,NA,NA,NA,NA,NA,NA,NA,NA,NA,NA,2023,0.5
"2","3.5","V",NA,NA,NA,NA,NA,"<1","<1",1,"<0.5",NA,NA,NA,NA,"N",NA,NA,2023-08-09,"YOSE7","SB",2024-02-08,NA,NA,NA,NA,NA,NA,NA,NA,NA,NA,NA,2023,0.5
"2","3.5","V",NA,NA,NA,NA,NA,"<1","<1",1,"<0.5",NA,NA,NA,NA,"N",NA,NA,2023-08-09,"YOSE7","SB",2024-02-08,NA,NA,NA,NA,NA,NA,NA,NA,NA,NA,NA,2023,0.5
"2","3.5","V",NA,NA,NA,NA,NA,"<1","<1",1,"<0.5",NA,NA,NA,NA,"N",NA,NA,2023-08-09,"YOSE7","SB",2024-02-08,NA,NA,NA,NA,NA,NA,NA,NA,NA,NA,NA,2023,0.5
"2","3.5","V",NA,NA,NA,NA,NA,"<1","<1",1,"<0.5",NA,NA,NA,NA,"N",NA,NA,2023-08-09,"YOSE7","SB",2024-02-08,NA,NA,NA,NA,NA,NA,NA,NA,NA,NA,NA,2023,0.5
"2","3.5","V",NA,NA,NA,NA,NA,"<1","<1",1,"<0.5",NA,NA,NA,NA,"N",NA,NA,2023-08-09,"YOSE7","SB",2024-02-08,NA,NA,NA,NA,NA,NA,NA,NA,NA,NA,NA,2023,0.5
"2","3.5","V",NA,NA,NA,NA,NA,"<1","<1",1,"<0.5",NA,NA,NA,NA,"N",NA,NA,2023-08-09,"YOSE7","SB",2024-02-08,NA,NA,NA,NA,NA,NA,NA,NA,NA,NA,NA,2023,0.5
"2","3.5","V",NA,NA,NA,NA,NA,"<1","<1",1,"<0.5",NA,NA,NA,NA,"N",NA,NA,2023-08-09,"YOSE7","SB",2024-02-08,NA,NA,NA,NA,NA,NA,NA,NA,NA,NA,NA,2023,0.5
"2","3.5","V",NA,NA,NA,NA,NA,"<1","<1",1,"<0.5",NA,NA,NA,NA,"N",NA,NA,2023-08-09,"YOSE7","SB",2024-02-08,NA,NA,NA,NA,NA,NA,NA,NA,NA,NA,NA,2023,0.5
"2","3.5","V",NA,NA,NA,NA,NA,"<1","<1",1,"<0.5",NA,NA,NA,NA,"N",NA,NA,2023-08-09,"YOSE7","SB",2024-02-08,NA,NA,NA,NA,NA,NA,NA,NA,NA,NA,NA,2023,0.5
"2","3.5","V",NA,NA,NA,NA,NA,"<1","<1",1,"<0.5",NA,NA,NA,NA,"N",NA,NA,2023-08-09,"YOSE7","SB",2024-02-08,NA,NA,NA,NA,NA,NA,NA,NA,NA,NA,NA,2023,0.5
"2","3.5","V",NA,NA,NA,NA,NA,"<1","<1",1,"<0.5",NA,NA,NA,NA,"N",NA,NA,2023-08-09,"YOSE7","SB",2024-02-08,NA,NA,NA,NA,NA,NA,NA,NA,NA,NA,NA,2023,0.5
"2","3.5","V",NA,NA,NA,NA,NA,"<1","<1",1,"<0.5",NA,NA,NA,NA,"N",NA,NA,2023-08-09,"YOSE7","SB",2024-02-08,NA,NA,NA,NA,NA,NA,NA,NA,NA,NA,NA,2023,0.5
"2","3.5","V",NA,NA,NA,NA,NA,"<1","<1",1,"<0.5",NA,NA,NA,NA,"N",NA,NA,2023-08-09,"YOSE7","SB",2024-02-08,NA,NA,NA,NA,NA,NA,NA,NA,NA,NA,NA,2023,0.5
"2","3.5","V",NA,NA,NA,NA,NA,"<1","<1",1,"<0.5",NA,NA,NA,NA,"N",NA,NA,2023-08-09,"YOSE7","SB",2024-02-08,NA,NA,NA,NA,NA,NA,NA,NA,NA,NA,NA,2023,0.5
"2","3.5","V",NA,NA,NA,NA,NA,"<1","<1",1,"<0.5",NA,NA,NA,NA,"N",NA,NA,2023-08-09,"YOSE7","SB",2024-02-08,NA,NA,NA,NA,NA,NA,NA,NA,NA,NA,NA,2023,0.5
"2","3.5","V",NA,NA,NA,NA,NA,"<1","<1",1,"<0.5",NA,NA,NA,NA,"N",NA,NA,2023-08-09,"YOSE7","SB",2024-02-08,NA,NA,NA,NA,NA,NA,NA,NA,NA,NA,NA,2023,0.5
"2","3.5","V",NA,NA,NA,NA,NA,"<1","<1",1,"<0.5",NA,NA,NA,NA,"N",NA,NA,2023-08-09,"YOSE7","SB",2024-02-08,NA,NA,NA,NA,NA,NA,NA,NA,NA,NA,NA,2023,0.5
"2","3.5","V",NA,NA,NA,NA,NA,"<1","<1",1,"<0.5",NA,NA,NA,NA,"N",NA,NA,2023-08-09,"YOSE7","SB",2024-02-08,NA,NA,NA,NA,NA,NA,NA,NA,NA,NA,NA,2023,0.5
"2","3.5","V",NA,NA,NA,NA,NA,"<1","<1",1,"<0.5",NA,NA,NA,NA,"N",NA,NA,2023-08-09,"YOSE7","SB",2024-02-08,NA,NA,NA,NA,NA,NA,NA,NA,NA,NA,NA,2023,0.5
"2","3.5","V",NA,NA,NA,NA,NA,"<1","<1",1,"<0.5",NA,NA,NA,NA,"N",NA,NA,2023-08-09,"YOSE7","SB",2024-02-08,NA,NA,NA,NA,NA,NA,NA,NA,NA,NA,NA,2023,0.5
"2","3.5","V",NA,NA,NA,NA,NA,"<1","<1",1,"<0.5",NA,NA,NA,NA,"N",NA,NA,2023-08-09,"YOSE7","SB",2024-02-08,NA,NA,NA,NA,NA,NA,NA,NA,NA,NA,NA,2023,0.5
"2","3.5","V",NA,NA,NA,NA,NA,"<1","<1",1,"<0.5",NA,NA,NA,NA,"N",NA,NA,2023-08-09,"YOSE7","SB",2024-02-08,NA,NA,NA,NA,NA,NA,NA,NA,NA,NA,NA,2023,0.5
"2","3.5","V",NA,NA,NA,NA,NA,"<1","<1",1,"<0.5",NA,NA,NA,NA,"N",NA,NA,2023-08-09,"YOSE7","SB",2024-02-08,NA,NA,NA,NA,NA,NA,NA,NA,NA,NA,NA,2023,0.5
"2","3.5","V",NA,NA,NA,NA,NA,"<1","<1",1,"<0.5",NA,NA,NA,NA,"N",NA,NA,2023-08-09,"YOSE7","SB",2024-02-08,NA,NA,NA,NA,NA,NA,NA,NA,NA,NA,NA,2023,0.5
"2","3.5","V",NA,NA,NA,NA,NA,"<1","<1",1,"<0.5",NA,NA,NA,NA,"N",NA,NA,2023-08-09,"YOSE7","SB",2024-02-08,NA,NA,NA,NA,NA,NA,NA,NA,NA,NA,NA,2023,0.5
"2","3.5","V",NA,NA,NA,NA,NA,"<1","<1",1,"<0.5",NA,NA,NA,NA,"N",NA,NA,2023-08-09,"YOSE7","SB",2024-02-08,NA,NA,NA,NA,NA,NA,NA,NA,NA,NA,NA,2023,0.5
"3","3","V",40,33,"pink",NA,NA,"0.35","1.1",1,"1.0",NA,NA,NA,NA,"N",NA,NA,2023-08-09,"YOSE7","SY",2024-02-07,NA,91,NA,NA,NA,NA,NA,NA,NA,NA,NA,2023,0.5
"3","3.5","V",5,40,"pink",NA,NA,"0.43","1.3",1,"1.2",NA,NA,NA,NA,"N",NA,NA,2023-08-09,"YOSE7","SY",2024-02-07,NA,614,NA,NA,NA,NA,NA,NA,NA,NA,NA,2023,0.5
"3","2","V",8,41,"pink",NA,NA,"0.28","1.5",1,"1.2",NA,NA,NA,NA,"N",NA,NA,2023-08-09,"YOSE7","SY",2024-02-07,NA,126,NA,NA,NA,NA,NA,NA,NA,NA,NA,2023,0.5
"3","2","V",25,15,"pink",NA,NA,"0.42","2.2",1,"1.2",NA,NA,NA,NA,"N",NA,NA,2023-08-09,"YOSE7","SY",2024-02-07,NA,802,NA,NA,NA,NA,NA,NA,NA,NA,NA,2023,0.5
"3","2","V",17,8,"pink",NA,NA,"0.48","1.8",1,"1.0",NA,NA,NA,NA,"N",NA,NA,2023-08-09,"YOSE7","SY",2024-02-07,NA,354,NA,NA,NA,NA,NA,NA,NA,NA,NA,2023,0.5
"3","2","V",12,8,"pink",NA,NA,"0.38","1.8",1,"1.5",NA,NA,NA,NA,"N",NA,NA,2023-08-09,"YOSE7","SY",2024-02-07,NA,903,NA,NA,NA,NA,NA,NA,NA,NA,NA,2023,0.5
"3","2","V",22,25,"pink",NA,NA,"0.32","2.0",1,"0.9",NA,NA,NA,NA,"N",NA,NA,2023-08-09,"YOSE7","SY",2024-02-07,NA,503,NA,NA,NA,NA,NA,NA,NA,NA,NA,2023,0.5
"3","2","V",15,35,"pink",NA,NA,"0.41","1.1",1,"1.2",NA,NA,NA,NA,"N",NA,NA,2023-08-09,"YOSE7","SY",2024-02-07,NA,904,NA,NA,NA,NA,NA,NA,NA,NA,NA,2023,0.5
"3","2","V",8,5,"pink",NA,NA,"0.28","1.7",1,"1.2",NA,NA,NA,NA,"N",NA,NA,2023-08-09,"YOSE7","SY",2024-02-07,NA,30,NA,NA,NA,NA,NA,NA,NA,NA,NA,2023,0.5
"3","2","V",12,35,"pink",NA,NA,"0.39","1.3",1,"1.0",NA,NA,NA,NA,"N",NA,NA,2023-08-09,"YOSE7","SY",2024-02-07,NA,747,NA,NA,NA,NA,NA,NA,NA,NA,NA,2023,0.5
"3","2","V",18,18,"pink",NA,NA,"0.3","1.6",1,"1.1",NA,NA,NA,NA,"N",NA,NA,2023-08-09,"YOSE7","SY",2024-02-07,NA,895,NA,NA,NA,NA,NA,NA,NA,NA,NA,2023,0.5
"3","2","V",30,30,"pink",NA,NA,"0.27","1.1",1,"0.8",NA,NA,NA,NA,"Y",NA,NA,2023-08-09,"YOSE7","SY",2024-02-07,NA,173,NA,NA,NA,NA,NA,NA,NA,NA,NA,2023,0.5
"3","2","V",NA,NA,NA,NA,NA,"<1","1.1",1,"0.4",NA,NA,NA,NA,"N",NA,NA,2023-08-09,"YOSE7","SY",2024-02-07,NA,NA,NA,NA,NA,NA,NA,NA,NA,NA,NA,2023,0.5
"3","2","V",NA,NA,NA,NA,NA,"<1","1.1",1,"0.8",NA,NA,NA,NA,"N",NA,NA,2023-08-09,"YOSE7","SY",2024-02-07,NA,NA,NA,NA,NA,NA,NA,NA,NA,NA,NA,2023,0.5
"3","2","V",NA,NA,NA,NA,NA,"<1","0.9",1,"0.3",NA,NA,NA,NA,"N",NA,NA,2023-08-09,"YOSE7","SY",2024-02-07,NA,NA,NA,NA,NA,NA,NA,NA,NA,NA,NA,2023,0.5
"3","2","V",NA,NA,NA,NA,NA,"<1","0.7",1,"0.4",NA,NA,NA,NA,"N",NA,NA,2023-08-09,"YOSE7","SY",2024-02-07,NA,NA,NA,NA,NA,NA,NA,NA,NA,NA,NA,2023,0.5
"3","2","V",NA,NA,NA,NA,NA,"<1","1.7",1,"1.2",NA,NA,NA,NA,"N",NA,NA,2023-08-09,"YOSE7","SY",2024-02-07,NA,NA,NA,NA,NA,NA,NA,NA,NA,NA,NA,2023,0.5
"3","2","V",NA,NA,NA,NA,NA,"<1","1.8",1,"0.6",NA,NA,NA,NA,"N",NA,NA,2023-08-09,"YOSE7","SY",2024-02-07,NA,NA,NA,NA,NA,NA,NA,NA,NA,NA,NA,2023,0.5
"3","2","V",NA,NA,NA,NA,NA,"<1","2.4",1,"1.1",NA,NA,NA,NA,"N",NA,NA,2023-08-09,"YOSE7","SY",2024-02-07,NA,NA,NA,NA,NA,NA,NA,NA,NA,NA,NA,2023,0.5
"3","2","V",NA,NA,NA,NA,NA,"<1","1.3",1,"0.7",NA,NA,NA,NA,"Y",NA,NA,2023-08-09,"YOSE7","SY",2024-02-07,NA,NA,NA,NA,NA,NA,NA,NA,NA,NA,NA,2023,0.5
"3","2","V",NA,NA,NA,NA,NA,"<1","0.4",1,"0.6",NA,NA,NA,NA,"N",NA,NA,2023-08-09,"YOSE7","SY",2024-02-07,NA,NA,NA,NA,NA,NA,NA,NA,NA,NA,NA,2023,0.5
"3","2","V",NA,NA,NA,NA,NA,"<1","1.6",1,"0.5",NA,NA,NA,NA,"N",NA,NA,2023-08-09,"YOSE7","SY",2024-02-07,NA,NA,NA,NA,NA,NA,NA,NA,NA,NA,NA,2023,0.5
"3","2","V",NA,NA,NA,NA,NA,"<1","1.1",1,"0.6",NA,NA,NA,NA,"N",NA,NA,2023-08-09,"YOSE7","SY",2024-02-07,NA,NA,NA,NA,NA,NA,NA,NA,NA,NA,NA,2023,0.5
"3","2","V",NA,NA,NA,NA,NA,"<1","1.6",1,"0.7",NA,NA,NA,NA,"N",NA,NA,2023-08-09,"YOSE7","SY",2024-02-07,NA,NA,NA,NA,NA,NA,NA,NA,NA,NA,NA,2023,0.5
"3","2","V",NA,NA,NA,NA,NA,"<1","1.9",1,"0.5",NA,NA,NA,NA,"N",NA,NA,2023-08-09,"YOSE7","SY",2024-02-07,NA,NA,NA,NA,NA,NA,NA,NA,NA,NA,NA,2023,0.5
"3","2","V",NA,NA,NA,NA,NA,"<1","1.3",1,"0.6",NA,NA,NA,NA,"N",NA,NA,2023-08-09,"YOSE7","SY",2024-02-07,NA,NA,NA,NA,NA,NA,NA,NA,NA,NA,NA,2023,0.5
"3","2","V",NA,NA,NA,NA,NA,"<1","1.7",1,"0.7",NA,NA,NA,NA,"N",NA,NA,2023-08-09,"YOSE7","SY",2024-02-07,NA,NA,NA,NA,NA,NA,NA,NA,NA,NA,NA,2023,0.5
"3","2","V",NA,NA,NA,NA,NA,"<1","1.0",1,"0.5",NA,NA,NA,NA,"N",NA,NA,2023-08-09,"YOSE7","SY",2024-02-07,NA,NA,NA,NA,NA,NA,NA,NA,NA,NA,NA,2023,0.5
"3","2","V",NA,NA,NA,NA,NA,"<1","1.4",1,"0.8",NA,NA,NA,NA,"N",NA,NA,2023-08-09,"YOSE7","SY",2024-02-07,NA,NA,NA,NA,NA,NA,NA,NA,NA,NA,NA,2023,0.5
"3","2","V",NA,NA,NA,NA,NA,"<1","0.7",1,"0.5",NA,NA,NA,NA,"N",NA,NA,2023-08-09,"YOSE7","SY",2024-02-07,NA,NA,NA,NA,NA,NA,NA,NA,NA,NA,NA,2023,0.5
"3","2","V",NA,NA,NA,NA,NA,"<1","0.6",1,"0.7",NA,NA,NA,NA,"N",NA,NA,2023-08-09,"YOSE7","SY",2024-02-07,NA,NA,NA,NA,NA,NA,NA,NA,NA,NA,NA,2023,0.5
"3","2","V",NA,NA,NA,NA,NA,"<1","1.4",1,"0.7",NA,NA,NA,NA,"N",NA,NA,2023-08-09,"YOSE7","SY",2024-02-07,NA,NA,NA,NA,NA,NA,NA,NA,NA,NA,NA,2023,0.5
"3","2","V",NA,NA,NA,NA,NA,"<1","1.0",1,"1.3",NA,NA,NA,NA,"N",NA,NA,2023-08-09,"YOSE7","SY",2024-02-07,NA,NA,NA,NA,NA,NA,NA,NA,NA,NA,NA,2023,0.5
"3","2","V",NA,NA,NA,NA,NA,"<1","0.8",1,"1.0",NA,NA,NA,NA,"N",NA,NA,2023-08-09,"YOSE7","SY",2024-02-07,NA,NA,NA,NA,NA,NA,NA,NA,NA,NA,NA,2023,0.5
"3","2","V",NA,NA,NA,NA,NA,"<1","0.7",1,"0.6",NA,NA,NA,NA,"N",NA,NA,2023-08-09,"YOSE7","SY",2024-02-07,NA,NA,NA,NA,NA,NA,NA,NA,NA,NA,NA,2023,0.5
"3","2","V",NA,NA,NA,NA,NA,"<1","0.7",1,"0.9",NA,NA,NA,NA,"N",NA,NA,2023-08-09,"YOSE7","SY",2024-02-07,NA,NA,NA,NA,NA,NA,NA,NA,NA,NA,NA,2023,0.5
"3","2","V",NA,NA,NA,NA,NA,"<1","1.3",1,"1.4",NA,NA,NA,NA,"N",NA,NA,2023-08-09,"YOSE7","SY",2024-02-07,NA,NA,NA,NA,NA,NA,NA,NA,NA,NA,NA,2023,0.5
"3","2","V",NA,NA,NA,NA,NA,"<1","1.2",1,"0.7",NA,NA,NA,NA,"N",NA,NA,2023-08-09,"YOSE7","SY",2024-02-07,NA,NA,NA,NA,NA,NA,NA,NA,NA,NA,NA,2023,0.5
"3","2","V",NA,NA,NA,NA,NA,"<1","0.9",1,"0.7",NA,NA,NA,NA,"N",NA,NA,2023-08-09,"YOSE7","SY",2024-02-07,NA,NA,NA,NA,NA,NA,NA,NA,NA,NA,NA,2023,0.5
"3","2","V",NA,NA,NA,NA,NA,"<1","0.7",1,"0.9",NA,NA,NA,NA,"N",NA,NA,2023-08-09,"YOSE7","SY",2024-02-07,NA,NA,NA,NA,NA,NA,NA,NA,NA,NA,NA,2023,0.5
"3","2","V",NA,NA,NA,NA,NA,"<1","0.5",1,"1.2",NA,NA,NA,NA,"N",NA,NA,2023-08-09,"YOSE7","SY",2024-02-07,NA,NA,NA,NA,NA,NA,NA,NA,NA,NA,NA,2023,0.5
"3","2","V",NA,NA,NA,NA,NA,"<1","0.8",1,"0.9",NA,NA,NA,NA,"N",NA,NA,2023-08-09,"YOSE7","SY",2024-02-07,NA,NA,NA,NA,NA,NA,NA,NA,NA,NA,NA,2023,0.5
"3","2","V",NA,NA,NA,NA,NA,"<1","0.9",1,"0.8",NA,NA,NA,NA,"N",NA,NA,2023-08-09,"YOSE7","SY",2024-02-07,NA,NA,NA,NA,NA,NA,NA,NA,NA,NA,NA,2023,0.5
"3","2","V",NA,NA,NA,NA,NA,"<1","<1",1,"<0.5",NA,NA,NA,NA,"N",NA,NA,2023-08-09,"YOSE7","SY",2024-02-07,NA,NA,NA,NA,NA,NA,NA,NA,NA,NA,NA,2023,0.5
"3","2","V",NA,NA,NA,NA,NA,"<1","<1",1,"<0.5",NA,NA,NA,NA,"N",NA,NA,2023-08-09,"YOSE7","SB",2024-02-08,NA,NA,NA,NA,NA,NA,NA,NA,NA,NA,NA,2023,0.5
"3","2","V",NA,NA,NA,NA,NA,"<1","<1",1,"<0.5",NA,NA,NA,NA,"N",NA,NA,2023-08-09,"YOSE7","SB",2024-02-08,NA,NA,NA,NA,NA,NA,NA,NA,NA,NA,NA,2023,0.5
"3","2","V",NA,NA,NA,NA,NA,"<1","<1",1,"<0.5",NA,NA,NA,NA,"N",NA,NA,2023-08-09,"YOSE7","SB",2024-02-08,NA,NA,NA,NA,NA,NA,NA,NA,NA,NA,NA,2023,0.5
"3","2","V",NA,NA,NA,NA,NA,"<1","<1",1,"<0.5",NA,NA,NA,NA,"N",NA,NA,2023-08-09,"YOSE7","SB",2024-02-08,NA,NA,NA,NA,NA,NA,NA,NA,NA,NA,NA,2023,0.5
"3","2","V",NA,NA,NA,NA,NA,"<1","<1",1,"<0.5",NA,NA,NA,NA,"N",NA,NA,2023-08-09,"YOSE7","SB",2024-02-08,NA,NA,NA,NA,NA,NA,NA,NA,NA,NA,NA,2023,0.5
"3","2","V",NA,NA,NA,NA,NA,"<1","<1",1,"<0.5",NA,NA,NA,NA,"N",NA,NA,2023-08-09,"YOSE7","SB",2024-02-08,NA,NA,NA,NA,NA,NA,NA,NA,NA,NA,NA,2023,0.5
"3","2","V",NA,NA,NA,NA,NA,"<1","<1",1,"<0.5",NA,NA,NA,NA,"N",NA,NA,2023-08-09,"YOSE7","SB",2024-02-08,NA,NA,NA,NA,NA,NA,NA,NA,NA,NA,NA,2023,0.5
"3","2","V",NA,NA,NA,NA,NA,"<1","<1",1,"<0.5",NA,NA,NA,NA,"N",NA,NA,2023-08-09,"YOSE7","SB",2024-02-08,NA,NA,NA,NA,NA,NA,NA,NA,NA,NA,NA,2023,0.5
"3","2","V",NA,NA,NA,NA,NA,"<1","<1",1,"<0.5",NA,NA,NA,NA,"N",NA,NA,2023-08-09,"YOSE7","SB",2024-02-08,NA,NA,NA,NA,NA,NA,NA,NA,NA,NA,NA,2023,0.5
"3","2","V",NA,NA,NA,NA,NA,"<1","<1",1,"<0.5",NA,NA,NA,NA,"N",NA,NA,2023-08-09,"YOSE7","SB",2024-02-08,NA,NA,NA,NA,NA,NA,NA,NA,NA,NA,NA,2023,0.5
"3","2","V",NA,NA,NA,NA,NA,"<1","<1",1,"<0.5",NA,NA,NA,NA,"N",NA,NA,2023-08-09,"YOSE7","SB",2024-02-08,NA,NA,NA,NA,NA,NA,NA,NA,NA,NA,NA,2023,0.5
"3","2","V",NA,NA,NA,NA,NA,"<1","<1",1,"<0.5",NA,NA,NA,NA,"N",NA,NA,2023-08-09,"YOSE7","SB",2024-02-08,NA,NA,NA,NA,NA,NA,NA,NA,NA,NA,NA,2023,0.5
"3","2","V",NA,NA,NA,NA,NA,"<1","<1",1,"<0.5",NA,NA,NA,NA,"N",NA,NA,2023-08-09,"YOSE7","SB",2024-02-08,NA,NA,NA,NA,NA,NA,NA,NA,NA,NA,NA,2023,0.5
"3","2","V",NA,NA,NA,NA,NA,"<1","<1",1,"<0.5",NA,NA,NA,NA,"N",NA,NA,2023-08-09,"YOSE7","SB",2024-02-08,NA,NA,NA,NA,NA,NA,NA,NA,NA,NA,NA,2023,0.5
"3","2","V",NA,NA,NA,NA,NA,"<1","<1",1,"<0.5",NA,NA,NA,NA,"N",NA,NA,2023-08-09,"YOSE7","SB",2024-02-08,NA,NA,NA,NA,NA,NA,NA,NA,NA,NA,NA,2023,0.5
"3","2","V",NA,NA,NA,NA,NA,"<1","<1",1,"<0.5",NA,NA,NA,NA,"N",NA,NA,2023-08-09,"YOSE7","SB",2024-02-08,NA,NA,NA,NA,NA,NA,NA,NA,NA,NA,NA,2023,0.5
"3","2","V",NA,NA,NA,NA,NA,"<1","<1",1,"<0.5",NA,NA,NA,NA,"N",NA,NA,2023-08-09,"YOSE7","SB",2024-02-08,NA,NA,NA,NA,NA,NA,NA,NA,NA,NA,NA,2023,0.5
"3","2","V",NA,NA,NA,NA,NA,"<1","<1",1,"<0.5",NA,NA,NA,NA,"N",NA,NA,2023-08-09,"YOSE7","SB",2024-02-08,NA,NA,NA,NA,NA,NA,NA,NA,NA,NA,NA,2023,0.5
"3","2","V",NA,NA,NA,NA,NA,"<1","<1",1,"<0.5",NA,NA,NA,NA,"N",NA,NA,2023-08-09,"YOSE7","SB",2024-02-08,NA,NA,NA,NA,NA,NA,NA,NA,NA,NA,NA,2023,0.5
"3","2","V",NA,NA,NA,NA,NA,"<1","<1",1,"<0.5",NA,NA,NA,NA,"N",NA,NA,2023-08-09,"YOSE7","SB",2024-02-08,NA,NA,NA,NA,NA,NA,NA,NA,NA,NA,NA,2023,0.5
"3","2","V",NA,NA,NA,NA,NA,"<1","<1",1,"<0.5",NA,NA,NA,NA,"N",NA,NA,2023-08-09,"YOSE7","SB",2024-02-08,NA,NA,NA,NA,NA,NA,NA,NA,NA,NA,NA,2023,0.5
"3","2","V",NA,NA,NA,NA,NA,"<1","<1",1,"<0.5",NA,NA,NA,NA,"N",NA,NA,2023-08-09,"YOSE7","SB",2024-02-08,NA,NA,NA,NA,NA,NA,NA,NA,NA,NA,NA,2023,0.5
"3","2","V",NA,NA,NA,NA,NA,"<1","<1",1,"<0.5",NA,NA,NA,NA,"N",NA,NA,2023-08-09,"YOSE7","SB",2024-02-08,NA,NA,NA,NA,NA,NA,NA,NA,NA,NA,NA,2023,0.5
"3","2","V",NA,NA,NA,NA,NA,"<1","<1",1,"<0.5",NA,NA,NA,NA,"N",NA,NA,2023-08-09,"YOSE7","SB",2024-02-08,NA,NA,NA,NA,NA,NA,NA,NA,NA,NA,NA,2023,0.5
"3","2","V",NA,NA,NA,NA,NA,"<1","<1",1,"<0.5",NA,NA,NA,NA,"N",NA,NA,2023-08-09,"YOSE7","SB",2024-02-08,NA,NA,NA,NA,NA,NA,NA,NA,NA,NA,NA,2023,0.5
"3","2","V",NA,NA,NA,NA,NA,"<1","<1",1,"<0.5",NA,NA,NA,NA,"N",NA,NA,2023-08-09,"YOSE7","SB",2024-02-08,NA,NA,NA,NA,NA,NA,NA,NA,NA,NA,NA,2023,0.5
"3","2","V",NA,NA,NA,NA,NA,"<1","<1",1,"<0.5",NA,NA,NA,NA,"N",NA,NA,2023-08-09,"YOSE7","SB",2024-02-08,NA,NA,NA,NA,NA,NA,NA,NA,NA,NA,NA,2023,0.5
"3","2","V",NA,NA,NA,NA,NA,"<1","<1",1,"<0.5",NA,NA,NA,NA,"N",NA,NA,2023-08-09,"YOSE7","SB",2024-02-08,NA,NA,NA,NA,NA,NA,NA,NA,NA,NA,NA,2023,0.5
"3","2","V",NA,NA,NA,NA,NA,"<1","<1",1,"<0.5",NA,NA,NA,NA,"N",NA,NA,2023-08-09,"YOSE7","SB",2024-02-08,NA,NA,NA,NA,NA,NA,NA,NA,NA,NA,NA,2023,0.5
"3","2","V",NA,NA,NA,NA,NA,"<1","<1",1,"<0.5",NA,NA,NA,NA,"N",NA,NA,2023-08-09,"YOSE7","SB",2024-02-08,NA,NA,NA,NA,NA,NA,NA,NA,NA,NA,NA,2023,0.5
"3","2","V",NA,NA,NA,NA,NA,"<1","<1",1,"<0.5",NA,NA,NA,NA,"N",NA,NA,2023-08-09,"YOSE7","SB",2024-02-08,NA,NA,NA,NA,NA,NA,NA,NA,NA,NA,NA,2023,0.5
"3","2","V",NA,NA,NA,NA,NA,"<1","<1",1,"<0.5",NA,NA,NA,NA,"N",NA,NA,2023-08-09,"YOSE7","SB",2024-02-08,NA,NA,NA,NA,NA,NA,NA,NA,NA,NA,NA,2023,0.5
"3","2","V",NA,NA,NA,NA,NA,"<1","<1",1,"<0.5",NA,NA,NA,NA,"N",NA,NA,2023-08-09,"YOSE7","SB",2024-02-08,NA,NA,NA,NA,NA,NA,NA,NA,NA,NA,NA,2023,0.5
"3","2","V",NA,NA,NA,NA,NA,"<1","<1",1,"<0.5",NA,NA,NA,NA,"N",NA,NA,2023-08-09,"YOSE7","SB",2024-02-08,NA,NA,NA,NA,NA,NA,NA,NA,NA,NA,NA,2023,0.5
"3","2","V",NA,NA,NA,NA,NA,"<1","<1",1,"<0.5",NA,NA,NA,NA,"N",NA,NA,2023-08-09,"YOSE7","SB",2024-02-08,NA,NA,NA,NA,NA,NA,NA,NA,NA,NA,NA,2023,0.5
"3","2","V",NA,NA,NA,NA,NA,"<1","<1",1,"<0.5",NA,NA,NA,NA,"N",NA,NA,2023-08-09,"YOSE7","SB",2024-02-08,NA,NA,NA,NA,NA,NA,NA,NA,NA,NA,NA,2023,0.5
"3","2","V",NA,NA,NA,NA,NA,"<1","<1",1,"<0.5",NA,NA,NA,NA,"N",NA,NA,2023-08-09,"YOSE7","SB",2024-02-08,NA,NA,NA,NA,NA,NA,NA,NA,NA,NA,NA,2023,0.5
"3","2","V",NA,NA,NA,NA,NA,"<1","<1",1,"<0.5",NA,NA,NA,NA,"N",NA,NA,2023-08-09,"YOSE7","SB",2024-02-08,NA,NA,NA,NA,NA,NA,NA,NA,NA,NA,NA,2023,0.5
"3","2","V",NA,NA,NA,NA,NA,"<1","<1",1,"<0.5",NA,NA,NA,NA,"N",NA,NA,2023-08-09,"YOSE7","SB",2024-02-08,NA,NA,NA,NA,NA,NA,NA,NA,NA,NA,NA,2023,0.5
"3","2","V",NA,NA,NA,NA,NA,"<1","<1",1,"<0.5",NA,NA,NA,NA,"N",NA,NA,2023-08-09,"YOSE7","SB",2024-02-08,NA,NA,NA,NA,NA,NA,NA,NA,NA,NA,NA,2023,0.5
"3","2","V",NA,NA,NA,NA,NA,"<1","<1",1,"<0.5",NA,NA,NA,NA,"N",NA,NA,2023-08-09,"YOSE7","SB",2024-02-08,NA,NA,NA,NA,NA,NA,NA,NA,NA,NA,NA,2023,0.5
"3","2","V",NA,NA,NA,NA,NA,"<1","<1",1,"<0.5",NA,NA,NA,NA,"N",NA,NA,2023-08-09,"YOSE7","SB",2024-02-08,NA,NA,NA,NA,NA,NA,NA,NA,NA,NA,NA,2023,0.5
"3","2","V",NA,NA,NA,NA,NA,"<1","<1",1,"<0.5",NA,NA,NA,NA,"N",NA,NA,2023-08-09,"YOSE7","SB",2024-02-08,NA,NA,NA,NA,NA,NA,NA,NA,NA,NA,NA,2023,0.5
"3","2","V",NA,NA,NA,NA,NA,"<1","<1",1,"<0.5",NA,NA,NA,NA,"N",NA,NA,2023-08-09,"YOSE7","SB",2024-02-08,NA,NA,NA,NA,NA,NA,NA,NA,NA,NA,NA,2023,0.5
"3","2","V",NA,NA,NA,NA,NA,"<1","<1",1,"<0.5",NA,NA,NA,NA,"N",NA,NA,2023-08-09,"YOSE7","SB",2024-02-08,NA,NA,NA,NA,NA,NA,NA,NA,NA,NA,NA,2023,0.5
"3","2","V",NA,NA,NA,NA,NA,"<1","<1",1,"<0.5",NA,NA,NA,NA,"N",NA,NA,2023-08-09,"YOSE7","SB",2024-02-08,NA,NA,NA,NA,NA,NA,NA,NA,NA,NA,NA,2023,0.5
"3","2","V",NA,NA,NA,NA,NA,"<1","<1",1,"<0.5",NA,NA,NA,NA,"N",NA,NA,2023-08-09,"YOSE7","SB",2024-02-08,NA,NA,NA,NA,NA,NA,NA,NA,NA,NA,NA,2023,0.5
"3","2","V",NA,NA,NA,NA,NA,"<1","<1",1,"<0.5",NA,NA,NA,NA,"N",NA,NA,2023-08-09,"YOSE7","SB",2024-02-08,NA,NA,NA,NA,NA,NA,NA,NA,NA,NA,NA,2023,0.5
"3","2","V",NA,NA,NA,NA,NA,"<1","<1",1,"<0.5",NA,NA,NA,NA,"N",NA,NA,2023-08-09,"YOSE7","SB",2024-02-08,NA,NA,NA,NA,NA,NA,NA,NA,NA,NA,NA,2023,0.5
"3","2","V",NA,NA,NA,NA,NA,"<1","<1",1,"<0.5",NA,NA,NA,NA,"N",NA,NA,2023-08-09,"YOSE7","SB",2024-02-08,NA,NA,NA,NA,NA,NA,NA,NA,NA,NA,NA,2023,0.5
"3","2","V",NA,NA,NA,NA,NA,"<1","<1",1,"<0.5",NA,NA,NA,NA,"N",NA,NA,2023-08-09,"YOSE7","SB",2024-02-08,NA,NA,NA,NA,NA,NA,NA,NA,NA,NA,NA,2023,0.5
"3","2","V",NA,NA,NA,NA,NA,"<1","<1",1,"<0.5",NA,NA,NA,NA,"N",NA,NA,2023-08-09,"YOSE7","SB",2024-02-08,NA,NA,NA,NA,NA,NA,NA,NA,NA,NA,NA,2023,0.5
"3","2","V",NA,NA,NA,NA,NA,"<1","<1",1,"<0.5",NA,NA,NA,NA,"N",NA,NA,2023-08-09,"YOSE7","SB",2024-02-08,NA,NA,NA,NA,NA,NA,NA,NA,NA,NA,NA,2023,0.5
"3","2","V",NA,NA,NA,NA,NA,"<1","<1",1,"<0.5",NA,NA,NA,NA,"N",NA,NA,2023-08-09,"YOSE7","SB",2024-02-08,NA,NA,NA,NA,NA,NA,NA,NA,NA,NA,NA,2023,0.5
"3","2","V",NA,NA,NA,NA,NA,"<1","<1",1,"<0.5",NA,NA,NA,NA,"N",NA,NA,2023-08-09,"YOSE7","SB",2024-02-08,NA,NA,NA,NA,NA,NA,NA,NA,NA,NA,NA,2023,0.5
"3","2","V",NA,NA,NA,NA,NA,"<1","<1",1,"<0.5",NA,NA,NA,NA,"N",NA,NA,2023-08-09,"YOSE7","SB",2024-02-08,NA,NA,NA,NA,NA,NA,NA,NA,NA,NA,NA,2023,0.5
"3","2","V",NA,NA,NA,NA,NA,"<1","<1",1,"<0.5",NA,NA,NA,NA,"N",NA,NA,2023-08-09,"YOSE7","SB",2024-02-08,NA,NA,NA,NA,NA,NA,NA,NA,NA,NA,NA,2023,0.5
"3","2","V",NA,NA,NA,NA,NA,"<1","<1",1,"<0.5",NA,NA,NA,NA,"N",NA,NA,2023-08-09,"YOSE7","SB",2024-02-08,NA,NA,NA,NA,NA,NA,NA,NA,NA,NA,NA,2023,0.5
"3","2","V",NA,NA,NA,NA,NA,"<1","<1",1,"<0.5",NA,NA,NA,NA,"N",NA,NA,2023-08-09,"YOSE7","SB",2024-02-08,NA,NA,NA,NA,NA,NA,NA,NA,NA,NA,NA,2023,0.5
"3","2","V",NA,NA,NA,NA,NA,"<1","<1",1,"<0.5",NA,NA,NA,NA,"N",NA,NA,2023-08-09,"YOSE7","SB",2024-02-08,NA,NA,NA,NA,NA,NA,NA,NA,NA,NA,NA,2023,0.5
"3","2","V",NA,NA,NA,NA,NA,"<1","<1",1,"<0.5",NA,NA,NA,NA,"N",NA,NA,2023-08-09,"YOSE7","SB",2024-02-08,NA,NA,NA,NA,NA,NA,NA,NA,NA,NA,NA,2023,0.5
"3","2","V",NA,NA,NA,NA,NA,"<1","<1",1,"<0.5",NA,NA,NA,NA,"N",NA,NA,2023-08-09,"YOSE7","SB",2024-02-08,NA,NA,NA,NA,NA,NA,NA,NA,NA,NA,NA,2023,0.5
"3","2","V",NA,NA,NA,NA,NA,"<1","<1",1,"<0.5",NA,NA,NA,NA,"N",NA,NA,2023-08-09,"YOSE7","SB",2024-02-08,NA,NA,NA,NA,NA,NA,NA,NA,NA,NA,NA,2023,0.5
"3","2","V",NA,NA,NA,NA,NA,"<1","<1",1,"<0.5",NA,NA,NA,NA,"N",NA,NA,2023-08-09,"YOSE7","SB",2024-02-08,NA,NA,NA,NA,NA,NA,NA,NA,NA,NA,NA,2023,0.5
"3","2","V",NA,NA,NA,NA,NA,"<1","<1",1,"<0.5",NA,NA,NA,NA,"N",NA,NA,2023-08-09,"YOSE7","SB",2024-02-08,NA,NA,NA,NA,NA,NA,NA,NA,NA,NA,NA,2023,0.5
"3","2","V",NA,NA,NA,NA,NA,"<1","<1",1,"<0.5",NA,NA,NA,NA,"N",NA,NA,2023-08-09,"YOSE7","SB",2024-02-08,NA,NA,NA,NA,NA,NA,NA,NA,NA,NA,NA,2023,0.5
"3","2","V",NA,NA,NA,NA,NA,"<1","<1",1,"<0.5",NA,NA,NA,NA,"N",NA,NA,2023-08-09,"YOSE7","SB",2024-02-08,NA,NA,NA,NA,NA,NA,NA,NA,NA,NA,NA,2023,0.5
"3","2","V",NA,NA,NA,NA,NA,"<1","<1",1,"<0.5",NA,NA,NA,NA,"N",NA,NA,2023-08-09,"YOSE7","SB",2024-02-08,NA,NA,NA,NA,NA,NA,NA,NA,NA,NA,NA,2023,0.5
"3","2","V",NA,NA,NA,NA,NA,"<1","<1",1,"<0.5",NA,NA,NA,NA,"N",NA,NA,2023-08-09,"YOSE7","SB",2024-02-08,NA,NA,NA,NA,NA,NA,NA,NA,NA,NA,NA,2023,0.5
"3","2","V",NA,NA,NA,NA,NA,"<1","<1",1,"<0.5",NA,NA,NA,NA,"N",NA,NA,2023-08-09,"YOSE7","SB",2024-02-08,NA,NA,NA,NA,NA,NA,NA,NA,NA,NA,NA,2023,0.5
"3","2","V",NA,NA,NA,NA,NA,"<1","<1",1,"<0.5",NA,NA,NA,NA,"N",NA,NA,2023-08-09,"YOSE7","SB",2024-02-08,NA,NA,NA,NA,NA,NA,NA,NA,NA,NA,NA,2023,0.5
"3","2","V",NA,NA,NA,NA,NA,"<1","<1",1,"<0.5",NA,NA,NA,NA,"N",NA,NA,2023-08-09,"YOSE7","SB",2024-02-08,NA,NA,NA,NA,NA,NA,NA,NA,NA,NA,NA,2023,0.5
"3","2","V",NA,NA,NA,NA,NA,"<1","<1",1,"<0.5",NA,NA,NA,NA,"N",NA,NA,2023-08-09,"YOSE7","SB",2024-02-08,NA,NA,NA,NA,NA,NA,NA,NA,NA,NA,NA,2023,0.5
"3","2","V",NA,NA,NA,NA,NA,"<1","<1",1,"<0.5",NA,NA,NA,NA,"N",NA,NA,2023-08-09,"YOSE7","SB",2024-02-08,NA,NA,NA,NA,NA,NA,NA,NA,NA,NA,NA,2023,0.5
"3","2","V",NA,NA,NA,NA,NA,"<1","<1",1,"<0.5",NA,NA,NA,NA,"N",NA,NA,2023-08-09,"YOSE7","SB",2024-02-08,NA,NA,NA,NA,NA,NA,NA,NA,NA,NA,NA,2023,0.5
"3","2","V",NA,NA,NA,NA,NA,"<1","<1",1,"<0.5",NA,NA,NA,NA,"N",NA,NA,2023-08-09,"YOSE7","SB",2024-02-08,NA,NA,NA,NA,NA,NA,NA,NA,NA,NA,NA,2023,0.5
"3","2","V",NA,NA,NA,NA,NA,"<1","<1",1,"<0.5",NA,NA,NA,NA,"N",NA,NA,2023-08-09,"YOSE7","SB",2024-02-08,NA,NA,NA,NA,NA,NA,NA,NA,NA,NA,NA,2023,0.5
"3","2","V",NA,NA,NA,NA,NA,"<1","<1",1,"<0.5",NA,NA,NA,NA,"N",NA,NA,2023-08-09,"YOSE7","SB",2024-02-08,NA,NA,NA,NA,NA,NA,NA,NA,NA,NA,NA,2023,0.5
"3","2","V",NA,NA,NA,NA,NA,"<1","<1",1,"<0.5",NA,NA,NA,NA,"N",NA,NA,2023-08-09,"YOSE7","SB",2024-02-08,NA,NA,NA,NA,NA,NA,NA,NA,NA,NA,NA,2023,0.5
"3","2","V",NA,NA,NA,NA,NA,"<1","<1",1,"<0.5",NA,NA,NA,NA,"N",NA,NA,2023-08-09,"YOSE7","SB",2024-02-08,NA,NA,NA,NA,NA,NA,NA,NA,NA,NA,NA,2023,0.5
"3","2","V",NA,NA,NA,NA,NA,"<1","<1",1,"<0.5",NA,NA,NA,NA,"N",NA,NA,2023-08-09,"YOSE7","SB",2024-02-08,NA,NA,NA,NA,NA,NA,NA,NA,NA,NA,NA,2023,0.5
"3","2","V",NA,NA,NA,NA,NA,"<1","<1",1,"<0.5",NA,NA,NA,NA,"N",NA,NA,2023-08-09,"YOSE7","SB",2024-02-08,NA,NA,NA,NA,NA,NA,NA,NA,NA,NA,NA,2023,0.5
"3","2","V",NA,NA,NA,NA,NA,"<1","<1",1,"<0.5",NA,NA,NA,NA,"N",NA,NA,2023-08-09,"YOSE7","SB",2024-02-08,NA,NA,NA,NA,NA,NA,NA,NA,NA,NA,NA,2023,0.5
"3","2","V",NA,NA,NA,NA,NA,"<1","<1",1,"<0.5",NA,NA,NA,NA,"N",NA,NA,2023-08-09,"YOSE7","SB",2024-02-08,NA,NA,NA,NA,NA,NA,NA,NA,NA,NA,NA,2023,0.5
"3","2","V",NA,NA,NA,NA,NA,"<1","<1",1,"<0.5",NA,NA,NA,NA,"N",NA,NA,2023-08-09,"YOSE7","SB",2024-02-08,NA,NA,NA,NA,NA,NA,NA,NA,NA,NA,NA,2023,0.5
"3","2","V",NA,NA,NA,NA,NA,"<1","<1",1,"<0.5",NA,NA,NA,NA,"N",NA,NA,2023-08-09,"YOSE7","SB",2024-02-08,NA,NA,NA,NA,NA,NA,NA,NA,NA,NA,NA,2023,0.5
"3","2","V",NA,NA,NA,NA,NA,"<1","<1",1,"<0.5",NA,NA,NA,NA,"N",NA,NA,2023-08-09,"YOSE7","SB",2024-02-08,NA,NA,NA,NA,NA,NA,NA,NA,NA,NA,NA,2023,0.5
"3","2","V",NA,NA,NA,NA,NA,"<1","<1",1,"<0.5",NA,NA,NA,NA,"N",NA,NA,2023-08-09,"YOSE7","SB",2024-02-08,NA,NA,NA,NA,NA,NA,NA,NA,NA,NA,NA,2023,0.5
"3","2","V",NA,NA,NA,NA,NA,"<1","<1",1,"<0.5",NA,NA,NA,NA,"N",NA,NA,2023-08-09,"YOSE7","SB",2024-02-08,NA,NA,NA,NA,NA,NA,NA,NA,NA,NA,NA,2023,0.5
"3","2","V",NA,NA,NA,NA,NA,"<1","<1",1,"<0.5",NA,NA,NA,NA,"N",NA,NA,2023-08-09,"YOSE7","SB",2024-02-08,NA,NA,NA,NA,NA,NA,NA,NA,NA,NA,NA,2023,0.5
"3","2","V",NA,NA,NA,NA,NA,"<1","<1",1,"<0.5",NA,NA,NA,NA,"N",NA,NA,2023-08-09,"YOSE7","SB",2024-02-08,NA,NA,NA,NA,NA,NA,NA,NA,NA,NA,NA,2023,0.5
"3","2","V",NA,NA,NA,NA,NA,"<1","<1",1,"<0.5",NA,NA,NA,NA,"N",NA,NA,2023-08-09,"YOSE7","SB",2024-02-08,NA,NA,NA,NA,NA,NA,NA,NA,NA,NA,NA,2023,0.5
"3","2","V",NA,NA,NA,NA,NA,"<1","<1",1,"<0.5",NA,NA,NA,NA,"N",NA,NA,2023-08-09,"YOSE7","SB",2024-02-08,NA,NA,NA,NA,NA,NA,NA,NA,NA,NA,NA,2023,0.5
"3","2","V",NA,NA,NA,NA,NA,"<1","<1",1,"<0.5",NA,NA,NA,NA,"N",NA,NA,2023-08-09,"YOSE7","SB",2024-02-08,NA,NA,NA,NA,NA,NA,NA,NA,NA,NA,NA,2023,0.5
"3","2","V",NA,NA,NA,NA,NA,"<1","<1",1,"<0.5",NA,NA,NA,NA,"N",NA,NA,2023-08-09,"YOSE7","SB",2024-02-08,NA,NA,NA,NA,NA,NA,NA,NA,NA,NA,NA,2023,0.5
"3","2","V",NA,NA,NA,NA,NA,"<1","<1",1,"<0.5",NA,NA,NA,NA,"N",NA,NA,2023-08-09,"YOSE7","SB",2024-02-08,NA,NA,NA,NA,NA,NA,NA,NA,NA,NA,NA,2023,0.5
"3","2","V",NA,NA,NA,NA,NA,"<1","<1",1,"<0.5",NA,NA,NA,NA,"N",NA,NA,2023-08-09,"YOSE7","SB",2024-02-08,NA,NA,NA,NA,NA,NA,NA,NA,NA,NA,NA,2023,0.5
"3","2","V",NA,NA,NA,NA,NA,"<1","<1",1,"<0.5",NA,NA,NA,NA,"N",NA,NA,2023-08-09,"YOSE7","SB",2024-02-08,NA,NA,NA,NA,NA,NA,NA,NA,NA,NA,NA,2023,0.5
"3","2","V",NA,NA,NA,NA,NA,"<1","<1",1,"<0.5",NA,NA,NA,NA,"N",NA,NA,2023-08-09,"YOSE7","SB",2024-02-08,NA,NA,NA,NA,NA,NA,NA,NA,NA,NA,NA,2023,0.5
"3","2","V",NA,NA,NA,NA,NA,"<1","<1",1,"<0.5",NA,NA,NA,NA,"N",NA,NA,2023-08-09,"YOSE7","SB",2024-02-08,NA,NA,NA,NA,NA,NA,NA,NA,NA,NA,NA,2023,0.5
"3","2","V",NA,NA,NA,NA,NA,"<1","<1",1,"<0.5",NA,NA,NA,NA,"N",NA,NA,2023-08-09,"YOSE7","SB",2024-02-08,NA,NA,NA,NA,NA,NA,NA,NA,NA,NA,NA,2023,0.5
"3","2","V",NA,NA,NA,NA,NA,"<1","<1",1,"<0.5",NA,NA,NA,NA,"N",NA,NA,2023-08-09,"YOSE7","SB",2024-02-08,NA,NA,NA,NA,NA,NA,NA,NA,NA,NA,NA,2023,0.5
"3","2","V",NA,NA,NA,NA,NA,"<1","<1",1,"<0.5",NA,NA,NA,NA,"N",NA,NA,2023-08-09,"YOSE7","SB",2024-02-08,NA,NA,NA,NA,NA,NA,NA,NA,NA,NA,NA,2023,0.5
"3","2","V",NA,NA,NA,NA,NA,"<1","<1",1,"<0.5",NA,NA,NA,NA,"N",NA,NA,2023-08-09,"YOSE7","SB",2024-02-08,NA,NA,NA,NA,NA,NA,NA,NA,NA,NA,NA,2023,0.5
"3","2","V",NA,NA,NA,NA,NA,"<1","<1",1,"<0.5",NA,NA,NA,NA,"N",NA,NA,2023-08-09,"YOSE7","SB",2024-02-08,NA,NA,NA,NA,NA,NA,NA,NA,NA,NA,NA,2023,0.5
"3","2","V",NA,NA,NA,NA,NA,"<1","<1",1,"<0.5",NA,NA,NA,NA,"N",NA,NA,2023-08-09,"YOSE7","SB",2024-02-08,NA,NA,NA,NA,NA,NA,NA,NA,NA,NA,NA,2023,0.5
"3","2","V",NA,NA,NA,NA,NA,"<1","<1",1,"<0.5",NA,NA,NA,NA,"N",NA,NA,2023-08-09,"YOSE7","SB",2024-02-08,NA,NA,NA,NA,NA,NA,NA,NA,NA,NA,NA,2023,0.5
"3","2","V",NA,NA,NA,NA,NA,"<1","<1",1,"<0.5",NA,NA,NA,NA,"N",NA,NA,2023-08-09,"YOSE7","SB",2024-02-08,NA,NA,NA,NA,NA,NA,NA,NA,NA,NA,NA,2023,0.5
"3","2","V",NA,NA,NA,NA,NA,"<1","<1",1,"<0.5",NA,NA,NA,NA,"N",NA,NA,2023-08-09,"YOSE7","SB",2024-02-08,NA,NA,NA,NA,NA,NA,NA,NA,NA,NA,NA,2023,0.5
"3","2","V",NA,NA,NA,NA,NA,"<1","<1",1,"<0.5",NA,NA,NA,NA,"N",NA,NA,2023-08-09,"YOSE7","SB",2024-02-08,NA,NA,NA,NA,NA,NA,NA,NA,NA,NA,NA,2023,0.5
"2","3","V",NA,NA,NA,NA,NA,"<1","1.0",1,"0.6",NA,NA,NA,0,"N",NA,NA,2023-08-09,"YOSE7","SY",2024-02-07,NA,NA,NA,NA,NA,NA,NA,NA,NA,NA,NA,2023,0.5
"2","3","V",NA,NA,NA,NA,NA,"<1","1.2",1,"0.6",NA,NA,NA,0,"N",NA,NA,2023-08-09,"YOSE7","SY",2024-02-07,NA,NA,NA,NA,NA,NA,NA,NA,NA,NA,NA,2023,0.5
"2","3","V",NA,NA,NA,NA,NA,"<1","1.1",1,"0.6",NA,NA,NA,0,"N",NA,NA,2023-08-09,"YOSE7","SY",2024-02-07,NA,NA,NA,NA,NA,NA,NA,NA,NA,NA,NA,2023,0.5
"2","3","V",NA,NA,NA,NA,NA,"<1","0.5",1,"0.8",NA,NA,NA,0,"N",NA,NA,2023-08-09,"YOSE7","SY",2024-02-07,NA,NA,NA,NA,NA,NA,NA,NA,NA,NA,NA,2023,0.5
"2","3","V",NA,NA,NA,NA,NA,"<1","1.5",1,"0.9",NA,NA,NA,0,"N",NA,NA,2023-08-09,"YOSE7","SY",2024-02-07,NA,NA,NA,NA,NA,NA,NA,NA,NA,NA,NA,2023,0.5
"2","3","V",NA,NA,NA,NA,NA,"<1","1.3",1,"0.7",NA,NA,NA,0,"N",NA,NA,2023-08-09,"YOSE7","SY",2024-02-07,NA,NA,NA,NA,NA,NA,NA,NA,NA,NA,NA,2023,0.5
"3","4.5","V",27,8,"pink",NA,NA,"0.35","1.1",1,"0.4",NA,NA,NA,0,"Y",NA,NA,2023-08-09,"YOSE7","SY",2024-02-07,NA,68,NA,NA,NA,NA,NA,NA,NA,NA,NA,2023,0.5
"3","2.5","V",34,24,"pink",NA,NA,"0.55","1.8",1,"1.0",NA,NA,NA,0,"N",NA,NA,2023-08-09,"YOSE7","SY",2024-02-07,NA,174,NA,NA,NA,NA,NA,NA,NA,NA,NA,2023,0.5
"3","2.5","V",34,31,"pink",NA,NA,"0.37","0.9",1,"0.5",NA,NA,NA,0,"N",NA,NA,2023-08-09,"YOSE7","SY",2024-02-07,NA,248,NA,NA,NA,NA,NA,NA,NA,NA,NA,2023,0.5
"3","0","X",49,26,"purple",NA,NA,NA,NA,NA,NA,NA,NA,NA,NA,NA,NA,NA,2023-08-08,"YOSE7","SY",2024-02-07,NA,360,NA,NA,NA,NA,NA,NA,NA,NA,NA,2023,NA
"3","0","F",40,9,"blue",NA,NA,"1.93","10.9",1,NA,"11.0","0.0",NA,1,"N",NA,NA,2023-08-08,"YOSE7","SY",2024-02-07,NA,13,NA,NA,NA,NA,NA,NA,NA,NA,NA,2023,1.93
"3","0","F",50,21,"blue",NA,NA,"2.09","11.6",1,NA,"13.0","0.0",NA,1,"Y",NA,NA,2023-08-08,"YOSE7","SY",2024-02-07,NA,47,NA,NA,NA,NA,NA,NA,NA,NA,NA,2023,2.09
"3","0","F",38,19,"blue",NA,NA,"2.23","9.7",2,NA,"8.0","0.0",NA,2,"N",NA,NA,2023-08-08,"YOSE7","SY",2024-02-07,NA,51,NA,NA,NA,NA,NA,NA,NA,NA,NA,2023,2.23
"3","0","P",40,26,"blue",NA,NA,"1.36","12.2",1,NA,"4.0","1.0",1.2,1,"Y","9 ** not 4",NA,2023-08-08,"YOSE7","SY",2024-02-07,NA,9,NA,NA,NA,NA,NA,NA,NA,NA,NA,2023,1.36
"3","0","P",30,14,"blue",NA,NA,"1.42","12.1",1,NA,"13.0","12.0",2.4,1,"Y","46 ** not 40",NA,2023-08-08,"YOSE7","SY",2024-02-07,NA,46,NA,NA,NA,NA,NA,NA,NA,NA,NA,2023,1.42
"3","0","X",16,28,"blue",NA,NA,NA,NA,NA,NA,NA,NA,NA,NA,NA,NA,NA,2023-08-08,"YOSE7","SY",2024-02-07,NA,80,NA,NA,NA,NA,NA,NA,NA,NA,NA,2023,NA
"3","0","X",20,30,"blue",NA,NA,NA,NA,NA,NA,NA,NA,NA,NA,NA,"no plant/band",NA,2023-08-08,"YOSE7","SY",2024-02-07,NA,23,NA,NA,NA,NA,NA,NA,NA,NA,NA,2023,NA
"3","0","F",22,37,"blue",NA,NA,"1.27","8.4",1,NA,"5.0","0.0",NA,1,"N",NA,NA,2023-08-08,"YOSE7","SY",2024-02-07,NA,34,NA,NA,NA,NA,NA,NA,NA,NA,NA,2023,1.27
"3","0","X",27,47,"blue",NA,NA,NA,NA,NA,NA,NA,NA,NA,NA,NA,NA,NA,2023-08-08,"YOSE7","SY",2024-02-07,NA,35,NA,NA,NA,NA,NA,NA,NA,NA,NA,2023,NA
"3","0.5","X",27,32,"purple",NA,NA,NA,NA,NA,NA,NA,NA,NA,NA,NA,NA,NA,2023-08-08,"YOSE7","SY",2024-02-07,NA,350,NA,NA,NA,NA,NA,NA,NA,NA,NA,2023,NA
"3","0.5","X",25,5,"blue",NA,NA,NA,NA,NA,NA,NA,NA,NA,NA,NA,NA,NA,2023-08-08,"YOSE7","SY",2024-02-07,NA,16,NA,NA,NA,NA,NA,NA,NA,NA,NA,2023,NA
"3","0.5","F",24,13,"blue",NA,NA,"1.61","14.0",6,NA,"7.0","0.0",NA,3,"Y",NA,NA,2023-08-08,"YOSE7","SY",2024-02-07,NA,48,NA,NA,NA,NA,NA,NA,NA,NA,NA,2023,1.61
"3","0.5","F",34,21,"blue",NA,NA,"1.71","10.3",1,NA,"24.0","0.0",NA,1,"Y",NA,NA,2023-08-08,"YOSE7","SY",2024-02-07,NA,33,NA,NA,NA,NA,NA,NA,NA,NA,NA,2023,1.71
"3","0.5","F",50,21,"blue",NA,NA,"1.85","8.2",2,NA,"6.0","0.0",NA,2,"N",NA,NA,2023-08-08,"YOSE7","SY",2024-02-07,NA,45,NA,NA,NA,NA,NA,NA,NA,NA,NA,2023,1.85
"3","0.5","X",7,33,"blue",NA,NA,NA,NA,NA,NA,NA,NA,NA,NA,NA,NA,NA,2023-08-08,"YOSE7","SY",2024-02-07,NA,95,NA,NA,NA,NA,NA,NA,NA,NA,NA,2023,NA
"3","1","X",32,30,"blue",NA,NA,NA,NA,NA,NA,NA,NA,NA,NA,NA,NA,NA,2023-08-08,"YOSE7","SY",2024-02-07,NA,44,NA,NA,NA,NA,NA,NA,NA,NA,NA,2023,NA
"3","1","X",45,7,"blue",NA,NA,NA,NA,NA,NA,NA,NA,NA,NA,NA,NA,NA,2023-08-08,"YOSE7","SY",2024-02-07,NA,65,NA,NA,NA,NA,NA,NA,NA,NA,NA,2023,NA
"3","1","X",45,13,"blue",NA,NA,NA,NA,NA,NA,NA,NA,NA,NA,NA,NA,NA,2023-08-08,"YOSE7","SY",2024-02-07,NA,31,NA,NA,NA,NA,NA,NA,NA,NA,NA,2023,NA
"3","1","X",10,30,"blue",NA,NA,NA,NA,NA,NA,NA,NA,NA,NA,NA,NA,NA,2023-08-08,"YOSE7","SY",2024-02-07,NA,18,NA,NA,NA,NA,NA,NA,NA,NA,NA,2023,NA
"3","1","X",19,34,"blue",NA,NA,NA,NA,NA,NA,NA,NA,NA,NA,NA,NA,NA,2023-08-08,"YOSE7","SY",2024-02-07,NA,14,NA,NA,NA,NA,NA,NA,NA,NA,NA,2023,NA
"3","1.5","X",38,48,"purple",NA,NA,NA,NA,NA,NA,NA,NA,NA,NA,NA,NA,NA,2023-08-08,"YOSE7","SY",2024-02-07,NA,106,NA,NA,NA,NA,NA,NA,NA,NA,NA,2023,NA
"3","1.5","X",6,1,"purple",NA,NA,NA,NA,NA,NA,NA,NA,NA,NA,NA,NA,NA,2023-08-08,"YOSE7","SY",2024-02-07,NA,354,NA,NA,NA,NA,NA,NA,NA,NA,NA,2023,NA
"3","1.5","X",7,3,"purple",NA,NA,NA,NA,NA,NA,NA,NA,NA,NA,NA,NA,NA,2023-08-08,"YOSE7","SY",2024-02-07,NA,86,NA,NA,NA,NA,NA,NA,NA,NA,NA,2023,NA
"3","1.5","X",3,16,"purple",NA,NA,NA,NA,NA,NA,NA,NA,NA,NA,NA,NA,NA,2023-08-08,"YOSE7","SY",2024-02-07,NA,200,NA,NA,NA,NA,NA,NA,NA,NA,NA,2023,NA
"3","1","X",43,47,"purple",NA,NA,NA,NA,NA,NA,NA,NA,NA,NA,NA,NA,NA,2023-08-08,"YOSE7","SY",2024-02-07,NA,NA,NA,NA,NA,NA,NA,NA,NA,NA,NA,2023,NA
"3","1","X",43,47,"purple",NA,NA,NA,NA,NA,NA,NA,NA,NA,NA,NA,NA,NA,2023-08-08,"YOSE7","SY",2024-02-07,NA,NA,NA,NA,NA,NA,NA,NA,NA,NA,NA,2023,NA
"3","1.5","X",10,33,"purple",NA,NA,NA,NA,NA,NA,NA,NA,NA,NA,NA,NA,NA,2023-08-08,"YOSE7","SY",2024-02-07,NA,708,NA,NA,NA,NA,NA,NA,NA,NA,NA,2023,NA
"3","1.5","V",3,5,"blue",NA,NA,"1.38","1.7",1,"1.2","0.0","0.0",NA,0,"Y",NA,NA,2023-08-08,"YOSE7","SY",2024-02-07,NA,5,NA,NA,NA,NA,NA,NA,NA,NA,NA,2023,1.38
"3","1.5","F",21,24,"blue",NA,NA,"1.09","8.2",1,NA,"2.0","0.0",NA,1,"Y",NA,NA,2023-08-08,"YOSE7","SY",2024-02-07,NA,94,NA,NA,NA,NA,NA,NA,NA,NA,NA,2023,1.09
"3","1.5","X",40,48,"blue",NA,NA,NA,NA,NA,NA,NA,NA,NA,NA,NA,NA,NA,2023-08-08,"YOSE7","SY",2024-02-07,NA,15,NA,NA,NA,NA,NA,NA,NA,NA,NA,2023,NA
"3","1.5","X",42,48,"blue",NA,NA,NA,NA,NA,NA,NA,NA,NA,NA,NA,NA,NA,2023-08-08,"YOSE7","SY",2024-02-07,NA,30,NA,NA,NA,NA,NA,NA,NA,NA,NA,2023,NA
"3","2","X",18,50,"blue",NA,NA,NA,NA,NA,NA,NA,NA,NA,NA,NA,"dead",NA,2023-08-08,"YOSE7","SY",2024-02-07,NA,72,NA,NA,NA,NA,NA,NA,NA,NA,NA,2023,NA
"3","2","X",20,49,"blue",NA,NA,NA,NA,NA,NA,NA,NA,NA,NA,NA,"missing plant",NA,2023-08-08,"YOSE7","SY",2024-02-07,NA,21,NA,NA,NA,NA,NA,NA,NA,NA,NA,2023,NA
"3","0","V",NA,NA,NA,NA,NA,"<1","1.6",1,"1.4",NA,NA,NA,NA,"Y",NA,NA,2023-08-08,"YOSE7","SY",2024-02-07,NA,NA,NA,NA,NA,NA,NA,NA,NA,NA,NA,2023,0.5
"3","0","F",1,31,"pink",NA,NA,"1.57","12.4",1,NA,"9.0","0.0",NA,1,"N",NA,NA,2023-08-08,"YOSE7","SY",2024-02-07,NA,87,NA,NA,NA,NA,NA,NA,NA,NA,NA,2023,1.57
"3","0","V",NA,NA,NA,NA,NA,"<1","1.4",1,"1.2",NA,NA,NA,NA,"Y",NA,NA,2023-08-08,"YOSE7","SY",2024-02-07,NA,NA,NA,NA,NA,NA,NA,NA,NA,NA,NA,2023,0.5
"3","0","V",NA,NA,NA,NA,NA,"<1","2.2",1,"1.1",NA,NA,NA,NA,"N",NA,NA,2023-08-08,"YOSE7","SY",2024-02-07,NA,NA,NA,NA,NA,NA,NA,NA,NA,NA,NA,2023,0.5
"3","0","V",NA,NA,NA,NA,NA,"<1","1.4",1,"1.2",NA,NA,NA,NA,"N",NA,NA,2023-08-08,"YOSE7","SY",2024-02-07,NA,NA,NA,NA,NA,NA,NA,NA,NA,NA,NA,2023,0.5
"3","0","V",NA,NA,NA,NA,NA,"<1","1.6",1,"0.9",NA,NA,NA,NA,"N",NA,NA,2023-08-08,"YOSE7","SY",2024-02-07,NA,NA,NA,NA,NA,NA,NA,NA,NA,NA,NA,2023,0.5
"3","0","V",NA,NA,NA,NA,NA,"<1","1.6",1,"1.6",NA,NA,NA,NA,"N",NA,NA,2023-08-08,"YOSE7","SY",2024-02-07,NA,NA,NA,NA,NA,NA,NA,NA,NA,NA,NA,2023,0.5
"3","0","V",NA,NA,NA,NA,NA,"<1","1.5",1,"0.6",NA,NA,NA,NA,"N",NA,NA,2023-08-08,"YOSE7","SY",2024-02-07,NA,NA,NA,NA,NA,NA,NA,NA,NA,NA,NA,2023,0.5
"3","0","V",NA,NA,NA,NA,NA,"<1","0.8",1,"0.2",NA,NA,NA,NA,"N",NA,NA,2023-08-08,"YOSE7","SY",2024-02-07,NA,NA,NA,NA,NA,NA,NA,NA,NA,NA,NA,2023,0.5
"3","0","V",NA,NA,NA,NA,NA,"<1","2.0",1,"0.6",NA,NA,NA,NA,"N",NA,NA,2023-08-08,"YOSE7","SY",2024-02-07,NA,NA,NA,NA,NA,NA,NA,NA,NA,NA,NA,2023,0.5
"3","0","V",NA,NA,NA,NA,NA,"<1","1.4",1,"0.5",NA,NA,NA,NA,"N",NA,NA,2023-08-08,"YOSE7","SY",2024-02-07,NA,NA,NA,NA,NA,NA,NA,NA,NA,NA,NA,2023,0.5
"3","0","V",NA,NA,NA,NA,NA,"<1","2.1",1,"0.8",NA,NA,NA,NA,"N",NA,NA,2023-08-08,"YOSE7","SY",2024-02-07,NA,NA,NA,NA,NA,NA,NA,NA,NA,NA,NA,2023,0.5
"3","0","V",NA,NA,NA,NA,NA,"<1","1.6",1,"0.8",NA,NA,NA,NA,"N",NA,NA,2023-08-08,"YOSE7","SY",2024-02-07,NA,NA,NA,NA,NA,NA,NA,NA,NA,NA,NA,2023,0.5
"3","0","V",NA,NA,NA,NA,NA,"<1","0.7",1,"0.3",NA,NA,NA,NA,"N",NA,NA,2023-08-08,"YOSE7","SY",2024-02-07,NA,NA,NA,NA,NA,NA,NA,NA,NA,NA,NA,2023,0.5
"3","0","V",NA,NA,NA,NA,NA,"<1","2.3",1,"1.1",NA,NA,NA,NA,"N",NA,NA,2023-08-08,"YOSE7","SY",2024-02-07,NA,NA,NA,NA,NA,NA,NA,NA,NA,NA,NA,2023,0.5
"3","0","V",NA,NA,NA,NA,NA,"<1","1.1",1,"0.4",NA,NA,NA,NA,"N",NA,NA,2023-08-08,"YOSE7","SY",2024-02-07,NA,NA,NA,NA,NA,NA,NA,NA,NA,NA,NA,2023,0.5
"3","0","V",NA,NA,NA,NA,NA,"<1","1.8",1,"1.1",NA,NA,NA,NA,"N",NA,NA,2023-08-08,"YOSE7","SY",2024-02-07,NA,NA,NA,NA,NA,NA,NA,NA,NA,NA,NA,2023,0.5
"3","0","V",NA,NA,NA,NA,NA,"<1","1.3",1,"0.7",NA,NA,NA,NA,NA,NA,NA,2023-08-08,"YOSE7","SY",2024-02-07,NA,NA,NA,NA,NA,NA,NA,NA,NA,NA,NA,2023,0.5
"3","0","V",NA,NA,NA,NA,NA,"<1","0.8",1,"0.5",NA,NA,NA,NA,"Y",NA,NA,2023-08-08,"YOSE7","SY",2024-02-07,NA,NA,NA,NA,NA,NA,NA,NA,NA,NA,NA,2023,0.5
"3","0","V",NA,NA,NA,NA,NA,"<1","1.8",1,"0.7",NA,NA,NA,NA,"N",NA,NA,2023-08-08,"YOSE7","SY",2024-02-07,NA,NA,NA,NA,NA,NA,NA,NA,NA,NA,NA,2023,0.5
"3","0","V",NA,NA,NA,NA,NA,"<1","1.6",1,"1.1",NA,NA,NA,NA,"N",NA,NA,2023-08-08,"YOSE7","SY",2024-02-07,NA,NA,NA,NA,NA,NA,NA,NA,NA,NA,NA,2023,0.5
"3","0","V",NA,NA,NA,NA,NA,"<1","1.6",1,"0.8",NA,NA,NA,NA,"N",NA,NA,2023-08-08,"YOSE7","SY",2024-02-07,NA,NA,NA,NA,NA,NA,NA,NA,NA,NA,NA,2023,0.5
"3","0","V",NA,NA,NA,NA,NA,"<1","0.6",1,"0.6",NA,NA,NA,NA,"N",NA,NA,2023-08-08,"YOSE7","SY",2024-02-07,NA,NA,NA,NA,NA,NA,NA,NA,NA,NA,NA,2023,0.5
"3","0","V",NA,NA,NA,NA,NA,"<1","1.5",1,"0.9",NA,NA,NA,NA,"N",NA,NA,2023-08-08,"YOSE7","SY",2024-02-07,NA,NA,NA,NA,NA,NA,NA,NA,NA,NA,NA,2023,0.5
"3","0","V",NA,NA,NA,NA,NA,"<1","1.4",1,"0.6",NA,NA,NA,NA,"N",NA,NA,2023-08-08,"YOSE7","SY",2024-02-07,NA,NA,NA,NA,NA,NA,NA,NA,NA,NA,NA,2023,0.5
"3","0","V",NA,NA,NA,NA,NA,"<1","1.4",1,"0.7",NA,NA,NA,NA,"N",NA,NA,2023-08-08,"YOSE7","SY",2024-02-07,NA,NA,NA,NA,NA,NA,NA,NA,NA,NA,NA,2023,0.5
"3","0","V",NA,NA,NA,NA,NA,"<1","1.6",1,"1.0",NA,NA,NA,NA,"N",NA,NA,2023-08-08,"YOSE7","SY",2024-02-07,NA,NA,NA,NA,NA,NA,NA,NA,NA,NA,NA,2023,0.5
"3","0","V",NA,NA,NA,NA,NA,"<1","2.2",1,"1.2",NA,NA,NA,NA,"N",NA,NA,2023-08-08,"YOSE7","SY",2024-02-07,NA,NA,NA,NA,NA,NA,NA,NA,NA,NA,NA,2023,0.5
"3","0","V",NA,NA,NA,NA,NA,"<1","1.6",1,"0.7",NA,NA,NA,NA,"N",NA,NA,2023-08-08,"YOSE7","SY",2024-02-07,NA,NA,NA,NA,NA,NA,NA,NA,NA,NA,NA,2023,0.5
"3","0","V",NA,NA,NA,NA,NA,"<1","1.8",1,"0.6",NA,NA,NA,NA,"N",NA,NA,2023-08-08,"YOSE7","SY",2024-02-07,NA,NA,NA,NA,NA,NA,NA,NA,NA,NA,NA,2023,0.5
"3","0","V",NA,NA,NA,NA,NA,"<1","2.8",1,"1.9",NA,NA,NA,NA,"Y",NA,NA,2023-08-08,"YOSE7","SY",2024-02-07,NA,NA,NA,NA,NA,NA,NA,NA,NA,NA,NA,2023,0.5
"3","0","V",NA,NA,NA,NA,NA,"<1","1.4",1,"1.0",NA,NA,NA,NA,"N",NA,NA,2023-08-08,"YOSE7","SY",2024-02-07,NA,NA,NA,NA,NA,NA,NA,NA,NA,NA,NA,2023,0.5
"3","0","V",NA,NA,NA,NA,NA,"<1","2.0",1,"0.7",NA,NA,NA,NA,"N",NA,NA,2023-08-08,"YOSE7","SY",2024-02-07,NA,NA,NA,NA,NA,NA,NA,NA,NA,NA,NA,2023,0.5
"3","0","V",NA,NA,NA,NA,NA,"<1","0.9",1,"0.5",NA,NA,NA,NA,"N",NA,NA,2023-08-08,"YOSE7","SY",2024-02-07,NA,NA,NA,NA,NA,NA,NA,NA,NA,NA,NA,2023,0.5
"3","0","V",NA,NA,NA,NA,NA,"<1","2.1",1,"1.2",NA,NA,NA,NA,"N",NA,NA,2023-08-08,"YOSE7","SY",2024-02-07,NA,NA,NA,NA,NA,NA,NA,NA,NA,NA,NA,2023,0.5
"3","0","V",NA,NA,NA,NA,NA,"<1","1.2",1,"1.2",NA,NA,NA,NA,"N",NA,NA,2023-08-08,"YOSE7","SY",2024-02-07,NA,NA,NA,NA,NA,NA,NA,NA,NA,NA,NA,2023,0.5
"3","0","V",NA,NA,NA,NA,NA,"<1","2.5",1,"1.3",NA,NA,NA,NA,"Y",NA,NA,2023-08-08,"YOSE7","SY",2024-02-07,NA,NA,NA,NA,NA,NA,NA,NA,NA,NA,NA,2023,0.5
"3","0","V",NA,NA,NA,NA,NA,"<1","2.0",1,"1.5",NA,NA,NA,NA,"N",NA,NA,2023-08-08,"YOSE7","SY",2024-02-07,NA,NA,NA,NA,NA,NA,NA,NA,NA,NA,NA,2023,0.5
"3","0","V",NA,NA,NA,NA,NA,"<1","1.6",1,"0.9",NA,NA,NA,NA,"N",NA,NA,2023-08-08,"YOSE7","SY",2024-02-07,NA,NA,NA,NA,NA,NA,NA,NA,NA,NA,NA,2023,0.5
"3","0","V",NA,NA,NA,NA,NA,"<1","2.2",1,"1.3",NA,NA,NA,NA,"Y",NA,NA,2023-08-08,"YOSE7","SY",2024-02-07,NA,NA,NA,NA,NA,NA,NA,NA,NA,NA,NA,2023,0.5
"3","0","V",NA,NA,NA,NA,NA,"<1","1.2",1,"1.1",NA,NA,NA,NA,"N",NA,NA,2023-08-08,"YOSE7","SY",2024-02-07,NA,NA,NA,NA,NA,NA,NA,NA,NA,NA,NA,2023,0.5
"3","0","V",NA,NA,NA,NA,NA,"<1","1.1",1,"0.7",NA,NA,NA,NA,"N",NA,NA,2023-08-08,"YOSE7","SY",2024-02-07,NA,NA,NA,NA,NA,NA,NA,NA,NA,NA,NA,2023,0.5
"3","0","V",NA,NA,NA,NA,NA,"<1","1.6",1,"1.2",NA,NA,NA,NA,"N",NA,NA,2023-08-08,"YOSE7","SY",2024-02-07,NA,NA,NA,NA,NA,NA,NA,NA,NA,NA,NA,2023,0.5
"3","0","V",NA,NA,NA,NA,NA,"<1","2.0",1,"0.9",NA,NA,NA,NA,"Y",NA,NA,2023-08-08,"YOSE7","SY",2024-02-07,NA,NA,NA,NA,NA,NA,NA,NA,NA,NA,NA,2023,0.5
"3","0.5","F",17,37,"pink",NA,NA,"1.55","12.7",1,NA,"6.0","0.0",NA,1,"Y",NA,NA,2023-08-08,"YOSE7","SY",2024-02-07,NA,862,NA,NA,NA,NA,NA,NA,NA,NA,NA,2023,1.55
"3","0.5","V",49,8,"pink",NA,NA,"0.85","4.0",1,"1.1",NA,NA,NA,NA,"Y",NA,NA,2023-08-08,"YOSE7","SY",2024-02-07,NA,303,NA,NA,NA,NA,NA,NA,NA,NA,NA,2023,0.5
"3","0.5","V",9,4,"pink",NA,NA,"0.87","1.2",1,"1.1",NA,NA,NA,NA,"N",NA,NA,2023-08-08,"YOSE7","SY",2024-02-07,NA,882,NA,NA,NA,NA,NA,NA,NA,NA,NA,2023,0.5
"3","0.5","V",7,17,"pink",NA,NA,"0.67","1.8",1,"1.1",NA,NA,NA,NA,"N",NA,NA,2023-08-08,"YOSE7","SY",2024-02-07,NA,460,NA,NA,NA,NA,NA,NA,NA,NA,NA,2023,0.5
"3","0.5","V",46,33,"pink",NA,NA,"0.68","2.3",1,"1.2",NA,NA,NA,NA,"N",NA,NA,2023-08-08,"YOSE7","SY",2024-02-07,NA,940,NA,NA,NA,NA,NA,NA,NA,NA,NA,2023,0.5
"3","0.5","V",15,29,"pink",NA,NA,"0.83","2.4",1,"0.9",NA,NA,NA,NA,"N",NA,NA,2023-08-08,"YOSE7","SY",2024-02-07,NA,20,NA,NA,NA,NA,NA,NA,NA,NA,NA,2023,0.5
"3","0.5","V",17,48,"pink",NA,NA,"0.85","2.6",1,"1.2",NA,NA,NA,NA,"N",NA,NA,2023-08-08,"YOSE7","SY",2024-02-07,NA,31,NA,NA,NA,NA,NA,NA,NA,NA,NA,2023,0.5
"3","0.5","V",43,8,"pink",NA,NA,"1.02","3.0",1,"1.3",NA,NA,NA,NA,"N",NA,NA,2023-08-08,"YOSE7","SY",2024-02-07,NA,589,NA,NA,NA,NA,NA,NA,NA,NA,NA,2023,1.02
"3","0.5","V",12,19,"pink",NA,NA,"0.81","2.4",1,"1.3",NA,NA,NA,NA,"N",NA,NA,2023-08-08,"YOSE7","SY",2024-02-07,NA,755,NA,NA,NA,NA,NA,NA,NA,NA,NA,2023,0.5
"3","0.5","V",5,33,"pink",NA,NA,"0.96","2.6",1,"1.5",NA,NA,NA,NA,"N",NA,NA,2023-08-08,"YOSE7","SY",2024-02-07,NA,775,NA,NA,NA,NA,NA,NA,NA,NA,NA,2023,0.5
"3","0.5","V",NA,NA,"pink",NA,NA,"<1","2.0",1,"0.9",NA,NA,NA,NA,"N",NA,NA,2023-08-08,"YOSE7","SY",2024-02-07,NA,NA,NA,NA,NA,NA,NA,NA,NA,NA,NA,2023,0.5
"3","0.5","V",NA,NA,"pink",NA,NA,"<1","1.9",1,"0.9",NA,NA,NA,NA,"N",NA,NA,2023-08-08,"YOSE7","SY",2024-02-07,NA,NA,NA,NA,NA,NA,NA,NA,NA,NA,NA,2023,0.5
"3","0.5","V",NA,NA,"pink",NA,NA,"<1","1.8",1,"0.6",NA,NA,NA,NA,"N",NA,NA,2023-08-08,"YOSE7","SY",2024-02-07,NA,NA,NA,NA,NA,NA,NA,NA,NA,NA,NA,2023,0.5
"3","0.5","V",NA,NA,"pink",NA,NA,"<1","2.0",1,"1.5",NA,NA,NA,NA,"N",NA,NA,2023-08-08,"YOSE7","SY",2024-02-07,NA,NA,NA,NA,NA,NA,NA,NA,NA,NA,NA,2023,0.5
"3","0.5","V",NA,NA,"pink",NA,NA,"<1","2.5",1,"1.2",NA,NA,NA,NA,"N",NA,NA,2023-08-08,"YOSE7","SY",2024-02-07,NA,NA,NA,NA,NA,NA,NA,NA,NA,NA,NA,2023,0.5
"3","0.5","V",NA,NA,"pink",NA,NA,"<1","1.3",1,"0.7",NA,NA,NA,NA,"N",NA,NA,2023-08-08,"YOSE7","SY",2024-02-07,NA,NA,NA,NA,NA,NA,NA,NA,NA,NA,NA,2023,0.5
"3","0.5","V",NA,NA,"pink",NA,NA,"<1","2.5",1,"1.3",NA,NA,NA,NA,"N",NA,NA,2023-08-08,"YOSE7","SY",2024-02-07,NA,NA,NA,NA,NA,NA,NA,NA,NA,NA,NA,2023,0.5
"3","0.5","V",NA,NA,"pink",NA,NA,"<1","2.1",1,"0.8",NA,NA,NA,NA,"N",NA,NA,2023-08-08,"YOSE7","SY",2024-02-07,NA,NA,NA,NA,NA,NA,NA,NA,NA,NA,NA,2023,0.5
"3","0.5","V",NA,NA,"pink",NA,NA,"<1","2.3",1,"0.8",NA,NA,NA,NA,"N",NA,NA,2023-08-08,"YOSE7","SY",2024-02-07,NA,NA,NA,NA,NA,NA,NA,NA,NA,NA,NA,2023,0.5
"3","0.5","V",NA,NA,"pink",NA,NA,"<1","2.4",1,"1.0",NA,NA,NA,NA,"N",NA,NA,2023-08-08,"YOSE7","SY",2024-02-07,NA,NA,NA,NA,NA,NA,NA,NA,NA,NA,NA,2023,0.5
"3","0.5","V",NA,NA,"pink",NA,NA,"<1","2.8",1,"0.9",NA,NA,NA,NA,"Y",NA,NA,2023-08-08,"YOSE7","SY",2024-02-07,NA,NA,NA,NA,NA,NA,NA,NA,NA,NA,NA,2023,0.5
"3","0.5","V",NA,NA,"pink",NA,NA,"<1","1.8",1,"0.4",NA,NA,NA,NA,"N",NA,NA,2023-08-08,"YOSE7","SY",2024-02-07,NA,NA,NA,NA,NA,NA,NA,NA,NA,NA,NA,2023,0.5
"3","0.5","V",NA,NA,"pink",NA,NA,"<1","1.9",1,"1.0",NA,NA,NA,NA,"N",NA,NA,2023-08-08,"YOSE7","SY",2024-02-07,NA,NA,NA,NA,NA,NA,NA,NA,NA,NA,NA,2023,0.5
"3","0.5","V",NA,NA,"pink",NA,NA,"<1","2.3",1,"0.7",NA,NA,NA,NA,"Y",NA,NA,2023-08-08,"YOSE7","SY",2024-02-07,NA,NA,NA,NA,NA,NA,NA,NA,NA,NA,NA,2023,0.5
"3","0.5","V",NA,NA,"pink",NA,NA,"<1","1.1",1,"0.9",NA,NA,NA,NA,"Y",NA,NA,2023-08-08,"YOSE7","SY",2024-02-07,NA,NA,NA,NA,NA,NA,NA,NA,NA,NA,NA,2023,0.5
"3","0.5","V",NA,NA,NA,NA,NA,"<1","2.1",1,"1.4",NA,NA,NA,NA,"Y",NA,NA,2023-08-08,"YOSE7","SB",2024-02-08,NA,NA,NA,NA,NA,NA,NA,NA,NA,NA,NA,2023,0.5
"3","0.5","V",NA,NA,NA,NA,NA,"<1","1.1",1,"0.7",NA,NA,NA,NA,"N",NA,NA,2023-08-08,"YOSE7","SB",2024-02-08,NA,NA,NA,NA,NA,NA,NA,NA,NA,NA,NA,2023,0.5
"3","0.5","V",NA,NA,NA,NA,NA,"<1","1.9",1,"1.1",NA,NA,NA,NA,"Y",NA,NA,2023-08-08,"YOSE7","SB",2024-02-08,NA,NA,NA,NA,NA,NA,NA,NA,NA,NA,NA,2023,0.5
"3","0.5","V",NA,NA,NA,NA,NA,"<1","2.3",1,"1.1",NA,NA,NA,NA,"Y",NA,NA,2023-08-08,"YOSE7","SB",2024-02-08,NA,NA,NA,NA,NA,NA,NA,NA,NA,NA,NA,2023,0.5
"3","0.5","V",NA,NA,NA,NA,NA,"<1","2.5",1,"0.9",NA,NA,NA,NA,"Y",NA,NA,2023-08-08,"YOSE7","SB",2024-02-08,NA,NA,NA,NA,NA,NA,NA,NA,NA,NA,NA,2023,0.5
"3","0.5","V",NA,NA,NA,NA,NA,"<1","1.2",1,"0.5",NA,NA,NA,NA,"N",NA,NA,2023-08-08,"YOSE7","SB",2024-02-08,NA,NA,NA,NA,NA,NA,NA,NA,NA,NA,NA,2023,0.5
"3","0.5","V",NA,NA,NA,NA,NA,"<1","1.5",1,"0.4",NA,NA,NA,NA,"N",NA,NA,2023-08-08,"YOSE7","SB",2024-02-08,NA,NA,NA,NA,NA,NA,NA,NA,NA,NA,NA,2023,0.5
"3","0.5","V",NA,NA,NA,NA,NA,"<1","1.4",1,"0.6",NA,NA,NA,NA,"Y",NA,NA,2023-08-08,"YOSE7","SB",2024-02-08,NA,NA,NA,NA,NA,NA,NA,NA,NA,NA,NA,2023,0.5
"3","0.5","V",NA,NA,NA,NA,NA,"<1","1.7",1,"0.8",NA,NA,NA,NA,"N",NA,NA,2023-08-08,"YOSE7","SB",2024-02-08,NA,NA,NA,NA,NA,NA,NA,NA,NA,NA,NA,2023,0.5
"3","0.5","V",NA,NA,NA,NA,NA,"<1","1.4",1,"0.6",NA,NA,NA,NA,"N",NA,NA,2023-08-08,"YOSE7","SB",2024-02-08,NA,NA,NA,NA,NA,NA,NA,NA,NA,NA,NA,2023,0.5
"3","0.5","V",NA,NA,NA,NA,NA,"<1","1.5",1,"0.8",NA,NA,NA,NA,"Y",NA,NA,2023-08-08,"YOSE7","SB",2024-02-08,NA,NA,NA,NA,NA,NA,NA,NA,NA,NA,NA,2023,0.5
"3","0.5","V",NA,NA,NA,NA,NA,"<1","2.0",1,"1.9",NA,NA,NA,NA,"N",NA,NA,2023-08-08,"YOSE7","SB",2024-02-08,NA,NA,NA,NA,NA,NA,NA,NA,NA,NA,NA,2023,0.5
"3","0.5","V",NA,NA,NA,NA,NA,"<1","1.9",1,"0.8",NA,NA,NA,NA,"Y",NA,NA,2023-08-08,"YOSE7","SB",2024-02-08,NA,NA,NA,NA,NA,NA,NA,NA,NA,NA,NA,2023,0.5
"3","0.5","V",NA,NA,NA,NA,NA,"<1","1.3",1,"0.7",NA,NA,NA,NA,"N",NA,NA,2023-08-08,"YOSE7","SB",2024-02-08,NA,NA,NA,NA,NA,NA,NA,NA,NA,NA,NA,2023,0.5
"3","0.5","V",NA,NA,NA,NA,NA,"<1","2.1",1,"0.7",NA,NA,NA,NA,"Y",NA,NA,2023-08-08,"YOSE7","SB",2024-02-08,NA,NA,NA,NA,NA,NA,NA,NA,NA,NA,NA,2023,0.5
"3","0.5","V",NA,NA,NA,NA,NA,"<1","2.3",1,"1.1",NA,NA,NA,NA,"Y",NA,NA,2023-08-08,"YOSE7","SB",2024-02-08,NA,NA,NA,NA,NA,NA,NA,NA,NA,NA,NA,2023,0.5
"3","0.5","V",NA,NA,NA,NA,NA,"<1","1.4",1,"0.6",NA,NA,NA,NA,"N",NA,NA,2023-08-08,"YOSE7","SB",2024-02-08,NA,NA,NA,NA,NA,NA,NA,NA,NA,NA,NA,2023,0.5
"3","0.5","V",NA,NA,NA,NA,NA,"<1","1.7",1,"0.7",NA,NA,NA,NA,"N",NA,NA,2023-08-08,"YOSE7","SB",2024-02-08,NA,NA,NA,NA,NA,NA,NA,NA,NA,NA,NA,2023,0.5
"3","0.5","V",NA,NA,NA,NA,NA,"<1","2.2",1,"0.9",NA,NA,NA,NA,"N",NA,NA,2023-08-08,"YOSE7","SB",2024-02-08,NA,NA,NA,NA,NA,NA,NA,NA,NA,NA,NA,2023,0.5
"3","0.5","V",NA,NA,NA,NA,NA,"<1","3.0",1,"0.9",NA,NA,NA,NA,"N",NA,NA,2023-08-08,"YOSE7","SB",2024-02-08,NA,NA,NA,NA,NA,NA,NA,NA,NA,NA,NA,2023,0.5
"3","0.5","V",NA,NA,NA,NA,NA,"<1","1.9",1,"0.9",NA,NA,NA,NA,"Y",NA,NA,2023-08-08,"YOSE7","SB",2024-02-08,NA,NA,NA,NA,NA,NA,NA,NA,NA,NA,NA,2023,0.5
"3","0.5","V",NA,NA,NA,NA,NA,"<1","2.2",1,"0.7",NA,NA,NA,NA,"Y",NA,NA,2023-08-08,"YOSE7","SB",2024-02-08,NA,NA,NA,NA,NA,NA,NA,NA,NA,NA,NA,2023,0.5
"3","0.5","V",NA,NA,NA,NA,NA,"<1","1.5",1,"0.4",NA,NA,NA,NA,"N",NA,NA,2023-08-08,"YOSE7","SB",2024-02-08,NA,NA,NA,NA,NA,NA,NA,NA,NA,NA,NA,2023,0.5
"3","0.5","V",NA,NA,NA,NA,NA,"<1","2.5",1,"0.9",NA,NA,NA,NA,"Y",NA,NA,2023-08-08,"YOSE7","SB",2024-02-08,NA,NA,NA,NA,NA,NA,NA,NA,NA,NA,NA,2023,0.5
"3","0.5","V",NA,NA,NA,NA,NA,"<1","0.7",1,"0.3",NA,NA,NA,NA,"N",NA,NA,2023-08-08,"YOSE7","SB",2024-02-08,NA,NA,NA,NA,NA,NA,NA,NA,NA,NA,NA,2023,0.5
"3","0.5","V",NA,NA,NA,NA,NA,"<1","2.5",1,"0.7",NA,NA,NA,NA,"N",NA,NA,2023-08-08,"YOSE7","SB",2024-02-08,NA,NA,NA,NA,NA,NA,NA,NA,NA,NA,NA,2023,0.5
"3","0.5","V",NA,NA,NA,NA,NA,"<1","2.2",1,"1.1",NA,NA,NA,NA,"N",NA,NA,2023-08-08,"YOSE7","SB",2024-02-08,NA,NA,NA,NA,NA,NA,NA,NA,NA,NA,NA,2023,0.5
"3","0.5","V",NA,NA,NA,NA,NA,"<1","1.5",1,"0.7",NA,NA,NA,NA,"N",NA,NA,2023-08-08,"YOSE7","SB",2024-02-08,NA,NA,NA,NA,NA,NA,NA,NA,NA,NA,NA,2023,0.5
"3","0.5","V",NA,NA,NA,NA,NA,"<1","2.6",1,"1.1",NA,NA,NA,NA,"N",NA,NA,2023-08-08,"YOSE7","SB",2024-02-08,NA,NA,NA,NA,NA,NA,NA,NA,NA,NA,NA,2023,0.5
"3","0.5","V",NA,NA,NA,NA,NA,"<1","2.2",1,"1.0",NA,NA,NA,NA,"Y",NA,NA,2023-08-08,"YOSE7","SB",2024-02-08,NA,NA,NA,NA,NA,NA,NA,NA,NA,NA,NA,2023,0.5
"3","0.5","V",NA,NA,NA,NA,NA,"<1","1.7",1,"0.3",NA,NA,NA,NA,"N",NA,NA,2023-08-08,"YOSE7","SB",2024-02-08,NA,NA,NA,NA,NA,NA,NA,NA,NA,NA,NA,2023,0.5
"3","0.5","V",NA,NA,NA,NA,NA,"<1","2.4",1,"0.9",NA,NA,NA,NA,"Y",NA,NA,2023-08-08,"YOSE7","SB",2024-02-08,NA,NA,NA,NA,NA,NA,NA,NA,NA,NA,NA,2023,0.5
"3","0.5","V",NA,NA,NA,NA,NA,"<1","2.5",1,"0.9",NA,NA,NA,NA,"N",NA,NA,2023-08-08,"YOSE7","SB",2024-02-08,NA,NA,NA,NA,NA,NA,NA,NA,NA,NA,NA,2023,0.5
"3","0.5","V",NA,NA,NA,NA,NA,"<1","2.2",1,"1.2",NA,NA,NA,NA,"Y",NA,NA,2023-08-08,"YOSE7","SB",2024-02-08,NA,NA,NA,NA,NA,NA,NA,NA,NA,NA,NA,2023,0.5
"3","0.5","V",NA,NA,NA,NA,NA,"<1","2.0",1,"1.0",NA,NA,NA,NA,"Y",NA,NA,2023-08-08,"YOSE7","SB",2024-02-08,NA,NA,NA,NA,NA,NA,NA,NA,NA,NA,NA,2023,0.5
"3","0.5","V",NA,NA,NA,NA,NA,"<1","1.9",1,"0.7",NA,NA,NA,NA,"N",NA,NA,2023-08-08,"YOSE7","SB",2024-02-08,NA,NA,NA,NA,NA,NA,NA,NA,NA,NA,NA,2023,0.5
"3","0.5","V",NA,NA,NA,NA,NA,"<1","1.9",1,"0.6",NA,NA,NA,NA,"N",NA,NA,2023-08-08,"YOSE7","SB",2024-02-08,NA,NA,NA,NA,NA,NA,NA,NA,NA,NA,NA,2023,0.5
"3","0.5","V",NA,NA,NA,NA,NA,"<1","2.2",1,"0.9",NA,NA,NA,NA,"N",NA,NA,2023-08-08,"YOSE7","SB",2024-02-08,NA,NA,NA,NA,NA,NA,NA,NA,NA,NA,NA,2023,0.5
"3","0.5","V",NA,NA,NA,NA,NA,"<1","2.2",1,"0.6",NA,NA,NA,NA,"N",NA,NA,2023-08-08,"YOSE7","SB",2024-02-08,NA,NA,NA,NA,NA,NA,NA,NA,NA,NA,NA,2023,0.5
"3","0.5","V",NA,NA,NA,NA,NA,"<1","2.0",1,"0.7",NA,NA,NA,NA,"N",NA,NA,2023-08-08,"YOSE7","SB",2024-02-08,NA,NA,NA,NA,NA,NA,NA,NA,NA,NA,NA,2023,0.5
"3","0.5","V",NA,NA,NA,NA,NA,"<1","1.5",1,"0.3",NA,NA,NA,NA,"N",NA,NA,2023-08-08,"YOSE7","SB",2024-02-08,NA,NA,NA,NA,NA,NA,NA,NA,NA,NA,NA,2023,0.5
"3","0.5","V",NA,NA,NA,NA,NA,"<1","1.5",1,"0.4",NA,NA,NA,NA,"N",NA,NA,2023-08-08,"YOSE7","SB",2024-02-08,NA,NA,NA,NA,NA,NA,NA,NA,NA,NA,NA,2023,0.5
"3","0.5","V",NA,NA,NA,NA,NA,"<1","2.4",1,"0.7",NA,NA,NA,NA,"N",NA,NA,2023-08-08,"YOSE7","SB",2024-02-08,NA,NA,NA,NA,NA,NA,NA,NA,NA,NA,NA,2023,0.5
"3","0.5","V",NA,NA,NA,NA,NA,"<1","1.5",1,"0.3",NA,NA,NA,NA,"N",NA,NA,2023-08-08,"YOSE7","SB",2024-02-08,NA,NA,NA,NA,NA,NA,NA,NA,NA,NA,NA,2023,0.5
"3","0.5","V",NA,NA,NA,NA,NA,"<1","1.2",1,"0.3",NA,NA,NA,NA,"N",NA,NA,2023-08-08,"YOSE7","SB",2024-02-08,NA,NA,NA,NA,NA,NA,NA,NA,NA,NA,NA,2023,0.5
"3","0.5","V",NA,NA,NA,NA,NA,"<1","2.1",1,"0.4",NA,NA,NA,NA,"N",NA,NA,2023-08-08,"YOSE7","SB",2024-02-08,NA,NA,NA,NA,NA,NA,NA,NA,NA,NA,NA,2023,0.5
"3","0.5","V",NA,NA,NA,NA,NA,"<1","2.2",1,"1.1",NA,NA,NA,NA,"Y",NA,NA,2023-08-08,"YOSE7","SB",2024-02-08,NA,NA,NA,NA,NA,NA,NA,NA,NA,NA,NA,2023,0.5
"3","0.5","V",NA,NA,NA,NA,NA,"<1","1.7",1,"1.1",NA,NA,NA,NA,"N",NA,NA,2023-08-08,"YOSE7","SB",2024-02-08,NA,NA,NA,NA,NA,NA,NA,NA,NA,NA,NA,2023,0.5
"3","0.5","V",NA,NA,NA,NA,NA,"<1","2.7",1,"1.3",NA,NA,NA,NA,"Y",NA,NA,2023-08-08,"YOSE7","SB",2024-02-08,NA,NA,NA,NA,NA,NA,NA,NA,NA,NA,NA,2023,0.5
"3","0.5","V",NA,NA,NA,NA,NA,"<1","2.6",1,"0.6",NA,NA,NA,NA,"Y",NA,NA,2023-08-08,"YOSE7","SB",2024-02-08,NA,NA,NA,NA,NA,NA,NA,NA,NA,NA,NA,2023,0.5
"3","0.5","V",NA,NA,NA,NA,NA,"<1","2.4",1,"0.7",NA,NA,NA,NA,"N",NA,NA,2023-08-08,"YOSE7","SB",2024-02-08,NA,NA,NA,NA,NA,NA,NA,NA,NA,NA,NA,2023,0.5
"3","0.5","V",NA,NA,NA,NA,NA,"<1","1.5",1,"0.7",NA,NA,NA,NA,"N",NA,NA,2023-08-08,"YOSE7","SB",2024-02-08,NA,NA,NA,NA,NA,NA,NA,NA,NA,NA,NA,2023,0.5
"3","0.5","V",NA,NA,NA,NA,NA,"<1","1.8",1,"0.6",NA,NA,NA,NA,"N",NA,NA,2023-08-08,"YOSE7","SB",2024-02-08,NA,NA,NA,NA,NA,NA,NA,NA,NA,NA,NA,2023,0.5
"3","0.5","V",NA,NA,NA,NA,NA,"<1","2.8",1,"0.7",NA,NA,NA,NA,"N",NA,NA,2023-08-08,"YOSE7","SB",2024-02-08,NA,NA,NA,NA,NA,NA,NA,NA,NA,NA,NA,2023,0.5
"3","0.5","V",NA,NA,NA,NA,NA,"<1","1.9",1,"0.7",NA,NA,NA,NA,"N",NA,NA,2023-08-08,"YOSE7","SB",2024-02-08,NA,NA,NA,NA,NA,NA,NA,NA,NA,NA,NA,2023,0.5
"3","0.5","V",NA,NA,NA,NA,NA,"<1","1.5",1,"0.5",NA,NA,NA,NA,"Y",NA,NA,2023-08-08,"YOSE7","SB",2024-02-08,NA,NA,NA,NA,NA,NA,NA,NA,NA,NA,NA,2023,0.5
"3","0.5","V",NA,NA,NA,NA,NA,"<1","2.1",1,"0.9",NA,NA,NA,NA,"Y",NA,NA,2023-08-08,"YOSE7","SB",2024-02-08,NA,NA,NA,NA,NA,NA,NA,NA,NA,NA,NA,2023,0.5
"3","0.5","V",NA,NA,NA,NA,NA,"<1","1.1",1,"0.3",NA,NA,NA,NA,"N",NA,NA,2023-08-08,"YOSE7","SB",2024-02-08,NA,NA,NA,NA,NA,NA,NA,NA,NA,NA,NA,2023,0.5
"3","0.5","V",NA,NA,NA,NA,NA,"<1","1.7",1,"0.4",NA,NA,NA,NA,"N",NA,NA,2023-08-08,"YOSE7","SB",2024-02-08,NA,NA,NA,NA,NA,NA,NA,NA,NA,NA,NA,2023,0.5
"3","0.5","V",NA,NA,NA,NA,NA,"<1","1.7",1,"0.5",NA,NA,NA,NA,"N",NA,NA,2023-08-08,"YOSE7","SB",2024-02-08,NA,NA,NA,NA,NA,NA,NA,NA,NA,NA,NA,2023,0.5
"3","0.5","V",NA,NA,NA,NA,NA,"<1","1.6",1,"0.4",NA,NA,NA,NA,"N",NA,NA,2023-08-08,"YOSE7","SB",2024-02-08,NA,NA,NA,NA,NA,NA,NA,NA,NA,NA,NA,2023,0.5
"3","0.5","V",NA,NA,NA,NA,NA,"<1","2.1",1,"0.8",NA,NA,NA,NA,"N",NA,NA,2023-08-08,"YOSE7","SB",2024-02-08,NA,NA,NA,NA,NA,NA,NA,NA,NA,NA,NA,2023,0.5
"3","0.5","V",NA,NA,NA,NA,NA,"<1","1.5",1,"0.6",NA,NA,NA,NA,"N",NA,NA,2023-08-08,"YOSE7","SB",2024-02-08,NA,NA,NA,NA,NA,NA,NA,NA,NA,NA,NA,2023,0.5
"3","0.5","V",NA,NA,NA,NA,NA,"<1","1.6",1,"0.4",NA,NA,NA,NA,"Y",NA,NA,2023-08-08,"YOSE7","SB",2024-02-08,NA,NA,NA,NA,NA,NA,NA,NA,NA,NA,NA,2023,0.5
"3","0.5","V",NA,NA,NA,NA,NA,"<1","2.4",1,"0.5",NA,NA,NA,NA,"N",NA,NA,2023-08-08,"YOSE7","SB",2024-02-08,NA,NA,NA,NA,NA,NA,NA,NA,NA,NA,NA,2023,0.5
"3","0.5","V",NA,NA,NA,NA,NA,"<1","1.4",1,"0.3",NA,NA,NA,NA,"N",NA,NA,2023-08-08,"YOSE7","SB",2024-02-08,NA,NA,NA,NA,NA,NA,NA,NA,NA,NA,NA,2023,0.5
"3","0.5","V",NA,NA,NA,NA,NA,"<1","0.8",1,"0.2",NA,NA,NA,NA,"N",NA,NA,2023-08-08,"YOSE7","SB",2024-02-08,NA,NA,NA,NA,NA,NA,NA,NA,NA,NA,NA,2023,0.5
"3","0.5","V",NA,NA,NA,NA,NA,"<1","1.1",1,"0.2",NA,NA,NA,NA,"N",NA,NA,2023-08-08,"YOSE7","SB",2024-02-08,NA,NA,NA,NA,NA,NA,NA,NA,NA,NA,NA,2023,0.5
"3","0.5","V",NA,NA,NA,NA,NA,"<1","0.8",1,"0.2",NA,NA,NA,NA,"Y",NA,NA,2023-08-08,"YOSE7","SB",2024-02-08,NA,NA,NA,NA,NA,NA,NA,NA,NA,NA,NA,2023,0.5
"3","0.5","V",NA,NA,NA,NA,NA,"<1","1.3",1,"0.5",NA,NA,NA,NA,"N",NA,NA,2023-08-08,"YOSE7","SB",2024-02-08,NA,NA,NA,NA,NA,NA,NA,NA,NA,NA,NA,2023,0.5
"3","0.5","V",NA,NA,NA,NA,NA,"<1","2.1",1,"0.7",NA,NA,NA,NA,"N",NA,NA,2023-08-08,"YOSE7","SB",2024-02-08,NA,NA,NA,NA,NA,NA,NA,NA,NA,NA,NA,2023,0.5
"3","0.5","V",NA,NA,NA,NA,NA,"<1","1.7",1,"0.7",NA,NA,NA,NA,"N",NA,NA,2023-08-08,"YOSE7","SB",2024-02-08,NA,NA,NA,NA,NA,NA,NA,NA,NA,NA,NA,2023,0.5
"3","0.5","V",NA,NA,NA,NA,NA,"<1","2.5",1,"0.6",NA,NA,NA,NA,"N",NA,NA,2023-08-08,"YOSE7","SB",2024-02-08,NA,NA,NA,NA,NA,NA,NA,NA,NA,NA,NA,2023,0.5
"3","0.5","V",NA,NA,NA,NA,NA,"<1","2.2",1,"0.8",NA,NA,NA,NA,"N",NA,NA,2023-08-08,"YOSE7","SB",2024-02-08,NA,NA,NA,NA,NA,NA,NA,NA,NA,NA,NA,2023,0.5
"3","0.5","V",NA,NA,NA,NA,NA,"<1","2.0",1,"0.5",NA,NA,NA,NA,"N",NA,NA,2023-08-08,"YOSE7","SB",2024-02-08,NA,NA,NA,NA,NA,NA,NA,NA,NA,NA,NA,2023,0.5
"3","0.5","V",NA,NA,NA,NA,NA,"<1","1.7",1,"0.4",NA,NA,NA,0,"N",NA,NA,2023-08-08,"YOSE7","SB",2024-02-08,NA,NA,NA,NA,NA,NA,NA,NA,NA,NA,NA,2023,0.5
"3","0.5","V",NA,NA,NA,NA,NA,"<1","1.2",1,"0.5",NA,NA,NA,0,"N",NA,NA,2023-08-08,"YOSE7","SB",2024-02-08,NA,NA,NA,NA,NA,NA,NA,NA,NA,NA,NA,2023,0.5
"3","0.5","V",NA,NA,NA,NA,NA,"<1","1.3",1,"0.4",NA,NA,NA,0,"N",NA,NA,2023-08-08,"YOSE7","SB",2024-02-08,NA,NA,NA,NA,NA,NA,NA,NA,NA,NA,NA,2023,0.5
"3","0.5","V",NA,NA,NA,NA,NA,"<1","1.2",1,"0.5",NA,NA,NA,0,"Y",NA,NA,2023-08-08,"YOSE7","SB",2024-02-08,NA,NA,NA,NA,NA,NA,NA,NA,NA,NA,NA,2023,0.5
"3","0.5","V",NA,NA,NA,NA,NA,"<1","1.5",1,"0.7",NA,NA,NA,0,"Y",NA,NA,2023-08-08,"YOSE7","SB",2024-02-08,NA,NA,NA,NA,NA,NA,NA,NA,NA,NA,NA,2023,0.5
"3","0.5","V",NA,NA,NA,NA,NA,"<1","1.6",1,"0.4",NA,NA,NA,0,"N",NA,NA,2023-08-08,"YOSE7","SB",2024-02-08,NA,NA,NA,NA,NA,NA,NA,NA,NA,NA,NA,2023,0.5
"3","0.5","V",NA,NA,NA,NA,NA,"<1","1.2",1,"0.3",NA,NA,NA,0,"Y",NA,NA,2023-08-08,"YOSE7","SB",2024-02-08,NA,NA,NA,NA,NA,NA,NA,NA,NA,NA,NA,2023,0.5
"3","0.5","V",NA,NA,NA,NA,NA,"<1","1.5",1,"0.6",NA,NA,NA,0,"N",NA,NA,2023-08-08,"YOSE7","SB",2024-02-08,NA,NA,NA,NA,NA,NA,NA,NA,NA,NA,NA,2023,0.5
"3","0.5","V",NA,NA,NA,NA,NA,"<1","1.5",1,"0.4",NA,NA,NA,0,"N",NA,NA,2023-08-08,"YOSE7","SB",2024-02-08,NA,NA,NA,NA,NA,NA,NA,NA,NA,NA,NA,2023,0.5
"3","0.5","V",NA,NA,NA,NA,NA,"<1","1.6",1,"0.3",NA,NA,NA,0,"N",NA,NA,2023-08-08,"YOSE7","SB",2024-02-08,NA,NA,NA,NA,NA,NA,NA,NA,NA,NA,NA,2023,0.5
"3","0.5","V",NA,NA,NA,NA,NA,"<1","1.7",1,"0.7",NA,NA,NA,0,"N",NA,NA,2023-08-08,"YOSE7","SB",2024-02-08,NA,NA,NA,NA,NA,NA,NA,NA,NA,NA,NA,2023,0.5
"3","0.5","V",NA,NA,NA,NA,NA,"<1","1.4",1,"0.6",NA,NA,NA,0,"N",NA,NA,2023-08-08,"YOSE7","SB",2024-02-08,NA,NA,NA,NA,NA,NA,NA,NA,NA,NA,NA,2023,0.5
"3","0.5","V",NA,NA,NA,NA,NA,"<1","1.7",1,"0.5",NA,NA,NA,0,"N",NA,NA,2023-08-08,"YOSE7","SB",2024-02-08,NA,NA,NA,NA,NA,NA,NA,NA,NA,NA,NA,2023,0.5
"3","0.5","V",NA,NA,NA,NA,NA,"<1","1.6",1,"0.5",NA,NA,NA,0,"N",NA,NA,2023-08-08,"YOSE7","SB",2024-02-08,NA,NA,NA,NA,NA,NA,NA,NA,NA,NA,NA,2023,0.5
"3","0.5","V",NA,NA,NA,NA,NA,"<1","2.0",1,"0.5",NA,NA,NA,0,"Y",NA,NA,2023-08-08,"YOSE7","SB",2024-02-08,NA,NA,NA,NA,NA,NA,NA,NA,NA,NA,NA,2023,0.5
"3","0.5","V",NA,NA,NA,NA,NA,"<1","1.7",1,"0.5",NA,NA,NA,0,"Y",NA,NA,2023-08-08,"YOSE7","SB",2024-02-08,NA,NA,NA,NA,NA,NA,NA,NA,NA,NA,NA,2023,0.5
"3","0.5","V",NA,NA,NA,NA,NA,"<1","2.5",1,"0.5",NA,NA,NA,0,"N",NA,NA,2023-08-08,"YOSE7","SB",2024-02-08,NA,NA,NA,NA,NA,NA,NA,NA,NA,NA,NA,2023,0.5
"3","0.5","V",NA,NA,NA,NA,NA,"<1","2.2",1,"0.5",NA,NA,NA,0,"N",NA,NA,2023-08-08,"YOSE7","SB",2024-02-08,NA,NA,NA,NA,NA,NA,NA,NA,NA,NA,NA,2023,0.5
"3","0.5","V",NA,NA,NA,NA,NA,"<1","1.8",1,"0.3",NA,NA,NA,0,"N",NA,NA,2023-08-08,"YOSE7","SB",2024-02-08,NA,NA,NA,NA,NA,NA,NA,NA,NA,NA,NA,2023,0.5
"3","0.5","V",NA,NA,NA,NA,NA,"<1","1.5",1,"0.5",NA,NA,NA,0,"N",NA,NA,2023-08-08,"YOSE7","SB",2024-02-08,NA,NA,NA,NA,NA,NA,NA,NA,NA,NA,NA,2023,0.5
"3","0.5","V",NA,NA,NA,NA,NA,"<1","2.0",1,"0.5",NA,NA,NA,0,"Y",NA,NA,2023-08-08,"YOSE7","SB",2024-02-08,NA,NA,NA,NA,NA,NA,NA,NA,NA,NA,NA,2023,0.5
"3","0.5","V",NA,NA,NA,NA,NA,"<1","1.2",1,"0.5",NA,NA,NA,0,"N",NA,NA,2023-08-08,"YOSE7","SB",2024-02-08,NA,NA,NA,NA,NA,NA,NA,NA,NA,NA,NA,2023,0.5
"3","0.5","V",NA,NA,NA,NA,NA,"<1","1.1",1,"0.3",NA,NA,NA,0,"Y",NA,NA,2023-08-08,"YOSE7","SB",2024-02-08,NA,NA,NA,NA,NA,NA,NA,NA,NA,NA,NA,2023,0.5
"3","0.5","V",NA,NA,NA,NA,NA,"<1","2.5",1,"0.7",NA,NA,NA,0,"Y",NA,NA,2023-08-08,"YOSE7","SB",2024-02-08,NA,NA,NA,NA,NA,NA,NA,NA,NA,NA,NA,2023,0.5
"3","0.5","V",NA,NA,NA,NA,NA,"<1","2.2",1,"0.3",NA,NA,NA,0,"N",NA,NA,2023-08-08,"YOSE7","SB",2024-02-08,NA,NA,NA,NA,NA,NA,NA,NA,NA,NA,NA,2023,0.5
"3","0.5","V",NA,NA,NA,NA,NA,"<1","1.2",1,"0.4",NA,NA,NA,0,"Y",NA,NA,2023-08-08,"YOSE7","SB",2024-02-08,NA,NA,NA,NA,NA,NA,NA,NA,NA,NA,NA,2023,0.5
"3","0.5","V",NA,NA,NA,NA,NA,"<1","1.5",1,"0.3",NA,NA,NA,0,"N",NA,NA,2023-08-08,"YOSE7","SB",2024-02-08,NA,NA,NA,NA,NA,NA,NA,NA,NA,NA,NA,2023,0.5
"3","0.5","V",NA,NA,NA,NA,NA,"<1","1.3",1,"0.4",NA,NA,NA,0,"N",NA,NA,2023-08-08,"YOSE7","SB",2024-02-08,NA,NA,NA,NA,NA,NA,NA,NA,NA,NA,NA,2023,0.5
"3","0.5","V",NA,NA,NA,NA,NA,"<1","1.6",1,"0.6",NA,NA,NA,0,"Y",NA,NA,2023-08-08,"YOSE7","SB",2024-02-08,NA,NA,NA,NA,NA,NA,NA,NA,NA,NA,NA,2023,0.5
"3","0.5","V",NA,NA,NA,NA,NA,"<1","1.2",1,"0.5",NA,NA,NA,0,"Y",NA,NA,2023-08-08,"YOSE7","SB",2024-02-08,NA,NA,NA,NA,NA,NA,NA,NA,NA,NA,NA,2023,0.5
"3","0.5","V",NA,NA,NA,NA,NA,"<1","1.3",1,"0.7",NA,NA,NA,0,"N",NA,NA,2023-08-08,"YOSE7","SB",2024-02-08,NA,NA,NA,NA,NA,NA,NA,NA,NA,NA,NA,2023,0.5
"3","0.5","V",NA,NA,NA,NA,NA,"<1","1.3",1,"0.3",NA,NA,NA,0,"N",NA,NA,2023-08-08,"YOSE7","SB",2024-02-08,NA,NA,NA,NA,NA,NA,NA,NA,NA,NA,NA,2023,0.5
"3","0.5","V",NA,NA,NA,NA,NA,"<1","1.9",1,"0.7",NA,NA,NA,0,"Y",NA,NA,2023-08-08,"YOSE7","SB",2024-02-08,NA,NA,NA,NA,NA,NA,NA,NA,NA,NA,NA,2023,0.5
"3","0.5","V",NA,NA,NA,NA,NA,"<1","1.8",1,"0.5",NA,NA,NA,0,"N",NA,NA,2023-08-08,"YOSE7","SB",2024-02-08,NA,NA,NA,NA,NA,NA,NA,NA,NA,NA,NA,2023,0.5
"3","0.5","V",NA,NA,NA,NA,NA,"<1","1.2",1,"0.5",NA,NA,NA,0,"N",NA,NA,2023-08-08,"YOSE7","SB",2024-02-08,NA,NA,NA,NA,NA,NA,NA,NA,NA,NA,NA,2023,0.5
"3","0.5","V",NA,NA,NA,NA,NA,"<1","1.3",1,"0.3",NA,NA,NA,0,"N",NA,NA,2023-08-08,"YOSE7","SB",2024-02-08,NA,NA,NA,NA,NA,NA,NA,NA,NA,NA,NA,2023,0.5
"3","0.5","V",NA,NA,NA,NA,NA,"<1","1.5",1,"0.2",NA,NA,NA,0,"N",NA,NA,2023-08-08,"YOSE7","SB",2024-02-08,NA,NA,NA,NA,NA,NA,NA,NA,NA,NA,NA,2023,0.5
"3","0.5","V",NA,NA,NA,NA,NA,"<1","1.8",1,"0.6",NA,NA,NA,0,"N",NA,NA,2023-08-08,"YOSE7","SB",2024-02-08,NA,NA,NA,NA,NA,NA,NA,NA,NA,NA,NA,2023,0.5
"3","0.5","V",NA,NA,NA,NA,NA,"<1","2.5",1,"0.4",NA,NA,NA,0,"Y",NA,NA,2023-08-08,"YOSE7","SB",2024-02-08,NA,NA,NA,NA,NA,NA,NA,NA,NA,NA,NA,2023,0.5
"3","0.5","V",NA,NA,NA,NA,NA,"<1","0.8",1,"0.2",NA,NA,NA,0,"N",NA,NA,2023-08-08,"YOSE7","SB",2024-02-08,NA,NA,NA,NA,NA,NA,NA,NA,NA,NA,NA,2023,0.5
"3","0.5","V",NA,NA,NA,NA,NA,"<1","1.5",1,"0.4",NA,NA,NA,0,"Y",NA,NA,2023-08-08,"YOSE7","SB",2024-02-08,NA,NA,NA,NA,NA,NA,NA,NA,NA,NA,NA,2023,0.5
"3","0.5","V",NA,NA,NA,NA,NA,"<1","1.4",1,"0.6",NA,NA,NA,0,"N",NA,NA,2023-08-08,"YOSE7","SB",2024-02-08,NA,NA,NA,NA,NA,NA,NA,NA,NA,NA,NA,2023,0.5
"3","0.5","V",NA,NA,NA,NA,NA,"<1","1.9",1,"0.5",NA,NA,NA,0,"Y",NA,NA,2023-08-08,"YOSE7","SB",2024-02-08,NA,NA,NA,NA,NA,NA,NA,NA,NA,NA,NA,2023,0.5
"3","0.5","V",NA,NA,NA,NA,NA,"<1","1.0",1,"0.4",NA,NA,NA,0,"Y",NA,NA,2023-08-08,"YOSE7","SB",2024-02-08,NA,NA,NA,NA,NA,NA,NA,NA,NA,NA,NA,2023,0.5
"3","0.5","V",NA,NA,NA,NA,NA,"<1","1.3",1,"0.4",NA,NA,NA,0,"N",NA,NA,2023-08-08,"YOSE7","SB",2024-02-08,NA,NA,NA,NA,NA,NA,NA,NA,NA,NA,NA,2023,0.5
"3","0.5","V",NA,NA,NA,NA,NA,"<1","1.5",1,"0.4",NA,NA,NA,0,"N",NA,NA,2023-08-08,"YOSE7","SB",2024-02-08,NA,NA,NA,NA,NA,NA,NA,NA,NA,NA,NA,2023,0.5
"3","0.5","V",NA,NA,NA,NA,NA,"<1","1.6",1,"0.6",NA,NA,NA,0,"N",NA,NA,2023-08-08,"YOSE7","SB",2024-02-08,NA,NA,NA,NA,NA,NA,NA,NA,NA,NA,NA,2023,0.5
"3","0.5","V",NA,NA,NA,NA,NA,"<1","2.0",1,"0.6",NA,NA,NA,0,"N",NA,NA,2023-08-08,"YOSE7","SB",2024-02-08,NA,NA,NA,NA,NA,NA,NA,NA,NA,NA,NA,2023,0.5
"3","0.5","V",NA,NA,NA,NA,NA,"<1","1.9",1,"1.0",NA,NA,NA,0,"N",NA,NA,2023-08-08,"YOSE7","SB",2024-02-08,NA,NA,NA,NA,NA,NA,NA,NA,NA,NA,NA,2023,0.5
"3","0.5","V",NA,NA,NA,NA,NA,"<1","1.6",1,"0.5",NA,NA,NA,0,"N",NA,NA,2023-08-08,"YOSE7","SB",2024-02-08,NA,NA,NA,NA,NA,NA,NA,NA,NA,NA,NA,2023,0.5
"3","0.5","V",NA,NA,NA,NA,NA,"<1","1.8",1,"0.7",NA,NA,NA,0,"N",NA,NA,2023-08-08,"YOSE7","SB",2024-02-08,NA,NA,NA,NA,NA,NA,NA,NA,NA,NA,NA,2023,0.5
"3","0.5","V",NA,NA,NA,NA,NA,"<1","1.7",1,"1.0",NA,NA,NA,0,"Y",NA,NA,2023-08-08,"YOSE7","SB",2024-02-08,NA,NA,NA,NA,NA,NA,NA,NA,NA,NA,NA,2023,0.5
"3","0.5","V",NA,NA,NA,NA,NA,"<1","1.4",1,"0.6",NA,NA,NA,0,"N",NA,NA,2023-08-08,"YOSE7","SB",2024-02-08,NA,NA,NA,NA,NA,NA,NA,NA,NA,NA,NA,2023,0.5
"3","0.5","V",NA,NA,NA,NA,NA,"<1","2.2",1,"0.8",NA,NA,NA,0,"N",NA,NA,2023-08-08,"YOSE7","SB",2024-02-08,NA,NA,NA,NA,NA,NA,NA,NA,NA,NA,NA,2023,0.5
"3","0.5","V",NA,NA,NA,NA,NA,"<1","1.5",1,"0.7",NA,NA,NA,0,"N",NA,NA,2023-08-08,"YOSE7","SB",2024-02-08,NA,NA,NA,NA,NA,NA,NA,NA,NA,NA,NA,2023,0.5
"3","0.5","V",NA,NA,NA,NA,NA,"<1","2.0",1,"0.7",NA,NA,NA,0,"Y",NA,NA,2023-08-08,"YOSE7","SB",2024-02-08,NA,NA,NA,NA,NA,NA,NA,NA,NA,NA,NA,2023,0.5
"3","0.5","V",NA,NA,NA,NA,NA,"<1","1.7",1,"0.6",NA,NA,NA,0,"N",NA,NA,2023-08-08,"YOSE7","SB",2024-02-08,NA,NA,NA,NA,NA,NA,NA,NA,NA,NA,NA,2023,0.5
"3","0.5","V",NA,NA,NA,NA,NA,"<1","1.5",1,"0.7",NA,NA,NA,0,"Y",NA,NA,2023-08-08,"YOSE7","SB",2024-02-08,NA,NA,NA,NA,NA,NA,NA,NA,NA,NA,NA,2023,0.5
"3","0.5","V",NA,NA,NA,NA,NA,"<1","2.8",1,"1.1",NA,NA,NA,0,"Y",NA,NA,2023-08-08,"YOSE7","SB",2024-02-08,NA,NA,NA,NA,NA,NA,NA,NA,NA,NA,NA,2023,0.5
"3","0.5","V",NA,NA,NA,NA,NA,"<1","1.3",1,"0.5",NA,NA,NA,0,"N",NA,NA,2023-08-08,"YOSE7","SB",2024-02-08,NA,NA,NA,NA,NA,NA,NA,NA,NA,NA,NA,2023,0.5
"3","0.5","V",NA,NA,NA,NA,NA,"<1","0.7",1,"0.3",NA,NA,NA,0,"N",NA,NA,2023-08-08,"YOSE7","SB",2024-02-08,NA,NA,NA,NA,NA,NA,NA,NA,NA,NA,NA,2023,0.5
"3","0.5","V",NA,NA,NA,NA,NA,"<1","1.5",1,"0.7",NA,NA,NA,0,"N",NA,NA,2023-08-08,"YOSE7","SB",2024-02-08,NA,NA,NA,NA,NA,NA,NA,NA,NA,NA,NA,2023,0.5
"3","0.5","V",NA,NA,NA,NA,NA,"<1","1.8",1,"0.6",NA,NA,NA,0,"Y",NA,NA,2023-08-08,"YOSE7","SB",2024-02-08,NA,NA,NA,NA,NA,NA,NA,NA,NA,NA,NA,2023,0.5
"3","0.5","V",NA,NA,NA,NA,NA,"<1","1.4",1,"0.7",NA,NA,NA,0,"N",NA,NA,2023-08-08,"YOSE7","SB",2024-02-08,NA,NA,NA,NA,NA,NA,NA,NA,NA,NA,NA,2023,0.5
"3","0.5","V",NA,NA,NA,NA,NA,"<1","1.1",1,"0.2",NA,NA,NA,0,"N",NA,NA,2023-08-08,"YOSE7","SB",2024-02-08,NA,NA,NA,NA,NA,NA,NA,NA,NA,NA,NA,2023,0.5
"3","0.5","V",NA,NA,NA,NA,NA,"<1","1.7",1,"0.5",NA,NA,NA,0,"Y",NA,NA,2023-08-08,"YOSE7","SB",2024-02-08,NA,NA,NA,NA,NA,NA,NA,NA,NA,NA,NA,2023,0.5
"3","0.5","V",NA,NA,NA,NA,NA,"<1","1.3",1,"0.3",NA,NA,NA,0,"N",NA,NA,2023-08-08,"YOSE7","SB",2024-02-08,NA,NA,NA,NA,NA,NA,NA,NA,NA,NA,NA,2023,0.5
"3","0.5","V",NA,NA,NA,NA,NA,"<1","1.5",1,"0.4",NA,NA,NA,0,"N",NA,NA,2023-08-08,"YOSE7","SB",2024-02-08,NA,NA,NA,NA,NA,NA,NA,NA,NA,NA,NA,2023,0.5
"3","0.5","V",NA,NA,NA,NA,NA,"<1","1.2",1,"0.3",NA,NA,NA,0,"N",NA,NA,2023-08-08,"YOSE7","SB",2024-02-08,NA,NA,NA,NA,NA,NA,NA,NA,NA,NA,NA,2023,0.5
"3","0.5","V",NA,NA,NA,NA,NA,"<1","1.5",1,"0.7",NA,NA,NA,0,"Y",NA,NA,2023-08-08,"YOSE7","SB",2024-02-08,NA,NA,NA,NA,NA,NA,NA,NA,NA,NA,NA,2023,0.5
"3","0.5","V",NA,NA,NA,NA,NA,"<1","2.0",1,"0.5",NA,NA,NA,0,"Y",NA,NA,2023-08-08,"YOSE7","SB",2024-02-08,NA,NA,NA,NA,NA,NA,NA,NA,NA,NA,NA,2023,0.5
"3","0.5","V",NA,NA,NA,NA,NA,"<1","1.5",1,"0.5",NA,NA,NA,0,"Y",NA,NA,2023-08-08,"YOSE7","SB",2024-02-08,NA,NA,NA,NA,NA,NA,NA,NA,NA,NA,NA,2023,0.5
"3","0.5","V",NA,NA,NA,NA,NA,"<1","1.6",1,"0.3",NA,NA,NA,0,"N",NA,NA,2023-08-08,"YOSE7","SB",2024-02-08,NA,NA,NA,NA,NA,NA,NA,NA,NA,NA,NA,2023,0.5
"3","0.5","V",NA,NA,NA,NA,NA,"<1","2.0",1,"0.6",NA,NA,NA,0,"N",NA,NA,2023-08-08,"YOSE7","SB",2024-02-08,NA,NA,NA,NA,NA,NA,NA,NA,NA,NA,NA,2023,0.5
"3","0.5","V",NA,NA,NA,NA,NA,"<1","1.5",1,"0.4",NA,NA,NA,0,"N",NA,NA,2023-08-08,"YOSE7","SB",2024-02-08,NA,NA,NA,NA,NA,NA,NA,NA,NA,NA,NA,2023,0.5
"3","0.5","V",NA,NA,NA,NA,NA,"<1","0.9",1,"0.3",NA,NA,NA,0,"N",NA,NA,2023-08-08,"YOSE7","SB",2024-02-08,NA,NA,NA,NA,NA,NA,NA,NA,NA,NA,NA,2023,0.5
"3","0.5","V",NA,NA,NA,NA,NA,"<1","1.1",1,"0.3",NA,NA,NA,0,"Y",NA,NA,2023-08-08,"YOSE7","SB",2024-02-08,NA,NA,NA,NA,NA,NA,NA,NA,NA,NA,NA,2023,0.5
"3","0.5","V",NA,NA,NA,NA,NA,"<1","1.1",1,"0.3",NA,NA,NA,0,"N",NA,NA,2023-08-08,"YOSE7","SB",2024-02-08,NA,NA,NA,NA,NA,NA,NA,NA,NA,NA,NA,2023,0.5
"3","0.5","V",NA,NA,NA,NA,NA,"<1","1.2",1,"0.3",NA,NA,NA,0,"Y",NA,NA,2023-08-08,"YOSE7","SB",2024-02-08,NA,NA,NA,NA,NA,NA,NA,NA,NA,NA,NA,2023,0.5
"3","0.5","V",NA,NA,NA,NA,NA,"<1","1.5",1,"1.1",NA,NA,NA,0,"N",NA,NA,2023-08-08,"YOSE7","SB",2024-02-08,NA,NA,NA,NA,NA,NA,NA,NA,NA,NA,NA,2023,0.5
"3","0.5","V",NA,NA,NA,NA,NA,"<1","1.2",1,"0.4",NA,NA,NA,0,"Y",NA,NA,2023-08-08,"YOSE7","SB",2024-02-08,NA,NA,NA,NA,NA,NA,NA,NA,NA,NA,NA,2023,0.5
"3","0.5","V",NA,NA,NA,NA,NA,"<1","0.9",1,"0.4",NA,NA,NA,0,"N",NA,NA,2023-08-08,"YOSE7","SB",2024-02-08,NA,NA,NA,NA,NA,NA,NA,NA,NA,NA,NA,2023,0.5
"3","0.5","V",NA,NA,NA,NA,NA,"<1","0.8",1,"0.2",NA,NA,NA,0,"N",NA,NA,2023-08-08,"YOSE7","SB",2024-02-08,NA,NA,NA,NA,NA,NA,NA,NA,NA,NA,NA,2023,0.5
"3","0.5","V",NA,NA,NA,NA,NA,"<1","1.5",1,"0.4",NA,NA,NA,0,"Y",NA,NA,2023-08-08,"YOSE7","SB",2024-02-08,NA,NA,NA,NA,NA,NA,NA,NA,NA,NA,NA,2023,0.5
"3","0.5","V",NA,NA,NA,NA,NA,"<1","1.9",1,"0.3",NA,NA,NA,0,"Y",NA,NA,2023-08-08,"YOSE7","SB",2024-02-08,NA,NA,NA,NA,NA,NA,NA,NA,NA,NA,NA,2023,0.5
"3","0.5","V",NA,NA,NA,NA,NA,"<1","1.5",1,"0.5",NA,NA,NA,0,"N",NA,NA,2023-08-08,"YOSE7","SB",2024-02-08,NA,NA,NA,NA,NA,NA,NA,NA,NA,NA,NA,2023,0.5
"3","0.5","V",NA,NA,NA,NA,NA,"<1","1.9",1,"0.6",NA,NA,NA,0,"N",NA,NA,2023-08-08,"YOSE7","SB",2024-02-08,NA,NA,NA,NA,NA,NA,NA,NA,NA,NA,NA,2023,0.5
"3","0.5","V",NA,NA,NA,NA,NA,"<1","1.7",1,"0.3",NA,NA,NA,0,"N",NA,NA,2023-08-08,"YOSE7","SB",2024-02-08,NA,NA,NA,NA,NA,NA,NA,NA,NA,NA,NA,2023,0.5
"3","0.5","V",NA,NA,NA,NA,NA,"<1","0.5",1,"0.2",NA,NA,NA,0,"N",NA,NA,2023-08-08,"YOSE7","SB",2024-02-08,NA,NA,NA,NA,NA,NA,NA,NA,NA,NA,NA,2023,0.5
"3","0.5","V",NA,NA,NA,NA,NA,"<1","1.6",1,"0.4",NA,NA,NA,0,"N",NA,NA,2023-08-08,"YOSE7","SB",2024-02-08,NA,NA,NA,NA,NA,NA,NA,NA,NA,NA,NA,2023,0.5
"3","0.5","V",NA,NA,NA,NA,NA,"<1","1.4",1,"0.4",NA,NA,NA,0,"Y",NA,NA,2023-08-08,"YOSE7","SB",2024-02-08,NA,NA,NA,NA,NA,NA,NA,NA,NA,NA,NA,2023,0.5
"3","0.5","V",NA,NA,NA,NA,NA,"<1","1.0",1,"0.3",NA,NA,NA,0,"N",NA,NA,2023-08-08,"YOSE7","SB",2024-02-08,NA,NA,NA,NA,NA,NA,NA,NA,NA,NA,NA,2023,0.5
"3","0.5","V",NA,NA,NA,NA,NA,"<1","1.0",1,"0.3",NA,NA,NA,0,"N",NA,NA,2023-08-08,"YOSE7","SB",2024-02-08,NA,NA,NA,NA,NA,NA,NA,NA,NA,NA,NA,2023,0.5
"3","0.5","V",NA,NA,NA,NA,NA,"<1","1.4",1,"0.4",NA,NA,NA,0,"N",NA,NA,2023-08-08,"YOSE7","SB",2024-02-08,NA,NA,NA,NA,NA,NA,NA,NA,NA,NA,NA,2023,0.5
"3","0.5","V",NA,NA,NA,NA,NA,"<1","1.7",1,"0.6",NA,NA,NA,0,"N",NA,NA,2023-08-08,"YOSE7","SB",2024-02-08,NA,NA,NA,NA,NA,NA,NA,NA,NA,NA,NA,2023,0.5
"3","0.5","V",NA,NA,NA,NA,NA,"<1","1.6",1,"0.5",NA,NA,NA,0,"N",NA,NA,2023-08-08,"YOSE7","SB",2024-02-08,NA,NA,NA,NA,NA,NA,NA,NA,NA,NA,NA,2023,0.5
"3","0.5","V",NA,NA,NA,NA,NA,"<1","2.0",1,"0.6",NA,NA,NA,0,"N",NA,NA,2023-08-08,"YOSE7","SB",2024-02-08,NA,NA,NA,NA,NA,NA,NA,NA,NA,NA,NA,2023,0.5
"3","0.5","V",NA,NA,NA,NA,NA,"<1","1.2",1,"0.5",NA,NA,NA,0,"N",NA,NA,2023-08-08,"YOSE7","SB",2024-02-08,NA,NA,NA,NA,NA,NA,NA,NA,NA,NA,NA,2023,0.5
"3","0.5","V",NA,NA,NA,NA,NA,"<1","1.2",1,"0.4",NA,NA,NA,0,"Y",NA,NA,2023-08-08,"YOSE7","SB",2024-02-08,NA,NA,NA,NA,NA,NA,NA,NA,NA,NA,NA,2023,0.5
"3","0.5","V",NA,NA,NA,NA,NA,"<1","1.5",1,"0.6",NA,NA,NA,0,"N",NA,NA,2023-08-08,"YOSE7","SB",2024-02-08,NA,NA,NA,NA,NA,NA,NA,NA,NA,NA,NA,2023,0.5
"3","0.5","V",NA,NA,NA,NA,NA,"<1","0.5",1,"0.2",NA,NA,NA,0,"N",NA,NA,2023-08-08,"YOSE7","SB",2024-02-08,NA,NA,NA,NA,NA,NA,NA,NA,NA,NA,NA,2023,0.5
"3","0.5","V",NA,NA,NA,NA,NA,"<1","1.5",1,"0.5",NA,NA,NA,0,"Y",NA,NA,2023-08-08,"YOSE7","SB",2024-02-08,NA,NA,NA,NA,NA,NA,NA,NA,NA,NA,NA,2023,0.5
"3","0.5","V",NA,NA,NA,NA,NA,"<1","0.9",1,"0.8",NA,NA,NA,0,"Y",NA,NA,2023-08-08,"YOSE7","SB",2024-02-08,NA,NA,NA,NA,NA,NA,NA,NA,NA,NA,NA,2023,0.5
"3","0.5","V",NA,NA,NA,NA,NA,"<1","1.5",1,"0.7",NA,NA,NA,0,"N",NA,NA,2023-08-08,"YOSE7","SB",2024-02-08,NA,NA,NA,NA,NA,NA,NA,NA,NA,NA,NA,2023,0.5
"3","0.5","V",NA,NA,NA,NA,NA,"<1","1.2",1,"0.3",NA,NA,NA,0,"N",NA,NA,2023-08-08,"YOSE7","SB",2024-02-08,NA,NA,NA,NA,NA,NA,NA,NA,NA,NA,NA,2023,0.5
"3","0.5","V",NA,NA,NA,NA,NA,"<1","2.2",1,"0.7",NA,NA,NA,0,"N",NA,NA,2023-08-08,"YOSE7","SB",2024-02-08,NA,NA,NA,NA,NA,NA,NA,NA,NA,NA,NA,2023,0.5
"3","0.5","V",NA,NA,NA,NA,NA,"<1","2.3",1,"0.5",NA,NA,NA,0,"Y",NA,NA,2023-08-08,"YOSE7","SB",2024-02-08,NA,NA,NA,NA,NA,NA,NA,NA,NA,NA,NA,2023,0.5
"3","0.5","V",NA,NA,NA,NA,NA,"<1","1.2",1,"0.5",NA,NA,NA,0,"N",NA,NA,2023-08-08,"YOSE7","SB",2024-02-08,NA,NA,NA,NA,NA,NA,NA,NA,NA,NA,NA,2023,0.5
"3","0.5","V",NA,NA,NA,NA,NA,"<1","1.4",1,"0.4",NA,NA,NA,0,"N",NA,NA,2023-08-08,"YOSE7","SB",2024-02-08,NA,NA,NA,NA,NA,NA,NA,NA,NA,NA,NA,2023,0.5
"3","0.5","V",NA,NA,NA,NA,NA,"<1","1.5",1,"0.5",NA,NA,NA,0,"N",NA,NA,2023-08-08,"YOSE7","SB",2024-02-08,NA,NA,NA,NA,NA,NA,NA,NA,NA,NA,NA,2023,0.5
"3","0.5","V",NA,NA,NA,NA,NA,"<1","2.1",1,"0.6",NA,NA,NA,0,"N",NA,NA,2023-08-08,"YOSE7","SB",2024-02-08,NA,NA,NA,NA,NA,NA,NA,NA,NA,NA,NA,2023,0.5
"3","0.5","V",NA,NA,NA,NA,NA,"<1","2.2",1,"0.7",NA,NA,NA,0,"Y",NA,NA,2023-08-08,"YOSE7","SB",2024-02-08,NA,NA,NA,NA,NA,NA,NA,NA,NA,NA,NA,2023,0.5
"3","0.5","V",NA,NA,NA,NA,NA,"<1","1.0",1,"0.5",NA,NA,NA,0,"N",NA,NA,2023-08-08,"YOSE7","SB",2024-02-08,NA,NA,NA,NA,NA,NA,NA,NA,NA,NA,NA,2023,0.5
"3","0.5","V",NA,NA,NA,NA,NA,"<1","2.0",1,"0.3",NA,NA,NA,0,"Y",NA,NA,2023-08-08,"YOSE7","SB",2024-02-08,NA,NA,NA,NA,NA,NA,NA,NA,NA,NA,NA,2023,0.5
"3","0.5","V",NA,NA,NA,NA,NA,"<1","1.1",1,"0.3",NA,NA,NA,0,"N",NA,NA,2023-08-08,"YOSE7","SB",2024-02-08,NA,NA,NA,NA,NA,NA,NA,NA,NA,NA,NA,2023,0.5
"3","0.5","V",NA,NA,NA,NA,NA,"<1","1.5",1,"0.4",NA,NA,NA,0,"N",NA,NA,2023-08-08,"YOSE7","SB",2024-02-08,NA,NA,NA,NA,NA,NA,NA,NA,NA,NA,NA,2023,0.5
"3","0.5","V",NA,NA,NA,NA,NA,"<1","2.5",1,"0.8",NA,NA,NA,0,"Y",NA,NA,2023-08-08,"YOSE7","SB",2024-02-08,NA,NA,NA,NA,NA,NA,NA,NA,NA,NA,NA,2023,0.5
"3","0.5","V",NA,NA,NA,NA,NA,"<1","1.5",1,"0.7",NA,NA,NA,0,"Y",NA,NA,2023-08-08,"YOSE7","SB",2024-02-08,NA,NA,NA,NA,NA,NA,NA,NA,NA,NA,NA,2023,0.5
"3","0.5","V",NA,NA,NA,NA,NA,"<1","1.5",1,"0.4",NA,NA,NA,0,"N",NA,NA,2023-08-08,"YOSE7","SB",2024-02-08,NA,NA,NA,NA,NA,NA,NA,NA,NA,NA,NA,2023,0.5
"3","0.5","V",NA,NA,NA,NA,NA,"<1","1.2",1,"0.5",NA,NA,NA,0,"N",NA,NA,2023-08-08,"YOSE7","SB",2024-02-08,NA,NA,NA,NA,NA,NA,NA,NA,NA,NA,NA,2023,0.5
"3","0.5","V",NA,NA,NA,NA,NA,"<1","2.5",1,"1.0",NA,NA,NA,0,"Y",NA,NA,2023-08-08,"YOSE7","SB",2024-02-08,NA,NA,NA,NA,NA,NA,NA,NA,NA,NA,NA,2023,0.5
"3","0.5","V",NA,NA,NA,NA,NA,"<1","1.1",1,"0.2",NA,NA,NA,0,"N",NA,NA,2023-08-08,"YOSE7","SB",2024-02-08,NA,NA,NA,NA,NA,NA,NA,NA,NA,NA,NA,2023,0.5
"3","0.5","V",NA,NA,NA,NA,NA,"<1","1.2",1,"0.6",NA,NA,NA,0,"Y",NA,NA,2023-08-08,"YOSE7","SB",2024-02-08,NA,NA,NA,NA,NA,NA,NA,NA,NA,NA,NA,2023,0.5
"3","0.5","V",NA,NA,NA,NA,NA,"<1","1.1",1,"0.4",NA,NA,NA,0,"N",NA,NA,2023-08-08,"YOSE7","SB",2024-02-08,NA,NA,NA,NA,NA,NA,NA,NA,NA,NA,NA,2023,0.5
"3","0.5","V",NA,NA,NA,NA,NA,"<1","1.3",1,"0.5",NA,NA,NA,0,"Y",NA,NA,2023-08-08,"YOSE7","SB",2024-02-08,NA,NA,NA,NA,NA,NA,NA,NA,NA,NA,NA,2023,0.5
"3","0.5","V",NA,NA,NA,NA,NA,"<1","1.3",1,"0.6",NA,NA,NA,NA,"N",NA,NA,2023-08-08,"YOSE7","SB",2024-02-08,NA,NA,NA,NA,NA,NA,NA,NA,NA,NA,NA,2023,0.5
"3","0.5","V",NA,NA,NA,NA,NA,"<1","1.2",1,"0.4",NA,NA,NA,NA,"N",NA,NA,2023-08-08,"YOSE7","SB",2024-02-08,NA,NA,NA,NA,NA,NA,NA,NA,NA,NA,NA,2023,0.5
"3","0.5","V",NA,NA,NA,NA,NA,"<1","1.8",1,"0.7",NA,NA,NA,NA,"N",NA,NA,2023-08-08,"YOSE7","SB",2024-02-08,NA,NA,NA,NA,NA,NA,NA,NA,NA,NA,NA,2023,0.5
"3","0.5","V",NA,NA,NA,NA,NA,"<1","1.0",1,"0.4",NA,NA,NA,NA,"Y",NA,NA,2023-08-08,"YOSE7","SB",2024-02-08,NA,NA,NA,NA,NA,NA,NA,NA,NA,NA,NA,2023,0.5
"3","0.5","V",NA,NA,NA,NA,NA,"<1","1.4",1,"0.5",NA,NA,NA,NA,"N",NA,NA,2023-08-08,"YOSE7","SB",2024-02-08,NA,NA,NA,NA,NA,NA,NA,NA,NA,NA,NA,2023,0.5
"3","0.5","V",NA,NA,NA,NA,NA,"<1","1.2",1,"0.7",NA,NA,NA,NA,"Y",NA,NA,2023-08-08,"YOSE7","SB",2024-02-08,NA,NA,NA,NA,NA,NA,NA,NA,NA,NA,NA,2023,0.5
"3","0.5","V",NA,NA,NA,NA,NA,"<1","2.1",1,"0.7",NA,NA,NA,NA,"N",NA,NA,2023-08-08,"YOSE7","SB",2024-02-08,NA,NA,NA,NA,NA,NA,NA,NA,NA,NA,NA,2023,0.5
"3","0.5","V",NA,NA,NA,NA,NA,"<1","1.3",1,"0.5",NA,NA,NA,NA,"Y",NA,NA,2023-08-08,"YOSE7","SB",2024-02-08,NA,NA,NA,NA,NA,NA,NA,NA,NA,NA,NA,2023,0.5
"3","0.5","V",NA,NA,NA,NA,NA,"<1","1.7",1,"0.7",NA,NA,NA,NA,"Y",NA,NA,2023-08-08,"YOSE7","SB",2024-02-08,NA,NA,NA,NA,NA,NA,NA,NA,NA,NA,NA,2023,0.5
"3","0.5","V",NA,NA,NA,NA,NA,"<1","1.8",1,"0.8",NA,NA,NA,NA,"N",NA,NA,2023-08-08,"YOSE7","SB",2024-02-08,NA,NA,NA,NA,NA,NA,NA,NA,NA,NA,NA,2023,0.5
"3","0.5","V",NA,NA,NA,NA,NA,"<1","1.4",1,"0.7",NA,NA,NA,NA,"Y",NA,NA,2023-08-08,"YOSE7","SB",2024-02-08,NA,NA,NA,NA,NA,NA,NA,NA,NA,NA,NA,2023,0.5
"3","0.5","V",NA,NA,NA,NA,NA,"<1","1.8",1,"0.8",NA,NA,NA,NA,"Y",NA,NA,2023-08-08,"YOSE7","SB",2024-02-08,NA,NA,NA,NA,NA,NA,NA,NA,NA,NA,NA,2023,0.5
"3","0.5","V",NA,NA,NA,NA,NA,"<1","0.7",1,"0.3",NA,NA,NA,NA,"N",NA,NA,2023-08-08,"YOSE7","SB",2024-02-08,NA,NA,NA,NA,NA,NA,NA,NA,NA,NA,NA,2023,0.5
"3","0.5","V",NA,NA,NA,NA,NA,"<1","1.0",1,"0.5",NA,NA,NA,NA,"Y",NA,NA,2023-08-08,"YOSE7","SB",2024-02-08,NA,NA,NA,NA,NA,NA,NA,NA,NA,NA,NA,2023,0.5
"3","0.5","V",NA,NA,NA,NA,NA,"<1","1.6",1,"0.5",NA,NA,NA,NA,"N",NA,NA,2023-08-08,"YOSE7","SB",2024-02-08,NA,NA,NA,NA,NA,NA,NA,NA,NA,NA,NA,2023,0.5
"3","0.5","V",NA,NA,NA,NA,NA,"<1","0.9",1,"0.4",NA,NA,NA,NA,"N",NA,NA,2023-08-08,"YOSE7","SB",2024-02-08,NA,NA,NA,NA,NA,NA,NA,NA,NA,NA,NA,2023,0.5
"3","1","V",NA,NA,NA,NA,NA,"<1","<1",1,"<0.5",NA,NA,NA,NA,"N",NA,NA,2023-08-08,"YOSE7","SB",2024-02-08,NA,NA,NA,NA,NA,NA,NA,NA,NA,NA,NA,2023,0.5
"3","1","V",NA,NA,NA,NA,NA,"<1","<1",1,"<0.5",NA,NA,NA,NA,"N",NA,NA,2023-08-08,"YOSE7","SB",2024-02-08,NA,NA,NA,NA,NA,NA,NA,NA,NA,NA,NA,2023,0.5
"3","1","V",NA,NA,NA,NA,NA,"<1","<1",1,"<0.5",NA,NA,NA,NA,"N",NA,NA,2023-08-08,"YOSE7","SB",2024-02-08,NA,NA,NA,NA,NA,NA,NA,NA,NA,NA,NA,2023,0.5
"3","1","V",NA,NA,NA,NA,NA,"<1","<1",1,"<0.5",NA,NA,NA,NA,"N",NA,NA,2023-08-08,"YOSE7","SB",2024-02-08,NA,NA,NA,NA,NA,NA,NA,NA,NA,NA,NA,2023,0.5
"3","1","V",NA,NA,NA,NA,NA,"<1","<1",1,"<0.5",NA,NA,NA,NA,"N",NA,NA,2023-08-08,"YOSE7","SB",2024-02-08,NA,NA,NA,NA,NA,NA,NA,NA,NA,NA,NA,2023,0.5
"3","1","V",NA,NA,NA,NA,NA,"<1","<1",1,"<0.5",NA,NA,NA,NA,"N",NA,NA,2023-08-08,"YOSE7","SB",2024-02-08,NA,NA,NA,NA,NA,NA,NA,NA,NA,NA,NA,2023,0.5
"3","1","V",NA,NA,NA,NA,NA,"<1","<1",1,"<0.5",NA,NA,NA,NA,"N",NA,NA,2023-08-08,"YOSE7","SB",2024-02-08,NA,NA,NA,NA,NA,NA,NA,NA,NA,NA,NA,2023,0.5
"3","1","V",NA,NA,NA,NA,NA,"<1","<1",1,"<0.5",NA,NA,NA,NA,"N",NA,NA,2023-08-08,"YOSE7","SB",2024-02-08,NA,NA,NA,NA,NA,NA,NA,NA,NA,NA,NA,2023,0.5
"3","1","V",NA,NA,NA,NA,NA,"<1","<1",1,"<0.5",NA,NA,NA,NA,"N",NA,NA,2023-08-08,"YOSE7","SB",2024-02-08,NA,NA,NA,NA,NA,NA,NA,NA,NA,NA,NA,2023,0.5
"3","1","V",NA,NA,NA,NA,NA,"<1","<1",1,"<0.5",NA,NA,NA,NA,"N",NA,NA,2023-08-08,"YOSE7","SB",2024-02-08,NA,NA,NA,NA,NA,NA,NA,NA,NA,NA,NA,2023,0.5
"3","1","V",NA,NA,NA,NA,NA,"<1","<1",1,"<0.5",NA,NA,NA,NA,"N",NA,NA,2023-08-08,"YOSE7","SB",2024-02-08,NA,NA,NA,NA,NA,NA,NA,NA,NA,NA,NA,2023,0.5
"3","1","V",NA,NA,NA,NA,NA,"<1","<1",1,"<0.5",NA,NA,NA,NA,"N",NA,NA,2023-08-08,"YOSE7","SB",2024-02-08,NA,NA,NA,NA,NA,NA,NA,NA,NA,NA,NA,2023,0.5
"3","1","V",NA,NA,NA,NA,NA,"<1","<1",1,"<0.5",NA,NA,NA,NA,"N",NA,NA,2023-08-08,"YOSE7","SB",2024-02-08,NA,NA,NA,NA,NA,NA,NA,NA,NA,NA,NA,2023,0.5
"3","1","V",NA,NA,NA,NA,NA,"<1","<1",1,"<0.5",NA,NA,NA,NA,"N",NA,NA,2023-08-08,"YOSE7","SB",2024-02-08,NA,NA,NA,NA,NA,NA,NA,NA,NA,NA,NA,2023,0.5
"3","1","V",NA,NA,NA,NA,NA,"<1","<1",1,"<0.5",NA,NA,NA,NA,"N",NA,NA,2023-08-08,"YOSE7","SB",2024-02-08,NA,NA,NA,NA,NA,NA,NA,NA,NA,NA,NA,2023,0.5
"3","1","V",NA,NA,NA,NA,NA,"<1","<1",1,"<0.5",NA,NA,NA,NA,"N",NA,NA,2023-08-08,"YOSE7","SB",2024-02-08,NA,NA,NA,NA,NA,NA,NA,NA,NA,NA,NA,2023,0.5
"3","1","V",NA,NA,NA,NA,NA,"<1","<1",1,"<0.5",NA,NA,NA,NA,"N",NA,NA,2023-08-08,"YOSE7","SB",2024-02-08,NA,NA,NA,NA,NA,NA,NA,NA,NA,NA,NA,2023,0.5
"3","1","V",NA,NA,NA,NA,NA,"<1","<1",1,"<0.5",NA,NA,NA,NA,"N",NA,NA,2023-08-08,"YOSE7","SB",2024-02-08,NA,NA,NA,NA,NA,NA,NA,NA,NA,NA,NA,2023,0.5
"3","1","V",NA,NA,NA,NA,NA,"<1","<1",1,"<0.5",NA,NA,NA,NA,"N",NA,NA,2023-08-08,"YOSE7","SB",2024-02-08,NA,NA,NA,NA,NA,NA,NA,NA,NA,NA,NA,2023,0.5
"3","1","V",NA,NA,NA,NA,NA,"<1","<1",1,"<0.5",NA,NA,NA,NA,"N",NA,NA,2023-08-08,"YOSE7","SB",2024-02-08,NA,NA,NA,NA,NA,NA,NA,NA,NA,NA,NA,2023,0.5
"3","1","V",NA,NA,NA,NA,NA,"<1","<1",1,"<0.5",NA,NA,NA,NA,"N",NA,NA,2023-08-08,"YOSE7","SB",2024-02-08,NA,NA,NA,NA,NA,NA,NA,NA,NA,NA,NA,2023,0.5
"3","1","V",NA,NA,NA,NA,NA,"<1","<1",1,"<0.5",NA,NA,NA,NA,"N",NA,NA,2023-08-08,"YOSE7","SB",2024-02-08,NA,NA,NA,NA,NA,NA,NA,NA,NA,NA,NA,2023,0.5
"3","1","V",NA,NA,NA,NA,NA,"<1","<1",1,"<0.5",NA,NA,NA,NA,"N",NA,NA,2023-08-08,"YOSE7","SB",2024-02-08,NA,NA,NA,NA,NA,NA,NA,NA,NA,NA,NA,2023,0.5
"3","1","V",NA,NA,NA,NA,NA,"<1","<1",1,"<0.5",NA,NA,NA,NA,"N",NA,NA,2023-08-08,"YOSE7","SB",2024-02-08,NA,NA,NA,NA,NA,NA,NA,NA,NA,NA,NA,2023,0.5
"3","1","V",NA,NA,NA,NA,NA,"<1","<1",1,"<0.5",NA,NA,NA,NA,"N",NA,NA,2023-08-08,"YOSE7","SB",2024-02-08,NA,NA,NA,NA,NA,NA,NA,NA,NA,NA,NA,2023,0.5
"3","1","V",NA,NA,NA,NA,NA,"<1","<1",1,"<0.5",NA,NA,NA,NA,"N",NA,NA,2023-08-08,"YOSE7","SB",2024-02-08,NA,NA,NA,NA,NA,NA,NA,NA,NA,NA,NA,2023,0.5
"3","1","V",NA,NA,NA,NA,NA,"<1","<1",1,"<0.5",NA,NA,NA,NA,"N",NA,NA,2023-08-08,"YOSE7","SB",2024-02-08,NA,NA,NA,NA,NA,NA,NA,NA,NA,NA,NA,2023,0.5
"3","1","V",NA,NA,NA,NA,NA,"<1","<1",1,"<0.5",NA,NA,NA,NA,"N",NA,NA,2023-08-08,"YOSE7","SB",2024-02-08,NA,NA,NA,NA,NA,NA,NA,NA,NA,NA,NA,2023,0.5
"3","1","V",NA,NA,NA,NA,NA,"<1","<1",1,"<0.5",NA,NA,NA,NA,"N",NA,NA,2023-08-08,"YOSE7","SB",2024-02-08,NA,NA,NA,NA,NA,NA,NA,NA,NA,NA,NA,2023,0.5
"3","1","V",NA,NA,NA,NA,NA,"<1","<1",1,"<0.5",NA,NA,NA,NA,"N",NA,NA,2023-08-08,"YOSE7","SB",2024-02-08,NA,NA,NA,NA,NA,NA,NA,NA,NA,NA,NA,2023,0.5
"3","1","V",NA,NA,NA,NA,NA,"<1","<1",1,"<0.5",NA,NA,NA,NA,"N",NA,NA,2023-08-08,"YOSE7","SB",2024-02-08,NA,NA,NA,NA,NA,NA,NA,NA,NA,NA,NA,2023,0.5
"3","1","V",NA,NA,NA,NA,NA,"<1","<1",1,"<0.5",NA,NA,NA,NA,"N",NA,NA,2023-08-08,"YOSE7","SB",2024-02-08,NA,NA,NA,NA,NA,NA,NA,NA,NA,NA,NA,2023,0.5
"3","1","V",NA,NA,NA,NA,NA,"<1","<1",1,"<0.5",NA,NA,NA,NA,"N",NA,NA,2023-08-08,"YOSE7","SB",2024-02-08,NA,NA,NA,NA,NA,NA,NA,NA,NA,NA,NA,2023,0.5
"3","1","V",NA,NA,NA,NA,NA,"<1","<1",1,"<0.5",NA,NA,NA,NA,"N",NA,NA,2023-08-08,"YOSE7","SB",2024-02-08,NA,NA,NA,NA,NA,NA,NA,NA,NA,NA,NA,2023,0.5
"3","1","V",NA,NA,NA,NA,NA,"<1","<1",1,"<0.5",NA,NA,NA,NA,"N",NA,NA,2023-08-08,"YOSE7","SB",2024-02-08,NA,NA,NA,NA,NA,NA,NA,NA,NA,NA,NA,2023,0.5
"3","1","V",NA,NA,NA,NA,NA,"<1","<1",1,"<0.5",NA,NA,NA,NA,"N",NA,NA,2023-08-08,"YOSE7","SB",2024-02-08,NA,NA,NA,NA,NA,NA,NA,NA,NA,NA,NA,2023,0.5
"3","1","V",NA,NA,NA,NA,NA,"<1","<1",1,"<0.5",NA,NA,NA,NA,"N",NA,NA,2023-08-08,"YOSE7","SB",2024-02-08,NA,NA,NA,NA,NA,NA,NA,NA,NA,NA,NA,2023,0.5
"3","1","V",NA,NA,NA,NA,NA,"<1","<1",1,"<0.5",NA,NA,NA,NA,"N",NA,NA,2023-08-08,"YOSE7","SB",2024-02-08,NA,NA,NA,NA,NA,NA,NA,NA,NA,NA,NA,2023,0.5
"3","1","V",NA,NA,NA,NA,NA,"<1","<1",1,"<0.5",NA,NA,NA,NA,"N",NA,NA,2023-08-08,"YOSE7","SB",2024-02-08,NA,NA,NA,NA,NA,NA,NA,NA,NA,NA,NA,2023,0.5
"3","1","V",NA,NA,NA,NA,NA,"<1","<1",1,"<0.5",NA,NA,NA,NA,"N",NA,NA,2023-08-08,"YOSE7","SB",2024-02-08,NA,NA,NA,NA,NA,NA,NA,NA,NA,NA,NA,2023,0.5
"3","1","V",NA,NA,NA,NA,NA,"<1","<1",1,"<0.5",NA,NA,NA,NA,"N",NA,NA,2023-08-08,"YOSE7","SB",2024-02-08,NA,NA,NA,NA,NA,NA,NA,NA,NA,NA,NA,2023,0.5
"3","1","V",NA,NA,NA,NA,NA,"<1","<1",1,"<0.5",NA,NA,NA,NA,"N",NA,NA,2023-08-08,"YOSE7","SB",2024-02-08,NA,NA,NA,NA,NA,NA,NA,NA,NA,NA,NA,2023,0.5
"3","1","V",NA,NA,NA,NA,NA,"<1","<1",1,"<0.5",NA,NA,NA,NA,"N",NA,NA,2023-08-08,"YOSE7","SB",2024-02-08,NA,NA,NA,NA,NA,NA,NA,NA,NA,NA,NA,2023,0.5
"3","1","V",NA,NA,NA,NA,NA,"<1","<1",1,"<0.5",NA,NA,NA,NA,"N",NA,NA,2023-08-08,"YOSE7","SB",2024-02-08,NA,NA,NA,NA,NA,NA,NA,NA,NA,NA,NA,2023,0.5
"3","1","V",NA,NA,NA,NA,NA,"<1","<1",1,"<0.5",NA,NA,NA,NA,"N",NA,NA,2023-08-08,"YOSE7","SB",2024-02-08,NA,NA,NA,NA,NA,NA,NA,NA,NA,NA,NA,2023,0.5
"3","1","V",NA,NA,NA,NA,NA,"<1","<1",1,"<0.5",NA,NA,NA,NA,"N",NA,NA,2023-08-08,"YOSE7","SB",2024-02-08,NA,NA,NA,NA,NA,NA,NA,NA,NA,NA,NA,2023,0.5
"3","1","V",NA,NA,NA,NA,NA,"<1","<1",1,"<0.5",NA,NA,NA,NA,"N",NA,NA,2023-08-08,"YOSE7","SB",2024-02-08,NA,NA,NA,NA,NA,NA,NA,NA,NA,NA,NA,2023,0.5
"3","1","V",NA,NA,NA,NA,NA,"<1","<1",1,"<0.5",NA,NA,NA,NA,"N",NA,NA,2023-08-08,"YOSE7","SB",2024-02-08,NA,NA,NA,NA,NA,NA,NA,NA,NA,NA,NA,2023,0.5
"3","1","V",NA,NA,NA,NA,NA,"<1","<1",1,"<0.5",NA,NA,NA,NA,"N",NA,NA,2023-08-08,"YOSE7","SB",2024-02-08,NA,NA,NA,NA,NA,NA,NA,NA,NA,NA,NA,2023,0.5
"3","1","V",NA,NA,NA,NA,NA,"<1","<1",1,"<0.5",NA,NA,NA,NA,"N",NA,NA,2023-08-08,"YOSE7","SB",2024-02-08,NA,NA,NA,NA,NA,NA,NA,NA,NA,NA,NA,2023,0.5
"3","1","V",NA,NA,NA,NA,NA,"<1","<1",1,"<0.5",NA,NA,NA,NA,"N",NA,NA,2023-08-08,"YOSE7","SB",2024-02-08,NA,NA,NA,NA,NA,NA,NA,NA,NA,NA,NA,2023,0.5
"3","1","V",NA,NA,NA,NA,NA,"<1","<1",1,"<0.5",NA,NA,NA,NA,"N",NA,NA,2023-08-08,"YOSE7","SB",2024-02-08,NA,NA,NA,NA,NA,NA,NA,NA,NA,NA,NA,2023,0.5
"3","1","V",NA,NA,NA,NA,NA,"<1","<1",1,"<0.5",NA,NA,NA,NA,"N",NA,NA,2023-08-08,"YOSE7","SB",2024-02-08,NA,NA,NA,NA,NA,NA,NA,NA,NA,NA,NA,2023,0.5
"3","1","V",NA,NA,NA,NA,NA,"<1","<1",1,"<0.5",NA,NA,NA,NA,"N",NA,NA,2023-08-08,"YOSE7","SB",2024-02-08,NA,NA,NA,NA,NA,NA,NA,NA,NA,NA,NA,2023,0.5
"3","1","V",NA,NA,NA,NA,NA,"<1","<1",1,"<0.5",NA,NA,NA,NA,"N",NA,NA,2023-08-08,"YOSE7","SB",2024-02-08,NA,NA,NA,NA,NA,NA,NA,NA,NA,NA,NA,2023,0.5
"3","1","V",NA,NA,NA,NA,NA,"<1","<1",1,"<0.5",NA,NA,NA,NA,"N",NA,NA,2023-08-08,"YOSE7","SB",2024-02-08,NA,NA,NA,NA,NA,NA,NA,NA,NA,NA,NA,2023,0.5
"3","1","V",NA,NA,NA,NA,NA,"<1","<1",1,"<0.5",NA,NA,NA,NA,"N",NA,NA,2023-08-08,"YOSE7","SB",2024-02-08,NA,NA,NA,NA,NA,NA,NA,NA,NA,NA,NA,2023,0.5
"3","1","V",NA,NA,NA,NA,NA,"<1","<1",1,"<0.5",NA,NA,NA,NA,"N",NA,NA,2023-08-08,"YOSE7","SB",2024-02-08,NA,NA,NA,NA,NA,NA,NA,NA,NA,NA,NA,2023,0.5
"3","1","V",NA,NA,NA,NA,NA,"<1","<1",1,"<0.5",NA,NA,NA,NA,"N",NA,NA,2023-08-08,"YOSE7","SB",2024-02-08,NA,NA,NA,NA,NA,NA,NA,NA,NA,NA,NA,2023,0.5
"3","1","V",NA,NA,NA,NA,NA,"<1","<1",1,"<0.5",NA,NA,NA,NA,"N",NA,NA,2023-08-08,"YOSE7","SB",2024-02-08,NA,NA,NA,NA,NA,NA,NA,NA,NA,NA,NA,2023,0.5
"3","1","V",NA,NA,NA,NA,NA,"<1","<1",1,"<0.5",NA,NA,NA,NA,"N",NA,NA,2023-08-08,"YOSE7","SB",2024-02-08,NA,NA,NA,NA,NA,NA,NA,NA,NA,NA,NA,2023,0.5
"3","1","V",NA,NA,NA,NA,NA,"<1","<1",1,"<0.5",NA,NA,NA,NA,"N",NA,NA,2023-08-08,"YOSE7","SB",2024-02-08,NA,NA,NA,NA,NA,NA,NA,NA,NA,NA,NA,2023,0.5
"3","1","V",NA,NA,NA,NA,NA,"<1","<1",1,"<0.5",NA,NA,NA,NA,"N",NA,NA,2023-08-08,"YOSE7","SB",2024-02-08,NA,NA,NA,NA,NA,NA,NA,NA,NA,NA,NA,2023,0.5
"3","1","V",NA,NA,NA,NA,NA,"<1","<1",1,"<0.5",NA,NA,NA,NA,"N",NA,NA,2023-08-08,"YOSE7","SB",2024-02-08,NA,NA,NA,NA,NA,NA,NA,NA,NA,NA,NA,2023,0.5
"3","1","V",NA,NA,NA,NA,NA,"<1","<1",1,"<0.5",NA,NA,NA,NA,"N",NA,NA,2023-08-08,"YOSE7","SB",2024-02-08,NA,NA,NA,NA,NA,NA,NA,NA,NA,NA,NA,2023,0.5
"3","1","V",NA,NA,NA,NA,NA,"<1","<1",1,"<0.5",NA,NA,NA,NA,"N",NA,NA,2023-08-08,"YOSE7","SB",2024-02-08,NA,NA,NA,NA,NA,NA,NA,NA,NA,NA,NA,2023,0.5
"3","1","V",NA,NA,NA,NA,NA,"<1","<1",1,"<0.5",NA,NA,NA,NA,"N",NA,NA,2023-08-08,"YOSE7","SB",2024-02-08,NA,NA,NA,NA,NA,NA,NA,NA,NA,NA,NA,2023,0.5
"3","1","V",NA,NA,NA,NA,NA,"<1","<1",1,"<0.5",NA,NA,NA,NA,"N",NA,NA,2023-08-08,"YOSE7","SB",2024-02-08,NA,NA,NA,NA,NA,NA,NA,NA,NA,NA,NA,2023,0.5
"3","1","V",NA,NA,NA,NA,NA,"<1","<1",1,"<0.5",NA,NA,NA,NA,"N",NA,NA,2023-08-08,"YOSE7","SB",2024-02-08,NA,NA,NA,NA,NA,NA,NA,NA,NA,NA,NA,2023,0.5
"3","1","V",NA,NA,NA,NA,NA,"<1","<1",1,"<0.5",NA,NA,NA,NA,"N",NA,NA,2023-08-08,"YOSE7","SB",2024-02-08,NA,NA,NA,NA,NA,NA,NA,NA,NA,NA,NA,2023,0.5
"3","1","V",NA,NA,NA,NA,NA,"<1","<1",1,"<0.5",NA,NA,NA,NA,"N",NA,NA,2023-08-08,"YOSE7","SB",2024-02-08,NA,NA,NA,NA,NA,NA,NA,NA,NA,NA,NA,2023,0.5
"3","1","V",NA,NA,NA,NA,NA,"<1","<1",1,"<0.5",NA,NA,NA,NA,"N",NA,NA,2023-08-08,"YOSE7","SB",2024-02-08,NA,NA,NA,NA,NA,NA,NA,NA,NA,NA,NA,2023,0.5
"3","1","V",NA,NA,NA,NA,NA,"<1","<1",1,"<0.5",NA,NA,NA,NA,"N",NA,NA,2023-08-08,"YOSE7","SB",2024-02-08,NA,NA,NA,NA,NA,NA,NA,NA,NA,NA,NA,2023,0.5
"3","1","V",NA,NA,NA,NA,NA,"<1","<1",1,"<0.5",NA,NA,NA,NA,"N",NA,NA,2023-08-08,"YOSE7","SB",2024-02-08,NA,NA,NA,NA,NA,NA,NA,NA,NA,NA,NA,2023,0.5
"3","1","V",NA,NA,NA,NA,NA,"<1","<1",1,"<0.5",NA,NA,NA,NA,"N",NA,NA,2023-08-08,"YOSE7","SB",2024-02-08,NA,NA,NA,NA,NA,NA,NA,NA,NA,NA,NA,2023,0.5
"3","1","V",NA,NA,NA,NA,NA,"<1","<1",1,"<0.5",NA,NA,NA,NA,"N",NA,NA,2023-08-08,"YOSE7","SB",2024-02-08,NA,NA,NA,NA,NA,NA,NA,NA,NA,NA,NA,2023,0.5
"3","1","V",NA,NA,NA,NA,NA,"<1","<1",1,"<0.5",NA,NA,NA,NA,"N",NA,NA,2023-08-08,"YOSE7","SB",2024-02-08,NA,NA,NA,NA,NA,NA,NA,NA,NA,NA,NA,2023,0.5
"3","1","V",NA,NA,NA,NA,NA,"<1","<1",1,"<0.5",NA,NA,NA,NA,"N",NA,NA,2023-08-08,"YOSE7","SB",2024-02-08,NA,NA,NA,NA,NA,NA,NA,NA,NA,NA,NA,2023,0.5
"3","1","V",NA,NA,NA,NA,NA,"<1","<1",1,"<0.5",NA,NA,NA,NA,"N",NA,NA,2023-08-08,"YOSE7","SB",2024-02-08,NA,NA,NA,NA,NA,NA,NA,NA,NA,NA,NA,2023,0.5
"3","1","V",NA,NA,NA,NA,NA,"<1","<1",1,"<0.5",NA,NA,NA,NA,"N",NA,NA,2023-08-08,"YOSE7","SB",2024-02-08,NA,NA,NA,NA,NA,NA,NA,NA,NA,NA,NA,2023,0.5
"3","1","V",NA,NA,NA,NA,NA,"<1","<1",1,"<0.5",NA,NA,NA,NA,"N",NA,NA,2023-08-08,"YOSE7","SB",2024-02-08,NA,NA,NA,NA,NA,NA,NA,NA,NA,NA,NA,2023,0.5
"3","1","V",NA,NA,NA,NA,NA,"<1","<1",1,"<0.5",NA,NA,NA,NA,"N",NA,NA,2023-08-08,"YOSE7","SB",2024-02-08,NA,NA,NA,NA,NA,NA,NA,NA,NA,NA,NA,2023,0.5
"3","1","V",NA,NA,NA,NA,NA,"<1","<1",1,"<0.5",NA,NA,NA,NA,"N",NA,NA,2023-08-08,"YOSE7","SB",2024-02-08,NA,NA,NA,NA,NA,NA,NA,NA,NA,NA,NA,2023,0.5
"3","1","V",NA,NA,NA,NA,NA,"<1","<1",1,"<0.5",NA,NA,NA,NA,"N",NA,NA,2023-08-08,"YOSE7","SB",2024-02-08,NA,NA,NA,NA,NA,NA,NA,NA,NA,NA,NA,2023,0.5
"3","1","V",NA,NA,NA,NA,NA,"<1","<1",1,"<0.5",NA,NA,NA,NA,"N",NA,NA,2023-08-08,"YOSE7","SB",2024-02-08,NA,NA,NA,NA,NA,NA,NA,NA,NA,NA,NA,2023,0.5
"3","1","V",NA,NA,NA,NA,NA,"<1","<1",1,"<0.5",NA,NA,NA,NA,"N",NA,NA,2023-08-08,"YOSE7","SB",2024-02-08,NA,NA,NA,NA,NA,NA,NA,NA,NA,NA,NA,2023,0.5
"3","1","V",NA,NA,NA,NA,NA,"<1","<1",1,"<0.5",NA,NA,NA,NA,"N",NA,NA,2023-08-08,"YOSE7","SB",2024-02-08,NA,NA,NA,NA,NA,NA,NA,NA,NA,NA,NA,2023,0.5
"3","1","V",NA,NA,NA,NA,NA,"<1","<1",1,"<0.5",NA,NA,NA,NA,"N",NA,NA,2023-08-08,"YOSE7","SB",2024-02-08,NA,NA,NA,NA,NA,NA,NA,NA,NA,NA,NA,2023,0.5
"3","1","V",NA,NA,NA,NA,NA,"<1","<1",1,"<0.5",NA,NA,NA,NA,"N",NA,NA,2023-08-08,"YOSE7","SB",2024-02-08,NA,NA,NA,NA,NA,NA,NA,NA,NA,NA,NA,2023,0.5
"3","1","V",NA,NA,NA,NA,NA,"<1","<1",1,"<0.5",NA,NA,NA,NA,"N",NA,NA,2023-08-08,"YOSE7","SB",2024-02-08,NA,NA,NA,NA,NA,NA,NA,NA,NA,NA,NA,2023,0.5
"3","1","V",NA,NA,NA,NA,NA,"<1","<1",1,"<0.5",NA,NA,NA,NA,"N",NA,NA,2023-08-08,"YOSE7","SB",2024-02-08,NA,NA,NA,NA,NA,NA,NA,NA,NA,NA,NA,2023,0.5
"3","1","V",NA,NA,NA,NA,NA,"<1","<1",1,"<0.5",NA,NA,NA,NA,"N",NA,NA,2023-08-08,"YOSE7","SB",2024-02-08,NA,NA,NA,NA,NA,NA,NA,NA,NA,NA,NA,2023,0.5
"3","1","V",NA,NA,NA,NA,NA,"<1","<1",1,"<0.5",NA,NA,NA,NA,"N",NA,NA,2023-08-08,"YOSE7","SB",2024-02-08,NA,NA,NA,NA,NA,NA,NA,NA,NA,NA,NA,2023,0.5
"3","1","V",NA,NA,NA,NA,NA,"<1","<1",1,"<0.5",NA,NA,NA,NA,"N",NA,NA,2023-08-08,"YOSE7","SB",2024-02-08,NA,NA,NA,NA,NA,NA,NA,NA,NA,NA,NA,2023,0.5
"3","1","V",NA,NA,NA,NA,NA,"<1","<1",1,"<0.5",NA,NA,NA,NA,"N",NA,NA,2023-08-08,"YOSE7","SB",2024-02-08,NA,NA,NA,NA,NA,NA,NA,NA,NA,NA,NA,2023,0.5
"3","1","V",NA,NA,NA,NA,NA,"<1","<1",1,"<0.5",NA,NA,NA,NA,"N",NA,NA,2023-08-08,"YOSE7","SB",2024-02-08,NA,NA,NA,NA,NA,NA,NA,NA,NA,NA,NA,2023,0.5
"3","1","V",NA,NA,NA,NA,NA,"<1","<1",1,"<0.5",NA,NA,NA,NA,"N",NA,NA,2023-08-08,"YOSE7","SB",2024-02-08,NA,NA,NA,NA,NA,NA,NA,NA,NA,NA,NA,2023,0.5
"3","1","V",NA,NA,NA,NA,NA,"<1","<1",1,"<0.5",NA,NA,NA,NA,"N",NA,NA,2023-08-08,"YOSE7","SB",2024-02-08,NA,NA,NA,NA,NA,NA,NA,NA,NA,NA,NA,2023,0.5
"3","1","V",NA,NA,NA,NA,NA,"<1","<1",1,"<0.5",NA,NA,NA,NA,"N",NA,NA,2023-08-08,"YOSE7","SB",2024-02-08,NA,NA,NA,NA,NA,NA,NA,NA,NA,NA,NA,2023,0.5
"3","1","V",NA,NA,NA,NA,NA,"<1","<1",1,"<0.5",NA,NA,NA,NA,"N",NA,NA,2023-08-08,"YOSE7","SB",2024-02-08,NA,NA,NA,NA,NA,NA,NA,NA,NA,NA,NA,2023,0.5
"3","1","V",NA,NA,NA,NA,NA,"<1","<1",1,"<0.5",NA,NA,NA,NA,"N",NA,NA,2023-08-08,"YOSE7","SB",2024-02-08,NA,NA,NA,NA,NA,NA,NA,NA,NA,NA,NA,2023,0.5
"3","1","V",NA,NA,NA,NA,NA,"<1","<1",1,"<0.5",NA,NA,NA,NA,"N",NA,NA,2023-08-08,"YOSE7","SB",2024-02-08,NA,NA,NA,NA,NA,NA,NA,NA,NA,NA,NA,2023,0.5
"3","1","V",NA,NA,NA,NA,NA,"<1","<1",1,"<0.5",NA,NA,NA,NA,"N",NA,NA,2023-08-08,"YOSE7","SB",2024-02-08,NA,NA,NA,NA,NA,NA,NA,NA,NA,NA,NA,2023,0.5
"3","1","V",NA,NA,NA,NA,NA,"<1","<1",1,"<0.5",NA,NA,NA,NA,"N",NA,NA,2023-08-08,"YOSE7","SB",2024-02-08,NA,NA,NA,NA,NA,NA,NA,NA,NA,NA,NA,2023,0.5
"3","1","V",NA,NA,NA,NA,NA,"<1","<1",1,"<0.5",NA,NA,NA,NA,"N",NA,NA,2023-08-08,"YOSE7","SB",2024-02-08,NA,NA,NA,NA,NA,NA,NA,NA,NA,NA,NA,2023,0.5
"3","1","V",NA,NA,NA,NA,NA,"<1","<1",1,"<0.5",NA,NA,NA,NA,"N",NA,NA,2023-08-08,"YOSE7","SB",2024-02-08,NA,NA,NA,NA,NA,NA,NA,NA,NA,NA,NA,2023,0.5
"3","1","V",NA,NA,NA,NA,NA,"<1","<1",1,"<0.5",NA,NA,NA,NA,"N",NA,NA,2023-08-08,"YOSE7","SB",2024-02-08,NA,NA,NA,NA,NA,NA,NA,NA,NA,NA,NA,2023,0.5
"3","1","V",NA,NA,NA,NA,NA,"<1","<1",1,"<0.5",NA,NA,NA,NA,"N",NA,NA,2023-08-08,"YOSE7","SB",2024-02-08,NA,NA,NA,NA,NA,NA,NA,NA,NA,NA,NA,2023,0.5
"3","1","V",NA,NA,NA,NA,NA,"<1","<1",1,"<0.5",NA,NA,NA,NA,"N",NA,NA,2023-08-08,"YOSE7","SB",2024-02-08,NA,NA,NA,NA,NA,NA,NA,NA,NA,NA,NA,2023,0.5
"3","1","V",NA,NA,NA,NA,NA,"<1","<1",1,"<0.5",NA,NA,NA,NA,"N",NA,NA,2023-08-08,"YOSE7","SB",2024-02-08,NA,NA,NA,NA,NA,NA,NA,NA,NA,NA,NA,2023,0.5
"3","1","V",NA,NA,NA,NA,NA,"<1","<1",1,"<0.5",NA,NA,NA,NA,"N",NA,NA,2023-08-08,"YOSE7","SB",2024-02-08,NA,NA,NA,NA,NA,NA,NA,NA,NA,NA,NA,2023,0.5
"3","1","V",NA,NA,NA,NA,NA,"<1","<1",1,"<0.5",NA,NA,NA,NA,"N",NA,NA,2023-08-08,"YOSE7","SB",2024-02-08,NA,NA,NA,NA,NA,NA,NA,NA,NA,NA,NA,2023,0.5
"3","1","V",NA,NA,NA,NA,NA,"<1","<1",1,"<0.5",NA,NA,NA,NA,"N",NA,NA,2023-08-08,"YOSE7","SB",2024-02-08,NA,NA,NA,NA,NA,NA,NA,NA,NA,NA,NA,2023,0.5
"3","1","V",NA,NA,NA,NA,NA,"<1","<1",1,"<0.5",NA,NA,NA,NA,"N",NA,NA,2023-08-08,"YOSE7","SB",2024-02-08,NA,NA,NA,NA,NA,NA,NA,NA,NA,NA,NA,2023,0.5
"3","1","V",NA,NA,NA,NA,NA,"<1","<1",1,"<0.5",NA,NA,NA,NA,"N",NA,NA,2023-08-08,"YOSE7","SB",2024-02-08,NA,NA,NA,NA,NA,NA,NA,NA,NA,NA,NA,2023,0.5
"3","1","V",NA,NA,NA,NA,NA,"<1","<1",1,"<0.5",NA,NA,NA,NA,"N",NA,NA,2023-08-08,"YOSE7","SB",2024-02-08,NA,NA,NA,NA,NA,NA,NA,NA,NA,NA,NA,2023,0.5
"3","1","V",NA,NA,NA,NA,NA,"<1","<1",1,"<0.5",NA,NA,NA,NA,"N",NA,NA,2023-08-08,"YOSE7","SB",2024-02-08,NA,NA,NA,NA,NA,NA,NA,NA,NA,NA,NA,2023,0.5
"3","1","V",NA,NA,NA,NA,NA,"<1","<1",1,"<0.5",NA,NA,NA,NA,"N",NA,NA,2023-08-08,"YOSE7","SB",2024-02-08,NA,NA,NA,NA,NA,NA,NA,NA,NA,NA,NA,2023,0.5
"3","1","V",NA,NA,NA,NA,NA,"<1","<1",1,"<0.5",NA,NA,NA,NA,"N",NA,NA,2023-08-08,"YOSE7","SB",2024-02-08,NA,NA,NA,NA,NA,NA,NA,NA,NA,NA,NA,2023,0.5
"3","1","V",NA,NA,NA,NA,NA,"<1","<1",1,"<0.5",NA,NA,NA,NA,"N",NA,NA,2023-08-08,"YOSE7","SB",2024-02-08,NA,NA,NA,NA,NA,NA,NA,NA,NA,NA,NA,2023,0.5
"3","1","V",NA,NA,NA,NA,NA,"<1","<1",1,"<0.5",NA,NA,NA,NA,"N",NA,NA,2023-08-08,"YOSE7","SB",2024-02-08,NA,NA,NA,NA,NA,NA,NA,NA,NA,NA,NA,2023,0.5
"3","1","V",NA,NA,NA,NA,NA,"<1","<1",1,"<0.5",NA,NA,NA,NA,"N",NA,NA,2023-08-08,"YOSE7","SB",2024-02-08,NA,NA,NA,NA,NA,NA,NA,NA,NA,NA,NA,2023,0.5
"3","1","V",NA,NA,NA,NA,NA,"<1","<1",1,"<0.5",NA,NA,NA,NA,"N",NA,NA,2023-08-08,"YOSE7","SB",2024-02-08,NA,NA,NA,NA,NA,NA,NA,NA,NA,NA,NA,2023,0.5
"3","1","V",NA,NA,NA,NA,NA,"<1","<1",1,"<0.5",NA,NA,NA,NA,"N",NA,NA,2023-08-08,"YOSE7","SB",2024-02-08,NA,NA,NA,NA,NA,NA,NA,NA,NA,NA,NA,2023,0.5
"3","1","V",NA,NA,NA,NA,NA,"<1","<1",1,"<0.5",NA,NA,NA,NA,"N",NA,NA,2023-08-08,"YOSE7","SB",2024-02-08,NA,NA,NA,NA,NA,NA,NA,NA,NA,NA,NA,2023,0.5
"3","1","V",NA,NA,NA,NA,NA,"<1","<1",1,"<0.5",NA,NA,NA,NA,"N",NA,NA,2023-08-08,"YOSE7","SB",2024-02-08,NA,NA,NA,NA,NA,NA,NA,NA,NA,NA,NA,2023,0.5
"3","1","V",NA,NA,NA,NA,NA,"<1","<1",1,"<0.5",NA,NA,NA,NA,"N",NA,NA,2023-08-08,"YOSE7","SB",2024-02-08,NA,NA,NA,NA,NA,NA,NA,NA,NA,NA,NA,2023,0.5
"3","1","V",NA,NA,NA,NA,NA,"<1","<1",1,"<0.5",NA,NA,NA,NA,"N",NA,NA,2023-08-08,"YOSE7","SB",2024-02-08,NA,NA,NA,NA,NA,NA,NA,NA,NA,NA,NA,2023,0.5
"3","1","V",NA,NA,NA,NA,NA,"<1","<1",1,"<0.5",NA,NA,NA,NA,"N",NA,NA,2023-08-08,"YOSE7","SB",2024-02-08,NA,NA,NA,NA,NA,NA,NA,NA,NA,NA,NA,2023,0.5
"3","1","V",NA,NA,NA,NA,NA,"<1","<1",1,"<0.5",NA,NA,NA,NA,"N",NA,NA,2023-08-08,"YOSE7","SB",2024-02-08,NA,NA,NA,NA,NA,NA,NA,NA,NA,NA,NA,2023,0.5
"3","1","V",NA,NA,NA,NA,NA,"<1","<1",1,"<0.5",NA,NA,NA,NA,"N",NA,NA,2023-08-08,"YOSE7","SB",2024-02-08,NA,NA,NA,NA,NA,NA,NA,NA,NA,NA,NA,2023,0.5
"3","1","V",NA,NA,NA,NA,NA,"<1","<1",1,"<0.5",NA,NA,NA,NA,"N",NA,NA,2023-08-08,"YOSE7","SB",2024-02-08,NA,NA,NA,NA,NA,NA,NA,NA,NA,NA,NA,2023,0.5
"3","1","V",NA,NA,NA,NA,NA,"<1","<1",1,"<0.5",NA,NA,NA,NA,"N",NA,NA,2023-08-08,"YOSE7","SB",2024-02-08,NA,NA,NA,NA,NA,NA,NA,NA,NA,NA,NA,2023,0.5
"3","1","V",NA,NA,NA,NA,NA,"<1","<1",1,"<0.5",NA,NA,NA,NA,"N",NA,NA,2023-08-08,"YOSE7","SB",2024-02-08,NA,NA,NA,NA,NA,NA,NA,NA,NA,NA,NA,2023,0.5
"3","1","V",NA,NA,NA,NA,NA,"<1","<1",1,"<0.5",NA,NA,NA,NA,"N",NA,NA,2023-08-08,"YOSE7","SB",2024-02-08,NA,NA,NA,NA,NA,NA,NA,NA,NA,NA,NA,2023,0.5
"3","1","V",NA,NA,NA,NA,NA,"<1","<1",1,"<0.5",NA,NA,NA,NA,"N",NA,NA,2023-08-08,"YOSE7","SB",2024-02-08,NA,NA,NA,NA,NA,NA,NA,NA,NA,NA,NA,2023,0.5
"3","1","V",NA,NA,NA,NA,NA,"<1","<1",1,"<0.5",NA,NA,NA,NA,"N",NA,NA,2023-08-08,"YOSE7","SB",2024-02-08,NA,NA,NA,NA,NA,NA,NA,NA,NA,NA,NA,2023,0.5
"3","1","V",NA,NA,NA,NA,NA,"<1","<1",1,"<0.5",NA,NA,NA,NA,"N",NA,NA,2023-08-08,"YOSE7","SB",2024-02-08,NA,NA,NA,NA,NA,NA,NA,NA,NA,NA,NA,2023,0.5
"3","1","V",NA,NA,NA,NA,NA,"<1","<1",1,"<0.5",NA,NA,NA,NA,"N",NA,NA,2023-08-08,"YOSE7","SB",2024-02-08,NA,NA,NA,NA,NA,NA,NA,NA,NA,NA,NA,2023,0.5
"3","1","V",NA,NA,NA,NA,NA,"<1","<1",1,"<0.5",NA,NA,NA,NA,"N",NA,NA,2023-08-08,"YOSE7","SB",2024-02-08,NA,NA,NA,NA,NA,NA,NA,NA,NA,NA,NA,2023,0.5
"3","1","V",NA,NA,NA,NA,NA,"<1","<1",1,"<0.5",NA,NA,NA,NA,"N",NA,NA,2023-08-08,"YOSE7","SB",2024-02-08,NA,NA,NA,NA,NA,NA,NA,NA,NA,NA,NA,2023,0.5
"3","1","V",NA,NA,NA,NA,NA,"<1","<1",1,"<0.5",NA,NA,NA,NA,"N",NA,NA,2023-08-08,"YOSE7","SB",2024-02-08,NA,NA,NA,NA,NA,NA,NA,NA,NA,NA,NA,2023,0.5
"3","1","V",NA,NA,NA,NA,NA,"<1","<1",1,"<0.5",NA,NA,NA,NA,"N",NA,NA,2023-08-08,"YOSE7","SB",2024-02-08,NA,NA,NA,NA,NA,NA,NA,NA,NA,NA,NA,2023,0.5
"3","1","V",NA,NA,NA,NA,NA,"<1","<1",1,"<0.5",NA,NA,NA,NA,"N",NA,NA,2023-08-08,"YOSE7","SB",2024-02-08,NA,NA,NA,NA,NA,NA,NA,NA,NA,NA,NA,2023,0.5
"3","1","V",NA,NA,NA,NA,NA,"<1","<1",1,"<0.5",NA,NA,NA,NA,"N",NA,NA,2023-08-08,"YOSE7","SB",2024-02-08,NA,NA,NA,NA,NA,NA,NA,NA,NA,NA,NA,2023,0.5
"3","1","V",NA,NA,NA,NA,NA,"<1","<1",1,"<0.5",NA,NA,NA,NA,"N",NA,NA,2023-08-08,"YOSE7","SB",2024-02-08,NA,NA,NA,NA,NA,NA,NA,NA,NA,NA,NA,2023,0.5
"3","1","V",NA,NA,NA,NA,NA,"<1","<1",1,"<0.5",NA,NA,NA,NA,"N",NA,NA,2023-08-08,"YOSE7","SB",2024-02-08,NA,NA,NA,NA,NA,NA,NA,NA,NA,NA,NA,2023,0.5
"3","1","V",NA,NA,NA,NA,NA,"<1","<1",1,"<0.5",NA,NA,NA,NA,"N",NA,NA,2023-08-08,"YOSE7","SB",2024-02-08,NA,NA,NA,NA,NA,NA,NA,NA,NA,NA,NA,2023,0.5
"3","1","V",NA,NA,NA,NA,NA,"<1","<1",1,"<0.5",NA,NA,NA,NA,"N",NA,NA,2023-08-08,"YOSE7","SB",2024-02-08,NA,NA,NA,NA,NA,NA,NA,NA,NA,NA,NA,2023,0.5
"3","1","V",NA,NA,NA,NA,NA,"<1","<1",1,"<0.5",NA,NA,NA,NA,"N",NA,NA,2023-08-08,"YOSE7","SB",2024-02-08,NA,NA,NA,NA,NA,NA,NA,NA,NA,NA,NA,2023,0.5
"3","1","V",NA,NA,NA,NA,NA,"<1","<1",1,"<0.5",NA,NA,NA,NA,"N",NA,NA,2023-08-08,"YOSE7","SB",2024-02-08,NA,NA,NA,NA,NA,NA,NA,NA,NA,NA,NA,2023,0.5
"3","1","V",NA,NA,NA,NA,NA,"<1","<1",1,"<0.5",NA,NA,NA,NA,"N",NA,NA,2023-08-08,"YOSE7","SB",2024-02-08,NA,NA,NA,NA,NA,NA,NA,NA,NA,NA,NA,2023,0.5
"3","1","V",NA,NA,NA,NA,NA,"<1","<1",1,"<0.5",NA,NA,NA,NA,"N",NA,NA,2023-08-08,"YOSE7","SB",2024-02-08,NA,NA,NA,NA,NA,NA,NA,NA,NA,NA,NA,2023,0.5
"3","1","V",NA,NA,NA,NA,NA,"<1","<1",1,"<0.5",NA,NA,NA,NA,"N",NA,NA,2023-08-08,"YOSE7","SB",2024-02-08,NA,NA,NA,NA,NA,NA,NA,NA,NA,NA,NA,2023,0.5
"3","1","V",NA,NA,NA,NA,NA,"<1","<1",1,"<0.5",NA,NA,NA,NA,"N",NA,NA,2023-08-08,"YOSE7","SB",2024-02-08,NA,NA,NA,NA,NA,NA,NA,NA,NA,NA,NA,2023,0.5
"3","1","V",NA,NA,NA,NA,NA,"<1","<1",1,"<0.5",NA,NA,NA,NA,"N",NA,NA,2023-08-08,"YOSE7","SB",2024-02-08,NA,NA,NA,NA,NA,NA,NA,NA,NA,NA,NA,2023,0.5
"3","1","V",NA,NA,NA,NA,NA,"<1","<1",1,"<0.5",NA,NA,NA,NA,"N",NA,NA,2023-08-08,"YOSE7","SB",2024-02-08,NA,NA,NA,NA,NA,NA,NA,NA,NA,NA,NA,2023,0.5
"3","1","V",NA,NA,NA,NA,NA,"<1","<1",1,"<0.5",NA,NA,NA,NA,"N",NA,NA,2023-08-08,"YOSE7","SB",2024-02-08,NA,NA,NA,NA,NA,NA,NA,NA,NA,NA,NA,2023,0.5
"3","1","V",NA,NA,NA,NA,NA,"<1","<1",1,"<0.5",NA,NA,NA,NA,"N",NA,NA,2023-08-08,"YOSE7","SB",2024-02-08,NA,NA,NA,NA,NA,NA,NA,NA,NA,NA,NA,2023,0.5
"3","1","V",NA,NA,NA,NA,NA,"<1","<1",1,"<0.5",NA,NA,NA,NA,"N",NA,NA,2023-08-08,"YOSE7","SB",2024-02-08,NA,NA,NA,NA,NA,NA,NA,NA,NA,NA,NA,2023,0.5
"3","1","V",NA,NA,NA,NA,NA,"<1","<1",1,"<0.5",NA,NA,NA,NA,"N",NA,NA,2023-08-08,"YOSE7","SB",2024-02-08,NA,NA,NA,NA,NA,NA,NA,NA,NA,NA,NA,2023,0.5
"3","1","V",NA,NA,NA,NA,NA,"<1","<1",1,"<0.5",NA,NA,NA,NA,"N",NA,NA,2023-08-08,"YOSE7","SB",2024-02-08,NA,NA,NA,NA,NA,NA,NA,NA,NA,NA,NA,2023,0.5
"3","1","V",NA,NA,NA,NA,NA,"<1","<1",1,"<0.5",NA,NA,NA,NA,"N",NA,NA,2023-08-08,"YOSE7","SB",2024-02-08,NA,NA,NA,NA,NA,NA,NA,NA,NA,NA,NA,2023,0.5
"3","1","V",NA,NA,NA,NA,NA,"<1","<1",1,"<0.5",NA,NA,NA,NA,"N",NA,NA,2023-08-08,"YOSE7","SB",2024-02-08,NA,NA,NA,NA,NA,NA,NA,NA,NA,NA,NA,2023,0.5
"3","1","V",NA,NA,NA,NA,NA,"<1","<1",1,"<0.5",NA,NA,NA,NA,"N",NA,NA,2023-08-08,"YOSE7","SB",2024-02-08,NA,NA,NA,NA,NA,NA,NA,NA,NA,NA,NA,2023,0.5
"3","1","V",NA,NA,NA,NA,NA,"<1","<1",1,"<0.5",NA,NA,NA,NA,"N",NA,NA,2023-08-08,"YOSE7","SB",2024-02-08,NA,NA,NA,NA,NA,NA,NA,NA,NA,NA,NA,2023,0.5
"3","1","V",NA,NA,NA,NA,NA,"<1","<1",1,"<0.5",NA,NA,NA,NA,"N",NA,NA,2023-08-08,"YOSE7","SB",2024-02-08,NA,NA,NA,NA,NA,NA,NA,NA,NA,NA,NA,2023,0.5
"3","1","V",NA,NA,NA,NA,NA,"<1","<1",1,"<0.5",NA,NA,NA,NA,"N",NA,NA,2023-08-08,"YOSE7","SB",2024-02-08,NA,NA,NA,NA,NA,NA,NA,NA,NA,NA,NA,2023,0.5
"3","1","V",NA,NA,NA,NA,NA,"<1","<1",1,"<0.5",NA,NA,NA,NA,"N",NA,NA,2023-08-08,"YOSE7","SB",2024-02-08,NA,NA,NA,NA,NA,NA,NA,NA,NA,NA,NA,2023,0.5
"3","1","V",NA,NA,NA,NA,NA,"<1","<1",1,"<0.5",NA,NA,NA,NA,"N",NA,NA,2023-08-08,"YOSE7","SB",2024-02-08,NA,NA,NA,NA,NA,NA,NA,NA,NA,NA,NA,2023,0.5
"3","1","V",NA,NA,NA,NA,NA,"<1","<1",1,"<0.5",NA,NA,NA,NA,"N",NA,NA,2023-08-08,"YOSE7","SB",2024-02-08,NA,NA,NA,NA,NA,NA,NA,NA,NA,NA,NA,2023,0.5
"3","1","V",NA,NA,NA,NA,NA,"<1","<1",1,"<0.5",NA,NA,NA,NA,"N",NA,NA,2023-08-08,"YOSE7","SB",2024-02-08,NA,NA,NA,NA,NA,NA,NA,NA,NA,NA,NA,2023,0.5
"3","1","V",NA,NA,NA,NA,NA,"<1","<1",1,"<0.5",NA,NA,NA,NA,"N",NA,NA,2023-08-08,"YOSE7","SB",2024-02-08,NA,NA,NA,NA,NA,NA,NA,NA,NA,NA,NA,2023,0.5
"3","1","V",NA,NA,NA,NA,NA,"<1","<1",1,"<0.5",NA,NA,NA,NA,"N",NA,NA,2023-08-08,"YOSE7","SB",2024-02-08,NA,NA,NA,NA,NA,NA,NA,NA,NA,NA,NA,2023,0.5
"3","1","V",NA,NA,NA,NA,NA,"<1","<1",1,"<0.5",NA,NA,NA,NA,"N",NA,NA,2023-08-08,"YOSE7","SB",2024-02-08,NA,NA,NA,NA,NA,NA,NA,NA,NA,NA,NA,2023,0.5
"3","1","V",NA,NA,NA,NA,NA,"<1","<1",1,"<0.5",NA,NA,NA,NA,"N",NA,NA,2023-08-08,"YOSE7","SB",2024-02-08,NA,NA,NA,NA,NA,NA,NA,NA,NA,NA,NA,2023,0.5
"3","1","V",NA,NA,NA,NA,NA,"<1","<1",1,"<0.5",NA,NA,NA,NA,"N",NA,NA,2023-08-08,"YOSE7","SB",2024-02-08,NA,NA,NA,NA,NA,NA,NA,NA,NA,NA,NA,2023,0.5
"3","1","V",NA,NA,NA,NA,NA,"<1","<1",1,"<0.5",NA,NA,NA,NA,"N",NA,NA,2023-08-08,"YOSE7","SB",2024-02-08,NA,NA,NA,NA,NA,NA,NA,NA,NA,NA,NA,2023,0.5
"3","1","V",NA,NA,NA,NA,NA,"<1","<1",1,"<0.5",NA,NA,NA,NA,"N",NA,NA,2023-08-08,"YOSE7","SB",2024-02-08,NA,NA,NA,NA,NA,NA,NA,NA,NA,NA,NA,2023,0.5
"3","1","V",NA,NA,NA,NA,NA,"<1","<1",1,"<0.5",NA,NA,NA,NA,"N",NA,NA,2023-08-08,"YOSE7","SB",2024-02-08,NA,NA,NA,NA,NA,NA,NA,NA,NA,NA,NA,2023,0.5
"3","1","V",NA,NA,NA,NA,NA,"<1","<1",1,"<0.5",NA,NA,NA,NA,"N",NA,NA,2023-08-08,"YOSE7","SB",2024-02-08,NA,NA,NA,NA,NA,NA,NA,NA,NA,NA,NA,2023,0.5
"3","1","V",NA,NA,NA,NA,NA,"<1","<1",1,"<0.5",NA,NA,NA,NA,"N",NA,NA,2023-08-08,"YOSE7","SB",2024-02-08,NA,NA,NA,NA,NA,NA,NA,NA,NA,NA,NA,2023,0.5
"3","1","V",NA,NA,NA,NA,NA,"<1","<1",1,"<0.5",NA,NA,NA,NA,"N",NA,NA,2023-08-08,"YOSE7","SB",2024-02-08,NA,NA,NA,NA,NA,NA,NA,NA,NA,NA,NA,2023,0.5
"3","1","V",NA,NA,NA,NA,NA,"<1","<1",1,"<0.5",NA,NA,NA,NA,"N",NA,NA,2023-08-08,"YOSE7","SB",2024-02-08,NA,NA,NA,NA,NA,NA,NA,NA,NA,NA,NA,2023,0.5
"3","1","V",NA,NA,NA,NA,NA,"<1","<1",1,"<0.5",NA,NA,NA,NA,"N",NA,NA,2023-08-08,"YOSE7","SB",2024-02-08,NA,NA,NA,NA,NA,NA,NA,NA,NA,NA,NA,2023,0.5
"3","1","V",NA,NA,NA,NA,NA,"<1","<1",1,"<0.5",NA,NA,NA,NA,"N",NA,NA,2023-08-08,"YOSE7","SB",2024-02-08,NA,NA,NA,NA,NA,NA,NA,NA,NA,NA,NA,2023,0.5
"3","1","V",NA,NA,NA,NA,NA,"<1","<1",1,"<0.5",NA,NA,NA,NA,"N",NA,NA,2023-08-08,"YOSE7","SB",2024-02-08,NA,NA,NA,NA,NA,NA,NA,NA,NA,NA,NA,2023,0.5
"3","1","V",NA,NA,NA,NA,NA,"<1","<1",1,"<0.5",NA,NA,NA,NA,"N",NA,NA,2023-08-08,"YOSE7","SB",2024-02-08,NA,NA,NA,NA,NA,NA,NA,NA,NA,NA,NA,2023,0.5
"3","1","V",NA,NA,NA,NA,NA,"<1","<1",1,"<0.5",NA,NA,NA,NA,"N",NA,NA,2023-08-08,"YOSE7","SB",2024-02-08,NA,NA,NA,NA,NA,NA,NA,NA,NA,NA,NA,2023,0.5
"3","1","V",NA,NA,NA,NA,NA,"<1","<1",1,"<0.5",NA,NA,NA,NA,"N",NA,NA,2023-08-08,"YOSE7","SB",2024-02-08,NA,NA,NA,NA,NA,NA,NA,NA,NA,NA,NA,2023,0.5
"3","1","V",NA,NA,NA,NA,NA,"<1","<1",1,"<0.5",NA,NA,NA,NA,"N",NA,NA,2023-08-08,"YOSE7","SB",2024-02-08,NA,NA,NA,NA,NA,NA,NA,NA,NA,NA,NA,2023,0.5
"3","1","V",NA,NA,NA,NA,NA,"<1","<1",1,"<0.5",NA,NA,NA,NA,"N",NA,NA,2023-08-08,"YOSE7","SB",2024-02-08,NA,NA,NA,NA,NA,NA,NA,NA,NA,NA,NA,2023,0.5
"3","1","V",NA,NA,NA,NA,NA,"<1","<1",1,"<0.5",NA,NA,NA,NA,"N",NA,NA,2023-08-08,"YOSE7","SB",2024-02-08,NA,NA,NA,NA,NA,NA,NA,NA,NA,NA,NA,2023,0.5
"3","1","V",NA,NA,NA,NA,NA,"<1","<1",1,"<0.5",NA,NA,NA,NA,"N",NA,NA,2023-08-08,"YOSE7","SB",2024-02-08,NA,NA,NA,NA,NA,NA,NA,NA,NA,NA,NA,2023,0.5
"3","1","V",NA,NA,NA,NA,NA,"<1","<1",1,"<0.5",NA,NA,NA,NA,"N",NA,NA,2023-08-08,"YOSE7","SB",2024-02-08,NA,NA,NA,NA,NA,NA,NA,NA,NA,NA,NA,2023,0.5
"3","1","V",NA,NA,NA,NA,NA,"<1","<1",1,"<0.5",NA,NA,NA,NA,"N",NA,NA,2023-08-08,"YOSE7","SB",2024-02-08,NA,NA,NA,NA,NA,NA,NA,NA,NA,NA,NA,2023,0.5
"3","1","V",NA,NA,NA,NA,NA,"<1","<1",1,"<0.5",NA,NA,NA,NA,"N",NA,NA,2023-08-08,"YOSE7","SB",2024-02-08,NA,NA,NA,NA,NA,NA,NA,NA,NA,NA,NA,2023,0.5
"3","1","V",NA,NA,NA,NA,NA,"<1","<1",1,"<0.5",NA,NA,NA,NA,"N",NA,NA,2023-08-08,"YOSE7","SB",2024-02-08,NA,NA,NA,NA,NA,NA,NA,NA,NA,NA,NA,2023,0.5
"3","1","V",NA,NA,NA,NA,NA,"<1","<1",1,"<0.5",NA,NA,NA,NA,"N",NA,NA,2023-08-08,"YOSE7","SB",2024-02-08,NA,NA,NA,NA,NA,NA,NA,NA,NA,NA,NA,2023,0.5
"3","1","V",NA,NA,NA,NA,NA,"<1","<1",1,"<0.5",NA,NA,NA,NA,"N",NA,NA,2023-08-08,"YOSE7","SB",2024-02-08,NA,NA,NA,NA,NA,NA,NA,NA,NA,NA,NA,2023,0.5
"3","1","V",NA,NA,NA,NA,NA,"<1","<1",1,"<0.5",NA,NA,NA,NA,"N",NA,NA,2023-08-08,"YOSE7","SB",2024-02-08,NA,NA,NA,NA,NA,NA,NA,NA,NA,NA,NA,2023,0.5
"3","1","V",NA,NA,NA,NA,NA,"<1","<1",1,"<0.5",NA,NA,NA,NA,"N",NA,NA,2023-08-08,"YOSE7","SB",2024-02-08,NA,NA,NA,NA,NA,NA,NA,NA,NA,NA,NA,2023,0.5
"3","1","V",NA,NA,NA,NA,NA,"<1","<1",1,"<0.5",NA,NA,NA,NA,"N",NA,NA,2023-08-08,"YOSE7","SB",2024-02-08,NA,NA,NA,NA,NA,NA,NA,NA,NA,NA,NA,2023,0.5
"3","1","V",NA,NA,NA,NA,NA,"<1","<1",1,"<0.5",NA,NA,NA,NA,"N",NA,NA,2023-08-08,"YOSE7","SB",2024-02-08,NA,NA,NA,NA,NA,NA,NA,NA,NA,NA,NA,2023,0.5
"3","1","V",NA,NA,NA,NA,NA,"<1","<1",1,"<0.5",NA,NA,NA,NA,"N",NA,NA,2023-08-08,"YOSE7","SB",2024-02-08,NA,NA,NA,NA,NA,NA,NA,NA,NA,NA,NA,2023,0.5
"3","1","V",NA,NA,NA,NA,NA,"<1","<1",1,"<0.5",NA,NA,NA,NA,"N",NA,NA,2023-08-08,"YOSE7","SB",2024-02-08,NA,NA,NA,NA,NA,NA,NA,NA,NA,NA,NA,2023,0.5
"3","1","V",NA,NA,NA,NA,NA,"<1","<1",1,"<0.5",NA,NA,NA,NA,"N",NA,NA,2023-08-08,"YOSE7","SB",2024-02-08,NA,NA,NA,NA,NA,NA,NA,NA,NA,NA,NA,2023,0.5
"3","1","V",NA,NA,NA,NA,NA,"<1","<1",1,"<0.5",NA,NA,NA,NA,"N",NA,NA,2023-08-08,"YOSE7","SB",2024-02-08,NA,NA,NA,NA,NA,NA,NA,NA,NA,NA,NA,2023,0.5
"3","1","V",NA,NA,NA,NA,NA,"<1","<1",1,"<0.5",NA,NA,NA,NA,"N",NA,NA,2023-08-08,"YOSE7","SB",2024-02-08,NA,NA,NA,NA,NA,NA,NA,NA,NA,NA,NA,2023,0.5
"3","1","V",NA,NA,NA,NA,NA,"<1","<1",1,"<0.5",NA,NA,NA,NA,"N",NA,NA,2023-08-08,"YOSE7","SB",2024-02-08,NA,NA,NA,NA,NA,NA,NA,NA,NA,NA,NA,2023,0.5
"3","1","V",NA,NA,NA,NA,NA,"<1","<1",1,"<0.5",NA,NA,NA,NA,"N",NA,NA,2023-08-08,"YOSE7","SB",2024-02-08,NA,NA,NA,NA,NA,NA,NA,NA,NA,NA,NA,2023,0.5
"3","1","V",NA,NA,NA,NA,NA,"<1","<1",1,"<0.5",NA,NA,NA,NA,"N",NA,NA,2023-08-08,"YOSE7","SB",2024-02-08,NA,NA,NA,NA,NA,NA,NA,NA,NA,NA,NA,2023,0.5
"3","1","V",NA,NA,NA,NA,NA,"<1","<1",1,"<0.5",NA,NA,NA,NA,"N",NA,NA,2023-08-08,"YOSE7","SB",2024-02-08,NA,NA,NA,NA,NA,NA,NA,NA,NA,NA,NA,2023,0.5
"3","1","V",NA,NA,NA,NA,NA,"<1","<1",1,"<0.5",NA,NA,NA,NA,"N",NA,NA,2023-08-08,"YOSE7","SB",2024-02-08,NA,NA,NA,NA,NA,NA,NA,NA,NA,NA,NA,2023,0.5
"3","1","V",NA,NA,NA,NA,NA,"<1","<1",1,"<0.5",NA,NA,NA,NA,"N",NA,NA,2023-08-08,"YOSE7","SB",2024-02-08,NA,NA,NA,NA,NA,NA,NA,NA,NA,NA,NA,2023,0.5
"3","1","V",NA,NA,NA,NA,NA,"<1","<1",1,"<0.5",NA,NA,NA,NA,"N",NA,NA,2023-08-08,"YOSE7","SB",2024-02-08,NA,NA,NA,NA,NA,NA,NA,NA,NA,NA,NA,2023,0.5
"3","1","V",NA,NA,NA,NA,NA,"<1","<1",1,"<0.5",NA,NA,NA,NA,"N",NA,NA,2023-08-08,"YOSE7","SB",2024-02-08,NA,NA,NA,NA,NA,NA,NA,NA,NA,NA,NA,2023,0.5
"3","1","V",NA,NA,NA,NA,NA,"<1","<1",1,"<0.5",NA,NA,NA,NA,"N",NA,NA,2023-08-08,"YOSE7","SB",2024-02-08,NA,NA,NA,NA,NA,NA,NA,NA,NA,NA,NA,2023,0.5
"3","1","V",NA,NA,NA,NA,NA,"<1","<1",1,"<0.5",NA,NA,NA,NA,"N",NA,NA,2023-08-08,"YOSE7","SB",2024-02-08,NA,NA,NA,NA,NA,NA,NA,NA,NA,NA,NA,2023,0.5
"3","1","V",NA,NA,NA,NA,NA,"<1","<1",1,"<0.5",NA,NA,NA,NA,"N",NA,NA,2023-08-08,"YOSE7","SB",2024-02-08,NA,NA,NA,NA,NA,NA,NA,NA,NA,NA,NA,2023,0.5
"3","1","V",NA,NA,NA,NA,NA,"<1","<1",1,"<0.5",NA,NA,NA,NA,"N",NA,NA,2023-08-08,"YOSE7","SB",2024-02-08,NA,NA,NA,NA,NA,NA,NA,NA,NA,NA,NA,2023,0.5
"3","1","V",NA,NA,NA,NA,NA,"<1","<1",1,"<0.5",NA,NA,NA,NA,"N",NA,NA,2023-08-08,"YOSE7","SB",2024-02-08,NA,NA,NA,NA,NA,NA,NA,NA,NA,NA,NA,2023,0.5
"3","1","V",NA,NA,NA,NA,NA,"<1","<1",1,"<0.5",NA,NA,NA,NA,"N",NA,NA,2023-08-08,"YOSE7","SB",2024-02-08,NA,NA,NA,NA,NA,NA,NA,NA,NA,NA,NA,2023,0.5
"3","1","V",NA,NA,NA,NA,NA,"<1","<1",1,"<0.5",NA,NA,NA,NA,"N",NA,NA,2023-08-08,"YOSE7","SB",2024-02-08,NA,NA,NA,NA,NA,NA,NA,NA,NA,NA,NA,2023,0.5
"3","1","V",NA,NA,NA,NA,NA,"<1","<1",1,"<0.5",NA,NA,NA,NA,"N",NA,NA,2023-08-08,"YOSE7","SB",2024-02-08,NA,NA,NA,NA,NA,NA,NA,NA,NA,NA,NA,2023,0.5
"3","1","V",NA,NA,NA,NA,NA,"<1","<1",1,"<0.5",NA,NA,NA,NA,"N",NA,NA,2023-08-08,"YOSE7","SB",2024-02-08,NA,NA,NA,NA,NA,NA,NA,NA,NA,NA,NA,2023,0.5
"3","1","V",NA,NA,NA,NA,NA,"<1","<1",1,"<0.5",NA,NA,NA,NA,"N",NA,NA,2023-08-08,"YOSE7","SB",2024-02-08,NA,NA,NA,NA,NA,NA,NA,NA,NA,NA,NA,2023,0.5
"3","1","V",NA,NA,NA,NA,NA,"<1","<1",1,"<0.5",NA,NA,NA,NA,"N",NA,NA,2023-08-08,"YOSE7","SB",2024-02-08,NA,NA,NA,NA,NA,NA,NA,NA,NA,NA,NA,2023,0.5
"3","1","V",NA,NA,NA,NA,NA,"<1","<1",1,"<0.5",NA,NA,NA,NA,"N",NA,NA,2023-08-08,"YOSE7","SB",2024-02-08,NA,NA,NA,NA,NA,NA,NA,NA,NA,NA,NA,2023,0.5
"3","1","V",NA,NA,NA,NA,NA,"<1","<1",1,"<0.5",NA,NA,NA,NA,"N",NA,NA,2023-08-08,"YOSE7","SB",2024-02-08,NA,NA,NA,NA,NA,NA,NA,NA,NA,NA,NA,2023,0.5
"3","1","V",NA,NA,NA,NA,NA,"<1","<1",1,"<0.5",NA,NA,NA,NA,"N",NA,NA,2023-08-08,"YOSE7","SB",2024-02-08,NA,NA,NA,NA,NA,NA,NA,NA,NA,NA,NA,2023,0.5
"3","1","V",NA,NA,NA,NA,NA,"<1","<1",1,"<0.5",NA,NA,NA,NA,"N",NA,NA,2023-08-08,"YOSE7","SB",2024-02-08,NA,NA,NA,NA,NA,NA,NA,NA,NA,NA,NA,2023,0.5
"3","1","V",NA,NA,NA,NA,NA,"<1","<1",1,"<0.5",NA,NA,NA,NA,"N",NA,NA,2023-08-08,"YOSE7","SB",2024-02-08,NA,NA,NA,NA,NA,NA,NA,NA,NA,NA,NA,2023,0.5
"3","1","V",NA,NA,NA,NA,NA,"<1","<1",1,"<0.5",NA,NA,NA,NA,"N",NA,NA,2023-08-08,"YOSE7","SB",2024-02-08,NA,NA,NA,NA,NA,NA,NA,NA,NA,NA,NA,2023,0.5
"3","1","V",NA,NA,NA,NA,NA,"<1","<1",1,"<0.5",NA,NA,NA,NA,"N",NA,NA,2023-08-08,"YOSE7","SB",2024-02-08,NA,NA,NA,NA,NA,NA,NA,NA,NA,NA,NA,2023,0.5
"3","1","V",NA,NA,NA,NA,NA,"<1","<1",1,"<0.5",NA,NA,NA,NA,"N",NA,NA,2023-08-08,"YOSE7","SB",2024-02-08,NA,NA,NA,NA,NA,NA,NA,NA,NA,NA,NA,2023,0.5
"3","1","V",NA,NA,NA,NA,NA,"<1","<1",1,"<0.5",NA,NA,NA,NA,"N",NA,NA,2023-08-08,"YOSE7","SB",2024-02-08,NA,NA,NA,NA,NA,NA,NA,NA,NA,NA,NA,2023,0.5
"3","1","V",NA,NA,NA,NA,NA,"<1","<1",1,"<0.5",NA,NA,NA,NA,"N",NA,NA,2023-08-08,"YOSE7","SB",2024-02-08,NA,NA,NA,NA,NA,NA,NA,NA,NA,NA,NA,2023,0.5
"3","1","V",NA,NA,NA,NA,NA,"<1","<1",1,"<0.5",NA,NA,NA,NA,"N",NA,NA,2023-08-08,"YOSE7","SB",2024-02-08,NA,NA,NA,NA,NA,NA,NA,NA,NA,NA,NA,2023,0.5
"3","1","V",NA,NA,NA,NA,NA,"<1","<1",1,"<0.5",NA,NA,NA,NA,"N",NA,NA,2023-08-08,"YOSE7","SB",2024-02-08,NA,NA,NA,NA,NA,NA,NA,NA,NA,NA,NA,2023,0.5
"3","1","V",NA,NA,NA,NA,NA,"<1","<1",1,"<0.5",NA,NA,NA,NA,"N",NA,NA,2023-08-08,"YOSE7","SB",2024-02-08,NA,NA,NA,NA,NA,NA,NA,NA,NA,NA,NA,2023,0.5
"3","1","V",NA,NA,NA,NA,NA,"<1","<1",1,"<0.5",NA,NA,NA,NA,"N",NA,NA,2023-08-08,"YOSE7","SB",2024-02-08,NA,NA,NA,NA,NA,NA,NA,NA,NA,NA,NA,2023,0.5
"3","1","V",NA,NA,NA,NA,NA,"<1","<1",1,"<0.5",NA,NA,NA,NA,"N",NA,NA,2023-08-08,"YOSE7","SB",2024-02-08,NA,NA,NA,NA,NA,NA,NA,NA,NA,NA,NA,2023,0.5
"3","1","V",NA,NA,NA,NA,NA,"<1","<1",1,"<0.5",NA,NA,NA,NA,"N",NA,NA,2023-08-08,"YOSE7","SB",2024-02-08,NA,NA,NA,NA,NA,NA,NA,NA,NA,NA,NA,2023,0.5
"3","1","V",NA,NA,NA,NA,NA,"<1","<1",1,"<0.5",NA,NA,NA,NA,"N",NA,NA,2023-08-08,"YOSE7","SB",2024-02-08,NA,NA,NA,NA,NA,NA,NA,NA,NA,NA,NA,2023,0.5
"3","1","V",NA,NA,NA,NA,NA,"<1","<1",1,"<0.5",NA,NA,NA,NA,"N",NA,NA,2023-08-08,"YOSE7","SB",2024-02-08,NA,NA,NA,NA,NA,NA,NA,NA,NA,NA,NA,2023,0.5
"3","1","V",NA,NA,NA,NA,NA,"<1","<1",1,"<0.5",NA,NA,NA,NA,"N",NA,NA,2023-08-08,"YOSE7","SB",2024-02-08,NA,NA,NA,NA,NA,NA,NA,NA,NA,NA,NA,2023,0.5
"3","1","V",NA,NA,NA,NA,NA,"<1","<1",1,"<0.5",NA,NA,NA,NA,"N",NA,NA,2023-08-08,"YOSE7","SB",2024-02-08,NA,NA,NA,NA,NA,NA,NA,NA,NA,NA,NA,2023,0.5
"3","1","V",NA,NA,NA,NA,NA,"<1","<1",1,"<0.5",NA,NA,NA,NA,"N",NA,NA,2023-08-08,"YOSE7","SB",2024-02-08,NA,NA,NA,NA,NA,NA,NA,NA,NA,NA,NA,2023,0.5
"3","1","V",NA,NA,NA,NA,NA,"<1","<1",1,"<0.5",NA,NA,NA,NA,"N",NA,NA,2023-08-08,"YOSE7","SB",2024-02-08,NA,NA,NA,NA,NA,NA,NA,NA,NA,NA,NA,2023,0.5
"3","1","V",NA,NA,NA,NA,NA,"<1","<1",1,"<0.5",NA,NA,NA,NA,"N",NA,NA,2023-08-08,"YOSE7","SB",2024-02-08,NA,NA,NA,NA,NA,NA,NA,NA,NA,NA,NA,2023,0.5
"3","1","V",NA,NA,NA,NA,NA,"<1","<1",1,"<0.5",NA,NA,NA,NA,"N",NA,NA,2023-08-08,"YOSE7","SB",2024-02-08,NA,NA,NA,NA,NA,NA,NA,NA,NA,NA,NA,2023,0.5
"3","1","V",NA,NA,NA,NA,NA,"<1","<1",1,"<0.5",NA,NA,NA,NA,"N",NA,NA,2023-08-08,"YOSE7","SB",2024-02-08,NA,NA,NA,NA,NA,NA,NA,NA,NA,NA,NA,2023,0.5
"3","1","V",NA,NA,NA,NA,NA,"<1","<1",1,"<0.5",NA,NA,NA,NA,"N",NA,NA,2023-08-08,"YOSE7","SB",2024-02-08,NA,NA,NA,NA,NA,NA,NA,NA,NA,NA,NA,2023,0.5
"3","1","V",NA,NA,NA,NA,NA,"<1","<1",1,"<0.5",NA,NA,NA,NA,"N",NA,NA,2023-08-08,"YOSE7","SB",2024-02-08,NA,NA,NA,NA,NA,NA,NA,NA,NA,NA,NA,2023,0.5
"3","1","V",NA,NA,NA,NA,NA,"<1","<1",1,"<0.5",NA,NA,NA,NA,"N",NA,NA,2023-08-08,"YOSE7","SB",2024-02-08,NA,NA,NA,NA,NA,NA,NA,NA,NA,NA,NA,2023,0.5
"3","1","V",NA,NA,NA,NA,NA,"<1","<1",1,"<0.5",NA,NA,NA,NA,"N",NA,NA,2023-08-08,"YOSE7","SB",2024-02-08,NA,NA,NA,NA,NA,NA,NA,NA,NA,NA,NA,2023,0.5
"3","1","V",NA,NA,NA,NA,NA,"<1","<1",1,"<0.5",NA,NA,NA,NA,"N",NA,NA,2023-08-08,"YOSE7","SB",2024-02-08,NA,NA,NA,NA,NA,NA,NA,NA,NA,NA,NA,2023,0.5
"3","1","V",NA,NA,NA,NA,NA,"<1","<1",1,"<0.5",NA,NA,NA,NA,"N",NA,NA,2023-08-08,"YOSE7","SB",2024-02-08,NA,NA,NA,NA,NA,NA,NA,NA,NA,NA,NA,2023,0.5
"3","1","V",NA,NA,NA,NA,NA,"<1","<1",1,"<0.5",NA,NA,NA,NA,"N",NA,NA,2023-08-08,"YOSE7","SB",2024-02-08,NA,NA,NA,NA,NA,NA,NA,NA,NA,NA,NA,2023,0.5
"3","1","V",NA,NA,NA,NA,NA,"<1","<1",1,"<0.5",NA,NA,NA,NA,"N",NA,NA,2023-08-08,"YOSE7","SB",2024-02-08,NA,NA,NA,NA,NA,NA,NA,NA,NA,NA,NA,2023,0.5
"3","1","V",NA,NA,NA,NA,NA,"<1","<1",1,"<0.5",NA,NA,NA,NA,"N",NA,NA,2023-08-08,"YOSE7","SB",2024-02-08,NA,NA,NA,NA,NA,NA,NA,NA,NA,NA,NA,2023,0.5
"3","1","V",NA,NA,NA,NA,NA,"<1","<1",1,"<0.5",NA,NA,NA,NA,"N",NA,NA,2023-08-08,"YOSE7","SB",2024-02-08,NA,NA,NA,NA,NA,NA,NA,NA,NA,NA,NA,2023,0.5
"3","1","V",NA,NA,NA,NA,NA,"<1","<1",1,"<0.5",NA,NA,NA,NA,"N",NA,NA,2023-08-08,"YOSE7","SB",2024-02-08,NA,NA,NA,NA,NA,NA,NA,NA,NA,NA,NA,2023,0.5
"3","1","V",NA,NA,NA,NA,NA,"<1","<1",1,"<0.5",NA,NA,NA,NA,"N",NA,NA,2023-08-08,"YOSE7","SB",2024-02-08,NA,NA,NA,NA,NA,NA,NA,NA,NA,NA,NA,2023,0.5
"3","1","V",NA,NA,NA,NA,NA,"<1","<1",1,"<0.5",NA,NA,NA,NA,"N",NA,NA,2023-08-08,"YOSE7","SB",2024-02-08,NA,NA,NA,NA,NA,NA,NA,NA,NA,NA,NA,2023,0.5
"3","1","V",NA,NA,NA,NA,NA,"<1","<1",1,"<0.5",NA,NA,NA,NA,"N",NA,NA,2023-08-08,"YOSE7","SB",2024-02-08,NA,NA,NA,NA,NA,NA,NA,NA,NA,NA,NA,2023,0.5
"3","1","V",NA,NA,NA,NA,NA,"<1","<1",1,"<0.5",NA,NA,NA,NA,"N",NA,NA,2023-08-08,"YOSE7","SB",2024-02-08,NA,NA,NA,NA,NA,NA,NA,NA,NA,NA,NA,2023,0.5
"3","1","V",NA,NA,NA,NA,NA,"<1","<1",1,"<0.5",NA,NA,NA,NA,"N",NA,NA,2023-08-08,"YOSE7","SB",2024-02-08,NA,NA,NA,NA,NA,NA,NA,NA,NA,NA,NA,2023,0.5
"3","1","V",NA,NA,NA,NA,NA,"<1","<1",1,"<0.5",NA,NA,NA,NA,"N",NA,NA,2023-08-08,"YOSE7","SB",2024-02-08,NA,NA,NA,NA,NA,NA,NA,NA,NA,NA,NA,2023,0.5
"3","1","V",NA,NA,NA,NA,NA,"<1","<1",1,"<0.5",NA,NA,NA,NA,"N",NA,NA,2023-08-08,"YOSE7","SB",2024-02-08,NA,NA,NA,NA,NA,NA,NA,NA,NA,NA,NA,2023,0.5
"3","1","V",NA,NA,NA,NA,NA,"<1","<1",1,"<0.5",NA,NA,NA,NA,"N",NA,NA,2023-08-08,"YOSE7","SB",2024-02-08,NA,NA,NA,NA,NA,NA,NA,NA,NA,NA,NA,2023,0.5
"3","1","V",NA,NA,NA,NA,NA,"<1","<1",1,"<0.5",NA,NA,NA,NA,"N",NA,NA,2023-08-08,"YOSE7","SB",2024-02-08,NA,NA,NA,NA,NA,NA,NA,NA,NA,NA,NA,2023,0.5
"3","1","V",NA,NA,NA,NA,NA,"<1","<1",1,"<0.5",NA,NA,NA,NA,"N",NA,NA,2023-08-08,"YOSE7","SB",2024-02-08,NA,NA,NA,NA,NA,NA,NA,NA,NA,NA,NA,2023,0.5
"3","1","V",NA,NA,NA,NA,NA,"<1","<1",1,"<0.5",NA,NA,NA,NA,"N",NA,NA,2023-08-08,"YOSE7","SB",2024-02-08,NA,NA,NA,NA,NA,NA,NA,NA,NA,NA,NA,2023,0.5
"3","1","V",NA,NA,NA,NA,NA,"<1","<1",1,"<0.5",NA,NA,NA,NA,"N",NA,NA,2023-08-08,"YOSE7","SB",2024-02-08,NA,NA,NA,NA,NA,NA,NA,NA,NA,NA,NA,2023,0.5
"3","1","V",NA,NA,NA,NA,NA,"<1","<1",1,"<0.5",NA,NA,NA,NA,"N",NA,NA,2023-08-08,"YOSE7","SB",2024-02-08,NA,NA,NA,NA,NA,NA,NA,NA,NA,NA,NA,2023,0.5
"3","1","V",NA,NA,NA,NA,NA,"<1","<1",1,"<0.5",NA,NA,NA,NA,"N",NA,NA,2023-08-08,"YOSE7","SB",2024-02-08,NA,NA,NA,NA,NA,NA,NA,NA,NA,NA,NA,2023,0.5
"3","1","V",NA,NA,NA,NA,NA,"<1","<1",1,"<0.5",NA,NA,NA,NA,"N",NA,NA,2023-08-08,"YOSE7","SB",2024-02-08,NA,NA,NA,NA,NA,NA,NA,NA,NA,NA,NA,2023,0.5
"3","1","V",NA,NA,NA,NA,NA,"<1","<1",1,"<0.5",NA,NA,NA,NA,"N",NA,NA,2023-08-08,"YOSE7","SB",2024-02-08,NA,NA,NA,NA,NA,NA,NA,NA,NA,NA,NA,2023,0.5
"3","1","V",NA,NA,NA,NA,NA,"<1","<1",1,"<0.5",NA,NA,NA,NA,"N",NA,NA,2023-08-08,"YOSE7","SB",2024-02-08,NA,NA,NA,NA,NA,NA,NA,NA,NA,NA,NA,2023,0.5
"3","1","V",NA,NA,NA,NA,NA,"<1","<1",1,"<0.5",NA,NA,NA,NA,"N",NA,NA,2023-08-08,"YOSE7","SB",2024-02-08,NA,NA,NA,NA,NA,NA,NA,NA,NA,NA,NA,2023,0.5
"3","1","V",NA,NA,NA,NA,NA,"<1","<1",1,"<0.5",NA,NA,NA,NA,"N",NA,NA,2023-08-08,"YOSE7","SB",2024-02-08,NA,NA,NA,NA,NA,NA,NA,NA,NA,NA,NA,2023,0.5
"3","1","V",NA,NA,NA,NA,NA,"<1","<1",1,"<0.5",NA,NA,NA,NA,"N",NA,NA,2023-08-08,"YOSE7","SB",2024-02-08,NA,NA,NA,NA,NA,NA,NA,NA,NA,NA,NA,2023,0.5
"3","1","V",NA,NA,NA,NA,NA,"<1","<1",1,"<0.5",NA,NA,NA,NA,"N",NA,NA,2023-08-08,"YOSE7","SB",2024-02-08,NA,NA,NA,NA,NA,NA,NA,NA,NA,NA,NA,2023,0.5
"3","1","V",NA,NA,NA,NA,NA,"<1","<1",1,"<0.5",NA,NA,NA,NA,"N",NA,NA,2023-08-08,"YOSE7","SB",2024-02-08,NA,NA,NA,NA,NA,NA,NA,NA,NA,NA,NA,2023,0.5
"3","1","V",NA,NA,NA,NA,NA,"<1","<1",1,"<0.5",NA,NA,NA,NA,"N",NA,NA,2023-08-08,"YOSE7","SB",2024-02-08,NA,NA,NA,NA,NA,NA,NA,NA,NA,NA,NA,2023,0.5
"3","1","V",NA,NA,NA,NA,NA,"<1","<1",1,"<0.5",NA,NA,NA,NA,"N",NA,NA,2023-08-08,"YOSE7","SB",2024-02-08,NA,NA,NA,NA,NA,NA,NA,NA,NA,NA,NA,2023,0.5
"3","1","V",NA,NA,NA,NA,NA,"<1","<1",1,"<0.5",NA,NA,NA,NA,"N",NA,NA,2023-08-08,"YOSE7","SB",2024-02-08,NA,NA,NA,NA,NA,NA,NA,NA,NA,NA,NA,2023,0.5
"3","1","V",NA,NA,NA,NA,NA,"<1","<1",1,"<0.5",NA,NA,NA,NA,"N",NA,NA,2023-08-08,"YOSE7","SB",2024-02-08,NA,NA,NA,NA,NA,NA,NA,NA,NA,NA,NA,2023,0.5
"3","1","V",NA,NA,NA,NA,NA,"<1","<1",1,"<0.5",NA,NA,NA,NA,"N",NA,NA,2023-08-08,"YOSE7","SB",2024-02-08,NA,NA,NA,NA,NA,NA,NA,NA,NA,NA,NA,2023,0.5
"3","1","V",NA,NA,NA,NA,NA,"<1","<1",1,"<0.5",NA,NA,NA,NA,"N",NA,NA,2023-08-08,"YOSE7","SB",2024-02-08,NA,NA,NA,NA,NA,NA,NA,NA,NA,NA,NA,2023,0.5
"3","1","V",NA,NA,NA,NA,NA,"<1","<1",1,"<0.5",NA,NA,NA,NA,"N",NA,NA,2023-08-08,"YOSE7","SB",2024-02-08,NA,NA,NA,NA,NA,NA,NA,NA,NA,NA,NA,2023,0.5
"3","1","V",NA,NA,NA,NA,NA,"<1","<1",1,"<0.5",NA,NA,NA,NA,"N",NA,NA,2023-08-08,"YOSE7","SB",2024-02-08,NA,NA,NA,NA,NA,NA,NA,NA,NA,NA,NA,2023,0.5
"3","1","V",NA,NA,NA,NA,NA,"<1","<1",1,"<0.5",NA,NA,NA,NA,"N",NA,NA,2023-08-08,"YOSE7","SB",2024-02-08,NA,NA,NA,NA,NA,NA,NA,NA,NA,NA,NA,2023,0.5
"3","1","V",NA,NA,NA,NA,NA,"<1","<1",1,"<0.5",NA,NA,NA,NA,"N",NA,NA,2023-08-08,"YOSE7","SB",2024-02-08,NA,NA,NA,NA,NA,NA,NA,NA,NA,NA,NA,2023,0.5
"3","1","V",NA,NA,NA,NA,NA,"<1","<1",1,"<0.5",NA,NA,NA,NA,"N",NA,NA,2023-08-08,"YOSE7","SB",2024-02-08,NA,NA,NA,NA,NA,NA,NA,NA,NA,NA,NA,2023,0.5
"3","1","V",NA,NA,NA,NA,NA,"<1","<1",1,"<0.5",NA,NA,NA,NA,"N",NA,NA,2023-08-08,"YOSE7","SB",2024-02-08,NA,NA,NA,NA,NA,NA,NA,NA,NA,NA,NA,2023,0.5
"3","1","V",NA,NA,NA,NA,NA,"<1","<1",1,"<0.5",NA,NA,NA,NA,"N",NA,NA,2023-08-08,"YOSE7","SB",2024-02-08,NA,NA,NA,NA,NA,NA,NA,NA,NA,NA,NA,2023,0.5
"3","1","V",NA,NA,NA,NA,NA,"<1","<1",1,"<0.5",NA,NA,NA,NA,"N",NA,NA,2023-08-08,"YOSE7","SB",2024-02-08,NA,NA,NA,NA,NA,NA,NA,NA,NA,NA,NA,2023,0.5
"3","1","V",NA,NA,NA,NA,NA,"<1","<1",1,"<0.5",NA,NA,NA,NA,"N",NA,NA,2023-08-08,"YOSE7","SB",2024-02-08,NA,NA,NA,NA,NA,NA,NA,NA,NA,NA,NA,2023,0.5
"3","1","V",NA,NA,NA,NA,NA,"<1","<1",1,"<0.5",NA,NA,NA,NA,"N",NA,NA,2023-08-08,"YOSE7","SB",2024-02-08,NA,NA,NA,NA,NA,NA,NA,NA,NA,NA,NA,2023,0.5
"3","1","V",NA,NA,NA,NA,NA,"<1","<1",1,"<0.5",NA,NA,NA,NA,"N",NA,NA,2023-08-08,"YOSE7","SB",2024-02-08,NA,NA,NA,NA,NA,NA,NA,NA,NA,NA,NA,2023,0.5
"3","1","V",NA,NA,NA,NA,NA,"<1","<1",1,"<0.5",NA,NA,NA,NA,"N",NA,NA,2023-08-08,"YOSE7","SB",2024-02-08,NA,NA,NA,NA,NA,NA,NA,NA,NA,NA,NA,2023,0.5
"3","1","V",NA,NA,NA,NA,NA,"<1","<1",1,"<0.5",NA,NA,NA,NA,"N",NA,NA,2023-08-08,"YOSE7","SB",2024-02-08,NA,NA,NA,NA,NA,NA,NA,NA,NA,NA,NA,2023,0.5
"3","1","V",NA,NA,NA,NA,NA,"<1","<1",1,"<0.5",NA,NA,NA,NA,"N",NA,NA,2023-08-08,"YOSE7","SB",2024-02-08,NA,NA,NA,NA,NA,NA,NA,NA,NA,NA,NA,2023,0.5
"3","1","V",NA,NA,NA,NA,NA,"<1","<1",1,"<0.5",NA,NA,NA,NA,"N",NA,NA,2023-08-08,"YOSE7","SB",2024-02-08,NA,NA,NA,NA,NA,NA,NA,NA,NA,NA,NA,2023,0.5
"3","1","V",NA,NA,NA,NA,NA,"<1","<1",1,"<0.5",NA,NA,NA,NA,"N",NA,NA,2023-08-08,"YOSE7","SB",2024-02-08,NA,NA,NA,NA,NA,NA,NA,NA,NA,NA,NA,2023,0.5
"3","1","V",NA,NA,NA,NA,NA,"<1","<1",1,"<0.5",NA,NA,NA,NA,"N",NA,NA,2023-08-08,"YOSE7","SB",2024-02-08,NA,NA,NA,NA,NA,NA,NA,NA,NA,NA,NA,2023,0.5
"3","1","V",NA,NA,NA,NA,NA,"<1","<1",1,"<0.5",NA,NA,NA,NA,"N",NA,NA,2023-08-08,"YOSE7","SB",2024-02-08,NA,NA,NA,NA,NA,NA,NA,NA,NA,NA,NA,2023,0.5
"3","1","V",NA,NA,NA,NA,NA,"<1","<1",1,"<0.5",NA,NA,NA,NA,"N",NA,NA,2023-08-08,"YOSE7","SB",2024-02-08,NA,NA,NA,NA,NA,NA,NA,NA,NA,NA,NA,2023,0.5
"3","1","V",NA,NA,NA,NA,NA,"<1","<1",1,"<0.5",NA,NA,NA,NA,"N",NA,NA,2023-08-08,"YOSE7","SB",2024-02-08,NA,NA,NA,NA,NA,NA,NA,NA,NA,NA,NA,2023,0.5
"3","1","V",NA,NA,NA,NA,NA,"<1","<1",1,"<0.5",NA,NA,NA,NA,"N",NA,NA,2023-08-08,"YOSE7","SB",2024-02-08,NA,NA,NA,NA,NA,NA,NA,NA,NA,NA,NA,2023,0.5
"3","1","V",NA,NA,NA,NA,NA,"<1","<1",1,"<0.5",NA,NA,NA,NA,"N",NA,NA,2023-08-08,"YOSE7","SB",2024-02-08,NA,NA,NA,NA,NA,NA,NA,NA,NA,NA,NA,2023,0.5
"3","1","V",NA,NA,NA,NA,NA,"<1","<1",1,"<0.5",NA,NA,NA,NA,"N",NA,NA,2023-08-08,"YOSE7","SB",2024-02-08,NA,NA,NA,NA,NA,NA,NA,NA,NA,NA,NA,2023,0.5
"3","1","V",NA,NA,NA,NA,NA,"<1","<1",1,"<0.5",NA,NA,NA,NA,"N",NA,NA,2023-08-08,"YOSE7","SB",2024-02-08,NA,NA,NA,NA,NA,NA,NA,NA,NA,NA,NA,2023,0.5
"3","1","V",NA,NA,NA,NA,NA,"<1","<1",1,"<0.5",NA,NA,NA,NA,"N",NA,NA,2023-08-08,"YOSE7","SB",2024-02-08,NA,NA,NA,NA,NA,NA,NA,NA,NA,NA,NA,2023,0.5
"3","1","V",NA,NA,NA,NA,NA,"<1","<1",1,"<0.5",NA,NA,NA,NA,"N",NA,NA,2023-08-08,"YOSE7","SB",2024-02-08,NA,NA,NA,NA,NA,NA,NA,NA,NA,NA,NA,2023,0.5
"3","1","V",NA,NA,NA,NA,NA,"<1","<1",1,"<0.5",NA,NA,NA,NA,"N",NA,NA,2023-08-08,"YOSE7","SB",2024-02-08,NA,NA,NA,NA,NA,NA,NA,NA,NA,NA,NA,2023,0.5
"3","1","V",NA,NA,NA,NA,NA,"<1","<1",1,"<0.5",NA,NA,NA,NA,"N",NA,NA,2023-08-08,"YOSE7","SB",2024-02-08,NA,NA,NA,NA,NA,NA,NA,NA,NA,NA,NA,2023,0.5
"3","1","V",NA,NA,NA,NA,NA,"<1","<1",1,"<0.5",NA,NA,NA,NA,"N",NA,NA,2023-08-08,"YOSE7","SB",2024-02-08,NA,NA,NA,NA,NA,NA,NA,NA,NA,NA,NA,2023,0.5
"3","1","V",NA,NA,NA,NA,NA,"<1","<1",1,"<0.5",NA,NA,NA,NA,"N",NA,NA,2023-08-08,"YOSE7","SB",2024-02-08,NA,NA,NA,NA,NA,NA,NA,NA,NA,NA,NA,2023,0.5
"3","1","V",NA,NA,NA,NA,NA,"<1","<1",1,"<0.5",NA,NA,NA,NA,"N",NA,NA,2023-08-08,"YOSE7","SB",2024-02-08,NA,NA,NA,NA,NA,NA,NA,NA,NA,NA,NA,2023,0.5
"3","1","V",NA,NA,NA,NA,NA,"<1","<1",1,"<0.5",NA,NA,NA,NA,"N",NA,NA,2023-08-08,"YOSE7","SB",2024-02-08,NA,NA,NA,NA,NA,NA,NA,NA,NA,NA,NA,2023,0.5
"3","1","V",NA,NA,NA,NA,NA,"<1","<1",1,"<0.5",NA,NA,NA,NA,"N",NA,NA,2023-08-08,"YOSE7","SB",2024-02-08,NA,NA,NA,NA,NA,NA,NA,NA,NA,NA,NA,2023,0.5
"3","1","V",NA,NA,NA,NA,NA,"<1","<1",1,"<0.5",NA,NA,NA,NA,"N",NA,NA,2023-08-08,"YOSE7","SB",2024-02-08,NA,NA,NA,NA,NA,NA,NA,NA,NA,NA,NA,2023,0.5
"3","1","V",NA,NA,NA,NA,NA,"<1","<1",1,"<0.5",NA,NA,NA,NA,"N",NA,NA,2023-08-08,"YOSE7","SB",2024-02-08,NA,NA,NA,NA,NA,NA,NA,NA,NA,NA,NA,2023,0.5
"3","1","V",NA,NA,NA,NA,NA,"<1","<1",1,"<0.5",NA,NA,NA,NA,"N",NA,NA,2023-08-08,"YOSE7","SB",2024-02-08,NA,NA,NA,NA,NA,NA,NA,NA,NA,NA,NA,2023,0.5
"3","1","V",NA,NA,NA,NA,NA,"<1","<1",1,"<0.5",NA,NA,NA,NA,"N",NA,NA,2023-08-08,"YOSE7","SB",2024-02-08,NA,NA,NA,NA,NA,NA,NA,NA,NA,NA,NA,2023,0.5
"3","1","V",NA,NA,NA,NA,NA,"<1","<1",1,"<0.5",NA,NA,NA,NA,"N",NA,NA,2023-08-08,"YOSE7","SB",2024-02-08,NA,NA,NA,NA,NA,NA,NA,NA,NA,NA,NA,2023,0.5
"3","1","V",NA,NA,NA,NA,NA,"<1","<1",1,"<0.5",NA,NA,NA,NA,"N",NA,NA,2023-08-08,"YOSE7","SB",2024-02-08,NA,NA,NA,NA,NA,NA,NA,NA,NA,NA,NA,2023,0.5
"3","1","V",NA,NA,NA,NA,NA,"<1","<1",1,"<0.5",NA,NA,NA,NA,"N",NA,NA,2023-08-08,"YOSE7","SB",2024-02-08,NA,NA,NA,NA,NA,NA,NA,NA,NA,NA,NA,2023,0.5
"3","1","V",NA,NA,NA,NA,NA,"<1","<1",1,"<0.5",NA,NA,NA,NA,"N",NA,NA,2023-08-08,"YOSE7","SB",2024-02-08,NA,NA,NA,NA,NA,NA,NA,NA,NA,NA,NA,2023,0.5
"3","1","V",NA,NA,NA,NA,NA,"<1","<1",1,"<0.5",NA,NA,NA,NA,"N",NA,NA,2023-08-08,"YOSE7","SB",2024-02-08,NA,NA,NA,NA,NA,NA,NA,NA,NA,NA,NA,2023,0.5
"3","1","V",NA,NA,NA,NA,NA,"<1","<1",1,"<0.5",NA,NA,NA,NA,"N",NA,NA,2023-08-08,"YOSE7","SB",2024-02-08,NA,NA,NA,NA,NA,NA,NA,NA,NA,NA,NA,2023,0.5
"3","1","V",NA,NA,NA,NA,NA,"<1","<1",1,"<0.5",NA,NA,NA,NA,"N",NA,NA,2023-08-08,"YOSE7","SB",2024-02-08,NA,NA,NA,NA,NA,NA,NA,NA,NA,NA,NA,2023,0.5
"3","1","V",NA,NA,NA,NA,NA,"<1","<1",1,"<0.5",NA,NA,NA,NA,"N",NA,NA,2023-08-08,"YOSE7","SB",2024-02-08,NA,NA,NA,NA,NA,NA,NA,NA,NA,NA,NA,2023,0.5
"3","1","V",NA,NA,NA,NA,NA,"<1","<1",1,"<0.5",NA,NA,NA,NA,"N",NA,NA,2023-08-08,"YOSE7","SB",2024-02-08,NA,NA,NA,NA,NA,NA,NA,NA,NA,NA,NA,2023,0.5
"3","1","V",NA,NA,NA,NA,NA,"<1","<1",1,"<0.5",NA,NA,NA,NA,"N",NA,NA,2023-08-08,"YOSE7","SB",2024-02-08,NA,NA,NA,NA,NA,NA,NA,NA,NA,NA,NA,2023,0.5
"3","1","V",NA,NA,NA,NA,NA,"<1","<1",1,"<0.5",NA,NA,NA,NA,"N",NA,NA,2023-08-08,"YOSE7","SB",2024-02-08,NA,NA,NA,NA,NA,NA,NA,NA,NA,NA,NA,2023,0.5
"3","1","V",NA,NA,NA,NA,NA,"<1","<1",1,"<0.5",NA,NA,NA,NA,"N",NA,NA,2023-08-08,"YOSE7","SB",2024-02-08,NA,NA,NA,NA,NA,NA,NA,NA,NA,NA,NA,2023,0.5
"3","1","V",NA,NA,NA,NA,NA,"<1","<1",1,"<0.5",NA,NA,NA,NA,"N",NA,NA,2023-08-08,"YOSE7","SB",2024-02-08,NA,NA,NA,NA,NA,NA,NA,NA,NA,NA,NA,2023,0.5
"3","1","V",NA,NA,NA,NA,NA,"<1","<1",1,"<0.5",NA,NA,NA,NA,"N",NA,NA,2023-08-08,"YOSE7","SB",2024-02-08,NA,NA,NA,NA,NA,NA,NA,NA,NA,NA,NA,2023,0.5
"3","1","V",NA,NA,NA,NA,NA,"<1","<1",1,"<0.5",NA,NA,NA,NA,"N",NA,NA,2023-08-08,"YOSE7","SB",2024-02-08,NA,NA,NA,NA,NA,NA,NA,NA,NA,NA,NA,2023,0.5
"3","1","V",NA,NA,NA,NA,NA,"<1","<1",1,"<0.5",NA,NA,NA,NA,"N",NA,NA,2023-08-08,"YOSE7","SB",2024-02-08,NA,NA,NA,NA,NA,NA,NA,NA,NA,NA,NA,2023,0.5
"3","1","V",NA,NA,NA,NA,NA,"<1","<1",1,"<0.5",NA,NA,NA,NA,"N",NA,NA,2023-08-08,"YOSE7","SB",2024-02-08,NA,NA,NA,NA,NA,NA,NA,NA,NA,NA,NA,2023,0.5
"3","1","V",NA,NA,NA,NA,NA,"<1","<1",1,"<0.5",NA,NA,NA,NA,"N",NA,NA,2023-08-08,"YOSE7","SB",2024-02-08,NA,NA,NA,NA,NA,NA,NA,NA,NA,NA,NA,2023,0.5
"3","1","V",NA,NA,NA,NA,NA,"<1","<1",1,"<0.5",NA,NA,NA,NA,"N",NA,NA,2023-08-08,"YOSE7","SB",2024-02-08,NA,NA,NA,NA,NA,NA,NA,NA,NA,NA,NA,2023,0.5
"3","1","V",NA,NA,NA,NA,NA,"<1","<1",1,"<0.5",NA,NA,NA,NA,"N",NA,NA,2023-08-08,"YOSE7","SB",2024-02-08,NA,NA,NA,NA,NA,NA,NA,NA,NA,NA,NA,2023,0.5
"3","1","V",NA,NA,NA,NA,NA,"<1","<1",1,"<0.5",NA,NA,NA,NA,"N",NA,NA,2023-08-08,"YOSE7","SB",2024-02-08,NA,NA,NA,NA,NA,NA,NA,NA,NA,NA,NA,2023,0.5
"3","1","V",NA,NA,NA,NA,NA,"<1","<1",1,"<0.5",NA,NA,NA,NA,"N",NA,NA,2023-08-08,"YOSE7","SB",2024-02-08,NA,NA,NA,NA,NA,NA,NA,NA,NA,NA,NA,2023,0.5
"3","1","V",NA,NA,NA,NA,NA,"<1","<1",1,"<0.5",NA,NA,NA,NA,"N",NA,NA,2023-08-08,"YOSE7","SB",2024-02-08,NA,NA,NA,NA,NA,NA,NA,NA,NA,NA,NA,2023,0.5
"3","1","V",NA,NA,NA,NA,NA,"<1","<1",1,"<0.5",NA,NA,NA,NA,"N",NA,NA,2023-08-08,"YOSE7","SB",2024-02-08,NA,NA,NA,NA,NA,NA,NA,NA,NA,NA,NA,2023,0.5
"3","1","V",NA,NA,NA,NA,NA,"<1","<1",1,"<0.5",NA,NA,NA,NA,"N",NA,NA,2023-08-08,"YOSE7","SB",2024-02-08,NA,NA,NA,NA,NA,NA,NA,NA,NA,NA,NA,2023,0.5
"3","1","V",NA,NA,NA,NA,NA,"<1","<1",1,"<0.5",NA,NA,NA,NA,"N",NA,NA,2023-08-08,"YOSE7","SB",2024-02-08,NA,NA,NA,NA,NA,NA,NA,NA,NA,NA,NA,2023,0.5
"3","1","V",NA,NA,NA,NA,NA,"<1","<1",1,"<0.5",NA,NA,NA,NA,"N",NA,NA,2023-08-08,"YOSE7","SB",2024-02-08,NA,NA,NA,NA,NA,NA,NA,NA,NA,NA,NA,2023,0.5
"3","1","V",NA,NA,NA,NA,NA,"<1","<1",1,"<0.5",NA,NA,NA,NA,"N",NA,NA,2023-08-08,"YOSE7","SB",2024-02-08,NA,NA,NA,NA,NA,NA,NA,NA,NA,NA,NA,2023,0.5
"3","1","V",NA,NA,NA,NA,NA,"<1","<1",1,"<0.5",NA,NA,NA,NA,"N",NA,NA,2023-08-08,"YOSE7","SB",2024-02-08,NA,NA,NA,NA,NA,NA,NA,NA,NA,NA,NA,2023,0.5
"3","1","V",NA,NA,NA,NA,NA,"<1","<1",1,"<0.5",NA,NA,NA,NA,"N",NA,NA,2023-08-08,"YOSE7","SB",2024-02-08,NA,NA,NA,NA,NA,NA,NA,NA,NA,NA,NA,2023,0.5
"3","1","V",NA,NA,NA,NA,NA,"<1","<1",1,"<0.5",NA,NA,NA,NA,"N",NA,NA,2023-08-08,"YOSE7","SB",2024-02-08,NA,NA,NA,NA,NA,NA,NA,NA,NA,NA,NA,2023,0.5
"3","1","V",NA,NA,NA,NA,NA,"<1","<1",1,"<0.5",NA,NA,NA,NA,"N",NA,NA,2023-08-08,"YOSE7","SB",2024-02-08,NA,NA,NA,NA,NA,NA,NA,NA,NA,NA,NA,2023,0.5
"3","1","V",NA,NA,NA,NA,NA,"<1","<1",1,"<0.5",NA,NA,NA,NA,"N",NA,NA,2023-08-08,"YOSE7","SB",2024-02-08,NA,NA,NA,NA,NA,NA,NA,NA,NA,NA,NA,2023,0.5
"3","1","V",NA,NA,NA,NA,NA,"<1","<1",1,"<0.5",NA,NA,NA,NA,"N",NA,NA,2023-08-08,"YOSE7","SB",2024-02-08,NA,NA,NA,NA,NA,NA,NA,NA,NA,NA,NA,2023,0.5
"3","1","V",NA,NA,NA,NA,NA,"<1","<1",1,"<0.5",NA,NA,NA,NA,"N",NA,NA,2023-08-08,"YOSE7","SB",2024-02-08,NA,NA,NA,NA,NA,NA,NA,NA,NA,NA,NA,2023,0.5
"3","1","V",NA,NA,NA,NA,NA,"<1","<1",1,"<0.5",NA,NA,NA,NA,"N",NA,NA,2023-08-08,"YOSE7","SB",2024-02-08,NA,NA,NA,NA,NA,NA,NA,NA,NA,NA,NA,2023,0.5
"3","1","F",4,49,"pink",NA,NA,"0.95","8.9",1,NA,"3.0","0.0",NA,1,"Y",NA,NA,2023-08-08,"YOSE7","SB",2024-02-08,NA,644,NA,NA,NA,NA,NA,NA,NA,NA,NA,2023,0.5
"3","1","V",8,15,"pink",NA,NA,"0.62","2.2",1,"1.0","0.0","0.0",NA,0,"Y",NA,NA,2023-08-08,"YOSE7","SB",2024-02-08,NA,249,NA,NA,NA,NA,NA,NA,NA,NA,NA,2023,0.5
"3","1","V",7,5,"pink",NA,NA,"0.57","2.0",1,"0.9","0.0","0.0",NA,0,"N",NA,NA,2023-08-08,"YOSE7","SB",2024-02-08,NA,33,NA,NA,NA,NA,NA,NA,NA,NA,NA,2023,0.5
"3","1","V",7,20,"pink",NA,NA,"0.48","2.3",1,"0.6","0.0","0.0",NA,0,"N",NA,NA,2023-08-08,"YOSE7","SB",2024-02-08,NA,232,NA,NA,NA,NA,NA,NA,NA,NA,NA,2023,0.5
"3","1","V",45,31,"pink",NA,NA,"2.28","2.5",1,"1.0","0.0","0.0",NA,0,"Y",NA,NA,2023-08-08,"YOSE7","SB",2024-02-08,NA,NA,NA,NA,NA,NA,NA,NA,NA,NA,NA,2023,2.28
"3","1","V",12,10,"pink",NA,NA,"0.68","2.5",1,"1.0","0.0","0.0",NA,0,"Y",NA,NA,2023-08-08,"YOSE7","SB",2024-02-08,NA,94,NA,NA,NA,NA,NA,NA,NA,NA,NA,2023,0.5
"3","1","V",3,37,"pink",NA,NA,"0.67","2.3",1,"1.3","0.0","0.0",NA,0,"N",NA,NA,2023-08-08,"YOSE7","SB",2024-02-08,NA,355,NA,NA,NA,NA,NA,NA,NA,NA,NA,2023,0.5
"3","1","V",40,8,"pink",NA,NA,"0.45","1.4",1,"0.7","0.0","0.0",NA,0,"Y",NA,NA,2023-08-08,"YOSE7","SB",2024-02-08,NA,224,NA,NA,NA,NA,NA,NA,NA,NA,NA,2023,0.5
"3","1","V",36,20,"pink",NA,NA,"0.74","1.9",1,"0.7","0.0","0.0",NA,0,"N",NA,NA,2023-08-08,"YOSE7","SB",2024-02-08,NA,170,NA,NA,NA,NA,NA,NA,NA,NA,NA,2023,0.5
"3","1","V",41,41,"pink",NA,NA,"0.29","2.4",1,"0.4","0.0","0.0",NA,0,"N",NA,NA,2023-08-08,"YOSE7","SB",2024-02-08,NA,336,NA,NA,NA,NA,NA,NA,NA,NA,NA,2023,0.5
"3","1","V",15,47,"pink",NA,NA,"0.5","2.5",1,"1.2","0.0","0.0",NA,0,"N",NA,NA,2023-08-08,"YOSE7","SB",2024-02-08,NA,354,NA,NA,NA,NA,NA,NA,NA,NA,NA,2023,0.5
"3","1","V",NA,NA,NA,NA,NA,"<1","1.0",1,"0.3",NA,NA,NA,NA,"N",NA,NA,2023-08-08,"YOSE7","SB",2024-02-08,NA,NA,NA,NA,NA,NA,NA,NA,NA,NA,NA,2023,0.5
"3","1","V",NA,NA,NA,NA,NA,"<1","1.8",1,"0.7",NA,NA,NA,NA,"Y",NA,NA,2023-08-08,"YOSE7","SB",2024-02-08,NA,NA,NA,NA,NA,NA,NA,NA,NA,NA,NA,2023,0.5
"3","1","V",NA,NA,NA,NA,NA,"<1","2.0",1,"0.6",NA,NA,NA,NA,"N",NA,NA,2023-08-08,"YOSE7","SB",2024-02-08,NA,NA,NA,NA,NA,NA,NA,NA,NA,NA,NA,2023,0.5
"3","1","V",NA,NA,NA,NA,NA,"<1","1.7",1,"0.6",NA,NA,NA,NA,"N",NA,NA,2023-08-08,"YOSE7","SB",2024-02-08,NA,NA,NA,NA,NA,NA,NA,NA,NA,NA,NA,2023,0.5
"3","1","V",NA,NA,NA,NA,NA,"<1","1.5",1,"0.6",NA,NA,NA,NA,"N",NA,NA,2023-08-08,"YOSE7","SB",2024-02-08,NA,NA,NA,NA,NA,NA,NA,NA,NA,NA,NA,2023,0.5
"3","1","V",NA,NA,NA,NA,NA,"<1","0.8",1,"0.5",NA,NA,NA,NA,"N",NA,NA,2023-08-08,"YOSE7","SB",2024-02-08,NA,NA,NA,NA,NA,NA,NA,NA,NA,NA,NA,2023,0.5
"3","1","V",NA,NA,NA,NA,NA,"<1","1.5",1,"0.4",NA,NA,NA,NA,"N",NA,NA,2023-08-08,"YOSE7","SB",2024-02-08,NA,NA,NA,NA,NA,NA,NA,NA,NA,NA,NA,2023,0.5
"3","1","V",NA,NA,NA,NA,NA,"<1","1.1",1,"0.3",NA,NA,NA,NA,"N",NA,NA,2023-08-08,"YOSE7","SB",2024-02-08,NA,NA,NA,NA,NA,NA,NA,NA,NA,NA,NA,2023,0.5
"3","1","V",NA,NA,NA,NA,NA,"<1","1.5",1,"0.4",NA,NA,NA,NA,"N",NA,NA,2023-08-08,"YOSE7","SB",2024-02-08,NA,NA,NA,NA,NA,NA,NA,NA,NA,NA,NA,2023,0.5
"3","1","V",NA,NA,NA,NA,NA,"<1","1.0",1,"0.5",NA,NA,NA,NA,"N",NA,NA,2023-08-08,"YOSE7","SB",2024-02-08,NA,NA,NA,NA,NA,NA,NA,NA,NA,NA,NA,2023,0.5
"3","1","V",NA,NA,NA,NA,NA,"<1","1.2",1,"0.4",NA,NA,NA,NA,"N",NA,NA,2023-08-08,"YOSE7","SB",2024-02-08,NA,NA,NA,NA,NA,NA,NA,NA,NA,NA,NA,2023,0.5
"3","1","V",NA,NA,NA,NA,NA,"<1","1.5",1,"0.3",NA,NA,NA,NA,"N",NA,NA,2023-08-08,"YOSE7","SB",2024-02-08,NA,NA,NA,NA,NA,NA,NA,NA,NA,NA,NA,2023,0.5
"3","1","V",NA,NA,NA,NA,NA,"<1","1.4",1,"0.5",NA,NA,NA,NA,"N",NA,NA,2023-08-08,"YOSE7","SB",2024-02-08,NA,NA,NA,NA,NA,NA,NA,NA,NA,NA,NA,2023,0.5
"3","1","V",NA,NA,NA,NA,NA,"<1","1.8",1,"0.6",NA,NA,NA,NA,"N",NA,NA,2023-08-08,"YOSE7","SB",2024-02-08,NA,NA,NA,NA,NA,NA,NA,NA,NA,NA,NA,2023,0.5
"3","1","V",NA,NA,NA,NA,NA,"<1","1.5",1,"0.4",NA,NA,NA,NA,"N",NA,NA,2023-08-08,"YOSE7","SB",2024-02-08,NA,NA,NA,NA,NA,NA,NA,NA,NA,NA,NA,2023,0.5
"3","1","V",NA,NA,NA,NA,NA,"<1","1.2",1,"0.4",NA,NA,NA,NA,"N",NA,NA,2023-08-08,"YOSE7","SB",2024-02-08,NA,NA,NA,NA,NA,NA,NA,NA,NA,NA,NA,2023,0.5
"3","1","V",NA,NA,NA,NA,NA,"<1","1.2",1,"0.5",NA,NA,NA,NA,"N",NA,NA,2023-08-08,"YOSE7","SB",2024-02-08,NA,NA,NA,NA,NA,NA,NA,NA,NA,NA,NA,2023,0.5
"3","1","V",NA,NA,NA,NA,NA,"<1","0.9",1,"0.4",NA,NA,NA,NA,"N",NA,NA,2023-08-08,"YOSE7","SB",2024-02-08,NA,NA,NA,NA,NA,NA,NA,NA,NA,NA,NA,2023,0.5
"3","1","V",NA,NA,NA,NA,NA,"<1","0.9",1,"0.5",NA,NA,NA,NA,"N",NA,NA,2023-08-08,"YOSE7","SB",2024-02-08,NA,NA,NA,NA,NA,NA,NA,NA,NA,NA,NA,2023,0.5
"3","1","V",NA,NA,NA,NA,NA,"<1","1.2",1,"0.7",NA,NA,NA,NA,"Y",NA,NA,2023-08-08,"YOSE7","SB",2024-02-08,NA,NA,NA,NA,NA,NA,NA,NA,NA,NA,NA,2023,0.5
"3","1","V",NA,NA,NA,NA,NA,"<1","1.6",1,"0.6",NA,NA,NA,NA,"N",NA,NA,2023-08-08,"YOSE7","SB",2024-02-08,NA,NA,NA,NA,NA,NA,NA,NA,NA,NA,NA,2023,0.5
"3","1","V",NA,NA,NA,NA,NA,"<1","1.5",1,"0.3",NA,NA,NA,NA,"N",NA,NA,2023-08-08,"YOSE7","SB",2024-02-08,NA,NA,NA,NA,NA,NA,NA,NA,NA,NA,NA,2023,0.5
"3","1","V",NA,NA,NA,NA,NA,"<1","1.4",1,"0.3",NA,NA,NA,NA,"N",NA,NA,2023-08-08,"YOSE7","SHS",2024-02-13,NA,NA,NA,NA,NA,NA,NA,NA,NA,NA,NA,2023,0.5
"3","1","V",NA,NA,NA,NA,NA,"<1","1.1",1,"0.3",NA,NA,NA,NA,"N",NA,NA,2023-08-08,"YOSE7","SHS",2024-02-13,NA,NA,NA,NA,NA,NA,NA,NA,NA,NA,NA,2023,0.5
"3","1","V",NA,NA,NA,NA,NA,"<1","1.4",1,"0.4",NA,NA,NA,NA,"N",NA,NA,2023-08-08,"YOSE7","SHS",2024-02-13,NA,NA,NA,NA,NA,NA,NA,NA,NA,NA,NA,2023,0.5
"3","1","V",NA,NA,NA,NA,NA,"<1","0.9",1,"0.2",NA,NA,NA,NA,"N",NA,NA,2023-08-08,"YOSE7","SHS",2024-02-13,NA,NA,NA,NA,NA,NA,NA,NA,NA,NA,NA,2023,0.5
"3","1","V",NA,NA,NA,NA,NA,"<1","1.6",1,"0.5",NA,NA,NA,NA,"N",NA,NA,2023-08-08,"YOSE7","SHS",2024-02-13,NA,NA,NA,NA,NA,NA,NA,NA,NA,NA,NA,2023,0.5
"3","1","V",NA,NA,NA,NA,NA,"<1","2.0",1,"0.6",NA,NA,NA,NA,"N",NA,NA,2023-08-08,"YOSE7","SHS",2024-02-13,NA,NA,NA,NA,NA,NA,NA,NA,NA,NA,NA,2023,0.5
"3","1","V",NA,NA,NA,NA,NA,"<1","1.8",1,"0.8",NA,NA,NA,NA,"N",NA,NA,2023-08-08,"YOSE7","SHS",2024-02-13,NA,NA,NA,NA,NA,NA,NA,NA,NA,NA,NA,2023,0.5
"3","1","V",NA,NA,NA,NA,NA,"<1","1.9",1,"1.0",NA,NA,NA,NA,"N",NA,NA,2023-08-08,"YOSE7","SHS",2024-02-13,NA,NA,NA,NA,NA,NA,NA,NA,NA,NA,NA,2023,0.5
"3","1","V",NA,NA,NA,NA,NA,"<1","1.8",1,"0.5",NA,NA,NA,NA,"Y",NA,NA,2023-08-08,"YOSE7","SHS",2024-02-13,NA,NA,NA,NA,NA,NA,NA,NA,NA,NA,NA,2023,0.5
"3","1","V",NA,NA,NA,NA,NA,"<1","1.2",1,"0.3",NA,NA,NA,NA,"N",NA,NA,2023-08-08,"YOSE7","SHS",2024-02-13,NA,NA,NA,NA,NA,NA,NA,NA,NA,NA,NA,2023,0.5
"3","1","V",NA,NA,NA,NA,NA,"<1","1.8",1,"0.7",NA,NA,NA,NA,"N",NA,NA,2023-08-08,"YOSE7","SHS",2024-02-13,NA,NA,NA,NA,NA,NA,NA,NA,NA,NA,NA,2023,0.5
"3","1","V",NA,NA,NA,NA,NA,"<1","2.0",1,"0.8",NA,NA,NA,NA,"N",NA,NA,2023-08-08,"YOSE7","SHS",2024-02-13,NA,NA,NA,NA,NA,NA,NA,NA,NA,NA,NA,2023,0.5
"3","1","V",NA,NA,NA,NA,NA,"<1","1.5",1,"0.5",NA,NA,NA,NA,"N",NA,NA,2023-08-08,"YOSE7","SHS",2024-02-13,NA,NA,NA,NA,NA,NA,NA,NA,NA,NA,NA,2023,0.5
"3","1","V",NA,NA,NA,NA,NA,"<1","2.0",1,"1.0",NA,NA,NA,NA,"N",NA,NA,2023-08-08,"YOSE7","SHS",2024-02-13,NA,NA,NA,NA,NA,NA,NA,NA,NA,NA,NA,2023,0.5
"3","1","V",NA,NA,NA,NA,NA,"<1","1.0",1,"0.4",NA,NA,NA,NA,"N",NA,NA,2023-08-08,"YOSE7","SHS",2024-02-13,NA,NA,NA,NA,NA,NA,NA,NA,NA,NA,NA,2023,0.5
"3","1","V",NA,NA,NA,NA,NA,"<1","1.1",1,"0.3",NA,NA,NA,NA,"Y",NA,NA,2023-08-08,"YOSE7","SHS",2024-02-13,NA,NA,NA,NA,NA,NA,NA,NA,NA,NA,NA,2023,0.5
"3","1","V",NA,NA,NA,NA,NA,"<1","1.7",1,"0.7",NA,NA,NA,NA,"Y",NA,NA,2023-08-08,"YOSE7","SHS",2024-02-13,NA,NA,NA,NA,NA,NA,NA,NA,NA,NA,NA,2023,0.5
"3","1","V",NA,NA,NA,NA,NA,"<1","1.4",1,"0.3",NA,NA,NA,NA,"N",NA,NA,2023-08-08,"YOSE7","SHS",2024-02-13,NA,NA,NA,NA,NA,NA,NA,NA,NA,NA,NA,2023,0.5
"3","1","V",NA,NA,NA,NA,NA,"<1","2.2",1,"0.7",NA,NA,NA,NA,"N",NA,NA,2023-08-08,"YOSE7","SHS",2024-02-13,NA,NA,NA,NA,NA,NA,NA,NA,NA,NA,NA,2023,0.5
"3","1","V",NA,NA,NA,NA,NA,"<1","1.7",1,"0.3",NA,NA,NA,NA,"N",NA,NA,2023-08-08,"YOSE7","SHS",2024-02-13,NA,NA,NA,NA,NA,NA,NA,NA,NA,NA,NA,2023,0.5
"3","1","V",NA,NA,NA,NA,NA,"<1","1.3",1,"0.3",NA,NA,NA,NA,"N",NA,NA,2023-08-08,"YOSE7","SHS",2024-02-13,NA,NA,NA,NA,NA,NA,NA,NA,NA,NA,NA,2023,0.5
"3","1","V",NA,NA,NA,NA,NA,"<1","1.7",1,"0.6",NA,NA,NA,NA,"N",NA,NA,2023-08-08,"YOSE7","SHS",2024-02-13,NA,NA,NA,NA,NA,NA,NA,NA,NA,NA,NA,2023,0.5
"3","1","V",NA,NA,NA,NA,NA,"<1","1.5",1,"0.5",NA,NA,NA,NA,"N",NA,NA,2023-08-08,"YOSE7","SHS",2024-02-13,NA,NA,NA,NA,NA,NA,NA,NA,NA,NA,NA,2023,0.5
"3","1","V",NA,NA,NA,NA,NA,"<1","1.0",1,"0.3",NA,NA,NA,NA,"N",NA,NA,2023-08-08,"YOSE7","SHS",2024-02-13,NA,NA,NA,NA,NA,NA,NA,NA,NA,NA,NA,2023,0.5
"3","1","V",NA,NA,NA,NA,NA,"<1","1.2",1,"0.3",NA,NA,NA,NA,"N",NA,NA,2023-08-08,"YOSE7","SHS",2024-02-13,NA,NA,NA,NA,NA,NA,NA,NA,NA,NA,NA,2023,0.5
"3","1","V",NA,NA,NA,NA,NA,"<1","1.4",1,"0.3",NA,NA,NA,NA,"N",NA,NA,2023-08-08,"YOSE7","SHS",2024-02-13,NA,NA,NA,NA,NA,NA,NA,NA,NA,NA,NA,2023,0.5
"3","1","V",NA,NA,NA,NA,NA,"<1","1.4",1,"0.2",NA,NA,NA,NA,"N",NA,NA,2023-08-08,"YOSE7","SHS",2024-02-13,NA,NA,NA,NA,NA,NA,NA,NA,NA,NA,NA,2023,0.5
"3","1","V",NA,NA,NA,NA,NA,"<1","0.9",1,"0.2",NA,NA,NA,NA,"Y",NA,NA,2023-08-08,"YOSE7","SHS",2024-02-13,NA,NA,NA,NA,NA,NA,NA,NA,NA,NA,NA,2023,0.5
"3","1","V",NA,NA,NA,NA,NA,"<1","1.2",1,"0.4",NA,NA,NA,NA,"N",NA,NA,2023-08-08,"YOSE7","SHS",2024-02-13,NA,NA,NA,NA,NA,NA,NA,NA,NA,NA,NA,2023,0.5
"3","1","V",NA,NA,NA,NA,NA,"<1","1.4",1,"0.5",NA,NA,NA,NA,"N",NA,NA,2023-08-08,"YOSE7","SHS",2024-02-13,NA,NA,NA,NA,NA,NA,NA,NA,NA,NA,NA,2023,0.5
"3","1","V",NA,NA,NA,NA,NA,"<1","1.3",1,"0.5",NA,NA,NA,NA,"Y",NA,NA,2023-08-08,"YOSE7","SHS",2024-02-13,NA,NA,NA,NA,NA,NA,NA,NA,NA,NA,NA,2023,0.5
"3","1","V",NA,NA,NA,NA,NA,"<1","1.3",1,"0.3",NA,NA,NA,NA,"N",NA,NA,2023-08-08,"YOSE7","SHS",2024-02-13,NA,NA,NA,NA,NA,NA,NA,NA,NA,NA,NA,2023,0.5
"3","1","V",NA,NA,NA,NA,NA,"<1","2.0",1,"0.4",NA,NA,NA,NA,"Y",NA,NA,2023-08-08,"YOSE7","SHS",2024-02-13,NA,NA,NA,NA,NA,NA,NA,NA,NA,NA,NA,2023,0.5
"3","1","V",NA,NA,NA,NA,NA,"<1","2.1",1,"0.7",NA,NA,NA,NA,"N",NA,NA,2023-08-08,"YOSE7","SHS",2024-02-13,NA,NA,NA,NA,NA,NA,NA,NA,NA,NA,NA,2023,0.5
"3","1","V",NA,NA,NA,NA,NA,"<1","1.4",1,"0.3",NA,NA,NA,NA,"N",NA,NA,2023-08-08,"YOSE7","SHS",2024-02-13,NA,NA,NA,NA,NA,NA,NA,NA,NA,NA,NA,2023,0.5
"3","1","V",NA,NA,NA,NA,NA,"<1","1.3",1,"0.6",NA,NA,NA,NA,"N",NA,NA,2023-08-08,"YOSE7","SHS",2024-02-13,NA,NA,NA,NA,NA,NA,NA,NA,NA,NA,NA,2023,0.5
"3","1","V",NA,NA,NA,NA,NA,"<1","2.0",1,"0.9",NA,NA,NA,NA,"Y",NA,NA,2023-08-08,"YOSE7","SHS",2024-02-13,NA,NA,NA,NA,NA,NA,NA,NA,NA,NA,NA,2023,0.5
"3","1","V",NA,NA,NA,NA,NA,"<1","1.0",1,"0.7",NA,NA,NA,NA,"N",NA,NA,2023-08-08,"YOSE7","SHS",2024-02-13,NA,NA,NA,NA,NA,NA,NA,NA,NA,NA,NA,2023,0.5
"3","1","V",NA,NA,NA,NA,NA,"<1","1.3",1,"0.2",NA,NA,NA,NA,"N",NA,NA,2023-08-08,"YOSE7","SHS",2024-02-13,NA,NA,NA,NA,NA,NA,NA,NA,NA,NA,NA,2023,0.5
"3","1","V",NA,NA,NA,NA,NA,"<1","1.2",1,"0.3",NA,NA,NA,NA,"Y","meristem eaten",NA,2023-08-08,"YOSE7","SHS",2024-02-13,NA,NA,NA,NA,NA,NA,NA,NA,NA,NA,NA,2023,0.5
"3","1","V",NA,NA,NA,NA,NA,"<1","1.7",1,"0.8",NA,NA,NA,NA,"N",NA,NA,2023-08-08,"YOSE7","SHS",2024-02-13,NA,NA,NA,NA,NA,NA,NA,NA,NA,NA,NA,2023,0.5
"3","1","V",NA,NA,NA,NA,NA,"<1","1.5",1,"0.3",NA,NA,NA,NA,"N",NA,NA,2023-08-08,"YOSE7","SHS",2024-02-13,NA,NA,NA,NA,NA,NA,NA,NA,NA,NA,NA,2023,0.5
"3","1","V",NA,NA,NA,NA,NA,"<1","1.8",1,"0.3",NA,NA,NA,NA,"N",NA,NA,2023-08-08,"YOSE7","SHS",2024-02-13,NA,NA,NA,NA,NA,NA,NA,NA,NA,NA,NA,2023,0.5
"3","1","V",NA,NA,NA,NA,NA,"<1","0.7",1,"0.2",NA,NA,NA,NA,"N",NA,NA,2023-08-08,"YOSE7","SHS",2024-02-13,NA,NA,NA,NA,NA,NA,NA,NA,NA,NA,NA,2023,0.5
"3","1","V",NA,NA,NA,NA,NA,"<1","1.1",1,"0.3",NA,NA,NA,NA,"N",NA,NA,2023-08-08,"YOSE7","SHS",2024-02-13,NA,NA,NA,NA,NA,NA,NA,NA,NA,NA,NA,2023,0.5
"3","1","V",NA,NA,NA,NA,NA,"<1","1.8",1,"1.0",NA,NA,NA,NA,"N",NA,NA,2023-08-08,"YOSE7","SHS",2024-02-13,NA,NA,NA,NA,NA,NA,NA,NA,NA,NA,NA,2023,0.5
"3","1","V",NA,NA,NA,NA,NA,"<1","2.0",1,"0.7",NA,NA,NA,NA,"N",NA,NA,2023-08-08,"YOSE7","SHS",2024-02-13,NA,NA,NA,NA,NA,NA,NA,NA,NA,NA,NA,2023,0.5
"3","1","V",NA,NA,NA,NA,NA,"<1","2.9",1,"1.1",NA,NA,NA,NA,"N",NA,NA,2023-08-08,"YOSE7","SHS",2024-02-13,NA,NA,NA,NA,NA,NA,NA,NA,NA,NA,NA,2023,0.5
"3","1","V",NA,NA,NA,NA,NA,"<1","0.7",1,"0.5",NA,NA,NA,NA,"N",NA,NA,2023-08-08,"YOSE7","SHS",2024-02-13,NA,NA,NA,NA,NA,NA,NA,NA,NA,NA,NA,2023,0.5
"3","1","V",NA,NA,NA,NA,NA,"<1","1.4",1,"0.5",NA,NA,NA,NA,"N",NA,NA,2023-08-08,"YOSE7","SHS",2024-02-13,NA,NA,NA,NA,NA,NA,NA,NA,NA,NA,NA,2023,0.5
"3","1","V",NA,NA,NA,NA,NA,"<1","1.6",1,"0.6",NA,NA,NA,NA,"N",NA,NA,2023-08-08,"YOSE7","SHS",2024-02-13,NA,NA,NA,NA,NA,NA,NA,NA,NA,NA,NA,2023,0.5
"3","1","V",NA,NA,NA,NA,NA,"<1","2.0",1,"0.7",NA,NA,NA,NA,"N",NA,NA,2023-08-08,"YOSE7","SHS",2024-02-13,NA,NA,NA,NA,NA,NA,NA,NA,NA,NA,NA,2023,0.5
"3","1","V",NA,NA,NA,NA,NA,"<1","1.3",1,"0.4",NA,NA,NA,NA,"N",NA,NA,2023-08-08,"YOSE7","SHS",2024-02-13,NA,NA,NA,NA,NA,NA,NA,NA,NA,NA,NA,2023,0.5
"3","1","V",NA,NA,NA,NA,NA,"<1","1.4",1,"0.6",NA,NA,NA,NA,"N",NA,NA,2023-08-08,"YOSE7","SHS",2024-02-13,NA,NA,NA,NA,NA,NA,NA,NA,NA,NA,NA,2023,0.5
"3","1","V",NA,NA,NA,NA,NA,"<1","0.8",1,"0.3",NA,NA,NA,NA,"N",NA,NA,2023-08-08,"YOSE7","SHS",2024-02-13,NA,NA,NA,NA,NA,NA,NA,NA,NA,NA,NA,2023,0.5
"3","1","V",NA,NA,NA,NA,NA,"<1","0.9",1,"0.4",NA,NA,NA,NA,"N",NA,NA,2023-08-08,"YOSE7","SHS",2024-02-13,NA,NA,NA,NA,NA,NA,NA,NA,NA,NA,NA,2023,0.5
"3","1","V",NA,NA,NA,NA,NA,"<1","1.0",1,"0.4",NA,NA,NA,NA,"N",NA,NA,2023-08-08,"YOSE7","SHS",2024-02-13,NA,NA,NA,NA,NA,NA,NA,NA,NA,NA,NA,2023,0.5
"3","1","V",NA,NA,NA,NA,NA,"<1","1.9",1,"0.7",NA,NA,NA,NA,"Y",NA,NA,2023-08-08,"YOSE7","SHS",2024-02-13,NA,NA,NA,NA,NA,NA,NA,NA,NA,NA,NA,2023,0.5
"3","1","V",NA,NA,NA,NA,NA,"<1","1.3",1,"0.4",NA,NA,NA,NA,"N",NA,NA,2023-08-08,"YOSE7","SHS",2024-02-13,NA,NA,NA,NA,NA,NA,NA,NA,NA,NA,NA,2023,0.5
"3","1","V",NA,NA,NA,NA,NA,"<1","1.0",1,"0.6",NA,NA,NA,NA,"N",NA,NA,2023-08-08,"YOSE7","SHS",2024-02-13,NA,NA,NA,NA,NA,NA,NA,NA,NA,NA,NA,2023,0.5
"3","1","V",NA,NA,NA,NA,NA,"<1","1.0",1,"0.8",NA,NA,NA,NA,"N",NA,NA,2023-08-08,"YOSE7","SHS",2024-02-13,NA,NA,NA,NA,NA,NA,NA,NA,NA,NA,NA,2023,0.5
"3","1","V",NA,NA,NA,NA,NA,"<1","1.1",1,"0.3",NA,NA,NA,NA,"Y",NA,NA,2023-08-08,"YOSE7","SHS",2024-02-13,NA,NA,NA,NA,NA,NA,NA,NA,NA,NA,NA,2023,0.5
"3","1","V",NA,NA,NA,NA,NA,"<1","1.4",1,"0.3",NA,NA,NA,NA,"N",NA,NA,2023-08-08,"YOSE7","SHS",2024-02-13,NA,NA,NA,NA,NA,NA,NA,NA,NA,NA,NA,2023,0.5
"3","1","V",NA,NA,NA,NA,NA,"<1","1.5",1,"0.5",NA,NA,NA,NA,"N",NA,NA,2023-08-08,"YOSE7","SHS",2024-02-13,NA,NA,NA,NA,NA,NA,NA,NA,NA,NA,NA,2023,0.5
"3","1","V",NA,NA,NA,NA,NA,"<1","1.4",1,"0.3",NA,NA,NA,NA,"N",NA,NA,2023-08-08,"YOSE7","SHS",2024-02-13,NA,NA,NA,NA,NA,NA,NA,NA,NA,NA,NA,2023,0.5
"3","1","V",NA,NA,NA,NA,NA,"<1","0.9",1,"0.6",NA,NA,NA,NA,"N",NA,NA,2023-08-08,"YOSE7","SHS",2024-02-13,NA,NA,NA,NA,NA,NA,NA,NA,NA,NA,NA,2023,0.5
"3","1","V",NA,NA,NA,NA,NA,"<1","1.2",1,"0.7",NA,NA,NA,NA,"N",NA,NA,2023-08-08,"YOSE7","SHS",2024-02-13,NA,NA,NA,NA,NA,NA,NA,NA,NA,NA,NA,2023,0.5
"3","1","V",NA,NA,NA,NA,NA,"<1","0.9",1,"0.3",NA,NA,NA,NA,"N",NA,NA,2023-08-08,"YOSE7","SHS",2024-02-13,NA,NA,NA,NA,NA,NA,NA,NA,NA,NA,NA,2023,0.5
"3","1","V",NA,NA,NA,NA,NA,"<1","1.1",1,"0.4",NA,NA,NA,NA,"N",NA,NA,2023-08-08,"YOSE7","SHS",2024-02-13,NA,NA,NA,NA,NA,NA,NA,NA,NA,NA,NA,2023,0.5
"3","1","V",NA,NA,NA,NA,NA,"<1","1.2",1,"0.5",NA,NA,NA,NA,"N",NA,NA,2023-08-08,"YOSE7","SHS",2024-02-13,NA,NA,NA,NA,NA,NA,NA,NA,NA,NA,NA,2023,0.5
"3","1","V",NA,NA,NA,NA,NA,"<1","1.0",1,"0.3",NA,NA,NA,NA,"N",NA,NA,2023-08-08,"YOSE7","SHS",2024-02-13,NA,NA,NA,NA,NA,NA,NA,NA,NA,NA,NA,2023,0.5
"3","1","V",NA,NA,NA,NA,NA,"<1","1.5",1,"0.7",NA,NA,NA,NA,"N",NA,NA,2023-08-08,"YOSE7","SHS",2024-02-13,NA,NA,NA,NA,NA,NA,NA,NA,NA,NA,NA,2023,0.5
"3","1","V",NA,NA,NA,NA,NA,"<1","0.8",1,"0.2",NA,NA,NA,NA,"N",NA,NA,2023-08-08,"YOSE7","SHS",2024-02-13,NA,NA,NA,NA,NA,NA,NA,NA,NA,NA,NA,2023,0.5
"3","1","V",NA,NA,NA,NA,NA,"<1","1.8",1,"0.5",NA,NA,NA,NA,"Y",NA,NA,2023-08-08,"YOSE7","SHS",2024-02-13,NA,NA,NA,NA,NA,NA,NA,NA,NA,NA,NA,2023,0.5
"3","1","V",NA,NA,NA,NA,NA,"<1","1.2",1,"0.7",NA,NA,NA,NA,"N",NA,NA,2023-08-08,"YOSE7","SHS",2024-02-13,NA,NA,NA,NA,NA,NA,NA,NA,NA,NA,NA,2023,0.5
"3","1","V",NA,NA,NA,NA,NA,"<1","1.3",1,"0.5",NA,NA,NA,NA,"N",NA,NA,2023-08-08,"YOSE7","SHS",2024-02-13,NA,NA,NA,NA,NA,NA,NA,NA,NA,NA,NA,2023,0.5
"3","1","V",NA,NA,NA,NA,NA,"<1","1.5",1,"0.5",NA,NA,NA,NA,"N",NA,NA,2023-08-08,"YOSE7","SHS",2024-02-13,NA,NA,NA,NA,NA,NA,NA,NA,NA,NA,NA,2023,0.5
"3","1","V",NA,NA,NA,NA,NA,"<1","2.0",1,"0.7",NA,NA,NA,NA,"N",NA,NA,2023-08-08,"YOSE7","SHS",2024-02-13,NA,NA,NA,NA,NA,NA,NA,NA,NA,NA,NA,2023,0.5
"3","1","V",NA,NA,NA,NA,NA,"<1","1.5",1,"0.5",NA,NA,NA,NA,"N",NA,NA,2023-08-08,"YOSE7","SHS",2024-02-13,NA,NA,NA,NA,NA,NA,NA,NA,NA,NA,NA,2023,0.5
"3","1","V",NA,NA,NA,NA,NA,"<1","1.6",1,"0.6",NA,NA,NA,NA,"N",NA,NA,2023-08-08,"YOSE7","SHS",2024-02-13,NA,NA,NA,NA,NA,NA,NA,NA,NA,NA,NA,2023,0.5
"3","1","V",NA,NA,NA,NA,NA,"<1","1.8",1,"0.7",NA,NA,NA,NA,"N",NA,NA,2023-08-08,"YOSE7","SHS",2024-02-13,NA,NA,NA,NA,NA,NA,NA,NA,NA,NA,NA,2023,0.5
"3","1","V",NA,NA,NA,NA,NA,"<1","1.1",1,"0.6",NA,NA,NA,NA,"N",NA,NA,2023-08-08,"YOSE7","SHS",2024-02-13,NA,NA,NA,NA,NA,NA,NA,NA,NA,NA,NA,2023,0.5
"3","1","V",NA,NA,NA,NA,NA,"<1","1.1",1,"0.2",NA,NA,NA,NA,"N","dying",NA,2023-08-08,"YOSE7","SHS",2024-02-13,NA,NA,NA,NA,NA,NA,NA,NA,NA,NA,NA,2023,0.5
"3","1","V",NA,NA,NA,NA,NA,"<1","1.1",1,"0.3",NA,NA,NA,NA,"N",NA,NA,2023-08-08,"YOSE7","SHS",2024-02-13,NA,NA,NA,NA,NA,NA,NA,NA,NA,NA,NA,2023,0.5
"3","1","V",NA,NA,NA,NA,NA,"<1","1.5",1,"0.5",NA,NA,NA,NA,"N",NA,NA,2023-08-08,"YOSE7","SHS",2024-02-13,NA,NA,NA,NA,NA,NA,NA,NA,NA,NA,NA,2023,0.5
"3","1","V",NA,NA,NA,NA,NA,"<1","1.6",1,"0.4",NA,NA,NA,NA,"N",NA,NA,2023-08-08,"YOSE7","SHS",2024-02-13,NA,NA,NA,NA,NA,NA,NA,NA,NA,NA,NA,2023,0.5
"3","1","V",NA,NA,NA,NA,NA,"<1","1.2",1,"0.6",NA,NA,NA,NA,"N",NA,NA,2023-08-08,"YOSE7","SHS",2024-02-13,NA,NA,NA,NA,NA,NA,NA,NA,NA,NA,NA,2023,0.5
"3","1","V",NA,NA,NA,NA,NA,"<1","1.9",1,"0.3",NA,NA,NA,NA,"N",NA,NA,2023-08-08,"YOSE7","SHS",2024-02-13,NA,NA,NA,NA,NA,NA,NA,NA,NA,NA,NA,2023,0.5
"3","1","V",NA,NA,NA,NA,NA,"<1","2.4",1,"1.0",NA,NA,NA,NA,"Y",NA,NA,2023-08-08,"YOSE7","SHS",2024-02-13,NA,NA,NA,NA,NA,NA,NA,NA,NA,NA,NA,2023,0.5
"3","1","V",NA,NA,NA,NA,NA,"<1","1.1",1,"0.3",NA,NA,NA,NA,"Y",NA,NA,2023-08-08,"YOSE7","SHS",2024-02-13,NA,NA,NA,NA,NA,NA,NA,NA,NA,NA,NA,2023,0.5
"3","1","V",NA,NA,NA,NA,NA,"<1","1.2",1,"0.5",NA,NA,NA,NA,"Y",NA,NA,2023-08-08,"YOSE7","SHS",2024-02-13,NA,NA,NA,NA,NA,NA,NA,NA,NA,NA,NA,2023,0.5
"3","1","V",NA,NA,NA,NA,NA,"<1","1.7",1,"0.8",NA,NA,NA,NA,"N",NA,NA,2023-08-08,"YOSE7","SHS",2024-02-13,NA,NA,NA,NA,NA,NA,NA,NA,NA,NA,NA,2023,0.5
"3","1","V",NA,NA,NA,NA,NA,"<1","1.2",1,"0.4",NA,NA,NA,NA,"Y",NA,NA,2023-08-08,"YOSE7","SHS",2024-02-13,NA,NA,NA,NA,NA,NA,NA,NA,NA,NA,NA,2023,0.5
"3","1","V",NA,NA,NA,NA,NA,"<1","2.0",1,"0.8",NA,NA,NA,NA,"Y",NA,NA,2023-08-08,"YOSE7","SHS",2024-02-13,NA,NA,NA,NA,NA,NA,NA,NA,NA,NA,NA,2023,0.5
"3","1","V",NA,NA,NA,NA,NA,"<1","1.5",1,"0.7",NA,NA,NA,NA,"Y",NA,NA,2023-08-08,"YOSE7","SHS",2024-02-13,NA,NA,NA,NA,NA,NA,NA,NA,NA,NA,NA,2023,0.5
"3","1","V",NA,NA,NA,NA,NA,"<1","0.7",1,"0.7",NA,NA,NA,NA,"N",NA,NA,2023-08-08,"YOSE7","SHS",2024-02-13,NA,NA,NA,NA,NA,NA,NA,NA,NA,NA,NA,2023,0.5
"3","1","V",NA,NA,NA,NA,NA,"<1","0.9",1,"0.7",NA,NA,NA,NA,"Y",NA,NA,2023-08-08,"YOSE7","SHS",2024-02-13,NA,NA,NA,NA,NA,NA,NA,NA,NA,NA,NA,2023,0.5
"3","1","V",NA,NA,NA,NA,NA,"<1","1.2",1,"0.7",NA,NA,NA,NA,"N",NA,NA,2023-08-08,"YOSE7","SHS",2024-02-13,NA,NA,NA,NA,NA,NA,NA,NA,NA,NA,NA,2023,0.5
"3","1","V",NA,NA,NA,NA,NA,"<1","1.5",1,"0.7",NA,NA,NA,NA,"N",NA,NA,2023-08-08,"YOSE7","SHS",2024-02-13,NA,NA,NA,NA,NA,NA,NA,NA,NA,NA,NA,2023,0.5
"3","1","V",NA,NA,NA,NA,NA,"<1","1.4",1,"0.5",NA,NA,NA,NA,"N",NA,NA,2023-08-08,"YOSE7","SHS",2024-02-13,NA,NA,NA,NA,NA,NA,NA,NA,NA,NA,NA,2023,0.5
"3","1","V",NA,NA,NA,NA,NA,"<1","1.9",1,"0.6",NA,NA,NA,NA,"Y",NA,NA,2023-08-08,"YOSE7","SHS",2024-02-13,NA,NA,NA,NA,NA,NA,NA,NA,NA,NA,NA,2023,0.5
"3","1","V",NA,NA,NA,NA,NA,"<1","1.4",1,"0.4",NA,NA,NA,NA,"Y",NA,NA,2023-08-08,"YOSE7","SHS",2024-02-13,NA,NA,NA,NA,NA,NA,NA,NA,NA,NA,NA,2023,0.5
"3","1","V",NA,NA,NA,NA,NA,"<1","1.2",1,"0.7",NA,NA,NA,NA,"N",NA,NA,2023-08-08,"YOSE7","SHS",2024-02-13,NA,NA,NA,NA,NA,NA,NA,NA,NA,NA,NA,2023,0.5
"3","1","V",NA,NA,NA,NA,NA,"<1","2.0",1,"0.8",NA,NA,NA,NA,"N",NA,NA,2023-08-08,"YOSE7","SHS",2024-02-13,NA,NA,NA,NA,NA,NA,NA,NA,NA,NA,NA,2023,0.5
"3","1","V",NA,NA,NA,NA,NA,"<1","2.5",1,"0.7",NA,NA,NA,NA,"Y",NA,NA,2023-08-08,"YOSE7","SHS",2024-02-13,NA,NA,NA,NA,NA,NA,NA,NA,NA,NA,NA,2023,0.5
"3","1","V",NA,NA,NA,NA,NA,"<1","0.9",1,"0.7",NA,NA,NA,NA,"Y",NA,NA,2023-08-08,"YOSE7","SHS",2024-02-13,NA,NA,NA,NA,NA,NA,NA,NA,NA,NA,NA,2023,0.5
"3","1","V",NA,NA,NA,NA,NA,"<1","1.6",1,"0.5",NA,NA,NA,NA,"Y",NA,NA,2023-08-08,"YOSE7","SHS",2024-02-13,NA,NA,NA,NA,NA,NA,NA,NA,NA,NA,NA,2023,0.5
"3","1","V",NA,NA,NA,NA,NA,"<1","1.5",1,"1.0",NA,NA,NA,NA,"N",NA,NA,2023-08-08,"YOSE7","SHS",2024-02-13,NA,NA,NA,NA,NA,NA,NA,NA,NA,NA,NA,2023,0.5
"3","1","V",NA,NA,NA,NA,NA,"<1","2.0",1,"0.6",NA,NA,NA,NA,"Y",NA,NA,2023-08-08,"YOSE7","SHS",2024-02-13,NA,NA,NA,NA,NA,NA,NA,NA,NA,NA,NA,2023,0.5
"3","1","V",NA,NA,NA,NA,NA,"<1","1.5",1,"0.5",NA,NA,NA,NA,"N",NA,NA,2023-08-08,"YOSE7","SHS",2024-02-13,NA,NA,NA,NA,NA,NA,NA,NA,NA,NA,NA,2023,0.5
"3","1","V",NA,NA,NA,NA,NA,"<1","1.7",1,"0.9",NA,NA,NA,NA,"N",NA,NA,2023-08-08,"YOSE7","SHS",2024-02-13,NA,NA,NA,NA,NA,NA,NA,NA,NA,NA,NA,2023,0.5
"3","1","V",NA,NA,NA,NA,NA,"<1","1.6",1,"0.5",NA,NA,NA,NA,"N",NA,NA,2023-08-08,"YOSE7","SHS",2024-02-13,NA,NA,NA,NA,NA,NA,NA,NA,NA,NA,NA,2023,0.5
"3","1","V",NA,NA,NA,NA,NA,"<1","1.6",1,"0.7",NA,NA,NA,NA,"N",NA,NA,2023-08-08,"YOSE7","SHS",2024-02-13,NA,NA,NA,NA,NA,NA,NA,NA,NA,NA,NA,2023,0.5
"3","1","V",NA,NA,NA,NA,NA,"<1","2.0",1,"0.4",NA,NA,NA,NA,"Y",NA,NA,2023-08-08,"YOSE7","SHS",2024-02-13,NA,NA,NA,NA,NA,NA,NA,NA,NA,NA,NA,2023,0.5
"3","1","V",NA,NA,NA,NA,NA,"<1","1.2",1,"0.4",NA,NA,NA,NA,"N",NA,NA,2023-08-08,"YOSE7","SHS",2024-02-13,NA,NA,NA,NA,NA,NA,NA,NA,NA,NA,NA,2023,0.5
"3","1","V",NA,NA,NA,NA,NA,"<1","2.0",1,"0.7",NA,NA,NA,NA,"Y",NA,NA,2023-08-08,"YOSE7","SHS",2024-02-13,NA,NA,NA,NA,NA,NA,NA,NA,NA,NA,NA,2023,0.5
"3","1","V",NA,NA,NA,NA,NA,"<1","1.5",1,"0.6",NA,NA,NA,NA,"Y",NA,NA,2023-08-08,"YOSE7","SHS",2024-02-13,NA,NA,NA,NA,NA,NA,NA,NA,NA,NA,NA,2023,0.5
"3","1","V",NA,NA,NA,NA,NA,"<1","1.5",1,"0.5",NA,NA,NA,NA,"N",NA,NA,2023-08-08,"YOSE7","SHS",2024-02-13,NA,NA,NA,NA,NA,NA,NA,NA,NA,NA,NA,2023,0.5
"3","1","V",NA,NA,NA,NA,NA,"<1","1.4",1,"0.3",NA,NA,NA,NA,"N",NA,NA,2023-08-08,"YOSE7","SHS",2024-02-13,NA,NA,NA,NA,NA,NA,NA,NA,NA,NA,NA,2023,0.5
"3","1","V",NA,NA,NA,NA,NA,"<1","1.7",1,"0.6",NA,NA,NA,NA,"N",NA,NA,2023-08-08,"YOSE7","SHS",2024-02-13,NA,NA,NA,NA,NA,NA,NA,NA,NA,NA,NA,2023,0.5
"3","1","V",NA,NA,NA,NA,NA,"<1","2.0",1,"0.7",NA,NA,NA,NA,"Y",NA,NA,2023-08-08,"YOSE7","SHS",2024-02-13,NA,NA,NA,NA,NA,NA,NA,NA,NA,NA,NA,2023,0.5
"3","1","V",NA,NA,NA,NA,NA,"<1","2.2",1,"0.7",NA,NA,NA,NA,"N",NA,NA,2023-08-08,"YOSE7","SHS",2024-02-13,NA,NA,NA,NA,NA,NA,NA,NA,NA,NA,NA,2023,0.5
"3","1","V",NA,NA,NA,NA,NA,"<1","1.0",1,"0.4",NA,NA,NA,NA,"N",NA,NA,2023-08-08,"YOSE7","SHS",2024-02-13,NA,NA,NA,NA,NA,NA,NA,NA,NA,NA,NA,2023,0.5
"3","1","V",NA,NA,NA,NA,NA,"<1","1.2",1,"0.6",NA,NA,NA,NA,"N",NA,NA,2023-08-08,"YOSE7","SHS",2024-02-13,NA,NA,NA,NA,NA,NA,NA,NA,NA,NA,NA,2023,0.5
"3","1","V",NA,NA,NA,NA,NA,"<1","1.1",1,"0.5",NA,NA,NA,NA,"N",NA,NA,2023-08-08,"YOSE7","SHS",2024-02-13,NA,NA,NA,NA,NA,NA,NA,NA,NA,NA,NA,2023,0.5
"3","1","V",NA,NA,NA,NA,NA,"<1","1.0",1,"0.3",NA,NA,NA,NA,"N",NA,NA,2023-08-08,"YOSE7","SHS",2024-02-13,NA,NA,NA,NA,NA,NA,NA,NA,NA,NA,NA,2023,0.5
"3","1","V",NA,NA,NA,NA,NA,"<1","0.7",1,"0.3",NA,NA,NA,NA,"N",NA,NA,2023-08-08,"YOSE7","SHS",2024-02-13,NA,NA,NA,NA,NA,NA,NA,NA,NA,NA,NA,2023,0.5
"3","1","V",NA,NA,NA,NA,NA,"<1","1.2",1,"0.7",NA,NA,NA,NA,"N",NA,NA,2023-08-08,"YOSE7","SHS",2024-02-13,NA,NA,NA,NA,NA,NA,NA,NA,NA,NA,NA,2023,0.5
"3","1","V",NA,NA,NA,NA,NA,"<1","1.3",1,"0.8",NA,NA,NA,NA,"Y",NA,NA,2023-08-08,"YOSE7","SHS",2024-02-13,NA,NA,NA,NA,NA,NA,NA,NA,NA,NA,NA,2023,0.5
"3","1","V",NA,NA,NA,NA,NA,"<1","1.5",1,"0.6",NA,NA,NA,NA,"N",NA,NA,2023-08-08,"YOSE7","SHS",2024-02-13,NA,NA,NA,NA,NA,NA,NA,NA,NA,NA,NA,2023,0.5
"3","1","V",NA,NA,NA,NA,NA,"<1","1.0",1,"0.5",NA,NA,NA,NA,"Y",NA,NA,2023-08-08,"YOSE7","SHS",2024-02-13,NA,NA,NA,NA,NA,NA,NA,NA,NA,NA,NA,2023,0.5
"3","1","V",NA,NA,NA,NA,NA,"<1","1.9",1,"0.5",NA,NA,NA,NA,"N",NA,NA,2023-08-08,"YOSE7","SHS",2024-02-13,NA,NA,NA,NA,NA,NA,NA,NA,NA,NA,NA,2023,0.5
"3","1","V",NA,NA,NA,NA,NA,"<1","1.2",1,"0.5",NA,NA,NA,NA,"N",NA,NA,2023-08-08,"YOSE7","SHS",2024-02-13,NA,NA,NA,NA,NA,NA,NA,NA,NA,NA,NA,2023,0.5
"3","1","V",NA,NA,NA,NA,NA,"<1","1.2",1,"0.4",NA,NA,NA,NA,"Y",NA,NA,2023-08-08,"YOSE7","SHS",2024-02-13,NA,NA,NA,NA,NA,NA,NA,NA,NA,NA,NA,2023,0.5
"3","1","V",NA,NA,NA,NA,NA,"<1","1.6",1,"0.7",NA,NA,NA,NA,"N",NA,NA,2023-08-08,"YOSE7","SHS",2024-02-13,NA,NA,NA,NA,NA,NA,NA,NA,NA,NA,NA,2023,0.5
"3","1","V",NA,NA,NA,NA,NA,"<1","0.9",1,"0.9",NA,NA,NA,NA,"Y",NA,NA,2023-08-08,"YOSE7","SHS",2024-02-13,NA,NA,NA,NA,NA,NA,NA,NA,NA,NA,NA,2023,0.5
"3","1","V",NA,NA,NA,NA,NA,"<1","1.4",1,"0.6",NA,NA,NA,NA,"N",NA,NA,2023-08-08,"YOSE7","SHS",2024-02-13,NA,NA,NA,NA,NA,NA,NA,NA,NA,NA,NA,2023,0.5
"3","1","V",NA,NA,NA,NA,NA,"<1","1.3",1,"0.3",NA,NA,NA,NA,"N",NA,NA,2023-08-08,"YOSE7","SHS",2024-02-13,NA,NA,NA,NA,NA,NA,NA,NA,NA,NA,NA,2023,0.5
"3","1","V",NA,NA,NA,NA,NA,"<1","1.2",1,"0.6",NA,NA,NA,NA,"N",NA,NA,2023-08-08,"YOSE7","SHS",2024-02-13,NA,NA,NA,NA,NA,NA,NA,NA,NA,NA,NA,2023,0.5
"3","1","V",NA,NA,NA,NA,NA,"<1","1.5",1,"0.6",NA,NA,NA,NA,"N",NA,NA,2023-08-08,"YOSE7","SHS",2024-02-13,NA,NA,NA,NA,NA,NA,NA,NA,NA,NA,NA,2023,0.5
"3","1","V",NA,NA,NA,NA,NA,"<1","0.9",1,"0.6",NA,NA,NA,NA,"N",NA,NA,2023-08-08,"YOSE7","SHS",2024-02-13,NA,NA,NA,NA,NA,NA,NA,NA,NA,NA,NA,2023,0.5
"3","1","V",NA,NA,NA,NA,NA,"<1","1.2",1,"0.7",NA,NA,NA,NA,"Y",NA,NA,2023-08-08,"YOSE7","SHS",2024-02-13,NA,NA,NA,NA,NA,NA,NA,NA,NA,NA,NA,2023,0.5
"3","1","V",NA,NA,NA,NA,NA,"<1","1.1",1,"0.7",NA,NA,NA,NA,"N",NA,NA,2023-08-08,"YOSE7","SHS",2024-02-13,NA,NA,NA,NA,NA,NA,NA,NA,NA,NA,NA,2023,0.5
"3","1","V",NA,NA,NA,NA,NA,"<1","1.5",1,"0.5",NA,NA,NA,NA,"N",NA,NA,2023-08-08,"YOSE7","SHS",2024-02-13,NA,NA,NA,NA,NA,NA,NA,NA,NA,NA,NA,2023,0.5
"3","1","V",NA,NA,NA,NA,NA,"<1","1.0",1,"0.5",NA,NA,NA,NA,"N",NA,NA,2023-08-08,"YOSE7","SHS",2024-02-13,NA,NA,NA,NA,NA,NA,NA,NA,NA,NA,NA,2023,0.5
"3","1","V",NA,NA,NA,NA,NA,"<1","1.5",1,"0.4",NA,NA,NA,NA,"Y",NA,NA,2023-08-08,"YOSE7","SHS",2024-02-13,NA,NA,NA,NA,NA,NA,NA,NA,NA,NA,NA,2023,0.5
"3","1","V",NA,NA,NA,NA,NA,"<1","1.0",1,"0.7",NA,NA,NA,NA,"N",NA,NA,2023-08-08,"YOSE7","SHS",2024-02-13,NA,NA,NA,NA,NA,NA,NA,NA,NA,NA,NA,2023,0.5
"3","1","V",NA,NA,NA,NA,NA,"<1","1.1",1,"0.3",NA,NA,NA,NA,"N",NA,NA,2023-08-08,"YOSE7","SHS",2024-02-13,NA,NA,NA,NA,NA,NA,NA,NA,NA,NA,NA,2023,0.5
"3","1","V",NA,NA,NA,NA,NA,"<1","0.9",1,"0.3",NA,NA,NA,NA,"N",NA,NA,2023-08-08,"YOSE7","SHS",2024-02-13,NA,NA,NA,NA,NA,NA,NA,NA,NA,NA,NA,2023,0.5
"3","1","V",NA,NA,NA,NA,NA,"<1","1.0",1,"0.4",NA,NA,NA,NA,"N",NA,NA,2023-08-08,"YOSE7","SHS",2024-02-13,NA,NA,NA,NA,NA,NA,NA,NA,NA,NA,NA,2023,0.5
"3","1","V",NA,NA,NA,NA,NA,"<1","0.7",1,"0.4",NA,NA,NA,NA,"N",NA,NA,2023-08-08,"YOSE7","SHS",2024-02-13,NA,NA,NA,NA,NA,NA,NA,NA,NA,NA,NA,2023,0.5
"3","1","V",NA,NA,NA,NA,NA,"<1","1.5",1,"0.8",NA,NA,NA,NA,"N",NA,NA,2023-08-08,"YOSE7","SHS",2024-02-13,NA,NA,NA,NA,NA,NA,NA,NA,NA,NA,NA,2023,0.5
"3","1","V",NA,NA,NA,NA,NA,"<1","1.0",1,"0.3",NA,NA,NA,NA,"N",NA,NA,2023-08-08,"YOSE7","SHS",2024-02-13,NA,NA,NA,NA,NA,NA,NA,NA,NA,NA,NA,2023,0.5
"3","1","V",NA,NA,NA,NA,NA,"<1","1.5",1,"0.7",NA,NA,NA,NA,"N",NA,NA,2023-08-08,"YOSE7","SHS",2024-02-13,NA,NA,NA,NA,NA,NA,NA,NA,NA,NA,NA,2023,0.5
"3","1.5","X",7,13,"purple",NA,NA,NA,NA,NA,NA,NA,NA,NA,NA,"N",NA,NA,2023-08-08,"YOSE7","SHS",2024-02-13,NA,NA,NA,NA,NA,NA,NA,NA,NA,NA,NA,2023,NA
"3","1.5","X",5,14,"purple",NA,NA,NA,NA,NA,NA,NA,NA,NA,NA,"N",NA,NA,2023-08-08,"YOSE7","SHS",2024-02-13,NA,NA,NA,NA,NA,NA,NA,NA,NA,NA,NA,2023,NA
"3","1.5","X",9,18,"purple",NA,NA,NA,NA,NA,NA,NA,NA,NA,NA,"N",NA,NA,2023-08-08,"YOSE7","SHS",2024-02-13,NA,NA,NA,NA,NA,NA,NA,NA,NA,NA,NA,2023,NA
"3","1.5","P",4,10,"purple",NA,NA,"1.23","10.7",2,NA,"9.0","2.0",1.3,2,"Y",NA,NA,2023-08-08,"YOSE7","SHS",2024-02-13,NA,NA,NA,NA,NA,NA,NA,NA,NA,NA,NA,2023,1.23
"3","1.5","V",NA,NA,NA,NA,NA,"<1","<1",1,"<.5",NA,NA,NA,NA,"N",NA,NA,2023-08-08,"YOSE7","SHS",2024-02-13,NA,NA,NA,NA,NA,NA,NA,NA,NA,NA,NA,2023,0.5
"3","1.5","V",NA,NA,NA,NA,NA,"<1","<1",1,"<.5",NA,NA,NA,NA,"N",NA,NA,2023-08-08,"YOSE7","SHS",2024-02-13,NA,NA,NA,NA,NA,NA,NA,NA,NA,NA,NA,2023,0.5
"3","1.5","V",NA,NA,NA,NA,NA,"<1","<1",1,"<.5",NA,NA,NA,NA,"N",NA,NA,2023-08-08,"YOSE7","SHS",2024-02-13,NA,NA,NA,NA,NA,NA,NA,NA,NA,NA,NA,2023,0.5
"3","1.5","V",NA,NA,NA,NA,NA,"<1","<1",1,"<.5",NA,NA,NA,NA,"N",NA,NA,2023-08-08,"YOSE7","SHS",2024-02-13,NA,NA,NA,NA,NA,NA,NA,NA,NA,NA,NA,2023,0.5
"3","1.5","V",NA,NA,NA,NA,NA,"<1","<1",1,"<.5",NA,NA,NA,NA,"N",NA,NA,2023-08-08,"YOSE7","SHS",2024-02-13,NA,NA,NA,NA,NA,NA,NA,NA,NA,NA,NA,2023,0.5
"3","1.5","V",NA,NA,NA,NA,NA,"<1","<1",1,"<.5",NA,NA,NA,NA,"N",NA,NA,2023-08-08,"YOSE7","SHS",2024-02-13,NA,NA,NA,NA,NA,NA,NA,NA,NA,NA,NA,2023,0.5
"3","1.5","V",NA,NA,NA,NA,NA,"<1","<1",1,"<.5",NA,NA,NA,NA,"N",NA,NA,2023-08-08,"YOSE7","SHS",2024-02-13,NA,NA,NA,NA,NA,NA,NA,NA,NA,NA,NA,2023,0.5
"3","1.5","V",NA,NA,NA,NA,NA,"<1","<1",1,"<.5",NA,NA,NA,NA,"N",NA,NA,2023-08-08,"YOSE7","SHS",2024-02-13,NA,NA,NA,NA,NA,NA,NA,NA,NA,NA,NA,2023,0.5
"3","1.5","V",NA,NA,NA,NA,NA,"<1","<1",1,"<.5",NA,NA,NA,NA,"N",NA,NA,2023-08-08,"YOSE7","SHS",2024-02-13,NA,NA,NA,NA,NA,NA,NA,NA,NA,NA,NA,2023,0.5
"3","1.5","V",NA,NA,NA,NA,NA,"<1","<1",1,"<.5",NA,NA,NA,NA,"N",NA,NA,2023-08-08,"YOSE7","SHS",2024-02-13,NA,NA,NA,NA,NA,NA,NA,NA,NA,NA,NA,2023,0.5
"3","1.5","V",NA,NA,NA,NA,NA,"<1","<1",1,"<.5",NA,NA,NA,NA,"N",NA,NA,2023-08-08,"YOSE7","SHS",2024-02-13,NA,NA,NA,NA,NA,NA,NA,NA,NA,NA,NA,2023,0.5
"3","1.5","V",NA,NA,NA,NA,NA,"<1","<1",1,"<.5",NA,NA,NA,NA,"N",NA,NA,2023-08-08,"YOSE7","SHS",2024-02-13,NA,NA,NA,NA,NA,NA,NA,NA,NA,NA,NA,2023,0.5
"3","1.5","V",NA,NA,NA,NA,NA,"<1","<1",1,"<.5",NA,NA,NA,NA,"N",NA,NA,2023-08-08,"YOSE7","SHS",2024-02-13,NA,NA,NA,NA,NA,NA,NA,NA,NA,NA,NA,2023,0.5
"3","1.5","V",NA,NA,NA,NA,NA,"<1","<1",1,"<.5",NA,NA,NA,NA,"N",NA,NA,2023-08-08,"YOSE7","SHS",2024-02-13,NA,NA,NA,NA,NA,NA,NA,NA,NA,NA,NA,2023,0.5
"3","1.5","V",NA,NA,NA,NA,NA,"<1","<1",1,"<.5",NA,NA,NA,NA,"N",NA,NA,2023-08-08,"YOSE7","SHS",2024-02-13,NA,NA,NA,NA,NA,NA,NA,NA,NA,NA,NA,2023,0.5
"3","1.5","V",NA,NA,NA,NA,NA,"<1","<1",1,"<.5",NA,NA,NA,NA,"N",NA,NA,2023-08-08,"YOSE7","SHS",2024-02-13,NA,NA,NA,NA,NA,NA,NA,NA,NA,NA,NA,2023,0.5
"3","1.5","V",NA,NA,NA,NA,NA,"<1","<1",1,"<.5",NA,NA,NA,NA,"N",NA,NA,2023-08-08,"YOSE7","SHS",2024-02-13,NA,NA,NA,NA,NA,NA,NA,NA,NA,NA,NA,2023,0.5
"3","1.5","V",NA,NA,NA,NA,NA,"<1","<1",1,"<.5",NA,NA,NA,NA,"N",NA,NA,2023-08-08,"YOSE7","SHS",2024-02-13,NA,NA,NA,NA,NA,NA,NA,NA,NA,NA,NA,2023,0.5
"3","1.5","V",NA,NA,NA,NA,NA,"<1","<1",1,"<.5",NA,NA,NA,NA,"N",NA,NA,2023-08-08,"YOSE7","SHS",2024-02-13,NA,NA,NA,NA,NA,NA,NA,NA,NA,NA,NA,2023,0.5
"3","1.5","V",NA,NA,NA,NA,NA,"<1","<1",1,"<.5",NA,NA,NA,NA,"N",NA,NA,2023-08-08,"YOSE7","SHS",2024-02-13,NA,NA,NA,NA,NA,NA,NA,NA,NA,NA,NA,2023,0.5
"3","1.5","V",NA,NA,NA,NA,NA,"<1","<1",1,"<.5",NA,NA,NA,NA,"N",NA,NA,2023-08-08,"YOSE7","SHS",2024-02-13,NA,NA,NA,NA,NA,NA,NA,NA,NA,NA,NA,2023,0.5
"3","1.5","V",NA,NA,NA,NA,NA,"<1","<1",1,"<.5",NA,NA,NA,NA,"N",NA,NA,2023-08-08,"YOSE7","SHS",2024-02-13,NA,NA,NA,NA,NA,NA,NA,NA,NA,NA,NA,2023,0.5
"3","1.5","V",NA,NA,NA,NA,NA,"<1","<1",1,"<.5",NA,NA,NA,NA,"N",NA,NA,2023-08-08,"YOSE7","SHS",2024-02-13,NA,NA,NA,NA,NA,NA,NA,NA,NA,NA,NA,2023,0.5
"3","1.5","V",NA,NA,NA,NA,NA,"<1","<1",1,"<.5",NA,NA,NA,NA,"N",NA,NA,2023-08-08,"YOSE7","SHS",2024-02-13,NA,NA,NA,NA,NA,NA,NA,NA,NA,NA,NA,2023,0.5
"3","1.5","V",NA,NA,NA,NA,NA,"<1","<1",1,"<.5",NA,NA,NA,NA,"N",NA,NA,2023-08-08,"YOSE7","SHS",2024-02-13,NA,NA,NA,NA,NA,NA,NA,NA,NA,NA,NA,2023,0.5
"3","1.5","V",NA,NA,NA,NA,NA,"<1","<1",1,"<.5",NA,NA,NA,NA,"N",NA,NA,2023-08-08,"YOSE7","SHS",2024-02-13,NA,NA,NA,NA,NA,NA,NA,NA,NA,NA,NA,2023,0.5
"3","1.5","V",NA,NA,NA,NA,NA,"<1","<1",1,"<.5",NA,NA,NA,NA,"N",NA,NA,2023-08-08,"YOSE7","SHS",2024-02-13,NA,NA,NA,NA,NA,NA,NA,NA,NA,NA,NA,2023,0.5
"3","1.5","V",NA,NA,NA,NA,NA,"<1","<1",1,"<.5",NA,NA,NA,NA,"N",NA,NA,2023-08-08,"YOSE7","SHS",2024-02-13,NA,NA,NA,NA,NA,NA,NA,NA,NA,NA,NA,2023,0.5
"3","1.5","V",NA,NA,NA,NA,NA,"<1","<1",1,"<.5",NA,NA,NA,NA,"N",NA,NA,2023-08-08,"YOSE7","SHS",2024-02-13,NA,NA,NA,NA,NA,NA,NA,NA,NA,NA,NA,2023,0.5
"3","1.5","V",NA,NA,NA,NA,NA,"<1","<1",1,"<.5",NA,NA,NA,NA,"N",NA,NA,2023-08-08,"YOSE7","SHS",2024-02-13,NA,NA,NA,NA,NA,NA,NA,NA,NA,NA,NA,2023,0.5
"3","1.5","V",NA,NA,NA,NA,NA,"<1","<1",1,"<.5",NA,NA,NA,NA,"N",NA,NA,2023-08-08,"YOSE7","SHS",2024-02-13,NA,NA,NA,NA,NA,NA,NA,NA,NA,NA,NA,2023,0.5
"3","1.5","V",NA,NA,NA,NA,NA,"<1","<1",1,"<.5",NA,NA,NA,NA,"N",NA,NA,2023-08-08,"YOSE7","SHS",2024-02-13,NA,NA,NA,NA,NA,NA,NA,NA,NA,NA,NA,2023,0.5
"3","1.5","V",NA,NA,NA,NA,NA,"<1","<1",1,"<.5",NA,NA,NA,NA,"N",NA,NA,2023-08-08,"YOSE7","SHS",2024-02-13,NA,NA,NA,NA,NA,NA,NA,NA,NA,NA,NA,2023,0.5
"3","1.5","V",NA,NA,NA,NA,NA,"<1","<1",1,"<.5",NA,NA,NA,NA,"N",NA,NA,2023-08-08,"YOSE7","SHS",2024-02-13,NA,NA,NA,NA,NA,NA,NA,NA,NA,NA,NA,2023,0.5
"3","1.5","V",NA,NA,NA,NA,NA,"<1","<1",1,"<.5",NA,NA,NA,NA,"N",NA,NA,2023-08-08,"YOSE7","SHS",2024-02-13,NA,NA,NA,NA,NA,NA,NA,NA,NA,NA,NA,2023,0.5
"3","1.5","V",NA,NA,NA,NA,NA,"<1","<1",1,"<.5",NA,NA,NA,NA,"N",NA,NA,2023-08-08,"YOSE7","SHS",2024-02-13,NA,NA,NA,NA,NA,NA,NA,NA,NA,NA,NA,2023,0.5
"3","1.5","V",NA,NA,NA,NA,NA,"<1","<1",1,"<.5",NA,NA,NA,NA,"N",NA,NA,2023-08-08,"YOSE7","SHS",2024-02-13,NA,NA,NA,NA,NA,NA,NA,NA,NA,NA,NA,2023,0.5
"3","1.5","V",NA,NA,NA,NA,NA,"<1","<1",1,"<.5",NA,NA,NA,NA,"N",NA,NA,2023-08-08,"YOSE7","SHS",2024-02-13,NA,NA,NA,NA,NA,NA,NA,NA,NA,NA,NA,2023,0.5
"3","1.5","V",NA,NA,NA,NA,NA,"<1","<1",1,"<.5",NA,NA,NA,NA,"N",NA,NA,2023-08-08,"YOSE7","SHS",2024-02-13,NA,NA,NA,NA,NA,NA,NA,NA,NA,NA,NA,2023,0.5
"3","1.5","V",NA,NA,NA,NA,NA,"<1","<1",1,"<.5",NA,NA,NA,NA,"N",NA,NA,2023-08-08,"YOSE7","SHS",2024-02-13,NA,NA,NA,NA,NA,NA,NA,NA,NA,NA,NA,2023,0.5
"3","1.5","V",NA,NA,NA,NA,NA,"<1","<1",1,"<.5",NA,NA,NA,NA,"N",NA,NA,2023-08-08,"YOSE7","SHS",2024-02-13,NA,NA,NA,NA,NA,NA,NA,NA,NA,NA,NA,2023,0.5
"3","1.5","V",NA,NA,NA,NA,NA,"<1","<1",1,"<.5",NA,NA,NA,NA,"N",NA,NA,2023-08-08,"YOSE7","SHS",2024-02-13,NA,NA,NA,NA,NA,NA,NA,NA,NA,NA,NA,2023,0.5
"3","1.5","V",NA,NA,NA,NA,NA,"<1","<1",1,"<.5",NA,NA,NA,NA,"N",NA,NA,2023-08-08,"YOSE7","SHS",2024-02-13,NA,NA,NA,NA,NA,NA,NA,NA,NA,NA,NA,2023,0.5
"3","1.5","V",NA,NA,NA,NA,NA,"<1","<1",1,"<.5",NA,NA,NA,NA,"N",NA,NA,2023-08-08,"YOSE7","SHS",2024-02-13,NA,NA,NA,NA,NA,NA,NA,NA,NA,NA,NA,2023,0.5
"3","1.5","V",NA,NA,NA,NA,NA,"<1","<1",1,"<.5",NA,NA,NA,NA,"N",NA,NA,2023-08-08,"YOSE7","SHS",2024-02-13,NA,NA,NA,NA,NA,NA,NA,NA,NA,NA,NA,2023,0.5
"3","1.5","V",NA,NA,NA,NA,NA,"<1","<1",1,"<.5",NA,NA,NA,NA,"N",NA,NA,2023-08-08,"YOSE7","SHS",2024-02-13,NA,NA,NA,NA,NA,NA,NA,NA,NA,NA,NA,2023,0.5
"3","1.5","V",NA,NA,NA,NA,NA,"<1","<1",1,"<.5",NA,NA,NA,NA,"N",NA,NA,2023-08-08,"YOSE7","SHS",2024-02-13,NA,NA,NA,NA,NA,NA,NA,NA,NA,NA,NA,2023,0.5
"3","1.5","V",NA,NA,NA,NA,NA,"<1","<1",1,"<.5",NA,NA,NA,NA,"N",NA,NA,2023-08-08,"YOSE7","SHS",2024-02-13,NA,NA,NA,NA,NA,NA,NA,NA,NA,NA,NA,2023,0.5
"3","1.5","V",NA,NA,NA,NA,NA,"<1","<1",1,"<.5",NA,NA,NA,NA,"N",NA,NA,2023-08-08,"YOSE7","SHS",2024-02-13,NA,NA,NA,NA,NA,NA,NA,NA,NA,NA,NA,2023,0.5
"3","1.5","V",NA,NA,NA,NA,NA,"<1","<1",1,"<.5",NA,NA,NA,NA,"N",NA,NA,2023-08-08,"YOSE7","SHS",2024-02-13,NA,NA,NA,NA,NA,NA,NA,NA,NA,NA,NA,2023,0.5
"3","1.5","V",NA,NA,NA,NA,NA,"<1","<1",1,"<.5",NA,NA,NA,NA,"N",NA,NA,2023-08-08,"YOSE7","SHS",2024-02-13,NA,NA,NA,NA,NA,NA,NA,NA,NA,NA,NA,2023,0.5
"3","1.5","V",NA,NA,NA,NA,NA,"<1","<1",1,"<.5",NA,NA,NA,NA,"N",NA,NA,2023-08-08,"YOSE7","SHS",2024-02-13,NA,NA,NA,NA,NA,NA,NA,NA,NA,NA,NA,2023,0.5
"3","1.5","V",NA,NA,NA,NA,NA,"<1","<1",1,"<.5",NA,NA,NA,NA,"N",NA,NA,2023-08-08,"YOSE7","SHS",2024-02-13,NA,NA,NA,NA,NA,NA,NA,NA,NA,NA,NA,2023,0.5
"3","1.5","V",NA,NA,NA,NA,NA,"<1","<1",1,"<.5",NA,NA,NA,NA,"N",NA,NA,2023-08-08,"YOSE7","SHS",2024-02-13,NA,NA,NA,NA,NA,NA,NA,NA,NA,NA,NA,2023,0.5
"3","1.5","V",NA,NA,NA,NA,NA,"<1","<1",1,"<.5",NA,NA,NA,NA,"N",NA,NA,2023-08-08,"YOSE7","SHS",2024-02-13,NA,NA,NA,NA,NA,NA,NA,NA,NA,NA,NA,2023,0.5
"3","1.5","V",NA,NA,NA,NA,NA,"<1","<1",1,"<.5",NA,NA,NA,NA,"N",NA,NA,2023-08-08,"YOSE7","SHS",2024-02-13,NA,NA,NA,NA,NA,NA,NA,NA,NA,NA,NA,2023,0.5
"3","1.5","V",NA,NA,NA,NA,NA,"<1","<1",1,"<.5",NA,NA,NA,NA,"N",NA,NA,2023-08-08,"YOSE7","SHS",2024-02-13,NA,NA,NA,NA,NA,NA,NA,NA,NA,NA,NA,2023,0.5
"3","1.5","V",NA,NA,NA,NA,NA,"<1","<1",1,"<.5",NA,NA,NA,NA,"N",NA,NA,2023-08-08,"YOSE7","SHS",2024-02-13,NA,NA,NA,NA,NA,NA,NA,NA,NA,NA,NA,2023,0.5
"3","1.5","V",NA,NA,NA,NA,NA,"<1","<1",1,"<.5",NA,NA,NA,NA,"N",NA,NA,2023-08-08,"YOSE7","SHS",2024-02-13,NA,NA,NA,NA,NA,NA,NA,NA,NA,NA,NA,2023,0.5
"3","1.5","V",NA,NA,NA,NA,NA,"<1","<1",1,"<.5",NA,NA,NA,NA,"N",NA,NA,2023-08-08,"YOSE7","SHS",2024-02-13,NA,NA,NA,NA,NA,NA,NA,NA,NA,NA,NA,2023,0.5
"3","1.5","V",NA,NA,NA,NA,NA,"<1","<1",1,"<.5",NA,NA,NA,NA,"N",NA,NA,2023-08-08,"YOSE7","SHS",2024-02-13,NA,NA,NA,NA,NA,NA,NA,NA,NA,NA,NA,2023,0.5
"3","1.5","V",NA,NA,NA,NA,NA,"<1","<1",1,"<.5",NA,NA,NA,NA,"N",NA,NA,2023-08-08,"YOSE7","SHS",2024-02-13,NA,NA,NA,NA,NA,NA,NA,NA,NA,NA,NA,2023,0.5
"3","1.5","V",NA,NA,NA,NA,NA,"<1","<1",1,"<.5",NA,NA,NA,NA,"N",NA,NA,2023-08-08,"YOSE7","SHS",2024-02-13,NA,NA,NA,NA,NA,NA,NA,NA,NA,NA,NA,2023,0.5
"3","1.5","V",NA,NA,NA,NA,NA,"<1","<1",1,"<.5",NA,NA,NA,NA,"N",NA,NA,2023-08-08,"YOSE7","SHS",2024-02-13,NA,NA,NA,NA,NA,NA,NA,NA,NA,NA,NA,2023,0.5
"3","1.5","V",NA,NA,NA,NA,NA,"<1","<1",1,"<.5",NA,NA,NA,NA,"N",NA,NA,2023-08-08,"YOSE7","SHS",2024-02-13,NA,NA,NA,NA,NA,NA,NA,NA,NA,NA,NA,2023,0.5
"3","1.5","V",NA,NA,NA,NA,NA,"<1","<1",1,"<.5",NA,NA,NA,NA,"N",NA,NA,2023-08-08,"YOSE7","SHS",2024-02-13,NA,NA,NA,NA,NA,NA,NA,NA,NA,NA,NA,2023,0.5
"3","1.5","V",NA,NA,NA,NA,NA,"<1","<1",1,"<.5",NA,NA,NA,NA,"N",NA,NA,2023-08-08,"YOSE7","SHS",2024-02-13,NA,NA,NA,NA,NA,NA,NA,NA,NA,NA,NA,2023,0.5
"3","1.5","V",NA,NA,NA,NA,NA,"<1","<1",1,"<.5",NA,NA,NA,NA,"N",NA,NA,2023-08-08,"YOSE7","SHS",2024-02-13,NA,NA,NA,NA,NA,NA,NA,NA,NA,NA,NA,2023,0.5
"3","1.5","V",NA,NA,NA,NA,NA,"<1","<1",1,"<.5",NA,NA,NA,NA,"N",NA,NA,2023-08-08,"YOSE7","SHS",2024-02-13,NA,NA,NA,NA,NA,NA,NA,NA,NA,NA,NA,2023,0.5
"3","1.5","V",NA,NA,NA,NA,NA,"<1","<1",1,"<.5",NA,NA,NA,NA,"N",NA,NA,2023-08-08,"YOSE7","SHS",2024-02-13,NA,NA,NA,NA,NA,NA,NA,NA,NA,NA,NA,2023,0.5
"3","1.5","V",NA,NA,NA,NA,NA,"<1","<1",1,"<.5",NA,NA,NA,NA,"N",NA,NA,2023-08-08,"YOSE7","SHS",2024-02-13,NA,NA,NA,NA,NA,NA,NA,NA,NA,NA,NA,2023,0.5
"3","1.5","V",NA,NA,NA,NA,NA,"<1","<1",1,"<.5",NA,NA,NA,NA,"N",NA,NA,2023-08-08,"YOSE7","SHS",2024-02-13,NA,NA,NA,NA,NA,NA,NA,NA,NA,NA,NA,2023,0.5
"3","1.5","V",NA,NA,NA,NA,NA,"<1","<1",1,"<.5",NA,NA,NA,NA,"N",NA,NA,2023-08-08,"YOSE7","SHS",2024-02-13,NA,NA,NA,NA,NA,NA,NA,NA,NA,NA,NA,2023,0.5
"3","1.5","V",NA,NA,NA,NA,NA,"<1","<1",1,"<.5",NA,NA,NA,NA,"N",NA,NA,2023-08-08,"YOSE7","SHS",2024-02-13,NA,NA,NA,NA,NA,NA,NA,NA,NA,NA,NA,2023,0.5
"3","1.5","V",NA,NA,NA,NA,NA,"<1","<1",1,"<.5",NA,NA,NA,NA,"N",NA,NA,2023-08-08,"YOSE7","SHS",2024-02-13,NA,NA,NA,NA,NA,NA,NA,NA,NA,NA,NA,2023,0.5
"3","1.5","V",NA,NA,NA,NA,NA,"<1","<1",1,"<.5",NA,NA,NA,NA,"N",NA,NA,2023-08-08,"YOSE7","SHS",2024-02-13,NA,NA,NA,NA,NA,NA,NA,NA,NA,NA,NA,2023,0.5
"3","1.5","V",NA,NA,NA,NA,NA,"<1","<1",1,"<.5",NA,NA,NA,NA,"N",NA,NA,2023-08-08,"YOSE7","SHS",2024-02-13,NA,NA,NA,NA,NA,NA,NA,NA,NA,NA,NA,2023,0.5
"3","1.5","V",NA,NA,NA,NA,NA,"<1","<1",1,"<.5",NA,NA,NA,NA,"N",NA,NA,2023-08-08,"YOSE7","SHS",2024-02-13,NA,NA,NA,NA,NA,NA,NA,NA,NA,NA,NA,2023,0.5
"3","1.5","V",NA,NA,NA,NA,NA,"<1","<1",1,"<.5",NA,NA,NA,NA,"N",NA,NA,2023-08-08,"YOSE7","SHS",2024-02-13,NA,NA,NA,NA,NA,NA,NA,NA,NA,NA,NA,2023,0.5
"3","1.5","V",NA,NA,NA,NA,NA,"<1","<1",1,"<.5",NA,NA,NA,NA,"N",NA,NA,2023-08-08,"YOSE7","SHS",2024-02-13,NA,NA,NA,NA,NA,NA,NA,NA,NA,NA,NA,2023,0.5
"3","1.5","V",NA,NA,NA,NA,NA,"<1","<1",1,"<.5",NA,NA,NA,NA,"N",NA,NA,2023-08-08,"YOSE7","SHS",2024-02-13,NA,NA,NA,NA,NA,NA,NA,NA,NA,NA,NA,2023,0.5
"3","1.5","V",NA,NA,NA,NA,NA,"<1","<1",1,"<.5",NA,NA,NA,NA,"N",NA,NA,2023-08-08,"YOSE7","SHS",2024-02-13,NA,NA,NA,NA,NA,NA,NA,NA,NA,NA,NA,2023,0.5
"3","1.5","V",NA,NA,NA,NA,NA,"<1","<1",1,"<.5",NA,NA,NA,NA,"N",NA,NA,2023-08-08,"YOSE7","SHS",2024-02-13,NA,NA,NA,NA,NA,NA,NA,NA,NA,NA,NA,2023,0.5
"3","1.5","V",NA,NA,NA,NA,NA,"<1","<1",1,"<.5",NA,NA,NA,NA,"N",NA,NA,2023-08-08,"YOSE7","SHS",2024-02-13,NA,NA,NA,NA,NA,NA,NA,NA,NA,NA,NA,2023,0.5
"3","1.5","V",NA,NA,NA,NA,NA,"<1","<1",1,"<.5",NA,NA,NA,NA,"N",NA,NA,2023-08-08,"YOSE7","SHS",2024-02-13,NA,NA,NA,NA,NA,NA,NA,NA,NA,NA,NA,2023,0.5
"3","1.5","V",NA,NA,NA,NA,NA,"<1","<1",1,"<.5",NA,NA,NA,NA,"N",NA,NA,2023-08-08,"YOSE7","SHS",2024-02-13,NA,NA,NA,NA,NA,NA,NA,NA,NA,NA,NA,2023,0.5
"3","1.5","V",NA,NA,NA,NA,NA,"<1","<1",1,"<.5",NA,NA,NA,NA,"N",NA,NA,2023-08-08,"YOSE7","SHS",2024-02-13,NA,NA,NA,NA,NA,NA,NA,NA,NA,NA,NA,2023,0.5
"3","1.5","V",NA,NA,NA,NA,NA,"<1","<1",1,"<.5",NA,NA,NA,NA,"N",NA,NA,2023-08-08,"YOSE7","SHS",2024-02-13,NA,NA,NA,NA,NA,NA,NA,NA,NA,NA,NA,2023,0.5
"3","1.5","V",NA,NA,NA,NA,NA,"<1","<1",1,"<.5",NA,NA,NA,NA,"N",NA,NA,2023-08-08,"YOSE7","SHS",2024-02-13,NA,NA,NA,NA,NA,NA,NA,NA,NA,NA,NA,2023,0.5
"3","1.5","V",NA,NA,NA,NA,NA,"<1","<1",1,"<.5",NA,NA,NA,NA,"N",NA,NA,2023-08-08,"YOSE7","SHS",2024-02-13,NA,NA,NA,NA,NA,NA,NA,NA,NA,NA,NA,2023,0.5
"3","1.5","V",NA,NA,NA,NA,NA,"<1","<1",1,"<.5",NA,NA,NA,NA,"N",NA,NA,2023-08-08,"YOSE7","SHS",2024-02-13,NA,NA,NA,NA,NA,NA,NA,NA,NA,NA,NA,2023,0.5
"3","1.5","V",NA,NA,NA,NA,NA,"<1","<1",1,"<.5",NA,NA,NA,NA,"N",NA,NA,2023-08-08,"YOSE7","SHS",2024-02-13,NA,NA,NA,NA,NA,NA,NA,NA,NA,NA,NA,2023,0.5
"3","1.5","V",NA,NA,NA,NA,NA,"<1","<1",1,"<.5",NA,NA,NA,NA,"N",NA,NA,2023-08-08,"YOSE7","SHS",2024-02-13,NA,NA,NA,NA,NA,NA,NA,NA,NA,NA,NA,2023,0.5
"3","1.5","V",NA,NA,NA,NA,NA,"<1","<1",1,"<.5",NA,NA,NA,NA,"N",NA,NA,2023-08-08,"YOSE7","SHS",2024-02-13,NA,NA,NA,NA,NA,NA,NA,NA,NA,NA,NA,2023,0.5
"3","1.5","V",NA,NA,NA,NA,NA,"<1","<1",1,"<.5",NA,NA,NA,NA,"N",NA,NA,2023-08-08,"YOSE7","SHS",2024-02-13,NA,NA,NA,NA,NA,NA,NA,NA,NA,NA,NA,2023,0.5
"3","1.5","V",NA,NA,NA,NA,NA,"<1","<1",1,"<.5",NA,NA,NA,NA,"N",NA,NA,2023-08-08,"YOSE7","SHS",2024-02-13,NA,NA,NA,NA,NA,NA,NA,NA,NA,NA,NA,2023,0.5
"3","1.5","V",NA,NA,NA,NA,NA,"<1","<1",1,"<.5",NA,NA,NA,NA,"N",NA,NA,2023-08-08,"YOSE7","SHS",2024-02-13,NA,NA,NA,NA,NA,NA,NA,NA,NA,NA,NA,2023,0.5
"3","1.5","V",NA,NA,NA,NA,NA,"<1","<1",1,"<.5",NA,NA,NA,NA,"N",NA,NA,2023-08-08,"YOSE7","SHS",2024-02-13,NA,NA,NA,NA,NA,NA,NA,NA,NA,NA,NA,2023,0.5
"3","1.5","V",NA,NA,NA,NA,NA,"<1","<1",1,"<.5",NA,NA,NA,NA,"N",NA,NA,2023-08-08,"YOSE7","SHS",2024-02-13,NA,NA,NA,NA,NA,NA,NA,NA,NA,NA,NA,2023,0.5
"3","1.5","V",NA,NA,NA,NA,NA,"<1","<1",1,"<.5",NA,NA,NA,NA,"N",NA,NA,2023-08-08,"YOSE7","SHS",2024-02-13,NA,NA,NA,NA,NA,NA,NA,NA,NA,NA,NA,2023,0.5
"3","1.5","V",NA,NA,NA,NA,NA,"<1","<1",1,"<.5",NA,NA,NA,NA,"N",NA,NA,2023-08-08,"YOSE7","SHS",2024-02-13,NA,NA,NA,NA,NA,NA,NA,NA,NA,NA,NA,2023,0.5
"3","1.5","V",NA,NA,NA,NA,NA,"<1","<1",1,"<.5",NA,NA,NA,NA,"N",NA,NA,2023-08-08,"YOSE7","SHS",2024-02-13,NA,NA,NA,NA,NA,NA,NA,NA,NA,NA,NA,2023,0.5
"3","1.5","V",NA,NA,NA,NA,NA,"<1","<1",1,"<.5",NA,NA,NA,NA,"N",NA,NA,2023-08-08,"YOSE7","SHS",2024-02-13,NA,NA,NA,NA,NA,NA,NA,NA,NA,NA,NA,2023,0.5
"3","1.5","V",NA,NA,NA,NA,NA,"<1","<1",1,"<.5",NA,NA,NA,NA,"N",NA,NA,2023-08-08,"YOSE7","SHS",2024-02-13,NA,NA,NA,NA,NA,NA,NA,NA,NA,NA,NA,2023,0.5
"3","1.5","V",NA,NA,NA,NA,NA,"<1","<1",1,"<.5",NA,NA,NA,NA,"N",NA,NA,2023-08-08,"YOSE7","SHS",2024-02-13,NA,NA,NA,NA,NA,NA,NA,NA,NA,NA,NA,2023,0.5
"3","1.5","V",NA,NA,NA,NA,NA,"<1","<1",1,"<.5",NA,NA,NA,NA,"N",NA,NA,2023-08-08,"YOSE7","SHS",2024-02-13,NA,NA,NA,NA,NA,NA,NA,NA,NA,NA,NA,2023,0.5
"3","1.5","V",NA,NA,NA,NA,NA,"<1","<1",1,"<.5",NA,NA,NA,NA,"N",NA,NA,2023-08-08,"YOSE7","SHS",2024-02-13,NA,NA,NA,NA,NA,NA,NA,NA,NA,NA,NA,2023,0.5
"3","1.5","V",NA,NA,NA,NA,NA,"<1","<1",1,"<.5",NA,NA,NA,NA,"N",NA,NA,2023-08-08,"YOSE7","SHS",2024-02-13,NA,NA,NA,NA,NA,NA,NA,NA,NA,NA,NA,2023,0.5
"3","1.5","V",NA,NA,NA,NA,NA,"<1","<1",1,"<.5",NA,NA,NA,NA,"N",NA,NA,2023-08-08,"YOSE7","SHS",2024-02-13,NA,NA,NA,NA,NA,NA,NA,NA,NA,NA,NA,2023,0.5
"3","1.5","V",NA,NA,NA,NA,NA,"<1","<1",1,"<.5",NA,NA,NA,NA,"N",NA,NA,2023-08-08,"YOSE7","SHS",2024-02-13,NA,NA,NA,NA,NA,NA,NA,NA,NA,NA,NA,2023,0.5
"3","1.5","V",NA,NA,NA,NA,NA,"<1","<1",1,"<.5",NA,NA,NA,NA,"N",NA,NA,2023-08-08,"YOSE7","SHS",2024-02-13,NA,NA,NA,NA,NA,NA,NA,NA,NA,NA,NA,2023,0.5
"3","1.5","V",NA,NA,NA,NA,NA,"<1","<1",1,"<.5",NA,NA,NA,NA,"N",NA,NA,2023-08-08,"YOSE7","SHS",2024-02-13,NA,NA,NA,NA,NA,NA,NA,NA,NA,NA,NA,2023,0.5
"3","1.5","V",NA,NA,NA,NA,NA,"<1","<1",1,"<.5",NA,NA,NA,NA,"N",NA,NA,2023-08-08,"YOSE7","SHS",2024-02-13,NA,NA,NA,NA,NA,NA,NA,NA,NA,NA,NA,2023,0.5
"3","1.5","V",NA,NA,NA,NA,NA,"<1","<1",1,"<.5",NA,NA,NA,NA,"N",NA,NA,2023-08-08,"YOSE7","SHS",2024-02-13,NA,NA,NA,NA,NA,NA,NA,NA,NA,NA,NA,2023,0.5
"3","1.5","V",NA,NA,NA,NA,NA,"<1","<1",1,"<.5",NA,NA,NA,NA,"N",NA,NA,2023-08-08,"YOSE7","SHS",2024-02-13,NA,NA,NA,NA,NA,NA,NA,NA,NA,NA,NA,2023,0.5
"3","1.5","V",NA,NA,NA,NA,NA,"<1","<1",1,"<.5",NA,NA,NA,NA,"N",NA,NA,2023-08-08,"YOSE7","SHS",2024-02-13,NA,NA,NA,NA,NA,NA,NA,NA,NA,NA,NA,2023,0.5
"3","1.5","V",NA,NA,NA,NA,NA,"<1","<1",1,"<.5",NA,NA,NA,NA,"N",NA,NA,2023-08-08,"YOSE7","SHS",2024-02-13,NA,NA,NA,NA,NA,NA,NA,NA,NA,NA,NA,2023,0.5
"3","1.5","V",NA,NA,NA,NA,NA,"<1","<1",1,"<.5",NA,NA,NA,NA,"N",NA,NA,2023-08-08,"YOSE7","SHS",2024-02-13,NA,NA,NA,NA,NA,NA,NA,NA,NA,NA,NA,2023,0.5
"3","1.5","V",NA,NA,NA,NA,NA,"<1","<1",1,"<.5",NA,NA,NA,NA,"N",NA,NA,2023-08-08,"YOSE7","SHS",2024-02-13,NA,NA,NA,NA,NA,NA,NA,NA,NA,NA,NA,2023,0.5
"3","1.5","V",NA,NA,NA,NA,NA,"<1","<1",1,"<.5",NA,NA,NA,NA,"N",NA,NA,2023-08-08,"YOSE7","SHS",2024-02-13,NA,NA,NA,NA,NA,NA,NA,NA,NA,NA,NA,2023,0.5
"3","1.5","V",NA,NA,NA,NA,NA,"<1","<1",1,"<.5",NA,NA,NA,NA,"N",NA,NA,2023-08-08,"YOSE7","SHS",2024-02-13,NA,NA,NA,NA,NA,NA,NA,NA,NA,NA,NA,2023,0.5
"3","1.5","V",NA,NA,NA,NA,NA,"<1","<1",1,"<.5",NA,NA,NA,NA,"N",NA,NA,2023-08-08,"YOSE7","SHS",2024-02-13,NA,NA,NA,NA,NA,NA,NA,NA,NA,NA,NA,2023,0.5
"3","1.5","V",NA,NA,NA,NA,NA,"<1","<1",1,"<.5",NA,NA,NA,NA,"N",NA,NA,2023-08-08,"YOSE7","SHS",2024-02-13,NA,NA,NA,NA,NA,NA,NA,NA,NA,NA,NA,2023,0.5
"3","1.5","V",NA,NA,NA,NA,NA,"<1","<1",1,"<.5",NA,NA,NA,NA,"N",NA,NA,2023-08-08,"YOSE7","SHS",2024-02-13,NA,NA,NA,NA,NA,NA,NA,NA,NA,NA,NA,2023,0.5
"3","1.5","V",NA,NA,NA,NA,NA,"<1","<1",1,"<.5",NA,NA,NA,NA,"N",NA,NA,2023-08-08,"YOSE7","SHS",2024-02-13,NA,NA,NA,NA,NA,NA,NA,NA,NA,NA,NA,2023,0.5
"3","1.5","V",NA,NA,NA,NA,NA,"<1","<1",1,"<.5",NA,NA,NA,NA,"N",NA,NA,2023-08-08,"YOSE7","SHS",2024-02-13,NA,NA,NA,NA,NA,NA,NA,NA,NA,NA,NA,2023,0.5
"3","1.5","V",NA,NA,NA,NA,NA,"<1","<1",1,"<.5",NA,NA,NA,NA,"N",NA,NA,2023-08-08,"YOSE7","SHS",2024-02-13,NA,NA,NA,NA,NA,NA,NA,NA,NA,NA,NA,2023,0.5
"3","1.5","V",NA,NA,NA,NA,NA,"<1","<1",1,"<.5",NA,NA,NA,NA,"N",NA,NA,2023-08-08,"YOSE7","SHS",2024-02-13,NA,NA,NA,NA,NA,NA,NA,NA,NA,NA,NA,2023,0.5
"3","1.5","V",NA,NA,NA,NA,NA,"<1","<1",1,"<.5",NA,NA,NA,NA,"N",NA,NA,2023-08-08,"YOSE7","SHS",2024-02-13,NA,NA,NA,NA,NA,NA,NA,NA,NA,NA,NA,2023,0.5
"3","1.5","V",NA,NA,NA,NA,NA,"<1","<1",1,"<.5",NA,NA,NA,NA,"N",NA,NA,2023-08-08,"YOSE7","SHS",2024-02-13,NA,NA,NA,NA,NA,NA,NA,NA,NA,NA,NA,2023,0.5
"3","1.5","V",NA,NA,NA,NA,NA,"<1","<1",1,"<.5",NA,NA,NA,NA,"N",NA,NA,2023-08-08,"YOSE7","SHS",2024-02-13,NA,NA,NA,NA,NA,NA,NA,NA,NA,NA,NA,2023,0.5
"3","1.5","V",NA,NA,NA,NA,NA,"<1","<1",1,"<.5",NA,NA,NA,NA,"N",NA,NA,2023-08-08,"YOSE7","SHS",2024-02-13,NA,NA,NA,NA,NA,NA,NA,NA,NA,NA,NA,2023,0.5
"3","1.5","V",NA,NA,NA,NA,NA,"<1","<1",1,"<.5",NA,NA,NA,NA,"N",NA,NA,2023-08-08,"YOSE7","SHS",2024-02-13,NA,NA,NA,NA,NA,NA,NA,NA,NA,NA,NA,2023,0.5
"3","1.5","V",NA,NA,NA,NA,NA,"<1","<1",1,"<.5",NA,NA,NA,NA,"N",NA,NA,2023-08-08,"YOSE7","SHS",2024-02-13,NA,NA,NA,NA,NA,NA,NA,NA,NA,NA,NA,2023,0.5
"3","1.5","V",NA,NA,NA,NA,NA,"<1","<1",1,"<.5",NA,NA,NA,NA,"N",NA,NA,2023-08-08,"YOSE7","SHS",2024-02-13,NA,NA,NA,NA,NA,NA,NA,NA,NA,NA,NA,2023,0.5
"3","1.5","V",NA,NA,NA,NA,NA,"<1","<1",1,"<.5",NA,NA,NA,NA,"N",NA,NA,2023-08-08,"YOSE7","SHS",2024-02-13,NA,NA,NA,NA,NA,NA,NA,NA,NA,NA,NA,2023,0.5
"3","1.5","V",NA,NA,NA,NA,NA,"<1","<1",1,"<.5",NA,NA,NA,NA,"N",NA,NA,2023-08-08,"YOSE7","SHS",2024-02-13,NA,NA,NA,NA,NA,NA,NA,NA,NA,NA,NA,2023,0.5
"3","1.5","V",NA,NA,NA,NA,NA,"<1","<1",1,"<.5",NA,NA,NA,NA,"N",NA,NA,2023-08-08,"YOSE7","SHS",2024-02-13,NA,NA,NA,NA,NA,NA,NA,NA,NA,NA,NA,2023,0.5
"3","1.5","V",NA,NA,NA,NA,NA,"<1","<1",1,"<.5",NA,NA,NA,NA,"N",NA,NA,2023-08-08,"YOSE7","SHS",2024-02-13,NA,NA,NA,NA,NA,NA,NA,NA,NA,NA,NA,2023,0.5
"3","1.5","V",NA,NA,NA,NA,NA,"<1","<1",1,"<.5",NA,NA,NA,NA,"N",NA,NA,2023-08-08,"YOSE7","SHS",2024-02-13,NA,NA,NA,NA,NA,NA,NA,NA,NA,NA,NA,2023,0.5
"3","1.5","V",NA,NA,NA,NA,NA,"<1","<1",1,"<.5",NA,NA,NA,NA,"N",NA,NA,2023-08-08,"YOSE7","SHS",2024-02-13,NA,NA,NA,NA,NA,NA,NA,NA,NA,NA,NA,2023,0.5
"3","1.5","V",NA,NA,NA,NA,NA,"<1","<1",1,"<.5",NA,NA,NA,NA,"N",NA,NA,2023-08-08,"YOSE7","SHS",2024-02-13,NA,NA,NA,NA,NA,NA,NA,NA,NA,NA,NA,2023,0.5
"3","1.5","V",NA,NA,NA,NA,NA,"<1","<1",1,"<.5",NA,NA,NA,NA,"N",NA,NA,2023-08-08,"YOSE7","SHS",2024-02-13,NA,NA,NA,NA,NA,NA,NA,NA,NA,NA,NA,2023,0.5
"3","1.5","V",NA,NA,NA,NA,NA,"<1","<1",1,"<.5",NA,NA,NA,NA,"N",NA,NA,2023-08-08,"YOSE7","SHS",2024-02-13,NA,NA,NA,NA,NA,NA,NA,NA,NA,NA,NA,2023,0.5
"3","1.5","V",NA,NA,NA,NA,NA,"<1","<1",1,"<.5",NA,NA,NA,NA,"N",NA,NA,2023-08-08,"YOSE7","SHS",2024-02-13,NA,NA,NA,NA,NA,NA,NA,NA,NA,NA,NA,2023,0.5
"3","1.5","V",NA,NA,NA,NA,NA,"<1","<1",1,"<.5",NA,NA,NA,NA,"N",NA,NA,2023-08-08,"YOSE7","SHS",2024-02-13,NA,NA,NA,NA,NA,NA,NA,NA,NA,NA,NA,2023,0.5
"3","1.5","V",NA,NA,NA,NA,NA,"<1","<1",1,"<.5",NA,NA,NA,NA,"N",NA,NA,2023-08-08,"YOSE7","SHS",2024-02-13,NA,NA,NA,NA,NA,NA,NA,NA,NA,NA,NA,2023,0.5
"3","1.5","V",NA,NA,NA,NA,NA,"<1","<1",1,"<.5",NA,NA,NA,NA,"N",NA,NA,2023-08-08,"YOSE7","SHS",2024-02-13,NA,NA,NA,NA,NA,NA,NA,NA,NA,NA,NA,2023,0.5
"3","1.5","V",NA,NA,NA,NA,NA,"<1","<1",1,"<.5",NA,NA,NA,NA,"N",NA,NA,2023-08-08,"YOSE7","SHS",2024-02-13,NA,NA,NA,NA,NA,NA,NA,NA,NA,NA,NA,2023,0.5
"3","1.5","V",NA,NA,NA,NA,NA,"<1","<1",1,"<.5",NA,NA,NA,NA,"N",NA,NA,2023-08-08,"YOSE7","SHS",2024-02-13,NA,NA,NA,NA,NA,NA,NA,NA,NA,NA,NA,2023,0.5
"3","1.5","V",NA,NA,NA,NA,NA,"<1","<1",1,"<.5",NA,NA,NA,NA,"N",NA,NA,2023-08-08,"YOSE7","SHS",2024-02-13,NA,NA,NA,NA,NA,NA,NA,NA,NA,NA,NA,2023,0.5
"3","1.5","V",NA,NA,NA,NA,NA,"<1","<1",1,"<.5",NA,NA,NA,NA,"N",NA,NA,2023-08-08,"YOSE7","SHS",2024-02-13,NA,NA,NA,NA,NA,NA,NA,NA,NA,NA,NA,2023,0.5
"3","1.5","V",NA,NA,NA,NA,NA,"<1","<1",1,"<.5",NA,NA,NA,NA,"N",NA,NA,2023-08-08,"YOSE7","SHS",2024-02-13,NA,NA,NA,NA,NA,NA,NA,NA,NA,NA,NA,2023,0.5
"3","1.5","V",NA,NA,NA,NA,NA,"<1","<1",1,"<.5",NA,NA,NA,NA,"N",NA,NA,2023-08-08,"YOSE7","SHS",2024-02-13,NA,NA,NA,NA,NA,NA,NA,NA,NA,NA,NA,2023,0.5
"3","1.5","V",NA,NA,NA,NA,NA,"<1","<1",1,"<.5",NA,NA,NA,NA,"N",NA,NA,2023-08-08,"YOSE7","SHS",2024-02-13,NA,NA,NA,NA,NA,NA,NA,NA,NA,NA,NA,2023,0.5
"3","1.5","V",NA,NA,NA,NA,NA,"<1","<1",1,"<.5",NA,NA,NA,NA,"N",NA,NA,2023-08-08,"YOSE7","SHS",2024-02-13,NA,NA,NA,NA,NA,NA,NA,NA,NA,NA,NA,2023,0.5
"3","1.5","V",NA,NA,NA,NA,NA,"<1","<1",1,"<.5",NA,NA,NA,NA,"N",NA,NA,2023-08-08,"YOSE7","SHS",2024-02-13,NA,NA,NA,NA,NA,NA,NA,NA,NA,NA,NA,2023,0.5
"3","1.5","V",NA,NA,NA,NA,NA,"<1","<1",1,"<.5",NA,NA,NA,NA,"N",NA,NA,2023-08-08,"YOSE7","SHS",2024-02-13,NA,NA,NA,NA,NA,NA,NA,NA,NA,NA,NA,2023,0.5
"3","1.5","V",NA,NA,NA,NA,NA,"<1","<1",1,"<.5",NA,NA,NA,NA,"N",NA,NA,2023-08-08,"YOSE7","SHS",2024-02-13,NA,NA,NA,NA,NA,NA,NA,NA,NA,NA,NA,2023,0.5
"3","1.5","V",NA,NA,NA,NA,NA,"<1","<1",1,"<.5",NA,NA,NA,NA,"N",NA,NA,2023-08-08,"YOSE7","SHS",2024-02-13,NA,NA,NA,NA,NA,NA,NA,NA,NA,NA,NA,2023,0.5
"3","1.5","V",NA,NA,NA,NA,NA,"<1","<1",1,"<.5",NA,NA,NA,NA,"N",NA,NA,2023-08-08,"YOSE7","SHS",2024-02-13,NA,NA,NA,NA,NA,NA,NA,NA,NA,NA,NA,2023,0.5
"3","1.5","V",NA,NA,NA,NA,NA,"<1","<1",1,"<.5",NA,NA,NA,NA,"N",NA,NA,2023-08-08,"YOSE7","SHS",2024-02-13,NA,NA,NA,NA,NA,NA,NA,NA,NA,NA,NA,2023,0.5
"3","1.5","V",NA,NA,NA,NA,NA,"<1","<1",1,"<.5",NA,NA,NA,NA,"N",NA,NA,2023-08-08,"YOSE7","SHS",2024-02-13,NA,NA,NA,NA,NA,NA,NA,NA,NA,NA,NA,2023,0.5
"3","1.5","V",NA,NA,NA,NA,NA,"<1","<1",1,"<.5",NA,NA,NA,NA,"N",NA,NA,2023-08-08,"YOSE7","SHS",2024-02-13,NA,NA,NA,NA,NA,NA,NA,NA,NA,NA,NA,2023,0.5
"3","1.5","V",NA,NA,NA,NA,NA,"<1","<1",1,"<.5",NA,NA,NA,NA,"N",NA,NA,2023-08-08,"YOSE7","SHS",2024-02-13,NA,NA,NA,NA,NA,NA,NA,NA,NA,NA,NA,2023,0.5
"3","1.5","V",NA,NA,NA,NA,NA,"<1","<1",1,"<.5",NA,NA,NA,NA,"N",NA,NA,2023-08-08,"YOSE7","SHS",2024-02-13,NA,NA,NA,NA,NA,NA,NA,NA,NA,NA,NA,2023,0.5
"3","1.5","V",NA,NA,NA,NA,NA,"<1","<1",1,"<.5",NA,NA,NA,NA,"N",NA,NA,2023-08-08,"YOSE7","SHS",2024-02-13,NA,NA,NA,NA,NA,NA,NA,NA,NA,NA,NA,2023,0.5
"3","1.5","V",NA,NA,NA,NA,NA,"<1","<1",1,"<.5",NA,NA,NA,NA,"N",NA,NA,2023-08-08,"YOSE7","SHS",2024-02-13,NA,NA,NA,NA,NA,NA,NA,NA,NA,NA,NA,2023,0.5
"3","1.5","V",NA,NA,NA,NA,NA,"<1","<1",1,"<.5",NA,NA,NA,NA,"N",NA,NA,2023-08-08,"YOSE7","SHS",2024-02-13,NA,NA,NA,NA,NA,NA,NA,NA,NA,NA,NA,2023,0.5
"3","1.5","V",NA,NA,NA,NA,NA,"<1","<1",1,"<.5",NA,NA,NA,NA,"N",NA,NA,2023-08-08,"YOSE7","SHS",2024-02-13,NA,NA,NA,NA,NA,NA,NA,NA,NA,NA,NA,2023,0.5
"3","1.5","V",NA,NA,NA,NA,NA,"<1","<1",1,"<.5",NA,NA,NA,NA,"N",NA,NA,2023-08-08,"YOSE7","SHS",2024-02-13,NA,NA,NA,NA,NA,NA,NA,NA,NA,NA,NA,2023,0.5
"3","1.5","V",NA,NA,NA,NA,NA,"<1","<1",1,"<.5",NA,NA,NA,NA,"N",NA,NA,2023-08-08,"YOSE7","SHS",2024-02-13,NA,NA,NA,NA,NA,NA,NA,NA,NA,NA,NA,2023,0.5
"3","1.5","V",NA,NA,NA,NA,NA,"<1","<1",1,"<.5",NA,NA,NA,NA,"N",NA,NA,2023-08-08,"YOSE7","SHS",2024-02-13,NA,NA,NA,NA,NA,NA,NA,NA,NA,NA,NA,2023,0.5
"3","1.5","V",NA,NA,NA,NA,NA,"<1","<1",1,"<.5",NA,NA,NA,NA,"N",NA,NA,2023-08-08,"YOSE7","SHS",2024-02-13,NA,NA,NA,NA,NA,NA,NA,NA,NA,NA,NA,2023,0.5
"3","1.5","V",NA,NA,NA,NA,NA,"<1","<1",1,"<.5",NA,NA,NA,NA,"N",NA,NA,2023-08-08,"YOSE7","SHS",2024-02-13,NA,NA,NA,NA,NA,NA,NA,NA,NA,NA,NA,2023,0.5
"3","1.5","V",NA,NA,NA,NA,NA,"<1","<1",1,"<.5",NA,NA,NA,NA,"N",NA,NA,2023-08-08,"YOSE7","SHS",2024-02-13,NA,NA,NA,NA,NA,NA,NA,NA,NA,NA,NA,2023,0.5
"3","1.5","V",NA,NA,NA,NA,NA,"<1","<1",1,"<.5",NA,NA,NA,NA,"N",NA,NA,2023-08-08,"YOSE7","SHS",2024-02-13,NA,NA,NA,NA,NA,NA,NA,NA,NA,NA,NA,2023,0.5
"3","1.5","V",NA,NA,NA,NA,NA,"<1","<1",1,"<.5",NA,NA,NA,NA,"N",NA,NA,2023-08-08,"YOSE7","SHS",2024-02-13,NA,NA,NA,NA,NA,NA,NA,NA,NA,NA,NA,2023,0.5
"3","1.5","V",NA,NA,NA,NA,NA,"<1","<1",1,"<.5",NA,NA,NA,NA,"N",NA,NA,2023-08-08,"YOSE7","SHS",2024-02-13,NA,NA,NA,NA,NA,NA,NA,NA,NA,NA,NA,2023,0.5
"3","1.5","V",NA,NA,NA,NA,NA,"<1","<1",1,"<.5",NA,NA,NA,NA,"N",NA,NA,2023-08-08,"YOSE7","SHS",2024-02-13,NA,NA,NA,NA,NA,NA,NA,NA,NA,NA,NA,2023,0.5
"3","1.5","V",NA,NA,NA,NA,NA,"<1","<1",1,"<.5",NA,NA,NA,NA,"N",NA,NA,2023-08-08,"YOSE7","SHS",2024-02-13,NA,NA,NA,NA,NA,NA,NA,NA,NA,NA,NA,2023,0.5
"3","1.5","V",NA,NA,NA,NA,NA,"<1","<1",1,"<.5",NA,NA,NA,NA,"N",NA,NA,2023-08-08,"YOSE7","SHS",2024-02-13,NA,NA,NA,NA,NA,NA,NA,NA,NA,NA,NA,2023,0.5
"3","1.5","V",NA,NA,NA,NA,NA,"<1","<1",1,"<.5",NA,NA,NA,NA,"N",NA,NA,2023-08-08,"YOSE7","SHS",2024-02-13,NA,NA,NA,NA,NA,NA,NA,NA,NA,NA,NA,2023,0.5
"3","1.5","V",NA,NA,NA,NA,NA,"<1","<1",1,"<.5",NA,NA,NA,NA,"N",NA,NA,2023-08-08,"YOSE7","SHS",2024-02-13,NA,NA,NA,NA,NA,NA,NA,NA,NA,NA,NA,2023,0.5
"3","1.5","V",NA,NA,NA,NA,NA,"<1","<1",1,"<.5",NA,NA,NA,NA,"N",NA,NA,2023-08-08,"YOSE7","SHS",2024-02-13,NA,NA,NA,NA,NA,NA,NA,NA,NA,NA,NA,2023,0.5
"3","1.5","V",NA,NA,NA,NA,NA,"<1","<1",1,"<.5",NA,NA,NA,NA,"N",NA,NA,2023-08-08,"YOSE7","SHS",2024-02-13,NA,NA,NA,NA,NA,NA,NA,NA,NA,NA,NA,2023,0.5
"3","1.5","V",NA,NA,NA,NA,NA,"<1","<1",1,"<.5",NA,NA,NA,NA,"N",NA,NA,2023-08-08,"YOSE7","SHS",2024-02-13,NA,NA,NA,NA,NA,NA,NA,NA,NA,NA,NA,2023,0.5
"3","1.5","V",NA,NA,NA,NA,NA,"<1","<1",1,"<.5",NA,NA,NA,NA,"N",NA,NA,2023-08-08,"YOSE7","SHS",2024-02-13,NA,NA,NA,NA,NA,NA,NA,NA,NA,NA,NA,2023,0.5
"3","1.5","V",NA,NA,NA,NA,NA,"<1","<1",1,"<.5",NA,NA,NA,NA,"N",NA,NA,2023-08-08,"YOSE7","SHS",2024-02-13,NA,NA,NA,NA,NA,NA,NA,NA,NA,NA,NA,2023,0.5
"3","1.5","V",NA,NA,NA,NA,NA,"<1","<1",1,"<.5",NA,NA,NA,NA,"N",NA,NA,2023-08-08,"YOSE7","SHS",2024-02-13,NA,NA,NA,NA,NA,NA,NA,NA,NA,NA,NA,2023,0.5
"3","1.5","V",NA,NA,NA,NA,NA,"<1","<1",1,"<.5",NA,NA,NA,NA,"N",NA,NA,2023-08-08,"YOSE7","SHS",2024-02-13,NA,NA,NA,NA,NA,NA,NA,NA,NA,NA,NA,2023,0.5
"3","1.5","V",NA,NA,NA,NA,NA,"<1","<1",1,"<.5",NA,NA,NA,NA,"N",NA,NA,2023-08-08,"YOSE7","SHS",2024-02-13,NA,NA,NA,NA,NA,NA,NA,NA,NA,NA,NA,2023,0.5
"3","1.5","V",NA,NA,NA,NA,NA,"<1","<1",1,"<.5",NA,NA,NA,NA,"N",NA,NA,2023-08-08,"YOSE7","SHS",2024-02-13,NA,NA,NA,NA,NA,NA,NA,NA,NA,NA,NA,2023,0.5
"3","1.5","V",NA,NA,NA,NA,NA,"<1","<1",1,"<.5",NA,NA,NA,NA,"N",NA,NA,2023-08-08,"YOSE7","SHS",2024-02-13,NA,NA,NA,NA,NA,NA,NA,NA,NA,NA,NA,2023,0.5
"3","1.5","V",NA,NA,NA,NA,NA,"<1","<1",1,"<.5",NA,NA,NA,NA,"N",NA,NA,2023-08-08,"YOSE7","SHS",2024-02-13,NA,NA,NA,NA,NA,NA,NA,NA,NA,NA,NA,2023,0.5
"3","1.5","V",NA,NA,NA,NA,NA,"<1","<1",1,"<.5",NA,NA,NA,NA,"N",NA,NA,2023-08-08,"YOSE7","SHS",2024-02-13,NA,NA,NA,NA,NA,NA,NA,NA,NA,NA,NA,2023,0.5
"3","1.5","V",NA,NA,NA,NA,NA,"<1","<1",1,"<.5",NA,NA,NA,NA,"N",NA,NA,2023-08-08,"YOSE7","SHS",2024-02-13,NA,NA,NA,NA,NA,NA,NA,NA,NA,NA,NA,2023,0.5
"3","1.5","V",NA,NA,NA,NA,NA,"<1","<1",1,"<.5",NA,NA,NA,NA,"N",NA,NA,2023-08-08,"YOSE7","SHS",2024-02-13,NA,NA,NA,NA,NA,NA,NA,NA,NA,NA,NA,2023,0.5
"3","1.5","V",NA,NA,NA,NA,NA,"<1","<1",1,"<.5",NA,NA,NA,NA,"N",NA,NA,2023-08-08,"YOSE7","SHS",2024-02-13,NA,NA,NA,NA,NA,NA,NA,NA,NA,NA,NA,2023,0.5
"3","1.5","V",NA,NA,NA,NA,NA,"<1","<1",1,"<.5",NA,NA,NA,NA,"N",NA,NA,2023-08-08,"YOSE7","SHS",2024-02-13,NA,NA,NA,NA,NA,NA,NA,NA,NA,NA,NA,2023,0.5
"3","1.5","V",NA,NA,NA,NA,NA,"<1","<1",1,"<.5",NA,NA,NA,NA,"N",NA,NA,2023-08-08,"YOSE7","SHS",2024-02-13,NA,NA,NA,NA,NA,NA,NA,NA,NA,NA,NA,2023,0.5
"3","1.5","V",NA,NA,NA,NA,NA,"<1","<1",1,"<.5",NA,NA,NA,NA,"N",NA,NA,2023-08-08,"YOSE7","SHS",2024-02-13,NA,NA,NA,NA,NA,NA,NA,NA,NA,NA,NA,2023,0.5
"3","1.5","V",NA,NA,NA,NA,NA,"<1","<1",1,"<.5",NA,NA,NA,NA,"N",NA,NA,2023-08-08,"YOSE7","SHS",2024-02-13,NA,NA,NA,NA,NA,NA,NA,NA,NA,NA,NA,2023,0.5
"3","1.5","V",NA,NA,NA,NA,NA,"<1","<1",1,"<.5",NA,NA,NA,NA,"N",NA,NA,2023-08-08,"YOSE7","SHS",2024-02-13,NA,NA,NA,NA,NA,NA,NA,NA,NA,NA,NA,2023,0.5
"3","1.5","V",NA,NA,NA,NA,NA,"<1","<1",1,"<.5",NA,NA,NA,NA,"N",NA,NA,2023-08-08,"YOSE7","SHS",2024-02-13,NA,NA,NA,NA,NA,NA,NA,NA,NA,NA,NA,2023,0.5
"3","1.5","V",NA,NA,NA,NA,NA,"<1","<1",1,"<.5",NA,NA,NA,NA,"N",NA,NA,2023-08-08,"YOSE7","SHS",2024-02-13,NA,NA,NA,NA,NA,NA,NA,NA,NA,NA,NA,2023,0.5
"3","1.5","V",NA,NA,NA,NA,NA,"<1","<1",1,"<.5",NA,NA,NA,NA,"N",NA,NA,2023-08-08,"YOSE7","SHS",2024-02-13,NA,NA,NA,NA,NA,NA,NA,NA,NA,NA,NA,2023,0.5
"3","1.5","V",NA,NA,NA,NA,NA,"<1","<1",1,"<.5",NA,NA,NA,NA,"N",NA,NA,2023-08-08,"YOSE7","SHS",2024-02-13,NA,NA,NA,NA,NA,NA,NA,NA,NA,NA,NA,2023,0.5
"3","1.5","V",NA,NA,NA,NA,NA,"<1","<1",1,"<.5",NA,NA,NA,NA,"N",NA,NA,2023-08-08,"YOSE7","SHS",2024-02-13,NA,NA,NA,NA,NA,NA,NA,NA,NA,NA,NA,2023,0.5
"3","1.5","V",NA,NA,NA,NA,NA,"<1","<1",1,"<.5",NA,NA,NA,NA,"N",NA,NA,2023-08-08,"YOSE7","SHS",2024-02-13,NA,NA,NA,NA,NA,NA,NA,NA,NA,NA,NA,2023,0.5
"3","1.5","V",NA,NA,NA,NA,NA,"<1","<1",1,"<.5",NA,NA,NA,NA,"N",NA,NA,2023-08-08,"YOSE7","SHS",2024-02-13,NA,NA,NA,NA,NA,NA,NA,NA,NA,NA,NA,2023,0.5
"3","1.5","V",NA,NA,NA,NA,NA,"<1","<1",1,"<.5",NA,NA,NA,NA,"N",NA,NA,2023-08-08,"YOSE7","SHS",2024-02-13,NA,NA,NA,NA,NA,NA,NA,NA,NA,NA,NA,2023,0.5
"3","1.5","V",NA,NA,NA,NA,NA,"<1","<1",1,"<.5",NA,NA,NA,NA,"N",NA,NA,2023-08-08,"YOSE7","SHS",2024-02-13,NA,NA,NA,NA,NA,NA,NA,NA,NA,NA,NA,2023,0.5
"3","1.5","V",NA,NA,NA,NA,NA,"<1","<1",1,"<.5",NA,NA,NA,NA,"N",NA,NA,2023-08-08,"YOSE7","SHS",2024-02-13,NA,NA,NA,NA,NA,NA,NA,NA,NA,NA,NA,2023,0.5
"3","1.5","V",NA,NA,NA,NA,NA,"<1","<1",1,"<.5",NA,NA,NA,NA,"N",NA,NA,2023-08-08,"YOSE7","SHS",2024-02-13,NA,NA,NA,NA,NA,NA,NA,NA,NA,NA,NA,2023,0.5
"3","1.5","V",NA,NA,NA,NA,NA,"<1","<1",1,"<.5",NA,NA,NA,NA,"N",NA,NA,2023-08-08,"YOSE7","SHS",2024-02-13,NA,NA,NA,NA,NA,NA,NA,NA,NA,NA,NA,2023,0.5
"3","1.5","V",NA,NA,NA,NA,NA,"<1","<1",1,"<.5",NA,NA,NA,NA,"N",NA,NA,2023-08-08,"YOSE7","SHS",2024-02-13,NA,NA,NA,NA,NA,NA,NA,NA,NA,NA,NA,2023,0.5
"3","1.5","V",NA,NA,NA,NA,NA,"<1","<1",1,"<.5",NA,NA,NA,NA,"N",NA,NA,2023-08-08,"YOSE7","SHS",2024-02-13,NA,NA,NA,NA,NA,NA,NA,NA,NA,NA,NA,2023,0.5
"3","1.5","V",NA,NA,NA,NA,NA,"<1","<1",1,"<.5",NA,NA,NA,NA,"N",NA,NA,2023-08-08,"YOSE7","SHS",2024-02-13,NA,NA,NA,NA,NA,NA,NA,NA,NA,NA,NA,2023,0.5
"3","1.5","V",NA,NA,NA,NA,NA,"<1","<1",1,"<.5",NA,NA,NA,NA,"N",NA,NA,2023-08-08,"YOSE7","SHS",2024-02-13,NA,NA,NA,NA,NA,NA,NA,NA,NA,NA,NA,2023,0.5
"3","1.5","V",NA,NA,NA,NA,NA,"<1","<1",1,"<.5",NA,NA,NA,NA,"N",NA,NA,2023-08-08,"YOSE7","SHS",2024-02-13,NA,NA,NA,NA,NA,NA,NA,NA,NA,NA,NA,2023,0.5
"3","1.5","V",NA,NA,NA,NA,NA,"<1","<1",1,"<.5",NA,NA,NA,NA,"N",NA,NA,2023-08-08,"YOSE7","SHS",2024-02-13,NA,NA,NA,NA,NA,NA,NA,NA,NA,NA,NA,2023,0.5
"3","1.5","V",NA,NA,NA,NA,NA,"<1","<1",1,"<.5",NA,NA,NA,NA,"N",NA,NA,2023-08-08,"YOSE7","SHS",2024-02-13,NA,NA,NA,NA,NA,NA,NA,NA,NA,NA,NA,2023,0.5
"3","1.5","V",NA,NA,NA,NA,NA,"<1","<1",1,"<.5",NA,NA,NA,NA,"N",NA,NA,2023-08-08,"YOSE7","SHS",2024-02-13,NA,NA,NA,NA,NA,NA,NA,NA,NA,NA,NA,2023,0.5
"3","1.5","V",NA,NA,NA,NA,NA,"<1","<1",1,"<.5",NA,NA,NA,NA,"N",NA,NA,2023-08-08,"YOSE7","SHS",2024-02-13,NA,NA,NA,NA,NA,NA,NA,NA,NA,NA,NA,2023,0.5
"3","1.5","V",NA,NA,NA,NA,NA,"<1","<1",1,"<.5",NA,NA,NA,NA,"N",NA,NA,2023-08-08,"YOSE7","SHS",2024-02-13,NA,NA,NA,NA,NA,NA,NA,NA,NA,NA,NA,2023,0.5
"3","1.5","V",NA,NA,NA,NA,NA,"<1","<1",1,"<.5",NA,NA,NA,NA,"N",NA,NA,2023-08-08,"YOSE7","SHS",2024-02-13,NA,NA,NA,NA,NA,NA,NA,NA,NA,NA,NA,2023,0.5
"3","1.5","V",NA,NA,NA,NA,NA,"<1","<1",1,"<.5",NA,NA,NA,NA,"N",NA,NA,2023-08-08,"YOSE7","SHS",2024-02-13,NA,NA,NA,NA,NA,NA,NA,NA,NA,NA,NA,2023,0.5
"3","1.5","V",NA,NA,NA,NA,NA,"<1","<1",1,"<.5",NA,NA,NA,NA,"N",NA,NA,2023-08-08,"YOSE7","SHS",2024-02-13,NA,NA,NA,NA,NA,NA,NA,NA,NA,NA,NA,2023,0.5
"3","1.5","V",NA,NA,NA,NA,NA,"<1","<1",1,"<.5",NA,NA,NA,NA,"N",NA,NA,2023-08-08,"YOSE7","SHS",2024-02-13,NA,NA,NA,NA,NA,NA,NA,NA,NA,NA,NA,2023,0.5
"3","1.5","V",NA,NA,NA,NA,NA,"<1","<1",1,"<.5",NA,NA,NA,NA,"N",NA,NA,2023-08-08,"YOSE7","SHS",2024-02-13,NA,NA,NA,NA,NA,NA,NA,NA,NA,NA,NA,2023,0.5
"3","1.5","V",NA,NA,NA,NA,NA,"<1","<1",1,"<.5",NA,NA,NA,NA,"N",NA,NA,2023-08-08,"YOSE7","SHS",2024-02-13,NA,NA,NA,NA,NA,NA,NA,NA,NA,NA,NA,2023,0.5
"3","1.5","V",NA,NA,NA,NA,NA,"<1","<1",1,"<.5",NA,NA,NA,NA,"N",NA,NA,2023-08-08,"YOSE7","SHS",2024-02-13,NA,NA,NA,NA,NA,NA,NA,NA,NA,NA,NA,2023,0.5
"3","1.5","V",NA,NA,NA,NA,NA,"<1","<1",1,"<.5",NA,NA,NA,NA,"N",NA,NA,2023-08-08,"YOSE7","SHS",2024-02-13,NA,NA,NA,NA,NA,NA,NA,NA,NA,NA,NA,2023,0.5
"3","1.5","V",NA,NA,NA,NA,NA,"<1","<1",1,"<.5",NA,NA,NA,NA,"N",NA,NA,2023-08-08,"YOSE7","SHS",2024-02-13,NA,NA,NA,NA,NA,NA,NA,NA,NA,NA,NA,2023,0.5
"3","1.5","V",NA,NA,NA,NA,NA,"<1","<1",1,"<.5",NA,NA,NA,NA,"N",NA,NA,2023-08-08,"YOSE7","SHS",2024-02-13,NA,NA,NA,NA,NA,NA,NA,NA,NA,NA,NA,2023,0.5
"3","1.5","V",NA,NA,NA,NA,NA,"<1","<1",1,"<.5",NA,NA,NA,NA,"N",NA,NA,2023-08-08,"YOSE7","SHS",2024-02-13,NA,NA,NA,NA,NA,NA,NA,NA,NA,NA,NA,2023,0.5
"3","1.5","V",NA,NA,NA,NA,NA,"<1","<1",1,"<.5",NA,NA,NA,NA,"N",NA,NA,2023-08-08,"YOSE7","SHS",2024-02-13,NA,NA,NA,NA,NA,NA,NA,NA,NA,NA,NA,2023,0.5
"3","1.5","V",NA,NA,NA,NA,NA,"<1","<1",1,"<.5",NA,NA,NA,NA,"N",NA,NA,2023-08-08,"YOSE7","SHS",2024-02-13,NA,NA,NA,NA,NA,NA,NA,NA,NA,NA,NA,2023,0.5
"3","1.5","V",NA,NA,NA,NA,NA,"<1","<1",1,"<.5",NA,NA,NA,NA,"N",NA,NA,2023-08-08,"YOSE7","SHS",2024-02-13,NA,NA,NA,NA,NA,NA,NA,NA,NA,NA,NA,2023,0.5
"3","1.5","V",NA,NA,NA,NA,NA,"<1","<1",1,"<.5",NA,NA,NA,NA,"N",NA,NA,2023-08-08,"YOSE7","SHS",2024-02-13,NA,NA,NA,NA,NA,NA,NA,NA,NA,NA,NA,2023,0.5
"3","1.5","V",NA,NA,NA,NA,NA,"<1","<1",1,"<.5",NA,NA,NA,NA,"N",NA,NA,2023-08-08,"YOSE7","SHS",2024-02-13,NA,NA,NA,NA,NA,NA,NA,NA,NA,NA,NA,2023,0.5
"3","1.5","V",NA,NA,NA,NA,NA,"<1","<1",1,"<.5",NA,NA,NA,NA,"N",NA,NA,2023-08-08,"YOSE7","SHS",2024-02-13,NA,NA,NA,NA,NA,NA,NA,NA,NA,NA,NA,2023,0.5
"3","1.5","V",NA,NA,NA,NA,NA,"<1","<1",1,"<.5",NA,NA,NA,NA,"N",NA,NA,2023-08-08,"YOSE7","SHS",2024-02-13,NA,NA,NA,NA,NA,NA,NA,NA,NA,NA,NA,2023,0.5
"3","1.5","V",NA,NA,NA,NA,NA,"<1","<1",1,"<.5",NA,NA,NA,NA,"N",NA,NA,2023-08-08,"YOSE7","SHS",2024-02-13,NA,NA,NA,NA,NA,NA,NA,NA,NA,NA,NA,2023,0.5
"3","1.5","V",NA,NA,NA,NA,NA,"<1","<1",1,"<.5",NA,NA,NA,NA,"N",NA,NA,2023-08-08,"YOSE7","SHS",2024-02-13,NA,NA,NA,NA,NA,NA,NA,NA,NA,NA,NA,2023,0.5
"3","1.5","V",NA,NA,NA,NA,NA,"<1","<1",1,"<.5",NA,NA,NA,NA,"N",NA,NA,2023-08-08,"YOSE7","SHS",2024-02-13,NA,NA,NA,NA,NA,NA,NA,NA,NA,NA,NA,2023,0.5
"3","1.5","V",NA,NA,NA,NA,NA,"<1","<1",1,"<.5",NA,NA,NA,NA,"N",NA,NA,2023-08-08,"YOSE7","SHS",2024-02-13,NA,NA,NA,NA,NA,NA,NA,NA,NA,NA,NA,2023,0.5
"3","1.5","V",NA,NA,NA,NA,NA,"<1","<1",1,"<.5",NA,NA,NA,NA,"N",NA,NA,2023-08-08,"YOSE7","SHS",2024-02-13,NA,NA,NA,NA,NA,NA,NA,NA,NA,NA,NA,2023,0.5
"3","1.5","V",NA,NA,NA,NA,NA,"<1","<1",1,"<.5",NA,NA,NA,NA,"N",NA,NA,2023-08-08,"YOSE7","SHS",2024-02-13,NA,NA,NA,NA,NA,NA,NA,NA,NA,NA,NA,2023,0.5
"3","1.5","V",NA,NA,NA,NA,NA,"<1","<1",1,"<.5",NA,NA,NA,NA,"N",NA,NA,2023-08-08,"YOSE7","SHS",2024-02-13,NA,NA,NA,NA,NA,NA,NA,NA,NA,NA,NA,2023,0.5
"3","1.5","V",NA,NA,NA,NA,NA,"<1","<1",1,"<.5",NA,NA,NA,NA,"N",NA,NA,2023-08-08,"YOSE7","SHS",2024-02-13,NA,NA,NA,NA,NA,NA,NA,NA,NA,NA,NA,2023,0.5
"3","1.5","V",NA,NA,NA,NA,NA,"<1","<1",1,"<.5",NA,NA,NA,NA,"N",NA,NA,2023-08-08,"YOSE7","SHS",2024-02-13,NA,NA,NA,NA,NA,NA,NA,NA,NA,NA,NA,2023,0.5
"3","1.5","V",NA,NA,NA,NA,NA,"<1","<1",1,"<.5",NA,NA,NA,NA,"N",NA,NA,2023-08-08,"YOSE7","SHS",2024-02-13,NA,NA,NA,NA,NA,NA,NA,NA,NA,NA,NA,2023,0.5
"3","1.5","V",NA,NA,NA,NA,NA,"<1","<1",1,"<.5",NA,NA,NA,NA,"N",NA,NA,2023-08-08,"YOSE7","SHS",2024-02-13,NA,NA,NA,NA,NA,NA,NA,NA,NA,NA,NA,2023,0.5
"3","1.5","V",NA,NA,NA,NA,NA,"<1","<1",1,"<.5",NA,NA,NA,NA,"N",NA,NA,2023-08-08,"YOSE7","SHS",2024-02-13,NA,NA,NA,NA,NA,NA,NA,NA,NA,NA,NA,2023,0.5
"3","1.5","V",NA,NA,NA,NA,NA,"<1","<1",1,"<.5",NA,NA,NA,NA,"N",NA,NA,2023-08-08,"YOSE7","SHS",2024-02-13,NA,NA,NA,NA,NA,NA,NA,NA,NA,NA,NA,2023,0.5
"3","1.5","V",NA,NA,NA,NA,NA,"<1","<1",1,"<.5",NA,NA,NA,NA,"N",NA,NA,2023-08-08,"YOSE7","SHS",2024-02-13,NA,NA,NA,NA,NA,NA,NA,NA,NA,NA,NA,2023,0.5
"3","1.5","V",NA,NA,NA,NA,NA,"<1","<1",1,"<.5",NA,NA,NA,NA,"N",NA,NA,2023-08-08,"YOSE7","SHS",2024-02-13,NA,NA,NA,NA,NA,NA,NA,NA,NA,NA,NA,2023,0.5
"3","1.5","V",NA,NA,NA,NA,NA,"<1","<1",1,"<.5",NA,NA,NA,NA,"N",NA,NA,2023-08-08,"YOSE7","SHS",2024-02-13,NA,NA,NA,NA,NA,NA,NA,NA,NA,NA,NA,2023,0.5
"3","1.5","V",NA,NA,NA,NA,NA,"<1","<1",1,"<.5",NA,NA,NA,NA,"N",NA,NA,2023-08-08,"YOSE7","SHS",2024-02-13,NA,NA,NA,NA,NA,NA,NA,NA,NA,NA,NA,2023,0.5
"3","1.5","V",NA,NA,NA,NA,NA,"<1","<1",1,"<.5",NA,NA,NA,NA,"N",NA,NA,2023-08-08,"YOSE7","SHS",2024-02-13,NA,NA,NA,NA,NA,NA,NA,NA,NA,NA,NA,2023,0.5
"3","1.5","V",NA,NA,NA,NA,NA,"<1","<1",1,"<.5",NA,NA,NA,NA,"N",NA,NA,2023-08-08,"YOSE7","SHS",2024-02-13,NA,NA,NA,NA,NA,NA,NA,NA,NA,NA,NA,2023,0.5
"3","1.5","V",NA,NA,NA,NA,NA,"<1","<1",1,"<.5",NA,NA,NA,NA,"N",NA,NA,2023-08-08,"YOSE7","SHS",2024-02-13,NA,NA,NA,NA,NA,NA,NA,NA,NA,NA,NA,2023,0.5
"3","1.5","V",NA,NA,NA,NA,NA,"<1","<1",1,"<.5",NA,NA,NA,NA,"N",NA,NA,2023-08-08,"YOSE7","SHS",2024-02-13,NA,NA,NA,NA,NA,NA,NA,NA,NA,NA,NA,2023,0.5
"3","1.5","V",NA,NA,NA,NA,NA,"<1","<1",1,"<.5",NA,NA,NA,NA,"N",NA,NA,2023-08-08,"YOSE7","SHS",2024-02-13,NA,NA,NA,NA,NA,NA,NA,NA,NA,NA,NA,2023,0.5
"3","1.5","V",NA,NA,NA,NA,NA,"<1","<1",1,"<.5",NA,NA,NA,NA,"N",NA,NA,2023-08-08,"YOSE7","SHS",2024-02-13,NA,NA,NA,NA,NA,NA,NA,NA,NA,NA,NA,2023,0.5
"3","1.5","V",NA,NA,NA,NA,NA,"<1","<1",1,"<.5",NA,NA,NA,NA,"N",NA,NA,2023-08-08,"YOSE7","SHS",2024-02-13,NA,NA,NA,NA,NA,NA,NA,NA,NA,NA,NA,2023,0.5
"3","1.5","V",NA,NA,NA,NA,NA,"<1","<1",1,"<.5",NA,NA,NA,NA,"N",NA,NA,2023-08-08,"YOSE7","SHS",2024-02-13,NA,NA,NA,NA,NA,NA,NA,NA,NA,NA,NA,2023,0.5
"3","1.5","V",NA,NA,NA,NA,NA,"<1","<1",1,"<.5",NA,NA,NA,NA,"N",NA,NA,2023-08-08,"YOSE7","SHS",2024-02-13,NA,NA,NA,NA,NA,NA,NA,NA,NA,NA,NA,2023,0.5
"3","1.5","V",NA,NA,NA,NA,NA,"<1","<1",1,"<.5",NA,NA,NA,NA,"N",NA,NA,2023-08-08,"YOSE7","SHS",2024-02-13,NA,NA,NA,NA,NA,NA,NA,NA,NA,NA,NA,2023,0.5
"3","1.5","V",NA,NA,NA,NA,NA,"<1","<1",1,"<.5",NA,NA,NA,NA,"N",NA,NA,2023-08-08,"YOSE7","SHS",2024-02-13,NA,NA,NA,NA,NA,NA,NA,NA,NA,NA,NA,2023,0.5
"3","1.5","V",NA,NA,NA,NA,NA,"<1","<1",1,"<.5",NA,NA,NA,NA,"N",NA,NA,2023-08-08,"YOSE7","SHS",2024-02-13,NA,NA,NA,NA,NA,NA,NA,NA,NA,NA,NA,2023,0.5
"3","1.5","V",NA,NA,NA,NA,NA,"<1","<1",1,"<.5",NA,NA,NA,NA,"N",NA,NA,2023-08-08,"YOSE7","SHS",2024-02-13,NA,NA,NA,NA,NA,NA,NA,NA,NA,NA,NA,2023,0.5
"3","1.5","V",NA,NA,NA,NA,NA,"<1","<1",1,"<.5",NA,NA,NA,NA,"N",NA,NA,2023-08-08,"YOSE7","SHS",2024-02-13,NA,NA,NA,NA,NA,NA,NA,NA,NA,NA,NA,2023,0.5
"3","1.5","V",NA,NA,NA,NA,NA,"<1","<1",1,"<.5",NA,NA,NA,NA,"N",NA,NA,2023-08-08,"YOSE7","SHS",2024-02-13,NA,NA,NA,NA,NA,NA,NA,NA,NA,NA,NA,2023,0.5
"3","1.5","V",NA,NA,NA,NA,NA,"<1","<1",1,"<.5",NA,NA,NA,NA,"N",NA,NA,2023-08-08,"YOSE7","SHS",2024-02-13,NA,NA,NA,NA,NA,NA,NA,NA,NA,NA,NA,2023,0.5
"3","1.5","V",NA,NA,NA,NA,NA,"<1","<1",1,"<.5",NA,NA,NA,NA,"N",NA,NA,2023-08-08,"YOSE7","SHS",2024-02-13,NA,NA,NA,NA,NA,NA,NA,NA,NA,NA,NA,2023,0.5
"3","1.5","V",NA,NA,NA,NA,NA,"<1","<1",1,"<.5",NA,NA,NA,NA,"N",NA,NA,2023-08-08,"YOSE7","SHS",2024-02-13,NA,NA,NA,NA,NA,NA,NA,NA,NA,NA,NA,2023,0.5
"3","1.5","V",NA,NA,NA,NA,NA,"<1","<1",1,"<.5",NA,NA,NA,NA,"N",NA,NA,2023-08-08,"YOSE7","SHS",2024-02-13,NA,NA,NA,NA,NA,NA,NA,NA,NA,NA,NA,2023,0.5
"3","1.5","V",NA,NA,NA,NA,NA,"<1","<1",1,"<.5",NA,NA,NA,NA,"N",NA,NA,2023-08-08,"YOSE7","SHS",2024-02-13,NA,NA,NA,NA,NA,NA,NA,NA,NA,NA,NA,2023,0.5
"3","1.5","V",NA,NA,NA,NA,NA,"<1","<1",1,"<.5",NA,NA,NA,NA,"N",NA,NA,2023-08-08,"YOSE7","SHS",2024-02-13,NA,NA,NA,NA,NA,NA,NA,NA,NA,NA,NA,2023,0.5
"3","1.5","V",NA,NA,NA,NA,NA,"<1","<1",1,"<.5",NA,NA,NA,NA,"N",NA,NA,2023-08-08,"YOSE7","SHS",2024-02-13,NA,NA,NA,NA,NA,NA,NA,NA,NA,NA,NA,2023,0.5
"3","1.5","V",NA,NA,NA,NA,NA,"<1","<1",1,"<.5",NA,NA,NA,NA,"N",NA,NA,2023-08-08,"YOSE7","SHS",2024-02-13,NA,NA,NA,NA,NA,NA,NA,NA,NA,NA,NA,2023,0.5
"3","1.5","V",NA,NA,NA,NA,NA,"<1","<1",1,"<.5",NA,NA,NA,NA,"N",NA,NA,2023-08-08,"YOSE7","SHS",2024-02-13,NA,NA,NA,NA,NA,NA,NA,NA,NA,NA,NA,2023,0.5
"3","1.5","V",NA,NA,NA,NA,NA,"<1","<1",1,"<.5",NA,NA,NA,NA,"N",NA,NA,2023-08-08,"YOSE7","SHS",2024-02-13,NA,NA,NA,NA,NA,NA,NA,NA,NA,NA,NA,2023,0.5
"3","1.5","V",NA,NA,NA,NA,NA,"<1","<1",1,"<.5",NA,NA,NA,NA,"N",NA,NA,2023-08-08,"YOSE7","SHS",2024-02-13,NA,NA,NA,NA,NA,NA,NA,NA,NA,NA,NA,2023,0.5
"3","1.5","V",NA,NA,NA,NA,NA,"<1","<1",1,"<.5",NA,NA,NA,NA,"N",NA,NA,2023-08-08,"YOSE7","SHS",2024-02-13,NA,NA,NA,NA,NA,NA,NA,NA,NA,NA,NA,2023,0.5
"3","1.5","V",NA,NA,NA,NA,NA,"<1","<1",1,"<.5",NA,NA,NA,NA,"N",NA,NA,2023-08-08,"YOSE7","SHS",2024-02-13,NA,NA,NA,NA,NA,NA,NA,NA,NA,NA,NA,2023,0.5
"3","1.5","V",NA,NA,NA,NA,NA,"<1","<1",1,"<.5",NA,NA,NA,NA,"N",NA,NA,2023-08-08,"YOSE7","SHS",2024-02-13,NA,NA,NA,NA,NA,NA,NA,NA,NA,NA,NA,2023,0.5
"3","1.5","V",NA,NA,NA,NA,NA,"<1","<1",1,"<.5",NA,NA,NA,NA,"N",NA,NA,2023-08-08,"YOSE7","SHS",2024-02-13,NA,NA,NA,NA,NA,NA,NA,NA,NA,NA,NA,2023,0.5
"3","1.5","V",NA,NA,NA,NA,NA,"<1","<1",1,"<.5",NA,NA,NA,NA,"N",NA,NA,2023-08-08,"YOSE7","SHS",2024-02-13,NA,NA,NA,NA,NA,NA,NA,NA,NA,NA,NA,2023,0.5
"3","1.5","V",NA,NA,NA,NA,NA,"<1","<1",1,"<.5",NA,NA,NA,NA,"N",NA,NA,2023-08-08,"YOSE7","SHS",2024-02-13,NA,NA,NA,NA,NA,NA,NA,NA,NA,NA,NA,2023,0.5
"3","1.5","V",NA,NA,NA,NA,NA,"<1","<1",1,"<.5",NA,NA,NA,NA,"N",NA,NA,2023-08-08,"YOSE7","SHS",2024-02-13,NA,NA,NA,NA,NA,NA,NA,NA,NA,NA,NA,2023,0.5
"3","1.5","V",NA,NA,NA,NA,NA,"<1","<1",1,"<.5",NA,NA,NA,NA,"N",NA,NA,2023-08-08,"YOSE7","SHS",2024-02-13,NA,NA,NA,NA,NA,NA,NA,NA,NA,NA,NA,2023,0.5
"3","1.5","V",NA,NA,NA,NA,NA,"<1","<1",1,"<.5",NA,NA,NA,NA,"N",NA,NA,2023-08-08,"YOSE7","SHS",2024-02-13,NA,NA,NA,NA,NA,NA,NA,NA,NA,NA,NA,2023,0.5
"3","1.5","V",NA,NA,NA,NA,NA,"<1","<1",1,"<.5",NA,NA,NA,NA,"N",NA,NA,2023-08-08,"YOSE7","SHS",2024-02-13,NA,NA,NA,NA,NA,NA,NA,NA,NA,NA,NA,2023,0.5
"3","1.5","V",NA,NA,NA,NA,NA,"<1","<1",1,"<.5",NA,NA,NA,NA,"N",NA,NA,2023-08-08,"YOSE7","SHS",2024-02-13,NA,NA,NA,NA,NA,NA,NA,NA,NA,NA,NA,2023,0.5
"3","1.5","V",NA,NA,NA,NA,NA,"<1","<1",1,"<.5",NA,NA,NA,NA,"N",NA,NA,2023-08-08,"YOSE7","SHS",2024-02-13,NA,NA,NA,NA,NA,NA,NA,NA,NA,NA,NA,2023,0.5
"3","1.5","V",NA,NA,NA,NA,NA,"<1","<1",1,"<.5",NA,NA,NA,NA,"N",NA,NA,2023-08-08,"YOSE7","SHS",2024-02-13,NA,NA,NA,NA,NA,NA,NA,NA,NA,NA,NA,2023,0.5
"3","1.5","V",NA,NA,NA,NA,NA,"<1","<1",1,"<.5",NA,NA,NA,NA,"N",NA,NA,2023-08-08,"YOSE7","SHS",2024-02-13,NA,NA,NA,NA,NA,NA,NA,NA,NA,NA,NA,2023,0.5
"3","1.5","V",NA,NA,NA,NA,NA,"<1","<1",1,"<.5",NA,NA,NA,NA,"N",NA,NA,2023-08-08,"YOSE7","SHS",2024-02-13,NA,NA,NA,NA,NA,NA,NA,NA,NA,NA,NA,2023,0.5
"3","1.5","V",NA,NA,NA,NA,NA,"<1","<1",1,"<.5",NA,NA,NA,NA,"N",NA,NA,2023-08-08,"YOSE7","SHS",2024-02-13,NA,NA,NA,NA,NA,NA,NA,NA,NA,NA,NA,2023,0.5
"3","1.5","V",NA,NA,NA,NA,NA,"<1","<1",1,"<.5",NA,NA,NA,NA,"N",NA,NA,2023-08-08,"YOSE7","SHS",2024-02-13,NA,NA,NA,NA,NA,NA,NA,NA,NA,NA,NA,2023,0.5
"3","1.5","V",NA,NA,NA,NA,NA,"<1","<1",1,"<.5",NA,NA,NA,NA,"N",NA,NA,2023-08-08,"YOSE7","SHS",2024-02-13,NA,NA,NA,NA,NA,NA,NA,NA,NA,NA,NA,2023,0.5
"3","1.5","V",NA,NA,NA,NA,NA,"<1","<1",1,"<.5",NA,NA,NA,NA,"N",NA,NA,2023-08-08,"YOSE7","SHS",2024-02-13,NA,NA,NA,NA,NA,NA,NA,NA,NA,NA,NA,2023,0.5
"3","1.5","V",NA,NA,NA,NA,NA,"<1","<1",1,"<.5",NA,NA,NA,NA,"N",NA,NA,2023-08-08,"YOSE7","SHS",2024-02-13,NA,NA,NA,NA,NA,NA,NA,NA,NA,NA,NA,2023,0.5
"3","1.5","V",NA,NA,NA,NA,NA,"<1","<1",1,"<.5",NA,NA,NA,NA,"N",NA,NA,2023-08-08,"YOSE7","SHS",2024-02-13,NA,NA,NA,NA,NA,NA,NA,NA,NA,NA,NA,2023,0.5
"3","1.5","V",NA,NA,NA,NA,NA,"<1","<1",1,"<.5",NA,NA,NA,NA,"N",NA,NA,2023-08-08,"YOSE7","SHS",2024-02-13,NA,NA,NA,NA,NA,NA,NA,NA,NA,NA,NA,2023,0.5
"3","1.5","V",NA,NA,NA,NA,NA,"<1","<1",1,"<.5",NA,NA,NA,NA,"N",NA,NA,2023-08-08,"YOSE7","SHS",2024-02-13,NA,NA,NA,NA,NA,NA,NA,NA,NA,NA,NA,2023,0.5
"3","1.5","V",NA,NA,NA,NA,NA,"<1","<1",1,"<.5",NA,NA,NA,NA,"N",NA,NA,2023-08-08,"YOSE7","SHS",2024-02-13,NA,NA,NA,NA,NA,NA,NA,NA,NA,NA,NA,2023,0.5
"3","1.5","V",NA,NA,NA,NA,NA,"<1","<1",1,"<.5",NA,NA,NA,NA,"N",NA,NA,2023-08-08,"YOSE7","SHS",2024-02-13,NA,NA,NA,NA,NA,NA,NA,NA,NA,NA,NA,2023,0.5
"3","1.5","V",NA,NA,NA,NA,NA,"<1","<1",1,"<.5",NA,NA,NA,NA,"N",NA,NA,2023-08-08,"YOSE7","SHS",2024-02-13,NA,NA,NA,NA,NA,NA,NA,NA,NA,NA,NA,2023,0.5
"3","1.5","V",NA,NA,NA,NA,NA,"<1","<1",1,"<.5",NA,NA,NA,NA,"N",NA,NA,2023-08-08,"YOSE7","SHS",2024-02-13,NA,NA,NA,NA,NA,NA,NA,NA,NA,NA,NA,2023,0.5
"3","1.5","V",NA,NA,NA,NA,NA,"<1","<1",1,"<.5",NA,NA,NA,NA,"N",NA,NA,2023-08-08,"YOSE7","SHS",2024-02-13,NA,NA,NA,NA,NA,NA,NA,NA,NA,NA,NA,2023,0.5
"3","1.5","V",NA,NA,NA,NA,NA,"<1","<1",1,"<.5",NA,NA,NA,NA,"N",NA,NA,2023-08-08,"YOSE7","SHS",2024-02-13,NA,NA,NA,NA,NA,NA,NA,NA,NA,NA,NA,2023,0.5
"3","1.5","V",NA,NA,NA,NA,NA,"<1","<1",1,"<.5",NA,NA,NA,NA,"N",NA,NA,2023-08-08,"YOSE7","SHS",2024-02-13,NA,NA,NA,NA,NA,NA,NA,NA,NA,NA,NA,2023,0.5
"3","1.5","V",NA,NA,NA,NA,NA,"<1","<1",1,"<.5",NA,NA,NA,NA,"N",NA,NA,2023-08-08,"YOSE7","SHS",2024-02-13,NA,NA,NA,NA,NA,NA,NA,NA,NA,NA,NA,2023,0.5
"3","1.5","V",NA,NA,NA,NA,NA,"<1","<1",1,"<.5",NA,NA,NA,NA,"N",NA,NA,2023-08-08,"YOSE7","SHS",2024-02-13,NA,NA,NA,NA,NA,NA,NA,NA,NA,NA,NA,2023,0.5
"3","1.5","V",NA,NA,NA,NA,NA,"<1","<1",1,"<.5",NA,NA,NA,NA,"N",NA,NA,2023-08-08,"YOSE7","SHS",2024-02-13,NA,NA,NA,NA,NA,NA,NA,NA,NA,NA,NA,2023,0.5
"3","1.5","V",NA,NA,NA,NA,NA,"<1","<1",1,"<.5",NA,NA,NA,NA,"N",NA,NA,2023-08-08,"YOSE7","SHS",2024-02-13,NA,NA,NA,NA,NA,NA,NA,NA,NA,NA,NA,2023,0.5
"3","1.5","V",NA,NA,NA,NA,NA,"<1","<1",1,"<.5",NA,NA,NA,NA,"N",NA,NA,2023-08-08,"YOSE7","SHS",2024-02-13,NA,NA,NA,NA,NA,NA,NA,NA,NA,NA,NA,2023,0.5
"3","1.5","V",NA,NA,NA,NA,NA,"<1","<1",1,"<.5",NA,NA,NA,NA,"N",NA,NA,2023-08-08,"YOSE7","SHS",2024-02-13,NA,NA,NA,NA,NA,NA,NA,NA,NA,NA,NA,2023,0.5
"3","1.5","V",NA,NA,NA,NA,NA,"<1","<1",1,"<.5",NA,NA,NA,NA,"N",NA,NA,2023-08-08,"YOSE7","SHS",2024-02-13,NA,NA,NA,NA,NA,NA,NA,NA,NA,NA,NA,2023,0.5
"3","1.5","V",NA,NA,NA,NA,NA,"<1","<1",1,"<.5",NA,NA,NA,NA,"N",NA,NA,2023-08-08,"YOSE7","SHS",2024-02-13,NA,NA,NA,NA,NA,NA,NA,NA,NA,NA,NA,2023,0.5
"3","1.5","V",NA,NA,NA,NA,NA,"<1","<1",1,"<.5",NA,NA,NA,NA,"N",NA,NA,2023-08-08,"YOSE7","SHS",2024-02-13,NA,NA,NA,NA,NA,NA,NA,NA,NA,NA,NA,2023,0.5
"3","1.5","V",NA,NA,NA,NA,NA,"<1","<1",1,"<.5",NA,NA,NA,NA,"N",NA,NA,2023-08-08,"YOSE7","SHS",2024-02-13,NA,NA,NA,NA,NA,NA,NA,NA,NA,NA,NA,2023,0.5
"3","1.5","V",NA,NA,NA,NA,NA,"<1","<1",1,"<.5",NA,NA,NA,NA,"N",NA,NA,2023-08-08,"YOSE7","SHS",2024-02-13,NA,NA,NA,NA,NA,NA,NA,NA,NA,NA,NA,2023,0.5
"3","1.5","V",NA,NA,NA,NA,NA,"<1","<1",1,"<.5",NA,NA,NA,NA,"N",NA,NA,2023-08-08,"YOSE7","SHS",2024-02-13,NA,NA,NA,NA,NA,NA,NA,NA,NA,NA,NA,2023,0.5
"3","1.5","V",NA,NA,NA,NA,NA,"<1","<1",1,"<.5",NA,NA,NA,NA,"N",NA,NA,2023-08-08,"YOSE7","SHS",2024-02-13,NA,NA,NA,NA,NA,NA,NA,NA,NA,NA,NA,2023,0.5
"3","1.5","V",NA,NA,NA,NA,NA,"<1","<1",1,"<.5",NA,NA,NA,NA,"N",NA,NA,2023-08-08,"YOSE7","SHS",2024-02-13,NA,NA,NA,NA,NA,NA,NA,NA,NA,NA,NA,2023,0.5
"3","1.5","V",NA,NA,NA,NA,NA,"<1","<1",1,"<.5",NA,NA,NA,NA,"N",NA,NA,2023-08-08,"YOSE7","SHS",2024-02-13,NA,NA,NA,NA,NA,NA,NA,NA,NA,NA,NA,2023,0.5
"3","1.5","V",NA,NA,NA,NA,NA,"<1","<1",1,"<.5",NA,NA,NA,NA,"N",NA,NA,2023-08-08,"YOSE7","SHS",2024-02-13,NA,NA,NA,NA,NA,NA,NA,NA,NA,NA,NA,2023,0.5
"3","1.5","V",NA,NA,NA,NA,NA,"<1","<1",1,"<.5",NA,NA,NA,NA,"N",NA,NA,2023-08-08,"YOSE7","SHS",2024-02-13,NA,NA,NA,NA,NA,NA,NA,NA,NA,NA,NA,2023,0.5
"3","1.5","V",NA,NA,NA,NA,NA,"<1","<1",1,"<.5",NA,NA,NA,NA,"N",NA,NA,2023-08-08,"YOSE7","SHS",2024-02-13,NA,NA,NA,NA,NA,NA,NA,NA,NA,NA,NA,2023,0.5
"3","1.5","V",NA,NA,NA,NA,NA,"<1","<1",1,"<.5",NA,NA,NA,NA,"N",NA,NA,2023-08-08,"YOSE7","SHS",2024-02-13,NA,NA,NA,NA,NA,NA,NA,NA,NA,NA,NA,2023,0.5
"3","1.5","V",NA,NA,NA,NA,NA,"<1","<1",1,"<.5",NA,NA,NA,NA,"N",NA,NA,2023-08-08,"YOSE7","SHS",2024-02-13,NA,NA,NA,NA,NA,NA,NA,NA,NA,NA,NA,2023,0.5
"3","1.5","V",NA,NA,NA,NA,NA,"<1","<1",1,"<.5",NA,NA,NA,NA,"N",NA,NA,2023-08-08,"YOSE7","SHS",2024-02-13,NA,NA,NA,NA,NA,NA,NA,NA,NA,NA,NA,2023,0.5
"3","1.5","V",NA,NA,NA,NA,NA,"<1","<1",1,"<.5",NA,NA,NA,NA,"N",NA,NA,2023-08-08,"YOSE7","SHS",2024-02-13,NA,NA,NA,NA,NA,NA,NA,NA,NA,NA,NA,2023,0.5
"3","1.5","V",NA,NA,NA,NA,NA,"<1","<1",1,"<.5",NA,NA,NA,NA,"N",NA,NA,2023-08-08,"YOSE7","SHS",2024-02-13,NA,NA,NA,NA,NA,NA,NA,NA,NA,NA,NA,2023,0.5
"3","1.5","V",NA,NA,NA,NA,NA,"<1","<1",1,"<.5",NA,NA,NA,NA,"N",NA,NA,2023-08-08,"YOSE7","SHS",2024-02-13,NA,NA,NA,NA,NA,NA,NA,NA,NA,NA,NA,2023,0.5
"3","1.5","V",NA,NA,NA,NA,NA,"<1","<1",1,"<.5",NA,NA,NA,NA,"N",NA,NA,2023-08-08,"YOSE7","SHS",2024-02-13,NA,NA,NA,NA,NA,NA,NA,NA,NA,NA,NA,2023,0.5
"3","1.5","V",NA,NA,NA,NA,NA,"<1","<1",1,"<.5",NA,NA,NA,NA,"N",NA,NA,2023-08-08,"YOSE7","SHS",2024-02-13,NA,NA,NA,NA,NA,NA,NA,NA,NA,NA,NA,2023,0.5
"3","1.5","V",NA,NA,NA,NA,NA,"<1","<1",1,"<.5",NA,NA,NA,NA,"N",NA,NA,2023-08-08,"YOSE7","SHS",2024-02-13,NA,NA,NA,NA,NA,NA,NA,NA,NA,NA,NA,2023,0.5
"3","1.5","V",NA,NA,NA,NA,NA,"<1","<1",1,"<.5",NA,NA,NA,NA,"N",NA,NA,2023-08-08,"YOSE7","SHS",2024-02-13,NA,NA,NA,NA,NA,NA,NA,NA,NA,NA,NA,2023,0.5
"3","1.5","V",NA,NA,NA,NA,NA,"<1","<1",1,"<.5",NA,NA,NA,NA,"N",NA,NA,2023-08-08,"YOSE7","SHS",2024-02-13,NA,NA,NA,NA,NA,NA,NA,NA,NA,NA,NA,2023,0.5
"3","1.5","V",NA,NA,NA,NA,NA,"<1","<1",1,"<.5",NA,NA,NA,NA,"N",NA,NA,2023-08-08,"YOSE7","SHS",2024-02-13,NA,NA,NA,NA,NA,NA,NA,NA,NA,NA,NA,2023,0.5
"3","1.5","V",NA,NA,NA,NA,NA,"<1","<1",1,"<.5",NA,NA,NA,NA,"N",NA,NA,2023-08-08,"YOSE7","SHS",2024-02-13,NA,NA,NA,NA,NA,NA,NA,NA,NA,NA,NA,2023,0.5
"3","1.5","V",NA,NA,NA,NA,NA,"<1","<1",1,"<.5",NA,NA,NA,NA,"N",NA,NA,2023-08-08,"YOSE7","SHS",2024-02-13,NA,NA,NA,NA,NA,NA,NA,NA,NA,NA,NA,2023,0.5
"3","1.5","V",NA,NA,NA,NA,NA,"<1","<1",1,"<.5",NA,NA,NA,NA,"N",NA,NA,2023-08-08,"YOSE7","SHS",2024-02-13,NA,NA,NA,NA,NA,NA,NA,NA,NA,NA,NA,2023,0.5
"3","1.5","V",NA,NA,NA,NA,NA,"<1","<1",1,"<.5",NA,NA,NA,NA,"N",NA,NA,2023-08-08,"YOSE7","SHS",2024-02-13,NA,NA,NA,NA,NA,NA,NA,NA,NA,NA,NA,2023,0.5
"3","1.5","V",NA,NA,NA,NA,NA,"<1","<1",1,"<.5",NA,NA,NA,NA,"N",NA,NA,2023-08-08,"YOSE7","SHS",2024-02-13,NA,NA,NA,NA,NA,NA,NA,NA,NA,NA,NA,2023,0.5
"3","1.5","V",NA,NA,NA,NA,NA,"<1","<1",1,"<.5",NA,NA,NA,NA,"N",NA,NA,2023-08-08,"YOSE7","SHS",2024-02-13,NA,NA,NA,NA,NA,NA,NA,NA,NA,NA,NA,2023,0.5
"3","1.5","V",NA,NA,NA,NA,NA,"<1","<1",1,"<.5",NA,NA,NA,NA,"N",NA,NA,2023-08-08,"YOSE7","SHS",2024-02-13,NA,NA,NA,NA,NA,NA,NA,NA,NA,NA,NA,2023,0.5
"3","1.5","V",NA,NA,NA,NA,NA,"<1","<1",1,"<.5",NA,NA,NA,NA,"N",NA,NA,2023-08-08,"YOSE7","SHS",2024-02-13,NA,NA,NA,NA,NA,NA,NA,NA,NA,NA,NA,2023,0.5
"3","1.5","V",NA,NA,NA,NA,NA,"<1","<1",1,"<.5",NA,NA,NA,NA,"N",NA,NA,2023-08-08,"YOSE7","SHS",2024-02-13,NA,NA,NA,NA,NA,NA,NA,NA,NA,NA,NA,2023,0.5
"3","1.5","V",NA,NA,NA,NA,NA,"<1","<1",1,"<.5",NA,NA,NA,NA,"N",NA,NA,2023-08-08,"YOSE7","SHS",2024-02-13,NA,NA,NA,NA,NA,NA,NA,NA,NA,NA,NA,2023,0.5
"3","1.5","V",NA,NA,NA,NA,NA,"<1","<1",1,"<.5",NA,NA,NA,NA,"N",NA,NA,2023-08-08,"YOSE7","SHS",2024-02-13,NA,NA,NA,NA,NA,NA,NA,NA,NA,NA,NA,2023,0.5
"3","1.5","V",NA,NA,NA,NA,NA,"<1","<1",1,"<.5",NA,NA,NA,NA,"N",NA,NA,2023-08-08,"YOSE7","SHS",2024-02-13,NA,NA,NA,NA,NA,NA,NA,NA,NA,NA,NA,2023,0.5
"3","1.5","V",NA,NA,NA,NA,NA,"<1","<1",1,"<.5",NA,NA,NA,NA,"N",NA,NA,2023-08-08,"YOSE7","SHS",2024-02-13,NA,NA,NA,NA,NA,NA,NA,NA,NA,NA,NA,2023,0.5
"3","1.5","V",NA,NA,NA,NA,NA,"<1","<1",1,"<.5",NA,NA,NA,NA,"N",NA,NA,2023-08-08,"YOSE7","SHS",2024-02-13,NA,NA,NA,NA,NA,NA,NA,NA,NA,NA,NA,2023,0.5
"3","1.5","V",NA,NA,NA,NA,NA,"<1","<1",1,"<.5",NA,NA,NA,NA,"N",NA,NA,2023-08-08,"YOSE7","SHS",2024-02-13,NA,NA,NA,NA,NA,NA,NA,NA,NA,NA,NA,2023,0.5
"3","1.5","V",NA,NA,NA,NA,NA,"<1","<1",1,"<.5",NA,NA,NA,NA,"N",NA,NA,2023-08-08,"YOSE7","SHS",2024-02-13,NA,NA,NA,NA,NA,NA,NA,NA,NA,NA,NA,2023,0.5
"3","1.5","V",NA,NA,NA,NA,NA,"<1","<1",1,"<.5",NA,NA,NA,NA,"N",NA,NA,2023-08-08,"YOSE7","SHS",2024-02-13,NA,NA,NA,NA,NA,NA,NA,NA,NA,NA,NA,2023,0.5
"3","1.5","V",NA,NA,NA,NA,NA,"<1","<1",1,"<.5",NA,NA,NA,NA,"N",NA,NA,2023-08-08,"YOSE7","SHS",2024-02-13,NA,NA,NA,NA,NA,NA,NA,NA,NA,NA,NA,2023,0.5
"3","1.5","V",NA,NA,NA,NA,NA,"<1","<1",1,"<.5",NA,NA,NA,NA,"N",NA,NA,2023-08-08,"YOSE7","SHS",2024-02-13,NA,NA,NA,NA,NA,NA,NA,NA,NA,NA,NA,2023,0.5
"3","1.5","V",NA,NA,NA,NA,NA,"<1","<1",1,"<.5",NA,NA,NA,NA,"N",NA,NA,2023-08-08,"YOSE7","SHS",2024-02-13,NA,NA,NA,NA,NA,NA,NA,NA,NA,NA,NA,2023,0.5
"3","1.5","V",NA,NA,NA,NA,NA,"<1","<1",1,"<.5",NA,NA,NA,NA,"N",NA,NA,2023-08-08,"YOSE7","SHS",2024-02-13,NA,NA,NA,NA,NA,NA,NA,NA,NA,NA,NA,2023,0.5
"3","1.5","V",NA,NA,NA,NA,NA,"<1","<1",1,"<.5",NA,NA,NA,NA,"N",NA,NA,2023-08-08,"YOSE7","SHS",2024-02-13,NA,NA,NA,NA,NA,NA,NA,NA,NA,NA,NA,2023,0.5
"3","1.5","V",NA,NA,NA,NA,NA,"<1","<1",1,"<.5",NA,NA,NA,NA,"N",NA,NA,2023-08-08,"YOSE7","SHS",2024-02-13,NA,NA,NA,NA,NA,NA,NA,NA,NA,NA,NA,2023,0.5
"3","1.5","V",NA,NA,NA,NA,NA,"<1","<1",1,"<.5",NA,NA,NA,NA,"N",NA,NA,2023-08-08,"YOSE7","SHS",2024-02-13,NA,NA,NA,NA,NA,NA,NA,NA,NA,NA,NA,2023,0.5
"3","1.5","V",NA,NA,NA,NA,NA,"<1","<1",1,"<.5",NA,NA,NA,NA,"N",NA,NA,2023-08-08,"YOSE7","SHS",2024-02-13,NA,NA,NA,NA,NA,NA,NA,NA,NA,NA,NA,2023,0.5
"3","1.5","V",NA,NA,NA,NA,NA,"<1","<1",1,"<.5",NA,NA,NA,NA,"N",NA,NA,2023-08-08,"YOSE7","SHS",2024-02-13,NA,NA,NA,NA,NA,NA,NA,NA,NA,NA,NA,2023,0.5
"3","1.5","V",NA,NA,NA,NA,NA,"<1","<1",1,"<.5",NA,NA,NA,NA,"N",NA,NA,2023-08-08,"YOSE7","SHS",2024-02-13,NA,NA,NA,NA,NA,NA,NA,NA,NA,NA,NA,2023,0.5
"3","1.5","V",NA,NA,NA,NA,NA,"<1","<1",1,"<.5",NA,NA,NA,NA,"N",NA,NA,2023-08-08,"YOSE7","SHS",2024-02-13,NA,NA,NA,NA,NA,NA,NA,NA,NA,NA,NA,2023,0.5
"3","1.5","V",NA,NA,NA,NA,NA,"<1","<1",1,"<.5",NA,NA,NA,NA,"N",NA,NA,2023-08-08,"YOSE7","SHS",2024-02-13,NA,NA,NA,NA,NA,NA,NA,NA,NA,NA,NA,2023,0.5
"3","1.5","V",NA,NA,NA,NA,NA,"<1","<1",1,"<.5",NA,NA,NA,NA,"N",NA,NA,2023-08-08,"YOSE7","SHS",2024-02-13,NA,NA,NA,NA,NA,NA,NA,NA,NA,NA,NA,2023,0.5
"3","1.5","V",NA,NA,NA,NA,NA,"<1","<1",1,"<.5",NA,NA,NA,NA,"N",NA,NA,2023-08-08,"YOSE7","SHS",2024-02-13,NA,NA,NA,NA,NA,NA,NA,NA,NA,NA,NA,2023,0.5
"3","1.5","V",NA,NA,NA,NA,NA,"<1","<1",1,"<.5",NA,NA,NA,NA,"N",NA,NA,2023-08-08,"YOSE7","SHS",2024-02-13,NA,NA,NA,NA,NA,NA,NA,NA,NA,NA,NA,2023,0.5
"3","1.5","V",NA,NA,NA,NA,NA,"<1","<1",1,"<.5",NA,NA,NA,NA,"N",NA,NA,2023-08-08,"YOSE7","SHS",2024-02-13,NA,NA,NA,NA,NA,NA,NA,NA,NA,NA,NA,2023,0.5
"3","1.5","V",NA,NA,NA,NA,NA,"<1","<1",1,"<.5",NA,NA,NA,NA,"N",NA,NA,2023-08-08,"YOSE7","SHS",2024-02-13,NA,NA,NA,NA,NA,NA,NA,NA,NA,NA,NA,2023,0.5
"3","1.5","V",NA,NA,NA,NA,NA,"<1","<1",1,"<.5",NA,NA,NA,NA,"N",NA,NA,2023-08-08,"YOSE7","SHS",2024-02-13,NA,NA,NA,NA,NA,NA,NA,NA,NA,NA,NA,2023,0.5
"3","1.5","V",NA,NA,NA,NA,NA,"<1","<1",1,"<.5",NA,NA,NA,NA,"N",NA,NA,2023-08-08,"YOSE7","SHS",2024-02-13,NA,NA,NA,NA,NA,NA,NA,NA,NA,NA,NA,2023,0.5
"3","1.5","V",NA,NA,NA,NA,NA,"<1","<1",1,"<.5",NA,NA,NA,NA,"N",NA,NA,2023-08-08,"YOSE7","SHS",2024-02-13,NA,NA,NA,NA,NA,NA,NA,NA,NA,NA,NA,2023,0.5
"3","1.5","V",NA,NA,NA,NA,NA,"<1","<1",1,"<.5",NA,NA,NA,NA,"N",NA,NA,2023-08-08,"YOSE7","SHS",2024-02-13,NA,NA,NA,NA,NA,NA,NA,NA,NA,NA,NA,2023,0.5
"3","1.5","V",NA,NA,NA,NA,NA,"<1","<1",1,"<.5",NA,NA,NA,NA,"N",NA,NA,2023-08-08,"YOSE7","SHS",2024-02-13,NA,NA,NA,NA,NA,NA,NA,NA,NA,NA,NA,2023,0.5
"3","1.5","V",NA,NA,NA,NA,NA,"<1","<1",1,"<.5",NA,NA,NA,NA,"N",NA,NA,2023-08-08,"YOSE7","SHS",2024-02-13,NA,NA,NA,NA,NA,NA,NA,NA,NA,NA,NA,2023,0.5
"3","1.5","V",NA,NA,NA,NA,NA,"<1","<1",1,"<.5",NA,NA,NA,NA,"N",NA,NA,2023-08-08,"YOSE7","SHS",2024-02-13,NA,NA,NA,NA,NA,NA,NA,NA,NA,NA,NA,2023,0.5
"3","1.5","V",NA,NA,NA,NA,NA,"<1","<1",1,"<.5",NA,NA,NA,NA,"N",NA,NA,2023-08-08,"YOSE7","SHS",2024-02-13,NA,NA,NA,NA,NA,NA,NA,NA,NA,NA,NA,2023,0.5
"3","1.5","V",NA,NA,NA,NA,NA,"<1","<1",1,"<.5",NA,NA,NA,NA,"N",NA,NA,2023-08-08,"YOSE7","SHS",2024-02-13,NA,NA,NA,NA,NA,NA,NA,NA,NA,NA,NA,2023,0.5
"3","1.5","V",NA,NA,NA,NA,NA,"<1","<1",1,"<.5",NA,NA,NA,NA,"N",NA,NA,2023-08-08,"YOSE7","SHS",2024-02-13,NA,NA,NA,NA,NA,NA,NA,NA,NA,NA,NA,2023,0.5
"3","1.5","V",NA,NA,NA,NA,NA,"<1","<1",1,"<.5",NA,NA,NA,NA,"N",NA,NA,2023-08-08,"YOSE7","SHS",2024-02-13,NA,NA,NA,NA,NA,NA,NA,NA,NA,NA,NA,2023,0.5
"3","1.5","V",NA,NA,NA,NA,NA,"<1","<1",1,"<.5",NA,NA,NA,NA,"N",NA,NA,2023-08-08,"YOSE7","SHS",2024-02-13,NA,NA,NA,NA,NA,NA,NA,NA,NA,NA,NA,2023,0.5
"3","1.5","V",NA,NA,NA,NA,NA,"<1","<1",1,"<.5",NA,NA,NA,NA,"N",NA,NA,2023-08-08,"YOSE7","SHS",2024-02-13,NA,NA,NA,NA,NA,NA,NA,NA,NA,NA,NA,2023,0.5
"3","1.5","V",NA,NA,NA,NA,NA,"<1","<1",1,"<.5",NA,NA,NA,NA,"N",NA,NA,2023-08-08,"YOSE7","SHS",2024-02-13,NA,NA,NA,NA,NA,NA,NA,NA,NA,NA,NA,2023,0.5
"3","1.5","V",NA,NA,NA,NA,NA,"<1","<1",1,"<.5",NA,NA,NA,NA,"N",NA,NA,2023-08-08,"YOSE7","SHS",2024-02-13,NA,NA,NA,NA,NA,NA,NA,NA,NA,NA,NA,2023,0.5
"3","1.5","V",NA,NA,NA,NA,NA,"<1","<1",1,"<.5",NA,NA,NA,NA,"N",NA,NA,2023-08-08,"YOSE7","SHS",2024-02-13,NA,NA,NA,NA,NA,NA,NA,NA,NA,NA,NA,2023,0.5
"3","1.5","V",NA,NA,NA,NA,NA,"<1","<1",1,"<.5",NA,NA,NA,NA,"N",NA,NA,2023-08-08,"YOSE7","SHS",2024-02-13,NA,NA,NA,NA,NA,NA,NA,NA,NA,NA,NA,2023,0.5
"3","1.5","V",27,26,"pink",NA,NA,"0.61","1.7",1,"1.2",NA,NA,NA,NA,"N",NA,NA,2023-08-08,"YOSE7","SHS",2024-02-13,NA,747,NA,NA,NA,NA,NA,NA,NA,NA,NA,2023,0.5
"3","1.5","V",30,27,"pink",NA,NA,"0.52","1.9",1,"1.4",NA,NA,NA,NA,"Y",NA,NA,2023-08-08,"YOSE7","SHS",2024-02-13,NA,650,NA,NA,NA,NA,NA,NA,NA,NA,NA,2023,0.5
"3","1.5","V",14,37,"pink",NA,NA,"0.32","2.0",1,"0.9",NA,NA,NA,NA,"Y",NA,NA,2023-08-08,"YOSE7","SHS",2024-02-13,NA,21,NA,NA,NA,NA,NA,NA,NA,NA,NA,2023,0.5
"3","1.5","V",35,38,"pink",NA,NA,"0.6","1.5",1,"1.2",NA,NA,NA,NA,"N",NA,NA,2023-08-08,"YOSE7","SHS",2024-02-13,NA,356,NA,NA,NA,NA,NA,NA,NA,NA,NA,2023,0.5
"3","1.5","V",39,29,"pink",NA,NA,"0.38","2.3",1,"0.7",NA,NA,NA,NA,"Y",NA,NA,2023-08-08,"YOSE7","SHS",2024-02-13,NA,264,NA,NA,NA,NA,NA,NA,NA,NA,NA,2023,0.5
"3","1.5","V",42,10,"pink",NA,NA,"0.62","1.2",1,"0.8",NA,NA,NA,NA,"N",NA,NA,2023-08-08,"YOSE7","SHS",2024-02-13,NA,226,NA,NA,NA,NA,NA,NA,NA,NA,NA,2023,0.5
"3","1.5","V",35,20,"pink",NA,NA,"0.5","1.4",1,"0.9",NA,NA,NA,NA,"N",NA,NA,2023-08-08,"YOSE7","SHS",2024-02-13,NA,366,NA,NA,NA,NA,NA,NA,NA,NA,NA,2023,0.5
"3","1.5","V",39,47,"pink",NA,NA,"0.29","2.0",1,"1.0",NA,NA,NA,NA,"N",NA,NA,2023-08-08,"YOSE7","SHS",2024-02-13,NA,676,NA,NA,NA,NA,NA,NA,NA,NA,NA,2023,0.5
"3","1.5","V",14,29,"pink",NA,NA,"0.53","2.0",1,"0.7",NA,NA,NA,NA,"Y",NA,NA,2023-08-08,"YOSE7","SHS",2024-02-13,NA,108,NA,NA,NA,NA,NA,NA,NA,NA,NA,2023,0.5
"3","1.5","V",49,20,"pink",NA,NA,"0.8","2.2",1,"1.1",NA,NA,NA,NA,"N",NA,NA,2023-08-08,"YOSE7","SHS",2024-02-13,NA,938,NA,NA,NA,NA,NA,NA,NA,NA,NA,2023,0.5
"3","1.5","V",NA,NA,NA,NA,NA,"<1","1.4",1,"0.3",NA,NA,NA,NA,"N",NA,NA,2023-08-08,"YOSE7","SHS",2024-02-13,NA,NA,NA,NA,NA,NA,NA,NA,NA,NA,NA,2023,0.5
"3","1.5","V",NA,NA,NA,NA,NA,"<1","1.5",1,"0.4",NA,NA,NA,NA,"Y",NA,NA,2023-08-08,"YOSE7","SHS",2024-02-13,NA,NA,NA,NA,NA,NA,NA,NA,NA,NA,NA,2023,0.5
"3","1.5","V",NA,NA,NA,NA,NA,"<1","1.2",1,"0.4",NA,NA,NA,NA,"N",NA,NA,2023-08-08,"YOSE7","SHS",2024-02-13,NA,NA,NA,NA,NA,NA,NA,NA,NA,NA,NA,2023,0.5
"3","1.5","V",NA,NA,NA,NA,NA,"<1","1.3",1,"0.6",NA,NA,NA,NA,"Y",NA,NA,2023-08-08,"YOSE7","SHS",2024-02-13,NA,NA,NA,NA,NA,NA,NA,NA,NA,NA,NA,2023,0.5
"3","1.5","V",NA,NA,NA,NA,NA,"<1","1.7",1,"0.5",NA,NA,NA,NA,"N",NA,NA,2023-08-08,"YOSE7","SHS",2024-02-13,NA,NA,NA,NA,NA,NA,NA,NA,NA,NA,NA,2023,0.5
"3","1.5","V",NA,NA,NA,NA,NA,"<1","1.8",1,"0.7",NA,NA,NA,NA,"N",NA,NA,2023-08-08,"YOSE7","SHS",2024-02-13,NA,NA,NA,NA,NA,NA,NA,NA,NA,NA,NA,2023,0.5
"3","1.5","V",NA,NA,NA,NA,NA,"<1","1.5",1,"0.7",NA,NA,NA,NA,"N",NA,NA,2023-08-08,"YOSE7","SHS",2024-02-13,NA,NA,NA,NA,NA,NA,NA,NA,NA,NA,NA,2023,0.5
"3","1.5","V",NA,NA,NA,NA,NA,"<1","1.8",1,"0.8",NA,NA,NA,NA,"Y",NA,NA,2023-08-08,"YOSE7","SHS",2024-02-13,NA,NA,NA,NA,NA,NA,NA,NA,NA,NA,NA,2023,0.5
"3","1.5","V",NA,NA,NA,NA,NA,"<1","1.5",1,"0.6",NA,NA,NA,NA,"N",NA,NA,2023-08-08,"YOSE7","SHS",2024-02-13,NA,NA,NA,NA,NA,NA,NA,NA,NA,NA,NA,2023,0.5
"3","1.5","V",NA,NA,NA,NA,NA,"<1","1.5",1,"0.8",NA,NA,NA,NA,"N",NA,NA,2023-08-08,"YOSE7","SHS",2024-02-13,NA,NA,NA,NA,NA,NA,NA,NA,NA,NA,NA,2023,0.5
"3","1.5","V",NA,NA,NA,NA,NA,"<1","1.7",1,"0.7",NA,NA,NA,NA,"Y",NA,NA,2023-08-08,"YOSE7","SHS",2024-02-13,NA,NA,NA,NA,NA,NA,NA,NA,NA,NA,NA,2023,0.5
"3","1.5","V",NA,NA,NA,NA,NA,"<1","1.2",1,"0.7",NA,NA,NA,NA,"Y",NA,NA,2023-08-08,"YOSE7","SHS",2024-02-13,NA,NA,NA,NA,NA,NA,NA,NA,NA,NA,NA,2023,0.5
"3","1.5","V",NA,NA,NA,NA,NA,"<1","1.8",1,"1.5",NA,NA,NA,NA,"N",NA,NA,2023-08-08,"YOSE7","SHS",2024-02-13,NA,NA,NA,NA,NA,NA,NA,NA,NA,NA,NA,2023,0.5
"3","1.5","V",NA,NA,NA,NA,NA,"<1","1.2",1,"0.6",NA,NA,NA,NA,"Y",NA,NA,2023-08-08,"YOSE7","SHS",2024-02-13,NA,NA,NA,NA,NA,NA,NA,NA,NA,NA,NA,2023,0.5
"3","1.5","V",NA,NA,NA,NA,NA,"<1","1.2",1,"0.7",NA,NA,NA,NA,"N",NA,NA,2023-08-08,"YOSE7","SHS",2024-02-13,NA,NA,NA,NA,NA,NA,NA,NA,NA,NA,NA,2023,0.5
"3","1.5","V",NA,NA,NA,NA,NA,"<1","1.4",1,"1.1",NA,NA,NA,NA,"N",NA,NA,2023-08-08,"YOSE7","SHS",2024-02-13,NA,NA,NA,NA,NA,NA,NA,NA,NA,NA,NA,2023,0.5
"3","1.5","V",NA,NA,NA,NA,NA,"<1","1.5",1,"0.8",NA,NA,NA,NA,"N",NA,NA,2023-08-08,"YOSE7","SHS",2024-02-13,NA,NA,NA,NA,NA,NA,NA,NA,NA,NA,NA,2023,0.5
"3","1.5","V",NA,NA,NA,NA,NA,"<1","1.8",1,"0.7",NA,NA,NA,NA,"N",NA,NA,2023-08-08,"YOSE7","SHS",2024-02-13,NA,NA,NA,NA,NA,NA,NA,NA,NA,NA,NA,2023,0.5
"3","1.5","V",NA,NA,NA,NA,NA,"<1","0.7",1,"0.5",NA,NA,NA,NA,"N",NA,NA,2023-08-08,"YOSE7","SHS",2024-02-13,NA,NA,NA,NA,NA,NA,NA,NA,NA,NA,NA,2023,0.5
"3","1.5","V",NA,NA,NA,NA,NA,"<1","0.9",1,"0.7",NA,NA,NA,NA,"N",NA,NA,2023-08-08,"YOSE7","SHS",2024-02-13,NA,NA,NA,NA,NA,NA,NA,NA,NA,NA,NA,2023,0.5
"3","1.5","V",NA,NA,NA,NA,NA,"<1","1.5",1,"1.7",NA,NA,NA,NA,"N",NA,NA,2023-08-08,"YOSE7","SHS",2024-02-13,NA,NA,NA,NA,NA,NA,NA,NA,NA,NA,NA,2023,0.5
"3","1.5","V",NA,NA,NA,NA,NA,"<1","1.2",1,"0.7",NA,NA,NA,NA,"N",NA,NA,2023-08-08,"YOSE7","SHS",2024-02-13,NA,NA,NA,NA,NA,NA,NA,NA,NA,NA,NA,2023,0.5
"3","1.5","V",NA,NA,NA,NA,NA,"<1","1.0",1,"0.7",NA,NA,NA,NA,"N",NA,NA,2023-08-08,"YOSE7","SHS",2024-02-13,NA,NA,NA,NA,NA,NA,NA,NA,NA,NA,NA,2023,0.5
"3","1.5","V",NA,NA,NA,NA,NA,"<1","0.9",1,"0.7",NA,NA,NA,NA,"N",NA,NA,2023-08-08,"YOSE7","SHS",2024-02-13,NA,NA,NA,NA,NA,NA,NA,NA,NA,NA,NA,2023,0.5
"3","1.5","V",NA,NA,NA,NA,NA,"<1","1.3",1,"0.6",NA,NA,NA,NA,"N",NA,NA,2023-08-08,"YOSE7","SHS",2024-02-13,NA,NA,NA,NA,NA,NA,NA,NA,NA,NA,NA,2023,0.5
"3","1.5","V",NA,NA,NA,NA,NA,"<1","1.5",1,"0.4",NA,NA,NA,NA,"N",NA,NA,2023-08-08,"YOSE7","SHS",2024-02-13,NA,NA,NA,NA,NA,NA,NA,NA,NA,NA,NA,2023,0.5
"3","1.5","V",NA,NA,NA,NA,NA,"<1","0.8",1,"0.6",NA,NA,NA,NA,"N",NA,NA,2023-08-08,"YOSE7","SHS",2024-02-13,NA,NA,NA,NA,NA,NA,NA,NA,NA,NA,NA,2023,0.5
"3","1.5","V",NA,NA,NA,NA,NA,"<1","1.3",1,"0.4",NA,NA,NA,NA,"N",NA,NA,2023-08-08,"YOSE7","SHS",2024-02-13,NA,NA,NA,NA,NA,NA,NA,NA,NA,NA,NA,2023,0.5
"3","1.5","V",NA,NA,NA,NA,NA,"<1","1.2",1,"0.5",NA,NA,NA,NA,"N",NA,NA,2023-08-08,"YOSE7","SHS",2024-02-13,NA,NA,NA,NA,NA,NA,NA,NA,NA,NA,NA,2023,0.5
"3","1.5","V",NA,NA,NA,NA,NA,"<1","1.3",1,"0.4",NA,NA,NA,NA,"N",NA,NA,2023-08-08,"YOSE7","SHS",2024-02-13,NA,NA,NA,NA,NA,NA,NA,NA,NA,NA,NA,2023,0.5
"3","1.5","V",NA,NA,NA,NA,NA,"<1","2.0",1,"0.7",NA,NA,NA,NA,"Y",NA,NA,2023-08-08,"YOSE7","SHS",2024-02-13,NA,NA,NA,NA,NA,NA,NA,NA,NA,NA,NA,2023,0.5
"3","1.5","V",NA,NA,NA,NA,NA,"<1","1.6",1,"0.5",NA,NA,NA,NA,"N",NA,NA,2023-08-08,"YOSE7","SHS",2024-02-13,NA,NA,NA,NA,NA,NA,NA,NA,NA,NA,NA,2023,0.5
"3","1.5","V",NA,NA,NA,NA,NA,"<1","1.2",1,"0.5",NA,NA,NA,NA,"N",NA,NA,2023-08-08,"YOSE7","SHS",2024-02-13,NA,NA,NA,NA,NA,NA,NA,NA,NA,NA,NA,2023,0.5
"3","1.5","V",NA,NA,NA,NA,NA,"<1","1.3",1,"0.3",NA,NA,NA,NA,"N",NA,NA,2023-08-08,"YOSE7","SHS",2024-02-13,NA,NA,NA,NA,NA,NA,NA,NA,NA,NA,NA,2023,0.5
"3","1.5","V",NA,NA,NA,NA,NA,"<1","1.7",1,"0.7",NA,NA,NA,NA,"Y",NA,NA,2023-08-08,"YOSE7","SHS",2024-02-13,NA,NA,NA,NA,NA,NA,NA,NA,NA,NA,NA,2023,0.5
"3","1.5","V",NA,NA,NA,NA,NA,"<1","1.4",1,"0.5",NA,NA,NA,NA,"N",NA,NA,2023-08-08,"YOSE7","SHS",2024-02-13,NA,NA,NA,NA,NA,NA,NA,NA,NA,NA,NA,2023,0.5
"3","1.5","V",NA,NA,NA,NA,NA,"<1","1.7",1,"0.6",NA,NA,NA,NA,"N",NA,NA,2023-08-08,"YOSE7","SHS",2024-02-13,NA,NA,NA,NA,NA,NA,NA,NA,NA,NA,NA,2023,0.5
"3","1.5","V",NA,NA,NA,NA,NA,"<1","1.0",1,"0.7",NA,NA,NA,NA,"N",NA,NA,2023-08-08,"YOSE7","SHS",2024-02-13,NA,NA,NA,NA,NA,NA,NA,NA,NA,NA,NA,2023,0.5
"3","1.5","V",NA,NA,NA,NA,NA,"<1","1.0",1,"0.5",NA,NA,NA,NA,"N",NA,NA,2023-08-08,"YOSE7","SHS",2024-02-13,NA,NA,NA,NA,NA,NA,NA,NA,NA,NA,NA,2023,0.5
"3","1.5","V",NA,NA,NA,NA,NA,"<1","1.5",1,"0.4",NA,NA,NA,NA,"N",NA,NA,2023-08-08,"YOSE7","SHS",2024-02-13,NA,NA,NA,NA,NA,NA,NA,NA,NA,NA,NA,2023,0.5
"3","1.5","V",NA,NA,NA,NA,NA,"<1","2.0",1,"0.5",NA,NA,NA,NA,"N",NA,NA,2023-08-08,"YOSE7","SHS",2024-02-13,NA,NA,NA,NA,NA,NA,NA,NA,NA,NA,NA,2023,0.5
"3","1.5","V",NA,NA,NA,NA,NA,"<1","1.5",1,"0.5",NA,NA,NA,NA,"N",NA,NA,2023-08-08,"YOSE7","SHS",2024-02-13,NA,NA,NA,NA,NA,NA,NA,NA,NA,NA,NA,2023,0.5
"3","1.5","V",NA,NA,NA,NA,NA,"<1","1.1",1,"0.4",NA,NA,NA,NA,"N",NA,NA,2023-08-08,"YOSE7","SHS",2024-02-13,NA,NA,NA,NA,NA,NA,NA,NA,NA,NA,NA,2023,0.5
"3","1.5","V",NA,NA,NA,NA,NA,"<1","1.0",1,"0.7",NA,NA,NA,NA,"N",NA,NA,2023-08-08,"YOSE7","SHS",2024-02-13,NA,NA,NA,NA,NA,NA,NA,NA,NA,NA,NA,2023,0.5
"3","1.5","V",NA,NA,NA,NA,NA,"<1","1.0",1,"0.5",NA,NA,NA,NA,"N",NA,NA,2023-08-08,"YOSE7","SHS",2024-02-13,NA,NA,NA,NA,NA,NA,NA,NA,NA,NA,NA,2023,0.5
"3","1.5","V",NA,NA,NA,NA,NA,"<1","1.8",1,"0.7",NA,NA,NA,NA,"Y",NA,NA,2023-08-08,"YOSE7","SHS",2024-02-13,NA,NA,NA,NA,NA,NA,NA,NA,NA,NA,NA,2023,0.5
"3","1.5","V",NA,NA,NA,NA,NA,"<1","1.7",1,"0.6",NA,NA,NA,NA,"N",NA,NA,2023-08-08,"YOSE7","SHS",2024-02-13,NA,NA,NA,NA,NA,NA,NA,NA,NA,NA,NA,2023,0.5
"3","1.5","V",NA,NA,NA,NA,NA,"<1","1.5",1,"0.5",NA,NA,NA,NA,"N",NA,NA,2023-08-08,"YOSE7","SHS",2024-02-13,NA,NA,NA,NA,NA,NA,NA,NA,NA,NA,NA,2023,0.5
"3","1.5","V",NA,NA,NA,NA,NA,"<1","1.5",1,"0.3",NA,NA,NA,NA,"N",NA,NA,2023-08-08,"YOSE7","SHS",2024-02-13,NA,NA,NA,NA,NA,NA,NA,NA,NA,NA,NA,2023,0.5
"3","1.5","V",NA,NA,NA,NA,NA,"<1","1.5",1,"0.3",NA,NA,NA,NA,"N",NA,NA,2023-08-08,"YOSE7","SHS",2024-02-13,NA,NA,NA,NA,NA,NA,NA,NA,NA,NA,NA,2023,0.5
"3","1.5","V",NA,NA,NA,NA,NA,"<1","1.2",1,"0.7",NA,NA,NA,NA,"N",NA,NA,2023-08-08,"YOSE7","SHS",2024-02-13,NA,NA,NA,NA,NA,NA,NA,NA,NA,NA,NA,2023,0.5
"3","1.5","V",NA,NA,NA,NA,NA,"<1","1.2",1,"0.3",NA,NA,NA,NA,"N",NA,NA,2023-08-08,"YOSE7","SHS",2024-02-13,NA,NA,NA,NA,NA,NA,NA,NA,NA,NA,NA,2023,0.5
"3","1.5","V",NA,NA,NA,NA,NA,"<1","1.6",1,"0.6",NA,NA,NA,NA,"N",NA,NA,2023-08-08,"YOSE7","SHS",2024-02-13,NA,NA,NA,NA,NA,NA,NA,NA,NA,NA,NA,2023,0.5
"3","1.5","V",NA,NA,NA,NA,NA,"<1","1.2",1,"0.4",NA,NA,NA,NA,"N",NA,NA,2023-08-08,"YOSE7","SHS",2024-02-13,NA,NA,NA,NA,NA,NA,NA,NA,NA,NA,NA,2023,0.5
"3","1.5","V",NA,NA,NA,NA,NA,"<1","1.0",1,"0.3",NA,NA,NA,NA,"N",NA,NA,2023-08-08,"YOSE7","SHS",2024-02-13,NA,NA,NA,NA,NA,NA,NA,NA,NA,NA,NA,2023,0.5
"3","1.5","V",NA,NA,NA,NA,NA,"<1","1.3",1,"0.6",NA,NA,NA,NA,"Y",NA,NA,2023-08-08,"YOSE7","SHS",2024-02-13,NA,NA,NA,NA,NA,NA,NA,NA,NA,NA,NA,2023,0.5
"3","1.5","V",NA,NA,NA,NA,NA,"<1","1.4",1,"0.3",NA,NA,NA,NA,"N",NA,NA,2023-08-08,"YOSE7","SHS",2024-02-13,NA,NA,NA,NA,NA,NA,NA,NA,NA,NA,NA,2023,0.5
"3","1.5","V",NA,NA,NA,NA,NA,"<1","0.6",1,"0.2",NA,NA,NA,NA,"N",NA,NA,2023-08-08,"YOSE7","SHS",2024-02-13,NA,NA,NA,NA,NA,NA,NA,NA,NA,NA,NA,2023,0.5
"3","1.5","V",NA,NA,NA,NA,NA,"<1","1.0",1,"0.5",NA,NA,NA,NA,"N",NA,NA,2023-08-08,"YOSE7","SHS",2024-02-13,NA,NA,NA,NA,NA,NA,NA,NA,NA,NA,NA,2023,0.5
"3","1.5","V",NA,NA,NA,NA,NA,"<1","1.4",1,"0.7",NA,NA,NA,NA,"N",NA,NA,2023-08-08,"YOSE7","SHS",2024-02-13,NA,NA,NA,NA,NA,NA,NA,NA,NA,NA,NA,2023,0.5
"3","1.5","V",NA,NA,NA,NA,NA,"<1","1.7",1,"0.7",NA,NA,NA,NA,"N",NA,NA,2023-08-08,"YOSE7","SHS",2024-02-13,NA,NA,NA,NA,NA,NA,NA,NA,NA,NA,NA,2023,0.5
"3","1.5","V",NA,NA,NA,NA,NA,"<1","1.3",1,"0.5",NA,NA,NA,NA,"N",NA,NA,2023-08-08,"YOSE7","SHS",2024-02-13,NA,NA,NA,NA,NA,NA,NA,NA,NA,NA,NA,2023,0.5
"3","1.5","V",NA,NA,NA,NA,NA,"<1","1.1",1,"0.7",NA,NA,NA,NA,"N",NA,NA,2023-08-08,"YOSE7","SHS",2024-02-13,NA,NA,NA,NA,NA,NA,NA,NA,NA,NA,NA,2023,0.5
"3","1.5","V",NA,NA,NA,NA,NA,"<1","1.3",1,"0.5",NA,NA,NA,NA,"N",NA,NA,2023-08-08,"YOSE7","SHS",2024-02-13,NA,NA,NA,NA,NA,NA,NA,NA,NA,NA,NA,2023,0.5
"3","1.5","V",NA,NA,NA,NA,NA,"<1","1.5",1,"0.2",NA,NA,NA,NA,"N",NA,NA,2023-08-08,"YOSE7","SHS",2024-02-13,NA,NA,NA,NA,NA,NA,NA,NA,NA,NA,NA,2023,0.5
"3","1.5","V",NA,NA,NA,NA,NA,"<1","1.6",1,"0.3",NA,NA,NA,NA,"N",NA,NA,2023-08-08,"YOSE7","SHS",2024-02-13,NA,NA,NA,NA,NA,NA,NA,NA,NA,NA,NA,2023,0.5
"3","1.5","V",NA,NA,NA,NA,NA,"<1","1.5",1,"0.4",NA,NA,NA,NA,"N",NA,NA,2023-08-08,"YOSE7","SHS",2024-02-13,NA,NA,NA,NA,NA,NA,NA,NA,NA,NA,NA,2023,0.5
"3","1.5","V",NA,NA,NA,NA,NA,"<1","1.7",1,"0.6",NA,NA,NA,NA,"N",NA,NA,2023-08-08,"YOSE7","SHS",2024-02-13,NA,NA,NA,NA,NA,NA,NA,NA,NA,NA,NA,2023,0.5
"3","1.5","V",NA,NA,NA,NA,NA,"<1","1.8",1,"0.5",NA,NA,NA,NA,"N",NA,NA,2023-08-08,"YOSE7","SHS",2024-02-13,NA,NA,NA,NA,NA,NA,NA,NA,NA,NA,NA,2023,0.5
"3","1.5","V",NA,NA,NA,NA,NA,"<1","1.8",1,"0.4",NA,NA,NA,NA,"N",NA,NA,2023-08-08,"YOSE7","SHS",2024-02-13,NA,NA,NA,NA,NA,NA,NA,NA,NA,NA,NA,2023,0.5
"3","1.5","V",NA,NA,NA,NA,NA,"<1","1.3",1,"0.5",NA,NA,NA,NA,"Y",NA,NA,2023-08-08,"YOSE7","SHS",2024-02-13,NA,NA,NA,NA,NA,NA,NA,NA,NA,NA,NA,2023,0.5
"3","1.5","V",NA,NA,NA,NA,NA,"<1","1.8",1,"0.3",NA,NA,NA,NA,"N",NA,NA,2023-08-08,"YOSE7","SHS",2024-02-13,NA,NA,NA,NA,NA,NA,NA,NA,NA,NA,NA,2023,0.5
"3","1.5","V",NA,NA,NA,NA,NA,"<1","1.5",1,"0.4",NA,NA,NA,NA,"N",NA,NA,2023-08-08,"YOSE7","SHS",2024-02-13,NA,NA,NA,NA,NA,NA,NA,NA,NA,NA,NA,2023,0.5
"3","1.5","V",NA,NA,NA,NA,NA,"<1","2.3",1,"0.4",NA,NA,NA,NA,"Y",NA,NA,2023-08-08,"YOSE7","SHS",2024-02-13,NA,NA,NA,NA,NA,NA,NA,NA,NA,NA,NA,2023,0.5
"3","1.5","V",NA,NA,NA,NA,NA,"<1","1.0",1,"0.7",NA,NA,NA,NA,"N",NA,NA,2023-08-08,"YOSE7","SHS",2024-02-13,NA,NA,NA,NA,NA,NA,NA,NA,NA,NA,NA,2023,0.5
"3","1.5","V",NA,NA,NA,NA,NA,"<1","2.0",1,"0.8",NA,NA,NA,NA,"N",NA,NA,2023-08-08,"YOSE7","SHS",2024-02-13,NA,NA,NA,NA,NA,NA,NA,NA,NA,NA,NA,2023,0.5
"3","1.5","V",NA,NA,NA,NA,NA,"<1","0.8",1,"0.3",NA,NA,NA,NA,"N",NA,NA,2023-08-08,"YOSE7","SHS",2024-02-13,NA,NA,NA,NA,NA,NA,NA,NA,NA,NA,NA,2023,0.5
"3","1.5","V",NA,NA,NA,NA,NA,"<1","1.2",1,"0.5",NA,NA,NA,NA,"N",NA,NA,2023-08-08,"YOSE7","SHS",2024-02-13,NA,NA,NA,NA,NA,NA,NA,NA,NA,NA,NA,2023,0.5
"3","1.5","V",NA,NA,NA,NA,NA,"<1","1.5",1,"1.0",NA,NA,NA,NA,"N",NA,NA,2023-08-08,"YOSE7","SHS",2024-02-13,NA,NA,NA,NA,NA,NA,NA,NA,NA,NA,NA,2023,0.5
"3","1.5","V",NA,NA,NA,NA,NA,"<1","1.9",1,"0.6",NA,NA,NA,NA,"N",NA,NA,2023-08-08,"YOSE7","SHS",2024-02-13,NA,NA,NA,NA,NA,NA,NA,NA,NA,NA,NA,2023,0.5
"3","1.5","V",NA,NA,NA,NA,NA,"<1","1.0",1,"0.7",NA,NA,NA,NA,"N",NA,NA,2023-08-08,"YOSE7","SHS",2024-02-13,NA,NA,NA,NA,NA,NA,NA,NA,NA,NA,NA,2023,0.5
"3","1.5","V",NA,NA,NA,NA,NA,"<1","1.8",1,"0.8",NA,NA,NA,NA,"N",NA,NA,2023-08-08,"YOSE7","SHS",2024-02-13,NA,NA,NA,NA,NA,NA,NA,NA,NA,NA,NA,2023,0.5
"3","1.5","V",NA,NA,NA,NA,NA,"<1","2.0",1,"0.7",NA,NA,NA,NA,"N",NA,NA,2023-08-08,"YOSE7","SHS",2024-02-13,NA,NA,NA,NA,NA,NA,NA,NA,NA,NA,NA,2023,0.5
"3","1.5","V",NA,NA,NA,NA,NA,"<1","1.0",1,"0.6",NA,NA,NA,NA,"N",NA,NA,2023-08-08,"YOSE7","SHS",2024-02-13,NA,NA,NA,NA,NA,NA,NA,NA,NA,NA,NA,2023,0.5
"3","1.5","V",NA,NA,NA,NA,NA,"<1","1.1",1,"0.6",NA,NA,NA,NA,"Y",NA,NA,2023-08-08,"YOSE7","SHS",2024-02-13,NA,NA,NA,NA,NA,NA,NA,NA,NA,NA,NA,2023,0.5
"3","1.5","V",NA,NA,NA,NA,NA,"<1","2.0",1,"0.4",NA,NA,NA,NA,"N",NA,NA,2023-08-08,"YOSE7","SHS",2024-02-13,NA,NA,NA,NA,NA,NA,NA,NA,NA,NA,NA,2023,0.5
"3","1.5","V",NA,NA,NA,NA,NA,"<1","1.4",1,"0.6",NA,NA,NA,NA,"N",NA,NA,2023-08-08,"YOSE7","SHS",2024-02-13,NA,NA,NA,NA,NA,NA,NA,NA,NA,NA,NA,2023,0.5
"3","1.5","V",NA,NA,NA,NA,NA,"<1","1.3",1,"0.6",NA,NA,NA,NA,"N",NA,NA,2023-08-08,"YOSE7","SHS",2024-02-13,NA,NA,NA,NA,NA,NA,NA,NA,NA,NA,NA,2023,0.5
"3","1.5","V",NA,NA,NA,NA,NA,"<1","0.7",1,"0.3",NA,NA,NA,NA,"N",NA,NA,2023-08-08,"YOSE7","SHS",2024-02-13,NA,NA,NA,NA,NA,NA,NA,NA,NA,NA,NA,2023,0.5
"3","1.5","V",NA,NA,NA,NA,NA,"<1","1.4",1,"0.6",NA,NA,NA,NA,"N",NA,NA,2023-08-08,"YOSE7","SHS",2024-02-13,NA,NA,NA,NA,NA,NA,NA,NA,NA,NA,NA,2023,0.5
"3","1.5","V",NA,NA,NA,NA,NA,"<1","2.3",1,"0.7",NA,NA,NA,NA,"N",NA,NA,2023-08-08,"YOSE7","SHS",2024-02-13,NA,NA,NA,NA,NA,NA,NA,NA,NA,NA,NA,2023,0.5
"3","1.5","V",NA,NA,NA,NA,NA,"<1","1.1",1,"0.4",NA,NA,NA,NA,"N",NA,NA,2023-08-08,"YOSE7","SHS",2024-02-13,NA,NA,NA,NA,NA,NA,NA,NA,NA,NA,NA,2023,0.5
"3","1.5","V",NA,NA,NA,NA,NA,"<1","1.6",1,"0.7",NA,NA,NA,NA,"N",NA,NA,2023-08-08,"YOSE7","SHS",2024-02-13,NA,NA,NA,NA,NA,NA,NA,NA,NA,NA,NA,2023,0.5
"3","1.5","V",NA,NA,NA,NA,NA,"<1","2.0",1,"0.6",NA,NA,NA,NA,"N",NA,NA,2023-08-08,"YOSE7","SHS",2024-02-13,NA,NA,NA,NA,NA,NA,NA,NA,NA,NA,NA,2023,0.5
"3","1.5","V",NA,NA,NA,NA,NA,"<1","0.9",1,"0.7",NA,NA,NA,NA,"Y",NA,NA,2023-08-08,"YOSE7","SHS",2024-02-13,NA,NA,NA,NA,NA,NA,NA,NA,NA,NA,NA,2023,0.5
"3","1.5","V",NA,NA,NA,NA,NA,"<1","1.4",1,"0.6",NA,NA,NA,NA,"N",NA,NA,2023-08-08,"YOSE7","SHS",2024-02-13,NA,NA,NA,NA,NA,NA,NA,NA,NA,NA,NA,2023,0.5
"3","1.5","V",NA,NA,NA,NA,NA,"<1","0.5",1,"0.3",NA,NA,NA,NA,"N",NA,NA,2023-08-08,"YOSE7","SHS",2024-02-13,NA,NA,NA,NA,NA,NA,NA,NA,NA,NA,NA,2023,0.5
"3","1.5","V",NA,NA,NA,NA,NA,"<1","1.2",1,"0.7",NA,NA,NA,NA,"N",NA,NA,2023-08-08,"YOSE7","SHS",2024-02-13,NA,NA,NA,NA,NA,NA,NA,NA,NA,NA,NA,2023,0.5
"3","1.5","V",NA,NA,NA,NA,NA,"<1","0.9",1,"0.5",NA,NA,NA,NA,"N",NA,NA,2023-08-08,"YOSE7","SHS",2024-02-13,NA,NA,NA,NA,NA,NA,NA,NA,NA,NA,NA,2023,0.5
"3","1.5","V",NA,NA,NA,NA,NA,"<1","0.7",1,"0.2",NA,NA,NA,NA,"N",NA,NA,2023-08-08,"YOSE7","SHS",2024-02-13,NA,NA,NA,NA,NA,NA,NA,NA,NA,NA,NA,2023,0.5
"3","1.5","V",NA,NA,NA,NA,NA,"<1","1.3",1,"0.6",NA,NA,NA,NA,"N",NA,NA,2023-08-08,"YOSE7","SHS",2024-02-13,NA,NA,NA,NA,NA,NA,NA,NA,NA,NA,NA,2023,0.5
"3","1.5","V",NA,NA,NA,NA,NA,"<1","1.1",1,"0.5",NA,NA,NA,NA,"N",NA,NA,2023-08-08,"YOSE7","SHS",2024-02-13,NA,NA,NA,NA,NA,NA,NA,NA,NA,NA,NA,2023,0.5
"3","1.5","V",NA,NA,NA,NA,NA,"<1","0.9",1,"0.3",NA,NA,NA,NA,"N",NA,NA,2023-08-08,"YOSE7","SHS",2024-02-13,NA,NA,NA,NA,NA,NA,NA,NA,NA,NA,NA,2023,0.5
"3","1.5","V",NA,NA,NA,NA,NA,"<1","1.0",1,"0.6",NA,NA,NA,NA,"N",NA,NA,2023-08-08,"YOSE7","SHS",2024-02-13,NA,NA,NA,NA,NA,NA,NA,NA,NA,NA,NA,2023,0.5
"3","1.5","V",NA,NA,NA,NA,NA,"<1","1.7",1,"0.9",NA,NA,NA,NA,"N",NA,NA,2023-08-08,"YOSE7","SHS",2024-02-13,NA,NA,NA,NA,NA,NA,NA,NA,NA,NA,NA,2023,0.5
"3","1.5","V",NA,NA,NA,NA,NA,"<1","1.2",1,"0.5",NA,NA,NA,NA,"N",NA,NA,2023-08-08,"YOSE7","SHS",2024-02-13,NA,NA,NA,NA,NA,NA,NA,NA,NA,NA,NA,2023,0.5
"3","1.5","V",NA,NA,NA,NA,NA,"<1","1.4",1,"0.5",NA,NA,NA,NA,"N",NA,NA,2023-08-08,"YOSE7","SHS",2024-02-13,NA,NA,NA,NA,NA,NA,NA,NA,NA,NA,NA,2023,0.5
"3","1.5","V",NA,NA,NA,NA,NA,"<1","1.8",1,"0.6",NA,NA,NA,NA,"N",NA,NA,2023-08-08,"YOSE7","SHS",2024-02-13,NA,NA,NA,NA,NA,NA,NA,NA,NA,NA,NA,2023,0.5
"3","1.5","V",NA,NA,NA,NA,NA,"<1","1.3",1,"0.5",NA,NA,NA,NA,"N",NA,NA,2023-08-08,"YOSE7","SHS",2024-02-13,NA,NA,NA,NA,NA,NA,NA,NA,NA,NA,NA,2023,0.5
"3","1.5","V",NA,NA,NA,NA,NA,"<1","1.1",1,"0.4",NA,NA,NA,NA,"N",NA,NA,2023-08-08,"YOSE7","SHS",2024-02-13,NA,NA,NA,NA,NA,NA,NA,NA,NA,NA,NA,2023,0.5
"3","1.5","V",NA,NA,NA,NA,NA,"<1","1.0",1,"0.4",NA,NA,NA,NA,"N",NA,NA,2023-08-08,"YOSE7","SHS",2024-02-13,NA,NA,NA,NA,NA,NA,NA,NA,NA,NA,NA,2023,0.5
"3","1.5","V",NA,NA,NA,NA,NA,"<1","1.7",1,"0.7",NA,NA,NA,NA,"N",NA,NA,2023-08-08,"YOSE7","SHS",2024-02-13,NA,NA,NA,NA,NA,NA,NA,NA,NA,NA,NA,2023,0.5
"3","1.5","V",NA,NA,NA,NA,NA,"<1","1.5",1,"0.5",NA,NA,NA,NA,"N",NA,NA,2023-08-08,"YOSE7","SHS",2024-02-13,NA,NA,NA,NA,NA,NA,NA,NA,NA,NA,NA,2023,0.5
"3","1.5","V",NA,NA,NA,NA,NA,"<1","0.8",1,"0.5",NA,NA,NA,NA,"N",NA,NA,2023-08-08,"YOSE7","SHS",2024-02-13,NA,NA,NA,NA,NA,NA,NA,NA,NA,NA,NA,2023,0.5
"3","1.5","V",NA,NA,NA,NA,NA,"<1","1.3",1,"0.6",NA,NA,NA,NA,"N",NA,NA,2023-08-08,"YOSE7","SHS",2024-02-13,NA,NA,NA,NA,NA,NA,NA,NA,NA,NA,NA,2023,0.5
"3","1.5","V",NA,NA,NA,NA,NA,"<1","1.1",1,"0.5",NA,NA,NA,NA,"N",NA,NA,2023-08-08,"YOSE7","SHS",2024-02-13,NA,NA,NA,NA,NA,NA,NA,NA,NA,NA,NA,2023,0.5
"3","1.5","V",NA,NA,NA,NA,NA,"<1","0.8",1,"0.5",NA,NA,NA,NA,"N",NA,NA,2023-08-08,"YOSE7","SHS",2024-02-13,NA,NA,NA,NA,NA,NA,NA,NA,NA,NA,NA,2023,0.5
"3","1.5","V",NA,NA,NA,NA,NA,"<1","1.2",1,"0.6",NA,NA,NA,NA,"N",NA,NA,2023-08-08,"YOSE7","SHS",2024-02-13,NA,NA,NA,NA,NA,NA,NA,NA,NA,NA,NA,2023,0.5
"3","1.5","V",NA,NA,NA,NA,NA,"<1","1.4",1,"0.7",NA,NA,NA,NA,"N",NA,NA,2023-08-08,"YOSE7","SHS",2024-02-13,NA,NA,NA,NA,NA,NA,NA,NA,NA,NA,NA,2023,0.5
"3","1.5","V",NA,NA,NA,NA,NA,"<1","1.2",1,"0.5",NA,NA,NA,NA,"N",NA,NA,2023-08-08,"YOSE7","SHS",2024-02-13,NA,NA,NA,NA,NA,NA,NA,NA,NA,NA,NA,2023,0.5
"3","1.5","V",NA,NA,NA,NA,NA,"<1","1.0",1,"0.5",NA,NA,NA,NA,"N",NA,NA,2023-08-08,"YOSE7","SHS",2024-02-13,NA,NA,NA,NA,NA,NA,NA,NA,NA,NA,NA,2023,0.5
"3","1.5","V",NA,NA,NA,NA,NA,"<1","1.0",1,"0.5",NA,NA,NA,NA,"N",NA,NA,2023-08-08,"YOSE7","SHS",2024-02-13,NA,NA,NA,NA,NA,NA,NA,NA,NA,NA,NA,2023,0.5
"3","1.5","V",NA,NA,NA,NA,NA,"<1","1.1",1,"0.5",NA,NA,NA,NA,"N",NA,NA,2023-08-08,"YOSE7","SHS",2024-02-13,NA,NA,NA,NA,NA,NA,NA,NA,NA,NA,NA,2023,0.5
"3","1.5","V",NA,NA,NA,NA,NA,"<1","1.2",1,"0.6",NA,NA,NA,NA,"N",NA,NA,2023-08-08,"YOSE7","SHS",2024-02-13,NA,NA,NA,NA,NA,NA,NA,NA,NA,NA,NA,2023,0.5
"3","1.5","V",NA,NA,NA,NA,NA,"<1","0.7",1,"0.7",NA,NA,NA,NA,"N",NA,NA,2023-08-08,"YOSE7","SHS",2024-02-13,NA,NA,NA,NA,NA,NA,NA,NA,NA,NA,NA,2023,0.5
"3","1.5","V",NA,NA,NA,NA,NA,"<1","1.3",1,"0.6",NA,NA,NA,NA,"Y",NA,NA,2023-08-08,"YOSE7","SHS",2024-02-13,NA,NA,NA,NA,NA,NA,NA,NA,NA,NA,NA,2023,0.5
"3","1.5","V",NA,NA,NA,NA,NA,"<1","1.5",1,"1.0",NA,NA,NA,NA,"Y",NA,NA,2023-08-08,"YOSE7","SHS",2024-02-13,NA,NA,NA,NA,NA,NA,NA,NA,NA,NA,NA,2023,0.5
"3","1.5","V",NA,NA,NA,NA,NA,"<1","0.9",1,"0.3",NA,NA,NA,NA,"N",NA,NA,2023-08-08,"YOSE7","SHS",2024-02-13,NA,NA,NA,NA,NA,NA,NA,NA,NA,NA,NA,2023,0.5
"3","1.5","V",NA,NA,NA,NA,NA,"<1","1.8",1,"0.9",NA,NA,NA,NA,"N",NA,NA,2023-08-08,"YOSE7","SHS",2024-02-13,NA,NA,NA,NA,NA,NA,NA,NA,NA,NA,NA,2023,0.5
"3","1.5","V",NA,NA,NA,NA,NA,"<1","1.2",1,"0.5",NA,NA,NA,NA,"N",NA,NA,2023-08-08,"YOSE7","SHS",2024-02-13,NA,NA,NA,NA,NA,NA,NA,NA,NA,NA,NA,2023,0.5
"3","1.5","V",NA,NA,NA,NA,NA,"<1","1.5",1,"0.6",NA,NA,NA,NA,"N",NA,NA,2023-08-08,"YOSE7","SHS",2024-02-13,NA,NA,NA,NA,NA,NA,NA,NA,NA,NA,NA,2023,0.5
"3","1.5","V",NA,NA,NA,NA,NA,"<1","1.1",1,"0.6",NA,NA,NA,NA,"N",NA,NA,2023-08-08,"YOSE7","SHS",2024-02-13,NA,NA,NA,NA,NA,NA,NA,NA,NA,NA,NA,2023,0.5
"3","1.5","V",NA,NA,NA,NA,NA,"<1","1.2",1,"0.7",NA,NA,NA,NA,"N",NA,NA,2023-08-08,"YOSE7","SHS",2024-02-13,NA,NA,NA,NA,NA,NA,NA,NA,NA,NA,NA,2023,0.5
"3","1.5","V",NA,NA,NA,NA,NA,"<1","1.0",1,"0.5",NA,NA,NA,NA,"N",NA,NA,2023-08-08,"YOSE7","SHS",2024-02-13,NA,NA,NA,NA,NA,NA,NA,NA,NA,NA,NA,2023,0.5
"3","1.5","V",NA,NA,NA,NA,NA,"<1","1.8",1,"0.7",NA,NA,NA,NA,"N",NA,NA,2023-08-08,"YOSE7","SHS",2024-02-13,NA,NA,NA,NA,NA,NA,NA,NA,NA,NA,NA,2023,0.5
"3","1.5","V",NA,NA,NA,NA,NA,"<1","1.2",1,"0.6",NA,NA,NA,NA,"N",NA,NA,2023-08-08,"YOSE7","SHS",2024-02-13,NA,NA,NA,NA,NA,NA,NA,NA,NA,NA,NA,2023,0.5
"3","1.5","V",NA,NA,NA,NA,NA,"<1","1.0",1,"0.7",NA,NA,NA,NA,"N",NA,NA,2023-08-08,"YOSE7","SHS",2024-02-13,NA,NA,NA,NA,NA,NA,NA,NA,NA,NA,NA,2023,0.5
"3","1.5","V",NA,NA,NA,NA,NA,"<1","1.1",1,"0.4",NA,NA,NA,NA,"N",NA,NA,2023-08-08,"YOSE7","SHS",2024-02-13,NA,NA,NA,NA,NA,NA,NA,NA,NA,NA,NA,2023,0.5
"3","1.5","V",NA,NA,NA,NA,NA,"<1","1.5",1,"0.7",NA,NA,NA,NA,"N",NA,NA,2023-08-08,"YOSE7","SHS",2024-02-13,NA,NA,NA,NA,NA,NA,NA,NA,NA,NA,NA,2023,0.5
"3","1.5","V",NA,NA,NA,NA,NA,"<1","0.6",1,"0.6",NA,NA,NA,NA,"N",NA,NA,2023-08-08,"YOSE7","SHS",2024-02-13,NA,NA,NA,NA,NA,NA,NA,NA,NA,NA,NA,2023,0.5
"3","1.5","V",NA,NA,NA,NA,NA,"<1","1.6",1,"0.3",NA,NA,NA,NA,"N",NA,NA,2023-08-08,"YOSE7","SHS",2024-02-13,NA,NA,NA,NA,NA,NA,NA,NA,NA,NA,NA,2023,0.5
"3","1.5","V",NA,NA,NA,NA,NA,"<1","1.1",1,"0.5",NA,NA,NA,NA,"N",NA,NA,2023-08-08,"YOSE7","SHS",2024-02-13,NA,NA,NA,NA,NA,NA,NA,NA,NA,NA,NA,2023,0.5
"3","1.5","V",NA,NA,NA,NA,NA,"<1","1.1",1,"0.5",NA,NA,NA,NA,"N",NA,NA,2023-08-08,"YOSE7","SHS",2024-02-13,NA,NA,NA,NA,NA,NA,NA,NA,NA,NA,NA,2023,0.5
"3","1.5","V",NA,NA,NA,NA,NA,"<1","1.0",1,"0.4",NA,NA,NA,NA,"N",NA,NA,2023-08-08,"YOSE7","SHS",2024-02-13,NA,NA,NA,NA,NA,NA,NA,NA,NA,NA,NA,2023,0.5
"3","1.5","V",NA,NA,NA,NA,NA,"<1","1.6",1,"0.7",NA,NA,NA,NA,"N",NA,NA,2023-08-08,"YOSE7","SHS",2024-02-13,NA,NA,NA,NA,NA,NA,NA,NA,NA,NA,NA,2023,0.5
"3","1.5","V",NA,NA,NA,NA,NA,"<1","1.3",1,"0.7",NA,NA,NA,NA,"N",NA,NA,2023-08-08,"YOSE7","SHS",2024-02-13,NA,NA,NA,NA,NA,NA,NA,NA,NA,NA,NA,2023,0.5
"3","1.5","V",NA,NA,NA,NA,NA,"<1","1.6",1,"0.6",NA,NA,NA,NA,"N",NA,NA,2023-08-08,"YOSE7","SHS",2024-02-13,NA,NA,NA,NA,NA,NA,NA,NA,NA,NA,NA,2023,0.5
"3","1.5","V",NA,NA,NA,NA,NA,"<1","1.5",1,"0.6",NA,NA,NA,NA,"N",NA,NA,2023-08-08,"YOSE7","SHS",2024-02-13,NA,NA,NA,NA,NA,NA,NA,NA,NA,NA,NA,2023,0.5
"3","1.5","V",NA,NA,NA,NA,NA,"<1","1.3",1,"0.6",NA,NA,NA,NA,"N",NA,NA,2023-08-08,"YOSE7","SHS",2024-02-13,NA,NA,NA,NA,NA,NA,NA,NA,NA,NA,NA,2023,0.5
"3","1.5","V",NA,NA,NA,NA,NA,"<1","1.0",1,"1.1",NA,NA,NA,NA,"N",NA,NA,2023-08-08,"YOSE7","SHS",2024-02-13,NA,NA,NA,NA,NA,NA,NA,NA,NA,NA,NA,2023,0.5
"3","1.5","V",NA,NA,NA,NA,NA,"<1","1.5",1,"0.4",NA,NA,NA,NA,"N",NA,NA,2023-08-08,"YOSE7","SHS",2024-02-13,NA,NA,NA,NA,NA,NA,NA,NA,NA,NA,NA,2023,0.5
"3","1.5","V",NA,NA,NA,NA,NA,"<1","1.4",1,"0.6",NA,NA,NA,NA,"N",NA,NA,2023-08-08,"YOSE7","SHS",2024-02-13,NA,NA,NA,NA,NA,NA,NA,NA,NA,NA,NA,2023,0.5
"3","1.5","V",NA,NA,NA,NA,NA,"<1","1.0",1,"0.5",NA,NA,NA,NA,"N",NA,NA,2023-08-08,"YOSE7","SHS",2024-02-13,NA,NA,NA,NA,NA,NA,NA,NA,NA,NA,NA,2023,0.5
"3","1.5","V",NA,NA,NA,NA,NA,"<1","1.5",1,"1.0",NA,NA,NA,NA,"Y",NA,NA,2023-08-08,"YOSE7","SHS",2024-02-13,NA,NA,NA,NA,NA,NA,NA,NA,NA,NA,NA,2023,0.5
"3","1.5","V",NA,NA,NA,NA,NA,"<1","1.2",1,"0.6",NA,NA,NA,NA,"N",NA,NA,2023-08-08,"YOSE7","SHS",2024-02-13,NA,NA,NA,NA,NA,NA,NA,NA,NA,NA,NA,2023,0.5
"3","1.5","V",NA,NA,NA,NA,NA,"<1","1.6",1,"0.6",NA,NA,NA,NA,"N",NA,NA,2023-08-08,"YOSE7","SHS",2024-02-13,NA,NA,NA,NA,NA,NA,NA,NA,NA,NA,NA,2023,0.5
"3","1.5","V",NA,NA,NA,NA,NA,"<1","1.4",1,"0.8",NA,NA,NA,NA,"N",NA,NA,2023-08-08,"YOSE7","SHS",2024-02-13,NA,NA,NA,NA,NA,NA,NA,NA,NA,NA,NA,2023,0.5
"3","1.5","V",NA,NA,NA,NA,NA,"<1","1.0",1,"0.5",NA,NA,NA,NA,"N",NA,NA,2023-08-08,"YOSE7","SHS",2024-02-13,NA,NA,NA,NA,NA,NA,NA,NA,NA,NA,NA,2023,0.5
"3","1.5","V",NA,NA,NA,NA,NA,"<1","1.0",1,"0.5",NA,NA,NA,NA,"N",NA,NA,2023-08-08,"YOSE7","SHS",2024-02-13,NA,NA,NA,NA,NA,NA,NA,NA,NA,NA,NA,2023,0.5
"3","1.5","V",NA,NA,NA,NA,NA,"<1","1.4",1,"0.5",NA,NA,NA,NA,"N",NA,NA,2023-08-08,"YOSE7","SHS",2024-02-13,NA,NA,NA,NA,NA,NA,NA,NA,NA,NA,NA,2023,0.5
"3","1.5","V",NA,NA,NA,NA,NA,"<1","1.4",1,"0.5",NA,NA,NA,NA,"N",NA,NA,2023-08-08,"YOSE7","SHS",2024-02-13,NA,NA,NA,NA,NA,NA,NA,NA,NA,NA,NA,2023,0.5
"3","1.5","V",NA,NA,NA,NA,NA,"<1","1.2",1,"0.8",NA,NA,NA,NA,"N",NA,NA,2023-08-08,"YOSE7","SHS",2024-02-13,NA,NA,NA,NA,NA,NA,NA,NA,NA,NA,NA,2023,0.5
"3","1.5","V",NA,NA,NA,NA,NA,"<1","1.3",1,"1.0",NA,NA,NA,NA,"N",NA,NA,2023-08-08,"YOSE7","SHS",2024-02-13,NA,NA,NA,NA,NA,NA,NA,NA,NA,NA,NA,2023,0.5
"3","1.5","V",NA,NA,NA,NA,NA,"<1","2.2",1,"0.7",NA,NA,NA,NA,"N",NA,NA,2023-08-08,"YOSE7","SHS",2024-02-13,NA,NA,NA,NA,NA,NA,NA,NA,NA,NA,NA,2023,0.5
"3","1.5","V",NA,NA,NA,NA,NA,"<1","1.6",1,"0.7",NA,NA,NA,NA,"N",NA,NA,2023-08-08,"YOSE7","SHS",2024-02-13,NA,NA,NA,NA,NA,NA,NA,NA,NA,NA,NA,2023,0.5
"3","1.5","V",NA,NA,NA,NA,NA,"<1","1.4",1,"0.4",NA,NA,NA,NA,"N",NA,NA,2023-08-08,"YOSE7","SHS",2024-02-13,NA,NA,NA,NA,NA,NA,NA,NA,NA,NA,NA,2023,0.5
"3","1.5","V",NA,NA,NA,NA,NA,"<1","1.8",1,"0.7",NA,NA,NA,NA,"N",NA,NA,2023-08-08,"YOSE7","SHS",2024-02-13,NA,NA,NA,NA,NA,NA,NA,NA,NA,NA,NA,2023,0.5
"3","1.5","V",NA,NA,NA,NA,NA,"<1","1.5",1,"0.7",NA,NA,NA,NA,"N",NA,NA,2023-08-08,"YOSE7","SHS",2024-02-13,NA,NA,NA,NA,NA,NA,NA,NA,NA,NA,NA,2023,0.5
"3","1.5","V",NA,NA,NA,NA,NA,"<1","1.0",1,"0.4",NA,NA,NA,NA,"N",NA,NA,2023-08-08,"YOSE7","SHS",2024-02-13,NA,NA,NA,NA,NA,NA,NA,NA,NA,NA,NA,2023,0.5
"3","1.5","V",NA,NA,NA,NA,NA,"<1","1.0",1,"0.7",NA,NA,NA,NA,"N",NA,NA,2023-08-08,"YOSE7","SHS",2024-02-13,NA,NA,NA,NA,NA,NA,NA,NA,NA,NA,NA,2023,0.5
"3","1.5","V",NA,NA,NA,NA,NA,"<1","2.1",1,"0.8",NA,NA,NA,NA,"N",NA,NA,2023-08-08,"YOSE7","SHS",2024-02-13,NA,NA,NA,NA,NA,NA,NA,NA,NA,NA,NA,2023,0.5
"3","1.5","V",NA,NA,NA,NA,NA,"<1","2.1",1,"0.6",NA,NA,NA,NA,"N",NA,NA,2023-08-08,"YOSE7","SHS",2024-02-13,NA,NA,NA,NA,NA,NA,NA,NA,NA,NA,NA,2023,0.5
"3","1.5","V",NA,NA,NA,NA,NA,"<1","1.9",1,"0.7",NA,NA,NA,NA,"N",NA,NA,2023-08-08,"YOSE7","SHS",2024-02-13,NA,NA,NA,NA,NA,NA,NA,NA,NA,NA,NA,2023,0.5
"3","1.5","V",NA,NA,NA,NA,NA,"<1","1.3",1,"0.6",NA,NA,NA,NA,"N",NA,NA,2023-08-08,"YOSE7","SHS",2024-02-13,NA,NA,NA,NA,NA,NA,NA,NA,NA,NA,NA,2023,0.5
"3","1.5","V",NA,NA,NA,NA,NA,"<1","1.1",1,"0.5",NA,NA,NA,NA,"N",NA,NA,2023-08-08,"YOSE7","SHS",2024-02-13,NA,NA,NA,NA,NA,NA,NA,NA,NA,NA,NA,2023,0.5
"3","1.5","V",NA,NA,NA,NA,NA,"<1","1.5",1,"0.6",NA,NA,NA,NA,"N",NA,NA,2023-08-08,"YOSE7","SHS",2024-02-13,NA,NA,NA,NA,NA,NA,NA,NA,NA,NA,NA,2023,0.5
"3","1.5","V",NA,NA,NA,NA,NA,"<1","1.4",1,"0.7",NA,NA,NA,NA,"N",NA,NA,2023-08-08,"YOSE7","SHS",2024-02-13,NA,NA,NA,NA,NA,NA,NA,NA,NA,NA,NA,2023,0.5
"3","1.5","V",NA,NA,NA,NA,NA,"<1","0.8",1,"0.8",NA,NA,NA,NA,"N",NA,NA,2023-08-08,"YOSE7","SHS",2024-02-13,NA,NA,NA,NA,NA,NA,NA,NA,NA,NA,NA,2023,0.5
"3","1.5","V",NA,NA,NA,NA,NA,"<1","2.1",1,"0.7",NA,NA,NA,NA,"N",NA,NA,2023-08-08,"YOSE7","SHS",2024-02-13,NA,NA,NA,NA,NA,NA,NA,NA,NA,NA,NA,2023,0.5
"3","1.5","V",NA,NA,NA,NA,NA,"<1","1.0",1,"0.4",NA,NA,NA,NA,"N",NA,NA,2023-08-08,"YOSE7","SHS",2024-02-13,NA,NA,NA,NA,NA,NA,NA,NA,NA,NA,NA,2023,0.5
"3","1.5","V",NA,NA,NA,NA,NA,"<1","2.0",1,"0.7",NA,NA,NA,NA,"N",NA,NA,2023-08-08,"YOSE7","SHS",2024-02-13,NA,NA,NA,NA,NA,NA,NA,NA,NA,NA,NA,2023,0.5
"3","1.5","V",NA,NA,NA,NA,NA,"<1","1.2",1,"0.5",NA,NA,NA,NA,"N",NA,NA,2023-08-08,"YOSE7","SHS",2024-02-13,NA,NA,NA,NA,NA,NA,NA,NA,NA,NA,NA,2023,0.5
"3","1.5","V",NA,NA,NA,NA,NA,"<1","0.9",1,"0.6",NA,NA,NA,NA,"N",NA,NA,2023-08-08,"YOSE7","SHS",2024-02-13,NA,NA,NA,NA,NA,NA,NA,NA,NA,NA,NA,2023,0.5
"3","1.5","V",NA,NA,NA,NA,NA,"<1","1.5",1,"0.6",NA,NA,NA,NA,"N",NA,NA,2023-08-08,"YOSE7","SHS",2024-02-13,NA,NA,NA,NA,NA,NA,NA,NA,NA,NA,NA,2023,0.5
"3","1.5","V",NA,NA,NA,NA,NA,"<1","1.3",1,"0.5",NA,NA,NA,NA,"N",NA,NA,2023-08-08,"YOSE7","SHS",2024-02-13,NA,NA,NA,NA,NA,NA,NA,NA,NA,NA,NA,2023,0.5
"3","1.5","V",NA,NA,NA,NA,NA,"<1","1.4",1,"0.6",NA,NA,NA,NA,"N",NA,NA,2023-08-08,"YOSE7","SHS",2024-02-13,NA,NA,NA,NA,NA,NA,NA,NA,NA,NA,NA,2023,0.5
"3","1.5","V",NA,NA,NA,NA,NA,"<1","1.3",1,"0.6",NA,NA,NA,NA,"N",NA,NA,2023-08-08,"YOSE7","SHS",2024-02-13,NA,NA,NA,NA,NA,NA,NA,NA,NA,NA,NA,2023,0.5
"3","1.5","V",NA,NA,NA,NA,NA,"<1","1.5",1,"0.4",NA,NA,NA,NA,"N",NA,NA,2023-08-08,"YOSE7","SHS",2024-02-13,NA,NA,NA,NA,NA,NA,NA,NA,NA,NA,NA,2023,0.5
"3","1.5","V",NA,NA,NA,NA,NA,"<1","1.0",1,"0.7",NA,NA,NA,NA,"N",NA,NA,2023-08-08,"YOSE7","SHS",2024-02-13,NA,NA,NA,NA,NA,NA,NA,NA,NA,NA,NA,2023,0.5
"3","1.5","V",NA,NA,NA,NA,NA,"<1","0.7",1,"0.4",NA,NA,NA,NA,"N",NA,NA,2023-08-08,"YOSE7","SHS",2024-02-13,NA,NA,NA,NA,NA,NA,NA,NA,NA,NA,NA,2023,0.5
"3","1.5","V",NA,NA,NA,NA,NA,"<1","0.8",1,"0.6",NA,NA,NA,NA,"N",NA,NA,2023-08-08,"YOSE7","SHS",2024-02-13,NA,NA,NA,NA,NA,NA,NA,NA,NA,NA,NA,2023,0.5
"3","1.5","V",NA,NA,NA,NA,NA,"<1","1.4",1,"0.5",NA,NA,NA,NA,"N",NA,NA,2023-08-08,"YOSE7","SHS",2024-02-13,NA,NA,NA,NA,NA,NA,NA,NA,NA,NA,NA,2023,0.5
"3","1.5","V",NA,NA,NA,NA,NA,"<1","1.3",1,"0.5",NA,NA,NA,NA,"N",NA,NA,2023-08-08,"YOSE7","SHS",2024-02-13,NA,NA,NA,NA,NA,NA,NA,NA,NA,NA,NA,2023,0.5
"3","1.5","V",NA,NA,NA,NA,NA,"<1","1.1",1,"0.6",NA,NA,NA,NA,"N",NA,NA,2023-08-08,"YOSE7","SHS",2024-02-13,NA,NA,NA,NA,NA,NA,NA,NA,NA,NA,NA,2023,0.5
"3","1.5","V",NA,NA,NA,NA,NA,"<1","1.9",1,"1.0",NA,NA,NA,NA,"N",NA,NA,2023-08-08,"YOSE7","SHS",2024-02-13,NA,NA,NA,NA,NA,NA,NA,NA,NA,NA,NA,2023,0.5
"3","1.5","V",NA,NA,NA,NA,NA,"<1","1.4",1,"0.4",NA,NA,NA,NA,"N",NA,NA,2023-08-08,"YOSE7","SHS",2024-02-13,NA,NA,NA,NA,NA,NA,NA,NA,NA,NA,NA,2023,0.5
"3","1.5","V",NA,NA,NA,NA,NA,"<1","1.5",1,"0.5",NA,NA,NA,NA,"N",NA,NA,2023-08-08,"YOSE7","SHS",2024-02-13,NA,NA,NA,NA,NA,NA,NA,NA,NA,NA,NA,2023,0.5
"3","1.5","V",NA,NA,NA,NA,NA,"<1","1.7",1,"0.6",NA,NA,NA,NA,"N",NA,NA,2023-08-08,"YOSE7","SHS",2024-02-13,NA,NA,NA,NA,NA,NA,NA,NA,NA,NA,NA,2023,0.5
"3","1.5","V",NA,NA,NA,NA,NA,"<1","1.5",1,"0.5",NA,NA,NA,NA,"N",NA,NA,2023-08-08,"YOSE7","SHS",2024-02-13,NA,NA,NA,NA,NA,NA,NA,NA,NA,NA,NA,2023,0.5
"3","1.5","V",NA,NA,NA,NA,NA,"<1","0.8",1,"0.4",NA,NA,NA,NA,"N",NA,NA,2023-08-08,"YOSE7","SHS",2024-02-13,NA,NA,NA,NA,NA,NA,NA,NA,NA,NA,NA,2023,0.5
"3","1.5","V",NA,NA,NA,NA,NA,"<1","1.1",1,"0.4",NA,NA,NA,NA,"N",NA,NA,2023-08-08,"YOSE7","SHS",2024-02-13,NA,NA,NA,NA,NA,NA,NA,NA,NA,NA,NA,2023,0.5
"3","1.5","V",NA,NA,NA,NA,NA,"<1","1.5",1,"0.4",NA,NA,NA,NA,"N",NA,NA,2023-08-08,"YOSE7","SHS",2024-02-13,NA,NA,NA,NA,NA,NA,NA,NA,NA,NA,NA,2023,0.5
"3","1.5","V",NA,NA,NA,NA,NA,"<1","1.0",1,"0.4",NA,NA,NA,NA,"N",NA,NA,2023-08-08,"YOSE7","SHS",2024-02-13,NA,NA,NA,NA,NA,NA,NA,NA,NA,NA,NA,2023,0.5
"3","1.5","V",NA,NA,NA,NA,NA,"<1","1.2",1,"0.6",NA,NA,NA,NA,"N",NA,NA,2023-08-08,"YOSE7","SHS",2024-02-13,NA,NA,NA,NA,NA,NA,NA,NA,NA,NA,NA,2023,0.5
"3","1.5","V",NA,NA,NA,NA,NA,"<1","1.2",1,"0.5",NA,NA,NA,NA,"N",NA,NA,2023-08-08,"YOSE7","SHS",2024-02-13,NA,NA,NA,NA,NA,NA,NA,NA,NA,NA,NA,2023,0.5
"2","1","X",10,47,"blue",NA,NA,NA,NA,NA,NA,NA,NA,NA,NA,NA,NA,NA,2024-07-16,"YOSE7","Hollis Allen",2024-07-24,NA,2,NA,NA,NA,NA,NA,NA,NA,NA,NA,2024,NA
"2","1","P",11,38,"pink",NA,NA,"0.99","11.1",1,NA,"2.0","3.0",1.9,1,"data not taken",NA,NA,2024-07-16,"YOSE7","Hollis Allen",2024-07-24,NA,835,NA,NA,NA,NA,NA,NA,NA,NA,NA,2024,0.5
"2","2","X",25,14,"pink",NA,NA,NA,NA,NA,NA,NA,NA,NA,NA,NA,NA,NA,2024-07-16,"YOSE7","Hollis Allen",2024-07-24,NA,809,NA,NA,NA,NA,NA,NA,NA,NA,NA,2024,NA
"2","2","X",50,15,"pink",NA,NA,NA,NA,NA,NA,NA,NA,NA,NA,NA,NA,NA,2024-07-16,"YOSE7","Hollis Allen",2024-07-24,NA,877,NA,NA,NA,NA,NA,NA,NA,NA,NA,2024,NA
"2","2","X",33,25,"pink",NA,NA,NA,NA,NA,NA,NA,NA,NA,NA,NA,NA,NA,2024-07-16,"YOSE7","Hollis Allen",2024-07-24,NA,107,NA,NA,NA,NA,NA,NA,NA,NA,NA,2024,NA
"2","2","X",29,30,"pink",NA,NA,NA,NA,NA,NA,NA,NA,NA,NA,NA,NA,NA,2024-07-16,"YOSE7","Hollis Allen",2024-07-24,NA,144,NA,NA,NA,NA,NA,NA,NA,NA,NA,2024,NA
"2","2","X",40,28,"pink",NA,NA,NA,NA,NA,NA,NA,NA,NA,NA,NA,NA,NA,2024-07-16,"YOSE7","Hollis Allen",2024-07-24,NA,876,NA,NA,NA,NA,NA,NA,NA,NA,NA,2024,NA
"2","2","X",26,38,"pink",NA,NA,NA,NA,NA,NA,NA,NA,NA,NA,NA,NA,NA,2024-07-16,"YOSE7","Hollis Allen",2024-07-24,NA,452,NA,NA,NA,NA,NA,NA,NA,NA,NA,2024,NA
"2","2",NA,31,40,"pink",NA,NA,NA,NA,NA,NA,NA,NA,NA,NA,NA,"Plant + band NRL",NA,2024-07-16,"YOSE7","Hollis Allen",2024-07-24,NA,806,NA,NA,NA,NA,NA,NA,NA,NA,NA,2024,NA
"2","2","X",36,42,"pink",NA,NA,NA,NA,NA,NA,NA,NA,NA,NA,NA,NA,NA,2024-07-16,"YOSE7","Hollis Allen",2024-07-24,NA,898,NA,NA,NA,NA,NA,NA,NA,NA,NA,2024,NA
"2","2","X",17,36,"pink",NA,NA,NA,NA,NA,NA,NA,NA,NA,NA,NA,NA,NA,2024-07-16,"YOSE7","Hollis Allen",2024-07-24,NA,697,NA,NA,NA,NA,NA,NA,NA,NA,NA,2024,NA
"2","2","X",23,46,"pink",NA,NA,NA,NA,NA,NA,NA,NA,NA,NA,NA,NA,NA,2024-07-16,"YOSE7","Hollis Allen",2024-07-24,NA,777,NA,NA,NA,NA,NA,NA,NA,NA,NA,2024,NA
"2","2.5",NA,23,9,"pink",NA,NA,NA,NA,NA,NA,NA,NA,NA,NA,NA,"Plant + band NRL",NA,2024-07-16,"YOSE7","Hollis Allen",2024-07-24,NA,349,NA,NA,NA,NA,NA,NA,NA,NA,NA,2024,NA
"2","2.5",NA,22,6,"pink",NA,NA,NA,NA,NA,NA,NA,NA,NA,NA,NA,"Plant + band NRL",NA,2024-07-16,"YOSE7","Hollis Allen",2024-07-24,NA,879,NA,NA,NA,NA,NA,NA,NA,NA,NA,2024,NA
"2","2.5","X",28,26,"pink",NA,NA,NA,NA,NA,NA,NA,NA,NA,NA,NA,NA,NA,2024-07-16,"YOSE7","Hollis Allen",2024-07-24,NA,148,NA,NA,NA,NA,NA,NA,NA,NA,NA,2024,NA
"2","2.5","X",27,46,"pink",NA,NA,NA,NA,NA,NA,NA,NA,NA,NA,NA,NA,NA,2024-07-16,"YOSE7","Hollis Allen",2024-07-24,NA,878,NA,NA,NA,NA,NA,NA,NA,NA,NA,2024,NA
"2","2.5",NA,10,23,"pink",NA,NA,NA,NA,NA,NA,NA,NA,NA,NA,NA,"Plant + band NRL",NA,2024-07-16,"YOSE7","Hollis Allen",2024-07-24,NA,833,NA,NA,NA,NA,NA,NA,NA,NA,NA,2024,NA
"2","2.5","X",40,10,"pink",NA,NA,NA,NA,NA,NA,NA,NA,NA,NA,NA,NA,NA,2024-07-16,"YOSE7","Hollis Allen",2024-07-24,NA,356,NA,NA,NA,NA,NA,NA,NA,NA,NA,2024,NA
"2","2.5",NA,48,8,"pink",NA,NA,NA,NA,NA,NA,NA,NA,NA,NA,NA,"Plant + band NRL",NA,2024-07-16,"YOSE7","Hollis Allen",2024-07-24,NA,458,NA,NA,NA,NA,NA,NA,NA,NA,NA,2024,NA
"2","2.5","X",45,20,"pink",NA,NA,NA,NA,NA,NA,NA,NA,NA,NA,NA,NA,NA,2024-07-16,"YOSE7","Hollis Allen",2024-07-24,NA,249,NA,NA,NA,NA,NA,NA,NA,NA,NA,2024,NA
"2","2.5","P",35,39,"pink",NA,NA,"1.01","8.6",1,NA,"0.0","4.0",2.6,1,"y",NA,NA,2024-07-16,"YOSE7","Hollis Allen",2024-07-24,NA,943,NA,NA,NA,NA,NA,NA,NA,NA,NA,2024,1.01
"2","2.5","X",43,15,"purple",NA,NA,NA,NA,NA,NA,NA,NA,NA,NA,NA,NA,NA,2024-07-16,"YOSE7","Hollis Allen",2024-07-24,NA,NA,NA,NA,NA,NA,NA,NA,NA,NA,NA,2024,NA
"2","2.5","X",15,42,"pink",NA,NA,NA,NA,NA,NA,NA,NA,NA,NA,NA,NA,NA,2024-07-16,"YOSE7","Hollis Allen",2024-07-24,NA,864,NA,NA,NA,NA,NA,NA,NA,NA,NA,2024,NA
"2","3","X",12,38,"pink",NA,NA,NA,NA,NA,NA,NA,NA,NA,NA,NA,NA,NA,2024-07-16,"YOSE7","Hollis Allen",2024-07-24,NA,506,NA,NA,NA,NA,NA,NA,NA,NA,NA,2024,NA
"2","3","X",22,20,"pink",NA,NA,NA,NA,NA,NA,NA,NA,NA,NA,NA,NA,NA,2024-07-16,"YOSE7","Hollis Allen",2024-07-24,NA,157,NA,NA,NA,NA,NA,NA,NA,NA,NA,2024,NA
"2","3",NA,48,29,"pink",NA,NA,NA,NA,NA,NA,NA,NA,NA,NA,NA,"Plant + band NRL",NA,2024-07-16,"YOSE7","Hollis Allen",2024-07-24,NA,759,NA,NA,NA,NA,NA,NA,NA,NA,NA,2024,NA
"2","3","X",35,42,"pink",NA,NA,NA,NA,NA,NA,NA,NA,NA,NA,NA,NA,NA,2024-07-16,"YOSE7","Hollis Allen",2024-07-24,NA,850,NA,NA,NA,NA,NA,NA,NA,NA,NA,2024,NA
"2","3","X",2,10,"pink",NA,NA,NA,NA,NA,NA,NA,NA,NA,NA,NA,NA,NA,2024-07-16,"YOSE7","Hollis Allen",2024-07-24,NA,111,NA,NA,NA,NA,NA,NA,NA,NA,NA,2024,NA
"2","3",NA,33,34,"pink",NA,NA,NA,NA,NA,NA,NA,NA,NA,NA,NA,"Plant + band NRL",NA,2024-07-16,"YOSE7","Hollis Allen",2024-07-24,NA,630,NA,NA,NA,NA,NA,NA,NA,NA,NA,2024,NA
"2","3","X",21,45,"pink",NA,NA,NA,NA,NA,NA,NA,NA,NA,NA,NA,NA,NA,2024-07-16,"YOSE7","Hollis Allen",2024-07-24,NA,122,NA,NA,NA,NA,NA,NA,NA,NA,NA,2024,NA
"2","3","X",18,47,"pink",NA,NA,NA,NA,NA,NA,NA,NA,NA,NA,NA,NA,NA,2024-07-16,"YOSE7","Hollis Allen",2024-07-24,NA,358,NA,NA,NA,NA,NA,NA,NA,NA,NA,2024,NA
"2","3","X",14,21,"pink",NA,NA,NA,NA,NA,NA,NA,NA,NA,NA,NA,NA,NA,2024-07-16,"YOSE7","Hollis Allen",2024-07-24,NA,62,NA,NA,NA,NA,NA,NA,NA,NA,NA,2024,NA
"2","3","X",33,9,"pink",NA,NA,NA,NA,NA,NA,NA,NA,NA,NA,NA,NA,NA,2024-07-16,"YOSE7","Hollis Allen",2024-07-24,NA,128,NA,NA,NA,NA,NA,NA,NA,NA,NA,2024,NA
"2","3","X",9,27,"purple",NA,NA,NA,NA,NA,NA,NA,NA,NA,NA,NA,NA,NA,2024-07-16,"YOSE7","Hollis Allen",2024-07-24,NA,NA,NA,NA,NA,NA,NA,NA,NA,NA,NA,2024,NA
"2","3.5","X",14,22,"blue",NA,NA,NA,NA,NA,NA,NA,NA,NA,NA,NA,NA,NA,2024-07-16,"YOSE7","Hollis Allen",2024-07-24,NA,97,NA,NA,NA,NA,NA,NA,NA,NA,NA,2024,NA
"2","3.5","X",29,49,"pink",NA,NA,NA,NA,NA,NA,NA,NA,NA,NA,NA,NA,NA,2024-07-16,"YOSE7","Hollis Allen",2024-07-24,NA,458,NA,NA,NA,NA,NA,NA,NA,NA,NA,2024,NA
"2","3.5","X",10,9,"pink",NA,NA,NA,NA,NA,NA,NA,NA,NA,NA,NA,NA,NA,2024-07-16,"YOSE7","Hollis Allen",2024-07-24,NA,459,NA,NA,NA,NA,NA,NA,NA,NA,NA,2024,NA
"2","3.5","X",20,20,"pink",NA,NA,NA,NA,NA,NA,NA,NA,NA,NA,NA,NA,NA,2024-07-16,"YOSE7","Hollis Allen",2024-07-24,NA,883,NA,NA,NA,NA,NA,NA,NA,NA,NA,2024,NA
"2","3.5","P",12,12,"pink",NA,NA,"2.76","10.3",1,NA,"0.0","27.0",4.2,1,"y",NA,NA,2024-07-16,"YOSE7","Hollis Allen",2024-07-24,NA,764,NA,NA,NA,NA,NA,NA,NA,NA,NA,2024,2.76
"2","3.5","X",35,28,"pink",NA,NA,NA,NA,NA,NA,NA,NA,NA,NA,NA,NA,NA,2024-07-16,"YOSE7","Hollis Allen",2024-07-24,NA,871,NA,NA,NA,NA,NA,NA,NA,NA,NA,2024,NA
"2","3.5","P",16,1,"pink",NA,NA,"1.34","10.7",4,NA,"0.0","8.0",4.5,4,"y",NA,NA,2024-07-16,"YOSE7","Hollis Allen",2024-07-24,NA,980,NA,NA,NA,NA,NA,NA,NA,NA,NA,2024,1.34
"2","3.5","X",35,25,"pink",NA,NA,NA,NA,NA,NA,NA,NA,NA,NA,NA,NA,NA,2024-07-16,"YOSE7","Hollis Allen",2024-07-24,NA,705,NA,NA,NA,NA,NA,NA,NA,NA,NA,2024,NA
"2","3.5","X",50,21,"pink",NA,NA,NA,NA,NA,NA,NA,NA,NA,NA,NA,NA,NA,2024-07-16,"YOSE7","Hollis Allen",2024-07-24,NA,84,NA,NA,NA,NA,NA,NA,NA,NA,NA,2024,NA
"2","3.5","V",38,5,"pink",NA,NA,"0.77","2.3",1,"0.9","0.0","0.0",NA,0,"N",NA,NA,2024-07-16,"YOSE7","Hollis Allen",2024-07-24,NA,790,NA,NA,NA,NA,NA,NA,NA,NA,NA,2024,0.5
"2","3.5","V",40,30,"pink",NA,NA,"1.2","1.2",1,"0.8","0.0","0.0",NA,0,"y",NA,NA,2024-07-16,"YOSE7","Hollis Allen",2024-07-24,NA,873,NA,NA,NA,NA,NA,NA,NA,NA,NA,2024,1.2
"2","3.5","X",10,33,"pink",NA,NA,NA,NA,NA,NA,NA,NA,NA,NA,NA,NA,NA,2024-07-16,"YOSE7","Hollis Allen",2024-07-24,NA,34,NA,NA,NA,NA,NA,NA,NA,NA,NA,2024,NA
"2","4","X",NA,16,"blue",NA,NA,NA,NA,NA,NA,NA,NA,NA,NA,NA,NA,NA,2024-07-16,"YOSE7","Hollis Allen",2024-07-24,NA,71,NA,NA,NA,NA,NA,NA,NA,NA,NA,2024,NA
"2","4","X",NA,22,"blue",NA,NA,NA,NA,NA,NA,NA,NA,NA,NA,NA,NA,NA,2024-07-16,"YOSE7","Hollis Allen",2024-07-24,NA,91,NA,NA,NA,NA,NA,NA,NA,NA,NA,2024,NA
"2","4","X",4,2,"pink",NA,NA,NA,NA,NA,NA,NA,NA,NA,NA,NA,NA,NA,2024-07-16,"YOSE7","Hollis Allen",2024-07-24,NA,837,NA,NA,NA,NA,NA,NA,NA,NA,NA,2024,NA
"2","4","X",15,25,"pink",NA,NA,NA,NA,NA,NA,NA,NA,NA,NA,NA,NA,NA,2024-07-16,"YOSE7","Hollis Allen",2024-07-24,NA,887,NA,NA,NA,NA,NA,NA,NA,NA,NA,2024,NA
"2","4",NA,35,4,"pink",NA,NA,NA,NA,NA,NA,NA,NA,NA,NA,NA,"Can't find plant or band",NA,2024-07-16,"YOSE7","Hollis Allen",2024-07-24,NA,768,NA,NA,NA,NA,NA,NA,NA,NA,NA,2024,NA
"2","4","X",45,17,"pink",NA,NA,NA,NA,NA,NA,NA,NA,NA,NA,NA,NA,NA,2024-07-16,"YOSE7","Hollis Allen",2024-07-24,NA,870,NA,NA,NA,NA,NA,NA,NA,NA,NA,2024,NA
"2","4","X",30,18,"pink",NA,NA,NA,NA,NA,NA,NA,NA,NA,NA,NA,NA,NA,2024-07-16,"YOSE7","Hollis Allen",2024-07-24,NA,746,NA,NA,NA,NA,NA,NA,NA,NA,NA,2024,NA
"2","4","P",25,10,"pink",NA,NA,"1.76","9.9",6,NA,"2.0","6.0",3,6,"n",NA,NA,2024-07-16,"YOSE7","Hollis Allen",2024-07-24,NA,853,NA,NA,NA,NA,NA,NA,NA,NA,NA,2024,1.76
"2","4","X",15,4,"pink",NA,NA,NA,NA,NA,NA,NA,NA,NA,NA,NA,NA,NA,2024-07-16,"YOSE7","Hollis Allen",2024-07-24,NA,236,NA,NA,NA,NA,NA,NA,NA,NA,NA,2024,NA
"2","4","F",20,17,"pink",NA,NA,"1.09","3.8",1,NA,"1.0",NA,NA,1,"n",NA,NA,2024-07-16,"YOSE7","Hollis Allen",2024-07-24,NA,845,NA,NA,NA,NA,NA,NA,NA,NA,NA,2024,1.09
"2","4","X",38,12,"pink",NA,NA,NA,NA,NA,NA,NA,NA,NA,NA,NA,NA,NA,2024-07-16,"YOSE7","Hollis Allen",2024-07-24,NA,149,NA,NA,NA,NA,NA,NA,NA,NA,NA,2024,NA
"2","4",NA,22,37,"pink",NA,NA,NA,NA,NA,NA,NA,NA,NA,NA,NA,"Can't find plant or band",NA,2024-07-16,"YOSE7","Hollis Allen",2024-07-24,NA,881,NA,NA,NA,NA,NA,NA,NA,NA,NA,2024,NA
"2","4","X",11,23,"purple",NA,NA,NA,NA,NA,NA,NA,NA,NA,NA,NA,NA,NA,2024-07-16,"YOSE7","Hollis Allen",2024-07-24,NA,NA,NA,NA,NA,NA,NA,NA,NA,NA,NA,2024,NA
"2","4.5","X",21,27,"pink",NA,NA,NA,NA,NA,NA,NA,NA,NA,NA,NA,NA,NA,2024-07-16,"YOSE7","Hollis Allen",2024-07-24,NA,133,NA,NA,NA,NA,NA,NA,NA,NA,NA,2024,NA
"2","4.5","X",25,10,"pink",NA,NA,NA,NA,NA,NA,NA,NA,NA,NA,NA,NA,NA,2024-07-16,"YOSE7","Hollis Allen",2024-07-24,NA,858,NA,NA,NA,NA,NA,NA,NA,NA,NA,2024,NA
"2","4.5","X",40,35,"pink",NA,NA,NA,NA,NA,NA,NA,NA,NA,NA,NA,NA,NA,2024-07-16,"YOSE7","Hollis Allen",2024-07-24,NA,854,NA,NA,NA,NA,NA,NA,NA,NA,NA,2024,NA
"2","4.5","V",13,35,"pink",NA,NA,"1.3","2.2",1,"0.5",NA,NA,NA,0,"n",NA,NA,2024-07-16,"YOSE7","Hollis Allen",2024-07-24,NA,765,NA,NA,NA,NA,NA,NA,NA,NA,NA,2024,1.3
"2","4.5","X",22,45,"pink",NA,NA,NA,NA,NA,NA,NA,NA,NA,NA,NA,NA,NA,2024-07-16,"YOSE7","Hollis Allen",2024-07-24,NA,125,NA,NA,NA,NA,NA,NA,NA,NA,NA,2024,NA
"2","4.5","X",32,35,"pink",NA,NA,NA,NA,NA,NA,NA,NA,NA,NA,NA,NA,NA,2024-07-16,"YOSE7","Hollis Allen",2024-07-24,NA,872,NA,NA,NA,NA,NA,NA,NA,NA,NA,2024,NA
"2","4.5","X",18,33,"pink",NA,NA,NA,NA,NA,NA,NA,NA,NA,NA,NA,NA,NA,2024-07-16,"YOSE7","Hollis Allen",2024-07-24,NA,246,NA,NA,NA,NA,NA,NA,NA,NA,NA,2024,NA
"2","4.5","X",30,40,"pink",NA,NA,NA,NA,NA,NA,NA,NA,NA,NA,NA,NA,NA,2024-07-16,"YOSE7","Hollis Allen",2024-07-24,NA,830,NA,NA,NA,NA,NA,NA,NA,NA,NA,2024,NA
"2","4.5","X",20,39,"pink",NA,NA,NA,NA,NA,NA,NA,NA,NA,NA,NA,NA,NA,2024-07-16,"YOSE7","Hollis Allen",2024-07-24,NA,153,NA,NA,NA,NA,NA,NA,NA,NA,NA,2024,NA
"2","4.5","V",35,30,"pink",NA,NA,"0.68","1.1",1,NA,NA,NA,NA,0,NA,"too shriveled to tell herb.",NA,2024-07-16,"YOSE7","Hollis Allen",2024-07-24,NA,791,NA,NA,NA,NA,NA,NA,NA,NA,NA,2024,0.5
"3","0","X",40,9,"blue",NA,NA,NA,NA,NA,NA,NA,NA,NA,NA,NA,NA,NA,2024-07-16,"YOSE7","Hollis Allen",2024-07-24,NA,13,NA,NA,NA,NA,NA,NA,NA,NA,NA,2024,NA
"3","0","X",50,21,"blue",NA,NA,NA,NA,NA,NA,NA,NA,NA,NA,NA,NA,NA,2024-07-16,"YOSE7","Hollis Allen",2024-07-24,NA,47,NA,NA,NA,NA,NA,NA,NA,NA,NA,2024,NA
"3","0","X",38,19,"blue",NA,NA,NA,NA,NA,NA,NA,NA,NA,NA,NA,NA,NA,2024-07-16,"YOSE7","Hollis Allen",2024-07-24,NA,51,NA,NA,NA,NA,NA,NA,NA,NA,NA,2024,NA
"3","0","X",40,26,"blue",NA,NA,NA,NA,NA,NA,NA,NA,NA,NA,NA,NA,NA,2024-07-16,"YOSE7","Hollis Allen",2024-07-24,NA,9,NA,NA,NA,NA,NA,NA,NA,NA,NA,2024,NA
"3","0","X",30,14,"blue",NA,NA,NA,NA,NA,NA,NA,NA,NA,NA,NA,NA,NA,2024-07-16,"YOSE7","Hollis Allen",2024-07-24,NA,46,NA,NA,NA,NA,NA,NA,NA,NA,NA,2024,NA
"3","0","X",22,37,"blue",NA,NA,NA,NA,NA,NA,NA,NA,NA,NA,NA,NA,NA,2024-07-16,"YOSE7","Hollis Allen",2024-07-24,NA,34,NA,NA,NA,NA,NA,NA,NA,NA,NA,2024,NA
"3","0","X",1,31,"pink",NA,NA,NA,NA,NA,NA,NA,NA,NA,NA,NA,NA,NA,2024-07-16,"YOSE7","Hollis Allen",2024-07-24,NA,87,NA,NA,NA,NA,NA,NA,NA,NA,NA,2024,NA
"3","0.5","X",24,13,"blue",NA,NA,NA,NA,NA,NA,NA,NA,NA,NA,NA,NA,NA,2024-07-16,"YOSE7","Hollis Allen",2024-07-24,NA,48,NA,NA,NA,NA,NA,NA,NA,NA,NA,2024,NA
"3","0.5","X",34,21,"blue",NA,NA,NA,NA,NA,NA,NA,NA,NA,NA,NA,NA,NA,2024-07-16,"YOSE7","Hollis Allen",2024-07-24,NA,33,NA,NA,NA,NA,NA,NA,NA,NA,NA,2024,NA
"3","0.5","X",50,21,"blue",NA,NA,NA,NA,NA,NA,NA,NA,NA,NA,NA,NA,NA,2024-07-16,"YOSE7","Hollis Allen",2024-07-24,NA,45,NA,NA,NA,NA,NA,NA,NA,NA,NA,2024,NA
"3","0.5","X",17,37,"pink",NA,NA,NA,NA,NA,NA,NA,NA,NA,NA,NA,NA,NA,2024-07-16,"YOSE7","Hollis Allen",2024-07-24,NA,862,NA,NA,NA,NA,NA,NA,NA,NA,NA,2024,NA
"3","0.5","X",49,8,"pink",NA,NA,NA,NA,NA,NA,NA,NA,NA,NA,NA,NA,NA,2024-07-16,"YOSE7","Hollis Allen",2024-07-24,NA,303,NA,NA,NA,NA,NA,NA,NA,NA,NA,2024,NA
"3","0.5","V",9,4,"pink",NA,NA,"1.0","2.6",3,"2.6",NA,NA,NA,NA,"y","Most likely survivor",NA,2024-07-16,"YOSE7","Hollis Allen",2024-07-24,NA,882,NA,NA,NA,NA,NA,NA,NA,NA,NA,2024,1
"3","0.5","P",7,17,"pink",NA,NA,"0.96","8.1",1,NA,"0.0","3.0",2.5,1,"n",NA,NA,2024-07-16,"YOSE7","Hollis Allen",2024-07-24,NA,460,NA,NA,NA,NA,NA,NA,NA,NA,NA,2024,0.5
"3","0.5","P",46,33,"pink",NA,NA,"0.64","8.3",4,NA,NA,"1.0",1.9,3,"n",NA,NA,2024-07-16,"YOSE7","Hollis Allen",2024-07-24,NA,940,NA,NA,NA,NA,NA,NA,NA,NA,NA,2024,0.5
"3","0.5","F",15,29,"pink",NA,NA,"0.61","9.7",1,NA,"0.0","0.0",NA,1,"n","Drying up",NA,2024-07-16,"YOSE7","Hollis Allen",2024-07-24,NA,20,NA,NA,NA,NA,NA,NA,NA,NA,NA,2024,0.5
"3","0.5","P",17,48,"pink",NA,NA,"1.14","17.2",1,NA,"2.0","3.0",5.3,1,"y",NA,NA,2024-07-16,"YOSE7","Hollis Allen",2024-07-24,NA,31,NA,NA,NA,NA,NA,NA,NA,NA,NA,2024,1.14
"3","0.5","X",43,8,"pink",NA,NA,NA,NA,NA,NA,NA,NA,NA,NA,NA,NA,NA,2024-07-16,"YOSE7","Hollis Allen",2024-07-24,NA,589,NA,NA,NA,NA,NA,NA,NA,NA,NA,2024,NA
"3","0.5","V",12,19,"pink",NA,NA,"1.03","3.1",2,"1.0",NA,NA,NA,NA,"y",NA,NA,2024-07-16,"YOSE7","Hollis Allen",2024-07-24,NA,755,NA,NA,NA,NA,NA,NA,NA,NA,NA,2024,1.03
"3","0.5","P",5,33,"pink",NA,NA,"0.97","7.6",4,NA,NA,"9.0",2.8,4,"y",NA,NA,2024-07-16,"YOSE7","Hollis Allen",2024-07-24,NA,775,NA,NA,NA,NA,NA,NA,NA,NA,NA,2024,0.5
"3","0.5","X",NA,NA,"purple",NA,NA,NA,NA,NA,NA,NA,NA,NA,NA,NA,NA,NA,2024-07-16,"YOSE7","Hollis Allen",2024-07-24,NA,NA,NA,NA,NA,NA,NA,NA,NA,NA,NA,2024,NA
"3","1","X",4,49,"pink",NA,NA,NA,NA,NA,NA,NA,NA,NA,NA,NA,NA,NA,2024-07-16,"YOSE7","Hollis Allen",2024-07-24,NA,644,NA,NA,NA,NA,NA,NA,NA,NA,NA,2024,NA
"3","1","V",8,15,"pink",NA,NA,"1.09","3.4",2,"1.0",NA,NA,NA,NA,"n",NA,NA,2024-07-16,"YOSE7","Hollis Allen",2024-07-24,NA,249,NA,NA,NA,NA,NA,NA,NA,NA,NA,2024,1.09
"3","1","P",7,5,"pink",NA,NA,"0.91","13.4",3,NA,"0.0","5.0",4.4,3,"n",NA,NA,2024-07-16,"YOSE7","Hollis Allen",2024-07-24,NA,33,NA,NA,NA,NA,NA,NA,NA,NA,NA,2024,0.5
"3","1","P",7,20,"pink",NA,NA,"0.77","5.4",2,NA,"0.0","3.0",0.6,2,"n",NA,NA,2024-07-16,"YOSE7","Hollis Allen",2024-07-24,NA,232,NA,NA,NA,NA,NA,NA,NA,NA,NA,2024,0.5
"3","1","X",45,31,"pink",NA,NA,NA,NA,NA,NA,NA,NA,NA,NA,NA,NA,NA,2024-07-16,"YOSE7","Hollis Allen",2024-07-24,NA,NA,NA,NA,NA,NA,NA,NA,NA,NA,NA,2024,NA
"3","1","P",12,10,"pink",NA,NA,"1.2","10.1",1,NA,"0.0","5.0",4.1,1,"n",NA,NA,2024-07-16,"YOSE7","Hollis Allen",2024-07-24,NA,94,NA,NA,NA,NA,NA,NA,NA,NA,NA,2024,1.2
"3","1","X",3,37,"pink",NA,NA,NA,NA,NA,NA,NA,NA,NA,NA,NA,NA,NA,2024-07-16,"YOSE7","Hollis Allen",2024-07-24,NA,355,NA,NA,NA,NA,NA,NA,NA,NA,NA,2024,NA
"3","1","V",40,8,"pink",NA,NA,"0.73","2.4",1,"0.4",NA,NA,NA,0,"y",NA,NA,2024-07-16,"YOSE7","Hollis Allen",2024-07-24,NA,224,NA,NA,NA,NA,NA,NA,NA,NA,NA,2024,0.5
"3","1","X",36,20,"pink",NA,NA,NA,NA,NA,NA,NA,NA,NA,NA,NA,NA,NA,2024-07-16,"YOSE7","Hollis Allen",2024-07-24,NA,170,NA,NA,NA,NA,NA,NA,NA,NA,NA,2024,NA
"3","1","V",41,41,"pink",NA,NA,"0.6","5.9",1,"1.2",NA,NA,NA,0,"n",NA,NA,2024-07-16,"YOSE7","Hollis Allen",2024-07-24,NA,336,NA,NA,NA,NA,NA,NA,NA,NA,NA,2024,0.5
"3","1","V",15,47,"pink",NA,NA,NA,NA,NA,NA,NA,NA,NA,NA,NA,"Dried out",NA,2024-07-16,"YOSE7","Hollis Allen",2024-07-24,NA,354,NA,NA,NA,NA,NA,NA,NA,NA,NA,2024,NA
"3","1.5","X",3,5,"blue",NA,NA,NA,NA,NA,NA,NA,NA,NA,NA,NA,NA,NA,2024-07-16,"YOSE7","Hollis Allen",2024-07-24,NA,5,NA,NA,NA,NA,NA,NA,NA,NA,NA,2024,NA
"3","1.5","X",21,24,"blue",NA,NA,NA,NA,NA,NA,NA,NA,NA,NA,NA,NA,NA,2024-07-16,"YOSE7","Hollis Allen",2024-07-24,NA,94,NA,NA,NA,NA,NA,NA,NA,NA,NA,2024,NA
"3","1.5","X",4,10,"purple",NA,NA,NA,NA,NA,NA,NA,NA,NA,NA,NA,NA,NA,2024-07-16,"YOSE7","Hollis Allen",2024-07-24,NA,NA,NA,NA,NA,NA,NA,NA,NA,NA,NA,2024,NA
"3","1.5","P",27,26,"pink",NA,NA,"0.84","8.6",4,NA,"1.0","6.0",3.7,3,"n",NA,NA,2024-07-16,"YOSE7","Hollis Allen",2024-07-24,NA,747,NA,NA,NA,NA,NA,NA,NA,NA,NA,2024,0.5
"3","1.5","X",30,27,"pink",NA,NA,NA,NA,NA,NA,NA,NA,NA,NA,NA,"Band moved, plant not found",NA,2024-07-16,"YOSE7","Hollis Allen",2024-07-24,NA,650,NA,NA,NA,NA,NA,NA,NA,NA,NA,2024,NA
"3","1.5",NA,14,37,"pink",NA,NA,NA,NA,NA,NA,NA,NA,NA,NA,NA,NA,NA,2024-07-16,"YOSE7","Hollis Allen",2024-07-24,NA,21,NA,NA,NA,NA,NA,NA,NA,NA,NA,2024,NA
"3","1.5","F",35,38,"pink",NA,NA,"0.78","7.0",3,NA,"0.0","0.0",NA,3,"n",NA,NA,2024-07-16,"YOSE7","Hollis Allen",2024-07-24,NA,356,NA,NA,NA,NA,NA,NA,NA,NA,NA,2024,0.5
"3","1.5","X",39,29,"pink",NA,NA,NA,NA,NA,NA,NA,NA,NA,NA,NA,NA,NA,2024-07-16,"YOSE7","Hollis Allen",2024-07-24,NA,264,NA,NA,NA,NA,NA,NA,NA,NA,NA,2024,NA
"3","1.5","X",42,10,"pink",NA,NA,NA,NA,NA,NA,NA,NA,NA,NA,NA,NA,NA,2024-07-16,"YOSE7","Hollis Allen",2024-07-24,NA,226,NA,NA,NA,NA,NA,NA,NA,NA,NA,2024,NA
"3","1.5","V",35,20,"pink",NA,NA,"0.67","1.6",1,"0.5",NA,NA,NA,0,"n",NA,NA,2024-07-16,"YOSE7","Hollis Allen",2024-07-24,NA,366,NA,NA,NA,NA,NA,NA,NA,NA,NA,2024,0.5
"3","1.5","X",39,47,"pink",NA,NA,NA,NA,NA,NA,NA,NA,NA,NA,NA,NA,NA,2024-07-16,"YOSE7","Hollis Allen",2024-07-24,NA,676,NA,NA,NA,NA,NA,NA,NA,NA,NA,2024,NA
"3","1.5","X",14,29,"pink",NA,NA,NA,NA,NA,NA,NA,NA,NA,NA,NA,NA,NA,2024-07-16,"YOSE7","Hollis Allen",2024-07-24,NA,108,NA,NA,NA,NA,NA,NA,NA,NA,NA,2024,NA
"3","1.5","P",49,20,"pink",NA,NA,"0.64","10.9",3,NA,"1.0","1.0",4.9,2,"n",NA,NA,2024-07-16,"YOSE7","Hollis Allen",2024-07-24,NA,938,NA,NA,NA,NA,NA,NA,NA,NA,NA,2024,0.5
"3","2","P",8,41,"pink",NA,NA,"0.82","4.8",2,NA,"1.0","1.0",0.9,2,"n",NA,NA,2024-07-16,"YOSE7","Hollis Allen",2024-07-24,NA,126,NA,NA,NA,NA,NA,NA,NA,NA,NA,2024,0.5
"3","2","P",25,15,"pink",NA,NA,"1.12","10.6",1,NA,"2.0","3.0",4.7,1,"n",NA,NA,2024-07-16,"YOSE7","Hollis Allen",2024-07-24,NA,802,NA,NA,NA,NA,NA,NA,NA,NA,NA,2024,1.12
"3","2","P",17,8,"pink",NA,NA,"1.97","7.6",3,NA,"2.0","5.0",3.3,3,"n",NA,NA,2024-07-16,"YOSE7","Hollis Allen",2024-07-24,NA,354,NA,NA,NA,NA,NA,NA,NA,NA,NA,2024,1.97
"3","2","P",12,8,"pink",NA,NA,"1.06","9.6",5,NA,"0.0","3.0",3,5,"y",NA,NA,2024-07-16,"YOSE7","Hollis Allen",2024-07-24,NA,903,NA,NA,NA,NA,NA,NA,NA,NA,NA,2024,1.06
"3","2","P",22,25,"pink",NA,NA,"1.03","10.5",3,NA,"0.0","5.0",4.7,3,"y",NA,NA,2024-07-16,"YOSE7","Hollis Allen",2024-07-24,NA,503,NA,NA,NA,NA,NA,NA,NA,NA,NA,2024,1.03
"3","2","P",15,35,"pink",NA,NA,"0.99","6.2",4,NA,"4.0","4.0",2.4,4,"n",NA,NA,2024-07-16,"YOSE7","Hollis Allen",2024-07-24,NA,904,NA,NA,NA,NA,NA,NA,NA,NA,NA,2024,0.5
"3","2","P",8,5,"pink",NA,NA,"0.92","6.2",3,NA,"0.0","3.0",3.9,2,"y",NA,NA,2024-07-16,"YOSE7","Hollis Allen",2024-07-24,NA,30,NA,NA,NA,NA,NA,NA,NA,NA,NA,2024,0.5
"3","2","P",12,35,"pink",NA,NA,"0.86","12.2",3,NA,"0.0","4.0",4.1,3,"n",NA,NA,2024-07-16,"YOSE7","Hollis Allen",2024-07-24,NA,747,NA,NA,NA,NA,NA,NA,NA,NA,NA,2024,0.5
"3","2","X",18,18,"pink",NA,NA,NA,NA,NA,NA,NA,NA,NA,NA,NA,NA,NA,2024-07-16,"YOSE7","Hollis Allen",2024-07-24,NA,895,NA,NA,NA,NA,NA,NA,NA,NA,NA,2024,NA
"3","2","F",30,30,"pink",NA,NA,"0.89","2.8",2,NA,"2.0","0.0",NA,2,"n",NA,NA,2024-07-16,"YOSE7","Hollis Allen",2024-07-24,NA,173,NA,NA,NA,NA,NA,NA,NA,NA,NA,2024,0.5
"3","2",NA,NA,NA,"blue",NA,NA,NA,NA,NA,NA,NA,NA,NA,NA,NA,NA,NA,2024-07-16,"YOSE7","Hollis Allen",2024-07-24,NA,72,NA,NA,NA,NA,NA,NA,NA,NA,NA,2024,NA
"3","2",NA,NA,NA,"blue",NA,NA,NA,NA,NA,NA,NA,NA,NA,NA,NA,NA,NA,2024-07-16,"YOSE7","Hollis Allen",2024-07-24,NA,21,NA,NA,NA,NA,NA,NA,NA,NA,NA,2024,NA
"3","2.5","P",34,24,"pink",NA,NA,"0.81","7.5",1,NA,"1.0","1.0",1.8,1,"y",NA,NA,2024-07-16,"YOSE7","Hollis Allen",2024-07-24,NA,174,NA,NA,NA,NA,NA,NA,NA,NA,NA,2024,0.5
"3","2.5","V",34,31,"pink",NA,NA,"0.45","3.4",3,"1.1",NA,NA,NA,0,"n",NA,NA,2024-07-16,"YOSE7","Hollis Allen",2024-07-24,NA,248,NA,NA,NA,NA,NA,NA,NA,NA,NA,2024,0.5
"3","3","P",40,33,"pink",NA,NA,"0.9","8.6",2,NA,"1.0","3.0",3.8,2,"y",NA,NA,2024-07-16,"YOSE7","Hollis Allen",2024-07-24,NA,91,NA,NA,NA,NA,NA,NA,NA,NA,NA,2024,0.5
"3","3.5","P",5,40,"pink",NA,NA,"1.1","6.6",1,NA,"0.0","7.0",4.3,1,"y",NA,NA,2024-07-16,"YOSE7","Hollis Allen",2024-07-24,NA,614,NA,NA,NA,NA,NA,NA,NA,NA,NA,2024,1.1
"3","4.5","V",27,8,"pink",NA,NA,"0.64","1.8",2,"0.6",NA,NA,NA,0,"y","most likely survivor!",NA,2024-07-16,"YOSE7","Hollis Allen",2024-07-24,NA,68,NA,NA,NA,NA,NA,NA,NA,NA,NA,2024,0.5
