"Transect_plot","Quad","Phenology","Xcoord","Ycoord","Band_color","Pick_color","Sword_color","Stem_diam_mm","Height_cm","Num_total_branches","Longest_leaf_cm","Num_flowers","Num_fruits","Longest_fruit_cm","Num_repro_branches","Herbivory","Notes","Collected_by","Census_date","Site","Entered_by","Date_entered","Band","Band_num","Tag","2018tag","2019tag","Leaf_thickness_mm","Canopy_width_cm","Buds","Year_marked","Category_herbivory","Num_leaves","Census_year","Stem_diam_mm_UFA"
"1","0.5","P",35,10,"blue","N/A","N/A","1.95","26.1",4,"N/A","0.0","11.0",6.6,1,"no","4 total branches, 2 are veg, one repro, one alive but nothing on it","Eva & Jenny",2018-07-11,"YOSE8",NA,NA,NA,NA,NA,NA,NA,NA,NA,NA,NA,NA,NA,2018,1.95
"1","0.5","V",45,4,"green","N/A","N/A","1.33","1.4",1,"1.6","N/A","N/A",NA,NA,"no",NA,"Eva & Jenny",2018-07-11,"YOSE8",NA,NA,NA,NA,NA,NA,NA,NA,NA,NA,NA,NA,NA,2018,1.33
"1","0.5","V",NA,NA,"N/A","N/A","N/A","<1","2.0",1,"0.6","N/A","N/A",NA,NA,"yes",NA,"Eva & Jenny",2018-07-11,"YOSE8",NA,NA,NA,NA,NA,NA,NA,NA,NA,NA,NA,NA,NA,2018,0.5
"1","0.5","V",NA,NA,"N/A","N/A","N/A","<1","1.1",1,"0.9","N/A","N/A",NA,NA,"no",NA,"Eva & Jenny",2018-07-11,"YOSE8",NA,NA,NA,NA,NA,NA,NA,NA,NA,NA,NA,NA,NA,2018,0.5
"1","0.5","V",41,28,"green","N/A","N/A","1.3","1.1",1,"1.4","N/A","N/A",NA,NA,"no",NA,"Eva & Jenny",2018-07-11,"YOSE8",NA,NA,NA,NA,NA,NA,NA,NA,NA,NA,NA,NA,NA,2018,1.3
"1","0.5","V",20,24,"green","N/A","N/A","1.06","2.4",1,"1.1","N/A","N/A",NA,NA,"no",NA,"Eva & Jenny",2018-07-11,"YOSE8",NA,NA,NA,NA,NA,NA,NA,NA,NA,NA,NA,NA,NA,2018,1.06
"1","0.5","F",23,30,"blue","N/A","N/A","1.9","18.2",3,"N/A","2.0","3.0",1.5,1,"no","4 buds","Eva & Jenny",2018-07-11,"YOSE8",NA,NA,NA,NA,NA,NA,NA,NA,NA,NA,NA,NA,NA,2018,1.9
"1","0.5","V",20,33,"green","N/A","N/A","1.67","2.1",1,"1.2","N/A","N/A",NA,NA,"no",NA,"Eva & Jenny",2018-07-11,"YOSE8",NA,NA,NA,NA,NA,NA,NA,NA,NA,NA,NA,NA,NA,2018,1.67
"1","0.5","V",15,46,"green","N/A","N/A","1.3","2.3",1,"1.2","N/A","N/A",NA,NA,"no",NA,"Eva & Jenny",2018-07-11,"YOSE8",NA,NA,NA,NA,NA,NA,NA,NA,NA,NA,NA,NA,NA,2018,1.3
"1","0.5","V",16,49,"green","N/A","N/A","1.51","2.6",1,"1.1","N/A","N/A",NA,NA,"no","this is actually out, did it anyway","Eva & Jenny",2018-07-11,"YOSE8",NA,NA,NA,NA,NA,NA,NA,NA,NA,NA,NA,NA,NA,2018,1.51
"1","0.5","V",40,52,"green","N/A","N/A","1.06","2.0",1,"0.9","N/A","N/A",NA,NA,"no",NA,"Eva & Jenny",2018-07-11,"YOSE8",NA,NA,NA,NA,NA,NA,NA,NA,NA,NA,NA,NA,NA,2018,1.06
"1","0.5","V",NA,NA,"N/A","N/A","N/A","<1","1.3",1,"0.9","N/A","N/A",NA,NA,"no",NA,"Eva & Jenny",2018-07-11,"YOSE8",NA,NA,NA,NA,NA,NA,NA,NA,NA,NA,NA,NA,NA,2018,0.5
"1","0.5","V",NA,NA,"N/A","N/A","N/A","<1","2.4",1,"1.2","N/A","N/A",NA,NA,"no",NA,"Eva & Jenny",2018-07-11,"YOSE8",NA,NA,NA,NA,NA,NA,NA,NA,NA,NA,NA,NA,NA,2018,0.5
"1","1.0","V",11,19,"green","N/A","N/A","1.45","3.6",2,"1.2","N/A","N/A",NA,NA,"yes","not apical","Eva & Jenny",2018-07-11,"YOSE8",NA,NA,NA,NA,NA,NA,NA,NA,NA,NA,NA,NA,NA,2018,1.45
"1","1.0","V",NA,NA,"N/A","N/A","N/A","<1","1.6",1,"0.6","N/A","N/A",NA,NA,"yes",NA,"Eva & Jenny",2018-07-11,"YOSE8",NA,NA,NA,NA,NA,NA,NA,NA,NA,NA,NA,NA,NA,2018,0.5
"1","1.0","V",NA,NA,"N/A","N/A","N/A","<1","1.1",1,"0.4","N/A","N/A",NA,NA,"no",NA,"Eva & Jenny",2018-07-11,"YOSE8",NA,NA,NA,NA,NA,NA,NA,NA,NA,NA,NA,NA,NA,2018,0.5
"1","1.0","V",NA,NA,"N/A","N/A","N/A","<1","1.2",1,"0.6","N/A","N/A",NA,NA,"no",NA,"Eva & Jenny",2018-07-11,"YOSE8",NA,NA,NA,NA,NA,NA,NA,NA,NA,NA,NA,NA,NA,2018,0.5
"1","1.0","V",27,18,"green","N/A","N/A","1.78","2.2",1,"1.6","N/A","N/A",NA,NA,"no",NA,"Eva & Jenny",2018-07-11,"YOSE8",NA,NA,NA,NA,NA,NA,NA,NA,NA,NA,NA,NA,NA,2018,1.78
"1","1.0","V",NA,NA,"N/A","N/A","N/A","<1","1.6",1,"0.4","N/A","N/A",NA,NA,"no",NA,"Eva & Jenny",2018-07-11,"YOSE8",NA,NA,NA,NA,NA,NA,NA,NA,NA,NA,NA,NA,NA,2018,0.5
"1","1.0","V",34,7,"green","N/A","N/A","1.34","3.2",1,"1.2","N/A","N/A",NA,NA,"no",NA,"Eva & Jenny",2018-07-11,"YOSE8",NA,NA,NA,NA,NA,NA,NA,NA,NA,NA,NA,NA,NA,2018,1.34
"1","1.0","V",48,15,"green","N/A","N/A","1.26","3.4",1,"1.2","N/A","N/A",NA,NA,"no",NA,"Eva & Jenny",2018-07-11,"YOSE8",NA,NA,NA,NA,NA,NA,NA,NA,NA,NA,NA,NA,NA,2018,1.26
"1","1.0","V",NA,NA,"N/A","N/A","N/A","<1","1.4",1,"0.5","N/A","N/A",NA,NA,"no",NA,"Eva & Jenny",2018-07-11,"YOSE8",NA,NA,NA,NA,NA,NA,NA,NA,NA,NA,NA,NA,NA,2018,0.5
"1","1.0","V",NA,NA,"N/A","N/A","N/A","<1","0.7",1,"0.3","N/A","N/A",NA,NA,"no",NA,"Eva & Jenny",2018-07-11,"YOSE8",NA,NA,NA,NA,NA,NA,NA,NA,NA,NA,NA,NA,NA,2018,0.5
"1","1.0","V",NA,NA,"N/A","N/A","N/A","<1","0.9",1,"0.5","N/A","N/A",NA,NA,"no",NA,"Eva & Jenny",2018-07-11,"YOSE8",NA,NA,NA,NA,NA,NA,NA,NA,NA,NA,NA,NA,NA,2018,0.5
"1","1.0","V",5,51,"green","N/A","N/A","1.18","2.1",1,"0.9","N/A","N/A",NA,NA,"no","slightly out of bounds","Eva & Jenny",2018-07-11,"YOSE8",NA,NA,NA,NA,NA,NA,NA,NA,NA,NA,NA,NA,NA,2018,1.18
"1","1.0","P",25,50,"blue","N/A","N/A","2.43","30.2",3,"N/A","0.0","19.0",6.7,3,"no","1 rep branch broken","Eva & Jenny",2018-07-11,"YOSE8",NA,NA,NA,NA,NA,NA,NA,NA,NA,NA,NA,NA,NA,2018,2.43
"1","1.0","P",26,49,"blue","N/A","N/A","2.16","36.5",3,"N/A","4.0","22.0",5.5,3,"no","flowers are actually just stigmas that will likely become siliques","Eva & Jenny",2018-07-11,"YOSE8",NA,NA,NA,NA,NA,NA,NA,NA,NA,NA,NA,NA,NA,2018,2.16
"1","1.0","V",25,40,"green","N/A","N/A","1.38","1.7",1,"1.1","N/A","N/A",NA,NA,"no",NA,"Eva & Jenny",2018-07-11,"YOSE8",NA,NA,NA,NA,NA,NA,NA,NA,NA,NA,NA,NA,NA,2018,1.38
"1","1.0","V",NA,NA,"N/A","N/A","N/A","<1","1.2",1,"0.6","N/A","N/A",NA,NA,"no",NA,"Eva & Jenny",2018-07-11,"YOSE8",NA,NA,NA,NA,NA,NA,NA,NA,NA,NA,NA,NA,NA,2018,0.5
"1","1.0","V",NA,NA,"N/A","N/A","N/A","<1","2.9",1,"0.9","N/A","N/A",NA,NA,"no",NA,"Eva & Jenny",2018-07-11,"YOSE8",NA,NA,NA,NA,NA,NA,NA,NA,NA,NA,NA,NA,NA,2018,0.5
"1","1.5","V",5,14,"green","N/A","N/A","1.57","3.6",1,"1.5","N/A","N/A",NA,NA,"no",NA,"Eva & Mimi",2018-07-11,"YOSE8",NA,NA,NA,NA,NA,NA,NA,NA,NA,NA,NA,NA,NA,2018,1.57
"1","1.5","V",7,11,"green","N/A","N/A","1.25","5.1",1,"1.1","N/A","N/A",NA,NA,"no",NA,"Eva & Mimi",2018-07-11,"YOSE8",NA,NA,NA,NA,NA,NA,NA,NA,NA,NA,NA,NA,NA,2018,1.25
"1","1.5","V",0,20,"green","N/A","N/A","1.09","2.4",1,"1.4","N/A","N/A",NA,NA,"no",NA,"Eva & Mimi",2018-07-11,"YOSE8",NA,NA,NA,NA,NA,NA,NA,NA,NA,NA,NA,NA,NA,2018,1.09
"1","1.5","V",NA,NA,"N/A","N/A","N/A","<1","4.1",2,"1.1","N/A","N/A",NA,NA,"no",NA,"Eva & Mimi",2018-07-11,"YOSE8",NA,NA,NA,NA,NA,NA,NA,NA,NA,NA,NA,NA,NA,2018,0.5
"1","1.5","V",3,24,"green","N/A","N/A","1.03","1.9",2,"0.8","N/A","N/A",NA,NA,"no",NA,"Eva & Mimi",2018-07-11,"YOSE8",NA,NA,NA,NA,NA,NA,NA,NA,NA,NA,NA,NA,NA,2018,1.03
"1","1.5","V",NA,NA,"N/A","N/A","N/A","<1","2.8",1,"1.1","N/A","N/A",NA,NA,"no",NA,"Eva & Mimi",2018-07-11,"YOSE8",NA,NA,NA,NA,NA,NA,NA,NA,NA,NA,NA,NA,NA,2018,0.5
"1","1.5","P",21,27,"blue","N/A","N/A","1.3","21.5",1,"N/A","0.0","5.0",6.4,1,"no",NA,"Eva & Mimi",2018-07-11,"YOSE8",NA,NA,NA,NA,NA,NA,NA,NA,NA,NA,NA,NA,NA,2018,1.3
"1","1.5","V",NA,NA,"N/A","N/A","N/A","<1","1.0",1,"0.3","N/A","N/A",NA,NA,"no",NA,"Eva & Mimi",2018-07-11,"YOSE8",NA,NA,NA,NA,NA,NA,NA,NA,NA,NA,NA,NA,NA,2018,0.5
"1","1.5","V",NA,NA,"N/A","N/A","N/A","<1","1.4",1,"0.5","N/A","N/A",NA,NA,"no",NA,"Eva & Mimi",2018-07-11,"YOSE8",NA,NA,NA,NA,NA,NA,NA,NA,NA,NA,NA,NA,NA,2018,0.5
"1","1.5","V",NA,NA,"N/A","N/A","N/A","<1","1.1",1,"0.4","N/A","N/A",NA,NA,"no",NA,"Eva & Mimi",2018-07-11,"YOSE8",NA,NA,NA,NA,NA,NA,NA,NA,NA,NA,NA,NA,NA,2018,0.5
"1","1.5","V",NA,NA,"N/A","N/A","N/A","<1","2.3",1,"0.3","N/A","N/A",NA,NA,"no",NA,"Eva & Mimi",2018-07-11,"YOSE8",NA,NA,NA,NA,NA,NA,NA,NA,NA,NA,NA,NA,NA,2018,0.5
"1","1.5","V",NA,NA,"N/A","N/A","N/A","<1","2.1",1,"0.3","N/A","N/A",NA,NA,"no",NA,"Eva & Mimi",2018-07-11,"YOSE8",NA,NA,NA,NA,NA,NA,NA,NA,NA,NA,NA,NA,NA,2018,0.5
"1","1.5","V",NA,NA,"N/A","N/A","N/A","<1","2.4",1,"0.3","N/A","N/A",NA,NA,"no",NA,"Eva & Mimi",2018-07-11,"YOSE8",NA,NA,NA,NA,NA,NA,NA,NA,NA,NA,NA,NA,NA,2018,0.5
"1","1.5","F",34,50,"blue","N/A","N/A","3.35","39.9",6,"N/A","4.0","45.0",6.5,6,"no","broke one branch","Eva & Mimi",2018-07-11,"YOSE8",NA,NA,NA,NA,NA,NA,NA,NA,NA,NA,NA,NA,NA,2018,3.35
"1","1.5","V",NA,NA,"N/A","N/A","N/A","4.0","1.4",1,"0.4","N/A","N/A",NA,NA,"no",NA,"Eva & Mimi",2018-07-11,"YOSE8",NA,NA,NA,NA,NA,NA,NA,NA,NA,NA,NA,NA,NA,2018,4
"1","1.5","V",NA,NA,"N/A","N/A","N/A","<1","2.0",1,"0.8","N/A","N/A",NA,NA,"yes",NA,"Eva & Mimi",2018-07-11,"YOSE8",NA,NA,NA,NA,NA,NA,NA,NA,NA,NA,NA,NA,NA,2018,0.5
"1","4.5","F",8,0,"blue","N/A","N/A","3.0","34.9",6,"N/A","14.0","17.0",5.6,6,"no","5 buds","Eva & Mimi",2018-07-11,"YOSE8",NA,NA,NA,NA,NA,NA,NA,NA,NA,NA,NA,NA,NA,2018,3
"1","4.5","F",9,8,"blue","N/A","N/A","1.79","23.2",2,"N/A","4.0","8.0",4.6,2,"no","only one branch flowering, other is post flower","Eva & Mimi",2018-07-11,"YOSE8",NA,NA,NA,NA,NA,NA,NA,NA,NA,NA,NA,NA,NA,2018,1.79
"1","4.5","P",20,4,"blue","N/A","N/A","1.2","25.4",1,"N/A","0.0","2.0",4.7,1,"no",NA,"Eva & Mimi",2018-07-11,"YOSE8",NA,NA,NA,NA,NA,NA,NA,NA,NA,NA,NA,NA,NA,2018,1.2
"1","4.5","V",NA,NA,"N/A","N/A","N/A","<1","1.4",1,"0.9","N/A","N/A",NA,NA,"no",NA,"Eva & Mimi",2018-07-11,"YOSE8",NA,NA,NA,NA,NA,NA,NA,NA,NA,NA,NA,NA,NA,2018,0.5
"1","4.5","F",15,12,"blue","N/A","N/A","2.55","32.3",5,"N/A","6.0","57.0",6.1,5,"no",NA,"Eva & Mimi",2018-07-11,"YOSE8",NA,NA,NA,NA,NA,NA,NA,NA,NA,NA,NA,NA,NA,2018,2.55
"1","4.5","P",12,22,"blue","N/A","N/A","<1","18.0",1,"N/A","0.0","4.0",4.1,1,"no",NA,"Eva & Mimi",2018-07-11,"YOSE8",NA,NA,NA,NA,NA,NA,NA,NA,NA,NA,NA,NA,NA,2018,0.5
"1","4.5","F",14,27,"blue","N/A","N/A","1.84","26.0",2,"N/A","2.0","8.0",4.6,2,"no",NA,"Eva & Mimi",2018-07-11,"YOSE8",NA,NA,NA,NA,NA,NA,NA,NA,NA,NA,NA,NA,NA,2018,1.84
"1","4.5","P",15,31,"blue","N/A","N/A","1.06","15.6",1,"N/A","0.0","5.0",3.4,1,"no",NA,"Eva & Mimi",2018-07-11,"YOSE8",NA,NA,NA,NA,NA,NA,NA,NA,NA,NA,NA,NA,NA,2018,1.06
"1","4.5","V",NA,NA,"N/A","N/A","N/A","<1","1.9",1,"0.3","N/A","N/A",NA,NA,"no",NA,"Eva & Mimi",2018-07-11,"YOSE8",NA,NA,NA,NA,NA,NA,NA,NA,NA,NA,NA,NA,NA,2018,0.5
"1","4.5","V",NA,NA,"N/A","N/A","N/A","<1","1.2",1,"0.2","N/A","N/A",NA,NA,"no",NA,"Eva & Mimi",2018-07-11,"YOSE8",NA,NA,NA,NA,NA,NA,NA,NA,NA,NA,NA,NA,NA,2018,0.5
"1","4.5","V",NA,NA,"N/A","N/A","N/A","<1","1.3",1,"0.4","N/A","N/A",NA,NA,"no",NA,"Eva & Mimi",2018-07-11,"YOSE8",NA,NA,NA,NA,NA,NA,NA,NA,NA,NA,NA,NA,NA,2018,0.5
"1","4.5","P",20,40,"blue","N/A","N/A","2.51","35.1",2,"N/A","0.0","15.0",7.8,2,"no","bird band going next to plant","Eva & Mimi",2018-07-11,"YOSE8",NA,NA,NA,NA,NA,NA,NA,NA,NA,NA,NA,NA,NA,2018,2.51
"1","4.5","P",20,39,"blue","N/A","N/A","2.33","29.9",1,"N/A","0.0","10.0",5.6,1,"no",NA,"Eva & Mimi",2018-07-11,"YOSE8",NA,NA,NA,NA,NA,NA,NA,NA,NA,NA,NA,NA,NA,2018,2.33
"1","0.0","V",35,22,"green","N/A","N/A","1.63","4.0",1,"2.5","N/A","N/A",NA,NA,"no",NA,"Niel & Mimi",2018-07-11,"YOSE8",NA,NA,NA,NA,NA,NA,NA,NA,NA,NA,NA,NA,NA,2018,1.63
"1","0.0","F",44,16,"blue","N/A","N/A","2.64","42.6",3,"N/A","2.0","15.0",6,2,"no","also includes a vegetative stalk","Niel & Mimi",2018-07-11,"YOSE8",NA,NA,NA,NA,NA,NA,NA,NA,NA,NA,NA,NA,NA,2018,2.64
"1","2.0","V",2,15,"N/A","N/A","N/A","0.78","2.9",1,"1.1","N/A","N/A",1,NA,"no",NA,"Niel & Mimi",2018-07-11,"YOSE8",NA,NA,NA,NA,NA,NA,NA,NA,NA,NA,NA,NA,NA,2018,0.5
"1","2.0","V",NA,NA,"N/A","N/A","N/A","<1","2.0",1,"0.8","N/A","N/A",NA,NA,"no",NA,"Niel & Mimi",2018-07-11,"YOSE8",NA,NA,NA,NA,NA,NA,NA,NA,NA,NA,NA,NA,NA,2018,0.5
"1","2.0","V",NA,NA,"N/A","N/A","N/A","<1","2.0",1,"0.9","N/A","N/A",NA,NA,"no",NA,"Niel & Mimi",2018-07-11,"YOSE8",NA,NA,NA,NA,NA,NA,NA,NA,NA,NA,NA,NA,NA,2018,0.5
"1","2.0","V",37,50,"green","N/A","N/A","1.33","5.0",1,"2.0","N/A","N/A",NA,NA,"no",NA,"Niel & Mimi",2018-07-11,"YOSE8",NA,NA,NA,NA,NA,NA,NA,NA,NA,NA,NA,NA,NA,2018,1.33
"1","2.0","P",37.5,50,"blue","N/A","N/A","0.77","12.0",1,"N/A","N/A","2.0",2,1,"no",NA,"Niel & Mimi",2018-07-11,"YOSE8",NA,NA,NA,NA,NA,NA,NA,NA,NA,NA,NA,NA,NA,2018,0.5
"1","2.0","V",NA,NA,"N/A","N/A","N/A","<1","1.7",1,"0.3","N/A","N/A",NA,NA,"no",NA,"Niel & Mimi",2018-07-11,"YOSE8",NA,NA,NA,NA,NA,NA,NA,NA,NA,NA,NA,NA,NA,2018,0.5
"1","2.0","V",NA,NA,"N/A","N/A","N/A","<1","2.1",1,"1.0","N/A","N/A",NA,NA,"no",NA,"Niel & Mimi",2018-07-11,"YOSE8",NA,NA,NA,NA,NA,NA,NA,NA,NA,NA,NA,NA,NA,2018,0.5
"1","2.0","V",NA,NA,"N/A","N/A","N/A","<1","2.8",1,"0.5","N/A","N/A",NA,NA,"no",NA,"Niel & Mimi",2018-07-11,"YOSE8",NA,NA,NA,NA,NA,NA,NA,NA,NA,NA,NA,NA,NA,2018,0.5
"1","2.0","V",NA,NA,"N/A","N/A","N/A","<1","3.0",1,"1.0","N/A","N/A",NA,NA,"no","dying","Niel & Mimi",2018-07-11,"YOSE8",NA,NA,NA,NA,NA,NA,NA,NA,NA,NA,NA,NA,NA,2018,0.5
"1","2.0","V",NA,NA,"N/A","N/A","N/A","<1","1.5",1,"0.3","N/A","N/A",NA,NA,"no","dying","Niel & Mimi",2018-07-11,"YOSE8",NA,NA,NA,NA,NA,NA,NA,NA,NA,NA,NA,NA,NA,2018,0.5
"1","2.0","V",44,45,"green","N/A","N/A","1.18","3.5",1,"1.2","N/A","N/A",NA,NA,"no",NA,"Niel & Mimi",2018-07-11,"YOSE8",NA,NA,NA,NA,NA,NA,NA,NA,NA,NA,NA,NA,NA,2018,1.18
"1","2.5","V",9,7,"green","N/A","N/A","1.06","2.8",1,"1.2","N/A","N/A",NA,NA,"no",NA,"Niel & Mimi",2018-07-11,"YOSE8",NA,NA,NA,NA,NA,NA,NA,NA,NA,NA,NA,NA,NA,2018,1.06
"1","2.5","V",7,30,"green","N/A","N/A","1.15","4.0",1,"1.9","N/A","N/A",NA,NA,"no",NA,"Niel & Mimi",2018-07-11,"YOSE8",NA,NA,NA,NA,NA,NA,NA,NA,NA,NA,NA,NA,NA,2018,1.15
"1","2.5","P",15,30,"blue","N/A","N/A","2.24","38.5",3,"N/A","N/A","29.0",4.8,3,"no",NA,"Niel & Mimi",2018-07-11,"YOSE8",NA,NA,NA,NA,NA,NA,NA,NA,NA,NA,NA,NA,NA,2018,2.24
"1","2.5","P",22,40,"blue","N/A","N/A","1.61","27.0",1,"N/A","N/A","6.0",7,1,"no",NA,"Niel & Mimi",2018-07-11,"YOSE8",NA,NA,NA,NA,NA,NA,NA,NA,NA,NA,NA,NA,NA,2018,1.61
"1","2.5","V",50,11,"green","N/A","N/A","1.19","3.0",1,"1.0","N/A","N/A",NA,NA,"no",NA,"Niel & Mimi",2018-07-11,"YOSE8",NA,NA,NA,NA,NA,NA,NA,NA,NA,NA,NA,NA,NA,2018,1.19
"1","2.5","P",45,5,"blue","N/A","N/A","2.13","31.0",3,"N/A","N/A","10.0",5.6,3,"no",NA,"Niel & Mimi",2018-07-11,"YOSE8",NA,NA,NA,NA,NA,NA,NA,NA,NA,NA,NA,NA,NA,2018,2.13
"1","3.0","V",6,19,"green","N/A","N/A","1.38","2.9",1,"1.0","N/A","N/A",NA,NA,"no",NA,"Niel & Mimi",2018-07-11,"YOSE8",NA,NA,NA,NA,NA,NA,NA,NA,NA,NA,NA,NA,NA,2018,1.38
"1","3.0","V",6,8,"green","N/A","N/A","1.13","2.0",1,"1.0","N/A","N/A",NA,NA,"no",NA,"Niel & Mimi",2018-07-11,"YOSE8",NA,NA,NA,NA,NA,NA,NA,NA,NA,NA,NA,NA,NA,2018,1.13
"1","3.0","P",10,13,"blue","N/A","N/A","2.26","24.5",3,"N/A","N/A","17.0",3.8,3,"no",NA,"Niel & Mimi",2018-07-11,"YOSE8",NA,NA,NA,NA,NA,NA,NA,NA,NA,NA,NA,NA,NA,2018,2.26
"1","3.0","P",9,3,"blue","N/A","N/A","2.38","32.0",3,"N/A","N/A","7.0",4.8,1,"no","vegetative structures coming from base","Niel & Mimi",2018-07-11,"YOSE8",NA,NA,NA,NA,NA,NA,NA,NA,NA,NA,NA,NA,NA,2018,2.38
"1","3.0","V",32,15,"green","N/A","N/A","1.02","3.5",2,"0.5","N/A","N/A",NA,NA,"no","vegetative from base","Niel & Mimi",2018-07-11,"YOSE8",NA,NA,NA,NA,NA,NA,NA,NA,NA,NA,NA,NA,NA,2018,1.02
"1","3.0","P",42,31,"blue","N/A","N/A","1.68","19.5",2,"N/A","N/A","7.0",3.8,2,"no",NA,"Niel & Mimi",2018-07-11,"YOSE8",NA,NA,NA,NA,NA,NA,NA,NA,NA,NA,NA,NA,NA,2018,1.68
"1","3.0","V",NA,NA,"N/A","N/A","N/A","<1","1.5",1,"0.5","N/A","N/A",NA,NA,"no",NA,"Niel & Mimi",2018-07-11,"YOSE8",NA,NA,NA,NA,NA,NA,NA,NA,NA,NA,NA,NA,NA,2018,0.5
"1","3.0","V",42.5,11,"green","N/A","N/A","0.97","2.0",1,"1.0","N/A","N/A",NA,NA,"no",NA,"Niel & Mimi",2018-07-11,"YOSE8",NA,NA,NA,NA,NA,NA,NA,NA,NA,NA,NA,NA,NA,2018,0.5
"1","3.5","P",7,22,"blue","N/A","N/A","1.2","15.0",1,"N/A","N/A","4.0",4,1,"no",NA,"Niel & Mimi",2018-07-11,"YOSE8",NA,NA,NA,NA,NA,NA,NA,NA,NA,NA,NA,NA,NA,2018,1.2
"1","3.5","V",13,17,"green","N/A","N/A","1.04","3.5",1,"1.5","N/A","N/A",NA,NA,"no",NA,"Niel & Mimi",2018-07-11,"YOSE8",NA,NA,NA,NA,NA,NA,NA,NA,NA,NA,NA,NA,NA,2018,1.04
"1","3.5","V",NA,NA,"N/A","N/A","N/A","<1","3.7",1,"1.0","N/A","N/A",NA,NA,"no",NA,"Niel & Mimi",2018-07-11,"YOSE8",NA,NA,NA,NA,NA,NA,NA,NA,NA,NA,NA,NA,NA,2018,0.5
"1","3.5","V",NA,NA,"N/A","N/A","N/A","<1","3.2",2,"0.6","N/A","N/A",NA,NA,"no","one dead branch","Niel & Mimi",2018-07-11,"YOSE8",NA,NA,NA,NA,NA,NA,NA,NA,NA,NA,NA,NA,NA,2018,0.5
"1","3.5","V",19,48,"green","N/A","N/A","1.15","3.5",1,"1.4","N/A","N/A",NA,NA,"no",NA,"Niel & Mimi",2018-07-11,"YOSE8",NA,NA,NA,NA,NA,NA,NA,NA,NA,NA,NA,NA,NA,2018,1.15
"1","4.0","P",11,47,"blue","N/A","N/A","1.4","29.0",1,"N/A","N/A","8.0",3.5,1,"no",NA,"Niel & Mimi",2018-07-11,"YOSE8",NA,NA,NA,NA,NA,NA,NA,NA,NA,NA,NA,NA,NA,2018,1.4
"1","4.0","F",17,39,"blue","N/A","N/A","1.48","33.0",1,"N/A","2.0","9.0",6.2,1,"no",NA,"Niel & Mimi",2018-07-11,"YOSE8",NA,NA,NA,NA,NA,NA,NA,NA,NA,NA,NA,NA,NA,2018,1.48
"1","4.0","P",24,43,"blue","N/A","N/A","2.09","37.0",3,"N/A","N/A","17.0",6,3,"no",NA,"Niel & Mimi",2018-07-11,"YOSE8",NA,NA,NA,NA,NA,NA,NA,NA,NA,NA,NA,NA,NA,2018,2.09
"1","4.0","P",35,32,"blue","N/A","N/A","0.89","14.2",1,"N/A","N/A","3.0",3.5,1,"no",NA,"Niel & Mimi",2018-07-11,"YOSE8",NA,NA,NA,NA,NA,NA,NA,NA,NA,NA,NA,NA,NA,2018,0.5
"1","4.0","F",42,12,"blue","N/A","N/A","1.83","28.6",2,"N/A","4.0","17.0",5.5,1,"no","vegetative structure at base","Niel & Mimi",2018-07-11,"YOSE8",NA,NA,NA,NA,NA,NA,NA,NA,NA,NA,NA,NA,NA,2018,1.83
"1","4.5","F",50,27,"bobby pin","N/A","N/A","3.06","44.0",7,"N/A","16.0","60.0",4.3,7,"no","difficult estimation of stem diameter","Niel & Mimi",2018-07-11,"YOSE8",NA,NA,NA,NA,NA,NA,NA,NA,NA,NA,NA,NA,NA,2018,3.06
"1","4.5","P",43,36,"blue","N/A","N/A","1.21","24.3",1,"N/A","N/A","5.0",5,1,"no",NA,"Niel & Mimi",2018-07-11,"YOSE8",NA,NA,NA,NA,NA,NA,NA,NA,NA,NA,NA,NA,NA,2018,1.21
"1","4.5","V",42.5,36,"green","N/A","N/A","1.14","3.8",1,"1.5","N/A","N/A",NA,NA,"no",NA,"Niel & Mimi",2018-07-11,"YOSE8",NA,NA,NA,NA,NA,NA,NA,NA,NA,NA,NA,NA,NA,2018,1.14
"1","4.5","P",35,46,"blue","N/A","N/A","1.98","28.2",7,"N/A","N/A","33.0",5.1,7,"no","bird band next to plant","Niel & Mimi",2018-07-11,"YOSE8",NA,NA,NA,NA,NA,NA,NA,NA,NA,NA,NA,NA,NA,2018,1.98
"1","4.5","V",NA,NA,"N/A","N/A","N/A","<1","2.8",1,"0.5","N/A","N/A",NA,NA,"no",NA,"Niel & Mimi",2018-07-11,"YOSE8",NA,NA,NA,NA,NA,NA,NA,NA,NA,NA,NA,NA,NA,2018,0.5
"2","1.0","V",5,8,"g",NA,NA,"1.64","3.9",1,"1.1",NA,NA,NA,NA,"no",NA,"Mimi & Eva",2018-07-12,"YOSE8",NA,NA,NA,NA,NA,NA,NA,NA,NA,NA,NA,NA,NA,2018,1.64
"2","1.0","F",43,12,"b",NA,NA,"1.76","28.8",2,NA,"6.0","2.0",2.2,1,"no","silique not fully elongated","Mimi & Eva",2018-07-12,"YOSE8",NA,NA,NA,NA,NA,NA,NA,NA,NA,NA,NA,NA,NA,2018,1.76
"2","1.5",NA,NA,NA,NA,NA,NA,NA,NA,NA,NA,NA,NA,NA,NA,NA,"NO PLANTS","Mimi & Eva",2018-07-12,"YOSE8",NA,NA,NA,NA,NA,NA,NA,NA,NA,NA,NA,NA,NA,2018,NA
"2","2.0",NA,NA,NA,NA,NA,NA,NA,NA,NA,NA,NA,NA,NA,NA,NA,"NO PLANTS","Mimi & Eva",2018-07-12,"YOSE8",NA,NA,NA,NA,NA,NA,NA,NA,NA,NA,NA,NA,NA,2018,NA
"2","2.5","F",42,39,"b",NA,NA,"2.13","31.1",1,NA,"1.0","8.0",6.1,1,"no",NA,"Mimi & Eva",2018-07-12,"YOSE8",NA,NA,NA,NA,NA,NA,NA,NA,NA,NA,NA,NA,NA,2018,2.13
"2","2.5","V",NA,NA,NA,NA,NA,"<1","2.1",1,"0.8",NA,NA,NA,NA,"no",NA,"Mimi & Eva",2018-07-12,"YOSE8",NA,NA,NA,NA,NA,NA,NA,NA,NA,NA,NA,NA,NA,2018,0.5
"2","2.5","V",48,12,"g",NA,NA,"1.17","2.1",1,"0.9",NA,NA,NA,NA,"no",NA,"Mimi & Eva",2018-07-12,"YOSE8",NA,NA,NA,NA,NA,NA,NA,NA,NA,NA,NA,NA,NA,2018,1.17
"2","2.5","V",NA,NA,NA,NA,NA,"<1","1.2",1,"0.5",NA,NA,NA,NA,"no",NA,"Mimi & Eva",2018-07-12,"YOSE8",NA,NA,NA,NA,NA,NA,NA,NA,NA,NA,NA,NA,NA,2018,0.5
"2","2.5","V",49,45,"g",NA,NA,"1.94","2.6",1,"1.1",NA,NA,NA,NA,"no",NA,"Mimi & Eva",2018-07-12,"YOSE8",NA,NA,NA,NA,NA,NA,NA,NA,NA,NA,NA,NA,NA,2018,1.94
"2","3.0","F",13,7,"b",NA,NA,"2.83","32.4",4,NA,"3.0","28.0",5.2,3,"no","1 branch broken","Mimi & Eva",2018-07-12,"YOSE8",NA,NA,NA,NA,NA,NA,NA,NA,NA,NA,NA,NA,NA,2018,2.83
"2","3.0","V",37,28,"g",NA,NA,"1.5","1.4",1,"1.1",NA,NA,NA,NA,"no",NA,"Mimi & Eva",2018-07-12,"YOSE8",NA,NA,NA,NA,NA,NA,NA,NA,NA,NA,NA,NA,NA,2018,1.5
"2","3.0","V",NA,NA,NA,NA,NA,"<1","1.2",1,"0.4",NA,NA,NA,NA,"no",NA,"Mimi & Eva",2018-07-12,"YOSE8",NA,NA,NA,NA,NA,NA,NA,NA,NA,NA,NA,NA,NA,2018,0.5
"2","3.0","F",42,0,"b",NA,NA,"2.36","37.5",2,NA,"3.0","29.0",5.1,2,"no",NA,"Mimi & Eva",2018-07-12,"YOSE8",NA,NA,NA,NA,NA,NA,NA,NA,NA,NA,NA,NA,NA,2018,2.36
"2","3.0","P",41,18,"b",NA,NA,"2.17","29.7",5,NA,"0.0","17.0",7.5,3,"no","band next to plant","Mimi & Eva",2018-07-12,"YOSE8",NA,NA,NA,NA,NA,NA,NA,NA,NA,NA,NA,NA,NA,2018,2.17
"2","3.5","V",35,13,"g",NA,NA,"1.4","3.7",1,"1.3",NA,NA,NA,NA,"no",NA,"Mimi & Eva",2018-07-12,"YOSE8",NA,NA,NA,NA,NA,NA,NA,NA,NA,NA,NA,NA,NA,2018,1.4
"2","3.5","F",41,30,"b",NA,NA,"2.35","29.5",4,NA,"3.0","36.0",5.6,4,"no",NA,"Mimi & Eva",2018-07-12,"YOSE8",NA,NA,NA,NA,NA,NA,NA,NA,NA,NA,NA,NA,NA,2018,2.35
"2","3.5","F",45,33,"b",NA,NA,"1.71","23.3",2,NA,"2.0","9.0",7.3,2,"no",NA,"Mimi & Eva",2018-07-12,"YOSE8",NA,NA,NA,NA,NA,NA,NA,NA,NA,NA,NA,NA,NA,2018,1.71
"2","3.5","V",NA,NA,NA,NA,NA,"<1","1.0",1,"0.3",NA,NA,NA,NA,"no",NA,"Mimi & Eva",2018-07-12,"YOSE8",NA,NA,NA,NA,NA,NA,NA,NA,NA,NA,NA,NA,NA,2018,0.5
"2","6.0","V",49,21,"g",NA,NA,"1.9","5.3",5,"1.5",NA,NA,NA,NA,"no",NA,"Mimi & Eva",2018-07-12,"YOSE8",NA,NA,NA,NA,NA,NA,NA,NA,NA,NA,NA,NA,NA,2018,1.9
"2","6.5","V",10,22,"g",NA,NA,"1.49","2.1",4,"0.9",NA,NA,NA,NA,"yes",NA,"Mimi & Eva",2018-07-12,"YOSE8",NA,NA,NA,NA,NA,NA,NA,NA,NA,NA,NA,NA,NA,2018,1.49
"2","6.5","V",15,38,"g",NA,NA,"1.31","3.2",3,"1.4",NA,NA,NA,NA,"no",NA,"Mimi & Eva",2018-07-12,"YOSE8",NA,NA,NA,NA,NA,NA,NA,NA,NA,NA,NA,NA,NA,2018,1.31
"2","6.5","V",NA,NA,NA,NA,NA,"<1","2.3",2,"0.5",NA,NA,NA,NA,"yes",NA,"Mimi & Eva",2018-07-12,"YOSE8",NA,NA,NA,NA,NA,NA,NA,NA,NA,NA,NA,NA,NA,2018,0.5
"2","6.5","V",25,48,"g",NA,NA,"2.2","4.4",1,"1.7",NA,NA,NA,NA,"no",NA,"Mimi & Eva",2018-07-12,"YOSE8",NA,NA,NA,NA,NA,NA,NA,NA,NA,NA,NA,NA,NA,2018,2.2
"2","6.5","V",27,48,"g",NA,NA,"1.41","5.9",2,"1.9",NA,NA,NA,NA,"no",NA,"Mimi & Eva",2018-07-12,"YOSE8",NA,NA,NA,NA,NA,NA,NA,NA,NA,NA,NA,NA,NA,2018,1.41
"2","6.5","V",29,50,"g",NA,NA,"1.53","5.6",1,"1.2",NA,NA,NA,NA,"no",NA,"Mimi & Eva",2018-07-12,"YOSE8",NA,NA,NA,NA,NA,NA,NA,NA,NA,NA,NA,NA,NA,2018,1.53
"2","6.5","V",40,34,"g",NA,NA,"1.35","5.8",1,"1.9",NA,NA,NA,NA,"no",NA,"Mimi & Eva",2018-07-12,"YOSE8",NA,NA,NA,NA,NA,NA,NA,NA,NA,NA,NA,NA,NA,2018,1.35
"2","6.5","V",NA,NA,NA,NA,NA,"<1","5.1",1,"1.1",NA,NA,NA,NA,"no",NA,"Mimi & Eva",2018-07-12,"YOSE8",NA,NA,NA,NA,NA,NA,NA,NA,NA,NA,NA,NA,NA,2018,0.5
"2","6.5","V",35,6,"9.0",NA,NA,"1.23","4.4",1,"1.4",NA,NA,NA,NA,"no",NA,"Mimi & Eva",2018-07-12,"YOSE8",NA,NA,NA,NA,NA,NA,NA,NA,NA,NA,NA,NA,NA,2018,1.23
"2","6.5","V",NA,NA,NA,NA,NA,"<1","3.0",1,"0.6",NA,NA,NA,NA,"no",NA,"Mimi & Eva",2018-07-12,"YOSE8",NA,NA,NA,NA,NA,NA,NA,NA,NA,NA,NA,NA,NA,2018,0.5
"2","6.5","P",12,12,"b",NA,NA,"2.24","35.1",4,NA,"0.0","12.0",6.6,3,"no","band next to plant","Mimi & Eva",2018-07-12,"YOSE8",NA,NA,NA,NA,NA,NA,NA,NA,NA,NA,NA,NA,NA,2018,2.24
"2","6.5","V",42,15,"g",NA,NA,"1.2","5.3",1,"1.1",NA,NA,NA,NA,"no",NA,"Mimi & Eva",2018-07-12,"YOSE8",NA,NA,NA,NA,NA,NA,NA,NA,NA,NA,NA,NA,NA,2018,1.2
"2","0.0-0.5","F",24,22,"B",NA,NA,"3.13","34.0",7,NA,"3.0","12.0",6.4,4,"no","3 veg branches, one repro branch broken/bent","Jenny & Niel",2018-07-12,"YOSE8",NA,NA,NA,NA,NA,NA,NA,NA,NA,NA,NA,NA,NA,2018,3.13
"2","0.5-1.0",NA,NA,NA,NA,NA,NA,NA,NA,NA,NA,NA,NA,NA,NA,NA,"NO PLANTS","Jenny & Niel",2018-07-12,"YOSE8",NA,NA,NA,NA,NA,NA,NA,NA,NA,NA,NA,NA,NA,2018,NA
"2","4.0-4.5","V",10,30,"g",NA,NA,"1.02","1.2",1,"0.7",NA,NA,NA,NA,"no",NA,"Jenny & Niel",2018-07-12,"YOSE8",NA,NA,NA,NA,NA,NA,NA,NA,NA,NA,NA,NA,NA,2018,1.02
"2","4.5-5.0","F",3,48,"b",NA,NA,"2.07","20.0",4,NA,"13.0","7.0",4.5,1,"yes",NA,"Jenny & Niel",2018-07-12,"YOSE8",NA,NA,NA,NA,NA,NA,NA,NA,NA,NA,NA,NA,NA,2018,2.07
"2","4.5","V",14,31,"g",NA,NA,"1.72","3.5",1,"1.2",NA,NA,NA,NA,"no",NA,"Jenny & Niel",2018-07-12,"YOSE8",NA,NA,NA,NA,NA,NA,NA,NA,NA,NA,NA,NA,NA,2018,1.72
"2","4.5","V",26,30,"g",NA,NA,"2.0","3.2",1,"1.4",NA,NA,NA,NA,"yes",NA,"Jenny & Niel",2018-07-12,"YOSE8",NA,NA,NA,NA,NA,NA,NA,NA,NA,NA,NA,NA,NA,2018,2
"2","4.5","V",38,29,"g",NA,NA,"1.02","4.5",1,"2.0",NA,NA,NA,NA,"no",NA,"Jenny & Niel",2018-07-12,"YOSE8",NA,NA,NA,NA,NA,NA,NA,NA,NA,NA,NA,NA,NA,2018,1.02
"2","5.0-5.5","V",11,39,"g",NA,NA,"1.84","3.5",1,"1.8",NA,NA,NA,NA,"no",NA,"Jenny & Niel",2018-07-12,"YOSE8",NA,NA,NA,NA,NA,NA,NA,NA,NA,NA,NA,NA,NA,2018,1.84
"2","5.0-5.5","P",20,7,"b",NA,NA,"2.08","28.0",3,NA,"0.0","36.0",4.7,3,"no","1 repro branch bent/broken, band is next to plant","Jenny & Niel",2018-07-12,"YOSE8",NA,NA,NA,NA,NA,NA,NA,NA,NA,NA,NA,NA,NA,2018,2.08
"2","5.0-5.5","F",37,16,"b",NA,NA,"2.14","34.5",3,NA,"4.0","19.0",5.6,3,"no","hard to measure diameter, band next to plant","Jenny & Niel",2018-07-12,"YOSE8",NA,NA,NA,NA,NA,NA,NA,NA,NA,NA,NA,NA,NA,2018,2.14
"2","5.0-5.5","F",38,28,"b",NA,NA,"2.9","45.0",1,NA,"7.0","8.0",6.7,1,"no",NA,"Jenny & Niel",2018-07-12,"YOSE8",NA,NA,NA,NA,NA,NA,NA,NA,NA,NA,NA,NA,NA,2018,2.9
"2","5.5-6.0","P",2,20,"b",NA,NA,"1.9","29.4",2,NA,"0.0","11.0",5,2,"no","smaller branch is bent","Jenny & Niel",2018-07-12,"YOSE8",NA,NA,NA,NA,NA,NA,NA,NA,NA,NA,NA,NA,NA,2018,1.9
"2","5.5","P",15,25,"b",NA,NA,"2.02","33.6",1,NA,"0.0","17.0",4.2,1,"no",NA,"Jenny & Niel",2018-07-12,"YOSE8",NA,NA,NA,NA,NA,NA,NA,NA,NA,NA,NA,NA,NA,2018,2.02
"2","5.5","V",28,17,"g",NA,NA,"1.33","2.4",1,"1.8",NA,NA,NA,NA,"yes",NA,"Jenny & Niel",2018-07-12,"YOSE8",NA,NA,NA,NA,NA,NA,NA,NA,NA,NA,NA,NA,NA,2018,1.33
"2","5.5","F",30,20,"b",NA,NA,"2.79","38.0",1,NA,"1.0","6.0",7.7,1,"no",NA,"Jenny & Niel",2018-07-12,"YOSE8",NA,NA,NA,NA,NA,NA,NA,NA,NA,NA,NA,NA,NA,2018,2.79
"2","5.5","F",47,41,"b",NA,NA,"2.0","34.1",3,NA,"2.0","12.0",6.7,2,"no",NA,"Jenny & Niel",2018-07-12,"YOSE8",NA,NA,NA,NA,NA,NA,NA,NA,NA,NA,NA,NA,NA,2018,2
"2","5.5","F",39,29,"b",NA,NA,"3.06","33.6",2,NA,"4.0","18.0",6.1,2,"no",NA,"Jenny & Niel",2018-07-12,"YOSE8",NA,NA,NA,NA,NA,NA,NA,NA,NA,NA,NA,NA,NA,2018,3.06
"1","0","X",35,22,"grn",NA,NA,NA,NA,NA,NA,NA,NA,NA,NA,NA,NA,"Maya & Eva",2019-07-30,"YOSE8",NA,NA,NA,NA,NA,NA,NA,NA,NA,NA,NA,NA,NA,2019,NA
"1","0","X",44,16,"blu",NA,NA,NA,NA,NA,NA,NA,NA,NA,NA,NA,NA,"Maya & Eva",2019-07-30,"YOSE8",NA,NA,NA,NA,NA,NA,NA,NA,NA,NA,NA,NA,NA,2019,NA
"1","0.5","X",35,10,"blu",NA,NA,NA,NA,NA,NA,NA,NA,NA,NA,NA,NA,"Maya & Eva",2019-07-30,"YOSE8",NA,NA,NA,NA,NA,NA,NA,NA,NA,NA,NA,NA,NA,2019,NA
"1","0.5","X",45,4,"grn",NA,NA,NA,NA,NA,NA,NA,NA,NA,NA,NA,NA,"Maya & Eva",2019-07-30,"YOSE8",NA,NA,NA,NA,NA,NA,NA,NA,NA,NA,NA,NA,NA,2019,NA
"1","0.5","X",41,28,"grn",NA,NA,NA,NA,NA,NA,NA,NA,NA,NA,NA,NA,"Maya & Eva",2019-07-30,"YOSE8",NA,NA,NA,NA,NA,NA,NA,NA,NA,NA,NA,NA,NA,2019,NA
"1","0.5","X",20,24,"grn",NA,NA,NA,NA,NA,NA,NA,NA,NA,NA,NA,NA,"Maya & Eva",2019-07-30,"YOSE8",NA,NA,NA,NA,NA,NA,NA,NA,NA,NA,NA,NA,NA,2019,NA
"1","0.5","X",23,30,"blu",NA,NA,NA,NA,NA,NA,NA,NA,NA,NA,NA,NA,"Maya & Eva",2019-07-30,"YOSE8",NA,NA,NA,NA,NA,NA,NA,NA,NA,NA,NA,NA,NA,2019,NA
"1","0.5","X",20,33,"grn",NA,NA,NA,NA,NA,NA,NA,NA,NA,NA,NA,NA,"Maya & Eva",2019-07-30,"YOSE8",NA,NA,NA,NA,NA,NA,NA,NA,NA,NA,NA,NA,NA,2019,NA
"1","0.5","X",15,46,"grn",NA,NA,NA,NA,NA,NA,NA,NA,NA,NA,NA,NA,"Maya & Eva",2019-07-30,"YOSE8",NA,NA,NA,NA,NA,NA,NA,NA,NA,NA,NA,NA,NA,2019,NA
"1","0.5","X",16,49,"grn",NA,NA,NA,NA,NA,NA,NA,NA,NA,NA,NA,NA,"Maya & Eva",2019-07-30,"YOSE8",NA,NA,NA,NA,NA,NA,NA,NA,NA,NA,NA,NA,NA,2019,NA
"1","0.5","X",40,52,"grn",NA,NA,NA,NA,NA,NA,NA,NA,NA,NA,NA,NA,"Maya & Eva",2019-07-30,"YOSE8",NA,NA,NA,NA,NA,NA,NA,NA,NA,NA,NA,NA,NA,2019,NA
"1","1","X",11,19,"grn",NA,NA,NA,NA,NA,NA,NA,NA,NA,NA,NA,NA,"Maya & Eva",2019-07-30,"YOSE8",NA,NA,NA,NA,NA,NA,NA,NA,NA,NA,NA,NA,NA,2019,NA
"1","1","X",27,18,"grn",NA,NA,NA,NA,NA,NA,NA,NA,NA,NA,NA,NA,"Maya & Eva",2019-07-30,"YOSE8",NA,NA,NA,NA,NA,NA,NA,NA,NA,NA,NA,NA,NA,2019,NA
"1","1","X",34,7,"grn",NA,NA,NA,NA,NA,NA,NA,NA,NA,NA,NA,NA,"Maya & Eva",2019-07-30,"YOSE8",NA,NA,NA,NA,NA,NA,NA,NA,NA,NA,NA,NA,NA,2019,NA
"1","1","X",48,15,"grn",NA,NA,NA,NA,NA,NA,NA,NA,NA,NA,NA,NA,"Maya & Eva",2019-07-30,"YOSE8",NA,NA,NA,NA,NA,NA,NA,NA,NA,NA,NA,NA,NA,2019,NA
"1","1","X",5,51,"grn",NA,NA,NA,NA,NA,NA,NA,NA,NA,NA,NA,NA,"Maya & Eva",2019-07-30,"YOSE8",NA,NA,NA,NA,NA,NA,NA,NA,NA,NA,NA,NA,NA,2019,NA
"1","1","X",25,50,"blu",NA,NA,NA,NA,NA,NA,NA,NA,NA,NA,NA,NA,"Maya & Eva",2019-07-30,"YOSE8",NA,NA,NA,NA,NA,NA,NA,NA,NA,NA,NA,NA,NA,2019,NA
"1","1","X",26,49,"blu",NA,NA,NA,NA,NA,NA,NA,NA,NA,NA,NA,NA,"Maya & Eva",2019-07-30,"YOSE8",NA,NA,NA,NA,NA,NA,NA,NA,NA,NA,NA,NA,NA,2019,NA
"1","1","X",25,40,"grn",NA,NA,NA,NA,NA,NA,NA,NA,NA,NA,NA,NA,"Maya & Eva",2019-07-30,"YOSE8",NA,NA,NA,NA,NA,NA,NA,NA,NA,NA,NA,NA,NA,2019,NA
"1","1.5","X",5,14,"grn",NA,NA,NA,NA,NA,NA,NA,NA,NA,NA,NA,NA,"Maya & Eva",2019-07-30,"YOSE8",NA,NA,NA,NA,NA,NA,NA,NA,NA,NA,NA,NA,NA,2019,NA
"1","1.5","X",7,11,"grn",NA,NA,NA,NA,NA,NA,NA,NA,NA,NA,NA,NA,"Maya & Eva",2019-07-30,"YOSE8",NA,NA,NA,NA,NA,NA,NA,NA,NA,NA,NA,NA,NA,2019,NA
"1","1.5","X",0,20,"grn",NA,NA,NA,NA,NA,NA,NA,NA,NA,NA,NA,NA,"Maya & Eva",2019-07-30,"YOSE8",NA,NA,NA,NA,NA,NA,NA,NA,NA,NA,NA,NA,NA,2019,NA
"1","1.5","X",3,24,"grn",NA,NA,NA,NA,NA,NA,NA,NA,NA,NA,NA,NA,"Maya & Eva",2019-07-30,"YOSE8",NA,NA,NA,NA,NA,NA,NA,NA,NA,NA,NA,NA,NA,2019,NA
"1","1.5","X",21,27,"blu",NA,NA,NA,NA,NA,NA,NA,NA,NA,NA,NA,NA,"Maya & Eva",2019-07-30,"YOSE8",NA,NA,NA,NA,NA,NA,NA,NA,NA,NA,NA,NA,NA,2019,NA
"1","1.5","X",34,50,"blu",NA,NA,NA,NA,NA,NA,NA,NA,NA,NA,NA,"band not found","Maya & Eva",2019-07-30,"YOSE8",NA,NA,NA,NA,NA,NA,NA,NA,NA,NA,NA,NA,NA,2019,NA
"1","2","X",2,15,"grn",NA,NA,NA,NA,NA,NA,NA,NA,NA,NA,NA,NA,"Maya & Eva",2019-07-30,"YOSE8",NA,NA,NA,NA,NA,NA,NA,NA,NA,NA,NA,NA,NA,2019,NA
"1","2","X",37,50,"grn",NA,NA,NA,NA,NA,NA,NA,NA,NA,NA,NA,NA,"Maya & Eva",2019-07-30,"YOSE8",NA,NA,NA,NA,NA,NA,NA,NA,NA,NA,NA,NA,NA,2019,NA
"1","2","X",37.5,50,"blu",NA,NA,NA,NA,NA,NA,NA,NA,NA,NA,NA,NA,"Maya & Eva",2019-07-30,"YOSE8",NA,NA,NA,NA,NA,NA,NA,NA,NA,NA,NA,NA,NA,2019,NA
"1","2","X",44,45,"grn",NA,NA,NA,NA,NA,NA,NA,NA,NA,NA,NA,NA,"Maya & Eva",2019-07-30,"YOSE8",NA,NA,NA,NA,NA,NA,NA,NA,NA,NA,NA,NA,NA,2019,NA
"1","2.5","X",9,7,"grn",NA,NA,NA,NA,NA,NA,NA,NA,NA,NA,NA,NA,"Maya & Eva",2019-07-30,"YOSE8",NA,NA,NA,NA,NA,NA,NA,NA,NA,NA,NA,NA,NA,2019,NA
"1","2.5","X",7,30,"grn",NA,NA,NA,NA,NA,NA,NA,NA,NA,NA,NA,NA,"Laura & Maca",2019-07-30,"YOSE8",NA,NA,NA,NA,NA,NA,NA,NA,NA,NA,NA,NA,NA,2019,NA
"1","2.5","X",15,30,"blu",NA,NA,NA,NA,NA,NA,NA,NA,NA,NA,NA,NA,"Laura & Maca",2019-07-30,"YOSE8",NA,NA,NA,NA,NA,NA,NA,NA,NA,NA,NA,NA,NA,2019,NA
"1","2.5","X",22,40,"blu",NA,NA,NA,NA,NA,NA,NA,NA,NA,NA,NA,NA,"Laura & Maca",2019-07-30,"YOSE8",NA,NA,NA,NA,NA,NA,NA,NA,NA,NA,NA,NA,NA,2019,NA
"1","2.5","X",50,11,"grn",NA,NA,NA,NA,NA,NA,NA,NA,NA,NA,NA,NA,"Laura & Maca",2019-07-30,"YOSE8",NA,NA,NA,NA,NA,NA,NA,NA,NA,NA,NA,NA,NA,2019,NA
"1","2.5","X",45,5,"blu",NA,NA,NA,NA,NA,NA,NA,NA,NA,NA,NA,NA,"Laura & Maca",2019-07-30,"YOSE8",NA,NA,NA,NA,NA,NA,NA,NA,NA,NA,NA,NA,NA,2019,NA
"1","3","X",6,19,"grn",NA,NA,NA,NA,NA,NA,NA,NA,NA,NA,NA,NA,"Laura & Maca",2019-07-30,"YOSE8",NA,NA,NA,NA,NA,NA,NA,NA,NA,NA,NA,NA,NA,2019,NA
"1","3","X",6,8,"grn",NA,NA,NA,NA,NA,NA,NA,NA,NA,NA,NA,NA,"Laura & Maca",2019-07-30,"YOSE8",NA,NA,NA,NA,NA,NA,NA,NA,NA,NA,NA,NA,NA,2019,NA
"1","3","X",10,13,"blu",NA,NA,NA,NA,NA,NA,NA,NA,NA,NA,NA,NA,"Laura & Maca",2019-07-30,"YOSE8",NA,NA,NA,NA,NA,NA,NA,NA,NA,NA,NA,NA,NA,2019,NA
"1","3","X",9,3,"blu",NA,NA,NA,NA,NA,NA,NA,NA,NA,NA,NA,NA,"Laura & Maca",2019-07-30,"YOSE8",NA,NA,NA,NA,NA,NA,NA,NA,NA,NA,NA,NA,NA,2019,NA
"1","3","X",32,15,"grn",NA,NA,NA,NA,NA,NA,NA,NA,NA,NA,NA,NA,"Laura & Maca",2019-07-30,"YOSE8",NA,NA,NA,NA,NA,NA,NA,NA,NA,NA,NA,NA,NA,2019,NA
"1","3","X",42,31,"blu",NA,NA,NA,NA,NA,NA,NA,NA,NA,NA,NA,NA,"Laura & Maca",2019-07-30,"YOSE8",NA,NA,NA,NA,NA,NA,NA,NA,NA,NA,NA,NA,NA,2019,NA
"1","3","X",42.5,11,"grn",NA,NA,NA,NA,NA,NA,NA,NA,NA,NA,NA,NA,"Laura & Maca",2019-07-30,"YOSE8",NA,NA,NA,NA,NA,NA,NA,NA,NA,NA,NA,NA,NA,2019,NA
"1","3.5","X",7,22,"blu",NA,NA,NA,NA,NA,NA,NA,NA,NA,NA,NA,NA,"Laura & Maca",2019-07-30,"YOSE8",NA,NA,NA,NA,NA,NA,NA,NA,NA,NA,NA,NA,NA,2019,NA
"1","3.5","X",13,17,"grn",NA,NA,NA,NA,NA,NA,NA,NA,NA,NA,NA,NA,"Laura & Maca",2019-07-30,"YOSE8",NA,NA,NA,NA,NA,NA,NA,NA,NA,NA,NA,NA,NA,2019,NA
"1","3.5","X",19,48,"grn",NA,NA,NA,NA,NA,NA,NA,NA,NA,NA,NA,NA,"Laura & Maca",2019-07-30,"YOSE8",NA,NA,NA,NA,NA,NA,NA,NA,NA,NA,NA,NA,NA,2019,NA
"1","4","X",11,47,"blu",NA,NA,NA,NA,NA,NA,NA,NA,NA,NA,NA,NA,"Laura & Maca",2019-07-30,"YOSE8",NA,NA,NA,NA,NA,NA,NA,NA,NA,NA,NA,NA,NA,2019,NA
"1","4","X",17,39,"blu",NA,NA,NA,NA,NA,NA,NA,NA,NA,NA,NA,NA,"Laura & Maca",2019-07-30,"YOSE8",NA,NA,NA,NA,NA,NA,NA,NA,NA,NA,NA,NA,NA,2019,NA
"1","4","X",24,43,"blu",NA,NA,NA,NA,NA,NA,NA,NA,NA,NA,NA,NA,"Laura & Maca",2019-07-30,"YOSE8",NA,NA,NA,NA,NA,NA,NA,NA,NA,NA,NA,NA,NA,2019,NA
"1","4","X",35,32,"blu",NA,NA,NA,NA,NA,NA,NA,NA,NA,NA,NA,NA,"Laura & Maca",2019-07-30,"YOSE8",NA,NA,NA,NA,NA,NA,NA,NA,NA,NA,NA,NA,NA,2019,NA
"1","4","X",42,12,"blu",NA,NA,NA,NA,NA,NA,NA,NA,NA,NA,NA,NA,"Laura & Maca",2019-07-30,"YOSE8",NA,NA,NA,NA,NA,NA,NA,NA,NA,NA,NA,NA,NA,2019,NA
"1","4.5","X",50,27,"blu",NA,NA,NA,NA,NA,NA,NA,NA,NA,NA,NA,NA,"Laura & Maca",2019-07-30,"YOSE8",NA,NA,NA,NA,NA,NA,NA,NA,NA,NA,NA,NA,NA,2019,NA
"1","4.5","X",43,36,"blu",NA,NA,NA,NA,NA,NA,NA,NA,NA,NA,NA,NA,"Laura & Maca",2019-07-30,"YOSE8",NA,NA,NA,NA,NA,NA,NA,NA,NA,NA,NA,NA,NA,2019,NA
"1","4.5","X",42.5,36,"grn",NA,NA,NA,NA,NA,NA,NA,NA,NA,NA,NA,NA,"Laura & Maca",2019-07-30,"YOSE8",NA,NA,NA,NA,NA,NA,NA,NA,NA,NA,NA,NA,NA,2019,NA
"1","4.5","X",35,46,"blu",NA,NA,NA,NA,NA,NA,NA,NA,NA,NA,NA,NA,"Laura & Maca",2019-07-30,"YOSE8",NA,NA,NA,NA,NA,NA,NA,NA,NA,NA,NA,NA,NA,2019,NA
"1","4.5","X",8,0,"blu",NA,NA,NA,NA,NA,NA,NA,NA,NA,NA,NA,NA,"Laura & Maca",2019-07-30,"YOSE8",NA,NA,NA,NA,NA,NA,NA,NA,NA,NA,NA,NA,NA,2019,NA
"1","4.5","X",9,8,"blu",NA,NA,NA,NA,NA,NA,NA,NA,NA,NA,NA,NA,"Laura & Maca",2019-07-30,"YOSE8",NA,NA,NA,NA,NA,NA,NA,NA,NA,NA,NA,NA,NA,2019,NA
"1","4.5","X",20,4,"blu",NA,NA,NA,NA,NA,NA,NA,NA,NA,NA,NA,NA,"Laura & Maca",2019-07-30,"YOSE8",NA,NA,NA,NA,NA,NA,NA,NA,NA,NA,NA,NA,NA,2019,NA
"1","4.5","X",15,12,"blu",NA,NA,NA,NA,NA,NA,NA,NA,NA,NA,NA,NA,"Laura & Maca",2019-07-30,"YOSE8",NA,NA,NA,NA,NA,NA,NA,NA,NA,NA,NA,NA,NA,2019,NA
"1","4.5","X",12,22,"blu",NA,NA,NA,NA,NA,NA,NA,NA,NA,NA,NA,NA,"Laura & Maca",2019-07-30,"YOSE8",NA,NA,NA,NA,NA,NA,NA,NA,NA,NA,NA,NA,NA,2019,NA
"1","4.5","X",14,27,"blu",NA,NA,NA,NA,NA,NA,NA,NA,NA,NA,NA,NA,"Laura & Maca",2019-07-30,"YOSE8",NA,NA,NA,NA,NA,NA,NA,NA,NA,NA,NA,NA,NA,2019,NA
"1","4.5",NA,15,31,"blu",NA,NA,NA,NA,NA,NA,NA,NA,NA,NA,NA,"can't find","Laura & Maca",2019-07-30,"YOSE8",NA,NA,NA,NA,NA,NA,NA,NA,NA,NA,NA,NA,NA,2019,NA
"1","4.5","X",20,40,"blu",NA,NA,NA,NA,NA,NA,NA,NA,NA,NA,NA,NA,"Laura & Maca",2019-07-30,"YOSE8",NA,NA,NA,NA,NA,NA,NA,NA,NA,NA,NA,NA,NA,2019,NA
"1","4.5","X",20,39,"blu",NA,NA,NA,NA,NA,NA,NA,NA,NA,NA,NA,NA,"Laura & Maca",2019-07-30,"YOSE8",NA,NA,NA,NA,NA,NA,NA,NA,NA,NA,NA,NA,NA,2019,NA
"2","0","X",24,22,"blu",NA,NA,NA,NA,NA,NA,NA,NA,NA,NA,NA,NA,"Maya & Eva",2019-07-30,"YOSE8",NA,NA,NA,NA,NA,NA,NA,NA,NA,NA,NA,NA,NA,2019,NA
"2","1","X",5,8,"grn",NA,NA,NA,NA,NA,NA,NA,NA,NA,NA,NA,NA,"Maya & Eva",2019-07-30,"YOSE8",NA,NA,NA,NA,NA,NA,NA,NA,NA,NA,NA,NA,NA,2019,NA
"2","1","X",43,12,"blu",NA,NA,NA,NA,NA,NA,NA,NA,NA,NA,NA,NA,"Maya & Eva",2019-07-30,"YOSE8",NA,NA,NA,NA,NA,NA,NA,NA,NA,NA,NA,NA,NA,2019,NA
"2","2.5","X",42,39,"blu",NA,NA,NA,NA,NA,NA,NA,NA,NA,NA,NA,NA,"Maya & Eva",2019-07-30,"YOSE8",NA,NA,NA,NA,NA,NA,NA,NA,NA,NA,NA,NA,NA,2019,NA
"2","2.5","X",48,12,"grn",NA,NA,NA,NA,NA,NA,NA,NA,NA,NA,NA,NA,"Maya & Eva",2019-07-30,"YOSE8",NA,NA,NA,NA,NA,NA,NA,NA,NA,NA,NA,NA,NA,2019,NA
"2","2.5","X",49,45,"grn",NA,NA,NA,NA,NA,NA,NA,NA,NA,NA,NA,NA,"Maya & Eva",2019-07-30,"YOSE8",NA,NA,NA,NA,NA,NA,NA,NA,NA,NA,NA,NA,NA,2019,NA
"2","3","X",13,7,"blu",NA,NA,NA,NA,NA,NA,NA,NA,NA,NA,NA,NA,"Maya & Eva",2019-07-30,"YOSE8",NA,NA,NA,NA,NA,NA,NA,NA,NA,NA,NA,NA,NA,2019,NA
"2","3","F",37,28,"grn",NA,NA,"2.13","21.1",3,NA,"3.0",NA,NA,NA,"Y",NA,"Maya & Eva",2019-07-30,"YOSE8",NA,NA,NA,NA,NA,NA,NA,NA,NA,NA,NA,NA,NA,2019,2.13
"2","3","X",42,0,"blu",NA,NA,NA,NA,NA,NA,NA,NA,NA,NA,NA,NA,"Maya & Eva",2019-07-30,"YOSE8",NA,NA,NA,NA,NA,NA,NA,NA,NA,NA,NA,NA,NA,2019,NA
"2","3","X",41,18,"blu",NA,NA,NA,NA,NA,NA,NA,NA,NA,NA,NA,NA,"Maya & Eva",2019-07-30,"YOSE8",NA,NA,NA,NA,NA,NA,NA,NA,NA,NA,NA,NA,NA,2019,NA
"2","3.5","X",35,13,"grn",NA,NA,NA,NA,NA,NA,NA,NA,NA,NA,NA,NA,"Maya & Eva",2019-07-30,"YOSE8",NA,NA,NA,NA,NA,NA,NA,NA,NA,NA,NA,NA,NA,2019,NA
"2","3.5","X",41,30,"blu",NA,NA,NA,NA,NA,NA,NA,NA,NA,NA,NA,NA,"Maya & Eva",2019-07-30,"YOSE8",NA,NA,NA,NA,NA,NA,NA,NA,NA,NA,NA,NA,NA,2019,NA
"2","3.5","X",45,33,"blu",NA,NA,NA,NA,NA,NA,NA,NA,NA,NA,NA,NA,"Maya & Eva",2019-07-30,"YOSE8",NA,NA,NA,NA,NA,NA,NA,NA,NA,NA,NA,NA,NA,2019,NA
"2","4","X",10,30,"grn",NA,NA,NA,NA,NA,NA,NA,NA,NA,NA,NA,NA,"Maya & Eva",2019-07-30,"YOSE8",NA,NA,NA,NA,NA,NA,NA,NA,NA,NA,NA,NA,NA,2019,NA
"2","4","X",3,48,"blu",NA,NA,NA,NA,NA,NA,NA,NA,NA,NA,NA,NA,"Maya & Eva",2019-07-30,"YOSE8",NA,NA,NA,NA,NA,NA,NA,NA,NA,NA,NA,NA,NA,2019,NA
"2","4.5","P",14,31,"grn",NA,NA,"1.29","19.0",4,NA,"15.0","1.0",3.2,4,"N",NA,"Laura & Maca",2019-07-30,"YOSE8",NA,NA,NA,NA,NA,NA,NA,NA,NA,NA,NA,NA,NA,2019,1.29
"2","4.5","X",26,30,"grn",NA,NA,NA,NA,NA,NA,NA,NA,NA,NA,NA,NA,"Laura & Maca",2019-07-30,"YOSE8",NA,NA,NA,NA,NA,NA,NA,NA,NA,NA,NA,NA,NA,2019,NA
"2","4.5","V",38,29,"grn",NA,NA,"0.89","4.0",5,"1.0",NA,NA,NA,NA,"N",NA,"Laura & Maca",2019-07-30,"YOSE8",NA,NA,NA,NA,NA,NA,NA,NA,NA,NA,NA,NA,NA,2019,0.5
"2","5","X",11,39,"grn",NA,NA,NA,NA,NA,NA,NA,NA,NA,NA,NA,NA,"Laura & Maca",2019-07-30,"YOSE8",NA,NA,NA,NA,NA,NA,NA,NA,NA,NA,NA,NA,NA,2019,NA
"2","5","X",20,7,"blu",NA,NA,NA,NA,NA,NA,NA,NA,NA,NA,NA,NA,"Laura & Maca",2019-07-30,"YOSE8",NA,NA,NA,NA,NA,NA,NA,NA,NA,NA,NA,NA,NA,2019,NA
"2","5","X",37,16,"blu",NA,NA,NA,NA,NA,NA,NA,NA,NA,NA,NA,NA,"Laura & Maca",2019-07-30,"YOSE8",NA,NA,NA,NA,NA,NA,NA,NA,NA,NA,NA,NA,NA,2019,NA
"2","5","X",38,28,"blu",NA,NA,NA,NA,NA,NA,NA,NA,NA,NA,NA,NA,"Laura & Maca",2019-07-30,"YOSE8",NA,NA,NA,NA,NA,NA,NA,NA,NA,NA,NA,NA,NA,2019,NA
"2","5.5","X",2,20,"blu",NA,NA,NA,NA,NA,NA,NA,NA,NA,NA,NA,NA,"Laura & Maca",2019-07-30,"YOSE8",NA,NA,NA,NA,NA,NA,NA,NA,NA,NA,NA,NA,NA,2019,NA
"2","5.5","X",15,25,"blu",NA,NA,NA,NA,NA,NA,NA,NA,NA,NA,NA,NA,"Laura & Maca",2019-07-30,"YOSE8",NA,NA,NA,NA,NA,NA,NA,NA,NA,NA,NA,NA,NA,2019,NA
"2","5.5","F",28,17,"grn",NA,NA,"0.47","16.0",4,NA,"3.0",NA,NA,3,"N",NA,"Laura & Maca",2019-07-30,"YOSE8",NA,NA,NA,NA,NA,NA,NA,NA,NA,NA,NA,NA,NA,2019,0.5
"2","5.5","X",30,20,"blu",NA,NA,NA,NA,NA,NA,NA,NA,NA,NA,NA,NA,"Laura & Maca",2019-07-30,"YOSE8",NA,NA,NA,NA,NA,NA,NA,NA,NA,NA,NA,NA,NA,2019,NA
"2","5.5","X",47,41,"blu",NA,NA,NA,NA,NA,NA,NA,NA,NA,NA,NA,NA,"Laura & Maca",2019-07-30,"YOSE8",NA,NA,NA,NA,NA,NA,NA,NA,NA,NA,NA,NA,NA,2019,NA
"2","5.5","X",39,29,"blu",NA,NA,NA,NA,NA,NA,NA,NA,NA,NA,NA,NA,"Laura & Maca",2019-07-30,"YOSE8",NA,NA,NA,NA,NA,NA,NA,NA,NA,NA,NA,NA,NA,2019,NA
"2","6",NA,49,21,"grn",NA,NA,NA,NA,NA,NA,NA,NA,NA,NA,NA,"couldn't find","Laura & Maca",2019-07-30,"YOSE8",NA,NA,NA,NA,NA,NA,NA,NA,NA,NA,NA,NA,NA,2019,NA
"2","6.5","P",10,22,"grn",NA,NA,"1.95","23.0",4,NA,"8.0","1.0",4,4,"N","grn band + 97 orange band","Laura & Maca",2019-07-30,"YOSE8",NA,NA,NA,NA,NA,NA,NA,NA,NA,NA,NA,NA,NA,2019,1.95
"2","6.5","X",15,38,"grn",NA,NA,NA,NA,NA,NA,NA,NA,NA,NA,NA,NA,"Laura & Maca",2019-07-30,"YOSE8",NA,NA,NA,NA,NA,NA,NA,NA,NA,NA,NA,NA,NA,2019,NA
"2","6.5","X",25,48,"grn",NA,NA,NA,NA,NA,NA,NA,NA,NA,NA,NA,NA,"Laura & Maca",2019-07-30,"YOSE8",NA,NA,NA,NA,NA,NA,NA,NA,NA,NA,NA,NA,NA,2019,NA
"2","6.5","X",37,48,"grn",NA,NA,NA,NA,NA,NA,NA,NA,NA,NA,NA,NA,"Laura & Maca",2019-07-30,"YOSE8",NA,NA,NA,NA,NA,NA,NA,NA,NA,NA,NA,NA,NA,2019,NA
"2","6.5","F",29,50,"grn",NA,NA,"1.92","24.0",5,NA,"9.0",NA,NA,4,"N",NA,"Laura & Maca",2019-07-30,"YOSE8",NA,NA,NA,NA,NA,NA,NA,NA,NA,NA,NA,NA,NA,2019,1.92
"2","6.5","X",40,34,"grn",NA,NA,NA,NA,NA,NA,NA,NA,NA,NA,NA,NA,"Laura & Maca",2019-07-30,"YOSE8",NA,NA,NA,NA,NA,NA,NA,NA,NA,NA,NA,NA,NA,2019,NA
"2","6.5","X",35,6,"grn",NA,NA,NA,NA,NA,NA,NA,NA,NA,NA,NA,NA,"Laura & Maca",2019-07-30,"YOSE8",NA,NA,NA,NA,NA,NA,NA,NA,NA,NA,NA,NA,NA,2019,NA
"2","6.5","X",12,12,"blu",NA,NA,NA,NA,NA,NA,NA,NA,NA,NA,NA,NA,"Laura & Maca",2019-07-30,"YOSE8",NA,NA,NA,NA,NA,NA,NA,NA,NA,NA,NA,NA,NA,2019,NA
"2","6.5","P",42,15,"grn",NA,NA,"0.31","20.0",1,NA,"0.0","2.0",5.5,1,"N",NA,"Laura & Maca",2019-07-30,"YOSE8",NA,NA,NA,NA,NA,NA,NA,NA,NA,NA,NA,NA,NA,2019,0.5
"1","0","V",NA,NA,NA,NA,NA,"<1","2.8",1,"0.7",NA,NA,NA,NA,"N",NA,"Maya & Eva",2019-07-30,"YOSE8",NA,NA,NA,NA,NA,NA,NA,NA,NA,NA,NA,NA,NA,2019,0.5
"1","0","V",NA,NA,NA,NA,NA,"<1","1.2",1,"0.4",NA,NA,NA,NA,"N",NA,"Maya & Eva",2019-07-30,"YOSE8",NA,NA,NA,NA,NA,NA,NA,NA,NA,NA,NA,NA,NA,2019,0.5
"1","0","V",NA,NA,NA,NA,NA,"<1","1.2",1,"0.3",NA,NA,NA,NA,"Y",NA,"Maya & Eva",2019-07-30,"YOSE8",NA,NA,NA,NA,NA,NA,NA,NA,NA,NA,NA,NA,NA,2019,0.5
"1","0","V",NA,NA,NA,NA,NA,"<1","1.7",1,"0.2",NA,NA,NA,NA,"N",NA,"Maya & Eva",2019-07-30,"YOSE8",NA,NA,NA,NA,NA,NA,NA,NA,NA,NA,NA,NA,NA,2019,0.5
"1","0","V",50,32,"68.0",NA,NA,"1.29","3.5",1,"1.3",NA,NA,NA,NA,"Y",NA,"Maya & Eva",2019-07-30,"YOSE8",NA,NA,NA,NA,NA,NA,NA,NA,NA,NA,NA,NA,NA,2019,1.29
"1","0","V",NA,NA,NA,NA,NA,"<1","1.1",1,"0.2",NA,NA,NA,NA,"N",NA,"Maya & Eva",2019-07-30,"YOSE8",NA,NA,NA,NA,NA,NA,NA,NA,NA,NA,NA,NA,NA,2019,0.5
"1","0.5","V",NA,NA,NA,NA,NA,"<1","2.0",1,"0.5",NA,NA,NA,NA,"N",NA,"Maya & Eva",2019-07-30,"YOSE8",NA,NA,NA,NA,NA,NA,NA,NA,NA,NA,NA,NA,NA,2019,0.5
"1","0.5","V",NA,NA,NA,NA,NA,"<1","2.6",1,"0.7",NA,NA,NA,NA,"N",NA,"Maya & Eva",2019-07-30,"YOSE8",NA,NA,NA,NA,NA,NA,NA,NA,NA,NA,NA,NA,NA,2019,0.5
"1","0.5","V",NA,NA,NA,NA,NA,"<1","2.1",1,"0.5",NA,NA,NA,NA,"N",NA,"Maya & Eva",2019-07-30,"YOSE8",NA,NA,NA,NA,NA,NA,NA,NA,NA,NA,NA,NA,NA,2019,0.5
"1","0.5","V",NA,NA,NA,NA,NA,"<1","2.2",1,"0.5",NA,NA,NA,NA,"N",NA,"Maya & Eva",2019-07-30,"YOSE8",NA,NA,NA,NA,NA,NA,NA,NA,NA,NA,NA,NA,NA,2019,0.5
"1","0.5","V",NA,NA,NA,NA,NA,"<1","0.8",1,"0.2",NA,NA,NA,NA,"N",NA,"Maya & Eva",2019-07-30,"YOSE8",NA,NA,NA,NA,NA,NA,NA,NA,NA,NA,NA,NA,NA,2019,0.5
"1","0.5","V",NA,NA,NA,NA,NA,"<1","2.6",1,"0.7",NA,NA,NA,NA,"N",NA,"Maya & Eva",2019-07-30,"YOSE8",NA,NA,NA,NA,NA,NA,NA,NA,NA,NA,NA,NA,NA,2019,0.5
"1","0.5","V",NA,NA,NA,NA,NA,"<1","1.6",1,"0.6",NA,NA,NA,NA,"N",NA,"Maya & Eva",2019-07-30,"YOSE8",NA,NA,NA,NA,NA,NA,NA,NA,NA,NA,NA,NA,NA,2019,0.5
"1","0.5","V",NA,NA,NA,NA,NA,"<1","1.2",1,"0.2",NA,NA,NA,NA,"N",NA,"Maya & Eva",2019-07-30,"YOSE8",NA,NA,NA,NA,NA,NA,NA,NA,NA,NA,NA,NA,NA,2019,0.5
"1","0.5","V",NA,NA,NA,NA,NA,"<1","1.9",1,"0.5",NA,NA,NA,NA,"N",NA,"Maya & Eva",2019-07-30,"YOSE8",NA,NA,NA,NA,NA,NA,NA,NA,NA,NA,NA,NA,NA,2019,0.5
"1","0.5","V",NA,NA,NA,NA,NA,"<1","1.3",1,"0.3",NA,NA,NA,NA,"N",NA,"Maya & Eva",2019-07-30,"YOSE8",NA,NA,NA,NA,NA,NA,NA,NA,NA,NA,NA,NA,NA,2019,0.5
"1","0.5","V",NA,NA,NA,NA,NA,"<1","1.1",1,"0.4",NA,NA,NA,NA,"N",NA,"Maya & Eva",2019-07-30,"YOSE8",NA,NA,NA,NA,NA,NA,NA,NA,NA,NA,NA,NA,NA,2019,0.5
"1","1","V",NA,NA,NA,NA,NA,"<1","1.5",1,"0.5",NA,NA,NA,NA,"Y",NA,"Maya & Eva",2019-07-30,"YOSE8",NA,NA,NA,NA,NA,NA,NA,NA,NA,NA,NA,NA,NA,2019,0.5
"1","1","V",NA,NA,NA,NA,NA,"<1","2.1",1,"0.6",NA,NA,NA,NA,"N",NA,"Maya & Eva",2019-07-30,"YOSE8",NA,NA,NA,NA,NA,NA,NA,NA,NA,NA,NA,NA,NA,2019,0.5
"1","1","V",NA,NA,NA,NA,NA,"<1","0.9",1,"0.3",NA,NA,NA,NA,"N",NA,"Maya & Eva",2019-07-30,"YOSE8",NA,NA,NA,NA,NA,NA,NA,NA,NA,NA,NA,NA,NA,2019,0.5
"1","1","V",NA,NA,NA,NA,NA,"<1","0.5",1,"0.1",NA,NA,NA,NA,"N",NA,"Maya & Eva",2019-07-30,"YOSE8",NA,NA,NA,NA,NA,NA,NA,NA,NA,NA,NA,NA,NA,2019,0.5
"1","1.5","V",NA,NA,NA,NA,NA,"<1","3.1",1,"0.5",NA,NA,NA,NA,"N",NA,"Maya & Eva",2019-07-30,"YOSE8",NA,NA,NA,NA,NA,NA,NA,NA,NA,NA,NA,NA,NA,2019,0.5
"1","1.5","V",NA,NA,NA,NA,NA,"<1","3.7",1,"0.4",NA,NA,NA,NA,"N",NA,"Maya & Eva",2019-07-30,"YOSE8",NA,NA,NA,NA,NA,NA,NA,NA,NA,NA,NA,NA,NA,2019,0.5
"1","1.5","V",NA,NA,NA,NA,NA,"<1","1.5",1,"0.4",NA,NA,NA,NA,"N",NA,"Maya & Eva",2019-07-30,"YOSE8",NA,NA,NA,NA,NA,NA,NA,NA,NA,NA,NA,NA,NA,2019,0.5
"1","1.5","V",NA,NA,NA,NA,NA,"<1","1.0",1,"0.3",NA,NA,NA,NA,"Y",NA,"Maya & Eva",2019-07-30,"YOSE8",NA,NA,NA,NA,NA,NA,NA,NA,NA,NA,NA,NA,NA,2019,0.5
"1","1.5","V",NA,NA,NA,NA,NA,"<1","2.2",1,"0.3",NA,NA,NA,NA,"N",NA,"Maya & Eva",2019-07-30,"YOSE8",NA,NA,NA,NA,NA,NA,NA,NA,NA,NA,NA,NA,NA,2019,0.5
"1","2","V",NA,NA,NA,NA,NA,"<1","1.2",1,"0.3",NA,NA,NA,NA,"N",NA,"Maya & Eva",2019-07-30,"YOSE8",NA,NA,NA,NA,NA,NA,NA,NA,NA,NA,NA,NA,NA,2019,0.5
"1","2","V",NA,NA,NA,NA,NA,"<1","1.0",1,"0.2",NA,NA,NA,NA,"N",NA,"Maya & Eva",2019-07-30,"YOSE8",NA,NA,NA,NA,NA,NA,NA,NA,NA,NA,NA,NA,NA,2019,0.5
"1","2","V",NA,NA,NA,NA,NA,"<1","1.2",1,"0.3",NA,NA,NA,NA,"N",NA,"Maya & Eva",2019-07-30,"YOSE8",NA,NA,NA,NA,NA,NA,NA,NA,NA,NA,NA,NA,NA,2019,0.5
"2","3.5","V",19,5,"52.0",NA,NA,"1.05","3.1",1,"0.2",NA,NA,NA,NA,"N",NA,"Maya & Eva",2019-07-30,"YOSE8",NA,NA,NA,NA,NA,NA,NA,NA,NA,NA,NA,NA,NA,2019,1.05
"2","3.5","V",NA,NA,NA,NA,NA,"<1","2.1",1,"0.8",NA,NA,NA,NA,"N",NA,"Maya & Eva",2019-07-30,"YOSE8",NA,NA,NA,NA,NA,NA,NA,NA,NA,NA,NA,NA,NA,2019,0.5
"2","3.5","V",NA,NA,NA,NA,NA,"<1","1.6",1,"0.4",NA,NA,NA,NA,"N",NA,"Maya & Eva",2019-07-30,"YOSE8",NA,NA,NA,NA,NA,NA,NA,NA,NA,NA,NA,NA,NA,2019,0.5
"2","3.5","V",NA,NA,NA,NA,NA,"<1","2.1",1,"0.8",NA,NA,NA,NA,"N",NA,"Maya & Eva",2019-07-30,"YOSE8",NA,NA,NA,NA,NA,NA,NA,NA,NA,NA,NA,NA,NA,2019,0.5
"2","3.5","V",NA,NA,NA,NA,NA,"<1","0.9",1,"0.2",NA,NA,NA,NA,"N",NA,"Maya & Eva",2019-07-30,"YOSE8",NA,NA,NA,NA,NA,NA,NA,NA,NA,NA,NA,NA,NA,2019,0.5
"2","3.5","V",NA,NA,NA,NA,NA,"<1","2.4",1,"0.6",NA,NA,NA,NA,"N",NA,"Maya & Eva",2019-07-30,"YOSE8",NA,NA,NA,NA,NA,NA,NA,NA,NA,NA,NA,NA,NA,2019,0.5
"2","3.5","V",NA,NA,NA,NA,NA,"<1","1.9",1,"0.5",NA,NA,NA,NA,"N",NA,"Maya & Eva",2019-07-30,"YOSE8",NA,NA,NA,NA,NA,NA,NA,NA,NA,NA,NA,NA,NA,2019,0.5
"2","3.5","V",42,41,"66.0",NA,NA,"1.2","3.1",3,"1.1",NA,NA,NA,NA,"N",NA,"Maya & Eva",2019-07-30,"YOSE8",NA,NA,NA,NA,NA,NA,NA,NA,NA,NA,NA,NA,NA,2019,1.2
"2","3.5","V",NA,NA,NA,NA,NA,"<1","2.1",1,"1.0",NA,NA,NA,NA,"N",NA,"Maya & Eva",2019-07-30,"YOSE8",NA,NA,NA,NA,NA,NA,NA,NA,NA,NA,NA,NA,NA,2019,0.5
"2","3.5","V",NA,NA,NA,NA,NA,"<1","1.5",1,"0.8",NA,NA,NA,NA,"N",NA,"Maya & Eva",2019-07-30,"YOSE8",NA,NA,NA,NA,NA,NA,NA,NA,NA,NA,NA,NA,NA,2019,0.5
"2","3.5","V",NA,NA,NA,NA,NA,"<1","1.8",1,"0.4",NA,NA,NA,NA,"N",NA,"Maya & Eva",2019-07-30,"YOSE8",NA,NA,NA,NA,NA,NA,NA,NA,NA,NA,NA,NA,NA,2019,0.5
"2","4","V",NA,NA,NA,NA,NA,"<1","1.9",1,"0.6",NA,NA,NA,NA,"N",NA,"Maya & Eva",2019-07-30,"YOSE8",NA,NA,NA,NA,NA,NA,NA,NA,NA,NA,NA,NA,NA,2019,0.5
"2","4","V",NA,NA,NA,NA,NA,"<1","1.2",1,"0.3",NA,NA,NA,NA,"N",NA,"Maya & Eva",2019-07-30,"YOSE8",NA,NA,NA,NA,NA,NA,NA,NA,NA,NA,NA,NA,NA,2019,0.5
"2","4","V",NA,NA,NA,NA,NA,"<1","1.9",1,"0.3",NA,NA,NA,NA,"N",NA,"Maya & Eva",2019-07-30,"YOSE8",NA,NA,NA,NA,NA,NA,NA,NA,NA,NA,NA,NA,NA,2019,0.5
"2","4","V",NA,NA,NA,NA,NA,"<1","2.2",1,"0.6",NA,NA,NA,NA,"N",NA,"Maya & Eva",2019-07-30,"YOSE8",NA,NA,NA,NA,NA,NA,NA,NA,NA,NA,NA,NA,NA,2019,0.5
"2","4","V",NA,NA,NA,NA,NA,"<1","2.3",1,"0.9",NA,NA,NA,NA,"N",NA,"Maya & Eva",2019-07-30,"YOSE8",NA,NA,NA,NA,NA,NA,NA,NA,NA,NA,NA,NA,NA,2019,0.5
"2","4","V",NA,NA,NA,NA,NA,"<1","1.2",1,"0.3",NA,NA,NA,NA,"N",NA,"Maya & Eva",2019-07-30,"YOSE8",NA,NA,NA,NA,NA,NA,NA,NA,NA,NA,NA,NA,NA,2019,0.5
"2","4","V",NA,NA,NA,NA,NA,"<1","1.2",1,"0.3",NA,NA,NA,NA,"N",NA,"Maya & Eva",2019-07-30,"YOSE8",NA,NA,NA,NA,NA,NA,NA,NA,NA,NA,NA,NA,NA,2019,0.5
"2","4","V",NA,NA,NA,NA,NA,"<1","1.2",1,"0.3",NA,NA,NA,NA,"N",NA,"Maya & Eva",2019-07-30,"YOSE8",NA,NA,NA,NA,NA,NA,NA,NA,NA,NA,NA,NA,NA,2019,0.5
"2","4","V",NA,NA,NA,NA,NA,"<1","1.0",1,"0.5",NA,NA,NA,NA,"N",NA,"Maya & Eva",2019-07-30,"YOSE8",NA,NA,NA,NA,NA,NA,NA,NA,NA,NA,NA,NA,NA,2019,0.5
"2","4","V",NA,NA,NA,NA,NA,"<1","2.2",1,"1.1",NA,NA,NA,NA,"Y",NA,"Maya & Eva",2019-07-30,"YOSE8",NA,NA,NA,NA,NA,NA,NA,NA,NA,NA,NA,NA,NA,2019,0.5
"2","4","V",NA,NA,NA,NA,NA,"<1","2.5",1,"0.8",NA,NA,NA,NA,"N",NA,"Maya & Eva",2019-07-30,"YOSE8",NA,NA,NA,NA,NA,NA,NA,NA,NA,NA,NA,NA,NA,2019,0.5
"2","4","V",NA,NA,NA,NA,NA,"<1","3.3",1,"1.1",NA,NA,NA,NA,"N",NA,"Maya & Eva",2019-07-30,"YOSE8",NA,NA,NA,NA,NA,NA,NA,NA,NA,NA,NA,NA,NA,2019,0.5
"2","4","V",NA,NA,NA,NA,NA,"<1","2.1",1,"0.3",NA,NA,NA,NA,"N",NA,"Maya & Eva",2019-07-30,"YOSE8",NA,NA,NA,NA,NA,NA,NA,NA,NA,NA,NA,NA,NA,2019,0.5
"2","4","V",NA,NA,NA,NA,NA,"<1","1.3",1,"0.4",NA,NA,NA,NA,"Y",NA,"Maya & Eva",2019-07-30,"YOSE8",NA,NA,NA,NA,NA,NA,NA,NA,NA,NA,NA,NA,NA,2019,0.5
"2","4","V",NA,NA,NA,NA,NA,"<1","1.7",1,"0.6",NA,NA,NA,NA,"N",NA,"Maya & Eva",2019-07-30,"YOSE8",NA,NA,NA,NA,NA,NA,NA,NA,NA,NA,NA,NA,NA,2019,0.5
"2","4","V",NA,NA,NA,NA,NA,"<1","1.7",1,"0.6",NA,NA,NA,NA,"N",NA,"Maya & Eva",2019-07-30,"YOSE8",NA,NA,NA,NA,NA,NA,NA,NA,NA,NA,NA,NA,NA,2019,0.5
"2","4","V",NA,NA,NA,NA,NA,"<1","1.6",2,"0.5",NA,NA,NA,NA,"Y",NA,"Maya & Eva",2019-07-30,"YOSE8",NA,NA,NA,NA,NA,NA,NA,NA,NA,NA,NA,NA,NA,2019,0.5
"2","4","V",NA,NA,NA,NA,NA,"<1","2.2",1,"0.7",NA,NA,NA,NA,"N",NA,"Maya & Eva",2019-07-30,"YOSE8",NA,NA,NA,NA,NA,NA,NA,NA,NA,NA,NA,NA,NA,2019,0.5
"2","4","V",NA,NA,NA,NA,NA,"<1","1.1",1,"0.4",NA,NA,NA,NA,"N",NA,"Maya & Eva",2019-07-30,"YOSE8",NA,NA,NA,NA,NA,NA,NA,NA,NA,NA,NA,NA,NA,2019,0.5
"2","4.5","V",NA,NA,NA,NA,NA,"<1","1.0",1,"0.5",NA,NA,NA,NA,"N",NA,"Laura & Maca",2019-07-30,"YOSE8",NA,NA,NA,NA,NA,NA,NA,NA,NA,NA,NA,NA,NA,2019,0.5
"2","4.5","V",NA,NA,NA,NA,NA,"<1","0.5",1,"0.1",NA,NA,NA,NA,"N","copied x8","Laura & Maca",2019-07-30,"YOSE8",NA,NA,NA,NA,NA,NA,NA,NA,NA,NA,NA,NA,NA,2019,0.5
"2","4.5","V",NA,NA,NA,NA,NA,"<1","0.5",1,"0.1",NA,NA,NA,NA,"N",NA,"Laura & Maca",2019-07-30,"YOSE8",NA,NA,NA,NA,NA,NA,NA,NA,NA,NA,NA,NA,NA,2019,0.5
"2","4.5","V",NA,NA,NA,NA,NA,"<1","0.5",2,"0.1",NA,NA,NA,NA,"N",NA,"Laura & Maca",2019-07-30,"YOSE8",NA,NA,NA,NA,NA,NA,NA,NA,NA,NA,NA,NA,NA,2019,0.5
"2","4.5","V",NA,NA,NA,NA,NA,"<1","0.5",1,"0.1",NA,NA,NA,NA,"N",NA,"Laura & Maca",2019-07-30,"YOSE8",NA,NA,NA,NA,NA,NA,NA,NA,NA,NA,NA,NA,NA,2019,0.5
"2","4.5","V",NA,NA,NA,NA,NA,"<1","0.5",1,"0.1",NA,NA,NA,NA,"N",NA,"Laura & Maca",2019-07-30,"YOSE8",NA,NA,NA,NA,NA,NA,NA,NA,NA,NA,NA,NA,NA,2019,0.5
"2","4.5","V",NA,NA,NA,NA,NA,"<1","0.5",1,"0.1",NA,NA,NA,NA,"N",NA,"Laura & Maca",2019-07-30,"YOSE8",NA,NA,NA,NA,NA,NA,NA,NA,NA,NA,NA,NA,NA,2019,0.5
"2","4.5","V",NA,NA,NA,NA,NA,"<1","0.5",1,"0.1",NA,NA,NA,NA,"N",NA,"Laura & Maca",2019-07-30,"YOSE8",NA,NA,NA,NA,NA,NA,NA,NA,NA,NA,NA,NA,NA,2019,0.5
"2","4.5","V",NA,NA,NA,NA,NA,"<1","0.5",1,"0.1",NA,NA,NA,NA,"N",NA,"Laura & Maca",2019-07-30,"YOSE8",NA,NA,NA,NA,NA,NA,NA,NA,NA,NA,NA,NA,NA,2019,0.5
"1","4.5","V",NA,NA,NA,NA,NA,"<1","2.1",1,"0.5",NA,NA,NA,NA,"N",NA,"Laura & Maca",2019-07-30,"YOSE8",NA,NA,NA,NA,NA,NA,NA,NA,NA,NA,NA,NA,NA,2019,0.5
"1","4.5","V",NA,NA,NA,NA,NA,"<1","3.5",1,"0.6",NA,NA,NA,NA,"N",NA,"Laura & Maca",2019-07-30,"YOSE8",NA,NA,NA,NA,NA,NA,NA,NA,NA,NA,NA,NA,NA,2019,0.5
"1","4.5","V",NA,NA,NA,NA,NA,"<1","10.0",1,"0.6",NA,NA,NA,NA,"N",NA,"Laura & Maca",2019-07-30,"YOSE8",NA,NA,NA,NA,NA,NA,NA,NA,NA,NA,NA,NA,NA,2019,0.5
"1","4.5","V",NA,NA,NA,NA,NA,"<1","1.5",1,"0.5",NA,NA,NA,NA,"N",NA,"Laura & Maca",2019-07-30,"YOSE8",NA,NA,NA,NA,NA,NA,NA,NA,NA,NA,NA,NA,NA,2019,0.5
"1","4.5","V",NA,NA,NA,NA,NA,"<1","2.0",1,"0.5",NA,NA,NA,NA,"N",NA,"Laura & Maca",2019-07-30,"YOSE8",NA,NA,NA,NA,NA,NA,NA,NA,NA,NA,NA,NA,NA,2019,0.5
"1","4.5","V",NA,NA,NA,NA,NA,"<1","1.0",1,"0.5",NA,NA,NA,NA,"N","copied x40","Laura & Maca",2019-07-30,"YOSE8",NA,NA,NA,NA,NA,NA,NA,NA,NA,NA,NA,NA,NA,2019,0.5
"1","4.5","V",NA,NA,NA,NA,NA,"<1","1.0",1,"0.5",NA,NA,NA,NA,"N",NA,"Laura & Maca",2019-07-30,"YOSE8",NA,NA,NA,NA,NA,NA,NA,NA,NA,NA,NA,NA,NA,2019,0.5
"1","4.5","V",NA,NA,NA,NA,NA,"<1","1.0",1,"0.5",NA,NA,NA,NA,"N",NA,"Laura & Maca",2019-07-30,"YOSE8",NA,NA,NA,NA,NA,NA,NA,NA,NA,NA,NA,NA,NA,2019,0.5
"1","4.5","V",NA,NA,NA,NA,NA,"<1","1.0",1,"0.5",NA,NA,NA,NA,"N",NA,"Laura & Maca",2019-07-30,"YOSE8",NA,NA,NA,NA,NA,NA,NA,NA,NA,NA,NA,NA,NA,2019,0.5
"1","4.5","V",NA,NA,NA,NA,NA,"<1","1.0",1,"0.5",NA,NA,NA,NA,"N",NA,"Laura & Maca",2019-07-30,"YOSE8",NA,NA,NA,NA,NA,NA,NA,NA,NA,NA,NA,NA,NA,2019,0.5
"1","4.5","V",NA,NA,NA,NA,NA,"<1","1.0",1,"0.5",NA,NA,NA,NA,"N",NA,"Laura & Maca",2019-07-30,"YOSE8",NA,NA,NA,NA,NA,NA,NA,NA,NA,NA,NA,NA,NA,2019,0.5
"1","4.5","V",NA,NA,NA,NA,NA,"<1","1.0",1,"0.5",NA,NA,NA,NA,"N",NA,"Laura & Maca",2019-07-30,"YOSE8",NA,NA,NA,NA,NA,NA,NA,NA,NA,NA,NA,NA,NA,2019,0.5
"1","4.5","V",NA,NA,NA,NA,NA,"<1","1.0",1,"0.5",NA,NA,NA,NA,"N",NA,"Laura & Maca",2019-07-30,"YOSE8",NA,NA,NA,NA,NA,NA,NA,NA,NA,NA,NA,NA,NA,2019,0.5
"1","4.5","V",NA,NA,NA,NA,NA,"<1","1.0",1,"0.5",NA,NA,NA,NA,"N",NA,"Laura & Maca",2019-07-30,"YOSE8",NA,NA,NA,NA,NA,NA,NA,NA,NA,NA,NA,NA,NA,2019,0.5
"1","4.5","V",NA,NA,NA,NA,NA,"<1","1.0",1,"0.5",NA,NA,NA,NA,"N",NA,"Laura & Maca",2019-07-30,"YOSE8",NA,NA,NA,NA,NA,NA,NA,NA,NA,NA,NA,NA,NA,2019,0.5
"1","4.5","V",NA,NA,NA,NA,NA,"<1","1.0",1,"0.5",NA,NA,NA,NA,"N",NA,"Laura & Maca",2019-07-30,"YOSE8",NA,NA,NA,NA,NA,NA,NA,NA,NA,NA,NA,NA,NA,2019,0.5
"1","4.5","V",NA,NA,NA,NA,NA,"<1","1.0",1,"0.5",NA,NA,NA,NA,"N",NA,"Laura & Maca",2019-07-30,"YOSE8",NA,NA,NA,NA,NA,NA,NA,NA,NA,NA,NA,NA,NA,2019,0.5
"1","4.5","V",NA,NA,NA,NA,NA,"<1","1.0",1,"0.5",NA,NA,NA,NA,"N",NA,"Laura & Maca",2019-07-30,"YOSE8",NA,NA,NA,NA,NA,NA,NA,NA,NA,NA,NA,NA,NA,2019,0.5
"1","4.5","V",NA,NA,NA,NA,NA,"<1","1.0",1,"0.5",NA,NA,NA,NA,"N",NA,"Laura & Maca",2019-07-30,"YOSE8",NA,NA,NA,NA,NA,NA,NA,NA,NA,NA,NA,NA,NA,2019,0.5
"1","4.5","V",NA,NA,NA,NA,NA,"<1","1.0",1,"0.5",NA,NA,NA,NA,"N",NA,"Laura & Maca",2019-07-30,"YOSE8",NA,NA,NA,NA,NA,NA,NA,NA,NA,NA,NA,NA,NA,2019,0.5
"1","4.5","V",NA,NA,NA,NA,NA,"<1","1.0",1,"0.5",NA,NA,NA,NA,"N",NA,"Laura & Maca",2019-07-30,"YOSE8",NA,NA,NA,NA,NA,NA,NA,NA,NA,NA,NA,NA,NA,2019,0.5
"1","4.5","V",NA,NA,NA,NA,NA,"<1","1.0",1,"0.5",NA,NA,NA,NA,"N",NA,"Laura & Maca",2019-07-30,"YOSE8",NA,NA,NA,NA,NA,NA,NA,NA,NA,NA,NA,NA,NA,2019,0.5
"1","4.5","V",NA,NA,NA,NA,NA,"<1","1.0",1,"0.5",NA,NA,NA,NA,"N",NA,"Laura & Maca",2019-07-30,"YOSE8",NA,NA,NA,NA,NA,NA,NA,NA,NA,NA,NA,NA,NA,2019,0.5
"1","4.5","V",NA,NA,NA,NA,NA,"<1","1.0",1,"0.5",NA,NA,NA,NA,"N",NA,"Laura & Maca",2019-07-30,"YOSE8",NA,NA,NA,NA,NA,NA,NA,NA,NA,NA,NA,NA,NA,2019,0.5
"1","4.5","V",NA,NA,NA,NA,NA,"<1","1.0",1,"0.5",NA,NA,NA,NA,"N",NA,"Laura & Maca",2019-07-30,"YOSE8",NA,NA,NA,NA,NA,NA,NA,NA,NA,NA,NA,NA,NA,2019,0.5
"1","4.5","V",NA,NA,NA,NA,NA,"<1","1.0",1,"0.5",NA,NA,NA,NA,"N",NA,"Laura & Maca",2019-07-30,"YOSE8",NA,NA,NA,NA,NA,NA,NA,NA,NA,NA,NA,NA,NA,2019,0.5
"1","4.5","V",NA,NA,NA,NA,NA,"<1","1.0",1,"0.5",NA,NA,NA,NA,"N",NA,"Laura & Maca",2019-07-30,"YOSE8",NA,NA,NA,NA,NA,NA,NA,NA,NA,NA,NA,NA,NA,2019,0.5
"1","4.5","V",NA,NA,NA,NA,NA,"<1","1.0",1,"0.5",NA,NA,NA,NA,"N",NA,"Laura & Maca",2019-07-30,"YOSE8",NA,NA,NA,NA,NA,NA,NA,NA,NA,NA,NA,NA,NA,2019,0.5
"1","4.5","V",NA,NA,NA,NA,NA,"<1","1.0",1,"0.5",NA,NA,NA,NA,"N",NA,"Laura & Maca",2019-07-30,"YOSE8",NA,NA,NA,NA,NA,NA,NA,NA,NA,NA,NA,NA,NA,2019,0.5
"1","4.5","V",NA,NA,NA,NA,NA,"<1","1.0",1,"0.5",NA,NA,NA,NA,"N",NA,"Laura & Maca",2019-07-30,"YOSE8",NA,NA,NA,NA,NA,NA,NA,NA,NA,NA,NA,NA,NA,2019,0.5
"1","4.5","V",NA,NA,NA,NA,NA,"<1","1.0",1,"0.5",NA,NA,NA,NA,"N",NA,"Laura & Maca",2019-07-30,"YOSE8",NA,NA,NA,NA,NA,NA,NA,NA,NA,NA,NA,NA,NA,2019,0.5
"1","4.5","V",NA,NA,NA,NA,NA,"<1","1.0",1,"0.5",NA,NA,NA,NA,"N",NA,"Laura & Maca",2019-07-30,"YOSE8",NA,NA,NA,NA,NA,NA,NA,NA,NA,NA,NA,NA,NA,2019,0.5
"1","4.5","V",NA,NA,NA,NA,NA,"<1","1.0",1,"0.5",NA,NA,NA,NA,"N",NA,"Laura & Maca",2019-07-30,"YOSE8",NA,NA,NA,NA,NA,NA,NA,NA,NA,NA,NA,NA,NA,2019,0.5
"1","4.5","V",NA,NA,NA,NA,NA,"<1","1.0",1,"0.5",NA,NA,NA,NA,"N",NA,"Laura & Maca",2019-07-30,"YOSE8",NA,NA,NA,NA,NA,NA,NA,NA,NA,NA,NA,NA,NA,2019,0.5
"1","4.5","V",NA,NA,NA,NA,NA,"<1","1.0",1,"0.5",NA,NA,NA,NA,"N",NA,"Laura & Maca",2019-07-30,"YOSE8",NA,NA,NA,NA,NA,NA,NA,NA,NA,NA,NA,NA,NA,2019,0.5
"1","4.5","V",NA,NA,NA,NA,NA,"<1","1.0",1,"0.5",NA,NA,NA,NA,"N",NA,"Laura & Maca",2019-07-30,"YOSE8",NA,NA,NA,NA,NA,NA,NA,NA,NA,NA,NA,NA,NA,2019,0.5
"1","4.5","V",NA,NA,NA,NA,NA,"<1","1.0",1,"0.5",NA,NA,NA,NA,"N",NA,"Laura & Maca",2019-07-30,"YOSE8",NA,NA,NA,NA,NA,NA,NA,NA,NA,NA,NA,NA,NA,2019,0.5
"1","4.5","V",NA,NA,NA,NA,NA,"<1","1.0",1,"0.5",NA,NA,NA,NA,"N",NA,"Laura & Maca",2019-07-30,"YOSE8",NA,NA,NA,NA,NA,NA,NA,NA,NA,NA,NA,NA,NA,2019,0.5
"1","4.5","V",NA,NA,NA,NA,NA,"<1","1.0",1,"0.5",NA,NA,NA,NA,"N",NA,"Laura & Maca",2019-07-30,"YOSE8",NA,NA,NA,NA,NA,NA,NA,NA,NA,NA,NA,NA,NA,2019,0.5
"1","4.5","V",NA,NA,NA,NA,NA,"<1","1.0",1,"0.5",NA,NA,NA,NA,"N",NA,"Laura & Maca",2019-07-30,"YOSE8",NA,NA,NA,NA,NA,NA,NA,NA,NA,NA,NA,NA,NA,2019,0.5
"1","4.5","V",NA,NA,NA,NA,NA,"<1","1.0",1,"0.5",NA,NA,NA,NA,"N",NA,"Laura & Maca",2019-07-30,"YOSE8",NA,NA,NA,NA,NA,NA,NA,NA,NA,NA,NA,NA,NA,2019,0.5
"1","4.5","V",NA,NA,NA,NA,NA,"<1","1.0",1,"0.5",NA,NA,NA,NA,"N",NA,"Laura & Maca",2019-07-30,"YOSE8",NA,NA,NA,NA,NA,NA,NA,NA,NA,NA,NA,NA,NA,2019,0.5
"1","4.5","V",NA,NA,NA,NA,NA,"<1","1.0",1,"0.5",NA,NA,NA,NA,"N",NA,"Laura & Maca",2019-07-30,"YOSE8",NA,NA,NA,NA,NA,NA,NA,NA,NA,NA,NA,NA,NA,2019,0.5
"1","4.5","V",NA,NA,NA,NA,NA,"<1","1.0",1,"0.5",NA,NA,NA,NA,"N",NA,"Laura & Maca",2019-07-30,"YOSE8",NA,NA,NA,NA,NA,NA,NA,NA,NA,NA,NA,NA,NA,2019,0.5
"1","4.5","V",NA,NA,NA,NA,NA,"<1","1.0",1,"0.5",NA,NA,NA,NA,"N",NA,"Laura & Maca",2019-07-30,"YOSE8",NA,NA,NA,NA,NA,NA,NA,NA,NA,NA,NA,NA,NA,2019,0.5
"1","4","V",NA,NA,NA,NA,NA,"<1","2.5",1,"0.6",NA,NA,NA,NA,"N",NA,"Laura & Maca",2019-07-30,"YOSE8",NA,NA,NA,NA,NA,NA,NA,NA,NA,NA,NA,NA,NA,2019,0.5
"1","4","V",NA,NA,NA,NA,NA,"<1","3.5",1,"0.4",NA,NA,NA,NA,"N",NA,"Laura & Maca",2019-07-30,"YOSE8",NA,NA,NA,NA,NA,NA,NA,NA,NA,NA,NA,NA,NA,2019,0.5
"1","4","V",NA,NA,NA,NA,NA,"<1","1.0",1,"0.4",NA,NA,NA,NA,"N",NA,"Laura & Maca",2019-07-30,"YOSE8",NA,NA,NA,NA,NA,NA,NA,NA,NA,NA,NA,NA,NA,2019,0.5
"1","4","V",NA,NA,NA,NA,NA,"<1","0.5",1,"0.1",NA,NA,NA,NA,"N","copied x13","Laura & Maca",2019-07-30,"YOSE8",NA,NA,NA,NA,NA,NA,NA,NA,NA,NA,NA,NA,NA,2019,0.5
"1","4","V",NA,NA,NA,NA,NA,"<1","0.5",1,"0.1",NA,NA,NA,NA,"N",NA,"Laura & Maca",2019-07-30,"YOSE8",NA,NA,NA,NA,NA,NA,NA,NA,NA,NA,NA,NA,NA,2019,0.5
"1","4","V",NA,NA,NA,NA,NA,"<1","0.5",1,"0.1",NA,NA,NA,NA,"N",NA,"Laura & Maca",2019-07-30,"YOSE8",NA,NA,NA,NA,NA,NA,NA,NA,NA,NA,NA,NA,NA,2019,0.5
"1","4","V",NA,NA,NA,NA,NA,"<1","0.5",1,"0.1",NA,NA,NA,NA,"N",NA,"Laura & Maca",2019-07-30,"YOSE8",NA,NA,NA,NA,NA,NA,NA,NA,NA,NA,NA,NA,NA,2019,0.5
"1","4","V",NA,NA,NA,NA,NA,"<1","0.5",1,"0.1",NA,NA,NA,NA,"N",NA,"Laura & Maca",2019-07-30,"YOSE8",NA,NA,NA,NA,NA,NA,NA,NA,NA,NA,NA,NA,NA,2019,0.5
"1","4","V",NA,NA,NA,NA,NA,"<1","0.5",1,"0.1",NA,NA,NA,NA,"N",NA,"Laura & Maca",2019-07-30,"YOSE8",NA,NA,NA,NA,NA,NA,NA,NA,NA,NA,NA,NA,NA,2019,0.5
"1","4","V",NA,NA,NA,NA,NA,"<1","0.5",1,"0.1",NA,NA,NA,NA,"N",NA,"Laura & Maca",2019-07-30,"YOSE8",NA,NA,NA,NA,NA,NA,NA,NA,NA,NA,NA,NA,NA,2019,0.5
"1","4","V",NA,NA,NA,NA,NA,"<1","0.5",1,"0.1",NA,NA,NA,NA,"N",NA,"Laura & Maca",2019-07-30,"YOSE8",NA,NA,NA,NA,NA,NA,NA,NA,NA,NA,NA,NA,NA,2019,0.5
"1","4","V",NA,NA,NA,NA,NA,"<1","0.5",1,"0.1",NA,NA,NA,NA,"N",NA,"Laura & Maca",2019-07-30,"YOSE8",NA,NA,NA,NA,NA,NA,NA,NA,NA,NA,NA,NA,NA,2019,0.5
"1","4","V",NA,NA,NA,NA,NA,"<1","0.5",1,"0.1",NA,NA,NA,NA,"N",NA,"Laura & Maca",2019-07-30,"YOSE8",NA,NA,NA,NA,NA,NA,NA,NA,NA,NA,NA,NA,NA,2019,0.5
"1","4","V",NA,NA,NA,NA,NA,"<1","0.5",1,"0.1",NA,NA,NA,NA,"N",NA,"Laura & Maca",2019-07-30,"YOSE8",NA,NA,NA,NA,NA,NA,NA,NA,NA,NA,NA,NA,NA,2019,0.5
"1","4","V",NA,NA,NA,NA,NA,"<1","0.5",1,"0.1",NA,NA,NA,NA,"N",NA,"Laura & Maca",2019-07-30,"YOSE8",NA,NA,NA,NA,NA,NA,NA,NA,NA,NA,NA,NA,NA,2019,0.5
"1","4","V",NA,NA,NA,NA,NA,"<1","0.5",1,"0.1",NA,NA,NA,NA,"N",NA,"Laura & Maca",2019-07-30,"YOSE8",NA,NA,NA,NA,NA,NA,NA,NA,NA,NA,NA,NA,NA,2019,0.5
"1","3.5","V",NA,NA,NA,NA,NA,"<1","1.6",2,"0.5",NA,NA,NA,NA,"N",NA,"Laura & Maca",2019-07-30,"YOSE8",NA,NA,NA,NA,NA,NA,NA,NA,NA,NA,NA,NA,NA,2019,0.5
"1","3.5","V",NA,NA,NA,NA,NA,"<1","1.5",1,"0.5",NA,NA,NA,NA,"N",NA,"Laura & Maca",2019-07-30,"YOSE8",NA,NA,NA,NA,NA,NA,NA,NA,NA,NA,NA,NA,NA,2019,0.5
"1","3.5","V",NA,NA,NA,NA,NA,"<1","0.5",1,"0.1",NA,NA,NA,NA,"N","copied x3","Laura & Maca",2019-07-30,"YOSE8",NA,NA,NA,NA,NA,NA,NA,NA,NA,NA,NA,NA,NA,2019,0.5
"1","3.5","V",NA,NA,NA,NA,NA,"<1","0.5",1,"0.1",NA,NA,NA,NA,"N",NA,"Laura & Maca",2019-07-30,"YOSE8",NA,NA,NA,NA,NA,NA,NA,NA,NA,NA,NA,NA,NA,2019,0.5
"1","3.5","V",NA,NA,NA,NA,NA,"<1","0.5",1,"0.1",NA,NA,NA,NA,"N",NA,"Laura & Maca",2019-07-30,"YOSE8",NA,NA,NA,NA,NA,NA,NA,NA,NA,NA,NA,NA,NA,2019,0.5
"1","3","V",NA,NA,NA,NA,NA,"<1","3.0",1,"0.6",NA,NA,NA,NA,"N",NA,"Laura & Maca",2019-07-30,"YOSE8",NA,NA,NA,NA,NA,NA,NA,NA,NA,NA,NA,NA,NA,2019,0.5
"1","3","V",NA,NA,NA,NA,NA,"<1","2.5",1,"0.5",NA,NA,NA,NA,"N",NA,"Laura & Maca",2019-07-30,"YOSE8",NA,NA,NA,NA,NA,NA,NA,NA,NA,NA,NA,NA,NA,2019,0.5
"1","3","V",NA,NA,NA,NA,NA,"<1","2.5",1,"0.4",NA,NA,NA,NA,"N",NA,"Laura & Maca",2019-07-30,"YOSE8",NA,NA,NA,NA,NA,NA,NA,NA,NA,NA,NA,NA,NA,2019,0.5
"1","3","V",NA,NA,NA,NA,NA,"<1","2.0",1,"0.5",NA,NA,NA,NA,"N",NA,"Laura & Maca",2019-07-30,"YOSE8",NA,NA,NA,NA,NA,NA,NA,NA,NA,NA,NA,NA,NA,2019,0.5
"1","3","V",NA,NA,NA,NA,NA,"<1","1.8",1,"0.6",NA,NA,NA,NA,"N",NA,"Laura & Maca",2019-07-30,"YOSE8",NA,NA,NA,NA,NA,NA,NA,NA,NA,NA,NA,NA,NA,2019,0.5
"1","3","V",NA,NA,NA,NA,NA,"<1","2.6",1,"0.5",NA,NA,NA,NA,"N",NA,"Laura & Maca",2019-07-30,"YOSE8",NA,NA,NA,NA,NA,NA,NA,NA,NA,NA,NA,NA,NA,2019,0.5
"1","3","V",NA,NA,NA,NA,NA,"<1","3.6",1,"0.5",NA,NA,NA,NA,"N",NA,"Laura & Maca",2019-07-30,"YOSE8",NA,NA,NA,NA,NA,NA,NA,NA,NA,NA,NA,NA,NA,2019,0.5
"1","3","V",NA,NA,NA,NA,NA,"<1","1.0",1,"0.5",NA,NA,NA,NA,"N","copied x11","Laura & Maca",2019-07-30,"YOSE8",NA,NA,NA,NA,NA,NA,NA,NA,NA,NA,NA,NA,NA,2019,0.5
"1","3","V",NA,NA,NA,NA,NA,"<1","1.0",1,"0.5",NA,NA,NA,NA,"N",NA,"Laura & Maca",2019-07-30,"YOSE8",NA,NA,NA,NA,NA,NA,NA,NA,NA,NA,NA,NA,NA,2019,0.5
"1","3","V",NA,NA,NA,NA,NA,"<1","1.0",1,"0.5",NA,NA,NA,NA,"N",NA,"Laura & Maca",2019-07-30,"YOSE8",NA,NA,NA,NA,NA,NA,NA,NA,NA,NA,NA,NA,NA,2019,0.5
"1","3","V",NA,NA,NA,NA,NA,"<1","1.0",1,"0.5",NA,NA,NA,NA,"N",NA,"Laura & Maca",2019-07-30,"YOSE8",NA,NA,NA,NA,NA,NA,NA,NA,NA,NA,NA,NA,NA,2019,0.5
"1","3","V",NA,NA,NA,NA,NA,"<1","1.0",1,"0.5",NA,NA,NA,NA,"N",NA,"Laura & Maca",2019-07-30,"YOSE8",NA,NA,NA,NA,NA,NA,NA,NA,NA,NA,NA,NA,NA,2019,0.5
"1","3","V",NA,NA,NA,NA,NA,"<1","1.0",1,"0.5",NA,NA,NA,NA,"N",NA,"Laura & Maca",2019-07-30,"YOSE8",NA,NA,NA,NA,NA,NA,NA,NA,NA,NA,NA,NA,NA,2019,0.5
"1","3","V",NA,NA,NA,NA,NA,"<1","1.0",1,"0.5",NA,NA,NA,NA,"N",NA,"Laura & Maca",2019-07-30,"YOSE8",NA,NA,NA,NA,NA,NA,NA,NA,NA,NA,NA,NA,NA,2019,0.5
"1","3","V",NA,NA,NA,NA,NA,"<1","1.0",1,"0.5",NA,NA,NA,NA,"N",NA,"Laura & Maca",2019-07-30,"YOSE8",NA,NA,NA,NA,NA,NA,NA,NA,NA,NA,NA,NA,NA,2019,0.5
"1","3","V",NA,NA,NA,NA,NA,"<1","1.0",1,"0.5",NA,NA,NA,NA,"N",NA,"Laura & Maca",2019-07-30,"YOSE8",NA,NA,NA,NA,NA,NA,NA,NA,NA,NA,NA,NA,NA,2019,0.5
"1","3","V",NA,NA,NA,NA,NA,"<1","1.0",1,"0.5",NA,NA,NA,NA,"N",NA,"Laura & Maca",2019-07-30,"YOSE8",NA,NA,NA,NA,NA,NA,NA,NA,NA,NA,NA,NA,NA,2019,0.5
"1","3","V",NA,NA,NA,NA,NA,"<1","1.0",1,"0.5",NA,NA,NA,NA,"N",NA,"Laura & Maca",2019-07-30,"YOSE8",NA,NA,NA,NA,NA,NA,NA,NA,NA,NA,NA,NA,NA,2019,0.5
"1","2.5","V",NA,NA,NA,NA,NA,"<1","3.0",1,"1.0",NA,NA,NA,NA,"N",NA,"Laura & Maca",2019-07-30,"YOSE8",NA,NA,NA,NA,NA,NA,NA,NA,NA,NA,NA,NA,NA,2019,0.5
"1","2.5","V",NA,NA,NA,NA,NA,"<1","1.8",1,"0.5",NA,NA,NA,NA,"N",NA,"Laura & Maca",2019-07-30,"YOSE8",NA,NA,NA,NA,NA,NA,NA,NA,NA,NA,NA,NA,NA,2019,0.5
"1","2.5","V",NA,NA,NA,NA,NA,"<1","1.0",1,"0.5",NA,NA,NA,NA,"N","copied x4","Laura & Maca",2019-07-30,"YOSE8",NA,NA,NA,NA,NA,NA,NA,NA,NA,NA,NA,NA,NA,2019,0.5
"1","2.5","V",NA,NA,NA,NA,NA,"<1","1.0",1,"0.5",NA,NA,NA,NA,"N",NA,"Laura & Maca",2019-07-30,"YOSE8",NA,NA,NA,NA,NA,NA,NA,NA,NA,NA,NA,NA,NA,2019,0.5
"1","2.5","V",NA,NA,NA,NA,NA,"<1","1.0",1,"0.5",NA,NA,NA,NA,"N",NA,"Laura & Maca",2019-07-30,"YOSE8",NA,NA,NA,NA,NA,NA,NA,NA,NA,NA,NA,NA,NA,2019,0.5
"1","2.5","V",NA,NA,NA,NA,NA,"<1","1.0",1,"0.5",NA,NA,NA,NA,"N",NA,"Laura & Maca",2019-07-30,"YOSE8",NA,NA,NA,NA,NA,NA,NA,NA,NA,NA,NA,NA,NA,2019,0.5
"2","6","V",NA,NA,NA,NA,NA,"<1","2.0",1,"0.5",NA,NA,NA,NA,"N",NA,"Laura & Maca",2019-07-30,"YOSE8",NA,NA,NA,NA,NA,NA,NA,NA,NA,NA,NA,NA,NA,2019,0.5
"2","6","V",NA,NA,NA,NA,NA,"<1","0.5",1,"0.1",NA,NA,NA,NA,"N","copied x11","Laura & Maca",2019-07-30,"YOSE8",NA,NA,NA,NA,NA,NA,NA,NA,NA,NA,NA,NA,NA,2019,0.5
"2","6","V",NA,NA,NA,NA,NA,"<1","0.5",1,"0.1",NA,NA,NA,NA,"N",NA,"Laura & Maca",2019-07-30,"YOSE8",NA,NA,NA,NA,NA,NA,NA,NA,NA,NA,NA,NA,NA,2019,0.5
"2","6","V",NA,NA,NA,NA,NA,"<1","0.5",1,"0.1",NA,NA,NA,NA,"N",NA,"Laura & Maca",2019-07-30,"YOSE8",NA,NA,NA,NA,NA,NA,NA,NA,NA,NA,NA,NA,NA,2019,0.5
"2","6","V",NA,NA,NA,NA,NA,"<1","0.5",1,"0.1",NA,NA,NA,NA,"N",NA,"Laura & Maca",2019-07-30,"YOSE8",NA,NA,NA,NA,NA,NA,NA,NA,NA,NA,NA,NA,NA,2019,0.5
"2","6","V",NA,NA,NA,NA,NA,"<1","0.5",1,"0.1",NA,NA,NA,NA,"N",NA,"Laura & Maca",2019-07-30,"YOSE8",NA,NA,NA,NA,NA,NA,NA,NA,NA,NA,NA,NA,NA,2019,0.5
"2","6","V",NA,NA,NA,NA,NA,"<1","0.5",1,"0.1",NA,NA,NA,NA,"N",NA,"Laura & Maca",2019-07-30,"YOSE8",NA,NA,NA,NA,NA,NA,NA,NA,NA,NA,NA,NA,NA,2019,0.5
"2","6","V",NA,NA,NA,NA,NA,"<1","0.5",1,"0.1",NA,NA,NA,NA,"N",NA,"Laura & Maca",2019-07-30,"YOSE8",NA,NA,NA,NA,NA,NA,NA,NA,NA,NA,NA,NA,NA,2019,0.5
"2","6","V",NA,NA,NA,NA,NA,"<1","0.5",1,"0.1",NA,NA,NA,NA,"N",NA,"Laura & Maca",2019-07-30,"YOSE8",NA,NA,NA,NA,NA,NA,NA,NA,NA,NA,NA,NA,NA,2019,0.5
"2","6","V",NA,NA,NA,NA,NA,"<1","0.5",1,"0.1",NA,NA,NA,NA,"N",NA,"Laura & Maca",2019-07-30,"YOSE8",NA,NA,NA,NA,NA,NA,NA,NA,NA,NA,NA,NA,NA,2019,0.5
"2","6","V",NA,NA,NA,NA,NA,"<1","0.5",1,"0.1",NA,NA,NA,NA,"N",NA,"Laura & Maca",2019-07-30,"YOSE8",NA,NA,NA,NA,NA,NA,NA,NA,NA,NA,NA,NA,NA,2019,0.5
"2","6","V",NA,NA,NA,NA,NA,"<1","0.5",1,"0.1",NA,NA,NA,NA,"N",NA,"Laura & Maca",2019-07-30,"YOSE8",NA,NA,NA,NA,NA,NA,NA,NA,NA,NA,NA,NA,NA,2019,0.5
"2","6","V",NA,NA,NA,NA,NA,"<1","1.5",1,"0.5",NA,NA,NA,NA,"N",NA,"Laura & Maca",2019-07-30,"YOSE8",NA,NA,NA,NA,NA,NA,NA,NA,NA,NA,NA,NA,NA,2019,0.5
"2","5.5","V",NA,NA,NA,NA,NA,"<1","1.5",1,"1.5",NA,NA,NA,NA,"N",NA,"Laura & Maca",2019-07-30,"YOSE8",NA,NA,NA,NA,NA,NA,NA,NA,NA,NA,NA,NA,NA,2019,0.5
"2","5.5","V",NA,NA,NA,NA,NA,"<1","2.7",1,"0.6",NA,NA,NA,NA,"N",NA,"Laura & Maca",2019-07-30,"YOSE8",NA,NA,NA,NA,NA,NA,NA,NA,NA,NA,NA,NA,NA,2019,0.5
"2","5.5","V",NA,NA,NA,NA,NA,"<1","1.6",1,"0.5",NA,NA,NA,NA,"N",NA,"Laura & Maca",2019-07-30,"YOSE8",NA,NA,NA,NA,NA,NA,NA,NA,NA,NA,NA,NA,NA,2019,0.5
"2","5.5","V",NA,NA,NA,NA,NA,"<1","1.8",1,"0.5",NA,NA,NA,NA,"N",NA,"Laura & Maca",2019-07-30,"YOSE8",NA,NA,NA,NA,NA,NA,NA,NA,NA,NA,NA,NA,NA,2019,0.5
"2","5.5","V",NA,NA,NA,NA,NA,"<1","1.5",1,"0.6",NA,NA,NA,NA,"N",NA,"Laura & Maca",2019-07-30,"YOSE8",NA,NA,NA,NA,NA,NA,NA,NA,NA,NA,NA,NA,NA,2019,0.5
"2","5.5","V",NA,NA,NA,NA,NA,"<1","1.3",1,"0.5",NA,NA,NA,NA,"N",NA,"Laura & Maca",2019-07-30,"YOSE8",NA,NA,NA,NA,NA,NA,NA,NA,NA,NA,NA,NA,NA,2019,0.5
"2","5.5","V",NA,NA,NA,NA,NA,"<1","1.0",1,"0.1",NA,NA,NA,NA,"N","copied x27","Laura & Maca",2019-07-30,"YOSE8",NA,NA,NA,NA,NA,NA,NA,NA,NA,NA,NA,NA,NA,2019,0.5
"2","5.5","V",NA,NA,NA,NA,NA,"<1","1.0",1,"0.1",NA,NA,NA,NA,"N",NA,"Laura & Maca",2019-07-30,"YOSE8",NA,NA,NA,NA,NA,NA,NA,NA,NA,NA,NA,NA,NA,2019,0.5
"2","5.5","V",NA,NA,NA,NA,NA,"<1","1.0",1,"0.1",NA,NA,NA,NA,"N",NA,"Laura & Maca",2019-07-30,"YOSE8",NA,NA,NA,NA,NA,NA,NA,NA,NA,NA,NA,NA,NA,2019,0.5
"2","5.5","V",NA,NA,NA,NA,NA,"<1","1.0",1,"0.1",NA,NA,NA,NA,"N",NA,"Laura & Maca",2019-07-30,"YOSE8",NA,NA,NA,NA,NA,NA,NA,NA,NA,NA,NA,NA,NA,2019,0.5
"2","5.5","V",NA,NA,NA,NA,NA,"<1","1.0",1,"0.1",NA,NA,NA,NA,"N",NA,"Laura & Maca",2019-07-30,"YOSE8",NA,NA,NA,NA,NA,NA,NA,NA,NA,NA,NA,NA,NA,2019,0.5
"2","5.5","V",NA,NA,NA,NA,NA,"<1","1.0",1,"0.1",NA,NA,NA,NA,"N",NA,"Laura & Maca",2019-07-30,"YOSE8",NA,NA,NA,NA,NA,NA,NA,NA,NA,NA,NA,NA,NA,2019,0.5
"2","5.5","V",NA,NA,NA,NA,NA,"<1","1.0",1,"0.1",NA,NA,NA,NA,"N",NA,"Laura & Maca",2019-07-30,"YOSE8",NA,NA,NA,NA,NA,NA,NA,NA,NA,NA,NA,NA,NA,2019,0.5
"2","5.5","V",NA,NA,NA,NA,NA,"<1","1.0",1,"0.1",NA,NA,NA,NA,"N",NA,"Laura & Maca",2019-07-30,"YOSE8",NA,NA,NA,NA,NA,NA,NA,NA,NA,NA,NA,NA,NA,2019,0.5
"2","5.5","V",NA,NA,NA,NA,NA,"<1","1.0",1,"0.1",NA,NA,NA,NA,"N",NA,"Laura & Maca",2019-07-30,"YOSE8",NA,NA,NA,NA,NA,NA,NA,NA,NA,NA,NA,NA,NA,2019,0.5
"2","5.5","V",NA,NA,NA,NA,NA,"<1","1.0",1,"0.1",NA,NA,NA,NA,"N",NA,"Laura & Maca",2019-07-30,"YOSE8",NA,NA,NA,NA,NA,NA,NA,NA,NA,NA,NA,NA,NA,2019,0.5
"2","5.5","V",NA,NA,NA,NA,NA,"<1","1.0",1,"0.1",NA,NA,NA,NA,"N",NA,"Laura & Maca",2019-07-30,"YOSE8",NA,NA,NA,NA,NA,NA,NA,NA,NA,NA,NA,NA,NA,2019,0.5
"2","5.5","V",NA,NA,NA,NA,NA,"<1","1.0",1,"0.1",NA,NA,NA,NA,"N",NA,"Laura & Maca",2019-07-30,"YOSE8",NA,NA,NA,NA,NA,NA,NA,NA,NA,NA,NA,NA,NA,2019,0.5
"2","5.5","V",NA,NA,NA,NA,NA,"<1","1.0",1,"0.1",NA,NA,NA,NA,"N",NA,"Laura & Maca",2019-07-30,"YOSE8",NA,NA,NA,NA,NA,NA,NA,NA,NA,NA,NA,NA,NA,2019,0.5
"2","5.5","V",NA,NA,NA,NA,NA,"<1","1.0",1,"0.1",NA,NA,NA,NA,"N",NA,"Laura & Maca",2019-07-30,"YOSE8",NA,NA,NA,NA,NA,NA,NA,NA,NA,NA,NA,NA,NA,2019,0.5
"2","5.5","V",NA,NA,NA,NA,NA,"<1","1.0",1,"0.1",NA,NA,NA,NA,"N",NA,"Laura & Maca",2019-07-30,"YOSE8",NA,NA,NA,NA,NA,NA,NA,NA,NA,NA,NA,NA,NA,2019,0.5
"2","5.5","V",NA,NA,NA,NA,NA,"<1","1.0",1,"0.1",NA,NA,NA,NA,"N",NA,"Laura & Maca",2019-07-30,"YOSE8",NA,NA,NA,NA,NA,NA,NA,NA,NA,NA,NA,NA,NA,2019,0.5
"2","5.5","V",NA,NA,NA,NA,NA,"<1","1.0",1,"0.1",NA,NA,NA,NA,"N",NA,"Laura & Maca",2019-07-30,"YOSE8",NA,NA,NA,NA,NA,NA,NA,NA,NA,NA,NA,NA,NA,2019,0.5
"2","5.5","V",NA,NA,NA,NA,NA,"<1","1.0",1,"0.1",NA,NA,NA,NA,"N",NA,"Laura & Maca",2019-07-30,"YOSE8",NA,NA,NA,NA,NA,NA,NA,NA,NA,NA,NA,NA,NA,2019,0.5
"2","5.5","V",NA,NA,NA,NA,NA,"<1","1.0",1,"0.1",NA,NA,NA,NA,"N",NA,"Laura & Maca",2019-07-30,"YOSE8",NA,NA,NA,NA,NA,NA,NA,NA,NA,NA,NA,NA,NA,2019,0.5
"2","5.5","V",NA,NA,NA,NA,NA,"<1","1.0",1,"0.1",NA,NA,NA,NA,"N",NA,"Laura & Maca",2019-07-30,"YOSE8",NA,NA,NA,NA,NA,NA,NA,NA,NA,NA,NA,NA,NA,2019,0.5
"2","5.5","V",NA,NA,NA,NA,NA,"<1","1.0",1,"0.1",NA,NA,NA,NA,"N",NA,"Laura & Maca",2019-07-30,"YOSE8",NA,NA,NA,NA,NA,NA,NA,NA,NA,NA,NA,NA,NA,2019,0.5
"2","5.5","V",NA,NA,NA,NA,NA,"<1","1.0",1,"0.1",NA,NA,NA,NA,"N",NA,"Laura & Maca",2019-07-30,"YOSE8",NA,NA,NA,NA,NA,NA,NA,NA,NA,NA,NA,NA,NA,2019,0.5
"2","5.5","V",NA,NA,NA,NA,NA,"<1","1.0",1,"0.1",NA,NA,NA,NA,"N",NA,"Laura & Maca",2019-07-30,"YOSE8",NA,NA,NA,NA,NA,NA,NA,NA,NA,NA,NA,NA,NA,2019,0.5
"2","5.5","V",NA,NA,NA,NA,NA,"<1","1.0",1,"0.1",NA,NA,NA,NA,"N",NA,"Laura & Maca",2019-07-30,"YOSE8",NA,NA,NA,NA,NA,NA,NA,NA,NA,NA,NA,NA,NA,2019,0.5
"2","5.5","V",NA,NA,NA,NA,NA,"<1","1.0",1,"0.1",NA,NA,NA,NA,"N",NA,"Laura & Maca",2019-07-30,"YOSE8",NA,NA,NA,NA,NA,NA,NA,NA,NA,NA,NA,NA,NA,2019,0.5
"2","5.5","V",NA,NA,NA,NA,NA,"<1","1.0",1,"0.1",NA,NA,NA,NA,"N",NA,"Laura & Maca",2019-07-30,"YOSE8",NA,NA,NA,NA,NA,NA,NA,NA,NA,NA,NA,NA,NA,2019,0.5
"2","5.5","V",NA,NA,NA,NA,NA,"<1","1.0",1,"0.1",NA,NA,NA,NA,"N",NA,"Laura & Maca",2019-07-30,"YOSE8",NA,NA,NA,NA,NA,NA,NA,NA,NA,NA,NA,NA,NA,2019,0.5
"2","5","V",NA,NA,NA,NA,NA,"<1","1.6",1,"0.6",NA,NA,NA,NA,"N",NA,"Laura & Maca",2019-07-30,"YOSE8",NA,NA,NA,NA,NA,NA,NA,NA,NA,NA,NA,NA,NA,2019,0.5
"2","5","V",NA,NA,NA,NA,NA,"<1","3.5",1,"1.0",NA,NA,NA,NA,"N",NA,"Laura & Maca",2019-07-30,"YOSE8",NA,NA,NA,NA,NA,NA,NA,NA,NA,NA,NA,NA,NA,2019,0.5
"2","5","V",NA,NA,NA,NA,NA,"<1","1.5",1,"0.5",NA,NA,NA,NA,"N",NA,"Laura & Maca",2019-07-30,"YOSE8",NA,NA,NA,NA,NA,NA,NA,NA,NA,NA,NA,NA,NA,2019,0.5
"2","5","V",NA,NA,NA,NA,NA,"<1","3.2",1,"1.0",NA,NA,NA,NA,"N",NA,"Laura & Maca",2019-07-30,"YOSE8",NA,NA,NA,NA,NA,NA,NA,NA,NA,NA,NA,NA,NA,2019,0.5
"2","5","V",NA,NA,NA,NA,NA,"<1","2.0",1,"0.6",NA,NA,NA,NA,"N",NA,"Laura & Maca",2019-07-30,"YOSE8",NA,NA,NA,NA,NA,NA,NA,NA,NA,NA,NA,NA,NA,2019,0.5
"2","5","V",NA,NA,NA,NA,NA,"<1","1.0",1,"0.6",NA,NA,NA,NA,"N",NA,"Laura & Maca",2019-07-30,"YOSE8",NA,NA,NA,NA,NA,NA,NA,NA,NA,NA,NA,NA,NA,2019,0.5
"2","5","V",NA,NA,NA,NA,NA,"<1","2.0",1,"0.5",NA,NA,NA,NA,"N",NA,"Laura & Maca",2019-07-30,"YOSE8",NA,NA,NA,NA,NA,NA,NA,NA,NA,NA,NA,NA,NA,2019,0.5
"2","5","V",NA,NA,NA,NA,NA,"<1","3.0",1,"0.6",NA,NA,NA,NA,"N",NA,"Laura & Maca",2019-07-30,"YOSE8",NA,NA,NA,NA,NA,NA,NA,NA,NA,NA,NA,NA,NA,2019,0.5
"2","5","V",NA,NA,NA,NA,NA,"<1","2.5",1,"0.5",NA,NA,NA,NA,"N",NA,"Laura & Maca",2019-07-30,"YOSE8",NA,NA,NA,NA,NA,NA,NA,NA,NA,NA,NA,NA,NA,2019,0.5
"2","5","V",NA,NA,NA,NA,NA,"<1","1.0",1,"0.5",NA,NA,NA,NA,"N",NA,"Laura & Maca",2019-07-30,"YOSE8",NA,NA,NA,NA,NA,NA,NA,NA,NA,NA,NA,NA,NA,2019,0.5
"2","5","V",NA,NA,NA,NA,NA,"<1","1.0",1,"0.7",NA,NA,NA,NA,"N",NA,"Laura & Maca",2019-07-30,"YOSE8",NA,NA,NA,NA,NA,NA,NA,NA,NA,NA,NA,NA,NA,2019,0.5
"2","5","V",NA,NA,NA,NA,NA,"<1","1.0",1,"0.1",NA,NA,NA,NA,"N","copied x32","Laura & Maca",2019-07-30,"YOSE8",NA,NA,NA,NA,NA,NA,NA,NA,NA,NA,NA,NA,NA,2019,0.5
"2","5","V",NA,NA,NA,NA,NA,"<1","1.0",1,"0.1",NA,NA,NA,NA,"N",NA,"Laura & Maca",2019-07-30,"YOSE8",NA,NA,NA,NA,NA,NA,NA,NA,NA,NA,NA,NA,NA,2019,0.5
"2","5","V",NA,NA,NA,NA,NA,"<1","1.0",1,"0.1",NA,NA,NA,NA,"N",NA,"Laura & Maca",2019-07-30,"YOSE8",NA,NA,NA,NA,NA,NA,NA,NA,NA,NA,NA,NA,NA,2019,0.5
"2","5","V",NA,NA,NA,NA,NA,"<1","1.0",1,"0.1",NA,NA,NA,NA,"N",NA,"Laura & Maca",2019-07-30,"YOSE8",NA,NA,NA,NA,NA,NA,NA,NA,NA,NA,NA,NA,NA,2019,0.5
"2","5","V",NA,NA,NA,NA,NA,"<1","1.0",1,"0.1",NA,NA,NA,NA,"N",NA,"Laura & Maca",2019-07-30,"YOSE8",NA,NA,NA,NA,NA,NA,NA,NA,NA,NA,NA,NA,NA,2019,0.5
"2","5","V",NA,NA,NA,NA,NA,"<1","1.0",1,"0.1",NA,NA,NA,NA,"N",NA,"Laura & Maca",2019-07-30,"YOSE8",NA,NA,NA,NA,NA,NA,NA,NA,NA,NA,NA,NA,NA,2019,0.5
"2","5","V",NA,NA,NA,NA,NA,"<1","1.0",1,"0.1",NA,NA,NA,NA,"N",NA,"Laura & Maca",2019-07-30,"YOSE8",NA,NA,NA,NA,NA,NA,NA,NA,NA,NA,NA,NA,NA,2019,0.5
"2","5","V",NA,NA,NA,NA,NA,"<1","1.0",1,"0.1",NA,NA,NA,NA,"N",NA,"Laura & Maca",2019-07-30,"YOSE8",NA,NA,NA,NA,NA,NA,NA,NA,NA,NA,NA,NA,NA,2019,0.5
"2","5","V",NA,NA,NA,NA,NA,"<1","1.0",1,"0.1",NA,NA,NA,NA,"N",NA,"Laura & Maca",2019-07-30,"YOSE8",NA,NA,NA,NA,NA,NA,NA,NA,NA,NA,NA,NA,NA,2019,0.5
"2","5","V",NA,NA,NA,NA,NA,"<1","1.0",1,"0.1",NA,NA,NA,NA,"N",NA,"Laura & Maca",2019-07-30,"YOSE8",NA,NA,NA,NA,NA,NA,NA,NA,NA,NA,NA,NA,NA,2019,0.5
"2","5","V",NA,NA,NA,NA,NA,"<1","1.0",1,"0.1",NA,NA,NA,NA,"N",NA,"Laura & Maca",2019-07-30,"YOSE8",NA,NA,NA,NA,NA,NA,NA,NA,NA,NA,NA,NA,NA,2019,0.5
"2","5","V",NA,NA,NA,NA,NA,"<1","1.0",1,"0.1",NA,NA,NA,NA,"N",NA,"Laura & Maca",2019-07-30,"YOSE8",NA,NA,NA,NA,NA,NA,NA,NA,NA,NA,NA,NA,NA,2019,0.5
"2","5","V",NA,NA,NA,NA,NA,"<1","1.0",1,"0.1",NA,NA,NA,NA,"N",NA,"Laura & Maca",2019-07-30,"YOSE8",NA,NA,NA,NA,NA,NA,NA,NA,NA,NA,NA,NA,NA,2019,0.5
"2","5","V",NA,NA,NA,NA,NA,"<1","1.0",1,"0.1",NA,NA,NA,NA,"N",NA,"Laura & Maca",2019-07-30,"YOSE8",NA,NA,NA,NA,NA,NA,NA,NA,NA,NA,NA,NA,NA,2019,0.5
"2","5","V",NA,NA,NA,NA,NA,"<1","1.0",1,"0.1",NA,NA,NA,NA,"N",NA,"Laura & Maca",2019-07-30,"YOSE8",NA,NA,NA,NA,NA,NA,NA,NA,NA,NA,NA,NA,NA,2019,0.5
"2","5","V",NA,NA,NA,NA,NA,"<1","1.0",1,"0.1",NA,NA,NA,NA,"N",NA,"Laura & Maca",2019-07-30,"YOSE8",NA,NA,NA,NA,NA,NA,NA,NA,NA,NA,NA,NA,NA,2019,0.5
"2","5","V",NA,NA,NA,NA,NA,"<1","1.0",1,"0.1",NA,NA,NA,NA,"N",NA,"Laura & Maca",2019-07-30,"YOSE8",NA,NA,NA,NA,NA,NA,NA,NA,NA,NA,NA,NA,NA,2019,0.5
"2","5","V",NA,NA,NA,NA,NA,"<1","1.0",1,"0.1",NA,NA,NA,NA,"N",NA,"Laura & Maca",2019-07-30,"YOSE8",NA,NA,NA,NA,NA,NA,NA,NA,NA,NA,NA,NA,NA,2019,0.5
"2","5","V",NA,NA,NA,NA,NA,"<1","1.0",1,"0.1",NA,NA,NA,NA,"N",NA,"Laura & Maca",2019-07-30,"YOSE8",NA,NA,NA,NA,NA,NA,NA,NA,NA,NA,NA,NA,NA,2019,0.5
"2","5","V",NA,NA,NA,NA,NA,"<1","1.0",1,"0.1",NA,NA,NA,NA,"N",NA,"Laura & Maca",2019-07-30,"YOSE8",NA,NA,NA,NA,NA,NA,NA,NA,NA,NA,NA,NA,NA,2019,0.5
"2","5","V",NA,NA,NA,NA,NA,"<1","1.0",1,"0.1",NA,NA,NA,NA,"N",NA,"Laura & Maca",2019-07-30,"YOSE8",NA,NA,NA,NA,NA,NA,NA,NA,NA,NA,NA,NA,NA,2019,0.5
"2","5","V",NA,NA,NA,NA,NA,"<1","1.0",1,"0.1",NA,NA,NA,NA,"N",NA,"Laura & Maca",2019-07-30,"YOSE8",NA,NA,NA,NA,NA,NA,NA,NA,NA,NA,NA,NA,NA,2019,0.5
"2","5","V",NA,NA,NA,NA,NA,"<1","1.0",1,"0.1",NA,NA,NA,NA,"N",NA,"Laura & Maca",2019-07-30,"YOSE8",NA,NA,NA,NA,NA,NA,NA,NA,NA,NA,NA,NA,NA,2019,0.5
"2","5","V",NA,NA,NA,NA,NA,"<1","1.0",1,"0.1",NA,NA,NA,NA,"N",NA,"Laura & Maca",2019-07-30,"YOSE8",NA,NA,NA,NA,NA,NA,NA,NA,NA,NA,NA,NA,NA,2019,0.5
"2","5","V",NA,NA,NA,NA,NA,"<1","1.0",1,"0.1",NA,NA,NA,NA,"N",NA,"Laura & Maca",2019-07-30,"YOSE8",NA,NA,NA,NA,NA,NA,NA,NA,NA,NA,NA,NA,NA,2019,0.5
"2","5","V",NA,NA,NA,NA,NA,"<1","1.0",1,"0.1",NA,NA,NA,NA,"N",NA,"Laura & Maca",2019-07-30,"YOSE8",NA,NA,NA,NA,NA,NA,NA,NA,NA,NA,NA,NA,NA,2019,0.5
"2","5","V",NA,NA,NA,NA,NA,"<1","1.0",1,"0.1",NA,NA,NA,NA,"N",NA,"Laura & Maca",2019-07-30,"YOSE8",NA,NA,NA,NA,NA,NA,NA,NA,NA,NA,NA,NA,NA,2019,0.5
"2","5","V",NA,NA,NA,NA,NA,"<1","1.0",1,"0.1",NA,NA,NA,NA,"N",NA,"Laura & Maca",2019-07-30,"YOSE8",NA,NA,NA,NA,NA,NA,NA,NA,NA,NA,NA,NA,NA,2019,0.5
"2","5","V",NA,NA,NA,NA,NA,"<1","1.0",1,"0.1",NA,NA,NA,NA,"N",NA,"Laura & Maca",2019-07-30,"YOSE8",NA,NA,NA,NA,NA,NA,NA,NA,NA,NA,NA,NA,NA,2019,0.5
"2","5","V",NA,NA,NA,NA,NA,"<1","1.0",1,"0.1",NA,NA,NA,NA,"N",NA,"Laura & Maca",2019-07-30,"YOSE8",NA,NA,NA,NA,NA,NA,NA,NA,NA,NA,NA,NA,NA,2019,0.5
"2","5","V",NA,NA,NA,NA,NA,"<1","1.0",1,"0.1",NA,NA,NA,NA,"N",NA,"Laura & Maca",2019-07-30,"YOSE8",NA,NA,NA,NA,NA,NA,NA,NA,NA,NA,NA,NA,NA,2019,0.5
"2","5","V",NA,NA,NA,NA,NA,"<1","1.0",1,"0.1",NA,NA,NA,NA,"N",NA,"Laura & Maca",2019-07-30,"YOSE8",NA,NA,NA,NA,NA,NA,NA,NA,NA,NA,NA,NA,NA,2019,0.5
"2","4.5","V",NA,NA,NA,NA,NA,"<1","2.0",1,"0.9",NA,NA,NA,NA,"N",NA,"Laura & Maca",2019-07-30,"YOSE8",NA,NA,NA,NA,NA,NA,NA,NA,NA,NA,NA,NA,NA,2019,0.5
"2","4.5","V",NA,NA,NA,NA,NA,"<1","1.0",1,"0.9",NA,NA,NA,NA,"N",NA,"Laura & Maca",2019-07-30,"YOSE8",NA,NA,NA,NA,NA,NA,NA,NA,NA,NA,NA,NA,NA,2019,0.5
"2","4.5","V",NA,NA,NA,NA,NA,"<1","0.4",1,"0.3",NA,NA,NA,NA,"N",NA,"Laura & Maca",2019-07-30,"YOSE8",NA,NA,NA,NA,NA,NA,NA,NA,NA,NA,NA,NA,NA,2019,0.5
"2","4.5","V",NA,NA,NA,NA,NA,"<1","2.0",1,"1.0",NA,NA,NA,NA,"N",NA,"Laura & Maca",2019-07-30,"YOSE8",NA,NA,NA,NA,NA,NA,NA,NA,NA,NA,NA,NA,NA,2019,0.5
"2","4.5","V",NA,NA,NA,NA,NA,"<1","2.5",1,"0.9",NA,NA,NA,NA,"N",NA,"Laura & Maca",2019-07-30,"YOSE8",NA,NA,NA,NA,NA,NA,NA,NA,NA,NA,NA,NA,NA,2019,0.5
"2","4.5","V",NA,NA,NA,NA,NA,"<1","2.5",1,"1.2",NA,NA,NA,NA,"N",NA,"Laura & Maca",2019-07-30,"YOSE8",NA,NA,NA,NA,NA,NA,NA,NA,NA,NA,NA,NA,NA,2019,0.5
"2","4.5","V",NA,NA,NA,NA,NA,"<1","2.7",1,"1.0",NA,NA,NA,NA,"N",NA,"Laura & Maca",2019-07-30,"YOSE8",NA,NA,NA,NA,NA,NA,NA,NA,NA,NA,NA,NA,NA,2019,0.5
"2","4.5","V",NA,NA,NA,NA,NA,"<1","2.9",1,"0.6",NA,NA,NA,NA,"N",NA,"Laura & Maca",2019-07-30,"YOSE8",NA,NA,NA,NA,NA,NA,NA,NA,NA,NA,NA,NA,NA,2019,0.5
"2","0","V",NA,NA,NA,NA,NA,"<1","5.1",1,"1.2",NA,NA,NA,NA,"N",NA,"Maya & Eva",2019-07-30,"YOSE8",NA,NA,NA,NA,NA,NA,NA,NA,NA,NA,NA,NA,NA,2019,0.5
"2","0","V",NA,NA,NA,NA,NA,"<1","3.1",1,"1.3",NA,NA,NA,NA,"N",NA,"Maya & Eva",2019-07-30,"YOSE8",NA,NA,NA,NA,NA,NA,NA,NA,NA,NA,NA,NA,NA,2019,0.5
"2","0","V",30,3,"0.0",NA,NA,"1.15","2.1",3,"1.0",NA,NA,NA,NA,"Y",NA,"Maya & Eva",2019-07-30,"YOSE8",NA,NA,NA,NA,NA,NA,NA,NA,NA,NA,NA,NA,NA,2019,1.15
"2","0","V",NA,NA,NA,NA,NA,"<1","1.0",1,"0.6",NA,NA,NA,NA,"N",NA,"Maya & Eva",2019-07-30,"YOSE8",NA,NA,NA,NA,NA,NA,NA,NA,NA,NA,NA,NA,NA,2019,0.5
"2","0","V",NA,NA,NA,NA,NA,"<1","0.5",1,"0.2",NA,NA,NA,NA,"N",NA,"Maya & Eva",2019-07-30,"YOSE8",NA,NA,NA,NA,NA,NA,NA,NA,NA,NA,NA,NA,NA,2019,0.5
"2","0","V",29,7,"73.0",NA,NA,"1.36","1.3",3,"0.7",NA,NA,NA,NA,"Y",NA,"Maya & Eva",2019-07-30,"YOSE8",NA,NA,NA,NA,NA,NA,NA,NA,NA,NA,NA,NA,NA,2019,1.36
"2","0","V",NA,NA,NA,NA,NA,"<1","2.0",1,"0.5",NA,NA,NA,NA,"N",NA,"Maya & Eva",2019-07-30,"YOSE8",NA,NA,NA,NA,NA,NA,NA,NA,NA,NA,NA,NA,NA,2019,0.5
"2","0","V",NA,NA,NA,NA,NA,"<1","2.7",1,"1.1",NA,NA,NA,NA,"N",NA,"Maya & Eva",2019-07-30,"YOSE8",NA,NA,NA,NA,NA,NA,NA,NA,NA,NA,NA,NA,NA,2019,0.5
"2","0","V",NA,NA,NA,NA,NA,"<1","2.8",1,"1.1",NA,NA,NA,NA,"N",NA,"Maya & Eva",2019-07-30,"YOSE8",NA,NA,NA,NA,NA,NA,NA,NA,NA,NA,NA,NA,NA,2019,0.5
"2","0","V",NA,NA,NA,NA,NA,"<1","1.4",1,"0.6",NA,NA,NA,NA,"N",NA,"Maya & Eva",2019-07-30,"YOSE8",NA,NA,NA,NA,NA,NA,NA,NA,NA,NA,NA,NA,NA,2019,0.5
"2","0","V",NA,NA,NA,NA,NA,"<1","1.8",1,"0.4",NA,NA,NA,NA,"N",NA,"Maya & Eva",2019-07-30,"YOSE8",NA,NA,NA,NA,NA,NA,NA,NA,NA,NA,NA,NA,NA,2019,0.5
"2","0","V",NA,NA,NA,NA,NA,"<1","1.5",1,"0.3",NA,NA,NA,NA,"N",NA,"Maya & Eva",2019-07-30,"YOSE8",NA,NA,NA,NA,NA,NA,NA,NA,NA,NA,NA,NA,NA,2019,0.5
"2","0","V",NA,NA,NA,NA,NA,"<1","1.8",1,"0.5",NA,NA,NA,NA,"N",NA,"Maya & Eva",2019-07-30,"YOSE8",NA,NA,NA,NA,NA,NA,NA,NA,NA,NA,NA,NA,NA,2019,0.5
"2","0","V",NA,NA,NA,NA,NA,"<1","1.1",1,"0.4",NA,NA,NA,NA,"N",NA,"Maya & Eva",2019-07-30,"YOSE8",NA,NA,NA,NA,NA,NA,NA,NA,NA,NA,NA,NA,NA,2019,0.5
"2","0","V",NA,NA,NA,NA,NA,"<1","1.1",1,"0.4",NA,NA,NA,NA,"N",NA,"Maya & Eva",2019-07-30,"YOSE8",NA,NA,NA,NA,NA,NA,NA,NA,NA,NA,NA,NA,NA,2019,0.5
"2","0","V",NA,NA,NA,NA,NA,"<1","3.5",1,"1.1",NA,NA,NA,NA,"N",NA,"Maya & Eva",2019-07-30,"YOSE8",NA,NA,NA,NA,NA,NA,NA,NA,NA,NA,NA,NA,NA,2019,0.5
"2","0","V",NA,NA,NA,NA,NA,"<1","2.1",1,"0.6",NA,NA,NA,NA,"N",NA,"Maya & Eva",2019-07-30,"YOSE8",NA,NA,NA,NA,NA,NA,NA,NA,NA,NA,NA,NA,NA,2019,0.5
"2","0.5","V",NA,NA,NA,NA,NA,"<1","2.0",1,"0.4",NA,NA,NA,NA,"N",NA,"Maya & Eva",2019-07-30,"YOSE8",NA,NA,NA,NA,NA,NA,NA,NA,NA,NA,NA,NA,NA,2019,0.5
"2","0.5","V",NA,NA,NA,NA,NA,"<1","1.9",1,"0.6",NA,NA,NA,NA,"N",NA,"Maya & Eva",2019-07-30,"YOSE8",NA,NA,NA,NA,NA,NA,NA,NA,NA,NA,NA,NA,NA,2019,0.5
"2","0.5","V",NA,NA,NA,NA,NA,"<1","3.1",1,"0.7",NA,NA,NA,NA,"N",NA,"Maya & Eva",2019-07-30,"YOSE8",NA,NA,NA,NA,NA,NA,NA,NA,NA,NA,NA,NA,NA,2019,0.5
"2","0.5","V",NA,NA,NA,NA,NA,"<1","2.2",1,"0.5",NA,NA,NA,NA,"N",NA,"Maya & Eva",2019-07-30,"YOSE8",NA,NA,NA,NA,NA,NA,NA,NA,NA,NA,NA,NA,NA,2019,0.5
"2","0.5","V",NA,NA,NA,NA,NA,"<1","1.6",1,"0.5",NA,NA,NA,NA,"N",NA,"Maya & Eva",2019-07-30,"YOSE8",NA,NA,NA,NA,NA,NA,NA,NA,NA,NA,NA,NA,NA,2019,0.5
"2","0.5","V",NA,NA,NA,NA,NA,"<1","3.3",1,"0.6",NA,NA,NA,NA,"N",NA,"Maya & Eva",2019-07-30,"YOSE8",NA,NA,NA,NA,NA,NA,NA,NA,NA,NA,NA,NA,NA,2019,0.5
"2","0.5","V",NA,NA,NA,NA,NA,"<1","2.5",1,"1.0",NA,NA,NA,NA,"N",NA,"Maya & Eva",2019-07-30,"YOSE8",NA,NA,NA,NA,NA,NA,NA,NA,NA,NA,NA,NA,NA,2019,0.5
"2","0.5","V",NA,NA,NA,NA,NA,"<1","3.1",1,"0.5",NA,NA,NA,NA,"N",NA,"Maya & Eva",2019-07-30,"YOSE8",NA,NA,NA,NA,NA,NA,NA,NA,NA,NA,NA,NA,NA,2019,0.5
"2","1","V",NA,NA,NA,NA,NA,"<1","1.3",1,"0.4",NA,NA,NA,NA,"N",NA,"Maya & Eva",2019-07-30,"YOSE8",NA,NA,NA,NA,NA,NA,NA,NA,NA,NA,NA,NA,NA,2019,0.5
"2","1","V",NA,NA,NA,NA,NA,"<1","2.6",1,"0.6",NA,NA,NA,NA,"N",NA,"Maya & Eva",2019-07-30,"YOSE8",NA,NA,NA,NA,NA,NA,NA,NA,NA,NA,NA,NA,NA,2019,0.5
"2","1","V",NA,NA,NA,NA,NA,"<1","2.2",1,"0.4",NA,NA,NA,NA,"N",NA,"Maya & Eva",2019-07-30,"YOSE8",NA,NA,NA,NA,NA,NA,NA,NA,NA,NA,NA,NA,NA,2019,0.5
"2","1","V",NA,NA,NA,NA,NA,"<1","1.4",1,"0.3",NA,NA,NA,NA,"N",NA,"Maya & Eva",2019-07-30,"YOSE8",NA,NA,NA,NA,NA,NA,NA,NA,NA,NA,NA,NA,NA,2019,0.5
"2","1","V",NA,NA,NA,NA,NA,"<1","0.6",1,"0.2",NA,NA,NA,NA,"N",NA,"Maya & Eva",2019-07-30,"YOSE8",NA,NA,NA,NA,NA,NA,NA,NA,NA,NA,NA,NA,NA,2019,0.5
"2","1","V",NA,NA,NA,NA,NA,"<1","1.0",1,"0.3",NA,NA,NA,NA,"N",NA,"Maya & Eva",2019-07-30,"YOSE8",NA,NA,NA,NA,NA,NA,NA,NA,NA,NA,NA,NA,NA,2019,0.5
"2","1.5","V",NA,NA,NA,NA,NA,"<1","0.5",1,"0.2",NA,NA,NA,NA,"N",NA,"Maya & Eva",2019-07-30,"YOSE8",NA,NA,NA,NA,NA,NA,NA,NA,NA,NA,NA,NA,NA,2019,0.5
"2","1.5","V",NA,NA,NA,NA,NA,"<1","1.6",1,"0.4",NA,NA,NA,NA,"N",NA,"Maya & Eva",2019-07-30,"YOSE8",NA,NA,NA,NA,NA,NA,NA,NA,NA,NA,NA,NA,NA,2019,0.5
"2","1.5","V",NA,NA,NA,NA,NA,"<1","1.2",1,"0.3",NA,NA,NA,NA,"N",NA,"Maya & Eva",2019-07-30,"YOSE8",NA,NA,NA,NA,NA,NA,NA,NA,NA,NA,NA,NA,NA,2019,0.5
"2","1.5","V",NA,NA,NA,NA,NA,"<1","1.9",1,"0.6",NA,NA,NA,NA,"N",NA,"Maya & Eva",2019-07-30,"YOSE8",NA,NA,NA,NA,NA,NA,NA,NA,NA,NA,NA,NA,NA,2019,0.5
"2","2",NA,NA,NA,NA,NA,NA,NA,NA,NA,NA,NA,NA,NA,NA,NA,"no plants","Maya & Eva",2019-07-30,"YOSE8",NA,NA,NA,NA,NA,NA,NA,NA,NA,NA,NA,NA,NA,2019,NA
"2","2.5","V",NA,NA,NA,NA,NA,"<1","2.6",1,"0.5",NA,NA,NA,NA,"N",NA,"Maya & Eva",2019-07-30,"YOSE8",NA,NA,NA,NA,NA,NA,NA,NA,NA,NA,NA,NA,NA,2019,0.5
"2","2.5","V",NA,NA,NA,NA,NA,"<1","1.1",1,"0.3",NA,NA,NA,NA,"N",NA,"Maya & Eva",2019-07-30,"YOSE8",NA,NA,NA,NA,NA,NA,NA,NA,NA,NA,NA,NA,NA,2019,0.5
"2","2.5","V",NA,NA,NA,NA,NA,"<1","0.6",1,"0.3",NA,NA,NA,NA,"N",NA,"Maya & Eva",2019-07-30,"YOSE8",NA,NA,NA,NA,NA,NA,NA,NA,NA,NA,NA,NA,NA,2019,0.5
"2","2.5","V",NA,NA,NA,NA,NA,"<1","1.1",1,"0.3",NA,NA,NA,NA,"N",NA,"Maya & Eva",2019-07-30,"YOSE8",NA,NA,NA,NA,NA,NA,NA,NA,NA,NA,NA,NA,NA,2019,0.5
"2","2.5","V",NA,NA,NA,NA,NA,"<1","1.9",1,"0.4",NA,NA,NA,NA,"N",NA,"Maya & Eva",2019-07-30,"YOSE8",NA,NA,NA,NA,NA,NA,NA,NA,NA,NA,NA,NA,NA,2019,0.5
"2","2.5","V",NA,NA,NA,NA,NA,"<1","1.8",1,"0.6",NA,NA,NA,NA,"N",NA,"Maya & Eva",2019-07-30,"YOSE8",NA,NA,NA,NA,NA,NA,NA,NA,NA,NA,NA,NA,NA,2019,0.5
"2","2.5","V",NA,NA,NA,NA,NA,"<1","1.0",1,"0.4",NA,NA,NA,NA,"N",NA,"Maya & Eva",2019-07-30,"YOSE8",NA,NA,NA,NA,NA,NA,NA,NA,NA,NA,NA,NA,NA,2019,0.5
"2","2.5","V",NA,NA,NA,NA,NA,"<1","1.0",1,"0.4",NA,NA,NA,NA,"N",NA,"Maya & Eva",2019-07-30,"YOSE8",NA,NA,NA,NA,NA,NA,NA,NA,NA,NA,NA,NA,NA,2019,0.5
"2","2.5","V",NA,NA,NA,NA,NA,"<1","2.0",1,"0.5",NA,NA,NA,NA,"N",NA,"Maya & Eva",2019-07-30,"YOSE8",NA,NA,NA,NA,NA,NA,NA,NA,NA,NA,NA,NA,NA,2019,0.5
"2","3","V",NA,NA,NA,NA,NA,"<1","1.1",1,"0.3",NA,NA,NA,NA,"N",NA,"Maya & Eva",2019-07-30,"YOSE8",NA,NA,NA,NA,NA,NA,NA,NA,NA,NA,NA,NA,NA,2019,0.5
"2","3","V",NA,NA,NA,NA,NA,"<1","2.9",1,"0.7",NA,NA,NA,NA,"N",NA,"Maya & Eva",2019-07-30,"YOSE8",NA,NA,NA,NA,NA,NA,NA,NA,NA,NA,NA,NA,NA,2019,0.5
"2","3","V",NA,NA,NA,NA,NA,"<1","2.6",1,"0.4",NA,NA,NA,NA,"N",NA,"Maya & Eva",2019-07-30,"YOSE8",NA,NA,NA,NA,NA,NA,NA,NA,NA,NA,NA,NA,NA,2019,0.5
"2","3","V",NA,NA,NA,NA,NA,"<1","1.5",1,"0.3",NA,NA,NA,NA,"N",NA,"Maya & Eva",2019-07-30,"YOSE8",NA,NA,NA,NA,NA,NA,NA,NA,NA,NA,NA,NA,NA,2019,0.5
"2","3","V",NA,NA,NA,NA,NA,"<1","1.7",1,"0.6",NA,NA,NA,NA,"Y",NA,"Maya & Eva",2019-07-30,"YOSE8",NA,NA,NA,NA,NA,NA,NA,NA,NA,NA,NA,NA,NA,2019,0.5
"2","3","V",NA,NA,NA,NA,NA,"<1","1.1",1,"0.3",NA,NA,NA,NA,"N",NA,"Maya & Eva",2019-07-30,"YOSE8",NA,NA,NA,NA,NA,NA,NA,NA,NA,NA,NA,NA,NA,2019,0.5
"2","3","V",NA,NA,NA,NA,NA,"<1","0.9",1,"0.3",NA,NA,NA,NA,"Y",NA,"Maya & Eva",2019-07-30,"YOSE8",NA,NA,NA,NA,NA,NA,NA,NA,NA,NA,NA,NA,NA,2019,0.5
"2","3","V",NA,NA,NA,NA,NA,"<1","1.4",1,"0.5",NA,NA,NA,NA,"N",NA,"Maya & Eva",2019-07-30,"YOSE8",NA,NA,NA,NA,NA,NA,NA,NA,NA,NA,NA,NA,NA,2019,0.5
"2","3","V",NA,NA,NA,NA,NA,"<1","1.5",1,"0.5",NA,NA,NA,NA,"N",NA,"Maya & Eva",2019-07-30,"YOSE8",NA,NA,NA,NA,NA,NA,NA,NA,NA,NA,NA,NA,NA,2019,0.5
"2","3","V",NA,NA,NA,NA,NA,"<1","0.9",1,"0.5",NA,NA,NA,NA,"N",NA,"Maya & Eva",2019-07-30,"YOSE8",NA,NA,NA,NA,NA,NA,NA,NA,NA,NA,NA,NA,NA,2019,0.5
"2","3","V",NA,NA,NA,NA,NA,"<1","1.5",1,"0.4",NA,NA,NA,NA,"N",NA,"Maya & Eva",2019-07-30,"YOSE8",NA,NA,NA,NA,NA,NA,NA,NA,NA,NA,NA,NA,NA,2019,0.5
"2","3","V",NA,NA,NA,NA,NA,"<1","0.9",1,"0.2",NA,NA,NA,NA,"N",NA,"Maya & Eva",2019-07-30,"YOSE8",NA,NA,NA,NA,NA,NA,NA,NA,NA,NA,NA,NA,NA,2019,0.5
"2","3.5","V",NA,NA,NA,NA,NA,"<1","2.1",1,"0.7",NA,NA,NA,NA,"N",NA,"Maya & Eva",2019-07-30,"YOSE8",NA,NA,NA,NA,NA,NA,NA,NA,NA,NA,NA,NA,NA,2019,0.5
"2","3.5","V",NA,NA,NA,NA,NA,"<1","1.2",1,"0.4",NA,NA,NA,NA,"N",NA,"Maya & Eva",2019-07-30,"YOSE8",NA,NA,NA,NA,NA,NA,NA,NA,NA,NA,NA,NA,NA,2019,0.5
"2","3.5","V",NA,NA,NA,NA,NA,"<1","1.9",1,"0.4",NA,NA,NA,NA,"N",NA,"Maya & Eva",2019-07-30,"YOSE8",NA,NA,NA,NA,NA,NA,NA,NA,NA,NA,NA,NA,NA,2019,0.5
"2","5.5","X",28,17,"green",NA,NA,NA,NA,NA,NA,NA,NA,NA,NA,NA,NA,NA,2020-07-23,"YOSE8","SHS",2021-07-15,NA,NA,NA,NA,NA,NA,NA,NA,NA,NA,NA,2020,NA
"2","6.5","X",10,22,"yellow",NA,NA,NA,NA,NA,NA,NA,NA,NA,NA,NA,NA,NA,2020-07-23,"YOSE8","SHS",2021-07-15,NA,97,NA,NA,NA,NA,NA,NA,NA,NA,NA,2020,NA
"2","6.5","X",29,50,"green",NA,NA,NA,NA,NA,NA,NA,NA,NA,NA,NA,NA,NA,2020-07-23,"YOSE8","SHS",2021-07-15,NA,NA,NA,NA,NA,NA,NA,NA,NA,NA,NA,2020,NA
"2","6.5","X",42,15,"green",NA,NA,NA,NA,NA,NA,NA,NA,NA,NA,NA,NA,NA,2020-07-23,"YOSE8","SHS",2021-07-15,NA,NA,NA,NA,NA,NA,NA,NA,NA,NA,NA,2020,NA
"1","0",NA,50,32,"yellow",NA,NA,NA,NA,NA,NA,NA,NA,NA,NA,NA,NA,NA,2020-07-23,"YOSE8","SHS",2021-07-15,NA,68,NA,NA,NA,NA,NA,NA,NA,NA,NA,2020,NA
"2","0",NA,30,3,"yellow",NA,NA,NA,NA,NA,NA,NA,NA,NA,NA,NA,NA,NA,2020-07-23,"YOSE8","SHS",2021-07-15,NA,0,NA,NA,NA,NA,NA,NA,NA,NA,NA,2020,NA
"2","0",NA,29,7,"yellow",NA,NA,NA,NA,NA,NA,NA,NA,NA,NA,NA,NA,NA,2020-07-23,"YOSE8","SHS",2021-07-15,NA,73,NA,NA,NA,NA,NA,NA,NA,NA,NA,2020,NA
"2","3","V",37,28,"blue",NA,NA,"2.08","2.2",4,"0.6",NA,NA,NA,NA,"no","bluee #177, height is living portion, 2 of total branch dead",NA,2020-07-23,"YOSE8","SHS",2021-07-15,NA,177,NA,NA,NA,NA,NA,NA,NA,NA,NA,2020,2.08
"2","3.5","P",19,5,"yellow",NA,NA,"1.8","23.8",2,NA,"0.0","8.0",5,1,"yes",NA,NA,2020-07-23,"YOSE8","SHS",2021-07-15,NA,52,NA,NA,NA,NA,NA,NA,NA,NA,NA,2020,1.8
"2","3.5",NA,42,41,"yellow",NA,NA,NA,NA,NA,NA,NA,NA,NA,NA,NA,NA,NA,2020-07-23,"YOSE8","SHS",2021-07-15,NA,66,NA,NA,NA,NA,NA,NA,NA,NA,NA,2020,NA
"2","4.5",NA,14,31,"green",NA,NA,NA,NA,NA,NA,NA,NA,NA,NA,NA,NA,NA,2020-07-23,"YOSE8","SHS",2021-07-15,NA,NA,NA,NA,NA,NA,NA,NA,NA,NA,NA,2020,NA
"2","4.5","V",38,29,"green",NA,NA,"1.77","4.5",NA,"1.0",NA,NA,NA,NA,"no","now yellow 69",NA,2020-07-23,"YOSE8","SHS",2021-07-15,NA,69,NA,NA,NA,NA,NA,NA,NA,NA,NA,2020,1.77
"1","0","V",NA,NA,NA,NA,NA,"<1","1.0",1,"0.3",NA,NA,NA,NA,"no",NA,NA,2020-07-23,"YOSE8","SHS",2021-07-15,NA,NA,NA,NA,NA,NA,NA,NA,NA,NA,NA,2020,0.5
"1","0","V",NA,NA,NA,NA,NA,"<1","1.4",1,"0.4",NA,NA,NA,NA,"no",NA,NA,2020-07-23,"YOSE8","SHS",2021-07-15,NA,NA,NA,NA,NA,NA,NA,NA,NA,NA,NA,2020,0.5
"1","0","P",35,25,"blue",NA,NA,"2.05","27.2",3,NA,"0.0","4.0",4.5,1,"no",NA,NA,2020-07-23,"YOSE8","SHS",2021-07-15,NA,676,NA,NA,NA,NA,NA,NA,NA,NA,NA,2020,2.05
"1","0","P",45,37,"blue",NA,NA,"2.01","35.5",2,NA,"1.0","13.0",7.1,2,"no",NA,NA,2020-07-23,"YOSE8","SHS",2021-07-15,NA,69,NA,NA,NA,NA,NA,NA,NA,NA,NA,2020,2.01
"1","0.5","V",2,46,"blue",NA,NA,"1.6","24.6",1,NA,"0.0","10.0",5.8,1,"no",NA,NA,2020-07-23,"YOSE8","SHS",2021-07-15,NA,127,NA,NA,NA,NA,NA,NA,NA,NA,NA,2020,1.6
"1","0.5","V",NA,NA,NA,NA,NA,"<1","1.0",1,"0.3",NA,NA,NA,NA,"no",NA,NA,2020-07-23,"YOSE8","SHS",2021-07-15,NA,NA,NA,NA,NA,NA,NA,NA,NA,NA,NA,2020,0.5
"1","0.5","V",NA,NA,NA,NA,NA,"<1","1.5",1,"0.5",NA,NA,NA,NA,"no",NA,NA,2020-07-23,"YOSE8","SHS",2021-07-15,NA,NA,NA,NA,NA,NA,NA,NA,NA,NA,NA,2020,0.5
"1","0.5","V",NA,NA,NA,NA,NA,"<1","1.0",1,"0.3",NA,NA,NA,NA,"no",NA,NA,2020-07-23,"YOSE8","SHS",2021-07-15,NA,NA,NA,NA,NA,NA,NA,NA,NA,NA,NA,2020,0.5
"1","0.5","V",25,17,"blue",NA,NA,"2.35","4.6",1,"2.0",NA,NA,NA,NA,"no",NA,NA,2020-07-23,"YOSE8","SHS",2021-07-15,NA,59,NA,NA,NA,NA,NA,NA,NA,NA,NA,2020,2.35
"1","1","V",20,20,"blue",NA,NA,"1.2","4.1",1,"1.1",NA,NA,NA,NA,"no",NA,NA,2020-07-23,"YOSE8","SHS",2021-07-15,NA,990,NA,NA,NA,NA,NA,NA,NA,NA,NA,2020,1.2
"1","1","V",NA,NA,NA,NA,NA,"<1","1.0",1,"0.3",NA,NA,NA,NA,"no",NA,NA,2020-07-23,"YOSE8","SHS",2021-07-15,NA,NA,NA,NA,NA,NA,NA,NA,NA,NA,NA,2020,0.5
"1","1","V",NA,NA,NA,NA,NA,"<1","2.1",3,"0.4",NA,NA,NA,NA,"yes",NA,NA,2020-07-23,"YOSE8","SHS",2021-07-15,NA,NA,NA,NA,NA,NA,NA,NA,NA,NA,NA,2020,0.5
"1","1.5","V",NA,NA,NA,NA,NA,"<1","5.6",1,"1.2",NA,NA,NA,NA,"no",NA,NA,2020-07-23,"YOSE8","SHS",2021-07-15,NA,NA,NA,NA,NA,NA,NA,NA,NA,NA,NA,2020,0.5
"1","2","V",NA,NA,NA,NA,NA,"<1","0.8",1,"0.3",NA,NA,NA,NA,"no",NA,NA,2020-07-23,"YOSE8","SHS",2021-07-15,NA,NA,NA,NA,NA,NA,NA,NA,NA,NA,NA,2020,0.5
"1","2","V",NA,NA,NA,NA,NA,"<1","1.2",1,"0.3",NA,NA,NA,NA,"no",NA,NA,2020-07-23,"YOSE8","SHS",2021-07-15,NA,NA,NA,NA,NA,NA,NA,NA,NA,NA,NA,2020,0.5
"1","2","V",NA,NA,NA,NA,NA,"<1","0.9",1,"0.3",NA,NA,NA,NA,"no",NA,NA,2020-07-23,"YOSE8","SHS",2021-07-15,NA,NA,NA,NA,NA,NA,NA,NA,NA,NA,NA,2020,0.5
"1","2","V",NA,NA,NA,NA,NA,"<1","1.2",1,"0.3",NA,NA,NA,NA,"no",NA,NA,2020-07-23,"YOSE8","SHS",2021-07-15,NA,NA,NA,NA,NA,NA,NA,NA,NA,NA,NA,2020,0.5
"1","2.5","V",NA,NA,NA,NA,NA,"<1","3.0",2,"1.2",NA,NA,NA,NA,"yes",NA,NA,2020-07-23,"YOSE8","SHS",2021-07-15,NA,NA,NA,NA,NA,NA,NA,NA,NA,NA,NA,2020,0.5
"1","2.5","V",NA,NA,NA,NA,NA,"<1","2.1",1,"0.6",NA,NA,NA,NA,"no",NA,NA,2020-07-23,"YOSE8","SHS",2021-07-15,NA,NA,NA,NA,NA,NA,NA,NA,NA,NA,NA,2020,0.5
"1","2.5","V",NA,NA,NA,NA,NA,"<1","2.4",1,"1.0",NA,NA,NA,NA,"no",NA,NA,2020-07-23,"YOSE8","SHS",2021-07-15,NA,NA,NA,NA,NA,NA,NA,NA,NA,NA,NA,2020,0.5
"1","3","V",NA,NA,NA,NA,NA,"<1","1.6",1,"0.6",NA,NA,NA,NA,"no",NA,NA,2020-07-23,"YOSE8","SHS",2021-07-15,NA,NA,NA,NA,NA,NA,NA,NA,NA,NA,NA,2020,0.5
"1","3","V",NA,NA,NA,NA,NA,"<1","1.2",1,"0.4",NA,NA,NA,NA,"no",NA,NA,2020-07-23,"YOSE8","SHS",2021-07-15,NA,NA,NA,NA,NA,NA,NA,NA,NA,NA,NA,2020,0.5
"1","3","V",35,30,"blue",NA,NA,"1.64","2.3",1,"0.6",NA,NA,NA,NA,"no",NA,NA,2020-07-23,"YOSE8","SHS",2021-07-15,NA,45,NA,NA,NA,NA,NA,NA,NA,NA,NA,2020,1.64
"1","3","V",NA,NA,NA,NA,NA,"<1","0.9",1,"0.3",NA,NA,NA,NA,"no",NA,NA,2020-07-23,"YOSE8","SHS",2021-07-15,NA,NA,NA,NA,NA,NA,NA,NA,NA,NA,NA,2020,0.5
"1","3.5","V",7,16,"blue",NA,NA,"1.47","2.2",1,"0.9",NA,NA,NA,NA,"no",NA,NA,2020-07-23,"YOSE8","SHS",2021-07-15,NA,35,NA,NA,NA,NA,NA,NA,NA,NA,NA,2020,1.47
"1","3.5","P",18,19,"blue",NA,NA,"2.06","5.6",4,NA,NA,"1.0",0.9,1,"no",NA,NA,2020-07-23,"YOSE8","SHS",2021-07-15,NA,76,NA,NA,NA,NA,NA,NA,NA,NA,NA,2020,2.06
"1","4","V",NA,NA,NA,NA,NA,"<1","2.9",1,"1.0",NA,NA,NA,NA,"no",NA,NA,2020-07-23,"YOSE8","SHS",2021-07-15,NA,NA,NA,NA,NA,NA,NA,NA,NA,NA,NA,2020,0.5
"1","4","V",NA,NA,NA,NA,NA,"<1","1.8",1,"0.5",NA,NA,NA,NA,"no",NA,NA,2020-07-23,"YOSE8","SHS",2021-07-15,NA,NA,NA,NA,NA,NA,NA,NA,NA,NA,NA,2020,0.5
"1","4","V",NA,NA,NA,NA,NA,"<1","1.7",1,"0.6",NA,NA,NA,NA,"yes",NA,NA,2020-07-23,"YOSE8","SHS",2021-07-15,NA,NA,NA,NA,NA,NA,NA,NA,NA,NA,NA,2020,0.5
"1","4","V",13,5,"blue",NA,NA,"1.58","2.2",3,"0.9",NA,NA,NA,NA,"no",NA,NA,2020-07-23,"YOSE8","SHS",2021-07-15,NA,7,NA,NA,NA,NA,NA,NA,NA,NA,NA,2020,1.58
"1","4","V",NA,NA,NA,NA,NA,"<1","2.2",1,"1.1",NA,NA,NA,NA,"no",NA,NA,2020-07-23,"YOSE8","SHS",2021-07-15,NA,NA,NA,NA,NA,NA,NA,NA,NA,NA,NA,2020,0.5
"1","4","V",NA,NA,NA,NA,NA,"<1","1.5",2,"0.5",NA,NA,NA,NA,"no",NA,NA,2020-07-23,"YOSE8","SHS",2021-07-15,NA,NA,NA,NA,NA,NA,NA,NA,NA,NA,NA,2020,0.5
"1","4","V",NA,NA,NA,NA,NA,"<1","1.5",1,"0.6",NA,NA,NA,NA,"no",NA,NA,2020-07-23,"YOSE8","SHS",2021-07-15,NA,NA,NA,NA,NA,NA,NA,NA,NA,NA,NA,2020,0.5
"1","4","V",NA,NA,NA,NA,NA,"<1","1.9",1,"0.7",NA,NA,NA,NA,"no",NA,NA,2020-07-23,"YOSE8","SHS",2021-07-15,NA,NA,NA,NA,NA,NA,NA,NA,NA,NA,NA,2020,0.5
"1","4","V",NA,NA,NA,NA,NA,"<1","1.2",1,"0.3",NA,NA,NA,NA,"no",NA,NA,2020-07-23,"YOSE8","SHS",2021-07-15,NA,NA,NA,NA,NA,NA,NA,NA,NA,NA,NA,2020,0.5
"1","4","V",NA,NA,NA,NA,NA,"<1","1.0",1,"0.3",NA,NA,NA,NA,"no",NA,NA,2020-07-23,"YOSE8","SHS",2021-07-15,NA,NA,NA,NA,NA,NA,NA,NA,NA,NA,NA,2020,0.5
"1","4","F",NA,NA,NA,NA,NA,"<1","5.5",1,NA,"0.0",NA,NA,NA,"no","flowers are crispy",NA,2020-07-23,"YOSE8","SHS",2021-07-15,NA,NA,NA,NA,NA,NA,NA,NA,NA,NA,NA,2020,0.5
"1","4","V",40,20,"blue",NA,NA,"1.29","4.5",1,"1.5",NA,NA,NA,NA,"no",NA,NA,2020-07-23,"YOSE8","SHS",2021-07-15,NA,3,NA,NA,NA,NA,NA,NA,NA,NA,NA,2020,1.29
"1","4","V",20,25,"blue",NA,NA,"1.78","3.0",2,"1.1",NA,NA,NA,NA,"yes",NA,NA,2020-07-23,"YOSE8","SHS",2021-07-15,NA,27,NA,NA,NA,NA,NA,NA,NA,NA,NA,2020,1.78
"1","4","P",25,41,"blue",NA,NA,"1.74","22.5",2,NA,"0.0","16.0",5.4,2,"no",NA,NA,2020-07-23,"YOSE8","SHS",2021-07-15,NA,91,NA,NA,NA,NA,NA,NA,NA,NA,NA,2020,1.74
"1","4","V",NA,NA,NA,NA,NA,"<1","1.0",1,"0.3",NA,NA,NA,NA,"no","x3",NA,2020-07-23,"YOSE8","SHS",2021-07-15,NA,NA,NA,NA,NA,NA,NA,NA,NA,NA,NA,2020,0.5
"1","4","V",NA,NA,NA,NA,NA,"<1","1.8",1,"0.5",NA,NA,NA,NA,"no",NA,NA,2020-07-23,"YOSE8","SHS",2021-07-15,NA,NA,NA,NA,NA,NA,NA,NA,NA,NA,NA,2020,0.5
"1","4","V",NA,NA,NA,NA,NA,"<1","2.5",1,"0.5",NA,NA,NA,NA,"no",NA,NA,2020-07-23,"YOSE8","SHS",2021-07-15,NA,NA,NA,NA,NA,NA,NA,NA,NA,NA,NA,2020,0.5
"1","4","V",27,40,"blue",NA,NA,"1.21","2.8",3,"0.8",NA,NA,NA,NA,"no",NA,NA,2020-07-23,"YOSE8","SHS",2021-07-15,NA,12,NA,NA,NA,NA,NA,NA,NA,NA,NA,2020,1.21
"2","0","V",NA,NA,NA,NA,NA,"<1","2.7",1,"1.0",NA,NA,NA,NA,"no",NA,NA,2020-07-23,"YOSE8","SHS",2021-07-15,NA,NA,NA,NA,NA,NA,NA,NA,NA,NA,NA,2020,0.5
"2","0","V",NA,NA,NA,NA,NA,"<1","2.5",1,"0.6",NA,NA,NA,NA,"no",NA,NA,2020-07-23,"YOSE8","SHS",2021-07-15,NA,NA,NA,NA,NA,NA,NA,NA,NA,NA,NA,2020,0.5
"2","0","V",NA,NA,NA,NA,NA,"<1","2.0",1,"0.7",NA,NA,NA,NA,"no",NA,NA,2020-07-23,"YOSE8","SHS",2021-07-15,NA,NA,NA,NA,NA,NA,NA,NA,NA,NA,NA,2020,0.5
"2","0","V",NA,NA,NA,NA,NA,"<1","1.5",1,"0.5",NA,NA,NA,NA,"no",NA,NA,2020-07-23,"YOSE8","SHS",2021-07-15,NA,NA,NA,NA,NA,NA,NA,NA,NA,NA,NA,2020,0.5
"1","4.5","P",2,13,"blue",NA,NA,"1.57","22.0",3,NA,"3.0","7.0",6,3,"no",NA,NA,2020-07-23,"YOSE8","SHS",2021-07-15,NA,32,NA,NA,NA,NA,NA,NA,NA,NA,NA,2020,1.57
"1","4.5","P",11,9,"blue",NA,NA,"1.89","19.0",2,NA,"3.0","6.0",6.5,2,"no",NA,NA,2020-07-23,"YOSE8","SHS",2021-07-15,NA,0,NA,NA,NA,NA,NA,NA,NA,NA,NA,2020,1.89
"1","4.5","P",26,5,"blue",NA,NA,"2.71","19.3",8,NA,"7.0","6.0",6.4,6,"no","one branch broken",NA,2020-07-23,"YOSE8","SHS",2021-07-15,NA,68,NA,NA,NA,NA,NA,NA,NA,NA,NA,2020,2.71
"1","4.5",NA,NA,NA,NA,NA,NA,NA,NA,NA,NA,NA,NA,NA,NA,NA,"out of transect",NA,2020-07-23,"YOSE8","SHS",2021-07-15,NA,NA,NA,NA,NA,NA,NA,NA,NA,NA,NA,2020,NA
"1","4.5","P",33,44,"blue",NA,NA,"2.41","28.3",3,NA,"0.0","13.0",4.5,1,"yes",NA,NA,2020-07-23,"YOSE8","SHS",2021-07-15,NA,80,NA,NA,NA,NA,NA,NA,NA,NA,NA,2020,2.41
"1","4.5","V",NA,NA,NA,NA,NA,"<1","3.1",1,"1.0",NA,NA,NA,NA,"no",NA,NA,2020-07-23,"YOSE8","SHS",2021-07-15,NA,NA,NA,NA,NA,NA,NA,NA,NA,NA,NA,2020,0.5
"1","4.5","V",NA,NA,NA,NA,NA,"<1","3.1",1,"0.9",NA,NA,NA,NA,"yes",NA,NA,2020-07-23,"YOSE8","SHS",2021-07-15,NA,NA,NA,NA,NA,NA,NA,NA,NA,NA,NA,2020,0.5
"1","4.5","V",NA,NA,NA,NA,NA,"<1","3.0",1,"0.6",NA,NA,NA,NA,"no",NA,NA,2020-07-23,"YOSE8","SHS",2021-07-15,NA,NA,NA,NA,NA,NA,NA,NA,NA,NA,NA,2020,0.5
"1","4.5","V",NA,NA,NA,NA,NA,"<1","0.6",1,"0.4",NA,NA,NA,NA,"yes","x2",NA,2020-07-23,"YOSE8","SHS",2021-07-15,NA,NA,NA,NA,NA,NA,NA,NA,NA,NA,NA,2020,0.5
"1","4.5","V",7,49,"blue",NA,NA,"1.92","3.1",1,"1.5",NA,NA,NA,NA,"yes",NA,NA,2020-07-23,"YOSE8","SHS",2021-07-15,NA,800,NA,NA,NA,NA,NA,NA,NA,NA,NA,2020,1.92
"1","4.5","V",3,48,"blue",NA,NA,"1.48","7.9",2,"0.8",NA,NA,NA,NA,"no",NA,NA,2020-07-23,"YOSE8","SHS",2021-07-15,NA,880,NA,NA,NA,NA,NA,NA,NA,NA,NA,2020,1.48
"2","6.5","V",NA,NA,NA,NA,NA,"<1","4.5",1,"0.6",NA,NA,NA,NA,"yes",NA,NA,2020-07-23,"YOSE8","SHS",2021-07-15,NA,NA,NA,NA,NA,NA,NA,NA,NA,NA,NA,2020,0.5
"2","6.5","V",NA,NA,NA,NA,NA,"<1","3.4",1,"0.4",NA,NA,NA,NA,"no",NA,NA,2020-07-23,"YOSE8","SHS",2021-07-15,NA,NA,NA,NA,NA,NA,NA,NA,NA,NA,NA,2020,0.5
"2","6.5","V",NA,NA,NA,NA,NA,"<1","4.0",1,"0.9",NA,NA,NA,NA,"yes",NA,NA,2020-07-23,"YOSE8","SHS",2021-07-15,NA,NA,NA,NA,NA,NA,NA,NA,NA,NA,NA,2020,0.5
"2","6","P",0,14,"blue",NA,NA,"1.3","26.2",1,NA,"0.0","5.0",5,1,"no",NA,NA,2020-07-23,"YOSE8","SHS",2021-07-15,NA,767,NA,NA,NA,NA,NA,NA,NA,NA,NA,2020,1.3
"2","5.5","P",15,29,"blue",NA,NA,"1.91","26.0",3,NA,"2.0","5.0",7,3,"yes",NA,NA,2020-07-23,"YOSE8","SHS",2021-07-15,NA,5,NA,NA,NA,NA,NA,NA,NA,NA,NA,2020,1.91
"2","5.5","P",18,29,"blue",NA,NA,"1.02","27.3",1,NA,"0.0","3.0",5.8,1,"yes",NA,NA,2020-07-23,"YOSE8","SHS",2021-07-15,NA,56,NA,NA,NA,NA,NA,NA,NA,NA,NA,2020,1.02
"2","5.5","V",NA,NA,NA,NA,NA,"<1","0.8",1,"0.2",NA,NA,NA,NA,"no","x3",NA,2020-07-23,"YOSE8","SHS",2021-07-15,NA,NA,NA,NA,NA,NA,NA,NA,NA,NA,NA,2020,0.5
"2","5.5","V",NA,NA,NA,NA,NA,"<1","2.2",1,"0.3",NA,NA,NA,NA,"no",NA,NA,2020-07-23,"YOSE8","SHS",2021-07-15,NA,NA,NA,NA,NA,NA,NA,NA,NA,NA,NA,2020,0.5
"2","5.5","V",NA,NA,NA,NA,NA,"<1","1.8",1,"0.2",NA,NA,NA,NA,"no",NA,NA,2020-07-23,"YOSE8","SHS",2021-07-15,NA,NA,NA,NA,NA,NA,NA,NA,NA,NA,NA,2020,0.5
"2","5.5","V",NA,NA,NA,NA,NA,"<1","2.3",1,"0.3",NA,NA,NA,NA,"no",NA,NA,2020-07-23,"YOSE8","SHS",2021-07-15,NA,NA,NA,NA,NA,NA,NA,NA,NA,NA,NA,2020,0.5
"2","5.5","V",NA,NA,NA,NA,NA,"<1","1.5",1,"0.4",NA,NA,NA,NA,"no",NA,NA,2020-07-23,"YOSE8","SHS",2021-07-15,NA,NA,NA,NA,NA,NA,NA,NA,NA,NA,NA,2020,0.5
"2","5.5","V",NA,NA,NA,NA,NA,"<1","2.4",1,"0.7",NA,NA,NA,NA,"yes",NA,NA,2020-07-23,"YOSE8","SHS",2021-07-15,NA,NA,NA,NA,NA,NA,NA,NA,NA,NA,NA,2020,0.5
"2","5.5","V",NA,NA,NA,NA,NA,"<1","2.1",2,"0.5",NA,NA,NA,NA,"yes",NA,NA,2020-07-23,"YOSE8","SHS",2021-07-15,NA,NA,NA,NA,NA,NA,NA,NA,NA,NA,NA,2020,0.5
"2","5.5","V",NA,NA,NA,NA,NA,"<1","2.3",1,"0.4",NA,NA,NA,NA,"no",NA,NA,2020-07-23,"YOSE8","SHS",2021-07-15,NA,NA,NA,NA,NA,NA,NA,NA,NA,NA,NA,2020,0.5
"2","5.5","V",NA,NA,NA,NA,NA,"<1","1.8",1,"0.3",NA,NA,NA,NA,"yes",NA,NA,2020-07-23,"YOSE8","SHS",2021-07-15,NA,NA,NA,NA,NA,NA,NA,NA,NA,NA,NA,2020,0.5
"2","5.5","V",NA,NA,NA,NA,NA,"<1","1.3",1,"0.3",NA,NA,NA,NA,"no","x3",NA,2020-07-23,"YOSE8","SHS",2021-07-15,NA,NA,NA,NA,NA,NA,NA,NA,NA,NA,NA,2020,0.5
"2","5.5","V",NA,NA,NA,NA,NA,"<1","2.0",2,"0.7",NA,NA,NA,NA,"yes",NA,NA,2020-07-23,"YOSE8","SHS",2021-07-15,NA,NA,NA,NA,NA,NA,NA,NA,NA,NA,NA,2020,0.5
"2","5.5","V",NA,NA,NA,NA,NA,"<1","2.6",1,"1.0",NA,NA,NA,NA,"no",NA,NA,2020-07-23,"YOSE8","SHS",2021-07-15,NA,NA,NA,NA,NA,NA,NA,NA,NA,NA,NA,2020,0.5
"2","0","V",NA,NA,NA,NA,NA,"<1","2.8",1,"0.7",NA,NA,NA,NA,"no",NA,NA,2020-07-23,"YOSE8","SHS",2021-07-15,NA,NA,NA,NA,NA,NA,NA,NA,NA,NA,NA,2020,0.5
"2","0","V",NA,NA,NA,NA,NA,"<1","2.1",1,"0.9",NA,NA,NA,NA,"no",NA,NA,2020-07-23,"YOSE8","SHS",2021-07-15,NA,NA,NA,NA,NA,NA,NA,NA,NA,NA,NA,2020,0.5
"2","0","V",NA,NA,NA,NA,NA,"<1","1.5",1,"0.4",NA,NA,NA,NA,"no",NA,NA,2020-07-23,"YOSE8","SHS",2021-07-15,NA,NA,NA,NA,NA,NA,NA,NA,NA,NA,NA,2020,0.5
"2","0","V",NA,NA,NA,NA,NA,"<1","2.6",1,"0.9",NA,NA,NA,NA,"no",NA,NA,2020-07-23,"YOSE8","SHS",2021-07-15,NA,NA,NA,NA,NA,NA,NA,NA,NA,NA,NA,2020,0.5
"2","0","V",42,19,"blue",NA,NA,"2.08","3.5",2,"1.2",NA,NA,NA,NA,"no",NA,NA,2020-07-23,"YOSE8","SHS",2021-07-15,NA,389,NA,NA,NA,NA,NA,NA,NA,NA,NA,2020,2.08
"2","0","V",40,18,"blue",NA,NA,"1.36","3.2",2,"1.1",NA,NA,NA,NA,"no",NA,NA,2020-07-23,"YOSE8","SHS",2021-07-15,NA,10,NA,NA,NA,NA,NA,NA,NA,NA,NA,2020,1.36
"2","0","V",42,23,"blue",NA,NA,"1.1","2.4",2,"1.0",NA,NA,NA,NA,"yes",NA,NA,2020-07-23,"YOSE8","SHS",2021-07-15,NA,61,NA,NA,NA,NA,NA,NA,NA,NA,NA,2020,1.1
"2","0","P",14,10,"blue",NA,NA,"3.01","32.4",6,NA,"0.0","55.0",6.8,6,"no",NA,NA,2020-07-23,"YOSE8","SHS",2021-07-15,NA,8,NA,NA,NA,NA,NA,NA,NA,NA,NA,2020,3.01
"2","0.5","V",3,38,"blue",NA,NA,"1.18","1.5",2,"0.8",NA,NA,NA,NA,"yes",NA,NA,2020-07-23,"YOSE8","SHS",2021-07-15,NA,509,NA,NA,NA,NA,NA,NA,NA,NA,NA,2020,1.18
"2","0.5","V",10,36,"blue",NA,NA,"1.56","1.9",3,"0.9",NA,NA,NA,NA,"no",NA,NA,2020-07-23,"YOSE8","SHS",2021-07-15,NA,123,NA,NA,NA,NA,NA,NA,NA,NA,NA,2020,1.56
"2","0.5","V",NA,NA,NA,NA,NA,"<1","1.5",2,"0.5",NA,NA,NA,NA,"no",NA,NA,2020-07-23,"YOSE8","SHS",2021-07-15,NA,NA,NA,NA,NA,NA,NA,NA,NA,NA,NA,2020,0.5
"2","1","V",NA,NA,NA,NA,NA,"<1","1.1",1,"0.5",NA,NA,NA,NA,"no","x4",NA,2020-07-23,"YOSE8","SHS",2021-07-15,NA,NA,NA,NA,NA,NA,NA,NA,NA,NA,NA,2020,0.5
"2","1","V",30,37,"blue",NA,NA,"1.37","3.9",1,"1.3",NA,NA,NA,NA,"no",NA,NA,2020-07-23,"YOSE8","SHS",2021-07-15,NA,41,NA,NA,NA,NA,NA,NA,NA,NA,NA,2020,1.37
"2","1","V",NA,NA,NA,NA,NA,"<1","2.4",1,"0.8",NA,NA,NA,NA,"no",NA,NA,2020-07-23,"YOSE8","SHS",2021-07-15,NA,NA,NA,NA,NA,NA,NA,NA,NA,NA,NA,2020,0.5
"2","1.5","V",NA,NA,NA,NA,NA,"<1","0.8",1,"0.2",NA,NA,NA,NA,"no",NA,NA,2020-07-23,"YOSE8","SHS",2021-07-15,NA,NA,NA,NA,NA,NA,NA,NA,NA,NA,NA,2020,0.5
"2","1.5","V",NA,NA,NA,NA,NA,"<1","1.0",1,"0.3",NA,NA,NA,NA,"no",NA,NA,2020-07-23,"YOSE8","SHS",2021-07-15,NA,NA,NA,NA,NA,NA,NA,NA,NA,NA,NA,2020,0.5
"2","1.5","V",NA,NA,NA,NA,NA,"<1","1.2",1,"0.4",NA,NA,NA,NA,"no",NA,NA,2020-07-23,"YOSE8","SHS",2021-07-15,NA,NA,NA,NA,NA,NA,NA,NA,NA,NA,NA,2020,0.5
"2","1.5","V",NA,NA,NA,NA,NA,"<1","2.2",1,"0.6",NA,NA,NA,NA,"no",NA,NA,2020-07-23,"YOSE8","SHS",2021-07-15,NA,NA,NA,NA,NA,NA,NA,NA,NA,NA,NA,2020,0.5
"2","2","V",NA,NA,NA,NA,NA,"<1","1.1",1,"0.4",NA,NA,NA,NA,"no",NA,NA,2020-07-23,"YOSE8","SHS",2021-07-15,NA,NA,NA,NA,NA,NA,NA,NA,NA,NA,NA,2020,0.5
"2","2","V",NA,NA,NA,NA,NA,"<1","1.0",1,"0.3",NA,NA,NA,NA,"no",NA,NA,2020-07-23,"YOSE8","SHS",2021-07-15,NA,NA,NA,NA,NA,NA,NA,NA,NA,NA,NA,2020,0.5
"2","2","V",NA,NA,NA,NA,NA,"<1","1.1",1,"0.4",NA,NA,NA,NA,"no",NA,NA,2020-07-23,"YOSE8","SHS",2021-07-15,NA,NA,NA,NA,NA,NA,NA,NA,NA,NA,NA,2020,0.5
"2","2","V",NA,NA,NA,NA,NA,"<1","1.5",1,"0.6",NA,NA,NA,NA,"no",NA,NA,2020-07-23,"YOSE8","SHS",2021-07-15,NA,NA,NA,NA,NA,NA,NA,NA,NA,NA,NA,2020,0.5
"2","2","V",NA,NA,NA,NA,NA,"<1","1.6",2,"0.7",NA,NA,NA,NA,"no",NA,NA,2020-07-23,"YOSE8","SHS",2021-07-15,NA,NA,NA,NA,NA,NA,NA,NA,NA,NA,NA,2020,0.5
"2","2.5","V",NA,NA,NA,NA,NA,"<1","1.4",1,"0.5",NA,NA,NA,NA,"yes",NA,NA,2020-07-23,"YOSE8","SHS",2021-07-15,NA,NA,NA,NA,NA,NA,NA,NA,NA,NA,NA,2020,0.5
"2","2.5","V",NA,NA,NA,NA,NA,"<1","1.0",1,"0.4",NA,NA,NA,NA,"no","x7",NA,2020-07-23,"YOSE8","SHS",2021-07-15,NA,NA,NA,NA,NA,NA,NA,NA,NA,NA,NA,2020,0.5
"2","2.5","V",NA,NA,NA,NA,NA,"<1","2.2",1,"0.4",NA,NA,NA,NA,"yes",NA,NA,2020-07-23,"YOSE8","SHS",2021-07-15,NA,NA,NA,NA,NA,NA,NA,NA,NA,NA,NA,2020,0.5
"2","2.5","V",35,24,"blue",NA,NA,"1.78","3.1",1,"1.1",NA,NA,NA,NA,"yes",NA,NA,2020-07-23,"YOSE8","SHS",2021-07-15,NA,906,NA,NA,NA,NA,NA,NA,NA,NA,NA,2020,1.78
"2","2.5","V",40,42,"blue",NA,NA,"1.13","2.5",2,"0.8",NA,NA,NA,NA,"yes",NA,NA,2020-07-23,"YOSE8","SHS",2021-07-15,NA,35,NA,NA,NA,NA,NA,NA,NA,NA,NA,2020,1.13
"2","3","V",NA,NA,NA,NA,NA,"<1","1.5",1,"0.5",NA,NA,NA,NA,"no","x5",NA,2020-07-23,"YOSE8","SHS",2021-07-15,NA,NA,NA,NA,NA,NA,NA,NA,NA,NA,NA,2020,0.5
"2","3","V",5,3,"blue",NA,NA,"1.19","3.3",2,"1.1",NA,NA,NA,NA,"no",NA,NA,2020-07-23,"YOSE8","SHS",2021-07-15,NA,82,NA,NA,NA,NA,NA,NA,NA,NA,NA,2020,1.19
"2","3","V",NA,NA,NA,NA,NA,"<1","3.0",1,"0.9",NA,NA,NA,NA,"no",NA,NA,2020-07-23,"YOSE8","SHS",2021-07-15,NA,NA,NA,NA,NA,NA,NA,NA,NA,NA,NA,2020,0.5
"2","3","V",15,30,"blue",NA,NA,"1.43","3.0",2,"1.3",NA,NA,NA,NA,"no",NA,NA,2020-07-23,"YOSE8","SHS",2021-07-15,NA,47,NA,NA,NA,NA,NA,NA,NA,NA,NA,2020,1.43
"2","3","V",NA,NA,NA,NA,NA,"<1","1.5",3,"0.5",NA,NA,NA,NA,"no",NA,NA,2020-07-23,"YOSE8","SHS",2021-07-15,NA,NA,NA,NA,NA,NA,NA,NA,NA,NA,NA,2020,0.5
"2","3","V",20,20,"blue",NA,NA,"1.37","2.0",3,"0.9",NA,NA,NA,NA,"no",NA,NA,2020-07-23,"YOSE8","SHS",2021-07-15,NA,19,NA,NA,NA,NA,NA,NA,NA,NA,NA,2020,1.37
"2","3","V",25,36,"blue",NA,NA,"1.12","11.5",2,NA,"0.0","0.0",0,1,"yes","* all repro structures eaten, can't tell phenology",NA,2020-07-23,"YOSE8","SHS",2021-07-15,NA,93,NA,NA,NA,NA,NA,NA,NA,NA,NA,2020,1.12
"2","3","V",NA,NA,"blue",NA,NA,"1.68","2.5",4,"1.2",NA,NA,NA,NA,"yes",NA,NA,2020-07-23,"YOSE8","SHS",2021-07-15,NA,44,NA,NA,NA,NA,NA,NA,NA,NA,NA,2020,1.68
"2","3","P",49,10,"blue",NA,NA,"1.75","15.2",4,NA,"0.0","3.0",4.6,1,"yes",NA,NA,2020-07-23,"YOSE8","SHS",2021-07-15,NA,63,NA,NA,NA,NA,NA,NA,NA,NA,NA,2020,1.75
"2","3.5","V",NA,NA,NA,NA,NA,"<1","1.5",1,"0.5",NA,NA,NA,NA,"no","x6",NA,2020-07-23,"YOSE8","SHS",2021-07-15,NA,NA,NA,NA,NA,NA,NA,NA,NA,NA,NA,2020,0.5
"2","3.5","V",NA,NA,NA,NA,NA,"<1","2.6",2,"0.6",NA,NA,NA,NA,"yes",NA,NA,2020-07-23,"YOSE8","SHS",2021-07-15,NA,NA,NA,NA,NA,NA,NA,NA,NA,NA,NA,2020,0.5
"2","3.5","V",25,38,"blue",NA,NA,"1.39","1.0",3,"0.9",NA,NA,NA,NA,"yes",NA,NA,2020-07-23,"YOSE8","SHS",2021-07-15,NA,760,NA,NA,NA,NA,NA,NA,NA,NA,NA,2020,1.39
"2","3.5","V",35,45,"blue",NA,NA,"1.54","2.6",2,"1.0",NA,NA,NA,NA,"no",NA,NA,2020-07-23,"YOSE8","SHS",2021-07-15,NA,414,NA,NA,NA,NA,NA,NA,NA,NA,NA,2020,1.54
"2","3.5","V",40,35,"blue",NA,NA,"1.3","3.3",1,"0.9",NA,NA,NA,NA,"no",NA,NA,2020-07-23,"YOSE8","SHS",2021-07-15,NA,28,NA,NA,NA,NA,NA,NA,NA,NA,NA,2020,1.3
"2","3.5","V",40,20,"blue",NA,NA,"1.39","1.5",1,"1.0",NA,NA,NA,NA,"yes","heavily herbivorized",NA,2020-07-23,"YOSE8","SHS",2021-07-15,NA,49,NA,NA,NA,NA,NA,NA,NA,NA,NA,2020,1.39
"2","3.5","P",20,14,"blue",NA,NA,"1.9","12.0",4,NA,"0.0","17.0",5.4,3,"no",NA,NA,2020-07-23,"YOSE8","SHS",2021-07-15,NA,67,NA,NA,NA,NA,NA,NA,NA,NA,NA,2020,1.9
"2","4","P",NA,NA,"blue",NA,NA,"1.91","25.4",1,NA,"0.0","2.0",5.2,1,"yes",NA,NA,2020-07-23,"YOSE8","SHS",2021-07-15,NA,785,NA,NA,NA,NA,NA,NA,NA,NA,NA,2020,1.91
"2","4","V",NA,NA,NA,NA,NA,"<1","2.1",1,"0.9",NA,NA,NA,NA,"no","x3",NA,2020-07-23,"YOSE8","SHS",2021-07-15,NA,NA,NA,NA,NA,NA,NA,NA,NA,NA,NA,2020,0.5
"2","4","V",NA,NA,NA,NA,NA,"<1","1.0",1,"0.4",NA,NA,NA,NA,"no",NA,NA,2020-07-23,"YOSE8","SHS",2021-07-15,NA,NA,NA,NA,NA,NA,NA,NA,NA,NA,NA,2020,0.5
"2","4","V",NA,NA,NA,NA,NA,"<1","1.0",1,"0.2",NA,NA,NA,NA,"no",NA,NA,2020-07-23,"YOSE8","SHS",2021-07-15,NA,NA,NA,NA,NA,NA,NA,NA,NA,NA,NA,2020,0.5
"2","4","V",5,5,"blue",NA,NA,"1.27","1.1",4,"0.4",NA,NA,NA,NA,"no",NA,NA,2020-07-23,"YOSE8","SHS",2021-07-15,NA,756,NA,NA,NA,NA,NA,NA,NA,NA,NA,2020,1.27
"2","4","V",NA,NA,NA,NA,NA,"<1","3.0",2,"0.5",NA,NA,NA,NA,"no",NA,NA,2020-07-23,"YOSE8","SHS",2021-07-15,NA,NA,NA,NA,NA,NA,NA,NA,NA,NA,NA,2020,0.5
"2","4","P",15,45,"blue",NA,NA,"1.46","14.8",2,NA,"0.0","8.0",5.2,2,"no",NA,NA,2020-07-23,"YOSE8","SHS",2021-07-15,NA,600,NA,NA,NA,NA,NA,NA,NA,NA,NA,2020,1.46
"2","4","F",NA,NA,NA,NA,NA,"<1","11.4",1,NA,"1.0",NA,NA,1,"yes",NA,NA,2020-07-23,"YOSE8","SHS",2021-07-15,NA,NA,NA,NA,NA,NA,NA,NA,NA,NA,NA,2020,0.5
"2","4","B",NA,NA,"blue",NA,NA,"2.33","14.5",2,NA,"0.0","0.0",NA,1,"no",NA,NA,2020-07-23,"YOSE8","SHS",2021-07-15,NA,49,NA,NA,NA,NA,NA,NA,NA,NA,NA,2020,2.33
"2","4","V",NA,NA,NA,NA,NA,"<1","3.5",2,"0.9",NA,NA,NA,1,"no",NA,NA,2020-07-23,"YOSE8","SHS",2021-07-15,NA,NA,NA,NA,NA,NA,NA,NA,NA,NA,NA,2020,0.5
"2","4","V",25,14,"blue",NA,NA,"1.8","2.9",2,"1.4",NA,NA,NA,NA,"yes",NA,NA,2020-07-23,"YOSE8","SHS",2021-07-15,NA,24,NA,NA,NA,NA,NA,NA,NA,NA,NA,2020,1.8
"2","4","V",NA,NA,NA,NA,NA,"<1","2.3",2,"0.6",NA,NA,NA,NA,"no",NA,NA,2020-07-23,"YOSE8","SHS",2021-07-15,NA,NA,NA,NA,NA,NA,NA,NA,NA,NA,NA,2020,0.5
"2","4","P",NA,NA,NA,NA,NA,"<1","21.1",1,NA,"0.0","4.0",5.6,1,"no",NA,NA,2020-07-23,"YOSE8","SHS",2021-07-15,NA,NA,NA,NA,NA,NA,NA,NA,NA,NA,NA,2020,0.5
"2","4","V",NA,NA,NA,NA,NA,"<1","1.4",3,"0.5",NA,NA,NA,NA,"no",NA,NA,2020-07-23,"YOSE8","SHS",2021-07-15,NA,NA,NA,NA,NA,NA,NA,NA,NA,NA,NA,2020,0.5
"2","4.5","V",NA,NA,NA,NA,NA,"<1","1.1",1,"0.4",NA,NA,NA,NA,"no","x6",NA,2020-07-23,"YOSE8","SHS",2021-07-15,NA,NA,NA,NA,NA,NA,NA,NA,NA,NA,NA,2020,0.5
"2","4.5","V",0,44,"blue",NA,NA,"1.94","2.9",2,"1.5",NA,NA,NA,NA,NA,NA,NA,2020-07-23,"YOSE8","SHS",2021-07-15,NA,4,NA,NA,NA,NA,NA,NA,NA,NA,NA,2020,1.94
"2","4.5","V",0,40,"blue",NA,NA,"1.68","1.8",3,"1.4",NA,NA,NA,NA,"no",NA,NA,2020-07-23,"YOSE8","SHS",2021-07-15,NA,96,NA,NA,NA,NA,NA,NA,NA,NA,NA,2020,1.68
"2","4.5","V",NA,NA,NA,NA,NA,"<1","3.5",1,"0.5",NA,NA,NA,NA,"no",NA,NA,2020-07-23,"YOSE8","SHS",2021-07-15,NA,NA,NA,NA,NA,NA,NA,NA,NA,NA,NA,2020,0.5
"2","4.5","P",NA,NA,NA,NA,NA,"<1","11.5",1,NA,"0.0","4.0",5.6,1,"no",NA,NA,2020-07-23,"YOSE8","SHS",2021-07-15,NA,NA,NA,NA,NA,NA,NA,NA,NA,NA,NA,2020,0.5
"2","4.5","P",10,15,"blue",NA,NA,"1.88","17.9",3,NA,"0.0","2.0",6.1,1,"no",NA,NA,2020-07-23,"YOSE8","SHS",2021-07-15,NA,660,NA,NA,NA,NA,NA,NA,NA,NA,NA,2020,1.88
"2","4.5","P",16,11,"blue",NA,NA,"2.5","16.5",6,NA,"0.0","17.0",5.4,6,"no",NA,NA,2020-07-23,"YOSE8","SHS",2021-07-15,NA,77,NA,NA,NA,NA,NA,NA,NA,NA,NA,2020,2.5
"2","4.5","V",30,25,"blue",NA,NA,"1.68","3.4",2,"1.2",NA,NA,NA,NA,"yes",NA,NA,2020-07-23,"YOSE8","SHS",2021-07-15,NA,65,NA,NA,NA,NA,NA,NA,NA,NA,NA,2020,1.68
"2","4.5","V",40,1,"yellow",NA,NA,"2.06","2.5",2,"1.0",NA,NA,NA,NA,"no",NA,NA,2020-07-23,"YOSE8","SHS",2021-07-15,NA,8,NA,NA,NA,NA,NA,NA,NA,NA,NA,2020,2.06
"2","4.5","P",15,6,"yellow",NA,NA,"1.35","17.1",2,NA,NA,"2.0",5.5,2,"no",NA,NA,2020-07-23,"YOSE8","SHS",2021-07-15,NA,54,NA,NA,NA,NA,NA,NA,NA,NA,NA,2020,1.35
"2","4.5","V",NA,NA,NA,NA,NA,"<1","1.7",1,"0.9",NA,NA,NA,NA,"yes",NA,NA,2020-07-23,"YOSE8","SHS",2021-07-15,NA,NA,NA,NA,NA,NA,NA,NA,NA,NA,NA,2020,0.5
"2","5.5","V",22,24,"blue",NA,NA,"1.36","4.5",1,"1.3",NA,NA,NA,NA,"yes",NA,NA,2020-07-23,"YOSE8","SHS",2021-07-15,NA,60,NA,NA,NA,NA,NA,NA,NA,NA,NA,2020,1.36
"2","5.5","V",NA,NA,NA,NA,NA,"<1","2.2",1,"1.0",NA,NA,NA,NA,"yes",NA,NA,2020-07-23,"YOSE8","SHS",2021-07-15,NA,NA,NA,NA,NA,NA,NA,NA,NA,NA,NA,2020,0.5
"2","5.5","V",12,25,"blue",NA,NA,"1.41","3.5",2,"0.9",NA,NA,NA,NA,"yes",NA,NA,2020-07-23,"YOSE8","SHS",2021-07-15,NA,128,NA,NA,NA,NA,NA,NA,NA,NA,NA,2020,1.41
"2","5.5","V",NA,NA,NA,NA,NA,"<1","2.2",1,"0.5",NA,NA,NA,NA,"yes","x3",NA,2020-07-23,"YOSE8","SHS",2021-07-15,NA,NA,NA,NA,NA,NA,NA,NA,NA,NA,NA,2020,0.5
"2","5.5","V",5,24,"blue",NA,NA,"1.51","4.6",2,"1.5",NA,NA,NA,NA,"yes",NA,NA,2020-07-23,"YOSE8","SHS",2021-07-15,NA,73,NA,NA,NA,NA,NA,NA,NA,NA,NA,2020,1.51
"2","5.5","V",NA,NA,NA,NA,NA,"<1","2.2",1,"0.6",NA,NA,NA,NA,"yes",NA,NA,2020-07-23,"YOSE8","SHS",2021-07-15,NA,NA,NA,NA,NA,NA,NA,NA,NA,NA,NA,2020,0.5
"2","5.5","V",NA,NA,NA,NA,NA,"<1","1.6",1,"0.4",NA,NA,NA,NA,"yes",NA,NA,2020-07-23,"YOSE8","SHS",2021-07-15,NA,NA,NA,NA,NA,NA,NA,NA,NA,NA,NA,2020,0.5
"2","5","P",10,50,"blue",NA,NA,"1.09","11.0",1,NA,"0.0","2.0",3.5,1,"yes",NA,NA,2020-07-23,"YOSE8","SHS",2021-07-15,NA,63,NA,NA,NA,NA,NA,NA,NA,NA,NA,2020,1.09
"2","5","P",0,43,"blue",NA,NA,"2.82","21.0",3,NA,"0.0","9.0",8,2,"yes",NA,NA,2020-07-23,"YOSE8","SHS",2021-07-15,NA,88,NA,NA,NA,NA,NA,NA,NA,NA,NA,2020,2.82
"2","5","P",0,27,"blue",NA,NA,"2.01","14.1",2,NA,"0.0","1.0",0.5,2,"no","heavily herbivorized",NA,2020-07-23,"YOSE8","SHS",2021-07-15,NA,906,NA,NA,NA,NA,NA,NA,NA,NA,NA,2020,2.01
"2","5","P",32,28,"blue",NA,NA,"2.09","25.3",2,NA,"0.0","1.0",4.1,2,"yes",NA,NA,2020-07-23,"YOSE8","SHS",2021-07-15,NA,87,NA,NA,NA,NA,NA,NA,NA,NA,NA,2020,2.09
"2","5","P",10,27,"blue",NA,NA,"1.95","21.0",3,NA,"0.0","2.0",NA,1,"yes","*fruit has been eaten",NA,2020-07-23,"YOSE8","SHS",2021-07-15,NA,1,NA,NA,NA,NA,NA,NA,NA,NA,NA,2020,1.95
"2","5","P",0,20,"blue",NA,NA,"1.4","17.0",1,NA,"0.0","1.0",5.7,1,"yes",NA,NA,2020-07-23,"YOSE8","SHS",2021-07-15,NA,0,NA,NA,NA,NA,NA,NA,NA,NA,NA,2020,1.4
"2","5","P",9,16,"blue",NA,NA,"1.78","16.0",2,NA,"0.0","2.0",6.3,2,"yes",NA,NA,2020-07-23,"YOSE8","SHS",2021-07-15,NA,70,NA,NA,NA,NA,NA,NA,NA,NA,NA,2020,1.78
"2","5","P",1,2,"blue",NA,NA,"1.52","16.5",3,NA,"0.0","0.0",NA,3,"yes","heavily herbivorized",NA,2020-07-23,"YOSE8","SHS",2021-07-15,NA,50,NA,NA,NA,NA,NA,NA,NA,NA,NA,2020,1.52
"2","5","P",25,1,"blue",NA,NA,"1.3","10.0",4,NA,"0.0","0.0",NA,1,"yes","heavily herbivorized",NA,2020-07-23,"YOSE8","SHS",2021-07-15,NA,67,NA,NA,NA,NA,NA,NA,NA,NA,NA,2020,1.3
"2","5","F",32,1,"blue",NA,NA,"1.19","22.1",3,NA,"1.0","0.0",NA,2,"yes","heavily herbivorized",NA,2020-07-23,"YOSE8","SHS",2021-07-15,NA,71,NA,NA,NA,NA,NA,NA,NA,NA,NA,2020,1.19
"2","5","P",35,1,"blue",NA,NA,"1.54","17.0",3,NA,"0.0","7.0",5,2,"yes","broken stem",NA,2020-07-23,"YOSE8","SHS",2021-07-15,NA,58,NA,NA,NA,NA,NA,NA,NA,NA,NA,2020,1.54
"2","5","V",10,46,"blue",NA,NA,"1.06","3.1",1,"0.6",NA,NA,NA,NA,"no",NA,NA,2020-07-23,"YOSE8","SHS",2021-07-15,NA,34,NA,NA,NA,NA,NA,NA,NA,NA,NA,2020,1.06
"2","5","V",NA,NA,"blue",NA,NA,"<1","1.8",2,"0.6",NA,NA,NA,NA,"no",NA,NA,2020-07-23,"YOSE8","SHS",2021-07-15,NA,NA,NA,NA,NA,NA,NA,NA,NA,NA,NA,2020,0.5
"2","5","V",39,36,"blue",NA,NA,"44203.0","3.8",1,"1.2",NA,NA,NA,NA,"no",NA,NA,2020-07-23,"YOSE8","SHS",2021-07-15,NA,80,NA,NA,NA,NA,NA,NA,NA,NA,NA,2020,44203
"2","5","V",30,34,"blue",NA,NA,"1.15","3.0",1,"1.2",NA,NA,NA,NA,"yes",NA,NA,2020-07-23,"YOSE8","SHS",2021-07-15,NA,48,NA,NA,NA,NA,NA,NA,NA,NA,NA,2020,1.15
"2","5","V",NA,NA,"blue",NA,NA,"<1","1.8",1,"0.3",NA,NA,NA,NA,"yes",NA,NA,2020-07-23,"YOSE8","SHS",2021-07-15,NA,NA,NA,NA,NA,NA,NA,NA,NA,NA,NA,2020,0.5
"2","5","V",NA,NA,"blue",NA,NA,"<1","1.1",1,"0.5",NA,NA,NA,NA,"yes",NA,NA,2020-07-23,"YOSE8","SHS",2021-07-15,NA,NA,NA,NA,NA,NA,NA,NA,NA,NA,NA,2020,0.5
"2","5","V",NA,NA,NA,NA,NA,"<1","3.0",2,"1.2",NA,NA,NA,NA,"yes",NA,NA,2020-07-23,"YOSE8","SHS",2021-07-15,NA,NA,NA,NA,NA,NA,NA,NA,NA,NA,NA,2020,0.5
"2","5","V",15,12,"yellow",NA,NA,"2.18","4.3",4,"1.4",NA,NA,NA,NA,"yes",NA,NA,2020-07-23,"YOSE8","SHS",2021-07-15,NA,81,NA,NA,NA,NA,NA,NA,NA,NA,NA,2020,2.18
"2","5","V",NA,NA,NA,NA,NA,"<1","2.1",3,"0.5",NA,NA,NA,NA,"yes",NA,NA,2020-07-23,"YOSE8","SHS",2021-07-15,NA,NA,NA,NA,NA,NA,NA,NA,NA,NA,NA,2020,0.5
"1","0",NA,NA,NA,"yellow",NA,NA,NA,NA,NA,NA,NA,NA,NA,NA,NA,"tag+plant are missing",NA,2021-07-22,"YOSE8","SHS",2021-08-31,NA,68,NA,NA,NA,NA,NA,NA,NA,NA,NA,2021,NA
"1","0","X",NA,NA,"blue",NA,NA,NA,NA,NA,NA,NA,NA,NA,NA,NA,NA,NA,2021-07-22,"YOSE8","SHS",2021-08-31,NA,676,NA,NA,NA,NA,NA,NA,NA,NA,NA,2021,NA
"1","0","X",NA,NA,"blue",NA,NA,NA,NA,NA,NA,NA,NA,NA,NA,NA,NA,NA,2021-07-22,"YOSE8","SHS",2021-08-31,NA,69,NA,NA,NA,NA,NA,NA,NA,NA,NA,2021,NA
"1","0.5","X",NA,NA,"blue",NA,NA,NA,NA,NA,NA,NA,NA,NA,NA,NA,NA,NA,2021-07-22,"YOSE8","SHS",2021-08-31,NA,127,NA,NA,NA,NA,NA,NA,NA,NA,NA,2021,NA
"1","0.5",NA,NA,NA,"blue",NA,NA,NA,NA,NA,NA,NA,NA,NA,NA,NA,"missing",NA,2021-07-22,"YOSE8","SHS",2021-08-31,NA,59,NA,NA,NA,NA,NA,NA,NA,NA,NA,2021,NA
"1","1","X",NA,NA,"blue",NA,NA,NA,NA,NA,NA,NA,NA,NA,NA,NA,NA,NA,2021-07-22,"YOSE8","SHS",2021-08-31,NA,990,NA,NA,NA,NA,NA,NA,NA,NA,NA,2021,NA
"1","3.5","X",NA,NA,"blue",NA,NA,NA,NA,NA,NA,NA,NA,NA,NA,NA,"no 35;found 45",NA,2021-07-22,"YOSE8","SHS",2021-08-31,NA,45,NA,NA,NA,NA,NA,NA,NA,NA,NA,2021,NA
"1","3.5","X",NA,NA,"blue",NA,NA,NA,NA,NA,NA,NA,NA,NA,NA,NA,NA,NA,2021-07-22,"YOSE8","SHS",2021-08-31,NA,76,NA,NA,NA,NA,NA,NA,NA,NA,NA,2021,NA
"1","4","X",NA,NA,"blue",NA,NA,NA,NA,NA,NA,NA,NA,NA,NA,NA,NA,NA,2021-07-22,"YOSE8","SHS",2021-08-31,NA,7,NA,NA,NA,NA,NA,NA,NA,NA,NA,2021,NA
"1","4","X",NA,NA,"blue",NA,NA,NA,NA,NA,NA,NA,NA,NA,NA,NA,NA,NA,2021-07-22,"YOSE8","SHS",2021-08-31,NA,3,NA,NA,NA,NA,NA,NA,NA,NA,NA,2021,NA
"1","4","X",NA,NA,"blue",NA,NA,NA,NA,NA,NA,NA,NA,NA,NA,NA,NA,NA,2021-07-22,"YOSE8","SHS",2021-08-31,NA,27,NA,NA,NA,NA,NA,NA,NA,NA,NA,2021,NA
"1","4","X",NA,NA,"blue",NA,NA,NA,NA,NA,NA,NA,NA,NA,NA,NA,NA,NA,2021-07-22,"YOSE8","SHS",2021-08-31,NA,91,NA,NA,NA,NA,NA,NA,NA,NA,NA,2021,NA
"1","4","X",NA,NA,"blue",NA,NA,NA,NA,NA,NA,NA,NA,NA,NA,NA,NA,NA,2021-07-22,"YOSE8","SHS",2021-08-31,NA,12,NA,NA,NA,NA,NA,NA,NA,NA,NA,2021,NA
"1","4.5","X",NA,NA,"blue",NA,NA,NA,NA,NA,NA,NA,NA,NA,NA,NA,NA,NA,2021-07-22,"YOSE8","SHS",2021-08-31,NA,32,NA,NA,NA,NA,NA,NA,NA,NA,NA,2021,NA
"1","4.5","X",NA,NA,"blue",NA,NA,NA,NA,NA,NA,NA,NA,NA,NA,NA,NA,NA,2021-07-22,"YOSE8","SHS",2021-08-31,NA,0,NA,NA,NA,NA,NA,NA,NA,NA,NA,2021,NA
"1","4.5","X",NA,NA,"blue",NA,NA,NA,NA,NA,NA,NA,NA,NA,NA,NA,NA,NA,2021-07-22,"YOSE8","SHS",2021-08-31,NA,68,NA,NA,NA,NA,NA,NA,NA,NA,NA,2021,NA
"1","4.5","X",NA,NA,"blue",NA,NA,NA,NA,NA,NA,NA,NA,NA,NA,NA,NA,NA,2021-07-22,"YOSE8","SHS",2021-08-31,NA,80,NA,NA,NA,NA,NA,NA,NA,NA,NA,2021,NA
"1","4.5","X",NA,NA,"blue",NA,NA,NA,NA,NA,NA,NA,NA,NA,NA,NA,NA,NA,2021-07-22,"YOSE8","SHS",2021-08-31,NA,800,NA,NA,NA,NA,NA,NA,NA,NA,NA,2021,NA
"1","0.5","V",NA,NA,NA,NA,NA,"0.27","1.5",1,"0.5",NA,NA,NA,NA,"Y",NA,NA,2021-07-22,"YOSE8","SHS",2021-08-31,NA,NA,NA,NA,NA,NA,NA,NA,NA,NA,NA,2021,0.5
"1","0.5","V",NA,NA,NA,NA,NA,"0.1","1.0",1,"0.3",NA,NA,NA,NA,"N",NA,NA,2021-07-22,"YOSE8","SHS",2021-08-31,NA,NA,NA,NA,NA,NA,NA,NA,NA,NA,NA,2021,0.5
"1","0.5","V",NA,NA,NA,NA,NA,"0.92","1.4",1,"0.3",NA,NA,NA,NA,"Y",NA,NA,2021-07-22,"YOSE8","SHS",2021-08-31,NA,NA,NA,NA,NA,NA,NA,NA,NA,NA,NA,2021,0.5
"1","1","V",8,9,"purple",NA,NA,"0.65","1.6",1,"0.7",NA,NA,NA,NA,"Y",NA,NA,2021-07-22,"YOSE8","SHS",2021-08-31,NA,NA,NA,NA,NA,NA,NA,NA,NA,NA,NA,2021,0.5
"1","1","V",11,17,"purple",NA,NA,"0.59","1.5",1,"0.5",NA,NA,NA,NA,"N",NA,NA,2021-07-22,"YOSE8","SHS",2021-08-31,NA,NA,NA,NA,NA,NA,NA,NA,NA,NA,NA,2021,0.5
"1","1.5","V",NA,NA,NA,NA,NA,"0.42","1.6",1,"0.7",NA,NA,NA,NA,"N",NA,NA,2021-07-22,"YOSE8","SHS",2021-08-31,NA,NA,NA,NA,NA,NA,NA,NA,NA,NA,NA,2021,0.5
"1","1.5","V",13,9,"purple",NA,NA,"0.67","4.0",1,"1.3",NA,NA,NA,NA,"N",NA,NA,2021-07-22,"YOSE8","SHS",2021-08-31,NA,NA,NA,NA,NA,NA,NA,NA,NA,NA,NA,2021,0.5
"1","1.5","V",NA,NA,NA,NA,NA,"0.31","1.6",1,"0.7",NA,NA,NA,NA,"N",NA,NA,2021-07-22,"YOSE8","SHS",2021-08-31,NA,NA,NA,NA,NA,NA,NA,NA,NA,NA,NA,2021,0.5
"1","1.5","V",NA,NA,NA,NA,NA,"0.2","1.2",1,"0.2",NA,NA,NA,NA,"N",NA,NA,2021-07-22,"YOSE8","SHS",2021-08-31,NA,NA,NA,NA,NA,NA,NA,NA,NA,NA,NA,2021,0.5
"1","1.5","V",NA,NA,NA,NA,NA,"0.15","0.8",1,"0.3",NA,NA,NA,NA,"Y",NA,NA,2021-07-22,"YOSE8","SHS",2021-08-31,NA,NA,NA,NA,NA,NA,NA,NA,NA,NA,NA,2021,0.5
"1","2","V",49,22,"purple",NA,NA,"0.65","1.8",1,"0.8",NA,NA,NA,NA,"N",NA,NA,2021-07-22,"YOSE8","SHS",2021-08-31,NA,NA,NA,NA,NA,NA,NA,NA,NA,NA,NA,2021,0.5
"1","2","V",NA,NA,NA,NA,NA,"0.1","0.8",1,"0.6",NA,NA,NA,NA,"Y",NA,NA,2021-07-22,"YOSE8","SHS",2021-08-31,NA,NA,NA,NA,NA,NA,NA,NA,NA,NA,NA,2021,0.5
"1","2.5","V",NA,NA,NA,NA,NA,"0.43","0.5",1,"0.4",NA,NA,NA,NA,"N",NA,NA,2021-07-22,"YOSE8","SHS",2021-08-31,NA,NA,NA,NA,NA,NA,NA,NA,NA,NA,NA,2021,0.5
"1","2.5","V",NA,NA,NA,NA,NA,"0.49","0.7",1,"0.5",NA,NA,NA,NA,"N",NA,NA,2021-07-22,"YOSE8","SHS",2021-08-31,NA,NA,NA,NA,NA,NA,NA,NA,NA,NA,NA,2021,0.5
"1","2.5","V",NA,NA,NA,NA,NA,"0.37","0.9",1,"0.4",NA,NA,NA,NA,"N",NA,NA,2021-07-22,"YOSE8","SHS",2021-08-31,NA,NA,NA,NA,NA,NA,NA,NA,NA,NA,NA,2021,0.5
"1","2.5","V",NA,NA,NA,NA,NA,"0.35","1.6",1,"0.5",NA,NA,NA,NA,"N",NA,NA,2021-07-22,"YOSE8","SHS",2021-08-31,NA,NA,NA,NA,NA,NA,NA,NA,NA,NA,NA,2021,0.5
"1","2.5","V",NA,NA,NA,NA,NA,"0.43","1.4",1,"0.4",NA,NA,NA,NA,"N",NA,NA,2021-07-22,"YOSE8","SHS",2021-08-31,NA,NA,NA,NA,NA,NA,NA,NA,NA,NA,NA,2021,0.5
"1","2.5","V",10,46,"purple",NA,NA,"0.84","2.7",1,"0.7",NA,NA,NA,NA,"Y",NA,NA,2021-07-22,"YOSE8","SHS",2021-08-31,NA,NA,NA,NA,NA,NA,NA,NA,NA,NA,NA,2021,0.5
"1","2.5","V",NA,NA,NA,NA,NA,"0.45","3.1",1,"0.5",NA,NA,NA,NA,"N",NA,NA,2021-07-22,"YOSE8","SHS",2021-08-31,NA,NA,NA,NA,NA,NA,NA,NA,NA,NA,NA,2021,0.5
"2","4","V",5,5,"purple",NA,NA,"0.6","1.3",1,"0.4",NA,NA,NA,NA,"Y",NA,NA,2021-07-22,"YOSE8","SHS",2021-08-31,NA,NA,NA,NA,NA,NA,NA,NA,NA,NA,NA,2021,0.5
"2","4","V",1,9,"purple",NA,NA,"0.68","1.2",1,"0.8",NA,NA,NA,NA,"Y",NA,NA,2021-07-22,"YOSE8","SHS",2021-08-31,NA,NA,NA,NA,NA,NA,NA,NA,NA,NA,NA,2021,0.5
"2","4","V",NA,NA,NA,NA,NA,"0.26","0.8",1,"0.3",NA,NA,NA,NA,"Y",NA,NA,2021-07-22,"YOSE8","SHS",2021-08-31,NA,NA,NA,NA,NA,NA,NA,NA,NA,NA,NA,2021,0.5
"2","4","V",NA,NA,NA,NA,NA,"0.31","0.6",1,"0.6",NA,NA,NA,NA,"Y",NA,NA,2021-07-22,"YOSE8","SHS",2021-09-07,NA,NA,NA,NA,NA,NA,NA,NA,NA,NA,NA,2021,0.5
"2","4","V",NA,NA,NA,NA,NA,"0.33","0.7",1,"0.4",NA,NA,NA,NA,"Y",NA,NA,2021-07-22,"YOSE8","SHS",2021-09-07,NA,NA,NA,NA,NA,NA,NA,NA,NA,NA,NA,2021,0.5
"2","4","V",NA,NA,NA,NA,NA,"0.47","0.8",1,"0.4",NA,NA,NA,NA,"Y",NA,NA,2021-07-22,"YOSE8","SHS",2021-09-07,NA,NA,NA,NA,NA,NA,NA,NA,NA,NA,NA,2021,0.5
"2","4","V",11,16,"purple",NA,NA,"0.82","2.3",1,"0.9",NA,NA,NA,NA,"Y",NA,NA,2021-07-22,"YOSE8","SHS",2021-09-07,NA,NA,NA,NA,NA,NA,NA,NA,NA,NA,NA,2021,0.5
"2","4","V",NA,NA,NA,NA,NA,"0.38","0.4",1,"0.3",NA,NA,NA,NA,"Y",NA,NA,2021-07-22,"YOSE8","SHS",2021-09-07,NA,NA,NA,NA,NA,NA,NA,NA,NA,NA,NA,2021,0.5
"2","4","V",NA,NA,NA,NA,NA,"0.41","0.7",1,"0.5",NA,NA,NA,NA,"Y",NA,NA,2021-07-22,"YOSE8","SHS",2021-09-07,NA,NA,NA,NA,NA,NA,NA,NA,NA,NA,NA,2021,0.5
"2","4","V",NA,NA,NA,NA,NA,"0.42","0.9",1,"0.3",NA,NA,NA,NA,"Y",NA,NA,2021-07-22,"YOSE8","SHS",2021-09-07,NA,NA,NA,NA,NA,NA,NA,NA,NA,NA,NA,2021,0.5
"2","4","V",NA,NA,NA,NA,NA,"0.31","2.5",1,"0.5",NA,NA,NA,NA,"Y",NA,NA,2021-07-22,"YOSE8","SHS",2021-09-07,NA,NA,NA,NA,NA,NA,NA,NA,NA,NA,NA,2021,0.5
"2","4","V",NA,NA,NA,NA,NA,"0.43","1.2",1,"0.5",NA,NA,NA,NA,"N",NA,NA,2021-07-22,"YOSE8","SHS",2021-09-07,NA,NA,NA,NA,NA,NA,NA,NA,NA,NA,NA,2021,0.5
"2","4","V",17,12,"purple",NA,NA,"0.5","0.7",1,"0.3",NA,NA,NA,NA,"Y",NA,NA,2021-07-22,"YOSE8","SHS",2021-09-07,NA,NA,NA,NA,NA,NA,NA,NA,NA,NA,NA,2021,0.5
"2","4","V",20,19,"purple",NA,NA,"0.52","1.4",1,"0.9",NA,NA,NA,NA,"Y",NA,NA,2021-07-22,"YOSE8","SHS",2021-09-07,NA,NA,NA,NA,NA,NA,NA,NA,NA,NA,NA,2021,0.5
"2","4","V",NA,NA,NA,NA,NA,"0.41","1.3",1,"0.7",NA,NA,NA,NA,"Y",NA,NA,2021-07-22,"YOSE8","SHS",2021-09-07,NA,NA,NA,NA,NA,NA,NA,NA,NA,NA,NA,2021,0.5
"1","4","V",41,29,"purple",NA,NA,"0.65","1.5",1,"0.6",NA,NA,NA,NA,"Y","nothing in 45",NA,2021-07-22,"YOSE8","SHS",2021-09-07,NA,NA,NA,NA,NA,NA,NA,NA,NA,NA,NA,2021,0.5
"1","4","V",40,30,"purple",NA,NA,"0.74","1.9",1,"0.6",NA,NA,NA,NA,"N",NA,NA,2021-07-22,"YOSE8","SHS",2021-09-07,NA,NA,NA,NA,NA,NA,NA,NA,NA,NA,NA,2021,0.5
"1","4","V",6,10,"purple",NA,NA,"0.54","2.3",1,"0.7",NA,NA,NA,NA,"N","did not bend;no lobby pit",NA,2021-07-22,"YOSE8","SHS",2021-09-07,NA,NA,NA,NA,NA,NA,NA,NA,NA,NA,NA,2021,0.5
"1","4","V",20,13,NA,NA,NA,"0.53","2.1",1,"0.6",NA,NA,NA,NA,"Y",NA,NA,2021-07-22,"YOSE8","SHS",2021-09-07,NA,NA,NA,NA,NA,NA,NA,NA,NA,NA,NA,2021,0.5
"1","4","V",42,15,"purple",NA,NA,"0.53","0.5",1,"0.2",NA,NA,NA,NA,"Y",NA,NA,2021-07-22,"YOSE8","SHS",2021-09-07,NA,NA,NA,NA,NA,NA,NA,NA,NA,NA,NA,2021,0.5
"1","3.5","V",23,2,"purple",NA,NA,"1.5","1.5",1,"0.7",NA,NA,NA,NA,"Y",NA,NA,2021-07-22,"YOSE8","SHS",2021-09-07,NA,7,NA,NA,NA,NA,NA,NA,NA,NA,NA,2021,1.5
"1","3.5","V",47,11,"purple",NA,NA,"0.6","2.2",1,"0.4",NA,NA,NA,NA,"N",NA,NA,2021-07-22,"YOSE8","SHS",2021-09-07,NA,NA,NA,NA,NA,NA,NA,NA,NA,NA,NA,2021,0.5
"1","3.5","V",NA,NA,NA,NA,NA,"0.29","1.7",1,"0.3",NA,NA,NA,NA,"Y",NA,NA,2021-07-22,"YOSE8","SHS",2021-09-07,NA,NA,NA,NA,NA,NA,NA,NA,NA,NA,NA,2021,0.5
"1","3.5","V",NA,NA,NA,NA,NA,"0.36","2.5",1,"0.3",NA,NA,NA,NA,"N",NA,NA,2021-07-22,"YOSE8","SHS",2021-09-07,NA,NA,NA,NA,NA,NA,NA,NA,NA,NA,NA,2021,0.5
"1","3.5","V",NA,NA,NA,NA,NA,"0.31","1.3",1,"0.4",NA,NA,NA,NA,"Y",NA,NA,2021-07-22,"YOSE8","SHS",2021-09-07,NA,NA,NA,NA,NA,NA,NA,NA,NA,NA,NA,2021,0.5
"1","3","V",NA,NA,NA,NA,NA,"0.4","1.5",1,"0.4",NA,NA,NA,NA,"N",NA,NA,2021-07-22,"YOSE8","SHS",2021-09-07,NA,NA,NA,NA,NA,NA,NA,NA,NA,NA,NA,2021,0.5
"1","3","V",NA,NA,NA,NA,NA,"0.34","0.5",1,"0.3",NA,NA,NA,NA,"N",NA,NA,2021-07-22,"YOSE8","SHS",2021-09-07,NA,NA,NA,NA,NA,NA,NA,NA,NA,NA,NA,2021,0.5
"1","3","V",45,5,"purple",NA,NA,"0.58","1.3",1,"1.1",NA,NA,NA,NA,"N",NA,NA,2021-07-22,"YOSE8","SHS",2021-09-07,NA,NA,NA,NA,NA,NA,NA,NA,NA,NA,NA,2021,0.5
"1","3","V",29,10,"purple",NA,NA,"0.76","1.9",1,"0.7",NA,NA,NA,NA,"N",NA,NA,2021-07-22,"YOSE8","SHS",2021-09-07,NA,NA,NA,NA,NA,NA,NA,NA,NA,NA,NA,2021,0.5
"1","3","V",NA,NA,NA,NA,NA,"0.42","2.0",1,"1.8",NA,NA,NA,NA,"N",NA,NA,2021-07-22,"YOSE8","SHS",2021-09-07,NA,NA,NA,NA,NA,NA,NA,NA,NA,NA,NA,2021,0.5
"1","6.5","V",7,6,"purple",NA,NA,"0.83","1.3",1,"0.3",NA,NA,NA,NA,"Y",NA,NA,2021-07-22,"YOSE8","SHS",2021-09-07,NA,NA,NA,NA,NA,NA,NA,NA,NA,NA,NA,2021,0.5
"1","6.5","V",6,5,"purple",NA,NA,"0.79","1.0",1,"0.9",NA,NA,NA,NA,"N",NA,NA,2021-07-22,"YOSE8","SHS",2021-09-07,NA,NA,NA,NA,NA,NA,NA,NA,NA,NA,NA,2021,0.5
"1","6.5","V",12,5,"purple",NA,NA,"0.55","0.5",1,"0.3",NA,NA,NA,NA,"Y",NA,NA,2021-07-22,"YOSE8","SHS",2021-09-07,NA,NA,NA,NA,NA,NA,NA,NA,NA,NA,NA,2021,0.5
"1","6.5","V",NA,NA,NA,NA,NA,"0.49","1.5",1,"0.7",NA,NA,NA,NA,"N",NA,NA,2021-07-22,"YOSE8","SHS",2021-09-07,NA,NA,NA,NA,NA,NA,NA,NA,NA,NA,NA,2021,0.5
"1","6.5","V",17,9,"purple",NA,NA,"0.53","0.9",1,"0.5",NA,NA,NA,NA,"Y",NA,NA,2021-07-22,"YOSE8","SHS",2021-09-07,NA,NA,NA,NA,NA,NA,NA,NA,NA,NA,NA,2021,0.5
"1","6.5","V",NA,NA,NA,NA,NA,"0.37","1.5",1,"0.4",NA,NA,NA,NA,"Y",NA,NA,2021-07-22,"YOSE8","SHS",2021-09-07,NA,NA,NA,NA,NA,NA,NA,NA,NA,NA,NA,2021,0.5
"1","6.5","V",25,10,"purple",NA,NA,"0.53","1.0",1,"0.6",NA,NA,NA,NA,"N",NA,NA,2021-07-22,"YOSE8","SHS",2021-09-07,NA,NA,NA,NA,NA,NA,NA,NA,NA,NA,NA,2021,0.5
"1","6.5","V",NA,NA,NA,NA,NA,"<1","1.9",1,"0.9",NA,NA,NA,NA,"N",NA,NA,2021-07-22,"YOSE8","SHS",2021-09-07,NA,NA,NA,NA,NA,NA,NA,NA,NA,NA,NA,2021,0.5
"1","6.5","V",NA,NA,NA,NA,NA,"<1","1.2",1,"0.7",NA,NA,NA,NA,"N",NA,NA,2021-07-22,"YOSE8","SHS",2021-09-07,NA,NA,NA,NA,NA,NA,NA,NA,NA,NA,NA,2021,0.5
"2","6.5","V",NA,NA,NA,NA,NA,"<1","1.8",1,"0.8",NA,NA,NA,NA,"N",NA,NA,2021-07-22,"YOSE8","SHS",2021-09-07,NA,NA,NA,NA,NA,NA,NA,NA,NA,NA,NA,2021,0.5
"2","6.5","V",NA,NA,NA,NA,NA,"<1","1.3",1,"0.8",NA,NA,NA,NA,"N",NA,NA,2021-07-22,"YOSE8","SHS",2021-09-07,NA,NA,NA,NA,NA,NA,NA,NA,NA,NA,NA,2021,0.5
"2","6.5","V",NA,NA,NA,NA,NA,"0.59","3.2",1,"0.7",NA,NA,NA,NA,"N",NA,NA,2021-07-22,"YOSE8","SHS",2021-09-07,NA,NA,NA,NA,NA,NA,NA,NA,NA,NA,NA,2021,0.5
"2","6","V",NA,NA,NA,NA,NA,"0.46","0.9",1,"0.5",NA,NA,NA,NA,"Y",NA,NA,2021-07-22,"YOSE8","SHS",2021-09-07,NA,NA,NA,NA,NA,NA,NA,NA,NA,NA,NA,2021,0.5
"2","6","X",NA,NA,NA,NA,NA,NA,NA,NA,NA,NA,NA,NA,NA,NA,NA,NA,2021-07-22,"YOSE8","SHS",2021-09-07,NA,NA,NA,NA,NA,NA,NA,NA,NA,NA,NA,2021,NA
"2","6","V",NA,NA,NA,NA,NA,"0.21","2.0",1,"0.5",NA,NA,NA,NA,"N",NA,NA,2021-07-22,"YOSE8","SHS",2021-09-07,NA,NA,NA,NA,NA,NA,NA,NA,NA,NA,NA,2021,0.5
"2","6","V",NA,NA,NA,NA,NA,"0.31","1.0",1,"0.4",NA,NA,NA,NA,"N",NA,NA,2021-07-22,"YOSE8","SHS",2021-09-07,NA,NA,NA,NA,NA,NA,NA,NA,NA,NA,NA,2021,0.5
"2","6","V",NA,NA,NA,NA,NA,"0.44","0.9",1,"0.3",NA,NA,NA,NA,"N",NA,NA,2021-07-22,"YOSE8","SHS",2021-09-07,NA,NA,NA,NA,NA,NA,NA,NA,NA,NA,NA,2021,0.5
"2","6","X",NA,NA,NA,NA,NA,NA,NA,NA,NA,NA,NA,NA,NA,NA,NA,NA,2021-07-22,"YOSE8","SHS",2021-09-07,NA,NA,NA,NA,NA,NA,NA,NA,NA,NA,NA,2021,NA
"2","6","X",NA,NA,NA,NA,NA,NA,NA,NA,NA,NA,NA,NA,NA,NA,NA,NA,2021-07-22,"YOSE8","SHS",2021-09-07,NA,NA,NA,NA,NA,NA,NA,NA,NA,NA,NA,2021,NA
"2","6","V",NA,NA,NA,NA,NA,"0.42","0.5",1,"0.3",NA,NA,NA,NA,"N",NA,NA,2021-07-22,"YOSE8","SHS",2021-09-07,NA,NA,NA,NA,NA,NA,NA,NA,NA,NA,NA,2021,0.5
"2","6","V",NA,NA,NA,NA,NA,"0.43","0.4",1,"0.3",NA,NA,NA,NA,"N",NA,NA,2021-07-22,"YOSE8","SHS",2021-09-07,NA,NA,NA,NA,NA,NA,NA,NA,NA,NA,NA,2021,0.5
"2","6","V",23,36,"purple",NA,NA,"0.52","1.5",1,"0.5",NA,NA,NA,NA,"N",NA,NA,2021-07-22,"YOSE8","SHS",2021-09-07,NA,NA,NA,NA,NA,NA,NA,NA,NA,NA,NA,2021,0.5
"2","6","V",NA,NA,NA,NA,NA,"0.35","0.5",1,"0.4",NA,NA,NA,NA,"N",NA,NA,2021-07-22,"YOSE8","SHS",2021-09-07,NA,NA,NA,NA,NA,NA,NA,NA,NA,NA,NA,2021,0.5
"2","6","V",NA,NA,NA,NA,NA,"0.48","0.9",1,"0.6",NA,NA,NA,NA,"Y",NA,NA,2021-07-22,"YOSE8","SHS",2021-09-07,NA,NA,NA,NA,NA,NA,NA,NA,NA,NA,NA,2021,0.5
"2","6","X",NA,NA,NA,NA,NA,NA,NA,NA,NA,NA,NA,NA,NA,NA,NA,NA,2021-07-22,"YOSE8","SHS",2021-09-07,NA,NA,NA,NA,NA,NA,NA,NA,NA,NA,NA,2021,NA
"2","6","V",26,31,"red",NA,NA,"0.57","2.4",1,"0.9",NA,NA,NA,NA,"Y",NA,NA,2021-07-22,"YOSE8","SHS",2021-09-07,NA,NA,NA,NA,NA,NA,NA,NA,NA,NA,NA,2021,0.5
"2","6","V",NA,NA,NA,NA,NA,"0.39","0.7",1,"0.5",NA,NA,NA,NA,"N",NA,NA,2021-07-22,"YOSE8","SHS",2021-09-08,NA,NA,NA,NA,NA,NA,NA,NA,NA,NA,NA,2021,0.5
"2","6","V",50,17,"red",NA,NA,"0.55","1.3",1,"0.4",NA,NA,NA,NA,"N",NA,NA,2021-07-22,"YOSE8","SHS",2021-09-08,NA,NA,NA,NA,NA,NA,NA,NA,NA,NA,NA,2021,0.5
"2","5.5","V",45,0,"red",NA,NA,"0.68","1.8",1,"0.6",NA,NA,NA,NA,"Y",NA,NA,2021-07-22,"YOSE8","SHS",2021-09-08,NA,NA,NA,NA,NA,NA,NA,NA,NA,NA,NA,2021,0.5
"2","5.5","V",4,1,"red",NA,NA,"0.78","1.1",1,"0.4",NA,NA,NA,NA,"Y",NA,NA,2021-07-22,"YOSE8","SHS",2021-09-08,NA,NA,NA,NA,NA,NA,NA,NA,NA,NA,NA,2021,0.5
"2","5.5","V",9,5,"red",NA,NA,"0.61","0.7",1,"0.3",NA,NA,NA,NA,"N",NA,NA,2021-07-22,"YOSE8","SHS",2021-09-08,NA,NA,NA,NA,NA,NA,NA,NA,NA,NA,NA,2021,0.5
"2","5.5","V",14,11,"red",NA,NA,"0.53","1.1",1,"0.6",NA,NA,NA,NA,"Y",NA,NA,2021-07-22,"YOSE8","SHS",2021-09-08,NA,NA,NA,NA,NA,NA,NA,NA,NA,NA,NA,2021,0.5
"2","5.5","V",1,13,"red",NA,NA,"1.06","1.4",1,"0.6",NA,NA,NA,NA,"Y",NA,NA,2021-07-22,"YOSE8","SHS",2021-09-08,NA,23,NA,NA,NA,NA,NA,NA,NA,NA,NA,2021,1.06
"2","5.5","V",NA,NA,NA,NA,NA,"0.74","1.1",1,"0.5",NA,NA,NA,NA,"Y","dying",NA,2021-07-22,"YOSE8","SHS",2021-09-08,NA,NA,NA,NA,NA,NA,NA,NA,NA,NA,NA,2021,0.5
"2","5.5","X",NA,NA,NA,NA,NA,NA,NA,NA,NA,NA,NA,NA,NA,NA,NA,NA,2021-07-22,"YOSE8","SHS",2021-09-08,NA,NA,NA,NA,NA,NA,NA,NA,NA,NA,NA,2021,NA
"2","5.5","V",5,22,"red",NA,NA,"0.93","2.5",1,"1.0",NA,NA,NA,NA,"Y",NA,NA,2021-07-22,"YOSE8","SHS",2021-09-08,NA,NA,NA,NA,NA,NA,NA,NA,NA,NA,NA,2021,0.5
"2","5.5","V",NA,NA,NA,NA,NA,"0.44","1.2",1,"0.2",NA,NA,NA,NA,"Y",NA,NA,2021-07-22,"YOSE8","SHS",2021-09-08,NA,NA,NA,NA,NA,NA,NA,NA,NA,NA,NA,2021,0.5
"2","5.5","V",NA,NA,NA,NA,NA,"0.53","0.9",1,"0.4",NA,NA,NA,NA,"Y",NA,NA,2021-07-22,"YOSE8","SHS",2021-09-08,NA,NA,NA,NA,NA,NA,NA,NA,NA,NA,NA,2021,0.5
"2","5.5","V",NA,NA,NA,NA,NA,"<1","0.2",1,"0.4",NA,NA,NA,NA,"Y",NA,NA,2021-07-22,"YOSE8","SHS",2021-09-08,NA,NA,NA,NA,NA,NA,NA,NA,NA,NA,NA,2021,0.5
"2","5.5","V",NA,NA,NA,NA,NA,"<1","1.5",1,"0.5",NA,NA,NA,NA,"Y",NA,NA,2021-07-22,"YOSE8","SHS",2021-09-08,NA,NA,NA,NA,NA,NA,NA,NA,NA,NA,NA,2021,0.5
"2","5.5","V",NA,NA,NA,NA,NA,"<1","2.0",1,"0.5",NA,NA,NA,NA,"Y",NA,NA,2021-07-22,"YOSE8","SHS",2021-09-08,NA,NA,NA,NA,NA,NA,NA,NA,NA,NA,NA,2021,0.5
"2","5.5","V",NA,NA,NA,NA,NA,"<1","1.7",1,"0.4",NA,NA,NA,NA,"Y",NA,NA,2021-07-22,"YOSE8","SHS",2021-09-08,NA,NA,NA,NA,NA,NA,NA,NA,NA,NA,NA,2021,0.5
"2","5.5","V",NA,NA,NA,NA,NA,"<1","2.0",1,"0.4",NA,NA,NA,NA,"Y",NA,NA,2021-07-22,"YOSE8","SHS",2021-09-08,NA,NA,NA,NA,NA,NA,NA,NA,NA,NA,NA,2021,0.5
"2","5.5","V",5,42,"red",NA,NA,"1.0","1.7",1,"0.6",NA,NA,NA,NA,"Y",NA,NA,2021-07-22,"YOSE8","SHS",2021-09-08,NA,88,NA,NA,NA,NA,NA,NA,NA,NA,NA,2021,1
"2","5.5","V",NA,NA,NA,NA,NA,"<1","1.7",1,"0.4",NA,NA,NA,NA,"Y",NA,NA,2021-07-22,"YOSE8","SHS",2021-09-08,NA,NA,NA,NA,NA,NA,NA,NA,NA,NA,NA,2021,0.5
"2","5.5","V",NA,NA,NA,NA,NA,"<1","1.2",1,"0.2",NA,NA,NA,NA,"Y",NA,NA,2021-07-22,"YOSE8","SHS",2021-09-08,NA,NA,NA,NA,NA,NA,NA,NA,NA,NA,NA,2021,0.5
"2","5.5","V",NA,NA,NA,NA,NA,"<1","1.0",1,"0.3",NA,NA,NA,NA,"Y",NA,NA,2021-07-22,"YOSE8","SHS",2021-09-08,NA,NA,NA,NA,NA,NA,NA,NA,NA,NA,NA,2021,0.5
"2","5.5","V",NA,NA,NA,NA,NA,"<1","0.9",1,"0.4",NA,NA,NA,NA,"Y",NA,NA,2021-07-22,"YOSE8","SHS",2021-09-08,NA,NA,NA,NA,NA,NA,NA,NA,NA,NA,NA,2021,0.5
"2","0","V",2,6,"purple",NA,NA,"0.87","2.4",1,"1.0",NA,NA,NA,NA,"Y",NA,NA,2021-07-22,"YOSE8","SHS",2021-09-08,NA,NA,NA,NA,NA,NA,NA,NA,NA,NA,NA,2021,0.5
"2","0","V",11,2,"purple",NA,NA,"0.8","1.3",1,"0.6",NA,NA,NA,NA,"N",NA,NA,2021-07-22,"YOSE8","SHS",2021-09-08,NA,NA,NA,NA,NA,NA,NA,NA,NA,NA,NA,2021,0.5
"2","0","V",11,5,"purple",NA,NA,"0.79","2.1",1,"0.6",NA,NA,NA,NA,"N",NA,NA,2021-07-22,"YOSE8","SHS",2021-09-08,NA,NA,NA,NA,NA,NA,NA,NA,NA,NA,NA,2021,0.5
"2","0","V",15,4,"purple",NA,NA,"0.95","2.8",1,"0.9",NA,NA,NA,NA,"Y",NA,NA,2021-07-22,"YOSE8","SHS",2021-09-08,NA,NA,NA,NA,NA,NA,NA,NA,NA,NA,NA,2021,0.5
"2","0","V",NA,NA,NA,NA,NA,"<1","1.0",1,"0.3",NA,NA,NA,NA,"Y",NA,NA,2021-07-22,"YOSE8","SHS",2021-09-08,NA,NA,NA,NA,NA,NA,NA,NA,NA,NA,NA,2021,0.5
"2","0","V",22,9,"purple",NA,NA,"0.83","2.6",1,"0.9",NA,NA,NA,NA,"Y",NA,NA,2021-07-22,"YOSE8","SHS",2021-09-08,NA,NA,NA,NA,NA,NA,NA,NA,NA,NA,NA,2021,0.5
"2","0","V",NA,NA,NA,NA,NA,"<1","2.2",1,"1.1",NA,NA,NA,NA,"Y",NA,NA,2021-07-22,"YOSE8","SHS",2021-09-08,NA,NA,NA,NA,NA,NA,NA,NA,NA,NA,NA,2021,0.5
"2","0","V",NA,NA,NA,NA,NA,"<1","2.0",1,"0.9",NA,NA,NA,NA,"Y",NA,NA,2021-07-22,"YOSE8","SHS",2021-09-08,NA,NA,NA,NA,NA,NA,NA,NA,NA,NA,NA,2021,0.5
"2","0","V",NA,NA,NA,NA,NA,"<1","2.4",1,"0.8",NA,NA,NA,NA,"Y",NA,NA,2021-07-22,"YOSE8","SHS",2021-09-08,NA,NA,NA,NA,NA,NA,NA,NA,NA,NA,NA,2021,0.5
"2","0","V",NA,NA,NA,NA,NA,"<1","3.3",1,"1.3",NA,NA,NA,NA,"Y",NA,NA,2021-07-22,"YOSE8","SHS",2021-09-08,NA,NA,NA,NA,NA,NA,NA,NA,NA,NA,NA,2021,0.5
"2","0","V",NA,NA,NA,NA,NA,"<1","1.5",1,"0.4",NA,NA,NA,NA,"Y",NA,NA,2021-07-22,"YOSE8","SHS",2021-09-08,NA,NA,NA,NA,NA,NA,NA,NA,NA,NA,NA,2021,0.5
"2","0","V",NA,NA,NA,NA,NA,"<1","1.8",1,"0.6",NA,NA,NA,NA,"Y",NA,NA,2021-07-22,"YOSE8","SHS",2021-09-08,NA,NA,NA,NA,NA,NA,NA,NA,NA,NA,NA,2021,0.5
"2","0","V",40,4,"purple",NA,NA,"1.05","2.1",1,"0.8",NA,NA,NA,NA,"Y",NA,NA,2021-07-22,"YOSE8","SHS",2021-09-08,NA,889,NA,NA,NA,NA,NA,NA,NA,NA,NA,2021,1.05
"2","0","V",NA,NA,NA,NA,NA,"<1","0.8",1,"0.6",NA,NA,NA,NA,"Y",NA,NA,2021-07-22,"YOSE8","SHS",2021-09-08,NA,NA,NA,NA,NA,NA,NA,NA,NA,NA,NA,2021,0.5
"2","0","V",NA,NA,NA,NA,NA,"<1","2.0",1,"0.4",NA,NA,NA,NA,"Y",NA,NA,2021-07-22,"YOSE8","SHS",2021-09-08,NA,NA,NA,NA,NA,NA,NA,NA,NA,NA,NA,2021,0.5
"2","0","V",NA,NA,NA,NA,NA,"<1","0.8",1,"0.3",NA,NA,NA,NA,"N",NA,NA,2021-07-22,"YOSE8","SHS",2021-09-08,NA,NA,NA,NA,NA,NA,NA,NA,NA,NA,NA,2021,0.5
"2","0","V",NA,NA,NA,NA,NA,"<1","1.7",1,"0.6",NA,NA,NA,NA,"N",NA,NA,2021-07-22,"YOSE8","SHS",2021-09-08,NA,NA,NA,NA,NA,NA,NA,NA,NA,NA,NA,2021,0.5
"2","0","V",NA,NA,NA,NA,NA,"<1","1.0",1,"0.4",NA,NA,NA,NA,"Y",NA,NA,2021-07-22,"YOSE8","SHS",2021-09-08,NA,NA,NA,NA,NA,NA,NA,NA,NA,NA,NA,2021,0.5
"2","0","V",NA,NA,NA,NA,NA,"<1","1.7",1,"0.6",NA,NA,NA,NA,"N",NA,NA,2021-07-22,"YOSE8","SHS",2021-09-08,NA,NA,NA,NA,NA,NA,NA,NA,NA,NA,NA,2021,0.5
"2","0","V",NA,NA,NA,NA,NA,"<1","1.4",1,"0.5",NA,NA,NA,NA,"N",NA,NA,2021-07-22,"YOSE8","SHS",2021-09-08,NA,NA,NA,NA,NA,NA,NA,NA,NA,NA,NA,2021,0.5
"2","0","V",40,19,"purple",NA,NA,"1.4","3.2",1,"1.1",NA,NA,NA,NA,"Y",NA,NA,2021-07-22,"YOSE8","SHS",2021-09-08,NA,5,NA,NA,NA,NA,NA,NA,NA,NA,NA,2021,1.4
"2","0","V",NA,NA,NA,NA,NA,"<1","1.9",1,"0.6",NA,NA,NA,NA,"Y",NA,NA,2021-07-22,"YOSE8","SHS",2021-09-08,NA,NA,NA,NA,NA,NA,NA,NA,NA,NA,NA,2021,0.5
"2","0","V",NA,NA,NA,NA,NA,"<1","1.2",1,"0.8",NA,NA,NA,NA,"Y",NA,NA,2021-07-22,"YOSE8","SHS",2021-09-08,NA,NA,NA,NA,NA,NA,NA,NA,NA,NA,NA,2021,0.5
"2","0","V",NA,NA,NA,NA,NA,"<1","0.8",1,"0.3",NA,NA,NA,NA,"N",NA,NA,2021-07-22,"YOSE8","SHS",2021-09-08,NA,NA,NA,NA,NA,NA,NA,NA,NA,NA,NA,2021,0.5
"2","0","V",NA,NA,NA,NA,NA,"<1","1.1",1,"0.4",NA,NA,NA,NA,"Y",NA,NA,2021-07-22,"YOSE8","SHS",2021-09-08,NA,NA,NA,NA,NA,NA,NA,NA,NA,NA,NA,2021,0.5
"2","0","V",NA,NA,NA,NA,NA,"<1","1.6",1,"0.4",NA,NA,NA,NA,"Y",NA,NA,2021-07-22,"YOSE8","SHS",2021-09-08,NA,NA,NA,NA,NA,NA,NA,NA,NA,NA,NA,2021,0.5
"2","0","V",NA,NA,NA,NA,NA,"<1","1.6",1,"0.9",NA,NA,NA,NA,"Y",NA,NA,2021-07-22,"YOSE8","SHS",2021-09-08,NA,NA,NA,NA,NA,NA,NA,NA,NA,NA,NA,2021,0.5
"2","0","V",NA,NA,NA,NA,NA,"<1","2.1",1,"0.7",NA,NA,NA,NA,"Y",NA,NA,2021-07-22,"YOSE8","SHS",2021-09-08,NA,NA,NA,NA,NA,NA,NA,NA,NA,NA,NA,2021,0.5
"2","0","V",NA,NA,NA,NA,NA,"<1","2.0",1,"0.8",NA,NA,NA,NA,"N",NA,NA,2021-07-22,"YOSE8","SHS",2021-09-08,NA,NA,NA,NA,NA,NA,NA,NA,NA,NA,NA,2021,0.5
"2","0","V",NA,NA,NA,NA,NA,"<1","1.8",1,"0.8",NA,NA,NA,NA,"Y",NA,NA,2021-07-22,"YOSE8","SHS",2021-09-08,NA,NA,NA,NA,NA,NA,NA,NA,NA,NA,NA,2021,0.5
"2","0","V",NA,NA,NA,NA,NA,"<1","1.0",1,"0.2",NA,NA,NA,NA,"Y",NA,NA,2021-07-22,"YOSE8","SHS",2021-09-08,NA,NA,NA,NA,NA,NA,NA,NA,NA,NA,NA,2021,0.5
"2","0","V",NA,NA,NA,NA,NA,"<1","3.0",1,"0.8",NA,NA,NA,NA,"N",NA,NA,2021-07-22,"YOSE8","SHS",2021-09-08,NA,NA,NA,NA,NA,NA,NA,NA,NA,NA,NA,2021,0.5
"2","0","V",NA,NA,NA,NA,NA,"<1","2.3",1,"0.6",NA,NA,NA,NA,"N",NA,NA,2021-07-22,"YOSE8","SHS",2021-09-08,NA,NA,NA,NA,NA,NA,NA,NA,NA,NA,NA,2021,0.5
"2","0","V",NA,NA,NA,NA,NA,"<1","1.0",1,"0.5",NA,NA,NA,NA,"N",NA,NA,2021-07-22,"YOSE8","SHS",2021-09-08,NA,NA,NA,NA,NA,NA,NA,NA,NA,NA,NA,2021,0.5
"2","0","V",NA,NA,NA,NA,NA,"<1","0.9",1,"0.5",NA,NA,NA,NA,"Y",NA,NA,2021-07-22,"YOSE8","SHS",2021-09-08,NA,NA,NA,NA,NA,NA,NA,NA,NA,NA,NA,2021,0.5
"2","0","V",NA,NA,NA,NA,NA,"<1","2.5",1,"1.0",NA,NA,NA,NA,"Y",NA,NA,2021-07-22,"YOSE8","SHS",2021-09-08,NA,NA,NA,NA,NA,NA,NA,NA,NA,NA,NA,2021,0.5
"2","0","V",NA,NA,NA,NA,NA,"<1","1.8",1,"0.8",NA,NA,NA,NA,"Y",NA,NA,2021-07-22,"YOSE8","SHS",2021-09-08,NA,NA,NA,NA,NA,NA,NA,NA,NA,NA,NA,2021,0.5
"2","0","V",NA,NA,NA,NA,NA,"<1","1.9",1,"0.8",NA,NA,NA,NA,"Y",NA,NA,2021-07-22,"YOSE8","SHS",2021-09-08,NA,NA,NA,NA,NA,NA,NA,NA,NA,NA,NA,2021,0.5
"2","0","V",NA,NA,NA,NA,NA,"<1","1.3",1,"0.6",NA,NA,NA,NA,"Y",NA,NA,2021-07-22,"YOSE8","SHS",2021-09-08,NA,NA,NA,NA,NA,NA,NA,NA,NA,NA,NA,2021,0.5
"2","0","V",16,28,"purple",NA,NA,"1.18","2.3",2,"0.9",NA,NA,NA,NA,"Y",NA,NA,2021-07-22,"YOSE8","SHS",2021-09-08,NA,10,NA,NA,NA,NA,NA,NA,NA,NA,NA,2021,1.18
"2","0","V",NA,NA,NA,NA,NA,"<1","1.6",1,"0.6",NA,NA,NA,NA,"Y",NA,NA,2021-07-22,"YOSE8","SHS",2021-09-08,NA,NA,NA,NA,NA,NA,NA,NA,NA,NA,NA,2021,0.5
"2","0","V",NA,NA,NA,NA,NA,"<1","2.1",1,"0.5",NA,NA,NA,NA,"Y",NA,NA,2021-07-22,"YOSE8","SHS",2021-09-08,NA,NA,NA,NA,NA,NA,NA,NA,NA,NA,NA,2021,0.5
"2","0","V",NA,NA,NA,NA,NA,"<1","1.8",1,"0.7",NA,NA,NA,NA,"Y",NA,NA,2021-07-22,"YOSE8","SHS",2021-09-08,NA,NA,NA,NA,NA,NA,NA,NA,NA,NA,NA,2021,0.5
"2","0","V",NA,NA,NA,NA,NA,"<1","1.4",1,"0.3",NA,NA,NA,NA,"Y",NA,NA,2021-07-22,"YOSE8","SHS",2021-09-08,NA,NA,NA,NA,NA,NA,NA,NA,NA,NA,NA,2021,0.5
"2","0","V",NA,NA,NA,NA,NA,"<1","2.1",1,"0.6",NA,NA,NA,NA,"Y",NA,NA,2021-07-22,"YOSE8","SHS",2021-09-08,NA,NA,NA,NA,NA,NA,NA,NA,NA,NA,NA,2021,0.5
"2","0","V",NA,NA,NA,NA,NA,"<1","2.1",1,"0.5",NA,NA,NA,NA,"Y",NA,NA,2021-07-22,"YOSE8","SHS",2021-09-08,NA,NA,NA,NA,NA,NA,NA,NA,NA,NA,NA,2021,0.5
"2","0","V",NA,NA,NA,NA,NA,"<1","1.5",1,"0.6",NA,NA,NA,NA,"Y",NA,NA,2021-07-22,"YOSE8","SHS",2021-09-08,NA,NA,NA,NA,NA,NA,NA,NA,NA,NA,NA,2021,0.5
"2","0","V",NA,NA,NA,NA,NA,"<1","2.8",1,"0.6",NA,NA,NA,NA,"Y",NA,NA,2021-07-22,"YOSE8","SHS",2021-09-08,NA,NA,NA,NA,NA,NA,NA,NA,NA,NA,NA,2021,0.5
"2","0","V",NA,NA,NA,NA,NA,"<1","1.6",1,"0.2",NA,NA,NA,NA,"Y",NA,NA,2021-07-22,"YOSE8","SHS",2021-09-08,NA,NA,NA,NA,NA,NA,NA,NA,NA,NA,NA,2021,0.5
"2","0.5","V",NA,NA,NA,NA,NA,"0.4","1.5",1,"0.4",NA,NA,NA,NA,"Y",NA,NA,2021-07-22,"YOSE8","SHS",2021-09-08,NA,NA,NA,NA,NA,NA,NA,NA,NA,NA,NA,2021,0.5
"2","0.5","V",NA,NA,NA,NA,NA,"0.34","2.6",1,"0.5",NA,NA,NA,NA,"Y",NA,NA,2021-07-22,"YOSE8","SHS",2021-09-08,NA,NA,NA,NA,NA,NA,NA,NA,NA,NA,NA,2021,0.5
"2","0.5","V",NA,NA,NA,NA,NA,"0.4","2.0",1,"0.5",NA,NA,NA,NA,"Y",NA,NA,2021-07-22,"YOSE8","SHS",2021-09-08,NA,NA,NA,NA,NA,NA,NA,NA,NA,NA,NA,2021,0.5
"2","0.5","V",NA,NA,NA,NA,NA,"0.48","3.0",1,"0.5",NA,NA,NA,NA,"Y",NA,NA,2021-07-22,"YOSE8","SHS",2021-09-08,NA,NA,NA,NA,NA,NA,NA,NA,NA,NA,NA,2021,0.5
"2","0.5","V",3,2,"purple",NA,NA,"0.53","2.2",1,"0.6",NA,NA,NA,NA,"Y",NA,NA,2021-07-22,"YOSE8","SHS",2021-09-08,NA,NA,NA,NA,NA,NA,NA,NA,NA,NA,NA,2021,0.5
"2","0.5","V",NA,NA,NA,NA,NA,"0.43","1.7",1,"0.4",NA,NA,NA,NA,"Y",NA,NA,2021-07-22,"YOSE8","SHS",2021-09-08,NA,NA,NA,NA,NA,NA,NA,NA,NA,NA,NA,2021,0.5
"2","0.5","V",NA,NA,NA,NA,NA,"0.3","1.5",1,"0.3",NA,NA,NA,NA,"N",NA,NA,2021-07-22,"YOSE8","SHS",2021-09-08,NA,NA,NA,NA,NA,NA,NA,NA,NA,NA,NA,2021,0.5
"2","0.5","V",29,4,"purple",NA,NA,"0.9","1.9",1,"0.9",NA,NA,NA,NA,"Y",NA,NA,2021-07-22,"YOSE8","SHS",2021-09-08,NA,NA,NA,NA,NA,NA,NA,NA,NA,NA,NA,2021,0.5
"2","0.5","V",26,7,"purple",NA,NA,"0.64","2.3",1,"0.8",NA,NA,NA,NA,"Y",NA,NA,2021-07-22,"YOSE8","SHS",2021-09-08,NA,NA,NA,NA,NA,NA,NA,NA,NA,NA,NA,2021,0.5
"2","0.5","V",NA,NA,NA,NA,NA,"0.43","2.6",1,"0.4",NA,NA,NA,NA,"N",NA,NA,2021-07-22,"YOSE8","SHS",2021-09-08,NA,NA,NA,NA,NA,NA,NA,NA,NA,NA,NA,2021,0.5
"2","0.5","V",71,18,"purple",NA,NA,"0.6","2.7",1,"0.8",NA,NA,NA,NA,"N",NA,NA,2021-07-22,"YOSE8","SHS",2021-09-08,NA,NA,NA,NA,NA,NA,NA,NA,NA,NA,NA,2021,0.5
"2","0.5","V",NA,NA,NA,NA,NA,"0.12","1.8",1,"0.4",NA,NA,NA,NA,"N",NA,NA,2021-07-22,"YOSE8","SHS",2021-09-08,NA,NA,NA,NA,NA,NA,NA,NA,NA,NA,NA,2021,0.5
"2","0.5","V",NA,NA,NA,NA,NA,"0.3","1.0",1,"0.2",NA,NA,NA,NA,"N",NA,NA,2021-07-22,"YOSE8","SHS",2021-09-08,NA,NA,NA,NA,NA,NA,NA,NA,NA,NA,NA,2021,0.5
"2","0.5","V",30,38,"purple",NA,NA,"0.83","1.4",1,"0.4",NA,NA,NA,NA,"Y",NA,NA,2021-07-22,"YOSE8","SHS",2021-09-08,NA,NA,NA,NA,NA,NA,NA,NA,NA,NA,NA,2021,0.5
"2","0.5","V",NA,NA,NA,NA,NA,"<1","2.0",1,"0.9",NA,NA,NA,NA,"Y",NA,NA,2021-07-22,"YOSE8","SHS",2021-09-08,NA,NA,NA,NA,NA,NA,NA,NA,NA,NA,NA,2021,0.5
"2","0.5","V",NA,NA,NA,NA,NA,"<1","2.5",1,"0.7",NA,NA,NA,NA,"Y",NA,NA,2021-07-22,"YOSE8","SHS",2021-09-08,NA,NA,NA,NA,NA,NA,NA,NA,NA,NA,NA,2021,0.5
"2","0.5","V",NA,NA,NA,NA,NA,"<1","1.7",1,"0.5",NA,NA,NA,NA,"Y",NA,NA,2021-07-22,"YOSE8","SHS",2021-09-08,NA,NA,NA,NA,NA,NA,NA,NA,NA,NA,NA,2021,0.5
"2","0",NA,NA,NA,"yellow",NA,NA,NA,NA,NA,NA,NA,NA,NA,NA,NA,"not found",NA,2021-07-22,"YOSE8","SHS",2021-09-08,NA,0,NA,NA,NA,NA,NA,NA,NA,NA,NA,2021,NA
"2","0",NA,NA,NA,"yellow",NA,NA,NA,NA,NA,NA,NA,NA,NA,NA,NA,"not found",NA,2021-07-22,"YOSE8","SHS",2021-09-08,NA,73,NA,NA,NA,NA,NA,NA,NA,NA,NA,2021,NA
"2","3","X",NA,NA,"blue",NA,NA,NA,NA,NA,NA,NA,NA,NA,NA,NA,NA,NA,2021-07-22,"YOSE8","SHS",2021-09-08,NA,177,NA,NA,NA,NA,NA,NA,NA,NA,NA,2021,NA
"2","3.5","X",NA,NA,"yellow",NA,NA,NA,NA,NA,NA,NA,NA,NA,NA,NA,NA,NA,2021-07-22,"YOSE8","SHS",2021-09-08,NA,52,NA,NA,NA,NA,NA,NA,NA,NA,NA,2021,NA
"2","3.5",NA,NA,NA,"yellow",NA,NA,NA,NA,NA,NA,NA,NA,NA,NA,NA,"missing;floating band",NA,2021-07-22,"YOSE8","SHS",2021-09-08,NA,66,NA,NA,NA,NA,NA,NA,NA,NA,NA,2021,NA
"2","4.5",NA,NA,NA,"green",NA,NA,NA,NA,NA,NA,NA,NA,NA,NA,NA,"missing",NA,2021-07-22,"YOSE8","SHS",2021-09-08,NA,69,NA,NA,NA,NA,NA,NA,NA,NA,NA,2021,NA
"2","6","X",NA,NA,"blue",NA,NA,NA,NA,NA,NA,NA,NA,NA,NA,NA,NA,NA,2021-07-22,"YOSE8","SHS",2021-09-08,NA,767,NA,NA,NA,NA,NA,NA,NA,NA,NA,2021,NA
"2","5.5","X",NA,NA,"blue",NA,NA,NA,NA,NA,NA,NA,NA,NA,NA,NA,NA,NA,2021-07-22,"YOSE8","SHS",2021-09-08,NA,5,NA,NA,NA,NA,NA,NA,NA,NA,NA,2021,NA
"2","5.5","X",NA,NA,"blue",NA,NA,NA,NA,NA,NA,NA,NA,NA,NA,NA,NA,NA,2021-07-22,"YOSE8","SHS",2021-09-08,NA,56,NA,NA,NA,NA,NA,NA,NA,NA,NA,2021,NA
"2","0","X",NA,NA,"blue",NA,NA,NA,NA,NA,NA,NA,NA,NA,NA,NA,NA,NA,2021-07-22,"YOSE8","SHS",2021-09-08,NA,389,NA,NA,NA,NA,NA,NA,NA,NA,NA,2021,NA
"2","0","X",NA,NA,"blue",NA,NA,NA,NA,NA,NA,NA,NA,NA,NA,NA,NA,NA,2021-07-22,"YOSE8","SHS",2021-09-08,NA,10,NA,NA,NA,NA,NA,NA,NA,NA,NA,2021,NA
"2","0","X",NA,NA,"blue",NA,NA,NA,NA,NA,NA,NA,NA,NA,NA,NA,NA,NA,2021-07-22,"YOSE8","SHS",2021-09-08,NA,61,NA,NA,NA,NA,NA,NA,NA,NA,NA,2021,NA
"2","0","X",NA,NA,"blue",NA,NA,NA,NA,NA,NA,NA,NA,NA,NA,NA,NA,NA,2021-07-22,"YOSE8","SHS",2021-09-08,NA,8,NA,NA,NA,NA,NA,NA,NA,NA,NA,2021,NA
"2","0.5","X",NA,NA,"blue",NA,NA,NA,NA,NA,NA,NA,NA,NA,NA,NA,NA,NA,2021-07-22,"YOSE8","SHS",2021-09-08,NA,509,NA,NA,NA,NA,NA,NA,NA,NA,NA,2021,NA
"2","0.5","X",NA,NA,"blue",NA,NA,NA,NA,NA,NA,NA,NA,NA,NA,NA,NA,NA,2021-07-22,"YOSE8","SHS",2021-09-08,NA,123,NA,NA,NA,NA,NA,NA,NA,NA,NA,2021,NA
"2","1","X",NA,NA,"blue",NA,NA,NA,NA,NA,NA,NA,NA,NA,NA,NA,"in plot .5",NA,2021-07-22,"YOSE8","SHS",2021-09-08,NA,41,NA,NA,NA,NA,NA,NA,NA,NA,NA,2021,NA
"2","2.5","X",NA,NA,"blue",NA,NA,NA,NA,NA,NA,NA,NA,NA,NA,NA,NA,NA,2021-07-22,"YOSE8","SHS",2021-09-08,NA,906,NA,NA,NA,NA,NA,NA,NA,NA,NA,2021,NA
"2","2.5","X",NA,NA,"blue",NA,NA,NA,NA,NA,NA,NA,NA,NA,NA,NA,NA,NA,2021-07-22,"YOSE8","SHS",2021-09-08,NA,35,NA,NA,NA,NA,NA,NA,NA,NA,NA,2021,NA
"2","3","X",NA,NA,"blue",NA,NA,NA,NA,NA,NA,NA,NA,NA,NA,NA,NA,NA,2021-07-22,"YOSE8","SHS",2021-09-08,NA,82,NA,NA,NA,NA,NA,NA,NA,NA,NA,2021,NA
"2","3","X",NA,NA,"blue",NA,NA,NA,NA,NA,NA,NA,NA,NA,NA,NA,NA,NA,2021-07-22,"YOSE8","SHS",2021-09-08,NA,47,NA,NA,NA,NA,NA,NA,NA,NA,NA,2021,NA
"2","3",NA,NA,NA,"blue",NA,NA,NA,NA,NA,NA,NA,NA,NA,NA,NA,"missing;coords in hole",NA,2021-07-22,"YOSE8","SHS",2021-09-08,NA,19,NA,NA,NA,NA,NA,NA,NA,NA,NA,2021,NA
"2","3","X",NA,NA,"blue",NA,NA,NA,NA,NA,NA,NA,NA,NA,NA,NA,NA,NA,2021-07-22,"YOSE8","SHS",2021-09-08,NA,93,NA,NA,NA,NA,NA,NA,NA,NA,NA,2021,NA
"2","3","X",NA,NA,"blue",NA,NA,NA,NA,NA,NA,NA,NA,NA,NA,NA,NA,NA,2021-07-22,"YOSE8","SHS",2021-09-08,NA,44,NA,NA,NA,NA,NA,NA,NA,NA,NA,2021,NA
"2","3","X",NA,NA,"blue",NA,NA,NA,NA,NA,NA,NA,NA,NA,NA,NA,NA,NA,2021-07-22,"YOSE8","SHS",2021-09-08,NA,63,NA,NA,NA,NA,NA,NA,NA,NA,NA,2021,NA
"2","0.5","V",NA,NA,NA,NA,NA,"<1","1.6",1,"0.3",NA,NA,NA,NA,"Y",NA,NA,2021-07-22,"YOSE8","SHS",2021-09-08,NA,NA,NA,NA,NA,NA,NA,NA,NA,NA,NA,2021,0.5
"2","0.5","V",NA,NA,NA,NA,NA,"<1","2.1",1,"0.4",NA,NA,NA,NA,"Y",NA,NA,2021-07-22,"YOSE8","SHS",2021-09-12,NA,NA,NA,NA,NA,NA,NA,NA,NA,NA,NA,2021,0.5
"2","0.5","V",NA,NA,NA,NA,NA,"<1","1.3",1,"0.2",NA,NA,NA,NA,"Y",NA,NA,2021-07-22,"YOSE8","SHS",2021-09-12,NA,NA,NA,NA,NA,NA,NA,NA,NA,NA,NA,2021,0.5
"2","1","V",10,3,"red",NA,NA,"0.71","1.8",1,"1.1",NA,NA,NA,NA,"N",NA,NA,2021-07-22,"YOSE8","SHS",2021-09-12,NA,NA,NA,NA,NA,NA,NA,NA,NA,NA,NA,2021,0.5
"2","1","V",18,6,"red",NA,NA,"0.64","1.5",1,"0.6",NA,NA,NA,NA,"Y",NA,NA,2021-07-22,"YOSE8","SHS",2021-09-12,NA,NA,NA,NA,NA,NA,NA,NA,NA,NA,NA,2021,0.5
"2","1","V",23,3,"red",NA,NA,"0.84","2.0",1,"0.7",NA,NA,NA,NA,"Y",NA,NA,2021-07-22,"YOSE8","SHS",2021-09-12,NA,NA,NA,NA,NA,NA,NA,NA,NA,NA,NA,2021,0.5
"2","1","V",26,2,"red",NA,NA,"0.57","1.0",1,"0.7",NA,NA,NA,NA,"Y",NA,NA,2021-07-22,"YOSE8","SHS",2021-09-12,NA,NA,NA,NA,NA,NA,NA,NA,NA,NA,NA,2021,0.5
"2","1","V",37,3,"red",NA,NA,"0.84","2.4",1,"1.0",NA,NA,NA,NA,"Y",NA,NA,2021-07-22,"YOSE8","SHS",2021-09-12,NA,NA,NA,NA,NA,NA,NA,NA,NA,NA,NA,2021,0.5
"2","1","V",44,12,"purple",NA,NA,"0.9","4.8",1,"1.3",NA,NA,NA,NA,"Y",NA,NA,2021-07-22,"YOSE8","SHS",2021-09-12,NA,98,NA,NA,NA,NA,NA,NA,NA,NA,NA,2021,0.5
"2","1","V",5,19,"purple",NA,NA,"1.73","4.6",1,"1.9",NA,NA,NA,NA,"Y",NA,NA,2021-07-22,"YOSE8","SHS",2021-09-12,NA,30,NA,NA,NA,NA,NA,NA,NA,NA,NA,2021,1.73
"2","1","V",NA,NA,NA,NA,NA,"<1","4.2",1,"0.8",NA,NA,NA,NA,"N",NA,NA,2021-07-22,"YOSE8","SHS",2021-09-12,NA,NA,NA,NA,NA,NA,NA,NA,NA,NA,NA,2021,0.5
"2","1","V",NA,NA,NA,NA,NA,"<1","4.6",1,"0.5",NA,NA,NA,NA,"N",NA,NA,2021-07-22,"YOSE8","SHS",2021-09-12,NA,NA,NA,NA,NA,NA,NA,NA,NA,NA,NA,2021,0.5
"2","1","V",NA,NA,NA,NA,NA,"<1","1.6",1,"0.8",NA,NA,NA,NA,"N",NA,NA,2021-07-22,"YOSE8","SHS",2021-09-12,NA,NA,NA,NA,NA,NA,NA,NA,NA,NA,NA,2021,0.5
"2","1","V",NA,NA,NA,NA,NA,"<1","4.1",1,"1.2",NA,NA,NA,NA,"N",NA,NA,2021-07-22,"YOSE8","SHS",2021-09-12,NA,NA,NA,NA,NA,NA,NA,NA,NA,NA,NA,2021,0.5
"2","1","V",NA,NA,NA,NA,NA,"<1","1.4",1,"0.5",NA,NA,NA,NA,"N",NA,NA,2021-07-22,"YOSE8","SHS",2021-09-12,NA,NA,NA,NA,NA,NA,NA,NA,NA,NA,NA,2021,0.5
"2","1","V",NA,NA,NA,NA,NA,"<1","1.2",1,"0.4",NA,NA,NA,NA,"N",NA,NA,2021-07-22,"YOSE8","SHS",2021-09-12,NA,NA,NA,NA,NA,NA,NA,NA,NA,NA,NA,2021,0.5
"2","3.5","V",NA,NA,NA,NA,NA,"<.5","0.8",1,"0.3",NA,NA,NA,NA,"Y",NA,NA,2021-07-22,"YOSE8","SHS",2021-09-12,NA,NA,NA,NA,NA,NA,NA,NA,NA,NA,NA,2021,0.5
"2","3.5","V",26,8,"red",NA,NA,"0.74","1.6",1,"0.9",NA,NA,NA,NA,"Y",NA,NA,2021-07-22,"YOSE8","SHS",2021-09-12,NA,NA,NA,NA,NA,NA,NA,NA,NA,NA,NA,2021,0.5
"2","3.5","V",NA,NA,NA,NA,NA,"<.5","1.1",1,"0.3",NA,NA,NA,NA,"Y",NA,NA,2021-07-22,"YOSE8","SHS",2021-09-12,NA,NA,NA,NA,NA,NA,NA,NA,NA,NA,NA,2021,0.5
"2","3.5","V",NA,NA,NA,NA,NA,"<.5","0.9",1,"0.5",NA,NA,NA,NA,"N",NA,NA,2021-07-22,"YOSE8","SHS",2021-09-12,NA,NA,NA,NA,NA,NA,NA,NA,NA,NA,NA,2021,0.5
"2","3.5","V",47,15,"red",NA,NA,"0.54","1.6",1,"0.4",NA,NA,NA,NA,"Y",NA,NA,2021-07-22,"YOSE8","SHS",2021-09-12,NA,NA,NA,NA,NA,NA,NA,NA,NA,NA,NA,2021,0.5
"2","3.5","V",NA,NA,NA,NA,NA,"0.48","1.5",1,"0.5",NA,NA,NA,NA,"Y",NA,NA,2021-07-22,"YOSE8","SHS",2021-09-12,NA,NA,NA,NA,NA,NA,NA,NA,NA,NA,NA,2021,0.5
"2","3.5","V",NA,NA,NA,NA,NA,"<.5","1.3",1,"0.6",NA,NA,NA,NA,"Y",NA,NA,2021-07-22,"YOSE8","SHS",2021-09-12,NA,NA,NA,NA,NA,NA,NA,NA,NA,NA,NA,2021,0.5
"2","3.5","V",2,20,"red",NA,NA,"0.74","2.6",1,"0.9",NA,NA,NA,NA,"Y",NA,NA,2021-07-22,"YOSE8","SHS",2021-09-12,NA,NA,NA,NA,NA,NA,NA,NA,NA,NA,NA,2021,0.5
"2","3.5","V",3,17,"red",NA,NA,"0.75","1.7",2,"0.6",NA,NA,NA,NA,"Y",NA,NA,2021-07-22,"YOSE8","SHS",2021-09-12,NA,NA,NA,NA,NA,NA,NA,NA,NA,NA,NA,2021,0.5
"2","3.5","V",3,19,"red",NA,NA,"0.59","1.5",1,"0.3",NA,NA,NA,NA,"Y",NA,NA,2021-07-22,"YOSE8","SHS",2021-09-12,NA,NA,NA,NA,NA,NA,NA,NA,NA,NA,NA,2021,0.5
"2","3.5","V",NA,NA,NA,NA,NA,"<1","1.9",1,"0.9",NA,NA,NA,NA,"Y",NA,NA,2021-07-22,"YOSE8","SHS",2021-09-12,NA,NA,NA,NA,NA,NA,NA,NA,NA,NA,NA,2021,0.5
"2","3.5","V",NA,NA,NA,NA,NA,"<1","2.4",1,"1.4",NA,NA,NA,NA,"Y",NA,NA,2021-07-22,"YOSE8","SHS",2021-09-12,NA,NA,NA,NA,NA,NA,NA,NA,NA,NA,NA,2021,0.5
"2","3.5","V",NA,NA,NA,NA,NA,"<1","2.1",1,"1.6",NA,NA,NA,NA,"Y",NA,NA,2021-07-22,"YOSE8","SHS",2021-09-12,NA,NA,NA,NA,NA,NA,NA,NA,NA,NA,NA,2021,0.5
"2","3.5","V",NA,NA,NA,NA,NA,"<1","1.6",1,"1.0",NA,NA,NA,NA,"N",NA,NA,2021-07-22,"YOSE8","SHS",2021-09-12,NA,NA,NA,NA,NA,NA,NA,NA,NA,NA,NA,2021,0.5
"2","3.5","V",NA,NA,NA,NA,NA,"<1","1.7",1,"1.2",NA,NA,NA,NA,"N",NA,NA,2021-07-22,"YOSE8","SHS",2021-09-12,NA,NA,NA,NA,NA,NA,NA,NA,NA,NA,NA,2021,0.5
"2","3.5","V",7,34,"purple",NA,NA,"1.39","2.4",1,"1.8",NA,NA,NA,NA,"N",NA,NA,2021-07-22,"YOSE8","SHS",2021-09-12,NA,79,NA,NA,NA,NA,NA,NA,NA,NA,NA,2021,1.39
"2","3.5","V",1,38,"purple",NA,NA,"1.8","3.4",1,"2.3",NA,NA,NA,NA,NA,NA,NA,2021-07-22,"YOSE8","SHS",2021-09-12,NA,51,NA,NA,NA,NA,NA,NA,NA,NA,NA,2021,1.8
"2","2","V",16,5,NA,NA,NA,"2.23","4.8",1,"1.9",NA,NA,NA,NA,"Y",NA,NA,2021-07-22,"YOSE8","SHS",2021-09-12,NA,26,NA,NA,NA,NA,NA,NA,NA,NA,NA,2021,2.23
"2","2","V",NA,NA,NA,NA,NA,"<.5","2.6",1,"0.4",NA,NA,NA,NA,"Y",NA,NA,2021-07-22,"YOSE8","SHS",2021-09-12,NA,NA,NA,NA,NA,NA,NA,NA,NA,NA,NA,2021,0.5
"2","2","V",18,4,NA,NA,NA,"0.76","3.9",1,"1.4",NA,NA,NA,NA,"Y",NA,NA,2021-07-22,"YOSE8","SHS",2021-09-12,NA,NA,NA,NA,NA,NA,NA,NA,NA,NA,NA,2021,0.5
"2","3.5",NA,NA,NA,"blue",NA,NA,NA,NA,NA,NA,NA,NA,NA,NA,NA,"missing-band found in 5",NA,2021-07-22,"YOSE8","SHS",2021-09-12,NA,760,NA,NA,NA,NA,NA,NA,NA,NA,NA,2021,NA
"2","3.5","X",NA,NA,"blue",NA,NA,NA,NA,NA,NA,NA,NA,NA,NA,NA,NA,NA,2021-07-22,"YOSE8","SHS",2021-09-12,NA,414,NA,NA,NA,NA,NA,NA,NA,NA,NA,2021,NA
"2","3.5","X",NA,NA,"blue",NA,NA,NA,NA,NA,NA,NA,NA,NA,NA,NA,NA,NA,2021-07-22,"YOSE8","SHS",2021-09-12,NA,28,NA,NA,NA,NA,NA,NA,NA,NA,NA,2021,NA
"2","3.5","X",NA,NA,"blue",NA,NA,NA,NA,NA,NA,NA,NA,NA,NA,NA,NA,NA,2021-07-22,"YOSE8","SHS",2021-09-12,NA,49,NA,NA,NA,NA,NA,NA,NA,NA,NA,2021,NA
"2","3.5","X",NA,NA,"blue",NA,NA,NA,NA,NA,NA,NA,NA,NA,NA,NA,NA,NA,2021-07-22,"YOSE8","SHS",2021-09-12,NA,67,NA,NA,NA,NA,NA,NA,NA,NA,NA,2021,NA
"2","4","X",NA,NA,"blue",NA,NA,NA,NA,NA,NA,NA,NA,NA,NA,NA,NA,NA,2021-07-22,"YOSE8","SHS",2021-09-12,NA,785,NA,NA,NA,NA,NA,NA,NA,NA,NA,2021,NA
"2","4","X",NA,NA,"blue",NA,NA,NA,NA,NA,NA,NA,NA,NA,NA,NA,"new plant;germd in band",NA,2021-07-22,"YOSE8","SHS",2021-09-12,NA,756,NA,NA,NA,NA,NA,NA,NA,NA,NA,2021,NA
"2","4","X",NA,NA,"blue",NA,NA,NA,NA,NA,NA,NA,NA,NA,NA,NA,NA,NA,2021-07-22,"YOSE8","SHS",2021-09-12,NA,600,NA,NA,NA,NA,NA,NA,NA,NA,NA,2021,NA
"2","4","X",NA,NA,"blue",NA,NA,NA,NA,NA,NA,NA,NA,NA,NA,NA,NA,NA,2021-07-22,"YOSE8","SHS",2021-09-12,NA,49,NA,NA,NA,NA,NA,NA,NA,NA,NA,2021,NA
"2","4",NA,NA,NA,"blue",NA,NA,NA,NA,NA,NA,NA,NA,NA,NA,NA,"think this was 74;but hard to read",NA,2021-07-22,"YOSE8","SHS",2021-09-12,NA,24,NA,NA,NA,NA,NA,NA,NA,NA,NA,2021,NA
"2","4.5",NA,NA,NA,"blue",NA,NA,NA,NA,NA,NA,NA,NA,NA,NA,NA,"missing",NA,2021-07-22,"YOSE8","SHS",2021-09-12,NA,4,NA,NA,NA,NA,NA,NA,NA,NA,NA,2021,NA
"2","4.5","X",NA,NA,"blue",NA,NA,NA,NA,NA,NA,NA,NA,NA,NA,NA,NA,NA,2021-07-22,"YOSE8","SHS",2021-09-12,NA,96,NA,NA,NA,NA,NA,NA,NA,NA,NA,2021,NA
"2","4.5","X",NA,NA,"blue",NA,NA,NA,NA,NA,NA,NA,NA,NA,NA,NA,NA,NA,2021-07-22,"YOSE8","SHS",2021-09-12,NA,660,NA,NA,NA,NA,NA,NA,NA,NA,NA,2021,NA
"2","4.5","X",NA,NA,"blue",NA,NA,NA,NA,NA,NA,NA,NA,NA,NA,NA,NA,NA,2021-07-22,"YOSE8","SHS",2021-09-12,NA,77,NA,NA,NA,NA,NA,NA,NA,NA,NA,2021,NA
"2","4.5","X",NA,NA,"blue",NA,NA,NA,NA,NA,NA,NA,NA,NA,NA,NA,NA,NA,2021-07-22,"YOSE8","SHS",2021-09-12,NA,65,NA,NA,NA,NA,NA,NA,NA,NA,NA,2021,NA
"2","4.5",NA,NA,NA,"yellow",NA,NA,NA,NA,NA,NA,NA,NA,NA,NA,NA,NA,NA,2021-07-22,"YOSE8","SHS",2021-09-12,NA,8,NA,NA,NA,NA,NA,NA,NA,NA,NA,2021,NA
"2","4.5","X",NA,NA,"yellow",NA,NA,NA,NA,NA,NA,NA,NA,NA,NA,NA,NA,NA,2021-07-22,"YOSE8","SHS",2021-09-12,NA,54,NA,NA,NA,NA,NA,NA,NA,NA,NA,2021,NA
"2","5.5","X",NA,NA,"blue",NA,NA,NA,NA,NA,NA,NA,NA,NA,NA,NA,NA,NA,2021-07-22,"YOSE8","SHS",2021-09-12,NA,60,NA,NA,NA,NA,NA,NA,NA,NA,NA,2021,NA
"2","5.5","X",NA,NA,"blue",NA,NA,NA,NA,NA,NA,NA,NA,NA,NA,NA,NA,NA,2021-07-22,"YOSE8","SHS",2021-09-12,NA,128,NA,NA,NA,NA,NA,NA,NA,NA,NA,2021,NA
"2","5.5","X",NA,NA,"blue",NA,NA,NA,NA,NA,NA,NA,NA,NA,NA,NA,NA,NA,2021-07-22,"YOSE8","SHS",2021-09-12,NA,73,NA,NA,NA,NA,NA,NA,NA,NA,NA,2021,NA
"2","5","X",NA,NA,"blue",NA,NA,NA,NA,NA,NA,NA,NA,NA,NA,NA,NA,NA,2021-07-22,"YOSE8","SHS",2021-09-12,NA,63,NA,NA,NA,NA,NA,NA,NA,NA,NA,2021,NA
"2","5","X",NA,NA,"blue",NA,NA,NA,NA,NA,NA,NA,NA,NA,NA,NA,NA,NA,2021-07-22,"YOSE8","SHS",2021-09-12,NA,88,NA,NA,NA,NA,NA,NA,NA,NA,NA,2021,NA
"2","5","X",NA,NA,"blue",NA,NA,NA,NA,NA,NA,NA,NA,NA,NA,NA,NA,NA,2021-07-22,"YOSE8","SHS",2021-09-12,NA,906,NA,NA,NA,NA,NA,NA,NA,NA,NA,2021,NA
"2","5","X",NA,NA,"blue",NA,NA,NA,NA,NA,NA,NA,NA,NA,NA,NA,NA,NA,2021-07-22,"YOSE8","SHS",2021-09-12,NA,87,NA,NA,NA,NA,NA,NA,NA,NA,NA,2021,NA
"2","2",NA,NA,NA,NA,NA,NA,"<.5","1.9",1,"0.4",NA,NA,NA,NA,"Y",NA,NA,2021-07-22,"YOSE8","SHS",2021-09-12,NA,NA,NA,NA,NA,NA,NA,NA,NA,NA,NA,2021,0.5
"2","2",NA,20,7,NA,NA,NA,"0.93","1.6",1,"0.7",NA,NA,NA,NA,"Y",NA,NA,2021-07-22,"YOSE8","SHS",2021-09-12,NA,NA,NA,NA,NA,NA,NA,NA,NA,NA,NA,2021,0.5
"2","2",NA,20,8,NA,NA,NA,"0.94","1.4",1,"0.6",NA,NA,NA,NA,"Y",NA,NA,2021-07-22,"YOSE8","SHS",2021-09-12,NA,NA,NA,NA,NA,NA,NA,NA,NA,NA,NA,2021,0.5
"2","2",NA,NA,NA,NA,NA,NA,"<.5","1.4",1,"0.4",NA,NA,NA,NA,"Y",NA,NA,2021-07-22,"YOSE8","SHS",2021-09-12,NA,NA,NA,NA,NA,NA,NA,NA,NA,NA,NA,2021,0.5
"2","2",NA,27,2,"orange",NA,NA,"0.95","2.1",1,"1.2",NA,NA,NA,NA,"Y",NA,NA,2021-07-22,"YOSE8","SHS",2021-09-12,NA,NA,NA,NA,NA,NA,NA,NA,NA,NA,NA,2021,0.5
"2","2",NA,NA,NA,NA,NA,NA,"<.5","1.6",1,"0.7",NA,NA,NA,NA,"Y",NA,NA,2021-07-22,"YOSE8","SHS",2021-09-12,NA,NA,NA,NA,NA,NA,NA,NA,NA,NA,NA,2021,0.5
"2","2","V",28,4,"orange",NA,NA,"0.8","1.9",1,"1.1",NA,NA,NA,NA,"Y",NA,NA,2021-07-22,"YOSE8","SHS",2021-09-12,NA,NA,NA,NA,NA,NA,NA,NA,NA,NA,NA,2021,0.5
"2","2","X",NA,NA,NA,NA,NA,NA,NA,NA,NA,NA,NA,NA,NA,NA,"Herbivorized",NA,2021-07-22,"YOSE8","SHS",2021-09-12,NA,NA,NA,NA,NA,NA,NA,NA,NA,NA,NA,2021,NA
"2","2","V",NA,NA,NA,NA,NA,"<.5","1.4",1,"0.4",NA,NA,NA,NA,"Y",NA,NA,2021-07-22,"YOSE8","SHS",2021-09-12,NA,NA,NA,NA,NA,NA,NA,NA,NA,NA,NA,2021,0.5
"2","2","X",NA,NA,NA,NA,NA,NA,NA,NA,NA,NA,NA,NA,NA,NA,NA,NA,2021-07-22,"YOSE8","SHS",2021-09-12,NA,NA,NA,NA,NA,NA,NA,NA,NA,NA,NA,2021,NA
"2","2","V",NA,NA,NA,NA,NA,"<1","1.1",1,"0.7",NA,NA,NA,NA,"Y",NA,NA,2021-07-22,"YOSE8","SHS",2021-09-12,NA,NA,NA,NA,NA,NA,NA,NA,NA,NA,NA,2021,0.5
"2","2","V",NA,NA,NA,NA,NA,"<1","0.9",1,"0.4",NA,NA,NA,NA,"Y",NA,NA,2021-07-22,"YOSE8","SHS",2021-09-12,NA,NA,NA,NA,NA,NA,NA,NA,NA,NA,NA,2021,0.5
"2","2","V",NA,NA,NA,NA,NA,"<1","2.4",1,"0.8",NA,NA,NA,NA,"Y",NA,NA,2021-07-22,"YOSE8","SHS",2021-09-12,NA,NA,NA,NA,NA,NA,NA,NA,NA,NA,NA,2021,0.5
"2","2","V",NA,NA,NA,NA,NA,"<1","0.9",1,"0.2",NA,NA,NA,NA,"Y",NA,NA,2021-07-22,"YOSE8","SHS",2021-09-12,NA,NA,NA,NA,NA,NA,NA,NA,NA,NA,NA,2021,0.5
"2","2","V",NA,NA,NA,NA,NA,"<1","0.9",1,"0.2",NA,NA,NA,NA,"Y",NA,NA,2021-07-22,"YOSE8","SHS",2021-09-12,NA,NA,NA,NA,NA,NA,NA,NA,NA,NA,NA,2021,0.5
"2","2","V",NA,NA,NA,NA,NA,"<1","1.1",1,"0.2",NA,NA,NA,NA,"Y",NA,NA,2021-07-22,"YOSE8","SHS",2021-09-12,NA,NA,NA,NA,NA,NA,NA,NA,NA,NA,NA,2021,0.5
"2","2","V",NA,NA,NA,NA,NA,"<1","0.9",1,"0.8",NA,NA,NA,NA,"Y",NA,NA,2021-07-22,"YOSE8","SHS",2021-09-12,NA,NA,NA,NA,NA,NA,NA,NA,NA,NA,NA,2021,0.5
"2","2","V",NA,NA,NA,NA,NA,"<1","4.0",1,"0.1",NA,NA,NA,NA,"Y",NA,NA,2021-07-22,"YOSE8","SHS",2021-09-12,NA,NA,NA,NA,NA,NA,NA,NA,NA,NA,NA,2021,0.5
"2","2","V",NA,NA,NA,NA,NA,"<1","1.4",1,"0.4",NA,NA,NA,NA,"Y",NA,NA,2021-07-22,"YOSE8","SHS",2021-09-12,NA,NA,NA,NA,NA,NA,NA,NA,NA,NA,NA,2021,0.5
"2","2","V",NA,NA,NA,NA,NA,"<1","1.2",1,"0.3",NA,NA,NA,NA,"Y",NA,NA,2021-07-22,"YOSE8","SHS",2021-09-12,NA,NA,NA,NA,NA,NA,NA,NA,NA,NA,NA,2021,0.5
"2","2","V",NA,NA,NA,NA,NA,"<1","1.6",1,"0.5",NA,NA,NA,NA,"Y",NA,NA,2021-07-22,"YOSE8","SHS",2021-09-12,NA,NA,NA,NA,NA,NA,NA,NA,NA,NA,NA,2021,0.5
"2","2","V",NA,NA,NA,NA,NA,"<1","0.6",1,"0.2",NA,NA,NA,NA,"Y",NA,NA,2021-07-22,"YOSE8","SHS",2021-09-12,NA,NA,NA,NA,NA,NA,NA,NA,NA,NA,NA,2021,0.5
"2","2","V",NA,NA,NA,NA,NA,"<1","0.4",1,"0.3",NA,NA,NA,NA,"Y",NA,NA,2021-07-22,"YOSE8","SHS",2021-09-12,NA,NA,NA,NA,NA,NA,NA,NA,NA,NA,NA,2021,0.5
"2","2","V",NA,NA,NA,NA,NA,"<1","0.8",1,"0.3",NA,NA,NA,NA,"Y",NA,NA,2021-07-22,"YOSE8","SHS",2021-09-12,NA,NA,NA,NA,NA,NA,NA,NA,NA,NA,NA,2021,0.5
"2","2","V",NA,NA,NA,NA,NA,"<1","1.1",1,"0.4",NA,NA,NA,NA,"Y",NA,NA,2021-07-22,"YOSE8","SHS",2021-09-12,NA,NA,NA,NA,NA,NA,NA,NA,NA,NA,NA,2021,0.5
"2","2","V",NA,NA,NA,NA,NA,"<1","1.9",1,"0.6",NA,NA,NA,NA,"Y",NA,NA,2021-07-22,"YOSE8","SHS",2021-09-12,NA,NA,NA,NA,NA,NA,NA,NA,NA,NA,NA,2021,0.5
"2","2","V",NA,NA,NA,NA,NA,"<1","1.5",1,"0.6",NA,NA,NA,NA,"Y",NA,NA,2021-07-22,"YOSE8","SHS",2021-09-12,NA,NA,NA,NA,NA,NA,NA,NA,NA,NA,NA,2021,0.5
"2","2","V",NA,NA,NA,NA,NA,"<1","1.6",1,"0.4",NA,NA,NA,NA,"Y",NA,NA,2021-07-22,"YOSE8","SHS",2021-09-12,NA,NA,NA,NA,NA,NA,NA,NA,NA,NA,NA,2021,0.5
"2","2","V",NA,NA,NA,NA,NA,"<1","1.4",1,"0.6",NA,NA,NA,NA,"Y",NA,NA,2021-07-22,"YOSE8","SHS",2021-09-12,NA,NA,NA,NA,NA,NA,NA,NA,NA,NA,NA,2021,0.5
"2","2","V",NA,NA,NA,NA,NA,"<1","1.6",1,"0.5",NA,NA,NA,NA,"Y",NA,NA,2021-07-22,"YOSE8","SHS",2021-09-12,NA,NA,NA,NA,NA,NA,NA,NA,NA,NA,NA,2021,0.5
"2","2","V",NA,NA,NA,NA,NA,"<1","1.9",1,"0.9",NA,NA,NA,NA,"Y",NA,NA,2021-07-22,"YOSE8","SHS",2021-09-12,NA,NA,NA,NA,NA,NA,NA,NA,NA,NA,NA,2021,0.5
"2","2","V",NA,NA,NA,NA,NA,"<1","1.2",1,"0.5",NA,NA,NA,NA,"Y",NA,NA,2021-07-22,"YOSE8","SHS",2021-09-12,NA,NA,NA,NA,NA,NA,NA,NA,NA,NA,NA,2021,0.5
"2","2","V",NA,NA,NA,NA,NA,"<1","3.0",1,"0.5",NA,NA,NA,NA,"Y",NA,NA,2021-07-22,"YOSE8","SHS",2021-09-12,NA,NA,NA,NA,NA,NA,NA,NA,NA,NA,NA,2021,0.5
"2","2","V",NA,NA,NA,NA,NA,"<1","2.1",1,"0.4",NA,NA,NA,NA,"Y",NA,NA,2021-07-22,"YOSE8","SHS",2021-09-12,NA,NA,NA,NA,NA,NA,NA,NA,NA,NA,NA,2021,0.5
"2","2","V",NA,NA,NA,NA,NA,"<1",NA,1,NA,NA,NA,NA,NA,NA,NA,NA,2021-07-22,"YOSE8","SHS",2021-09-12,NA,NA,NA,NA,NA,NA,NA,NA,NA,NA,NA,2021,0.5
"2","2","V",NA,NA,NA,NA,NA,"<1","3.2",1,"1.2",NA,NA,NA,NA,NA,NA,NA,2021-07-22,"YOSE8","SHS",2021-09-12,NA,NA,NA,NA,NA,NA,NA,NA,NA,NA,NA,2021,0.5
"2","2","V",50,16,"orange",NA,NA,"<1","2.5",1,"2.1",NA,NA,NA,NA,"Y",NA,NA,2021-07-22,"YOSE8","SHS",2021-09-12,NA,56,NA,NA,NA,NA,NA,NA,NA,NA,NA,2021,0.5
"2","2","X",NA,NA,NA,NA,NA,"<1",NA,NA,NA,NA,NA,NA,NA,NA,NA,NA,2021-07-22,"YOSE8","SHS",2021-09-12,NA,NA,NA,NA,NA,NA,NA,NA,NA,NA,NA,2021,0.5
"2","2","X",NA,NA,NA,NA,NA,"<1",NA,NA,NA,NA,NA,NA,NA,NA,NA,NA,2021-07-22,"YOSE8","SHS",2021-09-12,NA,NA,NA,NA,NA,NA,NA,NA,NA,NA,NA,2021,0.5
"2","2","X",NA,NA,NA,NA,NA,"<1",NA,NA,NA,NA,NA,NA,NA,NA,NA,NA,2021-07-22,"YOSE8","SHS",2021-09-12,NA,NA,NA,NA,NA,NA,NA,NA,NA,NA,NA,2021,0.5
"2","2","X",NA,NA,NA,NA,NA,"<1",NA,NA,NA,NA,NA,NA,NA,NA,NA,NA,2021-07-22,"YOSE8","SHS",2021-09-12,NA,NA,NA,NA,NA,NA,NA,NA,NA,NA,NA,2021,0.5
"2","2","V",NA,NA,NA,NA,NA,"<1","1.3",1,"1.3",NA,NA,NA,NA,"Y",NA,NA,2021-07-22,"YOSE8","SHS",2021-09-12,NA,NA,NA,NA,NA,NA,NA,NA,NA,NA,NA,2021,0.5
"2","2","V",3,34,"orange",NA,NA,"1.06","2.9",1,"1.4",NA,NA,NA,NA,"Y",NA,NA,2021-07-22,"YOSE8","SHS",2021-09-12,NA,37,NA,NA,NA,NA,NA,NA,NA,NA,NA,2021,1.06
"2","2","V",NA,NA,NA,NA,NA,"<1","1.7",1,"0.8",NA,NA,NA,NA,"Y",NA,NA,2021-07-22,"YOSE8","SHS",2021-09-12,NA,NA,NA,NA,NA,NA,NA,NA,NA,NA,NA,2021,0.5
"2","2.5","X",14,4,"orange",NA,NA,"0.83","1.5",1,"0.7",NA,NA,NA,NA,"Y",NA,NA,2021-07-22,"YOSE8","SHS",2021-09-12,NA,NA,NA,NA,NA,NA,NA,NA,NA,NA,NA,2021,0.5
"2","2.5","V",18,7,"orange",NA,NA,"0.85","1.9",1,"1.0",NA,NA,NA,NA,"Y",NA,NA,2021-07-22,"YOSE8","SHS",2021-09-12,NA,NA,NA,NA,NA,NA,NA,NA,NA,NA,NA,2021,0.5
"2","2.5","V",20,6,"orange",NA,NA,"0.6","1.5",1,"0.7",NA,NA,NA,NA,"Y",NA,NA,2021-07-22,"YOSE8","SHS",2021-09-12,NA,NA,NA,NA,NA,NA,NA,NA,NA,NA,NA,2021,0.5
"2","2.5","V",33,2,"red",NA,NA,"0.63","1.1",1,"0.8",NA,NA,NA,NA,"Y",NA,NA,2021-07-22,"YOSE8","SHS",2021-09-12,NA,NA,NA,NA,NA,NA,NA,NA,NA,NA,NA,2021,0.5
"2","2.5","X",35,9,"red",NA,NA,"0.86","1.7",1,"1.1",NA,NA,NA,NA,"Y",NA,NA,2021-07-22,"YOSE8","SHS",2021-09-12,NA,NA,NA,NA,NA,NA,NA,NA,NA,NA,NA,2021,0.5
"2","2.5","V",NA,NA,NA,NA,NA,"<1","0.9",1,"0.5",NA,NA,NA,NA,"Y",NA,NA,2021-07-22,"YOSE8","SHS",2021-09-12,NA,NA,NA,NA,NA,NA,NA,NA,NA,NA,NA,2021,0.5
"2","2.5","V",NA,NA,NA,NA,NA,NA,NA,NA,NA,NA,NA,NA,NA,NA,NA,NA,2021-07-22,"YOSE8","SHS",2021-09-12,NA,NA,NA,NA,NA,NA,NA,NA,NA,NA,NA,2021,NA
"2","2.5","V",NA,NA,NA,NA,NA,"<1","1.4",1,"0.6",NA,NA,NA,NA,NA,NA,NA,2021-07-22,"YOSE8","SHS",2021-09-12,NA,NA,NA,NA,NA,NA,NA,"Y",NA,NA,NA,2021,0.5
"2","2.5","V",NA,NA,NA,NA,NA,"<1","1.1",1,"0.7",NA,NA,NA,NA,NA,NA,NA,2021-07-22,"YOSE8","SHS",2021-09-12,NA,NA,NA,NA,NA,NA,NA,"Y",NA,NA,NA,2021,0.5
"2","2.5","V",NA,NA,NA,NA,NA,"<1","2.2",1,"1.5",NA,NA,NA,NA,NA,NA,NA,2021-07-22,"YOSE8","SHS",2021-09-12,NA,NA,NA,NA,NA,NA,NA,"Y",NA,NA,NA,2021,0.5
"2","2.5","X",NA,NA,NA,NA,NA,NA,NA,NA,NA,NA,NA,NA,NA,NA,NA,NA,2021-07-22,"YOSE8","SHS",2021-09-12,NA,NA,NA,NA,NA,NA,NA,NA,NA,NA,NA,2021,NA
"2","2.5","X",NA,NA,NA,NA,NA,"<1","1.3",1,"0.6",NA,NA,NA,NA,NA,NA,NA,2021-07-22,"YOSE8","SHS",2021-09-12,NA,NA,NA,NA,NA,NA,NA,"Y",NA,NA,NA,2021,0.5
"2","2.5","X",NA,NA,NA,NA,NA,"<1","1.3",1,"0.8",NA,NA,NA,NA,NA,NA,NA,2021-07-22,"YOSE8","SHS",2021-09-12,NA,NA,NA,NA,NA,NA,NA,"Y",NA,NA,NA,2021,0.5
"2","2.5","X",NA,NA,NA,NA,NA,"<1","1.7",1,"1.1",NA,NA,NA,NA,NA,NA,NA,2021-07-22,"YOSE8","SHS",2021-09-12,NA,NA,NA,NA,NA,NA,NA,"Y",NA,NA,NA,2021,0.5
"2","2.5","V",NA,NA,NA,NA,NA,"<1","1.6",1,"0.6",NA,NA,NA,NA,NA,NA,NA,2021-07-22,"YOSE8","SHS",2021-09-12,NA,NA,NA,NA,NA,NA,NA,"Y",NA,NA,NA,2021,0.5
"2","2.5","V",NA,NA,NA,NA,NA,"<1","2.2",1,"1.1",NA,NA,NA,NA,NA,NA,NA,2021-07-22,"YOSE8","SHS",2021-09-12,NA,NA,NA,NA,NA,NA,NA,"Y",NA,NA,NA,2021,0.5
"2","2.5","V",NA,NA,NA,NA,NA,NA,NA,NA,NA,NA,NA,NA,NA,NA,NA,NA,2021-07-22,"YOSE8","SHS",2021-09-12,NA,NA,NA,NA,NA,NA,NA,NA,NA,NA,NA,2021,NA
"2","2.5","V",NA,NA,NA,NA,NA,NA,NA,NA,NA,NA,NA,NA,NA,NA,NA,NA,2021-07-22,"YOSE8","SHS",2021-09-12,NA,NA,NA,NA,NA,NA,NA,NA,NA,NA,NA,2021,NA
"2","2.5","V",NA,NA,NA,NA,NA,NA,NA,NA,NA,NA,NA,NA,NA,NA,NA,NA,2021-07-22,"YOSE8","SHS",2021-09-12,NA,NA,NA,NA,NA,NA,NA,NA,NA,NA,NA,2021,NA
"2","2.5","V",NA,NA,NA,NA,NA,NA,NA,NA,NA,NA,NA,NA,NA,NA,NA,NA,2021-07-22,"YOSE8","SHS",2021-09-12,NA,NA,NA,NA,NA,NA,NA,NA,NA,NA,NA,2021,NA
"2","2.5","V",NA,NA,NA,NA,NA,"<1","1.4",1,"1.2",NA,NA,NA,NA,NA,NA,NA,2021-07-22,"YOSE8","SHS",2021-09-12,NA,NA,NA,NA,NA,NA,NA,"Y",NA,NA,NA,2021,0.5
"2","2.5","V",44,35,"red",NA,NA,"1.01","1.7",1,"1.3",NA,NA,NA,NA,NA,NA,NA,2021-07-22,"YOSE8","SHS",2021-09-12,NA,46,NA,NA,NA,NA,NA,"Y",NA,NA,NA,2021,1.01
"2","2.5","V",37,47,"blue",NA,NA,"1.02","1.8",1,"1.4",NA,NA,NA,NA,NA,NA,NA,2021-07-22,"YOSE8","SHS",2021-09-12,NA,410,NA,NA,NA,NA,NA,"Y",NA,NA,NA,2021,1.02
"2","2.5","V",34,47,"blue",NA,NA,"1.31","3.2",1,"1.3",NA,NA,NA,NA,NA,NA,NA,2021-07-22,"YOSE8","SHS",2021-09-12,NA,5,NA,NA,NA,NA,NA,"Y",NA,NA,NA,2021,1.31
"2","2.5","V",NA,NA,NA,NA,NA,"<1","0.9",1,"0.3",NA,NA,NA,NA,NA,NA,NA,2021-07-22,"YOSE8","SHS",2021-09-12,NA,NA,NA,NA,NA,NA,NA,"Y",NA,NA,NA,2021,0.5
"2","3","V",7,2,"blue",NA,NA,"0.73","1.6",1,"0.5",NA,NA,NA,NA,NA,NA,NA,2021-07-22,"YOSE8","SHS",2021-11-04,NA,NA,NA,NA,NA,NA,NA,"Y",NA,NA,NA,2021,0.5
"2","3","V",NA,NA,NA,NA,NA,"<.5","0.7",1,"0.3",NA,NA,NA,NA,NA,NA,NA,2021-07-22,"YOSE8","SHS",2021-11-04,NA,NA,NA,NA,NA,NA,NA,"Y",NA,NA,NA,2021,0.5
"2","3","V",NA,NA,NA,NA,NA,"<.5","0.4",1,"0.4",NA,NA,NA,NA,NA,NA,NA,2021-07-22,"YOSE8","SHS",2021-11-04,NA,NA,NA,NA,NA,NA,NA,"Y",NA,NA,NA,2021,0.5
"2","3","V",21,1,"blue",NA,NA,"0.58","0.8",1,"0.3",NA,NA,NA,NA,NA,NA,NA,2021-07-22,"YOSE8","SHS",2021-11-04,NA,NA,NA,NA,NA,NA,NA,"Y",NA,NA,NA,2021,0.5
"2","3","V",NA,NA,NA,NA,NA,"0.41","1.0",1,"0.5",NA,NA,NA,NA,NA,NA,NA,2021-07-22,"YOSE8","SHS",2021-11-04,NA,NA,NA,NA,NA,NA,NA,"Y",NA,NA,NA,2021,0.5
"2","3","V",9,7,"blue",NA,NA,"0.95","2.1",1,"0.7",NA,NA,NA,NA,NA,NA,NA,2021-07-22,"YOSE8","SHS",2021-11-04,NA,NA,NA,NA,NA,NA,NA,"Y",NA,NA,NA,2021,0.5
"2","3","V",40,6,"blue",NA,NA,"0.81","2.0",1,"0.8",NA,NA,NA,NA,NA,NA,NA,2021-07-22,"YOSE8","SHS",2021-11-04,NA,NA,NA,NA,NA,NA,NA,"Y",NA,NA,NA,2021,0.5
"2","3","V",47,5,"blue",NA,NA,"0.61","1.6",1,"0.6",NA,NA,NA,NA,NA,NA,NA,2021-07-22,"YOSE8","SHS",2021-11-04,NA,NA,NA,NA,NA,NA,NA,"Y",NA,NA,NA,2021,0.5
"2","3","V",NA,NA,NA,NA,NA,"<1","1.8",1,"0.5",NA,NA,NA,NA,NA,NA,NA,2021-07-22,"YOSE8","SHS",2021-11-04,NA,NA,NA,NA,NA,NA,NA,"Y",NA,NA,NA,2021,0.5
"2","3","V",NA,NA,NA,NA,NA,"<1","0.8",1,"0.3",NA,NA,NA,NA,NA,NA,NA,2021-07-22,"YOSE8","SHS",2021-11-04,NA,NA,NA,NA,NA,NA,NA,"Y",NA,NA,NA,2021,0.5
"2","3","V",NA,NA,NA,NA,NA,"<1","1.4",1,"0.4",NA,NA,NA,NA,NA,NA,NA,2021-07-22,"YOSE8","SHS",2021-11-04,NA,NA,NA,NA,NA,NA,NA,"Y",NA,NA,NA,2021,0.5
"2","3","V",NA,NA,NA,NA,NA,"<1","0.7",1,"0.3",NA,NA,NA,NA,NA,NA,NA,2021-07-22,"YOSE8","SHS",2021-11-04,NA,NA,NA,NA,NA,NA,NA,"Y",NA,NA,NA,2021,0.5
"2","3","V",NA,NA,NA,NA,NA,"<1","1.6",1,"0.6",NA,NA,NA,NA,NA,NA,NA,2021-07-22,"YOSE8","SHS",2021-11-04,NA,NA,NA,NA,NA,NA,NA,"Y",NA,NA,NA,2021,0.5
"2","3","V",NA,NA,NA,NA,NA,"<1","0.4",1,"0.1",NA,NA,NA,NA,NA,NA,NA,2021-07-22,"YOSE8","SHS",2021-11-04,NA,NA,NA,NA,NA,NA,NA,"Y",NA,NA,NA,2021,0.5
"2","3","V",NA,NA,NA,NA,NA,"<1","0.4",1,"0.2",NA,NA,NA,NA,NA,NA,NA,2021-07-22,"YOSE8","SHS",2021-11-04,NA,NA,NA,NA,NA,NA,NA,"Y",NA,NA,NA,2021,0.5
"2","3","V",NA,NA,NA,NA,NA,"<1","0.6",1,"0.5",NA,NA,NA,NA,NA,NA,NA,2021-07-22,"YOSE8","SHS",2021-11-04,NA,NA,NA,NA,NA,NA,NA,"Y",NA,NA,NA,2021,0.5
"2","3","V",NA,NA,NA,NA,NA,"<1","1.4",1,"0.4",NA,NA,NA,NA,NA,NA,NA,2021-07-22,"YOSE8","SHS",2021-11-04,NA,NA,NA,NA,NA,NA,NA,"Y",NA,NA,NA,2021,0.5
"2","3","V",NA,NA,NA,NA,NA,"<1","0.9",1,"0.3",NA,NA,NA,NA,NA,NA,NA,2021-07-22,"YOSE8","SHS",2021-11-04,NA,NA,NA,NA,NA,NA,NA,"Y",NA,NA,NA,2021,0.5
"2","3","V",NA,NA,NA,NA,NA,"<1","1.4",1,"0.6",NA,NA,NA,NA,NA,NA,NA,2021-07-22,"YOSE8","SHS",2021-11-04,NA,NA,NA,NA,NA,NA,NA,"Y",NA,NA,NA,2021,0.5
"2","3","V",NA,NA,NA,NA,NA,"<1","1.9",1,"0.4",NA,NA,NA,NA,NA,NA,NA,2021-07-22,"YOSE8","SHS",2021-11-04,NA,NA,NA,NA,NA,NA,NA,"Y",NA,NA,NA,2021,0.5
"2","3","V",NA,NA,NA,NA,NA,"<1","1.3",1,"0.5",NA,NA,NA,NA,"Y",NA,NA,2021-07-22,"YOSE8","SHS",2021-11-04,NA,NA,NA,NA,NA,NA,NA,NA,NA,NA,NA,2021,0.5
"2","3","V",NA,NA,NA,NA,NA,"<1","1.7",1,"0.4",NA,NA,NA,NA,"Y",NA,NA,2021-07-22,"YOSE8","SHS",2021-11-04,NA,NA,NA,NA,NA,NA,NA,NA,NA,NA,NA,2021,0.5
"2","3","V",NA,NA,NA,NA,NA,"<1","1.1",1,"0.5",NA,NA,NA,NA,"Y",NA,NA,2021-07-22,"YOSE8","SHS",2021-11-04,NA,NA,NA,NA,NA,NA,NA,NA,NA,NA,NA,2021,0.5
"2","3","V",NA,NA,NA,NA,NA,"<1","0.9",1,"0.4",NA,NA,NA,NA,"Y",NA,NA,2021-07-22,"YOSE8","SHS",2021-11-04,NA,NA,NA,NA,NA,NA,NA,NA,NA,NA,NA,2021,0.5
"2","3","V",NA,NA,NA,NA,NA,"<1","1.0",1,"0.4",NA,NA,NA,NA,"Y",NA,NA,2021-07-22,"YOSE8","SHS",2021-11-04,NA,NA,NA,NA,NA,NA,NA,NA,NA,NA,NA,2021,0.5
"2","3","V",NA,NA,NA,NA,NA,"<1","1.0",1,"0.4",NA,NA,NA,NA,"Y",NA,NA,2021-07-22,"YOSE8","SHS",2021-11-04,NA,NA,NA,NA,NA,NA,NA,NA,NA,NA,NA,2021,0.5
"2","3","V",NA,NA,NA,NA,NA,"<1","1.4",1,"0.4",NA,NA,NA,NA,"Y",NA,NA,2021-07-22,"YOSE8","SHS",2021-11-04,NA,NA,NA,NA,NA,NA,NA,NA,NA,NA,NA,2021,0.5
"2","3","V",NA,NA,NA,NA,NA,"<1","1.7",1,"0.3",NA,NA,NA,NA,"Y",NA,NA,2021-07-22,"YOSE8","SHS",2021-11-04,NA,NA,NA,NA,NA,NA,NA,NA,NA,NA,NA,2021,0.5
"2","3","V",NA,NA,NA,NA,NA,"<1","1.3",1,"0.4",NA,NA,NA,NA,"Y",NA,NA,2021-07-22,"YOSE8","SHS",2021-11-04,NA,NA,NA,NA,NA,NA,NA,NA,NA,NA,NA,2021,0.5
"2","3","V",NA,NA,NA,NA,NA,"<1","0.9",1,"0.3",NA,NA,NA,NA,"N",NA,NA,2021-07-22,"YOSE8","SHS",2021-11-04,NA,NA,NA,NA,NA,NA,NA,NA,NA,NA,NA,2021,0.5
"2","3","V",NA,NA,NA,NA,NA,"<1","1.0",1,"0.5",NA,NA,NA,NA,"Y",NA,NA,2021-07-22,"YOSE8","SHS",2021-11-04,NA,NA,NA,NA,NA,NA,NA,NA,NA,NA,NA,2021,0.5
"2","3","V",NA,NA,NA,NA,NA,"<1","0.5",1,"0.1",NA,NA,NA,NA,"N",NA,NA,2021-07-22,"YOSE8","SHS",2021-11-04,NA,NA,NA,NA,NA,NA,NA,NA,NA,NA,NA,2021,0.5
"2","3","V",NA,NA,NA,NA,NA,"<1","2.1",1,"0.3",NA,NA,NA,NA,"N",NA,NA,2021-07-22,"YOSE8","SHS",2021-11-04,NA,NA,NA,NA,NA,NA,NA,NA,NA,NA,NA,2021,0.5
"2","3","V",NA,NA,NA,NA,NA,"<1","0.4",1,"0.1",NA,NA,NA,NA,"N",NA,NA,2021-07-22,"YOSE8","SHS",2021-11-04,NA,NA,NA,NA,NA,NA,NA,NA,NA,NA,NA,2021,0.5
"2","3","V",NA,NA,NA,NA,NA,"<1","1.0",1,"0.2",NA,NA,NA,NA,"N",NA,NA,2021-07-22,"YOSE8","SHS",2021-11-04,NA,NA,NA,NA,NA,NA,NA,NA,NA,NA,NA,2021,0.5
"2","3","V",NA,NA,NA,NA,NA,"<1","1.7",1,"0.5",NA,NA,NA,NA,"N",NA,NA,2021-07-22,"YOSE8","SHS",2021-11-04,NA,NA,NA,NA,NA,NA,NA,NA,NA,NA,NA,2021,0.5
"2","3","V",NA,NA,NA,NA,NA,"<1","0.9",1,"0.5",NA,NA,NA,NA,"N",NA,NA,2021-07-22,"YOSE8","SHS",2021-11-04,NA,NA,NA,NA,NA,NA,NA,NA,NA,NA,NA,2021,0.5
"2","3","V",NA,NA,NA,NA,NA,"<1","0.8",1,"0.2",NA,NA,NA,NA,"N",NA,NA,2021-07-22,"YOSE8","SHS",2021-11-04,NA,NA,NA,NA,NA,NA,NA,NA,NA,NA,NA,2021,0.5
"2","3","V",NA,NA,NA,NA,NA,"0.46","1.9",1,"0.5",NA,NA,NA,NA,"N",NA,NA,2021-07-22,"YOSE8","SHS",2021-11-04,NA,NA,NA,NA,NA,NA,NA,NA,NA,NA,NA,2021,0.5
"2","3","V",NA,NA,NA,NA,NA,"0.32","2.1",1,"0.7",NA,NA,NA,NA,"N",NA,NA,2021-07-22,"YOSE8","SHS",2021-11-04,NA,NA,NA,NA,NA,NA,NA,NA,NA,NA,NA,2021,0.5
"2","3","V",NA,NA,NA,NA,NA,"0.4","1.4",1,"0.6",NA,NA,NA,NA,"Y",NA,NA,2021-07-22,"YOSE8","SHS",2021-11-04,NA,NA,NA,NA,NA,NA,NA,NA,NA,NA,NA,2021,0.5
"2","3","V",NA,NA,NA,NA,NA,"0.37","1.3",1,"0.6",NA,NA,NA,NA,"N",NA,NA,2021-07-22,"YOSE8","SHS",2021-11-04,NA,NA,NA,NA,NA,NA,NA,NA,NA,NA,NA,2021,0.5
"2","3","P",16,11,"P",NA,NA,"1.52","5.2",1,NA,"0.0","1.0",2.5,1,"N",NA,NA,2021-07-22,"YOSE8","SHS",2021-11-04,NA,32,NA,NA,NA,NA,NA,"0.0",NA,NA,NA,2021,1.52
"2","3","V",NA,NA,NA,NA,NA,"0.48","1.9",1,"0.8",NA,NA,NA,NA,"N",NA,NA,2021-07-22,"YOSE8","SHS",2021-11-04,NA,NA,NA,NA,NA,NA,NA,NA,NA,NA,NA,2021,0.5
"2","3","V",NA,NA,NA,NA,NA,"0.25","1.7",1,"0.7",NA,NA,NA,NA,"N",NA,NA,2021-07-22,"YOSE8","SHS",2021-11-04,NA,NA,NA,NA,NA,NA,NA,NA,NA,NA,NA,2021,0.5
"2","3","V",12,40,"P",NA,NA,"0.5","3.2",1,"1.2",NA,NA,NA,NA,"Y",NA,NA,2021-07-22,"YOSE8","SHS",2021-11-04,NA,NA,NA,NA,NA,NA,NA,NA,NA,NA,NA,2021,0.5
"2","3","V",NA,NA,NA,NA,NA,"0.09","0.3",1,"0.4",NA,NA,NA,NA,"N",NA,NA,2021-07-22,"YOSE8","SHS",2021-11-04,NA,NA,NA,NA,NA,NA,NA,NA,NA,NA,NA,2021,0.5
"2","3","V",28,22,"P",NA,NA,"0.93","1.6",1,"0.7",NA,NA,NA,NA,"N",NA,NA,2021-07-22,"YOSE8","SHS",2021-11-04,NA,NA,NA,NA,NA,NA,NA,NA,NA,NA,NA,2021,0.5
"2","3","V",NA,NA,NA,NA,NA,"0.39","1.7",1,"0.6",NA,NA,NA,NA,"Y",NA,NA,2021-07-22,"YOSE8","SHS",2021-11-04,NA,NA,NA,NA,NA,NA,NA,NA,NA,NA,NA,2021,0.5
"2","3","V",NA,NA,NA,NA,NA,"0.42","1.8",1,"0.6",NA,NA,NA,NA,"N",NA,NA,2021-07-22,"YOSE8","SHS",2021-11-04,NA,NA,NA,NA,NA,NA,NA,NA,NA,NA,NA,2021,0.5
"2","3","V",NA,NA,NA,NA,NA,"0.31","2.6",1,"0.8",NA,NA,NA,NA,"N",NA,NA,2021-07-22,"YOSE8","SHS",2021-11-04,NA,NA,NA,NA,NA,NA,NA,NA,NA,NA,NA,2021,0.5
"2","3","V",NA,NA,NA,NA,NA,"0.24","1.3",1,"0.4",NA,NA,NA,NA,"Y",NA,NA,2021-07-22,"YOSE8","SHS",2021-11-04,NA,NA,NA,NA,NA,NA,NA,NA,NA,NA,NA,2021,0.5
"2","3","V",NA,NA,NA,NA,NA,"0.36","2.1",1,"0.6",NA,NA,NA,NA,"N",NA,NA,2021-07-22,"YOSE8","SHS",2021-11-04,NA,NA,NA,NA,NA,NA,NA,NA,NA,NA,NA,2021,0.5
"2","3","V",NA,NA,NA,NA,NA,"0.41","2.2",1,"0.7",NA,NA,NA,NA,"N",NA,NA,2021-07-22,"YOSE8","SHS",2021-11-04,NA,NA,NA,NA,NA,NA,NA,NA,NA,NA,NA,2021,0.5
"2","3","P",24,49,"P",NA,NA,"1.75","14.0",1,NA,"1.0","29.0",4.6,1,"Y",NA,NA,2021-07-22,"YOSE8","SHS",2021-11-04,NA,67,NA,NA,NA,NA,NA,"0.0",NA,NA,NA,2021,1.75
"2","3.5","V",3,19,"P",NA,NA,"0.51","2.6",1,"1.0",NA,NA,NA,NA,"N",NA,NA,2021-07-22,"YOSE8","SHS",2021-11-04,NA,NA,NA,NA,NA,NA,NA,NA,NA,NA,NA,2021,0.5
"2","3.5","V",7,18,NA,NA,NA,"0.59","2.7",1,"0.7",NA,NA,NA,NA,"N",NA,NA,2021-07-22,"YOSE8","SHS",2021-11-04,NA,NA,NA,NA,NA,NA,NA,NA,NA,NA,NA,2021,0.5
"2","3.5","V",NA,NA,NA,NA,NA,"0.38","0.6",1,"0.6",NA,NA,NA,NA,"Y",NA,NA,2021-07-22,"YOSE8","SHS",2021-11-04,NA,NA,NA,NA,NA,NA,NA,NA,NA,NA,NA,2021,0.5
"2","3.5","V",NA,NA,NA,NA,NA,"0.46","1.9",1,"0.5",NA,NA,NA,NA,"N","very wilted",NA,2021-07-22,"YOSE8","SHS",2021-11-04,NA,NA,NA,NA,NA,NA,NA,NA,NA,NA,NA,2021,0.5
"2","3.5","V",NA,NA,NA,NA,NA,"0.27","0.9",1,"0.4",NA,NA,NA,NA,"N",NA,NA,2021-07-22,"YOSE8","SHS",2021-11-04,NA,NA,NA,NA,NA,NA,NA,NA,NA,NA,NA,2021,0.5
"2","3.5","V",17,16,"P",NA,NA,"0.57","2.5",1,"0.6",NA,NA,NA,NA,"N",NA,NA,2021-07-22,"YOSE8","SHS",2021-11-04,NA,NA,NA,NA,NA,NA,NA,NA,NA,NA,NA,2021,0.5
"2","3.5","V",15,12,"P",NA,NA,"0.54","1.7",1,"0.5",NA,NA,NA,NA,"N",NA,NA,2021-07-22,"YOSE8","SHS",2021-11-04,NA,NA,NA,NA,NA,NA,NA,NA,NA,NA,NA,2021,0.5
"2","3.5","V",NA,NA,NA,NA,NA,"0.21","1.1",1,"0.5",NA,NA,NA,NA,"N",NA,NA,2021-07-22,"YOSE8","SHS",2021-11-04,NA,NA,NA,NA,NA,NA,NA,NA,NA,NA,NA,2021,0.5
"2","3.5","V",NA,NA,NA,NA,NA,"0.45","2.2",1,"0.9",NA,NA,NA,NA,"N",NA,NA,2021-07-22,"YOSE8","SHS",2021-11-04,NA,NA,NA,NA,NA,NA,NA,NA,NA,NA,NA,2021,0.5
"2","3.5","V",NA,NA,NA,NA,NA,"0.4","1.1",1,"0.4",NA,NA,NA,NA,"N",NA,NA,2021-07-22,"YOSE8","SHS",2021-11-04,NA,NA,NA,NA,NA,NA,NA,NA,NA,NA,NA,2021,0.5
"2","3.5","V",NA,NA,NA,NA,NA,"<1","2.0",1,"0.6",NA,NA,NA,NA,"Y",NA,NA,2021-07-22,"YOSE8","SHS",2021-11-04,NA,NA,NA,NA,NA,NA,NA,NA,NA,NA,NA,2021,0.5
"2","3.5","V",NA,NA,NA,NA,NA,"<1","1.9",1,"0.6",NA,NA,NA,NA,"Y",NA,NA,2021-07-22,"YOSE8","SHS",2021-11-04,NA,NA,NA,NA,NA,NA,NA,NA,NA,NA,NA,2021,0.5
"2","3.5","V",NA,NA,NA,NA,NA,"<1","1.8",1,"0.8",NA,NA,NA,NA,"Y",NA,NA,2021-07-22,"YOSE8","SHS",2021-11-04,NA,NA,NA,NA,NA,NA,NA,NA,NA,NA,NA,2021,0.5
"2","3.5","V",NA,NA,NA,NA,NA,"<1","0.7",1,"0.5",NA,NA,NA,NA,"N",NA,NA,2021-07-22,"YOSE8","SHS",2021-11-04,NA,NA,NA,NA,NA,NA,NA,NA,NA,NA,NA,2021,0.5
"2","3.5","V",NA,NA,NA,NA,NA,"<1","0.4",1,"0.4",NA,NA,NA,NA,"Y",NA,NA,2021-07-22,"YOSE8","SHS",2021-11-04,NA,NA,NA,NA,NA,NA,NA,NA,NA,NA,NA,2021,0.5
"2","3.5","V",NA,NA,NA,NA,NA,"<1","0.7",1,"0.6",NA,NA,NA,NA,"Y",NA,NA,2021-07-22,"YOSE8","SHS",2021-11-04,NA,NA,NA,NA,NA,NA,NA,NA,NA,NA,NA,2021,0.5
"2","3.5","V",NA,NA,NA,NA,NA,"<1","1.5",1,"0.4",NA,NA,NA,NA,"Y",NA,NA,2021-07-22,"YOSE8","SHS",2021-11-04,NA,NA,NA,NA,NA,NA,NA,NA,NA,NA,NA,2021,0.5
"2","3.5","V",NA,NA,NA,NA,NA,"<1","0.8",1,"0.3",NA,NA,NA,NA,"Y",NA,NA,2021-07-22,"YOSE8","SHS",2021-11-04,NA,NA,NA,NA,NA,NA,NA,NA,NA,NA,NA,2021,0.5
"2","3.5","V",NA,NA,NA,NA,NA,"<1","0.8",1,"0.4",NA,NA,NA,NA,"Y",NA,NA,2021-07-22,"YOSE8","SHS",2021-11-04,NA,NA,NA,NA,NA,NA,NA,NA,NA,NA,NA,2021,0.5
"2","3.5","V",NA,NA,NA,NA,NA,"<1","0.9",1,"0.6",NA,NA,NA,NA,"Y",NA,NA,2021-07-22,"YOSE8","SHS",2021-11-04,NA,NA,NA,NA,NA,NA,NA,NA,NA,NA,NA,2021,0.5
"2","3.5","V",35,37,"R",NA,NA,"1.03","1.4",1,"0.7",NA,NA,NA,NA,"Y",NA,NA,2021-07-22,"YOSE8","SHS",2021-11-04,NA,3,NA,NA,NA,NA,NA,NA,NA,NA,NA,2021,1.03
"2","3.5","V",NA,NA,NA,NA,NA,"<1","0.4",1,"0.3",NA,NA,NA,NA,"N",NA,NA,2021-07-22,"YOSE8","SHS",2021-11-04,NA,NA,NA,NA,NA,NA,NA,NA,NA,NA,NA,2021,0.5
"2","3.5","V",NA,NA,NA,NA,NA,"<1","0.9",1,"0.7",NA,NA,NA,NA,"Y",NA,NA,2021-07-22,"YOSE8","SHS",2021-11-04,NA,NA,NA,NA,NA,NA,NA,NA,NA,NA,NA,2021,0.5
"2","3.5","V",NA,NA,NA,NA,NA,"<1","1.1",1,"0.5",NA,NA,NA,NA,"Y",NA,NA,2021-07-22,"YOSE8","SHS",2021-11-04,NA,NA,NA,NA,NA,NA,NA,NA,NA,NA,NA,2021,0.5
"2","3.5","V",NA,NA,NA,NA,NA,"<1","1.0",1,"0.4",NA,NA,NA,NA,"Y",NA,NA,2021-07-22,"YOSE8","SHS",2021-11-04,NA,NA,NA,NA,NA,NA,NA,NA,NA,NA,NA,2021,0.5
"2","3.5","V",NA,NA,NA,NA,NA,"<1","0.5",1,"0.3",NA,NA,NA,NA,"Y",NA,NA,2021-07-22,"YOSE8","SHS",2021-11-04,NA,NA,NA,NA,NA,NA,NA,NA,NA,NA,NA,2021,0.5
"2","3.5","V",NA,NA,NA,NA,NA,"<1","0.7",1,"0.4",NA,NA,NA,NA,"Y",NA,NA,2021-07-22,"YOSE8","SHS",2021-11-04,NA,NA,NA,NA,NA,NA,NA,NA,NA,NA,NA,2021,0.5
"2","3.5","V",NA,NA,NA,NA,NA,"<1","0.5",1,"0.3",NA,NA,NA,NA,"Y",NA,NA,2021-07-22,"YOSE8","SHS",2021-11-04,NA,NA,NA,NA,NA,NA,NA,NA,NA,NA,NA,2021,0.5
"2","3.5","V",NA,NA,NA,NA,NA,"<1","1.5",1,"0.7",NA,NA,NA,NA,"Y",NA,NA,2021-07-22,"YOSE8","SHS",2021-11-04,NA,NA,NA,NA,NA,NA,NA,NA,NA,NA,NA,2021,0.5
"2","3.5","V",NA,NA,NA,NA,NA,"<1","1.6",1,"0.6",NA,NA,NA,NA,"Y",NA,NA,2021-07-22,"YOSE8","SHS",2021-11-04,NA,NA,NA,NA,NA,NA,NA,NA,NA,NA,NA,2021,0.5
"2","3.5","V",NA,NA,NA,NA,NA,"<1","1.9",1,"0.7",NA,NA,NA,NA,"Y",NA,NA,2021-07-22,"YOSE8","SHS",2021-11-04,NA,NA,NA,NA,NA,NA,NA,NA,NA,NA,NA,2021,0.5
"2","3.5","V",NA,NA,NA,NA,NA,"<1","0.9",1,"0.4",NA,NA,NA,NA,"Y",NA,NA,2021-07-22,"YOSE8","SHS",2021-11-04,NA,NA,NA,NA,NA,NA,NA,NA,NA,NA,NA,2021,0.5
"2","3.5","V",NA,NA,NA,NA,NA,"<1","0.8",1,"0.7",NA,NA,NA,NA,"Y",NA,NA,2021-07-22,"YOSE8","SHS",2021-11-04,NA,NA,NA,NA,NA,NA,NA,NA,NA,NA,NA,2021,0.5
"2","3.5","V",NA,NA,NA,NA,NA,"<1","2.0",1,"0.3",NA,NA,NA,NA,"Y",NA,NA,2021-07-22,"YOSE8","SHS",2021-11-04,NA,NA,NA,NA,NA,NA,NA,NA,NA,NA,NA,2021,0.5
"2","3.5","V",NA,NA,NA,NA,NA,"<1","1.4",1,"0.6",NA,NA,NA,NA,"Y",NA,NA,2021-07-22,"YOSE8","SHS",2021-11-04,NA,NA,NA,NA,NA,NA,NA,NA,NA,NA,NA,2021,0.5
"2","4.5","V",5,7,"R",NA,NA,"0.59","0.5",1,"0.4",NA,NA,NA,NA,"Y",NA,NA,2021-07-22,"YOSE8","SHS",2022-02-23,NA,NA,NA,NA,NA,NA,NA,NA,NA,NA,NA,2021,0.5
"2","4.5","V",8,10,"R",NA,NA,"0.55","0.9",1,"0.5",NA,NA,NA,NA,"Y",NA,NA,2021-07-22,"YOSE8","SHS",2022-02-23,NA,NA,NA,NA,NA,NA,NA,NA,NA,NA,NA,2021,0.5
"2","4.5","V",12,10,"R",NA,NA,"0.62","0.6",1,"0.4",NA,NA,NA,NA,"Y",NA,NA,2021-07-22,"YOSE8","SHS",2022-02-23,NA,NA,NA,NA,NA,NA,NA,NA,NA,NA,NA,2021,0.5
"2","4.5","V",15,7,"R",NA,NA,"1.03","0.5",1,"0.6",NA,NA,NA,NA,"Y",NA,NA,2021-07-22,"YOSE8","SHS",2022-02-23,NA,5,NA,NA,NA,NA,NA,NA,NA,NA,NA,2021,1.03
"2","4.5","V",17,10,"R",NA,NA,"0.62","0.6",1,"0.5",NA,NA,NA,NA,"Y",NA,NA,2021-07-22,"YOSE8","SHS",2022-02-23,NA,NA,NA,NA,NA,NA,NA,NA,NA,NA,NA,2021,0.5
"2","4.5","V",NA,NA,NA,NA,NA,"0.4","1.9",1,"0.9",NA,NA,NA,NA,"Y",NA,NA,2021-07-22,"YOSE8","SHS",2022-02-23,NA,NA,NA,NA,NA,NA,NA,NA,NA,NA,NA,2021,0.5
"2","4.5","V",NA,NA,NA,NA,NA,"0.4","0.8",1,"0.5",NA,NA,NA,NA,"Y",NA,NA,2021-07-22,"YOSE8","SHS",2022-02-23,NA,NA,NA,NA,NA,NA,NA,NA,NA,NA,NA,2021,0.5
"2","4.5","V",NA,NA,NA,NA,NA,"0.39","0.8",1,"0.4",NA,NA,NA,NA,"Y",NA,NA,2021-07-22,"YOSE8","SHS",2022-02-23,NA,NA,NA,NA,NA,NA,NA,NA,NA,NA,NA,2021,0.5
"2","4.5","V",NA,NA,NA,NA,NA,"0.2","0.3",1,"0.3",NA,NA,NA,NA,"Y",NA,NA,2021-07-22,"YOSE8","SHS",2022-02-23,NA,NA,NA,NA,NA,NA,NA,NA,NA,NA,NA,2021,0.5
"2","4","V",NA,NA,NA,NA,NA,"<1","0.7",1,"0.6",NA,NA,NA,NA,"Y",NA,NA,2021-07-22,"YOSE8","SHS",2022-02-23,NA,NA,NA,NA,NA,NA,NA,NA,NA,NA,NA,2021,0.5
"2","4","V",NA,NA,NA,NA,NA,"<1","0.8",1,"0.5",NA,NA,NA,NA,"Y",NA,NA,2021-07-22,"YOSE8","SHS",2022-02-23,NA,NA,NA,NA,NA,NA,NA,NA,NA,NA,NA,2021,0.5
"2","4","V",NA,NA,NA,NA,NA,"<1","0.6",1,"0.3",NA,NA,NA,NA,"Y",NA,NA,2021-07-22,"YOSE8","SHS",2022-02-23,NA,NA,NA,NA,NA,NA,NA,NA,NA,NA,NA,2021,0.5
"2","4","V",NA,NA,NA,NA,NA,"<1","1.8",1,"0.7",NA,NA,NA,NA,"Y",NA,NA,2021-07-22,"YOSE8","SHS",2022-02-23,NA,NA,NA,NA,NA,NA,NA,NA,NA,NA,NA,2021,0.5
"2","4","V",NA,NA,NA,NA,NA,"<1","1.0",1,"0.6",NA,NA,NA,NA,"Y",NA,NA,2021-07-22,"YOSE8","SHS",2022-02-23,NA,NA,NA,NA,NA,NA,NA,NA,NA,NA,NA,2021,0.5
"2","4","V",NA,NA,NA,NA,NA,"<1","0.8",1,"0.4",NA,NA,NA,NA,"Y",NA,NA,2021-07-22,"YOSE8","SHS",2022-02-23,NA,NA,NA,NA,NA,NA,NA,NA,NA,NA,NA,2021,0.5
"2","4","V",NA,NA,NA,NA,NA,"<1","0.6",1,"0.6",NA,NA,NA,NA,"Y",NA,NA,2021-07-22,"YOSE8","SHS",2022-02-23,NA,NA,NA,NA,NA,NA,NA,NA,NA,NA,NA,2021,0.5
"2","4","V",NA,NA,NA,NA,NA,"<1","0.7",1,"0.6",NA,NA,NA,NA,"Y",NA,NA,2021-07-22,"YOSE8","SHS",2022-02-23,NA,NA,NA,NA,NA,NA,NA,NA,NA,NA,NA,2021,0.5
"2","4","V",NA,NA,NA,NA,NA,"<1","1.2",1,"0.9",NA,NA,NA,NA,"Y",NA,NA,2021-07-22,"YOSE8","SHS",2022-02-23,NA,NA,NA,NA,NA,NA,NA,NA,NA,NA,NA,2021,0.5
"2","4","V",NA,NA,NA,NA,NA,"<1","1.4",1,"0.6",NA,NA,NA,NA,"Y",NA,NA,2021-07-22,"YOSE8","SHS",2022-02-23,NA,NA,NA,NA,NA,NA,NA,NA,NA,NA,NA,2021,0.5
"2","4","V",NA,NA,NA,NA,NA,"<1","1.2",1,"1.0",NA,NA,NA,NA,"N",NA,NA,2021-07-22,"YOSE8","SHS",2022-02-23,NA,NA,NA,NA,NA,NA,NA,NA,NA,NA,NA,2021,0.5
"2","4","V",NA,NA,NA,NA,NA,"<1","1.1",1,"0.4",NA,NA,NA,NA,"N",NA,NA,2021-07-22,"YOSE8","SHS",2022-02-23,NA,NA,NA,NA,NA,NA,NA,NA,NA,NA,NA,2021,0.5
"2","4","V",NA,NA,NA,NA,NA,"<1","1.0",1,"0.5",NA,NA,NA,NA,"N",NA,NA,2021-07-22,"YOSE8","SHS",2022-02-23,NA,NA,NA,NA,NA,NA,NA,NA,NA,NA,NA,2021,0.5
"2","4","V",NA,NA,NA,NA,NA,"<1","0.7",1,"0.3",NA,NA,NA,NA,"Y",NA,NA,2021-07-22,"YOSE8","SHS",2022-02-23,NA,NA,NA,NA,NA,NA,NA,NA,NA,NA,NA,2021,0.5
"2","4","V",NA,NA,NA,NA,NA,"<1","1.2",1,"1.0",NA,NA,NA,NA,"Y",NA,NA,2021-07-22,"YOSE8","SHS",2022-02-23,NA,NA,NA,NA,NA,NA,NA,NA,NA,NA,NA,2021,0.5
"2","4","V",NA,NA,NA,NA,NA,"<1","0.7",1,"0.3",NA,NA,NA,NA,"Y",NA,NA,2021-07-22,"YOSE8","SHS",2022-02-23,NA,NA,NA,NA,NA,NA,NA,NA,NA,NA,NA,2021,0.5
"2","3.5","V",5,7,"P",NA,NA,"1.0","1.2",1,"0.5",NA,NA,NA,NA,"Y",NA,NA,2021-07-22,"YOSE8","SHS",2022-02-23,NA,62,NA,NA,NA,NA,NA,NA,NA,NA,NA,2021,1
"2","3.5","V",7,11,"P",NA,NA,"2.2","0.7",1,"0.7",NA,NA,NA,NA,"Y",NA,NA,2021-07-22,"YOSE8","SHS",2022-02-23,NA,140,NA,NA,NA,NA,NA,NA,NA,NA,NA,2021,2.2
"2","3.5","V",6,9,"P",NA,NA,"1.44","0.8",1,"0.4",NA,NA,NA,NA,"Y",NA,NA,2021-07-22,"YOSE8","SHS",2022-02-23,NA,308,NA,NA,NA,NA,NA,NA,NA,NA,NA,2021,1.44
"2","3.5","V",8,7,"P",NA,NA,"0.72","0.9",1,"0.5",NA,NA,NA,NA,"Y",NA,NA,2021-07-22,"YOSE8","SHS",2022-02-23,NA,NA,NA,NA,NA,NA,NA,NA,NA,NA,NA,2021,0.5
"2","3.5","V",12,13,"P",NA,NA,"0.77","0.7",1,"0.3",NA,NA,NA,NA,"Y",NA,NA,2021-07-22,"YOSE8","SHS",2022-02-23,NA,NA,NA,NA,NA,NA,NA,NA,NA,NA,NA,2021,0.5
"2","3.5","V",14,11,"P",NA,NA,"0.9","1.8",1,"0.7",NA,NA,NA,NA,"Y",NA,NA,2021-07-22,"YOSE8","SHS",2022-02-23,NA,NA,NA,NA,NA,NA,NA,NA,NA,NA,NA,2021,0.5
"2","3.5","V",14,3,"P",NA,NA,"0.92","0.6",1,"0.5",NA,NA,NA,NA,"Y",NA,NA,2021-07-22,"YOSE8","SHS",2022-02-23,NA,NA,NA,NA,NA,NA,NA,NA,NA,NA,NA,2021,0.5
"2","3.5","V",16,1,"P",NA,NA,"1.24","0.9",1,"0.8",NA,NA,NA,NA,"Y",NA,NA,2021-07-22,"YOSE8","SHS",2022-02-23,NA,102,NA,NA,NA,NA,NA,NA,NA,NA,NA,2021,1.24
"2","3.5","V",19,3,"P",NA,NA,"0.89","0.4",1,"0.4",NA,NA,NA,NA,"Y",NA,NA,2021-07-22,"YOSE8","SHS",2022-02-23,NA,NA,NA,NA,NA,NA,NA,NA,NA,NA,NA,2021,0.5
"2","3.5","V",NA,NA,NA,NA,NA,"<1","0.8",1,"0.5",NA,NA,NA,NA,"Y",NA,NA,2021-07-22,"YOSE8","SHS",2022-02-23,NA,NA,NA,NA,NA,NA,NA,NA,NA,NA,NA,2021,0.5
"2","3.5","V",NA,NA,NA,NA,NA,"<1","0.7",1,"0.6",NA,NA,NA,NA,"Y",NA,NA,2021-07-22,"YOSE8","SHS",2022-02-23,NA,NA,NA,NA,NA,NA,NA,NA,NA,NA,NA,2021,0.5
"2","3.5","V",NA,NA,NA,NA,NA,"<1","0.7",1,"0.3",NA,NA,NA,NA,"Y",NA,NA,2021-07-22,"YOSE8","SHS",2022-02-23,NA,NA,NA,NA,NA,NA,NA,NA,NA,NA,NA,2021,0.5
"2","3.5","V",23,10,"P",NA,NA,"1.09","1.0",1,"0.8",NA,NA,NA,NA,"Y",NA,NA,2021-07-22,"YOSE8","SHS",2022-02-23,NA,70,NA,NA,NA,NA,NA,NA,NA,NA,NA,2021,1.09
"2","3.5","V",NA,NA,NA,NA,NA,"<1","1.4",1,"0.9",NA,NA,NA,NA,"Y",NA,NA,2021-07-22,"YOSE8","SHS",2022-02-23,NA,NA,NA,NA,NA,NA,NA,NA,NA,NA,NA,2021,0.5
"2","3.5","V",NA,NA,NA,NA,NA,"<1","0.8",1,"0.5",NA,NA,NA,NA,"Y",NA,NA,2021-07-22,"YOSE8","SHS",2022-02-23,NA,NA,NA,NA,NA,NA,NA,NA,NA,NA,NA,2021,0.5
"2","3.5","V",1,18,"R",NA,NA,"1.07","1.1",1,"0.7",NA,NA,NA,NA,"Y",NA,NA,2021-07-22,"YOSE8","SHS",2022-02-23,NA,48,NA,NA,NA,NA,NA,NA,NA,NA,NA,2021,1.07
"2","3.5","V",NA,NA,NA,NA,NA,"<1","1.5",1,"0.7",NA,NA,NA,NA,"Y",NA,NA,2021-07-22,"YOSE8","SHS",2022-02-23,NA,NA,NA,NA,NA,NA,NA,NA,NA,NA,NA,2021,0.5
"2","3.5","V",NA,NA,NA,NA,NA,"<1","0.8",1,"0.4",NA,NA,NA,NA,"Y",NA,NA,2021-07-22,"YOSE8","SHS",2022-02-23,NA,NA,NA,NA,NA,NA,NA,NA,NA,NA,NA,2021,0.5
"2","3.5","V",NA,NA,NA,NA,NA,"<1","0.9",1,"0.4",NA,NA,NA,NA,"Y",NA,NA,2021-07-22,"YOSE8","SHS",2022-02-23,NA,NA,NA,NA,NA,NA,NA,NA,NA,NA,NA,2021,0.5
"2","3.5","V",NA,NA,NA,NA,NA,"<1","1.0",1,"0.5",NA,NA,NA,NA,"Y",NA,NA,2021-07-22,"YOSE8","SHS",2022-02-23,NA,NA,NA,NA,NA,NA,NA,NA,NA,NA,NA,2021,0.5
"2","5","X",NA,NA,"blue",NA,NA,NA,NA,NA,NA,NA,NA,NA,NA,NA,NA,NA,2021-07-22,"YOSE8","SHS",2022-02-23,NA,1,NA,NA,NA,NA,NA,NA,NA,NA,NA,2021,NA
"2","5","X",NA,NA,"blue",NA,NA,NA,NA,NA,NA,NA,NA,NA,NA,NA,NA,NA,2021-07-22,"YOSE8","SHS",2022-02-23,NA,0,NA,NA,NA,NA,NA,NA,NA,NA,NA,2021,NA
"2","5","X",NA,NA,"blue",NA,NA,NA,NA,NA,NA,NA,NA,NA,NA,NA,NA,NA,2021-07-22,"YOSE8","SHS",2022-02-23,NA,70,NA,NA,NA,NA,NA,NA,NA,NA,NA,2021,NA
"2","5","X",NA,NA,"blue",NA,NA,NA,NA,NA,NA,NA,NA,NA,NA,NA,NA,NA,2021-07-22,"YOSE8","SHS",2022-02-23,NA,50,NA,NA,NA,NA,NA,NA,NA,NA,NA,2021,NA
"2","5","X",NA,NA,"blue",NA,NA,NA,NA,NA,NA,NA,NA,NA,NA,NA,NA,NA,2021-07-22,"YOSE8","SHS",2022-02-23,NA,67,NA,NA,NA,NA,NA,NA,NA,NA,NA,2021,NA
"2","5","X",NA,NA,"blue",NA,NA,NA,NA,NA,NA,NA,NA,NA,NA,NA,NA,NA,2021-07-22,"YOSE8","SHS",2022-02-23,NA,71,NA,NA,NA,NA,NA,NA,NA,NA,NA,2021,NA
"2","5","X",NA,NA,"blue",NA,NA,NA,NA,NA,NA,NA,NA,NA,NA,NA,NA,NA,2021-07-22,"YOSE8","SHS",2022-02-23,NA,58,NA,NA,NA,NA,NA,NA,NA,NA,NA,2021,NA
"2","5","X",NA,NA,"blue",NA,NA,NA,NA,NA,NA,NA,NA,NA,NA,NA,NA,NA,2021-07-22,"YOSE8","SHS",2022-02-23,NA,34,NA,NA,NA,NA,NA,NA,NA,NA,NA,2021,NA
"2","5","X",NA,NA,"blue",NA,NA,NA,NA,NA,NA,NA,NA,NA,NA,NA,NA,NA,2021-07-22,"YOSE8","SHS",2022-02-23,NA,80,NA,NA,NA,NA,NA,NA,NA,NA,NA,2021,NA
"2","5","X",NA,NA,"blue",NA,NA,NA,NA,NA,NA,NA,NA,NA,NA,NA,NA,NA,2021-07-22,"YOSE8","SHS",2022-02-23,NA,48,NA,NA,NA,NA,NA,NA,NA,NA,NA,2021,NA
"2","5","X",NA,NA,"yellow",NA,NA,NA,NA,NA,NA,NA,NA,NA,NA,NA,NA,NA,2021-07-22,"YOSE8","SHS",2022-02-23,NA,81,NA,NA,NA,NA,NA,NA,NA,NA,NA,2021,NA
"2","4","V",NA,NA,NA,NA,NA,"0.44","2.0",1,"1.0",NA,NA,NA,NA,"Y",NA,NA,2021-07-22,"YOSE8","SHS",2022-02-23,NA,NA,NA,NA,NA,NA,NA,NA,NA,NA,NA,2021,0.5
"2","4","V",NA,NA,NA,NA,NA,"0.32","1.5",1,"0.5",NA,NA,NA,NA,"Y",NA,NA,2021-07-22,"YOSE8","SHS",2022-02-23,NA,NA,NA,NA,NA,NA,NA,NA,NA,NA,NA,2021,0.5
"2","4","V",NA,NA,NA,NA,NA,"<1","1.5",1,"1.0",NA,NA,NA,NA,"Y",NA,NA,2021-07-22,"YOSE8","SHS",2022-02-23,NA,NA,NA,NA,NA,NA,NA,NA,NA,NA,NA,2021,0.5
"2","4","V",NA,NA,NA,NA,NA,"<1","1.1",1,"0.6",NA,NA,NA,NA,"Y",NA,NA,2021-07-22,"YOSE8","SHS",2022-02-23,NA,NA,NA,NA,NA,NA,NA,NA,NA,NA,NA,2021,0.5
"2","4","V",NA,NA,NA,NA,NA,"<1","0.9",1,"0.6",NA,NA,NA,NA,"Y",NA,NA,2021-07-22,"YOSE8","SHS",2022-02-23,NA,NA,NA,NA,NA,NA,NA,NA,NA,NA,NA,2021,0.5
"2","4","V",NA,NA,NA,NA,NA,"<1","1.0",1,"0.4",NA,NA,NA,NA,"Y",NA,NA,2021-07-22,"YOSE8","SHS",2022-02-23,NA,NA,NA,NA,NA,NA,NA,NA,NA,NA,NA,2021,0.5
"2","4","V",NA,NA,NA,NA,NA,"<1","1.5",1,"0.9",NA,NA,NA,NA,"N",NA,NA,2021-07-22,"YOSE8","SHS",2022-02-23,NA,NA,NA,NA,NA,NA,NA,NA,NA,NA,NA,2021,0.5
"2","4","V",NA,NA,NA,NA,NA,"<1","0.8",1,"0.2",NA,NA,NA,NA,"N",NA,NA,2021-07-22,"YOSE8","SHS",2022-02-23,NA,NA,NA,NA,NA,NA,NA,NA,NA,NA,NA,2021,0.5
"2","4","V",NA,NA,NA,NA,NA,"<1","1.6",1,"0.9",NA,NA,NA,NA,"N",NA,NA,2021-07-22,"YOSE8","SHS",2022-02-23,NA,NA,NA,NA,NA,NA,NA,NA,NA,NA,NA,2021,0.5
"2","4","V",NA,NA,NA,NA,NA,"<1","1.4",1,"0.6",NA,NA,NA,NA,"Y",NA,NA,2021-07-22,"YOSE8","SHS",2022-02-23,NA,NA,NA,NA,NA,NA,NA,NA,NA,NA,NA,2021,0.5
"2","4","V",NA,NA,NA,NA,NA,"<1","0.4",1,"0.2",NA,NA,NA,NA,"N",NA,NA,2021-07-22,"YOSE8","SHS",2022-02-23,NA,NA,NA,NA,NA,NA,NA,NA,NA,NA,NA,2021,0.5
"2","4","V",NA,NA,NA,NA,NA,"<1","1.2",1,"0.7",NA,NA,NA,NA,"Y",NA,NA,2021-07-22,"YOSE8","SHS",2022-02-23,NA,NA,NA,NA,NA,NA,NA,NA,NA,NA,NA,2021,0.5
"2","4","V",NA,NA,NA,NA,NA,"<1","0.7",1,"0.3",NA,NA,NA,NA,"Y",NA,NA,2021-07-22,"YOSE8","SHS",2022-02-23,NA,NA,NA,NA,NA,NA,NA,NA,NA,NA,NA,2021,0.5
"2","4.5","V",NA,NA,NA,NA,NA,"0.22","0.4",1,"0.3",NA,NA,NA,NA,"Y",NA,NA,2021-07-22,"YOSE8","SHS",2022-02-23,NA,NA,NA,NA,NA,NA,NA,NA,NA,NA,NA,2021,0.5
"2","4.5","V",36,17,"red",NA,NA,"1.31","1.9",1,"0.9",NA,NA,NA,NA,"Y",NA,NA,2021-07-22,"YOSE8","SHS",2022-02-23,NA,7,NA,NA,NA,NA,NA,NA,NA,NA,NA,2021,1.31
"2","4.5","V",42,17,NA,NA,NA,"0.52","2.2",1,"0.6",NA,NA,NA,NA,"Y",NA,NA,2021-07-22,"YOSE8","SHS",2022-02-23,NA,NA,NA,NA,NA,NA,NA,NA,NA,NA,NA,2021,0.5
"2","4.5","V",45,19,"yellow",NA,NA,"1.12","3.4",1,"1.3",NA,NA,NA,NA,"Y",NA,NA,2021-07-22,"YOSE8","SHS",2022-02-23,NA,5,NA,NA,NA,NA,NA,NA,NA,NA,NA,2021,1.12
"2","4.5","V",NA,NA,NA,NA,NA,"<1","1.1",1,"0.6",NA,NA,NA,NA,"Y",NA,NA,2021-07-22,"YOSE8","SHS",2022-02-23,NA,NA,NA,NA,NA,NA,NA,NA,NA,NA,NA,2021,0.5
"2","4.5","V",NA,NA,NA,NA,NA,"<1","2.1",1,"0.8",NA,NA,NA,NA,"Y",NA,NA,2021-07-22,"YOSE8","SHS",2022-02-23,NA,NA,NA,NA,NA,NA,NA,NA,NA,NA,NA,2021,0.5
"2","4.5","V",NA,NA,NA,NA,NA,"<1","0.5",1,"0.3",NA,NA,NA,NA,"Y",NA,NA,2021-07-22,"YOSE8","SHS",2022-02-23,NA,NA,NA,NA,NA,NA,NA,NA,NA,NA,NA,2021,0.5
"2","4.5","V",NA,NA,NA,NA,NA,"<1","0.5",1,"0.2",NA,NA,NA,NA,"Y",NA,NA,2021-07-22,"YOSE8","SHS",2022-02-23,NA,NA,NA,NA,NA,NA,NA,NA,NA,NA,NA,2021,0.5
"2","4.5","V",NA,NA,NA,NA,NA,"<1","0.9",1,"0.6",NA,NA,NA,NA,"Y",NA,NA,2021-07-22,"YOSE8","SHS",2022-02-23,NA,NA,NA,NA,NA,NA,NA,NA,NA,NA,NA,2021,0.5
"2","4.5","V",NA,NA,NA,NA,NA,"<1","0.6",1,"0.3",NA,NA,NA,NA,"Y",NA,NA,2021-07-22,"YOSE8","SHS",2022-02-23,NA,NA,NA,NA,NA,NA,NA,NA,NA,NA,NA,2021,0.5
"2","4.5","V",NA,NA,NA,NA,NA,"<1","1.0",1,"0.5",NA,NA,NA,NA,"Y",NA,NA,2021-07-22,"YOSE8","SHS",2022-02-23,NA,NA,NA,NA,NA,NA,NA,NA,NA,NA,NA,2021,0.5
"2","4.5","V",NA,NA,NA,NA,NA,"<1","2.4",1,"0.5",NA,NA,NA,NA,"Y",NA,NA,2021-07-22,"YOSE8","SHS",2022-02-23,NA,NA,NA,NA,NA,NA,NA,NA,NA,NA,NA,2021,0.5
"2","4.5","V",NA,NA,NA,NA,NA,"<1","0.4",1,"0.2",NA,NA,NA,NA,"Y",NA,NA,2021-07-22,"YOSE8","SHS",2022-02-23,NA,NA,NA,NA,NA,NA,NA,NA,NA,NA,NA,2021,0.5
"2","4.5","V",NA,NA,NA,NA,NA,"<1","0.2",1,"0.1",NA,NA,NA,NA,"N",NA,NA,2021-07-22,"YOSE8","SHS",2022-02-23,NA,NA,NA,NA,NA,NA,NA,NA,NA,NA,NA,2021,0.5
"2","4.5","V",NA,NA,NA,NA,NA,"<1","0.8",1,"0.3",NA,NA,NA,NA,"Y",NA,NA,2021-07-22,"YOSE8","SHS",2022-02-23,NA,NA,NA,NA,NA,NA,NA,NA,NA,NA,NA,2021,0.5
"2","4.5","V",NA,NA,NA,NA,NA,"<1","1.3",1,"0.7",NA,NA,NA,NA,"Y",NA,NA,2021-07-22,"YOSE8","SHS",2022-02-23,NA,NA,NA,NA,NA,NA,NA,NA,NA,NA,NA,2021,0.5
"2","4.5","V",NA,NA,NA,NA,NA,"<1","1.4",1,"0.7",NA,NA,NA,NA,"Y",NA,NA,2021-07-22,"YOSE8","SHS",2022-02-23,NA,NA,NA,NA,NA,NA,NA,NA,NA,NA,NA,2021,0.5
"2","4.5","V",NA,NA,NA,NA,NA,"<1","1.2",1,"0.5",NA,NA,NA,NA,"Y",NA,NA,2021-07-22,"YOSE8","SHS",2022-02-23,NA,NA,NA,NA,NA,NA,NA,NA,NA,NA,NA,2021,0.5
"2","4.5","V",NA,NA,NA,NA,NA,"<1","2.2",1,"1.2",NA,NA,NA,NA,"Y",NA,NA,2021-07-22,"YOSE8","SHS",2022-02-23,NA,NA,NA,NA,NA,NA,NA,NA,NA,NA,NA,2021,0.5
"2","4.5","V",NA,NA,NA,NA,NA,"<1","0.6",1,"0.4",NA,NA,NA,NA,"N",NA,NA,2021-07-22,"YOSE8","SHS",2022-02-23,NA,NA,NA,NA,NA,NA,NA,NA,NA,NA,NA,2021,0.5
"2","4.5","V",NA,NA,NA,NA,NA,"<1","0.3",1,"0.2",NA,NA,NA,NA,"N",NA,NA,2021-07-22,"YOSE8","SHS",2022-02-23,NA,NA,NA,NA,NA,NA,NA,NA,NA,NA,NA,2021,0.5
"2","4.5","V",NA,NA,NA,NA,NA,"<1","0.3",1,"0.3",NA,NA,NA,NA,"Y",NA,NA,2021-07-22,"YOSE8","SHS",2022-02-23,NA,NA,NA,NA,NA,NA,NA,NA,NA,NA,NA,2021,0.5
"2","4.5","V",NA,NA,NA,NA,NA,"<1","0.5",1,"0.3",NA,NA,NA,NA,"N",NA,NA,2021-07-22,"YOSE8","SHS",2022-02-23,NA,NA,NA,NA,NA,NA,NA,NA,NA,NA,NA,2021,0.5
"2","4.5","V",NA,NA,NA,NA,NA,"<1","0.3",1,"0.2",NA,NA,NA,NA,"N",NA,NA,2021-07-22,"YOSE8","SHS",2022-02-23,NA,NA,NA,NA,NA,NA,NA,NA,NA,NA,NA,2021,0.5
"2","4.5","V",NA,NA,NA,NA,NA,"<1","0.2",1,"0.2",NA,NA,NA,NA,"Y",NA,NA,2021-07-22,"YOSE8","SHS",2022-02-23,NA,NA,NA,NA,NA,NA,NA,NA,NA,NA,NA,2021,0.5
"2","4.5","V",NA,NA,NA,NA,NA,"<1","0.7",1,"0.5",NA,NA,NA,NA,"Y",NA,NA,2021-07-22,"YOSE8","SHS",2022-02-23,NA,NA,NA,NA,NA,NA,NA,NA,NA,NA,NA,2021,0.5
"2","4.5","V",NA,NA,NA,NA,NA,"<1","0.9",1,"0.4",NA,NA,NA,NA,"N",NA,NA,2021-07-22,"YOSE8","SHS",2022-02-23,NA,NA,NA,NA,NA,NA,NA,NA,NA,NA,NA,2021,0.5
"2","4.5","V",NA,NA,NA,NA,NA,"<1","0.5",1,"0.2",NA,NA,NA,NA,"Y",NA,NA,2021-07-22,"YOSE8","SHS",2022-02-23,NA,NA,NA,NA,NA,NA,NA,NA,NA,NA,NA,2021,0.5
"2","4.5","V",NA,NA,NA,NA,NA,"<1","0.9",1,"0.3",NA,NA,NA,NA,"Y",NA,NA,2021-07-22,"YOSE8","SHS",2022-02-23,NA,NA,NA,NA,NA,NA,NA,NA,NA,NA,NA,2021,0.5
"2","4.5","V",NA,NA,NA,NA,NA,"<1","0.4",1,"0.4",NA,NA,NA,NA,"Y",NA,NA,2021-07-22,"YOSE8","SHS",2022-02-23,NA,NA,NA,NA,NA,NA,NA,NA,NA,NA,NA,2021,0.5
"2","4.5","V",NA,NA,NA,NA,NA,"<1","0.8",1,"0.5",NA,NA,NA,NA,"Y",NA,NA,2021-07-22,"YOSE8","SHS",2022-02-23,NA,NA,NA,NA,NA,NA,NA,NA,NA,NA,NA,2021,0.5
"2","4.5","V",NA,NA,NA,NA,NA,"<1","0.4",1,"0.4",NA,NA,NA,NA,"Y",NA,NA,2021-07-22,"YOSE8","SHS",2022-02-23,NA,NA,NA,NA,NA,NA,NA,NA,NA,NA,NA,2021,0.5
"2","4.5","V",NA,NA,NA,NA,NA,"<1","0.7",1,"0.3",NA,NA,NA,NA,"Y",NA,NA,2021-07-22,"YOSE8","SHS",2022-02-23,NA,NA,NA,NA,NA,NA,NA,NA,NA,NA,NA,2021,0.5
"2","4.5","V",NA,NA,NA,NA,NA,"<1","0.6",1,"0.3",NA,NA,NA,NA,"Y",NA,NA,2021-07-22,"YOSE8","SHS",2022-02-23,NA,NA,NA,NA,NA,NA,NA,NA,NA,NA,NA,2021,0.5
"2","4.5","V",NA,NA,NA,NA,NA,"<1","0.4",1,"0.3",NA,NA,NA,NA,"Y",NA,NA,2021-07-22,"YOSE8","SHS",2022-02-23,NA,NA,NA,NA,NA,NA,NA,NA,NA,NA,NA,2021,0.5
"2","4.5","V",NA,NA,NA,NA,NA,"<1","1.3",1,"0.6",NA,NA,NA,NA,"Y",NA,NA,2021-07-22,"YOSE8","SHS",2022-02-23,NA,NA,NA,NA,NA,NA,NA,NA,NA,NA,NA,2021,0.5
"2","4.5","V",NA,NA,NA,NA,NA,"<1","0.7",1,"0.3",NA,NA,NA,NA,"Y",NA,NA,2021-07-22,"YOSE8","SHS",2022-02-23,NA,NA,NA,NA,NA,NA,NA,NA,NA,NA,NA,2021,0.5
"2","4.5","V",NA,NA,NA,NA,NA,"<1","0.5",1,"0.4",NA,NA,NA,NA,"Y",NA,NA,2021-07-22,"YOSE8","SHS",2022-02-23,NA,NA,NA,NA,NA,NA,NA,NA,NA,NA,NA,2021,0.5
"2","4.5","V",NA,NA,NA,NA,NA,"<1","0.4",1,"0.3",NA,NA,NA,NA,"N",NA,NA,2021-07-22,"YOSE8","SHS",2022-02-23,NA,NA,NA,NA,NA,NA,NA,NA,NA,NA,NA,2021,0.5
"2","4.5","V",NA,NA,NA,NA,NA,"<1","0.3",1,"0.2",NA,NA,NA,NA,"N",NA,NA,2021-07-22,"YOSE8","SHS",2022-02-23,NA,NA,NA,NA,NA,NA,NA,NA,NA,NA,NA,2021,0.5
"2","4.5","V",NA,NA,NA,NA,NA,"<1","1.1",1,"0.5",NA,NA,NA,NA,"N",NA,NA,2021-07-22,"YOSE8","SHS",2022-02-23,NA,NA,NA,NA,NA,NA,NA,NA,NA,NA,NA,2021,0.5
"2","4.5","V",NA,NA,NA,NA,NA,"<1","0.5",1,"0.3",NA,NA,NA,NA,"Y",NA,NA,2021-07-22,"YOSE8","SHS",2022-02-23,NA,NA,NA,NA,NA,NA,NA,NA,NA,NA,NA,2021,0.5
"2","5","V",45,5,NA,"red",NA,"0.62","0.9",1,"0.6",NA,NA,NA,NA,"Y",NA,NA,2021-07-22,"YOSE8","SHS",2022-02-23,NA,NA,NA,NA,NA,NA,NA,NA,NA,NA,NA,2021,0.5
"2","5","X",NA,NA,NA,NA,NA,NA,NA,NA,NA,NA,NA,NA,NA,NA,NA,NA,2021-07-22,"YOSE8","SHS",2022-02-23,NA,NA,NA,NA,NA,NA,NA,NA,NA,NA,NA,2021,NA
"2","5","V",49,14,NA,"yellow",NA,"0.57","1.5",1,"0.7",NA,NA,NA,NA,"Y",NA,NA,2021-07-22,"YOSE8","SHS",2022-02-23,NA,NA,NA,NA,NA,NA,NA,NA,NA,NA,NA,2021,0.5
"2","5","V",NA,NA,NA,NA,NA,NA,NA,NA,NA,NA,NA,NA,NA,NA,NA,NA,2021-07-22,"YOSE8","SHS",2022-02-23,NA,NA,NA,NA,NA,NA,NA,NA,NA,NA,NA,2021,NA
"2","5","V",44,14,NA,"blue",NA,"0.5","0.7",1,"0.4",NA,NA,NA,NA,"N",NA,NA,2021-07-22,"YOSE8","SHS",2022-02-23,NA,NA,NA,NA,NA,NA,NA,NA,NA,NA,NA,2021,0.5
"2","5","V",39,10,NA,"blue",NA,"0.55","0.9",1,"0.7",NA,NA,NA,NA,"N",NA,NA,2021-07-22,"YOSE8","SHS",2022-02-23,NA,NA,NA,NA,NA,NA,NA,NA,NA,NA,NA,2021,0.5
"2","5","V",NA,NA,NA,"blue",NA,"0.68","0.8",1,"0.4",NA,NA,NA,NA,"Y",NA,NA,2021-07-22,"YOSE8","SHS",2022-02-23,NA,NA,NA,NA,NA,NA,NA,NA,NA,NA,NA,2021,0.5
"2","5","V",NA,NA,NA,NA,NA,"<1","0.8",1,"0.6",NA,NA,NA,NA,"Y",NA,NA,2021-07-22,"YOSE8","SHS",2022-02-23,NA,NA,NA,NA,NA,NA,NA,NA,NA,NA,NA,2021,0.5
"2","5","V",NA,NA,NA,NA,NA,"0.9","1.0",1,"0.9",NA,NA,NA,NA,"Y",NA,NA,2021-07-22,"YOSE8","SHS",2022-02-23,NA,NA,NA,NA,NA,NA,NA,NA,NA,NA,NA,2021,0.5
"2","5","V",NA,NA,NA,NA,NA,"<1","0.9",1,"0.4",NA,NA,NA,NA,"Y",NA,NA,2021-07-22,"YOSE8","SHS",2022-02-23,NA,NA,NA,NA,NA,NA,NA,NA,NA,NA,NA,2021,0.5
"2","5","X",NA,NA,NA,NA,NA,NA,NA,NA,NA,NA,NA,NA,NA,NA,NA,NA,2021-07-22,"YOSE8","SHS",2022-02-23,NA,NA,NA,NA,NA,NA,NA,NA,NA,NA,NA,2021,NA
"2","5","V",NA,NA,NA,NA,NA,"<1","1.1",1,"0.4",NA,NA,NA,NA,"Y",NA,NA,2021-07-22,"YOSE8","SHS",2022-02-23,NA,NA,NA,NA,NA,NA,NA,NA,NA,NA,NA,2021,0.5
"2","5","V",NA,NA,NA,NA,NA,"<1","0.7",1,"0.3",NA,NA,NA,NA,"Y",NA,NA,2021-07-22,"YOSE8","SHS",2022-02-23,NA,NA,NA,NA,NA,NA,NA,NA,NA,NA,NA,2021,0.5
"2","5","V",NA,NA,NA,NA,NA,"<1","0.8",1,"0.4",NA,NA,NA,NA,"N",NA,NA,2021-07-22,"YOSE8","SHS",2022-02-23,NA,NA,NA,NA,NA,NA,NA,NA,NA,NA,NA,2021,0.5
"2","5","X",NA,NA,NA,NA,NA,NA,NA,NA,NA,NA,NA,NA,NA,NA,NA,NA,2021-07-22,"YOSE8","SHS",2022-02-23,NA,NA,NA,NA,NA,NA,NA,NA,NA,NA,NA,2021,NA
"2","5","V",NA,NA,NA,NA,NA,"<1","1.2",1,"0.5",NA,NA,NA,NA,"Y",NA,NA,2021-07-22,"YOSE8","SHS",2022-02-23,NA,NA,NA,NA,NA,NA,NA,NA,NA,NA,NA,2021,0.5
"2","5","V",NA,NA,NA,NA,NA,"<1","1.2",1,"0.4",NA,NA,NA,NA,"Y",NA,NA,2021-07-22,"YOSE8","SHS",2022-02-23,NA,NA,NA,NA,NA,NA,NA,NA,NA,NA,NA,2021,0.5
"2","5","V",NA,NA,NA,NA,NA,"<1","0.4",1,"0.2",NA,NA,NA,NA,"Y",NA,NA,2021-07-22,"YOSE8","SHS",2022-02-23,NA,NA,NA,NA,NA,NA,NA,NA,NA,NA,NA,2021,0.5
"2","5","V",NA,NA,NA,NA,NA,"<1","0.3",1,"0.2",NA,NA,NA,NA,"N",NA,NA,2021-07-22,"YOSE8","SHS",2022-02-23,NA,NA,NA,NA,NA,NA,NA,NA,NA,NA,NA,2021,0.5
"2","5","V",NA,NA,NA,NA,NA,"<1","0.7",1,"0.2",NA,NA,NA,NA,"Y",NA,NA,2021-07-22,"YOSE8","SHS",2022-02-23,NA,NA,NA,NA,NA,NA,NA,NA,NA,NA,NA,2021,0.5
"2","5","V",NA,NA,NA,NA,NA,"<1","0.8",1,"0.4",NA,NA,NA,NA,"Y",NA,NA,2021-07-22,"YOSE8","SHS",2022-02-23,NA,NA,NA,NA,NA,NA,NA,NA,NA,NA,NA,2021,0.5
"2","5","X",NA,NA,NA,NA,NA,NA,NA,NA,NA,NA,NA,NA,NA,NA,NA,NA,2021-07-22,"YOSE8","SHS",2022-02-23,NA,NA,NA,NA,NA,NA,NA,NA,NA,NA,NA,2021,NA
"2","5","V",NA,NA,NA,NA,NA,"<1","0.4",1,"0.2",NA,NA,NA,NA,"N",NA,NA,2021-07-22,"YOSE8","SHS",2022-02-23,NA,NA,NA,NA,NA,NA,NA,NA,NA,NA,NA,2021,0.5
"2","5","V",NA,NA,NA,NA,NA,"<1","0.5",1,"0.3",NA,NA,NA,NA,"Y",NA,NA,2021-07-22,"YOSE8","SHS",2022-02-23,NA,NA,NA,NA,NA,NA,NA,NA,NA,NA,NA,2021,0.5
"2","5","V",NA,NA,NA,NA,NA,"<1","2.1",1,"0.9",NA,NA,NA,NA,"Y",NA,NA,2021-07-22,"YOSE8","SHS",2022-02-23,NA,NA,NA,NA,NA,NA,NA,NA,NA,NA,NA,2021,0.5
"2","5","V",NA,NA,NA,NA,NA,"<1","1.7",1,"0.5",NA,NA,NA,NA,"Y",NA,NA,2021-07-22,"YOSE8","SHS",2022-02-23,NA,NA,NA,NA,NA,NA,NA,NA,NA,NA,NA,2021,0.5
"2","5","V",NA,NA,NA,NA,NA,"<1","1.0",1,"0.5",NA,NA,NA,NA,"Y",NA,NA,2021-07-22,"YOSE8","SHS",2022-02-23,NA,NA,NA,NA,NA,NA,NA,NA,NA,NA,NA,2021,0.5
"2","5","X",NA,NA,NA,NA,NA,NA,NA,NA,NA,NA,NA,NA,NA,NA,NA,NA,2021-07-22,"YOSE8","SHS",2022-02-23,NA,NA,NA,NA,NA,NA,NA,NA,NA,NA,NA,2021,NA
"2","5","V",NA,NA,NA,NA,NA,"0.94","1.8",1,"1.1",NA,NA,NA,NA,"Y",NA,NA,2021-07-22,"YOSE8","SHS",2022-02-23,NA,NA,NA,NA,NA,NA,NA,NA,NA,NA,NA,2021,0.5
"2","5","X",NA,NA,NA,NA,NA,NA,NA,NA,NA,NA,NA,NA,NA,NA,NA,NA,2021-07-22,"YOSE8","SHS",2022-02-23,NA,NA,NA,NA,NA,NA,NA,NA,NA,NA,NA,2021,NA
"2","5","V",NA,NA,NA,NA,NA,"<1","1.2",1,"0.6",NA,NA,NA,NA,"N",NA,NA,2021-07-22,"YOSE8","SHS",2022-02-23,NA,NA,NA,NA,NA,NA,NA,NA,NA,NA,NA,2021,0.5
"2","5","V",NA,NA,NA,NA,NA,"<1","0.7",1,"0.4",NA,NA,NA,NA,"N",NA,NA,2021-07-22,"YOSE8","SHS",2022-02-23,NA,NA,NA,NA,NA,NA,NA,NA,NA,NA,NA,2021,0.5
"2","5","X",NA,NA,NA,NA,NA,NA,NA,NA,NA,NA,NA,NA,NA,NA,NA,NA,2021-07-22,"YOSE8","SHS",2022-02-23,NA,NA,NA,NA,NA,NA,NA,NA,NA,NA,NA,2021,NA
"2","5","V",NA,NA,NA,NA,NA,"<1","0.5",1,"0.2",NA,NA,NA,NA,"Y",NA,NA,2021-07-22,"YOSE8","SHS",2022-02-23,NA,NA,NA,NA,NA,NA,NA,NA,NA,NA,NA,2021,0.5
"2","5","V",NA,NA,NA,NA,NA,"<1","1.3",1,"0.6",NA,NA,NA,NA,"N",NA,NA,2021-07-22,"YOSE8","SHS",2022-02-23,NA,NA,NA,NA,NA,NA,NA,NA,NA,NA,NA,2021,0.5
"2","5","V",NA,NA,NA,NA,NA,"<1","0.7",1,"0.5",NA,NA,NA,NA,"Y",NA,NA,2021-07-22,"YOSE8","SHS",2022-02-23,NA,NA,NA,NA,NA,NA,NA,NA,NA,NA,NA,2021,0.5
"2","5","V",NA,NA,NA,NA,NA,"<1","0.8",1,"0.4",NA,NA,NA,NA,"Y",NA,NA,2021-07-22,"YOSE8","SHS",2022-02-23,NA,NA,NA,NA,NA,NA,NA,NA,NA,NA,NA,2021,0.5
"2","5","V",NA,NA,NA,NA,NA,NA,NA,NA,NA,NA,NA,NA,NA,NA,NA,NA,2021-07-22,"YOSE8","SHS",2022-02-23,NA,NA,NA,NA,NA,NA,NA,NA,NA,NA,NA,2021,NA
"2","5","X",NA,NA,NA,NA,NA,NA,NA,NA,NA,NA,NA,NA,NA,NA,NA,NA,2021-07-22,"YOSE8","SHS",2022-02-23,NA,NA,NA,NA,NA,NA,NA,NA,NA,NA,NA,2021,NA
"2","5","V",NA,NA,NA,NA,NA,"<1","0.9",1,"0.4",NA,NA,NA,NA,"Y",NA,NA,2021-07-22,"YOSE8","SHS",2022-02-23,NA,NA,NA,NA,NA,NA,NA,NA,NA,NA,NA,2021,0.5
"2","5","V",NA,NA,NA,NA,NA,"<1","0.6",1,"0.4",NA,NA,NA,NA,NA,NA,NA,2021-07-22,"YOSE8","SHS",2022-02-23,NA,NA,NA,NA,NA,NA,NA,NA,NA,NA,NA,2021,0.5
"2","5","V",NA,NA,NA,NA,NA,"<1","0.8",1,"0.4",NA,NA,NA,NA,"Y",NA,NA,2021-07-22,"YOSE8","SHS",2022-02-23,NA,NA,NA,NA,NA,NA,NA,NA,NA,NA,NA,2021,0.5
"2","5","V",14,4,"blue",NA,NA,NA,"0.9",1,"0.5",NA,NA,NA,NA,"Y",NA,NA,2021-07-22,"YOSE8","SHS",2022-02-23,NA,177,NA,NA,NA,NA,NA,NA,NA,NA,NA,2021,NA
"2","5","V",NA,NA,NA,NA,NA,"<1","2.2",1,"0.8",NA,NA,NA,NA,"Y",NA,NA,2021-07-22,"YOSE8","SHS",2022-02-23,NA,NA,NA,NA,NA,NA,NA,NA,NA,NA,NA,2021,0.5
"2","5","V",NA,NA,NA,NA,NA,"<1","0.9",1,"0.7",NA,NA,NA,NA,NA,NA,NA,2021-07-22,"YOSE8","SHS",2022-02-23,NA,NA,NA,NA,NA,NA,NA,NA,NA,NA,NA,2021,0.5
"2","5","V",NA,NA,NA,NA,NA,"<1","1.0",1,"0.7",NA,NA,NA,NA,"Y",NA,NA,2021-07-22,"YOSE8","SHS",2022-02-23,NA,NA,NA,NA,NA,NA,NA,NA,NA,NA,NA,2021,0.5
"2","5","V",NA,NA,NA,NA,NA,"<1","1.5",2,"0.6",NA,NA,NA,NA,"Y",NA,NA,2021-07-22,"YOSE8","SHS",2022-02-23,NA,NA,NA,NA,NA,NA,NA,NA,NA,NA,NA,2021,0.5
"2","5","V",NA,NA,NA,NA,NA,"<1","1.9",1,"0.6",NA,NA,NA,NA,"Y",NA,NA,2021-07-22,"YOSE8","SHS",2022-02-23,NA,NA,NA,NA,NA,NA,NA,NA,NA,NA,NA,2021,0.5
"2","5","V",NA,NA,NA,NA,NA,"<1","0.7",1,"0.3",NA,NA,NA,NA,"Y",NA,NA,2021-07-22,"YOSE8","SHS",2022-02-23,NA,NA,NA,NA,NA,NA,NA,NA,NA,NA,NA,2021,0.5
"2","5","V",NA,NA,NA,NA,NA,"<1","0.4",1,"0.6",NA,NA,NA,NA,"Y",NA,NA,2021-07-22,"YOSE8","SHS",2022-02-23,NA,NA,NA,NA,NA,NA,NA,NA,NA,NA,NA,2021,0.5
"2","5","V",NA,NA,NA,NA,NA,"<1","0.8",1,"0.4",NA,NA,NA,NA,NA,NA,NA,2021-07-22,"YOSE8","SHS",2022-02-23,NA,NA,NA,NA,NA,NA,NA,NA,NA,NA,NA,2021,0.5
"2","5","V",NA,NA,NA,NA,NA,"<1","0.7",1,"0.4",NA,NA,NA,NA,NA,NA,NA,2021-07-22,"YOSE8","SHS",2022-02-23,NA,NA,NA,NA,NA,NA,NA,NA,NA,NA,NA,2021,0.5
"2","5","V",NA,NA,NA,NA,NA,"<1","0.6",1,"0.3",NA,NA,NA,NA,NA,NA,NA,2021-07-22,"YOSE8","SHS",2022-02-23,NA,NA,NA,NA,NA,NA,NA,NA,NA,NA,NA,2021,0.5
"2","5","V",NA,NA,NA,NA,NA,"<1","1.0",1,"0.6",NA,NA,NA,NA,"Y",NA,NA,2021-07-22,"YOSE8","SHS",2022-02-23,NA,NA,NA,NA,NA,NA,NA,NA,NA,NA,NA,2021,0.5
"2","5","V",NA,NA,NA,NA,NA,"<1","2.2",1,"0.7",NA,NA,NA,NA,"Y",NA,NA,2021-07-22,"YOSE8","SHS",2022-02-23,NA,NA,NA,NA,NA,NA,NA,NA,NA,NA,NA,2021,0.5
"2","5","V",NA,NA,NA,NA,NA,"<1","0.9",1,"0.4",NA,NA,NA,NA,"Y",NA,NA,2021-07-22,"YOSE8","SHS",2022-02-23,NA,NA,NA,NA,NA,NA,NA,NA,NA,NA,NA,2021,0.5
"2","5","V",NA,NA,NA,NA,NA,"<1","2.1",1,"0.8",NA,NA,NA,NA,"Y",NA,NA,2021-07-22,"YOSE8","SHS",2022-02-23,NA,NA,NA,NA,NA,NA,NA,NA,NA,NA,NA,2021,0.5
"2","5","V",NA,NA,NA,NA,NA,"<1","1.7",1,"0.5",NA,NA,NA,NA,"Y",NA,NA,2021-07-22,"YOSE8","SHS",2022-02-23,NA,NA,NA,NA,NA,NA,NA,NA,NA,NA,NA,2021,0.5
"2","5","V",NA,NA,NA,NA,NA,"<1","1.6",2,"0.5",NA,NA,NA,NA,"Y",NA,NA,2021-07-22,"YOSE8","SHS",2022-02-23,NA,NA,NA,NA,NA,NA,NA,NA,NA,NA,NA,2021,0.5
"2","5","V",NA,NA,NA,NA,NA,"<1","0.8",1,"0.8",NA,NA,NA,NA,"Y",NA,NA,2021-07-22,"YOSE8","SHS",2022-02-23,NA,NA,NA,NA,NA,NA,NA,NA,NA,NA,NA,2021,0.5
"2","5","V",NA,NA,NA,NA,NA,"<1","1.0",1,"0.6",NA,NA,NA,NA,"Y",NA,NA,2021-07-22,"YOSE8","SHS",2022-02-23,NA,NA,NA,NA,NA,NA,NA,NA,NA,NA,NA,2021,0.5
"2","5","V",NA,NA,NA,NA,NA,"<1","1.8",1,"0.9",NA,NA,NA,NA,"Y",NA,NA,2021-07-22,"YOSE8","SHS",2022-02-23,NA,NA,NA,NA,NA,NA,NA,NA,NA,NA,NA,2021,0.5
"2","5","X",NA,NA,NA,NA,NA,NA,NA,NA,NA,NA,NA,NA,NA,NA,NA,NA,2021-07-22,"YOSE8","SHS",2022-02-23,NA,NA,NA,NA,NA,NA,NA,NA,NA,NA,NA,2021,NA
"1","0","X",NA,NA,NA,NA,NA,NA,NA,NA,NA,NA,NA,NA,NA,NA,NA,NA,2022-08-03,"YOSE8","YHW",2022-09-18,NA,NA,NA,NA,NA,NA,NA,NA,NA,NA,NA,2022,NA
"1","0.5","V",5,9,"green",NA,NA,"1.55","1.5",1,"0.6",NA,NA,NA,NA,"N",NA,NA,2022-08-03,"YOSE8","YHW",2022-09-18,NA,90,NA,NA,NA,NA,NA,NA,NA,NA,NA,2022,1.55
"1","2.5","V",45,29,"green",NA,NA,"1.43","1.8",1,"0.5",NA,NA,NA,NA,"Y",NA,NA,2022-08-03,"YOSE8","YHW",2022-09-18,NA,70,NA,NA,NA,NA,NA,NA,NA,NA,NA,2022,1.43
"1","1","X",8,9,"purple",NA,NA,NA,NA,NA,NA,NA,NA,NA,NA,NA,"plant dead",NA,2022-08-03,"YOSE8","YHW",2022-09-18,NA,NA,NA,NA,NA,NA,NA,NA,NA,NA,NA,2022,NA
"1","1","X",11,17,"purple",NA,NA,NA,NA,NA,NA,NA,NA,NA,NA,NA,"plant dead",NA,2022-08-03,"YOSE8","YHW",2022-09-18,NA,NA,NA,NA,NA,NA,NA,NA,NA,NA,NA,2022,NA
"1","1.5","V",13,9,"purple",NA,NA,"1.8","8.0",1,"1.8",NA,NA,NA,NA,"N",NA,NA,2022-08-03,"YOSE8","YHW",2022-09-18,NA,NA,NA,NA,NA,NA,NA,NA,NA,NA,NA,2022,1.8
"1","2","X",49,22,"purple",NA,NA,NA,NA,NA,NA,NA,NA,NA,NA,NA,"plant missing, band not found",NA,2022-08-03,"YOSE8","YHW",2022-09-18,NA,NA,NA,NA,NA,NA,NA,NA,NA,NA,NA,2022,NA
"1","2.5","P",10,46,"purple",NA,NA,"1.62","18.4",1,NA,"0.0","0.0",NA,1,"N","plant dehisced",NA,2022-08-03,"YOSE8","YHW",2022-09-18,NA,NA,NA,NA,NA,NA,NA,NA,NA,NA,NA,2022,1.62
"1","3","P",45,5,"purple",NA,NA,"1.69","24.0",1,NA,"0.0","6.0",5.6,1,"N",NA,NA,2022-08-03,"YOSE8","YHW",2022-09-18,NA,NA,NA,NA,NA,NA,NA,NA,NA,NA,NA,2022,1.69
"1","3","V",29,10,"green",NA,NA,"1.58","2.9",1,"0.5",NA,NA,NA,NA,"Y","no purple band found so rebanded",NA,2022-08-03,"YOSE8","YHW",2022-09-18,NA,94,NA,NA,NA,NA,NA,NA,NA,NA,NA,2022,1.58
"1","3.5","P",23,2,"purple",NA,NA,"1.93","21.5",3,NA,"0.0","5.0",3.5,3,"N",NA,NA,2022-08-03,"YOSE8","YHW",2022-09-18,NA,7,NA,NA,NA,NA,NA,NA,NA,NA,NA,2022,1.93
"1","3.5","V",47,11,"purple",NA,NA,"1.43","2.7",1,"0.7",NA,NA,NA,NA,"N",NA,NA,2022-08-03,"YOSE8","YHW",2022-09-18,NA,NA,NA,NA,NA,NA,NA,NA,NA,NA,NA,2022,1.43
"1","4","P",41,29,"purple",NA,NA,"1.49","15.2",3,NA,"0.0","1.0",3.3,1,"N",NA,NA,2022-08-03,"YOSE8","YHW",2022-09-18,NA,NA,NA,NA,NA,NA,NA,NA,NA,NA,NA,2022,1.49
"1","4","P",40,30,"purple",NA,NA,"1.66","16.0",4,NA,"0.0","2.0",1.2,3,"N",NA,NA,2022-08-03,"YOSE8","YHW",2022-09-18,NA,NA,NA,NA,NA,NA,NA,NA,NA,NA,NA,2022,1.66
"1","4","P",6,10,"purple",NA,NA,"1.81","19.4",2,NA,"0.0","1.0",6.2,2,"N",NA,NA,2022-08-03,"YOSE8","YHW",2022-09-18,NA,NA,NA,NA,NA,NA,NA,NA,NA,NA,NA,2022,1.81
"1","4","X",42,15,"purple",NA,NA,NA,NA,NA,NA,NA,NA,NA,NA,NA,"plant dead",NA,2022-08-03,"YOSE8","YHW",2022-09-18,NA,NA,NA,NA,NA,NA,NA,NA,NA,NA,NA,2022,NA
"2","0","X",2,6,"purple",NA,NA,NA,NA,NA,NA,NA,NA,NA,NA,NA,NA,NA,2022-08-03,"YOSE8","YHW",2022-09-18,NA,NA,NA,NA,NA,NA,NA,NA,NA,NA,NA,2022,NA
"2","0","X",11,2,"purple",NA,NA,NA,NA,NA,NA,NA,NA,NA,NA,NA,NA,NA,2022-08-03,"YOSE8","YHW",2022-09-18,NA,NA,NA,NA,NA,NA,NA,NA,NA,NA,NA,2022,NA
"2","0","X",11,5,"purple",NA,NA,NA,NA,NA,NA,NA,NA,NA,NA,NA,NA,NA,2022-08-03,"YOSE8","YHW",2022-09-18,NA,NA,NA,NA,NA,NA,NA,NA,NA,NA,NA,2022,NA
"2","0","V",15,4,"purple",NA,NA,"1.49","2.9",1,"0.7",NA,NA,NA,NA,"Y",NA,NA,2022-08-03,"YOSE8","YHW",2022-09-18,NA,NA,NA,NA,NA,NA,NA,NA,NA,NA,NA,2022,1.49
"2","0","X",22,9,"purple",NA,NA,NA,NA,NA,NA,NA,NA,NA,NA,NA,NA,NA,2022-08-03,"YOSE8","YHW",2022-09-18,NA,NA,NA,NA,NA,NA,NA,NA,NA,NA,NA,2022,NA
"2","0","X",40,4,"purple",NA,NA,NA,NA,NA,NA,NA,NA,NA,NA,NA,NA,NA,2022-08-03,"YOSE8","YHW",2022-09-18,NA,889,NA,NA,NA,NA,NA,NA,NA,NA,NA,2022,NA
"2","0","X",40,19,"purple",NA,NA,NA,NA,NA,NA,NA,NA,NA,NA,NA,NA,NA,2022-08-03,"YOSE8","YHW",2022-09-18,NA,5,NA,NA,NA,NA,NA,NA,NA,NA,NA,2022,NA
"2","0","X",16,28,"purple",NA,NA,NA,NA,NA,NA,NA,NA,NA,NA,NA,NA,NA,2022-08-03,"YOSE8","YHW",2022-09-18,NA,10,NA,NA,NA,NA,NA,NA,NA,NA,NA,2022,NA
"2","0.5","X",3,2,"purple",NA,NA,NA,NA,NA,NA,NA,NA,NA,NA,NA,NA,NA,2022-08-03,"YOSE8","YHW",2022-09-18,NA,NA,NA,NA,NA,NA,NA,NA,NA,NA,NA,2022,NA
"2","0.5","X",29,4,"purple",NA,NA,NA,NA,NA,NA,NA,NA,NA,NA,NA,NA,NA,2022-08-03,"YOSE8","YHW",2022-09-18,NA,NA,NA,NA,NA,NA,NA,NA,NA,NA,NA,2022,NA
"2","0.5","X",26,7,"purple",NA,NA,NA,NA,NA,NA,NA,NA,NA,NA,NA,NA,NA,2022-08-03,"YOSE8","YHW",2022-09-18,NA,NA,NA,NA,NA,NA,NA,NA,NA,NA,NA,2022,NA
"2","0.5","X",71,18,"purple",NA,NA,NA,NA,NA,NA,NA,NA,NA,NA,NA,NA,NA,2022-08-03,"YOSE8","YHW",2022-09-18,NA,NA,NA,NA,NA,NA,NA,NA,NA,NA,NA,2022,NA
"2","0.5","X",30,38,"purple",NA,NA,NA,NA,NA,NA,NA,NA,NA,NA,NA,NA,NA,2022-08-03,"YOSE8","YHW",2022-09-18,NA,NA,NA,NA,NA,NA,NA,NA,NA,NA,NA,2022,NA
"2","0","P",NA,NA,NA,NA,NA,"2.12","25.0",3,NA,"0.0","16.0",6.7,3,"Y",NA,NA,2022-08-03,"YOSE8","YHW",2022-09-18,NA,NA,NA,NA,NA,NA,NA,NA,NA,NA,NA,2022,2.12
"2","0","V",27,9,"green",NA,NA,"1.77","1.6",2,"0.7",NA,NA,NA,NA,"Y",NA,NA,2022-08-03,"YOSE8","YHW",2022-09-18,NA,120,NA,NA,NA,NA,NA,NA,NA,NA,NA,2022,1.77
"2","0","P",NA,NA,NA,NA,NA,"1.46","32.5",1,NA,"0.0","2.0",6.9,1,"N","some fruits likely dehisced",NA,2022-08-03,"YOSE8","YHW",2022-09-18,NA,NA,NA,NA,NA,NA,NA,NA,NA,NA,NA,2022,1.46
"2","0","P",NA,NA,NA,NA,NA,"1.35","16.9",1,NA,"0.0","2.0",2.6,1,"N","some fruits likely dehisced",NA,2022-08-03,"YOSE8","YHW",2022-09-18,NA,NA,NA,NA,NA,NA,NA,NA,NA,NA,NA,2022,1.35
"2","0","X",NA,NA,NA,NA,NA,NA,NA,NA,NA,NA,NA,NA,NA,NA,NA,NA,2022-08-03,"YOSE8","YHW",2022-09-18,NA,NA,NA,NA,NA,NA,NA,NA,NA,NA,NA,2022,NA
"2","0","P",NA,NA,NA,NA,NA,"1.83","12.6",3,NA,"0.0","2.0",2,3,"N","some fruits likely dehisced",NA,2022-08-03,"YOSE8","YHW",2022-09-18,NA,NA,NA,NA,NA,NA,NA,NA,NA,NA,NA,2022,1.83
"2","0.5",NA,NA,NA,NA,NA,NA,NA,NA,NA,NA,NA,NA,NA,NA,NA,"empty plot",NA,2022-08-03,"YOSE8","YHW",2022-09-18,NA,NA,NA,NA,NA,NA,NA,NA,NA,NA,NA,2022,NA
"2","1","X",10,3,"red",NA,NA,NA,NA,NA,NA,NA,NA,NA,NA,NA,NA,NA,2022-08-03,"YOSE8","YHW",2022-09-18,NA,NA,NA,NA,NA,NA,NA,NA,NA,NA,NA,2022,NA
"2","1","X",18,6,"red",NA,NA,NA,NA,NA,NA,NA,NA,NA,NA,NA,NA,NA,2022-08-03,"YOSE8","YHW",2022-09-18,NA,NA,NA,NA,NA,NA,NA,NA,NA,NA,NA,2022,NA
"2","1","X",23,3,"red",NA,NA,NA,NA,NA,NA,NA,NA,NA,NA,NA,NA,NA,2022-08-03,"YOSE8","YHW",2022-09-18,NA,NA,NA,NA,NA,NA,NA,NA,NA,NA,NA,2022,NA
"2","1","X",26,2,"red",NA,NA,NA,NA,NA,NA,NA,NA,NA,NA,NA,"could not find",NA,2022-08-03,"YOSE8","YHW",2022-09-18,NA,NA,NA,NA,NA,NA,NA,NA,NA,NA,NA,2022,NA
"2","1","X",37,3,"red",NA,NA,NA,NA,NA,NA,NA,NA,NA,NA,NA,"could not find",NA,2022-08-03,"YOSE8","YHW",2022-09-18,NA,NA,NA,NA,NA,NA,NA,NA,NA,NA,NA,2022,NA
"2","1","P",44,12,"purple",NA,NA,"2.35","25.8",1,NA,"0.0","2.0",2.4,1,"Y","senescing",NA,2022-08-03,"YOSE8","YHW",2022-09-18,NA,98,NA,NA,NA,NA,NA,NA,NA,NA,NA,2022,2.35
"2","1","X",5,19,"purple",NA,NA,NA,NA,NA,NA,NA,NA,NA,NA,NA,NA,NA,2022-08-03,"YOSE8","YHW",2022-09-18,NA,30,NA,NA,NA,NA,NA,NA,NA,NA,NA,2022,NA
"2","1","P",NA,NA,NA,NA,NA,"2.0","24.0",6,NA,"0.0","21.0",7,6,"N",NA,NA,2022-08-03,"YOSE8","YHW",2022-09-18,NA,NA,NA,NA,NA,NA,NA,NA,NA,NA,NA,2022,2
"2","1","V",46,34,"green",NA,NA,"1.44","2.7",2,"1.4",NA,NA,NA,NA,"Y",NA,NA,2022-08-03,"YOSE8","YHW",2022-09-18,NA,123,NA,NA,NA,NA,NA,NA,NA,NA,NA,2022,1.44
"2","1","V",43,34,"green",NA,NA,"1.11","4.6",1,"1.9",NA,NA,NA,NA,"Y",NA,NA,2022-08-03,"YOSE8","YHW",2022-09-18,NA,102,NA,NA,NA,NA,NA,NA,NA,NA,NA,2022,1.11
"2","1","P",NA,NA,NA,NA,NA,"2.09","22.1",2,NA,"0.0","1.0",4.2,2,"Y","some fruits dehisced",NA,2022-08-03,"YOSE8","YHW",2022-09-18,NA,NA,NA,NA,NA,NA,NA,NA,NA,NA,NA,2022,2.09
"2","1.5","X",5,22,"red",NA,NA,NA,NA,NA,NA,NA,NA,NA,NA,NA,NA,NA,2022-08-03,"YOSE8","YHW",2022-09-18,NA,NA,NA,NA,NA,NA,NA,NA,NA,NA,NA,2022,NA
"2","1.5","X",8,22,"red",NA,NA,NA,NA,NA,NA,NA,NA,NA,NA,NA,NA,NA,2022-08-03,"YOSE8","YHW",2022-09-18,NA,NA,NA,NA,NA,NA,NA,NA,NA,NA,NA,2022,NA
"2","1.5","V",7,19,"red",NA,NA,"1.43","7.5",3,"1.4",NA,NA,NA,1,NA,"1 dried budding branch",NA,2022-08-03,"YOSE8","YHW",2022-09-18,NA,NA,NA,NA,NA,NA,NA,NA,NA,NA,NA,2022,1.43
"2","1.5","X",NA,NA,NA,NA,NA,NA,NA,NA,NA,NA,NA,NA,NA,NA,NA,NA,2022-08-03,"YOSE8","YHW",2022-09-18,NA,NA,NA,NA,NA,NA,NA,NA,NA,NA,NA,2022,NA
"2","1.5","P",27,7,"red",NA,NA,"2.22","36.0",4,NA,"0.0","1.0",2.5,3,"Y","1 veg branch",NA,2022-08-03,"YOSE8","YHW",2022-09-18,NA,NA,NA,NA,NA,NA,NA,NA,NA,NA,NA,2022,2.22
"2","1.5","X",10,36,"purple",NA,NA,NA,NA,NA,NA,NA,NA,NA,NA,NA,NA,NA,2022-08-03,"YOSE8","YHW",2022-09-18,NA,79,NA,NA,NA,NA,NA,NA,NA,NA,NA,2022,NA
"2","1.5","X",NA,NA,NA,NA,NA,NA,NA,NA,NA,NA,NA,NA,NA,NA,NA,NA,2022-08-03,"YOSE8","YHW",2022-09-18,NA,NA,NA,NA,NA,NA,NA,NA,NA,NA,NA,2022,NA
"2","1.5","V",28,4,"green",NA,NA,"0.61","1.2",1,"0.4",NA,NA,NA,NA,NA,NA,NA,2022-08-03,"YOSE8","YHW",2022-09-18,NA,119,NA,NA,NA,NA,NA,NA,NA,NA,NA,2022,0.5
"2","1.5","P",0,35,"purple",NA,NA,"1.5","27.5",2,NA,"0.0","2.0",7.3,1,"Y","senescing",NA,2022-08-03,"YOSE8","YHW",2022-09-18,NA,51,NA,NA,NA,NA,NA,NA,NA,NA,NA,2022,1.5
"2","1.5","P",NA,NA,NA,NA,NA,"2.09","26.5",3,NA,"0.0","10.0",4.2,3,"N",NA,NA,2022-08-03,"YOSE8","YHW",2022-09-18,NA,NA,NA,NA,NA,NA,NA,NA,NA,NA,NA,2022,2.09
"2","1.5","P",NA,NA,NA,NA,NA,"2.0","25.0",5,NA,"0.0","5.0",7,5,"Y",NA,NA,2022-08-03,"YOSE8","YHW",2022-09-18,NA,NA,NA,NA,NA,NA,NA,NA,NA,NA,NA,2022,2
"2","2","X",28,4,"orange",NA,NA,NA,NA,NA,NA,NA,NA,NA,NA,NA,NA,NA,2022-08-03,"YOSE8","YHW",2022-09-18,NA,NA,NA,NA,NA,NA,NA,NA,NA,NA,NA,2022,NA
"2","2","X",50,16,"orange",NA,NA,NA,NA,NA,NA,NA,NA,NA,NA,NA,NA,NA,2022-08-03,"YOSE8","YHW",2022-09-18,NA,56,NA,NA,NA,NA,NA,NA,NA,NA,NA,2022,NA
"2","2","P",3,34,"orange",NA,NA,"2.3","32.3",4,NA,"0.0","14.0",6,4,"N",NA,NA,2022-08-03,"YOSE8","YHW",2022-09-18,NA,37,NA,NA,NA,NA,NA,NA,NA,NA,NA,2022,2.3
"2","2.5","X",18,7,"orange",NA,NA,NA,NA,NA,NA,NA,NA,NA,NA,NA,NA,NA,2022-08-03,"YOSE8","YHW",2022-09-18,NA,NA,NA,NA,NA,NA,NA,NA,NA,NA,NA,2022,NA
"2","2.5","P",20,6,"orange",NA,NA,"1.95","19.5",3,NA,"0.0","6.0",4.5,3,"X",NA,NA,2022-08-03,"YOSE8","YHW",2022-09-18,NA,NA,NA,NA,NA,NA,NA,NA,NA,NA,NA,2022,1.95
"2","2.5","X",33,2,"red",NA,NA,NA,NA,NA,NA,NA,NA,NA,NA,NA,NA,NA,2022-08-03,"YOSE8","YHW",2022-09-18,NA,NA,NA,NA,NA,NA,NA,NA,NA,NA,NA,2022,NA
"2","2.5",NA,44,35,"red",NA,NA,NA,NA,NA,NA,NA,NA,NA,NA,NA,NA,NA,2022-08-03,"YOSE8","YHW",2022-09-18,NA,46,NA,NA,NA,NA,NA,NA,NA,NA,NA,2022,NA
"2","2.5","P",37,47,"blue",NA,NA,"1.43","14.4",5,NA,"0.0","6.0",4.5,5,"N","senescing",NA,2022-08-03,"YOSE8","YHW",2022-09-18,NA,410,NA,NA,NA,NA,NA,NA,NA,NA,NA,2022,1.43
"2","2.5","P",34,47,"blue",NA,NA,"1.44","20.1",2,NA,"0.0","4.0",5,2,"Y","senescing",NA,2022-08-03,"YOSE8","YHW",2022-09-18,NA,5,NA,NA,NA,NA,NA,NA,NA,NA,NA,2022,1.44
"2","2","X",NA,NA,"red",NA,NA,NA,NA,NA,NA,NA,NA,NA,NA,NA,"wasn't pinned",NA,2022-08-03,"YOSE8","YHW",2022-09-18,NA,26,NA,NA,NA,NA,NA,NA,NA,NA,NA,2022,NA
"2","2","X",NA,NA,"red",NA,NA,NA,NA,NA,NA,NA,NA,NA,NA,NA,"loose, wasn't pinned",NA,2022-08-03,"YOSE8","YHW",2022-09-18,NA,NA,NA,NA,NA,NA,NA,NA,NA,NA,NA,2022,NA
"2","2","X",NA,NA,NA,NA,NA,NA,NA,NA,NA,NA,NA,NA,NA,NA,NA,NA,2022-08-03,"YOSE8","YHW",2022-09-18,NA,NA,NA,NA,NA,NA,NA,NA,NA,NA,NA,2022,NA
"2","2","P",NA,NA,NA,NA,NA,"2.39","26.6",5,NA,"0.0","5.0",6.8,5,"Y",NA,NA,2022-08-03,"YOSE8","YHW",2022-09-18,NA,NA,NA,NA,NA,NA,NA,NA,NA,NA,NA,2022,2.39
"2","2","P",2,20,"green",NA,NA,"1.49","12.2",4,NA,"0.0","2.0",2.6,3,"Y",NA,NA,2022-08-03,"YOSE8","YHW",2022-09-18,NA,121,NA,NA,NA,NA,NA,NA,NA,NA,NA,2022,1.49
"2","2","P",NA,NA,NA,NA,NA,"1.01","30.3",1,NA,"0.0","4.0",5.4,1,"N","senescent",NA,2022-08-03,"YOSE8","YHW",2022-09-18,NA,NA,NA,NA,NA,NA,NA,NA,NA,NA,NA,2022,1.01
"2","2.5","P",37,36,"red",NA,NA,"1.07","21.1",1,NA,"0.0","1.0",4.3,1,"Y",NA,NA,2022-08-03,"YOSE8","YHW",2022-09-18,NA,46,NA,NA,NA,NA,NA,NA,NA,NA,NA,2022,1.07
"2","2.5","V",16,2,"orange",NA,NA,"1.16","2.1",2,"0.9",NA,NA,NA,NA,"Y",NA,NA,2022-08-03,"YOSE8","YHW",2022-09-18,NA,NA,NA,NA,NA,NA,NA,NA,NA,NA,NA,2022,1.16
"2","2.5","X",NA,NA,"red",NA,NA,NA,NA,NA,NA,NA,NA,NA,NA,NA,NA,NA,2022-08-03,"YOSE8","YHW",2022-09-18,NA,NA,NA,NA,NA,NA,NA,NA,NA,NA,NA,2022,NA
"2","2.5","X",NA,NA,"orange",NA,NA,NA,NA,NA,NA,NA,NA,NA,NA,NA,NA,NA,2022-08-03,"YOSE8","YHW",2022-09-18,NA,NA,NA,NA,NA,NA,NA,NA,NA,NA,NA,2022,NA
"2","2.5","P",NA,NA,NA,NA,NA,"1.23","16.9",1,NA,"0.0","5.0",3.9,1,"Y",NA,NA,2022-08-03,"YOSE8","YHW",2022-09-18,NA,NA,NA,NA,NA,NA,NA,NA,NA,NA,NA,2022,1.23
"2","2.5","V",15,8,"green",NA,NA,"1.09","1.5",1,"0.6",NA,NA,NA,NA,"Y",NA,NA,2022-08-03,"YOSE8","YHW",2022-09-18,NA,103,NA,NA,NA,NA,NA,NA,NA,NA,NA,2022,1.09
"2","2.5","X",NA,NA,"orange",NA,NA,NA,NA,NA,NA,NA,NA,NA,NA,NA,NA,NA,2022-08-03,"YOSE8","YHW",2022-09-18,NA,NA,NA,NA,NA,NA,NA,NA,NA,NA,NA,2022,NA
"2","3","X",7,2,"blue",NA,NA,NA,NA,NA,NA,NA,NA,NA,NA,NA,"gone, no band",NA,2022-08-03,"YOSE8","YHW",2022-09-27,NA,NA,NA,NA,NA,NA,NA,NA,NA,NA,NA,2022,NA
"2","3","X",21,1,"blue",NA,NA,NA,NA,NA,NA,NA,NA,NA,NA,NA,NA,NA,2022-08-03,"YOSE8","YHW",2022-09-27,NA,NA,NA,NA,NA,NA,NA,NA,NA,NA,NA,2022,NA
"2","3","X",9,7,"blue",NA,NA,NA,NA,NA,NA,NA,NA,NA,NA,NA,"no band found",NA,2022-08-03,"YOSE8","YHW",2022-09-27,NA,NA,NA,NA,NA,NA,NA,NA,NA,NA,NA,2022,NA
"2","3","P",40,6,"blue",NA,NA,"1.48","16.7",2,NA,"0.0","3.0",4.6,2,"Y","senescing",NA,2022-08-03,"YOSE8","YHW",2022-09-27,NA,NA,NA,NA,NA,NA,NA,NA,NA,NA,NA,2022,1.48
"2","3","P",47,5,"blue",NA,NA,"0.77","10.7",2,NA,"0.0","1.0",2.5,2,"Y","no band, plant present",NA,2022-08-03,"YOSE8","YHW",2022-09-27,NA,NA,NA,NA,NA,NA,NA,NA,NA,NA,NA,2022,0.5
"2","3","X",16,11,"purple",NA,NA,NA,NA,NA,NA,NA,NA,NA,NA,NA,"no band recovered",NA,2022-08-03,"YOSE8","YHW",2022-09-27,NA,32,NA,NA,NA,NA,NA,NA,NA,NA,NA,2022,NA
"2","3","X",12,40,"purple",NA,NA,NA,NA,NA,NA,NA,NA,NA,NA,NA,"no band recovered",NA,2022-08-03,"YOSE8","YHW",2022-09-27,NA,NA,NA,NA,NA,NA,NA,NA,NA,NA,NA,2022,NA
"2","3","P",28,22,"purple",NA,NA,"0.62","22.4",2,NA,"0.0","5.0",5.4,2,"Y","no band, plant at coordnates",NA,2022-08-03,"YOSE8","YHW",2022-09-27,NA,NA,NA,NA,NA,NA,NA,NA,NA,NA,NA,2022,0.5
"2","3","X",24,49,"purple",NA,NA,NA,NA,NA,NA,NA,NA,NA,NA,NA,"no band",NA,2022-08-03,"YOSE8","YHW",2022-09-27,NA,67,NA,NA,NA,NA,NA,NA,NA,NA,NA,2022,NA
"2","3","X",NA,NA,"blue",NA,NA,NA,NA,NA,NA,NA,NA,NA,NA,NA,"loose band",NA,2022-08-03,"YOSE8","YHW",2022-09-27,NA,NA,NA,NA,NA,NA,NA,NA,NA,NA,NA,2022,NA
"2","3","P",18,8,"blue",NA,NA,"2.21","17.3",3,NA,"0.0","6.0",5,2,"Y",NA,NA,2022-08-03,"YOSE8","YHW",2022-09-27,NA,NA,NA,NA,NA,NA,NA,NA,NA,NA,NA,2022,2.21
"2","3","P",NA,NA,NA,NA,NA,"0.95","21.0",1,NA,"0.0","5.0",3.7,1,"Y",NA,NA,2022-08-03,"YOSE8","YHW",2022-09-27,NA,NA,NA,NA,NA,NA,NA,NA,NA,NA,NA,2022,0.5
"2","3","X",NA,NA,NA,NA,NA,NA,NA,NA,NA,NA,NA,NA,NA,NA,NA,NA,2022-08-03,"YOSE8","YHW",2022-09-27,NA,NA,NA,NA,NA,NA,NA,NA,NA,NA,NA,2022,NA
"2","3","X",NA,NA,NA,NA,NA,NA,NA,NA,NA,NA,NA,NA,NA,NA,NA,NA,2022-08-03,"YOSE8","YHW",2022-09-27,NA,NA,NA,NA,NA,NA,NA,NA,NA,NA,NA,2022,NA
"2","3","P",NA,NA,NA,NA,NA,"1.38","23.4",1,NA,"0.0","3.0",5.7,1,"Y",NA,NA,2022-08-03,"YOSE8","YHW",2022-09-27,NA,NA,NA,NA,NA,NA,NA,NA,NA,NA,NA,2022,1.38
"2","3","V",45,10,"green",NA,NA,"0.41","7.0",2,"0.5",NA,NA,NA,NA,"Y",NA,NA,2022-08-03,"YOSE8","YHW",2022-09-27,NA,126,NA,NA,NA,NA,NA,NA,NA,NA,NA,2022,0.5
"2","3","V",45,14,"green",NA,NA,"1.14","1.4",2,"0.6",NA,NA,NA,NA,"Y",NA,NA,2022-08-03,"YOSE8","YHW",2022-09-27,NA,110,NA,NA,NA,NA,NA,NA,NA,NA,NA,2022,1.14
"2","3","V",24,29,"green",NA,NA,"0.72","1.6",1,"0.8",NA,NA,NA,NA,"Y",NA,NA,2022-08-03,"YOSE8","YHW",2022-09-27,NA,116,NA,NA,NA,NA,NA,NA,NA,NA,NA,2022,0.5
"2","3","V",27,31,"green",NA,NA,"1.47","1.7",1,"1.8",NA,NA,NA,NA,"Y",NA,NA,2022-08-03,"YOSE8","YHW",2022-09-27,NA,111,NA,NA,NA,NA,NA,NA,NA,NA,NA,2022,1.47
"2","3","V",34,45,"green",NA,NA,"0.65","2.0",1,"0.7",NA,NA,NA,NA,"Y",NA,NA,2022-08-03,"YOSE8","YHW",2022-09-27,NA,127,NA,NA,NA,NA,NA,NA,NA,NA,NA,2022,0.5
"2","3","V",35,43,"green",NA,NA,"2.03","3.0",1,"1.5",NA,NA,NA,NA,"Y",NA,NA,2022-08-03,"YOSE8","YHW",2022-09-27,NA,125,NA,NA,NA,NA,NA,NA,NA,NA,NA,2022,2.03
"2","3.5","X",26,8,"red",NA,NA,NA,NA,NA,NA,NA,NA,NA,NA,NA,NA,NA,2022-08-03,"YOSE8","YHW",2022-09-27,NA,NA,NA,NA,NA,NA,NA,NA,NA,NA,NA,2022,NA
"2","3.5","X",47,15,"red",NA,NA,NA,NA,NA,NA,NA,NA,NA,NA,NA,NA,NA,2022-08-03,"YOSE8","YHW",2022-09-27,NA,NA,NA,NA,NA,NA,NA,NA,NA,NA,NA,2022,NA
"2","3.5","X",2,20,"red",NA,NA,NA,NA,NA,NA,NA,NA,NA,NA,NA,NA,NA,2022-08-03,"YOSE8","YHW",2022-09-27,NA,NA,NA,NA,NA,NA,NA,NA,NA,NA,NA,2022,NA
"2","3.5","X",3,17,"red",NA,NA,NA,NA,NA,NA,NA,NA,NA,NA,NA,NA,NA,2022-08-03,"YOSE8","YHW",2022-09-27,NA,NA,NA,NA,NA,NA,NA,NA,NA,NA,NA,2022,NA
"2","3.5","X",3,19,"red",NA,NA,NA,NA,NA,NA,NA,NA,NA,NA,NA,NA,NA,2022-08-03,"YOSE8","YHW",2022-09-27,NA,NA,NA,NA,NA,NA,NA,NA,NA,NA,NA,2022,NA
"2","3.5","X",7,34,"purple",NA,NA,NA,NA,NA,NA,NA,NA,NA,NA,NA,NA,NA,2022-08-03,"YOSE8","YHW",2022-09-27,NA,79,NA,NA,NA,NA,NA,NA,NA,NA,NA,2022,NA
"2","3.5","X",1,38,"purple",NA,NA,NA,NA,NA,NA,NA,NA,NA,NA,NA,NA,NA,2022-08-03,"YOSE8","YHW",2022-09-27,NA,51,NA,NA,NA,NA,NA,NA,NA,NA,NA,2022,NA
"2","3.5","X",3,19,"purple",NA,NA,NA,NA,NA,NA,NA,NA,NA,NA,NA,NA,NA,2022-08-03,"YOSE8","YHW",2022-09-27,NA,NA,NA,NA,NA,NA,NA,NA,NA,NA,NA,2022,NA
"2","3.5","X",17,16,"purple",NA,NA,NA,NA,NA,NA,NA,NA,NA,NA,NA,NA,NA,2022-08-03,"YOSE8","YHW",2022-09-27,NA,NA,NA,NA,NA,NA,NA,NA,NA,NA,NA,2022,NA
"2","3.5","X",15,12,"purple",NA,NA,NA,NA,NA,NA,NA,NA,NA,NA,NA,NA,NA,2022-08-03,"YOSE8","YHW",2022-09-27,NA,NA,NA,NA,NA,NA,NA,NA,NA,NA,NA,2022,NA
"2","3.5","P",35,37,"red",NA,NA,"1.36","14.4",1,NA,"0.0","1.0",4.4,1,"N",NA,NA,2022-08-03,"YOSE8","YHW",2022-09-27,NA,3,NA,NA,NA,NA,NA,NA,NA,NA,NA,2022,1.36
"2","3.5","P",5,7,"purple",NA,NA,"1.28","16.5",1,NA,"0.0","3.0",3.5,1,"N","band was not found but plant was",NA,2022-08-03,"YOSE8","YHW",2022-09-27,NA,62,NA,NA,NA,NA,NA,NA,NA,NA,NA,2022,1.28
"2","3.5","X",7,11,"purple",NA,NA,NA,NA,NA,NA,NA,NA,NA,NA,NA,NA,NA,2022-08-03,"YOSE8","YHW",2022-09-27,NA,140,NA,NA,NA,NA,NA,NA,NA,NA,NA,2022,NA
"2","3.5","X",6,9,"purple",NA,NA,NA,NA,NA,NA,NA,NA,NA,NA,NA,NA,NA,2022-08-03,"YOSE8","YHW",2022-09-27,NA,308,NA,NA,NA,NA,NA,NA,NA,NA,NA,2022,NA
"2","3.5","X",8,7,"purple",NA,NA,NA,NA,NA,NA,NA,NA,NA,NA,NA,NA,NA,2022-08-03,"YOSE8","YHW",2022-09-27,NA,NA,NA,NA,NA,NA,NA,NA,NA,NA,NA,2022,NA
"2","3.5","X",12,13,"purple",NA,NA,NA,NA,NA,NA,NA,NA,NA,NA,NA,"dead",NA,2022-08-03,"YOSE8","YHW",2022-09-27,NA,NA,NA,NA,NA,NA,NA,NA,NA,NA,NA,2022,NA
"2","3.5","X",14,11,"purple",NA,NA,NA,NA,NA,NA,NA,NA,NA,NA,NA,"plant and band missing",NA,2022-08-03,"YOSE8","YHW",2022-09-27,NA,NA,NA,NA,NA,NA,NA,NA,NA,NA,NA,2022,NA
"2","3.5","P",14,3,"purple",NA,NA,"1.04","8.0",3,NA,"0.0","1.0",2.5,2,"Y",NA,NA,2022-08-03,"YOSE8","YHW",2022-09-27,NA,NA,NA,NA,NA,NA,NA,NA,NA,NA,NA,2022,1.04
"2","3.5","X",16,1,"purple",NA,NA,NA,NA,NA,NA,NA,NA,NA,NA,NA,NA,NA,2022-08-03,"YOSE8","YHW",2022-09-27,NA,102,NA,NA,NA,NA,NA,NA,NA,NA,NA,2022,NA
"2","3.5","X",19,3,"purple",NA,NA,NA,NA,NA,NA,NA,NA,NA,NA,NA,"plant missing",NA,2022-08-03,"YOSE8","YHW",2022-09-27,NA,NA,NA,NA,NA,NA,NA,NA,NA,NA,NA,2022,NA
"2","3.5","P",23,10,"purple",NA,NA,"2.26","29.4",3,NA,"0.0","9.0",6.5,3,"N",NA,NA,2022-08-03,"YOSE8","YHW",2022-09-27,NA,70,NA,NA,NA,NA,NA,NA,NA,NA,NA,2022,2.26
"2","3.5","X",1,18,"red",NA,NA,NA,NA,NA,NA,NA,NA,NA,NA,NA,NA,NA,2022-08-03,"YOSE8","YHW",2022-09-27,NA,48,NA,NA,NA,NA,NA,NA,NA,NA,NA,2022,NA
"2","3.5","P",NA,NA,NA,NA,NA,"1.85","24.5",1,NA,"0.0","5.0",5.4,1,"N",NA,NA,2022-08-03,"YOSE8","YHW",2022-09-27,NA,NA,NA,NA,NA,NA,NA,NA,NA,NA,NA,2022,1.85
"2","3.5","P",NA,NA,NA,NA,NA,"1.57","17.0",2,NA,"0.0","2.0",5,2,"N",NA,NA,2022-08-03,"YOSE8","YHW",2022-09-27,NA,NA,NA,NA,NA,NA,NA,NA,NA,NA,NA,2022,1.57
"2","3.5","V",10,50,"green",NA,NA,"1.24","2.7",2,"0.8",NA,NA,NA,NA,"Y",NA,NA,2022-08-03,"YOSE8","YHW",2022-09-27,NA,89,NA,NA,NA,NA,NA,NA,NA,NA,NA,2022,1.24
"2","3.5","V",12,45,"green",NA,NA,"1.66","2.5",1,"1.6",NA,NA,NA,NA,"N",NA,NA,2022-08-03,"YOSE8","YHW",2022-09-27,NA,78,NA,NA,NA,NA,NA,NA,NA,NA,NA,2022,1.66
"2","3.5","P",NA,NA,"blue",NA,NA,"1.37","26.5",1,NA,"0.0","1.0",7.9,1,"N",NA,NA,2022-08-03,"YOSE8","YHW",2022-09-27,NA,NA,NA,NA,NA,NA,NA,NA,NA,NA,NA,2022,1.37
"2","3.5","P",NA,NA,"blue",NA,NA,"1.09","20.0",1,NA,"0.0","5.0",5.4,1,"N",NA,NA,2022-08-03,"YOSE8","YHW",2022-09-27,NA,NA,NA,NA,NA,NA,NA,NA,NA,NA,NA,2022,1.09
"2","3.5","P",NA,NA,"blue",NA,NA,"1.93","15.3",1,NA,"0.0","1.0",4.1,1,"N",NA,NA,2022-08-03,"YOSE8","YHW",2022-09-27,NA,NA,NA,NA,NA,NA,NA,NA,NA,NA,NA,2022,1.93
"2","3.5","V",38,14,"green",NA,NA,"1.18","2.5",1,"1.4",NA,NA,NA,NA,"N",NA,NA,2022-08-03,"YOSE8","YHW",2022-09-27,NA,84,NA,NA,NA,NA,NA,NA,NA,NA,NA,2022,1.18
"2","3.5","V",28,25,"green",NA,NA,"0.94","2.1",1,"0.8",NA,NA,NA,NA,"Y",NA,NA,2022-08-03,"YOSE8","YHW",2022-09-27,NA,69,NA,NA,NA,NA,NA,NA,NA,NA,NA,2022,0.5
"2","4","X",5,5,"purple",NA,NA,NA,NA,NA,NA,NA,NA,NA,NA,NA,NA,NA,2022-08-03,"YOSE8","YHW",2022-09-28,NA,NA,NA,NA,NA,NA,NA,NA,NA,NA,NA,2022,NA
"2","4","X",1,9,"purple",NA,NA,NA,NA,NA,NA,NA,NA,NA,NA,NA,NA,NA,2022-08-03,"YOSE8","YHW",2022-09-28,NA,NA,NA,NA,NA,NA,NA,NA,NA,NA,NA,2022,NA
"2","4","X",11,16,"purple",NA,NA,NA,NA,NA,NA,NA,NA,NA,NA,NA,NA,NA,2022-08-03,"YOSE8","YHW",2022-09-28,NA,NA,NA,NA,NA,NA,NA,NA,NA,NA,NA,2022,NA
"2","4","X",17,12,"purple",NA,NA,NA,NA,NA,NA,NA,NA,NA,NA,NA,NA,NA,2022-08-03,"YOSE8","YHW",2022-09-28,NA,NA,NA,NA,NA,NA,NA,NA,NA,NA,NA,2022,NA
"2","4","P",20,19,"purple",NA,NA,"1.52","22.9",2,NA,"0.0","4.0",5,1,"N","pulled band, no green tissue",NA,2022-08-03,"YOSE8","YHW",2022-09-28,NA,NA,NA,NA,NA,NA,NA,NA,NA,NA,NA,2022,1.52
"2","4.5",NA,NA,NA,NA,NA,NA,NA,NA,NA,NA,NA,NA,NA,NA,NA,"not found",NA,2022-08-03,"YOSE8","YHW",2022-09-28,NA,NA,NA,NA,NA,NA,NA,NA,NA,NA,NA,2022,NA
"2","4.5","P",8,10,"red",NA,NA,"1.58","27.6",2,NA,"0.0","4.0",5.3,2,"N","pulled band",NA,2022-08-03,"YOSE8","YHW",2022-09-28,NA,NA,NA,NA,NA,NA,NA,NA,NA,NA,NA,2022,1.58
"2","4.5","X",12,10,"red",NA,NA,NA,NA,NA,NA,NA,NA,NA,NA,NA,NA,NA,2022-08-03,"YOSE8","YHW",2022-09-28,NA,NA,NA,NA,NA,NA,NA,NA,NA,NA,NA,2022,NA
"2","4.5","P",15,7,"red",NA,NA,"2.55","17.6",5,NA,"0.0","6.0",4.2,3,"N",NA,NA,2022-08-03,"YOSE8","YHW",2022-09-28,NA,5,NA,NA,NA,NA,NA,NA,NA,NA,NA,2022,2.55
"2","4.5","P",17,10,"red",NA,NA,"1.43","15.7",2,NA,"0.0","1.0",3.1,1,"N",NA,NA,2022-08-03,"YOSE8","YHW",2022-09-28,NA,NA,NA,NA,NA,NA,NA,NA,NA,NA,NA,2022,1.43
"2","4.5","P",36,17,"Red",NA,NA,"2.68","14.3",3,NA,"0.0","10.0",3.2,3,"N",NA,NA,2022-08-03,"YOSE8","YHW",2022-09-28,NA,7,NA,NA,NA,NA,NA,NA,NA,NA,NA,2022,2.68
"2","4.5","P",45,19,"yellow",NA,NA,"2.63","32.5",4,NA,"0.0","9.0",8.6,4,"Y",NA,NA,2022-08-03,"YOSE8","YHW",2022-09-28,NA,5,NA,NA,NA,NA,NA,NA,NA,NA,NA,2022,2.63
"2","4","V",23,2,"green",NA,NA,"1.3","11.0",2,"1.0",NA,NA,NA,NA,"Y",NA,NA,2022-08-03,"YOSE8","YHW",2022-09-28,NA,59,NA,NA,NA,NA,NA,NA,NA,NA,NA,2022,1.3
"2","4","V",36,12,"green",NA,NA,"0.88","1.0",1,"0.4",NA,NA,NA,NA,"Y",NA,NA,2022-08-03,"YOSE8","YHW",2022-09-28,NA,45,NA,NA,NA,NA,NA,NA,NA,NA,NA,2022,0.5
"2","4","P",NA,NA,NA,NA,NA,"1.64","24.8",2,NA,"0.0","2.0",5.1,1,"N","completely dry, no band",NA,2022-08-03,"YOSE8","YHW",2022-09-28,NA,NA,NA,NA,NA,NA,NA,NA,NA,NA,NA,2022,1.64
"2","4","V",35,14,"green",NA,NA,"1.3","9.7",2,"1.2",NA,NA,NA,NA,"Y",NA,NA,2022-08-03,"YOSE8","YHW",2022-09-28,NA,95,NA,NA,NA,NA,NA,NA,NA,NA,NA,2022,1.3
"2","4","P",NA,NA,NA,NA,NA,"1.55","19.8",4,NA,"0.0","6.0",3.8,3,"N","completely dry, no band",NA,2022-08-03,"YOSE8","YHW",2022-09-28,NA,NA,NA,NA,NA,NA,NA,NA,NA,NA,NA,2022,1.55
"2","4","P",NA,NA,NA,NA,NA,"1.23","12.1",1,NA,"0.0","1.0",1.9,1,"N","completely dry, no band",NA,2022-08-03,"YOSE8","YHW",2022-09-28,NA,NA,NA,NA,NA,NA,NA,NA,NA,NA,NA,2022,1.23
"2","4","P",NA,NA,NA,NA,NA,"1.24","10.7",1,NA,"0.0","7.0",5,1,"N","completely dry, no band",NA,2022-08-03,"YOSE8","YHW",2022-09-28,NA,NA,NA,NA,NA,NA,NA,NA,NA,NA,NA,2022,1.24
"2","4","P",NA,NA,NA,NA,NA,"1.06","13.5",2,NA,"0.0","2.0",5,2,"N","completely dry, no band",NA,2022-08-03,"YOSE8","YHW",2022-09-28,NA,NA,NA,NA,NA,NA,NA,NA,NA,NA,NA,2022,1.06
"2","4","P",NA,NA,NA,NA,NA,"2.06","22.5",3,NA,"0.0","9.0",6,3,"N","completely dry, no band",NA,2022-08-03,"YOSE8","YHW",2022-09-28,NA,NA,NA,NA,NA,NA,NA,NA,NA,NA,NA,2022,2.06
"2","4","P",NA,NA,NA,NA,NA,"1.27","18.1",2,NA,"0.0","5.0",4.4,2,"N","completely dry, no band",NA,2022-08-03,"YOSE8","YHW",2022-09-28,NA,NA,NA,NA,NA,NA,NA,NA,NA,NA,NA,2022,1.27
"2","4","P",NA,NA,NA,NA,NA,"1.0","19.2",3,NA,"0.0","4.0",4.9,3,"N","completely dry, no band",NA,2022-08-03,"YOSE8","YHW",2022-09-28,NA,NA,NA,NA,NA,NA,NA,NA,NA,NA,NA,2022,1
"2","4","P",NA,NA,NA,NA,NA,"0.5","8.0",1,NA,"0.0","1.0",1,1,"N","completely dry, no band",NA,2022-08-03,"YOSE8","YHW",2022-09-28,NA,NA,NA,NA,NA,NA,NA,NA,NA,NA,NA,2022,0.5
"2","4","V",33,48,"green",NA,NA,"1.14","3.0",1,"1.1",NA,NA,NA,NA,"Y",NA,NA,2022-08-03,"YOSE8","YHW",2022-09-28,NA,86,NA,NA,NA,NA,NA,NA,NA,NA,NA,2022,1.14
"2","4.5","P",NA,NA,NA,NA,NA,"2.74","15.0",5,NA,"0.0","19.0",4.3,5,"N","too dry, no band",NA,2022-08-03,"YOSE8","YHW",2022-09-28,NA,NA,NA,NA,NA,NA,NA,NA,NA,NA,NA,2022,2.74
"2","4.5","P",NA,NA,NA,NA,NA,"2.13","19.0",2,NA,"0.0","7.0",4.1,2,"N","too dry, no band",NA,2022-08-03,"YOSE8","YHW",2022-09-28,NA,NA,NA,NA,NA,NA,NA,NA,NA,NA,NA,2022,2.13
"2","4.5","P",32,3,"green",NA,NA,"1.37","6.2",1,NA,"0.0","0.0",NA,1,"Y",NA,NA,2022-08-03,"YOSE8","YHW",2022-09-28,NA,40,NA,NA,NA,NA,NA,NA,NA,NA,NA,2022,1.37
"2","4.5","V",34,6,"green",NA,NA,"0.5","1.0",1,"0.8",NA,NA,NA,NA,"N",NA,NA,2022-08-03,"YOSE8","YHW",2022-09-28,NA,48,NA,NA,NA,NA,NA,NA,NA,NA,NA,2022,0.5
"2","4.5","V",NA,NA,NA,NA,NA,"0.31","1.4",1,"0.6",NA,NA,NA,NA,"N",NA,NA,2022-08-03,"YOSE8","YHW",2022-09-28,NA,NA,NA,NA,NA,NA,NA,NA,NA,NA,NA,2022,0.5
"2","4.5","V",31,17,"green",NA,NA,"0.71","1.3",1,"0.7",NA,NA,NA,NA,"N",NA,NA,2022-08-03,"YOSE8","YHW",2022-09-28,NA,46,NA,NA,NA,NA,NA,NA,NA,NA,NA,2022,0.5
"2","4.5","V",29,19,"green",NA,NA,"0.68","1.4",2,"0.7",NA,NA,NA,NA,"N",NA,NA,2022-08-03,"YOSE8","YHW",2022-09-28,NA,786,NA,NA,NA,NA,NA,NA,NA,NA,NA,2022,0.5
"2","4.5","P",NA,NA,NA,NA,NA,"1.45","21.7",1,NA,"0.0","0.0",NA,1,"Y","too dry, no band",NA,2022-08-03,"YOSE8","YHW",2022-09-28,NA,NA,NA,NA,NA,NA,NA,NA,NA,NA,NA,2022,1.45
"2","4.5","P",NA,NA,NA,NA,NA,"0.79","9.2",1,NA,"0.0","1.0",4.2,1,"N",NA,NA,2022-08-03,"YOSE8","YHW",2022-09-28,NA,NA,NA,NA,NA,NA,NA,NA,NA,NA,NA,2022,0.5
"2","4.5","P",NA,NA,NA,NA,NA,"2.69","25.0",5,NA,"0.0","20.0",4.7,5,"Y","too dry, no band",NA,2022-08-03,"YOSE8","YHW",2022-09-28,NA,NA,NA,NA,NA,NA,NA,NA,NA,NA,NA,2022,2.69
"2","4.5","P",NA,NA,NA,NA,NA,"2.31","26.1",3,NA,"0.0","8.0",6.1,3,"Y","too dry, no band",NA,2022-08-03,"YOSE8","YHW",2022-09-28,NA,NA,NA,NA,NA,NA,NA,NA,NA,NA,NA,2022,2.31
"2","4.5","P",NA,NA,NA,NA,NA,"1.27","16.5",1,NA,"0.0","1.0",2.1,1,"N","too dry, no band",NA,2022-08-03,"YOSE8","YHW",2022-09-28,NA,NA,NA,NA,NA,NA,NA,NA,NA,NA,NA,2022,1.27
"2","4.5","P",20,33,NA,NA,NA,"1.31","14.2",1,NA,"0.0","2.0",2.5,1,"Y",NA,NA,2022-08-03,"YOSE8","YHW",2022-09-28,NA,80,NA,NA,NA,NA,NA,NA,NA,NA,NA,2022,1.31
"2","4.5","P",NA,NA,NA,NA,NA,"1.18","11.5",1,NA,"0.0","1.0",1.6,1,"N","too dry, no band",NA,2022-08-03,"YOSE8","YHW",2022-09-28,NA,NA,NA,NA,NA,NA,NA,NA,NA,NA,NA,2022,1.18
"2","4.5","P",NA,NA,NA,NA,NA,"0.77","17.2",1,NA,"0.0","5.0",4.1,1,"N","too dry",NA,2022-08-03,"YOSE8","YHW",2022-09-28,NA,NA,NA,NA,NA,NA,NA,NA,NA,NA,NA,2022,0.5
"2","5","P",14,4,"blue",NA,NA,"0.88","12.3",1,NA,"0.0","1.0",4.1,1,"N",NA,NA,2022-08-03,"YOSE8","YHW",2022-09-28,NA,177,NA,NA,NA,NA,NA,NA,NA,NA,NA,2022,0.5
"2","5.5","X",45,0,"red",NA,NA,NA,NA,NA,NA,NA,NA,NA,NA,NA,NA,NA,2022-08-03,"YOSE8","YHW",2022-09-28,NA,NA,NA,NA,NA,NA,NA,NA,NA,NA,NA,2022,NA
"2","5.5","P",4,1,"red",NA,NA,"1.44","17.8",1,NA,"0.0","2.0",6.5,1,"N","was in plot 5",NA,2022-08-03,"YOSE8","YHW",2022-09-28,NA,NA,NA,NA,NA,NA,NA,NA,NA,NA,NA,2022,1.44
"2","5.5","X",9,5,"red",NA,NA,NA,NA,NA,NA,NA,NA,NA,NA,NA,NA,NA,2022-08-03,"YOSE8","YHW",2022-09-28,NA,NA,NA,NA,NA,NA,NA,NA,NA,NA,NA,2022,NA
"2","5.5","X",14,11,"red",NA,NA,NA,NA,NA,NA,NA,NA,NA,NA,NA,NA,NA,2022-08-03,"YOSE8","YHW",2022-09-28,NA,NA,NA,NA,NA,NA,NA,NA,NA,NA,NA,2022,NA
"2","5","X",1,13,"red",NA,NA,NA,NA,NA,NA,NA,NA,NA,NA,NA,NA,NA,2022-08-03,"YOSE8","YHW",2022-09-28,NA,23,NA,NA,NA,NA,NA,NA,NA,NA,NA,2022,NA
"2","5.5","X",5,22,"red",NA,NA,NA,NA,NA,NA,NA,NA,NA,NA,NA,NA,NA,2022-08-03,"YOSE8","YHW",2022-09-28,NA,NA,NA,NA,NA,NA,NA,NA,NA,NA,NA,2022,NA
"2","5.5","X",5,42,"red",NA,NA,NA,NA,NA,NA,NA,NA,NA,NA,NA,NA,NA,2022-08-03,"YOSE8","YHW",2022-09-28,NA,88,NA,NA,NA,NA,NA,NA,NA,NA,NA,2022,NA
"2","5","X",48,13,"blue",NA,NA,NA,NA,NA,NA,NA,NA,NA,NA,NA,NA,NA,2022-08-03,"YOSE8","YHW",2022-09-28,NA,NA,NA,NA,NA,NA,NA,NA,NA,NA,NA,2022,NA
"2","5","X",43,16,"blue",NA,NA,NA,NA,NA,NA,NA,NA,NA,NA,NA,NA,NA,2022-08-03,"YOSE8","YHW",2022-09-28,NA,NA,NA,NA,NA,NA,NA,NA,NA,NA,NA,2022,NA
"2","5","X",39,17,"blue",NA,NA,NA,NA,NA,NA,NA,NA,NA,NA,NA,NA,NA,2022-08-03,"YOSE8","YHW",2022-09-28,NA,NA,NA,NA,NA,NA,NA,NA,NA,NA,NA,2022,NA
"2","5","X",46,4,"red",NA,NA,NA,NA,NA,NA,NA,NA,NA,NA,NA,NA,NA,2022-08-03,"YOSE8","YHW",2022-09-28,NA,NA,NA,NA,NA,NA,NA,NA,NA,NA,NA,2022,NA
"2","5","X",11,20,"red",NA,NA,NA,NA,NA,NA,NA,NA,NA,NA,NA,NA,NA,2022-08-03,"YOSE8","YHW",2022-09-28,NA,NA,NA,NA,NA,NA,NA,NA,NA,NA,NA,2022,NA
"2","5","X",50,14,"yellow",NA,NA,NA,NA,NA,NA,NA,NA,NA,NA,NA,NA,NA,2022-08-03,"YOSE8","YHW",2022-09-28,NA,NA,NA,NA,NA,NA,NA,NA,NA,NA,NA,2022,NA
"2","5","P",NA,NA,NA,NA,NA,"1.9","21.2",2,NA,"0.0","3.0",6.7,2,"N",NA,NA,2022-08-03,"YOSE8","YHW",2022-09-28,NA,NA,NA,NA,NA,NA,NA,NA,NA,NA,NA,2022,1.9
"2","5","P",13,4,"green",NA,NA,"2.05","23.5",4,NA,"0.0","3.0",4.2,1,"Y",NA,NA,2022-08-03,"YOSE8","YHW",2022-09-28,NA,79,NA,NA,NA,NA,NA,NA,NA,NA,NA,2022,2.05
"2","5","P",NA,NA,NA,NA,NA,"1.55","19.6",2,NA,"0.0","3.0",5.9,2,"N",NA,NA,2022-08-03,"YOSE8","YHW",2022-09-28,NA,NA,NA,NA,NA,NA,NA,NA,NA,NA,NA,2022,1.55
"2","5","P",20,19,"green",NA,NA,"1.81","20.1",3,NA,"0.0","6.0",5.2,2,"N",NA,NA,2022-08-03,"YOSE8","YHW",2022-09-28,NA,57,NA,NA,NA,NA,NA,NA,NA,NA,NA,2022,1.81
"2","5","P",NA,NA,NA,NA,NA,"2.21","26.1",1,NA,"0.0","10.0",5.3,1,"N",NA,NA,2022-08-03,"YOSE8","YHW",2022-09-28,NA,NA,NA,NA,NA,NA,NA,NA,NA,NA,NA,2022,2.21
"2","5","P",NA,NA,NA,NA,NA,"1.71","18.4",2,NA,"0.0","2.0",4.3,2,"N",NA,NA,2022-08-03,"YOSE8","YHW",2022-09-28,NA,NA,NA,NA,NA,NA,NA,NA,NA,NA,NA,2022,1.71
"2","5","P",42,22,"green",NA,NA,"1.34","17.3",1,NA,"0.0","2.0",3.2,1,"N",NA,NA,2022-08-03,"YOSE8","YHW",2022-09-28,NA,74,NA,NA,NA,NA,NA,NA,NA,NA,NA,2022,1.34
"2","5","V",39,28,"green",NA,NA,"1.21","1.3",1,"0.9",NA,NA,NA,NA,"Y",NA,NA,2022-08-03,"YOSE8","YHW",2022-09-28,NA,8,NA,NA,NA,NA,NA,NA,NA,NA,NA,2022,1.21
"2","5","P",NA,NA,NA,NA,NA,"1.51","18.0",2,NA,"0.0","6.0",5.6,1,"Y",NA,NA,2022-08-03,"YOSE8","YHW",2022-09-28,NA,NA,NA,NA,NA,NA,NA,NA,NA,NA,NA,2022,1.51
"2","6","X",23,36,"purple",NA,NA,NA,NA,NA,NA,NA,NA,NA,NA,NA,"could not find",NA,2022-08-03,"YOSE8","YHW",2022-09-28,NA,NA,NA,NA,NA,NA,NA,NA,NA,NA,NA,2022,NA
"2","6","V",26,31,"red",NA,NA,"0.63","4.5",4,"0.7",NA,NA,NA,NA,"Y",NA,NA,2022-08-03,"YOSE8","YHW",2022-09-28,NA,NA,NA,NA,NA,NA,NA,NA,NA,NA,NA,2022,0.5
"2","6","X",50,17,"red",NA,NA,NA,NA,NA,NA,NA,NA,NA,NA,NA,NA,NA,2022-08-03,"YOSE8","YHW",2022-09-28,NA,NA,NA,NA,NA,NA,NA,NA,NA,NA,NA,2022,NA
"2","6.5","X",7,6,"purple",NA,NA,NA,NA,NA,NA,NA,NA,NA,NA,NA,NA,NA,2022-08-03,"YOSE8","YHW",2022-09-28,NA,NA,NA,NA,NA,NA,NA,NA,NA,NA,NA,2022,NA
"2","6.5","X",6,5,"purple",NA,NA,NA,NA,NA,NA,NA,NA,NA,NA,NA,NA,NA,2022-08-03,"YOSE8","YHW",2022-09-28,NA,NA,NA,NA,NA,NA,NA,NA,NA,NA,NA,2022,NA
"2","6.5","X",12,5,"purple",NA,NA,NA,NA,NA,NA,NA,NA,NA,NA,NA,NA,NA,2022-08-03,"YOSE8","YHW",2022-09-28,NA,NA,NA,NA,NA,NA,NA,NA,NA,NA,NA,2022,NA
"2","6.5","X",17,9,"purple",NA,NA,NA,NA,NA,NA,NA,NA,NA,NA,NA,NA,NA,2022-08-03,"YOSE8","YHW",2022-09-28,NA,NA,NA,NA,NA,NA,NA,NA,NA,NA,NA,2022,NA
"2","6.5","X",25,10,"purple",NA,NA,NA,NA,NA,NA,NA,NA,NA,NA,NA,NA,NA,2022-08-03,"YOSE8","YHW",2022-09-28,NA,NA,NA,NA,NA,NA,NA,NA,NA,NA,NA,2022,NA
"1","0.5","P",5,9,"green",NA,NA,"2.98","17.1",4,NA,"0.0","7.0",3.7,2,"Y",NA,NA,2023-08-09,"YOSE8","SB",2024-01-09,NA,90,NA,NA,NA,NA,NA,NA,NA,NA,NA,2023,2.98
"1","2.5","P",45,29,"green",NA,NA,"2.53","35.2",2,NA,"0.0","36.0",5.7,2,"N",NA,NA,2023-08-09,"YOSE8","SB",2024-01-09,NA,70,NA,NA,NA,NA,NA,NA,NA,NA,NA,2023,2.53
"1","3","F",29,10,"green",NA,NA,"1.12","6.1",1,NA,"0.0",NA,NA,1,"N",NA,NA,2023-08-09,"YOSE8","SB",2024-01-09,NA,94,NA,NA,NA,NA,NA,NA,NA,NA,NA,2023,1.12
"1","3.5","V",23,2,"purple",NA,NA,"0.86","1.4",3,"0.4",NA,NA,NA,0,"Y",NA,NA,2023-08-09,"YOSE8","SB",2024-01-09,NA,7,NA,NA,NA,NA,NA,NA,NA,NA,NA,2023,0.5
"1","0.5","V",19,28,"pink",NA,NA,"0.56","1.4",1,"1.2",NA,NA,NA,0,"N",NA,NA,2023-08-09,"YOSE8","SB",2024-01-09,NA,80,NA,NA,NA,NA,NA,NA,NA,NA,NA,2023,0.5
"1","1","V",17,32,"pink",NA,NA,"0.2","0.7",1,"0.4",NA,NA,NA,0,"N",NA,NA,2023-08-09,"YOSE8","SB",2024-01-09,NA,133,NA,NA,NA,NA,NA,NA,NA,NA,NA,2023,0.5
"1","1.5","P",13,9,"purple",NA,NA,"2.63","29.4",1,NA,"0.0","8.0",5.9,1,"N","found w/o number",NA,2023-08-09,"YOSE8","SB",2024-01-09,NA,NA,NA,NA,NA,NA,NA,NA,NA,NA,NA,2023,2.63
"1","1.5","V",3,34,"pink",NA,NA,"0.38","1.2",1,"0.8",NA,NA,NA,0,"N",NA,NA,2023-08-09,"YOSE8","SB",2024-01-09,NA,200,NA,NA,NA,NA,NA,NA,NA,NA,NA,2023,0.5
"1","2.5","P",31,10,"pink",NA,NA,"0.88","16.1",1,NA,"0.0","3.0",4.4,1,"N",NA,NA,2023-08-09,"YOSE8","SB",2024-01-09,NA,107,NA,NA,NA,NA,NA,NA,NA,NA,NA,2023,0.5
"1","3","P",45,0,"purple",NA,NA,"2.08","22.0",4,NA,"0.0","2.0",5.6,2,"N","no numbers band",NA,2023-08-09,"YOSE8","SB",2024-01-09,NA,NA,NA,NA,NA,NA,NA,NA,NA,NA,NA,2023,2.08
"1","3","P",45,34,"pink",NA,NA,"1.6","30.5",1,NA,"3.0","7.0",5.5,1,"N",NA,NA,2023-08-09,"YOSE8","SB",2024-01-09,NA,231,NA,NA,NA,NA,NA,NA,NA,NA,NA,2023,1.6
"1","3.5","X",NA,NA,"purple",NA,NA,NA,NA,NA,NA,NA,NA,NA,NA,NA,NA,NA,2023-08-09,"YOSE8","SB",2024-01-09,NA,NA,NA,NA,NA,NA,NA,NA,NA,NA,NA,2023,NA
"1","4","X",NA,NA,"purple",NA,NA,NA,NA,NA,NA,NA,NA,NA,NA,NA,NA,NA,2023-08-09,"YOSE8","SB",2024-01-09,NA,NA,NA,NA,NA,NA,NA,NA,NA,NA,NA,2023,NA
"1","4","P",33,6,"pink",NA,NA,"2.17","15.1",4,NA,"0.0","13.0",4.6,4,"N",NA,NA,2023-08-09,"YOSE8","SB",2024-01-09,NA,129,NA,NA,NA,NA,NA,NA,NA,NA,NA,2023,2.17
"1","4","P",29,29,"pink",NA,NA,"1.55","20.1",1,NA,"0.0","3.0",5.7,1,"N",NA,NA,2023-08-09,"YOSE8","SB",2024-01-09,NA,603,NA,NA,NA,NA,NA,NA,NA,NA,NA,2023,1.55
"1","4.5","P",15,13,"pink",NA,NA,"1.12","21.0",1,NA,"0.0","3.0",3.9,1,"N",NA,NA,2023-08-09,"YOSE8","SB",2024-01-09,NA,512,NA,NA,NA,NA,NA,NA,NA,NA,NA,2023,1.12
"2","0","X",27,9,"green",NA,NA,NA,NA,NA,NA,NA,NA,NA,NA,NA,NA,NA,2023-08-09,"YOSE8","SB",2024-01-09,NA,120,NA,NA,NA,NA,NA,NA,NA,NA,NA,2023,NA
"2","1","X",44,12,"purple",NA,NA,NA,NA,NA,NA,NA,NA,NA,NA,NA,"plant/band gone",NA,2023-08-09,"YOSE8","SB",2024-01-09,NA,98,NA,NA,NA,NA,NA,NA,NA,NA,NA,2023,NA
"2","1","X",46,34,"green",NA,NA,NA,NA,NA,NA,NA,NA,NA,NA,NA,NA,NA,2023-08-09,"YOSE8","SB",2024-01-09,NA,123,NA,NA,NA,NA,NA,NA,NA,NA,NA,2023,NA
"2","1","V",43,34,"green",NA,NA,"2.27","7.0",2,"2.0",NA,NA,NA,NA,"Y",NA,NA,2023-08-09,"YOSE8","SB",2024-01-09,NA,102,NA,NA,NA,NA,NA,NA,NA,NA,NA,2023,2.27
"2","1.5","X",28,4,"green",NA,NA,NA,NA,NA,NA,NA,NA,NA,NA,NA,NA,NA,2023-08-09,"YOSE8","SB",2024-01-09,NA,119,NA,NA,NA,NA,NA,NA,NA,NA,NA,2023,NA
"2","1.5","X",0,35,"purple",NA,NA,NA,NA,NA,NA,NA,NA,NA,NA,NA,"plant/band gone",NA,2023-08-09,"YOSE8","SB",2024-01-09,NA,51,NA,NA,NA,NA,NA,NA,NA,NA,NA,2023,NA
"2","2","X",3,34,"orange",NA,NA,NA,NA,NA,NA,NA,NA,NA,NA,NA,NA,NA,2023-08-09,"YOSE8","SB",2024-01-09,NA,37,NA,NA,NA,NA,NA,NA,NA,NA,NA,2023,NA
"2","2","X",2,20,"green",NA,NA,NA,NA,NA,NA,NA,NA,NA,NA,NA,NA,NA,2023-08-09,"YOSE8","SB",2024-01-09,NA,121,NA,NA,NA,NA,NA,NA,NA,NA,NA,2023,NA
"2","2.5","X",37,47,"blue",NA,NA,NA,NA,NA,NA,NA,NA,NA,NA,NA,"plant/band gone",NA,2023-08-09,"YOSE8","SB",2024-01-09,NA,410,NA,NA,NA,NA,NA,NA,NA,NA,NA,2023,NA
"2","2.5","X",34,47,"blue",NA,NA,NA,NA,NA,NA,NA,NA,NA,NA,NA,"plant/band gone",NA,2023-08-09,"YOSE8","SB",2024-01-09,NA,5,NA,NA,NA,NA,NA,NA,NA,NA,NA,2023,NA
"2","2.5","X",37,36,"red",NA,NA,NA,NA,NA,NA,NA,NA,NA,NA,NA,"plant/band gone",NA,2023-08-09,"YOSE8","SB",2024-01-09,NA,46,NA,NA,NA,NA,NA,NA,NA,NA,NA,2023,NA
"2","2.5","X",15,8,"green",NA,NA,NA,NA,NA,NA,NA,NA,NA,NA,NA,NA,NA,2023-08-09,"YOSE8","SB",2024-01-09,NA,103,NA,NA,NA,NA,NA,NA,NA,NA,NA,2023,NA
"2","3","X",45,10,"green",NA,NA,NA,NA,NA,NA,NA,NA,NA,NA,NA,"dead",NA,2023-08-09,"YOSE8","SB",2024-01-09,NA,126,NA,NA,NA,NA,NA,NA,NA,NA,NA,2023,NA
"2","3","X",45,14,"green",NA,NA,NA,NA,NA,NA,NA,NA,NA,NA,NA,"dead",NA,2023-08-09,"YOSE8","SB",2024-01-09,NA,110,NA,NA,NA,NA,NA,NA,NA,NA,NA,2023,NA
"2","3","X",24,29,"green",NA,NA,NA,NA,NA,NA,NA,NA,NA,NA,NA,"dead",NA,2023-08-09,"YOSE8","SB",2024-01-09,NA,116,NA,NA,NA,NA,NA,NA,NA,NA,NA,2023,NA
"2","3","X",27,31,"green",NA,NA,NA,NA,NA,NA,NA,NA,NA,NA,NA,"dead",NA,2023-08-09,"YOSE8","SB",2024-01-09,NA,111,NA,NA,NA,NA,NA,NA,NA,NA,NA,2023,NA
"2","3","X",34,45,"green",NA,NA,NA,NA,NA,NA,NA,NA,NA,NA,NA,"dead",NA,2023-08-09,"YOSE8","SB",2024-01-09,NA,127,NA,NA,NA,NA,NA,NA,NA,NA,NA,2023,NA
"2","3","X",35,43,"green",NA,NA,NA,NA,NA,NA,NA,NA,NA,NA,NA,"dead",NA,2023-08-09,"YOSE8","SB",2024-01-09,NA,125,NA,NA,NA,NA,NA,NA,NA,NA,NA,2023,NA
"2","3.5",NA,35,37,"red",NA,NA,NA,NA,NA,NA,NA,NA,NA,NA,NA,"band missing",NA,2023-08-09,"YOSE8","SB",2024-01-09,NA,3,NA,NA,NA,NA,NA,NA,NA,NA,NA,2023,NA
"2","3.5",NA,5,7,"purple",NA,NA,NA,NA,NA,NA,NA,NA,NA,NA,NA,"band missing",NA,2023-08-09,"YOSE8","SB",2024-01-09,NA,62,NA,NA,NA,NA,NA,NA,NA,NA,NA,2023,NA
"2","3.5",NA,23,10,"purple",NA,NA,NA,NA,NA,NA,NA,NA,NA,NA,NA,"band missing",NA,2023-08-09,"YOSE8","SB",2024-01-09,NA,70,NA,NA,NA,NA,NA,NA,NA,NA,NA,2023,NA
"2","3.5","X",10,50,"green",NA,NA,NA,NA,NA,NA,NA,NA,NA,NA,NA,NA,NA,2023-08-09,"YOSE8","SB",2024-01-09,NA,89,NA,NA,NA,NA,NA,NA,NA,NA,NA,2023,NA
"2","3.5","X",12,45,"green",NA,NA,NA,NA,NA,NA,NA,NA,NA,NA,NA,NA,NA,2023-08-09,"YOSE8","SB",2024-01-09,NA,78,NA,NA,NA,NA,NA,NA,NA,NA,NA,2023,NA
"2","3.5","X",38,14,"green",NA,NA,NA,NA,NA,NA,NA,NA,NA,NA,NA,NA,NA,2023-08-09,"YOSE8","SB",2024-01-09,NA,84,NA,NA,NA,NA,NA,NA,NA,NA,NA,2023,NA
"2","3.5","X",15,5,"purple",NA,NA,NA,NA,NA,NA,NA,NA,NA,NA,NA,"extra band found w/ no numbers",NA,2023-08-09,"YOSE8","SB",2024-01-09,NA,NA,NA,NA,NA,NA,NA,NA,NA,NA,NA,2023,NA
"2","3.5","X",28,25,"green",NA,NA,NA,NA,NA,NA,NA,NA,NA,NA,NA,NA,NA,2023-08-09,"YOSE8","SB",2024-01-09,NA,69,NA,NA,NA,NA,NA,NA,NA,NA,NA,2023,NA
"2","4","X",23,2,"green",NA,NA,NA,NA,NA,NA,NA,NA,NA,NA,NA,NA,NA,2023-08-09,"YOSE8","SB",2024-01-09,NA,59,NA,NA,NA,NA,NA,NA,NA,NA,NA,2023,NA
"2","4","X",36,12,"green",NA,NA,NA,NA,NA,NA,NA,NA,NA,NA,NA,NA,NA,2023-08-09,"YOSE8","SB",2024-01-09,NA,45,NA,NA,NA,NA,NA,NA,NA,NA,NA,2023,NA
"2","4","X",35,14,"green",NA,NA,NA,NA,NA,NA,NA,NA,NA,NA,NA,NA,NA,2023-08-09,"YOSE8","SB",2024-01-09,NA,95,NA,NA,NA,NA,NA,NA,NA,NA,NA,2023,NA
"2","4","X",33,48,"green",NA,NA,NA,NA,NA,NA,NA,NA,NA,NA,NA,NA,NA,2023-08-09,"YOSE8","SB",2024-01-09,NA,86,NA,NA,NA,NA,NA,NA,NA,NA,NA,2023,NA
"2","4.5","X",15,7,"red",NA,NA,NA,NA,NA,NA,NA,NA,NA,NA,NA,NA,NA,2023-08-09,"YOSE8","SB",2024-01-09,NA,5,NA,NA,NA,NA,NA,NA,NA,NA,NA,2023,NA
"2","4.5","X",36,17,"red",NA,NA,NA,NA,NA,NA,NA,NA,NA,NA,NA,"plant gone",NA,2023-08-09,"YOSE8","SB",2024-01-09,NA,7,NA,NA,NA,NA,NA,NA,NA,NA,NA,2023,NA
"2","4.5","X",45,19,"yellow",NA,NA,NA,NA,NA,NA,NA,NA,NA,NA,NA,NA,NA,2023-08-09,"YOSE8","SB",2024-01-09,NA,5,NA,NA,NA,NA,NA,NA,NA,NA,NA,2023,NA
"2","4.5",NA,32,3,"green",NA,NA,NA,NA,NA,NA,NA,NA,NA,NA,NA,"band missing",NA,2023-08-09,"YOSE8","SB",2024-01-09,NA,40,NA,NA,NA,NA,NA,NA,NA,NA,NA,2023,NA
"2","4.5",NA,34,6,"green",NA,NA,NA,NA,NA,NA,NA,NA,NA,NA,NA,"band missing",NA,2023-08-09,"YOSE8","SB",2024-01-09,NA,48,NA,NA,NA,NA,NA,NA,NA,NA,NA,2023,NA
"2","4.5",NA,31,17,"green",NA,NA,NA,NA,NA,NA,NA,NA,NA,NA,NA,"band missing",NA,2023-08-09,"YOSE8","SB",2024-01-09,NA,46,NA,NA,NA,NA,NA,NA,NA,NA,NA,2023,NA
"2","4.5",NA,29,19,"green",NA,NA,NA,NA,NA,NA,NA,NA,NA,NA,NA,"band missing",NA,2023-08-09,"YOSE8","SB",2024-01-09,NA,786,NA,NA,NA,NA,NA,NA,NA,NA,NA,2023,NA
"2","4.5","X",20,33,NA,NA,NA,NA,NA,NA,NA,NA,NA,NA,NA,NA,"plant dead;green band",NA,2023-08-09,"YOSE8","SB",2024-01-09,NA,80,NA,NA,NA,NA,NA,NA,NA,NA,NA,2023,NA
"2","5",NA,14,4,"blue",NA,NA,NA,NA,NA,NA,NA,NA,NA,NA,NA,"band missing",NA,2023-08-09,"YOSE8","SB",2024-01-09,NA,177,NA,NA,NA,NA,NA,NA,NA,NA,NA,2023,NA
"2","5","X",13,4,"green",NA,NA,NA,NA,NA,NA,NA,NA,NA,NA,NA,NA,NA,2023-08-09,"YOSE8","SB",2024-01-09,NA,79,NA,NA,NA,NA,NA,NA,NA,NA,NA,2023,NA
"2","5","X",20,19,"green",NA,NA,NA,NA,NA,NA,NA,NA,NA,NA,NA,NA,NA,2023-08-09,"YOSE8","SB",2024-01-09,NA,57,NA,NA,NA,NA,NA,NA,NA,NA,NA,2023,NA
"2","5","X",42,22,"green",NA,NA,NA,NA,NA,NA,NA,NA,NA,NA,NA,"plant gone",NA,2023-08-09,"YOSE8","SB",2024-01-09,NA,74,NA,NA,NA,NA,NA,NA,NA,NA,NA,2023,NA
"2","5","X",39,28,"green",NA,NA,NA,NA,NA,NA,NA,NA,NA,NA,NA,NA,NA,2023-08-09,"YOSE8","SB",2024-01-09,NA,8,NA,NA,NA,NA,NA,NA,NA,NA,NA,2023,NA
"2","0","X",10,10,"purple",NA,NA,NA,NA,NA,NA,NA,NA,NA,NA,NA,NA,NA,2023-08-09,"YOSE8","SB",2024-01-09,NA,NA,NA,NA,NA,NA,NA,NA,NA,NA,NA,2023,NA
"2","0","B",22,4,"pink",NA,NA,"3.42","14.8",3,NA,"0.0","0.0",NA,3,"Y",NA,NA,2023-08-09,"YOSE8","SB",2024-01-09,NA,599,NA,NA,NA,NA,NA,NA,NA,NA,NA,2023,3.42
"2","0","B",29,20,"pink",NA,NA,"2.23","13.2",2,NA,"0.0","0.0",NA,2,"Y",NA,NA,2023-08-09,"YOSE8","SB",2024-01-09,NA,856,NA,NA,NA,NA,NA,NA,NA,NA,NA,2023,2.23
"2","0","B",26,15,"pink",NA,NA,"3.22","15.2",3,NA,"0.0","0.0",NA,2,"Y",NA,NA,2023-08-09,"YOSE8","SB",2024-01-09,NA,95,NA,NA,NA,NA,NA,NA,NA,NA,NA,2023,3.22
"2","0","B",12,12,"pink",NA,NA,"2.95","12.3",3,NA,"0.0","0.0",NA,2,"Y",NA,NA,2023-08-09,"YOSE8","SB",2024-01-09,NA,277,NA,NA,NA,NA,NA,NA,NA,NA,NA,2023,2.95
"2","0","V",6,5,"pink",NA,NA,"1.88","4.3",2,"1.5",NA,NA,NA,NA,"Y",NA,NA,2023-08-09,"YOSE8","SB",2024-01-09,NA,464,NA,NA,NA,NA,NA,NA,NA,NA,NA,2023,1.88
"2","0","V",24,4,"pink",NA,NA,"2.61","3.1",3,"1.0",NA,NA,NA,NA,"N",NA,NA,2023-08-09,"YOSE8","SB",2024-01-09,NA,18,NA,NA,NA,NA,NA,NA,NA,NA,NA,2023,2.61
"2","0","V",17,19,"pink",NA,NA,"1.59","2.1",1,"0.8",NA,NA,NA,NA,"N",NA,NA,2023-08-09,"YOSE8","SB",2024-01-09,NA,502,NA,NA,NA,NA,NA,NA,NA,NA,NA,2023,1.59
"2","0","V",7,31,"pink",NA,NA,"1.2","2.5",1,"1.3",NA,NA,NA,NA,"N","under grass",NA,2023-08-09,"YOSE8","SB",2024-01-09,NA,64,NA,NA,NA,NA,NA,NA,NA,NA,NA,2023,1.2
"2","0","B",39,9,"pink",NA,NA,"1.78","10.4",2,NA,"0.0","0.0",NA,1,"Y",NA,NA,2023-08-09,"YOSE8","SB",2024-01-09,NA,700,NA,NA,NA,NA,NA,NA,NA,NA,NA,2023,1.78
"2","0","B",36,19,"pink",NA,NA,"2.71","8.2",2,NA,"0.0","0.0",NA,1,"Y",NA,NA,2023-08-09,"YOSE8","SB",2024-01-09,NA,739,NA,NA,NA,NA,NA,NA,NA,NA,NA,2023,2.71
"2","0","V",NA,NA,NA,NA,NA,"1.59","2.2",1,"1.64",NA,NA,NA,NA,"Y",NA,NA,2023-08-09,"YOSE8","SB",2024-01-09,NA,NA,NA,NA,NA,NA,NA,NA,NA,NA,NA,2023,1.59
"2","0","V",NA,NA,NA,NA,NA,"0.98","1.7",1,"0.6",NA,NA,NA,NA,"Y",NA,NA,2023-08-09,"YOSE8","SB",2024-01-09,NA,NA,NA,NA,NA,NA,NA,NA,NA,NA,NA,2023,0.5
"2","0","V",NA,NA,NA,NA,NA,"1.0","1.2",1,"0.7",NA,NA,NA,NA,"Y",NA,NA,2023-08-09,"YOSE8","SB",2024-01-09,NA,NA,NA,NA,NA,NA,NA,NA,NA,NA,NA,2023,1
"2","0","F",NA,NA,NA,NA,NA,"1.15","4.2",1,NA,"1.0","0.0",NA,1,"Y",NA,NA,2023-08-09,"YOSE8","SB",2024-01-09,NA,NA,NA,NA,NA,NA,NA,NA,NA,NA,NA,2023,1.15
"2","0","V",NA,NA,NA,NA,NA,"1.25","2.1",2,"1.2",NA,NA,NA,NA,"Y",NA,NA,2023-08-09,"YOSE8","SB",2024-01-09,NA,NA,NA,NA,NA,NA,NA,NA,NA,NA,NA,2023,1.25
"2","0","B",NA,NA,NA,NA,NA,"3.2","15.3",2,NA,"0.0","0.0",NA,1,"Y",NA,NA,2023-08-09,"YOSE8","SB",2024-01-09,NA,NA,NA,NA,NA,NA,NA,NA,NA,NA,NA,2023,3.2
"2","0","B",NA,NA,NA,NA,NA,"1.92","13.3",1,NA,"0.0","0.0",NA,1,"Y","meristem eaten",NA,2023-08-09,"YOSE8","SB",2024-01-09,NA,NA,NA,NA,NA,NA,NA,NA,NA,NA,NA,2023,1.92
"2","0","B",NA,NA,NA,NA,NA,"2.46","15.9",3,NA,"0.0","0.0",NA,3,"Y",NA,NA,2023-08-09,"YOSE8","SB",2024-01-09,NA,NA,NA,NA,NA,NA,NA,NA,NA,NA,NA,2023,2.46
"2","0.5","V",22,46,"pink",NA,NA,"0.92","2.4",1,"0.9",NA,NA,NA,NA,"N",NA,NA,2023-08-09,"YOSE8","SB",2024-01-09,NA,353,NA,NA,NA,NA,NA,NA,NA,NA,NA,2023,0.5
"2","1","V",45,38,"pink",NA,NA,"1.17","4.0",1,"2.1",NA,NA,NA,NA,"N",NA,NA,2023-08-09,"YOSE8","SB",2024-01-09,NA,46,NA,NA,NA,NA,NA,NA,NA,NA,NA,2023,1.17
"2","1","P",38,40,"pink",NA,NA,"0.74","12.9",1,NA,"0.0","1.0",3.6,1,"N",NA,NA,2023-08-09,"YOSE8","SB",2024-01-09,NA,586,NA,NA,NA,NA,NA,NA,NA,NA,NA,2023,0.5
"2","1.5","V",6,18,"red",NA,NA,"2.75","4.7",1,"0.6",NA,NA,NA,NA,"Y","band/plant prev year",NA,2023-08-09,"YOSE8","SB",2024-01-09,NA,NA,NA,NA,NA,NA,NA,NA,NA,NA,NA,2023,2.75
"2","1.5","X",17,7,"red",NA,NA,NA,NA,NA,NA,NA,NA,NA,NA,NA,NA,NA,2023-08-09,"YOSE8","SB",2024-01-09,NA,NA,NA,NA,NA,NA,NA,NA,NA,NA,NA,2023,NA
"2","2.5","V",13,19,"pink",NA,NA,"1.07","1.5",1,"0.9",NA,NA,NA,NA,"Y",NA,NA,2023-08-09,"YOSE8","SB",2024-01-09,NA,707,NA,NA,NA,NA,NA,NA,NA,NA,NA,2023,1.07
"2","5.5","F",3,27,"pink",NA,NA,"1.37","25.7",1,NA,"3.0",NA,NA,1,"N",NA,NA,2023-08-09,"YOSE8","SB",2024-01-09,NA,453,NA,NA,NA,NA,NA,NA,NA,NA,NA,2023,1.37
"2","4.5","F",15,47,"pink",NA,NA,"1.36","6.8",1,NA,"1.0",NA,NA,1,"N",NA,NA,2023-08-09,"YOSE8","SB",2024-01-09,NA,350,NA,NA,NA,NA,NA,NA,NA,NA,NA,2023,1.36
"2","4.5","V",7,5,"pink",NA,NA,"0.64","0.8",1,"0.9",NA,NA,NA,NA,"N",NA,NA,2023-08-09,"YOSE8","SB",2024-01-09,NA,201,NA,NA,NA,NA,NA,NA,NA,NA,NA,2023,0.5
"2","4","P",33,20,"pink",NA,NA,"0.95","11.1",1,NA,"2.0","2.0",3.5,1,"N",NA,NA,2023-08-09,"YOSE8","SB",2024-01-09,NA,127,NA,NA,NA,NA,NA,NA,NA,NA,NA,2023,0.5
"2","3.5","P",50,27,"pink",NA,NA,"2.84","24.3",1,NA,"6.0","3.0",3.4,1,"N",NA,NA,2023-08-09,"YOSE8","SB",2024-01-09,NA,120,NA,NA,NA,NA,NA,NA,NA,NA,NA,2023,2.84
"2","3","F",10,21,"pink",NA,NA,"0.65","7.2",1,NA,"1.0",NA,NA,1,"N",NA,NA,2023-08-09,"YOSE8","SB",2024-01-09,NA,705,NA,NA,NA,NA,NA,NA,NA,NA,NA,2023,0.5
"2","3","B",12,23,"pink",NA,NA,"1.11","11.2",1,NA,NA,NA,NA,1,"Y",NA,NA,2023-08-09,"YOSE8","SB",2024-01-09,NA,683,NA,NA,NA,NA,NA,NA,NA,NA,NA,2023,1.11
"2","3","V",20,17,"pink",NA,NA,"0.4","1.3",1,"0.8",NA,NA,NA,NA,"N",NA,NA,2023-08-09,"YOSE8","SB",2024-01-09,NA,679,NA,NA,NA,NA,NA,NA,NA,NA,NA,2023,0.5
"2","3","P",49,3,"pink",NA,NA,"0.57","14.6",1,NA,"3.0","2.0",5.4,1,"N",NA,NA,2023-08-09,"YOSE8","SB",2024-01-09,NA,467,NA,NA,NA,NA,NA,NA,NA,NA,NA,2023,0.5
"2","3","V",40,37,"pink",NA,NA,"0.34","1.2",1,"0.4",NA,NA,NA,NA,"N",NA,NA,2023-08-09,"YOSE8","SB",2024-01-09,NA,740,NA,NA,NA,NA,NA,NA,NA,NA,NA,2023,0.5
"2","3","F",30,48,"pink",NA,NA,"0.4","4.9",1,NA,"1.0",NA,NA,1,"N",NA,NA,2023-08-09,"YOSE8","SB",2024-01-09,NA,275,NA,NA,NA,NA,NA,NA,NA,NA,NA,2023,0.5
